nearest_station,day_type,ridership,ridership_share_within_day_type,crime_share_within_day_type,station_day_share,hour,hour_share,system_expected_crimes_this_hour,estimated_station_agents,baseline_expected_count,baseline_prob,baseline_rate_per_agent,lookup_key
3rd St/Convention,Weekday,1149.764705882353,0.16155187661688253,0.09644628437922695,0.14202019894558587,0,0.03162316922280091,0.32983193277310924,36.35920386052156,0.04684279671104408,0.04576260494303763,0.0012883339495204265,3rd St/Convention | Weekday | 0
3rd St/Convention,Weekday,1149.764705882353,0.16155187661688253,0.09644628437922695,0.14202019894558587,1,0.03392512876586194,0.3538415366146459,39.0059156975022,0.05025264542522382,0.049010868905931315,0.0012883339495204267,3rd St/Convention | Weekday | 1
3rd St/Convention,Weekday,1149.764705882353,0.16155187661688253,0.09644628437922695,0.14202019894558587,2,0.038644145829137055,0.4030612244897959,44.431674963312524,0.05724283528929226,0.05563528355895597,0.0012883339495204263,3rd St/Convention | Weekday | 2
3rd St/Convention,Weekday,1149.764705882353,0.16155187661688253,0.09644628437922695,0.14202019894558587,3,0.019048715218830028,0.19867947178871548,21.901540451014807,0.028216498109837288,0.027822130655220434,0.0012883339495204265,3rd St/Convention | Weekday | 3
3rd St/Convention,Weekday,1149.764705882353,0.16155187661688253,0.09644628437922695,0.14202019894558587,4,0.010905533335251632,0.1137454981992797,12.538797327695788,0.016154158283426482,0.016024379629865804,0.0012883339495204263,3rd St/Convention | Weekday | 4
3rd St/Convention,Weekday,1149.764705882353,0.16155187661688253,0.09644628437922695,0.14202019894558587,5,0.008747446263631917,0.09123649459783914,10.057504980526438,0.012957425113882986,0.012873839090458694,0.0012883339495204265,3rd St/Convention | Weekday | 5
3rd St/Convention,Weekday,1149.764705882353,0.16155187661688253,0.09644628437922695,0.14202019894558587,6,0.017235922078669468,0.1797719087635054,19.817254879392554,0.02553124224742075,0.0252080762004675,0.0012883339495204265,3rd St/Convention | Weekday | 6
3rd St/Convention,Weekday,1149.764705882353,0.16155187661688253,0.09644628437922695,0.14202019894558587,7,0.042845221995223434,0.44687875150060025,49.26192406580219,0.06346580919267028,0.0614937929629894,0.0012883339495204265,3rd St/Convention | Weekday | 7
3rd St/Convention,Weekday,1149.764705882353,0.16155187661688253,0.09644628437922695,0.14202019894558587,8,0.048139728944263806,0.5021008403361344,55.349361290857665,0.07130846123528366,0.06882538344930578,0.0012883339495204263,3rd St/Convention | Weekday | 8
3rd St/Convention,Weekday,1149.764705882353,0.16155187661688253,0.09644628437922695,0.14202019894558587,9,0.05717492015077835,0.5963385354141657,65.73770525100669,0.08469211743843912,0.0812048781454704,0.0012883339495204263,3rd St/Convention | Weekday | 9
3rd St/Convention,Weekday,1149.764705882353,0.16155187661688253,0.09644628437922695,0.14202019894558587,10,0.056915949702183985,0.5936374549819928,65.43995016934636,0.0843085094580939,0.0808523533930936,0.0012883339495204265,3rd St/Convention | Weekday | 10
3rd St/Convention,Weekday,1149.764705882353,0.16155187661688253,0.09644628437922695,0.14202019894558587,11,0.05599516588495957,0.5840336134453782,64.38126543455411,0.08294456997242201,0.07959783627649342,0.0012883339495204265,3rd St/Convention | Weekday | 11
3rd St/Convention,Weekday,1149.764705882353,0.16155187661688253,0.09644628437922695,0.14202019894558587,12,0.05760653756510229,0.6008403361344538,66.23396372044056,0.08533146407234782,0.08179211896865446,0.0012883339495204265,3rd St/Convention | Weekday | 12
3rd St/Convention,Weekday,1149.764705882353,0.16155187661688253,0.09644628437922695,0.14202019894558587,13,0.05743389059937272,0.5990396158463386,66.03546033266701,0.08507572541878435,0.08155726769247351,0.0012883339495204265,3rd St/Convention | Weekday | 13
3rd St/Convention,Weekday,1149.764705882353,0.16155187661688253,0.09644628437922695,0.14202019894558587,14,0.05898771329093891,0.6152460984393757,67.82199082262893,0.08737737330085565,0.08366876856418415,0.0012883339495204265,3rd St/Convention | Weekday | 14
3rd St/Convention,Weekday,1149.764705882353,0.16155187661688253,0.09644628437922695,0.14202019894558587,15,0.062066584179783044,0.6473589435774311,71.36196790459056,0.09193804595607107,0.0878383401019025,0.0012883339495204265,3rd St/Convention | Weekday | 15
3rd St/Convention,Weekday,1149.764705882353,0.16155187661688253,0.09644628437922695,0.14202019894558587,16,0.05285874600753892,0.5513205282112845,60.775120556667986,0.07829865109935212,0.07531177385348053,0.0012883339495204265,3rd St/Convention | Weekday | 16
3rd St/Convention,Weekday,1149.764705882353,0.16155187661688253,0.09644628437922695,0.14202019894558587,17,0.05006762006157742,0.5222088835534213,57.56598245432895,0.07416420953340919,0.07148079038422439,0.0012883339495204263,3rd St/Convention | Weekday | 17
3rd St/Convention,Weekday,1149.764705882353,0.16155187661688253,0.09644628437922695,0.14202019894558587,18,0.04399620176675395,0.45888355342136855,50.58527998429251,0.06517073354976015,0.06309251182002851,0.0012883339495204265,3rd St/Convention | Weekday | 18
3rd St/Convention,Weekday,1149.764705882353,0.16155187661688253,0.09644628437922695,0.14202019894558587,19,0.03959370414064973,0.4129651860744298,45.52344359606703,0.0586493978838914,0.056962657908364855,0.0012883339495204265,3rd St/Convention | Weekday | 19
3rd St/Convention,Weekday,1149.764705882353,0.16155187661688253,0.09644628437922695,0.14202019894558587,20,0.04022674301499151,0.41956782713085233,46.25128935123671,0.05958710628029083,0.05784653746675472,0.0012883339495204265,3rd St/Convention | Weekday | 20
3rd St/Convention,Weekday,1149.764705882353,0.16155187661688253,0.09644628437922695,0.14202019894558587,21,0.0420970851437286,0.43907563025210083,48.40174271878348,0.06235760836056187,0.06045316309647064,0.0012883339495204265,3rd St/Convention | Weekday | 21
3rd St/Convention,Weekday,1149.764705882353,0.16155187661688253,0.09644628437922695,0.14202019894558587,22,0.039392282680631885,0.4108643457382953,45.29185631033123,0.058351036121400676,0.056681249646238885,0.0012883339495204265,3rd St/Convention | Weekday | 22
3rd St/Convention,Weekday,1149.764705882353,0.16155187661688253,0.09644628437922695,0.14202019894558587,23,0.034471844157338935,0.3595438175270108,39.63450975878511,0.0510624844948415,0.049780705295206285,0.0012883339495204265,3rd St/Convention | Weekday | 23
7th Street,Weekday,610.2647058823529,0.08574746464554629,0.10181579702422429,0.0905679643591497,0,0.03162316922280091,0.32983193277310924,19.298504064820474,0.029872206731904417,0.029430442120682354,0.0015479027095348236,7th Street | Weekday | 0
7th Street,Weekday,610.2647058823529,0.08574746464554629,0.10181579702422429,0.0905679643591497,1,0.03392512876586194,0.3538415366146459,20.70330872831969,0.032046707676902014,0.03153865355688168,0.0015479027095348238,7th Street | Weekday | 1
7th Street,Weekday,610.2647058823529,0.08574746464554629,0.10181579702422429,0.0905679643591497,2,0.038644145829137055,0.4030612244897959,23.58315828849308,0.03650443461414707,0.035846181763318774,0.0015479027095348233,7th Street | Weekday | 2
7th Street,Weekday,610.2647058823529,0.08574746464554629,0.10181579702422429,0.0905679643591497,3,0.019048715218830028,0.19867947178871548,11.624758590456008,0.01799399531985507,0.017833070061142653,0.0015479027095348238,7th Street | Weekday | 3
7th Street,Weekday,610.2647058823529,0.08574746464554629,0.10181579702422429,0.0905679643591497,4,0.010905533335251632,0.1137454981992797,6.655262093327533,0.01030169822692609,0.010248817476704586,0.0015479027095348236,7th Street | Weekday | 4
7th Street,Weekday,610.2647058823529,0.08574746464554629,0.10181579702422429,0.0905679643591497,5,0.008747446263631917,0.09123649459783914,5.338257721297019,0.008263103590990849,0.008229057989161181,0.0015479027095348236,7th Street | Weekday | 5
7th Street,Weekday,610.2647058823529,0.08574746464554629,0.10181579702422429,0.0905679643591497,6,0.017235922078669468,0.1797719087635054,10.518474917950376,0.01628157582566947,0.01614974739784425,0.0015479027095348236,7th Street | Weekday | 6
7th Street,Weekday,610.2647058823529,0.08574746464554629,0.10181579702422429,0.0905679643591497,7,0.042845221995223434,0.44687875150060025,26.14692679937915,0.04047289883876768,0.039664809642422916,0.0015479027095348238,7th Street | Weekday | 7
7th Street,Weekday,610.2647058823529,0.08574746464554629,0.10181579702422429,0.0905679643591497,8,0.048139728944263806,0.5021008403361344,29.377977525427344,0.045474251012262136,0.04445579344875317,0.0015479027095348236,7th Street | Weekday | 8
7th Street,Weekday,610.2647058823529,0.08574746464554629,0.10181579702422429,0.0905679643591497,9,0.05717492015077835,0.5963385354141657,34.891835829661765,0.05400916722137769,0.05257657877825228,0.0015479027095348238,7th Street | Weekday | 9
7th Street,Weekday,610.2647058823529,0.08574746464554629,0.10181579702422429,0.0905679643591497,10,0.056915949702183985,0.5936374549819928,34.733795305018106,0.05376453586506546,0.05234478095036432,0.0015479027095348236,7th Street | Weekday | 10
7th Street,Weekday,610.2647058823529,0.08574746464554629,0.10181579702422429,0.0905679643591497,11,0.05599516588495957,0.5840336134453782,34.171873439618416,0.05289473548706642,0.0515201515031094,0.0015479027095348236,7th Street | Weekday | 11
7th Street,Weekday,610.2647058823529,0.08574746464554629,0.10181579702422429,0.0905679643591497,12,0.05760653756510229,0.6008403361344538,35.15523670406787,0.054416886148564735,0.05296278250251063,0.0015479027095348236,7th Street | Weekday | 12
7th Street,Weekday,610.2647058823529,0.08574746464554629,0.10181579702422429,0.0905679643591497,13,0.05743389059937272,0.5990396158463386,35.049876354305425,0.054253798577689916,0.052808319908058676,0.0015479027095348238,7th Street | Weekday | 13
7th Street,Weekday,610.2647058823529,0.08574746464554629,0.10181579702422429,0.0905679643591497,14,0.05898771329093891,0.6152460984393757,35.99811950216739,0.055721586715563286,0.05419757680357595,0.0015479027095348238,7th Street | Weekday | 14
7th Street,Weekday,610.2647058823529,0.08574746464554629,0.10181579702422429,0.0905679643591497,15,0.062066584179783044,0.6473589435774311,37.8770457395976,0.05862998172949758,0.056944347571974085,0.0015479027095348238,7th Street | Weekday | 15
7th Street,Weekday,610.2647058823529,0.08574746464554629,0.10181579702422429,0.0905679643591497,16,0.05285874600753892,0.5513205282112845,32.25782708560074,0.049931977949507204,0.0487058687226235,0.0015479027095348236,7th Street | Weekday | 16
7th Street,Weekday,610.2647058823529,0.08574746464554629,0.10181579702422429,0.0905679643591497,17,0.05006762006157742,0.5222088835534213,30.554501431107937,0.04729539555369762,0.04619439396268099,0.0015479027095348236,7th Street | Weekday | 17
7th Street,Weekday,610.2647058823529,0.08574746464554629,0.10181579702422429,0.0905679643591497,18,0.04399620176675395,0.45888355342136855,26.849329131128755,0.041560149311266475,0.040708367124913214,0.0015479027095348238,7th Street | Weekday | 18
7th Street,Weekday,610.2647058823529,0.08574746464554629,0.10181579702422429,0.0905679643591497,19,0.03959370414064973,0.4129651860744298,24.162640212186506,0.037401416253958576,0.036710622284634065,0.0015479027095348236,7th Street | Weekday | 19
7th Street,Weekday,610.2647058823529,0.08574746464554629,0.10181579702422429,0.0905679643591497,20,0.04022674301499151,0.41956782713085233,24.54896149464879,0.037999404013832914,0.03728648534503387,0.0015479027095348236,7th Street | Weekday | 20
7th Street,Weekday,610.2647058823529,0.08574746464554629,0.10181579702422429,0.0905679643591497,21,0.0420970851437286,0.43907563025210083,25.6903652837419,0.03976618603164346,0.03898588859142116,0.0015479027095348238,7th Street | Weekday | 21
7th Street,Weekday,610.2647058823529,0.08574746464554629,0.10181579702422429,0.0905679643591497,22,0.039392282680631885,0.4108643457382953,24.03971980413032,0.03721114742127129,0.03652732090147892,0.0015479027095348238,7th Street | Weekday | 22
7th Street,Weekday,610.2647058823529,0.08574746464554629,0.10181579702422429,0.0905679643591497,23,0.034471844157338935,0.3595438175270108,21.036949835900753,0.03256315165133894,0.032038680454674395,0.0015479027095348236,7th Street | Weekday | 23
9th Street,Weekday,402.0882352941176,0.056496871616427934,0.11509611837521007,0.07407664564406259,0,0.03162316922280091,0.32983193277310924,12.71530430720327,0.024432843206129887,0.024136777436848944,0.001921530355532945,9th Street | Weekday | 0
9th Street,Weekday,402.0882352941176,0.056496871616427934,0.11509611837521007,0.07407664564406259,1,0.03392512876586194,0.3538415366146459,13.640895157591135,0.026211394121953724,0.025870857333253783,0.0019215303555329452,9th Street | Weekday | 1
9th Street,Weekday,402.0882352941176,0.056496871616427934,0.11509611837521007,0.07407664564406259,2,0.038644145829137055,0.4030612244897959,15.538356400886254,0.029857423499392577,0.029416093859182757,0.0019215303555329452,9th Street | Weekday | 2
9th Street,Weekday,402.0882352941176,0.056496871616427934,0.11509611837521007,0.07407664564406259,3,0.019048715218830028,0.19867947178871548,7.6592642869595675,0.014717508828442206,0.014609735660713774,0.001921530355532945,9th Street | Weekday | 3
9th Street,Weekday,402.0882352941176,0.056496871616427934,0.11509611837521007,0.07407664564406259,4,0.010905533335251632,0.1137454981992797,4.3849866537125015,0.008425884963715402,0.008390486685381227,0.0019215303555329452,9th Street | Weekday | 4
9th Street,Weekday,402.0882352941176,0.056496871616427934,0.11509611837521007,0.07407664564406259,5,0.008747446263631917,0.09123649459783914,3.5172452314738805,0.006758493480130561,0.006735706227801841,0.001921530355532945,9th Street | Weekday | 5
9th Street,Weekday,402.0882352941176,0.056496871616427934,0.11509611837521007,0.07407664564406259,6,0.017235922078669468,0.1797719087635054,6.9303614922791255,0.01331689998223094,0.013228622365538345,0.0019215303555329452,9th Street | Weekday | 6
9th Street,Weekday,402.0882352941176,0.056496871616427934,0.11509611837521007,0.07407664564406259,7,0.042845221995223434,0.44687875150060025,17.227559702844104,0.03310327892077107,0.032561361589242166,0.0019215303555329452,9th Street | Weekday | 7
9th Street,Weekday,402.0882352941176,0.056496871616427934,0.11509611837521007,0.07407664564406259,8,0.048139728944263806,0.5021008403361344,19.35641865873619,0.03719394602716588,0.03651074768567519,0.001921530355532945,9th Street | Weekday | 8
9th Street,Weekday,402.0882352941176,0.056496871616427934,0.11509611837521007,0.07407664564406259,9,0.05717492015077835,0.5963385354141657,22.989362746508554,0.044174758371774425,0.04321326363035494,0.0019215303555329452,9th Street | Weekday | 9
9th Street,Weekday,402.0882352941176,0.056496871616427934,0.11509611837521007,0.07407664564406259,10,0.056915949702183985,0.5936374549819928,22.885233775839918,0.04397467139374424,0.04302180390999566,0.001921530355532945,9th Street | Weekday | 10
9th Street,Weekday,402.0882352941176,0.056496871616427934,0.11509611837521007,0.07407664564406259,11,0.05599516588495957,0.5840336134453782,22.514997435684773,0.04326325102741471,0.04234074790133102,0.0019215303555329452,9th Street | Weekday | 11
9th Street,Weekday,402.0882352941176,0.056496871616427934,0.11509611837521007,0.07407664564406259,12,0.05760653756510229,0.6008403361344538,23.162911030956277,0.04450823666849139,0.043532278046372386,0.001921530355532945,9th Street | Weekday | 12
9th Street,Weekday,402.0882352941176,0.056496871616427934,0.11509611837521007,0.07407664564406259,13,0.05743389059937272,0.5990396158463386,23.093491717177187,0.044374845349804605,0.04340468504594963,0.0019215303555329452,9th Street | Weekday | 13
9th Street,Weekday,402.0882352941176,0.056496871616427934,0.11509611837521007,0.07407664564406259,14,0.05898771329093891,0.6152460984393757,23.718265541188995,0.045575367217985684,0.0445524095685107,0.001921530355532945,9th Street | Weekday | 14
9th Street,Weekday,402.0882352941176,0.056496871616427934,0.11509611837521007,0.07407664564406259,15,0.062066584179783044,0.6473589435774311,24.956243303582763,0.04795417906790007,0.04682253844336037,0.0019215303555329452,9th Street | Weekday | 15
9th Street,Weekday,402.0882352941176,0.056496871616427934,0.11509611837521007,0.07407664564406259,16,0.05285874600753892,0.5513205282112845,21.253879902031308,0.04083997540460474,0.040017261493786704,0.0019215303555329454,9th Street | Weekday | 16
9th Street,Weekday,402.0882352941176,0.056496871616427934,0.11509611837521007,0.07407664564406259,17,0.05006762006157742,0.5222088835534213,20.131600995936026,0.03868348241916834,0.03794483166501006,0.0019215303555329447,9th Street | Weekday | 17
9th Street,Weekday,402.0882352941176,0.056496871616427934,0.11509611837521007,0.07407664564406259,18,0.04399620176675395,0.45888355342136855,17.690355128038036,0.03399255437868298,0.03342129861030185,0.001921530355532945,9th Street | Weekday | 18
9th Street,Weekday,402.0882352941176,0.056496871616427934,0.11509611837521007,0.07407664564406259,19,0.03959370414064973,0.4129651860744298,15.920162626671248,0.030591075752169905,0.03012790378602681,0.001921530355532945,9th Street | Weekday | 19
9th Street,Weekday,402.0882352941176,0.056496871616427934,0.11509611837521007,0.07407664564406259,20,0.04022674301499151,0.41956782713085233,16.17470011052791,0.031080177254021457,0.030602153697262935,0.001921530355532945,9th Street | Weekday | 20
9th Street,Weekday,402.0882352941176,0.056496871616427934,0.11509611837521007,0.07407664564406259,21,0.0420970851437286,0.43907563025210083,16.92674267646805,0.032525249873128326,0.0320019923041559,0.0019215303555329452,9th Street | Weekday | 21
9th Street,Weekday,402.0882352941176,0.056496871616427934,0.11509611837521007,0.07407664564406259,22,0.039392282680631885,0.4108643457382953,15.839173427262308,0.030435452547035318,0.029976957436770757,0.001921530355532945,9th Street | Weekday | 22
9th Street,Weekday,402.0882352941176,0.056496871616427934,0.11509611837521007,0.07407664564406259,23,0.034471844157338935,0.3595438175270108,13.860722984558251,0.02663379996446188,0.0262822482813867,0.0019215303555329452,9th Street | Weekday | 23
Bland,Weekday,429.61764705882354,0.06036499185876402,0.11271877689879903,0.07607112737077452,0,0.03162316922280091,0.32983193277310924,13.585871554042733,0.025090686968931932,0.024778531860943698,0.0018468220363430216,Bland | Weekday | 0
Bland,Weekday,429.61764705882354,0.06036499185876402,0.11271877689879903,0.07607112737077452,1,0.03392512876586194,0.3538415366146459,14.574833996557217,0.026917124600883306,0.02655808743151089,0.001846822036343022,Bland | Weekday | 1
Bland,Weekday,429.61764705882354,0.06036499185876402,0.11271877689879903,0.07607112737077452,2,0.038644145829137055,0.4030612244897959,16.60220700371191,0.03066132174638361,0.030196031022824754,0.0018468220363430218,Bland | Weekday | 2
Bland,Weekday,429.61764705882354,0.06036499185876402,0.11271877689879903,0.07607112737077452,3,0.019048715218830028,0.19867947178871548,8.18366421180736,0.01511377140439758,0.015000131590425347,0.001846822036343022,Bland | Weekday | 3
Bland,Weekday,429.61764705882354,0.06036499185876402,0.11271877689879903,0.07607112737077452,4,0.010905533335251632,0.1137454981992797,4.68520957141237,0.00865274828136961,0.008615420993752787,0.0018468220363430218,Bland | Weekday | 4
Bland,Weekday,429.61764705882354,0.06036499185876402,0.11271877689879903,0.07607112737077452,5,0.008747446263631917,0.09123649459783914,3.758057281555042,0.006940463001415203,0.006916433611912298,0.0018468220363430216,Bland | Weekday | 5
Bland,Weekday,429.61764705882354,0.06036499185876402,0.11271877689879903,0.07607112737077452,6,0.017235922078669468,0.1797719087635054,7.4048562883272036,0.013675451769235876,0.01358236758457454,0.0018468220363430218,Bland | Weekday | 6
Bland,Weekday,429.61764705882354,0.06036499185876402,0.11271877689879903,0.07607112737077452,7,0.042845221995223434,0.44687875150060025,18.407063461300844,0.03399457042469486,0.03342324727547363,0.0018468220363430218,Bland | Weekday | 7
Bland,Weekday,429.61764705882354,0.06036499185876402,0.11271877689879903,0.07607112737077452,8,0.048139728944263806,0.5021008403361344,20.68167707908416,0.03819537697818301,0.03747513268082814,0.0018468220363430218,Bland | Weekday | 8
Bland,Weekday,429.61764705882354,0.06036499185876402,0.11271877689879903,0.07607112737077452,9,0.05717492015077835,0.5963385354141657,24.56335466595351,0.045364144683592136,0.04435057619185134,0.001846822036343022,Bland | Weekday | 9
Bland,Weekday,429.61764705882354,0.06036499185876402,0.11271877689879903,0.07607112737077452,10,0.056915949702183985,0.5936374549819928,24.45209639117063,0.04515867044999761,0.04415419468393034,0.001846822036343022,Bland | Weekday | 10
Bland,Weekday,429.61764705882354,0.06036499185876402,0.11271877689879903,0.07607112737077452,11,0.05599516588495957,0.5840336134453782,24.056511414164838,0.04442809539721706,0.04345562243560419,0.001846822036343022,Bland | Weekday | 11
Bland,Weekday,429.61764705882354,0.06036499185876402,0.11271877689879903,0.07607112737077452,12,0.05760653756510229,0.6008403361344538,24.748785123924975,0.04570660173958301,0.044677789048714334,0.001846822036343022,Bland | Weekday | 12
Bland,Weekday,429.61764705882354,0.06036499185876402,0.11271877689879903,0.07607112737077452,13,0.05743389059937272,0.5990396158463386,24.67461294073639,0.045569618917186666,0.044546917352577764,0.001846822036343022,Bland | Weekday | 13
Bland,Weekday,429.61764705882354,0.06036499185876402,0.11271877689879903,0.07607112737077452,14,0.05898771329093891,0.6152460984393757,25.342162589433666,0.04680246431875383,0.04572411748994187,0.0018468220363430218,Bland | Weekday | 14
Bland,Weekday,429.61764705882354,0.06036499185876402,0.11271877689879903,0.07607112737077452,15,0.062066584179783044,0.6473589435774311,26.664899856296792,0.0492453246514888,0.048052435154513184,0.0018468220363430223,Bland | Weekday | 15
Bland,Weekday,429.61764705882354,0.06036499185876402,0.11271877689879903,0.07607112737077452,16,0.05285874600753892,0.5513205282112845,22.709050086238854,0.041939574123683314,0.04107227713016137,0.0018468220363430218,Bland | Weekday | 16
Bland,Weekday,429.61764705882354,0.06036499185876402,0.11271877689879903,0.07607112737077452,17,0.05006762006157742,0.5222088835534213,21.50993312469004,0.039725018494942275,0.038946325193361164,0.0018468220363430218,Bland | Weekday | 17
Bland,Weekday,429.61764705882354,0.06036499185876402,0.11271877689879903,0.07607112737077452,18,0.04399620176675395,0.45888355342136855,18.901544682558086,0.03490778924067054,0.03430554042847511,0.0018468220363430218,Bland | Weekday | 18
Bland,Weekday,429.61764705882354,0.06036499185876402,0.11271877689879903,0.07607112737077452,19,0.03959370414064973,0.4129651860744298,17.010154011249135,0.03141472726956355,0.03092641151855602,0.0018468220363430218,Bland | Weekday | 19
Bland,Weekday,429.61764705882354,0.06036499185876402,0.11271877689879903,0.07607112737077452,20,0.04022674301499151,0.41956782713085233,17.282118682940617,0.03191699761835017,0.03141302623154163,0.0018468220363430218,Bland | Weekday | 20
Bland,Weekday,429.61764705882354,0.06036499185876402,0.11271877689879903,0.07607112737077452,21,0.0420970851437286,0.43907563025210083,18.085650667483637,0.03340097819431066,0.0328493245037893,0.0018468220363430218,Bland | Weekday | 21
Bland,Weekday,429.61764705882354,0.06036499185876402,0.11271877689879903,0.07607112737077452,22,0.039392282680631885,0.4108643457382953,16.923619797529117,0.0312549139767678,0.03077152830155061,0.0018468220363430218,Bland | Weekday | 22
Bland,Weekday,429.61764705882354,0.06036499185876402,0.11271877689879903,0.07607112737077452,23,0.034471844157338935,0.3595438175270108,14.809712576654407,0.027350903538471753,0.026980254459946562,0.0018468220363430218,Bland | Weekday | 23
Brooklyn Village,Weekday,925.970588235294,0.1301068692195158,0.048202647866540965,0.10553560281362336,0,0.03162316922280091,0.32983193277310924,29.282124607101203,0.034809011852392574,0.03421014694060187,0.0011887461145476802,Brooklyn Village | Weekday | 0
Brooklyn Village,Weekday,925.970588235294,0.1301068692195158,0.048202647866540965,0.10553560281362336,1,0.03392512876586194,0.3538415366146459,31.413671439283277,0.037342879867125436,0.03665423315459593,0.0011887461145476804,Brooklyn Village | Weekday | 1
Brooklyn Village,Weekday,925.970588235294,0.1301068692195158,0.048202647866540965,0.10553560281362336,2,0.038644145829137055,0.4030612244897959,35.78334244525652,0.04253730929732778,0.04164529068686362,0.0011887461145476804,Brooklyn Village | Weekday | 2
Brooklyn Village,Weekday,925.970588235294,0.1301068692195158,0.048202647866540965,0.10553560281362336,3,0.019048715218830028,0.19867947178871548,17.63855003630664,0.020967757821914363,0.020749462769316995,0.0011887461145476802,Brooklyn Village | Weekday | 3
Brooklyn Village,Weekday,925.970588235294,0.1301068692195158,0.048202647866540965,0.10553560281362336,4,0.010905533335251632,0.1137454981992797,10.098203117462562,0.012004199719796894,0.011932436753689046,0.0011887461145476804,Brooklyn Village | Weekday | 4
Brooklyn Village,Weekday,925.970588235294,0.1301068692195158,0.048202647866540965,0.10553560281362336,5,0.008747446263631917,0.09123649459783914,8.099877962291872,0.009628698455984845,0.009582490963932155,0.0011887461145476802,Brooklyn Village | Weekday | 5
Brooklyn Village,Weekday,925.970588235294,0.1301068692195158,0.048202647866540965,0.10553560281362336,6,0.017235922078669468,0.1797719087635054,15.959956905963258,0.018972336760312243,0.018793494781889963,0.0011887461145476804,Brooklyn Village | Weekday | 6
Brooklyn Village,Weekday,925.970588235294,0.1301068692195158,0.048202647866540965,0.10553560281362336,7,0.042845221995223434,0.44687875150060025,39.6734154139888,0.04716161842421524,0.04606678805143516,0.0011887461145476804,Brooklyn Village | Weekday | 7
Brooklyn Village,Weekday,925.970588235294,0.1301068692195158,0.048202647866540965,0.10553560281362336,8,0.048139728944263806,0.5021008403361344,44.57597312800757,0.0529895148581008,0.051610043566564845,0.0011887461145476802,Brooklyn Village | Weekday | 8
Brooklyn Village,Weekday,925.970588235294,0.1301068692195158,0.048202647866540965,0.10553560281362336,9,0.05717492015077835,0.5963385354141657,52.942294444322194,0.06293494681592726,0.060995443061430565,0.0011887461145476804,Brooklyn Village | Weekday | 9
Brooklyn Village,Weekday,925.970588235294,0.1301068692195158,0.048202647866540965,0.10553560281362336,10,0.056915949702183985,0.5936374549819928,52.70249542570171,0.06264988666426981,0.0607277321249754,0.0011887461145476804,Brooklyn Village | Weekday | 10
Brooklyn Village,Weekday,925.970588235294,0.1301068692195158,0.048202647866540965,0.10553560281362336,11,0.05599516588495957,0.5840336134453782,51.84987669282888,0.06163633945837667,0.05977525273242268,0.0011887461145476804,Brooklyn Village | Weekday | 11
Brooklyn Village,Weekday,925.970588235294,0.1301068692195158,0.048202647866540965,0.10553560281362336,12,0.05760653756510229,0.6008403361344538,53.34195947535633,0.06341004706868966,0.06144145840438653,0.0011887461145476804,Brooklyn Village | Weekday | 12
Brooklyn Village,Weekday,925.970588235294,0.1301068692195158,0.048202647866540965,0.10553560281362336,13,0.05743389059937272,0.5990396158463386,53.18209346294268,0.0632200069675847,0.06126307769504158,0.0011887461145476802,Brooklyn Village | Weekday | 13
Brooklyn Village,Weekday,925.970588235294,0.1301068692195158,0.048202647866540965,0.10553560281362336,14,0.05898771329093891,0.6152460984393757,54.62088757466557,0.06493036787752937,0.06286728435442279,0.0011887461145476804,Brooklyn Village | Weekday | 14
Brooklyn Village,Weekday,925.970588235294,0.1301068692195158,0.048202647866540965,0.10553560281362336,15,0.062066584179783044,0.6473589435774311,57.4718314627091,0.06831941634723458,0.06603789683589156,0.0011887461145476807,Brooklyn Village | Weekday | 15
Brooklyn Village,Weekday,925.970588235294,0.1301068692195158,0.048202647866540965,0.10553560281362336,16,0.05285874600753892,0.5513205282112845,48.945644133980814,0.058183944288303154,0.056523615617734446,0.0011887461145476802,Brooklyn Village | Weekday | 16
Brooklyn Village,Weekday,925.970588235294,0.1301068692195158,0.048202647866540965,0.10553560281362336,17,0.05006762006157742,0.5222088835534213,46.36114359996005,0.05511162932043956,0.0536205016434822,0.0011887461145476802,Brooklyn Village | Weekday | 17
Brooklyn Village,Weekday,925.970588235294,0.1301068692195158,0.048202647866540965,0.10553560281362336,18,0.04399620176675395,0.45888355342136855,40.73918883007984,0.048428552431581666,0.047274593212136784,0.0011887461145476802,Brooklyn Village | Weekday | 18
Brooklyn Village,Weekday,925.970588235294,0.1301068692195158,0.048202647866540965,0.10553560281362336,19,0.03959370414064973,0.4129651860744298,36.662605513531624,0.043582529853405085,0.04264645941683598,0.0011887461145476804,Brooklyn Village | Weekday | 19
Brooklyn Village,Weekday,925.970588235294,0.1301068692195158,0.048202647866540965,0.10553560281362336,20,0.04022674301499151,0.41956782713085233,37.248780892381696,0.044279343557456614,0.04331332411632294,0.0011887461145476802,Brooklyn Village | Weekday | 20
Brooklyn Village,Weekday,925.970588235294,0.1301068692195158,0.048202647866540965,0.10553560281362336,21,0.0420970851437286,0.43907563025210083,38.980662693529624,0.04633811131942706,0.04528089372353461,0.0011887461145476804,Brooklyn Village | Weekday | 21
Brooklyn Village,Weekday,925.970588235294,0.1301068692195158,0.048202647866540965,0.10553560281362336,22,0.039392282680631885,0.4108643457382953,36.47609516571569,0.043360816402115955,0.04243417772726599,0.0011887461145476804,Brooklyn Village | Weekday | 22
Brooklyn Village,Weekday,925.970588235294,0.1301068692195158,0.048202647866540965,0.10553560281362336,23,0.034471844157338935,0.3595438175270108,31.919913811926516,0.037944673520624486,0.03723379411766303,0.0011887461145476804,Brooklyn Village | Weekday | 23
Carson,Weekday,293.2352941176471,0.041202092752233674,0.043734885436734025,0.041961930557583786,0,0.03162316922280091,0.32983193277310924,9.273029327980149,0.013840384658698853,0.013745046878954281,0.001492541883474617,Carson | Weekday | 0
Carson,Weekday,293.2352941176471,0.041202092752233674,0.043734885436734025,0.041961930557583786,1,0.03392512876586194,0.3538415366146459,9.948045111636576,0.014847873987812512,0.014738187846539574,0.001492541883474617,Carson | Weekday | 1
Carson,Weekday,293.2352941176471,0.041202092752233674,0.043734885436734025,0.041961930557583786,2,0.038644145829137055,0.4030612244897959,11.331827468132248,0.016913227112495505,0.016771001447328793,0.001492541883474617,Carson | Weekday | 2
Carson,Weekday,293.2352941176471,0.041202092752233674,0.043734885436734025,0.041961930557583786,3,0.019048715218830028,0.19867947178871548,5.585755609756923,0.008336974198415505,0.00830231800515946,0.0014925418834746168,Carson | Weekday | 3
Carson,Weekday,293.2352941176471,0.041202092752233674,0.043734885436734025,0.041961930557583786,4,0.010905533335251632,0.1137454981992797,3.197887275072317,0.0047729806966759466,0.004761608125192995,0.001492541883474617,Carson | Weekday | 4
Carson,Weekday,293.2352941176471,0.041202092752233674,0.043734885436734025,0.041961930557583786,5,0.008747446263631917,0.09123649459783914,2.565059977894418,0.0038284594506318944,0.003821140243158161,0.001492541883474617,Carson | Weekday | 5
Carson,Weekday,293.2352941176471,0.041202092752233674,0.043734885436734025,0.041961930557583786,6,0.017235922078669468,0.1797719087635054,5.054180680127488,0.007543576351738502,0.007515194990147411,0.001492541883474617,Carson | Weekday | 6
Carson,Weekday,293.2352941176471,0.041202092752233674,0.043734885436734025,0.041961930557583786,7,0.042845221995223434,0.44687875150060025,12.563731273305224,0.01875189513812793,0.0185771721858059,0.0014925418834746173,Carson | Weekday | 7
Carson,Weekday,293.2352941176471,0.041202092752233674,0.043734885436734025,0.041961930557583786,8,0.048139728944263806,0.5021008403361344,14.116267575715005,0.02106912059508934,0.020848717288962093,0.001492541883474617,Carson | Weekday | 8
Carson,Weekday,293.2352941176471,0.041202092752233674,0.043734885436734025,0.041961930557583786,9,0.05717492015077835,0.5963385354141657,16.765704526566477,0.02502351621186044,0.02471302329651115,0.001492541883474617,Carson | Weekday | 9
Carson,Weekday,293.2352941176471,0.041202092752233674,0.043734885436734025,0.041961930557583786,10,0.056915949702183985,0.5936374549819928,16.68976525090513,0.024910173662335153,0.024602475519287625,0.0014925418834746168,Carson | Weekday | 10
Carson,Weekday,293.2352941176471,0.041202092752233674,0.043734885436734025,0.041961930557583786,11,0.05599516588495957,0.5840336134453782,16.419758937442555,0.02450717793068969,0.024209315264633102,0.001492541883474617,Carson | Weekday | 11
Carson,Weekday,293.2352941176471,0.041202092752233674,0.043734885436734025,0.041961930557583786,12,0.05760653756510229,0.6008403361344538,16.892269986002056,0.025212420461069248,0.024897241750236332,0.0014925418834746168,Carson | Weekday | 12
Carson,Weekday,293.2352941176471,0.041202092752233674,0.043734885436734025,0.041961930557583786,13,0.05743389059937272,0.5990396158463386,16.841643802227825,0.025136858761385727,0.02482355854467777,0.001492541883474617,Carson | Weekday | 13
Carson,Weekday,293.2352941176471,0.041202092752233674,0.043734885436734025,0.041961930557583786,14,0.05898771329093891,0.6152460984393757,17.29727945619591,0.025816914058537442,0.02548650700299182,0.001492541883474617,Carson | Weekday | 14
Carson,Weekday,293.2352941176471,0.041202092752233674,0.043734885436734025,0.041961930557583786,15,0.062066584179783044,0.6473589435774311,18.20011306683638,0.02716443103622696,0.026798796115292123,0.0014925418834746173,Carson | Weekday | 15
Carson,Weekday,293.2352941176471,0.041202092752233674,0.043734885436734025,0.041961930557583786,16,0.05285874600753892,0.5513205282112845,15.500049932210677,0.023134473719772335,0.022868923512498585,0.001492541883474617,Carson | Weekday | 16
Carson,Weekday,293.2352941176471,0.041202092752233674,0.043734885436734025,0.041961930557583786,17,0.05006762006157742,0.5222088835534213,14.68159329452726,0.02191289290822202,0.021674549575476654,0.0014925418834746168,Carson | Weekday | 17
Carson,Weekday,293.2352941176471,0.041202092752233674,0.043734885436734025,0.041961930557583786,18,0.04399620176675395,0.45888355342136855,12.901239165133438,0.019255639802684757,0.019071434197614034,0.001492541883474617,Carson | Weekday | 18
Carson,Weekday,293.2352941176471,0.041202092752233674,0.043734885436734025,0.041961930557583786,19,0.03959370414064973,0.4129651860744298,11.610271478890525,0.01732881646075489,0.01717953604883271,0.0014925418834746168,Carson | Weekday | 19
Carson,Weekday,293.2352941176471,0.041202092752233674,0.043734885436734025,0.041961930557583786,20,0.04022674301499151,0.41956782713085233,11.79590081939604,0.017605876026261146,0.017451798141395525,0.001492541883474617,Carson | Weekday | 20
Carson,Weekday,293.2352941176471,0.041202092752233674,0.043734885436734025,0.041961930557583786,21,0.0420970851437286,0.43907563025210083,12.344351143616887,0.01842446110616599,0.018255768335827538,0.0014925418834746168,Carson | Weekday | 21
Carson,Weekday,293.2352941176471,0.041202092752233674,0.043734885436734025,0.041961930557583786,22,0.039392282680631885,0.4108643457382953,11.551207597820586,0.017240661144457443,0.017092891380931508,0.001492541883474617,Carson | Weekday | 22
Carson,Weekday,293.2352941176471,0.041202092752233674,0.043734885436734025,0.041961930557583786,23,0.034471844157338935,0.3595438175270108,10.108361360254976,0.015087152703477004,0.014973911824554875,0.001492541883474617,Carson | Weekday | 23
CTC/Arena,Weekday,2565.676470588235,0.36049971485011034,0.3613149157683322,0.3607442751255769,0,0.03162316922280091,0.32983193277310924,81.13482120037034,0.1189849815015033,0.11217886559780343,0.0014665094436784214,CTC/Arena | Weekday | 0
CTC/Arena,Weekday,2565.676470588235,0.36049971485011034,0.3613149157683322,0.3607442751255769,1,0.03392512876586194,0.3538415366146459,87.04090463624807,0.12764630863537071,0.11983536927275906,0.0014665094436784216,CTC/Arena | Weekday | 1
CTC/Arena,Weekday,2565.676470588235,0.36049971485011034,0.3613149157683322,0.3607442751255769,2,0.038644145829137055,0.4030612244897959,99.14837567979743,0.14540202925979884,0.13532540126512815,0.0014665094436784212,CTC/Arena | Weekday | 2
CTC/Arena,Weekday,2565.676470588235,0.36049971485011034,0.3613149157683322,0.3607442751255769,3,0.019048715218830028,0.19867947178871548,48.87284043188823,0.07167248203275267,0.06916428868778546,0.0014665094436784214,CTC/Arena | Weekday | 3
CTC/Arena,Weekday,2565.676470588235,0.36049971485011034,0.3613149157683322,0.3607442751255769,4,0.010905533335251632,0.1137454981992797,27.98007027747075,0.041033037296696766,0.040202579688142115,0.0014665094436784214,CTC/Arena | Weekday | 4
CTC/Arena,Weekday,2565.676470588235,0.36049971485011034,0.3613149157683322,0.3607442751255769,5,0.008747446263631917,0.09123649459783914,22.44311705633538,0.03291304310869609,0.03237730260748162,0.0014665094436784214,CTC/Arena | Weekday | 5
CTC/Arena,Weekday,2565.676470588235,0.36049971485011034,0.3613149157683322,0.3607442751255769,6,0.017235922078669468,0.1797719087635054,44.22179972613451,0.0648516869148321,0.0627935469493538,0.0014665094436784216,CTC/Arena | Weekday | 6
CTC/Arena,Weekday,2565.676470588235,0.36049971485011034,0.3613149157683322,0.3607442751255769,7,0.042845221995223434,0.44687875150060025,109.92697795027428,0.16120895127910684,0.1488857888773174,0.0014665094436784214,CTC/Arena | Weekday | 7
CTC/Arena,Weekday,2565.676470588235,0.36049971485011034,0.3613149157683322,0.3607442751255769,8,0.048139728944263806,0.5021008403361344,123.51096985279307,0.18113000368700183,0.16567311392633244,0.0014665094436784212,CTC/Arena | Weekday | 8
CTC/Arena,Weekday,2565.676470588235,0.36049971485011034,0.3613149157683322,0.3607442751255769,9,0.05717492015077835,0.5963385354141657,146.69234733861316,0.21512571268743136,0.1935599459417483,0.0014665094436784214,CTC/Arena | Weekday | 9
CTC/Arena,Weekday,2565.676470588235,0.36049971485011034,0.3613149157683322,0.3607442751255769,10,0.056915949702183985,0.5936374549819928,146.02791295207692,0.21415131338487128,0.19277376835227333,0.0014665094436784214,CTC/Arena | Weekday | 10
CTC/Arena,Weekday,2565.676470588235,0.36049971485011034,0.3613149157683322,0.3607442751255769,11,0.05599516588495957,0.5840336134453782,143.66547957772582,0.21068678253132433,0.18997225800963213,0.0014665094436784216,CTC/Arena | Weekday | 11
CTC/Arena,Weekday,2565.676470588235,0.36049971485011034,0.3613149157683322,0.3607442751255769,12,0.05760653756510229,0.6008403361344538,147.79973798284024,0.21674971152503147,0.19486854078627558,0.0014665094436784212,CTC/Arena | Weekday | 12
CTC/Arena,Weekday,2565.676470588235,0.36049971485011034,0.3613149157683322,0.3607442751255769,13,0.05743389059937272,0.5990396158463386,147.3567817251494,0.21610011198999146,0.194345357853427,0.0014665094436784216,CTC/Arena | Weekday | 13
CTC/Arena,Weekday,2565.676470588235,0.36049971485011034,0.3613149157683322,0.3607442751255769,14,0.05898771329093891,0.6152460984393757,151.34338804436686,0.2219465078053519,0.19904179179887915,0.0014665094436784214,CTC/Arena | Weekday | 14
CTC/Arena,Weekday,2565.676470588235,0.36049971485011034,0.3613149157683322,0.3607442751255769,15,0.062066584179783044,0.6473589435774311,159.24277463985334,0.2335310328468996,0.20826697437076058,0.0014665094436784216,CTC/Arena | Weekday | 15
CTC/Arena,Weekday,2565.676470588235,0.36049971485011034,0.3613149157683322,0.3607442751255769,16,0.05285874600753892,0.5513205282112845,135.6184408963424,0.19888572431143,0.1803564466872689,0.0014665094436784216,CTC/Arena | Weekday | 16
CTC/Arena,Weekday,2565.676470588235,0.36049971485011034,0.3613149157683322,0.3607442751255769,17,0.05006762006157742,0.5222088835534213,128.45731473034067,0.18838386516161576,0.17170330804443057,0.0014665094436784212,CTC/Arena | Weekday | 17
CTC/Arena,Weekday,2565.676470588235,0.36049971485011034,0.3613149157683322,0.3607442751255769,18,0.04399620176675395,0.45888355342136855,112.88001966821315,0.16553961484604054,0.1525637085182585,0.0014665094436784214,CTC/Arena | Weekday | 18
CTC/Arena,Weekday,2565.676470588235,0.36049971485011034,0.3613149157683322,0.3607442751255769,19,0.03959370414064973,0.4129651860744298,101.58463509709699,0.14897482670251916,0.13840919629242376,0.0014665094436784214,CTC/Arena | Weekday | 19
CTC/Arena,Weekday,2565.676470588235,0.36049971485011034,0.3613149157683322,0.3607442751255769,20,0.04022674301499151,0.41956782713085233,103.20880804196337,0.1513566916643327,0.14045894715524776,0.0014665094436784214,CTC/Arena | Weekday | 20
CTC/Arena,Weekday,2565.676470588235,0.36049971485011034,0.3613149157683322,0.3607442751255769,21,0.0420970851437286,0.43907563025210083,108.00750083361402,0.15839401996059993,0.14648658561684458,0.0014665094436784214,CTC/Arena | Weekday | 21
CTC/Arena,Weekday,2565.676470588235,0.36049971485011034,0.3613149157683322,0.3607442751255769,22,0.039392282680631885,0.4108643457382953,101.06785279645767,0.14821696057830575,0.13775597831473674,0.0014665094436784216,CTC/Arena | Weekday | 22
CTC/Arena,Weekday,2565.676470588235,0.36049971485011034,0.3613149157683322,0.3607442751255769,23,0.034471844157338935,0.3595438175270108,88.44359945226903,0.1297033738296642,0.12164406436022679,0.0014665094436784216,CTC/Arena | Weekday | 23
East/West,Weekday,740.3823529411765,0.10403011844051939,0.12067057425093249,0.10902225518364334,0,0.03162316922280091,0.32983193277310924,23.41323643663433,0.03595902114250421,0.035320175849800406,0.0015358415415922457,East/West | Weekday | 0
East/West,Weekday,740.3823529411765,0.10403011844051939,0.12067057425093249,0.10902225518364334,1,0.03392512876586194,0.3538415366146459,25.117566659501254,0.0385766022993744,0.03784200159822293,0.001535841541592246,East/West | Weekday | 1
East/West,Weekday,740.3823529411765,0.10403011844051939,0.12067057425093249,0.10902225518364334,2,0.038644145829137055,0.4030612244897959,28.611443616378445,0.043942643670958285,0.04299115358679173,0.0015358415415922457,East/West | Weekday | 2
East/West,Weekday,740.3823529411765,0.10403011844051939,0.12067057425093249,0.10902225518364334,3,0.019048715218830028,0.19867947178871548,14.103332594223772,0.021660484073100807,0.021427580420878445,0.001535841541592246,East/West | Weekday | 3
East/West,Weekday,740.3823529411765,0.10403011844051939,0.12067057425093249,0.10902225518364334,4,0.010905533335251632,0.1137454981992797,8.07426443083204,0.012400790730672516,0.012324217773859836,0.0015358415415922457,East/West | Weekday | 4
East/West,Weekday,740.3823529411765,0.10403011844051939,0.12067057425093249,0.10902225518364334,5,0.008747446263631917,0.09123649459783914,6.476454846894302,0.009946808396106715,0.009897502511618583,0.0015358415415922455,East/West | Weekday | 5
East/West,Weekday,740.3823529411765,0.10403011844051939,0.12067057425093249,0.10902225518364334,6,0.017235922078669468,0.1797719087635054,12.761172543716073,0.019599138912065533,0.019408324422274692,0.0015358415415922457,East/West | Weekday | 6
East/West,Weekday,740.3823529411765,0.10403011844051939,0.12067057425093249,0.10902225518364334,7,0.042845221995223434,0.44687875150060025,31.721846273110575,0.048719729282246375,0.04755196441163756,0.0015358415415922455,East/West | Weekday | 7
East/West,Weekday,740.3823529411765,0.10403011844051939,0.12067057425093249,0.10902225518364334,8,0.048139728944263806,0.5021008403361344,35.64180578570449,0.05474016594304781,0.05326889101753618,0.0015358415415922457,East/West | Weekday | 8
East/West,Weekday,740.3823529411765,0.10403011844051939,0.12067057425093249,0.10902225518364334,9,0.05717492015077835,0.5963385354141657,42.331301910457164,0.0650141719837633,0.0629458166333704,0.0015358415415922457,East/West | Weekday | 9
East/West,Weekday,740.3823529411765,0.10403011844051939,0.12067057425093249,0.10902225518364334,10,0.056915949702183985,0.5936374549819928,42.13956476038463,0.0647196941036154,0.06266983427051265,0.0015358415415922457,East/West | Weekday | 10
East/West,Weekday,740.3823529411765,0.10403011844051939,0.12067057425093249,0.10902225518364334,11,0.05599516588495957,0.5840336134453782,41.45783267123786,0.06367266164086732,0.061687905192576054,0.0015358415415922457,East/West | Weekday | 11
East/West,Weekday,740.3823529411765,0.10403011844051939,0.12067057425093249,0.10902225518364334,12,0.05760653756510229,0.6008403361344538,42.650863827244706,0.06550496845067645,0.06340560667497941,0.0015358415415922455,East/West | Weekday | 12
East/West,Weekday,740.3823529411765,0.10403011844051939,0.12067057425093249,0.10902225518364334,13,0.05743389059937272,0.5990396158463386,42.52303906052969,0.0653086498639112,0.06322171773749197,0.0015358415415922457,East/West | Weekday | 13
East/West,Weekday,740.3823529411765,0.10403011844051939,0.12067057425093249,0.10902225518364334,14,0.05898771329093891,0.6152460984393757,43.67346196096486,0.06707551714479856,0.06487541926809093,0.0015358415415922455,East/West | Weekday | 14
East/West,Weekday,740.3823529411765,0.10403011844051939,0.12067057425093249,0.10902225518364334,15,0.062066584179783044,0.6473589435774311,45.95300363404937,0.07057653194211246,0.06814357998486897,0.001535841541592246,East/West | Weekday | 15
East/West,Weekday,740.3823529411765,0.10403011844051939,0.12067057425093249,0.10902225518364334,16,0.05285874600753892,0.5513205282112845,39.13568274258168,0.0601062073146317,0.05833548338651773,0.001535841541592246,East/West | Weekday | 16
East/West,Weekday,740.3823529411765,0.10403011844051939,0.12067057425093249,0.10902225518364334,17,0.05006762006157742,0.5222088835534213,37.069182347355536,0.05693239016192659,0.05534206462244062,0.0015358415415922457,East/West | Weekday | 17
East/West,Weekday,740.3823529411765,0.10403011844051939,0.12067057425093249,0.10902225518364334,18,0.04399620176675395,0.45888355342136855,32.574011384544036,0.05002851986068147,0.04879770404309591,0.0015358415415922457,East/West | Weekday | 18
East/West,Weekday,740.3823529411765,0.10403011844051939,0.12067057425093249,0.10902225518364334,19,0.03959370414064973,0.4129651860744298,29.314479833311047,0.045022395898167235,0.044023928349400276,0.0015358415415922457,East/West | Weekday | 19
East/West,Weekday,740.3823529411765,0.10403011844051939,0.12067057425093249,0.10902225518364334,20,0.04022674301499151,0.41956782713085233,29.783170644599448,0.04574223071630654,0.044711825595184496,0.0015358415415922457,East/West | Weekday | 20
East/West,Weekday,740.3823529411765,0.10403011844051939,0.12067057425093249,0.10902225518364334,21,0.0420970851437286,0.43907563025210083,31.167938950678824,0.047869015406263565,0.046741358903820474,0.0015358415415922457,East/West | Weekday | 21
East/West,Weekday,740.3823529411765,0.10403011844051939,0.12067057425093249,0.10902225518364334,22,0.039392282680631885,0.4108643457382953,29.16535093881019,0.04479335754694109,0.04380494808965629,0.0015358415415922457,East/West | Weekday | 22
East/West,Weekday,740.3823529411765,0.10403011844051939,0.12067057425093249,0.10902225518364334,23,0.034471844157338935,0.3595438175270108,25.522345087432146,0.039198277824131066,0.03843996578766917,0.0015358415415922457,East/West | Weekday | 23
3rd St/Convention,Saturday,641.2058823529412,0.10467662169299467,0.09648946840521565,0.10222047570666096,0,0.03162316922280091,0.32983193277310924,20.276962124302432,0.033715577071314645,0.03315354116457503,0.001662752875141277,3rd St/Convention | Saturday | 0
3rd St/Convention,Saturday,641.2058823529412,0.10467662169299467,0.09648946840521565,0.10222047570666096,1,0.03392512876586194,0.3538415366146459,21.752992124251655,0.03616985019752499,0.03552353694755628,0.001662752875141277,3rd St/Convention | Saturday | 1
3rd St/Convention,Saturday,641.2058823529412,0.10467662169299467,0.09648946840521565,0.10222047570666096,2,0.038644145829137055,0.4030612244897959,24.77885362414756,0.041201110106256204,0.040363881981537286,0.001662752875141277,3rd St/Convention | Saturday | 2
3rd St/Convention,Saturday,641.2058823529412,0.10467662169299467,0.09648946840521565,0.10222047570666096,3,0.019048715218830028,0.19867947178871548,12.214148249579807,0.02030911011939062,0.020104269198467972,0.0016627528751412771,3rd St/Convention | Saturday | 3
3rd St/Convention,Saturday,641.2058823529412,0.10467662169299467,0.09648946840521565,0.10222047570666096,4,0.010905533335251632,0.1137454981992797,6.9926921247594365,0.011627118935421519,0.011559785206471052,0.0016627528751412771,3rd St/Convention | Saturday | 4
3rd St/Convention,Saturday,641.2058823529412,0.10467662169299467,0.09648946840521565,0.10222047570666096,5,0.008747446263631917,0.09123649459783914,5.608913999807043,0.00932623787959932,0.009282883405833497,0.001662752875141277,3rd St/Convention | Saturday | 5
3rd St/Convention,Saturday,641.2058823529412,0.10467662169299467,0.09648946840521565,0.10222047570666096,6,0.017235922078669468,0.1797719087635054,11.051774624619796,0.018376370032499974,0.018208554066378002,0.0016627528751412771,3rd St/Convention | Saturday | 6
3rd St/Convention,Saturday,641.2058823529412,0.10467662169299467,0.09648946840521565,0.10222047570666096,7,0.042845221995223434,0.44687875150060025,27.472608374054886,0.045680158561590085,0.044652526959446104,0.0016627528751412771,3rd St/Convention | Saturday | 7
3rd St/Convention,Saturday,641.2058823529412,0.10467662169299467,0.09648946840521565,0.10222047570666096,8,0.048139728944263806,0.5021008403361344,30.867477373938097,0.051324986751873886,0.05003010726901935,0.001662752875141277,3rd St/Convention | Saturday | 8
3rd St/Convention,Saturday,641.2058823529412,0.10467662169299467,0.09648946840521565,0.10222047570666096,9,0.05717492015077835,0.5963385354141657,36.66089512373879,0.0609580087722495,0.059137253071584794,0.0016627528751412771,3rd St/Convention | Saturday | 9
3rd St/Convention,Saturday,641.2058823529412,0.10467662169299467,0.09648946840521565,0.10222047570666096,10,0.056915949702183985,0.5936374549819928,36.494841748744506,0.060681903045550836,0.058877439612779026,0.001662752875141277,3rd St/Convention | Saturday | 10
3rd St/Convention,Saturday,641.2058823529412,0.10467662169299467,0.09648946840521565,0.10222047570666096,11,0.05599516588495957,0.5840336134453782,35.90442974876481,0.0597001937950667,0.05795307723609766,0.0016627528751412774,3rd St/Convention | Saturday | 11
3rd St/Convention,Saturday,641.2058823529412,0.10467662169299467,0.09648946840521565,0.10222047570666096,12,0.05760653756510229,0.6008403361344538,36.93765074872927,0.061418184983413934,0.059570116121414274,0.001662752875141277,3rd St/Convention | Saturday | 12
3rd St/Convention,Saturday,641.2058823529412,0.10467662169299467,0.09648946840521565,0.10222047570666096,13,0.05743389059937272,0.5990396158463386,36.82694849873308,0.06123411449894817,0.059396994804309045,0.0016627528751412771,3rd St/Convention | Saturday | 13
3rd St/Convention,Saturday,641.2058823529412,0.10467662169299467,0.09648946840521565,0.10222047570666096,14,0.05898771329093891,0.6152460984393757,37.8232687486988,0.06289074885914014,0.060953940061432954,0.0016627528751412771,3rd St/Convention | Saturday | 14
3rd St/Convention,Saturday,641.2058823529412,0.10467662169299467,0.09648946840521565,0.10222047570666096,15,0.062066584179783044,0.6473589435774311,39.79745887363089,0.06617333916544649,0.06403138978824652,0.0016627528751412771,3rd St/Convention | Saturday | 15
3rd St/Convention,Saturday,641.2058823529412,0.10467662169299467,0.09648946840521565,0.10222047570666096,16,0.05285874600753892,0.5513205282112845,33.893338873834004,0.0563562466606051,0.05479764927637876,0.001662752875141277,3rd St/Convention | Saturday | 16
3rd St/Convention,Saturday,641.2058823529412,0.10467662169299467,0.09648946840521565,0.10222047570666096,17,0.05006762006157742,0.5222088835534213,32.10365249889557,0.053380440495075045,0.05198072105599605,0.0016627528751412767,3rd St/Convention | Saturday | 17
3rd St/Convention,Saturday,641.2058823529412,0.10467662169299467,0.09648946840521565,0.10222047570666096,18,0.04399620176675395,0.45888355342136855,28.2106233740295,0.04690729512469526,0.04582414975647264,0.0016627528751412771,3rd St/Convention | Saturday | 18
3rd St/Convention,Saturday,641.2058823529412,0.10467662169299467,0.09648946840521565,0.10222047570666096,19,0.03959370414064973,0.4129651860744298,25.387715999126613,0.04221349777081797,0.04133491413646284,0.0016627528751412767,3rd St/Convention | Saturday | 19
3rd St/Convention,Saturday,641.2058823529412,0.10467662169299467,0.09648946840521565,0.10222047570666096,20,0.04022674301499151,0.41956782713085233,25.793624249112646,0.042888422880525814,0.041981722976395686,0.001662752875141277,3rd St/Convention | Saturday | 20
3rd St/Convention,Saturday,641.2058823529412,0.10467662169299467,0.09648946840521565,0.10222047570666096,21,0.0420970851437286,0.43907563025210083,26.99289862407139,0.04488251979557172,0.04389020078989636,0.001662752875141277,3rd St/Convention | Saturday | 21
3rd St/Convention,Saturday,641.2058823529412,0.10467662169299467,0.09648946840521565,0.10222047570666096,22,0.039392282680631885,0.4108643457382953,25.258563374131054,0.04199874887227456,0.04112901975819738,0.001662752875141277,3rd St/Convention | Saturday | 22
3rd St/Convention,Saturday,641.2058823529412,0.10467662169299467,0.09648946840521565,0.10222047570666096,23,0.034471844157338935,0.3595438175270108,22.10354924923959,0.03675274006499995,0.03608555669156788,0.0016627528751412771,3rd St/Convention | Saturday | 23
7th Street,Saturday,563.8823529411765,0.09205358428962404,0.12477432296890673,0.10186980589340885,0,0.03162316922280091,0.32983193277310924,17.83174706880997,0.03359991496904452,0.03304170720322275,0.0018842749865948419,7th Street | Saturday | 0
7th Street,Saturday,563.8823529411765,0.09205358428962404,0.12477432296890673,0.10186980589340885,1,0.03392512876586194,0.3538415366146459,19.12978143232662,0.0360457686519595,0.03540385579240135,0.0018842749865948419,7th Street | Saturday | 1
7th Street,Saturday,563.8823529411765,0.09205358428962404,0.12477432296890673,0.10186980589340885,2,0.038644145829137055,0.4030612244897959,21.790751877535754,0.0410597687019352,0.040228236079014046,0.0018842749865948414,7th Street | Saturday | 2
7th Street,Saturday,563.8823529411765,0.09205358428962404,0.12477432296890673,0.10186980589340885,3,0.019048715218830028,0.19867947178871548,10.741234358100273,0.020239439226121446,0.020035996609313877,0.0018842749865948416,7th Street | Saturday | 3
7th Street,Saturday,563.8823529411765,0.09205358428962404,0.12477432296890673,0.10186980589340885,4,0.010905533335251632,0.1137454981992797,6.149437797160126,0.01158723182280971,0.01152035839400789,0.0018842749865948416,7th Street | Saturday | 4
7th Street,Saturday,563.8823529411765,0.09205358428962404,0.12477432296890673,0.10186980589340885,5,0.008747446263631917,0.09123649459783914,4.9325305813632685,0.009294243995076919,0.009251186009752166,0.0018842749865948416,7th Street | Saturday | 5
7th Street,Saturday,563.8823529411765,0.09205358428962404,0.12477432296890673,0.10186980589340885,6,0.017235922078669468,0.1797719087635054,9.719032296830912,0.0183133294508259,0.018146659411626742,0.0018842749865948416,7th Street | Saturday | 6
7th Street,Saturday,563.8823529411765,0.09205358428962404,0.12477432296890673,0.10186980589340885,7,0.042845221995223434,0.44687875150060025,24.159664590953636,0.045523451673255035,0.044502805698797054,0.0018842749865948416,7th Street | Saturday | 7
7th Street,Saturday,563.8823529411765,0.09205358428962404,0.12477432296890673,0.10186980589340885,8,0.048139728944263806,0.5021008403361344,27.145143627041932,0.051148915143959486,0.04986282981656309,0.0018842749865948416,7th Street | Saturday | 8
7th Street,Saturday,563.8823529411765,0.09205358428962404,0.12477432296890673,0.10186980589340885,9,0.05717492015077835,0.5963385354141657,32.23992850384478,0.060748890849400786,0.05894048123471951,0.0018842749865948419,7th Street | Saturday | 9
7th Street,Saturday,563.8823529411765,0.09205358428962404,0.12477432296890673,0.10186980589340885,10,0.056915949702183985,0.5936374549819928,32.09389963794916,0.060473732310072845,0.058681505043994164,0.0018842749865948419,7th Street | Saturday | 10
7th Street,Saturday,563.8823529411765,0.09205358428962404,0.12477432296890673,0.10186980589340885,11,0.05599516588495957,0.5840336134453782,31.574685892542497,0.05949539083690686,0.057760123481514825,0.0018842749865948419,7th Street | Saturday | 11
7th Street,Saturday,563.8823529411765,0.09205358428962404,0.12477432296890673,0.10186980589340885,12,0.05760653756510229,0.6008403361344538,32.48330994700415,0.06120748841494734,0.059371949896258935,0.0018842749865948416,7th Street | Saturday | 12
7th Street,Saturday,563.8823529411765,0.09205358428962404,0.12477432296890673,0.10186980589340885,13,0.05743389059937272,0.5990396158463386,32.3859573697404,0.06102404938872872,0.05919938617573739,0.0018842749865948419,7th Street | Saturday | 13
7th Street,Saturday,563.8823529411765,0.09205358428962404,0.12477432296890673,0.10186980589340885,14,0.05898771329093891,0.6152460984393757,33.26213056511414,0.06267500062469632,0.06075132067533828,0.0018842749865948414,7th Street | Saturday | 14
7th Street,Saturday,563.8823529411765,0.09205358428962404,0.12477432296890673,0.10186980589340885,15,0.062066584179783044,0.6473589435774311,34.99825152631766,0.06594632992559511,0.06381889214696612,0.0018842749865948419,7th Street | Saturday | 15
7th Street,Saturday,563.8823529411765,0.09205358428962404,0.12477432296890673,0.10186980589340885,16,0.05285874600753892,0.5513205282112845,29.806114072251063,0.056162915193935195,0.05461489425403454,0.0018842749865948416,7th Street | Saturday | 16
7th Street,Saturday,563.8823529411765,0.09205358428962404,0.12477432296890673,0.10186980589340885,17,0.05006762006157742,0.5222088835534213,28.232247406487126,0.053197317603400775,0.05180710112786635,0.0018842749865948414,7th Street | Saturday | 17
7th Street,Saturday,563.8823529411765,0.09205358428962404,0.12477432296890673,0.10186980589340885,18,0.04399620176675395,0.45888355342136855,24.808681772711964,0.04674637851471253,0.045670594658872576,0.0018842749865948416,7th Street | Saturday | 18
7th Street,Saturday,563.8823529411765,0.09205358428962404,0.12477432296890673,0.10186980589340885,19,0.03959370414064973,0.4129651860744298,22.32619105248637,0.04206868334613763,0.041196075550920086,0.0018842749865948416,7th Street | Saturday | 19
7th Street,Saturday,563.8823529411765,0.09205358428962404,0.12477432296890673,0.10186980589340885,20,0.04022674301499151,0.41956782713085233,22.683150502453447,0.042741293108939246,0.04184075959642075,0.0018842749865948416,7th Street | Saturday | 20
7th Street,Saturday,563.8823529411765,0.09205358428962404,0.12477432296890673,0.10186980589340885,21,0.0420970851437286,0.43907563025210083,23.737803422810725,0.044728549226307666,0.04374297668603444,0.0018842749865948416,7th Street | Saturday | 21
7th Street,Saturday,563.8823529411765,0.09205358428962404,0.12477432296890673,0.10186980589340885,22,0.039392282680631885,0.4108643457382953,22.212613045678662,0.04185467114888256,0.04099085785755052,0.0018842749865948414,7th Street | Saturday | 22
7th Street,Saturday,563.8823529411765,0.09205358428962404,0.12477432296890673,0.10186980589340885,23,0.034471844157338935,0.3595438175270108,19.438064593661824,0.0366266589016518,0.03596401757545187,0.0018842749865948416,7th Street | Saturday | 23
9th Street,Saturday,359.97058823529414,0.05876506457963221,0.09889669007021064,0.07080455222680573,0,0.03162316922280091,0.32983193277310924,11.383410826995894,0.02335360231010189,0.02308301740995289,0.002051546998085894,9th Street | Saturday | 0
9th Street,Saturday,359.97058823529414,0.05876506457963221,0.09889669007021064,0.07080455222680573,1,0.03392512876586194,0.3538415366146459,12.212048557805423,0.02505359155924489,0.024742354950052947,0.0020515469980858943,9th Street | Saturday | 1
9th Street,Saturday,359.97058823529414,0.05876506457963221,0.09889669007021064,0.07080455222680573,2,0.038644145829137055,0.4030612244897959,13.910755905964955,0.028538569519988025,0.028135190935928422,0.002051546998085894,9th Street | Saturday | 2
9th Street,Saturday,359.97058823529414,0.05876506457963221,0.09889669007021064,0.07080455222680573,3,0.019048715218830028,0.19867947178871548,6.856977222448845,0.01406741103665828,0.013968927354357508,0.0020515469980858943,9th Street | Saturday | 3
9th Street,Saturday,359.97058823529414,0.05876506457963221,0.09889669007021064,0.07080455222680573,4,0.010905533335251632,0.1137454981992797,3.925671249710139,0.008053699067814937,0.008021354921727841,0.0020515469980858943,9th Street | Saturday | 4
9th Street,Saturday,359.97058823529414,0.05876506457963221,0.09889669007021064,0.07080455222680573,5,0.008747446263631917,0.09123649459783914,3.1488233770762073,0.006459959146743381,0.006439138468356753,0.0020515469980858943,9th Street | Saturday | 5
9th Street,Saturday,359.97058823529414,0.05876506457963221,0.09889669007021064,0.07080455222680573,6,0.017235922078669468,0.1797719087635054,6.204425009436342,0.012728669502958173,0.012648002612763998,0.0020515469980858943,9th Street | Saturday | 6
9th Street,Saturday,359.97058823529414,0.05876506457963221,0.09889669007021064,0.07080455222680573,7,0.042845221995223434,0.44687875150060025,15.423019764692343,0.03164104989967399,0.031145709984832792,0.0020515469980858943,9th Street | Saturday | 7
9th Street,Saturday,359.97058823529414,0.05876506457963221,0.09889669007021064,0.07080455222680573,8,0.048139728944263806,0.5021008403361344,17.32888654555426,0.03555102517270288,0.03492651006783298,0.0020515469980858943,9th Street | Saturday | 8
9th Street,Saturday,359.97058823529414,0.05876506457963221,0.09889669007021064,0.07080455222680573,9,0.05717492015077835,0.5963385354141657,20.581289638981655,0.04222348297558914,0.04134448655586076,0.0020515469980858943,9th Street | Saturday | 9
9th Street,Saturday,359.97058823529414,0.05876506457963221,0.09889669007021064,0.07080455222680573,10,0.056915949702183985,0.5936374549819928,20.488067894265583,0.04203223418506055,0.0411611273153234,0.0020515469980858943,9th Street | Saturday | 10
9th Street,Saturday,359.97058823529414,0.05876506457963221,0.09889669007021064,0.07080455222680573,11,0.05599516588495957,0.5840336134453782,20.156612801941773,0.04135223848540335,0.04050889927423429,0.0020515469980858943,9th Street | Saturday | 11
9th Street,Saturday,359.97058823529414,0.05876506457963221,0.09889669007021064,0.07080455222680573,12,0.05760653756510229,0.6008403361344538,20.736659213508442,0.042542230959803445,0.04165000737366786,0.0020515469980858943,9th Street | Saturday | 12
9th Street,Saturday,359.97058823529414,0.05876506457963221,0.09889669007021064,0.07080455222680573,13,0.05743389059937272,0.5990396158463386,20.674511383697727,0.04241473176611772,0.04152781073251821,0.0020515469980858943,9th Street | Saturday | 13
9th Street,Saturday,359.97058823529414,0.05876506457963221,0.09889669007021064,0.07080455222680573,14,0.05898771329093891,0.6152460984393757,21.233841851994157,0.04356222450928924,0.04262701982639083,0.0020515469980858943,9th Street | Saturday | 14
9th Street,Saturday,359.97058823529414,0.05876506457963221,0.09889669007021064,0.07080455222680573,15,0.062066584179783044,0.6473589435774311,22.342144816951905,0.045835960130018005,0.044801359999627866,0.0020515469980858943,9th Street | Saturday | 15
9th Street,Saturday,359.97058823529414,0.05876506457963221,0.09889669007021064,0.07080455222680573,16,0.05285874600753892,0.5513205282112845,19.027593893713792,0.03903600313344602,0.038283916269441054,0.002051546998085894,9th Street | Saturday | 16
9th Street,Saturday,359.97058823529414,0.05876506457963221,0.09889669007021064,0.07080455222680573,17,0.05006762006157742,0.5222088835534213,18.022870645107236,0.03697476616886013,0.03629954710326244,0.0020515469980858943,9th Street | Saturday | 17
9th Street,Saturday,359.97058823529414,0.05876506457963221,0.09889669007021064,0.07080455222680573,18,0.04399620176675395,0.45888355342136855,15.837338630097108,0.03249104452424549,0.031968881028296536,0.0020515469980858943,9th Street | Saturday | 18
9th Street,Saturday,359.97058823529414,0.05876506457963221,0.09889669007021064,0.07080455222680573,19,0.03959370414064973,0.4129651860744298,14.252568969923884,0.02923981508525951,0.028816467924176803,0.0020515469980858943,9th Street | Saturday | 19
9th Street,Saturday,359.97058823529414,0.05876506457963221,0.09889669007021064,0.07080455222680573,20,0.04022674301499151,0.41956782713085233,14.480444345896505,0.029707312128773835,0.029270387242895102,0.0020515469980858943,9th Street | Saturday | 20
9th Street,Saturday,359.97058823529414,0.05876506457963221,0.09889669007021064,0.07080455222680573,21,0.0420970851437286,0.43907563025210083,15.153712502179246,0.031088553393702516,0.030610273475023764,0.0020515469980858943,9th Street | Saturday | 21
9th Street,Saturday,359.97058823529414,0.05876506457963221,0.09889669007021064,0.07080455222680573,22,0.039392282680631885,0.4108643457382953,14.18006316847805,0.029091066025959497,0.028671994542499468,0.0020515469980858943,9th Street | Saturday | 22
9th Street,Saturday,359.97058823529414,0.05876506457963221,0.09889669007021064,0.07080455222680573,23,0.034471844157338935,0.3595438175270108,12.408850018872684,0.025457339005916346,0.025136033255435564,0.0020515469980858943,9th Street | Saturday | 23
Bland,Saturday,706.0294117647059,0.11525903874777932,0.15566700100300904,0.12738142742434821,0,0.03162316922280091,0.32983193277310924,22.326887564509878,0.042014462406770314,0.041144086892043186,0.0018817877003848575,Bland | Saturday | 0
Bland,Saturday,706.0294117647059,0.11525903874777932,0.15566700100300904,0.12738142742434821,1,0.03392512876586194,0.3538415366146459,23.95213870660341,0.045072840015998365,0.04407215050273017,0.0018817877003848575,Bland | Saturday | 1
Bland,Saturday,706.0294117647059,0.11525903874777932,0.15566700100300904,0.12738142742434821,2,0.038644145829137055,0.4030612244897959,27.283903547895147,0.05134251411491586,0.05004675759028965,0.0018817877003848573,Bland | Saturday | 2
Bland,Saturday,706.0294117647059,0.11525903874777932,0.15566700100300904,0.12738142742434821,3,0.019048715218830028,0.19867947178871548,13.448953200823965,0.025308074716362098,0.02499051001758623,0.0018817877003848575,Bland | Saturday | 3
Bland,Saturday,706.0294117647059,0.11525903874777932,0.15566700100300904,0.12738142742434821,4,0.010905533335251632,0.1137454981992797,7.6996272856681,0.014489063923717878,0.014384602561384852,0.0018817877003848577,Bland | Saturday | 4
Bland,Saturday,706.0294117647059,0.11525903874777932,0.15566700100300904,0.12738142742434821,5,0.008747446263631917,0.09123649459783914,6.175954339955417,0.011621834915066584,0.01155456225445739,0.0018817877003848575,Bland | Saturday | 5
Bland,Saturday,706.0294117647059,0.11525903874777932,0.15566700100300904,0.12738142742434821,6,0.017235922078669468,0.1797719087635054,12.16906792642531,0.02289960234909501,0.02263939644361912,0.0018817877003848575,Bland | Saturday | 6
Bland,Saturday,706.0294117647059,0.11525903874777932,0.15566700100300904,0.12738142742434821,7,0.042845221995223434,0.44687875150060025,30.24998688221584,0.05692405325175705,0.05533418906126364,0.0018817877003848573,Bland | Saturday | 7
Bland,Saturday,706.0294117647059,0.11525903874777932,0.15566700100300904,0.12738142742434821,8,0.048139728944263806,0.5021008403361344,33.988064509030956,0.06395832175298156,0.061955905250491106,0.0018817877003848577,Bland | Saturday | 8
Bland,Saturday,706.0294117647059,0.11525903874777932,0.15566700100300904,0.12738142742434821,9,0.05717492015077835,0.5963385354141657,40.367175241748065,0.07596245386920165,0.07314899442482015,0.0018817877003848577,Bland | Saturday | 9
Bland,Saturday,706.0294117647059,0.11525903874777932,0.15566700100300904,0.12738142742434821,10,0.056915949702183985,0.5936374549819928,40.18433448826254,0.0756183863881635,0.0728300402663038,0.0018817877003848577,Bland | Saturday | 10
Bland,Saturday,706.0294117647059,0.11525903874777932,0.15566700100300904,0.12738142742434821,11,0.05599516588495957,0.5840336134453782,39.53423403142513,0.07439503534447228,0.0716950918497653,0.001881787700384858,Bland | Saturday | 11
Bland,Saturday,706.0294117647059,0.11525903874777932,0.15566700100300904,0.12738142742434821,12,0.05760653756510229,0.6008403361344538,40.6719098308906,0.07653589967093191,0.0736803408790393,0.0018817877003848577,Bland | Saturday | 12
Bland,Saturday,706.0294117647059,0.11525903874777932,0.15566700100300904,0.12738142742434821,13,0.05743389059937272,0.5990396158463386,40.55001599523359,0.07630652135023981,0.07346783886045971,0.0018817877003848575,Bland | Saturday | 13
Bland,Saturday,706.0294117647059,0.11525903874777932,0.15566700100300904,0.12738142742434821,14,0.05898771329093891,0.6152460984393757,41.647060516146716,0.07837092623646874,0.07537860340672875,0.001881787700384858,Bland | Saturday | 14
Bland,Saturday,706.0294117647059,0.11525903874777932,0.15566700100300904,0.12738142742434821,15,0.062066584179783044,0.6473589435774311,43.82083391869682,0.08246150628881127,0.07915311601142516,0.001881787700384858,Bland | Saturday | 15
Bland,Saturday,706.0294117647059,0.11525903874777932,0.15566700100300904,0.12738142742434821,16,0.05285874600753892,0.5513205282112845,37.3198293503227,0.07022799585189907,0.06781873778526992,0.0018817877003848575,Bland | Saturday | 16
Bland,Saturday,706.0294117647059,0.11525903874777932,0.15566700100300904,0.12738142742434821,17,0.05006762006157742,0.5222088835534213,35.34921234053429,0.06651971300071005,0.06435552868559458,0.0018817877003848577,Bland | Saturday | 17
Bland,Saturday,706.0294117647059,0.11525903874777932,0.15566700100300904,0.12738142742434821,18,0.04399620176675395,0.45888355342136855,31.062612453262606,0.05845324205637108,0.056777657494282874,0.0018817877003848575,Bland | Saturday | 18
Bland,Saturday,706.0294117647059,0.11525903874777932,0.15566700100300904,0.12738142742434821,19,0.03959370414064973,0.4129651860744298,27.954319644008727,0.05260409487872243,0.05124444467908151,0.0018817877003848575,Bland | Saturday | 19
Bland,Saturday,706.0294117647059,0.11525903874777932,0.15566700100300904,0.12738142742434821,20,0.04022674301499151,0.41956782713085233,28.401263708084446,0.05344514872126015,0.05204206371721698,0.0018817877003848577,Bland | Saturday | 20
Bland,Saturday,706.0294117647059,0.11525903874777932,0.15566700100300904,0.12738142742434821,21,0.0420970851437286,0.43907563025210083,29.72178026103544,0.05593008052875793,0.05439475020188578,0.0018817877003848575,Bland | Saturday | 21
Bland,Saturday,706.0294117647059,0.11525903874777932,0.15566700100300904,0.12738142742434821,22,0.039392282680631885,0.4108643457382953,27.81211016907554,0.052336486837914975,0.050990516088565974,0.0018817877003848575,Bland | Saturday | 22
Bland,Saturday,706.0294117647059,0.11525903874777932,0.15566700100300904,0.12738142742434821,23,0.034471844157338935,0.3595438175270108,24.33813585285062,0.04579920469819002,0.04476625061590678,0.0018817877003848575,Bland | Saturday | 23
Brooklyn Village,Saturday,736.2941176470588,0.12019974072117923,0.044533600802407224,0.09749989874554761,0,0.03162316922280091,0.32983193277310924,23.283953480105822,0.032158580048426415,0.031646991564310056,0.001381147753791177,Brooklyn Village | Saturday | 0
Brooklyn Village,Saturday,736.2941176470588,0.12019974072117923,0.044533600802407224,0.09749989874554761,1,0.03392512876586194,0.3538415366146459,24.97887275072317,0.034499513991896956,0.03391119078663296,0.0013811477537911774,Brooklyn Village | Saturday | 1
Brooklyn Village,Saturday,736.2941176470588,0.12019974072117923,0.044533600802407224,0.09749989874554761,2,0.038644145829137055,0.4030612244897959,28.453457255488736,0.03929842857601154,0.03853626192592785,0.0013811477537911772,Brooklyn Village | Saturday | 2
Brooklyn Village,Saturday,736.2941176470588,0.12019974072117923,0.044533600802407224,0.09749989874554761,3,0.019048715218830028,0.19867947178871548,14.025456964358556,0.019371228382218643,0.01918481178445597,0.0013811477537911772,Brooklyn Village | Saturday | 3
Brooklyn Village,Saturday,736.2941176470588,0.12019974072117923,0.044533600802407224,0.09749989874554761,4,0.010905533335251632,0.1137454981992797,8.029680044549687,0.01109017455719164,0.011028905276179057,0.0013811477537911772,Brooklyn Village | Saturday | 4
Brooklyn Village,Saturday,736.2941176470588,0.12019974072117923,0.044533600802407224,0.09749989874554761,5,0.008747446263631917,0.09123649459783914,6.440693228345924,0.008895548985188018,0.008856100647513188,0.0013811477537911772,Brooklyn Village | Saturday | 5
Brooklyn Village,Saturday,736.2941176470588,0.12019974072117923,0.044533600802407224,0.09749989874554761,6,0.017235922078669468,0.1797719087635054,12.690708038747395,0.017527742901735602,0.01737502558118642,0.0013811477537911774,Brooklyn Village | Saturday | 6
Brooklyn Village,Saturday,736.2941176470588,0.12019974072117923,0.044533600802407224,0.09749989874554761,7,0.042845221995223434,0.44687875150060025,31.546684924365394,0.04357063302284526,0.042635069876228227,0.0013811477537911772,Brooklyn Village | Saturday | 7
Brooklyn Village,Saturday,736.2941176470588,0.12019974072117923,0.044533600802407224,0.09749989874554761,8,0.048139728944263806,0.5021008403361344,35.444999246785294,0.04895478109282748,0.04777581273787923,0.0013811477537911772,Brooklyn Village | Saturday | 8
Brooklyn Village,Saturday,736.2941176470588,0.12019974072117923,0.044533600802407224,0.09749989874554761,9,0.05717492015077835,0.5963385354141657,42.09755738395839,0.058142946820949316,0.05648493468256177,0.0013811477537911772,Brooklyn Village | Saturday | 9
Brooklyn Village,Saturday,736.2941176470588,0.12019974072117923,0.044533600802407224,0.09749989874554761,10,0.056915949702183985,0.5936374549819928,41.906878966013934,0.057879591752308876,0.056236422485734794,0.0013811477537911772,Brooklyn Village | Saturday | 10
Brooklyn Village,Saturday,736.2941176470588,0.12019974072117923,0.044533600802407224,0.09749989874554761,11,0.05599516588495957,0.5840336134453782,41.228911257766995,0.056943218174920665,0.05535229333546143,0.0013811477537911772,Brooklyn Village | Saturday | 11
Brooklyn Village,Saturday,736.2941176470588,0.12019974072117923,0.044533600802407224,0.09749989874554761,12,0.05760653756510229,0.6008403361344538,42.41535474719914,0.058581871935350034,0.056898976267272805,0.0013811477537911772,Brooklyn Village | Saturday | 12
Brooklyn Village,Saturday,736.2941176470588,0.12019974072117923,0.044533600802407224,0.09749989874554761,13,0.05743389059937272,0.5990396158463386,42.28823580190284,0.05840630188958975,0.056733381441059216,0.0013811477537911772,Brooklyn Village | Saturday | 13
Brooklyn Village,Saturday,736.2941176470588,0.12019974072117923,0.044533600802407224,0.09749989874554761,14,0.05898771329093891,0.6152460984393757,43.43230630956955,0.05998643230143235,0.0582226887517564,0.0013811477537911772,Brooklyn Village | Saturday | 14
Brooklyn Village,Saturday,736.2941176470588,0.12019974072117923,0.044533600802407224,0.09749989874554761,15,0.062066584179783044,0.6473589435774311,45.69926083402025,0.0631174314508242,0.06116678133139375,0.0013811477537911774,Brooklyn Village | Saturday | 15
Brooklyn Village,Saturday,736.2941176470588,0.12019974072117923,0.044533600802407224,0.09749989874554761,16,0.05285874600753892,0.5513205282112845,38.91958375155086,0.05375369567694207,0.05233450813383422,0.0013811477537911772,Brooklyn Village | Saturday | 16
Brooklyn Village,Saturday,736.2941176470588,0.12019974072117923,0.044533600802407224,0.09749989874554761,17,0.05006762006157742,0.5222088835534213,36.86449413592732,0.05091531327048404,0.04964085006711638,0.0013811477537911772,Brooklyn Village | Saturday | 17
Brooklyn Village,Saturday,736.2941176470588,0.12019974072117923,0.044533600802407224,0.09749989874554761,18,0.04399620176675395,0.45888355342136855,32.39414455967407,0.04474109999458052,0.04375497837102793,0.0013811477537911772,Brooklyn Village | Saturday | 18
Brooklyn Village,Saturday,736.2941176470588,0.12019974072117923,0.044533600802407224,0.09749989874554761,19,0.03959370414064973,0.4129651860744298,29.15261145461839,0.04026406382769313,0.03946423708975266,0.0013811477537911772,Brooklyn Village | Saturday | 19
Brooklyn Village,Saturday,736.2941176470588,0.12019974072117923,0.044533600802407224,0.09749989874554761,20,0.04022674301499151,0.41956782713085233,29.61871425403816,0.04090782066214753,0.04008238956057708,0.0013811477537911772,Brooklyn Village | Saturday | 20
Brooklyn Village,Saturday,736.2941176470588,0.12019974072117923,0.044533600802407224,0.09749989874554761,21,0.0420970851437286,0.43907563025210083,30.995836161414754,0.04280982949121733,0.04190642611410589,0.0013811477537911772,Brooklyn Village | Saturday | 21
Brooklyn Village,Saturday,736.2941176470588,0.12019974072117923,0.044533600802407224,0.09749989874554761,22,0.039392282680631885,0.4108643457382953,29.00430601843937,0.04005923210763945,0.03926746874575149,0.0013811477537911772,Brooklyn Village | Saturday | 22
Brooklyn Village,Saturday,736.2941176470588,0.12019974072117923,0.044533600802407224,0.09749989874554761,23,0.034471844157338935,0.3595438175270108,25.38141607749479,0.035055485803471204,0.03444815964842585,0.0013811477537911774,Brooklyn Village | Saturday | 23
Carson,Saturday,334.8529411764706,0.05466461804388534,0.03450351053159478,0.04861628579019817,0,0.03162316922280091,0.32983193277310924,10.589111223576129,0.01603520350643091,0.0159073240673544,0.001514310612842495,Carson | Saturday | 0
Carson,Saturday,334.8529411764706,0.05466461804388534,0.03450351053159478,0.04861628579019817,1,0.03392512876586194,0.3538415366146459,11.35992914703936,0.017202461268500495,0.017055343734151962,0.0015143106128424951,Carson | Saturday | 1
Carson,Saturday,334.8529411764706,0.05466461804388534,0.03450351053159478,0.04861628579019817,2,0.038644145829137055,0.4030612244897959,12.940105890138982,0.019595339680743142,0.019404598920589322,0.0015143106128424951,Carson | Saturday | 2
Carson,Saturday,334.8529411764706,0.05466461804388534,0.03450351053159478,0.04861628579019817,3,0.019048715218830028,0.19867947178871548,6.378518316658232,0.009659057981125808,0.009612559112768149,0.0015143106128424951,Carson | Saturday | 3
Carson,Saturday,334.8529411764706,0.05466461804388534,0.03450351053159478,0.04861628579019817,4,0.010905533335251632,0.1137454981992797,3.651749912407054,0.005529883647804654,0.005514621985922674,0.0015143106128424951,Carson | Saturday | 4
Carson,Saturday,334.8529411764706,0.05466461804388534,0.03450351053159478,0.04861628579019817,5,0.008747446263631917,0.09123649459783914,2.929108109160276,0.004435579495864419,0.004425756841553663,0.001514310612842495,Carson | Saturday | 5
Carson,Saturday,334.8529411764706,0.05466461804388534,0.03450351053159478,0.04861628579019817,6,0.017235922078669468,0.1797719087635054,5.771499201930938,0.00873984249349601,0.008701761092659632,0.0015143106128424951,Carson | Saturday | 6
Carson,Saturday,334.8529411764706,0.05466461804388534,0.03450351053159478,0.04861628579019817,7,0.042845221995223434,0.44687875150060025,14.346848600459378,0.02172558509652013,0.02149128441326298,0.001514310612842495,Carson | Saturday | 7
Carson,Saturday,334.8529411764706,0.05466461804388534,0.03450351053159478,0.04861628579019817,8,0.048139728944263806,0.5021008403361344,16.11972982442481,0.024410277949280176,0.024114756584129426,0.001514310612842495,Carson | Saturday | 8
Carson,Saturday,334.8529411764706,0.05466461804388534,0.03450351053159478,0.04861628579019817,9,0.05717492015077835,0.5963385354141657,19.145190174017987,0.028991764665403295,0.028575535560836363,0.0015143106128424951,Carson | Saturday | 9
Carson,Saturday,334.8529411764706,0.05466461804388534,0.03450351053159478,0.04861628579019817,10,0.056915949702183985,0.5936374549819928,19.058473157628374,0.028860448167170465,0.02844796312586917,0.0015143106128424951,Carson | Saturday | 10
Carson,Saturday,334.8529411764706,0.05466461804388534,0.03450351053159478,0.04861628579019817,11,0.05599516588495957,0.5840336134453782,18.75014598824308,0.028393545062342634,0.027994236548419593,0.0015143106128424953,Carson | Saturday | 11
Carson,Saturday,334.8529411764706,0.05466461804388534,0.03450351053159478,0.04861628579019817,12,0.05760653756510229,0.6008403361344538,19.28971853466734,0.02921062549579134,0.028788119061833428,0.0015143106128424951,Carson | Saturday | 12
Carson,Saturday,334.8529411764706,0.05466461804388534,0.03450351053159478,0.04861628579019817,13,0.05743389059937272,0.5990396158463386,19.2319071904076,0.029123081163636124,0.02870309124453807,0.0015143106128424953,Carson | Saturday | 13
Carson,Saturday,334.8529411764706,0.05466461804388534,0.03450351053159478,0.04861628579019817,14,0.05898771329093891,0.6152460984393757,19.75220928874528,0.02991098015303309,0.0294680736933276,0.0015143106128424951,Carson | Saturday | 14
Carson,Saturday,334.8529411764706,0.05466461804388534,0.03450351053159478,0.04861628579019817,15,0.062066584179783044,0.6473589435774311,20.78317826137735,0.031472187409801164,0.030982093023101842,0.0015143106128424953,Carson | Saturday | 15
Carson,Saturday,334.8529411764706,0.05466461804388534,0.03450351053159478,0.04861628579019817,16,0.05285874600753892,0.5513205282112845,17.69990656752443,0.026803156361522824,0.026447139648474005,0.0015143106128424951,Carson | Saturday | 16
Carson,Saturday,334.8529411764706,0.05466461804388534,0.03450351053159478,0.04861628579019817,17,0.05006762006157742,0.5222088835534213,16.765289835325262,0.02538785632501345,0.025068294740210995,0.0015143106128424951,Carson | Saturday | 17
Carson,Saturday,334.8529411764706,0.05466461804388534,0.03450351053159478,0.04861628579019817,18,0.04399620176675395,0.45888355342136855,14.732257562190993,0.022309213977554924,0.022062203741313624,0.001514310612842495,Carson | Saturday | 18
Carson,Saturday,334.8529411764706,0.05466461804388534,0.03450351053159478,0.04861628579019817,19,0.03959370414064973,0.4129651860744298,13.258068283567564,0.020076833507596845,0.01987663590228428,0.0015143106128424951,Carson | Saturday | 19
Carson,Saturday,334.8529411764706,0.05466461804388534,0.03450351053159478,0.04861628579019817,20,0.04022674301499151,0.41956782713085233,13.470043212519952,0.02039782939216598,0.020191200978781132,0.0015143106128424951,Carson | Saturday | 20
Carson,Saturday,334.8529411764706,0.05466461804388534,0.03450351053159478,0.04861628579019817,21,0.0420970851437286,0.43907563025210083,14.096332775333828,0.021346226323847518,0.021120008128863277,0.0015143106128424951,Carson | Saturday | 21
Carson,Saturday,334.8529411764706,0.05466461804388534,0.03450351053159478,0.04861628579019817,22,0.039392282680631885,0.4108643457382953,13.19062171526453,0.019974698453415755,0.019776525837101544,0.0015143106128424951,Carson | Saturday | 22
Carson,Saturday,334.8529411764706,0.05466461804388534,0.03450351053159478,0.04861628579019817,23,0.034471844157338935,0.3595438175270108,11.542998403861876,0.01747968498699202,0.017327801539205434,0.0015143106128424951,Carson | Saturday | 23
CTC/Arena,Saturday,1792.0,0.2925433331732847,0.3362086258776329,0.3056429209845891,0,0.03162316922280091,0.32983193277310924,56.66871924725923,0.10081079536676574,0.09589592261548485,0.0017789495987531327,CTC/Arena | Saturday | 0
CTC/Arena,Saturday,1792.0,0.2925433331732847,0.3362086258776329,0.3056429209845891,1,0.03392512876586194,0.3538415366146459,60.7938307484246,0.10814916081657582,0.10250628444969079,0.001778949598753133,CTC/Arena | Saturday | 1
CTC/Arena,Saturday,1792.0,0.2925433331732847,0.3362086258776329,0.3056429209845891,2,0.038644145829137055,0.4030612244897959,69.2503093258136,0.12319280998868642,0.11590681587045293,0.0017789495987531325,CTC/Arena | Saturday | 2
CTC/Arena,Saturday,1792.0,0.2925433331732847,0.3362086258776329,0.3056429209845891,3,0.019048715218830028,0.19867947178871548,34.13529767214341,0.060724974097178266,0.058917973878232166,0.0017789495987531327,CTC/Arena | Saturday | 3
CTC/Arena,Saturday,1792.0,0.2925433331732847,0.3362086258776329,0.3056429209845891,4,0.010905533335251632,0.1137454981992797,19.542715736770926,0.03476550631847517,0.03416812882338882,0.0017789495987531327,CTC/Arena | Saturday | 4
CTC/Arena,Saturday,1792.0,0.2925433331732847,0.3362086258776329,0.3056429209845891,5,0.008747446263631917,0.09123649459783914,15.675423704428397,0.027885788709278242,0.027500569126033048,0.0017789495987531327,CTC/Arena | Saturday | 5
CTC/Arena,Saturday,1792.0,0.2925433331732847,0.3362086258776329,0.3056429209845891,6,0.017235922078669468,0.1797719087635054,30.886772364975684,0.054946011305452847,0.05346375116954749,0.001778949598753133,CTC/Arena | Saturday | 6
CTC/Arena,Saturday,1792.0,0.2925433331732847,0.3362086258776329,0.3056429209845891,7,0.042845221995223434,0.44687875150060025,76.77863781544039,0.1365853269345898,0.12766811632163466,0.001778949598753133,CTC/Arena | Saturday | 7
CTC/Arena,Saturday,1792.0,0.2925433331732847,0.3362086258776329,0.3056429209845891,8,0.048139728944263806,0.5021008403361344,86.26639426812073,0.15346356746915293,0.1422679870223903,0.0017789495987531327,CTC/Arena | Saturday | 8
CTC/Arena,Saturday,1792.0,0.2925433331732847,0.3362086258776329,0.3056429209845891,9,0.05717492015077835,0.5963385354141657,102.45745691019481,0.18226665185965746,0.16662091129866607,0.001778949598753133,CTC/Arena | Saturday | 9
CTC/Arena,Saturday,1792.0,0.2925433331732847,0.3362086258776329,0.3056429209845891,10,0.056915949702183985,0.5936374549819928,101.9933818663137,0.18144108574655382,0.165932617686817,0.001778949598753133,CTC/Arena | Saturday | 10
CTC/Arena,Saturday,1792.0,0.2925433331732847,0.3362086258776329,0.3056429209845891,11,0.05599516588495957,0.5840336134453782,100.34333726584755,0.1785057395666298,0.16348074439439075,0.001778949598753133,CTC/Arena | Saturday | 11
CTC/Arena,Saturday,1792.0,0.2925433331732847,0.3362086258776329,0.3056429209845891,12,0.05760653756510229,0.6008403361344538,103.2309153166633,0.18364259538149683,0.16776680533347832,0.001778949598753133,CTC/Arena | Saturday | 12
CTC/Arena,Saturday,1792.0,0.2925433331732847,0.3362086258776329,0.3056429209845891,13,0.05743389059937272,0.5990396158463386,102.92153195407592,0.18309221797276107,0.16730863691312536,0.0017789495987531325,CTC/Arena | Saturday | 13
CTC/Arena,Saturday,1792.0,0.2925433331732847,0.3362086258776329,0.3056429209845891,14,0.05898771329093891,0.6152460984393757,105.70598221736253,0.18804561465138286,0.17142308887628577,0.0017789495987531327,CTC/Arena | Saturday | 14
CTC/Arena,Saturday,1792.0,0.2925433331732847,0.3362086258776329,0.3056429209845891,15,0.062066584179783044,0.6473589435774311,111.22331885017121,0.19786067844050384,0.1795158436926032,0.001778949598753133,CTC/Arena | Saturday | 15
CTC/Arena,Saturday,1792.0,0.2925433331732847,0.3362086258776329,0.3056429209845891,16,0.05285874600753892,0.5513205282112845,94.72287284550974,0.16850721664126356,0.1550748341248821,0.0017789495987531327,CTC/Arena | Saturday | 16
CTC/Arena,Saturday,1792.0,0.2925433331732847,0.3362086258776329,0.3056429209845891,17,0.05006762006157742,0.5222088835534213,89.72117515034674,0.15960944853336886,0.14752334002982903,0.0017789495987531327,CTC/Arena | Saturday | 17
CTC/Arena,Saturday,1792.0,0.2925433331732847,0.3362086258776329,0.3056429209845891,18,0.04399620176675395,0.45888355342136855,78.84119356602308,0.14025450965949482,0.1308629965156407,0.0017789495987531327,CTC/Arena | Saturday | 18
CTC/Arena,Saturday,1792.0,0.2925433331732847,0.3362086258776329,0.3056429209845891,19,0.03959370414064973,0.4129651860744298,70.95191782004432,0.1262198857367331,0.11857898643532272,0.001778949598753133,CTC/Arena | Saturday | 19
CTC/Arena,Saturday,1792.0,0.2925433331732847,0.3362086258776329,0.3056429209845891,20,0.04022674301499151,0.41956782713085233,72.08632348286478,0.12823793623543084,0.12035594495223956,0.0017789495987531327,CTC/Arena | Saturday | 20
CTC/Arena,Saturday,1792.0,0.2925433331732847,0.3362086258776329,0.3056429209845891,21,0.0420970851437286,0.43907563025210083,75.43797657756164,0.13420035816340153,0.12558514910240481,0.0017789495987531332,CTC/Arena | Saturday | 21
CTC/Arena,Saturday,1792.0,0.2925433331732847,0.3362086258776329,0.3056429209845891,22,0.039392282680631885,0.4108643457382953,70.59097056369234,0.1255777787598747,0.11801283810851992,0.0017789495987531327,CTC/Arena | Saturday | 22
CTC/Arena,Saturday,1792.0,0.2925433331732847,0.3362086258776329,0.3056429209845891,23,0.034471844157338935,0.3595438175270108,61.77354472995137,0.10989202261090569,0.10406912964997561,0.001778949598753133,CTC/Arena | Saturday | 23
East/West,Saturday,991.3529411764706,0.1618379987516205,0.10892678034102307,0.14596463322844128,0,0.03162316922280091,0.32983193277310924,31.349721818344925,0.04814379709425479,0.04700326093772378,0.0015357009345480848,East/West | Saturday | 0
East/West,Saturday,991.3529411764706,0.1618379987516205,0.10892678034102307,0.14596463322844128,1,0.03392512876586194,0.3538415366146459,33.631776181827725,0.051648350112944864,0.050337243065541104,0.001535700934548085,East/West | Saturday | 1
East/West,Saturday,991.3529411764706,0.1618379987516205,0.10892678034102307,0.14596463322844128,2,0.038644145829137055,0.4030612244897959,38.30998762696746,0.05883268380125949,0.05713548753362052,0.0015357009345480846,East/West | Saturday | 2
East/West,Saturday,991.3529411764706,0.1618379987516205,0.10892678034102307,0.14596463322844128,3,0.019048715218830028,0.19867947178871548,18.883999857820147,0.0290001762296603,0.028583706725773594,0.0015357009345480848,East/West | Saturday | 3
East/West,Saturday,991.3529411764706,0.1618379987516205,0.10892678034102307,0.14596463322844128,4,0.010905533335251632,0.1137454981992797,10.81123254699975,0.01660281992604419,0.016465752727003458,0.001535700934548085,East/West | Saturday | 4
East/West,Saturday,991.3529411764706,0.1618379987516205,0.10892678034102307,0.14596463322844128,5,0.008747446263631917,0.09123649459783914,8.67180658123463,0.013317301471022254,0.013229018543106541,0.0015357009345480848,East/West | Saturday | 5
East/West,Saturday,991.3529411764706,0.1618379987516205,0.10892678034102307,0.14596463322844128,6,0.017235922078669468,0.1797719087635054,17.086882046577443,0.026240340727441875,0.025899054657130716,0.001535700934548085,East/West | Saturday | 6
East/West,Saturday,991.3529411764706,0.1618379987516205,0.10892678034102307,0.14596463322844128,7,0.042845221995223434,0.44687875150060025,42.47473684032356,0.06522849306036886,0.06314662557522432,0.0015357009345480848,East/West | Saturday | 7
East/West,Saturday,991.3529411764706,0.1618379987516205,0.10892678034102307,0.14596463322844128,8,0.048139728944263806,0.5021008403361344,47.723461876334,0.07328896500335602,0.07066775327371955,0.0015357009345480848,East/West | Saturday | 8
East/West,Saturday,991.3529411764706,0.1618379987516205,0.10892678034102307,0.14596463322844128,9,0.05717492015077835,0.5963385354141657,56.68052525300398,0.08704433560171454,0.08336354489654274,0.001535700934548085,East/West | Saturday | 9
East/West,Saturday,991.3529411764706,0.1618379987516205,0.10892678034102307,0.14596463322844128,10,0.056915949702183985,0.5936374549819928,56.42379413711216,0.0866500733871119,0.08300207852618458,0.001535700934548085,East/West | Saturday | 10
East/West,Saturday,991.3529411764706,0.1618379987516205,0.10892678034102307,0.14596463322844128,11,0.05599516588495957,0.5840336134453782,55.51097239171904,0.08524825217963587,0.0817157099739464,0.001535700934548085,East/West | Saturday | 11
East/West,Saturday,991.3529411764706,0.1618379987516205,0.10892678034102307,0.14596463322844128,12,0.05760653756510229,0.6008403361344538,57.108410446156995,0.08770143929271891,0.08396567224278373,0.0015357009345480848,East/West | Saturday | 12
East/West,Saturday,991.3529411764706,0.1618379987516205,0.10892678034102307,0.14596463322844128,13,0.05743389059937272,0.5990396158463386,56.937256368895795,0.08743859781631717,0.0837248687824591,0.0015357009345480848,East/West | Saturday | 13
East/West,Saturday,991.3529411764706,0.1618379987516205,0.10892678034102307,0.14596463322844128,14,0.05898771329093891,0.6152460984393757,58.47764306424667,0.08980417110393295,0.08588982306838133,0.0015357009345480848,East/West | Saturday | 14
East/West,Saturday,991.3529411764706,0.1618379987516205,0.10892678034102307,0.14596463322844128,15,0.062066584179783044,0.6473589435774311,61.52989077540492,0.09449151076643093,0.0901645416010387,0.001535700934548085,East/West | Saturday | 15
East/West,Saturday,991.3529411764706,0.1618379987516205,0.10892678034102307,0.14596463322844128,16,0.05285874600753892,0.5513205282112845,52.40167332147373,0.08047329869167065,0.0773204599942704,0.0015357009345480848,East/West | Saturday | 16
East/West,Saturday,991.3529411764706,0.1618379987516205,0.10892678034102307,0.14596463322844128,17,0.05006762006157742,0.5222088835534213,49.63468240575084,0.07622402815650894,0.07339140311072179,0.0015357009345480848,East/West | Saturday | 17
East/West,Saturday,991.3529411764706,0.1618379987516205,0.10892678034102307,0.14596463322844128,18,0.04399620176675395,0.45888355342136855,43.61576402206496,0.0669807695697139,0.0647868142841771,0.0015357009345480848,East/West | Saturday | 18
East/West,Saturday,991.3529411764706,0.1618379987516205,0.10892678034102307,0.14596463322844128,19,0.03959370414064973,0.4129651860744298,39.251335051904114,0.060278311921469145,0.05849753424267279,0.0015357009345480848,East/West | Saturday | 19
East/West,Saturday,991.3529411764706,0.1618379987516205,0.10892678034102307,0.14596463322844128,20,0.04022674301499151,0.41956782713085233,39.87890000186188,0.06124206400160891,0.05940447210068123,0.0015357009345480848,East/West | Saturday | 20
East/West,Saturday,991.3529411764706,0.1618379987516205,0.10892678034102307,0.14596463322844128,21,0.0420970851437286,0.43907563025210083,41.73306917219165,0.06408951332929459,0.062078960661839266,0.001535700934548085,East/West | Saturday | 21
East/West,Saturday,991.3529411764706,0.1618379987516205,0.10892678034102307,0.14596463322844128,22,0.039392282680631885,0.4108643457382953,39.051655295099366,0.05997166353233376,0.058208779757395135,0.0015357009345480848,East/West | Saturday | 22
East/West,Saturday,991.3529411764706,0.1618379987516205,0.10892678034102307,0.14596463322844128,23,0.034471844157338935,0.3595438175270108,34.17376409315489,0.05248068145488375,0.05112734828212839,0.001535700934548085,East/West | Saturday | 23
3rd St/Convention,Sunday,398.7941176470589,0.10748656318868614,0.09365108918264756,0.10333592098687455,0,0.03162316922280091,0.32983193277310924,12.611133867410517,0.034083486543990134,0.03350918770852551,0.0027026504438326607,3rd St/Convention | Sunday | 0
3rd St/Convention,Sunday,398.7941176470589,0.10748656318868614,0.09365108918264756,0.10333592098687455,1,0.03392512876586194,0.3538415366146459,13.529141792244769,0.036564541069485326,0.03590413189012798,0.002702650443832661,3rd St/Convention | Sunday | 1
3rd St/Convention,Sunday,398.7941176470589,0.10748656318868614,0.09365108918264756,0.10333592098687455,2,0.038644145829137055,0.4030612244897959,15.411058038154984,0.04165070284675046,0.040795230440880736,0.0027026504438326607,3rd St/Convention | Sunday | 2
3rd St/Convention,Sunday,398.7941176470589,0.10748656318868614,0.09365108918264756,0.10333592098687455,3,0.019048715218830028,0.19867947178871548,7.596515578003423,0.020530726198472675,0.02032140578686903,0.002702650443832661,3rd St/Convention | Sunday | 3
3rd St/Convention,Sunday,398.7941176470589,0.10748656318868614,0.09365108918264756,0.10333592098687455,4,0.010905533335251632,0.1137454981992797,4.349062543902262,0.011753995814533449,0.011685187460621194,0.0027026504438326607,3rd St/Convention | Sunday | 4
3rd St/Convention,Sunday,398.7941176470589,0.10748656318868614,0.09365108918264756,0.10333592098687455,5,0.008747446263631917,0.09123649459783914,3.4884301143701526,0.009428007196881713,0.009383702880157774,0.0027026504438326607,3rd St/Convention | Sunday | 5
3rd St/Convention,Sunday,398.7941176470589,0.10748656318868614,0.09365108918264756,0.10333592098687455,6,0.017235922078669468,0.1797719087635054,6.873584337196451,0.018576895759645214,0.018405408772102727,0.0027026504438326607,3rd St/Convention | Sunday | 6
3rd St/Convention,Sunday,398.7941176470589,0.10748656318868614,0.09365108918264756,0.10333592098687455,7,0.042845221995223434,0.44687875150060025,17.08642250097749,0.04617862735577918,0.045128619193945285,0.0027026504438326607,3rd St/Convention | Sunday | 7
3rd St/Convention,Sunday,398.7941176470589,0.10748656318868614,0.09365108918264756,0.10333592098687455,8,0.048139728944263806,0.5021008403361344,19.197840728096267,0.051885052764418106,0.05056200415629042,0.0027026504438326607,3rd St/Convention | Sunday | 8
3rd St/Convention,Sunday,398.7941176470589,0.10748656318868614,0.09365108918264756,0.10333592098687455,9,0.05717492015077835,0.5963385354141657,22.8010218330707,0.06162319177698672,0.05976289087574593,0.002702650443832661,3rd St/Convention | Sunday | 9
3rd St/Convention,Sunday,398.7941176470589,0.10748656318868614,0.09365108918264756,0.10333592098687455,10,0.056915949702183985,0.5936374549819928,22.697745941526847,0.06134407314286851,0.05950041654906624,0.0027026504438326607,3rd St/Convention | Sunday | 10
3rd St/Convention,Sunday,398.7941176470589,0.10748656318868614,0.09365108918264756,0.10333592098687455,11,0.05599516588495957,0.5840336134453782,22.330542771593144,0.06035165133267043,0.058566580947202684,0.002702650443832661,3rd St/Convention | Sunday | 11
3rd St/Convention,Sunday,398.7941176470589,0.10748656318868614,0.09365108918264756,0.10333592098687455,12,0.05760653756510229,0.6008403361344538,22.97314831897712,0.06208838950051706,0.06020018531641391,0.0027026504438326607,3rd St/Convention | Sunday | 12
3rd St/Convention,Sunday,398.7941176470589,0.10748656318868614,0.09365108918264756,0.10333592098687455,13,0.05743389059937272,0.5990396158463386,22.904297724614555,0.06190231041110493,0.060025291951173454,0.0027026504438326607,3rd St/Convention | Sunday | 13
3rd St/Convention,Sunday,398.7941176470589,0.10748656318868614,0.09365108918264756,0.10333592098687455,14,0.05898771329093891,0.6152460984393757,23.52395307387767,0.06357702221581417,0.06159816127184814,0.0027026504438326607,3rd St/Convention | Sunday | 14
3rd St/Convention,Sunday,398.7941176470589,0.10748656318868614,0.09365108918264756,0.10333592098687455,15,0.062066584179783044,0.6473589435774311,24.751788673343484,0.066895432643664,0.06470700266031593,0.002702650443832661,3rd St/Convention | Sunday | 15
3rd St/Convention,Sunday,398.7941176470589,0.10748656318868614,0.09365108918264756,0.10333592098687455,16,0.05285874600753892,0.5513205282112845,21.07975697400648,0.05697121454168324,0.05537873966891638,0.0027026504438326607,3rd St/Convention | Sunday | 16
3rd St/Convention,Sunday,398.7941176470589,0.10748656318868614,0.09365108918264756,0.10333592098687455,17,0.05006762006157742,0.5222088835534213,19.96667236514495,0.05396293592952032,0.0525327771570584,0.0027026504438326603,3rd St/Convention | Sunday | 17
3rd St/Convention,Sunday,398.7941176470589,0.10748656318868614,0.09365108918264756,0.10333592098687455,18,0.04399620176675395,0.45888355342136855,17.545426463394616,0.04741915461852677,0.046312428748425005,0.0027026504438326607,3rd St/Convention | Sunday | 18
3rd St/Convention,Sunday,398.7941176470589,0.10748656318868614,0.09365108918264756,0.10333592098687455,19,0.03959370414064973,0.4129651860744298,15.789736307149111,0.04267413783851722,0.041776411992907936,0.0027026504438326607,3rd St/Convention | Sunday | 19
3rd St/Convention,Sunday,398.7941176470589,0.10748656318868614,0.09365108918264756,0.10333592098687455,20,0.04022674301499151,0.41956782713085233,16.04218848647853,0.0433564278330284,0.04242997537427795,0.0027026504438326607,3rd St/Convention | Sunday | 20
3rd St/Convention,Sunday,398.7941176470589,0.10748656318868614,0.09365108918264756,0.10333592098687455,21,0.0420970851437286,0.43907563025210083,16.788069925406358,0.04537228463499324,0.04435835510005759,0.0027026504438326607,3rd St/Convention | Sunday | 21
3rd St/Convention,Sunday,398.7941176470589,0.10748656318868614,0.09365108918264756,0.10333592098687455,22,0.039392282680631885,0.4108643457382953,15.709410613726112,0.04245704556753639,0.04156836647636031,0.002702650443832661,3rd St/Convention | Sunday | 22
3rd St/Convention,Sunday,398.7941176470589,0.10748656318868614,0.09365108918264756,0.10333592098687455,23,0.034471844157338935,0.3595438175270108,13.747168674392903,0.03715379151929043,0.0364720584721373,0.0027026504438326607,3rd St/Convention | Sunday | 23
7th Street,Sunday,329.11764705882354,0.08870673663849825,0.12586110593930366,0.09985304742873986,0,0.03162316922280091,0.32983193277310924,10.407743047151241,0.032934723626706214,0.03239828094138797,0.003164444344705546,7th Street | Sunday | 0
7th Street,Sunday,329.11764705882354,0.08870673663849825,0.12586110593930366,0.09985304742873986,1,0.03392512876586194,0.3538415366146459,11.165358555588092,0.03533215573784043,0.034715261861446356,0.003164444344705547,7th Street | Sunday | 1
7th Street,Sunday,329.11764705882354,0.08870673663849825,0.12586110593930366,0.09985304742873986,2,0.038644145829137055,0.4030612244897959,12.718470347883637,0.040246891565665556,0.03944774237631976,0.0031644443447055464,7th Street | Sunday | 2
7th Street,Sunday,329.11764705882354,0.08870673663849825,0.12586110593930366,0.09985304742873986,3,0.019048715218830028,0.19867947178871548,6.269268332314942,0.01983875071963559,0.019643257618640053,0.0031644443447055464,7th Street | Sunday | 3
7th Street,Sunday,329.11764705882354,0.08870673663849825,0.12586110593930366,0.09985304742873986,4,0.010905533335251632,0.1137454981992797,3.5892034712195815,0.011357834626498321,0.011293577925205245,0.0031644443447055464,7th Street | Sunday | 4
7th Street,Sunday,329.11764705882354,0.08870673663849825,0.12586110593930366,0.09985304742873986,5,0.008747446263631917,0.09123649459783914,2.8789389320600343,0.00911024202231,0.009068869500677201,0.0031644443447055464,7th Street | Sunday | 5
7th Street,Sunday,329.11764705882354,0.08870673663849825,0.12586110593930366,0.09985304742873986,6,0.017235922078669468,0.1797719087635054,5.672646119420922,0.0179507729321174,0.01779061754383071,0.0031644443447055464,7th Street | Sunday | 6
7th Street,Sunday,329.11764705882354,0.08870673663849825,0.12586110593930366,0.09985304742873986,7,0.042845221995223434,0.44687875150060025,14.10111865078089,0.044622205168485495,0.043641279026479185,0.0031644443447055464,7th Street | Sunday | 7
7th Street,Sunday,329.11764705882354,0.08870673663849825,0.12586110593930366,0.09985304742873986,8,0.048139728944263806,0.5021008403361344,15.843634320185647,0.05013629902409417,0.04890021830624036,0.0031644443447055464,7th Street | Sunday | 8
7th Street,Sunday,329.11764705882354,0.08870673663849825,0.12586110593930366,0.09985304742873986,9,0.05717492015077835,0.5963385354141657,18.817275190800288,0.05954622006029595,0.05780801558551496,0.0031644443447055464,7th Street | Sunday | 9
7th Street,Sunday,329.11764705882354,0.08870673663849825,0.12586110593930366,0.09985304742873986,10,0.056915949702183985,0.5936374549819928,18.73204344610114,0.059276508947793356,0.057553861664679795,0.003164444344705547,7th Street | Sunday | 10
7th Street,Sunday,329.11764705882354,0.08870673663849825,0.12586110593930366,0.09985304742873986,11,0.05599516588495957,0.5840336134453782,18.4289972427264,0.05831753610333967,0.056649647921738544,0.003164444344705547,7th Street | Sunday | 11
7th Street,Sunday,329.11764705882354,0.08870673663849825,0.12586110593930366,0.09985304742873986,12,0.05760653756510229,0.6008403361344538,18.959328098632195,0.05999573858113361,0.058231453154049095,0.0031644443447055464,7th Street | Sunday | 12
7th Street,Sunday,329.11764705882354,0.08870673663849825,0.12586110593930366,0.09985304742873986,13,0.05743389059937272,0.5990396158463386,18.902506935499435,0.059815931172798556,0.058062100967456676,0.0031644443447055464,7th Street | Sunday | 13
7th Street,Sunday,329.11764705882354,0.08870673663849825,0.12586110593930366,0.09985304742873986,14,0.05898771329093891,0.6152460984393757,19.413897403694307,0.06143419784781414,0.05958517497705473,0.0031644443447055464,7th Street | Sunday | 14
7th Street,Sunday,329.11764705882354,0.08870673663849825,0.12586110593930366,0.09985304742873986,15,0.062066584179783044,0.6473589435774311,20.427208146228597,0.06464076329645616,0.06259584712406274,0.0031644443447055464,7th Street | Sunday | 15
7th Street,Sunday,329.11764705882354,0.08870673663849825,0.12586110593930366,0.09985304742873986,16,0.05285874600753892,0.5513205282112845,17.396746112481193,0.055051034851919305,0.053563154543319835,0.003164444344705546,7th Street | Sunday | 16
7th Street,Sunday,329.11764705882354,0.08870673663849825,0.12586110593930366,0.09985304742873986,17,0.05006762006157742,0.5222088835534213,16.47813730850151,0.05214414841716907,0.050807967548171296,0.0031644443447055464,7th Street | Sunday | 17
7th Street,Sunday,329.11764705882354,0.08870673663849825,0.12586110593930366,0.09985304742873986,18,0.04399620176675395,0.45888355342136855,14.479926404999315,0.045820921224052596,0.044786994749083986,0.0031644443447055464,7th Street | Sunday | 18
7th Street,Sunday,329.11764705882354,0.08870673663849825,0.12586110593930366,0.09985304742873986,19,0.03959370414064973,0.4129651860744298,13.030986745113838,0.041235832311508416,0.040397202085317496,0.003164444344705546,7th Street | Sunday | 19
7th Street,Sunday,329.11764705882354,0.08870673663849825,0.12586110593930366,0.09985304742873986,20,0.04022674301499151,0.41956782713085233,13.23933100993397,0.041895126142070326,0.04102965378111312,0.003164444344705547,7th Street | Sunday | 20
7th Street,Sunday,329.11764705882354,0.08870673663849825,0.12586110593930366,0.09985304742873986,21,0.0420970851437286,0.43907563025210083,13.854893610538912,0.04384303973236687,0.0428958269890487,0.0031644443447055464,7th Street | Sunday | 21
7th Street,Sunday,329.11764705882354,0.08870673663849825,0.12586110593930366,0.09985304742873986,22,0.039392282680631885,0.4108643457382953,12.964695388125612,0.041026057001784175,0.04019587999570917,0.0031644443447055464,7th Street | Sunday | 22
7th Street,Sunday,329.11764705882354,0.08870673663849825,0.12586110593930366,0.09985304742873986,23,0.034471844157338935,0.3595438175270108,11.345292238841845,0.0359015458642348,0.035264729015070606,0.0031644443447055464,7th Street | Sunday | 23
9th Street,Sunday,274.52941176470586,0.0739936264328635,0.0834109104449823,0.07681881163649913,0,0.03162316922280091,0.32983193277310924,8.681490044871284,0.025337297115399924,0.025019001717668243,0.0029185424373513276,9th Street | Sunday | 0
9th Street,Sunday,274.52941176470586,0.0739936264328635,0.0834109104449823,0.07681881163649913,1,0.03392512876586194,0.3538415366146459,9.31344564413398,0.027181686350369893,0.026815588862907025,0.002918542437351328,9th Street | Sunday | 1
9th Street,Sunday,274.52941176470586,0.0739936264328635,0.0834109104449823,0.07681881163649913,2,0.038644145829137055,0.4030612244897959,10.608954622622507,0.030962684282058325,0.030488249571950066,0.0029185424373513276,9th Street | Sunday | 2
9th Street,Sunday,274.52941176470586,0.0739936264328635,0.0834109104449823,0.07681881163649913,3,0.019048715218830028,0.19867947178871548,5.229432583898808,0.015262320919376477,0.01514644197569448,0.0029185424373513276,9th Street | Sunday | 3
9th Street,Sunday,274.52941176470586,0.0739936264328635,0.0834109104449823,0.07681881163649913,4,0.010905533335251632,0.1137454981992797,2.9938896515070215,0.00873779400067022,0.008699730423249008,0.0029185424373513276,9th Street | Sunday | 4
9th Street,Sunday,274.52941176470586,0.0739936264328635,0.0834109104449823,0.07681881163649913,5,0.008747446263631917,0.09123649459783914,2.4014312771982445,0.0070086790928858755,0.006984175580742602,0.0029185424373513276,9th Street | Sunday | 5
9th Street,Sunday,274.52941176470586,0.0739936264328635,0.0834109104449823,0.07681881163649913,6,0.017235922078669468,0.1797719087635054,4.731767549479435,0.013809864396837629,0.013714945660176836,0.0029185424373513276,9th Street | Sunday | 6
9th Street,Sunday,274.52941176470586,0.0739936264328635,0.0834109104449823,0.07681881163649913,7,0.042845221995223434,0.44687875150060025,11.762273591276927,0.034328694635878516,0.03374615002270931,0.0029185424373513276,9th Street | Sunday | 7
9th Street,Sunday,274.52941176470586,0.0739936264328635,0.0834109104449823,0.07681881163649913,8,0.048139728944263806,0.5021008403361344,13.215771469581126,0.038570789876309436,0.03783640911262798,0.0029185424373513276,9th Street | Sunday | 8
9th Street,Sunday,274.52941176470586,0.0739936264328635,0.0834109104449823,0.07681881163649913,9,0.05717492015077835,0.5963385354141657,15.696197196687208,0.04581001762356656,0.044776579431313523,0.0029185424373513276,9th Street | Sunday | 9
9th Street,Sunday,274.52941176470586,0.0739936264328635,0.0834109104449823,0.07681881163649913,10,0.056915949702183985,0.5936374549819928,15.625102191770155,0.04560252383463244,0.0445783559401407,0.0029185424373513276,9th Street | Sunday | 10
9th Street,Sunday,274.52941176470586,0.0739936264328635,0.0834109104449823,0.07681881163649913,11,0.05599516588495957,0.5840336134453782,15.372319952065077,0.044864768140644454,0.04387322810802208,0.0029185424373513276,9th Street | Sunday | 11
9th Street,Sunday,274.52941176470586,0.0739936264328635,0.0834109104449823,0.07681881163649913,12,0.05760653756510229,0.6008403361344538,15.814688871548963,0.04615584060512343,0.04510686052997881,0.0029185424373513276,9th Street | Sunday | 12
9th Street,Sunday,274.52941176470586,0.0739936264328635,0.0834109104449823,0.07681881163649913,13,0.05743389059937272,0.5990396158463386,15.767292201604262,0.04601751141250068,0.044974761796609974,0.0029185424373513276,9th Street | Sunday | 13
9th Street,Sunday,274.52941176470586,0.0739936264328635,0.0834109104449823,0.07681881163649913,14,0.05898771329093891,0.6152460984393757,16.19386223110658,0.047262474146105404,0.04616299282267888,0.0029185424373513276,9th Street | Sunday | 14
9th Street,Sunday,274.52941176470586,0.0739936264328635,0.0834109104449823,0.07681881163649913,15,0.062066584179783044,0.6473589435774311,17.03910284512044,0.04972934474787775,0.048513085415621715,0.0029185424373513276,9th Street | Sunday | 15
9th Street,Sunday,274.52941176470586,0.0739936264328635,0.0834109104449823,0.07681881163649913,16,0.05285874600753892,0.5513205282112845,14.511280448069654,0.04235178780799787,0.041467478800432556,0.0029185424373513276,9th Street | Sunday | 16
9th Street,Sunday,274.52941176470586,0.0739936264328635,0.0834109104449823,0.07681881163649913,17,0.05006762006157742,0.5222088835534213,13.745034283963633,0.040115465860596784,0.03932149282256958,0.0029185424373513276,9th Street | Sunday | 17
9th Street,Sunday,274.52941176470586,0.0739936264328635,0.0834109104449823,0.07681881163649913,18,0.04399620176675395,0.45888355342136855,12.078251390908274,0.0352508892533635,0.03463681337668545,0.0029185424373513276,9th Street | Sunday | 18
9th Street,Sunday,274.52941176470586,0.0739936264328635,0.0834109104449823,0.07681881163649913,19,0.03959370414064973,0.4129651860744298,10.869636307318368,0.031723494841483436,0.031225583827752534,0.002918542437351328,9th Street | Sunday | 19
9th Street,Sunday,274.52941176470586,0.0739936264328635,0.0834109104449823,0.07681881163649913,20,0.04022674301499151,0.41956782713085233,11.04342409711561,0.03223070188110017,0.0317168284395416,0.002918542437351327,9th Street | Sunday | 20
9th Street,Sunday,274.52941176470586,0.0739936264328635,0.0834109104449823,0.07681881163649913,21,0.0420970851437286,0.43907563025210083,11.55688802151655,0.033729268134513275,0.033166778229931304,0.002918542437351328,9th Street | Sunday | 21
9th Street,Sunday,274.52941176470586,0.0739936264328635,0.0834109104449823,0.07681881163649913,22,0.039392282680631885,0.4108643457382953,10.814340192382883,0.03156211078342356,0.031069226464672584,0.002918542437351327,9th Street | Sunday | 22
9th Street,Sunday,274.52941176470586,0.0739936264328635,0.0834109104449823,0.07681881163649913,23,0.034471844157338935,0.3595438175270108,9.46353509895887,0.027619728793675257,0.027241791585892128,0.0029185424373513276,9th Street | Sunday | 23
Bland,Sunday,289.02941176470586,0.07790179633123523,0.17259355799664866,0.10630932483085925,0,0.03162316922280091,0.32983193277310924,9.140025998601898,0.0350642100807666,0.03445658335367874,0.0038363359235663213,Bland | Sunday | 0
Bland,Sunday,289.02941176470586,0.07790179633123523,0.17259355799664866,0.10630932483085925,1,0.03392512876586194,0.3538415366146459,9.805360011238978,0.03761665485461677,0.036917937030454095,0.0038363359235663226,Bland | Sunday | 1
Bland,Sunday,289.02941176470586,0.07790179633123523,0.17259355799664866,0.10630932483085925,2,0.038644145829137055,0.4030612244897959,11.169294737144995,0.0428491666410096,0.04194411404326415,0.0038363359235663217,Bland | Sunday | 2
Bland,Sunday,289.02941176470586,0.07790179633123523,0.17259355799664866,0.10630932483085925,3,0.019048715218830028,0.19867947178871548,5.505638954571843,0.02112148050361009,0.020899984218375245,0.0038363359235663217,Bland | Sunday | 3
Bland,Sunday,289.02941176470586,0.07790179633123523,0.17259355799664866,0.10630932483085925,4,0.010905533335251632,0.1137454981992797,3.15201988486817,0.012092207116115142,0.01201939018098841,0.0038363359235663217,Bland | Sunday | 4
Bland,Sunday,289.02941176470586,0.07790179633123523,0.17259355799664866,0.10630932483085925,5,0.008747446263631917,0.09123649459783914,2.5282692480209072,0.009699290140630616,0.00965240373673848,0.0038363359235663213,Bland | Sunday | 5
Bland,Sunday,289.02941176470586,0.07790179633123523,0.17259355799664866,0.10630932483085925,6,0.017235922078669468,0.1797719087635054,4.981688419620142,0.01911143024420309,0.018929964721857484,0.003836335923566322,Bland | Sunday | 6
Bland,Sunday,289.02941176470586,0.07790179633123523,0.17259355799664866,0.10630932483085925,7,0.042845221995223434,0.44687875150060025,12.383529310207667,0.047507378353286146,0.04639656291638461,0.0038363359235663217,Bland | Sunday | 7
Bland,Sunday,289.02941176470586,0.07790179633123523,0.17259355799664866,0.10630932483085925,8,0.048139728944263806,0.5021008403361344,13.913797539272952,0.053378001333141516,0.05197840868063841,0.0038363359235663217,Bland | Sunday | 8
Bland,Sunday,289.02941176470586,0.07790179633123523,0.17259355799664866,0.10630932483085925,9,0.05717492015077835,0.5963385354141657,16.525233538873493,0.0633963470705034,0.06142860006598949,0.0038363359235663217,Bland | Sunday | 9
Bland,Sunday,289.02941176470586,0.07790179633123523,0.17259355799664866,0.10630932483085925,10,0.056915949702183985,0.5936374549819928,16.45038346245182,0.06310919703344527,0.06115905055499282,0.0038363359235663226,Bland | Sunday | 10
Bland,Sunday,289.02941176470586,0.07790179633123523,0.17259355799664866,0.10630932483085925,11,0.05599516588495957,0.5840336134453782,16.18424985739699,0.0620882191239052,0.060200025196492035,0.0038363359235663226,Bland | Sunday | 11
Bland,Sunday,289.02941176470586,0.07790179633123523,0.17259355799664866,0.10630932483085925,12,0.05760653756510229,0.6008403361344538,16.649983666242946,0.0638749304656003,0.06187767728408944,0.0038363359235663217,Bland | Sunday | 12
Bland,Sunday,289.02941176470586,0.07790179633123523,0.17259355799664866,0.10630932483085925,13,0.05743389059937272,0.5990396158463386,16.600083615295166,0.06368349710756155,0.061698072186945896,0.003836335923566322,Bland | Sunday | 13
Bland,Sunday,289.02941176470586,0.07790179633123523,0.17259355799664866,0.10630932483085925,14,0.05898771329093891,0.6152460984393757,17.049184073825195,0.0654063973299104,0.06331328096567657,0.0038363359235663213,Bland | Sunday | 14
Bland,Sunday,289.02941176470586,0.07790179633123523,0.17259355799664866,0.10630932483085925,15,0.062066584179783044,0.6473589435774311,17.93906831572729,0.068820292214935,0.06650557877963603,0.0038363359235663226,Bland | Sunday | 15
Bland,Sunday,289.02941176470586,0.07790179633123523,0.17259355799664866,0.10630932483085925,16,0.05285874600753892,0.5513205282112845,15.277732265178967,0.05861051311953435,0.056925987410580525,0.003836335923566322,Bland | Sunday | 16
Bland,Sunday,289.02941176470586,0.07790179633123523,0.17259355799664866,0.10630932483085925,17,0.05006762006157742,0.5222088835534213,14.471014774856506,0.05551567383124102,0.05400280384617406,0.0038363359235663217,Bland | Sunday | 17
Bland,Sunday,289.02941176470586,0.07790179633123523,0.17259355799664866,0.10630932483085925,18,0.04399620176675395,0.45888355342136855,12.716196316526206,0.04878360074021122,0.04761279671356178,0.0038363359235663217,Bland | Sunday | 18
Bland,Sunday,289.02941176470586,0.07790179633123523,0.17259355799664866,0.10630932483085925,19,0.03959370414064973,0.4129651860744298,11.44374501735779,0.04390205011022279,0.0429523044015524,0.0038363359235663217,Bland | Sunday | 19
Bland,Sunday,289.02941176470586,0.07790179633123523,0.17259355799664866,0.10630932483085925,20,0.04022674301499151,0.41956782713085233,11.626711870832986,0.04460397242303158,0.04362384182239343,0.0038363359235663217,Bland | Sunday | 20
Bland,Sunday,289.02941176470586,0.07790179633123523,0.17259355799664866,0.10630932483085925,21,0.0420970851437286,0.43907563025210083,12.167295756100614,0.04667783380178484,0.04560517818179377,0.003836335923566322,Bland | Sunday | 21
Bland,Sunday,289.02941176470586,0.07790179633123523,0.17259355799664866,0.10630932483085925,22,0.039392282680631885,0.4108643457382953,11.385528291252044,0.0436787111925109,0.042738534534341954,0.003836335923566322,Bland | Sunday | 22
Bland,Sunday,289.02941176470586,0.07790179633123523,0.17259355799664866,0.10630932483085925,23,0.034471844157338935,0.3595438175270108,9.963376839240285,0.03822286048840618,0.037501585879344046,0.003836335923566322,Bland | Sunday | 23
Brooklyn Village,Sunday,470.5882352941176,0.12683715694512707,0.043939676037981754,0.10196791267298347,0,0.03162316922280091,0.32983193277310924,14.881491398965133,0.03363227371776976,0.03307299625740712,0.0022600069318394096,Brooklyn Village | Sunday | 0
Brooklyn Village,Sunday,470.5882352941176,0.12683715694512707,0.043939676037981754,0.10196791267298347,1,0.03392512876586194,0.3538415366146459,15.964766478052677,0.0360804829055965,0.035437340446407894,0.00226000693183941,Brooklyn Village | Sunday | 1
Brooklyn Village,Sunday,470.5882352941176,0.12683715694512707,0.043939676037981754,0.10196791267298347,2,0.038644145829137055,0.4030612244897959,18.185480390182143,0.0410993117406413,0.040266187620659255,0.0022600069318394096,Brooklyn Village | Sunday | 2
Brooklyn Village,Sunday,470.5882352941176,0.12683715694512707,0.043939676037981754,0.10196791267298347,3,0.019048715218830028,0.19867947178871548,8.964101279449425,0.020258931029266222,0.020055097688599033,0.0022600069318394096,Brooklyn Village | Sunday | 3
Brooklyn Village,Sunday,470.5882352941176,0.12683715694512707,0.043939676037981754,0.10196791267298347,4,0.010905533335251632,0.1137454981992797,5.132015687177239,0.01159839102732915,0.011531388978945567,0.0022600069318394096,Brooklyn Village | Sunday | 4
Brooklyn Village,Sunday,470.5882352941176,0.12683715694512707,0.043939676037981754,0.10196791267298347,5,0.008747446263631917,0.09123649459783914,4.116445300532667,0.00930319491374159,0.0092600540821145,0.00226000693183941,Brooklyn Village | Sunday | 5
Brooklyn Village,Sunday,470.5882352941176,0.12683715694512707,0.043939676037981754,0.10196791267298347,6,0.017235922078669468,0.1797719087635054,8.111022154667983,0.018330966293852672,0.018163976052164132,0.00226000693183941,Brooklyn Village | Sunday | 6
Brooklyn Village,Sunday,470.5882352941176,0.12683715694512707,0.043939676037981754,0.10196791267298347,7,0.042845221995223434,0.44687875150060025,20.16245740951691,0.04556729350842509,0.0445446955310248,0.0022600069318394096,Brooklyn Village | Sunday | 7
Brooklyn Village,Sunday,470.5882352941176,0.12683715694512707,0.043939676037981754,0.10196791267298347,8,0.048139728944263806,0.5021008403361344,22.65399009141826,0.05119817464042657,0.04990963194240694,0.0022600069318394096,Brooklyn Village | Sunday | 8
Brooklyn Village,Sunday,470.5882352941176,0.12683715694512707,0.043939676037981754,0.10196791267298347,9,0.05717492015077835,0.5963385354141657,26.90584477683687,0.06080739570264651,0.05899553617325415,0.00226000693183941,Brooklyn Village | Sunday | 9
Brooklyn Village,Sunday,470.5882352941176,0.12683715694512707,0.043939676037981754,0.10196791267298347,10,0.056915949702183985,0.5936374549819928,26.783976330439522,0.060531972169016,0.0587363257039718,0.0022600069318394096,Brooklyn Village | Sunday | 10
Brooklyn Village,Sunday,470.5882352941176,0.12683715694512707,0.043939676037981754,0.10196791267298347,11,0.05599516588495957,0.5840336134453782,26.3506662988045,0.05955268849388531,0.0578141100720837,0.00226000693183941,Brooklyn Village | Sunday | 11
Brooklyn Village,Sunday,470.5882352941176,0.12683715694512707,0.043939676037981754,0.10196791267298347,12,0.05760653756510229,0.6008403361344538,27.10895885416578,0.061266434925364016,0.05942739500324867,0.00226000693183941,Brooklyn Village | Sunday | 12
Brooklyn Village,Sunday,470.5882352941176,0.12683715694512707,0.043939676037981754,0.10196791267298347,13,0.05743389059937272,0.5990396158463386,27.02771322323422,0.061082819236277015,0.05925467525970374,0.00226000693183941,Brooklyn Village | Sunday | 13
Brooklyn Village,Sunday,470.5882352941176,0.12683715694512707,0.043939676037981754,0.10196791267298347,14,0.05898771329093891,0.6152460984393757,27.75892390161831,0.06273536043806005,0.06080801183937323,0.0022600069318394096,Brooklyn Village | Sunday | 14
Brooklyn Village,Sunday,470.5882352941176,0.12683715694512707,0.043939676037981754,0.10196791267298347,15,0.062066584179783044,0.6473589435774311,29.207804319897903,0.06600984022677832,0.06387834740305731,0.0022600069318394096,Brooklyn Village | Sunday | 15
Brooklyn Village,Sunday,470.5882352941176,0.12683715694512707,0.043939676037981754,0.10196791267298347,16,0.05285874600753892,0.5513205282112845,24.874704003547727,0.05621700347547138,0.05466602712693713,0.0022600069318394096,Brooklyn Village | Sunday | 16
Brooklyn Village,Sunday,470.5882352941176,0.12683715694512707,0.043939676037981754,0.10196791267298347,17,0.05006762006157742,0.5222088835534213,23.561232970154077,0.05324854983523146,0.05185567792192214,0.0022600069318394096,Brooklyn Village | Sunday | 17
Brooklyn Village,Sunday,470.5882352941176,0.12683715694512707,0.043939676037981754,0.10196791267298347,18,0.04399620176675395,0.45888355342136855,20.704094949060682,0.046791398102338455,0.045713557208074906,0.00226000693183941,Brooklyn Village | Sunday | 18
Brooklyn Village,Sunday,470.5882352941176,0.12683715694512707,0.043939676037981754,0.10196791267298347,19,0.03959370414064973,0.4129651860744298,18.632331360305752,0.04210919803061983,0.04123492040250065,0.00226000693183941,Brooklyn Village | Sunday | 19
Brooklyn Village,Sunday,470.5882352941176,0.12683715694512707,0.043939676037981754,0.10196791267298347,20,0.04022674301499151,0.41956782713085233,18.930232007054826,0.04278245555727218,0.04188019896493256,0.00226000693183941,Brooklyn Village | Sunday | 20
Brooklyn Village,Sunday,470.5882352941176,0.12683715694512707,0.043939676037981754,0.10196791267298347,21,0.0420970851437286,0.43907563025210083,19.810393008813456,0.0447716255223814,0.043784167809506336,0.00226000693183941,Brooklyn Village | Sunday | 21
Brooklyn Village,Sunday,470.5882352941176,0.12683715694512707,0.043939676037981754,0.10196791267298347,22,0.039392282680631885,0.4108643457382953,18.53754479088559,0.04189497972668498,0.04102951337309013,0.00226000693183941,Brooklyn Village | Sunday | 22
Brooklyn Village,Sunday,470.5882352941176,0.12683715694512707,0.043939676037981754,0.10196791267298347,23,0.034471844157338935,0.3595438175270108,16.222044309335967,0.036661932587705344,0.035998022078304714,0.00226000693183941,Brooklyn Village | Sunday | 23
Carson,Sunday,181.7058823529412,0.048974997225437196,0.030720536212995718,0.04349865892170475,0,0.03162316922280091,0.32983193277310924,5.746115866425413,0.014347246745184129,0.014244815454728443,0.0024968599796281817,Carson | Sunday | 0
Carson,Sunday,181.7058823529412,0.048974997225437196,0.030720536212995718,0.04349865892170475,1,0.03392512876586194,0.3538415366146459,6.164395456338091,0.015391632313532385,0.01527378652859368,0.002496859979628182,Carson | Sunday | 1
Carson,Sunday,181.7058823529412,0.048974997225437196,0.030720536212995718,0.04349865892170475,2,0.038644145829137055,0.4030612244897959,7.021868615659081,0.0175326227286463,0.017379820609280228,0.0024968599796281817,Carson | Sunday | 2
Carson,Sunday,181.7058823529412,0.048974997225437196,0.030720536212995718,0.04349865892170475,3,0.019048715218830028,0.19867947178871548,3.4612636065274094,0.008642290578081796,0.008605053333770596,0.0024968599796281825,Carson | Sunday | 3
Carson,Sunday,181.7058823529412,0.048974997225437196,0.030720536212995718,0.04349865892170475,4,0.010905533335251632,0.1137454981992797,1.9815995572113114,0.00494777663004985,0.004935556545649145,0.002496859979628182,Carson | Sunday | 4
Carson,Sunday,181.7058823529412,0.048974997225437196,0.030720536212995718,0.04349865892170475,5,0.008747446263631917,0.09123649459783914,1.5894624416681762,0.003968665159723363,0.003960800415766741,0.002496859979628182,Carson | Sunday | 5
Carson,Sunday,181.7058823529412,0.048974997225437196,0.030720536212995718,0.04349865892170475,6,0.017235922078669468,0.1797719087635054,3.131868429471176,0.007819836943007547,0.0077893415595147175,0.002496859979628182,Carson | Sunday | 6
Carson,Sunday,181.7058823529412,0.048974997225437196,0.030720536212995718,0.04349865892170475,7,0.042845221995223434,0.44687875150060025,7.785228867249717,0.019438626390881866,0.019250914547386033,0.002496859979628182,Carson | Sunday | 7
Carson,Sunday,181.7058823529412,0.048974997225437196,0.030720536212995718,0.04349865892170475,8,0.048139728944263806,0.5021008403361344,8.747271924048876,0.021840713198082846,0.02160393177948783,0.002496859979628182,Carson | Sunday | 8
Carson,Sunday,181.7058823529412,0.048974997225437196,0.030720536212995718,0.04349865892170475,9,0.05717492015077835,0.5963385354141657,10.389019314456137,0.025939926553849742,0.02560637696657808,0.002496859979628182,Carson | Sunday | 9
Carson,Sunday,181.7058823529412,0.048974997225437196,0.030720536212995718,0.04349865892170475,10,0.056915949702183985,0.5936374549819928,10.34196286059096,0.025822433177410564,0.02549188544396097,0.002496859979628182,Carson | Sunday | 10
Carson,Sunday,181.7058823529412,0.048974997225437196,0.030720536212995718,0.04349865892170475,11,0.05599516588495957,0.5840336134453782,10.17465102462589,0.02540467895007126,0.02508469551279313,0.002496859979628182,Carson | Sunday | 11
Carson,Sunday,181.7058823529412,0.048974997225437196,0.030720536212995718,0.04349865892170475,12,0.05760653756510229,0.6008403361344538,10.467446737564764,0.026135748847915037,0.025797166280152828,0.002496859979628182,Carson | Sunday | 12
Carson,Sunday,181.7058823529412,0.048974997225437196,0.030720536212995718,0.04349865892170475,13,0.05743389059937272,0.5990396158463386,10.436075768321315,0.02605741993028892,0.02572085503798982,0.0024968599796281817,Carson | Sunday | 13
Carson,Sunday,181.7058823529412,0.048974997225437196,0.030720536212995718,0.04349865892170475,14,0.05898771329093891,0.6152460984393757,10.718414491512371,0.02676238018892399,0.026407441079633887,0.002496859979628182,Carson | Sunday | 14
Carson,Sunday,181.7058823529412,0.048974997225437196,0.030720536212995718,0.04349865892170475,15,0.062066584179783044,0.6473589435774311,11.277863443020578,0.028159245886589784,0.027766469717467435,0.0024968599796281825,Carson | Sunday | 15
Carson,Sunday,181.7058823529412,0.048974997225437196,0.030720536212995718,0.04349865892170475,16,0.05285874600753892,0.5513205282112845,9.604745083369867,0.023981703613196768,0.02369642757770385,0.002496859979628182,Carson | Sunday | 16
Carson,Sunday,181.7058823529412,0.048974997225437196,0.030720536212995718,0.04349865892170475,17,0.05006762006157742,0.5222088835534213,9.097581080600744,0.022715386111574507,0.02245933416584267,0.002496859979628182,Carson | Sunday | 17
Carson,Sunday,181.7058823529412,0.048974997225437196,0.030720536212995718,0.04349865892170475,18,0.04399620176675395,0.45888355342136855,7.994368662206057,0.01996081917505599,0.019762920948236062,0.002496859979628182,Carson | Sunday | 18
Carson,Sunday,181.7058823529412,0.048974997225437196,0.030720536212995718,0.04349865892170475,19,0.03959370414064973,0.4129651860744298,7.19440894649806,0.01796343177558996,0.017803051099963163,0.0024968599796281825,Carson | Sunday | 19
Carson,Sunday,181.7058823529412,0.048974997225437196,0.030720536212995718,0.04349865892170475,20,0.04022674301499151,0.41956782713085233,7.309435833724046,0.018250637806885725,0.01808510348209602,0.002496859979628182,Carson | Sunday | 20
Carson,Sunday,181.7058823529412,0.048974997225437196,0.030720536212995718,0.04349865892170475,21,0.0420970851437286,0.43907563025210083,7.649288000528097,0.019099201081168683,0.018917966983086787,0.002496859979628182,Carson | Sunday | 21
Carson,Sunday,181.7058823529412,0.048974997225437196,0.030720536212995718,0.04349865892170475,22,0.039392282680631885,0.4108643457382953,7.1578094823807,0.017872048038359484,0.01771329017079415,0.002496859979628182,Carson | Sunday | 22
Carson,Sunday,181.7058823529412,0.048974997225437196,0.030720536212995718,0.04349865892170475,23,0.034471844157338935,0.3595438175270108,6.263736858942352,0.015639673886015094,0.015518009277098677,0.002496859979628182,Carson | Sunday | 23
CTC/Arena,Sunday,1270.2058823529412,0.3423572685618252,0.34984174269223606,0.34460261080094845,0,0.03162316922280091,0.32983193277310924,40.1679355654442,0.11366094515913636,0.1074394684463762,0.0028296436836778077,CTC/Arena | Sunday | 0
CTC/Arena,Sunday,1270.2058823529412,0.3423572685618252,0.34984174269223606,0.34460261080094845,1,0.03392512876586194,0.3538415366146459,43.091898117978815,0.12193471732722637,0.11479384475985999,0.0028296436836778077,CTC/Arena | Sunday | 1
CTC/Arena,Sunday,1270.2058823529412,0.3423572685618252,0.34984174269223606,0.34460261080094845,2,0.038644145829137055,0.4030612244897959,49.08602135067477,0.13889595027181087,0.12968141984106651,0.0028296436836778077,CTC/Arena | Sunday | 2
CTC/Arena,Sunday,1270.2058823529412,0.3423572685618252,0.34984174269223606,0.34460261080094845,3,0.019048715218830028,0.19867947178871548,24.195790122223894,0.06846546469094474,0.06617429049387036,0.0028296436836778077,CTC/Arena | Sunday | 3
CTC/Arena,Sunday,1270.2058823529412,0.3423572685618252,0.34984174269223606,0.34460261080094845,4,0.010905533335251632,0.1137454981992797,13.852272592632714,0.039196995646326366,0.038438732895945016,0.0028296436836778077,CTC/Arena | Sunday | 4
CTC/Arena,Sunday,1270.2058823529412,0.3423572685618252,0.34984174269223606,0.34460261080094845,5,0.008747446263631917,0.09123649459783914,11.111057699631518,0.031440334238742,0.03095122623835167,0.002829643683677808,CTC/Arena | Sunday | 5
CTC/Arena,Sunday,1270.2058823529412,0.3423572685618252,0.34984174269223606,0.34460261080094845,6,0.017235922078669468,0.1797719087635054,21.89316961210289,0.06194986910857387,0.06006999486092757,0.0028296436836778077,CTC/Arena | Sunday | 6
CTC/Arena,Sunday,1270.2058823529412,0.3423572685618252,0.34984174269223606,0.34460261080094845,7,0.042845221995223434,0.44687875150060025,54.42225300905043,0.15399558447857511,0.1427241936772098,0.0028296436836778077,CTC/Arena | Sunday | 7
CTC/Arena,Sunday,1270.2058823529412,0.3423572685618252,0.34984174269223606,0.34460261080094845,8,0.048139728944263806,0.5021008403361344,61.14736687988003,0.1730252604651821,0.15888363241445103,0.0028296436836778077,CTC/Arena | Sunday | 8
CTC/Arena,Sunday,1270.2058823529412,0.3423572685618252,0.34984174269223606,0.34460261080094845,9,0.05717492015077835,0.5963385354141657,72.62391989857838,0.20549981622493535,0.1857597557958065,0.0028296436836778077,CTC/Arena | Sunday | 9
CTC/Arena,Sunday,1270.2058823529412,0.3423572685618252,0.34984174269223606,0.34460261080094845,10,0.056915949702183985,0.5936374549819928,72.29497411141823,0.20456901685602524,0.1850015086571256,0.002829643683677808,CTC/Arena | Sunday | 10
CTC/Arena,Sunday,1270.2058823529412,0.3423572685618252,0.34984174269223606,0.34460261080094845,11,0.05599516588495957,0.5840336134453782,71.12538909040438,0.20125950798878922,0.18229979571773158,0.0028296436836778077,CTC/Arena | Sunday | 11
CTC/Arena,Sunday,1270.2058823529412,0.3423572685618252,0.34984174269223606,0.34460261080094845,12,0.05760653756510229,0.6008403361344538,73.17216287717861,0.2070511485064522,0.1870219336897616,0.0028296436836778077,CTC/Arena | Sunday | 12
CTC/Arena,Sunday,1270.2058823529412,0.3423572685618252,0.34984174269223606,0.34460261080094845,13,0.05743389059937272,0.5990396158463386,72.95286568573852,0.20643061559384548,0.18651729748689527,0.002829643683677808,CTC/Arena | Sunday | 13
CTC/Arena,Sunday,1270.2058823529412,0.3423572685618252,0.34984174269223606,0.34460261080094845,14,0.05898771329093891,0.6152460984393757,74.92654040869938,0.2120154118073062,0.1910477699454629,0.0028296436836778073,CTC/Arena | Sunday | 14
CTC/Arena,Sunday,1270.2058823529412,0.3423572685618252,0.34984174269223606,0.34460261080094845,15,0.062066584179783044,0.6473589435774311,78.83734032271443,0.22308158208212664,0.19995042307822752,0.002829643683677808,CTC/Arena | Sunday | 15
CTC/Arena,Sunday,1270.2058823529412,0.3423572685618252,0.34984174269223606,0.34460261080094845,16,0.05285874600753892,0.5513205282112845,67.14149011257598,0.1899864934097666,0.17302969658304512,0.0028296436836778077,CTC/Arena | Sunday | 16
CTC/Arena,Sunday,1270.2058823529412,0.3423572685618252,0.34984174269223606,0.34460261080094845,17,0.05006762006157742,0.5222088835534213,63.59618551762777,0.17995454465595745,0.16469182023097395,0.0028296436836778073,CTC/Arena | Sunday | 17
CTC/Arena,Sunday,1270.2058823529412,0.3423572685618252,0.34984174269223606,0.34460261080094845,18,0.04399620176675395,0.45888355342136855,55.88423428531773,0.15813247056262011,0.14626332050098945,0.002829643683677808,CTC/Arena | Sunday | 18
CTC/Arena,Sunday,1270.2058823529412,0.3423572685618252,0.34984174269223606,0.34460261080094845,19,0.03959370414064973,0.4129651860744298,50.292155903595294,0.142308881291148,0.13264669410342445,0.0028296436836778077,CTC/Arena | Sunday | 19
CTC/Arena,Sunday,1270.2058823529412,0.3423572685618252,0.34984174269223606,0.34460261080094845,20,0.04022674301499151,0.41956782713085233,51.09624560554231,0.14458416863737272,0.1346179286920668,0.0028296436836778077,CTC/Arena | Sunday | 20
CTC/Arena,Sunday,1270.2058823529412,0.3423572685618252,0.34984174269223606,0.34460261080094845,21,0.0420970851437286,0.43907563025210083,53.471965179476676,0.15130660852394584,0.14041589756200945,0.0028296436836778077,CTC/Arena | Sunday | 21
CTC/Arena,Sunday,1270.2058823529412,0.3423572685618252,0.34984174269223606,0.34460261080094845,22,0.039392282680631885,0.4108643457382953,50.03630918024851,0.1415849262264401,0.1320185419351928,0.0028296436836778077,CTC/Arena | Sunday | 22
CTC/Arena,Sunday,1270.2058823529412,0.3423572685618252,0.34984174269223606,0.34460261080094845,23,0.034471844157338935,0.3595438175270108,43.78633922420578,0.12389973821714774,0.11653158543926323,0.0028296436836778077,CTC/Arena | Sunday | 23
East/West,Sunday,496.2058823529412,0.13374185467632746,0.09998138149320425,0.12361371272139049,0,0.03162316922280091,0.32983193277310924,15.6916025869963,0.040771749784156104,0.03995176384154853,0.0025983164917740037,East/West | Sunday | 0
East/West,Sunday,496.2058823529412,0.13374185467632746,0.09998138149320425,0.12361371272139049,1,0.03392512876586194,0.3538415366146459,16.83384845320167,0.04373966605597821,0.04279688249795777,0.002598316491774004,East/West | Sunday | 1
East/West,Sunday,496.2058823529412,0.13374185467632746,0.09998138149320425,0.12361371272139049,2,0.038644145829137055,0.4030612244897959,19.175452478922686,0.04982389441321351,0.04860304393212622,0.0025983164917740033,East/West | Sunday | 2
East/West,Sunday,496.2058823529412,0.13374185467632746,0.09998138149320425,0.12361371272139049,3,0.019048715218830028,0.19867947178871548,9.452084542849454,0.02455950714932788,0.024260376292716157,0.0025983164917740037,East/West | Sunday | 3
East/West,Sunday,496.2058823529412,0.13374185467632746,0.09998138149320425,0.12361371272139049,4,0.010905533335251632,0.1137454981992797,5.4113897911479505,0.014060503337757201,0.013962116125075696,0.0025983164917740037,East/West | Sunday | 4
East/West,Sunday,496.2058823529412,0.13374185467632746,0.09998138149320425,0.12361371272139049,5,0.008747446263631917,0.09123649459783914,4.340534291580415,0.011278081832923982,0.011214722681598732,0.0025983164917740033,East/West | Sunday | 5
East/West,Sunday,496.2058823529412,0.13374185467632746,0.09998138149320425,0.12361371272139049,6,0.017235922078669468,0.1797719087635054,8.552565923212724,0.022222273085267977,0.021977177260620318,0.0025983164917740037,East/West | Sunday | 6
East/West,Sunday,496.2058823529412,0.13374185467632746,0.09998138149320425,0.12361371272139049,7,0.042845221995223434,0.44687875150060025,21.26005118474749,0.05524034160928885,0.05374230447590689,0.0025983164917740037,East/West | Sunday | 7
East/West,Sunday,496.2058823529412,0.13374185467632746,0.09998138149320425,0.12361371272139049,8,0.048139728944263806,0.5021008403361344,23.887216677019843,0.062066549034479675,0.06017965942633274,0.0025983164917740037,East/West | Sunday | 8
East/West,Sunday,496.2058823529412,0.13374185467632746,0.09998138149320425,0.12361371272139049,9,0.05717492015077835,0.5963385354141657,28.37053170187593,0.07371562040138142,0.07106417331995452,0.0025983164917740037,East/West | Sunday | 9
East/West,Sunday,496.2058823529412,0.13374185467632746,0.09998138149320425,0.12361371272139049,10,0.056915949702183985,0.5936374549819928,28.242029041927825,0.07338172982080145,0.07075395861146017,0.002598316491774004,East/West | Sunday | 10
East/West,Sunday,496.2058823529412,0.13374185467632746,0.09998138149320425,0.12361371272139049,11,0.05599516588495957,0.5840336134453782,27.785130695445677,0.07219456331207261,0.0696501337504426,0.002598316491774004,East/West | Sunday | 11
East/West,Sunday,496.2058823529412,0.13374185467632746,0.09998138149320425,0.12361371272139049,12,0.05760653756510229,0.6008403361344538,28.584702801789437,0.07427210470234806,0.07158096771678657,0.0025983164917740037,East/West | Sunday | 12
East/West,Sunday,496.2058823529412,0.13374185467632746,0.09998138149320425,0.12361371272139049,13,0.05743389059937272,0.5990396158463386,28.499034361824037,0.07404951098196141,0.07137428446796967,0.0025983164917740037,East/West | Sunday | 13
East/West,Sunday,496.2058823529412,0.13374185467632746,0.09998138149320425,0.12361371272139049,14,0.05898771329093891,0.6152460984393757,29.27005032151266,0.07605285446544133,0.07323277852122634,0.0025983164917740037,East/West | Sunday | 14
East/West,Sunday,496.2058823529412,0.13374185467632746,0.09998138149320425,0.12361371272139049,15,0.062066584179783044,0.6473589435774311,30.797804167562347,0.0800224424790034,0.07690437040011677,0.002598316491774004,East/West | Sunday | 15
East/West,Sunday,496.2058823529412,0.13374185467632746,0.09998138149320425,0.12361371272139049,16,0.05285874600753892,0.5513205282112845,26.228820702740858,0.06815077739171499,0.06588038116105299,0.0025983164917740037,East/West | Sunday | 16
East/West,Sunday,496.2058823529412,0.13374185467632746,0.09998138149320425,0.12361371272139049,17,0.05006762006157742,0.5222088835534213,24.843847589966842,0.06455217891213068,0.06251280407621174,0.0025983164917740037,East/West | Sunday | 17
East/West,Sunday,496.2058823529412,0.13374185467632746,0.09998138149320425,0.12361371272139049,18,0.04399620176675395,0.45888355342136855,21.831174117850175,0.0567242997451999,0.05514546990497482,0.0025983164917740037,East/West | Sunday | 18
East/West,Sunday,496.2058823529412,0.13374185467632746,0.09998138149320425,0.12361371272139049,19,0.03959370414064973,0.4129651860744298,19.646628898732402,0.05104815987534013,0.04976709366787635,0.0025983164917740037,East/West | Sunday | 19
East/West,Sunday,496.2058823529412,0.13374185467632746,0.09998138149320425,0.12361371272139049,20,0.04022674301499151,0.41956782713085233,19.960746511938876,0.05186433685009121,0.050542335476383204,0.002598316491774004,East/West | Sunday | 20
East/West,Sunday,496.2058823529412,0.13374185467632746,0.09998138149320425,0.12361371272139049,21,0.0420970851437286,0.43907563025210083,20.888821278230743,0.05427576882094667,0.052829129711082,0.0025983164917740037,East/West | Sunday | 21
East/West,Sunday,496.2058823529412,0.13374185467632746,0.09998138149320425,0.12361371272139049,22,0.039392282680631885,0.4108643457382953,19.54668238543943,0.05078846720155569,0.04952029309895023,0.0025983164917740037,East/West | Sunday | 22
East/West,Sunday,496.2058823529412,0.13374185467632746,0.09998138149320425,0.12361371272139049,23,0.034471844157338935,0.3595438175270108,17.105131846425447,0.044444546170535955,0.04347135820089587,0.0025983164917740037,East/West | Sunday | 23
