{
"type": "FeatureCollection",
"name": "poi_env_updated",
"crs": { "type": "name", "properties": { "name": "urn:ogc:def:crs:OGC:1.3:CRS84" } },
"features": [
{ "type": "Feature", "properties": { "osm_id": 957284836, "name": "6th Street", "lat": 35.2266274, "lon": -80.8334557, "tags": { "amenity": "parking", "name": "6th Street", "wheelchair": "yes" }, "amenity": "parking", "shop": null, "leisure": null, "tourism": null, "office": null, "public_transport": null, "healthcare": null, "craft": null, "stations_in_radius": "['9th Street' '7th Street']", "stations_in_radius_dist_m": "[368.59 424.11]", "poi_cluster": "env", "index_right": 6, "centroid_id": 168, "dist_m": 46.065794397293836 }, "geometry": { "type": "Point", "coordinates": [ -80.8334557, 35.2266274 ] } },
{ "type": "Feature", "properties": { "osm_id": 4001610982, "name": null, "lat": 35.2297382, "lon": -80.8396061, "tags": { "amenity": "bicycle_parking", "bicycle_parking": "stands", "capacity": "2" }, "amenity": "bicycle_parking", "shop": null, "leisure": null, "tourism": null, "office": null, "public_transport": null, "healthcare": null, "craft": null, "stations_in_radius": "['7th Street' '9th Street']", "stations_in_radius_dist_m": "[312.71 419.16]", "poi_cluster": "env", "index_right": 87, "centroid_id": 124, "dist_m": 38.197325974273404 }, "geometry": { "type": "Point", "coordinates": [ -80.8396061, 35.2297382 ] } },
{ "type": "Feature", "properties": { "osm_id": 4001610992, "name": null, "lat": 35.2295043, "lon": -80.8400177, "tags": { "amenity": "waste_basket" }, "amenity": "waste_basket", "shop": null, "leisure": null, "tourism": null, "office": null, "public_transport": null, "healthcare": null, "craft": null, "stations_in_radius": "['7th Street' '9th Street']", "stations_in_radius_dist_m": "[309.7  457.11]", "poi_cluster": "env", "index_right": 87, "centroid_id": 124, "dist_m": 18.382234825954004 }, "geometry": { "type": "Point", "coordinates": [ -80.8400177, 35.2295043 ] } },
{ "type": "Feature", "properties": { "osm_id": 9267613529, "name": null, "lat": 35.2273931, "lon": -80.8363229, "tags": { "amenity": "bench", "armrest": "yes", "backrest": "yes", "direction": "323", "material": "wood" }, "amenity": "bench", "shop": null, "leisure": null, "tourism": null, "office": null, "public_transport": null, "healthcare": null, "craft": null, "stations_in_radius": "['7th Street' '9th Street']", "stations_in_radius_dist_m": "[159.24 282.74]", "poi_cluster": "env", "index_right": 105, "centroid_id": 152, "dist_m": 61.900494094527808 }, "geometry": { "type": "Point", "coordinates": [ -80.8363229, 35.2273931 ] } },
{ "type": "Feature", "properties": { "osm_id": 9267613530, "name": null, "lat": 35.2275849, "lon": -80.8360686, "tags": { "amenity": "bench", "armrest": "yes", "backrest": "yes", "material": "wood" }, "amenity": "bench", "shop": null, "leisure": null, "tourism": null, "office": null, "public_transport": null, "healthcare": null, "craft": null, "stations_in_radius": "['7th Street' '9th Street']", "stations_in_radius_dist_m": "[185.68 253.92]", "poi_cluster": "env", "index_right": 105, "centroid_id": 152, "dist_m": 33.040193603034623 }, "geometry": { "type": "Point", "coordinates": [ -80.8360686, 35.2275849 ] } },
{ "type": "Feature", "properties": { "osm_id": 9267613531, "name": null, "lat": 35.2278173, "lon": -80.8359738, "tags": { "amenity": "bench", "armrest": "yes", "backrest": "yes", "material": "wood" }, "amenity": "bench", "shop": null, "leisure": null, "tourism": null, "office": null, "public_transport": null, "healthcare": null, "craft": null, "stations_in_radius": "['7th Street' '9th Street']", "stations_in_radius_dist_m": "[201.07 226.82]", "poi_cluster": "env", "index_right": 105, "centroid_id": 152, "dist_m": 31.149585627299984 }, "geometry": { "type": "Point", "coordinates": [ -80.8359738, 35.2278173 ] } },
{ "type": "Feature", "properties": { "osm_id": 9267613532, "name": null, "lat": 35.2279177, "lon": -80.8362047, "tags": { "amenity": "bench", "armrest": "yes", "backrest": "yes", "material": "wood" }, "amenity": "bench", "shop": null, "leisure": null, "tourism": null, "office": null, "public_transport": null, "healthcare": null, "craft": null, "stations_in_radius": "['7th Street' '9th Street']", "stations_in_radius_dist_m": "[185.72 226.02]", "poi_cluster": "env", "index_right": 105, "centroid_id": 152, "dist_m": 54.635036941927872 }, "geometry": { "type": "Point", "coordinates": [ -80.8362047, 35.2279177 ] } },
{ "type": "Feature", "properties": { "osm_id": 9267613533, "name": null, "lat": 35.2280345, "lon": -80.836226, "tags": { "amenity": "bench", "armrest": "yes", "backrest": "yes", "material": "wood" }, "amenity": "bench", "shop": null, "leisure": null, "tourism": null, "office": null, "public_transport": null, "healthcare": null, "craft": null, "stations_in_radius": "['7th Street' '9th Street']", "stations_in_radius_dist_m": "[189.77 215.78]", "poi_cluster": "env", "index_right": 105, "centroid_id": 152, "dist_m": 64.316335070835365 }, "geometry": { "type": "Point", "coordinates": [ -80.836226, 35.2280345 ] } },
{ "type": "Feature", "properties": { "osm_id": 9267613534, "name": null, "lat": 35.2279248, "lon": -80.836606, "tags": { "amenity": "bench", "backrest": "yes" }, "amenity": "bench", "shop": null, "leisure": null, "tourism": null, "office": null, "public_transport": null, "healthcare": null, "craft": null, "stations_in_radius": "['7th Street' '9th Street']", "stations_in_radius_dist_m": "[153.67 245.18]", "poi_cluster": "env", "index_right": 7, "centroid_id": 145, "dist_m": 70.704421250521179 }, "geometry": { "type": "Point", "coordinates": [ -80.836606, 35.227924799999982 ] } },
{ "type": "Feature", "properties": { "osm_id": 9267613535, "name": null, "lat": 35.2280331, "lon": -80.8367858, "tags": { "amenity": "bench", "backrest": "yes" }, "amenity": "bench", "shop": null, "leisure": null, "tourism": null, "office": null, "public_transport": null, "healthcare": null, "craft": null, "stations_in_radius": "['7th Street' '9th Street']", "stations_in_radius_dist_m": "[146.89 246.13]", "poi_cluster": "env", "index_right": 7, "centroid_id": 145, "dist_m": 56.293415400502042 }, "geometry": { "type": "Point", "coordinates": [ -80.8367858, 35.2280331 ] } },
{ "type": "Feature", "properties": { "osm_id": 9267613536, "name": null, "lat": 35.2280764, "lon": -80.8364285, "tags": { "amenity": "bench", "backrest": "yes" }, "amenity": "bench", "shop": null, "leisure": null, "tourism": null, "office": null, "public_transport": null, "healthcare": null, "craft": null, "stations_in_radius": "['7th Street' '9th Street']", "stations_in_radius_dist_m": "[176.24 222.08]", "poi_cluster": "env", "index_right": 7, "centroid_id": 145, "dist_m": 61.981884071382865 }, "geometry": { "type": "Point", "coordinates": [ -80.8364285, 35.2280764 ] } },
{ "type": "Feature", "properties": { "osm_id": 9267613537, "name": null, "lat": 35.2282826, "lon": -80.8362438, "tags": { "amenity": "bench", "armrest": "yes", "backrest": "yes", "material": "wood" }, "amenity": "bench", "shop": null, "leisure": null, "tourism": null, "office": null, "public_transport": null, "healthcare": null, "craft": null, "stations_in_radius": "['9th Street' '7th Street']", "stations_in_radius_dist_m": "[193.7  202.98]", "poi_cluster": "env", "index_right": 7, "centroid_id": 145, "dist_m": 58.783574395093744 }, "geometry": { "type": "Point", "coordinates": [ -80.8362438, 35.2282826 ] } },
{ "type": "Feature", "properties": { "osm_id": 9267613538, "name": null, "lat": 35.228302, "lon": -80.8359843, "tags": { "amenity": "bench", "armrest": "yes", "backrest": "yes", "material": "wood" }, "amenity": "bench", "shop": null, "leisure": null, "tourism": null, "office": null, "public_transport": null, "healthcare": null, "craft": null, "stations_in_radius": "['9th Street' '7th Street']", "stations_in_radius_dist_m": "[179.05 223.78]", "poi_cluster": "env", "index_right": 105, "centroid_id": 152, "dist_m": 77.80676211745579 }, "geometry": { "type": "Point", "coordinates": [ -80.8359843, 35.228302 ] } },
{ "type": "Feature", "properties": { "osm_id": 9267613539, "name": null, "lat": 35.2281747, "lon": -80.8360596, "tags": { "amenity": "bench", "armrest": "yes", "backrest": "yes", "material": "wood" }, "amenity": "bench", "shop": null, "leisure": null, "tourism": null, "office": null, "public_transport": null, "healthcare": null, "craft": null, "stations_in_radius": "['9th Street' '7th Street']", "stations_in_radius_dist_m": "[194.71 210.58]", "poi_cluster": "env", "index_right": 105, "centroid_id": 152, "dist_m": 67.520474600737018 }, "geometry": { "type": "Point", "coordinates": [ -80.8360596, 35.2281747 ] } },
{ "type": "Feature", "properties": { "osm_id": 9267613540, "name": null, "lat": 35.2284055, "lon": -80.8363923, "tags": { "amenity": "bench", "backrest": "yes" }, "amenity": "bench", "shop": null, "leisure": null, "tourism": null, "office": null, "public_transport": null, "healthcare": null, "craft": null, "stations_in_radius": "['9th Street' '7th Street']", "stations_in_radius_dist_m": "[191.47 200.79]", "poi_cluster": "env", "index_right": 7, "centroid_id": 145, "dist_m": 40.699318089687225 }, "geometry": { "type": "Point", "coordinates": [ -80.8363923, 35.2284055 ] } },
{ "type": "Feature", "properties": { "osm_id": 9267613541, "name": null, "lat": 35.2280715, "lon": -80.8359485, "tags": { "amenity": "bench", "armrest": "yes", "backrest": "yes", "material": "wood" }, "amenity": "bench", "shop": null, "leisure": null, "tourism": null, "office": null, "public_transport": null, "healthcare": null, "craft": null, "stations_in_radius": "['9th Street' '7th Street']", "stations_in_radius_dist_m": "[200.17 214.09]", "poi_cluster": "env", "index_right": 105, "centroid_id": 152, "dist_m": 52.787884032676544 }, "geometry": { "type": "Point", "coordinates": [ -80.8359485, 35.2280715 ] } },
{ "type": "Feature", "properties": { "osm_id": 9267613542, "name": null, "lat": 35.2278255, "lon": -80.8357588, "tags": { "amenity": "bench", "armrest": "yes", "backrest": "yes", "material": "wood" }, "amenity": "bench", "shop": null, "leisure": null, "tourism": null, "office": null, "public_transport": null, "healthcare": null, "craft": null, "stations_in_radius": "['9th Street' '7th Street']", "stations_in_radius_dist_m": "[219.05 219.91]", "poi_cluster": "env", "index_right": 105, "centroid_id": 152, "dist_m": 21.330834274968144 }, "geometry": { "type": "Point", "coordinates": [ -80.8357588, 35.227825499999987 ] } },
{ "type": "Feature", "properties": { "osm_id": 10972319438, "name": null, "lat": 35.2274034, "lon": -80.8363056, "tags": { "amenity": "bench", "armrest": "yes", "backrest": "yes", "direction": "323", "material": "wood" }, "amenity": "bench", "shop": null, "leisure": null, "tourism": null, "office": null, "public_transport": null, "healthcare": null, "craft": null, "stations_in_radius": "['7th Street' '9th Street']", "stations_in_radius_dist_m": "[160.94 281.04]", "poi_cluster": "env", "index_right": 105, "centroid_id": 152, "dist_m": 59.986166000423829 }, "geometry": { "type": "Point", "coordinates": [ -80.8363056, 35.2274034 ] } },
{ "type": "Feature", "properties": { "osm_id": 10972350809, "name": null, "lat": 35.2272489, "lon": -80.8365849, "tags": { "amenity": "bench", "armrest": "yes", "backrest": "yes", "material": "wood" }, "amenity": "bench", "shop": null, "leisure": null, "tourism": null, "office": null, "public_transport": null, "healthcare": null, "craft": null, "stations_in_radius": "['7th Street' '9th Street' 'CTC/Arena']", "stations_in_radius_dist_m": "[134.27 307.72 503.39]", "poi_cluster": "env", "index_right": 95, "centroid_id": 144, "dist_m": 37.875590692629657 }, "geometry": { "type": "Point", "coordinates": [ -80.8365849, 35.2272489 ] } },
{ "type": "Feature", "properties": { "osm_id": 10972350810, "name": null, "lat": 35.2276345, "lon": -80.8361351, "tags": { "amenity": "bench", "backrest": "yes", "material": "wood" }, "amenity": "bench", "shop": null, "leisure": null, "tourism": null, "office": null, "public_transport": null, "healthcare": null, "craft": null, "stations_in_radius": "['7th Street' '9th Street']", "stations_in_radius_dist_m": "[181.09 251.28]", "poi_cluster": "env", "index_right": 105, "centroid_id": 152, "dist_m": 38.58014785476265 }, "geometry": { "type": "Point", "coordinates": [ -80.8361351, 35.227634499999986 ] } },
{ "type": "Feature", "properties": { "osm_id": 10972350811, "name": null, "lat": 35.2272764, "lon": -80.8366969, "tags": { "amenity": "bench", "armrest": "yes", "backrest": "yes", "material": "wood" }, "amenity": "bench", "shop": null, "leisure": null, "tourism": null, "office": null, "public_transport": null, "healthcare": null, "craft": null, "stations_in_radius": "['7th Street' '9th Street' 'CTC/Arena']", "stations_in_radius_dist_m": "[124.2  309.98 496.11]", "poi_cluster": "env", "index_right": 95, "centroid_id": 144, "dist_m": 36.350746997897041 }, "geometry": { "type": "Point", "coordinates": [ -80.8366969, 35.2272764 ] } },
{ "type": "Feature", "properties": { "osm_id": 10972350812, "name": null, "lat": 35.227259, "lon": -80.8365574, "tags": { "amenity": "bench", "armrest": "yes", "backrest": "yes", "material": "wood" }, "amenity": "bench", "shop": null, "leisure": null, "tourism": null, "office": null, "public_transport": null, "healthcare": null, "craft": null, "stations_in_radius": "['7th Street' '9th Street' 'CTC/Arena']", "stations_in_radius_dist_m": "[136.8  305.56 506.12]", "poi_cluster": "env", "index_right": 95, "centroid_id": 144, "dist_m": 40.204816726954469 }, "geometry": { "type": "Point", "coordinates": [ -80.8365574, 35.227259 ] } },
{ "type": "Feature", "properties": { "osm_id": 10972350813, "name": null, "lat": 35.2272418, "lon": -80.8365826, "tags": { "amenity": "bench", "armrest": "yes", "backrest": "yes", "material": "wood" }, "amenity": "bench", "shop": null, "leisure": null, "tourism": null, "office": null, "public_transport": null, "healthcare": null, "craft": null, "stations_in_radius": "['7th Street' '9th Street' 'CTC/Arena']", "stations_in_radius_dist_m": "[134.46 308.32 503.18]", "poi_cluster": "env", "index_right": 95, "centroid_id": 144, "dist_m": 37.333812787448522 }, "geometry": { "type": "Point", "coordinates": [ -80.8365826, 35.2272418 ] } },
{ "type": "Feature", "properties": { "osm_id": 10972350815, "name": null, "lat": 35.2274695, "lon": -80.8363998, "tags": { "amenity": "bench", "armrest": "yes", "backrest": "yes", "material": "wood" }, "amenity": "bench", "shop": null, "leisure": null, "tourism": null, "office": null, "public_transport": null, "healthcare": null, "craft": null, "stations_in_radius": "['7th Street' '9th Street']", "stations_in_radius_dist_m": "[153.59 278.23]", "poi_cluster": "env", "index_right": 105, "centroid_id": 152, "dist_m": 65.367081327806716 }, "geometry": { "type": "Point", "coordinates": [ -80.8363998, 35.2274695 ] } },
{ "type": "Feature", "properties": { "osm_id": 10972350817, "name": null, "lat": 35.227835, "lon": -80.8360033, "tags": { "amenity": "bench", "armrest": "yes", "backrest": "yes", "material": "wood" }, "amenity": "bench", "shop": null, "leisure": null, "tourism": null, "office": null, "public_transport": null, "healthcare": null, "craft": null, "stations_in_radius": "['7th Street' '9th Street']", "stations_in_radius_dist_m": "[199.2  226.08]", "poi_cluster": "env", "index_right": 105, "centroid_id": 152, "dist_m": 34.468846343685946 }, "geometry": { "type": "Point", "coordinates": [ -80.8360033, 35.227835 ] } },
{ "type": "Feature", "properties": { "osm_id": 10972350819, "name": null, "lat": 35.2279273, "lon": -80.8362392, "tags": { "amenity": "bench", "armrest": "yes", "backrest": "yes", "material": "wood" }, "amenity": "bench", "shop": null, "leisure": null, "tourism": null, "office": null, "public_transport": null, "healthcare": null, "craft": null, "stations_in_radius": "['7th Street' '9th Street']", "stations_in_radius_dist_m": "[183.32 226.64]", "poi_cluster": "env", "index_right": 105, "centroid_id": 152, "dist_m": 57.829229155271058 }, "geometry": { "type": "Point", "coordinates": [ -80.8362392, 35.2279273 ] } },
{ "type": "Feature", "properties": { "osm_id": 10972350820, "name": null, "lat": 35.2273007, "lon": -80.8367037, "tags": { "amenity": "bench", "armrest": "yes", "backrest": "yes", "material": "wood" }, "amenity": "bench", "shop": null, "leisure": null, "tourism": null, "office": null, "public_transport": null, "healthcare": null, "craft": null, "stations_in_radius": "['7th Street' '9th Street' 'CTC/Arena']", "stations_in_radius_dist_m": "[123.75 307.95 496.95]", "poi_cluster": "env", "index_right": 95, "centroid_id": 144, "dist_m": 38.779161513480894 }, "geometry": { "type": "Point", "coordinates": [ -80.8367037, 35.2273007 ] } },
{ "type": "Feature", "properties": { "osm_id": 10972350821, "name": null, "lat": 35.2272532, "lon": -80.8365532, "tags": { "amenity": "bench", "armrest": "yes", "backrest": "yes", "material": "wood" }, "amenity": "bench", "shop": null, "leisure": null, "tourism": null, "office": null, "public_transport": null, "healthcare": null, "craft": null, "stations_in_radius": "['7th Street' '9th Street' 'CTC/Arena']", "stations_in_radius_dist_m": "[137.17 305.95 506.13]", "poi_cluster": "env", "index_right": 95, "centroid_id": 144, "dist_m": 39.904116002957188 }, "geometry": { "type": "Point", "coordinates": [ -80.8365532, 35.2272532 ] } },
{ "type": "Feature", "properties": { "osm_id": 10972350823, "name": null, "lat": 35.2272803, "lon": -80.8366929, "tags": { "amenity": "bench", "armrest": "yes", "backrest": "yes", "material": "wood" }, "amenity": "bench", "shop": null, "leisure": null, "tourism": null, "office": null, "public_transport": null, "healthcare": null, "craft": null, "stations_in_radius": "['7th Street' '9th Street' 'CTC/Arena']", "stations_in_radius_dist_m": "[124.58 309.42 496.64]", "poi_cluster": "env", "index_right": 95, "centroid_id": 144, "dist_m": 36.870141775786898 }, "geometry": { "type": "Point", "coordinates": [ -80.8366929, 35.2272803 ] } },
{ "type": "Feature", "properties": { "osm_id": 10972350824, "name": null, "lat": 35.2272462, "lon": -80.8366119, "tags": { "amenity": "bench", "armrest": "yes", "backrest": "yes", "material": "wood" }, "amenity": "bench", "shop": null, "leisure": null, "tourism": null, "office": null, "public_transport": null, "healthcare": null, "craft": null, "stations_in_radius": "['7th Street' '9th Street' 'CTC/Arena']", "stations_in_radius_dist_m": "[131.81 309.14 501.11]", "poi_cluster": "env", "index_right": 95, "centroid_id": 144, "dist_m": 36.33684163977793 }, "geometry": { "type": "Point", "coordinates": [ -80.8366119, 35.2272462 ] } },
{ "type": "Feature", "properties": { "osm_id": 10972350825, "name": null, "lat": 35.2272985, "lon": -80.8367095, "tags": { "amenity": "bench", "armrest": "yes", "backrest": "yes", "material": "wood" }, "amenity": "bench", "shop": null, "leisure": null, "tourism": null, "office": null, "public_transport": null, "healthcare": null, "craft": null, "stations_in_radius": "['7th Street' '9th Street' 'CTC/Arena']", "stations_in_radius_dist_m": "[123.2  308.43 496.38]", "poi_cluster": "env", "index_right": 95, "centroid_id": 144, "dist_m": 38.41231412372683 }, "geometry": { "type": "Point", "coordinates": [ -80.8367095, 35.2272985 ] } },
{ "type": "Feature", "properties": { "osm_id": 10972350826, "name": null, "lat": 35.2276156, "lon": -80.8360867, "tags": { "amenity": "bench", "armrest": "yes", "backrest": "yes", "material": "wood" }, "amenity": "bench", "shop": null, "leisure": null, "tourism": null, "office": null, "public_transport": null, "healthcare": null, "craft": null, "stations_in_radius": "['7th Street' '9th Street']", "stations_in_radius_dist_m": "[184.85 251.42]", "poi_cluster": "env", "index_right": 105, "centroid_id": 152, "dist_m": 34.258338904901287 }, "geometry": { "type": "Point", "coordinates": [ -80.8360867, 35.2276156 ] } },
{ "type": "Feature", "properties": { "osm_id": 10972350827, "name": null, "lat": 35.2276015, "lon": -80.8360497, "tags": { "amenity": "bench", "armrest": "yes", "backrest": "yes", "material": "wood" }, "amenity": "bench", "shop": null, "leisure": null, "tourism": null, "office": null, "public_transport": null, "healthcare": null, "craft": null, "stations_in_radius": "['7th Street' '9th Street']", "stations_in_radius_dist_m": "[187.76 251.57]", "poi_cluster": "env", "index_right": 105, "centroid_id": 152, "dist_m": 31.060740608544869 }, "geometry": { "type": "Point", "coordinates": [ -80.8360497, 35.2276015 ] } },
{ "type": "Feature", "properties": { "osm_id": 10972350828, "name": null, "lat": 35.2272638, "lon": -80.8366732, "tags": { "amenity": "bench", "armrest": "yes", "backrest": "yes", "material": "wood" }, "amenity": "bench", "shop": null, "leisure": null, "tourism": null, "office": null, "public_transport": null, "healthcare": null, "craft": null, "stations_in_radius": "['7th Street' '9th Street' 'CTC/Arena']", "stations_in_radius_dist_m": "[126.29 310.12 497.26]", "poi_cluster": "env", "index_right": 95, "centroid_id": 144, "dist_m": 35.715625538139456 }, "geometry": { "type": "Point", "coordinates": [ -80.8366732, 35.227263799999989 ] } },
{ "type": "Feature", "properties": { "osm_id": 10972350830, "name": null, "lat": 35.2272395, "lon": -80.8366142, "tags": { "amenity": "bench", "armrest": "yes", "backrest": "yes", "material": "wood" }, "amenity": "bench", "shop": null, "leisure": null, "tourism": null, "office": null, "public_transport": null, "healthcare": null, "craft": null, "stations_in_radius": "['7th Street' '9th Street' 'CTC/Arena']", "stations_in_radius_dist_m": "[131.58 309.89 500.56]", "poi_cluster": "env", "index_right": 95, "centroid_id": 144, "dist_m": 35.589139096694879 }, "geometry": { "type": "Point", "coordinates": [ -80.8366142, 35.22723950000001 ] } },
{ "type": "Feature", "properties": { "osm_id": 10972350832, "name": null, "lat": 35.2272577, "lon": -80.8366774, "tags": { "amenity": "bench", "armrest": "yes", "backrest": "yes", "material": "wood" }, "amenity": "bench", "shop": null, "leisure": null, "tourism": null, "office": null, "public_transport": null, "healthcare": null, "craft": null, "stations_in_radius": "['7th Street' '9th Street' 'CTC/Arena']", "stations_in_radius_dist_m": "[125.88 310.9  496.59]", "poi_cluster": "env", "index_right": 95, "centroid_id": 144, "dist_m": 34.948077083229101 }, "geometry": { "type": "Point", "coordinates": [ -80.8366774, 35.2272577 ] } },
{ "type": "Feature", "properties": { "osm_id": 10972350833, "name": null, "lat": 35.2274516, "lon": -80.836422, "tags": { "amenity": "bench", "armrest": "yes", "backrest": "yes", "material": "wood" }, "amenity": "bench", "shop": null, "leisure": null, "tourism": null, "office": null, "public_transport": null, "healthcare": null, "craft": null, "stations_in_radius": "['7th Street' '9th Street']", "stations_in_radius_dist_m": "[151.25 280.93]", "poi_cluster": "env", "index_right": 95, "centroid_id": 144, "dist_m": 64.802327971687646 }, "geometry": { "type": "Point", "coordinates": [ -80.836422, 35.227451599999988 ] } },
{ "type": "Feature", "properties": { "osm_id": 10977961150, "name": null, "lat": 35.2327177, "lon": -80.8381417, "tags": { "amenity": "bench", "armrest": "yes", "backrest": "yes", "material": "metal" }, "amenity": "bench", "shop": null, "leisure": null, "tourism": null, "office": null, "public_transport": null, "healthcare": null, "craft": null, "stations_in_radius": [ "9th Street" ], "stations_in_radius_dist_m": [ 440.14 ], "poi_cluster": "env", "index_right": 70, "centroid_id": 140, "dist_m": 48.581966425252382 }, "geometry": { "type": "Point", "coordinates": [ -80.8381417, 35.2327177 ] } },
{ "type": "Feature", "properties": { "osm_id": 10977961157, "name": null, "lat": 35.2328957, "lon": -80.838136, "tags": { "amenity": "bench", "armrest": "yes", "backrest": "yes", "material": "metal" }, "amenity": "bench", "shop": null, "leisure": null, "tourism": null, "office": null, "public_transport": null, "healthcare": null, "craft": null, "stations_in_radius": [ "9th Street" ], "stations_in_radius_dist_m": [ 455.01 ], "poi_cluster": "env", "index_right": 70, "centroid_id": 140, "dist_m": 47.25794824967101 }, "geometry": { "type": "Point", "coordinates": [ -80.838136, 35.2328957 ] } },
{ "type": "Feature", "properties": { "osm_id": 10981654648, "name": null, "lat": 35.2328813, "lon": -80.8390554, "tags": { "amenity": "bench", "armrest": "no", "backrest": "yes", "material": "metal" }, "amenity": "bench", "shop": null, "leisure": null, "tourism": null, "office": null, "public_transport": null, "healthcare": null, "craft": null, "stations_in_radius": [ "9th Street" ], "stations_in_radius_dist_m": [ 510.54 ], "poi_cluster": "env", "index_right": 113, "centroid_id": 128, "dist_m": 27.341336557597291 }, "geometry": { "type": "Point", "coordinates": [ -80.8390554, 35.2328813 ] } },
{ "type": "Feature", "properties": { "osm_id": 11076374513, "name": null, "lat": 35.2283177, "lon": -80.8360286, "tags": { "amenity": "waste_basket" }, "amenity": "waste_basket", "shop": null, "leisure": null, "tourism": null, "office": null, "public_transport": null, "healthcare": null, "craft": null, "stations_in_radius": "['9th Street' '7th Street']", "stations_in_radius_dist_m": "[179.61 221.34]", "poi_cluster": "env", "index_right": 7, "centroid_id": 145, "dist_m": 75.12189145733052 }, "geometry": { "type": "Point", "coordinates": [ -80.8360286, 35.2283177 ] } },
{ "type": "Feature", "properties": { "osm_id": 11076374514, "name": null, "lat": 35.2281231, "lon": -80.8360017, "tags": { "amenity": "waste_basket" }, "amenity": "waste_basket", "shop": null, "leisure": null, "tourism": null, "office": null, "public_transport": null, "healthcare": null, "craft": null, "stations_in_radius": "['9th Street' '7th Street']", "stations_in_radius_dist_m": "[197.21 212.4 ]", "poi_cluster": "env", "index_right": 105, "centroid_id": 152, "dist_m": 60.026117170252284 }, "geometry": { "type": "Point", "coordinates": [ -80.8360017, 35.2281231 ] } },
{ "type": "Feature", "properties": { "osm_id": 11076374516, "name": null, "lat": 35.2279408, "lon": -80.8356657, "tags": { "access": "yes", "amenity": "drinking_water", "bottle": "yes", "fee": "no", "seasonal": "spring;summer;autumn" }, "amenity": "drinking_water", "shop": null, "leisure": null, "tourism": null, "office": null, "public_transport": null, "healthcare": null, "craft": null, "stations_in_radius": "['9th Street' '7th Street']", "stations_in_radius_dist_m": "[204.28 232.08]", "poi_cluster": "env", "index_right": 105, "centroid_id": 152, "dist_m": 33.925301522735523 }, "geometry": { "type": "Point", "coordinates": [ -80.8356657, 35.2279408 ] } },
{ "type": "Feature", "properties": { "osm_id": 11076374517, "name": null, "lat": 35.2281199, "lon": -80.8359978, "tags": { "amenity": "recycling", "recycling_type": "container" }, "amenity": "recycling", "shop": null, "leisure": null, "tourism": null, "office": null, "public_transport": null, "healthcare": null, "craft": null, "stations_in_radius": "['9th Street' '7th Street']", "stations_in_radius_dist_m": "[197.36 212.54]", "poi_cluster": "env", "index_right": 105, "centroid_id": 152, "dist_m": 59.551417119961599 }, "geometry": { "type": "Point", "coordinates": [ -80.8359978, 35.2281199 ] } },
{ "type": "Feature", "properties": { "osm_id": 11076374518, "name": null, "lat": 35.2278072, "lon": -80.8357459, "tags": { "amenity": "bench", "armrest": "yes", "backrest": "yes", "material": "wood" }, "amenity": "bench", "shop": null, "leisure": null, "tourism": null, "office": null, "public_transport": null, "healthcare": null, "craft": null, "stations_in_radius": "['7th Street' '9th Street']", "stations_in_radius_dist_m": "[220.42 220.61]", "poi_cluster": "env", "index_right": 105, "centroid_id": 152, "dist_m": 19.119297238065826 }, "geometry": { "type": "Point", "coordinates": [ -80.8357459, 35.2278072 ] } },
{ "type": "Feature", "properties": { "osm_id": 11076374519, "name": null, "lat": 35.2283204, "lon": -80.836037, "tags": { "amenity": "recycling", "recycling_type": "container" }, "amenity": "recycling", "shop": null, "leisure": null, "tourism": null, "office": null, "public_transport": null, "healthcare": null, "craft": null, "stations_in_radius": "['9th Street' '7th Street']", "stations_in_radius_dist_m": "[179.76 220.87]", "poi_cluster": "env", "index_right": 7, "centroid_id": 145, "dist_m": 74.301566684484541 }, "geometry": { "type": "Point", "coordinates": [ -80.836037, 35.2283204 ] } },
{ "type": "Feature", "properties": { "osm_id": 11076374520, "name": null, "lat": 35.2282925, "lon": -80.8362683, "tags": { "amenity": "bench", "armrest": "yes", "backrest": "yes", "material": "wood" }, "amenity": "bench", "shop": null, "leisure": null, "tourism": null, "office": null, "public_transport": null, "healthcare": null, "craft": null, "stations_in_radius": "['9th Street' '7th Street']", "stations_in_radius_dist_m": "[194.13 201.82]", "poi_cluster": "env", "index_right": 7, "centroid_id": 145, "dist_m": 56.301725767442804 }, "geometry": { "type": "Point", "coordinates": [ -80.8362683, 35.2282925 ] } },
{ "type": "Feature", "properties": { "osm_id": 11076374521, "name": null, "lat": 35.2278288, "lon": -80.8356803, "tags": { "amenity": "waste_basket" }, "amenity": "waste_basket", "shop": null, "leisure": null, "tourism": null, "office": null, "public_transport": null, "healthcare": null, "craft": null, "stations_in_radius": "['9th Street' '7th Street']", "stations_in_radius_dist_m": "[216.55 226.83]", "poi_cluster": "env", "index_right": 105, "centroid_id": 152, "dist_m": 21.435994781689672 }, "geometry": { "type": "Point", "coordinates": [ -80.8356803, 35.2278288 ] } },
{ "type": "Feature", "properties": { "osm_id": 11076374522, "name": null, "lat": 35.2280186, "lon": -80.8358438, "tags": { "amenity": "vending_machine", "bin": "no", "fee": "no", "vending": "excrement_bags" }, "amenity": "vending_machine", "shop": null, "leisure": null, "tourism": null, "office": null, "public_transport": null, "healthcare": null, "craft": null, "stations_in_radius": "['9th Street' '7th Street']", "stations_in_radius_dist_m": "[201.66 220.26]", "poi_cluster": "env", "index_right": 105, "centroid_id": 152, "dist_m": 43.988996245163499 }, "geometry": { "type": "Point", "coordinates": [ -80.8358438, 35.2280186 ] } },
{ "type": "Feature", "properties": { "osm_id": 11076374524, "name": null, "lat": 35.2278221, "lon": -80.8356761, "tags": { "amenity": "recycling", "recycling_type": "container" }, "amenity": "recycling", "shop": null, "leisure": null, "tourism": null, "office": null, "public_transport": null, "healthcare": null, "craft": null, "stations_in_radius": "['9th Street' '7th Street']", "stations_in_radius_dist_m": "[217.16 226.98]", "poi_cluster": "env", "index_right": 105, "centroid_id": 152, "dist_m": 20.754871631967603 }, "geometry": { "type": "Point", "coordinates": [ -80.8356761, 35.2278221 ] } },
{ "type": "Feature", "properties": { "osm_id": 11077054069, "name": null, "lat": 35.2290588, "lon": -80.8360962, "tags": { "access": "yes", "amenity": "bicycle_parking", "bicycle_parking": "stands", "capacity": "8", "covered": "no" }, "amenity": "bicycle_parking", "shop": null, "leisure": null, "tourism": null, "office": null, "public_transport": null, "healthcare": null, "craft": null, "stations_in_radius": "['9th Street' '7th Street']", "stations_in_radius_dist_m": "[122.5  271.14]", "poi_cluster": "env", "index_right": 62, "centroid_id": 153, "dist_m": 55.169752055951477 }, "geometry": { "type": "Point", "coordinates": [ -80.8360962, 35.2290588 ] } },
{ "type": "Feature", "properties": { "osm_id": 11077054070, "name": null, "lat": 35.2285713, "lon": -80.8365969, "tags": { "access": "yes", "amenity": "bicycle_parking", "bicycle_parking": "stands", "capacity": "6", "covered": "no", "foot_traffic": "medium", "indoor": "no" }, "amenity": "bicycle_parking", "shop": null, "leisure": null, "tourism": null, "office": null, "public_transport": null, "healthcare": null, "craft": null, "stations_in_radius": "['9th Street' '7th Street']", "stations_in_radius_dist_m": "[191.79 200.46]", "poi_cluster": "env", "index_right": 7, "centroid_id": 145, "dist_m": 19.536785434878254 }, "geometry": { "type": "Point", "coordinates": [ -80.8365969, 35.2285713 ] } },
{ "type": "Feature", "properties": { "osm_id": 11077054071, "name": null, "lat": 35.2287664, "lon": -80.8364275, "tags": { "amenity": "bench", "armrest": "yes", "backrest": "yes", "material": "wood" }, "amenity": "bench", "shop": null, "leisure": null, "tourism": null, "office": null, "public_transport": null, "healthcare": null, "craft": null, "stations_in_radius": "['9th Street' '7th Street']", "stations_in_radius_dist_m": "[166.11 226.89]", "poi_cluster": "env", "index_right": 7, "centroid_id": 145, "dist_m": 42.76516589269643 }, "geometry": { "type": "Point", "coordinates": [ -80.8364275, 35.2287664 ] } },
{ "type": "Feature", "properties": { "osm_id": 11077054075, "name": null, "lat": 35.229204, "lon": -80.8358635, "tags": { "amenity": "bench", "armrest": "yes", "backrest": "yes", "material": "wood" }, "amenity": "bench", "shop": null, "leisure": null, "tourism": null, "office": null, "public_transport": null, "healthcare": null, "craft": null, "stations_in_radius": "['9th Street' '7th Street']", "stations_in_radius_dist_m": "[ 95.92 297.26]", "poi_cluster": "env", "index_right": 62, "centroid_id": 153, "dist_m": 29.831120702056996 }, "geometry": { "type": "Point", "coordinates": [ -80.8358635, 35.229204 ] } },
{ "type": "Feature", "properties": { "osm_id": 11077054076, "name": null, "lat": 35.2287405, "lon": -80.8364616, "tags": { "amenity": "bench", "armrest": "yes", "backrest": "yes", "material": "wood" }, "amenity": "bench", "shop": null, "leisure": null, "tourism": null, "office": null, "public_transport": null, "healthcare": null, "craft": null, "stations_in_radius": "['9th Street' '7th Street']", "stations_in_radius_dist_m": "[170.33 222.69]", "poi_cluster": "env", "index_right": 7, "centroid_id": 145, "dist_m": 38.570832962848968 }, "geometry": { "type": "Point", "coordinates": [ -80.8364616, 35.2287405 ] } },
{ "type": "Feature", "properties": { "osm_id": 11077054077, "name": null, "lat": 35.2291113, "lon": -80.8359816, "tags": { "amenity": "bench", "armrest": "yes", "backrest": "yes", "material": "wood" }, "amenity": "bench", "shop": null, "leisure": null, "tourism": null, "office": null, "public_transport": null, "healthcare": null, "craft": null, "stations_in_radius": "['9th Street' '7th Street']", "stations_in_radius_dist_m": "[110.64 282.42]", "poi_cluster": "env", "index_right": 62, "centroid_id": 153, "dist_m": 44.222551175452416 }, "geometry": { "type": "Point", "coordinates": [ -80.8359816, 35.2291113 ] } },
{ "type": "Feature", "properties": { "osm_id": 11077054078, "name": null, "lat": 35.2291756, "lon": -80.8359007, "tags": { "amenity": "bench", "armrest": "yes", "backrest": "yes", "material": "wood" }, "amenity": "bench", "shop": null, "leisure": null, "tourism": null, "office": null, "public_transport": null, "healthcare": null, "craft": null, "stations_in_radius": "['9th Street' '7th Street']", "stations_in_radius_dist_m": "[100.5  292.65]", "poi_cluster": "env", "index_right": 62, "centroid_id": 153, "dist_m": 34.243942852406505 }, "geometry": { "type": "Point", "coordinates": [ -80.83590070000001, 35.2291756 ] } },
{ "type": "Feature", "properties": { "osm_id": 11077054079, "name": null, "lat": 35.2287131, "lon": -80.8364976, "tags": { "amenity": "bench", "armrest": "yes", "backrest": "yes", "material": "wood" }, "amenity": "bench", "shop": null, "leisure": null, "tourism": null, "office": null, "public_transport": null, "healthcare": null, "craft": null, "stations_in_radius": "['9th Street' '7th Street']", "stations_in_radius_dist_m": "[174.79 218.25]", "poi_cluster": "env", "index_right": 7, "centroid_id": 145, "dist_m": 34.148361127089309 }, "geometry": { "type": "Point", "coordinates": [ -80.8364976, 35.2287131 ] } },
{ "type": "Feature", "properties": { "osm_id": 11077054081, "name": null, "lat": 35.2286819, "lon": -80.836538, "tags": { "amenity": "bench", "armrest": "yes", "backrest": "yes", "material": "wood" }, "amenity": "bench", "shop": null, "leisure": null, "tourism": null, "office": null, "public_transport": null, "healthcare": null, "craft": null, "stations_in_radius": "['9th Street' '7th Street']", "stations_in_radius_dist_m": "[179.82 213.23]", "poi_cluster": "env", "index_right": 7, "centroid_id": 145, "dist_m": 29.175012871746887 }, "geometry": { "type": "Point", "coordinates": [ -80.836538, 35.2286819 ] } },
{ "type": "Feature", "properties": { "osm_id": 11077054082, "name": null, "lat": 35.2291478, "lon": -80.835937, "tags": { "amenity": "bench", "armrest": "yes", "backrest": "yes", "material": "wood" }, "amenity": "bench", "shop": null, "leisure": null, "tourism": null, "office": null, "public_transport": null, "healthcare": null, "craft": null, "stations_in_radius": "['9th Street' '7th Street']", "stations_in_radius_dist_m": "[104.98 288.15]", "poi_cluster": "env", "index_right": 62, "centroid_id": 153, "dist_m": 38.6057503826298 }, "geometry": { "type": "Point", "coordinates": [ -80.835937, 35.2291478 ] } },
{ "type": "Feature", "properties": { "osm_id": 11077200109, "name": null, "lat": 35.2299558, "lon": -80.8369401, "tags": { "amenity": "vending_machine", "vending": "parking_tickets" }, "amenity": "vending_machine", "shop": null, "leisure": null, "tourism": null, "office": null, "public_transport": null, "healthcare": null, "craft": null, "stations_in_radius": "['9th Street' '7th Street']", "stations_in_radius_dist_m": "[178.81 320.06]", "poi_cluster": "env", "index_right": 89, "centroid_id": 148, "dist_m": 41.395976864288684 }, "geometry": { "type": "Point", "coordinates": [ -80.8369401, 35.2299558 ] } },
{ "type": "Feature", "properties": { "osm_id": 11083011683, "name": null, "lat": 35.2282388, "lon": -80.8378452, "tags": { "amenity": "vending_machine", "vending": "parking_tickets" }, "amenity": "vending_machine", "shop": null, "leisure": null, "tourism": null, "office": null, "public_transport": null, "healthcare": null, "craft": null, "stations_in_radius": "['7th Street' '9th Street' 'CTC/Arena']", "stations_in_radius_dist_m": "[114.66 305.44 482.77]", "poi_cluster": "env", "index_right": 21, "centroid_id": 130, "dist_m": 87.410992694574489 }, "geometry": { "type": "Point", "coordinates": [ -80.8378452, 35.2282388 ] } },
{ "type": "Feature", "properties": { "osm_id": 11096399451, "name": null, "lat": 35.2269081, "lon": -80.8364925, "tags": { "amenity": "vending_machine", "vending": "parking_tickets" }, "amenity": "vending_machine", "shop": null, "leisure": null, "tourism": null, "office": null, "public_transport": null, "healthcare": null, "craft": null, "stations_in_radius": "['7th Street' '9th Street' 'CTC/Arena']", "stations_in_radius_dist_m": "[146.78 338.1  493.36]", "poi_cluster": "env", "index_right": 95, "centroid_id": 144, "dist_m": 29.639225913611025 }, "geometry": { "type": "Point", "coordinates": [ -80.8364925, 35.2269081 ] } },
{ "type": "Feature", "properties": { "osm_id": 11097399773, "name": null, "lat": 35.2303941, "lon": -80.8386782, "tags": { "amenity": "bench", "armrest": "yes", "backrest": "yes", "material": "wood" }, "amenity": "bench", "shop": null, "leisure": null, "tourism": null, "office": null, "public_transport": null, "healthcare": null, "craft": null, "stations_in_radius": [ "9th Street" ], "stations_in_radius_dist_m": [ 343.44 ], "poi_cluster": "env", "index_right": 50, "centroid_id": 131, "dist_m": 6.9584839460876671 }, "geometry": { "type": "Point", "coordinates": [ -80.8386782, 35.2303941 ] } },
{ "type": "Feature", "properties": { "osm_id": 11151906105, "name": null, "lat": 35.2291686, "lon": -80.8353791, "tags": { "amenity": "bicycle_parking", "bicycle_parking": "stands", "capacity": "8", "covered": "no" }, "amenity": "bicycle_parking", "shop": null, "leisure": null, "tourism": null, "office": null, "public_transport": null, "healthcare": null, "craft": null, "stations_in_radius": "['9th Street' '7th Street']", "stations_in_radius_dist_m": "[ 68.29 325.91]", "poi_cluster": "env", "index_right": 62, "centroid_id": 153, "dist_m": 42.460800044389238 }, "geometry": { "type": "Point", "coordinates": [ -80.8353791, 35.2291686 ] } },
{ "type": "Feature", "properties": { "osm_id": 11151907805, "name": null, "lat": 35.229127, "lon": -80.8353272, "tags": { "amenity": "bicycle_parking", "bicycle_parking": "stands", "capacity": "6", "covered": "no" }, "amenity": "bicycle_parking", "shop": null, "leisure": null, "tourism": null, "office": null, "public_transport": null, "healthcare": null, "craft": null, "stations_in_radius": "['9th Street' '7th Street']", "stations_in_radius_dist_m": "[ 70.18 326.45]", "poi_cluster": "env", "index_right": 62, "centroid_id": 153, "dist_m": 49.062180198215813 }, "geometry": { "type": "Point", "coordinates": [ -80.8353272, 35.229127 ] } },
{ "type": "Feature", "properties": { "osm_id": 11151907806, "name": null, "lat": 35.2290963, "lon": -80.8352936, "tags": { "amenity": "bicycle_parking", "bicycle_parking": "stands", "capacity": "6", "covered": "no" }, "amenity": "bicycle_parking", "shop": null, "leisure": null, "tourism": null, "office": null, "public_transport": null, "healthcare": null, "craft": null, "stations_in_radius": "['9th Street' '7th Street']", "stations_in_radius_dist_m": "[ 72.08 326.6 ]", "poi_cluster": "env", "index_right": 62, "centroid_id": 153, "dist_m": 53.632706309766291 }, "geometry": { "type": "Point", "coordinates": [ -80.8352936, 35.2290963 ] } },
{ "type": "Feature", "properties": { "osm_id": 11152216998, "name": null, "lat": 35.2292852, "lon": -80.8399728, "tags": { "amenity": "bicycle_parking", "bicycle_parking": "stands", "capacity": "2" }, "amenity": "bicycle_parking", "shop": null, "leisure": null, "tourism": null, "office": null, "public_transport": null, "healthcare": null, "craft": null, "stations_in_radius": "['7th Street' '9th Street']", "stations_in_radius_dist_m": "[287.67 454.84]", "poi_cluster": "env", "index_right": 87, "centroid_id": 124, "dist_m": 22.152921760653175 }, "geometry": { "type": "Point", "coordinates": [ -80.8399728, 35.2292852 ] } },
{ "type": "Feature", "properties": { "osm_id": 11152216999, "name": null, "lat": 35.2299868, "lon": -80.8392514, "tags": { "amenity": "bicycle_parking", "bicycle_parking": "stands", "capacity": "2", "covered": "no" }, "amenity": "bicycle_parking", "shop": null, "leisure": null, "tourism": null, "office": null, "public_transport": null, "healthcare": null, "craft": null, "stations_in_radius": "['7th Street' '9th Street']", "stations_in_radius_dist_m": "[325.43 388.17]", "poi_cluster": "env", "index_right": 50, "centroid_id": 131, "dist_m": 62.128364243924793 }, "geometry": { "type": "Point", "coordinates": [ -80.8392514, 35.2299868 ] } },
{ "type": "Feature", "properties": { "osm_id": 11152217000, "name": null, "lat": 35.2303366, "lon": -80.8384963, "tags": { "amenity": "bicycle_parking", "bicycle_parking": "stands", "capacity": "2" }, "amenity": "bicycle_parking", "shop": null, "leisure": null, "tourism": null, "office": null, "public_transport": null, "healthcare": null, "craft": null, "stations_in_radius": [ "9th Street" ], "stations_in_radius_dist_m": [ 325.89 ], "poi_cluster": "env", "index_right": 50, "centroid_id": 131, "dist_m": 21.095026874240578 }, "geometry": { "type": "Point", "coordinates": [ -80.838496300000017, 35.2303366 ] } },
{ "type": "Feature", "properties": { "osm_id": 11152217001, "name": null, "lat": 35.2305422, "lon": -80.8384847, "tags": { "amenity": "bicycle_parking", "bicycle_parking": "stands", "capacity": "2" }, "amenity": "bicycle_parking", "shop": null, "leisure": null, "tourism": null, "office": null, "public_transport": null, "healthcare": null, "craft": null, "stations_in_radius": [ "9th Street" ], "stations_in_radius_dist_m": [ 330.56 ], "poi_cluster": "env", "index_right": 50, "centroid_id": 131, "dist_m": 31.002183288913546 }, "geometry": { "type": "Point", "coordinates": [ -80.8384847, 35.2305422 ] } },
{ "type": "Feature", "properties": { "osm_id": 11152217002, "name": null, "lat": 35.2308655, "lon": -80.8380253, "tags": { "amenity": "bicycle_parking", "bicycle_parking": "stands", "capacity": "2", "covered": "no" }, "amenity": "bicycle_parking", "shop": null, "leisure": null, "tourism": null, "office": null, "public_transport": null, "healthcare": null, "craft": null, "stations_in_radius": [ "9th Street" ], "stations_in_radius_dist_m": [ 304.12 ], "poi_cluster": "env", "index_right": 80, "centroid_id": 138, "dist_m": 40.102285898922098 }, "geometry": { "type": "Point", "coordinates": [ -80.838025300000012, 35.2308655 ] } },
{ "type": "Feature", "properties": { "osm_id": 11152217003, "name": null, "lat": 35.2307862, "lon": -80.8378518, "tags": { "amenity": "bicycle_parking", "bicycle_parking": "stands", "capacity": "2", "covered": "no" }, "amenity": "bicycle_parking", "shop": null, "leisure": null, "tourism": null, "office": null, "public_transport": null, "healthcare": null, "craft": null, "stations_in_radius": [ "9th Street" ], "stations_in_radius_dist_m": [ 286.1 ], "poi_cluster": "env", "index_right": 80, "centroid_id": 138, "dist_m": 33.098845003459381 }, "geometry": { "type": "Point", "coordinates": [ -80.8378518, 35.2307862 ] } },
{ "type": "Feature", "properties": { "osm_id": 11203593737, "name": null, "lat": 35.2263857, "lon": -80.8379289, "tags": { "access": "yes", "amenity": "bicycle_parking", "bicycle_parking": "stands", "capacity": "4", "covered": "partial", "foot_traffic": "low" }, "amenity": "bicycle_parking", "shop": null, "leisure": null, "tourism": null, "office": null, "public_transport": null, "healthcare": null, "craft": null, "stations_in_radius": "['7th Street' 'CTC/Arena' '9th Street']", "stations_in_radius_dist_m": "[ 93.29 350.45 454.02]", "poi_cluster": "env", "index_right": 61, "centroid_id": 136, "dist_m": 44.65539475695855 }, "geometry": { "type": "Point", "coordinates": [ -80.8379289, 35.2263857 ] } },
{ "type": "Feature", "properties": { "osm_id": 11208935639, "name": null, "lat": 35.2277559, "lon": -80.8399744, "tags": { "access": "yes", "amenity": "bicycle_parking", "bicycle_parking": "stands", "capacity": "2" }, "amenity": "bicycle_parking", "shop": null, "leisure": null, "tourism": null, "office": null, "public_transport": null, "healthcare": null, "craft": null, "stations_in_radius": "['7th Street' 'CTC/Arena' '9th Street']", "stations_in_radius_dist_m": "[184.07 331.67 501.38]", "poi_cluster": "env", "index_right": 18, "centroid_id": 123, "dist_m": 17.989997494067502 }, "geometry": { "type": "Point", "coordinates": [ -80.8399744, 35.2277559 ] } },
{ "type": "Feature", "properties": { "osm_id": 11208964537, "name": null, "lat": 35.2277894, "lon": -80.8395865, "tags": { "access": "yes", "amenity": "bicycle_parking", "bicycle_parking": "rack", "capacity": "2", "covered": "no", "foot_traffic": "medium", "indoor": "no" }, "amenity": "bicycle_parking", "shop": null, "leisure": null, "tourism": null, "office": null, "public_transport": null, "healthcare": null, "craft": null, "stations_in_radius": "['7th Street' 'CTC/Arena' '9th Street']", "stations_in_radius_dist_m": "[152.59 350.19 468.06]", "poi_cluster": "env", "index_right": 18, "centroid_id": 123, "dist_m": 23.955598368061178 }, "geometry": { "type": "Point", "coordinates": [ -80.83958650000001, 35.2277894 ] } },
{ "type": "Feature", "properties": { "osm_id": 11208967242, "name": null, "lat": 35.2290329, "lon": -80.8372042, "tags": { "access": "yes", "amenity": "bicycle_parking", "bicycle_parking": "stands", "capacity": "4", "covered": "no", "foot_traffic": "low", "indoor": "no" }, "amenity": "bicycle_parking", "shop": null, "leisure": null, "tourism": null, "office": null, "public_transport": null, "healthcare": null, "craft": null, "stations_in_radius": "['9th Street' '7th Street']", "stations_in_radius_dist_m": "[213.78 215.61]", "poi_cluster": "env", "index_right": 24, "centroid_id": 137, "dist_m": 59.801788591091125 }, "geometry": { "type": "Point", "coordinates": [ -80.8372042, 35.2290329 ] } },
{ "type": "Feature", "properties": { "osm_id": 11216160837, "name": null, "lat": 35.2323013, "lon": -80.8368011, "tags": { "access": "yes", "amenity": "bicycle_parking", "bicycle_parking": "wave", "capacity": "9", "covered": "no", "foot_traffic": "low", "indoor": "no" }, "amenity": "bicycle_parking", "shop": null, "leisure": null, "tourism": null, "office": null, "public_transport": null, "healthcare": null, "craft": null, "stations_in_radius": [ "9th Street" ], "stations_in_radius_dist_m": [ 331.79 ], "poi_cluster": "env", "index_right": 111, "centroid_id": 149, "dist_m": 48.972566441080858 }, "geometry": { "type": "Point", "coordinates": [ -80.8368011, 35.2323013 ] } },
{ "type": "Feature", "properties": { "osm_id": 11218361537, "name": null, "lat": 35.2321841, "lon": -80.8372567, "tags": { "access": "yes", "amenity": "bicycle_parking", "bicycle_parking": "stands", "capacity": "4", "covered": "no", "foot_traffic": "low", "indoor": "no" }, "amenity": "bicycle_parking", "shop": null, "leisure": null, "tourism": null, "office": null, "public_transport": null, "healthcare": null, "craft": null, "stations_in_radius": [ "9th Street" ], "stations_in_radius_dist_m": [ 343.6 ], "poi_cluster": "env", "index_right": 5, "centroid_id": 139, "dist_m": 56.903655265174699 }, "geometry": { "type": "Point", "coordinates": [ -80.8372567, 35.2321841 ] } },
{ "type": "Feature", "properties": { "osm_id": 11218363037, "name": null, "lat": 35.2322476, "lon": -80.8373215, "tags": { "access": "yes", "amenity": "bicycle_parking", "bicycle_parking": "stands", "capacity": "18", "covered": "yes", "foot_traffic": "low", "indoor": "no" }, "amenity": "bicycle_parking", "shop": null, "leisure": null, "tourism": null, "office": null, "public_transport": null, "healthcare": null, "craft": null, "stations_in_radius": [ "9th Street" ], "stations_in_radius_dist_m": [ 352.77 ], "poi_cluster": "env", "index_right": 5, "centroid_id": 139, "dist_m": 47.744628037556772 }, "geometry": { "type": "Point", "coordinates": [ -80.8373215, 35.2322476 ] } },
{ "type": "Feature", "properties": { "osm_id": 11219131301, "name": null, "lat": 35.229371, "lon": -80.8358298, "tags": { "access": "yes", "amenity": "bicycle_parking", "bicycle_parking": "stands", "capacity": "8", "covered": "no" }, "amenity": "bicycle_parking", "shop": null, "leisure": null, "tourism": null, "office": null, "public_transport": null, "healthcare": null, "craft": null, "stations_in_radius": "['9th Street' '7th Street']", "stations_in_radius_dist_m": "[ 83.86 313.19]", "poi_cluster": "env", "index_right": 62, "centroid_id": 153, "dist_m": 13.541898022664242 }, "geometry": { "type": "Point", "coordinates": [ -80.8358298, 35.229371 ] } },
{ "type": "Feature", "properties": { "osm_id": 11219131304, "name": null, "lat": 35.2294594, "lon": -80.8359345, "tags": { "access": "yes", "amenity": "bicycle_parking", "bicycle_parking": "stands", "capacity": "8", "covered": "no" }, "amenity": "bicycle_parking", "shop": null, "leisure": null, "tourism": null, "office": null, "public_transport": null, "healthcare": null, "craft": null, "stations_in_radius": "['9th Street' '7th Street']", "stations_in_radius_dist_m": "[ 89.12 314.78]", "poi_cluster": "env", "index_right": 62, "centroid_id": 153, "dist_m": 20.760168780202385 }, "geometry": { "type": "Point", "coordinates": [ -80.8359345, 35.22945940000001 ] } },
{ "type": "Feature", "properties": { "osm_id": 11219131306, "name": null, "lat": 35.2295387, "lon": -80.8360277, "tags": { "access": "yes", "amenity": "bicycle_parking", "bicycle_parking": "stands", "capacity": "8", "covered": "no" }, "amenity": "bicycle_parking", "shop": null, "leisure": null, "tourism": null, "office": null, "public_transport": null, "healthcare": null, "craft": null, "stations_in_radius": [ "9th Street" ], "stations_in_radius_dist_m": [ 95.21 ], "poi_cluster": "env", "index_right": 62, "centroid_id": 153, "dist_m": 31.101336735231886 }, "geometry": { "type": "Point", "coordinates": [ -80.836027700000017, 35.2295387 ] } },
{ "type": "Feature", "properties": { "osm_id": 11258693637, "name": null, "lat": 35.2274432, "lon": -80.8390869, "tags": { "access": "yes", "amenity": "bicycle_parking", "bicycle_parking": "stands", "capacity": "2", "covered": "partial", "foot_traffic": "medium", "indoor": "no" }, "amenity": "bicycle_parking", "shop": null, "leisure": null, "tourism": null, "office": null, "public_transport": null, "healthcare": null, "craft": null, "stations_in_radius": "['7th Street' 'CTC/Arena' '9th Street']", "stations_in_radius_dist_m": "[ 96.67 342.55 448.27]", "poi_cluster": "env", "index_right": 18, "centroid_id": 123, "dist_m": 82.544524276780649 }, "geometry": { "type": "Point", "coordinates": [ -80.8390869, 35.2274432 ] } },
{ "type": "Feature", "properties": { "osm_id": 11258695537, "name": null, "lat": 35.2270377, "lon": -80.8372281, "tags": { "access": "yes", "amenity": "bicycle_parking", "bicycle_parking": "bollard", "capacity": "6", "covered": "no", "foot_traffic": "low", "indoor": "no" }, "amenity": "bicycle_parking", "shop": null, "leisure": null, "tourism": null, "office": null, "public_transport": null, "healthcare": null, "craft": null, "stations_in_radius": "['7th Street' '9th Street' 'CTC/Arena']", "stations_in_radius_dist_m": "[ 78.36 358.16 441.03]", "poi_cluster": "env", "index_right": 95, "centroid_id": 144, "dist_m": 38.826690229182894 }, "geometry": { "type": "Point", "coordinates": [ -80.8372281, 35.2270377 ] } },
{ "type": "Feature", "properties": { "osm_id": 11294418169, "name": null, "lat": 35.2277363, "lon": -80.837181, "tags": { "access": "yes", "amenity": "bicycle_parking", "bicycle_parking": "stands", "capacity": "6", "covered": "no", "foot_traffic": "medium", "indoor": "no" }, "amenity": "bicycle_parking", "shop": null, "leisure": null, "tourism": null, "office": null, "public_transport": null, "healthcare": null, "craft": null, "stations_in_radius": "['7th Street' '9th Street']", "stations_in_radius_dist_m": "[ 98.37 294.64]", "poi_cluster": "env", "index_right": 95, "centroid_id": 144, "dist_m": 92.182086526707479 }, "geometry": { "type": "Point", "coordinates": [ -80.837181, 35.227736299999989 ] } },
{ "type": "Feature", "properties": { "osm_id": 11467545569, "name": null, "lat": 35.2315654, "lon": -80.8380601, "tags": { "access": "yes", "amenity": "bicycle_parking", "bicycle_parking": "wave", "capacity": "7", "covered": "no", "foot_traffic": "medium", "indoor": "no" }, "amenity": "bicycle_parking", "shop": null, "leisure": null, "tourism": null, "office": null, "public_transport": null, "healthcare": null, "craft": null, "stations_in_radius": [ "9th Street" ], "stations_in_radius_dist_m": [ 346.89 ], "poi_cluster": "env", "index_right": 80, "centroid_id": 138, "dist_m": 72.057096839246086 }, "geometry": { "type": "Point", "coordinates": [ -80.8380601, 35.2315654 ] } },
{ "type": "Feature", "properties": { "osm_id": 11529341271, "name": null, "lat": 35.2286352, "lon": -80.83499, "tags": { "access": "yes", "amenity": "bicycle_parking", "bicycle_parking": "stands", "capacity": "16", "covered": "no", "foot_traffic": "low", "indoor": "no" }, "amenity": "bicycle_parking", "shop": null, "leisure": null, "tourism": null, "office": null, "public_transport": null, "healthcare": null, "craft": null, "stations_in_radius": "['9th Street' '7th Street']", "stations_in_radius_dist_m": "[118.09 320.43]", "poi_cluster": "env", "index_right": 139, "centroid_id": 158, "dist_m": 49.753243224807143 }, "geometry": { "type": "Point", "coordinates": [ -80.83499, 35.2286352 ] } },
{ "type": "Feature", "properties": { "osm_id": 11944001660, "name": null, "lat": 35.2323485, "lon": -80.8361498, "tags": { "amenity": "bicycle_parking" }, "amenity": "bicycle_parking", "shop": null, "leisure": null, "tourism": null, "office": null, "public_transport": null, "healthcare": null, "craft": null, "stations_in_radius": [ "9th Street" ], "stations_in_radius_dist_m": [ 311.8 ], "poi_cluster": "env", "index_right": 111, "centroid_id": 149, "dist_m": 58.480964727042689 }, "geometry": { "type": "Point", "coordinates": [ -80.8361498, 35.2323485 ] } },
{ "type": "Feature", "properties": { "osm_id": 12064958869, "name": null, "lat": 35.2327801, "lon": -80.8391999, "tags": { "access": "yes", "amenity": "bicycle_parking", "bicycle_parking": "rack", "capacity": "6", "covered": "no", "indoor": "no" }, "amenity": "bicycle_parking", "shop": null, "leisure": null, "tourism": null, "office": null, "public_transport": null, "healthcare": null, "craft": null, "stations_in_radius": [ "9th Street" ], "stations_in_radius_dist_m": [ 512.57 ], "poi_cluster": "env", "index_right": 113, "centroid_id": 128, "dist_m": 30.880997642064706 }, "geometry": { "type": "Point", "coordinates": [ -80.8391999, 35.2327801 ] } },
{ "type": "Feature", "properties": { "osm_id": 12200268402, "name": null, "lat": 35.2285842, "lon": -80.8365705, "tags": { "amenity": "vending_machine", "bin": "yes", "fee": "no", "vending": "excrement_bags" }, "amenity": "vending_machine", "shop": null, "leisure": null, "tourism": null, "office": null, "public_transport": null, "healthcare": null, "craft": null, "stations_in_radius": "['9th Street' '7th Street']", "stations_in_radius_dist_m": "[189.04 203.13]", "poi_cluster": "env", "index_right": 7, "centroid_id": 145, "dist_m": 22.174950871239801 }, "geometry": { "type": "Point", "coordinates": [ -80.8365705, 35.2285842 ] } },
{ "type": "Feature", "properties": { "osm_id": 12253985478, "name": null, "lat": 35.227938, "lon": -80.8369021, "tags": { "amenity": "drinking_water" }, "amenity": "drinking_water", "shop": null, "leisure": null, "tourism": null, "office": null, "public_transport": null, "healthcare": null, "craft": null, "stations_in_radius": "['7th Street' '9th Street']", "stations_in_radius_dist_m": "[132.07 261.04]", "poi_cluster": "env", "index_right": 7, "centroid_id": 145, "dist_m": 67.346512111658086 }, "geometry": { "type": "Point", "coordinates": [ -80.8369021, 35.227938 ] } },
{ "type": "Feature", "properties": { "osm_id": 12566300626, "name": null, "lat": 35.2284122, "lon": -80.8355194, "tags": { "amenity": "bench", "backrest": "yes", "historic": "memorial", "memorial": "bench" }, "amenity": "bench", "shop": null, "leisure": null, "tourism": null, "office": null, "public_transport": null, "healthcare": null, "craft": null, "stations_in_radius": "['9th Street' '7th Street']", "stations_in_radius_dist_m": "[150.44 266.33]", "poi_cluster": "env", "index_right": 139, "centroid_id": 158, "dist_m": 83.41932522988796 }, "geometry": { "type": "Point", "coordinates": [ -80.8355194, 35.2284122 ] } },
{ "type": "Feature", "properties": { "osm_id": 12663354462, "name": null, "lat": 35.2292809, "lon": -80.8353939, "tags": { "amenity": "bicycle_parking", "bicycle_parking": "stands", "capacity": "8", "covered": "yes" }, "amenity": "bicycle_parking", "shop": null, "leisure": null, "tourism": null, "office": null, "public_transport": null, "healthcare": null, "craft": null, "stations_in_radius": "['9th Street' '7th Street']", "stations_in_radius_dist_m": "[ 58.69 333.31]", "poi_cluster": "env", "index_right": 62, "centroid_id": 153, "dist_m": 33.586023197640792 }, "geometry": { "type": "Point", "coordinates": [ -80.8353939, 35.2292809 ] } },
{ "type": "Feature", "properties": { "osm_id": 12861806494, "name": null, "lat": 35.2264488, "lon": -80.8323868, "tags": { "amenity": "bench" }, "amenity": "bench", "shop": null, "leisure": null, "tourism": null, "office": null, "public_transport": null, "healthcare": null, "craft": null, "stations_in_radius": [ "9th Street" ], "stations_in_radius_dist_m": [ 431.92 ], "poi_cluster": "env", "index_right": 165, "centroid_id": 169, "dist_m": 28.436014795927655 }, "geometry": { "type": "Point", "coordinates": [ -80.8323868, 35.2264488 ] } },
{ "type": "Feature", "properties": { "osm_id": 12861806495, "name": null, "lat": 35.2264189, "lon": -80.8324265, "tags": { "amenity": "bench" }, "amenity": "bench", "shop": null, "leisure": null, "tourism": null, "office": null, "public_transport": null, "healthcare": null, "craft": null, "stations_in_radius": [ "9th Street" ], "stations_in_radius_dist_m": [ 432.72 ], "poi_cluster": "env", "index_right": 165, "centroid_id": 169, "dist_m": 25.968252965371033 }, "geometry": { "type": "Point", "coordinates": [ -80.8324265, 35.2264189 ] } },
{ "type": "Feature", "properties": { "osm_id": 12861806496, "name": null, "lat": 35.2265284, "lon": -80.8324813, "tags": { "amenity": "waste_basket" }, "amenity": "waste_basket", "shop": null, "leisure": null, "tourism": null, "office": null, "public_transport": null, "healthcare": null, "craft": null, "stations_in_radius": [ "9th Street" ], "stations_in_radius_dist_m": [ 419.82 ], "poi_cluster": "env", "index_right": 165, "centroid_id": 169, "dist_m": 19.284500640910341 }, "geometry": { "type": "Point", "coordinates": [ -80.8324813, 35.2265284 ] } },
{ "type": "Feature", "properties": { "osm_id": 12861806497, "name": null, "lat": 35.2260121, "lon": -80.8319002, "tags": { "amenity": "bench" }, "amenity": "bench", "shop": null, "leisure": null, "tourism": null, "office": null, "public_transport": null, "healthcare": null, "craft": null, "stations_in_radius": [ "9th Street" ], "stations_in_radius_dist_m": [ 496.83 ], "poi_cluster": "env", "index_right": 157, "centroid_id": 176, "dist_m": 20.564862581098669 }, "geometry": { "type": "Point", "coordinates": [ -80.8319002, 35.2260121 ] } },
{ "type": "Feature", "properties": { "osm_id": 12861806498, "name": null, "lat": 35.2259822, "lon": -80.8319398, "tags": { "amenity": "bench" }, "amenity": "bench", "shop": null, "leisure": null, "tourism": null, "office": null, "public_transport": null, "healthcare": null, "craft": null, "stations_in_radius": [ "9th Street" ], "stations_in_radius_dist_m": [ 497.54 ], "poi_cluster": "env", "index_right": 157, "centroid_id": 176, "dist_m": 18.235570083082216 }, "geometry": { "type": "Point", "coordinates": [ -80.8319398, 35.2259822 ] } },
{ "type": "Feature", "properties": { "osm_id": 12861806499, "name": null, "lat": 35.2259349, "lon": -80.831882, "tags": { "amenity": "waste_basket" }, "amenity": "waste_basket", "shop": null, "leisure": null, "tourism": null, "office": null, "public_transport": null, "healthcare": null, "craft": null, "stations_in_radius": [ "9th Street" ], "stations_in_radius_dist_m": [ 504.83 ], "poi_cluster": "env", "index_right": 157, "centroid_id": 176, "dist_m": 11.864310488492317 }, "geometry": { "type": "Point", "coordinates": [ -80.831882, 35.2259349 ] } },
{ "type": "Feature", "properties": { "osm_id": 13108201693, "name": null, "lat": 35.2276919, "lon": -80.8322166, "tags": { "amenity": "bench" }, "amenity": "bench", "shop": null, "leisure": null, "tourism": null, "office": null, "public_transport": null, "healthcare": null, "craft": null, "stations_in_radius": [ "9th Street" ], "stations_in_radius_dist_m": [ 337.26 ], "poi_cluster": "env", "index_right": 155, "centroid_id": 174, "dist_m": 9.6301200893964101 }, "geometry": { "type": "Point", "coordinates": [ -80.8322166, 35.227691900000011 ] } },
{ "type": "Feature", "properties": { "osm_id": 13108201694, "name": null, "lat": 35.2276568, "lon": -80.8323055, "tags": { "amenity": "bench" }, "amenity": "bench", "shop": null, "leisure": null, "tourism": null, "office": null, "public_transport": null, "healthcare": null, "craft": null, "stations_in_radius": [ "9th Street" ], "stations_in_radius_dist_m": [ 333.86 ], "poi_cluster": "env", "index_right": 155, "centroid_id": 174, "dist_m": 15.33392957759542 }, "geometry": { "type": "Point", "coordinates": [ -80.8323055, 35.2276568 ] } },
{ "type": "Feature", "properties": { "osm_id": 13265364295, "name": null, "lat": 35.227789, "lon": -80.8381595, "tags": { "amenity": "bicycle_parking", "bicycle_parking": "rack", "covered": "yes" }, "amenity": "bicycle_parking", "shop": null, "leisure": null, "tourism": null, "office": null, "public_transport": null, "healthcare": null, "craft": null, "stations_in_radius": "['7th Street' '9th Street' 'CTC/Arena']", "stations_in_radius_dist_m": "[ 63.75 357.18 426.72]", "poi_cluster": "env", "index_right": 21, "centroid_id": 130, "dist_m": 98.485319096426764 }, "geometry": { "type": "Point", "coordinates": [ -80.8381595, 35.227789 ] } },
{ "type": "Feature", "properties": { "osm_id": 120628264, "name": "Seventh Street Station Car Park", "lat": 35.2275722, "lon": -80.8384746, "tags": { "alt_name": "7th Street Station", "amenity": "parking", "building": "parking", "height": "32", "name": "Seventh Street Station Car Park", "parking": "multi-storey" }, "amenity": "parking", "shop": null, "leisure": null, "tourism": null, "office": null, "public_transport": null, "healthcare": null, "craft": null, "stations_in_radius": [ ], "stations_in_radius_dist_m": [ ], "poi_cluster": "env", "index_right": 21, "centroid_id": 130, "dist_m": 110.16303504936681 }, "geometry": { "type": "Point", "coordinates": [ -80.8384746, 35.2275722 ] } },
{ "type": "Feature", "properties": { "osm_id": 322992977, "name": "300 North Brevard Street", "lat": 35.2260228, "lon": -80.8369988, "tags": { "access": "yes", "addr:city": "Charlotte", "addr:housenumber": "300", "addr:postcode": "28202", "addr:state": "NC", "addr:street": "North Brevard Street", "amenity": "parking", "fee": "yes", "name": "300 North Brevard Street", "operator": "Preferred Parking", "parking": "surface", "surface": "asphalt" }, "amenity": "parking", "shop": null, "leisure": null, "tourism": null, "office": null, "public_transport": null, "healthcare": null, "craft": null, "stations_in_radius": "['7th Street' 'CTC/Arena' '9th Street']", "stations_in_radius_dist_m": "[164.18 415.39 446.53]", "poi_cluster": "env", "index_right": 61, "centroid_id": 136, "dist_m": 58.273152464596336 }, "geometry": { "type": "Point", "coordinates": [ -80.8369988, 35.2260228 ] } },
{ "type": "Feature", "properties": { "osm_id": 322992978, "name": "418 East 7th Street", "lat": 35.2261642, "lon": -80.8364083, "tags": { "access": "yes", "addr:city": "Charlotte", "addr:housenumber": "418", "addr:postcode": "28202", "addr:state": "NC", "addr:street": "East 7th Street", "amenity": "parking", "fee": "yes", "name": "418 East 7th Street", "operator": "Preferred Parking", "parking": "surface", "surface": "asphalt" }, "amenity": "parking", "shop": null, "leisure": null, "tourism": null, "office": null, "public_transport": null, "healthcare": null, "craft": null, "stations_in_radius": "['7th Street' '9th Street' 'CTC/Arena']", "stations_in_radius_dist_m": "[190.53 412.53 471.37]", "poi_cluster": "env", "index_right": 68, "centroid_id": 151, "dist_m": 64.216381974547318 }, "geometry": { "type": "Point", "coordinates": [ -80.8364083, 35.2261642 ] } },
{ "type": "Feature", "properties": { "osm_id": 322992989, "name": null, "lat": 35.2304687, "lon": -80.8348793, "tags": { "amenity": "parking" }, "amenity": "parking", "shop": null, "leisure": null, "tourism": null, "office": null, "public_transport": null, "healthcare": null, "craft": null, "stations_in_radius": [ "9th Street" ], "stations_in_radius_dist_m": [ 85.95 ], "poi_cluster": "env", "index_right": 160, "centroid_id": 154, "dist_m": 75.954658976848449 }, "geometry": { "type": "Point", "coordinates": [ -80.8348793, 35.23046870000001 ] } },
{ "type": "Feature", "properties": { "osm_id": 322992990, "name": null, "lat": 35.2313341, "lon": -80.8360577, "tags": { "amenity": "parking", "parking": "surface" }, "amenity": "parking", "shop": null, "leisure": null, "tourism": null, "office": null, "public_transport": null, "healthcare": null, "craft": null, "stations_in_radius": [ "9th Street" ], "stations_in_radius_dist_m": [ 205.19 ], "poi_cluster": "env", "index_right": 111, "centroid_id": 149, "dist_m": 77.869840646043343 }, "geometry": { "type": "Point", "coordinates": [ -80.8360577, 35.2313341 ] } },
{ "type": "Feature", "properties": { "osm_id": 322992997, "name": null, "lat": 35.2292652, "lon": -80.8343526, "tags": { "amenity": "parking" }, "amenity": "parking", "shop": null, "leisure": null, "tourism": null, "office": null, "public_transport": null, "healthcare": null, "craft": null, "stations_in_radius": "['9th Street' '7th Street']", "stations_in_radius_dist_m": "[ 76.13 406.52]", "poi_cluster": "env", "index_right": 84, "centroid_id": 166, "dist_m": 76.891116934339024 }, "geometry": { "type": "Point", "coordinates": [ -80.8343526, 35.2292652 ] } },
{ "type": "Feature", "properties": { "osm_id": 322993013, "name": "401 East 7th Street", "lat": 35.2268776, "lon": -80.8361154, "tags": { "access": "yes", "addr:city": "Charlotte", "addr:housenumber": "401", "addr:postcode": "28202", "addr:state": "NC", "addr:street": "East 7th Street", "amenity": "parking", "fee": "yes", "name": "401 East 7th Street", "operator": "Preferred Parking", "parking": "surface", "surface": "asphalt" }, "amenity": "parking", "shop": null, "leisure": null, "tourism": null, "office": null, "public_transport": null, "healthcare": null, "craft": null, "stations_in_radius": "['7th Street' '9th Street']", "stations_in_radius_dist_m": "[180.99 329.05]", "poi_cluster": "env", "index_right": 95, "centroid_id": 144, "dist_m": 64.031369849190185 }, "geometry": { "type": "Point", "coordinates": [ -80.8361154, 35.2268776 ] } },
{ "type": "Feature", "properties": { "osm_id": 322993014, "name": null, "lat": 35.2267744, "lon": -80.8335762, "tags": { "amenity": "parking", "wheelchair": "yes" }, "amenity": "parking", "shop": null, "leisure": null, "tourism": null, "office": null, "public_transport": null, "healthcare": null, "craft": null, "stations_in_radius": [ "9th Street" ], "stations_in_radius_dist_m": [ 349.36 ], "poi_cluster": "env", "index_right": 6, "centroid_id": 168, "dist_m": 55.756482211613893 }, "geometry": { "type": "Point", "coordinates": [ -80.8335762, 35.2267744 ] } },
{ "type": "Feature", "properties": { "osm_id": 322993024, "name": "Lot #424", "lat": 35.2288827, "lon": -80.8376349, "tags": { "addr:city": "Charlotte", "addr:housenumber": "424", "addr:postcode": "28202", "addr:state": "NC", "addr:street": "North College Street", "amenity": "parking", "fee": "yes", "name": "Lot #424", "operator": "Preferred Parking", "parking": "surface", "surface": "asphalt" }, "amenity": "parking", "shop": null, "leisure": null, "tourism": null, "office": null, "public_transport": null, "healthcare": null, "craft": null, "stations_in_radius": "['7th Street' '9th Street']", "stations_in_radius_dist_m": "[188.41 256.33]", "poi_cluster": "env", "index_right": 24, "centroid_id": 137, "dist_m": 62.15905200690451 }, "geometry": { "type": "Point", "coordinates": [ -80.8376349, 35.2288827 ] } },
{ "type": "Feature", "properties": { "osm_id": 468471045, "name": "Lot #219", "lat": 35.2282195, "lon": -80.8373764, "tags": { "addr:city": "Charlotte", "addr:housenumber": "219", "addr:postcode": "28202", "addr:state": "NC", "addr:street": "East 7th Street", "amenity": "parking", "fee": "yes", "name": "Lot #219", "operator": "Preferred Parking", "parking": "surface", "surface": "asphalt" }, "amenity": "parking", "shop": null, "leisure": null, "tourism": null, "office": null, "public_transport": null, "healthcare": null, "craft": null, "stations_in_radius": "['7th Street' '9th Street' 'CTC/Arena']", "stations_in_radius_dist_m": "[127.11 271.51 510.76]", "poi_cluster": "env", "index_right": 7, "centroid_id": 145, "dist_m": 62.762048160689048 }, "geometry": { "type": "Point", "coordinates": [ -80.8373764, 35.2282195 ] } },
{ "type": "Feature", "properties": { "osm_id": 502755123, "name": null, "lat": 35.2320728, "lon": -80.837788, "tags": { "amenity": "parking", "building": "yes", "height": "21", "parking": "multi-storey" }, "amenity": "parking", "shop": null, "leisure": null, "tourism": null, "office": null, "public_transport": null, "healthcare": null, "craft": null, "stations_in_radius": [ ], "stations_in_radius_dist_m": [ ], "poi_cluster": "env", "index_right": 5, "centroid_id": 139, "dist_m": 60.241895525008488 }, "geometry": { "type": "Point", "coordinates": [ -80.837788, 35.2320728 ] } },
{ "type": "Feature", "properties": { "osm_id": 626310897, "name": null, "lat": 35.2260529, "lon": -80.8346414, "tags": { "amenity": "parking" }, "amenity": "parking", "shop": null, "leisure": null, "tourism": null, "office": null, "public_transport": null, "healthcare": null, "craft": null, "stations_in_radius": "['7th Street' '9th Street']", "stations_in_radius_dist_m": "[336.94 405.78]", "poi_cluster": "env", "index_right": 65, "centroid_id": 157, "dist_m": 75.572246009929913 }, "geometry": { "type": "Point", "coordinates": [ -80.8346414, 35.2260529 ] } },
{ "type": "Feature", "properties": { "osm_id": 835882584, "name": null, "lat": 35.230163, "lon": -80.8332928, "tags": { "amenity": "parking", "building": "parking", "parking": "multi-storey" }, "amenity": "parking", "shop": null, "leisure": null, "tourism": null, "office": null, "public_transport": null, "healthcare": null, "craft": null, "stations_in_radius": [ ], "stations_in_radius_dist_m": [ ], "poi_cluster": "env", "index_right": 67, "centroid_id": 173, "dist_m": 85.988613396077795 }, "geometry": { "type": "Point", "coordinates": [ -80.8332928, 35.230163 ] } },
{ "type": "Feature", "properties": { "osm_id": 1004213264, "name": null, "lat": 35.2281629, "lon": -80.8366654, "tags": { "access": "yes", "amenity": "toilets", "building": "yes", "opening_hours": "Mo-Su 09:00-sunset" }, "amenity": "toilets", "shop": null, "leisure": null, "tourism": null, "office": null, "public_transport": null, "healthcare": null, "craft": null, "stations_in_radius": "['7th Street' '9th Street']", "stations_in_radius_dist_m": "[164.44 228.09]", "poi_cluster": "env", "index_right": 7, "centroid_id": 145, "dist_m": 43.833493053416696 }, "geometry": { "type": "Point", "coordinates": [ -80.8366654, 35.2281629 ] } },
{ "type": "Feature", "properties": { "osm_id": 1004213283, "name": null, "lat": 35.2283216, "lon": -80.8353752, "tags": { "amenity": "parking", "layer": "-1", "parking": "underground" }, "amenity": "parking", "shop": null, "leisure": null, "tourism": null, "office": null, "public_transport": null, "healthcare": null, "craft": null, "stations_in_radius": "['9th Street' '7th Street']", "stations_in_radius_dist_m": "[156.63 273.15]", "poi_cluster": "env", "index_right": 139, "centroid_id": 158, "dist_m": 69.561650847766103 }, "geometry": { "type": "Point", "coordinates": [ -80.8353752, 35.2283216 ] } },
{ "type": "Feature", "properties": { "osm_id": 1004216935, "name": null, "lat": 35.2287657, "lon": -80.8357584, "tags": { "access": "yes", "amenity": "parking", "fee": "yes", "parking": "surface" }, "amenity": "parking", "shop": null, "leisure": null, "tourism": null, "office": null, "public_transport": null, "healthcare": null, "craft": null, "stations_in_radius": [ "9th Street" ], "stations_in_radius_dist_m": [ 124.49 ], "poi_cluster": "env", "index_right": 62, "centroid_id": 153, "dist_m": 74.988577651654694 }, "geometry": { "type": "Point", "coordinates": [ -80.8357584, 35.2287657 ] } },
{ "type": "Feature", "properties": { "osm_id": 1047744375, "name": "422 East 9th Street", "lat": 35.227588, "lon": -80.8346462, "tags": { "access": "yes", "addr:city": "Charlotte", "addr:housenumber": "422", "addr:postcode": "28202", "addr:state": "NC", "addr:street": "East 9th Street", "amenity": "parking", "fee": "yes", "name": "422 East 9th Street", "operator": "Preferred Parking", "parking": "surface", "surface": "gravel" }, "amenity": "parking", "shop": null, "leisure": null, "tourism": null, "office": null, "public_transport": null, "healthcare": null, "craft": null, "stations_in_radius": "['9th Street' '7th Street']", "stations_in_radius_dist_m": "[236.42 313.32]", "poi_cluster": "env", "index_right": 63, "centroid_id": 160, "dist_m": 76.648708020767458 }, "geometry": { "type": "Point", "coordinates": [ -80.8346462, 35.227588 ] } },
{ "type": "Feature", "properties": { "osm_id": 1047744389, "name": "418 East 6th Street", "lat": 35.2257396, "lon": -80.837736, "tags": { "access": "permit", "addr:city": "Charlotte", "addr:housenumber": "418", "addr:postcode": "28202", "addr:state": "NC", "addr:street": "East 6th Street", "amenity": "parking", "fee": "yes", "name": "418 East 6th Street", "operator": "Preferred Parking", "parking": "surface", "surface": "asphalt" }, "amenity": "parking", "shop": null, "leisure": null, "tourism": null, "office": null, "public_transport": null, "healthcare": null, "craft": null, "stations_in_radius": "['7th Street' 'CTC/Arena']", "stations_in_radius_dist_m": "[166.8  342.48]", "poi_cluster": "env", "index_right": 61, "centroid_id": 136, "dist_m": 36.839668009428586 }, "geometry": { "type": "Point", "coordinates": [ -80.837736, 35.2257396 ] } },
{ "type": "Feature", "properties": { "osm_id": 1098375127, "name": null, "lat": 35.2288876, "lon": -80.8386545, "tags": { "amenity": "parking", "parking": "surface", "surface": "asphalt" }, "amenity": "parking", "shop": null, "leisure": null, "tourism": null, "office": null, "public_transport": null, "healthcare": null, "craft": null, "stations_in_radius": "['7th Street' '9th Street' 'CTC/Arena']", "stations_in_radius_dist_m": "[192.69 344.54 497.84]", "poi_cluster": "env", "index_right": 21, "centroid_id": 130, "dist_m": 38.857601357196188 }, "geometry": { "type": "Point", "coordinates": [ -80.8386545, 35.2288876 ] } },
{ "type": "Feature", "properties": { "osm_id": 1181513185, "name": null, "lat": 35.2270974, "lon": -80.8367814, "tags": { "amenity": "bicycle_parking", "bicycle_parking": "stands", "capacity": "10", "fee": "no" }, "amenity": "bicycle_parking", "shop": null, "leisure": null, "tourism": null, "office": null, "public_transport": null, "healthcare": null, "craft": null, "stations_in_radius": "['7th Street' '9th Street' 'CTC/Arena']", "stations_in_radius_dist_m": "[117.14 331.04 479.57]", "poi_cluster": "env", "index_right": 95, "centroid_id": 144, "dist_m": 15.220857648550572 }, "geometry": { "type": "Point", "coordinates": [ -80.8367814, 35.227097399999984 ] } },
{ "type": "Feature", "properties": { "osm_id": 1184510901, "name": null, "lat": 35.2324753, "lon": -80.8390314, "tags": { "amenity": "parking", "parking": "surface" }, "amenity": "parking", "shop": null, "leisure": null, "tourism": null, "office": null, "public_transport": null, "healthcare": null, "craft": null, "stations_in_radius": [ "9th Street" ], "stations_in_radius_dist_m": [ 478.85 ], "poi_cluster": "env", "index_right": 172, "centroid_id": 132, "dist_m": 67.173272128741345 }, "geometry": { "type": "Point", "coordinates": [ -80.8390314, 35.2324753 ] } },
{ "type": "Feature", "properties": { "osm_id": 1184552428, "name": null, "lat": 35.2305737, "lon": -80.8344281, "tags": { "access": "private", "amenity": "parking", "parking": "surface" }, "amenity": "parking", "shop": null, "leisure": null, "tourism": null, "office": null, "public_transport": null, "healthcare": null, "craft": null, "stations_in_radius": [ "9th Street" ], "stations_in_radius_dist_m": [ 109.98 ], "poi_cluster": "env", "index_right": 160, "centroid_id": 154, "dist_m": 116.21550998342524 }, "geometry": { "type": "Point", "coordinates": [ -80.8344281, 35.2305737 ] } },
{ "type": "Feature", "properties": { "osm_id": 1184552429, "name": null, "lat": 35.2292203, "lon": -80.8323101, "tags": { "amenity": "parking", "parking": "surface" }, "amenity": "parking", "shop": null, "leisure": null, "tourism": null, "office": null, "public_transport": null, "healthcare": null, "craft": null, "stations_in_radius": [ ], "stations_in_radius_dist_m": [ ], "poi_cluster": "env", "index_right": 67, "centroid_id": 173, "dist_m": 74.482860712067378 }, "geometry": { "type": "Point", "coordinates": [ -80.8323101, 35.2292203 ] } },
{ "type": "Feature", "properties": { "osm_id": 1184552430, "name": null, "lat": 35.2286942, "lon": -80.8330937, "tags": { "amenity": "parking", "parking": "surface" }, "amenity": "parking", "shop": null, "leisure": null, "tourism": null, "office": null, "public_transport": null, "healthcare": null, "craft": null, "stations_in_radius": [ "9th Street" ], "stations_in_radius_dist_m": [ 206.24 ], "poi_cluster": "env", "index_right": 84, "centroid_id": 166, "dist_m": 68.812995468727749 }, "geometry": { "type": "Point", "coordinates": [ -80.8330937, 35.2286942 ] } },
{ "type": "Feature", "properties": { "osm_id": 1184552431, "name": null, "lat": 35.2269526, "lon": -80.831412, "tags": { "amenity": "parking", "parking": "surface" }, "amenity": "parking", "shop": null, "leisure": null, "tourism": null, "office": null, "public_transport": null, "healthcare": null, "craft": null, "stations_in_radius": [ ], "stations_in_radius_dist_m": [ ], "poi_cluster": "env", "index_right": 167, "centroid_id": 177, "dist_m": 48.452241950575356 }, "geometry": { "type": "Point", "coordinates": [ -80.831412, 35.2269526 ] } },
{ "type": "Feature", "properties": { "osm_id": 1184552432, "name": null, "lat": 35.2270402, "lon": -80.8318714, "tags": { "amenity": "parking", "parking": "surface" }, "amenity": "parking", "shop": null, "leisure": null, "tourism": null, "office": null, "public_transport": null, "healthcare": null, "craft": null, "stations_in_radius": [ "9th Street" ], "stations_in_radius_dist_m": [ 409.95 ], "poi_cluster": "env", "index_right": 167, "centroid_id": 177, "dist_m": 15.62739688860966 }, "geometry": { "type": "Point", "coordinates": [ -80.8318714, 35.227040199999983 ] } },
{ "type": "Feature", "properties": { "osm_id": 1184552433, "name": null, "lat": 35.2265456, "lon": -80.8317167, "tags": { "amenity": "parking", "parking": "surface" }, "amenity": "parking", "shop": null, "leisure": null, "tourism": null, "office": null, "public_transport": null, "healthcare": null, "craft": null, "stations_in_radius": [ "9th Street" ], "stations_in_radius_dist_m": [ 460.05 ], "poi_cluster": "env", "index_right": 167, "centroid_id": 177, "dist_m": 71.766136481275709 }, "geometry": { "type": "Point", "coordinates": [ -80.8317167, 35.2265456 ] } },
{ "type": "Feature", "properties": { "osm_id": 1184552435, "name": null, "lat": 35.2258313, "lon": -80.8326904, "tags": { "amenity": "parking", "parking": "surface" }, "amenity": "parking", "shop": null, "leisure": null, "tourism": null, "office": null, "public_transport": null, "healthcare": null, "craft": null, "stations_in_radius": [ ], "stations_in_radius_dist_m": [ ], "poi_cluster": "env", "index_right": 157, "centroid_id": 176, "dist_m": 74.779846465688948 }, "geometry": { "type": "Point", "coordinates": [ -80.8326904, 35.2258313 ] } },
{ "type": "Feature", "properties": { "osm_id": 1193371064, "name": null, "lat": 35.2301749, "lon": -80.8372028, "tags": { "addr:city": "Charlotte", "addr:housenumber": "521", "addr:postcode": "28202", "addr:state": "NC", "addr:street": "North College Street", "amenity": "parking", "fee": "yes", "operator": "Preferred Parking", "parking": "surface", "phone": "+1 704 375 6014", "website": "https://www.preferredparking.com" }, "amenity": "parking", "shop": null, "leisure": null, "tourism": null, "office": null, "public_transport": null, "healthcare": null, "craft": null, "stations_in_radius": [ "9th Street" ], "stations_in_radius_dist_m": [ 207.25 ], "poi_cluster": "env", "index_right": 89, "centroid_id": 148, "dist_m": 61.51359566117894 }, "geometry": { "type": "Point", "coordinates": [ -80.8372028, 35.2301749 ] } },
{ "type": "Feature", "properties": { "osm_id": 1238180921, "name": null, "lat": 35.2316774, "lon": -80.8340328, "tags": { "amenity": "parking" }, "amenity": "parking", "shop": null, "leisure": null, "tourism": null, "office": null, "public_transport": null, "healthcare": null, "craft": null, "stations_in_radius": [ "9th Street" ], "stations_in_radius_dist_m": [ 236.3 ], "poi_cluster": "env", "index_right": 137, "centroid_id": 159, "dist_m": 27.030604728860666 }, "geometry": { "type": "Point", "coordinates": [ -80.8340328, 35.2316774 ] } },
{ "type": "Feature", "properties": { "osm_id": 1309950405, "name": null, "lat": 35.2294416, "lon": -80.838523, "tags": { "amenity": "parking", "building": "yes", "parking": "multi-storey" }, "amenity": "parking", "shop": null, "leisure": null, "tourism": null, "office": null, "public_transport": null, "healthcare": null, "craft": null, "stations_in_radius": [ ], "stations_in_radius_dist_m": [ ], "poi_cluster": "env", "index_right": 24, "centroid_id": 137, "dist_m": 81.19980697506179 }, "geometry": { "type": "Point", "coordinates": [ -80.838523, 35.2294416 ] } },
{ "type": "Feature", "properties": { "osm_id": 1364772388, "name": null, "lat": 35.2287501, "lon": -80.8343656, "tags": { "amenity": "parking" }, "amenity": "parking", "shop": null, "leisure": null, "tourism": null, "office": null, "public_transport": null, "healthcare": null, "craft": null, "stations_in_radius": "['9th Street' '7th Street']", "stations_in_radius_dist_m": "[120.13 376.58]", "poi_cluster": "env", "index_right": 139, "centroid_id": 158, "dist_m": 53.470537018840041 }, "geometry": { "type": "Point", "coordinates": [ -80.8343656, 35.2287501 ] } },
{ "type": "Feature", "properties": { "osm_id": 1372244748, "name": null, "lat": 35.2293707, "lon": -80.8392239, "tags": { "amenity": "parking" }, "amenity": "parking", "shop": null, "leisure": null, "tourism": null, "office": null, "public_transport": null, "healthcare": null, "craft": null, "stations_in_radius": "['7th Street' '9th Street']", "stations_in_radius_dist_m": "[260.97 386.09]", "poi_cluster": "env", "index_right": 87, "centroid_id": 124, "dist_m": 55.65269342652995 }, "geometry": { "type": "Point", "coordinates": [ -80.8392239, 35.2293707 ] } },
{ "type": "Feature", "properties": { "osm_id": 1372244749, "name": null, "lat": 35.2305161, "lon": -80.8374995, "tags": { "amenity": "parking" }, "amenity": "parking", "shop": null, "leisure": null, "tourism": null, "office": null, "public_transport": null, "healthcare": null, "craft": null, "stations_in_radius": [ "9th Street" ], "stations_in_radius_dist_m": [ 244.79 ], "poi_cluster": "env", "index_right": 80, "centroid_id": 138, "dist_m": 57.21090928345248 }, "geometry": { "type": "Point", "coordinates": [ -80.8374995, 35.2305161 ] } },
{ "type": "Feature", "properties": { "osm_id": 1372244751, "name": null, "lat": 35.2328191, "lon": -80.8369974, "tags": { "amenity": "parking" }, "amenity": "parking", "shop": null, "leisure": null, "tourism": null, "office": null, "public_transport": null, "healthcare": null, "craft": null, "stations_in_radius": [ "9th Street" ], "stations_in_radius_dist_m": [ 390.75 ], "poi_cluster": "env", "index_right": 70, "centroid_id": 140, "dist_m": 57.012364268297112 }, "geometry": { "type": "Point", "coordinates": [ -80.8369974, 35.2328191 ] } },
{ "type": "Feature", "properties": { "osm_id": 1372244752, "name": null, "lat": 35.2330297, "lon": -80.8365707, "tags": { "amenity": "parking" }, "amenity": "parking", "shop": null, "leisure": null, "tourism": null, "office": null, "public_transport": null, "healthcare": null, "craft": null, "stations_in_radius": [ "9th Street" ], "stations_in_radius_dist_m": [ 395.96 ], "poi_cluster": "env", "index_right": 174, "centroid_id": 147, "dist_m": 79.850987565088076 }, "geometry": { "type": "Point", "coordinates": [ -80.8365707, 35.233029699999989 ] } },
{ "type": "Feature", "properties": { "osm_id": 1407466847, "name": null, "lat": 35.2329016, "lon": -80.831818, "tags": { "amenity": "parking" }, "amenity": "parking", "shop": null, "leisure": null, "tourism": null, "office": null, "public_transport": null, "healthcare": null, "craft": null, "stations_in_radius": [ ], "stations_in_radius_dist_m": [ ], "poi_cluster": "env", "index_right": 36, "centroid_id": 171, "dist_m": 78.846257091577698 }, "geometry": { "type": "Point", "coordinates": [ -80.831818, 35.2329016 ] } },
{ "type": "Feature", "properties": { "osm_id": 1407466848, "name": null, "lat": 35.2326313, "lon": -80.8325914, "tags": { "amenity": "parking" }, "amenity": "parking", "shop": null, "leisure": null, "tourism": null, "office": null, "public_transport": null, "healthcare": null, "craft": null, "stations_in_radius": [ "9th Street" ], "stations_in_radius_dist_m": [ 392.06 ], "poi_cluster": "env", "index_right": 36, "centroid_id": 171, "dist_m": 22.153426157185802 }, "geometry": { "type": "Point", "coordinates": [ -80.8325914, 35.232631299999987 ] } },
{ "type": "Feature", "properties": { "osm_id": 1407466849, "name": null, "lat": 35.2310324, "lon": -80.8368588, "tags": { "amenity": "parking" }, "amenity": "parking", "shop": null, "leisure": null, "tourism": null, "office": null, "public_transport": null, "healthcare": null, "craft": null, "stations_in_radius": [ "9th Street" ], "stations_in_radius_dist_m": [ 224.6 ], "poi_cluster": "env", "index_right": 80, "centroid_id": 138, "dist_m": 69.960313948784133 }, "geometry": { "type": "Point", "coordinates": [ -80.8368588, 35.231032399999982 ] } },
{ "type": "Feature", "properties": { "osm_id": 1407466850, "name": null, "lat": 35.233538, "lon": -80.8377533, "tags": { "amenity": "parking" }, "amenity": "parking", "shop": null, "leisure": null, "tourism": null, "office": null, "public_transport": null, "healthcare": null, "craft": null, "stations_in_radius": [ ], "stations_in_radius_dist_m": [ ], "poi_cluster": "env", "index_right": 70, "centroid_id": 140, "dist_m": 79.989841915318976 }, "geometry": { "type": "Point", "coordinates": [ -80.8377533, 35.233538 ] } },
{ "type": "Feature", "properties": { "osm_id": 1407466859, "name": null, "lat": 35.2329917, "lon": -80.8383287, "tags": { "amenity": "parking" }, "amenity": "parking", "shop": null, "leisure": null, "tourism": null, "office": null, "public_transport": null, "healthcare": null, "craft": null, "stations_in_radius": [ "9th Street" ], "stations_in_radius_dist_m": [ 474.35 ], "poi_cluster": "env", "index_right": 70, "centroid_id": 140, "dist_m": 66.753831332278949 }, "geometry": { "type": "Point", "coordinates": [ -80.8383287, 35.2329917 ] } },
{ "type": "Feature", "properties": { "osm_id": 1424496605, "name": null, "lat": 35.23009, "lon": -80.8381924, "tags": { "amenity": "parking" }, "amenity": "parking", "shop": null, "leisure": null, "tourism": null, "office": null, "public_transport": null, "healthcare": null, "craft": null, "stations_in_radius": [ "9th Street" ], "stations_in_radius_dist_m": [ 293.7 ], "poi_cluster": "env", "index_right": 50, "centroid_id": 131, "dist_m": 56.40920457495568 }, "geometry": { "type": "Point", "coordinates": [ -80.8381924, 35.23009 ] } },
{ "type": "Feature", "properties": { "osm_id": 1424496606, "name": null, "lat": 35.2299205, "lon": -80.8374946, "tags": { "amenity": "parking" }, "amenity": "parking", "shop": null, "leisure": null, "tourism": null, "office": null, "public_transport": null, "healthcare": null, "craft": null, "stations_in_radius": [ "9th Street" ], "stations_in_radius_dist_m": [ 228.31 ], "poi_cluster": "env", "index_right": 24, "centroid_id": 137, "dist_m": 54.363538943201988 }, "geometry": { "type": "Point", "coordinates": [ -80.8374946, 35.229920499999984 ] } },
{ "type": "Feature", "properties": { "osm_id": 1424496607, "name": null, "lat": 35.2296884, "lon": -80.83766, "tags": { "amenity": "parking" }, "amenity": "parking", "shop": null, "leisure": null, "tourism": null, "office": null, "public_transport": null, "healthcare": null, "craft": null, "stations_in_radius": "['9th Street' '7th Street']", "stations_in_radius_dist_m": "[242.05 276.16]", "poi_cluster": "env", "index_right": 24, "centroid_id": 137, "dist_m": 27.325563348161843 }, "geometry": { "type": "Point", "coordinates": [ -80.83766, 35.2296884 ] } },
{ "type": "Feature", "properties": { "osm_id": 1424496608, "name": null, "lat": 35.2296574, "lon": -80.837854, "tags": { "amenity": "parking" }, "amenity": "parking", "shop": null, "leisure": null, "tourism": null, "office": null, "public_transport": null, "healthcare": null, "craft": null, "stations_in_radius": "['9th Street' '7th Street']", "stations_in_radius_dist_m": "[259.75 270.96]", "poi_cluster": "env", "index_right": 24, "centroid_id": 137, "dist_m": 31.26362205453237 }, "geometry": { "type": "Point", "coordinates": [ -80.837854, 35.2296574 ] } },
{ "type": "Feature", "properties": { "osm_id": 1425974421, "name": null, "lat": 35.2272779, "lon": -80.8314777, "tags": { "amenity": "parking" }, "amenity": "parking", "shop": null, "leisure": null, "tourism": null, "office": null, "public_transport": null, "healthcare": null, "craft": null, "stations_in_radius": [ "9th Street" ], "stations_in_radius_dist_m": [ 418.19 ], "poi_cluster": "env", "index_right": 167, "centroid_id": 177, "dist_m": 36.919822459931389 }, "geometry": { "type": "Point", "coordinates": [ -80.8314777, 35.2272779 ] } },
{ "type": "Feature", "properties": { "osm_id": 1425974441, "name": null, "lat": 35.2276472, "lon": -80.8328435, "tags": { "amenity": "parking" }, "amenity": "parking", "shop": null, "leisure": null, "tourism": null, "office": null, "public_transport": null, "healthcare": null, "craft": null, "stations_in_radius": [ "9th Street" ], "stations_in_radius_dist_m": [ 300.56 ], "poi_cluster": "env", "index_right": 102, "centroid_id": 172, "dist_m": 45.55203052524223 }, "geometry": { "type": "Point", "coordinates": [ -80.8328435, 35.2276472 ] } },
{ "type": "Feature", "properties": { "osm_id": 1425974442, "name": null, "lat": 35.2275233, "lon": -80.8325872, "tags": { "amenity": "parking" }, "amenity": "parking", "shop": null, "leisure": null, "tourism": null, "office": null, "public_transport": null, "healthcare": null, "craft": null, "stations_in_radius": [ "9th Street" ], "stations_in_radius_dist_m": [ 326.31 ], "poi_cluster": "env", "index_right": 102, "centroid_id": 172, "dist_m": 40.336847332066021 }, "geometry": { "type": "Point", "coordinates": [ -80.8325872, 35.2275233 ] } },
{ "type": "Feature", "properties": { "osm_id": 1425974443, "name": null, "lat": 35.2273106, "lon": -80.8324457, "tags": { "amenity": "parking" }, "amenity": "parking", "shop": null, "leisure": null, "tourism": null, "office": null, "public_transport": null, "healthcare": null, "craft": null, "stations_in_radius": [ "9th Street" ], "stations_in_radius_dist_m": [ 352.48 ], "poi_cluster": "env", "index_right": 155, "centroid_id": 174, "dist_m": 45.256904926543122 }, "geometry": { "type": "Point", "coordinates": [ -80.8324457, 35.2273106 ] } },
{ "type": "Feature", "properties": { "osm_id": 1425974457, "name": null, "lat": 35.2282855, "lon": -80.8321423, "tags": { "amenity": "parking" }, "amenity": "parking", "shop": null, "leisure": null, "tourism": null, "office": null, "public_transport": null, "healthcare": null, "craft": null, "stations_in_radius": [ "9th Street" ], "stations_in_radius_dist_m": [ 303.69 ], "poi_cluster": "env", "index_right": 102, "centroid_id": 172, "dist_m": 53.458599724970632 }, "geometry": { "type": "Point", "coordinates": [ -80.8321423, 35.2282855 ] } },
{ "type": "Feature", "properties": { "osm_id": 1425974458, "name": null, "lat": 35.2281593, "lon": -80.8323042, "tags": { "amenity": "parking" }, "amenity": "parking", "shop": null, "leisure": null, "tourism": null, "office": null, "public_transport": null, "healthcare": null, "craft": null, "stations_in_radius": [ "9th Street" ], "stations_in_radius_dist_m": [ 298.95 ], "poi_cluster": "env", "index_right": 102, "centroid_id": 172, "dist_m": 34.865727120494874 }, "geometry": { "type": "Point", "coordinates": [ -80.8323042, 35.2281593 ] } },
{ "type": "Feature", "properties": { "osm_id": 1425974459, "name": null, "lat": 35.2277242, "lon": -80.8318687, "tags": { "amenity": "parking" }, "amenity": "parking", "shop": null, "leisure": null, "tourism": null, "office": null, "public_transport": null, "healthcare": null, "craft": null, "stations_in_radius": [ "9th Street" ], "stations_in_radius_dist_m": [ 359.45 ], "poi_cluster": "env", "index_right": 155, "centroid_id": 174, "dist_m": 26.681715702631831 }, "geometry": { "type": "Point", "coordinates": [ -80.8318687, 35.2277242 ] } },
{ "type": "Feature", "properties": { "osm_id": 1430055093, "name": null, "lat": 35.2312282, "lon": -80.8311993, "tags": { "amenity": "parking" }, "amenity": "parking", "shop": null, "leisure": null, "tourism": null, "office": null, "public_transport": null, "healthcare": null, "craft": null, "stations_in_radius": [ ], "stations_in_radius_dist_m": [ ], "poi_cluster": "env", "index_right": 2, "centroid_id": 181, "dist_m": 42.314009593010056 }, "geometry": { "type": "Point", "coordinates": [ -80.8311993, 35.2312282 ] } },
{ "type": "Feature", "properties": { "osm_id": 16050776, "name": null, "lat": 35.2263831, "lon": -80.8385351, "tags": { "amenity": "parking", "building": "yes", "height": "48", "parking": "multi-storey", "type": "multipolygon" }, "amenity": "parking", "shop": null, "leisure": null, "tourism": null, "office": null, "public_transport": null, "healthcare": null, "craft": null, "stations_in_radius": "['7th Street' 'CTC/Arena']", "stations_in_radius_dist_m": "[102.39 301.7 ]", "poi_cluster": "env", "index_right": 161, "centroid_id": 133, "dist_m": 60.876381567065167 }, "geometry": { "type": "Point", "coordinates": [ -80.8385351, 35.226383099999985 ] } },
{ "type": "Feature", "properties": { "osm_id": 18904533, "name": null, "lat": 35.2330294, "lon": -80.8357404, "tags": { "amenity": "parking", "type": "multipolygon" }, "amenity": "parking", "shop": null, "leisure": null, "tourism": null, "office": null, "public_transport": null, "healthcare": null, "craft": null, "stations_in_radius": [ "9th Street" ], "stations_in_radius_dist_m": [ 375.33 ], "poi_cluster": "env", "index_right": 163, "centroid_id": 155, "dist_m": 55.897564269675151 }, "geometry": { "type": "Point", "coordinates": [ -80.8357404, 35.2330294 ] } },
{ "type": "Feature", "properties": { "osm_id": 957284836, "name": "6th Street", "lat": 35.2266274, "lon": -80.8334557, "tags": { "amenity": "parking", "name": "6th Street", "wheelchair": "yes" }, "amenity": "parking", "shop": null, "leisure": null, "tourism": null, "office": null, "public_transport": null, "healthcare": null, "craft": null, "stations_in_radius": "['9th Street' '7th Street']", "stations_in_radius_dist_m": "[368.59 424.11]", "poi_cluster": "env", "index_right": 6, "centroid_id": 168, "dist_m": 46.065794397293836 }, "geometry": { "type": "Point", "coordinates": [ -80.8334557, 35.2266274 ] } },
{ "type": "Feature", "properties": { "osm_id": 1848893531, "name": "Epicenter Parking", "lat": 35.22567, "lon": -80.8415601, "tags": { "amenity": "parking", "layer": "-1", "name": "Epicenter Parking", "parking": "underground" }, "amenity": "parking", "shop": null, "leisure": null, "tourism": null, "office": null, "public_transport": null, "healthcare": null, "craft": null, "stations_in_radius": "['CTC/Arena' '3rd St/Convention' '7th Street']", "stations_in_radius_dist_m": "[ 75.9  266.12 361.93]", "poi_cluster": "env", "index_right": 19, "centroid_id": 113, "dist_m": 81.377882489869847 }, "geometry": { "type": "Point", "coordinates": [ -80.8415601, 35.22567 ] } },
{ "type": "Feature", "properties": { "osm_id": 4001610982, "name": null, "lat": 35.2297382, "lon": -80.8396061, "tags": { "amenity": "bicycle_parking", "bicycle_parking": "stands", "capacity": "2" }, "amenity": "bicycle_parking", "shop": null, "leisure": null, "tourism": null, "office": null, "public_transport": null, "healthcare": null, "craft": null, "stations_in_radius": "['7th Street' '9th Street']", "stations_in_radius_dist_m": "[312.71 419.16]", "poi_cluster": "env", "index_right": 87, "centroid_id": 124, "dist_m": 38.197325974273404 }, "geometry": { "type": "Point", "coordinates": [ -80.8396061, 35.2297382 ] } },
{ "type": "Feature", "properties": { "osm_id": 4001610992, "name": null, "lat": 35.2295043, "lon": -80.8400177, "tags": { "amenity": "waste_basket" }, "amenity": "waste_basket", "shop": null, "leisure": null, "tourism": null, "office": null, "public_transport": null, "healthcare": null, "craft": null, "stations_in_radius": "['7th Street' '9th Street']", "stations_in_radius_dist_m": "[309.7  457.11]", "poi_cluster": "env", "index_right": 87, "centroid_id": 124, "dist_m": 18.382234825954004 }, "geometry": { "type": "Point", "coordinates": [ -80.8400177, 35.2295043 ] } },
{ "type": "Feature", "properties": { "osm_id": 9267613529, "name": null, "lat": 35.2273931, "lon": -80.8363229, "tags": { "amenity": "bench", "armrest": "yes", "backrest": "yes", "direction": "323", "material": "wood" }, "amenity": "bench", "shop": null, "leisure": null, "tourism": null, "office": null, "public_transport": null, "healthcare": null, "craft": null, "stations_in_radius": "['7th Street' '9th Street']", "stations_in_radius_dist_m": "[159.24 282.74]", "poi_cluster": "env", "index_right": 105, "centroid_id": 152, "dist_m": 61.900494094527808 }, "geometry": { "type": "Point", "coordinates": [ -80.8363229, 35.2273931 ] } },
{ "type": "Feature", "properties": { "osm_id": 9267613530, "name": null, "lat": 35.2275849, "lon": -80.8360686, "tags": { "amenity": "bench", "armrest": "yes", "backrest": "yes", "material": "wood" }, "amenity": "bench", "shop": null, "leisure": null, "tourism": null, "office": null, "public_transport": null, "healthcare": null, "craft": null, "stations_in_radius": "['7th Street' '9th Street']", "stations_in_radius_dist_m": "[185.68 253.92]", "poi_cluster": "env", "index_right": 105, "centroid_id": 152, "dist_m": 33.040193603034623 }, "geometry": { "type": "Point", "coordinates": [ -80.8360686, 35.2275849 ] } },
{ "type": "Feature", "properties": { "osm_id": 9267613531, "name": null, "lat": 35.2278173, "lon": -80.8359738, "tags": { "amenity": "bench", "armrest": "yes", "backrest": "yes", "material": "wood" }, "amenity": "bench", "shop": null, "leisure": null, "tourism": null, "office": null, "public_transport": null, "healthcare": null, "craft": null, "stations_in_radius": "['7th Street' '9th Street']", "stations_in_radius_dist_m": "[201.07 226.82]", "poi_cluster": "env", "index_right": 105, "centroid_id": 152, "dist_m": 31.149585627299984 }, "geometry": { "type": "Point", "coordinates": [ -80.8359738, 35.2278173 ] } },
{ "type": "Feature", "properties": { "osm_id": 9267613532, "name": null, "lat": 35.2279177, "lon": -80.8362047, "tags": { "amenity": "bench", "armrest": "yes", "backrest": "yes", "material": "wood" }, "amenity": "bench", "shop": null, "leisure": null, "tourism": null, "office": null, "public_transport": null, "healthcare": null, "craft": null, "stations_in_radius": "['7th Street' '9th Street']", "stations_in_radius_dist_m": "[185.72 226.02]", "poi_cluster": "env", "index_right": 105, "centroid_id": 152, "dist_m": 54.635036941927872 }, "geometry": { "type": "Point", "coordinates": [ -80.8362047, 35.2279177 ] } },
{ "type": "Feature", "properties": { "osm_id": 9267613533, "name": null, "lat": 35.2280345, "lon": -80.836226, "tags": { "amenity": "bench", "armrest": "yes", "backrest": "yes", "material": "wood" }, "amenity": "bench", "shop": null, "leisure": null, "tourism": null, "office": null, "public_transport": null, "healthcare": null, "craft": null, "stations_in_radius": "['7th Street' '9th Street']", "stations_in_radius_dist_m": "[189.77 215.78]", "poi_cluster": "env", "index_right": 105, "centroid_id": 152, "dist_m": 64.316335070835365 }, "geometry": { "type": "Point", "coordinates": [ -80.836226, 35.2280345 ] } },
{ "type": "Feature", "properties": { "osm_id": 9267613534, "name": null, "lat": 35.2279248, "lon": -80.836606, "tags": { "amenity": "bench", "backrest": "yes" }, "amenity": "bench", "shop": null, "leisure": null, "tourism": null, "office": null, "public_transport": null, "healthcare": null, "craft": null, "stations_in_radius": "['7th Street' '9th Street']", "stations_in_radius_dist_m": "[153.67 245.18]", "poi_cluster": "env", "index_right": 7, "centroid_id": 145, "dist_m": 70.704421250521179 }, "geometry": { "type": "Point", "coordinates": [ -80.836606, 35.227924799999982 ] } },
{ "type": "Feature", "properties": { "osm_id": 9267613535, "name": null, "lat": 35.2280331, "lon": -80.8367858, "tags": { "amenity": "bench", "backrest": "yes" }, "amenity": "bench", "shop": null, "leisure": null, "tourism": null, "office": null, "public_transport": null, "healthcare": null, "craft": null, "stations_in_radius": "['7th Street' '9th Street']", "stations_in_radius_dist_m": "[146.89 246.13]", "poi_cluster": "env", "index_right": 7, "centroid_id": 145, "dist_m": 56.293415400502042 }, "geometry": { "type": "Point", "coordinates": [ -80.8367858, 35.2280331 ] } },
{ "type": "Feature", "properties": { "osm_id": 9267613536, "name": null, "lat": 35.2280764, "lon": -80.8364285, "tags": { "amenity": "bench", "backrest": "yes" }, "amenity": "bench", "shop": null, "leisure": null, "tourism": null, "office": null, "public_transport": null, "healthcare": null, "craft": null, "stations_in_radius": "['7th Street' '9th Street']", "stations_in_radius_dist_m": "[176.24 222.08]", "poi_cluster": "env", "index_right": 7, "centroid_id": 145, "dist_m": 61.981884071382865 }, "geometry": { "type": "Point", "coordinates": [ -80.8364285, 35.2280764 ] } },
{ "type": "Feature", "properties": { "osm_id": 9267613537, "name": null, "lat": 35.2282826, "lon": -80.8362438, "tags": { "amenity": "bench", "armrest": "yes", "backrest": "yes", "material": "wood" }, "amenity": "bench", "shop": null, "leisure": null, "tourism": null, "office": null, "public_transport": null, "healthcare": null, "craft": null, "stations_in_radius": "['9th Street' '7th Street']", "stations_in_radius_dist_m": "[193.7  202.98]", "poi_cluster": "env", "index_right": 7, "centroid_id": 145, "dist_m": 58.783574395093744 }, "geometry": { "type": "Point", "coordinates": [ -80.8362438, 35.2282826 ] } },
{ "type": "Feature", "properties": { "osm_id": 9267613538, "name": null, "lat": 35.228302, "lon": -80.8359843, "tags": { "amenity": "bench", "armrest": "yes", "backrest": "yes", "material": "wood" }, "amenity": "bench", "shop": null, "leisure": null, "tourism": null, "office": null, "public_transport": null, "healthcare": null, "craft": null, "stations_in_radius": "['9th Street' '7th Street']", "stations_in_radius_dist_m": "[179.05 223.78]", "poi_cluster": "env", "index_right": 105, "centroid_id": 152, "dist_m": 77.80676211745579 }, "geometry": { "type": "Point", "coordinates": [ -80.8359843, 35.228302 ] } },
{ "type": "Feature", "properties": { "osm_id": 9267613539, "name": null, "lat": 35.2281747, "lon": -80.8360596, "tags": { "amenity": "bench", "armrest": "yes", "backrest": "yes", "material": "wood" }, "amenity": "bench", "shop": null, "leisure": null, "tourism": null, "office": null, "public_transport": null, "healthcare": null, "craft": null, "stations_in_radius": "['9th Street' '7th Street']", "stations_in_radius_dist_m": "[194.71 210.58]", "poi_cluster": "env", "index_right": 105, "centroid_id": 152, "dist_m": 67.520474600737018 }, "geometry": { "type": "Point", "coordinates": [ -80.8360596, 35.2281747 ] } },
{ "type": "Feature", "properties": { "osm_id": 9267613540, "name": null, "lat": 35.2284055, "lon": -80.8363923, "tags": { "amenity": "bench", "backrest": "yes" }, "amenity": "bench", "shop": null, "leisure": null, "tourism": null, "office": null, "public_transport": null, "healthcare": null, "craft": null, "stations_in_radius": "['9th Street' '7th Street']", "stations_in_radius_dist_m": "[191.47 200.79]", "poi_cluster": "env", "index_right": 7, "centroid_id": 145, "dist_m": 40.699318089687225 }, "geometry": { "type": "Point", "coordinates": [ -80.8363923, 35.2284055 ] } },
{ "type": "Feature", "properties": { "osm_id": 9267613541, "name": null, "lat": 35.2280715, "lon": -80.8359485, "tags": { "amenity": "bench", "armrest": "yes", "backrest": "yes", "material": "wood" }, "amenity": "bench", "shop": null, "leisure": null, "tourism": null, "office": null, "public_transport": null, "healthcare": null, "craft": null, "stations_in_radius": "['9th Street' '7th Street']", "stations_in_radius_dist_m": "[200.17 214.09]", "poi_cluster": "env", "index_right": 105, "centroid_id": 152, "dist_m": 52.787884032676544 }, "geometry": { "type": "Point", "coordinates": [ -80.8359485, 35.2280715 ] } },
{ "type": "Feature", "properties": { "osm_id": 9267613542, "name": null, "lat": 35.2278255, "lon": -80.8357588, "tags": { "amenity": "bench", "armrest": "yes", "backrest": "yes", "material": "wood" }, "amenity": "bench", "shop": null, "leisure": null, "tourism": null, "office": null, "public_transport": null, "healthcare": null, "craft": null, "stations_in_radius": "['9th Street' '7th Street']", "stations_in_radius_dist_m": "[219.05 219.91]", "poi_cluster": "env", "index_right": 105, "centroid_id": 152, "dist_m": 21.330834274968144 }, "geometry": { "type": "Point", "coordinates": [ -80.8357588, 35.227825499999987 ] } },
{ "type": "Feature", "properties": { "osm_id": 10968502525, "name": null, "lat": 35.2297006, "lon": -80.8416764, "tags": { "amenity": "bicycle_parking", "bicycle_parking": "stands", "capacity": "4" }, "amenity": "bicycle_parking", "shop": null, "leisure": null, "tourism": null, "office": null, "public_transport": null, "healthcare": null, "craft": null, "stations_in_radius": [ "7th Street" ], "stations_in_radius_dist_m": [ 428.92 ], "poi_cluster": "env", "index_right": 156, "centroid_id": 115, "dist_m": 31.944008999722392 }, "geometry": { "type": "Point", "coordinates": [ -80.8416764, 35.2297006 ] } },
{ "type": "Feature", "properties": { "osm_id": 10972319438, "name": null, "lat": 35.2274034, "lon": -80.8363056, "tags": { "amenity": "bench", "armrest": "yes", "backrest": "yes", "direction": "323", "material": "wood" }, "amenity": "bench", "shop": null, "leisure": null, "tourism": null, "office": null, "public_transport": null, "healthcare": null, "craft": null, "stations_in_radius": "['7th Street' '9th Street']", "stations_in_radius_dist_m": "[160.94 281.04]", "poi_cluster": "env", "index_right": 105, "centroid_id": 152, "dist_m": 59.986166000423829 }, "geometry": { "type": "Point", "coordinates": [ -80.8363056, 35.2274034 ] } },
{ "type": "Feature", "properties": { "osm_id": 10972350809, "name": null, "lat": 35.2272489, "lon": -80.8365849, "tags": { "amenity": "bench", "armrest": "yes", "backrest": "yes", "material": "wood" }, "amenity": "bench", "shop": null, "leisure": null, "tourism": null, "office": null, "public_transport": null, "healthcare": null, "craft": null, "stations_in_radius": "['7th Street' '9th Street' 'CTC/Arena']", "stations_in_radius_dist_m": "[134.27 307.72 503.39]", "poi_cluster": "env", "index_right": 95, "centroid_id": 144, "dist_m": 37.875590692629657 }, "geometry": { "type": "Point", "coordinates": [ -80.8365849, 35.2272489 ] } },
{ "type": "Feature", "properties": { "osm_id": 10972350810, "name": null, "lat": 35.2276345, "lon": -80.8361351, "tags": { "amenity": "bench", "backrest": "yes", "material": "wood" }, "amenity": "bench", "shop": null, "leisure": null, "tourism": null, "office": null, "public_transport": null, "healthcare": null, "craft": null, "stations_in_radius": "['7th Street' '9th Street']", "stations_in_radius_dist_m": "[181.09 251.28]", "poi_cluster": "env", "index_right": 105, "centroid_id": 152, "dist_m": 38.58014785476265 }, "geometry": { "type": "Point", "coordinates": [ -80.8361351, 35.227634499999986 ] } },
{ "type": "Feature", "properties": { "osm_id": 10972350811, "name": null, "lat": 35.2272764, "lon": -80.8366969, "tags": { "amenity": "bench", "armrest": "yes", "backrest": "yes", "material": "wood" }, "amenity": "bench", "shop": null, "leisure": null, "tourism": null, "office": null, "public_transport": null, "healthcare": null, "craft": null, "stations_in_radius": "['7th Street' '9th Street' 'CTC/Arena']", "stations_in_radius_dist_m": "[124.2  309.98 496.11]", "poi_cluster": "env", "index_right": 95, "centroid_id": 144, "dist_m": 36.350746997897041 }, "geometry": { "type": "Point", "coordinates": [ -80.8366969, 35.2272764 ] } },
{ "type": "Feature", "properties": { "osm_id": 10972350812, "name": null, "lat": 35.227259, "lon": -80.8365574, "tags": { "amenity": "bench", "armrest": "yes", "backrest": "yes", "material": "wood" }, "amenity": "bench", "shop": null, "leisure": null, "tourism": null, "office": null, "public_transport": null, "healthcare": null, "craft": null, "stations_in_radius": "['7th Street' '9th Street' 'CTC/Arena']", "stations_in_radius_dist_m": "[136.8  305.56 506.12]", "poi_cluster": "env", "index_right": 95, "centroid_id": 144, "dist_m": 40.204816726954469 }, "geometry": { "type": "Point", "coordinates": [ -80.8365574, 35.227259 ] } },
{ "type": "Feature", "properties": { "osm_id": 10972350813, "name": null, "lat": 35.2272418, "lon": -80.8365826, "tags": { "amenity": "bench", "armrest": "yes", "backrest": "yes", "material": "wood" }, "amenity": "bench", "shop": null, "leisure": null, "tourism": null, "office": null, "public_transport": null, "healthcare": null, "craft": null, "stations_in_radius": "['7th Street' '9th Street' 'CTC/Arena']", "stations_in_radius_dist_m": "[134.46 308.32 503.18]", "poi_cluster": "env", "index_right": 95, "centroid_id": 144, "dist_m": 37.333812787448522 }, "geometry": { "type": "Point", "coordinates": [ -80.8365826, 35.2272418 ] } },
{ "type": "Feature", "properties": { "osm_id": 10972350815, "name": null, "lat": 35.2274695, "lon": -80.8363998, "tags": { "amenity": "bench", "armrest": "yes", "backrest": "yes", "material": "wood" }, "amenity": "bench", "shop": null, "leisure": null, "tourism": null, "office": null, "public_transport": null, "healthcare": null, "craft": null, "stations_in_radius": "['7th Street' '9th Street']", "stations_in_radius_dist_m": "[153.59 278.23]", "poi_cluster": "env", "index_right": 105, "centroid_id": 152, "dist_m": 65.367081327806716 }, "geometry": { "type": "Point", "coordinates": [ -80.8363998, 35.2274695 ] } },
{ "type": "Feature", "properties": { "osm_id": 10972350817, "name": null, "lat": 35.227835, "lon": -80.8360033, "tags": { "amenity": "bench", "armrest": "yes", "backrest": "yes", "material": "wood" }, "amenity": "bench", "shop": null, "leisure": null, "tourism": null, "office": null, "public_transport": null, "healthcare": null, "craft": null, "stations_in_radius": "['7th Street' '9th Street']", "stations_in_radius_dist_m": "[199.2  226.08]", "poi_cluster": "env", "index_right": 105, "centroid_id": 152, "dist_m": 34.468846343685946 }, "geometry": { "type": "Point", "coordinates": [ -80.8360033, 35.227835 ] } },
{ "type": "Feature", "properties": { "osm_id": 10972350819, "name": null, "lat": 35.2279273, "lon": -80.8362392, "tags": { "amenity": "bench", "armrest": "yes", "backrest": "yes", "material": "wood" }, "amenity": "bench", "shop": null, "leisure": null, "tourism": null, "office": null, "public_transport": null, "healthcare": null, "craft": null, "stations_in_radius": "['7th Street' '9th Street']", "stations_in_radius_dist_m": "[183.32 226.64]", "poi_cluster": "env", "index_right": 105, "centroid_id": 152, "dist_m": 57.829229155271058 }, "geometry": { "type": "Point", "coordinates": [ -80.8362392, 35.2279273 ] } },
{ "type": "Feature", "properties": { "osm_id": 10972350820, "name": null, "lat": 35.2273007, "lon": -80.8367037, "tags": { "amenity": "bench", "armrest": "yes", "backrest": "yes", "material": "wood" }, "amenity": "bench", "shop": null, "leisure": null, "tourism": null, "office": null, "public_transport": null, "healthcare": null, "craft": null, "stations_in_radius": "['7th Street' '9th Street' 'CTC/Arena']", "stations_in_radius_dist_m": "[123.75 307.95 496.95]", "poi_cluster": "env", "index_right": 95, "centroid_id": 144, "dist_m": 38.779161513480894 }, "geometry": { "type": "Point", "coordinates": [ -80.8367037, 35.2273007 ] } },
{ "type": "Feature", "properties": { "osm_id": 10972350821, "name": null, "lat": 35.2272532, "lon": -80.8365532, "tags": { "amenity": "bench", "armrest": "yes", "backrest": "yes", "material": "wood" }, "amenity": "bench", "shop": null, "leisure": null, "tourism": null, "office": null, "public_transport": null, "healthcare": null, "craft": null, "stations_in_radius": "['7th Street' '9th Street' 'CTC/Arena']", "stations_in_radius_dist_m": "[137.17 305.95 506.13]", "poi_cluster": "env", "index_right": 95, "centroid_id": 144, "dist_m": 39.904116002957188 }, "geometry": { "type": "Point", "coordinates": [ -80.8365532, 35.2272532 ] } },
{ "type": "Feature", "properties": { "osm_id": 10972350823, "name": null, "lat": 35.2272803, "lon": -80.8366929, "tags": { "amenity": "bench", "armrest": "yes", "backrest": "yes", "material": "wood" }, "amenity": "bench", "shop": null, "leisure": null, "tourism": null, "office": null, "public_transport": null, "healthcare": null, "craft": null, "stations_in_radius": "['7th Street' '9th Street' 'CTC/Arena']", "stations_in_radius_dist_m": "[124.58 309.42 496.64]", "poi_cluster": "env", "index_right": 95, "centroid_id": 144, "dist_m": 36.870141775786898 }, "geometry": { "type": "Point", "coordinates": [ -80.8366929, 35.2272803 ] } },
{ "type": "Feature", "properties": { "osm_id": 10972350824, "name": null, "lat": 35.2272462, "lon": -80.8366119, "tags": { "amenity": "bench", "armrest": "yes", "backrest": "yes", "material": "wood" }, "amenity": "bench", "shop": null, "leisure": null, "tourism": null, "office": null, "public_transport": null, "healthcare": null, "craft": null, "stations_in_radius": "['7th Street' '9th Street' 'CTC/Arena']", "stations_in_radius_dist_m": "[131.81 309.14 501.11]", "poi_cluster": "env", "index_right": 95, "centroid_id": 144, "dist_m": 36.33684163977793 }, "geometry": { "type": "Point", "coordinates": [ -80.8366119, 35.2272462 ] } },
{ "type": "Feature", "properties": { "osm_id": 10972350825, "name": null, "lat": 35.2272985, "lon": -80.8367095, "tags": { "amenity": "bench", "armrest": "yes", "backrest": "yes", "material": "wood" }, "amenity": "bench", "shop": null, "leisure": null, "tourism": null, "office": null, "public_transport": null, "healthcare": null, "craft": null, "stations_in_radius": "['7th Street' '9th Street' 'CTC/Arena']", "stations_in_radius_dist_m": "[123.2  308.43 496.38]", "poi_cluster": "env", "index_right": 95, "centroid_id": 144, "dist_m": 38.41231412372683 }, "geometry": { "type": "Point", "coordinates": [ -80.8367095, 35.2272985 ] } },
{ "type": "Feature", "properties": { "osm_id": 10972350826, "name": null, "lat": 35.2276156, "lon": -80.8360867, "tags": { "amenity": "bench", "armrest": "yes", "backrest": "yes", "material": "wood" }, "amenity": "bench", "shop": null, "leisure": null, "tourism": null, "office": null, "public_transport": null, "healthcare": null, "craft": null, "stations_in_radius": "['7th Street' '9th Street']", "stations_in_radius_dist_m": "[184.85 251.42]", "poi_cluster": "env", "index_right": 105, "centroid_id": 152, "dist_m": 34.258338904901287 }, "geometry": { "type": "Point", "coordinates": [ -80.8360867, 35.2276156 ] } },
{ "type": "Feature", "properties": { "osm_id": 10972350827, "name": null, "lat": 35.2276015, "lon": -80.8360497, "tags": { "amenity": "bench", "armrest": "yes", "backrest": "yes", "material": "wood" }, "amenity": "bench", "shop": null, "leisure": null, "tourism": null, "office": null, "public_transport": null, "healthcare": null, "craft": null, "stations_in_radius": "['7th Street' '9th Street']", "stations_in_radius_dist_m": "[187.76 251.57]", "poi_cluster": "env", "index_right": 105, "centroid_id": 152, "dist_m": 31.060740608544869 }, "geometry": { "type": "Point", "coordinates": [ -80.8360497, 35.2276015 ] } },
{ "type": "Feature", "properties": { "osm_id": 10972350828, "name": null, "lat": 35.2272638, "lon": -80.8366732, "tags": { "amenity": "bench", "armrest": "yes", "backrest": "yes", "material": "wood" }, "amenity": "bench", "shop": null, "leisure": null, "tourism": null, "office": null, "public_transport": null, "healthcare": null, "craft": null, "stations_in_radius": "['7th Street' '9th Street' 'CTC/Arena']", "stations_in_radius_dist_m": "[126.29 310.12 497.26]", "poi_cluster": "env", "index_right": 95, "centroid_id": 144, "dist_m": 35.715625538139456 }, "geometry": { "type": "Point", "coordinates": [ -80.8366732, 35.227263799999989 ] } },
{ "type": "Feature", "properties": { "osm_id": 10972350830, "name": null, "lat": 35.2272395, "lon": -80.8366142, "tags": { "amenity": "bench", "armrest": "yes", "backrest": "yes", "material": "wood" }, "amenity": "bench", "shop": null, "leisure": null, "tourism": null, "office": null, "public_transport": null, "healthcare": null, "craft": null, "stations_in_radius": "['7th Street' '9th Street' 'CTC/Arena']", "stations_in_radius_dist_m": "[131.58 309.89 500.56]", "poi_cluster": "env", "index_right": 95, "centroid_id": 144, "dist_m": 35.589139096694879 }, "geometry": { "type": "Point", "coordinates": [ -80.8366142, 35.22723950000001 ] } },
{ "type": "Feature", "properties": { "osm_id": 10972350832, "name": null, "lat": 35.2272577, "lon": -80.8366774, "tags": { "amenity": "bench", "armrest": "yes", "backrest": "yes", "material": "wood" }, "amenity": "bench", "shop": null, "leisure": null, "tourism": null, "office": null, "public_transport": null, "healthcare": null, "craft": null, "stations_in_radius": "['7th Street' '9th Street' 'CTC/Arena']", "stations_in_radius_dist_m": "[125.88 310.9  496.59]", "poi_cluster": "env", "index_right": 95, "centroid_id": 144, "dist_m": 34.948077083229101 }, "geometry": { "type": "Point", "coordinates": [ -80.8366774, 35.2272577 ] } },
{ "type": "Feature", "properties": { "osm_id": 10972350833, "name": null, "lat": 35.2274516, "lon": -80.836422, "tags": { "amenity": "bench", "armrest": "yes", "backrest": "yes", "material": "wood" }, "amenity": "bench", "shop": null, "leisure": null, "tourism": null, "office": null, "public_transport": null, "healthcare": null, "craft": null, "stations_in_radius": "['7th Street' '9th Street']", "stations_in_radius_dist_m": "[151.25 280.93]", "poi_cluster": "env", "index_right": 95, "centroid_id": 144, "dist_m": 64.802327971687646 }, "geometry": { "type": "Point", "coordinates": [ -80.836422, 35.227451599999988 ] } },
{ "type": "Feature", "properties": { "osm_id": 10975541726, "name": null, "lat": 35.2299772, "lon": -80.8401782, "tags": { "access": "yes", "amenity": "parking", "fee": "yes", "parking": "multi-storey" }, "amenity": "parking", "shop": null, "leisure": null, "tourism": null, "office": null, "public_transport": null, "healthcare": null, "craft": null, "stations_in_radius": [ "7th Street" ], "stations_in_radius_dist_m": [ 361.46 ], "poi_cluster": "env", "index_right": 87, "centroid_id": 124, "dist_m": 66.942720139587294 }, "geometry": { "type": "Point", "coordinates": [ -80.8401782, 35.2299772 ] } },
{ "type": "Feature", "properties": { "osm_id": 11067479859, "name": null, "lat": 35.225496, "lon": -80.840497, "tags": { "access": "yes", "amenity": "bicycle_parking", "bicycle_parking": "stands", "capacity": "6", "covered": "no", "foot_traffic": "high", "indoor": "no" }, "amenity": "bicycle_parking", "shop": null, "leisure": null, "tourism": null, "office": null, "public_transport": null, "healthcare": null, "craft": null, "stations_in_radius": "['CTC/Arena' '7th Street' '3rd St/Convention']", "stations_in_radius_dist_m": "[ 98.13 292.81 313.28]", "poi_cluster": "env", "index_right": 79, "centroid_id": 122, "dist_m": 117.21875694244575 }, "geometry": { "type": "Point", "coordinates": [ -80.840497, 35.225496 ] } },
{ "type": "Feature", "properties": { "osm_id": 11067479860, "name": null, "lat": 35.2254848, "lon": -80.8405103, "tags": { "access": "yes", "amenity": "drinking_water", "fee": "no" }, "amenity": "drinking_water", "shop": null, "leisure": null, "tourism": null, "office": null, "public_transport": null, "healthcare": null, "craft": null, "stations_in_radius": "['CTC/Arena' '7th Street' '3rd St/Convention']", "stations_in_radius_dist_m": "[ 96.43 294.53 311.55]", "poi_cluster": "env", "index_right": 79, "centroid_id": 122, "dist_m": 116.40394384577291 }, "geometry": { "type": "Point", "coordinates": [ -80.8405103, 35.2254848 ] } },
{ "type": "Feature", "properties": { "osm_id": 11076374513, "name": null, "lat": 35.2283177, "lon": -80.8360286, "tags": { "amenity": "waste_basket" }, "amenity": "waste_basket", "shop": null, "leisure": null, "tourism": null, "office": null, "public_transport": null, "healthcare": null, "craft": null, "stations_in_radius": "['9th Street' '7th Street']", "stations_in_radius_dist_m": "[179.61 221.34]", "poi_cluster": "env", "index_right": 7, "centroid_id": 145, "dist_m": 75.12189145733052 }, "geometry": { "type": "Point", "coordinates": [ -80.8360286, 35.2283177 ] } },
{ "type": "Feature", "properties": { "osm_id": 11076374514, "name": null, "lat": 35.2281231, "lon": -80.8360017, "tags": { "amenity": "waste_basket" }, "amenity": "waste_basket", "shop": null, "leisure": null, "tourism": null, "office": null, "public_transport": null, "healthcare": null, "craft": null, "stations_in_radius": "['9th Street' '7th Street']", "stations_in_radius_dist_m": "[197.21 212.4 ]", "poi_cluster": "env", "index_right": 105, "centroid_id": 152, "dist_m": 60.026117170252284 }, "geometry": { "type": "Point", "coordinates": [ -80.8360017, 35.2281231 ] } },
{ "type": "Feature", "properties": { "osm_id": 11076374516, "name": null, "lat": 35.2279408, "lon": -80.8356657, "tags": { "access": "yes", "amenity": "drinking_water", "bottle": "yes", "fee": "no", "seasonal": "spring;summer;autumn" }, "amenity": "drinking_water", "shop": null, "leisure": null, "tourism": null, "office": null, "public_transport": null, "healthcare": null, "craft": null, "stations_in_radius": "['9th Street' '7th Street']", "stations_in_radius_dist_m": "[204.28 232.08]", "poi_cluster": "env", "index_right": 105, "centroid_id": 152, "dist_m": 33.925301522735523 }, "geometry": { "type": "Point", "coordinates": [ -80.8356657, 35.2279408 ] } },
{ "type": "Feature", "properties": { "osm_id": 11076374517, "name": null, "lat": 35.2281199, "lon": -80.8359978, "tags": { "amenity": "recycling", "recycling_type": "container" }, "amenity": "recycling", "shop": null, "leisure": null, "tourism": null, "office": null, "public_transport": null, "healthcare": null, "craft": null, "stations_in_radius": "['9th Street' '7th Street']", "stations_in_radius_dist_m": "[197.36 212.54]", "poi_cluster": "env", "index_right": 105, "centroid_id": 152, "dist_m": 59.551417119961599 }, "geometry": { "type": "Point", "coordinates": [ -80.8359978, 35.2281199 ] } },
{ "type": "Feature", "properties": { "osm_id": 11076374518, "name": null, "lat": 35.2278072, "lon": -80.8357459, "tags": { "amenity": "bench", "armrest": "yes", "backrest": "yes", "material": "wood" }, "amenity": "bench", "shop": null, "leisure": null, "tourism": null, "office": null, "public_transport": null, "healthcare": null, "craft": null, "stations_in_radius": "['7th Street' '9th Street']", "stations_in_radius_dist_m": "[220.42 220.61]", "poi_cluster": "env", "index_right": 105, "centroid_id": 152, "dist_m": 19.119297238065826 }, "geometry": { "type": "Point", "coordinates": [ -80.8357459, 35.2278072 ] } },
{ "type": "Feature", "properties": { "osm_id": 11076374519, "name": null, "lat": 35.2283204, "lon": -80.836037, "tags": { "amenity": "recycling", "recycling_type": "container" }, "amenity": "recycling", "shop": null, "leisure": null, "tourism": null, "office": null, "public_transport": null, "healthcare": null, "craft": null, "stations_in_radius": "['9th Street' '7th Street']", "stations_in_radius_dist_m": "[179.76 220.87]", "poi_cluster": "env", "index_right": 7, "centroid_id": 145, "dist_m": 74.301566684484541 }, "geometry": { "type": "Point", "coordinates": [ -80.836037, 35.2283204 ] } },
{ "type": "Feature", "properties": { "osm_id": 11076374520, "name": null, "lat": 35.2282925, "lon": -80.8362683, "tags": { "amenity": "bench", "armrest": "yes", "backrest": "yes", "material": "wood" }, "amenity": "bench", "shop": null, "leisure": null, "tourism": null, "office": null, "public_transport": null, "healthcare": null, "craft": null, "stations_in_radius": "['9th Street' '7th Street']", "stations_in_radius_dist_m": "[194.13 201.82]", "poi_cluster": "env", "index_right": 7, "centroid_id": 145, "dist_m": 56.301725767442804 }, "geometry": { "type": "Point", "coordinates": [ -80.8362683, 35.2282925 ] } },
{ "type": "Feature", "properties": { "osm_id": 11076374521, "name": null, "lat": 35.2278288, "lon": -80.8356803, "tags": { "amenity": "waste_basket" }, "amenity": "waste_basket", "shop": null, "leisure": null, "tourism": null, "office": null, "public_transport": null, "healthcare": null, "craft": null, "stations_in_radius": "['9th Street' '7th Street']", "stations_in_radius_dist_m": "[216.55 226.83]", "poi_cluster": "env", "index_right": 105, "centroid_id": 152, "dist_m": 21.435994781689672 }, "geometry": { "type": "Point", "coordinates": [ -80.8356803, 35.2278288 ] } },
{ "type": "Feature", "properties": { "osm_id": 11076374522, "name": null, "lat": 35.2280186, "lon": -80.8358438, "tags": { "amenity": "vending_machine", "bin": "no", "fee": "no", "vending": "excrement_bags" }, "amenity": "vending_machine", "shop": null, "leisure": null, "tourism": null, "office": null, "public_transport": null, "healthcare": null, "craft": null, "stations_in_radius": "['9th Street' '7th Street']", "stations_in_radius_dist_m": "[201.66 220.26]", "poi_cluster": "env", "index_right": 105, "centroid_id": 152, "dist_m": 43.988996245163499 }, "geometry": { "type": "Point", "coordinates": [ -80.8358438, 35.2280186 ] } },
{ "type": "Feature", "properties": { "osm_id": 11076374524, "name": null, "lat": 35.2278221, "lon": -80.8356761, "tags": { "amenity": "recycling", "recycling_type": "container" }, "amenity": "recycling", "shop": null, "leisure": null, "tourism": null, "office": null, "public_transport": null, "healthcare": null, "craft": null, "stations_in_radius": "['9th Street' '7th Street']", "stations_in_radius_dist_m": "[217.16 226.98]", "poi_cluster": "env", "index_right": 105, "centroid_id": 152, "dist_m": 20.754871631967603 }, "geometry": { "type": "Point", "coordinates": [ -80.8356761, 35.2278221 ] } },
{ "type": "Feature", "properties": { "osm_id": 11077054069, "name": null, "lat": 35.2290588, "lon": -80.8360962, "tags": { "access": "yes", "amenity": "bicycle_parking", "bicycle_parking": "stands", "capacity": "8", "covered": "no" }, "amenity": "bicycle_parking", "shop": null, "leisure": null, "tourism": null, "office": null, "public_transport": null, "healthcare": null, "craft": null, "stations_in_radius": "['9th Street' '7th Street']", "stations_in_radius_dist_m": "[122.5  271.14]", "poi_cluster": "env", "index_right": 62, "centroid_id": 153, "dist_m": 55.169752055951477 }, "geometry": { "type": "Point", "coordinates": [ -80.8360962, 35.2290588 ] } },
{ "type": "Feature", "properties": { "osm_id": 11077054070, "name": null, "lat": 35.2285713, "lon": -80.8365969, "tags": { "access": "yes", "amenity": "bicycle_parking", "bicycle_parking": "stands", "capacity": "6", "covered": "no", "foot_traffic": "medium", "indoor": "no" }, "amenity": "bicycle_parking", "shop": null, "leisure": null, "tourism": null, "office": null, "public_transport": null, "healthcare": null, "craft": null, "stations_in_radius": "['9th Street' '7th Street']", "stations_in_radius_dist_m": "[191.79 200.46]", "poi_cluster": "env", "index_right": 7, "centroid_id": 145, "dist_m": 19.536785434878254 }, "geometry": { "type": "Point", "coordinates": [ -80.8365969, 35.2285713 ] } },
{ "type": "Feature", "properties": { "osm_id": 11077054071, "name": null, "lat": 35.2287664, "lon": -80.8364275, "tags": { "amenity": "bench", "armrest": "yes", "backrest": "yes", "material": "wood" }, "amenity": "bench", "shop": null, "leisure": null, "tourism": null, "office": null, "public_transport": null, "healthcare": null, "craft": null, "stations_in_radius": "['9th Street' '7th Street']", "stations_in_radius_dist_m": "[166.11 226.89]", "poi_cluster": "env", "index_right": 7, "centroid_id": 145, "dist_m": 42.76516589269643 }, "geometry": { "type": "Point", "coordinates": [ -80.8364275, 35.2287664 ] } },
{ "type": "Feature", "properties": { "osm_id": 11077054075, "name": null, "lat": 35.229204, "lon": -80.8358635, "tags": { "amenity": "bench", "armrest": "yes", "backrest": "yes", "material": "wood" }, "amenity": "bench", "shop": null, "leisure": null, "tourism": null, "office": null, "public_transport": null, "healthcare": null, "craft": null, "stations_in_radius": "['9th Street' '7th Street']", "stations_in_radius_dist_m": "[ 95.92 297.26]", "poi_cluster": "env", "index_right": 62, "centroid_id": 153, "dist_m": 29.831120702056996 }, "geometry": { "type": "Point", "coordinates": [ -80.8358635, 35.229204 ] } },
{ "type": "Feature", "properties": { "osm_id": 11077054076, "name": null, "lat": 35.2287405, "lon": -80.8364616, "tags": { "amenity": "bench", "armrest": "yes", "backrest": "yes", "material": "wood" }, "amenity": "bench", "shop": null, "leisure": null, "tourism": null, "office": null, "public_transport": null, "healthcare": null, "craft": null, "stations_in_radius": "['9th Street' '7th Street']", "stations_in_radius_dist_m": "[170.33 222.69]", "poi_cluster": "env", "index_right": 7, "centroid_id": 145, "dist_m": 38.570832962848968 }, "geometry": { "type": "Point", "coordinates": [ -80.8364616, 35.2287405 ] } },
{ "type": "Feature", "properties": { "osm_id": 11077054077, "name": null, "lat": 35.2291113, "lon": -80.8359816, "tags": { "amenity": "bench", "armrest": "yes", "backrest": "yes", "material": "wood" }, "amenity": "bench", "shop": null, "leisure": null, "tourism": null, "office": null, "public_transport": null, "healthcare": null, "craft": null, "stations_in_radius": "['9th Street' '7th Street']", "stations_in_radius_dist_m": "[110.64 282.42]", "poi_cluster": "env", "index_right": 62, "centroid_id": 153, "dist_m": 44.222551175452416 }, "geometry": { "type": "Point", "coordinates": [ -80.8359816, 35.2291113 ] } },
{ "type": "Feature", "properties": { "osm_id": 11077054078, "name": null, "lat": 35.2291756, "lon": -80.8359007, "tags": { "amenity": "bench", "armrest": "yes", "backrest": "yes", "material": "wood" }, "amenity": "bench", "shop": null, "leisure": null, "tourism": null, "office": null, "public_transport": null, "healthcare": null, "craft": null, "stations_in_radius": "['9th Street' '7th Street']", "stations_in_radius_dist_m": "[100.5  292.65]", "poi_cluster": "env", "index_right": 62, "centroid_id": 153, "dist_m": 34.243942852406505 }, "geometry": { "type": "Point", "coordinates": [ -80.83590070000001, 35.2291756 ] } },
{ "type": "Feature", "properties": { "osm_id": 11077054079, "name": null, "lat": 35.2287131, "lon": -80.8364976, "tags": { "amenity": "bench", "armrest": "yes", "backrest": "yes", "material": "wood" }, "amenity": "bench", "shop": null, "leisure": null, "tourism": null, "office": null, "public_transport": null, "healthcare": null, "craft": null, "stations_in_radius": "['9th Street' '7th Street']", "stations_in_radius_dist_m": "[174.79 218.25]", "poi_cluster": "env", "index_right": 7, "centroid_id": 145, "dist_m": 34.148361127089309 }, "geometry": { "type": "Point", "coordinates": [ -80.8364976, 35.2287131 ] } },
{ "type": "Feature", "properties": { "osm_id": 11077054081, "name": null, "lat": 35.2286819, "lon": -80.836538, "tags": { "amenity": "bench", "armrest": "yes", "backrest": "yes", "material": "wood" }, "amenity": "bench", "shop": null, "leisure": null, "tourism": null, "office": null, "public_transport": null, "healthcare": null, "craft": null, "stations_in_radius": "['9th Street' '7th Street']", "stations_in_radius_dist_m": "[179.82 213.23]", "poi_cluster": "env", "index_right": 7, "centroid_id": 145, "dist_m": 29.175012871746887 }, "geometry": { "type": "Point", "coordinates": [ -80.836538, 35.2286819 ] } },
{ "type": "Feature", "properties": { "osm_id": 11077054082, "name": null, "lat": 35.2291478, "lon": -80.835937, "tags": { "amenity": "bench", "armrest": "yes", "backrest": "yes", "material": "wood" }, "amenity": "bench", "shop": null, "leisure": null, "tourism": null, "office": null, "public_transport": null, "healthcare": null, "craft": null, "stations_in_radius": "['9th Street' '7th Street']", "stations_in_radius_dist_m": "[104.98 288.15]", "poi_cluster": "env", "index_right": 62, "centroid_id": 153, "dist_m": 38.6057503826298 }, "geometry": { "type": "Point", "coordinates": [ -80.835937, 35.2291478 ] } },
{ "type": "Feature", "properties": { "osm_id": 11077200109, "name": null, "lat": 35.2299558, "lon": -80.8369401, "tags": { "amenity": "vending_machine", "vending": "parking_tickets" }, "amenity": "vending_machine", "shop": null, "leisure": null, "tourism": null, "office": null, "public_transport": null, "healthcare": null, "craft": null, "stations_in_radius": "['9th Street' '7th Street']", "stations_in_radius_dist_m": "[178.81 320.06]", "poi_cluster": "env", "index_right": 89, "centroid_id": 148, "dist_m": 41.395976864288684 }, "geometry": { "type": "Point", "coordinates": [ -80.8369401, 35.2299558 ] } },
{ "type": "Feature", "properties": { "osm_id": 11083011683, "name": null, "lat": 35.2282388, "lon": -80.8378452, "tags": { "amenity": "vending_machine", "vending": "parking_tickets" }, "amenity": "vending_machine", "shop": null, "leisure": null, "tourism": null, "office": null, "public_transport": null, "healthcare": null, "craft": null, "stations_in_radius": "['7th Street' '9th Street' 'CTC/Arena']", "stations_in_radius_dist_m": "[114.66 305.44 482.77]", "poi_cluster": "env", "index_right": 21, "centroid_id": 130, "dist_m": 87.410992694574489 }, "geometry": { "type": "Point", "coordinates": [ -80.8378452, 35.2282388 ] } },
{ "type": "Feature", "properties": { "osm_id": 11093618444, "name": null, "lat": 35.2256637, "lon": -80.8406002, "tags": { "access": "yes", "amenity": "bicycle_parking", "bicycle_parking": "stands", "capacity": "4", "covered": "partial", "foot_traffic": "high", "indoor": "no" }, "amenity": "bicycle_parking", "shop": null, "leisure": null, "tourism": null, "office": null, "public_transport": null, "healthcare": null, "craft": null, "stations_in_radius": "['CTC/Arena' '7th Street' '3rd St/Convention']", "stations_in_radius_dist_m": "[102.88 288.48 319.34]", "poi_cluster": "env", "index_right": 79, "centroid_id": 122, "dist_m": 137.81323476944812 }, "geometry": { "type": "Point", "coordinates": [ -80.8406002, 35.2256637 ] } },
{ "type": "Feature", "properties": { "osm_id": 11096399451, "name": null, "lat": 35.2269081, "lon": -80.8364925, "tags": { "amenity": "vending_machine", "vending": "parking_tickets" }, "amenity": "vending_machine", "shop": null, "leisure": null, "tourism": null, "office": null, "public_transport": null, "healthcare": null, "craft": null, "stations_in_radius": "['7th Street' '9th Street' 'CTC/Arena']", "stations_in_radius_dist_m": "[146.78 338.1  493.36]", "poi_cluster": "env", "index_right": 95, "centroid_id": 144, "dist_m": 29.639225913611025 }, "geometry": { "type": "Point", "coordinates": [ -80.8364925, 35.2269081 ] } },
{ "type": "Feature", "properties": { "osm_id": 11098808623, "name": null, "lat": 35.2272939, "lon": -80.838623, "tags": { "amenity": "toilets" }, "amenity": "toilets", "shop": null, "leisure": null, "tourism": null, "office": null, "public_transport": null, "healthcare": null, "craft": null, "stations_in_radius": "['7th Street' 'CTC/Arena' '9th Street']", "stations_in_radius_dist_m": "[ 51.88 357.94 424.14]", "poi_cluster": "env", "index_right": 18, "centroid_id": 123, "dist_m": 127.09096172586779 }, "geometry": { "type": "Point", "coordinates": [ -80.838623, 35.2272939 ] } },
{ "type": "Feature", "properties": { "osm_id": 11151906105, "name": null, "lat": 35.2291686, "lon": -80.8353791, "tags": { "amenity": "bicycle_parking", "bicycle_parking": "stands", "capacity": "8", "covered": "no" }, "amenity": "bicycle_parking", "shop": null, "leisure": null, "tourism": null, "office": null, "public_transport": null, "healthcare": null, "craft": null, "stations_in_radius": "['9th Street' '7th Street']", "stations_in_radius_dist_m": "[ 68.29 325.91]", "poi_cluster": "env", "index_right": 62, "centroid_id": 153, "dist_m": 42.460800044389238 }, "geometry": { "type": "Point", "coordinates": [ -80.8353791, 35.2291686 ] } },
{ "type": "Feature", "properties": { "osm_id": 11151907805, "name": null, "lat": 35.229127, "lon": -80.8353272, "tags": { "amenity": "bicycle_parking", "bicycle_parking": "stands", "capacity": "6", "covered": "no" }, "amenity": "bicycle_parking", "shop": null, "leisure": null, "tourism": null, "office": null, "public_transport": null, "healthcare": null, "craft": null, "stations_in_radius": "['9th Street' '7th Street']", "stations_in_radius_dist_m": "[ 70.18 326.45]", "poi_cluster": "env", "index_right": 62, "centroid_id": 153, "dist_m": 49.062180198215813 }, "geometry": { "type": "Point", "coordinates": [ -80.8353272, 35.229127 ] } },
{ "type": "Feature", "properties": { "osm_id": 11151907806, "name": null, "lat": 35.2290963, "lon": -80.8352936, "tags": { "amenity": "bicycle_parking", "bicycle_parking": "stands", "capacity": "6", "covered": "no" }, "amenity": "bicycle_parking", "shop": null, "leisure": null, "tourism": null, "office": null, "public_transport": null, "healthcare": null, "craft": null, "stations_in_radius": "['9th Street' '7th Street']", "stations_in_radius_dist_m": "[ 72.08 326.6 ]", "poi_cluster": "env", "index_right": 62, "centroid_id": 153, "dist_m": 53.632706309766291 }, "geometry": { "type": "Point", "coordinates": [ -80.8352936, 35.2290963 ] } },
{ "type": "Feature", "properties": { "osm_id": 11152109084, "name": null, "lat": 35.2279403, "lon": -80.8421712, "tags": { "amenity": "bicycle_parking", "bicycle_parking": "stands", "capacity": "2", "covered": "partial" }, "amenity": "bicycle_parking", "shop": null, "leisure": null, "tourism": null, "office": null, "public_transport": null, "healthcare": null, "craft": null, "stations_in_radius": "['CTC/Arena' '7th Street']", "stations_in_radius_dist_m": "[333.74 382.55]", "poi_cluster": "env", "index_right": 27, "centroid_id": 114, "dist_m": 21.613732227138549 }, "geometry": { "type": "Point", "coordinates": [ -80.8421712, 35.2279403 ] } },
{ "type": "Feature", "properties": { "osm_id": 11152216987, "name": null, "lat": 35.2281525, "lon": -80.8415759, "tags": { "amenity": "bicycle_parking", "bicycle_parking": "stands", "capacity": "2", "covered": "partial" }, "amenity": "bicycle_parking", "shop": null, "leisure": null, "tourism": null, "office": null, "public_transport": null, "healthcare": null, "craft": null, "stations_in_radius": "['7th Street' 'CTC/Arena']", "stations_in_radius_dist_m": "[336.24 350.02]", "poi_cluster": "env", "index_right": 27, "centroid_id": 114, "dist_m": 41.702134133309002 }, "geometry": { "type": "Point", "coordinates": [ -80.8415759, 35.2281525 ] } },
{ "type": "Feature", "properties": { "osm_id": 11152216988, "name": null, "lat": 35.2282154, "lon": -80.8414905, "tags": { "amenity": "bicycle_parking", "bicycle_parking": "stands", "capacity": "2" }, "amenity": "bicycle_parking", "shop": null, "leisure": null, "tourism": null, "office": null, "public_transport": null, "healthcare": null, "craft": null, "stations_in_radius": "['7th Street' 'CTC/Arena']", "stations_in_radius_dist_m": "[331.11 356.71]", "poi_cluster": "env", "index_right": 27, "centroid_id": 114, "dist_m": 50.752003335522978 }, "geometry": { "type": "Point", "coordinates": [ -80.8414905, 35.2282154 ] } },
{ "type": "Feature", "properties": { "osm_id": 11152216989, "name": null, "lat": 35.2283337, "lon": -80.8416042, "tags": { "amenity": "bicycle_parking", "bicycle_parking": "stands", "capacity": "2" }, "amenity": "bicycle_parking", "shop": null, "leisure": null, "tourism": null, "office": null, "public_transport": null, "healthcare": null, "craft": null, "stations_in_radius": "['7th Street' 'CTC/Arena']", "stations_in_radius_dist_m": "[345.36 370.22]", "poi_cluster": "env", "index_right": 27, "centroid_id": 114, "dist_m": 46.765391983622308 }, "geometry": { "type": "Point", "coordinates": [ -80.8416042, 35.2283337 ] } },
{ "type": "Feature", "properties": { "osm_id": 11152216990, "name": null, "lat": 35.2283242, "lon": -80.8413256, "tags": { "amenity": "bicycle_parking", "bicycle_parking": "stands", "capacity": "2" }, "amenity": "bicycle_parking", "shop": null, "leisure": null, "tourism": null, "office": null, "public_transport": null, "healthcare": null, "craft": null, "stations_in_radius": "['7th Street' 'CTC/Arena']", "stations_in_radius_dist_m": "[321.41 368.7 ]", "poi_cluster": "env", "index_right": 106, "centroid_id": 119, "dist_m": 61.335352691880118 }, "geometry": { "type": "Point", "coordinates": [ -80.8413256, 35.2283242 ] } },
{ "type": "Feature", "properties": { "osm_id": 11152216991, "name": null, "lat": 35.2285142, "lon": -80.8413478, "tags": { "amenity": "bicycle_parking", "bicycle_parking": "stands", "capacity": "2" }, "amenity": "bicycle_parking", "shop": null, "leisure": null, "tourism": null, "office": null, "public_transport": null, "healthcare": null, "craft": null, "stations_in_radius": "['7th Street' 'CTC/Arena']", "stations_in_radius_dist_m": "[331.83 389.75]", "poi_cluster": "env", "index_right": 106, "centroid_id": 119, "dist_m": 47.607827316835042 }, "geometry": { "type": "Point", "coordinates": [ -80.8413478, 35.2285142 ] } },
{ "type": "Feature", "properties": { "osm_id": 11152216992, "name": null, "lat": 35.2288952, "lon": -80.8405278, "tags": { "amenity": "bicycle_parking", "bicycle_parking": "stands", "capacity": "2" }, "amenity": "bicycle_parking", "shop": null, "leisure": null, "tourism": null, "office": null, "public_transport": null, "healthcare": null, "craft": null, "stations_in_radius": "['7th Street' 'CTC/Arena']", "stations_in_radius_dist_m": "[291.45 439.05]", "poi_cluster": "env", "index_right": 106, "centroid_id": 119, "dist_m": 38.992807023744732 }, "geometry": { "type": "Point", "coordinates": [ -80.8405278, 35.2288952 ] } },
{ "type": "Feature", "properties": { "osm_id": 11152216993, "name": null, "lat": 35.2289196, "lon": -80.8404956, "tags": { "amenity": "bicycle_parking", "bicycle_parking": "stands", "capacity": "2" }, "amenity": "bicycle_parking", "shop": null, "leisure": null, "tourism": null, "office": null, "public_transport": null, "healthcare": null, "craft": null, "stations_in_radius": [ "7th Street" ], "stations_in_radius_dist_m": [ 290.95 ], "poi_cluster": "env", "index_right": 106, "centroid_id": 119, "dist_m": 42.714934058717738 }, "geometry": { "type": "Point", "coordinates": [ -80.8404956, 35.2289196 ] } },
{ "type": "Feature", "properties": { "osm_id": 11152216994, "name": null, "lat": 35.2289634, "lon": -80.8407064, "tags": { "amenity": "bicycle_parking", "bicycle_parking": "stands", "capacity": "4", "covered": "yes" }, "amenity": "bicycle_parking", "shop": null, "leisure": null, "tourism": null, "office": null, "public_transport": null, "healthcare": null, "craft": null, "stations_in_radius": "['7th Street' 'CTC/Arena']", "stations_in_radius_dist_m": "[308.83 443.92]", "poi_cluster": "env", "index_right": 106, "centroid_id": 119, "dist_m": 29.386395784821058 }, "geometry": { "type": "Point", "coordinates": [ -80.8407064, 35.2289634 ] } },
{ "type": "Feature", "properties": { "osm_id": 11152216995, "name": null, "lat": 35.2290749, "lon": -80.8405468, "tags": { "amenity": "bicycle_parking", "bicycle_parking": "stands", "capacity": "2" }, "amenity": "bicycle_parking", "shop": null, "leisure": null, "tourism": null, "office": null, "public_transport": null, "healthcare": null, "craft": null, "stations_in_radius": [ "7th Street" ], "stations_in_radius_dist_m": [ 305.82 ], "poi_cluster": "env", "index_right": 106, "centroid_id": 119, "dist_m": 48.395900986598335 }, "geometry": { "type": "Point", "coordinates": [ -80.8405468, 35.2290749 ] } },
{ "type": "Feature", "properties": { "osm_id": 11152216996, "name": null, "lat": 35.2292383, "lon": -80.8403143, "tags": { "amenity": "bicycle_parking", "bicycle_parking": "stands", "capacity": "2" }, "amenity": "bicycle_parking", "shop": null, "leisure": null, "tourism": null, "office": null, "public_transport": null, "healthcare": null, "craft": null, "stations_in_radius": [ "7th Street" ], "stations_in_radius_dist_m": [ 303.61 ], "poi_cluster": "env", "index_right": 87, "centroid_id": 124, "dist_m": 49.849135650641145 }, "geometry": { "type": "Point", "coordinates": [ -80.8403143, 35.2292383 ] } },
{ "type": "Feature", "properties": { "osm_id": 11152216997, "name": null, "lat": 35.2293026, "lon": -80.8402154, "tags": { "amenity": "bicycle_parking", "bicycle_parking": "stands", "capacity": "2" }, "amenity": "bicycle_parking", "shop": null, "leisure": null, "tourism": null, "office": null, "public_transport": null, "healthcare": null, "craft": null, "stations_in_radius": [ "7th Street" ], "stations_in_radius_dist_m": [ 303.01 ], "poi_cluster": "env", "index_right": 87, "centroid_id": 124, "dist_m": 38.632893684889261 }, "geometry": { "type": "Point", "coordinates": [ -80.8402154, 35.2293026 ] } },
{ "type": "Feature", "properties": { "osm_id": 11152216998, "name": null, "lat": 35.2292852, "lon": -80.8399728, "tags": { "amenity": "bicycle_parking", "bicycle_parking": "stands", "capacity": "2" }, "amenity": "bicycle_parking", "shop": null, "leisure": null, "tourism": null, "office": null, "public_transport": null, "healthcare": null, "craft": null, "stations_in_radius": "['7th Street' '9th Street']", "stations_in_radius_dist_m": "[287.67 454.84]", "poi_cluster": "env", "index_right": 87, "centroid_id": 124, "dist_m": 22.152921760653175 }, "geometry": { "type": "Point", "coordinates": [ -80.8399728, 35.2292852 ] } },
{ "type": "Feature", "properties": { "osm_id": 11152216999, "name": null, "lat": 35.2299868, "lon": -80.8392514, "tags": { "amenity": "bicycle_parking", "bicycle_parking": "stands", "capacity": "2", "covered": "no" }, "amenity": "bicycle_parking", "shop": null, "leisure": null, "tourism": null, "office": null, "public_transport": null, "healthcare": null, "craft": null, "stations_in_radius": "['7th Street' '9th Street']", "stations_in_radius_dist_m": "[325.43 388.17]", "poi_cluster": "env", "index_right": 50, "centroid_id": 131, "dist_m": 62.128364243924793 }, "geometry": { "type": "Point", "coordinates": [ -80.8392514, 35.2299868 ] } },
{ "type": "Feature", "properties": { "osm_id": 11152269318, "name": null, "lat": 35.2268014, "lon": -80.8427498, "tags": { "amenity": "bench" }, "amenity": "bench", "shop": null, "leisure": null, "tourism": null, "office": null, "public_transport": null, "healthcare": null, "craft": null, "stations_in_radius": "['CTC/Arena' '3rd St/Convention' '7th Street']", "stations_in_radius_dist_m": "[235.   355.05 429.29]", "poi_cluster": "env", "index_right": 14, "centroid_id": 107, "dist_m": 55.783824205616234 }, "geometry": { "type": "Point", "coordinates": [ -80.8427498, 35.2268014 ] } },
{ "type": "Feature", "properties": { "osm_id": 11152269319, "name": null, "lat": 35.2267767, "lon": -80.8427221, "tags": { "amenity": "bench" }, "amenity": "bench", "shop": null, "leisure": null, "tourism": null, "office": null, "public_transport": null, "healthcare": null, "craft": null, "stations_in_radius": "['CTC/Arena' '3rd St/Convention' '7th Street']", "stations_in_radius_dist_m": "[231.34 352.53 427.09]", "poi_cluster": "env", "index_right": 14, "centroid_id": 107, "dist_m": 59.496435960494864 }, "geometry": { "type": "Point", "coordinates": [ -80.8427221, 35.2267767 ] } },
{ "type": "Feature", "properties": { "osm_id": 11152269320, "name": null, "lat": 35.2268862, "lon": -80.842583, "tags": { "amenity": "bench" }, "amenity": "bench", "shop": null, "leisure": null, "tourism": null, "office": null, "public_transport": null, "healthcare": null, "craft": null, "stations_in_radius": "['CTC/Arena' '3rd St/Convention' '7th Street']", "stations_in_radius_dist_m": "[235.67 365.92 413.25]", "poi_cluster": "env", "index_right": 14, "centroid_id": 107, "dist_m": 60.47101536044331 }, "geometry": { "type": "Point", "coordinates": [ -80.842583, 35.2268862 ] } },
{ "type": "Feature", "properties": { "osm_id": 11152269322, "name": null, "lat": 35.2269097, "lon": -80.8426112, "tags": { "amenity": "bench" }, "amenity": "bench", "shop": null, "leisure": null, "tourism": null, "office": null, "public_transport": null, "healthcare": null, "craft": null, "stations_in_radius": "['CTC/Arena' '3rd St/Convention' '7th Street']", "stations_in_radius_dist_m": "[239.17 368.21 415.58]", "poi_cluster": "env", "index_right": 14, "centroid_id": 107, "dist_m": 56.882425290252499 }, "geometry": { "type": "Point", "coordinates": [ -80.8426112, 35.2269097 ] } },
{ "type": "Feature", "properties": { "osm_id": 11152269327, "name": null, "lat": 35.2264539, "lon": -80.8420893, "tags": { "amenity": "bicycle_parking", "bicycle_parking": "stands", "capacity": "2", "covered": "no" }, "amenity": "bicycle_parking", "shop": null, "leisure": null, "tourism": null, "office": null, "public_transport": null, "healthcare": null, "craft": null, "stations_in_radius": "['CTC/Arena' '3rd St/Convention' '7th Street']", "stations_in_radius_dist_m": "[173.34 327.53 376.38]", "poi_cluster": "env", "index_right": 19, "centroid_id": 113, "dist_m": 18.57355639197996 }, "geometry": { "type": "Point", "coordinates": [ -80.8420893, 35.226453899999989 ] } },
{ "type": "Feature", "properties": { "osm_id": 11152269328, "name": null, "lat": 35.2248199, "lon": -80.8401237, "tags": { "amenity": "bicycle_parking", "bicycle_parking": "wave", "capacity": "5", "covered": "no" }, "amenity": "bicycle_parking", "shop": null, "leisure": null, "tourism": null, "office": null, "public_transport": null, "healthcare": null, "craft": null, "stations_in_radius": "['CTC/Arena' '3rd St/Convention' '7th Street']", "stations_in_radius_dist_m": "[116.95 299.01 325.75]", "poi_cluster": "env", "index_right": 79, "centroid_id": 122, "dist_m": 36.922092470725907 }, "geometry": { "type": "Point", "coordinates": [ -80.8401237, 35.2248199 ] } },
{ "type": "Feature", "properties": { "osm_id": 11152269329, "name": null, "lat": 35.2244413, "lon": -80.8400763, "tags": { "amenity": "bicycle_parking", "bicycle_parking": "wave", "capacity": "5", "covered": "no" }, "amenity": "bicycle_parking", "shop": null, "leisure": null, "tourism": null, "office": null, "public_transport": null, "healthcare": null, "craft": null, "stations_in_radius": "['CTC/Arena' '3rd St/Convention' '7th Street']", "stations_in_radius_dist_m": "[134.65 286.75 358.65]", "poi_cluster": "env", "index_right": 79, "centroid_id": 122, "dist_m": 6.0781611994886928 }, "geometry": { "type": "Point", "coordinates": [ -80.8400763, 35.2244413 ] } },
{ "type": "Feature", "properties": { "osm_id": 11203593737, "name": null, "lat": 35.2263857, "lon": -80.8379289, "tags": { "access": "yes", "amenity": "bicycle_parking", "bicycle_parking": "stands", "capacity": "4", "covered": "partial", "foot_traffic": "low" }, "amenity": "bicycle_parking", "shop": null, "leisure": null, "tourism": null, "office": null, "public_transport": null, "healthcare": null, "craft": null, "stations_in_radius": "['7th Street' 'CTC/Arena' '9th Street']", "stations_in_radius_dist_m": "[ 93.29 350.45 454.02]", "poi_cluster": "env", "index_right": 61, "centroid_id": 136, "dist_m": 44.65539475695855 }, "geometry": { "type": "Point", "coordinates": [ -80.8379289, 35.2263857 ] } },
{ "type": "Feature", "properties": { "osm_id": 11203595537, "name": null, "lat": 35.2265801, "lon": -80.8385145, "tags": { "access": "yes", "amenity": "bicycle_parking", "bicycle_parking": "wave", "capacity": "17", "covered": "yes", "foot_traffic": "low" }, "amenity": "bicycle_parking", "shop": null, "leisure": null, "tourism": null, "office": null, "public_transport": null, "healthcare": null, "craft": null, "stations_in_radius": "['7th Street' 'CTC/Arena']", "stations_in_radius_dist_m": "[ 82.14 314.93]", "poi_cluster": "env", "index_right": 161, "centroid_id": 133, "dist_m": 82.497803445427081 }, "geometry": { "type": "Point", "coordinates": [ -80.8385145, 35.2265801 ] } },
{ "type": "Feature", "properties": { "osm_id": 11203596437, "name": null, "lat": 35.2269884, "lon": -80.8384122, "tags": { "access": "yes", "amenity": "bicycle_parking", "bicycle_parking": "stands", "capacity": "10", "covered": "no", "foot_traffic": "high" }, "amenity": "bicycle_parking", "shop": null, "leisure": null, "tourism": null, "office": null, "public_transport": null, "healthcare": null, "craft": null, "stations_in_radius": "['7th Street' 'CTC/Arena' '9th Street']", "stations_in_radius_dist_m": "[ 41.07 349.37 432.25]", "poi_cluster": "env", "index_right": 61, "centroid_id": 136, "dist_m": 124.6247708318237 }, "geometry": { "type": "Point", "coordinates": [ -80.8384122, 35.2269884 ] } },
{ "type": "Feature", "properties": { "osm_id": 11208933138, "name": null, "lat": 35.226995, "lon": -80.8410938, "tags": { "access": "yes", "amenity": "bicycle_parking", "bicycle_parking": "stands", "capacity": "6", "covered": "no", "foot_traffic": "medium", "indoor": "no" }, "amenity": "bicycle_parking", "shop": null, "leisure": null, "tourism": null, "office": null, "public_transport": null, "healthcare": null, "craft": null, "stations_in_radius": "['CTC/Arena' '7th Street' '3rd St/Convention']", "stations_in_radius_dist_m": "[222.88 277.2  415.86]", "poi_cluster": "env", "index_right": 11, "centroid_id": 118, "dist_m": 14.998666343313666 }, "geometry": { "type": "Point", "coordinates": [ -80.8410938, 35.226995 ] } },
{ "type": "Feature", "properties": { "osm_id": 11208935638, "name": null, "lat": 35.2269286, "lon": -80.8406392, "tags": { "access": "yes", "amenity": "bicycle_parking", "bicycle_parking": "stands", "capacity": "2", "covered": "no", "foot_traffic": "medium", "indoor": "no" }, "amenity": "bicycle_parking", "shop": null, "leisure": null, "tourism": null, "office": null, "public_transport": null, "healthcare": null, "craft": null, "stations_in_radius": "['CTC/Arena' '7th Street' '3rd St/Convention']", "stations_in_radius_dist_m": "[224.53 236.92 428.93]", "poi_cluster": "env", "index_right": 11, "centroid_id": 118, "dist_m": 27.027650164837819 }, "geometry": { "type": "Point", "coordinates": [ -80.8406392, 35.2269286 ] } },
{ "type": "Feature", "properties": { "osm_id": 11208935639, "name": null, "lat": 35.2277559, "lon": -80.8399744, "tags": { "access": "yes", "amenity": "bicycle_parking", "bicycle_parking": "stands", "capacity": "2" }, "amenity": "bicycle_parking", "shop": null, "leisure": null, "tourism": null, "office": null, "public_transport": null, "healthcare": null, "craft": null, "stations_in_radius": "['7th Street' 'CTC/Arena' '9th Street']", "stations_in_radius_dist_m": "[184.07 331.67 501.38]", "poi_cluster": "env", "index_right": 18, "centroid_id": 123, "dist_m": 17.989997494067502 }, "geometry": { "type": "Point", "coordinates": [ -80.8399744, 35.2277559 ] } },
{ "type": "Feature", "properties": { "osm_id": 11208964537, "name": null, "lat": 35.2277894, "lon": -80.8395865, "tags": { "access": "yes", "amenity": "bicycle_parking", "bicycle_parking": "rack", "capacity": "2", "covered": "no", "foot_traffic": "medium", "indoor": "no" }, "amenity": "bicycle_parking", "shop": null, "leisure": null, "tourism": null, "office": null, "public_transport": null, "healthcare": null, "craft": null, "stations_in_radius": "['7th Street' 'CTC/Arena' '9th Street']", "stations_in_radius_dist_m": "[152.59 350.19 468.06]", "poi_cluster": "env", "index_right": 18, "centroid_id": 123, "dist_m": 23.955598368061178 }, "geometry": { "type": "Point", "coordinates": [ -80.83958650000001, 35.2277894 ] } },
{ "type": "Feature", "properties": { "osm_id": 11208967242, "name": null, "lat": 35.2290329, "lon": -80.8372042, "tags": { "access": "yes", "amenity": "bicycle_parking", "bicycle_parking": "stands", "capacity": "4", "covered": "no", "foot_traffic": "low", "indoor": "no" }, "amenity": "bicycle_parking", "shop": null, "leisure": null, "tourism": null, "office": null, "public_transport": null, "healthcare": null, "craft": null, "stations_in_radius": "['9th Street' '7th Street']", "stations_in_radius_dist_m": "[213.78 215.61]", "poi_cluster": "env", "index_right": 24, "centroid_id": 137, "dist_m": 59.801788591091125 }, "geometry": { "type": "Point", "coordinates": [ -80.8372042, 35.2290329 ] } },
{ "type": "Feature", "properties": { "osm_id": 11219131301, "name": null, "lat": 35.229371, "lon": -80.8358298, "tags": { "access": "yes", "amenity": "bicycle_parking", "bicycle_parking": "stands", "capacity": "8", "covered": "no" }, "amenity": "bicycle_parking", "shop": null, "leisure": null, "tourism": null, "office": null, "public_transport": null, "healthcare": null, "craft": null, "stations_in_radius": "['9th Street' '7th Street']", "stations_in_radius_dist_m": "[ 83.86 313.19]", "poi_cluster": "env", "index_right": 62, "centroid_id": 153, "dist_m": 13.541898022664242 }, "geometry": { "type": "Point", "coordinates": [ -80.8358298, 35.229371 ] } },
{ "type": "Feature", "properties": { "osm_id": 11219131304, "name": null, "lat": 35.2294594, "lon": -80.8359345, "tags": { "access": "yes", "amenity": "bicycle_parking", "bicycle_parking": "stands", "capacity": "8", "covered": "no" }, "amenity": "bicycle_parking", "shop": null, "leisure": null, "tourism": null, "office": null, "public_transport": null, "healthcare": null, "craft": null, "stations_in_radius": "['9th Street' '7th Street']", "stations_in_radius_dist_m": "[ 89.12 314.78]", "poi_cluster": "env", "index_right": 62, "centroid_id": 153, "dist_m": 20.760168780202385 }, "geometry": { "type": "Point", "coordinates": [ -80.8359345, 35.22945940000001 ] } },
{ "type": "Feature", "properties": { "osm_id": 11258693637, "name": null, "lat": 35.2274432, "lon": -80.8390869, "tags": { "access": "yes", "amenity": "bicycle_parking", "bicycle_parking": "stands", "capacity": "2", "covered": "partial", "foot_traffic": "medium", "indoor": "no" }, "amenity": "bicycle_parking", "shop": null, "leisure": null, "tourism": null, "office": null, "public_transport": null, "healthcare": null, "craft": null, "stations_in_radius": "['7th Street' 'CTC/Arena' '9th Street']", "stations_in_radius_dist_m": "[ 96.67 342.55 448.27]", "poi_cluster": "env", "index_right": 18, "centroid_id": 123, "dist_m": 82.544524276780649 }, "geometry": { "type": "Point", "coordinates": [ -80.8390869, 35.2274432 ] } },
{ "type": "Feature", "properties": { "osm_id": 11258695537, "name": null, "lat": 35.2270377, "lon": -80.8372281, "tags": { "access": "yes", "amenity": "bicycle_parking", "bicycle_parking": "bollard", "capacity": "6", "covered": "no", "foot_traffic": "low", "indoor": "no" }, "amenity": "bicycle_parking", "shop": null, "leisure": null, "tourism": null, "office": null, "public_transport": null, "healthcare": null, "craft": null, "stations_in_radius": "['7th Street' '9th Street' 'CTC/Arena']", "stations_in_radius_dist_m": "[ 78.36 358.16 441.03]", "poi_cluster": "env", "index_right": 95, "centroid_id": 144, "dist_m": 38.826690229182894 }, "geometry": { "type": "Point", "coordinates": [ -80.8372281, 35.2270377 ] } },
{ "type": "Feature", "properties": { "osm_id": 11258775837, "name": null, "lat": 35.2295569, "lon": -80.8420221, "tags": { "access": "yes", "amenity": "bicycle_parking", "bicycle_parking": "stands", "capacity": "2", "covered": "no", "foot_traffic": "low", "indoor": "no" }, "amenity": "bicycle_parking", "shop": null, "leisure": null, "tourism": null, "office": null, "public_transport": null, "healthcare": null, "craft": null, "stations_in_radius": [ "7th Street" ], "stations_in_radius_dist_m": [ 444.02 ], "poi_cluster": "env", "index_right": 156, "centroid_id": 115, "dist_m": 13.038435454958838 }, "geometry": { "type": "Point", "coordinates": [ -80.8420221, 35.229556899999984 ] } },
{ "type": "Feature", "properties": { "osm_id": 11272669669, "name": null, "lat": 35.2266539, "lon": -80.8404972, "tags": { "access": "yes", "amenity": "bicycle_parking", "bicycle_parking": "wave", "capacity": "3", "covered": "no", "foot_traffic": "medium", "indoor": "no" }, "amenity": "bicycle_parking", "shop": null, "leisure": null, "tourism": null, "office": null, "public_transport": null, "healthcare": null, "craft": null, "stations_in_radius": "['CTC/Arena' '7th Street' '3rd St/Convention']", "stations_in_radius_dist_m": "[200.61 230.5  410.3 ]", "poi_cluster": "env", "index_right": 11, "centroid_id": 118, "dist_m": 52.728053624910636 }, "geometry": { "type": "Point", "coordinates": [ -80.8404972, 35.2266539 ] } },
{ "type": "Feature", "properties": { "osm_id": 11272670369, "name": null, "lat": 35.2264499, "lon": -80.8398991, "tags": { "access": "yes", "amenity": "bicycle_parking", "bicycle_parking": "wave", "capacity": "9", "covered": "yes", "foot_traffic": "low", "indoor": "no" }, "amenity": "bicycle_parking", "shop": null, "leisure": null, "tourism": null, "office": null, "public_transport": null, "healthcare": null, "craft": null, "stations_in_radius": "['7th Street' 'CTC/Arena' '3rd St/Convention']", "stations_in_radius_dist_m": "[187.89 210.39 426.53]", "poi_cluster": "env", "index_right": 11, "centroid_id": 118, "dist_m": 110.18194161125473 }, "geometry": { "type": "Point", "coordinates": [ -80.8398991, 35.2264499 ] } },
{ "type": "Feature", "properties": { "osm_id": 11294418169, "name": null, "lat": 35.2277363, "lon": -80.837181, "tags": { "access": "yes", "amenity": "bicycle_parking", "bicycle_parking": "stands", "capacity": "6", "covered": "no", "foot_traffic": "medium", "indoor": "no" }, "amenity": "bicycle_parking", "shop": null, "leisure": null, "tourism": null, "office": null, "public_transport": null, "healthcare": null, "craft": null, "stations_in_radius": "['7th Street' '9th Street']", "stations_in_radius_dist_m": "[ 98.37 294.64]", "poi_cluster": "env", "index_right": 95, "centroid_id": 144, "dist_m": 92.182086526707479 }, "geometry": { "type": "Point", "coordinates": [ -80.837181, 35.227736299999989 ] } },
{ "type": "Feature", "properties": { "osm_id": 11310673269, "name": null, "lat": 35.2252266, "lon": -80.836628, "tags": { "access": "yes", "amenity": "bicycle_parking", "bicycle_parking": "stands", "bicycle_parking:count": "2", "capacity": "4", "covered": "no", "foot_traffic": "low", "indoor": "no" }, "amenity": "bicycle_parking", "shop": null, "leisure": null, "tourism": null, "office": null, "public_transport": null, "healthcare": null, "craft": null, "stations_in_radius": "['7th Street' 'CTC/Arena']", "stations_in_radius_dist_m": "[256.62 434.08]", "poi_cluster": "env", "index_right": 22, "centroid_id": 143, "dist_m": 24.382663473734105 }, "geometry": { "type": "Point", "coordinates": [ -80.836628, 35.2252266 ] } },
{ "type": "Feature", "properties": { "osm_id": 11378551069, "name": null, "lat": 35.2300665, "lon": -80.8420911, "tags": { "access": "permissive", "amenity": "bicycle_parking", "bicycle_parking": "stands", "capacity": "8", "covered": "yes", "description": "Inside paid parking garage, next to entrance", "foot_traffic": "none", "indoor": "no" }, "amenity": "bicycle_parking", "shop": null, "leisure": null, "tourism": null, "office": null, "public_transport": null, "healthcare": null, "craft": null, "stations_in_radius": [ "7th Street" ], "stations_in_radius_dist_m": [ 483.95 ], "poi_cluster": "env", "index_right": 156, "centroid_id": 115, "dist_m": 43.883105202052242 }, "geometry": { "type": "Point", "coordinates": [ -80.8420911, 35.2300665 ] } },
{ "type": "Feature", "properties": { "osm_id": 11529341271, "name": null, "lat": 35.2286352, "lon": -80.83499, "tags": { "access": "yes", "amenity": "bicycle_parking", "bicycle_parking": "stands", "capacity": "16", "covered": "no", "foot_traffic": "low", "indoor": "no" }, "amenity": "bicycle_parking", "shop": null, "leisure": null, "tourism": null, "office": null, "public_transport": null, "healthcare": null, "craft": null, "stations_in_radius": "['9th Street' '7th Street']", "stations_in_radius_dist_m": "[118.09 320.43]", "poi_cluster": "env", "index_right": 139, "centroid_id": 158, "dist_m": 49.753243224807143 }, "geometry": { "type": "Point", "coordinates": [ -80.83499, 35.2286352 ] } },
{ "type": "Feature", "properties": { "osm_id": 12200268402, "name": null, "lat": 35.2285842, "lon": -80.8365705, "tags": { "amenity": "vending_machine", "bin": "yes", "fee": "no", "vending": "excrement_bags" }, "amenity": "vending_machine", "shop": null, "leisure": null, "tourism": null, "office": null, "public_transport": null, "healthcare": null, "craft": null, "stations_in_radius": "['9th Street' '7th Street']", "stations_in_radius_dist_m": "[189.04 203.13]", "poi_cluster": "env", "index_right": 7, "centroid_id": 145, "dist_m": 22.174950871239801 }, "geometry": { "type": "Point", "coordinates": [ -80.8365705, 35.2285842 ] } },
{ "type": "Feature", "properties": { "osm_id": 12253985478, "name": null, "lat": 35.227938, "lon": -80.8369021, "tags": { "amenity": "drinking_water" }, "amenity": "drinking_water", "shop": null, "leisure": null, "tourism": null, "office": null, "public_transport": null, "healthcare": null, "craft": null, "stations_in_radius": "['7th Street' '9th Street']", "stations_in_radius_dist_m": "[132.07 261.04]", "poi_cluster": "env", "index_right": 7, "centroid_id": 145, "dist_m": 67.346512111658086 }, "geometry": { "type": "Point", "coordinates": [ -80.8369021, 35.227938 ] } },
{ "type": "Feature", "properties": { "osm_id": 12499185801, "name": null, "lat": 35.2252174, "lon": -80.8401552, "tags": { "access": "yes", "amenity": "bicycle_parking", "bicycle_parking": "stands", "capacity": "2", "covered": "no", "indoor": "no" }, "amenity": "bicycle_parking", "shop": null, "leisure": null, "tourism": null, "office": null, "public_transport": null, "healthcare": null, "craft": null, "stations_in_radius": "['CTC/Arena' '7th Street' '3rd St/Convention']", "stations_in_radius_dist_m": "[114.93 292.71 318.83]", "poi_cluster": "env", "index_right": 79, "centroid_id": 122, "dist_m": 81.083214392092231 }, "geometry": { "type": "Point", "coordinates": [ -80.8401552, 35.2252174 ] } },
{ "type": "Feature", "properties": { "osm_id": 12499185901, "name": null, "lat": 35.2251276, "lon": -80.8401432, "tags": { "access": "yes", "amenity": "bicycle_parking", "bicycle_parking": "stands", "capacity": "2", "covered": "no", "indoor": "no" }, "amenity": "bicycle_parking", "shop": null, "leisure": null, "tourism": null, "office": null, "public_transport": null, "healthcare": null, "craft": null, "stations_in_radius": "['CTC/Arena' '7th Street' '3rd St/Convention']", "stations_in_radius_dist_m": "[114.34 299.64 314.3 ]", "poi_cluster": "env", "index_right": 79, "centroid_id": 122, "dist_m": 71.086500244076191 }, "geometry": { "type": "Point", "coordinates": [ -80.8401432, 35.2251276 ] } },
{ "type": "Feature", "properties": { "osm_id": 12566300626, "name": null, "lat": 35.2284122, "lon": -80.8355194, "tags": { "amenity": "bench", "backrest": "yes", "historic": "memorial", "memorial": "bench" }, "amenity": "bench", "shop": null, "leisure": null, "tourism": null, "office": null, "public_transport": null, "healthcare": null, "craft": null, "stations_in_radius": "['9th Street' '7th Street']", "stations_in_radius_dist_m": "[150.44 266.33]", "poi_cluster": "env", "index_right": 139, "centroid_id": 158, "dist_m": 83.41932522988796 }, "geometry": { "type": "Point", "coordinates": [ -80.8355194, 35.2284122 ] } },
{ "type": "Feature", "properties": { "osm_id": 12663354462, "name": null, "lat": 35.2292809, "lon": -80.8353939, "tags": { "amenity": "bicycle_parking", "bicycle_parking": "stands", "capacity": "8", "covered": "yes" }, "amenity": "bicycle_parking", "shop": null, "leisure": null, "tourism": null, "office": null, "public_transport": null, "healthcare": null, "craft": null, "stations_in_radius": "['9th Street' '7th Street']", "stations_in_radius_dist_m": "[ 58.69 333.31]", "poi_cluster": "env", "index_right": 62, "centroid_id": 153, "dist_m": 33.586023197640792 }, "geometry": { "type": "Point", "coordinates": [ -80.8353939, 35.2292809 ] } },
{ "type": "Feature", "properties": { "osm_id": 12753184001, "name": null, "lat": 35.228073, "lon": -80.8402514, "tags": { "access": "yes", "amenity": "bicycle_parking", "bicycle_parking": "wave", "capacity": "17", "covered": "yes" }, "amenity": "bicycle_parking", "shop": null, "leisure": null, "tourism": null, "office": null, "public_transport": null, "healthcare": null, "craft": null, "stations_in_radius": "['7th Street' 'CTC/Arena']", "stations_in_radius_dist_m": "[220.71 356.2 ]", "poi_cluster": "env", "index_right": 18, "centroid_id": 123, "dist_m": 44.443467889423722 }, "geometry": { "type": "Point", "coordinates": [ -80.8402514, 35.228073 ] } },
{ "type": "Feature", "properties": { "osm_id": 12942844701, "name": null, "lat": 35.2293028, "lon": -80.84165, "tags": { "access": "yes", "amenity": "bicycle_parking", "bicycle_parking": "stands", "capacity": "8", "covered": "yes" }, "amenity": "bicycle_parking", "shop": null, "leisure": null, "tourism": null, "office": null, "public_transport": null, "healthcare": null, "craft": null, "stations_in_radius": [ "7th Street" ], "stations_in_radius_dist_m": [ 400.09 ], "poi_cluster": "env", "index_right": 156, "centroid_id": 115, "dist_m": 53.564580117198894 }, "geometry": { "type": "Point", "coordinates": [ -80.84165, 35.2293028 ] } },
{ "type": "Feature", "properties": { "osm_id": 13192516401, "name": null, "lat": 35.2233784, "lon": -80.8361083, "tags": { "access": "yes", "amenity": "bicycle_parking", "bicycle_parking": "stands", "capacity": "2", "covered": "no", "indoor": "no" }, "amenity": "bicycle_parking", "shop": null, "leisure": null, "tourism": null, "office": null, "public_transport": null, "healthcare": null, "craft": null, "stations_in_radius": [ "7th Street" ], "stations_in_radius_dist_m": [ 461.57 ], "poi_cluster": "env", "index_right": 59, "centroid_id": 142, "dist_m": 80.132158051397226 }, "geometry": { "type": "Point", "coordinates": [ -80.8361083, 35.2233784 ] } },
{ "type": "Feature", "properties": { "osm_id": 13192516901, "name": null, "lat": 35.2234768, "lon": -80.835897, "tags": { "access": "yes", "amenity": "bicycle_parking", "bicycle_parking": "stands", "capacity": "2", "covered": "no", "indoor": "no" }, "amenity": "bicycle_parking", "shop": null, "leisure": null, "tourism": null, "office": null, "public_transport": null, "healthcare": null, "craft": null, "stations_in_radius": [ "7th Street" ], "stations_in_radius_dist_m": [ 459.43 ], "poi_cluster": "env", "index_right": 59, "centroid_id": 142, "dist_m": 91.416125359519327 }, "geometry": { "type": "Point", "coordinates": [ -80.835897, 35.2234768 ] } },
{ "type": "Feature", "properties": { "osm_id": 13195260251, "name": null, "lat": 35.2233443, "lon": -80.8361541, "tags": { "amenity": "bench" }, "amenity": "bench", "shop": null, "leisure": null, "tourism": null, "office": null, "public_transport": null, "healthcare": null, "craft": null, "stations_in_radius": [ "7th Street" ], "stations_in_radius_dist_m": [ 463.49 ], "poi_cluster": "env", "index_right": 59, "centroid_id": 142, "dist_m": 79.206514157078544 }, "geometry": { "type": "Point", "coordinates": [ -80.8361541, 35.2233443 ] } },
{ "type": "Feature", "properties": { "osm_id": 13195260252, "name": null, "lat": 35.2235187, "lon": -80.835923, "tags": { "amenity": "waste_basket" }, "amenity": "waste_basket", "shop": null, "leisure": null, "tourism": null, "office": null, "public_transport": null, "healthcare": null, "craft": null, "stations_in_radius": [ "7th Street" ], "stations_in_radius_dist_m": [ 454.21 ], "poi_cluster": "env", "index_right": 59, "centroid_id": 142, "dist_m": 87.45215210737841 }, "geometry": { "type": "Point", "coordinates": [ -80.835923, 35.2235187 ] } },
{ "type": "Feature", "properties": { "osm_id": 13230735794, "name": null, "lat": 35.2281261, "lon": -80.8419107, "tags": { "amenity": "waste_basket" }, "amenity": "waste_basket", "shop": null, "leisure": null, "tourism": null, "office": null, "public_transport": null, "healthcare": null, "craft": null, "stations_in_radius": "['CTC/Arena' '7th Street']", "stations_in_radius_dist_m": "[349.91 364.53]", "poi_cluster": "env", "index_right": 27, "centroid_id": 114, "dist_m": 11.261128826464061 }, "geometry": { "type": "Point", "coordinates": [ -80.8419107, 35.2281261 ] } },
{ "type": "Feature", "properties": { "osm_id": 13230735795, "name": null, "lat": 35.2281379, "lon": -80.8418932, "tags": { "amenity": "recycling", "recycling_type": "container" }, "amenity": "recycling", "shop": null, "leisure": null, "tourism": null, "office": null, "public_transport": null, "healthcare": null, "craft": null, "stations_in_radius": "['CTC/Arena' '7th Street']", "stations_in_radius_dist_m": "[350.99 363.37]", "poi_cluster": "env", "index_right": 27, "centroid_id": 114, "dist_m": 13.18986108896847 }, "geometry": { "type": "Point", "coordinates": [ -80.8418932, 35.2281379 ] } },
{ "type": "Feature", "properties": { "osm_id": 13230735797, "name": null, "lat": 35.228166, "lon": -80.8418397, "tags": { "amenity": "vending_machine", "vending": "newspapers" }, "amenity": "vending_machine", "shop": null, "leisure": null, "tourism": null, "office": null, "public_transport": null, "healthcare": null, "craft": null, "stations_in_radius": "['CTC/Arena' '7th Street']", "stations_in_radius_dist_m": "[353.49 359.59]", "poi_cluster": "env", "index_right": 27, "centroid_id": 114, "dist_m": 18.878915332211868 }, "geometry": { "type": "Point", "coordinates": [ -80.8418397, 35.228166 ] } },
{ "type": "Feature", "properties": { "osm_id": 13230735798, "name": null, "lat": 35.2281878, "lon": -80.8418201, "tags": { "amenity": "telephone" }, "amenity": "telephone", "shop": null, "leisure": null, "tourism": null, "office": null, "public_transport": null, "healthcare": null, "craft": null, "stations_in_radius": "['CTC/Arena' '7th Street']", "stations_in_radius_dist_m": "[355.69 358.6 ]", "poi_cluster": "env", "index_right": 27, "centroid_id": 114, "dist_m": 21.545417626378772 }, "geometry": { "type": "Point", "coordinates": [ -80.8418201, 35.2281878 ] } },
{ "type": "Feature", "properties": { "osm_id": 13230735799, "name": null, "lat": 35.2282208, "lon": -80.841772, "tags": { "amenity": "bench" }, "amenity": "bench", "shop": null, "leisure": null, "tourism": null, "office": null, "public_transport": null, "healthcare": null, "craft": null, "stations_in_radius": "['7th Street' 'CTC/Arena']", "stations_in_radius_dist_m": "[355.55 358.88]", "poi_cluster": "env", "index_right": 27, "centroid_id": 114, "dist_m": 27.154543824067122 }, "geometry": { "type": "Point", "coordinates": [ -80.841772, 35.228220799999988 ] } },
{ "type": "Feature", "properties": { "osm_id": 13230735800, "name": null, "lat": 35.2282434, "lon": -80.841741, "tags": { "amenity": "bench" }, "amenity": "bench", "shop": null, "leisure": null, "tourism": null, "office": null, "public_transport": null, "healthcare": null, "craft": null, "stations_in_radius": "['7th Street' 'CTC/Arena']", "stations_in_radius_dist_m": "[353.67 361.11]", "poi_cluster": "env", "index_right": 27, "centroid_id": 114, "dist_m": 30.866061033862206 }, "geometry": { "type": "Point", "coordinates": [ -80.841741, 35.2282434 ] } },
{ "type": "Feature", "properties": { "osm_id": 13230735801, "name": null, "lat": 35.2284259, "lon": -80.8414797, "tags": { "amenity": "bench" }, "amenity": "bench", "shop": null, "leisure": null, "tourism": null, "office": null, "public_transport": null, "healthcare": null, "craft": null, "stations_in_radius": "['7th Street' 'CTC/Arena']", "stations_in_radius_dist_m": "[338.71 380.02]", "poi_cluster": "env", "index_right": 27, "centroid_id": 114, "dist_m": 61.919201607607341 }, "geometry": { "type": "Point", "coordinates": [ -80.8414797, 35.2284259 ] } },
{ "type": "Feature", "properties": { "osm_id": 13230735802, "name": null, "lat": 35.2284531, "lon": -80.8414408, "tags": { "amenity": "waste_basket" }, "amenity": "waste_basket", "shop": null, "leisure": null, "tourism": null, "office": null, "public_transport": null, "healthcare": null, "craft": null, "stations_in_radius": "['7th Street' 'CTC/Arena']", "stations_in_radius_dist_m": "[336.67 382.98]", "poi_cluster": "env", "index_right": 106, "centroid_id": 119, "dist_m": 58.444260635295315 }, "geometry": { "type": "Point", "coordinates": [ -80.8414408, 35.2284531 ] } },
{ "type": "Feature", "properties": { "osm_id": 13230735803, "name": null, "lat": 35.2284458, "lon": -80.8414514, "tags": { "amenity": "recycling", "recycling_type": "container" }, "amenity": "recycling", "shop": null, "leisure": null, "tourism": null, "office": null, "public_transport": null, "healthcare": null, "craft": null, "stations_in_radius": "['7th Street' 'CTC/Arena']", "stations_in_radius_dist_m": "[337.23 382.18]", "poi_cluster": "env", "index_right": 106, "centroid_id": 119, "dist_m": 59.702008713288393 }, "geometry": { "type": "Point", "coordinates": [ -80.8414514, 35.22844580000001 ] } },
{ "type": "Feature", "properties": { "osm_id": 13230735808, "name": null, "lat": 35.2285992, "lon": -80.8412329, "tags": { "amenity": "recycling", "recycling_type": "container" }, "amenity": "recycling", "shop": null, "leisure": null, "tourism": null, "office": null, "public_transport": null, "healthcare": null, "craft": null, "stations_in_radius": "['7th Street' 'CTC/Arena']", "stations_in_radius_dist_m": "[326.74 399.41]", "poi_cluster": "env", "index_right": 106, "centroid_id": 119, "dist_m": 33.61391308671422 }, "geometry": { "type": "Point", "coordinates": [ -80.8412329, 35.2285992 ] } },
{ "type": "Feature", "properties": { "osm_id": 13230735809, "name": null, "lat": 35.2286111, "lon": -80.8412154, "tags": { "amenity": "waste_basket" }, "amenity": "waste_basket", "shop": null, "leisure": null, "tourism": null, "office": null, "public_transport": null, "healthcare": null, "craft": null, "stations_in_radius": "['7th Street' 'CTC/Arena']", "stations_in_radius_dist_m": "[325.96 400.79]", "poi_cluster": "env", "index_right": 106, "centroid_id": 119, "dist_m": 31.554263587979911 }, "geometry": { "type": "Point", "coordinates": [ -80.8412154, 35.2286111 ] } },
{ "type": "Feature", "properties": { "osm_id": 13230735810, "name": null, "lat": 35.2286437, "lon": -80.8411653, "tags": { "amenity": "bench" }, "amenity": "bench", "shop": null, "leisure": null, "tourism": null, "office": null, "public_transport": null, "healthcare": null, "craft": null, "stations_in_radius": "['7th Street' 'CTC/Arena']", "stations_in_radius_dist_m": "[323.7  404.61]", "poi_cluster": "env", "index_right": 106, "centroid_id": 119, "dist_m": 25.754490096385169 }, "geometry": { "type": "Point", "coordinates": [ -80.8411653, 35.2286437 ] } },
{ "type": "Feature", "properties": { "osm_id": 13230735811, "name": null, "lat": 35.2286652, "lon": -80.8411344, "tags": { "amenity": "bench" }, "amenity": "bench", "shop": null, "leisure": null, "tourism": null, "office": null, "public_transport": null, "healthcare": null, "craft": null, "stations_in_radius": "['7th Street' 'CTC/Arena']", "stations_in_radius_dist_m": "[322.42 407.14]", "poi_cluster": "env", "index_right": 106, "centroid_id": 119, "dist_m": 22.09963083716551 }, "geometry": { "type": "Point", "coordinates": [ -80.8411344, 35.2286652 ] } },
{ "type": "Feature", "properties": { "osm_id": 13230735816, "name": null, "lat": 35.2287614, "lon": -80.8410014, "tags": { "amenity": "waste_basket" }, "amenity": "waste_basket", "shop": null, "leisure": null, "tourism": null, "office": null, "public_transport": null, "healthcare": null, "craft": null, "stations_in_radius": "['7th Street' 'CTC/Arena']", "stations_in_radius_dist_m": "[317.59 418.64]", "poi_cluster": "env", "index_right": 106, "centroid_id": 119, "dist_m": 6.6957727438566295 }, "geometry": { "type": "Point", "coordinates": [ -80.8410014, 35.2287614 ] } },
{ "type": "Feature", "properties": { "osm_id": 13265364295, "name": null, "lat": 35.227789, "lon": -80.8381595, "tags": { "amenity": "bicycle_parking", "bicycle_parking": "rack", "covered": "yes" }, "amenity": "bicycle_parking", "shop": null, "leisure": null, "tourism": null, "office": null, "public_transport": null, "healthcare": null, "craft": null, "stations_in_radius": "['7th Street' '9th Street' 'CTC/Arena']", "stations_in_radius_dist_m": "[ 63.75 357.18 426.72]", "poi_cluster": "env", "index_right": 21, "centroid_id": 130, "dist_m": 98.485319096426764 }, "geometry": { "type": "Point", "coordinates": [ -80.8381595, 35.227789 ] } },
{ "type": "Feature", "properties": { "osm_id": 13457166669, "name": null, "lat": 35.2265722, "lon": -80.8422237, "tags": { "amenity": "bench" }, "amenity": "bench", "shop": null, "leisure": null, "tourism": null, "office": null, "public_transport": null, "healthcare": null, "craft": null, "stations_in_radius": "['CTC/Arena' '3rd St/Convention' '7th Street']", "stations_in_radius_dist_m": "[190.15 337.21 385.64]", "poi_cluster": "env", "index_right": 19, "centroid_id": 113, "dist_m": 35.512529392682559 }, "geometry": { "type": "Point", "coordinates": [ -80.8422237, 35.2265722 ] } },
{ "type": "Feature", "properties": { "osm_id": 13457166670, "name": null, "lat": 35.2264236, "lon": -80.8420509, "tags": { "amenity": "recycling", "recycling_type": "container" }, "amenity": "recycling", "shop": null, "leisure": null, "tourism": null, "office": null, "public_transport": null, "healthcare": null, "craft": null, "stations_in_radius": "['CTC/Arena' '3rd St/Convention' '7th Street']", "stations_in_radius_dist_m": "[168.95 325.26 373.75]", "poi_cluster": "env", "index_right": 19, "centroid_id": 113, "dist_m": 14.576838582236039 }, "geometry": { "type": "Point", "coordinates": [ -80.8420509, 35.2264236 ] } },
{ "type": "Feature", "properties": { "osm_id": 13457166671, "name": null, "lat": 35.226414, "lon": -80.8420391, "tags": { "amenity": "waste_basket" }, "amenity": "waste_basket", "shop": null, "leisure": null, "tourism": null, "office": null, "public_transport": null, "healthcare": null, "craft": null, "stations_in_radius": "['CTC/Arena' '3rd St/Convention' '7th Street']", "stations_in_radius_dist_m": "[167.57 324.55 372.97]", "poi_cluster": "env", "index_right": 19, "centroid_id": 113, "dist_m": 13.429462029024572 }, "geometry": { "type": "Point", "coordinates": [ -80.8420391, 35.226414 ] } },
{ "type": "Feature", "properties": { "osm_id": 13457166672, "name": null, "lat": 35.2268023, "lon": -80.8424831, "tags": { "amenity": "waste_basket" }, "amenity": "waste_basket", "shop": null, "leisure": null, "tourism": null, "office": null, "public_transport": null, "healthcare": null, "craft": null, "stations_in_radius": "['CTC/Arena' '3rd St/Convention' '7th Street']", "stations_in_radius_dist_m": "[223.26 357.9  405.16]", "poi_cluster": "env", "index_right": 19, "centroid_id": 113, "dist_m": 69.791598924006166 }, "geometry": { "type": "Point", "coordinates": [ -80.8424831, 35.2268023 ] } },
{ "type": "Feature", "properties": { "osm_id": 13457166673, "name": null, "lat": 35.2268574, "lon": -80.842547, "tags": { "amenity": "recycling", "recycling_type": "container" }, "amenity": "recycling", "shop": null, "leisure": null, "tourism": null, "office": null, "public_transport": null, "healthcare": null, "craft": null, "stations_in_radius": "['CTC/Arena' '3rd St/Convention' '7th Street']", "stations_in_radius_dist_m": "[231.34 363.15 410.29]", "poi_cluster": "env", "index_right": 14, "centroid_id": 107, "dist_m": 64.986324596540115 }, "geometry": { "type": "Point", "coordinates": [ -80.842547, 35.2268574 ] } },
{ "type": "Feature", "properties": { "osm_id": 13477755617, "name": null, "lat": 35.2272098, "lon": -80.8385343, "tags": { "access": "permissive", "amenity": "drinking_water", "bottle": "yes", "indoor": "yes" }, "amenity": "drinking_water", "shop": null, "leisure": null, "tourism": null, "office": null, "public_transport": null, "healthcare": null, "craft": null, "stations_in_radius": "['7th Street' 'CTC/Arena' '9th Street']", "stations_in_radius_dist_m": "[ 43.18 357.2  423.91]", "poi_cluster": "env", "index_right": 18, "centroid_id": 123, "dist_m": 138.80799408593936 }, "geometry": { "type": "Point", "coordinates": [ -80.8385343, 35.2272098 ] } },
{ "type": "Feature", "properties": { "osm_id": 120628264, "name": "Seventh Street Station Car Park", "lat": 35.2275722, "lon": -80.8384746, "tags": { "alt_name": "7th Street Station", "amenity": "parking", "building": "parking", "height": "32", "name": "Seventh Street Station Car Park", "parking": "multi-storey" }, "amenity": "parking", "shop": null, "leisure": null, "tourism": null, "office": null, "public_transport": null, "healthcare": null, "craft": null, "stations_in_radius": [ ], "stations_in_radius_dist_m": [ ], "poi_cluster": "env", "index_right": 21, "centroid_id": 130, "dist_m": 110.16303504936681 }, "geometry": { "type": "Point", "coordinates": [ -80.8384746, 35.2275722 ] } },
{ "type": "Feature", "properties": { "osm_id": 174171799, "name": "Lot #406", "lat": 35.2238588, "lon": -80.8402171, "tags": { "addr:city": "Charlotte", "addr:housenumber": "406", "addr:postcode": "28202", "addr:state": "NC", "addr:street": "East 4th Street", "amenity": "parking", "fee": "yes", "name": "Lot #406", "operator": "Preferred Parking", "parking": "surface", "surface": "asphalt" }, "amenity": "parking", "shop": null, "leisure": null, "tourism": null, "office": null, "public_transport": null, "healthcare": null, "craft": null, "stations_in_radius": "['CTC/Arena' '3rd St/Convention' '7th Street']", "stations_in_radius_dist_m": "[165.56 260.18 421.29]", "poi_cluster": "env", "index_right": 79, "centroid_id": 122, "dist_m": 70.318196780293235 }, "geometry": { "type": "Point", "coordinates": [ -80.8402171, 35.2238588 ] } },
{ "type": "Feature", "properties": { "osm_id": 174171808, "name": "Lot #402", "lat": 35.2231215, "lon": -80.8412855, "tags": { "addr:city": "Charlotte", "addr:housenumber": "402", "addr:postcode": "28202", "addr:state": "NC", "addr:street": "East 4th Street", "amenity": "parking", "fee": "yes", "name": "Lot #402", "operator": "Preferred Parking", "parking": "surface", "surface": "asphalt" }, "amenity": "parking", "shop": null, "leisure": null, "tourism": null, "office": null, "public_transport": null, "healthcare": null, "craft": null, "stations_in_radius": "['3rd St/Convention' 'CTC/Arena']", "stations_in_radius_dist_m": "[170.33 208.54]", "poi_cluster": "env", "index_right": 53, "centroid_id": 117, "dist_m": 76.886779120826873 }, "geometry": { "type": "Point", "coordinates": [ -80.8412855, 35.2231215 ] } },
{ "type": "Feature", "properties": { "osm_id": 313204070, "name": null, "lat": 35.2231247, "lon": -80.8367497, "tags": { "access": "private", "amenity": "parking", "building": "yes", "height": "28", "parking": "multi-storey" }, "amenity": "parking", "shop": null, "leisure": null, "tourism": null, "office": null, "public_transport": null, "healthcare": null, "craft": null, "stations_in_radius": [ "7th Street" ], "stations_in_radius_dist_m": [ 469.56 ], "poi_cluster": "env", "index_right": 59, "centroid_id": 142, "dist_m": 75.854806747416049 }, "geometry": { "type": "Point", "coordinates": [ -80.8367497, 35.2231247 ] } },
{ "type": "Feature", "properties": { "osm_id": 313204153, "name": null, "lat": 35.2231052, "lon": -80.835664, "tags": { "amenity": "parking", "parking": "surface", "surface": "asphalt" }, "amenity": "parking", "shop": null, "leisure": null, "tourism": null, "office": null, "public_transport": null, "healthcare": null, "craft": null, "stations_in_radius": [ ], "stations_in_radius_dist_m": [ ], "poi_cluster": "env", "index_right": 59, "centroid_id": 142, "dist_m": 130.65594446083634 }, "geometry": { "type": "Point", "coordinates": [ -80.835664, 35.2231052 ] } },
{ "type": "Feature", "properties": { "osm_id": 322277873, "name": null, "lat": 35.2231595, "lon": -80.8395432, "tags": { "amenity": "parking", "building": "yes", "height": "15", "parking": "multi-storey", "supervised": "yes", "surface": "concrete" }, "amenity": "parking", "shop": null, "leisure": null, "tourism": null, "office": null, "public_transport": null, "healthcare": null, "craft": null, "stations_in_radius": "['CTC/Arena' '3rd St/Convention' '7th Street']", "stations_in_radius_dist_m": "[264.4  323.92 470.1 ]", "poi_cluster": "env", "index_right": 38, "centroid_id": 121, "dist_m": 59.070955923919904 }, "geometry": { "type": "Point", "coordinates": [ -80.8395432, 35.2231595 ] } },
{ "type": "Feature", "properties": { "osm_id": 322992977, "name": "300 North Brevard Street", "lat": 35.2260228, "lon": -80.8369988, "tags": { "access": "yes", "addr:city": "Charlotte", "addr:housenumber": "300", "addr:postcode": "28202", "addr:state": "NC", "addr:street": "North Brevard Street", "amenity": "parking", "fee": "yes", "name": "300 North Brevard Street", "operator": "Preferred Parking", "parking": "surface", "surface": "asphalt" }, "amenity": "parking", "shop": null, "leisure": null, "tourism": null, "office": null, "public_transport": null, "healthcare": null, "craft": null, "stations_in_radius": "['7th Street' 'CTC/Arena' '9th Street']", "stations_in_radius_dist_m": "[164.18 415.39 446.53]", "poi_cluster": "env", "index_right": 61, "centroid_id": 136, "dist_m": 58.273152464596336 }, "geometry": { "type": "Point", "coordinates": [ -80.8369988, 35.2260228 ] } },
{ "type": "Feature", "properties": { "osm_id": 322992978, "name": "418 East 7th Street", "lat": 35.2261642, "lon": -80.8364083, "tags": { "access": "yes", "addr:city": "Charlotte", "addr:housenumber": "418", "addr:postcode": "28202", "addr:state": "NC", "addr:street": "East 7th Street", "amenity": "parking", "fee": "yes", "name": "418 East 7th Street", "operator": "Preferred Parking", "parking": "surface", "surface": "asphalt" }, "amenity": "parking", "shop": null, "leisure": null, "tourism": null, "office": null, "public_transport": null, "healthcare": null, "craft": null, "stations_in_radius": "['7th Street' '9th Street' 'CTC/Arena']", "stations_in_radius_dist_m": "[190.53 412.53 471.37]", "poi_cluster": "env", "index_right": 68, "centroid_id": 151, "dist_m": 64.216381974547318 }, "geometry": { "type": "Point", "coordinates": [ -80.8364083, 35.2261642 ] } },
{ "type": "Feature", "properties": { "osm_id": 322992981, "name": null, "lat": 35.2229121, "lon": -80.8370089, "tags": { "amenity": "parking" }, "amenity": "parking", "shop": null, "leisure": null, "tourism": null, "office": null, "public_transport": null, "healthcare": null, "craft": null, "stations_in_radius": "['CTC/Arena' '7th Street']", "stations_in_radius_dist_m": "[461.05 487.23]", "poi_cluster": "env", "index_right": 13, "centroid_id": 134, "dist_m": 82.770298822535253 }, "geometry": { "type": "Point", "coordinates": [ -80.8370089, 35.2229121 ] } },
{ "type": "Feature", "properties": { "osm_id": 322992984, "name": "221 North Caldwell Street", "lat": 35.2252479, "lon": -80.837631, "tags": { "access": "yes", "addr:city": "Charlotte", "addr:housenumber": "221", "addr:postcode": "28202", "addr:state": "NC", "addr:street": "North Caldwell Street", "amenity": "parking", "fee": "yes", "name": "221 North Caldwell Street", "operator": "Preferred Parking", "parking": "surface", "surface": "asphalt" }, "amenity": "parking", "shop": null, "leisure": null, "tourism": null, "office": null, "public_transport": null, "healthcare": null, "craft": null, "stations_in_radius": "['7th Street' 'CTC/Arena']", "stations_in_radius_dist_m": "[222.16 343.18]", "poi_cluster": "env", "index_right": 22, "centroid_id": 143, "dist_m": 75.82155005802484 }, "geometry": { "type": "Point", "coordinates": [ -80.837631, 35.2252479 ] } },
{ "type": "Feature", "properties": { "osm_id": 322992985, "name": null, "lat": 35.2252109, "lon": -80.8358408, "tags": { "amenity": "parking" }, "amenity": "parking", "shop": null, "leisure": null, "tourism": null, "office": null, "public_transport": null, "healthcare": null, "craft": null, "stations_in_radius": [ "7th Street" ], "stations_in_radius_dist_m": [ 300.71 ], "poi_cluster": "env", "index_right": 78, "centroid_id": 150, "dist_m": 81.698168826778954 }, "geometry": { "type": "Point", "coordinates": [ -80.8358408, 35.2252109 ] } },
{ "type": "Feature", "properties": { "osm_id": 322992989, "name": null, "lat": 35.2304687, "lon": -80.8348793, "tags": { "amenity": "parking" }, "amenity": "parking", "shop": null, "leisure": null, "tourism": null, "office": null, "public_transport": null, "healthcare": null, "craft": null, "stations_in_radius": [ "9th Street" ], "stations_in_radius_dist_m": [ 85.95 ], "poi_cluster": "env", "index_right": 160, "centroid_id": 154, "dist_m": 75.954658976848449 }, "geometry": { "type": "Point", "coordinates": [ -80.8348793, 35.23046870000001 ] } },
{ "type": "Feature", "properties": { "osm_id": 322992995, "name": null, "lat": 35.2247143, "lon": -80.8366746, "tags": { "amenity": "parking" }, "amenity": "parking", "shop": null, "leisure": null, "tourism": null, "office": null, "public_transport": null, "healthcare": null, "craft": null, "stations_in_radius": "['7th Street' 'CTC/Arena']", "stations_in_radius_dist_m": "[305.15 430.28]", "poi_cluster": "env", "index_right": 22, "centroid_id": 143, "dist_m": 75.397693230757653 }, "geometry": { "type": "Point", "coordinates": [ -80.8366746, 35.2247143 ] } },
{ "type": "Feature", "properties": { "osm_id": 322992997, "name": null, "lat": 35.2292652, "lon": -80.8343526, "tags": { "amenity": "parking" }, "amenity": "parking", "shop": null, "leisure": null, "tourism": null, "office": null, "public_transport": null, "healthcare": null, "craft": null, "stations_in_radius": "['9th Street' '7th Street']", "stations_in_radius_dist_m": "[ 76.13 406.52]", "poi_cluster": "env", "index_right": 84, "centroid_id": 166, "dist_m": 76.891116934339024 }, "geometry": { "type": "Point", "coordinates": [ -80.8343526, 35.2292652 ] } },
{ "type": "Feature", "properties": { "osm_id": 322993001, "name": null, "lat": 35.2253096, "lon": -80.8356347, "tags": { "amenity": "parking" }, "amenity": "parking", "shop": null, "leisure": null, "tourism": null, "office": null, "public_transport": null, "healthcare": null, "craft": null, "stations_in_radius": [ "7th Street" ], "stations_in_radius_dist_m": [ 305.93 ], "poi_cluster": "env", "index_right": 110, "centroid_id": 156, "dist_m": 69.691970880324618 }, "geometry": { "type": "Point", "coordinates": [ -80.8356347, 35.22530960000001 ] } },
{ "type": "Feature", "properties": { "osm_id": 322993007, "name": "501 East Trade Street", "lat": 35.2237257, "lon": -80.8379504, "tags": { "access": "permit", "addr:city": "Charlotte", "addr:housenumber": "500", "addr:postcode": "28202", "addr:state": "NC", "addr:street": "East Trade Street", "amenity": "parking", "fee": "yes", "name": "501 East Trade Street", "parking": "surface", "surface": "gravel" }, "amenity": "parking", "shop": null, "leisure": null, "tourism": null, "office": null, "public_transport": null, "healthcare": null, "craft": null, "stations_in_radius": "['CTC/Arena' '7th Street']", "stations_in_radius_dist_m": "[343.43 387.65]", "poi_cluster": "env", "index_right": 83, "centroid_id": 135, "dist_m": 84.174806898716781 }, "geometry": { "type": "Point", "coordinates": [ -80.8379504, 35.2237257 ] } },
{ "type": "Feature", "properties": { "osm_id": 322993008, "name": null, "lat": 35.2241996, "lon": -80.8350728, "tags": { "amenity": "parking" }, "amenity": "parking", "shop": null, "leisure": null, "tourism": null, "office": null, "public_transport": null, "healthcare": null, "craft": null, "stations_in_radius": [ "7th Street" ], "stations_in_radius_dist_m": [ 431.39 ], "poi_cluster": "env", "index_right": 78, "centroid_id": 150, "dist_m": 66.463903714507154 }, "geometry": { "type": "Point", "coordinates": [ -80.8350728, 35.2241996 ] } },
{ "type": "Feature", "properties": { "osm_id": 322993012, "name": "241 North Alexander Street", "lat": 35.2236382, "lon": -80.8355009, "tags": { "access": "yes", "addr:city": "Charlotte", "addr:housenumber": "241", "addr:postcode": "28202", "addr:state": "NC", "addr:street": "North Alexander Street", "amenity": "parking", "fee": "yes", "name": "241 North Alexander Street", "operator": "Preferred Parking", "parking": "surface", "surface": "gravel" }, "amenity": "parking", "shop": null, "leisure": null, "tourism": null, "office": null, "public_transport": null, "healthcare": null, "craft": null, "stations_in_radius": [ "7th Street" ], "stations_in_radius_dist_m": [ 460.46 ], "poi_cluster": "env", "index_right": 78, "centroid_id": 150, "dist_m": 95.544810047862896 }, "geometry": { "type": "Point", "coordinates": [ -80.8355009, 35.2236382 ] } },
{ "type": "Feature", "properties": { "osm_id": 322993013, "name": "401 East 7th Street", "lat": 35.2268776, "lon": -80.8361154, "tags": { "access": "yes", "addr:city": "Charlotte", "addr:housenumber": "401", "addr:postcode": "28202", "addr:state": "NC", "addr:street": "East 7th Street", "amenity": "parking", "fee": "yes", "name": "401 East 7th Street", "operator": "Preferred Parking", "parking": "surface", "surface": "asphalt" }, "amenity": "parking", "shop": null, "leisure": null, "tourism": null, "office": null, "public_transport": null, "healthcare": null, "craft": null, "stations_in_radius": "['7th Street' '9th Street']", "stations_in_radius_dist_m": "[180.99 329.05]", "poi_cluster": "env", "index_right": 95, "centroid_id": 144, "dist_m": 64.031369849190185 }, "geometry": { "type": "Point", "coordinates": [ -80.8361154, 35.2268776 ] } },
{ "type": "Feature", "properties": { "osm_id": 322993014, "name": null, "lat": 35.2267744, "lon": -80.8335762, "tags": { "amenity": "parking", "wheelchair": "yes" }, "amenity": "parking", "shop": null, "leisure": null, "tourism": null, "office": null, "public_transport": null, "healthcare": null, "craft": null, "stations_in_radius": [ "9th Street" ], "stations_in_radius_dist_m": [ 349.36 ], "poi_cluster": "env", "index_right": 6, "centroid_id": 168, "dist_m": 55.756482211613893 }, "geometry": { "type": "Point", "coordinates": [ -80.8335762, 35.2267744 ] } },
{ "type": "Feature", "properties": { "osm_id": 322993017, "name": null, "lat": 35.222597, "lon": -80.836039, "tags": { "amenity": "parking" }, "amenity": "parking", "shop": null, "leisure": null, "tourism": null, "office": null, "public_transport": null, "healthcare": null, "craft": null, "stations_in_radius": [ ], "stations_in_radius_dist_m": [ ], "poi_cluster": "env", "index_right": 116, "centroid_id": 141, "dist_m": 116.56794859508767 }, "geometry": { "type": "Point", "coordinates": [ -80.836039, 35.222597 ] } },
{ "type": "Feature", "properties": { "osm_id": 322993020, "name": null, "lat": 35.2254429, "lon": -80.8357599, "tags": { "amenity": "parking" }, "amenity": "parking", "shop": null, "leisure": null, "tourism": null, "office": null, "public_transport": null, "healthcare": null, "craft": null, "stations_in_radius": [ "7th Street" ], "stations_in_radius_dist_m": [ 287.49 ], "poi_cluster": "env", "index_right": 68, "centroid_id": 151, "dist_m": 68.47241589445521 }, "geometry": { "type": "Point", "coordinates": [ -80.8357599, 35.2254429 ] } },
{ "type": "Feature", "properties": { "osm_id": 322993024, "name": "Lot #424", "lat": 35.2288827, "lon": -80.8376349, "tags": { "addr:city": "Charlotte", "addr:housenumber": "424", "addr:postcode": "28202", "addr:state": "NC", "addr:street": "North College Street", "amenity": "parking", "fee": "yes", "name": "Lot #424", "operator": "Preferred Parking", "parking": "surface", "surface": "asphalt" }, "amenity": "parking", "shop": null, "leisure": null, "tourism": null, "office": null, "public_transport": null, "healthcare": null, "craft": null, "stations_in_radius": "['7th Street' '9th Street']", "stations_in_radius_dist_m": "[188.41 256.33]", "poi_cluster": "env", "index_right": 24, "centroid_id": 137, "dist_m": 62.15905200690451 }, "geometry": { "type": "Point", "coordinates": [ -80.8376349, 35.2288827 ] } },
{ "type": "Feature", "properties": { "osm_id": 394430321, "name": null, "lat": 35.226025, "lon": -80.8406521, "tags": { "amenity": "parking", "building": "yes", "height": "28", "parking": "multi-storey" }, "amenity": "parking", "shop": null, "leisure": null, "tourism": null, "office": null, "public_transport": null, "healthcare": null, "craft": null, "stations_in_radius": "['CTC/Arena' '7th Street' '3rd St/Convention']", "stations_in_radius_dist_m": "[132.03 270.56 346.04]", "poi_cluster": "env", "index_right": 11, "centroid_id": 118, "dist_m": 107.62905212909276 }, "geometry": { "type": "Point", "coordinates": [ -80.8406521, 35.226025 ] } },
{ "type": "Feature", "properties": { "osm_id": 468471045, "name": "Lot #219", "lat": 35.2282195, "lon": -80.8373764, "tags": { "addr:city": "Charlotte", "addr:housenumber": "219", "addr:postcode": "28202", "addr:state": "NC", "addr:street": "East 7th Street", "amenity": "parking", "fee": "yes", "name": "Lot #219", "operator": "Preferred Parking", "parking": "surface", "surface": "asphalt" }, "amenity": "parking", "shop": null, "leisure": null, "tourism": null, "office": null, "public_transport": null, "healthcare": null, "craft": null, "stations_in_radius": "['7th Street' '9th Street' 'CTC/Arena']", "stations_in_radius_dist_m": "[127.11 271.51 510.76]", "poi_cluster": "env", "index_right": 7, "centroid_id": 145, "dist_m": 62.762048160689048 }, "geometry": { "type": "Point", "coordinates": [ -80.8373764, 35.2282195 ] } },
{ "type": "Feature", "properties": { "osm_id": 500204486, "name": "Charlotte Plaza Parking", "lat": 35.2246401, "lon": -80.8426857, "tags": { "access": "yes", "addr:city": "Charlotte", "addr:housenumber": "306", "addr:postcode": "28202", "addr:state": "NC", "addr:street": "East 4th Street", "alt_name": "SP Plus", "amenity": "parking", "brand": "SP+", "brand:wikidata": "Q7598289", "building": "yes", "capacity": "980", "fee": "yes", "height": "36", "name": "Charlotte Plaza Parking", "operator": "SP+", "operator:type": "private", "operator:wikidata": "Q7598289", "parking": "multi-storey", "surface": "concrete" }, "amenity": "parking", "shop": null, "leisure": null, "tourism": null, "office": null, "public_transport": null, "healthcare": null, "craft": null, "stations_in_radius": [ ], "stations_in_radius_dist_m": [ ], "poi_cluster": "env", "index_right": 76, "centroid_id": 106, "dist_m": 92.872657091208595 }, "geometry": { "type": "Point", "coordinates": [ -80.8426857, 35.2246401 ] } },
{ "type": "Feature", "properties": { "osm_id": 513106099, "name": "Lot #125", "lat": 35.2238487, "lon": -80.8406868, "tags": { "addr:city": "Charlotte", "addr:housenumber": "125", "addr:postcode": "28202", "addr:state": "NC", "addr:street": "South Brevard Street", "amenity": "parking", "fee": "yes", "name": "Lot #125", "operator": "Preferred Parking", "parking": "surface", "surface": "asphalt" }, "amenity": "parking", "shop": null, "leisure": null, "tourism": null, "office": null, "public_transport": null, "healthcare": null, "craft": null, "stations_in_radius": "['CTC/Arena' '3rd St/Convention']", "stations_in_radius_dist_m": "[142.82 217.58]", "poi_cluster": "env", "index_right": 53, "centroid_id": 117, "dist_m": 48.074492573074892 }, "geometry": { "type": "Point", "coordinates": [ -80.840686800000015, 35.2238487 ] } },
{ "type": "Feature", "properties": { "osm_id": 513106103, "name": "Lot #415S", "lat": 35.2234748, "lon": -80.8402947, "tags": { "addr:city": "Charlotte", "addr:housenumber": "415", "addr:postcode": "28202", "addr:state": "NC", "addr:street": "East 4th Street", "amenity": "parking", "fee": "yes", "name": "Lot #415S", "operator": "Preferred Parking", "parking": "surface", "surface": "asphalt" }, "amenity": "parking", "shop": null, "leisure": null, "tourism": null, "office": null, "public_transport": null, "healthcare": null, "craft": null, "stations_in_radius": "['CTC/Arena' '3rd St/Convention' '7th Street']", "stations_in_radius_dist_m": "[196.33 252.1  462.46]", "poi_cluster": "env", "index_right": 38, "centroid_id": 121, "dist_m": 64.80768234902402 }, "geometry": { "type": "Point", "coordinates": [ -80.8402947, 35.2234748 ] } },
{ "type": "Feature", "properties": { "osm_id": 513106106, "name": "Lot #426", "lat": 35.2235465, "lon": -80.8398452, "tags": { "addr:city": "Charlotte", "addr:housenumber": "426", "addr:postcode": "28202", "addr:state": "NC", "addr:street": "East Trade Street", "amenity": "parking", "fee": "yes", "name": "Lot #426", "operator": "Peferred Parking", "parking": "surface", "surface": "asphalt" }, "amenity": "parking", "shop": null, "leisure": null, "tourism": null, "office": null, "public_transport": null, "healthcare": null, "craft": null, "stations_in_radius": "['CTC/Arena' '3rd St/Convention' '7th Street']", "stations_in_radius_dist_m": "[213.88 292.64 438.59]", "poi_cluster": "env", "index_right": 38, "centroid_id": 121, "dist_m": 74.863990956555725 }, "geometry": { "type": "Point", "coordinates": [ -80.8398452, 35.2235465 ] } },
{ "type": "Feature", "properties": { "osm_id": 626310897, "name": null, "lat": 35.2260529, "lon": -80.8346414, "tags": { "amenity": "parking" }, "amenity": "parking", "shop": null, "leisure": null, "tourism": null, "office": null, "public_transport": null, "healthcare": null, "craft": null, "stations_in_radius": "['7th Street' '9th Street']", "stations_in_radius_dist_m": "[336.94 405.78]", "poi_cluster": "env", "index_right": 65, "centroid_id": 157, "dist_m": 75.572246009929913 }, "geometry": { "type": "Point", "coordinates": [ -80.8346414, 35.2260529 ] } },
{ "type": "Feature", "properties": { "osm_id": 1004213264, "name": null, "lat": 35.2281629, "lon": -80.8366654, "tags": { "access": "yes", "amenity": "toilets", "building": "yes", "opening_hours": "Mo-Su 09:00-sunset" }, "amenity": "toilets", "shop": null, "leisure": null, "tourism": null, "office": null, "public_transport": null, "healthcare": null, "craft": null, "stations_in_radius": "['7th Street' '9th Street']", "stations_in_radius_dist_m": "[164.44 228.09]", "poi_cluster": "env", "index_right": 7, "centroid_id": 145, "dist_m": 43.833493053416696 }, "geometry": { "type": "Point", "coordinates": [ -80.8366654, 35.2281629 ] } },
{ "type": "Feature", "properties": { "osm_id": 1004213283, "name": null, "lat": 35.2283216, "lon": -80.8353752, "tags": { "amenity": "parking", "layer": "-1", "parking": "underground" }, "amenity": "parking", "shop": null, "leisure": null, "tourism": null, "office": null, "public_transport": null, "healthcare": null, "craft": null, "stations_in_radius": "['9th Street' '7th Street']", "stations_in_radius_dist_m": "[156.63 273.15]", "poi_cluster": "env", "index_right": 139, "centroid_id": 158, "dist_m": 69.561650847766103 }, "geometry": { "type": "Point", "coordinates": [ -80.8353752, 35.2283216 ] } },
{ "type": "Feature", "properties": { "osm_id": 1004216935, "name": null, "lat": 35.2287657, "lon": -80.8357584, "tags": { "access": "yes", "amenity": "parking", "fee": "yes", "parking": "surface" }, "amenity": "parking", "shop": null, "leisure": null, "tourism": null, "office": null, "public_transport": null, "healthcare": null, "craft": null, "stations_in_radius": [ "9th Street" ], "stations_in_radius_dist_m": [ 124.49 ], "poi_cluster": "env", "index_right": 62, "centroid_id": 153, "dist_m": 74.988577651654694 }, "geometry": { "type": "Point", "coordinates": [ -80.8357584, 35.2287657 ] } },
{ "type": "Feature", "properties": { "osm_id": 1024112216, "name": null, "lat": 35.229194, "lon": -80.8417491, "tags": { "amenity": "parking", "building": "yes", "height": "29", "parking": "multi-storey" }, "amenity": "parking", "shop": null, "leisure": null, "tourism": null, "office": null, "public_transport": null, "healthcare": null, "craft": null, "stations_in_radius": [ "7th Street" ], "stations_in_radius_dist_m": [ 400.77 ], "poi_cluster": "env", "index_right": 156, "centroid_id": 115, "dist_m": 58.936967345168739 }, "geometry": { "type": "Point", "coordinates": [ -80.8417491, 35.229194 ] } },
{ "type": "Feature", "properties": { "osm_id": 1047744375, "name": "422 East 9th Street", "lat": 35.227588, "lon": -80.8346462, "tags": { "access": "yes", "addr:city": "Charlotte", "addr:housenumber": "422", "addr:postcode": "28202", "addr:state": "NC", "addr:street": "East 9th Street", "amenity": "parking", "fee": "yes", "name": "422 East 9th Street", "operator": "Preferred Parking", "parking": "surface", "surface": "gravel" }, "amenity": "parking", "shop": null, "leisure": null, "tourism": null, "office": null, "public_transport": null, "healthcare": null, "craft": null, "stations_in_radius": "['9th Street' '7th Street']", "stations_in_radius_dist_m": "[236.42 313.32]", "poi_cluster": "env", "index_right": 63, "centroid_id": 160, "dist_m": 76.648708020767458 }, "geometry": { "type": "Point", "coordinates": [ -80.8346462, 35.227588 ] } },
{ "type": "Feature", "properties": { "osm_id": 1047744389, "name": "418 East 6th Street", "lat": 35.2257396, "lon": -80.837736, "tags": { "access": "permit", "addr:city": "Charlotte", "addr:housenumber": "418", "addr:postcode": "28202", "addr:state": "NC", "addr:street": "East 6th Street", "amenity": "parking", "fee": "yes", "name": "418 East 6th Street", "operator": "Preferred Parking", "parking": "surface", "surface": "asphalt" }, "amenity": "parking", "shop": null, "leisure": null, "tourism": null, "office": null, "public_transport": null, "healthcare": null, "craft": null, "stations_in_radius": "['7th Street' 'CTC/Arena']", "stations_in_radius_dist_m": "[166.8  342.48]", "poi_cluster": "env", "index_right": 61, "centroid_id": 136, "dist_m": 36.839668009428586 }, "geometry": { "type": "Point", "coordinates": [ -80.837736, 35.2257396 ] } },
{ "type": "Feature", "properties": { "osm_id": 1098375127, "name": null, "lat": 35.2288876, "lon": -80.8386545, "tags": { "amenity": "parking", "parking": "surface", "surface": "asphalt" }, "amenity": "parking", "shop": null, "leisure": null, "tourism": null, "office": null, "public_transport": null, "healthcare": null, "craft": null, "stations_in_radius": "['7th Street' '9th Street' 'CTC/Arena']", "stations_in_radius_dist_m": "[192.69 344.54 497.84]", "poi_cluster": "env", "index_right": 21, "centroid_id": 130, "dist_m": 38.857601357196188 }, "geometry": { "type": "Point", "coordinates": [ -80.8386545, 35.2288876 ] } },
{ "type": "Feature", "properties": { "osm_id": 1181513185, "name": null, "lat": 35.2270974, "lon": -80.8367814, "tags": { "amenity": "bicycle_parking", "bicycle_parking": "stands", "capacity": "10", "fee": "no" }, "amenity": "bicycle_parking", "shop": null, "leisure": null, "tourism": null, "office": null, "public_transport": null, "healthcare": null, "craft": null, "stations_in_radius": "['7th Street' '9th Street' 'CTC/Arena']", "stations_in_radius_dist_m": "[117.14 331.04 479.57]", "poi_cluster": "env", "index_right": 95, "centroid_id": 144, "dist_m": 15.220857648550572 }, "geometry": { "type": "Point", "coordinates": [ -80.8367814, 35.227097399999984 ] } },
{ "type": "Feature", "properties": { "osm_id": 1193371064, "name": null, "lat": 35.2301749, "lon": -80.8372028, "tags": { "addr:city": "Charlotte", "addr:housenumber": "521", "addr:postcode": "28202", "addr:state": "NC", "addr:street": "North College Street", "amenity": "parking", "fee": "yes", "operator": "Preferred Parking", "parking": "surface", "phone": "+1 704 375 6014", "website": "https://www.preferredparking.com" }, "amenity": "parking", "shop": null, "leisure": null, "tourism": null, "office": null, "public_transport": null, "healthcare": null, "craft": null, "stations_in_radius": [ "9th Street" ], "stations_in_radius_dist_m": [ 207.25 ], "poi_cluster": "env", "index_right": 89, "centroid_id": 148, "dist_m": 61.51359566117894 }, "geometry": { "type": "Point", "coordinates": [ -80.8372028, 35.2301749 ] } },
{ "type": "Feature", "properties": { "osm_id": 1223392163, "name": null, "lat": 35.222522, "lon": -80.834981, "tags": { "amenity": "parking", "parking": "surface" }, "amenity": "parking", "shop": null, "leisure": null, "tourism": null, "office": null, "public_transport": null, "healthcare": null, "craft": null, "stations_in_radius": [ ], "stations_in_radius_dist_m": [ ], "poi_cluster": "env", "index_right": 116, "centroid_id": 141, "dist_m": 200.88979021258405 }, "geometry": { "type": "Point", "coordinates": [ -80.834981, 35.222522 ] } },
{ "type": "Feature", "properties": { "osm_id": 1223392164, "name": null, "lat": 35.2228524, "lon": -80.8346813, "tags": { "amenity": "parking", "parking": "surface" }, "amenity": "parking", "shop": null, "leisure": null, "tourism": null, "office": null, "public_transport": null, "healthcare": null, "craft": null, "stations_in_radius": [ "7th Street" ], "stations_in_radius_dist_m": [ 573.72 ], "poi_cluster": "env", "index_right": 23, "centroid_id": 161, "dist_m": 197.57776732539298 }, "geometry": { "type": "Point", "coordinates": [ -80.8346813, 35.2228524 ] } },
{ "type": "Feature", "properties": { "osm_id": 1309950405, "name": null, "lat": 35.2294416, "lon": -80.838523, "tags": { "amenity": "parking", "building": "yes", "parking": "multi-storey" }, "amenity": "parking", "shop": null, "leisure": null, "tourism": null, "office": null, "public_transport": null, "healthcare": null, "craft": null, "stations_in_radius": [ ], "stations_in_radius_dist_m": [ ], "poi_cluster": "env", "index_right": 24, "centroid_id": 137, "dist_m": 81.19980697506179 }, "geometry": { "type": "Point", "coordinates": [ -80.838523, 35.2294416 ] } },
{ "type": "Feature", "properties": { "osm_id": 1364772388, "name": null, "lat": 35.2287501, "lon": -80.8343656, "tags": { "amenity": "parking" }, "amenity": "parking", "shop": null, "leisure": null, "tourism": null, "office": null, "public_transport": null, "healthcare": null, "craft": null, "stations_in_radius": "['9th Street' '7th Street']", "stations_in_radius_dist_m": "[120.13 376.58]", "poi_cluster": "env", "index_right": 139, "centroid_id": 158, "dist_m": 53.470537018840041 }, "geometry": { "type": "Point", "coordinates": [ -80.8343656, 35.2287501 ] } },
{ "type": "Feature", "properties": { "osm_id": 1372244748, "name": null, "lat": 35.2293707, "lon": -80.8392239, "tags": { "amenity": "parking" }, "amenity": "parking", "shop": null, "leisure": null, "tourism": null, "office": null, "public_transport": null, "healthcare": null, "craft": null, "stations_in_radius": "['7th Street' '9th Street']", "stations_in_radius_dist_m": "[260.97 386.09]", "poi_cluster": "env", "index_right": 87, "centroid_id": 124, "dist_m": 55.65269342652995 }, "geometry": { "type": "Point", "coordinates": [ -80.8392239, 35.2293707 ] } },
{ "type": "Feature", "properties": { "osm_id": 1424496605, "name": null, "lat": 35.23009, "lon": -80.8381924, "tags": { "amenity": "parking" }, "amenity": "parking", "shop": null, "leisure": null, "tourism": null, "office": null, "public_transport": null, "healthcare": null, "craft": null, "stations_in_radius": [ "9th Street" ], "stations_in_radius_dist_m": [ 293.7 ], "poi_cluster": "env", "index_right": 50, "centroid_id": 131, "dist_m": 56.40920457495568 }, "geometry": { "type": "Point", "coordinates": [ -80.8381924, 35.23009 ] } },
{ "type": "Feature", "properties": { "osm_id": 1424496606, "name": null, "lat": 35.2299205, "lon": -80.8374946, "tags": { "amenity": "parking" }, "amenity": "parking", "shop": null, "leisure": null, "tourism": null, "office": null, "public_transport": null, "healthcare": null, "craft": null, "stations_in_radius": [ "9th Street" ], "stations_in_radius_dist_m": [ 228.31 ], "poi_cluster": "env", "index_right": 24, "centroid_id": 137, "dist_m": 54.363538943201988 }, "geometry": { "type": "Point", "coordinates": [ -80.8374946, 35.229920499999984 ] } },
{ "type": "Feature", "properties": { "osm_id": 1424496607, "name": null, "lat": 35.2296884, "lon": -80.83766, "tags": { "amenity": "parking" }, "amenity": "parking", "shop": null, "leisure": null, "tourism": null, "office": null, "public_transport": null, "healthcare": null, "craft": null, "stations_in_radius": "['9th Street' '7th Street']", "stations_in_radius_dist_m": "[242.05 276.16]", "poi_cluster": "env", "index_right": 24, "centroid_id": 137, "dist_m": 27.325563348161843 }, "geometry": { "type": "Point", "coordinates": [ -80.83766, 35.2296884 ] } },
{ "type": "Feature", "properties": { "osm_id": 1424496608, "name": null, "lat": 35.2296574, "lon": -80.837854, "tags": { "amenity": "parking" }, "amenity": "parking", "shop": null, "leisure": null, "tourism": null, "office": null, "public_transport": null, "healthcare": null, "craft": null, "stations_in_radius": "['9th Street' '7th Street']", "stations_in_radius_dist_m": "[259.75 270.96]", "poi_cluster": "env", "index_right": 24, "centroid_id": 137, "dist_m": 31.26362205453237 }, "geometry": { "type": "Point", "coordinates": [ -80.837854, 35.2296574 ] } },
{ "type": "Feature", "properties": { "osm_id": 1435598159, "name": null, "lat": 35.2236892, "lon": -80.8361086, "tags": { "amenity": "parking" }, "amenity": "parking", "shop": null, "leisure": null, "tourism": null, "office": null, "public_transport": null, "healthcare": null, "craft": null, "stations_in_radius": [ "7th Street" ], "stations_in_radius_dist_m": [ 429.95 ], "poi_cluster": "env", "index_right": 59, "centroid_id": 142, "dist_m": 65.82961085291744 }, "geometry": { "type": "Point", "coordinates": [ -80.8361086, 35.22368920000001 ] } },
{ "type": "Feature", "properties": { "osm_id": 16050776, "name": null, "lat": 35.2263831, "lon": -80.8385351, "tags": { "amenity": "parking", "building": "yes", "height": "48", "parking": "multi-storey", "type": "multipolygon" }, "amenity": "parking", "shop": null, "leisure": null, "tourism": null, "office": null, "public_transport": null, "healthcare": null, "craft": null, "stations_in_radius": "['7th Street' 'CTC/Arena']", "stations_in_radius_dist_m": "[102.39 301.7 ]", "poi_cluster": "env", "index_right": 161, "centroid_id": 133, "dist_m": 60.876381567065167 }, "geometry": { "type": "Point", "coordinates": [ -80.8385351, 35.226383099999985 ] } },
{ "type": "Feature", "properties": { "osm_id": 16059605, "name": null, "lat": 35.2302581, "lon": -80.841699, "tags": { "amenity": "parking", "building": "yes", "building:levels": "2", "height": "11", "parking": "multi-storey", "type": "multipolygon" }, "amenity": "parking", "shop": null, "leisure": null, "tourism": null, "office": null, "public_transport": null, "healthcare": null, "craft": null, "stations_in_radius": [ ], "stations_in_radius_dist_m": [ ], "poi_cluster": "env", "index_right": 156, "centroid_id": 115, "dist_m": 71.241422375547188 }, "geometry": { "type": "Point", "coordinates": [ -80.841699, 35.2302581 ] } },
{ "type": "Feature", "properties": { "osm_id": 19541798, "name": null, "lat": 35.2252285, "lon": -80.8337299, "tags": { "amenity": "parking", "parking": "surface", "type": "multipolygon" }, "amenity": "parking", "shop": null, "leisure": null, "tourism": null, "office": null, "public_transport": null, "healthcare": null, "craft": null, "stations_in_radius": [ "7th Street" ], "stations_in_radius_dist_m": [ 451.71 ], "poi_cluster": "env", "index_right": 23, "centroid_id": 161, "dist_m": 83.374421530007481 }, "geometry": { "type": "Point", "coordinates": [ -80.8337299, 35.2252285 ] } },
{ "type": "Feature", "properties": { "osm_id": 1848893531, "name": "Epicenter Parking", "lat": 35.22567, "lon": -80.8415601, "tags": { "amenity": "parking", "layer": "-1", "name": "Epicenter Parking", "parking": "underground" }, "amenity": "parking", "shop": null, "leisure": null, "tourism": null, "office": null, "public_transport": null, "healthcare": null, "craft": null, "stations_in_radius": "['CTC/Arena' '3rd St/Convention' '7th Street']", "stations_in_radius_dist_m": "[ 75.9  266.12 361.93]", "poi_cluster": "env", "index_right": 19, "centroid_id": 113, "dist_m": 81.377882489869847 }, "geometry": { "type": "Point", "coordinates": [ -80.8415601, 35.22567 ] } },
{ "type": "Feature", "properties": { "osm_id": 4001610999, "name": null, "lat": 35.2271093, "lon": -80.8433622, "tags": { "amenity": "waste_basket" }, "amenity": "waste_basket", "shop": null, "leisure": null, "tourism": null, "office": null, "public_transport": null, "healthcare": null, "craft": null, "stations_in_radius": "['CTC/Arena' '3rd St/Convention']", "stations_in_radius_dist_m": "[294.84 389.05]", "poi_cluster": "env", "index_right": 14, "centroid_id": 107, "dist_m": 23.245817921209007 }, "geometry": { "type": "Point", "coordinates": [ -80.8433622, 35.2271093 ] } },
{ "type": "Feature", "properties": { "osm_id": 4001611000, "name": null, "lat": 35.2271005, "lon": -80.8433783, "tags": { "amenity": "recycling" }, "amenity": "recycling", "shop": null, "leisure": null, "tourism": null, "office": null, "public_transport": null, "healthcare": null, "craft": null, "stations_in_radius": "['CTC/Arena' '3rd St/Convention']", "stations_in_radius_dist_m": "[294.96 388.18]", "poi_cluster": "env", "index_right": 14, "centroid_id": 107, "dist_m": 24.985186697036667 }, "geometry": { "type": "Point", "coordinates": [ -80.8433783, 35.2271005 ] } },
{ "type": "Feature", "properties": { "osm_id": 4001621938, "name": null, "lat": 35.2263528, "lon": -80.84453, "tags": { "amenity": "bicycle_parking" }, "amenity": "bicycle_parking", "shop": null, "leisure": null, "tourism": null, "office": null, "public_transport": null, "healthcare": null, "craft": null, "stations_in_radius": "['CTC/Arena' '3rd St/Convention']", "stations_in_radius_dist_m": "[322.73 332.29]", "poi_cluster": "env", "index_right": 37, "centroid_id": 102, "dist_m": 33.088980165802987 }, "geometry": { "type": "Point", "coordinates": [ -80.84453, 35.2263528 ] } },
{ "type": "Feature", "properties": { "osm_id": 10968081131, "name": null, "lat": 35.2287184, "lon": -80.8426515, "tags": { "access": "yes", "amenity": "parking", "fee": "yes", "parking": "multi-storey" }, "amenity": "parking", "shop": null, "leisure": null, "tourism": null, "office": null, "public_transport": null, "healthcare": null, "craft": null, "stations_in_radius": [ "CTC/Arena" ], "stations_in_radius_dist_m": [ 428.05 ], "poi_cluster": "env", "index_right": 60, "centroid_id": 108, "dist_m": 53.278552599797749 }, "geometry": { "type": "Point", "coordinates": [ -80.8426515, 35.2287184 ] } },
{ "type": "Feature", "properties": { "osm_id": 10972350809, "name": null, "lat": 35.2272489, "lon": -80.8365849, "tags": { "amenity": "bench", "armrest": "yes", "backrest": "yes", "material": "wood" }, "amenity": "bench", "shop": null, "leisure": null, "tourism": null, "office": null, "public_transport": null, "healthcare": null, "craft": null, "stations_in_radius": "['7th Street' '9th Street' 'CTC/Arena']", "stations_in_radius_dist_m": "[134.27 307.72 503.39]", "poi_cluster": "env", "index_right": 95, "centroid_id": 144, "dist_m": 37.875590692629657 }, "geometry": { "type": "Point", "coordinates": [ -80.8365849, 35.2272489 ] } },
{ "type": "Feature", "properties": { "osm_id": 10972350811, "name": null, "lat": 35.2272764, "lon": -80.8366969, "tags": { "amenity": "bench", "armrest": "yes", "backrest": "yes", "material": "wood" }, "amenity": "bench", "shop": null, "leisure": null, "tourism": null, "office": null, "public_transport": null, "healthcare": null, "craft": null, "stations_in_radius": "['7th Street' '9th Street' 'CTC/Arena']", "stations_in_radius_dist_m": "[124.2  309.98 496.11]", "poi_cluster": "env", "index_right": 95, "centroid_id": 144, "dist_m": 36.350746997897041 }, "geometry": { "type": "Point", "coordinates": [ -80.8366969, 35.2272764 ] } },
{ "type": "Feature", "properties": { "osm_id": 10972350812, "name": null, "lat": 35.227259, "lon": -80.8365574, "tags": { "amenity": "bench", "armrest": "yes", "backrest": "yes", "material": "wood" }, "amenity": "bench", "shop": null, "leisure": null, "tourism": null, "office": null, "public_transport": null, "healthcare": null, "craft": null, "stations_in_radius": "['7th Street' '9th Street' 'CTC/Arena']", "stations_in_radius_dist_m": "[136.8  305.56 506.12]", "poi_cluster": "env", "index_right": 95, "centroid_id": 144, "dist_m": 40.204816726954469 }, "geometry": { "type": "Point", "coordinates": [ -80.8365574, 35.227259 ] } },
{ "type": "Feature", "properties": { "osm_id": 10972350813, "name": null, "lat": 35.2272418, "lon": -80.8365826, "tags": { "amenity": "bench", "armrest": "yes", "backrest": "yes", "material": "wood" }, "amenity": "bench", "shop": null, "leisure": null, "tourism": null, "office": null, "public_transport": null, "healthcare": null, "craft": null, "stations_in_radius": "['7th Street' '9th Street' 'CTC/Arena']", "stations_in_radius_dist_m": "[134.46 308.32 503.18]", "poi_cluster": "env", "index_right": 95, "centroid_id": 144, "dist_m": 37.333812787448522 }, "geometry": { "type": "Point", "coordinates": [ -80.8365826, 35.2272418 ] } },
{ "type": "Feature", "properties": { "osm_id": 10972350820, "name": null, "lat": 35.2273007, "lon": -80.8367037, "tags": { "amenity": "bench", "armrest": "yes", "backrest": "yes", "material": "wood" }, "amenity": "bench", "shop": null, "leisure": null, "tourism": null, "office": null, "public_transport": null, "healthcare": null, "craft": null, "stations_in_radius": "['7th Street' '9th Street' 'CTC/Arena']", "stations_in_radius_dist_m": "[123.75 307.95 496.95]", "poi_cluster": "env", "index_right": 95, "centroid_id": 144, "dist_m": 38.779161513480894 }, "geometry": { "type": "Point", "coordinates": [ -80.8367037, 35.2273007 ] } },
{ "type": "Feature", "properties": { "osm_id": 10972350821, "name": null, "lat": 35.2272532, "lon": -80.8365532, "tags": { "amenity": "bench", "armrest": "yes", "backrest": "yes", "material": "wood" }, "amenity": "bench", "shop": null, "leisure": null, "tourism": null, "office": null, "public_transport": null, "healthcare": null, "craft": null, "stations_in_radius": "['7th Street' '9th Street' 'CTC/Arena']", "stations_in_radius_dist_m": "[137.17 305.95 506.13]", "poi_cluster": "env", "index_right": 95, "centroid_id": 144, "dist_m": 39.904116002957188 }, "geometry": { "type": "Point", "coordinates": [ -80.8365532, 35.2272532 ] } },
{ "type": "Feature", "properties": { "osm_id": 10972350823, "name": null, "lat": 35.2272803, "lon": -80.8366929, "tags": { "amenity": "bench", "armrest": "yes", "backrest": "yes", "material": "wood" }, "amenity": "bench", "shop": null, "leisure": null, "tourism": null, "office": null, "public_transport": null, "healthcare": null, "craft": null, "stations_in_radius": "['7th Street' '9th Street' 'CTC/Arena']", "stations_in_radius_dist_m": "[124.58 309.42 496.64]", "poi_cluster": "env", "index_right": 95, "centroid_id": 144, "dist_m": 36.870141775786898 }, "geometry": { "type": "Point", "coordinates": [ -80.8366929, 35.2272803 ] } },
{ "type": "Feature", "properties": { "osm_id": 10972350824, "name": null, "lat": 35.2272462, "lon": -80.8366119, "tags": { "amenity": "bench", "armrest": "yes", "backrest": "yes", "material": "wood" }, "amenity": "bench", "shop": null, "leisure": null, "tourism": null, "office": null, "public_transport": null, "healthcare": null, "craft": null, "stations_in_radius": "['7th Street' '9th Street' 'CTC/Arena']", "stations_in_radius_dist_m": "[131.81 309.14 501.11]", "poi_cluster": "env", "index_right": 95, "centroid_id": 144, "dist_m": 36.33684163977793 }, "geometry": { "type": "Point", "coordinates": [ -80.8366119, 35.2272462 ] } },
{ "type": "Feature", "properties": { "osm_id": 10972350825, "name": null, "lat": 35.2272985, "lon": -80.8367095, "tags": { "amenity": "bench", "armrest": "yes", "backrest": "yes", "material": "wood" }, "amenity": "bench", "shop": null, "leisure": null, "tourism": null, "office": null, "public_transport": null, "healthcare": null, "craft": null, "stations_in_radius": "['7th Street' '9th Street' 'CTC/Arena']", "stations_in_radius_dist_m": "[123.2  308.43 496.38]", "poi_cluster": "env", "index_right": 95, "centroid_id": 144, "dist_m": 38.41231412372683 }, "geometry": { "type": "Point", "coordinates": [ -80.8367095, 35.2272985 ] } },
{ "type": "Feature", "properties": { "osm_id": 10972350828, "name": null, "lat": 35.2272638, "lon": -80.8366732, "tags": { "amenity": "bench", "armrest": "yes", "backrest": "yes", "material": "wood" }, "amenity": "bench", "shop": null, "leisure": null, "tourism": null, "office": null, "public_transport": null, "healthcare": null, "craft": null, "stations_in_radius": "['7th Street' '9th Street' 'CTC/Arena']", "stations_in_radius_dist_m": "[126.29 310.12 497.26]", "poi_cluster": "env", "index_right": 95, "centroid_id": 144, "dist_m": 35.715625538139456 }, "geometry": { "type": "Point", "coordinates": [ -80.8366732, 35.227263799999989 ] } },
{ "type": "Feature", "properties": { "osm_id": 10972350830, "name": null, "lat": 35.2272395, "lon": -80.8366142, "tags": { "amenity": "bench", "armrest": "yes", "backrest": "yes", "material": "wood" }, "amenity": "bench", "shop": null, "leisure": null, "tourism": null, "office": null, "public_transport": null, "healthcare": null, "craft": null, "stations_in_radius": "['7th Street' '9th Street' 'CTC/Arena']", "stations_in_radius_dist_m": "[131.58 309.89 500.56]", "poi_cluster": "env", "index_right": 95, "centroid_id": 144, "dist_m": 35.589139096694879 }, "geometry": { "type": "Point", "coordinates": [ -80.8366142, 35.22723950000001 ] } },
{ "type": "Feature", "properties": { "osm_id": 10972350832, "name": null, "lat": 35.2272577, "lon": -80.8366774, "tags": { "amenity": "bench", "armrest": "yes", "backrest": "yes", "material": "wood" }, "amenity": "bench", "shop": null, "leisure": null, "tourism": null, "office": null, "public_transport": null, "healthcare": null, "craft": null, "stations_in_radius": "['7th Street' '9th Street' 'CTC/Arena']", "stations_in_radius_dist_m": "[125.88 310.9  496.59]", "poi_cluster": "env", "index_right": 95, "centroid_id": 144, "dist_m": 34.948077083229101 }, "geometry": { "type": "Point", "coordinates": [ -80.8366774, 35.2272577 ] } },
{ "type": "Feature", "properties": { "osm_id": 10979308779, "name": null, "lat": 35.2269424, "lon": -80.84332, "tags": { "amenity": "bench", "backrest": "yes", "seats": "4" }, "amenity": "bench", "shop": null, "leisure": null, "tourism": null, "office": null, "public_transport": null, "healthcare": null, "craft": null, "stations_in_radius": "['CTC/Arena' '3rd St/Convention']", "stations_in_radius_dist_m": "[277.94 370.32]", "poi_cluster": "env", "index_right": 14, "centroid_id": 107, "dist_m": 33.042747186028322 }, "geometry": { "type": "Point", "coordinates": [ -80.84332, 35.2269424 ] } },
{ "type": "Feature", "properties": { "osm_id": 10979308780, "name": null, "lat": 35.2269197, "lon": -80.8433523, "tags": { "amenity": "bench", "backrest": "yes", "seats": "4" }, "amenity": "bench", "shop": null, "leisure": null, "tourism": null, "office": null, "public_transport": null, "healthcare": null, "craft": null, "stations_in_radius": "['CTC/Arena' '3rd St/Convention']", "stations_in_radius_dist_m": "[277.87 368.01]", "poi_cluster": "env", "index_right": 14, "centroid_id": 107, "dist_m": 36.746223011636147 }, "geometry": { "type": "Point", "coordinates": [ -80.8433523, 35.2269197 ] } },
{ "type": "Feature", "properties": { "osm_id": 10979308781, "name": null, "lat": 35.226848, "lon": -80.8434607, "tags": { "amenity": "bench", "backrest": "yes", "seats": "4" }, "amenity": "bench", "shop": null, "leisure": null, "tourism": null, "office": null, "public_transport": null, "healthcare": null, "craft": null, "stations_in_radius": "['CTC/Arena' '3rd St/Convention']", "stations_in_radius_dist_m": "[278.41 360.94]", "poi_cluster": "env", "index_right": 14, "centroid_id": 107, "dist_m": 48.969460323170644 }, "geometry": { "type": "Point", "coordinates": [ -80.8434607, 35.226848 ] } },
{ "type": "Feature", "properties": { "osm_id": 10979308782, "name": null, "lat": 35.2268252, "lon": -80.8434914, "tags": { "amenity": "bench", "backrest": "yes", "seats": "4" }, "amenity": "bench", "shop": null, "leisure": null, "tourism": null, "office": null, "public_transport": null, "healthcare": null, "craft": null, "stations_in_radius": "['CTC/Arena' '3rd St/Convention']", "stations_in_radius_dist_m": "[278.46 358.72]", "poi_cluster": "env", "index_right": 14, "centroid_id": 107, "dist_m": 52.685423352411405 }, "geometry": { "type": "Point", "coordinates": [ -80.8434914, 35.2268252 ] } },
{ "type": "Feature", "properties": { "osm_id": 10979308793, "name": null, "lat": 35.2269731, "lon": -80.8432808, "tags": { "amenity": "bicycle_parking", "bicycle_parking": "wave", "capacity": "3", "covered": "no" }, "amenity": "bicycle_parking", "shop": null, "leisure": null, "tourism": null, "office": null, "public_transport": null, "healthcare": null, "craft": null, "stations_in_radius": "['CTC/Arena' '3rd St/Convention']", "stations_in_radius_dist_m": "[278.37 373.51]", "poi_cluster": "env", "index_right": 14, "centroid_id": 107, "dist_m": 28.301478629145649 }, "geometry": { "type": "Point", "coordinates": [ -80.8432808, 35.2269731 ] } },
{ "type": "Feature", "properties": { "osm_id": 10979308794, "name": null, "lat": 35.2269878, "lon": -80.8432612, "tags": { "amenity": "bicycle_parking", "bicycle_parking": "wave", "capacity": "3", "covered": "no" }, "amenity": "bicycle_parking", "shop": null, "leisure": null, "tourism": null, "office": null, "public_transport": null, "healthcare": null, "craft": null, "stations_in_radius": "['CTC/Arena' '3rd St/Convention']", "stations_in_radius_dist_m": "[278.55 375.05]", "poi_cluster": "env", "index_right": 14, "centroid_id": 107, "dist_m": 26.021384021771329 }, "geometry": { "type": "Point", "coordinates": [ -80.8432612, 35.2269878 ] } },
{ "type": "Feature", "properties": { "osm_id": 10979308795, "name": null, "lat": 35.2268773, "lon": -80.843419, "tags": { "amenity": "bicycle_parking", "bicycle_parking": "wave", "capacity": "3", "covered": "no" }, "amenity": "bicycle_parking", "shop": null, "leisure": null, "tourism": null, "office": null, "public_transport": null, "healthcare": null, "craft": null, "stations_in_radius": "['CTC/Arena' '3rd St/Convention']", "stations_in_radius_dist_m": "[278.27 363.82]", "poi_cluster": "env", "index_right": 14, "centroid_id": 107, "dist_m": 44.084620293285667 }, "geometry": { "type": "Point", "coordinates": [ -80.843419, 35.2268773 ] } },
{ "type": "Feature", "properties": { "osm_id": 10979308796, "name": null, "lat": 35.2268905, "lon": -80.8433988, "tags": { "amenity": "bicycle_parking", "bicycle_parking": "wave", "capacity": "3", "covered": "no" }, "amenity": "bicycle_parking", "shop": null, "leisure": null, "tourism": null, "office": null, "public_transport": null, "healthcare": null, "craft": null, "stations_in_radius": "['CTC/Arena' '3rd St/Convention']", "stations_in_radius_dist_m": "[278.16 365.11]", "poi_cluster": "env", "index_right": 14, "centroid_id": 107, "dist_m": 41.817036296368251 }, "geometry": { "type": "Point", "coordinates": [ -80.8433988, 35.2268905 ] } },
{ "type": "Feature", "properties": { "osm_id": 10979308797, "name": null, "lat": 35.2267291, "lon": -80.8436305, "tags": { "amenity": "bench", "backrest": "yes", "seats": "4" }, "amenity": "bench", "shop": null, "leisure": null, "tourism": null, "office": null, "public_transport": null, "healthcare": null, "craft": null, "stations_in_radius": "['CTC/Arena' '3rd St/Convention']", "stations_in_radius_dist_m": "[279.89 349.78]", "poi_cluster": "env", "index_right": 37, "centroid_id": 102, "dist_m": 59.215247491799126 }, "geometry": { "type": "Point", "coordinates": [ -80.8436305, 35.2267291 ] } },
{ "type": "Feature", "properties": { "osm_id": 10979308798, "name": null, "lat": 35.2267057, "lon": -80.84366, "tags": { "amenity": "bench", "backrest": "yes", "seats": "4" }, "amenity": "bench", "shop": null, "leisure": null, "tourism": null, "office": null, "public_transport": null, "healthcare": null, "craft": null, "stations_in_radius": "['CTC/Arena' '3rd St/Convention']", "stations_in_radius_dist_m": "[280.1  347.63]", "poi_cluster": "env", "index_right": 37, "centroid_id": 102, "dist_m": 55.748706032496443 }, "geometry": { "type": "Point", "coordinates": [ -80.84366, 35.2267057 ] } },
{ "type": "Feature", "properties": { "osm_id": 10979308799, "name": null, "lat": 35.2266323, "lon": -80.8437692, "tags": { "amenity": "bench", "backrest": "yes", "seats": "4" }, "amenity": "bench", "shop": null, "leisure": null, "tourism": null, "office": null, "public_transport": null, "healthcare": null, "craft": null, "stations_in_radius": "['CTC/Arena' '3rd St/Convention']", "stations_in_radius_dist_m": "[282.21 341.33]", "poi_cluster": "env", "index_right": 37, "centroid_id": 102, "dist_m": 43.69514844559064 }, "geometry": { "type": "Point", "coordinates": [ -80.8437692, 35.2266323 ] } },
{ "type": "Feature", "properties": { "osm_id": 10979308800, "name": null, "lat": 35.2266108, "lon": -80.8437978, "tags": { "amenity": "bench", "backrest": "yes", "seats": "4" }, "amenity": "bench", "shop": null, "leisure": null, "tourism": null, "office": null, "public_transport": null, "healthcare": null, "craft": null, "stations_in_radius": "['CTC/Arena' '3rd St/Convention']", "stations_in_radius_dist_m": "[282.7 339.5]", "poi_cluster": "env", "index_right": 37, "centroid_id": 102, "dist_m": 40.556051989654577 }, "geometry": { "type": "Point", "coordinates": [ -80.8437978, 35.2266108 ] } },
{ "type": "Feature", "properties": { "osm_id": 10979308801, "name": null, "lat": 35.226535, "lon": -80.8439061, "tags": { "amenity": "bench", "backrest": "yes", "seats": "4" }, "amenity": "bench", "shop": null, "leisure": null, "tourism": null, "office": null, "public_transport": null, "healthcare": null, "craft": null, "stations_in_radius": "['CTC/Arena' '3rd St/Convention']", "stations_in_radius_dist_m": "[285.32 333.4 ]", "poi_cluster": "env", "index_right": 37, "centroid_id": 102, "dist_m": 29.506597704644477 }, "geometry": { "type": "Point", "coordinates": [ -80.8439061, 35.226535 ] } },
{ "type": "Feature", "properties": { "osm_id": 10979308802, "name": null, "lat": 35.2265145, "lon": -80.8439361, "tags": { "amenity": "bench", "backrest": "yes", "seats": "4" }, "amenity": "bench", "shop": null, "leisure": null, "tourism": null, "office": null, "public_transport": null, "healthcare": null, "craft": null, "stations_in_radius": "['CTC/Arena' '3rd St/Convention']", "stations_in_radius_dist_m": "[286.17 331.83]", "poi_cluster": "env", "index_right": 37, "centroid_id": 102, "dist_m": 26.748097166667261 }, "geometry": { "type": "Point", "coordinates": [ -80.8439361, 35.2265145 ] } },
{ "type": "Feature", "properties": { "osm_id": 10979328108, "name": null, "lat": 35.226995, "lon": -80.8435154, "tags": { "amenity": "waste_basket" }, "amenity": "waste_basket", "shop": null, "leisure": null, "tourism": null, "office": null, "public_transport": null, "healthcare": null, "craft": null, "stations_in_radius": "['CTC/Arena' '3rd St/Convention']", "stations_in_radius_dist_m": "[293.87 377.68]", "poi_cluster": "env", "index_right": 14, "centroid_id": 107, "dist_m": 41.587104096287369 }, "geometry": { "type": "Point", "coordinates": [ -80.8435154, 35.226995 ] } },
{ "type": "Feature", "properties": { "osm_id": 10979328109, "name": null, "lat": 35.2269862, "lon": -80.8435315, "tags": { "amenity": "recycling" }, "amenity": "recycling", "shop": null, "leisure": null, "tourism": null, "office": null, "public_transport": null, "healthcare": null, "craft": null, "stations_in_radius": "['CTC/Arena' '3rd St/Convention']", "stations_in_radius_dist_m": "[294.1  376.87]", "poi_cluster": "env", "index_right": 14, "centroid_id": 107, "dist_m": 43.347088902081715 }, "geometry": { "type": "Point", "coordinates": [ -80.8435315, 35.2269862 ] } },
{ "type": "Feature", "properties": { "osm_id": 10979328110, "name": null, "lat": 35.2269346, "lon": -80.8436081, "tags": { "amenity": "bench", "backrest": "yes", "seats": "4" }, "amenity": "bench", "shop": null, "leisure": null, "tourism": null, "office": null, "public_transport": null, "healthcare": null, "craft": null, "stations_in_radius": "['CTC/Arena' '3rd St/Convention']", "stations_in_radius_dist_m": "[294.57 372.06]", "poi_cluster": "env", "index_right": 14, "centroid_id": 107, "dist_m": 52.31170004405007 }, "geometry": { "type": "Point", "coordinates": [ -80.8436081, 35.2269346 ] } },
{ "type": "Feature", "properties": { "osm_id": 10979328111, "name": null, "lat": 35.2269032, "lon": -80.8436479, "tags": { "amenity": "bicycle_parking", "bicycle_parking": "stands", "capacity": "2" }, "amenity": "bicycle_parking", "shop": null, "leisure": null, "tourism": null, "office": null, "public_transport": null, "healthcare": null, "craft": null, "stations_in_radius": "['CTC/Arena' '3rd St/Convention']", "stations_in_radius_dist_m": "[294.56 369.12]", "poi_cluster": "env", "index_right": 14, "centroid_id": 107, "dist_m": 57.263523209221468 }, "geometry": { "type": "Point", "coordinates": [ -80.8436479, 35.2269032 ] } },
{ "type": "Feature", "properties": { "osm_id": 10979328112, "name": null, "lat": 35.22689, "lon": -80.8436674, "tags": { "amenity": "waste_basket" }, "amenity": "waste_basket", "shop": null, "leisure": null, "tourism": null, "office": null, "public_transport": null, "healthcare": null, "craft": null, "stations_in_radius": "['CTC/Arena' '3rd St/Convention']", "stations_in_radius_dist_m": "[294.76 367.93]", "poi_cluster": "env", "index_right": 14, "centroid_id": 107, "dist_m": 59.555644557222507 }, "geometry": { "type": "Point", "coordinates": [ -80.8436674, 35.22689 ] } },
{ "type": "Feature", "properties": { "osm_id": 10979328117, "name": null, "lat": 35.2268592, "lon": -80.8437149, "tags": { "amenity": "bench", "backrest": "yes", "seats": "4" }, "amenity": "bench", "shop": null, "leisure": null, "tourism": null, "office": null, "public_transport": null, "healthcare": null, "craft": null, "stations_in_radius": "['CTC/Arena' '3rd St/Convention']", "stations_in_radius_dist_m": "[295.42 365.23]", "poi_cluster": "env", "index_right": 37, "centroid_id": 102, "dist_m": 60.00601791986233 }, "geometry": { "type": "Point", "coordinates": [ -80.8437149, 35.2268592 ] } },
{ "type": "Feature", "properties": { "osm_id": 10979328118, "name": null, "lat": 35.2268444, "lon": -80.843736, "tags": { "amenity": "bench", "backrest": "yes", "seats": "4" }, "amenity": "bench", "shop": null, "leisure": null, "tourism": null, "office": null, "public_transport": null, "healthcare": null, "craft": null, "stations_in_radius": "['CTC/Arena' '3rd St/Convention']", "stations_in_radius_dist_m": "[295.66 363.93]", "poi_cluster": "env", "index_right": 37, "centroid_id": 102, "dist_m": 57.481433746895455 }, "geometry": { "type": "Point", "coordinates": [ -80.843736, 35.2268444 ] } },
{ "type": "Feature", "properties": { "osm_id": 10979328119, "name": null, "lat": 35.2268155, "lon": -80.8437781, "tags": { "amenity": "waste_basket" }, "amenity": "waste_basket", "shop": null, "leisure": null, "tourism": null, "office": null, "public_transport": null, "healthcare": null, "craft": null, "stations_in_radius": "['CTC/Arena' '3rd St/Convention']", "stations_in_radius_dist_m": "[296.25 361.45]", "poi_cluster": "env", "index_right": 37, "centroid_id": 102, "dist_m": 52.488029407645321 }, "geometry": { "type": "Point", "coordinates": [ -80.8437781, 35.2268155 ] } },
{ "type": "Feature", "properties": { "osm_id": 10979328120, "name": null, "lat": 35.2268067, "lon": -80.8437942, "tags": { "amenity": "recycling" }, "amenity": "recycling", "shop": null, "leisure": null, "tourism": null, "office": null, "public_transport": null, "healthcare": null, "craft": null, "stations_in_radius": "['CTC/Arena' '3rd St/Convention']", "stations_in_radius_dist_m": "[296.67 360.76]", "poi_cluster": "env", "index_right": 37, "centroid_id": 102, "dist_m": 50.733950246714201 }, "geometry": { "type": "Point", "coordinates": [ -80.8437942, 35.2268067 ] } },
{ "type": "Feature", "properties": { "osm_id": 10979328121, "name": null, "lat": 35.2267264, "lon": -80.8439126, "tags": { "amenity": "bicycle_parking", "bicycle_parking": "stands", "capacity": "2" }, "amenity": "bicycle_parking", "shop": null, "leisure": null, "tourism": null, "office": null, "public_transport": null, "healthcare": null, "craft": null, "stations_in_radius": "['CTC/Arena' '3rd St/Convention']", "stations_in_radius_dist_m": "[298.92 354.21]", "poi_cluster": "env", "index_right": 37, "centroid_id": 102, "dist_m": 36.758518327469332 }, "geometry": { "type": "Point", "coordinates": [ -80.8439126, 35.2267264 ] } },
{ "type": "Feature", "properties": { "osm_id": 10979328122, "name": null, "lat": 35.2266255, "lon": -80.8440538, "tags": { "amenity": "bench", "backrest": "yes", "seats": "4" }, "amenity": "bench", "shop": null, "leisure": null, "tourism": null, "office": null, "public_transport": null, "healthcare": null, "craft": null, "stations_in_radius": "['CTC/Arena' '3rd St/Convention']", "stations_in_radius_dist_m": "[302.09 346.43]", "poi_cluster": "env", "index_right": 37, "centroid_id": 102, "dist_m": 19.758457989451397 }, "geometry": { "type": "Point", "coordinates": [ -80.8440538, 35.2266255 ] } },
{ "type": "Feature", "properties": { "osm_id": 10979328123, "name": null, "lat": 35.2266477, "lon": -80.8440226, "tags": { "amenity": "bench", "backrest": "yes", "seats": "4" }, "amenity": "bench", "shop": null, "leisure": null, "tourism": null, "office": null, "public_transport": null, "healthcare": null, "craft": null, "stations_in_radius": "['CTC/Arena' '3rd St/Convention']", "stations_in_radius_dist_m": "[301.3  348.09]", "poi_cluster": "env", "index_right": 37, "centroid_id": 102, "dist_m": 23.503748753535501 }, "geometry": { "type": "Point", "coordinates": [ -80.844022600000017, 35.2266477 ] } },
{ "type": "Feature", "properties": { "osm_id": 11067479859, "name": null, "lat": 35.225496, "lon": -80.840497, "tags": { "access": "yes", "amenity": "bicycle_parking", "bicycle_parking": "stands", "capacity": "6", "covered": "no", "foot_traffic": "high", "indoor": "no" }, "amenity": "bicycle_parking", "shop": null, "leisure": null, "tourism": null, "office": null, "public_transport": null, "healthcare": null, "craft": null, "stations_in_radius": "['CTC/Arena' '7th Street' '3rd St/Convention']", "stations_in_radius_dist_m": "[ 98.13 292.81 313.28]", "poi_cluster": "env", "index_right": 79, "centroid_id": 122, "dist_m": 117.21875694244575 }, "geometry": { "type": "Point", "coordinates": [ -80.840497, 35.225496 ] } },
{ "type": "Feature", "properties": { "osm_id": 11067479860, "name": null, "lat": 35.2254848, "lon": -80.8405103, "tags": { "access": "yes", "amenity": "drinking_water", "fee": "no" }, "amenity": "drinking_water", "shop": null, "leisure": null, "tourism": null, "office": null, "public_transport": null, "healthcare": null, "craft": null, "stations_in_radius": "['CTC/Arena' '7th Street' '3rd St/Convention']", "stations_in_radius_dist_m": "[ 96.43 294.53 311.55]", "poi_cluster": "env", "index_right": 79, "centroid_id": 122, "dist_m": 116.40394384577291 }, "geometry": { "type": "Point", "coordinates": [ -80.8405103, 35.2254848 ] } },
{ "type": "Feature", "properties": { "osm_id": 11083011683, "name": null, "lat": 35.2282388, "lon": -80.8378452, "tags": { "amenity": "vending_machine", "vending": "parking_tickets" }, "amenity": "vending_machine", "shop": null, "leisure": null, "tourism": null, "office": null, "public_transport": null, "healthcare": null, "craft": null, "stations_in_radius": "['7th Street' '9th Street' 'CTC/Arena']", "stations_in_radius_dist_m": "[114.66 305.44 482.77]", "poi_cluster": "env", "index_right": 21, "centroid_id": 130, "dist_m": 87.410992694574489 }, "geometry": { "type": "Point", "coordinates": [ -80.8378452, 35.2282388 ] } },
{ "type": "Feature", "properties": { "osm_id": 11093618444, "name": null, "lat": 35.2256637, "lon": -80.8406002, "tags": { "access": "yes", "amenity": "bicycle_parking", "bicycle_parking": "stands", "capacity": "4", "covered": "partial", "foot_traffic": "high", "indoor": "no" }, "amenity": "bicycle_parking", "shop": null, "leisure": null, "tourism": null, "office": null, "public_transport": null, "healthcare": null, "craft": null, "stations_in_radius": "['CTC/Arena' '7th Street' '3rd St/Convention']", "stations_in_radius_dist_m": "[102.88 288.48 319.34]", "poi_cluster": "env", "index_right": 79, "centroid_id": 122, "dist_m": 137.81323476944812 }, "geometry": { "type": "Point", "coordinates": [ -80.8406002, 35.2256637 ] } },
{ "type": "Feature", "properties": { "osm_id": 11096399451, "name": null, "lat": 35.2269081, "lon": -80.8364925, "tags": { "amenity": "vending_machine", "vending": "parking_tickets" }, "amenity": "vending_machine", "shop": null, "leisure": null, "tourism": null, "office": null, "public_transport": null, "healthcare": null, "craft": null, "stations_in_radius": "['7th Street' '9th Street' 'CTC/Arena']", "stations_in_radius_dist_m": "[146.78 338.1  493.36]", "poi_cluster": "env", "index_right": 95, "centroid_id": 144, "dist_m": 29.639225913611025 }, "geometry": { "type": "Point", "coordinates": [ -80.8364925, 35.2269081 ] } },
{ "type": "Feature", "properties": { "osm_id": 11098808623, "name": null, "lat": 35.2272939, "lon": -80.838623, "tags": { "amenity": "toilets" }, "amenity": "toilets", "shop": null, "leisure": null, "tourism": null, "office": null, "public_transport": null, "healthcare": null, "craft": null, "stations_in_radius": "['7th Street' 'CTC/Arena' '9th Street']", "stations_in_radius_dist_m": "[ 51.88 357.94 424.14]", "poi_cluster": "env", "index_right": 18, "centroid_id": 123, "dist_m": 127.09096172586779 }, "geometry": { "type": "Point", "coordinates": [ -80.838623, 35.2272939 ] } },
{ "type": "Feature", "properties": { "osm_id": 11100885706, "name": null, "lat": 35.2235026, "lon": -80.8461081, "tags": { "amenity": "bicycle_parking", "bicycle_parking": "stands", "capacity": "2", "covered": "no" }, "amenity": "bicycle_parking", "shop": null, "leisure": null, "tourism": null, "office": null, "public_transport": null, "healthcare": null, "craft": null, "stations_in_radius": "['Brooklyn Village' '3rd St/Convention' 'CTC/Arena']", "stations_in_radius_dist_m": "[246.22 277.64 460.35]", "poi_cluster": "env", "index_right": 99, "centroid_id": 91, "dist_m": 49.73058550167346 }, "geometry": { "type": "Point", "coordinates": [ -80.8461081, 35.2235026 ] } },
{ "type": "Feature", "properties": { "osm_id": 11103367205, "name": null, "lat": 35.223277, "lon": -80.8438985, "tags": { "amenity": "bicycle_parking", "bicycle_parking": "stands", "capacity": "8", "covered": "no" }, "amenity": "bicycle_parking", "shop": null, "leisure": null, "tourism": null, "office": null, "public_transport": null, "healthcare": null, "craft": null, "stations_in_radius": "['3rd St/Convention' 'CTC/Arena' 'Brooklyn Village']", "stations_in_radius_dist_m": "[ 84.77 297.7  347.  ]", "poi_cluster": "env", "index_right": 31, "centroid_id": 105, "dist_m": 123.46492803218617 }, "geometry": { "type": "Point", "coordinates": [ -80.8438985, 35.223277 ] } },
{ "type": "Feature", "properties": { "osm_id": 11137505105, "name": null, "lat": 35.2242184, "lon": -80.8454829, "tags": { "amenity": "bicycle_parking", "bicycle_parking": "stands", "capacity": "4", "covered": "partial" }, "amenity": "bicycle_parking", "shop": null, "leisure": null, "tourism": null, "office": null, "public_transport": null, "healthcare": null, "craft": null, "stations_in_radius": "['3rd St/Convention' 'Brooklyn Village' 'CTC/Arena']", "stations_in_radius_dist_m": "[230.58 340.55 382.41]", "poi_cluster": "env", "index_right": 25, "centroid_id": 96, "dist_m": 23.729627471663424 }, "geometry": { "type": "Point", "coordinates": [ -80.8454829, 35.2242184 ] } },
{ "type": "Feature", "properties": { "osm_id": 11137505405, "name": null, "lat": 35.2241597, "lon": -80.845547, "tags": { "amenity": "bicycle_parking", "bicycle_parking": "stands", "capacity": "2", "covered": "partial" }, "amenity": "bicycle_parking", "shop": null, "leisure": null, "tourism": null, "office": null, "public_transport": null, "healthcare": null, "craft": null, "stations_in_radius": "['3rd St/Convention' 'Brooklyn Village' 'CTC/Arena']", "stations_in_radius_dist_m": "[234.39 332.29 389.6 ]", "poi_cluster": "env", "index_right": 25, "centroid_id": 96, "dist_m": 23.341936974655209 }, "geometry": { "type": "Point", "coordinates": [ -80.845547, 35.2241597 ] } },
{ "type": "Feature", "properties": { "osm_id": 11152109077, "name": null, "lat": 35.2274754, "lon": -80.8425464, "tags": { "amenity": "bicycle_parking", "bicycle_parking": "wave", "capacity": "3", "covered": "partial" }, "amenity": "bicycle_parking", "shop": null, "leisure": null, "tourism": null, "office": null, "public_transport": null, "healthcare": null, "craft": null, "stations_in_radius": [ "CTC/Arena" ], "stations_in_radius_dist_m": [ 294. ], "poi_cluster": "env", "index_right": 14, "centroid_id": 107, "dist_m": 61.453933900295844 }, "geometry": { "type": "Point", "coordinates": [ -80.8425464, 35.2274754 ] } },
{ "type": "Feature", "properties": { "osm_id": 11152109078, "name": null, "lat": 35.2275121, "lon": -80.8424925, "tags": { "amenity": "bicycle_parking", "bicycle_parking": "wave", "capacity": "3", "covered": "partial" }, "amenity": "bicycle_parking", "shop": null, "leisure": null, "tourism": null, "office": null, "public_transport": null, "healthcare": null, "craft": null, "stations_in_radius": [ "CTC/Arena" ], "stations_in_radius_dist_m": [ 296.11 ], "poi_cluster": "env", "index_right": 14, "centroid_id": 107, "dist_m": 67.749498030884524 }, "geometry": { "type": "Point", "coordinates": [ -80.8424925, 35.2275121 ] } },
{ "type": "Feature", "properties": { "osm_id": 11152109079, "name": null, "lat": 35.2275221, "lon": -80.8424777, "tags": { "amenity": "bicycle_parking", "bicycle_parking": "wave", "capacity": "3", "covered": "partial" }, "amenity": "bicycle_parking", "shop": null, "leisure": null, "tourism": null, "office": null, "public_transport": null, "healthcare": null, "craft": null, "stations_in_radius": [ "CTC/Arena" ], "stations_in_radius_dist_m": [ 296.7 ], "poi_cluster": "env", "index_right": 14, "centroid_id": 107, "dist_m": 69.476185821916005 }, "geometry": { "type": "Point", "coordinates": [ -80.8424777, 35.227522099999987 ] } },
{ "type": "Feature", "properties": { "osm_id": 11152109080, "name": null, "lat": 35.2275634, "lon": -80.8424152, "tags": { "amenity": "bicycle_parking", "bicycle_parking": "wave", "capacity": "3", "covered": "partial" }, "amenity": "bicycle_parking", "shop": null, "leisure": null, "tourism": null, "office": null, "public_transport": null, "healthcare": null, "craft": null, "stations_in_radius": [ "CTC/Arena" ], "stations_in_radius_dist_m": [ 299.2 ], "poi_cluster": "env", "index_right": 27, "centroid_id": 114, "dist_m": 68.769355775413985 }, "geometry": { "type": "Point", "coordinates": [ -80.842415200000019, 35.2275634 ] } },
{ "type": "Feature", "properties": { "osm_id": 11152109081, "name": null, "lat": 35.2277092, "lon": -80.8422196, "tags": { "amenity": "bicycle_parking", "bicycle_parking": "wave", "capacity": "3", "covered": "partial" }, "amenity": "bicycle_parking", "shop": null, "leisure": null, "tourism": null, "office": null, "public_transport": null, "healthcare": null, "craft": null, "stations_in_radius": [ "CTC/Arena" ], "stations_in_radius_dist_m": [ 309.79 ], "poi_cluster": "env", "index_right": 27, "centroid_id": 114, "dist_m": 46.313346123190236 }, "geometry": { "type": "Point", "coordinates": [ -80.8422196, 35.2277092 ] } },
{ "type": "Feature", "properties": { "osm_id": 11152109082, "name": null, "lat": 35.2277336, "lon": -80.8421819, "tags": { "amenity": "bicycle_parking", "bicycle_parking": "wave", "capacity": "3", "covered": "no" }, "amenity": "bicycle_parking", "shop": null, "leisure": null, "tourism": null, "office": null, "public_transport": null, "healthcare": null, "craft": null, "stations_in_radius": [ "CTC/Arena" ], "stations_in_radius_dist_m": [ 311.61 ], "poi_cluster": "env", "index_right": 27, "centroid_id": 114, "dist_m": 42.57501068813653 }, "geometry": { "type": "Point", "coordinates": [ -80.8421819, 35.227733599999986 ] } },
{ "type": "Feature", "properties": { "osm_id": 11152109083, "name": null, "lat": 35.2277436, "lon": -80.8421679, "tags": { "amenity": "bicycle_parking", "bicycle_parking": "wave", "capacity": "3", "covered": "no" }, "amenity": "bicycle_parking", "shop": null, "leisure": null, "tourism": null, "office": null, "public_transport": null, "healthcare": null, "craft": null, "stations_in_radius": [ "CTC/Arena" ], "stations_in_radius_dist_m": [ 312.39 ], "poi_cluster": "env", "index_right": 27, "centroid_id": 114, "dist_m": 41.119278812658678 }, "geometry": { "type": "Point", "coordinates": [ -80.8421679, 35.227743599999989 ] } },
{ "type": "Feature", "properties": { "osm_id": 11152109084, "name": null, "lat": 35.2279403, "lon": -80.8421712, "tags": { "amenity": "bicycle_parking", "bicycle_parking": "stands", "capacity": "2", "covered": "partial" }, "amenity": "bicycle_parking", "shop": null, "leisure": null, "tourism": null, "office": null, "public_transport": null, "healthcare": null, "craft": null, "stations_in_radius": "['CTC/Arena' '7th Street']", "stations_in_radius_dist_m": "[333.74 382.55]", "poi_cluster": "env", "index_right": 27, "centroid_id": 114, "dist_m": 21.613732227138549 }, "geometry": { "type": "Point", "coordinates": [ -80.8421712, 35.2279403 ] } },
{ "type": "Feature", "properties": { "osm_id": 11152109085, "name": null, "lat": 35.2276162, "lon": -80.842636, "tags": { "amenity": "bicycle_parking", "bicycle_parking": "stands", "capacity": "2", "covered": "no" }, "amenity": "bicycle_parking", "shop": null, "leisure": null, "tourism": null, "office": null, "public_transport": null, "healthcare": null, "craft": null, "stations_in_radius": [ "CTC/Arena" ], "stations_in_radius_dist_m": [ 311.51 ], "poi_cluster": "env", "index_right": 14, "centroid_id": 107, "dist_m": 64.71791222811224 }, "geometry": { "type": "Point", "coordinates": [ -80.842636, 35.2276162 ] } },
{ "type": "Feature", "properties": { "osm_id": 11152109086, "name": null, "lat": 35.2275435, "lon": -80.8427389, "tags": { "amenity": "bicycle_parking", "bicycle_parking": "stands", "capacity": "2", "covered": "no" }, "amenity": "bicycle_parking", "shop": null, "leisure": null, "tourism": null, "office": null, "public_transport": null, "healthcare": null, "craft": null, "stations_in_radius": [ "CTC/Arena" ], "stations_in_radius_dist_m": [ 307.63 ], "poi_cluster": "env", "index_right": 14, "centroid_id": 107, "dist_m": 52.426822099871906 }, "geometry": { "type": "Point", "coordinates": [ -80.8427389, 35.2275435 ] } },
{ "type": "Feature", "properties": { "osm_id": 11152109087, "name": null, "lat": 35.2273915, "lon": -80.8431881, "tags": { "amenity": "bicycle_parking", "bicycle_parking": "stands", "capacity": "4", "covered": "no" }, "amenity": "bicycle_parking", "shop": null, "leisure": null, "tourism": null, "office": null, "public_transport": null, "healthcare": null, "craft": null, "stations_in_radius": "['CTC/Arena' '3rd St/Convention']", "stations_in_radius_dist_m": "[311.63 419.53]", "poi_cluster": "env", "index_right": 14, "centroid_id": 107, "dist_m": 22.305258525932796 }, "geometry": { "type": "Point", "coordinates": [ -80.8431881, 35.2273915 ] } },
{ "type": "Feature", "properties": { "osm_id": 11152109088, "name": null, "lat": 35.2274108, "lon": -80.8432091, "tags": { "amenity": "bicycle_parking", "bicycle_parking": "stands", "capacity": "4", "covered": "no" }, "amenity": "bicycle_parking", "shop": null, "leisure": null, "tourism": null, "office": null, "public_transport": null, "healthcare": null, "craft": null, "stations_in_radius": "['CTC/Arena' '3rd St/Convention']", "stations_in_radius_dist_m": "[314.46 421.73]", "poi_cluster": "env", "index_right": 14, "centroid_id": 107, "dist_m": 24.875671462384325 }, "geometry": { "type": "Point", "coordinates": [ -80.8432091, 35.2274108 ] } },
{ "type": "Feature", "properties": { "osm_id": 11152109089, "name": null, "lat": 35.2272931, "lon": -80.8433222, "tags": { "amenity": "bicycle_parking", "bicycle_parking": "stands", "capacity": "4", "covered": "no" }, "amenity": "bicycle_parking", "shop": null, "leisure": null, "tourism": null, "office": null, "public_transport": null, "healthcare": null, "craft": null, "stations_in_radius": "['CTC/Arena' '3rd St/Convention']", "stations_in_radius_dist_m": "[309.17 409.15]", "poi_cluster": "env", "index_right": 14, "centroid_id": 107, "dist_m": 20.552025392174809 }, "geometry": { "type": "Point", "coordinates": [ -80.8433222, 35.2272931 ] } },
{ "type": "Feature", "properties": { "osm_id": 11152109090, "name": null, "lat": 35.2274497, "lon": -80.8434927, "tags": { "amenity": "bicycle_parking", "bicycle_parking": "stands", "capacity": "4", "covered": "no" }, "amenity": "bicycle_parking", "shop": null, "leisure": null, "tourism": null, "office": null, "public_transport": null, "healthcare": null, "craft": null, "stations_in_radius": "['CTC/Arena' '3rd St/Convention']", "stations_in_radius_dist_m": "[332.29 427.64]", "poi_cluster": "env", "index_right": 14, "centroid_id": 107, "dist_m": 43.378192625792828 }, "geometry": { "type": "Point", "coordinates": [ -80.8434927, 35.2274497 ] } },
{ "type": "Feature", "properties": { "osm_id": 11152109091, "name": null, "lat": 35.2275949, "lon": -80.8436662, "tags": { "amenity": "bicycle_parking", "bicycle_parking": "stands", "capacity": "4", "covered": "no" }, "amenity": "bicycle_parking", "shop": null, "leisure": null, "tourism": null, "office": null, "public_transport": null, "healthcare": null, "craft": null, "stations_in_radius": "['CTC/Arena' '3rd St/Convention']", "stations_in_radius_dist_m": "[354.57 445.36]", "poi_cluster": "env", "index_right": 14, "centroid_id": 107, "dist_m": 65.869508168661682 }, "geometry": { "type": "Point", "coordinates": [ -80.8436662, 35.2275949 ] } },
{ "type": "Feature", "properties": { "osm_id": 11152109093, "name": null, "lat": 35.2275939, "lon": -80.8434079, "tags": { "amenity": "bicycle_parking", "bicycle_parking": "stands", "capacity": "2", "covered": "no" }, "amenity": "bicycle_parking", "shop": null, "leisure": null, "tourism": null, "office": null, "public_transport": null, "healthcare": null, "craft": null, "stations_in_radius": "['CTC/Arena' '3rd St/Convention']", "stations_in_radius_dist_m": "[341.28 442.95]", "poi_cluster": "env", "index_right": 14, "centroid_id": 107, "dist_m": 50.857423124907847 }, "geometry": { "type": "Point", "coordinates": [ -80.8434079, 35.2275939 ] } },
{ "type": "Feature", "properties": { "osm_id": 11152191605, "name": null, "lat": 35.2274653, "lon": -80.8425612, "tags": { "amenity": "bicycle_parking", "bicycle_parking": "wave", "capacity": "3", "covered": "partial" }, "amenity": "bicycle_parking", "shop": null, "leisure": null, "tourism": null, "office": null, "public_transport": null, "healthcare": null, "craft": null, "stations_in_radius": [ "CTC/Arena" ], "stations_in_radius_dist_m": [ 293.44 ], "poi_cluster": "env", "index_right": 14, "centroid_id": 107, "dist_m": 59.72691279655087 }, "geometry": { "type": "Point", "coordinates": [ -80.8425612, 35.2274653 ] } },
{ "type": "Feature", "properties": { "osm_id": 11152216961, "name": null, "lat": 35.2266715, "lon": -80.8437108, "tags": { "amenity": "bicycle_parking", "bicycle_parking": "wave", "capacity": "3", "covered": "no" }, "amenity": "bicycle_parking", "shop": null, "leisure": null, "tourism": null, "office": null, "public_transport": null, "healthcare": null, "craft": null, "stations_in_radius": "['CTC/Arena' '3rd St/Convention']", "stations_in_radius_dist_m": "[281.01 344.65]", "poi_cluster": "env", "index_right": 37, "centroid_id": 102, "dist_m": 50.090428631635852 }, "geometry": { "type": "Point", "coordinates": [ -80.8437108, 35.2266715 ] } },
{ "type": "Feature", "properties": { "osm_id": 11152216962, "name": null, "lat": 35.2266583, "lon": -80.843731, "tags": { "amenity": "bicycle_parking", "bicycle_parking": "wave", "capacity": "3", "covered": "no" }, "amenity": "bicycle_parking", "shop": null, "leisure": null, "tourism": null, "office": null, "public_transport": null, "healthcare": null, "craft": null, "stations_in_radius": "['CTC/Arena' '3rd St/Convention']", "stations_in_radius_dist_m": "[281.43 343.53]", "poi_cluster": "env", "index_right": 37, "centroid_id": 102, "dist_m": 47.876228645858241 }, "geometry": { "type": "Point", "coordinates": [ -80.843731, 35.2266583 ] } },
{ "type": "Feature", "properties": { "osm_id": 11152216963, "name": null, "lat": 35.2265804, "lon": -80.8438388, "tags": { "amenity": "bicycle_parking", "bicycle_parking": "wave", "capacity": "3", "covered": "no" }, "amenity": "bicycle_parking", "shop": null, "leisure": null, "tourism": null, "office": null, "public_transport": null, "healthcare": null, "craft": null, "stations_in_radius": "['CTC/Arena' '3rd St/Convention']", "stations_in_radius_dist_m": "[283.51 336.96]", "poi_cluster": "env", "index_right": 37, "centroid_id": 102, "dist_m": 36.190180422823708 }, "geometry": { "type": "Point", "coordinates": [ -80.8438388, 35.2265804 ] } },
{ "type": "Feature", "properties": { "osm_id": 11152216964, "name": null, "lat": 35.2265672, "lon": -80.843859, "tags": { "amenity": "bicycle_parking", "bicycle_parking": "wave", "capacity": "3", "covered": "no" }, "amenity": "bicycle_parking", "shop": null, "leisure": null, "tourism": null, "office": null, "public_transport": null, "healthcare": null, "craft": null, "stations_in_radius": "['CTC/Arena' '3rd St/Convention']", "stations_in_radius_dist_m": "[284.06 335.92]", "poi_cluster": "env", "index_right": 37, "centroid_id": 102, "dist_m": 34.135214971712507 }, "geometry": { "type": "Point", "coordinates": [ -80.843859, 35.2265672 ] } },
{ "type": "Feature", "properties": { "osm_id": 11152216965, "name": null, "lat": 35.2262498, "lon": -80.8443212, "tags": { "amenity": "bicycle_parking", "bicycle_parking": "stands", "capacity": "2" }, "amenity": "bicycle_parking", "shop": null, "leisure": null, "tourism": null, "office": null, "public_transport": null, "healthcare": null, "craft": null, "stations_in_radius": "['CTC/Arena' '3rd St/Convention']", "stations_in_radius_dist_m": "[300.6  314.45]", "poi_cluster": "env", "index_right": 37, "centroid_id": 102, "dist_m": 31.234256110554938 }, "geometry": { "type": "Point", "coordinates": [ -80.8443212, 35.2262498 ] } },
{ "type": "Feature", "properties": { "osm_id": 11152216966, "name": null, "lat": 35.2263632, "lon": -80.8444333, "tags": { "amenity": "bicycle_parking", "bicycle_parking": "stands", "capacity": "2" }, "amenity": "bicycle_parking", "shop": null, "leisure": null, "tourism": null, "office": null, "public_transport": null, "healthcare": null, "craft": null, "stations_in_radius": "['CTC/Arena' '3rd St/Convention']", "stations_in_radius_dist_m": "[315.52 329.92]", "poi_cluster": "env", "index_right": 37, "centroid_id": 102, "dist_m": 25.494103629347435 }, "geometry": { "type": "Point", "coordinates": [ -80.8444333, 35.2263632 ] } },
{ "type": "Feature", "properties": { "osm_id": 11152216967, "name": null, "lat": 35.2260899, "lon": -80.8445494, "tags": { "amenity": "bicycle_parking", "bicycle_parking": "stands", "capacity": "2" }, "amenity": "bicycle_parking", "shop": null, "leisure": null, "tourism": null, "office": null, "public_transport": null, "healthcare": null, "craft": null, "stations_in_radius": "['3rd St/Convention' 'CTC/Arena']", "stations_in_radius_dist_m": "[306.61 311.88]", "poi_cluster": "env", "index_right": 37, "centroid_id": 102, "dist_m": 55.983267009163363 }, "geometry": { "type": "Point", "coordinates": [ -80.8445494, 35.2260899 ] } },
{ "type": "Feature", "properties": { "osm_id": 11152216968, "name": null, "lat": 35.2261155, "lon": -80.8449039, "tags": { "amenity": "bicycle_parking", "bicycle_parking": "wave", "capacity": "7", "covered": "no" }, "amenity": "bicycle_parking", "shop": null, "leisure": null, "tourism": null, "office": null, "public_transport": null, "healthcare": null, "craft": null, "stations_in_radius": "['3rd St/Convention' 'CTC/Arena']", "stations_in_radius_dist_m": "[324.6  342.86]", "poi_cluster": "env", "index_right": 16, "centroid_id": 97, "dist_m": 67.191805979578021 }, "geometry": { "type": "Point", "coordinates": [ -80.8449039, 35.2261155 ] } },
{ "type": "Feature", "properties": { "osm_id": 11152216969, "name": null, "lat": 35.2257139, "lon": -80.8450825, "tags": { "amenity": "bicycle_parking", "bicycle_parking": "stands", "capacity": "2" }, "amenity": "bicycle_parking", "shop": null, "leisure": null, "tourism": null, "office": null, "public_transport": null, "healthcare": null, "craft": null, "stations_in_radius": "['3rd St/Convention' 'CTC/Arena']", "stations_in_radius_dist_m": "[297.18 345.22]", "poi_cluster": "env", "index_right": 16, "centroid_id": 97, "dist_m": 24.811340612633444 }, "geometry": { "type": "Point", "coordinates": [ -80.8450825, 35.2257139 ] } },
{ "type": "Feature", "properties": { "osm_id": 11152216970, "name": null, "lat": 35.2257042, "lon": -80.8451007, "tags": { "amenity": "waste_basket" }, "amenity": "waste_basket", "shop": null, "leisure": null, "tourism": null, "office": null, "public_transport": null, "healthcare": null, "craft": null, "stations_in_radius": "['3rd St/Convention' 'CTC/Arena']", "stations_in_radius_dist_m": "[297.37 346.59]", "poi_cluster": "env", "index_right": 16, "centroid_id": 97, "dist_m": 22.859830662208477 }, "geometry": { "type": "Point", "coordinates": [ -80.8451007, 35.225704199999988 ] } },
{ "type": "Feature", "properties": { "osm_id": 11152216971, "name": null, "lat": 35.225693, "lon": -80.8451178, "tags": { "amenity": "waste_basket" }, "amenity": "waste_basket", "shop": null, "leisure": null, "tourism": null, "office": null, "public_transport": null, "healthcare": null, "craft": null, "stations_in_radius": "['3rd St/Convention' 'CTC/Arena']", "stations_in_radius_dist_m": "[297.37 347.83]", "poi_cluster": "env", "index_right": 16, "centroid_id": 97, "dist_m": 20.940941871284448 }, "geometry": { "type": "Point", "coordinates": [ -80.8451178, 35.225693 ] } },
{ "type": "Feature", "properties": { "osm_id": 11152216972, "name": null, "lat": 35.2255275, "lon": -80.8453733, "tags": { "amenity": "bicycle_parking", "bicycle_parking": "stands", "capacity": "2" }, "amenity": "bicycle_parking", "shop": null, "leisure": null, "tourism": null, "office": null, "public_transport": null, "healthcare": null, "craft": null, "stations_in_radius": "['3rd St/Convention' 'CTC/Arena']", "stations_in_radius_dist_m": "[299.23 367.17]", "poi_cluster": "env", "index_right": 16, "centroid_id": 97, "dist_m": 11.075625528450981 }, "geometry": { "type": "Point", "coordinates": [ -80.8453733, 35.2255275 ] } },
{ "type": "Feature", "properties": { "osm_id": 11152216973, "name": null, "lat": 35.2255423, "lon": -80.8456286, "tags": { "access": "yes", "amenity": "bicycle_parking", "bicycle_parking": "stands", "capacity": "4", "covered": "no" }, "amenity": "bicycle_parking", "shop": null, "leisure": null, "tourism": null, "office": null, "public_transport": null, "healthcare": null, "craft": null, "stations_in_radius": "['3rd St/Convention' 'CTC/Arena']", "stations_in_radius_dist_m": "[317.11 390.38]", "poi_cluster": "env", "index_right": 16, "centroid_id": 97, "dist_m": 28.493908490456199 }, "geometry": { "type": "Point", "coordinates": [ -80.8456286, 35.2255423 ] } },
{ "type": "Feature", "properties": { "osm_id": 11152216975, "name": null, "lat": 35.2253318, "lon": -80.8459275, "tags": { "amenity": "bicycle_parking", "bicycle_parking": "stands", "capacity": "2" }, "amenity": "bicycle_parking", "shop": null, "leisure": null, "tourism": null, "office": null, "public_transport": null, "healthcare": null, "craft": null, "stations_in_radius": "['3rd St/Convention' 'CTC/Arena' 'Brooklyn Village']", "stations_in_radius_dist_m": "[323.35 414.55 446.75]", "poi_cluster": "env", "index_right": 138, "centroid_id": 93, "dist_m": 55.900736167188505 }, "geometry": { "type": "Point", "coordinates": [ -80.8459275, 35.2253318 ] } },
{ "type": "Feature", "properties": { "osm_id": 11152216987, "name": null, "lat": 35.2281525, "lon": -80.8415759, "tags": { "amenity": "bicycle_parking", "bicycle_parking": "stands", "capacity": "2", "covered": "partial" }, "amenity": "bicycle_parking", "shop": null, "leisure": null, "tourism": null, "office": null, "public_transport": null, "healthcare": null, "craft": null, "stations_in_radius": "['7th Street' 'CTC/Arena']", "stations_in_radius_dist_m": "[336.24 350.02]", "poi_cluster": "env", "index_right": 27, "centroid_id": 114, "dist_m": 41.702134133309002 }, "geometry": { "type": "Point", "coordinates": [ -80.8415759, 35.2281525 ] } },
{ "type": "Feature", "properties": { "osm_id": 11152216988, "name": null, "lat": 35.2282154, "lon": -80.8414905, "tags": { "amenity": "bicycle_parking", "bicycle_parking": "stands", "capacity": "2" }, "amenity": "bicycle_parking", "shop": null, "leisure": null, "tourism": null, "office": null, "public_transport": null, "healthcare": null, "craft": null, "stations_in_radius": "['7th Street' 'CTC/Arena']", "stations_in_radius_dist_m": "[331.11 356.71]", "poi_cluster": "env", "index_right": 27, "centroid_id": 114, "dist_m": 50.752003335522978 }, "geometry": { "type": "Point", "coordinates": [ -80.8414905, 35.2282154 ] } },
{ "type": "Feature", "properties": { "osm_id": 11152216989, "name": null, "lat": 35.2283337, "lon": -80.8416042, "tags": { "amenity": "bicycle_parking", "bicycle_parking": "stands", "capacity": "2" }, "amenity": "bicycle_parking", "shop": null, "leisure": null, "tourism": null, "office": null, "public_transport": null, "healthcare": null, "craft": null, "stations_in_radius": "['7th Street' 'CTC/Arena']", "stations_in_radius_dist_m": "[345.36 370.22]", "poi_cluster": "env", "index_right": 27, "centroid_id": 114, "dist_m": 46.765391983622308 }, "geometry": { "type": "Point", "coordinates": [ -80.8416042, 35.2283337 ] } },
{ "type": "Feature", "properties": { "osm_id": 11152216990, "name": null, "lat": 35.2283242, "lon": -80.8413256, "tags": { "amenity": "bicycle_parking", "bicycle_parking": "stands", "capacity": "2" }, "amenity": "bicycle_parking", "shop": null, "leisure": null, "tourism": null, "office": null, "public_transport": null, "healthcare": null, "craft": null, "stations_in_radius": "['7th Street' 'CTC/Arena']", "stations_in_radius_dist_m": "[321.41 368.7 ]", "poi_cluster": "env", "index_right": 106, "centroid_id": 119, "dist_m": 61.335352691880118 }, "geometry": { "type": "Point", "coordinates": [ -80.8413256, 35.2283242 ] } },
{ "type": "Feature", "properties": { "osm_id": 11152216991, "name": null, "lat": 35.2285142, "lon": -80.8413478, "tags": { "amenity": "bicycle_parking", "bicycle_parking": "stands", "capacity": "2" }, "amenity": "bicycle_parking", "shop": null, "leisure": null, "tourism": null, "office": null, "public_transport": null, "healthcare": null, "craft": null, "stations_in_radius": "['7th Street' 'CTC/Arena']", "stations_in_radius_dist_m": "[331.83 389.75]", "poi_cluster": "env", "index_right": 106, "centroid_id": 119, "dist_m": 47.607827316835042 }, "geometry": { "type": "Point", "coordinates": [ -80.8413478, 35.2285142 ] } },
{ "type": "Feature", "properties": { "osm_id": 11152216992, "name": null, "lat": 35.2288952, "lon": -80.8405278, "tags": { "amenity": "bicycle_parking", "bicycle_parking": "stands", "capacity": "2" }, "amenity": "bicycle_parking", "shop": null, "leisure": null, "tourism": null, "office": null, "public_transport": null, "healthcare": null, "craft": null, "stations_in_radius": "['7th Street' 'CTC/Arena']", "stations_in_radius_dist_m": "[291.45 439.05]", "poi_cluster": "env", "index_right": 106, "centroid_id": 119, "dist_m": 38.992807023744732 }, "geometry": { "type": "Point", "coordinates": [ -80.8405278, 35.2288952 ] } },
{ "type": "Feature", "properties": { "osm_id": 11152216993, "name": null, "lat": 35.2289196, "lon": -80.8404956, "tags": { "amenity": "bicycle_parking", "bicycle_parking": "stands", "capacity": "2" }, "amenity": "bicycle_parking", "shop": null, "leisure": null, "tourism": null, "office": null, "public_transport": null, "healthcare": null, "craft": null, "stations_in_radius": [ "7th Street" ], "stations_in_radius_dist_m": [ 290.95 ], "poi_cluster": "env", "index_right": 106, "centroid_id": 119, "dist_m": 42.714934058717738 }, "geometry": { "type": "Point", "coordinates": [ -80.8404956, 35.2289196 ] } },
{ "type": "Feature", "properties": { "osm_id": 11152216994, "name": null, "lat": 35.2289634, "lon": -80.8407064, "tags": { "amenity": "bicycle_parking", "bicycle_parking": "stands", "capacity": "4", "covered": "yes" }, "amenity": "bicycle_parking", "shop": null, "leisure": null, "tourism": null, "office": null, "public_transport": null, "healthcare": null, "craft": null, "stations_in_radius": "['7th Street' 'CTC/Arena']", "stations_in_radius_dist_m": "[308.83 443.92]", "poi_cluster": "env", "index_right": 106, "centroid_id": 119, "dist_m": 29.386395784821058 }, "geometry": { "type": "Point", "coordinates": [ -80.8407064, 35.2289634 ] } },
{ "type": "Feature", "properties": { "osm_id": 11152269313, "name": null, "lat": 35.2269591, "lon": -80.8429292, "tags": { "amenity": "bicycle_parking", "bicycle_parking": "wave", "capacity": "3", "covered": "no" }, "amenity": "bicycle_parking", "shop": null, "leisure": null, "tourism": null, "office": null, "public_transport": null, "healthcare": null, "craft": null, "stations_in_radius": "['CTC/Arena' '3rd St/Convention']", "stations_in_radius_dist_m": "[258.5  371.61]", "poi_cluster": "env", "index_right": 14, "centroid_id": 107, "dist_m": 32.001765299061837 }, "geometry": { "type": "Point", "coordinates": [ -80.8429292, 35.2269591 ] } },
{ "type": "Feature", "properties": { "osm_id": 11152269314, "name": null, "lat": 35.2269735, "lon": -80.8429448, "tags": { "amenity": "bench" }, "amenity": "bench", "shop": null, "leisure": null, "tourism": null, "office": null, "public_transport": null, "healthcare": null, "craft": null, "stations_in_radius": "['CTC/Arena' '3rd St/Convention']", "stations_in_radius_dist_m": "[260.61 373.16]", "poi_cluster": "env", "index_right": 14, "centroid_id": 107, "dist_m": 29.881498685989762 }, "geometry": { "type": "Point", "coordinates": [ -80.8429448, 35.2269735 ] } },
{ "type": "Feature", "properties": { "osm_id": 11152269315, "name": null, "lat": 35.2269196, "lon": -80.8428864, "tags": { "amenity": "bench" }, "amenity": "bench", "shop": null, "leisure": null, "tourism": null, "office": null, "public_transport": null, "healthcare": null, "craft": null, "stations_in_radius": "['CTC/Arena' '3rd St/Convention']", "stations_in_radius_dist_m": "[252.71 367.38]", "poi_cluster": "env", "index_right": 14, "centroid_id": 107, "dist_m": 37.827721217010897 }, "geometry": { "type": "Point", "coordinates": [ -80.8428864, 35.2269196 ] } },
{ "type": "Feature", "properties": { "osm_id": 11152269316, "name": null, "lat": 35.2268632, "lon": -80.8428213, "tags": { "amenity": "bench" }, "amenity": "bench", "shop": null, "leisure": null, "tourism": null, "office": null, "public_transport": null, "healthcare": null, "craft": null, "stations_in_radius": "['CTC/Arena' '3rd St/Convention']", "stations_in_radius_dist_m": "[244.26 361.44]", "poi_cluster": "env", "index_right": 14, "centroid_id": 107, "dist_m": 46.380657603696683 }, "geometry": { "type": "Point", "coordinates": [ -80.8428213, 35.2268632 ] } },
{ "type": "Feature", "properties": { "osm_id": 11152269317, "name": null, "lat": 35.2268339, "lon": -80.8427906, "tags": { "amenity": "bench" }, "amenity": "bench", "shop": null, "leisure": null, "tourism": null, "office": null, "public_transport": null, "healthcare": null, "craft": null, "stations_in_radius": "['CTC/Arena' '3rd St/Convention' '7th Street']", "stations_in_radius_dist_m": "[240.02 358.37 432.6 ]", "poi_cluster": "env", "index_right": 14, "centroid_id": 107, "dist_m": 50.658771729440915 }, "geometry": { "type": "Point", "coordinates": [ -80.8427906, 35.2268339 ] } },
{ "type": "Feature", "properties": { "osm_id": 11152269318, "name": null, "lat": 35.2268014, "lon": -80.8427498, "tags": { "amenity": "bench" }, "amenity": "bench", "shop": null, "leisure": null, "tourism": null, "office": null, "public_transport": null, "healthcare": null, "craft": null, "stations_in_radius": "['CTC/Arena' '3rd St/Convention' '7th Street']", "stations_in_radius_dist_m": "[235.   355.05 429.29]", "poi_cluster": "env", "index_right": 14, "centroid_id": 107, "dist_m": 55.783824205616234 }, "geometry": { "type": "Point", "coordinates": [ -80.8427498, 35.2268014 ] } },
{ "type": "Feature", "properties": { "osm_id": 11152269319, "name": null, "lat": 35.2267767, "lon": -80.8427221, "tags": { "amenity": "bench" }, "amenity": "bench", "shop": null, "leisure": null, "tourism": null, "office": null, "public_transport": null, "healthcare": null, "craft": null, "stations_in_radius": "['CTC/Arena' '3rd St/Convention' '7th Street']", "stations_in_radius_dist_m": "[231.34 352.53 427.09]", "poi_cluster": "env", "index_right": 14, "centroid_id": 107, "dist_m": 59.496435960494864 }, "geometry": { "type": "Point", "coordinates": [ -80.8427221, 35.2267767 ] } },
{ "type": "Feature", "properties": { "osm_id": 11152269320, "name": null, "lat": 35.2268862, "lon": -80.842583, "tags": { "amenity": "bench" }, "amenity": "bench", "shop": null, "leisure": null, "tourism": null, "office": null, "public_transport": null, "healthcare": null, "craft": null, "stations_in_radius": "['CTC/Arena' '3rd St/Convention' '7th Street']", "stations_in_radius_dist_m": "[235.67 365.92 413.25]", "poi_cluster": "env", "index_right": 14, "centroid_id": 107, "dist_m": 60.47101536044331 }, "geometry": { "type": "Point", "coordinates": [ -80.842583, 35.2268862 ] } },
{ "type": "Feature", "properties": { "osm_id": 11152269321, "name": null, "lat": 35.226948, "lon": -80.8426535, "tags": { "amenity": "bench" }, "amenity": "bench", "shop": null, "leisure": null, "tourism": null, "office": null, "public_transport": null, "healthcare": null, "craft": null, "stations_in_radius": "['CTC/Arena' '3rd St/Convention' '7th Street']", "stations_in_radius_dist_m": "[244.73 372.03 419.09]", "poi_cluster": "env", "index_right": 14, "centroid_id": 107, "dist_m": 51.335593269404313 }, "geometry": { "type": "Point", "coordinates": [ -80.8426535, 35.226948 ] } },
{ "type": "Feature", "properties": { "osm_id": 11152269322, "name": null, "lat": 35.2269097, "lon": -80.8426112, "tags": { "amenity": "bench" }, "amenity": "bench", "shop": null, "leisure": null, "tourism": null, "office": null, "public_transport": null, "healthcare": null, "craft": null, "stations_in_radius": "['CTC/Arena' '3rd St/Convention' '7th Street']", "stations_in_radius_dist_m": "[239.17 368.21 415.58]", "poi_cluster": "env", "index_right": 14, "centroid_id": 107, "dist_m": 56.882425290252499 }, "geometry": { "type": "Point", "coordinates": [ -80.8426112, 35.2269097 ] } },
{ "type": "Feature", "properties": { "osm_id": 11152269323, "name": null, "lat": 35.2270089, "lon": -80.8427241, "tags": { "amenity": "bench" }, "amenity": "bench", "shop": null, "leisure": null, "tourism": null, "office": null, "public_transport": null, "healthcare": null, "craft": null, "stations_in_radius": "['CTC/Arena' '3rd St/Convention']", "stations_in_radius_dist_m": "[253.72 378.18]", "poi_cluster": "env", "index_right": 14, "centroid_id": 107, "dist_m": 42.351719377680134 }, "geometry": { "type": "Point", "coordinates": [ -80.8427241, 35.2270089 ] } },
{ "type": "Feature", "properties": { "osm_id": 11152269324, "name": null, "lat": 35.226969, "lon": -80.8426807, "tags": { "amenity": "bench" }, "amenity": "bench", "shop": null, "leisure": null, "tourism": null, "office": null, "public_transport": null, "healthcare": null, "craft": null, "stations_in_radius": "['CTC/Arena' '3rd St/Convention']", "stations_in_radius_dist_m": "[247.95 374.11]", "poi_cluster": "env", "index_right": 14, "centroid_id": 107, "dist_m": 48.001879099780069 }, "geometry": { "type": "Point", "coordinates": [ -80.8426807, 35.226969 ] } },
{ "type": "Feature", "properties": { "osm_id": 11152269325, "name": null, "lat": 35.2268924, "lon": -80.8428541, "tags": { "amenity": "bicycle_parking", "bicycle_parking": "wave", "capacity": "3", "covered": "no" }, "amenity": "bicycle_parking", "shop": null, "leisure": null, "tourism": null, "office": null, "public_transport": null, "healthcare": null, "craft": null, "stations_in_radius": "['CTC/Arena' '3rd St/Convention']", "stations_in_radius_dist_m": "[248.59 364.5 ]", "poi_cluster": "env", "index_right": 14, "centroid_id": 107, "dist_m": 41.998462439862479 }, "geometry": { "type": "Point", "coordinates": [ -80.8428541, 35.2268924 ] } },
{ "type": "Feature", "properties": { "osm_id": 11152269326, "name": null, "lat": 35.2268521, "lon": -80.8428042, "tags": { "amenity": "bicycle_parking", "bicycle_parking": "wave", "capacity": "3", "covered": "no" }, "amenity": "bicycle_parking", "shop": null, "leisure": null, "tourism": null, "office": null, "public_transport": null, "healthcare": null, "craft": null, "stations_in_radius": "['CTC/Arena' '3rd St/Convention' '7th Street']", "stations_in_radius_dist_m": "[242.39 360.3  433.64]", "poi_cluster": "env", "index_right": 14, "centroid_id": 107, "dist_m": 48.304835977028972 }, "geometry": { "type": "Point", "coordinates": [ -80.8428042, 35.2268521 ] } },
{ "type": "Feature", "properties": { "osm_id": 11152269327, "name": null, "lat": 35.2264539, "lon": -80.8420893, "tags": { "amenity": "bicycle_parking", "bicycle_parking": "stands", "capacity": "2", "covered": "no" }, "amenity": "bicycle_parking", "shop": null, "leisure": null, "tourism": null, "office": null, "public_transport": null, "healthcare": null, "craft": null, "stations_in_radius": "['CTC/Arena' '3rd St/Convention' '7th Street']", "stations_in_radius_dist_m": "[173.34 327.53 376.38]", "poi_cluster": "env", "index_right": 19, "centroid_id": 113, "dist_m": 18.57355639197996 }, "geometry": { "type": "Point", "coordinates": [ -80.8420893, 35.226453899999989 ] } },
{ "type": "Feature", "properties": { "osm_id": 11152269328, "name": null, "lat": 35.2248199, "lon": -80.8401237, "tags": { "amenity": "bicycle_parking", "bicycle_parking": "wave", "capacity": "5", "covered": "no" }, "amenity": "bicycle_parking", "shop": null, "leisure": null, "tourism": null, "office": null, "public_transport": null, "healthcare": null, "craft": null, "stations_in_radius": "['CTC/Arena' '3rd St/Convention' '7th Street']", "stations_in_radius_dist_m": "[116.95 299.01 325.75]", "poi_cluster": "env", "index_right": 79, "centroid_id": 122, "dist_m": 36.922092470725907 }, "geometry": { "type": "Point", "coordinates": [ -80.8401237, 35.2248199 ] } },
{ "type": "Feature", "properties": { "osm_id": 11152269329, "name": null, "lat": 35.2244413, "lon": -80.8400763, "tags": { "amenity": "bicycle_parking", "bicycle_parking": "wave", "capacity": "5", "covered": "no" }, "amenity": "bicycle_parking", "shop": null, "leisure": null, "tourism": null, "office": null, "public_transport": null, "healthcare": null, "craft": null, "stations_in_radius": "['CTC/Arena' '3rd St/Convention' '7th Street']", "stations_in_radius_dist_m": "[134.65 286.75 358.65]", "poi_cluster": "env", "index_right": 79, "centroid_id": 122, "dist_m": 6.0781611994886928 }, "geometry": { "type": "Point", "coordinates": [ -80.8400763, 35.2244413 ] } },
{ "type": "Feature", "properties": { "osm_id": 11152269330, "name": null, "lat": 35.2228016, "lon": -80.8376535, "tags": { "amenity": "bicycle_parking", "bicycle_parking": "wave", "capacity": "5", "covered": "no" }, "amenity": "bicycle_parking", "shop": null, "leisure": null, "tourism": null, "office": null, "public_transport": null, "healthcare": null, "craft": null, "stations_in_radius": "['CTC/Arena' '7th Street']", "stations_in_radius_dist_m": "[418.4 491.4]", "poi_cluster": "env", "index_right": 13, "centroid_id": 134, "dist_m": 26.751353288036995 }, "geometry": { "type": "Point", "coordinates": [ -80.8376535, 35.2228016 ] } },
{ "type": "Feature", "properties": { "osm_id": 11203593737, "name": null, "lat": 35.2263857, "lon": -80.8379289, "tags": { "access": "yes", "amenity": "bicycle_parking", "bicycle_parking": "stands", "capacity": "4", "covered": "partial", "foot_traffic": "low" }, "amenity": "bicycle_parking", "shop": null, "leisure": null, "tourism": null, "office": null, "public_transport": null, "healthcare": null, "craft": null, "stations_in_radius": "['7th Street' 'CTC/Arena' '9th Street']", "stations_in_radius_dist_m": "[ 93.29 350.45 454.02]", "poi_cluster": "env", "index_right": 61, "centroid_id": 136, "dist_m": 44.65539475695855 }, "geometry": { "type": "Point", "coordinates": [ -80.8379289, 35.2263857 ] } },
{ "type": "Feature", "properties": { "osm_id": 11203595537, "name": null, "lat": 35.2265801, "lon": -80.8385145, "tags": { "access": "yes", "amenity": "bicycle_parking", "bicycle_parking": "wave", "capacity": "17", "covered": "yes", "foot_traffic": "low" }, "amenity": "bicycle_parking", "shop": null, "leisure": null, "tourism": null, "office": null, "public_transport": null, "healthcare": null, "craft": null, "stations_in_radius": "['7th Street' 'CTC/Arena']", "stations_in_radius_dist_m": "[ 82.14 314.93]", "poi_cluster": "env", "index_right": 161, "centroid_id": 133, "dist_m": 82.497803445427081 }, "geometry": { "type": "Point", "coordinates": [ -80.8385145, 35.2265801 ] } },
{ "type": "Feature", "properties": { "osm_id": 11203596437, "name": null, "lat": 35.2269884, "lon": -80.8384122, "tags": { "access": "yes", "amenity": "bicycle_parking", "bicycle_parking": "stands", "capacity": "10", "covered": "no", "foot_traffic": "high" }, "amenity": "bicycle_parking", "shop": null, "leisure": null, "tourism": null, "office": null, "public_transport": null, "healthcare": null, "craft": null, "stations_in_radius": "['7th Street' 'CTC/Arena' '9th Street']", "stations_in_radius_dist_m": "[ 41.07 349.37 432.25]", "poi_cluster": "env", "index_right": 61, "centroid_id": 136, "dist_m": 124.6247708318237 }, "geometry": { "type": "Point", "coordinates": [ -80.8384122, 35.2269884 ] } },
{ "type": "Feature", "properties": { "osm_id": 11203657637, "name": null, "lat": 35.2247118, "lon": -80.8407667, "tags": { "access": "yes", "amenity": "bicycle_parking", "bicycle_parking": "wave", "capacity": "5", "covered": "yes", "description": "Bolts have come loose, unsafe to use", "foot_traffic": "high" }, "amenity": "bicycle_parking", "shop": null, "leisure": null, "tourism": null, "office": null, "public_transport": null, "healthcare": null, "craft": null, "stations_in_radius": "['CTC/Arena' '3rd St/Convention']", "stations_in_radius_dist_m": "[ 65.11 241.84]", "poi_cluster": "env", "index_right": 79, "centroid_id": 122, "dist_m": 64.496035999720135 }, "geometry": { "type": "Point", "coordinates": [ -80.8407667, 35.2247118 ] } },
{ "type": "Feature", "properties": { "osm_id": 11203661437, "name": null, "lat": 35.2242002, "lon": -80.8413544, "tags": { "access": "yes", "amenity": "bicycle_parking", "bicycle_parking": "wave", "capacity": "8", "covered": "yes", "foot_traffic": "high" }, "amenity": "bicycle_parking", "shop": null, "leisure": null, "tourism": null, "office": null, "public_transport": null, "healthcare": null, "craft": null, "stations_in_radius": "['CTC/Arena' '3rd St/Convention']", "stations_in_radius_dist_m": "[ 88.76 168.45]", "poi_cluster": "env", "index_right": 53, "centroid_id": 117, "dist_m": 44.901411686687602 }, "geometry": { "type": "Point", "coordinates": [ -80.8413544, 35.2242002 ] } },
{ "type": "Feature", "properties": { "osm_id": 11208922238, "name": null, "lat": 35.2250945, "lon": -80.8433138, "tags": { "access": "yes", "amenity": "bicycle_parking", "bicycle_parking": "stands", "capacity": "8", "covered": "no", "foot_traffic": "medium", "indoor": "no" }, "amenity": "bicycle_parking", "shop": null, "leisure": null, "tourism": null, "office": null, "public_transport": null, "healthcare": null, "craft": null, "stations_in_radius": "['3rd St/Convention' 'CTC/Arena']", "stations_in_radius_dist_m": "[166.24 175.38]", "poi_cluster": "env", "index_right": 76, "centroid_id": 106, "dist_m": 36.934424685773088 }, "geometry": { "type": "Point", "coordinates": [ -80.8433138, 35.2250945 ] } },
{ "type": "Feature", "properties": { "osm_id": 11208933137, "name": null, "lat": 35.2241532, "lon": -80.8451672, "tags": { "access": "yes", "amenity": "bicycle_parking", "bicycle_parking": "stands", "capacity": "2", "covered": "partial", "foot_traffic": "medium", "indoor": "no" }, "amenity": "bicycle_parking", "shop": null, "leisure": null, "tourism": null, "office": null, "public_transport": null, "healthcare": null, "craft": null, "stations_in_radius": "['3rd St/Convention' 'Brooklyn Village' 'CTC/Arena']", "stations_in_radius_dist_m": "[201.   346.31 356.33]", "poi_cluster": "env", "index_right": 25, "centroid_id": 96, "dist_m": 19.453232143032416 }, "geometry": { "type": "Point", "coordinates": [ -80.8451672, 35.2241532 ] } },
{ "type": "Feature", "properties": { "osm_id": 11208933138, "name": null, "lat": 35.226995, "lon": -80.8410938, "tags": { "access": "yes", "amenity": "bicycle_parking", "bicycle_parking": "stands", "capacity": "6", "covered": "no", "foot_traffic": "medium", "indoor": "no" }, "amenity": "bicycle_parking", "shop": null, "leisure": null, "tourism": null, "office": null, "public_transport": null, "healthcare": null, "craft": null, "stations_in_radius": "['CTC/Arena' '7th Street' '3rd St/Convention']", "stations_in_radius_dist_m": "[222.88 277.2  415.86]", "poi_cluster": "env", "index_right": 11, "centroid_id": 118, "dist_m": 14.998666343313666 }, "geometry": { "type": "Point", "coordinates": [ -80.8410938, 35.226995 ] } },
{ "type": "Feature", "properties": { "osm_id": 11208935637, "name": null, "lat": 35.2249467, "lon": -80.8436637, "tags": { "access": "yes", "amenity": "bicycle_parking", "bicycle_parking": "stands", "capacity": "8", "covered": "no", "foot_traffic": "medium", "indoor": "no" }, "amenity": "bicycle_parking", "shop": null, "leisure": null, "tourism": null, "office": null, "public_transport": null, "healthcare": null, "craft": null, "stations_in_radius": "['3rd St/Convention' 'CTC/Arena' 'Brooklyn Village']", "stations_in_radius_dist_m": "[158.09 206.99 494.45]", "poi_cluster": "env", "index_right": 9, "centroid_id": 101, "dist_m": 57.717944566956021 }, "geometry": { "type": "Point", "coordinates": [ -80.8436637, 35.2249467 ] } },
{ "type": "Feature", "properties": { "osm_id": 11208935638, "name": null, "lat": 35.2269286, "lon": -80.8406392, "tags": { "access": "yes", "amenity": "bicycle_parking", "bicycle_parking": "stands", "capacity": "2", "covered": "no", "foot_traffic": "medium", "indoor": "no" }, "amenity": "bicycle_parking", "shop": null, "leisure": null, "tourism": null, "office": null, "public_transport": null, "healthcare": null, "craft": null, "stations_in_radius": "['CTC/Arena' '7th Street' '3rd St/Convention']", "stations_in_radius_dist_m": "[224.53 236.92 428.93]", "poi_cluster": "env", "index_right": 11, "centroid_id": 118, "dist_m": 27.027650164837819 }, "geometry": { "type": "Point", "coordinates": [ -80.8406392, 35.2269286 ] } },
{ "type": "Feature", "properties": { "osm_id": 11208935639, "name": null, "lat": 35.2277559, "lon": -80.8399744, "tags": { "access": "yes", "amenity": "bicycle_parking", "bicycle_parking": "stands", "capacity": "2" }, "amenity": "bicycle_parking", "shop": null, "leisure": null, "tourism": null, "office": null, "public_transport": null, "healthcare": null, "craft": null, "stations_in_radius": "['7th Street' 'CTC/Arena' '9th Street']", "stations_in_radius_dist_m": "[184.07 331.67 501.38]", "poi_cluster": "env", "index_right": 18, "centroid_id": 123, "dist_m": 17.989997494067502 }, "geometry": { "type": "Point", "coordinates": [ -80.8399744, 35.2277559 ] } },
{ "type": "Feature", "properties": { "osm_id": 11208964537, "name": null, "lat": 35.2277894, "lon": -80.8395865, "tags": { "access": "yes", "amenity": "bicycle_parking", "bicycle_parking": "rack", "capacity": "2", "covered": "no", "foot_traffic": "medium", "indoor": "no" }, "amenity": "bicycle_parking", "shop": null, "leisure": null, "tourism": null, "office": null, "public_transport": null, "healthcare": null, "craft": null, "stations_in_radius": "['7th Street' 'CTC/Arena' '9th Street']", "stations_in_radius_dist_m": "[152.59 350.19 468.06]", "poi_cluster": "env", "index_right": 18, "centroid_id": 123, "dist_m": 23.955598368061178 }, "geometry": { "type": "Point", "coordinates": [ -80.83958650000001, 35.2277894 ] } },
{ "type": "Feature", "properties": { "osm_id": 11226011119, "name": null, "lat": 35.2259734, "lon": -80.8455839, "tags": { "access": "yes", "amenity": "bicycle_parking", "bicycle_parking": "stands", "capacity": "2", "covered": "yes" }, "amenity": "bicycle_parking", "shop": null, "leisure": null, "tourism": null, "office": null, "public_transport": null, "healthcare": null, "craft": null, "stations_in_radius": "['3rd St/Convention' 'CTC/Arena']", "stations_in_radius_dist_m": "[348.5  396.62]", "poi_cluster": "env", "index_right": 16, "centroid_id": 97, "dist_m": 45.375552352764288 }, "geometry": { "type": "Point", "coordinates": [ -80.8455839, 35.2259734 ] } },
{ "type": "Feature", "properties": { "osm_id": 11226011120, "name": null, "lat": 35.2260596, "lon": -80.8456815, "tags": { "access": "yes", "amenity": "bicycle_parking", "bicycle_parking": "stands", "capacity": "2", "covered": "yes" }, "amenity": "bicycle_parking", "shop": null, "leisure": null, "tourism": null, "office": null, "public_transport": null, "healthcare": null, "craft": null, "stations_in_radius": "['3rd St/Convention' 'CTC/Arena']", "stations_in_radius_dist_m": "[361.54 407.83]", "poi_cluster": "env", "index_right": 16, "centroid_id": 97, "dist_m": 58.189109219312876 }, "geometry": { "type": "Point", "coordinates": [ -80.8456815, 35.2260596 ] } },
{ "type": "Feature", "properties": { "osm_id": 11226011121, "name": null, "lat": 35.2261249, "lon": -80.8457581, "tags": { "access": "yes", "amenity": "bicycle_parking", "bicycle_parking": "stands", "capacity": "2", "covered": "yes" }, "amenity": "bicycle_parking", "shop": null, "leisure": null, "tourism": null, "office": null, "public_transport": null, "healthcare": null, "craft": null, "stations_in_radius": "['3rd St/Convention' 'CTC/Arena']", "stations_in_radius_dist_m": "[371.58 416.62]", "poi_cluster": "env", "index_right": 16, "centroid_id": 97, "dist_m": 68.093740929784275 }, "geometry": { "type": "Point", "coordinates": [ -80.8457581, 35.2261249 ] } },
{ "type": "Feature", "properties": { "osm_id": 11226011122, "name": null, "lat": 35.2263482, "lon": -80.8460224, "tags": { "access": "yes", "amenity": "bicycle_parking", "bicycle_parking": "stands", "capacity": "2", "covered": "no" }, "amenity": "bicycle_parking", "shop": null, "leisure": null, "tourism": null, "office": null, "public_transport": null, "healthcare": null, "craft": null, "stations_in_radius": "['3rd St/Convention' 'CTC/Arena']", "stations_in_radius_dist_m": "[406.07 447.28]", "poi_cluster": "env", "index_right": 130, "centroid_id": 94, "dist_m": 41.725859914344014 }, "geometry": { "type": "Point", "coordinates": [ -80.8460224, 35.2263482 ] } },
{ "type": "Feature", "properties": { "osm_id": 11226011127, "name": null, "lat": 35.229202, "lon": -80.8455479, "tags": { "access": "yes", "amenity": "bicycle_parking", "bicycle_parking": "stands", "capacity": "6", "covered": "no" }, "amenity": "bicycle_parking", "shop": null, "leisure": null, "tourism": null, "office": null, "public_transport": null, "healthcare": null, "craft": null, "stations_in_radius": [ "CTC/Arena" ], "stations_in_radius_dist_m": [ 600.27 ], "poi_cluster": "env", "index_right": 20, "centroid_id": 99, "dist_m": 50.49308413034651 }, "geometry": { "type": "Point", "coordinates": [ -80.8455479, 35.229202 ] } },
{ "type": "Feature", "properties": { "osm_id": 11226011128, "name": null, "lat": 35.2290582, "lon": -80.84538, "tags": { "access": "yes", "amenity": "bicycle_parking", "bicycle_parking": "stands", "capacity": "6", "covered": "no" }, "amenity": "bicycle_parking", "shop": null, "leisure": null, "tourism": null, "office": null, "public_transport": null, "healthcare": null, "craft": null, "stations_in_radius": [ "CTC/Arena" ], "stations_in_radius_dist_m": [ 578.26 ], "poi_cluster": "env", "index_right": 20, "centroid_id": 99, "dist_m": 30.722803060858261 }, "geometry": { "type": "Point", "coordinates": [ -80.84538, 35.2290582 ] } },
{ "type": "Feature", "properties": { "osm_id": 11226018567, "name": null, "lat": 35.2284317, "lon": -80.8447152, "tags": { "access": "yes", "amenity": "bicycle_parking", "bicycle_parking": "stands", "capacity": "8", "covered": "no" }, "amenity": "bicycle_parking", "shop": null, "leisure": null, "tourism": null, "office": null, "public_transport": null, "healthcare": null, "craft": null, "stations_in_radius": [ "CTC/Arena" ], "stations_in_radius_dist_m": [ 486.21 ], "poi_cluster": "env", "index_right": 29, "centroid_id": 103, "dist_m": 57.735494413571352 }, "geometry": { "type": "Point", "coordinates": [ -80.8447152, 35.2284317 ] } },
{ "type": "Feature", "properties": { "osm_id": 11226018568, "name": null, "lat": 35.2278331, "lon": -80.8439425, "tags": { "amenity": "bicycle_parking", "bicycle_parking": "stands", "capacity": "2", "covered": "no" }, "amenity": "bicycle_parking", "shop": null, "leisure": null, "tourism": null, "office": null, "public_transport": null, "healthcare": null, "craft": null, "stations_in_radius": "['CTC/Arena' '3rd St/Convention']", "stations_in_radius_dist_m": "[390.73 475.18]", "poi_cluster": "env", "index_right": 29, "centroid_id": 103, "dist_m": 39.258502818766914 }, "geometry": { "type": "Point", "coordinates": [ -80.8439425, 35.2278331 ] } },
{ "type": "Feature", "properties": { "osm_id": 11258693637, "name": null, "lat": 35.2274432, "lon": -80.8390869, "tags": { "access": "yes", "amenity": "bicycle_parking", "bicycle_parking": "stands", "capacity": "2", "covered": "partial", "foot_traffic": "medium", "indoor": "no" }, "amenity": "bicycle_parking", "shop": null, "leisure": null, "tourism": null, "office": null, "public_transport": null, "healthcare": null, "craft": null, "stations_in_radius": "['7th Street' 'CTC/Arena' '9th Street']", "stations_in_radius_dist_m": "[ 96.67 342.55 448.27]", "poi_cluster": "env", "index_right": 18, "centroid_id": 123, "dist_m": 82.544524276780649 }, "geometry": { "type": "Point", "coordinates": [ -80.8390869, 35.2274432 ] } },
{ "type": "Feature", "properties": { "osm_id": 11258695537, "name": null, "lat": 35.2270377, "lon": -80.8372281, "tags": { "access": "yes", "amenity": "bicycle_parking", "bicycle_parking": "bollard", "capacity": "6", "covered": "no", "foot_traffic": "low", "indoor": "no" }, "amenity": "bicycle_parking", "shop": null, "leisure": null, "tourism": null, "office": null, "public_transport": null, "healthcare": null, "craft": null, "stations_in_radius": "['7th Street' '9th Street' 'CTC/Arena']", "stations_in_radius_dist_m": "[ 78.36 358.16 441.03]", "poi_cluster": "env", "index_right": 95, "centroid_id": 144, "dist_m": 38.826690229182894 }, "geometry": { "type": "Point", "coordinates": [ -80.8372281, 35.2270377 ] } },
{ "type": "Feature", "properties": { "osm_id": 11258776337, "name": null, "lat": 35.2287751, "lon": -80.8427606, "tags": { "access": "yes", "amenity": "bicycle_parking", "bicycle_parking": "stands", "capacity": "2", "covered": "no", "foot_traffic": "low", "indoor": "no" }, "amenity": "bicycle_parking", "shop": null, "leisure": null, "tourism": null, "office": null, "public_transport": null, "healthcare": null, "craft": null, "stations_in_radius": [ "CTC/Arena" ], "stations_in_radius_dist_m": [ 436.84 ], "poi_cluster": "env", "index_right": 60, "centroid_id": 108, "dist_m": 41.55459709961535 }, "geometry": { "type": "Point", "coordinates": [ -80.8427606, 35.2287751 ] } },
{ "type": "Feature", "properties": { "osm_id": 11258776637, "name": null, "lat": 35.2283681, "lon": -80.8422744, "tags": { "access": "yes", "amenity": "bicycle_parking", "bicycle_parking": "stands", "capacity": "2", "covered": "no", "foot_traffic": "medium", "indoor": "no" }, "amenity": "bicycle_parking", "shop": null, "leisure": null, "tourism": null, "office": null, "public_transport": null, "healthcare": null, "craft": null, "stations_in_radius": [ "CTC/Arena" ], "stations_in_radius_dist_m": [ 382.1 ], "poi_cluster": "env", "index_right": 27, "centroid_id": 114, "dist_m": 37.498131130058482 }, "geometry": { "type": "Point", "coordinates": [ -80.8422744, 35.2283681 ] } },
{ "type": "Feature", "properties": { "osm_id": 11272669669, "name": null, "lat": 35.2266539, "lon": -80.8404972, "tags": { "access": "yes", "amenity": "bicycle_parking", "bicycle_parking": "wave", "capacity": "3", "covered": "no", "foot_traffic": "medium", "indoor": "no" }, "amenity": "bicycle_parking", "shop": null, "leisure": null, "tourism": null, "office": null, "public_transport": null, "healthcare": null, "craft": null, "stations_in_radius": "['CTC/Arena' '7th Street' '3rd St/Convention']", "stations_in_radius_dist_m": "[200.61 230.5  410.3 ]", "poi_cluster": "env", "index_right": 11, "centroid_id": 118, "dist_m": 52.728053624910636 }, "geometry": { "type": "Point", "coordinates": [ -80.8404972, 35.2266539 ] } },
{ "type": "Feature", "properties": { "osm_id": 11272670369, "name": null, "lat": 35.2264499, "lon": -80.8398991, "tags": { "access": "yes", "amenity": "bicycle_parking", "bicycle_parking": "wave", "capacity": "9", "covered": "yes", "foot_traffic": "low", "indoor": "no" }, "amenity": "bicycle_parking", "shop": null, "leisure": null, "tourism": null, "office": null, "public_transport": null, "healthcare": null, "craft": null, "stations_in_radius": "['7th Street' 'CTC/Arena' '3rd St/Convention']", "stations_in_radius_dist_m": "[187.89 210.39 426.53]", "poi_cluster": "env", "index_right": 11, "centroid_id": 118, "dist_m": 110.18194161125473 }, "geometry": { "type": "Point", "coordinates": [ -80.8398991, 35.2264499 ] } },
{ "type": "Feature", "properties": { "osm_id": 11310673269, "name": null, "lat": 35.2252266, "lon": -80.836628, "tags": { "access": "yes", "amenity": "bicycle_parking", "bicycle_parking": "stands", "bicycle_parking:count": "2", "capacity": "4", "covered": "no", "foot_traffic": "low", "indoor": "no" }, "amenity": "bicycle_parking", "shop": null, "leisure": null, "tourism": null, "office": null, "public_transport": null, "healthcare": null, "craft": null, "stations_in_radius": "['7th Street' 'CTC/Arena']", "stations_in_radius_dist_m": "[256.62 434.08]", "poi_cluster": "env", "index_right": 22, "centroid_id": 143, "dist_m": 24.382663473734105 }, "geometry": { "type": "Point", "coordinates": [ -80.836628, 35.2252266 ] } },
{ "type": "Feature", "properties": { "osm_id": 11378555369, "name": null, "lat": 35.2216614, "lon": -80.8391546, "tags": { "access": "yes", "amenity": "bicycle_parking", "bicycle_parking": "wave", "capacity": "9", "covered": "no", "foot_traffic": "medium", "indoor": "no" }, "amenity": "bicycle_parking", "shop": null, "leisure": null, "tourism": null, "office": null, "public_transport": null, "healthcare": null, "craft": null, "stations_in_radius": "['3rd St/Convention' 'CTC/Arena']", "stations_in_radius_dist_m": "[415.95 422.46]", "poi_cluster": "env", "index_right": 117, "centroid_id": 127, "dist_m": 40.291096116295023 }, "geometry": { "type": "Point", "coordinates": [ -80.8391546, 35.2216614 ] } },
{ "type": "Feature", "properties": { "osm_id": 11735127544, "name": null, "lat": 35.2244094, "lon": -80.8425091, "tags": { "access": "yes", "amenity": "bicycle_parking", "bicycle_parking": "wave", "capacity": "7", "covered": "yes" }, "amenity": "bicycle_parking", "shop": null, "leisure": null, "tourism": null, "office": null, "public_transport": null, "healthcare": null, "craft": null, "stations_in_radius": "['3rd St/Convention' 'CTC/Arena']", "stations_in_radius_dist_m": "[101.85 121.08]", "poi_cluster": "env", "index_right": 76, "centroid_id": 106, "dist_m": 122.95578930535039 }, "geometry": { "type": "Point", "coordinates": [ -80.8425091, 35.2244094 ] } },
{ "type": "Feature", "properties": { "osm_id": 11735127545, "name": null, "lat": 35.2245243, "lon": -80.8423591, "tags": { "access": "yes", "amenity": "bicycle_parking", "bicycle_parking": "rack", "covered": "yes" }, "amenity": "bicycle_parking", "shop": null, "leisure": null, "tourism": null, "office": null, "public_transport": null, "healthcare": null, "craft": null, "stations_in_radius": "['CTC/Arena' '3rd St/Convention']", "stations_in_radius_dist_m": "[102.76 119.79]", "poi_cluster": "env", "index_right": 76, "centroid_id": 106, "dist_m": 119.32332009530084 }, "geometry": { "type": "Point", "coordinates": [ -80.8423591, 35.2245243 ] } },
{ "type": "Feature", "properties": { "osm_id": 12499185801, "name": null, "lat": 35.2252174, "lon": -80.8401552, "tags": { "access": "yes", "amenity": "bicycle_parking", "bicycle_parking": "stands", "capacity": "2", "covered": "no", "indoor": "no" }, "amenity": "bicycle_parking", "shop": null, "leisure": null, "tourism": null, "office": null, "public_transport": null, "healthcare": null, "craft": null, "stations_in_radius": "['CTC/Arena' '7th Street' '3rd St/Convention']", "stations_in_radius_dist_m": "[114.93 292.71 318.83]", "poi_cluster": "env", "index_right": 79, "centroid_id": 122, "dist_m": 81.083214392092231 }, "geometry": { "type": "Point", "coordinates": [ -80.8401552, 35.2252174 ] } },
{ "type": "Feature", "properties": { "osm_id": 12499185901, "name": null, "lat": 35.2251276, "lon": -80.8401432, "tags": { "access": "yes", "amenity": "bicycle_parking", "bicycle_parking": "stands", "capacity": "2", "covered": "no", "indoor": "no" }, "amenity": "bicycle_parking", "shop": null, "leisure": null, "tourism": null, "office": null, "public_transport": null, "healthcare": null, "craft": null, "stations_in_radius": "['CTC/Arena' '7th Street' '3rd St/Convention']", "stations_in_radius_dist_m": "[114.34 299.64 314.3 ]", "poi_cluster": "env", "index_right": 79, "centroid_id": 122, "dist_m": 71.086500244076191 }, "geometry": { "type": "Point", "coordinates": [ -80.8401432, 35.2251276 ] } },
{ "type": "Feature", "properties": { "osm_id": 12513705318, "name": null, "lat": 35.2216207, "lon": -80.84303, "tags": { "amenity": "waste_basket" }, "amenity": "waste_basket", "shop": null, "leisure": null, "tourism": null, "office": null, "public_transport": null, "healthcare": null, "craft": null, "stations_in_radius": "['3rd St/Convention' 'Brooklyn Village' 'CTC/Arena']", "stations_in_radius_dist_m": "[220.63 356.75 403.39]", "poi_cluster": "env", "index_right": 97, "centroid_id": 110, "dist_m": 69.354510543186294 }, "geometry": { "type": "Point", "coordinates": [ -80.84303, 35.2216207 ] } },
{ "type": "Feature", "properties": { "osm_id": 12753184001, "name": null, "lat": 35.228073, "lon": -80.8402514, "tags": { "access": "yes", "amenity": "bicycle_parking", "bicycle_parking": "wave", "capacity": "17", "covered": "yes" }, "amenity": "bicycle_parking", "shop": null, "leisure": null, "tourism": null, "office": null, "public_transport": null, "healthcare": null, "craft": null, "stations_in_radius": "['7th Street' 'CTC/Arena']", "stations_in_radius_dist_m": "[220.71 356.2 ]", "poi_cluster": "env", "index_right": 18, "centroid_id": 123, "dist_m": 44.443467889423722 }, "geometry": { "type": "Point", "coordinates": [ -80.8402514, 35.228073 ] } },
{ "type": "Feature", "properties": { "osm_id": 12945631870, "name": null, "lat": 35.2273055, "lon": -80.8436789, "tags": { "amenity": "bench", "armrest": "yes", "backrest": "yes", "material": "wood" }, "amenity": "bench", "shop": null, "leisure": null, "tourism": null, "office": null, "public_transport": null, "healthcare": null, "craft": null, "stations_in_radius": "['CTC/Arena' '3rd St/Convention']", "stations_in_radius_dist_m": "[329.78 413.68]", "poi_cluster": "env", "index_right": 14, "centroid_id": 107, "dist_m": 51.425326030037958 }, "geometry": { "type": "Point", "coordinates": [ -80.8436789, 35.227305499999986 ] } },
{ "type": "Feature", "properties": { "osm_id": 12945631871, "name": null, "lat": 35.2272998, "lon": -80.8437, "tags": { "amenity": "bench", "armrest": "yes", "backrest": "yes", "material": "wood" }, "amenity": "bench", "shop": null, "leisure": null, "tourism": null, "office": null, "public_transport": null, "healthcare": null, "craft": null, "stations_in_radius": "['CTC/Arena' '3rd St/Convention']", "stations_in_radius_dist_m": "[330.51 413.32]", "poi_cluster": "env", "index_right": 14, "centroid_id": 107, "dist_m": 53.152922068956734 }, "geometry": { "type": "Point", "coordinates": [ -80.8437, 35.2272998 ] } },
{ "type": "Feature", "properties": { "osm_id": 12945631872, "name": null, "lat": 35.2271691, "lon": -80.8435997, "tags": { "amenity": "bench", "armrest": "yes", "backrest": "yes", "material": "wood" }, "amenity": "bench", "shop": null, "leisure": null, "tourism": null, "office": null, "public_transport": null, "healthcare": null, "craft": null, "stations_in_radius": "['CTC/Arena' '3rd St/Convention']", "stations_in_radius_dist_m": "[313.53 397.75]", "poi_cluster": "env", "index_right": 14, "centroid_id": 107, "dist_m": 42.873375412425254 }, "geometry": { "type": "Point", "coordinates": [ -80.8435997, 35.2271691 ] } },
{ "type": "Feature", "properties": { "osm_id": 12945631874, "name": null, "lat": 35.2272636, "lon": -80.8434692, "tags": { "amenity": "bench", "armrest": "yes", "backrest": "yes", "material": "wood" }, "amenity": "bench", "shop": null, "leisure": null, "tourism": null, "office": null, "public_transport": null, "healthcare": null, "craft": null, "stations_in_radius": "['CTC/Arena' '3rd St/Convention']", "stations_in_radius_dist_m": "[314.35 406.89]", "poi_cluster": "env", "index_right": 14, "centroid_id": 107, "dist_m": 31.785267472665563 }, "geometry": { "type": "Point", "coordinates": [ -80.8434692, 35.227263599999986 ] } },
{ "type": "Feature", "properties": { "osm_id": 12945631876, "name": null, "lat": 35.2271709, "lon": -80.8436161, "tags": { "amenity": "bench", "armrest": "yes", "backrest": "yes", "material": "wood" }, "amenity": "bench", "shop": null, "leisure": null, "tourism": null, "office": null, "public_transport": null, "healthcare": null, "craft": null, "stations_in_radius": "['CTC/Arena' '3rd St/Convention']", "stations_in_radius_dist_m": "[314.64 398.14]", "poi_cluster": "env", "index_right": 14, "centroid_id": 107, "dist_m": 44.349163186469454 }, "geometry": { "type": "Point", "coordinates": [ -80.8436161, 35.2271709 ] } },
{ "type": "Feature", "properties": { "osm_id": 12948708694, "name": null, "lat": 35.2273063, "lon": -80.8435696, "tags": { "amenity": "bench" }, "amenity": "bench", "shop": null, "leisure": null, "tourism": null, "office": null, "public_transport": null, "healthcare": null, "craft": null, "stations_in_radius": "['CTC/Arena' '3rd St/Convention']", "stations_in_radius_dist_m": "[323.66 412.54]", "poi_cluster": "env", "index_right": 14, "centroid_id": 107, "dist_m": 41.851211685348147 }, "geometry": { "type": "Point", "coordinates": [ -80.8435696, 35.2273063 ] } },
{ "type": "Feature", "properties": { "osm_id": 12965459603, "name": null, "lat": 35.2218954, "lon": -80.8396228, "tags": { "access": "yes", "amenity": "bicycle_parking", "bicycle_parking": "stands", "capacity": "4", "covered": "no", "indoor": "no" }, "amenity": "bicycle_parking", "shop": null, "leisure": null, "tourism": null, "office": null, "public_transport": null, "healthcare": null, "craft": null, "stations_in_radius": "['3rd St/Convention' 'CTC/Arena']", "stations_in_radius_dist_m": "[366.06 380.01]", "poi_cluster": "env", "index_right": 117, "centroid_id": 127, "dist_m": 32.372951695510132 }, "geometry": { "type": "Point", "coordinates": [ -80.8396228, 35.221895399999987 ] } },
{ "type": "Feature", "properties": { "osm_id": 13230735737, "name": null, "lat": 35.2274747, "lon": -80.8432606, "tags": { "amenity": "waste_basket" }, "amenity": "waste_basket", "shop": null, "leisure": null, "tourism": null, "office": null, "public_transport": null, "healthcare": null, "craft": null, "stations_in_radius": "['CTC/Arena' '3rd St/Convention']", "stations_in_radius_dist_m": "[322.95 428.99]", "poi_cluster": "env", "index_right": 14, "centroid_id": 107, "dist_m": 33.10682509634767 }, "geometry": { "type": "Point", "coordinates": [ -80.8432606, 35.2274747 ] } },
{ "type": "Feature", "properties": { "osm_id": 13230735743, "name": null, "lat": 35.227623, "lon": -80.8434444, "tags": { "amenity": "bench" }, "amenity": "bench", "shop": null, "leisure": null, "tourism": null, "office": null, "public_transport": null, "healthcare": null, "craft": null, "stations_in_radius": "['CTC/Arena' '3rd St/Convention']", "stations_in_radius_dist_m": "[345.79 446.42]", "poi_cluster": "env", "index_right": 14, "centroid_id": 107, "dist_m": 55.324385760774355 }, "geometry": { "type": "Point", "coordinates": [ -80.8434444, 35.227623 ] } },
{ "type": "Feature", "properties": { "osm_id": 13230735744, "name": null, "lat": 35.2276473, "lon": -80.8434715, "tags": { "amenity": "bench" }, "amenity": "bench", "shop": null, "leisure": null, "tourism": null, "office": null, "public_transport": null, "healthcare": null, "craft": null, "stations_in_radius": "['CTC/Arena' '3rd St/Convention']", "stations_in_radius_dist_m": "[349.39 449.3 ]", "poi_cluster": "env", "index_right": 14, "centroid_id": 107, "dist_m": 58.910966172844489 }, "geometry": { "type": "Point", "coordinates": [ -80.8434715, 35.2276473 ] } },
{ "type": "Feature", "properties": { "osm_id": 13230735747, "name": null, "lat": 35.2276828, "lon": -80.8435163, "tags": { "amenity": "waste_basket" }, "amenity": "waste_basket", "shop": null, "leisure": null, "tourism": null, "office": null, "public_transport": null, "healthcare": null, "craft": null, "stations_in_radius": "['CTC/Arena' '3rd St/Convention']", "stations_in_radius_dist_m": "[354.91 453.58]", "poi_cluster": "env", "index_right": 14, "centroid_id": 107, "dist_m": 64.421715238744682 }, "geometry": { "type": "Point", "coordinates": [ -80.8435163, 35.2276828 ] } },
{ "type": "Feature", "properties": { "osm_id": 13230735763, "name": null, "lat": 35.2278414, "lon": -80.8437099, "tags": { "amenity": "waste_basket" }, "amenity": "waste_basket", "shop": null, "leisure": null, "tourism": null, "office": null, "public_transport": null, "healthcare": null, "craft": null, "stations_in_radius": "['CTC/Arena' '3rd St/Convention']", "stations_in_radius_dist_m": "[379.29 472.98]", "poi_cluster": "env", "index_right": 29, "centroid_id": 103, "dist_m": 55.057287171036229 }, "geometry": { "type": "Point", "coordinates": [ -80.8437099, 35.2278414 ] } },
{ "type": "Feature", "properties": { "osm_id": 13230735764, "name": null, "lat": 35.2278281, "lon": -80.843694, "tags": { "amenity": "waste_basket" }, "amenity": "waste_basket", "shop": null, "leisure": null, "tourism": null, "office": null, "public_transport": null, "healthcare": null, "craft": null, "stations_in_radius": "['CTC/Arena' '3rd St/Convention']", "stations_in_radius_dist_m": "[377.26 471.33]", "poi_cluster": "env", "index_right": 29, "centroid_id": 103, "dist_m": 57.062090810409941 }, "geometry": { "type": "Point", "coordinates": [ -80.843694, 35.2278281 ] } },
{ "type": "Feature", "properties": { "osm_id": 13230735767, "name": null, "lat": 35.2280482, "lon": -80.843939, "tags": { "amenity": "bench" }, "amenity": "bench", "shop": null, "leisure": null, "tourism": null, "office": null, "public_transport": null, "healthcare": null, "craft": null, "stations_in_radius": [ "CTC/Arena" ], "stations_in_radius_dist_m": [ 409.98 ], "poi_cluster": "env", "index_right": 29, "centroid_id": 103, "dist_m": 26.804223843170689 }, "geometry": { "type": "Point", "coordinates": [ -80.843939, 35.2280482 ] } },
{ "type": "Feature", "properties": { "osm_id": 13230735768, "name": null, "lat": 35.2280957, "lon": -80.843998, "tags": { "amenity": "waste_basket" }, "amenity": "waste_basket", "shop": null, "leisure": null, "tourism": null, "office": null, "public_transport": null, "healthcare": null, "craft": null, "stations_in_radius": [ "CTC/Arena" ], "stations_in_radius_dist_m": [ 417.36 ], "poi_cluster": "env", "index_right": 29, "centroid_id": 103, "dist_m": 20.833536752304649 }, "geometry": { "type": "Point", "coordinates": [ -80.843998, 35.2280957 ] } },
{ "type": "Feature", "properties": { "osm_id": 13230735784, "name": null, "lat": 35.2284233, "lon": -80.8424783, "tags": { "access": "yes", "amenity": "bicycle_parking", "bicycle_parking": "stands", "capacity": "2", "covered": "no" }, "amenity": "bicycle_parking", "shop": null, "leisure": null, "tourism": null, "office": null, "public_transport": null, "healthcare": null, "craft": null, "stations_in_radius": [ "CTC/Arena" ], "stations_in_radius_dist_m": [ 392.35 ], "poi_cluster": "env", "index_right": 27, "centroid_id": 114, "dist_m": 54.63703688161263 }, "geometry": { "type": "Point", "coordinates": [ -80.8424783, 35.2284233 ] } },
{ "type": "Feature", "properties": { "osm_id": 13230735789, "name": null, "lat": 35.2282427, "lon": -80.8421329, "tags": { "amenity": "vending_machine", "vending": "newspapers" }, "amenity": "vending_machine", "shop": null, "leisure": null, "tourism": null, "office": null, "public_transport": null, "healthcare": null, "craft": null, "stations_in_radius": "['CTC/Arena' '7th Street']", "stations_in_radius_dist_m": "[365.92 387.59]", "poi_cluster": "env", "index_right": 27, "centroid_id": 114, "dist_m": 18.772381038624847 }, "geometry": { "type": "Point", "coordinates": [ -80.8421329, 35.2282427 ] } },
{ "type": "Feature", "properties": { "osm_id": 13230735794, "name": null, "lat": 35.2281261, "lon": -80.8419107, "tags": { "amenity": "waste_basket" }, "amenity": "waste_basket", "shop": null, "leisure": null, "tourism": null, "office": null, "public_transport": null, "healthcare": null, "craft": null, "stations_in_radius": "['CTC/Arena' '7th Street']", "stations_in_radius_dist_m": "[349.91 364.53]", "poi_cluster": "env", "index_right": 27, "centroid_id": 114, "dist_m": 11.261128826464061 }, "geometry": { "type": "Point", "coordinates": [ -80.8419107, 35.2281261 ] } },
{ "type": "Feature", "properties": { "osm_id": 13230735795, "name": null, "lat": 35.2281379, "lon": -80.8418932, "tags": { "amenity": "recycling", "recycling_type": "container" }, "amenity": "recycling", "shop": null, "leisure": null, "tourism": null, "office": null, "public_transport": null, "healthcare": null, "craft": null, "stations_in_radius": "['CTC/Arena' '7th Street']", "stations_in_radius_dist_m": "[350.99 363.37]", "poi_cluster": "env", "index_right": 27, "centroid_id": 114, "dist_m": 13.18986108896847 }, "geometry": { "type": "Point", "coordinates": [ -80.8418932, 35.2281379 ] } },
{ "type": "Feature", "properties": { "osm_id": 13230735797, "name": null, "lat": 35.228166, "lon": -80.8418397, "tags": { "amenity": "vending_machine", "vending": "newspapers" }, "amenity": "vending_machine", "shop": null, "leisure": null, "tourism": null, "office": null, "public_transport": null, "healthcare": null, "craft": null, "stations_in_radius": "['CTC/Arena' '7th Street']", "stations_in_radius_dist_m": "[353.49 359.59]", "poi_cluster": "env", "index_right": 27, "centroid_id": 114, "dist_m": 18.878915332211868 }, "geometry": { "type": "Point", "coordinates": [ -80.8418397, 35.228166 ] } },
{ "type": "Feature", "properties": { "osm_id": 13230735798, "name": null, "lat": 35.2281878, "lon": -80.8418201, "tags": { "amenity": "telephone" }, "amenity": "telephone", "shop": null, "leisure": null, "tourism": null, "office": null, "public_transport": null, "healthcare": null, "craft": null, "stations_in_radius": "['CTC/Arena' '7th Street']", "stations_in_radius_dist_m": "[355.69 358.6 ]", "poi_cluster": "env", "index_right": 27, "centroid_id": 114, "dist_m": 21.545417626378772 }, "geometry": { "type": "Point", "coordinates": [ -80.8418201, 35.2281878 ] } },
{ "type": "Feature", "properties": { "osm_id": 13230735799, "name": null, "lat": 35.2282208, "lon": -80.841772, "tags": { "amenity": "bench" }, "amenity": "bench", "shop": null, "leisure": null, "tourism": null, "office": null, "public_transport": null, "healthcare": null, "craft": null, "stations_in_radius": "['7th Street' 'CTC/Arena']", "stations_in_radius_dist_m": "[355.55 358.88]", "poi_cluster": "env", "index_right": 27, "centroid_id": 114, "dist_m": 27.154543824067122 }, "geometry": { "type": "Point", "coordinates": [ -80.841772, 35.228220799999988 ] } },
{ "type": "Feature", "properties": { "osm_id": 13230735800, "name": null, "lat": 35.2282434, "lon": -80.841741, "tags": { "amenity": "bench" }, "amenity": "bench", "shop": null, "leisure": null, "tourism": null, "office": null, "public_transport": null, "healthcare": null, "craft": null, "stations_in_radius": "['7th Street' 'CTC/Arena']", "stations_in_radius_dist_m": "[353.67 361.11]", "poi_cluster": "env", "index_right": 27, "centroid_id": 114, "dist_m": 30.866061033862206 }, "geometry": { "type": "Point", "coordinates": [ -80.841741, 35.2282434 ] } },
{ "type": "Feature", "properties": { "osm_id": 13230735801, "name": null, "lat": 35.2284259, "lon": -80.8414797, "tags": { "amenity": "bench" }, "amenity": "bench", "shop": null, "leisure": null, "tourism": null, "office": null, "public_transport": null, "healthcare": null, "craft": null, "stations_in_radius": "['7th Street' 'CTC/Arena']", "stations_in_radius_dist_m": "[338.71 380.02]", "poi_cluster": "env", "index_right": 27, "centroid_id": 114, "dist_m": 61.919201607607341 }, "geometry": { "type": "Point", "coordinates": [ -80.8414797, 35.2284259 ] } },
{ "type": "Feature", "properties": { "osm_id": 13230735802, "name": null, "lat": 35.2284531, "lon": -80.8414408, "tags": { "amenity": "waste_basket" }, "amenity": "waste_basket", "shop": null, "leisure": null, "tourism": null, "office": null, "public_transport": null, "healthcare": null, "craft": null, "stations_in_radius": "['7th Street' 'CTC/Arena']", "stations_in_radius_dist_m": "[336.67 382.98]", "poi_cluster": "env", "index_right": 106, "centroid_id": 119, "dist_m": 58.444260635295315 }, "geometry": { "type": "Point", "coordinates": [ -80.8414408, 35.2284531 ] } },
{ "type": "Feature", "properties": { "osm_id": 13230735803, "name": null, "lat": 35.2284458, "lon": -80.8414514, "tags": { "amenity": "recycling", "recycling_type": "container" }, "amenity": "recycling", "shop": null, "leisure": null, "tourism": null, "office": null, "public_transport": null, "healthcare": null, "craft": null, "stations_in_radius": "['7th Street' 'CTC/Arena']", "stations_in_radius_dist_m": "[337.23 382.18]", "poi_cluster": "env", "index_right": 106, "centroid_id": 119, "dist_m": 59.702008713288393 }, "geometry": { "type": "Point", "coordinates": [ -80.8414514, 35.22844580000001 ] } },
{ "type": "Feature", "properties": { "osm_id": 13230735808, "name": null, "lat": 35.2285992, "lon": -80.8412329, "tags": { "amenity": "recycling", "recycling_type": "container" }, "amenity": "recycling", "shop": null, "leisure": null, "tourism": null, "office": null, "public_transport": null, "healthcare": null, "craft": null, "stations_in_radius": "['7th Street' 'CTC/Arena']", "stations_in_radius_dist_m": "[326.74 399.41]", "poi_cluster": "env", "index_right": 106, "centroid_id": 119, "dist_m": 33.61391308671422 }, "geometry": { "type": "Point", "coordinates": [ -80.8412329, 35.2285992 ] } },
{ "type": "Feature", "properties": { "osm_id": 13230735809, "name": null, "lat": 35.2286111, "lon": -80.8412154, "tags": { "amenity": "waste_basket" }, "amenity": "waste_basket", "shop": null, "leisure": null, "tourism": null, "office": null, "public_transport": null, "healthcare": null, "craft": null, "stations_in_radius": "['7th Street' 'CTC/Arena']", "stations_in_radius_dist_m": "[325.96 400.79]", "poi_cluster": "env", "index_right": 106, "centroid_id": 119, "dist_m": 31.554263587979911 }, "geometry": { "type": "Point", "coordinates": [ -80.8412154, 35.2286111 ] } },
{ "type": "Feature", "properties": { "osm_id": 13230735810, "name": null, "lat": 35.2286437, "lon": -80.8411653, "tags": { "amenity": "bench" }, "amenity": "bench", "shop": null, "leisure": null, "tourism": null, "office": null, "public_transport": null, "healthcare": null, "craft": null, "stations_in_radius": "['7th Street' 'CTC/Arena']", "stations_in_radius_dist_m": "[323.7  404.61]", "poi_cluster": "env", "index_right": 106, "centroid_id": 119, "dist_m": 25.754490096385169 }, "geometry": { "type": "Point", "coordinates": [ -80.8411653, 35.2286437 ] } },
{ "type": "Feature", "properties": { "osm_id": 13230735811, "name": null, "lat": 35.2286652, "lon": -80.8411344, "tags": { "amenity": "bench" }, "amenity": "bench", "shop": null, "leisure": null, "tourism": null, "office": null, "public_transport": null, "healthcare": null, "craft": null, "stations_in_radius": "['7th Street' 'CTC/Arena']", "stations_in_radius_dist_m": "[322.42 407.14]", "poi_cluster": "env", "index_right": 106, "centroid_id": 119, "dist_m": 22.09963083716551 }, "geometry": { "type": "Point", "coordinates": [ -80.8411344, 35.2286652 ] } },
{ "type": "Feature", "properties": { "osm_id": 13230735816, "name": null, "lat": 35.2287614, "lon": -80.8410014, "tags": { "amenity": "waste_basket" }, "amenity": "waste_basket", "shop": null, "leisure": null, "tourism": null, "office": null, "public_transport": null, "healthcare": null, "craft": null, "stations_in_radius": "['7th Street' 'CTC/Arena']", "stations_in_radius_dist_m": "[317.59 418.64]", "poi_cluster": "env", "index_right": 106, "centroid_id": 119, "dist_m": 6.6957727438566295 }, "geometry": { "type": "Point", "coordinates": [ -80.8410014, 35.2287614 ] } },
{ "type": "Feature", "properties": { "osm_id": 13231371886, "name": null, "lat": 35.2273502, "lon": -80.8433968, "tags": { "amenity": "waste_basket" }, "amenity": "waste_basket", "shop": null, "leisure": null, "tourism": null, "office": null, "public_transport": null, "healthcare": null, "craft": null, "stations_in_radius": "['CTC/Arena' '3rd St/Convention']", "stations_in_radius_dist_m": "[318.25 415.92]", "poi_cluster": "env", "index_right": 14, "centroid_id": 107, "dist_m": 29.707560539402866 }, "geometry": { "type": "Point", "coordinates": [ -80.8433968, 35.2273502 ] } },
{ "type": "Feature", "properties": { "osm_id": 13231371889, "name": null, "lat": 35.2272805, "lon": -80.8433086, "tags": { "amenity": "waste_basket" }, "amenity": "waste_basket", "shop": null, "leisure": null, "tourism": null, "office": null, "public_transport": null, "healthcare": null, "craft": null, "stations_in_radius": "['CTC/Arena' '3rd St/Convention']", "stations_in_radius_dist_m": "[307.32 407.69]", "poi_cluster": "env", "index_right": 14, "centroid_id": 107, "dist_m": 18.774190215355851 }, "geometry": { "type": "Point", "coordinates": [ -80.8433086, 35.2272805 ] } },
{ "type": "Feature", "properties": { "osm_id": 13231371893, "name": null, "lat": 35.2275426, "lon": -80.843613, "tags": { "amenity": "bench" }, "amenity": "bench", "shop": null, "leisure": null, "tourism": null, "office": null, "public_transport": null, "healthcare": null, "craft": null, "stations_in_radius": "['CTC/Arena' '3rd St/Convention']", "stations_in_radius_dist_m": "[347.03 439.02]", "poi_cluster": "env", "index_right": 14, "centroid_id": 107, "dist_m": 58.397101379058881 }, "geometry": { "type": "Point", "coordinates": [ -80.843613, 35.2275426 ] } },
{ "type": "Feature", "properties": { "osm_id": 13231371897, "name": null, "lat": 35.2277243, "lon": -80.8438162, "tags": { "amenity": "waste_basket" }, "amenity": "waste_basket", "shop": null, "leisure": null, "tourism": null, "office": null, "public_transport": null, "healthcare": null, "craft": null, "stations_in_radius": "['CTC/Arena' '3rd St/Convention']", "stations_in_radius_dist_m": "[374.2  461.44]", "poi_cluster": "env", "index_right": 29, "centroid_id": 103, "dist_m": 55.912232711134045 }, "geometry": { "type": "Point", "coordinates": [ -80.8438162, 35.2277243 ] } },
{ "type": "Feature", "properties": { "osm_id": 13231416208, "name": null, "lat": 35.2278627, "lon": -80.8439793, "tags": { "amenity": "bench" }, "amenity": "bench", "shop": null, "leisure": null, "tourism": null, "office": null, "public_transport": null, "healthcare": null, "craft": null, "stations_in_radius": [ "CTC/Arena" ], "stations_in_radius_dist_m": [ 395.36 ], "poi_cluster": "env", "index_right": 29, "centroid_id": 103, "dist_m": 34.584365030838427 }, "geometry": { "type": "Point", "coordinates": [ -80.8439793, 35.2278627 ] } },
{ "type": "Feature", "properties": { "osm_id": 13231416224, "name": null, "lat": 35.2265365, "lon": -80.8441945, "tags": { "amenity": "recycling", "recycling_type": "container" }, "amenity": "recycling", "shop": null, "leisure": null, "tourism": null, "office": null, "public_transport": null, "healthcare": null, "craft": null, "stations_in_radius": "['CTC/Arena' '3rd St/Convention']", "stations_in_radius_dist_m": "[306.87 340.58]", "poi_cluster": "env", "index_right": 37, "centroid_id": 102, "dist_m": 3.6373567879709028 }, "geometry": { "type": "Point", "coordinates": [ -80.8441945, 35.2265365 ] } },
{ "type": "Feature", "properties": { "osm_id": 13231416225, "name": null, "lat": 35.2265531, "lon": -80.8441713, "tags": { "amenity": "waste_basket" }, "amenity": "waste_basket", "shop": null, "leisure": null, "tourism": null, "office": null, "public_transport": null, "healthcare": null, "craft": null, "stations_in_radius": "['CTC/Arena' '3rd St/Convention']", "stations_in_radius_dist_m": "[306.15 341.7 ]", "poi_cluster": "env", "index_right": 37, "centroid_id": 102, "dist_m": 6.394737002981536 }, "geometry": { "type": "Point", "coordinates": [ -80.8441713, 35.2265531 ] } },
{ "type": "Feature", "properties": { "osm_id": 13231416227, "name": null, "lat": 35.2265942, "lon": -80.8441138, "tags": { "amenity": "telephone" }, "amenity": "telephone", "shop": null, "leisure": null, "tourism": null, "office": null, "public_transport": null, "healthcare": null, "craft": null, "stations_in_radius": "['CTC/Arena' '3rd St/Convention']", "stations_in_radius_dist_m": "[304.46 344.56]", "poi_cluster": "env", "index_right": 37, "centroid_id": 102, "dist_m": 13.304885848376083 }, "geometry": { "type": "Point", "coordinates": [ -80.8441138, 35.2265942 ] } },
{ "type": "Feature", "properties": { "osm_id": 13265364295, "name": null, "lat": 35.227789, "lon": -80.8381595, "tags": { "amenity": "bicycle_parking", "bicycle_parking": "rack", "covered": "yes" }, "amenity": "bicycle_parking", "shop": null, "leisure": null, "tourism": null, "office": null, "public_transport": null, "healthcare": null, "craft": null, "stations_in_radius": "['7th Street' '9th Street' 'CTC/Arena']", "stations_in_radius_dist_m": "[ 63.75 357.18 426.72]", "poi_cluster": "env", "index_right": 21, "centroid_id": 130, "dist_m": 98.485319096426764 }, "geometry": { "type": "Point", "coordinates": [ -80.8381595, 35.227789 ] } },
{ "type": "Feature", "properties": { "osm_id": 13457125329, "name": null, "lat": 35.223481, "lon": -80.8435512, "tags": { "amenity": "waste_basket" }, "amenity": "waste_basket", "shop": null, "leisure": null, "tourism": null, "office": null, "public_transport": null, "healthcare": null, "craft": null, "stations_in_radius": "['3rd St/Convention' 'CTC/Arena' 'Brooklyn Village']", "stations_in_radius_dist_m": "[ 46.93 258.96 385.85]", "poi_cluster": "env", "index_right": 0, "centroid_id": 111, "dist_m": 129.08266551367731 }, "geometry": { "type": "Point", "coordinates": [ -80.8435512, 35.223481 ] } },
{ "type": "Feature", "properties": { "osm_id": 13457125331, "name": null, "lat": 35.2234621, "lon": -80.8435844, "tags": { "amenity": "waste_basket" }, "amenity": "waste_basket", "shop": null, "leisure": null, "tourism": null, "office": null, "public_transport": null, "healthcare": null, "craft": null, "stations_in_radius": "['3rd St/Convention' 'CTC/Arena' 'Brooklyn Village']", "stations_in_radius_dist_m": "[ 50.46 262.62 382.18]", "poi_cluster": "env", "index_right": 0, "centroid_id": 111, "dist_m": 130.73545536148819 }, "geometry": { "type": "Point", "coordinates": [ -80.8435844, 35.2234621 ] } },
{ "type": "Feature", "properties": { "osm_id": 13457166669, "name": null, "lat": 35.2265722, "lon": -80.8422237, "tags": { "amenity": "bench" }, "amenity": "bench", "shop": null, "leisure": null, "tourism": null, "office": null, "public_transport": null, "healthcare": null, "craft": null, "stations_in_radius": "['CTC/Arena' '3rd St/Convention' '7th Street']", "stations_in_radius_dist_m": "[190.15 337.21 385.64]", "poi_cluster": "env", "index_right": 19, "centroid_id": 113, "dist_m": 35.512529392682559 }, "geometry": { "type": "Point", "coordinates": [ -80.8422237, 35.2265722 ] } },
{ "type": "Feature", "properties": { "osm_id": 13457166670, "name": null, "lat": 35.2264236, "lon": -80.8420509, "tags": { "amenity": "recycling", "recycling_type": "container" }, "amenity": "recycling", "shop": null, "leisure": null, "tourism": null, "office": null, "public_transport": null, "healthcare": null, "craft": null, "stations_in_radius": "['CTC/Arena' '3rd St/Convention' '7th Street']", "stations_in_radius_dist_m": "[168.95 325.26 373.75]", "poi_cluster": "env", "index_right": 19, "centroid_id": 113, "dist_m": 14.576838582236039 }, "geometry": { "type": "Point", "coordinates": [ -80.8420509, 35.2264236 ] } },
{ "type": "Feature", "properties": { "osm_id": 13457166671, "name": null, "lat": 35.226414, "lon": -80.8420391, "tags": { "amenity": "waste_basket" }, "amenity": "waste_basket", "shop": null, "leisure": null, "tourism": null, "office": null, "public_transport": null, "healthcare": null, "craft": null, "stations_in_radius": "['CTC/Arena' '3rd St/Convention' '7th Street']", "stations_in_radius_dist_m": "[167.57 324.55 372.97]", "poi_cluster": "env", "index_right": 19, "centroid_id": 113, "dist_m": 13.429462029024572 }, "geometry": { "type": "Point", "coordinates": [ -80.8420391, 35.226414 ] } },
{ "type": "Feature", "properties": { "osm_id": 13457166672, "name": null, "lat": 35.2268023, "lon": -80.8424831, "tags": { "amenity": "waste_basket" }, "amenity": "waste_basket", "shop": null, "leisure": null, "tourism": null, "office": null, "public_transport": null, "healthcare": null, "craft": null, "stations_in_radius": "['CTC/Arena' '3rd St/Convention' '7th Street']", "stations_in_radius_dist_m": "[223.26 357.9  405.16]", "poi_cluster": "env", "index_right": 19, "centroid_id": 113, "dist_m": 69.791598924006166 }, "geometry": { "type": "Point", "coordinates": [ -80.8424831, 35.2268023 ] } },
{ "type": "Feature", "properties": { "osm_id": 13457166673, "name": null, "lat": 35.2268574, "lon": -80.842547, "tags": { "amenity": "recycling", "recycling_type": "container" }, "amenity": "recycling", "shop": null, "leisure": null, "tourism": null, "office": null, "public_transport": null, "healthcare": null, "craft": null, "stations_in_radius": "['CTC/Arena' '3rd St/Convention' '7th Street']", "stations_in_radius_dist_m": "[231.34 363.15 410.29]", "poi_cluster": "env", "index_right": 14, "centroid_id": 107, "dist_m": 64.986324596540115 }, "geometry": { "type": "Point", "coordinates": [ -80.842547, 35.2268574 ] } },
{ "type": "Feature", "properties": { "osm_id": 13477755617, "name": null, "lat": 35.2272098, "lon": -80.8385343, "tags": { "access": "permissive", "amenity": "drinking_water", "bottle": "yes", "indoor": "yes" }, "amenity": "drinking_water", "shop": null, "leisure": null, "tourism": null, "office": null, "public_transport": null, "healthcare": null, "craft": null, "stations_in_radius": "['7th Street' 'CTC/Arena' '9th Street']", "stations_in_radius_dist_m": "[ 43.18 357.2  423.91]", "poi_cluster": "env", "index_right": 18, "centroid_id": 123, "dist_m": 138.80799408593936 }, "geometry": { "type": "Point", "coordinates": [ -80.8385343, 35.2272098 ] } },
{ "type": "Feature", "properties": { "osm_id": 90480715, "name": "AutoPark", "lat": 35.2274639, "lon": -80.846002, "tags": { "access": "yes", "amenity": "parking", "building": "yes", "capacity": "690", "fee": "yes", "name": "AutoPark", "operator": "LAZ Parking", "parking": "multi-storey", "surface": "concrete" }, "amenity": "parking", "shop": null, "leisure": null, "tourism": null, "office": null, "public_transport": null, "healthcare": null, "craft": null, "stations_in_radius": [ ], "stations_in_radius_dist_m": [ ], "poi_cluster": "env", "index_right": 48, "centroid_id": 98, "dist_m": 61.569842041726183 }, "geometry": { "type": "Point", "coordinates": [ -80.846002, 35.227463899999982 ] } },
{ "type": "Feature", "properties": { "osm_id": 90480718, "name": "First Citizens Bank Plaza Parking Garage", "lat": 35.2268665, "lon": -80.8453405, "tags": { "access": "yes", "amenity": "parking", "building": "parking", "capacity": "697", "fee": "yes", "height": "24", "name": "First Citizens Bank Plaza Parking Garage", "operator": "Preffered Parking", "parking": "multi-storey", "source": "Bing", "surface": "concrete" }, "amenity": "parking", "shop": null, "leisure": null, "tourism": null, "office": null, "public_transport": null, "healthcare": null, "craft": null, "stations_in_radius": [ ], "stations_in_radius_dist_m": [ ], "poi_cluster": "env", "index_right": 48, "centroid_id": 98, "dist_m": 61.885194438925758 }, "geometry": { "type": "Point", "coordinates": [ -80.8453405, 35.2268665 ] } },
{ "type": "Feature", "properties": { "osm_id": 90480727, "name": "Two Thirty South Tryon Parking", "lat": 35.2265572, "lon": -80.8457673, "tags": { "access": "yes", "amenity": "parking", "building": "yes", "capacity:disabled": "670", "fee": "yes", "height": "24", "name": "Two Thirty South Tryon Parking", "operator": "Spectrum Parking", "parking": "multi-storey", "source": "Bing", "surface": "concrete" }, "amenity": "parking", "shop": null, "leisure": null, "tourism": null, "office": null, "public_transport": null, "healthcare": null, "craft": null, "stations_in_radius": [ ], "stations_in_radius_dist_m": [ ], "poi_cluster": "env", "index_right": 130, "centroid_id": 94, "dist_m": 60.210530084601153 }, "geometry": { "type": "Point", "coordinates": [ -80.8457673, 35.2265572 ] } },
{ "type": "Feature", "properties": { "osm_id": 120628264, "name": "Seventh Street Station Car Park", "lat": 35.2275722, "lon": -80.8384746, "tags": { "alt_name": "7th Street Station", "amenity": "parking", "building": "parking", "height": "32", "name": "Seventh Street Station Car Park", "parking": "multi-storey" }, "amenity": "parking", "shop": null, "leisure": null, "tourism": null, "office": null, "public_transport": null, "healthcare": null, "craft": null, "stations_in_radius": [ ], "stations_in_radius_dist_m": [ ], "poi_cluster": "env", "index_right": 21, "centroid_id": 130, "dist_m": 110.16303504936681 }, "geometry": { "type": "Point", "coordinates": [ -80.8384746, 35.2275722 ] } },
{ "type": "Feature", "properties": { "osm_id": 174171799, "name": "Lot #406", "lat": 35.2238588, "lon": -80.8402171, "tags": { "addr:city": "Charlotte", "addr:housenumber": "406", "addr:postcode": "28202", "addr:state": "NC", "addr:street": "East 4th Street", "amenity": "parking", "fee": "yes", "name": "Lot #406", "operator": "Preferred Parking", "parking": "surface", "surface": "asphalt" }, "amenity": "parking", "shop": null, "leisure": null, "tourism": null, "office": null, "public_transport": null, "healthcare": null, "craft": null, "stations_in_radius": "['CTC/Arena' '3rd St/Convention' '7th Street']", "stations_in_radius_dist_m": "[165.56 260.18 421.29]", "poi_cluster": "env", "index_right": 79, "centroid_id": 122, "dist_m": 70.318196780293235 }, "geometry": { "type": "Point", "coordinates": [ -80.8402171, 35.2238588 ] } },
{ "type": "Feature", "properties": { "osm_id": 174171808, "name": "Lot #402", "lat": 35.2231215, "lon": -80.8412855, "tags": { "addr:city": "Charlotte", "addr:housenumber": "402", "addr:postcode": "28202", "addr:state": "NC", "addr:street": "East 4th Street", "amenity": "parking", "fee": "yes", "name": "Lot #402", "operator": "Preferred Parking", "parking": "surface", "surface": "asphalt" }, "amenity": "parking", "shop": null, "leisure": null, "tourism": null, "office": null, "public_transport": null, "healthcare": null, "craft": null, "stations_in_radius": "['3rd St/Convention' 'CTC/Arena']", "stations_in_radius_dist_m": "[170.33 208.54]", "poi_cluster": "env", "index_right": 53, "centroid_id": 117, "dist_m": 76.886779120826873 }, "geometry": { "type": "Point", "coordinates": [ -80.8412855, 35.2231215 ] } },
{ "type": "Feature", "properties": { "osm_id": 313204070, "name": null, "lat": 35.2231247, "lon": -80.8367497, "tags": { "access": "private", "amenity": "parking", "building": "yes", "height": "28", "parking": "multi-storey" }, "amenity": "parking", "shop": null, "leisure": null, "tourism": null, "office": null, "public_transport": null, "healthcare": null, "craft": null, "stations_in_radius": [ "7th Street" ], "stations_in_radius_dist_m": [ 469.56 ], "poi_cluster": "env", "index_right": 59, "centroid_id": 142, "dist_m": 75.854806747416049 }, "geometry": { "type": "Point", "coordinates": [ -80.8367497, 35.2231247 ] } },
{ "type": "Feature", "properties": { "osm_id": 322277873, "name": null, "lat": 35.2231595, "lon": -80.8395432, "tags": { "amenity": "parking", "building": "yes", "height": "15", "parking": "multi-storey", "supervised": "yes", "surface": "concrete" }, "amenity": "parking", "shop": null, "leisure": null, "tourism": null, "office": null, "public_transport": null, "healthcare": null, "craft": null, "stations_in_radius": "['CTC/Arena' '3rd St/Convention' '7th Street']", "stations_in_radius_dist_m": "[264.4  323.92 470.1 ]", "poi_cluster": "env", "index_right": 38, "centroid_id": 121, "dist_m": 59.070955923919904 }, "geometry": { "type": "Point", "coordinates": [ -80.8395432, 35.2231595 ] } },
{ "type": "Feature", "properties": { "osm_id": 322278588, "name": null, "lat": 35.2221857, "lon": -80.8403326, "tags": { "amenity": "parking", "building": "yes", "height": "35", "parking": "multi-storey" }, "amenity": "parking", "shop": null, "leisure": null, "tourism": null, "office": null, "public_transport": null, "healthcare": null, "craft": null, "stations_in_radius": [ ], "stations_in_radius_dist_m": [ ], "poi_cluster": "env", "index_right": 91, "centroid_id": 116, "dist_m": 80.598876721790305 }, "geometry": { "type": "Point", "coordinates": [ -80.8403326, 35.2221857 ] } },
{ "type": "Feature", "properties": { "osm_id": 322992977, "name": "300 North Brevard Street", "lat": 35.2260228, "lon": -80.8369988, "tags": { "access": "yes", "addr:city": "Charlotte", "addr:housenumber": "300", "addr:postcode": "28202", "addr:state": "NC", "addr:street": "North Brevard Street", "amenity": "parking", "fee": "yes", "name": "300 North Brevard Street", "operator": "Preferred Parking", "parking": "surface", "surface": "asphalt" }, "amenity": "parking", "shop": null, "leisure": null, "tourism": null, "office": null, "public_transport": null, "healthcare": null, "craft": null, "stations_in_radius": "['7th Street' 'CTC/Arena' '9th Street']", "stations_in_radius_dist_m": "[164.18 415.39 446.53]", "poi_cluster": "env", "index_right": 61, "centroid_id": 136, "dist_m": 58.273152464596336 }, "geometry": { "type": "Point", "coordinates": [ -80.8369988, 35.2260228 ] } },
{ "type": "Feature", "properties": { "osm_id": 322992978, "name": "418 East 7th Street", "lat": 35.2261642, "lon": -80.8364083, "tags": { "access": "yes", "addr:city": "Charlotte", "addr:housenumber": "418", "addr:postcode": "28202", "addr:state": "NC", "addr:street": "East 7th Street", "amenity": "parking", "fee": "yes", "name": "418 East 7th Street", "operator": "Preferred Parking", "parking": "surface", "surface": "asphalt" }, "amenity": "parking", "shop": null, "leisure": null, "tourism": null, "office": null, "public_transport": null, "healthcare": null, "craft": null, "stations_in_radius": "['7th Street' '9th Street' 'CTC/Arena']", "stations_in_radius_dist_m": "[190.53 412.53 471.37]", "poi_cluster": "env", "index_right": 68, "centroid_id": 151, "dist_m": 64.216381974547318 }, "geometry": { "type": "Point", "coordinates": [ -80.8364083, 35.2261642 ] } },
{ "type": "Feature", "properties": { "osm_id": 322992981, "name": null, "lat": 35.2229121, "lon": -80.8370089, "tags": { "amenity": "parking" }, "amenity": "parking", "shop": null, "leisure": null, "tourism": null, "office": null, "public_transport": null, "healthcare": null, "craft": null, "stations_in_radius": "['CTC/Arena' '7th Street']", "stations_in_radius_dist_m": "[461.05 487.23]", "poi_cluster": "env", "index_right": 13, "centroid_id": 134, "dist_m": 82.770298822535253 }, "geometry": { "type": "Point", "coordinates": [ -80.8370089, 35.2229121 ] } },
{ "type": "Feature", "properties": { "osm_id": 322992984, "name": "221 North Caldwell Street", "lat": 35.2252479, "lon": -80.837631, "tags": { "access": "yes", "addr:city": "Charlotte", "addr:housenumber": "221", "addr:postcode": "28202", "addr:state": "NC", "addr:street": "North Caldwell Street", "amenity": "parking", "fee": "yes", "name": "221 North Caldwell Street", "operator": "Preferred Parking", "parking": "surface", "surface": "asphalt" }, "amenity": "parking", "shop": null, "leisure": null, "tourism": null, "office": null, "public_transport": null, "healthcare": null, "craft": null, "stations_in_radius": "['7th Street' 'CTC/Arena']", "stations_in_radius_dist_m": "[222.16 343.18]", "poi_cluster": "env", "index_right": 22, "centroid_id": 143, "dist_m": 75.82155005802484 }, "geometry": { "type": "Point", "coordinates": [ -80.837631, 35.2252479 ] } },
{ "type": "Feature", "properties": { "osm_id": 322992995, "name": null, "lat": 35.2247143, "lon": -80.8366746, "tags": { "amenity": "parking" }, "amenity": "parking", "shop": null, "leisure": null, "tourism": null, "office": null, "public_transport": null, "healthcare": null, "craft": null, "stations_in_radius": "['7th Street' 'CTC/Arena']", "stations_in_radius_dist_m": "[305.15 430.28]", "poi_cluster": "env", "index_right": 22, "centroid_id": 143, "dist_m": 75.397693230757653 }, "geometry": { "type": "Point", "coordinates": [ -80.8366746, 35.2247143 ] } },
{ "type": "Feature", "properties": { "osm_id": 322993005, "name": null, "lat": 35.2222676, "lon": -80.8386072, "tags": { "amenity": "parking" }, "amenity": "parking", "shop": null, "leisure": null, "tourism": null, "office": null, "public_transport": null, "healthcare": null, "craft": null, "stations_in_radius": "['CTC/Arena' '3rd St/Convention']", "stations_in_radius_dist_m": "[394.91 431.7 ]", "poi_cluster": "env", "index_right": 117, "centroid_id": 127, "dist_m": 68.871780571127175 }, "geometry": { "type": "Point", "coordinates": [ -80.838607200000013, 35.2222676 ] } },
{ "type": "Feature", "properties": { "osm_id": 322993007, "name": "501 East Trade Street", "lat": 35.2237257, "lon": -80.8379504, "tags": { "access": "permit", "addr:city": "Charlotte", "addr:housenumber": "500", "addr:postcode": "28202", "addr:state": "NC", "addr:street": "East Trade Street", "amenity": "parking", "fee": "yes", "name": "501 East Trade Street", "parking": "surface", "surface": "gravel" }, "amenity": "parking", "shop": null, "leisure": null, "tourism": null, "office": null, "public_transport": null, "healthcare": null, "craft": null, "stations_in_radius": "['CTC/Arena' '7th Street']", "stations_in_radius_dist_m": "[343.43 387.65]", "poi_cluster": "env", "index_right": 83, "centroid_id": 135, "dist_m": 84.174806898716781 }, "geometry": { "type": "Point", "coordinates": [ -80.8379504, 35.2237257 ] } },
{ "type": "Feature", "properties": { "osm_id": 322993011, "name": null, "lat": 35.2217432, "lon": -80.8379417, "tags": { "amenity": "parking" }, "amenity": "parking", "shop": null, "leisure": null, "tourism": null, "office": null, "public_transport": null, "healthcare": null, "craft": null, "stations_in_radius": [ "CTC/Arena" ], "stations_in_radius_dist_m": [ 478.46 ], "poi_cluster": "env", "index_right": 116, "centroid_id": 141, "dist_m": 82.188204881482477 }, "geometry": { "type": "Point", "coordinates": [ -80.8379417, 35.2217432 ] } },
{ "type": "Feature", "properties": { "osm_id": 322993012, "name": "241 North Alexander Street", "lat": 35.2236382, "lon": -80.8355009, "tags": { "access": "yes", "addr:city": "Charlotte", "addr:housenumber": "241", "addr:postcode": "28202", "addr:state": "NC", "addr:street": "North Alexander Street", "amenity": "parking", "fee": "yes", "name": "241 North Alexander Street", "operator": "Preferred Parking", "parking": "surface", "surface": "gravel" }, "amenity": "parking", "shop": null, "leisure": null, "tourism": null, "office": null, "public_transport": null, "healthcare": null, "craft": null, "stations_in_radius": [ "7th Street" ], "stations_in_radius_dist_m": [ 460.46 ], "poi_cluster": "env", "index_right": 78, "centroid_id": 150, "dist_m": 95.544810047862896 }, "geometry": { "type": "Point", "coordinates": [ -80.8355009, 35.2236382 ] } },
{ "type": "Feature", "properties": { "osm_id": 322993013, "name": "401 East 7th Street", "lat": 35.2268776, "lon": -80.8361154, "tags": { "access": "yes", "addr:city": "Charlotte", "addr:housenumber": "401", "addr:postcode": "28202", "addr:state": "NC", "addr:street": "East 7th Street", "amenity": "parking", "fee": "yes", "name": "401 East 7th Street", "operator": "Preferred Parking", "parking": "surface", "surface": "asphalt" }, "amenity": "parking", "shop": null, "leisure": null, "tourism": null, "office": null, "public_transport": null, "healthcare": null, "craft": null, "stations_in_radius": "['7th Street' '9th Street']", "stations_in_radius_dist_m": "[180.99 329.05]", "poi_cluster": "env", "index_right": 95, "centroid_id": 144, "dist_m": 64.031369849190185 }, "geometry": { "type": "Point", "coordinates": [ -80.8361154, 35.2268776 ] } },
{ "type": "Feature", "properties": { "osm_id": 322993017, "name": null, "lat": 35.222597, "lon": -80.836039, "tags": { "amenity": "parking" }, "amenity": "parking", "shop": null, "leisure": null, "tourism": null, "office": null, "public_transport": null, "healthcare": null, "craft": null, "stations_in_radius": [ ], "stations_in_radius_dist_m": [ ], "poi_cluster": "env", "index_right": 116, "centroid_id": 141, "dist_m": 116.56794859508767 }, "geometry": { "type": "Point", "coordinates": [ -80.836039, 35.222597 ] } },
{ "type": "Feature", "properties": { "osm_id": 322993022, "name": null, "lat": 35.2230771, "lon": -80.8434573, "tags": { "amenity": "parking" }, "amenity": "parking", "shop": null, "leisure": null, "tourism": null, "office": null, "public_transport": null, "healthcare": null, "craft": null, "stations_in_radius": "['3rd St/Convention' 'CTC/Arena' 'Brooklyn Village']", "stations_in_radius_dist_m": "[ 69.28 284.37 368.05]", "poi_cluster": "env", "index_right": 31, "centroid_id": 105, "dist_m": 93.236968586460421 }, "geometry": { "type": "Point", "coordinates": [ -80.8434573, 35.2230771 ] } },
{ "type": "Feature", "properties": { "osm_id": 322993024, "name": "Lot #424", "lat": 35.2288827, "lon": -80.8376349, "tags": { "addr:city": "Charlotte", "addr:housenumber": "424", "addr:postcode": "28202", "addr:state": "NC", "addr:street": "North College Street", "amenity": "parking", "fee": "yes", "name": "Lot #424", "operator": "Preferred Parking", "parking": "surface", "surface": "asphalt" }, "amenity": "parking", "shop": null, "leisure": null, "tourism": null, "office": null, "public_transport": null, "healthcare": null, "craft": null, "stations_in_radius": "['7th Street' '9th Street']", "stations_in_radius_dist_m": "[188.41 256.33]", "poi_cluster": "env", "index_right": 24, "centroid_id": 137, "dist_m": 62.15905200690451 }, "geometry": { "type": "Point", "coordinates": [ -80.8376349, 35.2288827 ] } },
{ "type": "Feature", "properties": { "osm_id": 322993030, "name": null, "lat": 35.2221789, "lon": -80.8361243, "tags": { "amenity": "parking" }, "amenity": "parking", "shop": null, "leisure": null, "tourism": null, "office": null, "public_transport": null, "healthcare": null, "craft": null, "stations_in_radius": [ ], "stations_in_radius_dist_m": [ ], "poi_cluster": "env", "index_right": 116, "centroid_id": 141, "dist_m": 90.551910680875238 }, "geometry": { "type": "Point", "coordinates": [ -80.8361243, 35.2221789 ] } },
{ "type": "Feature", "properties": { "osm_id": 337841694, "name": "Lot #309", "lat": 35.2297866, "lon": -80.8447868, "tags": { "addr:city": "Charlotte", "addr:housenumber": "309", "addr:postcode": "28202", "addr:state": "NC", "addr:street": "West Trade Street", "amenity": "parking", "fee": "yes", "name": "Lot #309", "operator": "Preffered Parking", "parking": "surface", "surface": "asphalt" }, "amenity": "parking", "shop": null, "leisure": null, "tourism": null, "office": null, "public_transport": null, "healthcare": null, "craft": null, "stations_in_radius": [ ], "stations_in_radius_dist_m": [ ], "poi_cluster": "env", "index_right": 20, "centroid_id": 99, "dist_m": 90.22828040910484 }, "geometry": { "type": "Point", "coordinates": [ -80.8447868, 35.2297866 ] } },
{ "type": "Feature", "properties": { "osm_id": 394430321, "name": null, "lat": 35.226025, "lon": -80.8406521, "tags": { "amenity": "parking", "building": "yes", "height": "28", "parking": "multi-storey" }, "amenity": "parking", "shop": null, "leisure": null, "tourism": null, "office": null, "public_transport": null, "healthcare": null, "craft": null, "stations_in_radius": "['CTC/Arena' '7th Street' '3rd St/Convention']", "stations_in_radius_dist_m": "[132.03 270.56 346.04]", "poi_cluster": "env", "index_right": 11, "centroid_id": 118, "dist_m": 107.62905212909276 }, "geometry": { "type": "Point", "coordinates": [ -80.8406521, 35.226025 ] } },
{ "type": "Feature", "properties": { "osm_id": 468471045, "name": "Lot #219", "lat": 35.2282195, "lon": -80.8373764, "tags": { "addr:city": "Charlotte", "addr:housenumber": "219", "addr:postcode": "28202", "addr:state": "NC", "addr:street": "East 7th Street", "amenity": "parking", "fee": "yes", "name": "Lot #219", "operator": "Preferred Parking", "parking": "surface", "surface": "asphalt" }, "amenity": "parking", "shop": null, "leisure": null, "tourism": null, "office": null, "public_transport": null, "healthcare": null, "craft": null, "stations_in_radius": "['7th Street' '9th Street' 'CTC/Arena']", "stations_in_radius_dist_m": "[127.11 271.51 510.76]", "poi_cluster": "env", "index_right": 7, "centroid_id": 145, "dist_m": 62.762048160689048 }, "geometry": { "type": "Point", "coordinates": [ -80.8373764, 35.2282195 ] } },
{ "type": "Feature", "properties": { "osm_id": 500204485, "name": null, "lat": 35.2281793, "lon": -80.8457257, "tags": { "amenity": "parking", "building": "yes", "height": "29", "parking": "multi-storey" }, "amenity": "parking", "shop": null, "leisure": null, "tourism": null, "office": null, "public_transport": null, "healthcare": null, "craft": null, "stations_in_radius": [ ], "stations_in_radius_dist_m": [ ], "poi_cluster": "env", "index_right": 48, "centroid_id": 98, "dist_m": 91.236708005247038 }, "geometry": { "type": "Point", "coordinates": [ -80.8457257, 35.2281793 ] } },
{ "type": "Feature", "properties": { "osm_id": 500204486, "name": "Charlotte Plaza Parking", "lat": 35.2246401, "lon": -80.8426857, "tags": { "access": "yes", "addr:city": "Charlotte", "addr:housenumber": "306", "addr:postcode": "28202", "addr:state": "NC", "addr:street": "East 4th Street", "alt_name": "SP Plus", "amenity": "parking", "brand": "SP+", "brand:wikidata": "Q7598289", "building": "yes", "capacity": "980", "fee": "yes", "height": "36", "name": "Charlotte Plaza Parking", "operator": "SP+", "operator:type": "private", "operator:wikidata": "Q7598289", "parking": "multi-storey", "surface": "concrete" }, "amenity": "parking", "shop": null, "leisure": null, "tourism": null, "office": null, "public_transport": null, "healthcare": null, "craft": null, "stations_in_radius": [ ], "stations_in_radius_dist_m": [ ], "poi_cluster": "env", "index_right": 76, "centroid_id": 106, "dist_m": 92.872657091208595 }, "geometry": { "type": "Point", "coordinates": [ -80.8426857, 35.2246401 ] } },
{ "type": "Feature", "properties": { "osm_id": 500997294, "name": null, "lat": 35.227313, "lon": -80.8446753, "tags": { "access": "yes", "amenity": "parking", "building": "parking", "fee": "yes", "height": "21", "operator": "Preferred Parking", "parking": "multi-storey", "surface": "concrete" }, "amenity": "parking", "shop": null, "leisure": null, "tourism": null, "office": null, "public_transport": null, "healthcare": null, "craft": null, "stations_in_radius": [ ], "stations_in_radius_dist_m": [ ], "poi_cluster": "env", "index_right": 48, "centroid_id": 98, "dist_m": 60.587356849766017 }, "geometry": { "type": "Point", "coordinates": [ -80.8446753, 35.227313 ] } },
{ "type": "Feature", "properties": { "osm_id": 513106099, "name": "Lot #125", "lat": 35.2238487, "lon": -80.8406868, "tags": { "addr:city": "Charlotte", "addr:housenumber": "125", "addr:postcode": "28202", "addr:state": "NC", "addr:street": "South Brevard Street", "amenity": "parking", "fee": "yes", "name": "Lot #125", "operator": "Preferred Parking", "parking": "surface", "surface": "asphalt" }, "amenity": "parking", "shop": null, "leisure": null, "tourism": null, "office": null, "public_transport": null, "healthcare": null, "craft": null, "stations_in_radius": "['CTC/Arena' '3rd St/Convention']", "stations_in_radius_dist_m": "[142.82 217.58]", "poi_cluster": "env", "index_right": 53, "centroid_id": 117, "dist_m": 48.074492573074892 }, "geometry": { "type": "Point", "coordinates": [ -80.840686800000015, 35.2238487 ] } },
{ "type": "Feature", "properties": { "osm_id": 513106103, "name": "Lot #415S", "lat": 35.2234748, "lon": -80.8402947, "tags": { "addr:city": "Charlotte", "addr:housenumber": "415", "addr:postcode": "28202", "addr:state": "NC", "addr:street": "East 4th Street", "amenity": "parking", "fee": "yes", "name": "Lot #415S", "operator": "Preferred Parking", "parking": "surface", "surface": "asphalt" }, "amenity": "parking", "shop": null, "leisure": null, "tourism": null, "office": null, "public_transport": null, "healthcare": null, "craft": null, "stations_in_radius": "['CTC/Arena' '3rd St/Convention' '7th Street']", "stations_in_radius_dist_m": "[196.33 252.1  462.46]", "poi_cluster": "env", "index_right": 38, "centroid_id": 121, "dist_m": 64.80768234902402 }, "geometry": { "type": "Point", "coordinates": [ -80.8402947, 35.2234748 ] } },
{ "type": "Feature", "properties": { "osm_id": 513106106, "name": "Lot #426", "lat": 35.2235465, "lon": -80.8398452, "tags": { "addr:city": "Charlotte", "addr:housenumber": "426", "addr:postcode": "28202", "addr:state": "NC", "addr:street": "East Trade Street", "amenity": "parking", "fee": "yes", "name": "Lot #426", "operator": "Peferred Parking", "parking": "surface", "surface": "asphalt" }, "amenity": "parking", "shop": null, "leisure": null, "tourism": null, "office": null, "public_transport": null, "healthcare": null, "craft": null, "stations_in_radius": "['CTC/Arena' '3rd St/Convention' '7th Street']", "stations_in_radius_dist_m": "[213.88 292.64 438.59]", "poi_cluster": "env", "index_right": 38, "centroid_id": 121, "dist_m": 74.863990956555725 }, "geometry": { "type": "Point", "coordinates": [ -80.8398452, 35.2235465 ] } },
{ "type": "Feature", "properties": { "osm_id": 766639183, "name": "Prefered Parking", "lat": 35.2212678, "lon": -80.8415254, "tags": { "access": "yes", "addr:city": "Charlotte", "addr:housenumber": "300", "addr:postcode": "28202", "addr:state": "NC", "addr:street": "South Davidson Street", "amenity": "parking", "fee": "yes", "maxstay": "12 hours", "name": "Prefered Parking", "operator:type": "private", "parking": "surface", "surface": "asphalt" }, "amenity": "parking", "shop": null, "leisure": null, "tourism": null, "office": null, "public_transport": null, "healthcare": null, "craft": null, "stations_in_radius": "['3rd St/Convention' 'Brooklyn Village']", "stations_in_radius_dist_m": "[294.91 492.94]", "poi_cluster": "env", "index_right": 97, "centroid_id": 110, "dist_m": 98.653879889912702 }, "geometry": { "type": "Point", "coordinates": [ -80.8415254, 35.2212678 ] } },
{ "type": "Feature", "properties": { "osm_id": 909609280, "name": null, "lat": 35.2277988, "lon": -80.8453218, "tags": { "amenity": "parking" }, "amenity": "parking", "shop": null, "leisure": null, "tourism": null, "office": null, "public_transport": null, "healthcare": null, "craft": null, "stations_in_radius": [ "CTC/Arena" ], "stations_in_radius_dist_m": [ 473.66 ], "poi_cluster": "env", "index_right": 48, "centroid_id": 98, "dist_m": 41.52227581716793 }, "geometry": { "type": "Point", "coordinates": [ -80.8453218, 35.2277988 ] } },
{ "type": "Feature", "properties": { "osm_id": 985188326, "name": null, "lat": 35.2272335, "lon": -80.8426559, "tags": { "amenity": "bench", "backrest": "yes", "material": "concrete" }, "amenity": "bench", "shop": null, "leisure": null, "tourism": null, "office": null, "public_transport": null, "healthcare": null, "craft": null, "stations_in_radius": "['CTC/Arena' '3rd St/Convention']", "stations_in_radius_dist_m": "[273.17 403.53]", "poi_cluster": "env", "index_right": 14, "centroid_id": 107, "dist_m": 43.314978342759474 }, "geometry": { "type": "Point", "coordinates": [ -80.8426559, 35.2272335 ] } },
{ "type": "Feature", "properties": { "osm_id": 985188331, "name": null, "lat": 35.2284001, "lon": -80.8431275, "tags": { "access": "yes", "amenity": "parking", "building": "parking", "fee": "yes", "parking": "multi-storey", "surface": "concrete" }, "amenity": "parking", "shop": null, "leisure": null, "tourism": null, "office": null, "public_transport": null, "healthcare": null, "craft": null, "stations_in_radius": [ "CTC/Arena" ], "stations_in_radius_dist_m": [ 408.88 ], "poi_cluster": "env", "index_right": 60, "centroid_id": 108, "dist_m": 66.482203199571643 }, "geometry": { "type": "Point", "coordinates": [ -80.8431275, 35.2284001 ] } },
{ "type": "Feature", "properties": { "osm_id": 1047744389, "name": "418 East 6th Street", "lat": 35.2257396, "lon": -80.837736, "tags": { "access": "permit", "addr:city": "Charlotte", "addr:housenumber": "418", "addr:postcode": "28202", "addr:state": "NC", "addr:street": "East 6th Street", "amenity": "parking", "fee": "yes", "name": "418 East 6th Street", "operator": "Preferred Parking", "parking": "surface", "surface": "asphalt" }, "amenity": "parking", "shop": null, "leisure": null, "tourism": null, "office": null, "public_transport": null, "healthcare": null, "craft": null, "stations_in_radius": "['7th Street' 'CTC/Arena']", "stations_in_radius_dist_m": "[166.8  342.48]", "poi_cluster": "env", "index_right": 61, "centroid_id": 136, "dist_m": 36.839668009428586 }, "geometry": { "type": "Point", "coordinates": [ -80.837736, 35.2257396 ] } },
{ "type": "Feature", "properties": { "osm_id": 1090622203, "name": null, "lat": 35.2221518, "lon": -80.8422876, "tags": { "amenity": "parking" }, "amenity": "parking", "shop": null, "leisure": null, "tourism": null, "office": null, "public_transport": null, "healthcare": null, "craft": null, "stations_in_radius": "['3rd St/Convention' 'CTC/Arena' 'Brooklyn Village']", "stations_in_radius_dist_m": "[176.33 326.26 431.74]", "poi_cluster": "env", "index_right": 0, "centroid_id": 111, "dist_m": 84.338219388236709 }, "geometry": { "type": "Point", "coordinates": [ -80.8422876, 35.2221518 ] } },
{ "type": "Feature", "properties": { "osm_id": 1098375127, "name": null, "lat": 35.2288876, "lon": -80.8386545, "tags": { "amenity": "parking", "parking": "surface", "surface": "asphalt" }, "amenity": "parking", "shop": null, "leisure": null, "tourism": null, "office": null, "public_transport": null, "healthcare": null, "craft": null, "stations_in_radius": "['7th Street' '9th Street' 'CTC/Arena']", "stations_in_radius_dist_m": "[192.69 344.54 497.84]", "poi_cluster": "env", "index_right": 21, "centroid_id": 130, "dist_m": 38.857601357196188 }, "geometry": { "type": "Point", "coordinates": [ -80.8386545, 35.2288876 ] } },
{ "type": "Feature", "properties": { "osm_id": 1113509384, "name": null, "lat": 35.2210588, "lon": -80.8392003, "tags": { "access": "yes", "amenity": "bicycle_parking", "bicycle_parking": "stands", "capacity": "8", "covered": "yes", "fee": "no", "lit": "yes" }, "amenity": "bicycle_parking", "shop": null, "leisure": null, "tourism": null, "office": null, "public_transport": null, "healthcare": null, "craft": null, "stations_in_radius": [ "3rd St/Convention" ], "stations_in_radius_dist_m": [ 451.03 ], "poi_cluster": "env", "index_right": 117, "centroid_id": 127, "dist_m": 105.42175524412963 }, "geometry": { "type": "Point", "coordinates": [ -80.8392003, 35.2210588 ] } },
{ "type": "Feature", "properties": { "osm_id": 1181513185, "name": null, "lat": 35.2270974, "lon": -80.8367814, "tags": { "amenity": "bicycle_parking", "bicycle_parking": "stands", "capacity": "10", "fee": "no" }, "amenity": "bicycle_parking", "shop": null, "leisure": null, "tourism": null, "office": null, "public_transport": null, "healthcare": null, "craft": null, "stations_in_radius": "['7th Street' '9th Street' 'CTC/Arena']", "stations_in_radius_dist_m": "[117.14 331.04 479.57]", "poi_cluster": "env", "index_right": 95, "centroid_id": 144, "dist_m": 15.220857648550572 }, "geometry": { "type": "Point", "coordinates": [ -80.8367814, 35.227097399999984 ] } },
{ "type": "Feature", "properties": { "osm_id": 1309950405, "name": null, "lat": 35.2294416, "lon": -80.838523, "tags": { "amenity": "parking", "building": "yes", "parking": "multi-storey" }, "amenity": "parking", "shop": null, "leisure": null, "tourism": null, "office": null, "public_transport": null, "healthcare": null, "craft": null, "stations_in_radius": [ ], "stations_in_radius_dist_m": [ ], "poi_cluster": "env", "index_right": 24, "centroid_id": 137, "dist_m": 81.19980697506179 }, "geometry": { "type": "Point", "coordinates": [ -80.838523, 35.2294416 ] } },
{ "type": "Feature", "properties": { "osm_id": 1327104767, "name": null, "lat": 35.2237994, "lon": -80.8466892, "tags": { "amenity": "parking", "layer": "-1", "parking": "underground" }, "amenity": "parking", "shop": null, "leisure": null, "tourism": null, "office": null, "public_transport": null, "healthcare": null, "craft": null, "stations_in_radius": "['Brooklyn Village' '3rd St/Convention']", "stations_in_radius_dist_m": "[268.18 330.93]", "poi_cluster": "env", "index_right": 99, "centroid_id": 91, "dist_m": 76.43847167276175 }, "geometry": { "type": "Point", "coordinates": [ -80.8466892, 35.2237994 ] } },
{ "type": "Feature", "properties": { "osm_id": 1469308891, "name": null, "lat": 35.2287095, "lon": -80.8439068, "tags": { "amenity": "parking", "capacity": "4", "capacity:disabled": "4", "parking": "street_side" }, "amenity": "parking", "shop": null, "leisure": null, "tourism": null, "office": null, "public_transport": null, "healthcare": null, "craft": null, "stations_in_radius": [ "CTC/Arena" ], "stations_in_radius_dist_m": [ 470.84 ], "poi_cluster": "env", "index_right": 29, "centroid_id": 103, "dist_m": 73.675776440567915 }, "geometry": { "type": "Point", "coordinates": [ -80.8439068, 35.2287095 ] } },
{ "type": "Feature", "properties": { "osm_id": 6054693, "name": null, "lat": 35.2237503, "lon": -80.8420914, "tags": { "amenity": "parking", "fee": "yes", "parking": "surface", "surface": "asphalt", "type": "multipolygon" }, "amenity": "parking", "shop": null, "leisure": null, "tourism": null, "office": null, "public_transport": null, "healthcare": null, "craft": null, "stations_in_radius": "['3rd St/Convention' 'CTC/Arena']", "stations_in_radius_dist_m": "[ 89.51 152.58]", "poi_cluster": "env", "index_right": 53, "centroid_id": 117, "dist_m": 80.212967496845891 }, "geometry": { "type": "Point", "coordinates": [ -80.8420914, 35.2237503 ] } },
{ "type": "Feature", "properties": { "osm_id": 16050776, "name": null, "lat": 35.2263831, "lon": -80.8385351, "tags": { "amenity": "parking", "building": "yes", "height": "48", "parking": "multi-storey", "type": "multipolygon" }, "amenity": "parking", "shop": null, "leisure": null, "tourism": null, "office": null, "public_transport": null, "healthcare": null, "craft": null, "stations_in_radius": "['7th Street' 'CTC/Arena']", "stations_in_radius_dist_m": "[102.39 301.7 ]", "poi_cluster": "env", "index_right": 161, "centroid_id": 133, "dist_m": 60.876381567065167 }, "geometry": { "type": "Point", "coordinates": [ -80.8385351, 35.226383099999985 ] } },
{ "type": "Feature", "properties": { "osm_id": 1848893531, "name": "Epicenter Parking", "lat": 35.22567, "lon": -80.8415601, "tags": { "amenity": "parking", "layer": "-1", "name": "Epicenter Parking", "parking": "underground" }, "amenity": "parking", "shop": null, "leisure": null, "tourism": null, "office": null, "public_transport": null, "healthcare": null, "craft": null, "stations_in_radius": "['CTC/Arena' '3rd St/Convention' '7th Street']", "stations_in_radius_dist_m": "[ 75.9  266.12 361.93]", "poi_cluster": "env", "index_right": 19, "centroid_id": 113, "dist_m": 81.377882489869847 }, "geometry": { "type": "Point", "coordinates": [ -80.8415601, 35.22567 ] } },
{ "type": "Feature", "properties": { "osm_id": 4001610999, "name": null, "lat": 35.2271093, "lon": -80.8433622, "tags": { "amenity": "waste_basket" }, "amenity": "waste_basket", "shop": null, "leisure": null, "tourism": null, "office": null, "public_transport": null, "healthcare": null, "craft": null, "stations_in_radius": "['CTC/Arena' '3rd St/Convention']", "stations_in_radius_dist_m": "[294.84 389.05]", "poi_cluster": "env", "index_right": 14, "centroid_id": 107, "dist_m": 23.245817921209007 }, "geometry": { "type": "Point", "coordinates": [ -80.8433622, 35.2271093 ] } },
{ "type": "Feature", "properties": { "osm_id": 4001611000, "name": null, "lat": 35.2271005, "lon": -80.8433783, "tags": { "amenity": "recycling" }, "amenity": "recycling", "shop": null, "leisure": null, "tourism": null, "office": null, "public_transport": null, "healthcare": null, "craft": null, "stations_in_radius": "['CTC/Arena' '3rd St/Convention']", "stations_in_radius_dist_m": "[294.96 388.18]", "poi_cluster": "env", "index_right": 14, "centroid_id": 107, "dist_m": 24.985186697036667 }, "geometry": { "type": "Point", "coordinates": [ -80.8433783, 35.2271005 ] } },
{ "type": "Feature", "properties": { "osm_id": 4001621938, "name": null, "lat": 35.2263528, "lon": -80.84453, "tags": { "amenity": "bicycle_parking" }, "amenity": "bicycle_parking", "shop": null, "leisure": null, "tourism": null, "office": null, "public_transport": null, "healthcare": null, "craft": null, "stations_in_radius": "['CTC/Arena' '3rd St/Convention']", "stations_in_radius_dist_m": "[322.73 332.29]", "poi_cluster": "env", "index_right": 37, "centroid_id": 102, "dist_m": 33.088980165802987 }, "geometry": { "type": "Point", "coordinates": [ -80.84453, 35.2263528 ] } },
{ "type": "Feature", "properties": { "osm_id": 4001621954, "name": null, "lat": 35.2240204, "lon": -80.8478513, "tags": { "amenity": "bench" }, "amenity": "bench", "shop": null, "leisure": null, "tourism": null, "office": null, "public_transport": null, "healthcare": null, "craft": null, "stations_in_radius": "['Brooklyn Village' '3rd St/Convention']", "stations_in_radius_dist_m": "[303.27 438.39]", "poi_cluster": "env", "index_right": 47, "centroid_id": 85, "dist_m": 40.301456164505908 }, "geometry": { "type": "Point", "coordinates": [ -80.8478513, 35.2240204 ] } },
{ "type": "Feature", "properties": { "osm_id": 4001621955, "name": null, "lat": 35.2239341, "lon": -80.8479814, "tags": { "amenity": "bench" }, "amenity": "bench", "shop": null, "leisure": null, "tourism": null, "office": null, "public_transport": null, "healthcare": null, "craft": null, "stations_in_radius": "['Brooklyn Village' '3rd St/Convention']", "stations_in_radius_dist_m": "[297.63 449.3 ]", "poi_cluster": "env", "index_right": 47, "centroid_id": 85, "dist_m": 55.488357688977544 }, "geometry": { "type": "Point", "coordinates": [ -80.8479814, 35.2239341 ] } },
{ "type": "Feature", "properties": { "osm_id": 4001621956, "name": null, "lat": 35.2236974, "lon": -80.8483185, "tags": { "amenity": "bench" }, "amenity": "bench", "shop": null, "leisure": null, "tourism": null, "office": null, "public_transport": null, "healthcare": null, "craft": null, "stations_in_radius": "['Brooklyn Village' '3rd St/Convention']", "stations_in_radius_dist_m": "[284.99 478.64]", "poi_cluster": "env", "index_right": 3, "centroid_id": 81, "dist_m": 46.063922329460851 }, "geometry": { "type": "Point", "coordinates": [ -80.8483185, 35.2236974 ] } },
{ "type": "Feature", "properties": { "osm_id": 4001623357, "name": null, "lat": 35.2237246, "lon": -80.8482777, "tags": { "amenity": "bench" }, "amenity": "bench", "shop": null, "leisure": null, "tourism": null, "office": null, "public_transport": null, "healthcare": null, "craft": null, "stations_in_radius": "['Brooklyn Village' '3rd St/Convention']", "stations_in_radius_dist_m": "[286.1 475. ]", "poi_cluster": "env", "index_right": 3, "centroid_id": 81, "dist_m": 50.741154125884094 }, "geometry": { "type": "Point", "coordinates": [ -80.8482777, 35.2237246 ] } },
{ "type": "Feature", "properties": { "osm_id": 8413520017, "name": null, "lat": 35.2269298, "lon": -80.8476067, "tags": { "amenity": "bench" }, "amenity": "bench", "shop": null, "leisure": null, "tourism": null, "office": null, "public_transport": null, "healthcare": null, "craft": null, "stations_in_radius": [ "3rd St/Convention" ], "stations_in_radius_dist_m": [ 553.84 ], "poi_cluster": "env", "index_right": 145, "centroid_id": 87, "dist_m": 63.960906035310636 }, "geometry": { "type": "Point", "coordinates": [ -80.8476067, 35.2269298 ] } },
{ "type": "Feature", "properties": { "osm_id": 8413520018, "name": null, "lat": 35.2267864, "lon": -80.847896, "tags": { "amenity": "bench" }, "amenity": "bench", "shop": null, "leisure": null, "tourism": null, "office": null, "public_transport": null, "healthcare": null, "craft": null, "stations_in_radius": [ "3rd St/Convention" ], "stations_in_radius_dist_m": [ 563.7 ], "poi_cluster": "env", "index_right": 145, "centroid_id": 87, "dist_m": 92.186135110512453 }, "geometry": { "type": "Point", "coordinates": [ -80.847896, 35.2267864 ] } },
{ "type": "Feature", "properties": { "osm_id": 8413520036, "name": null, "lat": 35.2268393, "lon": -80.8477448, "tags": { "amenity": "bench" }, "amenity": "bench", "shop": null, "leisure": null, "tourism": null, "office": null, "public_transport": null, "healthcare": null, "craft": null, "stations_in_radius": [ "3rd St/Convention" ], "stations_in_radius_dist_m": [ 556.78 ], "poi_cluster": "env", "index_right": 145, "centroid_id": 87, "dist_m": 79.192827346684069 }, "geometry": { "type": "Point", "coordinates": [ -80.8477448, 35.2268393 ] } },
{ "type": "Feature", "properties": { "osm_id": 8413520037, "name": null, "lat": 35.2271846, "lon": -80.847477, "tags": { "amenity": "bench", "armrest": "yes", "backrest": "yes", "material": "metal" }, "amenity": "bench", "shop": null, "leisure": null, "tourism": null, "office": null, "public_transport": null, "healthcare": null, "craft": null, "stations_in_radius": [ "3rd St/Convention" ], "stations_in_radius_dist_m": [ 564.55 ], "poi_cluster": "env", "index_right": 145, "centroid_id": 87, "dist_m": 33.87779729549024 }, "geometry": { "type": "Point", "coordinates": [ -80.847477, 35.2271846 ] } },
{ "type": "Feature", "properties": { "osm_id": 8413520038, "name": null, "lat": 35.2272363, "lon": -80.8474736, "tags": { "amenity": "bench", "armrest": "yes", "backrest": "yes", "material": "metal" }, "amenity": "bench", "shop": null, "leisure": null, "tourism": null, "office": null, "public_transport": null, "healthcare": null, "craft": null, "stations_in_radius": [ "3rd St/Convention" ], "stations_in_radius_dist_m": [ 568.37 ], "poi_cluster": "env", "index_right": 145, "centroid_id": 87, "dist_m": 29.322729735826179 }, "geometry": { "type": "Point", "coordinates": [ -80.8474736, 35.227236299999987 ] } },
{ "type": "Feature", "properties": { "osm_id": 10087263039, "name": null, "lat": 35.2201686, "lon": -80.845069, "tags": { "amenity": "bicycle_parking", "bicycle_parking": "stands", "capacity": "4", "covered": "no" }, "amenity": "bicycle_parking", "shop": null, "leisure": null, "tourism": null, "office": null, "public_transport": null, "healthcare": null, "craft": null, "stations_in_radius": "['Brooklyn Village' '3rd St/Convention']", "stations_in_radius_dist_m": "[217.58 423.18]", "poi_cluster": "env", "index_right": 108, "centroid_id": 100, "dist_m": 54.226001074310354 }, "geometry": { "type": "Point", "coordinates": [ -80.845069, 35.2201686 ] } },
{ "type": "Feature", "properties": { "osm_id": 10087263045, "name": null, "lat": 35.2202518, "lon": -80.845155, "tags": { "amenity": "bicycle_parking", "bicycle_parking": "stands", "capacity": "4", "covered": "no" }, "amenity": "bicycle_parking", "shop": null, "leisure": null, "tourism": null, "office": null, "public_transport": null, "healthcare": null, "craft": null, "stations_in_radius": "['Brooklyn Village' '3rd St/Convention']", "stations_in_radius_dist_m": "[205.72 418.39]", "poi_cluster": "env", "index_right": 108, "centroid_id": 100, "dist_m": 65.194070065369388 }, "geometry": { "type": "Point", "coordinates": [ -80.845155, 35.2202518 ] } },
{ "type": "Feature", "properties": { "osm_id": 10087263056, "name": null, "lat": 35.2203361, "lon": -80.845243, "tags": { "amenity": "bicycle_parking", "bicycle_parking": "stands", "capacity": "4", "covered": "no" }, "amenity": "bicycle_parking", "shop": null, "leisure": null, "tourism": null, "office": null, "public_transport": null, "healthcare": null, "craft": null, "stations_in_radius": "['Brooklyn Village' '3rd St/Convention']", "stations_in_radius_dist_m": "[193.68 413.87]", "poi_cluster": "env", "index_right": 109, "centroid_id": 95, "dist_m": 69.851203766795948 }, "geometry": { "type": "Point", "coordinates": [ -80.845243, 35.2203361 ] } },
{ "type": "Feature", "properties": { "osm_id": 10979308779, "name": null, "lat": 35.2269424, "lon": -80.84332, "tags": { "amenity": "bench", "backrest": "yes", "seats": "4" }, "amenity": "bench", "shop": null, "leisure": null, "tourism": null, "office": null, "public_transport": null, "healthcare": null, "craft": null, "stations_in_radius": "['CTC/Arena' '3rd St/Convention']", "stations_in_radius_dist_m": "[277.94 370.32]", "poi_cluster": "env", "index_right": 14, "centroid_id": 107, "dist_m": 33.042747186028322 }, "geometry": { "type": "Point", "coordinates": [ -80.84332, 35.2269424 ] } },
{ "type": "Feature", "properties": { "osm_id": 10979308780, "name": null, "lat": 35.2269197, "lon": -80.8433523, "tags": { "amenity": "bench", "backrest": "yes", "seats": "4" }, "amenity": "bench", "shop": null, "leisure": null, "tourism": null, "office": null, "public_transport": null, "healthcare": null, "craft": null, "stations_in_radius": "['CTC/Arena' '3rd St/Convention']", "stations_in_radius_dist_m": "[277.87 368.01]", "poi_cluster": "env", "index_right": 14, "centroid_id": 107, "dist_m": 36.746223011636147 }, "geometry": { "type": "Point", "coordinates": [ -80.8433523, 35.2269197 ] } },
{ "type": "Feature", "properties": { "osm_id": 10979308781, "name": null, "lat": 35.226848, "lon": -80.8434607, "tags": { "amenity": "bench", "backrest": "yes", "seats": "4" }, "amenity": "bench", "shop": null, "leisure": null, "tourism": null, "office": null, "public_transport": null, "healthcare": null, "craft": null, "stations_in_radius": "['CTC/Arena' '3rd St/Convention']", "stations_in_radius_dist_m": "[278.41 360.94]", "poi_cluster": "env", "index_right": 14, "centroid_id": 107, "dist_m": 48.969460323170644 }, "geometry": { "type": "Point", "coordinates": [ -80.8434607, 35.226848 ] } },
{ "type": "Feature", "properties": { "osm_id": 10979308782, "name": null, "lat": 35.2268252, "lon": -80.8434914, "tags": { "amenity": "bench", "backrest": "yes", "seats": "4" }, "amenity": "bench", "shop": null, "leisure": null, "tourism": null, "office": null, "public_transport": null, "healthcare": null, "craft": null, "stations_in_radius": "['CTC/Arena' '3rd St/Convention']", "stations_in_radius_dist_m": "[278.46 358.72]", "poi_cluster": "env", "index_right": 14, "centroid_id": 107, "dist_m": 52.685423352411405 }, "geometry": { "type": "Point", "coordinates": [ -80.8434914, 35.2268252 ] } },
{ "type": "Feature", "properties": { "osm_id": 10979308793, "name": null, "lat": 35.2269731, "lon": -80.8432808, "tags": { "amenity": "bicycle_parking", "bicycle_parking": "wave", "capacity": "3", "covered": "no" }, "amenity": "bicycle_parking", "shop": null, "leisure": null, "tourism": null, "office": null, "public_transport": null, "healthcare": null, "craft": null, "stations_in_radius": "['CTC/Arena' '3rd St/Convention']", "stations_in_radius_dist_m": "[278.37 373.51]", "poi_cluster": "env", "index_right": 14, "centroid_id": 107, "dist_m": 28.301478629145649 }, "geometry": { "type": "Point", "coordinates": [ -80.8432808, 35.2269731 ] } },
{ "type": "Feature", "properties": { "osm_id": 10979308794, "name": null, "lat": 35.2269878, "lon": -80.8432612, "tags": { "amenity": "bicycle_parking", "bicycle_parking": "wave", "capacity": "3", "covered": "no" }, "amenity": "bicycle_parking", "shop": null, "leisure": null, "tourism": null, "office": null, "public_transport": null, "healthcare": null, "craft": null, "stations_in_radius": "['CTC/Arena' '3rd St/Convention']", "stations_in_radius_dist_m": "[278.55 375.05]", "poi_cluster": "env", "index_right": 14, "centroid_id": 107, "dist_m": 26.021384021771329 }, "geometry": { "type": "Point", "coordinates": [ -80.8432612, 35.2269878 ] } },
{ "type": "Feature", "properties": { "osm_id": 10979308795, "name": null, "lat": 35.2268773, "lon": -80.843419, "tags": { "amenity": "bicycle_parking", "bicycle_parking": "wave", "capacity": "3", "covered": "no" }, "amenity": "bicycle_parking", "shop": null, "leisure": null, "tourism": null, "office": null, "public_transport": null, "healthcare": null, "craft": null, "stations_in_radius": "['CTC/Arena' '3rd St/Convention']", "stations_in_radius_dist_m": "[278.27 363.82]", "poi_cluster": "env", "index_right": 14, "centroid_id": 107, "dist_m": 44.084620293285667 }, "geometry": { "type": "Point", "coordinates": [ -80.843419, 35.2268773 ] } },
{ "type": "Feature", "properties": { "osm_id": 10979308796, "name": null, "lat": 35.2268905, "lon": -80.8433988, "tags": { "amenity": "bicycle_parking", "bicycle_parking": "wave", "capacity": "3", "covered": "no" }, "amenity": "bicycle_parking", "shop": null, "leisure": null, "tourism": null, "office": null, "public_transport": null, "healthcare": null, "craft": null, "stations_in_radius": "['CTC/Arena' '3rd St/Convention']", "stations_in_radius_dist_m": "[278.16 365.11]", "poi_cluster": "env", "index_right": 14, "centroid_id": 107, "dist_m": 41.817036296368251 }, "geometry": { "type": "Point", "coordinates": [ -80.8433988, 35.2268905 ] } },
{ "type": "Feature", "properties": { "osm_id": 10979308797, "name": null, "lat": 35.2267291, "lon": -80.8436305, "tags": { "amenity": "bench", "backrest": "yes", "seats": "4" }, "amenity": "bench", "shop": null, "leisure": null, "tourism": null, "office": null, "public_transport": null, "healthcare": null, "craft": null, "stations_in_radius": "['CTC/Arena' '3rd St/Convention']", "stations_in_radius_dist_m": "[279.89 349.78]", "poi_cluster": "env", "index_right": 37, "centroid_id": 102, "dist_m": 59.215247491799126 }, "geometry": { "type": "Point", "coordinates": [ -80.8436305, 35.2267291 ] } },
{ "type": "Feature", "properties": { "osm_id": 10979308798, "name": null, "lat": 35.2267057, "lon": -80.84366, "tags": { "amenity": "bench", "backrest": "yes", "seats": "4" }, "amenity": "bench", "shop": null, "leisure": null, "tourism": null, "office": null, "public_transport": null, "healthcare": null, "craft": null, "stations_in_radius": "['CTC/Arena' '3rd St/Convention']", "stations_in_radius_dist_m": "[280.1  347.63]", "poi_cluster": "env", "index_right": 37, "centroid_id": 102, "dist_m": 55.748706032496443 }, "geometry": { "type": "Point", "coordinates": [ -80.84366, 35.2267057 ] } },
{ "type": "Feature", "properties": { "osm_id": 10979308799, "name": null, "lat": 35.2266323, "lon": -80.8437692, "tags": { "amenity": "bench", "backrest": "yes", "seats": "4" }, "amenity": "bench", "shop": null, "leisure": null, "tourism": null, "office": null, "public_transport": null, "healthcare": null, "craft": null, "stations_in_radius": "['CTC/Arena' '3rd St/Convention']", "stations_in_radius_dist_m": "[282.21 341.33]", "poi_cluster": "env", "index_right": 37, "centroid_id": 102, "dist_m": 43.69514844559064 }, "geometry": { "type": "Point", "coordinates": [ -80.8437692, 35.2266323 ] } },
{ "type": "Feature", "properties": { "osm_id": 10979308800, "name": null, "lat": 35.2266108, "lon": -80.8437978, "tags": { "amenity": "bench", "backrest": "yes", "seats": "4" }, "amenity": "bench", "shop": null, "leisure": null, "tourism": null, "office": null, "public_transport": null, "healthcare": null, "craft": null, "stations_in_radius": "['CTC/Arena' '3rd St/Convention']", "stations_in_radius_dist_m": "[282.7 339.5]", "poi_cluster": "env", "index_right": 37, "centroid_id": 102, "dist_m": 40.556051989654577 }, "geometry": { "type": "Point", "coordinates": [ -80.8437978, 35.2266108 ] } },
{ "type": "Feature", "properties": { "osm_id": 10979308801, "name": null, "lat": 35.226535, "lon": -80.8439061, "tags": { "amenity": "bench", "backrest": "yes", "seats": "4" }, "amenity": "bench", "shop": null, "leisure": null, "tourism": null, "office": null, "public_transport": null, "healthcare": null, "craft": null, "stations_in_radius": "['CTC/Arena' '3rd St/Convention']", "stations_in_radius_dist_m": "[285.32 333.4 ]", "poi_cluster": "env", "index_right": 37, "centroid_id": 102, "dist_m": 29.506597704644477 }, "geometry": { "type": "Point", "coordinates": [ -80.8439061, 35.226535 ] } },
{ "type": "Feature", "properties": { "osm_id": 10979308802, "name": null, "lat": 35.2265145, "lon": -80.8439361, "tags": { "amenity": "bench", "backrest": "yes", "seats": "4" }, "amenity": "bench", "shop": null, "leisure": null, "tourism": null, "office": null, "public_transport": null, "healthcare": null, "craft": null, "stations_in_radius": "['CTC/Arena' '3rd St/Convention']", "stations_in_radius_dist_m": "[286.17 331.83]", "poi_cluster": "env", "index_right": 37, "centroid_id": 102, "dist_m": 26.748097166667261 }, "geometry": { "type": "Point", "coordinates": [ -80.8439361, 35.2265145 ] } },
{ "type": "Feature", "properties": { "osm_id": 10979328108, "name": null, "lat": 35.226995, "lon": -80.8435154, "tags": { "amenity": "waste_basket" }, "amenity": "waste_basket", "shop": null, "leisure": null, "tourism": null, "office": null, "public_transport": null, "healthcare": null, "craft": null, "stations_in_radius": "['CTC/Arena' '3rd St/Convention']", "stations_in_radius_dist_m": "[293.87 377.68]", "poi_cluster": "env", "index_right": 14, "centroid_id": 107, "dist_m": 41.587104096287369 }, "geometry": { "type": "Point", "coordinates": [ -80.8435154, 35.226995 ] } },
{ "type": "Feature", "properties": { "osm_id": 10979328109, "name": null, "lat": 35.2269862, "lon": -80.8435315, "tags": { "amenity": "recycling" }, "amenity": "recycling", "shop": null, "leisure": null, "tourism": null, "office": null, "public_transport": null, "healthcare": null, "craft": null, "stations_in_radius": "['CTC/Arena' '3rd St/Convention']", "stations_in_radius_dist_m": "[294.1  376.87]", "poi_cluster": "env", "index_right": 14, "centroid_id": 107, "dist_m": 43.347088902081715 }, "geometry": { "type": "Point", "coordinates": [ -80.8435315, 35.2269862 ] } },
{ "type": "Feature", "properties": { "osm_id": 10979328110, "name": null, "lat": 35.2269346, "lon": -80.8436081, "tags": { "amenity": "bench", "backrest": "yes", "seats": "4" }, "amenity": "bench", "shop": null, "leisure": null, "tourism": null, "office": null, "public_transport": null, "healthcare": null, "craft": null, "stations_in_radius": "['CTC/Arena' '3rd St/Convention']", "stations_in_radius_dist_m": "[294.57 372.06]", "poi_cluster": "env", "index_right": 14, "centroid_id": 107, "dist_m": 52.31170004405007 }, "geometry": { "type": "Point", "coordinates": [ -80.8436081, 35.2269346 ] } },
{ "type": "Feature", "properties": { "osm_id": 10979328111, "name": null, "lat": 35.2269032, "lon": -80.8436479, "tags": { "amenity": "bicycle_parking", "bicycle_parking": "stands", "capacity": "2" }, "amenity": "bicycle_parking", "shop": null, "leisure": null, "tourism": null, "office": null, "public_transport": null, "healthcare": null, "craft": null, "stations_in_radius": "['CTC/Arena' '3rd St/Convention']", "stations_in_radius_dist_m": "[294.56 369.12]", "poi_cluster": "env", "index_right": 14, "centroid_id": 107, "dist_m": 57.263523209221468 }, "geometry": { "type": "Point", "coordinates": [ -80.8436479, 35.2269032 ] } },
{ "type": "Feature", "properties": { "osm_id": 10979328112, "name": null, "lat": 35.22689, "lon": -80.8436674, "tags": { "amenity": "waste_basket" }, "amenity": "waste_basket", "shop": null, "leisure": null, "tourism": null, "office": null, "public_transport": null, "healthcare": null, "craft": null, "stations_in_radius": "['CTC/Arena' '3rd St/Convention']", "stations_in_radius_dist_m": "[294.76 367.93]", "poi_cluster": "env", "index_right": 14, "centroid_id": 107, "dist_m": 59.555644557222507 }, "geometry": { "type": "Point", "coordinates": [ -80.8436674, 35.22689 ] } },
{ "type": "Feature", "properties": { "osm_id": 10979328117, "name": null, "lat": 35.2268592, "lon": -80.8437149, "tags": { "amenity": "bench", "backrest": "yes", "seats": "4" }, "amenity": "bench", "shop": null, "leisure": null, "tourism": null, "office": null, "public_transport": null, "healthcare": null, "craft": null, "stations_in_radius": "['CTC/Arena' '3rd St/Convention']", "stations_in_radius_dist_m": "[295.42 365.23]", "poi_cluster": "env", "index_right": 37, "centroid_id": 102, "dist_m": 60.00601791986233 }, "geometry": { "type": "Point", "coordinates": [ -80.8437149, 35.2268592 ] } },
{ "type": "Feature", "properties": { "osm_id": 10979328118, "name": null, "lat": 35.2268444, "lon": -80.843736, "tags": { "amenity": "bench", "backrest": "yes", "seats": "4" }, "amenity": "bench", "shop": null, "leisure": null, "tourism": null, "office": null, "public_transport": null, "healthcare": null, "craft": null, "stations_in_radius": "['CTC/Arena' '3rd St/Convention']", "stations_in_radius_dist_m": "[295.66 363.93]", "poi_cluster": "env", "index_right": 37, "centroid_id": 102, "dist_m": 57.481433746895455 }, "geometry": { "type": "Point", "coordinates": [ -80.843736, 35.2268444 ] } },
{ "type": "Feature", "properties": { "osm_id": 10979328119, "name": null, "lat": 35.2268155, "lon": -80.8437781, "tags": { "amenity": "waste_basket" }, "amenity": "waste_basket", "shop": null, "leisure": null, "tourism": null, "office": null, "public_transport": null, "healthcare": null, "craft": null, "stations_in_radius": "['CTC/Arena' '3rd St/Convention']", "stations_in_radius_dist_m": "[296.25 361.45]", "poi_cluster": "env", "index_right": 37, "centroid_id": 102, "dist_m": 52.488029407645321 }, "geometry": { "type": "Point", "coordinates": [ -80.8437781, 35.2268155 ] } },
{ "type": "Feature", "properties": { "osm_id": 10979328120, "name": null, "lat": 35.2268067, "lon": -80.8437942, "tags": { "amenity": "recycling" }, "amenity": "recycling", "shop": null, "leisure": null, "tourism": null, "office": null, "public_transport": null, "healthcare": null, "craft": null, "stations_in_radius": "['CTC/Arena' '3rd St/Convention']", "stations_in_radius_dist_m": "[296.67 360.76]", "poi_cluster": "env", "index_right": 37, "centroid_id": 102, "dist_m": 50.733950246714201 }, "geometry": { "type": "Point", "coordinates": [ -80.8437942, 35.2268067 ] } },
{ "type": "Feature", "properties": { "osm_id": 10979328121, "name": null, "lat": 35.2267264, "lon": -80.8439126, "tags": { "amenity": "bicycle_parking", "bicycle_parking": "stands", "capacity": "2" }, "amenity": "bicycle_parking", "shop": null, "leisure": null, "tourism": null, "office": null, "public_transport": null, "healthcare": null, "craft": null, "stations_in_radius": "['CTC/Arena' '3rd St/Convention']", "stations_in_radius_dist_m": "[298.92 354.21]", "poi_cluster": "env", "index_right": 37, "centroid_id": 102, "dist_m": 36.758518327469332 }, "geometry": { "type": "Point", "coordinates": [ -80.8439126, 35.2267264 ] } },
{ "type": "Feature", "properties": { "osm_id": 10979328122, "name": null, "lat": 35.2266255, "lon": -80.8440538, "tags": { "amenity": "bench", "backrest": "yes", "seats": "4" }, "amenity": "bench", "shop": null, "leisure": null, "tourism": null, "office": null, "public_transport": null, "healthcare": null, "craft": null, "stations_in_radius": "['CTC/Arena' '3rd St/Convention']", "stations_in_radius_dist_m": "[302.09 346.43]", "poi_cluster": "env", "index_right": 37, "centroid_id": 102, "dist_m": 19.758457989451397 }, "geometry": { "type": "Point", "coordinates": [ -80.8440538, 35.2266255 ] } },
{ "type": "Feature", "properties": { "osm_id": 10979328123, "name": null, "lat": 35.2266477, "lon": -80.8440226, "tags": { "amenity": "bench", "backrest": "yes", "seats": "4" }, "amenity": "bench", "shop": null, "leisure": null, "tourism": null, "office": null, "public_transport": null, "healthcare": null, "craft": null, "stations_in_radius": "['CTC/Arena' '3rd St/Convention']", "stations_in_radius_dist_m": "[301.3  348.09]", "poi_cluster": "env", "index_right": 37, "centroid_id": 102, "dist_m": 23.503748753535501 }, "geometry": { "type": "Point", "coordinates": [ -80.844022600000017, 35.2266477 ] } },
{ "type": "Feature", "properties": { "osm_id": 11006244547, "name": null, "lat": 35.227048, "lon": -80.8472742, "tags": { "amenity": "bench", "backrest": "yes" }, "amenity": "bench", "shop": null, "leisure": null, "tourism": null, "office": null, "public_transport": null, "healthcare": null, "craft": null, "stations_in_radius": [ "3rd St/Convention" ], "stations_in_radius_dist_m": [ 540.78 ], "poi_cluster": "env", "index_right": 145, "centroid_id": 87, "dist_m": 42.072199971230241 }, "geometry": { "type": "Point", "coordinates": [ -80.8472742, 35.227048 ] } },
{ "type": "Feature", "properties": { "osm_id": 11006244548, "name": null, "lat": 35.2270191, "lon": -80.8474147, "tags": { "access": "yes", "amenity": "drinking_water", "fee": "no", "seasonal": "spring;summer;autumn" }, "amenity": "drinking_water", "shop": null, "leisure": null, "tourism": null, "office": null, "public_transport": null, "healthcare": null, "craft": null, "stations_in_radius": [ "3rd St/Convention" ], "stations_in_radius_dist_m": [ 547.7 ], "poi_cluster": "env", "index_right": 145, "centroid_id": 87, "dist_m": 47.633410429318374 }, "geometry": { "type": "Point", "coordinates": [ -80.8474147, 35.2270191 ] } },
{ "type": "Feature", "properties": { "osm_id": 11006244551, "name": null, "lat": 35.2268937, "lon": -80.8472461, "tags": { "amenity": "bench", "armrest": "yes", "backrest": "yes" }, "amenity": "bench", "shop": null, "leisure": null, "tourism": null, "office": null, "public_transport": null, "healthcare": null, "craft": null, "stations_in_radius": [ "3rd St/Convention" ], "stations_in_radius_dist_m": [ 527. ], "poi_cluster": "env", "index_right": 145, "centroid_id": 87, "dist_m": 59.128695443125757 }, "geometry": { "type": "Point", "coordinates": [ -80.8472461, 35.2268937 ] } },
{ "type": "Feature", "properties": { "osm_id": 11006244554, "name": null, "lat": 35.2268935, "lon": -80.8472712, "tags": { "amenity": "bench", "armrest": "yes", "backrest": "yes" }, "amenity": "bench", "shop": null, "leisure": null, "tourism": null, "office": null, "public_transport": null, "healthcare": null, "craft": null, "stations_in_radius": [ "3rd St/Convention" ], "stations_in_radius_dist_m": [ 528.64 ], "poi_cluster": "env", "index_right": 145, "centroid_id": 87, "dist_m": 59.180509762065014 }, "geometry": { "type": "Point", "coordinates": [ -80.8472712, 35.2268935 ] } },
{ "type": "Feature", "properties": { "osm_id": 11006244555, "name": null, "lat": 35.2270818, "lon": -80.8474067, "tags": { "access": "yes", "amenity": "bicycle_parking", "bicycle_parking": "stands", "capacity": "8", "fee": "no" }, "amenity": "bicycle_parking", "shop": null, "leisure": null, "tourism": null, "office": null, "public_transport": null, "healthcare": null, "craft": null, "stations_in_radius": [ "3rd St/Convention" ], "stations_in_radius_dist_m": [ 552. ], "poi_cluster": "env", "index_right": 145, "centroid_id": 87, "dist_m": 40.83074160832804 }, "geometry": { "type": "Point", "coordinates": [ -80.8474067, 35.2270818 ] } },
{ "type": "Feature", "properties": { "osm_id": 11067479859, "name": null, "lat": 35.225496, "lon": -80.840497, "tags": { "access": "yes", "amenity": "bicycle_parking", "bicycle_parking": "stands", "capacity": "6", "covered": "no", "foot_traffic": "high", "indoor": "no" }, "amenity": "bicycle_parking", "shop": null, "leisure": null, "tourism": null, "office": null, "public_transport": null, "healthcare": null, "craft": null, "stations_in_radius": "['CTC/Arena' '7th Street' '3rd St/Convention']", "stations_in_radius_dist_m": "[ 98.13 292.81 313.28]", "poi_cluster": "env", "index_right": 79, "centroid_id": 122, "dist_m": 117.21875694244575 }, "geometry": { "type": "Point", "coordinates": [ -80.840497, 35.225496 ] } },
{ "type": "Feature", "properties": { "osm_id": 11067479860, "name": null, "lat": 35.2254848, "lon": -80.8405103, "tags": { "access": "yes", "amenity": "drinking_water", "fee": "no" }, "amenity": "drinking_water", "shop": null, "leisure": null, "tourism": null, "office": null, "public_transport": null, "healthcare": null, "craft": null, "stations_in_radius": "['CTC/Arena' '7th Street' '3rd St/Convention']", "stations_in_radius_dist_m": "[ 96.43 294.53 311.55]", "poi_cluster": "env", "index_right": 79, "centroid_id": 122, "dist_m": 116.40394384577291 }, "geometry": { "type": "Point", "coordinates": [ -80.8405103, 35.2254848 ] } },
{ "type": "Feature", "properties": { "osm_id": 11082310240, "name": null, "lat": 35.2274042, "lon": -80.8475231, "tags": { "amenity": "bench", "armrest": "yes", "backrest": "yes", "material": "metal" }, "amenity": "bench", "shop": null, "leisure": null, "tourism": null, "office": null, "public_transport": null, "healthcare": null, "craft": null, "stations_in_radius": [ "3rd St/Convention" ], "stations_in_radius_dist_m": [ 584.82 ], "poi_cluster": "env", "index_right": 145, "centroid_id": 87, "dist_m": 24.959049876584633 }, "geometry": { "type": "Point", "coordinates": [ -80.8475231, 35.2274042 ] } },
{ "type": "Feature", "properties": { "osm_id": 11083027175, "name": null, "lat": 35.22705, "lon": -80.8475197, "tags": { "amenity": "bench", "armrest": "yes", "backrest": "yes", "material": "metal" }, "amenity": "bench", "shop": null, "leisure": null, "tourism": null, "office": null, "public_transport": null, "healthcare": null, "craft": null, "stations_in_radius": [ "3rd St/Convention" ], "stations_in_radius_dist_m": [ 557. ], "poi_cluster": "env", "index_right": 145, "centroid_id": 87, "dist_m": 48.457090243788137 }, "geometry": { "type": "Point", "coordinates": [ -80.8475197, 35.22705 ] } },
{ "type": "Feature", "properties": { "osm_id": 11093618444, "name": null, "lat": 35.2256637, "lon": -80.8406002, "tags": { "access": "yes", "amenity": "bicycle_parking", "bicycle_parking": "stands", "capacity": "4", "covered": "partial", "foot_traffic": "high", "indoor": "no" }, "amenity": "bicycle_parking", "shop": null, "leisure": null, "tourism": null, "office": null, "public_transport": null, "healthcare": null, "craft": null, "stations_in_radius": "['CTC/Arena' '7th Street' '3rd St/Convention']", "stations_in_radius_dist_m": "[102.88 288.48 319.34]", "poi_cluster": "env", "index_right": 79, "centroid_id": 122, "dist_m": 137.81323476944812 }, "geometry": { "type": "Point", "coordinates": [ -80.8406002, 35.2256637 ] } },
{ "type": "Feature", "properties": { "osm_id": 11100885706, "name": null, "lat": 35.2235026, "lon": -80.8461081, "tags": { "amenity": "bicycle_parking", "bicycle_parking": "stands", "capacity": "2", "covered": "no" }, "amenity": "bicycle_parking", "shop": null, "leisure": null, "tourism": null, "office": null, "public_transport": null, "healthcare": null, "craft": null, "stations_in_radius": "['Brooklyn Village' '3rd St/Convention' 'CTC/Arena']", "stations_in_radius_dist_m": "[246.22 277.64 460.35]", "poi_cluster": "env", "index_right": 99, "centroid_id": 91, "dist_m": 49.73058550167346 }, "geometry": { "type": "Point", "coordinates": [ -80.8461081, 35.2235026 ] } },
{ "type": "Feature", "properties": { "osm_id": 11103367205, "name": null, "lat": 35.223277, "lon": -80.8438985, "tags": { "amenity": "bicycle_parking", "bicycle_parking": "stands", "capacity": "8", "covered": "no" }, "amenity": "bicycle_parking", "shop": null, "leisure": null, "tourism": null, "office": null, "public_transport": null, "healthcare": null, "craft": null, "stations_in_radius": "['3rd St/Convention' 'CTC/Arena' 'Brooklyn Village']", "stations_in_radius_dist_m": "[ 84.77 297.7  347.  ]", "poi_cluster": "env", "index_right": 31, "centroid_id": 105, "dist_m": 123.46492803218617 }, "geometry": { "type": "Point", "coordinates": [ -80.8438985, 35.223277 ] } },
{ "type": "Feature", "properties": { "osm_id": 11137021105, "name": null, "lat": 35.2261729, "lon": -80.8469188, "tags": { "amenity": "bicycle_parking", "bicycle_parking": "stands", "capacity": "6", "covered": "no" }, "amenity": "bicycle_parking", "shop": null, "leisure": null, "tourism": null, "office": null, "public_transport": null, "healthcare": null, "craft": null, "stations_in_radius": [ "3rd St/Convention" ], "stations_in_radius_dist_m": [ 451.77 ], "poi_cluster": "env", "index_right": 17, "centroid_id": 88, "dist_m": 12.225656527907828 }, "geometry": { "type": "Point", "coordinates": [ -80.8469188, 35.2261729 ] } },
{ "type": "Feature", "properties": { "osm_id": 11137505105, "name": null, "lat": 35.2242184, "lon": -80.8454829, "tags": { "amenity": "bicycle_parking", "bicycle_parking": "stands", "capacity": "4", "covered": "partial" }, "amenity": "bicycle_parking", "shop": null, "leisure": null, "tourism": null, "office": null, "public_transport": null, "healthcare": null, "craft": null, "stations_in_radius": "['3rd St/Convention' 'Brooklyn Village' 'CTC/Arena']", "stations_in_radius_dist_m": "[230.58 340.55 382.41]", "poi_cluster": "env", "index_right": 25, "centroid_id": 96, "dist_m": 23.729627471663424 }, "geometry": { "type": "Point", "coordinates": [ -80.8454829, 35.2242184 ] } },
{ "type": "Feature", "properties": { "osm_id": 11137505405, "name": null, "lat": 35.2241597, "lon": -80.845547, "tags": { "amenity": "bicycle_parking", "bicycle_parking": "stands", "capacity": "2", "covered": "partial" }, "amenity": "bicycle_parking", "shop": null, "leisure": null, "tourism": null, "office": null, "public_transport": null, "healthcare": null, "craft": null, "stations_in_radius": "['3rd St/Convention' 'Brooklyn Village' 'CTC/Arena']", "stations_in_radius_dist_m": "[234.39 332.29 389.6 ]", "poi_cluster": "env", "index_right": 25, "centroid_id": 96, "dist_m": 23.341936974655209 }, "geometry": { "type": "Point", "coordinates": [ -80.845547, 35.2241597 ] } },
{ "type": "Feature", "properties": { "osm_id": 11152109087, "name": null, "lat": 35.2273915, "lon": -80.8431881, "tags": { "amenity": "bicycle_parking", "bicycle_parking": "stands", "capacity": "4", "covered": "no" }, "amenity": "bicycle_parking", "shop": null, "leisure": null, "tourism": null, "office": null, "public_transport": null, "healthcare": null, "craft": null, "stations_in_radius": "['CTC/Arena' '3rd St/Convention']", "stations_in_radius_dist_m": "[311.63 419.53]", "poi_cluster": "env", "index_right": 14, "centroid_id": 107, "dist_m": 22.305258525932796 }, "geometry": { "type": "Point", "coordinates": [ -80.8431881, 35.2273915 ] } },
{ "type": "Feature", "properties": { "osm_id": 11152109088, "name": null, "lat": 35.2274108, "lon": -80.8432091, "tags": { "amenity": "bicycle_parking", "bicycle_parking": "stands", "capacity": "4", "covered": "no" }, "amenity": "bicycle_parking", "shop": null, "leisure": null, "tourism": null, "office": null, "public_transport": null, "healthcare": null, "craft": null, "stations_in_radius": "['CTC/Arena' '3rd St/Convention']", "stations_in_radius_dist_m": "[314.46 421.73]", "poi_cluster": "env", "index_right": 14, "centroid_id": 107, "dist_m": 24.875671462384325 }, "geometry": { "type": "Point", "coordinates": [ -80.8432091, 35.2274108 ] } },
{ "type": "Feature", "properties": { "osm_id": 11152109089, "name": null, "lat": 35.2272931, "lon": -80.8433222, "tags": { "amenity": "bicycle_parking", "bicycle_parking": "stands", "capacity": "4", "covered": "no" }, "amenity": "bicycle_parking", "shop": null, "leisure": null, "tourism": null, "office": null, "public_transport": null, "healthcare": null, "craft": null, "stations_in_radius": "['CTC/Arena' '3rd St/Convention']", "stations_in_radius_dist_m": "[309.17 409.15]", "poi_cluster": "env", "index_right": 14, "centroid_id": 107, "dist_m": 20.552025392174809 }, "geometry": { "type": "Point", "coordinates": [ -80.8433222, 35.2272931 ] } },
{ "type": "Feature", "properties": { "osm_id": 11152109090, "name": null, "lat": 35.2274497, "lon": -80.8434927, "tags": { "amenity": "bicycle_parking", "bicycle_parking": "stands", "capacity": "4", "covered": "no" }, "amenity": "bicycle_parking", "shop": null, "leisure": null, "tourism": null, "office": null, "public_transport": null, "healthcare": null, "craft": null, "stations_in_radius": "['CTC/Arena' '3rd St/Convention']", "stations_in_radius_dist_m": "[332.29 427.64]", "poi_cluster": "env", "index_right": 14, "centroid_id": 107, "dist_m": 43.378192625792828 }, "geometry": { "type": "Point", "coordinates": [ -80.8434927, 35.2274497 ] } },
{ "type": "Feature", "properties": { "osm_id": 11152109091, "name": null, "lat": 35.2275949, "lon": -80.8436662, "tags": { "amenity": "bicycle_parking", "bicycle_parking": "stands", "capacity": "4", "covered": "no" }, "amenity": "bicycle_parking", "shop": null, "leisure": null, "tourism": null, "office": null, "public_transport": null, "healthcare": null, "craft": null, "stations_in_radius": "['CTC/Arena' '3rd St/Convention']", "stations_in_radius_dist_m": "[354.57 445.36]", "poi_cluster": "env", "index_right": 14, "centroid_id": 107, "dist_m": 65.869508168661682 }, "geometry": { "type": "Point", "coordinates": [ -80.8436662, 35.2275949 ] } },
{ "type": "Feature", "properties": { "osm_id": 11152109093, "name": null, "lat": 35.2275939, "lon": -80.8434079, "tags": { "amenity": "bicycle_parking", "bicycle_parking": "stands", "capacity": "2", "covered": "no" }, "amenity": "bicycle_parking", "shop": null, "leisure": null, "tourism": null, "office": null, "public_transport": null, "healthcare": null, "craft": null, "stations_in_radius": "['CTC/Arena' '3rd St/Convention']", "stations_in_radius_dist_m": "[341.28 442.95]", "poi_cluster": "env", "index_right": 14, "centroid_id": 107, "dist_m": 50.857423124907847 }, "geometry": { "type": "Point", "coordinates": [ -80.8434079, 35.2275939 ] } },
{ "type": "Feature", "properties": { "osm_id": 11152216961, "name": null, "lat": 35.2266715, "lon": -80.8437108, "tags": { "amenity": "bicycle_parking", "bicycle_parking": "wave", "capacity": "3", "covered": "no" }, "amenity": "bicycle_parking", "shop": null, "leisure": null, "tourism": null, "office": null, "public_transport": null, "healthcare": null, "craft": null, "stations_in_radius": "['CTC/Arena' '3rd St/Convention']", "stations_in_radius_dist_m": "[281.01 344.65]", "poi_cluster": "env", "index_right": 37, "centroid_id": 102, "dist_m": 50.090428631635852 }, "geometry": { "type": "Point", "coordinates": [ -80.8437108, 35.2266715 ] } },
{ "type": "Feature", "properties": { "osm_id": 11152216962, "name": null, "lat": 35.2266583, "lon": -80.843731, "tags": { "amenity": "bicycle_parking", "bicycle_parking": "wave", "capacity": "3", "covered": "no" }, "amenity": "bicycle_parking", "shop": null, "leisure": null, "tourism": null, "office": null, "public_transport": null, "healthcare": null, "craft": null, "stations_in_radius": "['CTC/Arena' '3rd St/Convention']", "stations_in_radius_dist_m": "[281.43 343.53]", "poi_cluster": "env", "index_right": 37, "centroid_id": 102, "dist_m": 47.876228645858241 }, "geometry": { "type": "Point", "coordinates": [ -80.843731, 35.2266583 ] } },
{ "type": "Feature", "properties": { "osm_id": 11152216963, "name": null, "lat": 35.2265804, "lon": -80.8438388, "tags": { "amenity": "bicycle_parking", "bicycle_parking": "wave", "capacity": "3", "covered": "no" }, "amenity": "bicycle_parking", "shop": null, "leisure": null, "tourism": null, "office": null, "public_transport": null, "healthcare": null, "craft": null, "stations_in_radius": "['CTC/Arena' '3rd St/Convention']", "stations_in_radius_dist_m": "[283.51 336.96]", "poi_cluster": "env", "index_right": 37, "centroid_id": 102, "dist_m": 36.190180422823708 }, "geometry": { "type": "Point", "coordinates": [ -80.8438388, 35.2265804 ] } },
{ "type": "Feature", "properties": { "osm_id": 11152216964, "name": null, "lat": 35.2265672, "lon": -80.843859, "tags": { "amenity": "bicycle_parking", "bicycle_parking": "wave", "capacity": "3", "covered": "no" }, "amenity": "bicycle_parking", "shop": null, "leisure": null, "tourism": null, "office": null, "public_transport": null, "healthcare": null, "craft": null, "stations_in_radius": "['CTC/Arena' '3rd St/Convention']", "stations_in_radius_dist_m": "[284.06 335.92]", "poi_cluster": "env", "index_right": 37, "centroid_id": 102, "dist_m": 34.135214971712507 }, "geometry": { "type": "Point", "coordinates": [ -80.843859, 35.2265672 ] } },
{ "type": "Feature", "properties": { "osm_id": 11152216965, "name": null, "lat": 35.2262498, "lon": -80.8443212, "tags": { "amenity": "bicycle_parking", "bicycle_parking": "stands", "capacity": "2" }, "amenity": "bicycle_parking", "shop": null, "leisure": null, "tourism": null, "office": null, "public_transport": null, "healthcare": null, "craft": null, "stations_in_radius": "['CTC/Arena' '3rd St/Convention']", "stations_in_radius_dist_m": "[300.6  314.45]", "poi_cluster": "env", "index_right": 37, "centroid_id": 102, "dist_m": 31.234256110554938 }, "geometry": { "type": "Point", "coordinates": [ -80.8443212, 35.2262498 ] } },
{ "type": "Feature", "properties": { "osm_id": 11152216966, "name": null, "lat": 35.2263632, "lon": -80.8444333, "tags": { "amenity": "bicycle_parking", "bicycle_parking": "stands", "capacity": "2" }, "amenity": "bicycle_parking", "shop": null, "leisure": null, "tourism": null, "office": null, "public_transport": null, "healthcare": null, "craft": null, "stations_in_radius": "['CTC/Arena' '3rd St/Convention']", "stations_in_radius_dist_m": "[315.52 329.92]", "poi_cluster": "env", "index_right": 37, "centroid_id": 102, "dist_m": 25.494103629347435 }, "geometry": { "type": "Point", "coordinates": [ -80.8444333, 35.2263632 ] } },
{ "type": "Feature", "properties": { "osm_id": 11152216967, "name": null, "lat": 35.2260899, "lon": -80.8445494, "tags": { "amenity": "bicycle_parking", "bicycle_parking": "stands", "capacity": "2" }, "amenity": "bicycle_parking", "shop": null, "leisure": null, "tourism": null, "office": null, "public_transport": null, "healthcare": null, "craft": null, "stations_in_radius": "['3rd St/Convention' 'CTC/Arena']", "stations_in_radius_dist_m": "[306.61 311.88]", "poi_cluster": "env", "index_right": 37, "centroid_id": 102, "dist_m": 55.983267009163363 }, "geometry": { "type": "Point", "coordinates": [ -80.8445494, 35.2260899 ] } },
{ "type": "Feature", "properties": { "osm_id": 11152216968, "name": null, "lat": 35.2261155, "lon": -80.8449039, "tags": { "amenity": "bicycle_parking", "bicycle_parking": "wave", "capacity": "7", "covered": "no" }, "amenity": "bicycle_parking", "shop": null, "leisure": null, "tourism": null, "office": null, "public_transport": null, "healthcare": null, "craft": null, "stations_in_radius": "['3rd St/Convention' 'CTC/Arena']", "stations_in_radius_dist_m": "[324.6  342.86]", "poi_cluster": "env", "index_right": 16, "centroid_id": 97, "dist_m": 67.191805979578021 }, "geometry": { "type": "Point", "coordinates": [ -80.8449039, 35.2261155 ] } },
{ "type": "Feature", "properties": { "osm_id": 11152216969, "name": null, "lat": 35.2257139, "lon": -80.8450825, "tags": { "amenity": "bicycle_parking", "bicycle_parking": "stands", "capacity": "2" }, "amenity": "bicycle_parking", "shop": null, "leisure": null, "tourism": null, "office": null, "public_transport": null, "healthcare": null, "craft": null, "stations_in_radius": "['3rd St/Convention' 'CTC/Arena']", "stations_in_radius_dist_m": "[297.18 345.22]", "poi_cluster": "env", "index_right": 16, "centroid_id": 97, "dist_m": 24.811340612633444 }, "geometry": { "type": "Point", "coordinates": [ -80.8450825, 35.2257139 ] } },
{ "type": "Feature", "properties": { "osm_id": 11152216970, "name": null, "lat": 35.2257042, "lon": -80.8451007, "tags": { "amenity": "waste_basket" }, "amenity": "waste_basket", "shop": null, "leisure": null, "tourism": null, "office": null, "public_transport": null, "healthcare": null, "craft": null, "stations_in_radius": "['3rd St/Convention' 'CTC/Arena']", "stations_in_radius_dist_m": "[297.37 346.59]", "poi_cluster": "env", "index_right": 16, "centroid_id": 97, "dist_m": 22.859830662208477 }, "geometry": { "type": "Point", "coordinates": [ -80.8451007, 35.225704199999988 ] } },
{ "type": "Feature", "properties": { "osm_id": 11152216971, "name": null, "lat": 35.225693, "lon": -80.8451178, "tags": { "amenity": "waste_basket" }, "amenity": "waste_basket", "shop": null, "leisure": null, "tourism": null, "office": null, "public_transport": null, "healthcare": null, "craft": null, "stations_in_radius": "['3rd St/Convention' 'CTC/Arena']", "stations_in_radius_dist_m": "[297.37 347.83]", "poi_cluster": "env", "index_right": 16, "centroid_id": 97, "dist_m": 20.940941871284448 }, "geometry": { "type": "Point", "coordinates": [ -80.8451178, 35.225693 ] } },
{ "type": "Feature", "properties": { "osm_id": 11152216972, "name": null, "lat": 35.2255275, "lon": -80.8453733, "tags": { "amenity": "bicycle_parking", "bicycle_parking": "stands", "capacity": "2" }, "amenity": "bicycle_parking", "shop": null, "leisure": null, "tourism": null, "office": null, "public_transport": null, "healthcare": null, "craft": null, "stations_in_radius": "['3rd St/Convention' 'CTC/Arena']", "stations_in_radius_dist_m": "[299.23 367.17]", "poi_cluster": "env", "index_right": 16, "centroid_id": 97, "dist_m": 11.075625528450981 }, "geometry": { "type": "Point", "coordinates": [ -80.8453733, 35.2255275 ] } },
{ "type": "Feature", "properties": { "osm_id": 11152216973, "name": null, "lat": 35.2255423, "lon": -80.8456286, "tags": { "access": "yes", "amenity": "bicycle_parking", "bicycle_parking": "stands", "capacity": "4", "covered": "no" }, "amenity": "bicycle_parking", "shop": null, "leisure": null, "tourism": null, "office": null, "public_transport": null, "healthcare": null, "craft": null, "stations_in_radius": "['3rd St/Convention' 'CTC/Arena']", "stations_in_radius_dist_m": "[317.11 390.38]", "poi_cluster": "env", "index_right": 16, "centroid_id": 97, "dist_m": 28.493908490456199 }, "geometry": { "type": "Point", "coordinates": [ -80.8456286, 35.2255423 ] } },
{ "type": "Feature", "properties": { "osm_id": 11152216975, "name": null, "lat": 35.2253318, "lon": -80.8459275, "tags": { "amenity": "bicycle_parking", "bicycle_parking": "stands", "capacity": "2" }, "amenity": "bicycle_parking", "shop": null, "leisure": null, "tourism": null, "office": null, "public_transport": null, "healthcare": null, "craft": null, "stations_in_radius": "['3rd St/Convention' 'CTC/Arena' 'Brooklyn Village']", "stations_in_radius_dist_m": "[323.35 414.55 446.75]", "poi_cluster": "env", "index_right": 138, "centroid_id": 93, "dist_m": 55.900736167188505 }, "geometry": { "type": "Point", "coordinates": [ -80.8459275, 35.2253318 ] } },
{ "type": "Feature", "properties": { "osm_id": 11152216976, "name": null, "lat": 35.2251138, "lon": -80.8462427, "tags": { "amenity": "bicycle_parking", "bicycle_parking": "stands", "capacity": "2" }, "amenity": "bicycle_parking", "shop": null, "leisure": null, "tourism": null, "office": null, "public_transport": null, "healthcare": null, "craft": null, "stations_in_radius": "['3rd St/Convention' 'Brooklyn Village' 'CTC/Arena']", "stations_in_radius_dist_m": "[334.22 417.82 441.78]", "poi_cluster": "env", "index_right": 1, "centroid_id": 92, "dist_m": 25.268458439847002 }, "geometry": { "type": "Point", "coordinates": [ -80.8462427, 35.2251138 ] } },
{ "type": "Feature", "properties": { "osm_id": 11152216977, "name": null, "lat": 35.2248522, "lon": -80.8466313, "tags": { "amenity": "bicycle_parking", "bicycle_parking": "stands", "capacity": "2", "covered": "no" }, "amenity": "bicycle_parking", "shop": null, "leisure": null, "tourism": null, "office": null, "public_transport": null, "healthcare": null, "craft": null, "stations_in_radius": "['3rd St/Convention' 'Brooklyn Village']", "stations_in_radius_dist_m": "[352.99 384.99]", "poi_cluster": "env", "index_right": 1, "centroid_id": 92, "dist_m": 21.017412240010653 }, "geometry": { "type": "Point", "coordinates": [ -80.8466313, 35.2248522 ] } },
{ "type": "Feature", "properties": { "osm_id": 11152216978, "name": null, "lat": 35.2247931, "lon": -80.8464333, "tags": { "amenity": "bicycle_parking", "bicycle_parking": "stands", "capacity": "2" }, "amenity": "bicycle_parking", "shop": null, "leisure": null, "tourism": null, "office": null, "public_transport": null, "healthcare": null, "craft": null, "stations_in_radius": "['3rd St/Convention' 'Brooklyn Village']", "stations_in_radius_dist_m": "[333.84 380.21]", "poi_cluster": "env", "index_right": 1, "centroid_id": 92, "dist_m": 16.971654805570886 }, "geometry": { "type": "Point", "coordinates": [ -80.8464333, 35.2247931 ] } },
{ "type": "Feature", "properties": { "osm_id": 11152216979, "name": null, "lat": 35.2247541, "lon": -80.8467719, "tags": { "amenity": "bicycle_parking", "bicycle_parking": "stands", "capacity": "2" }, "amenity": "bicycle_parking", "shop": null, "leisure": null, "tourism": null, "office": null, "public_transport": null, "healthcare": null, "craft": null, "stations_in_radius": "['3rd St/Convention' 'Brooklyn Village']", "stations_in_radius_dist_m": "[360.84 373.39]", "poi_cluster": "env", "index_right": 1, "centroid_id": 92, "dist_m": 37.650645761819675 }, "geometry": { "type": "Point", "coordinates": [ -80.8467719, 35.2247541 ] } },
{ "type": "Feature", "properties": { "osm_id": 11152216980, "name": null, "lat": 35.2246974, "lon": -80.8468561, "tags": { "amenity": "bicycle_parking", "bicycle_parking": "stands", "capacity": "2" }, "amenity": "bicycle_parking", "shop": null, "leisure": null, "tourism": null, "office": null, "public_transport": null, "healthcare": null, "craft": null, "stations_in_radius": "['3rd St/Convention' 'Brooklyn Village']", "stations_in_radius_dist_m": "[365.9  366.87]", "poi_cluster": "env", "index_right": 1, "centroid_id": 92, "dist_m": 47.533785173772038 }, "geometry": { "type": "Point", "coordinates": [ -80.8468561, 35.2246974 ] } },
{ "type": "Feature", "properties": { "osm_id": 11152216981, "name": null, "lat": 35.2244106, "lon": -80.8469966, "tags": { "amenity": "bicycle_parking", "bicycle_parking": "stands", "capacity": "2" }, "amenity": "bicycle_parking", "shop": null, "leisure": null, "tourism": null, "office": null, "public_transport": null, "healthcare": null, "craft": null, "stations_in_radius": "['Brooklyn Village' '3rd St/Convention']", "stations_in_radius_dist_m": "[335.03 369.08]", "poi_cluster": "env", "index_right": 47, "centroid_id": 85, "dist_m": 51.015395049126695 }, "geometry": { "type": "Point", "coordinates": [ -80.8469966, 35.2244106 ] } },
{ "type": "Feature", "properties": { "osm_id": 11152216982, "name": null, "lat": 35.2244682, "lon": -80.8471897, "tags": { "amenity": "bicycle_parking", "bicycle_parking": "stands", "capacity": "2", "covered": "partial" }, "amenity": "bicycle_parking", "shop": null, "leisure": null, "tourism": null, "office": null, "public_transport": null, "healthcare": null, "craft": null, "stations_in_radius": "['Brooklyn Village' '3rd St/Convention']", "stations_in_radius_dist_m": "[342.13 387.68]", "poi_cluster": "env", "index_right": 47, "centroid_id": 85, "dist_m": 37.960092262861657 }, "geometry": { "type": "Point", "coordinates": [ -80.8471897, 35.224468199999983 ] } },
{ "type": "Feature", "properties": { "osm_id": 11152216983, "name": null, "lat": 35.2241144, "lon": -80.8477149, "tags": { "amenity": "bicycle_parking", "bicycle_parking": "stands", "capacity": "2" }, "amenity": "bicycle_parking", "shop": null, "leisure": null, "tourism": null, "office": null, "public_transport": null, "healthcare": null, "craft": null, "stations_in_radius": "['Brooklyn Village' '3rd St/Convention']", "stations_in_radius_dist_m": "[310.26 427.29]", "poi_cluster": "env", "index_right": 47, "centroid_id": 85, "dist_m": 24.146048463226073 }, "geometry": { "type": "Point", "coordinates": [ -80.8477149, 35.2241144 ] } },
{ "type": "Feature", "properties": { "osm_id": 11152216984, "name": null, "lat": 35.2237713, "lon": -80.8482098, "tags": { "amenity": "bicycle_parking", "bicycle_parking": "stands", "capacity": "2" }, "amenity": "bicycle_parking", "shop": null, "leisure": null, "tourism": null, "office": null, "public_transport": null, "healthcare": null, "craft": null, "stations_in_radius": "['Brooklyn Village' '3rd St/Convention']", "stations_in_radius_dist_m": "[288.26 468.99]", "poi_cluster": "env", "index_right": 3, "centroid_id": 81, "dist_m": 58.683451830234574 }, "geometry": { "type": "Point", "coordinates": [ -80.8482098, 35.2237713 ] } },
{ "type": "Feature", "properties": { "osm_id": 11152216985, "name": null, "lat": 35.2235373, "lon": -80.848279, "tags": { "amenity": "bicycle_parking", "bicycle_parking": "stands", "capacity": "2" }, "amenity": "bicycle_parking", "shop": null, "leisure": null, "tourism": null, "office": null, "public_transport": null, "healthcare": null, "craft": null, "stations_in_radius": "['Brooklyn Village' '3rd St/Convention']", "stations_in_radius_dist_m": "[267.5  475.01]", "poi_cluster": "env", "index_right": 3, "centroid_id": 81, "dist_m": 36.999551480938244 }, "geometry": { "type": "Point", "coordinates": [ -80.848279, 35.2235373 ] } },
{ "type": "Feature", "properties": { "osm_id": 11152269313, "name": null, "lat": 35.2269591, "lon": -80.8429292, "tags": { "amenity": "bicycle_parking", "bicycle_parking": "wave", "capacity": "3", "covered": "no" }, "amenity": "bicycle_parking", "shop": null, "leisure": null, "tourism": null, "office": null, "public_transport": null, "healthcare": null, "craft": null, "stations_in_radius": "['CTC/Arena' '3rd St/Convention']", "stations_in_radius_dist_m": "[258.5  371.61]", "poi_cluster": "env", "index_right": 14, "centroid_id": 107, "dist_m": 32.001765299061837 }, "geometry": { "type": "Point", "coordinates": [ -80.8429292, 35.2269591 ] } },
{ "type": "Feature", "properties": { "osm_id": 11152269314, "name": null, "lat": 35.2269735, "lon": -80.8429448, "tags": { "amenity": "bench" }, "amenity": "bench", "shop": null, "leisure": null, "tourism": null, "office": null, "public_transport": null, "healthcare": null, "craft": null, "stations_in_radius": "['CTC/Arena' '3rd St/Convention']", "stations_in_radius_dist_m": "[260.61 373.16]", "poi_cluster": "env", "index_right": 14, "centroid_id": 107, "dist_m": 29.881498685989762 }, "geometry": { "type": "Point", "coordinates": [ -80.8429448, 35.2269735 ] } },
{ "type": "Feature", "properties": { "osm_id": 11152269315, "name": null, "lat": 35.2269196, "lon": -80.8428864, "tags": { "amenity": "bench" }, "amenity": "bench", "shop": null, "leisure": null, "tourism": null, "office": null, "public_transport": null, "healthcare": null, "craft": null, "stations_in_radius": "['CTC/Arena' '3rd St/Convention']", "stations_in_radius_dist_m": "[252.71 367.38]", "poi_cluster": "env", "index_right": 14, "centroid_id": 107, "dist_m": 37.827721217010897 }, "geometry": { "type": "Point", "coordinates": [ -80.8428864, 35.2269196 ] } },
{ "type": "Feature", "properties": { "osm_id": 11152269316, "name": null, "lat": 35.2268632, "lon": -80.8428213, "tags": { "amenity": "bench" }, "amenity": "bench", "shop": null, "leisure": null, "tourism": null, "office": null, "public_transport": null, "healthcare": null, "craft": null, "stations_in_radius": "['CTC/Arena' '3rd St/Convention']", "stations_in_radius_dist_m": "[244.26 361.44]", "poi_cluster": "env", "index_right": 14, "centroid_id": 107, "dist_m": 46.380657603696683 }, "geometry": { "type": "Point", "coordinates": [ -80.8428213, 35.2268632 ] } },
{ "type": "Feature", "properties": { "osm_id": 11152269317, "name": null, "lat": 35.2268339, "lon": -80.8427906, "tags": { "amenity": "bench" }, "amenity": "bench", "shop": null, "leisure": null, "tourism": null, "office": null, "public_transport": null, "healthcare": null, "craft": null, "stations_in_radius": "['CTC/Arena' '3rd St/Convention' '7th Street']", "stations_in_radius_dist_m": "[240.02 358.37 432.6 ]", "poi_cluster": "env", "index_right": 14, "centroid_id": 107, "dist_m": 50.658771729440915 }, "geometry": { "type": "Point", "coordinates": [ -80.8427906, 35.2268339 ] } },
{ "type": "Feature", "properties": { "osm_id": 11152269318, "name": null, "lat": 35.2268014, "lon": -80.8427498, "tags": { "amenity": "bench" }, "amenity": "bench", "shop": null, "leisure": null, "tourism": null, "office": null, "public_transport": null, "healthcare": null, "craft": null, "stations_in_radius": "['CTC/Arena' '3rd St/Convention' '7th Street']", "stations_in_radius_dist_m": "[235.   355.05 429.29]", "poi_cluster": "env", "index_right": 14, "centroid_id": 107, "dist_m": 55.783824205616234 }, "geometry": { "type": "Point", "coordinates": [ -80.8427498, 35.2268014 ] } },
{ "type": "Feature", "properties": { "osm_id": 11152269319, "name": null, "lat": 35.2267767, "lon": -80.8427221, "tags": { "amenity": "bench" }, "amenity": "bench", "shop": null, "leisure": null, "tourism": null, "office": null, "public_transport": null, "healthcare": null, "craft": null, "stations_in_radius": "['CTC/Arena' '3rd St/Convention' '7th Street']", "stations_in_radius_dist_m": "[231.34 352.53 427.09]", "poi_cluster": "env", "index_right": 14, "centroid_id": 107, "dist_m": 59.496435960494864 }, "geometry": { "type": "Point", "coordinates": [ -80.8427221, 35.2267767 ] } },
{ "type": "Feature", "properties": { "osm_id": 11152269320, "name": null, "lat": 35.2268862, "lon": -80.842583, "tags": { "amenity": "bench" }, "amenity": "bench", "shop": null, "leisure": null, "tourism": null, "office": null, "public_transport": null, "healthcare": null, "craft": null, "stations_in_radius": "['CTC/Arena' '3rd St/Convention' '7th Street']", "stations_in_radius_dist_m": "[235.67 365.92 413.25]", "poi_cluster": "env", "index_right": 14, "centroid_id": 107, "dist_m": 60.47101536044331 }, "geometry": { "type": "Point", "coordinates": [ -80.842583, 35.2268862 ] } },
{ "type": "Feature", "properties": { "osm_id": 11152269321, "name": null, "lat": 35.226948, "lon": -80.8426535, "tags": { "amenity": "bench" }, "amenity": "bench", "shop": null, "leisure": null, "tourism": null, "office": null, "public_transport": null, "healthcare": null, "craft": null, "stations_in_radius": "['CTC/Arena' '3rd St/Convention' '7th Street']", "stations_in_radius_dist_m": "[244.73 372.03 419.09]", "poi_cluster": "env", "index_right": 14, "centroid_id": 107, "dist_m": 51.335593269404313 }, "geometry": { "type": "Point", "coordinates": [ -80.8426535, 35.226948 ] } },
{ "type": "Feature", "properties": { "osm_id": 11152269322, "name": null, "lat": 35.2269097, "lon": -80.8426112, "tags": { "amenity": "bench" }, "amenity": "bench", "shop": null, "leisure": null, "tourism": null, "office": null, "public_transport": null, "healthcare": null, "craft": null, "stations_in_radius": "['CTC/Arena' '3rd St/Convention' '7th Street']", "stations_in_radius_dist_m": "[239.17 368.21 415.58]", "poi_cluster": "env", "index_right": 14, "centroid_id": 107, "dist_m": 56.882425290252499 }, "geometry": { "type": "Point", "coordinates": [ -80.8426112, 35.2269097 ] } },
{ "type": "Feature", "properties": { "osm_id": 11152269323, "name": null, "lat": 35.2270089, "lon": -80.8427241, "tags": { "amenity": "bench" }, "amenity": "bench", "shop": null, "leisure": null, "tourism": null, "office": null, "public_transport": null, "healthcare": null, "craft": null, "stations_in_radius": "['CTC/Arena' '3rd St/Convention']", "stations_in_radius_dist_m": "[253.72 378.18]", "poi_cluster": "env", "index_right": 14, "centroid_id": 107, "dist_m": 42.351719377680134 }, "geometry": { "type": "Point", "coordinates": [ -80.8427241, 35.2270089 ] } },
{ "type": "Feature", "properties": { "osm_id": 11152269324, "name": null, "lat": 35.226969, "lon": -80.8426807, "tags": { "amenity": "bench" }, "amenity": "bench", "shop": null, "leisure": null, "tourism": null, "office": null, "public_transport": null, "healthcare": null, "craft": null, "stations_in_radius": "['CTC/Arena' '3rd St/Convention']", "stations_in_radius_dist_m": "[247.95 374.11]", "poi_cluster": "env", "index_right": 14, "centroid_id": 107, "dist_m": 48.001879099780069 }, "geometry": { "type": "Point", "coordinates": [ -80.8426807, 35.226969 ] } },
{ "type": "Feature", "properties": { "osm_id": 11152269325, "name": null, "lat": 35.2268924, "lon": -80.8428541, "tags": { "amenity": "bicycle_parking", "bicycle_parking": "wave", "capacity": "3", "covered": "no" }, "amenity": "bicycle_parking", "shop": null, "leisure": null, "tourism": null, "office": null, "public_transport": null, "healthcare": null, "craft": null, "stations_in_radius": "['CTC/Arena' '3rd St/Convention']", "stations_in_radius_dist_m": "[248.59 364.5 ]", "poi_cluster": "env", "index_right": 14, "centroid_id": 107, "dist_m": 41.998462439862479 }, "geometry": { "type": "Point", "coordinates": [ -80.8428541, 35.2268924 ] } },
{ "type": "Feature", "properties": { "osm_id": 11152269326, "name": null, "lat": 35.2268521, "lon": -80.8428042, "tags": { "amenity": "bicycle_parking", "bicycle_parking": "wave", "capacity": "3", "covered": "no" }, "amenity": "bicycle_parking", "shop": null, "leisure": null, "tourism": null, "office": null, "public_transport": null, "healthcare": null, "craft": null, "stations_in_radius": "['CTC/Arena' '3rd St/Convention' '7th Street']", "stations_in_radius_dist_m": "[242.39 360.3  433.64]", "poi_cluster": "env", "index_right": 14, "centroid_id": 107, "dist_m": 48.304835977028972 }, "geometry": { "type": "Point", "coordinates": [ -80.8428042, 35.2268521 ] } },
{ "type": "Feature", "properties": { "osm_id": 11152269327, "name": null, "lat": 35.2264539, "lon": -80.8420893, "tags": { "amenity": "bicycle_parking", "bicycle_parking": "stands", "capacity": "2", "covered": "no" }, "amenity": "bicycle_parking", "shop": null, "leisure": null, "tourism": null, "office": null, "public_transport": null, "healthcare": null, "craft": null, "stations_in_radius": "['CTC/Arena' '3rd St/Convention' '7th Street']", "stations_in_radius_dist_m": "[173.34 327.53 376.38]", "poi_cluster": "env", "index_right": 19, "centroid_id": 113, "dist_m": 18.57355639197996 }, "geometry": { "type": "Point", "coordinates": [ -80.8420893, 35.226453899999989 ] } },
{ "type": "Feature", "properties": { "osm_id": 11152269328, "name": null, "lat": 35.2248199, "lon": -80.8401237, "tags": { "amenity": "bicycle_parking", "bicycle_parking": "wave", "capacity": "5", "covered": "no" }, "amenity": "bicycle_parking", "shop": null, "leisure": null, "tourism": null, "office": null, "public_transport": null, "healthcare": null, "craft": null, "stations_in_radius": "['CTC/Arena' '3rd St/Convention' '7th Street']", "stations_in_radius_dist_m": "[116.95 299.01 325.75]", "poi_cluster": "env", "index_right": 79, "centroid_id": 122, "dist_m": 36.922092470725907 }, "geometry": { "type": "Point", "coordinates": [ -80.8401237, 35.2248199 ] } },
{ "type": "Feature", "properties": { "osm_id": 11152269329, "name": null, "lat": 35.2244413, "lon": -80.8400763, "tags": { "amenity": "bicycle_parking", "bicycle_parking": "wave", "capacity": "5", "covered": "no" }, "amenity": "bicycle_parking", "shop": null, "leisure": null, "tourism": null, "office": null, "public_transport": null, "healthcare": null, "craft": null, "stations_in_radius": "['CTC/Arena' '3rd St/Convention' '7th Street']", "stations_in_radius_dist_m": "[134.65 286.75 358.65]", "poi_cluster": "env", "index_right": 79, "centroid_id": 122, "dist_m": 6.0781611994886928 }, "geometry": { "type": "Point", "coordinates": [ -80.8400763, 35.2244413 ] } },
{ "type": "Feature", "properties": { "osm_id": 11165982505, "name": null, "lat": 35.2257803, "lon": -80.8476478, "tags": { "access": "yes", "amenity": "bicycle_parking", "bicycle_parking": "stands", "capacity": "4", "covered": "partial", "foot_traffic": "medium" }, "amenity": "bicycle_parking", "shop": null, "leisure": null, "tourism": null, "office": null, "public_transport": null, "healthcare": null, "craft": null, "stations_in_radius": [ "3rd St/Convention" ], "stations_in_radius_dist_m": [ 481.91 ], "poi_cluster": "env", "index_right": 40, "centroid_id": 86, "dist_m": 13.321861770885512 }, "geometry": { "type": "Point", "coordinates": [ -80.8476478, 35.2257803 ] } },
{ "type": "Feature", "properties": { "osm_id": 11186613738, "name": null, "lat": 35.2275172, "lon": -80.8471038, "tags": { "access": "yes", "amenity": "bicycle_parking", "bicycle_parking": "stands", "capacity": "4", "covered": "no", "foot_traffic": "medium" }, "amenity": "bicycle_parking", "shop": null, "leisure": null, "tourism": null, "office": null, "public_transport": null, "healthcare": null, "craft": null, "stations_in_radius": [ "3rd St/Convention" ], "stations_in_radius_dist_m": [ 568.48 ], "poi_cluster": "env", "index_right": 145, "centroid_id": 87, "dist_m": 16.670228462561045 }, "geometry": { "type": "Point", "coordinates": [ -80.8471038, 35.2275172 ] } },
{ "type": "Feature", "properties": { "osm_id": 11200542437, "name": null, "lat": 35.2204957, "lon": -80.8459959, "tags": { "access": "yes", "amenity": "bicycle_parking", "bicycle_parking": "stands", "capacity": "12", "covered": "yes", "foot_traffic": "low" }, "amenity": "bicycle_parking", "shop": null, "leisure": null, "tourism": null, "office": null, "public_transport": null, "healthcare": null, "craft": null, "stations_in_radius": "['Brooklyn Village' '3rd St/Convention']", "stations_in_radius_dist_m": "[131.22 436.66]", "poi_cluster": "env", "index_right": 109, "centroid_id": 95, "dist_m": 55.618403606692652 }, "geometry": { "type": "Point", "coordinates": [ -80.8459959, 35.2204957 ] } },
{ "type": "Feature", "properties": { "osm_id": 11200542438, "name": null, "lat": 35.2218124, "lon": -80.8465165, "tags": { "access": "yes", "amenity": "bicycle_parking", "bicycle_parking": "stands", "capacity": "10", "covered": "partial", "foot_traffic": "low" }, "amenity": "bicycle_parking", "shop": null, "leisure": null, "tourism": null, "office": null, "public_transport": null, "healthcare": null, "craft": null, "stations_in_radius": "['Brooklyn Village' '3rd St/Convention']", "stations_in_radius_dist_m": "[ 60.66 372.41]", "poi_cluster": "env", "index_right": 39, "centroid_id": 84, "dist_m": 117.73336225078992 }, "geometry": { "type": "Point", "coordinates": [ -80.8465165, 35.2218124 ] } },
{ "type": "Feature", "properties": { "osm_id": 11200544737, "name": null, "lat": 35.221461, "lon": -80.8464594, "tags": { "access": "yes", "amenity": "bicycle_parking", "bicycle_parking": "stands", "capacity": "6", "covered": "no", "foot_traffic": "medium" }, "amenity": "bicycle_parking", "shop": null, "leisure": null, "tourism": null, "office": null, "public_transport": null, "healthcare": null, "craft": null, "stations_in_radius": "['Brooklyn Village' '3rd St/Convention']", "stations_in_radius_dist_m": "[ 44.44 390.52]", "poi_cluster": "env", "index_right": 109, "centroid_id": 95, "dist_m": 99.813793242371915 }, "geometry": { "type": "Point", "coordinates": [ -80.8464594, 35.221461 ] } },
{ "type": "Feature", "properties": { "osm_id": 11203657637, "name": null, "lat": 35.2247118, "lon": -80.8407667, "tags": { "access": "yes", "amenity": "bicycle_parking", "bicycle_parking": "wave", "capacity": "5", "covered": "yes", "description": "Bolts have come loose, unsafe to use", "foot_traffic": "high" }, "amenity": "bicycle_parking", "shop": null, "leisure": null, "tourism": null, "office": null, "public_transport": null, "healthcare": null, "craft": null, "stations_in_radius": "['CTC/Arena' '3rd St/Convention']", "stations_in_radius_dist_m": "[ 65.11 241.84]", "poi_cluster": "env", "index_right": 79, "centroid_id": 122, "dist_m": 64.496035999720135 }, "geometry": { "type": "Point", "coordinates": [ -80.8407667, 35.2247118 ] } },
{ "type": "Feature", "properties": { "osm_id": 11203661437, "name": null, "lat": 35.2242002, "lon": -80.8413544, "tags": { "access": "yes", "amenity": "bicycle_parking", "bicycle_parking": "wave", "capacity": "8", "covered": "yes", "foot_traffic": "high" }, "amenity": "bicycle_parking", "shop": null, "leisure": null, "tourism": null, "office": null, "public_transport": null, "healthcare": null, "craft": null, "stations_in_radius": "['CTC/Arena' '3rd St/Convention']", "stations_in_radius_dist_m": "[ 88.76 168.45]", "poi_cluster": "env", "index_right": 53, "centroid_id": 117, "dist_m": 44.901411686687602 }, "geometry": { "type": "Point", "coordinates": [ -80.8413544, 35.2242002 ] } },
{ "type": "Feature", "properties": { "osm_id": 11208922238, "name": null, "lat": 35.2250945, "lon": -80.8433138, "tags": { "access": "yes", "amenity": "bicycle_parking", "bicycle_parking": "stands", "capacity": "8", "covered": "no", "foot_traffic": "medium", "indoor": "no" }, "amenity": "bicycle_parking", "shop": null, "leisure": null, "tourism": null, "office": null, "public_transport": null, "healthcare": null, "craft": null, "stations_in_radius": "['3rd St/Convention' 'CTC/Arena']", "stations_in_radius_dist_m": "[166.24 175.38]", "poi_cluster": "env", "index_right": 76, "centroid_id": 106, "dist_m": 36.934424685773088 }, "geometry": { "type": "Point", "coordinates": [ -80.8433138, 35.2250945 ] } },
{ "type": "Feature", "properties": { "osm_id": 11208933137, "name": null, "lat": 35.2241532, "lon": -80.8451672, "tags": { "access": "yes", "amenity": "bicycle_parking", "bicycle_parking": "stands", "capacity": "2", "covered": "partial", "foot_traffic": "medium", "indoor": "no" }, "amenity": "bicycle_parking", "shop": null, "leisure": null, "tourism": null, "office": null, "public_transport": null, "healthcare": null, "craft": null, "stations_in_radius": "['3rd St/Convention' 'Brooklyn Village' 'CTC/Arena']", "stations_in_radius_dist_m": "[201.   346.31 356.33]", "poi_cluster": "env", "index_right": 25, "centroid_id": 96, "dist_m": 19.453232143032416 }, "geometry": { "type": "Point", "coordinates": [ -80.8451672, 35.2241532 ] } },
{ "type": "Feature", "properties": { "osm_id": 11208933138, "name": null, "lat": 35.226995, "lon": -80.8410938, "tags": { "access": "yes", "amenity": "bicycle_parking", "bicycle_parking": "stands", "capacity": "6", "covered": "no", "foot_traffic": "medium", "indoor": "no" }, "amenity": "bicycle_parking", "shop": null, "leisure": null, "tourism": null, "office": null, "public_transport": null, "healthcare": null, "craft": null, "stations_in_radius": "['CTC/Arena' '7th Street' '3rd St/Convention']", "stations_in_radius_dist_m": "[222.88 277.2  415.86]", "poi_cluster": "env", "index_right": 11, "centroid_id": 118, "dist_m": 14.998666343313666 }, "geometry": { "type": "Point", "coordinates": [ -80.8410938, 35.226995 ] } },
{ "type": "Feature", "properties": { "osm_id": 11208935637, "name": null, "lat": 35.2249467, "lon": -80.8436637, "tags": { "access": "yes", "amenity": "bicycle_parking", "bicycle_parking": "stands", "capacity": "8", "covered": "no", "foot_traffic": "medium", "indoor": "no" }, "amenity": "bicycle_parking", "shop": null, "leisure": null, "tourism": null, "office": null, "public_transport": null, "healthcare": null, "craft": null, "stations_in_radius": "['3rd St/Convention' 'CTC/Arena' 'Brooklyn Village']", "stations_in_radius_dist_m": "[158.09 206.99 494.45]", "poi_cluster": "env", "index_right": 9, "centroid_id": 101, "dist_m": 57.717944566956021 }, "geometry": { "type": "Point", "coordinates": [ -80.8436637, 35.2249467 ] } },
{ "type": "Feature", "properties": { "osm_id": 11208935638, "name": null, "lat": 35.2269286, "lon": -80.8406392, "tags": { "access": "yes", "amenity": "bicycle_parking", "bicycle_parking": "stands", "capacity": "2", "covered": "no", "foot_traffic": "medium", "indoor": "no" }, "amenity": "bicycle_parking", "shop": null, "leisure": null, "tourism": null, "office": null, "public_transport": null, "healthcare": null, "craft": null, "stations_in_radius": "['CTC/Arena' '7th Street' '3rd St/Convention']", "stations_in_radius_dist_m": "[224.53 236.92 428.93]", "poi_cluster": "env", "index_right": 11, "centroid_id": 118, "dist_m": 27.027650164837819 }, "geometry": { "type": "Point", "coordinates": [ -80.8406392, 35.2269286 ] } },
{ "type": "Feature", "properties": { "osm_id": 11225417437, "name": null, "lat": 35.2210153, "lon": -80.8419678, "tags": { "access": "yes", "amenity": "bicycle_parking", "bicycle_parking": "wave", "capacity": "20", "covered": "no", "foot_traffic": "low", "indoor": "no" }, "amenity": "bicycle_parking", "shop": null, "leisure": null, "tourism": null, "office": null, "public_transport": null, "healthcare": null, "craft": null, "stations_in_radius": "['3rd St/Convention' 'Brooklyn Village']", "stations_in_radius_dist_m": "[304.44 454.4 ]", "poi_cluster": "env", "index_right": 97, "centroid_id": 110, "dist_m": 57.747954437072721 }, "geometry": { "type": "Point", "coordinates": [ -80.8419678, 35.2210153 ] } },
{ "type": "Feature", "properties": { "osm_id": 11225418037, "name": null, "lat": 35.2206722, "lon": -80.8416355, "tags": { "access": "yes", "amenity": "bicycle_parking", "bicycle_parking": "stands", "capacity": "8", "covered": "no", "foot_traffic": "low", "indoor": "no" }, "amenity": "bicycle_parking", "shop": null, "leisure": null, "tourism": null, "office": null, "public_transport": null, "healthcare": null, "craft": null, "stations_in_radius": [ "3rd St/Convention" ], "stations_in_radius_dist_m": [ 350.65 ], "poi_cluster": "env", "index_right": 136, "centroid_id": 112, "dist_m": 63.653333378045112 }, "geometry": { "type": "Point", "coordinates": [ -80.8416355, 35.2206722 ] } },
{ "type": "Feature", "properties": { "osm_id": 11226011119, "name": null, "lat": 35.2259734, "lon": -80.8455839, "tags": { "access": "yes", "amenity": "bicycle_parking", "bicycle_parking": "stands", "capacity": "2", "covered": "yes" }, "amenity": "bicycle_parking", "shop": null, "leisure": null, "tourism": null, "office": null, "public_transport": null, "healthcare": null, "craft": null, "stations_in_radius": "['3rd St/Convention' 'CTC/Arena']", "stations_in_radius_dist_m": "[348.5  396.62]", "poi_cluster": "env", "index_right": 16, "centroid_id": 97, "dist_m": 45.375552352764288 }, "geometry": { "type": "Point", "coordinates": [ -80.8455839, 35.2259734 ] } },
{ "type": "Feature", "properties": { "osm_id": 11226011120, "name": null, "lat": 35.2260596, "lon": -80.8456815, "tags": { "access": "yes", "amenity": "bicycle_parking", "bicycle_parking": "stands", "capacity": "2", "covered": "yes" }, "amenity": "bicycle_parking", "shop": null, "leisure": null, "tourism": null, "office": null, "public_transport": null, "healthcare": null, "craft": null, "stations_in_radius": "['3rd St/Convention' 'CTC/Arena']", "stations_in_radius_dist_m": "[361.54 407.83]", "poi_cluster": "env", "index_right": 16, "centroid_id": 97, "dist_m": 58.189109219312876 }, "geometry": { "type": "Point", "coordinates": [ -80.8456815, 35.2260596 ] } },
{ "type": "Feature", "properties": { "osm_id": 11226011121, "name": null, "lat": 35.2261249, "lon": -80.8457581, "tags": { "access": "yes", "amenity": "bicycle_parking", "bicycle_parking": "stands", "capacity": "2", "covered": "yes" }, "amenity": "bicycle_parking", "shop": null, "leisure": null, "tourism": null, "office": null, "public_transport": null, "healthcare": null, "craft": null, "stations_in_radius": "['3rd St/Convention' 'CTC/Arena']", "stations_in_radius_dist_m": "[371.58 416.62]", "poi_cluster": "env", "index_right": 16, "centroid_id": 97, "dist_m": 68.093740929784275 }, "geometry": { "type": "Point", "coordinates": [ -80.8457581, 35.2261249 ] } },
{ "type": "Feature", "properties": { "osm_id": 11226011122, "name": null, "lat": 35.2263482, "lon": -80.8460224, "tags": { "access": "yes", "amenity": "bicycle_parking", "bicycle_parking": "stands", "capacity": "2", "covered": "no" }, "amenity": "bicycle_parking", "shop": null, "leisure": null, "tourism": null, "office": null, "public_transport": null, "healthcare": null, "craft": null, "stations_in_radius": "['3rd St/Convention' 'CTC/Arena']", "stations_in_radius_dist_m": "[406.07 447.28]", "poi_cluster": "env", "index_right": 130, "centroid_id": 94, "dist_m": 41.725859914344014 }, "geometry": { "type": "Point", "coordinates": [ -80.8460224, 35.2263482 ] } },
{ "type": "Feature", "properties": { "osm_id": 11226011123, "name": null, "lat": 35.2272293, "lon": -80.8470098, "tags": { "access": "yes", "amenity": "bicycle_parking", "bicycle_parking": "stands", "capacity": "6", "covered": "no" }, "amenity": "bicycle_parking", "shop": null, "leisure": null, "tourism": null, "office": null, "public_transport": null, "healthcare": null, "craft": null, "stations_in_radius": [ "3rd St/Convention" ], "stations_in_radius_dist_m": [ 538.8 ], "poi_cluster": "env", "index_right": 145, "centroid_id": 87, "dist_m": 30.961856130748366 }, "geometry": { "type": "Point", "coordinates": [ -80.8470098, 35.2272293 ] } },
{ "type": "Feature", "properties": { "osm_id": 11226011124, "name": null, "lat": 35.2272669, "lon": -80.8470502, "tags": { "access": "yes", "amenity": "bicycle_parking", "bicycle_parking": "stands", "capacity": "6", "covered": "no" }, "amenity": "bicycle_parking", "shop": null, "leisure": null, "tourism": null, "office": null, "public_transport": null, "healthcare": null, "craft": null, "stations_in_radius": [ "3rd St/Convention" ], "stations_in_radius_dist_m": [ 544.36 ], "poi_cluster": "env", "index_right": 145, "centroid_id": 87, "dist_m": 25.41582997874179 }, "geometry": { "type": "Point", "coordinates": [ -80.8470502, 35.2272669 ] } },
{ "type": "Feature", "properties": { "osm_id": 11272669669, "name": null, "lat": 35.2266539, "lon": -80.8404972, "tags": { "access": "yes", "amenity": "bicycle_parking", "bicycle_parking": "wave", "capacity": "3", "covered": "no", "foot_traffic": "medium", "indoor": "no" }, "amenity": "bicycle_parking", "shop": null, "leisure": null, "tourism": null, "office": null, "public_transport": null, "healthcare": null, "craft": null, "stations_in_radius": "['CTC/Arena' '7th Street' '3rd St/Convention']", "stations_in_radius_dist_m": "[200.61 230.5  410.3 ]", "poi_cluster": "env", "index_right": 11, "centroid_id": 118, "dist_m": 52.728053624910636 }, "geometry": { "type": "Point", "coordinates": [ -80.8404972, 35.2266539 ] } },
{ "type": "Feature", "properties": { "osm_id": 11272670369, "name": null, "lat": 35.2264499, "lon": -80.8398991, "tags": { "access": "yes", "amenity": "bicycle_parking", "bicycle_parking": "wave", "capacity": "9", "covered": "yes", "foot_traffic": "low", "indoor": "no" }, "amenity": "bicycle_parking", "shop": null, "leisure": null, "tourism": null, "office": null, "public_transport": null, "healthcare": null, "craft": null, "stations_in_radius": "['7th Street' 'CTC/Arena' '3rd St/Convention']", "stations_in_radius_dist_m": "[187.89 210.39 426.53]", "poi_cluster": "env", "index_right": 11, "centroid_id": 118, "dist_m": 110.18194161125473 }, "geometry": { "type": "Point", "coordinates": [ -80.8398991, 35.2264499 ] } },
{ "type": "Feature", "properties": { "osm_id": 11378555369, "name": null, "lat": 35.2216614, "lon": -80.8391546, "tags": { "access": "yes", "amenity": "bicycle_parking", "bicycle_parking": "wave", "capacity": "9", "covered": "no", "foot_traffic": "medium", "indoor": "no" }, "amenity": "bicycle_parking", "shop": null, "leisure": null, "tourism": null, "office": null, "public_transport": null, "healthcare": null, "craft": null, "stations_in_radius": "['3rd St/Convention' 'CTC/Arena']", "stations_in_radius_dist_m": "[415.95 422.46]", "poi_cluster": "env", "index_right": 117, "centroid_id": 127, "dist_m": 40.291096116295023 }, "geometry": { "type": "Point", "coordinates": [ -80.8391546, 35.2216614 ] } },
{ "type": "Feature", "properties": { "osm_id": 11735127544, "name": null, "lat": 35.2244094, "lon": -80.8425091, "tags": { "access": "yes", "amenity": "bicycle_parking", "bicycle_parking": "wave", "capacity": "7", "covered": "yes" }, "amenity": "bicycle_parking", "shop": null, "leisure": null, "tourism": null, "office": null, "public_transport": null, "healthcare": null, "craft": null, "stations_in_radius": "['3rd St/Convention' 'CTC/Arena']", "stations_in_radius_dist_m": "[101.85 121.08]", "poi_cluster": "env", "index_right": 76, "centroid_id": 106, "dist_m": 122.95578930535039 }, "geometry": { "type": "Point", "coordinates": [ -80.8425091, 35.2244094 ] } },
{ "type": "Feature", "properties": { "osm_id": 11735127545, "name": null, "lat": 35.2245243, "lon": -80.8423591, "tags": { "access": "yes", "amenity": "bicycle_parking", "bicycle_parking": "rack", "covered": "yes" }, "amenity": "bicycle_parking", "shop": null, "leisure": null, "tourism": null, "office": null, "public_transport": null, "healthcare": null, "craft": null, "stations_in_radius": "['CTC/Arena' '3rd St/Convention']", "stations_in_radius_dist_m": "[102.76 119.79]", "poi_cluster": "env", "index_right": 76, "centroid_id": 106, "dist_m": 119.32332009530084 }, "geometry": { "type": "Point", "coordinates": [ -80.8423591, 35.2245243 ] } },
{ "type": "Feature", "properties": { "osm_id": 11889016942, "name": null, "lat": 35.220906, "lon": -80.8386492, "tags": { "amenity": "bicycle_parking", "bicycle_parking": "wave", "capacity": "5" }, "amenity": "bicycle_parking", "shop": null, "leisure": null, "tourism": null, "office": null, "public_transport": null, "healthcare": null, "craft": null, "stations_in_radius": [ "3rd St/Convention" ], "stations_in_radius_dist_m": [ 501.05 ], "poi_cluster": "env", "index_right": 117, "centroid_id": 127, "dist_m": 135.38997109635437 }, "geometry": { "type": "Point", "coordinates": [ -80.8386492, 35.220906 ] } },
{ "type": "Feature", "properties": { "osm_id": 11889016943, "name": null, "lat": 35.2208508, "lon": -80.8387241, "tags": { "amenity": "bicycle_parking", "bicycle_parking": "wave", "capacity": "5" }, "amenity": "bicycle_parking", "shop": null, "leisure": null, "tourism": null, "office": null, "public_transport": null, "healthcare": null, "craft": null, "stations_in_radius": [ "3rd St/Convention" ], "stations_in_radius_dist_m": [ 499.33 ], "poi_cluster": "env", "index_right": 117, "centroid_id": 127, "dist_m": 138.23431528933514 }, "geometry": { "type": "Point", "coordinates": [ -80.8387241, 35.2208508 ] } },
{ "type": "Feature", "properties": { "osm_id": 12199136463, "name": null, "lat": 35.2236637, "lon": -80.8462665, "tags": { "amenity": "bench", "backrest": "yes", "colour": "brown", "material": "wood" }, "amenity": "bench", "shop": null, "leisure": null, "tourism": null, "office": null, "public_transport": null, "healthcare": null, "craft": null, "stations_in_radius": "['Brooklyn Village' '3rd St/Convention']", "stations_in_radius_dist_m": "[259.5  291.86]", "poi_cluster": "env", "index_right": 99, "centroid_id": 91, "dist_m": 59.757770148371954 }, "geometry": { "type": "Point", "coordinates": [ -80.8462665, 35.2236637 ] } },
{ "type": "Feature", "properties": { "osm_id": 12199136464, "name": null, "lat": 35.2236433, "lon": -80.8462434, "tags": { "amenity": "bench", "backrest": "yes", "colour": "brown", "material": "wood" }, "amenity": "bench", "shop": null, "leisure": null, "tourism": null, "office": null, "public_transport": null, "healthcare": null, "craft": null, "stations_in_radius": "['Brooklyn Village' '3rd St/Convention']", "stations_in_radius_dist_m": "[257.81 289.72]", "poi_cluster": "env", "index_right": 99, "centroid_id": 91, "dist_m": 58.165446624588775 }, "geometry": { "type": "Point", "coordinates": [ -80.8462434, 35.2236433 ] } },
{ "type": "Feature", "properties": { "osm_id": 12199136465, "name": null, "lat": 35.2236543, "lon": -80.8462788, "tags": { "amenity": "bench", "backrest": "yes", "colour": "brown", "material": "wood" }, "amenity": "bench", "shop": null, "leisure": null, "tourism": null, "office": null, "public_transport": null, "healthcare": null, "craft": null, "stations_in_radius": "['Brooklyn Village' '3rd St/Convention']", "stations_in_radius_dist_m": "[258.22 292.96]", "poi_cluster": "env", "index_right": 99, "centroid_id": 91, "dist_m": 58.469841000482901 }, "geometry": { "type": "Point", "coordinates": [ -80.8462788, 35.2236543 ] } },
{ "type": "Feature", "properties": { "osm_id": 12199136466, "name": null, "lat": 35.2236341, "lon": -80.8462549, "tags": { "amenity": "bench", "backrest": "yes", "colour": "brown", "material": "wood" }, "amenity": "bench", "shop": null, "leisure": null, "tourism": null, "office": null, "public_transport": null, "healthcare": null, "craft": null, "stations_in_radius": "['Brooklyn Village' '3rd St/Convention']", "stations_in_radius_dist_m": "[256.56 290.76]", "poi_cluster": "env", "index_right": 99, "centroid_id": 91, "dist_m": 56.883629526301156 }, "geometry": { "type": "Point", "coordinates": [ -80.8462549, 35.2236341 ] } },
{ "type": "Feature", "properties": { "osm_id": 12199211453, "name": null, "lat": 35.2236311, "lon": -80.8468902, "tags": { "amenity": "bench", "backrest": "yes", "colour": "brown", "material": "wood" }, "amenity": "bench", "shop": null, "leisure": null, "tourism": null, "office": null, "public_transport": null, "healthcare": null, "craft": null, "stations_in_radius": "['Brooklyn Village' '3rd St/Convention']", "stations_in_radius_dist_m": "[248.58 348.57]", "poi_cluster": "env", "index_right": 99, "centroid_id": 91, "dist_m": 68.238393795666639 }, "geometry": { "type": "Point", "coordinates": [ -80.8468902, 35.2236311 ] } },
{ "type": "Feature", "properties": { "osm_id": 12199211454, "name": null, "lat": 35.223682, "lon": -80.8469519, "tags": { "amenity": "bench", "backrest": "yes", "colour": "brown", "material": "wood" }, "amenity": "bench", "shop": null, "leisure": null, "tourism": null, "office": null, "public_transport": null, "healthcare": null, "craft": null, "stations_in_radius": "['Brooklyn Village' '3rd St/Convention']", "stations_in_radius_dist_m": "[254.19 354.26]", "poi_cluster": "env", "index_right": 99, "centroid_id": 91, "dist_m": 76.141101691043076 }, "geometry": { "type": "Point", "coordinates": [ -80.8469519, 35.223682 ] } },
{ "type": "Feature", "properties": { "osm_id": 12324536301, "name": null, "lat": 35.2236461, "lon": -80.847416, "tags": { "access": "yes", "amenity": "bicycle_parking", "bicycle_parking": "stands", "capacity": "28", "covered": "no", "indoor": "no" }, "amenity": "bicycle_parking", "shop": null, "leisure": null, "tourism": null, "office": null, "public_transport": null, "healthcare": null, "craft": null, "stations_in_radius": "['Brooklyn Village' '3rd St/Convention']", "stations_in_radius_dist_m": "[253.92 396.43]", "poi_cluster": "env", "index_right": 47, "centroid_id": 85, "dist_m": 70.110458494180548 }, "geometry": { "type": "Point", "coordinates": [ -80.847416, 35.2236461 ] } },
{ "type": "Feature", "properties": { "osm_id": 12327860796, "name": null, "lat": 35.2235862, "lon": -80.8466625, "tags": { "amenity": "drinking_water" }, "amenity": "drinking_water", "shop": null, "leisure": null, "tourism": null, "office": null, "public_transport": null, "healthcare": null, "craft": null, "stations_in_radius": "['Brooklyn Village' '3rd St/Convention']", "stations_in_radius_dist_m": "[244.87 327.85]", "poi_cluster": "env", "index_right": 99, "centroid_id": 91, "dist_m": 53.395547695043192 }, "geometry": { "type": "Point", "coordinates": [ -80.8466625, 35.2235862 ] } },
{ "type": "Feature", "properties": { "osm_id": 12327860797, "name": null, "lat": 35.2232895, "lon": -80.8459154, "tags": { "amenity": "bench", "backrest": "no" }, "amenity": "bench", "shop": null, "leisure": null, "tourism": null, "office": null, "public_transport": null, "healthcare": null, "craft": null, "stations_in_radius": "['Brooklyn Village' '3rd St/Convention']", "stations_in_radius_dist_m": "[230.37 262.27]", "poi_cluster": "env", "index_right": 99, "centroid_id": 91, "dist_m": 49.931623559900579 }, "geometry": { "type": "Point", "coordinates": [ -80.8459154, 35.2232895 ] } },
{ "type": "Feature", "properties": { "osm_id": 12327860798, "name": null, "lat": 35.2233024, "lon": -80.8458949, "tags": { "amenity": "bench", "backrest": "no" }, "amenity": "bench", "shop": null, "leisure": null, "tourism": null, "office": null, "public_transport": null, "healthcare": null, "craft": null, "stations_in_radius": "['Brooklyn Village' '3rd St/Convention']", "stations_in_radius_dist_m": "[232.44 260.23]", "poi_cluster": "env", "index_right": 99, "centroid_id": 91, "dist_m": 52.166993025381267 }, "geometry": { "type": "Point", "coordinates": [ -80.8458949, 35.223302400000016 ] } },
{ "type": "Feature", "properties": { "osm_id": 12327899301, "name": null, "lat": 35.2232613, "lon": -80.8469563, "tags": { "amenity": "waste_basket" }, "amenity": "waste_basket", "shop": null, "leisure": null, "tourism": null, "office": null, "public_transport": null, "healthcare": null, "craft": null, "stations_in_radius": "['Brooklyn Village' '3rd St/Convention']", "stations_in_radius_dist_m": "[207.53 356.68]", "poi_cluster": "env", "index_right": 99, "centroid_id": 91, "dist_m": 49.308677928760588 }, "geometry": { "type": "Point", "coordinates": [ -80.8469563, 35.2232613 ] } },
{ "type": "Feature", "properties": { "osm_id": 12327899302, "name": null, "lat": 35.2233593, "lon": -80.8470679, "tags": { "amenity": "waste_basket" }, "amenity": "waste_basket", "shop": null, "leisure": null, "tourism": null, "office": null, "public_transport": null, "healthcare": null, "craft": null, "stations_in_radius": "['Brooklyn Village' '3rd St/Convention']", "stations_in_radius_dist_m": "[218.71 365.79]", "poi_cluster": "env", "index_right": 99, "centroid_id": 91, "dist_m": 62.48006534579207 }, "geometry": { "type": "Point", "coordinates": [ -80.8470679, 35.2233593 ] } },
{ "type": "Feature", "properties": { "osm_id": 12327899303, "name": null, "lat": 35.2232421, "lon": -80.8469344, "tags": { "amenity": "bench" }, "amenity": "bench", "shop": null, "leisure": null, "tourism": null, "office": null, "public_transport": null, "healthcare": null, "craft": null, "stations_in_radius": "['Brooklyn Village' '3rd St/Convention']", "stations_in_radius_dist_m": "[205.4  354.94]", "poi_cluster": "env", "index_right": 99, "centroid_id": 91, "dist_m": 46.844645836530887 }, "geometry": { "type": "Point", "coordinates": [ -80.8469344, 35.2232421 ] } },
{ "type": "Feature", "properties": { "osm_id": 12327899304, "name": null, "lat": 35.2232213, "lon": -80.8469097, "tags": { "amenity": "bench" }, "amenity": "bench", "shop": null, "leisure": null, "tourism": null, "office": null, "public_transport": null, "healthcare": null, "craft": null, "stations_in_radius": "['Brooklyn Village' '3rd St/Convention']", "stations_in_radius_dist_m": "[203.11 352.98]", "poi_cluster": "env", "index_right": 99, "centroid_id": 91, "dist_m": 44.15043427072932 }, "geometry": { "type": "Point", "coordinates": [ -80.8469097, 35.223221299999985 ] } },
{ "type": "Feature", "properties": { "osm_id": 12327899305, "name": null, "lat": 35.2232017, "lon": -80.8468872, "tags": { "amenity": "bench" }, "amenity": "bench", "shop": null, "leisure": null, "tourism": null, "office": null, "public_transport": null, "healthcare": null, "craft": null, "stations_in_radius": "['Brooklyn Village' '3rd St/Convention']", "stations_in_radius_dist_m": "[200.98 351.22]", "poi_cluster": "env", "index_right": 99, "centroid_id": 91, "dist_m": 41.749755558783484 }, "geometry": { "type": "Point", "coordinates": [ -80.8468872, 35.2232017 ] } },
{ "type": "Feature", "properties": { "osm_id": 12327899306, "name": null, "lat": 35.2231809, "lon": -80.8468635, "tags": { "amenity": "bench" }, "amenity": "bench", "shop": null, "leisure": null, "tourism": null, "office": null, "public_transport": null, "healthcare": null, "craft": null, "stations_in_radius": "['Brooklyn Village' '3rd St/Convention']", "stations_in_radius_dist_m": "[198.73 349.39]", "poi_cluster": "env", "index_right": 99, "centroid_id": 91, "dist_m": 39.306056842826948 }, "geometry": { "type": "Point", "coordinates": [ -80.8468635, 35.2231809 ] } },
{ "type": "Feature", "properties": { "osm_id": 12327899307, "name": null, "lat": 35.2233421, "lon": -80.847049, "tags": { "amenity": "bench" }, "amenity": "bench", "shop": null, "leisure": null, "tourism": null, "office": null, "public_transport": null, "healthcare": null, "craft": null, "stations_in_radius": "['Brooklyn Village' '3rd St/Convention']", "stations_in_radius_dist_m": "[216.72 364.23]", "poi_cluster": "env", "index_right": 99, "centroid_id": 91, "dist_m": 60.169008214275976 }, "geometry": { "type": "Point", "coordinates": [ -80.847049, 35.2233421 ] } },
{ "type": "Feature", "properties": { "osm_id": 12327899308, "name": null, "lat": 35.2233209, "lon": -80.8470247, "tags": { "amenity": "bench" }, "amenity": "bench", "shop": null, "leisure": null, "tourism": null, "office": null, "public_transport": null, "healthcare": null, "craft": null, "stations_in_radius": "['Brooklyn Village' '3rd St/Convention']", "stations_in_radius_dist_m": "[214.28 362.22]", "poi_cluster": "env", "index_right": 99, "centroid_id": 91, "dist_m": 57.264811771938653 }, "geometry": { "type": "Point", "coordinates": [ -80.8470247, 35.2233209 ] } },
{ "type": "Feature", "properties": { "osm_id": 12327899309, "name": null, "lat": 35.223301, "lon": -80.8470026, "tags": { "amenity": "bench" }, "amenity": "bench", "shop": null, "leisure": null, "tourism": null, "office": null, "public_transport": null, "healthcare": null, "craft": null, "stations_in_radius": "['Brooklyn Village' '3rd St/Convention']", "stations_in_radius_dist_m": "[212.01 360.42]", "poi_cluster": "env", "index_right": 99, "centroid_id": 91, "dist_m": 54.63295714998754 }, "geometry": { "type": "Point", "coordinates": [ -80.8470026, 35.223301 ] } },
{ "type": "Feature", "properties": { "osm_id": 12327899310, "name": null, "lat": 35.2232799, "lon": -80.8469794, "tags": { "amenity": "bench" }, "amenity": "bench", "shop": null, "leisure": null, "tourism": null, "office": null, "public_transport": null, "healthcare": null, "craft": null, "stations_in_radius": "['Brooklyn Village' '3rd St/Convention']", "stations_in_radius_dist_m": "[209.62 358.55]", "poi_cluster": "env", "index_right": 99, "centroid_id": 91, "dist_m": 51.90452168962684 }, "geometry": { "type": "Point", "coordinates": [ -80.8469794, 35.2232799 ] } },
{ "type": "Feature", "properties": { "osm_id": 12327899311, "name": null, "lat": 35.2234385, "lon": -80.8471622, "tags": { "amenity": "bench" }, "amenity": "bench", "shop": null, "leisure": null, "tourism": null, "office": null, "public_transport": null, "healthcare": null, "craft": null, "stations_in_radius": "['Brooklyn Village' '3rd St/Convention']", "stations_in_radius_dist_m": "[228.08 373.8 ]", "poi_cluster": "env", "index_right": 99, "centroid_id": 91, "dist_m": 73.935438561275973 }, "geometry": { "type": "Point", "coordinates": [ -80.8471622, 35.2234385 ] } },
{ "type": "Feature", "properties": { "osm_id": 12327899312, "name": null, "lat": 35.2234177, "lon": -80.8471375, "tags": { "amenity": "bench" }, "amenity": "bench", "shop": null, "leisure": null, "tourism": null, "office": null, "public_transport": null, "healthcare": null, "craft": null, "stations_in_radius": "['Brooklyn Village' '3rd St/Convention']", "stations_in_radius_dist_m": "[225.59 371.68]", "poi_cluster": "env", "index_right": 99, "centroid_id": 91, "dist_m": 70.905637330143747 }, "geometry": { "type": "Point", "coordinates": [ -80.8471375, 35.2234177 ] } },
{ "type": "Feature", "properties": { "osm_id": 12327899313, "name": null, "lat": 35.2233981, "lon": -80.847115, "tags": { "amenity": "bench" }, "amenity": "bench", "shop": null, "leisure": null, "tourism": null, "office": null, "public_transport": null, "healthcare": null, "craft": null, "stations_in_radius": "['Brooklyn Village' '3rd St/Convention']", "stations_in_radius_dist_m": "[223.27 369.76]", "poi_cluster": "env", "index_right": 99, "centroid_id": 91, "dist_m": 68.130821765178283 }, "geometry": { "type": "Point", "coordinates": [ -80.847115, 35.2233981 ] } },
{ "type": "Feature", "properties": { "osm_id": 12327899314, "name": null, "lat": 35.2233773, "lon": -80.8470913, "tags": { "amenity": "bench" }, "amenity": "bench", "shop": null, "leisure": null, "tourism": null, "office": null, "public_transport": null, "healthcare": null, "craft": null, "stations_in_radius": "['Brooklyn Village' '3rd St/Convention']", "stations_in_radius_dist_m": "[220.82 367.77]", "poi_cluster": "env", "index_right": 99, "centroid_id": 91, "dist_m": 65.2213627726276 }, "geometry": { "type": "Point", "coordinates": [ -80.8470913, 35.2233773 ] } },
{ "type": "Feature", "properties": { "osm_id": 12327899315, "name": null, "lat": 35.2234551, "lon": -80.8471828, "tags": { "amenity": "waste_basket" }, "amenity": "waste_basket", "shop": null, "leisure": null, "tourism": null, "office": null, "public_transport": null, "healthcare": null, "craft": null, "stations_in_radius": "['Brooklyn Village' '3rd St/Convention']", "stations_in_radius_dist_m": "[230.08 375.58]", "poi_cluster": "env", "index_right": 99, "centroid_id": 91, "dist_m": 76.436654320233458 }, "geometry": { "type": "Point", "coordinates": [ -80.8471828, 35.2234551 ] } },
{ "type": "Feature", "properties": { "osm_id": 12327899316, "name": null, "lat": 35.2230186, "lon": -80.8469094, "tags": { "amenity": "waste_basket" }, "amenity": "waste_basket", "shop": null, "leisure": null, "tourism": null, "office": null, "public_transport": null, "healthcare": null, "craft": null, "stations_in_radius": "['Brooklyn Village' '3rd St/Convention']", "stations_in_radius_dist_m": "[180.63 356.39]", "poi_cluster": "env", "index_right": 99, "centroid_id": 91, "dist_m": 45.391174518147686 }, "geometry": { "type": "Point", "coordinates": [ -80.8469094, 35.2230186 ] } },
{ "type": "Feature", "properties": { "osm_id": 12327899317, "name": null, "lat": 35.2229487, "lon": -80.8470165, "tags": { "amenity": "waste_basket" }, "amenity": "waste_basket", "shop": null, "leisure": null, "tourism": null, "office": null, "public_transport": null, "healthcare": null, "craft": null, "stations_in_radius": "['Brooklyn Village' '3rd St/Convention']", "stations_in_radius_dist_m": "[173.   367.45]", "poi_cluster": "env", "index_right": 99, "centroid_id": 91, "dist_m": 57.201273312935882 }, "geometry": { "type": "Point", "coordinates": [ -80.8470165, 35.2229487 ] } },
{ "type": "Feature", "properties": { "osm_id": 12327899318, "name": null, "lat": 35.2228708, "lon": -80.8471339, "tags": { "amenity": "waste_basket" }, "amenity": "waste_basket", "shop": null, "leisure": null, "tourism": null, "office": null, "public_transport": null, "healthcare": null, "craft": null, "stations_in_radius": "['Brooklyn Village' '3rd St/Convention']", "stations_in_radius_dist_m": "[165.17 379.69]", "poi_cluster": "env", "index_right": 39, "centroid_id": 84, "dist_m": 57.658688814625663 }, "geometry": { "type": "Point", "coordinates": [ -80.8471339, 35.2228708 ] } },
{ "type": "Feature", "properties": { "osm_id": 12327899319, "name": null, "lat": 35.2228307, "lon": -80.8472394, "tags": { "amenity": "waste_basket" }, "amenity": "waste_basket", "shop": null, "leisure": null, "tourism": null, "office": null, "public_transport": null, "healthcare": null, "craft": null, "stations_in_radius": "['Brooklyn Village' '3rd St/Convention']", "stations_in_radius_dist_m": "[162.08 390.04]", "poi_cluster": "env", "index_right": 39, "centroid_id": 84, "dist_m": 48.367825981823529 }, "geometry": { "type": "Point", "coordinates": [ -80.8472394, 35.2228307 ] } },
{ "type": "Feature", "properties": { "osm_id": 12327899320, "name": null, "lat": 35.2228553, "lon": -80.8472035, "tags": { "amenity": "waste_basket" }, "amenity": "waste_basket", "shop": null, "leisure": null, "tourism": null, "office": null, "public_transport": null, "healthcare": null, "craft": null, "stations_in_radius": "['Brooklyn Village' '3rd St/Convention']", "stations_in_radius_dist_m": "[164.26 386.25]", "poi_cluster": "env", "index_right": 39, "centroid_id": 84, "dist_m": 52.463859334918617 }, "geometry": { "type": "Point", "coordinates": [ -80.8472035, 35.2228553 ] } },
{ "type": "Feature", "properties": { "osm_id": 12327899328, "name": null, "lat": 35.2235467, "lon": -80.8474102, "tags": { "amenity": "waste_basket" }, "amenity": "waste_basket", "shop": null, "leisure": null, "tourism": null, "office": null, "public_transport": null, "healthcare": null, "craft": null, "stations_in_radius": "['Brooklyn Village' '3rd St/Convention']", "stations_in_radius_dist_m": "[242.98 395.94]", "poi_cluster": "env", "index_right": 47, "centroid_id": 85, "dist_m": 81.09724001042521 }, "geometry": { "type": "Point", "coordinates": [ -80.8474102, 35.2235467 ] } },
{ "type": "Feature", "properties": { "osm_id": 12327899329, "name": null, "lat": 35.2235779, "lon": -80.8474826, "tags": { "amenity": "waste_basket" }, "amenity": "waste_basket", "shop": null, "leisure": null, "tourism": null, "office": null, "public_transport": null, "healthcare": null, "craft": null, "stations_in_radius": "['Brooklyn Village' '3rd St/Convention']", "stations_in_radius_dist_m": "[247.61 402.49]", "poi_cluster": "env", "index_right": 47, "centroid_id": 85, "dist_m": 77.015762531642991 }, "geometry": { "type": "Point", "coordinates": [ -80.847482600000021, 35.2235779 ] } },
{ "type": "Feature", "properties": { "osm_id": 12327899364, "name": null, "lat": 35.2236208, "lon": -80.84782, "tags": { "amenity": "waste_basket" }, "amenity": "waste_basket", "shop": null, "leisure": null, "tourism": null, "office": null, "public_transport": null, "healthcare": null, "craft": null, "stations_in_radius": "['Brooklyn Village' '3rd St/Convention']", "stations_in_radius_dist_m": "[260.04 433.18]", "poi_cluster": "env", "index_right": 47, "centroid_id": 85, "dist_m": 76.782557820858557 }, "geometry": { "type": "Point", "coordinates": [ -80.84782, 35.2236208 ] } },
{ "type": "Feature", "properties": { "osm_id": 12327899365, "name": null, "lat": 35.2235969, "lon": -80.8478596, "tags": { "amenity": "waste_basket" }, "amenity": "waste_basket", "shop": null, "leisure": null, "tourism": null, "office": null, "public_transport": null, "healthcare": null, "craft": null, "stations_in_radius": "['Brooklyn Village' '3rd St/Convention']", "stations_in_radius_dist_m": "[258.66 436.78]", "poi_cluster": "env", "index_right": 3, "centroid_id": 81, "dist_m": 74.573672725324229 }, "geometry": { "type": "Point", "coordinates": [ -80.8478596, 35.2235969 ] } },
{ "type": "Feature", "properties": { "osm_id": 12327899374, "name": null, "lat": 35.2239521, "lon": -80.847665, "tags": { "amenity": "waste_basket" }, "amenity": "waste_basket", "shop": null, "leisure": null, "tourism": null, "office": null, "public_transport": null, "healthcare": null, "craft": null, "stations_in_radius": "['Brooklyn Village' '3rd St/Convention']", "stations_in_radius_dist_m": "[291.7  420.78]", "poi_cluster": "env", "index_right": 47, "centroid_id": 85, "dist_m": 37.437962929385151 }, "geometry": { "type": "Point", "coordinates": [ -80.847665, 35.2239521 ] } },
{ "type": "Feature", "properties": { "osm_id": 12327899375, "name": null, "lat": 35.2235156, "lon": -80.8483194, "tags": { "amenity": "waste_basket" }, "amenity": "waste_basket", "shop": null, "leisure": null, "tourism": null, "office": null, "public_transport": null, "healthcare": null, "craft": null, "stations_in_radius": "['Brooklyn Village' '3rd St/Convention']", "stations_in_radius_dist_m": "[267.07 478.74]", "poi_cluster": "env", "index_right": 3, "centroid_id": 81, "dist_m": 32.613650563455835 }, "geometry": { "type": "Point", "coordinates": [ -80.8483194, 35.2235156 ] } },
{ "type": "Feature", "properties": { "osm_id": 12499185801, "name": null, "lat": 35.2252174, "lon": -80.8401552, "tags": { "access": "yes", "amenity": "bicycle_parking", "bicycle_parking": "stands", "capacity": "2", "covered": "no", "indoor": "no" }, "amenity": "bicycle_parking", "shop": null, "leisure": null, "tourism": null, "office": null, "public_transport": null, "healthcare": null, "craft": null, "stations_in_radius": "['CTC/Arena' '7th Street' '3rd St/Convention']", "stations_in_radius_dist_m": "[114.93 292.71 318.83]", "poi_cluster": "env", "index_right": 79, "centroid_id": 122, "dist_m": 81.083214392092231 }, "geometry": { "type": "Point", "coordinates": [ -80.8401552, 35.2252174 ] } },
{ "type": "Feature", "properties": { "osm_id": 12499185901, "name": null, "lat": 35.2251276, "lon": -80.8401432, "tags": { "access": "yes", "amenity": "bicycle_parking", "bicycle_parking": "stands", "capacity": "2", "covered": "no", "indoor": "no" }, "amenity": "bicycle_parking", "shop": null, "leisure": null, "tourism": null, "office": null, "public_transport": null, "healthcare": null, "craft": null, "stations_in_radius": "['CTC/Arena' '7th Street' '3rd St/Convention']", "stations_in_radius_dist_m": "[114.34 299.64 314.3 ]", "poi_cluster": "env", "index_right": 79, "centroid_id": 122, "dist_m": 71.086500244076191 }, "geometry": { "type": "Point", "coordinates": [ -80.8401432, 35.2251276 ] } },
{ "type": "Feature", "properties": { "osm_id": 12513704297, "name": null, "lat": 35.2216536, "lon": -80.8465945, "tags": { "amenity": "waste_basket", "level": "1" }, "amenity": "waste_basket", "shop": null, "leisure": null, "tourism": null, "office": null, "public_transport": null, "healthcare": null, "craft": null, "stations_in_radius": "['Brooklyn Village' '3rd St/Convention']", "stations_in_radius_dist_m": "[ 42.93 387.99]", "poi_cluster": "env", "index_right": 109, "centroid_id": 95, "dist_m": 123.20317585262876 }, "geometry": { "type": "Point", "coordinates": [ -80.8465945, 35.2216536 ] } },
{ "type": "Feature", "properties": { "osm_id": 12513705116, "name": null, "lat": 35.2213695, "lon": -80.8464554, "tags": { "access": "yes", "amenity": "bicycle_parking", "bicycle_parking": "stands", "capacity": "4", "covered": "no" }, "amenity": "bicycle_parking", "shop": null, "leisure": null, "tourism": null, "office": null, "public_transport": null, "healthcare": null, "craft": null, "stations_in_radius": "['Brooklyn Village' '3rd St/Convention']", "stations_in_radius_dist_m": "[ 44.16 396.51]", "poi_cluster": "env", "index_right": 109, "centroid_id": 95, "dist_m": 93.374897628470805 }, "geometry": { "type": "Point", "coordinates": [ -80.8464554, 35.2213695 ] } },
{ "type": "Feature", "properties": { "osm_id": 12513705117, "name": null, "lat": 35.2213574, "lon": -80.8464172, "tags": { "amenity": "waste_basket" }, "amenity": "waste_basket", "shop": null, "leisure": null, "tourism": null, "office": null, "public_transport": null, "healthcare": null, "craft": null, "stations_in_radius": "['Brooklyn Village' '3rd St/Convention']", "stations_in_radius_dist_m": "[ 47.71 394.65]", "poi_cluster": "env", "index_right": 109, "centroid_id": 95, "dist_m": 89.760861640645174 }, "geometry": { "type": "Point", "coordinates": [ -80.8464172, 35.2213574 ] } },
{ "type": "Feature", "properties": { "osm_id": 12513705208, "name": null, "lat": 35.2223637, "lon": -80.8474007, "tags": { "amenity": "recycling", "recycling_type": "container" }, "amenity": "recycling", "shop": null, "leisure": null, "tourism": null, "office": null, "public_transport": null, "healthcare": null, "craft": null, "stations_in_radius": "['Brooklyn Village' '3rd St/Convention']", "stations_in_radius_dist_m": "[115.84 418.5 ]", "poi_cluster": "env", "index_right": 39, "centroid_id": 84, "dist_m": 16.761816639233022 }, "geometry": { "type": "Point", "coordinates": [ -80.8474007, 35.2223637 ] } },
{ "type": "Feature", "properties": { "osm_id": 12513705209, "name": null, "lat": 35.2223496, "lon": -80.8473822, "tags": { "amenity": "waste_basket" }, "amenity": "waste_basket", "shop": null, "leisure": null, "tourism": null, "office": null, "public_transport": null, "healthcare": null, "craft": null, "stations_in_radius": "['Brooklyn Village' '3rd St/Convention']", "stations_in_radius_dist_m": "[113.77 417.43]", "poi_cluster": "env", "index_right": 39, "centroid_id": 84, "dist_m": 19.059421887092721 }, "geometry": { "type": "Point", "coordinates": [ -80.8473822, 35.2223496 ] } },
{ "type": "Feature", "properties": { "osm_id": 12513705214, "name": null, "lat": 35.2212798, "lon": -80.8463048, "tags": { "amenity": "bicycle_parking", "bicycle_parking": "stands", "capacity": "6", "covered": "yes" }, "amenity": "bicycle_parking", "shop": null, "leisure": null, "tourism": null, "office": null, "public_transport": null, "healthcare": null, "craft": null, "stations_in_radius": "['Brooklyn Village' '3rd St/Convention']", "stations_in_radius_dist_m": "[ 59.08 392.4 ]", "poi_cluster": "env", "index_right": 109, "centroid_id": 95, "dist_m": 76.443234589455244 }, "geometry": { "type": "Point", "coordinates": [ -80.8463048, 35.2212798 ] } },
{ "type": "Feature", "properties": { "osm_id": 12513705221, "name": null, "lat": 35.2204204, "lon": -80.8459297, "tags": { "access": "yes", "amenity": "bicycle_parking", "bicycle_parking": "stands", "capacity": "12", "covered": "yes", "foot_traffic": "low" }, "amenity": "bicycle_parking", "shop": null, "leisure": null, "tourism": null, "office": null, "public_transport": null, "healthcare": null, "craft": null, "stations_in_radius": "['Brooklyn Village' '3rd St/Convention']", "stations_in_radius_dist_m": "[141.48 439.69]", "poi_cluster": "env", "index_right": 109, "centroid_id": 95, "dist_m": 59.214862123786659 }, "geometry": { "type": "Point", "coordinates": [ -80.8459297, 35.2204204 ] } },
{ "type": "Feature", "properties": { "osm_id": 12513705222, "name": null, "lat": 35.2200977, "lon": -80.8457881, "tags": { "amenity": "bench" }, "amenity": "bench", "shop": null, "leisure": null, "tourism": null, "office": null, "public_transport": null, "healthcare": null, "craft": null, "stations_in_radius": "['Brooklyn Village' '3rd St/Convention']", "stations_in_radius_dist_m": "[177.56 461.91]", "poi_cluster": "env", "index_right": 109, "centroid_id": 95, "dist_m": 88.994819036649744 }, "geometry": { "type": "Point", "coordinates": [ -80.8457881, 35.2200977 ] } },
{ "type": "Feature", "properties": { "osm_id": 12513705223, "name": null, "lat": 35.2200838, "lon": -80.8457971, "tags": { "amenity": "bench" }, "amenity": "bench", "shop": null, "leisure": null, "tourism": null, "office": null, "public_transport": null, "healthcare": null, "craft": null, "stations_in_radius": "['Brooklyn Village' '3rd St/Convention']", "stations_in_radius_dist_m": "[178.33 463.65]", "poi_cluster": "env", "index_right": 109, "centroid_id": 95, "dist_m": 90.658967689145015 }, "geometry": { "type": "Point", "coordinates": [ -80.8457971, 35.2200838 ] } },
{ "type": "Feature", "properties": { "osm_id": 12513705224, "name": null, "lat": 35.2200748, "lon": -80.8458229, "tags": { "amenity": "waste_basket" }, "amenity": "waste_basket", "shop": null, "leisure": null, "tourism": null, "office": null, "public_transport": null, "healthcare": null, "craft": null, "stations_in_radius": "['Brooklyn Village' '3rd St/Convention']", "stations_in_radius_dist_m": "[177.79 465.76]", "poi_cluster": "env", "index_right": 109, "centroid_id": 95, "dist_m": 92.095660308006131 }, "geometry": { "type": "Point", "coordinates": [ -80.8458229, 35.2200748 ] } },
{ "type": "Feature", "properties": { "osm_id": 12513705308, "name": null, "lat": 35.2207422, "lon": -80.8436706, "tags": { "amenity": "waste_basket" }, "amenity": "waste_basket", "shop": null, "leisure": null, "tourism": null, "office": null, "public_transport": null, "healthcare": null, "craft": null, "stations_in_radius": "['Brooklyn Village' '3rd St/Convention']", "stations_in_radius_dist_m": "[306.08 322.86]", "poi_cluster": "env", "index_right": 97, "centroid_id": 110, "dist_m": 106.24974879887397 }, "geometry": { "type": "Point", "coordinates": [ -80.8436706, 35.2207422 ] } },
{ "type": "Feature", "properties": { "osm_id": 12513705309, "name": null, "lat": 35.2213722, "lon": -80.8428629, "tags": { "amenity": "waste_basket" }, "amenity": "waste_basket", "shop": null, "leisure": null, "tourism": null, "office": null, "public_transport": null, "healthcare": null, "craft": null, "stations_in_radius": "['3rd St/Convention' 'Brooklyn Village']", "stations_in_radius_dist_m": "[248.82 371.04]", "poi_cluster": "env", "index_right": 97, "centroid_id": 110, "dist_m": 38.213030846890113 }, "geometry": { "type": "Point", "coordinates": [ -80.8428629, 35.2213722 ] } },
{ "type": "Feature", "properties": { "osm_id": 12513705310, "name": null, "lat": 35.2213244, "lon": -80.8429539, "tags": { "amenity": "bench", "backrest": "no" }, "amenity": "bench", "shop": null, "leisure": null, "tourism": null, "office": null, "public_transport": null, "healthcare": null, "craft": null, "stations_in_radius": "['3rd St/Convention' 'Brooklyn Village']", "stations_in_radius_dist_m": "[253.66 362.83]", "poi_cluster": "env", "index_right": 97, "centroid_id": 110, "dist_m": 40.690080268863483 }, "geometry": { "type": "Point", "coordinates": [ -80.8429539, 35.2213244 ] } },
{ "type": "Feature", "properties": { "osm_id": 12513705311, "name": null, "lat": 35.2213792, "lon": -80.8429495, "tags": { "amenity": "bench", "backrest": "no" }, "amenity": "bench", "shop": null, "leisure": null, "tourism": null, "office": null, "public_transport": null, "healthcare": null, "craft": null, "stations_in_radius": "['3rd St/Convention' 'Brooklyn Village']", "stations_in_radius_dist_m": "[247.6  363.16]", "poi_cluster": "env", "index_right": 97, "centroid_id": 110, "dist_m": 44.236369802758773 }, "geometry": { "type": "Point", "coordinates": [ -80.8429495, 35.2213792 ] } },
{ "type": "Feature", "properties": { "osm_id": 12513705312, "name": null, "lat": 35.2214071, "lon": -80.8429123, "tags": { "amenity": "bench", "backrest": "no" }, "amenity": "bench", "shop": null, "leisure": null, "tourism": null, "office": null, "public_transport": null, "healthcare": null, "craft": null, "stations_in_radius": "['3rd St/Convention' 'Brooklyn Village']", "stations_in_radius_dist_m": "[244.67 366.55]", "poi_cluster": "env", "index_right": 97, "centroid_id": 110, "dist_m": 44.080593761829881 }, "geometry": { "type": "Point", "coordinates": [ -80.8429123, 35.2214071 ] } },
{ "type": "Feature", "properties": { "osm_id": 12513705313, "name": null, "lat": 35.2214415, "lon": -80.8429417, "tags": { "amenity": "bench", "backrest": "no" }, "amenity": "bench", "shop": null, "leisure": null, "tourism": null, "office": null, "public_transport": null, "healthcare": null, "craft": null, "stations_in_radius": "['3rd St/Convention' 'Brooklyn Village']", "stations_in_radius_dist_m": "[240.73 363.91]", "poi_cluster": "env", "index_right": 97, "centroid_id": 110, "dist_m": 48.714403600804467 }, "geometry": { "type": "Point", "coordinates": [ -80.8429417, 35.2214415 ] } },
{ "type": "Feature", "properties": { "osm_id": 12513705314, "name": null, "lat": 35.2214142, "lon": -80.8429816, "tags": { "amenity": "bench", "backrest": "no" }, "amenity": "bench", "shop": null, "leisure": null, "tourism": null, "office": null, "public_transport": null, "healthcare": null, "craft": null, "stations_in_radius": "['3rd St/Convention' 'Brooklyn Village']", "stations_in_radius_dist_m": "[243.62 360.25]", "poi_cluster": "env", "index_right": 97, "centroid_id": 110, "dist_m": 49.022674764797294 }, "geometry": { "type": "Point", "coordinates": [ -80.8429816, 35.2214142 ] } },
{ "type": "Feature", "properties": { "osm_id": 12513705315, "name": null, "lat": 35.2214766, "lon": -80.8429714, "tags": { "amenity": "bench", "backrest": "no" }, "amenity": "bench", "shop": null, "leisure": null, "tourism": null, "office": null, "public_transport": null, "healthcare": null, "craft": null, "stations_in_radius": "['3rd St/Convention' 'Brooklyn Village']", "stations_in_radius_dist_m": "[236.73 361.29]", "poi_cluster": "env", "index_right": 97, "centroid_id": 110, "dist_m": 53.429599182178507 }, "geometry": { "type": "Point", "coordinates": [ -80.8429714, 35.2214766 ] } },
{ "type": "Feature", "properties": { "osm_id": 12513705316, "name": null, "lat": 35.2215059, "lon": -80.8430079, "tags": { "amenity": "bench", "backrest": "no" }, "amenity": "bench", "shop": null, "leisure": null, "tourism": null, "office": null, "public_transport": null, "healthcare": null, "craft": null, "stations_in_radius": "['3rd St/Convention' 'Brooklyn Village']", "stations_in_radius_dist_m": "[233.39 358.07]", "poi_cluster": "env", "index_right": 97, "centroid_id": 110, "dist_m": 58.057539828332793 }, "geometry": { "type": "Point", "coordinates": [ -80.8430079, 35.221505900000011 ] } },
{ "type": "Feature", "properties": { "osm_id": 12513705317, "name": null, "lat": 35.2215643, "lon": -80.8430191, "tags": { "amenity": "bench", "backrest": "no" }, "amenity": "bench", "shop": null, "leisure": null, "tourism": null, "office": null, "public_transport": null, "healthcare": null, "craft": null, "stations_in_radius": "['3rd St/Convention' 'Brooklyn Village']", "stations_in_radius_dist_m": "[226.9  357.35]", "poi_cluster": "env", "index_right": 97, "centroid_id": 110, "dist_m": 63.726601588480136 }, "geometry": { "type": "Point", "coordinates": [ -80.8430191, 35.2215643 ] } },
{ "type": "Feature", "properties": { "osm_id": 12513705318, "name": null, "lat": 35.2216207, "lon": -80.84303, "tags": { "amenity": "waste_basket" }, "amenity": "waste_basket", "shop": null, "leisure": null, "tourism": null, "office": null, "public_transport": null, "healthcare": null, "craft": null, "stations_in_radius": "['3rd St/Convention' 'Brooklyn Village' 'CTC/Arena']", "stations_in_radius_dist_m": "[220.63 356.75 403.39]", "poi_cluster": "env", "index_right": 97, "centroid_id": 110, "dist_m": 69.354510543186294 }, "geometry": { "type": "Point", "coordinates": [ -80.84303, 35.2216207 ] } },
{ "type": "Feature", "properties": { "osm_id": 12513705319, "name": null, "lat": 35.2216254, "lon": -80.8436692, "tags": { "amenity": "waste_basket" }, "amenity": "waste_basket", "shop": null, "leisure": null, "tourism": null, "office": null, "public_transport": null, "healthcare": null, "craft": null, "stations_in_radius": [ ], "stations_in_radius_dist_m": [ ], "poi_cluster": "env", "index_right": 31, "centroid_id": 105, "dist_m": 71.706862387241131 }, "geometry": { "type": "Point", "coordinates": [ -80.8436692, 35.2216254 ] } },
{ "type": "Feature", "properties": { "osm_id": 12945631870, "name": null, "lat": 35.2273055, "lon": -80.8436789, "tags": { "amenity": "bench", "armrest": "yes", "backrest": "yes", "material": "wood" }, "amenity": "bench", "shop": null, "leisure": null, "tourism": null, "office": null, "public_transport": null, "healthcare": null, "craft": null, "stations_in_radius": "['CTC/Arena' '3rd St/Convention']", "stations_in_radius_dist_m": "[329.78 413.68]", "poi_cluster": "env", "index_right": 14, "centroid_id": 107, "dist_m": 51.425326030037958 }, "geometry": { "type": "Point", "coordinates": [ -80.8436789, 35.227305499999986 ] } },
{ "type": "Feature", "properties": { "osm_id": 12945631871, "name": null, "lat": 35.2272998, "lon": -80.8437, "tags": { "amenity": "bench", "armrest": "yes", "backrest": "yes", "material": "wood" }, "amenity": "bench", "shop": null, "leisure": null, "tourism": null, "office": null, "public_transport": null, "healthcare": null, "craft": null, "stations_in_radius": "['CTC/Arena' '3rd St/Convention']", "stations_in_radius_dist_m": "[330.51 413.32]", "poi_cluster": "env", "index_right": 14, "centroid_id": 107, "dist_m": 53.152922068956734 }, "geometry": { "type": "Point", "coordinates": [ -80.8437, 35.2272998 ] } },
{ "type": "Feature", "properties": { "osm_id": 12945631872, "name": null, "lat": 35.2271691, "lon": -80.8435997, "tags": { "amenity": "bench", "armrest": "yes", "backrest": "yes", "material": "wood" }, "amenity": "bench", "shop": null, "leisure": null, "tourism": null, "office": null, "public_transport": null, "healthcare": null, "craft": null, "stations_in_radius": "['CTC/Arena' '3rd St/Convention']", "stations_in_radius_dist_m": "[313.53 397.75]", "poi_cluster": "env", "index_right": 14, "centroid_id": 107, "dist_m": 42.873375412425254 }, "geometry": { "type": "Point", "coordinates": [ -80.8435997, 35.2271691 ] } },
{ "type": "Feature", "properties": { "osm_id": 12945631874, "name": null, "lat": 35.2272636, "lon": -80.8434692, "tags": { "amenity": "bench", "armrest": "yes", "backrest": "yes", "material": "wood" }, "amenity": "bench", "shop": null, "leisure": null, "tourism": null, "office": null, "public_transport": null, "healthcare": null, "craft": null, "stations_in_radius": "['CTC/Arena' '3rd St/Convention']", "stations_in_radius_dist_m": "[314.35 406.89]", "poi_cluster": "env", "index_right": 14, "centroid_id": 107, "dist_m": 31.785267472665563 }, "geometry": { "type": "Point", "coordinates": [ -80.8434692, 35.227263599999986 ] } },
{ "type": "Feature", "properties": { "osm_id": 12945631876, "name": null, "lat": 35.2271709, "lon": -80.8436161, "tags": { "amenity": "bench", "armrest": "yes", "backrest": "yes", "material": "wood" }, "amenity": "bench", "shop": null, "leisure": null, "tourism": null, "office": null, "public_transport": null, "healthcare": null, "craft": null, "stations_in_radius": "['CTC/Arena' '3rd St/Convention']", "stations_in_radius_dist_m": "[314.64 398.14]", "poi_cluster": "env", "index_right": 14, "centroid_id": 107, "dist_m": 44.349163186469454 }, "geometry": { "type": "Point", "coordinates": [ -80.8436161, 35.2271709 ] } },
{ "type": "Feature", "properties": { "osm_id": 12948708694, "name": null, "lat": 35.2273063, "lon": -80.8435696, "tags": { "amenity": "bench" }, "amenity": "bench", "shop": null, "leisure": null, "tourism": null, "office": null, "public_transport": null, "healthcare": null, "craft": null, "stations_in_radius": "['CTC/Arena' '3rd St/Convention']", "stations_in_radius_dist_m": "[323.66 412.54]", "poi_cluster": "env", "index_right": 14, "centroid_id": 107, "dist_m": 41.851211685348147 }, "geometry": { "type": "Point", "coordinates": [ -80.8435696, 35.2273063 ] } },
{ "type": "Feature", "properties": { "osm_id": 12965459603, "name": null, "lat": 35.2218954, "lon": -80.8396228, "tags": { "access": "yes", "amenity": "bicycle_parking", "bicycle_parking": "stands", "capacity": "4", "covered": "no", "indoor": "no" }, "amenity": "bicycle_parking", "shop": null, "leisure": null, "tourism": null, "office": null, "public_transport": null, "healthcare": null, "craft": null, "stations_in_radius": "['3rd St/Convention' 'CTC/Arena']", "stations_in_radius_dist_m": "[366.06 380.01]", "poi_cluster": "env", "index_right": 117, "centroid_id": 127, "dist_m": 32.372951695510132 }, "geometry": { "type": "Point", "coordinates": [ -80.8396228, 35.221895399999987 ] } },
{ "type": "Feature", "properties": { "osm_id": 13230735737, "name": null, "lat": 35.2274747, "lon": -80.8432606, "tags": { "amenity": "waste_basket" }, "amenity": "waste_basket", "shop": null, "leisure": null, "tourism": null, "office": null, "public_transport": null, "healthcare": null, "craft": null, "stations_in_radius": "['CTC/Arena' '3rd St/Convention']", "stations_in_radius_dist_m": "[322.95 428.99]", "poi_cluster": "env", "index_right": 14, "centroid_id": 107, "dist_m": 33.10682509634767 }, "geometry": { "type": "Point", "coordinates": [ -80.8432606, 35.2274747 ] } },
{ "type": "Feature", "properties": { "osm_id": 13230735743, "name": null, "lat": 35.227623, "lon": -80.8434444, "tags": { "amenity": "bench" }, "amenity": "bench", "shop": null, "leisure": null, "tourism": null, "office": null, "public_transport": null, "healthcare": null, "craft": null, "stations_in_radius": "['CTC/Arena' '3rd St/Convention']", "stations_in_radius_dist_m": "[345.79 446.42]", "poi_cluster": "env", "index_right": 14, "centroid_id": 107, "dist_m": 55.324385760774355 }, "geometry": { "type": "Point", "coordinates": [ -80.8434444, 35.227623 ] } },
{ "type": "Feature", "properties": { "osm_id": 13230735744, "name": null, "lat": 35.2276473, "lon": -80.8434715, "tags": { "amenity": "bench" }, "amenity": "bench", "shop": null, "leisure": null, "tourism": null, "office": null, "public_transport": null, "healthcare": null, "craft": null, "stations_in_radius": "['CTC/Arena' '3rd St/Convention']", "stations_in_radius_dist_m": "[349.39 449.3 ]", "poi_cluster": "env", "index_right": 14, "centroid_id": 107, "dist_m": 58.910966172844489 }, "geometry": { "type": "Point", "coordinates": [ -80.8434715, 35.2276473 ] } },
{ "type": "Feature", "properties": { "osm_id": 13230735747, "name": null, "lat": 35.2276828, "lon": -80.8435163, "tags": { "amenity": "waste_basket" }, "amenity": "waste_basket", "shop": null, "leisure": null, "tourism": null, "office": null, "public_transport": null, "healthcare": null, "craft": null, "stations_in_radius": "['CTC/Arena' '3rd St/Convention']", "stations_in_radius_dist_m": "[354.91 453.58]", "poi_cluster": "env", "index_right": 14, "centroid_id": 107, "dist_m": 64.421715238744682 }, "geometry": { "type": "Point", "coordinates": [ -80.8435163, 35.2276828 ] } },
{ "type": "Feature", "properties": { "osm_id": 13230735763, "name": null, "lat": 35.2278414, "lon": -80.8437099, "tags": { "amenity": "waste_basket" }, "amenity": "waste_basket", "shop": null, "leisure": null, "tourism": null, "office": null, "public_transport": null, "healthcare": null, "craft": null, "stations_in_radius": "['CTC/Arena' '3rd St/Convention']", "stations_in_radius_dist_m": "[379.29 472.98]", "poi_cluster": "env", "index_right": 29, "centroid_id": 103, "dist_m": 55.057287171036229 }, "geometry": { "type": "Point", "coordinates": [ -80.8437099, 35.2278414 ] } },
{ "type": "Feature", "properties": { "osm_id": 13230735764, "name": null, "lat": 35.2278281, "lon": -80.843694, "tags": { "amenity": "waste_basket" }, "amenity": "waste_basket", "shop": null, "leisure": null, "tourism": null, "office": null, "public_transport": null, "healthcare": null, "craft": null, "stations_in_radius": "['CTC/Arena' '3rd St/Convention']", "stations_in_radius_dist_m": "[377.26 471.33]", "poi_cluster": "env", "index_right": 29, "centroid_id": 103, "dist_m": 57.062090810409941 }, "geometry": { "type": "Point", "coordinates": [ -80.843694, 35.2278281 ] } },
{ "type": "Feature", "properties": { "osm_id": 13231371886, "name": null, "lat": 35.2273502, "lon": -80.8433968, "tags": { "amenity": "waste_basket" }, "amenity": "waste_basket", "shop": null, "leisure": null, "tourism": null, "office": null, "public_transport": null, "healthcare": null, "craft": null, "stations_in_radius": "['CTC/Arena' '3rd St/Convention']", "stations_in_radius_dist_m": "[318.25 415.92]", "poi_cluster": "env", "index_right": 14, "centroid_id": 107, "dist_m": 29.707560539402866 }, "geometry": { "type": "Point", "coordinates": [ -80.8433968, 35.2273502 ] } },
{ "type": "Feature", "properties": { "osm_id": 13231371889, "name": null, "lat": 35.2272805, "lon": -80.8433086, "tags": { "amenity": "waste_basket" }, "amenity": "waste_basket", "shop": null, "leisure": null, "tourism": null, "office": null, "public_transport": null, "healthcare": null, "craft": null, "stations_in_radius": "['CTC/Arena' '3rd St/Convention']", "stations_in_radius_dist_m": "[307.32 407.69]", "poi_cluster": "env", "index_right": 14, "centroid_id": 107, "dist_m": 18.774190215355851 }, "geometry": { "type": "Point", "coordinates": [ -80.8433086, 35.2272805 ] } },
{ "type": "Feature", "properties": { "osm_id": 13231371893, "name": null, "lat": 35.2275426, "lon": -80.843613, "tags": { "amenity": "bench" }, "amenity": "bench", "shop": null, "leisure": null, "tourism": null, "office": null, "public_transport": null, "healthcare": null, "craft": null, "stations_in_radius": "['CTC/Arena' '3rd St/Convention']", "stations_in_radius_dist_m": "[347.03 439.02]", "poi_cluster": "env", "index_right": 14, "centroid_id": 107, "dist_m": 58.397101379058881 }, "geometry": { "type": "Point", "coordinates": [ -80.843613, 35.2275426 ] } },
{ "type": "Feature", "properties": { "osm_id": 13231371897, "name": null, "lat": 35.2277243, "lon": -80.8438162, "tags": { "amenity": "waste_basket" }, "amenity": "waste_basket", "shop": null, "leisure": null, "tourism": null, "office": null, "public_transport": null, "healthcare": null, "craft": null, "stations_in_radius": "['CTC/Arena' '3rd St/Convention']", "stations_in_radius_dist_m": "[374.2  461.44]", "poi_cluster": "env", "index_right": 29, "centroid_id": 103, "dist_m": 55.912232711134045 }, "geometry": { "type": "Point", "coordinates": [ -80.8438162, 35.2277243 ] } },
{ "type": "Feature", "properties": { "osm_id": 13231416224, "name": null, "lat": 35.2265365, "lon": -80.8441945, "tags": { "amenity": "recycling", "recycling_type": "container" }, "amenity": "recycling", "shop": null, "leisure": null, "tourism": null, "office": null, "public_transport": null, "healthcare": null, "craft": null, "stations_in_radius": "['CTC/Arena' '3rd St/Convention']", "stations_in_radius_dist_m": "[306.87 340.58]", "poi_cluster": "env", "index_right": 37, "centroid_id": 102, "dist_m": 3.6373567879709028 }, "geometry": { "type": "Point", "coordinates": [ -80.8441945, 35.2265365 ] } },
{ "type": "Feature", "properties": { "osm_id": 13231416225, "name": null, "lat": 35.2265531, "lon": -80.8441713, "tags": { "amenity": "waste_basket" }, "amenity": "waste_basket", "shop": null, "leisure": null, "tourism": null, "office": null, "public_transport": null, "healthcare": null, "craft": null, "stations_in_radius": "['CTC/Arena' '3rd St/Convention']", "stations_in_radius_dist_m": "[306.15 341.7 ]", "poi_cluster": "env", "index_right": 37, "centroid_id": 102, "dist_m": 6.394737002981536 }, "geometry": { "type": "Point", "coordinates": [ -80.8441713, 35.2265531 ] } },
{ "type": "Feature", "properties": { "osm_id": 13231416227, "name": null, "lat": 35.2265942, "lon": -80.8441138, "tags": { "amenity": "telephone" }, "amenity": "telephone", "shop": null, "leisure": null, "tourism": null, "office": null, "public_transport": null, "healthcare": null, "craft": null, "stations_in_radius": "['CTC/Arena' '3rd St/Convention']", "stations_in_radius_dist_m": "[304.46 344.56]", "poi_cluster": "env", "index_right": 37, "centroid_id": 102, "dist_m": 13.304885848376083 }, "geometry": { "type": "Point", "coordinates": [ -80.8441138, 35.2265942 ] } },
{ "type": "Feature", "properties": { "osm_id": 13328798501, "name": null, "lat": 35.2255597, "lon": -80.8469845, "tags": { "access": "yes", "amenity": "bicycle_parking", "bicycle_parking": "wave", "capacity": "7", "covered": "yes", "indoor": "no" }, "amenity": "bicycle_parking", "shop": null, "leisure": null, "tourism": null, "office": null, "public_transport": null, "healthcare": null, "craft": null, "stations_in_radius": "['3rd St/Convention' 'Brooklyn Village']", "stations_in_radius_dist_m": "[417.49 462.44]", "poi_cluster": "env", "index_right": 138, "centroid_id": 93, "dist_m": 50.988562056109835 }, "geometry": { "type": "Point", "coordinates": [ -80.8469845, 35.2255597 ] } },
{ "type": "Feature", "properties": { "osm_id": 13457125329, "name": null, "lat": 35.223481, "lon": -80.8435512, "tags": { "amenity": "waste_basket" }, "amenity": "waste_basket", "shop": null, "leisure": null, "tourism": null, "office": null, "public_transport": null, "healthcare": null, "craft": null, "stations_in_radius": "['3rd St/Convention' 'CTC/Arena' 'Brooklyn Village']", "stations_in_radius_dist_m": "[ 46.93 258.96 385.85]", "poi_cluster": "env", "index_right": 0, "centroid_id": 111, "dist_m": 129.08266551367731 }, "geometry": { "type": "Point", "coordinates": [ -80.8435512, 35.223481 ] } },
{ "type": "Feature", "properties": { "osm_id": 13457125331, "name": null, "lat": 35.2234621, "lon": -80.8435844, "tags": { "amenity": "waste_basket" }, "amenity": "waste_basket", "shop": null, "leisure": null, "tourism": null, "office": null, "public_transport": null, "healthcare": null, "craft": null, "stations_in_radius": "['3rd St/Convention' 'CTC/Arena' 'Brooklyn Village']", "stations_in_radius_dist_m": "[ 50.46 262.62 382.18]", "poi_cluster": "env", "index_right": 0, "centroid_id": 111, "dist_m": 130.73545536148819 }, "geometry": { "type": "Point", "coordinates": [ -80.8435844, 35.2234621 ] } },
{ "type": "Feature", "properties": { "osm_id": 13457166669, "name": null, "lat": 35.2265722, "lon": -80.8422237, "tags": { "amenity": "bench" }, "amenity": "bench", "shop": null, "leisure": null, "tourism": null, "office": null, "public_transport": null, "healthcare": null, "craft": null, "stations_in_radius": "['CTC/Arena' '3rd St/Convention' '7th Street']", "stations_in_radius_dist_m": "[190.15 337.21 385.64]", "poi_cluster": "env", "index_right": 19, "centroid_id": 113, "dist_m": 35.512529392682559 }, "geometry": { "type": "Point", "coordinates": [ -80.8422237, 35.2265722 ] } },
{ "type": "Feature", "properties": { "osm_id": 13457166670, "name": null, "lat": 35.2264236, "lon": -80.8420509, "tags": { "amenity": "recycling", "recycling_type": "container" }, "amenity": "recycling", "shop": null, "leisure": null, "tourism": null, "office": null, "public_transport": null, "healthcare": null, "craft": null, "stations_in_radius": "['CTC/Arena' '3rd St/Convention' '7th Street']", "stations_in_radius_dist_m": "[168.95 325.26 373.75]", "poi_cluster": "env", "index_right": 19, "centroid_id": 113, "dist_m": 14.576838582236039 }, "geometry": { "type": "Point", "coordinates": [ -80.8420509, 35.2264236 ] } },
{ "type": "Feature", "properties": { "osm_id": 13457166671, "name": null, "lat": 35.226414, "lon": -80.8420391, "tags": { "amenity": "waste_basket" }, "amenity": "waste_basket", "shop": null, "leisure": null, "tourism": null, "office": null, "public_transport": null, "healthcare": null, "craft": null, "stations_in_radius": "['CTC/Arena' '3rd St/Convention' '7th Street']", "stations_in_radius_dist_m": "[167.57 324.55 372.97]", "poi_cluster": "env", "index_right": 19, "centroid_id": 113, "dist_m": 13.429462029024572 }, "geometry": { "type": "Point", "coordinates": [ -80.8420391, 35.226414 ] } },
{ "type": "Feature", "properties": { "osm_id": 13457166672, "name": null, "lat": 35.2268023, "lon": -80.8424831, "tags": { "amenity": "waste_basket" }, "amenity": "waste_basket", "shop": null, "leisure": null, "tourism": null, "office": null, "public_transport": null, "healthcare": null, "craft": null, "stations_in_radius": "['CTC/Arena' '3rd St/Convention' '7th Street']", "stations_in_radius_dist_m": "[223.26 357.9  405.16]", "poi_cluster": "env", "index_right": 19, "centroid_id": 113, "dist_m": 69.791598924006166 }, "geometry": { "type": "Point", "coordinates": [ -80.8424831, 35.2268023 ] } },
{ "type": "Feature", "properties": { "osm_id": 13457166673, "name": null, "lat": 35.2268574, "lon": -80.842547, "tags": { "amenity": "recycling", "recycling_type": "container" }, "amenity": "recycling", "shop": null, "leisure": null, "tourism": null, "office": null, "public_transport": null, "healthcare": null, "craft": null, "stations_in_radius": "['CTC/Arena' '3rd St/Convention' '7th Street']", "stations_in_radius_dist_m": "[231.34 363.15 410.29]", "poi_cluster": "env", "index_right": 14, "centroid_id": 107, "dist_m": 64.986324596540115 }, "geometry": { "type": "Point", "coordinates": [ -80.842547, 35.2268574 ] } },
{ "type": "Feature", "properties": { "osm_id": 90480715, "name": "AutoPark", "lat": 35.2274639, "lon": -80.846002, "tags": { "access": "yes", "amenity": "parking", "building": "yes", "capacity": "690", "fee": "yes", "name": "AutoPark", "operator": "LAZ Parking", "parking": "multi-storey", "surface": "concrete" }, "amenity": "parking", "shop": null, "leisure": null, "tourism": null, "office": null, "public_transport": null, "healthcare": null, "craft": null, "stations_in_radius": [ ], "stations_in_radius_dist_m": [ ], "poi_cluster": "env", "index_right": 48, "centroid_id": 98, "dist_m": 61.569842041726183 }, "geometry": { "type": "Point", "coordinates": [ -80.846002, 35.227463899999982 ] } },
{ "type": "Feature", "properties": { "osm_id": 90480718, "name": "First Citizens Bank Plaza Parking Garage", "lat": 35.2268665, "lon": -80.8453405, "tags": { "access": "yes", "amenity": "parking", "building": "parking", "capacity": "697", "fee": "yes", "height": "24", "name": "First Citizens Bank Plaza Parking Garage", "operator": "Preffered Parking", "parking": "multi-storey", "source": "Bing", "surface": "concrete" }, "amenity": "parking", "shop": null, "leisure": null, "tourism": null, "office": null, "public_transport": null, "healthcare": null, "craft": null, "stations_in_radius": [ ], "stations_in_radius_dist_m": [ ], "poi_cluster": "env", "index_right": 48, "centroid_id": 98, "dist_m": 61.885194438925758 }, "geometry": { "type": "Point", "coordinates": [ -80.8453405, 35.2268665 ] } },
{ "type": "Feature", "properties": { "osm_id": 90480727, "name": "Two Thirty South Tryon Parking", "lat": 35.2265572, "lon": -80.8457673, "tags": { "access": "yes", "amenity": "parking", "building": "yes", "capacity:disabled": "670", "fee": "yes", "height": "24", "name": "Two Thirty South Tryon Parking", "operator": "Spectrum Parking", "parking": "multi-storey", "source": "Bing", "surface": "concrete" }, "amenity": "parking", "shop": null, "leisure": null, "tourism": null, "office": null, "public_transport": null, "healthcare": null, "craft": null, "stations_in_radius": [ ], "stations_in_radius_dist_m": [ ], "poi_cluster": "env", "index_right": 130, "centroid_id": 94, "dist_m": 60.210530084601153 }, "geometry": { "type": "Point", "coordinates": [ -80.8457673, 35.2265572 ] } },
{ "type": "Feature", "properties": { "osm_id": 174171799, "name": "Lot #406", "lat": 35.2238588, "lon": -80.8402171, "tags": { "addr:city": "Charlotte", "addr:housenumber": "406", "addr:postcode": "28202", "addr:state": "NC", "addr:street": "East 4th Street", "amenity": "parking", "fee": "yes", "name": "Lot #406", "operator": "Preferred Parking", "parking": "surface", "surface": "asphalt" }, "amenity": "parking", "shop": null, "leisure": null, "tourism": null, "office": null, "public_transport": null, "healthcare": null, "craft": null, "stations_in_radius": "['CTC/Arena' '3rd St/Convention' '7th Street']", "stations_in_radius_dist_m": "[165.56 260.18 421.29]", "poi_cluster": "env", "index_right": 79, "centroid_id": 122, "dist_m": 70.318196780293235 }, "geometry": { "type": "Point", "coordinates": [ -80.8402171, 35.2238588 ] } },
{ "type": "Feature", "properties": { "osm_id": 174171808, "name": "Lot #402", "lat": 35.2231215, "lon": -80.8412855, "tags": { "addr:city": "Charlotte", "addr:housenumber": "402", "addr:postcode": "28202", "addr:state": "NC", "addr:street": "East 4th Street", "amenity": "parking", "fee": "yes", "name": "Lot #402", "operator": "Preferred Parking", "parking": "surface", "surface": "asphalt" }, "amenity": "parking", "shop": null, "leisure": null, "tourism": null, "office": null, "public_transport": null, "healthcare": null, "craft": null, "stations_in_radius": "['3rd St/Convention' 'CTC/Arena']", "stations_in_radius_dist_m": "[170.33 208.54]", "poi_cluster": "env", "index_right": 53, "centroid_id": 117, "dist_m": 76.886779120826873 }, "geometry": { "type": "Point", "coordinates": [ -80.8412855, 35.2231215 ] } },
{ "type": "Feature", "properties": { "osm_id": 174301661, "name": "Lot #501", "lat": 35.2199217, "lon": -80.843385, "tags": { "addr:city": "Charlotte", "addr:housenumber": "501", "addr:postcode": "28202", "addr:state": "NC", "addr:street": "South Caldwell Street", "amenity": "parking", "fee": "yes", "name": "Lot #501", "operator": "E-Z Parking", "parking": "surface", "surface": "asphalt" }, "amenity": "parking", "shop": null, "leisure": null, "tourism": null, "office": null, "public_transport": null, "healthcare": null, "craft": null, "stations_in_radius": [ ], "stations_in_radius_dist_m": [ ], "poi_cluster": "env", "index_right": 33, "centroid_id": 104, "dist_m": 93.272062979386035 }, "geometry": { "type": "Point", "coordinates": [ -80.843385, 35.2199217 ] } },
{ "type": "Feature", "properties": { "osm_id": 322277873, "name": null, "lat": 35.2231595, "lon": -80.8395432, "tags": { "amenity": "parking", "building": "yes", "height": "15", "parking": "multi-storey", "supervised": "yes", "surface": "concrete" }, "amenity": "parking", "shop": null, "leisure": null, "tourism": null, "office": null, "public_transport": null, "healthcare": null, "craft": null, "stations_in_radius": "['CTC/Arena' '3rd St/Convention' '7th Street']", "stations_in_radius_dist_m": "[264.4  323.92 470.1 ]", "poi_cluster": "env", "index_right": 38, "centroid_id": 121, "dist_m": 59.070955923919904 }, "geometry": { "type": "Point", "coordinates": [ -80.8395432, 35.2231595 ] } },
{ "type": "Feature", "properties": { "osm_id": 322278588, "name": null, "lat": 35.2221857, "lon": -80.8403326, "tags": { "amenity": "parking", "building": "yes", "height": "35", "parking": "multi-storey" }, "amenity": "parking", "shop": null, "leisure": null, "tourism": null, "office": null, "public_transport": null, "healthcare": null, "craft": null, "stations_in_radius": [ ], "stations_in_radius_dist_m": [ ], "poi_cluster": "env", "index_right": 91, "centroid_id": 116, "dist_m": 80.598876721790305 }, "geometry": { "type": "Point", "coordinates": [ -80.8403326, 35.2221857 ] } },
{ "type": "Feature", "properties": { "osm_id": 322992980, "name": null, "lat": 35.2199848, "lon": -80.8404164, "tags": { "amenity": "parking" }, "amenity": "parking", "shop": null, "leisure": null, "tourism": null, "office": null, "public_transport": null, "healthcare": null, "craft": null, "stations_in_radius": [ "3rd St/Convention" ], "stations_in_radius_dist_m": [ 468.52 ], "poi_cluster": "env", "index_right": 58, "centroid_id": 120, "dist_m": 149.36071591405283 }, "geometry": { "type": "Point", "coordinates": [ -80.8404164, 35.219984799999985 ] } },
{ "type": "Feature", "properties": { "osm_id": 322993000, "name": null, "lat": 35.2189656, "lon": -80.8397936, "tags": { "amenity": "parking" }, "amenity": "parking", "shop": null, "leisure": null, "tourism": null, "office": null, "public_transport": null, "healthcare": null, "craft": null, "stations_in_radius": [ ], "stations_in_radius_dist_m": [ ], "poi_cluster": "env", "index_right": 136, "centroid_id": 112, "dist_m": 246.76996039886166 }, "geometry": { "type": "Point", "coordinates": [ -80.8397936, 35.2189656 ] } },
{ "type": "Feature", "properties": { "osm_id": 322993005, "name": null, "lat": 35.2222676, "lon": -80.8386072, "tags": { "amenity": "parking" }, "amenity": "parking", "shop": null, "leisure": null, "tourism": null, "office": null, "public_transport": null, "healthcare": null, "craft": null, "stations_in_radius": "['CTC/Arena' '3rd St/Convention']", "stations_in_radius_dist_m": "[394.91 431.7 ]", "poi_cluster": "env", "index_right": 117, "centroid_id": 127, "dist_m": 68.871780571127175 }, "geometry": { "type": "Point", "coordinates": [ -80.838607200000013, 35.2222676 ] } },
{ "type": "Feature", "properties": { "osm_id": 322993007, "name": "501 East Trade Street", "lat": 35.2237257, "lon": -80.8379504, "tags": { "access": "permit", "addr:city": "Charlotte", "addr:housenumber": "500", "addr:postcode": "28202", "addr:state": "NC", "addr:street": "East Trade Street", "amenity": "parking", "fee": "yes", "name": "501 East Trade Street", "parking": "surface", "surface": "gravel" }, "amenity": "parking", "shop": null, "leisure": null, "tourism": null, "office": null, "public_transport": null, "healthcare": null, "craft": null, "stations_in_radius": "['CTC/Arena' '7th Street']", "stations_in_radius_dist_m": "[343.43 387.65]", "poi_cluster": "env", "index_right": 83, "centroid_id": 135, "dist_m": 84.174806898716781 }, "geometry": { "type": "Point", "coordinates": [ -80.8379504, 35.2237257 ] } },
{ "type": "Feature", "properties": { "osm_id": 322993022, "name": null, "lat": 35.2230771, "lon": -80.8434573, "tags": { "amenity": "parking" }, "amenity": "parking", "shop": null, "leisure": null, "tourism": null, "office": null, "public_transport": null, "healthcare": null, "craft": null, "stations_in_radius": "['3rd St/Convention' 'CTC/Arena' 'Brooklyn Village']", "stations_in_radius_dist_m": "[ 69.28 284.37 368.05]", "poi_cluster": "env", "index_right": 31, "centroid_id": 105, "dist_m": 93.236968586460421 }, "geometry": { "type": "Point", "coordinates": [ -80.8434573, 35.2230771 ] } },
{ "type": "Feature", "properties": { "osm_id": 394430321, "name": null, "lat": 35.226025, "lon": -80.8406521, "tags": { "amenity": "parking", "building": "yes", "height": "28", "parking": "multi-storey" }, "amenity": "parking", "shop": null, "leisure": null, "tourism": null, "office": null, "public_transport": null, "healthcare": null, "craft": null, "stations_in_radius": "['CTC/Arena' '7th Street' '3rd St/Convention']", "stations_in_radius_dist_m": "[132.03 270.56 346.04]", "poi_cluster": "env", "index_right": 11, "centroid_id": 118, "dist_m": 107.62905212909276 }, "geometry": { "type": "Point", "coordinates": [ -80.8406521, 35.226025 ] } },
{ "type": "Feature", "properties": { "osm_id": 500204486, "name": "Charlotte Plaza Parking", "lat": 35.2246401, "lon": -80.8426857, "tags": { "access": "yes", "addr:city": "Charlotte", "addr:housenumber": "306", "addr:postcode": "28202", "addr:state": "NC", "addr:street": "East 4th Street", "alt_name": "SP Plus", "amenity": "parking", "brand": "SP+", "brand:wikidata": "Q7598289", "building": "yes", "capacity": "980", "fee": "yes", "height": "36", "name": "Charlotte Plaza Parking", "operator": "SP+", "operator:type": "private", "operator:wikidata": "Q7598289", "parking": "multi-storey", "surface": "concrete" }, "amenity": "parking", "shop": null, "leisure": null, "tourism": null, "office": null, "public_transport": null, "healthcare": null, "craft": null, "stations_in_radius": [ ], "stations_in_radius_dist_m": [ ], "poi_cluster": "env", "index_right": 76, "centroid_id": 106, "dist_m": 92.872657091208595 }, "geometry": { "type": "Point", "coordinates": [ -80.8426857, 35.2246401 ] } },
{ "type": "Feature", "properties": { "osm_id": 500997294, "name": null, "lat": 35.227313, "lon": -80.8446753, "tags": { "access": "yes", "amenity": "parking", "building": "parking", "fee": "yes", "height": "21", "operator": "Preferred Parking", "parking": "multi-storey", "surface": "concrete" }, "amenity": "parking", "shop": null, "leisure": null, "tourism": null, "office": null, "public_transport": null, "healthcare": null, "craft": null, "stations_in_radius": [ ], "stations_in_radius_dist_m": [ ], "poi_cluster": "env", "index_right": 48, "centroid_id": 98, "dist_m": 60.587356849766017 }, "geometry": { "type": "Point", "coordinates": [ -80.8446753, 35.227313 ] } },
{ "type": "Feature", "properties": { "osm_id": 513106099, "name": "Lot #125", "lat": 35.2238487, "lon": -80.8406868, "tags": { "addr:city": "Charlotte", "addr:housenumber": "125", "addr:postcode": "28202", "addr:state": "NC", "addr:street": "South Brevard Street", "amenity": "parking", "fee": "yes", "name": "Lot #125", "operator": "Preferred Parking", "parking": "surface", "surface": "asphalt" }, "amenity": "parking", "shop": null, "leisure": null, "tourism": null, "office": null, "public_transport": null, "healthcare": null, "craft": null, "stations_in_radius": "['CTC/Arena' '3rd St/Convention']", "stations_in_radius_dist_m": "[142.82 217.58]", "poi_cluster": "env", "index_right": 53, "centroid_id": 117, "dist_m": 48.074492573074892 }, "geometry": { "type": "Point", "coordinates": [ -80.840686800000015, 35.2238487 ] } },
{ "type": "Feature", "properties": { "osm_id": 513106103, "name": "Lot #415S", "lat": 35.2234748, "lon": -80.8402947, "tags": { "addr:city": "Charlotte", "addr:housenumber": "415", "addr:postcode": "28202", "addr:state": "NC", "addr:street": "East 4th Street", "amenity": "parking", "fee": "yes", "name": "Lot #415S", "operator": "Preferred Parking", "parking": "surface", "surface": "asphalt" }, "amenity": "parking", "shop": null, "leisure": null, "tourism": null, "office": null, "public_transport": null, "healthcare": null, "craft": null, "stations_in_radius": "['CTC/Arena' '3rd St/Convention' '7th Street']", "stations_in_radius_dist_m": "[196.33 252.1  462.46]", "poi_cluster": "env", "index_right": 38, "centroid_id": 121, "dist_m": 64.80768234902402 }, "geometry": { "type": "Point", "coordinates": [ -80.8402947, 35.2234748 ] } },
{ "type": "Feature", "properties": { "osm_id": 513106106, "name": "Lot #426", "lat": 35.2235465, "lon": -80.8398452, "tags": { "addr:city": "Charlotte", "addr:housenumber": "426", "addr:postcode": "28202", "addr:state": "NC", "addr:street": "East Trade Street", "amenity": "parking", "fee": "yes", "name": "Lot #426", "operator": "Peferred Parking", "parking": "surface", "surface": "asphalt" }, "amenity": "parking", "shop": null, "leisure": null, "tourism": null, "office": null, "public_transport": null, "healthcare": null, "craft": null, "stations_in_radius": "['CTC/Arena' '3rd St/Convention' '7th Street']", "stations_in_radius_dist_m": "[213.88 292.64 438.59]", "poi_cluster": "env", "index_right": 38, "centroid_id": 121, "dist_m": 74.863990956555725 }, "geometry": { "type": "Point", "coordinates": [ -80.8398452, 35.2235465 ] } },
{ "type": "Feature", "properties": { "osm_id": 513106116, "name": "Lot #228S", "lat": 35.2268949, "lon": -80.8465523, "tags": { "addr:city": "Charlotte", "addr:housenumber": "228", "addr:postcode": "28202", "addr:state": "NC", "addr:street": "South Church Street", "amenity": "parking", "fee": "yes", "name": "Lot #228S", "operator": "Preferred Parking", "parking": "surface", "surface": "asphalt" }, "amenity": "parking", "shop": null, "leisure": null, "tourism": null, "office": null, "public_transport": null, "healthcare": null, "craft": null, "stations_in_radius": [ "3rd St/Convention" ], "stations_in_radius_dist_m": [ 483.44 ], "poi_cluster": "env", "index_right": 130, "centroid_id": 94, "dist_m": 42.655040010175817 }, "geometry": { "type": "Point", "coordinates": [ -80.8465523, 35.2268949 ] } },
{ "type": "Feature", "properties": { "osm_id": 513106123, "name": "Lot #208", "lat": 35.2280391, "lon": -80.8470437, "tags": { "access": "yes", "addr:city": "Charlotte", "addr:housenumber": "208", "addr:postcode": "28202", "addr:state": "NC", "addr:street": "South Poplar Street", "amenity": "parking", "fee": "yes", "name": "Lot #208", "operator": "Preferred Parking", "operator:type": "private", "parking": "surface" }, "amenity": "parking", "shop": null, "leisure": null, "tourism": null, "office": null, "public_transport": null, "healthcare": null, "craft": null, "stations_in_radius": [ ], "stations_in_radius_dist_m": [ ], "poi_cluster": "env", "index_right": 145, "centroid_id": 87, "dist_m": 70.450725531527524 }, "geometry": { "type": "Point", "coordinates": [ -80.8470437, 35.228039099999982 ] } },
{ "type": "Feature", "properties": { "osm_id": 695677598, "name": null, "lat": 35.2203755, "lon": -80.8427111, "tags": { "amenity": "parking", "building": "yes", "building:levels": "14", "parking": "multi-storey" }, "amenity": "parking", "shop": null, "leisure": null, "tourism": null, "office": null, "public_transport": null, "healthcare": null, "craft": null, "stations_in_radius": [ ], "stations_in_radius_dist_m": [ ], "poi_cluster": "env", "index_right": 136, "centroid_id": 112, "dist_m": 63.507825814155304 }, "geometry": { "type": "Point", "coordinates": [ -80.8427111, 35.22037550000001 ] } },
{ "type": "Feature", "properties": { "osm_id": 695677599, "name": null, "lat": 35.2205203, "lon": -80.8428153, "tags": { "access": "customers", "amenity": "parking", "building": "parking", "building:levels": "5", "fee": "yes", "parking": "multi-storey" }, "amenity": "parking", "shop": null, "leisure": null, "tourism": null, "office": null, "public_transport": null, "healthcare": null, "craft": null, "stations_in_radius": [ ], "stations_in_radius_dist_m": [ ], "poi_cluster": "env", "index_right": 97, "centroid_id": 110, "dist_m": 68.368270066209064 }, "geometry": { "type": "Point", "coordinates": [ -80.8428153, 35.2205203 ] } },
{ "type": "Feature", "properties": { "osm_id": 695677601, "name": null, "lat": 35.2202368, "lon": -80.8425723, "tags": { "access": "customers", "amenity": "parking", "building": "parking", "building:levels": "5", "fee": "yes", "parking": "multi-storey" }, "amenity": "parking", "shop": null, "leisure": null, "tourism": null, "office": null, "public_transport": null, "healthcare": null, "craft": null, "stations_in_radius": "['3rd St/Convention' 'Brooklyn Village']", "stations_in_radius_dist_m": "[376.71 417.55]", "poi_cluster": "env", "index_right": 136, "centroid_id": 112, "dist_m": 48.164938369578771 }, "geometry": { "type": "Point", "coordinates": [ -80.842572300000015, 35.2202368 ] } },
{ "type": "Feature", "properties": { "osm_id": 766639183, "name": "Prefered Parking", "lat": 35.2212678, "lon": -80.8415254, "tags": { "access": "yes", "addr:city": "Charlotte", "addr:housenumber": "300", "addr:postcode": "28202", "addr:state": "NC", "addr:street": "South Davidson Street", "amenity": "parking", "fee": "yes", "maxstay": "12 hours", "name": "Prefered Parking", "operator:type": "private", "parking": "surface", "surface": "asphalt" }, "amenity": "parking", "shop": null, "leisure": null, "tourism": null, "office": null, "public_transport": null, "healthcare": null, "craft": null, "stations_in_radius": "['3rd St/Convention' 'Brooklyn Village']", "stations_in_radius_dist_m": "[294.91 492.94]", "poi_cluster": "env", "index_right": 97, "centroid_id": 110, "dist_m": 98.653879889912702 }, "geometry": { "type": "Point", "coordinates": [ -80.8415254, 35.2212678 ] } },
{ "type": "Feature", "properties": { "osm_id": 861275830, "name": null, "lat": 35.2269575, "lon": -80.8474733, "tags": { "amenity": "toilets", "building": "yes" }, "amenity": "toilets", "shop": null, "leisure": null, "tourism": null, "office": null, "public_transport": null, "healthcare": null, "craft": null, "stations_in_radius": [ "3rd St/Convention" ], "stations_in_radius_dist_m": [ 546.91 ], "poi_cluster": "env", "index_right": 145, "centroid_id": 87, "dist_m": 55.870643940674476 }, "geometry": { "type": "Point", "coordinates": [ -80.8474733, 35.2269575 ] } },
{ "type": "Feature", "properties": { "osm_id": 909609280, "name": null, "lat": 35.2277988, "lon": -80.8453218, "tags": { "amenity": "parking" }, "amenity": "parking", "shop": null, "leisure": null, "tourism": null, "office": null, "public_transport": null, "healthcare": null, "craft": null, "stations_in_radius": [ "CTC/Arena" ], "stations_in_radius_dist_m": [ 473.66 ], "poi_cluster": "env", "index_right": 48, "centroid_id": 98, "dist_m": 41.52227581716793 }, "geometry": { "type": "Point", "coordinates": [ -80.8453218, 35.2277988 ] } },
{ "type": "Feature", "properties": { "osm_id": 985188326, "name": null, "lat": 35.2272335, "lon": -80.8426559, "tags": { "amenity": "bench", "backrest": "yes", "material": "concrete" }, "amenity": "bench", "shop": null, "leisure": null, "tourism": null, "office": null, "public_transport": null, "healthcare": null, "craft": null, "stations_in_radius": "['CTC/Arena' '3rd St/Convention']", "stations_in_radius_dist_m": "[273.17 403.53]", "poi_cluster": "env", "index_right": 14, "centroid_id": 107, "dist_m": 43.314978342759474 }, "geometry": { "type": "Point", "coordinates": [ -80.8426559, 35.2272335 ] } },
{ "type": "Feature", "properties": { "osm_id": 1046738977, "name": "Ally Charlotte Center Parking Deck", "lat": 35.2223123, "lon": -80.8484562, "tags": { "access": "yes", "amenity": "parking", "building": "yes", "capacity:disabled": "1400", "fee": "yes", "layer": "1", "name": "Ally Charlotte Center Parking Deck", "parking": "multi-storey", "surface": "concrete" }, "amenity": "parking", "shop": null, "leisure": null, "tourism": null, "office": null, "public_transport": null, "healthcare": null, "craft": null, "stations_in_radius": [ ], "stations_in_radius_dist_m": [ ], "poi_cluster": "env", "index_right": 39, "centroid_id": 84, "dist_m": 85.65831126097757 }, "geometry": { "type": "Point", "coordinates": [ -80.8484562, 35.2223123 ] } },
{ "type": "Feature", "properties": { "osm_id": 1047699837, "name": "330 South Tryon Parking Garage", "lat": 35.2256457, "lon": -80.8469423, "tags": { "access": "yes", "amenity": "parking", "building": "yes", "capacity": "250", "fee": "yes", "name": "330 South Tryon Parking Garage", "operator": "Preferred Parking", "parking": "multi-storey", "surface": "concrete" }, "amenity": "parking", "shop": null, "leisure": null, "tourism": null, "office": null, "public_transport": null, "healthcare": null, "craft": null, "stations_in_radius": [ "3rd St/Convention" ], "stations_in_radius_dist_m": [ 419.27 ], "poi_cluster": "env", "index_right": 138, "centroid_id": 93, "dist_m": 46.743414828394144 }, "geometry": { "type": "Point", "coordinates": [ -80.8469423, 35.225645700000015 ] } },
{ "type": "Feature", "properties": { "osm_id": 1047699853, "name": "400 South Tryon Parking Garage", "lat": 35.2253497, "lon": -80.8474483, "tags": { "access": "yes", "amenity": "parking", "building": "yes", "capacity": "495", "fee": "yes", "name": "400 South Tryon Parking Garage", "operator": "Preffered Parking", "parking": "multi-storey", "surface": "concrete" }, "amenity": "parking", "shop": null, "leisure": null, "tourism": null, "office": null, "public_transport": null, "healthcare": null, "craft": null, "stations_in_radius": [ ], "stations_in_radius_dist_m": [ ], "poi_cluster": "env", "index_right": 40, "centroid_id": 86, "dist_m": 55.868187747092783 }, "geometry": { "type": "Point", "coordinates": [ -80.8474483, 35.2253497 ] } },
{ "type": "Feature", "properties": { "osm_id": 1090622203, "name": null, "lat": 35.2221518, "lon": -80.8422876, "tags": { "amenity": "parking" }, "amenity": "parking", "shop": null, "leisure": null, "tourism": null, "office": null, "public_transport": null, "healthcare": null, "craft": null, "stations_in_radius": "['3rd St/Convention' 'CTC/Arena' 'Brooklyn Village']", "stations_in_radius_dist_m": "[176.33 326.26 431.74]", "poi_cluster": "env", "index_right": 0, "centroid_id": 111, "dist_m": 84.338219388236709 }, "geometry": { "type": "Point", "coordinates": [ -80.8422876, 35.2221518 ] } },
{ "type": "Feature", "properties": { "osm_id": 1102373278, "name": null, "lat": 35.2201999, "lon": -80.8450962, "tags": { "amenity": "bench", "backrest": "no", "material": "wood" }, "amenity": "bench", "shop": null, "leisure": null, "tourism": null, "office": null, "public_transport": null, "healthcare": null, "craft": null, "stations_in_radius": "['Brooklyn Village' '3rd St/Convention']", "stations_in_radius_dist_m": "[213.48 421.14]", "poi_cluster": "env", "index_right": 108, "centroid_id": 100, "dist_m": 57.872315195661677 }, "geometry": { "type": "Point", "coordinates": [ -80.8450962, 35.2201999 ] } },
{ "type": "Feature", "properties": { "osm_id": 1102373279, "name": null, "lat": 35.2203673, "lon": -80.8452689, "tags": { "amenity": "bench", "backrest": "no", "material": "wood" }, "amenity": "bench", "shop": null, "leisure": null, "tourism": null, "office": null, "public_transport": null, "healthcare": null, "craft": null, "stations_in_radius": "['Brooklyn Village' '3rd St/Convention']", "stations_in_radius_dist_m": "[189.72 411.99]", "poi_cluster": "env", "index_right": 109, "centroid_id": 95, "dist_m": 65.683873639526226 }, "geometry": { "type": "Point", "coordinates": [ -80.8452689, 35.2203673 ] } },
{ "type": "Feature", "properties": { "osm_id": 1102373280, "name": null, "lat": 35.2204156, "lon": -80.8453218, "tags": { "amenity": "bench", "backrest": "no", "material": "wood" }, "amenity": "bench", "shop": null, "leisure": null, "tourism": null, "office": null, "public_transport": null, "healthcare": null, "craft": null, "stations_in_radius": "['Brooklyn Village' '3rd St/Convention']", "stations_in_radius_dist_m": "[182.66 409.72]", "poi_cluster": "env", "index_right": 109, "centroid_id": 95, "dist_m": 58.700488771534324 }, "geometry": { "type": "Point", "coordinates": [ -80.8453218, 35.2204156 ] } },
{ "type": "Feature", "properties": { "osm_id": 1113509384, "name": null, "lat": 35.2210588, "lon": -80.8392003, "tags": { "access": "yes", "amenity": "bicycle_parking", "bicycle_parking": "stands", "capacity": "8", "covered": "yes", "fee": "no", "lit": "yes" }, "amenity": "bicycle_parking", "shop": null, "leisure": null, "tourism": null, "office": null, "public_transport": null, "healthcare": null, "craft": null, "stations_in_radius": [ "3rd St/Convention" ], "stations_in_radius_dist_m": [ 451.03 ], "poi_cluster": "env", "index_right": 117, "centroid_id": 127, "dist_m": 105.42175524412963 }, "geometry": { "type": "Point", "coordinates": [ -80.8392003, 35.2210588 ] } },
{ "type": "Feature", "properties": { "osm_id": 1327104767, "name": null, "lat": 35.2237994, "lon": -80.8466892, "tags": { "amenity": "parking", "layer": "-1", "parking": "underground" }, "amenity": "parking", "shop": null, "leisure": null, "tourism": null, "office": null, "public_transport": null, "healthcare": null, "craft": null, "stations_in_radius": "['Brooklyn Village' '3rd St/Convention']", "stations_in_radius_dist_m": "[268.18 330.93]", "poi_cluster": "env", "index_right": 99, "centroid_id": 91, "dist_m": 76.43847167276175 }, "geometry": { "type": "Point", "coordinates": [ -80.8466892, 35.2237994 ] } },
{ "type": "Feature", "properties": { "osm_id": 1350996122, "name": null, "lat": 35.2204167, "lon": -80.8461525, "tags": { "amenity": "parking", "building": "yes", "height": "29", "parking": "multi-storey" }, "amenity": "parking", "shop": null, "leisure": null, "tourism": null, "office": null, "public_transport": null, "healthcare": null, "craft": null, "stations_in_radius": "['Brooklyn Village' '3rd St/Convention']", "stations_in_radius_dist_m": "[129.57 452.35]", "poi_cluster": "env", "index_right": 109, "centroid_id": 95, "dist_m": 71.585394345930922 }, "geometry": { "type": "Point", "coordinates": [ -80.8461525, 35.220416699999987 ] } },
{ "type": "Feature", "properties": { "osm_id": 6054693, "name": null, "lat": 35.2237503, "lon": -80.8420914, "tags": { "amenity": "parking", "fee": "yes", "parking": "surface", "surface": "asphalt", "type": "multipolygon" }, "amenity": "parking", "shop": null, "leisure": null, "tourism": null, "office": null, "public_transport": null, "healthcare": null, "craft": null, "stations_in_radius": "['3rd St/Convention' 'CTC/Arena']", "stations_in_radius_dist_m": "[ 89.51 152.58]", "poi_cluster": "env", "index_right": 53, "centroid_id": 117, "dist_m": 80.212967496845891 }, "geometry": { "type": "Point", "coordinates": [ -80.8420914, 35.2237503 ] } },
{ "type": "Feature", "properties": { "osm_id": 4001621954, "name": null, "lat": 35.2240204, "lon": -80.8478513, "tags": { "amenity": "bench" }, "amenity": "bench", "shop": null, "leisure": null, "tourism": null, "office": null, "public_transport": null, "healthcare": null, "craft": null, "stations_in_radius": "['Brooklyn Village' '3rd St/Convention']", "stations_in_radius_dist_m": "[303.27 438.39]", "poi_cluster": "env", "index_right": 47, "centroid_id": 85, "dist_m": 40.301456164505908 }, "geometry": { "type": "Point", "coordinates": [ -80.8478513, 35.2240204 ] } },
{ "type": "Feature", "properties": { "osm_id": 4001621955, "name": null, "lat": 35.2239341, "lon": -80.8479814, "tags": { "amenity": "bench" }, "amenity": "bench", "shop": null, "leisure": null, "tourism": null, "office": null, "public_transport": null, "healthcare": null, "craft": null, "stations_in_radius": "['Brooklyn Village' '3rd St/Convention']", "stations_in_radius_dist_m": "[297.63 449.3 ]", "poi_cluster": "env", "index_right": 47, "centroid_id": 85, "dist_m": 55.488357688977544 }, "geometry": { "type": "Point", "coordinates": [ -80.8479814, 35.2239341 ] } },
{ "type": "Feature", "properties": { "osm_id": 4001621956, "name": null, "lat": 35.2236974, "lon": -80.8483185, "tags": { "amenity": "bench" }, "amenity": "bench", "shop": null, "leisure": null, "tourism": null, "office": null, "public_transport": null, "healthcare": null, "craft": null, "stations_in_radius": "['Brooklyn Village' '3rd St/Convention']", "stations_in_radius_dist_m": "[284.99 478.64]", "poi_cluster": "env", "index_right": 3, "centroid_id": 81, "dist_m": 46.063922329460851 }, "geometry": { "type": "Point", "coordinates": [ -80.8483185, 35.2236974 ] } },
{ "type": "Feature", "properties": { "osm_id": 4001623357, "name": null, "lat": 35.2237246, "lon": -80.8482777, "tags": { "amenity": "bench" }, "amenity": "bench", "shop": null, "leisure": null, "tourism": null, "office": null, "public_transport": null, "healthcare": null, "craft": null, "stations_in_radius": "['Brooklyn Village' '3rd St/Convention']", "stations_in_radius_dist_m": "[286.1 475. ]", "poi_cluster": "env", "index_right": 3, "centroid_id": 81, "dist_m": 50.741154125884094 }, "geometry": { "type": "Point", "coordinates": [ -80.8482777, 35.2237246 ] } },
{ "type": "Feature", "properties": { "osm_id": 10087263039, "name": null, "lat": 35.2201686, "lon": -80.845069, "tags": { "amenity": "bicycle_parking", "bicycle_parking": "stands", "capacity": "4", "covered": "no" }, "amenity": "bicycle_parking", "shop": null, "leisure": null, "tourism": null, "office": null, "public_transport": null, "healthcare": null, "craft": null, "stations_in_radius": "['Brooklyn Village' '3rd St/Convention']", "stations_in_radius_dist_m": "[217.58 423.18]", "poi_cluster": "env", "index_right": 108, "centroid_id": 100, "dist_m": 54.226001074310354 }, "geometry": { "type": "Point", "coordinates": [ -80.845069, 35.2201686 ] } },
{ "type": "Feature", "properties": { "osm_id": 10087263045, "name": null, "lat": 35.2202518, "lon": -80.845155, "tags": { "amenity": "bicycle_parking", "bicycle_parking": "stands", "capacity": "4", "covered": "no" }, "amenity": "bicycle_parking", "shop": null, "leisure": null, "tourism": null, "office": null, "public_transport": null, "healthcare": null, "craft": null, "stations_in_radius": "['Brooklyn Village' '3rd St/Convention']", "stations_in_radius_dist_m": "[205.72 418.39]", "poi_cluster": "env", "index_right": 108, "centroid_id": 100, "dist_m": 65.194070065369388 }, "geometry": { "type": "Point", "coordinates": [ -80.845155, 35.2202518 ] } },
{ "type": "Feature", "properties": { "osm_id": 10087263056, "name": null, "lat": 35.2203361, "lon": -80.845243, "tags": { "amenity": "bicycle_parking", "bicycle_parking": "stands", "capacity": "4", "covered": "no" }, "amenity": "bicycle_parking", "shop": null, "leisure": null, "tourism": null, "office": null, "public_transport": null, "healthcare": null, "craft": null, "stations_in_radius": "['Brooklyn Village' '3rd St/Convention']", "stations_in_radius_dist_m": "[193.68 413.87]", "poi_cluster": "env", "index_right": 109, "centroid_id": 95, "dist_m": 69.851203766795948 }, "geometry": { "type": "Point", "coordinates": [ -80.845243, 35.2203361 ] } },
{ "type": "Feature", "properties": { "osm_id": 10087263111, "name": null, "lat": 35.2191209, "lon": -80.8439562, "tags": { "amenity": "bicycle_parking", "bicycle_parking": "stands", "capacity": "6", "covered": "yes" }, "amenity": "bicycle_parking", "shop": null, "leisure": null, "tourism": null, "office": null, "public_transport": null, "healthcare": null, "craft": null, "stations_in_radius": [ "Brooklyn Village" ], "stations_in_radius_dist_m": [ 370.22 ], "poi_cluster": "env", "index_right": 33, "centroid_id": 104, "dist_m": 48.994360091550995 }, "geometry": { "type": "Point", "coordinates": [ -80.8439562, 35.2191209 ] } },
{ "type": "Feature", "properties": { "osm_id": 10087263114, "name": null, "lat": 35.2196811, "lon": -80.8446948, "tags": { "amenity": "bicycle_parking", "bicycle_parking": "stands", "capacity": "6", "covered": "yes" }, "amenity": "bicycle_parking", "shop": null, "leisure": null, "tourism": null, "office": null, "public_transport": null, "healthcare": null, "craft": null, "stations_in_radius": [ "Brooklyn Village" ], "stations_in_radius_dist_m": [ 278.69 ], "poi_cluster": "env", "index_right": 108, "centroid_id": 100, "dist_m": 37.308576484406885 }, "geometry": { "type": "Point", "coordinates": [ -80.8446948, 35.21968110000001 ] } },
{ "type": "Feature", "properties": { "osm_id": 11100881206, "name": null, "lat": 35.2221201, "lon": -80.8488149, "tags": { "amenity": "bicycle_parking", "bicycle_parking": "stands", "capacity": "18", "covered": "yes" }, "amenity": "bicycle_parking", "shop": null, "leisure": null, "tourism": null, "office": null, "public_transport": null, "healthcare": null, "craft": null, "stations_in_radius": [ "Brooklyn Village" ], "stations_in_radius_dist_m": [ 188.86 ], "poi_cluster": "env", "index_right": 170, "centroid_id": 75, "dist_m": 70.173790456867209 }, "geometry": { "type": "Point", "coordinates": [ -80.8488149, 35.2221201 ] } },
{ "type": "Feature", "properties": { "osm_id": 11100883005, "name": null, "lat": 35.2239276, "lon": -80.8503205, "tags": { "amenity": "bicycle_parking", "bicycle_parking": "stands", "capacity": "2", "covered": "no" }, "amenity": "bicycle_parking", "shop": null, "leisure": null, "tourism": null, "office": null, "public_transport": null, "healthcare": null, "craft": null, "stations_in_radius": [ "Brooklyn Village" ], "stations_in_radius_dist_m": [ 416.94 ], "poi_cluster": "env", "index_right": 114, "centroid_id": 76, "dist_m": 101.2031773587088 }, "geometry": { "type": "Point", "coordinates": [ -80.8503205, 35.223927599999989 ] } },
{ "type": "Feature", "properties": { "osm_id": 11100883605, "name": null, "lat": 35.2237557, "lon": -80.8503198, "tags": { "amenity": "bicycle_parking", "bicycle_parking": "stands", "capacity": "2", "covered": "no" }, "amenity": "bicycle_parking", "shop": null, "leisure": null, "tourism": null, "office": null, "public_transport": null, "healthcare": null, "craft": null, "stations_in_radius": [ "Brooklyn Village" ], "stations_in_radius_dist_m": [ 404.27 ], "poi_cluster": "env", "index_right": 114, "centroid_id": 76, "dist_m": 114.06941443290383 }, "geometry": { "type": "Point", "coordinates": [ -80.8503198, 35.2237557 ] } },
{ "type": "Feature", "properties": { "osm_id": 11100885605, "name": null, "lat": 35.2231009, "lon": -80.8502676, "tags": { "amenity": "bicycle_parking", "bicycle_parking": "stands", "capacity": "6", "covered": "no" }, "amenity": "bicycle_parking", "shop": null, "leisure": null, "tourism": null, "office": null, "public_transport": null, "healthcare": null, "craft": null, "stations_in_radius": [ "Brooklyn Village" ], "stations_in_radius_dist_m": [ 357.36 ], "poi_cluster": "env", "index_right": 170, "centroid_id": 75, "dist_m": 101.64107433700734 }, "geometry": { "type": "Point", "coordinates": [ -80.8502676, 35.2231009 ] } },
{ "type": "Feature", "properties": { "osm_id": 11100885706, "name": null, "lat": 35.2235026, "lon": -80.8461081, "tags": { "amenity": "bicycle_parking", "bicycle_parking": "stands", "capacity": "2", "covered": "no" }, "amenity": "bicycle_parking", "shop": null, "leisure": null, "tourism": null, "office": null, "public_transport": null, "healthcare": null, "craft": null, "stations_in_radius": "['Brooklyn Village' '3rd St/Convention' 'CTC/Arena']", "stations_in_radius_dist_m": "[246.22 277.64 460.35]", "poi_cluster": "env", "index_right": 99, "centroid_id": 91, "dist_m": 49.73058550167346 }, "geometry": { "type": "Point", "coordinates": [ -80.8461081, 35.2235026 ] } },
{ "type": "Feature", "properties": { "osm_id": 11100893005, "name": null, "lat": 35.2221479, "lon": -80.8488819, "tags": { "amenity": "bicycle_parking", "bicycle_parking": "stands", "capacity": "18", "covered": "yes" }, "amenity": "bicycle_parking", "shop": null, "leisure": null, "tourism": null, "office": null, "public_transport": null, "healthcare": null, "craft": null, "stations_in_radius": [ "Brooklyn Village" ], "stations_in_radius_dist_m": [ 195.69 ], "poi_cluster": "env", "index_right": 170, "centroid_id": 75, "dist_m": 63.394140607678089 }, "geometry": { "type": "Point", "coordinates": [ -80.8488819, 35.2221479 ] } },
{ "type": "Feature", "properties": { "osm_id": 11100894005, "name": null, "lat": 35.2220949, "lon": -80.848845, "tags": { "amenity": "bicycle_parking", "bicycle_parking": "stands", "capacity": "18", "covered": "yes" }, "amenity": "bicycle_parking", "shop": null, "leisure": null, "tourism": null, "office": null, "public_transport": null, "healthcare": null, "craft": null, "stations_in_radius": "['Brooklyn Village' 'Carson']", "stations_in_radius_dist_m": "[190.17 398.7 ]", "poi_cluster": "env", "index_right": 170, "centroid_id": 75, "dist_m": 69.544747832635451 }, "geometry": { "type": "Point", "coordinates": [ -80.848845, 35.2220949 ] } },
{ "type": "Feature", "properties": { "osm_id": 11100906305, "name": null, "lat": 35.2208063, "lon": -80.8515063, "tags": { "amenity": "bicycle_parking", "bicycle_parking": "stands", "capacity": "2", "covered": "no" }, "amenity": "bicycle_parking", "shop": null, "leisure": null, "tourism": null, "office": null, "public_transport": null, "healthcare": null, "craft": null, "stations_in_radius": "['Carson' 'Brooklyn Village']", "stations_in_radius_dist_m": "[221.25 420.57]", "poi_cluster": "env", "index_right": 72, "centroid_id": 65, "dist_m": 37.505807222279579 }, "geometry": { "type": "Point", "coordinates": [ -80.8515063, 35.2208063 ] } },
{ "type": "Feature", "properties": { "osm_id": 11103367205, "name": null, "lat": 35.223277, "lon": -80.8438985, "tags": { "amenity": "bicycle_parking", "bicycle_parking": "stands", "capacity": "8", "covered": "no" }, "amenity": "bicycle_parking", "shop": null, "leisure": null, "tourism": null, "office": null, "public_transport": null, "healthcare": null, "craft": null, "stations_in_radius": "['3rd St/Convention' 'CTC/Arena' 'Brooklyn Village']", "stations_in_radius_dist_m": "[ 84.77 297.7  347.  ]", "poi_cluster": "env", "index_right": 31, "centroid_id": 105, "dist_m": 123.46492803218617 }, "geometry": { "type": "Point", "coordinates": [ -80.8438985, 35.223277 ] } },
{ "type": "Feature", "properties": { "osm_id": 11137505105, "name": null, "lat": 35.2242184, "lon": -80.8454829, "tags": { "amenity": "bicycle_parking", "bicycle_parking": "stands", "capacity": "4", "covered": "partial" }, "amenity": "bicycle_parking", "shop": null, "leisure": null, "tourism": null, "office": null, "public_transport": null, "healthcare": null, "craft": null, "stations_in_radius": "['3rd St/Convention' 'Brooklyn Village' 'CTC/Arena']", "stations_in_radius_dist_m": "[230.58 340.55 382.41]", "poi_cluster": "env", "index_right": 25, "centroid_id": 96, "dist_m": 23.729627471663424 }, "geometry": { "type": "Point", "coordinates": [ -80.8454829, 35.2242184 ] } },
{ "type": "Feature", "properties": { "osm_id": 11137505405, "name": null, "lat": 35.2241597, "lon": -80.845547, "tags": { "amenity": "bicycle_parking", "bicycle_parking": "stands", "capacity": "2", "covered": "partial" }, "amenity": "bicycle_parking", "shop": null, "leisure": null, "tourism": null, "office": null, "public_transport": null, "healthcare": null, "craft": null, "stations_in_radius": "['3rd St/Convention' 'Brooklyn Village' 'CTC/Arena']", "stations_in_radius_dist_m": "[234.39 332.29 389.6 ]", "poi_cluster": "env", "index_right": 25, "centroid_id": 96, "dist_m": 23.341936974655209 }, "geometry": { "type": "Point", "coordinates": [ -80.845547, 35.2241597 ] } },
{ "type": "Feature", "properties": { "osm_id": 11152216975, "name": null, "lat": 35.2253318, "lon": -80.8459275, "tags": { "amenity": "bicycle_parking", "bicycle_parking": "stands", "capacity": "2" }, "amenity": "bicycle_parking", "shop": null, "leisure": null, "tourism": null, "office": null, "public_transport": null, "healthcare": null, "craft": null, "stations_in_radius": "['3rd St/Convention' 'CTC/Arena' 'Brooklyn Village']", "stations_in_radius_dist_m": "[323.35 414.55 446.75]", "poi_cluster": "env", "index_right": 138, "centroid_id": 93, "dist_m": 55.900736167188505 }, "geometry": { "type": "Point", "coordinates": [ -80.8459275, 35.2253318 ] } },
{ "type": "Feature", "properties": { "osm_id": 11152216976, "name": null, "lat": 35.2251138, "lon": -80.8462427, "tags": { "amenity": "bicycle_parking", "bicycle_parking": "stands", "capacity": "2" }, "amenity": "bicycle_parking", "shop": null, "leisure": null, "tourism": null, "office": null, "public_transport": null, "healthcare": null, "craft": null, "stations_in_radius": "['3rd St/Convention' 'Brooklyn Village' 'CTC/Arena']", "stations_in_radius_dist_m": "[334.22 417.82 441.78]", "poi_cluster": "env", "index_right": 1, "centroid_id": 92, "dist_m": 25.268458439847002 }, "geometry": { "type": "Point", "coordinates": [ -80.8462427, 35.2251138 ] } },
{ "type": "Feature", "properties": { "osm_id": 11152216977, "name": null, "lat": 35.2248522, "lon": -80.8466313, "tags": { "amenity": "bicycle_parking", "bicycle_parking": "stands", "capacity": "2", "covered": "no" }, "amenity": "bicycle_parking", "shop": null, "leisure": null, "tourism": null, "office": null, "public_transport": null, "healthcare": null, "craft": null, "stations_in_radius": "['3rd St/Convention' 'Brooklyn Village']", "stations_in_radius_dist_m": "[352.99 384.99]", "poi_cluster": "env", "index_right": 1, "centroid_id": 92, "dist_m": 21.017412240010653 }, "geometry": { "type": "Point", "coordinates": [ -80.8466313, 35.2248522 ] } },
{ "type": "Feature", "properties": { "osm_id": 11152216978, "name": null, "lat": 35.2247931, "lon": -80.8464333, "tags": { "amenity": "bicycle_parking", "bicycle_parking": "stands", "capacity": "2" }, "amenity": "bicycle_parking", "shop": null, "leisure": null, "tourism": null, "office": null, "public_transport": null, "healthcare": null, "craft": null, "stations_in_radius": "['3rd St/Convention' 'Brooklyn Village']", "stations_in_radius_dist_m": "[333.84 380.21]", "poi_cluster": "env", "index_right": 1, "centroid_id": 92, "dist_m": 16.971654805570886 }, "geometry": { "type": "Point", "coordinates": [ -80.8464333, 35.2247931 ] } },
{ "type": "Feature", "properties": { "osm_id": 11152216979, "name": null, "lat": 35.2247541, "lon": -80.8467719, "tags": { "amenity": "bicycle_parking", "bicycle_parking": "stands", "capacity": "2" }, "amenity": "bicycle_parking", "shop": null, "leisure": null, "tourism": null, "office": null, "public_transport": null, "healthcare": null, "craft": null, "stations_in_radius": "['3rd St/Convention' 'Brooklyn Village']", "stations_in_radius_dist_m": "[360.84 373.39]", "poi_cluster": "env", "index_right": 1, "centroid_id": 92, "dist_m": 37.650645761819675 }, "geometry": { "type": "Point", "coordinates": [ -80.8467719, 35.2247541 ] } },
{ "type": "Feature", "properties": { "osm_id": 11152216980, "name": null, "lat": 35.2246974, "lon": -80.8468561, "tags": { "amenity": "bicycle_parking", "bicycle_parking": "stands", "capacity": "2" }, "amenity": "bicycle_parking", "shop": null, "leisure": null, "tourism": null, "office": null, "public_transport": null, "healthcare": null, "craft": null, "stations_in_radius": "['3rd St/Convention' 'Brooklyn Village']", "stations_in_radius_dist_m": "[365.9  366.87]", "poi_cluster": "env", "index_right": 1, "centroid_id": 92, "dist_m": 47.533785173772038 }, "geometry": { "type": "Point", "coordinates": [ -80.8468561, 35.2246974 ] } },
{ "type": "Feature", "properties": { "osm_id": 11152216981, "name": null, "lat": 35.2244106, "lon": -80.8469966, "tags": { "amenity": "bicycle_parking", "bicycle_parking": "stands", "capacity": "2" }, "amenity": "bicycle_parking", "shop": null, "leisure": null, "tourism": null, "office": null, "public_transport": null, "healthcare": null, "craft": null, "stations_in_radius": "['Brooklyn Village' '3rd St/Convention']", "stations_in_radius_dist_m": "[335.03 369.08]", "poi_cluster": "env", "index_right": 47, "centroid_id": 85, "dist_m": 51.015395049126695 }, "geometry": { "type": "Point", "coordinates": [ -80.8469966, 35.2244106 ] } },
{ "type": "Feature", "properties": { "osm_id": 11152216982, "name": null, "lat": 35.2244682, "lon": -80.8471897, "tags": { "amenity": "bicycle_parking", "bicycle_parking": "stands", "capacity": "2", "covered": "partial" }, "amenity": "bicycle_parking", "shop": null, "leisure": null, "tourism": null, "office": null, "public_transport": null, "healthcare": null, "craft": null, "stations_in_radius": "['Brooklyn Village' '3rd St/Convention']", "stations_in_radius_dist_m": "[342.13 387.68]", "poi_cluster": "env", "index_right": 47, "centroid_id": 85, "dist_m": 37.960092262861657 }, "geometry": { "type": "Point", "coordinates": [ -80.8471897, 35.224468199999983 ] } },
{ "type": "Feature", "properties": { "osm_id": 11152216983, "name": null, "lat": 35.2241144, "lon": -80.8477149, "tags": { "amenity": "bicycle_parking", "bicycle_parking": "stands", "capacity": "2" }, "amenity": "bicycle_parking", "shop": null, "leisure": null, "tourism": null, "office": null, "public_transport": null, "healthcare": null, "craft": null, "stations_in_radius": "['Brooklyn Village' '3rd St/Convention']", "stations_in_radius_dist_m": "[310.26 427.29]", "poi_cluster": "env", "index_right": 47, "centroid_id": 85, "dist_m": 24.146048463226073 }, "geometry": { "type": "Point", "coordinates": [ -80.8477149, 35.2241144 ] } },
{ "type": "Feature", "properties": { "osm_id": 11152216984, "name": null, "lat": 35.2237713, "lon": -80.8482098, "tags": { "amenity": "bicycle_parking", "bicycle_parking": "stands", "capacity": "2" }, "amenity": "bicycle_parking", "shop": null, "leisure": null, "tourism": null, "office": null, "public_transport": null, "healthcare": null, "craft": null, "stations_in_radius": "['Brooklyn Village' '3rd St/Convention']", "stations_in_radius_dist_m": "[288.26 468.99]", "poi_cluster": "env", "index_right": 3, "centroid_id": 81, "dist_m": 58.683451830234574 }, "geometry": { "type": "Point", "coordinates": [ -80.8482098, 35.2237713 ] } },
{ "type": "Feature", "properties": { "osm_id": 11152216985, "name": null, "lat": 35.2235373, "lon": -80.848279, "tags": { "amenity": "bicycle_parking", "bicycle_parking": "stands", "capacity": "2" }, "amenity": "bicycle_parking", "shop": null, "leisure": null, "tourism": null, "office": null, "public_transport": null, "healthcare": null, "craft": null, "stations_in_radius": "['Brooklyn Village' '3rd St/Convention']", "stations_in_radius_dist_m": "[267.5  475.01]", "poi_cluster": "env", "index_right": 3, "centroid_id": 81, "dist_m": 36.999551480938244 }, "geometry": { "type": "Point", "coordinates": [ -80.848279, 35.2235373 ] } },
{ "type": "Feature", "properties": { "osm_id": 11152216986, "name": null, "lat": 35.2232632, "lon": -80.8489785, "tags": { "amenity": "bicycle_parking", "bicycle_parking": "stands", "capacity": "4" }, "amenity": "bicycle_parking", "shop": null, "leisure": null, "tourism": null, "office": null, "public_transport": null, "healthcare": null, "craft": null, "stations_in_radius": [ "Brooklyn Village" ], "stations_in_radius_dist_m": [ 278.51 ], "poi_cluster": "env", "index_right": 3, "centroid_id": 81, "dist_m": 33.770433234963008 }, "geometry": { "type": "Point", "coordinates": [ -80.8489785, 35.2232632 ] } },
{ "type": "Feature", "properties": { "osm_id": 11165982506, "name": null, "lat": 35.2249753, "lon": -80.8483281, "tags": { "access": "yes", "amenity": "bicycle_parking", "bicycle_parking": "stands", "capacity": "6", "covered": "no", "foot_traffic": "medium" }, "amenity": "bicycle_parking", "shop": null, "leisure": null, "tourism": null, "office": null, "public_transport": null, "healthcare": null, "craft": null, "stations_in_radius": [ "Brooklyn Village" ], "stations_in_radius_dist_m": [ 417.2 ], "poi_cluster": "env", "index_right": 171, "centroid_id": 82, "dist_m": 35.10220306301742 }, "geometry": { "type": "Point", "coordinates": [ -80.8483281, 35.2249753 ] } },
{ "type": "Feature", "properties": { "osm_id": 11165986205, "name": null, "lat": 35.225265, "lon": -80.8485018, "tags": { "access": "yes", "amenity": "bicycle_parking", "bicycle_parking": "stands", "capacity": "2", "covered": "yes", "foot_traffic": "low" }, "amenity": "bicycle_parking", "shop": null, "leisure": null, "tourism": null, "office": null, "public_transport": null, "healthcare": null, "craft": null, "stations_in_radius": [ "Brooklyn Village" ], "stations_in_radius_dist_m": [ 452.63 ], "poi_cluster": "env", "index_right": 171, "centroid_id": 82, "dist_m": 15.268579862825748 }, "geometry": { "type": "Point", "coordinates": [ -80.8485018, 35.225265 ] } },
{ "type": "Feature", "properties": { "osm_id": 11200542437, "name": null, "lat": 35.2204957, "lon": -80.8459959, "tags": { "access": "yes", "amenity": "bicycle_parking", "bicycle_parking": "stands", "capacity": "12", "covered": "yes", "foot_traffic": "low" }, "amenity": "bicycle_parking", "shop": null, "leisure": null, "tourism": null, "office": null, "public_transport": null, "healthcare": null, "craft": null, "stations_in_radius": "['Brooklyn Village' '3rd St/Convention']", "stations_in_radius_dist_m": "[131.22 436.66]", "poi_cluster": "env", "index_right": 109, "centroid_id": 95, "dist_m": 55.618403606692652 }, "geometry": { "type": "Point", "coordinates": [ -80.8459959, 35.2204957 ] } },
{ "type": "Feature", "properties": { "osm_id": 11200542438, "name": null, "lat": 35.2218124, "lon": -80.8465165, "tags": { "access": "yes", "amenity": "bicycle_parking", "bicycle_parking": "stands", "capacity": "10", "covered": "partial", "foot_traffic": "low" }, "amenity": "bicycle_parking", "shop": null, "leisure": null, "tourism": null, "office": null, "public_transport": null, "healthcare": null, "craft": null, "stations_in_radius": "['Brooklyn Village' '3rd St/Convention']", "stations_in_radius_dist_m": "[ 60.66 372.41]", "poi_cluster": "env", "index_right": 39, "centroid_id": 84, "dist_m": 117.73336225078992 }, "geometry": { "type": "Point", "coordinates": [ -80.8465165, 35.2218124 ] } },
{ "type": "Feature", "properties": { "osm_id": 11200544737, "name": null, "lat": 35.221461, "lon": -80.8464594, "tags": { "access": "yes", "amenity": "bicycle_parking", "bicycle_parking": "stands", "capacity": "6", "covered": "no", "foot_traffic": "medium" }, "amenity": "bicycle_parking", "shop": null, "leisure": null, "tourism": null, "office": null, "public_transport": null, "healthcare": null, "craft": null, "stations_in_radius": "['Brooklyn Village' '3rd St/Convention']", "stations_in_radius_dist_m": "[ 44.44 390.52]", "poi_cluster": "env", "index_right": 109, "centroid_id": 95, "dist_m": 99.813793242371915 }, "geometry": { "type": "Point", "coordinates": [ -80.8464594, 35.221461 ] } },
{ "type": "Feature", "properties": { "osm_id": 11208933137, "name": null, "lat": 35.2241532, "lon": -80.8451672, "tags": { "access": "yes", "amenity": "bicycle_parking", "bicycle_parking": "stands", "capacity": "2", "covered": "partial", "foot_traffic": "medium", "indoor": "no" }, "amenity": "bicycle_parking", "shop": null, "leisure": null, "tourism": null, "office": null, "public_transport": null, "healthcare": null, "craft": null, "stations_in_radius": "['3rd St/Convention' 'Brooklyn Village' 'CTC/Arena']", "stations_in_radius_dist_m": "[201.   346.31 356.33]", "poi_cluster": "env", "index_right": 25, "centroid_id": 96, "dist_m": 19.453232143032416 }, "geometry": { "type": "Point", "coordinates": [ -80.8451672, 35.2241532 ] } },
{ "type": "Feature", "properties": { "osm_id": 11208935637, "name": null, "lat": 35.2249467, "lon": -80.8436637, "tags": { "access": "yes", "amenity": "bicycle_parking", "bicycle_parking": "stands", "capacity": "8", "covered": "no", "foot_traffic": "medium", "indoor": "no" }, "amenity": "bicycle_parking", "shop": null, "leisure": null, "tourism": null, "office": null, "public_transport": null, "healthcare": null, "craft": null, "stations_in_radius": "['3rd St/Convention' 'CTC/Arena' 'Brooklyn Village']", "stations_in_radius_dist_m": "[158.09 206.99 494.45]", "poi_cluster": "env", "index_right": 9, "centroid_id": 101, "dist_m": 57.717944566956021 }, "geometry": { "type": "Point", "coordinates": [ -80.8436637, 35.2249467 ] } },
{ "type": "Feature", "properties": { "osm_id": 11218203537, "name": null, "lat": 35.2181839, "lon": -80.8428742, "tags": { "access": "yes", "amenity": "bicycle_parking", "bicycle_parking": "stands", "capacity": "4", "covered": "no", "foot_traffic": "low", "indoor": "no" }, "amenity": "bicycle_parking", "shop": null, "leisure": null, "tourism": null, "office": null, "public_transport": null, "healthcare": null, "craft": null, "stations_in_radius": [ "Brooklyn Village" ], "stations_in_radius_dist_m": [ 513.16 ], "poi_cluster": "env", "index_right": 149, "centroid_id": 109, "dist_m": 25.174201049646133 }, "geometry": { "type": "Point", "coordinates": [ -80.8428742, 35.2181839 ] } },
{ "type": "Feature", "properties": { "osm_id": 11225417437, "name": null, "lat": 35.2210153, "lon": -80.8419678, "tags": { "access": "yes", "amenity": "bicycle_parking", "bicycle_parking": "wave", "capacity": "20", "covered": "no", "foot_traffic": "low", "indoor": "no" }, "amenity": "bicycle_parking", "shop": null, "leisure": null, "tourism": null, "office": null, "public_transport": null, "healthcare": null, "craft": null, "stations_in_radius": "['3rd St/Convention' 'Brooklyn Village']", "stations_in_radius_dist_m": "[304.44 454.4 ]", "poi_cluster": "env", "index_right": 97, "centroid_id": 110, "dist_m": 57.747954437072721 }, "geometry": { "type": "Point", "coordinates": [ -80.8419678, 35.2210153 ] } },
{ "type": "Feature", "properties": { "osm_id": 11529079069, "name": null, "lat": 35.2195976, "lon": -80.8450066, "tags": { "access": "yes", "amenity": "bicycle_parking", "bicycle_parking": "stands", "capacity": "4", "covered": "no", "foot_traffic": "medium", "indoor": "no" }, "amenity": "bicycle_parking", "shop": null, "leisure": null, "tourism": null, "office": null, "public_transport": null, "healthcare": null, "craft": null, "stations_in_radius": [ "Brooklyn Village" ], "stations_in_radius_dist_m": [ 265.47 ], "poi_cluster": "env", "index_right": 108, "centroid_id": 100, "dist_m": 61.832766463278247 }, "geometry": { "type": "Point", "coordinates": [ -80.8450066, 35.2195976 ] } },
{ "type": "Feature", "properties": { "osm_id": 12086217469, "name": null, "lat": 35.2210931, "lon": -80.848074, "tags": { "access": "yes", "amenity": "bicycle_parking", "bicycle_parking": "wave", "capacity": "11", "covered": "no", "indoor": "no" }, "amenity": "bicycle_parking", "shop": null, "leisure": null, "tourism": null, "office": null, "public_transport": null, "healthcare": null, "craft": null, "stations_in_radius": [ "Brooklyn Village" ], "stations_in_radius_dist_m": [ 108.33 ], "poi_cluster": "env", "index_right": 152, "centroid_id": 78, "dist_m": 104.79220818105857 }, "geometry": { "type": "Point", "coordinates": [ -80.848074, 35.2210931 ] } },
{ "type": "Feature", "properties": { "osm_id": 12199136463, "name": null, "lat": 35.2236637, "lon": -80.8462665, "tags": { "amenity": "bench", "backrest": "yes", "colour": "brown", "material": "wood" }, "amenity": "bench", "shop": null, "leisure": null, "tourism": null, "office": null, "public_transport": null, "healthcare": null, "craft": null, "stations_in_radius": "['Brooklyn Village' '3rd St/Convention']", "stations_in_radius_dist_m": "[259.5  291.86]", "poi_cluster": "env", "index_right": 99, "centroid_id": 91, "dist_m": 59.757770148371954 }, "geometry": { "type": "Point", "coordinates": [ -80.8462665, 35.2236637 ] } },
{ "type": "Feature", "properties": { "osm_id": 12199136464, "name": null, "lat": 35.2236433, "lon": -80.8462434, "tags": { "amenity": "bench", "backrest": "yes", "colour": "brown", "material": "wood" }, "amenity": "bench", "shop": null, "leisure": null, "tourism": null, "office": null, "public_transport": null, "healthcare": null, "craft": null, "stations_in_radius": "['Brooklyn Village' '3rd St/Convention']", "stations_in_radius_dist_m": "[257.81 289.72]", "poi_cluster": "env", "index_right": 99, "centroid_id": 91, "dist_m": 58.165446624588775 }, "geometry": { "type": "Point", "coordinates": [ -80.8462434, 35.2236433 ] } },
{ "type": "Feature", "properties": { "osm_id": 12199136465, "name": null, "lat": 35.2236543, "lon": -80.8462788, "tags": { "amenity": "bench", "backrest": "yes", "colour": "brown", "material": "wood" }, "amenity": "bench", "shop": null, "leisure": null, "tourism": null, "office": null, "public_transport": null, "healthcare": null, "craft": null, "stations_in_radius": "['Brooklyn Village' '3rd St/Convention']", "stations_in_radius_dist_m": "[258.22 292.96]", "poi_cluster": "env", "index_right": 99, "centroid_id": 91, "dist_m": 58.469841000482901 }, "geometry": { "type": "Point", "coordinates": [ -80.8462788, 35.2236543 ] } },
{ "type": "Feature", "properties": { "osm_id": 12199136466, "name": null, "lat": 35.2236341, "lon": -80.8462549, "tags": { "amenity": "bench", "backrest": "yes", "colour": "brown", "material": "wood" }, "amenity": "bench", "shop": null, "leisure": null, "tourism": null, "office": null, "public_transport": null, "healthcare": null, "craft": null, "stations_in_radius": "['Brooklyn Village' '3rd St/Convention']", "stations_in_radius_dist_m": "[256.56 290.76]", "poi_cluster": "env", "index_right": 99, "centroid_id": 91, "dist_m": 56.883629526301156 }, "geometry": { "type": "Point", "coordinates": [ -80.8462549, 35.2236341 ] } },
{ "type": "Feature", "properties": { "osm_id": 12199211453, "name": null, "lat": 35.2236311, "lon": -80.8468902, "tags": { "amenity": "bench", "backrest": "yes", "colour": "brown", "material": "wood" }, "amenity": "bench", "shop": null, "leisure": null, "tourism": null, "office": null, "public_transport": null, "healthcare": null, "craft": null, "stations_in_radius": "['Brooklyn Village' '3rd St/Convention']", "stations_in_radius_dist_m": "[248.58 348.57]", "poi_cluster": "env", "index_right": 99, "centroid_id": 91, "dist_m": 68.238393795666639 }, "geometry": { "type": "Point", "coordinates": [ -80.8468902, 35.2236311 ] } },
{ "type": "Feature", "properties": { "osm_id": 12199211454, "name": null, "lat": 35.223682, "lon": -80.8469519, "tags": { "amenity": "bench", "backrest": "yes", "colour": "brown", "material": "wood" }, "amenity": "bench", "shop": null, "leisure": null, "tourism": null, "office": null, "public_transport": null, "healthcare": null, "craft": null, "stations_in_radius": "['Brooklyn Village' '3rd St/Convention']", "stations_in_radius_dist_m": "[254.19 354.26]", "poi_cluster": "env", "index_right": 99, "centroid_id": 91, "dist_m": 76.141101691043076 }, "geometry": { "type": "Point", "coordinates": [ -80.8469519, 35.223682 ] } },
{ "type": "Feature", "properties": { "osm_id": 12324536301, "name": null, "lat": 35.2236461, "lon": -80.847416, "tags": { "access": "yes", "amenity": "bicycle_parking", "bicycle_parking": "stands", "capacity": "28", "covered": "no", "indoor": "no" }, "amenity": "bicycle_parking", "shop": null, "leisure": null, "tourism": null, "office": null, "public_transport": null, "healthcare": null, "craft": null, "stations_in_radius": "['Brooklyn Village' '3rd St/Convention']", "stations_in_radius_dist_m": "[253.92 396.43]", "poi_cluster": "env", "index_right": 47, "centroid_id": 85, "dist_m": 70.110458494180548 }, "geometry": { "type": "Point", "coordinates": [ -80.847416, 35.2236461 ] } },
{ "type": "Feature", "properties": { "osm_id": 12327860796, "name": null, "lat": 35.2235862, "lon": -80.8466625, "tags": { "amenity": "drinking_water" }, "amenity": "drinking_water", "shop": null, "leisure": null, "tourism": null, "office": null, "public_transport": null, "healthcare": null, "craft": null, "stations_in_radius": "['Brooklyn Village' '3rd St/Convention']", "stations_in_radius_dist_m": "[244.87 327.85]", "poi_cluster": "env", "index_right": 99, "centroid_id": 91, "dist_m": 53.395547695043192 }, "geometry": { "type": "Point", "coordinates": [ -80.8466625, 35.2235862 ] } },
{ "type": "Feature", "properties": { "osm_id": 12327860797, "name": null, "lat": 35.2232895, "lon": -80.8459154, "tags": { "amenity": "bench", "backrest": "no" }, "amenity": "bench", "shop": null, "leisure": null, "tourism": null, "office": null, "public_transport": null, "healthcare": null, "craft": null, "stations_in_radius": "['Brooklyn Village' '3rd St/Convention']", "stations_in_radius_dist_m": "[230.37 262.27]", "poi_cluster": "env", "index_right": 99, "centroid_id": 91, "dist_m": 49.931623559900579 }, "geometry": { "type": "Point", "coordinates": [ -80.8459154, 35.2232895 ] } },
{ "type": "Feature", "properties": { "osm_id": 12327860798, "name": null, "lat": 35.2233024, "lon": -80.8458949, "tags": { "amenity": "bench", "backrest": "no" }, "amenity": "bench", "shop": null, "leisure": null, "tourism": null, "office": null, "public_transport": null, "healthcare": null, "craft": null, "stations_in_radius": "['Brooklyn Village' '3rd St/Convention']", "stations_in_radius_dist_m": "[232.44 260.23]", "poi_cluster": "env", "index_right": 99, "centroid_id": 91, "dist_m": 52.166993025381267 }, "geometry": { "type": "Point", "coordinates": [ -80.8458949, 35.223302400000016 ] } },
{ "type": "Feature", "properties": { "osm_id": 12327899301, "name": null, "lat": 35.2232613, "lon": -80.8469563, "tags": { "amenity": "waste_basket" }, "amenity": "waste_basket", "shop": null, "leisure": null, "tourism": null, "office": null, "public_transport": null, "healthcare": null, "craft": null, "stations_in_radius": "['Brooklyn Village' '3rd St/Convention']", "stations_in_radius_dist_m": "[207.53 356.68]", "poi_cluster": "env", "index_right": 99, "centroid_id": 91, "dist_m": 49.308677928760588 }, "geometry": { "type": "Point", "coordinates": [ -80.8469563, 35.2232613 ] } },
{ "type": "Feature", "properties": { "osm_id": 12327899302, "name": null, "lat": 35.2233593, "lon": -80.8470679, "tags": { "amenity": "waste_basket" }, "amenity": "waste_basket", "shop": null, "leisure": null, "tourism": null, "office": null, "public_transport": null, "healthcare": null, "craft": null, "stations_in_radius": "['Brooklyn Village' '3rd St/Convention']", "stations_in_radius_dist_m": "[218.71 365.79]", "poi_cluster": "env", "index_right": 99, "centroid_id": 91, "dist_m": 62.48006534579207 }, "geometry": { "type": "Point", "coordinates": [ -80.8470679, 35.2233593 ] } },
{ "type": "Feature", "properties": { "osm_id": 12327899303, "name": null, "lat": 35.2232421, "lon": -80.8469344, "tags": { "amenity": "bench" }, "amenity": "bench", "shop": null, "leisure": null, "tourism": null, "office": null, "public_transport": null, "healthcare": null, "craft": null, "stations_in_radius": "['Brooklyn Village' '3rd St/Convention']", "stations_in_radius_dist_m": "[205.4  354.94]", "poi_cluster": "env", "index_right": 99, "centroid_id": 91, "dist_m": 46.844645836530887 }, "geometry": { "type": "Point", "coordinates": [ -80.8469344, 35.2232421 ] } },
{ "type": "Feature", "properties": { "osm_id": 12327899304, "name": null, "lat": 35.2232213, "lon": -80.8469097, "tags": { "amenity": "bench" }, "amenity": "bench", "shop": null, "leisure": null, "tourism": null, "office": null, "public_transport": null, "healthcare": null, "craft": null, "stations_in_radius": "['Brooklyn Village' '3rd St/Convention']", "stations_in_radius_dist_m": "[203.11 352.98]", "poi_cluster": "env", "index_right": 99, "centroid_id": 91, "dist_m": 44.15043427072932 }, "geometry": { "type": "Point", "coordinates": [ -80.8469097, 35.223221299999985 ] } },
{ "type": "Feature", "properties": { "osm_id": 12327899305, "name": null, "lat": 35.2232017, "lon": -80.8468872, "tags": { "amenity": "bench" }, "amenity": "bench", "shop": null, "leisure": null, "tourism": null, "office": null, "public_transport": null, "healthcare": null, "craft": null, "stations_in_radius": "['Brooklyn Village' '3rd St/Convention']", "stations_in_radius_dist_m": "[200.98 351.22]", "poi_cluster": "env", "index_right": 99, "centroid_id": 91, "dist_m": 41.749755558783484 }, "geometry": { "type": "Point", "coordinates": [ -80.8468872, 35.2232017 ] } },
{ "type": "Feature", "properties": { "osm_id": 12327899306, "name": null, "lat": 35.2231809, "lon": -80.8468635, "tags": { "amenity": "bench" }, "amenity": "bench", "shop": null, "leisure": null, "tourism": null, "office": null, "public_transport": null, "healthcare": null, "craft": null, "stations_in_radius": "['Brooklyn Village' '3rd St/Convention']", "stations_in_radius_dist_m": "[198.73 349.39]", "poi_cluster": "env", "index_right": 99, "centroid_id": 91, "dist_m": 39.306056842826948 }, "geometry": { "type": "Point", "coordinates": [ -80.8468635, 35.2231809 ] } },
{ "type": "Feature", "properties": { "osm_id": 12327899307, "name": null, "lat": 35.2233421, "lon": -80.847049, "tags": { "amenity": "bench" }, "amenity": "bench", "shop": null, "leisure": null, "tourism": null, "office": null, "public_transport": null, "healthcare": null, "craft": null, "stations_in_radius": "['Brooklyn Village' '3rd St/Convention']", "stations_in_radius_dist_m": "[216.72 364.23]", "poi_cluster": "env", "index_right": 99, "centroid_id": 91, "dist_m": 60.169008214275976 }, "geometry": { "type": "Point", "coordinates": [ -80.847049, 35.2233421 ] } },
{ "type": "Feature", "properties": { "osm_id": 12327899308, "name": null, "lat": 35.2233209, "lon": -80.8470247, "tags": { "amenity": "bench" }, "amenity": "bench", "shop": null, "leisure": null, "tourism": null, "office": null, "public_transport": null, "healthcare": null, "craft": null, "stations_in_radius": "['Brooklyn Village' '3rd St/Convention']", "stations_in_radius_dist_m": "[214.28 362.22]", "poi_cluster": "env", "index_right": 99, "centroid_id": 91, "dist_m": 57.264811771938653 }, "geometry": { "type": "Point", "coordinates": [ -80.8470247, 35.2233209 ] } },
{ "type": "Feature", "properties": { "osm_id": 12327899309, "name": null, "lat": 35.223301, "lon": -80.8470026, "tags": { "amenity": "bench" }, "amenity": "bench", "shop": null, "leisure": null, "tourism": null, "office": null, "public_transport": null, "healthcare": null, "craft": null, "stations_in_radius": "['Brooklyn Village' '3rd St/Convention']", "stations_in_radius_dist_m": "[212.01 360.42]", "poi_cluster": "env", "index_right": 99, "centroid_id": 91, "dist_m": 54.63295714998754 }, "geometry": { "type": "Point", "coordinates": [ -80.8470026, 35.223301 ] } },
{ "type": "Feature", "properties": { "osm_id": 12327899310, "name": null, "lat": 35.2232799, "lon": -80.8469794, "tags": { "amenity": "bench" }, "amenity": "bench", "shop": null, "leisure": null, "tourism": null, "office": null, "public_transport": null, "healthcare": null, "craft": null, "stations_in_radius": "['Brooklyn Village' '3rd St/Convention']", "stations_in_radius_dist_m": "[209.62 358.55]", "poi_cluster": "env", "index_right": 99, "centroid_id": 91, "dist_m": 51.90452168962684 }, "geometry": { "type": "Point", "coordinates": [ -80.8469794, 35.2232799 ] } },
{ "type": "Feature", "properties": { "osm_id": 12327899311, "name": null, "lat": 35.2234385, "lon": -80.8471622, "tags": { "amenity": "bench" }, "amenity": "bench", "shop": null, "leisure": null, "tourism": null, "office": null, "public_transport": null, "healthcare": null, "craft": null, "stations_in_radius": "['Brooklyn Village' '3rd St/Convention']", "stations_in_radius_dist_m": "[228.08 373.8 ]", "poi_cluster": "env", "index_right": 99, "centroid_id": 91, "dist_m": 73.935438561275973 }, "geometry": { "type": "Point", "coordinates": [ -80.8471622, 35.2234385 ] } },
{ "type": "Feature", "properties": { "osm_id": 12327899312, "name": null, "lat": 35.2234177, "lon": -80.8471375, "tags": { "amenity": "bench" }, "amenity": "bench", "shop": null, "leisure": null, "tourism": null, "office": null, "public_transport": null, "healthcare": null, "craft": null, "stations_in_radius": "['Brooklyn Village' '3rd St/Convention']", "stations_in_radius_dist_m": "[225.59 371.68]", "poi_cluster": "env", "index_right": 99, "centroid_id": 91, "dist_m": 70.905637330143747 }, "geometry": { "type": "Point", "coordinates": [ -80.8471375, 35.2234177 ] } },
{ "type": "Feature", "properties": { "osm_id": 12327899313, "name": null, "lat": 35.2233981, "lon": -80.847115, "tags": { "amenity": "bench" }, "amenity": "bench", "shop": null, "leisure": null, "tourism": null, "office": null, "public_transport": null, "healthcare": null, "craft": null, "stations_in_radius": "['Brooklyn Village' '3rd St/Convention']", "stations_in_radius_dist_m": "[223.27 369.76]", "poi_cluster": "env", "index_right": 99, "centroid_id": 91, "dist_m": 68.130821765178283 }, "geometry": { "type": "Point", "coordinates": [ -80.847115, 35.2233981 ] } },
{ "type": "Feature", "properties": { "osm_id": 12327899314, "name": null, "lat": 35.2233773, "lon": -80.8470913, "tags": { "amenity": "bench" }, "amenity": "bench", "shop": null, "leisure": null, "tourism": null, "office": null, "public_transport": null, "healthcare": null, "craft": null, "stations_in_radius": "['Brooklyn Village' '3rd St/Convention']", "stations_in_radius_dist_m": "[220.82 367.77]", "poi_cluster": "env", "index_right": 99, "centroid_id": 91, "dist_m": 65.2213627726276 }, "geometry": { "type": "Point", "coordinates": [ -80.8470913, 35.2233773 ] } },
{ "type": "Feature", "properties": { "osm_id": 12327899315, "name": null, "lat": 35.2234551, "lon": -80.8471828, "tags": { "amenity": "waste_basket" }, "amenity": "waste_basket", "shop": null, "leisure": null, "tourism": null, "office": null, "public_transport": null, "healthcare": null, "craft": null, "stations_in_radius": "['Brooklyn Village' '3rd St/Convention']", "stations_in_radius_dist_m": "[230.08 375.58]", "poi_cluster": "env", "index_right": 99, "centroid_id": 91, "dist_m": 76.436654320233458 }, "geometry": { "type": "Point", "coordinates": [ -80.8471828, 35.2234551 ] } },
{ "type": "Feature", "properties": { "osm_id": 12327899316, "name": null, "lat": 35.2230186, "lon": -80.8469094, "tags": { "amenity": "waste_basket" }, "amenity": "waste_basket", "shop": null, "leisure": null, "tourism": null, "office": null, "public_transport": null, "healthcare": null, "craft": null, "stations_in_radius": "['Brooklyn Village' '3rd St/Convention']", "stations_in_radius_dist_m": "[180.63 356.39]", "poi_cluster": "env", "index_right": 99, "centroid_id": 91, "dist_m": 45.391174518147686 }, "geometry": { "type": "Point", "coordinates": [ -80.8469094, 35.2230186 ] } },
{ "type": "Feature", "properties": { "osm_id": 12327899317, "name": null, "lat": 35.2229487, "lon": -80.8470165, "tags": { "amenity": "waste_basket" }, "amenity": "waste_basket", "shop": null, "leisure": null, "tourism": null, "office": null, "public_transport": null, "healthcare": null, "craft": null, "stations_in_radius": "['Brooklyn Village' '3rd St/Convention']", "stations_in_radius_dist_m": "[173.   367.45]", "poi_cluster": "env", "index_right": 99, "centroid_id": 91, "dist_m": 57.201273312935882 }, "geometry": { "type": "Point", "coordinates": [ -80.8470165, 35.2229487 ] } },
{ "type": "Feature", "properties": { "osm_id": 12327899318, "name": null, "lat": 35.2228708, "lon": -80.8471339, "tags": { "amenity": "waste_basket" }, "amenity": "waste_basket", "shop": null, "leisure": null, "tourism": null, "office": null, "public_transport": null, "healthcare": null, "craft": null, "stations_in_radius": "['Brooklyn Village' '3rd St/Convention']", "stations_in_radius_dist_m": "[165.17 379.69]", "poi_cluster": "env", "index_right": 39, "centroid_id": 84, "dist_m": 57.658688814625663 }, "geometry": { "type": "Point", "coordinates": [ -80.8471339, 35.2228708 ] } },
{ "type": "Feature", "properties": { "osm_id": 12327899319, "name": null, "lat": 35.2228307, "lon": -80.8472394, "tags": { "amenity": "waste_basket" }, "amenity": "waste_basket", "shop": null, "leisure": null, "tourism": null, "office": null, "public_transport": null, "healthcare": null, "craft": null, "stations_in_radius": "['Brooklyn Village' '3rd St/Convention']", "stations_in_radius_dist_m": "[162.08 390.04]", "poi_cluster": "env", "index_right": 39, "centroid_id": 84, "dist_m": 48.367825981823529 }, "geometry": { "type": "Point", "coordinates": [ -80.8472394, 35.2228307 ] } },
{ "type": "Feature", "properties": { "osm_id": 12327899320, "name": null, "lat": 35.2228553, "lon": -80.8472035, "tags": { "amenity": "waste_basket" }, "amenity": "waste_basket", "shop": null, "leisure": null, "tourism": null, "office": null, "public_transport": null, "healthcare": null, "craft": null, "stations_in_radius": "['Brooklyn Village' '3rd St/Convention']", "stations_in_radius_dist_m": "[164.26 386.25]", "poi_cluster": "env", "index_right": 39, "centroid_id": 84, "dist_m": 52.463859334918617 }, "geometry": { "type": "Point", "coordinates": [ -80.8472035, 35.2228553 ] } },
{ "type": "Feature", "properties": { "osm_id": 12327899328, "name": null, "lat": 35.2235467, "lon": -80.8474102, "tags": { "amenity": "waste_basket" }, "amenity": "waste_basket", "shop": null, "leisure": null, "tourism": null, "office": null, "public_transport": null, "healthcare": null, "craft": null, "stations_in_radius": "['Brooklyn Village' '3rd St/Convention']", "stations_in_radius_dist_m": "[242.98 395.94]", "poi_cluster": "env", "index_right": 47, "centroid_id": 85, "dist_m": 81.09724001042521 }, "geometry": { "type": "Point", "coordinates": [ -80.8474102, 35.2235467 ] } },
{ "type": "Feature", "properties": { "osm_id": 12327899329, "name": null, "lat": 35.2235779, "lon": -80.8474826, "tags": { "amenity": "waste_basket" }, "amenity": "waste_basket", "shop": null, "leisure": null, "tourism": null, "office": null, "public_transport": null, "healthcare": null, "craft": null, "stations_in_radius": "['Brooklyn Village' '3rd St/Convention']", "stations_in_radius_dist_m": "[247.61 402.49]", "poi_cluster": "env", "index_right": 47, "centroid_id": 85, "dist_m": 77.015762531642991 }, "geometry": { "type": "Point", "coordinates": [ -80.847482600000021, 35.2235779 ] } },
{ "type": "Feature", "properties": { "osm_id": 12327899364, "name": null, "lat": 35.2236208, "lon": -80.84782, "tags": { "amenity": "waste_basket" }, "amenity": "waste_basket", "shop": null, "leisure": null, "tourism": null, "office": null, "public_transport": null, "healthcare": null, "craft": null, "stations_in_radius": "['Brooklyn Village' '3rd St/Convention']", "stations_in_radius_dist_m": "[260.04 433.18]", "poi_cluster": "env", "index_right": 47, "centroid_id": 85, "dist_m": 76.782557820858557 }, "geometry": { "type": "Point", "coordinates": [ -80.84782, 35.2236208 ] } },
{ "type": "Feature", "properties": { "osm_id": 12327899365, "name": null, "lat": 35.2235969, "lon": -80.8478596, "tags": { "amenity": "waste_basket" }, "amenity": "waste_basket", "shop": null, "leisure": null, "tourism": null, "office": null, "public_transport": null, "healthcare": null, "craft": null, "stations_in_radius": "['Brooklyn Village' '3rd St/Convention']", "stations_in_radius_dist_m": "[258.66 436.78]", "poi_cluster": "env", "index_right": 3, "centroid_id": 81, "dist_m": 74.573672725324229 }, "geometry": { "type": "Point", "coordinates": [ -80.8478596, 35.2235969 ] } },
{ "type": "Feature", "properties": { "osm_id": 12327899374, "name": null, "lat": 35.2239521, "lon": -80.847665, "tags": { "amenity": "waste_basket" }, "amenity": "waste_basket", "shop": null, "leisure": null, "tourism": null, "office": null, "public_transport": null, "healthcare": null, "craft": null, "stations_in_radius": "['Brooklyn Village' '3rd St/Convention']", "stations_in_radius_dist_m": "[291.7  420.78]", "poi_cluster": "env", "index_right": 47, "centroid_id": 85, "dist_m": 37.437962929385151 }, "geometry": { "type": "Point", "coordinates": [ -80.847665, 35.2239521 ] } },
{ "type": "Feature", "properties": { "osm_id": 12327899375, "name": null, "lat": 35.2235156, "lon": -80.8483194, "tags": { "amenity": "waste_basket" }, "amenity": "waste_basket", "shop": null, "leisure": null, "tourism": null, "office": null, "public_transport": null, "healthcare": null, "craft": null, "stations_in_radius": "['Brooklyn Village' '3rd St/Convention']", "stations_in_radius_dist_m": "[267.07 478.74]", "poi_cluster": "env", "index_right": 3, "centroid_id": 81, "dist_m": 32.613650563455835 }, "geometry": { "type": "Point", "coordinates": [ -80.8483194, 35.2235156 ] } },
{ "type": "Feature", "properties": { "osm_id": 12327899376, "name": null, "lat": 35.2234989, "lon": -80.8483463, "tags": { "amenity": "recycling", "recycling_type": "container" }, "amenity": "recycling", "shop": null, "leisure": null, "tourism": null, "office": null, "public_transport": null, "healthcare": null, "craft": null, "stations_in_radius": "['Brooklyn Village' '3rd St/Convention']", "stations_in_radius_dist_m": "[266.6  481.23]", "poi_cluster": "env", "index_right": 3, "centroid_id": 81, "dist_m": 29.574038117200267 }, "geometry": { "type": "Point", "coordinates": [ -80.8483463, 35.2234989 ] } },
{ "type": "Feature", "properties": { "osm_id": 12513704268, "name": null, "lat": 35.2212793, "lon": -80.8483113, "tags": { "amenity": "bench" }, "amenity": "bench", "shop": null, "leisure": null, "tourism": null, "office": null, "public_transport": null, "healthcare": null, "craft": null, "stations_in_radius": [ "Brooklyn Village" ], "stations_in_radius_dist_m": [ 125.4 ], "poi_cluster": "env", "index_right": 152, "centroid_id": 78, "dist_m": 79.784002479757547 }, "geometry": { "type": "Point", "coordinates": [ -80.8483113, 35.2212793 ] } },
{ "type": "Feature", "properties": { "osm_id": 12513704269, "name": null, "lat": 35.2212692, "lon": -80.8482891, "tags": { "amenity": "bench" }, "amenity": "bench", "shop": null, "leisure": null, "tourism": null, "office": null, "public_transport": null, "healthcare": null, "craft": null, "stations_in_radius": [ "Brooklyn Village" ], "stations_in_radius_dist_m": [ 123.5 ], "poi_cluster": "env", "index_right": 152, "centroid_id": 78, "dist_m": 81.900601712820858 }, "geometry": { "type": "Point", "coordinates": [ -80.848289100000017, 35.2212692 ] } },
{ "type": "Feature", "properties": { "osm_id": 12513704282, "name": null, "lat": 35.2212918, "lon": -80.8480236, "tags": { "access": "yes", "amenity": "bicycle_parking", "bicycle_parking": "wall_loops", "capacity": "24", "covered": "yes", "level": "-2" }, "amenity": "bicycle_parking", "shop": null, "leisure": null, "tourism": null, "office": null, "public_transport": null, "healthcare": null, "craft": null, "stations_in_radius": [ "Brooklyn Village" ], "stations_in_radius_dist_m": [ 99.21 ], "poi_cluster": "env", "index_right": 152, "centroid_id": 78, "dist_m": 105.80637775567213 }, "geometry": { "type": "Point", "coordinates": [ -80.8480236, 35.221291799999989 ] } },
{ "type": "Feature", "properties": { "osm_id": 12513704297, "name": null, "lat": 35.2216536, "lon": -80.8465945, "tags": { "amenity": "waste_basket", "level": "1" }, "amenity": "waste_basket", "shop": null, "leisure": null, "tourism": null, "office": null, "public_transport": null, "healthcare": null, "craft": null, "stations_in_radius": "['Brooklyn Village' '3rd St/Convention']", "stations_in_radius_dist_m": "[ 42.93 387.99]", "poi_cluster": "env", "index_right": 109, "centroid_id": 95, "dist_m": 123.20317585262876 }, "geometry": { "type": "Point", "coordinates": [ -80.8465945, 35.2216536 ] } },
{ "type": "Feature", "properties": { "osm_id": 12513705112, "name": null, "lat": 35.2213247, "lon": -80.8468954, "tags": { "amenity": "waste_basket" }, "amenity": "waste_basket", "shop": null, "leisure": null, "tourism": null, "office": null, "public_transport": null, "healthcare": null, "craft": null, "stations_in_radius": [ "Brooklyn Village" ], "stations_in_radius_dist_m": [ 8.3 ], "poi_cluster": "env", "index_right": 109, "centroid_id": 95, "dist_m": 126.27885236666869 }, "geometry": { "type": "Point", "coordinates": [ -80.8468954, 35.2213247 ] } },
{ "type": "Feature", "properties": { "osm_id": 12513705113, "name": null, "lat": 35.2211559, "lon": -80.8472429, "tags": { "amenity": "waste_basket" }, "amenity": "waste_basket", "shop": null, "leisure": null, "tourism": null, "office": null, "public_transport": null, "healthcare": null, "craft": null, "stations_in_radius": [ "Brooklyn Village" ], "stations_in_radius_dist_m": [ 37.87 ], "poi_cluster": "env", "index_right": 39, "centroid_id": 84, "dist_m": 147.8875926185361 }, "geometry": { "type": "Point", "coordinates": [ -80.8472429, 35.2211559 ] } },
{ "type": "Feature", "properties": { "osm_id": 12513705114, "name": null, "lat": 35.2214113, "lon": -80.8469595, "tags": { "amenity": "waste_basket" }, "amenity": "waste_basket", "shop": null, "leisure": null, "tourism": null, "office": null, "public_transport": null, "healthcare": null, "craft": null, "stations_in_radius": [ "Brooklyn Village" ], "stations_in_radius_dist_m": [ 2.95 ], "poi_cluster": "env", "index_right": 39, "centroid_id": 84, "dist_m": 128.31147231072714 }, "geometry": { "type": "Point", "coordinates": [ -80.8469595, 35.2214113 ] } },
{ "type": "Feature", "properties": { "osm_id": 12513705115, "name": null, "lat": 35.2212429, "lon": -80.8473053, "tags": { "amenity": "waste_basket" }, "amenity": "waste_basket", "shop": null, "leisure": null, "tourism": null, "office": null, "public_transport": null, "healthcare": null, "craft": null, "stations_in_radius": [ "Brooklyn Village" ], "stations_in_radius_dist_m": [ 37.03 ], "poi_cluster": "env", "index_right": 39, "centroid_id": 84, "dist_m": 137.43167041144787 }, "geometry": { "type": "Point", "coordinates": [ -80.8473053, 35.2212429 ] } },
{ "type": "Feature", "properties": { "osm_id": 12513705116, "name": null, "lat": 35.2213695, "lon": -80.8464554, "tags": { "access": "yes", "amenity": "bicycle_parking", "bicycle_parking": "stands", "capacity": "4", "covered": "no" }, "amenity": "bicycle_parking", "shop": null, "leisure": null, "tourism": null, "office": null, "public_transport": null, "healthcare": null, "craft": null, "stations_in_radius": "['Brooklyn Village' '3rd St/Convention']", "stations_in_radius_dist_m": "[ 44.16 396.51]", "poi_cluster": "env", "index_right": 109, "centroid_id": 95, "dist_m": 93.374897628470805 }, "geometry": { "type": "Point", "coordinates": [ -80.8464554, 35.2213695 ] } },
{ "type": "Feature", "properties": { "osm_id": 12513705117, "name": null, "lat": 35.2213574, "lon": -80.8464172, "tags": { "amenity": "waste_basket" }, "amenity": "waste_basket", "shop": null, "leisure": null, "tourism": null, "office": null, "public_transport": null, "healthcare": null, "craft": null, "stations_in_radius": "['Brooklyn Village' '3rd St/Convention']", "stations_in_radius_dist_m": "[ 47.71 394.65]", "poi_cluster": "env", "index_right": 109, "centroid_id": 95, "dist_m": 89.760861640645174 }, "geometry": { "type": "Point", "coordinates": [ -80.8464172, 35.2213574 ] } },
{ "type": "Feature", "properties": { "osm_id": 12513705158, "name": null, "lat": 35.2229938, "lon": -80.8502695, "tags": { "access": "yes", "amenity": "bicycle_parking", "bicycle_parking": "stands", "capacity": "6", "covered": "no" }, "amenity": "bicycle_parking", "shop": null, "leisure": null, "tourism": null, "office": null, "public_transport": null, "healthcare": null, "craft": null, "stations_in_radius": [ "Brooklyn Village" ], "stations_in_radius_dist_m": [ 351.35 ], "poi_cluster": "env", "index_right": 170, "centroid_id": 75, "dist_m": 94.000204561167507 }, "geometry": { "type": "Point", "coordinates": [ -80.8502695, 35.2229938 ] } },
{ "type": "Feature", "properties": { "osm_id": 12513705159, "name": null, "lat": 35.2231634, "lon": -80.8505888, "tags": { "amenity": "bench" }, "amenity": "bench", "shop": null, "leisure": null, "tourism": null, "office": null, "public_transport": null, "healthcare": null, "craft": null, "stations_in_radius": [ "Brooklyn Village" ], "stations_in_radius_dist_m": [ 385.93 ], "poi_cluster": "env", "index_right": 170, "centroid_id": 75, "dist_m": 128.50827809895856 }, "geometry": { "type": "Point", "coordinates": [ -80.8505888, 35.2231634 ] } },
{ "type": "Feature", "properties": { "osm_id": 12513705160, "name": null, "lat": 35.223179, "lon": -80.8506158, "tags": { "amenity": "waste_basket" }, "amenity": "waste_basket", "shop": null, "leisure": null, "tourism": null, "office": null, "public_transport": null, "healthcare": null, "craft": null, "stations_in_radius": [ "Brooklyn Village" ], "stations_in_radius_dist_m": [ 388.92 ], "poi_cluster": "env", "index_right": 170, "centroid_id": 75, "dist_m": 131.51220274028731 }, "geometry": { "type": "Point", "coordinates": [ -80.8506158, 35.223179 ] } },
{ "type": "Feature", "properties": { "osm_id": 12513705161, "name": null, "lat": 35.2231843, "lon": -80.8506272, "tags": { "amenity": "recycling", "recycling_type": "container" }, "amenity": "recycling", "shop": null, "leisure": null, "tourism": null, "office": null, "public_transport": null, "healthcare": null, "craft": null, "stations_in_radius": [ "Brooklyn Village" ], "stations_in_radius_dist_m": [ 390.12 ], "poi_cluster": "env", "index_right": 170, "centroid_id": 75, "dist_m": 132.69533519040971 }, "geometry": { "type": "Point", "coordinates": [ -80.8506272, 35.2231843 ] } },
{ "type": "Feature", "properties": { "osm_id": 12513705162, "name": null, "lat": 35.2238645, "lon": -80.8504097, "tags": { "amenity": "waste_basket" }, "amenity": "waste_basket", "shop": null, "leisure": null, "tourism": null, "office": null, "public_transport": null, "healthcare": null, "craft": null, "stations_in_radius": [ "Brooklyn Village" ], "stations_in_radius_dist_m": [ 418.34 ], "poi_cluster": "env", "index_right": 114, "centroid_id": 76, "dist_m": 111.91470394491928 }, "geometry": { "type": "Point", "coordinates": [ -80.8504097, 35.2238645 ] } },
{ "type": "Feature", "properties": { "osm_id": 12513705163, "name": null, "lat": 35.2237602, "lon": -80.8503688, "tags": { "amenity": "waste_basket" }, "amenity": "waste_basket", "shop": null, "leisure": null, "tourism": null, "office": null, "public_transport": null, "healthcare": null, "craft": null, "stations_in_radius": [ "Brooklyn Village" ], "stations_in_radius_dist_m": [ 407.99 ], "poi_cluster": "env", "index_right": 114, "centroid_id": 76, "dist_m": 116.8451351413328 }, "geometry": { "type": "Point", "coordinates": [ -80.8503688, 35.2237602 ] } },
{ "type": "Feature", "properties": { "osm_id": 12513705164, "name": null, "lat": 35.2235643, "lon": -80.8506479, "tags": { "amenity": "waste_basket" }, "amenity": "waste_basket", "shop": null, "leisure": null, "tourism": null, "office": null, "public_transport": null, "healthcare": null, "craft": null, "stations_in_radius": [ "Brooklyn Village" ], "stations_in_radius_dist_m": [ 414.74 ], "poi_cluster": "env", "index_right": 114, "centroid_id": 76, "dist_m": 150.2052439660585 }, "geometry": { "type": "Point", "coordinates": [ -80.8506479, 35.2235643 ] } },
{ "type": "Feature", "properties": { "osm_id": 12513705165, "name": null, "lat": 35.2235128, "lon": -80.8509269, "tags": { "amenity": "waste_basket" }, "amenity": "waste_basket", "shop": null, "leisure": null, "tourism": null, "office": null, "public_transport": null, "healthcare": null, "craft": null, "stations_in_radius": [ "Brooklyn Village" ], "stations_in_radius_dist_m": [ 432.51 ], "poi_cluster": "env", "index_right": 114, "centroid_id": 76, "dist_m": 173.03929673540776 }, "geometry": { "type": "Point", "coordinates": [ -80.8509269, 35.2235128 ] } },
{ "type": "Feature", "properties": { "osm_id": 12513705179, "name": null, "lat": 35.224138, "lon": -80.8503903, "tags": { "amenity": "waste_basket" }, "amenity": "waste_basket", "shop": null, "leisure": null, "tourism": null, "office": null, "public_transport": null, "healthcare": null, "craft": null, "stations_in_radius": [ "Brooklyn Village" ], "stations_in_radius_dist_m": [ 437.57 ], "poi_cluster": "env", "index_right": 114, "centroid_id": 76, "dist_m": 94.189682238182812 }, "geometry": { "type": "Point", "coordinates": [ -80.8503903, 35.224138 ] } },
{ "type": "Feature", "properties": { "osm_id": 12513705180, "name": null, "lat": 35.2242704, "lon": -80.8505256, "tags": { "amenity": "waste_basket" }, "amenity": "waste_basket", "shop": null, "leisure": null, "tourism": null, "office": null, "public_transport": null, "healthcare": null, "craft": null, "stations_in_radius": [ "Brooklyn Village" ], "stations_in_radius_dist_m": [ 456.63 ], "poi_cluster": "env", "index_right": 166, "centroid_id": 72, "dist_m": 89.219592944940004 }, "geometry": { "type": "Point", "coordinates": [ -80.8505256, 35.2242704 ] } },
{ "type": "Feature", "properties": { "osm_id": 12513705187, "name": null, "lat": 35.224246, "lon": -80.8507426, "tags": { "access": "yes", "amenity": "bicycle_parking", "bicycle_parking": "stands", "capacity": "28", "covered": "yes" }, "amenity": "bicycle_parking", "shop": null, "leisure": null, "tourism": null, "office": null, "public_transport": null, "healthcare": null, "craft": null, "stations_in_radius": [ "Brooklyn Village" ], "stations_in_radius_dist_m": [ 469.12 ], "poi_cluster": "env", "index_right": 166, "centroid_id": 72, "dist_m": 103.18571521556565 }, "geometry": { "type": "Point", "coordinates": [ -80.8507426, 35.224246 ] } },
{ "type": "Feature", "properties": { "osm_id": 12513705208, "name": null, "lat": 35.2223637, "lon": -80.8474007, "tags": { "amenity": "recycling", "recycling_type": "container" }, "amenity": "recycling", "shop": null, "leisure": null, "tourism": null, "office": null, "public_transport": null, "healthcare": null, "craft": null, "stations_in_radius": "['Brooklyn Village' '3rd St/Convention']", "stations_in_radius_dist_m": "[115.84 418.5 ]", "poi_cluster": "env", "index_right": 39, "centroid_id": 84, "dist_m": 16.761816639233022 }, "geometry": { "type": "Point", "coordinates": [ -80.8474007, 35.2223637 ] } },
{ "type": "Feature", "properties": { "osm_id": 12513705209, "name": null, "lat": 35.2223496, "lon": -80.8473822, "tags": { "amenity": "waste_basket" }, "amenity": "waste_basket", "shop": null, "leisure": null, "tourism": null, "office": null, "public_transport": null, "healthcare": null, "craft": null, "stations_in_radius": "['Brooklyn Village' '3rd St/Convention']", "stations_in_radius_dist_m": "[113.77 417.43]", "poi_cluster": "env", "index_right": 39, "centroid_id": 84, "dist_m": 19.059421887092721 }, "geometry": { "type": "Point", "coordinates": [ -80.8473822, 35.2223496 ] } },
{ "type": "Feature", "properties": { "osm_id": 12513705214, "name": null, "lat": 35.2212798, "lon": -80.8463048, "tags": { "amenity": "bicycle_parking", "bicycle_parking": "stands", "capacity": "6", "covered": "yes" }, "amenity": "bicycle_parking", "shop": null, "leisure": null, "tourism": null, "office": null, "public_transport": null, "healthcare": null, "craft": null, "stations_in_radius": "['Brooklyn Village' '3rd St/Convention']", "stations_in_radius_dist_m": "[ 59.08 392.4 ]", "poi_cluster": "env", "index_right": 109, "centroid_id": 95, "dist_m": 76.443234589455244 }, "geometry": { "type": "Point", "coordinates": [ -80.8463048, 35.2212798 ] } },
{ "type": "Feature", "properties": { "osm_id": 12513705221, "name": null, "lat": 35.2204204, "lon": -80.8459297, "tags": { "access": "yes", "amenity": "bicycle_parking", "bicycle_parking": "stands", "capacity": "12", "covered": "yes", "foot_traffic": "low" }, "amenity": "bicycle_parking", "shop": null, "leisure": null, "tourism": null, "office": null, "public_transport": null, "healthcare": null, "craft": null, "stations_in_radius": "['Brooklyn Village' '3rd St/Convention']", "stations_in_radius_dist_m": "[141.48 439.69]", "poi_cluster": "env", "index_right": 109, "centroid_id": 95, "dist_m": 59.214862123786659 }, "geometry": { "type": "Point", "coordinates": [ -80.8459297, 35.2204204 ] } },
{ "type": "Feature", "properties": { "osm_id": 12513705222, "name": null, "lat": 35.2200977, "lon": -80.8457881, "tags": { "amenity": "bench" }, "amenity": "bench", "shop": null, "leisure": null, "tourism": null, "office": null, "public_transport": null, "healthcare": null, "craft": null, "stations_in_radius": "['Brooklyn Village' '3rd St/Convention']", "stations_in_radius_dist_m": "[177.56 461.91]", "poi_cluster": "env", "index_right": 109, "centroid_id": 95, "dist_m": 88.994819036649744 }, "geometry": { "type": "Point", "coordinates": [ -80.8457881, 35.2200977 ] } },
{ "type": "Feature", "properties": { "osm_id": 12513705223, "name": null, "lat": 35.2200838, "lon": -80.8457971, "tags": { "amenity": "bench" }, "amenity": "bench", "shop": null, "leisure": null, "tourism": null, "office": null, "public_transport": null, "healthcare": null, "craft": null, "stations_in_radius": "['Brooklyn Village' '3rd St/Convention']", "stations_in_radius_dist_m": "[178.33 463.65]", "poi_cluster": "env", "index_right": 109, "centroid_id": 95, "dist_m": 90.658967689145015 }, "geometry": { "type": "Point", "coordinates": [ -80.8457971, 35.2200838 ] } },
{ "type": "Feature", "properties": { "osm_id": 12513705224, "name": null, "lat": 35.2200748, "lon": -80.8458229, "tags": { "amenity": "waste_basket" }, "amenity": "waste_basket", "shop": null, "leisure": null, "tourism": null, "office": null, "public_transport": null, "healthcare": null, "craft": null, "stations_in_radius": "['Brooklyn Village' '3rd St/Convention']", "stations_in_radius_dist_m": "[177.79 465.76]", "poi_cluster": "env", "index_right": 109, "centroid_id": 95, "dist_m": 92.095660308006131 }, "geometry": { "type": "Point", "coordinates": [ -80.8458229, 35.2200748 ] } },
{ "type": "Feature", "properties": { "osm_id": 12513705225, "name": null, "lat": 35.2198394, "lon": -80.8458092, "tags": { "amenity": "bench" }, "amenity": "bench", "shop": null, "leisure": null, "tourism": null, "office": null, "public_transport": null, "healthcare": null, "craft": null, "stations_in_radius": [ "Brooklyn Village" ], "stations_in_radius_dist_m": [ 200.4 ], "poi_cluster": "env", "index_right": 12, "centroid_id": 90, "dist_m": 101.22914078624642 }, "geometry": { "type": "Point", "coordinates": [ -80.8458092, 35.2198394 ] } },
{ "type": "Feature", "properties": { "osm_id": 12513705226, "name": null, "lat": 35.2198601, "lon": -80.8457455, "tags": { "amenity": "bench" }, "amenity": "bench", "shop": null, "leisure": null, "tourism": null, "office": null, "public_transport": null, "healthcare": null, "craft": null, "stations_in_radius": [ "Brooklyn Village" ], "stations_in_radius_dist_m": [ 201.5 ], "poi_cluster": "env", "index_right": 12, "centroid_id": 90, "dist_m": 107.2949918462908 }, "geometry": { "type": "Point", "coordinates": [ -80.8457455, 35.2198601 ] } },
{ "type": "Feature", "properties": { "osm_id": 12513705227, "name": null, "lat": 35.2198478, "lon": -80.8460153, "tags": { "access": "yes", "amenity": "bicycle_parking", "bicycle_parking": "stands", "capacity": "4", "covered": "no" }, "amenity": "bicycle_parking", "shop": null, "leisure": null, "tourism": null, "office": null, "public_transport": null, "healthcare": null, "craft": null, "stations_in_radius": [ "Brooklyn Village" ], "stations_in_radius_dist_m": [ 190.61 ], "poi_cluster": "env", "index_right": 12, "centroid_id": 90, "dist_m": 87.254668745945054 }, "geometry": { "type": "Point", "coordinates": [ -80.8460153, 35.2198478 ] } },
{ "type": "Feature", "properties": { "osm_id": 12513705308, "name": null, "lat": 35.2207422, "lon": -80.8436706, "tags": { "amenity": "waste_basket" }, "amenity": "waste_basket", "shop": null, "leisure": null, "tourism": null, "office": null, "public_transport": null, "healthcare": null, "craft": null, "stations_in_radius": "['Brooklyn Village' '3rd St/Convention']", "stations_in_radius_dist_m": "[306.08 322.86]", "poi_cluster": "env", "index_right": 97, "centroid_id": 110, "dist_m": 106.24974879887397 }, "geometry": { "type": "Point", "coordinates": [ -80.8436706, 35.2207422 ] } },
{ "type": "Feature", "properties": { "osm_id": 12513705309, "name": null, "lat": 35.2213722, "lon": -80.8428629, "tags": { "amenity": "waste_basket" }, "amenity": "waste_basket", "shop": null, "leisure": null, "tourism": null, "office": null, "public_transport": null, "healthcare": null, "craft": null, "stations_in_radius": "['3rd St/Convention' 'Brooklyn Village']", "stations_in_radius_dist_m": "[248.82 371.04]", "poi_cluster": "env", "index_right": 97, "centroid_id": 110, "dist_m": 38.213030846890113 }, "geometry": { "type": "Point", "coordinates": [ -80.8428629, 35.2213722 ] } },
{ "type": "Feature", "properties": { "osm_id": 12513705310, "name": null, "lat": 35.2213244, "lon": -80.8429539, "tags": { "amenity": "bench", "backrest": "no" }, "amenity": "bench", "shop": null, "leisure": null, "tourism": null, "office": null, "public_transport": null, "healthcare": null, "craft": null, "stations_in_radius": "['3rd St/Convention' 'Brooklyn Village']", "stations_in_radius_dist_m": "[253.66 362.83]", "poi_cluster": "env", "index_right": 97, "centroid_id": 110, "dist_m": 40.690080268863483 }, "geometry": { "type": "Point", "coordinates": [ -80.8429539, 35.2213244 ] } },
{ "type": "Feature", "properties": { "osm_id": 12513705311, "name": null, "lat": 35.2213792, "lon": -80.8429495, "tags": { "amenity": "bench", "backrest": "no" }, "amenity": "bench", "shop": null, "leisure": null, "tourism": null, "office": null, "public_transport": null, "healthcare": null, "craft": null, "stations_in_radius": "['3rd St/Convention' 'Brooklyn Village']", "stations_in_radius_dist_m": "[247.6  363.16]", "poi_cluster": "env", "index_right": 97, "centroid_id": 110, "dist_m": 44.236369802758773 }, "geometry": { "type": "Point", "coordinates": [ -80.8429495, 35.2213792 ] } },
{ "type": "Feature", "properties": { "osm_id": 12513705312, "name": null, "lat": 35.2214071, "lon": -80.8429123, "tags": { "amenity": "bench", "backrest": "no" }, "amenity": "bench", "shop": null, "leisure": null, "tourism": null, "office": null, "public_transport": null, "healthcare": null, "craft": null, "stations_in_radius": "['3rd St/Convention' 'Brooklyn Village']", "stations_in_radius_dist_m": "[244.67 366.55]", "poi_cluster": "env", "index_right": 97, "centroid_id": 110, "dist_m": 44.080593761829881 }, "geometry": { "type": "Point", "coordinates": [ -80.8429123, 35.2214071 ] } },
{ "type": "Feature", "properties": { "osm_id": 12513705313, "name": null, "lat": 35.2214415, "lon": -80.8429417, "tags": { "amenity": "bench", "backrest": "no" }, "amenity": "bench", "shop": null, "leisure": null, "tourism": null, "office": null, "public_transport": null, "healthcare": null, "craft": null, "stations_in_radius": "['3rd St/Convention' 'Brooklyn Village']", "stations_in_radius_dist_m": "[240.73 363.91]", "poi_cluster": "env", "index_right": 97, "centroid_id": 110, "dist_m": 48.714403600804467 }, "geometry": { "type": "Point", "coordinates": [ -80.8429417, 35.2214415 ] } },
{ "type": "Feature", "properties": { "osm_id": 12513705314, "name": null, "lat": 35.2214142, "lon": -80.8429816, "tags": { "amenity": "bench", "backrest": "no" }, "amenity": "bench", "shop": null, "leisure": null, "tourism": null, "office": null, "public_transport": null, "healthcare": null, "craft": null, "stations_in_radius": "['3rd St/Convention' 'Brooklyn Village']", "stations_in_radius_dist_m": "[243.62 360.25]", "poi_cluster": "env", "index_right": 97, "centroid_id": 110, "dist_m": 49.022674764797294 }, "geometry": { "type": "Point", "coordinates": [ -80.8429816, 35.2214142 ] } },
{ "type": "Feature", "properties": { "osm_id": 12513705315, "name": null, "lat": 35.2214766, "lon": -80.8429714, "tags": { "amenity": "bench", "backrest": "no" }, "amenity": "bench", "shop": null, "leisure": null, "tourism": null, "office": null, "public_transport": null, "healthcare": null, "craft": null, "stations_in_radius": "['3rd St/Convention' 'Brooklyn Village']", "stations_in_radius_dist_m": "[236.73 361.29]", "poi_cluster": "env", "index_right": 97, "centroid_id": 110, "dist_m": 53.429599182178507 }, "geometry": { "type": "Point", "coordinates": [ -80.8429714, 35.2214766 ] } },
{ "type": "Feature", "properties": { "osm_id": 12513705316, "name": null, "lat": 35.2215059, "lon": -80.8430079, "tags": { "amenity": "bench", "backrest": "no" }, "amenity": "bench", "shop": null, "leisure": null, "tourism": null, "office": null, "public_transport": null, "healthcare": null, "craft": null, "stations_in_radius": "['3rd St/Convention' 'Brooklyn Village']", "stations_in_radius_dist_m": "[233.39 358.07]", "poi_cluster": "env", "index_right": 97, "centroid_id": 110, "dist_m": 58.057539828332793 }, "geometry": { "type": "Point", "coordinates": [ -80.8430079, 35.221505900000011 ] } },
{ "type": "Feature", "properties": { "osm_id": 12513705317, "name": null, "lat": 35.2215643, "lon": -80.8430191, "tags": { "amenity": "bench", "backrest": "no" }, "amenity": "bench", "shop": null, "leisure": null, "tourism": null, "office": null, "public_transport": null, "healthcare": null, "craft": null, "stations_in_radius": "['3rd St/Convention' 'Brooklyn Village']", "stations_in_radius_dist_m": "[226.9  357.35]", "poi_cluster": "env", "index_right": 97, "centroid_id": 110, "dist_m": 63.726601588480136 }, "geometry": { "type": "Point", "coordinates": [ -80.8430191, 35.2215643 ] } },
{ "type": "Feature", "properties": { "osm_id": 12513705318, "name": null, "lat": 35.2216207, "lon": -80.84303, "tags": { "amenity": "waste_basket" }, "amenity": "waste_basket", "shop": null, "leisure": null, "tourism": null, "office": null, "public_transport": null, "healthcare": null, "craft": null, "stations_in_radius": "['3rd St/Convention' 'Brooklyn Village' 'CTC/Arena']", "stations_in_radius_dist_m": "[220.63 356.75 403.39]", "poi_cluster": "env", "index_right": 97, "centroid_id": 110, "dist_m": 69.354510543186294 }, "geometry": { "type": "Point", "coordinates": [ -80.84303, 35.2216207 ] } },
{ "type": "Feature", "properties": { "osm_id": 12513705319, "name": null, "lat": 35.2216254, "lon": -80.8436692, "tags": { "amenity": "waste_basket" }, "amenity": "waste_basket", "shop": null, "leisure": null, "tourism": null, "office": null, "public_transport": null, "healthcare": null, "craft": null, "stations_in_radius": [ ], "stations_in_radius_dist_m": [ ], "poi_cluster": "env", "index_right": 31, "centroid_id": 105, "dist_m": 71.706862387241131 }, "geometry": { "type": "Point", "coordinates": [ -80.8436692, 35.2216254 ] } },
{ "type": "Feature", "properties": { "osm_id": 12513705320, "name": null, "lat": 35.2215457, "lon": -80.8482949, "tags": { "access": "yes", "amenity": "bicycle_parking", "bicycle_parking": "wave", "capacity": "11", "covered": "yes" }, "amenity": "bicycle_parking", "shop": null, "leisure": null, "tourism": null, "office": null, "public_transport": null, "healthcare": null, "craft": null, "stations_in_radius": [ "Brooklyn Village" ], "stations_in_radius_dist_m": [ 124.51 ], "poi_cluster": "env", "index_right": 152, "centroid_id": 78, "dist_m": 84.035880509923899 }, "geometry": { "type": "Point", "coordinates": [ -80.8482949, 35.2215457 ] } },
{ "type": "Feature", "properties": { "osm_id": 12513705321, "name": null, "lat": 35.2195318, "lon": -80.8451439, "tags": { "amenity": "vending_machine", "bin": "yes", "vending": "excrement_bags" }, "amenity": "vending_machine", "shop": null, "leisure": null, "tourism": null, "office": null, "public_transport": null, "healthcare": null, "craft": null, "stations_in_radius": [ "Brooklyn Village" ], "stations_in_radius_dist_m": [ 263.03 ], "poi_cluster": "env", "index_right": 108, "centroid_id": 100, "dist_m": 75.972150517473722 }, "geometry": { "type": "Point", "coordinates": [ -80.8451439, 35.2195318 ] } },
{ "type": "Feature", "properties": { "osm_id": 12513705323, "name": null, "lat": 35.219456, "lon": -80.8448174, "tags": { "amenity": "bench" }, "amenity": "bench", "shop": null, "leisure": null, "tourism": null, "office": null, "public_transport": null, "healthcare": null, "craft": null, "stations_in_radius": [ "Brooklyn Village" ], "stations_in_radius_dist_m": [ 288.65 ], "poi_cluster": "env", "index_right": 108, "centroid_id": 100, "dist_m": 64.646074650527154 }, "geometry": { "type": "Point", "coordinates": [ -80.8448174, 35.219456 ] } },
{ "type": "Feature", "properties": { "osm_id": 12513705344, "name": null, "lat": 35.2192211, "lon": -80.8446475, "tags": { "amenity": "bench" }, "amenity": "bench", "shop": null, "leisure": null, "tourism": null, "office": null, "public_transport": null, "healthcare": null, "craft": null, "stations_in_radius": [ "Brooklyn Village" ], "stations_in_radius_dist_m": [ 318.41 ], "poi_cluster": "env", "index_right": 108, "centroid_id": 100, "dist_m": 85.464019175722314 }, "geometry": { "type": "Point", "coordinates": [ -80.8446475, 35.2192211 ] } },
{ "type": "Feature", "properties": { "osm_id": 12513705377, "name": null, "lat": 35.2192629, "lon": -80.8445823, "tags": { "amenity": "bench" }, "amenity": "bench", "shop": null, "leisure": null, "tourism": null, "office": null, "public_transport": null, "healthcare": null, "craft": null, "stations_in_radius": [ "Brooklyn Village" ], "stations_in_radius_dist_m": [ 318.88 ], "poi_cluster": "env", "index_right": 108, "centroid_id": 100, "dist_m": 80.220268430886946 }, "geometry": { "type": "Point", "coordinates": [ -80.8445823, 35.2192629 ] } },
{ "type": "Feature", "properties": { "osm_id": 12513705392, "name": null, "lat": 35.2188853, "lon": -80.8444305, "tags": { "access": "yes", "amenity": "bicycle_parking", "bicycle_parking": "stands", "capacity": "6", "covered": "yes" }, "amenity": "bicycle_parking", "shop": null, "leisure": null, "tourism": null, "office": null, "public_transport": null, "healthcare": null, "craft": null, "stations_in_radius": [ "Brooklyn Village" ], "stations_in_radius_dist_m": [ 359.6 ], "poi_cluster": "env", "index_right": 33, "centroid_id": 104, "dist_m": 94.49096288820509 }, "geometry": { "type": "Point", "coordinates": [ -80.8444305, 35.2188853 ] } },
{ "type": "Feature", "properties": { "osm_id": 12513705393, "name": null, "lat": 35.2189542, "lon": -80.8443648, "tags": { "amenity": "bench" }, "amenity": "bench", "shop": null, "leisure": null, "tourism": null, "office": null, "public_transport": null, "healthcare": null, "craft": null, "stations_in_radius": [ "Brooklyn Village" ], "stations_in_radius_dist_m": [ 357.63 ], "poi_cluster": "env", "index_right": 33, "centroid_id": 104, "dist_m": 87.126571873805261 }, "geometry": { "type": "Point", "coordinates": [ -80.8443648, 35.2189542 ] } },
{ "type": "Feature", "properties": { "osm_id": 12513705394, "name": null, "lat": 35.2190357, "lon": -80.844337, "tags": { "amenity": "bench" }, "amenity": "bench", "shop": null, "leisure": null, "tourism": null, "office": null, "public_transport": null, "healthcare": null, "craft": null, "stations_in_radius": [ "Brooklyn Village" ], "stations_in_radius_dist_m": [ 352.54 ], "poi_cluster": "env", "index_right": 33, "centroid_id": 104, "dist_m": 83.603577212185954 }, "geometry": { "type": "Point", "coordinates": [ -80.844337, 35.2190357 ] } },
{ "type": "Feature", "properties": { "osm_id": 12513705395, "name": null, "lat": 35.2190295, "lon": -80.8442482, "tags": { "amenity": "bench" }, "amenity": "bench", "shop": null, "leisure": null, "tourism": null, "office": null, "public_transport": null, "healthcare": null, "craft": null, "stations_in_radius": [ "Brooklyn Village" ], "stations_in_radius_dist_m": [ 358.53 ], "poi_cluster": "env", "index_right": 33, "centroid_id": 104, "dist_m": 75.587331287490059 }, "geometry": { "type": "Point", "coordinates": [ -80.8442482, 35.2190295 ] } },
{ "type": "Feature", "properties": { "osm_id": 12513705396, "name": null, "lat": 35.219077, "lon": -80.844205, "tags": { "amenity": "bench" }, "amenity": "bench", "shop": null, "leisure": null, "tourism": null, "office": null, "public_transport": null, "healthcare": null, "craft": null, "stations_in_radius": [ "Brooklyn Village" ], "stations_in_radius_dist_m": [ 357.42 ], "poi_cluster": "env", "index_right": 33, "centroid_id": 104, "dist_m": 71.439909551440465 }, "geometry": { "type": "Point", "coordinates": [ -80.844205, 35.219077 ] } },
{ "type": "Feature", "properties": { "osm_id": 12513705397, "name": null, "lat": 35.2191241, "lon": -80.8442244, "tags": { "amenity": "bench" }, "amenity": "bench", "shop": null, "leisure": null, "tourism": null, "office": null, "public_transport": null, "healthcare": null, "craft": null, "stations_in_radius": [ "Brooklyn Village" ], "stations_in_radius_dist_m": [ 352.45 ], "poi_cluster": "env", "index_right": 33, "centroid_id": 104, "dist_m": 73.358771082044981 }, "geometry": { "type": "Point", "coordinates": [ -80.8442244, 35.219124100000023 ] } },
{ "type": "Feature", "properties": { "osm_id": 12513705398, "name": null, "lat": 35.2188132, "lon": -80.8435569, "tags": { "amenity": "vending_machine", "bin": "yes", "vending": "excrement_bags" }, "amenity": "vending_machine", "shop": null, "leisure": null, "tourism": null, "office": null, "public_transport": null, "healthcare": null, "craft": null, "stations_in_radius": [ "Brooklyn Village" ], "stations_in_radius_dist_m": [ 420.07 ], "poi_cluster": "env", "index_right": 33, "centroid_id": 104, "dist_m": 32.220727076661824 }, "geometry": { "type": "Point", "coordinates": [ -80.8435569, 35.2188132 ] } },
{ "type": "Feature", "properties": { "osm_id": 12513705411, "name": null, "lat": 35.2186453, "lon": -80.8432917, "tags": { "access": "yes", "amenity": "bicycle_parking", "bicycle_parking": "stands", "capacity": "4", "covered": "no" }, "amenity": "bicycle_parking", "shop": null, "leisure": null, "tourism": null, "office": null, "public_transport": null, "healthcare": null, "craft": null, "stations_in_radius": [ "Brooklyn Village" ], "stations_in_radius_dist_m": [ 450.43 ], "poi_cluster": "env", "index_right": 33, "centroid_id": 104, "dist_m": 49.726819234045038 }, "geometry": { "type": "Point", "coordinates": [ -80.8432917, 35.2186453 ] } },
{ "type": "Feature", "properties": { "osm_id": 12513705412, "name": null, "lat": 35.2182899, "lon": -80.8431096, "tags": { "access": "yes", "amenity": "bicycle_parking", "bicycle_parking": "stands", "capacity": "10", "covered": "yes" }, "amenity": "bicycle_parking", "shop": null, "leisure": null, "tourism": null, "office": null, "public_transport": null, "healthcare": null, "craft": null, "stations_in_radius": [ "Brooklyn Village" ], "stations_in_radius_dist_m": [ 489.61 ], "poi_cluster": "env", "index_right": 149, "centroid_id": 109, "dist_m": 48.204039152512266 }, "geometry": { "type": "Point", "coordinates": [ -80.84310960000002, 35.2182899 ] } },
{ "type": "Feature", "properties": { "osm_id": 13328798501, "name": null, "lat": 35.2255597, "lon": -80.8469845, "tags": { "access": "yes", "amenity": "bicycle_parking", "bicycle_parking": "wave", "capacity": "7", "covered": "yes", "indoor": "no" }, "amenity": "bicycle_parking", "shop": null, "leisure": null, "tourism": null, "office": null, "public_transport": null, "healthcare": null, "craft": null, "stations_in_radius": "['3rd St/Convention' 'Brooklyn Village']", "stations_in_radius_dist_m": "[417.49 462.44]", "poi_cluster": "env", "index_right": 138, "centroid_id": 93, "dist_m": 50.988562056109835 }, "geometry": { "type": "Point", "coordinates": [ -80.8469845, 35.2255597 ] } },
{ "type": "Feature", "properties": { "osm_id": 13457125329, "name": null, "lat": 35.223481, "lon": -80.8435512, "tags": { "amenity": "waste_basket" }, "amenity": "waste_basket", "shop": null, "leisure": null, "tourism": null, "office": null, "public_transport": null, "healthcare": null, "craft": null, "stations_in_radius": "['3rd St/Convention' 'CTC/Arena' 'Brooklyn Village']", "stations_in_radius_dist_m": "[ 46.93 258.96 385.85]", "poi_cluster": "env", "index_right": 0, "centroid_id": 111, "dist_m": 129.08266551367731 }, "geometry": { "type": "Point", "coordinates": [ -80.8435512, 35.223481 ] } },
{ "type": "Feature", "properties": { "osm_id": 13457125331, "name": null, "lat": 35.2234621, "lon": -80.8435844, "tags": { "amenity": "waste_basket" }, "amenity": "waste_basket", "shop": null, "leisure": null, "tourism": null, "office": null, "public_transport": null, "healthcare": null, "craft": null, "stations_in_radius": "['3rd St/Convention' 'CTC/Arena' 'Brooklyn Village']", "stations_in_radius_dist_m": "[ 50.46 262.62 382.18]", "poi_cluster": "env", "index_right": 0, "centroid_id": 111, "dist_m": 130.73545536148819 }, "geometry": { "type": "Point", "coordinates": [ -80.8435844, 35.2234621 ] } },
{ "type": "Feature", "properties": { "osm_id": 174171808, "name": "Lot #402", "lat": 35.2231215, "lon": -80.8412855, "tags": { "addr:city": "Charlotte", "addr:housenumber": "402", "addr:postcode": "28202", "addr:state": "NC", "addr:street": "East 4th Street", "amenity": "parking", "fee": "yes", "name": "Lot #402", "operator": "Preferred Parking", "parking": "surface", "surface": "asphalt" }, "amenity": "parking", "shop": null, "leisure": null, "tourism": null, "office": null, "public_transport": null, "healthcare": null, "craft": null, "stations_in_radius": "['3rd St/Convention' 'CTC/Arena']", "stations_in_radius_dist_m": "[170.33 208.54]", "poi_cluster": "env", "index_right": 53, "centroid_id": 117, "dist_m": 76.886779120826873 }, "geometry": { "type": "Point", "coordinates": [ -80.8412855, 35.2231215 ] } },
{ "type": "Feature", "properties": { "osm_id": 174301661, "name": "Lot #501", "lat": 35.2199217, "lon": -80.843385, "tags": { "addr:city": "Charlotte", "addr:housenumber": "501", "addr:postcode": "28202", "addr:state": "NC", "addr:street": "South Caldwell Street", "amenity": "parking", "fee": "yes", "name": "Lot #501", "operator": "E-Z Parking", "parking": "surface", "surface": "asphalt" }, "amenity": "parking", "shop": null, "leisure": null, "tourism": null, "office": null, "public_transport": null, "healthcare": null, "craft": null, "stations_in_radius": [ ], "stations_in_radius_dist_m": [ ], "poi_cluster": "env", "index_right": 33, "centroid_id": 104, "dist_m": 93.272062979386035 }, "geometry": { "type": "Point", "coordinates": [ -80.843385, 35.2199217 ] } },
{ "type": "Feature", "properties": { "osm_id": 322993022, "name": null, "lat": 35.2230771, "lon": -80.8434573, "tags": { "amenity": "parking" }, "amenity": "parking", "shop": null, "leisure": null, "tourism": null, "office": null, "public_transport": null, "healthcare": null, "craft": null, "stations_in_radius": "['3rd St/Convention' 'CTC/Arena' 'Brooklyn Village']", "stations_in_radius_dist_m": "[ 69.28 284.37 368.05]", "poi_cluster": "env", "index_right": 31, "centroid_id": 105, "dist_m": 93.236968586460421 }, "geometry": { "type": "Point", "coordinates": [ -80.8434573, 35.2230771 ] } },
{ "type": "Feature", "properties": { "osm_id": 461398123, "name": "Duke Energy Parking", "lat": 35.2258693, "lon": -80.8501319, "tags": { "access": "permit", "amenity": "parking", "name": "Duke Energy Parking", "operator": "Duke Energy", "operator:type": "private", "parking": "surface", "surface": "asphalt" }, "amenity": "parking", "shop": null, "leisure": null, "tourism": null, "office": null, "public_transport": null, "healthcare": null, "craft": null, "stations_in_radius": [ ], "stations_in_radius_dist_m": [ ], "poi_cluster": "env", "index_right": 166, "centroid_id": 72, "dist_m": 102.5673678492856 }, "geometry": { "type": "Point", "coordinates": [ -80.8501319, 35.2258693 ] } },
{ "type": "Feature", "properties": { "osm_id": 695677598, "name": null, "lat": 35.2203755, "lon": -80.8427111, "tags": { "amenity": "parking", "building": "yes", "building:levels": "14", "parking": "multi-storey" }, "amenity": "parking", "shop": null, "leisure": null, "tourism": null, "office": null, "public_transport": null, "healthcare": null, "craft": null, "stations_in_radius": [ ], "stations_in_radius_dist_m": [ ], "poi_cluster": "env", "index_right": 136, "centroid_id": 112, "dist_m": 63.507825814155304 }, "geometry": { "type": "Point", "coordinates": [ -80.8427111, 35.22037550000001 ] } },
{ "type": "Feature", "properties": { "osm_id": 695677599, "name": null, "lat": 35.2205203, "lon": -80.8428153, "tags": { "access": "customers", "amenity": "parking", "building": "parking", "building:levels": "5", "fee": "yes", "parking": "multi-storey" }, "amenity": "parking", "shop": null, "leisure": null, "tourism": null, "office": null, "public_transport": null, "healthcare": null, "craft": null, "stations_in_radius": [ ], "stations_in_radius_dist_m": [ ], "poi_cluster": "env", "index_right": 97, "centroid_id": 110, "dist_m": 68.368270066209064 }, "geometry": { "type": "Point", "coordinates": [ -80.8428153, 35.2205203 ] } },
{ "type": "Feature", "properties": { "osm_id": 695677601, "name": null, "lat": 35.2202368, "lon": -80.8425723, "tags": { "access": "customers", "amenity": "parking", "building": "parking", "building:levels": "5", "fee": "yes", "parking": "multi-storey" }, "amenity": "parking", "shop": null, "leisure": null, "tourism": null, "office": null, "public_transport": null, "healthcare": null, "craft": null, "stations_in_radius": "['3rd St/Convention' 'Brooklyn Village']", "stations_in_radius_dist_m": "[376.71 417.55]", "poi_cluster": "env", "index_right": 136, "centroid_id": 112, "dist_m": 48.164938369578771 }, "geometry": { "type": "Point", "coordinates": [ -80.842572300000015, 35.2202368 ] } },
{ "type": "Feature", "properties": { "osm_id": 715062090, "name": "Legacy Union Seven20", "lat": 35.2240013, "lon": -80.8510448, "tags": { "access": "yes", "addr:city": "Charlotte", "addr:housenumber": "720", "addr:postcode": "28202", "addr:state": "NC", "addr:street": "South Church Street", "amenity": "parking", "building": "parking", "building:levels": "10", "fee": "yes", "height": "49", "name": "Legacy Union Seven20", "operator": "LAZ Parking", "operator:type": "private", "parking": "multi-storey", "payment:credit_cards": "yes", "payment:debit_cards": "yes", "surface": "concrete" }, "amenity": "parking", "shop": null, "leisure": null, "tourism": null, "office": null, "public_transport": null, "healthcare": null, "craft": null, "stations_in_radius": [ ], "stations_in_radius_dist_m": [ ], "poi_cluster": "env", "index_right": 166, "centroid_id": 72, "dist_m": 141.7308393599468 }, "geometry": { "type": "Point", "coordinates": [ -80.8510448, 35.224001299999983 ] } },
{ "type": "Feature", "properties": { "osm_id": 766639183, "name": "Prefered Parking", "lat": 35.2212678, "lon": -80.8415254, "tags": { "access": "yes", "addr:city": "Charlotte", "addr:housenumber": "300", "addr:postcode": "28202", "addr:state": "NC", "addr:street": "South Davidson Street", "amenity": "parking", "fee": "yes", "maxstay": "12 hours", "name": "Prefered Parking", "operator:type": "private", "parking": "surface", "surface": "asphalt" }, "amenity": "parking", "shop": null, "leisure": null, "tourism": null, "office": null, "public_transport": null, "healthcare": null, "craft": null, "stations_in_radius": "['3rd St/Convention' 'Brooklyn Village']", "stations_in_radius_dist_m": "[294.91 492.94]", "poi_cluster": "env", "index_right": 97, "centroid_id": 110, "dist_m": 98.653879889912702 }, "geometry": { "type": "Point", "coordinates": [ -80.8415254, 35.2212678 ] } },
{ "type": "Feature", "properties": { "osm_id": 1046738977, "name": "Ally Charlotte Center Parking Deck", "lat": 35.2223123, "lon": -80.8484562, "tags": { "access": "yes", "amenity": "parking", "building": "yes", "capacity:disabled": "1400", "fee": "yes", "layer": "1", "name": "Ally Charlotte Center Parking Deck", "parking": "multi-storey", "surface": "concrete" }, "amenity": "parking", "shop": null, "leisure": null, "tourism": null, "office": null, "public_transport": null, "healthcare": null, "craft": null, "stations_in_radius": [ ], "stations_in_radius_dist_m": [ ], "poi_cluster": "env", "index_right": 39, "centroid_id": 84, "dist_m": 85.65831126097757 }, "geometry": { "type": "Point", "coordinates": [ -80.8484562, 35.2223123 ] } },
{ "type": "Feature", "properties": { "osm_id": 1046738994, "name": null, "lat": 35.2231961, "lon": -80.848476, "tags": { "amenity": "bench", "backrest": "no", "material": "marble" }, "amenity": "bench", "shop": null, "leisure": null, "tourism": null, "office": null, "public_transport": null, "healthcare": null, "craft": null, "stations_in_radius": [ "Brooklyn Village" ], "stations_in_radius_dist_m": [ 244.25 ], "poi_cluster": "env", "index_right": 3, "centroid_id": 81, "dist_m": 23.995271424572081 }, "geometry": { "type": "Point", "coordinates": [ -80.848476, 35.2231961 ] } },
{ "type": "Feature", "properties": { "osm_id": 1047699837, "name": "330 South Tryon Parking Garage", "lat": 35.2256457, "lon": -80.8469423, "tags": { "access": "yes", "amenity": "parking", "building": "yes", "capacity": "250", "fee": "yes", "name": "330 South Tryon Parking Garage", "operator": "Preferred Parking", "parking": "multi-storey", "surface": "concrete" }, "amenity": "parking", "shop": null, "leisure": null, "tourism": null, "office": null, "public_transport": null, "healthcare": null, "craft": null, "stations_in_radius": [ "3rd St/Convention" ], "stations_in_radius_dist_m": [ 419.27 ], "poi_cluster": "env", "index_right": 138, "centroid_id": 93, "dist_m": 46.743414828394144 }, "geometry": { "type": "Point", "coordinates": [ -80.8469423, 35.225645700000015 ] } },
{ "type": "Feature", "properties": { "osm_id": 1047699853, "name": "400 South Tryon Parking Garage", "lat": 35.2253497, "lon": -80.8474483, "tags": { "access": "yes", "amenity": "parking", "building": "yes", "capacity": "495", "fee": "yes", "name": "400 South Tryon Parking Garage", "operator": "Preffered Parking", "parking": "multi-storey", "surface": "concrete" }, "amenity": "parking", "shop": null, "leisure": null, "tourism": null, "office": null, "public_transport": null, "healthcare": null, "craft": null, "stations_in_radius": [ ], "stations_in_radius_dist_m": [ ], "poi_cluster": "env", "index_right": 40, "centroid_id": 86, "dist_m": 55.868187747092783 }, "geometry": { "type": "Point", "coordinates": [ -80.8474483, 35.2253497 ] } },
{ "type": "Feature", "properties": { "osm_id": 1090622203, "name": null, "lat": 35.2221518, "lon": -80.8422876, "tags": { "amenity": "parking" }, "amenity": "parking", "shop": null, "leisure": null, "tourism": null, "office": null, "public_transport": null, "healthcare": null, "craft": null, "stations_in_radius": "['3rd St/Convention' 'CTC/Arena' 'Brooklyn Village']", "stations_in_radius_dist_m": "[176.33 326.26 431.74]", "poi_cluster": "env", "index_right": 0, "centroid_id": 111, "dist_m": 84.338219388236709 }, "geometry": { "type": "Point", "coordinates": [ -80.8422876, 35.2221518 ] } },
{ "type": "Feature", "properties": { "osm_id": 1102373278, "name": null, "lat": 35.2201999, "lon": -80.8450962, "tags": { "amenity": "bench", "backrest": "no", "material": "wood" }, "amenity": "bench", "shop": null, "leisure": null, "tourism": null, "office": null, "public_transport": null, "healthcare": null, "craft": null, "stations_in_radius": "['Brooklyn Village' '3rd St/Convention']", "stations_in_radius_dist_m": "[213.48 421.14]", "poi_cluster": "env", "index_right": 108, "centroid_id": 100, "dist_m": 57.872315195661677 }, "geometry": { "type": "Point", "coordinates": [ -80.8450962, 35.2201999 ] } },
{ "type": "Feature", "properties": { "osm_id": 1102373279, "name": null, "lat": 35.2203673, "lon": -80.8452689, "tags": { "amenity": "bench", "backrest": "no", "material": "wood" }, "amenity": "bench", "shop": null, "leisure": null, "tourism": null, "office": null, "public_transport": null, "healthcare": null, "craft": null, "stations_in_radius": "['Brooklyn Village' '3rd St/Convention']", "stations_in_radius_dist_m": "[189.72 411.99]", "poi_cluster": "env", "index_right": 109, "centroid_id": 95, "dist_m": 65.683873639526226 }, "geometry": { "type": "Point", "coordinates": [ -80.8452689, 35.2203673 ] } },
{ "type": "Feature", "properties": { "osm_id": 1102373280, "name": null, "lat": 35.2204156, "lon": -80.8453218, "tags": { "amenity": "bench", "backrest": "no", "material": "wood" }, "amenity": "bench", "shop": null, "leisure": null, "tourism": null, "office": null, "public_transport": null, "healthcare": null, "craft": null, "stations_in_radius": "['Brooklyn Village' '3rd St/Convention']", "stations_in_radius_dist_m": "[182.66 409.72]", "poi_cluster": "env", "index_right": 109, "centroid_id": 95, "dist_m": 58.700488771534324 }, "geometry": { "type": "Point", "coordinates": [ -80.8453218, 35.2204156 ] } },
{ "type": "Feature", "properties": { "osm_id": 1327104767, "name": null, "lat": 35.2237994, "lon": -80.8466892, "tags": { "amenity": "parking", "layer": "-1", "parking": "underground" }, "amenity": "parking", "shop": null, "leisure": null, "tourism": null, "office": null, "public_transport": null, "healthcare": null, "craft": null, "stations_in_radius": "['Brooklyn Village' '3rd St/Convention']", "stations_in_radius_dist_m": "[268.18 330.93]", "poi_cluster": "env", "index_right": 99, "centroid_id": 91, "dist_m": 76.43847167276175 }, "geometry": { "type": "Point", "coordinates": [ -80.8466892, 35.2237994 ] } },
{ "type": "Feature", "properties": { "osm_id": 1350996122, "name": null, "lat": 35.2204167, "lon": -80.8461525, "tags": { "amenity": "parking", "building": "yes", "height": "29", "parking": "multi-storey" }, "amenity": "parking", "shop": null, "leisure": null, "tourism": null, "office": null, "public_transport": null, "healthcare": null, "craft": null, "stations_in_radius": "['Brooklyn Village' '3rd St/Convention']", "stations_in_radius_dist_m": "[129.57 452.35]", "poi_cluster": "env", "index_right": 109, "centroid_id": 95, "dist_m": 71.585394345930922 }, "geometry": { "type": "Point", "coordinates": [ -80.8461525, 35.220416699999987 ] } },
{ "type": "Feature", "properties": { "osm_id": 1351490868, "name": null, "lat": 35.2212232, "lon": -80.8479106, "tags": { "amenity": "parking", "building": "yes", "height": "5", "parking": "multi-storey" }, "amenity": "parking", "shop": null, "leisure": null, "tourism": null, "office": null, "public_transport": null, "healthcare": null, "craft": null, "stations_in_radius": [ "Brooklyn Village" ], "stations_in_radius_dist_m": [ 90.25 ], "poi_cluster": "env", "index_right": 152, "centroid_id": 78, "dist_m": 116.69461943491065 }, "geometry": { "type": "Point", "coordinates": [ -80.8479106, 35.2212232 ] } },
{ "type": "Feature", "properties": { "osm_id": 1372094547, "name": null, "lat": 35.2239895, "lon": -80.8495663, "tags": { "amenity": "parking", "building": "yes", "height": "29", "parking": "multi-storey" }, "amenity": "parking", "shop": null, "leisure": null, "tourism": null, "office": null, "public_transport": null, "healthcare": null, "craft": null, "stations_in_radius": [ ], "stations_in_radius_dist_m": [ ], "poi_cluster": "env", "index_right": 114, "centroid_id": 76, "dist_m": 57.436127422191191 }, "geometry": { "type": "Point", "coordinates": [ -80.8495663, 35.223989499999988 ] } },
{ "type": "Feature", "properties": { "osm_id": 1407466862, "name": null, "lat": 35.2186946, "lon": -80.8417007, "tags": { "amenity": "parking" }, "amenity": "parking", "shop": null, "leisure": null, "tourism": null, "office": null, "public_transport": null, "healthcare": null, "craft": null, "stations_in_radius": [ ], "stations_in_radius_dist_m": [ ], "poi_cluster": "env", "index_right": 149, "centroid_id": 109, "dist_m": 99.70633521117098 }, "geometry": { "type": "Point", "coordinates": [ -80.841700700000018, 35.2186946 ] } },
{ "type": "Feature", "properties": { "osm_id": 1409110310, "name": null, "lat": 35.2233644, "lon": -80.8503158, "tags": { "amenity": "parking", "building": "yes", "height": "25", "parking": "multi-storey" }, "amenity": "parking", "shop": null, "leisure": null, "tourism": null, "office": null, "public_transport": null, "healthcare": null, "craft": null, "stations_in_radius": [ ], "stations_in_radius_dist_m": [ ], "poi_cluster": "env", "index_right": 170, "centroid_id": 75, "dist_m": 126.24908672940732 }, "geometry": { "type": "Point", "coordinates": [ -80.8503158, 35.2233644 ] } },
{ "type": "Feature", "properties": { "osm_id": 1429557535, "name": null, "lat": 35.2214263, "lon": -80.8513386, "tags": { "amenity": "parking", "parking": "surface" }, "amenity": "parking", "shop": null, "leisure": null, "tourism": null, "office": null, "public_transport": null, "healthcare": null, "craft": null, "stations_in_radius": [ "Carson" ], "stations_in_radius_dist_m": [ 285.06 ], "poi_cluster": "env", "index_right": 72, "centroid_id": 65, "dist_m": 62.612495096878888 }, "geometry": { "type": "Point", "coordinates": [ -80.8513386, 35.2214263 ] } },
{ "type": "Feature", "properties": { "osm_id": 1429557536, "name": null, "lat": 35.2218384, "lon": -80.8516092, "tags": { "amenity": "parking" }, "amenity": "parking", "shop": null, "leisure": null, "tourism": null, "office": null, "public_transport": null, "healthcare": null, "craft": null, "stations_in_radius": [ "Carson" ], "stations_in_radius_dist_m": [ 334.58 ], "poi_cluster": "env", "index_right": 104, "centroid_id": 64, "dist_m": 54.462085534156778 }, "geometry": { "type": "Point", "coordinates": [ -80.8516092, 35.2218384 ] } },
{ "type": "Feature", "properties": { "osm_id": 1429557537, "name": null, "lat": 35.2216403, "lon": -80.8509974, "tags": { "amenity": "parking" }, "amenity": "parking", "shop": null, "leisure": null, "tourism": null, "office": null, "public_transport": null, "healthcare": null, "craft": null, "stations_in_radius": "['Carson' 'Brooklyn Village']", "stations_in_radius_dist_m": "[305.39 370.29]", "poi_cluster": "env", "index_right": 92, "centroid_id": 69, "dist_m": 67.274992266232445 }, "geometry": { "type": "Point", "coordinates": [ -80.8509974, 35.2216403 ] } },
{ "type": "Feature", "properties": { "osm_id": 1429557538, "name": null, "lat": 35.2210932, "lon": -80.8505305, "tags": { "amenity": "parking" }, "amenity": "parking", "shop": null, "leisure": null, "tourism": null, "office": null, "public_transport": null, "healthcare": null, "craft": null, "stations_in_radius": "['Carson' 'Brooklyn Village']", "stations_in_radius_dist_m": "[245.85 328.41]", "poi_cluster": "env", "index_right": 73, "centroid_id": 70, "dist_m": 52.356210387738656 }, "geometry": { "type": "Point", "coordinates": [ -80.8505305, 35.2210932 ] } },
{ "type": "Feature", "properties": { "osm_id": 6054693, "name": null, "lat": 35.2237503, "lon": -80.8420914, "tags": { "amenity": "parking", "fee": "yes", "parking": "surface", "surface": "asphalt", "type": "multipolygon" }, "amenity": "parking", "shop": null, "leisure": null, "tourism": null, "office": null, "public_transport": null, "healthcare": null, "craft": null, "stations_in_radius": "['3rd St/Convention' 'CTC/Arena']", "stations_in_radius_dist_m": "[ 89.51 152.58]", "poi_cluster": "env", "index_right": 53, "centroid_id": 117, "dist_m": 80.212967496845891 }, "geometry": { "type": "Point", "coordinates": [ -80.8420914, 35.2237503 ] } },
{ "type": "Feature", "properties": { "osm_id": 11060774233, "name": null, "lat": 35.218976, "lon": -80.8505228, "tags": { "access": "yes", "amenity": "bicycle_parking", "bicycle_parking": "staple", "capacity": "8", "covered": "no" }, "amenity": "bicycle_parking", "shop": null, "leisure": null, "tourism": null, "office": null, "public_transport": null, "healthcare": null, "craft": null, "stations_in_radius": [ "Carson" ], "stations_in_radius_dist_m": [ 29.54 ], "poi_cluster": "env", "index_right": 57, "centroid_id": 67, "dist_m": 138.99904591813004 }, "geometry": { "type": "Point", "coordinates": [ -80.8505228, 35.218976 ] } },
{ "type": "Feature", "properties": { "osm_id": 11100905305, "name": null, "lat": 35.2206943, "lon": -80.8516255, "tags": { "amenity": "bicycle_parking", "bicycle_parking": "stands", "capacity": "2", "covered": "no" }, "amenity": "bicycle_parking", "shop": null, "leisure": null, "tourism": null, "office": null, "public_transport": null, "healthcare": null, "craft": null, "stations_in_radius": [ "Carson" ], "stations_in_radius_dist_m": [ 212.79 ], "poi_cluster": "env", "index_right": 72, "centroid_id": 65, "dist_m": 52.025992158456198 }, "geometry": { "type": "Point", "coordinates": [ -80.8516255, 35.2206943 ] } },
{ "type": "Feature", "properties": { "osm_id": 11100906305, "name": null, "lat": 35.2208063, "lon": -80.8515063, "tags": { "amenity": "bicycle_parking", "bicycle_parking": "stands", "capacity": "2", "covered": "no" }, "amenity": "bicycle_parking", "shop": null, "leisure": null, "tourism": null, "office": null, "public_transport": null, "healthcare": null, "craft": null, "stations_in_radius": "['Carson' 'Brooklyn Village']", "stations_in_radius_dist_m": "[221.25 420.57]", "poi_cluster": "env", "index_right": 72, "centroid_id": 65, "dist_m": 37.505807222279579 }, "geometry": { "type": "Point", "coordinates": [ -80.8515063, 35.2208063 ] } },
{ "type": "Feature", "properties": { "osm_id": 11145319205, "name": null, "lat": 35.2213248, "lon": -80.8518305, "tags": { "amenity": "bicycle_parking", "bicycle_parking": "stands", "capacity": "2", "covered": "no" }, "amenity": "bicycle_parking", "shop": null, "leisure": null, "tourism": null, "office": null, "public_transport": null, "healthcare": null, "craft": null, "stations_in_radius": [ "Carson" ], "stations_in_radius_dist_m": [ 284.96 ], "poi_cluster": "env", "index_right": 104, "centroid_id": 64, "dist_m": 62.53858707672174 }, "geometry": { "type": "Point", "coordinates": [ -80.8518305, 35.2213248 ] } },
{ "type": "Feature", "properties": { "osm_id": 11145319305, "name": null, "lat": 35.2210799, "lon": -80.8515718, "tags": { "amenity": "bicycle_parking", "bicycle_parking": "stands", "capacity": "2", "covered": "no" }, "amenity": "bicycle_parking", "shop": null, "leisure": null, "tourism": null, "office": null, "public_transport": null, "healthcare": null, "craft": null, "stations_in_radius": "['Carson' 'Brooklyn Village']", "stations_in_radius_dist_m": "[252.07 422.92]", "poi_cluster": "env", "index_right": 72, "centroid_id": 65, "dist_m": 46.931741745445784 }, "geometry": { "type": "Point", "coordinates": [ -80.8515718, 35.2210799 ] } },
{ "type": "Feature", "properties": { "osm_id": 11200578437, "name": null, "lat": 35.2218087, "lon": -80.8523478, "tags": { "access": "yes", "amenity": "bicycle_parking", "bicycle_parking": "stands", "capacity": "2", "covered": "no", "foot_traffic": "low" }, "amenity": "bicycle_parking", "shop": null, "leisure": null, "tourism": null, "office": null, "public_transport": null, "healthcare": null, "craft": null, "stations_in_radius": [ "Carson" ], "stations_in_radius_dist_m": [ 351.93 ], "poi_cluster": "env", "index_right": 104, "centroid_id": 64, "dist_m": 13.006337588707435 }, "geometry": { "type": "Point", "coordinates": [ -80.8523478, 35.2218087 ] } },
{ "type": "Feature", "properties": { "osm_id": 11236801038, "name": null, "lat": 35.2170872, "lon": -80.8482018, "tags": { "access": "yes", "amenity": "bicycle_parking", "bicycle_parking": "stands", "capacity": "28", "covered": "yes", "foot_traffic": "low" }, "amenity": "bicycle_parking", "shop": null, "leisure": null, "tourism": null, "office": null, "public_transport": null, "healthcare": null, "craft": null, "stations_in_radius": [ "Carson" ], "stations_in_radius_dist_m": [ 311.74 ], "poi_cluster": "env", "index_right": 126, "centroid_id": 83, "dist_m": 47.828278506297607 }, "geometry": { "type": "Point", "coordinates": [ -80.8482018, 35.2170872 ] } },
{ "type": "Feature", "properties": { "osm_id": 11272499569, "name": null, "lat": 35.2162705, "lon": -80.8491747, "tags": { "access": "yes", "amenity": "bicycle_parking", "bicycle_parking": "stands", "capacity": "2", "covered": "yes", "foot_traffic": "low" }, "amenity": "bicycle_parking", "shop": null, "leisure": null, "tourism": null, "office": null, "public_transport": null, "healthcare": null, "craft": null, "stations_in_radius": [ "Carson" ], "stations_in_radius_dist_m": [ 327.24 ], "poi_cluster": "env", "index_right": 146, "centroid_id": 77, "dist_m": 37.553006934990535 }, "geometry": { "type": "Point", "coordinates": [ -80.8491747, 35.2162705 ] } },
{ "type": "Feature", "properties": { "osm_id": 11272500269, "name": null, "lat": 35.2163097, "lon": -80.8491535, "tags": { "access": "yes", "amenity": "bicycle_parking", "bicycle_parking": "stands", "capacity": "2", "covered": "no", "foot_traffic": "low", "indoor": "no" }, "amenity": "bicycle_parking", "shop": null, "leisure": null, "tourism": null, "office": null, "public_transport": null, "healthcare": null, "craft": null, "stations_in_radius": [ "Carson" ], "stations_in_radius_dist_m": [ 324.29 ], "poi_cluster": "env", "index_right": 146, "centroid_id": 77, "dist_m": 33.364949340155007 }, "geometry": { "type": "Point", "coordinates": [ -80.8491535, 35.2163097 ] } },
{ "type": "Feature", "properties": { "osm_id": 11275937169, "name": null, "lat": 35.2199582, "lon": -80.850662, "tags": { "access": "yes", "amenity": "bicycle_parking", "bicycle_parking": "stands", "capacity": "8", "covered": "no", "foot_traffic": "low", "indoor": "no" }, "amenity": "bicycle_parking", "shop": null, "leisure": null, "tourism": null, "office": null, "public_transport": null, "healthcare": null, "craft": null, "stations_in_radius": [ "Carson" ], "stations_in_radius_dist_m": [ 119.45 ], "poi_cluster": "env", "index_right": 162, "centroid_id": 68, "dist_m": 44.695674967967136 }, "geometry": { "type": "Point", "coordinates": [ -80.850662, 35.2199582 ] } },
{ "type": "Feature", "properties": { "osm_id": 11769203232, "name": null, "lat": 35.2186356, "lon": -80.851294, "tags": { "access": "yes", "amenity": "drinking_water", "bottle": "no", "fee": "no", "wheelchair": "yes" }, "amenity": "drinking_water", "shop": null, "leisure": null, "tourism": null, "office": null, "public_transport": null, "healthcare": null, "craft": null, "stations_in_radius": [ "Carson" ], "stations_in_radius_dist_m": [ 50.79 ], "poi_cluster": "env", "index_right": 93, "centroid_id": 63, "dist_m": 87.292175093403714 }, "geometry": { "type": "Point", "coordinates": [ -80.851294, 35.2186356 ] } },
{ "type": "Feature", "properties": { "osm_id": 11771296345, "name": null, "lat": 35.2186356, "lon": -80.8512939, "tags": { "access": "yes", "amenity": "drinking_water", "bottle": "no", "fee": "no", "wheelchair": "yes" }, "amenity": "drinking_water", "shop": null, "leisure": null, "tourism": null, "office": null, "public_transport": null, "healthcare": null, "craft": null, "stations_in_radius": [ "Carson" ], "stations_in_radius_dist_m": [ 50.78 ], "poi_cluster": "env", "index_right": 93, "centroid_id": 63, "dist_m": 87.300874622679515 }, "geometry": { "type": "Point", "coordinates": [ -80.8512939, 35.2186356 ] } },
{ "type": "Feature", "properties": { "osm_id": 12467232220, "name": null, "lat": 35.2198886, "lon": -80.8494981, "tags": { "amenity": "waste_basket" }, "amenity": "waste_basket", "shop": null, "leisure": null, "tourism": null, "office": null, "public_transport": null, "healthcare": null, "craft": null, "stations_in_radius": [ ], "stations_in_radius_dist_m": [ ], "poi_cluster": "env", "index_right": 162, "centroid_id": 68, "dist_m": 80.379889801158697 }, "geometry": { "type": "Point", "coordinates": [ -80.8494981, 35.2198886 ] } },
{ "type": "Feature", "properties": { "osm_id": 12512829001, "name": null, "lat": 35.2175625, "lon": -80.8483151, "tags": { "access": "yes", "amenity": "bicycle_parking", "bicycle_parking": "stands", "capacity": "8", "covered": "no", "indoor": "no" }, "amenity": "bicycle_parking", "shop": null, "leisure": null, "tourism": null, "office": null, "public_transport": null, "healthcare": null, "craft": null, "stations_in_radius": [ "Carson" ], "stations_in_radius_dist_m": [ 272.14 ], "poi_cluster": "env", "index_right": 126, "centroid_id": 83, "dist_m": 21.072659176085516 }, "geometry": { "type": "Point", "coordinates": [ -80.8483151, 35.2175625 ] } },
{ "type": "Feature", "properties": { "osm_id": 12517357313, "name": null, "lat": 35.2178995, "lon": -80.8489263, "tags": { "amenity": "bicycle_parking", "bicycle_parking": "stands" }, "amenity": "bicycle_parking", "shop": null, "leisure": null, "tourism": null, "office": null, "public_transport": null, "healthcare": null, "craft": null, "stations_in_radius": [ "Carson" ], "stations_in_radius_dist_m": [ 205.14 ], "poi_cluster": "env", "index_right": 98, "centroid_id": 79, "dist_m": 81.826234228167209 }, "geometry": { "type": "Point", "coordinates": [ -80.8489263, 35.2178995 ] } },
{ "type": "Feature", "properties": { "osm_id": 12517357350, "name": null, "lat": 35.2171009, "lon": -80.8489777, "tags": { "amenity": "waste_basket" }, "amenity": "waste_basket", "shop": null, "leisure": null, "tourism": null, "office": null, "public_transport": null, "healthcare": null, "craft": null, "stations_in_radius": [ "Carson" ], "stations_in_radius_dist_m": [ 260.36 ], "poi_cluster": "env", "index_right": 146, "centroid_id": 77, "dist_m": 57.998241497589895 }, "geometry": { "type": "Point", "coordinates": [ -80.8489777, 35.2171009 ] } },
{ "type": "Feature", "properties": { "osm_id": 12517357351, "name": null, "lat": 35.2171921, "lon": -80.8490454, "tags": { "amenity": "waste_basket" }, "amenity": "waste_basket", "shop": null, "leisure": null, "tourism": null, "office": null, "public_transport": null, "healthcare": null, "craft": null, "stations_in_radius": [ "Carson" ], "stations_in_radius_dist_m": [ 248.67 ], "poi_cluster": "env", "index_right": 146, "centroid_id": 77, "dist_m": 66.077340970165139 }, "geometry": { "type": "Point", "coordinates": [ -80.8490454, 35.2171921 ] } },
{ "type": "Feature", "properties": { "osm_id": 12517357352, "name": null, "lat": 35.2172775, "lon": -80.8494842, "tags": { "amenity": "bench" }, "amenity": "bench", "shop": null, "leisure": null, "tourism": null, "office": null, "public_transport": null, "healthcare": null, "craft": null, "stations_in_radius": [ "Carson" ], "stations_in_radius_dist_m": [ 216.75 ], "poi_cluster": "env", "index_right": 146, "centroid_id": 77, "dist_m": 78.744897544444285 }, "geometry": { "type": "Point", "coordinates": [ -80.8494842, 35.2172775 ] } },
{ "type": "Feature", "properties": { "osm_id": 12517357353, "name": null, "lat": 35.21736, "lon": -80.8495652, "tags": { "amenity": "bench" }, "amenity": "bench", "shop": null, "leisure": null, "tourism": null, "office": null, "public_transport": null, "healthcare": null, "craft": null, "stations_in_radius": [ "Carson" ], "stations_in_radius_dist_m": [ 205.04 ], "poi_cluster": "env", "index_right": 57, "centroid_id": 67, "dist_m": 78.116741067254111 }, "geometry": { "type": "Point", "coordinates": [ -80.8495652, 35.21736 ] } },
{ "type": "Feature", "properties": { "osm_id": 12517357354, "name": null, "lat": 35.2174462, "lon": -80.8496478, "tags": { "amenity": "bench" }, "amenity": "bench", "shop": null, "leisure": null, "tourism": null, "office": null, "public_transport": null, "healthcare": null, "craft": null, "stations_in_radius": [ "Carson" ], "stations_in_radius_dist_m": [ 192.91 ], "poi_cluster": "env", "index_right": 57, "centroid_id": 67, "dist_m": 66.771046025784443 }, "geometry": { "type": "Point", "coordinates": [ -80.8496478, 35.217446199999983 ] } },
{ "type": "Feature", "properties": { "osm_id": 12517357359, "name": null, "lat": 35.2177501, "lon": -80.8492765, "tags": { "amenity": "waste_basket" }, "amenity": "waste_basket", "shop": null, "leisure": null, "tourism": null, "office": null, "public_transport": null, "healthcare": null, "craft": null, "stations_in_radius": [ "Carson" ], "stations_in_radius_dist_m": [ 189.66 ], "poi_cluster": "env", "index_right": 57, "centroid_id": 67, "dist_m": 92.252355496938705 }, "geometry": { "type": "Point", "coordinates": [ -80.8492765, 35.217750100000011 ] } },
{ "type": "Feature", "properties": { "osm_id": 12517357367, "name": null, "lat": 35.2180083, "lon": -80.8488807, "tags": { "amenity": "bench" }, "amenity": "bench", "shop": null, "leisure": null, "tourism": null, "office": null, "public_transport": null, "healthcare": null, "craft": null, "stations_in_radius": [ "Carson" ], "stations_in_radius_dist_m": [ 202.57 ], "poi_cluster": "env", "index_right": 98, "centroid_id": 79, "dist_m": 69.823008964617912 }, "geometry": { "type": "Point", "coordinates": [ -80.8488807, 35.2180083 ] } },
{ "type": "Feature", "properties": { "osm_id": 12517357368, "name": null, "lat": 35.2179552, "lon": -80.8488706, "tags": { "amenity": "bench" }, "amenity": "bench", "shop": null, "leisure": null, "tourism": null, "office": null, "public_transport": null, "healthcare": null, "craft": null, "stations_in_radius": [ "Carson" ], "stations_in_radius_dist_m": [ 206.27 ], "poi_cluster": "env", "index_right": 98, "centroid_id": 79, "dist_m": 75.749769566851683 }, "geometry": { "type": "Point", "coordinates": [ -80.8488706, 35.217955199999984 ] } },
{ "type": "Feature", "properties": { "osm_id": 12517357369, "name": null, "lat": 35.2179982, "lon": -80.8487811, "tags": { "amenity": "bench" }, "amenity": "bench", "shop": null, "leisure": null, "tourism": null, "office": null, "public_transport": null, "healthcare": null, "craft": null, "stations_in_radius": [ "Carson" ], "stations_in_radius_dist_m": [ 211.07 ], "poi_cluster": "env", "index_right": 98, "centroid_id": 79, "dist_m": 71.911978339985211 }, "geometry": { "type": "Point", "coordinates": [ -80.8487811, 35.2179982 ] } },
{ "type": "Feature", "properties": { "osm_id": 12517357370, "name": null, "lat": 35.2179352, "lon": -80.8488166, "tags": { "amenity": "bench" }, "amenity": "bench", "shop": null, "leisure": null, "tourism": null, "office": null, "public_transport": null, "healthcare": null, "craft": null, "stations_in_radius": [ "Carson" ], "stations_in_radius_dist_m": [ 211.63 ], "poi_cluster": "env", "index_right": 98, "centroid_id": 79, "dist_m": 78.372592626267419 }, "geometry": { "type": "Point", "coordinates": [ -80.8488166, 35.2179352 ] } },
{ "type": "Feature", "properties": { "osm_id": 12947804651, "name": null, "lat": 35.2176639, "lon": -80.8501073, "tags": { "amenity": "drinking_water" }, "amenity": "drinking_water", "shop": null, "leisure": null, "tourism": null, "office": null, "public_transport": null, "healthcare": null, "craft": null, "stations_in_radius": [ "Carson" ], "stations_in_radius_dist_m": [ 151.05 ], "poi_cluster": "env", "index_right": 57, "centroid_id": 67, "dist_m": 18.514688772955999 }, "geometry": { "type": "Point", "coordinates": [ -80.8501073, 35.2176639 ] } },
{ "type": "Feature", "properties": { "osm_id": 13191323675, "name": null, "lat": 35.2167818, "lon": -80.8492847, "tags": { "amenity": "bench" }, "amenity": "bench", "shop": null, "leisure": null, "tourism": null, "office": null, "public_transport": null, "healthcare": null, "craft": null, "stations_in_radius": [ "Carson" ], "stations_in_radius_dist_m": [ 272.84 ], "poi_cluster": "env", "index_right": 146, "centroid_id": 77, "dist_m": 20.912861202541258 }, "geometry": { "type": "Point", "coordinates": [ -80.8492847, 35.2167818 ] } },
{ "type": "Feature", "properties": { "osm_id": 13191323676, "name": null, "lat": 35.216775, "lon": -80.8492525, "tags": { "amenity": "bench" }, "amenity": "bench", "shop": null, "leisure": null, "tourism": null, "office": null, "public_transport": null, "healthcare": null, "craft": null, "stations_in_radius": [ "Carson" ], "stations_in_radius_dist_m": [ 275. ], "poi_cluster": "env", "index_right": 146, "centroid_id": 77, "dist_m": 19.204882605405817 }, "geometry": { "type": "Point", "coordinates": [ -80.8492525, 35.216775 ] } },
{ "type": "Feature", "properties": { "osm_id": 13394129801, "name": null, "lat": 35.2194663, "lon": -80.8517898, "tags": { "access": "yes", "amenity": "bicycle_parking", "bicycle_parking": "stands", "capacity": "10", "covered": "yes", "indoor": "no" }, "amenity": "bicycle_parking", "shop": null, "leisure": null, "tourism": null, "office": null, "public_transport": null, "healthcare": null, "craft": null, "stations_in_radius": [ "Carson" ], "stations_in_radius_dist_m": [ 108.23 ], "poi_cluster": "env", "index_right": 71, "centroid_id": 61, "dist_m": 63.784240650717521 }, "geometry": { "type": "Point", "coordinates": [ -80.8517898, 35.2194663 ] } },
{ "type": "Feature", "properties": { "osm_id": 13394135401, "name": null, "lat": 35.2199527, "lon": -80.8520687, "tags": { "access": "yes", "amenity": "bicycle_parking", "bicycle_parking": "stands", "capacity": "2", "covered": "no", "indoor": "no" }, "amenity": "bicycle_parking", "shop": null, "leisure": null, "tourism": null, "office": null, "public_transport": null, "healthcare": null, "craft": null, "stations_in_radius": [ "Carson" ], "stations_in_radius_dist_m": [ 163.09 ], "poi_cluster": "env", "index_right": 71, "centroid_id": 61, "dist_m": 59.087809220182649 }, "geometry": { "type": "Point", "coordinates": [ -80.8520687, 35.2199527 ] } },
{ "type": "Feature", "properties": { "osm_id": 438333596, "name": null, "lat": 35.2193258, "lon": -80.850838, "tags": { "amenity": "parking", "building": "parking", "parking": "multi-storey" }, "amenity": "parking", "shop": null, "leisure": null, "tourism": null, "office": null, "public_transport": null, "healthcare": null, "craft": null, "stations_in_radius": [ ], "stations_in_radius_dist_m": [ ], "poi_cluster": "env", "index_right": 162, "centroid_id": 68, "dist_m": 110.88741596387614 }, "geometry": { "type": "Point", "coordinates": [ -80.850838, 35.2193258 ] } },
{ "type": "Feature", "properties": { "osm_id": 755471166, "name": null, "lat": 35.2168911, "lon": -80.8499759, "tags": { "amenity": "parking" }, "amenity": "parking", "shop": null, "leisure": null, "tourism": null, "office": null, "public_transport": null, "healthcare": null, "craft": null, "stations_in_radius": [ "Carson" ], "stations_in_radius_dist_m": [ 234.91 ], "poi_cluster": "env", "index_right": 146, "centroid_id": 77, "dist_m": 77.80004515418095 }, "geometry": { "type": "Point", "coordinates": [ -80.8499759, 35.2168911 ] } },
{ "type": "Feature", "properties": { "osm_id": 757213337, "name": null, "lat": 35.2175587, "lon": -80.8493294, "tags": { "amenity": "parking" }, "amenity": "parking", "shop": null, "leisure": null, "tourism": null, "office": null, "public_transport": null, "healthcare": null, "craft": null, "stations_in_radius": [ "Carson" ], "stations_in_radius_dist_m": [ 201.12 ], "poi_cluster": "env", "index_right": 57, "centroid_id": 67, "dist_m": 89.64199983104794 }, "geometry": { "type": "Point", "coordinates": [ -80.8493294, 35.2175587 ] } },
{ "type": "Feature", "properties": { "osm_id": 834013541, "name": null, "lat": 35.2160607, "lon": -80.8495261, "tags": { "amenity": "parking", "building": "parking", "parking": "multi-storey" }, "amenity": "parking", "shop": null, "leisure": null, "tourism": null, "office": null, "public_transport": null, "healthcare": null, "craft": null, "stations_in_radius": [ ], "stations_in_radius_dist_m": [ ], "poi_cluster": "env", "index_right": 146, "centroid_id": 77, "dist_m": 67.908750496062922 }, "geometry": { "type": "Point", "coordinates": [ -80.8495261, 35.2160607 ] } },
{ "type": "Feature", "properties": { "osm_id": 836963293, "name": null, "lat": 35.2166479, "lon": -80.8481957, "tags": { "amenity": "parking", "building": "parking", "parking": "multi-storey" }, "amenity": "parking", "shop": null, "leisure": null, "tourism": null, "office": null, "public_transport": null, "healthcare": null, "craft": null, "stations_in_radius": [ ], "stations_in_radius_dist_m": [ ], "poi_cluster": "env", "index_right": 146, "centroid_id": 77, "dist_m": 90.899152499292356 }, "geometry": { "type": "Point", "coordinates": [ -80.8481957, 35.2166479 ] } },
{ "type": "Feature", "properties": { "osm_id": 1046738977, "name": "Ally Charlotte Center Parking Deck", "lat": 35.2223123, "lon": -80.8484562, "tags": { "access": "yes", "amenity": "parking", "building": "yes", "capacity:disabled": "1400", "fee": "yes", "layer": "1", "name": "Ally Charlotte Center Parking Deck", "parking": "multi-storey", "surface": "concrete" }, "amenity": "parking", "shop": null, "leisure": null, "tourism": null, "office": null, "public_transport": null, "healthcare": null, "craft": null, "stations_in_radius": [ ], "stations_in_radius_dist_m": [ ], "poi_cluster": "env", "index_right": 39, "centroid_id": 84, "dist_m": 85.65831126097757 }, "geometry": { "type": "Point", "coordinates": [ -80.8484562, 35.2223123 ] } },
{ "type": "Feature", "properties": { "osm_id": 1205382854, "name": null, "lat": 35.2172032, "lon": -80.8478852, "tags": { "amenity": "bicycle_parking", "bicycle_parking": "stands", "capacity": "4" }, "amenity": "bicycle_parking", "shop": null, "leisure": null, "tourism": null, "office": null, "public_transport": null, "healthcare": null, "craft": null, "stations_in_radius": [ "Carson" ], "stations_in_radius_dist_m": [ 326.83 ], "poi_cluster": "env", "index_right": 126, "centroid_id": 83, "dist_m": 38.835515212354686 }, "geometry": { "type": "Point", "coordinates": [ -80.8478852, 35.2172032 ] } },
{ "type": "Feature", "properties": { "osm_id": 1205383296, "name": null, "lat": 35.2172631, "lon": -80.8490735, "tags": { "amenity": "bicycle_parking", "bicycle_parking": "stands", "capacity": "20", "covered": "yes" }, "amenity": "bicycle_parking", "shop": null, "leisure": null, "tourism": null, "office": null, "public_transport": null, "healthcare": null, "craft": null, "stations_in_radius": [ "Carson" ], "stations_in_radius_dist_m": [ 241.05 ], "poi_cluster": "env", "index_right": 146, "centroid_id": 77, "dist_m": 73.380088610677845 }, "geometry": { "type": "Point", "coordinates": [ -80.8490735, 35.2172631 ] } },
{ "type": "Feature", "properties": { "osm_id": 1370235807, "name": null, "lat": 35.2186928, "lon": -80.8502438, "tags": { "access": "private", "amenity": "parking" }, "amenity": "parking", "shop": null, "leisure": null, "tourism": null, "office": null, "public_transport": null, "healthcare": null, "craft": null, "stations_in_radius": [ "Carson" ], "stations_in_radius_dist_m": [ 57.66 ], "poi_cluster": "env", "index_right": 57, "centroid_id": 67, "dist_m": 106.05186951987923 }, "geometry": { "type": "Point", "coordinates": [ -80.8502438, 35.2186928 ] } },
{ "type": "Feature", "properties": { "osm_id": 1370235808, "name": null, "lat": 35.218185, "lon": -80.8503946, "tags": { "access": "private", "amenity": "parking" }, "amenity": "parking", "shop": null, "leisure": null, "tourism": null, "office": null, "public_transport": null, "healthcare": null, "craft": null, "stations_in_radius": [ "Carson" ], "stations_in_radius_dist_m": [ 87.65 ], "poi_cluster": "env", "index_right": 57, "centroid_id": 67, "dist_m": 50.556803861852089 }, "geometry": { "type": "Point", "coordinates": [ -80.8503946, 35.218185 ] } },
{ "type": "Feature", "properties": { "osm_id": 1429557532, "name": null, "lat": 35.2192613, "lon": -80.8512285, "tags": { "amenity": "parking" }, "amenity": "parking", "shop": null, "leisure": null, "tourism": null, "office": null, "public_transport": null, "healthcare": null, "craft": null, "stations_in_radius": [ "Carson" ], "stations_in_radius_dist_m": [ 54.87 ], "poi_cluster": "env", "index_right": 93, "centroid_id": 63, "dist_m": 99.535470346859299 }, "geometry": { "type": "Point", "coordinates": [ -80.8512285, 35.2192613 ] } },
{ "type": "Feature", "properties": { "osm_id": 1429557533, "name": null, "lat": 35.2202028, "lon": -80.8528773, "tags": { "amenity": "parking" }, "amenity": "parking", "shop": null, "leisure": null, "tourism": null, "office": null, "public_transport": null, "healthcare": null, "craft": null, "stations_in_radius": [ ], "stations_in_radius_dist_m": [ ], "poi_cluster": "env", "index_right": 71, "centroid_id": 61, "dist_m": 81.40499020518574 }, "geometry": { "type": "Point", "coordinates": [ -80.8528773, 35.2202028 ] } },
{ "type": "Feature", "properties": { "osm_id": 1429557534, "name": null, "lat": 35.220581, "lon": -80.852614, "tags": { "amenity": "parking", "fee": "yes" }, "amenity": "parking", "shop": null, "leisure": null, "tourism": null, "office": null, "public_transport": null, "healthcare": null, "craft": null, "stations_in_radius": [ ], "stations_in_radius_dist_m": [ ], "poi_cluster": "env", "index_right": 71, "centroid_id": 61, "dist_m": 115.67507106384825 }, "geometry": { "type": "Point", "coordinates": [ -80.852614, 35.220581 ] } },
{ "type": "Feature", "properties": { "osm_id": 1429557535, "name": null, "lat": 35.2214263, "lon": -80.8513386, "tags": { "amenity": "parking", "parking": "surface" }, "amenity": "parking", "shop": null, "leisure": null, "tourism": null, "office": null, "public_transport": null, "healthcare": null, "craft": null, "stations_in_radius": [ "Carson" ], "stations_in_radius_dist_m": [ 285.06 ], "poi_cluster": "env", "index_right": 72, "centroid_id": 65, "dist_m": 62.612495096878888 }, "geometry": { "type": "Point", "coordinates": [ -80.8513386, 35.2214263 ] } },
{ "type": "Feature", "properties": { "osm_id": 1429557536, "name": null, "lat": 35.2218384, "lon": -80.8516092, "tags": { "amenity": "parking" }, "amenity": "parking", "shop": null, "leisure": null, "tourism": null, "office": null, "public_transport": null, "healthcare": null, "craft": null, "stations_in_radius": [ "Carson" ], "stations_in_radius_dist_m": [ 334.58 ], "poi_cluster": "env", "index_right": 104, "centroid_id": 64, "dist_m": 54.462085534156778 }, "geometry": { "type": "Point", "coordinates": [ -80.8516092, 35.2218384 ] } },
{ "type": "Feature", "properties": { "osm_id": 1429557537, "name": null, "lat": 35.2216403, "lon": -80.8509974, "tags": { "amenity": "parking" }, "amenity": "parking", "shop": null, "leisure": null, "tourism": null, "office": null, "public_transport": null, "healthcare": null, "craft": null, "stations_in_radius": "['Carson' 'Brooklyn Village']", "stations_in_radius_dist_m": "[305.39 370.29]", "poi_cluster": "env", "index_right": 92, "centroid_id": 69, "dist_m": 67.274992266232445 }, "geometry": { "type": "Point", "coordinates": [ -80.8509974, 35.2216403 ] } },
{ "type": "Feature", "properties": { "osm_id": 1429557538, "name": null, "lat": 35.2210932, "lon": -80.8505305, "tags": { "amenity": "parking" }, "amenity": "parking", "shop": null, "leisure": null, "tourism": null, "office": null, "public_transport": null, "healthcare": null, "craft": null, "stations_in_radius": "['Carson' 'Brooklyn Village']", "stations_in_radius_dist_m": "[245.85 328.41]", "poi_cluster": "env", "index_right": 73, "centroid_id": 70, "dist_m": 52.356210387738656 }, "geometry": { "type": "Point", "coordinates": [ -80.8505305, 35.2210932 ] } },
{ "type": "Feature", "properties": { "osm_id": 1435175149, "name": null, "lat": 35.2165001, "lon": -80.8486594, "tags": { "amenity": "parking" }, "amenity": "parking", "shop": null, "leisure": null, "tourism": null, "office": null, "public_transport": null, "healthcare": null, "craft": null, "stations_in_radius": [ "Carson" ], "stations_in_radius_dist_m": [ 330.56 ], "poi_cluster": "env", "index_right": 146, "centroid_id": 77, "dist_m": 50.066122257462055 }, "geometry": { "type": "Point", "coordinates": [ -80.8486594, 35.2165001 ] } },
{ "type": "Feature", "properties": { "osm_id": 1435175150, "name": null, "lat": 35.2161272, "lon": -80.8482037, "tags": { "amenity": "parking" }, "amenity": "parking", "shop": null, "leisure": null, "tourism": null, "office": null, "public_transport": null, "healthcare": null, "craft": null, "stations_in_radius": [ ], "stations_in_radius_dist_m": [ ], "poi_cluster": "env", "index_right": 146, "centroid_id": 77, "dist_m": 104.71138184719608 }, "geometry": { "type": "Point", "coordinates": [ -80.8482037, 35.2161272 ] } },
{ "type": "Feature", "properties": { "osm_id": 1435175152, "name": null, "lat": 35.2160382, "lon": -80.8477649, "tags": { "amenity": "parking" }, "amenity": "parking", "shop": null, "leisure": null, "tourism": null, "office": null, "public_transport": null, "healthcare": null, "craft": null, "stations_in_radius": [ "Carson" ], "stations_in_radius_dist_m": [ 421.71 ], "poi_cluster": "env", "index_right": 141, "centroid_id": 89, "dist_m": 95.646082904977973 }, "geometry": { "type": "Point", "coordinates": [ -80.8477649, 35.2160382 ] } },
{ "type": "Feature", "properties": { "osm_id": 1446411974, "name": null, "lat": 35.2197354, "lon": -80.8516809, "tags": { "amenity": "parking", "building": "yes", "parking": "multi-storey" }, "amenity": "parking", "shop": null, "leisure": null, "tourism": null, "office": null, "public_transport": null, "healthcare": null, "craft": null, "stations_in_radius": [ ], "stations_in_radius_dist_m": [ ], "poi_cluster": "env", "index_right": 71, "centroid_id": 61, "dist_m": 76.156938463464158 }, "geometry": { "type": "Point", "coordinates": [ -80.8516809, 35.2197354 ] } },
{ "type": "Feature", "properties": { "osm_id": 5550746603, "name": null, "lat": 35.2141751, "lon": -80.8592567, "tags": { "amenity": "waste_basket", "waste": "dog_excrement" }, "amenity": "waste_basket", "shop": null, "leisure": null, "tourism": null, "office": null, "public_transport": null, "healthcare": null, "craft": null, "stations_in_radius": "['East/West' 'Bland']", "stations_in_radius_dist_m": "[248.  405.8]", "poi_cluster": "env", "index_right": 180, "centroid_id": 22, "dist_m": 23.270383669606353 }, "geometry": { "type": "Point", "coordinates": [ -80.8592567, 35.2141751 ] } },
{ "type": "Feature", "properties": { "osm_id": 5550760328, "name": null, "lat": 35.2125082, "lon": -80.8589911, "tags": { "amenity": "waste_basket" }, "amenity": "waste_basket", "shop": null, "leisure": null, "tourism": null, "office": null, "public_transport": null, "healthcare": null, "craft": null, "stations_in_radius": "['East/West' 'Bland']", "stations_in_radius_dist_m": "[ 65.08 499.79]", "poi_cluster": "env", "index_right": 64, "centroid_id": 25, "dist_m": 17.1624023720086 }, "geometry": { "type": "Point", "coordinates": [ -80.8589911, 35.2125082 ] } },
{ "type": "Feature", "properties": { "osm_id": 5573606999, "name": null, "lat": 35.2132226, "lon": -80.8584711, "tags": { "amenity": "bicycle_parking", "bicycle_parking": "stands", "capacity": "6", "covered": "no" }, "amenity": "bicycle_parking", "shop": null, "leisure": null, "tourism": null, "office": null, "public_transport": null, "healthcare": null, "craft": null, "stations_in_radius": "['East/West' 'Bland']", "stations_in_radius_dist_m": "[155.82 409.84]", "poi_cluster": "env", "index_right": 56, "centroid_id": 30, "dist_m": 67.838594596459671 }, "geometry": { "type": "Point", "coordinates": [ -80.8584711, 35.2132226 ] } },
{ "type": "Feature", "properties": { "osm_id": 5573622155, "name": null, "lat": 35.2134127, "lon": -80.8588728, "tags": { "amenity": "waste_basket", "waste": "dog_excrement" }, "amenity": "waste_basket", "shop": null, "leisure": null, "tourism": null, "office": null, "public_transport": null, "healthcare": null, "craft": null, "stations_in_radius": "['East/West' 'Bland']", "stations_in_radius_dist_m": "[165.55 422.84]", "poi_cluster": "env", "index_right": 56, "centroid_id": 30, "dist_m": 86.104728286398014 }, "geometry": { "type": "Point", "coordinates": [ -80.8588728, 35.2134127 ] } },
{ "type": "Feature", "properties": { "osm_id": 8394960158, "name": null, "lat": 35.2197873, "lon": -80.8569411, "tags": { "access": "yes", "amenity": "bicycle_parking", "bicycle_parking": "stands", "capacity": "6", "operator": "Craft Tasting Room" }, "amenity": "bicycle_parking", "shop": null, "leisure": null, "tourism": null, "office": null, "public_transport": null, "healthcare": null, "craft": null, "stations_in_radius": [ "Bland" ], "stations_in_radius_dist_m": [ 464.17 ], "poi_cluster": "env", "index_right": 103, "centroid_id": 37, "dist_m": 32.785768025451986 }, "geometry": { "type": "Point", "coordinates": [ -80.8569411, 35.2197873 ] } },
{ "type": "Feature", "properties": { "osm_id": 10925138140, "name": null, "lat": 35.2138745, "lon": -80.8580668, "tags": { "amenity": "bicycle_parking", "bicycle_parking": "stands", "capacity": "6" }, "amenity": "bicycle_parking", "shop": null, "leisure": null, "tourism": null, "office": null, "public_transport": null, "healthcare": null, "craft": null, "stations_in_radius": "['East/West' 'Bland']", "stations_in_radius_dist_m": "[236.87 333.71]", "poi_cluster": "env", "index_right": 56, "centroid_id": 30, "dist_m": 21.784213364639989 }, "geometry": { "type": "Point", "coordinates": [ -80.8580668, 35.21387450000001 ] } },
{ "type": "Feature", "properties": { "osm_id": 10925138141, "name": null, "lat": 35.2149807, "lon": -80.8568398, "tags": { "amenity": "bicycle_parking", "bicycle_parking": "stands", "capacity": "4" }, "amenity": "bicycle_parking", "shop": null, "leisure": null, "tourism": null, "office": null, "public_transport": null, "healthcare": null, "craft": null, "stations_in_radius": "['Bland' 'East/West']", "stations_in_radius_dist_m": "[170.36 398.36]", "poi_cluster": "env", "index_right": 120, "centroid_id": 38, "dist_m": 43.634126167431518 }, "geometry": { "type": "Point", "coordinates": [ -80.8568398, 35.2149807 ] } },
{ "type": "Feature", "properties": { "osm_id": 10925138143, "name": null, "lat": 35.2152167, "lon": -80.8566554, "tags": { "access": "yes", "amenity": "bicycle_parking", "bicycle_parking": "stands", "capacity": "5" }, "amenity": "bicycle_parking", "shop": null, "leisure": null, "tourism": null, "office": null, "public_transport": null, "healthcare": null, "craft": null, "stations_in_radius": "['Bland' 'East/West']", "stations_in_radius_dist_m": "[142.46 429.45]", "poi_cluster": "env", "index_right": 120, "centroid_id": 38, "dist_m": 72.739533225464228 }, "geometry": { "type": "Point", "coordinates": [ -80.8566554, 35.2152167 ] } },
{ "type": "Feature", "properties": { "osm_id": 10925138145, "name": null, "lat": 35.2150893, "lon": -80.856591, "tags": { "amenity": "bicycle_parking", "bicycle_parking": "stands", "capacity": "2" }, "amenity": "bicycle_parking", "shop": null, "leisure": null, "tourism": null, "office": null, "public_transport": null, "healthcare": null, "craft": null, "stations_in_radius": "['Bland' 'East/West']", "stations_in_radius_dist_m": "[144.86 420.81]", "poi_cluster": "env", "index_right": 120, "centroid_id": 38, "dist_m": 61.702914610675037 }, "geometry": { "type": "Point", "coordinates": [ -80.856591, 35.2150893 ] } },
{ "type": "Feature", "properties": { "osm_id": 10925138146, "name": null, "lat": 35.2157027, "lon": -80.856141, "tags": { "amenity": "bicycle_parking", "bicycle_parking": "stands", "capacity": "2" }, "amenity": "bicycle_parking", "shop": null, "leisure": null, "tourism": null, "office": null, "public_transport": null, "healthcare": null, "craft": null, "stations_in_radius": "['Bland' 'East/West']", "stations_in_radius_dist_m": "[ 79.62 500.13]", "poi_cluster": "env", "index_right": 54, "centroid_id": 43, "dist_m": 54.426307140926909 }, "geometry": { "type": "Point", "coordinates": [ -80.856141, 35.2157027 ] } },
{ "type": "Feature", "properties": { "osm_id": 10925138155, "name": null, "lat": 35.217905, "lon": -80.8564385, "tags": { "amenity": "bicycle_parking", "bicycle_parking": "stands", "capacity": "4" }, "amenity": "bicycle_parking", "shop": null, "leisure": null, "tourism": null, "office": null, "public_transport": null, "healthcare": null, "craft": null, "stations_in_radius": [ "Bland" ], "stations_in_radius_dist_m": [ 253.12 ], "poi_cluster": "env", "index_right": 77, "centroid_id": 39, "dist_m": 58.84127119874362 }, "geometry": { "type": "Point", "coordinates": [ -80.8564385, 35.217905 ] } },
{ "type": "Feature", "properties": { "osm_id": 10925138156, "name": null, "lat": 35.2179827, "lon": -80.85636, "tags": { "amenity": "bicycle_parking", "bicycle_parking": "stands", "capacity": "4" }, "amenity": "bicycle_parking", "shop": null, "leisure": null, "tourism": null, "office": null, "public_transport": null, "healthcare": null, "craft": null, "stations_in_radius": [ "Bland" ], "stations_in_radius_dist_m": [ 258.18 ], "poi_cluster": "env", "index_right": 45, "centroid_id": 44, "dist_m": 55.820636806549366 }, "geometry": { "type": "Point", "coordinates": [ -80.85636, 35.2179827 ] } },
{ "type": "Feature", "properties": { "osm_id": 10925138157, "name": null, "lat": 35.2180472, "lon": -80.8554468, "tags": { "amenity": "bicycle_parking", "bicycle_parking": "stands", "capacity": "4" }, "amenity": "bicycle_parking", "shop": null, "leisure": null, "tourism": null, "office": null, "public_transport": null, "healthcare": null, "craft": null, "stations_in_radius": [ "Bland" ], "stations_in_radius_dist_m": [ 246.36 ], "poi_cluster": "env", "index_right": 45, "centroid_id": 44, "dist_m": 69.304077540522002 }, "geometry": { "type": "Point", "coordinates": [ -80.8554468, 35.2180472 ] } },
{ "type": "Feature", "properties": { "osm_id": 10925138158, "name": null, "lat": 35.2178106, "lon": -80.855433, "tags": { "access": "yes", "amenity": "bicycle_parking", "bicycle_parking": "stands", "capacity": "4", "covered": "no", "indoor": "no" }, "amenity": "bicycle_parking", "shop": null, "leisure": null, "tourism": null, "office": null, "public_transport": null, "healthcare": null, "craft": null, "stations_in_radius": [ "Bland" ], "stations_in_radius_dist_m": [ 220.09 ], "poi_cluster": "env", "index_right": 175, "centroid_id": 52, "dist_m": 75.404021260910056 }, "geometry": { "type": "Point", "coordinates": [ -80.855433, 35.2178106 ] } },
{ "type": "Feature", "properties": { "osm_id": 10925138164, "name": null, "lat": 35.2154334, "lon": -80.8577598, "tags": { "amenity": "bicycle_parking", "bicycle_parking": "stands", "capacity": "4" }, "amenity": "bicycle_parking", "shop": null, "leisure": null, "tourism": null, "office": null, "public_transport": null, "healthcare": null, "craft": null, "stations_in_radius": "['Bland' 'East/West']", "stations_in_radius_dist_m": "[229.94 408.13]", "poi_cluster": "env", "index_right": 88, "centroid_id": 28, "dist_m": 49.161362879462999 }, "geometry": { "type": "Point", "coordinates": [ -80.8577598, 35.2154334 ] } },
{ "type": "Feature", "properties": { "osm_id": 11100856406, "name": null, "lat": 35.2177052, "lon": -80.8526662, "tags": { "amenity": "bicycle_parking", "bicycle_parking": "stands", "capacity": "8", "covered": "no" }, "amenity": "bicycle_parking", "shop": null, "leisure": null, "tourism": null, "office": null, "public_transport": null, "healthcare": null, "craft": null, "stations_in_radius": [ "Bland" ], "stations_in_radius_dist_m": [ 315.97 ], "poi_cluster": "env", "index_right": 119, "centroid_id": 59, "dist_m": 57.151021146722591 }, "geometry": { "type": "Point", "coordinates": [ -80.8526662, 35.2177052 ] } },
{ "type": "Feature", "properties": { "osm_id": 11100885707, "name": null, "lat": 35.2187291, "lon": -80.8541399, "tags": { "amenity": "bicycle_parking", "bicycle_parking": "stands", "capacity": "6", "covered": "no" }, "amenity": "bicycle_parking", "shop": null, "leisure": null, "tourism": null, "office": null, "public_transport": null, "healthcare": null, "craft": null, "stations_in_radius": [ "Bland" ], "stations_in_radius_dist_m": [ 337.84 ], "poi_cluster": "env", "index_right": 112, "centroid_id": 56, "dist_m": 42.900066398645286 }, "geometry": { "type": "Point", "coordinates": [ -80.8541399, 35.2187291 ] } },
{ "type": "Feature", "properties": { "osm_id": 11100885906, "name": null, "lat": 35.2180416, "lon": -80.8544087, "tags": { "amenity": "bicycle_parking", "bicycle_parking": "wave", "capacity": "5", "covered": "no" }, "amenity": "bicycle_parking", "shop": null, "leisure": null, "tourism": null, "office": null, "public_transport": null, "healthcare": null, "craft": null, "stations_in_radius": [ "Bland" ], "stations_in_radius_dist_m": [ 257.77 ], "poi_cluster": "env", "index_right": 125, "centroid_id": 55, "dist_m": 52.641616029371953 }, "geometry": { "type": "Point", "coordinates": [ -80.8544087, 35.2180416 ] } },
{ "type": "Feature", "properties": { "osm_id": 11100893706, "name": null, "lat": 35.2186151, "lon": -80.8542688, "tags": { "amenity": "bicycle_parking", "bicycle_parking": "stands", "capacity": "4", "covered": "no" }, "amenity": "bicycle_parking", "shop": null, "leisure": null, "tourism": null, "office": null, "public_transport": null, "healthcare": null, "craft": null, "stations_in_radius": [ "Bland" ], "stations_in_radius_dist_m": [ 322.29 ], "poi_cluster": "env", "index_right": 112, "centroid_id": 56, "dist_m": 43.164642753341646 }, "geometry": { "type": "Point", "coordinates": [ -80.8542688, 35.2186151 ] } },
{ "type": "Feature", "properties": { "osm_id": 11100893708, "name": null, "lat": 35.2174665, "lon": -80.8557804, "tags": { "access": "yes", "amenity": "bicycle_parking", "bicycle_parking": "two-tier", "capacity": "22", "covered": "yes", "fee": "no", "indoor": "yes" }, "amenity": "bicycle_parking", "shop": null, "leisure": null, "tourism": null, "office": null, "public_transport": null, "healthcare": null, "craft": null, "stations_in_radius": [ "Bland" ], "stations_in_radius_dist_m": [ 187.12 ], "poi_cluster": "env", "index_right": 49, "centroid_id": 49, "dist_m": 97.397968181638632 }, "geometry": { "type": "Point", "coordinates": [ -80.8557804, 35.2174665 ] } },
{ "type": "Feature", "properties": { "osm_id": 11100911205, "name": null, "lat": 35.2186901, "lon": -80.8537448, "tags": { "amenity": "bicycle_parking", "bicycle_parking": "stands", "capacity": "4", "covered": "no" }, "amenity": "bicycle_parking", "shop": null, "leisure": null, "tourism": null, "office": null, "public_transport": null, "healthcare": null, "craft": null, "stations_in_radius": [ "Bland" ], "stations_in_radius_dist_m": [ 346.6 ], "poi_cluster": "env", "index_right": 112, "centroid_id": 56, "dist_m": 31.950340117997591 }, "geometry": { "type": "Point", "coordinates": [ -80.8537448, 35.2186901 ] } },
{ "type": "Feature", "properties": { "osm_id": 11100917205, "name": null, "lat": 35.2165501, "lon": -80.8559497, "tags": { "amenity": "bicycle_parking", "bicycle_parking": "stands", "capacity": "2", "covered": "no" }, "amenity": "bicycle_parking", "shop": null, "leisure": null, "tourism": null, "office": null, "public_transport": null, "healthcare": null, "craft": null, "stations_in_radius": [ "Bland" ], "stations_in_radius_dist_m": [ 100.46 ], "poi_cluster": "env", "index_right": 49, "centroid_id": 49, "dist_m": 40.575661936710944 }, "geometry": { "type": "Point", "coordinates": [ -80.8559497, 35.2165501 ] } },
{ "type": "Feature", "properties": { "osm_id": 11100919305, "name": null, "lat": 35.2156413, "lon": -80.8555428, "tags": { "amenity": "bicycle_parking", "bicycle_parking": "stands", "capacity": "6", "covered": "no" }, "amenity": "bicycle_parking", "shop": null, "leisure": null, "tourism": null, "office": null, "public_transport": null, "healthcare": null, "craft": null, "stations_in_radius": [ "Bland" ], "stations_in_radius_dist_m": [ 31.78 ], "poi_cluster": "env", "index_right": 54, "centroid_id": 43, "dist_m": 92.774273196227441 }, "geometry": { "type": "Point", "coordinates": [ -80.8555428, 35.2156413 ] } },
{ "type": "Feature", "properties": { "osm_id": 11106987873, "name": null, "lat": 35.212552, "lon": -80.859011, "tags": { "amenity": "bicycle_parking", "bicycle_parking": "stands", "capacity": "2" }, "amenity": "bicycle_parking", "shop": null, "leisure": null, "tourism": null, "office": null, "public_transport": null, "healthcare": null, "craft": null, "stations_in_radius": "['East/West' 'Bland']", "stations_in_radius_dist_m": "[ 69.4  497.46]", "poi_cluster": "env", "index_right": 64, "centroid_id": 25, "dist_m": 17.914316402685103 }, "geometry": { "type": "Point", "coordinates": [ -80.859011, 35.212552 ] } },
{ "type": "Feature", "properties": { "osm_id": 11126141708, "name": null, "lat": 35.2140837, "lon": -80.8598482, "tags": { "amenity": "bicycle_parking", "bicycle_parking": "stands", "capacity": "6", "covered": "no" }, "amenity": "bicycle_parking", "shop": null, "leisure": null, "tourism": null, "office": null, "public_transport": null, "healthcare": null, "craft": null, "stations_in_radius": "['East/West' 'Bland']", "stations_in_radius_dist_m": "[245.62 458.66]", "poi_cluster": "env", "index_right": 180, "centroid_id": 22, "dist_m": 54.338158329309167 }, "geometry": { "type": "Point", "coordinates": [ -80.8598482, 35.2140837 ] } },
{ "type": "Feature", "properties": { "osm_id": 11165954405, "name": null, "lat": 35.2147377, "lon": -80.8568126, "tags": { "access": "yes", "amenity": "bicycle_parking", "bicycle_parking": "bollard", "capacity": "2", "covered": "no", "foot_traffic": "medium" }, "amenity": "bicycle_parking", "shop": null, "leisure": null, "tourism": null, "office": null, "public_transport": null, "healthcare": null, "craft": null, "stations_in_radius": "['Bland' 'East/West']", "stations_in_radius_dist_m": "[184.74 377.23]", "poi_cluster": "env", "index_right": 120, "centroid_id": 38, "dist_m": 17.844829633559257 }, "geometry": { "type": "Point", "coordinates": [ -80.8568126, 35.2147377 ] } },
{ "type": "Feature", "properties": { "osm_id": 11200427337, "name": null, "lat": 35.2147588, "lon": -80.8547345, "tags": { "access": "yes", "amenity": "bicycle_parking", "bicycle_parking": "stands", "capacity": "2", "covered": "no", "foot_traffic": "low" }, "amenity": "bicycle_parking", "shop": null, "leisure": null, "tourism": null, "office": null, "public_transport": null, "healthcare": null, "craft": null, "stations_in_radius": [ "Bland" ], "stations_in_radius_dist_m": [ 128.75 ], "poi_cluster": "env", "index_right": 34, "centroid_id": 51, "dist_m": 19.501695424350491 }, "geometry": { "type": "Point", "coordinates": [ -80.8547345, 35.2147588 ] } },
{ "type": "Feature", "properties": { "osm_id": 11200427837, "name": null, "lat": 35.214764, "lon": -80.8547466, "tags": { "access": "yes", "amenity": "bicycle_parking", "bicycle_parking": "bollard", "capacity": "2", "covered": "no", "foot_traffic": "low" }, "amenity": "bicycle_parking", "shop": null, "leisure": null, "tourism": null, "office": null, "public_transport": null, "healthcare": null, "craft": null, "stations_in_radius": [ "Bland" ], "stations_in_radius_dist_m": [ 127.8 ], "poi_cluster": "env", "index_right": 34, "centroid_id": 51, "dist_m": 20.313561152083643 }, "geometry": { "type": "Point", "coordinates": [ -80.8547466, 35.214764 ] } },
{ "type": "Feature", "properties": { "osm_id": 11200429737, "name": null, "lat": 35.215506, "lon": -80.8529504, "tags": { "access": "yes", "amenity": "bicycle_parking", "bicycle_parking": "stands", "capacity": "2", "covered": "no", "foot_traffic": "low" }, "amenity": "bicycle_parking", "shop": null, "leisure": null, "tourism": null, "office": null, "public_transport": null, "healthcare": null, "craft": null, "stations_in_radius": [ "Bland" ], "stations_in_radius_dist_m": [ 215.04 ], "poi_cluster": "env", "index_right": 150, "centroid_id": 58, "dist_m": 24.255897155209059 }, "geometry": { "type": "Point", "coordinates": [ -80.8529504, 35.215506 ] } },
{ "type": "Feature", "properties": { "osm_id": 11200432537, "name": null, "lat": 35.215268, "lon": -80.8524308, "tags": { "access": "yes", "amenity": "bicycle_parking", "bicycle_parking": "wave", "capacity": "10", "covered": "no", "foot_traffic": "low" }, "amenity": "bicycle_parking", "shop": null, "leisure": null, "tourism": null, "office": null, "public_transport": null, "healthcare": null, "craft": null, "stations_in_radius": [ "Bland" ], "stations_in_radius_dist_m": [ 266.7 ], "poi_cluster": "env", "index_right": 150, "centroid_id": 58, "dist_m": 74.182388329539478 }, "geometry": { "type": "Point", "coordinates": [ -80.8524308, 35.215268 ] } },
{ "type": "Feature", "properties": { "osm_id": 11200592337, "name": null, "lat": 35.2189625, "lon": -80.8578652, "tags": { "access": "private", "amenity": "bicycle_parking", "bicycle_parking": "wave", "capacity": "5", "covered": "no", "foot_traffic": "low" }, "amenity": "bicycle_parking", "shop": null, "leisure": null, "tourism": null, "office": null, "public_transport": null, "healthcare": null, "craft": null, "stations_in_radius": [ "Bland" ], "stations_in_radius_dist_m": [ 419.57 ], "poi_cluster": "env", "index_right": 28, "centroid_id": 36, "dist_m": 56.385797754283011 }, "geometry": { "type": "Point", "coordinates": [ -80.8578652, 35.2189625 ] } },
{ "type": "Feature", "properties": { "osm_id": 11203677440, "name": null, "lat": 35.2196922, "lon": -80.8573655, "tags": { "access": "yes", "amenity": "bicycle_parking", "bicycle_parking": "stands", "capacity": "6", "covered": "no", "foot_traffic": "medium" }, "amenity": "bicycle_parking", "shop": null, "leisure": null, "tourism": null, "office": null, "public_transport": null, "healthcare": null, "craft": null, "stations_in_radius": [ "Bland" ], "stations_in_radius_dist_m": [ 468.49 ], "poi_cluster": "env", "index_right": 103, "centroid_id": 37, "dist_m": 24.934535678425785 }, "geometry": { "type": "Point", "coordinates": [ -80.8573655, 35.2196922 ] } },
{ "type": "Feature", "properties": { "osm_id": 11203677441, "name": null, "lat": 35.2194716, "lon": -80.8573959, "tags": { "access": "yes", "amenity": "bicycle_parking", "bicycle_parking": "stands", "capacity": "4", "covered": "no", "foot_traffic": "medium" }, "amenity": "bicycle_parking", "shop": null, "leisure": null, "tourism": null, "office": null, "public_transport": null, "healthcare": null, "craft": null, "stations_in_radius": [ "Bland" ], "stations_in_radius_dist_m": [ 447.42 ], "poi_cluster": "env", "index_right": 28, "centroid_id": 36, "dist_m": 16.662701213369452 }, "geometry": { "type": "Point", "coordinates": [ -80.8573959, 35.2194716 ] } },
{ "type": "Feature", "properties": { "osm_id": 11203685337, "name": null, "lat": 35.214443, "lon": -80.8598406, "tags": { "access": "yes", "amenity": "bicycle_parking", "bicycle_parking": "stands", "capacity": "6", "covered": "no", "foot_traffic": "medium" }, "amenity": "bicycle_parking", "shop": null, "leisure": null, "tourism": null, "office": null, "public_transport": null, "healthcare": null, "craft": null, "stations_in_radius": "['East/West' 'Bland']", "stations_in_radius_dist_m": "[284.21 442.66]", "poi_cluster": "env", "index_right": 122, "centroid_id": 17, "dist_m": 35.452961054336932 }, "geometry": { "type": "Point", "coordinates": [ -80.8598406, 35.214443 ] } },
{ "type": "Feature", "properties": { "osm_id": 11208922237, "name": null, "lat": 35.2153911, "lon": -80.8554312, "tags": { "access": "yes", "amenity": "bicycle_parking", "bicycle_parking": "bollard", "capacity": "2", "covered": "partial", "foot_traffic": "high", "indoor": "no" }, "amenity": "bicycle_parking", "shop": null, "leisure": null, "tourism": null, "office": null, "public_transport": null, "healthcare": null, "craft": null, "stations_in_radius": [ "Bland" ], "stations_in_radius_dist_m": [ 50.58 ], "poi_cluster": "env", "index_right": 34, "centroid_id": 51, "dist_m": 111.8032521912131 }, "geometry": { "type": "Point", "coordinates": [ -80.8554312, 35.2153911 ] } },
{ "type": "Feature", "properties": { "osm_id": 11210575137, "name": null, "lat": 35.2138314, "lon": -80.8557311, "tags": { "access": "yes", "amenity": "bicycle_parking", "bicycle_parking": "stands", "capacity": "2", "covered": "no", "foot_traffic": "low", "indoor": "no" }, "amenity": "bicycle_parking", "shop": null, "leisure": null, "tourism": null, "office": null, "public_transport": null, "healthcare": null, "craft": null, "stations_in_radius": "['Bland' 'East/West']", "stations_in_radius_dist_m": "[225.42 376.78]", "poi_cluster": "env", "index_right": 101, "centroid_id": 48, "dist_m": 25.336133075124589 }, "geometry": { "type": "Point", "coordinates": [ -80.8557311, 35.2138314 ] } },
{ "type": "Feature", "properties": { "osm_id": 11214920637, "name": null, "lat": 35.214254, "lon": -80.8562808, "tags": { "access": "yes", "amenity": "bicycle_parking", "bicycle_parking": "stands", "capacity": "2", "covered": "no", "foot_traffic": "medium", "indoor": "no" }, "amenity": "bicycle_parking", "shop": null, "leisure": null, "tourism": null, "office": null, "public_transport": null, "healthcare": null, "craft": null, "stations_in_radius": "['Bland' 'East/West']", "stations_in_radius_dist_m": "[197.09 367.43]", "poi_cluster": "env", "index_right": 120, "centroid_id": 38, "dist_m": 66.628439892990585 }, "geometry": { "type": "Point", "coordinates": [ -80.8562808, 35.214254 ] } },
{ "type": "Feature", "properties": { "osm_id": 11223193737, "name": null, "lat": 35.2150336, "lon": -80.8564255, "tags": { "access": "yes", "amenity": "bicycle_parking", "bicycle_parking": "upright_stands", "capacity": "3", "covered": "yes", "foot_traffic": "high", "indoor": "no" }, "amenity": "bicycle_parking", "shop": null, "leisure": null, "tourism": null, "office": null, "public_transport": null, "healthcare": null, "craft": null, "stations_in_radius": "['Bland' 'East/West']", "stations_in_radius_dist_m": "[136.64 424.38]", "poi_cluster": "env", "index_right": 120, "centroid_id": 38, "dist_m": 64.825091978160657 }, "geometry": { "type": "Point", "coordinates": [ -80.8564255, 35.2150336 ] } },
{ "type": "Feature", "properties": { "osm_id": 11261209037, "name": null, "lat": 35.2176947, "lon": -80.8543523, "tags": { "access": "yes", "amenity": "bicycle_parking", "bicycle_parking": "stands", "capacity": "4", "covered": "no", "foot_traffic": "low", "indoor": "no" }, "amenity": "bicycle_parking", "shop": null, "leisure": null, "tourism": null, "office": null, "public_transport": null, "healthcare": null, "craft": null, "stations_in_radius": [ "Bland" ], "stations_in_radius_dist_m": [ 223.37 ], "poi_cluster": "env", "index_right": 175, "centroid_id": 52, "dist_m": 36.159349139511193 }, "geometry": { "type": "Point", "coordinates": [ -80.854352300000016, 35.2176947 ] } },
{ "type": "Feature", "properties": { "osm_id": 11345252069, "name": null, "lat": 35.2182396, "lon": -80.854097, "tags": { "access": "yes", "amenity": "bicycle_parking", "bicycle_parking": "anchors", "capacity": "5", "covered": "no", "foot_traffic": "medium", "indoor": "no" }, "amenity": "bicycle_parking", "shop": null, "leisure": null, "tourism": null, "office": null, "public_transport": null, "healthcare": null, "craft": null, "stations_in_radius": [ "Bland" ], "stations_in_radius_dist_m": [ 288.1 ], "poi_cluster": "env", "index_right": 125, "centroid_id": 55, "dist_m": 22.167983330289609 }, "geometry": { "type": "Point", "coordinates": [ -80.854097, 35.2182396 ] } },
{ "type": "Feature", "properties": { "osm_id": 11663723969, "name": null, "lat": 35.2184178, "lon": -80.8588563, "tags": { "access": "yes", "amenity": "bicycle_parking", "bicycle_parking": "stands", "capacity": "2", "covered": "no", "foot_traffic": "none", "indoor": "no" }, "amenity": "bicycle_parking", "shop": null, "leisure": null, "tourism": null, "office": null, "public_transport": null, "healthcare": null, "craft": null, "stations_in_radius": [ "Bland" ], "stations_in_radius_dist_m": [ 433.93 ], "poi_cluster": "env", "index_right": 90, "centroid_id": 23, "dist_m": 45.287461485134209 }, "geometry": { "type": "Point", "coordinates": [ -80.8588563, 35.2184178 ] } },
{ "type": "Feature", "properties": { "osm_id": 11673210369, "name": null, "lat": 35.2193297, "lon": -80.8575939, "tags": { "access": "yes", "amenity": "bicycle_parking", "bicycle_parking": "stands", "capacity": "2", "covered": "no", "foot_traffic": "medium", "indoor": "no" }, "amenity": "bicycle_parking", "shop": null, "leisure": null, "tourism": null, "office": null, "public_transport": null, "healthcare": null, "craft": null, "stations_in_radius": [ "Bland" ], "stations_in_radius_dist_m": [ 441.57 ], "poi_cluster": "env", "index_right": 28, "centroid_id": 36, "dist_m": 14.986168495337946 }, "geometry": { "type": "Point", "coordinates": [ -80.8575939, 35.2193297 ] } },
{ "type": "Feature", "properties": { "osm_id": 11917807017, "name": null, "lat": 35.2184954, "lon": -80.8596029, "tags": { "amenity": "bicycle_parking", "bicycle_parking": "stands", "capacity": "2" }, "amenity": "bicycle_parking", "shop": null, "leisure": null, "tourism": null, "office": null, "public_transport": null, "healthcare": null, "craft": null, "stations_in_radius": [ "Bland" ], "stations_in_radius_dist_m": [ 492.1 ], "poi_cluster": "env", "index_right": 90, "centroid_id": 23, "dist_m": 23.993404011534963 }, "geometry": { "type": "Point", "coordinates": [ -80.8596029, 35.2184954 ] } },
{ "type": "Feature", "properties": { "osm_id": 11929733869, "name": null, "lat": 35.2122632, "lon": -80.858735, "tags": { "access": "yes", "amenity": "bicycle_parking", "bicycle_parking": "stands", "capacity": "4", "covered": "no", "indoor": "no" }, "amenity": "bicycle_parking", "shop": null, "leisure": null, "tourism": null, "office": null, "public_transport": null, "healthcare": null, "craft": null, "stations_in_radius": "['East/West' 'Bland']", "stations_in_radius_dist_m": "[ 53.41 505.32]", "poi_cluster": "env", "index_right": 64, "centroid_id": 25, "dist_m": 33.992940819041458 }, "geometry": { "type": "Point", "coordinates": [ -80.858735, 35.2122632 ] } },
{ "type": "Feature", "properties": { "osm_id": 12097437997, "name": null, "lat": 35.2154931, "lon": -80.8565468, "tags": { "amenity": "waste_basket" }, "amenity": "waste_basket", "shop": null, "leisure": null, "tourism": null, "office": null, "public_transport": null, "healthcare": null, "craft": null, "stations_in_radius": "['Bland' 'East/West']", "stations_in_radius_dist_m": "[121.2  460.73]", "poi_cluster": "env", "index_right": 54, "centroid_id": 43, "dist_m": 77.113412340445365 }, "geometry": { "type": "Point", "coordinates": [ -80.8565468, 35.21549310000001 ] } },
{ "type": "Feature", "properties": { "osm_id": 12097438000, "name": null, "lat": 35.2162854, "lon": -80.8563157, "tags": { "amenity": "waste_basket" }, "amenity": "waste_basket", "shop": null, "leisure": null, "tourism": null, "office": null, "public_transport": null, "healthcare": null, "craft": null, "stations_in_radius": "['Bland' 'East/West']", "stations_in_radius_dist_m": "[106.94 547.47]", "poi_cluster": "env", "index_right": 54, "centroid_id": 43, "dist_m": 13.305105714754651 }, "geometry": { "type": "Point", "coordinates": [ -80.8563157, 35.2162854 ] } },
{ "type": "Feature", "properties": { "osm_id": 12097533201, "name": null, "lat": 35.2163052, "lon": -80.856106, "tags": { "amenity": "waste_basket" }, "amenity": "waste_basket", "shop": null, "leisure": null, "tourism": null, "office": null, "public_transport": null, "healthcare": null, "craft": null, "stations_in_radius": "['Bland' 'East/West']", "stations_in_radius_dist_m": "[ 91.81 558.68]", "poi_cluster": "env", "index_right": 54, "centroid_id": 43, "dist_m": 25.979620032175774 }, "geometry": { "type": "Point", "coordinates": [ -80.856106, 35.2163052 ] } },
{ "type": "Feature", "properties": { "osm_id": 12097533204, "name": null, "lat": 35.2171929, "lon": -80.8553429, "tags": { "amenity": "waste_basket" }, "amenity": "waste_basket", "shop": null, "leisure": null, "tourism": null, "office": null, "public_transport": null, "healthcare": null, "craft": null, "stations_in_radius": [ "Bland" ], "stations_in_radius_dist_m": [ 151.25 ], "poi_cluster": "env", "index_right": 49, "centroid_id": 49, "dist_m": 65.736195010522863 }, "geometry": { "type": "Point", "coordinates": [ -80.8553429, 35.2171929 ] } },
{ "type": "Feature", "properties": { "osm_id": 12097533210, "name": null, "lat": 35.2173682, "lon": -80.8556752, "tags": { "amenity": "waste_basket" }, "amenity": "waste_basket", "shop": null, "leisure": null, "tourism": null, "office": null, "public_transport": null, "healthcare": null, "craft": null, "stations_in_radius": [ "Bland" ], "stations_in_radius_dist_m": [ 174.34 ], "poi_cluster": "env", "index_right": 49, "centroid_id": 49, "dist_m": 84.690773182831677 }, "geometry": { "type": "Point", "coordinates": [ -80.8556752, 35.2173682 ] } },
{ "type": "Feature", "properties": { "osm_id": 12097533211, "name": null, "lat": 35.2174387, "lon": -80.8555996, "tags": { "amenity": "waste_basket" }, "amenity": "waste_basket", "shop": null, "leisure": null, "tourism": null, "office": null, "public_transport": null, "healthcare": null, "craft": null, "stations_in_radius": [ "Bland" ], "stations_in_radius_dist_m": [ 180.76 ], "poi_cluster": "env", "index_right": 175, "centroid_id": 52, "dist_m": 83.639055559355882 }, "geometry": { "type": "Point", "coordinates": [ -80.8555996, 35.2174387 ] } },
{ "type": "Feature", "properties": { "osm_id": 12128918637, "name": null, "lat": 35.2125047, "lon": -80.8589856, "tags": { "amenity": "recycling", "recycling_type": "container" }, "amenity": "recycling", "shop": null, "leisure": null, "tourism": null, "office": null, "public_transport": null, "healthcare": null, "craft": null, "stations_in_radius": "['East/West' 'Bland']", "stations_in_radius_dist_m": "[ 64.84 499.74]", "poi_cluster": "env", "index_right": 64, "centroid_id": 25, "dist_m": 16.839135117551884 }, "geometry": { "type": "Point", "coordinates": [ -80.8589856, 35.2125047 ] } },
{ "type": "Feature", "properties": { "osm_id": 12363326997, "name": null, "lat": 35.2155565, "lon": -80.8556787, "tags": { "amenity": "drinking_water" }, "amenity": "drinking_water", "shop": null, "leisure": null, "tourism": null, "office": null, "public_transport": null, "healthcare": null, "craft": null, "stations_in_radius": "['Bland' 'East/West']", "stations_in_radius_dist_m": "[ 47.29 511.69]", "poi_cluster": "env", "index_right": 54, "centroid_id": 43, "dist_m": 90.322441222736515 }, "geometry": { "type": "Point", "coordinates": [ -80.8556787, 35.2155565 ] } },
{ "type": "Feature", "properties": { "osm_id": 12363326998, "name": null, "lat": 35.2156854, "lon": -80.8559797, "tags": { "amenity": "bench" }, "amenity": "bench", "shop": null, "leisure": null, "tourism": null, "office": null, "public_transport": null, "healthcare": null, "craft": null, "stations_in_radius": "['Bland' 'East/West']", "stations_in_radius_dist_m": "[ 65.67 506.79]", "poi_cluster": "env", "index_right": 54, "centroid_id": 43, "dist_m": 62.452003003623801 }, "geometry": { "type": "Point", "coordinates": [ -80.8559797, 35.2156854 ] } },
{ "type": "Feature", "properties": { "osm_id": 12363326999, "name": null, "lat": 35.2156698, "lon": -80.8559448, "tags": { "amenity": "bench" }, "amenity": "bench", "shop": null, "leisure": null, "tourism": null, "office": null, "public_transport": null, "healthcare": null, "craft": null, "stations_in_radius": "['Bland' 'East/West']", "stations_in_radius_dist_m": "[ 63.06 507.21]", "poi_cluster": "env", "index_right": 54, "centroid_id": 43, "dist_m": 65.605358296968774 }, "geometry": { "type": "Point", "coordinates": [ -80.8559448, 35.2156698 ] } },
{ "type": "Feature", "properties": { "osm_id": 12363327000, "name": null, "lat": 35.215568, "lon": -80.855726, "tags": { "amenity": "bench" }, "amenity": "bench", "shop": null, "leisure": null, "tourism": null, "office": null, "public_transport": null, "healthcare": null, "craft": null, "stations_in_radius": "['Bland' 'East/West']", "stations_in_radius_dist_m": "[ 49.92 510.03]", "poi_cluster": "env", "index_right": 54, "centroid_id": 43, "dist_m": 86.548034934994433 }, "geometry": { "type": "Point", "coordinates": [ -80.855726, 35.215568 ] } },
{ "type": "Feature", "properties": { "osm_id": 12363373802, "name": null, "lat": 35.2155902, "lon": -80.855774, "tags": { "amenity": "bench" }, "amenity": "bench", "shop": null, "leisure": null, "tourism": null, "office": null, "public_transport": null, "healthcare": null, "craft": null, "stations_in_radius": "['Bland' 'East/West']", "stations_in_radius_dist_m": "[ 52.24 509.32]", "poi_cluster": "env", "index_right": 54, "centroid_id": 43, "dist_m": 81.875875955542597 }, "geometry": { "type": "Point", "coordinates": [ -80.855774, 35.2155902 ] } },
{ "type": "Feature", "properties": { "osm_id": 12467232256, "name": null, "lat": 35.2140501, "lon": -80.8600408, "tags": { "amenity": "drinking_water" }, "amenity": "drinking_water", "shop": null, "leisure": null, "tourism": null, "office": null, "public_transport": null, "healthcare": null, "craft": null, "stations_in_radius": "['East/West' 'Bland']", "stations_in_radius_dist_m": "[247.07 476.14]", "poi_cluster": "env", "index_right": 122, "centroid_id": 17, "dist_m": 61.624810775451692 }, "geometry": { "type": "Point", "coordinates": [ -80.8600408, 35.2140501 ] } },
{ "type": "Feature", "properties": { "osm_id": 12624705073, "name": null, "lat": 35.2129171, "lon": -80.8569856, "tags": { "amenity": "bicycle_parking", "bicycle_parking": "stands", "capacity": "6" }, "amenity": "bicycle_parking", "shop": null, "leisure": null, "tourism": null, "office": null, "public_transport": null, "healthcare": null, "craft": null, "stations_in_radius": "['East/West' 'Bland']", "stations_in_radius_dist_m": "[226.43 358.4 ]", "poi_cluster": "env", "index_right": 107, "centroid_id": 41, "dist_m": 36.60311079008018 }, "geometry": { "type": "Point", "coordinates": [ -80.8569856, 35.2129171 ] } },
{ "type": "Feature", "properties": { "osm_id": 13056889301, "name": null, "lat": 35.2186064, "lon": -80.8554539, "tags": { "access": "yes", "amenity": "bicycle_parking", "bicycle_parking": "stands", "capacity": "2", "covered": "no", "indoor": "no" }, "amenity": "bicycle_parking", "shop": null, "leisure": null, "tourism": null, "office": null, "public_transport": null, "healthcare": null, "craft": null, "stations_in_radius": [ "Bland" ], "stations_in_radius_dist_m": [ 308.31 ], "poi_cluster": "env", "index_right": 169, "centroid_id": 45, "dist_m": 30.208725135214817 }, "geometry": { "type": "Point", "coordinates": [ -80.8554539, 35.2186064 ] } },
{ "type": "Feature", "properties": { "osm_id": 13124360201, "name": null, "lat": 35.2188388, "lon": -80.8568101, "tags": { "access": "yes", "amenity": "bicycle_parking", "bicycle_parking": "stands", "capacity": "4", "covered": "no", "indoor": "no" }, "amenity": "bicycle_parking", "shop": null, "leisure": null, "tourism": null, "office": null, "public_transport": null, "healthcare": null, "craft": null, "stations_in_radius": [ "Bland" ], "stations_in_radius_dist_m": [ 361.57 ], "poi_cluster": "env", "index_right": 28, "centroid_id": 36, "dist_m": 77.913014791131673 }, "geometry": { "type": "Point", "coordinates": [ -80.8568101, 35.2188388 ] } },
{ "type": "Feature", "properties": { "osm_id": 13179555371, "name": null, "lat": 35.2154418, "lon": -80.8582636, "tags": { "amenity": "bench" }, "amenity": "bench", "shop": null, "leisure": null, "tourism": null, "office": null, "public_transport": null, "healthcare": null, "craft": null, "stations_in_radius": "['Bland' 'East/West']", "stations_in_radius_dist_m": "[274.93 397.02]", "poi_cluster": "env", "index_right": 88, "centroid_id": 28, "dist_m": 19.369441078845632 }, "geometry": { "type": "Point", "coordinates": [ -80.8582636, 35.2154418 ] } },
{ "type": "Feature", "properties": { "osm_id": 13198314575, "name": null, "lat": 35.2189456, "lon": -80.8569696, "tags": { "access": "yes", "amenity": "bicycle_parking", "bicycle_parking": "stands", "capacity": "4", "covered": "no", "indoor": "no" }, "amenity": "bicycle_parking", "shop": null, "leisure": null, "tourism": null, "office": null, "public_transport": null, "healthcare": null, "craft": null, "stations_in_radius": [ "Bland" ], "stations_in_radius_dist_m": [ 378.19 ], "poi_cluster": "env", "index_right": 28, "centroid_id": 36, "dist_m": 59.252663671529142 }, "geometry": { "type": "Point", "coordinates": [ -80.8569696, 35.2189456 ] } },
{ "type": "Feature", "properties": { "osm_id": 13198321002, "name": null, "lat": 35.2189812, "lon": -80.8570207, "tags": { "access": "yes", "amenity": "bicycle_parking", "bicycle_parking": "stands", "capacity": "4", "covered": "no", "indoor": "no" }, "amenity": "bicycle_parking", "shop": null, "leisure": null, "tourism": null, "office": null, "public_transport": null, "healthcare": null, "craft": null, "stations_in_radius": [ "Bland" ], "stations_in_radius_dist_m": [ 383.7 ], "poi_cluster": "env", "index_right": 28, "centroid_id": 36, "dist_m": 53.175597272862831 }, "geometry": { "type": "Point", "coordinates": [ -80.8570207, 35.2189812 ] } },
{ "type": "Feature", "properties": { "osm_id": 13289627501, "name": null, "lat": 35.2168404, "lon": -80.8557493, "tags": { "access": "yes", "amenity": "bicycle_parking", "bicycle_parking": "stands", "capacity": "6", "covered": "no", "indoor": "no" }, "amenity": "bicycle_parking", "shop": null, "leisure": null, "tourism": null, "office": null, "public_transport": null, "healthcare": null, "craft": null, "stations_in_radius": [ "Bland" ], "stations_in_radius_dist_m": [ 119.92 ], "poi_cluster": "env", "index_right": 49, "centroid_id": 49, "dist_m": 32.95441737933055 }, "geometry": { "type": "Point", "coordinates": [ -80.8557493, 35.2168404 ] } },
{ "type": "Feature", "properties": { "osm_id": 13334786201, "name": null, "lat": 35.2126895, "lon": -80.8540022, "tags": { "access": "yes", "amenity": "bicycle_parking", "bicycle_parking": "stands", "capacity": "2", "covered": "no", "indoor": "no" }, "amenity": "bicycle_parking", "shop": null, "leisure": null, "tourism": null, "office": null, "public_transport": null, "healthcare": null, "craft": null, "stations_in_radius": [ "Bland" ], "stations_in_radius_dist_m": [ 367.19 ], "poi_cluster": "env", "index_right": 140, "centroid_id": 53, "dist_m": 39.35326060267699 }, "geometry": { "type": "Point", "coordinates": [ -80.8540022, 35.2126895 ] } },
{ "type": "Feature", "properties": { "osm_id": 13343361201, "name": null, "lat": 35.2130317, "lon": -80.8571438, "tags": { "access": "yes", "amenity": "bicycle_parking", "bicycle_parking": "stands", "capacity": "2", "covered": "no", "indoor": "no" }, "amenity": "bicycle_parking", "shop": null, "leisure": null, "tourism": null, "office": null, "public_transport": null, "healthcare": null, "craft": null, "stations_in_radius": "['East/West' 'Bland']", "stations_in_radius_dist_m": "[220.61 353.67]", "poi_cluster": "env", "index_right": 107, "centroid_id": 41, "dist_m": 55.192549335870062 }, "geometry": { "type": "Point", "coordinates": [ -80.8571438, 35.2130317 ] } },
{ "type": "Feature", "properties": { "osm_id": 13525355801, "name": null, "lat": 35.2185062, "lon": -80.8566633, "tags": { "access": "yes", "amenity": "bicycle_parking", "bicycle_parking": "stands", "capacity": "12", "covered": "yes", "indoor": "no" }, "amenity": "bicycle_parking", "shop": null, "leisure": null, "tourism": null, "office": null, "public_transport": null, "healthcare": null, "craft": null, "stations_in_radius": [ "Bland" ], "stations_in_radius_dist_m": [ 322.39 ], "poi_cluster": "env", "index_right": 45, "centroid_id": 44, "dist_m": 55.948293121346367 }, "geometry": { "type": "Point", "coordinates": [ -80.8566633, 35.2185062 ] } },
{ "type": "Feature", "properties": { "osm_id": 432939155, "name": null, "lat": 35.21713, "lon": -80.8537635, "tags": { "access": "yes", "amenity": "parking", "fee": "yes", "park_ride": "no", "parking": "surface", "surface": "asphalt" }, "amenity": "parking", "shop": null, "leisure": null, "tourism": null, "office": null, "public_transport": null, "healthcare": null, "craft": null, "stations_in_radius": [ "Bland" ], "stations_in_radius_dist_m": [ 199.58 ], "poi_cluster": "env", "index_right": 4, "centroid_id": 54, "dist_m": 59.417056730371165 }, "geometry": { "type": "Point", "coordinates": [ -80.8537635, 35.21713 ] } },
{ "type": "Feature", "properties": { "osm_id": 582913009, "name": null, "lat": 35.2132975, "lon": -80.8586193, "tags": { "amenity": "parking", "parking": "street_side" }, "amenity": "parking", "shop": null, "leisure": null, "tourism": null, "office": null, "public_transport": null, "healthcare": null, "craft": null, "stations_in_radius": "['East/West' 'Bland']", "stations_in_radius_dist_m": "[158.67 413.82]", "poi_cluster": "env", "index_right": 56, "centroid_id": 30, "dist_m": 71.962867948080785 }, "geometry": { "type": "Point", "coordinates": [ -80.8586193, 35.2132975 ] } },
{ "type": "Feature", "properties": { "osm_id": 582913335, "name": null, "lat": 35.2136877, "lon": -80.8584417, "tags": { "amenity": "parking" }, "amenity": "parking", "shop": null, "leisure": null, "tourism": null, "office": null, "public_transport": null, "healthcare": null, "craft": null, "stations_in_radius": "['East/West' 'Bland']", "stations_in_radius_dist_m": "[204.84 373.16]", "poi_cluster": "env", "index_right": 56, "centroid_id": 30, "dist_m": 41.238382113643333 }, "geometry": { "type": "Point", "coordinates": [ -80.8584417, 35.2136877 ] } },
{ "type": "Feature", "properties": { "osm_id": 606469947, "name": null, "lat": 35.2146845, "lon": -80.8577183, "tags": { "amenity": "parking" }, "amenity": "parking", "shop": null, "leisure": null, "tourism": null, "office": null, "public_transport": null, "healthcare": null, "craft": null, "stations_in_radius": "['Bland' 'East/West']", "stations_in_radius_dist_m": "[255.7  331.81]", "poi_cluster": "env", "index_right": 120, "centroid_id": 38, "dist_m": 76.276478206252435 }, "geometry": { "type": "Point", "coordinates": [ -80.8577183, 35.214684499999983 ] } },
{ "type": "Feature", "properties": { "osm_id": 755455238, "name": null, "lat": 35.2190074, "lon": -80.8596617, "tags": { "amenity": "parking" }, "amenity": "parking", "shop": null, "leisure": null, "tourism": null, "office": null, "public_transport": null, "healthcare": null, "craft": null, "stations_in_radius": [ "Bland" ], "stations_in_radius_dist_m": [ 532.16 ], "poi_cluster": "env", "index_right": 90, "centroid_id": 23, "dist_m": 70.461651533914036 }, "geometry": { "type": "Point", "coordinates": [ -80.8596617, 35.2190074 ] } },
{ "type": "Feature", "properties": { "osm_id": 755455240, "name": null, "lat": 35.2191483, "lon": -80.8591403, "tags": { "amenity": "parking" }, "amenity": "parking", "shop": null, "leisure": null, "tourism": null, "office": null, "public_transport": null, "healthcare": null, "craft": null, "stations_in_radius": [ ], "stations_in_radius_dist_m": [ ], "poi_cluster": "env", "index_right": 90, "centroid_id": 23, "dist_m": 82.597103414268418 }, "geometry": { "type": "Point", "coordinates": [ -80.8591403, 35.2191483 ] } },
{ "type": "Feature", "properties": { "osm_id": 755471159, "name": null, "lat": 35.2154253, "lon": -80.8518399, "tags": { "amenity": "parking" }, "amenity": "parking", "shop": null, "leisure": null, "tourism": null, "office": null, "public_transport": null, "healthcare": null, "craft": null, "stations_in_radius": [ ], "stations_in_radius_dist_m": [ ], "poi_cluster": "env", "index_right": 8, "centroid_id": 62, "dist_m": 112.00108515031535 }, "geometry": { "type": "Point", "coordinates": [ -80.851839900000016, 35.2154253 ] } },
{ "type": "Feature", "properties": { "osm_id": 755471161, "name": null, "lat": 35.2155664, "lon": -80.8525302, "tags": { "amenity": "parking" }, "amenity": "parking", "shop": null, "leisure": null, "tourism": null, "office": null, "public_transport": null, "healthcare": null, "craft": null, "stations_in_radius": [ "Bland" ], "stations_in_radius_dist_m": [ 251.97 ], "poi_cluster": "env", "index_right": 150, "centroid_id": 58, "dist_m": 49.176189560899864 }, "geometry": { "type": "Point", "coordinates": [ -80.8525302, 35.215566399999986 ] } },
{ "type": "Feature", "properties": { "osm_id": 755636070, "name": null, "lat": 35.2192631, "lon": -80.8579857, "tags": { "amenity": "parking" }, "amenity": "parking", "shop": null, "leisure": null, "tourism": null, "office": null, "public_transport": null, "healthcare": null, "craft": null, "stations_in_radius": [ ], "stations_in_radius_dist_m": [ ], "poi_cluster": "env", "index_right": 28, "centroid_id": 36, "dist_m": 51.075915961774925 }, "geometry": { "type": "Point", "coordinates": [ -80.8579857, 35.2192631 ] } },
{ "type": "Feature", "properties": { "osm_id": 755636074, "name": null, "lat": 35.2183091, "lon": -80.8583091, "tags": { "amenity": "parking", "parking": "surface" }, "amenity": "parking", "shop": null, "leisure": null, "tourism": null, "office": null, "public_transport": null, "healthcare": null, "craft": null, "stations_in_radius": [ "Bland" ], "stations_in_radius_dist_m": [ 389.34 ], "poi_cluster": "env", "index_right": 118, "centroid_id": 27, "dist_m": 65.505397829113193 }, "geometry": { "type": "Point", "coordinates": [ -80.8583091, 35.2183091 ] } },
{ "type": "Feature", "properties": { "osm_id": 757213336, "name": null, "lat": 35.2169157, "lon": -80.8578672, "tags": { "amenity": "parking", "parking": "surface" }, "amenity": "parking", "shop": null, "leisure": null, "tourism": null, "office": null, "public_transport": null, "healthcare": null, "craft": null, "stations_in_radius": [ "Bland" ], "stations_in_radius_dist_m": [ 264.46 ], "poi_cluster": "env", "index_right": 86, "centroid_id": 31, "dist_m": 43.423458633741099 }, "geometry": { "type": "Point", "coordinates": [ -80.8578672, 35.2169157 ] } },
{ "type": "Feature", "properties": { "osm_id": 781164392, "name": null, "lat": 35.2184604, "lon": -80.8598266, "tags": { "amenity": "parking" }, "amenity": "parking", "shop": null, "leisure": null, "tourism": null, "office": null, "public_transport": null, "healthcare": null, "craft": null, "stations_in_radius": [ "Bland" ], "stations_in_radius_dist_m": [ 506.28 ], "poi_cluster": "env", "index_right": 90, "centroid_id": 23, "dist_m": 43.208805054640422 }, "geometry": { "type": "Point", "coordinates": [ -80.8598266, 35.2184604 ] } },
{ "type": "Feature", "properties": { "osm_id": 781164404, "name": null, "lat": 35.2185871, "lon": -80.8602924, "tags": { "amenity": "parking", "surface": "gravel" }, "amenity": "parking", "shop": null, "leisure": null, "tourism": null, "office": null, "public_transport": null, "healthcare": null, "craft": null, "stations_in_radius": [ "Bland" ], "stations_in_radius_dist_m": [ 549.17 ], "poi_cluster": "env", "index_right": 90, "centroid_id": 23, "dist_m": 87.300396750317589 }, "geometry": { "type": "Point", "coordinates": [ -80.8602924, 35.2185871 ] } },
{ "type": "Feature", "properties": { "osm_id": 834013546, "name": null, "lat": 35.2155766, "lon": -80.8546519, "tags": { "amenity": "parking", "building": "parking", "parking": "multi-storey" }, "amenity": "parking", "shop": null, "leisure": null, "tourism": null, "office": null, "public_transport": null, "healthcare": null, "craft": null, "stations_in_radius": [ ], "stations_in_radius_dist_m": [ ], "poi_cluster": "env", "index_right": 34, "centroid_id": 51, "dist_m": 109.84327683136577 }, "geometry": { "type": "Point", "coordinates": [ -80.8546519, 35.2155766 ] } },
{ "type": "Feature", "properties": { "osm_id": 837202789, "name": null, "lat": 35.2135491, "lon": -80.8592753, "tags": { "amenity": "parking", "building": "parking", "parking": "multi-storey" }, "amenity": "parking", "shop": null, "leisure": null, "tourism": null, "office": null, "public_transport": null, "healthcare": null, "craft": null, "stations_in_radius": "['East/West' 'Bland']", "stations_in_radius_dist_m": "[178.71 442.95]", "poi_cluster": "env", "index_right": 154, "centroid_id": 16, "dist_m": 89.742666531961973 }, "geometry": { "type": "Point", "coordinates": [ -80.8592753, 35.2135491 ] } },
{ "type": "Feature", "properties": { "osm_id": 837202790, "name": null, "lat": 35.2142688, "lon": -80.858086, "tags": { "amenity": "parking", "building": "parking", "parking": "multi-storey" }, "amenity": "parking", "shop": null, "leisure": null, "tourism": null, "office": null, "public_transport": null, "healthcare": null, "craft": null, "stations_in_radius": "['East/West' 'Bland']", "stations_in_radius_dist_m": "[276.47 308.54]", "poi_cluster": "env", "index_right": 56, "centroid_id": 30, "dist_m": 64.924834415770533 }, "geometry": { "type": "Point", "coordinates": [ -80.858086, 35.2142688 ] } },
{ "type": "Feature", "properties": { "osm_id": 849315315, "name": null, "lat": 35.2182787, "lon": -80.8532723, "tags": { "amenity": "parking", "building": "parking", "height": "18", "parking": "multi-storey" }, "amenity": "parking", "shop": null, "leisure": null, "tourism": null, "office": null, "public_transport": null, "healthcare": null, "craft": null, "stations_in_radius": [ "Bland" ], "stations_in_radius_dist_m": [ 327.31 ], "poi_cluster": "env", "index_right": 43, "centroid_id": 57, "dist_m": 34.815608036527792 }, "geometry": { "type": "Point", "coordinates": [ -80.8532723, 35.2182787 ] } },
{ "type": "Feature", "properties": { "osm_id": 849315317, "name": null, "lat": 35.2177661, "lon": -80.8538474, "tags": { "amenity": "parking", "building": "parking", "height": "22", "parking": "multi-storey" }, "amenity": "parking", "shop": null, "leisure": null, "tourism": null, "office": null, "public_transport": null, "healthcare": null, "craft": null, "stations_in_radius": [ "Bland" ], "stations_in_radius_dist_m": [ 251.2 ], "poi_cluster": "env", "index_right": 125, "centroid_id": 55, "dist_m": 47.301449838916142 }, "geometry": { "type": "Point", "coordinates": [ -80.8538474, 35.2177661 ] } },
{ "type": "Feature", "properties": { "osm_id": 849315321, "name": null, "lat": 35.2164211, "lon": -80.8570304, "tags": { "amenity": "parking", "parking": "surface" }, "amenity": "parking", "shop": null, "leisure": null, "tourism": null, "office": null, "public_transport": null, "healthcare": null, "craft": null, "stations_in_radius": [ "Bland" ], "stations_in_radius_dist_m": [ 172.27 ], "poi_cluster": "env", "index_right": 54, "centroid_id": 43, "dist_m": 69.202555870052834 }, "geometry": { "type": "Point", "coordinates": [ -80.8570304, 35.2164211 ] } },
{ "type": "Feature", "properties": { "osm_id": 849315322, "name": null, "lat": 35.2169577, "lon": -80.8563095, "tags": { "amenity": "parking", "parking": "surface" }, "amenity": "parking", "shop": null, "leisure": null, "tourism": null, "office": null, "public_transport": null, "healthcare": null, "craft": null, "stations_in_radius": [ "Bland" ], "stations_in_radius_dist_m": [ 156.27 ], "poi_cluster": "env", "index_right": 77, "centroid_id": 39, "dist_m": 81.312965594598793 }, "geometry": { "type": "Point", "coordinates": [ -80.8563095, 35.2169577 ] } },
{ "type": "Feature", "properties": { "osm_id": 849315323, "name": null, "lat": 35.2172993, "lon": -80.8569418, "tags": { "amenity": "parking", "parking": "surface" }, "amenity": "parking", "shop": null, "leisure": null, "tourism": null, "office": null, "public_transport": null, "healthcare": null, "craft": null, "stations_in_radius": [ "Bland" ], "stations_in_radius_dist_m": [ 222.32 ], "poi_cluster": "env", "index_right": 77, "centroid_id": 39, "dist_m": 25.031453991898541 }, "geometry": { "type": "Point", "coordinates": [ -80.8569418, 35.2172993 ] } },
{ "type": "Feature", "properties": { "osm_id": 849315324, "name": null, "lat": 35.2176883, "lon": -80.8560266, "tags": { "access": "yes", "amenity": "parking", "building": "parking", "fee": "yes", "height": "25", "parking": "multi-storey" }, "amenity": "parking", "shop": null, "leisure": null, "tourism": null, "office": null, "public_transport": null, "healthcare": null, "craft": null, "stations_in_radius": [ "Bland" ], "stations_in_radius_dist_m": [ 217. ], "poi_cluster": "env", "index_right": 77, "centroid_id": 39, "dist_m": 80.161840213591688 }, "geometry": { "type": "Point", "coordinates": [ -80.8560266, 35.2176883 ] } },
{ "type": "Feature", "properties": { "osm_id": 875274991, "name": null, "lat": 35.214577, "lon": -80.8560028, "tags": { "amenity": "parking", "building": "parking", "parking": "multi-storey" }, "amenity": "parking", "shop": null, "leisure": null, "tourism": null, "office": null, "public_transport": null, "healthcare": null, "craft": null, "stations_in_radius": [ ], "stations_in_radius_dist_m": [ ], "poi_cluster": "env", "index_right": 120, "centroid_id": 38, "dist_m": 80.60247587003191 }, "geometry": { "type": "Point", "coordinates": [ -80.8560028, 35.214577 ] } },
{ "type": "Feature", "properties": { "osm_id": 875274994, "name": "Vantage Parking Deck", "lat": 35.219084, "lon": -80.8541407, "tags": { "addr:city": "Charlotte", "addr:housenumber": "1220", "addr:postcode": "28203", "addr:state": "NC", "addr:street": "South Tryon Street", "amenity": "parking", "building": "yes", "name": "Vantage Parking Deck", "parking": "multi-storey" }, "amenity": "parking", "shop": null, "leisure": null, "tourism": null, "office": null, "public_transport": null, "healthcare": null, "craft": null, "stations_in_radius": [ ], "stations_in_radius_dist_m": [ ], "poi_cluster": "env", "index_right": 112, "centroid_id": 56, "dist_m": 78.16503528657114 }, "geometry": { "type": "Point", "coordinates": [ -80.8541407, 35.219084 ] } },
{ "type": "Feature", "properties": { "osm_id": 1059935588, "name": null, "lat": 35.2139712, "lon": -80.860833, "tags": { "amenity": "parking", "building": "yes", "height": "26", "parking": "multi-storey" }, "amenity": "parking", "shop": null, "leisure": null, "tourism": null, "office": null, "public_transport": null, "healthcare": null, "craft": null, "stations_in_radius": [ ], "stations_in_radius_dist_m": [ ], "poi_cluster": "env", "index_right": 122, "centroid_id": 17, "dist_m": 90.776401617069411 }, "geometry": { "type": "Point", "coordinates": [ -80.860833, 35.213971199999989 ] } },
{ "type": "Feature", "properties": { "osm_id": 1134158513, "name": null, "lat": 35.2152643, "lon": -80.8562809, "tags": { "amenity": "parking" }, "amenity": "parking", "shop": null, "leisure": null, "tourism": null, "office": null, "public_transport": null, "healthcare": null, "craft": null, "stations_in_radius": "['Bland' 'East/West']", "stations_in_radius_dist_m": "[110.61 452.83]", "poi_cluster": "env", "index_right": 120, "centroid_id": 38, "dist_m": 93.059997167676102 }, "geometry": { "type": "Point", "coordinates": [ -80.8562809, 35.2152643 ] } },
{ "type": "Feature", "properties": { "osm_id": 1134158519, "name": null, "lat": 35.2159128, "lon": -80.8556686, "tags": { "amenity": "parking", "parking": "surface" }, "amenity": "parking", "shop": null, "leisure": null, "tourism": null, "office": null, "public_transport": null, "healthcare": null, "craft": null, "stations_in_radius": [ "Bland" ], "stations_in_radius_dist_m": [ 36.54 ], "poi_cluster": "env", "index_right": 54, "centroid_id": 43, "dist_m": 66.95699870356222 }, "geometry": { "type": "Point", "coordinates": [ -80.8556686, 35.2159128 ] } },
{ "type": "Feature", "properties": { "osm_id": 1175759357, "name": null, "lat": 35.2168965, "lon": -80.8571242, "tags": { "access": "yes", "amenity": "bicycle_parking", "bicycle_parking": "stands", "capacity": "6", "covered": "partial", "fee": "no" }, "amenity": "bicycle_parking", "shop": null, "leisure": null, "tourism": null, "office": null, "public_transport": null, "healthcare": null, "craft": null, "stations_in_radius": [ "Bland" ], "stations_in_radius_dist_m": [ 205.33 ], "poi_cluster": "env", "index_right": 77, "centroid_id": 39, "dist_m": 72.524068840331879 }, "geometry": { "type": "Point", "coordinates": [ -80.8571242, 35.2168965 ] } },
{ "type": "Feature", "properties": { "osm_id": 1175759358, "name": null, "lat": 35.2177923, "lon": -80.8569711, "tags": { "amenity": "bicycle_parking", "bicycle_parking": "stands", "capacity": "6" }, "amenity": "bicycle_parking", "shop": null, "leisure": null, "tourism": null, "office": null, "public_transport": null, "healthcare": null, "craft": null, "stations_in_radius": [ "Bland" ], "stations_in_radius_dist_m": [ 266.54 ], "poi_cluster": "env", "index_right": 77, "centroid_id": 39, "dist_m": 31.260509326705552 }, "geometry": { "type": "Point", "coordinates": [ -80.8569711, 35.2177923 ] } },
{ "type": "Feature", "properties": { "osm_id": 1175759359, "name": null, "lat": 35.2157604, "lon": -80.8568945, "tags": { "amenity": "bicycle_parking", "bicycle_parking": "stands", "capacity": "6" }, "amenity": "bicycle_parking", "shop": null, "leisure": null, "tourism": null, "office": null, "public_transport": null, "healthcare": null, "craft": null, "stations_in_radius": [ "Bland" ], "stations_in_radius_dist_m": [ 147.14 ], "poi_cluster": "env", "index_right": 54, "centroid_id": 43, "dist_m": 67.909892164021656 }, "geometry": { "type": "Point", "coordinates": [ -80.8568945, 35.2157604 ] } },
{ "type": "Feature", "properties": { "osm_id": 1208586946, "name": null, "lat": 35.2170122, "lon": -80.8546961, "tags": { "amenity": "parking" }, "amenity": "parking", "shop": null, "leisure": null, "tourism": null, "office": null, "public_transport": null, "healthcare": null, "craft": null, "stations_in_radius": [ "Bland" ], "stations_in_radius_dist_m": [ 141.47 ], "poi_cluster": "env", "index_right": 4, "centroid_id": 54, "dist_m": 26.563442270183874 }, "geometry": { "type": "Point", "coordinates": [ -80.8546961, 35.2170122 ] } },
{ "type": "Feature", "properties": { "osm_id": 1209610745, "name": null, "lat": 35.2163284, "lon": -80.8526722, "tags": { "amenity": "parking" }, "amenity": "parking", "shop": null, "leisure": null, "tourism": null, "office": null, "public_transport": null, "healthcare": null, "craft": null, "stations_in_radius": [ "Bland" ], "stations_in_radius_dist_m": [ 243.69 ], "poi_cluster": "env", "index_right": 8, "centroid_id": 62, "dist_m": 42.08334496258108 }, "geometry": { "type": "Point", "coordinates": [ -80.8526722, 35.2163284 ] } },
{ "type": "Feature", "properties": { "osm_id": 1285775395, "name": null, "lat": 35.2126714, "lon": -80.8573263, "tags": { "amenity": "parking", "building": "yes", "building:levels": "8", "fee": "yes", "height": "24", "parking": "multi-storey" }, "amenity": "parking", "shop": null, "leisure": null, "tourism": null, "office": null, "public_transport": null, "healthcare": null, "craft": null, "stations_in_radius": [ "East/West" ], "stations_in_radius_dist_m": [ 186.38 ], "poi_cluster": "env", "index_right": 107, "centroid_id": 41, "dist_m": 65.806002916340859 }, "geometry": { "type": "Point", "coordinates": [ -80.8573263, 35.2126714 ] } },
{ "type": "Feature", "properties": { "osm_id": 1409279339, "name": null, "lat": 35.2184713, "lon": -80.8553155, "tags": { "amenity": "parking" }, "amenity": "parking", "shop": null, "leisure": null, "tourism": null, "office": null, "public_transport": null, "healthcare": null, "craft": null, "stations_in_radius": [ "Bland" ], "stations_in_radius_dist_m": [ 292.94 ], "poi_cluster": "env", "index_right": 147, "centroid_id": 50, "dist_m": 44.901702148678709 }, "geometry": { "type": "Point", "coordinates": [ -80.8553155, 35.2184713 ] } },
{ "type": "Feature", "properties": { "osm_id": 1409279340, "name": null, "lat": 35.2182956, "lon": -80.8556894, "tags": { "amenity": "parking" }, "amenity": "parking", "shop": null, "leisure": null, "tourism": null, "office": null, "public_transport": null, "healthcare": null, "craft": null, "stations_in_radius": [ "Bland" ], "stations_in_radius_dist_m": [ 275.96 ], "poi_cluster": "env", "index_right": 45, "centroid_id": 44, "dist_m": 36.250327416077326 }, "geometry": { "type": "Point", "coordinates": [ -80.8556894, 35.2182956 ] } },
{ "type": "Feature", "properties": { "osm_id": 1409279341, "name": null, "lat": 35.2179703, "lon": -80.8551277, "tags": { "amenity": "parking" }, "amenity": "parking", "shop": null, "leisure": null, "tourism": null, "office": null, "public_transport": null, "healthcare": null, "craft": null, "stations_in_radius": [ "Bland" ], "stations_in_radius_dist_m": [ 237.76 ], "poi_cluster": "env", "index_right": 175, "centroid_id": 52, "dist_m": 64.373692408866944 }, "geometry": { "type": "Point", "coordinates": [ -80.8551277, 35.2179703 ] } },
{ "type": "Feature", "properties": { "osm_id": 1409279342, "name": null, "lat": 35.2178641, "lon": -80.854813, "tags": { "amenity": "parking" }, "amenity": "parking", "shop": null, "leisure": null, "tourism": null, "office": null, "public_transport": null, "healthcare": null, "craft": null, "stations_in_radius": [ "Bland" ], "stations_in_radius_dist_m": [ 229.55 ], "poi_cluster": "env", "index_right": 175, "centroid_id": 52, "dist_m": 40.181003929628886 }, "geometry": { "type": "Point", "coordinates": [ -80.854813, 35.2178641 ] } },
{ "type": "Feature", "properties": { "osm_id": 1409279343, "name": null, "lat": 35.2181961, "lon": -80.8545834, "tags": { "amenity": "parking" }, "amenity": "parking", "shop": null, "leisure": null, "tourism": null, "office": null, "public_transport": null, "healthcare": null, "craft": null, "stations_in_radius": [ "Bland" ], "stations_in_radius_dist_m": [ 269.95 ], "poi_cluster": "env", "index_right": 125, "centroid_id": 55, "dist_m": 65.811535426313313 }, "geometry": { "type": "Point", "coordinates": [ -80.8545834, 35.2181961 ] } },
{ "type": "Feature", "properties": { "osm_id": 1409279344, "name": null, "lat": 35.2177144, "lon": -80.8569399, "tags": { "amenity": "parking" }, "amenity": "parking", "shop": null, "leisure": null, "tourism": null, "office": null, "public_transport": null, "healthcare": null, "craft": null, "stations_in_radius": [ "Bland" ], "stations_in_radius_dist_m": [ 257.87 ], "poi_cluster": "env", "index_right": 77, "centroid_id": 39, "dist_m": 22.188698246146735 }, "geometry": { "type": "Point", "coordinates": [ -80.8569399, 35.2177144 ] } },
{ "type": "Feature", "properties": { "osm_id": 1409279347, "name": null, "lat": 35.2199494, "lon": -80.8553863, "tags": { "amenity": "parking" }, "amenity": "parking", "shop": null, "leisure": null, "tourism": null, "office": null, "public_transport": null, "healthcare": null, "craft": null, "stations_in_radius": [ ], "stations_in_radius_dist_m": [ ], "poi_cluster": "env", "index_right": 144, "centroid_id": 42, "dist_m": 110.96472187697475 }, "geometry": { "type": "Point", "coordinates": [ -80.8553863, 35.2199494 ] } },
{ "type": "Feature", "properties": { "osm_id": 1409279355, "name": null, "lat": 35.2196033, "lon": -80.8573598, "tags": { "amenity": "parking" }, "amenity": "parking", "shop": null, "leisure": null, "tourism": null, "office": null, "public_transport": null, "healthcare": null, "craft": null, "stations_in_radius": [ "Bland" ], "stations_in_radius_dist_m": [ 459.28 ], "poi_cluster": "env", "index_right": 103, "centroid_id": 37, "dist_m": 19.649189919264561 }, "geometry": { "type": "Point", "coordinates": [ -80.8573598, 35.2196033 ] } },
{ "type": "Feature", "properties": { "osm_id": 1409279356, "name": null, "lat": 35.2172942, "lon": -80.8592248, "tags": { "amenity": "parking" }, "amenity": "parking", "shop": null, "leisure": null, "tourism": null, "office": null, "public_transport": null, "healthcare": null, "craft": null, "stations_in_radius": [ "Bland" ], "stations_in_radius_dist_m": [ 394.03 ], "poi_cluster": "env", "index_right": 135, "centroid_id": 19, "dist_m": 61.923241708017137 }, "geometry": { "type": "Point", "coordinates": [ -80.859224800000021, 35.217294199999984 ] } },
{ "type": "Feature", "properties": { "osm_id": 1409279357, "name": null, "lat": 35.2158735, "lon": -80.8579783, "tags": { "amenity": "parking" }, "amenity": "parking", "shop": null, "leisure": null, "tourism": null, "office": null, "public_transport": null, "healthcare": null, "craft": null, "stations_in_radius": [ "Bland" ], "stations_in_radius_dist_m": [ 245.62 ], "poi_cluster": "env", "index_right": 88, "centroid_id": 28, "dist_m": 71.982523619472602 }, "geometry": { "type": "Point", "coordinates": [ -80.8579783, 35.2158735 ] } },
{ "type": "Feature", "properties": { "osm_id": 1409279358, "name": null, "lat": 35.214953, "lon": -80.8587258, "tags": { "amenity": "parking" }, "amenity": "parking", "shop": null, "leisure": null, "tourism": null, "office": null, "public_transport": null, "healthcare": null, "craft": null, "stations_in_radius": "['Bland' 'East/West']", "stations_in_radius_dist_m": "[328.34 336.58]", "poi_cluster": "env", "index_right": 88, "centroid_id": 28, "dist_m": 54.835218113520504 }, "geometry": { "type": "Point", "coordinates": [ -80.8587258, 35.214953 ] } },
{ "type": "Feature", "properties": { "osm_id": 1409279359, "name": null, "lat": 35.2147431, "lon": -80.8589775, "tags": { "amenity": "parking" }, "amenity": "parking", "shop": null, "leisure": null, "tourism": null, "office": null, "public_transport": null, "healthcare": null, "craft": null, "stations_in_radius": "['East/West' 'Bland']", "stations_in_radius_dist_m": "[311.36 357.45]", "poi_cluster": "env", "index_right": 180, "centroid_id": 22, "dist_m": 54.40092448697164 }, "geometry": { "type": "Point", "coordinates": [ -80.8589775, 35.2147431 ] } },
{ "type": "Feature", "properties": { "osm_id": 1428169467, "name": null, "lat": 35.2146342, "lon": -80.8574685, "tags": { "amenity": "parking" }, "amenity": "parking", "shop": null, "leisure": null, "tourism": null, "office": null, "public_transport": null, "healthcare": null, "craft": null, "stations_in_radius": "['Bland' 'East/West']", "stations_in_radius_dist_m": "[239.29 336.54]", "poi_cluster": "env", "index_right": 120, "centroid_id": 38, "dist_m": 53.041333133019812 }, "geometry": { "type": "Point", "coordinates": [ -80.8574685, 35.2146342 ] } },
{ "type": "Feature", "properties": { "osm_id": 1428169472, "name": null, "lat": 35.2142507, "lon": -80.8539085, "tags": { "amenity": "parking" }, "amenity": "parking", "shop": null, "leisure": null, "tourism": null, "office": null, "public_transport": null, "healthcare": null, "craft": null, "stations_in_radius": [ ], "stations_in_radius_dist_m": [ ], "poi_cluster": "env", "index_right": 34, "centroid_id": 51, "dist_m": 80.35840096551992 }, "geometry": { "type": "Point", "coordinates": [ -80.8539085, 35.2142507 ] } },
{ "type": "Feature", "properties": { "osm_id": 1428169476, "name": null, "lat": 35.2146334, "lon": -80.8540857, "tags": { "amenity": "parking" }, "amenity": "parking", "shop": null, "leisure": null, "tourism": null, "office": null, "public_transport": null, "healthcare": null, "craft": null, "stations_in_radius": [ "Bland" ], "stations_in_radius_dist_m": [ 171.54 ], "poi_cluster": "env", "index_right": 34, "centroid_id": 51, "dist_m": 55.31571822763253 }, "geometry": { "type": "Point", "coordinates": [ -80.8540857, 35.2146334 ] } },
{ "type": "Feature", "properties": { "osm_id": 1428169477, "name": null, "lat": 35.2151003, "lon": -80.8533326, "tags": { "amenity": "parking" }, "amenity": "parking", "shop": null, "leisure": null, "tourism": null, "office": null, "public_transport": null, "healthcare": null, "craft": null, "stations_in_radius": [ "Bland" ], "stations_in_radius_dist_m": [ 194.84 ], "poi_cluster": "env", "index_right": 150, "centroid_id": 58, "dist_m": 72.834375838833452 }, "geometry": { "type": "Point", "coordinates": [ -80.8533326, 35.2151003 ] } },
{ "type": "Feature", "properties": { "osm_id": 1428169481, "name": null, "lat": 35.2138191, "lon": -80.8544628, "tags": { "amenity": "parking" }, "amenity": "parking", "shop": null, "leisure": null, "tourism": null, "office": null, "public_transport": null, "healthcare": null, "craft": null, "stations_in_radius": [ "Bland" ], "stations_in_radius_dist_m": [ 235.09 ], "poi_cluster": "env", "index_right": 34, "centroid_id": 51, "dist_m": 87.614131397058088 }, "geometry": { "type": "Point", "coordinates": [ -80.8544628, 35.2138191 ] } },
{ "type": "Feature", "properties": { "osm_id": 1428169483, "name": null, "lat": 35.2141957, "lon": -80.8544102, "tags": { "amenity": "parking" }, "amenity": "parking", "shop": null, "leisure": null, "tourism": null, "office": null, "public_transport": null, "healthcare": null, "craft": null, "stations_in_radius": [ "Bland" ], "stations_in_radius_dist_m": [ 197.78 ], "poi_cluster": "env", "index_right": 34, "centroid_id": 51, "dist_m": 50.318696188422862 }, "geometry": { "type": "Point", "coordinates": [ -80.8544102, 35.2141957 ] } },
{ "type": "Feature", "properties": { "osm_id": 1428169484, "name": null, "lat": 35.213723, "lon": -80.854933, "tags": { "amenity": "parking" }, "amenity": "parking", "shop": null, "leisure": null, "tourism": null, "office": null, "public_transport": null, "healthcare": null, "craft": null, "stations_in_radius": "['Bland' 'East/West']", "stations_in_radius_dist_m": "[235.79 433.37]", "poi_cluster": "env", "index_right": 101, "centroid_id": 48, "dist_m": 53.261750264639261 }, "geometry": { "type": "Point", "coordinates": [ -80.854933, 35.213723 ] } },
{ "type": "Feature", "properties": { "osm_id": 1428169485, "name": null, "lat": 35.2131753, "lon": -80.8555409, "tags": { "amenity": "parking" }, "amenity": "parking", "shop": null, "leisure": null, "tourism": null, "office": null, "public_transport": null, "healthcare": null, "craft": null, "stations_in_radius": "['Bland' 'East/West']", "stations_in_radius_dist_m": "[295.36 357.59]", "poi_cluster": "env", "index_right": 101, "centroid_id": 48, "dist_m": 56.672004073112205 }, "geometry": { "type": "Point", "coordinates": [ -80.8555409, 35.21317530000001 ] } },
{ "type": "Feature", "properties": { "osm_id": 1428169486, "name": null, "lat": 35.2126477, "lon": -80.856004, "tags": { "amenity": "parking" }, "amenity": "parking", "shop": null, "leisure": null, "tourism": null, "office": null, "public_transport": null, "healthcare": null, "craft": null, "stations_in_radius": "['East/West' 'Bland']", "stations_in_radius_dist_m": "[298.65 359.02]", "poi_cluster": "env", "index_right": 107, "centroid_id": 41, "dist_m": 57.828116430228228 }, "geometry": { "type": "Point", "coordinates": [ -80.856004, 35.2126477 ] } },
{ "type": "Feature", "properties": { "osm_id": 1428169487, "name": null, "lat": 35.2126869, "lon": -80.85546, "tags": { "amenity": "parking" }, "amenity": "parking", "shop": null, "leisure": null, "tourism": null, "office": null, "public_transport": null, "healthcare": null, "craft": null, "stations_in_radius": "['East/West' 'Bland']", "stations_in_radius_dist_m": "[347.68 348.96]", "poi_cluster": "env", "index_right": 129, "centroid_id": 47, "dist_m": 89.372805435121265 }, "geometry": { "type": "Point", "coordinates": [ -80.85546, 35.2126869 ] } },
{ "type": "Feature", "properties": { "osm_id": 1428169488, "name": null, "lat": 35.2128133, "lon": -80.8551583, "tags": { "amenity": "parking" }, "amenity": "parking", "shop": null, "leisure": null, "tourism": null, "office": null, "public_transport": null, "healthcare": null, "craft": null, "stations_in_radius": [ "East/West" ], "stations_in_radius_dist_m": [ 377.75 ], "poi_cluster": "env", "index_right": 140, "centroid_id": 53, "dist_m": 67.341211445064701 }, "geometry": { "type": "Point", "coordinates": [ -80.8551583, 35.212813299999986 ] } },
{ "type": "Feature", "properties": { "osm_id": 1428169490, "name": null, "lat": 35.2122181, "lon": -80.8565002, "tags": { "amenity": "parking" }, "amenity": "parking", "shop": null, "leisure": null, "tourism": null, "office": null, "public_transport": null, "healthcare": null, "craft": null, "stations_in_radius": [ "East/West" ], "stations_in_radius_dist_m": [ 244.94 ], "poi_cluster": "env", "index_right": 107, "centroid_id": 41, "dist_m": 63.815282188541943 }, "geometry": { "type": "Point", "coordinates": [ -80.856500200000013, 35.2122181 ] } },
{ "type": "Feature", "properties": { "osm_id": 1430326680, "name": null, "lat": 35.2118037, "lon": -80.8588587, "tags": { "amenity": "parking", "building": "yes", "height": "32", "min_height": "10", "parking": "multi-storey" }, "amenity": "parking", "shop": null, "leisure": null, "tourism": null, "office": null, "public_transport": null, "healthcare": null, "craft": null, "stations_in_radius": [ "East/West" ], "stations_in_radius_dist_m": [ 32.11 ], "poi_cluster": "env", "index_right": 132, "centroid_id": 21, "dist_m": 72.845451513602399 }, "geometry": { "type": "Point", "coordinates": [ -80.8588587, 35.2118037 ] } },
{ "type": "Feature", "properties": { "osm_id": 1448530641, "name": null, "lat": 35.2180282, "lon": -80.8599372, "tags": { "amenity": "parking" }, "amenity": "parking", "shop": null, "leisure": null, "tourism": null, "office": null, "public_transport": null, "healthcare": null, "craft": null, "stations_in_radius": [ "Bland" ], "stations_in_radius_dist_m": [ 488.96 ], "poi_cluster": "env", "index_right": 90, "centroid_id": 23, "dist_m": 68.915871884934617 }, "geometry": { "type": "Point", "coordinates": [ -80.8599372, 35.2180282 ] } },
{ "type": "Feature", "properties": { "osm_id": 1450790626, "name": null, "lat": 35.2133011, "lon": -80.8568463, "tags": { "amenity": "parking" }, "amenity": "parking", "shop": null, "leisure": null, "tourism": null, "office": null, "public_transport": null, "healthcare": null, "craft": null, "stations_in_radius": "['East/West' 'Bland']", "stations_in_radius_dist_m": "[259.83 314.61]", "poi_cluster": "env", "index_right": 107, "centroid_id": 41, "dist_m": 60.87464592397761 }, "geometry": { "type": "Point", "coordinates": [ -80.8568463, 35.2133011 ] } },
{ "type": "Feature", "properties": { "osm_id": 1450790627, "name": null, "lat": 35.2135405, "lon": -80.8565301, "tags": { "amenity": "parking" }, "amenity": "parking", "shop": null, "leisure": null, "tourism": null, "office": null, "public_transport": null, "healthcare": null, "craft": null, "stations_in_radius": "['Bland' 'East/West']", "stations_in_radius_dist_m": "[278.23 298.72]", "poi_cluster": "env", "index_right": 107, "centroid_id": 41, "dist_m": 84.098324160115183 }, "geometry": { "type": "Point", "coordinates": [ -80.8565301, 35.2135405 ] } },
{ "type": "Feature", "properties": { "osm_id": 1450790628, "name": null, "lat": 35.2139234, "lon": -80.8565281, "tags": { "amenity": "parking" }, "amenity": "parking", "shop": null, "leisure": null, "tourism": null, "office": null, "public_transport": null, "healthcare": null, "craft": null, "stations_in_radius": "['Bland' 'East/West']", "stations_in_radius_dist_m": "[240.02 325.88]", "poi_cluster": "env", "index_right": 120, "centroid_id": 38, "dist_m": 80.794063168367146 }, "geometry": { "type": "Point", "coordinates": [ -80.8565281, 35.2139234 ] } },
{ "type": "Feature", "properties": { "osm_id": 1450790629, "name": null, "lat": 35.2138456, "lon": -80.8569145, "tags": { "amenity": "parking" }, "amenity": "parking", "shop": null, "leisure": null, "tourism": null, "office": null, "public_transport": null, "healthcare": null, "craft": null, "stations_in_radius": "['Bland' 'East/West']", "stations_in_radius_dist_m": "[265.63 294.62]", "poi_cluster": "env", "index_right": 120, "centroid_id": 38, "dist_m": 82.507110363340203 }, "geometry": { "type": "Point", "coordinates": [ -80.8569145, 35.2138456 ] } },
{ "type": "Feature", "properties": { "osm_id": 1450790630, "name": null, "lat": 35.2137143, "lon": -80.856048, "tags": { "amenity": "parking" }, "amenity": "parking", "shop": null, "leisure": null, "tourism": null, "office": null, "public_transport": null, "healthcare": null, "craft": null, "stations_in_radius": "['Bland' 'East/West']", "stations_in_radius_dist_m": "[244.82 345.63]", "poi_cluster": "env", "index_right": 101, "centroid_id": 48, "dist_m": 48.480023935490159 }, "geometry": { "type": "Point", "coordinates": [ -80.856048, 35.2137143 ] } },
{ "type": "Feature", "properties": { "osm_id": 1469358544, "name": null, "lat": 35.2149228, "lon": -80.8600526, "tags": { "amenity": "parking" }, "amenity": "parking", "shop": null, "leisure": null, "tourism": null, "office": null, "public_transport": null, "healthcare": null, "craft": null, "stations_in_radius": "['East/West' 'Bland']", "stations_in_radius_dist_m": "[340.41 445.86]", "poi_cluster": "env", "index_right": 122, "centroid_id": 17, "dist_m": 38.483000861105531 }, "geometry": { "type": "Point", "coordinates": [ -80.860052600000017, 35.214922799999989 ] } },
{ "type": "Feature", "properties": { "osm_id": 1471520739, "name": null, "lat": 35.2154933, "lon": -80.8589696, "tags": { "amenity": "parking" }, "amenity": "parking", "shop": null, "leisure": null, "tourism": null, "office": null, "public_transport": null, "healthcare": null, "craft": null, "stations_in_radius": "['Bland' 'East/West']", "stations_in_radius_dist_m": "[337.87 394.48]", "poi_cluster": "env", "index_right": 88, "centroid_id": 28, "dist_m": 69.234582941405691 }, "geometry": { "type": "Point", "coordinates": [ -80.8589696, 35.215493299999984 ] } },
{ "type": "Feature", "properties": { "osm_id": 11008714, "name": null, "lat": 35.2161515, "lon": -80.8568812, "tags": { "amenity": "parking", "type": "multipolygon" }, "amenity": "parking", "shop": null, "leisure": null, "tourism": null, "office": null, "public_transport": null, "healthcare": null, "craft": null, "stations_in_radius": [ "Bland" ], "stations_in_radius_dist_m": [ 150.03 ], "poi_cluster": "env", "index_right": 54, "centroid_id": 43, "dist_m": 49.635104954713356 }, "geometry": { "type": "Point", "coordinates": [ -80.8568812, 35.2161515 ] } },
{ "type": "Feature", "properties": { "osm_id": 16341474, "name": null, "lat": 35.2163175, "lon": -80.8553924, "tags": { "amenity": "parking", "type": "multipolygon" }, "amenity": "parking", "shop": null, "leisure": null, "tourism": null, "office": null, "public_transport": null, "healthcare": null, "craft": null, "stations_in_radius": [ "Bland" ], "stations_in_radius_dist_m": [ 55.02 ], "poi_cluster": "env", "index_right": 49, "centroid_id": 49, "dist_m": 34.876997493104689 }, "geometry": { "type": "Point", "coordinates": [ -80.8553924, 35.2163175 ] } },
{ "type": "Feature", "properties": { "osm_id": 19581220, "name": null, "lat": 35.2132177, "lon": -80.8577831, "tags": { "amenity": "parking", "type": "multipolygon" }, "amenity": "parking", "shop": null, "leisure": null, "tourism": null, "office": null, "public_transport": null, "healthcare": null, "craft": null, "stations_in_radius": [ "East/West" ], "stations_in_radius_dist_m": [ 189.77 ], "poi_cluster": "env", "index_right": 85, "centroid_id": 34, "dist_m": 27.925599429592033 }, "geometry": { "type": "Point", "coordinates": [ -80.8577831, 35.2132177 ] } },
{ "type": "Feature", "properties": { "osm_id": 5550746601, "name": null, "lat": 35.2131409, "lon": -80.8597448, "tags": { "amenity": "waste_basket", "waste": "dog_excrement" }, "amenity": "waste_basket", "shop": null, "leisure": null, "tourism": null, "office": null, "public_transport": null, "healthcare": null, "craft": null, "stations_in_radius": [ "East/West" ], "stations_in_radius_dist_m": [ 143.09 ], "poi_cluster": "env", "index_right": 154, "centroid_id": 16, "dist_m": 41.722157045069203 }, "geometry": { "type": "Point", "coordinates": [ -80.8597448, 35.2131409 ] } },
{ "type": "Feature", "properties": { "osm_id": 5550746602, "name": null, "lat": 35.2135914, "lon": -80.8597518, "tags": { "amenity": "waste_basket", "waste": "dog_excrement" }, "amenity": "waste_basket", "shop": null, "leisure": null, "tourism": null, "office": null, "public_transport": null, "healthcare": null, "craft": null, "stations_in_radius": [ "East/West" ], "stations_in_radius_dist_m": [ 190.64 ], "poi_cluster": "env", "index_right": 154, "centroid_id": 16, "dist_m": 55.512793958619717 }, "geometry": { "type": "Point", "coordinates": [ -80.8597518, 35.2135914 ] } },
{ "type": "Feature", "properties": { "osm_id": 5550746603, "name": null, "lat": 35.2141751, "lon": -80.8592567, "tags": { "amenity": "waste_basket", "waste": "dog_excrement" }, "amenity": "waste_basket", "shop": null, "leisure": null, "tourism": null, "office": null, "public_transport": null, "healthcare": null, "craft": null, "stations_in_radius": "['East/West' 'Bland']", "stations_in_radius_dist_m": "[248.  405.8]", "poi_cluster": "env", "index_right": 180, "centroid_id": 22, "dist_m": 23.270383669606353 }, "geometry": { "type": "Point", "coordinates": [ -80.8592567, 35.2141751 ] } },
{ "type": "Feature", "properties": { "osm_id": 5550746604, "name": null, "lat": 35.2108176, "lon": -80.8604266, "tags": { "amenity": "waste_basket", "waste": "dog_excrement" }, "amenity": "waste_basket", "shop": null, "leisure": null, "tourism": null, "office": null, "public_transport": null, "healthcare": null, "craft": null, "stations_in_radius": [ "East/West" ], "stations_in_radius_dist_m": [ 169.04 ], "poi_cluster": "env", "index_right": 94, "centroid_id": 15, "dist_m": 31.465116143838266 }, "geometry": { "type": "Point", "coordinates": [ -80.8604266, 35.2108176 ] } },
{ "type": "Feature", "properties": { "osm_id": 5550760328, "name": null, "lat": 35.2125082, "lon": -80.8589911, "tags": { "amenity": "waste_basket" }, "amenity": "waste_basket", "shop": null, "leisure": null, "tourism": null, "office": null, "public_transport": null, "healthcare": null, "craft": null, "stations_in_radius": "['East/West' 'Bland']", "stations_in_radius_dist_m": "[ 65.08 499.79]", "poi_cluster": "env", "index_right": 64, "centroid_id": 25, "dist_m": 17.1624023720086 }, "geometry": { "type": "Point", "coordinates": [ -80.8589911, 35.2125082 ] } },
{ "type": "Feature", "properties": { "osm_id": 5550760329, "name": null, "lat": 35.2104133, "lon": -80.8606175, "tags": { "amenity": "waste_basket" }, "amenity": "waste_basket", "shop": null, "leisure": null, "tourism": null, "office": null, "public_transport": null, "healthcare": null, "craft": null, "stations_in_radius": [ "East/West" ], "stations_in_radius_dist_m": [ 214.53 ], "poi_cluster": "env", "index_right": 94, "centroid_id": 15, "dist_m": 19.34278205874579 }, "geometry": { "type": "Point", "coordinates": [ -80.8606175, 35.2104133 ] } },
{ "type": "Feature", "properties": { "osm_id": 5573606999, "name": null, "lat": 35.2132226, "lon": -80.8584711, "tags": { "amenity": "bicycle_parking", "bicycle_parking": "stands", "capacity": "6", "covered": "no" }, "amenity": "bicycle_parking", "shop": null, "leisure": null, "tourism": null, "office": null, "public_transport": null, "healthcare": null, "craft": null, "stations_in_radius": "['East/West' 'Bland']", "stations_in_radius_dist_m": "[155.82 409.84]", "poi_cluster": "env", "index_right": 56, "centroid_id": 30, "dist_m": 67.838594596459671 }, "geometry": { "type": "Point", "coordinates": [ -80.8584711, 35.2132226 ] } },
{ "type": "Feature", "properties": { "osm_id": 5573622155, "name": null, "lat": 35.2134127, "lon": -80.8588728, "tags": { "amenity": "waste_basket", "waste": "dog_excrement" }, "amenity": "waste_basket", "shop": null, "leisure": null, "tourism": null, "office": null, "public_transport": null, "healthcare": null, "craft": null, "stations_in_radius": "['East/West' 'Bland']", "stations_in_radius_dist_m": "[165.55 422.84]", "poi_cluster": "env", "index_right": 56, "centroid_id": 30, "dist_m": 86.104728286398014 }, "geometry": { "type": "Point", "coordinates": [ -80.8588728, 35.2134127 ] } },
{ "type": "Feature", "properties": { "osm_id": 5726256554, "name": null, "lat": 35.2105269, "lon": -80.8618471, "tags": { "amenity": "bench" }, "amenity": "bench", "shop": null, "leisure": null, "tourism": null, "office": null, "public_transport": null, "healthcare": null, "craft": null, "stations_in_radius": [ "East/West" ], "stations_in_radius_dist_m": [ 289.71 ], "poi_cluster": "env", "index_right": 30, "centroid_id": 9, "dist_m": 26.164863509136293 }, "geometry": { "type": "Point", "coordinates": [ -80.8618471, 35.2105269 ] } },
{ "type": "Feature", "properties": { "osm_id": 5726256555, "name": null, "lat": 35.2104754, "lon": -80.8616344, "tags": { "amenity": "bench" }, "amenity": "bench", "shop": null, "leisure": null, "tourism": null, "office": null, "public_transport": null, "healthcare": null, "craft": null, "stations_in_radius": [ "East/West" ], "stations_in_radius_dist_m": [ 276.93 ], "poi_cluster": "env", "index_right": 30, "centroid_id": 9, "dist_m": 36.914347504313447 }, "geometry": { "type": "Point", "coordinates": [ -80.8616344, 35.2104754 ] } },
{ "type": "Feature", "properties": { "osm_id": 5726256556, "name": null, "lat": 35.2108412, "lon": -80.8604071, "tags": { "amenity": "bench" }, "amenity": "bench", "shop": null, "leisure": null, "tourism": null, "office": null, "public_transport": null, "healthcare": null, "craft": null, "stations_in_radius": [ "East/West" ], "stations_in_radius_dist_m": [ 165.91 ], "poi_cluster": "env", "index_right": 94, "centroid_id": 15, "dist_m": 34.299467930330465 }, "geometry": { "type": "Point", "coordinates": [ -80.8604071, 35.2108412 ] } },
{ "type": "Feature", "properties": { "osm_id": 5764307593, "name": null, "lat": 35.2122861, "lon": -80.8589489, "tags": { "amenity": "vending_machine", "check_date": "2025-03-14", "vending": "public_transport_tickets" }, "amenity": "vending_machine", "shop": null, "leisure": null, "tourism": null, "office": null, "public_transport": null, "healthcare": null, "craft": null, "stations_in_radius": "['East/West' 'Bland']", "stations_in_radius_dist_m": "[ 43.34 515.72]", "poi_cluster": "env", "index_right": 64, "centroid_id": 25, "dist_m": 33.018066105262285 }, "geometry": { "type": "Point", "coordinates": [ -80.8589489, 35.2122861 ] } },
{ "type": "Feature", "properties": { "osm_id": 5764307594, "name": null, "lat": 35.2122248, "lon": -80.8588362, "tags": { "amenity": "vending_machine", "check_date": "2025-03-14", "vending": "public_transport_tickets" }, "amenity": "vending_machine", "shop": null, "leisure": null, "tourism": null, "office": null, "public_transport": null, "healthcare": null, "craft": null, "stations_in_radius": "['East/West' 'Bland']", "stations_in_radius_dist_m": "[ 43.82 514.4 ]", "poi_cluster": "env", "index_right": 64, "centroid_id": 25, "dist_m": 37.521978386103278 }, "geometry": { "type": "Point", "coordinates": [ -80.8588362, 35.2122248 ] } },
{ "type": "Feature", "properties": { "osm_id": 10925138139, "name": null, "lat": 35.2099007, "lon": -80.8556635, "tags": { "access": "yes", "amenity": "bicycle_parking", "bicycle_parking": "stands", "capacity": "2", "covered": "no", "foot_traffic": "low", "indoor": "no" }, "amenity": "bicycle_parking", "shop": null, "leisure": null, "tourism": null, "office": null, "public_transport": null, "healthcare": null, "craft": null, "stations_in_radius": [ "East/West" ], "stations_in_radius_dist_m": [ 391.16 ], "poi_cluster": "env", "index_right": 153, "centroid_id": 46, "dist_m": 23.563790689345485 }, "geometry": { "type": "Point", "coordinates": [ -80.8556635, 35.2099007 ] } },
{ "type": "Feature", "properties": { "osm_id": 10925138140, "name": null, "lat": 35.2138745, "lon": -80.8580668, "tags": { "amenity": "bicycle_parking", "bicycle_parking": "stands", "capacity": "6" }, "amenity": "bicycle_parking", "shop": null, "leisure": null, "tourism": null, "office": null, "public_transport": null, "healthcare": null, "craft": null, "stations_in_radius": "['East/West' 'Bland']", "stations_in_radius_dist_m": "[236.87 333.71]", "poi_cluster": "env", "index_right": 56, "centroid_id": 30, "dist_m": 21.784213364639989 }, "geometry": { "type": "Point", "coordinates": [ -80.8580668, 35.21387450000001 ] } },
{ "type": "Feature", "properties": { "osm_id": 10925138141, "name": null, "lat": 35.2149807, "lon": -80.8568398, "tags": { "amenity": "bicycle_parking", "bicycle_parking": "stands", "capacity": "4" }, "amenity": "bicycle_parking", "shop": null, "leisure": null, "tourism": null, "office": null, "public_transport": null, "healthcare": null, "craft": null, "stations_in_radius": "['Bland' 'East/West']", "stations_in_radius_dist_m": "[170.36 398.36]", "poi_cluster": "env", "index_right": 120, "centroid_id": 38, "dist_m": 43.634126167431518 }, "geometry": { "type": "Point", "coordinates": [ -80.8568398, 35.2149807 ] } },
{ "type": "Feature", "properties": { "osm_id": 10925138143, "name": null, "lat": 35.2152167, "lon": -80.8566554, "tags": { "access": "yes", "amenity": "bicycle_parking", "bicycle_parking": "stands", "capacity": "5" }, "amenity": "bicycle_parking", "shop": null, "leisure": null, "tourism": null, "office": null, "public_transport": null, "healthcare": null, "craft": null, "stations_in_radius": "['Bland' 'East/West']", "stations_in_radius_dist_m": "[142.46 429.45]", "poi_cluster": "env", "index_right": 120, "centroid_id": 38, "dist_m": 72.739533225464228 }, "geometry": { "type": "Point", "coordinates": [ -80.8566554, 35.2152167 ] } },
{ "type": "Feature", "properties": { "osm_id": 10925138145, "name": null, "lat": 35.2150893, "lon": -80.856591, "tags": { "amenity": "bicycle_parking", "bicycle_parking": "stands", "capacity": "2" }, "amenity": "bicycle_parking", "shop": null, "leisure": null, "tourism": null, "office": null, "public_transport": null, "healthcare": null, "craft": null, "stations_in_radius": "['Bland' 'East/West']", "stations_in_radius_dist_m": "[144.86 420.81]", "poi_cluster": "env", "index_right": 120, "centroid_id": 38, "dist_m": 61.702914610675037 }, "geometry": { "type": "Point", "coordinates": [ -80.856591, 35.2150893 ] } },
{ "type": "Feature", "properties": { "osm_id": 10925138146, "name": null, "lat": 35.2157027, "lon": -80.856141, "tags": { "amenity": "bicycle_parking", "bicycle_parking": "stands", "capacity": "2" }, "amenity": "bicycle_parking", "shop": null, "leisure": null, "tourism": null, "office": null, "public_transport": null, "healthcare": null, "craft": null, "stations_in_radius": "['Bland' 'East/West']", "stations_in_radius_dist_m": "[ 79.62 500.13]", "poi_cluster": "env", "index_right": 54, "centroid_id": 43, "dist_m": 54.426307140926909 }, "geometry": { "type": "Point", "coordinates": [ -80.856141, 35.2157027 ] } },
{ "type": "Feature", "properties": { "osm_id": 10925138164, "name": null, "lat": 35.2154334, "lon": -80.8577598, "tags": { "amenity": "bicycle_parking", "bicycle_parking": "stands", "capacity": "4" }, "amenity": "bicycle_parking", "shop": null, "leisure": null, "tourism": null, "office": null, "public_transport": null, "healthcare": null, "craft": null, "stations_in_radius": "['Bland' 'East/West']", "stations_in_radius_dist_m": "[229.94 408.13]", "poi_cluster": "env", "index_right": 88, "centroid_id": 28, "dist_m": 49.161362879462999 }, "geometry": { "type": "Point", "coordinates": [ -80.8577598, 35.2154334 ] } },
{ "type": "Feature", "properties": { "osm_id": 10925138165, "name": null, "lat": 35.2117548, "lon": -80.8597822, "tags": { "amenity": "bicycle_parking", "bicycle_parking": "bollard", "capacity": "2" }, "amenity": "bicycle_parking", "shop": null, "leisure": null, "tourism": null, "office": null, "public_transport": null, "healthcare": null, "craft": null, "stations_in_radius": [ "East/West" ], "stations_in_radius_dist_m": [ 59.38 ], "poi_cluster": "env", "index_right": 132, "centroid_id": 21, "dist_m": 16.527193584041502 }, "geometry": { "type": "Point", "coordinates": [ -80.8597822, 35.2117548 ] } },
{ "type": "Feature", "properties": { "osm_id": 10925138166, "name": null, "lat": 35.2117408, "lon": -80.8597487, "tags": { "amenity": "bicycle_parking", "bicycle_parking": "bollard", "capacity": "2" }, "amenity": "bicycle_parking", "shop": null, "leisure": null, "tourism": null, "office": null, "public_transport": null, "healthcare": null, "craft": null, "stations_in_radius": [ "East/West" ], "stations_in_radius_dist_m": [ 57.12 ], "poi_cluster": "env", "index_right": 132, "centroid_id": 21, "dist_m": 13.19293343836207 }, "geometry": { "type": "Point", "coordinates": [ -80.8597487, 35.2117408 ] } },
{ "type": "Feature", "properties": { "osm_id": 10925138168, "name": null, "lat": 35.2108315, "lon": -80.8604358, "tags": { "access": "yes", "amenity": "bicycle_parking", "bicycle_parking": "stands", "capacity": "8", "covered": "no", "foot_traffic": "high", "indoor": "no" }, "amenity": "bicycle_parking", "shop": null, "leisure": null, "tourism": null, "office": null, "public_transport": null, "healthcare": null, "craft": null, "stations_in_radius": [ "East/West" ], "stations_in_radius_dist_m": [ 168.48 ], "poi_cluster": "env", "index_right": 94, "centroid_id": 15, "dist_m": 32.916161253414181 }, "geometry": { "type": "Point", "coordinates": [ -80.8604358, 35.2108315 ] } },
{ "type": "Feature", "properties": { "osm_id": 10925138169, "name": null, "lat": 35.2105672, "lon": -80.8618789, "tags": { "amenity": "bicycle_parking", "bicycle_parking": "stands", "capacity": "2" }, "amenity": "bicycle_parking", "shop": null, "leisure": null, "tourism": null, "office": null, "public_transport": null, "healthcare": null, "craft": null, "stations_in_radius": [ "East/West" ], "stations_in_radius_dist_m": [ 289.77 ], "poi_cluster": "env", "index_right": 30, "centroid_id": 9, "dist_m": 21.985588250417432 }, "geometry": { "type": "Point", "coordinates": [ -80.8618789, 35.2105672 ] } },
{ "type": "Feature", "properties": { "osm_id": 10925138170, "name": null, "lat": 35.2107943, "lon": -80.8621209, "tags": { "amenity": "bicycle_parking", "bicycle_parking": "stands", "capacity": "2" }, "amenity": "bicycle_parking", "shop": null, "leisure": null, "tourism": null, "office": null, "public_transport": null, "healthcare": null, "craft": null, "stations_in_radius": [ "East/West" ], "stations_in_radius_dist_m": [ 297.12 ], "poi_cluster": "env", "index_right": 30, "centroid_id": 9, "dist_m": 25.883877027437954 }, "geometry": { "type": "Point", "coordinates": [ -80.8621209, 35.210794299999989 ] } },
{ "type": "Feature", "properties": { "osm_id": 10925138175, "name": null, "lat": 35.2105944, "lon": -80.864501, "tags": { "amenity": "bicycle_parking", "bicycle_parking": "stands", "capacity": "4" }, "amenity": "bicycle_parking", "shop": null, "leisure": null, "tourism": null, "office": null, "public_transport": null, "healthcare": null, "craft": null, "stations_in_radius": [ "East/West" ], "stations_in_radius_dist_m": [ 507.64 ], "poi_cluster": "env", "index_right": 121, "centroid_id": 4, "dist_m": 171.01732325721701 }, "geometry": { "type": "Point", "coordinates": [ -80.864501, 35.2105944 ] } },
{ "type": "Feature", "properties": { "osm_id": 10964353783, "name": null, "lat": 35.2090622, "lon": -80.8611705, "tags": { "access": "yes", "amenity": "bicycle_parking", "capacity": "8", "covered": "no" }, "amenity": "bicycle_parking", "shop": null, "leisure": null, "tourism": null, "office": null, "public_transport": null, "healthcare": null, "craft": null, "stations_in_radius": [ "East/West" ], "stations_in_radius_dist_m": [ 367.44 ], "poi_cluster": "env", "index_right": 10, "centroid_id": 18, "dist_m": 144.22848654501064 }, "geometry": { "type": "Point", "coordinates": [ -80.8611705, 35.2090622 ] } },
{ "type": "Feature", "properties": { "osm_id": 10964353791, "name": null, "lat": 35.2089783, "lon": -80.8610039, "tags": { "amenity": "bench" }, "amenity": "bench", "shop": null, "leisure": null, "tourism": null, "office": null, "public_transport": null, "healthcare": null, "craft": null, "stations_in_radius": [ "East/West" ], "stations_in_radius_dist_m": [ 368.43 ], "poi_cluster": "env", "index_right": 32, "centroid_id": 14, "dist_m": 136.21565969044033 }, "geometry": { "type": "Point", "coordinates": [ -80.8610039, 35.2089783 ] } },
{ "type": "Feature", "properties": { "osm_id": 10992352563, "name": null, "lat": 35.2092176, "lon": -80.8623644, "tags": { "access": "yes", "amenity": "bicycle_parking", "bicycle_parking": "rack", "capacity": "18", "covered": "no" }, "amenity": "bicycle_parking", "shop": null, "leisure": null, "tourism": null, "office": null, "public_transport": null, "healthcare": null, "craft": null, "stations_in_radius": [ "East/West" ], "stations_in_radius_dist_m": [ 419.15 ], "poi_cluster": "env", "index_right": 82, "centroid_id": 3, "dist_m": 149.70778794731754 }, "geometry": { "type": "Point", "coordinates": [ -80.8623644, 35.2092176 ] } },
{ "type": "Feature", "properties": { "osm_id": 11009406049, "name": null, "lat": 35.2088268, "lon": -80.861901, "tags": { "access": "yes", "amenity": "bicycle_parking", "bicycle_parking": "stands", "capacity": "4", "covered": "yes" }, "amenity": "bicycle_parking", "shop": null, "leisure": null, "tourism": null, "office": null, "public_transport": null, "healthcare": null, "craft": null, "stations_in_radius": [ ], "stations_in_radius_dist_m": [ ], "poi_cluster": "env", "index_right": 32, "centroid_id": 14, "dist_m": 170.73938583967043 }, "geometry": { "type": "Point", "coordinates": [ -80.861901, 35.2088268 ] } },
{ "type": "Feature", "properties": { "osm_id": 11009406050, "name": null, "lat": 35.2088989, "lon": -80.8618494, "tags": { "access": "yes", "amenity": "bicycle_parking", "bicycle_parking": "stands", "capacity": "4", "covered": "yes" }, "amenity": "bicycle_parking", "shop": null, "leisure": null, "tourism": null, "office": null, "public_transport": null, "healthcare": null, "craft": null, "stations_in_radius": [ ], "stations_in_radius_dist_m": [ ], "poi_cluster": "env", "index_right": 32, "centroid_id": 14, "dist_m": 172.57420551072789 }, "geometry": { "type": "Point", "coordinates": [ -80.8618494, 35.2088989 ] } },
{ "type": "Feature", "properties": { "osm_id": 11099626605, "name": null, "lat": 35.208847, "lon": -80.8634633, "tags": { "amenity": "bicycle_parking", "bicycle_parking": "stands", "capacity": "4", "covered": "no" }, "amenity": "bicycle_parking", "shop": null, "leisure": null, "tourism": null, "office": null, "public_transport": null, "healthcare": null, "craft": null, "stations_in_radius": [ "East/West" ], "stations_in_radius_dist_m": [ 519.96 ], "poi_cluster": "env", "index_right": 82, "centroid_id": 3, "dist_m": 46.35242408728093 }, "geometry": { "type": "Point", "coordinates": [ -80.8634633, 35.208847 ] } },
{ "type": "Feature", "properties": { "osm_id": 11099629305, "name": null, "lat": 35.2098547, "lon": -80.8623635, "tags": { "amenity": "bicycle_parking", "bicycle_parking": "wave", "capacity": "7", "covered": "partial" }, "amenity": "bicycle_parking", "shop": null, "leisure": null, "tourism": null, "office": null, "public_transport": null, "healthcare": null, "craft": null, "stations_in_radius": [ "East/West" ], "stations_in_radius_dist_m": [ 371.44 ], "poi_cluster": "env", "index_right": 30, "centroid_id": 9, "dist_m": 111.4395398949964 }, "geometry": { "type": "Point", "coordinates": [ -80.8623635, 35.2098547 ] } },
{ "type": "Feature", "properties": { "osm_id": 11099632105, "name": null, "lat": 35.2098826, "lon": -80.8627736, "tags": { "amenity": "bicycle_parking", "bicycle_parking": "stands", "capacity": "6", "covered": "partial" }, "amenity": "bicycle_parking", "shop": null, "leisure": null, "tourism": null, "office": null, "public_transport": null, "healthcare": null, "craft": null, "stations_in_radius": [ "East/West" ], "stations_in_radius_dist_m": [ 399.55 ], "poi_cluster": "env", "index_right": 30, "centroid_id": 9, "dist_m": 129.46582746545704 }, "geometry": { "type": "Point", "coordinates": [ -80.8627736, 35.2098826 ] } },
{ "type": "Feature", "properties": { "osm_id": 11099632106, "name": null, "lat": 35.2098837, "lon": -80.8627291, "tags": { "amenity": "bicycle_parking", "bicycle_parking": "stands", "capacity": "6", "covered": "partial" }, "amenity": "bicycle_parking", "shop": null, "leisure": null, "tourism": null, "office": null, "public_transport": null, "healthcare": null, "craft": null, "stations_in_radius": [ "East/West" ], "stations_in_radius_dist_m": [ 396.16 ], "poi_cluster": "env", "index_right": 30, "centroid_id": 9, "dist_m": 126.74787050667899 }, "geometry": { "type": "Point", "coordinates": [ -80.8627291, 35.2098837 ] } },
{ "type": "Feature", "properties": { "osm_id": 11099632107, "name": null, "lat": 35.2101701, "lon": -80.8619303, "tags": { "amenity": "bicycle_parking", "bicycle_parking": "stands", "capacity": "7", "covered": "no" }, "amenity": "bicycle_parking", "shop": null, "leisure": null, "tourism": null, "office": null, "public_transport": null, "healthcare": null, "craft": null, "stations_in_radius": [ "East/West" ], "stations_in_radius_dist_m": [ 318.82 ], "poi_cluster": "env", "index_right": 30, "centroid_id": 9, "dist_m": 66.245816143767726 }, "geometry": { "type": "Point", "coordinates": [ -80.8619303, 35.2101701 ] } },
{ "type": "Feature", "properties": { "osm_id": 11099640705, "name": null, "lat": 35.21034, "lon": -80.8614369, "tags": { "amenity": "bicycle_parking", "bicycle_parking": "stands", "capacity": "7", "covered": "partial" }, "amenity": "bicycle_parking", "shop": null, "leisure": null, "tourism": null, "office": null, "public_transport": null, "healthcare": null, "craft": null, "stations_in_radius": [ "East/West" ], "stations_in_radius_dist_m": [ 272.13 ], "poi_cluster": "env", "index_right": 30, "centroid_id": 9, "dist_m": 59.482761825859896 }, "geometry": { "type": "Point", "coordinates": [ -80.8614369, 35.21034 ] } },
{ "type": "Feature", "properties": { "osm_id": 11099652505, "name": null, "lat": 35.2122256, "lon": -80.8598379, "tags": { "amenity": "bicycle_parking", "bicycle_parking": "bollard", "capacity": "2", "covered": "yes" }, "amenity": "bicycle_parking", "shop": null, "leisure": null, "tourism": null, "office": null, "public_transport": null, "healthcare": null, "craft": null, "stations_in_radius": [ "East/West" ], "stations_in_radius_dist_m": [ 68.55 ], "poi_cluster": "env", "index_right": 132, "centroid_id": 21, "dist_m": 65.050328727442249 }, "geometry": { "type": "Point", "coordinates": [ -80.8598379, 35.212225599999989 ] } },
{ "type": "Feature", "properties": { "osm_id": 11099652506, "name": null, "lat": 35.2122342, "lon": -80.8598559, "tags": { "amenity": "bicycle_parking", "bicycle_parking": "bollard", "capacity": "2", "covered": "yes" }, "amenity": "bicycle_parking", "shop": null, "leisure": null, "tourism": null, "office": null, "public_transport": null, "healthcare": null, "craft": null, "stations_in_radius": [ "East/West" ], "stations_in_radius_dist_m": [ 70.44 ], "poi_cluster": "env", "index_right": 132, "centroid_id": 21, "dist_m": 66.432974025756593 }, "geometry": { "type": "Point", "coordinates": [ -80.8598559, 35.2122342 ] } },
{ "type": "Feature", "properties": { "osm_id": 11099665905, "name": null, "lat": 35.2121085, "lon": -80.8602526, "tags": { "amenity": "bicycle_parking", "bicycle_parking": "bollard", "capacity": "2", "covered": "yes" }, "amenity": "bicycle_parking", "shop": null, "leisure": null, "tourism": null, "office": null, "public_transport": null, "healthcare": null, "craft": null, "stations_in_radius": [ "East/West" ], "stations_in_radius_dist_m": [ 100.29 ], "poi_cluster": "env", "index_right": 123, "centroid_id": 12, "dist_m": 44.194764665562928 }, "geometry": { "type": "Point", "coordinates": [ -80.8602526, 35.2121085 ] } },
{ "type": "Feature", "properties": { "osm_id": 11099665906, "name": null, "lat": 35.2121805, "lon": -80.8602008, "tags": { "amenity": "bicycle_parking", "bicycle_parking": "wall_loops", "capacity": "11", "covered": "yes" }, "amenity": "bicycle_parking", "shop": null, "leisure": null, "tourism": null, "office": null, "public_transport": null, "healthcare": null, "craft": null, "stations_in_radius": [ "East/West" ], "stations_in_radius_dist_m": [ 97.54 ], "poi_cluster": "env", "index_right": 123, "centroid_id": 12, "dist_m": 49.457237807644127 }, "geometry": { "type": "Point", "coordinates": [ -80.8602008, 35.2121805 ] } },
{ "type": "Feature", "properties": { "osm_id": 11099665907, "name": null, "lat": 35.2122008, "lon": -80.8601888, "tags": { "amenity": "bicycle_parking", "bicycle_parking": "bollard", "capacity": "8", "covered": "yes" }, "amenity": "bicycle_parking", "shop": null, "leisure": null, "tourism": null, "office": null, "public_transport": null, "healthcare": null, "craft": null, "stations_in_radius": [ "East/West" ], "stations_in_radius_dist_m": [ 97.13 ], "poi_cluster": "env", "index_right": 123, "centroid_id": 12, "dist_m": 50.914519044307319 }, "geometry": { "type": "Point", "coordinates": [ -80.8601888, 35.212200799999984 ] } },
{ "type": "Feature", "properties": { "osm_id": 11099666705, "name": null, "lat": 35.2121384, "lon": -80.8602349, "tags": { "amenity": "bicycle_parking", "bicycle_parking": "wall_loops", "capacity": "23", "covered": "yes" }, "amenity": "bicycle_parking", "shop": null, "leisure": null, "tourism": null, "office": null, "public_transport": null, "healthcare": null, "craft": null, "stations_in_radius": [ "East/West" ], "stations_in_radius_dist_m": [ 99.39 ], "poi_cluster": "env", "index_right": 123, "centroid_id": 12, "dist_m": 45.8810112609059 }, "geometry": { "type": "Point", "coordinates": [ -80.8602349, 35.2121384 ] } },
{ "type": "Feature", "properties": { "osm_id": 11099666706, "name": null, "lat": 35.210245, "lon": -80.8607048, "tags": { "amenity": "bicycle_parking", "bicycle_parking": "stands", "capacity": "8", "covered": "no" }, "amenity": "bicycle_parking", "shop": null, "leisure": null, "tourism": null, "office": null, "public_transport": null, "healthcare": null, "craft": null, "stations_in_radius": [ "East/West" ], "stations_in_radius_dist_m": [ 234.2 ], "poi_cluster": "env", "index_right": 94, "centroid_id": 15, "dist_m": 38.877152374056621 }, "geometry": { "type": "Point", "coordinates": [ -80.8607048, 35.210245 ] } },
{ "type": "Feature", "properties": { "osm_id": 11099669005, "name": null, "lat": 35.2122866, "lon": -80.8607193, "tags": { "amenity": "bicycle_parking", "bicycle_parking": "bollard", "capacity": "2", "covered": "no" }, "amenity": "bicycle_parking", "shop": null, "leisure": null, "tourism": null, "office": null, "public_transport": null, "healthcare": null, "craft": null, "stations_in_radius": [ "East/West" ], "stations_in_radius_dist_m": [ 146.16 ], "poi_cluster": "env", "index_right": 123, "centroid_id": 12, "dist_m": 19.212738049954126 }, "geometry": { "type": "Point", "coordinates": [ -80.8607193, 35.2122866 ] } },
{ "type": "Feature", "properties": { "osm_id": 11099681805, "name": null, "lat": 35.2094315, "lon": -80.8613821, "tags": { "amenity": "bicycle_parking", "bicycle_parking": "rack", "capacity": "9", "covered": "no" }, "amenity": "bicycle_parking", "shop": null, "leisure": null, "tourism": null, "office": null, "public_transport": null, "healthcare": null, "craft": null, "stations_in_radius": [ "East/West" ], "stations_in_radius_dist_m": [ 343.41 ], "poi_cluster": "env", "index_right": 10, "centroid_id": 18, "dist_m": 141.43878017342718 }, "geometry": { "type": "Point", "coordinates": [ -80.8613821, 35.2094315 ] } },
{ "type": "Feature", "properties": { "osm_id": 11100986205, "name": null, "lat": 35.2084848, "lon": -80.860466, "tags": { "amenity": "bicycle_parking", "bicycle_parking": "stands", "capacity": "10", "covered": "no" }, "amenity": "bicycle_parking", "shop": null, "leisure": null, "tourism": null, "office": null, "public_transport": null, "healthcare": null, "craft": null, "stations_in_radius": [ "East/West" ], "stations_in_radius_dist_m": [ 400.93 ], "poi_cluster": "env", "index_right": 32, "centroid_id": 14, "dist_m": 72.551422186277378 }, "geometry": { "type": "Point", "coordinates": [ -80.860466, 35.208484800000015 ] } },
{ "type": "Feature", "properties": { "osm_id": 11102351545, "name": null, "lat": 35.211106, "lon": -80.8614833, "tags": { "amenity": "vending_machine", "bin": "yes", "fee": "no", "vending": "excrement_bags" }, "amenity": "vending_machine", "shop": null, "leisure": null, "tourism": null, "office": null, "public_transport": null, "healthcare": null, "craft": null, "stations_in_radius": [ "East/West" ], "stations_in_radius_dist_m": [ 229.97 ], "poi_cluster": "env", "index_right": 173, "centroid_id": 11, "dist_m": 37.609278120227351 }, "geometry": { "type": "Point", "coordinates": [ -80.8614833, 35.211106 ] } },
{ "type": "Feature", "properties": { "osm_id": 11102351558, "name": null, "lat": 35.2114297, "lon": -80.8605223, "tags": { "access": "yes", "amenity": "toilets", "fee": "no", "female": "yes", "male": "yes", "paper_supplied": "yes", "toilets:disposal": "flush", "toilets:handwashing": "yes", "toilets:position": "seated;urinal" }, "amenity": "toilets", "shop": null, "leisure": null, "tourism": null, "office": null, "public_transport": null, "healthcare": null, "craft": null, "stations_in_radius": [ "East/West" ], "stations_in_radius_dist_m": [ 135.47 ], "poi_cluster": "env", "index_right": 123, "centroid_id": 12, "dist_m": 78.395246557524814 }, "geometry": { "type": "Point", "coordinates": [ -80.8605223, 35.2114297 ] } },
{ "type": "Feature", "properties": { "osm_id": 11102351565, "name": null, "lat": 35.2112216, "lon": -80.8604547, "tags": { "amenity": "bench", "armrest": "no", "material": "wood" }, "amenity": "bench", "shop": null, "leisure": null, "tourism": null, "office": null, "public_transport": null, "healthcare": null, "craft": null, "stations_in_radius": [ "East/West" ], "stations_in_radius_dist_m": [ 141.49 ], "poi_cluster": "env", "index_right": 94, "centroid_id": 15, "dist_m": 76.069397691550932 }, "geometry": { "type": "Point", "coordinates": [ -80.8604547, 35.2112216 ] } },
{ "type": "Feature", "properties": { "osm_id": 11102351574, "name": null, "lat": 35.2112114, "lon": -80.8604333, "tags": { "amenity": "bench", "armrest": "no", "material": "wood" }, "amenity": "bench", "shop": null, "leisure": null, "tourism": null, "office": null, "public_transport": null, "healthcare": null, "craft": null, "stations_in_radius": [ "East/West" ], "stations_in_radius_dist_m": [ 140.53 ], "poi_cluster": "env", "index_right": 94, "centroid_id": 15, "dist_m": 74.990699598686945 }, "geometry": { "type": "Point", "coordinates": [ -80.8604333, 35.2112114 ] } },
{ "type": "Feature", "properties": { "osm_id": 11102351579, "name": null, "lat": 35.2112016, "lon": -80.8604125, "tags": { "amenity": "bench", "armrest": "no", "material": "wood" }, "amenity": "bench", "shop": null, "leisure": null, "tourism": null, "office": null, "public_transport": null, "healthcare": null, "craft": null, "stations_in_radius": [ "East/West" ], "stations_in_radius_dist_m": [ 139.62 ], "poi_cluster": "env", "index_right": 94, "centroid_id": 15, "dist_m": 74.00551832887335 }, "geometry": { "type": "Point", "coordinates": [ -80.8604125, 35.2112016 ] } },
{ "type": "Feature", "properties": { "osm_id": 11102351584, "name": null, "lat": 35.2114429, "lon": -80.8605002, "tags": { "access": "yes", "amenity": "drinking_water", "bottle": "yes", "fee": "no", "indoor": "yes" }, "amenity": "drinking_water", "shop": null, "leisure": null, "tourism": null, "office": null, "public_transport": null, "healthcare": null, "craft": null, "stations_in_radius": [ "East/West" ], "stations_in_radius_dist_m": [ 133.03 ], "poi_cluster": "env", "index_right": 123, "centroid_id": 12, "dist_m": 77.51662556914755 }, "geometry": { "type": "Point", "coordinates": [ -80.8605002, 35.2114429 ] } },
{ "type": "Feature", "properties": { "osm_id": 11106987860, "name": null, "lat": 35.2093785, "lon": -80.8614274, "tags": { "amenity": "bench", "armrest": "no", "backrest": "no", "material": "wood" }, "amenity": "bench", "shop": null, "leisure": null, "tourism": null, "office": null, "public_transport": null, "healthcare": null, "craft": null, "stations_in_radius": [ "East/West" ], "stations_in_radius_dist_m": [ 350.59 ], "poi_cluster": "env", "index_right": 10, "centroid_id": 18, "dist_m": 147.3516363226214 }, "geometry": { "type": "Point", "coordinates": [ -80.8614274, 35.2093785 ] } },
{ "type": "Feature", "properties": { "osm_id": 11106987871, "name": null, "lat": 35.2093996, "lon": -80.8614108, "tags": { "amenity": "bench", "armrest": "no", "backrest": "no", "material": "wood" }, "amenity": "bench", "shop": null, "leisure": null, "tourism": null, "office": null, "public_transport": null, "healthcare": null, "craft": null, "stations_in_radius": [ "East/West" ], "stations_in_radius_dist_m": [ 347.81 ], "poi_cluster": "env", "index_right": 10, "centroid_id": 18, "dist_m": 145.1061997648826 }, "geometry": { "type": "Point", "coordinates": [ -80.8614108, 35.2093996 ] } },
{ "type": "Feature", "properties": { "osm_id": 11106987873, "name": null, "lat": 35.212552, "lon": -80.859011, "tags": { "amenity": "bicycle_parking", "bicycle_parking": "stands", "capacity": "2" }, "amenity": "bicycle_parking", "shop": null, "leisure": null, "tourism": null, "office": null, "public_transport": null, "healthcare": null, "craft": null, "stations_in_radius": "['East/West' 'Bland']", "stations_in_radius_dist_m": "[ 69.4  497.46]", "poi_cluster": "env", "index_right": 64, "centroid_id": 25, "dist_m": 17.914316402685103 }, "geometry": { "type": "Point", "coordinates": [ -80.859011, 35.212552 ] } },
{ "type": "Feature", "properties": { "osm_id": 11126139306, "name": null, "lat": 35.2138507, "lon": -80.8612449, "tags": { "amenity": "bicycle_parking", "bicycle_parking": "stands", "capacity": "2", "covered": "no" }, "amenity": "bicycle_parking", "shop": null, "leisure": null, "tourism": null, "office": null, "public_transport": null, "healthcare": null, "craft": null, "stations_in_radius": [ "East/West" ], "stations_in_radius_dist_m": [ 283.84 ], "poi_cluster": "env", "index_right": 42, "centroid_id": 10, "dist_m": 54.124548997272221 }, "geometry": { "type": "Point", "coordinates": [ -80.8612449, 35.2138507 ] } },
{ "type": "Feature", "properties": { "osm_id": 11126139406, "name": null, "lat": 35.2135975, "lon": -80.8607302, "tags": { "amenity": "bicycle_parking", "bicycle_parking": "stands", "capacity": "2", "covered": "no" }, "amenity": "bicycle_parking", "shop": null, "leisure": null, "tourism": null, "office": null, "public_transport": null, "healthcare": null, "craft": null, "stations_in_radius": [ "East/West" ], "stations_in_radius_dist_m": [ 232.28 ], "poi_cluster": "env", "index_right": 154, "centroid_id": 16, "dist_m": 63.345854006772591 }, "geometry": { "type": "Point", "coordinates": [ -80.8607302, 35.2135975 ] } },
{ "type": "Feature", "properties": { "osm_id": 11126141708, "name": null, "lat": 35.2140837, "lon": -80.8598482, "tags": { "amenity": "bicycle_parking", "bicycle_parking": "stands", "capacity": "6", "covered": "no" }, "amenity": "bicycle_parking", "shop": null, "leisure": null, "tourism": null, "office": null, "public_transport": null, "healthcare": null, "craft": null, "stations_in_radius": "['East/West' 'Bland']", "stations_in_radius_dist_m": "[245.62 458.66]", "poi_cluster": "env", "index_right": 180, "centroid_id": 22, "dist_m": 54.338158329309167 }, "geometry": { "type": "Point", "coordinates": [ -80.8598482, 35.2140837 ] } },
{ "type": "Feature", "properties": { "osm_id": 11126144705, "name": null, "lat": 35.2138927, "lon": -80.8613381, "tags": { "amenity": "bicycle_parking", "bicycle_parking": "stands", "capacity": "2", "covered": "no" }, "amenity": "bicycle_parking", "shop": null, "leisure": null, "tourism": null, "office": null, "public_transport": null, "healthcare": null, "craft": null, "stations_in_radius": [ "East/West" ], "stations_in_radius_dist_m": [ 292.98 ], "poi_cluster": "env", "index_right": 42, "centroid_id": 10, "dist_m": 45.205953787115803 }, "geometry": { "type": "Point", "coordinates": [ -80.8613381, 35.2138927 ] } },
{ "type": "Feature", "properties": { "osm_id": 11126144706, "name": null, "lat": 35.2138804, "lon": -80.8605286, "tags": { "amenity": "bicycle_parking", "bicycle_parking": "stands", "capacity": "10", "covered": "no" }, "amenity": "bicycle_parking", "shop": null, "leisure": null, "tourism": null, "office": null, "public_transport": null, "healthcare": null, "craft": null, "stations_in_radius": "['East/West' 'Bland']", "stations_in_radius_dist_m": "[248.19 524.34]", "poi_cluster": "env", "index_right": 154, "centroid_id": 16, "dist_m": 77.477571498489908 }, "geometry": { "type": "Point", "coordinates": [ -80.8605286, 35.2138804 ] } },
{ "type": "Feature", "properties": { "osm_id": 11137415405, "name": null, "lat": 35.2107327, "lon": -80.8634321, "tags": { "amenity": "bicycle_parking", "bicycle_parking": "stands", "capacity": "6", "covered": "partial" }, "amenity": "bicycle_parking", "shop": null, "leisure": null, "tourism": null, "office": null, "public_transport": null, "healthcare": null, "craft": null, "stations_in_radius": [ "East/West" ], "stations_in_radius_dist_m": [ 410.38 ], "poi_cluster": "env", "index_right": 44, "centroid_id": 7, "dist_m": 124.96606419363108 }, "geometry": { "type": "Point", "coordinates": [ -80.8634321, 35.210732699999987 ] } },
{ "type": "Feature", "properties": { "osm_id": 11137479805, "name": null, "lat": 35.2107015, "lon": -80.8638508, "tags": { "amenity": "bicycle_parking", "bicycle_parking": "stands", "capacity": "4", "covered": "no" }, "amenity": "bicycle_parking", "shop": null, "leisure": null, "tourism": null, "office": null, "public_transport": null, "healthcare": null, "craft": null, "stations_in_radius": [ "East/West" ], "stations_in_radius_dist_m": [ 447.62 ], "poi_cluster": "env", "index_right": 121, "centroid_id": 4, "dist_m": 136.12669970198723 }, "geometry": { "type": "Point", "coordinates": [ -80.8638508, 35.2107015 ] } },
{ "type": "Feature", "properties": { "osm_id": 11165954405, "name": null, "lat": 35.2147377, "lon": -80.8568126, "tags": { "access": "yes", "amenity": "bicycle_parking", "bicycle_parking": "bollard", "capacity": "2", "covered": "no", "foot_traffic": "medium" }, "amenity": "bicycle_parking", "shop": null, "leisure": null, "tourism": null, "office": null, "public_transport": null, "healthcare": null, "craft": null, "stations_in_radius": "['Bland' 'East/West']", "stations_in_radius_dist_m": "[184.74 377.23]", "poi_cluster": "env", "index_right": 120, "centroid_id": 38, "dist_m": 17.844829633559257 }, "geometry": { "type": "Point", "coordinates": [ -80.8568126, 35.2147377 ] } },
{ "type": "Feature", "properties": { "osm_id": 11171006136, "name": null, "lat": 35.208302, "lon": -80.859925, "tags": { "amenity": "bicycle_parking", "bicycle_parking": "stands", "capacity": "6" }, "amenity": "bicycle_parking", "shop": null, "leisure": null, "tourism": null, "office": null, "public_transport": null, "healthcare": null, "craft": null, "stations_in_radius": [ "East/West" ], "stations_in_radius_dist_m": [ 409.27 ], "poi_cluster": "env", "index_right": 32, "centroid_id": 14, "dist_m": 72.115981292269453 }, "geometry": { "type": "Point", "coordinates": [ -80.859925, 35.208302 ] } },
{ "type": "Feature", "properties": { "osm_id": 11203685337, "name": null, "lat": 35.214443, "lon": -80.8598406, "tags": { "access": "yes", "amenity": "bicycle_parking", "bicycle_parking": "stands", "capacity": "6", "covered": "no", "foot_traffic": "medium" }, "amenity": "bicycle_parking", "shop": null, "leisure": null, "tourism": null, "office": null, "public_transport": null, "healthcare": null, "craft": null, "stations_in_radius": "['East/West' 'Bland']", "stations_in_radius_dist_m": "[284.21 442.66]", "poi_cluster": "env", "index_right": 122, "centroid_id": 17, "dist_m": 35.452961054336932 }, "geometry": { "type": "Point", "coordinates": [ -80.8598406, 35.214443 ] } },
{ "type": "Feature", "properties": { "osm_id": 11208483437, "name": null, "lat": 35.2111147, "lon": -80.857182, "tags": { "access": "yes", "amenity": "bicycle_parking", "bicycle_parking": "stands", "capacity": "4", "covered": "partial", "foot_traffic": "low", "indoor": "no" }, "amenity": "bicycle_parking", "shop": null, "leisure": null, "tourism": null, "office": null, "public_transport": null, "healthcare": null, "craft": null, "stations_in_radius": [ "East/West" ], "stations_in_radius_dist_m": [ 202.77 ], "poi_cluster": "env", "index_right": 151, "centroid_id": 40, "dist_m": 53.228149235566335 }, "geometry": { "type": "Point", "coordinates": [ -80.857182, 35.2111147 ] } },
{ "type": "Feature", "properties": { "osm_id": 11208491637, "name": null, "lat": 35.2093319, "lon": -80.854971, "tags": { "access": "yes", "amenity": "bicycle_parking", "bicycle_parking": "stands", "capacity": "8", "covered": "partial", "foot_traffic": "low", "indoor": "no" }, "amenity": "bicycle_parking", "shop": null, "leisure": null, "tourism": null, "office": null, "public_transport": null, "healthcare": null, "craft": null, "stations_in_radius": [ "East/West" ], "stations_in_radius_dist_m": [ 479.29 ], "poi_cluster": "env", "index_right": 153, "centroid_id": 46, "dist_m": 96.897669180937982 }, "geometry": { "type": "Point", "coordinates": [ -80.854971, 35.2093319 ] } },
{ "type": "Feature", "properties": { "osm_id": 11210575137, "name": null, "lat": 35.2138314, "lon": -80.8557311, "tags": { "access": "yes", "amenity": "bicycle_parking", "bicycle_parking": "stands", "capacity": "2", "covered": "no", "foot_traffic": "low", "indoor": "no" }, "amenity": "bicycle_parking", "shop": null, "leisure": null, "tourism": null, "office": null, "public_transport": null, "healthcare": null, "craft": null, "stations_in_radius": "['Bland' 'East/West']", "stations_in_radius_dist_m": "[225.42 376.78]", "poi_cluster": "env", "index_right": 101, "centroid_id": 48, "dist_m": 25.336133075124589 }, "geometry": { "type": "Point", "coordinates": [ -80.8557311, 35.2138314 ] } },
{ "type": "Feature", "properties": { "osm_id": 11214920637, "name": null, "lat": 35.214254, "lon": -80.8562808, "tags": { "access": "yes", "amenity": "bicycle_parking", "bicycle_parking": "stands", "capacity": "2", "covered": "no", "foot_traffic": "medium", "indoor": "no" }, "amenity": "bicycle_parking", "shop": null, "leisure": null, "tourism": null, "office": null, "public_transport": null, "healthcare": null, "craft": null, "stations_in_radius": "['Bland' 'East/West']", "stations_in_radius_dist_m": "[197.09 367.43]", "poi_cluster": "env", "index_right": 120, "centroid_id": 38, "dist_m": 66.628439892990585 }, "geometry": { "type": "Point", "coordinates": [ -80.8562808, 35.214254 ] } },
{ "type": "Feature", "properties": { "osm_id": 11216237637, "name": null, "lat": 35.2121691, "lon": -80.8580621, "tags": { "access": "yes", "amenity": "bicycle_parking", "bicycle_parking": "stands", "capacity": "2", "covered": "no", "foot_traffic": "low", "indoor": "no" }, "amenity": "bicycle_parking", "shop": null, "leisure": null, "tourism": null, "office": null, "public_transport": null, "healthcare": null, "craft": null, "stations_in_radius": [ "East/West" ], "stations_in_radius_dist_m": [ 103.99 ], "poi_cluster": "env", "index_right": 41, "centroid_id": 33, "dist_m": 64.618988975311481 }, "geometry": { "type": "Point", "coordinates": [ -80.8580621, 35.2121691 ] } },
{ "type": "Feature", "properties": { "osm_id": 11218167537, "name": null, "lat": 35.2115832, "lon": -80.8617725, "tags": { "access": "yes", "amenity": "bicycle_parking", "bicycle_parking": "stands", "capacity": "6", "covered": "no", "foot_traffic": "medium", "indoor": "no" }, "amenity": "bicycle_parking", "shop": null, "leisure": null, "tourism": null, "office": null, "public_transport": null, "healthcare": null, "craft": null, "stations_in_radius": [ "East/West" ], "stations_in_radius_dist_m": [ 240.15 ], "poi_cluster": "env", "index_right": 173, "centroid_id": 11, "dist_m": 24.885602103895611 }, "geometry": { "type": "Point", "coordinates": [ -80.8617725, 35.2115832 ] } },
{ "type": "Feature", "properties": { "osm_id": 11223193737, "name": null, "lat": 35.2150336, "lon": -80.8564255, "tags": { "access": "yes", "amenity": "bicycle_parking", "bicycle_parking": "upright_stands", "capacity": "3", "covered": "yes", "foot_traffic": "high", "indoor": "no" }, "amenity": "bicycle_parking", "shop": null, "leisure": null, "tourism": null, "office": null, "public_transport": null, "healthcare": null, "craft": null, "stations_in_radius": "['Bland' 'East/West']", "stations_in_radius_dist_m": "[136.64 424.38]", "poi_cluster": "env", "index_right": 120, "centroid_id": 38, "dist_m": 64.825091978160657 }, "geometry": { "type": "Point", "coordinates": [ -80.8564255, 35.2150336 ] } },
{ "type": "Feature", "properties": { "osm_id": 11705071320, "name": null, "lat": 35.2100119, "lon": -80.8602249, "tags": { "amenity": "bench" }, "amenity": "bench", "shop": null, "leisure": null, "tourism": null, "office": null, "public_transport": null, "healthcare": null, "craft": null, "stations_in_radius": [ "East/West" ], "stations_in_radius_dist_m": [ 234.39 ], "poi_cluster": "env", "index_right": 10, "centroid_id": 18, "dist_m": 32.690298495774513 }, "geometry": { "type": "Point", "coordinates": [ -80.8602249, 35.2100119 ] } },
{ "type": "Feature", "properties": { "osm_id": 11705071321, "name": null, "lat": 35.2099907, "lon": -80.8602291, "tags": { "amenity": "bench" }, "amenity": "bench", "shop": null, "leisure": null, "tourism": null, "office": null, "public_transport": null, "healthcare": null, "craft": null, "stations_in_radius": [ "East/West" ], "stations_in_radius_dist_m": [ 236.7 ], "poi_cluster": "env", "index_right": 10, "centroid_id": 18, "dist_m": 31.872595423097959 }, "geometry": { "type": "Point", "coordinates": [ -80.8602291, 35.2099907 ] } },
{ "type": "Feature", "properties": { "osm_id": 11705071322, "name": null, "lat": 35.2098786, "lon": -80.8602204, "tags": { "amenity": "bench" }, "amenity": "bench", "shop": null, "leisure": null, "tourism": null, "office": null, "public_transport": null, "healthcare": null, "craft": null, "stations_in_radius": [ "East/West" ], "stations_in_radius_dist_m": [ 247.8 ], "poi_cluster": "env", "index_right": 10, "centroid_id": 18, "dist_m": 27.614323493470799 }, "geometry": { "type": "Point", "coordinates": [ -80.8602204, 35.2098786 ] } },
{ "type": "Feature", "properties": { "osm_id": 11705071323, "name": null, "lat": 35.2098974, "lon": -80.8601542, "tags": { "amenity": "bench" }, "amenity": "bench", "shop": null, "leisure": null, "tourism": null, "office": null, "public_transport": null, "healthcare": null, "craft": null, "stations_in_radius": [ "East/West" ], "stations_in_radius_dist_m": [ 243.59 ], "poi_cluster": "env", "index_right": 10, "centroid_id": 18, "dist_m": 21.923183588259779 }, "geometry": { "type": "Point", "coordinates": [ -80.8601542, 35.2098974 ] } },
{ "type": "Feature", "properties": { "osm_id": 11705071356, "name": null, "lat": 35.208022, "lon": -80.862176, "tags": { "amenity": "bench" }, "amenity": "bench", "shop": null, "leisure": null, "tourism": null, "office": null, "public_transport": null, "healthcare": null, "craft": null, "stations_in_radius": [ "East/West" ], "stations_in_radius_dist_m": [ 513.47 ], "poi_cluster": "env", "index_right": 82, "centroid_id": 3, "dist_m": 154.50114873793402 }, "geometry": { "type": "Point", "coordinates": [ -80.862176, 35.208022 ] } },
{ "type": "Feature", "properties": { "osm_id": 11732263569, "name": null, "lat": 35.2116227, "lon": -80.8593377, "tags": { "access": "yes", "amenity": "bicycle_parking", "bicycle_parking": "stands", "capacity": "14", "covered": "no", "foot_traffic": "high", "indoor": "no" }, "amenity": "bicycle_parking", "shop": null, "leisure": null, "tourism": null, "office": null, "public_transport": null, "healthcare": null, "craft": null, "stations_in_radius": [ "East/West" ], "stations_in_radius_dist_m": [ 38.36 ], "poi_cluster": "env", "index_right": 132, "centroid_id": 21, "dist_m": 27.873171635831053 }, "geometry": { "type": "Point", "coordinates": [ -80.859337700000012, 35.2116227 ] } },
{ "type": "Feature", "properties": { "osm_id": 11735127542, "name": null, "lat": 35.211509, "lon": -80.8593935, "tags": { "amenity": "drinking_water" }, "amenity": "drinking_water", "shop": null, "leisure": null, "tourism": null, "office": null, "public_transport": null, "healthcare": null, "craft": null, "stations_in_radius": [ "East/West" ], "stations_in_radius_dist_m": [ 51.95 ], "poi_cluster": "env", "index_right": 132, "centroid_id": 21, "dist_m": 28.13808279698792 }, "geometry": { "type": "Point", "coordinates": [ -80.8593935, 35.211509 ] } },
{ "type": "Feature", "properties": { "osm_id": 11735127543, "name": null, "lat": 35.2116527, "lon": -80.8593162, "tags": { "amenity": "waste_basket" }, "amenity": "waste_basket", "shop": null, "leisure": null, "tourism": null, "office": null, "public_transport": null, "healthcare": null, "craft": null, "stations_in_radius": [ "East/West" ], "stations_in_radius_dist_m": [ 34.53 ], "poi_cluster": "env", "index_right": 132, "centroid_id": 21, "dist_m": 29.506237890574049 }, "geometry": { "type": "Point", "coordinates": [ -80.8593162, 35.2116527 ] } },
{ "type": "Feature", "properties": { "osm_id": 11929733869, "name": null, "lat": 35.2122632, "lon": -80.858735, "tags": { "access": "yes", "amenity": "bicycle_parking", "bicycle_parking": "stands", "capacity": "4", "covered": "no", "indoor": "no" }, "amenity": "bicycle_parking", "shop": null, "leisure": null, "tourism": null, "office": null, "public_transport": null, "healthcare": null, "craft": null, "stations_in_radius": "['East/West' 'Bland']", "stations_in_radius_dist_m": "[ 53.41 505.32]", "poi_cluster": "env", "index_right": 64, "centroid_id": 25, "dist_m": 33.992940819041458 }, "geometry": { "type": "Point", "coordinates": [ -80.858735, 35.2122632 ] } },
{ "type": "Feature", "properties": { "osm_id": 11992791969, "name": null, "lat": 35.211116, "lon": -80.8627256, "tags": { "access": "yes", "amenity": "bicycle_parking", "bicycle_parking": "stands", "capacity": "4", "covered": "no", "indoor": "no" }, "amenity": "bicycle_parking", "shop": null, "leisure": null, "tourism": null, "office": null, "public_transport": null, "healthcare": null, "craft": null, "stations_in_radius": [ "East/West" ], "stations_in_radius_dist_m": [ 336.27 ], "poi_cluster": "env", "index_right": 44, "centroid_id": 7, "dist_m": 61.204898796698487 }, "geometry": { "type": "Point", "coordinates": [ -80.8627256, 35.211116 ] } },
{ "type": "Feature", "properties": { "osm_id": 12097437997, "name": null, "lat": 35.2154931, "lon": -80.8565468, "tags": { "amenity": "waste_basket" }, "amenity": "waste_basket", "shop": null, "leisure": null, "tourism": null, "office": null, "public_transport": null, "healthcare": null, "craft": null, "stations_in_radius": "['Bland' 'East/West']", "stations_in_radius_dist_m": "[121.2  460.73]", "poi_cluster": "env", "index_right": 54, "centroid_id": 43, "dist_m": 77.113412340445365 }, "geometry": { "type": "Point", "coordinates": [ -80.8565468, 35.21549310000001 ] } },
{ "type": "Feature", "properties": { "osm_id": 12097438000, "name": null, "lat": 35.2162854, "lon": -80.8563157, "tags": { "amenity": "waste_basket" }, "amenity": "waste_basket", "shop": null, "leisure": null, "tourism": null, "office": null, "public_transport": null, "healthcare": null, "craft": null, "stations_in_radius": "['Bland' 'East/West']", "stations_in_radius_dist_m": "[106.94 547.47]", "poi_cluster": "env", "index_right": 54, "centroid_id": 43, "dist_m": 13.305105714754651 }, "geometry": { "type": "Point", "coordinates": [ -80.8563157, 35.2162854 ] } },
{ "type": "Feature", "properties": { "osm_id": 12097533201, "name": null, "lat": 35.2163052, "lon": -80.856106, "tags": { "amenity": "waste_basket" }, "amenity": "waste_basket", "shop": null, "leisure": null, "tourism": null, "office": null, "public_transport": null, "healthcare": null, "craft": null, "stations_in_radius": "['Bland' 'East/West']", "stations_in_radius_dist_m": "[ 91.81 558.68]", "poi_cluster": "env", "index_right": 54, "centroid_id": 43, "dist_m": 25.979620032175774 }, "geometry": { "type": "Point", "coordinates": [ -80.856106, 35.2163052 ] } },
{ "type": "Feature", "properties": { "osm_id": 12128727501, "name": null, "lat": 35.2117182, "lon": -80.8591148, "tags": { "access": "yes", "amenity": "bicycle_parking", "bicycle_parking": "stands", "capacity": "28", "covered": "yes", "description": "Inside parking garage", "level": "2" }, "amenity": "bicycle_parking", "shop": null, "leisure": null, "tourism": null, "office": null, "public_transport": null, "healthcare": null, "craft": null, "stations_in_radius": [ "East/West" ], "stations_in_radius_dist_m": [ 25.11 ], "poi_cluster": "env", "index_right": 132, "centroid_id": 21, "dist_m": 48.224712431302343 }, "geometry": { "type": "Point", "coordinates": [ -80.8591148, 35.2117182 ] } },
{ "type": "Feature", "properties": { "osm_id": 12128727801, "name": null, "lat": 35.211687, "lon": -80.8590494, "tags": { "access": "yes", "amenity": "bicycle_parking", "bicycle_parking": "stands", "capacity": "10", "covered": "yes", "description": "Inside parking garage", "level": "2" }, "amenity": "bicycle_parking", "shop": null, "leisure": null, "tourism": null, "office": null, "public_transport": null, "healthcare": null, "craft": null, "stations_in_radius": [ "East/West" ], "stations_in_radius_dist_m": [ 30.13 ], "poi_cluster": "env", "index_right": 132, "centroid_id": 21, "dist_m": 53.843492384186959 }, "geometry": { "type": "Point", "coordinates": [ -80.8590494, 35.211687 ] } },
{ "type": "Feature", "properties": { "osm_id": 12128877096, "name": null, "lat": 35.2093696, "lon": -80.8604705, "tags": { "amenity": "waste_basket" }, "amenity": "waste_basket", "shop": null, "leisure": null, "tourism": null, "office": null, "public_transport": null, "healthcare": null, "craft": null, "stations_in_radius": [ "East/West" ], "stations_in_radius_dist_m": [ 308.66 ], "poi_cluster": "env", "index_right": 10, "centroid_id": 18, "dist_m": 73.97806404290219 }, "geometry": { "type": "Point", "coordinates": [ -80.8604705, 35.2093696 ] } },
{ "type": "Feature", "properties": { "osm_id": 12128877098, "name": null, "lat": 35.2090211, "lon": -80.8604541, "tags": { "amenity": "waste_basket" }, "amenity": "waste_basket", "shop": null, "leisure": null, "tourism": null, "office": null, "public_transport": null, "healthcare": null, "craft": null, "stations_in_radius": [ "East/West" ], "stations_in_radius_dist_m": [ 344.16 ], "poi_cluster": "env", "index_right": 10, "centroid_id": 18, "dist_m": 104.93967640178565 }, "geometry": { "type": "Point", "coordinates": [ -80.8604541, 35.2090211 ] } },
{ "type": "Feature", "properties": { "osm_id": 12128918601, "name": null, "lat": 35.2089387, "lon": -80.8609262, "tags": { "amenity": "waste_basket" }, "amenity": "waste_basket", "shop": null, "leisure": null, "tourism": null, "office": null, "public_transport": null, "healthcare": null, "craft": null, "stations_in_radius": [ "East/West" ], "stations_in_radius_dist_m": [ 369.24 ], "poi_cluster": "env", "index_right": 32, "centroid_id": 14, "dist_m": 129.69085400146045 }, "geometry": { "type": "Point", "coordinates": [ -80.8609262, 35.2089387 ] } },
{ "type": "Feature", "properties": { "osm_id": 12128918602, "name": null, "lat": 35.2087881, "lon": -80.8606562, "tags": { "amenity": "waste_basket" }, "amenity": "waste_basket", "shop": null, "leisure": null, "tourism": null, "office": null, "public_transport": null, "healthcare": null, "craft": null, "stations_in_radius": [ "East/West" ], "stations_in_radius_dist_m": [ 374.81 ], "poi_cluster": "env", "index_right": 32, "centroid_id": 14, "dist_m": 107.51903951028582 }, "geometry": { "type": "Point", "coordinates": [ -80.8606562, 35.2087881 ] } },
{ "type": "Feature", "properties": { "osm_id": 12128918603, "name": null, "lat": 35.2090231, "lon": -80.8610776, "tags": { "amenity": "waste_basket" }, "amenity": "waste_basket", "shop": null, "leisure": null, "tourism": null, "office": null, "public_transport": null, "healthcare": null, "craft": null, "stations_in_radius": [ "East/West" ], "stations_in_radius_dist_m": [ 367.14 ], "poi_cluster": "env", "index_right": 10, "centroid_id": 18, "dist_m": 140.46485642050385 }, "geometry": { "type": "Point", "coordinates": [ -80.8610776, 35.20902310000001 ] } },
{ "type": "Feature", "properties": { "osm_id": 12128918606, "name": null, "lat": 35.2084476, "lon": -80.8608245, "tags": { "amenity": "waste_basket" }, "amenity": "waste_basket", "shop": null, "leisure": null, "tourism": null, "office": null, "public_transport": null, "healthcare": null, "craft": null, "stations_in_radius": [ "East/West" ], "stations_in_radius_dist_m": [ 415.55 ], "poi_cluster": "env", "index_right": 32, "centroid_id": 14, "dist_m": 75.620851105679023 }, "geometry": { "type": "Point", "coordinates": [ -80.8608245, 35.2084476 ] } },
{ "type": "Feature", "properties": { "osm_id": 12128918612, "name": null, "lat": 35.2089196, "lon": -80.8612982, "tags": { "amenity": "waste_basket" }, "amenity": "waste_basket", "shop": null, "leisure": null, "tourism": null, "office": null, "public_transport": null, "healthcare": null, "craft": null, "stations_in_radius": [ "East/West" ], "stations_in_radius_dist_m": [ 386.94 ], "poi_cluster": "env", "index_right": 32, "centroid_id": 14, "dist_m": 142.32774415117638 }, "geometry": { "type": "Point", "coordinates": [ -80.8612982, 35.2089196 ] } },
{ "type": "Feature", "properties": { "osm_id": 12128918613, "name": null, "lat": 35.2089107, "lon": -80.8612945, "tags": { "amenity": "recycling", "recycling_type": "container" }, "amenity": "recycling", "shop": null, "leisure": null, "tourism": null, "office": null, "public_transport": null, "healthcare": null, "craft": null, "stations_in_radius": [ "East/West" ], "stations_in_radius_dist_m": [ 387.63 ], "poi_cluster": "env", "index_right": 32, "centroid_id": 14, "dist_m": 141.31223136593911 }, "geometry": { "type": "Point", "coordinates": [ -80.8612945, 35.2089107 ] } },
{ "type": "Feature", "properties": { "osm_id": 12128918614, "name": null, "lat": 35.2086753, "lon": -80.8613789, "tags": { "amenity": "waste_basket" }, "amenity": "waste_basket", "shop": null, "leisure": null, "tourism": null, "office": null, "public_transport": null, "healthcare": null, "craft": null, "stations_in_radius": [ "East/West" ], "stations_in_radius_dist_m": [ 414.13 ], "poi_cluster": "env", "index_right": 32, "centroid_id": 14, "dist_m": 124.93024450977038 }, "geometry": { "type": "Point", "coordinates": [ -80.8613789, 35.2086753 ] } },
{ "type": "Feature", "properties": { "osm_id": 12128918615, "name": null, "lat": 35.2086458, "lon": -80.8614029, "tags": { "amenity": "recycling", "recycling:cans": "yes", "recycling:glass_bottles": "yes", "recycling:plastic_bottles": "yes", "recycling_type": "container" }, "amenity": "recycling", "shop": null, "leisure": null, "tourism": null, "office": null, "public_transport": null, "healthcare": null, "craft": null, "stations_in_radius": [ "East/West" ], "stations_in_radius_dist_m": [ 418.05 ], "poi_cluster": "env", "index_right": 32, "centroid_id": 14, "dist_m": 123.98078147365221 }, "geometry": { "type": "Point", "coordinates": [ -80.8614029, 35.208645799999985 ] } },
{ "type": "Feature", "properties": { "osm_id": 12128918616, "name": null, "lat": 35.2086636, "lon": -80.8613882, "tags": { "amenity": "recycling", "recycling:paper": "yes", "recycling_type": "container" }, "amenity": "recycling", "shop": null, "leisure": null, "tourism": null, "office": null, "public_transport": null, "healthcare": null, "craft": null, "stations_in_radius": [ "East/West" ], "stations_in_radius_dist_m": [ 415.68 ], "poi_cluster": "env", "index_right": 32, "centroid_id": 14, "dist_m": 124.52633054078493 }, "geometry": { "type": "Point", "coordinates": [ -80.8613882, 35.2086636 ] } },
{ "type": "Feature", "properties": { "osm_id": 12128918621, "name": null, "lat": 35.2098482, "lon": -80.8607162, "tags": { "amenity": "recycling", "recycling:paper": "yes", "recycling_type": "container" }, "amenity": "recycling", "shop": null, "leisure": null, "tourism": null, "office": null, "public_transport": null, "healthcare": null, "craft": null, "stations_in_radius": [ "East/West" ], "stations_in_radius_dist_m": [ 271.33 ], "poi_cluster": "env", "index_right": 10, "centroid_id": 18, "dist_m": 72.663472504908384 }, "geometry": { "type": "Point", "coordinates": [ -80.8607162, 35.2098482 ] } },
{ "type": "Feature", "properties": { "osm_id": 12128918622, "name": null, "lat": 35.2098581, "lon": -80.8607103, "tags": { "amenity": "waste_basket" }, "amenity": "waste_basket", "shop": null, "leisure": null, "tourism": null, "office": null, "public_transport": null, "healthcare": null, "craft": null, "stations_in_radius": [ "East/West" ], "stations_in_radius_dist_m": [ 270.11 ], "poi_cluster": "env", "index_right": 10, "centroid_id": 18, "dist_m": 72.116956952930479 }, "geometry": { "type": "Point", "coordinates": [ -80.8607103, 35.2098581 ] } },
{ "type": "Feature", "properties": { "osm_id": 12128918623, "name": null, "lat": 35.2099296, "lon": -80.8606912, "tags": { "amenity": "bench" }, "amenity": "bench", "shop": null, "leisure": null, "tourism": null, "office": null, "public_transport": null, "healthcare": null, "craft": null, "stations_in_radius": [ "East/West" ], "stations_in_radius_dist_m": [ 262.45 ], "poi_cluster": "env", "index_right": 94, "centroid_id": 15, "dist_m": 70.272558041428553 }, "geometry": { "type": "Point", "coordinates": [ -80.8606912, 35.2099296 ] } },
{ "type": "Feature", "properties": { "osm_id": 12128918624, "name": null, "lat": 35.2099751, "lon": -80.8606598, "tags": { "amenity": "bench" }, "amenity": "bench", "shop": null, "leisure": null, "tourism": null, "office": null, "public_transport": null, "healthcare": null, "craft": null, "stations_in_radius": [ "East/West" ], "stations_in_radius_dist_m": [ 256.65 ], "poi_cluster": "env", "index_right": 94, "centroid_id": 15, "dist_m": 64.624997778981424 }, "geometry": { "type": "Point", "coordinates": [ -80.8606598, 35.2099751 ] } },
{ "type": "Feature", "properties": { "osm_id": 12128918625, "name": null, "lat": 35.2099901, "lon": -80.8606518, "tags": { "amenity": "bench" }, "amenity": "bench", "shop": null, "leisure": null, "tourism": null, "office": null, "public_transport": null, "healthcare": null, "craft": null, "stations_in_radius": [ "East/West" ], "stations_in_radius_dist_m": [ 254.86 ], "poi_cluster": "env", "index_right": 94, "centroid_id": 15, "dist_m": 62.826452037827387 }, "geometry": { "type": "Point", "coordinates": [ -80.8606518, 35.2099901 ] } },
{ "type": "Feature", "properties": { "osm_id": 12128918626, "name": null, "lat": 35.2100064, "lon": -80.8606432, "tags": { "amenity": "bench" }, "amenity": "bench", "shop": null, "leisure": null, "tourism": null, "office": null, "public_transport": null, "healthcare": null, "craft": null, "stations_in_radius": [ "East/West" ], "stations_in_radius_dist_m": [ 252.91 ], "poi_cluster": "env", "index_right": 94, "centroid_id": 15, "dist_m": 60.875447878843595 }, "geometry": { "type": "Point", "coordinates": [ -80.8606432, 35.2100064 ] } },
{ "type": "Feature", "properties": { "osm_id": 12128918628, "name": null, "lat": 35.2111953, "lon": -80.8602727, "tags": { "amenity": "vending_machine", "bin": "yes", "vending": "excrement_bags" }, "amenity": "vending_machine", "shop": null, "leisure": null, "tourism": null, "office": null, "public_transport": null, "healthcare": null, "craft": null, "stations_in_radius": [ "East/West" ], "stations_in_radius_dist_m": [ 129.98 ], "poi_cluster": "env", "index_right": 94, "centroid_id": 15, "dist_m": 75.234873196660644 }, "geometry": { "type": "Point", "coordinates": [ -80.8602727, 35.2111953 ] } },
{ "type": "Feature", "properties": { "osm_id": 12128918633, "name": null, "lat": 35.2111148, "lon": -80.8604564, "tags": { "amenity": "waste_basket", "recycling_type": "container" }, "amenity": "waste_basket", "shop": null, "leisure": null, "tourism": null, "office": null, "public_transport": null, "healthcare": null, "craft": null, "stations_in_radius": [ "East/West" ], "stations_in_radius_dist_m": [ 148.61 ], "poi_cluster": "env", "index_right": 94, "centroid_id": 15, "dist_m": 64.224239007618877 }, "geometry": { "type": "Point", "coordinates": [ -80.8604564, 35.2111148 ] } },
{ "type": "Feature", "properties": { "osm_id": 12128918635, "name": null, "lat": 35.2106601, "lon": -80.8605931, "tags": { "amenity": "waste_basket" }, "amenity": "waste_basket", "shop": null, "leisure": null, "tourism": null, "office": null, "public_transport": null, "healthcare": null, "craft": null, "stations_in_radius": [ "East/West" ], "stations_in_radius_dist_m": [ 192.16 ], "poi_cluster": "env", "index_right": 94, "centroid_id": 15, "dist_m": 17.992400991228685 }, "geometry": { "type": "Point", "coordinates": [ -80.860593100000017, 35.2106601 ] } },
{ "type": "Feature", "properties": { "osm_id": 12128918636, "name": null, "lat": 35.2106553, "lon": -80.8605963, "tags": { "amenity": "recycling", "recycling_type": "container" }, "amenity": "recycling", "shop": null, "leisure": null, "tourism": null, "office": null, "public_transport": null, "healthcare": null, "craft": null, "stations_in_radius": [ "East/West" ], "stations_in_radius_dist_m": [ 192.75 ], "poi_cluster": "env", "index_right": 94, "centroid_id": 15, "dist_m": 17.780388978979339 }, "geometry": { "type": "Point", "coordinates": [ -80.860596300000012, 35.2106553 ] } },
{ "type": "Feature", "properties": { "osm_id": 12128918637, "name": null, "lat": 35.2125047, "lon": -80.8589856, "tags": { "amenity": "recycling", "recycling_type": "container" }, "amenity": "recycling", "shop": null, "leisure": null, "tourism": null, "office": null, "public_transport": null, "healthcare": null, "craft": null, "stations_in_radius": "['East/West' 'Bland']", "stations_in_radius_dist_m": "[ 64.84 499.74]", "poi_cluster": "env", "index_right": 64, "centroid_id": 25, "dist_m": 16.839135117551884 }, "geometry": { "type": "Point", "coordinates": [ -80.8589856, 35.2125047 ] } },
{ "type": "Feature", "properties": { "osm_id": 12128918638, "name": null, "lat": 35.2122543, "lon": -80.85897, "tags": { "amenity": "waste_basket" }, "amenity": "waste_basket", "shop": null, "leisure": null, "tourism": null, "office": null, "public_transport": null, "healthcare": null, "craft": null, "stations_in_radius": "['East/West' 'Bland']", "stations_in_radius_dist_m": "[ 39.32 519.65]", "poi_cluster": "env", "index_right": 64, "centroid_id": 25, "dist_m": 37.008168954735616 }, "geometry": { "type": "Point", "coordinates": [ -80.85897, 35.2122543 ] } },
{ "type": "Feature", "properties": { "osm_id": 12128918639, "name": null, "lat": 35.2121999, "lon": -80.8588661, "tags": { "amenity": "waste_basket" }, "amenity": "waste_basket", "shop": null, "leisure": null, "tourism": null, "office": null, "public_transport": null, "healthcare": null, "craft": null, "stations_in_radius": [ "East/West" ], "stations_in_radius_dist_m": [ 39.95 ], "poi_cluster": "env", "index_right": 64, "centroid_id": 25, "dist_m": 40.503975043769898 }, "geometry": { "type": "Point", "coordinates": [ -80.8588661, 35.2121999 ] } },
{ "type": "Feature", "properties": { "osm_id": 12128918640, "name": null, "lat": 35.2119258, "lon": -80.8592417, "tags": { "amenity": "waste_basket" }, "amenity": "waste_basket", "shop": null, "leisure": null, "tourism": null, "office": null, "public_transport": null, "healthcare": null, "craft": null, "stations_in_radius": [ "East/West" ], "stations_in_radius_dist_m": [ 6.71 ], "poi_cluster": "env", "index_right": 132, "centroid_id": 21, "dist_m": 46.60293139626701 }, "geometry": { "type": "Point", "coordinates": [ -80.8592417, 35.211925799999989 ] } },
{ "type": "Feature", "properties": { "osm_id": 12128918641, "name": null, "lat": 35.2117554, "lon": -80.8592208, "tags": { "amenity": "waste_basket" }, "amenity": "waste_basket", "shop": null, "leisure": null, "tourism": null, "office": null, "public_transport": null, "healthcare": null, "craft": null, "stations_in_radius": [ "East/West" ], "stations_in_radius_dist_m": [ 20.99 ], "poi_cluster": "env", "index_right": 132, "centroid_id": 21, "dist_m": 39.554065982043184 }, "geometry": { "type": "Point", "coordinates": [ -80.8592208, 35.2117554 ] } },
{ "type": "Feature", "properties": { "osm_id": 12128918666, "name": null, "lat": 35.2120131, "lon": -80.8585919, "tags": { "access": "yes", "amenity": "bicycle_parking", "bicycle_parking": "stands", "capacity": "6", "covered": "yes" }, "amenity": "bicycle_parking", "shop": null, "leisure": null, "tourism": null, "office": null, "public_transport": null, "healthcare": null, "craft": null, "stations_in_radius": [ "East/West" ], "stations_in_radius_dist_m": [ 53.24 ], "poi_cluster": "env", "index_right": 64, "centroid_id": 25, "dist_m": 64.230158691780389 }, "geometry": { "type": "Point", "coordinates": [ -80.8585919, 35.2120131 ] } },
{ "type": "Feature", "properties": { "osm_id": 12363326997, "name": null, "lat": 35.2155565, "lon": -80.8556787, "tags": { "amenity": "drinking_water" }, "amenity": "drinking_water", "shop": null, "leisure": null, "tourism": null, "office": null, "public_transport": null, "healthcare": null, "craft": null, "stations_in_radius": "['Bland' 'East/West']", "stations_in_radius_dist_m": "[ 47.29 511.69]", "poi_cluster": "env", "index_right": 54, "centroid_id": 43, "dist_m": 90.322441222736515 }, "geometry": { "type": "Point", "coordinates": [ -80.8556787, 35.2155565 ] } },
{ "type": "Feature", "properties": { "osm_id": 12363326998, "name": null, "lat": 35.2156854, "lon": -80.8559797, "tags": { "amenity": "bench" }, "amenity": "bench", "shop": null, "leisure": null, "tourism": null, "office": null, "public_transport": null, "healthcare": null, "craft": null, "stations_in_radius": "['Bland' 'East/West']", "stations_in_radius_dist_m": "[ 65.67 506.79]", "poi_cluster": "env", "index_right": 54, "centroid_id": 43, "dist_m": 62.452003003623801 }, "geometry": { "type": "Point", "coordinates": [ -80.8559797, 35.2156854 ] } },
{ "type": "Feature", "properties": { "osm_id": 12363326999, "name": null, "lat": 35.2156698, "lon": -80.8559448, "tags": { "amenity": "bench" }, "amenity": "bench", "shop": null, "leisure": null, "tourism": null, "office": null, "public_transport": null, "healthcare": null, "craft": null, "stations_in_radius": "['Bland' 'East/West']", "stations_in_radius_dist_m": "[ 63.06 507.21]", "poi_cluster": "env", "index_right": 54, "centroid_id": 43, "dist_m": 65.605358296968774 }, "geometry": { "type": "Point", "coordinates": [ -80.8559448, 35.2156698 ] } },
{ "type": "Feature", "properties": { "osm_id": 12363327000, "name": null, "lat": 35.215568, "lon": -80.855726, "tags": { "amenity": "bench" }, "amenity": "bench", "shop": null, "leisure": null, "tourism": null, "office": null, "public_transport": null, "healthcare": null, "craft": null, "stations_in_radius": "['Bland' 'East/West']", "stations_in_radius_dist_m": "[ 49.92 510.03]", "poi_cluster": "env", "index_right": 54, "centroid_id": 43, "dist_m": 86.548034934994433 }, "geometry": { "type": "Point", "coordinates": [ -80.855726, 35.215568 ] } },
{ "type": "Feature", "properties": { "osm_id": 12363373802, "name": null, "lat": 35.2155902, "lon": -80.855774, "tags": { "amenity": "bench" }, "amenity": "bench", "shop": null, "leisure": null, "tourism": null, "office": null, "public_transport": null, "healthcare": null, "craft": null, "stations_in_radius": "['Bland' 'East/West']", "stations_in_radius_dist_m": "[ 52.24 509.32]", "poi_cluster": "env", "index_right": 54, "centroid_id": 43, "dist_m": 81.875875955542597 }, "geometry": { "type": "Point", "coordinates": [ -80.855774, 35.2155902 ] } },
{ "type": "Feature", "properties": { "osm_id": 12461565256, "name": null, "lat": 35.2111118, "lon": -80.8604586, "tags": { "amenity": "recycling", "recycling_type": "container" }, "amenity": "recycling", "shop": null, "leisure": null, "tourism": null, "office": null, "public_transport": null, "healthcare": null, "craft": null, "stations_in_radius": [ "East/West" ], "stations_in_radius_dist_m": [ 148.97 ], "poi_cluster": "env", "index_right": 94, "centroid_id": 15, "dist_m": 63.889103124341894 }, "geometry": { "type": "Point", "coordinates": [ -80.8604586, 35.2111118 ] } },
{ "type": "Feature", "properties": { "osm_id": 12461565257, "name": null, "lat": 35.2111397, "lon": -80.8604406, "tags": { "amenity": "waste_basket", "recycling_type": "container" }, "amenity": "waste_basket", "shop": null, "leisure": null, "tourism": null, "office": null, "public_transport": null, "healthcare": null, "craft": null, "stations_in_radius": [ "East/West" ], "stations_in_radius_dist_m": [ 145.78 ], "poi_cluster": "env", "index_right": 94, "centroid_id": 15, "dist_m": 67.019879063729718 }, "geometry": { "type": "Point", "coordinates": [ -80.8604406, 35.2111397 ] } },
{ "type": "Feature", "properties": { "osm_id": 12461565258, "name": null, "lat": 35.2111367, "lon": -80.8604427, "tags": { "amenity": "recycling", "recycling_type": "container" }, "amenity": "recycling", "shop": null, "leisure": null, "tourism": null, "office": null, "public_transport": null, "healthcare": null, "craft": null, "stations_in_radius": [ "East/West" ], "stations_in_radius_dist_m": [ 146.13 ], "poi_cluster": "env", "index_right": 94, "centroid_id": 15, "dist_m": 66.680988401373625 }, "geometry": { "type": "Point", "coordinates": [ -80.8604427, 35.2111367 ] } },
{ "type": "Feature", "properties": { "osm_id": 12461565259, "name": null, "lat": 35.2111332, "lon": -80.860393, "tags": { "amenity": "waste_basket", "recycling_type": "container" }, "amenity": "waste_basket", "shop": null, "leisure": null, "tourism": null, "office": null, "public_transport": null, "healthcare": null, "craft": null, "stations_in_radius": [ "East/West" ], "stations_in_radius_dist_m": [ 142.82 ], "poi_cluster": "env", "index_right": 94, "centroid_id": 15, "dist_m": 66.592323357396637 }, "geometry": { "type": "Point", "coordinates": [ -80.860393, 35.2111332 ] } },
{ "type": "Feature", "properties": { "osm_id": 12461565260, "name": null, "lat": 35.2111348, "lon": -80.8603969, "tags": { "amenity": "recycling", "recycling_type": "container" }, "amenity": "recycling", "shop": null, "leisure": null, "tourism": null, "office": null, "public_transport": null, "healthcare": null, "craft": null, "stations_in_radius": [ "East/West" ], "stations_in_radius_dist_m": [ 142.98 ], "poi_cluster": "env", "index_right": 94, "centroid_id": 15, "dist_m": 66.734416931270928 }, "geometry": { "type": "Point", "coordinates": [ -80.8603969, 35.2111348 ] } },
{ "type": "Feature", "properties": { "osm_id": 12461565261, "name": null, "lat": 35.2111947, "lon": -80.8602299, "tags": { "amenity": "waste_basket", "recycling_type": "container" }, "amenity": "waste_basket", "shop": null, "leisure": null, "tourism": null, "office": null, "public_transport": null, "healthcare": null, "craft": null, "stations_in_radius": [ "East/West" ], "stations_in_radius_dist_m": [ 127.03 ], "poi_cluster": "env", "index_right": 132, "centroid_id": 21, "dist_m": 74.60312710601508 }, "geometry": { "type": "Point", "coordinates": [ -80.8602299, 35.2111947 ] } },
{ "type": "Feature", "properties": { "osm_id": 12461565262, "name": null, "lat": 35.2111962, "lon": -80.8602338, "tags": { "amenity": "recycling", "recycling_type": "container" }, "amenity": "recycling", "shop": null, "leisure": null, "tourism": null, "office": null, "public_transport": null, "healthcare": null, "craft": null, "stations_in_radius": [ "East/West" ], "stations_in_radius_dist_m": [ 127.2 ], "poi_cluster": "env", "index_right": 132, "centroid_id": 21, "dist_m": 74.743865040480387 }, "geometry": { "type": "Point", "coordinates": [ -80.8602338, 35.2111962 ] } },
{ "type": "Feature", "properties": { "osm_id": 12461565263, "name": null, "lat": 35.211256, "lon": -80.860404, "tags": { "amenity": "waste_basket", "recycling_type": "container" }, "amenity": "waste_basket", "shop": null, "leisure": null, "tourism": null, "office": null, "public_transport": null, "healthcare": null, "craft": null, "stations_in_radius": [ "East/West" ], "stations_in_radius_dist_m": [ 135.53 ], "poi_cluster": "env", "index_right": 94, "centroid_id": 15, "dist_m": 80.077265963161466 }, "geometry": { "type": "Point", "coordinates": [ -80.860404, 35.211256 ] } },
{ "type": "Feature", "properties": { "osm_id": 12461565264, "name": null, "lat": 35.2112575, "lon": -80.8604078, "tags": { "amenity": "recycling", "recycling_type": "container" }, "amenity": "recycling", "shop": null, "leisure": null, "tourism": null, "office": null, "public_transport": null, "healthcare": null, "craft": null, "stations_in_radius": [ "East/West" ], "stations_in_radius_dist_m": [ 135.72 ], "poi_cluster": "env", "index_right": 94, "centroid_id": 15, "dist_m": 80.219562715920901 }, "geometry": { "type": "Point", "coordinates": [ -80.8604078, 35.2112575 ] } },
{ "type": "Feature", "properties": { "osm_id": 12461565265, "name": null, "lat": 35.2113038, "lon": -80.8603823, "tags": { "amenity": "waste_basket", "recycling_type": "container" }, "amenity": "waste_basket", "shop": null, "leisure": null, "tourism": null, "office": null, "public_transport": null, "healthcare": null, "craft": null, "stations_in_radius": [ "East/West" ], "stations_in_radius_dist_m": [ 130.97 ], "poi_cluster": "env", "index_right": 132, "centroid_id": 21, "dist_m": 78.355336820102266 }, "geometry": { "type": "Point", "coordinates": [ -80.8603823, 35.2113038 ] } },
{ "type": "Feature", "properties": { "osm_id": 12461565266, "name": null, "lat": 35.2113067, "lon": -80.8603799, "tags": { "amenity": "recycling", "recycling_type": "container" }, "amenity": "recycling", "shop": null, "leisure": null, "tourism": null, "office": null, "public_transport": null, "healthcare": null, "craft": null, "stations_in_radius": [ "East/West" ], "stations_in_radius_dist_m": [ 130.61 ], "poi_cluster": "env", "index_right": 132, "centroid_id": 21, "dist_m": 78.004198875122739 }, "geometry": { "type": "Point", "coordinates": [ -80.8603799, 35.2113067 ] } },
{ "type": "Feature", "properties": { "osm_id": 12461565267, "name": null, "lat": 35.2113293, "lon": -80.8605463, "tags": { "amenity": "waste_basket", "recycling_type": "container" }, "amenity": "waste_basket", "shop": null, "leisure": null, "tourism": null, "office": null, "public_transport": null, "healthcare": null, "craft": null, "stations_in_radius": [ "East/West" ], "stations_in_radius_dist_m": [ 142.4 ], "poi_cluster": "env", "index_right": 94, "centroid_id": 15, "dist_m": 88.308068022324022 }, "geometry": { "type": "Point", "coordinates": [ -80.8605463, 35.2113293 ] } },
{ "type": "Feature", "properties": { "osm_id": 12461565268, "name": null, "lat": 35.2113308, "lon": -80.8605502, "tags": { "amenity": "recycling", "recycling_type": "container" }, "amenity": "recycling", "shop": null, "leisure": null, "tourism": null, "office": null, "public_transport": null, "healthcare": null, "craft": null, "stations_in_radius": [ "East/West" ], "stations_in_radius_dist_m": [ 142.64 ], "poi_cluster": "env", "index_right": 94, "centroid_id": 15, "dist_m": 88.503826974043236 }, "geometry": { "type": "Point", "coordinates": [ -80.8605502, 35.2113308 ] } },
{ "type": "Feature", "properties": { "osm_id": 12461570298, "name": null, "lat": 35.2095044, "lon": -80.8614082, "tags": { "amenity": "waste_basket" }, "amenity": "waste_basket", "shop": null, "leisure": null, "tourism": null, "office": null, "public_transport": null, "healthcare": null, "craft": null, "stations_in_radius": [ "East/West" ], "stations_in_radius_dist_m": [ 338.32 ], "poi_cluster": "env", "index_right": 10, "centroid_id": 18, "dist_m": 141.21901710838259 }, "geometry": { "type": "Point", "coordinates": [ -80.8614082, 35.209504400000014 ] } },
{ "type": "Feature", "properties": { "osm_id": 12461570299, "name": null, "lat": 35.2096374, "lon": -80.8613473, "tags": { "amenity": "waste_basket" }, "amenity": "waste_basket", "shop": null, "leisure": null, "tourism": null, "office": null, "public_transport": null, "healthcare": null, "craft": null, "stations_in_radius": [ "East/West" ], "stations_in_radius_dist_m": [ 323.23 ], "poi_cluster": "env", "index_right": 94, "centroid_id": 15, "dist_m": 127.89635810147342 }, "geometry": { "type": "Point", "coordinates": [ -80.8613473, 35.2096374 ] } },
{ "type": "Feature", "properties": { "osm_id": 12467232256, "name": null, "lat": 35.2140501, "lon": -80.8600408, "tags": { "amenity": "drinking_water" }, "amenity": "drinking_water", "shop": null, "leisure": null, "tourism": null, "office": null, "public_transport": null, "healthcare": null, "craft": null, "stations_in_radius": "['East/West' 'Bland']", "stations_in_radius_dist_m": "[247.07 476.14]", "poi_cluster": "env", "index_right": 122, "centroid_id": 17, "dist_m": 61.624810775451692 }, "geometry": { "type": "Point", "coordinates": [ -80.8600408, 35.2140501 ] } },
{ "type": "Feature", "properties": { "osm_id": 12543027718, "name": null, "lat": 35.2089487, "lon": -80.8627696, "tags": { "access": "yes", "amenity": "bicycle_parking", "bicycle_parking": "stands", "capacity": "4", "covered": "no" }, "amenity": "bicycle_parking", "shop": null, "leisure": null, "tourism": null, "office": null, "public_transport": null, "healthcare": null, "craft": null, "stations_in_radius": [ "East/West" ], "stations_in_radius_dist_m": [ 466.25 ], "poi_cluster": "env", "index_right": 82, "centroid_id": 3, "dist_m": 102.85204466988212 }, "geometry": { "type": "Point", "coordinates": [ -80.8627696, 35.2089487 ] } },
{ "type": "Feature", "properties": { "osm_id": 12543027721, "name": null, "lat": 35.2088821, "lon": -80.8629073, "tags": { "access": "yes", "amenity": "bicycle_parking", "bicycle_parking": "stands", "capacity": "4", "covered": "no" }, "amenity": "bicycle_parking", "shop": null, "leisure": null, "tourism": null, "office": null, "public_transport": null, "healthcare": null, "craft": null, "stations_in_radius": [ "East/West" ], "stations_in_radius_dist_m": [ 480.33 ], "poi_cluster": "env", "index_right": 82, "centroid_id": 3, "dist_m": 88.318234428145772 }, "geometry": { "type": "Point", "coordinates": [ -80.8629073, 35.2088821 ] } },
{ "type": "Feature", "properties": { "osm_id": 12543027738, "name": null, "lat": 35.2085731, "lon": -80.8624614, "tags": { "amenity": "waste_basket" }, "amenity": "waste_basket", "shop": null, "leisure": null, "tourism": null, "office": null, "public_transport": null, "healthcare": null, "craft": null, "stations_in_radius": [ "East/West" ], "stations_in_radius_dist_m": [ 478.71 ], "poi_cluster": "env", "index_right": 82, "centroid_id": 3, "dist_m": 118.91017011952458 }, "geometry": { "type": "Point", "coordinates": [ -80.8624614, 35.2085731 ] } },
{ "type": "Feature", "properties": { "osm_id": 12543027739, "name": null, "lat": 35.2088315, "lon": -80.8626375, "tags": { "amenity": "waste_basket" }, "amenity": "waste_basket", "shop": null, "leisure": null, "tourism": null, "office": null, "public_transport": null, "healthcare": null, "craft": null, "stations_in_radius": [ "East/West" ], "stations_in_radius_dist_m": [ 467.38 ], "poi_cluster": "env", "index_right": 82, "centroid_id": 3, "dist_m": 108.67033234402965 }, "geometry": { "type": "Point", "coordinates": [ -80.8626375, 35.2088315 ] } },
{ "type": "Feature", "properties": { "osm_id": 12624705073, "name": null, "lat": 35.2129171, "lon": -80.8569856, "tags": { "amenity": "bicycle_parking", "bicycle_parking": "stands", "capacity": "6" }, "amenity": "bicycle_parking", "shop": null, "leisure": null, "tourism": null, "office": null, "public_transport": null, "healthcare": null, "craft": null, "stations_in_radius": "['East/West' 'Bland']", "stations_in_radius_dist_m": "[226.43 358.4 ]", "poi_cluster": "env", "index_right": 107, "centroid_id": 41, "dist_m": 36.60311079008018 }, "geometry": { "type": "Point", "coordinates": [ -80.8569856, 35.2129171 ] } },
{ "type": "Feature", "properties": { "osm_id": 12647998812, "name": null, "lat": 35.2073253, "lon": -80.8603245, "tags": { "amenity": "bicycle_parking", "bicycle_parking": "stands", "capacity": "4", "check_date": "2025-03-09" }, "amenity": "bicycle_parking", "shop": null, "leisure": null, "tourism": null, "office": null, "public_transport": null, "healthcare": null, "craft": null, "stations_in_radius": [ "East/West" ], "stations_in_radius_dist_m": [ 522.45 ], "poi_cluster": "env", "index_right": 32, "centroid_id": 14, "dist_m": 57.598632259348491 }, "geometry": { "type": "Point", "coordinates": [ -80.8603245, 35.2073253 ] } },
{ "type": "Feature", "properties": { "osm_id": 12719941901, "name": null, "lat": 35.2105087, "lon": -80.8631795, "tags": { "access": "yes", "amenity": "bicycle_parking", "bicycle_parking": "stands", "capacity": "2", "covered": "no", "indoor": "no" }, "amenity": "bicycle_parking", "shop": null, "leisure": null, "tourism": null, "office": null, "public_transport": null, "healthcare": null, "craft": null, "stations_in_radius": [ "East/West" ], "stations_in_radius_dist_m": [ 397.96 ], "poi_cluster": "env", "index_right": 30, "centroid_id": 9, "dist_m": 125.20800391198961 }, "geometry": { "type": "Point", "coordinates": [ -80.8631795, 35.2105087 ] } },
{ "type": "Feature", "properties": { "osm_id": 13175681001, "name": null, "lat": 35.2076055, "lon": -80.8599887, "tags": { "access": "yes", "amenity": "bicycle_parking", "bicycle_parking": "stands", "capacity": "4", "covered": "no", "foot_traffic": "high", "indoor": "no" }, "amenity": "bicycle_parking", "shop": null, "leisure": null, "tourism": null, "office": null, "public_transport": null, "healthcare": null, "craft": null, "stations_in_radius": [ "East/West" ], "stations_in_radius_dist_m": [ 486.44 ], "poi_cluster": "env", "index_right": 32, "centroid_id": 14, "dist_m": 50.483455251155114 }, "geometry": { "type": "Point", "coordinates": [ -80.8599887, 35.2076055 ] } },
{ "type": "Feature", "properties": { "osm_id": 13179555371, "name": null, "lat": 35.2154418, "lon": -80.8582636, "tags": { "amenity": "bench" }, "amenity": "bench", "shop": null, "leisure": null, "tourism": null, "office": null, "public_transport": null, "healthcare": null, "craft": null, "stations_in_radius": "['Bland' 'East/West']", "stations_in_radius_dist_m": "[274.93 397.02]", "poi_cluster": "env", "index_right": 88, "centroid_id": 28, "dist_m": 19.369441078845632 }, "geometry": { "type": "Point", "coordinates": [ -80.8582636, 35.2154418 ] } },
{ "type": "Feature", "properties": { "osm_id": 13343361201, "name": null, "lat": 35.2130317, "lon": -80.8571438, "tags": { "access": "yes", "amenity": "bicycle_parking", "bicycle_parking": "stands", "capacity": "2", "covered": "no", "indoor": "no" }, "amenity": "bicycle_parking", "shop": null, "leisure": null, "tourism": null, "office": null, "public_transport": null, "healthcare": null, "craft": null, "stations_in_radius": "['East/West' 'Bland']", "stations_in_radius_dist_m": "[220.61 353.67]", "poi_cluster": "env", "index_right": 107, "centroid_id": 41, "dist_m": 55.192549335870062 }, "geometry": { "type": "Point", "coordinates": [ -80.8571438, 35.2130317 ] } },
{ "type": "Feature", "properties": { "osm_id": 13354537294, "name": null, "lat": 35.2113056, "lon": -80.8578764, "tags": { "access": "yes", "amenity": "bicycle_parking", "bicycle_parking": "stands", "capacity": "4", "covered": "no" }, "amenity": "bicycle_parking", "shop": null, "leisure": null, "tourism": null, "office": null, "public_transport": null, "healthcare": null, "craft": null, "stations_in_radius": [ "East/West" ], "stations_in_radius_dist_m": [ 137.16 ], "poi_cluster": "env", "index_right": 41, "centroid_id": 33, "dist_m": 41.847404905396914 }, "geometry": { "type": "Point", "coordinates": [ -80.8578764, 35.2113056 ] } },
{ "type": "Feature", "properties": { "osm_id": 432929180, "name": null, "lat": 35.2107955, "lon": -80.8596633, "tags": { "amenity": "parking", "building": "yes", "park_ride": "no", "parking": "multi-storey" }, "amenity": "parking", "shop": null, "leisure": null, "tourism": null, "office": null, "public_transport": null, "healthcare": null, "craft": null, "stations_in_radius": [ "East/West" ], "stations_in_radius_dist_m": [ 134.63 ], "poi_cluster": "env", "index_right": 75, "centroid_id": 24, "dist_m": 77.066809570413895 }, "geometry": { "type": "Point", "coordinates": [ -80.8596633, 35.2107955 ] } },
{ "type": "Feature", "properties": { "osm_id": 544932418, "name": "Design Center Parking Garage", "lat": 35.2119544, "lon": -80.8622374, "tags": { "amenity": "parking", "building": "yes", "name": "Design Center Parking Garage", "parking": "multi-storey" }, "amenity": "parking", "shop": null, "leisure": null, "tourism": null, "office": null, "public_transport": null, "healthcare": null, "craft": null, "stations_in_radius": [ "East/West" ], "stations_in_radius_dist_m": [ 279.19 ], "poi_cluster": "env", "index_right": 44, "centroid_id": 7, "dist_m": 50.181167262796677 }, "geometry": { "type": "Point", "coordinates": [ -80.8622374, 35.2119544 ] } },
{ "type": "Feature", "properties": { "osm_id": 581614388, "name": null, "lat": 35.2112168, "lon": -80.8591004, "tags": { "access": "private", "amenity": "parking", "parking": "surface" }, "amenity": "parking", "shop": null, "leisure": null, "tourism": null, "office": null, "public_transport": null, "healthcare": null, "craft": null, "stations_in_radius": [ "East/West" ], "stations_in_radius_dist_m": [ 80.45 ], "poi_cluster": "env", "index_right": 75, "centroid_id": 24, "dist_m": 56.891801490525239 }, "geometry": { "type": "Point", "coordinates": [ -80.8591004, 35.21121680000001 ] } },
{ "type": "Feature", "properties": { "osm_id": 582913009, "name": null, "lat": 35.2132975, "lon": -80.8586193, "tags": { "amenity": "parking", "parking": "street_side" }, "amenity": "parking", "shop": null, "leisure": null, "tourism": null, "office": null, "public_transport": null, "healthcare": null, "craft": null, "stations_in_radius": "['East/West' 'Bland']", "stations_in_radius_dist_m": "[158.67 413.82]", "poi_cluster": "env", "index_right": 56, "centroid_id": 30, "dist_m": 71.962867948080785 }, "geometry": { "type": "Point", "coordinates": [ -80.8586193, 35.2132975 ] } },
{ "type": "Feature", "properties": { "osm_id": 582913335, "name": null, "lat": 35.2136877, "lon": -80.8584417, "tags": { "amenity": "parking" }, "amenity": "parking", "shop": null, "leisure": null, "tourism": null, "office": null, "public_transport": null, "healthcare": null, "craft": null, "stations_in_radius": "['East/West' 'Bland']", "stations_in_radius_dist_m": "[204.84 373.16]", "poi_cluster": "env", "index_right": 56, "centroid_id": 30, "dist_m": 41.238382113643333 }, "geometry": { "type": "Point", "coordinates": [ -80.8584417, 35.2136877 ] } },
{ "type": "Feature", "properties": { "osm_id": 584760811, "name": null, "lat": 35.2093293, "lon": -80.8606336, "tags": { "amenity": "parking" }, "amenity": "parking", "shop": null, "leisure": null, "tourism": null, "office": null, "public_transport": null, "healthcare": null, "craft": null, "stations_in_radius": [ "East/West" ], "stations_in_radius_dist_m": [ 318.7 ], "poi_cluster": "env", "index_right": 10, "centroid_id": 18, "dist_m": 87.699579631384239 }, "geometry": { "type": "Point", "coordinates": [ -80.8606336, 35.2093293 ] } },
{ "type": "Feature", "properties": { "osm_id": 606468236, "name": null, "lat": 35.2128848, "lon": -80.8647244, "tags": { "amenity": "parking" }, "amenity": "parking", "shop": null, "leisure": null, "tourism": null, "office": null, "public_transport": null, "healthcare": null, "craft": null, "stations_in_radius": [ "East/West" ], "stations_in_radius_dist_m": [ 516.28 ], "poi_cluster": "env", "index_right": 69, "centroid_id": 0, "dist_m": 50.965611196962087 }, "geometry": { "type": "Point", "coordinates": [ -80.8647244, 35.2128848 ] } },
{ "type": "Feature", "properties": { "osm_id": 606469393, "name": null, "lat": 35.212711, "lon": -80.8634361, "tags": { "amenity": "parking" }, "amenity": "parking", "shop": null, "leisure": null, "tourism": null, "office": null, "public_transport": null, "healthcare": null, "craft": null, "stations_in_radius": [ "East/West" ], "stations_in_radius_dist_m": [ 397.58 ], "poi_cluster": "env", "index_right": 159, "centroid_id": 2, "dist_m": 64.183286875701882 }, "geometry": { "type": "Point", "coordinates": [ -80.8634361, 35.212711 ] } },
{ "type": "Feature", "properties": { "osm_id": 606469947, "name": null, "lat": 35.2146845, "lon": -80.8577183, "tags": { "amenity": "parking" }, "amenity": "parking", "shop": null, "leisure": null, "tourism": null, "office": null, "public_transport": null, "healthcare": null, "craft": null, "stations_in_radius": "['Bland' 'East/West']", "stations_in_radius_dist_m": "[255.7  331.81]", "poi_cluster": "env", "index_right": 120, "centroid_id": 38, "dist_m": 76.276478206252435 }, "geometry": { "type": "Point", "coordinates": [ -80.8577183, 35.214684499999983 ] } },
{ "type": "Feature", "properties": { "osm_id": 837202789, "name": null, "lat": 35.2135491, "lon": -80.8592753, "tags": { "amenity": "parking", "building": "parking", "parking": "multi-storey" }, "amenity": "parking", "shop": null, "leisure": null, "tourism": null, "office": null, "public_transport": null, "healthcare": null, "craft": null, "stations_in_radius": "['East/West' 'Bland']", "stations_in_radius_dist_m": "[178.71 442.95]", "poi_cluster": "env", "index_right": 154, "centroid_id": 16, "dist_m": 89.742666531961973 }, "geometry": { "type": "Point", "coordinates": [ -80.8592753, 35.2135491 ] } },
{ "type": "Feature", "properties": { "osm_id": 837202790, "name": null, "lat": 35.2142688, "lon": -80.858086, "tags": { "amenity": "parking", "building": "parking", "parking": "multi-storey" }, "amenity": "parking", "shop": null, "leisure": null, "tourism": null, "office": null, "public_transport": null, "healthcare": null, "craft": null, "stations_in_radius": "['East/West' 'Bland']", "stations_in_radius_dist_m": "[276.47 308.54]", "poi_cluster": "env", "index_right": 56, "centroid_id": 30, "dist_m": 64.924834415770533 }, "geometry": { "type": "Point", "coordinates": [ -80.858086, 35.2142688 ] } },
{ "type": "Feature", "properties": { "osm_id": 837208992, "name": null, "lat": 35.2098103, "lon": -80.8616215, "tags": { "amenity": "parking", "building": "parking", "height": "19", "parking": "multi-storey" }, "amenity": "parking", "shop": null, "leisure": null, "tourism": null, "office": null, "public_transport": null, "healthcare": null, "craft": null, "stations_in_radius": [ "East/West" ], "stations_in_radius_dist_m": [ 324.91 ], "poi_cluster": "env", "index_right": 30, "centroid_id": 9, "dist_m": 107.46716861131945 }, "geometry": { "type": "Point", "coordinates": [ -80.8616215, 35.2098103 ] } },
{ "type": "Feature", "properties": { "osm_id": 837208994, "name": null, "lat": 35.2072148, "lon": -80.8614055, "tags": { "access": "yes", "amenity": "parking", "building": "parking", "fee": "no", "height": "19", "parking": "multi-storey" }, "amenity": "parking", "shop": null, "leisure": null, "tourism": null, "office": null, "public_transport": null, "healthcare": null, "craft": null, "stations_in_radius": [ ], "stations_in_radius_dist_m": [ ], "poi_cluster": "env", "index_right": 32, "centroid_id": 14, "dist_m": 109.0983767013369 }, "geometry": { "type": "Point", "coordinates": [ -80.8614055, 35.2072148 ] } },
{ "type": "Feature", "properties": { "osm_id": 875274991, "name": null, "lat": 35.214577, "lon": -80.8560028, "tags": { "amenity": "parking", "building": "parking", "parking": "multi-storey" }, "amenity": "parking", "shop": null, "leisure": null, "tourism": null, "office": null, "public_transport": null, "healthcare": null, "craft": null, "stations_in_radius": [ ], "stations_in_radius_dist_m": [ ], "poi_cluster": "env", "index_right": 120, "centroid_id": 38, "dist_m": 80.60247587003191 }, "geometry": { "type": "Point", "coordinates": [ -80.8560028, 35.214577 ] } },
{ "type": "Feature", "properties": { "osm_id": 990903148, "name": "Design Center Tower Parking Garage", "lat": 35.2122733, "lon": -80.8603748, "tags": { "access": "private", "addr:city": "Charlotte", "addr:housenumber": "240", "addr:state": "NC", "addr:street": "Hawkins Street", "amenity": "parking", "building": "parking", "building:levels": "6", "name": "Design Center Tower Parking Garage", "operator": "Preferred Parking Service", "operator:type": "private", "parking": "multi-storey", "surface": "asphalt" }, "amenity": "parking", "shop": null, "leisure": null, "tourism": null, "office": null, "public_transport": null, "healthcare": null, "craft": null, "stations_in_radius": [ "East/West" ], "stations_in_radius_dist_m": [ 115.72 ], "poi_cluster": "env", "index_right": 123, "centroid_id": 12, "dist_m": 37.489098442832919 }, "geometry": { "type": "Point", "coordinates": [ -80.8603748, 35.2122733 ] } },
{ "type": "Feature", "properties": { "osm_id": 997012684, "name": null, "lat": 35.2092098, "lon": -80.8552282, "tags": { "amenity": "parking" }, "amenity": "parking", "shop": null, "leisure": null, "tourism": null, "office": null, "public_transport": null, "healthcare": null, "craft": null, "stations_in_radius": [ ], "stations_in_radius_dist_m": [ ], "poi_cluster": "env", "index_right": 153, "centroid_id": 46, "dist_m": 100.06467990709021 }, "geometry": { "type": "Point", "coordinates": [ -80.8552282, 35.2092098 ] } },
{ "type": "Feature", "properties": { "osm_id": 1059935588, "name": null, "lat": 35.2139712, "lon": -80.860833, "tags": { "amenity": "parking", "building": "yes", "height": "26", "parking": "multi-storey" }, "amenity": "parking", "shop": null, "leisure": null, "tourism": null, "office": null, "public_transport": null, "healthcare": null, "craft": null, "stations_in_radius": [ ], "stations_in_radius_dist_m": [ ], "poi_cluster": "env", "index_right": 122, "centroid_id": 17, "dist_m": 90.776401617069411 }, "geometry": { "type": "Point", "coordinates": [ -80.860833, 35.213971199999989 ] } },
{ "type": "Feature", "properties": { "osm_id": 1134158513, "name": null, "lat": 35.2152643, "lon": -80.8562809, "tags": { "amenity": "parking" }, "amenity": "parking", "shop": null, "leisure": null, "tourism": null, "office": null, "public_transport": null, "healthcare": null, "craft": null, "stations_in_radius": "['Bland' 'East/West']", "stations_in_radius_dist_m": "[110.61 452.83]", "poi_cluster": "env", "index_right": 120, "centroid_id": 38, "dist_m": 93.059997167676102 }, "geometry": { "type": "Point", "coordinates": [ -80.8562809, 35.2152643 ] } },
{ "type": "Feature", "properties": { "osm_id": 1134158519, "name": null, "lat": 35.2159128, "lon": -80.8556686, "tags": { "amenity": "parking", "parking": "surface" }, "amenity": "parking", "shop": null, "leisure": null, "tourism": null, "office": null, "public_transport": null, "healthcare": null, "craft": null, "stations_in_radius": [ "Bland" ], "stations_in_radius_dist_m": [ 36.54 ], "poi_cluster": "env", "index_right": 54, "centroid_id": 43, "dist_m": 66.95699870356222 }, "geometry": { "type": "Point", "coordinates": [ -80.8556686, 35.2159128 ] } },
{ "type": "Feature", "properties": { "osm_id": 1175759360, "name": null, "lat": 35.2107354, "lon": -80.863432, "tags": { "amenity": "bicycle_parking", "bicycle_parking": "stands", "capacity": "6" }, "amenity": "bicycle_parking", "shop": null, "leisure": null, "tourism": null, "office": null, "public_transport": null, "healthcare": null, "craft": null, "stations_in_radius": [ "East/West" ], "stations_in_radius_dist_m": [ 410.27 ], "poi_cluster": "env", "index_right": 44, "centroid_id": 7, "dist_m": 124.7132181526398 }, "geometry": { "type": "Point", "coordinates": [ -80.863432, 35.2107354 ] } },
{ "type": "Feature", "properties": { "osm_id": 1185176272, "name": null, "lat": 35.2081001, "lon": -80.8631932, "tags": { "amenity": "parking", "parking": "surface", "surface": "asphalt" }, "amenity": "parking", "shop": null, "leisure": null, "tourism": null, "office": null, "public_transport": null, "healthcare": null, "craft": null, "stations_in_radius": [ ], "stations_in_radius_dist_m": [ ], "poi_cluster": "env", "index_right": 82, "centroid_id": 3, "dist_m": 69.190705264411122 }, "geometry": { "type": "Point", "coordinates": [ -80.8631932, 35.2081001 ] } },
{ "type": "Feature", "properties": { "osm_id": 1190500456, "name": null, "lat": 35.2094045, "lon": -80.8628848, "tags": { "amenity": "parking", "parking": "surface", "surface": "gravel" }, "amenity": "parking", "shop": null, "leisure": null, "tourism": null, "office": null, "public_transport": null, "healthcare": null, "craft": null, "stations_in_radius": [ "East/West" ], "stations_in_radius_dist_m": [ 439.76 ], "poi_cluster": "env", "index_right": 82, "centroid_id": 3, "dist_m": 127.49033768007462 }, "geometry": { "type": "Point", "coordinates": [ -80.8628848, 35.2094045 ] } },
{ "type": "Feature", "properties": { "osm_id": 1190500460, "name": null, "lat": 35.2105889, "lon": -80.8625587, "tags": { "amenity": "parking" }, "amenity": "parking", "shop": null, "leisure": null, "tourism": null, "office": null, "public_transport": null, "healthcare": null, "craft": null, "stations_in_radius": [ "East/West" ], "stations_in_radius_dist_m": [ 342.9 ], "poi_cluster": "env", "index_right": 30, "centroid_id": 9, "dist_m": 68.272161970367407 }, "geometry": { "type": "Point", "coordinates": [ -80.8625587, 35.2105889 ] } },
{ "type": "Feature", "properties": { "osm_id": 1193232222, "name": null, "lat": 35.2111221, "lon": -80.8635169, "tags": { "amenity": "parking" }, "amenity": "parking", "shop": null, "leisure": null, "tourism": null, "office": null, "public_transport": null, "healthcare": null, "craft": null, "stations_in_radius": [ "East/West" ], "stations_in_radius_dist_m": [ 405.9 ], "poi_cluster": "env", "index_right": 121, "centroid_id": 4, "dist_m": 85.402656062400993 }, "geometry": { "type": "Point", "coordinates": [ -80.8635169, 35.2111221 ] } },
{ "type": "Feature", "properties": { "osm_id": 1193232223, "name": null, "lat": 35.2110283, "lon": -80.8624466, "tags": { "amenity": "parking" }, "amenity": "parking", "shop": null, "leisure": null, "tourism": null, "office": null, "public_transport": null, "healthcare": null, "craft": null, "stations_in_radius": [ "East/West" ], "stations_in_radius_dist_m": [ 314.9 ], "poi_cluster": "env", "index_right": 30, "centroid_id": 9, "dist_m": 62.644751076374504 }, "geometry": { "type": "Point", "coordinates": [ -80.8624466, 35.2110283 ] } },
{ "type": "Feature", "properties": { "osm_id": 1254768289, "name": null, "lat": 35.210155, "lon": -80.8566366, "tags": { "amenity": "parking", "parking": "surface" }, "amenity": "parking", "shop": null, "leisure": null, "tourism": null, "office": null, "public_transport": null, "healthcare": null, "craft": null, "stations_in_radius": [ "East/West" ], "stations_in_radius_dist_m": [ 303.9 ], "poi_cluster": "env", "index_right": 151, "centroid_id": 40, "dist_m": 91.738225401949762 }, "geometry": { "type": "Point", "coordinates": [ -80.8566366, 35.210155 ] } },
{ "type": "Feature", "properties": { "osm_id": 1254768290, "name": null, "lat": 35.2102339, "lon": -80.8569385, "tags": { "amenity": "parking", "parking": "surface" }, "amenity": "parking", "shop": null, "leisure": null, "tourism": null, "office": null, "public_transport": null, "healthcare": null, "craft": null, "stations_in_radius": [ "East/West" ], "stations_in_radius_dist_m": [ 277.58 ], "poi_cluster": "env", "index_right": 143, "centroid_id": 32, "dist_m": 82.591689115656223 }, "geometry": { "type": "Point", "coordinates": [ -80.8569385, 35.2102339 ] } },
{ "type": "Feature", "properties": { "osm_id": 1254768291, "name": null, "lat": 35.2098019, "lon": -80.8558914, "tags": { "amenity": "parking", "parking": "surface" }, "amenity": "parking", "shop": null, "leisure": null, "tourism": null, "office": null, "public_transport": null, "healthcare": null, "craft": null, "stations_in_radius": [ "East/West" ], "stations_in_radius_dist_m": [ 381.15 ], "poi_cluster": "env", "index_right": 153, "centroid_id": 46, "dist_m": 45.499478820976037 }, "geometry": { "type": "Point", "coordinates": [ -80.855891400000019, 35.2098019 ] } },
{ "type": "Feature", "properties": { "osm_id": 1254768292, "name": null, "lat": 35.2101002, "lon": -80.8562792, "tags": { "amenity": "parking", "parking": "surface" }, "amenity": "parking", "shop": null, "leisure": null, "tourism": null, "office": null, "public_transport": null, "healthcare": null, "craft": null, "stations_in_radius": [ "East/West" ], "stations_in_radius_dist_m": [ 332.95 ], "poi_cluster": "env", "index_right": 153, "centroid_id": 46, "dist_m": 68.881486162064732 }, "geometry": { "type": "Point", "coordinates": [ -80.8562792, 35.210100199999985 ] } },
{ "type": "Feature", "properties": { "osm_id": 1254768293, "name": null, "lat": 35.209977, "lon": -80.8560667, "tags": { "amenity": "parking", "parking": "surface" }, "amenity": "parking", "shop": null, "leisure": null, "tourism": null, "office": null, "public_transport": null, "healthcare": null, "craft": null, "stations_in_radius": [ "East/West" ], "stations_in_radius_dist_m": [ 356.61 ], "poi_cluster": "env", "index_right": 153, "centroid_id": 46, "dist_m": 50.778517905895022 }, "geometry": { "type": "Point", "coordinates": [ -80.8560667, 35.209977 ] } },
{ "type": "Feature", "properties": { "osm_id": 1254768295, "name": null, "lat": 35.2098812, "lon": -80.8562946, "tags": { "amenity": "parking", "parking": "surface" }, "amenity": "parking", "shop": null, "leisure": null, "tourism": null, "office": null, "public_transport": null, "healthcare": null, "craft": null, "stations_in_radius": [ "East/West" ], "stations_in_radius_dist_m": [ 347.31 ], "poi_cluster": "env", "index_right": 153, "centroid_id": 46, "dist_m": 73.591742402115699 }, "geometry": { "type": "Point", "coordinates": [ -80.8562946, 35.2098812 ] } },
{ "type": "Feature", "properties": { "osm_id": 1254768298, "name": null, "lat": 35.2107595, "lon": -80.8572707, "tags": { "amenity": "parking" }, "amenity": "parking", "shop": null, "leisure": null, "tourism": null, "office": null, "public_transport": null, "healthcare": null, "craft": null, "stations_in_radius": [ "East/West" ], "stations_in_radius_dist_m": [ 216.85 ], "poi_cluster": "env", "index_right": 151, "centroid_id": 40, "dist_m": 64.168508424954055 }, "geometry": { "type": "Point", "coordinates": [ -80.8572707, 35.2107595 ] } },
{ "type": "Feature", "properties": { "osm_id": 1254768299, "name": null, "lat": 35.2107523, "lon": -80.8582905, "tags": { "amenity": "parking", "parking": "surface" }, "amenity": "parking", "shop": null, "leisure": null, "tourism": null, "office": null, "public_transport": null, "healthcare": null, "craft": null, "stations_in_radius": [ "East/West" ], "stations_in_radius_dist_m": [ 154.13 ], "poi_cluster": "env", "index_right": 75, "centroid_id": 24, "dist_m": 47.99274229920087 }, "geometry": { "type": "Point", "coordinates": [ -80.8582905, 35.2107523 ] } },
{ "type": "Feature", "properties": { "osm_id": 1254768300, "name": null, "lat": 35.210881, "lon": -80.8594118, "tags": { "amenity": "parking", "parking": "surface" }, "amenity": "parking", "shop": null, "leisure": null, "tourism": null, "office": null, "public_transport": null, "healthcare": null, "craft": null, "stations_in_radius": [ "East/West" ], "stations_in_radius_dist_m": [ 119.49 ], "poi_cluster": "env", "index_right": 75, "centroid_id": 24, "dist_m": 55.731230388226109 }, "geometry": { "type": "Point", "coordinates": [ -80.8594118, 35.210881 ] } },
{ "type": "Feature", "properties": { "osm_id": 1254768301, "name": null, "lat": 35.2103847, "lon": -80.8598322, "tags": { "amenity": "parking" }, "amenity": "parking", "shop": null, "leisure": null, "tourism": null, "office": null, "public_transport": null, "healthcare": null, "craft": null, "stations_in_radius": [ "East/West" ], "stations_in_radius_dist_m": [ 182.71 ], "poi_cluster": "env", "index_right": 10, "centroid_id": 18, "dist_m": 58.840198821959142 }, "geometry": { "type": "Point", "coordinates": [ -80.8598322, 35.2103847 ] } },
{ "type": "Feature", "properties": { "osm_id": 1254768302, "name": null, "lat": 35.2099905, "lon": -80.8570501, "tags": { "amenity": "parking", "parking": "surface" }, "amenity": "parking", "shop": null, "leisure": null, "tourism": null, "office": null, "public_transport": null, "healthcare": null, "craft": null, "stations_in_radius": [ "East/West" ], "stations_in_radius_dist_m": [ 289.78 ], "poi_cluster": "env", "index_right": 143, "centroid_id": 32, "dist_m": 62.817827045170361 }, "geometry": { "type": "Point", "coordinates": [ -80.8570501, 35.2099905 ] } },
{ "type": "Feature", "properties": { "osm_id": 1254768303, "name": null, "lat": 35.2101229, "lon": -80.85472, "tags": { "amenity": "parking" }, "amenity": "parking", "shop": null, "leisure": null, "tourism": null, "office": null, "public_transport": null, "healthcare": null, "craft": null, "stations_in_radius": [ ], "stations_in_radius_dist_m": [ ], "poi_cluster": "env", "index_right": 153, "centroid_id": 46, "dist_m": 73.234966343908312 }, "geometry": { "type": "Point", "coordinates": [ -80.85472, 35.2101229 ] } },
{ "type": "Feature", "properties": { "osm_id": 1265697851, "name": null, "lat": 35.2095685, "lon": -80.8554205, "tags": { "amenity": "parking", "building": "yes", "layer": "-1", "parking": "multi-storey" }, "amenity": "parking", "shop": null, "leisure": null, "tourism": null, "office": null, "public_transport": null, "healthcare": null, "craft": null, "stations_in_radius": [ ], "stations_in_radius_dist_m": [ ], "poi_cluster": "env", "index_right": 153, "centroid_id": 46, "dist_m": 57.385139113132077 }, "geometry": { "type": "Point", "coordinates": [ -80.8554205, 35.2095685 ] } },
{ "type": "Feature", "properties": { "osm_id": 1265697852, "name": null, "lat": 35.2106954, "lon": -80.8576934, "tags": { "amenity": "parking", "parking": "surface" }, "amenity": "parking", "shop": null, "leisure": null, "tourism": null, "office": null, "public_transport": null, "healthcare": null, "craft": null, "stations_in_radius": [ "East/West" ], "stations_in_radius_dist_m": [ 192.65 ], "poi_cluster": "env", "index_right": 143, "centroid_id": 32, "dist_m": 93.093891315255959 }, "geometry": { "type": "Point", "coordinates": [ -80.8576934, 35.2106954 ] } },
{ "type": "Feature", "properties": { "osm_id": 1265697854, "name": null, "lat": 35.2109864, "lon": -80.8576723, "tags": { "amenity": "parking", "parking": "surface" }, "amenity": "parking", "shop": null, "leisure": null, "tourism": null, "office": null, "public_transport": null, "healthcare": null, "craft": null, "stations_in_radius": [ "East/West" ], "stations_in_radius_dist_m": [ 172.53 ], "poi_cluster": "env", "index_right": 41, "centroid_id": 33, "dist_m": 74.779904703370192 }, "geometry": { "type": "Point", "coordinates": [ -80.8576723, 35.210986399999989 ] } },
{ "type": "Feature", "properties": { "osm_id": 1285775395, "name": null, "lat": 35.2126714, "lon": -80.8573263, "tags": { "amenity": "parking", "building": "yes", "building:levels": "8", "fee": "yes", "height": "24", "parking": "multi-storey" }, "amenity": "parking", "shop": null, "leisure": null, "tourism": null, "office": null, "public_transport": null, "healthcare": null, "craft": null, "stations_in_radius": [ "East/West" ], "stations_in_radius_dist_m": [ 186.38 ], "poi_cluster": "env", "index_right": 107, "centroid_id": 41, "dist_m": 65.806002916340859 }, "geometry": { "type": "Point", "coordinates": [ -80.8573263, 35.2126714 ] } },
{ "type": "Feature", "properties": { "osm_id": 1323716200, "name": null, "lat": 35.2095761, "lon": -80.8615826, "tags": { "amenity": "parking" }, "amenity": "parking", "shop": null, "leisure": null, "tourism": null, "office": null, "public_transport": null, "healthcare": null, "craft": null, "stations_in_radius": [ "East/West" ], "stations_in_radius_dist_m": [ 341.97 ], "poi_cluster": "env", "index_right": 30, "centroid_id": 9, "dist_m": 133.65400394769227 }, "geometry": { "type": "Point", "coordinates": [ -80.8615826, 35.2095761 ] } },
{ "type": "Feature", "properties": { "osm_id": 1409279357, "name": null, "lat": 35.2158735, "lon": -80.8579783, "tags": { "amenity": "parking" }, "amenity": "parking", "shop": null, "leisure": null, "tourism": null, "office": null, "public_transport": null, "healthcare": null, "craft": null, "stations_in_radius": [ "Bland" ], "stations_in_radius_dist_m": [ 245.62 ], "poi_cluster": "env", "index_right": 88, "centroid_id": 28, "dist_m": 71.982523619472602 }, "geometry": { "type": "Point", "coordinates": [ -80.8579783, 35.2158735 ] } },
{ "type": "Feature", "properties": { "osm_id": 1409279358, "name": null, "lat": 35.214953, "lon": -80.8587258, "tags": { "amenity": "parking" }, "amenity": "parking", "shop": null, "leisure": null, "tourism": null, "office": null, "public_transport": null, "healthcare": null, "craft": null, "stations_in_radius": "['Bland' 'East/West']", "stations_in_radius_dist_m": "[328.34 336.58]", "poi_cluster": "env", "index_right": 88, "centroid_id": 28, "dist_m": 54.835218113520504 }, "geometry": { "type": "Point", "coordinates": [ -80.8587258, 35.214953 ] } },
{ "type": "Feature", "properties": { "osm_id": 1409279359, "name": null, "lat": 35.2147431, "lon": -80.8589775, "tags": { "amenity": "parking" }, "amenity": "parking", "shop": null, "leisure": null, "tourism": null, "office": null, "public_transport": null, "healthcare": null, "craft": null, "stations_in_radius": "['East/West' 'Bland']", "stations_in_radius_dist_m": "[311.36 357.45]", "poi_cluster": "env", "index_right": 180, "centroid_id": 22, "dist_m": 54.40092448697164 }, "geometry": { "type": "Point", "coordinates": [ -80.8589775, 35.2147431 ] } },
{ "type": "Feature", "properties": { "osm_id": 1409279360, "name": null, "lat": 35.2143973, "lon": -80.8618799, "tags": { "amenity": "parking" }, "amenity": "parking", "shop": null, "leisure": null, "tourism": null, "office": null, "public_transport": null, "healthcare": null, "craft": null, "stations_in_radius": [ "East/West" ], "stations_in_radius_dist_m": [ 367.55 ], "poi_cluster": "env", "index_right": 42, "centroid_id": 10, "dist_m": 53.239820076727966 }, "geometry": { "type": "Point", "coordinates": [ -80.8618799, 35.2143973 ] } },
{ "type": "Feature", "properties": { "osm_id": 1409279363, "name": null, "lat": 35.2138311, "lon": -80.8627451, "tags": { "amenity": "parking" }, "amenity": "parking", "shop": null, "leisure": null, "tourism": null, "office": null, "public_transport": null, "healthcare": null, "craft": null, "stations_in_radius": [ "East/West" ], "stations_in_radius_dist_m": [ 387.12 ], "poi_cluster": "env", "index_right": 178, "centroid_id": 5, "dist_m": 78.178818687100417 }, "geometry": { "type": "Point", "coordinates": [ -80.8627451, 35.2138311 ] } },
{ "type": "Feature", "properties": { "osm_id": 1409279364, "name": null, "lat": 35.2133259, "lon": -80.8625865, "tags": { "amenity": "parking" }, "amenity": "parking", "shop": null, "leisure": null, "tourism": null, "office": null, "public_transport": null, "healthcare": null, "craft": null, "stations_in_radius": [ "East/West" ], "stations_in_radius_dist_m": [ 346.86 ], "poi_cluster": "env", "index_right": 124, "centroid_id": 8, "dist_m": 34.789088458856824 }, "geometry": { "type": "Point", "coordinates": [ -80.8625865, 35.2133259 ] } },
{ "type": "Feature", "properties": { "osm_id": 1409279365, "name": null, "lat": 35.2132535, "lon": -80.8623041, "tags": { "amenity": "parking" }, "amenity": "parking", "shop": null, "leisure": null, "tourism": null, "office": null, "public_transport": null, "healthcare": null, "craft": null, "stations_in_radius": [ "East/West" ], "stations_in_radius_dist_m": [ 320.29 ], "poi_cluster": "env", "index_right": 124, "centroid_id": 8, "dist_m": 41.566677984413346 }, "geometry": { "type": "Point", "coordinates": [ -80.8623041, 35.2132535 ] } },
{ "type": "Feature", "properties": { "osm_id": 1409279366, "name": null, "lat": 35.2136914, "lon": -80.8619361, "tags": { "amenity": "parking" }, "amenity": "parking", "shop": null, "leisure": null, "tourism": null, "office": null, "public_transport": null, "healthcare": null, "craft": null, "stations_in_radius": [ "East/West" ], "stations_in_radius_dist_m": [ 317.97 ], "poi_cluster": "env", "index_right": 42, "centroid_id": 10, "dist_m": 26.87544628581955 }, "geometry": { "type": "Point", "coordinates": [ -80.8619361, 35.2136914 ] } },
{ "type": "Feature", "properties": { "osm_id": 1409279367, "name": null, "lat": 35.2123586, "lon": -80.8595333, "tags": { "amenity": "parking" }, "amenity": "parking", "shop": null, "leisure": null, "tourism": null, "office": null, "public_transport": null, "healthcare": null, "craft": null, "stations_in_radius": [ "East/West" ], "stations_in_radius_dist_m": [ 57. ], "poi_cluster": "env", "index_right": 64, "centroid_id": 25, "dist_m": 69.217057654311574 }, "geometry": { "type": "Point", "coordinates": [ -80.8595333, 35.2123586 ] } },
{ "type": "Feature", "properties": { "osm_id": 1409279369, "name": null, "lat": 35.2125501, "lon": -80.8597365, "tags": { "amenity": "parking" }, "amenity": "parking", "shop": null, "leisure": null, "tourism": null, "office": null, "public_transport": null, "healthcare": null, "craft": null, "stations_in_radius": [ "East/West" ], "stations_in_radius_dist_m": [ 85.07 ], "poi_cluster": "env", "index_right": 64, "centroid_id": 25, "dist_m": 83.918299465521756 }, "geometry": { "type": "Point", "coordinates": [ -80.8597365, 35.2125501 ] } },
{ "type": "Feature", "properties": { "osm_id": 1409279370, "name": null, "lat": 35.2127323, "lon": -80.8600257, "tags": { "amenity": "parking" }, "amenity": "parking", "shop": null, "leisure": null, "tourism": null, "office": null, "public_transport": null, "healthcare": null, "craft": null, "stations_in_radius": [ "East/West" ], "stations_in_radius_dist_m": [ 117.41 ], "poi_cluster": "env", "index_right": 154, "centroid_id": 16, "dist_m": 58.241974370864057 }, "geometry": { "type": "Point", "coordinates": [ -80.8600257, 35.212732299999985 ] } },
{ "type": "Feature", "properties": { "osm_id": 1409279371, "name": null, "lat": 35.2123843, "lon": -80.861852, "tags": { "amenity": "parking", "parking": "surface", "surface": "gravel" }, "amenity": "parking", "shop": null, "leisure": null, "tourism": null, "office": null, "public_transport": null, "healthcare": null, "craft": null, "stations_in_radius": [ "East/West" ], "stations_in_radius_dist_m": [ 249.03 ], "poi_cluster": "env", "index_right": 124, "centroid_id": 8, "dist_m": 101.67428477491463 }, "geometry": { "type": "Point", "coordinates": [ -80.861852, 35.2123843 ] } },
{ "type": "Feature", "properties": { "osm_id": 1409279372, "name": null, "lat": 35.2124909, "lon": -80.8623506, "tags": { "amenity": "parking" }, "amenity": "parking", "shop": null, "leisure": null, "tourism": null, "office": null, "public_transport": null, "healthcare": null, "craft": null, "stations_in_radius": [ "East/West" ], "stations_in_radius_dist_m": [ 295.86 ], "poi_cluster": "env", "index_right": 124, "centroid_id": 8, "dist_m": 64.854483936746604 }, "geometry": { "type": "Point", "coordinates": [ -80.8623506, 35.2124909 ] } },
{ "type": "Feature", "properties": { "osm_id": 1409279375, "name": null, "lat": 35.2123897, "lon": -80.8639543, "tags": { "amenity": "parking", "building": "yes", "layer": "-1", "parking": "multi-storey" }, "amenity": "parking", "shop": null, "leisure": null, "tourism": null, "office": null, "public_transport": null, "healthcare": null, "craft": null, "stations_in_radius": [ ], "stations_in_radius_dist_m": [ ], "poi_cluster": "env", "index_right": 121, "centroid_id": 4, "dist_m": 69.798836698065003 }, "geometry": { "type": "Point", "coordinates": [ -80.8639543, 35.2123897 ] } },
{ "type": "Feature", "properties": { "osm_id": 1409279376, "name": null, "lat": 35.2115879, "lon": -80.8634127, "tags": { "amenity": "parking" }, "amenity": "parking", "shop": null, "leisure": null, "tourism": null, "office": null, "public_transport": null, "healthcare": null, "craft": null, "stations_in_radius": [ "East/West" ], "stations_in_radius_dist_m": [ 388.12 ], "poi_cluster": "env", "index_right": 121, "centroid_id": 4, "dist_m": 34.338185399169305 }, "geometry": { "type": "Point", "coordinates": [ -80.8634127, 35.2115879 ] } },
{ "type": "Feature", "properties": { "osm_id": 1409279377, "name": null, "lat": 35.2117935, "lon": -80.8641172, "tags": { "amenity": "parking" }, "amenity": "parking", "shop": null, "leisure": null, "tourism": null, "office": null, "public_transport": null, "healthcare": null, "craft": null, "stations_in_radius": [ "East/West" ], "stations_in_radius_dist_m": [ 450.57 ], "poi_cluster": "env", "index_right": 121, "centroid_id": 4, "dist_m": 58.537917459589352 }, "geometry": { "type": "Point", "coordinates": [ -80.8641172, 35.2117935 ] } },
{ "type": "Feature", "properties": { "osm_id": 1409279381, "name": null, "lat": 35.2090798, "lon": -80.8636258, "tags": { "amenity": "parking" }, "amenity": "parking", "shop": null, "leisure": null, "tourism": null, "office": null, "public_transport": null, "healthcare": null, "craft": null, "stations_in_radius": [ ], "stations_in_radius_dist_m": [ ], "poi_cluster": "env", "index_right": 82, "centroid_id": 3, "dist_m": 64.389480938810266 }, "geometry": { "type": "Point", "coordinates": [ -80.8636258, 35.2090798 ] } },
{ "type": "Feature", "properties": { "osm_id": 1409279386, "name": null, "lat": 35.210206, "lon": -80.8646598, "tags": { "amenity": "parking" }, "amenity": "parking", "shop": null, "leisure": null, "tourism": null, "office": null, "public_transport": null, "healthcare": null, "craft": null, "stations_in_radius": [ ], "stations_in_radius_dist_m": [ ], "poi_cluster": "env", "index_right": 82, "centroid_id": 3, "dist_m": 204.8753783645133 }, "geometry": { "type": "Point", "coordinates": [ -80.8646598, 35.210206 ] } },
{ "type": "Feature", "properties": { "osm_id": 1409279387, "name": null, "lat": 35.2101777, "lon": -80.8640032, "tags": { "amenity": "parking" }, "amenity": "parking", "shop": null, "leisure": null, "tourism": null, "office": null, "public_transport": null, "healthcare": null, "craft": null, "stations_in_radius": [ "East/West" ], "stations_in_radius_dist_m": [ 481.36 ], "poi_cluster": "env", "index_right": 82, "centroid_id": 3, "dist_m": 186.1374947535688 }, "geometry": { "type": "Point", "coordinates": [ -80.8640032, 35.2101777 ] } },
{ "type": "Feature", "properties": { "osm_id": 1409279390, "name": null, "lat": 35.2106102, "lon": -80.8636284, "tags": { "amenity": "parking" }, "amenity": "parking", "shop": null, "leisure": null, "tourism": null, "office": null, "public_transport": null, "healthcare": null, "craft": null, "stations_in_radius": [ "East/West" ], "stations_in_radius_dist_m": [ 431.76 ], "poi_cluster": "env", "index_right": 121, "centroid_id": 4, "dist_m": 142.71972003425145 }, "geometry": { "type": "Point", "coordinates": [ -80.8636284, 35.2106102 ] } },
{ "type": "Feature", "properties": { "osm_id": 1427159938, "name": null, "lat": 35.2098018, "lon": -80.8567918, "tags": { "amenity": "parking" }, "amenity": "parking", "shop": null, "leisure": null, "tourism": null, "office": null, "public_transport": null, "healthcare": null, "craft": null, "stations_in_radius": [ "East/West" ], "stations_in_radius_dist_m": [ 321.07 ], "poi_cluster": "env", "index_right": 143, "centroid_id": 32, "dist_m": 84.753799245061515 }, "geometry": { "type": "Point", "coordinates": [ -80.8567918, 35.209801799999987 ] } },
{ "type": "Feature", "properties": { "osm_id": 1427747785, "name": null, "lat": 35.2085851, "lon": -80.8599347, "tags": { "amenity": "parking" }, "amenity": "parking", "shop": null, "leisure": null, "tourism": null, "office": null, "public_transport": null, "healthcare": null, "craft": null, "stations_in_radius": [ "East/West" ], "stations_in_radius_dist_m": [ 378.51 ], "poi_cluster": "env", "index_right": 32, "centroid_id": 14, "dist_m": 96.861058579028338 }, "geometry": { "type": "Point", "coordinates": [ -80.8599347, 35.2085851 ] } },
{ "type": "Feature", "properties": { "osm_id": 1427747786, "name": null, "lat": 35.2082895, "lon": -80.8595791, "tags": { "amenity": "parking" }, "amenity": "parking", "shop": null, "leisure": null, "tourism": null, "office": null, "public_transport": null, "healthcare": null, "craft": null, "stations_in_radius": [ "East/West" ], "stations_in_radius_dist_m": [ 406.55 ], "poi_cluster": "env", "index_right": 32, "centroid_id": 14, "dist_m": 95.796477144462159 }, "geometry": { "type": "Point", "coordinates": [ -80.8595791, 35.2082895 ] } },
{ "type": "Feature", "properties": { "osm_id": 1427747787, "name": null, "lat": 35.2085552, "lon": -80.8593279, "tags": { "amenity": "parking" }, "amenity": "parking", "shop": null, "leisure": null, "tourism": null, "office": null, "public_transport": null, "healthcare": null, "craft": null, "stations_in_radius": [ "East/West" ], "stations_in_radius_dist_m": [ 375.65 ], "poi_cluster": "env", "index_right": 168, "centroid_id": 26, "dist_m": 83.865901078464361 }, "geometry": { "type": "Point", "coordinates": [ -80.8593279, 35.2085552 ] } },
{ "type": "Feature", "properties": { "osm_id": 1427747788, "name": null, "lat": 35.2089223, "lon": -80.8593997, "tags": { "amenity": "parking" }, "amenity": "parking", "shop": null, "leisure": null, "tourism": null, "office": null, "public_transport": null, "healthcare": null, "craft": null, "stations_in_radius": [ "East/West" ], "stations_in_radius_dist_m": [ 335.32 ], "poi_cluster": "env", "index_right": 168, "centroid_id": 26, "dist_m": 77.774079413537777 }, "geometry": { "type": "Point", "coordinates": [ -80.8593997, 35.2089223 ] } },
{ "type": "Feature", "properties": { "osm_id": 1427747793, "name": null, "lat": 35.2091346, "lon": -80.8591631, "tags": { "amenity": "parking" }, "amenity": "parking", "shop": null, "leisure": null, "tourism": null, "office": null, "public_transport": null, "healthcare": null, "craft": null, "stations_in_radius": [ "East/West" ], "stations_in_radius_dist_m": [ 311.12 ], "poi_cluster": "env", "index_right": 168, "centroid_id": 26, "dist_m": 59.560417988114295 }, "geometry": { "type": "Point", "coordinates": [ -80.8591631, 35.2091346 ] } },
{ "type": "Feature", "properties": { "osm_id": 1427747795, "name": null, "lat": 35.2073048, "lon": -80.8602317, "tags": { "amenity": "parking" }, "amenity": "parking", "shop": null, "leisure": null, "tourism": null, "office": null, "public_transport": null, "healthcare": null, "craft": null, "stations_in_radius": [ "East/West" ], "stations_in_radius_dist_m": [ 523.05 ], "poi_cluster": "env", "index_right": 51, "centroid_id": 20, "dist_m": 55.724267286404761 }, "geometry": { "type": "Point", "coordinates": [ -80.8602317, 35.2073048 ] } },
{ "type": "Feature", "properties": { "osm_id": 1427747797, "name": null, "lat": 35.2070516, "lon": -80.860414, "tags": { "amenity": "parking" }, "amenity": "parking", "shop": null, "leisure": null, "tourism": null, "office": null, "public_transport": null, "healthcare": null, "craft": null, "stations_in_radius": [ "East/West" ], "stations_in_radius_dist_m": [ 553.82 ], "poi_cluster": "env", "index_right": 51, "centroid_id": 20, "dist_m": 70.634398063594134 }, "geometry": { "type": "Point", "coordinates": [ -80.860414, 35.2070516 ] } },
{ "type": "Feature", "properties": { "osm_id": 1428169467, "name": null, "lat": 35.2146342, "lon": -80.8574685, "tags": { "amenity": "parking" }, "amenity": "parking", "shop": null, "leisure": null, "tourism": null, "office": null, "public_transport": null, "healthcare": null, "craft": null, "stations_in_radius": "['Bland' 'East/West']", "stations_in_radius_dist_m": "[239.29 336.54]", "poi_cluster": "env", "index_right": 120, "centroid_id": 38, "dist_m": 53.041333133019812 }, "geometry": { "type": "Point", "coordinates": [ -80.8574685, 35.2146342 ] } },
{ "type": "Feature", "properties": { "osm_id": 1428169481, "name": null, "lat": 35.2138191, "lon": -80.8544628, "tags": { "amenity": "parking" }, "amenity": "parking", "shop": null, "leisure": null, "tourism": null, "office": null, "public_transport": null, "healthcare": null, "craft": null, "stations_in_radius": [ "Bland" ], "stations_in_radius_dist_m": [ 235.09 ], "poi_cluster": "env", "index_right": 34, "centroid_id": 51, "dist_m": 87.614131397058088 }, "geometry": { "type": "Point", "coordinates": [ -80.8544628, 35.2138191 ] } },
{ "type": "Feature", "properties": { "osm_id": 1428169484, "name": null, "lat": 35.213723, "lon": -80.854933, "tags": { "amenity": "parking" }, "amenity": "parking", "shop": null, "leisure": null, "tourism": null, "office": null, "public_transport": null, "healthcare": null, "craft": null, "stations_in_radius": "['Bland' 'East/West']", "stations_in_radius_dist_m": "[235.79 433.37]", "poi_cluster": "env", "index_right": 101, "centroid_id": 48, "dist_m": 53.261750264639261 }, "geometry": { "type": "Point", "coordinates": [ -80.854933, 35.213723 ] } },
{ "type": "Feature", "properties": { "osm_id": 1428169485, "name": null, "lat": 35.2131753, "lon": -80.8555409, "tags": { "amenity": "parking" }, "amenity": "parking", "shop": null, "leisure": null, "tourism": null, "office": null, "public_transport": null, "healthcare": null, "craft": null, "stations_in_radius": "['Bland' 'East/West']", "stations_in_radius_dist_m": "[295.36 357.59]", "poi_cluster": "env", "index_right": 101, "centroid_id": 48, "dist_m": 56.672004073112205 }, "geometry": { "type": "Point", "coordinates": [ -80.8555409, 35.21317530000001 ] } },
{ "type": "Feature", "properties": { "osm_id": 1428169486, "name": null, "lat": 35.2126477, "lon": -80.856004, "tags": { "amenity": "parking" }, "amenity": "parking", "shop": null, "leisure": null, "tourism": null, "office": null, "public_transport": null, "healthcare": null, "craft": null, "stations_in_radius": "['East/West' 'Bland']", "stations_in_radius_dist_m": "[298.65 359.02]", "poi_cluster": "env", "index_right": 107, "centroid_id": 41, "dist_m": 57.828116430228228 }, "geometry": { "type": "Point", "coordinates": [ -80.856004, 35.2126477 ] } },
{ "type": "Feature", "properties": { "osm_id": 1428169487, "name": null, "lat": 35.2126869, "lon": -80.85546, "tags": { "amenity": "parking" }, "amenity": "parking", "shop": null, "leisure": null, "tourism": null, "office": null, "public_transport": null, "healthcare": null, "craft": null, "stations_in_radius": "['East/West' 'Bland']", "stations_in_radius_dist_m": "[347.68 348.96]", "poi_cluster": "env", "index_right": 129, "centroid_id": 47, "dist_m": 89.372805435121265 }, "geometry": { "type": "Point", "coordinates": [ -80.85546, 35.2126869 ] } },
{ "type": "Feature", "properties": { "osm_id": 1428169488, "name": null, "lat": 35.2128133, "lon": -80.8551583, "tags": { "amenity": "parking" }, "amenity": "parking", "shop": null, "leisure": null, "tourism": null, "office": null, "public_transport": null, "healthcare": null, "craft": null, "stations_in_radius": [ "East/West" ], "stations_in_radius_dist_m": [ 377.75 ], "poi_cluster": "env", "index_right": 140, "centroid_id": 53, "dist_m": 67.341211445064701 }, "geometry": { "type": "Point", "coordinates": [ -80.8551583, 35.212813299999986 ] } },
{ "type": "Feature", "properties": { "osm_id": 1428169489, "name": null, "lat": 35.2125798, "lon": -80.8551367, "tags": { "amenity": "parking" }, "amenity": "parking", "shop": null, "leisure": null, "tourism": null, "office": null, "public_transport": null, "healthcare": null, "craft": null, "stations_in_radius": [ ], "stations_in_radius_dist_m": [ ], "poi_cluster": "env", "index_right": 140, "centroid_id": 53, "dist_m": 69.066768390570004 }, "geometry": { "type": "Point", "coordinates": [ -80.8551367, 35.2125798 ] } },
{ "type": "Feature", "properties": { "osm_id": 1428169490, "name": null, "lat": 35.2122181, "lon": -80.8565002, "tags": { "amenity": "parking" }, "amenity": "parking", "shop": null, "leisure": null, "tourism": null, "office": null, "public_transport": null, "healthcare": null, "craft": null, "stations_in_radius": [ "East/West" ], "stations_in_radius_dist_m": [ 244.94 ], "poi_cluster": "env", "index_right": 107, "centroid_id": 41, "dist_m": 63.815282188541943 }, "geometry": { "type": "Point", "coordinates": [ -80.856500200000013, 35.2122181 ] } },
{ "type": "Feature", "properties": { "osm_id": 1428169495, "name": null, "lat": 35.210445, "lon": -80.8587452, "tags": { "amenity": "parking" }, "amenity": "parking", "shop": null, "leisure": null, "tourism": null, "office": null, "public_transport": null, "healthcare": null, "craft": null, "stations_in_radius": [ "East/West" ], "stations_in_radius_dist_m": [ 170.24 ], "poi_cluster": "env", "index_right": 75, "centroid_id": 24, "dist_m": 35.470634659698547 }, "geometry": { "type": "Point", "coordinates": [ -80.8587452, 35.210445 ] } },
{ "type": "Feature", "properties": { "osm_id": 1428169497, "name": null, "lat": 35.2095013, "lon": -80.8583823, "tags": { "amenity": "parking" }, "amenity": "parking", "shop": null, "leisure": null, "tourism": null, "office": null, "public_transport": null, "healthcare": null, "craft": null, "stations_in_radius": [ "East/West" ], "stations_in_radius_dist_m": [ 279.79 ], "poi_cluster": "env", "index_right": 168, "centroid_id": 26, "dist_m": 62.338601004783179 }, "geometry": { "type": "Point", "coordinates": [ -80.8583823, 35.2095013 ] } },
{ "type": "Feature", "properties": { "osm_id": 1429442727, "name": null, "lat": 35.2078785, "lon": -80.8620251, "tags": { "amenity": "parking" }, "amenity": "parking", "shop": null, "leisure": null, "tourism": null, "office": null, "public_transport": null, "healthcare": null, "craft": null, "stations_in_radius": [ "East/West" ], "stations_in_radius_dist_m": [ 520.01 ], "poi_cluster": "env", "index_right": 32, "centroid_id": 14, "dist_m": 141.57497483800199 }, "geometry": { "type": "Point", "coordinates": [ -80.8620251, 35.2078785 ] } },
{ "type": "Feature", "properties": { "osm_id": 1429442731, "name": null, "lat": 35.2070234, "lon": -80.8599093, "tags": { "amenity": "parking" }, "amenity": "parking", "shop": null, "leisure": null, "tourism": null, "office": null, "public_transport": null, "healthcare": null, "craft": null, "stations_in_radius": [ ], "stations_in_radius_dist_m": [ ], "poi_cluster": "env", "index_right": 51, "centroid_id": 20, "dist_m": 27.814539417152876 }, "geometry": { "type": "Point", "coordinates": [ -80.8599093, 35.2070234 ] } },
{ "type": "Feature", "properties": { "osm_id": 1430326680, "name": null, "lat": 35.2118037, "lon": -80.8588587, "tags": { "amenity": "parking", "building": "yes", "height": "32", "min_height": "10", "parking": "multi-storey" }, "amenity": "parking", "shop": null, "leisure": null, "tourism": null, "office": null, "public_transport": null, "healthcare": null, "craft": null, "stations_in_radius": [ "East/West" ], "stations_in_radius_dist_m": [ 32.11 ], "poi_cluster": "env", "index_right": 132, "centroid_id": 21, "dist_m": 72.845451513602399 }, "geometry": { "type": "Point", "coordinates": [ -80.8588587, 35.2118037 ] } },
{ "type": "Feature", "properties": { "osm_id": 1430327245, "name": null, "lat": 35.2117764, "lon": -80.8585145, "tags": { "amenity": "parking" }, "amenity": "parking", "shop": null, "leisure": null, "tourism": null, "office": null, "public_transport": null, "healthcare": null, "craft": null, "stations_in_radius": [ "East/West" ], "stations_in_radius_dist_m": [ 62.36 ], "poi_cluster": "env", "index_right": 41, "centroid_id": 33, "dist_m": 73.689374362217251 }, "geometry": { "type": "Point", "coordinates": [ -80.8585145, 35.2117764 ] } },
{ "type": "Feature", "properties": { "osm_id": 1450790626, "name": null, "lat": 35.2133011, "lon": -80.8568463, "tags": { "amenity": "parking" }, "amenity": "parking", "shop": null, "leisure": null, "tourism": null, "office": null, "public_transport": null, "healthcare": null, "craft": null, "stations_in_radius": "['East/West' 'Bland']", "stations_in_radius_dist_m": "[259.83 314.61]", "poi_cluster": "env", "index_right": 107, "centroid_id": 41, "dist_m": 60.87464592397761 }, "geometry": { "type": "Point", "coordinates": [ -80.8568463, 35.2133011 ] } },
{ "type": "Feature", "properties": { "osm_id": 1450790627, "name": null, "lat": 35.2135405, "lon": -80.8565301, "tags": { "amenity": "parking" }, "amenity": "parking", "shop": null, "leisure": null, "tourism": null, "office": null, "public_transport": null, "healthcare": null, "craft": null, "stations_in_radius": "['Bland' 'East/West']", "stations_in_radius_dist_m": "[278.23 298.72]", "poi_cluster": "env", "index_right": 107, "centroid_id": 41, "dist_m": 84.098324160115183 }, "geometry": { "type": "Point", "coordinates": [ -80.8565301, 35.2135405 ] } },
{ "type": "Feature", "properties": { "osm_id": 1450790628, "name": null, "lat": 35.2139234, "lon": -80.8565281, "tags": { "amenity": "parking" }, "amenity": "parking", "shop": null, "leisure": null, "tourism": null, "office": null, "public_transport": null, "healthcare": null, "craft": null, "stations_in_radius": "['Bland' 'East/West']", "stations_in_radius_dist_m": "[240.02 325.88]", "poi_cluster": "env", "index_right": 120, "centroid_id": 38, "dist_m": 80.794063168367146 }, "geometry": { "type": "Point", "coordinates": [ -80.8565281, 35.2139234 ] } },
{ "type": "Feature", "properties": { "osm_id": 1450790629, "name": null, "lat": 35.2138456, "lon": -80.8569145, "tags": { "amenity": "parking" }, "amenity": "parking", "shop": null, "leisure": null, "tourism": null, "office": null, "public_transport": null, "healthcare": null, "craft": null, "stations_in_radius": "['Bland' 'East/West']", "stations_in_radius_dist_m": "[265.63 294.62]", "poi_cluster": "env", "index_right": 120, "centroid_id": 38, "dist_m": 82.507110363340203 }, "geometry": { "type": "Point", "coordinates": [ -80.8569145, 35.2138456 ] } },
{ "type": "Feature", "properties": { "osm_id": 1450790630, "name": null, "lat": 35.2137143, "lon": -80.856048, "tags": { "amenity": "parking" }, "amenity": "parking", "shop": null, "leisure": null, "tourism": null, "office": null, "public_transport": null, "healthcare": null, "craft": null, "stations_in_radius": "['Bland' 'East/West']", "stations_in_radius_dist_m": "[244.82 345.63]", "poi_cluster": "env", "index_right": 101, "centroid_id": 48, "dist_m": 48.480023935490159 }, "geometry": { "type": "Point", "coordinates": [ -80.856048, 35.2137143 ] } },
{ "type": "Feature", "properties": { "osm_id": 1450790636, "name": null, "lat": 35.2124138, "lon": -80.8578648, "tags": { "access": "no", "amenity": "parking" }, "amenity": "parking", "shop": null, "leisure": null, "tourism": null, "office": null, "public_transport": null, "healthcare": null, "craft": null, "stations_in_radius": [ "East/West" ], "stations_in_radius_dist_m": [ 129.9 ], "poi_cluster": "env", "index_right": 41, "centroid_id": 33, "dist_m": 84.700576529056121 }, "geometry": { "type": "Point", "coordinates": [ -80.8578648, 35.2124138 ] } },
{ "type": "Feature", "properties": { "osm_id": 1456140309, "name": null, "lat": 35.211416, "lon": -80.857623, "tags": { "amenity": "parking" }, "amenity": "parking", "shop": null, "leisure": null, "tourism": null, "office": null, "public_transport": null, "healthcare": null, "craft": null, "stations_in_radius": [ "East/West" ], "stations_in_radius_dist_m": [ 152.32 ], "poi_cluster": "env", "index_right": 41, "centroid_id": 33, "dist_m": 28.358711353000107 }, "geometry": { "type": "Point", "coordinates": [ -80.857623, 35.211416 ] } },
{ "type": "Feature", "properties": { "osm_id": 1456140312, "name": null, "lat": 35.2112099, "lon": -80.8578828, "tags": { "amenity": "parking" }, "amenity": "parking", "shop": null, "leisure": null, "tourism": null, "office": null, "public_transport": null, "healthcare": null, "craft": null, "stations_in_radius": [ "East/West" ], "stations_in_radius_dist_m": [ 142.41 ], "poi_cluster": "env", "index_right": 41, "centroid_id": 33, "dist_m": 52.101260033677441 }, "geometry": { "type": "Point", "coordinates": [ -80.8578828, 35.2112099 ] } },
{ "type": "Feature", "properties": { "osm_id": 1462454763, "name": null, "lat": 35.2084047, "lon": -80.8628269, "tags": { "amenity": "parking", "building": "yes", "height": "26", "parking": "multi-storey" }, "amenity": "parking", "shop": null, "leisure": null, "tourism": null, "office": null, "public_transport": null, "healthcare": null, "craft": null, "stations_in_radius": [ ], "stations_in_radius_dist_m": [ ], "poi_cluster": "env", "index_right": 82, "centroid_id": 3, "dist_m": 86.244697432821184 }, "geometry": { "type": "Point", "coordinates": [ -80.8628269, 35.2084047 ] } },
{ "type": "Feature", "properties": { "osm_id": 1469358544, "name": null, "lat": 35.2149228, "lon": -80.8600526, "tags": { "amenity": "parking" }, "amenity": "parking", "shop": null, "leisure": null, "tourism": null, "office": null, "public_transport": null, "healthcare": null, "craft": null, "stations_in_radius": "['East/West' 'Bland']", "stations_in_radius_dist_m": "[340.41 445.86]", "poi_cluster": "env", "index_right": 122, "centroid_id": 17, "dist_m": 38.483000861105531 }, "geometry": { "type": "Point", "coordinates": [ -80.860052600000017, 35.214922799999989 ] } },
{ "type": "Feature", "properties": { "osm_id": 1471159188, "name": null, "lat": 35.2103915, "lon": -80.857794, "tags": { "amenity": "parking" }, "amenity": "parking", "shop": null, "leisure": null, "tourism": null, "office": null, "public_transport": null, "healthcare": null, "craft": null, "stations_in_radius": [ "East/West" ], "stations_in_radius_dist_m": [ 212.55 ], "poi_cluster": "env", "index_right": 143, "centroid_id": 32, "dist_m": 59.73306415454249 }, "geometry": { "type": "Point", "coordinates": [ -80.857794, 35.2103915 ] } },
{ "type": "Feature", "properties": { "osm_id": 1471159192, "name": null, "lat": 35.2098401, "lon": -80.8582024, "tags": { "amenity": "parking" }, "amenity": "parking", "shop": null, "leisure": null, "tourism": null, "office": null, "public_transport": null, "healthcare": null, "craft": null, "stations_in_radius": [ "East/West" ], "stations_in_radius_dist_m": [ 248.98 ], "poi_cluster": "env", "index_right": 143, "centroid_id": 32, "dist_m": 43.888649724396359 }, "geometry": { "type": "Point", "coordinates": [ -80.8582024, 35.2098401 ] } },
{ "type": "Feature", "properties": { "osm_id": 1471159193, "name": null, "lat": 35.2097352, "lon": -80.8591797, "tags": { "amenity": "parking" }, "amenity": "parking", "shop": null, "leisure": null, "tourism": null, "office": null, "public_transport": null, "healthcare": null, "craft": null, "stations_in_radius": [ "East/West" ], "stations_in_radius_dist_m": [ 244.51 ], "poi_cluster": "env", "index_right": 10, "centroid_id": 18, "dist_m": 68.579967733979984 }, "geometry": { "type": "Point", "coordinates": [ -80.8591797, 35.2097352 ] } },
{ "type": "Feature", "properties": { "osm_id": 1471159196, "name": null, "lat": 35.2094103, "lon": -80.8576269, "tags": { "amenity": "parking" }, "amenity": "parking", "shop": null, "leisure": null, "tourism": null, "office": null, "public_transport": null, "healthcare": null, "craft": null, "stations_in_radius": [ "East/West" ], "stations_in_radius_dist_m": [ 313.74 ], "poi_cluster": "env", "index_right": 143, "centroid_id": 32, "dist_m": 50.187029090483598 }, "geometry": { "type": "Point", "coordinates": [ -80.8576269, 35.2094103 ] } },
{ "type": "Feature", "properties": { "osm_id": 1471159199, "name": null, "lat": 35.2091489, "lon": -80.8572914, "tags": { "amenity": "parking" }, "amenity": "parking", "shop": null, "leisure": null, "tourism": null, "office": null, "public_transport": null, "healthcare": null, "craft": null, "stations_in_radius": [ "East/West" ], "stations_in_radius_dist_m": [ 353.62 ], "poi_cluster": "env", "index_right": 143, "centroid_id": 32, "dist_m": 87.635375561968914 }, "geometry": { "type": "Point", "coordinates": [ -80.8572914, 35.2091489 ] } },
{ "type": "Feature", "properties": { "osm_id": 1471159218, "name": null, "lat": 35.2097584, "lon": -80.8564406, "tags": { "amenity": "parking" }, "amenity": "parking", "shop": null, "leisure": null, "tourism": null, "office": null, "public_transport": null, "healthcare": null, "craft": null, "stations_in_radius": [ "East/West" ], "stations_in_radius_dist_m": [ 346.77 ], "poi_cluster": "env", "index_right": 153, "centroid_id": 46, "dist_m": 90.787772298797506 }, "geometry": { "type": "Point", "coordinates": [ -80.8564406, 35.2097584 ] } },
{ "type": "Feature", "properties": { "osm_id": 1471520739, "name": null, "lat": 35.2154933, "lon": -80.8589696, "tags": { "amenity": "parking" }, "amenity": "parking", "shop": null, "leisure": null, "tourism": null, "office": null, "public_transport": null, "healthcare": null, "craft": null, "stations_in_radius": "['Bland' 'East/West']", "stations_in_radius_dist_m": "[337.87 394.48]", "poi_cluster": "env", "index_right": 88, "centroid_id": 28, "dist_m": 69.234582941405691 }, "geometry": { "type": "Point", "coordinates": [ -80.8589696, 35.215493299999984 ] } },
{ "type": "Feature", "properties": { "osm_id": 1473678157, "name": null, "lat": 35.2139842, "lon": -80.862423, "tags": { "amenity": "parking" }, "amenity": "parking", "shop": null, "leisure": null, "tourism": null, "office": null, "public_transport": null, "healthcare": null, "craft": null, "stations_in_radius": [ "East/West" ], "stations_in_radius_dist_m": [ 372.9 ], "poi_cluster": "env", "index_right": 42, "centroid_id": 10, "dist_m": 54.116389972505424 }, "geometry": { "type": "Point", "coordinates": [ -80.862423, 35.2139842 ] } },
{ "type": "Feature", "properties": { "osm_id": 1473678196, "name": null, "lat": 35.2142615, "lon": -80.8645364, "tags": { "amenity": "parking" }, "amenity": "parking", "shop": null, "leisure": null, "tourism": null, "office": null, "public_transport": null, "healthcare": null, "craft": null, "stations_in_radius": [ ], "stations_in_radius_dist_m": [ ], "poi_cluster": "env", "index_right": 183, "centroid_id": 1, "dist_m": 47.527326618872124 }, "geometry": { "type": "Point", "coordinates": [ -80.8645364, 35.2142615 ] } },
{ "type": "Feature", "properties": { "osm_id": 11008714, "name": null, "lat": 35.2161515, "lon": -80.8568812, "tags": { "amenity": "parking", "type": "multipolygon" }, "amenity": "parking", "shop": null, "leisure": null, "tourism": null, "office": null, "public_transport": null, "healthcare": null, "craft": null, "stations_in_radius": [ "Bland" ], "stations_in_radius_dist_m": [ 150.03 ], "poi_cluster": "env", "index_right": 54, "centroid_id": 43, "dist_m": 49.635104954713356 }, "geometry": { "type": "Point", "coordinates": [ -80.8568812, 35.2161515 ] } },
{ "type": "Feature", "properties": { "osm_id": 16022872, "name": null, "lat": 35.2103174, "lon": -80.8612475, "tags": { "amenity": "parking", "type": "multipolygon" }, "amenity": "parking", "shop": null, "leisure": null, "tourism": null, "office": null, "public_transport": null, "healthcare": null, "craft": null, "stations_in_radius": [ "East/West" ], "stations_in_radius_dist_m": [ 261.03 ], "poi_cluster": "env", "index_right": 30, "centroid_id": 9, "dist_m": 73.067561082813597 }, "geometry": { "type": "Point", "coordinates": [ -80.8612475, 35.2103174 ] } },
{ "type": "Feature", "properties": { "osm_id": 19576022, "name": null, "lat": 35.2078799, "lon": -80.8599286, "tags": { "amenity": "parking", "type": "multipolygon" }, "amenity": "parking", "shop": null, "leisure": null, "tourism": null, "office": null, "public_transport": null, "healthcare": null, "craft": null, "stations_in_radius": [ "East/West" ], "stations_in_radius_dist_m": [ 455.53 ], "poi_cluster": "env", "index_right": 32, "centroid_id": 14, "dist_m": 49.650979562764135 }, "geometry": { "type": "Point", "coordinates": [ -80.8599286, 35.2078799 ] } },
{ "type": "Feature", "properties": { "osm_id": 19581220, "name": null, "lat": 35.2132177, "lon": -80.8577831, "tags": { "amenity": "parking", "type": "multipolygon" }, "amenity": "parking", "shop": null, "leisure": null, "tourism": null, "office": null, "public_transport": null, "healthcare": null, "craft": null, "stations_in_radius": [ "East/West" ], "stations_in_radius_dist_m": [ 189.77 ], "poi_cluster": "env", "index_right": 85, "centroid_id": 34, "dist_m": 27.925599429592033 }, "geometry": { "type": "Point", "coordinates": [ -80.8577831, 35.2132177 ] } }
]
}
