{
"type": "FeatureCollection",
"name": "poi_updated",
"crs": { "type": "name", "properties": { "name": "urn:ogc:def:crs:OGC:1.3:CRS84" } },
"features": [
{ "type": "Feature", "properties": { "osm_id": 357772806, "name": "First Ward Elementary School", "lat": 35.2281982, "lon": -80.8334044, "tags": { "amenity": "school", "ele": "228", "gnis:feature_id": "985094", "name": "First Ward Elementary School", "wheelchair": "yes" }, "amenity": "school", "shop": null, "leisure": null, "tourism": null, "office": null, "public_transport": null, "healthcare": null, "craft": null, "stations_in_radius": "['9th Street' '7th Street']", "stations_in_radius_dist_m": "[220.95 437.32]", "poi_cluster": "public_services" }, "geometry": { "type": "Point", "coordinates": [ -80.8334044, 35.2281982 ] } },
{ "type": "Feature", "properties": { "osm_id": 367908585, "name": "Charlotte Fire Department Station 4", "lat": 35.2320179, "lon": -80.8391286, "tags": { "addr:city": "Charlotte", "addr:housenumber": "525", "addr:postcode": "28202", "addr:state": "NC", "addr:street": "North Church Street", "amenity": "fire_station", "ele": "232", "gnis:feature_id": "1986150", "name": "Charlotte Fire Department Station 4", "source": "USGS Geonames;local knowledge;aerial imagery" }, "amenity": "fire_station", "shop": null, "leisure": null, "tourism": null, "office": null, "public_transport": null, "healthcare": null, "craft": null, "stations_in_radius": [ "9th Street" ], "stations_in_radius_dist_m": [ 455.21 ], "poi_cluster": "public_services" }, "geometry": { "type": "Point", "coordinates": [ -80.8391286, 35.2320179 ] } },
{ "type": "Feature", "properties": { "osm_id": 4001585783, "name": "Aroma", "lat": 35.2298783, "lon": -80.8395114, "tags": { "addr:city": "Charlotte", "addr:housenumber": "401", "addr:postcode": "28202", "addr:state": "NC", "addr:street": "North Tryon Street", "addr:unit": "Suite 106", "amenity": "restaurant", "cuisine": "indian", "name": "Aroma", "not:brand:wikidata": "Q2909872" }, "amenity": "restaurant", "shop": null, "leisure": null, "tourism": null, "office": null, "public_transport": null, "healthcare": null, "craft": null, "stations_in_radius": "['7th Street' '9th Street']", "stations_in_radius_dist_m": "[323.04 411.  ]", "poi_cluster": "food" }, "geometry": { "type": "Point", "coordinates": [ -80.8395114, 35.2298783 ] } },
{ "type": "Feature", "properties": { "osm_id": 6532532810, "name": "7th Restaurant & Lounge", "lat": 35.2261341, "lon": -80.8360898, "tags": { "addr:city": "Charlotte", "addr:housenumber": "321", "addr:state": "NC", "addr:street": "North Caldwell Street", "amenity": "restaurant", "name": "7th Restaurant & Lounge" }, "amenity": "restaurant", "shop": null, "leisure": null, "tourism": null, "office": null, "public_transport": null, "healthcare": null, "craft": null, "stations_in_radius": "['7th Street' '9th Street']", "stations_in_radius_dist_m": "[215.98 407.71]", "poi_cluster": "food" }, "geometry": { "type": "Point", "coordinates": [ -80.8360898, 35.2261341 ] } },
{ "type": "Feature", "properties": { "osm_id": 10768887605, "name": "Queen City Grounds", "lat": 35.2325716, "lon": -80.8374801, "tags": { "addr:housenumber": "644", "addr:postcode": "28202", "addr:street": "North Church Street", "amenity": "cafe", "internet_access": "wlan", "name": "Queen City Grounds", "phone": "+1-704-324-3231", "website": "https://queencitygrounds.com/" }, "amenity": "cafe", "shop": null, "leisure": null, "tourism": null, "office": null, "public_transport": null, "healthcare": null, "craft": null, "stations_in_radius": [ "9th Street" ], "stations_in_radius_dist_m": [ 390.32 ], "poi_cluster": "food" }, "geometry": { "type": "Point", "coordinates": [ -80.8374801, 35.2325716 ] } },
{ "type": "Feature", "properties": { "osm_id": 10827650701, "name": null, "lat": 35.2329068, "lon": -80.839814, "tags": { "amenity": "fountain", "indoor": "no", "seasonal": "spring;summer;autumn" }, "amenity": "fountain", "shop": null, "leisure": null, "tourism": null, "office": null, "public_transport": null, "healthcare": null, "craft": null, "stations_in_radius": [ "9th Street" ], "stations_in_radius_dist_m": [ 564.24 ], "poi_cluster": "recreation" }, "geometry": { "type": "Point", "coordinates": [ -80.839814, 35.2329068 ] } },
{ "type": "Feature", "properties": { "osm_id": 10972319440, "name": "WFAE", "lat": 35.2277364, "lon": -80.8373132, "tags": { "amenity": "studio", "name": "WFAE", "studio": "radio" }, "amenity": "studio", "shop": null, "leisure": null, "tourism": null, "office": null, "public_transport": null, "healthcare": null, "craft": null, "stations_in_radius": "['7th Street' '9th Street']", "stations_in_radius_dist_m": "[ 88.87 302.87]", "poi_cluster": "office" }, "geometry": { "type": "Point", "coordinates": [ -80.8373132, 35.2277364 ] } },
{ "type": "Feature", "properties": { "osm_id": 10972319448, "name": "Duckworth’s", "lat": 35.2293175, "lon": -80.8397309, "tags": { "amenity": "restaurant", "name": "Duckworth’s" }, "amenity": "restaurant", "shop": null, "leisure": null, "tourism": null, "office": null, "public_transport": null, "healthcare": null, "craft": null, "stations_in_radius": "['7th Street' '9th Street']", "stations_in_radius_dist_m": "[277.9  432.58]", "poi_cluster": "food" }, "geometry": { "type": "Point", "coordinates": [ -80.8397309, 35.2293175 ] } },
{ "type": "Feature", "properties": { "osm_id": 10977961156, "name": "Pizzeria Sapienza CLT", "lat": 35.2319206, "lon": -80.8384709, "tags": { "amenity": "fast_food", "cuisine": "pizza", "name": "Pizzeria Sapienza CLT", "website": "https://sapienzaclt.com" }, "amenity": "fast_food", "shop": null, "leisure": null, "tourism": null, "office": null, "public_transport": null, "healthcare": null, "craft": null, "stations_in_radius": [ "9th Street" ], "stations_in_radius_dist_m": [ 400.5 ], "poi_cluster": "food" }, "geometry": { "type": "Point", "coordinates": [ -80.8384709, 35.2319206 ] } },
{ "type": "Feature", "properties": { "osm_id": 10981654673, "name": null, "lat": 35.2315324, "lon": -80.8395359, "tags": { "amenity": "fountain" }, "amenity": "fountain", "shop": null, "leisure": null, "tourism": null, "office": null, "public_transport": null, "healthcare": null, "craft": null, "stations_in_radius": [ "9th Street" ], "stations_in_radius_dist_m": [ 460.06 ], "poi_cluster": "recreation" }, "geometry": { "type": "Point", "coordinates": [ -80.8395359, 35.2315324 ] } },
{ "type": "Feature", "properties": { "osm_id": 11067241526, "name": "Charlotte Ballet", "lat": 35.2323052, "lon": -80.8365005, "tags": { "amenity": "theatre", "dance:teaching": "yes", "name": "Charlotte Ballet", "theatre:genre": "ballet" }, "amenity": "theatre", "shop": null, "leisure": null, "tourism": null, "office": null, "public_transport": null, "healthcare": null, "craft": null, "stations_in_radius": [ "9th Street" ], "stations_in_radius_dist_m": [ 319.56 ], "poi_cluster": "recreation" }, "geometry": { "type": "Point", "coordinates": [ -80.8365005, 35.2323052 ] } },
{ "type": "Feature", "properties": { "osm_id": 11067241531, "name": "Uptown Veterinary Hospital", "lat": 35.2322826, "lon": -80.8380148, "tags": { "amenity": "veterinary", "name": "Uptown Veterinary Hospital", "opening_hours": "Mo-Fr 08:00-18:00; Sa 10:00-14:00" }, "amenity": "veterinary", "shop": null, "leisure": null, "tourism": null, "office": null, "public_transport": null, "healthcare": null, "craft": null, "stations_in_radius": [ "9th Street" ], "stations_in_radius_dist_m": [ 396.6 ], "poi_cluster": "healthcare" }, "geometry": { "type": "Point", "coordinates": [ -80.8380148, 35.2322826 ] } },
{ "type": "Feature", "properties": { "osm_id": 11077723572, "name": "Crunch Bistro", "lat": 35.2301878, "lon": -80.8390824, "tags": { "amenity": "cafe", "name": "Crunch Bistro" }, "amenity": "cafe", "shop": null, "leisure": null, "tourism": null, "office": null, "public_transport": null, "healthcare": null, "craft": null, "stations_in_radius": [ "9th Street" ], "stations_in_radius_dist_m": [ 375.4 ], "poi_cluster": "food" }, "geometry": { "type": "Point", "coordinates": [ -80.8390824, 35.2301878 ] } },
{ "type": "Feature", "properties": { "osm_id": 11083113695, "name": "Jimmy John's", "lat": 35.2278406, "lon": -80.8395218, "tags": { "addr:city": "Charlotte", "addr:housenumber": "300", "addr:postcode": "28202", "addr:state": "NC", "addr:street": "North College Street", "addr:unit": "100", "amenity": "fast_food", "brand": "Jimmy John's", "brand:wikidata": "Q1689380", "cuisine": "sandwich", "name": "Jimmy John's", "official_name": "Jimmy John's Gourmet Sandwiches", "phone": "+1 980-819-5351", "takeaway": "yes", "website": "https://locations.jimmyjohns.com/nc/charlotte/sandwiches-4131.html" }, "amenity": "fast_food", "shop": null, "leisure": null, "tourism": null, "office": null, "public_transport": null, "healthcare": null, "craft": null, "stations_in_radius": "['7th Street' 'CTC/Arena' '9th Street']", "stations_in_radius_dist_m": "[149.77 357.97 460.25]", "poi_cluster": "food" }, "geometry": { "type": "Point", "coordinates": [ -80.8395218, 35.2278406 ] } },
{ "type": "Feature", "properties": { "osm_id": 11083113696, "name": "Sabor", "lat": 35.2277542, "lon": -80.8394499, "tags": { "amenity": "fast_food", "cuisine": "mexican", "name": "Sabor" }, "amenity": "fast_food", "shop": null, "leisure": null, "tourism": null, "office": null, "public_transport": null, "healthcare": null, "craft": null, "stations_in_radius": "['7th Street' 'CTC/Arena' '9th Street']", "stations_in_radius_dist_m": "[139.67 352.8  458.84]", "poi_cluster": "food" }, "geometry": { "type": "Point", "coordinates": [ -80.8394499, 35.2277542 ] } },
{ "type": "Feature", "properties": { "osm_id": 11098808614, "name": "Momo Station", "lat": 35.2276099, "lon": -80.8379741, "tags": { "amenity": "fast_food", "cuisine": "indian", "name": "Momo Station" }, "amenity": "fast_food", "shop": null, "leisure": null, "tourism": null, "office": null, "public_transport": null, "healthcare": null, "craft": null, "stations_in_radius": "['7th Street' '9th Street' 'CTC/Arena']", "stations_in_radius_dist_m": "[ 43.94 356.33 424.74]", "poi_cluster": "food" }, "geometry": { "type": "Point", "coordinates": [ -80.8379741, 35.2276099 ] } },
{ "type": "Feature", "properties": { "osm_id": 11098808615, "name": null, "lat": 35.2276524, "lon": -80.8379211, "tags": { "amenity": "fast_food", "cuisine": "juice" }, "amenity": "fast_food", "shop": null, "leisure": null, "tourism": null, "office": null, "public_transport": null, "healthcare": null, "craft": null, "stations_in_radius": "['7th Street' '9th Street' 'CTC/Arena']", "stations_in_radius_dist_m": "[ 49.59 349.6  431.48]", "poi_cluster": "food" }, "geometry": { "type": "Point", "coordinates": [ -80.8379211, 35.2276524 ] } },
{ "type": "Feature", "properties": { "osm_id": 11098808617, "name": null, "lat": 35.2276933, "lon": -80.8379652, "tags": { "amenity": "fast_food", "cuisine": "popcorn" }, "amenity": "fast_food", "shop": null, "leisure": null, "tourism": null, "office": null, "public_transport": null, "healthcare": null, "craft": null, "stations_in_radius": "['7th Street' '9th Street' 'CTC/Arena']", "stations_in_radius_dist_m": "[ 53.19 349.76 431.68]", "poi_cluster": "food" }, "geometry": { "type": "Point", "coordinates": [ -80.8379652, 35.2276933 ] } },
{ "type": "Feature", "properties": { "osm_id": 11833480110, "name": "Cakeable Cafe", "lat": 35.2299632, "lon": -80.8394478, "tags": { "addr:city": "Charlotte", "addr:housenumber": "401", "addr:postcode": "28202", "addr:state": "NC", "addr:street": "North Tryon Street", "addr:unit": "106", "amenity": "cafe", "cuisine": "coffee_shop", "name": "Cakeable Cafe", "website": "https://wearecakeable.org" }, "amenity": "cafe", "shop": null, "leisure": null, "tourism": null, "office": null, "public_transport": null, "healthcare": null, "craft": null, "stations_in_radius": "['7th Street' '9th Street']", "stations_in_radius_dist_m": "[329.39 405.78]", "poi_cluster": "food" }, "geometry": { "type": "Point", "coordinates": [ -80.8394478, 35.2299632 ] } },
{ "type": "Feature", "properties": { "osm_id": 12638766035, "name": "Provided Coffee", "lat": 35.2287009, "lon": -80.8345049, "tags": { "amenity": "cafe", "cuisine": "coffee_shop", "email": "providedcoffee@gmail.com", "name": "Provided Coffee", "opening_hours": "Tu-Su 08:00-14:00", "phone": "+1-980-781-0045", "website": "https://www.providedcoffee.com" }, "amenity": "cafe", "shop": null, "leisure": null, "tourism": null, "office": null, "public_transport": null, "healthcare": null, "craft": null, "stations_in_radius": "['9th Street' '7th Street']", "stations_in_radius_dist_m": "[119.61 362.81]", "poi_cluster": "food" }, "geometry": { "type": "Point", "coordinates": [ -80.8345049, 35.2287009 ] } },
{ "type": "Feature", "properties": { "osm_id": 13108176286, "name": "New Beginning Home Care", "lat": 35.2272109, "lon": -80.8316791, "tags": { "amenity": "social_facility", "name": "New Beginning Home Care" }, "amenity": "social_facility", "shop": null, "leisure": null, "tourism": null, "office": null, "public_transport": null, "healthcare": null, "craft": null, "stations_in_radius": [ "9th Street" ], "stations_in_radius_dist_m": [ 409.29 ], "poi_cluster": "public_services" }, "geometry": { "type": "Point", "coordinates": [ -80.8316791, 35.2272109 ] } },
{ "type": "Feature", "properties": { "osm_id": 322278769, "name": "ImaginOn - The Joe & Joan Martin Center", "lat": 35.2269433, "lon": -80.8376692, "tags": { "addr:city": "Charlotte", "addr:county": "Mecklenburg", "addr:housenumber": "300", "addr:postcode": "28202", "addr:state": "NC", "addr:street": "East 7th Street", "amenity": "library", "building": "yes", "height": "27", "internet_access": "terminal", "name": "ImaginOn - The Joe & Joan Martin Center", "nat_ref": "C-MECKLENBURG-IM", "operator": "CML", "operator:type": "public", "phone": "+1 704-416-4600", "website": "https://www.imaginon.org/", "wikidata": "Q69857334", "wikipedia": "en:ImaginOn" }, "amenity": "library", "shop": null, "leisure": null, "tourism": null, "office": null, "public_transport": null, "healthcare": null, "craft": null, "stations_in_radius": [ ], "stations_in_radius_dist_m": [ ], "poi_cluster": "errand" }, "geometry": { "type": "Point", "coordinates": [ -80.8376692, 35.2269433 ] } },
{ "type": "Feature", "properties": { "osm_id": 322993009, "name": "Victoria Yards", "lat": 35.2284036, "lon": -80.8379761, "tags": { "addr:city": "Charlotte", "addr:housenumber": "209", "addr:postcode": "28202", "addr:state": "NC", "addr:street": "East 7th Street", "amenity": "events_venue", "check_date": "2023-06-12", "name": "Victoria Yards", "operator": "Charlotte Center City Partners" }, "amenity": "events_venue", "shop": null, "leisure": null, "tourism": null, "office": null, "public_transport": null, "healthcare": null, "craft": null, "stations_in_radius": "['7th Street' '9th Street' 'CTC/Arena']", "stations_in_radius_dist_m": "[131.48 306.61 488.86]", "poi_cluster": "nightlife" }, "geometry": { "type": "Point", "coordinates": [ -80.8379761, 35.2284036 ] } },
{ "type": "Feature", "properties": { "osm_id": 397367279, "name": "First United Methodist Church", "lat": 35.2307939, "lon": -80.8389969, "tags": { "addr:city": "Charlotte", "addr:housenumber": "501", "addr:postcode": "28202", "addr:state": "NC", "addr:street": "North Tryon Street", "amenity": "place_of_worship", "building": "yes", "denomination": "united_methodist", "height": "31", "name": "First United Methodist Church", "religion": "christian", "website": "https://charlottefirst.org" }, "amenity": "place_of_worship", "shop": null, "leisure": null, "tourism": null, "office": null, "public_transport": null, "healthcare": null, "craft": null, "stations_in_radius": [ "9th Street" ], "stations_in_radius_dist_m": [ 383.4 ], "poi_cluster": "public_services" }, "geometry": { "type": "Point", "coordinates": [ -80.8389969, 35.2307939 ] } },
{ "type": "Feature", "properties": { "osm_id": 397369783, "name": "St. Peter's Episcopal Church", "lat": 35.2298349, "lon": -80.8404661, "tags": { "amenity": "place_of_worship", "building": "church", "denomination": "episcopal", "height": "15", "name": "St. Peter's Episcopal Church", "religion": "christian" }, "amenity": "place_of_worship", "shop": null, "leisure": null, "tourism": null, "office": null, "public_transport": null, "healthcare": null, "craft": null, "stations_in_radius": [ "7th Street" ], "stations_in_radius_dist_m": [ 363.37 ], "poi_cluster": "public_services" }, "geometry": { "type": "Point", "coordinates": [ -80.8404661, 35.2298349 ] } },
{ "type": "Feature", "properties": { "osm_id": 398591585, "name": "First United Presbyterian Church", "lat": 35.2286037, "lon": -80.8383165, "tags": { "addr:city": "Charlotte", "addr:housenumber": "406", "addr:postcode": "28202", "addr:state": "NC", "addr:street": "North College Street", "amenity": "place_of_worship", "building": "church", "ele": "241", "gnis:feature_id": "1985682", "height": "18", "name": "First United Presbyterian Church", "religion": "christian", "source": "USGS Geonames" }, "amenity": "place_of_worship", "shop": null, "leisure": null, "tourism": null, "office": null, "public_transport": null, "healthcare": null, "craft": null, "stations_in_radius": "['7th Street' '9th Street' 'CTC/Arena']", "stations_in_radius_dist_m": "[155.22 325.36 487.8 ]", "poi_cluster": "public_services" }, "geometry": { "type": "Point", "coordinates": [ -80.8383165, 35.2286037 ] } },
{ "type": "Feature", "properties": { "osm_id": 453558629, "name": "First Ward Creative Arts Academy", "lat": 35.2290122, "lon": -80.8325623, "tags": { "amenity": "school", "building": "school", "name": "First Ward Creative Arts Academy", "operator": "Charlotte-Mecklenburg Schools", "operator:short": "CMS", "operator:type": "public", "operator:wikidata": "Q2944229" }, "amenity": "school", "shop": null, "leisure": null, "tourism": null, "office": null, "public_transport": null, "healthcare": null, "craft": null, "stations_in_radius": [ ], "stations_in_radius_dist_m": [ ], "poi_cluster": "public_services" }, "geometry": { "type": "Point", "coordinates": [ -80.8325623, 35.2290122 ] } },
{ "type": "Feature", "properties": { "osm_id": 626310898, "name": "United House of Prayer for All People", "lat": 35.2266537, "lon": -80.8320746, "tags": { "amenity": "place_of_worship", "building": "yes", "denomination": "pentecostal", "name": "United House of Prayer for All People", "religion": "christian" }, "amenity": "place_of_worship", "shop": null, "leisure": null, "tourism": null, "office": null, "public_transport": null, "healthcare": null, "craft": null, "stations_in_radius": [ "9th Street" ], "stations_in_radius_dist_m": [ 430.11 ], "poi_cluster": "public_services" }, "geometry": { "type": "Point", "coordinates": [ -80.8320746, 35.2266537 ] } },
{ "type": "Feature", "properties": { "osm_id": 1004213293, "name": null, "lat": 35.2280566, "lon": -80.8356909, "tags": { "amenity": "fountain" }, "amenity": "fountain", "shop": null, "leisure": null, "tourism": null, "office": null, "public_transport": null, "healthcare": null, "craft": null, "stations_in_radius": "['9th Street' '7th Street']", "stations_in_radius_dist_m": "[192.79 234.7 ]", "poi_cluster": "recreation" }, "geometry": { "type": "Point", "coordinates": [ -80.8356909, 35.2280566 ] } },
{ "type": "Feature", "properties": { "osm_id": 1047474980, "name": null, "lat": 35.2287428, "lon": -80.8329988, "tags": { "amenity": "school", "operator": "Charlotte-Mecklenburg Schools", "operator:short": "CMS", "operator:type": "public", "operator:wikidata": "Q2944229", "operator:wikipedia": "en:Charlotte-Mecklenburg Schools" }, "amenity": "school", "shop": null, "leisure": null, "tourism": null, "office": null, "public_transport": null, "healthcare": null, "craft": null, "stations_in_radius": [ "9th Street" ], "stations_in_radius_dist_m": [ 210.78 ], "poi_cluster": "public_services" }, "geometry": { "type": "Point", "coordinates": [ -80.8329988, 35.2287428 ] } },
{ "type": "Feature", "properties": { "osm_id": 1181049745, "name": "McNinch House", "lat": 35.2316845, "lon": -80.8396523, "tags": { "amenity": "restaurant", "building": "house", "name": "McNinch House", "phone": "+1 704 332 6159", "reservation": "required" }, "amenity": "restaurant", "shop": null, "leisure": null, "tourism": null, "office": null, "public_transport": null, "healthcare": null, "craft": null, "stations_in_radius": [ "9th Street" ], "stations_in_radius_dist_m": [ 477.13 ], "poi_cluster": "food" }, "geometry": { "type": "Point", "coordinates": [ -80.8396523, 35.2316845 ] } },
{ "type": "Feature", "properties": { "osm_id": 1195991110, "name": "The Market at 7th Street", "lat": 35.2274351, "lon": -80.8383336, "tags": { "addr:city": "Charlotte", "addr:housenumber": "224", "addr:postcode": "28202", "addr:state": "NC", "addr:street": "East 7th Street", "amenity": "food_court", "name": "The Market at 7th Street", "opening_hours": "Tu-We 08:00-19:00; Th-Sa 08:00-20:00; Su 09:00-17:00", "website": "https://themarketat7thstreet.com/" }, "amenity": "food_court", "shop": null, "leisure": null, "tourism": null, "office": null, "public_transport": null, "healthcare": null, "craft": null, "stations_in_radius": [ ], "stations_in_radius_dist_m": [ ], "poi_cluster": "food" }, "geometry": { "type": "Point", "coordinates": [ -80.8383336, 35.2274351 ] } },
{ "type": "Feature", "properties": { "osm_id": 11067241525, "name": null, "lat": 35.232655, "lon": -80.8361149, "tags": { "opening_hours": "Fr-Su 12:00-18:00", "shop": "art" }, "amenity": null, "shop": "art", "leisure": null, "tourism": null, "office": null, "public_transport": null, "healthcare": null, "craft": null, "stations_in_radius": [ "9th Street" ], "stations_in_radius_dist_m": [ 343.06 ], "poi_cluster": "retail" }, "geometry": { "type": "Point", "coordinates": [ -80.8361149, 35.232655 ] } },
{ "type": "Feature", "properties": { "osm_id": 12638766031, "name": "Street Commerce", "lat": 35.2286021, "lon": -80.8346557, "tags": { "name": "Street Commerce", "opening_hours": "Tu-Su 12:00-19:00", "phone": "+1-704-891-8833", "shop": "clothes", "website": "https://streetcommerce.shop" }, "amenity": null, "shop": "clothes", "leisure": null, "tourism": null, "office": null, "public_transport": null, "healthcare": null, "craft": null, "stations_in_radius": "['9th Street' '7th Street']", "stations_in_radius_dist_m": "[125.72 345.63]", "poi_cluster": "retail" }, "geometry": { "type": "Point", "coordinates": [ -80.8346557, 35.2286021 ] } },
{ "type": "Feature", "properties": { "osm_id": 13093317735, "name": "Woodie's Auto Serivces & Repair", "lat": 35.2307176, "lon": -80.8377558, "tags": { "name": "Woodie's Auto Serivces & Repair", "shop": "car_repair" }, "amenity": null, "shop": "car_repair", "leisure": null, "tourism": null, "office": null, "public_transport": null, "healthcare": null, "craft": null, "stations_in_radius": [ "9th Street" ], "stations_in_radius_dist_m": [ 274.99 ], "poi_cluster": "retail" }, "geometry": { "type": "Point", "coordinates": [ -80.8377558, 35.2307176 ] } },
{ "type": "Feature", "properties": { "osm_id": 13093317736, "name": "Woodie's Cafe", "lat": 35.2306608, "lon": -80.8378813, "tags": { "name": "Woodie's Cafe", "shop": "convenience" }, "amenity": null, "shop": "convenience", "leisure": null, "tourism": null, "office": null, "public_transport": null, "healthcare": null, "craft": null, "stations_in_radius": [ "9th Street" ], "stations_in_radius_dist_m": [ 283.01 ], "poi_cluster": "retail" }, "geometry": { "type": "Point", "coordinates": [ -80.8378813, 35.2306608 ] } },
{ "type": "Feature", "properties": { "osm_id": 13108176268, "name": "Davison Convenience Store", "lat": 35.2269794, "lon": -80.8318121, "tags": { "name": "Davison Convenience Store", "shop": "convenience" }, "amenity": null, "shop": "convenience", "leisure": null, "tourism": null, "office": null, "public_transport": null, "healthcare": null, "craft": null, "stations_in_radius": [ "9th Street" ], "stations_in_radius_dist_m": [ 418.55 ], "poi_cluster": "retail" }, "geometry": { "type": "Point", "coordinates": [ -80.8318121, 35.2269794 ] } },
{ "type": "Feature", "properties": { "osm_id": 13108176284, "name": null, "lat": 35.2271426, "lon": -80.8317781, "tags": { "hairdresser": "barber", "shop": "hairdresser" }, "amenity": null, "shop": "hairdresser", "leisure": null, "tourism": null, "office": null, "public_transport": null, "healthcare": null, "craft": null, "stations_in_radius": [ "9th Street" ], "stations_in_radius_dist_m": [ 407.92 ], "poi_cluster": "retail" }, "geometry": { "type": "Point", "coordinates": [ -80.8317781, 35.2271426 ] } },
{ "type": "Feature", "properties": { "osm_id": 13108176287, "name": "Custom Jewelry Lab3", "lat": 35.2272456, "lon": -80.8316267, "tags": { "name": "Custom Jewelry Lab3", "shop": "jewelry" }, "amenity": null, "shop": "jewelry", "leisure": null, "tourism": null, "office": null, "public_transport": null, "healthcare": null, "craft": null, "stations_in_radius": [ "9th Street" ], "stations_in_radius_dist_m": [ 410.26 ], "poi_cluster": "retail" }, "geometry": { "type": "Point", "coordinates": [ -80.8316267, 35.2272456 ] } },
{ "type": "Feature", "properties": { "osm_id": 324611218, "name": "Morningstar", "lat": 35.2327134, "lon": -80.8320533, "tags": { "addr:city": "Charlotte", "addr:housenumber": "928", "addr:postcode": "28206", "addr:state": "NC", "addr:street": "North College Street", "building": "yes", "height": "17", "name": "Morningstar", "shop": "storage_rental" }, "amenity": null, "shop": "storage_rental", "leisure": null, "tourism": null, "office": null, "public_transport": null, "healthcare": null, "craft": null, "stations_in_radius": [ ], "stations_in_radius_dist_m": [ ], "poi_cluster": "retail" }, "geometry": { "type": "Point", "coordinates": [ -80.8320533, 35.2327134 ] } },
{ "type": "Feature", "properties": { "osm_id": 13108201691, "name": null, "lat": 35.2276631, "lon": -80.832335, "tags": { "leisure": "picnic_table" }, "amenity": null, "shop": null, "leisure": "picnic_table", "tourism": null, "office": null, "public_transport": null, "healthcare": null, "craft": null, "stations_in_radius": [ "9th Street" ], "stations_in_radius_dist_m": [ 331.42 ], "poi_cluster": "recreation" }, "geometry": { "type": "Point", "coordinates": [ -80.832335, 35.2276631 ] } },
{ "type": "Feature", "properties": { "osm_id": 13108201692, "name": null, "lat": 35.2276886, "lon": -80.8321867, "tags": { "leisure": "picnic_table" }, "amenity": null, "shop": null, "leisure": "picnic_table", "tourism": null, "office": null, "public_transport": null, "healthcare": null, "craft": null, "stations_in_radius": [ "9th Street" ], "stations_in_radius_dist_m": [ 339.55 ], "poi_cluster": "recreation" }, "geometry": { "type": "Point", "coordinates": [ -80.8321867, 35.2276886 ] } },
{ "type": "Feature", "properties": { "osm_id": 13260192201, "name": "Aerial CLT", "lat": 35.2330169, "lon": -80.8356812, "tags": { "addr:housenumber": "801", "addr:postcode": "28206", "addr:street": "North Tryon Street", "leisure": "fitness_centre", "name": "Aerial CLT", "website": "https://www.aerialclt.com/" }, "amenity": null, "shop": null, "leisure": "fitness_centre", "tourism": null, "office": null, "public_transport": null, "healthcare": null, "craft": null, "stations_in_radius": [ "9th Street" ], "stations_in_radius_dist_m": [ 373.03 ], "poi_cluster": "recreation" }, "geometry": { "type": "Point", "coordinates": [ -80.8356812, 35.2330169 ] } },
{ "type": "Feature", "properties": { "osm_id": 626310889, "name": null, "lat": 35.2261843, "lon": -80.8344854, "tags": { "leisure": "swimming_pool" }, "amenity": null, "shop": null, "leisure": "swimming_pool", "tourism": null, "office": null, "public_transport": null, "healthcare": null, "craft": null, "stations_in_radius": "['7th Street' '9th Street']", "stations_in_radius_dist_m": "[344.97 392.7 ]", "poi_cluster": "recreation" }, "geometry": { "type": "Point", "coordinates": [ -80.8344854, 35.2261843 ] } },
{ "type": "Feature", "properties": { "osm_id": 626310895, "name": null, "lat": 35.2259211, "lon": -80.834826, "tags": { "leisure": "playground" }, "amenity": null, "shop": null, "leisure": "playground", "tourism": null, "office": null, "public_transport": null, "healthcare": null, "craft": null, "stations_in_radius": "['7th Street' '9th Street']", "stations_in_radius_dist_m": "[327.66 419.38]", "poi_cluster": "recreation" }, "geometry": { "type": "Point", "coordinates": [ -80.834826, 35.2259211 ] } },
{ "type": "Feature", "properties": { "osm_id": 870437624, "name": null, "lat": 35.2278436, "lon": -80.8366386, "tags": { "access": "yes", "leisure": "playground", "playground:theme": "spiderweb" }, "amenity": null, "shop": null, "leisure": "playground", "tourism": null, "office": null, "public_transport": null, "healthcare": null, "craft": null, "stations_in_radius": "['7th Street' '9th Street']", "stations_in_radius_dist_m": "[146.67 254.2 ]", "poi_cluster": "recreation" }, "geometry": { "type": "Point", "coordinates": [ -80.8366386, 35.2278436 ] } },
{ "type": "Feature", "properties": { "osm_id": 870437625, "name": null, "lat": 35.2280165, "lon": -80.8364376, "tags": { "leisure": "fitness_station", "sport": "fitness" }, "amenity": null, "shop": null, "leisure": "fitness_station", "tourism": null, "office": null, "public_transport": null, "healthcare": null, "craft": null, "stations_in_radius": "['7th Street' '9th Street']", "stations_in_radius_dist_m": "[172.04 227.97]", "poi_cluster": "recreation" }, "geometry": { "type": "Point", "coordinates": [ -80.8364376, 35.2280165 ] } },
{ "type": "Feature", "properties": { "osm_id": 1004213281, "name": null, "lat": 35.2282546, "lon": -80.8357149, "tags": { "leisure": "garden" }, "amenity": null, "shop": null, "leisure": "garden", "tourism": null, "office": null, "public_transport": null, "healthcare": null, "craft": null, "stations_in_radius": "['9th Street' '7th Street']", "stations_in_radius_dist_m": "[172.99 242.29]", "poi_cluster": "recreation" }, "geometry": { "type": "Point", "coordinates": [ -80.8357149, 35.2282546 ] } },
{ "type": "Feature", "properties": { "osm_id": 1004216938, "name": "First Ward Park", "lat": 35.2280879, "lon": -80.8361432, "tags": { "addr:city": "Charlotte", "addr:housenumber": "301", "addr:postcode": "28202", "addr:state": "NC", "addr:street": "East 7th Street", "leisure": "park", "name": "First Ward Park", "ownership": "county", "website": "https://www.mecknc.gov/ParkandRec/Parks/ParksByRegion/CentralRegion/Pages/FirstWard.aspx", "wikidata": "Q19868162", "wikipedia": "en:First Ward Park" }, "amenity": null, "shop": null, "leisure": "park", "tourism": null, "office": null, "public_transport": null, "healthcare": null, "craft": null, "stations_in_radius": "['7th Street' '9th Street']", "stations_in_radius_dist_m": "[199.22 206.85]", "poi_cluster": "recreation" }, "geometry": { "type": "Point", "coordinates": [ -80.8361432, 35.2280879 ] } },
{ "type": "Feature", "properties": { "osm_id": 1047474957, "name": null, "lat": 35.2289095, "lon": -80.8364762, "tags": { "access": "private", "layer": "1", "leisure": "swimming_pool", "lit": "yes", "location": "roof", "swimming_pool": "rooftop" }, "amenity": null, "shop": null, "leisure": "swimming_pool", "tourism": null, "office": null, "public_transport": null, "healthcare": null, "craft": null, "stations_in_radius": "['9th Street' '7th Street']", "stations_in_radius_dist_m": "[160.41 236.38]", "poi_cluster": "recreation" }, "geometry": { "type": "Point", "coordinates": [ -80.8364762, 35.2289095 ] } },
{ "type": "Feature", "properties": { "osm_id": 1047744376, "name": null, "lat": 35.2287891, "lon": -80.8336885, "tags": { "leisure": "playground" }, "amenity": null, "shop": null, "leisure": "playground", "tourism": null, "office": null, "public_transport": null, "healthcare": null, "craft": null, "stations_in_radius": "['9th Street' '7th Street']", "stations_in_radius_dist_m": "[156.36 434.19]", "poi_cluster": "recreation" }, "geometry": { "type": "Point", "coordinates": [ -80.8336885, 35.2287891 ] } },
{ "type": "Feature", "properties": { "osm_id": 1047744377, "name": null, "lat": 35.2283536, "lon": -80.8341863, "tags": { "leisure": "playground" }, "amenity": null, "shop": null, "leisure": "playground", "tourism": null, "office": null, "public_transport": null, "healthcare": null, "craft": null, "stations_in_radius": "['9th Street' '7th Street']", "stations_in_radius_dist_m": "[166.67 374.25]", "poi_cluster": "recreation" }, "geometry": { "type": "Point", "coordinates": [ -80.8341863, 35.2283536 ] } },
{ "type": "Feature", "properties": { "osm_id": 1181248651, "name": null, "lat": 35.2320622, "lon": -80.8377729, "tags": { "leisure": "pitch", "sport": "tennis" }, "amenity": null, "shop": null, "leisure": "pitch", "tourism": null, "office": null, "public_transport": null, "healthcare": null, "craft": null, "stations_in_radius": [ ], "stations_in_radius_dist_m": [ ], "poi_cluster": "recreation" }, "geometry": { "type": "Point", "coordinates": [ -80.8377729, 35.2320622 ] } },
{ "type": "Feature", "properties": { "osm_id": 1181515407, "name": null, "lat": 35.2292256, "lon": -80.8331423, "tags": { "leisure": "playground" }, "amenity": null, "shop": null, "leisure": "playground", "tourism": null, "office": null, "public_transport": null, "healthcare": null, "craft": null, "stations_in_radius": [ "9th Street" ], "stations_in_radius_dist_m": [ 177.04 ], "poi_cluster": "recreation" }, "geometry": { "type": "Point", "coordinates": [ -80.8331423, 35.2292256 ] } },
{ "type": "Feature", "properties": { "osm_id": 1181520572, "name": null, "lat": 35.2277873, "lon": -80.8360483, "tags": { "leisure": "playground", "surface": "artificial_turf" }, "amenity": null, "shop": null, "leisure": "playground", "tourism": null, "office": null, "public_transport": null, "healthcare": null, "craft": null, "stations_in_radius": "['7th Street' '9th Street']", "stations_in_radius_dist_m": "[193.57 232.58]", "poi_cluster": "recreation" }, "geometry": { "type": "Point", "coordinates": [ -80.8360483, 35.2277873 ] } },
{ "type": "Feature", "properties": { "osm_id": 1182601701, "name": null, "lat": 35.2335848, "lon": -80.8382154, "tags": { "access": "customers", "leisure": "outdoor_seating", "operator": "Poplar" }, "amenity": null, "shop": null, "leisure": "outdoor_seating", "tourism": null, "office": null, "public_transport": null, "healthcare": null, "craft": null, "stations_in_radius": [ "9th Street" ], "stations_in_radius_dist_m": [ 520.78 ], "poi_cluster": "recreation" }, "geometry": { "type": "Point", "coordinates": [ -80.8382154, 35.2335848 ] } },
{ "type": "Feature", "properties": { "osm_id": 1425974454, "name": null, "lat": 35.2277951, "lon": -80.8324008, "tags": { "leisure": "playground" }, "amenity": null, "shop": null, "leisure": "playground", "tourism": null, "office": null, "public_transport": null, "healthcare": null, "craft": null, "stations_in_radius": [ "9th Street" ], "stations_in_radius_dist_m": [ 317.13 ], "poi_cluster": "recreation" }, "geometry": { "type": "Point", "coordinates": [ -80.8324008, 35.2277951 ] } },
{ "type": "Feature", "properties": { "osm_id": 1443710699, "name": "The Light Factory", "lat": 35.2317433, "lon": -80.8355776, "tags": { "check_date:opening_hours": "2023-01-09", "fixme": "Estimated new location", "name": "The Light Factory", "opening_hours": "We-Sa 12:00-16:00", "tourism": "gallery", "website": "https://lightfactory.org/" }, "amenity": null, "shop": null, "leisure": null, "tourism": "gallery", "office": null, "public_transport": null, "healthcare": null, "craft": null, "stations_in_radius": [ ], "stations_in_radius_dist_m": [ ], "poi_cluster": "tourism" }, "geometry": { "type": "Point", "coordinates": [ -80.8355776, 35.2317433 ] } },
{ "type": "Feature", "properties": { "osm_id": 10972319445, "name": null, "lat": 35.2274875, "lon": -80.837637, "tags": { "artwork_type": "sculpture", "tourism": "artwork" }, "amenity": null, "shop": null, "leisure": null, "tourism": "artwork", "office": null, "public_transport": null, "healthcare": null, "craft": null, "stations_in_radius": "['7th Street' '9th Street']", "stations_in_radius_dist_m": "[ 48.6 343.2]", "poi_cluster": "tourism" }, "geometry": { "type": "Point", "coordinates": [ -80.837637, 35.2274875 ] } },
{ "type": "Feature", "properties": { "osm_id": 10972350831, "name": "Chandler The Chair Monster", "lat": 35.2284676, "lon": -80.8362248, "tags": { "artist_name": "David Furman", "artwork_type": "sculpture", "material": "wood", "name": "Chandler The Chair Monster", "tourism": "artwork" }, "amenity": null, "shop": null, "leisure": null, "tourism": "artwork", "office": null, "public_transport": null, "healthcare": null, "craft": null, "stations_in_radius": "['9th Street' '7th Street']", "stations_in_radius_dist_m": "[176.36 216.87]", "poi_cluster": "tourism" }, "geometry": { "type": "Point", "coordinates": [ -80.8362248, 35.2284676 ] } },
{ "type": "Feature", "properties": { "osm_id": 11066130465, "name": null, "lat": 35.2326717, "lon": -80.8359049, "tags": { "artwork_type": "painting", "tourism": "artwork" }, "amenity": null, "shop": null, "leisure": null, "tourism": "artwork", "office": null, "public_transport": null, "healthcare": null, "craft": null, "stations_in_radius": [ "9th Street" ], "stations_in_radius_dist_m": [ 339.69 ], "poi_cluster": "tourism" }, "geometry": { "type": "Point", "coordinates": [ -80.8359049, 35.2326717 ] } },
{ "type": "Feature", "properties": { "osm_id": 11076374515, "name": null, "lat": 35.2281791, "lon": -80.8352905, "tags": { "artwork_type": "sculpture", "tourism": "artwork" }, "amenity": null, "shop": null, "leisure": null, "tourism": "artwork", "office": null, "public_transport": null, "healthcare": null, "craft": null, "stations_in_radius": "['9th Street' '7th Street']", "stations_in_radius_dist_m": "[170.73 273.55]", "poi_cluster": "tourism" }, "geometry": { "type": "Point", "coordinates": [ -80.8352905, 35.2281791 ] } },
{ "type": "Feature", "properties": { "osm_id": 11092752315, "name": null, "lat": 35.2322497, "lon": -80.8367366, "tags": { "artwork_type": "sculpture", "note": "Flat metal sculpture affixed to building", "tourism": "artwork" }, "amenity": null, "shop": null, "leisure": null, "tourism": "artwork", "office": null, "public_transport": null, "healthcare": null, "craft": null, "stations_in_radius": [ "9th Street" ], "stations_in_radius_dist_m": [ 323.92 ], "poi_cluster": "tourism" }, "geometry": { "type": "Point", "coordinates": [ -80.8367366, 35.2322497 ] } },
{ "type": "Feature", "properties": { "osm_id": 11833480111, "name": "Halcyon Idyll I", "lat": 35.2306683, "lon": -80.8334532, "tags": { "artist_name": "Sharon Dowell", "artwork_type": "mural", "name": "Halcyon Idyll I", "tourism": "artwork" }, "amenity": null, "shop": null, "leisure": null, "tourism": "artwork", "office": null, "public_transport": null, "healthcare": null, "craft": null, "stations_in_radius": [ "9th Street" ], "stations_in_radius_dist_m": [ 177.04 ], "poi_cluster": "tourism" }, "geometry": { "type": "Point", "coordinates": [ -80.8334532, 35.2306683 ] } },
{ "type": "Feature", "properties": { "osm_id": 11833480112, "name": "Halcyon Idyll II", "lat": 35.23109, "lon": -80.8329796, "tags": { "artist_name": "Sharon Dowell", "artwork_type": "mural", "name": "Halcyon Idyll II", "tourism": "artwork" }, "amenity": null, "shop": null, "leisure": null, "tourism": "artwork", "office": null, "public_transport": null, "healthcare": null, "craft": null, "stations_in_radius": [ ], "stations_in_radius_dist_m": [ ], "poi_cluster": "tourism" }, "geometry": { "type": "Point", "coordinates": [ -80.8329796, 35.23109 ] } },
{ "type": "Feature", "properties": { "osm_id": 11963860656, "name": null, "lat": 35.232678, "lon": -80.8380443, "tags": { "artwork_type": "sculpture", "tourism": "artwork" }, "amenity": null, "shop": null, "leisure": null, "tourism": "artwork", "office": null, "public_transport": null, "healthcare": null, "craft": null, "stations_in_radius": [ "9th Street" ], "stations_in_radius_dist_m": [ 431.06 ], "poi_cluster": "tourism" }, "geometry": { "type": "Point", "coordinates": [ -80.8380443, 35.232678 ] } },
{ "type": "Feature", "properties": { "osm_id": 398591589, "name": "Levine Museum of the New South", "lat": 35.2281955, "lon": -80.8387317, "tags": { "addr:city": "Charlotte", "addr:housenumber": "200", "addr:postcode": "28202", "addr:state": "NC", "addr:street": "East 7th Street", "building": "yes", "check_date": "2023-06-12", "fee": "no", "height": "12", "name": "Levine Museum of the New South", "opening_hours": "Tu-Fr 11:00-17:00; We 11:00-21:00; Sa 10:00-17:00; Su 12:00-17:00; PH off", "tourism": "museum", "website": "https://www.museumofthenewsouth.org/", "wikidata": "Q6535654" }, "amenity": null, "shop": null, "leisure": null, "tourism": "museum", "office": null, "public_transport": null, "healthcare": null, "craft": null, "stations_in_radius": "['7th Street' '9th Street' 'CTC/Arena']", "stations_in_radius_dist_m": "[124.26 378.35 429.07]", "poi_cluster": "tourism" }, "geometry": { "type": "Point", "coordinates": [ -80.8387317, 35.2281955 ] } },
{ "type": "Feature", "properties": { "osm_id": 1047474962, "name": "Homewood Suites by Hilton Charlotte Uptown First Ward", "lat": 35.2293848, "lon": -80.8371692, "tags": { "addr:city": "Charlotte", "addr:housenumber": "508", "addr:postcode": "28202", "addr:state": "NC", "addr:street": "North College Street", "brand": "Homewood Suites", "brand:wikidata": "Q5890701", "building": "yes", "name": "Homewood Suites by Hilton Charlotte Uptown First Ward", "official_name": "Homewood Suites by Hilton", "tourism": "hotel" }, "amenity": null, "shop": null, "leisure": null, "tourism": "hotel", "office": null, "public_transport": null, "healthcare": null, "craft": null, "stations_in_radius": "['9th Street' '7th Street']", "stations_in_radius_dist_m": "[200.46 253.39]", "poi_cluster": "tourism" }, "geometry": { "type": "Point", "coordinates": [ -80.8371692, 35.2293848 ] } },
{ "type": "Feature", "properties": { "osm_id": 1191964930, "name": null, "lat": 35.2318293, "lon": -80.835291, "tags": { "artwork_type": "mural", "tourism": "artwork" }, "amenity": null, "shop": null, "leisure": null, "tourism": "artwork", "office": null, "public_transport": null, "healthcare": null, "craft": null, "stations_in_radius": [ ], "stations_in_radius_dist_m": [ ], "poi_cluster": "tourism" }, "geometry": { "type": "Point", "coordinates": [ -80.835291, 35.2318293 ] } },
{ "type": "Feature", "properties": { "osm_id": 1191964931, "name": null, "lat": 35.2329528, "lon": -80.8357577, "tags": { "artwork_type": "mural", "tourism": "artwork" }, "amenity": null, "shop": null, "leisure": null, "tourism": "artwork", "office": null, "public_transport": null, "healthcare": null, "craft": null, "stations_in_radius": [ "9th Street" ], "stations_in_radius_dist_m": [ 367.27 ], "poi_cluster": "tourism" }, "geometry": { "type": "Point", "coordinates": [ -80.8357577, 35.2329528 ] } },
{ "type": "Feature", "properties": { "osm_id": 1191964932, "name": null, "lat": 35.2322957, "lon": -80.8367467, "tags": { "artwork_type": "mural", "tourism": "artwork" }, "amenity": null, "shop": null, "leisure": null, "tourism": "artwork", "office": null, "public_transport": null, "healthcare": null, "craft": null, "stations_in_radius": [ "9th Street" ], "stations_in_radius_dist_m": [ 328.83 ], "poi_cluster": "tourism" }, "geometry": { "type": "Point", "coordinates": [ -80.8367467, 35.2322957 ] } },
{ "type": "Feature", "properties": { "osm_id": 1191964933, "name": null, "lat": 35.2315409, "lon": -80.8349748, "tags": { "artwork_type": "mural", "tourism": "artwork" }, "amenity": null, "shop": null, "leisure": null, "tourism": "artwork", "office": null, "public_transport": null, "healthcare": null, "craft": null, "stations_in_radius": [ "9th Street" ], "stations_in_radius_dist_m": [ 204.17 ], "poi_cluster": "tourism" }, "geometry": { "type": "Point", "coordinates": [ -80.8349748, 35.2315409 ] } },
{ "type": "Feature", "properties": { "osm_id": 1191964935, "name": null, "lat": 35.2316812, "lon": -80.8357543, "tags": { "artwork_type": "mural", "tourism": "artwork" }, "amenity": null, "shop": null, "leisure": null, "tourism": "artwork", "office": null, "public_transport": null, "healthcare": null, "craft": null, "stations_in_radius": [ "9th Street" ], "stations_in_radius_dist_m": [ 230.19 ], "poi_cluster": "tourism" }, "geometry": { "type": "Point", "coordinates": [ -80.8357543, 35.2316812 ] } },
{ "type": "Feature", "properties": { "osm_id": 1192498843, "name": "Coexist", "lat": 35.2315371, "lon": -80.8327377, "tags": { "artist_name": "Sharon Dowell", "artwork_type": "mural", "name": "Coexist", "tourism": "artwork" }, "amenity": null, "shop": null, "leisure": null, "tourism": "artwork", "office": null, "public_transport": null, "healthcare": null, "craft": null, "stations_in_radius": [ "9th Street" ], "stations_in_radius_dist_m": [ 289.63 ], "poi_cluster": "tourism" }, "geometry": { "type": "Point", "coordinates": [ -80.8327377, 35.2315371 ] } },
{ "type": "Feature", "properties": { "osm_id": 1192647310, "name": null, "lat": 35.2292177, "lon": -80.8353718, "tags": { "artwork_type": "mural", "tourism": "artwork" }, "amenity": null, "shop": null, "leisure": null, "tourism": "artwork", "office": null, "public_transport": null, "healthcare": null, "craft": null, "stations_in_radius": "['9th Street' '7th Street']", "stations_in_radius_dist_m": "[ 63.29 330.03]", "poi_cluster": "tourism" }, "geometry": { "type": "Point", "coordinates": [ -80.8353718, 35.2292177 ] } },
{ "type": "Feature", "properties": { "osm_id": 1192647311, "name": null, "lat": 35.2300053, "lon": -80.8359511, "tags": { "artwork_type": "mural", "tourism": "artwork" }, "amenity": null, "shop": null, "leisure": null, "tourism": "artwork", "office": null, "public_transport": null, "healthcare": null, "craft": null, "stations_in_radius": [ "9th Street" ], "stations_in_radius_dist_m": [ 92.93 ], "poi_cluster": "tourism" }, "geometry": { "type": "Point", "coordinates": [ -80.8359511, 35.2300053 ] } },
{ "type": "Feature", "properties": { "osm_id": 1192647312, "name": null, "lat": 35.2303803, "lon": -80.8353286, "tags": { "artwork_type": "mural", "tourism": "artwork" }, "amenity": null, "shop": null, "leisure": null, "tourism": "artwork", "office": null, "public_transport": null, "healthcare": null, "craft": null, "stations_in_radius": [ "9th Street" ], "stations_in_radius_dist_m": [ 81.16 ], "poi_cluster": "tourism" }, "geometry": { "type": "Point", "coordinates": [ -80.8353286, 35.2303803 ] } },
{ "type": "Feature", "properties": { "osm_id": 1192647313, "name": "Bus Stop", "lat": 35.2267207, "lon": -80.8367246, "tags": { "artist_name": "Donald Justice", "artwork_type": "mural", "name": "Bus Stop", "tourism": "artwork" }, "amenity": null, "shop": null, "leisure": null, "tourism": "artwork", "office": null, "public_transport": null, "healthcare": null, "craft": null, "stations_in_radius": "['7th Street' '9th Street' 'CTC/Arena']", "stations_in_radius_dist_m": "[133.54 365.78 465.47]", "poi_cluster": "tourism" }, "geometry": { "type": "Point", "coordinates": [ -80.8367246, 35.2267207 ] } },
{ "type": "Feature", "properties": { "osm_id": 1193944321, "name": null, "lat": 35.2282442, "lon": -80.8379035, "tags": { "artwork_type": "mural", "tourism": "artwork" }, "amenity": null, "shop": null, "leisure": null, "tourism": "artwork", "office": null, "public_transport": null, "healthcare": null, "craft": null, "stations_in_radius": "['7th Street' '9th Street' 'CTC/Arena']", "stations_in_radius_dist_m": "[114.47 309.63 479.69]", "poi_cluster": "tourism" }, "geometry": { "type": "Point", "coordinates": [ -80.8379035, 35.2282442 ] } },
{ "type": "Feature", "properties": { "osm_id": 1193944322, "name": null, "lat": 35.2281892, "lon": -80.8379742, "tags": { "artwork_type": "mural", "tourism": "artwork" }, "amenity": null, "shop": null, "leisure": null, "tourism": "artwork", "office": null, "public_transport": null, "healthcare": null, "craft": null, "stations_in_radius": "['7th Street' '9th Street' 'CTC/Arena']", "stations_in_radius_dist_m": "[107.77 318.31 470.86]", "poi_cluster": "tourism" }, "geometry": { "type": "Point", "coordinates": [ -80.8379742, 35.2281892 ] } },
{ "type": "Feature", "properties": { "osm_id": 1193944323, "name": null, "lat": 35.2283763, "lon": -80.8376465, "tags": { "artwork_type": "mural", "tourism": "artwork" }, "amenity": null, "shop": null, "leisure": null, "tourism": "artwork", "office": null, "public_transport": null, "healthcare": null, "craft": null, "stations_in_radius": "['7th Street' '9th Street' 'CTC/Arena']", "stations_in_radius_dist_m": "[133.64 282.04 506.21]", "poi_cluster": "tourism" }, "geometry": { "type": "Point", "coordinates": [ -80.8376465, 35.2283763 ] } },
{ "type": "Feature", "properties": { "osm_id": 1193944324, "name": null, "lat": 35.2283325, "lon": -80.8382383, "tags": { "artwork_type": "mural", "tourism": "artwork" }, "amenity": null, "shop": null, "leisure": null, "tourism": "artwork", "office": null, "public_transport": null, "healthcare": null, "craft": null, "stations_in_radius": "['7th Street' '9th Street' 'CTC/Arena']", "stations_in_radius_dist_m": "[124.44 331.41 467.81]", "poi_cluster": "tourism" }, "geometry": { "type": "Point", "coordinates": [ -80.8382383, 35.2283325 ] } },
{ "type": "Feature", "properties": { "osm_id": 1193944325, "name": null, "lat": 35.2281514, "lon": -80.8380229, "tags": { "artwork_type": "mural", "tourism": "artwork" }, "amenity": null, "shop": null, "leisure": null, "tourism": "artwork", "office": null, "public_transport": null, "healthcare": null, "craft": null, "stations_in_radius": "['7th Street' '9th Street' 'CTC/Arena']", "stations_in_radius_dist_m": "[103.35 324.29 464.79]", "poi_cluster": "tourism" }, "geometry": { "type": "Point", "coordinates": [ -80.8380229, 35.2281514 ] } },
{ "type": "Feature", "properties": { "osm_id": 1193944326, "name": null, "lat": 35.2282201, "lon": -80.837878, "tags": { "artwork_type": "mural", "tourism": "artwork" }, "amenity": null, "shop": null, "leisure": null, "tourism": "artwork", "office": null, "public_transport": null, "healthcare": null, "craft": null, "stations_in_radius": "['7th Street' '9th Street' 'CTC/Arena']", "stations_in_radius_dist_m": "[112.14 309.07 479.24]", "poi_cluster": "tourism" }, "geometry": { "type": "Point", "coordinates": [ -80.837878, 35.2282201 ] } },
{ "type": "Feature", "properties": { "osm_id": 1193944327, "name": null, "lat": 35.2284645, "lon": -80.838124, "tags": { "artwork_type": "mural", "tourism": "artwork" }, "amenity": null, "shop": null, "leisure": null, "tourism": "artwork", "office": null, "public_transport": null, "healthcare": null, "craft": null, "stations_in_radius": "['7th Street' '9th Street' 'CTC/Arena']", "stations_in_radius_dist_m": "[138.14 315.57 485.75]", "poi_cluster": "tourism" }, "geometry": { "type": "Point", "coordinates": [ -80.838124, 35.2284645 ] } },
{ "type": "Feature", "properties": { "osm_id": 1193944328, "name": null, "lat": 35.2284418, "lon": -80.8377781, "tags": { "artwork_type": "mural", "tourism": "artwork" }, "amenity": null, "shop": null, "leisure": null, "tourism": "artwork", "office": null, "public_transport": null, "healthcare": null, "craft": null, "stations_in_radius": "['7th Street' '9th Street' 'CTC/Arena']", "stations_in_radius_dist_m": "[137.91 288.75 503.71]", "poi_cluster": "tourism" }, "geometry": { "type": "Point", "coordinates": [ -80.8377781, 35.2284418 ] } },
{ "type": "Feature", "properties": { "osm_id": 1193944329, "name": null, "lat": 35.2283855, "lon": -80.8376154, "tags": { "artwork_type": "mural", "tourism": "artwork" }, "amenity": null, "shop": null, "leisure": null, "tourism": "artwork", "office": null, "public_transport": null, "healthcare": null, "craft": null, "stations_in_radius": "['7th Street' '9th Street' 'CTC/Arena']", "stations_in_radius_dist_m": "[135.44 279.09 508.87]", "poi_cluster": "tourism" }, "geometry": { "type": "Point", "coordinates": [ -80.8376154, 35.2283855 ] } },
{ "type": "Feature", "properties": { "osm_id": 1193944330, "name": null, "lat": 35.2285435, "lon": -80.8378878, "tags": { "artwork_type": "mural", "tourism": "artwork" }, "amenity": null, "shop": null, "leisure": null, "tourism": "artwork", "office": null, "public_transport": null, "healthcare": null, "craft": null, "stations_in_radius": "['7th Street' '9th Street']", "stations_in_radius_dist_m": "[147.61 292.41]", "poi_cluster": "tourism" }, "geometry": { "type": "Point", "coordinates": [ -80.8378878, 35.2285435 ] } },
{ "type": "Feature", "properties": { "osm_id": 1193944331, "name": null, "lat": 35.2284106, "lon": -80.8377234, "tags": { "artwork_type": "mural", "tourism": "artwork" }, "amenity": null, "shop": null, "leisure": null, "tourism": "artwork", "office": null, "public_transport": null, "healthcare": null, "craft": null, "stations_in_radius": "['7th Street' '9th Street' 'CTC/Arena']", "stations_in_radius_dist_m": "[135.54 286.12 504.37]", "poi_cluster": "tourism" }, "geometry": { "type": "Point", "coordinates": [ -80.8377234, 35.2284106 ] } },
{ "type": "Feature", "properties": { "osm_id": 1193944332, "name": null, "lat": 35.228308, "lon": -80.8382268, "tags": { "artwork_type": "mural", "tourism": "artwork" }, "amenity": null, "shop": null, "leisure": null, "tourism": "artwork", "office": null, "public_transport": null, "healthcare": null, "craft": null, "stations_in_radius": "['7th Street' '9th Street' 'CTC/Arena']", "stations_in_radius_dist_m": "[121.61 331.74 466.31]", "poi_cluster": "tourism" }, "geometry": { "type": "Point", "coordinates": [ -80.8382268, 35.228308 ] } },
{ "type": "Feature", "properties": { "osm_id": 1193944333, "name": null, "lat": 35.2283217, "lon": -80.8382091, "tags": { "artwork_type": "mural", "tourism": "artwork" }, "amenity": null, "shop": null, "leisure": null, "tourism": "artwork", "office": null, "public_transport": null, "healthcare": null, "craft": null, "stations_in_radius": "['7th Street' '9th Street' 'CTC/Arena']", "stations_in_radius_dist_m": "[122.93 329.6  468.5 ]", "poi_cluster": "tourism" }, "geometry": { "type": "Point", "coordinates": [ -80.8382091, 35.2283217 ] } },
{ "type": "Feature", "properties": { "osm_id": 1195522522, "name": null, "lat": 35.2265807, "lon": -80.8365836, "tags": { "artwork_type": "mural", "tourism": "artwork" }, "amenity": null, "shop": null, "leisure": null, "tourism": "artwork", "office": null, "public_transport": null, "healthcare": null, "craft": null, "stations_in_radius": "['7th Street' '9th Street']", "stations_in_radius_dist_m": "[151.91 374.75]", "poi_cluster": "tourism" }, "geometry": { "type": "Point", "coordinates": [ -80.8365836, 35.2265807 ] } },
{ "type": "Feature", "properties": { "osm_id": 10098673810, "name": "Morgan & Morgan", "lat": 35.2311381, "lon": -80.8382914, "tags": { "addr:city": "Charlotte", "addr:housenumber": "525", "addr:postcode": "28202", "addr:state": "NC", "addr:street": "North Tryon Street", "addr:unit": "Suite 1729", "brand": "Morgan & Morgan", "brand:wikidata": "Q111597979", "building": "yes", "height": "44", "name": "Morgan & Morgan", "office": "lawyer", "opening_hours": "24/7", "phone": "+1-980-423-6300", "website": "https://www.forthepeople.com/charlotte/", "wikidata": "Q4640165" }, "amenity": null, "shop": null, "leisure": null, "tourism": null, "office": "lawyer", "public_transport": null, "healthcare": null, "craft": null, "stations_in_radius": [ "9th Street" ], "stations_in_radius_dist_m": [ 339.32 ], "poi_cluster": "office" }, "geometry": { "type": "Point", "coordinates": [ -80.8382914, 35.2311381 ] } },
{ "type": "Feature", "properties": { "osm_id": 13108176285, "name": "Federal Tax Resource Plus", "lat": 35.2271741, "lon": -80.8317293, "tags": { "name": "Federal Tax Resource Plus", "office": "tax_advisor", "phone": "+1-704-761-6773" }, "amenity": null, "shop": null, "leisure": null, "tourism": null, "office": "tax_advisor", "public_transport": null, "healthcare": null, "craft": null, "stations_in_radius": [ "9th Street" ], "stations_in_radius_dist_m": [ 408.72 ], "poi_cluster": "office" }, "geometry": { "type": "Point", "coordinates": [ -80.8317293, 35.2271741 ] } },
{ "type": "Feature", "properties": { "osm_id": 1004213265, "name": "WFAE", "lat": 35.227736, "lon": -80.8373174, "tags": { "building": "yes", "height": "10", "name": "WFAE", "office": "yes" }, "amenity": null, "shop": null, "leisure": null, "tourism": null, "office": "yes", "public_transport": null, "healthcare": null, "craft": null, "stations_in_radius": "['7th Street' '9th Street']", "stations_in_radius_dist_m": "[ 88.55 303.17]", "poi_cluster": "office" }, "geometry": { "type": "Point", "coordinates": [ -80.8373174, 35.227736 ] } },
{ "type": "Feature", "properties": { "osm_id": 11220971932, "name": "Apex ABA Therapy", "lat": 35.2312811, "lon": -80.8383587, "tags": { "addr:city": "Charlotte", "addr:postcode": "28202", "addr:state": "NC", "description": "We provide Applied behavior analysis (ABA) therapy services to bring about meaningful and positive change to those diagnosed with Autism Spectrum Disorder (ASD).", "healthcare": "psychotherapist", "healthcare:speciality": "mental_health_service", "name": "Apex ABA Therapy", "opening_hours": "Mo-Fr 09:00-17:00", "phone": "+1-704-909-7779; +1-888-690-0663", "website": "https://www.apexaba.com/locations/north-carolina" }, "amenity": null, "shop": null, "leisure": null, "tourism": null, "office": null, "public_transport": null, "healthcare": "psychotherapist", "craft": null, "stations_in_radius": [ "9th Street" ], "stations_in_radius_dist_m": [ 352.35 ], "poi_cluster": "healthcare" }, "geometry": { "type": "Point", "coordinates": [ -80.8383587, 35.2312811 ] } },
{ "type": "Feature", "properties": { "osm_id": 12638766030, "name": "CoviLab", "lat": 35.2288068, "lon": -80.8343512, "tags": { "healthcare": "laboratory", "name": "CoviLab" }, "amenity": null, "shop": null, "leisure": null, "tourism": null, "office": null, "public_transport": null, "healthcare": "laboratory", "craft": null, "stations_in_radius": "['9th Street' '7th Street']", "stations_in_radius_dist_m": "[115.32 380.62]", "poi_cluster": "healthcare" }, "geometry": { "type": "Point", "coordinates": [ -80.8343512, 35.2288068 ] } },
{ "type": "Feature", "properties": { "osm_id": 357772806, "name": "First Ward Elementary School", "lat": 35.2281982, "lon": -80.8334044, "tags": { "amenity": "school", "ele": "228", "gnis:feature_id": "985094", "name": "First Ward Elementary School", "wheelchair": "yes" }, "amenity": "school", "shop": null, "leisure": null, "tourism": null, "office": null, "public_transport": null, "healthcare": null, "craft": null, "stations_in_radius": "['9th Street' '7th Street']", "stations_in_radius_dist_m": "[220.95 437.32]", "poi_cluster": "public_services" }, "geometry": { "type": "Point", "coordinates": [ -80.8334044, 35.2281982 ] } },
{ "type": "Feature", "properties": { "osm_id": 1848893550, "name": "Fleming's", "lat": 35.225542, "lon": -80.8427582, "tags": { "addr:city": "Charlotte", "addr:housenumber": "210", "addr:postcode": "28202", "addr:state": "NC", "addr:street": "East Trade Street", "addr:unit": "Suite C-110", "amenity": "restaurant", "brand": "Fleming's", "brand:wikidata": "Q5458552", "cuisine": "steak_house", "name": "Fleming's", "official_name": "Fleming's Prime Steakhouse & Wine Bar" }, "amenity": "restaurant", "shop": null, "leisure": null, "tourism": null, "office": null, "public_transport": null, "healthcare": null, "craft": null, "stations_in_radius": "['CTC/Arena' '3rd St/Convention' '7th Street']", "stations_in_radius_dist_m": "[138.26 216.01 466.28]", "poi_cluster": "food" }, "geometry": { "type": "Point", "coordinates": [ -80.8427582, 35.225542 ] } },
{ "type": "Feature", "properties": { "osm_id": 1848893622, "name": "Sea Grill Restaurant and Bar", "lat": 35.225726, "lon": -80.8422936, "tags": { "amenity": "restaurant", "name": "Sea Grill Restaurant and Bar" }, "amenity": "restaurant", "shop": null, "leisure": null, "tourism": null, "office": null, "public_transport": null, "healthcare": null, "craft": null, "stations_in_radius": "['CTC/Arena' '3rd St/Convention' '7th Street']", "stations_in_radius_dist_m": "[115.08 244.81 419.37]", "poi_cluster": "food" }, "geometry": { "type": "Point", "coordinates": [ -80.8422936, 35.225726 ] } },
{ "type": "Feature", "properties": { "osm_id": 1848893663, "name": "Caffe Siena", "lat": 35.2274313, "lon": -80.8400624, "tags": { "addr:city": "Charlotte", "addr:country": "US", "addr:housenumber": "230", "addr:postcode": "28202", "addr:state": "NC", "addr:street": "North College Street", "amenity": "restaurant", "cuisine": "italian", "name": "Caffe Siena" }, "amenity": "restaurant", "shop": null, "leisure": null, "tourism": null, "office": null, "public_transport": null, "healthcare": null, "craft": null, "stations_in_radius": "['7th Street' 'CTC/Arena']", "stations_in_radius_dist_m": "[183.72 295.46]", "poi_cluster": "food" }, "geometry": { "type": "Point", "coordinates": [ -80.8400624, 35.2274313 ] } },
{ "type": "Feature", "properties": { "osm_id": 1848893667, "name": "Fitzgerald's Irish Pub", "lat": 35.2269129, "lon": -80.8404682, "tags": { "addr:city": "Charlotte", "addr:country": "US", "addr:housenumber": "201", "addr:postcode": "28202", "addr:state": "NC", "addr:street": "East 5th Street", "amenity": "pub", "cuisine": "fish_and_chips", "name": "Fitzgerald's Irish Pub" }, "amenity": "pub", "shop": null, "leisure": null, "tourism": null, "office": null, "public_transport": null, "healthcare": null, "craft": null, "stations_in_radius": "['7th Street' 'CTC/Arena' '3rd St/Convention']", "stations_in_radius_dist_m": "[221.77 228.12 435.66]", "poi_cluster": "nightlife" }, "geometry": { "type": "Point", "coordinates": [ -80.8404682, 35.2269129 ] } },
{ "type": "Feature", "properties": { "osm_id": 1849262670, "name": "Discovery Place IMAX", "lat": 35.2297339, "lon": -80.8414419, "tags": { "addr:country": "US", "addr:housenumber": "301", "addr:state": "NC", "addr:street": "North Tryon Street", "amenity": "cinema", "name": "Discovery Place IMAX" }, "amenity": "cinema", "shop": null, "leisure": null, "tourism": null, "office": null, "public_transport": null, "healthcare": null, "craft": null, "stations_in_radius": [ "7th Street" ], "stations_in_radius_dist_m": [ 415.25 ], "poi_cluster": "recreation" }, "geometry": { "type": "Point", "coordinates": [ -80.8414419, 35.2297339 ] } },
{ "type": "Feature", "properties": { "osm_id": 4001585783, "name": "Aroma", "lat": 35.2298783, "lon": -80.8395114, "tags": { "addr:city": "Charlotte", "addr:housenumber": "401", "addr:postcode": "28202", "addr:state": "NC", "addr:street": "North Tryon Street", "addr:unit": "Suite 106", "amenity": "restaurant", "cuisine": "indian", "name": "Aroma", "not:brand:wikidata": "Q2909872" }, "amenity": "restaurant", "shop": null, "leisure": null, "tourism": null, "office": null, "public_transport": null, "healthcare": null, "craft": null, "stations_in_radius": "['7th Street' '9th Street']", "stations_in_radius_dist_m": "[323.04 411.  ]", "poi_cluster": "food" }, "geometry": { "type": "Point", "coordinates": [ -80.8395114, 35.2298783 ] } },
{ "type": "Feature", "properties": { "osm_id": 5948979211, "name": "Nuvolé Rooftop Twenty Two", "lat": 35.2257161, "lon": -80.8409032, "tags": { "addr:city": "Charlotte", "addr:housenumber": "220", "addr:postcode": "28202", "addr:state": "NC", "addr:street": "East Trade Street", "addr:unit": "2200", "amenity": "bar", "name": "Nuvolé Rooftop Twenty Two", "smoking": "no" }, "amenity": "bar", "shop": null, "leisure": null, "tourism": null, "office": null, "public_transport": null, "healthcare": null, "craft": null, "stations_in_radius": "['CTC/Arena' '3rd St/Convention' '7th Street']", "stations_in_radius_dist_m": "[ 90.94 305.08 307.83]", "poi_cluster": "nightlife" }, "geometry": { "type": "Point", "coordinates": [ -80.8409032, 35.2257161 ] } },
{ "type": "Feature", "properties": { "osm_id": 6332298775, "name": "RedEye Diner", "lat": 35.2252054, "lon": -80.8421438, "tags": { "amenity": "restaurant", "name": "RedEye Diner" }, "amenity": "restaurant", "shop": null, "leisure": null, "tourism": null, "office": null, "public_transport": null, "healthcare": null, "craft": null, "stations_in_radius": "['CTC/Arena' '3rd St/Convention' '7th Street']", "stations_in_radius_dist_m": "[ 72.28 195.59 433.62]", "poi_cluster": "food" }, "geometry": { "type": "Point", "coordinates": [ -80.8421438, 35.2252054 ] } },
{ "type": "Feature", "properties": { "osm_id": 6493733562, "name": "Not Just Coffee", "lat": 35.2275039, "lon": -80.838117, "tags": { "addr:city": "Charlotte", "addr:country": "US", "addr:housenumber": "224", "addr:postcode": "28202", "addr:state": "NC", "addr:street": "East 7th Street", "amenity": "cafe", "name": "Not Just Coffee", "opening_hours": "Mo-Th 08:00-17:00; Fr,Sa 08:00-18:00; Su 09:00-17:00" }, "amenity": "cafe", "shop": null, "leisure": null, "tourism": null, "office": null, "public_transport": null, "healthcare": null, "craft": null, "stations_in_radius": [ ], "stations_in_radius_dist_m": [ ], "poi_cluster": "food" }, "geometry": { "type": "Point", "coordinates": [ -80.838117, 35.2275039 ] } },
{ "type": "Feature", "properties": { "osm_id": 6532532810, "name": "7th Restaurant & Lounge", "lat": 35.2261341, "lon": -80.8360898, "tags": { "addr:city": "Charlotte", "addr:housenumber": "321", "addr:state": "NC", "addr:street": "North Caldwell Street", "amenity": "restaurant", "name": "7th Restaurant & Lounge" }, "amenity": "restaurant", "shop": null, "leisure": null, "tourism": null, "office": null, "public_transport": null, "healthcare": null, "craft": null, "stations_in_radius": "['7th Street' '9th Street']", "stations_in_radius_dist_m": "[215.98 407.71]", "poi_cluster": "food" }, "geometry": { "type": "Point", "coordinates": [ -80.8360898, 35.2261341 ] } },
{ "type": "Feature", "properties": { "osm_id": 9099545837, "name": "Caribou Coffee", "lat": 35.226953, "lon": -80.8420991, "tags": { "amenity": "cafe", "brand": "Caribou Coffee", "brand:wikidata": "Q5039494", "cuisine": "coffee_shop", "level": "1", "name": "Caribou Coffee", "takeaway": "yes" }, "amenity": "cafe", "shop": null, "leisure": null, "tourism": null, "office": null, "public_transport": null, "healthcare": null, "craft": null, "stations_in_radius": "['CTC/Arena' '7th Street' '3rd St/Convention']", "stations_in_radius_dist_m": "[226.   368.75 380.91]", "poi_cluster": "food" }, "geometry": { "type": "Point", "coordinates": [ -80.8420991, 35.226953 ] } },
{ "type": "Feature", "properties": { "osm_id": 9099545838, "name": "Bank of America", "lat": 35.226847, "lon": -80.8422897, "tags": { "amenity": "bank", "atm": "yes", "brand": "Bank of America", "brand:wikidata": "Q487907", "drive_through": "no", "level": "0", "name": "Bank of America" }, "amenity": "bank", "shop": null, "leisure": null, "tourism": null, "office": null, "public_transport": null, "healthcare": null, "craft": null, "stations_in_radius": "['CTC/Arena' '3rd St/Convention' '7th Street']", "stations_in_radius_dist_m": "[220.59 365.77 387.12]", "poi_cluster": "errand" }, "geometry": { "type": "Point", "coordinates": [ -80.8422897, 35.226847 ] } },
{ "type": "Feature", "properties": { "osm_id": 9099545841, "name": "Aria Tuscan Grill", "lat": 35.2266313, "lon": -80.8421473, "tags": { "amenity": "restaurant", "cuisine": "italian", "level": "0", "name": "Aria Tuscan Grill", "website": "https://www.ariacharlotte.com/" }, "amenity": "restaurant", "shop": null, "leisure": null, "tourism": null, "office": null, "public_transport": null, "healthcare": null, "craft": null, "stations_in_radius": "['CTC/Arena' '3rd St/Convention' '7th Street']", "stations_in_radius_dist_m": "[193.59 345.2  377.63]", "poi_cluster": "food" }, "geometry": { "type": "Point", "coordinates": [ -80.8421473, 35.2266313 ] } },
{ "type": "Feature", "properties": { "osm_id": 9099545870, "name": "Mert's Heart And Soul", "lat": 35.2272922, "lon": -80.8402846, "tags": { "addr:city": "Charlotte", "addr:housenumber": "214", "addr:postcode": "28202", "addr:state": "NC", "addr:street": "North College Street", "amenity": "restaurant", "cuisine": "southern", "name": "Mert's Heart And Soul" }, "amenity": "restaurant", "shop": null, "leisure": null, "tourism": null, "office": null, "public_transport": null, "healthcare": null, "craft": null, "stations_in_radius": "['7th Street' 'CTC/Arena' '3rd St/Convention']", "stations_in_radius_dist_m": "[202.59 273.39 480.15]", "poi_cluster": "food" }, "geometry": { "type": "Point", "coordinates": [ -80.8402846, 35.2272922 ] } },
{ "type": "Feature", "properties": { "osm_id": 9099545873, "name": "Rooster's Wood-fired Kitchen", "lat": 35.2267108, "lon": -80.8409945, "tags": { "addr:city": "Charlotte", "addr:housenumber": "150", "addr:postcode": "28202", "addr:state": "NC", "addr:street": "North College Street", "amenity": "restaurant", "cuisine": "american", "name": "Rooster's Wood-fired Kitchen" }, "amenity": "restaurant", "shop": null, "leisure": null, "tourism": null, "office": null, "public_transport": null, "healthcare": null, "craft": null, "stations_in_radius": "['CTC/Arena' '7th Street' '3rd St/Convention']", "stations_in_radius_dist_m": "[193.11 272.94 391.9 ]", "poi_cluster": "food" }, "geometry": { "type": "Point", "coordinates": [ -80.8409945, 35.2267108 ] } },
{ "type": "Feature", "properties": { "osm_id": 9108307137, "name": "Qdoba", "lat": 35.2280328, "lon": -80.8421691, "tags": { "addr:city": "Charlotte", "addr:housenumber": "127", "addr:postcode": "28202", "addr:state": "NC", "addr:street": "North Tryon Street", "addr:unit": "2", "amenity": "fast_food", "branch": "North Tryon", "brand": "Qdoba", "brand:wikidata": "Q1363885", "cuisine": "mexican", "drive_through": "no", "name": "Qdoba", "official_name": "Qdoba Mexican Eats", "opening_hours": "10:30-22:00", "phone": "+1 704-295-4111", "takeaway": "yes", "website": "https://locations.qdoba.com/us/nc/charlotte/127-n-tryon-st.html" }, "amenity": "fast_food", "shop": null, "leisure": null, "tourism": null, "office": null, "public_transport": null, "healthcare": null, "craft": null, "stations_in_radius": "['CTC/Arena' '7th Street']", "stations_in_radius_dist_m": "[343.73 384.63]", "poi_cluster": "food" }, "geometry": { "type": "Point", "coordinates": [ -80.8421691, 35.2280328 ] } },
{ "type": "Feature", "properties": { "osm_id": 10254120669, "name": "Ri Ra", "lat": 35.22807, "lon": -80.8415397, "tags": { "amenity": "pub", "internet_access": "wlan", "internet_access:fee": "no", "name": "Ri Ra", "smoking": "no", "website": "https://rira.com/charlotte/" }, "amenity": "pub", "shop": null, "leisure": null, "tourism": null, "office": null, "public_transport": null, "healthcare": null, "craft": null, "stations_in_radius": "['7th Street' 'CTC/Arena']", "stations_in_radius_dist_m": "[330.38 340.74]", "poi_cluster": "nightlife" }, "geometry": { "type": "Point", "coordinates": [ -80.8415397, 35.22807 ] } },
{ "type": "Feature", "properties": { "osm_id": 10968050746, "name": "Prohibition", "lat": 35.227991, "lon": -80.8416796, "tags": { "amenity": "bar", "name": "Prohibition" }, "amenity": "bar", "shop": null, "leisure": null, "tourism": null, "office": null, "public_transport": null, "healthcare": null, "craft": null, "stations_in_radius": "['CTC/Arena' '7th Street']", "stations_in_radius_dist_m": "[332.75 340.3 ]", "poi_cluster": "nightlife" }, "geometry": { "type": "Point", "coordinates": [ -80.8416796, 35.227991 ] } },
{ "type": "Feature", "properties": { "osm_id": 10968443159, "name": "The Daily", "lat": 35.2294618, "lon": -80.8420607, "tags": { "addr:city": "Charlotte", "addr:housenumber": "214", "addr:postcode": "28202", "addr:state": "NC", "addr:street": "North Church Street", "amenity": "pub", "name": "The Daily", "outdoor_seating": "yes" }, "amenity": "pub", "shop": null, "leisure": null, "tourism": null, "office": null, "public_transport": null, "healthcare": null, "craft": null, "stations_in_radius": [ "7th Street" ], "stations_in_radius_dist_m": [ 440.85 ], "poi_cluster": "nightlife" }, "geometry": { "type": "Point", "coordinates": [ -80.8420607, 35.2294618 ] } },
{ "type": "Feature", "properties": { "osm_id": 10971338341, "name": "Truist", "lat": 35.228128, "lon": -80.8414529, "tags": { "amenity": "bank", "brand": "Truist", "brand:wikidata": "Q795486", "name": "Truist" }, "amenity": "bank", "shop": null, "leisure": null, "tourism": null, "office": null, "public_transport": null, "healthcare": null, "craft": null, "stations_in_radius": "['7th Street' 'CTC/Arena']", "stations_in_radius_dist_m": "[324.75 346.94]", "poi_cluster": "errand" }, "geometry": { "type": "Point", "coordinates": [ -80.8414529, 35.228128 ] } },
{ "type": "Feature", "properties": { "osm_id": 10971338342, "name": "Cicchetti", "lat": 35.2265155, "lon": -80.8419818, "tags": { "amenity": "restaurant", "cuisine": "italian", "name": "Cicchetti" }, "amenity": "restaurant", "shop": null, "leisure": null, "tourism": null, "office": null, "public_transport": null, "healthcare": null, "craft": null, "stations_in_radius": "['CTC/Arena' '3rd St/Convention' '7th Street']", "stations_in_radius_dist_m": "[176.49 336.83 365.33]", "poi_cluster": "food" }, "geometry": { "type": "Point", "coordinates": [ -80.8419818, 35.2265155 ] } },
{ "type": "Feature", "properties": { "osm_id": 10971338343, "name": "The Asbury", "lat": 35.2287475, "lon": -80.8411196, "tags": { "amenity": "restaurant", "name": "The Asbury" }, "amenity": "restaurant", "shop": null, "leisure": null, "tourism": null, "office": null, "public_transport": null, "healthcare": null, "craft": null, "stations_in_radius": "['7th Street' 'CTC/Arena']", "stations_in_radius_dist_m": "[325.9  416.33]", "poi_cluster": "food" }, "geometry": { "type": "Point", "coordinates": [ -80.8411196, 35.2287475 ] } },
{ "type": "Feature", "properties": { "osm_id": 10971338344, "name": "Skyview Dentistry", "lat": 35.2251624, "lon": -80.8418445, "tags": { "amenity": "dentist", "healthcare": "dentist", "level": "3", "name": "Skyview Dentistry", "phone": "+1 704 632 7700" }, "amenity": "dentist", "shop": null, "leisure": null, "tourism": null, "office": null, "public_transport": null, "healthcare": "dentist", "craft": null, "stations_in_radius": "['CTC/Arena' '3rd St/Convention' '7th Street']", "stations_in_radius_dist_m": "[ 45.11 204.63 413.13]", "poi_cluster": "healthcare" }, "geometry": { "type": "Point", "coordinates": [ -80.8418445, 35.2251624 ] } },
{ "type": "Feature", "properties": { "osm_id": 10971338345, "name": "The Local", "lat": 35.2277854, "lon": -80.8415385, "tags": { "amenity": "bar", "name": "The Local" }, "amenity": "bar", "shop": null, "leisure": null, "tourism": null, "office": null, "public_transport": null, "healthcare": null, "craft": null, "stations_in_radius": "['CTC/Arena' '7th Street']", "stations_in_radius_dist_m": "[309.2  322.69]", "poi_cluster": "nightlife" }, "geometry": { "type": "Point", "coordinates": [ -80.8415385, 35.2277854 ] } },
{ "type": "Feature", "properties": { "osm_id": 10971338346, "name": "204 North", "lat": 35.2280288, "lon": -80.8416252, "tags": { "amenity": "restaurant", "name": "204 North" }, "amenity": "restaurant", "shop": null, "leisure": null, "tourism": null, "office": null, "public_transport": null, "healthcare": null, "craft": null, "stations_in_radius": "['CTC/Arena' '7th Street']", "stations_in_radius_dist_m": "[336.58 336.6 ]", "poi_cluster": "food" }, "geometry": { "type": "Point", "coordinates": [ -80.8416252, 35.2280288 ] } },
{ "type": "Feature", "properties": { "osm_id": 10971338347, "name": "Retro Bar", "lat": 35.2279567, "lon": -80.8417233, "tags": { "addr:city": "Charlotte", "addr:housenumber": "200", "addr:postcode": "28202", "addr:state": "NC", "addr:street": "North Tryon Street", "amenity": "bar", "name": "Retro Bar", "website": "https://retrobarclt.com" }, "amenity": "bar", "shop": null, "leisure": null, "tourism": null, "office": null, "public_transport": null, "healthcare": null, "craft": null, "stations_in_radius": "['CTC/Arena' '7th Street']", "stations_in_radius_dist_m": "[329.3  343.22]", "poi_cluster": "nightlife" }, "geometry": { "type": "Point", "coordinates": [ -80.8417233, 35.2279567 ] } },
{ "type": "Feature", "properties": { "osm_id": 10971338349, "name": "Fifth Third Bank", "lat": 35.2286219, "lon": -80.8412861, "tags": { "amenity": "bank", "brand": "Fifth Third Bank", "brand:wikidata": "Q1411810", "name": "Fifth Third Bank", "short_name": "5/3 Bank" }, "amenity": "bank", "shop": null, "leisure": null, "tourism": null, "office": null, "public_transport": null, "healthcare": null, "craft": null, "stations_in_radius": "['7th Street' 'CTC/Arena']", "stations_in_radius_dist_m": "[332.2  401.78]", "poi_cluster": "errand" }, "geometry": { "type": "Point", "coordinates": [ -80.8412861, 35.2286219 ] } },
{ "type": "Feature", "properties": { "osm_id": 10971338350, "name": null, "lat": 35.2286257, "lon": -80.8412629, "tags": { "amenity": "atm", "brand": "Fifth Third Bank", "brand:wikidata": "Q1411810", "operator": "Fifth Third Bank", "operator:wikidata": "Q1411810", "short_name": "5/3 Bank" }, "amenity": "atm", "shop": null, "leisure": null, "tourism": null, "office": null, "public_transport": null, "healthcare": null, "craft": null, "stations_in_radius": "['7th Street' 'CTC/Arena']", "stations_in_radius_dist_m": "[330.53 402.26]", "poi_cluster": "public_services" }, "geometry": { "type": "Point", "coordinates": [ -80.8412629, 35.2286257 ] } },
{ "type": "Feature", "properties": { "osm_id": 10972319440, "name": "WFAE", "lat": 35.2277364, "lon": -80.8373132, "tags": { "amenity": "studio", "name": "WFAE", "studio": "radio" }, "amenity": "studio", "shop": null, "leisure": null, "tourism": null, "office": null, "public_transport": null, "healthcare": null, "craft": null, "stations_in_radius": "['7th Street' '9th Street']", "stations_in_radius_dist_m": "[ 88.87 302.87]", "poi_cluster": "office" }, "geometry": { "type": "Point", "coordinates": [ -80.8373132, 35.2277364 ] } },
{ "type": "Feature", "properties": { "osm_id": 10972319448, "name": "Duckworth’s", "lat": 35.2293175, "lon": -80.8397309, "tags": { "amenity": "restaurant", "name": "Duckworth’s" }, "amenity": "restaurant", "shop": null, "leisure": null, "tourism": null, "office": null, "public_transport": null, "healthcare": null, "craft": null, "stations_in_radius": "['7th Street' '9th Street']", "stations_in_radius_dist_m": "[277.9  432.58]", "poi_cluster": "food" }, "geometry": { "type": "Point", "coordinates": [ -80.8397309, 35.2293175 ] } },
{ "type": "Feature", "properties": { "osm_id": 11083113695, "name": "Jimmy John's", "lat": 35.2278406, "lon": -80.8395218, "tags": { "addr:city": "Charlotte", "addr:housenumber": "300", "addr:postcode": "28202", "addr:state": "NC", "addr:street": "North College Street", "addr:unit": "100", "amenity": "fast_food", "brand": "Jimmy John's", "brand:wikidata": "Q1689380", "cuisine": "sandwich", "name": "Jimmy John's", "official_name": "Jimmy John's Gourmet Sandwiches", "phone": "+1 980-819-5351", "takeaway": "yes", "website": "https://locations.jimmyjohns.com/nc/charlotte/sandwiches-4131.html" }, "amenity": "fast_food", "shop": null, "leisure": null, "tourism": null, "office": null, "public_transport": null, "healthcare": null, "craft": null, "stations_in_radius": "['7th Street' 'CTC/Arena' '9th Street']", "stations_in_radius_dist_m": "[149.77 357.97 460.25]", "poi_cluster": "food" }, "geometry": { "type": "Point", "coordinates": [ -80.8395218, 35.2278406 ] } },
{ "type": "Feature", "properties": { "osm_id": 11083113696, "name": "Sabor", "lat": 35.2277542, "lon": -80.8394499, "tags": { "amenity": "fast_food", "cuisine": "mexican", "name": "Sabor" }, "amenity": "fast_food", "shop": null, "leisure": null, "tourism": null, "office": null, "public_transport": null, "healthcare": null, "craft": null, "stations_in_radius": "['7th Street' 'CTC/Arena' '9th Street']", "stations_in_radius_dist_m": "[139.67 352.8  458.84]", "poi_cluster": "food" }, "geometry": { "type": "Point", "coordinates": [ -80.8394499, 35.2277542 ] } },
{ "type": "Feature", "properties": { "osm_id": 11098808614, "name": "Momo Station", "lat": 35.2276099, "lon": -80.8379741, "tags": { "amenity": "fast_food", "cuisine": "indian", "name": "Momo Station" }, "amenity": "fast_food", "shop": null, "leisure": null, "tourism": null, "office": null, "public_transport": null, "healthcare": null, "craft": null, "stations_in_radius": "['7th Street' '9th Street' 'CTC/Arena']", "stations_in_radius_dist_m": "[ 43.94 356.33 424.74]", "poi_cluster": "food" }, "geometry": { "type": "Point", "coordinates": [ -80.8379741, 35.2276099 ] } },
{ "type": "Feature", "properties": { "osm_id": 11098808615, "name": null, "lat": 35.2276524, "lon": -80.8379211, "tags": { "amenity": "fast_food", "cuisine": "juice" }, "amenity": "fast_food", "shop": null, "leisure": null, "tourism": null, "office": null, "public_transport": null, "healthcare": null, "craft": null, "stations_in_radius": "['7th Street' '9th Street' 'CTC/Arena']", "stations_in_radius_dist_m": "[ 49.59 349.6  431.48]", "poi_cluster": "food" }, "geometry": { "type": "Point", "coordinates": [ -80.8379211, 35.2276524 ] } },
{ "type": "Feature", "properties": { "osm_id": 11098808617, "name": null, "lat": 35.2276933, "lon": -80.8379652, "tags": { "amenity": "fast_food", "cuisine": "popcorn" }, "amenity": "fast_food", "shop": null, "leisure": null, "tourism": null, "office": null, "public_transport": null, "healthcare": null, "craft": null, "stations_in_radius": "['7th Street' '9th Street' 'CTC/Arena']", "stations_in_radius_dist_m": "[ 53.19 349.76 431.68]", "poi_cluster": "food" }, "geometry": { "type": "Point", "coordinates": [ -80.8379652, 35.2276933 ] } },
{ "type": "Feature", "properties": { "osm_id": 11098808618, "name": "Sweet Crunch", "lat": 35.2275695, "lon": -80.8380294, "tags": { "amenity": "fast_food", "cuisine": "waffle", "name": "Sweet Crunch" }, "amenity": "fast_food", "shop": null, "leisure": null, "tourism": null, "office": null, "public_transport": null, "healthcare": null, "craft": null, "stations_in_radius": [ ], "stations_in_radius_dist_m": [ ], "poi_cluster": "food" }, "geometry": { "type": "Point", "coordinates": [ -80.8380294, 35.2275695 ] } },
{ "type": "Feature", "properties": { "osm_id": 11098808620, "name": "Geno D’s Pizza", "lat": 35.2275156, "lon": -80.8383175, "tags": { "amenity": "fast_food", "cuisine": "pizza", "name": "Geno D’s Pizza" }, "amenity": "fast_food", "shop": null, "leisure": null, "tourism": null, "office": null, "public_transport": null, "healthcare": null, "craft": null, "stations_in_radius": [ ], "stations_in_radius_dist_m": [ ], "poi_cluster": "food" }, "geometry": { "type": "Point", "coordinates": [ -80.8383175, 35.2275156 ] } },
{ "type": "Feature", "properties": { "osm_id": 11098808624, "name": "Mad Dash", "lat": 35.227591, "lon": -80.838208, "tags": { "amenity": "fast_food", "name": "Mad Dash" }, "amenity": "fast_food", "shop": null, "leisure": null, "tourism": null, "office": null, "public_transport": null, "healthcare": null, "craft": null, "stations_in_radius": [ ], "stations_in_radius_dist_m": [ ], "poi_cluster": "food" }, "geometry": { "type": "Point", "coordinates": [ -80.838208, 35.227591 ] } },
{ "type": "Feature", "properties": { "osm_id": 11098808625, "name": "Mano Bella", "lat": 35.2274294, "lon": -80.8384343, "tags": { "amenity": "fast_food", "cuisine": "italian", "name": "Mano Bella" }, "amenity": "fast_food", "shop": null, "leisure": null, "tourism": null, "office": null, "public_transport": null, "healthcare": null, "craft": null, "stations_in_radius": [ ], "stations_in_radius_dist_m": [ ], "poi_cluster": "food" }, "geometry": { "type": "Point", "coordinates": [ -80.8384343, 35.2274294 ] } },
{ "type": "Feature", "properties": { "osm_id": 11360379000, "name": "Mortimer's Cafe & Pub", "lat": 35.225312, "lon": -80.8423109, "tags": { "amenity": "pub", "name": "Mortimer's Cafe & Pub", "smoking": "no" }, "amenity": "pub", "shop": null, "leisure": null, "tourism": null, "office": null, "public_transport": null, "healthcare": null, "craft": null, "stations_in_radius": "['CTC/Arena' '3rd St/Convention' '7th Street']", "stations_in_radius_dist_m": "[ 90.67 200.69 440.92]", "poi_cluster": "nightlife" }, "geometry": { "type": "Point", "coordinates": [ -80.8423109, 35.225312 ] } },
{ "type": "Feature", "properties": { "osm_id": 11360379001, "name": "Fuji Hibachi & Teriyaki", "lat": 35.2253941, "lon": -80.8424274, "tags": { "amenity": "restaurant", "cuisine": "japanese", "name": "Fuji Hibachi & Teriyaki" }, "amenity": "restaurant", "shop": null, "leisure": null, "tourism": null, "office": null, "public_transport": null, "healthcare": null, "craft": null, "stations_in_radius": "['CTC/Arena' '3rd St/Convention' '7th Street']", "stations_in_radius_dist_m": "[104.03 206.06 446.05]", "poi_cluster": "food" }, "geometry": { "type": "Point", "coordinates": [ -80.8424274, 35.2253941 ] } },
{ "type": "Feature", "properties": { "osm_id": 11833480110, "name": "Cakeable Cafe", "lat": 35.2299632, "lon": -80.8394478, "tags": { "addr:city": "Charlotte", "addr:housenumber": "401", "addr:postcode": "28202", "addr:state": "NC", "addr:street": "North Tryon Street", "addr:unit": "106", "amenity": "cafe", "cuisine": "coffee_shop", "name": "Cakeable Cafe", "website": "https://wearecakeable.org" }, "amenity": "cafe", "shop": null, "leisure": null, "tourism": null, "office": null, "public_transport": null, "healthcare": null, "craft": null, "stations_in_radius": "['7th Street' '9th Street']", "stations_in_radius_dist_m": "[329.39 405.78]", "poi_cluster": "food" }, "geometry": { "type": "Point", "coordinates": [ -80.8394478, 35.2299632 ] } },
{ "type": "Feature", "properties": { "osm_id": 12162148602, "name": "Stage Door Theater", "lat": 35.227029, "lon": -80.8411213, "tags": { "addr:housenumber": "155", "addr:postcode": "28202", "amenity": "theatre", "name": "Stage Door Theater", "outdoor_seating": "no" }, "amenity": "theatre", "shop": null, "leisure": null, "tourism": null, "office": null, "public_transport": null, "healthcare": null, "craft": null, "stations_in_radius": "['CTC/Arena' '7th Street' '3rd St/Convention']", "stations_in_radius_dist_m": "[226.34 279.38 418.2 ]", "poi_cluster": "recreation" }, "geometry": { "type": "Point", "coordinates": [ -80.8411213, 35.227029 ] } },
{ "type": "Feature", "properties": { "osm_id": 12421861670, "name": "Founders Hall Library", "lat": 35.2267345, "lon": -80.8422318, "tags": { "access": "yes", "addr:city": "Charlotte", "addr:county": "Mecklenburg", "addr:housenumber": "100", "addr:postcode": "28202", "addr:state": "NC", "addr:street": "North Tryon Street", "addr:unit": "Suite 290", "amenity": "library", "level": "1", "name": "Founders Hall Library", "nat_ref": "C-MECKLENBURG-FH", "opening_hours": "Mo-Fr 08:00-16:00", "operator": "Charlotte Mecklenburg Library", "operator:type": "public", "phone": "+1 704-416-0300", "website": "https://www.foundershallevents.com/" }, "amenity": "library", "shop": null, "leisure": null, "tourism": null, "office": null, "public_transport": null, "healthcare": null, "craft": null, "stations_in_radius": "['CTC/Arena' '3rd St/Convention' '7th Street']", "stations_in_radius_dist_m": "[207.05 354.61 383.43]", "poi_cluster": "errand" }, "geometry": { "type": "Point", "coordinates": [ -80.8422318, 35.2267345 ] } },
{ "type": "Feature", "properties": { "osm_id": 12445662589, "name": null, "lat": 35.2239225, "lon": -80.8396062, "tags": { "addr:housenumber": "420", "addr:street": "East Trade Street", "amenity": "atm", "check_date": "2026-01-19", "covered": "yes", "currency:USD": "yes", "drive_through": "no", "indoor": "yes", "lit": "yes", "note": "ATM is located inside of Midnight Diner", "opening_hours": "24/7", "wheelchair": "yes" }, "amenity": "atm", "shop": null, "leisure": null, "tourism": null, "office": null, "public_transport": null, "healthcare": null, "craft": null, "stations_in_radius": "['CTC/Arena' '3rd St/Convention' '7th Street']", "stations_in_radius_dist_m": "[201.57 316.21 391.83]", "poi_cluster": "public_services" }, "geometry": { "type": "Point", "coordinates": [ -80.8396062, 35.2239225 ] } },
{ "type": "Feature", "properties": { "osm_id": 12638766035, "name": "Provided Coffee", "lat": 35.2287009, "lon": -80.8345049, "tags": { "amenity": "cafe", "cuisine": "coffee_shop", "email": "providedcoffee@gmail.com", "name": "Provided Coffee", "opening_hours": "Tu-Su 08:00-14:00", "phone": "+1-980-781-0045", "website": "https://www.providedcoffee.com" }, "amenity": "cafe", "shop": null, "leisure": null, "tourism": null, "office": null, "public_transport": null, "healthcare": null, "craft": null, "stations_in_radius": "['9th Street' '7th Street']", "stations_in_radius_dist_m": "[119.61 362.81]", "poi_cluster": "food" }, "geometry": { "type": "Point", "coordinates": [ -80.8345049, 35.2287009 ] } },
{ "type": "Feature", "properties": { "osm_id": 12963151032, "name": "Social Cow", "lat": 35.2274602, "lon": -80.8382591, "tags": { "amenity": "ice_cream", "name": "Social Cow" }, "amenity": "ice_cream", "shop": null, "leisure": null, "tourism": null, "office": null, "public_transport": null, "healthcare": null, "craft": null, "stations_in_radius": [ ], "stations_in_radius_dist_m": [ ], "poi_cluster": "food" }, "geometry": { "type": "Point", "coordinates": [ -80.8382591, 35.2274602 ] } },
{ "type": "Feature", "properties": { "osm_id": 12963730452, "name": "Carolina Theater", "lat": 35.2283899, "lon": -80.8407086, "tags": { "addr:city": "Charlotte", "addr:housenumber": "230", "addr:postcode": "28202", "addr:state": "NC", "addr:street": "North Tryon Street", "amenity": "theatre", "name": "Carolina Theater", "website": "https://www.thecarolina.com" }, "amenity": "theatre", "shop": null, "leisure": null, "tourism": null, "office": null, "public_transport": null, "healthcare": null, "craft": null, "stations_in_radius": "['7th Street' 'CTC/Arena']", "stations_in_radius_dist_m": "[273.72 381.02]", "poi_cluster": "recreation" }, "geometry": { "type": "Point", "coordinates": [ -80.8407086, 35.2283899 ] } },
{ "type": "Feature", "properties": { "osm_id": 12963730453, "name": "Belk Place", "lat": 35.2285313, "lon": -80.8408519, "tags": { "amenity": "community_centre", "community_centre": "community_hall", "name": "Belk Place" }, "amenity": "community_centre", "shop": null, "leisure": null, "tourism": null, "office": null, "public_transport": null, "healthcare": null, "craft": null, "stations_in_radius": "['7th Street' 'CTC/Arena']", "stations_in_radius_dist_m": "[292.73 394.67]", "poi_cluster": "recreation" }, "geometry": { "type": "Point", "coordinates": [ -80.8408519, 35.2285313 ] } },
{ "type": "Feature", "properties": { "osm_id": 13174801087, "name": "Brooklyn Lounge", "lat": 35.2253157, "lon": -80.837249, "tags": { "amenity": "nightclub", "name": "Brooklyn Lounge" }, "amenity": "nightclub", "shop": null, "leisure": null, "tourism": null, "office": null, "public_transport": null, "healthcare": null, "craft": null, "stations_in_radius": "['7th Street' 'CTC/Arena']", "stations_in_radius_dist_m": "[223.71 378.46]", "poi_cluster": "nightlife" }, "geometry": { "type": "Point", "coordinates": [ -80.837249, 35.2253157 ] } },
{ "type": "Feature", "properties": { "osm_id": 13259921801, "name": "The Market at 7th Street", "lat": 35.2276648, "lon": -80.8381339, "tags": { "addr:housenumber": "224", "addr:postcode": "28202", "addr:street": "East 7th Street", "amenity": "food_court", "internet_access": "wlan", "name": "The Market at 7th Street", "opening_hours": "Mo-Th 08:00-21:00,\nFr-Sa 08:00-22:00,\nSu 09:00-18:00", "website": "https://themarketat7thstreet.com/" }, "amenity": "food_court", "shop": null, "leisure": null, "tourism": null, "office": null, "public_transport": null, "healthcare": null, "craft": null, "stations_in_radius": [ ], "stations_in_radius_dist_m": [ ], "poi_cluster": "food" }, "geometry": { "type": "Point", "coordinates": [ -80.8381339, 35.2276648 ] } },
{ "type": "Feature", "properties": { "osm_id": 13457166666, "name": "USPS", "lat": 35.226797, "lon": -80.8420988, "tags": { "amenity": "post_office", "level": "1", "name": "USPS", "operator": "United States Postal Service", "operator:short": "USPS", "operator:type": "public", "operator:wikidata": "Q668687" }, "amenity": "post_office", "shop": null, "leisure": null, "tourism": null, "office": null, "public_transport": null, "healthcare": null, "craft": null, "stations_in_radius": "['CTC/Arena' '3rd St/Convention' '7th Street']", "stations_in_radius_dist_m": "[209.47 364.1  370.51]", "poi_cluster": "errand" }, "geometry": { "type": "Point", "coordinates": [ -80.8420988, 35.226797 ] } },
{ "type": "Feature", "properties": { "osm_id": 48908467, "name": "Charlotte Transportation Center", "lat": 35.2244978, "lon": -80.8410525, "tags": { "amenity": "bus_station", "building": "yes", "bus": "yes", "height": "30", "name": "Charlotte Transportation Center", "operator": "Charlotte Area Transit System", "public_transport": "station" }, "amenity": "bus_station", "shop": null, "leisure": null, "tourism": null, "office": null, "public_transport": "station", "healthcare": null, "craft": null, "stations_in_radius": "['CTC/Arena' '3rd St/Convention']", "stations_in_radius_dist_m": "[ 63.6  207.53]", "poi_cluster": "public_services" }, "geometry": { "type": "Point", "coordinates": [ -80.8410525, 35.2244978 ] } },
{ "type": "Feature", "properties": { "osm_id": 131139730, "name": "Federal Reserve Bank", "lat": 35.2228239, "lon": -80.8390124, "tags": { "addr:city": "Charlotte", "addr:housenumber": "530", "addr:postcode": "28202", "addr:state": "NC", "addr:street": "East Trade Street", "amenity": "bank", "atm": "no", "building": "office", "drive_through": "no", "government": "yes", "height": "36", "name": "Federal Reserve Bank", "operator": "United States of America", "website": "https://www.richmondfed.org/about_us/visit_us/locations/charlotte", "wikidata": "Q5440387" }, "amenity": "bank", "shop": null, "leisure": null, "tourism": null, "office": null, "public_transport": null, "healthcare": null, "craft": null, "stations_in_radius": [ ], "stations_in_radius_dist_m": [ ], "poi_cluster": "errand" }, "geometry": { "type": "Point", "coordinates": [ -80.8390124, 35.2228239 ] } },
{ "type": "Feature", "properties": { "osm_id": 322278769, "name": "ImaginOn - The Joe & Joan Martin Center", "lat": 35.2269433, "lon": -80.8376692, "tags": { "addr:city": "Charlotte", "addr:county": "Mecklenburg", "addr:housenumber": "300", "addr:postcode": "28202", "addr:state": "NC", "addr:street": "East 7th Street", "amenity": "library", "building": "yes", "height": "27", "internet_access": "terminal", "name": "ImaginOn - The Joe & Joan Martin Center", "nat_ref": "C-MECKLENBURG-IM", "operator": "CML", "operator:type": "public", "phone": "+1 704-416-4600", "website": "https://www.imaginon.org/", "wikidata": "Q69857334", "wikipedia": "en:ImaginOn" }, "amenity": "library", "shop": null, "leisure": null, "tourism": null, "office": null, "public_transport": null, "healthcare": null, "craft": null, "stations_in_radius": [ ], "stations_in_radius_dist_m": [ ], "poi_cluster": "errand" }, "geometry": { "type": "Point", "coordinates": [ -80.8376692, 35.2269433 ] } },
{ "type": "Feature", "properties": { "osm_id": 322993009, "name": "Victoria Yards", "lat": 35.2284036, "lon": -80.8379761, "tags": { "addr:city": "Charlotte", "addr:housenumber": "209", "addr:postcode": "28202", "addr:state": "NC", "addr:street": "East 7th Street", "amenity": "events_venue", "check_date": "2023-06-12", "name": "Victoria Yards", "operator": "Charlotte Center City Partners" }, "amenity": "events_venue", "shop": null, "leisure": null, "tourism": null, "office": null, "public_transport": null, "healthcare": null, "craft": null, "stations_in_radius": "['7th Street' '9th Street' 'CTC/Arena']", "stations_in_radius_dist_m": "[131.48 306.61 488.86]", "poi_cluster": "nightlife" }, "geometry": { "type": "Point", "coordinates": [ -80.8379761, 35.2284036 ] } },
{ "type": "Feature", "properties": { "osm_id": 341587198, "name": "Bank of America", "lat": 35.2273123, "lon": -80.8422252, "tags": { "addr:city": "Charlotte", "addr:housenumber": "100", "addr:postcode": "28202", "addr:state": "NC", "addr:street": "North Tryon Street", "amenity": "bank", "branch": "Financial Center", "brand": "Bank of America", "brand:wikidata": "Q487907", "building": "yes", "building:levels": "88", "check_date": "2021-04-21", "height": "265", "name": "Bank of America", "name:en": "Bank of America Corporate Center", "operator": "Bank of America", "website": "https://locators.bankofamerica.com/nc/charlotte/financial-centers-charlotte-16702.html", "wikidata": "Q586913", "wikipedia": "en:Bank of America Corporate Center" }, "amenity": "bank", "shop": null, "leisure": null, "tourism": null, "office": null, "public_transport": null, "healthcare": null, "craft": null, "stations_in_radius": [ ], "stations_in_radius_dist_m": [ ], "poi_cluster": "errand" }, "geometry": { "type": "Point", "coordinates": [ -80.8422252, 35.2273123 ] } },
{ "type": "Feature", "properties": { "osm_id": 380090201, "name": null, "lat": 35.2228001, "lon": -80.8344437, "tags": { "amenity": "fire_station", "building": "yes", "height": "10" }, "amenity": "fire_station", "shop": null, "leisure": null, "tourism": null, "office": null, "public_transport": null, "healthcare": null, "craft": null, "stations_in_radius": [ "7th Street" ], "stations_in_radius_dist_m": [ 590.39 ], "poi_cluster": "public_services" }, "geometry": { "type": "Point", "coordinates": [ -80.8344437, 35.2228001 ] } },
{ "type": "Feature", "properties": { "osm_id": 380090203, "name": "CMPD Headquarters", "lat": 35.2227587, "lon": -80.8372767, "tags": { "amenity": "police", "building": "yes", "height": "47", "name": "CMPD Headquarters" }, "amenity": "police", "shop": null, "leisure": null, "tourism": null, "office": null, "public_transport": null, "healthcare": null, "craft": null, "stations_in_radius": "['CTC/Arena' '7th Street']", "stations_in_radius_dist_m": "[449.33 499.87]", "poi_cluster": "public_services" }, "geometry": { "type": "Point", "coordinates": [ -80.8372767, 35.2227587 ] } },
{ "type": "Feature", "properties": { "osm_id": 397369783, "name": "St. Peter's Episcopal Church", "lat": 35.2298349, "lon": -80.8404661, "tags": { "amenity": "place_of_worship", "building": "church", "denomination": "episcopal", "height": "15", "name": "St. Peter's Episcopal Church", "religion": "christian" }, "amenity": "place_of_worship", "shop": null, "leisure": null, "tourism": null, "office": null, "public_transport": null, "healthcare": null, "craft": null, "stations_in_radius": [ "7th Street" ], "stations_in_radius_dist_m": [ 363.37 ], "poi_cluster": "public_services" }, "geometry": { "type": "Point", "coordinates": [ -80.8404661, 35.2298349 ] } },
{ "type": "Feature", "properties": { "osm_id": 398591585, "name": "First United Presbyterian Church", "lat": 35.2286037, "lon": -80.8383165, "tags": { "addr:city": "Charlotte", "addr:housenumber": "406", "addr:postcode": "28202", "addr:state": "NC", "addr:street": "North College Street", "amenity": "place_of_worship", "building": "church", "ele": "241", "gnis:feature_id": "1985682", "height": "18", "name": "First United Presbyterian Church", "religion": "christian", "source": "USGS Geonames" }, "amenity": "place_of_worship", "shop": null, "leisure": null, "tourism": null, "office": null, "public_transport": null, "healthcare": null, "craft": null, "stations_in_radius": "['7th Street' '9th Street' 'CTC/Arena']", "stations_in_radius_dist_m": "[155.22 325.36 487.8 ]", "poi_cluster": "public_services" }, "geometry": { "type": "Point", "coordinates": [ -80.8383165, 35.2286037 ] } },
{ "type": "Feature", "properties": { "osm_id": 502718738, "name": "Belk Theater at Blumenthal Performing Arts Center", "lat": 35.227317, "lon": -80.8415145, "tags": { "addr:city": "Charlotte", "addr:housenumber": "130", "addr:postcode": "28202", "addr:state": "NC", "addr:street": "North Tryon Street", "amenity": "theatre", "building": "yes", "height": "30", "name": "Belk Theater at Blumenthal Performing Arts Center", "wikidata": "Q7054435" }, "amenity": "theatre", "shop": null, "leisure": null, "tourism": null, "office": null, "public_transport": null, "healthcare": null, "craft": null, "stations_in_radius": "['CTC/Arena' '7th Street']", "stations_in_radius_dist_m": "[257.21 314.54]", "poi_cluster": "recreation" }, "geometry": { "type": "Point", "coordinates": [ -80.8415145, 35.227317 ] } },
{ "type": "Feature", "properties": { "osm_id": 672780369, "name": null, "lat": 35.2244231, "lon": -80.8398149, "tags": { "amenity": "shelter", "building": "yes" }, "amenity": "shelter", "shop": null, "leisure": null, "tourism": null, "office": null, "public_transport": null, "healthcare": null, "craft": null, "stations_in_radius": "['CTC/Arena' '3rd St/Convention' '7th Street']", "stations_in_radius_dist_m": "[156.97 308.77 348.87]", "poi_cluster": "public_services" }, "geometry": { "type": "Point", "coordinates": [ -80.8398149, 35.2244231 ] } },
{ "type": "Feature", "properties": { "osm_id": 672780370, "name": null, "lat": 35.2247522, "lon": -80.8402018, "tags": { "amenity": "shelter", "building": "yes" }, "amenity": "shelter", "shop": null, "leisure": null, "tourism": null, "office": null, "public_transport": null, "healthcare": null, "craft": null, "stations_in_radius": "['CTC/Arena' '3rd St/Convention' '7th Street']", "stations_in_radius_dist_m": "[111.57 289.31 335.99]", "poi_cluster": "public_services" }, "geometry": { "type": "Point", "coordinates": [ -80.8402018, 35.2247522 ] } },
{ "type": "Feature", "properties": { "osm_id": 672783588, "name": null, "lat": 35.2227935, "lon": -80.8378688, "tags": { "amenity": "shelter", "building": "yes" }, "amenity": "shelter", "shop": null, "leisure": null, "tourism": null, "office": null, "public_transport": null, "healthcare": null, "craft": null, "stations_in_radius": "['CTC/Arena' '7th Street']", "stations_in_radius_dist_m": "[403.19 491.21]", "poi_cluster": "public_services" }, "geometry": { "type": "Point", "coordinates": [ -80.8378688, 35.2227935 ] } },
{ "type": "Feature", "properties": { "osm_id": 909453943, "name": null, "lat": 35.2270117, "lon": -80.8426192, "tags": { "amenity": "fountain", "natural": "water", "water": "yes" }, "amenity": "fountain", "shop": null, "leisure": null, "tourism": null, "office": null, "public_transport": null, "healthcare": null, "craft": null, "stations_in_radius": "['CTC/Arena' '3rd St/Convention']", "stations_in_radius_dist_m": "[249.57 379.38]", "poi_cluster": "recreation" }, "geometry": { "type": "Point", "coordinates": [ -80.8426192, 35.2270117 ] } },
{ "type": "Feature", "properties": { "osm_id": 1004213293, "name": null, "lat": 35.2280566, "lon": -80.8356909, "tags": { "amenity": "fountain" }, "amenity": "fountain", "shop": null, "leisure": null, "tourism": null, "office": null, "public_transport": null, "healthcare": null, "craft": null, "stations_in_radius": "['9th Street' '7th Street']", "stations_in_radius_dist_m": "[192.79 234.7 ]", "poi_cluster": "recreation" }, "geometry": { "type": "Point", "coordinates": [ -80.8356909, 35.2280566 ] } },
{ "type": "Feature", "properties": { "osm_id": 1047474980, "name": null, "lat": 35.2287428, "lon": -80.8329988, "tags": { "amenity": "school", "operator": "Charlotte-Mecklenburg Schools", "operator:short": "CMS", "operator:type": "public", "operator:wikidata": "Q2944229", "operator:wikipedia": "en:Charlotte-Mecklenburg Schools" }, "amenity": "school", "shop": null, "leisure": null, "tourism": null, "office": null, "public_transport": null, "healthcare": null, "craft": null, "stations_in_radius": [ "9th Street" ], "stations_in_radius_dist_m": [ 210.78 ], "poi_cluster": "public_services" }, "geometry": { "type": "Point", "coordinates": [ -80.8329988, 35.2287428 ] } },
{ "type": "Feature", "properties": { "osm_id": 1192155448, "name": "Midnight Diner", "lat": 35.2238789, "lon": -80.8396684, "tags": { "addr:city": "Charlotte", "addr:housenumber": "420", "addr:postcode": "28202", "addr:state": "NC", "addr:street": "East Trade Street", "air_conditioning": "yes", "amenity": "restaurant", "building": "retail", "check_date": "2026-01-14", "cuisine": "diner;american", "internet_access": "no", "microbrewery": "no", "name": "Midnight Diner", "opening_hours": "24/7", "payment:cash": "yes", "payment:contactless": "no", "payment:credit_cards": "yes", "payment:debit_cards": "yes", "phone": "+19802073641", "toilets": "yes", "website": "https://midnightdinercharlotte.com/", "wheelchair": "yes" }, "amenity": "restaurant", "shop": null, "leisure": null, "tourism": null, "office": null, "public_transport": null, "healthcare": null, "craft": null, "stations_in_radius": "['CTC/Arena' '3rd St/Convention' '7th Street']", "stations_in_radius_dist_m": "[200.01 310.08 398.39]", "poi_cluster": "food" }, "geometry": { "type": "Point", "coordinates": [ -80.8396684, 35.2238789 ] } },
{ "type": "Feature", "properties": { "osm_id": 1195991110, "name": "The Market at 7th Street", "lat": 35.2274351, "lon": -80.8383336, "tags": { "addr:city": "Charlotte", "addr:housenumber": "224", "addr:postcode": "28202", "addr:state": "NC", "addr:street": "East 7th Street", "amenity": "food_court", "name": "The Market at 7th Street", "opening_hours": "Tu-We 08:00-19:00; Th-Sa 08:00-20:00; Su 09:00-17:00", "website": "https://themarketat7thstreet.com/" }, "amenity": "food_court", "shop": null, "leisure": null, "tourism": null, "office": null, "public_transport": null, "healthcare": null, "craft": null, "stations_in_radius": [ ], "stations_in_radius_dist_m": [ ], "poi_cluster": "food" }, "geometry": { "type": "Point", "coordinates": [ -80.8383336, 35.2274351 ] } },
{ "type": "Feature", "properties": { "osm_id": 4848919, "name": null, "lat": 35.2273123, "lon": -80.8422252, "tags": { "amenity": "bank", "building:levels": "60", "type": "building" }, "amenity": "bank", "shop": null, "leisure": null, "tourism": null, "office": null, "public_transport": null, "healthcare": null, "craft": null, "stations_in_radius": [ ], "stations_in_radius_dist_m": [ ], "poi_cluster": "errand" }, "geometry": { "type": "Point", "coordinates": [ -80.8422252, 35.2273123 ] } },
{ "type": "Feature", "properties": { "osm_id": 6332298766, "name": "Insomnia Cookies", "lat": 35.2255009, "lon": -80.8420447, "tags": { "addr:city": "Charlotte", "addr:housenumber": "210", "addr:postcode": "28202", "addr:state": "NC", "addr:street": "East Trade Street", "addr:unit": "Suite B-224", "brand": "Insomnia Cookies", "brand:wikidata": "Q16997024", "name": "Insomnia Cookies", "shop": "pastry" }, "amenity": null, "shop": "pastry", "leisure": null, "tourism": null, "office": null, "public_transport": null, "healthcare": null, "craft": null, "stations_in_radius": "['CTC/Arena' '3rd St/Convention' '7th Street']", "stations_in_radius_dist_m": "[ 81.46 229.15 409.67]", "poi_cluster": "retail" }, "geometry": { "type": "Point", "coordinates": [ -80.8420447, 35.2255009 ] } },
{ "type": "Feature", "properties": { "osm_id": 9099545839, "name": "JoS. A. Bank", "lat": 35.2266979, "lon": -80.8418413, "tags": { "brand": "JoS. A. Bank", "brand:wikidata": "Q6204078", "level": "0", "name": "JoS. A. Bank", "official_name": "Jos. A. Bank Clothiers", "shop": "clothes" }, "amenity": null, "shop": "clothes", "leisure": null, "tourism": null, "office": null, "public_transport": null, "healthcare": null, "craft": null, "stations_in_radius": "['CTC/Arena' '7th Street' '3rd St/Convention']", "stations_in_radius_dist_m": "[192.72 348.93 359.96]", "poi_cluster": "retail" }, "geometry": { "type": "Point", "coordinates": [ -80.8418413, 35.2266979 ] } },
{ "type": "Feature", "properties": { "osm_id": 10965747075, "name": "Charlotte NC Tours", "lat": 35.2265821, "lon": -80.8426998, "tags": { "level": "1", "name": "Charlotte NC Tours", "shop": "travel_agency" }, "amenity": null, "shop": "travel_agency", "leisure": null, "tourism": null, "office": null, "public_transport": null, "healthcare": null, "craft": null, "stations_in_radius": "['CTC/Arena' '3rd St/Convention' '7th Street']", "stations_in_radius_dist_m": "[212.11 331.23 428.1 ]", "poi_cluster": "retail" }, "geometry": { "type": "Point", "coordinates": [ -80.8426998, 35.2265821 ] } },
{ "type": "Feature", "properties": { "osm_id": 10965747076, "name": "Walgreens", "lat": 35.2262131, "lon": -80.8427431, "tags": { "brand": "Walgreens", "brand:wikidata": "Q1591889", "level": "0", "name": "Walgreens", "shop": "chemist", "website": "https://www.walgreens.com/locator/walgreens-101+s+tryon+st-charlotte-nc-28280/id=15008" }, "amenity": null, "shop": "chemist", "leisure": null, "tourism": null, "office": null, "public_transport": null, "healthcare": null, "craft": null, "stations_in_radius": "['CTC/Arena' '3rd St/Convention' '7th Street']", "stations_in_radius_dist_m": "[182.38 290.12 440.55]", "poi_cluster": "retail" }, "geometry": { "type": "Point", "coordinates": [ -80.8427431, 35.2262131 ] } },
{ "type": "Feature", "properties": { "osm_id": 10968443163, "name": "Avenue Market", "lat": 35.2292193, "lon": -80.8424186, "tags": { "cuisine": "korean", "food": "yes", "name": "Avenue Market", "phone": "+1 704 332 9000", "shop": "convenience", "takeaway": "yes" }, "amenity": null, "shop": "convenience", "leisure": null, "tourism": null, "office": null, "public_transport": null, "healthcare": null, "craft": null, "stations_in_radius": [ "7th Street" ], "stations_in_radius_dist_m": [ 454.39 ], "poi_cluster": "retail" }, "geometry": { "type": "Point", "coordinates": [ -80.8424186, 35.2292193 ] } },
{ "type": "Feature", "properties": { "osm_id": 11098808619, "name": "Assorted Table", "lat": 35.2273182, "lon": -80.8384493, "tags": { "name": "Assorted Table", "shop": "wine" }, "amenity": null, "shop": "wine", "leisure": null, "tourism": null, "office": null, "public_transport": null, "healthcare": null, "craft": null, "stations_in_radius": [ ], "stations_in_radius_dist_m": [ ], "poi_cluster": "retail" }, "geometry": { "type": "Point", "coordinates": [ -80.8384493, 35.2273182 ] } },
{ "type": "Feature", "properties": { "osm_id": 11098808621, "name": "Orrman’s Cheese Shop", "lat": 35.2272613, "lon": -80.8385638, "tags": { "name": "Orrman’s Cheese Shop", "shop": "cheese" }, "amenity": null, "shop": "cheese", "leisure": null, "tourism": null, "office": null, "public_transport": null, "healthcare": null, "craft": null, "stations_in_radius": [ ], "stations_in_radius_dist_m": [ ], "poi_cluster": "retail" }, "geometry": { "type": "Point", "coordinates": [ -80.8385638, 35.2272613 ] } },
{ "type": "Feature", "properties": { "osm_id": 11098808622, "name": "CLT Find", "lat": 35.2273438, "lon": -80.838552, "tags": { "name": "CLT Find", "shop": "gift" }, "amenity": null, "shop": "gift", "leisure": null, "tourism": null, "office": null, "public_transport": null, "healthcare": null, "craft": null, "stations_in_radius": [ ], "stations_in_radius_dist_m": [ ], "poi_cluster": "retail" }, "geometry": { "type": "Point", "coordinates": [ -80.838552, 35.2273438 ] } },
{ "type": "Feature", "properties": { "osm_id": 12638766031, "name": "Street Commerce", "lat": 35.2286021, "lon": -80.8346557, "tags": { "name": "Street Commerce", "opening_hours": "Tu-Su 12:00-19:00", "phone": "+1-704-891-8833", "shop": "clothes", "website": "https://streetcommerce.shop" }, "amenity": null, "shop": "clothes", "leisure": null, "tourism": null, "office": null, "public_transport": null, "healthcare": null, "craft": null, "stations_in_radius": "['9th Street' '7th Street']", "stations_in_radius_dist_m": "[125.72 345.63]", "poi_cluster": "retail" }, "geometry": { "type": "Point", "coordinates": [ -80.8346557, 35.2286021 ] } },
{ "type": "Feature", "properties": { "osm_id": 13174801086, "name": "Vick's Vapor & Hub", "lat": 35.2253293, "lon": -80.8370858, "tags": { "name": "Vick's Vapor & Hub", "shop": "e-cigarette" }, "amenity": null, "shop": "e-cigarette", "leisure": null, "tourism": null, "office": null, "public_transport": null, "healthcare": null, "craft": null, "stations_in_radius": "['7th Street' 'CTC/Arena']", "stations_in_radius_dist_m": "[227.65 393.39]", "poi_cluster": "retail" }, "geometry": { "type": "Point", "coordinates": [ -80.8370858, 35.2253293 ] } },
{ "type": "Feature", "properties": { "osm_id": 13457166665, "name": "City Barbers at Uptown", "lat": 35.2268865, "lon": -80.8421351, "tags": { "hairdresser": "barber", "name": "City Barbers at Uptown", "shop": "hairdresser" }, "amenity": null, "shop": "hairdresser", "leisure": null, "tourism": null, "office": null, "public_transport": null, "healthcare": null, "craft": null, "stations_in_radius": "['CTC/Arena' '7th Street' '3rd St/Convention']", "stations_in_radius_dist_m": "[219.93 372.67 372.99]", "poi_cluster": "retail" }, "geometry": { "type": "Point", "coordinates": [ -80.8421351, 35.2268865 ] } },
{ "type": "Feature", "properties": { "osm_id": 13195260250, "name": null, "lat": 35.2235238, "lon": -80.8359505, "tags": { "leisure": "picnic_table" }, "amenity": null, "shop": null, "leisure": "picnic_table", "tourism": null, "office": null, "public_transport": null, "healthcare": null, "craft": null, "stations_in_radius": [ "7th Street" ], "stations_in_radius_dist_m": [ 452.63 ], "poi_cluster": "recreation" }, "geometry": { "type": "Point", "coordinates": [ -80.8359505, 35.2235238 ] } },
{ "type": "Feature", "properties": { "osm_id": 626310889, "name": null, "lat": 35.2261843, "lon": -80.8344854, "tags": { "leisure": "swimming_pool" }, "amenity": null, "shop": null, "leisure": "swimming_pool", "tourism": null, "office": null, "public_transport": null, "healthcare": null, "craft": null, "stations_in_radius": "['7th Street' '9th Street']", "stations_in_radius_dist_m": "[344.97 392.7 ]", "poi_cluster": "recreation" }, "geometry": { "type": "Point", "coordinates": [ -80.8344854, 35.2261843 ] } },
{ "type": "Feature", "properties": { "osm_id": 626310895, "name": null, "lat": 35.2259211, "lon": -80.834826, "tags": { "leisure": "playground" }, "amenity": null, "shop": null, "leisure": "playground", "tourism": null, "office": null, "public_transport": null, "healthcare": null, "craft": null, "stations_in_radius": "['7th Street' '9th Street']", "stations_in_radius_dist_m": "[327.66 419.38]", "poi_cluster": "recreation" }, "geometry": { "type": "Point", "coordinates": [ -80.834826, 35.2259211 ] } },
{ "type": "Feature", "properties": { "osm_id": 870437624, "name": null, "lat": 35.2278436, "lon": -80.8366386, "tags": { "access": "yes", "leisure": "playground", "playground:theme": "spiderweb" }, "amenity": null, "shop": null, "leisure": "playground", "tourism": null, "office": null, "public_transport": null, "healthcare": null, "craft": null, "stations_in_radius": "['7th Street' '9th Street']", "stations_in_radius_dist_m": "[146.67 254.2 ]", "poi_cluster": "recreation" }, "geometry": { "type": "Point", "coordinates": [ -80.8366386, 35.2278436 ] } },
{ "type": "Feature", "properties": { "osm_id": 870437625, "name": null, "lat": 35.2280165, "lon": -80.8364376, "tags": { "leisure": "fitness_station", "sport": "fitness" }, "amenity": null, "shop": null, "leisure": "fitness_station", "tourism": null, "office": null, "public_transport": null, "healthcare": null, "craft": null, "stations_in_radius": "['7th Street' '9th Street']", "stations_in_radius_dist_m": "[172.04 227.97]", "poi_cluster": "recreation" }, "geometry": { "type": "Point", "coordinates": [ -80.8364376, 35.2280165 ] } },
{ "type": "Feature", "properties": { "osm_id": 906171751, "name": null, "lat": 35.2270989, "lon": -80.840571, "tags": { "leisure": "garden" }, "amenity": null, "shop": null, "leisure": "garden", "tourism": null, "office": null, "public_transport": null, "healthcare": null, "craft": null, "stations_in_radius": "['7th Street' 'CTC/Arena' '3rd St/Convention']", "stations_in_radius_dist_m": "[228.89 244.41 448.34]", "poi_cluster": "recreation" }, "geometry": { "type": "Point", "coordinates": [ -80.840571, 35.2270989 ] } },
{ "type": "Feature", "properties": { "osm_id": 984713011, "name": null, "lat": 35.225684, "lon": -80.8384663, "tags": { "garden:type": "flowerbed", "leisure": "garden" }, "amenity": null, "shop": null, "leisure": "garden", "tourism": null, "office": null, "public_transport": null, "healthcare": null, "craft": null, "stations_in_radius": "['7th Street' 'CTC/Arena']", "stations_in_radius_dist_m": "[174.31 276.66]", "poi_cluster": "recreation" }, "geometry": { "type": "Point", "coordinates": [ -80.8384663, 35.225684 ] } },
{ "type": "Feature", "properties": { "osm_id": 984713025, "name": null, "lat": 35.2255296, "lon": -80.8404484, "tags": { "garden:type": "landscaping", "leisure": "garden" }, "amenity": null, "shop": null, "leisure": "garden", "tourism": null, "office": null, "public_transport": null, "healthcare": null, "craft": null, "stations_in_radius": "['CTC/Arena' '7th Street' '3rd St/Convention']", "stations_in_radius_dist_m": "[103.88 287.02 319.06]", "poi_cluster": "recreation" }, "geometry": { "type": "Point", "coordinates": [ -80.8404484, 35.2255296 ] } },
{ "type": "Feature", "properties": { "osm_id": 984713030, "name": null, "lat": 35.2259044, "lon": -80.8400663, "tags": { "garden:type": "landscaping", "leisure": "garden" }, "amenity": null, "shop": null, "leisure": "garden", "tourism": null, "office": null, "public_transport": null, "healthcare": null, "craft": null, "stations_in_radius": "['CTC/Arena' '7th Street']", "stations_in_radius_dist_m": "[156.75 233.71]", "poi_cluster": "recreation" }, "geometry": { "type": "Point", "coordinates": [ -80.8400663, 35.2259044 ] } },
{ "type": "Feature", "properties": { "osm_id": 1004213281, "name": null, "lat": 35.2282546, "lon": -80.8357149, "tags": { "leisure": "garden" }, "amenity": null, "shop": null, "leisure": "garden", "tourism": null, "office": null, "public_transport": null, "healthcare": null, "craft": null, "stations_in_radius": "['9th Street' '7th Street']", "stations_in_radius_dist_m": "[172.99 242.29]", "poi_cluster": "recreation" }, "geometry": { "type": "Point", "coordinates": [ -80.8357149, 35.2282546 ] } },
{ "type": "Feature", "properties": { "osm_id": 1004216938, "name": "First Ward Park", "lat": 35.2280879, "lon": -80.8361432, "tags": { "addr:city": "Charlotte", "addr:housenumber": "301", "addr:postcode": "28202", "addr:state": "NC", "addr:street": "East 7th Street", "leisure": "park", "name": "First Ward Park", "ownership": "county", "website": "https://www.mecknc.gov/ParkandRec/Parks/ParksByRegion/CentralRegion/Pages/FirstWard.aspx", "wikidata": "Q19868162", "wikipedia": "en:First Ward Park" }, "amenity": null, "shop": null, "leisure": "park", "tourism": null, "office": null, "public_transport": null, "healthcare": null, "craft": null, "stations_in_radius": "['7th Street' '9th Street']", "stations_in_radius_dist_m": "[199.22 206.85]", "poi_cluster": "recreation" }, "geometry": { "type": "Point", "coordinates": [ -80.8361432, 35.2280879 ] } },
{ "type": "Feature", "properties": { "osm_id": 1047474957, "name": null, "lat": 35.2289095, "lon": -80.8364762, "tags": { "access": "private", "layer": "1", "leisure": "swimming_pool", "lit": "yes", "location": "roof", "swimming_pool": "rooftop" }, "amenity": null, "shop": null, "leisure": "swimming_pool", "tourism": null, "office": null, "public_transport": null, "healthcare": null, "craft": null, "stations_in_radius": "['9th Street' '7th Street']", "stations_in_radius_dist_m": "[160.41 236.38]", "poi_cluster": "recreation" }, "geometry": { "type": "Point", "coordinates": [ -80.8364762, 35.2289095 ] } },
{ "type": "Feature", "properties": { "osm_id": 1047744377, "name": null, "lat": 35.2283536, "lon": -80.8341863, "tags": { "leisure": "playground" }, "amenity": null, "shop": null, "leisure": "playground", "tourism": null, "office": null, "public_transport": null, "healthcare": null, "craft": null, "stations_in_radius": "['9th Street' '7th Street']", "stations_in_radius_dist_m": "[166.67 374.25]", "poi_cluster": "recreation" }, "geometry": { "type": "Point", "coordinates": [ -80.8341863, 35.2283536 ] } },
{ "type": "Feature", "properties": { "osm_id": 1176275045, "name": null, "lat": 35.2262076, "lon": -80.842674, "tags": { "access": "customers", "leisure": "swimming_pool", "location": "roof" }, "amenity": null, "shop": null, "leisure": "swimming_pool", "tourism": null, "office": null, "public_transport": null, "healthcare": null, "craft": null, "stations_in_radius": "['CTC/Arena' '3rd St/Convention' '7th Street']", "stations_in_radius_dist_m": "[177.73 290.21 434.62]", "poi_cluster": "recreation" }, "geometry": { "type": "Point", "coordinates": [ -80.842674, 35.2262076 ] } },
{ "type": "Feature", "properties": { "osm_id": 1181513184, "name": null, "lat": 35.2294358, "lon": -80.8403309, "tags": { "leisure": "outdoor_seating", "operator": "Discovery Place" }, "amenity": null, "shop": null, "leisure": "outdoor_seating", "tourism": null, "office": null, "public_transport": null, "healthcare": null, "craft": null, "stations_in_radius": [ "7th Street" ], "stations_in_radius_dist_m": [ 321.07 ], "poi_cluster": "recreation" }, "geometry": { "type": "Point", "coordinates": [ -80.8403309, 35.2294358 ] } },
{ "type": "Feature", "properties": { "osm_id": 1181520572, "name": null, "lat": 35.2277873, "lon": -80.8360483, "tags": { "leisure": "playground", "surface": "artificial_turf" }, "amenity": null, "shop": null, "leisure": "playground", "tourism": null, "office": null, "public_transport": null, "healthcare": null, "craft": null, "stations_in_radius": "['7th Street' '9th Street']", "stations_in_radius_dist_m": "[193.57 232.58]", "poi_cluster": "recreation" }, "geometry": { "type": "Point", "coordinates": [ -80.8360483, 35.2277873 ] } },
{ "type": "Feature", "properties": { "osm_id": 1327048750, "name": null, "lat": 35.2283123, "lon": -80.8418003, "tags": { "garden:type": "landscaping", "leisure": "garden" }, "amenity": null, "shop": null, "leisure": "garden", "tourism": null, "office": null, "public_transport": null, "healthcare": null, "craft": null, "stations_in_radius": "['7th Street' 'CTC/Arena']", "stations_in_radius_dist_m": "[361.28 369.23]", "poi_cluster": "recreation" }, "geometry": { "type": "Point", "coordinates": [ -80.8418003, 35.2283123 ] } },
{ "type": "Feature", "properties": { "osm_id": 1327048756, "name": null, "lat": 35.2283063, "lon": -80.8416499, "tags": { "garden:type": "landscaping", "leisure": "garden" }, "amenity": null, "shop": null, "leisure": "garden", "tourism": null, "office": null, "public_transport": null, "healthcare": null, "craft": null, "stations_in_radius": "['7th Street' 'CTC/Arena']", "stations_in_radius_dist_m": "[348.18 367.43]", "poi_cluster": "recreation" }, "geometry": { "type": "Point", "coordinates": [ -80.8416499, 35.2283063 ] } },
{ "type": "Feature", "properties": { "osm_id": 1327048757, "name": null, "lat": 35.2283908, "lon": -80.8415266, "tags": { "garden:type": "landscaping", "leisure": "garden" }, "amenity": null, "shop": null, "leisure": "garden", "tourism": null, "office": null, "public_transport": null, "healthcare": null, "craft": null, "stations_in_radius": "['7th Street' 'CTC/Arena']", "stations_in_radius_dist_m": "[341.13 376.25]", "poi_cluster": "recreation" }, "geometry": { "type": "Point", "coordinates": [ -80.8415266, 35.2283908 ] } },
{ "type": "Feature", "properties": { "osm_id": 1327048758, "name": null, "lat": 35.2281486, "lon": -80.8418692, "tags": { "garden:type": "landscaping", "leisure": "garden" }, "amenity": null, "shop": null, "leisure": "garden", "tourism": null, "office": null, "public_transport": null, "healthcare": null, "craft": null, "stations_in_radius": "['CTC/Arena' '7th Street']", "stations_in_radius_dist_m": "[351.89 361.61]", "poi_cluster": "recreation" }, "geometry": { "type": "Point", "coordinates": [ -80.8418692, 35.2281486 ] } },
{ "type": "Feature", "properties": { "osm_id": 1327048759, "name": null, "lat": 35.2282073, "lon": -80.8417858, "tags": { "garden:type": "landscaping", "leisure": "garden" }, "amenity": null, "shop": null, "leisure": "garden", "tourism": null, "office": null, "public_transport": null, "healthcare": null, "craft": null, "stations_in_radius": "['7th Street' 'CTC/Arena']", "stations_in_radius_dist_m": "[356.28 357.51]", "poi_cluster": "recreation" }, "geometry": { "type": "Point", "coordinates": [ -80.8417858, 35.2282073 ] } },
{ "type": "Feature", "properties": { "osm_id": 1327048760, "name": null, "lat": 35.2284775, "lon": -80.8414045, "tags": { "garden:type": "landscaping", "leisure": "garden" }, "amenity": null, "shop": null, "leisure": "garden", "tourism": null, "office": null, "public_transport": null, "healthcare": null, "craft": null, "stations_in_radius": "['7th Street' 'CTC/Arena']", "stations_in_radius_dist_m": "[334.77 385.66]", "poi_cluster": "recreation" }, "geometry": { "type": "Point", "coordinates": [ -80.8414045, 35.2284775 ] } },
{ "type": "Feature", "properties": { "osm_id": 1327048761, "name": null, "lat": 35.2285666, "lon": -80.8412746, "tags": { "garden:type": "landscaping", "leisure": "garden" }, "amenity": null, "shop": null, "leisure": "garden", "tourism": null, "office": null, "public_transport": null, "healthcare": null, "craft": null, "stations_in_radius": "['7th Street' 'CTC/Arena']", "stations_in_radius_dist_m": "[328.44 395.68]", "poi_cluster": "recreation" }, "geometry": { "type": "Point", "coordinates": [ -80.8412746, 35.2285666 ] } },
{ "type": "Feature", "properties": { "osm_id": 1327048762, "name": null, "lat": 35.2286216, "lon": -80.84119, "tags": { "garden:type": "landscaping", "leisure": "garden" }, "amenity": null, "shop": null, "leisure": "garden", "tourism": null, "office": null, "public_transport": null, "healthcare": null, "craft": null, "stations_in_radius": "['7th Street' 'CTC/Arena']", "stations_in_radius_dist_m": "[324.48 402.05]", "poi_cluster": "recreation" }, "geometry": { "type": "Point", "coordinates": [ -80.84119, 35.2286216 ] } },
{ "type": "Feature", "properties": { "osm_id": 1327048763, "name": null, "lat": 35.2286774, "lon": -80.8411113, "tags": { "garden:type": "landscaping", "leisure": "garden" }, "amenity": null, "shop": null, "leisure": "garden", "tourism": null, "office": null, "public_transport": null, "healthcare": null, "craft": null, "stations_in_radius": "['7th Street' 'CTC/Arena']", "stations_in_radius_dist_m": "[321.28 408.61]", "poi_cluster": "recreation" }, "geometry": { "type": "Point", "coordinates": [ -80.8411113, 35.2286774 ] } },
{ "type": "Feature", "properties": { "osm_id": 1327048764, "name": null, "lat": 35.2287274, "lon": -80.8410415, "tags": { "garden:type": "landscaping", "leisure": "garden" }, "amenity": null, "shop": null, "leisure": "garden", "tourism": null, "office": null, "public_transport": null, "healthcare": null, "craft": null, "stations_in_radius": "['7th Street' 'CTC/Arena']", "stations_in_radius_dist_m": "[318.68 414.59]", "poi_cluster": "recreation" }, "geometry": { "type": "Point", "coordinates": [ -80.8410415, 35.2287274 ] } },
{ "type": "Feature", "properties": { "osm_id": 1425974465, "name": null, "lat": 35.2252271, "lon": -80.8337308, "tags": { "leisure": "playground" }, "amenity": null, "shop": null, "leisure": "playground", "tourism": null, "office": null, "public_transport": null, "healthcare": null, "craft": null, "stations_in_radius": [ "7th Street" ], "stations_in_radius_dist_m": [ 451.72 ], "poi_cluster": "recreation" }, "geometry": { "type": "Point", "coordinates": [ -80.8337308, 35.2252271 ] } },
{ "type": "Feature", "properties": { "osm_id": 1441928377, "name": null, "lat": 35.2287157, "lon": -80.8410925, "tags": { "leisure": "outdoor_seating" }, "amenity": null, "shop": null, "leisure": "outdoor_seating", "tourism": null, "office": null, "public_transport": null, "healthcare": null, "craft": null, "stations_in_radius": "['7th Street' 'CTC/Arena']", "stations_in_radius_dist_m": "[321.97 412.96]", "poi_cluster": "recreation" }, "geometry": { "type": "Point", "coordinates": [ -80.8410925, 35.2287157 ] } },
{ "type": "Feature", "properties": { "osm_id": 1848893643, "name": "Aloft Charlotte Uptown at the EpiCentre", "lat": 35.2254742, "lon": -80.8426764, "tags": { "brand": "Aloft", "brand:wikidata": "Q4734166", "name": "Aloft Charlotte Uptown at the EpiCentre", "tourism": "hotel" }, "amenity": null, "shop": null, "leisure": null, "tourism": "hotel", "office": null, "public_transport": null, "healthcare": null, "craft": null, "stations_in_radius": "['CTC/Arena' '3rd St/Convention' '7th Street']", "stations_in_radius_dist_m": "[128.33 209.67 462.56]", "poi_cluster": "tourism" }, "geometry": { "type": "Point", "coordinates": [ -80.8426764, 35.2254742 ] } },
{ "type": "Feature", "properties": { "osm_id": 5016558837, "name": "Queen Charlotte Walks in Her Garden", "lat": 35.227096, "lon": -80.840571, "tags": { "artist_name": "Bailey Graham Weathers, Jr.", "artwork_type": "statue", "material": "bronze", "name": "Queen Charlotte Walks in Her Garden", "source": "https://www.ncpedia.org/monument/queen-charlotte-walks-her", "start_date": "1989-01-26", "tourism": "artwork" }, "amenity": null, "shop": null, "leisure": null, "tourism": "artwork", "office": null, "public_transport": null, "healthcare": null, "craft": null, "stations_in_radius": "['7th Street' 'CTC/Arena' '3rd St/Convention']", "stations_in_radius_dist_m": "[228.91 244.1  448.06]", "poi_cluster": "tourism" }, "geometry": { "type": "Point", "coordinates": [ -80.840571, 35.227096 ] } },
{ "type": "Feature", "properties": { "osm_id": 9099545840, "name": "Bank of America Heritage Center", "lat": 35.2268915, "lon": -80.8420148, "tags": { "level": "0", "museum": "history", "name": "Bank of America Heritage Center", "tourism": "museum" }, "amenity": null, "shop": null, "leisure": null, "tourism": "museum", "office": null, "public_transport": null, "healthcare": null, "craft": null, "stations_in_radius": "['CTC/Arena' '7th Street' '3rd St/Convention']", "stations_in_radius_dist_m": "[217.34 361.72 376.14]", "poi_cluster": "tourism" }, "geometry": { "type": "Point", "coordinates": [ -80.8420148, 35.2268915 ] } },
{ "type": "Feature", "properties": { "osm_id": 9111862564, "name": "Residence Inn Charlotte City Center", "lat": 35.2251987, "lon": -80.8414272, "tags": { "addr:city": "Charlotte", "addr:housenumber": "220", "addr:postcode": "28202", "addr:state": "NC", "addr:street": "East Trade Street", "brand": "Residence Inn", "brand:wikidata": "Q7315394", "name": "Residence Inn Charlotte City Center", "official_name": "Residence Inn by Marriott", "tourism": "hotel" }, "amenity": null, "shop": null, "leisure": null, "tourism": "hotel", "office": null, "public_transport": null, "healthcare": null, "craft": null, "stations_in_radius": "['CTC/Arena' '3rd St/Convention' '7th Street']", "stations_in_radius_dist_m": "[ 22.29 230.48 379.66]", "poi_cluster": "tourism" }, "geometry": { "type": "Point", "coordinates": [ -80.8414272, 35.2251987 ] } },
{ "type": "Feature", "properties": { "osm_id": 9111862565, "name": "AC Hotel by Marriott Charlotte City Center", "lat": 35.2253154, "lon": -80.8414502, "tags": { "brand": "AC Hotel", "brand:wikidata": "Q5653536", "name": "AC Hotel by Marriott Charlotte City Center", "tourism": "hotel" }, "amenity": null, "shop": null, "leisure": null, "tourism": "hotel", "office": null, "public_transport": null, "healthcare": null, "craft": null, "stations_in_radius": "['CTC/Arena' '3rd St/Convention' '7th Street']", "stations_in_radius_dist_m": "[ 35.4  239.23 373.89]", "poi_cluster": "tourism" }, "geometry": { "type": "Point", "coordinates": [ -80.8414502, 35.2253154 ] } },
{ "type": "Feature", "properties": { "osm_id": 10972319445, "name": null, "lat": 35.2274875, "lon": -80.837637, "tags": { "artwork_type": "sculpture", "tourism": "artwork" }, "amenity": null, "shop": null, "leisure": null, "tourism": "artwork", "office": null, "public_transport": null, "healthcare": null, "craft": null, "stations_in_radius": "['7th Street' '9th Street']", "stations_in_radius_dist_m": "[ 48.6 343.2]", "poi_cluster": "tourism" }, "geometry": { "type": "Point", "coordinates": [ -80.837637, 35.2274875 ] } },
{ "type": "Feature", "properties": { "osm_id": 10972350831, "name": "Chandler The Chair Monster", "lat": 35.2284676, "lon": -80.8362248, "tags": { "artist_name": "David Furman", "artwork_type": "sculpture", "material": "wood", "name": "Chandler The Chair Monster", "tourism": "artwork" }, "amenity": null, "shop": null, "leisure": null, "tourism": "artwork", "office": null, "public_transport": null, "healthcare": null, "craft": null, "stations_in_radius": "['9th Street' '7th Street']", "stations_in_radius_dist_m": "[176.36 216.87]", "poi_cluster": "tourism" }, "geometry": { "type": "Point", "coordinates": [ -80.8362248, 35.2284676 ] } },
{ "type": "Feature", "properties": { "osm_id": 11076374515, "name": null, "lat": 35.2281791, "lon": -80.8352905, "tags": { "artwork_type": "sculpture", "tourism": "artwork" }, "amenity": null, "shop": null, "leisure": null, "tourism": "artwork", "office": null, "public_transport": null, "healthcare": null, "craft": null, "stations_in_radius": "['9th Street' '7th Street']", "stations_in_radius_dist_m": "[170.73 273.55]", "poi_cluster": "tourism" }, "geometry": { "type": "Point", "coordinates": [ -80.8352905, 35.2281791 ] } },
{ "type": "Feature", "properties": { "osm_id": 11092752314, "name": null, "lat": 35.2266951, "lon": -80.8388862, "tags": { "artwork_type": "sculpture", "tourism": "artwork" }, "amenity": null, "shop": null, "leisure": null, "tourism": "artwork", "office": null, "public_transport": null, "healthcare": null, "craft": null, "stations_in_radius": "['7th Street' 'CTC/Arena']", "stations_in_radius_dist_m": "[ 95.09 295.39]", "poi_cluster": "tourism" }, "geometry": { "type": "Point", "coordinates": [ -80.8388862, 35.2266951 ] } },
{ "type": "Feature", "properties": { "osm_id": 174231925, "name": "Discovery Place", "lat": 35.2296144, "lon": -80.8409227, "tags": { "addr:city": "Charlotte", "addr:housenumber": "301", "addr:postcode": "28202", "addr:state": "NC", "addr:street": "North Tryon Street", "building": "yes", "building:levels": "2", "fee": "yes", "height": "22", "name": "Discovery Place", "opening_hours": "Mo-Fr 9:30-16:30", "phone": "+1-704-372-6261", "tourism": "museum", "website": "https://discoveryplace.org/", "wheelchair": "yes", "wikidata": "Q5281960" }, "amenity": null, "shop": null, "leisure": null, "tourism": "museum", "office": null, "public_transport": null, "healthcare": null, "craft": null, "stations_in_radius": [ ], "stations_in_radius_dist_m": [ ], "poi_cluster": "tourism" }, "geometry": { "type": "Point", "coordinates": [ -80.8409227, 35.2296144 ] } },
{ "type": "Feature", "properties": { "osm_id": 380092604, "name": "The Ritz-Carlton, Charlotte", "lat": 35.2261491, "lon": -80.8414748, "tags": { "addr:city": "Charlotte", "addr:housenumber": "201", "addr:postcode": "28202", "addr:state": "NC", "addr:street": "East Trade Street", "brand": "The Ritz-Carlton", "brand:wikidata": "Q782200", "building": "yes", "height": "80", "name": "The Ritz-Carlton, Charlotte", "tourism": "hotel", "wikidata": "Q111394609" }, "amenity": null, "shop": null, "leisure": null, "tourism": "hotel", "office": null, "public_transport": null, "healthcare": null, "craft": null, "stations_in_radius": "['CTC/Arena' '3rd St/Convention' '7th Street']", "stations_in_radius_dist_m": "[127.67 316.39 332.67]", "poi_cluster": "tourism" }, "geometry": { "type": "Point", "coordinates": [ -80.8414748, 35.2261491 ] } },
{ "type": "Feature", "properties": { "osm_id": 398591589, "name": "Levine Museum of the New South", "lat": 35.2281955, "lon": -80.8387317, "tags": { "addr:city": "Charlotte", "addr:housenumber": "200", "addr:postcode": "28202", "addr:state": "NC", "addr:street": "East 7th Street", "building": "yes", "check_date": "2023-06-12", "fee": "no", "height": "12", "name": "Levine Museum of the New South", "opening_hours": "Tu-Fr 11:00-17:00; We 11:00-21:00; Sa 10:00-17:00; Su 12:00-17:00; PH off", "tourism": "museum", "website": "https://www.museumofthenewsouth.org/", "wikidata": "Q6535654" }, "amenity": null, "shop": null, "leisure": null, "tourism": "museum", "office": null, "public_transport": null, "healthcare": null, "craft": null, "stations_in_radius": "['7th Street' '9th Street' 'CTC/Arena']", "stations_in_radius_dist_m": "[124.26 378.35 429.07]", "poi_cluster": "tourism" }, "geometry": { "type": "Point", "coordinates": [ -80.8387317, 35.2281955 ] } },
{ "type": "Feature", "properties": { "osm_id": 398591600, "name": "The Dunhill Hotel", "lat": 35.2288901, "lon": -80.8411522, "tags": { "addr:city": "Charlotte", "addr:housenumber": "237", "addr:postcode": "28202", "addr:state": "NC", "addr:street": "North Tryon Street", "building": "yes", "height": "53", "name": "The Dunhill Hotel", "tourism": "hotel" }, "amenity": null, "shop": null, "leisure": null, "tourism": "hotel", "office": null, "public_transport": null, "healthcare": null, "craft": null, "stations_in_radius": "['7th Street' 'CTC/Arena']", "stations_in_radius_dist_m": "[336.87 431.96]", "poi_cluster": "tourism" }, "geometry": { "type": "Point", "coordinates": [ -80.8411522, 35.2288901 ] } },
{ "type": "Feature", "properties": { "osm_id": 484755656, "name": "SpringHill Suites Charlotte Uptown", "lat": 35.2264003, "lon": -80.8392279, "tags": { "addr:city": "Charlotte", "addr:housenumber": "311", "addr:postcode": "28202", "addr:state": "NC", "addr:street": "East 5th Street", "branch": "Charlotte City Center", "brand": "SpringHill Suites", "brand:wikidata": "Q7580351", "building": "yes", "height": "48", "internet_access": "yes", "name": "SpringHill Suites Charlotte Uptown", "official_name": "SpringHill Suites by Marriott", "operator": "Marriot", "phone": "+1 704-439-8100", "ref": "CLTSD", "rooms": "195", "smoking": "no", "tourism": "hotel", "website": "https://www.marriott.com/cltsd" }, "amenity": null, "shop": null, "leisure": null, "tourism": "hotel", "office": null, "public_transport": null, "healthcare": null, "craft": null, "stations_in_radius": "['7th Street' 'CTC/Arena']", "stations_in_radius_dist_m": "[139.85 250.65]", "poi_cluster": "tourism" }, "geometry": { "type": "Point", "coordinates": [ -80.8392279, 35.2264003 ] } },
{ "type": "Feature", "properties": { "osm_id": 500204487, "name": "Omni Charlotte Hotel", "lat": 35.2262153, "lon": -80.842852, "tags": { "addr:city": "Charlotte", "addr:housenumber": "132", "addr:postcode": "28202", "addr:state": "NC", "addr:street": "East Trade Street", "brand:wikidata": "Q7090329", "building": "yes", "height": "28", "internet_access": "yes", "name": "Omni Charlotte Hotel", "operator": "Omni Hotels & Resorts", "phone": "+1-704-377-0400", "tourism": "hotel", "website": "https://www.omnihotels.com/hotels/charlotte" }, "amenity": null, "shop": null, "leisure": null, "tourism": "hotel", "office": null, "public_transport": null, "healthcare": null, "craft": null, "stations_in_radius": "['CTC/Arena' '3rd St/Convention']", "stations_in_radius_dist_m": "[189.38 289.55]", "poi_cluster": "tourism" }, "geometry": { "type": "Point", "coordinates": [ -80.842852, 35.2262153 ] } },
{ "type": "Feature", "properties": { "osm_id": 500736208, "name": "Hyatt House Charlotte/Center City", "lat": 35.2241877, "lon": -80.8390722, "tags": { "addr:city": "Charlotte", "addr:housenumber": "435", "addr:postcode": "28202", "addr:state": "NC", "addr:street": "East Trade Street", "branch": "Charlotte/Center City", "brand": "Hyatt House", "brand:wikidata": "Q109292191", "building": "apartments", "building:levels": "16", "height": "17", "name": "Hyatt House Charlotte/Center City", "operator": "Hyatt", "phone": "+1 704-373-9700", "tourism": "hotel", "website": "https://www.hyatt.com/hyatt-house/en-us/cltxd-hyatt-house-charlotte-center-city" }, "amenity": null, "shop": null, "leisure": null, "tourism": "hotel", "office": null, "public_transport": null, "healthcare": null, "craft": null, "stations_in_radius": "['CTC/Arena' '7th Street' '3rd St/Convention']", "stations_in_radius_dist_m": "[229.36 348.67 368.51]", "poi_cluster": "tourism" }, "geometry": { "type": "Point", "coordinates": [ -80.8390722, 35.2241877 ] } },
{ "type": "Feature", "properties": { "osm_id": 500736212, "name": "Holiday Inn Center City", "lat": 35.2273392, "lon": -80.8401602, "tags": { "brand": "Holiday Inn", "brand:wikidata": "Q2717882", "building": "yes", "height": "60", "name": "Holiday Inn Center City", "tourism": "hotel", "wikidata": "Q111394610" }, "amenity": null, "shop": null, "leisure": null, "tourism": "hotel", "office": null, "public_transport": null, "healthcare": null, "craft": null, "stations_in_radius": "['7th Street' 'CTC/Arena']", "stations_in_radius_dist_m": "[191.57 282.53]", "poi_cluster": "tourism" }, "geometry": { "type": "Point", "coordinates": [ -80.8401602, 35.2273392 ] } },
{ "type": "Feature", "properties": { "osm_id": 984713014, "name": null, "lat": 35.225251, "lon": -80.8405025, "tags": { "area": "yes", "artist_name": "Andrew Leicester", "artwork_type": "installation", "height": "15", "tourism": "artwork" }, "amenity": null, "shop": null, "leisure": null, "tourism": "artwork", "office": null, "public_transport": null, "healthcare": null, "craft": null, "stations_in_radius": "['CTC/Arena' '3rd St/Convention' '7th Street']", "stations_in_radius_dist_m": "[ 85.43 295.44 311.59]", "poi_cluster": "tourism" }, "geometry": { "type": "Point", "coordinates": [ -80.8405025, 35.225251 ] } },
{ "type": "Feature", "properties": { "osm_id": 984713015, "name": null, "lat": 35.225304, "lon": -80.8405649, "tags": { "area": "yes", "artist_name": "Andrew Leicester", "artwork_type": "installation", "height": "15", "tourism": "artwork" }, "amenity": null, "shop": null, "leisure": null, "tourism": "artwork", "office": null, "public_transport": null, "healthcare": null, "craft": null, "stations_in_radius": "['CTC/Arena' '3rd St/Convention' '7th Street']", "stations_in_radius_dist_m": "[ 82.31 294.7  311.62]", "poi_cluster": "tourism" }, "geometry": { "type": "Point", "coordinates": [ -80.8405649, 35.225304 ] } },
{ "type": "Feature", "properties": { "osm_id": 984713016, "name": null, "lat": 35.2251962, "lon": -80.84044, "tags": { "area": "yes", "artist_name": "Andrew Leicester", "artwork_type": "installation", "height": "15", "tourism": "artwork" }, "amenity": null, "shop": null, "leisure": null, "tourism": "artwork", "office": null, "public_transport": null, "healthcare": null, "craft": null, "stations_in_radius": "['CTC/Arena' '3rd St/Convention' '7th Street']", "stations_in_radius_dist_m": "[ 89.15 296.3  311.9 ]", "poi_cluster": "tourism" }, "geometry": { "type": "Point", "coordinates": [ -80.84044, 35.2251962 ] } },
{ "type": "Feature", "properties": { "osm_id": 984713017, "name": null, "lat": 35.2251438, "lon": -80.840378, "tags": { "area": "yes", "artist_name": "Andrew Leicester", "artwork_type": "installation", "height": "15", "tourism": "artwork" }, "amenity": null, "shop": null, "leisure": null, "tourism": "artwork", "office": null, "public_transport": null, "healthcare": null, "craft": null, "stations_in_radius": "['CTC/Arena' '3rd St/Convention' '7th Street']", "stations_in_radius_dist_m": "[ 93.46 297.49 312.27]", "poi_cluster": "tourism" }, "geometry": { "type": "Point", "coordinates": [ -80.840378, 35.2251438 ] } },
{ "type": "Feature", "properties": { "osm_id": 985188329, "name": "The Ivey's Hotel", "lat": 35.2283618, "lon": -80.8426649, "tags": { "addr:city": "Charlotte", "addr:housenumber": "127", "addr:postcode": "28202", "addr:state": "NC", "addr:street": "North Tryon Street", "building": "yes", "name": "The Ivey's Hotel", "tourism": "hotel", "wikidata": "Q111394606" }, "amenity": null, "shop": null, "leisure": null, "tourism": "hotel", "office": null, "public_transport": null, "healthcare": null, "craft": null, "stations_in_radius": [ "CTC/Arena" ], "stations_in_radius_dist_m": [ 390.46 ], "poi_cluster": "tourism" }, "geometry": { "type": "Point", "coordinates": [ -80.8426649, 35.2283618 ] } },
{ "type": "Feature", "properties": { "osm_id": 1047474962, "name": "Homewood Suites by Hilton Charlotte Uptown First Ward", "lat": 35.2293848, "lon": -80.8371692, "tags": { "addr:city": "Charlotte", "addr:housenumber": "508", "addr:postcode": "28202", "addr:state": "NC", "addr:street": "North College Street", "brand": "Homewood Suites", "brand:wikidata": "Q5890701", "building": "yes", "name": "Homewood Suites by Hilton Charlotte Uptown First Ward", "official_name": "Homewood Suites by Hilton", "tourism": "hotel" }, "amenity": null, "shop": null, "leisure": null, "tourism": "hotel", "office": null, "public_transport": null, "healthcare": null, "craft": null, "stations_in_radius": "['9th Street' '7th Street']", "stations_in_radius_dist_m": "[200.46 253.39]", "poi_cluster": "tourism" }, "geometry": { "type": "Point", "coordinates": [ -80.8371692, 35.2293848 ] } },
{ "type": "Feature", "properties": { "osm_id": 1181519420, "name": null, "lat": 35.2291463, "lon": -80.8409757, "tags": { "artwork_type": "mural", "tourism": "artwork" }, "amenity": null, "shop": null, "leisure": null, "tourism": "artwork", "office": null, "public_transport": null, "healthcare": null, "craft": null, "stations_in_radius": "['7th Street' 'CTC/Arena']", "stations_in_radius_dist_m": "[340.64 461.37]", "poi_cluster": "tourism" }, "geometry": { "type": "Point", "coordinates": [ -80.8409757, 35.2291463 ] } },
{ "type": "Feature", "properties": { "osm_id": 1192647310, "name": null, "lat": 35.2292177, "lon": -80.8353718, "tags": { "artwork_type": "mural", "tourism": "artwork" }, "amenity": null, "shop": null, "leisure": null, "tourism": "artwork", "office": null, "public_transport": null, "healthcare": null, "craft": null, "stations_in_radius": "['9th Street' '7th Street']", "stations_in_radius_dist_m": "[ 63.29 330.03]", "poi_cluster": "tourism" }, "geometry": { "type": "Point", "coordinates": [ -80.8353718, 35.2292177 ] } },
{ "type": "Feature", "properties": { "osm_id": 1192647313, "name": "Bus Stop", "lat": 35.2267207, "lon": -80.8367246, "tags": { "artist_name": "Donald Justice", "artwork_type": "mural", "name": "Bus Stop", "tourism": "artwork" }, "amenity": null, "shop": null, "leisure": null, "tourism": "artwork", "office": null, "public_transport": null, "healthcare": null, "craft": null, "stations_in_radius": "['7th Street' '9th Street' 'CTC/Arena']", "stations_in_radius_dist_m": "[133.54 365.78 465.47]", "poi_cluster": "tourism" }, "geometry": { "type": "Point", "coordinates": [ -80.8367246, 35.2267207 ] } },
{ "type": "Feature", "properties": { "osm_id": 1193944321, "name": null, "lat": 35.2282442, "lon": -80.8379035, "tags": { "artwork_type": "mural", "tourism": "artwork" }, "amenity": null, "shop": null, "leisure": null, "tourism": "artwork", "office": null, "public_transport": null, "healthcare": null, "craft": null, "stations_in_radius": "['7th Street' '9th Street' 'CTC/Arena']", "stations_in_radius_dist_m": "[114.47 309.63 479.69]", "poi_cluster": "tourism" }, "geometry": { "type": "Point", "coordinates": [ -80.8379035, 35.2282442 ] } },
{ "type": "Feature", "properties": { "osm_id": 1193944322, "name": null, "lat": 35.2281892, "lon": -80.8379742, "tags": { "artwork_type": "mural", "tourism": "artwork" }, "amenity": null, "shop": null, "leisure": null, "tourism": "artwork", "office": null, "public_transport": null, "healthcare": null, "craft": null, "stations_in_radius": "['7th Street' '9th Street' 'CTC/Arena']", "stations_in_radius_dist_m": "[107.77 318.31 470.86]", "poi_cluster": "tourism" }, "geometry": { "type": "Point", "coordinates": [ -80.8379742, 35.2281892 ] } },
{ "type": "Feature", "properties": { "osm_id": 1193944323, "name": null, "lat": 35.2283763, "lon": -80.8376465, "tags": { "artwork_type": "mural", "tourism": "artwork" }, "amenity": null, "shop": null, "leisure": null, "tourism": "artwork", "office": null, "public_transport": null, "healthcare": null, "craft": null, "stations_in_radius": "['7th Street' '9th Street' 'CTC/Arena']", "stations_in_radius_dist_m": "[133.64 282.04 506.21]", "poi_cluster": "tourism" }, "geometry": { "type": "Point", "coordinates": [ -80.8376465, 35.2283763 ] } },
{ "type": "Feature", "properties": { "osm_id": 1193944324, "name": null, "lat": 35.2283325, "lon": -80.8382383, "tags": { "artwork_type": "mural", "tourism": "artwork" }, "amenity": null, "shop": null, "leisure": null, "tourism": "artwork", "office": null, "public_transport": null, "healthcare": null, "craft": null, "stations_in_radius": "['7th Street' '9th Street' 'CTC/Arena']", "stations_in_radius_dist_m": "[124.44 331.41 467.81]", "poi_cluster": "tourism" }, "geometry": { "type": "Point", "coordinates": [ -80.8382383, 35.2283325 ] } },
{ "type": "Feature", "properties": { "osm_id": 1193944325, "name": null, "lat": 35.2281514, "lon": -80.8380229, "tags": { "artwork_type": "mural", "tourism": "artwork" }, "amenity": null, "shop": null, "leisure": null, "tourism": "artwork", "office": null, "public_transport": null, "healthcare": null, "craft": null, "stations_in_radius": "['7th Street' '9th Street' 'CTC/Arena']", "stations_in_radius_dist_m": "[103.35 324.29 464.79]", "poi_cluster": "tourism" }, "geometry": { "type": "Point", "coordinates": [ -80.8380229, 35.2281514 ] } },
{ "type": "Feature", "properties": { "osm_id": 1193944326, "name": null, "lat": 35.2282201, "lon": -80.837878, "tags": { "artwork_type": "mural", "tourism": "artwork" }, "amenity": null, "shop": null, "leisure": null, "tourism": "artwork", "office": null, "public_transport": null, "healthcare": null, "craft": null, "stations_in_radius": "['7th Street' '9th Street' 'CTC/Arena']", "stations_in_radius_dist_m": "[112.14 309.07 479.24]", "poi_cluster": "tourism" }, "geometry": { "type": "Point", "coordinates": [ -80.837878, 35.2282201 ] } },
{ "type": "Feature", "properties": { "osm_id": 1193944327, "name": null, "lat": 35.2284645, "lon": -80.838124, "tags": { "artwork_type": "mural", "tourism": "artwork" }, "amenity": null, "shop": null, "leisure": null, "tourism": "artwork", "office": null, "public_transport": null, "healthcare": null, "craft": null, "stations_in_radius": "['7th Street' '9th Street' 'CTC/Arena']", "stations_in_radius_dist_m": "[138.14 315.57 485.75]", "poi_cluster": "tourism" }, "geometry": { "type": "Point", "coordinates": [ -80.838124, 35.2284645 ] } },
{ "type": "Feature", "properties": { "osm_id": 1193944328, "name": null, "lat": 35.2284418, "lon": -80.8377781, "tags": { "artwork_type": "mural", "tourism": "artwork" }, "amenity": null, "shop": null, "leisure": null, "tourism": "artwork", "office": null, "public_transport": null, "healthcare": null, "craft": null, "stations_in_radius": "['7th Street' '9th Street' 'CTC/Arena']", "stations_in_radius_dist_m": "[137.91 288.75 503.71]", "poi_cluster": "tourism" }, "geometry": { "type": "Point", "coordinates": [ -80.8377781, 35.2284418 ] } },
{ "type": "Feature", "properties": { "osm_id": 1193944329, "name": null, "lat": 35.2283855, "lon": -80.8376154, "tags": { "artwork_type": "mural", "tourism": "artwork" }, "amenity": null, "shop": null, "leisure": null, "tourism": "artwork", "office": null, "public_transport": null, "healthcare": null, "craft": null, "stations_in_radius": "['7th Street' '9th Street' 'CTC/Arena']", "stations_in_radius_dist_m": "[135.44 279.09 508.87]", "poi_cluster": "tourism" }, "geometry": { "type": "Point", "coordinates": [ -80.8376154, 35.2283855 ] } },
{ "type": "Feature", "properties": { "osm_id": 1193944330, "name": null, "lat": 35.2285435, "lon": -80.8378878, "tags": { "artwork_type": "mural", "tourism": "artwork" }, "amenity": null, "shop": null, "leisure": null, "tourism": "artwork", "office": null, "public_transport": null, "healthcare": null, "craft": null, "stations_in_radius": "['7th Street' '9th Street']", "stations_in_radius_dist_m": "[147.61 292.41]", "poi_cluster": "tourism" }, "geometry": { "type": "Point", "coordinates": [ -80.8378878, 35.2285435 ] } },
{ "type": "Feature", "properties": { "osm_id": 1193944331, "name": null, "lat": 35.2284106, "lon": -80.8377234, "tags": { "artwork_type": "mural", "tourism": "artwork" }, "amenity": null, "shop": null, "leisure": null, "tourism": "artwork", "office": null, "public_transport": null, "healthcare": null, "craft": null, "stations_in_radius": "['7th Street' '9th Street' 'CTC/Arena']", "stations_in_radius_dist_m": "[135.54 286.12 504.37]", "poi_cluster": "tourism" }, "geometry": { "type": "Point", "coordinates": [ -80.8377234, 35.2284106 ] } },
{ "type": "Feature", "properties": { "osm_id": 1193944332, "name": null, "lat": 35.228308, "lon": -80.8382268, "tags": { "artwork_type": "mural", "tourism": "artwork" }, "amenity": null, "shop": null, "leisure": null, "tourism": "artwork", "office": null, "public_transport": null, "healthcare": null, "craft": null, "stations_in_radius": "['7th Street' '9th Street' 'CTC/Arena']", "stations_in_radius_dist_m": "[121.61 331.74 466.31]", "poi_cluster": "tourism" }, "geometry": { "type": "Point", "coordinates": [ -80.8382268, 35.228308 ] } },
{ "type": "Feature", "properties": { "osm_id": 1193944333, "name": null, "lat": 35.2283217, "lon": -80.8382091, "tags": { "artwork_type": "mural", "tourism": "artwork" }, "amenity": null, "shop": null, "leisure": null, "tourism": "artwork", "office": null, "public_transport": null, "healthcare": null, "craft": null, "stations_in_radius": "['7th Street' '9th Street' 'CTC/Arena']", "stations_in_radius_dist_m": "[122.93 329.6  468.5 ]", "poi_cluster": "tourism" }, "geometry": { "type": "Point", "coordinates": [ -80.8382091, 35.2283217 ] } },
{ "type": "Feature", "properties": { "osm_id": 1195522522, "name": null, "lat": 35.2265807, "lon": -80.8365836, "tags": { "artwork_type": "mural", "tourism": "artwork" }, "amenity": null, "shop": null, "leisure": null, "tourism": "artwork", "office": null, "public_transport": null, "healthcare": null, "craft": null, "stations_in_radius": "['7th Street' '9th Street']", "stations_in_radius_dist_m": "[151.91 374.75]", "poi_cluster": "tourism" }, "geometry": { "type": "Point", "coordinates": [ -80.8365836, 35.2265807 ] } },
{ "type": "Feature", "properties": { "osm_id": 13234458, "name": "Flying Shuttles", "lat": 35.2252239, "lon": -80.8404714, "tags": { "artist_name": "Andrew Leicester", "artwork_type": "installation", "name": "Flying Shuttles", "tourism": "artwork", "type": "multipolygon" }, "amenity": null, "shop": null, "leisure": null, "tourism": "artwork", "office": null, "public_transport": null, "healthcare": null, "craft": null, "stations_in_radius": "['CTC/Arena' '3rd St/Convention' '7th Street']", "stations_in_radius_dist_m": "[ 87.2  295.85 311.7 ]", "poi_cluster": "tourism" }, "geometry": { "type": "Point", "coordinates": [ -80.8404714, 35.2252239 ] } },
{ "type": "Feature", "properties": { "osm_id": 10971338351, "name": "Allen Tate Realtors", "lat": 35.2287146, "lon": -80.8411676, "tags": { "name": "Allen Tate Realtors", "office": "estate_agent" }, "amenity": null, "shop": null, "leisure": null, "tourism": null, "office": "estate_agent", "public_transport": null, "healthcare": null, "craft": null, "stations_in_radius": "['7th Street' 'CTC/Arena']", "stations_in_radius_dist_m": "[327.78 412.45]", "poi_cluster": "office" }, "geometry": { "type": "Point", "coordinates": [ -80.8411676, 35.2287146 ] } },
{ "type": "Feature", "properties": { "osm_id": 1004213265, "name": "WFAE", "lat": 35.227736, "lon": -80.8373174, "tags": { "building": "yes", "height": "10", "name": "WFAE", "office": "yes" }, "amenity": null, "shop": null, "leisure": null, "tourism": null, "office": "yes", "public_transport": null, "healthcare": null, "craft": null, "stations_in_radius": "['7th Street' '9th Street']", "stations_in_radius_dist_m": "[ 88.55 303.17]", "poi_cluster": "office" }, "geometry": { "type": "Point", "coordinates": [ -80.8373174, 35.227736 ] } },
{ "type": "Feature", "properties": { "osm_id": 1410822089, "name": "Foundation for the Carolinas", "lat": 35.2283813, "lon": -80.8410298, "tags": { "building": "yes", "height": "20", "name": "Foundation for the Carolinas", "office": "foundation" }, "amenity": null, "shop": null, "leisure": null, "tourism": null, "office": "foundation", "public_transport": null, "healthcare": null, "craft": null, "stations_in_radius": "['7th Street' 'CTC/Arena']", "stations_in_radius_dist_m": "[299.37 376.42]", "poi_cluster": "office" }, "geometry": { "type": "Point", "coordinates": [ -80.8410298, 35.2283813 ] } },
{ "type": "Feature", "properties": { "osm_id": 10965747079, "name": "Dr Steven C Moore & Associates", "lat": 35.2267933, "lon": -80.8422597, "tags": { "healthcare": "optometrist", "level": "1", "name": "Dr Steven C Moore & Associates" }, "amenity": null, "shop": null, "leisure": null, "tourism": null, "office": null, "public_transport": null, "healthcare": "optometrist", "craft": null, "stations_in_radius": "['CTC/Arena' '3rd St/Convention' '7th Street']", "stations_in_radius_dist_m": "[214.05 360.46 385.09]", "poi_cluster": "healthcare" }, "geometry": { "type": "Point", "coordinates": [ -80.8422597, 35.2267933 ] } },
{ "type": "Feature", "properties": { "osm_id": 12638766030, "name": "CoviLab", "lat": 35.2288068, "lon": -80.8343512, "tags": { "healthcare": "laboratory", "name": "CoviLab" }, "amenity": null, "shop": null, "leisure": null, "tourism": null, "office": null, "public_transport": null, "healthcare": "laboratory", "craft": null, "stations_in_radius": "['9th Street' '7th Street']", "stations_in_radius_dist_m": "[115.32 380.62]", "poi_cluster": "healthcare" }, "geometry": { "type": "Point", "coordinates": [ -80.8343512, 35.2288068 ] } },
{ "type": "Feature", "properties": { "osm_id": 1848893550, "name": "Fleming's", "lat": 35.225542, "lon": -80.8427582, "tags": { "addr:city": "Charlotte", "addr:housenumber": "210", "addr:postcode": "28202", "addr:state": "NC", "addr:street": "East Trade Street", "addr:unit": "Suite C-110", "amenity": "restaurant", "brand": "Fleming's", "brand:wikidata": "Q5458552", "cuisine": "steak_house", "name": "Fleming's", "official_name": "Fleming's Prime Steakhouse & Wine Bar" }, "amenity": "restaurant", "shop": null, "leisure": null, "tourism": null, "office": null, "public_transport": null, "healthcare": null, "craft": null, "stations_in_radius": "['CTC/Arena' '3rd St/Convention' '7th Street']", "stations_in_radius_dist_m": "[138.26 216.01 466.28]", "poi_cluster": "food" }, "geometry": { "type": "Point", "coordinates": [ -80.8427582, 35.225542 ] } },
{ "type": "Feature", "properties": { "osm_id": 1848893577, "name": "Basil Thai Cuisine", "lat": 35.2289353, "lon": -80.8427746, "tags": { "addr:city": "Charlotte", "addr:country": "US", "addr:housenumber": "210", "addr:postcode": "28202", "addr:state": "NC", "addr:street": "North Church Street", "amenity": "restaurant", "cuisine": "thai", "name": "Basil Thai Cuisine", "wheelchair": "yes" }, "amenity": "restaurant", "shop": null, "leisure": null, "tourism": null, "office": null, "public_transport": null, "healthcare": null, "craft": null, "stations_in_radius": [ "CTC/Arena" ], "stations_in_radius_dist_m": [ 454.25 ], "poi_cluster": "food" }, "geometry": { "type": "Point", "coordinates": [ -80.8427746, 35.2289353 ] } },
{ "type": "Feature", "properties": { "osm_id": 1848893622, "name": "Sea Grill Restaurant and Bar", "lat": 35.225726, "lon": -80.8422936, "tags": { "amenity": "restaurant", "name": "Sea Grill Restaurant and Bar" }, "amenity": "restaurant", "shop": null, "leisure": null, "tourism": null, "office": null, "public_transport": null, "healthcare": null, "craft": null, "stations_in_radius": "['CTC/Arena' '3rd St/Convention' '7th Street']", "stations_in_radius_dist_m": "[115.08 244.81 419.37]", "poi_cluster": "food" }, "geometry": { "type": "Point", "coordinates": [ -80.8422936, 35.225726 ] } },
{ "type": "Feature", "properties": { "osm_id": 1848893663, "name": "Caffe Siena", "lat": 35.2274313, "lon": -80.8400624, "tags": { "addr:city": "Charlotte", "addr:country": "US", "addr:housenumber": "230", "addr:postcode": "28202", "addr:state": "NC", "addr:street": "North College Street", "amenity": "restaurant", "cuisine": "italian", "name": "Caffe Siena" }, "amenity": "restaurant", "shop": null, "leisure": null, "tourism": null, "office": null, "public_transport": null, "healthcare": null, "craft": null, "stations_in_radius": "['7th Street' 'CTC/Arena']", "stations_in_radius_dist_m": "[183.72 295.46]", "poi_cluster": "food" }, "geometry": { "type": "Point", "coordinates": [ -80.8400624, 35.2274313 ] } },
{ "type": "Feature", "properties": { "osm_id": 1848893667, "name": "Fitzgerald's Irish Pub", "lat": 35.2269129, "lon": -80.8404682, "tags": { "addr:city": "Charlotte", "addr:country": "US", "addr:housenumber": "201", "addr:postcode": "28202", "addr:state": "NC", "addr:street": "East 5th Street", "amenity": "pub", "cuisine": "fish_and_chips", "name": "Fitzgerald's Irish Pub" }, "amenity": "pub", "shop": null, "leisure": null, "tourism": null, "office": null, "public_transport": null, "healthcare": null, "craft": null, "stations_in_radius": "['7th Street' 'CTC/Arena' '3rd St/Convention']", "stations_in_radius_dist_m": "[221.77 228.12 435.66]", "poi_cluster": "nightlife" }, "geometry": { "type": "Point", "coordinates": [ -80.8404682, 35.2269129 ] } },
{ "type": "Feature", "properties": { "osm_id": 3407575256, "name": "Starbucks", "lat": 35.2276002, "lon": -80.8427981, "tags": { "amenity": "cafe", "brand": "Starbucks", "brand:wikidata": "Q37158", "cost:coffee": "$1.75", "cuisine": "coffee_shop", "name": "Starbucks", "official_name": "Starbucks Coffee", "takeaway": "yes" }, "amenity": "cafe", "shop": null, "leisure": null, "tourism": null, "office": null, "public_transport": null, "healthcare": null, "craft": null, "stations_in_radius": [ "CTC/Arena" ], "stations_in_radius_dist_m": [ 315.55 ], "poi_cluster": "food" }, "geometry": { "type": "Point", "coordinates": [ -80.8427981, 35.2276002 ] } },
{ "type": "Feature", "properties": { "osm_id": 4001621937, "name": "McCormick & Schmick's", "lat": 35.226461, "lon": -80.8445484, "tags": { "amenity": "restaurant", "brand": "McCormick & Schmick's", "brand:wikidata": "Q6800562", "cuisine": "seafood;steak", "name": "McCormick & Schmick's" }, "amenity": "restaurant", "shop": null, "leisure": null, "tourism": null, "office": null, "public_transport": null, "healthcare": null, "craft": null, "stations_in_radius": "['CTC/Arena' '3rd St/Convention']", "stations_in_radius_dist_m": "[329.94 343.97]", "poi_cluster": "food" }, "geometry": { "type": "Point", "coordinates": [ -80.8445484, 35.226461 ] } },
{ "type": "Feature", "properties": { "osm_id": 4311889293, "name": "Dandelion Market", "lat": 35.228636, "lon": -80.8425072, "tags": { "addr:city": "Charlotte", "addr:country": "US", "addr:housenumber": "118", "addr:postcode": "28202", "addr:state": "NC", "addr:street": "West 5th Street", "amenity": "restaurant", "email": "info@thedandelionmarket.com", "name": "Dandelion Market", "opening_hours": "Mo-Fr 11:00-15:00, 16:00-23:00; Sa-Su 10:00-15:00, 16:00-23:00", "phone": "+1 704 333 7989", "website": "https://www.dandelionmarketcharlotte.com/" }, "amenity": "restaurant", "shop": null, "leisure": null, "tourism": null, "office": null, "public_transport": null, "healthcare": null, "craft": null, "stations_in_radius": [ "CTC/Arena" ], "stations_in_radius_dist_m": [ 415.85 ], "poi_cluster": "food" }, "geometry": { "type": "Point", "coordinates": [ -80.8425072, 35.228636 ] } },
{ "type": "Feature", "properties": { "osm_id": 4945133523, "name": "Panera Bread", "lat": 35.2248039, "lon": -80.8436326, "tags": { "addr:city": "Charlotte", "addr:country": "US", "addr:housenumber": "201", "addr:postcode": "28244", "addr:state": "NC", "addr:street": "South College Street", "addr:unit": "150", "amenity": "fast_food", "brand": "Panera Bread", "brand:wikidata": "Q7130852", "cuisine": "sandwich;bakery", "internet_access": "wlan", "name": "Panera Bread", "opening_hours": "Mo-Fr 07:00-17:00", "phone": "+1 704-998-2074", "short_name": "Panera", "takeaway": "yes", "website": "https://locations.panerabread.com/nc/charlotte/201-s-college-street.html" }, "amenity": "fast_food", "shop": null, "leisure": null, "tourism": null, "office": null, "public_transport": null, "healthcare": null, "craft": null, "stations_in_radius": "['3rd St/Convention' 'CTC/Arena']", "stations_in_radius_dist_m": "[142.29 205.24]", "poi_cluster": "food" }, "geometry": { "type": "Point", "coordinates": [ -80.8436326, 35.2248039 ] } },
{ "type": "Feature", "properties": { "osm_id": 5948979211, "name": "Nuvolé Rooftop Twenty Two", "lat": 35.2257161, "lon": -80.8409032, "tags": { "addr:city": "Charlotte", "addr:housenumber": "220", "addr:postcode": "28202", "addr:state": "NC", "addr:street": "East Trade Street", "addr:unit": "2200", "amenity": "bar", "name": "Nuvolé Rooftop Twenty Two", "smoking": "no" }, "amenity": "bar", "shop": null, "leisure": null, "tourism": null, "office": null, "public_transport": null, "healthcare": null, "craft": null, "stations_in_radius": "['CTC/Arena' '3rd St/Convention' '7th Street']", "stations_in_radius_dist_m": "[ 90.94 305.08 307.83]", "poi_cluster": "nightlife" }, "geometry": { "type": "Point", "coordinates": [ -80.8409032, 35.2257161 ] } },
{ "type": "Feature", "properties": { "osm_id": 6093389461, "name": null, "lat": 35.2246295, "lon": -80.8438235, "tags": { "amenity": "fountain" }, "amenity": "fountain", "shop": null, "leisure": null, "tourism": null, "office": null, "public_transport": null, "healthcare": null, "craft": null, "stations_in_radius": "['3rd St/Convention' 'CTC/Arena' 'Brooklyn Village']", "stations_in_radius_dist_m": "[132.71 225.23 457.72]", "poi_cluster": "recreation" }, "geometry": { "type": "Point", "coordinates": [ -80.8438235, 35.2246295 ] } },
{ "type": "Feature", "properties": { "osm_id": 6332298775, "name": "RedEye Diner", "lat": 35.2252054, "lon": -80.8421438, "tags": { "amenity": "restaurant", "name": "RedEye Diner" }, "amenity": "restaurant", "shop": null, "leisure": null, "tourism": null, "office": null, "public_transport": null, "healthcare": null, "craft": null, "stations_in_radius": "['CTC/Arena' '3rd St/Convention' '7th Street']", "stations_in_radius_dist_m": "[ 72.28 195.59 433.62]", "poi_cluster": "food" }, "geometry": { "type": "Point", "coordinates": [ -80.8421438, 35.2252054 ] } },
{ "type": "Feature", "properties": { "osm_id": 6376981600, "name": "Starbucks", "lat": 35.2222397, "lon": -80.8451394, "tags": { "addr:city": "Charlotte", "addr:housenumber": "501", "addr:postcode": "28202", "addr:state": "NC", "addr:street": "South College Street", "amenity": "cafe", "branch": "Charlotte Convention Center", "brand": "Starbucks", "brand:wikidata": "Q37158", "cuisine": "coffee_shop", "name": "Starbucks", "official_name": "Starbucks Coffee", "phone": "+1 704-339-6046", "ref": "8017", "takeaway": "yes", "website": "https://www.starbucks.com/store-locator/store/8017/charlotte-convention-center-501-s-college-st-charlotte-nc-282021827-us", "wheelchair": "yes" }, "amenity": "cafe", "shop": null, "leisure": null, "tourism": null, "office": null, "public_transport": null, "healthcare": null, "craft": null, "stations_in_radius": "['Brooklyn Village' '3rd St/Convention' 'CTC/Arena']", "stations_in_radius_dist_m": "[189.03 242.7  458.4 ]", "poi_cluster": "food" }, "geometry": { "type": "Point", "coordinates": [ -80.8451394, 35.2222397 ] } },
{ "type": "Feature", "properties": { "osm_id": 9099545837, "name": "Caribou Coffee", "lat": 35.226953, "lon": -80.8420991, "tags": { "amenity": "cafe", "brand": "Caribou Coffee", "brand:wikidata": "Q5039494", "cuisine": "coffee_shop", "level": "1", "name": "Caribou Coffee", "takeaway": "yes" }, "amenity": "cafe", "shop": null, "leisure": null, "tourism": null, "office": null, "public_transport": null, "healthcare": null, "craft": null, "stations_in_radius": "['CTC/Arena' '7th Street' '3rd St/Convention']", "stations_in_radius_dist_m": "[226.   368.75 380.91]", "poi_cluster": "food" }, "geometry": { "type": "Point", "coordinates": [ -80.8420991, 35.226953 ] } },
{ "type": "Feature", "properties": { "osm_id": 9099545838, "name": "Bank of America", "lat": 35.226847, "lon": -80.8422897, "tags": { "amenity": "bank", "atm": "yes", "brand": "Bank of America", "brand:wikidata": "Q487907", "drive_through": "no", "level": "0", "name": "Bank of America" }, "amenity": "bank", "shop": null, "leisure": null, "tourism": null, "office": null, "public_transport": null, "healthcare": null, "craft": null, "stations_in_radius": "['CTC/Arena' '3rd St/Convention' '7th Street']", "stations_in_radius_dist_m": "[220.59 365.77 387.12]", "poi_cluster": "errand" }, "geometry": { "type": "Point", "coordinates": [ -80.8422897, 35.226847 ] } },
{ "type": "Feature", "properties": { "osm_id": 9099545841, "name": "Aria Tuscan Grill", "lat": 35.2266313, "lon": -80.8421473, "tags": { "amenity": "restaurant", "cuisine": "italian", "level": "0", "name": "Aria Tuscan Grill", "website": "https://www.ariacharlotte.com/" }, "amenity": "restaurant", "shop": null, "leisure": null, "tourism": null, "office": null, "public_transport": null, "healthcare": null, "craft": null, "stations_in_radius": "['CTC/Arena' '3rd St/Convention' '7th Street']", "stations_in_radius_dist_m": "[193.59 345.2  377.63]", "poi_cluster": "food" }, "geometry": { "type": "Point", "coordinates": [ -80.8421473, 35.2266313 ] } },
{ "type": "Feature", "properties": { "osm_id": 9099545870, "name": "Mert's Heart And Soul", "lat": 35.2272922, "lon": -80.8402846, "tags": { "addr:city": "Charlotte", "addr:housenumber": "214", "addr:postcode": "28202", "addr:state": "NC", "addr:street": "North College Street", "amenity": "restaurant", "cuisine": "southern", "name": "Mert's Heart And Soul" }, "amenity": "restaurant", "shop": null, "leisure": null, "tourism": null, "office": null, "public_transport": null, "healthcare": null, "craft": null, "stations_in_radius": "['7th Street' 'CTC/Arena' '3rd St/Convention']", "stations_in_radius_dist_m": "[202.59 273.39 480.15]", "poi_cluster": "food" }, "geometry": { "type": "Point", "coordinates": [ -80.8402846, 35.2272922 ] } },
{ "type": "Feature", "properties": { "osm_id": 9099545873, "name": "Rooster's Wood-fired Kitchen", "lat": 35.2267108, "lon": -80.8409945, "tags": { "addr:city": "Charlotte", "addr:housenumber": "150", "addr:postcode": "28202", "addr:state": "NC", "addr:street": "North College Street", "amenity": "restaurant", "cuisine": "american", "name": "Rooster's Wood-fired Kitchen" }, "amenity": "restaurant", "shop": null, "leisure": null, "tourism": null, "office": null, "public_transport": null, "healthcare": null, "craft": null, "stations_in_radius": "['CTC/Arena' '7th Street' '3rd St/Convention']", "stations_in_radius_dist_m": "[193.11 272.94 391.9 ]", "poi_cluster": "food" }, "geometry": { "type": "Point", "coordinates": [ -80.8409945, 35.2267108 ] } },
{ "type": "Feature", "properties": { "osm_id": 9108307137, "name": "Qdoba", "lat": 35.2280328, "lon": -80.8421691, "tags": { "addr:city": "Charlotte", "addr:housenumber": "127", "addr:postcode": "28202", "addr:state": "NC", "addr:street": "North Tryon Street", "addr:unit": "2", "amenity": "fast_food", "branch": "North Tryon", "brand": "Qdoba", "brand:wikidata": "Q1363885", "cuisine": "mexican", "drive_through": "no", "name": "Qdoba", "official_name": "Qdoba Mexican Eats", "opening_hours": "10:30-22:00", "phone": "+1 704-295-4111", "takeaway": "yes", "website": "https://locations.qdoba.com/us/nc/charlotte/127-n-tryon-st.html" }, "amenity": "fast_food", "shop": null, "leisure": null, "tourism": null, "office": null, "public_transport": null, "healthcare": null, "craft": null, "stations_in_radius": "['CTC/Arena' '7th Street']", "stations_in_radius_dist_m": "[343.73 384.63]", "poi_cluster": "food" }, "geometry": { "type": "Point", "coordinates": [ -80.8421691, 35.2280328 ] } },
{ "type": "Feature", "properties": { "osm_id": 10254120669, "name": "Ri Ra", "lat": 35.22807, "lon": -80.8415397, "tags": { "amenity": "pub", "internet_access": "wlan", "internet_access:fee": "no", "name": "Ri Ra", "smoking": "no", "website": "https://rira.com/charlotte/" }, "amenity": "pub", "shop": null, "leisure": null, "tourism": null, "office": null, "public_transport": null, "healthcare": null, "craft": null, "stations_in_radius": "['7th Street' 'CTC/Arena']", "stations_in_radius_dist_m": "[330.38 340.74]", "poi_cluster": "nightlife" }, "geometry": { "type": "Point", "coordinates": [ -80.8415397, 35.22807 ] } },
{ "type": "Feature", "properties": { "osm_id": 10768573106, "name": "Coco and the Director", "lat": 35.2277041, "lon": -80.8433215, "tags": { "addr:city": "Charlotte", "addr:housenumber": "100", "addr:postcode": "28202", "addr:state": "NC", "addr:street": "West Trade Street", "amenity": "cafe", "cuisine": "coffee_shop", "level": "0", "name": "Coco and the Director", "not:brand:wikidata": "Q65084369", "phone": "+1-704-353-6003", "takeaway": "yes" }, "amenity": "cafe", "shop": null, "leisure": null, "tourism": null, "office": null, "public_transport": null, "healthcare": null, "craft": null, "stations_in_radius": "['CTC/Arena' '3rd St/Convention']", "stations_in_radius_dist_m": "[347.6  454.66]", "poi_cluster": "food" }, "geometry": { "type": "Point", "coordinates": [ -80.8433215, 35.2277041 ] } },
{ "type": "Feature", "properties": { "osm_id": 10965747074, "name": "McAlister's Deli", "lat": 35.2257979, "lon": -80.8432795, "tags": { "amenity": "restaurant", "brand": "McAlister's Deli", "brand:wikidata": "Q17020829", "cuisine": "sandwich", "level": "0", "name": "McAlister's Deli" }, "amenity": "restaurant", "shop": null, "leisure": null, "tourism": null, "office": null, "public_transport": null, "healthcare": null, "craft": null, "stations_in_radius": "['CTC/Arena' '3rd St/Convention']", "stations_in_radius_dist_m": "[193.38 243.46]", "poi_cluster": "food" }, "geometry": { "type": "Point", "coordinates": [ -80.8432795, 35.2257979 ] } },
{ "type": "Feature", "properties": { "osm_id": 10965747081, "name": "Uncle Maddio’s", "lat": 35.2258707, "lon": -80.8431879, "tags": { "amenity": "fast_food", "cuisine": "pizza", "level": "0", "name": "Uncle Maddio’s" }, "amenity": "fast_food", "shop": null, "leisure": null, "tourism": null, "office": null, "public_transport": null, "healthcare": null, "craft": null, "stations_in_radius": "['CTC/Arena' '3rd St/Convention']", "stations_in_radius_dist_m": "[189.98 250.98]", "poi_cluster": "food" }, "geometry": { "type": "Point", "coordinates": [ -80.8431879, 35.2258707 ] } },
{ "type": "Feature", "properties": { "osm_id": 10965747082, "name": "Starbucks", "lat": 35.2261949, "lon": -80.8429387, "tags": { "addr:city": "Charlotte", "addr:housenumber": "101", "addr:postcode": "28280", "addr:state": "NC", "addr:street": "South Tryon Street", "amenity": "cafe", "branch": "101 South Tryon", "brand": "Starbucks", "brand:wikidata": "Q37158", "cuisine": "coffee_shop", "level": "1", "name": "Starbucks", "official_name": "Starbucks Coffee", "phone": "+1 704-374-9519", "ref": "14918", "takeaway": "yes", "website": "https://www.starbucks.com/store-locator/store/14918/101-south-tryon-101-s-tryon-street-charlotte-nc-282800002-us" }, "amenity": "cafe", "shop": null, "leisure": null, "tourism": null, "office": null, "public_transport": null, "healthcare": null, "craft": null, "stations_in_radius": "['CTC/Arena' '3rd St/Convention']", "stations_in_radius_dist_m": "[193.45 286.88]", "poi_cluster": "food" }, "geometry": { "type": "Point", "coordinates": [ -80.8429387, 35.2261949 ] } },
{ "type": "Feature", "properties": { "osm_id": 10965747084, "name": "Chick-fil-A", "lat": 35.2259484, "lon": -80.8431228, "tags": { "addr:city": "Charlotte", "addr:housenumber": "101", "addr:postcode": "28280", "addr:state": "NC", "addr:street": "South Tryon Street", "addr:unit": "9 2 Bank", "amenity": "fast_food", "branch": "101 South Tryon Street", "brand": "Chick-fil-A", "brand:wikidata": "Q491516", "cuisine": "chicken", "delivery": "no", "drive_through": "no", "indoor_seating": "yes", "internet_access": "wlan", "level": "0", "name": "Chick-fil-A", "opening_hours": "Mo-Fr 07:00-16:00; Su off", "phone": "+1 704-344-0222", "ref": "00462", "takeaway": "yes", "website": "https://www.chick-fil-a.com/locations/nc/101-south-tryon-street" }, "amenity": "fast_food", "shop": null, "leisure": null, "tourism": null, "office": null, "public_transport": null, "healthcare": null, "craft": null, "stations_in_radius": "['CTC/Arena' '3rd St/Convention']", "stations_in_radius_dist_m": "[189.55 259.39]", "poi_cluster": "food" }, "geometry": { "type": "Point", "coordinates": [ -80.8431228, 35.2259484 ] } },
{ "type": "Feature", "properties": { "osm_id": 10968050746, "name": "Prohibition", "lat": 35.227991, "lon": -80.8416796, "tags": { "amenity": "bar", "name": "Prohibition" }, "amenity": "bar", "shop": null, "leisure": null, "tourism": null, "office": null, "public_transport": null, "healthcare": null, "craft": null, "stations_in_radius": "['CTC/Arena' '7th Street']", "stations_in_radius_dist_m": "[332.75 340.3 ]", "poi_cluster": "nightlife" }, "geometry": { "type": "Point", "coordinates": [ -80.8416796, 35.227991 ] } },
{ "type": "Feature", "properties": { "osm_id": 10968443160, "name": "The King’s Kitchen", "lat": 35.2279553, "lon": -80.844195, "tags": { "amenity": "restaurant", "cuisine": "southern;american", "name": "The King’s Kitchen" }, "amenity": "restaurant", "shop": null, "leisure": null, "tourism": null, "office": null, "public_transport": null, "healthcare": null, "craft": null, "stations_in_radius": [ "CTC/Arena" ], "stations_in_radius_dist_m": [ 415.42 ], "poi_cluster": "food" }, "geometry": { "type": "Point", "coordinates": [ -80.844195, 35.2279553 ] } },
{ "type": "Feature", "properties": { "osm_id": 10968443161, "name": "Church & Union", "lat": 35.2288036, "lon": -80.8430168, "tags": { "amenity": "restaurant", "name": "Church & Union" }, "amenity": "restaurant", "shop": null, "leisure": null, "tourism": null, "office": null, "public_transport": null, "healthcare": null, "craft": null, "stations_in_radius": [ "CTC/Arena" ], "stations_in_radius_dist_m": [ 447.04 ], "poi_cluster": "food" }, "geometry": { "type": "Point", "coordinates": [ -80.8430168, 35.2288036 ] } },
{ "type": "Feature", "properties": { "osm_id": 10968443162, "name": "Spoons", "lat": 35.2278444, "lon": -80.8440761, "tags": { "amenity": "fast_food", "cuisine": "fruit", "name": "Spoons" }, "amenity": "fast_food", "shop": null, "leisure": null, "tourism": null, "office": null, "public_transport": null, "healthcare": null, "craft": null, "stations_in_radius": [ "CTC/Arena" ], "stations_in_radius_dist_m": [ 399.07 ], "poi_cluster": "food" }, "geometry": { "type": "Point", "coordinates": [ -80.8440761, 35.2278444 ] } },
{ "type": "Feature", "properties": { "osm_id": 10971338340, "name": "Capital Grille", "lat": 35.228302, "lon": -80.8420829, "tags": { "amenity": "restaurant", "name": "Capital Grille" }, "amenity": "restaurant", "shop": null, "leisure": null, "tourism": null, "office": null, "public_transport": null, "healthcare": null, "craft": null, "stations_in_radius": "['CTC/Arena' '7th Street']", "stations_in_radius_dist_m": "[371.58 385.24]", "poi_cluster": "food" }, "geometry": { "type": "Point", "coordinates": [ -80.8420829, 35.228302 ] } },
{ "type": "Feature", "properties": { "osm_id": 10971338341, "name": "Truist", "lat": 35.228128, "lon": -80.8414529, "tags": { "amenity": "bank", "brand": "Truist", "brand:wikidata": "Q795486", "name": "Truist" }, "amenity": "bank", "shop": null, "leisure": null, "tourism": null, "office": null, "public_transport": null, "healthcare": null, "craft": null, "stations_in_radius": "['7th Street' 'CTC/Arena']", "stations_in_radius_dist_m": "[324.75 346.94]", "poi_cluster": "errand" }, "geometry": { "type": "Point", "coordinates": [ -80.8414529, 35.228128 ] } },
{ "type": "Feature", "properties": { "osm_id": 10971338342, "name": "Cicchetti", "lat": 35.2265155, "lon": -80.8419818, "tags": { "amenity": "restaurant", "cuisine": "italian", "name": "Cicchetti" }, "amenity": "restaurant", "shop": null, "leisure": null, "tourism": null, "office": null, "public_transport": null, "healthcare": null, "craft": null, "stations_in_radius": "['CTC/Arena' '3rd St/Convention' '7th Street']", "stations_in_radius_dist_m": "[176.49 336.83 365.33]", "poi_cluster": "food" }, "geometry": { "type": "Point", "coordinates": [ -80.8419818, 35.2265155 ] } },
{ "type": "Feature", "properties": { "osm_id": 10971338343, "name": "The Asbury", "lat": 35.2287475, "lon": -80.8411196, "tags": { "amenity": "restaurant", "name": "The Asbury" }, "amenity": "restaurant", "shop": null, "leisure": null, "tourism": null, "office": null, "public_transport": null, "healthcare": null, "craft": null, "stations_in_radius": "['7th Street' 'CTC/Arena']", "stations_in_radius_dist_m": "[325.9  416.33]", "poi_cluster": "food" }, "geometry": { "type": "Point", "coordinates": [ -80.8411196, 35.2287475 ] } },
{ "type": "Feature", "properties": { "osm_id": 10971338344, "name": "Skyview Dentistry", "lat": 35.2251624, "lon": -80.8418445, "tags": { "amenity": "dentist", "healthcare": "dentist", "level": "3", "name": "Skyview Dentistry", "phone": "+1 704 632 7700" }, "amenity": "dentist", "shop": null, "leisure": null, "tourism": null, "office": null, "public_transport": null, "healthcare": "dentist", "craft": null, "stations_in_radius": "['CTC/Arena' '3rd St/Convention' '7th Street']", "stations_in_radius_dist_m": "[ 45.11 204.63 413.13]", "poi_cluster": "healthcare" }, "geometry": { "type": "Point", "coordinates": [ -80.8418445, 35.2251624 ] } },
{ "type": "Feature", "properties": { "osm_id": 10971338345, "name": "The Local", "lat": 35.2277854, "lon": -80.8415385, "tags": { "amenity": "bar", "name": "The Local" }, "amenity": "bar", "shop": null, "leisure": null, "tourism": null, "office": null, "public_transport": null, "healthcare": null, "craft": null, "stations_in_radius": "['CTC/Arena' '7th Street']", "stations_in_radius_dist_m": "[309.2  322.69]", "poi_cluster": "nightlife" }, "geometry": { "type": "Point", "coordinates": [ -80.8415385, 35.2277854 ] } },
{ "type": "Feature", "properties": { "osm_id": 10971338346, "name": "204 North", "lat": 35.2280288, "lon": -80.8416252, "tags": { "amenity": "restaurant", "name": "204 North" }, "amenity": "restaurant", "shop": null, "leisure": null, "tourism": null, "office": null, "public_transport": null, "healthcare": null, "craft": null, "stations_in_radius": "['CTC/Arena' '7th Street']", "stations_in_radius_dist_m": "[336.58 336.6 ]", "poi_cluster": "food" }, "geometry": { "type": "Point", "coordinates": [ -80.8416252, 35.2280288 ] } },
{ "type": "Feature", "properties": { "osm_id": 10971338347, "name": "Retro Bar", "lat": 35.2279567, "lon": -80.8417233, "tags": { "addr:city": "Charlotte", "addr:housenumber": "200", "addr:postcode": "28202", "addr:state": "NC", "addr:street": "North Tryon Street", "amenity": "bar", "name": "Retro Bar", "website": "https://retrobarclt.com" }, "amenity": "bar", "shop": null, "leisure": null, "tourism": null, "office": null, "public_transport": null, "healthcare": null, "craft": null, "stations_in_radius": "['CTC/Arena' '7th Street']", "stations_in_radius_dist_m": "[329.3  343.22]", "poi_cluster": "nightlife" }, "geometry": { "type": "Point", "coordinates": [ -80.8417233, 35.2279567 ] } },
{ "type": "Feature", "properties": { "osm_id": 10971338349, "name": "Fifth Third Bank", "lat": 35.2286219, "lon": -80.8412861, "tags": { "amenity": "bank", "brand": "Fifth Third Bank", "brand:wikidata": "Q1411810", "name": "Fifth Third Bank", "short_name": "5/3 Bank" }, "amenity": "bank", "shop": null, "leisure": null, "tourism": null, "office": null, "public_transport": null, "healthcare": null, "craft": null, "stations_in_radius": "['7th Street' 'CTC/Arena']", "stations_in_radius_dist_m": "[332.2  401.78]", "poi_cluster": "errand" }, "geometry": { "type": "Point", "coordinates": [ -80.8412861, 35.2286219 ] } },
{ "type": "Feature", "properties": { "osm_id": 10971338350, "name": null, "lat": 35.2286257, "lon": -80.8412629, "tags": { "amenity": "atm", "brand": "Fifth Third Bank", "brand:wikidata": "Q1411810", "operator": "Fifth Third Bank", "operator:wikidata": "Q1411810", "short_name": "5/3 Bank" }, "amenity": "atm", "shop": null, "leisure": null, "tourism": null, "office": null, "public_transport": null, "healthcare": null, "craft": null, "stations_in_radius": "['7th Street' 'CTC/Arena']", "stations_in_radius_dist_m": "[330.53 402.26]", "poi_cluster": "public_services" }, "geometry": { "type": "Point", "coordinates": [ -80.8412629, 35.2286257 ] } },
{ "type": "Feature", "properties": { "osm_id": 11006244550, "name": "Starbucks", "lat": 35.2280688, "lon": -80.8445064, "tags": { "addr:city": "Charlotte", "addr:housenumber": "201", "addr:postcode": "28202", "addr:state": "NC", "addr:street": "West Trade Street", "amenity": "cafe", "branch": "Grand Bohemian Charlotte", "brand": "Starbucks", "brand:wikidata": "Q37158", "cuisine": "coffee_shop", "name": "Starbucks", "official_name": "Starbucks Coffee", "phone": "+1 704-372-1877", "ref": "1027954", "takeaway": "yes", "website": "https://www.starbucks.com/store-locator/store/1027954/grand-bohemian-charlotte-201-west-trade-street-charlotte-nc-28202-us" }, "amenity": "cafe", "shop": null, "leisure": null, "tourism": null, "office": null, "public_transport": null, "healthcare": null, "craft": null, "stations_in_radius": [ "CTC/Arena" ], "stations_in_radius_dist_m": [ 443. ], "poi_cluster": "food" }, "geometry": { "type": "Point", "coordinates": [ -80.8445064, 35.2280688 ] } },
{ "type": "Feature", "properties": { "osm_id": 11083113695, "name": "Jimmy John's", "lat": 35.2278406, "lon": -80.8395218, "tags": { "addr:city": "Charlotte", "addr:housenumber": "300", "addr:postcode": "28202", "addr:state": "NC", "addr:street": "North College Street", "addr:unit": "100", "amenity": "fast_food", "brand": "Jimmy John's", "brand:wikidata": "Q1689380", "cuisine": "sandwich", "name": "Jimmy John's", "official_name": "Jimmy John's Gourmet Sandwiches", "phone": "+1 980-819-5351", "takeaway": "yes", "website": "https://locations.jimmyjohns.com/nc/charlotte/sandwiches-4131.html" }, "amenity": "fast_food", "shop": null, "leisure": null, "tourism": null, "office": null, "public_transport": null, "healthcare": null, "craft": null, "stations_in_radius": "['7th Street' 'CTC/Arena' '9th Street']", "stations_in_radius_dist_m": "[149.77 357.97 460.25]", "poi_cluster": "food" }, "geometry": { "type": "Point", "coordinates": [ -80.8395218, 35.2278406 ] } },
{ "type": "Feature", "properties": { "osm_id": 11083113696, "name": "Sabor", "lat": 35.2277542, "lon": -80.8394499, "tags": { "amenity": "fast_food", "cuisine": "mexican", "name": "Sabor" }, "amenity": "fast_food", "shop": null, "leisure": null, "tourism": null, "office": null, "public_transport": null, "healthcare": null, "craft": null, "stations_in_radius": "['7th Street' 'CTC/Arena' '9th Street']", "stations_in_radius_dist_m": "[139.67 352.8  458.84]", "poi_cluster": "food" }, "geometry": { "type": "Point", "coordinates": [ -80.8394499, 35.2277542 ] } },
{ "type": "Feature", "properties": { "osm_id": 11098808614, "name": "Momo Station", "lat": 35.2276099, "lon": -80.8379741, "tags": { "amenity": "fast_food", "cuisine": "indian", "name": "Momo Station" }, "amenity": "fast_food", "shop": null, "leisure": null, "tourism": null, "office": null, "public_transport": null, "healthcare": null, "craft": null, "stations_in_radius": "['7th Street' '9th Street' 'CTC/Arena']", "stations_in_radius_dist_m": "[ 43.94 356.33 424.74]", "poi_cluster": "food" }, "geometry": { "type": "Point", "coordinates": [ -80.8379741, 35.2276099 ] } },
{ "type": "Feature", "properties": { "osm_id": 11098808615, "name": null, "lat": 35.2276524, "lon": -80.8379211, "tags": { "amenity": "fast_food", "cuisine": "juice" }, "amenity": "fast_food", "shop": null, "leisure": null, "tourism": null, "office": null, "public_transport": null, "healthcare": null, "craft": null, "stations_in_radius": "['7th Street' '9th Street' 'CTC/Arena']", "stations_in_radius_dist_m": "[ 49.59 349.6  431.48]", "poi_cluster": "food" }, "geometry": { "type": "Point", "coordinates": [ -80.8379211, 35.2276524 ] } },
{ "type": "Feature", "properties": { "osm_id": 11098808617, "name": null, "lat": 35.2276933, "lon": -80.8379652, "tags": { "amenity": "fast_food", "cuisine": "popcorn" }, "amenity": "fast_food", "shop": null, "leisure": null, "tourism": null, "office": null, "public_transport": null, "healthcare": null, "craft": null, "stations_in_radius": "['7th Street' '9th Street' 'CTC/Arena']", "stations_in_radius_dist_m": "[ 53.19 349.76 431.68]", "poi_cluster": "food" }, "geometry": { "type": "Point", "coordinates": [ -80.8379652, 35.2276933 ] } },
{ "type": "Feature", "properties": { "osm_id": 11360379000, "name": "Mortimer's Cafe & Pub", "lat": 35.225312, "lon": -80.8423109, "tags": { "amenity": "pub", "name": "Mortimer's Cafe & Pub", "smoking": "no" }, "amenity": "pub", "shop": null, "leisure": null, "tourism": null, "office": null, "public_transport": null, "healthcare": null, "craft": null, "stations_in_radius": "['CTC/Arena' '3rd St/Convention' '7th Street']", "stations_in_radius_dist_m": "[ 90.67 200.69 440.92]", "poi_cluster": "nightlife" }, "geometry": { "type": "Point", "coordinates": [ -80.8423109, 35.225312 ] } },
{ "type": "Feature", "properties": { "osm_id": 11360379001, "name": "Fuji Hibachi & Teriyaki", "lat": 35.2253941, "lon": -80.8424274, "tags": { "amenity": "restaurant", "cuisine": "japanese", "name": "Fuji Hibachi & Teriyaki" }, "amenity": "restaurant", "shop": null, "leisure": null, "tourism": null, "office": null, "public_transport": null, "healthcare": null, "craft": null, "stations_in_radius": "['CTC/Arena' '3rd St/Convention' '7th Street']", "stations_in_radius_dist_m": "[104.03 206.06 446.05]", "poi_cluster": "food" }, "geometry": { "type": "Point", "coordinates": [ -80.8424274, 35.2253941 ] } },
{ "type": "Feature", "properties": { "osm_id": 11360379002, "name": "STK Charlotte", "lat": 35.225131, "lon": -80.8431687, "tags": { "addr:city": "Charlotte", "addr:housenumber": "201", "addr:postcode": "28202", "addr:state": "NC", "addr:street": "South College Street", "amenity": "restaurant", "cuisine": "steak_house", "name": "STK Charlotte" }, "amenity": "restaurant", "shop": null, "leisure": null, "tourism": null, "office": null, "public_transport": null, "healthcare": null, "craft": null, "stations_in_radius": "['CTC/Arena' '3rd St/Convention']", "stations_in_radius_dist_m": "[162.51 168.97]", "poi_cluster": "food" }, "geometry": { "type": "Point", "coordinates": [ -80.8431687, 35.225131 ] } },
{ "type": "Feature", "properties": { "osm_id": 11360379003, "name": "Showmars", "lat": 35.2246682, "lon": -80.8434796, "tags": { "addr:city": "Charlotte", "addr:housenumber": "201", "addr:postcode": "28202", "addr:state": "NC", "addr:street": "South College Street", "amenity": "restaurant", "cuisine": "american;greek", "name": "Showmars", "opening_hours": "Mo-Fr 07:30-15:00" }, "amenity": "restaurant", "shop": null, "leisure": null, "tourism": null, "office": null, "public_transport": null, "healthcare": null, "craft": null, "stations_in_radius": "['3rd St/Convention' 'CTC/Arena']", "stations_in_radius_dist_m": "[123.41 193.68]", "poi_cluster": "food" }, "geometry": { "type": "Point", "coordinates": [ -80.8434796, 35.2246682 ] } },
{ "type": "Feature", "properties": { "osm_id": 11360440680, "name": "The Bella Ciao", "lat": 35.2261055, "lon": -80.8443458, "tags": { "amenity": "restaurant", "cuisine": "italian", "name": "The Bella Ciao" }, "amenity": "restaurant", "shop": null, "leisure": null, "tourism": null, "office": null, "public_transport": null, "healthcare": null, "craft": null, "stations_in_radius": "['CTC/Arena' '3rd St/Convention']", "stations_in_radius_dist_m": "[295.6  300.47]", "poi_cluster": "food" }, "geometry": { "type": "Point", "coordinates": [ -80.8443458, 35.2261055 ] } },
{ "type": "Feature", "properties": { "osm_id": 11809533805, "name": "Red Ginger", "lat": 35.2240341, "lon": -80.8455323, "tags": { "addr:city": "Charlotte", "addr:housenumber": "401", "addr:postcode": "28202", "addr:state": "NC", "addr:street": "South Tryon Street", "addr:unit": "Suite 130", "amenity": "restaurant", "cuisine": "japanese", "name": "Red Ginger", "phone": "+1-980-819-8837", "website": "https://www.redgingercharlotte.com" }, "amenity": "restaurant", "shop": null, "leisure": null, "tourism": null, "office": null, "public_transport": null, "healthcare": null, "craft": null, "stations_in_radius": "['3rd St/Convention' 'Brooklyn Village' 'CTC/Arena']", "stations_in_radius_dist_m": "[229.85 319.99 391.88]", "poi_cluster": "food" }, "geometry": { "type": "Point", "coordinates": [ -80.8455323, 35.2240341 ] } },
{ "type": "Feature", "properties": { "osm_id": 11820233869, "name": "The Public House", "lat": 35.2230184, "lon": -80.8426739, "tags": { "addr:postcode": "28202", "amenity": "pub", "cuisine": "american", "name": "The Public House", "phone": "+1-704-595-3091", "website": "https://thepublichouseclt.com/" }, "amenity": "pub", "shop": null, "leisure": null, "tourism": null, "office": null, "public_transport": null, "healthcare": null, "craft": null, "stations_in_radius": "['3rd St/Convention' 'CTC/Arena' 'Brooklyn Village']", "stations_in_radius_dist_m": "[ 74.42 248.89 428.18]", "poi_cluster": "nightlife" }, "geometry": { "type": "Point", "coordinates": [ -80.8426739, 35.2230184 ] } },
{ "type": "Feature", "properties": { "osm_id": 12063465479, "name": "Pisco", "lat": 35.2285344, "lon": -80.8424006, "tags": { "addr:housenumber": "116", "addr:postcode": "28202", "addr:street": "West 5th Street", "amenity": "restaurant", "cuisine": "peruvian", "name": "Pisco" }, "amenity": "restaurant", "shop": null, "leisure": null, "tourism": null, "office": null, "public_transport": null, "healthcare": null, "craft": null, "stations_in_radius": [ "CTC/Arena" ], "stations_in_radius_dist_m": [ 402.61 ], "poi_cluster": "food" }, "geometry": { "type": "Point", "coordinates": [ -80.8424006, 35.2285344 ] } },
{ "type": "Feature", "properties": { "osm_id": 12162148602, "name": "Stage Door Theater", "lat": 35.227029, "lon": -80.8411213, "tags": { "addr:housenumber": "155", "addr:postcode": "28202", "amenity": "theatre", "name": "Stage Door Theater", "outdoor_seating": "no" }, "amenity": "theatre", "shop": null, "leisure": null, "tourism": null, "office": null, "public_transport": null, "healthcare": null, "craft": null, "stations_in_radius": "['CTC/Arena' '7th Street' '3rd St/Convention']", "stations_in_radius_dist_m": "[226.34 279.38 418.2 ]", "poi_cluster": "recreation" }, "geometry": { "type": "Point", "coordinates": [ -80.8411213, 35.227029 ] } },
{ "type": "Feature", "properties": { "osm_id": 12277427942, "name": "Waterbean Coffee", "lat": 35.2260041, "lon": -80.8459563, "tags": { "amenity": "cafe", "cuisine": "coffee_shop", "name": "Waterbean Coffee" }, "amenity": "cafe", "shop": null, "leisure": null, "tourism": null, "office": null, "public_transport": null, "healthcare": null, "craft": null, "stations_in_radius": "['3rd St/Convention' 'CTC/Arena']", "stations_in_radius_dist_m": "[374.12 430.2 ]", "poi_cluster": "food" }, "geometry": { "type": "Point", "coordinates": [ -80.8459563, 35.2260041 ] } },
{ "type": "Feature", "properties": { "osm_id": 12421861670, "name": "Founders Hall Library", "lat": 35.2267345, "lon": -80.8422318, "tags": { "access": "yes", "addr:city": "Charlotte", "addr:county": "Mecklenburg", "addr:housenumber": "100", "addr:postcode": "28202", "addr:state": "NC", "addr:street": "North Tryon Street", "addr:unit": "Suite 290", "amenity": "library", "level": "1", "name": "Founders Hall Library", "nat_ref": "C-MECKLENBURG-FH", "opening_hours": "Mo-Fr 08:00-16:00", "operator": "Charlotte Mecklenburg Library", "operator:type": "public", "phone": "+1 704-416-0300", "website": "https://www.foundershallevents.com/" }, "amenity": "library", "shop": null, "leisure": null, "tourism": null, "office": null, "public_transport": null, "healthcare": null, "craft": null, "stations_in_radius": "['CTC/Arena' '3rd St/Convention' '7th Street']", "stations_in_radius_dist_m": "[207.05 354.61 383.43]", "poi_cluster": "errand" }, "geometry": { "type": "Point", "coordinates": [ -80.8422318, 35.2267345 ] } },
{ "type": "Feature", "properties": { "osm_id": 12445662589, "name": null, "lat": 35.2239225, "lon": -80.8396062, "tags": { "addr:housenumber": "420", "addr:street": "East Trade Street", "amenity": "atm", "check_date": "2026-01-19", "covered": "yes", "currency:USD": "yes", "drive_through": "no", "indoor": "yes", "lit": "yes", "note": "ATM is located inside of Midnight Diner", "opening_hours": "24/7", "wheelchair": "yes" }, "amenity": "atm", "shop": null, "leisure": null, "tourism": null, "office": null, "public_transport": null, "healthcare": null, "craft": null, "stations_in_radius": "['CTC/Arena' '3rd St/Convention' '7th Street']", "stations_in_radius_dist_m": "[201.57 316.21 391.83]", "poi_cluster": "public_services" }, "geometry": { "type": "Point", "coordinates": [ -80.8396062, 35.2239225 ] } },
{ "type": "Feature", "properties": { "osm_id": 12861779392, "name": "Sweetgreen", "lat": 35.2274448, "lon": -80.8430586, "tags": { "amenity": "fast_food", "brand": "Sweetgreen", "brand:wikidata": "Q18636413", "cuisine": "salad", "name": "Sweetgreen", "takeaway": "yes" }, "amenity": "fast_food", "shop": null, "leisure": null, "tourism": null, "office": null, "public_transport": null, "healthcare": null, "craft": null, "stations_in_radius": "['CTC/Arena' '3rd St/Convention']", "stations_in_radius_dist_m": "[310.75 425.28]", "poi_cluster": "food" }, "geometry": { "type": "Point", "coordinates": [ -80.8430586, 35.2274448 ] } },
{ "type": "Feature", "properties": { "osm_id": 12963151031, "name": "Grace Zion Church", "lat": 35.2232018, "lon": -80.8417435, "tags": { "amenity": "place_of_worship", "name": "Grace Zion Church", "religion": "christian" }, "amenity": "place_of_worship", "shop": null, "leisure": null, "tourism": null, "office": null, "public_transport": null, "healthcare": null, "craft": null, "stations_in_radius": "['3rd St/Convention' 'CTC/Arena' 'Brooklyn Village']", "stations_in_radius_dist_m": "[128.07 202.   513.82]", "poi_cluster": "public_services" }, "geometry": { "type": "Point", "coordinates": [ -80.8417435, 35.2232018 ] } },
{ "type": "Feature", "properties": { "osm_id": 12963730452, "name": "Carolina Theater", "lat": 35.2283899, "lon": -80.8407086, "tags": { "addr:city": "Charlotte", "addr:housenumber": "230", "addr:postcode": "28202", "addr:state": "NC", "addr:street": "North Tryon Street", "amenity": "theatre", "name": "Carolina Theater", "website": "https://www.thecarolina.com" }, "amenity": "theatre", "shop": null, "leisure": null, "tourism": null, "office": null, "public_transport": null, "healthcare": null, "craft": null, "stations_in_radius": "['7th Street' 'CTC/Arena']", "stations_in_radius_dist_m": "[273.72 381.02]", "poi_cluster": "recreation" }, "geometry": { "type": "Point", "coordinates": [ -80.8407086, 35.2283899 ] } },
{ "type": "Feature", "properties": { "osm_id": 12963730453, "name": "Belk Place", "lat": 35.2285313, "lon": -80.8408519, "tags": { "amenity": "community_centre", "community_centre": "community_hall", "name": "Belk Place" }, "amenity": "community_centre", "shop": null, "leisure": null, "tourism": null, "office": null, "public_transport": null, "healthcare": null, "craft": null, "stations_in_radius": "['7th Street' 'CTC/Arena']", "stations_in_radius_dist_m": "[292.73 394.67]", "poi_cluster": "recreation" }, "geometry": { "type": "Point", "coordinates": [ -80.8408519, 35.2285313 ] } },
{ "type": "Feature", "properties": { "osm_id": 12986984801, "name": "Cowbell Burger & Whiskey Bar", "lat": 35.2284562, "lon": -80.8422815, "tags": { "addr:city": "Charlotte", "addr:housenumber": "201", "addr:postcode": "28202", "addr:state": "NC", "addr:street": "North Tryon Street", "amenity": "bar", "cuisine": "burger", "name": "Cowbell Burger & Whiskey Bar", "website": "https://eatmorecowbell.com" }, "amenity": "bar", "shop": null, "leisure": null, "tourism": null, "office": null, "public_transport": null, "healthcare": null, "craft": null, "stations_in_radius": [ "CTC/Arena" ], "stations_in_radius_dist_m": [ 391.79 ], "poi_cluster": "nightlife" }, "geometry": { "type": "Point", "coordinates": [ -80.8422815, 35.2284562 ] } },
{ "type": "Feature", "properties": { "osm_id": 13107735343, "name": "Halal Food Cart", "lat": 35.2272259, "lon": -80.8428838, "tags": { "amenity": "restaurant", "cuisine": "mediterranean", "name": "Halal Food Cart", "opening_hours": "Mo-Su 10:00-03:00", "phone": "+1-516-884-2818" }, "amenity": "restaurant", "shop": null, "leisure": null, "tourism": null, "office": null, "public_transport": null, "healthcare": null, "craft": null, "stations_in_radius": "['CTC/Arena' '3rd St/Convention']", "stations_in_radius_dist_m": "[281.81 401.33]", "poi_cluster": "food" }, "geometry": { "type": "Point", "coordinates": [ -80.8428838, 35.2272259 ] } },
{ "type": "Feature", "properties": { "osm_id": 13174801087, "name": "Brooklyn Lounge", "lat": 35.2253157, "lon": -80.837249, "tags": { "amenity": "nightclub", "name": "Brooklyn Lounge" }, "amenity": "nightclub", "shop": null, "leisure": null, "tourism": null, "office": null, "public_transport": null, "healthcare": null, "craft": null, "stations_in_radius": "['7th Street' 'CTC/Arena']", "stations_in_radius_dist_m": "[223.71 378.46]", "poi_cluster": "nightlife" }, "geometry": { "type": "Point", "coordinates": [ -80.837249, 35.2253157 ] } },
{ "type": "Feature", "properties": { "osm_id": 13230735735, "name": "Stoke", "lat": 35.2279326, "lon": -80.8432371, "tags": { "amenity": "restaurant", "name": "Stoke" }, "amenity": "restaurant", "shop": null, "leisure": null, "tourism": null, "office": null, "public_transport": null, "healthcare": null, "craft": null, "stations_in_radius": [ "CTC/Arena" ], "stations_in_radius_dist_m": [ 366.09 ], "poi_cluster": "food" }, "geometry": { "type": "Point", "coordinates": [ -80.8432371, 35.2279326 ] } },
{ "type": "Feature", "properties": { "osm_id": 13240558938, "name": "ACE No. 3", "lat": 35.2266363, "lon": -80.8435395, "tags": { "addr:city": "Charlotte", "addr:housenumber": "101", "addr:postcode": "28280", "addr:state": "NC", "addr:street": "South Tryon Street", "amenity": "fast_food", "cuisine": "burger", "name": "ACE No. 3" }, "amenity": "fast_food", "shop": null, "leisure": null, "tourism": null, "office": null, "public_transport": null, "healthcare": null, "craft": null, "stations_in_radius": "['CTC/Arena' '3rd St/Convention']", "stations_in_radius_dist_m": "[266.82 338.44]", "poi_cluster": "food" }, "geometry": { "type": "Point", "coordinates": [ -80.8435395, 35.2266363 ] } },
{ "type": "Feature", "properties": { "osm_id": 13332382769, "name": "Arbol Eatery", "lat": 35.2284271, "lon": -80.8453032, "tags": { "amenity": "restaurant", "name": "Arbol Eatery", "website": "https://arboleatery.com/" }, "amenity": "restaurant", "shop": null, "leisure": null, "tourism": null, "office": null, "public_transport": null, "healthcare": null, "craft": null, "stations_in_radius": [ "CTC/Arena" ], "stations_in_radius_dist_m": [ 520.82 ], "poi_cluster": "food" }, "geometry": { "type": "Point", "coordinates": [ -80.8453032, 35.2284271 ] } },
{ "type": "Feature", "properties": { "osm_id": 13457166631, "name": "Night Swim Coffee", "lat": 35.2242077, "lon": -80.844575, "tags": { "amenity": "cafe", "cuisine": "coffee_shop", "level": "1", "name": "Night Swim Coffee" }, "amenity": "cafe", "shop": null, "leisure": null, "tourism": null, "office": null, "public_transport": null, "healthcare": null, "craft": null, "stations_in_radius": "['3rd St/Convention' 'CTC/Arena' 'Brooklyn Village']", "stations_in_radius_dist_m": "[152.98 302.87 379.43]", "poi_cluster": "food" }, "geometry": { "type": "Point", "coordinates": [ -80.844575, 35.2242077 ] } },
{ "type": "Feature", "properties": { "osm_id": 13457166632, "name": "Smoothie King", "lat": 35.2241715, "lon": -80.8446711, "tags": { "amenity": "fast_food", "brand": "Smoothie King", "brand:wikidata": "Q5491421", "cuisine": "juice", "level": "1", "name": "Smoothie King", "takeaway": "yes" }, "amenity": "fast_food", "shop": null, "leisure": null, "tourism": null, "office": null, "public_transport": null, "healthcare": null, "craft": null, "stations_in_radius": "['3rd St/Convention' 'CTC/Arena' 'Brooklyn Village']", "stations_in_radius_dist_m": "[159.29 312.4  371.2 ]", "poi_cluster": "food" }, "geometry": { "type": "Point", "coordinates": [ -80.8446711, 35.2241715 ] } },
{ "type": "Feature", "properties": { "osm_id": 13457166648, "name": "Krazy Curry Express", "lat": 35.2257792, "lon": -80.843165, "tags": { "amenity": "restaurant", "cuisine": "indian", "level": "0", "name": "Krazy Curry Express" }, "amenity": "restaurant", "shop": null, "leisure": null, "tourism": null, "office": null, "public_transport": null, "healthcare": null, "craft": null, "stations_in_radius": "['CTC/Arena' '3rd St/Convention']", "stations_in_radius_dist_m": "[183.19 240.76]", "poi_cluster": "food" }, "geometry": { "type": "Point", "coordinates": [ -80.843165, 35.2257792 ] } },
{ "type": "Feature", "properties": { "osm_id": 13457166649, "name": "Just Fresh", "lat": 35.2258399, "lon": -80.8430735, "tags": { "amenity": "restaurant", "cuisine": "juice;salad;soup;sandwich;breakfast", "level": "0", "name": "Just Fresh" }, "amenity": "restaurant", "shop": null, "leisure": null, "tourism": null, "office": null, "public_transport": null, "healthcare": null, "craft": null, "stations_in_radius": "['CTC/Arena' '3rd St/Convention']", "stations_in_radius_dist_m": "[179.29 247.3 ]", "poi_cluster": "food" }, "geometry": { "type": "Point", "coordinates": [ -80.8430735, 35.2258399 ] } },
{ "type": "Feature", "properties": { "osm_id": 13457166652, "name": "Energy Cafe", "lat": 35.2260525, "lon": -80.8428241, "tags": { "amenity": "fast_food", "cuisine": "sandwich", "name": "Energy Cafe" }, "amenity": "fast_food", "shop": null, "leisure": null, "tourism": null, "office": null, "public_transport": null, "healthcare": null, "craft": null, "stations_in_radius": "['CTC/Arena' '3rd St/Convention']", "stations_in_radius_dist_m": "[175.09 271.72]", "poi_cluster": "food" }, "geometry": { "type": "Point", "coordinates": [ -80.8428241, 35.2260525 ] } },
{ "type": "Feature", "properties": { "osm_id": 13457166666, "name": "USPS", "lat": 35.226797, "lon": -80.8420988, "tags": { "amenity": "post_office", "level": "1", "name": "USPS", "operator": "United States Postal Service", "operator:short": "USPS", "operator:type": "public", "operator:wikidata": "Q668687" }, "amenity": "post_office", "shop": null, "leisure": null, "tourism": null, "office": null, "public_transport": null, "healthcare": null, "craft": null, "stations_in_radius": "['CTC/Arena' '3rd St/Convention' '7th Street']", "stations_in_radius_dist_m": "[209.47 364.1  370.51]", "poi_cluster": "errand" }, "geometry": { "type": "Point", "coordinates": [ -80.8420988, 35.226797 ] } },
{ "type": "Feature", "properties": { "osm_id": 48908467, "name": "Charlotte Transportation Center", "lat": 35.2244978, "lon": -80.8410525, "tags": { "amenity": "bus_station", "building": "yes", "bus": "yes", "height": "30", "name": "Charlotte Transportation Center", "operator": "Charlotte Area Transit System", "public_transport": "station" }, "amenity": "bus_station", "shop": null, "leisure": null, "tourism": null, "office": null, "public_transport": "station", "healthcare": null, "craft": null, "stations_in_radius": "['CTC/Arena' '3rd St/Convention']", "stations_in_radius_dist_m": "[ 63.6  207.53]", "poi_cluster": "public_services" }, "geometry": { "type": "Point", "coordinates": [ -80.8410525, 35.2244978 ] } },
{ "type": "Feature", "properties": { "osm_id": 131139730, "name": "Federal Reserve Bank", "lat": 35.2228239, "lon": -80.8390124, "tags": { "addr:city": "Charlotte", "addr:housenumber": "530", "addr:postcode": "28202", "addr:state": "NC", "addr:street": "East Trade Street", "amenity": "bank", "atm": "no", "building": "office", "drive_through": "no", "government": "yes", "height": "36", "name": "Federal Reserve Bank", "operator": "United States of America", "website": "https://www.richmondfed.org/about_us/visit_us/locations/charlotte", "wikidata": "Q5440387" }, "amenity": "bank", "shop": null, "leisure": null, "tourism": null, "office": null, "public_transport": null, "healthcare": null, "craft": null, "stations_in_radius": [ ], "stations_in_radius_dist_m": [ ], "poi_cluster": "errand" }, "geometry": { "type": "Point", "coordinates": [ -80.8390124, 35.2228239 ] } },
{ "type": "Feature", "properties": { "osm_id": 239813217, "name": "Charlotte Convention Center", "lat": 35.2220913, "lon": -80.84533, "tags": { "addr:state": "NC", "amenity": "conference_centre", "building": "yes", "ele": "227", "gnis:feature_id": "2025493", "height": "23", "layer": "1", "name": "Charlotte Convention Center", "source": "USGS Geonames", "wikidata": "Q5085885" }, "amenity": "conference_centre", "shop": null, "leisure": null, "tourism": null, "office": null, "public_transport": null, "healthcare": null, "craft": null, "stations_in_radius": "['Brooklyn Village' '3rd St/Convention']", "stations_in_radius_dist_m": "[165.88 266.54]", "poi_cluster": "office" }, "geometry": { "type": "Point", "coordinates": [ -80.84533, 35.2220913 ] } },
{ "type": "Feature", "properties": { "osm_id": 322278241, "name": "Charlotte City Hall", "lat": 35.2220888, "lon": -80.8381699, "tags": { "amenity": "townhall", "building": "yes", "height": "23", "name": "Charlotte City Hall", "townhall:type": "city" }, "amenity": "townhall", "shop": null, "leisure": null, "tourism": null, "office": null, "public_transport": null, "healthcare": null, "craft": null, "stations_in_radius": [ "CTC/Arena" ], "stations_in_radius_dist_m": [ 436.01 ], "poi_cluster": "errand" }, "geometry": { "type": "Point", "coordinates": [ -80.8381699, 35.2220888 ] } },
{ "type": "Feature", "properties": { "osm_id": 322278769, "name": "ImaginOn - The Joe & Joan Martin Center", "lat": 35.2269433, "lon": -80.8376692, "tags": { "addr:city": "Charlotte", "addr:county": "Mecklenburg", "addr:housenumber": "300", "addr:postcode": "28202", "addr:state": "NC", "addr:street": "East 7th Street", "amenity": "library", "building": "yes", "height": "27", "internet_access": "terminal", "name": "ImaginOn - The Joe & Joan Martin Center", "nat_ref": "C-MECKLENBURG-IM", "operator": "CML", "operator:type": "public", "phone": "+1 704-416-4600", "website": "https://www.imaginon.org/", "wikidata": "Q69857334", "wikipedia": "en:ImaginOn" }, "amenity": "library", "shop": null, "leisure": null, "tourism": null, "office": null, "public_transport": null, "healthcare": null, "craft": null, "stations_in_radius": [ ], "stations_in_radius_dist_m": [ ], "poi_cluster": "errand" }, "geometry": { "type": "Point", "coordinates": [ -80.8376692, 35.2269433 ] } },
{ "type": "Feature", "properties": { "osm_id": 322993009, "name": "Victoria Yards", "lat": 35.2284036, "lon": -80.8379761, "tags": { "addr:city": "Charlotte", "addr:housenumber": "209", "addr:postcode": "28202", "addr:state": "NC", "addr:street": "East 7th Street", "amenity": "events_venue", "check_date": "2023-06-12", "name": "Victoria Yards", "operator": "Charlotte Center City Partners" }, "amenity": "events_venue", "shop": null, "leisure": null, "tourism": null, "office": null, "public_transport": null, "healthcare": null, "craft": null, "stations_in_radius": "['7th Street' '9th Street' 'CTC/Arena']", "stations_in_radius_dist_m": "[131.48 306.61 488.86]", "poi_cluster": "nightlife" }, "geometry": { "type": "Point", "coordinates": [ -80.8379761, 35.2284036 ] } },
{ "type": "Feature", "properties": { "osm_id": 341587198, "name": "Bank of America", "lat": 35.2273123, "lon": -80.8422252, "tags": { "addr:city": "Charlotte", "addr:housenumber": "100", "addr:postcode": "28202", "addr:state": "NC", "addr:street": "North Tryon Street", "amenity": "bank", "branch": "Financial Center", "brand": "Bank of America", "brand:wikidata": "Q487907", "building": "yes", "building:levels": "88", "check_date": "2021-04-21", "height": "265", "name": "Bank of America", "name:en": "Bank of America Corporate Center", "operator": "Bank of America", "website": "https://locators.bankofamerica.com/nc/charlotte/financial-centers-charlotte-16702.html", "wikidata": "Q586913", "wikipedia": "en:Bank of America Corporate Center" }, "amenity": "bank", "shop": null, "leisure": null, "tourism": null, "office": null, "public_transport": null, "healthcare": null, "craft": null, "stations_in_radius": [ ], "stations_in_radius_dist_m": [ ], "poi_cluster": "errand" }, "geometry": { "type": "Point", "coordinates": [ -80.8422252, 35.2273123 ] } },
{ "type": "Feature", "properties": { "osm_id": 380090203, "name": "CMPD Headquarters", "lat": 35.2227587, "lon": -80.8372767, "tags": { "amenity": "police", "building": "yes", "height": "47", "name": "CMPD Headquarters" }, "amenity": "police", "shop": null, "leisure": null, "tourism": null, "office": null, "public_transport": null, "healthcare": null, "craft": null, "stations_in_radius": "['CTC/Arena' '7th Street']", "stations_in_radius_dist_m": "[449.33 499.87]", "poi_cluster": "public_services" }, "geometry": { "type": "Point", "coordinates": [ -80.8372767, 35.2227587 ] } },
{ "type": "Feature", "properties": { "osm_id": 398591585, "name": "First United Presbyterian Church", "lat": 35.2286037, "lon": -80.8383165, "tags": { "addr:city": "Charlotte", "addr:housenumber": "406", "addr:postcode": "28202", "addr:state": "NC", "addr:street": "North College Street", "amenity": "place_of_worship", "building": "church", "ele": "241", "gnis:feature_id": "1985682", "height": "18", "name": "First United Presbyterian Church", "religion": "christian", "source": "USGS Geonames" }, "amenity": "place_of_worship", "shop": null, "leisure": null, "tourism": null, "office": null, "public_transport": null, "healthcare": null, "craft": null, "stations_in_radius": "['7th Street' '9th Street' 'CTC/Arena']", "stations_in_radius_dist_m": "[155.22 325.36 487.8 ]", "poi_cluster": "public_services" }, "geometry": { "type": "Point", "coordinates": [ -80.8383165, 35.2286037 ] } },
{ "type": "Feature", "properties": { "osm_id": 469145609, "name": "Child’s Play Fountain", "lat": 35.2251383, "lon": -80.8457091, "tags": { "amenity": "fountain", "name": "Child’s Play Fountain" }, "amenity": "fountain", "shop": null, "leisure": null, "tourism": null, "office": null, "public_transport": null, "healthcare": null, "craft": null, "stations_in_radius": "['3rd St/Convention' 'CTC/Arena' 'Brooklyn Village']", "stations_in_radius_dist_m": "[294.69 393.34 430.52]", "poi_cluster": "recreation" }, "geometry": { "type": "Point", "coordinates": [ -80.8457091, 35.2251383 ] } },
{ "type": "Feature", "properties": { "osm_id": 500997296, "name": "Ruth's Chris Steak House", "lat": 35.2261894, "lon": -80.8451826, "tags": { "addr:city": "Charlotte", "addr:housenumber": "222", "addr:postcode": "28202", "addr:state": "NC", "addr:street": "South Tryon Street", "amenity": "restaurant", "brand": "Ruth's Chris Steak House", "brand:wikidata": "Q7382829", "building": "yes", "cuisine": "american;steak_house", "height": "20", "name": "Ruth's Chris Steak House" }, "amenity": "restaurant", "shop": null, "leisure": null, "tourism": null, "office": null, "public_transport": null, "healthcare": null, "craft": null, "stations_in_radius": "['3rd St/Convention' 'CTC/Arena']", "stations_in_radius_dist_m": "[345.17 369.48]", "poi_cluster": "food" }, "geometry": { "type": "Point", "coordinates": [ -80.8451826, 35.2261894 ] } },
{ "type": "Feature", "properties": { "osm_id": 502718738, "name": "Belk Theater at Blumenthal Performing Arts Center", "lat": 35.227317, "lon": -80.8415145, "tags": { "addr:city": "Charlotte", "addr:housenumber": "130", "addr:postcode": "28202", "addr:state": "NC", "addr:street": "North Tryon Street", "amenity": "theatre", "building": "yes", "height": "30", "name": "Belk Theater at Blumenthal Performing Arts Center", "wikidata": "Q7054435" }, "amenity": "theatre", "shop": null, "leisure": null, "tourism": null, "office": null, "public_transport": null, "healthcare": null, "craft": null, "stations_in_radius": "['CTC/Arena' '7th Street']", "stations_in_radius_dist_m": "[257.21 314.54]", "poi_cluster": "recreation" }, "geometry": { "type": "Point", "coordinates": [ -80.8415145, 35.227317 ] } },
{ "type": "Feature", "properties": { "osm_id": 672780369, "name": null, "lat": 35.2244231, "lon": -80.8398149, "tags": { "amenity": "shelter", "building": "yes" }, "amenity": "shelter", "shop": null, "leisure": null, "tourism": null, "office": null, "public_transport": null, "healthcare": null, "craft": null, "stations_in_radius": "['CTC/Arena' '3rd St/Convention' '7th Street']", "stations_in_radius_dist_m": "[156.97 308.77 348.87]", "poi_cluster": "public_services" }, "geometry": { "type": "Point", "coordinates": [ -80.8398149, 35.2244231 ] } },
{ "type": "Feature", "properties": { "osm_id": 672780370, "name": null, "lat": 35.2247522, "lon": -80.8402018, "tags": { "amenity": "shelter", "building": "yes" }, "amenity": "shelter", "shop": null, "leisure": null, "tourism": null, "office": null, "public_transport": null, "healthcare": null, "craft": null, "stations_in_radius": "['CTC/Arena' '3rd St/Convention' '7th Street']", "stations_in_radius_dist_m": "[111.57 289.31 335.99]", "poi_cluster": "public_services" }, "geometry": { "type": "Point", "coordinates": [ -80.8402018, 35.2247522 ] } },
{ "type": "Feature", "properties": { "osm_id": 672783588, "name": null, "lat": 35.2227935, "lon": -80.8378688, "tags": { "amenity": "shelter", "building": "yes" }, "amenity": "shelter", "shop": null, "leisure": null, "tourism": null, "office": null, "public_transport": null, "healthcare": null, "craft": null, "stations_in_radius": "['CTC/Arena' '7th Street']", "stations_in_radius_dist_m": "[403.19 491.21]", "poi_cluster": "public_services" }, "geometry": { "type": "Point", "coordinates": [ -80.8378688, 35.2227935 ] } },
{ "type": "Feature", "properties": { "osm_id": 672783589, "name": null, "lat": 35.2227096, "lon": -80.8377681, "tags": { "amenity": "shelter", "building": "yes" }, "amenity": "shelter", "shop": null, "leisure": null, "tourism": null, "office": null, "public_transport": null, "healthcare": null, "craft": null, "stations_in_radius": "['CTC/Arena' '7th Street']", "stations_in_radius_dist_m": "[416.12 500.91]", "poi_cluster": "public_services" }, "geometry": { "type": "Point", "coordinates": [ -80.8377681, 35.2227096 ] } },
{ "type": "Feature", "properties": { "osm_id": 909453943, "name": null, "lat": 35.2270117, "lon": -80.8426192, "tags": { "amenity": "fountain", "natural": "water", "water": "yes" }, "amenity": "fountain", "shop": null, "leisure": null, "tourism": null, "office": null, "public_transport": null, "healthcare": null, "craft": null, "stations_in_radius": "['CTC/Arena' '3rd St/Convention']", "stations_in_radius_dist_m": "[249.57 379.38]", "poi_cluster": "recreation" }, "geometry": { "type": "Point", "coordinates": [ -80.8426192, 35.2270117 ] } },
{ "type": "Feature", "properties": { "osm_id": 985168240, "name": "Tilt on Trade", "lat": 35.2276584, "lon": -80.8441622, "tags": { "addr:city": "Charlotte", "addr:housenumber": "127", "addr:postcode": "28202", "addr:state": "NC", "addr:street": "West Trade Street", "amenity": "bar", "building": "yes", "name": "Tilt on Trade", "opening_hours": "Mo-Su 16:00-02:00" }, "amenity": "bar", "shop": null, "leisure": null, "tourism": null, "office": null, "public_transport": null, "healthcare": null, "craft": null, "stations_in_radius": [ ], "stations_in_radius_dist_m": [ ], "poi_cluster": "nightlife" }, "geometry": { "type": "Point", "coordinates": [ -80.8441622, 35.2276584 ] } },
{ "type": "Feature", "properties": { "osm_id": 985168246, "name": null, "lat": 35.2267713, "lon": -80.8435528, "tags": { "amenity": "shelter", "bench": "yes", "bin": "yes", "building": "yes", "lit": "yes", "shelter_type": "public_transport" }, "amenity": "shelter", "shop": null, "leisure": null, "tourism": null, "office": null, "public_transport": null, "healthcare": null, "craft": null, "stations_in_radius": "['CTC/Arena' '3rd St/Convention']", "stations_in_radius_dist_m": "[278.07 353.45]", "poi_cluster": "public_services" }, "geometry": { "type": "Point", "coordinates": [ -80.8435528, 35.2267713 ] } },
{ "type": "Feature", "properties": { "osm_id": 1192155448, "name": "Midnight Diner", "lat": 35.2238789, "lon": -80.8396684, "tags": { "addr:city": "Charlotte", "addr:housenumber": "420", "addr:postcode": "28202", "addr:state": "NC", "addr:street": "East Trade Street", "air_conditioning": "yes", "amenity": "restaurant", "building": "retail", "check_date": "2026-01-14", "cuisine": "diner;american", "internet_access": "no", "microbrewery": "no", "name": "Midnight Diner", "opening_hours": "24/7", "payment:cash": "yes", "payment:contactless": "no", "payment:credit_cards": "yes", "payment:debit_cards": "yes", "phone": "+19802073641", "toilets": "yes", "website": "https://midnightdinercharlotte.com/", "wheelchair": "yes" }, "amenity": "restaurant", "shop": null, "leisure": null, "tourism": null, "office": null, "public_transport": null, "healthcare": null, "craft": null, "stations_in_radius": "['CTC/Arena' '3rd St/Convention' '7th Street']", "stations_in_radius_dist_m": "[200.01 310.08 398.39]", "poi_cluster": "food" }, "geometry": { "type": "Point", "coordinates": [ -80.8396684, 35.2238789 ] } },
{ "type": "Feature", "properties": { "osm_id": 1195991110, "name": "The Market at 7th Street", "lat": 35.2274351, "lon": -80.8383336, "tags": { "addr:city": "Charlotte", "addr:housenumber": "224", "addr:postcode": "28202", "addr:state": "NC", "addr:street": "East 7th Street", "amenity": "food_court", "name": "The Market at 7th Street", "opening_hours": "Tu-We 08:00-19:00; Th-Sa 08:00-20:00; Su 09:00-17:00", "website": "https://themarketat7thstreet.com/" }, "amenity": "food_court", "shop": null, "leisure": null, "tourism": null, "office": null, "public_transport": null, "healthcare": null, "craft": null, "stations_in_radius": [ ], "stations_in_radius_dist_m": [ ], "poi_cluster": "food" }, "geometry": { "type": "Point", "coordinates": [ -80.8383336, 35.2274351 ] } },
{ "type": "Feature", "properties": { "osm_id": 1441928374, "name": null, "lat": 35.2274867, "lon": -80.8432876, "tags": { "amenity": "shelter", "bench": "yes", "bin": "yes", "building": "yes", "shelter_type": "public_transport" }, "amenity": "shelter", "shop": null, "leisure": null, "tourism": null, "office": null, "public_transport": null, "healthcare": null, "craft": null, "stations_in_radius": "['CTC/Arena' '3rd St/Convention']", "stations_in_radius_dist_m": "[325.38 430.43]", "poi_cluster": "public_services" }, "geometry": { "type": "Point", "coordinates": [ -80.8432876, 35.2274867 ] } },
{ "type": "Feature", "properties": { "osm_id": 1441981906, "name": null, "lat": 35.2273686, "lon": -80.8434137, "tags": { "amenity": "shelter", "bench": "yes", "bin": "yes", "building": "yes", "shelter_type": "public_transport" }, "amenity": "shelter", "shop": null, "leisure": null, "tourism": null, "office": null, "public_transport": null, "healthcare": null, "craft": null, "stations_in_radius": "['CTC/Arena' '3rd St/Convention']", "stations_in_radius_dist_m": "[320.8  418.07]", "poi_cluster": "public_services" }, "geometry": { "type": "Point", "coordinates": [ -80.8434137, 35.2273686 ] } },
{ "type": "Feature", "properties": { "osm_id": 1441981913, "name": null, "lat": 35.2277817, "lon": -80.8438941, "tags": { "amenity": "shelter", "building": "yes", "layer": "1" }, "amenity": "shelter", "shop": null, "leisure": null, "tourism": null, "office": null, "public_transport": null, "healthcare": null, "craft": null, "stations_in_radius": "['CTC/Arena' '3rd St/Convention']", "stations_in_radius_dist_m": "[383.53 468.83]", "poi_cluster": "public_services" }, "geometry": { "type": "Point", "coordinates": [ -80.8438941, 35.2277817 ] } },
{ "type": "Feature", "properties": { "osm_id": 4848919, "name": null, "lat": 35.2273123, "lon": -80.8422252, "tags": { "amenity": "bank", "building:levels": "60", "type": "building" }, "amenity": "bank", "shop": null, "leisure": null, "tourism": null, "office": null, "public_transport": null, "healthcare": null, "craft": null, "stations_in_radius": [ ], "stations_in_radius_dist_m": [ ], "poi_cluster": "errand" }, "geometry": { "type": "Point", "coordinates": [ -80.8422252, 35.2273123 ] } },
{ "type": "Feature", "properties": { "osm_id": 6332298766, "name": "Insomnia Cookies", "lat": 35.2255009, "lon": -80.8420447, "tags": { "addr:city": "Charlotte", "addr:housenumber": "210", "addr:postcode": "28202", "addr:state": "NC", "addr:street": "East Trade Street", "addr:unit": "Suite B-224", "brand": "Insomnia Cookies", "brand:wikidata": "Q16997024", "name": "Insomnia Cookies", "shop": "pastry" }, "amenity": null, "shop": "pastry", "leisure": null, "tourism": null, "office": null, "public_transport": null, "healthcare": null, "craft": null, "stations_in_radius": "['CTC/Arena' '3rd St/Convention' '7th Street']", "stations_in_radius_dist_m": "[ 81.46 229.15 409.67]", "poi_cluster": "retail" }, "geometry": { "type": "Point", "coordinates": [ -80.8420447, 35.2255009 ] } },
{ "type": "Feature", "properties": { "osm_id": 9099545839, "name": "JoS. A. Bank", "lat": 35.2266979, "lon": -80.8418413, "tags": { "brand": "JoS. A. Bank", "brand:wikidata": "Q6204078", "level": "0", "name": "JoS. A. Bank", "official_name": "Jos. A. Bank Clothiers", "shop": "clothes" }, "amenity": null, "shop": "clothes", "leisure": null, "tourism": null, "office": null, "public_transport": null, "healthcare": null, "craft": null, "stations_in_radius": "['CTC/Arena' '7th Street' '3rd St/Convention']", "stations_in_radius_dist_m": "[192.72 348.93 359.96]", "poi_cluster": "retail" }, "geometry": { "type": "Point", "coordinates": [ -80.8418413, 35.2266979 ] } },
{ "type": "Feature", "properties": { "osm_id": 10965747075, "name": "Charlotte NC Tours", "lat": 35.2265821, "lon": -80.8426998, "tags": { "level": "1", "name": "Charlotte NC Tours", "shop": "travel_agency" }, "amenity": null, "shop": "travel_agency", "leisure": null, "tourism": null, "office": null, "public_transport": null, "healthcare": null, "craft": null, "stations_in_radius": "['CTC/Arena' '3rd St/Convention' '7th Street']", "stations_in_radius_dist_m": "[212.11 331.23 428.1 ]", "poi_cluster": "retail" }, "geometry": { "type": "Point", "coordinates": [ -80.8426998, 35.2265821 ] } },
{ "type": "Feature", "properties": { "osm_id": 10965747076, "name": "Walgreens", "lat": 35.2262131, "lon": -80.8427431, "tags": { "brand": "Walgreens", "brand:wikidata": "Q1591889", "level": "0", "name": "Walgreens", "shop": "chemist", "website": "https://www.walgreens.com/locator/walgreens-101+s+tryon+st-charlotte-nc-28280/id=15008" }, "amenity": null, "shop": "chemist", "leisure": null, "tourism": null, "office": null, "public_transport": null, "healthcare": null, "craft": null, "stations_in_radius": "['CTC/Arena' '3rd St/Convention' '7th Street']", "stations_in_radius_dist_m": "[182.38 290.12 440.55]", "poi_cluster": "retail" }, "geometry": { "type": "Point", "coordinates": [ -80.8427431, 35.2262131 ] } },
{ "type": "Feature", "properties": { "osm_id": 10968443164, "name": "Reid’s Fine Foods", "lat": 35.227474, "lon": -80.8436621, "tags": { "name": "Reid’s Fine Foods", "shop": "deli" }, "amenity": null, "shop": "deli", "leisure": null, "tourism": null, "office": null, "public_transport": null, "healthcare": null, "craft": null, "stations_in_radius": "['CTC/Arena' '3rd St/Convention']", "stations_in_radius_dist_m": "[343.55 432.01]", "poi_cluster": "retail" }, "geometry": { "type": "Point", "coordinates": [ -80.8436621, 35.227474 ] } },
{ "type": "Feature", "properties": { "osm_id": 10968443165, "name": "The Cut", "lat": 35.2275679, "lon": -80.8437454, "tags": { "name": "The Cut", "shop": "hairdresser" }, "amenity": null, "shop": "hairdresser", "leisure": null, "tourism": null, "office": null, "public_transport": null, "healthcare": null, "craft": null, "stations_in_radius": "['CTC/Arena' '3rd St/Convention']", "stations_in_radius_dist_m": "[356.43 443.34]", "poi_cluster": "retail" }, "geometry": { "type": "Point", "coordinates": [ -80.8437454, 35.2275679 ] } },
{ "type": "Feature", "properties": { "osm_id": 11093041435, "name": "Amelie’s", "lat": 35.2242307, "lon": -80.845226, "tags": { "addr:city": "Charlotte", "addr:housenumber": "380", "addr:postcode": "28202", "addr:state": "NC", "addr:street": "South College Street", "name": "Amelie’s", "opening_hours": "Mo-Su 08:00-17:00", "phone": "+1-704-899-0088", "shop": "bakery", "website": "https://www.ameliesfrenchbakery.com" }, "amenity": null, "shop": "bakery", "leisure": null, "tourism": null, "office": null, "public_transport": null, "healthcare": null, "craft": null, "stations_in_radius": "['3rd St/Convention' 'Brooklyn Village' 'CTC/Arena']", "stations_in_radius_dist_m": "[208.79 351.54 359.36]", "poi_cluster": "retail" }, "geometry": { "type": "Point", "coordinates": [ -80.845226, 35.2242307 ] } },
{ "type": "Feature", "properties": { "osm_id": 11098808621, "name": "Orrman’s Cheese Shop", "lat": 35.2272613, "lon": -80.8385638, "tags": { "name": "Orrman’s Cheese Shop", "shop": "cheese" }, "amenity": null, "shop": "cheese", "leisure": null, "tourism": null, "office": null, "public_transport": null, "healthcare": null, "craft": null, "stations_in_radius": [ ], "stations_in_radius_dist_m": [ ], "poi_cluster": "retail" }, "geometry": { "type": "Point", "coordinates": [ -80.8385638, 35.2272613 ] } },
{ "type": "Feature", "properties": { "osm_id": 13174801086, "name": "Vick's Vapor & Hub", "lat": 35.2253293, "lon": -80.8370858, "tags": { "name": "Vick's Vapor & Hub", "shop": "e-cigarette" }, "amenity": null, "shop": "e-cigarette", "leisure": null, "tourism": null, "office": null, "public_transport": null, "healthcare": null, "craft": null, "stations_in_radius": "['7th Street' 'CTC/Arena']", "stations_in_radius_dist_m": "[227.65 393.39]", "poi_cluster": "retail" }, "geometry": { "type": "Point", "coordinates": [ -80.8370858, 35.2253293 ] } },
{ "type": "Feature", "properties": { "osm_id": 13357332052, "name": "Bing Zaremba Handyman and Construction of Charlotte", "lat": 35.2269782, "lon": -80.8447255, "tags": { "addr:city": "Charlotte", "addr:housenumber": "128", "addr:postcode": "28202", "addr:state": "NC", "addr:street": "South Tryon Street", "contact:facebook": "688014097731047", "contact:linkedin": "bingzarembaconstruction", "contact:phone": "+1-704-750-5699", "contact:website": "https://www.bingzarembaconstruction.com/", "name": "Bing Zaremba Handyman and Construction of Charlotte", "opening_hours": "Mo-Sa 07:00-18:00", "operator": "Bing Zaremba Handyman and Construction of Charlotte", "shop": "kitchen" }, "amenity": null, "shop": "kitchen", "leisure": null, "tourism": null, "office": null, "public_transport": null, "healthcare": null, "craft": null, "stations_in_radius": "['CTC/Arena' '3rd St/Convention']", "stations_in_radius_dist_m": "[374.51 403.11]", "poi_cluster": "retail" }, "geometry": { "type": "Point", "coordinates": [ -80.8447255, 35.2269782 ] } },
{ "type": "Feature", "properties": { "osm_id": 13375183512, "name": "Uptown Cuts", "lat": 35.2239237, "lon": -80.8440337, "tags": { "addr:city": "Charlotte", "addr:housenumber": "301", "addr:postcode": "28202", "addr:state": "NC", "addr:street": "South College Street", "addr:unit": "130", "check_date": "2025-12-14", "contact:instagram": "https://www.instagram.com/uptowncuts_clt", "currency:XBT": "yes", "hairdresser": "barber", "name": "Uptown Cuts", "opening_hours": "Mo-Fr 09:00-19:00; Sa 09:00-15:00", "payment:lightning": "yes", "payment:lightning:operator": "square", "payment:lightning_contactless": "no", "payment:onchain": "no", "phone": "+1-980-483-8618", "shop": "hairdresser", "website": "https://www.uptowncutsclt.com/" }, "amenity": null, "shop": "hairdresser", "leisure": null, "tourism": null, "office": null, "public_transport": null, "healthcare": null, "craft": null, "stations_in_radius": "['3rd St/Convention' 'CTC/Arena' 'Brooklyn Village']", "stations_in_radius_dist_m": "[ 95.19 268.56 385.88]", "poi_cluster": "retail" }, "geometry": { "type": "Point", "coordinates": [ -80.8440337, 35.2239237 ] } },
{ "type": "Feature", "properties": { "osm_id": 13457166644, "name": "Overstreet Market", "lat": 35.223869, "lon": -80.844594, "tags": { "level": "1", "name": "Overstreet Market", "shop": "convenience" }, "amenity": null, "shop": "convenience", "leisure": null, "tourism": null, "office": null, "public_transport": null, "healthcare": null, "craft": null, "stations_in_radius": "['3rd St/Convention' 'CTC/Arena' 'Brooklyn Village']", "stations_in_radius_dist_m": "[142.52 317.4  348.08]", "poi_cluster": "retail" }, "geometry": { "type": "Point", "coordinates": [ -80.844594, 35.223869 ] } },
{ "type": "Feature", "properties": { "osm_id": 13457166650, "name": "New Creations", "lat": 35.2259485, "lon": -80.8429765, "tags": { "level": "0", "name": "New Creations", "shop": "hairdresser" }, "amenity": null, "shop": "hairdresser", "leisure": null, "tourism": null, "office": null, "public_transport": null, "healthcare": null, "craft": null, "stations_in_radius": "['CTC/Arena' '3rd St/Convention']", "stations_in_radius_dist_m": "[178.63 259.45]", "poi_cluster": "retail" }, "geometry": { "type": "Point", "coordinates": [ -80.8429765, 35.2259485 ] } },
{ "type": "Feature", "properties": { "osm_id": 13457166651, "name": "Paper Skyscraper", "lat": 35.2260079, "lon": -80.8428827, "tags": { "name": "Paper Skyscraper", "shop": "gift" }, "amenity": null, "shop": "gift", "leisure": null, "tourism": null, "office": null, "public_transport": null, "healthcare": null, "craft": null, "stations_in_radius": "['CTC/Arena' '3rd St/Convention']", "stations_in_radius_dist_m": "[175.91 266.42]", "poi_cluster": "retail" }, "geometry": { "type": "Point", "coordinates": [ -80.8428827, 35.2260079 ] } },
{ "type": "Feature", "properties": { "osm_id": 13457166665, "name": "City Barbers at Uptown", "lat": 35.2268865, "lon": -80.8421351, "tags": { "hairdresser": "barber", "name": "City Barbers at Uptown", "shop": "hairdresser" }, "amenity": null, "shop": "hairdresser", "leisure": null, "tourism": null, "office": null, "public_transport": null, "healthcare": null, "craft": null, "stations_in_radius": "['CTC/Arena' '7th Street' '3rd St/Convention']", "stations_in_radius_dist_m": "[219.93 372.67 372.99]", "poi_cluster": "retail" }, "geometry": { "type": "Point", "coordinates": [ -80.8421351, 35.2268865 ] } },
{ "type": "Feature", "properties": { "osm_id": 5828785965, "name": null, "lat": 35.2263388, "lon": -80.8453952, "tags": { "addr:city": "Charlotte", "addr:postcode": "28281", "addr:state": "NC", "country": "USA", "description": "Part of the 230 S Tryon Condominiums?", "leisure": "swimming_pool", "opening_hours": "24/7", "phone": "+1-704-370-0099" }, "amenity": null, "shop": null, "leisure": "swimming_pool", "tourism": null, "office": null, "public_transport": null, "healthcare": null, "craft": null, "stations_in_radius": "['3rd St/Convention' 'CTC/Arena']", "stations_in_radius_dist_m": "[369.79 393.56]", "poi_cluster": "recreation" }, "geometry": { "type": "Point", "coordinates": [ -80.8453952, 35.2263388 ] } },
{ "type": "Feature", "properties": { "osm_id": 6332298776, "name": "Bowlero", "lat": 35.225064, "lon": -80.8420232, "tags": { "brand": "Bowlero", "brand:wikidata": "Q17102967", "leisure": "bowling_alley", "name": "Bowlero" }, "amenity": null, "shop": null, "leisure": "bowling_alley", "tourism": null, "office": null, "public_transport": null, "healthcare": null, "craft": null, "stations_in_radius": "['CTC/Arena' '3rd St/Convention' '7th Street']", "stations_in_radius_dist_m": "[ 58.06 186.82 432.71]", "poi_cluster": "recreation" }, "geometry": { "type": "Point", "coordinates": [ -80.8420232, 35.225064 ] } },
{ "type": "Feature", "properties": { "osm_id": 12948708695, "name": null, "lat": 35.2271485, "lon": -80.8436588, "tags": { "leisure": "picnic_table" }, "amenity": null, "shop": null, "leisure": "picnic_table", "tourism": null, "office": null, "public_transport": null, "healthcare": null, "craft": null, "stations_in_radius": "['CTC/Arena' '3rd St/Convention']", "stations_in_radius_dist_m": "[315.28 396.19]", "poi_cluster": "recreation" }, "geometry": { "type": "Point", "coordinates": [ -80.8436588, 35.2271485 ] } },
{ "type": "Feature", "properties": { "osm_id": 12948708696, "name": null, "lat": 35.2271313, "lon": -80.8436345, "tags": { "leisure": "picnic_table" }, "amenity": null, "shop": null, "leisure": "picnic_table", "tourism": null, "office": null, "public_transport": null, "healthcare": null, "craft": null, "stations_in_radius": "['CTC/Arena' '3rd St/Convention']", "stations_in_radius_dist_m": "[312.39 394.  ]", "poi_cluster": "recreation" }, "geometry": { "type": "Point", "coordinates": [ -80.8436345, 35.2271313 ] } },
{ "type": "Feature", "properties": { "osm_id": 13457166645, "name": "Childress Klein YMCA", "lat": 35.2237794, "lon": -80.8443278, "tags": { "brand": "YMCA", "brand:wikidata": "Q157169", "leisure": "sports_centre", "name": "Childress Klein YMCA" }, "amenity": null, "shop": null, "leisure": "sports_centre", "tourism": null, "office": null, "public_transport": null, "healthcare": null, "craft": null, "stations_in_radius": "['3rd St/Convention' 'CTC/Arena' 'Brooklyn Village']", "stations_in_radius_dist_m": "[116.89 299.66 355.99]", "poi_cluster": "recreation" }, "geometry": { "type": "Point", "coordinates": [ -80.8443278, 35.2237794 ] } },
{ "type": "Feature", "properties": { "osm_id": 13475033227, "name": null, "lat": 35.2287609, "lon": -80.844588, "tags": { "leisure": "picnic_table" }, "amenity": null, "shop": null, "leisure": "picnic_table", "tourism": null, "office": null, "public_transport": null, "healthcare": null, "craft": null, "stations_in_radius": [ "CTC/Arena" ], "stations_in_radius_dist_m": [ 508.58 ], "poi_cluster": "recreation" }, "geometry": { "type": "Point", "coordinates": [ -80.844588, 35.2287609 ] } },
{ "type": "Feature", "properties": { "osm_id": 13475033228, "name": null, "lat": 35.228684, "lon": -80.8445402, "tags": { "leisure": "picnic_table" }, "amenity": null, "shop": null, "leisure": "picnic_table", "tourism": null, "office": null, "public_transport": null, "healthcare": null, "craft": null, "stations_in_radius": [ "CTC/Arena" ], "stations_in_radius_dist_m": [ 499.1 ], "poi_cluster": "recreation" }, "geometry": { "type": "Point", "coordinates": [ -80.8445402, 35.228684 ] } },
{ "type": "Feature", "properties": { "osm_id": 398591598, "name": null, "lat": 35.2288156, "lon": -80.8425758, "tags": { "access": "private", "leisure": "swimming_pool", "location": "roof" }, "amenity": null, "shop": null, "leisure": "swimming_pool", "tourism": null, "office": null, "public_transport": null, "healthcare": null, "craft": null, "stations_in_radius": [ "CTC/Arena" ], "stations_in_radius_dist_m": [ 436.69 ], "poi_cluster": "recreation" }, "geometry": { "type": "Point", "coordinates": [ -80.8425758, 35.2288156 ] } },
{ "type": "Feature", "properties": { "osm_id": 715563541, "name": "McColl Park", "lat": 35.2272428, "lon": -80.8435902, "tags": { "addr:city": "Charlotte", "addr:housenumber": "106", "addr:postcode": "28202", "addr:state": "NC", "addr:street": "West Trade Street", "leisure": "park", "name": "McColl Park", "operator": "City of Charlotte", "operator:type": "public" }, "amenity": null, "shop": null, "leisure": "park", "tourism": null, "office": null, "public_transport": null, "healthcare": null, "craft": null, "stations_in_radius": "['CTC/Arena' '3rd St/Convention']", "stations_in_radius_dist_m": "[319.3  405.76]", "poi_cluster": "recreation" }, "geometry": { "type": "Point", "coordinates": [ -80.8435902, 35.2272428 ] } },
{ "type": "Feature", "properties": { "osm_id": 864042231, "name": null, "lat": 35.2288663, "lon": -80.8437914, "tags": { "leisure": "garden" }, "amenity": null, "shop": null, "leisure": "garden", "tourism": null, "office": null, "public_transport": null, "healthcare": null, "craft": null, "stations_in_radius": [ "CTC/Arena" ], "stations_in_radius_dist_m": [ 481.25 ], "poi_cluster": "recreation" }, "geometry": { "type": "Point", "coordinates": [ -80.8437914, 35.2288663 ] } },
{ "type": "Feature", "properties": { "osm_id": 906171751, "name": null, "lat": 35.2270989, "lon": -80.840571, "tags": { "leisure": "garden" }, "amenity": null, "shop": null, "leisure": "garden", "tourism": null, "office": null, "public_transport": null, "healthcare": null, "craft": null, "stations_in_radius": "['7th Street' 'CTC/Arena' '3rd St/Convention']", "stations_in_radius_dist_m": "[228.89 244.41 448.34]", "poi_cluster": "recreation" }, "geometry": { "type": "Point", "coordinates": [ -80.840571, 35.2270989 ] } },
{ "type": "Feature", "properties": { "osm_id": 984713011, "name": null, "lat": 35.225684, "lon": -80.8384663, "tags": { "garden:type": "flowerbed", "leisure": "garden" }, "amenity": null, "shop": null, "leisure": "garden", "tourism": null, "office": null, "public_transport": null, "healthcare": null, "craft": null, "stations_in_radius": "['7th Street' 'CTC/Arena']", "stations_in_radius_dist_m": "[174.31 276.66]", "poi_cluster": "recreation" }, "geometry": { "type": "Point", "coordinates": [ -80.8384663, 35.225684 ] } },
{ "type": "Feature", "properties": { "osm_id": 984713025, "name": null, "lat": 35.2255296, "lon": -80.8404484, "tags": { "garden:type": "landscaping", "leisure": "garden" }, "amenity": null, "shop": null, "leisure": "garden", "tourism": null, "office": null, "public_transport": null, "healthcare": null, "craft": null, "stations_in_radius": "['CTC/Arena' '7th Street' '3rd St/Convention']", "stations_in_radius_dist_m": "[103.88 287.02 319.06]", "poi_cluster": "recreation" }, "geometry": { "type": "Point", "coordinates": [ -80.8404484, 35.2255296 ] } },
{ "type": "Feature", "properties": { "osm_id": 984713030, "name": null, "lat": 35.2259044, "lon": -80.8400663, "tags": { "garden:type": "landscaping", "leisure": "garden" }, "amenity": null, "shop": null, "leisure": "garden", "tourism": null, "office": null, "public_transport": null, "healthcare": null, "craft": null, "stations_in_radius": "['CTC/Arena' '7th Street']", "stations_in_radius_dist_m": "[156.75 233.71]", "poi_cluster": "recreation" }, "geometry": { "type": "Point", "coordinates": [ -80.8400663, 35.2259044 ] } },
{ "type": "Feature", "properties": { "osm_id": 985188320, "name": null, "lat": 35.2272567, "lon": -80.8426745, "tags": { "garden:type": "flowerbed", "leisure": "garden" }, "amenity": null, "shop": null, "leisure": "garden", "tourism": null, "office": null, "public_transport": null, "healthcare": null, "craft": null, "stations_in_radius": "['CTC/Arena' '3rd St/Convention']", "stations_in_radius_dist_m": "[276.22 405.94]", "poi_cluster": "recreation" }, "geometry": { "type": "Point", "coordinates": [ -80.8426745, 35.2272567 ] } },
{ "type": "Feature", "properties": { "osm_id": 1004216938, "name": "First Ward Park", "lat": 35.2280879, "lon": -80.8361432, "tags": { "addr:city": "Charlotte", "addr:housenumber": "301", "addr:postcode": "28202", "addr:state": "NC", "addr:street": "East 7th Street", "leisure": "park", "name": "First Ward Park", "ownership": "county", "website": "https://www.mecknc.gov/ParkandRec/Parks/ParksByRegion/CentralRegion/Pages/FirstWard.aspx", "wikidata": "Q19868162", "wikipedia": "en:First Ward Park" }, "amenity": null, "shop": null, "leisure": "park", "tourism": null, "office": null, "public_transport": null, "healthcare": null, "craft": null, "stations_in_radius": "['7th Street' '9th Street']", "stations_in_radius_dist_m": "[199.22 206.85]", "poi_cluster": "recreation" }, "geometry": { "type": "Point", "coordinates": [ -80.8361432, 35.2280879 ] } },
{ "type": "Feature", "properties": { "osm_id": 1176275045, "name": null, "lat": 35.2262076, "lon": -80.842674, "tags": { "access": "customers", "leisure": "swimming_pool", "location": "roof" }, "amenity": null, "shop": null, "leisure": "swimming_pool", "tourism": null, "office": null, "public_transport": null, "healthcare": null, "craft": null, "stations_in_radius": "['CTC/Arena' '3rd St/Convention' '7th Street']", "stations_in_radius_dist_m": "[177.73 290.21 434.62]", "poi_cluster": "recreation" }, "geometry": { "type": "Point", "coordinates": [ -80.842674, 35.2262076 ] } },
{ "type": "Feature", "properties": { "osm_id": 1205171365, "name": "Gandhi Park", "lat": 35.2218003, "lon": -80.8371747, "tags": { "barrier": "hedge", "leisure": "park", "name": "Gandhi Park" }, "amenity": null, "shop": null, "leisure": "park", "tourism": null, "office": null, "public_transport": null, "healthcare": null, "craft": null, "stations_in_radius": [ "CTC/Arena" ], "stations_in_radius_dist_m": [ 522.56 ], "poi_cluster": "recreation" }, "geometry": { "type": "Point", "coordinates": [ -80.8371747, 35.2218003 ] } },
{ "type": "Feature", "properties": { "osm_id": 1235640067, "name": null, "lat": 35.2265187, "lon": -80.8430293, "tags": { "leisure": "outdoor_seating" }, "amenity": null, "shop": null, "leisure": "outdoor_seating", "tourism": null, "office": null, "public_transport": null, "healthcare": null, "craft": null, "stations_in_radius": "['CTC/Arena' '3rd St/Convention']", "stations_in_radius_dist_m": "[224.99 322.59]", "poi_cluster": "recreation" }, "geometry": { "type": "Point", "coordinates": [ -80.8430293, 35.2265187 ] } },
{ "type": "Feature", "properties": { "osm_id": 1313514295, "name": null, "lat": 35.2222554, "lon": -80.8390757, "tags": { "garden:type": "landscaping", "leisure": "garden" }, "amenity": null, "shop": null, "leisure": "garden", "tourism": null, "office": null, "public_transport": null, "healthcare": null, "craft": null, "stations_in_radius": "['CTC/Arena' '3rd St/Convention']", "stations_in_radius_dist_m": "[370.14 392.47]", "poi_cluster": "recreation" }, "geometry": { "type": "Point", "coordinates": [ -80.8390757, 35.2222554 ] } },
{ "type": "Feature", "properties": { "osm_id": 1313514296, "name": null, "lat": 35.2223243, "lon": -80.838972, "tags": { "garden:type": "landscaping", "leisure": "garden" }, "amenity": null, "shop": null, "leisure": "garden", "tourism": null, "office": null, "public_transport": null, "healthcare": null, "craft": null, "stations_in_radius": "['CTC/Arena' '3rd St/Convention']", "stations_in_radius_dist_m": "[369.42 398.41]", "poi_cluster": "recreation" }, "geometry": { "type": "Point", "coordinates": [ -80.838972, 35.2223243 ] } },
{ "type": "Feature", "properties": { "osm_id": 1313514297, "name": null, "lat": 35.2223924, "lon": -80.8388682, "tags": { "garden:type": "landscaping", "leisure": "garden" }, "amenity": null, "shop": null, "leisure": "garden", "tourism": null, "office": null, "public_transport": null, "healthcare": null, "craft": null, "stations_in_radius": "['CTC/Arena' '3rd St/Convention']", "stations_in_radius_dist_m": "[369.18 404.66]", "poi_cluster": "recreation" }, "geometry": { "type": "Point", "coordinates": [ -80.8388682, 35.2223924 ] } },
{ "type": "Feature", "properties": { "osm_id": 1313514298, "name": null, "lat": 35.2224616, "lon": -80.8387645, "tags": { "garden:type": "landscaping", "leisure": "garden" }, "amenity": null, "shop": null, "leisure": "garden", "tourism": null, "office": null, "public_transport": null, "healthcare": null, "craft": null, "stations_in_radius": "['CTC/Arena' '3rd St/Convention']", "stations_in_radius_dist_m": "[369.23 411.13]", "poi_cluster": "recreation" }, "geometry": { "type": "Point", "coordinates": [ -80.8387645, 35.2224616 ] } },
{ "type": "Feature", "properties": { "osm_id": 1313514299, "name": null, "lat": 35.2225306, "lon": -80.8386622, "tags": { "garden:type": "landscaping", "leisure": "garden" }, "amenity": null, "shop": null, "leisure": "garden", "tourism": null, "office": null, "public_transport": null, "healthcare": null, "craft": null, "stations_in_radius": "['CTC/Arena' '3rd St/Convention']", "stations_in_radius_dist_m": "[369.62 417.73]", "poi_cluster": "recreation" }, "geometry": { "type": "Point", "coordinates": [ -80.8386622, 35.2225306 ] } },
{ "type": "Feature", "properties": { "osm_id": 1313514300, "name": null, "lat": 35.2226072, "lon": -80.8385617, "tags": { "garden:type": "landscaping", "leisure": "garden" }, "amenity": null, "shop": null, "leisure": "garden", "tourism": null, "office": null, "public_transport": null, "healthcare": null, "craft": null, "stations_in_radius": "['CTC/Arena' '3rd St/Convention']", "stations_in_radius_dist_m": "[369.68 424.2 ]", "poi_cluster": "recreation" }, "geometry": { "type": "Point", "coordinates": [ -80.8385617, 35.2226072 ] } },
{ "type": "Feature", "properties": { "osm_id": 1313514301, "name": null, "lat": 35.2226838, "lon": -80.8384652, "tags": { "garden:type": "landscaping", "leisure": "garden" }, "amenity": null, "shop": null, "leisure": "garden", "tourism": null, "office": null, "public_transport": null, "healthcare": null, "craft": null, "stations_in_radius": [ "CTC/Arena" ], "stations_in_radius_dist_m": [ 369.9 ], "poi_cluster": "recreation" }, "geometry": { "type": "Point", "coordinates": [ -80.8384652, 35.2226838 ] } },
{ "type": "Feature", "properties": { "osm_id": 1327048750, "name": null, "lat": 35.2283123, "lon": -80.8418003, "tags": { "garden:type": "landscaping", "leisure": "garden" }, "amenity": null, "shop": null, "leisure": "garden", "tourism": null, "office": null, "public_transport": null, "healthcare": null, "craft": null, "stations_in_radius": "['7th Street' 'CTC/Arena']", "stations_in_radius_dist_m": "[361.28 369.23]", "poi_cluster": "recreation" }, "geometry": { "type": "Point", "coordinates": [ -80.8418003, 35.2283123 ] } },
{ "type": "Feature", "properties": { "osm_id": 1327048756, "name": null, "lat": 35.2283063, "lon": -80.8416499, "tags": { "garden:type": "landscaping", "leisure": "garden" }, "amenity": null, "shop": null, "leisure": "garden", "tourism": null, "office": null, "public_transport": null, "healthcare": null, "craft": null, "stations_in_radius": "['7th Street' 'CTC/Arena']", "stations_in_radius_dist_m": "[348.18 367.43]", "poi_cluster": "recreation" }, "geometry": { "type": "Point", "coordinates": [ -80.8416499, 35.2283063 ] } },
{ "type": "Feature", "properties": { "osm_id": 1327048757, "name": null, "lat": 35.2283908, "lon": -80.8415266, "tags": { "garden:type": "landscaping", "leisure": "garden" }, "amenity": null, "shop": null, "leisure": "garden", "tourism": null, "office": null, "public_transport": null, "healthcare": null, "craft": null, "stations_in_radius": "['7th Street' 'CTC/Arena']", "stations_in_radius_dist_m": "[341.13 376.25]", "poi_cluster": "recreation" }, "geometry": { "type": "Point", "coordinates": [ -80.8415266, 35.2283908 ] } },
{ "type": "Feature", "properties": { "osm_id": 1327048758, "name": null, "lat": 35.2281486, "lon": -80.8418692, "tags": { "garden:type": "landscaping", "leisure": "garden" }, "amenity": null, "shop": null, "leisure": "garden", "tourism": null, "office": null, "public_transport": null, "healthcare": null, "craft": null, "stations_in_radius": "['CTC/Arena' '7th Street']", "stations_in_radius_dist_m": "[351.89 361.61]", "poi_cluster": "recreation" }, "geometry": { "type": "Point", "coordinates": [ -80.8418692, 35.2281486 ] } },
{ "type": "Feature", "properties": { "osm_id": 1327048759, "name": null, "lat": 35.2282073, "lon": -80.8417858, "tags": { "garden:type": "landscaping", "leisure": "garden" }, "amenity": null, "shop": null, "leisure": "garden", "tourism": null, "office": null, "public_transport": null, "healthcare": null, "craft": null, "stations_in_radius": "['7th Street' 'CTC/Arena']", "stations_in_radius_dist_m": "[356.28 357.51]", "poi_cluster": "recreation" }, "geometry": { "type": "Point", "coordinates": [ -80.8417858, 35.2282073 ] } },
{ "type": "Feature", "properties": { "osm_id": 1327048760, "name": null, "lat": 35.2284775, "lon": -80.8414045, "tags": { "garden:type": "landscaping", "leisure": "garden" }, "amenity": null, "shop": null, "leisure": "garden", "tourism": null, "office": null, "public_transport": null, "healthcare": null, "craft": null, "stations_in_radius": "['7th Street' 'CTC/Arena']", "stations_in_radius_dist_m": "[334.77 385.66]", "poi_cluster": "recreation" }, "geometry": { "type": "Point", "coordinates": [ -80.8414045, 35.2284775 ] } },
{ "type": "Feature", "properties": { "osm_id": 1327048761, "name": null, "lat": 35.2285666, "lon": -80.8412746, "tags": { "garden:type": "landscaping", "leisure": "garden" }, "amenity": null, "shop": null, "leisure": "garden", "tourism": null, "office": null, "public_transport": null, "healthcare": null, "craft": null, "stations_in_radius": "['7th Street' 'CTC/Arena']", "stations_in_radius_dist_m": "[328.44 395.68]", "poi_cluster": "recreation" }, "geometry": { "type": "Point", "coordinates": [ -80.8412746, 35.2285666 ] } },
{ "type": "Feature", "properties": { "osm_id": 1327048762, "name": null, "lat": 35.2286216, "lon": -80.84119, "tags": { "garden:type": "landscaping", "leisure": "garden" }, "amenity": null, "shop": null, "leisure": "garden", "tourism": null, "office": null, "public_transport": null, "healthcare": null, "craft": null, "stations_in_radius": "['7th Street' 'CTC/Arena']", "stations_in_radius_dist_m": "[324.48 402.05]", "poi_cluster": "recreation" }, "geometry": { "type": "Point", "coordinates": [ -80.84119, 35.2286216 ] } },
{ "type": "Feature", "properties": { "osm_id": 1327048763, "name": null, "lat": 35.2286774, "lon": -80.8411113, "tags": { "garden:type": "landscaping", "leisure": "garden" }, "amenity": null, "shop": null, "leisure": "garden", "tourism": null, "office": null, "public_transport": null, "healthcare": null, "craft": null, "stations_in_radius": "['7th Street' 'CTC/Arena']", "stations_in_radius_dist_m": "[321.28 408.61]", "poi_cluster": "recreation" }, "geometry": { "type": "Point", "coordinates": [ -80.8411113, 35.2286774 ] } },
{ "type": "Feature", "properties": { "osm_id": 1327048764, "name": null, "lat": 35.2287274, "lon": -80.8410415, "tags": { "garden:type": "landscaping", "leisure": "garden" }, "amenity": null, "shop": null, "leisure": "garden", "tourism": null, "office": null, "public_transport": null, "healthcare": null, "craft": null, "stations_in_radius": "['7th Street' 'CTC/Arena']", "stations_in_radius_dist_m": "[318.68 414.59]", "poi_cluster": "recreation" }, "geometry": { "type": "Point", "coordinates": [ -80.8410415, 35.2287274 ] } },
{ "type": "Feature", "properties": { "osm_id": 1327103459, "name": null, "lat": 35.2260785, "lon": -80.845855, "tags": { "garden:type": "landscaping", "leisure": "garden" }, "amenity": null, "shop": null, "leisure": "garden", "tourism": null, "office": null, "public_transport": null, "healthcare": null, "craft": null, "stations_in_radius": "['3rd St/Convention' 'CTC/Arena']", "stations_in_radius_dist_m": "[373.68 423.56]", "poi_cluster": "recreation" }, "geometry": { "type": "Point", "coordinates": [ -80.845855, 35.2260785 ] } },
{ "type": "Feature", "properties": { "osm_id": 1327103460, "name": null, "lat": 35.2258886, "lon": -80.8457705, "tags": { "garden:type": "landscaping", "leisure": "garden" }, "amenity": null, "shop": null, "leisure": "garden", "tourism": null, "office": null, "public_transport": null, "healthcare": null, "craft": null, "stations_in_radius": "['3rd St/Convention' 'CTC/Arena']", "stations_in_radius_dist_m": "[353.13 410.63]", "poi_cluster": "recreation" }, "geometry": { "type": "Point", "coordinates": [ -80.8457705, 35.2258886 ] } },
{ "type": "Feature", "properties": { "osm_id": 1327103469, "name": null, "lat": 35.2259491, "lon": -80.8457618, "tags": { "leisure": "outdoor_seating" }, "amenity": null, "shop": null, "leisure": "outdoor_seating", "tourism": null, "office": null, "public_transport": null, "healthcare": null, "craft": null, "stations_in_radius": "['3rd St/Convention' 'CTC/Arena']", "stations_in_radius_dist_m": "[357.41 411.53]", "poi_cluster": "recreation" }, "geometry": { "type": "Point", "coordinates": [ -80.8457618, 35.2259491 ] } },
{ "type": "Feature", "properties": { "osm_id": 1327103470, "name": null, "lat": 35.2262351, "lon": -80.8461318, "tags": { "leisure": "outdoor_seating" }, "amenity": null, "shop": null, "leisure": "outdoor_seating", "tourism": null, "office": null, "public_transport": null, "healthcare": null, "craft": null, "stations_in_radius": "['3rd St/Convention' 'CTC/Arena']", "stations_in_radius_dist_m": "[403.6  452.73]", "poi_cluster": "recreation" }, "geometry": { "type": "Point", "coordinates": [ -80.8461318, 35.2262351 ] } },
{ "type": "Feature", "properties": { "osm_id": 1352473422, "name": null, "lat": 35.2218753, "lon": -80.8435416, "tags": { "leisure": "outdoor_seating" }, "amenity": null, "shop": null, "leisure": "outdoor_seating", "tourism": null, "office": null, "public_transport": null, "healthcare": null, "craft": null, "stations_in_radius": "['3rd St/Convention' 'Brooklyn Village']", "stations_in_radius_dist_m": "[197.31 313.92]", "poi_cluster": "recreation" }, "geometry": { "type": "Point", "coordinates": [ -80.8435416, 35.2218753 ] } },
{ "type": "Feature", "properties": { "osm_id": 1441928369, "name": null, "lat": 35.2275746, "lon": -80.8432742, "tags": { "garden:type": "landscaping", "leisure": "garden" }, "amenity": null, "shop": null, "leisure": "garden", "tourism": null, "office": null, "public_transport": null, "healthcare": null, "craft": null, "stations_in_radius": "['CTC/Arena' '3rd St/Convention']", "stations_in_radius_dist_m": "[333.05 440.11]", "poi_cluster": "recreation" }, "geometry": { "type": "Point", "coordinates": [ -80.8432742, 35.2275746 ] } },
{ "type": "Feature", "properties": { "osm_id": 1441928370, "name": null, "lat": 35.2276388, "lon": -80.843278, "tags": { "garden:type": "landscaping", "leisure": "garden" }, "amenity": null, "shop": null, "leisure": "garden", "tourism": null, "office": null, "public_transport": null, "healthcare": null, "craft": null, "stations_in_radius": "['CTC/Arena' '3rd St/Convention']", "stations_in_radius_dist_m": "[339.35 447.24]", "poi_cluster": "recreation" }, "geometry": { "type": "Point", "coordinates": [ -80.843278, 35.2276388 ] } },
{ "type": "Feature", "properties": { "osm_id": 1441928371, "name": null, "lat": 35.2276539, "lon": -80.8431655, "tags": { "garden:type": "landscaping", "leisure": "garden" }, "amenity": null, "shop": null, "leisure": "garden", "tourism": null, "office": null, "public_transport": null, "healthcare": null, "craft": null, "stations_in_radius": "['CTC/Arena' '3rd St/Convention']", "stations_in_radius_dist_m": "[335.75 448.57]", "poi_cluster": "recreation" }, "geometry": { "type": "Point", "coordinates": [ -80.8431655, 35.2276539 ] } },
{ "type": "Feature", "properties": { "osm_id": 1441928372, "name": null, "lat": 35.2275664, "lon": -80.8431745, "tags": { "garden:type": "landscaping", "leisure": "garden" }, "amenity": null, "shop": null, "leisure": "garden", "tourism": null, "office": null, "public_transport": null, "healthcare": null, "craft": null, "stations_in_radius": "['CTC/Arena' '3rd St/Convention']", "stations_in_radius_dist_m": "[327.68 438.89]", "poi_cluster": "recreation" }, "geometry": { "type": "Point", "coordinates": [ -80.8431745, 35.2275664 ] } },
{ "type": "Feature", "properties": { "osm_id": 1441928373, "name": null, "lat": 35.2274988, "lon": -80.8431765, "tags": { "garden:type": "landscaping", "leisure": "garden" }, "amenity": null, "shop": null, "leisure": "garden", "tourism": null, "office": null, "public_transport": null, "healthcare": null, "craft": null, "stations_in_radius": "['CTC/Arena' '3rd St/Convention']", "stations_in_radius_dist_m": "[321.29 431.4 ]", "poi_cluster": "recreation" }, "geometry": { "type": "Point", "coordinates": [ -80.8431765, 35.2274988 ] } },
{ "type": "Feature", "properties": { "osm_id": 1441928377, "name": null, "lat": 35.2287157, "lon": -80.8410925, "tags": { "leisure": "outdoor_seating" }, "amenity": null, "shop": null, "leisure": "outdoor_seating", "tourism": null, "office": null, "public_transport": null, "healthcare": null, "craft": null, "stations_in_radius": "['7th Street' 'CTC/Arena']", "stations_in_radius_dist_m": "[321.97 412.96]", "poi_cluster": "recreation" }, "geometry": { "type": "Point", "coordinates": [ -80.8410925, 35.2287157 ] } },
{ "type": "Feature", "properties": { "osm_id": 1848893643, "name": "Aloft Charlotte Uptown at the EpiCentre", "lat": 35.2254742, "lon": -80.8426764, "tags": { "brand": "Aloft", "brand:wikidata": "Q4734166", "name": "Aloft Charlotte Uptown at the EpiCentre", "tourism": "hotel" }, "amenity": null, "shop": null, "leisure": null, "tourism": "hotel", "office": null, "public_transport": null, "healthcare": null, "craft": null, "stations_in_radius": "['CTC/Arena' '3rd St/Convention' '7th Street']", "stations_in_radius_dist_m": "[128.33 209.67 462.56]", "poi_cluster": "tourism" }, "geometry": { "type": "Point", "coordinates": [ -80.8426764, 35.2254742 ] } },
{ "type": "Feature", "properties": { "osm_id": 5016558837, "name": "Queen Charlotte Walks in Her Garden", "lat": 35.227096, "lon": -80.840571, "tags": { "artist_name": "Bailey Graham Weathers, Jr.", "artwork_type": "statue", "material": "bronze", "name": "Queen Charlotte Walks in Her Garden", "source": "https://www.ncpedia.org/monument/queen-charlotte-walks-her", "start_date": "1989-01-26", "tourism": "artwork" }, "amenity": null, "shop": null, "leisure": null, "tourism": "artwork", "office": null, "public_transport": null, "healthcare": null, "craft": null, "stations_in_radius": "['7th Street' 'CTC/Arena' '3rd St/Convention']", "stations_in_radius_dist_m": "[228.91 244.1  448.06]", "poi_cluster": "tourism" }, "geometry": { "type": "Point", "coordinates": [ -80.840571, 35.227096 ] } },
{ "type": "Feature", "properties": { "osm_id": 7986487900, "name": "Transportation", "lat": 35.2272131, "lon": -80.8432503, "tags": { "artist_name": "Raymond Kaskey", "artwork_type": "statue", "material": "bronze", "name": "Transportation", "source": "https://www.ncpedia.org/monument/sculptures-square", "start_date": "1995-11-27", "tourism": "artwork" }, "amenity": null, "shop": null, "leisure": null, "tourism": "artwork", "office": null, "public_transport": null, "healthcare": null, "craft": null, "stations_in_radius": "['CTC/Arena' '3rd St/Convention']", "stations_in_radius_dist_m": "[298.15 399.96]", "poi_cluster": "tourism" }, "geometry": { "type": "Point", "coordinates": [ -80.8432503, 35.2272131 ] } },
{ "type": "Feature", "properties": { "osm_id": 8415199020, "name": "The Future", "lat": 35.2271919, "lon": -80.8429205, "tags": { "artist_name": "Raymond Kaskey", "artwork_type": "statue", "material": "bronze", "name": "The Future", "source": "https://www.ncpedia.org/monument/sculptures-square", "start_date": "1995-11-27", "tourism": "artwork" }, "amenity": null, "shop": null, "leisure": null, "tourism": "artwork", "office": null, "public_transport": null, "healthcare": null, "craft": null, "stations_in_radius": "['CTC/Arena' '3rd St/Convention']", "stations_in_radius_dist_m": "[280.16 397.44]", "poi_cluster": "tourism" }, "geometry": { "type": "Point", "coordinates": [ -80.8429205, 35.2271919 ] } },
{ "type": "Feature", "properties": { "osm_id": 8415199021, "name": "Commerce", "lat": 35.2273367, "lon": -80.8430687, "tags": { "artist_name": "Raymond Kaskey", "artwork_type": "statue", "material": "bronze", "name": "Commerce", "source": "https://www.ncpedia.org/monument/sculptures-square", "start_date": "1995-11-27", "tourism": "artwork" }, "amenity": null, "shop": null, "leisure": null, "tourism": "artwork", "office": null, "public_transport": null, "healthcare": null, "craft": null, "stations_in_radius": "['CTC/Arena' '3rd St/Convention']", "stations_in_radius_dist_m": "[300.82 413.29]", "poi_cluster": "tourism" }, "geometry": { "type": "Point", "coordinates": [ -80.8430687, 35.2273367 ] } },
{ "type": "Feature", "properties": { "osm_id": 8415199022, "name": "Industry", "lat": 35.2270868, "lon": -80.8430894, "tags": { "artist_name": "Raymond Kaskey", "artwork_type": "statue", "material": "bronze", "name": "Industry", "source": "https://www.ncpedia.org/monument/sculptures-square", "start_date": "1995-11-27", "tourism": "artwork" }, "amenity": null, "shop": null, "leisure": null, "tourism": "artwork", "office": null, "public_transport": null, "healthcare": null, "craft": null, "stations_in_radius": "['CTC/Arena' '3rd St/Convention']", "stations_in_radius_dist_m": "[278.34 385.59]", "poi_cluster": "tourism" }, "geometry": { "type": "Point", "coordinates": [ -80.8430894, 35.2270868 ] } },
{ "type": "Feature", "properties": { "osm_id": 8415199023, "name": "Il Grande Disco", "lat": 35.2268965, "lon": -80.8431653, "tags": { "artist_name": "Arnaldo Pomodoro", "artwork_type": "sculpture", "material": "metal", "name": "Il Grande Disco", "source": "http://mintmuseums.org/art/collections/item/ii-grande-disco/", "start_date": "1974-10-02", "tourism": "artwork" }, "amenity": null, "shop": null, "leisure": null, "tourism": "artwork", "office": null, "public_transport": null, "healthcare": null, "craft": null, "stations_in_radius": "['CTC/Arena' '3rd St/Convention']", "stations_in_radius_dist_m": "[265.21 364.6 ]", "poi_cluster": "tourism" }, "geometry": { "type": "Point", "coordinates": [ -80.8431653, 35.2268965 ] } },
{ "type": "Feature", "properties": { "osm_id": 9099545840, "name": "Bank of America Heritage Center", "lat": 35.2268915, "lon": -80.8420148, "tags": { "level": "0", "museum": "history", "name": "Bank of America Heritage Center", "tourism": "museum" }, "amenity": null, "shop": null, "leisure": null, "tourism": "museum", "office": null, "public_transport": null, "healthcare": null, "craft": null, "stations_in_radius": "['CTC/Arena' '7th Street' '3rd St/Convention']", "stations_in_radius_dist_m": "[217.34 361.72 376.14]", "poi_cluster": "tourism" }, "geometry": { "type": "Point", "coordinates": [ -80.8420148, 35.2268915 ] } },
{ "type": "Feature", "properties": { "osm_id": 9111862564, "name": "Residence Inn Charlotte City Center", "lat": 35.2251987, "lon": -80.8414272, "tags": { "addr:city": "Charlotte", "addr:housenumber": "220", "addr:postcode": "28202", "addr:state": "NC", "addr:street": "East Trade Street", "brand": "Residence Inn", "brand:wikidata": "Q7315394", "name": "Residence Inn Charlotte City Center", "official_name": "Residence Inn by Marriott", "tourism": "hotel" }, "amenity": null, "shop": null, "leisure": null, "tourism": "hotel", "office": null, "public_transport": null, "healthcare": null, "craft": null, "stations_in_radius": "['CTC/Arena' '3rd St/Convention' '7th Street']", "stations_in_radius_dist_m": "[ 22.29 230.48 379.66]", "poi_cluster": "tourism" }, "geometry": { "type": "Point", "coordinates": [ -80.8414272, 35.2251987 ] } },
{ "type": "Feature", "properties": { "osm_id": 9111862565, "name": "AC Hotel by Marriott Charlotte City Center", "lat": 35.2253154, "lon": -80.8414502, "tags": { "brand": "AC Hotel", "brand:wikidata": "Q5653536", "name": "AC Hotel by Marriott Charlotte City Center", "tourism": "hotel" }, "amenity": null, "shop": null, "leisure": null, "tourism": "hotel", "office": null, "public_transport": null, "healthcare": null, "craft": null, "stations_in_radius": "['CTC/Arena' '3rd St/Convention' '7th Street']", "stations_in_radius_dist_m": "[ 35.4  239.23 373.89]", "poi_cluster": "tourism" }, "geometry": { "type": "Point", "coordinates": [ -80.8414502, 35.2253154 ] } },
{ "type": "Feature", "properties": { "osm_id": 11092752314, "name": null, "lat": 35.2266951, "lon": -80.8388862, "tags": { "artwork_type": "sculpture", "tourism": "artwork" }, "amenity": null, "shop": null, "leisure": null, "tourism": "artwork", "office": null, "public_transport": null, "healthcare": null, "craft": null, "stations_in_radius": "['7th Street' 'CTC/Arena']", "stations_in_radius_dist_m": "[ 95.09 295.39]", "poi_cluster": "tourism" }, "geometry": { "type": "Point", "coordinates": [ -80.8388862, 35.2266951 ] } },
{ "type": "Feature", "properties": { "osm_id": 12945631873, "name": null, "lat": 35.2272389, "lon": -80.8436164, "tags": { "artwork_type": "sculpture", "tourism": "artwork" }, "amenity": null, "shop": null, "leisure": null, "tourism": "artwork", "office": null, "public_transport": null, "healthcare": null, "craft": null, "stations_in_radius": "['CTC/Arena' '3rd St/Convention']", "stations_in_radius_dist_m": "[320.47 405.62]", "poi_cluster": "tourism" }, "geometry": { "type": "Point", "coordinates": [ -80.8436164, 35.2272389 ] } },
{ "type": "Feature", "properties": { "osm_id": 13231416222, "name": null, "lat": 35.226531, "lon": -80.844289, "tags": { "information": "guidepost", "tourism": "information" }, "amenity": null, "shop": null, "leisure": null, "tourism": "information", "office": null, "public_transport": null, "healthcare": null, "craft": null, "stations_in_radius": "['CTC/Arena' '3rd St/Convention']", "stations_in_radius_dist_m": "[313.73 342.7 ]", "poi_cluster": "tourism" }, "geometry": { "type": "Point", "coordinates": [ -80.844289, 35.226531 ] } },
{ "type": "Feature", "properties": { "osm_id": 120628262, "name": "Hyatt Place Charlotte Downtown", "lat": 35.222597, "lon": -80.841087, "tags": { "addr:city": "Charlotte", "addr:housenumber": "222", "addr:postcode": "28202", "addr:state": "NC", "addr:street": "South Caldwell Street", "branch": "Charlotte Downtown", "brand": "Hyatt Place", "brand:wikidata": "Q72629292", "building": "yes", "building:levels": "17", "height": "103", "name": "Hyatt Place Charlotte Downtown", "phone": "+1 704-227-0500", "tourism": "hotel", "website": "https://www.hyatt.com/en-us/hotel/north-carolina/hyatt-place-charlotte-downtown/cltzu" }, "amenity": null, "shop": null, "leisure": null, "tourism": "hotel", "office": null, "public_transport": null, "healthcare": null, "craft": null, "stations_in_radius": "['3rd St/Convention' 'CTC/Arena']", "stations_in_radius_dist_m": "[211.8  267.92]", "poi_cluster": "tourism" }, "geometry": { "type": "Point", "coordinates": [ -80.841087, 35.222597 ] } },
{ "type": "Feature", "properties": { "osm_id": 174231925, "name": "Discovery Place", "lat": 35.2296144, "lon": -80.8409227, "tags": { "addr:city": "Charlotte", "addr:housenumber": "301", "addr:postcode": "28202", "addr:state": "NC", "addr:street": "North Tryon Street", "building": "yes", "building:levels": "2", "fee": "yes", "height": "22", "name": "Discovery Place", "opening_hours": "Mo-Fr 9:30-16:30", "phone": "+1-704-372-6261", "tourism": "museum", "website": "https://discoveryplace.org/", "wheelchair": "yes", "wikidata": "Q5281960" }, "amenity": null, "shop": null, "leisure": null, "tourism": "museum", "office": null, "public_transport": null, "healthcare": null, "craft": null, "stations_in_radius": [ ], "stations_in_radius_dist_m": [ ], "poi_cluster": "tourism" }, "geometry": { "type": "Point", "coordinates": [ -80.8409227, 35.2296144 ] } },
{ "type": "Feature", "properties": { "osm_id": 380092604, "name": "The Ritz-Carlton, Charlotte", "lat": 35.2261491, "lon": -80.8414748, "tags": { "addr:city": "Charlotte", "addr:housenumber": "201", "addr:postcode": "28202", "addr:state": "NC", "addr:street": "East Trade Street", "brand": "The Ritz-Carlton", "brand:wikidata": "Q782200", "building": "yes", "height": "80", "name": "The Ritz-Carlton, Charlotte", "tourism": "hotel", "wikidata": "Q111394609" }, "amenity": null, "shop": null, "leisure": null, "tourism": "hotel", "office": null, "public_transport": null, "healthcare": null, "craft": null, "stations_in_radius": "['CTC/Arena' '3rd St/Convention' '7th Street']", "stations_in_radius_dist_m": "[127.67 316.39 332.67]", "poi_cluster": "tourism" }, "geometry": { "type": "Point", "coordinates": [ -80.8414748, 35.2261491 ] } },
{ "type": "Feature", "properties": { "osm_id": 380092605, "name": "Hilton Charlotte Uptown", "lat": 35.2239118, "lon": -80.8437606, "tags": { "addr:city": "Charlotte", "addr:housenumber": "222", "addr:postcode": "28202", "addr:state": "NC", "addr:street": "East 3rd Street", "brand": "Hilton", "brand:wikidata": "Q598884", "building": "yes", "building:levels": "10", "height": "83", "internet_access": "yes", "layer": "1", "name": "Hilton Charlotte Uptown", "phone": "+1-704-377-1500", "tourism": "hotel", "website": "https://charlotteuptown.hilton.com", "wikidata": "Q111394608" }, "amenity": null, "shop": null, "leisure": null, "tourism": "hotel", "office": null, "public_transport": null, "healthcare": null, "craft": null, "stations_in_radius": "['3rd St/Convention' 'CTC/Arena' 'Brooklyn Village']", "stations_in_radius_dist_m": "[ 72.01 247.19 402.41]", "poi_cluster": "tourism" }, "geometry": { "type": "Point", "coordinates": [ -80.8437606, 35.2239118 ] } },
{ "type": "Feature", "properties": { "osm_id": 397369787, "name": "Charlotte Marriott City Center", "lat": 35.2280258, "lon": -80.8435409, "tags": { "addr:city": "Charlotte", "addr:housenumber": "100", "addr:postcode": "28202", "addr:state": "NC", "addr:street": "West Trade Street", "building": "yes", "name": "Charlotte Marriott City Center", "tourism": "hotel", "wikidata": "Q111394605" }, "amenity": null, "shop": null, "leisure": null, "tourism": "hotel", "office": null, "public_transport": null, "healthcare": null, "craft": null, "stations_in_radius": [ "CTC/Arena" ], "stations_in_radius_dist_m": [ 388.48 ], "poi_cluster": "tourism" }, "geometry": { "type": "Point", "coordinates": [ -80.8435409, 35.2280258 ] } },
{ "type": "Feature", "properties": { "osm_id": 398591589, "name": "Levine Museum of the New South", "lat": 35.2281955, "lon": -80.8387317, "tags": { "addr:city": "Charlotte", "addr:housenumber": "200", "addr:postcode": "28202", "addr:state": "NC", "addr:street": "East 7th Street", "building": "yes", "check_date": "2023-06-12", "fee": "no", "height": "12", "name": "Levine Museum of the New South", "opening_hours": "Tu-Fr 11:00-17:00; We 11:00-21:00; Sa 10:00-17:00; Su 12:00-17:00; PH off", "tourism": "museum", "website": "https://www.museumofthenewsouth.org/", "wikidata": "Q6535654" }, "amenity": null, "shop": null, "leisure": null, "tourism": "museum", "office": null, "public_transport": null, "healthcare": null, "craft": null, "stations_in_radius": "['7th Street' '9th Street' 'CTC/Arena']", "stations_in_radius_dist_m": "[124.26 378.35 429.07]", "poi_cluster": "tourism" }, "geometry": { "type": "Point", "coordinates": [ -80.8387317, 35.2281955 ] } },
{ "type": "Feature", "properties": { "osm_id": 398591600, "name": "The Dunhill Hotel", "lat": 35.2288901, "lon": -80.8411522, "tags": { "addr:city": "Charlotte", "addr:housenumber": "237", "addr:postcode": "28202", "addr:state": "NC", "addr:street": "North Tryon Street", "building": "yes", "height": "53", "name": "The Dunhill Hotel", "tourism": "hotel" }, "amenity": null, "shop": null, "leisure": null, "tourism": "hotel", "office": null, "public_transport": null, "healthcare": null, "craft": null, "stations_in_radius": "['7th Street' 'CTC/Arena']", "stations_in_radius_dist_m": "[336.87 431.96]", "poi_cluster": "tourism" }, "geometry": { "type": "Point", "coordinates": [ -80.8411522, 35.2288901 ] } },
{ "type": "Feature", "properties": { "osm_id": 484755656, "name": "SpringHill Suites Charlotte Uptown", "lat": 35.2264003, "lon": -80.8392279, "tags": { "addr:city": "Charlotte", "addr:housenumber": "311", "addr:postcode": "28202", "addr:state": "NC", "addr:street": "East 5th Street", "branch": "Charlotte City Center", "brand": "SpringHill Suites", "brand:wikidata": "Q7580351", "building": "yes", "height": "48", "internet_access": "yes", "name": "SpringHill Suites Charlotte Uptown", "official_name": "SpringHill Suites by Marriott", "operator": "Marriot", "phone": "+1 704-439-8100", "ref": "CLTSD", "rooms": "195", "smoking": "no", "tourism": "hotel", "website": "https://www.marriott.com/cltsd" }, "amenity": null, "shop": null, "leisure": null, "tourism": "hotel", "office": null, "public_transport": null, "healthcare": null, "craft": null, "stations_in_radius": "['7th Street' 'CTC/Arena']", "stations_in_radius_dist_m": "[139.85 250.65]", "poi_cluster": "tourism" }, "geometry": { "type": "Point", "coordinates": [ -80.8392279, 35.2264003 ] } },
{ "type": "Feature", "properties": { "osm_id": 500204487, "name": "Omni Charlotte Hotel", "lat": 35.2262153, "lon": -80.842852, "tags": { "addr:city": "Charlotte", "addr:housenumber": "132", "addr:postcode": "28202", "addr:state": "NC", "addr:street": "East Trade Street", "brand:wikidata": "Q7090329", "building": "yes", "height": "28", "internet_access": "yes", "name": "Omni Charlotte Hotel", "operator": "Omni Hotels & Resorts", "phone": "+1-704-377-0400", "tourism": "hotel", "website": "https://www.omnihotels.com/hotels/charlotte" }, "amenity": null, "shop": null, "leisure": null, "tourism": "hotel", "office": null, "public_transport": null, "healthcare": null, "craft": null, "stations_in_radius": "['CTC/Arena' '3rd St/Convention']", "stations_in_radius_dist_m": "[189.38 289.55]", "poi_cluster": "tourism" }, "geometry": { "type": "Point", "coordinates": [ -80.842852, 35.2262153 ] } },
{ "type": "Feature", "properties": { "osm_id": 500727932, "name": "Embassy Suites by Hilton Charlotte Uptown", "lat": 35.2219781, "lon": -80.8425865, "tags": { "addr:city": "Charlotte", "addr:housenumber": "401", "addr:postcode": "28202", "addr:state": "NC", "addr:street": "East Martin Luther King Jr Boulevard", "branch": "Charlotte Uptown", "brand": "Embassy Suites", "brand:wikidata": "Q5369524", "building": "yes", "building:levels": "9", "height": "13", "name": "Embassy Suites by Hilton Charlotte Uptown", "official_name": "Embassy Suites by Hilton", "ref": "CLTMLES", "tourism": "hotel", "website": "https://www.hilton.com/en/hotels/cltmles-embassy-suites-charlotte-uptown/" }, "amenity": null, "shop": null, "leisure": null, "tourism": "hotel", "office": null, "public_transport": null, "healthcare": null, "craft": null, "stations_in_radius": "['3rd St/Convention' 'CTC/Arena' 'Brooklyn Village']", "stations_in_radius_dist_m": "[186.04 352.38 401.52]", "poi_cluster": "tourism" }, "geometry": { "type": "Point", "coordinates": [ -80.8425865, 35.2219781 ] } },
{ "type": "Feature", "properties": { "osm_id": 500736208, "name": "Hyatt House Charlotte/Center City", "lat": 35.2241877, "lon": -80.8390722, "tags": { "addr:city": "Charlotte", "addr:housenumber": "435", "addr:postcode": "28202", "addr:state": "NC", "addr:street": "East Trade Street", "branch": "Charlotte/Center City", "brand": "Hyatt House", "brand:wikidata": "Q109292191", "building": "apartments", "building:levels": "16", "height": "17", "name": "Hyatt House Charlotte/Center City", "operator": "Hyatt", "phone": "+1 704-373-9700", "tourism": "hotel", "website": "https://www.hyatt.com/hyatt-house/en-us/cltxd-hyatt-house-charlotte-center-city" }, "amenity": null, "shop": null, "leisure": null, "tourism": "hotel", "office": null, "public_transport": null, "healthcare": null, "craft": null, "stations_in_radius": "['CTC/Arena' '7th Street' '3rd St/Convention']", "stations_in_radius_dist_m": "[229.36 348.67 368.51]", "poi_cluster": "tourism" }, "geometry": { "type": "Point", "coordinates": [ -80.8390722, 35.2241877 ] } },
{ "type": "Feature", "properties": { "osm_id": 500736212, "name": "Holiday Inn Center City", "lat": 35.2273392, "lon": -80.8401602, "tags": { "brand": "Holiday Inn", "brand:wikidata": "Q2717882", "building": "yes", "height": "60", "name": "Holiday Inn Center City", "tourism": "hotel", "wikidata": "Q111394610" }, "amenity": null, "shop": null, "leisure": null, "tourism": "hotel", "office": null, "public_transport": null, "healthcare": null, "craft": null, "stations_in_radius": "['7th Street' 'CTC/Arena']", "stations_in_radius_dist_m": "[191.57 282.53]", "poi_cluster": "tourism" }, "geometry": { "type": "Point", "coordinates": [ -80.8401602, 35.2273392 ] } },
{ "type": "Feature", "properties": { "osm_id": 835603874, "name": "Grand Bohemian Hotel Charlotte, Autograph Collection", "lat": 35.2281193, "lon": -80.8447487, "tags": { "addr:city": "Charlotte", "addr:housenumber": "201", "addr:postcode": "28202", "addr:state": "NC", "addr:street": "West Trade Street", "building": "yes", "name": "Grand Bohemian Hotel Charlotte, Autograph Collection", "tourism": "hotel" }, "amenity": null, "shop": null, "leisure": null, "tourism": "hotel", "office": null, "public_transport": null, "healthcare": null, "craft": null, "stations_in_radius": [ "CTC/Arena" ], "stations_in_radius_dist_m": [ 461.61 ], "poi_cluster": "tourism" }, "geometry": { "type": "Point", "coordinates": [ -80.8447487, 35.2281193 ] } },
{ "type": "Feature", "properties": { "osm_id": 948973303, "name": "Courtyard Charlotte City Center", "lat": 35.2255941, "lon": -80.8446822, "tags": { "addr:city": "Charlotte", "addr:housenumber": "237", "addr:postcode": "28202", "addr:state": "NC", "addr:street": "South Tryon Street", "branch": "Charlotte City Center", "brand": "Courtyard", "brand:wikidata": "Q1053170", "building:part": "yes", "name": "Courtyard Charlotte City Center", "official_name": "Courtyard by Marriott", "phone": "+1 704-926-5800", "ref": "CLTUP", "source": "GPS", "tourism": "hotel", "website": "https://www.marriott.com/cltup" }, "amenity": null, "shop": null, "leisure": null, "tourism": "hotel", "office": null, "public_transport": null, "healthcare": null, "craft": null, "stations_in_radius": "['3rd St/Convention' 'CTC/Arena']", "stations_in_radius_dist_m": "[264.97 306.75]", "poi_cluster": "tourism" }, "geometry": { "type": "Point", "coordinates": [ -80.8446822, 35.2255941 ] } },
{ "type": "Feature", "properties": { "osm_id": 984713014, "name": null, "lat": 35.225251, "lon": -80.8405025, "tags": { "area": "yes", "artist_name": "Andrew Leicester", "artwork_type": "installation", "height": "15", "tourism": "artwork" }, "amenity": null, "shop": null, "leisure": null, "tourism": "artwork", "office": null, "public_transport": null, "healthcare": null, "craft": null, "stations_in_radius": "['CTC/Arena' '3rd St/Convention' '7th Street']", "stations_in_radius_dist_m": "[ 85.43 295.44 311.59]", "poi_cluster": "tourism" }, "geometry": { "type": "Point", "coordinates": [ -80.8405025, 35.225251 ] } },
{ "type": "Feature", "properties": { "osm_id": 984713015, "name": null, "lat": 35.225304, "lon": -80.8405649, "tags": { "area": "yes", "artist_name": "Andrew Leicester", "artwork_type": "installation", "height": "15", "tourism": "artwork" }, "amenity": null, "shop": null, "leisure": null, "tourism": "artwork", "office": null, "public_transport": null, "healthcare": null, "craft": null, "stations_in_radius": "['CTC/Arena' '3rd St/Convention' '7th Street']", "stations_in_radius_dist_m": "[ 82.31 294.7  311.62]", "poi_cluster": "tourism" }, "geometry": { "type": "Point", "coordinates": [ -80.8405649, 35.225304 ] } },
{ "type": "Feature", "properties": { "osm_id": 984713016, "name": null, "lat": 35.2251962, "lon": -80.84044, "tags": { "area": "yes", "artist_name": "Andrew Leicester", "artwork_type": "installation", "height": "15", "tourism": "artwork" }, "amenity": null, "shop": null, "leisure": null, "tourism": "artwork", "office": null, "public_transport": null, "healthcare": null, "craft": null, "stations_in_radius": "['CTC/Arena' '3rd St/Convention' '7th Street']", "stations_in_radius_dist_m": "[ 89.15 296.3  311.9 ]", "poi_cluster": "tourism" }, "geometry": { "type": "Point", "coordinates": [ -80.84044, 35.2251962 ] } },
{ "type": "Feature", "properties": { "osm_id": 984713017, "name": null, "lat": 35.2251438, "lon": -80.840378, "tags": { "area": "yes", "artist_name": "Andrew Leicester", "artwork_type": "installation", "height": "15", "tourism": "artwork" }, "amenity": null, "shop": null, "leisure": null, "tourism": "artwork", "office": null, "public_transport": null, "healthcare": null, "craft": null, "stations_in_radius": "['CTC/Arena' '3rd St/Convention' '7th Street']", "stations_in_radius_dist_m": "[ 93.46 297.49 312.27]", "poi_cluster": "tourism" }, "geometry": { "type": "Point", "coordinates": [ -80.840378, 35.2251438 ] } },
{ "type": "Feature", "properties": { "osm_id": 985188329, "name": "The Ivey's Hotel", "lat": 35.2283618, "lon": -80.8426649, "tags": { "addr:city": "Charlotte", "addr:housenumber": "127", "addr:postcode": "28202", "addr:state": "NC", "addr:street": "North Tryon Street", "building": "yes", "name": "The Ivey's Hotel", "tourism": "hotel", "wikidata": "Q111394606" }, "amenity": null, "shop": null, "leisure": null, "tourism": "hotel", "office": null, "public_transport": null, "healthcare": null, "craft": null, "stations_in_radius": [ "CTC/Arena" ], "stations_in_radius_dist_m": [ 390.46 ], "poi_cluster": "tourism" }, "geometry": { "type": "Point", "coordinates": [ -80.8426649, 35.2283618 ] } },
{ "type": "Feature", "properties": { "osm_id": 1181519418, "name": null, "lat": 35.2283125, "lon": -80.8432456, "tags": { "artwork_type": "mural", "tourism": "artwork" }, "amenity": null, "shop": null, "leisure": null, "tourism": "artwork", "office": null, "public_transport": null, "healthcare": null, "craft": null, "stations_in_radius": [ "CTC/Arena" ], "stations_in_radius_dist_m": [ 404.31 ], "poi_cluster": "tourism" }, "geometry": { "type": "Point", "coordinates": [ -80.8432456, 35.2283125 ] } },
{ "type": "Feature", "properties": { "osm_id": 1181519420, "name": null, "lat": 35.2291463, "lon": -80.8409757, "tags": { "artwork_type": "mural", "tourism": "artwork" }, "amenity": null, "shop": null, "leisure": null, "tourism": "artwork", "office": null, "public_transport": null, "healthcare": null, "craft": null, "stations_in_radius": "['7th Street' 'CTC/Arena']", "stations_in_radius_dist_m": "[340.64 461.37]", "poi_cluster": "tourism" }, "geometry": { "type": "Point", "coordinates": [ -80.8409757, 35.2291463 ] } },
{ "type": "Feature", "properties": { "osm_id": 1192647313, "name": "Bus Stop", "lat": 35.2267207, "lon": -80.8367246, "tags": { "artist_name": "Donald Justice", "artwork_type": "mural", "name": "Bus Stop", "tourism": "artwork" }, "amenity": null, "shop": null, "leisure": null, "tourism": "artwork", "office": null, "public_transport": null, "healthcare": null, "craft": null, "stations_in_radius": "['7th Street' '9th Street' 'CTC/Arena']", "stations_in_radius_dist_m": "[133.54 365.78 465.47]", "poi_cluster": "tourism" }, "geometry": { "type": "Point", "coordinates": [ -80.8367246, 35.2267207 ] } },
{ "type": "Feature", "properties": { "osm_id": 1193944321, "name": null, "lat": 35.2282442, "lon": -80.8379035, "tags": { "artwork_type": "mural", "tourism": "artwork" }, "amenity": null, "shop": null, "leisure": null, "tourism": "artwork", "office": null, "public_transport": null, "healthcare": null, "craft": null, "stations_in_radius": "['7th Street' '9th Street' 'CTC/Arena']", "stations_in_radius_dist_m": "[114.47 309.63 479.69]", "poi_cluster": "tourism" }, "geometry": { "type": "Point", "coordinates": [ -80.8379035, 35.2282442 ] } },
{ "type": "Feature", "properties": { "osm_id": 1193944322, "name": null, "lat": 35.2281892, "lon": -80.8379742, "tags": { "artwork_type": "mural", "tourism": "artwork" }, "amenity": null, "shop": null, "leisure": null, "tourism": "artwork", "office": null, "public_transport": null, "healthcare": null, "craft": null, "stations_in_radius": "['7th Street' '9th Street' 'CTC/Arena']", "stations_in_radius_dist_m": "[107.77 318.31 470.86]", "poi_cluster": "tourism" }, "geometry": { "type": "Point", "coordinates": [ -80.8379742, 35.2281892 ] } },
{ "type": "Feature", "properties": { "osm_id": 1193944323, "name": null, "lat": 35.2283763, "lon": -80.8376465, "tags": { "artwork_type": "mural", "tourism": "artwork" }, "amenity": null, "shop": null, "leisure": null, "tourism": "artwork", "office": null, "public_transport": null, "healthcare": null, "craft": null, "stations_in_radius": "['7th Street' '9th Street' 'CTC/Arena']", "stations_in_radius_dist_m": "[133.64 282.04 506.21]", "poi_cluster": "tourism" }, "geometry": { "type": "Point", "coordinates": [ -80.8376465, 35.2283763 ] } },
{ "type": "Feature", "properties": { "osm_id": 1193944324, "name": null, "lat": 35.2283325, "lon": -80.8382383, "tags": { "artwork_type": "mural", "tourism": "artwork" }, "amenity": null, "shop": null, "leisure": null, "tourism": "artwork", "office": null, "public_transport": null, "healthcare": null, "craft": null, "stations_in_radius": "['7th Street' '9th Street' 'CTC/Arena']", "stations_in_radius_dist_m": "[124.44 331.41 467.81]", "poi_cluster": "tourism" }, "geometry": { "type": "Point", "coordinates": [ -80.8382383, 35.2283325 ] } },
{ "type": "Feature", "properties": { "osm_id": 1193944325, "name": null, "lat": 35.2281514, "lon": -80.8380229, "tags": { "artwork_type": "mural", "tourism": "artwork" }, "amenity": null, "shop": null, "leisure": null, "tourism": "artwork", "office": null, "public_transport": null, "healthcare": null, "craft": null, "stations_in_radius": "['7th Street' '9th Street' 'CTC/Arena']", "stations_in_radius_dist_m": "[103.35 324.29 464.79]", "poi_cluster": "tourism" }, "geometry": { "type": "Point", "coordinates": [ -80.8380229, 35.2281514 ] } },
{ "type": "Feature", "properties": { "osm_id": 1193944326, "name": null, "lat": 35.2282201, "lon": -80.837878, "tags": { "artwork_type": "mural", "tourism": "artwork" }, "amenity": null, "shop": null, "leisure": null, "tourism": "artwork", "office": null, "public_transport": null, "healthcare": null, "craft": null, "stations_in_radius": "['7th Street' '9th Street' 'CTC/Arena']", "stations_in_radius_dist_m": "[112.14 309.07 479.24]", "poi_cluster": "tourism" }, "geometry": { "type": "Point", "coordinates": [ -80.837878, 35.2282201 ] } },
{ "type": "Feature", "properties": { "osm_id": 1193944327, "name": null, "lat": 35.2284645, "lon": -80.838124, "tags": { "artwork_type": "mural", "tourism": "artwork" }, "amenity": null, "shop": null, "leisure": null, "tourism": "artwork", "office": null, "public_transport": null, "healthcare": null, "craft": null, "stations_in_radius": "['7th Street' '9th Street' 'CTC/Arena']", "stations_in_radius_dist_m": "[138.14 315.57 485.75]", "poi_cluster": "tourism" }, "geometry": { "type": "Point", "coordinates": [ -80.838124, 35.2284645 ] } },
{ "type": "Feature", "properties": { "osm_id": 1193944328, "name": null, "lat": 35.2284418, "lon": -80.8377781, "tags": { "artwork_type": "mural", "tourism": "artwork" }, "amenity": null, "shop": null, "leisure": null, "tourism": "artwork", "office": null, "public_transport": null, "healthcare": null, "craft": null, "stations_in_radius": "['7th Street' '9th Street' 'CTC/Arena']", "stations_in_radius_dist_m": "[137.91 288.75 503.71]", "poi_cluster": "tourism" }, "geometry": { "type": "Point", "coordinates": [ -80.8377781, 35.2284418 ] } },
{ "type": "Feature", "properties": { "osm_id": 1193944329, "name": null, "lat": 35.2283855, "lon": -80.8376154, "tags": { "artwork_type": "mural", "tourism": "artwork" }, "amenity": null, "shop": null, "leisure": null, "tourism": "artwork", "office": null, "public_transport": null, "healthcare": null, "craft": null, "stations_in_radius": "['7th Street' '9th Street' 'CTC/Arena']", "stations_in_radius_dist_m": "[135.44 279.09 508.87]", "poi_cluster": "tourism" }, "geometry": { "type": "Point", "coordinates": [ -80.8376154, 35.2283855 ] } },
{ "type": "Feature", "properties": { "osm_id": 1193944330, "name": null, "lat": 35.2285435, "lon": -80.8378878, "tags": { "artwork_type": "mural", "tourism": "artwork" }, "amenity": null, "shop": null, "leisure": null, "tourism": "artwork", "office": null, "public_transport": null, "healthcare": null, "craft": null, "stations_in_radius": "['7th Street' '9th Street']", "stations_in_radius_dist_m": "[147.61 292.41]", "poi_cluster": "tourism" }, "geometry": { "type": "Point", "coordinates": [ -80.8378878, 35.2285435 ] } },
{ "type": "Feature", "properties": { "osm_id": 1193944331, "name": null, "lat": 35.2284106, "lon": -80.8377234, "tags": { "artwork_type": "mural", "tourism": "artwork" }, "amenity": null, "shop": null, "leisure": null, "tourism": "artwork", "office": null, "public_transport": null, "healthcare": null, "craft": null, "stations_in_radius": "['7th Street' '9th Street' 'CTC/Arena']", "stations_in_radius_dist_m": "[135.54 286.12 504.37]", "poi_cluster": "tourism" }, "geometry": { "type": "Point", "coordinates": [ -80.8377234, 35.2284106 ] } },
{ "type": "Feature", "properties": { "osm_id": 1193944332, "name": null, "lat": 35.228308, "lon": -80.8382268, "tags": { "artwork_type": "mural", "tourism": "artwork" }, "amenity": null, "shop": null, "leisure": null, "tourism": "artwork", "office": null, "public_transport": null, "healthcare": null, "craft": null, "stations_in_radius": "['7th Street' '9th Street' 'CTC/Arena']", "stations_in_radius_dist_m": "[121.61 331.74 466.31]", "poi_cluster": "tourism" }, "geometry": { "type": "Point", "coordinates": [ -80.8382268, 35.228308 ] } },
{ "type": "Feature", "properties": { "osm_id": 1193944333, "name": null, "lat": 35.2283217, "lon": -80.8382091, "tags": { "artwork_type": "mural", "tourism": "artwork" }, "amenity": null, "shop": null, "leisure": null, "tourism": "artwork", "office": null, "public_transport": null, "healthcare": null, "craft": null, "stations_in_radius": "['7th Street' '9th Street' 'CTC/Arena']", "stations_in_radius_dist_m": "[122.93 329.6  468.5 ]", "poi_cluster": "tourism" }, "geometry": { "type": "Point", "coordinates": [ -80.8382091, 35.2283217 ] } },
{ "type": "Feature", "properties": { "osm_id": 1194649369, "name": null, "lat": 35.2255548, "lon": -80.8442102, "tags": { "artwork_type": "mural", "level": "1", "tourism": "artwork" }, "amenity": null, "shop": null, "leisure": null, "tourism": "artwork", "office": null, "public_transport": null, "healthcare": null, "craft": null, "stations_in_radius": "['3rd St/Convention' 'CTC/Arena']", "stations_in_radius_dist_m": "[239.74 263.91]", "poi_cluster": "tourism" }, "geometry": { "type": "Point", "coordinates": [ -80.8442102, 35.2255548 ] } },
{ "type": "Feature", "properties": { "osm_id": 1194649370, "name": null, "lat": 35.2255093, "lon": -80.8442793, "tags": { "artwork_type": "mural", "tourism": "artwork" }, "amenity": null, "shop": null, "leisure": null, "tourism": "artwork", "office": null, "public_transport": null, "healthcare": null, "craft": null, "stations_in_radius": "['3rd St/Convention' 'CTC/Arena']", "stations_in_radius_dist_m": "[238.07 268.93]", "poi_cluster": "tourism" }, "geometry": { "type": "Point", "coordinates": [ -80.8442793, 35.2255093 ] } },
{ "type": "Feature", "properties": { "osm_id": 1194649371, "name": null, "lat": 35.2254795, "lon": -80.8443247, "tags": { "artwork_type": "mural", "tourism": "artwork" }, "amenity": null, "shop": null, "leisure": null, "tourism": "artwork", "office": null, "public_transport": null, "healthcare": null, "craft": null, "stations_in_radius": "['3rd St/Convention' 'CTC/Arena']", "stations_in_radius_dist_m": "[237.13 272.3 ]", "poi_cluster": "tourism" }, "geometry": { "type": "Point", "coordinates": [ -80.8443247, 35.2254795 ] } },
{ "type": "Feature", "properties": { "osm_id": 1194649372, "name": null, "lat": 35.225732, "lon": -80.843941, "tags": { "artwork_type": "mural", "tourism": "artwork" }, "amenity": null, "shop": null, "leisure": null, "tourism": "artwork", "office": null, "public_transport": null, "healthcare": null, "craft": null, "stations_in_radius": "['CTC/Arena' '3rd St/Convention']", "stations_in_radius_dist_m": "[245.93 248.61]", "poi_cluster": "tourism" }, "geometry": { "type": "Point", "coordinates": [ -80.843941, 35.225732 ] } },
{ "type": "Feature", "properties": { "osm_id": 1194649373, "name": null, "lat": 35.2256575, "lon": -80.8440542, "tags": { "artwork_type": "mural", "tourism": "artwork" }, "amenity": null, "shop": null, "leisure": null, "tourism": "artwork", "office": null, "public_transport": null, "healthcare": null, "craft": null, "stations_in_radius": "['3rd St/Convention' 'CTC/Arena']", "stations_in_radius_dist_m": "[244.43 253.17]", "poi_cluster": "tourism" }, "geometry": { "type": "Point", "coordinates": [ -80.8440542, 35.2256575 ] } },
{ "type": "Feature", "properties": { "osm_id": 1194649374, "name": null, "lat": 35.2257858, "lon": -80.8438903, "tags": { "artwork_type": "mural", "layer": "1", "tourism": "artwork" }, "amenity": null, "shop": null, "leisure": null, "tourism": "artwork", "office": null, "public_transport": null, "healthcare": null, "craft": null, "stations_in_radius": "['CTC/Arena' '3rd St/Convention']", "stations_in_radius_dist_m": "[243.65 252.85]", "poi_cluster": "tourism" }, "geometry": { "type": "Point", "coordinates": [ -80.8438903, 35.2257858 ] } },
{ "type": "Feature", "properties": { "osm_id": 1194649375, "name": null, "lat": 35.2256078, "lon": -80.8441297, "tags": { "artwork_type": "mural", "tourism": "artwork" }, "amenity": null, "shop": null, "leisure": null, "tourism": "artwork", "office": null, "public_transport": null, "healthcare": null, "craft": null, "stations_in_radius": "['3rd St/Convention' 'CTC/Arena']", "stations_in_radius_dist_m": "[242.   258.27]", "poi_cluster": "tourism" }, "geometry": { "type": "Point", "coordinates": [ -80.8441297, 35.2256078 ] } },
{ "type": "Feature", "properties": { "osm_id": 1194649376, "name": null, "lat": 35.2253038, "lon": -80.8445942, "tags": { "artwork_type": "mural", "tourism": "artwork" }, "amenity": null, "shop": null, "leisure": null, "tourism": "artwork", "office": null, "public_transport": null, "healthcare": null, "craft": null, "stations_in_radius": "['3rd St/Convention' 'CTC/Arena' 'Brooklyn Village']", "stations_in_radius_dist_m": "[234.05 293.53 483.7 ]", "poi_cluster": "tourism" }, "geometry": { "type": "Point", "coordinates": [ -80.8445942, 35.2253038 ] } },
{ "type": "Feature", "properties": { "osm_id": 1194649377, "name": null, "lat": 35.2256395, "lon": -80.8440816, "tags": { "artwork_type": "mural", "tourism": "artwork" }, "amenity": null, "shop": null, "leisure": null, "tourism": "artwork", "office": null, "public_transport": null, "healthcare": null, "craft": null, "stations_in_radius": "['3rd St/Convention' 'CTC/Arena']", "stations_in_radius_dist_m": "[243.52 255.  ]", "poi_cluster": "tourism" }, "geometry": { "type": "Point", "coordinates": [ -80.8440816, 35.2256395 ] } },
{ "type": "Feature", "properties": { "osm_id": 1194649378, "name": null, "lat": 35.2256782, "lon": -80.8440227, "tags": { "artwork_type": "mural", "tourism": "artwork" }, "amenity": null, "shop": null, "leisure": null, "tourism": "artwork", "office": null, "public_transport": null, "healthcare": null, "craft": null, "stations_in_radius": "['3rd St/Convention' 'CTC/Arena']", "stations_in_radius_dist_m": "[245.53 251.11]", "poi_cluster": "tourism" }, "geometry": { "type": "Point", "coordinates": [ -80.8440227, 35.2256782 ] } },
{ "type": "Feature", "properties": { "osm_id": 1194649379, "name": null, "lat": 35.225812, "lon": -80.8438206, "tags": { "artwork_type": "mural", "tourism": "artwork" }, "amenity": null, "shop": null, "leisure": null, "tourism": "artwork", "office": null, "public_transport": null, "healthcare": null, "craft": null, "stations_in_radius": "['CTC/Arena' '3rd St/Convention']", "stations_in_radius_dist_m": "[238.82 253.82]", "poi_cluster": "tourism" }, "geometry": { "type": "Point", "coordinates": [ -80.8438206, 35.225812 ] } },
{ "type": "Feature", "properties": { "osm_id": 1194649380, "name": null, "lat": 35.2253724, "lon": -80.8444875, "tags": { "artwork_type": "mural", "level": "1", "tourism": "artwork" }, "amenity": null, "shop": null, "leisure": null, "tourism": "artwork", "office": null, "public_transport": null, "healthcare": null, "craft": null, "stations_in_radius": "['3rd St/Convention' 'CTC/Arena']", "stations_in_radius_dist_m": "[234.68 284.89]", "poi_cluster": "tourism" }, "geometry": { "type": "Point", "coordinates": [ -80.8444875, 35.2253724 ] } },
{ "type": "Feature", "properties": { "osm_id": 1194649381, "name": null, "lat": 35.2258639, "lon": -80.843744, "tags": { "artwork_type": "mural", "tourism": "artwork" }, "amenity": null, "shop": null, "leisure": null, "tourism": "artwork", "office": null, "public_transport": null, "healthcare": null, "craft": null, "stations_in_radius": "['CTC/Arena' '3rd St/Convention']", "stations_in_radius_dist_m": "[234.66 257.59]", "poi_cluster": "tourism" }, "geometry": { "type": "Point", "coordinates": [ -80.843744, 35.2258639 ] } },
{ "type": "Feature", "properties": { "osm_id": 1194649382, "name": null, "lat": 35.2254338, "lon": -80.8443942, "tags": { "artwork_type": "mural", "tourism": "artwork" }, "amenity": null, "shop": null, "leisure": null, "tourism": "artwork", "office": null, "public_transport": null, "healthcare": null, "craft": null, "stations_in_radius": "['3rd St/Convention' 'CTC/Arena']", "stations_in_radius_dist_m": "[235.9  277.59]", "poi_cluster": "tourism" }, "geometry": { "type": "Point", "coordinates": [ -80.8443942, 35.2254338 ] } },
{ "type": "Feature", "properties": { "osm_id": 1194649383, "name": null, "lat": 35.2257726, "lon": -80.8438794, "tags": { "artwork_type": "mural", "tourism": "artwork" }, "amenity": null, "shop": null, "leisure": null, "tourism": "artwork", "office": null, "public_transport": null, "healthcare": null, "craft": null, "stations_in_radius": "['CTC/Arena' '3rd St/Convention']", "stations_in_radius_dist_m": "[242.2  251.16]", "poi_cluster": "tourism" }, "geometry": { "type": "Point", "coordinates": [ -80.8438794, 35.2257726 ] } },
{ "type": "Feature", "properties": { "osm_id": 1194649384, "name": null, "lat": 35.2257003, "lon": -80.8439892, "tags": { "artwork_type": "mural", "tourism": "artwork" }, "amenity": null, "shop": null, "leisure": null, "tourism": "artwork", "office": null, "public_transport": null, "healthcare": null, "craft": null, "stations_in_radius": "['3rd St/Convention' 'CTC/Arena']", "stations_in_radius_dist_m": "[246.76 248.95]", "poi_cluster": "tourism" }, "geometry": { "type": "Point", "coordinates": [ -80.8439892, 35.2257003 ] } },
{ "type": "Feature", "properties": { "osm_id": 1194649385, "name": null, "lat": 35.225877, "lon": -80.8436779, "tags": { "artwork_type": "mural", "tourism": "artwork" }, "amenity": null, "shop": null, "leisure": null, "tourism": "artwork", "office": null, "public_transport": null, "healthcare": null, "craft": null, "stations_in_radius": "['CTC/Arena' '3rd St/Convention']", "stations_in_radius_dist_m": "[229.8  257.62]", "poi_cluster": "tourism" }, "geometry": { "type": "Point", "coordinates": [ -80.8436779, 35.225877 ] } },
{ "type": "Feature", "properties": { "osm_id": 1194649386, "name": null, "lat": 35.2255548, "lon": -80.8442102, "tags": { "artwork_type": "mural", "tourism": "artwork" }, "amenity": null, "shop": null, "leisure": null, "tourism": "artwork", "office": null, "public_transport": null, "healthcare": null, "craft": null, "stations_in_radius": "['3rd St/Convention' 'CTC/Arena']", "stations_in_radius_dist_m": "[239.74 263.91]", "poi_cluster": "tourism" }, "geometry": { "type": "Point", "coordinates": [ -80.8442102, 35.2255548 ] } },
{ "type": "Feature", "properties": { "osm_id": 1194649387, "name": null, "lat": 35.2253724, "lon": -80.8444875, "tags": { "artwork_type": "mural", "tourism": "artwork" }, "amenity": null, "shop": null, "leisure": null, "tourism": "artwork", "office": null, "public_transport": null, "healthcare": null, "craft": null, "stations_in_radius": "['3rd St/Convention' 'CTC/Arena']", "stations_in_radius_dist_m": "[234.68 284.89]", "poi_cluster": "tourism" }, "geometry": { "type": "Point", "coordinates": [ -80.8444875, 35.2253724 ] } },
{ "type": "Feature", "properties": { "osm_id": 1194649388, "name": null, "lat": 35.2254338, "lon": -80.8443942, "tags": { "artwork_type": "mural", "level": "1", "tourism": "artwork" }, "amenity": null, "shop": null, "leisure": null, "tourism": "artwork", "office": null, "public_transport": null, "healthcare": null, "craft": null, "stations_in_radius": "['3rd St/Convention' 'CTC/Arena']", "stations_in_radius_dist_m": "[235.9  277.59]", "poi_cluster": "tourism" }, "geometry": { "type": "Point", "coordinates": [ -80.8443942, 35.2254338 ] } },
{ "type": "Feature", "properties": { "osm_id": 1194649389, "name": null, "lat": 35.2252372, "lon": -80.8446255, "tags": { "artwork_type": "mural", "tourism": "artwork" }, "amenity": null, "shop": null, "leisure": null, "tourism": "artwork", "office": null, "public_transport": null, "healthcare": null, "craft": null, "stations_in_radius": "['3rd St/Convention' 'CTC/Arena' 'Brooklyn Village']", "stations_in_radius_dist_m": "[229.91 295.61 475.81]", "poi_cluster": "tourism" }, "geometry": { "type": "Point", "coordinates": [ -80.8446255, 35.2252372 ] } },
{ "type": "Feature", "properties": { "osm_id": 1194653330, "name": null, "lat": 35.2253631, "lon": -80.8445686, "tags": { "artwork_type": "mural", "tourism": "artwork" }, "amenity": null, "shop": null, "leisure": null, "tourism": "artwork", "office": null, "public_transport": null, "healthcare": null, "craft": null, "stations_in_radius": "['3rd St/Convention' 'CTC/Arena' 'Brooklyn Village']", "stations_in_radius_dist_m": "[238.01 292.05 490.63]", "poi_cluster": "tourism" }, "geometry": { "type": "Point", "coordinates": [ -80.8445686, 35.2253631 ] } },
{ "type": "Feature", "properties": { "osm_id": 1194653331, "name": null, "lat": 35.2255768, "lon": -80.844301, "tags": { "artwork_type": "mural", "tourism": "artwork" }, "amenity": null, "shop": null, "leisure": null, "tourism": "artwork", "office": null, "public_transport": null, "healthcare": null, "craft": null, "stations_in_radius": "['3rd St/Convention' 'CTC/Arena']", "stations_in_radius_dist_m": "[245.62 272.52]", "poi_cluster": "tourism" }, "geometry": { "type": "Point", "coordinates": [ -80.844301, 35.2255768 ] } },
{ "type": "Feature", "properties": { "osm_id": 1194653332, "name": null, "lat": 35.225524, "lon": -80.8443843, "tags": { "artwork_type": "mural", "tourism": "artwork" }, "amenity": null, "shop": null, "leisure": null, "tourism": "artwork", "office": null, "public_transport": null, "healthcare": null, "craft": null, "stations_in_radius": "['3rd St/Convention' 'CTC/Arena']", "stations_in_radius_dist_m": "[244.09 278.61]", "poi_cluster": "tourism" }, "geometry": { "type": "Point", "coordinates": [ -80.8443843, 35.225524 ] } },
{ "type": "Feature", "properties": { "osm_id": 1194653333, "name": null, "lat": 35.225411, "lon": -80.8444999, "tags": { "artwork_type": "mural", "tourism": "artwork" }, "amenity": null, "shop": null, "leisure": null, "tourism": "artwork", "office": null, "public_transport": null, "healthcare": null, "craft": null, "stations_in_radius": "['3rd St/Convention' 'CTC/Arena']", "stations_in_radius_dist_m": "[238.88 286.65]", "poi_cluster": "tourism" }, "geometry": { "type": "Point", "coordinates": [ -80.8444999, 35.225411 ] } },
{ "type": "Feature", "properties": { "osm_id": 1194653334, "name": null, "lat": 35.2258276, "lon": -80.8438759, "tags": { "artwork_type": "mural", "tourism": "artwork" }, "amenity": null, "shop": null, "leisure": null, "tourism": "artwork", "office": null, "public_transport": null, "healthcare": null, "craft": null, "stations_in_radius": "['CTC/Arena' '3rd St/Convention']", "stations_in_radius_dist_m": "[244.13 256.9 ]", "poi_cluster": "tourism" }, "geometry": { "type": "Point", "coordinates": [ -80.8438759, 35.2258276 ] } },
{ "type": "Feature", "properties": { "osm_id": 1194653335, "name": null, "lat": 35.225599, "lon": -80.8442363, "tags": { "artwork_type": "mural", "tourism": "artwork" }, "amenity": null, "shop": null, "leisure": null, "tourism": "artwork", "office": null, "public_transport": null, "healthcare": null, "craft": null, "stations_in_radius": "['3rd St/Convention' 'CTC/Arena']", "stations_in_radius_dist_m": "[245.18 267.4 ]", "poi_cluster": "tourism" }, "geometry": { "type": "Point", "coordinates": [ -80.8442363, 35.225599 ] } },
{ "type": "Feature", "properties": { "osm_id": 1194653336, "name": null, "lat": 35.2254664, "lon": -80.8444206, "tags": { "artwork_type": "mural", "tourism": "artwork" }, "amenity": null, "shop": null, "leisure": null, "tourism": "artwork", "office": null, "public_transport": null, "healthcare": null, "craft": null, "stations_in_radius": "['3rd St/Convention' 'CTC/Arena']", "stations_in_radius_dist_m": "[240.24 280.6 ]", "poi_cluster": "tourism" }, "geometry": { "type": "Point", "coordinates": [ -80.8444206, 35.2254664 ] } },
{ "type": "Feature", "properties": { "osm_id": 1194653337, "name": null, "lat": 35.2258449, "lon": -80.8438351, "tags": { "artwork_type": "mural", "tourism": "artwork" }, "amenity": null, "shop": null, "leisure": null, "tourism": "artwork", "office": null, "public_transport": null, "healthcare": null, "craft": null, "stations_in_radius": "['CTC/Arena' '3rd St/Convention']", "stations_in_radius_dist_m": "[241.43 257.69]", "poi_cluster": "tourism" }, "geometry": { "type": "Point", "coordinates": [ -80.8438351, 35.2258449 ] } },
{ "type": "Feature", "properties": { "osm_id": 1194653338, "name": null, "lat": 35.2253042, "lon": -80.844654, "tags": { "artwork_type": "mural", "tourism": "artwork" }, "amenity": null, "shop": null, "leisure": null, "tourism": "artwork", "office": null, "public_transport": null, "healthcare": null, "craft": null, "stations_in_radius": "['3rd St/Convention' 'CTC/Arena' 'Brooklyn Village']", "stations_in_radius_dist_m": "[237.37 298.94 481.36]", "poi_cluster": "tourism" }, "geometry": { "type": "Point", "coordinates": [ -80.844654, 35.2253042 ] } },
{ "type": "Feature", "properties": { "osm_id": 1194653339, "name": null, "lat": 35.2255863, "lon": -80.844277, "tags": { "artwork_type": "mural", "tourism": "artwork" }, "amenity": null, "shop": null, "leisure": null, "tourism": "artwork", "office": null, "public_transport": null, "healthcare": null, "craft": null, "stations_in_radius": "['3rd St/Convention' 'CTC/Arena']", "stations_in_radius_dist_m": "[245.56 270.65]", "poi_cluster": "tourism" }, "geometry": { "type": "Point", "coordinates": [ -80.844277, 35.2255863 ] } },
{ "type": "Feature", "properties": { "osm_id": 1194653340, "name": null, "lat": 35.2255276, "lon": -80.844333, "tags": { "artwork_type": "mural", "tourism": "artwork" }, "amenity": null, "shop": null, "leisure": null, "tourism": "artwork", "office": null, "public_transport": null, "healthcare": null, "craft": null, "stations_in_radius": "['3rd St/Convention' 'CTC/Arena']", "stations_in_radius_dist_m": "[242.17 274.13]", "poi_cluster": "tourism" }, "geometry": { "type": "Point", "coordinates": [ -80.844333, 35.2255276 ] } },
{ "type": "Feature", "properties": { "osm_id": 1194653341, "name": null, "lat": 35.225748, "lon": -80.8440188, "tags": { "artwork_type": "mural", "tourism": "artwork" }, "amenity": null, "shop": null, "leisure": null, "tourism": "artwork", "office": null, "public_transport": null, "healthcare": null, "craft": null, "stations_in_radius": "['3rd St/Convention' 'CTC/Arena']", "stations_in_radius_dist_m": "[252.65 253.2 ]", "poi_cluster": "tourism" }, "geometry": { "type": "Point", "coordinates": [ -80.8440188, 35.225748 ] } },
{ "type": "Feature", "properties": { "osm_id": 1194653342, "name": null, "lat": 35.2257817, "lon": -80.8439264, "tags": { "artwork_type": "mural", "tourism": "artwork" }, "amenity": null, "shop": null, "leisure": null, "tourism": "artwork", "office": null, "public_transport": null, "healthcare": null, "craft": null, "stations_in_radius": "['CTC/Arena' '3rd St/Convention']", "stations_in_radius_dist_m": "[246.56 253.42]", "poi_cluster": "tourism" }, "geometry": { "type": "Point", "coordinates": [ -80.8439264, 35.2257817 ] } },
{ "type": "Feature", "properties": { "osm_id": 1194654322, "name": null, "lat": 35.2255756, "lon": -80.8442886, "tags": { "area": "yes", "artwork_type": "mural", "tourism": "artwork" }, "amenity": null, "shop": null, "leisure": null, "tourism": "artwork", "office": null, "public_transport": null, "healthcare": null, "craft": null, "stations_in_radius": "['3rd St/Convention' 'CTC/Arena']", "stations_in_radius_dist_m": "[244.99 271.39]", "poi_cluster": "tourism" }, "geometry": { "type": "Point", "coordinates": [ -80.8442886, 35.2255756 ] } },
{ "type": "Feature", "properties": { "osm_id": 1260440998, "name": null, "lat": 35.2260972, "lon": -80.8432765, "tags": { "artwork_type": "mural", "tourism": "artwork" }, "amenity": null, "shop": null, "leisure": null, "tourism": "artwork", "office": null, "public_transport": null, "healthcare": null, "craft": null, "stations_in_radius": "['CTC/Arena' '3rd St/Convention']", "stations_in_radius_dist_m": "[210.42 276.53]", "poi_cluster": "tourism" }, "geometry": { "type": "Point", "coordinates": [ -80.8432765, 35.2260972 ] } },
{ "type": "Feature", "properties": { "osm_id": 1283806832, "name": null, "lat": 35.2256579, "lon": -80.8431831, "tags": { "artwork_type": "mural", "tourism": "artwork" }, "amenity": null, "shop": null, "leisure": null, "tourism": "artwork", "office": null, "public_transport": null, "healthcare": null, "craft": null, "stations_in_radius": "['CTC/Arena' '3rd St/Convention']", "stations_in_radius_dist_m": "[178.74 227.39]", "poi_cluster": "tourism" }, "geometry": { "type": "Point", "coordinates": [ -80.8431831, 35.2256579 ] } },
{ "type": "Feature", "properties": { "osm_id": 1283806833, "name": null, "lat": 35.2258923, "lon": -80.8434428, "tags": { "artwork_type": "mural", "tourism": "artwork" }, "amenity": null, "shop": null, "leisure": null, "tourism": "artwork", "office": null, "public_transport": null, "healthcare": null, "craft": null, "stations_in_radius": "['CTC/Arena' '3rd St/Convention']", "stations_in_radius_dist_m": "[211.4  255.49]", "poi_cluster": "tourism" }, "geometry": { "type": "Point", "coordinates": [ -80.8434428, 35.2258923 ] } },
{ "type": "Feature", "properties": { "osm_id": 1283806834, "name": null, "lat": 35.2258029, "lon": -80.8433424, "tags": { "artwork_type": "mural", "tourism": "artwork" }, "amenity": null, "shop": null, "leisure": null, "tourism": "artwork", "office": null, "public_transport": null, "healthcare": null, "craft": null, "stations_in_radius": "['CTC/Arena' '3rd St/Convention']", "stations_in_radius_dist_m": "[198.73 244.55]", "poi_cluster": "tourism" }, "geometry": { "type": "Point", "coordinates": [ -80.8433424, 35.2258029 ] } },
{ "type": "Feature", "properties": { "osm_id": 1357873636, "name": null, "lat": 35.2260019, "lon": -80.843405, "tags": { "artwork_type": "mural", "tourism": "artwork" }, "amenity": null, "shop": null, "leisure": null, "tourism": "artwork", "office": null, "public_transport": null, "healthcare": null, "craft": null, "stations_in_radius": "['CTC/Arena' '3rd St/Convention']", "stations_in_radius_dist_m": "[214.4  267.11]", "poi_cluster": "tourism" }, "geometry": { "type": "Point", "coordinates": [ -80.843405, 35.2260019 ] } },
{ "type": "Feature", "properties": { "osm_id": 1441928376, "name": null, "lat": 35.2288154, "lon": -80.8430453, "tags": { "artwork_type": "mural", "tourism": "artwork" }, "amenity": null, "shop": null, "leisure": null, "tourism": "artwork", "office": null, "public_transport": null, "healthcare": null, "craft": null, "stations_in_radius": [ "CTC/Arena" ], "stations_in_radius_dist_m": [ 449.14 ], "poi_cluster": "tourism" }, "geometry": { "type": "Point", "coordinates": [ -80.8430453, 35.2288154 ] } },
{ "type": "Feature", "properties": { "osm_id": 13234458, "name": "Flying Shuttles", "lat": 35.2252239, "lon": -80.8404714, "tags": { "artist_name": "Andrew Leicester", "artwork_type": "installation", "name": "Flying Shuttles", "tourism": "artwork", "type": "multipolygon" }, "amenity": null, "shop": null, "leisure": null, "tourism": "artwork", "office": null, "public_transport": null, "healthcare": null, "craft": null, "stations_in_radius": "['CTC/Arena' '3rd St/Convention' '7th Street']", "stations_in_radius_dist_m": "[ 87.2  295.85 311.7 ]", "poi_cluster": "tourism" }, "geometry": { "type": "Point", "coordinates": [ -80.8404714, 35.2252239 ] } },
{ "type": "Feature", "properties": { "osm_id": 6661267711, "name": "McKinsey & Company", "lat": 35.2274294, "lon": -80.8422014, "tags": { "addr:city": "Charlotte", "addr:housenumber": "100", "addr:postcode": "28202", "addr:state": "NC", "addr:street": "North Tryon Street", "addr:unit": "2720", "brand": "McKinsey & Company", "brand:wikidata": "Q310207", "name": "McKinsey & Company", "office": "consulting", "phone": "+1-704-954-5000", "website": "https://www.mckinsey.com/southern-us/charlotte" }, "amenity": null, "shop": null, "leisure": null, "tourism": null, "office": "consulting", "public_transport": null, "healthcare": null, "craft": null, "stations_in_radius": [ "CTC/Arena" ], "stations_in_radius_dist_m": [ 279.36 ], "poi_cluster": "office" }, "geometry": { "type": "Point", "coordinates": [ -80.8422014, 35.2274294 ] } },
{ "type": "Feature", "properties": { "osm_id": 10713259748, "name": "Grow Mortgage", "lat": 35.2261868, "lon": -80.844187, "tags": { "addr:unit": "1450", "contact:email": "Hello@growmortgage.com", "contact:facebook": "https://www.facebook.com/russell.petty.16", "contact:instagram": "https://www.instagram.com/mortgagesbyruss", "contact:linkedin": "https://www.linkedin.com/in/russellpettyjr", "name": "Grow Mortgage", "office": "mortgage", "opening_hours": "Mo-Su 07:30-23:00", "phone": "+1-980-318-8708", "website": "https://growmtg.com" }, "amenity": null, "shop": null, "leisure": null, "tourism": null, "office": "mortgage", "public_transport": null, "healthcare": null, "craft": null, "stations_in_radius": "['CTC/Arena' '3rd St/Convention']", "stations_in_radius_dist_m": "[286.54 303.61]", "poi_cluster": "office" }, "geometry": { "type": "Point", "coordinates": [ -80.844187, 35.2261868 ] } },
{ "type": "Feature", "properties": { "osm_id": 10971338351, "name": "Allen Tate Realtors", "lat": 35.2287146, "lon": -80.8411676, "tags": { "name": "Allen Tate Realtors", "office": "estate_agent" }, "amenity": null, "shop": null, "leisure": null, "tourism": null, "office": "estate_agent", "public_transport": null, "healthcare": null, "craft": null, "stations_in_radius": "['7th Street' 'CTC/Arena']", "stations_in_radius_dist_m": "[327.78 412.45]", "poi_cluster": "office" }, "geometry": { "type": "Point", "coordinates": [ -80.8411676, 35.2287146 ] } },
{ "type": "Feature", "properties": { "osm_id": 11697919231, "name": "Winston & Strawn LLP", "lat": 35.2256203, "lon": -80.8457786, "tags": { "addr:floor": "16", "addr:housenumber": "300", "addr:street": "South Tryon Street", "name": "Winston & Strawn LLP", "office": "lawyer", "website": "https://www.winston.com/en/locations/charlotte" }, "amenity": null, "shop": null, "leisure": null, "tourism": null, "office": "lawyer", "public_transport": null, "healthcare": null, "craft": null, "stations_in_radius": "['3rd St/Convention' 'CTC/Arena']", "stations_in_radius_dist_m": "[333.03 405.25]", "poi_cluster": "office" }, "geometry": { "type": "Point", "coordinates": [ -80.8457786, 35.2256203 ] } },
{ "type": "Feature", "properties": { "osm_id": 380090204, "name": "District Attorney's Office", "lat": 35.221355, "lon": -80.8373652, "tags": { "building": "yes", "government": "prosecutor", "height": "30", "name": "District Attorney's Office", "office": "government" }, "amenity": null, "shop": null, "leisure": null, "tourism": null, "office": "government", "public_transport": null, "healthcare": null, "craft": null, "stations_in_radius": [ ], "stations_in_radius_dist_m": [ ], "poi_cluster": "office" }, "geometry": { "type": "Point", "coordinates": [ -80.8373652, 35.221355 ] } },
{ "type": "Feature", "properties": { "osm_id": 380092606, "name": "301 South College", "lat": 35.2239236, "lon": -80.8447362, "tags": { "addr:housenumber": "301", "addr:street": "South College Street", "building": "yes", "height": "192", "name": "301 South College", "office": "company", "wikidata": "Q3352669" }, "amenity": null, "shop": null, "leisure": null, "tourism": null, "office": "company", "public_transport": null, "healthcare": null, "craft": null, "stations_in_radius": "['3rd St/Convention' 'CTC/Arena' 'Brooklyn Village']", "stations_in_radius_dist_m": "[156.45 327.07 345.21]", "poi_cluster": "office" }, "geometry": { "type": "Point", "coordinates": [ -80.8447362, 35.2239236 ] } },
{ "type": "Feature", "properties": { "osm_id": 1004213265, "name": "WFAE", "lat": 35.227736, "lon": -80.8373174, "tags": { "building": "yes", "height": "10", "name": "WFAE", "office": "yes" }, "amenity": null, "shop": null, "leisure": null, "tourism": null, "office": "yes", "public_transport": null, "healthcare": null, "craft": null, "stations_in_radius": "['7th Street' '9th Street']", "stations_in_radius_dist_m": "[ 88.55 303.17]", "poi_cluster": "office" }, "geometry": { "type": "Point", "coordinates": [ -80.8373174, 35.227736 ] } },
{ "type": "Feature", "properties": { "osm_id": 1410822089, "name": "Foundation for the Carolinas", "lat": 35.2283813, "lon": -80.8410298, "tags": { "building": "yes", "height": "20", "name": "Foundation for the Carolinas", "office": "foundation" }, "amenity": null, "shop": null, "leisure": null, "tourism": null, "office": "foundation", "public_transport": null, "healthcare": null, "craft": null, "stations_in_radius": "['7th Street' 'CTC/Arena']", "stations_in_radius_dist_m": "[299.37 376.42]", "poi_cluster": "office" }, "geometry": { "type": "Point", "coordinates": [ -80.8410298, 35.2283813 ] } },
{ "type": "Feature", "properties": { "osm_id": 10965747079, "name": "Dr Steven C Moore & Associates", "lat": 35.2267933, "lon": -80.8422597, "tags": { "healthcare": "optometrist", "level": "1", "name": "Dr Steven C Moore & Associates" }, "amenity": null, "shop": null, "leisure": null, "tourism": null, "office": null, "public_transport": null, "healthcare": "optometrist", "craft": null, "stations_in_radius": "['CTC/Arena' '3rd St/Convention' '7th Street']", "stations_in_radius_dist_m": "[214.05 360.46 385.09]", "poi_cluster": "healthcare" }, "geometry": { "type": "Point", "coordinates": [ -80.8422597, 35.2267933 ] } },
{ "type": "Feature", "properties": { "osm_id": 10965747083, "name": "Spectrum Eye Care", "lat": 35.2254447, "lon": -80.8435008, "tags": { "fixme": "Level", "healthcare": "optometrist", "indoor": "yes", "level": "2", "name": "Spectrum Eye Care", "opening_hours": "Mo-Fr 07:45-16:00", "phone": "+1 704 334 4444" }, "amenity": null, "shop": null, "leisure": null, "tourism": null, "office": null, "public_transport": null, "healthcare": "optometrist", "craft": null, "stations_in_radius": "['CTC/Arena' '3rd St/Convention']", "stations_in_radius_dist_m": "[198.32 207.39]", "poi_cluster": "healthcare" }, "geometry": { "type": "Point", "coordinates": [ -80.8435008, 35.2254447 ] } },
{ "type": "Feature", "properties": { "osm_id": 1848893550, "name": "Fleming's", "lat": 35.225542, "lon": -80.8427582, "tags": { "addr:city": "Charlotte", "addr:housenumber": "210", "addr:postcode": "28202", "addr:state": "NC", "addr:street": "East Trade Street", "addr:unit": "Suite C-110", "amenity": "restaurant", "brand": "Fleming's", "brand:wikidata": "Q5458552", "cuisine": "steak_house", "name": "Fleming's", "official_name": "Fleming's Prime Steakhouse & Wine Bar" }, "amenity": "restaurant", "shop": null, "leisure": null, "tourism": null, "office": null, "public_transport": null, "healthcare": null, "craft": null, "stations_in_radius": "['CTC/Arena' '3rd St/Convention' '7th Street']", "stations_in_radius_dist_m": "[138.26 216.01 466.28]", "poi_cluster": "food" }, "geometry": { "type": "Point", "coordinates": [ -80.8427582, 35.225542 ] } },
{ "type": "Feature", "properties": { "osm_id": 1848893622, "name": "Sea Grill Restaurant and Bar", "lat": 35.225726, "lon": -80.8422936, "tags": { "amenity": "restaurant", "name": "Sea Grill Restaurant and Bar" }, "amenity": "restaurant", "shop": null, "leisure": null, "tourism": null, "office": null, "public_transport": null, "healthcare": null, "craft": null, "stations_in_radius": "['CTC/Arena' '3rd St/Convention' '7th Street']", "stations_in_radius_dist_m": "[115.08 244.81 419.37]", "poi_cluster": "food" }, "geometry": { "type": "Point", "coordinates": [ -80.8422936, 35.225726 ] } },
{ "type": "Feature", "properties": { "osm_id": 1848893667, "name": "Fitzgerald's Irish Pub", "lat": 35.2269129, "lon": -80.8404682, "tags": { "addr:city": "Charlotte", "addr:country": "US", "addr:housenumber": "201", "addr:postcode": "28202", "addr:state": "NC", "addr:street": "East 5th Street", "amenity": "pub", "cuisine": "fish_and_chips", "name": "Fitzgerald's Irish Pub" }, "amenity": "pub", "shop": null, "leisure": null, "tourism": null, "office": null, "public_transport": null, "healthcare": null, "craft": null, "stations_in_radius": "['7th Street' 'CTC/Arena' '3rd St/Convention']", "stations_in_radius_dist_m": "[221.77 228.12 435.66]", "poi_cluster": "nightlife" }, "geometry": { "type": "Point", "coordinates": [ -80.8404682, 35.2269129 ] } },
{ "type": "Feature", "properties": { "osm_id": 3313308333, "name": "Mellow Mushroom", "lat": 35.2258077, "lon": -80.8477597, "tags": { "amenity": "restaurant", "brand": "Mellow Mushroom", "brand:wikidata": "Q17021360", "cuisine": "pizza", "name": "Mellow Mushroom" }, "amenity": "restaurant", "shop": null, "leisure": null, "tourism": null, "office": null, "public_transport": null, "healthcare": null, "craft": null, "stations_in_radius": [ "3rd St/Convention" ], "stations_in_radius_dist_m": [ 492.25 ], "poi_cluster": "food" }, "geometry": { "type": "Point", "coordinates": [ -80.8477597, 35.2258077 ] } },
{ "type": "Feature", "properties": { "osm_id": 3313308336, "name": "Ink N Ivey", "lat": 35.2268982, "lon": -80.8461544, "tags": { "addr:city": "Charlotte", "addr:housenumber": "222", "addr:postcode": "28202", "addr:state": "NC", "addr:street": "South Church Street", "amenity": "bar", "name": "Ink N Ivey", "phone": "+1-704-332-5424", "website": "https://www.inknivy.com" }, "amenity": "bar", "shop": null, "leisure": null, "tourism": null, "office": null, "public_transport": null, "healthcare": null, "craft": null, "stations_in_radius": [ "3rd St/Convention" ], "stations_in_radius_dist_m": [ 460.73 ], "poi_cluster": "nightlife" }, "geometry": { "type": "Point", "coordinates": [ -80.8461544, 35.2268982 ] } },
{ "type": "Feature", "properties": { "osm_id": 4001621937, "name": "McCormick & Schmick's", "lat": 35.226461, "lon": -80.8445484, "tags": { "amenity": "restaurant", "brand": "McCormick & Schmick's", "brand:wikidata": "Q6800562", "cuisine": "seafood;steak", "name": "McCormick & Schmick's" }, "amenity": "restaurant", "shop": null, "leisure": null, "tourism": null, "office": null, "public_transport": null, "healthcare": null, "craft": null, "stations_in_radius": "['CTC/Arena' '3rd St/Convention']", "stations_in_radius_dist_m": "[329.94 343.97]", "poi_cluster": "food" }, "geometry": { "type": "Point", "coordinates": [ -80.8445484, 35.226461 ] } },
{ "type": "Feature", "properties": { "osm_id": 4945133523, "name": "Panera Bread", "lat": 35.2248039, "lon": -80.8436326, "tags": { "addr:city": "Charlotte", "addr:country": "US", "addr:housenumber": "201", "addr:postcode": "28244", "addr:state": "NC", "addr:street": "South College Street", "addr:unit": "150", "amenity": "fast_food", "brand": "Panera Bread", "brand:wikidata": "Q7130852", "cuisine": "sandwich;bakery", "internet_access": "wlan", "name": "Panera Bread", "opening_hours": "Mo-Fr 07:00-17:00", "phone": "+1 704-998-2074", "short_name": "Panera", "takeaway": "yes", "website": "https://locations.panerabread.com/nc/charlotte/201-s-college-street.html" }, "amenity": "fast_food", "shop": null, "leisure": null, "tourism": null, "office": null, "public_transport": null, "healthcare": null, "craft": null, "stations_in_radius": "['3rd St/Convention' 'CTC/Arena']", "stations_in_radius_dist_m": "[142.29 205.24]", "poi_cluster": "food" }, "geometry": { "type": "Point", "coordinates": [ -80.8436326, 35.2248039 ] } },
{ "type": "Feature", "properties": { "osm_id": 5948979211, "name": "Nuvolé Rooftop Twenty Two", "lat": 35.2257161, "lon": -80.8409032, "tags": { "addr:city": "Charlotte", "addr:housenumber": "220", "addr:postcode": "28202", "addr:state": "NC", "addr:street": "East Trade Street", "addr:unit": "2200", "amenity": "bar", "name": "Nuvolé Rooftop Twenty Two", "smoking": "no" }, "amenity": "bar", "shop": null, "leisure": null, "tourism": null, "office": null, "public_transport": null, "healthcare": null, "craft": null, "stations_in_radius": "['CTC/Arena' '3rd St/Convention' '7th Street']", "stations_in_radius_dist_m": "[ 90.94 305.08 307.83]", "poi_cluster": "nightlife" }, "geometry": { "type": "Point", "coordinates": [ -80.8409032, 35.2257161 ] } },
{ "type": "Feature", "properties": { "osm_id": 6093389461, "name": null, "lat": 35.2246295, "lon": -80.8438235, "tags": { "amenity": "fountain" }, "amenity": "fountain", "shop": null, "leisure": null, "tourism": null, "office": null, "public_transport": null, "healthcare": null, "craft": null, "stations_in_radius": "['3rd St/Convention' 'CTC/Arena' 'Brooklyn Village']", "stations_in_radius_dist_m": "[132.71 225.23 457.72]", "poi_cluster": "recreation" }, "geometry": { "type": "Point", "coordinates": [ -80.8438235, 35.2246295 ] } },
{ "type": "Feature", "properties": { "osm_id": 6332298775, "name": "RedEye Diner", "lat": 35.2252054, "lon": -80.8421438, "tags": { "amenity": "restaurant", "name": "RedEye Diner" }, "amenity": "restaurant", "shop": null, "leisure": null, "tourism": null, "office": null, "public_transport": null, "healthcare": null, "craft": null, "stations_in_radius": "['CTC/Arena' '3rd St/Convention' '7th Street']", "stations_in_radius_dist_m": "[ 72.28 195.59 433.62]", "poi_cluster": "food" }, "geometry": { "type": "Point", "coordinates": [ -80.8421438, 35.2252054 ] } },
{ "type": "Feature", "properties": { "osm_id": 6376981600, "name": "Starbucks", "lat": 35.2222397, "lon": -80.8451394, "tags": { "addr:city": "Charlotte", "addr:housenumber": "501", "addr:postcode": "28202", "addr:state": "NC", "addr:street": "South College Street", "amenity": "cafe", "branch": "Charlotte Convention Center", "brand": "Starbucks", "brand:wikidata": "Q37158", "cuisine": "coffee_shop", "name": "Starbucks", "official_name": "Starbucks Coffee", "phone": "+1 704-339-6046", "ref": "8017", "takeaway": "yes", "website": "https://www.starbucks.com/store-locator/store/8017/charlotte-convention-center-501-s-college-st-charlotte-nc-282021827-us", "wheelchair": "yes" }, "amenity": "cafe", "shop": null, "leisure": null, "tourism": null, "office": null, "public_transport": null, "healthcare": null, "craft": null, "stations_in_radius": "['Brooklyn Village' '3rd St/Convention' 'CTC/Arena']", "stations_in_radius_dist_m": "[189.03 242.7  458.4 ]", "poi_cluster": "food" }, "geometry": { "type": "Point", "coordinates": [ -80.8451394, 35.2222397 ] } },
{ "type": "Feature", "properties": { "osm_id": 6376981601, "name": "Einstein Bros. Bagels", "lat": 35.222129, "lon": -80.845008, "tags": { "addr:city": "Charlotte", "addr:housenumber": "501", "addr:postcode": "28202", "addr:state": "NC", "addr:street": "South College Street", "alt_name": "Einstein Brothers Bagels", "amenity": "fast_food", "branch": "Charlotte Convention Center", "brand": "Einstein Bros. Bagels", "brand:wikidata": "Q5349788", "cuisine": "bagel", "drive_through": "no", "name": "Einstein Bros. Bagels", "opening_hours": "Mo-Fr 08:00-13:30", "phone": "+1 704-339-6102", "takeaway": "yes", "website": "https://locations.einsteinbros.com/us/nc/charlotte/501-s-college-st", "wheelchair": "yes" }, "amenity": "fast_food", "shop": null, "leisure": null, "tourism": null, "office": null, "public_transport": null, "healthcare": null, "craft": null, "stations_in_radius": "['Brooklyn Village' '3rd St/Convention' 'CTC/Arena']", "stations_in_radius_dist_m": "[193.98 241.67 458.02]", "poi_cluster": "food" }, "geometry": { "type": "Point", "coordinates": [ -80.845008, 35.222129 ] } },
{ "type": "Feature", "properties": { "osm_id": 6376981602, "name": "Bojangles'", "lat": 35.2220436, "lon": -80.8449075, "tags": { "addr:city": "Charlotte", "addr:housenumber": "501", "addr:postcode": "28202", "addr:state": "NC", "addr:street": "South College Street", "amenity": "fast_food", "brand": "Bojangles'", "brand:wikidata": "Q891163", "cuisine": "chicken", "drinking_straw": "paper", "drive_through": "no", "name": "Bojangles'", "official_name": "Bojangles' Famous Chicken 'n Biscuits", "phone": "+1 704-651-8422", "takeaway": "yes", "website": "https://locations.bojangles.com/nc/charlotte/501-south-college-street.html", "wheelchair": "yes" }, "amenity": "fast_food", "shop": null, "leisure": null, "tourism": null, "office": null, "public_transport": null, "healthcare": null, "craft": null, "stations_in_radius": "['Brooklyn Village' '3rd St/Convention']", "stations_in_radius_dist_m": "[198.66 241.75]", "poi_cluster": "food" }, "geometry": { "type": "Point", "coordinates": [ -80.8449075, 35.2220436 ] } },
{ "type": "Feature", "properties": { "osm_id": 9099545837, "name": "Caribou Coffee", "lat": 35.226953, "lon": -80.8420991, "tags": { "amenity": "cafe", "brand": "Caribou Coffee", "brand:wikidata": "Q5039494", "cuisine": "coffee_shop", "level": "1", "name": "Caribou Coffee", "takeaway": "yes" }, "amenity": "cafe", "shop": null, "leisure": null, "tourism": null, "office": null, "public_transport": null, "healthcare": null, "craft": null, "stations_in_radius": "['CTC/Arena' '7th Street' '3rd St/Convention']", "stations_in_radius_dist_m": "[226.   368.75 380.91]", "poi_cluster": "food" }, "geometry": { "type": "Point", "coordinates": [ -80.8420991, 35.226953 ] } },
{ "type": "Feature", "properties": { "osm_id": 9099545838, "name": "Bank of America", "lat": 35.226847, "lon": -80.8422897, "tags": { "amenity": "bank", "atm": "yes", "brand": "Bank of America", "brand:wikidata": "Q487907", "drive_through": "no", "level": "0", "name": "Bank of America" }, "amenity": "bank", "shop": null, "leisure": null, "tourism": null, "office": null, "public_transport": null, "healthcare": null, "craft": null, "stations_in_radius": "['CTC/Arena' '3rd St/Convention' '7th Street']", "stations_in_radius_dist_m": "[220.59 365.77 387.12]", "poi_cluster": "errand" }, "geometry": { "type": "Point", "coordinates": [ -80.8422897, 35.226847 ] } },
{ "type": "Feature", "properties": { "osm_id": 9099545841, "name": "Aria Tuscan Grill", "lat": 35.2266313, "lon": -80.8421473, "tags": { "amenity": "restaurant", "cuisine": "italian", "level": "0", "name": "Aria Tuscan Grill", "website": "https://www.ariacharlotte.com/" }, "amenity": "restaurant", "shop": null, "leisure": null, "tourism": null, "office": null, "public_transport": null, "healthcare": null, "craft": null, "stations_in_radius": "['CTC/Arena' '3rd St/Convention' '7th Street']", "stations_in_radius_dist_m": "[193.59 345.2  377.63]", "poi_cluster": "food" }, "geometry": { "type": "Point", "coordinates": [ -80.8421473, 35.2266313 ] } },
{ "type": "Feature", "properties": { "osm_id": 9099545870, "name": "Mert's Heart And Soul", "lat": 35.2272922, "lon": -80.8402846, "tags": { "addr:city": "Charlotte", "addr:housenumber": "214", "addr:postcode": "28202", "addr:state": "NC", "addr:street": "North College Street", "amenity": "restaurant", "cuisine": "southern", "name": "Mert's Heart And Soul" }, "amenity": "restaurant", "shop": null, "leisure": null, "tourism": null, "office": null, "public_transport": null, "healthcare": null, "craft": null, "stations_in_radius": "['7th Street' 'CTC/Arena' '3rd St/Convention']", "stations_in_radius_dist_m": "[202.59 273.39 480.15]", "poi_cluster": "food" }, "geometry": { "type": "Point", "coordinates": [ -80.8402846, 35.2272922 ] } },
{ "type": "Feature", "properties": { "osm_id": 9099545873, "name": "Rooster's Wood-fired Kitchen", "lat": 35.2267108, "lon": -80.8409945, "tags": { "addr:city": "Charlotte", "addr:housenumber": "150", "addr:postcode": "28202", "addr:state": "NC", "addr:street": "North College Street", "amenity": "restaurant", "cuisine": "american", "name": "Rooster's Wood-fired Kitchen" }, "amenity": "restaurant", "shop": null, "leisure": null, "tourism": null, "office": null, "public_transport": null, "healthcare": null, "craft": null, "stations_in_radius": "['CTC/Arena' '7th Street' '3rd St/Convention']", "stations_in_radius_dist_m": "[193.11 272.94 391.9 ]", "poi_cluster": "food" }, "geometry": { "type": "Point", "coordinates": [ -80.8409945, 35.2267108 ] } },
{ "type": "Feature", "properties": { "osm_id": 9236208984, "name": "Charlotte Convention Center", "lat": 35.2229594, "lon": -80.8461422, "tags": { "addr:city": "Charlotte", "addr:housenumber": "501", "addr:postcode": "28202", "addr:state": "NC", "addr:street": "South College Street", "amenity": "conference_centre", "name": "Charlotte Convention Center" }, "amenity": "conference_centre", "shop": null, "leisure": null, "tourism": null, "office": null, "public_transport": null, "healthcare": null, "craft": null, "stations_in_radius": "['Brooklyn Village' '3rd St/Convention']", "stations_in_radius_dist_m": "[188.58 289.62]", "poi_cluster": "office" }, "geometry": { "type": "Point", "coordinates": [ -80.8461422, 35.2229594 ] } },
{ "type": "Feature", "properties": { "osm_id": 10768573106, "name": "Coco and the Director", "lat": 35.2277041, "lon": -80.8433215, "tags": { "addr:city": "Charlotte", "addr:housenumber": "100", "addr:postcode": "28202", "addr:state": "NC", "addr:street": "West Trade Street", "amenity": "cafe", "cuisine": "coffee_shop", "level": "0", "name": "Coco and the Director", "not:brand:wikidata": "Q65084369", "phone": "+1-704-353-6003", "takeaway": "yes" }, "amenity": "cafe", "shop": null, "leisure": null, "tourism": null, "office": null, "public_transport": null, "healthcare": null, "craft": null, "stations_in_radius": "['CTC/Arena' '3rd St/Convention']", "stations_in_radius_dist_m": "[347.6  454.66]", "poi_cluster": "food" }, "geometry": { "type": "Point", "coordinates": [ -80.8433215, 35.2277041 ] } },
{ "type": "Feature", "properties": { "osm_id": 10965747074, "name": "McAlister's Deli", "lat": 35.2257979, "lon": -80.8432795, "tags": { "amenity": "restaurant", "brand": "McAlister's Deli", "brand:wikidata": "Q17020829", "cuisine": "sandwich", "level": "0", "name": "McAlister's Deli" }, "amenity": "restaurant", "shop": null, "leisure": null, "tourism": null, "office": null, "public_transport": null, "healthcare": null, "craft": null, "stations_in_radius": "['CTC/Arena' '3rd St/Convention']", "stations_in_radius_dist_m": "[193.38 243.46]", "poi_cluster": "food" }, "geometry": { "type": "Point", "coordinates": [ -80.8432795, 35.2257979 ] } },
{ "type": "Feature", "properties": { "osm_id": 10965747081, "name": "Uncle Maddio’s", "lat": 35.2258707, "lon": -80.8431879, "tags": { "amenity": "fast_food", "cuisine": "pizza", "level": "0", "name": "Uncle Maddio’s" }, "amenity": "fast_food", "shop": null, "leisure": null, "tourism": null, "office": null, "public_transport": null, "healthcare": null, "craft": null, "stations_in_radius": "['CTC/Arena' '3rd St/Convention']", "stations_in_radius_dist_m": "[189.98 250.98]", "poi_cluster": "food" }, "geometry": { "type": "Point", "coordinates": [ -80.8431879, 35.2258707 ] } },
{ "type": "Feature", "properties": { "osm_id": 10965747082, "name": "Starbucks", "lat": 35.2261949, "lon": -80.8429387, "tags": { "addr:city": "Charlotte", "addr:housenumber": "101", "addr:postcode": "28280", "addr:state": "NC", "addr:street": "South Tryon Street", "amenity": "cafe", "branch": "101 South Tryon", "brand": "Starbucks", "brand:wikidata": "Q37158", "cuisine": "coffee_shop", "level": "1", "name": "Starbucks", "official_name": "Starbucks Coffee", "phone": "+1 704-374-9519", "ref": "14918", "takeaway": "yes", "website": "https://www.starbucks.com/store-locator/store/14918/101-south-tryon-101-s-tryon-street-charlotte-nc-282800002-us" }, "amenity": "cafe", "shop": null, "leisure": null, "tourism": null, "office": null, "public_transport": null, "healthcare": null, "craft": null, "stations_in_radius": "['CTC/Arena' '3rd St/Convention']", "stations_in_radius_dist_m": "[193.45 286.88]", "poi_cluster": "food" }, "geometry": { "type": "Point", "coordinates": [ -80.8429387, 35.2261949 ] } },
{ "type": "Feature", "properties": { "osm_id": 10965747084, "name": "Chick-fil-A", "lat": 35.2259484, "lon": -80.8431228, "tags": { "addr:city": "Charlotte", "addr:housenumber": "101", "addr:postcode": "28280", "addr:state": "NC", "addr:street": "South Tryon Street", "addr:unit": "9 2 Bank", "amenity": "fast_food", "branch": "101 South Tryon Street", "brand": "Chick-fil-A", "brand:wikidata": "Q491516", "cuisine": "chicken", "delivery": "no", "drive_through": "no", "indoor_seating": "yes", "internet_access": "wlan", "level": "0", "name": "Chick-fil-A", "opening_hours": "Mo-Fr 07:00-16:00; Su off", "phone": "+1 704-344-0222", "ref": "00462", "takeaway": "yes", "website": "https://www.chick-fil-a.com/locations/nc/101-south-tryon-street" }, "amenity": "fast_food", "shop": null, "leisure": null, "tourism": null, "office": null, "public_transport": null, "healthcare": null, "craft": null, "stations_in_radius": "['CTC/Arena' '3rd St/Convention']", "stations_in_radius_dist_m": "[189.55 259.39]", "poi_cluster": "food" }, "geometry": { "type": "Point", "coordinates": [ -80.8431228, 35.2259484 ] } },
{ "type": "Feature", "properties": { "osm_id": 10971338342, "name": "Cicchetti", "lat": 35.2265155, "lon": -80.8419818, "tags": { "amenity": "restaurant", "cuisine": "italian", "name": "Cicchetti" }, "amenity": "restaurant", "shop": null, "leisure": null, "tourism": null, "office": null, "public_transport": null, "healthcare": null, "craft": null, "stations_in_radius": "['CTC/Arena' '3rd St/Convention' '7th Street']", "stations_in_radius_dist_m": "[176.49 336.83 365.33]", "poi_cluster": "food" }, "geometry": { "type": "Point", "coordinates": [ -80.8419818, 35.2265155 ] } },
{ "type": "Feature", "properties": { "osm_id": 10971338344, "name": "Skyview Dentistry", "lat": 35.2251624, "lon": -80.8418445, "tags": { "amenity": "dentist", "healthcare": "dentist", "level": "3", "name": "Skyview Dentistry", "phone": "+1 704 632 7700" }, "amenity": "dentist", "shop": null, "leisure": null, "tourism": null, "office": null, "public_transport": null, "healthcare": "dentist", "craft": null, "stations_in_radius": "['CTC/Arena' '3rd St/Convention' '7th Street']", "stations_in_radius_dist_m": "[ 45.11 204.63 413.13]", "poi_cluster": "healthcare" }, "geometry": { "type": "Point", "coordinates": [ -80.8418445, 35.2251624 ] } },
{ "type": "Feature", "properties": { "osm_id": 11077809175, "name": "Exotica", "lat": 35.2233786, "lon": -80.8466478, "tags": { "amenity": "restaurant", "cuisine": "indian", "name": "Exotica" }, "amenity": "restaurant", "shop": null, "leisure": null, "tourism": null, "office": null, "public_transport": null, "healthcare": null, "craft": null, "stations_in_radius": "['Brooklyn Village' '3rd St/Convention']", "stations_in_radius_dist_m": "[222.13 327.51]", "poi_cluster": "food" }, "geometry": { "type": "Point", "coordinates": [ -80.8466478, 35.2233786 ] } },
{ "type": "Feature", "properties": { "osm_id": 11077809176, "name": "Tikka Shack", "lat": 35.2256764, "lon": -80.8474462, "tags": { "amenity": "fast_food", "cuisine": "indian", "name": "Tikka Shack", "opening_hours": "Su-Th 11:00-21:00; Fr-Sa 11:00-22:00", "phone": "+1 980 498 2000", "website": "https://www.tikkashack.com/charlotte" }, "amenity": "fast_food", "shop": null, "leisure": null, "tourism": null, "office": null, "public_transport": null, "healthcare": null, "craft": null, "stations_in_radius": [ "3rd St/Convention" ], "stations_in_radius_dist_m": [ 460.26 ], "poi_cluster": "food" }, "geometry": { "type": "Point", "coordinates": [ -80.8474462, 35.2256764 ] } },
{ "type": "Feature", "properties": { "osm_id": 11083145806, "name": null, "lat": 35.2237021, "lon": -80.8468578, "tags": { "amenity": "fountain", "fountain": "splash_pad" }, "amenity": "fountain", "shop": null, "leisure": null, "tourism": null, "office": null, "public_transport": null, "healthcare": null, "craft": null, "stations_in_radius": "['Brooklyn Village' '3rd St/Convention']", "stations_in_radius_dist_m": "[256.52 345.76]", "poi_cluster": "recreation" }, "geometry": { "type": "Point", "coordinates": [ -80.8468578, 35.2237021 ] } },
{ "type": "Feature", "properties": { "osm_id": 11083145807, "name": null, "lat": 35.2236627, "lon": -80.8468246, "tags": { "amenity": "fountain", "fountain": "splash_pad" }, "amenity": "fountain", "shop": null, "leisure": null, "tourism": null, "office": null, "public_transport": null, "healthcare": null, "craft": null, "stations_in_radius": "['Brooklyn Village' '3rd St/Convention']", "stations_in_radius_dist_m": "[252.26 342.64]", "poi_cluster": "recreation" }, "geometry": { "type": "Point", "coordinates": [ -80.8468246, 35.2236627 ] } },
{ "type": "Feature", "properties": { "osm_id": 11083145808, "name": null, "lat": 35.2236529, "lon": -80.8468789, "tags": { "amenity": "fountain", "fountain": "splash_pad" }, "amenity": "fountain", "shop": null, "leisure": null, "tourism": null, "office": null, "public_transport": null, "healthcare": null, "craft": null, "stations_in_radius": "['Brooklyn Village' '3rd St/Convention']", "stations_in_radius_dist_m": "[251.02 347.56]", "poi_cluster": "recreation" }, "geometry": { "type": "Point", "coordinates": [ -80.8468789, 35.2236529 ] } },
{ "type": "Feature", "properties": { "osm_id": 11093041436, "name": "Coquette", "lat": 35.2247396, "lon": -80.8471184, "tags": { "addr:city": "Charlotte", "addr:housenumber": "400", "addr:postcode": "28202", "addr:state": "NC", "addr:street": "South Tryon Street", "amenity": "restaurant", "cuisine": "french", "name": "Coquette", "website": "https://www.coquetteclt.com" }, "amenity": "restaurant", "shop": null, "leisure": null, "tourism": null, "office": null, "public_transport": null, "healthcare": null, "craft": null, "stations_in_radius": "['Brooklyn Village' '3rd St/Convention']", "stations_in_radius_dist_m": "[371.83 389.99]", "poi_cluster": "food" }, "geometry": { "type": "Point", "coordinates": [ -80.8471184, 35.2247396 ] } },
{ "type": "Feature", "properties": { "osm_id": 11360379000, "name": "Mortimer's Cafe & Pub", "lat": 35.225312, "lon": -80.8423109, "tags": { "amenity": "pub", "name": "Mortimer's Cafe & Pub", "smoking": "no" }, "amenity": "pub", "shop": null, "leisure": null, "tourism": null, "office": null, "public_transport": null, "healthcare": null, "craft": null, "stations_in_radius": "['CTC/Arena' '3rd St/Convention' '7th Street']", "stations_in_radius_dist_m": "[ 90.67 200.69 440.92]", "poi_cluster": "nightlife" }, "geometry": { "type": "Point", "coordinates": [ -80.8423109, 35.225312 ] } },
{ "type": "Feature", "properties": { "osm_id": 11360379001, "name": "Fuji Hibachi & Teriyaki", "lat": 35.2253941, "lon": -80.8424274, "tags": { "amenity": "restaurant", "cuisine": "japanese", "name": "Fuji Hibachi & Teriyaki" }, "amenity": "restaurant", "shop": null, "leisure": null, "tourism": null, "office": null, "public_transport": null, "healthcare": null, "craft": null, "stations_in_radius": "['CTC/Arena' '3rd St/Convention' '7th Street']", "stations_in_radius_dist_m": "[104.03 206.06 446.05]", "poi_cluster": "food" }, "geometry": { "type": "Point", "coordinates": [ -80.8424274, 35.2253941 ] } },
{ "type": "Feature", "properties": { "osm_id": 11360379002, "name": "STK Charlotte", "lat": 35.225131, "lon": -80.8431687, "tags": { "addr:city": "Charlotte", "addr:housenumber": "201", "addr:postcode": "28202", "addr:state": "NC", "addr:street": "South College Street", "amenity": "restaurant", "cuisine": "steak_house", "name": "STK Charlotte" }, "amenity": "restaurant", "shop": null, "leisure": null, "tourism": null, "office": null, "public_transport": null, "healthcare": null, "craft": null, "stations_in_radius": "['CTC/Arena' '3rd St/Convention']", "stations_in_radius_dist_m": "[162.51 168.97]", "poi_cluster": "food" }, "geometry": { "type": "Point", "coordinates": [ -80.8431687, 35.225131 ] } },
{ "type": "Feature", "properties": { "osm_id": 11360379003, "name": "Showmars", "lat": 35.2246682, "lon": -80.8434796, "tags": { "addr:city": "Charlotte", "addr:housenumber": "201", "addr:postcode": "28202", "addr:state": "NC", "addr:street": "South College Street", "amenity": "restaurant", "cuisine": "american;greek", "name": "Showmars", "opening_hours": "Mo-Fr 07:30-15:00" }, "amenity": "restaurant", "shop": null, "leisure": null, "tourism": null, "office": null, "public_transport": null, "healthcare": null, "craft": null, "stations_in_radius": "['3rd St/Convention' 'CTC/Arena']", "stations_in_radius_dist_m": "[123.41 193.68]", "poi_cluster": "food" }, "geometry": { "type": "Point", "coordinates": [ -80.8434796, 35.2246682 ] } },
{ "type": "Feature", "properties": { "osm_id": 11360440680, "name": "The Bella Ciao", "lat": 35.2261055, "lon": -80.8443458, "tags": { "amenity": "restaurant", "cuisine": "italian", "name": "The Bella Ciao" }, "amenity": "restaurant", "shop": null, "leisure": null, "tourism": null, "office": null, "public_transport": null, "healthcare": null, "craft": null, "stations_in_radius": "['CTC/Arena' '3rd St/Convention']", "stations_in_radius_dist_m": "[295.6  300.47]", "poi_cluster": "food" }, "geometry": { "type": "Point", "coordinates": [ -80.8443458, 35.2261055 ] } },
{ "type": "Feature", "properties": { "osm_id": 11535108406, "name": "Uptown Farmers' Market", "lat": 35.2211386, "lon": -80.8417885, "tags": { "addr:city": "Charlotte", "addr:housenumber": "300", "addr:postcode": "28202", "addr:state": "NC", "addr:street": "South Davidson Street", "amenity": "marketplace", "building": "tent", "description": "Our mission is to engage our neighbors around locally grown, fresh foods to support local farmers, educate on healthy eating, and address food insecurity in our Charlotte community.", "email": "info@uptownfarmersmarket.com", "image": "https://images.squarespace-cdn.com/content/v1/5db07163c4990258f8f49a04/1619544380664-UW4GZAR9VHM4N5GPIHWH/IMG_0365.jpeg", "name": "Uptown Farmers' Market", "opening_hours": "Sa 08:00-12:30", "phone": "+1 704 369 2143", "source": "local knowledge;uptownfarmersmarket.com", "website": "https://www.uptownfarmersmarket.com/", "wheelchair": "yes" }, "amenity": "marketplace", "shop": null, "leisure": null, "tourism": null, "office": null, "public_transport": null, "healthcare": null, "craft": null, "stations_in_radius": "['3rd St/Convention' 'Brooklyn Village']", "stations_in_radius_dist_m": "[297.5  469.64]", "poi_cluster": "retail" }, "geometry": { "type": "Point", "coordinates": [ -80.8417885, 35.2211386 ] } },
{ "type": "Feature", "properties": { "osm_id": 11809533805, "name": "Red Ginger", "lat": 35.2240341, "lon": -80.8455323, "tags": { "addr:city": "Charlotte", "addr:housenumber": "401", "addr:postcode": "28202", "addr:state": "NC", "addr:street": "South Tryon Street", "addr:unit": "Suite 130", "amenity": "restaurant", "cuisine": "japanese", "name": "Red Ginger", "phone": "+1-980-819-8837", "website": "https://www.redgingercharlotte.com" }, "amenity": "restaurant", "shop": null, "leisure": null, "tourism": null, "office": null, "public_transport": null, "healthcare": null, "craft": null, "stations_in_radius": "['3rd St/Convention' 'Brooklyn Village' 'CTC/Arena']", "stations_in_radius_dist_m": "[229.85 319.99 391.88]", "poi_cluster": "food" }, "geometry": { "type": "Point", "coordinates": [ -80.8455323, 35.2240341 ] } },
{ "type": "Feature", "properties": { "osm_id": 11820233869, "name": "The Public House", "lat": 35.2230184, "lon": -80.8426739, "tags": { "addr:postcode": "28202", "amenity": "pub", "cuisine": "american", "name": "The Public House", "phone": "+1-704-595-3091", "website": "https://thepublichouseclt.com/" }, "amenity": "pub", "shop": null, "leisure": null, "tourism": null, "office": null, "public_transport": null, "healthcare": null, "craft": null, "stations_in_radius": "['3rd St/Convention' 'CTC/Arena' 'Brooklyn Village']", "stations_in_radius_dist_m": "[ 74.42 248.89 428.18]", "poi_cluster": "nightlife" }, "geometry": { "type": "Point", "coordinates": [ -80.8426739, 35.2230184 ] } },
{ "type": "Feature", "properties": { "osm_id": 12162148602, "name": "Stage Door Theater", "lat": 35.227029, "lon": -80.8411213, "tags": { "addr:housenumber": "155", "addr:postcode": "28202", "amenity": "theatre", "name": "Stage Door Theater", "outdoor_seating": "no" }, "amenity": "theatre", "shop": null, "leisure": null, "tourism": null, "office": null, "public_transport": null, "healthcare": null, "craft": null, "stations_in_radius": "['CTC/Arena' '7th Street' '3rd St/Convention']", "stations_in_radius_dist_m": "[226.34 279.38 418.2 ]", "poi_cluster": "recreation" }, "geometry": { "type": "Point", "coordinates": [ -80.8411213, 35.227029 ] } },
{ "type": "Feature", "properties": { "osm_id": 12277427938, "name": "Merchant & Trade", "lat": 35.2263163, "lon": -80.8463119, "tags": { "amenity": "bar", "name": "Merchant & Trade" }, "amenity": "bar", "shop": null, "leisure": null, "tourism": null, "office": null, "public_transport": null, "healthcare": null, "craft": null, "stations_in_radius": [ "3rd St/Convention" ], "stations_in_radius_dist_m": [ 421.49 ], "poi_cluster": "nightlife" }, "geometry": { "type": "Point", "coordinates": [ -80.8463119, 35.2263163 ] } },
{ "type": "Feature", "properties": { "osm_id": 12277427941, "name": "Angeline's", "lat": 35.2262593, "lon": -80.8462287, "tags": { "amenity": "restaurant", "cuisine": "italian", "name": "Angeline's" }, "amenity": "restaurant", "shop": null, "leisure": null, "tourism": null, "office": null, "public_transport": null, "healthcare": null, "craft": null, "stations_in_radius": [ "3rd St/Convention" ], "stations_in_radius_dist_m": [ 411.67 ], "poi_cluster": "food" }, "geometry": { "type": "Point", "coordinates": [ -80.8462287, 35.2262593 ] } },
{ "type": "Feature", "properties": { "osm_id": 12277427942, "name": "Waterbean Coffee", "lat": 35.2260041, "lon": -80.8459563, "tags": { "amenity": "cafe", "cuisine": "coffee_shop", "name": "Waterbean Coffee" }, "amenity": "cafe", "shop": null, "leisure": null, "tourism": null, "office": null, "public_transport": null, "healthcare": null, "craft": null, "stations_in_radius": "['3rd St/Convention' 'CTC/Arena']", "stations_in_radius_dist_m": "[374.12 430.2 ]", "poi_cluster": "food" }, "geometry": { "type": "Point", "coordinates": [ -80.8459563, 35.2260041 ] } },
{ "type": "Feature", "properties": { "osm_id": 12327899330, "name": "Milkbread", "lat": 35.2234777, "lon": -80.8478257, "tags": { "addr:city": "Charlotte", "addr:housenumber": "525", "addr:postcode": "28202", "addr:state": "NC", "addr:street": "South Tryon Street", "addr:unit": "#100", "amenity": "cafe", "cuisine": "coffee_shop", "name": "Milkbread", "website": "https://www.milkbread.com" }, "amenity": "cafe", "shop": null, "leisure": null, "tourism": null, "office": null, "public_transport": null, "healthcare": null, "craft": null, "stations_in_radius": "['Brooklyn Village' '3rd St/Convention']", "stations_in_radius_dist_m": "[245.16 433.94]", "poi_cluster": "food" }, "geometry": { "type": "Point", "coordinates": [ -80.8478257, 35.2234777 ] } },
{ "type": "Feature", "properties": { "osm_id": 12421861670, "name": "Founders Hall Library", "lat": 35.2267345, "lon": -80.8422318, "tags": { "access": "yes", "addr:city": "Charlotte", "addr:county": "Mecklenburg", "addr:housenumber": "100", "addr:postcode": "28202", "addr:state": "NC", "addr:street": "North Tryon Street", "addr:unit": "Suite 290", "amenity": "library", "level": "1", "name": "Founders Hall Library", "nat_ref": "C-MECKLENBURG-FH", "opening_hours": "Mo-Fr 08:00-16:00", "operator": "Charlotte Mecklenburg Library", "operator:type": "public", "phone": "+1 704-416-0300", "website": "https://www.foundershallevents.com/" }, "amenity": "library", "shop": null, "leisure": null, "tourism": null, "office": null, "public_transport": null, "healthcare": null, "craft": null, "stations_in_radius": "['CTC/Arena' '3rd St/Convention' '7th Street']", "stations_in_radius_dist_m": "[207.05 354.61 383.43]", "poi_cluster": "errand" }, "geometry": { "type": "Point", "coordinates": [ -80.8422318, 35.2267345 ] } },
{ "type": "Feature", "properties": { "osm_id": 12445662589, "name": null, "lat": 35.2239225, "lon": -80.8396062, "tags": { "addr:housenumber": "420", "addr:street": "East Trade Street", "amenity": "atm", "check_date": "2026-01-19", "covered": "yes", "currency:USD": "yes", "drive_through": "no", "indoor": "yes", "lit": "yes", "note": "ATM is located inside of Midnight Diner", "opening_hours": "24/7", "wheelchair": "yes" }, "amenity": "atm", "shop": null, "leisure": null, "tourism": null, "office": null, "public_transport": null, "healthcare": null, "craft": null, "stations_in_radius": "['CTC/Arena' '3rd St/Convention' '7th Street']", "stations_in_radius_dist_m": "[201.57 316.21 391.83]", "poi_cluster": "public_services" }, "geometry": { "type": "Point", "coordinates": [ -80.8396062, 35.2239225 ] } },
{ "type": "Feature", "properties": { "osm_id": 12513705188, "name": "Caroline's Oyster Bar", "lat": 35.2227605, "lon": -80.8479514, "tags": { "amenity": "restaurant", "cuisine": "seafood", "name": "Caroline's Oyster Bar" }, "amenity": "restaurant", "shop": null, "leisure": null, "tourism": null, "office": null, "public_transport": null, "healthcare": null, "craft": null, "stations_in_radius": "['Brooklyn Village' '3rd St/Convention']", "stations_in_radius_dist_m": "[177.69 454.99]", "poi_cluster": "food" }, "geometry": { "type": "Point", "coordinates": [ -80.8479514, 35.2227605 ] } },
{ "type": "Feature", "properties": { "osm_id": 12513705189, "name": "Dean's Italian Steakhouse", "lat": 35.2225878, "lon": -80.8477666, "tags": { "amenity": "restaurant", "cuisine": "steak_house", "name": "Dean's Italian Steakhouse" }, "amenity": "restaurant", "shop": null, "leisure": null, "tourism": null, "office": null, "public_transport": null, "healthcare": null, "craft": null, "stations_in_radius": "['Brooklyn Village' '3rd St/Convention']", "stations_in_radius_dist_m": "[152.66 443.07]", "poi_cluster": "food" }, "geometry": { "type": "Point", "coordinates": [ -80.8477666, 35.2225878 ] } },
{ "type": "Feature", "properties": { "osm_id": 12861779392, "name": "Sweetgreen", "lat": 35.2274448, "lon": -80.8430586, "tags": { "amenity": "fast_food", "brand": "Sweetgreen", "brand:wikidata": "Q18636413", "cuisine": "salad", "name": "Sweetgreen", "takeaway": "yes" }, "amenity": "fast_food", "shop": null, "leisure": null, "tourism": null, "office": null, "public_transport": null, "healthcare": null, "craft": null, "stations_in_radius": "['CTC/Arena' '3rd St/Convention']", "stations_in_radius_dist_m": "[310.75 425.28]", "poi_cluster": "food" }, "geometry": { "type": "Point", "coordinates": [ -80.8430586, 35.2274448 ] } },
{ "type": "Feature", "properties": { "osm_id": 12963151031, "name": "Grace Zion Church", "lat": 35.2232018, "lon": -80.8417435, "tags": { "amenity": "place_of_worship", "name": "Grace Zion Church", "religion": "christian" }, "amenity": "place_of_worship", "shop": null, "leisure": null, "tourism": null, "office": null, "public_transport": null, "healthcare": null, "craft": null, "stations_in_radius": "['3rd St/Convention' 'CTC/Arena' 'Brooklyn Village']", "stations_in_radius_dist_m": "[128.07 202.   513.82]", "poi_cluster": "public_services" }, "geometry": { "type": "Point", "coordinates": [ -80.8417435, 35.2232018 ] } },
{ "type": "Feature", "properties": { "osm_id": 12985837801, "name": "Mimosa Grill", "lat": 35.2246374, "lon": -80.8455653, "tags": { "addr:housenumber": "327", "addr:postcode": "28203", "addr:street": "South Tryon Street", "amenity": "restaurant", "cuisine": "american", "internet_access": "wlan", "level": "0", "name": "Mimosa Grill", "opening_hours": "Mo-Sa 11:30-21:00; Su 10:30-14:00", "website": "https://mimosagrill.com/" }, "amenity": "restaurant", "shop": null, "leisure": null, "tourism": null, "office": null, "public_transport": null, "healthcare": null, "craft": null, "stations_in_radius": "['3rd St/Convention' 'Brooklyn Village']", "stations_in_radius_dist_m": "[254.87 381.25]", "poi_cluster": "food" }, "geometry": { "type": "Point", "coordinates": [ -80.8455653, 35.2246374 ] } },
{ "type": "Feature", "properties": { "osm_id": 13036336279, "name": "Pie In The Sky Pizza", "lat": 35.2257338, "lon": -80.8464968, "tags": { "amenity": "fast_food", "cuisine": "pizza", "name": "Pie In The Sky Pizza" }, "amenity": "fast_food", "shop": null, "leisure": null, "tourism": null, "office": null, "public_transport": null, "healthcare": null, "craft": null, "stations_in_radius": [ "3rd St/Convention" ], "stations_in_radius_dist_m": [ 391.52 ], "poi_cluster": "food" }, "geometry": { "type": "Point", "coordinates": [ -80.8464968, 35.2257338 ] } },
{ "type": "Feature", "properties": { "osm_id": 13036336280, "name": "Queen City Bites & Crafts", "lat": 35.2257418, "lon": -80.8466688, "tags": { "amenity": "bar", "name": "Queen City Bites & Crafts" }, "amenity": "bar", "shop": null, "leisure": null, "tourism": null, "office": null, "public_transport": null, "healthcare": null, "craft": null, "stations_in_radius": [ "3rd St/Convention" ], "stations_in_radius_dist_m": [ 404.65 ], "poi_cluster": "nightlife" }, "geometry": { "type": "Point", "coordinates": [ -80.8466688, 35.2257418 ] } },
{ "type": "Feature", "properties": { "osm_id": 13107735343, "name": "Halal Food Cart", "lat": 35.2272259, "lon": -80.8428838, "tags": { "amenity": "restaurant", "cuisine": "mediterranean", "name": "Halal Food Cart", "opening_hours": "Mo-Su 10:00-03:00", "phone": "+1-516-884-2818" }, "amenity": "restaurant", "shop": null, "leisure": null, "tourism": null, "office": null, "public_transport": null, "healthcare": null, "craft": null, "stations_in_radius": "['CTC/Arena' '3rd St/Convention']", "stations_in_radius_dist_m": "[281.81 401.33]", "poi_cluster": "food" }, "geometry": { "type": "Point", "coordinates": [ -80.8428838, 35.2272259 ] } },
{ "type": "Feature", "properties": { "osm_id": 13233666028, "name": "Que Fresca Taqueria", "lat": 35.2229194, "lon": -80.8471179, "tags": { "amenity": "restaurant", "cuisine": "mexican", "name": "Que Fresca Taqueria" }, "amenity": "restaurant", "shop": null, "leisure": null, "tourism": null, "office": null, "public_transport": null, "healthcare": null, "craft": null, "stations_in_radius": "['Brooklyn Village' '3rd St/Convention']", "stations_in_radius_dist_m": "[170.38 377.14]", "poi_cluster": "food" }, "geometry": { "type": "Point", "coordinates": [ -80.8471179, 35.2229194 ] } },
{ "type": "Feature", "properties": { "osm_id": 13240558938, "name": "ACE No. 3", "lat": 35.2266363, "lon": -80.8435395, "tags": { "addr:city": "Charlotte", "addr:housenumber": "101", "addr:postcode": "28280", "addr:state": "NC", "addr:street": "South Tryon Street", "amenity": "fast_food", "cuisine": "burger", "name": "ACE No. 3" }, "amenity": "fast_food", "shop": null, "leisure": null, "tourism": null, "office": null, "public_transport": null, "healthcare": null, "craft": null, "stations_in_radius": "['CTC/Arena' '3rd St/Convention']", "stations_in_radius_dist_m": "[266.82 338.44]", "poi_cluster": "food" }, "geometry": { "type": "Point", "coordinates": [ -80.8435395, 35.2266363 ] } },
{ "type": "Feature", "properties": { "osm_id": 13457166631, "name": "Night Swim Coffee", "lat": 35.2242077, "lon": -80.844575, "tags": { "amenity": "cafe", "cuisine": "coffee_shop", "level": "1", "name": "Night Swim Coffee" }, "amenity": "cafe", "shop": null, "leisure": null, "tourism": null, "office": null, "public_transport": null, "healthcare": null, "craft": null, "stations_in_radius": "['3rd St/Convention' 'CTC/Arena' 'Brooklyn Village']", "stations_in_radius_dist_m": "[152.98 302.87 379.43]", "poi_cluster": "food" }, "geometry": { "type": "Point", "coordinates": [ -80.844575, 35.2242077 ] } },
{ "type": "Feature", "properties": { "osm_id": 13457166632, "name": "Smoothie King", "lat": 35.2241715, "lon": -80.8446711, "tags": { "amenity": "fast_food", "brand": "Smoothie King", "brand:wikidata": "Q5491421", "cuisine": "juice", "level": "1", "name": "Smoothie King", "takeaway": "yes" }, "amenity": "fast_food", "shop": null, "leisure": null, "tourism": null, "office": null, "public_transport": null, "healthcare": null, "craft": null, "stations_in_radius": "['3rd St/Convention' 'CTC/Arena' 'Brooklyn Village']", "stations_in_radius_dist_m": "[159.29 312.4  371.2 ]", "poi_cluster": "food" }, "geometry": { "type": "Point", "coordinates": [ -80.8446711, 35.2241715 ] } },
{ "type": "Feature", "properties": { "osm_id": 13457166648, "name": "Krazy Curry Express", "lat": 35.2257792, "lon": -80.843165, "tags": { "amenity": "restaurant", "cuisine": "indian", "level": "0", "name": "Krazy Curry Express" }, "amenity": "restaurant", "shop": null, "leisure": null, "tourism": null, "office": null, "public_transport": null, "healthcare": null, "craft": null, "stations_in_radius": "['CTC/Arena' '3rd St/Convention']", "stations_in_radius_dist_m": "[183.19 240.76]", "poi_cluster": "food" }, "geometry": { "type": "Point", "coordinates": [ -80.843165, 35.2257792 ] } },
{ "type": "Feature", "properties": { "osm_id": 13457166649, "name": "Just Fresh", "lat": 35.2258399, "lon": -80.8430735, "tags": { "amenity": "restaurant", "cuisine": "juice;salad;soup;sandwich;breakfast", "level": "0", "name": "Just Fresh" }, "amenity": "restaurant", "shop": null, "leisure": null, "tourism": null, "office": null, "public_transport": null, "healthcare": null, "craft": null, "stations_in_radius": "['CTC/Arena' '3rd St/Convention']", "stations_in_radius_dist_m": "[179.29 247.3 ]", "poi_cluster": "food" }, "geometry": { "type": "Point", "coordinates": [ -80.8430735, 35.2258399 ] } },
{ "type": "Feature", "properties": { "osm_id": 13457166652, "name": "Energy Cafe", "lat": 35.2260525, "lon": -80.8428241, "tags": { "amenity": "fast_food", "cuisine": "sandwich", "name": "Energy Cafe" }, "amenity": "fast_food", "shop": null, "leisure": null, "tourism": null, "office": null, "public_transport": null, "healthcare": null, "craft": null, "stations_in_radius": "['CTC/Arena' '3rd St/Convention']", "stations_in_radius_dist_m": "[175.09 271.72]", "poi_cluster": "food" }, "geometry": { "type": "Point", "coordinates": [ -80.8428241, 35.2260525 ] } },
{ "type": "Feature", "properties": { "osm_id": 13457166666, "name": "USPS", "lat": 35.226797, "lon": -80.8420988, "tags": { "amenity": "post_office", "level": "1", "name": "USPS", "operator": "United States Postal Service", "operator:short": "USPS", "operator:type": "public", "operator:wikidata": "Q668687" }, "amenity": "post_office", "shop": null, "leisure": null, "tourism": null, "office": null, "public_transport": null, "healthcare": null, "craft": null, "stations_in_radius": "['CTC/Arena' '3rd St/Convention' '7th Street']", "stations_in_radius_dist_m": "[209.47 364.1  370.51]", "poi_cluster": "errand" }, "geometry": { "type": "Point", "coordinates": [ -80.8420988, 35.226797 ] } },
{ "type": "Feature", "properties": { "osm_id": 48908467, "name": "Charlotte Transportation Center", "lat": 35.2244978, "lon": -80.8410525, "tags": { "amenity": "bus_station", "building": "yes", "bus": "yes", "height": "30", "name": "Charlotte Transportation Center", "operator": "Charlotte Area Transit System", "public_transport": "station" }, "amenity": "bus_station", "shop": null, "leisure": null, "tourism": null, "office": null, "public_transport": "station", "healthcare": null, "craft": null, "stations_in_radius": "['CTC/Arena' '3rd St/Convention']", "stations_in_radius_dist_m": "[ 63.6  207.53]", "poi_cluster": "public_services" }, "geometry": { "type": "Point", "coordinates": [ -80.8410525, 35.2244978 ] } },
{ "type": "Feature", "properties": { "osm_id": 131139730, "name": "Federal Reserve Bank", "lat": 35.2228239, "lon": -80.8390124, "tags": { "addr:city": "Charlotte", "addr:housenumber": "530", "addr:postcode": "28202", "addr:state": "NC", "addr:street": "East Trade Street", "amenity": "bank", "atm": "no", "building": "office", "drive_through": "no", "government": "yes", "height": "36", "name": "Federal Reserve Bank", "operator": "United States of America", "website": "https://www.richmondfed.org/about_us/visit_us/locations/charlotte", "wikidata": "Q5440387" }, "amenity": "bank", "shop": null, "leisure": null, "tourism": null, "office": null, "public_transport": null, "healthcare": null, "craft": null, "stations_in_radius": [ ], "stations_in_radius_dist_m": [ ], "poi_cluster": "errand" }, "geometry": { "type": "Point", "coordinates": [ -80.8390124, 35.2228239 ] } },
{ "type": "Feature", "properties": { "osm_id": 239813217, "name": "Charlotte Convention Center", "lat": 35.2220913, "lon": -80.84533, "tags": { "addr:state": "NC", "amenity": "conference_centre", "building": "yes", "ele": "227", "gnis:feature_id": "2025493", "height": "23", "layer": "1", "name": "Charlotte Convention Center", "source": "USGS Geonames", "wikidata": "Q5085885" }, "amenity": "conference_centre", "shop": null, "leisure": null, "tourism": null, "office": null, "public_transport": null, "healthcare": null, "craft": null, "stations_in_radius": "['Brooklyn Village' '3rd St/Convention']", "stations_in_radius_dist_m": "[165.88 266.54]", "poi_cluster": "office" }, "geometry": { "type": "Point", "coordinates": [ -80.84533, 35.2220913 ] } },
{ "type": "Feature", "properties": { "osm_id": 341587198, "name": "Bank of America", "lat": 35.2273123, "lon": -80.8422252, "tags": { "addr:city": "Charlotte", "addr:housenumber": "100", "addr:postcode": "28202", "addr:state": "NC", "addr:street": "North Tryon Street", "amenity": "bank", "branch": "Financial Center", "brand": "Bank of America", "brand:wikidata": "Q487907", "building": "yes", "building:levels": "88", "check_date": "2021-04-21", "height": "265", "name": "Bank of America", "name:en": "Bank of America Corporate Center", "operator": "Bank of America", "website": "https://locators.bankofamerica.com/nc/charlotte/financial-centers-charlotte-16702.html", "wikidata": "Q586913", "wikipedia": "en:Bank of America Corporate Center" }, "amenity": "bank", "shop": null, "leisure": null, "tourism": null, "office": null, "public_transport": null, "healthcare": null, "craft": null, "stations_in_radius": [ ], "stations_in_radius_dist_m": [ ], "poi_cluster": "errand" }, "geometry": { "type": "Point", "coordinates": [ -80.8422252, 35.2273123 ] } },
{ "type": "Feature", "properties": { "osm_id": 380093862, "name": "Mecklenburg County Sherrif's", "lat": 35.2207331, "lon": -80.838583, "tags": { "amenity": "police", "building": "yes", "height": "19'", "name": "Mecklenburg County Sherrif's" }, "amenity": "police", "shop": null, "leisure": null, "tourism": null, "office": null, "public_transport": null, "healthcare": null, "craft": null, "stations_in_radius": [ "3rd St/Convention" ], "stations_in_radius_dist_m": [ 517.48 ], "poi_cluster": "public_services" }, "geometry": { "type": "Point", "coordinates": [ -80.838583, 35.2207331 ] } },
{ "type": "Feature", "properties": { "osm_id": 469145609, "name": "Child’s Play Fountain", "lat": 35.2251383, "lon": -80.8457091, "tags": { "amenity": "fountain", "name": "Child’s Play Fountain" }, "amenity": "fountain", "shop": null, "leisure": null, "tourism": null, "office": null, "public_transport": null, "healthcare": null, "craft": null, "stations_in_radius": "['3rd St/Convention' 'CTC/Arena' 'Brooklyn Village']", "stations_in_radius_dist_m": "[294.69 393.34 430.52]", "poi_cluster": "recreation" }, "geometry": { "type": "Point", "coordinates": [ -80.8457091, 35.2251383 ] } },
{ "type": "Feature", "properties": { "osm_id": 500195164, "name": "St. Peter's Catholic Church", "lat": 35.2238291, "lon": -80.84731, "tags": { "addr:city": "Charlotte", "addr:housenumber": "507", "addr:postcode": "28202", "addr:state": "NC", "addr:street": "South Tryon Street", "amenity": "place_of_worship", "building": "yes", "denomination": "catholic", "height": "23", "name": "St. Peter's Catholic Church", "religion": "christian", "wikidata": "Q7591308", "wikipedia": "en:St. Peter's Catholic Church (Charlotte, North Carolina)" }, "amenity": "place_of_worship", "shop": null, "leisure": null, "tourism": null, "office": null, "public_transport": null, "healthcare": null, "craft": null, "stations_in_radius": "['Brooklyn Village' '3rd St/Convention']", "stations_in_radius_dist_m": "[272.59 387.52]", "poi_cluster": "public_services" }, "geometry": { "type": "Point", "coordinates": [ -80.84731, 35.2238291 ] } },
{ "type": "Feature", "properties": { "osm_id": 500997296, "name": "Ruth's Chris Steak House", "lat": 35.2261894, "lon": -80.8451826, "tags": { "addr:city": "Charlotte", "addr:housenumber": "222", "addr:postcode": "28202", "addr:state": "NC", "addr:street": "South Tryon Street", "amenity": "restaurant", "brand": "Ruth's Chris Steak House", "brand:wikidata": "Q7382829", "building": "yes", "cuisine": "american;steak_house", "height": "20", "name": "Ruth's Chris Steak House" }, "amenity": "restaurant", "shop": null, "leisure": null, "tourism": null, "office": null, "public_transport": null, "healthcare": null, "craft": null, "stations_in_radius": "['3rd St/Convention' 'CTC/Arena']", "stations_in_radius_dist_m": "[345.17 369.48]", "poi_cluster": "food" }, "geometry": { "type": "Point", "coordinates": [ -80.8451826, 35.2261894 ] } },
{ "type": "Feature", "properties": { "osm_id": 502718738, "name": "Belk Theater at Blumenthal Performing Arts Center", "lat": 35.227317, "lon": -80.8415145, "tags": { "addr:city": "Charlotte", "addr:housenumber": "130", "addr:postcode": "28202", "addr:state": "NC", "addr:street": "North Tryon Street", "amenity": "theatre", "building": "yes", "height": "30", "name": "Belk Theater at Blumenthal Performing Arts Center", "wikidata": "Q7054435" }, "amenity": "theatre", "shop": null, "leisure": null, "tourism": null, "office": null, "public_transport": null, "healthcare": null, "craft": null, "stations_in_radius": "['CTC/Arena' '7th Street']", "stations_in_radius_dist_m": "[257.21 314.54]", "poi_cluster": "recreation" }, "geometry": { "type": "Point", "coordinates": [ -80.8415145, 35.227317 ] } },
{ "type": "Feature", "properties": { "osm_id": 672780369, "name": null, "lat": 35.2244231, "lon": -80.8398149, "tags": { "amenity": "shelter", "building": "yes" }, "amenity": "shelter", "shop": null, "leisure": null, "tourism": null, "office": null, "public_transport": null, "healthcare": null, "craft": null, "stations_in_radius": "['CTC/Arena' '3rd St/Convention' '7th Street']", "stations_in_radius_dist_m": "[156.97 308.77 348.87]", "poi_cluster": "public_services" }, "geometry": { "type": "Point", "coordinates": [ -80.8398149, 35.2244231 ] } },
{ "type": "Feature", "properties": { "osm_id": 672780370, "name": null, "lat": 35.2247522, "lon": -80.8402018, "tags": { "amenity": "shelter", "building": "yes" }, "amenity": "shelter", "shop": null, "leisure": null, "tourism": null, "office": null, "public_transport": null, "healthcare": null, "craft": null, "stations_in_radius": "['CTC/Arena' '3rd St/Convention' '7th Street']", "stations_in_radius_dist_m": "[111.57 289.31 335.99]", "poi_cluster": "public_services" }, "geometry": { "type": "Point", "coordinates": [ -80.8402018, 35.2247522 ] } },
{ "type": "Feature", "properties": { "osm_id": 861275835, "name": null, "lat": 35.2266434, "lon": -80.8476012, "tags": { "amenity": "fountain", "natural": "water" }, "amenity": "fountain", "shop": null, "leisure": null, "tourism": null, "office": null, "public_transport": null, "healthcare": null, "craft": null, "stations_in_radius": [ "3rd St/Convention" ], "stations_in_radius_dist_m": [ 532.87 ], "poi_cluster": "recreation" }, "geometry": { "type": "Point", "coordinates": [ -80.8476012, 35.2266434 ] } },
{ "type": "Feature", "properties": { "osm_id": 906005901, "name": null, "lat": 35.2262351, "lon": -80.8473036, "tags": { "amenity": "shelter", "building": "yes", "weather_protection": "pergola" }, "amenity": "shelter", "shop": null, "leisure": null, "tourism": null, "office": null, "public_transport": null, "healthcare": null, "craft": null, "stations_in_radius": [ "3rd St/Convention" ], "stations_in_radius_dist_m": [ 483.62 ], "poi_cluster": "public_services" }, "geometry": { "type": "Point", "coordinates": [ -80.8473036, 35.2262351 ] } },
{ "type": "Feature", "properties": { "osm_id": 906005902, "name": null, "lat": 35.2262376, "lon": -80.8474853, "tags": { "amenity": "shelter", "building": "yes", "weather_protection": "pergola" }, "amenity": "shelter", "shop": null, "leisure": null, "tourism": null, "office": null, "public_transport": null, "healthcare": null, "craft": null, "stations_in_radius": [ "3rd St/Convention" ], "stations_in_radius_dist_m": [ 497.08 ], "poi_cluster": "public_services" }, "geometry": { "type": "Point", "coordinates": [ -80.8474853, 35.2262376 ] } },
{ "type": "Feature", "properties": { "osm_id": 906005908, "name": null, "lat": 35.2269962, "lon": -80.847448, "tags": { "amenity": "shelter", "building": "yes", "weather_protection": "pergola" }, "amenity": "shelter", "shop": null, "leisure": null, "tourism": null, "office": null, "public_transport": null, "healthcare": null, "craft": null, "stations_in_radius": [ "3rd St/Convention" ], "stations_in_radius_dist_m": [ 548.16 ], "poi_cluster": "public_services" }, "geometry": { "type": "Point", "coordinates": [ -80.847448, 35.2269962 ] } },
{ "type": "Feature", "properties": { "osm_id": 906005930, "name": null, "lat": 35.2266451, "lon": -80.8476256, "tags": { "amenity": "fountain", "fountain": "splash_pad", "natural": "water" }, "amenity": "fountain", "shop": null, "leisure": null, "tourism": null, "office": null, "public_transport": null, "healthcare": null, "craft": null, "stations_in_radius": [ "3rd St/Convention" ], "stations_in_radius_dist_m": [ 534.71 ], "poi_cluster": "recreation" }, "geometry": { "type": "Point", "coordinates": [ -80.8476256, 35.2266451 ] } },
{ "type": "Feature", "properties": { "osm_id": 909453943, "name": null, "lat": 35.2270117, "lon": -80.8426192, "tags": { "amenity": "fountain", "natural": "water", "water": "yes" }, "amenity": "fountain", "shop": null, "leisure": null, "tourism": null, "office": null, "public_transport": null, "healthcare": null, "craft": null, "stations_in_radius": "['CTC/Arena' '3rd St/Convention']", "stations_in_radius_dist_m": "[249.57 379.38]", "poi_cluster": "recreation" }, "geometry": { "type": "Point", "coordinates": [ -80.8426192, 35.2270117 ] } },
{ "type": "Feature", "properties": { "osm_id": 985168246, "name": null, "lat": 35.2267713, "lon": -80.8435528, "tags": { "amenity": "shelter", "bench": "yes", "bin": "yes", "building": "yes", "lit": "yes", "shelter_type": "public_transport" }, "amenity": "shelter", "shop": null, "leisure": null, "tourism": null, "office": null, "public_transport": null, "healthcare": null, "craft": null, "stations_in_radius": "['CTC/Arena' '3rd St/Convention']", "stations_in_radius_dist_m": "[278.07 353.45]", "poi_cluster": "public_services" }, "geometry": { "type": "Point", "coordinates": [ -80.8435528, 35.2267713 ] } },
{ "type": "Feature", "properties": { "osm_id": 1047699825, "name": "Mucha Mucha", "lat": 35.2257837, "lon": -80.8467589, "tags": { "amenity": "bar", "building": "retail", "building:levels": "2", "name": "Mucha Mucha" }, "amenity": "bar", "shop": null, "leisure": null, "tourism": null, "office": null, "public_transport": null, "healthcare": null, "craft": null, "stations_in_radius": [ "3rd St/Convention" ], "stations_in_radius_dist_m": [ 414.02 ], "poi_cluster": "nightlife" }, "geometry": { "type": "Point", "coordinates": [ -80.8467589, 35.2257837 ] } },
{ "type": "Feature", "properties": { "osm_id": 1047699827, "name": "Nefelie's", "lat": 35.2259308, "lon": -80.8469259, "tags": { "addr:city": "Charlotte", "addr:housenumber": "145", "addr:postcode": "28202", "addr:state": "NC", "addr:street": "Brevard Court", "amenity": "restaurant", "building": "retail", "building:levels": "2", "cuisine": "greek", "name": "Nefelie's" }, "amenity": "restaurant", "shop": null, "leisure": null, "tourism": null, "office": null, "public_transport": null, "healthcare": null, "craft": null, "stations_in_radius": [ "3rd St/Convention" ], "stations_in_radius_dist_m": [ 435.9 ], "poi_cluster": "food" }, "geometry": { "type": "Point", "coordinates": [ -80.8469259, 35.2259308 ] } },
{ "type": "Feature", "properties": { "osm_id": 1047699828, "name": "French Quarter Restaurant", "lat": 35.2259909, "lon": -80.8470085, "tags": { "addr:city": "Charlotte", "addr:housenumber": "321", "addr:postcode": "28202", "addr:state": "NC", "addr:street": "South Church Street", "amenity": "restaurant", "building": "retail", "building:levels": "2", "name": "French Quarter Restaurant" }, "amenity": "restaurant", "shop": null, "leisure": null, "tourism": null, "office": null, "public_transport": null, "healthcare": null, "craft": null, "stations_in_radius": [ "3rd St/Convention" ], "stations_in_radius_dist_m": [ 445.9 ], "poi_cluster": "food" }, "geometry": { "type": "Point", "coordinates": [ -80.8470085, 35.2259909 ] } },
{ "type": "Feature", "properties": { "osm_id": 1047699829, "name": "Valhalla Pub & Eatery", "lat": 35.2261064, "lon": -80.8468495, "tags": { "addr:city": "Charlotte", "addr:housenumber": "317", "addr:postcode": "28202", "addr:state": "NC", "addr:street": "South Church Street", "amenity": "pub", "building": "retail", "building:levels": "2", "name": "Valhalla Pub & Eatery" }, "amenity": "pub", "shop": null, "leisure": null, "tourism": null, "office": null, "public_transport": null, "healthcare": null, "craft": null, "stations_in_radius": [ "3rd St/Convention" ], "stations_in_radius_dist_m": [ 442.23 ], "poi_cluster": "nightlife" }, "geometry": { "type": "Point", "coordinates": [ -80.8468495, 35.2261064 ] } },
{ "type": "Feature", "properties": { "osm_id": 1190021160, "name": null, "lat": 35.2229322, "lon": -80.8454958, "tags": { "amenity": "fountain", "natural": "water" }, "amenity": "fountain", "shop": null, "leisure": null, "tourism": null, "office": null, "public_transport": null, "healthcare": null, "craft": null, "stations_in_radius": "['Brooklyn Village' '3rd St/Convention']", "stations_in_radius_dist_m": "[215.7  234.06]", "poi_cluster": "recreation" }, "geometry": { "type": "Point", "coordinates": [ -80.8454958, 35.2229322 ] } },
{ "type": "Feature", "properties": { "osm_id": 1192155448, "name": "Midnight Diner", "lat": 35.2238789, "lon": -80.8396684, "tags": { "addr:city": "Charlotte", "addr:housenumber": "420", "addr:postcode": "28202", "addr:state": "NC", "addr:street": "East Trade Street", "air_conditioning": "yes", "amenity": "restaurant", "building": "retail", "check_date": "2026-01-14", "cuisine": "diner;american", "internet_access": "no", "microbrewery": "no", "name": "Midnight Diner", "opening_hours": "24/7", "payment:cash": "yes", "payment:contactless": "no", "payment:credit_cards": "yes", "payment:debit_cards": "yes", "phone": "+19802073641", "toilets": "yes", "website": "https://midnightdinercharlotte.com/", "wheelchair": "yes" }, "amenity": "restaurant", "shop": null, "leisure": null, "tourism": null, "office": null, "public_transport": null, "healthcare": null, "craft": null, "stations_in_radius": "['CTC/Arena' '3rd St/Convention' '7th Street']", "stations_in_radius_dist_m": "[200.01 310.08 398.39]", "poi_cluster": "food" }, "geometry": { "type": "Point", "coordinates": [ -80.8396684, 35.2238789 ] } },
{ "type": "Feature", "properties": { "osm_id": 1441928374, "name": null, "lat": 35.2274867, "lon": -80.8432876, "tags": { "amenity": "shelter", "bench": "yes", "bin": "yes", "building": "yes", "shelter_type": "public_transport" }, "amenity": "shelter", "shop": null, "leisure": null, "tourism": null, "office": null, "public_transport": null, "healthcare": null, "craft": null, "stations_in_radius": "['CTC/Arena' '3rd St/Convention']", "stations_in_radius_dist_m": "[325.38 430.43]", "poi_cluster": "public_services" }, "geometry": { "type": "Point", "coordinates": [ -80.8432876, 35.2274867 ] } },
{ "type": "Feature", "properties": { "osm_id": 1441981906, "name": null, "lat": 35.2273686, "lon": -80.8434137, "tags": { "amenity": "shelter", "bench": "yes", "bin": "yes", "building": "yes", "shelter_type": "public_transport" }, "amenity": "shelter", "shop": null, "leisure": null, "tourism": null, "office": null, "public_transport": null, "healthcare": null, "craft": null, "stations_in_radius": "['CTC/Arena' '3rd St/Convention']", "stations_in_radius_dist_m": "[320.8  418.07]", "poi_cluster": "public_services" }, "geometry": { "type": "Point", "coordinates": [ -80.8434137, 35.2273686 ] } },
{ "type": "Feature", "properties": { "osm_id": 1441981913, "name": null, "lat": 35.2277817, "lon": -80.8438941, "tags": { "amenity": "shelter", "building": "yes", "layer": "1" }, "amenity": "shelter", "shop": null, "leisure": null, "tourism": null, "office": null, "public_transport": null, "healthcare": null, "craft": null, "stations_in_radius": "['CTC/Arena' '3rd St/Convention']", "stations_in_radius_dist_m": "[383.53 468.83]", "poi_cluster": "public_services" }, "geometry": { "type": "Point", "coordinates": [ -80.8438941, 35.2277817 ] } },
{ "type": "Feature", "properties": { "osm_id": 4716137, "name": "Metro School", "lat": 35.2190789, "lon": -80.8421271, "tags": { "amenity": "school", "building": "school", "ele": "209", "gnis:feature_id": "1984523", "height": "13", "name": "Metro School", "type": "multipolygon" }, "amenity": "school", "shop": null, "leisure": null, "tourism": null, "office": null, "public_transport": null, "healthcare": null, "craft": null, "stations_in_radius": [ ], "stations_in_radius_dist_m": [ ], "poi_cluster": "public_services" }, "geometry": { "type": "Point", "coordinates": [ -80.8421271, 35.2190789 ] } },
{ "type": "Feature", "properties": { "osm_id": 4848919, "name": null, "lat": 35.2273123, "lon": -80.8422252, "tags": { "amenity": "bank", "building:levels": "60", "type": "building" }, "amenity": "bank", "shop": null, "leisure": null, "tourism": null, "office": null, "public_transport": null, "healthcare": null, "craft": null, "stations_in_radius": [ ], "stations_in_radius_dist_m": [ ], "poi_cluster": "errand" }, "geometry": { "type": "Point", "coordinates": [ -80.8422252, 35.2273123 ] } },
{ "type": "Feature", "properties": { "osm_id": 16014018, "name": "First Baptist Charlotte", "lat": 35.22042, "lon": -80.8405256, "tags": { "addr:city": "Charlotte", "addr:housenumber": "301", "addr:postcode": "28202", "addr:state": "NC", "addr:street": "South Davidson Street", "amenity": "place_of_worship", "building": "yes", "height": "27", "name": "First Baptist Charlotte", "phone": "+1 704 375-1446", "religion": "christian", "type": "multipolygon", "website": "https://www.charlottefbc.org/" }, "amenity": "place_of_worship", "shop": null, "leisure": null, "tourism": null, "office": null, "public_transport": null, "healthcare": null, "craft": null, "stations_in_radius": [ ], "stations_in_radius_dist_m": [ ], "poi_cluster": "public_services" }, "geometry": { "type": "Point", "coordinates": [ -80.8405256, 35.22042 ] } },
{ "type": "Feature", "properties": { "osm_id": 6332298766, "name": "Insomnia Cookies", "lat": 35.2255009, "lon": -80.8420447, "tags": { "addr:city": "Charlotte", "addr:housenumber": "210", "addr:postcode": "28202", "addr:state": "NC", "addr:street": "East Trade Street", "addr:unit": "Suite B-224", "brand": "Insomnia Cookies", "brand:wikidata": "Q16997024", "name": "Insomnia Cookies", "shop": "pastry" }, "amenity": null, "shop": "pastry", "leisure": null, "tourism": null, "office": null, "public_transport": null, "healthcare": null, "craft": null, "stations_in_radius": "['CTC/Arena' '3rd St/Convention' '7th Street']", "stations_in_radius_dist_m": "[ 81.46 229.15 409.67]", "poi_cluster": "retail" }, "geometry": { "type": "Point", "coordinates": [ -80.8420447, 35.2255009 ] } },
{ "type": "Feature", "properties": { "osm_id": 9099545839, "name": "JoS. A. Bank", "lat": 35.2266979, "lon": -80.8418413, "tags": { "brand": "JoS. A. Bank", "brand:wikidata": "Q6204078", "level": "0", "name": "JoS. A. Bank", "official_name": "Jos. A. Bank Clothiers", "shop": "clothes" }, "amenity": null, "shop": "clothes", "leisure": null, "tourism": null, "office": null, "public_transport": null, "healthcare": null, "craft": null, "stations_in_radius": "['CTC/Arena' '7th Street' '3rd St/Convention']", "stations_in_radius_dist_m": "[192.72 348.93 359.96]", "poi_cluster": "retail" }, "geometry": { "type": "Point", "coordinates": [ -80.8418413, 35.2266979 ] } },
{ "type": "Feature", "properties": { "osm_id": 10965747075, "name": "Charlotte NC Tours", "lat": 35.2265821, "lon": -80.8426998, "tags": { "level": "1", "name": "Charlotte NC Tours", "shop": "travel_agency" }, "amenity": null, "shop": "travel_agency", "leisure": null, "tourism": null, "office": null, "public_transport": null, "healthcare": null, "craft": null, "stations_in_radius": "['CTC/Arena' '3rd St/Convention' '7th Street']", "stations_in_radius_dist_m": "[212.11 331.23 428.1 ]", "poi_cluster": "retail" }, "geometry": { "type": "Point", "coordinates": [ -80.8426998, 35.2265821 ] } },
{ "type": "Feature", "properties": { "osm_id": 10965747076, "name": "Walgreens", "lat": 35.2262131, "lon": -80.8427431, "tags": { "brand": "Walgreens", "brand:wikidata": "Q1591889", "level": "0", "name": "Walgreens", "shop": "chemist", "website": "https://www.walgreens.com/locator/walgreens-101+s+tryon+st-charlotte-nc-28280/id=15008" }, "amenity": null, "shop": "chemist", "leisure": null, "tourism": null, "office": null, "public_transport": null, "healthcare": null, "craft": null, "stations_in_radius": "['CTC/Arena' '3rd St/Convention' '7th Street']", "stations_in_radius_dist_m": "[182.38 290.12 440.55]", "poi_cluster": "retail" }, "geometry": { "type": "Point", "coordinates": [ -80.8427431, 35.2262131 ] } },
{ "type": "Feature", "properties": { "osm_id": 10968443164, "name": "Reid’s Fine Foods", "lat": 35.227474, "lon": -80.8436621, "tags": { "name": "Reid’s Fine Foods", "shop": "deli" }, "amenity": null, "shop": "deli", "leisure": null, "tourism": null, "office": null, "public_transport": null, "healthcare": null, "craft": null, "stations_in_radius": "['CTC/Arena' '3rd St/Convention']", "stations_in_radius_dist_m": "[343.55 432.01]", "poi_cluster": "retail" }, "geometry": { "type": "Point", "coordinates": [ -80.8436621, 35.227474 ] } },
{ "type": "Feature", "properties": { "osm_id": 10968443165, "name": "The Cut", "lat": 35.2275679, "lon": -80.8437454, "tags": { "name": "The Cut", "shop": "hairdresser" }, "amenity": null, "shop": "hairdresser", "leisure": null, "tourism": null, "office": null, "public_transport": null, "healthcare": null, "craft": null, "stations_in_radius": "['CTC/Arena' '3rd St/Convention']", "stations_in_radius_dist_m": "[356.43 443.34]", "poi_cluster": "retail" }, "geometry": { "type": "Point", "coordinates": [ -80.8437454, 35.2275679 ] } },
{ "type": "Feature", "properties": { "osm_id": 11093041435, "name": "Amelie’s", "lat": 35.2242307, "lon": -80.845226, "tags": { "addr:city": "Charlotte", "addr:housenumber": "380", "addr:postcode": "28202", "addr:state": "NC", "addr:street": "South College Street", "name": "Amelie’s", "opening_hours": "Mo-Su 08:00-17:00", "phone": "+1-704-899-0088", "shop": "bakery", "website": "https://www.ameliesfrenchbakery.com" }, "amenity": null, "shop": "bakery", "leisure": null, "tourism": null, "office": null, "public_transport": null, "healthcare": null, "craft": null, "stations_in_radius": "['3rd St/Convention' 'Brooklyn Village' 'CTC/Arena']", "stations_in_radius_dist_m": "[208.79 351.54 359.36]", "poi_cluster": "retail" }, "geometry": { "type": "Point", "coordinates": [ -80.845226, 35.2242307 ] } },
{ "type": "Feature", "properties": { "osm_id": 11648968547, "name": "Whole Foods Market", "lat": 35.2212955, "lon": -80.8465278, "tags": { "addr:city": "Charlotte", "addr:housenumber": "400", "addr:postcode": "28202", "addr:state": "NC", "addr:street": "East Brooklyn Village Avenue", "branch": "Uptown Charlotte", "brand": "Whole Foods Market", "brand:wikidata": "Q1809448", "check_date": "2024-10-03", "check_date:opening_hours": "2024-10-03", "name": "Whole Foods Market", "opening_hours": "Mo-Su 08:00-22:00", "phone": "+1 704-969-5950", "ref": "uptowncharlotte", "shop": "supermarket", "website": "https://www.wholefoodsmarket.com/stores/uptowncharlotte" }, "amenity": null, "shop": "supermarket", "leisure": null, "tourism": null, "office": null, "public_transport": null, "healthcare": null, "craft": null, "stations_in_radius": [ "Brooklyn Village" ], "stations_in_radius_dist_m": [ 38.95 ], "poi_cluster": "retail" }, "geometry": { "type": "Point", "coordinates": [ -80.8465278, 35.2212955 ] } },
{ "type": "Feature", "properties": { "osm_id": 12513705306, "name": "CVS Pharmacy", "lat": 35.2201038, "lon": -80.8451584, "tags": { "brand": "CVS Pharmacy", "brand:wikidata": "Q2078880", "name": "CVS Pharmacy", "shop": "chemist", "short_name": "CVS" }, "amenity": null, "shop": "chemist", "leisure": null, "tourism": null, "office": null, "public_transport": null, "healthcare": null, "craft": null, "stations_in_radius": "['Brooklyn Village' '3rd St/Convention']", "stations_in_radius_dist_m": "[215.95 433.2 ]", "poi_cluster": "retail" }, "geometry": { "type": "Point", "coordinates": [ -80.8451584, 35.2201038 ] } },
{ "type": "Feature", "properties": { "osm_id": 13357332052, "name": "Bing Zaremba Handyman and Construction of Charlotte", "lat": 35.2269782, "lon": -80.8447255, "tags": { "addr:city": "Charlotte", "addr:housenumber": "128", "addr:postcode": "28202", "addr:state": "NC", "addr:street": "South Tryon Street", "contact:facebook": "688014097731047", "contact:linkedin": "bingzarembaconstruction", "contact:phone": "+1-704-750-5699", "contact:website": "https://www.bingzarembaconstruction.com/", "name": "Bing Zaremba Handyman and Construction of Charlotte", "opening_hours": "Mo-Sa 07:00-18:00", "operator": "Bing Zaremba Handyman and Construction of Charlotte", "shop": "kitchen" }, "amenity": null, "shop": "kitchen", "leisure": null, "tourism": null, "office": null, "public_transport": null, "healthcare": null, "craft": null, "stations_in_radius": "['CTC/Arena' '3rd St/Convention']", "stations_in_radius_dist_m": "[374.51 403.11]", "poi_cluster": "retail" }, "geometry": { "type": "Point", "coordinates": [ -80.8447255, 35.2269782 ] } },
{ "type": "Feature", "properties": { "osm_id": 13375183512, "name": "Uptown Cuts", "lat": 35.2239237, "lon": -80.8440337, "tags": { "addr:city": "Charlotte", "addr:housenumber": "301", "addr:postcode": "28202", "addr:state": "NC", "addr:street": "South College Street", "addr:unit": "130", "check_date": "2025-12-14", "contact:instagram": "https://www.instagram.com/uptowncuts_clt", "currency:XBT": "yes", "hairdresser": "barber", "name": "Uptown Cuts", "opening_hours": "Mo-Fr 09:00-19:00; Sa 09:00-15:00", "payment:lightning": "yes", "payment:lightning:operator": "square", "payment:lightning_contactless": "no", "payment:onchain": "no", "phone": "+1-980-483-8618", "shop": "hairdresser", "website": "https://www.uptowncutsclt.com/" }, "amenity": null, "shop": "hairdresser", "leisure": null, "tourism": null, "office": null, "public_transport": null, "healthcare": null, "craft": null, "stations_in_radius": "['3rd St/Convention' 'CTC/Arena' 'Brooklyn Village']", "stations_in_radius_dist_m": "[ 95.19 268.56 385.88]", "poi_cluster": "retail" }, "geometry": { "type": "Point", "coordinates": [ -80.8440337, 35.2239237 ] } },
{ "type": "Feature", "properties": { "osm_id": 13457166644, "name": "Overstreet Market", "lat": 35.223869, "lon": -80.844594, "tags": { "level": "1", "name": "Overstreet Market", "shop": "convenience" }, "amenity": null, "shop": "convenience", "leisure": null, "tourism": null, "office": null, "public_transport": null, "healthcare": null, "craft": null, "stations_in_radius": "['3rd St/Convention' 'CTC/Arena' 'Brooklyn Village']", "stations_in_radius_dist_m": "[142.52 317.4  348.08]", "poi_cluster": "retail" }, "geometry": { "type": "Point", "coordinates": [ -80.844594, 35.223869 ] } },
{ "type": "Feature", "properties": { "osm_id": 13457166650, "name": "New Creations", "lat": 35.2259485, "lon": -80.8429765, "tags": { "level": "0", "name": "New Creations", "shop": "hairdresser" }, "amenity": null, "shop": "hairdresser", "leisure": null, "tourism": null, "office": null, "public_transport": null, "healthcare": null, "craft": null, "stations_in_radius": "['CTC/Arena' '3rd St/Convention']", "stations_in_radius_dist_m": "[178.63 259.45]", "poi_cluster": "retail" }, "geometry": { "type": "Point", "coordinates": [ -80.8429765, 35.2259485 ] } },
{ "type": "Feature", "properties": { "osm_id": 13457166651, "name": "Paper Skyscraper", "lat": 35.2260079, "lon": -80.8428827, "tags": { "name": "Paper Skyscraper", "shop": "gift" }, "amenity": null, "shop": "gift", "leisure": null, "tourism": null, "office": null, "public_transport": null, "healthcare": null, "craft": null, "stations_in_radius": "['CTC/Arena' '3rd St/Convention']", "stations_in_radius_dist_m": "[175.91 266.42]", "poi_cluster": "retail" }, "geometry": { "type": "Point", "coordinates": [ -80.8428827, 35.2260079 ] } },
{ "type": "Feature", "properties": { "osm_id": 13457166665, "name": "City Barbers at Uptown", "lat": 35.2268865, "lon": -80.8421351, "tags": { "hairdresser": "barber", "name": "City Barbers at Uptown", "shop": "hairdresser" }, "amenity": null, "shop": "hairdresser", "leisure": null, "tourism": null, "office": null, "public_transport": null, "healthcare": null, "craft": null, "stations_in_radius": "['CTC/Arena' '7th Street' '3rd St/Convention']", "stations_in_radius_dist_m": "[219.93 372.67 372.99]", "poi_cluster": "retail" }, "geometry": { "type": "Point", "coordinates": [ -80.8421351, 35.2268865 ] } },
{ "type": "Feature", "properties": { "osm_id": 5828785965, "name": null, "lat": 35.2263388, "lon": -80.8453952, "tags": { "addr:city": "Charlotte", "addr:postcode": "28281", "addr:state": "NC", "country": "USA", "description": "Part of the 230 S Tryon Condominiums?", "leisure": "swimming_pool", "opening_hours": "24/7", "phone": "+1-704-370-0099" }, "amenity": null, "shop": null, "leisure": "swimming_pool", "tourism": null, "office": null, "public_transport": null, "healthcare": null, "craft": null, "stations_in_radius": "['3rd St/Convention' 'CTC/Arena']", "stations_in_radius_dist_m": "[369.79 393.56]", "poi_cluster": "recreation" }, "geometry": { "type": "Point", "coordinates": [ -80.8453952, 35.2263388 ] } },
{ "type": "Feature", "properties": { "osm_id": 6332298776, "name": "Bowlero", "lat": 35.225064, "lon": -80.8420232, "tags": { "brand": "Bowlero", "brand:wikidata": "Q17102967", "leisure": "bowling_alley", "name": "Bowlero" }, "amenity": null, "shop": null, "leisure": "bowling_alley", "tourism": null, "office": null, "public_transport": null, "healthcare": null, "craft": null, "stations_in_radius": "['CTC/Arena' '3rd St/Convention' '7th Street']", "stations_in_radius_dist_m": "[ 58.06 186.82 432.71]", "poi_cluster": "recreation" }, "geometry": { "type": "Point", "coordinates": [ -80.8420232, 35.225064 ] } },
{ "type": "Feature", "properties": { "osm_id": 12948708695, "name": null, "lat": 35.2271485, "lon": -80.8436588, "tags": { "leisure": "picnic_table" }, "amenity": null, "shop": null, "leisure": "picnic_table", "tourism": null, "office": null, "public_transport": null, "healthcare": null, "craft": null, "stations_in_radius": "['CTC/Arena' '3rd St/Convention']", "stations_in_radius_dist_m": "[315.28 396.19]", "poi_cluster": "recreation" }, "geometry": { "type": "Point", "coordinates": [ -80.8436588, 35.2271485 ] } },
{ "type": "Feature", "properties": { "osm_id": 12948708696, "name": null, "lat": 35.2271313, "lon": -80.8436345, "tags": { "leisure": "picnic_table" }, "amenity": null, "shop": null, "leisure": "picnic_table", "tourism": null, "office": null, "public_transport": null, "healthcare": null, "craft": null, "stations_in_radius": "['CTC/Arena' '3rd St/Convention']", "stations_in_radius_dist_m": "[312.39 394.  ]", "poi_cluster": "recreation" }, "geometry": { "type": "Point", "coordinates": [ -80.8436345, 35.2271313 ] } },
{ "type": "Feature", "properties": { "osm_id": 13457166645, "name": "Childress Klein YMCA", "lat": 35.2237794, "lon": -80.8443278, "tags": { "brand": "YMCA", "brand:wikidata": "Q157169", "leisure": "sports_centre", "name": "Childress Klein YMCA" }, "amenity": null, "shop": null, "leisure": "sports_centre", "tourism": null, "office": null, "public_transport": null, "healthcare": null, "craft": null, "stations_in_radius": "['3rd St/Convention' 'CTC/Arena' 'Brooklyn Village']", "stations_in_radius_dist_m": "[116.89 299.66 355.99]", "poi_cluster": "recreation" }, "geometry": { "type": "Point", "coordinates": [ -80.8443278, 35.2237794 ] } },
{ "type": "Feature", "properties": { "osm_id": 131139738, "name": "Marshall Park", "lat": 35.2191884, "lon": -80.8387245, "tags": { "leisure": "park", "name": "Marshall Park", "wikidata": "Q6773731" }, "amenity": null, "shop": null, "leisure": "park", "tourism": null, "office": null, "public_transport": null, "healthcare": null, "craft": null, "stations_in_radius": [ ], "stations_in_radius_dist_m": [ ], "poi_cluster": "recreation" }, "geometry": { "type": "Point", "coordinates": [ -80.8387245, 35.2191884 ] } },
{ "type": "Feature", "properties": { "osm_id": 131139739, "name": "The Green", "lat": 35.2238147, "lon": -80.8467892, "tags": { "leisure": "park", "name": "The Green", "source": "Bing", "wikidata": "Q7738116" }, "amenity": null, "shop": null, "leisure": "park", "tourism": null, "office": null, "public_transport": null, "healthcare": null, "craft": null, "stations_in_radius": "['Brooklyn Village' '3rd St/Convention']", "stations_in_radius_dist_m": "[269.25 340.13]", "poi_cluster": "recreation" }, "geometry": { "type": "Point", "coordinates": [ -80.8467892, 35.2238147 ] } },
{ "type": "Feature", "properties": { "osm_id": 715563541, "name": "McColl Park", "lat": 35.2272428, "lon": -80.8435902, "tags": { "addr:city": "Charlotte", "addr:housenumber": "106", "addr:postcode": "28202", "addr:state": "NC", "addr:street": "West Trade Street", "leisure": "park", "name": "McColl Park", "operator": "City of Charlotte", "operator:type": "public" }, "amenity": null, "shop": null, "leisure": "park", "tourism": null, "office": null, "public_transport": null, "healthcare": null, "craft": null, "stations_in_radius": "['CTC/Arena' '3rd St/Convention']", "stations_in_radius_dist_m": "[319.3  405.76]", "poi_cluster": "recreation" }, "geometry": { "type": "Point", "coordinates": [ -80.8435902, 35.2272428 ] } },
{ "type": "Feature", "properties": { "osm_id": 861268759, "name": null, "lat": 35.2244157, "lon": -80.8476012, "tags": { "leisure": "garden" }, "amenity": null, "shop": null, "leisure": "garden", "tourism": null, "office": null, "public_transport": null, "healthcare": null, "craft": null, "stations_in_radius": "['Brooklyn Village' '3rd St/Convention']", "stations_in_radius_dist_m": "[340.9  422.81]", "poi_cluster": "recreation" }, "geometry": { "type": "Point", "coordinates": [ -80.8476012, 35.2244157 ] } },
{ "type": "Feature", "properties": { "osm_id": 861268760, "name": null, "lat": 35.2244549, "lon": -80.8475436, "tags": { "leisure": "garden" }, "amenity": null, "shop": null, "leisure": "garden", "tourism": null, "office": null, "public_transport": null, "healthcare": null, "craft": null, "stations_in_radius": "['Brooklyn Village' '3rd St/Convention']", "stations_in_radius_dist_m": "[344.31 418.64]", "poi_cluster": "recreation" }, "geometry": { "type": "Point", "coordinates": [ -80.8475436, 35.2244549 ] } },
{ "type": "Feature", "properties": { "osm_id": 861275836, "name": null, "lat": 35.2266488, "lon": -80.847646, "tags": { "leisure": "playground", "playground": "splash_pad" }, "amenity": null, "shop": null, "leisure": "playground", "tourism": null, "office": null, "public_transport": null, "healthcare": null, "craft": null, "stations_in_radius": [ "3rd St/Convention" ], "stations_in_radius_dist_m": [ 536.41 ], "poi_cluster": "recreation" }, "geometry": { "type": "Point", "coordinates": [ -80.847646, 35.2266488 ] } },
{ "type": "Feature", "properties": { "osm_id": 861275837, "name": null, "lat": 35.2266036, "lon": -80.8478601, "tags": { "leisure": "playground" }, "amenity": null, "shop": null, "leisure": "playground", "tourism": null, "office": null, "public_transport": null, "healthcare": null, "craft": null, "stations_in_radius": [ "3rd St/Convention" ], "stations_in_radius_dist_m": [ 548.66 ], "poi_cluster": "recreation" }, "geometry": { "type": "Point", "coordinates": [ -80.8478601, 35.2266036 ] } },
{ "type": "Feature", "properties": { "osm_id": 906008583, "name": null, "lat": 35.2263361, "lon": -80.8477362, "tags": { "leisure": "garden" }, "amenity": null, "shop": null, "leisure": "garden", "tourism": null, "office": null, "public_transport": null, "healthcare": null, "craft": null, "stations_in_radius": [ "3rd St/Convention" ], "stations_in_radius_dist_m": [ 522. ], "poi_cluster": "recreation" }, "geometry": { "type": "Point", "coordinates": [ -80.8477362, 35.2263361 ] } },
{ "type": "Feature", "properties": { "osm_id": 906008585, "name": null, "lat": 35.2262949, "lon": -80.8477067, "tags": { "leisure": "garden" }, "amenity": null, "shop": null, "leisure": "garden", "tourism": null, "office": null, "public_transport": null, "healthcare": null, "craft": null, "stations_in_radius": [ "3rd St/Convention" ], "stations_in_radius_dist_m": [ 517.17 ], "poi_cluster": "recreation" }, "geometry": { "type": "Point", "coordinates": [ -80.8477067, 35.2262949 ] } },
{ "type": "Feature", "properties": { "osm_id": 906008587, "name": null, "lat": 35.2262408, "lon": -80.8476565, "tags": { "leisure": "garden" }, "amenity": null, "shop": null, "leisure": "garden", "tourism": null, "office": null, "public_transport": null, "healthcare": null, "craft": null, "stations_in_radius": [ "3rd St/Convention" ], "stations_in_radius_dist_m": [ 509.99 ], "poi_cluster": "recreation" }, "geometry": { "type": "Point", "coordinates": [ -80.8476565, 35.2262408 ] } },
{ "type": "Feature", "properties": { "osm_id": 906008589, "name": null, "lat": 35.2262067, "lon": -80.8476168, "tags": { "leisure": "garden" }, "amenity": null, "shop": null, "leisure": "garden", "tourism": null, "office": null, "public_transport": null, "healthcare": null, "craft": null, "stations_in_radius": [ "3rd St/Convention" ], "stations_in_radius_dist_m": [ 504.86 ], "poi_cluster": "recreation" }, "geometry": { "type": "Point", "coordinates": [ -80.8476168, 35.2262067 ] } },
{ "type": "Feature", "properties": { "osm_id": 906171751, "name": null, "lat": 35.2270989, "lon": -80.840571, "tags": { "leisure": "garden" }, "amenity": null, "shop": null, "leisure": "garden", "tourism": null, "office": null, "public_transport": null, "healthcare": null, "craft": null, "stations_in_radius": "['7th Street' 'CTC/Arena' '3rd St/Convention']", "stations_in_radius_dist_m": "[228.89 244.41 448.34]", "poi_cluster": "recreation" }, "geometry": { "type": "Point", "coordinates": [ -80.840571, 35.2270989 ] } },
{ "type": "Feature", "properties": { "osm_id": 909453125, "name": null, "lat": 35.2269604, "lon": -80.8471761, "tags": { "leisure": "garden" }, "amenity": null, "shop": null, "leisure": "garden", "tourism": null, "office": null, "public_transport": null, "healthcare": null, "craft": null, "stations_in_radius": [ "3rd St/Convention" ], "stations_in_radius_dist_m": [ 527.6 ], "poi_cluster": "recreation" }, "geometry": { "type": "Point", "coordinates": [ -80.8471761, 35.2269604 ] } },
{ "type": "Feature", "properties": { "osm_id": 909453128, "name": null, "lat": 35.2260677, "lon": -80.8475695, "tags": { "leisure": "garden" }, "amenity": null, "shop": null, "leisure": "garden", "tourism": null, "office": null, "public_transport": null, "healthcare": null, "craft": null, "stations_in_radius": [ "3rd St/Convention" ], "stations_in_radius_dist_m": [ 492.64 ], "poi_cluster": "recreation" }, "geometry": { "type": "Point", "coordinates": [ -80.8475695, 35.2260677 ] } },
{ "type": "Feature", "properties": { "osm_id": 909453129, "name": null, "lat": 35.2261747, "lon": -80.8476969, "tags": { "leisure": "garden" }, "amenity": null, "shop": null, "leisure": "garden", "tourism": null, "office": null, "public_transport": null, "healthcare": null, "craft": null, "stations_in_radius": [ "3rd St/Convention" ], "stations_in_radius_dist_m": [ 508.87 ], "poi_cluster": "recreation" }, "geometry": { "type": "Point", "coordinates": [ -80.8476969, 35.2261747 ] } },
{ "type": "Feature", "properties": { "osm_id": 909453130, "name": null, "lat": 35.2262632, "lon": -80.8477994, "tags": { "leisure": "garden" }, "amenity": null, "shop": null, "leisure": "garden", "tourism": null, "office": null, "public_transport": null, "healthcare": null, "craft": null, "stations_in_radius": [ "3rd St/Convention" ], "stations_in_radius_dist_m": [ 522.1 ], "poi_cluster": "recreation" }, "geometry": { "type": "Point", "coordinates": [ -80.8477994, 35.2262632 ] } },
{ "type": "Feature", "properties": { "osm_id": 909453131, "name": null, "lat": 35.2263315, "lon": -80.8478784, "tags": { "leisure": "garden" }, "amenity": null, "shop": null, "leisure": "garden", "tourism": null, "office": null, "public_transport": null, "healthcare": null, "craft": null, "stations_in_radius": [ "3rd St/Convention" ], "stations_in_radius_dist_m": [ 532.31 ], "poi_cluster": "recreation" }, "geometry": { "type": "Point", "coordinates": [ -80.8478784, 35.2263315 ] } },
{ "type": "Feature", "properties": { "osm_id": 909453132, "name": null, "lat": 35.226397, "lon": -80.8479531, "tags": { "leisure": "garden" }, "amenity": null, "shop": null, "leisure": "garden", "tourism": null, "office": null, "public_transport": null, "healthcare": null, "craft": null, "stations_in_radius": [ "3rd St/Convention" ], "stations_in_radius_dist_m": [ 542.04 ], "poi_cluster": "recreation" }, "geometry": { "type": "Point", "coordinates": [ -80.8479531, 35.226397 ] } },
{ "type": "Feature", "properties": { "osm_id": 909453133, "name": null, "lat": 35.2265154, "lon": -80.8480857, "tags": { "leisure": "garden" }, "amenity": null, "shop": null, "leisure": "garden", "tourism": null, "office": null, "public_transport": null, "healthcare": null, "craft": null, "stations_in_radius": [ "3rd St/Convention" ], "stations_in_radius_dist_m": [ 559.45 ], "poi_cluster": "recreation" }, "geometry": { "type": "Point", "coordinates": [ -80.8480857, 35.2265154 ] } },
{ "type": "Feature", "properties": { "osm_id": 909453137, "name": null, "lat": 35.2275975, "lon": -80.8476477, "tags": { "leisure": "garden" }, "amenity": null, "shop": null, "leisure": "garden", "tourism": null, "office": null, "public_transport": null, "healthcare": null, "craft": null, "stations_in_radius": [ "3rd St/Convention" ], "stations_in_radius_dist_m": [ 608.15 ], "poi_cluster": "recreation" }, "geometry": { "type": "Point", "coordinates": [ -80.8476477, 35.2275975 ] } },
{ "type": "Feature", "properties": { "osm_id": 909453138, "name": null, "lat": 35.2267603, "lon": -80.8466966, "tags": { "leisure": "garden" }, "amenity": null, "shop": null, "leisure": "garden", "tourism": null, "office": null, "public_transport": null, "healthcare": null, "craft": null, "stations_in_radius": [ "3rd St/Convention" ], "stations_in_radius_dist_m": [ 481.22 ], "poi_cluster": "recreation" }, "geometry": { "type": "Point", "coordinates": [ -80.8466966, 35.2267603 ] } },
{ "type": "Feature", "properties": { "osm_id": 909468311, "name": null, "lat": 35.2238752, "lon": -80.8466705, "tags": { "leisure": "garden" }, "amenity": null, "shop": null, "leisure": "garden", "tourism": null, "office": null, "public_transport": null, "healthcare": null, "craft": null, "stations_in_radius": "['Brooklyn Village' '3rd St/Convention']", "stations_in_radius_dist_m": "[276.7  329.88]", "poi_cluster": "recreation" }, "geometry": { "type": "Point", "coordinates": [ -80.8466705, 35.2238752 ] } },
{ "type": "Feature", "properties": { "osm_id": 909468312, "name": null, "lat": 35.2237846, "lon": -80.8465601, "tags": { "leisure": "garden" }, "amenity": null, "shop": null, "leisure": "garden", "tourism": null, "office": null, "public_transport": null, "healthcare": null, "craft": null, "stations_in_radius": "['Brooklyn Village' '3rd St/Convention']", "stations_in_radius_dist_m": "[267.8  319.11]", "poi_cluster": "recreation" }, "geometry": { "type": "Point", "coordinates": [ -80.8465601, 35.2237846 ] } },
{ "type": "Feature", "properties": { "osm_id": 909468313, "name": null, "lat": 35.2236499, "lon": -80.846718, "tags": { "leisure": "garden" }, "amenity": null, "shop": null, "leisure": "garden", "tourism": null, "office": null, "public_transport": null, "healthcare": null, "craft": null, "stations_in_radius": "['Brooklyn Village' '3rd St/Convention']", "stations_in_radius_dist_m": "[251.44 332.92]", "poi_cluster": "recreation" }, "geometry": { "type": "Point", "coordinates": [ -80.846718, 35.2236499 ] } },
{ "type": "Feature", "properties": { "osm_id": 909468314, "name": null, "lat": 35.2237883, "lon": -80.8468423, "tags": { "leisure": "garden" }, "amenity": null, "shop": null, "leisure": "garden", "tourism": null, "office": null, "public_transport": null, "healthcare": null, "craft": null, "stations_in_radius": "['Brooklyn Village' '3rd St/Convention']", "stations_in_radius_dist_m": "[266.12 344.77]", "poi_cluster": "recreation" }, "geometry": { "type": "Point", "coordinates": [ -80.8468423, 35.2237883 ] } },
{ "type": "Feature", "properties": { "osm_id": 909468321, "name": null, "lat": 35.2241032, "lon": -80.8468594, "tags": { "leisure": "garden" }, "amenity": null, "shop": null, "leisure": "garden", "tourism": null, "office": null, "public_transport": null, "healthcare": null, "craft": null, "stations_in_radius": "['Brooklyn Village' '3rd St/Convention']", "stations_in_radius_dist_m": "[300.98 350.06]", "poi_cluster": "recreation" }, "geometry": { "type": "Point", "coordinates": [ -80.8468594, 35.2241032 ] } },
{ "type": "Feature", "properties": { "osm_id": 909468323, "name": null, "lat": 35.2239292, "lon": -80.8469593, "tags": { "leisure": "garden" }, "amenity": null, "shop": null, "leisure": "garden", "tourism": null, "office": null, "public_transport": null, "healthcare": null, "craft": null, "stations_in_radius": "['Brooklyn Village' '3rd St/Convention']", "stations_in_radius_dist_m": "[281.6  356.61]", "poi_cluster": "recreation" }, "geometry": { "type": "Point", "coordinates": [ -80.8469593, 35.2239292 ] } },
{ "type": "Feature", "properties": { "osm_id": 909468324, "name": null, "lat": 35.2234749, "lon": -80.8464445, "tags": { "leisure": "garden" }, "amenity": null, "shop": null, "leisure": "garden", "tourism": null, "office": null, "public_transport": null, "healthcare": null, "craft": null, "stations_in_radius": "['Brooklyn Village' '3rd St/Convention']", "stations_in_radius_dist_m": "[235.57 308.36]", "poi_cluster": "recreation" }, "geometry": { "type": "Point", "coordinates": [ -80.8464445, 35.2234749 ] } },
{ "type": "Feature", "properties": { "osm_id": 909468325, "name": null, "lat": 35.2235954, "lon": -80.8463039, "tags": { "leisure": "garden" }, "amenity": null, "shop": null, "leisure": "garden", "tourism": null, "office": null, "public_transport": null, "healthcare": null, "craft": null, "stations_in_radius": "['Brooklyn Village' '3rd St/Convention']", "stations_in_radius_dist_m": "[251.34 295.21]", "poi_cluster": "recreation" }, "geometry": { "type": "Point", "coordinates": [ -80.8463039, 35.2235954 ] } },
{ "type": "Feature", "properties": { "osm_id": 909468328, "name": null, "lat": 35.2234443, "lon": -80.8465083, "tags": { "leisure": "garden" }, "amenity": null, "shop": null, "leisure": "garden", "tourism": null, "office": null, "public_transport": null, "healthcare": null, "craft": null, "stations_in_radius": "['Brooklyn Village' '3rd St/Convention']", "stations_in_radius_dist_m": "[231.19 314.34]", "poi_cluster": "recreation" }, "geometry": { "type": "Point", "coordinates": [ -80.8465083, 35.2234443 ] } },
{ "type": "Feature", "properties": { "osm_id": 909468329, "name": null, "lat": 35.2235605, "lon": -80.8467184, "tags": { "leisure": "garden" }, "amenity": null, "shop": null, "leisure": "garden", "tourism": null, "office": null, "public_transport": null, "healthcare": null, "craft": null, "stations_in_radius": "['Brooklyn Village' '3rd St/Convention']", "stations_in_radius_dist_m": "[241.55 332.97]", "poi_cluster": "recreation" }, "geometry": { "type": "Point", "coordinates": [ -80.8467184, 35.2235605 ] } },
{ "type": "Feature", "properties": { "osm_id": 909468331, "name": null, "lat": 35.2240241, "lon": -80.8471309, "tags": { "leisure": "garden" }, "amenity": null, "shop": null, "leisure": "garden", "tourism": null, "office": null, "public_transport": null, "healthcare": null, "craft": null, "stations_in_radius": "['Brooklyn Village' '3rd St/Convention']", "stations_in_radius_dist_m": "[292.64 373.3 ]", "poi_cluster": "recreation" }, "geometry": { "type": "Point", "coordinates": [ -80.8471309, 35.2240241 ] } },
{ "type": "Feature", "properties": { "osm_id": 984713025, "name": null, "lat": 35.2255296, "lon": -80.8404484, "tags": { "garden:type": "landscaping", "leisure": "garden" }, "amenity": null, "shop": null, "leisure": "garden", "tourism": null, "office": null, "public_transport": null, "healthcare": null, "craft": null, "stations_in_radius": "['CTC/Arena' '7th Street' '3rd St/Convention']", "stations_in_radius_dist_m": "[103.88 287.02 319.06]", "poi_cluster": "recreation" }, "geometry": { "type": "Point", "coordinates": [ -80.8404484, 35.2255296 ] } },
{ "type": "Feature", "properties": { "osm_id": 984713030, "name": null, "lat": 35.2259044, "lon": -80.8400663, "tags": { "garden:type": "landscaping", "leisure": "garden" }, "amenity": null, "shop": null, "leisure": "garden", "tourism": null, "office": null, "public_transport": null, "healthcare": null, "craft": null, "stations_in_radius": "['CTC/Arena' '7th Street']", "stations_in_radius_dist_m": "[156.75 233.71]", "poi_cluster": "recreation" }, "geometry": { "type": "Point", "coordinates": [ -80.8400663, 35.2259044 ] } },
{ "type": "Feature", "properties": { "osm_id": 985188320, "name": null, "lat": 35.2272567, "lon": -80.8426745, "tags": { "garden:type": "flowerbed", "leisure": "garden" }, "amenity": null, "shop": null, "leisure": "garden", "tourism": null, "office": null, "public_transport": null, "healthcare": null, "craft": null, "stations_in_radius": "['CTC/Arena' '3rd St/Convention']", "stations_in_radius_dist_m": "[276.22 405.94]", "poi_cluster": "recreation" }, "geometry": { "type": "Point", "coordinates": [ -80.8426745, 35.2272567 ] } },
{ "type": "Feature", "properties": { "osm_id": 1176275045, "name": null, "lat": 35.2262076, "lon": -80.842674, "tags": { "access": "customers", "leisure": "swimming_pool", "location": "roof" }, "amenity": null, "shop": null, "leisure": "swimming_pool", "tourism": null, "office": null, "public_transport": null, "healthcare": null, "craft": null, "stations_in_radius": "['CTC/Arena' '3rd St/Convention' '7th Street']", "stations_in_radius_dist_m": "[177.73 290.21 434.62]", "poi_cluster": "recreation" }, "geometry": { "type": "Point", "coordinates": [ -80.842674, 35.2262076 ] } },
{ "type": "Feature", "properties": { "osm_id": 1235640067, "name": null, "lat": 35.2265187, "lon": -80.8430293, "tags": { "leisure": "outdoor_seating" }, "amenity": null, "shop": null, "leisure": "outdoor_seating", "tourism": null, "office": null, "public_transport": null, "healthcare": null, "craft": null, "stations_in_radius": "['CTC/Arena' '3rd St/Convention']", "stations_in_radius_dist_m": "[224.99 322.59]", "poi_cluster": "recreation" }, "geometry": { "type": "Point", "coordinates": [ -80.8430293, 35.2265187 ] } },
{ "type": "Feature", "properties": { "osm_id": 1252702316, "name": null, "lat": 35.2202191, "lon": -80.8415358, "tags": { "leisure": "pitch", "lit": "no", "sport": "basketball", "surface": "acrylic" }, "amenity": null, "shop": null, "leisure": "pitch", "tourism": null, "office": null, "public_transport": null, "healthcare": null, "craft": null, "stations_in_radius": [ "3rd St/Convention" ], "stations_in_radius_dist_m": [ 400.82 ], "poi_cluster": "recreation" }, "geometry": { "type": "Point", "coordinates": [ -80.8415358, 35.2202191 ] } },
{ "type": "Feature", "properties": { "osm_id": 1313514295, "name": null, "lat": 35.2222554, "lon": -80.8390757, "tags": { "garden:type": "landscaping", "leisure": "garden" }, "amenity": null, "shop": null, "leisure": "garden", "tourism": null, "office": null, "public_transport": null, "healthcare": null, "craft": null, "stations_in_radius": "['CTC/Arena' '3rd St/Convention']", "stations_in_radius_dist_m": "[370.14 392.47]", "poi_cluster": "recreation" }, "geometry": { "type": "Point", "coordinates": [ -80.8390757, 35.2222554 ] } },
{ "type": "Feature", "properties": { "osm_id": 1313514296, "name": null, "lat": 35.2223243, "lon": -80.838972, "tags": { "garden:type": "landscaping", "leisure": "garden" }, "amenity": null, "shop": null, "leisure": "garden", "tourism": null, "office": null, "public_transport": null, "healthcare": null, "craft": null, "stations_in_radius": "['CTC/Arena' '3rd St/Convention']", "stations_in_radius_dist_m": "[369.42 398.41]", "poi_cluster": "recreation" }, "geometry": { "type": "Point", "coordinates": [ -80.838972, 35.2223243 ] } },
{ "type": "Feature", "properties": { "osm_id": 1313514297, "name": null, "lat": 35.2223924, "lon": -80.8388682, "tags": { "garden:type": "landscaping", "leisure": "garden" }, "amenity": null, "shop": null, "leisure": "garden", "tourism": null, "office": null, "public_transport": null, "healthcare": null, "craft": null, "stations_in_radius": "['CTC/Arena' '3rd St/Convention']", "stations_in_radius_dist_m": "[369.18 404.66]", "poi_cluster": "recreation" }, "geometry": { "type": "Point", "coordinates": [ -80.8388682, 35.2223924 ] } },
{ "type": "Feature", "properties": { "osm_id": 1313514298, "name": null, "lat": 35.2224616, "lon": -80.8387645, "tags": { "garden:type": "landscaping", "leisure": "garden" }, "amenity": null, "shop": null, "leisure": "garden", "tourism": null, "office": null, "public_transport": null, "healthcare": null, "craft": null, "stations_in_radius": "['CTC/Arena' '3rd St/Convention']", "stations_in_radius_dist_m": "[369.23 411.13]", "poi_cluster": "recreation" }, "geometry": { "type": "Point", "coordinates": [ -80.8387645, 35.2224616 ] } },
{ "type": "Feature", "properties": { "osm_id": 1313514299, "name": null, "lat": 35.2225306, "lon": -80.8386622, "tags": { "garden:type": "landscaping", "leisure": "garden" }, "amenity": null, "shop": null, "leisure": "garden", "tourism": null, "office": null, "public_transport": null, "healthcare": null, "craft": null, "stations_in_radius": "['CTC/Arena' '3rd St/Convention']", "stations_in_radius_dist_m": "[369.62 417.73]", "poi_cluster": "recreation" }, "geometry": { "type": "Point", "coordinates": [ -80.8386622, 35.2225306 ] } },
{ "type": "Feature", "properties": { "osm_id": 1313514300, "name": null, "lat": 35.2226072, "lon": -80.8385617, "tags": { "garden:type": "landscaping", "leisure": "garden" }, "amenity": null, "shop": null, "leisure": "garden", "tourism": null, "office": null, "public_transport": null, "healthcare": null, "craft": null, "stations_in_radius": "['CTC/Arena' '3rd St/Convention']", "stations_in_radius_dist_m": "[369.68 424.2 ]", "poi_cluster": "recreation" }, "geometry": { "type": "Point", "coordinates": [ -80.8385617, 35.2226072 ] } },
{ "type": "Feature", "properties": { "osm_id": 1327103459, "name": null, "lat": 35.2260785, "lon": -80.845855, "tags": { "garden:type": "landscaping", "leisure": "garden" }, "amenity": null, "shop": null, "leisure": "garden", "tourism": null, "office": null, "public_transport": null, "healthcare": null, "craft": null, "stations_in_radius": "['3rd St/Convention' 'CTC/Arena']", "stations_in_radius_dist_m": "[373.68 423.56]", "poi_cluster": "recreation" }, "geometry": { "type": "Point", "coordinates": [ -80.845855, 35.2260785 ] } },
{ "type": "Feature", "properties": { "osm_id": 1327103460, "name": null, "lat": 35.2258886, "lon": -80.8457705, "tags": { "garden:type": "landscaping", "leisure": "garden" }, "amenity": null, "shop": null, "leisure": "garden", "tourism": null, "office": null, "public_transport": null, "healthcare": null, "craft": null, "stations_in_radius": "['3rd St/Convention' 'CTC/Arena']", "stations_in_radius_dist_m": "[353.13 410.63]", "poi_cluster": "recreation" }, "geometry": { "type": "Point", "coordinates": [ -80.8457705, 35.2258886 ] } },
{ "type": "Feature", "properties": { "osm_id": 1327103469, "name": null, "lat": 35.2259491, "lon": -80.8457618, "tags": { "leisure": "outdoor_seating" }, "amenity": null, "shop": null, "leisure": "outdoor_seating", "tourism": null, "office": null, "public_transport": null, "healthcare": null, "craft": null, "stations_in_radius": "['3rd St/Convention' 'CTC/Arena']", "stations_in_radius_dist_m": "[357.41 411.53]", "poi_cluster": "recreation" }, "geometry": { "type": "Point", "coordinates": [ -80.8457618, 35.2259491 ] } },
{ "type": "Feature", "properties": { "osm_id": 1327103470, "name": null, "lat": 35.2262351, "lon": -80.8461318, "tags": { "leisure": "outdoor_seating" }, "amenity": null, "shop": null, "leisure": "outdoor_seating", "tourism": null, "office": null, "public_transport": null, "healthcare": null, "craft": null, "stations_in_radius": "['3rd St/Convention' 'CTC/Arena']", "stations_in_radius_dist_m": "[403.6  452.73]", "poi_cluster": "recreation" }, "geometry": { "type": "Point", "coordinates": [ -80.8461318, 35.2262351 ] } },
{ "type": "Feature", "properties": { "osm_id": 1332536453, "name": null, "lat": 35.2238039, "lon": -80.8477851, "tags": { "garden:type": "landscaping", "leisure": "garden" }, "amenity": null, "shop": null, "leisure": "garden", "tourism": null, "office": null, "public_transport": null, "healthcare": null, "craft": null, "stations_in_radius": "['Brooklyn Village' '3rd St/Convention']", "stations_in_radius_dist_m": "[278.53 430.53]", "poi_cluster": "recreation" }, "geometry": { "type": "Point", "coordinates": [ -80.8477851, 35.2238039 ] } },
{ "type": "Feature", "properties": { "osm_id": 1332536455, "name": null, "lat": 35.2236241, "lon": -80.8480551, "tags": { "garden:type": "landscaping", "leisure": "garden" }, "amenity": null, "shop": null, "leisure": "garden", "tourism": null, "office": null, "public_transport": null, "healthcare": null, "craft": null, "stations_in_radius": "['Brooklyn Village' '3rd St/Convention']", "stations_in_radius_dist_m": "[267.74 454.57]", "poi_cluster": "recreation" }, "geometry": { "type": "Point", "coordinates": [ -80.8480551, 35.2236241 ] } },
{ "type": "Feature", "properties": { "osm_id": 1332536457, "name": null, "lat": 35.2235218, "lon": -80.8481671, "tags": { "garden:type": "landscaping", "leisure": "garden" }, "amenity": null, "shop": null, "leisure": "garden", "tourism": null, "office": null, "public_transport": null, "healthcare": null, "craft": null, "stations_in_radius": "['Brooklyn Village' '3rd St/Convention']", "stations_in_radius_dist_m": "[261.46 464.86]", "poi_cluster": "recreation" }, "geometry": { "type": "Point", "coordinates": [ -80.8481671, 35.2235218 ] } },
{ "type": "Feature", "properties": { "osm_id": 1352473422, "name": null, "lat": 35.2218753, "lon": -80.8435416, "tags": { "leisure": "outdoor_seating" }, "amenity": null, "shop": null, "leisure": "outdoor_seating", "tourism": null, "office": null, "public_transport": null, "healthcare": null, "craft": null, "stations_in_radius": "['3rd St/Convention' 'Brooklyn Village']", "stations_in_radius_dist_m": "[197.31 313.92]", "poi_cluster": "recreation" }, "geometry": { "type": "Point", "coordinates": [ -80.8435416, 35.2218753 ] } },
{ "type": "Feature", "properties": { "osm_id": 1352473423, "name": null, "lat": 35.2204515, "lon": -80.8446295, "tags": { "leisure": "outdoor_seating" }, "amenity": null, "shop": null, "leisure": "outdoor_seating", "tourism": null, "office": null, "public_transport": null, "healthcare": null, "craft": null, "stations_in_radius": "['Brooklyn Village' '3rd St/Convention']", "stations_in_radius_dist_m": "[234.62 378.28]", "poi_cluster": "recreation" }, "geometry": { "type": "Point", "coordinates": [ -80.8446295, 35.2204515 ] } },
{ "type": "Feature", "properties": { "osm_id": 1441928369, "name": null, "lat": 35.2275746, "lon": -80.8432742, "tags": { "garden:type": "landscaping", "leisure": "garden" }, "amenity": null, "shop": null, "leisure": "garden", "tourism": null, "office": null, "public_transport": null, "healthcare": null, "craft": null, "stations_in_radius": "['CTC/Arena' '3rd St/Convention']", "stations_in_radius_dist_m": "[333.05 440.11]", "poi_cluster": "recreation" }, "geometry": { "type": "Point", "coordinates": [ -80.8432742, 35.2275746 ] } },
{ "type": "Feature", "properties": { "osm_id": 1441928370, "name": null, "lat": 35.2276388, "lon": -80.843278, "tags": { "garden:type": "landscaping", "leisure": "garden" }, "amenity": null, "shop": null, "leisure": "garden", "tourism": null, "office": null, "public_transport": null, "healthcare": null, "craft": null, "stations_in_radius": "['CTC/Arena' '3rd St/Convention']", "stations_in_radius_dist_m": "[339.35 447.24]", "poi_cluster": "recreation" }, "geometry": { "type": "Point", "coordinates": [ -80.843278, 35.2276388 ] } },
{ "type": "Feature", "properties": { "osm_id": 1441928371, "name": null, "lat": 35.2276539, "lon": -80.8431655, "tags": { "garden:type": "landscaping", "leisure": "garden" }, "amenity": null, "shop": null, "leisure": "garden", "tourism": null, "office": null, "public_transport": null, "healthcare": null, "craft": null, "stations_in_radius": "['CTC/Arena' '3rd St/Convention']", "stations_in_radius_dist_m": "[335.75 448.57]", "poi_cluster": "recreation" }, "geometry": { "type": "Point", "coordinates": [ -80.8431655, 35.2276539 ] } },
{ "type": "Feature", "properties": { "osm_id": 1441928372, "name": null, "lat": 35.2275664, "lon": -80.8431745, "tags": { "garden:type": "landscaping", "leisure": "garden" }, "amenity": null, "shop": null, "leisure": "garden", "tourism": null, "office": null, "public_transport": null, "healthcare": null, "craft": null, "stations_in_radius": "['CTC/Arena' '3rd St/Convention']", "stations_in_radius_dist_m": "[327.68 438.89]", "poi_cluster": "recreation" }, "geometry": { "type": "Point", "coordinates": [ -80.8431745, 35.2275664 ] } },
{ "type": "Feature", "properties": { "osm_id": 1441928373, "name": null, "lat": 35.2274988, "lon": -80.8431765, "tags": { "garden:type": "landscaping", "leisure": "garden" }, "amenity": null, "shop": null, "leisure": "garden", "tourism": null, "office": null, "public_transport": null, "healthcare": null, "craft": null, "stations_in_radius": "['CTC/Arena' '3rd St/Convention']", "stations_in_radius_dist_m": "[321.29 431.4 ]", "poi_cluster": "recreation" }, "geometry": { "type": "Point", "coordinates": [ -80.8431765, 35.2274988 ] } },
{ "type": "Feature", "properties": { "osm_id": 6054694, "name": "Romare Bearden Park", "lat": 35.2268622, "lon": -80.847643, "tags": { "addr:city": "Charlotte", "addr:housenumber": "300", "addr:postcode": "28202", "addr:state": "NC", "addr:street": "South Church Street", "leisure": "park", "name": "Romare Bearden Park", "ownership": "county", "type": "multipolygon", "website": "https://www.mecknc.gov/parkandrec/parks/parksbyregion/centralregion/pages/romare-bearden-park.aspx", "wikidata": "Q14708162", "wikipedia": "en:Romare Bearden Park" }, "amenity": null, "shop": null, "leisure": "park", "tourism": null, "office": null, "public_transport": null, "healthcare": null, "craft": null, "stations_in_radius": [ "3rd St/Convention" ], "stations_in_radius_dist_m": [ 551.38 ], "poi_cluster": "recreation" }, "geometry": { "type": "Point", "coordinates": [ -80.847643, 35.2268622 ] } },
{ "type": "Feature", "properties": { "osm_id": 12346574, "name": null, "lat": 35.2274697, "lon": -80.8476481, "tags": { "leisure": "garden", "type": "multipolygon" }, "amenity": null, "shop": null, "leisure": "garden", "tourism": null, "office": null, "public_transport": null, "healthcare": null, "craft": null, "stations_in_radius": [ "3rd St/Convention" ], "stations_in_radius_dist_m": [ 597.95 ], "poi_cluster": "recreation" }, "geometry": { "type": "Point", "coordinates": [ -80.8476481, 35.2274697 ] } },
{ "type": "Feature", "properties": { "osm_id": 1848893643, "name": "Aloft Charlotte Uptown at the EpiCentre", "lat": 35.2254742, "lon": -80.8426764, "tags": { "brand": "Aloft", "brand:wikidata": "Q4734166", "name": "Aloft Charlotte Uptown at the EpiCentre", "tourism": "hotel" }, "amenity": null, "shop": null, "leisure": null, "tourism": "hotel", "office": null, "public_transport": null, "healthcare": null, "craft": null, "stations_in_radius": "['CTC/Arena' '3rd St/Convention' '7th Street']", "stations_in_radius_dist_m": "[128.33 209.67 462.56]", "poi_cluster": "tourism" }, "geometry": { "type": "Point", "coordinates": [ -80.8426764, 35.2254742 ] } },
{ "type": "Feature", "properties": { "osm_id": 2503984448, "name": "Visitor Information Center", "lat": 35.2248795, "lon": -80.8460352, "tags": { "information": "office", "name": "Visitor Information Center", "tourism": "information" }, "amenity": null, "shop": null, "leisure": null, "tourism": "information", "office": null, "public_transport": null, "healthcare": null, "craft": null, "stations_in_radius": "['3rd St/Convention' 'Brooklyn Village']", "stations_in_radius_dist_m": "[305.17 395.65]", "poi_cluster": "tourism" }, "geometry": { "type": "Point", "coordinates": [ -80.8460352, 35.2248795 ] } },
{ "type": "Feature", "properties": { "osm_id": 5016558822, "name": "Firebird", "lat": 35.2243618, "lon": -80.8474951, "tags": { "artist_name": "Niki de Saint Phalle", "artwork_type": "sculpture", "material": "metal", "name": "Firebird", "start_date": "2009", "tourism": "artwork" }, "amenity": null, "shop": null, "leisure": null, "tourism": "artwork", "office": null, "public_transport": null, "healthcare": null, "craft": null, "stations_in_radius": "['Brooklyn Village' '3rd St/Convention']", "stations_in_radius_dist_m": "[333.42 412.13]", "poi_cluster": "tourism" }, "geometry": { "type": "Point", "coordinates": [ -80.8474951, 35.2243618 ] } },
{ "type": "Feature", "properties": { "osm_id": 5016558837, "name": "Queen Charlotte Walks in Her Garden", "lat": 35.227096, "lon": -80.840571, "tags": { "artist_name": "Bailey Graham Weathers, Jr.", "artwork_type": "statue", "material": "bronze", "name": "Queen Charlotte Walks in Her Garden", "source": "https://www.ncpedia.org/monument/queen-charlotte-walks-her", "start_date": "1989-01-26", "tourism": "artwork" }, "amenity": null, "shop": null, "leisure": null, "tourism": "artwork", "office": null, "public_transport": null, "healthcare": null, "craft": null, "stations_in_radius": "['7th Street' 'CTC/Arena' '3rd St/Convention']", "stations_in_radius_dist_m": "[228.91 244.1  448.06]", "poi_cluster": "tourism" }, "geometry": { "type": "Point", "coordinates": [ -80.840571, 35.227096 ] } },
{ "type": "Feature", "properties": { "osm_id": 5016558838, "name": "Spiral Odyssey", "lat": 35.2264028, "lon": -80.8477692, "tags": { "artist_name": "Richard Hunt", "artwork_type": "sculpture", "material": "stainless_steel", "name": "Spiral Odyssey", "tourism": "artwork" }, "amenity": null, "shop": null, "leisure": null, "tourism": "artwork", "office": null, "public_transport": null, "healthcare": null, "craft": null, "stations_in_radius": [ "3rd St/Convention" ], "stations_in_radius_dist_m": [ 528.75 ], "poi_cluster": "tourism" }, "geometry": { "type": "Point", "coordinates": [ -80.8477692, 35.2264028 ] } },
{ "type": "Feature", "properties": { "osm_id": 7986487900, "name": "Transportation", "lat": 35.2272131, "lon": -80.8432503, "tags": { "artist_name": "Raymond Kaskey", "artwork_type": "statue", "material": "bronze", "name": "Transportation", "source": "https://www.ncpedia.org/monument/sculptures-square", "start_date": "1995-11-27", "tourism": "artwork" }, "amenity": null, "shop": null, "leisure": null, "tourism": "artwork", "office": null, "public_transport": null, "healthcare": null, "craft": null, "stations_in_radius": "['CTC/Arena' '3rd St/Convention']", "stations_in_radius_dist_m": "[298.15 399.96]", "poi_cluster": "tourism" }, "geometry": { "type": "Point", "coordinates": [ -80.8432503, 35.2272131 ] } },
{ "type": "Feature", "properties": { "osm_id": 8415199020, "name": "The Future", "lat": 35.2271919, "lon": -80.8429205, "tags": { "artist_name": "Raymond Kaskey", "artwork_type": "statue", "material": "bronze", "name": "The Future", "source": "https://www.ncpedia.org/monument/sculptures-square", "start_date": "1995-11-27", "tourism": "artwork" }, "amenity": null, "shop": null, "leisure": null, "tourism": "artwork", "office": null, "public_transport": null, "healthcare": null, "craft": null, "stations_in_radius": "['CTC/Arena' '3rd St/Convention']", "stations_in_radius_dist_m": "[280.16 397.44]", "poi_cluster": "tourism" }, "geometry": { "type": "Point", "coordinates": [ -80.8429205, 35.2271919 ] } },
{ "type": "Feature", "properties": { "osm_id": 8415199021, "name": "Commerce", "lat": 35.2273367, "lon": -80.8430687, "tags": { "artist_name": "Raymond Kaskey", "artwork_type": "statue", "material": "bronze", "name": "Commerce", "source": "https://www.ncpedia.org/monument/sculptures-square", "start_date": "1995-11-27", "tourism": "artwork" }, "amenity": null, "shop": null, "leisure": null, "tourism": "artwork", "office": null, "public_transport": null, "healthcare": null, "craft": null, "stations_in_radius": "['CTC/Arena' '3rd St/Convention']", "stations_in_radius_dist_m": "[300.82 413.29]", "poi_cluster": "tourism" }, "geometry": { "type": "Point", "coordinates": [ -80.8430687, 35.2273367 ] } },
{ "type": "Feature", "properties": { "osm_id": 8415199022, "name": "Industry", "lat": 35.2270868, "lon": -80.8430894, "tags": { "artist_name": "Raymond Kaskey", "artwork_type": "statue", "material": "bronze", "name": "Industry", "source": "https://www.ncpedia.org/monument/sculptures-square", "start_date": "1995-11-27", "tourism": "artwork" }, "amenity": null, "shop": null, "leisure": null, "tourism": "artwork", "office": null, "public_transport": null, "healthcare": null, "craft": null, "stations_in_radius": "['CTC/Arena' '3rd St/Convention']", "stations_in_radius_dist_m": "[278.34 385.59]", "poi_cluster": "tourism" }, "geometry": { "type": "Point", "coordinates": [ -80.8430894, 35.2270868 ] } },
{ "type": "Feature", "properties": { "osm_id": 8415199023, "name": "Il Grande Disco", "lat": 35.2268965, "lon": -80.8431653, "tags": { "artist_name": "Arnaldo Pomodoro", "artwork_type": "sculpture", "material": "metal", "name": "Il Grande Disco", "source": "http://mintmuseums.org/art/collections/item/ii-grande-disco/", "start_date": "1974-10-02", "tourism": "artwork" }, "amenity": null, "shop": null, "leisure": null, "tourism": "artwork", "office": null, "public_transport": null, "healthcare": null, "craft": null, "stations_in_radius": "['CTC/Arena' '3rd St/Convention']", "stations_in_radius_dist_m": "[265.21 364.6 ]", "poi_cluster": "tourism" }, "geometry": { "type": "Point", "coordinates": [ -80.8431653, 35.2268965 ] } },
{ "type": "Feature", "properties": { "osm_id": 9099545840, "name": "Bank of America Heritage Center", "lat": 35.2268915, "lon": -80.8420148, "tags": { "level": "0", "museum": "history", "name": "Bank of America Heritage Center", "tourism": "museum" }, "amenity": null, "shop": null, "leisure": null, "tourism": "museum", "office": null, "public_transport": null, "healthcare": null, "craft": null, "stations_in_radius": "['CTC/Arena' '7th Street' '3rd St/Convention']", "stations_in_radius_dist_m": "[217.34 361.72 376.14]", "poi_cluster": "tourism" }, "geometry": { "type": "Point", "coordinates": [ -80.8420148, 35.2268915 ] } },
{ "type": "Feature", "properties": { "osm_id": 9111862564, "name": "Residence Inn Charlotte City Center", "lat": 35.2251987, "lon": -80.8414272, "tags": { "addr:city": "Charlotte", "addr:housenumber": "220", "addr:postcode": "28202", "addr:state": "NC", "addr:street": "East Trade Street", "brand": "Residence Inn", "brand:wikidata": "Q7315394", "name": "Residence Inn Charlotte City Center", "official_name": "Residence Inn by Marriott", "tourism": "hotel" }, "amenity": null, "shop": null, "leisure": null, "tourism": "hotel", "office": null, "public_transport": null, "healthcare": null, "craft": null, "stations_in_radius": "['CTC/Arena' '3rd St/Convention' '7th Street']", "stations_in_radius_dist_m": "[ 22.29 230.48 379.66]", "poi_cluster": "tourism" }, "geometry": { "type": "Point", "coordinates": [ -80.8414272, 35.2251987 ] } },
{ "type": "Feature", "properties": { "osm_id": 9111862565, "name": "AC Hotel by Marriott Charlotte City Center", "lat": 35.2253154, "lon": -80.8414502, "tags": { "brand": "AC Hotel", "brand:wikidata": "Q5653536", "name": "AC Hotel by Marriott Charlotte City Center", "tourism": "hotel" }, "amenity": null, "shop": null, "leisure": null, "tourism": "hotel", "office": null, "public_transport": null, "healthcare": null, "craft": null, "stations_in_radius": "['CTC/Arena' '3rd St/Convention' '7th Street']", "stations_in_radius_dist_m": "[ 35.4  239.23 373.89]", "poi_cluster": "tourism" }, "geometry": { "type": "Point", "coordinates": [ -80.8414502, 35.2253154 ] } },
{ "type": "Feature", "properties": { "osm_id": 9634125371, "name": "Kimpton Tryon Park Hotel", "lat": 35.2262379, "lon": -80.8465493, "tags": { "addr:city": "Charlotte", "addr:housenumber": "303", "addr:postcode": "28202", "addr:state": "NC", "addr:street": "South Church Street", "brand": "Kimpton", "brand:wikidata": "Q6410248", "name": "Kimpton Tryon Park Hotel", "tourism": "hotel", "wikidata": "Q111394604" }, "amenity": null, "shop": null, "leisure": null, "tourism": "hotel", "office": null, "public_transport": null, "healthcare": null, "craft": null, "stations_in_radius": [ "3rd St/Convention" ], "stations_in_radius_dist_m": [ 431. ], "poi_cluster": "tourism" }, "geometry": { "type": "Point", "coordinates": [ -80.8465493, 35.2262379 ] } },
{ "type": "Feature", "properties": { "osm_id": 10968050748, "name": null, "lat": 35.223827, "lon": -80.8476613, "tags": { "artwork_type": "sculpture", "tourism": "artwork" }, "amenity": null, "shop": null, "leisure": null, "tourism": "artwork", "office": null, "public_transport": null, "healthcare": null, "craft": null, "stations_in_radius": "['Brooklyn Village' '3rd St/Convention']", "stations_in_radius_dist_m": "[278.12 419.42]", "poi_cluster": "tourism" }, "geometry": { "type": "Point", "coordinates": [ -80.8476613, 35.223827 ] } },
{ "type": "Feature", "properties": { "osm_id": 11083083004, "name": null, "lat": 35.22352, "lon": -80.8462353, "tags": { "artwork_type": "sculpture", "tourism": "artwork" }, "amenity": null, "shop": null, "leisure": null, "tourism": "artwork", "office": null, "public_transport": null, "healthcare": null, "craft": null, "stations_in_radius": "['Brooklyn Village' '3rd St/Convention']", "stations_in_radius_dist_m": "[244.77 289.13]", "poi_cluster": "tourism" }, "geometry": { "type": "Point", "coordinates": [ -80.8462353, 35.22352 ] } },
{ "type": "Feature", "properties": { "osm_id": 11083145810, "name": null, "lat": 35.2234226, "lon": -80.8463744, "tags": { "artwork_type": "sculpture", "tourism": "artwork" }, "amenity": null, "shop": null, "leisure": null, "tourism": "artwork", "office": null, "public_transport": null, "healthcare": null, "craft": null, "stations_in_radius": "['Brooklyn Village' '3rd St/Convention']", "stations_in_radius_dist_m": "[231.22 302.34]", "poi_cluster": "tourism" }, "geometry": { "type": "Point", "coordinates": [ -80.8463744, 35.2234226 ] } },
{ "type": "Feature", "properties": { "osm_id": 11083145811, "name": null, "lat": 35.2242878, "lon": -80.847069, "tags": { "artwork_type": "sculpture", "material": "brick", "tourism": "artwork" }, "amenity": null, "shop": null, "leisure": null, "tourism": "artwork", "office": null, "public_transport": null, "healthcare": null, "craft": null, "stations_in_radius": "['Brooklyn Village' '3rd St/Convention']", "stations_in_radius_dist_m": "[321.58 372.49]", "poi_cluster": "tourism" }, "geometry": { "type": "Point", "coordinates": [ -80.847069, 35.2242878 ] } },
{ "type": "Feature", "properties": { "osm_id": 12327899281, "name": null, "lat": 35.2237529, "lon": -80.8475722, "tags": { "artwork_type": "sculpture", "tourism": "artwork" }, "amenity": null, "shop": null, "leisure": null, "tourism": "artwork", "office": null, "public_transport": null, "healthcare": null, "craft": null, "stations_in_radius": "['Brooklyn Village' '3rd St/Convention']", "stations_in_radius_dist_m": "[268.29 410.93]", "poi_cluster": "tourism" }, "geometry": { "type": "Point", "coordinates": [ -80.8475722, 35.2237529 ] } },
{ "type": "Feature", "properties": { "osm_id": 12945631873, "name": null, "lat": 35.2272389, "lon": -80.8436164, "tags": { "artwork_type": "sculpture", "tourism": "artwork" }, "amenity": null, "shop": null, "leisure": null, "tourism": "artwork", "office": null, "public_transport": null, "healthcare": null, "craft": null, "stations_in_radius": "['CTC/Arena' '3rd St/Convention']", "stations_in_radius_dist_m": "[320.47 405.62]", "poi_cluster": "tourism" }, "geometry": { "type": "Point", "coordinates": [ -80.8436164, 35.2272389 ] } },
{ "type": "Feature", "properties": { "osm_id": 13231416222, "name": null, "lat": 35.226531, "lon": -80.844289, "tags": { "information": "guidepost", "tourism": "information" }, "amenity": null, "shop": null, "leisure": null, "tourism": "information", "office": null, "public_transport": null, "healthcare": null, "craft": null, "stations_in_radius": "['CTC/Arena' '3rd St/Convention']", "stations_in_radius_dist_m": "[313.73 342.7 ]", "poi_cluster": "tourism" }, "geometry": { "type": "Point", "coordinates": [ -80.844289, 35.226531 ] } },
{ "type": "Feature", "properties": { "osm_id": 120628262, "name": "Hyatt Place Charlotte Downtown", "lat": 35.222597, "lon": -80.841087, "tags": { "addr:city": "Charlotte", "addr:housenumber": "222", "addr:postcode": "28202", "addr:state": "NC", "addr:street": "South Caldwell Street", "branch": "Charlotte Downtown", "brand": "Hyatt Place", "brand:wikidata": "Q72629292", "building": "yes", "building:levels": "17", "height": "103", "name": "Hyatt Place Charlotte Downtown", "phone": "+1 704-227-0500", "tourism": "hotel", "website": "https://www.hyatt.com/en-us/hotel/north-carolina/hyatt-place-charlotte-downtown/cltzu" }, "amenity": null, "shop": null, "leisure": null, "tourism": "hotel", "office": null, "public_transport": null, "healthcare": null, "craft": null, "stations_in_radius": "['3rd St/Convention' 'CTC/Arena']", "stations_in_radius_dist_m": "[211.8  267.92]", "poi_cluster": "tourism" }, "geometry": { "type": "Point", "coordinates": [ -80.841087, 35.222597 ] } },
{ "type": "Feature", "properties": { "osm_id": 131139722, "name": "Harvey B. Gantt Center for African American Arts & Culture", "lat": 35.2231064, "lon": -80.8479206, "tags": { "addr:city": "Charlotte", "addr:housenumber": "551", "addr:postcode": "28202", "addr:state": "NC", "addr:street": "South Tryon Street", "building": "yes", "email": "gsa@ganttcenter.org", "height": "29", "museum": "art", "name": "Harvey B. Gantt Center for African American Arts & Culture", "phone": "+1 704 547 3700", "tourism": "museum", "website": "https://www.ganttcenter.org/", "wikidata": "Q16983412" }, "amenity": null, "shop": null, "leisure": null, "tourism": "museum", "office": null, "public_transport": null, "healthcare": null, "craft": null, "stations_in_radius": "['Brooklyn Village' '3rd St/Convention']", "stations_in_radius_dist_m": "[210.23 445.84]", "poi_cluster": "tourism" }, "geometry": { "type": "Point", "coordinates": [ -80.8479206, 35.2231064 ] } },
{ "type": "Feature", "properties": { "osm_id": 131139728, "name": "Bechtler Museum Of Modern Art", "lat": 35.2245865, "lon": -80.8474035, "tags": { "addr:city": "Charlotte", "addr:housenumber": "420", "addr:postcode": "28202", "addr:state": "NC", "addr:street": "South Tryon Street", "building": "yes", "height": "30", "name": "Bechtler Museum Of Modern Art", "phone": "+1-704-353-9200", "tourism": "museum", "website": "https://www.bechtler.org/", "wikidata": "Q4878575", "wikipedia": "en:Bechtler Museum of Modern Art" }, "amenity": null, "shop": null, "leisure": null, "tourism": "museum", "office": null, "public_transport": null, "healthcare": null, "craft": null, "stations_in_radius": "['Brooklyn Village' '3rd St/Convention']", "stations_in_radius_dist_m": "[356.99 409.84]", "poi_cluster": "tourism" }, "geometry": { "type": "Point", "coordinates": [ -80.8474035, 35.2245865 ] } },
{ "type": "Feature", "properties": { "osm_id": 322278731, "name": "NASCAR Hall of Fame", "lat": 35.2210348, "lon": -80.8441204, "tags": { "addr:city": "Charlotte", "addr:housenumber": "400", "addr:postcode": "28202", "addr:state": "NC", "addr:street": "East Martin Luther King Jr Boulevard", "building": "yes", "check_date:opening_hours": "2023-02-17", "fee": "yes", "height": "60", "name": "NASCAR Hall of Fame", "opening_hours": "Mo-Su 10:00-17:00; Tu off", "source": "Bing", "toilets:wheelchair": "yes", "tourism": "museum", "website": "https://www.nascarhall.com/", "wheelchair": "yes", "wikidata": "Q1443089" }, "amenity": null, "shop": null, "leisure": null, "tourism": "museum", "office": null, "public_transport": null, "healthcare": null, "craft": null, "stations_in_radius": "['Brooklyn Village' '3rd St/Convention']", "stations_in_radius_dist_m": "[259.61 301.45]", "poi_cluster": "tourism" }, "geometry": { "type": "Point", "coordinates": [ -80.8441204, 35.2210348 ] } },
{ "type": "Feature", "properties": { "osm_id": 380092604, "name": "The Ritz-Carlton, Charlotte", "lat": 35.2261491, "lon": -80.8414748, "tags": { "addr:city": "Charlotte", "addr:housenumber": "201", "addr:postcode": "28202", "addr:state": "NC", "addr:street": "East Trade Street", "brand": "The Ritz-Carlton", "brand:wikidata": "Q782200", "building": "yes", "height": "80", "name": "The Ritz-Carlton, Charlotte", "tourism": "hotel", "wikidata": "Q111394609" }, "amenity": null, "shop": null, "leisure": null, "tourism": "hotel", "office": null, "public_transport": null, "healthcare": null, "craft": null, "stations_in_radius": "['CTC/Arena' '3rd St/Convention' '7th Street']", "stations_in_radius_dist_m": "[127.67 316.39 332.67]", "poi_cluster": "tourism" }, "geometry": { "type": "Point", "coordinates": [ -80.8414748, 35.2261491 ] } },
{ "type": "Feature", "properties": { "osm_id": 380092605, "name": "Hilton Charlotte Uptown", "lat": 35.2239118, "lon": -80.8437606, "tags": { "addr:city": "Charlotte", "addr:housenumber": "222", "addr:postcode": "28202", "addr:state": "NC", "addr:street": "East 3rd Street", "brand": "Hilton", "brand:wikidata": "Q598884", "building": "yes", "building:levels": "10", "height": "83", "internet_access": "yes", "layer": "1", "name": "Hilton Charlotte Uptown", "phone": "+1-704-377-1500", "tourism": "hotel", "website": "https://charlotteuptown.hilton.com", "wikidata": "Q111394608" }, "amenity": null, "shop": null, "leisure": null, "tourism": "hotel", "office": null, "public_transport": null, "healthcare": null, "craft": null, "stations_in_radius": "['3rd St/Convention' 'CTC/Arena' 'Brooklyn Village']", "stations_in_radius_dist_m": "[ 72.01 247.19 402.41]", "poi_cluster": "tourism" }, "geometry": { "type": "Point", "coordinates": [ -80.8437606, 35.2239118 ] } },
{ "type": "Feature", "properties": { "osm_id": 397369787, "name": "Charlotte Marriott City Center", "lat": 35.2280258, "lon": -80.8435409, "tags": { "addr:city": "Charlotte", "addr:housenumber": "100", "addr:postcode": "28202", "addr:state": "NC", "addr:street": "West Trade Street", "building": "yes", "name": "Charlotte Marriott City Center", "tourism": "hotel", "wikidata": "Q111394605" }, "amenity": null, "shop": null, "leisure": null, "tourism": "hotel", "office": null, "public_transport": null, "healthcare": null, "craft": null, "stations_in_radius": [ "CTC/Arena" ], "stations_in_radius_dist_m": [ 388.48 ], "poi_cluster": "tourism" }, "geometry": { "type": "Point", "coordinates": [ -80.8435409, 35.2280258 ] } },
{ "type": "Feature", "properties": { "osm_id": 397372377, "name": "The Westin Charlotte", "lat": 35.2217519, "lon": -80.8472572, "tags": { "addr:city": "Charlotte", "addr:housenumber": "601", "addr:postcode": "28202", "addr:state": "NC", "addr:street": "South College Street", "brand": "Westin", "brand:wikidata": "Q1969162", "building": "yes", "height": "94", "internet_access": "wlan", "level": "1", "name": "The Westin Charlotte", "operator": "The Westin Hotels", "phone": "+1-704-375-2600", "rooms": "700", "smoking": "no", "tourism": "hotel", "website": "https://www.marriott.com/en-us/hotels/cltcw-the-westin-charlotte/", "wikidata": "Q7988920" }, "amenity": null, "shop": null, "leisure": null, "tourism": "hotel", "office": null, "public_transport": null, "healthcare": null, "craft": null, "stations_in_radius": [ ], "stations_in_radius_dist_m": [ ], "poi_cluster": "tourism" }, "geometry": { "type": "Point", "coordinates": [ -80.8472572, 35.2217519 ] } },
{ "type": "Feature", "properties": { "osm_id": 484755656, "name": "SpringHill Suites Charlotte Uptown", "lat": 35.2264003, "lon": -80.8392279, "tags": { "addr:city": "Charlotte", "addr:housenumber": "311", "addr:postcode": "28202", "addr:state": "NC", "addr:street": "East 5th Street", "branch": "Charlotte City Center", "brand": "SpringHill Suites", "brand:wikidata": "Q7580351", "building": "yes", "height": "48", "internet_access": "yes", "name": "SpringHill Suites Charlotte Uptown", "official_name": "SpringHill Suites by Marriott", "operator": "Marriot", "phone": "+1 704-439-8100", "ref": "CLTSD", "rooms": "195", "smoking": "no", "tourism": "hotel", "website": "https://www.marriott.com/cltsd" }, "amenity": null, "shop": null, "leisure": null, "tourism": "hotel", "office": null, "public_transport": null, "healthcare": null, "craft": null, "stations_in_radius": "['7th Street' 'CTC/Arena']", "stations_in_radius_dist_m": "[139.85 250.65]", "poi_cluster": "tourism" }, "geometry": { "type": "Point", "coordinates": [ -80.8392279, 35.2264003 ] } },
{ "type": "Feature", "properties": { "osm_id": 500204487, "name": "Omni Charlotte Hotel", "lat": 35.2262153, "lon": -80.842852, "tags": { "addr:city": "Charlotte", "addr:housenumber": "132", "addr:postcode": "28202", "addr:state": "NC", "addr:street": "East Trade Street", "brand:wikidata": "Q7090329", "building": "yes", "height": "28", "internet_access": "yes", "name": "Omni Charlotte Hotel", "operator": "Omni Hotels & Resorts", "phone": "+1-704-377-0400", "tourism": "hotel", "website": "https://www.omnihotels.com/hotels/charlotte" }, "amenity": null, "shop": null, "leisure": null, "tourism": "hotel", "office": null, "public_transport": null, "healthcare": null, "craft": null, "stations_in_radius": "['CTC/Arena' '3rd St/Convention']", "stations_in_radius_dist_m": "[189.38 289.55]", "poi_cluster": "tourism" }, "geometry": { "type": "Point", "coordinates": [ -80.842852, 35.2262153 ] } },
{ "type": "Feature", "properties": { "osm_id": 500727932, "name": "Embassy Suites by Hilton Charlotte Uptown", "lat": 35.2219781, "lon": -80.8425865, "tags": { "addr:city": "Charlotte", "addr:housenumber": "401", "addr:postcode": "28202", "addr:state": "NC", "addr:street": "East Martin Luther King Jr Boulevard", "branch": "Charlotte Uptown", "brand": "Embassy Suites", "brand:wikidata": "Q5369524", "building": "yes", "building:levels": "9", "height": "13", "name": "Embassy Suites by Hilton Charlotte Uptown", "official_name": "Embassy Suites by Hilton", "ref": "CLTMLES", "tourism": "hotel", "website": "https://www.hilton.com/en/hotels/cltmles-embassy-suites-charlotte-uptown/" }, "amenity": null, "shop": null, "leisure": null, "tourism": "hotel", "office": null, "public_transport": null, "healthcare": null, "craft": null, "stations_in_radius": "['3rd St/Convention' 'CTC/Arena' 'Brooklyn Village']", "stations_in_radius_dist_m": "[186.04 352.38 401.52]", "poi_cluster": "tourism" }, "geometry": { "type": "Point", "coordinates": [ -80.8425865, 35.2219781 ] } },
{ "type": "Feature", "properties": { "osm_id": 500736208, "name": "Hyatt House Charlotte/Center City", "lat": 35.2241877, "lon": -80.8390722, "tags": { "addr:city": "Charlotte", "addr:housenumber": "435", "addr:postcode": "28202", "addr:state": "NC", "addr:street": "East Trade Street", "branch": "Charlotte/Center City", "brand": "Hyatt House", "brand:wikidata": "Q109292191", "building": "apartments", "building:levels": "16", "height": "17", "name": "Hyatt House Charlotte/Center City", "operator": "Hyatt", "phone": "+1 704-373-9700", "tourism": "hotel", "website": "https://www.hyatt.com/hyatt-house/en-us/cltxd-hyatt-house-charlotte-center-city" }, "amenity": null, "shop": null, "leisure": null, "tourism": "hotel", "office": null, "public_transport": null, "healthcare": null, "craft": null, "stations_in_radius": "['CTC/Arena' '7th Street' '3rd St/Convention']", "stations_in_radius_dist_m": "[229.36 348.67 368.51]", "poi_cluster": "tourism" }, "geometry": { "type": "Point", "coordinates": [ -80.8390722, 35.2241877 ] } },
{ "type": "Feature", "properties": { "osm_id": 500736212, "name": "Holiday Inn Center City", "lat": 35.2273392, "lon": -80.8401602, "tags": { "brand": "Holiday Inn", "brand:wikidata": "Q2717882", "building": "yes", "height": "60", "name": "Holiday Inn Center City", "tourism": "hotel", "wikidata": "Q111394610" }, "amenity": null, "shop": null, "leisure": null, "tourism": "hotel", "office": null, "public_transport": null, "healthcare": null, "craft": null, "stations_in_radius": "['7th Street' 'CTC/Arena']", "stations_in_radius_dist_m": "[191.57 282.53]", "poi_cluster": "tourism" }, "geometry": { "type": "Point", "coordinates": [ -80.8401602, 35.2273392 ] } },
{ "type": "Feature", "properties": { "osm_id": 695677597, "name": "Hilton Garden Inn Charlotte Uptown", "lat": 35.2206667, "lon": -80.8429395, "tags": { "addr:city": "Charlotte", "addr:housenumber": "508", "addr:postcode": "28202", "addr:state": "NC", "addr:street": "East Martin Luther King Jr Boulevard", "branch": "Charlotte Uptown", "brand": "Hilton Garden Inn", "brand:wikidata": "Q1162859", "building": "yes", "building:levels": "15", "internet_access": "wlan", "name": "Hilton Garden Inn Charlotte Uptown", "operator": "Hilton", "phone": "+1 704-347-5972", "ref": "CLTUPGI", "tourism": "hotel", "website": "https://hiltongardeninn3.hilton.com/en/hotels/north-carolina/hilton-garden-inn-charlotte-uptown-CLTUPGI/" }, "amenity": null, "shop": null, "leisure": null, "tourism": "hotel", "office": null, "public_transport": null, "healthcare": null, "craft": null, "stations_in_radius": "['3rd St/Convention' 'Brooklyn Village']", "stations_in_radius_dist_m": "[326.6 372.8]", "poi_cluster": "tourism" }, "geometry": { "type": "Point", "coordinates": [ -80.8429395, 35.2206667 ] } },
{ "type": "Feature", "properties": { "osm_id": 695677600, "name": "Hampton Inn Charlotte-Uptown", "lat": 35.2201212, "lon": -80.8424078, "tags": { "addr:city": "Charlotte", "addr:housenumber": "530", "addr:postcode": "28202", "addr:state": "NC", "addr:street": "East Martin Luther King Jr Boulevard", "alt_name": "Hampton Inn", "branch": "Charlotte-Uptown", "brand": "Hampton", "brand:wikidata": "Q5646230", "building": "yes", "building:levels": "10", "name": "Hampton Inn Charlotte-Uptown", "note": "Levels approximated", "official_name": "Hampton by Hilton", "phone": "+1 704-373-0917", "ref": "CLTUTHX", "tourism": "hotel", "website": "https://hamptoninn3.hilton.com/en/hotels/north-carolina/hampton-inn-charlotte-uptown-CLTUTHX/" }, "amenity": null, "shop": null, "leisure": null, "tourism": "hotel", "office": null, "public_transport": null, "healthcare": null, "craft": null, "stations_in_radius": "['3rd St/Convention' 'Brooklyn Village']", "stations_in_radius_dist_m": "[391.44 435.8 ]", "poi_cluster": "tourism" }, "geometry": { "type": "Point", "coordinates": [ -80.8424078, 35.2201212 ] } },
{ "type": "Feature", "properties": { "osm_id": 695751577, "name": "Home2 Suites by Hilton", "lat": 35.2202544, "lon": -80.8454478, "tags": { "brand": "Home2 Suites", "brand:wikidata": "Q5887912", "building": "yes", "building:levels": "9", "height": "40", "name": "Home2 Suites by Hilton", "official_name": "Home2 Suites by Hilton", "tourism": "hotel" }, "amenity": null, "shop": null, "leisure": null, "tourism": "hotel", "office": null, "public_transport": null, "healthcare": null, "craft": null, "stations_in_radius": "['Brooklyn Village' '3rd St/Convention']", "stations_in_radius_dist_m": "[185.21 430.94]", "poi_cluster": "tourism" }, "geometry": { "type": "Point", "coordinates": [ -80.8454478, 35.2202544 ] } },
{ "type": "Feature", "properties": { "osm_id": 948973303, "name": "Courtyard Charlotte City Center", "lat": 35.2255941, "lon": -80.8446822, "tags": { "addr:city": "Charlotte", "addr:housenumber": "237", "addr:postcode": "28202", "addr:state": "NC", "addr:street": "South Tryon Street", "branch": "Charlotte City Center", "brand": "Courtyard", "brand:wikidata": "Q1053170", "building:part": "yes", "name": "Courtyard Charlotte City Center", "official_name": "Courtyard by Marriott", "phone": "+1 704-926-5800", "ref": "CLTUP", "source": "GPS", "tourism": "hotel", "website": "https://www.marriott.com/cltup" }, "amenity": null, "shop": null, "leisure": null, "tourism": "hotel", "office": null, "public_transport": null, "healthcare": null, "craft": null, "stations_in_radius": "['3rd St/Convention' 'CTC/Arena']", "stations_in_radius_dist_m": "[264.97 306.75]", "poi_cluster": "tourism" }, "geometry": { "type": "Point", "coordinates": [ -80.8446822, 35.2255941 ] } },
{ "type": "Feature", "properties": { "osm_id": 984713014, "name": null, "lat": 35.225251, "lon": -80.8405025, "tags": { "area": "yes", "artist_name": "Andrew Leicester", "artwork_type": "installation", "height": "15", "tourism": "artwork" }, "amenity": null, "shop": null, "leisure": null, "tourism": "artwork", "office": null, "public_transport": null, "healthcare": null, "craft": null, "stations_in_radius": "['CTC/Arena' '3rd St/Convention' '7th Street']", "stations_in_radius_dist_m": "[ 85.43 295.44 311.59]", "poi_cluster": "tourism" }, "geometry": { "type": "Point", "coordinates": [ -80.8405025, 35.225251 ] } },
{ "type": "Feature", "properties": { "osm_id": 984713015, "name": null, "lat": 35.225304, "lon": -80.8405649, "tags": { "area": "yes", "artist_name": "Andrew Leicester", "artwork_type": "installation", "height": "15", "tourism": "artwork" }, "amenity": null, "shop": null, "leisure": null, "tourism": "artwork", "office": null, "public_transport": null, "healthcare": null, "craft": null, "stations_in_radius": "['CTC/Arena' '3rd St/Convention' '7th Street']", "stations_in_radius_dist_m": "[ 82.31 294.7  311.62]", "poi_cluster": "tourism" }, "geometry": { "type": "Point", "coordinates": [ -80.8405649, 35.225304 ] } },
{ "type": "Feature", "properties": { "osm_id": 984713016, "name": null, "lat": 35.2251962, "lon": -80.84044, "tags": { "area": "yes", "artist_name": "Andrew Leicester", "artwork_type": "installation", "height": "15", "tourism": "artwork" }, "amenity": null, "shop": null, "leisure": null, "tourism": "artwork", "office": null, "public_transport": null, "healthcare": null, "craft": null, "stations_in_radius": "['CTC/Arena' '3rd St/Convention' '7th Street']", "stations_in_radius_dist_m": "[ 89.15 296.3  311.9 ]", "poi_cluster": "tourism" }, "geometry": { "type": "Point", "coordinates": [ -80.84044, 35.2251962 ] } },
{ "type": "Feature", "properties": { "osm_id": 984713017, "name": null, "lat": 35.2251438, "lon": -80.840378, "tags": { "area": "yes", "artist_name": "Andrew Leicester", "artwork_type": "installation", "height": "15", "tourism": "artwork" }, "amenity": null, "shop": null, "leisure": null, "tourism": "artwork", "office": null, "public_transport": null, "healthcare": null, "craft": null, "stations_in_radius": "['CTC/Arena' '3rd St/Convention' '7th Street']", "stations_in_radius_dist_m": "[ 93.46 297.49 312.27]", "poi_cluster": "tourism" }, "geometry": { "type": "Point", "coordinates": [ -80.840378, 35.2251438 ] } },
{ "type": "Feature", "properties": { "osm_id": 1046738979, "name": "JW Marriott Charlotte", "lat": 35.2226486, "lon": -80.8479942, "tags": { "addr:city": "Charlotte", "addr:housenumber": "600", "addr:postcode": "28202", "addr:state": "NC", "addr:street": "South College Street", "brand": "JW Marriott", "brand:wikidata": "Q1067636", "building": "yes", "height": "80", "name": "JW Marriott Charlotte", "rooms": "381", "tourism": "hotel", "website": "https://www.marriott.com/en-us/hotels/cltjw-jw-marriott-charlotte/overview/" }, "amenity": null, "shop": null, "leisure": null, "tourism": "hotel", "office": null, "public_transport": null, "healthcare": null, "craft": null, "stations_in_radius": "['Brooklyn Village' '3rd St/Convention']", "stations_in_radius_dist_m": "[169.37 461.51]", "poi_cluster": "tourism" }, "geometry": { "type": "Point", "coordinates": [ -80.8479942, 35.2226486 ] } },
{ "type": "Feature", "properties": { "osm_id": 1189773827, "name": "Element", "lat": 35.2199872, "lon": -80.8459194, "tags": { "brand": "Element", "brand:wikidata": "Q91948072", "building": "yes", "height": "33", "name": "Element", "tourism": "hotel" }, "amenity": null, "shop": null, "leisure": null, "tourism": "hotel", "office": null, "public_transport": null, "healthcare": null, "craft": null, "stations_in_radius": [ "Brooklyn Village" ], "stations_in_radius_dist_m": [ 181.19 ], "poi_cluster": "tourism" }, "geometry": { "type": "Point", "coordinates": [ -80.8459194, 35.2199872 ] } },
{ "type": "Feature", "properties": { "osm_id": 1193932898, "name": null, "lat": 35.2252519, "lon": -80.848045, "tags": { "artwork_type": "mural", "tourism": "artwork" }, "amenity": null, "shop": null, "leisure": null, "tourism": "artwork", "office": null, "public_transport": null, "healthcare": null, "craft": null, "stations_in_radius": [ "3rd St/Convention" ], "stations_in_radius_dist_m": [ 488.82 ], "poi_cluster": "tourism" }, "geometry": { "type": "Point", "coordinates": [ -80.848045, 35.2252519 ] } },
{ "type": "Feature", "properties": { "osm_id": 1194649369, "name": null, "lat": 35.2255548, "lon": -80.8442102, "tags": { "artwork_type": "mural", "level": "1", "tourism": "artwork" }, "amenity": null, "shop": null, "leisure": null, "tourism": "artwork", "office": null, "public_transport": null, "healthcare": null, "craft": null, "stations_in_radius": "['3rd St/Convention' 'CTC/Arena']", "stations_in_radius_dist_m": "[239.74 263.91]", "poi_cluster": "tourism" }, "geometry": { "type": "Point", "coordinates": [ -80.8442102, 35.2255548 ] } },
{ "type": "Feature", "properties": { "osm_id": 1194649370, "name": null, "lat": 35.2255093, "lon": -80.8442793, "tags": { "artwork_type": "mural", "tourism": "artwork" }, "amenity": null, "shop": null, "leisure": null, "tourism": "artwork", "office": null, "public_transport": null, "healthcare": null, "craft": null, "stations_in_radius": "['3rd St/Convention' 'CTC/Arena']", "stations_in_radius_dist_m": "[238.07 268.93]", "poi_cluster": "tourism" }, "geometry": { "type": "Point", "coordinates": [ -80.8442793, 35.2255093 ] } },
{ "type": "Feature", "properties": { "osm_id": 1194649371, "name": null, "lat": 35.2254795, "lon": -80.8443247, "tags": { "artwork_type": "mural", "tourism": "artwork" }, "amenity": null, "shop": null, "leisure": null, "tourism": "artwork", "office": null, "public_transport": null, "healthcare": null, "craft": null, "stations_in_radius": "['3rd St/Convention' 'CTC/Arena']", "stations_in_radius_dist_m": "[237.13 272.3 ]", "poi_cluster": "tourism" }, "geometry": { "type": "Point", "coordinates": [ -80.8443247, 35.2254795 ] } },
{ "type": "Feature", "properties": { "osm_id": 1194649372, "name": null, "lat": 35.225732, "lon": -80.843941, "tags": { "artwork_type": "mural", "tourism": "artwork" }, "amenity": null, "shop": null, "leisure": null, "tourism": "artwork", "office": null, "public_transport": null, "healthcare": null, "craft": null, "stations_in_radius": "['CTC/Arena' '3rd St/Convention']", "stations_in_radius_dist_m": "[245.93 248.61]", "poi_cluster": "tourism" }, "geometry": { "type": "Point", "coordinates": [ -80.843941, 35.225732 ] } },
{ "type": "Feature", "properties": { "osm_id": 1194649373, "name": null, "lat": 35.2256575, "lon": -80.8440542, "tags": { "artwork_type": "mural", "tourism": "artwork" }, "amenity": null, "shop": null, "leisure": null, "tourism": "artwork", "office": null, "public_transport": null, "healthcare": null, "craft": null, "stations_in_radius": "['3rd St/Convention' 'CTC/Arena']", "stations_in_radius_dist_m": "[244.43 253.17]", "poi_cluster": "tourism" }, "geometry": { "type": "Point", "coordinates": [ -80.8440542, 35.2256575 ] } },
{ "type": "Feature", "properties": { "osm_id": 1194649374, "name": null, "lat": 35.2257858, "lon": -80.8438903, "tags": { "artwork_type": "mural", "layer": "1", "tourism": "artwork" }, "amenity": null, "shop": null, "leisure": null, "tourism": "artwork", "office": null, "public_transport": null, "healthcare": null, "craft": null, "stations_in_radius": "['CTC/Arena' '3rd St/Convention']", "stations_in_radius_dist_m": "[243.65 252.85]", "poi_cluster": "tourism" }, "geometry": { "type": "Point", "coordinates": [ -80.8438903, 35.2257858 ] } },
{ "type": "Feature", "properties": { "osm_id": 1194649375, "name": null, "lat": 35.2256078, "lon": -80.8441297, "tags": { "artwork_type": "mural", "tourism": "artwork" }, "amenity": null, "shop": null, "leisure": null, "tourism": "artwork", "office": null, "public_transport": null, "healthcare": null, "craft": null, "stations_in_radius": "['3rd St/Convention' 'CTC/Arena']", "stations_in_radius_dist_m": "[242.   258.27]", "poi_cluster": "tourism" }, "geometry": { "type": "Point", "coordinates": [ -80.8441297, 35.2256078 ] } },
{ "type": "Feature", "properties": { "osm_id": 1194649376, "name": null, "lat": 35.2253038, "lon": -80.8445942, "tags": { "artwork_type": "mural", "tourism": "artwork" }, "amenity": null, "shop": null, "leisure": null, "tourism": "artwork", "office": null, "public_transport": null, "healthcare": null, "craft": null, "stations_in_radius": "['3rd St/Convention' 'CTC/Arena' 'Brooklyn Village']", "stations_in_radius_dist_m": "[234.05 293.53 483.7 ]", "poi_cluster": "tourism" }, "geometry": { "type": "Point", "coordinates": [ -80.8445942, 35.2253038 ] } },
{ "type": "Feature", "properties": { "osm_id": 1194649377, "name": null, "lat": 35.2256395, "lon": -80.8440816, "tags": { "artwork_type": "mural", "tourism": "artwork" }, "amenity": null, "shop": null, "leisure": null, "tourism": "artwork", "office": null, "public_transport": null, "healthcare": null, "craft": null, "stations_in_radius": "['3rd St/Convention' 'CTC/Arena']", "stations_in_radius_dist_m": "[243.52 255.  ]", "poi_cluster": "tourism" }, "geometry": { "type": "Point", "coordinates": [ -80.8440816, 35.2256395 ] } },
{ "type": "Feature", "properties": { "osm_id": 1194649378, "name": null, "lat": 35.2256782, "lon": -80.8440227, "tags": { "artwork_type": "mural", "tourism": "artwork" }, "amenity": null, "shop": null, "leisure": null, "tourism": "artwork", "office": null, "public_transport": null, "healthcare": null, "craft": null, "stations_in_radius": "['3rd St/Convention' 'CTC/Arena']", "stations_in_radius_dist_m": "[245.53 251.11]", "poi_cluster": "tourism" }, "geometry": { "type": "Point", "coordinates": [ -80.8440227, 35.2256782 ] } },
{ "type": "Feature", "properties": { "osm_id": 1194649379, "name": null, "lat": 35.225812, "lon": -80.8438206, "tags": { "artwork_type": "mural", "tourism": "artwork" }, "amenity": null, "shop": null, "leisure": null, "tourism": "artwork", "office": null, "public_transport": null, "healthcare": null, "craft": null, "stations_in_radius": "['CTC/Arena' '3rd St/Convention']", "stations_in_radius_dist_m": "[238.82 253.82]", "poi_cluster": "tourism" }, "geometry": { "type": "Point", "coordinates": [ -80.8438206, 35.225812 ] } },
{ "type": "Feature", "properties": { "osm_id": 1194649380, "name": null, "lat": 35.2253724, "lon": -80.8444875, "tags": { "artwork_type": "mural", "level": "1", "tourism": "artwork" }, "amenity": null, "shop": null, "leisure": null, "tourism": "artwork", "office": null, "public_transport": null, "healthcare": null, "craft": null, "stations_in_radius": "['3rd St/Convention' 'CTC/Arena']", "stations_in_radius_dist_m": "[234.68 284.89]", "poi_cluster": "tourism" }, "geometry": { "type": "Point", "coordinates": [ -80.8444875, 35.2253724 ] } },
{ "type": "Feature", "properties": { "osm_id": 1194649381, "name": null, "lat": 35.2258639, "lon": -80.843744, "tags": { "artwork_type": "mural", "tourism": "artwork" }, "amenity": null, "shop": null, "leisure": null, "tourism": "artwork", "office": null, "public_transport": null, "healthcare": null, "craft": null, "stations_in_radius": "['CTC/Arena' '3rd St/Convention']", "stations_in_radius_dist_m": "[234.66 257.59]", "poi_cluster": "tourism" }, "geometry": { "type": "Point", "coordinates": [ -80.843744, 35.2258639 ] } },
{ "type": "Feature", "properties": { "osm_id": 1194649382, "name": null, "lat": 35.2254338, "lon": -80.8443942, "tags": { "artwork_type": "mural", "tourism": "artwork" }, "amenity": null, "shop": null, "leisure": null, "tourism": "artwork", "office": null, "public_transport": null, "healthcare": null, "craft": null, "stations_in_radius": "['3rd St/Convention' 'CTC/Arena']", "stations_in_radius_dist_m": "[235.9  277.59]", "poi_cluster": "tourism" }, "geometry": { "type": "Point", "coordinates": [ -80.8443942, 35.2254338 ] } },
{ "type": "Feature", "properties": { "osm_id": 1194649383, "name": null, "lat": 35.2257726, "lon": -80.8438794, "tags": { "artwork_type": "mural", "tourism": "artwork" }, "amenity": null, "shop": null, "leisure": null, "tourism": "artwork", "office": null, "public_transport": null, "healthcare": null, "craft": null, "stations_in_radius": "['CTC/Arena' '3rd St/Convention']", "stations_in_radius_dist_m": "[242.2  251.16]", "poi_cluster": "tourism" }, "geometry": { "type": "Point", "coordinates": [ -80.8438794, 35.2257726 ] } },
{ "type": "Feature", "properties": { "osm_id": 1194649384, "name": null, "lat": 35.2257003, "lon": -80.8439892, "tags": { "artwork_type": "mural", "tourism": "artwork" }, "amenity": null, "shop": null, "leisure": null, "tourism": "artwork", "office": null, "public_transport": null, "healthcare": null, "craft": null, "stations_in_radius": "['3rd St/Convention' 'CTC/Arena']", "stations_in_radius_dist_m": "[246.76 248.95]", "poi_cluster": "tourism" }, "geometry": { "type": "Point", "coordinates": [ -80.8439892, 35.2257003 ] } },
{ "type": "Feature", "properties": { "osm_id": 1194649385, "name": null, "lat": 35.225877, "lon": -80.8436779, "tags": { "artwork_type": "mural", "tourism": "artwork" }, "amenity": null, "shop": null, "leisure": null, "tourism": "artwork", "office": null, "public_transport": null, "healthcare": null, "craft": null, "stations_in_radius": "['CTC/Arena' '3rd St/Convention']", "stations_in_radius_dist_m": "[229.8  257.62]", "poi_cluster": "tourism" }, "geometry": { "type": "Point", "coordinates": [ -80.8436779, 35.225877 ] } },
{ "type": "Feature", "properties": { "osm_id": 1194649386, "name": null, "lat": 35.2255548, "lon": -80.8442102, "tags": { "artwork_type": "mural", "tourism": "artwork" }, "amenity": null, "shop": null, "leisure": null, "tourism": "artwork", "office": null, "public_transport": null, "healthcare": null, "craft": null, "stations_in_radius": "['3rd St/Convention' 'CTC/Arena']", "stations_in_radius_dist_m": "[239.74 263.91]", "poi_cluster": "tourism" }, "geometry": { "type": "Point", "coordinates": [ -80.8442102, 35.2255548 ] } },
{ "type": "Feature", "properties": { "osm_id": 1194649387, "name": null, "lat": 35.2253724, "lon": -80.8444875, "tags": { "artwork_type": "mural", "tourism": "artwork" }, "amenity": null, "shop": null, "leisure": null, "tourism": "artwork", "office": null, "public_transport": null, "healthcare": null, "craft": null, "stations_in_radius": "['3rd St/Convention' 'CTC/Arena']", "stations_in_radius_dist_m": "[234.68 284.89]", "poi_cluster": "tourism" }, "geometry": { "type": "Point", "coordinates": [ -80.8444875, 35.2253724 ] } },
{ "type": "Feature", "properties": { "osm_id": 1194649388, "name": null, "lat": 35.2254338, "lon": -80.8443942, "tags": { "artwork_type": "mural", "level": "1", "tourism": "artwork" }, "amenity": null, "shop": null, "leisure": null, "tourism": "artwork", "office": null, "public_transport": null, "healthcare": null, "craft": null, "stations_in_radius": "['3rd St/Convention' 'CTC/Arena']", "stations_in_radius_dist_m": "[235.9  277.59]", "poi_cluster": "tourism" }, "geometry": { "type": "Point", "coordinates": [ -80.8443942, 35.2254338 ] } },
{ "type": "Feature", "properties": { "osm_id": 1194649389, "name": null, "lat": 35.2252372, "lon": -80.8446255, "tags": { "artwork_type": "mural", "tourism": "artwork" }, "amenity": null, "shop": null, "leisure": null, "tourism": "artwork", "office": null, "public_transport": null, "healthcare": null, "craft": null, "stations_in_radius": "['3rd St/Convention' 'CTC/Arena' 'Brooklyn Village']", "stations_in_radius_dist_m": "[229.91 295.61 475.81]", "poi_cluster": "tourism" }, "geometry": { "type": "Point", "coordinates": [ -80.8446255, 35.2252372 ] } },
{ "type": "Feature", "properties": { "osm_id": 1194653330, "name": null, "lat": 35.2253631, "lon": -80.8445686, "tags": { "artwork_type": "mural", "tourism": "artwork" }, "amenity": null, "shop": null, "leisure": null, "tourism": "artwork", "office": null, "public_transport": null, "healthcare": null, "craft": null, "stations_in_radius": "['3rd St/Convention' 'CTC/Arena' 'Brooklyn Village']", "stations_in_radius_dist_m": "[238.01 292.05 490.63]", "poi_cluster": "tourism" }, "geometry": { "type": "Point", "coordinates": [ -80.8445686, 35.2253631 ] } },
{ "type": "Feature", "properties": { "osm_id": 1194653331, "name": null, "lat": 35.2255768, "lon": -80.844301, "tags": { "artwork_type": "mural", "tourism": "artwork" }, "amenity": null, "shop": null, "leisure": null, "tourism": "artwork", "office": null, "public_transport": null, "healthcare": null, "craft": null, "stations_in_radius": "['3rd St/Convention' 'CTC/Arena']", "stations_in_radius_dist_m": "[245.62 272.52]", "poi_cluster": "tourism" }, "geometry": { "type": "Point", "coordinates": [ -80.844301, 35.2255768 ] } },
{ "type": "Feature", "properties": { "osm_id": 1194653332, "name": null, "lat": 35.225524, "lon": -80.8443843, "tags": { "artwork_type": "mural", "tourism": "artwork" }, "amenity": null, "shop": null, "leisure": null, "tourism": "artwork", "office": null, "public_transport": null, "healthcare": null, "craft": null, "stations_in_radius": "['3rd St/Convention' 'CTC/Arena']", "stations_in_radius_dist_m": "[244.09 278.61]", "poi_cluster": "tourism" }, "geometry": { "type": "Point", "coordinates": [ -80.8443843, 35.225524 ] } },
{ "type": "Feature", "properties": { "osm_id": 1194653333, "name": null, "lat": 35.225411, "lon": -80.8444999, "tags": { "artwork_type": "mural", "tourism": "artwork" }, "amenity": null, "shop": null, "leisure": null, "tourism": "artwork", "office": null, "public_transport": null, "healthcare": null, "craft": null, "stations_in_radius": "['3rd St/Convention' 'CTC/Arena']", "stations_in_radius_dist_m": "[238.88 286.65]", "poi_cluster": "tourism" }, "geometry": { "type": "Point", "coordinates": [ -80.8444999, 35.225411 ] } },
{ "type": "Feature", "properties": { "osm_id": 1194653334, "name": null, "lat": 35.2258276, "lon": -80.8438759, "tags": { "artwork_type": "mural", "tourism": "artwork" }, "amenity": null, "shop": null, "leisure": null, "tourism": "artwork", "office": null, "public_transport": null, "healthcare": null, "craft": null, "stations_in_radius": "['CTC/Arena' '3rd St/Convention']", "stations_in_radius_dist_m": "[244.13 256.9 ]", "poi_cluster": "tourism" }, "geometry": { "type": "Point", "coordinates": [ -80.8438759, 35.2258276 ] } },
{ "type": "Feature", "properties": { "osm_id": 1194653335, "name": null, "lat": 35.225599, "lon": -80.8442363, "tags": { "artwork_type": "mural", "tourism": "artwork" }, "amenity": null, "shop": null, "leisure": null, "tourism": "artwork", "office": null, "public_transport": null, "healthcare": null, "craft": null, "stations_in_radius": "['3rd St/Convention' 'CTC/Arena']", "stations_in_radius_dist_m": "[245.18 267.4 ]", "poi_cluster": "tourism" }, "geometry": { "type": "Point", "coordinates": [ -80.8442363, 35.225599 ] } },
{ "type": "Feature", "properties": { "osm_id": 1194653336, "name": null, "lat": 35.2254664, "lon": -80.8444206, "tags": { "artwork_type": "mural", "tourism": "artwork" }, "amenity": null, "shop": null, "leisure": null, "tourism": "artwork", "office": null, "public_transport": null, "healthcare": null, "craft": null, "stations_in_radius": "['3rd St/Convention' 'CTC/Arena']", "stations_in_radius_dist_m": "[240.24 280.6 ]", "poi_cluster": "tourism" }, "geometry": { "type": "Point", "coordinates": [ -80.8444206, 35.2254664 ] } },
{ "type": "Feature", "properties": { "osm_id": 1194653337, "name": null, "lat": 35.2258449, "lon": -80.8438351, "tags": { "artwork_type": "mural", "tourism": "artwork" }, "amenity": null, "shop": null, "leisure": null, "tourism": "artwork", "office": null, "public_transport": null, "healthcare": null, "craft": null, "stations_in_radius": "['CTC/Arena' '3rd St/Convention']", "stations_in_radius_dist_m": "[241.43 257.69]", "poi_cluster": "tourism" }, "geometry": { "type": "Point", "coordinates": [ -80.8438351, 35.2258449 ] } },
{ "type": "Feature", "properties": { "osm_id": 1194653338, "name": null, "lat": 35.2253042, "lon": -80.844654, "tags": { "artwork_type": "mural", "tourism": "artwork" }, "amenity": null, "shop": null, "leisure": null, "tourism": "artwork", "office": null, "public_transport": null, "healthcare": null, "craft": null, "stations_in_radius": "['3rd St/Convention' 'CTC/Arena' 'Brooklyn Village']", "stations_in_radius_dist_m": "[237.37 298.94 481.36]", "poi_cluster": "tourism" }, "geometry": { "type": "Point", "coordinates": [ -80.844654, 35.2253042 ] } },
{ "type": "Feature", "properties": { "osm_id": 1194653339, "name": null, "lat": 35.2255863, "lon": -80.844277, "tags": { "artwork_type": "mural", "tourism": "artwork" }, "amenity": null, "shop": null, "leisure": null, "tourism": "artwork", "office": null, "public_transport": null, "healthcare": null, "craft": null, "stations_in_radius": "['3rd St/Convention' 'CTC/Arena']", "stations_in_radius_dist_m": "[245.56 270.65]", "poi_cluster": "tourism" }, "geometry": { "type": "Point", "coordinates": [ -80.844277, 35.2255863 ] } },
{ "type": "Feature", "properties": { "osm_id": 1194653340, "name": null, "lat": 35.2255276, "lon": -80.844333, "tags": { "artwork_type": "mural", "tourism": "artwork" }, "amenity": null, "shop": null, "leisure": null, "tourism": "artwork", "office": null, "public_transport": null, "healthcare": null, "craft": null, "stations_in_radius": "['3rd St/Convention' 'CTC/Arena']", "stations_in_radius_dist_m": "[242.17 274.13]", "poi_cluster": "tourism" }, "geometry": { "type": "Point", "coordinates": [ -80.844333, 35.2255276 ] } },
{ "type": "Feature", "properties": { "osm_id": 1194653341, "name": null, "lat": 35.225748, "lon": -80.8440188, "tags": { "artwork_type": "mural", "tourism": "artwork" }, "amenity": null, "shop": null, "leisure": null, "tourism": "artwork", "office": null, "public_transport": null, "healthcare": null, "craft": null, "stations_in_radius": "['3rd St/Convention' 'CTC/Arena']", "stations_in_radius_dist_m": "[252.65 253.2 ]", "poi_cluster": "tourism" }, "geometry": { "type": "Point", "coordinates": [ -80.8440188, 35.225748 ] } },
{ "type": "Feature", "properties": { "osm_id": 1194653342, "name": null, "lat": 35.2257817, "lon": -80.8439264, "tags": { "artwork_type": "mural", "tourism": "artwork" }, "amenity": null, "shop": null, "leisure": null, "tourism": "artwork", "office": null, "public_transport": null, "healthcare": null, "craft": null, "stations_in_radius": "['CTC/Arena' '3rd St/Convention']", "stations_in_radius_dist_m": "[246.56 253.42]", "poi_cluster": "tourism" }, "geometry": { "type": "Point", "coordinates": [ -80.8439264, 35.2257817 ] } },
{ "type": "Feature", "properties": { "osm_id": 1194654322, "name": null, "lat": 35.2255756, "lon": -80.8442886, "tags": { "area": "yes", "artwork_type": "mural", "tourism": "artwork" }, "amenity": null, "shop": null, "leisure": null, "tourism": "artwork", "office": null, "public_transport": null, "healthcare": null, "craft": null, "stations_in_radius": "['3rd St/Convention' 'CTC/Arena']", "stations_in_radius_dist_m": "[244.99 271.39]", "poi_cluster": "tourism" }, "geometry": { "type": "Point", "coordinates": [ -80.8442886, 35.2255756 ] } },
{ "type": "Feature", "properties": { "osm_id": 1260440998, "name": null, "lat": 35.2260972, "lon": -80.8432765, "tags": { "artwork_type": "mural", "tourism": "artwork" }, "amenity": null, "shop": null, "leisure": null, "tourism": "artwork", "office": null, "public_transport": null, "healthcare": null, "craft": null, "stations_in_radius": "['CTC/Arena' '3rd St/Convention']", "stations_in_radius_dist_m": "[210.42 276.53]", "poi_cluster": "tourism" }, "geometry": { "type": "Point", "coordinates": [ -80.8432765, 35.2260972 ] } },
{ "type": "Feature", "properties": { "osm_id": 1282141772, "name": null, "lat": 35.2279598, "lon": -80.8473653, "tags": { "artwork_type": "mural", "tourism": "artwork" }, "amenity": null, "shop": null, "leisure": null, "tourism": "artwork", "office": null, "public_transport": null, "healthcare": null, "craft": null, "stations_in_radius": [ ], "stations_in_radius_dist_m": [ ], "poi_cluster": "tourism" }, "geometry": { "type": "Point", "coordinates": [ -80.8473653, 35.2279598 ] } },
{ "type": "Feature", "properties": { "osm_id": 1282141773, "name": null, "lat": 35.2277659, "lon": -80.8473424, "tags": { "artwork_type": "mural", "tourism": "artwork" }, "amenity": null, "shop": null, "leisure": null, "tourism": "artwork", "office": null, "public_transport": null, "healthcare": null, "craft": null, "stations_in_radius": [ "3rd St/Convention" ], "stations_in_radius_dist_m": [ 603.56 ], "poi_cluster": "tourism" }, "geometry": { "type": "Point", "coordinates": [ -80.8473424, 35.2277659 ] } },
{ "type": "Feature", "properties": { "osm_id": 1283806832, "name": null, "lat": 35.2256579, "lon": -80.8431831, "tags": { "artwork_type": "mural", "tourism": "artwork" }, "amenity": null, "shop": null, "leisure": null, "tourism": "artwork", "office": null, "public_transport": null, "healthcare": null, "craft": null, "stations_in_radius": "['CTC/Arena' '3rd St/Convention']", "stations_in_radius_dist_m": "[178.74 227.39]", "poi_cluster": "tourism" }, "geometry": { "type": "Point", "coordinates": [ -80.8431831, 35.2256579 ] } },
{ "type": "Feature", "properties": { "osm_id": 1283806833, "name": null, "lat": 35.2258923, "lon": -80.8434428, "tags": { "artwork_type": "mural", "tourism": "artwork" }, "amenity": null, "shop": null, "leisure": null, "tourism": "artwork", "office": null, "public_transport": null, "healthcare": null, "craft": null, "stations_in_radius": "['CTC/Arena' '3rd St/Convention']", "stations_in_radius_dist_m": "[211.4  255.49]", "poi_cluster": "tourism" }, "geometry": { "type": "Point", "coordinates": [ -80.8434428, 35.2258923 ] } },
{ "type": "Feature", "properties": { "osm_id": 1283806834, "name": null, "lat": 35.2258029, "lon": -80.8433424, "tags": { "artwork_type": "mural", "tourism": "artwork" }, "amenity": null, "shop": null, "leisure": null, "tourism": "artwork", "office": null, "public_transport": null, "healthcare": null, "craft": null, "stations_in_radius": "['CTC/Arena' '3rd St/Convention']", "stations_in_radius_dist_m": "[198.73 244.55]", "poi_cluster": "tourism" }, "geometry": { "type": "Point", "coordinates": [ -80.8433424, 35.2258029 ] } },
{ "type": "Feature", "properties": { "osm_id": 1357873636, "name": null, "lat": 35.2260019, "lon": -80.843405, "tags": { "artwork_type": "mural", "tourism": "artwork" }, "amenity": null, "shop": null, "leisure": null, "tourism": "artwork", "office": null, "public_transport": null, "healthcare": null, "craft": null, "stations_in_radius": "['CTC/Arena' '3rd St/Convention']", "stations_in_radius_dist_m": "[214.4  267.11]", "poi_cluster": "tourism" }, "geometry": { "type": "Point", "coordinates": [ -80.843405, 35.2260019 ] } },
{ "type": "Feature", "properties": { "osm_id": 13234458, "name": "Flying Shuttles", "lat": 35.2252239, "lon": -80.8404714, "tags": { "artist_name": "Andrew Leicester", "artwork_type": "installation", "name": "Flying Shuttles", "tourism": "artwork", "type": "multipolygon" }, "amenity": null, "shop": null, "leisure": null, "tourism": "artwork", "office": null, "public_transport": null, "healthcare": null, "craft": null, "stations_in_radius": "['CTC/Arena' '3rd St/Convention' '7th Street']", "stations_in_radius_dist_m": "[ 87.2  295.85 311.7 ]", "poi_cluster": "tourism" }, "geometry": { "type": "Point", "coordinates": [ -80.8404714, 35.2252239 ] } },
{ "type": "Feature", "properties": { "osm_id": 2699632103, "name": "Packard Place", "lat": 35.2268461, "lon": -80.8462211, "tags": { "addr:city": "Charlotte", "addr:country": "US", "addr:housenumber": "222", "addr:postcode": "28202", "addr:state": "NC", "addr:street": "South Church Street", "check_date": "2019-05-03", "name": "Packard Place", "office": "coworking", "phone": "+1 877 321 2251", "website": "https://www.parkerweb.com/" }, "amenity": null, "shop": null, "leisure": null, "tourism": null, "office": "coworking", "public_transport": null, "healthcare": null, "craft": null, "stations_in_radius": [ "3rd St/Convention" ], "stations_in_radius_dist_m": [ 459.94 ], "poi_cluster": "office" }, "geometry": { "type": "Point", "coordinates": [ -80.8462211, 35.2268461 ] } },
{ "type": "Feature", "properties": { "osm_id": 10713259748, "name": "Grow Mortgage", "lat": 35.2261868, "lon": -80.844187, "tags": { "addr:unit": "1450", "contact:email": "Hello@growmortgage.com", "contact:facebook": "https://www.facebook.com/russell.petty.16", "contact:instagram": "https://www.instagram.com/mortgagesbyruss", "contact:linkedin": "https://www.linkedin.com/in/russellpettyjr", "name": "Grow Mortgage", "office": "mortgage", "opening_hours": "Mo-Su 07:30-23:00", "phone": "+1-980-318-8708", "website": "https://growmtg.com" }, "amenity": null, "shop": null, "leisure": null, "tourism": null, "office": "mortgage", "public_transport": null, "healthcare": null, "craft": null, "stations_in_radius": "['CTC/Arena' '3rd St/Convention']", "stations_in_radius_dist_m": "[286.54 303.61]", "poi_cluster": "office" }, "geometry": { "type": "Point", "coordinates": [ -80.844187, 35.2261868 ] } },
{ "type": "Feature", "properties": { "osm_id": 11697919231, "name": "Winston & Strawn LLP", "lat": 35.2256203, "lon": -80.8457786, "tags": { "addr:floor": "16", "addr:housenumber": "300", "addr:street": "South Tryon Street", "name": "Winston & Strawn LLP", "office": "lawyer", "website": "https://www.winston.com/en/locations/charlotte" }, "amenity": null, "shop": null, "leisure": null, "tourism": null, "office": "lawyer", "public_transport": null, "healthcare": null, "craft": null, "stations_in_radius": "['3rd St/Convention' 'CTC/Arena']", "stations_in_radius_dist_m": "[333.03 405.25]", "poi_cluster": "office" }, "geometry": { "type": "Point", "coordinates": [ -80.8457786, 35.2256203 ] } },
{ "type": "Feature", "properties": { "osm_id": 380092606, "name": "301 South College", "lat": 35.2239236, "lon": -80.8447362, "tags": { "addr:housenumber": "301", "addr:street": "South College Street", "building": "yes", "height": "192", "name": "301 South College", "office": "company", "wikidata": "Q3352669" }, "amenity": null, "shop": null, "leisure": null, "tourism": null, "office": "company", "public_transport": null, "healthcare": null, "craft": null, "stations_in_radius": "['3rd St/Convention' 'CTC/Arena' 'Brooklyn Village']", "stations_in_radius_dist_m": "[156.45 327.07 345.21]", "poi_cluster": "office" }, "geometry": { "type": "Point", "coordinates": [ -80.8447362, 35.2239236 ] } },
{ "type": "Feature", "properties": { "osm_id": 713125795, "name": "Regions 615", "lat": 35.2215063, "lon": -80.8481096, "tags": { "addr:city": "Charlotte", "addr:housenumber": "615", "addr:postcode": "28202", "addr:state": "NC", "addr:street": "South College Street", "air_conditioning": "yes", "building": "yes", "building:levels": "19", "height": "91", "layer": "1", "name": "Regions 615", "office": "company", "operator": "CBRE Global Investors", "website": "https://en.wikipedia.org/wiki/Regions_615", "wikidata": "Q29791440" }, "amenity": null, "shop": null, "leisure": null, "tourism": null, "office": "company", "public_transport": null, "healthcare": null, "craft": null, "stations_in_radius": [ "Brooklyn Village" ], "stations_in_radius_dist_m": [ 107.22 ], "poi_cluster": "office" }, "geometry": { "type": "Point", "coordinates": [ -80.8481096, 35.2215063 ] } },
{ "type": "Feature", "properties": { "osm_id": 10965747079, "name": "Dr Steven C Moore & Associates", "lat": 35.2267933, "lon": -80.8422597, "tags": { "healthcare": "optometrist", "level": "1", "name": "Dr Steven C Moore & Associates" }, "amenity": null, "shop": null, "leisure": null, "tourism": null, "office": null, "public_transport": null, "healthcare": "optometrist", "craft": null, "stations_in_radius": "['CTC/Arena' '3rd St/Convention' '7th Street']", "stations_in_radius_dist_m": "[214.05 360.46 385.09]", "poi_cluster": "healthcare" }, "geometry": { "type": "Point", "coordinates": [ -80.8422597, 35.2267933 ] } },
{ "type": "Feature", "properties": { "osm_id": 10965747083, "name": "Spectrum Eye Care", "lat": 35.2254447, "lon": -80.8435008, "tags": { "fixme": "Level", "healthcare": "optometrist", "indoor": "yes", "level": "2", "name": "Spectrum Eye Care", "opening_hours": "Mo-Fr 07:45-16:00", "phone": "+1 704 334 4444" }, "amenity": null, "shop": null, "leisure": null, "tourism": null, "office": null, "public_transport": null, "healthcare": "optometrist", "craft": null, "stations_in_radius": "['CTC/Arena' '3rd St/Convention']", "stations_in_radius_dist_m": "[198.32 207.39]", "poi_cluster": "healthcare" }, "geometry": { "type": "Point", "coordinates": [ -80.8435008, 35.2254447 ] } },
{ "type": "Feature", "properties": { "osm_id": 6093389461, "name": null, "lat": 35.2246295, "lon": -80.8438235, "tags": { "amenity": "fountain" }, "amenity": "fountain", "shop": null, "leisure": null, "tourism": null, "office": null, "public_transport": null, "healthcare": null, "craft": null, "stations_in_radius": "['3rd St/Convention' 'CTC/Arena' 'Brooklyn Village']", "stations_in_radius_dist_m": "[132.71 225.23 457.72]", "poi_cluster": "recreation" }, "geometry": { "type": "Point", "coordinates": [ -80.8438235, 35.2246295 ] } },
{ "type": "Feature", "properties": { "osm_id": 6093452677, "name": "Westin Fountain", "lat": 35.2218208, "lon": -80.8476812, "tags": { "amenity": "fountain", "name": "Westin Fountain" }, "amenity": "fountain", "shop": null, "leisure": null, "tourism": null, "office": null, "public_transport": null, "healthcare": null, "craft": null, "stations_in_radius": "['Brooklyn Village' '3rd St/Convention']", "stations_in_radius_dist_m": "[ 82.66 465.01]", "poi_cluster": "recreation" }, "geometry": { "type": "Point", "coordinates": [ -80.8476812, 35.2218208 ] } },
{ "type": "Feature", "properties": { "osm_id": 6376981600, "name": "Starbucks", "lat": 35.2222397, "lon": -80.8451394, "tags": { "addr:city": "Charlotte", "addr:housenumber": "501", "addr:postcode": "28202", "addr:state": "NC", "addr:street": "South College Street", "amenity": "cafe", "branch": "Charlotte Convention Center", "brand": "Starbucks", "brand:wikidata": "Q37158", "cuisine": "coffee_shop", "name": "Starbucks", "official_name": "Starbucks Coffee", "phone": "+1 704-339-6046", "ref": "8017", "takeaway": "yes", "website": "https://www.starbucks.com/store-locator/store/8017/charlotte-convention-center-501-s-college-st-charlotte-nc-282021827-us", "wheelchair": "yes" }, "amenity": "cafe", "shop": null, "leisure": null, "tourism": null, "office": null, "public_transport": null, "healthcare": null, "craft": null, "stations_in_radius": "['Brooklyn Village' '3rd St/Convention' 'CTC/Arena']", "stations_in_radius_dist_m": "[189.03 242.7  458.4 ]", "poi_cluster": "food" }, "geometry": { "type": "Point", "coordinates": [ -80.8451394, 35.2222397 ] } },
{ "type": "Feature", "properties": { "osm_id": 6376981601, "name": "Einstein Bros. Bagels", "lat": 35.222129, "lon": -80.845008, "tags": { "addr:city": "Charlotte", "addr:housenumber": "501", "addr:postcode": "28202", "addr:state": "NC", "addr:street": "South College Street", "alt_name": "Einstein Brothers Bagels", "amenity": "fast_food", "branch": "Charlotte Convention Center", "brand": "Einstein Bros. Bagels", "brand:wikidata": "Q5349788", "cuisine": "bagel", "drive_through": "no", "name": "Einstein Bros. Bagels", "opening_hours": "Mo-Fr 08:00-13:30", "phone": "+1 704-339-6102", "takeaway": "yes", "website": "https://locations.einsteinbros.com/us/nc/charlotte/501-s-college-st", "wheelchair": "yes" }, "amenity": "fast_food", "shop": null, "leisure": null, "tourism": null, "office": null, "public_transport": null, "healthcare": null, "craft": null, "stations_in_radius": "['Brooklyn Village' '3rd St/Convention' 'CTC/Arena']", "stations_in_radius_dist_m": "[193.98 241.67 458.02]", "poi_cluster": "food" }, "geometry": { "type": "Point", "coordinates": [ -80.845008, 35.222129 ] } },
{ "type": "Feature", "properties": { "osm_id": 6376981602, "name": "Bojangles'", "lat": 35.2220436, "lon": -80.8449075, "tags": { "addr:city": "Charlotte", "addr:housenumber": "501", "addr:postcode": "28202", "addr:state": "NC", "addr:street": "South College Street", "amenity": "fast_food", "brand": "Bojangles'", "brand:wikidata": "Q891163", "cuisine": "chicken", "drinking_straw": "paper", "drive_through": "no", "name": "Bojangles'", "official_name": "Bojangles' Famous Chicken 'n Biscuits", "phone": "+1 704-651-8422", "takeaway": "yes", "website": "https://locations.bojangles.com/nc/charlotte/501-south-college-street.html", "wheelchair": "yes" }, "amenity": "fast_food", "shop": null, "leisure": null, "tourism": null, "office": null, "public_transport": null, "healthcare": null, "craft": null, "stations_in_radius": "['Brooklyn Village' '3rd St/Convention']", "stations_in_radius_dist_m": "[198.66 241.75]", "poi_cluster": "food" }, "geometry": { "type": "Point", "coordinates": [ -80.8449075, 35.2220436 ] } },
{ "type": "Feature", "properties": { "osm_id": 6720962112, "name": "Starbucks", "lat": 35.22487, "lon": -80.8485584, "tags": { "addr:city": "Charlotte", "addr:housenumber": "135", "addr:postcode": "28202", "addr:state": "NC", "addr:street": "Levine Avenue of the Arts", "addr:unit": "140", "amenity": "cafe", "branch": "Duke Energy Center", "brand": "Starbucks", "brand:wikidata": "Q37158", "cuisine": "coffee_shop", "internet_access": "wlan", "internet_access:fee": "no", "name": "Starbucks", "official_name": "Starbucks Coffee", "outdoor_seating": "yes", "phone": "+1 704-372-6114", "takeaway": "yes", "website": "https://www.starbucks.com/store-locator/store/1005289/duke-energy-center-135-levine-avenue-of-the-arts-suite-140-charlotte-" }, "amenity": "cafe", "shop": null, "leisure": null, "tourism": null, "office": null, "public_transport": null, "healthcare": null, "craft": null, "stations_in_radius": [ "Brooklyn Village" ], "stations_in_radius_dist_m": [ 413.08 ], "poi_cluster": "food" }, "geometry": { "type": "Point", "coordinates": [ -80.8485584, 35.22487 ] } },
{ "type": "Feature", "properties": { "osm_id": 9236208984, "name": "Charlotte Convention Center", "lat": 35.2229594, "lon": -80.8461422, "tags": { "addr:city": "Charlotte", "addr:housenumber": "501", "addr:postcode": "28202", "addr:state": "NC", "addr:street": "South College Street", "amenity": "conference_centre", "name": "Charlotte Convention Center" }, "amenity": "conference_centre", "shop": null, "leisure": null, "tourism": null, "office": null, "public_transport": null, "healthcare": null, "craft": null, "stations_in_radius": "['Brooklyn Village' '3rd St/Convention']", "stations_in_radius_dist_m": "[188.58 289.62]", "poi_cluster": "office" }, "geometry": { "type": "Point", "coordinates": [ -80.8461422, 35.2229594 ] } },
{ "type": "Feature", "properties": { "osm_id": 11077809175, "name": "Exotica", "lat": 35.2233786, "lon": -80.8466478, "tags": { "amenity": "restaurant", "cuisine": "indian", "name": "Exotica" }, "amenity": "restaurant", "shop": null, "leisure": null, "tourism": null, "office": null, "public_transport": null, "healthcare": null, "craft": null, "stations_in_radius": "['Brooklyn Village' '3rd St/Convention']", "stations_in_radius_dist_m": "[222.13 327.51]", "poi_cluster": "food" }, "geometry": { "type": "Point", "coordinates": [ -80.8466478, 35.2233786 ] } },
{ "type": "Feature", "properties": { "osm_id": 11083145806, "name": null, "lat": 35.2237021, "lon": -80.8468578, "tags": { "amenity": "fountain", "fountain": "splash_pad" }, "amenity": "fountain", "shop": null, "leisure": null, "tourism": null, "office": null, "public_transport": null, "healthcare": null, "craft": null, "stations_in_radius": "['Brooklyn Village' '3rd St/Convention']", "stations_in_radius_dist_m": "[256.52 345.76]", "poi_cluster": "recreation" }, "geometry": { "type": "Point", "coordinates": [ -80.8468578, 35.2237021 ] } },
{ "type": "Feature", "properties": { "osm_id": 11083145807, "name": null, "lat": 35.2236627, "lon": -80.8468246, "tags": { "amenity": "fountain", "fountain": "splash_pad" }, "amenity": "fountain", "shop": null, "leisure": null, "tourism": null, "office": null, "public_transport": null, "healthcare": null, "craft": null, "stations_in_radius": "['Brooklyn Village' '3rd St/Convention']", "stations_in_radius_dist_m": "[252.26 342.64]", "poi_cluster": "recreation" }, "geometry": { "type": "Point", "coordinates": [ -80.8468246, 35.2236627 ] } },
{ "type": "Feature", "properties": { "osm_id": 11083145808, "name": null, "lat": 35.2236529, "lon": -80.8468789, "tags": { "amenity": "fountain", "fountain": "splash_pad" }, "amenity": "fountain", "shop": null, "leisure": null, "tourism": null, "office": null, "public_transport": null, "healthcare": null, "craft": null, "stations_in_radius": "['Brooklyn Village' '3rd St/Convention']", "stations_in_radius_dist_m": "[251.02 347.56]", "poi_cluster": "recreation" }, "geometry": { "type": "Point", "coordinates": [ -80.8468789, 35.2236529 ] } },
{ "type": "Feature", "properties": { "osm_id": 11093041436, "name": "Coquette", "lat": 35.2247396, "lon": -80.8471184, "tags": { "addr:city": "Charlotte", "addr:housenumber": "400", "addr:postcode": "28202", "addr:state": "NC", "addr:street": "South Tryon Street", "amenity": "restaurant", "cuisine": "french", "name": "Coquette", "website": "https://www.coquetteclt.com" }, "amenity": "restaurant", "shop": null, "leisure": null, "tourism": null, "office": null, "public_transport": null, "healthcare": null, "craft": null, "stations_in_radius": "['Brooklyn Village' '3rd St/Convention']", "stations_in_radius_dist_m": "[371.83 389.99]", "poi_cluster": "food" }, "geometry": { "type": "Point", "coordinates": [ -80.8471184, 35.2247396 ] } },
{ "type": "Feature", "properties": { "osm_id": 11535108406, "name": "Uptown Farmers' Market", "lat": 35.2211386, "lon": -80.8417885, "tags": { "addr:city": "Charlotte", "addr:housenumber": "300", "addr:postcode": "28202", "addr:state": "NC", "addr:street": "South Davidson Street", "amenity": "marketplace", "building": "tent", "description": "Our mission is to engage our neighbors around locally grown, fresh foods to support local farmers, educate on healthy eating, and address food insecurity in our Charlotte community.", "email": "info@uptownfarmersmarket.com", "image": "https://images.squarespace-cdn.com/content/v1/5db07163c4990258f8f49a04/1619544380664-UW4GZAR9VHM4N5GPIHWH/IMG_0365.jpeg", "name": "Uptown Farmers' Market", "opening_hours": "Sa 08:00-12:30", "phone": "+1 704 369 2143", "source": "local knowledge;uptownfarmersmarket.com", "website": "https://www.uptownfarmersmarket.com/", "wheelchair": "yes" }, "amenity": "marketplace", "shop": null, "leisure": null, "tourism": null, "office": null, "public_transport": null, "healthcare": null, "craft": null, "stations_in_radius": "['3rd St/Convention' 'Brooklyn Village']", "stations_in_radius_dist_m": "[297.5  469.64]", "poi_cluster": "retail" }, "geometry": { "type": "Point", "coordinates": [ -80.8417885, 35.2211386 ] } },
{ "type": "Feature", "properties": { "osm_id": 11809533805, "name": "Red Ginger", "lat": 35.2240341, "lon": -80.8455323, "tags": { "addr:city": "Charlotte", "addr:housenumber": "401", "addr:postcode": "28202", "addr:state": "NC", "addr:street": "South Tryon Street", "addr:unit": "Suite 130", "amenity": "restaurant", "cuisine": "japanese", "name": "Red Ginger", "phone": "+1-980-819-8837", "website": "https://www.redgingercharlotte.com" }, "amenity": "restaurant", "shop": null, "leisure": null, "tourism": null, "office": null, "public_transport": null, "healthcare": null, "craft": null, "stations_in_radius": "['3rd St/Convention' 'Brooklyn Village' 'CTC/Arena']", "stations_in_radius_dist_m": "[229.85 319.99 391.88]", "poi_cluster": "food" }, "geometry": { "type": "Point", "coordinates": [ -80.8455323, 35.2240341 ] } },
{ "type": "Feature", "properties": { "osm_id": 11820233869, "name": "The Public House", "lat": 35.2230184, "lon": -80.8426739, "tags": { "addr:postcode": "28202", "amenity": "pub", "cuisine": "american", "name": "The Public House", "phone": "+1-704-595-3091", "website": "https://thepublichouseclt.com/" }, "amenity": "pub", "shop": null, "leisure": null, "tourism": null, "office": null, "public_transport": null, "healthcare": null, "craft": null, "stations_in_radius": "['3rd St/Convention' 'CTC/Arena' 'Brooklyn Village']", "stations_in_radius_dist_m": "[ 74.42 248.89 428.18]", "poi_cluster": "nightlife" }, "geometry": { "type": "Point", "coordinates": [ -80.8426739, 35.2230184 ] } },
{ "type": "Feature", "properties": { "osm_id": 12327899330, "name": "Milkbread", "lat": 35.2234777, "lon": -80.8478257, "tags": { "addr:city": "Charlotte", "addr:housenumber": "525", "addr:postcode": "28202", "addr:state": "NC", "addr:street": "South Tryon Street", "addr:unit": "#100", "amenity": "cafe", "cuisine": "coffee_shop", "name": "Milkbread", "website": "https://www.milkbread.com" }, "amenity": "cafe", "shop": null, "leisure": null, "tourism": null, "office": null, "public_transport": null, "healthcare": null, "craft": null, "stations_in_radius": "['Brooklyn Village' '3rd St/Convention']", "stations_in_radius_dist_m": "[245.16 433.94]", "poi_cluster": "food" }, "geometry": { "type": "Point", "coordinates": [ -80.8478257, 35.2234777 ] } },
{ "type": "Feature", "properties": { "osm_id": 12451360084, "name": "Gyu-Kaku", "lat": 35.2182372, "lon": -80.8429595, "tags": { "amenity": "restaurant", "branch": "Japanese BBQ", "brand": "Gyu-Kaku", "brand:wikidata": "Q11349387", "cuisine": "japanese;barbecue", "name": "Gyu-Kaku" }, "amenity": "restaurant", "shop": null, "leisure": null, "tourism": null, "office": null, "public_transport": null, "healthcare": null, "craft": null, "stations_in_radius": [ "Brooklyn Village" ], "stations_in_radius_dist_m": [ 503.47 ], "poi_cluster": "food" }, "geometry": { "type": "Point", "coordinates": [ -80.8429595, 35.2182372 ] } },
{ "type": "Feature", "properties": { "osm_id": 12505635376, "name": "Night Swim Coffee", "lat": 35.2237763, "lon": -80.8497744, "tags": { "amenity": "cafe", "cuisine": "coffee_shop", "name": "Night Swim Coffee", "website": "https://nightswimcoffee.com" }, "amenity": "cafe", "shop": null, "leisure": null, "tourism": null, "office": null, "public_transport": null, "healthcare": null, "craft": null, "stations_in_radius": [ ], "stations_in_radius_dist_m": [ ], "poi_cluster": "food" }, "geometry": { "type": "Point", "coordinates": [ -80.8497744, 35.2237763 ] } },
{ "type": "Feature", "properties": { "osm_id": 12513705157, "name": "Dos Caminos", "lat": 35.2230615, "lon": -80.8486917, "tags": { "amenity": "restaurant", "cuisine": "mexican", "name": "Dos Caminos" }, "amenity": "restaurant", "shop": null, "leisure": null, "tourism": null, "office": null, "public_transport": null, "healthcare": null, "craft": null, "stations_in_radius": [ "Brooklyn Village" ], "stations_in_radius_dist_m": [ 244.49 ], "poi_cluster": "food" }, "geometry": { "type": "Point", "coordinates": [ -80.8486917, 35.2230615 ] } },
{ "type": "Feature", "properties": { "osm_id": 12513705188, "name": "Caroline's Oyster Bar", "lat": 35.2227605, "lon": -80.8479514, "tags": { "amenity": "restaurant", "cuisine": "seafood", "name": "Caroline's Oyster Bar" }, "amenity": "restaurant", "shop": null, "leisure": null, "tourism": null, "office": null, "public_transport": null, "healthcare": null, "craft": null, "stations_in_radius": "['Brooklyn Village' '3rd St/Convention']", "stations_in_radius_dist_m": "[177.69 454.99]", "poi_cluster": "food" }, "geometry": { "type": "Point", "coordinates": [ -80.8479514, 35.2227605 ] } },
{ "type": "Feature", "properties": { "osm_id": 12513705189, "name": "Dean's Italian Steakhouse", "lat": 35.2225878, "lon": -80.8477666, "tags": { "amenity": "restaurant", "cuisine": "steak_house", "name": "Dean's Italian Steakhouse" }, "amenity": "restaurant", "shop": null, "leisure": null, "tourism": null, "office": null, "public_transport": null, "healthcare": null, "craft": null, "stations_in_radius": "['Brooklyn Village' '3rd St/Convention']", "stations_in_radius_dist_m": "[152.66 443.07]", "poi_cluster": "food" }, "geometry": { "type": "Point", "coordinates": [ -80.8477666, 35.2225878 ] } },
{ "type": "Feature", "properties": { "osm_id": 12513705399, "name": "CityVet", "lat": 35.2186742, "lon": -80.843531, "tags": { "amenity": "veterinary", "name": "CityVet" }, "amenity": "veterinary", "shop": null, "leisure": null, "tourism": null, "office": null, "public_transport": null, "healthcare": null, "craft": null, "stations_in_radius": [ "Brooklyn Village" ], "stations_in_radius_dist_m": [ 432.39 ], "poi_cluster": "healthcare" }, "geometry": { "type": "Point", "coordinates": [ -80.843531, 35.2186742 ] } },
{ "type": "Feature", "properties": { "osm_id": 12963151031, "name": "Grace Zion Church", "lat": 35.2232018, "lon": -80.8417435, "tags": { "amenity": "place_of_worship", "name": "Grace Zion Church", "religion": "christian" }, "amenity": "place_of_worship", "shop": null, "leisure": null, "tourism": null, "office": null, "public_transport": null, "healthcare": null, "craft": null, "stations_in_radius": "['3rd St/Convention' 'CTC/Arena' 'Brooklyn Village']", "stations_in_radius_dist_m": "[128.07 202.   513.82]", "poi_cluster": "public_services" }, "geometry": { "type": "Point", "coordinates": [ -80.8417435, 35.2232018 ] } },
{ "type": "Feature", "properties": { "osm_id": 12985837801, "name": "Mimosa Grill", "lat": 35.2246374, "lon": -80.8455653, "tags": { "addr:housenumber": "327", "addr:postcode": "28203", "addr:street": "South Tryon Street", "amenity": "restaurant", "cuisine": "american", "internet_access": "wlan", "level": "0", "name": "Mimosa Grill", "opening_hours": "Mo-Sa 11:30-21:00; Su 10:30-14:00", "website": "https://mimosagrill.com/" }, "amenity": "restaurant", "shop": null, "leisure": null, "tourism": null, "office": null, "public_transport": null, "healthcare": null, "craft": null, "stations_in_radius": "['3rd St/Convention' 'Brooklyn Village']", "stations_in_radius_dist_m": "[254.87 381.25]", "poi_cluster": "food" }, "geometry": { "type": "Point", "coordinates": [ -80.8455653, 35.2246374 ] } },
{ "type": "Feature", "properties": { "osm_id": 13233666025, "name": "JINYA Ramen Bar", "lat": 35.2226607, "lon": -80.849213, "tags": { "amenity": "restaurant", "brand": "JINYA Ramen Bar", "brand:wikidata": "Q16997755", "cuisine": "ramen", "name": "JINYA Ramen Bar", "short_name": "JINYA" }, "amenity": "restaurant", "shop": null, "leisure": null, "tourism": null, "office": null, "public_transport": null, "healthcare": null, "craft": null, "stations_in_radius": [ "Brooklyn Village" ], "stations_in_radius_dist_m": [ 250.29 ], "poi_cluster": "food" }, "geometry": { "type": "Point", "coordinates": [ -80.849213, 35.2226607 ] } },
{ "type": "Feature", "properties": { "osm_id": 13233666026, "name": "Salata Salad Kitchen", "lat": 35.2229706, "lon": -80.8488308, "tags": { "amenity": "fast_food", "cuisine": "salad", "name": "Salata Salad Kitchen" }, "amenity": "fast_food", "shop": null, "leisure": null, "tourism": null, "office": null, "public_transport": null, "healthcare": null, "craft": null, "stations_in_radius": [ "Brooklyn Village" ], "stations_in_radius_dist_m": [ 245.63 ], "poi_cluster": "food" }, "geometry": { "type": "Point", "coordinates": [ -80.8488308, 35.2229706 ] } },
{ "type": "Feature", "properties": { "osm_id": 13233666028, "name": "Que Fresca Taqueria", "lat": 35.2229194, "lon": -80.8471179, "tags": { "amenity": "restaurant", "cuisine": "mexican", "name": "Que Fresca Taqueria" }, "amenity": "restaurant", "shop": null, "leisure": null, "tourism": null, "office": null, "public_transport": null, "healthcare": null, "craft": null, "stations_in_radius": "['Brooklyn Village' '3rd St/Convention']", "stations_in_radius_dist_m": "[170.38 377.14]", "poi_cluster": "food" }, "geometry": { "type": "Point", "coordinates": [ -80.8471179, 35.2229194 ] } },
{ "type": "Feature", "properties": { "osm_id": 13332382768, "name": "Oh My Soul On The Moo've", "lat": 35.2226509, "lon": -80.848678, "tags": { "addr:city": "Charlotte", "addr:housenumber": "601", "addr:postcode": "28202", "addr:state": "NC", "addr:street": "South Tryon Street", "addr:unit": "A137", "amenity": "restaurant", "name": "Oh My Soul On The Moo've", "phone": "+1-980-236-8531", "website": "https://www.ohmysoulusa.com" }, "amenity": "restaurant", "shop": null, "leisure": null, "tourism": null, "office": null, "public_transport": null, "healthcare": null, "craft": null, "stations_in_radius": [ "Brooklyn Village" ], "stations_in_radius_dist_m": [ 211.12 ], "poi_cluster": "food" }, "geometry": { "type": "Point", "coordinates": [ -80.848678, 35.2226509 ] } },
{ "type": "Feature", "properties": { "osm_id": 13457166631, "name": "Night Swim Coffee", "lat": 35.2242077, "lon": -80.844575, "tags": { "amenity": "cafe", "cuisine": "coffee_shop", "level": "1", "name": "Night Swim Coffee" }, "amenity": "cafe", "shop": null, "leisure": null, "tourism": null, "office": null, "public_transport": null, "healthcare": null, "craft": null, "stations_in_radius": "['3rd St/Convention' 'CTC/Arena' 'Brooklyn Village']", "stations_in_radius_dist_m": "[152.98 302.87 379.43]", "poi_cluster": "food" }, "geometry": { "type": "Point", "coordinates": [ -80.844575, 35.2242077 ] } },
{ "type": "Feature", "properties": { "osm_id": 13457166632, "name": "Smoothie King", "lat": 35.2241715, "lon": -80.8446711, "tags": { "amenity": "fast_food", "brand": "Smoothie King", "brand:wikidata": "Q5491421", "cuisine": "juice", "level": "1", "name": "Smoothie King", "takeaway": "yes" }, "amenity": "fast_food", "shop": null, "leisure": null, "tourism": null, "office": null, "public_transport": null, "healthcare": null, "craft": null, "stations_in_radius": "['3rd St/Convention' 'CTC/Arena' 'Brooklyn Village']", "stations_in_radius_dist_m": "[159.29 312.4  371.2 ]", "poi_cluster": "food" }, "geometry": { "type": "Point", "coordinates": [ -80.8446711, 35.2241715 ] } },
{ "type": "Feature", "properties": { "osm_id": 131139733, "name": "Knight Theater", "lat": 35.2249144, "lon": -80.8478739, "tags": { "addr:city": "Charlotte", "addr:housenumber": "430", "addr:postcode": "28202", "addr:state": "NC", "addr:street": "South Tryon Street", "amenity": "theatre", "building": "yes", "height": "27", "name": "Knight Theater" }, "amenity": "theatre", "shop": null, "leisure": null, "tourism": null, "office": null, "public_transport": null, "healthcare": null, "craft": null, "stations_in_radius": [ "Brooklyn Village" ], "stations_in_radius_dist_m": [ 399.99 ], "poi_cluster": "recreation" }, "geometry": { "type": "Point", "coordinates": [ -80.8478739, 35.2249144 ] } },
{ "type": "Feature", "properties": { "osm_id": 239813217, "name": "Charlotte Convention Center", "lat": 35.2220913, "lon": -80.84533, "tags": { "addr:state": "NC", "amenity": "conference_centre", "building": "yes", "ele": "227", "gnis:feature_id": "2025493", "height": "23", "layer": "1", "name": "Charlotte Convention Center", "source": "USGS Geonames", "wikidata": "Q5085885" }, "amenity": "conference_centre", "shop": null, "leisure": null, "tourism": null, "office": null, "public_transport": null, "healthcare": null, "craft": null, "stations_in_radius": "['Brooklyn Village' '3rd St/Convention']", "stations_in_radius_dist_m": "[165.88 266.54]", "poi_cluster": "office" }, "geometry": { "type": "Point", "coordinates": [ -80.84533, 35.2220913 ] } },
{ "type": "Feature", "properties": { "osm_id": 469145609, "name": "Child’s Play Fountain", "lat": 35.2251383, "lon": -80.8457091, "tags": { "amenity": "fountain", "name": "Child’s Play Fountain" }, "amenity": "fountain", "shop": null, "leisure": null, "tourism": null, "office": null, "public_transport": null, "healthcare": null, "craft": null, "stations_in_radius": "['3rd St/Convention' 'CTC/Arena' 'Brooklyn Village']", "stations_in_radius_dist_m": "[294.69 393.34 430.52]", "poi_cluster": "recreation" }, "geometry": { "type": "Point", "coordinates": [ -80.8457091, 35.2251383 ] } },
{ "type": "Feature", "properties": { "osm_id": 500195164, "name": "St. Peter's Catholic Church", "lat": 35.2238291, "lon": -80.84731, "tags": { "addr:city": "Charlotte", "addr:housenumber": "507", "addr:postcode": "28202", "addr:state": "NC", "addr:street": "South Tryon Street", "amenity": "place_of_worship", "building": "yes", "denomination": "catholic", "height": "23", "name": "St. Peter's Catholic Church", "religion": "christian", "wikidata": "Q7591308", "wikipedia": "en:St. Peter's Catholic Church (Charlotte, North Carolina)" }, "amenity": "place_of_worship", "shop": null, "leisure": null, "tourism": null, "office": null, "public_transport": null, "healthcare": null, "craft": null, "stations_in_radius": "['Brooklyn Village' '3rd St/Convention']", "stations_in_radius_dist_m": "[272.59 387.52]", "poi_cluster": "public_services" }, "geometry": { "type": "Point", "coordinates": [ -80.84731, 35.2238291 ] } },
{ "type": "Feature", "properties": { "osm_id": 1046738980, "name": "Golden Cow Creamery Uptown", "lat": 35.2230655, "lon": -80.8483483, "tags": { "addr:city": "Charlotte", "addr:housenumber": "601", "addr:postcode": "28202", "addr:state": "NC", "addr:street": "South Tryon Street", "amenity": "ice_cream", "building": "yes", "name": "Golden Cow Creamery Uptown", "outdoor_seating": "yes" }, "amenity": "ice_cream", "shop": null, "leisure": null, "tourism": null, "office": null, "public_transport": null, "healthcare": null, "craft": null, "stations_in_radius": [ "Brooklyn Village" ], "stations_in_radius_dist_m": [ 225.73 ], "poi_cluster": "food" }, "geometry": { "type": "Point", "coordinates": [ -80.8483483, 35.2230655 ] } },
{ "type": "Feature", "properties": { "osm_id": 1190021160, "name": null, "lat": 35.2229322, "lon": -80.8454958, "tags": { "amenity": "fountain", "natural": "water" }, "amenity": "fountain", "shop": null, "leisure": null, "tourism": null, "office": null, "public_transport": null, "healthcare": null, "craft": null, "stations_in_radius": "['Brooklyn Village' '3rd St/Convention']", "stations_in_radius_dist_m": "[215.7  234.06]", "poi_cluster": "recreation" }, "geometry": { "type": "Point", "coordinates": [ -80.8454958, 35.2229322 ] } },
{ "type": "Feature", "properties": { "osm_id": 4716137, "name": "Metro School", "lat": 35.2190789, "lon": -80.8421271, "tags": { "amenity": "school", "building": "school", "ele": "209", "gnis:feature_id": "1984523", "height": "13", "name": "Metro School", "type": "multipolygon" }, "amenity": "school", "shop": null, "leisure": null, "tourism": null, "office": null, "public_transport": null, "healthcare": null, "craft": null, "stations_in_radius": [ ], "stations_in_radius_dist_m": [ ], "poi_cluster": "public_services" }, "geometry": { "type": "Point", "coordinates": [ -80.8421271, 35.2190789 ] } },
{ "type": "Feature", "properties": { "osm_id": 11093041435, "name": "Amelie’s", "lat": 35.2242307, "lon": -80.845226, "tags": { "addr:city": "Charlotte", "addr:housenumber": "380", "addr:postcode": "28202", "addr:state": "NC", "addr:street": "South College Street", "name": "Amelie’s", "opening_hours": "Mo-Su 08:00-17:00", "phone": "+1-704-899-0088", "shop": "bakery", "website": "https://www.ameliesfrenchbakery.com" }, "amenity": null, "shop": "bakery", "leisure": null, "tourism": null, "office": null, "public_transport": null, "healthcare": null, "craft": null, "stations_in_radius": "['3rd St/Convention' 'Brooklyn Village' 'CTC/Arena']", "stations_in_radius_dist_m": "[208.79 351.54 359.36]", "poi_cluster": "retail" }, "geometry": { "type": "Point", "coordinates": [ -80.845226, 35.2242307 ] } },
{ "type": "Feature", "properties": { "osm_id": 11648968547, "name": "Whole Foods Market", "lat": 35.2212955, "lon": -80.8465278, "tags": { "addr:city": "Charlotte", "addr:housenumber": "400", "addr:postcode": "28202", "addr:state": "NC", "addr:street": "East Brooklyn Village Avenue", "branch": "Uptown Charlotte", "brand": "Whole Foods Market", "brand:wikidata": "Q1809448", "check_date": "2024-10-03", "check_date:opening_hours": "2024-10-03", "name": "Whole Foods Market", "opening_hours": "Mo-Su 08:00-22:00", "phone": "+1 704-969-5950", "ref": "uptowncharlotte", "shop": "supermarket", "website": "https://www.wholefoodsmarket.com/stores/uptowncharlotte" }, "amenity": null, "shop": "supermarket", "leisure": null, "tourism": null, "office": null, "public_transport": null, "healthcare": null, "craft": null, "stations_in_radius": [ "Brooklyn Village" ], "stations_in_radius_dist_m": [ 38.95 ], "poi_cluster": "retail" }, "geometry": { "type": "Point", "coordinates": [ -80.8465278, 35.2212955 ] } },
{ "type": "Feature", "properties": { "osm_id": 12513705155, "name": "Scissors & Scotch", "lat": 35.2224642, "lon": -80.849236, "tags": { "addr:city": "Charlotte", "addr:housenumber": "601", "addr:postcode": "28202", "addr:state": "NC", "addr:street": "S. Tryon Street", "addr:unit": "Suite 134", "hairdresser": "barber", "name": "Scissors & Scotch", "opening_hours": "Mo-Fr 10:00-19:00; Su 11:00-17:00; Sa 09:00-17:00", "payment:cash": "yes", "payment:contactless": "yes", "payment:credit_cards": "yes", "phone": "+1-704-970-4141", "shop": "hairdresser", "website": "https://scissorsscotch.com/" }, "amenity": null, "shop": "hairdresser", "leisure": null, "tourism": null, "office": null, "public_transport": null, "healthcare": null, "craft": null, "stations_in_radius": [ "Brooklyn Village" ], "stations_in_radius_dist_m": [ 240.52 ], "poi_cluster": "retail" }, "geometry": { "type": "Point", "coordinates": [ -80.849236, 35.2224642 ] } },
{ "type": "Feature", "properties": { "osm_id": 12513705306, "name": "CVS Pharmacy", "lat": 35.2201038, "lon": -80.8451584, "tags": { "brand": "CVS Pharmacy", "brand:wikidata": "Q2078880", "name": "CVS Pharmacy", "shop": "chemist", "short_name": "CVS" }, "amenity": null, "shop": "chemist", "leisure": null, "tourism": null, "office": null, "public_transport": null, "healthcare": null, "craft": null, "stations_in_radius": "['Brooklyn Village' '3rd St/Convention']", "stations_in_radius_dist_m": "[215.95 433.2 ]", "poi_cluster": "retail" }, "geometry": { "type": "Point", "coordinates": [ -80.8451584, 35.2201038 ] } },
{ "type": "Feature", "properties": { "osm_id": 12513705413, "name": "Salon Lofts", "lat": 35.2183449, "lon": -80.8431339, "tags": { "name": "Salon Lofts", "shop": "beauty" }, "amenity": null, "shop": "beauty", "leisure": null, "tourism": null, "office": null, "public_transport": null, "healthcare": null, "craft": null, "stations_in_radius": [ "Brooklyn Village" ], "stations_in_radius_dist_m": [ 483.76 ], "poi_cluster": "retail" }, "geometry": { "type": "Point", "coordinates": [ -80.8431339, 35.2183449 ] } },
{ "type": "Feature", "properties": { "osm_id": 13375183512, "name": "Uptown Cuts", "lat": 35.2239237, "lon": -80.8440337, "tags": { "addr:city": "Charlotte", "addr:housenumber": "301", "addr:postcode": "28202", "addr:state": "NC", "addr:street": "South College Street", "addr:unit": "130", "check_date": "2025-12-14", "contact:instagram": "https://www.instagram.com/uptowncuts_clt", "currency:XBT": "yes", "hairdresser": "barber", "name": "Uptown Cuts", "opening_hours": "Mo-Fr 09:00-19:00; Sa 09:00-15:00", "payment:lightning": "yes", "payment:lightning:operator": "square", "payment:lightning_contactless": "no", "payment:onchain": "no", "phone": "+1-980-483-8618", "shop": "hairdresser", "website": "https://www.uptowncutsclt.com/" }, "amenity": null, "shop": "hairdresser", "leisure": null, "tourism": null, "office": null, "public_transport": null, "healthcare": null, "craft": null, "stations_in_radius": "['3rd St/Convention' 'CTC/Arena' 'Brooklyn Village']", "stations_in_radius_dist_m": "[ 95.19 268.56 385.88]", "poi_cluster": "retail" }, "geometry": { "type": "Point", "coordinates": [ -80.8440337, 35.2239237 ] } },
{ "type": "Feature", "properties": { "osm_id": 13457166644, "name": "Overstreet Market", "lat": 35.223869, "lon": -80.844594, "tags": { "level": "1", "name": "Overstreet Market", "shop": "convenience" }, "amenity": null, "shop": "convenience", "leisure": null, "tourism": null, "office": null, "public_transport": null, "healthcare": null, "craft": null, "stations_in_radius": "['3rd St/Convention' 'CTC/Arena' 'Brooklyn Village']", "stations_in_radius_dist_m": "[142.52 317.4  348.08]", "poi_cluster": "retail" }, "geometry": { "type": "Point", "coordinates": [ -80.844594, 35.223869 ] } },
{ "type": "Feature", "properties": { "osm_id": 432940147, "name": "Charlotte Cigar Culture", "lat": 35.2209066, "lon": -80.8508606, "tags": { "building": "yes", "name": "Charlotte Cigar Culture", "shop": "tobacco" }, "amenity": null, "shop": "tobacco", "leisure": null, "tourism": null, "office": null, "public_transport": null, "healthcare": null, "craft": null, "stations_in_radius": "['Carson' 'Brooklyn Village']", "stations_in_radius_dist_m": "[223.66 360.8 ]", "poi_cluster": "retail" }, "geometry": { "type": "Point", "coordinates": [ -80.8508606, 35.2209066 ] } },
{ "type": "Feature", "properties": { "osm_id": 13457166645, "name": "Childress Klein YMCA", "lat": 35.2237794, "lon": -80.8443278, "tags": { "brand": "YMCA", "brand:wikidata": "Q157169", "leisure": "sports_centre", "name": "Childress Klein YMCA" }, "amenity": null, "shop": null, "leisure": "sports_centre", "tourism": null, "office": null, "public_transport": null, "healthcare": null, "craft": null, "stations_in_radius": "['3rd St/Convention' 'CTC/Arena' 'Brooklyn Village']", "stations_in_radius_dist_m": "[116.89 299.66 355.99]", "poi_cluster": "recreation" }, "geometry": { "type": "Point", "coordinates": [ -80.8443278, 35.2237794 ] } },
{ "type": "Feature", "properties": { "osm_id": 131139739, "name": "The Green", "lat": 35.2238147, "lon": -80.8467892, "tags": { "leisure": "park", "name": "The Green", "source": "Bing", "wikidata": "Q7738116" }, "amenity": null, "shop": null, "leisure": "park", "tourism": null, "office": null, "public_transport": null, "healthcare": null, "craft": null, "stations_in_radius": "['Brooklyn Village' '3rd St/Convention']", "stations_in_radius_dist_m": "[269.25 340.13]", "poi_cluster": "recreation" }, "geometry": { "type": "Point", "coordinates": [ -80.8467892, 35.2238147 ] } },
{ "type": "Feature", "properties": { "osm_id": 861268757, "name": null, "lat": 35.2245355, "lon": -80.8477304, "tags": { "leisure": "garden" }, "amenity": null, "shop": null, "leisure": "garden", "tourism": null, "office": null, "public_transport": null, "healthcare": null, "craft": null, "stations_in_radius": [ "Brooklyn Village" ], "stations_in_radius_dist_m": [ 356.18 ], "poi_cluster": "recreation" }, "geometry": { "type": "Point", "coordinates": [ -80.8477304, 35.2245355 ] } },
{ "type": "Feature", "properties": { "osm_id": 861268758, "name": null, "lat": 35.2244749, "lon": -80.8476654, "tags": { "leisure": "garden" }, "amenity": null, "shop": null, "leisure": "garden", "tourism": null, "office": null, "public_transport": null, "healthcare": null, "craft": null, "stations_in_radius": "['Brooklyn Village' '3rd St/Convention']", "stations_in_radius_dist_m": "[348.43 429.94]", "poi_cluster": "recreation" }, "geometry": { "type": "Point", "coordinates": [ -80.8476654, 35.2244749 ] } },
{ "type": "Feature", "properties": { "osm_id": 861268759, "name": null, "lat": 35.2244157, "lon": -80.8476012, "tags": { "leisure": "garden" }, "amenity": null, "shop": null, "leisure": "garden", "tourism": null, "office": null, "public_transport": null, "healthcare": null, "craft": null, "stations_in_radius": "['Brooklyn Village' '3rd St/Convention']", "stations_in_radius_dist_m": "[340.9  422.81]", "poi_cluster": "recreation" }, "geometry": { "type": "Point", "coordinates": [ -80.8476012, 35.2244157 ] } },
{ "type": "Feature", "properties": { "osm_id": 861268760, "name": null, "lat": 35.2244549, "lon": -80.8475436, "tags": { "leisure": "garden" }, "amenity": null, "shop": null, "leisure": "garden", "tourism": null, "office": null, "public_transport": null, "healthcare": null, "craft": null, "stations_in_radius": "['Brooklyn Village' '3rd St/Convention']", "stations_in_radius_dist_m": "[344.31 418.64]", "poi_cluster": "recreation" }, "geometry": { "type": "Point", "coordinates": [ -80.8475436, 35.2244549 ] } },
{ "type": "Feature", "properties": { "osm_id": 861268761, "name": null, "lat": 35.2245162, "lon": -80.8476055, "tags": { "leisure": "garden" }, "amenity": null, "shop": null, "leisure": "garden", "tourism": null, "office": null, "public_transport": null, "healthcare": null, "craft": null, "stations_in_radius": [ "Brooklyn Village" ], "stations_in_radius_dist_m": [ 351.95 ], "poi_cluster": "recreation" }, "geometry": { "type": "Point", "coordinates": [ -80.8476055, 35.2245162 ] } },
{ "type": "Feature", "properties": { "osm_id": 861268762, "name": null, "lat": 35.2245779, "lon": -80.8476675, "tags": { "leisure": "garden" }, "amenity": null, "shop": null, "leisure": "garden", "tourism": null, "office": null, "public_transport": null, "healthcare": null, "craft": null, "stations_in_radius": [ "Brooklyn Village" ], "stations_in_radius_dist_m": [ 359.69 ], "poi_cluster": "recreation" }, "geometry": { "type": "Point", "coordinates": [ -80.8476675, 35.2245779 ] } },
{ "type": "Feature", "properties": { "osm_id": 909468311, "name": null, "lat": 35.2238752, "lon": -80.8466705, "tags": { "leisure": "garden" }, "amenity": null, "shop": null, "leisure": "garden", "tourism": null, "office": null, "public_transport": null, "healthcare": null, "craft": null, "stations_in_radius": "['Brooklyn Village' '3rd St/Convention']", "stations_in_radius_dist_m": "[276.7  329.88]", "poi_cluster": "recreation" }, "geometry": { "type": "Point", "coordinates": [ -80.8466705, 35.2238752 ] } },
{ "type": "Feature", "properties": { "osm_id": 909468312, "name": null, "lat": 35.2237846, "lon": -80.8465601, "tags": { "leisure": "garden" }, "amenity": null, "shop": null, "leisure": "garden", "tourism": null, "office": null, "public_transport": null, "healthcare": null, "craft": null, "stations_in_radius": "['Brooklyn Village' '3rd St/Convention']", "stations_in_radius_dist_m": "[267.8  319.11]", "poi_cluster": "recreation" }, "geometry": { "type": "Point", "coordinates": [ -80.8465601, 35.2237846 ] } },
{ "type": "Feature", "properties": { "osm_id": 909468313, "name": null, "lat": 35.2236499, "lon": -80.846718, "tags": { "leisure": "garden" }, "amenity": null, "shop": null, "leisure": "garden", "tourism": null, "office": null, "public_transport": null, "healthcare": null, "craft": null, "stations_in_radius": "['Brooklyn Village' '3rd St/Convention']", "stations_in_radius_dist_m": "[251.44 332.92]", "poi_cluster": "recreation" }, "geometry": { "type": "Point", "coordinates": [ -80.846718, 35.2236499 ] } },
{ "type": "Feature", "properties": { "osm_id": 909468314, "name": null, "lat": 35.2237883, "lon": -80.8468423, "tags": { "leisure": "garden" }, "amenity": null, "shop": null, "leisure": "garden", "tourism": null, "office": null, "public_transport": null, "healthcare": null, "craft": null, "stations_in_radius": "['Brooklyn Village' '3rd St/Convention']", "stations_in_radius_dist_m": "[266.12 344.77]", "poi_cluster": "recreation" }, "geometry": { "type": "Point", "coordinates": [ -80.8468423, 35.2237883 ] } },
{ "type": "Feature", "properties": { "osm_id": 909468321, "name": null, "lat": 35.2241032, "lon": -80.8468594, "tags": { "leisure": "garden" }, "amenity": null, "shop": null, "leisure": "garden", "tourism": null, "office": null, "public_transport": null, "healthcare": null, "craft": null, "stations_in_radius": "['Brooklyn Village' '3rd St/Convention']", "stations_in_radius_dist_m": "[300.98 350.06]", "poi_cluster": "recreation" }, "geometry": { "type": "Point", "coordinates": [ -80.8468594, 35.2241032 ] } },
{ "type": "Feature", "properties": { "osm_id": 909468323, "name": null, "lat": 35.2239292, "lon": -80.8469593, "tags": { "leisure": "garden" }, "amenity": null, "shop": null, "leisure": "garden", "tourism": null, "office": null, "public_transport": null, "healthcare": null, "craft": null, "stations_in_radius": "['Brooklyn Village' '3rd St/Convention']", "stations_in_radius_dist_m": "[281.6  356.61]", "poi_cluster": "recreation" }, "geometry": { "type": "Point", "coordinates": [ -80.8469593, 35.2239292 ] } },
{ "type": "Feature", "properties": { "osm_id": 909468324, "name": null, "lat": 35.2234749, "lon": -80.8464445, "tags": { "leisure": "garden" }, "amenity": null, "shop": null, "leisure": "garden", "tourism": null, "office": null, "public_transport": null, "healthcare": null, "craft": null, "stations_in_radius": "['Brooklyn Village' '3rd St/Convention']", "stations_in_radius_dist_m": "[235.57 308.36]", "poi_cluster": "recreation" }, "geometry": { "type": "Point", "coordinates": [ -80.8464445, 35.2234749 ] } },
{ "type": "Feature", "properties": { "osm_id": 909468325, "name": null, "lat": 35.2235954, "lon": -80.8463039, "tags": { "leisure": "garden" }, "amenity": null, "shop": null, "leisure": "garden", "tourism": null, "office": null, "public_transport": null, "healthcare": null, "craft": null, "stations_in_radius": "['Brooklyn Village' '3rd St/Convention']", "stations_in_radius_dist_m": "[251.34 295.21]", "poi_cluster": "recreation" }, "geometry": { "type": "Point", "coordinates": [ -80.8463039, 35.2235954 ] } },
{ "type": "Feature", "properties": { "osm_id": 909468328, "name": null, "lat": 35.2234443, "lon": -80.8465083, "tags": { "leisure": "garden" }, "amenity": null, "shop": null, "leisure": "garden", "tourism": null, "office": null, "public_transport": null, "healthcare": null, "craft": null, "stations_in_radius": "['Brooklyn Village' '3rd St/Convention']", "stations_in_radius_dist_m": "[231.19 314.34]", "poi_cluster": "recreation" }, "geometry": { "type": "Point", "coordinates": [ -80.8465083, 35.2234443 ] } },
{ "type": "Feature", "properties": { "osm_id": 909468329, "name": null, "lat": 35.2235605, "lon": -80.8467184, "tags": { "leisure": "garden" }, "amenity": null, "shop": null, "leisure": "garden", "tourism": null, "office": null, "public_transport": null, "healthcare": null, "craft": null, "stations_in_radius": "['Brooklyn Village' '3rd St/Convention']", "stations_in_radius_dist_m": "[241.55 332.97]", "poi_cluster": "recreation" }, "geometry": { "type": "Point", "coordinates": [ -80.8467184, 35.2235605 ] } },
{ "type": "Feature", "properties": { "osm_id": 909468331, "name": null, "lat": 35.2240241, "lon": -80.8471309, "tags": { "leisure": "garden" }, "amenity": null, "shop": null, "leisure": "garden", "tourism": null, "office": null, "public_transport": null, "healthcare": null, "craft": null, "stations_in_radius": "['Brooklyn Village' '3rd St/Convention']", "stations_in_radius_dist_m": "[292.64 373.3 ]", "poi_cluster": "recreation" }, "geometry": { "type": "Point", "coordinates": [ -80.8471309, 35.2240241 ] } },
{ "type": "Feature", "properties": { "osm_id": 1332536453, "name": null, "lat": 35.2238039, "lon": -80.8477851, "tags": { "garden:type": "landscaping", "leisure": "garden" }, "amenity": null, "shop": null, "leisure": "garden", "tourism": null, "office": null, "public_transport": null, "healthcare": null, "craft": null, "stations_in_radius": "['Brooklyn Village' '3rd St/Convention']", "stations_in_radius_dist_m": "[278.53 430.53]", "poi_cluster": "recreation" }, "geometry": { "type": "Point", "coordinates": [ -80.8477851, 35.2238039 ] } },
{ "type": "Feature", "properties": { "osm_id": 1332536455, "name": null, "lat": 35.2236241, "lon": -80.8480551, "tags": { "garden:type": "landscaping", "leisure": "garden" }, "amenity": null, "shop": null, "leisure": "garden", "tourism": null, "office": null, "public_transport": null, "healthcare": null, "craft": null, "stations_in_radius": "['Brooklyn Village' '3rd St/Convention']", "stations_in_radius_dist_m": "[267.74 454.57]", "poi_cluster": "recreation" }, "geometry": { "type": "Point", "coordinates": [ -80.8480551, 35.2236241 ] } },
{ "type": "Feature", "properties": { "osm_id": 1332536457, "name": null, "lat": 35.2235218, "lon": -80.8481671, "tags": { "garden:type": "landscaping", "leisure": "garden" }, "amenity": null, "shop": null, "leisure": "garden", "tourism": null, "office": null, "public_transport": null, "healthcare": null, "craft": null, "stations_in_radius": "['Brooklyn Village' '3rd St/Convention']", "stations_in_radius_dist_m": "[261.46 464.86]", "poi_cluster": "recreation" }, "geometry": { "type": "Point", "coordinates": [ -80.8481671, 35.2235218 ] } },
{ "type": "Feature", "properties": { "osm_id": 1350996136, "name": null, "lat": 35.2208751, "lon": -80.8464617, "tags": { "access": "private", "leisure": "swimming_pool", "location": "roof" }, "amenity": null, "shop": null, "leisure": "swimming_pool", "tourism": null, "office": null, "public_transport": null, "healthcare": null, "craft": null, "stations_in_radius": [ "Brooklyn Village" ], "stations_in_radius_dist_m": [ 71.8 ], "poi_cluster": "recreation" }, "geometry": { "type": "Point", "coordinates": [ -80.8464617, 35.2208751 ] } },
{ "type": "Feature", "properties": { "osm_id": 1351901030, "name": null, "lat": 35.2192946, "lon": -80.8449365, "tags": { "leisure": "swimming_pool" }, "amenity": null, "shop": null, "leisure": "swimming_pool", "tourism": null, "office": null, "public_transport": null, "healthcare": null, "craft": null, "stations_in_radius": [ "Brooklyn Village" ], "stations_in_radius_dist_m": [ 295.37 ], "poi_cluster": "recreation" }, "geometry": { "type": "Point", "coordinates": [ -80.8449365, 35.2192946 ] } },
{ "type": "Feature", "properties": { "osm_id": 1352473408, "name": null, "lat": 35.2242324, "lon": -80.8506112, "tags": { "leisure": "outdoor_seating" }, "amenity": null, "shop": null, "leisure": "outdoor_seating", "tourism": null, "office": null, "public_transport": null, "healthcare": null, "craft": null, "stations_in_radius": [ "Brooklyn Village" ], "stations_in_radius_dist_m": [ 459.33 ], "poi_cluster": "recreation" }, "geometry": { "type": "Point", "coordinates": [ -80.8506112, 35.2242324 ] } },
{ "type": "Feature", "properties": { "osm_id": 1352473422, "name": null, "lat": 35.2218753, "lon": -80.8435416, "tags": { "leisure": "outdoor_seating" }, "amenity": null, "shop": null, "leisure": "outdoor_seating", "tourism": null, "office": null, "public_transport": null, "healthcare": null, "craft": null, "stations_in_radius": "['3rd St/Convention' 'Brooklyn Village']", "stations_in_radius_dist_m": "[197.31 313.92]", "poi_cluster": "recreation" }, "geometry": { "type": "Point", "coordinates": [ -80.8435416, 35.2218753 ] } },
{ "type": "Feature", "properties": { "osm_id": 1352473423, "name": null, "lat": 35.2204515, "lon": -80.8446295, "tags": { "leisure": "outdoor_seating" }, "amenity": null, "shop": null, "leisure": "outdoor_seating", "tourism": null, "office": null, "public_transport": null, "healthcare": null, "craft": null, "stations_in_radius": "['Brooklyn Village' '3rd St/Convention']", "stations_in_radius_dist_m": "[234.62 378.28]", "poi_cluster": "recreation" }, "geometry": { "type": "Point", "coordinates": [ -80.8446295, 35.2204515 ] } },
{ "type": "Feature", "properties": { "osm_id": 2503984448, "name": "Visitor Information Center", "lat": 35.2248795, "lon": -80.8460352, "tags": { "information": "office", "name": "Visitor Information Center", "tourism": "information" }, "amenity": null, "shop": null, "leisure": null, "tourism": "information", "office": null, "public_transport": null, "healthcare": null, "craft": null, "stations_in_radius": "['3rd St/Convention' 'Brooklyn Village']", "stations_in_radius_dist_m": "[305.17 395.65]", "poi_cluster": "tourism" }, "geometry": { "type": "Point", "coordinates": [ -80.8460352, 35.2248795 ] } },
{ "type": "Feature", "properties": { "osm_id": 5016558822, "name": "Firebird", "lat": 35.2243618, "lon": -80.8474951, "tags": { "artist_name": "Niki de Saint Phalle", "artwork_type": "sculpture", "material": "metal", "name": "Firebird", "start_date": "2009", "tourism": "artwork" }, "amenity": null, "shop": null, "leisure": null, "tourism": "artwork", "office": null, "public_transport": null, "healthcare": null, "craft": null, "stations_in_radius": "['Brooklyn Village' '3rd St/Convention']", "stations_in_radius_dist_m": "[333.42 412.13]", "poi_cluster": "tourism" }, "geometry": { "type": "Point", "coordinates": [ -80.8474951, 35.2243618 ] } },
{ "type": "Feature", "properties": { "osm_id": 10968050748, "name": null, "lat": 35.223827, "lon": -80.8476613, "tags": { "artwork_type": "sculpture", "tourism": "artwork" }, "amenity": null, "shop": null, "leisure": null, "tourism": "artwork", "office": null, "public_transport": null, "healthcare": null, "craft": null, "stations_in_radius": "['Brooklyn Village' '3rd St/Convention']", "stations_in_radius_dist_m": "[278.12 419.42]", "poi_cluster": "tourism" }, "geometry": { "type": "Point", "coordinates": [ -80.8476613, 35.223827 ] } },
{ "type": "Feature", "properties": { "osm_id": 11083083004, "name": null, "lat": 35.22352, "lon": -80.8462353, "tags": { "artwork_type": "sculpture", "tourism": "artwork" }, "amenity": null, "shop": null, "leisure": null, "tourism": "artwork", "office": null, "public_transport": null, "healthcare": null, "craft": null, "stations_in_radius": "['Brooklyn Village' '3rd St/Convention']", "stations_in_radius_dist_m": "[244.77 289.13]", "poi_cluster": "tourism" }, "geometry": { "type": "Point", "coordinates": [ -80.8462353, 35.22352 ] } },
{ "type": "Feature", "properties": { "osm_id": 11083145810, "name": null, "lat": 35.2234226, "lon": -80.8463744, "tags": { "artwork_type": "sculpture", "tourism": "artwork" }, "amenity": null, "shop": null, "leisure": null, "tourism": "artwork", "office": null, "public_transport": null, "healthcare": null, "craft": null, "stations_in_radius": "['Brooklyn Village' '3rd St/Convention']", "stations_in_radius_dist_m": "[231.22 302.34]", "poi_cluster": "tourism" }, "geometry": { "type": "Point", "coordinates": [ -80.8463744, 35.2234226 ] } },
{ "type": "Feature", "properties": { "osm_id": 11083145811, "name": null, "lat": 35.2242878, "lon": -80.847069, "tags": { "artwork_type": "sculpture", "material": "brick", "tourism": "artwork" }, "amenity": null, "shop": null, "leisure": null, "tourism": "artwork", "office": null, "public_transport": null, "healthcare": null, "craft": null, "stations_in_radius": "['Brooklyn Village' '3rd St/Convention']", "stations_in_radius_dist_m": "[321.58 372.49]", "poi_cluster": "tourism" }, "geometry": { "type": "Point", "coordinates": [ -80.847069, 35.2242878 ] } },
{ "type": "Feature", "properties": { "osm_id": 12327899281, "name": null, "lat": 35.2237529, "lon": -80.8475722, "tags": { "artwork_type": "sculpture", "tourism": "artwork" }, "amenity": null, "shop": null, "leisure": null, "tourism": "artwork", "office": null, "public_transport": null, "healthcare": null, "craft": null, "stations_in_radius": "['Brooklyn Village' '3rd St/Convention']", "stations_in_radius_dist_m": "[268.29 410.93]", "poi_cluster": "tourism" }, "geometry": { "type": "Point", "coordinates": [ -80.8475722, 35.2237529 ] } },
{ "type": "Feature", "properties": { "osm_id": 12513705156, "name": "Museum of Illusions", "lat": 35.2223345, "lon": -80.8491318, "tags": { "name": "Museum of Illusions", "tourism": "museum" }, "amenity": null, "shop": null, "leisure": null, "tourism": "museum", "office": null, "public_transport": null, "healthcare": null, "craft": null, "stations_in_radius": [ "Brooklyn Village" ], "stations_in_radius_dist_m": [ 225.29 ], "poi_cluster": "tourism" }, "geometry": { "type": "Point", "coordinates": [ -80.8491318, 35.2223345 ] } },
{ "type": "Feature", "properties": { "osm_id": 12513705322, "name": "\"Uptown\"", "lat": 35.2195841, "lon": -80.8448915, "tags": { "artwork_type": "installation", "material": "metal", "name": "\"Uptown\"", "tourism": "artwork" }, "amenity": null, "shop": null, "leisure": null, "tourism": "artwork", "office": null, "public_transport": null, "healthcare": null, "craft": null, "stations_in_radius": [ "Brooklyn Village" ], "stations_in_radius_dist_m": [ 273.61 ], "poi_cluster": "tourism" }, "geometry": { "type": "Point", "coordinates": [ -80.8448915, 35.2195841 ] } },
{ "type": "Feature", "properties": { "osm_id": 120628262, "name": "Hyatt Place Charlotte Downtown", "lat": 35.222597, "lon": -80.841087, "tags": { "addr:city": "Charlotte", "addr:housenumber": "222", "addr:postcode": "28202", "addr:state": "NC", "addr:street": "South Caldwell Street", "branch": "Charlotte Downtown", "brand": "Hyatt Place", "brand:wikidata": "Q72629292", "building": "yes", "building:levels": "17", "height": "103", "name": "Hyatt Place Charlotte Downtown", "phone": "+1 704-227-0500", "tourism": "hotel", "website": "https://www.hyatt.com/en-us/hotel/north-carolina/hyatt-place-charlotte-downtown/cltzu" }, "amenity": null, "shop": null, "leisure": null, "tourism": "hotel", "office": null, "public_transport": null, "healthcare": null, "craft": null, "stations_in_radius": "['3rd St/Convention' 'CTC/Arena']", "stations_in_radius_dist_m": "[211.8  267.92]", "poi_cluster": "tourism" }, "geometry": { "type": "Point", "coordinates": [ -80.841087, 35.222597 ] } },
{ "type": "Feature", "properties": { "osm_id": 131139722, "name": "Harvey B. Gantt Center for African American Arts & Culture", "lat": 35.2231064, "lon": -80.8479206, "tags": { "addr:city": "Charlotte", "addr:housenumber": "551", "addr:postcode": "28202", "addr:state": "NC", "addr:street": "South Tryon Street", "building": "yes", "email": "gsa@ganttcenter.org", "height": "29", "museum": "art", "name": "Harvey B. Gantt Center for African American Arts & Culture", "phone": "+1 704 547 3700", "tourism": "museum", "website": "https://www.ganttcenter.org/", "wikidata": "Q16983412" }, "amenity": null, "shop": null, "leisure": null, "tourism": "museum", "office": null, "public_transport": null, "healthcare": null, "craft": null, "stations_in_radius": "['Brooklyn Village' '3rd St/Convention']", "stations_in_radius_dist_m": "[210.23 445.84]", "poi_cluster": "tourism" }, "geometry": { "type": "Point", "coordinates": [ -80.8479206, 35.2231064 ] } },
{ "type": "Feature", "properties": { "osm_id": 131139728, "name": "Bechtler Museum Of Modern Art", "lat": 35.2245865, "lon": -80.8474035, "tags": { "addr:city": "Charlotte", "addr:housenumber": "420", "addr:postcode": "28202", "addr:state": "NC", "addr:street": "South Tryon Street", "building": "yes", "height": "30", "name": "Bechtler Museum Of Modern Art", "phone": "+1-704-353-9200", "tourism": "museum", "website": "https://www.bechtler.org/", "wikidata": "Q4878575", "wikipedia": "en:Bechtler Museum of Modern Art" }, "amenity": null, "shop": null, "leisure": null, "tourism": "museum", "office": null, "public_transport": null, "healthcare": null, "craft": null, "stations_in_radius": "['Brooklyn Village' '3rd St/Convention']", "stations_in_radius_dist_m": "[356.99 409.84]", "poi_cluster": "tourism" }, "geometry": { "type": "Point", "coordinates": [ -80.8474035, 35.2245865 ] } },
{ "type": "Feature", "properties": { "osm_id": 131139755, "name": "Mint Museum Uptown", "lat": 35.2245205, "lon": -80.8483605, "tags": { "addr:city": "Charlotte", "addr:housenumber": "500", "addr:postcode": "28202", "addr:state": "NC", "addr:street": "South Tryon Street", "building": "yes", "building:levels": "3", "fee": "yes", "height": "31", "museum": "art", "name": "Mint Museum Uptown", "name:en": "Mint Museum Uptown", "opening_hours:url": "https://www.mintmuseum.org/plan-your-visit/mint-museum-uptown/#hours", "phone": "+1 704 337 2000", "tourism": "museum", "website": "https://www.mintmuseum.org/", "wheelchair": "yes", "wikidata": "Q6869561" }, "amenity": null, "shop": null, "leisure": null, "tourism": "museum", "office": null, "public_transport": null, "healthcare": null, "craft": null, "stations_in_radius": [ "Brooklyn Village" ], "stations_in_radius_dist_m": [ 370.46 ], "poi_cluster": "tourism" }, "geometry": { "type": "Point", "coordinates": [ -80.8483605, 35.2245205 ] } },
{ "type": "Feature", "properties": { "osm_id": 322278731, "name": "NASCAR Hall of Fame", "lat": 35.2210348, "lon": -80.8441204, "tags": { "addr:city": "Charlotte", "addr:housenumber": "400", "addr:postcode": "28202", "addr:state": "NC", "addr:street": "East Martin Luther King Jr Boulevard", "building": "yes", "check_date:opening_hours": "2023-02-17", "fee": "yes", "height": "60", "name": "NASCAR Hall of Fame", "opening_hours": "Mo-Su 10:00-17:00; Tu off", "source": "Bing", "toilets:wheelchair": "yes", "tourism": "museum", "website": "https://www.nascarhall.com/", "wheelchair": "yes", "wikidata": "Q1443089" }, "amenity": null, "shop": null, "leisure": null, "tourism": "museum", "office": null, "public_transport": null, "healthcare": null, "craft": null, "stations_in_radius": "['Brooklyn Village' '3rd St/Convention']", "stations_in_radius_dist_m": "[259.61 301.45]", "poi_cluster": "tourism" }, "geometry": { "type": "Point", "coordinates": [ -80.8441204, 35.2210348 ] } },
{ "type": "Feature", "properties": { "osm_id": 380092605, "name": "Hilton Charlotte Uptown", "lat": 35.2239118, "lon": -80.8437606, "tags": { "addr:city": "Charlotte", "addr:housenumber": "222", "addr:postcode": "28202", "addr:state": "NC", "addr:street": "East 3rd Street", "brand": "Hilton", "brand:wikidata": "Q598884", "building": "yes", "building:levels": "10", "height": "83", "internet_access": "yes", "layer": "1", "name": "Hilton Charlotte Uptown", "phone": "+1-704-377-1500", "tourism": "hotel", "website": "https://charlotteuptown.hilton.com", "wikidata": "Q111394608" }, "amenity": null, "shop": null, "leisure": null, "tourism": "hotel", "office": null, "public_transport": null, "healthcare": null, "craft": null, "stations_in_radius": "['3rd St/Convention' 'CTC/Arena' 'Brooklyn Village']", "stations_in_radius_dist_m": "[ 72.01 247.19 402.41]", "poi_cluster": "tourism" }, "geometry": { "type": "Point", "coordinates": [ -80.8437606, 35.2239118 ] } },
{ "type": "Feature", "properties": { "osm_id": 397372377, "name": "The Westin Charlotte", "lat": 35.2217519, "lon": -80.8472572, "tags": { "addr:city": "Charlotte", "addr:housenumber": "601", "addr:postcode": "28202", "addr:state": "NC", "addr:street": "South College Street", "brand": "Westin", "brand:wikidata": "Q1969162", "building": "yes", "height": "94", "internet_access": "wlan", "level": "1", "name": "The Westin Charlotte", "operator": "The Westin Hotels", "phone": "+1-704-375-2600", "rooms": "700", "smoking": "no", "tourism": "hotel", "website": "https://www.marriott.com/en-us/hotels/cltcw-the-westin-charlotte/", "wikidata": "Q7988920" }, "amenity": null, "shop": null, "leisure": null, "tourism": "hotel", "office": null, "public_transport": null, "healthcare": null, "craft": null, "stations_in_radius": [ ], "stations_in_radius_dist_m": [ ], "poi_cluster": "tourism" }, "geometry": { "type": "Point", "coordinates": [ -80.8472572, 35.2217519 ] } },
{ "type": "Feature", "properties": { "osm_id": 500727932, "name": "Embassy Suites by Hilton Charlotte Uptown", "lat": 35.2219781, "lon": -80.8425865, "tags": { "addr:city": "Charlotte", "addr:housenumber": "401", "addr:postcode": "28202", "addr:state": "NC", "addr:street": "East Martin Luther King Jr Boulevard", "branch": "Charlotte Uptown", "brand": "Embassy Suites", "brand:wikidata": "Q5369524", "building": "yes", "building:levels": "9", "height": "13", "name": "Embassy Suites by Hilton Charlotte Uptown", "official_name": "Embassy Suites by Hilton", "ref": "CLTMLES", "tourism": "hotel", "website": "https://www.hilton.com/en/hotels/cltmles-embassy-suites-charlotte-uptown/" }, "amenity": null, "shop": null, "leisure": null, "tourism": "hotel", "office": null, "public_transport": null, "healthcare": null, "craft": null, "stations_in_radius": "['3rd St/Convention' 'CTC/Arena' 'Brooklyn Village']", "stations_in_radius_dist_m": "[186.04 352.38 401.52]", "poi_cluster": "tourism" }, "geometry": { "type": "Point", "coordinates": [ -80.8425865, 35.2219781 ] } },
{ "type": "Feature", "properties": { "osm_id": 695677597, "name": "Hilton Garden Inn Charlotte Uptown", "lat": 35.2206667, "lon": -80.8429395, "tags": { "addr:city": "Charlotte", "addr:housenumber": "508", "addr:postcode": "28202", "addr:state": "NC", "addr:street": "East Martin Luther King Jr Boulevard", "branch": "Charlotte Uptown", "brand": "Hilton Garden Inn", "brand:wikidata": "Q1162859", "building": "yes", "building:levels": "15", "internet_access": "wlan", "name": "Hilton Garden Inn Charlotte Uptown", "operator": "Hilton", "phone": "+1 704-347-5972", "ref": "CLTUPGI", "tourism": "hotel", "website": "https://hiltongardeninn3.hilton.com/en/hotels/north-carolina/hilton-garden-inn-charlotte-uptown-CLTUPGI/" }, "amenity": null, "shop": null, "leisure": null, "tourism": "hotel", "office": null, "public_transport": null, "healthcare": null, "craft": null, "stations_in_radius": "['3rd St/Convention' 'Brooklyn Village']", "stations_in_radius_dist_m": "[326.6 372.8]", "poi_cluster": "tourism" }, "geometry": { "type": "Point", "coordinates": [ -80.8429395, 35.2206667 ] } },
{ "type": "Feature", "properties": { "osm_id": 695677600, "name": "Hampton Inn Charlotte-Uptown", "lat": 35.2201212, "lon": -80.8424078, "tags": { "addr:city": "Charlotte", "addr:housenumber": "530", "addr:postcode": "28202", "addr:state": "NC", "addr:street": "East Martin Luther King Jr Boulevard", "alt_name": "Hampton Inn", "branch": "Charlotte-Uptown", "brand": "Hampton", "brand:wikidata": "Q5646230", "building": "yes", "building:levels": "10", "name": "Hampton Inn Charlotte-Uptown", "note": "Levels approximated", "official_name": "Hampton by Hilton", "phone": "+1 704-373-0917", "ref": "CLTUTHX", "tourism": "hotel", "website": "https://hamptoninn3.hilton.com/en/hotels/north-carolina/hampton-inn-charlotte-uptown-CLTUTHX/" }, "amenity": null, "shop": null, "leisure": null, "tourism": "hotel", "office": null, "public_transport": null, "healthcare": null, "craft": null, "stations_in_radius": "['3rd St/Convention' 'Brooklyn Village']", "stations_in_radius_dist_m": "[391.44 435.8 ]", "poi_cluster": "tourism" }, "geometry": { "type": "Point", "coordinates": [ -80.8424078, 35.2201212 ] } },
{ "type": "Feature", "properties": { "osm_id": 695751577, "name": "Home2 Suites by Hilton", "lat": 35.2202544, "lon": -80.8454478, "tags": { "brand": "Home2 Suites", "brand:wikidata": "Q5887912", "building": "yes", "building:levels": "9", "height": "40", "name": "Home2 Suites by Hilton", "official_name": "Home2 Suites by Hilton", "tourism": "hotel" }, "amenity": null, "shop": null, "leisure": null, "tourism": "hotel", "office": null, "public_transport": null, "healthcare": null, "craft": null, "stations_in_radius": "['Brooklyn Village' '3rd St/Convention']", "stations_in_radius_dist_m": "[185.21 430.94]", "poi_cluster": "tourism" }, "geometry": { "type": "Point", "coordinates": [ -80.8454478, 35.2202544 ] } },
{ "type": "Feature", "properties": { "osm_id": 948973303, "name": "Courtyard Charlotte City Center", "lat": 35.2255941, "lon": -80.8446822, "tags": { "addr:city": "Charlotte", "addr:housenumber": "237", "addr:postcode": "28202", "addr:state": "NC", "addr:street": "South Tryon Street", "branch": "Charlotte City Center", "brand": "Courtyard", "brand:wikidata": "Q1053170", "building:part": "yes", "name": "Courtyard Charlotte City Center", "official_name": "Courtyard by Marriott", "phone": "+1 704-926-5800", "ref": "CLTUP", "source": "GPS", "tourism": "hotel", "website": "https://www.marriott.com/cltup" }, "amenity": null, "shop": null, "leisure": null, "tourism": "hotel", "office": null, "public_transport": null, "healthcare": null, "craft": null, "stations_in_radius": "['3rd St/Convention' 'CTC/Arena']", "stations_in_radius_dist_m": "[264.97 306.75]", "poi_cluster": "tourism" }, "geometry": { "type": "Point", "coordinates": [ -80.8446822, 35.2255941 ] } },
{ "type": "Feature", "properties": { "osm_id": 1046738979, "name": "JW Marriott Charlotte", "lat": 35.2226486, "lon": -80.8479942, "tags": { "addr:city": "Charlotte", "addr:housenumber": "600", "addr:postcode": "28202", "addr:state": "NC", "addr:street": "South College Street", "brand": "JW Marriott", "brand:wikidata": "Q1067636", "building": "yes", "height": "80", "name": "JW Marriott Charlotte", "rooms": "381", "tourism": "hotel", "website": "https://www.marriott.com/en-us/hotels/cltjw-jw-marriott-charlotte/overview/" }, "amenity": null, "shop": null, "leisure": null, "tourism": "hotel", "office": null, "public_transport": null, "healthcare": null, "craft": null, "stations_in_radius": "['Brooklyn Village' '3rd St/Convention']", "stations_in_radius_dist_m": "[169.37 461.51]", "poi_cluster": "tourism" }, "geometry": { "type": "Point", "coordinates": [ -80.8479942, 35.2226486 ] } },
{ "type": "Feature", "properties": { "osm_id": 1189773827, "name": "Element", "lat": 35.2199872, "lon": -80.8459194, "tags": { "brand": "Element", "brand:wikidata": "Q91948072", "building": "yes", "height": "33", "name": "Element", "tourism": "hotel" }, "amenity": null, "shop": null, "leisure": null, "tourism": "hotel", "office": null, "public_transport": null, "healthcare": null, "craft": null, "stations_in_radius": [ "Brooklyn Village" ], "stations_in_radius_dist_m": [ 181.19 ], "poi_cluster": "tourism" }, "geometry": { "type": "Point", "coordinates": [ -80.8459194, 35.2199872 ] } },
{ "type": "Feature", "properties": { "osm_id": 1194649376, "name": null, "lat": 35.2253038, "lon": -80.8445942, "tags": { "artwork_type": "mural", "tourism": "artwork" }, "amenity": null, "shop": null, "leisure": null, "tourism": "artwork", "office": null, "public_transport": null, "healthcare": null, "craft": null, "stations_in_radius": "['3rd St/Convention' 'CTC/Arena' 'Brooklyn Village']", "stations_in_radius_dist_m": "[234.05 293.53 483.7 ]", "poi_cluster": "tourism" }, "geometry": { "type": "Point", "coordinates": [ -80.8445942, 35.2253038 ] } },
{ "type": "Feature", "properties": { "osm_id": 1194649389, "name": null, "lat": 35.2252372, "lon": -80.8446255, "tags": { "artwork_type": "mural", "tourism": "artwork" }, "amenity": null, "shop": null, "leisure": null, "tourism": "artwork", "office": null, "public_transport": null, "healthcare": null, "craft": null, "stations_in_radius": "['3rd St/Convention' 'CTC/Arena' 'Brooklyn Village']", "stations_in_radius_dist_m": "[229.91 295.61 475.81]", "poi_cluster": "tourism" }, "geometry": { "type": "Point", "coordinates": [ -80.8446255, 35.2252372 ] } },
{ "type": "Feature", "properties": { "osm_id": 1194653338, "name": null, "lat": 35.2253042, "lon": -80.844654, "tags": { "artwork_type": "mural", "tourism": "artwork" }, "amenity": null, "shop": null, "leisure": null, "tourism": "artwork", "office": null, "public_transport": null, "healthcare": null, "craft": null, "stations_in_radius": "['3rd St/Convention' 'CTC/Arena' 'Brooklyn Village']", "stations_in_radius_dist_m": "[237.37 298.94 481.36]", "poi_cluster": "tourism" }, "geometry": { "type": "Point", "coordinates": [ -80.844654, 35.2253042 ] } },
{ "type": "Feature", "properties": { "osm_id": 12505635375, "name": "KPMG", "lat": 35.2236047, "lon": -80.8500504, "tags": { "brand": "KPMG", "brand:wikidata": "Q493751", "name": "KPMG", "office": "consulting" }, "amenity": null, "shop": null, "leisure": null, "tourism": null, "office": "consulting", "public_transport": null, "healthcare": null, "craft": null, "stations_in_radius": [ ], "stations_in_radius_dist_m": [ ], "poi_cluster": "office" }, "geometry": { "type": "Point", "coordinates": [ -80.8500504, 35.2236047 ] } },
{ "type": "Feature", "properties": { "osm_id": 380092606, "name": "301 South College", "lat": 35.2239236, "lon": -80.8447362, "tags": { "addr:housenumber": "301", "addr:street": "South College Street", "building": "yes", "height": "192", "name": "301 South College", "office": "company", "wikidata": "Q3352669" }, "amenity": null, "shop": null, "leisure": null, "tourism": null, "office": "company", "public_transport": null, "healthcare": null, "craft": null, "stations_in_radius": "['3rd St/Convention' 'CTC/Arena' 'Brooklyn Village']", "stations_in_radius_dist_m": "[156.45 327.07 345.21]", "poi_cluster": "office" }, "geometry": { "type": "Point", "coordinates": [ -80.8447362, 35.2239236 ] } },
{ "type": "Feature", "properties": { "osm_id": 713125795, "name": "Regions 615", "lat": 35.2215063, "lon": -80.8481096, "tags": { "addr:city": "Charlotte", "addr:housenumber": "615", "addr:postcode": "28202", "addr:state": "NC", "addr:street": "South College Street", "air_conditioning": "yes", "building": "yes", "building:levels": "19", "height": "91", "layer": "1", "name": "Regions 615", "office": "company", "operator": "CBRE Global Investors", "website": "https://en.wikipedia.org/wiki/Regions_615", "wikidata": "Q29791440" }, "amenity": null, "shop": null, "leisure": null, "tourism": null, "office": "company", "public_transport": null, "healthcare": null, "craft": null, "stations_in_radius": [ "Brooklyn Village" ], "stations_in_radius_dist_m": [ 107.22 ], "poi_cluster": "office" }, "geometry": { "type": "Point", "coordinates": [ -80.8481096, 35.2215063 ] } },
{ "type": "Feature", "properties": { "osm_id": 11654772722, "name": null, "lat": 35.2216201, "lon": -80.8514522, "tags": { "amenity": "waste_disposal" }, "amenity": "waste_disposal", "shop": null, "leisure": null, "tourism": null, "office": null, "public_transport": null, "healthcare": null, "craft": null, "stations_in_radius": [ "Carson" ], "stations_in_radius_dist_m": [ 308.02 ], "poi_cluster": "errand" }, "geometry": { "type": "Point", "coordinates": [ -80.8514522, 35.2216201 ] } },
{ "type": "Feature", "properties": { "osm_id": 12517328700, "name": "Capishe", "lat": 35.2171915, "lon": -80.8480777, "tags": { "addr:city": "Charlotte", "addr:housenumber": "500", "addr:postcode": "28203", "addr:state": "NC", "addr:street": "East Morehead Street", "amenity": "restaurant", "cuisine": "italian", "name": "Capishe" }, "amenity": "restaurant", "shop": null, "leisure": null, "tourism": null, "office": null, "public_transport": null, "healthcare": null, "craft": null, "stations_in_radius": [ "Carson" ], "stations_in_radius_dist_m": [ 313.41 ], "poi_cluster": "food" }, "geometry": { "type": "Point", "coordinates": [ -80.8480777, 35.2171915 ] } },
{ "type": "Feature", "properties": { "osm_id": 695670022, "name": "Pritchard Memorial Baptist Church", "lat": 35.2164576, "lon": -80.8510991, "tags": { "amenity": "place_of_worship", "building": "yes", "name": "Pritchard Memorial Baptist Church", "religion": "christian", "start_date": "1901" }, "amenity": "place_of_worship", "shop": null, "leisure": null, "tourism": null, "office": null, "public_transport": null, "healthcare": null, "craft": null, "stations_in_radius": [ ], "stations_in_radius_dist_m": [ ], "poi_cluster": "public_services" }, "geometry": { "type": "Point", "coordinates": [ -80.8510991, 35.2164576 ] } },
{ "type": "Feature", "properties": { "osm_id": 1208587061, "name": null, "lat": 35.2186389, "lon": -80.8518244, "tags": { "amenity": "waste_disposal" }, "amenity": "waste_disposal", "shop": null, "leisure": null, "tourism": null, "office": null, "public_transport": null, "healthcare": null, "craft": null, "stations_in_radius": [ "Carson" ], "stations_in_radius_dist_m": [ 94.69 ], "poi_cluster": "errand" }, "geometry": { "type": "Point", "coordinates": [ -80.8518244, 35.2186389 ] } },
{ "type": "Feature", "properties": { "osm_id": 432940147, "name": "Charlotte Cigar Culture", "lat": 35.2209066, "lon": -80.8508606, "tags": { "building": "yes", "name": "Charlotte Cigar Culture", "shop": "tobacco" }, "amenity": null, "shop": "tobacco", "leisure": null, "tourism": null, "office": null, "public_transport": null, "healthcare": null, "craft": null, "stations_in_radius": "['Carson' 'Brooklyn Village']", "stations_in_radius_dist_m": "[223.66 360.8 ]", "poi_cluster": "retail" }, "geometry": { "type": "Point", "coordinates": [ -80.8508606, 35.2209066 ] } },
{ "type": "Feature", "properties": { "osm_id": 288095852, "name": "YMCA", "lat": 35.2175887, "lon": -80.8489498, "tags": { "brand": "YMCA", "brand:wikidata": "Q157169", "building": "yes", "fee": "yes", "layer": "1", "leisure": "sports_centre", "name": "YMCA" }, "amenity": null, "shop": null, "leisure": "sports_centre", "tourism": null, "office": null, "public_transport": null, "healthcare": null, "craft": null, "stations_in_radius": [ ], "stations_in_radius_dist_m": [ ], "poi_cluster": "recreation" }, "geometry": { "type": "Point", "coordinates": [ -80.8489498, 35.2175887 ] } },
{ "type": "Feature", "properties": { "osm_id": 1208412243, "name": null, "lat": 35.2210789, "lon": -80.8517063, "tags": { "access": "private", "layer": "1", "leisure": "swimming_pool", "location": "roof" }, "amenity": null, "shop": null, "leisure": "swimming_pool", "tourism": null, "office": null, "public_transport": null, "healthcare": null, "craft": null, "stations_in_radius": [ "Carson" ], "stations_in_radius_dist_m": [ 255.51 ], "poi_cluster": "recreation" }, "geometry": { "type": "Point", "coordinates": [ -80.8517063, 35.2210789 ] } },
{ "type": "Feature", "properties": { "osm_id": 1208412244, "name": null, "lat": 35.2210178, "lon": -80.8517652, "tags": { "access": "private", "layer": "1", "leisure": "swimming_pool", "location": "roof" }, "amenity": null, "shop": null, "leisure": "swimming_pool", "tourism": null, "office": null, "public_transport": null, "healthcare": null, "craft": null, "stations_in_radius": [ "Carson" ], "stations_in_radius_dist_m": [ 250.85 ], "poi_cluster": "recreation" }, "geometry": { "type": "Point", "coordinates": [ -80.8517652, 35.2210178 ] } },
{ "type": "Feature", "properties": { "osm_id": 1285294592, "name": null, "lat": 35.2197197, "lon": -80.8529832, "tags": { "leisure": "garden" }, "amenity": null, "shop": null, "leisure": "garden", "tourism": null, "office": null, "public_transport": null, "healthcare": null, "craft": null, "stations_in_radius": "['Carson' 'Bland']", "stations_in_radius_dist_m": "[216.49 479.35]", "poi_cluster": "recreation" }, "geometry": { "type": "Point", "coordinates": [ -80.8529832, 35.2197197 ] } },
{ "type": "Feature", "properties": { "osm_id": 1285294593, "name": null, "lat": 35.2196165, "lon": -80.852869, "tags": { "leisure": "garden" }, "amenity": null, "shop": null, "leisure": "garden", "tourism": null, "office": null, "public_transport": null, "healthcare": null, "craft": null, "stations_in_radius": "['Carson' 'Bland']", "stations_in_radius_dist_m": "[202.3 473.8]", "poi_cluster": "recreation" }, "geometry": { "type": "Point", "coordinates": [ -80.852869, 35.2196165 ] } },
{ "type": "Feature", "properties": { "osm_id": 1352816121, "name": null, "lat": 35.2175747, "lon": -80.8495239, "tags": { "leisure": "playground" }, "amenity": null, "shop": null, "leisure": "playground", "tourism": null, "office": null, "public_transport": null, "healthcare": null, "craft": null, "stations_in_radius": [ "Carson" ], "stations_in_radius_dist_m": [ 188.17 ], "poi_cluster": "recreation" }, "geometry": { "type": "Point", "coordinates": [ -80.8495239, 35.2175747 ] } },
{ "type": "Feature", "properties": { "osm_id": 1352819938, "name": "Edna's Porch", "lat": 35.2184107, "lon": -80.8517739, "tags": { "area": "yes", "artist_name": "David Furman", "artwork_type": "installation", "name": "Edna's Porch", "tourism": "artwork" }, "amenity": null, "shop": null, "leisure": null, "tourism": "artwork", "office": null, "public_transport": null, "healthcare": null, "craft": null, "stations_in_radius": [ ], "stations_in_radius_dist_m": [ ], "poi_cluster": "tourism" }, "geometry": { "type": "Point", "coordinates": [ -80.8517739, 35.2184107 ] } },
{ "type": "Feature", "properties": { "osm_id": 713125795, "name": "Regions 615", "lat": 35.2215063, "lon": -80.8481096, "tags": { "addr:city": "Charlotte", "addr:housenumber": "615", "addr:postcode": "28202", "addr:state": "NC", "addr:street": "South College Street", "air_conditioning": "yes", "building": "yes", "building:levels": "19", "height": "91", "layer": "1", "name": "Regions 615", "office": "company", "operator": "CBRE Global Investors", "website": "https://en.wikipedia.org/wiki/Regions_615", "wikidata": "Q29791440" }, "amenity": null, "shop": null, "leisure": null, "tourism": null, "office": "company", "public_transport": null, "healthcare": null, "craft": null, "stations_in_radius": [ "Brooklyn Village" ], "stations_in_radius_dist_m": [ 107.22 ], "poi_cluster": "office" }, "geometry": { "type": "Point", "coordinates": [ -80.8481096, 35.2215063 ] } },
{ "type": "Feature", "properties": { "osm_id": 2624953033, "name": "Carrabba's Italian Grill", "lat": 35.2139184, "lon": -80.8556348, "tags": { "addr:city": "Charlotte", "addr:country": "US", "addr:housenumber": "1520", "addr:postcode": "28203", "addr:state": "NC", "addr:street": "South Boulevard", "amenity": "restaurant", "brand": "Carrabba's Italian Grill", "brand:wikidata": "Q5045999", "cuisine": "italian", "name": "Carrabba's Italian Grill", "opening_hours": "Su-Th 11:00-22:00, Fr-Sa 11:00-23:00", "phone": "+1-704-377-2458", "website": "https://www.carrabbas.com/restaurant/locations/nc/charlotte/charlotte-south-end/index.aspx" }, "amenity": "restaurant", "shop": null, "leisure": null, "tourism": null, "office": null, "public_transport": null, "healthcare": null, "craft": null, "stations_in_radius": "['Bland' 'East/West']", "stations_in_radius_dist_m": "[214.44 389.44]", "poi_cluster": "food" }, "geometry": { "type": "Point", "coordinates": [ -80.8556348, 35.2139184 ] } },
{ "type": "Feature", "properties": { "osm_id": 4318400953, "name": "All American Pub", "lat": 35.2166374, "lon": -80.8543953, "tags": { "amenity": "restaurant", "name": "All American Pub" }, "amenity": "restaurant", "shop": null, "leisure": null, "tourism": null, "office": null, "public_transport": null, "healthcare": null, "craft": null, "stations_in_radius": [ ], "stations_in_radius_dist_m": [ ], "poi_cluster": "food" }, "geometry": { "type": "Point", "coordinates": [ -80.8543953, 35.2166374 ] } },
{ "type": "Feature", "properties": { "osm_id": 4318400955, "name": "Slate Billiards", "lat": 35.2162866, "lon": -80.8548377, "tags": { "amenity": "bar", "name": "Slate Billiards" }, "amenity": "bar", "shop": null, "leisure": null, "tourism": null, "office": null, "public_transport": null, "healthcare": null, "craft": null, "stations_in_radius": [ "Bland" ], "stations_in_radius_dist_m": [ 64.69 ], "poi_cluster": "nightlife" }, "geometry": { "type": "Point", "coordinates": [ -80.8548377, 35.2162866 ] } },
{ "type": "Feature", "properties": { "osm_id": 4318625926, "name": "Helles and Dunkel", "lat": 35.215734, "lon": -80.8532177, "tags": { "amenity": "bar", "name": "Helles and Dunkel" }, "amenity": "bar", "shop": null, "leisure": null, "tourism": null, "office": null, "public_transport": null, "healthcare": null, "craft": null, "stations_in_radius": [ "Bland" ], "stations_in_radius_dist_m": [ 188. ], "poi_cluster": "nightlife" }, "geometry": { "type": "Point", "coordinates": [ -80.8532177, 35.215734 ] } },
{ "type": "Feature", "properties": { "osm_id": 4318625927, "name": "Crispy Crepe", "lat": 35.2147961, "lon": -80.8546608, "tags": { "amenity": "restaurant", "name": "Crispy Crepe" }, "amenity": "restaurant", "shop": null, "leisure": null, "tourism": null, "office": null, "public_transport": null, "healthcare": null, "craft": null, "stations_in_radius": [ "Bland" ], "stations_in_radius_dist_m": [ 127.76 ], "poi_cluster": "food" }, "geometry": { "type": "Point", "coordinates": [ -80.8546608, 35.2147961 ] } },
{ "type": "Feature", "properties": { "osm_id": 5266162321, "name": "Leroy Fox Southend", "lat": 35.2139005, "lon": -80.8579383, "tags": { "amenity": "restaurant", "name": "Leroy Fox Southend" }, "amenity": "restaurant", "shop": null, "leisure": null, "tourism": null, "office": null, "public_transport": null, "healthcare": null, "craft": null, "stations_in_radius": "['East/West' 'Bland']", "stations_in_radius_dist_m": "[244.62 322.99]", "poi_cluster": "food" }, "geometry": { "type": "Point", "coordinates": [ -80.8579383, 35.2139005 ] } },
{ "type": "Feature", "properties": { "osm_id": 5266162322, "name": "Clean Juice", "lat": 35.2141008, "lon": -80.8577913, "tags": { "addr:city": "Charlotte", "addr:housenumber": "1616", "addr:postcode": "28203", "addr:state": "NC", "addr:street": "Camden Road", "addr:unit": "Suite 130", "amenity": "fast_food", "brand": "Clean Juice", "brand:wikidata": "Q60775550", "cuisine": "juice", "name": "Clean Juice", "takeaway": "yes" }, "amenity": "fast_food", "shop": null, "leisure": null, "tourism": null, "office": null, "public_transport": null, "healthcare": null, "craft": null, "stations_in_radius": "['East/West' 'Bland']", "stations_in_radius_dist_m": "[270.5  298.35]", "poi_cluster": "food" }, "geometry": { "type": "Point", "coordinates": [ -80.8577913, 35.2141008 ] } },
{ "type": "Feature", "properties": { "osm_id": 5266162323, "name": "Sabor", "lat": 35.2142154, "lon": -80.8577072, "tags": { "amenity": "restaurant", "name": "Sabor" }, "amenity": "restaurant", "shop": null, "leisure": null, "tourism": null, "office": null, "public_transport": null, "healthcare": null, "craft": null, "stations_in_radius": "['Bland' 'East/West']", "stations_in_radius_dist_m": "[284.36 285.31]", "poi_cluster": "food" }, "geometry": { "type": "Point", "coordinates": [ -80.8577072, 35.2142154 ] } },
{ "type": "Feature", "properties": { "osm_id": 5266164481, "name": "The UPS Store", "lat": 35.2125724, "lon": -80.8591845, "tags": { "amenity": "post_office", "brand": "The UPS Store", "brand:short": "UPS", "brand:wikidata": "Q7771029", "name": "The UPS Store", "shop": "copyshop", "short_name": "UPS" }, "amenity": "post_office", "shop": "copyshop", "leisure": null, "tourism": null, "office": null, "public_transport": null, "healthcare": null, "craft": null, "stations_in_radius": "['East/West' 'Bland']", "stations_in_radius_dist_m": "[ 70.15 506.75]", "poi_cluster": "errand" }, "geometry": { "type": "Point", "coordinates": [ -80.8591845, 35.2125724 ] } },
{ "type": "Feature", "properties": { "osm_id": 5613888340, "name": "Sushi Taku", "lat": 35.2161201, "lon": -80.8527262, "tags": { "addr:city": "Charlotte", "addr:housenumber": "1300", "addr:postcode": "28203", "addr:state": "NC", "addr:street": "South Boulevard", "addr:unit": "101", "amenity": "restaurant", "cuisine": "sushi", "name": "Sushi Taku", "phone": "+1-980-207-2302", "website": "https://www.sushitaku.com" }, "amenity": "restaurant", "shop": null, "leisure": null, "tourism": null, "office": null, "public_transport": null, "healthcare": null, "craft": null, "stations_in_radius": [ "Bland" ], "stations_in_radius_dist_m": [ 234.64 ], "poi_cluster": "food" }, "geometry": { "type": "Point", "coordinates": [ -80.8527262, 35.2161201 ] } },
{ "type": "Feature", "properties": { "osm_id": 6532463480, "name": "Einstein Bros. Bagels", "lat": 35.2141684, "lon": -80.8545533, "tags": { "addr:city": "Charlotte", "addr:housenumber": "1501", "addr:postcode": "28203", "addr:state": "NC", "addr:street": "South Boulevard", "alt_name": "Einstein Brothers Bagels", "amenity": "fast_food", "branch": "Charlotte", "brand": "Einstein Bros. Bagels", "brand:wikidata": "Q5349788", "cuisine": "bagel", "name": "Einstein Bros. Bagels", "opening_hours": "Mo-Fr 05:30-15:00; Sa-Su 06:00-15:00", "phone": "+1 704-333-4370", "takeaway": "yes", "website": "https://locations.einsteinbros.com/us/nc/charlotte/1501-south-blvd" }, "amenity": "fast_food", "shop": null, "leisure": null, "tourism": null, "office": null, "public_transport": null, "healthcare": null, "craft": null, "stations_in_radius": [ "Bland" ], "stations_in_radius_dist_m": [ 195.78 ], "poi_cluster": "food" }, "geometry": { "type": "Point", "coordinates": [ -80.8545533, 35.2141684 ] } },
{ "type": "Feature", "properties": { "osm_id": 11106094022, "name": "Fifth Third Bank", "lat": 35.2124904, "lon": -80.8590705, "tags": { "amenity": "bank", "brand": "Fifth Third Bank", "brand:wikidata": "Q1411810", "name": "Fifth Third Bank", "short_name": "5/3 Bank" }, "amenity": "bank", "shop": null, "leisure": null, "tourism": null, "office": null, "public_transport": null, "healthcare": null, "craft": null, "stations_in_radius": "['East/West' 'Bland']", "stations_in_radius_dist_m": "[ 61.71 506.15]", "poi_cluster": "errand" }, "geometry": { "type": "Point", "coordinates": [ -80.8590705, 35.2124904 ] } },
{ "type": "Feature", "properties": { "osm_id": 11289651371, "name": "STIR", "lat": 35.2170892, "lon": -80.8555008, "tags": { "addr:city": "Charlotte", "addr:housenumber": "1422", "addr:postcode": "28203", "addr:state": "NC", "addr:street": "South Tryon Street", "addr:unit": "Suite 130", "amenity": "restaurant", "cuisine": "american", "name": "STIR", "phone": "+19802090277", "website": "https://stircharlotte.com/" }, "amenity": "restaurant", "shop": null, "leisure": null, "tourism": null, "office": null, "public_transport": null, "healthcare": null, "craft": null, "stations_in_radius": [ "Bland" ], "stations_in_radius_dist_m": [ 141.08 ], "poi_cluster": "food" }, "geometry": { "type": "Point", "coordinates": [ -80.8555008, 35.2170892 ] } },
{ "type": "Feature", "properties": { "osm_id": 11289651372, "name": "North Italia", "lat": 35.217342, "lon": -80.855256, "tags": { "addr:housenumber": "1414", "addr:street": "South Tryon Street", "addr:unit": "Suite 140", "amenity": "restaurant", "cuisine": "italian", "name": "North Italia", "opening_hours": "Mo-Th 11:00-22:00; Fr 11:00-23:00; Sa 10:00-23:00; Su 10:00-22:00", "phone": "+19802798900", "website": "https://www.northitalia.com/locations/charlotte-nc/" }, "amenity": "restaurant", "shop": null, "leisure": null, "tourism": null, "office": null, "public_transport": null, "healthcare": null, "craft": null, "stations_in_radius": [ "Bland" ], "stations_in_radius_dist_m": [ 167.7 ], "poi_cluster": "food" }, "geometry": { "type": "Point", "coordinates": [ -80.855256, 35.217342 ] } },
{ "type": "Feature", "properties": { "osm_id": 11289651373, "name": "Vitality Bowls", "lat": 35.2175765, "lon": -80.8551458, "tags": { "addr:city": "Charlotte", "addr:housenumber": "1414", "addr:postcode": "28203", "addr:state": "NC", "addr:street": "South Tryon Street", "addr:unit": "Suite 150", "amenity": "restaurant", "name": "Vitality Bowls", "phone": "+1-704-900-7745", "website": "https://vitalitybowls.com/locations/charlotte-acai-bowls" }, "amenity": "restaurant", "shop": null, "leisure": null, "tourism": null, "office": null, "public_transport": null, "healthcare": null, "craft": null, "stations_in_radius": [ "Bland" ], "stations_in_radius_dist_m": [ 194.07 ], "poi_cluster": "food" }, "geometry": { "type": "Point", "coordinates": [ -80.8551458, 35.2175765 ] } },
{ "type": "Feature", "properties": { "osm_id": 11291263920, "name": "Amos' Southend", "lat": 35.2167787, "lon": -80.8551643, "tags": { "amenity": "music_venue", "name": "Amos' Southend" }, "amenity": "music_venue", "shop": null, "leisure": null, "tourism": null, "office": null, "public_transport": null, "healthcare": null, "craft": null, "stations_in_radius": [ "Bland" ], "stations_in_radius_dist_m": [ 105.74 ], "poi_cluster": "nightlife" }, "geometry": { "type": "Point", "coordinates": [ -80.8551643, 35.2167787 ] } },
{ "type": "Feature", "properties": { "osm_id": 11291317375, "name": "Brigid's Irish Pub", "lat": 35.2163724, "lon": -80.8561116, "tags": { "addr:city": "Charlotte", "addr:housenumber": "1440", "addr:postcode": "28203", "addr:state": "NC", "addr:street": "South Tryon Street", "addr:unit": "Suite 101", "amenity": "pub", "name": "Brigid's Irish Pub", "phone": "+1-704-703-6679", "theme": "irish", "website": "https://www.micarinoclt.com/" }, "amenity": "pub", "shop": null, "leisure": null, "tourism": null, "office": null, "public_transport": null, "healthcare": null, "craft": null, "stations_in_radius": "['Bland' 'East/West']", "stations_in_radius_dist_m": "[ 96.68 564.9 ]", "poi_cluster": "nightlife" }, "geometry": { "type": "Point", "coordinates": [ -80.8561116, 35.2163724 ] } },
{ "type": "Feature", "properties": { "osm_id": 11291317376, "name": "Mi Cariño", "lat": 35.2162826, "lon": -80.8562065, "tags": { "addr:city": "Charlotte", "addr:housenumber": "1440", "addr:postcode": "28203", "addr:state": "NC", "addr:street": "South Tryon Street", "addr:unit": "Suite 100", "amenity": "restaurant", "bar": "yes", "cocktails": "yes", "cuisine": "mexican", "drink:mezcal": "yes", "name": "Mi Cariño", "opening_hours": "closed", "phone": "+19808195913", "website:menu": "http://places.singleplatform.com/vana/menu?ref=google" }, "amenity": "restaurant", "shop": null, "leisure": null, "tourism": null, "office": null, "public_transport": null, "healthcare": null, "craft": null, "stations_in_radius": "['Bland' 'East/West']", "stations_in_radius_dist_m": "[ 98.13 551.98]", "poi_cluster": "food" }, "geometry": { "type": "Point", "coordinates": [ -80.8562065, 35.2162826 ] } },
{ "type": "Feature", "properties": { "osm_id": 11291317378, "name": "VINYL", "lat": 35.2165334, "lon": -80.8565696, "tags": { "addr:city": "Charlotte", "addr:housenumber": "1440", "addr:postcode": "28203", "addr:state": "NC", "addr:street": "South Tryon Street", "addr:unit": "Suite 105", "amenity": "bar", "name": "VINYL", "phone": "+19802373893", "website": "https://www.vinylclt.com/", "website:menu": "https://uploads-ssl.webflow.com/610c34d6017b4c15140361e2/62697db84ef668039fbd65e6_Vinyl_Menu%20(4_27_22).pdf" }, "amenity": "bar", "shop": null, "leisure": null, "tourism": null, "office": null, "public_transport": null, "healthcare": null, "craft": null, "stations_in_radius": [ "Bland" ], "stations_in_radius_dist_m": [ 140.93 ], "poi_cluster": "nightlife" }, "geometry": { "type": "Point", "coordinates": [ -80.8565696, 35.2165334 ] } },
{ "type": "Feature", "properties": { "osm_id": 11483254445, "name": "Condado Tacos", "lat": 35.2152515, "lon": -80.8567631, "tags": { "amenity": "restaurant", "brand": "Condado Tacos", "brand:wikidata": "Q118640152", "cuisine": "mexican", "name": "Condado Tacos" }, "amenity": "restaurant", "shop": null, "leisure": null, "tourism": null, "office": null, "public_transport": null, "healthcare": null, "craft": null, "stations_in_radius": "['Bland' 'East/West']", "stations_in_radius_dist_m": "[149.45 427.62]", "poi_cluster": "food" }, "geometry": { "type": "Point", "coordinates": [ -80.8567631, 35.2152515 ] } },
{ "type": "Feature", "properties": { "osm_id": 11483254447, "name": "Sushi Hana", "lat": 35.2156979, "lon": -80.8567804, "tags": { "amenity": "restaurant", "cuisine": "sushi", "name": "Sushi Hana", "website": "https://sushihanaclt.com=" }, "amenity": "restaurant", "shop": null, "leisure": null, "tourism": null, "office": null, "public_transport": null, "healthcare": null, "craft": null, "stations_in_radius": [ "Bland" ], "stations_in_radius_dist_m": [ 137.34 ], "poi_cluster": "food" }, "geometry": { "type": "Point", "coordinates": [ -80.8567804, 35.2156979 ] } },
{ "type": "Feature", "properties": { "osm_id": 11483254448, "name": "Hawthorne's NY Pizza & Bar", "lat": 35.2152861, "lon": -80.8577064, "tags": { "addr:city": "Charlotte", "addr:housenumber": "1515", "addr:postcode": "28203", "addr:state": "NC", "addr:street": "South Tryon Street", "addr:unit": "104", "amenity": "restaurant", "cuisine": "pizza", "name": "Hawthorne's NY Pizza & Bar", "opening_hours": "Tu-Th 11:00-21:00; Fr-Sa 11:00-22:00; Su 11:00-21:00", "phone": "+1-866-799-8014", "website": "https://pizzacharlottenc.com" }, "amenity": "restaurant", "shop": null, "leisure": null, "tourism": null, "office": null, "public_transport": null, "healthcare": null, "craft": null, "stations_in_radius": "['Bland' 'East/West']", "stations_in_radius_dist_m": "[228.92 394.27]", "poi_cluster": "food" }, "geometry": { "type": "Point", "coordinates": [ -80.8577064, 35.2152861 ] } },
{ "type": "Feature", "properties": { "osm_id": 11483254449, "name": "The Salty Donut", "lat": 35.214926, "lon": -80.8570236, "tags": { "amenity": "fast_food", "cuisine": "donut", "name": "The Salty Donut", "website": "https://www.saltydonut.com/locations/south-end" }, "amenity": "fast_food", "shop": null, "leisure": null, "tourism": null, "office": null, "public_transport": null, "healthcare": null, "craft": null, "stations_in_radius": "['Bland' 'East/West']", "stations_in_radius_dist_m": "[187.7  384.48]", "poi_cluster": "food" }, "geometry": { "type": "Point", "coordinates": [ -80.8570236, 35.214926 ] } },
{ "type": "Feature", "properties": { "osm_id": 11649773957, "name": "PIE.ZAA", "lat": 35.2163673, "lon": -80.8563374, "tags": { "addr:city": "Charlotte", "addr:housenumber": "1440", "addr:postcode": "28203", "addr:state": "NC", "addr:street": "South Tryon Street", "addr:unit": "Suite 103", "amenity": "restaurant", "cuisine": "pizza", "name": "PIE.ZAA", "opening_hours": "Mo 16:00-01:00; Tu-Th 11:00-01:00; Fr-Sa 11:00-02:00; Su 11:00-01:00", "phone": "+1-704-964-6645", "website": "https://www.piezaapizza.com/" }, "amenity": "restaurant", "shop": null, "leisure": null, "tourism": null, "office": null, "public_transport": null, "healthcare": null, "craft": null, "stations_in_radius": "['Bland' 'East/West']", "stations_in_radius_dist_m": "[113.19 554.56]", "poi_cluster": "food" }, "geometry": { "type": "Point", "coordinates": [ -80.8563374, 35.2163673 ] } },
{ "type": "Feature", "properties": { "osm_id": 11654772727, "name": "Surreal Creamery", "lat": 35.2171118, "lon": -80.8559647, "tags": { "amenity": "ice_cream", "name": "Surreal Creamery" }, "amenity": "ice_cream", "shop": null, "leisure": null, "tourism": null, "office": null, "public_transport": null, "healthcare": null, "craft": null, "stations_in_radius": [ "Bland" ], "stations_in_radius_dist_m": [ 155.21 ], "poi_cluster": "food" }, "geometry": { "type": "Point", "coordinates": [ -80.8559647, 35.2171118 ] } },
{ "type": "Feature", "properties": { "osm_id": 11654772730, "name": "Rhino Market & Deli", "lat": 35.2175718, "lon": -80.8555936, "tags": { "amenity": "fast_food", "cuisine": "sandwich", "name": "Rhino Market & Deli" }, "amenity": "fast_food", "shop": null, "leisure": null, "tourism": null, "office": null, "public_transport": null, "healthcare": null, "craft": null, "stations_in_radius": [ "Bland" ], "stations_in_radius_dist_m": [ 195.26 ], "poi_cluster": "food" }, "geometry": { "type": "Point", "coordinates": [ -80.8555936, 35.2175718 ] } },
{ "type": "Feature", "properties": { "osm_id": 11923121748, "name": "Waterbean Coffee", "lat": 35.2195882, "lon": -80.8538419, "tags": { "addr:city": "Charlotte", "addr:housenumber": "300", "addr:postcode": "28202", "addr:state": "NC", "addr:street": "South Tryon Street", "addr:unit": "Suite 150", "amenity": "cafe", "cuisine": "coffee_shop", "name": "Waterbean Coffee", "website": "https://www.waterbean.coffee" }, "amenity": "cafe", "shop": null, "leisure": null, "tourism": null, "office": null, "public_transport": null, "healthcare": null, "craft": null, "stations_in_radius": [ "Bland" ], "stations_in_radius_dist_m": [ 436.85 ], "poi_cluster": "food" }, "geometry": { "type": "Point", "coordinates": [ -80.8538419, 35.2195882 ] } },
{ "type": "Feature", "properties": { "osm_id": 11923121750, "name": "Dram & Draught", "lat": 35.2186687, "lon": -80.853909, "tags": { "addr:city": "Charlotte", "addr:housenumber": "1220", "addr:postcode": "28203", "addr:state": "NC", "addr:street": "South Tryon Street", "amenity": "bar", "name": "Dram & Draught", "website": "https://www.dramanddraught.com" }, "amenity": "bar", "shop": null, "leisure": null, "tourism": null, "office": null, "public_transport": null, "healthcare": null, "craft": null, "stations_in_radius": [ "Bland" ], "stations_in_radius_dist_m": [ 338.64 ], "poi_cluster": "nightlife" }, "geometry": { "type": "Point", "coordinates": [ -80.853909, 35.2186687 ] } },
{ "type": "Feature", "properties": { "osm_id": 11942940798, "name": "The Rose Honky Tonk", "lat": 35.2163615, "lon": -80.8547283, "tags": { "addr:city": "Charlotte", "addr:housenumber": "200", "addr:postcode": "28203", "addr:state": "NC", "addr:street": "East Bland Street", "amenity": "bar", "contact:facebook": "https://www.facebook.com/TheRoseHonkyTonkBar", "name": "The Rose Honky Tonk", "phone": "+1-704-372-5255" }, "amenity": "bar", "shop": null, "leisure": null, "tourism": null, "office": null, "public_transport": null, "healthcare": null, "craft": null, "stations_in_radius": [ "Bland" ], "stations_in_radius_dist_m": [ 77.43 ], "poi_cluster": "nightlife" }, "geometry": { "type": "Point", "coordinates": [ -80.8547283, 35.2163615 ] } },
{ "type": "Feature", "properties": { "osm_id": 11942940799, "name": "Muraya", "lat": 35.2167443, "lon": -80.8542917, "tags": { "addr:city": "Charlotte", "addr:housenumber": "200", "addr:postcode": "28203", "addr:state": "NC", "addr:street": "East Bland Street", "amenity": "restaurant", "email": "info@murayarestaurant.com", "name": "Muraya", "phone": "+1-704-333-8226", "website": "https://murayarestaurant.com" }, "amenity": "restaurant", "shop": null, "leisure": null, "tourism": null, "office": null, "public_transport": null, "healthcare": null, "craft": null, "stations_in_radius": [ "Bland" ], "stations_in_radius_dist_m": [ 135.54 ], "poi_cluster": "food" }, "geometry": { "type": "Point", "coordinates": [ -80.8542917, 35.2167443 ] } },
{ "type": "Feature", "properties": { "osm_id": 11978677054, "name": "Morella", "lat": 35.2181553, "lon": -80.8560829, "tags": { "addr:city": "Charlotte", "addr:housenumber": "1425", "addr:postcode": "28203", "addr:state": "NC", "addr:street": "Winnifred Street", "addr:unit": "104", "amenity": "ice_cream", "name": "Morella", "phone": "+19802379626", "website": "https://www.paletasmorelia.com" }, "amenity": "ice_cream", "shop": null, "leisure": null, "tourism": null, "office": null, "public_transport": null, "healthcare": null, "craft": null, "stations_in_radius": [ "Bland" ], "stations_in_radius_dist_m": [ 268.03 ], "poi_cluster": "food" }, "geometry": { "type": "Point", "coordinates": [ -80.8560829, 35.2181553 ] } },
{ "type": "Feature", "properties": { "osm_id": 11978677057, "name": "YAY Yogurt and Yuca", "lat": 35.2174597, "lon": -80.8564688, "tags": { "addr:city": "Charlotte", "addr:housenumber": "1425", "addr:postcode": "28203", "addr:state": "NC", "addr:street": "Winnifred Street", "addr:unit": "116", "amenity": "ice_cream", "cuisine": "frozen_yogurt", "name": "YAY Yogurt and Yuca", "website": "https://yogurtyay.com" }, "amenity": "ice_cream", "shop": null, "leisure": null, "tourism": null, "office": null, "public_transport": null, "healthcare": null, "craft": null, "stations_in_radius": [ "Bland" ], "stations_in_radius_dist_m": [ 210.64 ], "poi_cluster": "food" }, "geometry": { "type": "Point", "coordinates": [ -80.8564688, 35.2174597 ] } },
{ "type": "Feature", "properties": { "osm_id": 12696851040, "name": "Ilios Crafted Greek", "lat": 35.2177542, "lon": -80.8586226, "tags": { "addr:city": "Charlotte", "addr:housenumber": "1514", "addr:postcode": "28203", "addr:state": "NC", "addr:street": "South Church Street", "amenity": "restaurant", "cuisine": "greek", "name": "Ilios Crafted Greek", "website": "https://ilioscraftedgreek.com" }, "amenity": "restaurant", "shop": null, "leisure": null, "tourism": null, "office": null, "public_transport": null, "healthcare": null, "craft": null, "stations_in_radius": [ "Bland" ], "stations_in_radius_dist_m": [ 371.59 ], "poi_cluster": "food" }, "geometry": { "type": "Point", "coordinates": [ -80.8586226, 35.2177542 ] } },
{ "type": "Feature", "properties": { "osm_id": 12861799855, "name": "Babaloo Coffee Club", "lat": 35.2174421, "lon": -80.8564416, "tags": { "addr:city": "Charlotte", "addr:housenumber": "1425", "addr:postcode": "28203", "addr:state": "NC", "addr:street": "Winnifred Street", "addr:unit": "117", "amenity": "cafe", "cuisine": "coffee_shop", "name": "Babaloo Coffee Club" }, "amenity": "cafe", "shop": null, "leisure": null, "tourism": null, "office": null, "public_transport": null, "healthcare": null, "craft": null, "stations_in_radius": [ "Bland" ], "stations_in_radius_dist_m": [ 207.7 ], "poi_cluster": "food" }, "geometry": { "type": "Point", "coordinates": [ -80.8564416, 35.2174421 ] } },
{ "type": "Feature", "properties": { "osm_id": 12958734947, "name": "Two Scoops Creamery", "lat": 35.2141663, "lon": -80.8577433, "tags": { "addr:city": "Charlotte", "addr:housenumber": "1616", "addr:postcode": "28203", "addr:state": "NC", "addr:street": "Camden Road", "addr:unit": "100", "amenity": "ice_cream", "name": "Two Scoops Creamery", "phone": "+1-980-237-2149", "website": "https://twoscoopscreamery.com" }, "amenity": "ice_cream", "shop": null, "leisure": null, "tourism": null, "office": null, "public_transport": null, "healthcare": null, "craft": null, "stations_in_radius": "['East/West' 'Bland']", "stations_in_radius_dist_m": "[278.96 290.35]", "poi_cluster": "food" }, "geometry": { "type": "Point", "coordinates": [ -80.8577433, 35.2141663 ] } },
{ "type": "Feature", "properties": { "osm_id": 12958734970, "name": "Tutti Gelato", "lat": 35.2136388, "lon": -80.8581241, "tags": { "amenity": "ice_cream", "name": "Tutti Gelato", "website": "https://www.tuttigelatousa.com" }, "amenity": "ice_cream", "shop": null, "leisure": null, "tourism": null, "office": null, "public_transport": null, "healthcare": null, "craft": null, "stations_in_radius": "['East/West' 'Bland']", "stations_in_radius_dist_m": "[211.08 355.04]", "poi_cluster": "food" }, "geometry": { "type": "Point", "coordinates": [ -80.8581241, 35.2136388 ] } },
{ "type": "Feature", "properties": { "osm_id": 13115252246, "name": "Folia", "lat": 35.2163198, "lon": -80.8562734, "tags": { "addr:city": "Charlotte", "addr:housenumber": "1440", "addr:postcode": "28203", "addr:state": "NC", "addr:street": "South Tryon Street", "addr:unit": "102", "amenity": "bar", "name": "Folia", "website": "https://www.foliaclt.com" }, "amenity": "bar", "shop": null, "leisure": null, "tourism": null, "office": null, "public_transport": null, "healthcare": null, "craft": null, "stations_in_radius": "['Bland' 'East/West']", "stations_in_radius_dist_m": "[105.47 552.65]", "poi_cluster": "nightlife" }, "geometry": { "type": "Point", "coordinates": [ -80.8562734, 35.2163198 ] } },
{ "type": "Feature", "properties": { "osm_id": 13131717115, "name": null, "lat": 35.2163324, "lon": -80.8571515, "tags": { "amenity": "waste_disposal" }, "amenity": "waste_disposal", "shop": null, "leisure": null, "tourism": null, "office": null, "public_transport": null, "healthcare": null, "craft": null, "stations_in_radius": [ "Bland" ], "stations_in_radius_dist_m": [ 179.21 ], "poi_cluster": "errand" }, "geometry": { "type": "Point", "coordinates": [ -80.8571515, 35.2163324 ] } },
{ "type": "Feature", "properties": { "osm_id": 13134650026, "name": "Passport Health South End, Charlotte Travel Clinic", "lat": 35.2141092, "lon": -80.855411, "tags": { "addr:city": "Charlotte", "addr:housenumber": "1520", "addr:postcode": "28203", "addr:state": "NC", "addr:street": "South Boulevard", "addr:unit": "220", "amenity": "clinic", "healthcare": "clinic", "healthcare:speciality": "travel_clinic;vaccination", "name": "Passport Health South End, Charlotte Travel Clinic", "operator": "Passport Health", "operator:type": "private", "operator:wikidata": "Q30270336" }, "amenity": "clinic", "shop": null, "leisure": null, "tourism": null, "office": null, "public_transport": null, "healthcare": "clinic", "craft": null, "stations_in_radius": "['Bland' 'East/West']", "stations_in_radius_dist_m": "[191.21 418.24]", "poi_cluster": "healthcare" }, "geometry": { "type": "Point", "coordinates": [ -80.855411, 35.2141092 ] } },
{ "type": "Feature", "properties": { "osm_id": 13179448582, "name": "La Lima Sangucheria", "lat": 35.2140081, "lon": -80.8558305, "tags": { "amenity": "restaurant", "cuisine": "sandwich", "name": "La Lima Sangucheria", "website": "https://www.lalimasangucheria.com" }, "amenity": "restaurant", "shop": null, "leisure": null, "tourism": null, "office": null, "public_transport": null, "healthcare": null, "craft": null, "stations_in_radius": "['Bland' 'East/West']", "stations_in_radius_dist_m": "[208.17 380.77]", "poi_cluster": "food" }, "geometry": { "type": "Point", "coordinates": [ -80.8558305, 35.2140081 ] } },
{ "type": "Feature", "properties": { "osm_id": 13179555394, "name": "Golden Cow Creamery", "lat": 35.2175414, "lon": -80.8578321, "tags": { "amenity": "ice_cream", "name": "Golden Cow Creamery" }, "amenity": "ice_cream", "shop": null, "leisure": null, "tourism": null, "office": null, "public_transport": null, "healthcare": null, "craft": null, "stations_in_radius": [ "Bland" ], "stations_in_radius_dist_m": [ 299.95 ], "poi_cluster": "food" }, "geometry": { "type": "Point", "coordinates": [ -80.8578321, 35.2175414 ] } },
{ "type": "Feature", "properties": { "osm_id": 13278575337, "name": "Fresh Monkee", "lat": 35.2175735, "lon": -80.8566277, "tags": { "addr:city": "Charlotte", "addr:housenumber": "1425", "addr:postcode": "28203", "addr:state": "NC", "addr:street": "Winnifred Street", "addr:unit": "114", "amenity": "fast_food", "cuisine": "juice", "name": "Fresh Monkee", "website": "https://freshmonkee.com" }, "amenity": "fast_food", "shop": null, "leisure": null, "tourism": null, "office": null, "public_transport": null, "healthcare": null, "craft": null, "stations_in_radius": [ "Bland" ], "stations_in_radius_dist_m": [ 228.98 ], "poi_cluster": "food" }, "geometry": { "type": "Point", "coordinates": [ -80.8566277, 35.2175735 ] } },
{ "type": "Feature", "properties": { "osm_id": 13290051209, "name": "Oaklore Bar & Bottle Shop", "lat": 35.2181333, "lon": -80.855914, "tags": { "addr:housenumber": "1425", "addr:street": "Winnifred Street", "addr:unit": "103", "amenity": "bar", "name": "Oaklore Bar & Bottle Shop" }, "amenity": "bar", "shop": null, "leisure": null, "tourism": null, "office": null, "public_transport": null, "healthcare": null, "craft": null, "stations_in_radius": [ "Bland" ], "stations_in_radius_dist_m": [ 261.87 ], "poi_cluster": "nightlife" }, "geometry": { "type": "Point", "coordinates": [ -80.855914, 35.2181333 ] } },
{ "type": "Feature", "properties": { "osm_id": 13290051211, "name": "Bulldog Taproom/Social", "lat": 35.2176332, "lon": -80.8571544, "tags": { "amenity": "bar", "name": "Bulldog Taproom/Social" }, "amenity": "bar", "shop": null, "leisure": null, "tourism": null, "office": null, "public_transport": null, "healthcare": null, "craft": null, "stations_in_radius": [ "Bland" ], "stations_in_radius_dist_m": [ 262.85 ], "poi_cluster": "nightlife" }, "geometry": { "type": "Point", "coordinates": [ -80.8571544, 35.2176332 ] } },
{ "type": "Feature", "properties": { "osm_id": 315335377, "name": "Lincoln Street Kitchen & Cocktails", "lat": 35.2200217, "lon": -80.8568645, "tags": { "addr:city": "Charlotte", "addr:housenumber": "309", "addr:postcode": "28203", "addr:state": "NC", "addr:street": "Lincoln Street", "amenity": "restaurant", "building": "yes", "building:levels": "2", "name": "Lincoln Street Kitchen & Cocktails" }, "amenity": "restaurant", "shop": null, "leisure": null, "tourism": null, "office": null, "public_transport": null, "healthcare": null, "craft": null, "stations_in_radius": [ ], "stations_in_radius_dist_m": [ ], "poi_cluster": "food" }, "geometry": { "type": "Point", "coordinates": [ -80.8568645, 35.2200217 ] } },
{ "type": "Feature", "properties": { "osm_id": 315335644, "name": "Seoul Food Meat Co.", "lat": 35.2192467, "lon": -80.8576451, "tags": { "addr:city": "Charlotte", "addr:housenumber": "1400", "addr:postcode": "28203", "addr:state": "NC", "addr:street": "South Church Street", "amenity": "restaurant", "building": "yes", "building:levels": "1", "cuisine": "korean;barbecue", "name": "Seoul Food Meat Co.", "outdoor_seating": "yes", "smoking": "outside" }, "amenity": "restaurant", "shop": null, "leisure": null, "tourism": null, "office": null, "public_transport": null, "healthcare": null, "craft": null, "stations_in_radius": [ "Bland" ], "stations_in_radius_dist_m": [ 435.78 ], "poi_cluster": "food" }, "geometry": { "type": "Point", "coordinates": [ -80.8576451, 35.2192467 ] } },
{ "type": "Feature", "properties": { "osm_id": 394430311, "name": "Flower Child", "lat": 35.2150607, "lon": -80.8564915, "tags": { "amenity": "restaurant", "building": "yes", "name": "Flower Child" }, "amenity": "restaurant", "shop": null, "leisure": null, "tourism": null, "office": null, "public_transport": null, "healthcare": null, "craft": null, "stations_in_radius": "['Bland' 'East/West']", "stations_in_radius_dist_m": "[139.41 423.33]", "poi_cluster": "food" }, "geometry": { "type": "Point", "coordinates": [ -80.8564915, 35.2150607 ] } },
{ "type": "Feature", "properties": { "osm_id": 432915320, "name": "Concentra Urgent Care", "lat": 35.213569, "lon": -80.8562927, "tags": { "addr:city": "Charlotte", "addr:housenumber": "1614", "addr:postcode": "28203", "addr:state": "NC", "addr:street": "South Boulevard", "amenity": "clinic", "building": "yes", "healthcare": "clinic", "name": "Concentra Urgent Care", "operator": "Concentra", "operator:wikidata": "Q5158304" }, "amenity": "clinic", "shop": null, "leisure": null, "tourism": null, "office": null, "public_transport": null, "healthcare": "clinic", "craft": null, "stations_in_radius": "['Bland' 'East/West']", "stations_in_radius_dist_m": "[267.15 318.15]", "poi_cluster": "healthcare" }, "geometry": { "type": "Point", "coordinates": [ -80.8562927, 35.213569 ] } },
{ "type": "Feature", "properties": { "osm_id": 432937714, "name": "Wells Fargo", "lat": 35.212793, "lon": -80.8560566, "tags": { "amenity": "bank", "atm": "yes", "brand": "Wells Fargo", "brand:wikidata": "Q744149", "building": "commercial", "drive_through": "yes", "name": "Wells Fargo" }, "amenity": "bank", "shop": null, "leisure": null, "tourism": null, "office": null, "public_transport": null, "healthcare": null, "craft": null, "stations_in_radius": "['East/West' 'Bland']", "stations_in_radius_dist_m": "[298.74 344.14]", "poi_cluster": "errand" }, "geometry": { "type": "Point", "coordinates": [ -80.8560566, 35.212793 ] } },
{ "type": "Feature", "properties": { "osm_id": 432937716, "name": "Sandwich Max", "lat": 35.2133927, "lon": -80.8554999, "tags": { "addr:country": "US", "addr:housenumber": "1601", "addr:postcode": "28203", "addr:state": "NC", "addr:street": "South Boulevard", "amenity": "fast_food", "building": "commercial", "cuisine": "sandwich", "name": "Sandwich Max" }, "amenity": "fast_food", "shop": null, "leisure": null, "tourism": null, "office": null, "public_transport": null, "healthcare": null, "craft": null, "stations_in_radius": "['Bland' 'East/West']", "stations_in_radius_dist_m": "[271.04 370.86]", "poi_cluster": "food" }, "geometry": { "type": "Point", "coordinates": [ -80.8554999, 35.2133927 ] } },
{ "type": "Feature", "properties": { "osm_id": 432937727, "name": "CVS Pharmacy", "lat": 35.2137137, "lon": -80.8551063, "tags": { "amenity": "pharmacy", "brand": "CVS Pharmacy", "brand:website": "https://www.cvs.com/", "brand:wikidata": "Q2078880", "building": "yes", "dispensing": "yes", "healthcare": "pharmacy", "name": "CVS Pharmacy", "short_name": "CVS", "website": "https://www.cvs.com/store-locator/charlotte-nc-pharmacies/1533-south-blvd-charlotte-nc-28203/storeid=3185" }, "amenity": "pharmacy", "shop": null, "leisure": null, "tourism": null, "office": null, "public_transport": null, "healthcare": "pharmacy", "craft": null, "stations_in_radius": "['Bland' 'East/West']", "stations_in_radius_dist_m": "[235.23 418.91]", "poi_cluster": "healthcare" }, "geometry": { "type": "Point", "coordinates": [ -80.8551063, 35.2137137 ] } },
{ "type": "Feature", "properties": { "osm_id": 432937734, "name": "The Gin Mill", "lat": 35.2167099, "lon": -80.8551358, "tags": { "addr:city": "Charlotte", "addr:housenumber": "1423", "addr:postcode": "28203", "addr:state": "NC", "addr:street": "South Tryon Street", "amenity": "bar", "building": "yes", "name": "The Gin Mill", "opening_hours": "Tu-Fr 16:00-21:00; Sa-Su 12:00-21:00", "phone": "+1-704-373-0782", "website": "https://ginmillsouthend.com/" }, "amenity": "bar", "shop": null, "leisure": null, "tourism": null, "office": null, "public_transport": null, "healthcare": null, "craft": null, "stations_in_radius": [ "Bland" ], "stations_in_radius_dist_m": [ 98.46 ], "poi_cluster": "nightlife" }, "geometry": { "type": "Point", "coordinates": [ -80.8551358, 35.2167099 ] } },
{ "type": "Feature", "properties": { "osm_id": 432937735, "name": "Tavern On The Tracks", "lat": 35.2169331, "lon": -80.8548131, "tags": { "addr:city": "Charlotte", "addr:housenumber": "1411", "addr:postcode": "28203", "addr:state": "NC", "addr:street": "South Tryon Street", "amenity": "restaurant", "building": "yes", "name": "Tavern On The Tracks", "opening_hours": "Mo-Su 11:00-02:00", "phone": "+1-704-372-0782", "website": "https://tavernonthetracks.com/" }, "amenity": "restaurant", "shop": null, "leisure": null, "tourism": null, "office": null, "public_transport": null, "healthcare": null, "craft": null, "stations_in_radius": [ "Bland" ], "stations_in_radius_dist_m": [ 129.5 ], "poi_cluster": "food" }, "geometry": { "type": "Point", "coordinates": [ -80.8548131, 35.2169331 ] } },
{ "type": "Feature", "properties": { "osm_id": 432939156, "name": "Hoppin'", "lat": 35.2183875, "lon": -80.8563305, "tags": { "amenity": "bar", "building": "yes", "name": "Hoppin'" }, "amenity": "bar", "shop": null, "leisure": null, "tourism": null, "office": null, "public_transport": null, "healthcare": null, "craft": null, "stations_in_radius": [ "Bland" ], "stations_in_radius_dist_m": [ 299.31 ], "poi_cluster": "nightlife" }, "geometry": { "type": "Point", "coordinates": [ -80.8563305, 35.2183875 ] } },
{ "type": "Feature", "properties": { "osm_id": 611222785, "name": "Let's Meat KBBQ", "lat": 35.2191335, "lon": -80.8577334, "tags": { "addr:city": "Charlotte", "addr:housenumber": "1400", "addr:postcode": "28203", "addr:state": "NC", "addr:street": "South Church Street", "amenity": "restaurant", "building": "yes", "name": "Let's Meat KBBQ", "smoking": "no" }, "amenity": "restaurant", "shop": null, "leisure": null, "tourism": null, "office": null, "public_transport": null, "healthcare": null, "craft": null, "stations_in_radius": [ "Bland" ], "stations_in_radius_dist_m": [ 429.04 ], "poi_cluster": "food" }, "geometry": { "type": "Point", "coordinates": [ -80.8577334, 35.2191335 ] } },
{ "type": "Feature", "properties": { "osm_id": 781164405, "name": "Tyber Creek", "lat": 35.2188542, "lon": -80.8606143, "tags": { "addr:city": "Charlotte", "addr:housenumber": "1501", "addr:postcode": "28203", "addr:state": "NC", "addr:street": "South Mint Street", "amenity": "pub", "building": "yes", "name": "Tyber Creek", "opening_hours": "Mo-Th 15:00-02:00; Fr-Su 11:00-02:00", "theme": "irish", "website": "https://www.tybercreek.com" }, "amenity": "pub", "shop": null, "leisure": null, "tourism": null, "office": null, "public_transport": null, "healthcare": null, "craft": null, "stations_in_radius": [ ], "stations_in_radius_dist_m": [ ], "poi_cluster": "nightlife" }, "geometry": { "type": "Point", "coordinates": [ -80.8606143, 35.2188542 ] } },
{ "type": "Feature", "properties": { "osm_id": 875274995, "name": "Nickyo's Rodeo", "lat": 35.2181511, "lon": -80.8551825, "tags": { "amenity": "pub", "building": "yes", "microbrewery": "yes", "name": "Nickyo's Rodeo" }, "amenity": "pub", "shop": null, "leisure": null, "tourism": null, "office": null, "public_transport": null, "healthcare": null, "craft": null, "stations_in_radius": [ "Bland" ], "stations_in_radius_dist_m": [ 257.56 ], "poi_cluster": "nightlife" }, "geometry": { "type": "Point", "coordinates": [ -80.8551825, 35.2181511 ] } },
{ "type": "Feature", "properties": { "osm_id": 967497113, "name": "Charlotte Beer Garden", "lat": 35.2184052, "lon": -80.8543073, "tags": { "addr:city": "Charlotte", "addr:housenumber": "1300", "addr:postcode": "28203", "addr:state": "NC", "addr:street": "South Tryon Street", "amenity": "biergarten", "building": "yes", "name": "Charlotte Beer Garden" }, "amenity": "biergarten", "shop": null, "leisure": null, "tourism": null, "office": null, "public_transport": null, "healthcare": null, "craft": null, "stations_in_radius": [ "Bland" ], "stations_in_radius_dist_m": [ 299. ], "poi_cluster": "nightlife" }, "geometry": { "type": "Point", "coordinates": [ -80.8543073, 35.2184052 ] } },
{ "type": "Feature", "properties": { "osm_id": 1121531932, "name": "Railyard", "lat": 35.2174657, "lon": -80.8557234, "tags": { "access": "yes", "addr:city": "Charlotte", "addr:housenumber": "1414", "addr:postcode": "28203", "addr:state": "NC", "addr:street": "South Tryon Street", "amenity": "food_court", "building": "yes", "internet_access": "wlan", "internet_access:fee": "no", "internet_access:ssid": "Cousins-Guest", "name": "Railyard", "phone": "+1-704-350-0870", "power_supply": "yes", "website": "https://railyardsouthend.com" }, "amenity": "food_court", "shop": null, "leisure": null, "tourism": null, "office": null, "public_transport": null, "healthcare": null, "craft": null, "stations_in_radius": [ "Bland" ], "stations_in_radius_dist_m": [ 185.83 ], "poi_cluster": "food" }, "geometry": { "type": "Point", "coordinates": [ -80.8557234, 35.2174657 ] } },
{ "type": "Feature", "properties": { "osm_id": 1218561738, "name": "The Brickyard", "lat": 35.217055, "lon": -80.8549633, "tags": { "addr:city": "Charlotte", "addr:housenumber": "1411", "addr:postcode": "28203", "addr:state": "NC", "addr:street": "South Tryon Street", "amenity": "bar", "building": "yes", "name": "The Brickyard", "opening_hours": "We-Fr 17:00-02:00; Sa-Su 14:00-02:00", "phone": "+1-980-938-6990" }, "amenity": "bar", "shop": null, "leisure": null, "tourism": null, "office": null, "public_transport": null, "healthcare": null, "craft": null, "stations_in_radius": [ "Bland" ], "stations_in_radius_dist_m": [ 138.88 ], "poi_cluster": "nightlife" }, "geometry": { "type": "Point", "coordinates": [ -80.8549633, 35.217055 ] } },
{ "type": "Feature", "properties": { "osm_id": 1347159990, "name": "Ruby Sunshine", "lat": 35.2197506, "lon": -80.8574753, "tags": { "amenity": "restaurant", "building": "yes", "name": "Ruby Sunshine" }, "amenity": "restaurant", "shop": null, "leisure": null, "tourism": null, "office": null, "public_transport": null, "healthcare": null, "craft": null, "stations_in_radius": [ "Bland" ], "stations_in_radius_dist_m": [ 478.5 ], "poi_cluster": "food" }, "geometry": { "type": "Point", "coordinates": [ -80.8574753, 35.2197506 ] } },
{ "type": "Feature", "properties": { "osm_id": 1425192864, "name": "Canopy Cocktails & Garden", "lat": 35.2128667, "lon": -80.8581303, "tags": { "addr:city": "Charlotte", "addr:housenumber": "118", "addr:postcode": "28203", "addr:state": "NC", "addr:street": "E Kingston Ave", "addr:unit": "10", "amenity": "bar", "brewery": "various", "building": "yes", "min_age": "21", "name": "Canopy Cocktails & Garden" }, "amenity": "bar", "shop": null, "leisure": null, "tourism": null, "office": null, "public_transport": null, "healthcare": null, "craft": null, "stations_in_radius": [ ], "stations_in_radius_dist_m": [ ], "poi_cluster": "nightlife" }, "geometry": { "type": "Point", "coordinates": [ -80.8581303, 35.2128667 ] } },
{ "type": "Feature", "properties": { "osm_id": 18479735, "name": "Must Be Nice", "lat": 35.2197257, "lon": -80.857218, "tags": { "amenity": "bar", "building": "commercial", "name": "Must Be Nice", "product": "soap", "type": "multipolygon" }, "amenity": "bar", "shop": null, "leisure": null, "tourism": null, "office": null, "public_transport": null, "healthcare": null, "craft": null, "stations_in_radius": [ "Bland" ], "stations_in_radius_dist_m": [ 466.65 ], "poi_cluster": "nightlife" }, "geometry": { "type": "Point", "coordinates": [ -80.857218, 35.2197257 ] } },
{ "type": "Feature", "properties": { "osm_id": 5718028309, "name": "Queen City Bicycles", "lat": 35.2138866, "lon": -80.85615, "tags": { "addr:city": "Charlotte", "addr:housenumber": "128", "addr:postcode": "28203", "addr:state": "NC", "addr:street": "East Park Avenue", "name": "Queen City Bicycles", "service:bicycle:Bicycle_Sales_and_Service": "yes", "service:bicycle:bicycle": "yes", "service:bicycle:rental": "yes", "service:bicycle:repair": "yes", "service:bicycle:retail": "yes", "shop": "bicycle" }, "amenity": null, "shop": "bicycle", "leisure": null, "tourism": null, "office": null, "public_transport": null, "healthcare": null, "craft": null, "stations_in_radius": "['Bland' 'East/West']", "stations_in_radius_dist_m": "[229.61 349.51]", "poi_cluster": "retail" }, "geometry": { "type": "Point", "coordinates": [ -80.85615, 35.2138866 ] } },
{ "type": "Feature", "properties": { "osm_id": 6532463479, "name": "Nova's Bakery", "lat": 35.2140473, "lon": -80.8546921, "tags": { "name": "Nova's Bakery", "shop": "bakery" }, "amenity": null, "shop": "bakery", "leisure": null, "tourism": null, "office": null, "public_transport": null, "healthcare": null, "craft": null, "stations_in_radius": "['Bland' 'East/West']", "stations_in_radius_dist_m": "[204.81 469.81]", "poi_cluster": "retail" }, "geometry": { "type": "Point", "coordinates": [ -80.8546921, 35.2140473 ] } },
{ "type": "Feature", "properties": { "osm_id": 11291263925, "name": "Esita The Label", "lat": 35.2178493, "lon": -80.8564018, "tags": { "addr:city": "Charlotte", "addr:housenumber": "1425", "addr:postcode": "28203", "addr:state": "NC", "addr:street": "Winnifred Street", "addr:unit": "109", "clothes": "women", "name": "Esita The Label", "phone": "+1-704-733-9918", "second_hand": "only", "shop": "clothes", "website": "https://esitathelabel.com/" }, "amenity": null, "shop": "clothes", "leisure": null, "tourism": null, "office": null, "public_transport": null, "healthcare": null, "craft": null, "stations_in_radius": [ "Bland" ], "stations_in_radius_dist_m": [ 246.12 ], "poi_cluster": "retail" }, "geometry": { "type": "Point", "coordinates": [ -80.8564018, 35.2178493 ] } },
{ "type": "Feature", "properties": { "osm_id": 11291317374, "name": "ABC Spirits", "lat": 35.2164877, "lon": -80.8560464, "tags": { "addr:city": "Charlotte", "addr:housenumber": "1426", "addr:postcode": "28203", "addr:state": "NC", "addr:street": "South Tryon Street", "addr:unit": "B", "brand": "ABC", "brand:wikidata": "Q7054415", "name": "ABC Spirits", "phone": "+19802376463", "shop": "alcohol", "website": "https://www.meckabc.com/" }, "amenity": null, "shop": "alcohol", "leisure": null, "tourism": null, "office": null, "public_transport": null, "healthcare": null, "craft": null, "stations_in_radius": [ "Bland" ], "stations_in_radius_dist_m": [ 100.92 ], "poi_cluster": "retail" }, "geometry": { "type": "Point", "coordinates": [ -80.8560464, 35.2164877 ] } },
{ "type": "Feature", "properties": { "osm_id": 11291317379, "name": "Tattoo Me", "lat": 35.2166805, "lon": -80.8566297, "tags": { "addr:city": "Charlotte", "addr:housenumber": "1440", "addr:postcode": "28203", "addr:state": "NC", "addr:street": "South Tryon Street", "addr:unit": "Suite 106", "lgbtq": "welcome", "name": "Tattoo Me", "phone": "+17047746629", "shop": "tattoo", "website": "https://www.tmclt.com/" }, "amenity": null, "shop": "tattoo", "leisure": null, "tourism": null, "office": null, "public_transport": null, "healthcare": null, "craft": null, "stations_in_radius": [ "Bland" ], "stations_in_radius_dist_m": [ 154.87 ], "poi_cluster": "retail" }, "geometry": { "type": "Point", "coordinates": [ -80.8566297, 35.2166805 ] } },
{ "type": "Feature", "properties": { "osm_id": 11654772728, "name": "Bishops Cut/Color", "lat": 35.2170623, "lon": -80.8558875, "tags": { "name": "Bishops Cut/Color", "shop": "hairdresser" }, "amenity": null, "shop": "hairdresser", "leisure": null, "tourism": null, "office": null, "public_transport": null, "healthcare": null, "craft": null, "stations_in_radius": [ "Bland" ], "stations_in_radius_dist_m": [ 147.42 ], "poi_cluster": "retail" }, "geometry": { "type": "Point", "coordinates": [ -80.8558875, 35.2170623 ] } },
{ "type": "Feature", "properties": { "osm_id": 12861799852, "name": "Wheatberry Bakeshop", "lat": 35.2180998, "lon": -80.8561438, "tags": { "addr:city": "Charlotte", "addr:housenumber": "1425", "addr:postcode": "28203", "addr:state": "NC", "addr:street": "Winnifred Street", "addr:unit": "105", "name": "Wheatberry Bakeshop", "shop": "bakery" }, "amenity": null, "shop": "bakery", "leisure": null, "tourism": null, "office": null, "public_transport": null, "healthcare": null, "craft": null, "stations_in_radius": [ "Bland" ], "stations_in_radius_dist_m": [ 263.71 ], "poi_cluster": "retail" }, "geometry": { "type": "Point", "coordinates": [ -80.8561438, 35.2180998 ] } },
{ "type": "Feature", "properties": { "osm_id": 12861799854, "name": "Mars Studio", "lat": 35.2177394, "lon": -80.8565265, "tags": { "addr:city": "Charlotte", "addr:housenumber": "1425", "addr:postcode": "28203", "addr:state": "NC", "addr:street": "Winnifred Street", "addr:unit": "112", "name": "Mars Studio", "shop": "hairdresser" }, "amenity": null, "shop": "hairdresser", "leisure": null, "tourism": null, "office": null, "public_transport": null, "healthcare": null, "craft": null, "stations_in_radius": [ "Bland" ], "stations_in_radius_dist_m": [ 240.23 ], "poi_cluster": "retail" }, "geometry": { "type": "Point", "coordinates": [ -80.8565265, 35.2177394 ] } },
{ "type": "Feature", "properties": { "osm_id": 12958734948, "name": "Hardy Boys Records", "lat": 35.2140317, "lon": -80.857842, "tags": { "name": "Hardy Boys Records", "shop": "music" }, "amenity": null, "shop": "music", "leisure": null, "tourism": null, "office": null, "public_transport": null, "healthcare": null, "craft": null, "stations_in_radius": "['East/West' 'Bland']", "stations_in_radius_dist_m": "[261.57 306.83]", "poi_cluster": "retail" }, "geometry": { "type": "Point", "coordinates": [ -80.857842, 35.2140317 ] } },
{ "type": "Feature", "properties": { "osm_id": 12958734971, "name": "Pet Wants", "lat": 35.2135108, "lon": -80.8582334, "tags": { "name": "Pet Wants", "shop": "pet", "website": "https://www.petwantsclt.com" }, "amenity": null, "shop": "pet", "leisure": null, "tourism": null, "office": null, "public_transport": null, "healthcare": null, "craft": null, "stations_in_radius": "['East/West' 'Bland']", "stations_in_radius_dist_m": "[193.94 372.03]", "poi_cluster": "retail" }, "geometry": { "type": "Point", "coordinates": [ -80.8582334, 35.2135108 ] } },
{ "type": "Feature", "properties": { "osm_id": 394430314, "name": "Design Within Reach", "lat": 35.2154523, "lon": -80.8560425, "tags": { "brand": "Design Within Reach", "brand:wikidata": "Q110903326", "building": "yes", "height": "7", "name": "Design Within Reach", "shop": "furniture", "website": "https://www.dwr.com/store?StoreId=21" }, "amenity": null, "shop": "furniture", "leisure": null, "tourism": null, "office": null, "public_transport": null, "healthcare": null, "craft": null, "stations_in_radius": "['Bland' 'East/West']", "stations_in_radius_dist_m": "[ 81.06 482.44]", "poi_cluster": "retail" }, "geometry": { "type": "Point", "coordinates": [ -80.8560425, 35.2154523 ] } },
{ "type": "Feature", "properties": { "osm_id": 432915319, "name": "Office Depot", "lat": 35.2131302, "lon": -80.8566125, "tags": { "addr:city": "Charlotte", "addr:housenumber": "1620", "addr:postcode": "28203", "addr:state": "NC", "addr:street": "South Boulevard", "brand": "Office Depot", "brand:wikidata": "Q1337797", "building": "yes", "name": "Office Depot", "opening_hours": "Su 11:00-18:00; Mo-Fr 08:00-20:00; Sa 09:00-18:00", "phone": "+1 704-358-8832", "ref": "2240", "shop": "stationery", "website": "https://www.officedepot.com/storelocator/nc/charlotte/office-depot-2240" }, "amenity": null, "shop": "stationery", "leisure": null, "tourism": null, "office": null, "public_transport": null, "healthcare": null, "craft": null, "stations_in_radius": "['East/West' 'Bland']", "stations_in_radius_dist_m": "[267.59 323.04]", "poi_cluster": "retail" }, "geometry": { "type": "Point", "coordinates": [ -80.8566125, 35.2131302 ] } },
{ "type": "Feature", "properties": { "osm_id": 432915323, "name": "Stop and Go", "lat": 35.2150095, "lon": -80.860011, "tags": { "addr:city": "Charlotte", "addr:housenumber": "1632", "addr:postcode": "28203", "addr:state": "NC", "addr:street": "South Tryon Street", "building": "yes", "name": "Stop and Go", "shop": "convenience" }, "amenity": null, "shop": "convenience", "leisure": null, "tourism": null, "office": null, "public_transport": null, "healthcare": null, "craft": null, "stations_in_radius": "['East/West' 'Bland']", "stations_in_radius_dist_m": "[348.91 440.09]", "poi_cluster": "retail" }, "geometry": { "type": "Point", "coordinates": [ -80.860011, 35.2150095 ] } },
{ "type": "Feature", "properties": { "osm_id": 695670020, "name": "Adam & Eve", "lat": 35.2146562, "lon": -80.8539345, "tags": { "addr:city": "Charlotte", "addr:housenumber": "1437", "addr:postcode": "28203", "addr:state": "NC", "addr:street": "South Boulevard", "addr:unit": "A", "brand": "Adam & Eve", "brand:wikidata": "Q4678604", "building": "retail", "building:levels": "1", "currency:XBT": "yes", "name": "Adam & Eve", "shop": "erotic", "website": "https://adamevestores.com/" }, "amenity": null, "shop": "erotic", "leisure": null, "tourism": null, "office": null, "public_transport": null, "healthcare": null, "craft": null, "stations_in_radius": [ ], "stations_in_radius_dist_m": [ ], "poi_cluster": "retail" }, "geometry": { "type": "Point", "coordinates": [ -80.8539345, 35.2146562 ] } },
{ "type": "Feature", "properties": { "osm_id": 11291263921, "name": "Beem Light Sauna", "lat": 35.2171567, "lon": -80.8560367, "tags": { "addr:city": "Charlotte", "addr:housenumber": "1422", "addr:postcode": "28203", "addr:state": "NC", "addr:street": "South Tryon Street", "addr:unit": "Suite 170", "leisure": "sauna", "name": "Beem Light Sauna", "phone": "+17043502512" }, "amenity": null, "shop": null, "leisure": "sauna", "tourism": null, "office": null, "public_transport": null, "healthcare": null, "craft": null, "stations_in_radius": [ "Bland" ], "stations_in_radius_dist_m": [ 162.45 ], "poi_cluster": "recreation" }, "geometry": { "type": "Point", "coordinates": [ -80.8560367, 35.2171567 ] } },
{ "type": "Feature", "properties": { "osm_id": 11291263926, "name": "Kika Strech", "lat": 35.217951, "lon": -80.8563015, "tags": { "addr:city": "Charlotte", "addr:housenumber": "1425", "addr:postcode": "28203", "addr:state": "NC", "addr:street": "Winnifred Street", "addr:unit": "108", "leisure": "fitness_centre", "name": "Kika Strech", "phone": "+17049530564", "sport": "yoga", "website": "https://kikastretchstudios.com/stretch-studio/north-carolina/charlotte" }, "amenity": null, "shop": null, "leisure": "fitness_centre", "tourism": null, "office": null, "public_transport": null, "healthcare": null, "craft": null, "stations_in_radius": [ "Bland" ], "stations_in_radius_dist_m": [ 252.93 ], "poi_cluster": "recreation" }, "geometry": { "type": "Point", "coordinates": [ -80.8563015, 35.217951 ] } },
{ "type": "Feature", "properties": { "osm_id": 11291263929, "name": "Orangetheory Fitness", "lat": 35.2177355, "lon": -80.8553663, "tags": { "addr:city": "Charlotte", "addr:housenumber": "1414", "addr:postcode": "28203", "addr:state": "NC", "addr:street": "South Tryon Street", "addr:unit": "160", "brand": "Orangetheory Fitness", "brand:wikidata": "Q25005163", "leisure": "fitness_centre", "name": "Orangetheory Fitness", "phone": "+1 704-885-1300", "ref": "28324" }, "amenity": null, "shop": null, "leisure": "fitness_centre", "tourism": null, "office": null, "public_transport": null, "healthcare": null, "craft": null, "stations_in_radius": [ "Bland" ], "stations_in_radius_dist_m": [ 211.47 ], "poi_cluster": "recreation" }, "geometry": { "type": "Point", "coordinates": [ -80.8553663, 35.2177355 ] } },
{ "type": "Feature", "properties": { "osm_id": 11654772731, "name": null, "lat": 35.2172692, "lon": -80.8557524, "tags": { "leisure": "fitness_centre" }, "amenity": null, "shop": null, "leisure": "fitness_centre", "tourism": null, "office": null, "public_transport": null, "healthcare": null, "craft": null, "stations_in_radius": [ "Bland" ], "stations_in_radius_dist_m": [ 165.3 ], "poi_cluster": "recreation" }, "geometry": { "type": "Point", "coordinates": [ -80.8557524, 35.2172692 ] } },
{ "type": "Feature", "properties": { "osm_id": 12363373830, "name": null, "lat": 35.2154791, "lon": -80.8557725, "tags": { "leisure": "picnic_table" }, "amenity": null, "shop": null, "leisure": "picnic_table", "tourism": null, "office": null, "public_transport": null, "healthcare": null, "craft": null, "stations_in_radius": "['Bland' 'East/West']", "stations_in_radius_dist_m": "[ 59.36 499.66]", "poi_cluster": "recreation" }, "geometry": { "type": "Point", "coordinates": [ -80.8557725, 35.2154791 ] } },
{ "type": "Feature", "properties": { "osm_id": 13179555393, "name": "Arrichion Hot Yoga", "lat": 35.2170967, "lon": -80.8568251, "tags": { "leisure": "fitness_centre", "name": "Arrichion Hot Yoga", "sport": "yoga" }, "amenity": null, "shop": null, "leisure": "fitness_centre", "tourism": null, "office": null, "public_transport": null, "healthcare": null, "craft": null, "stations_in_radius": [ "Bland" ], "stations_in_radius_dist_m": [ 198.77 ], "poi_cluster": "recreation" }, "geometry": { "type": "Point", "coordinates": [ -80.8568251, 35.2170967 ] } },
{ "type": "Feature", "properties": { "osm_id": 547660396, "name": "Wilmore Centennial Park", "lat": 35.2141233, "lon": -80.8601962, "tags": { "addr:city": "Charlotte", "addr:housenumber": "1711", "addr:postcode": "28203", "addr:state": "NC", "addr:street": "South Tryon Street", "leisure": "park", "name": "Wilmore Centennial Park", "opening_date": "2020" }, "amenity": null, "shop": null, "leisure": "park", "tourism": null, "office": null, "public_transport": null, "healthcare": null, "craft": null, "stations_in_radius": "['East/West' 'Bland']", "stations_in_radius_dist_m": "[259.52 485.82]", "poi_cluster": "recreation" }, "geometry": { "type": "Point", "coordinates": [ -80.8601962, 35.2141233 ] } },
{ "type": "Feature", "properties": { "osm_id": 555843918, "name": null, "lat": 35.218688, "lon": -80.8529076, "tags": { "leisure": "swimming_pool" }, "amenity": null, "shop": null, "leisure": "swimming_pool", "tourism": null, "office": null, "public_transport": null, "healthcare": null, "craft": null, "stations_in_radius": [ "Bland" ], "stations_in_radius_dist_m": [ 383.51 ], "poi_cluster": "recreation" }, "geometry": { "type": "Point", "coordinates": [ -80.8529076, 35.218688 ] } },
{ "type": "Feature", "properties": { "osm_id": 1185598385, "name": null, "lat": 35.2142226, "lon": -80.8597165, "tags": { "leisure": "playground" }, "amenity": null, "shop": null, "leisure": "playground", "tourism": null, "office": null, "public_transport": null, "healthcare": null, "craft": null, "stations_in_radius": "['East/West' 'Bland']", "stations_in_radius_dist_m": "[257.98 441.38]", "poi_cluster": "recreation" }, "geometry": { "type": "Point", "coordinates": [ -80.8597165, 35.2142226 ] } },
{ "type": "Feature", "properties": { "osm_id": 1185598386, "name": null, "lat": 35.2140481, "lon": -80.8599416, "tags": { "leisure": "outdoor_seating" }, "amenity": null, "shop": null, "leisure": "outdoor_seating", "tourism": null, "office": null, "public_transport": null, "healthcare": null, "craft": null, "stations_in_radius": "['East/West' 'Bland']", "stations_in_radius_dist_m": "[244.11 468.03]", "poi_cluster": "recreation" }, "geometry": { "type": "Point", "coordinates": [ -80.8599416, 35.2140481 ] } },
{ "type": "Feature", "properties": { "osm_id": 1191248746, "name": null, "lat": 35.2149511, "lon": -80.8585248, "tags": { "leisure": "swimming_pool" }, "amenity": null, "shop": null, "leisure": "swimming_pool", "tourism": null, "office": null, "public_transport": null, "healthcare": null, "craft": null, "stations_in_radius": "['Bland' 'East/West']", "stations_in_radius_dist_m": "[310.99 339.06]", "poi_cluster": "recreation" }, "geometry": { "type": "Point", "coordinates": [ -80.8585248, 35.2149511 ] } },
{ "type": "Feature", "properties": { "osm_id": 1192742643, "name": null, "lat": 35.2148999, "lon": -80.8566369, "tags": { "leisure": "outdoor_seating" }, "amenity": null, "shop": null, "leisure": "outdoor_seating", "tourism": null, "office": null, "public_transport": null, "healthcare": null, "craft": null, "stations_in_radius": "['Bland' 'East/West']", "stations_in_radius_dist_m": "[160.91 401.13]", "poi_cluster": "recreation" }, "geometry": { "type": "Point", "coordinates": [ -80.8566369, 35.2148999 ] } },
{ "type": "Feature", "properties": { "osm_id": 1208420151, "name": null, "lat": 35.2171669, "lon": -80.8553764, "tags": { "garden:type": "landscaping", "leisure": "garden" }, "amenity": null, "shop": null, "leisure": "garden", "tourism": null, "office": null, "public_transport": null, "healthcare": null, "craft": null, "stations_in_radius": [ "Bland" ], "stations_in_radius_dist_m": [ 148.52 ], "poi_cluster": "recreation" }, "geometry": { "type": "Point", "coordinates": [ -80.8553764, 35.2171669 ] } },
{ "type": "Feature", "properties": { "osm_id": 1208420152, "name": null, "lat": 35.2172262, "lon": -80.8553147, "tags": { "garden:type": "landscaping", "leisure": "garden" }, "amenity": null, "shop": null, "leisure": "garden", "tourism": null, "office": null, "public_transport": null, "healthcare": null, "craft": null, "stations_in_radius": [ "Bland" ], "stations_in_radius_dist_m": [ 154.87 ], "poi_cluster": "recreation" }, "geometry": { "type": "Point", "coordinates": [ -80.8553147, 35.2172262 ] } },
{ "type": "Feature", "properties": { "osm_id": 1208420162, "name": null, "lat": 35.217298, "lon": -80.8553493, "tags": { "leisure": "outdoor_seating" }, "amenity": null, "shop": null, "leisure": "outdoor_seating", "tourism": null, "office": null, "public_transport": null, "healthcare": null, "craft": null, "stations_in_radius": [ "Bland" ], "stations_in_radius_dist_m": [ 162.92 ], "poi_cluster": "recreation" }, "geometry": { "type": "Point", "coordinates": [ -80.8553493, 35.217298 ] } },
{ "type": "Feature", "properties": { "osm_id": 1208420163, "name": null, "lat": 35.2171689, "lon": -80.8554727, "tags": { "leisure": "outdoor_seating" }, "amenity": null, "shop": null, "leisure": "outdoor_seating", "tourism": null, "office": null, "public_transport": null, "healthcare": null, "craft": null, "stations_in_radius": [ "Bland" ], "stations_in_radius_dist_m": [ 149.52 ], "poi_cluster": "recreation" }, "geometry": { "type": "Point", "coordinates": [ -80.8554727, 35.2171689 ] } },
{ "type": "Feature", "properties": { "osm_id": 1208586952, "name": null, "lat": 35.2179548, "lon": -80.8579817, "tags": { "leisure": "swimming_pool" }, "amenity": null, "shop": null, "leisure": "swimming_pool", "tourism": null, "office": null, "public_transport": null, "healthcare": null, "craft": null, "stations_in_radius": [ "Bland" ], "stations_in_radius_dist_m": [ 340.57 ], "poi_cluster": "recreation" }, "geometry": { "type": "Point", "coordinates": [ -80.8579817, 35.2179548 ] } },
{ "type": "Feature", "properties": { "osm_id": 1208587031, "name": null, "lat": 35.2174644, "lon": -80.8542035, "tags": { "leisure": "swimming_pool" }, "amenity": null, "shop": null, "leisure": "swimming_pool", "tourism": null, "office": null, "public_transport": null, "healthcare": null, "craft": null, "stations_in_radius": [ "Bland" ], "stations_in_radius_dist_m": [ 206.04 ], "poi_cluster": "recreation" }, "geometry": { "type": "Point", "coordinates": [ -80.8542035, 35.2174644 ] } },
{ "type": "Feature", "properties": { "osm_id": 1253668813, "name": null, "lat": 35.2173595, "lon": -80.8555721, "tags": { "leisure": "outdoor_seating" }, "amenity": null, "shop": null, "leisure": "outdoor_seating", "tourism": null, "office": null, "public_transport": null, "healthcare": null, "craft": null, "stations_in_radius": [ "Bland" ], "stations_in_radius_dist_m": [ 171.69 ], "poi_cluster": "recreation" }, "geometry": { "type": "Point", "coordinates": [ -80.8555721, 35.2173595 ] } },
{ "type": "Feature", "properties": { "osm_id": 1253668814, "name": null, "lat": 35.2172243, "lon": -80.8553803, "tags": { "garden:type": "landscaping", "leisure": "garden" }, "amenity": null, "shop": null, "leisure": "garden", "tourism": null, "office": null, "public_transport": null, "healthcare": null, "craft": null, "stations_in_radius": [ "Bland" ], "stations_in_radius_dist_m": [ 154.9 ], "poi_cluster": "recreation" }, "geometry": { "type": "Point", "coordinates": [ -80.8553803, 35.2172243 ] } },
{ "type": "Feature", "properties": { "osm_id": 1285294583, "name": null, "lat": 35.2194044, "lon": -80.8537475, "tags": { "garden:type": "landscaping", "leisure": "garden" }, "amenity": null, "shop": null, "leisure": "garden", "tourism": null, "office": null, "public_transport": null, "healthcare": null, "craft": null, "stations_in_radius": [ "Bland" ], "stations_in_radius_dist_m": [ 420.22 ], "poi_cluster": "recreation" }, "geometry": { "type": "Point", "coordinates": [ -80.8537475, 35.2194044 ] } },
{ "type": "Feature", "properties": { "osm_id": 1285294584, "name": null, "lat": 35.219482, "lon": -80.8538272, "tags": { "garden:type": "landscaping", "leisure": "garden" }, "amenity": null, "shop": null, "leisure": "garden", "tourism": null, "office": null, "public_transport": null, "healthcare": null, "craft": null, "stations_in_radius": [ "Bland" ], "stations_in_radius_dist_m": [ 426.04 ], "poi_cluster": "recreation" }, "geometry": { "type": "Point", "coordinates": [ -80.8538272, 35.219482 ] } },
{ "type": "Feature", "properties": { "osm_id": 1285294585, "name": null, "lat": 35.2195614, "lon": -80.8537442, "tags": { "garden:type": "landscaping", "leisure": "garden" }, "amenity": null, "shop": null, "leisure": "garden", "tourism": null, "office": null, "public_transport": null, "healthcare": null, "craft": null, "stations_in_radius": [ "Bland" ], "stations_in_radius_dist_m": [ 436.78 ], "poi_cluster": "recreation" }, "geometry": { "type": "Point", "coordinates": [ -80.8537442, 35.2195614 ] } },
{ "type": "Feature", "properties": { "osm_id": 1285294587, "name": null, "lat": 35.219704, "lon": -80.8535933, "tags": { "garden:type": "landscaping", "leisure": "garden" }, "amenity": null, "shop": null, "leisure": "garden", "tourism": null, "office": null, "public_transport": null, "healthcare": null, "craft": null, "stations_in_radius": [ "Bland" ], "stations_in_radius_dist_m": [ 456.23 ], "poi_cluster": "recreation" }, "geometry": { "type": "Point", "coordinates": [ -80.8535933, 35.219704 ] } },
{ "type": "Feature", "properties": { "osm_id": 1285294592, "name": null, "lat": 35.2197197, "lon": -80.8529832, "tags": { "leisure": "garden" }, "amenity": null, "shop": null, "leisure": "garden", "tourism": null, "office": null, "public_transport": null, "healthcare": null, "craft": null, "stations_in_radius": "['Carson' 'Bland']", "stations_in_radius_dist_m": "[216.49 479.35]", "poi_cluster": "recreation" }, "geometry": { "type": "Point", "coordinates": [ -80.8529832, 35.2197197 ] } },
{ "type": "Feature", "properties": { "osm_id": 1285294593, "name": null, "lat": 35.2196165, "lon": -80.852869, "tags": { "leisure": "garden" }, "amenity": null, "shop": null, "leisure": "garden", "tourism": null, "office": null, "public_transport": null, "healthcare": null, "craft": null, "stations_in_radius": "['Carson' 'Bland']", "stations_in_radius_dist_m": "[202.3 473.8]", "poi_cluster": "recreation" }, "geometry": { "type": "Point", "coordinates": [ -80.852869, 35.2196165 ] } },
{ "type": "Feature", "properties": { "osm_id": 1285294594, "name": null, "lat": 35.2194393, "lon": -80.8536319, "tags": { "garden:type": "landscaping", "leisure": "garden" }, "amenity": null, "shop": null, "leisure": "garden", "tourism": null, "office": null, "public_transport": null, "healthcare": null, "craft": null, "stations_in_radius": [ "Bland" ], "stations_in_radius_dist_m": [ 427.45 ], "poi_cluster": "recreation" }, "geometry": { "type": "Point", "coordinates": [ -80.8536319, 35.2194393 ] } },
{ "type": "Feature", "properties": { "osm_id": 1285294595, "name": null, "lat": 35.219511, "lon": -80.8536739, "tags": { "garden:type": "landscaping", "leisure": "garden" }, "amenity": null, "shop": null, "leisure": "garden", "tourism": null, "office": null, "public_transport": null, "healthcare": null, "craft": null, "stations_in_radius": [ "Bland" ], "stations_in_radius_dist_m": [ 433.6 ], "poi_cluster": "recreation" }, "geometry": { "type": "Point", "coordinates": [ -80.8536739, 35.219511 ] } },
{ "type": "Feature", "properties": { "osm_id": 1285294596, "name": null, "lat": 35.2196059, "lon": -80.8534453, "tags": { "garden:type": "landscaping", "leisure": "garden" }, "amenity": null, "shop": null, "leisure": "garden", "tourism": null, "office": null, "public_transport": null, "healthcare": null, "craft": null, "stations_in_radius": [ "Bland" ], "stations_in_radius_dist_m": [ 450.81 ], "poi_cluster": "recreation" }, "geometry": { "type": "Point", "coordinates": [ -80.8534453, 35.2196059 ] } },
{ "type": "Feature", "properties": { "osm_id": 1285294599, "name": null, "lat": 35.2194559, "lon": -80.8537645, "tags": { "leisure": "outdoor_seating" }, "amenity": null, "shop": null, "leisure": "outdoor_seating", "tourism": null, "office": null, "public_transport": null, "healthcare": null, "craft": null, "stations_in_radius": [ "Bland" ], "stations_in_radius_dist_m": [ 425.11 ], "poi_cluster": "recreation" }, "geometry": { "type": "Point", "coordinates": [ -80.8537645, 35.2194559 ] } },
{ "type": "Feature", "properties": { "osm_id": 1293323910, "name": null, "lat": 35.2142548, "lon": -80.8596973, "tags": { "garden:type": "landscaping", "leisure": "garden" }, "amenity": null, "shop": null, "leisure": "garden", "tourism": null, "office": null, "public_transport": null, "healthcare": null, "craft": null, "stations_in_radius": "['East/West' 'Bland']", "stations_in_radius_dist_m": "[261.16 438.34]", "poi_cluster": "recreation" }, "geometry": { "type": "Point", "coordinates": [ -80.8596973, 35.2142548 ] } },
{ "type": "Feature", "properties": { "osm_id": 1293323911, "name": null, "lat": 35.2144936, "lon": -80.8600529, "tags": { "garden:type": "landscaping", "leisure": "garden" }, "amenity": null, "shop": null, "leisure": "garden", "tourism": null, "office": null, "public_transport": null, "healthcare": null, "craft": null, "stations_in_radius": "['East/West' 'Bland']", "stations_in_radius_dist_m": "[294.38 458.98]", "poi_cluster": "recreation" }, "geometry": { "type": "Point", "coordinates": [ -80.8600529, 35.2144936 ] } },
{ "type": "Feature", "properties": { "osm_id": 1293323913, "name": null, "lat": 35.2138756, "lon": -80.8602683, "tags": { "garden:type": "landscaping", "leisure": "garden" }, "amenity": null, "shop": null, "leisure": "garden", "tourism": null, "office": null, "public_transport": null, "healthcare": null, "craft": null, "stations_in_radius": "['East/West' 'Bland']", "stations_in_radius_dist_m": "[236.79 503.08]", "poi_cluster": "recreation" }, "geometry": { "type": "Point", "coordinates": [ -80.8602683, 35.2138756 ] } },
{ "type": "Feature", "properties": { "osm_id": 1306216324, "name": null, "lat": 35.2173481, "lon": -80.8551226, "tags": { "garden:type": "landscaping", "leisure": "garden" }, "amenity": null, "shop": null, "leisure": "garden", "tourism": null, "office": null, "public_transport": null, "healthcare": null, "craft": null, "stations_in_radius": [ "Bland" ], "stations_in_radius_dist_m": [ 168.97 ], "poi_cluster": "recreation" }, "geometry": { "type": "Point", "coordinates": [ -80.8551226, 35.2173481 ] } },
{ "type": "Feature", "properties": { "osm_id": 1306216325, "name": null, "lat": 35.2172628, "lon": -80.8552442, "tags": { "garden:type": "landscaping", "leisure": "garden" }, "amenity": null, "shop": null, "leisure": "garden", "tourism": null, "office": null, "public_transport": null, "healthcare": null, "craft": null, "stations_in_radius": [ "Bland" ], "stations_in_radius_dist_m": [ 158.93 ], "poi_cluster": "recreation" }, "geometry": { "type": "Point", "coordinates": [ -80.8552442, 35.2172628 ] } },
{ "type": "Feature", "properties": { "osm_id": 1428169461, "name": null, "lat": 35.2171171, "lon": -80.8571841, "tags": { "leisure": "outdoor_seating" }, "amenity": null, "shop": null, "leisure": "outdoor_seating", "tourism": null, "office": null, "public_transport": null, "healthcare": null, "craft": null, "stations_in_radius": [ "Bland" ], "stations_in_radius_dist_m": [ 224.51 ], "poi_cluster": "recreation" }, "geometry": { "type": "Point", "coordinates": [ -80.8571841, 35.2171171 ] } },
{ "type": "Feature", "properties": { "osm_id": 1433950599, "name": null, "lat": 35.2167585, "lon": -80.8568401, "tags": { "leisure": "outdoor_seating" }, "amenity": null, "shop": null, "leisure": "outdoor_seating", "tourism": null, "office": null, "public_transport": null, "healthcare": null, "craft": null, "stations_in_radius": [ "Bland" ], "stations_in_radius_dist_m": [ 175.39 ], "poi_cluster": "recreation" }, "geometry": { "type": "Point", "coordinates": [ -80.8568401, 35.2167585 ] } },
{ "type": "Feature", "properties": { "osm_id": 1469358548, "name": null, "lat": 35.2161727, "lon": -80.8612816, "tags": { "access": "private", "leisure": "swimming_pool" }, "amenity": null, "shop": null, "leisure": "swimming_pool", "tourism": null, "office": null, "public_transport": null, "healthcare": null, "craft": null, "stations_in_radius": [ ], "stations_in_radius_dist_m": [ ], "poi_cluster": "recreation" }, "geometry": { "type": "Point", "coordinates": [ -80.8612816, 35.2161727 ] } },
{ "type": "Feature", "properties": { "osm_id": 1469358549, "name": null, "lat": 35.216189, "lon": -80.8610441, "tags": { "access": "private", "leisure": "swimming_pool" }, "amenity": null, "shop": null, "leisure": "swimming_pool", "tourism": null, "office": null, "public_transport": null, "healthcare": null, "craft": null, "stations_in_radius": [ "Bland" ], "stations_in_radius_dist_m": [ 526.11 ], "poi_cluster": "recreation" }, "geometry": { "type": "Point", "coordinates": [ -80.8610441, 35.216189 ] } },
{ "type": "Feature", "properties": { "osm_id": 17917024, "name": null, "lat": 35.2173479, "lon": -80.8555636, "tags": { "highway": "pedestrian", "leisure": "outdoor_seating", "type": "multipolygon" }, "amenity": null, "shop": null, "leisure": "outdoor_seating", "tourism": null, "office": null, "public_transport": null, "healthcare": null, "craft": null, "stations_in_radius": [ "Bland" ], "stations_in_radius_dist_m": [ 170.3 ], "poi_cluster": "recreation" }, "geometry": { "type": "Point", "coordinates": [ -80.8555636, 35.2173479 ] } },
{ "type": "Feature", "properties": { "osm_id": 12363373831, "name": null, "lat": 35.2155641, "lon": -80.855661, "tags": { "information": "map", "tourism": "information" }, "amenity": null, "shop": null, "leisure": null, "tourism": "information", "office": null, "public_transport": null, "healthcare": null, "craft": null, "stations_in_radius": "['Bland' 'East/West']", "stations_in_radius_dist_m": "[ 45.52 513.35]", "poi_cluster": "tourism" }, "geometry": { "type": "Point", "coordinates": [ -80.855661, 35.2155641 ] } },
{ "type": "Feature", "properties": { "osm_id": 12517322251, "name": "Substation & Tower Illumination", "lat": 35.2150844, "lon": -80.8553721, "tags": { "artwork_type": "installation", "name": "Substation & Tower Illumination", "tourism": "artwork" }, "amenity": null, "shop": null, "leisure": null, "tourism": "artwork", "office": null, "public_transport": null, "healthcare": null, "craft": null, "stations_in_radius": [ "Bland" ], "stations_in_radius_dist_m": [ 83.11 ], "poi_cluster": "tourism" }, "geometry": { "type": "Point", "coordinates": [ -80.8553721, 35.2150844 ] } },
{ "type": "Feature", "properties": { "osm_id": 12517322252, "name": "Dinosaur", "lat": 35.2150614, "lon": -80.8560031, "tags": { "artist_name": "Amy Hart", "artwork_type": "sculpture", "name": "Dinosaur", "tourism": "artwork" }, "amenity": null, "shop": null, "leisure": null, "tourism": "artwork", "office": null, "public_transport": null, "healthcare": null, "craft": null, "stations_in_radius": "['Bland' 'East/West']", "stations_in_radius_dist_m": "[107.69 450.45]", "poi_cluster": "tourism" }, "geometry": { "type": "Point", "coordinates": [ -80.8560031, 35.2150614 ] } },
{ "type": "Feature", "properties": { "osm_id": 12517322255, "name": null, "lat": 35.2140467, "lon": -80.8599153, "tags": { "artist_name": "David Furman", "artwork_type": "installation", "tourism": "artwork" }, "amenity": null, "shop": null, "leisure": null, "tourism": "artwork", "office": null, "public_transport": null, "healthcare": null, "craft": null, "stations_in_radius": "['East/West' 'Bland']", "stations_in_radius_dist_m": "[243.28 465.93]", "poi_cluster": "tourism" }, "geometry": { "type": "Point", "coordinates": [ -80.8599153, 35.2140467 ] } },
{ "type": "Feature", "properties": { "osm_id": 12958734949, "name": "Charlotte Machine Co.", "lat": 35.2140988, "lon": -80.8577207, "tags": { "artist_name": "David Furman", "artwork_type": "sculpture", "material": "metal", "name": "Charlotte Machine Co.", "tourism": "artwork" }, "amenity": null, "shop": null, "leisure": null, "tourism": "artwork", "office": null, "public_transport": null, "healthcare": null, "craft": null, "stations_in_radius": "['East/West' 'Bland']", "stations_in_radius_dist_m": "[273.35 293.61]", "poi_cluster": "tourism" }, "geometry": { "type": "Point", "coordinates": [ -80.8577207, 35.2140988 ] } },
{ "type": "Feature", "properties": { "osm_id": 432937709, "name": "Dilworth Artisan Station", "lat": 35.2129374, "lon": -80.8577677, "tags": { "addr:city": "Charlotte", "addr:housenumber": "118", "addr:postcode": "28203", "addr:state": "NC", "addr:street": "East Kingston Avenue", "building": "yes", "name": "Dilworth Artisan Station", "source": "http://dilworthartisan.com/index.html", "tourism": "gallery" }, "amenity": null, "shop": null, "leisure": null, "tourism": "gallery", "office": null, "public_transport": null, "healthcare": null, "craft": null, "stations_in_radius": [ "East/West" ], "stations_in_radius_dist_m": [ 168.89 ], "poi_cluster": "tourism" }, "geometry": { "type": "Point", "coordinates": [ -80.8577677, 35.2129374 ] } },
{ "type": "Feature", "properties": { "osm_id": 606469946, "name": "Holiday Inn Express & Suites", "lat": 35.2146381, "lon": -80.859284, "tags": { "addr:city": "Charlotte", "addr:housenumber": "1617", "addr:postcode": "28203", "addr:state": "NC", "addr:street": "South Tryon Street", "brand": "Holiday Inn Express & Suites", "brand:wikidata": "Q5880423", "building": "yes", "building:levels": "5", "name": "Holiday Inn Express & Suites", "tourism": "hotel" }, "amenity": null, "shop": null, "leisure": null, "tourism": "hotel", "office": null, "public_transport": null, "healthcare": null, "craft": null, "stations_in_radius": "['East/West' 'Bland']", "stations_in_radius_dist_m": "[299.4  387.65]", "poi_cluster": "tourism" }, "geometry": { "type": "Point", "coordinates": [ -80.859284, 35.2146381 ] } },
{ "type": "Feature", "properties": { "osm_id": 1196928924, "name": null, "lat": 35.2129863, "lon": -80.858043, "tags": { "artwork_type": "mural", "tourism": "artwork" }, "amenity": null, "shop": null, "leisure": null, "tourism": "artwork", "office": null, "public_transport": null, "healthcare": null, "craft": null, "stations_in_radius": [ "East/West" ], "stations_in_radius_dist_m": [ 154.87 ], "poi_cluster": "tourism" }, "geometry": { "type": "Point", "coordinates": [ -80.858043, 35.2129863 ] } },
{ "type": "Feature", "properties": { "osm_id": 1253668818, "name": null, "lat": 35.2185721, "lon": -80.8592759, "tags": { "area": "yes", "artwork_type": "mural", "tourism": "artwork" }, "amenity": null, "shop": null, "leisure": null, "tourism": "artwork", "office": null, "public_transport": null, "healthcare": null, "craft": null, "stations_in_radius": [ "Bland" ], "stations_in_radius_dist_m": [ 474.06 ], "poi_cluster": "tourism" }, "geometry": { "type": "Point", "coordinates": [ -80.8592759, 35.2185721 ] } },
{ "type": "Feature", "properties": { "osm_id": 1352819936, "name": "Color Forest", "lat": 35.216956, "lon": -80.8534129, "tags": { "area": "yes", "artwork_type": "installation", "name": "Color Forest", "tourism": "artwork" }, "amenity": null, "shop": null, "leisure": null, "tourism": "artwork", "office": null, "public_transport": null, "healthcare": null, "craft": null, "stations_in_radius": [ "Bland" ], "stations_in_radius_dist_m": [ 210.88 ], "poi_cluster": "tourism" }, "geometry": { "type": "Point", "coordinates": [ -80.8534129, 35.216956 ] } },
{ "type": "Feature", "properties": { "osm_id": 1352819937, "name": "Fowler Porch", "lat": 35.2158601, "lon": -80.855274, "tags": { "area": "yes", "artwork_type": "installation", "name": "Fowler Porch", "tourism": "artwork" }, "amenity": null, "shop": null, "leisure": null, "tourism": "artwork", "office": null, "public_transport": null, "healthcare": null, "craft": null, "stations_in_radius": [ "Bland" ], "stations_in_radius_dist_m": [ 3.38 ], "poi_cluster": "tourism" }, "geometry": { "type": "Point", "coordinates": [ -80.855274, 35.2158601 ] } },
{ "type": "Feature", "properties": { "osm_id": 1352819940, "name": "Rail Trail Chalkboard", "lat": 35.2136744, "lon": -80.8576339, "tags": { "artwork_type": "installation", "name": "Rail Trail Chalkboard", "tourism": "artwork" }, "amenity": null, "shop": null, "leisure": null, "tourism": "artwork", "office": null, "public_transport": null, "healthcare": null, "craft": null, "stations_in_radius": "['East/West' 'Bland']", "stations_in_radius_dist_m": "[237.79 321.01]", "poi_cluster": "tourism" }, "geometry": { "type": "Point", "coordinates": [ -80.8576339, 35.2136744 ] } },
{ "type": "Feature", "properties": { "osm_id": 1448530643, "name": null, "lat": 35.2183208, "lon": -80.8562489, "tags": { "artwork_type": "mural", "tourism": "artwork" }, "amenity": null, "shop": null, "leisure": null, "tourism": "artwork", "office": null, "public_transport": null, "healthcare": null, "craft": null, "stations_in_radius": [ "Bland" ], "stations_in_radius_dist_m": [ 289.96 ], "poi_cluster": "tourism" }, "geometry": { "type": "Point", "coordinates": [ -80.8562489, 35.2183208 ] } },
{ "type": "Feature", "properties": { "osm_id": 11008717, "name": "Elder Gallery", "lat": 35.2162523, "lon": -80.8571624, "tags": { "building": "yes", "name": "Elder Gallery", "tourism": "gallery", "type": "multipolygon", "website": "https://eldergalleryclt.com" }, "amenity": null, "shop": null, "leisure": null, "tourism": "gallery", "office": null, "public_transport": null, "healthcare": null, "craft": null, "stations_in_radius": [ "Bland" ], "stations_in_radius_dist_m": [ 177.61 ], "poi_cluster": "tourism" }, "geometry": { "type": "Point", "coordinates": [ -80.8571624, 35.2162523 ] } },
{ "type": "Feature", "properties": { "osm_id": 6532463478, "name": "Coldwell Banker", "lat": 35.2143081, "lon": -80.8562177, "tags": { "brand": "Coldwell Banker", "brand:wikidata": "Q738853", "name": "Coldwell Banker", "office": "estate_agent" }, "amenity": null, "shop": null, "leisure": null, "tourism": null, "office": "estate_agent", "public_transport": null, "healthcare": null, "craft": null, "stations_in_radius": "['Bland' 'East/West']", "stations_in_radius_dist_m": "[189.13 375.73]", "poi_cluster": "office" }, "geometry": { "type": "Point", "coordinates": [ -80.8562177, 35.2143081 ] } },
{ "type": "Feature", "properties": { "osm_id": 6532475895, "name": "H&R Block", "lat": 35.2145911, "lon": -80.8540976, "tags": { "brand": "H&R Block", "brand:wikidata": "Q5627799", "name": "H&R Block", "office": "tax_advisor" }, "amenity": null, "shop": null, "leisure": null, "tourism": null, "office": "tax_advisor", "public_transport": null, "healthcare": null, "craft": null, "stations_in_radius": [ "Bland" ], "stations_in_radius_dist_m": [ 174.52 ], "poi_cluster": "office" }, "geometry": { "type": "Point", "coordinates": [ -80.8540976, 35.2145911 ] } },
{ "type": "Feature", "properties": { "osm_id": 11289639662, "name": "WeWork", "lat": 35.2170223, "lon": -80.8557321, "tags": { "addr:city": "Charlotte", "addr:housenumber": "1422", "addr:postcode": "28203", "addr:state": "NC", "addr:street": "South Tryon Street", "addr:unit": "Suite 300", "brand": "WeWork", "brand:wikidata": "Q19995004", "fee": "yes", "level": "2-3", "name": "WeWork", "office": "coworking", "phone": "+1-704-703-1906", "website": "https://www.wework.com/" }, "amenity": null, "shop": null, "leisure": null, "tourism": null, "office": "coworking", "public_transport": null, "healthcare": null, "craft": null, "stations_in_radius": [ "Bland" ], "stations_in_radius_dist_m": [ 138.48 ], "poi_cluster": "office" }, "geometry": { "type": "Point", "coordinates": [ -80.8557321, 35.2170223 ] } },
{ "type": "Feature", "properties": { "osm_id": 11289639663, "name": "EY", "lat": 35.2170497, "lon": -80.855703, "tags": { "addr:city": "Charlotte", "addr:housenumber": "1422", "addr:postcode": "28203", "addr:state": "NC", "addr:street": "South Tryon Street", "brand": "EY", "brand:wikidata": "Q489097", "level": "4-5", "name": "EY", "office": "consulting", "official_name": "Ernst & Young", "website": "https://www.ey.com" }, "amenity": null, "shop": null, "leisure": null, "tourism": null, "office": "consulting", "public_transport": null, "healthcare": null, "craft": null, "stations_in_radius": [ "Bland" ], "stations_in_radius_dist_m": [ 140.64 ], "poi_cluster": "office" }, "geometry": { "type": "Point", "coordinates": [ -80.855703, 35.2170497 ] } },
{ "type": "Feature", "properties": { "osm_id": 11289639664, "name": "Slalom", "lat": 35.2170789, "lon": -80.8556724, "tags": { "addr:city": "Charlotte", "addr:housenumber": "1422", "addr:postcode": "28203", "addr:state": "NC", "addr:street": "South Tryon Street", "addr:unit": "Suite 600", "level": "6", "name": "Slalom", "office": "consulting", "website": "https://www.slalom.com/" }, "amenity": null, "shop": null, "leisure": null, "tourism": null, "office": "consulting", "public_transport": null, "healthcare": null, "craft": null, "stations_in_radius": [ "Bland" ], "stations_in_radius_dist_m": [ 143.03 ], "poi_cluster": "office" }, "geometry": { "type": "Point", "coordinates": [ -80.8556724, 35.2170789 ] } },
{ "type": "Feature", "properties": { "osm_id": 11289639665, "name": "Mcmillan Pazdan Smith", "lat": 35.2171071, "lon": -80.855643, "tags": { "addr:city": "Charlotte", "addr:housenumber": "1422", "addr:postcode": "28203", "addr:state": "NC", "addr:street": "South Tryon Street", "addr:unit": "Suite 700", "level": "7", "name": "Mcmillan Pazdan Smith", "office": "architect", "phone": "+1-980-201-3035", "website": "https://mcmillanpazdansmith.com/" }, "amenity": null, "shop": null, "leisure": null, "tourism": null, "office": "architect", "public_transport": null, "healthcare": null, "craft": null, "stations_in_radius": [ "Bland" ], "stations_in_radius_dist_m": [ 145.43 ], "poi_cluster": "office" }, "geometry": { "type": "Point", "coordinates": [ -80.855643, 35.2171071 ] } },
{ "type": "Feature", "properties": { "osm_id": 11289639666, "name": "Parsons", "lat": 35.2171342, "lon": -80.8556125, "tags": { "addr:city": "Charlotte", "addr:housenumber": "1422", "addr:postcode": "28203", "addr:state": "NC", "addr:street": "South Tryon Street", "addr:unit": "Suite 800", "level": "8", "name": "Parsons", "office": "company", "phone": "+1-980-266-4125", "website": "https://www.parsons.com/" }, "amenity": null, "shop": null, "leisure": null, "tourism": null, "office": "company", "public_transport": null, "healthcare": null, "craft": null, "stations_in_radius": [ "Bland" ], "stations_in_radius_dist_m": [ 147.77 ], "poi_cluster": "office" }, "geometry": { "type": "Point", "coordinates": [ -80.8556125, 35.2171342 ] } },
{ "type": "Feature", "properties": { "osm_id": 11289639667, "name": "Allstate", "lat": 35.2174548, "lon": -80.855272, "tags": { "brand": "Allstate", "brand:wikidata": "Q2645636", "name": "Allstate", "office": "insurance", "phone": "+1-704-578-8453" }, "amenity": null, "shop": null, "leisure": null, "tourism": null, "office": "insurance", "public_transport": null, "healthcare": null, "craft": null, "stations_in_radius": [ "Bland" ], "stations_in_radius_dist_m": [ 180.19 ], "poi_cluster": "office" }, "geometry": { "type": "Point", "coordinates": [ -80.855272, 35.2174548 ] } },
{ "type": "Feature", "properties": { "osm_id": 11289639668, "name": "Moody's", "lat": 35.2175173, "lon": -80.8552078, "tags": { "name": "Moody's", "office": "financial_advisor", "phone": "+1-212-553-0974" }, "amenity": null, "shop": null, "leisure": null, "tourism": null, "office": "financial_advisor", "public_transport": null, "healthcare": null, "craft": null, "stations_in_radius": [ "Bland" ], "stations_in_radius_dist_m": [ 187.24 ], "poi_cluster": "office" }, "geometry": { "type": "Point", "coordinates": [ -80.8552078, 35.2175173 ] } },
{ "type": "Feature", "properties": { "osm_id": 11289651369, "name": "Cousins", "lat": 35.2173354, "lon": -80.855856, "tags": { "addr:housenumber": "1414", "addr:street": "South Tryon Street", "name": "Cousins", "office": "estate_agent" }, "amenity": null, "shop": null, "leisure": null, "tourism": null, "office": "estate_agent", "public_transport": null, "healthcare": null, "craft": null, "stations_in_radius": [ "Bland" ], "stations_in_radius_dist_m": [ 174.99 ], "poi_cluster": "office" }, "geometry": { "type": "Point", "coordinates": [ -80.855856, 35.2173354 ] } },
{ "type": "Feature", "properties": { "osm_id": 11291317377, "name": "Browder Group Real Estate", "lat": 35.2164412, "lon": -80.8564445, "tags": { "addr:housenumber": "1440", "addr:street": "South Tryon Street", "addr:unit": "Suite 104", "name": "Browder Group Real Estate", "office": "estate_agent" }, "amenity": null, "shop": null, "leisure": null, "tourism": null, "office": "estate_agent", "public_transport": null, "healthcare": null, "craft": null, "stations_in_radius": [ "Bland" ], "stations_in_radius_dist_m": [ 125.8 ], "poi_cluster": "office" }, "geometry": { "type": "Point", "coordinates": [ -80.8564445, 35.2164412 ] } },
{ "type": "Feature", "properties": { "osm_id": 11483254446, "name": "Dimensional", "lat": 35.2157232, "lon": -80.8564597, "tags": { "name": "Dimensional", "office": "financial_advisor", "website": "https://www.dimensional.com" }, "amenity": null, "shop": null, "leisure": null, "tourism": null, "office": "financial_advisor", "public_transport": null, "healthcare": null, "craft": null, "stations_in_radius": "['Bland' 'East/West']", "stations_in_radius_dist_m": "[108.02 486.7 ]", "poi_cluster": "office" }, "geometry": { "type": "Point", "coordinates": [ -80.8564597, 35.2157232 ] } },
{ "type": "Feature", "properties": { "osm_id": 11654772729, "name": "Hodges Taylor", "lat": 35.217507, "lon": -80.8554961, "tags": { "name": "Hodges Taylor", "office": "consulting" }, "amenity": null, "shop": null, "leisure": null, "tourism": null, "office": "consulting", "public_transport": null, "healthcare": null, "craft": null, "stations_in_radius": [ "Bland" ], "stations_in_radius_dist_m": [ 187.02 ], "poi_cluster": "office" }, "geometry": { "type": "Point", "coordinates": [ -80.8554961, 35.217507 ] } },
{ "type": "Feature", "properties": { "osm_id": 837278806, "name": "Tin Fulton Walker & Owen", "lat": 35.2128444, "lon": -80.8539675, "tags": { "addr:city": "Charlotte", "addr:housenumber": "301", "addr:postcode": "28203", "addr:state": "NC", "addr:street": "East Park Avenue", "building": "office", "name": "Tin Fulton Walker & Owen", "office": "lawyer", "source": "microsoft/BuildingFootprints" }, "amenity": null, "shop": null, "leisure": null, "tourism": null, "office": "lawyer", "public_transport": null, "healthcare": null, "craft": null, "stations_in_radius": [ "Bland" ], "stations_in_radius_dist_m": [ 351.99 ], "poi_cluster": "office" }, "geometry": { "type": "Point", "coordinates": [ -80.8539675, 35.2128444 ] } },
{ "type": "Feature", "properties": { "osm_id": 4318405907, "name": "Wooden Robot", "lat": 35.2169992, "lon": -80.8570717, "tags": { "addr:city": "Charlotte", "addr:housenumber": "1440", "addr:postcode": "28203", "addr:state": "NC", "addr:street": "South Tryon Street", "addr:unit": "Suite 110", "craft": "brewery", "lgbtq": "welcome", "name": "Wooden Robot", "phone": "+19808197875", "website": "https://woodenrobotbrewery.com/" }, "amenity": null, "shop": null, "leisure": null, "tourism": null, "office": null, "public_transport": null, "healthcare": null, "craft": "brewery", "stations_in_radius": [ "Bland" ], "stations_in_radius_dist_m": [ 208.33 ], "poi_cluster": "nightlife" }, "geometry": { "type": "Point", "coordinates": [ -80.8570717, 35.2169992 ] } },
{ "type": "Feature", "properties": { "osm_id": 2624953033, "name": "Carrabba's Italian Grill", "lat": 35.2139184, "lon": -80.8556348, "tags": { "addr:city": "Charlotte", "addr:country": "US", "addr:housenumber": "1520", "addr:postcode": "28203", "addr:state": "NC", "addr:street": "South Boulevard", "amenity": "restaurant", "brand": "Carrabba's Italian Grill", "brand:wikidata": "Q5045999", "cuisine": "italian", "name": "Carrabba's Italian Grill", "opening_hours": "Su-Th 11:00-22:00, Fr-Sa 11:00-23:00", "phone": "+1-704-377-2458", "website": "https://www.carrabbas.com/restaurant/locations/nc/charlotte/charlotte-south-end/index.aspx" }, "amenity": "restaurant", "shop": null, "leisure": null, "tourism": null, "office": null, "public_transport": null, "healthcare": null, "craft": null, "stations_in_radius": "['Bland' 'East/West']", "stations_in_radius_dist_m": "[214.44 389.44]", "poi_cluster": "food" }, "geometry": { "type": "Point", "coordinates": [ -80.8556348, 35.2139184 ] } },
{ "type": "Feature", "properties": { "osm_id": 4318565911, "name": "La Capital MX", "lat": 35.2104226, "lon": -80.8594777, "tags": { "amenity": "restaurant", "cuisine": "mexican", "name": "La Capital MX" }, "amenity": "restaurant", "shop": null, "leisure": null, "tourism": null, "office": null, "public_transport": null, "healthcare": null, "craft": null, "stations_in_radius": [ "East/West" ], "stations_in_radius_dist_m": [ 170.59 ], "poi_cluster": "food" }, "geometry": { "type": "Point", "coordinates": [ -80.8594777, 35.2104226 ] } },
{ "type": "Feature", "properties": { "osm_id": 4318565948, "name": "Sullivan's Steak House", "lat": 35.2101455, "lon": -80.8598517, "tags": { "addr:city": "Charlotte", "addr:housenumber": "1928", "addr:postcode": "28203", "addr:state": "NC", "addr:street": "South Boulevard", "amenity": "restaurant", "cuisine": "steak_house", "name": "Sullivan's Steak House" }, "amenity": "restaurant", "shop": null, "leisure": null, "tourism": null, "office": null, "public_transport": null, "healthcare": null, "craft": null, "stations_in_radius": [ "East/West" ], "stations_in_radius_dist_m": [ 208.46 ], "poi_cluster": "food" }, "geometry": { "type": "Point", "coordinates": [ -80.8598517, 35.2101455 ] } },
{ "type": "Feature", "properties": { "osm_id": 4781465504, "name": "O-Ku", "lat": 35.2095731, "lon": -80.8604037, "tags": { "addr:city": "Charlotte", "amenity": "restaurant", "cuisine": "sushi", "name": "O-Ku" }, "amenity": "restaurant", "shop": null, "leisure": null, "tourism": null, "office": null, "public_transport": null, "healthcare": null, "craft": null, "stations_in_radius": [ "East/West" ], "stations_in_radius_dist_m": [ 285.5 ], "poi_cluster": "food" }, "geometry": { "type": "Point", "coordinates": [ -80.8604037, 35.2095731 ] } },
{ "type": "Feature", "properties": { "osm_id": 5266145724, "name": "Yamazaru Sushi & Sake", "lat": 35.2085683, "lon": -80.8633394, "tags": { "addr:city": "Charlotte", "addr:housenumber": "2173", "addr:postcode": "28203", "addr:state": "NC", "addr:street": "Hawkins Street", "addr:unit": "A", "amenity": "restaurant", "cuisine": "sushi", "name": "Yamazaru Sushi & Sake" }, "amenity": "restaurant", "shop": null, "leisure": null, "tourism": null, "office": null, "public_transport": null, "healthcare": null, "craft": null, "stations_in_radius": [ "East/West" ], "stations_in_radius_dist_m": [ 532.76 ], "poi_cluster": "food" }, "geometry": { "type": "Point", "coordinates": [ -80.8633394, 35.2085683 ] } },
{ "type": "Feature", "properties": { "osm_id": 5266158119, "name": "Pop the Top - Craft Beer Shop", "lat": 35.213017, "lon": -80.8593122, "tags": { "amenity": "bar", "name": "Pop the Top - Craft Beer Shop" }, "amenity": "bar", "shop": null, "leisure": null, "tourism": null, "office": null, "public_transport": null, "healthcare": null, "craft": null, "stations_in_radius": [ "East/West" ], "stations_in_radius_dist_m": [ 120.14 ], "poi_cluster": "nightlife" }, "geometry": { "type": "Point", "coordinates": [ -80.8593122, 35.213017 ] } },
{ "type": "Feature", "properties": { "osm_id": 5266162321, "name": "Leroy Fox Southend", "lat": 35.2139005, "lon": -80.8579383, "tags": { "amenity": "restaurant", "name": "Leroy Fox Southend" }, "amenity": "restaurant", "shop": null, "leisure": null, "tourism": null, "office": null, "public_transport": null, "healthcare": null, "craft": null, "stations_in_radius": "['East/West' 'Bland']", "stations_in_radius_dist_m": "[244.62 322.99]", "poi_cluster": "food" }, "geometry": { "type": "Point", "coordinates": [ -80.8579383, 35.2139005 ] } },
{ "type": "Feature", "properties": { "osm_id": 5266162322, "name": "Clean Juice", "lat": 35.2141008, "lon": -80.8577913, "tags": { "addr:city": "Charlotte", "addr:housenumber": "1616", "addr:postcode": "28203", "addr:state": "NC", "addr:street": "Camden Road", "addr:unit": "Suite 130", "amenity": "fast_food", "brand": "Clean Juice", "brand:wikidata": "Q60775550", "cuisine": "juice", "name": "Clean Juice", "takeaway": "yes" }, "amenity": "fast_food", "shop": null, "leisure": null, "tourism": null, "office": null, "public_transport": null, "healthcare": null, "craft": null, "stations_in_radius": "['East/West' 'Bland']", "stations_in_radius_dist_m": "[270.5  298.35]", "poi_cluster": "food" }, "geometry": { "type": "Point", "coordinates": [ -80.8577913, 35.2141008 ] } },
{ "type": "Feature", "properties": { "osm_id": 5266162323, "name": "Sabor", "lat": 35.2142154, "lon": -80.8577072, "tags": { "amenity": "restaurant", "name": "Sabor" }, "amenity": "restaurant", "shop": null, "leisure": null, "tourism": null, "office": null, "public_transport": null, "healthcare": null, "craft": null, "stations_in_radius": "['Bland' 'East/West']", "stations_in_radius_dist_m": "[284.36 285.31]", "poi_cluster": "food" }, "geometry": { "type": "Point", "coordinates": [ -80.8577072, 35.2142154 ] } },
{ "type": "Feature", "properties": { "osm_id": 5266164481, "name": "The UPS Store", "lat": 35.2125724, "lon": -80.8591845, "tags": { "amenity": "post_office", "brand": "The UPS Store", "brand:short": "UPS", "brand:wikidata": "Q7771029", "name": "The UPS Store", "shop": "copyshop", "short_name": "UPS" }, "amenity": "post_office", "shop": "copyshop", "leisure": null, "tourism": null, "office": null, "public_transport": null, "healthcare": null, "craft": null, "stations_in_radius": "['East/West' 'Bland']", "stations_in_radius_dist_m": "[ 70.15 506.75]", "poi_cluster": "errand" }, "geometry": { "type": "Point", "coordinates": [ -80.8591845, 35.2125724 ] } },
{ "type": "Feature", "properties": { "osm_id": 5266165570, "name": "Grace Covenant Church", "lat": 35.2118124, "lon": -80.8581993, "tags": { "addr:city": "Charlotte", "addr:housenumber": "1800", "addr:postcode": "28203", "addr:state": "NC", "addr:street": "South Boulevard", "amenity": "place_of_worship", "name": "Grace Covenant Church", "religion": "christian" }, "amenity": "place_of_worship", "shop": null, "leisure": null, "tourism": null, "office": null, "public_transport": null, "healthcare": null, "craft": null, "stations_in_radius": [ "East/West" ], "stations_in_radius_dist_m": [ 89.48 ], "poi_cluster": "public_services" }, "geometry": { "type": "Point", "coordinates": [ -80.8581993, 35.2118124 ] } },
{ "type": "Feature", "properties": { "osm_id": 5286419102, "name": "Preppy Pet", "lat": 35.2121562, "lon": -80.8612783, "tags": { "amenity": "animal_boarding", "name": "Preppy Pet" }, "amenity": "animal_boarding", "shop": null, "leisure": null, "tourism": null, "office": null, "public_transport": null, "healthcare": null, "craft": null, "stations_in_radius": [ "East/West" ], "stations_in_radius_dist_m": [ 193.38 ], "poi_cluster": "errand" }, "geometry": { "type": "Point", "coordinates": [ -80.8612783, 35.2121562 ] } },
{ "type": "Feature", "properties": { "osm_id": 5286423661, "name": "Luna's Living Kitchen", "lat": 35.2090646, "lon": -80.8609734, "tags": { "amenity": "restaurant", "name": "Luna's Living Kitchen" }, "amenity": "restaurant", "shop": null, "leisure": null, "tourism": null, "office": null, "public_transport": null, "healthcare": null, "craft": null, "stations_in_radius": [ "East/West" ], "stations_in_radius_dist_m": [ 358.65 ], "poi_cluster": "food" }, "geometry": { "type": "Point", "coordinates": [ -80.8609734, 35.2090646 ] } },
{ "type": "Feature", "properties": { "osm_id": 5528389570, "name": null, "lat": 35.2134674, "lon": -80.859749, "tags": { "amenity": "fountain" }, "amenity": "fountain", "shop": null, "leisure": null, "tourism": null, "office": null, "public_transport": null, "healthcare": null, "craft": null, "stations_in_radius": [ "East/West" ], "stations_in_radius_dist_m": [ 177.4 ], "poi_cluster": "recreation" }, "geometry": { "type": "Point", "coordinates": [ -80.859749, 35.2134674 ] } },
{ "type": "Feature", "properties": { "osm_id": 5750022471, "name": "Superica", "lat": 35.2117739, "lon": -80.8603349, "tags": { "addr:city": "Charlotte", "addr:housenumber": "101", "addr:postcode": "28203", "addr:state": "NC", "addr:street": "West Worthington Avenue", "addr:unit": "100", "amenity": "restaurant", "cuisine": "tex-mex", "name": "Superica", "outdoor_seating": "yes", "takeaway": "yes", "website": "http://www.superica.com/charlotte/" }, "amenity": "restaurant", "shop": null, "leisure": null, "tourism": null, "office": null, "public_transport": null, "healthcare": null, "craft": null, "stations_in_radius": [ "East/West" ], "stations_in_radius_dist_m": [ 107.61 ], "poi_cluster": "food" }, "geometry": { "type": "Point", "coordinates": [ -80.8603349, 35.2117739 ] } },
{ "type": "Feature", "properties": { "osm_id": 9842012385, "name": "PARA", "lat": 35.2105809, "lon": -80.8633085, "tags": { "amenity": "restaurant", "cuisine": "tapas;brunch", "diet:pescetarian": "yes", "diet:vegan": "yes", "diet:vegetarian": "yes", "name": "PARA", "phone": "+1 704-812-0607", "website": "https://www.paraclt.com/" }, "amenity": "restaurant", "shop": null, "leisure": null, "tourism": null, "office": null, "public_transport": null, "healthcare": null, "craft": null, "stations_in_radius": [ "East/West" ], "stations_in_radius_dist_m": [ 405.71 ], "poi_cluster": "food" }, "geometry": { "type": "Point", "coordinates": [ -80.8633085, 35.2105809 ] } },
{ "type": "Feature", "properties": { "osm_id": 9842012386, "name": "Bang Bang Burgers", "lat": 35.2105809, "lon": -80.8634238, "tags": { "addr:city": "Charlotte", "addr:housenumber": "235", "addr:postcode": "28203", "addr:state": "NC", "addr:street": "West Tremont Avenue", "addr:unit": "101", "amenity": "restaurant", "cuisine": "burger", "name": "Bang Bang Burgers", "phone": "+1 980 225 1016", "website": "https://bangbangburgersclt.com" }, "amenity": "restaurant", "shop": null, "leisure": null, "tourism": null, "office": null, "public_transport": null, "healthcare": null, "craft": null, "stations_in_radius": [ "East/West" ], "stations_in_radius_dist_m": [ 415.47 ], "poi_cluster": "food" }, "geometry": { "type": "Point", "coordinates": [ -80.8634238, 35.2105809 ] } },
{ "type": "Feature", "properties": { "osm_id": 9842054792, "name": "Krispy Kreme", "lat": 35.2100878, "lon": -80.8623402, "tags": { "addr:city": "Charlotte", "addr:housenumber": "2116", "addr:postcode": "28203", "addr:state": "NC", "addr:street": "Hawkins Street", "addr:unit": "102", "amenity": "fast_food", "brand": "Krispy Kreme", "brand:wikidata": "Q1192805", "cuisine": "donut", "drive_through": "no", "name": "Krispy Kreme", "opening_hours": "Su-Th 06:00-22:00; Fr,Sa 06:00-23:00", "phone": "+1-980-270-7117", "takeaway": "yes", "website": "https://www.krispykreme.com" }, "amenity": "fast_food", "shop": null, "leisure": null, "tourism": null, "office": null, "public_transport": null, "healthcare": null, "craft": null, "stations_in_radius": [ "East/West" ], "stations_in_radius_dist_m": [ 354.19 ], "poi_cluster": "food" }, "geometry": { "type": "Point", "coordinates": [ -80.8623402, 35.2100878 ] } },
{ "type": "Feature", "properties": { "osm_id": 9873301441, "name": "QC Pour House", "lat": 35.210813, "lon": -80.8620175, "tags": { "addr:city": "Charlotte", "addr:housenumber": "200", "addr:postcode": "28203", "addr:state": "NC", "addr:street": "West Tremont Avenue", "addr:unit": "#101", "amenity": "restaurant", "email": "info@qcpourhouse.com", "name": "QC Pour House", "opening_hours": "Mo-Fr 11:30-24:00; Sa-Su 11:00-24:00", "phone": "+1-980-219-7303", "website": "www.qcpourhouse.com" }, "amenity": "restaurant", "shop": null, "leisure": null, "tourism": null, "office": null, "public_transport": null, "healthcare": null, "craft": null, "stations_in_radius": [ "East/West" ], "stations_in_radius_dist_m": [ 287.73 ], "poi_cluster": "food" }, "geometry": { "type": "Point", "coordinates": [ -80.8620175, 35.210813 ] } },
{ "type": "Feature", "properties": { "osm_id": 10853533394, "name": "Shake Shack", "lat": 35.2107159, "lon": -80.8606625, "tags": { "amenity": "fast_food", "brand": "Shake Shack", "brand:wikidata": "Q1058722", "cuisine": "burger", "name": "Shake Shack", "takeaway": "yes" }, "amenity": "fast_food", "shop": null, "leisure": null, "tourism": null, "office": null, "public_transport": null, "healthcare": null, "craft": null, "stations_in_radius": [ "East/West" ], "stations_in_radius_dist_m": [ 192.05 ], "poi_cluster": "food" }, "geometry": { "type": "Point", "coordinates": [ -80.8606625, 35.2107159 ] } },
{ "type": "Feature", "properties": { "osm_id": 10853533396, "name": "Bitty & Beau's Coffee", "lat": 35.2107728, "lon": -80.8606196, "tags": { "amenity": "cafe", "name": "Bitty & Beau's Coffee" }, "amenity": "cafe", "shop": null, "leisure": null, "tourism": null, "office": null, "public_transport": null, "healthcare": null, "craft": null, "stations_in_radius": [ "East/West" ], "stations_in_radius_dist_m": [ 184.83 ], "poi_cluster": "food" }, "geometry": { "type": "Point", "coordinates": [ -80.8606196, 35.2107728 ] } },
{ "type": "Feature", "properties": { "osm_id": 10962328342, "name": "Sycamore Brewing", "lat": 35.2086645, "lon": -80.8621362, "tags": { "addr:city": "Charlotte", "addr:housenumber": "2151", "addr:postcode": "28203", "addr:state": "NC", "addr:street": "Hawkins Street", "amenity": "bar", "brewery": "yes;sycamore_brewing", "level": "0;1", "name": "Sycamore Brewing" }, "amenity": "bar", "shop": null, "leisure": null, "tourism": null, "office": null, "public_transport": null, "healthcare": null, "craft": null, "stations_in_radius": [ "East/West" ], "stations_in_radius_dist_m": [ 452.59 ], "poi_cluster": "nightlife" }, "geometry": { "type": "Point", "coordinates": [ -80.8621362, 35.2086645 ] } },
{ "type": "Feature", "properties": { "osm_id": 11009406048, "name": null, "lat": 35.2084725, "lon": -80.8635523, "tags": { "amenity": "waste_disposal" }, "amenity": "waste_disposal", "shop": null, "leisure": null, "tourism": null, "office": null, "public_transport": null, "healthcare": null, "craft": null, "stations_in_radius": [ "East/West" ], "stations_in_radius_dist_m": [ 554.05 ], "poi_cluster": "errand" }, "geometry": { "type": "Point", "coordinates": [ -80.8635523, 35.2084725 ] } },
{ "type": "Feature", "properties": { "osm_id": 11013083120, "name": null, "lat": 35.2101059, "lon": -80.8604695, "tags": { "amenity": "waste_disposal" }, "amenity": "waste_disposal", "shop": null, "leisure": null, "tourism": null, "office": null, "public_transport": null, "healthcare": null, "craft": null, "stations_in_radius": [ "East/West" ], "stations_in_radius_dist_m": [ 235.29 ], "poi_cluster": "errand" }, "geometry": { "type": "Point", "coordinates": [ -80.8604695, 35.2101059 ] } },
{ "type": "Feature", "properties": { "osm_id": 11013083121, "name": null, "lat": 35.2101258, "lon": -80.8604358, "tags": { "amenity": "waste_disposal" }, "amenity": "waste_disposal", "shop": null, "leisure": null, "tourism": null, "office": null, "public_transport": null, "healthcare": null, "craft": null, "stations_in_radius": [ "East/West" ], "stations_in_radius_dist_m": [ 231.85 ], "poi_cluster": "errand" }, "geometry": { "type": "Point", "coordinates": [ -80.8604358, 35.2101258 ] } },
{ "type": "Feature", "properties": { "osm_id": 11102351569, "name": "Barcelona Wine Bar", "lat": 35.2115482, "lon": -80.8601525, "tags": { "amenity": "restaurant", "cuisine": "tapas", "name": "Barcelona Wine Bar", "opening_hours": "Mo-Th 16:00-23:00; Fr 16:00-24:00; Sa 12:00-24:00; Su 12:00-21:00", "outdoor_seating": "yes", "website": "https://barcelonawinebar.com/location/charlotte/" }, "amenity": "restaurant", "shop": null, "leisure": null, "tourism": null, "office": null, "public_transport": null, "healthcare": null, "craft": null, "stations_in_radius": [ "East/West" ], "stations_in_radius_dist_m": [ 99.42 ], "poi_cluster": "food" }, "geometry": { "type": "Point", "coordinates": [ -80.8601525, 35.2115482 ] } },
{ "type": "Feature", "properties": { "osm_id": 11102351570, "name": "Byron’s South End", "lat": 35.211376, "lon": -80.8601744, "tags": { "amenity": "events_venue", "name": "Byron’s South End" }, "amenity": "events_venue", "shop": null, "leisure": null, "tourism": null, "office": null, "public_transport": null, "healthcare": null, "craft": null, "stations_in_radius": [ "East/West" ], "stations_in_radius_dist_m": [ 110.77 ], "poi_cluster": "nightlife" }, "geometry": { "type": "Point", "coordinates": [ -80.8601744, 35.211376 ] } },
{ "type": "Feature", "properties": { "osm_id": 11102351591, "name": "Emmy Squared Pizza", "lat": 35.2115306, "lon": -80.8614828, "tags": { "amenity": "restaurant", "cuisine": "pizza", "name": "Emmy Squared Pizza" }, "amenity": "restaurant", "shop": null, "leisure": null, "tourism": null, "office": null, "public_transport": null, "healthcare": null, "craft": null, "stations_in_radius": [ "East/West" ], "stations_in_radius_dist_m": [ 215.34 ], "poi_cluster": "food" }, "geometry": { "type": "Point", "coordinates": [ -80.8614828, 35.2115306 ] } },
{ "type": "Feature", "properties": { "osm_id": 11102351593, "name": "Hawkers", "lat": 35.2108919, "lon": -80.8605313, "tags": { "amenity": "restaurant", "cuisine": "asian", "name": "Hawkers" }, "amenity": "restaurant", "shop": null, "leisure": null, "tourism": null, "office": null, "public_transport": null, "healthcare": null, "craft": null, "stations_in_radius": [ "East/West" ], "stations_in_radius_dist_m": [ 169.89 ], "poi_cluster": "food" }, "geometry": { "type": "Point", "coordinates": [ -80.8605313, 35.2108919 ] } },
{ "type": "Feature", "properties": { "osm_id": 11102351594, "name": "Elsewhere", "lat": 35.2114695, "lon": -80.8603969, "tags": { "amenity": "bar", "name": "Elsewhere", "outdoor_seating": "yes" }, "amenity": "bar", "shop": null, "leisure": null, "tourism": null, "office": null, "public_transport": null, "healthcare": null, "craft": null, "stations_in_radius": [ "East/West" ], "stations_in_radius_dist_m": [ 123.26 ], "poi_cluster": "nightlife" }, "geometry": { "type": "Point", "coordinates": [ -80.8603969, 35.2114695 ] } },
{ "type": "Feature", "properties": { "osm_id": 11106094022, "name": "Fifth Third Bank", "lat": 35.2124904, "lon": -80.8590705, "tags": { "amenity": "bank", "brand": "Fifth Third Bank", "brand:wikidata": "Q1411810", "name": "Fifth Third Bank", "short_name": "5/3 Bank" }, "amenity": "bank", "shop": null, "leisure": null, "tourism": null, "office": null, "public_transport": null, "healthcare": null, "craft": null, "stations_in_radius": "['East/West' 'Bland']", "stations_in_radius_dist_m": "[ 61.71 506.15]", "poi_cluster": "errand" }, "geometry": { "type": "Point", "coordinates": [ -80.8590705, 35.2124904 ] } },
{ "type": "Feature", "properties": { "osm_id": 11291317376, "name": "Mi Cariño", "lat": 35.2162826, "lon": -80.8562065, "tags": { "addr:city": "Charlotte", "addr:housenumber": "1440", "addr:postcode": "28203", "addr:state": "NC", "addr:street": "South Tryon Street", "addr:unit": "Suite 100", "amenity": "restaurant", "bar": "yes", "cocktails": "yes", "cuisine": "mexican", "drink:mezcal": "yes", "name": "Mi Cariño", "opening_hours": "closed", "phone": "+19808195913", "website:menu": "http://places.singleplatform.com/vana/menu?ref=google" }, "amenity": "restaurant", "shop": null, "leisure": null, "tourism": null, "office": null, "public_transport": null, "healthcare": null, "craft": null, "stations_in_radius": "['Bland' 'East/West']", "stations_in_radius_dist_m": "[ 98.13 551.98]", "poi_cluster": "food" }, "geometry": { "type": "Point", "coordinates": [ -80.8562065, 35.2162826 ] } },
{ "type": "Feature", "properties": { "osm_id": 11454603808, "name": "Not Just Coffee", "lat": 35.2092908, "lon": -80.8608994, "tags": { "amenity": "cafe", "cuisine": "coffee_shop", "internet_access": "wlan", "internet_access:fee": "no", "name": "Not Just Coffee", "opening_hours": "Mo-Fr 07:00-18:00;Sa-Su 7:30-18:00", "power_supply": "yes", "website": "https://www.notjust.coffee" }, "amenity": "cafe", "shop": null, "leisure": null, "tourism": null, "office": null, "public_transport": null, "healthcare": null, "craft": null, "stations_in_radius": [ "East/West" ], "stations_in_radius_dist_m": [ 333.31 ], "poi_cluster": "food" }, "geometry": { "type": "Point", "coordinates": [ -80.8608994, 35.2092908 ] } },
{ "type": "Feature", "properties": { "osm_id": 11454603809, "name": "Tremont", "lat": 35.2096752, "lon": -80.8606797, "tags": { "amenity": "bar", "name": "Tremont" }, "amenity": "bar", "shop": null, "leisure": null, "tourism": null, "office": null, "public_transport": null, "healthcare": null, "craft": null, "stations_in_radius": [ "East/West" ], "stations_in_radius_dist_m": [ 286.3 ], "poi_cluster": "nightlife" }, "geometry": { "type": "Point", "coordinates": [ -80.8606797, 35.2096752 ] } },
{ "type": "Feature", "properties": { "osm_id": 11483254445, "name": "Condado Tacos", "lat": 35.2152515, "lon": -80.8567631, "tags": { "amenity": "restaurant", "brand": "Condado Tacos", "brand:wikidata": "Q118640152", "cuisine": "mexican", "name": "Condado Tacos" }, "amenity": "restaurant", "shop": null, "leisure": null, "tourism": null, "office": null, "public_transport": null, "healthcare": null, "craft": null, "stations_in_radius": "['Bland' 'East/West']", "stations_in_radius_dist_m": "[149.45 427.62]", "poi_cluster": "food" }, "geometry": { "type": "Point", "coordinates": [ -80.8567631, 35.2152515 ] } },
{ "type": "Feature", "properties": { "osm_id": 11483254447, "name": "Sushi Hana", "lat": 35.2156979, "lon": -80.8567804, "tags": { "amenity": "restaurant", "cuisine": "sushi", "name": "Sushi Hana", "website": "https://sushihanaclt.com=" }, "amenity": "restaurant", "shop": null, "leisure": null, "tourism": null, "office": null, "public_transport": null, "healthcare": null, "craft": null, "stations_in_radius": [ "Bland" ], "stations_in_radius_dist_m": [ 137.34 ], "poi_cluster": "food" }, "geometry": { "type": "Point", "coordinates": [ -80.8567804, 35.2156979 ] } },
{ "type": "Feature", "properties": { "osm_id": 11483254448, "name": "Hawthorne's NY Pizza & Bar", "lat": 35.2152861, "lon": -80.8577064, "tags": { "addr:city": "Charlotte", "addr:housenumber": "1515", "addr:postcode": "28203", "addr:state": "NC", "addr:street": "South Tryon Street", "addr:unit": "104", "amenity": "restaurant", "cuisine": "pizza", "name": "Hawthorne's NY Pizza & Bar", "opening_hours": "Tu-Th 11:00-21:00; Fr-Sa 11:00-22:00; Su 11:00-21:00", "phone": "+1-866-799-8014", "website": "https://pizzacharlottenc.com" }, "amenity": "restaurant", "shop": null, "leisure": null, "tourism": null, "office": null, "public_transport": null, "healthcare": null, "craft": null, "stations_in_radius": "['Bland' 'East/West']", "stations_in_radius_dist_m": "[228.92 394.27]", "poi_cluster": "food" }, "geometry": { "type": "Point", "coordinates": [ -80.8577064, 35.2152861 ] } },
{ "type": "Feature", "properties": { "osm_id": 11483254449, "name": "The Salty Donut", "lat": 35.214926, "lon": -80.8570236, "tags": { "amenity": "fast_food", "cuisine": "donut", "name": "The Salty Donut", "website": "https://www.saltydonut.com/locations/south-end" }, "amenity": "fast_food", "shop": null, "leisure": null, "tourism": null, "office": null, "public_transport": null, "healthcare": null, "craft": null, "stations_in_radius": "['Bland' 'East/West']", "stations_in_radius_dist_m": "[187.7  384.48]", "poi_cluster": "food" }, "geometry": { "type": "Point", "coordinates": [ -80.8570236, 35.214926 ] } },
{ "type": "Feature", "properties": { "osm_id": 11981588984, "name": "Broken Promises", "lat": 35.2108795, "lon": -80.862562, "tags": { "amenity": "nightclub", "name": "Broken Promises" }, "amenity": "nightclub", "shop": null, "leisure": null, "tourism": null, "office": null, "public_transport": null, "healthcare": null, "craft": null, "stations_in_radius": [ "East/West" ], "stations_in_radius_dist_m": [ 330.37 ], "poi_cluster": "nightlife" }, "geometry": { "type": "Point", "coordinates": [ -80.862562, 35.2108795 ] } },
{ "type": "Feature", "properties": { "osm_id": 12344562758, "name": "Pins Mechanical", "lat": 35.2106346, "lon": -80.8641433, "tags": { "addr:city": "Charlotte", "addr:housenumber": "307", "addr:postcode": "28203", "addr:state": "NC", "addr:street": "West Tremont Avenue", "amenity": "bar", "leisure": "amusement_arcade;bowling_alley", "min_age": "21", "name": "Pins Mechanical", "website": "https://www.pinsbar.com/locations/charlotte" }, "amenity": "bar", "shop": null, "leisure": "amusement_arcade;bowling_alley", "tourism": null, "office": null, "public_transport": null, "healthcare": null, "craft": null, "stations_in_radius": [ "East/West" ], "stations_in_radius_dist_m": [ 475.24 ], "poi_cluster": "nightlife" }, "geometry": { "type": "Point", "coordinates": [ -80.8641433, 35.2106346 ] } },
{ "type": "Feature", "properties": { "osm_id": 12634674726, "name": "Chapter 6", "lat": 35.2090182, "lon": -80.8617514, "tags": { "amenity": "restaurant", "level": "0", "name": "Chapter 6" }, "amenity": "restaurant", "shop": null, "leisure": null, "tourism": null, "office": null, "public_transport": null, "healthcare": null, "craft": null, "stations_in_radius": [ ], "stations_in_radius_dist_m": [ ], "poi_cluster": "food" }, "geometry": { "type": "Point", "coordinates": [ -80.8617514, 35.2090182 ] } },
{ "type": "Feature", "properties": { "osm_id": 12958734947, "name": "Two Scoops Creamery", "lat": 35.2141663, "lon": -80.8577433, "tags": { "addr:city": "Charlotte", "addr:housenumber": "1616", "addr:postcode": "28203", "addr:state": "NC", "addr:street": "Camden Road", "addr:unit": "100", "amenity": "ice_cream", "name": "Two Scoops Creamery", "phone": "+1-980-237-2149", "website": "https://twoscoopscreamery.com" }, "amenity": "ice_cream", "shop": null, "leisure": null, "tourism": null, "office": null, "public_transport": null, "healthcare": null, "craft": null, "stations_in_radius": "['East/West' 'Bland']", "stations_in_radius_dist_m": "[278.96 290.35]", "poi_cluster": "food" }, "geometry": { "type": "Point", "coordinates": [ -80.8577433, 35.2141663 ] } },
{ "type": "Feature", "properties": { "osm_id": 12958734963, "name": "Clean Eatz Express", "lat": 35.2126071, "lon": -80.8592517, "tags": { "amenity": "restaurant", "name": "Clean Eatz Express", "not:brand:wikidata": "Q124412638", "shop": "health_food" }, "amenity": "restaurant", "shop": "health_food", "leisure": null, "tourism": null, "office": null, "public_transport": null, "healthcare": null, "craft": null, "stations_in_radius": [ "East/West" ], "stations_in_radius_dist_m": [ 74.35 ], "poi_cluster": "food" }, "geometry": { "type": "Point", "coordinates": [ -80.8592517, 35.2126071 ] } },
{ "type": "Feature", "properties": { "osm_id": 12958734970, "name": "Tutti Gelato", "lat": 35.2136388, "lon": -80.8581241, "tags": { "amenity": "ice_cream", "name": "Tutti Gelato", "website": "https://www.tuttigelatousa.com" }, "amenity": "ice_cream", "shop": null, "leisure": null, "tourism": null, "office": null, "public_transport": null, "healthcare": null, "craft": null, "stations_in_radius": "['East/West' 'Bland']", "stations_in_radius_dist_m": "[211.08 355.04]", "poi_cluster": "food" }, "geometry": { "type": "Point", "coordinates": [ -80.8581241, 35.2136388 ] } },
{ "type": "Feature", "properties": { "osm_id": 13115252246, "name": "Folia", "lat": 35.2163198, "lon": -80.8562734, "tags": { "addr:city": "Charlotte", "addr:housenumber": "1440", "addr:postcode": "28203", "addr:state": "NC", "addr:street": "South Tryon Street", "addr:unit": "102", "amenity": "bar", "name": "Folia", "website": "https://www.foliaclt.com" }, "amenity": "bar", "shop": null, "leisure": null, "tourism": null, "office": null, "public_transport": null, "healthcare": null, "craft": null, "stations_in_radius": "['Bland' 'East/West']", "stations_in_radius_dist_m": "[105.47 552.65]", "poi_cluster": "nightlife" }, "geometry": { "type": "Point", "coordinates": [ -80.8562734, 35.2163198 ] } },
{ "type": "Feature", "properties": { "osm_id": 13125416751, "name": "SipCha", "lat": 35.2084713, "lon": -80.8595189, "tags": { "amenity": "cafe", "cuisine": "bubble_tea", "name": "SipCha" }, "amenity": "cafe", "shop": null, "leisure": null, "tourism": null, "office": null, "public_transport": null, "healthcare": null, "craft": null, "stations_in_radius": [ "East/West" ], "stations_in_radius_dist_m": [ 385.99 ], "poi_cluster": "food" }, "geometry": { "type": "Point", "coordinates": [ -80.8595189, 35.2084713 ] } },
{ "type": "Feature", "properties": { "osm_id": 13125416752, "name": "Dynamic Dental", "lat": 35.2086233, "lon": -80.8598222, "tags": { "amenity": "dentist", "healthcare": "dentist", "name": "Dynamic Dental" }, "amenity": "dentist", "shop": null, "leisure": null, "tourism": null, "office": null, "public_transport": null, "healthcare": "dentist", "craft": null, "stations_in_radius": [ "East/West" ], "stations_in_radius_dist_m": [ 372.58 ], "poi_cluster": "healthcare" }, "geometry": { "type": "Point", "coordinates": [ -80.8598222, 35.2086233 ] } },
{ "type": "Feature", "properties": { "osm_id": 13125416753, "name": "Capsule", "lat": 35.2086847, "lon": -80.8598088, "tags": { "amenity": "pharmacy", "healthcare": "pharmacy", "name": "Capsule" }, "amenity": "pharmacy", "shop": null, "leisure": null, "tourism": null, "office": null, "public_transport": null, "healthcare": "pharmacy", "craft": null, "stations_in_radius": [ "East/West" ], "stations_in_radius_dist_m": [ 365.67 ], "poi_cluster": "healthcare" }, "geometry": { "type": "Point", "coordinates": [ -80.8598088, 35.2086847 ] } },
{ "type": "Feature", "properties": { "osm_id": 13125416755, "name": "Atrium Health Urgent Care", "lat": 35.2088065, "lon": -80.8597852, "tags": { "amenity": "hospital", "healthcare": "hospital", "name": "Atrium Health Urgent Care", "operator": "Atrium Health", "operator:type": "private", "operator:wikidata": "Q5044932" }, "amenity": "hospital", "shop": null, "leisure": null, "tourism": null, "office": null, "public_transport": null, "healthcare": "hospital", "craft": null, "stations_in_radius": [ "East/West" ], "stations_in_radius_dist_m": [ 351.99 ], "poi_cluster": "healthcare" }, "geometry": { "type": "Point", "coordinates": [ -80.8597852, 35.2088065 ] } },
{ "type": "Feature", "properties": { "osm_id": 13125416756, "name": "Snooze", "lat": 35.2083877, "lon": -80.8598578, "tags": { "amenity": "restaurant", "brand": "Snooze", "brand:wikidata": "Q111304345", "cuisine": "breakfast", "name": "Snooze", "official_name": "Snooze, an A.M. Eatery" }, "amenity": "restaurant", "shop": null, "leisure": null, "tourism": null, "office": null, "public_transport": null, "healthcare": null, "craft": null, "stations_in_radius": [ "East/West" ], "stations_in_radius_dist_m": [ 398.89 ], "poi_cluster": "food" }, "geometry": { "type": "Point", "coordinates": [ -80.8598578, 35.2083877 ] } },
{ "type": "Feature", "properties": { "osm_id": 13125416757, "name": "Silverlake Ramen", "lat": 35.2082662, "lon": -80.8597864, "tags": { "amenity": "restaurant", "cuisine": "ramen", "name": "Silverlake Ramen" }, "amenity": "restaurant", "shop": null, "leisure": null, "tourism": null, "office": null, "public_transport": null, "healthcare": null, "craft": null, "stations_in_radius": [ "East/West" ], "stations_in_radius_dist_m": [ 411.27 ], "poi_cluster": "food" }, "geometry": { "type": "Point", "coordinates": [ -80.8597864, 35.2082662 ] } },
{ "type": "Feature", "properties": { "osm_id": 13134650026, "name": "Passport Health South End, Charlotte Travel Clinic", "lat": 35.2141092, "lon": -80.855411, "tags": { "addr:city": "Charlotte", "addr:housenumber": "1520", "addr:postcode": "28203", "addr:state": "NC", "addr:street": "South Boulevard", "addr:unit": "220", "amenity": "clinic", "healthcare": "clinic", "healthcare:speciality": "travel_clinic;vaccination", "name": "Passport Health South End, Charlotte Travel Clinic", "operator": "Passport Health", "operator:type": "private", "operator:wikidata": "Q30270336" }, "amenity": "clinic", "shop": null, "leisure": null, "tourism": null, "office": null, "public_transport": null, "healthcare": "clinic", "craft": null, "stations_in_radius": "['Bland' 'East/West']", "stations_in_radius_dist_m": "[191.21 418.24]", "poi_cluster": "healthcare" }, "geometry": { "type": "Point", "coordinates": [ -80.855411, 35.2141092 ] } },
{ "type": "Feature", "properties": { "osm_id": 13179448582, "name": "La Lima Sangucheria", "lat": 35.2140081, "lon": -80.8558305, "tags": { "amenity": "restaurant", "cuisine": "sandwich", "name": "La Lima Sangucheria", "website": "https://www.lalimasangucheria.com" }, "amenity": "restaurant", "shop": null, "leisure": null, "tourism": null, "office": null, "public_transport": null, "healthcare": null, "craft": null, "stations_in_radius": "['Bland' 'East/West']", "stations_in_radius_dist_m": "[208.17 380.77]", "poi_cluster": "food" }, "geometry": { "type": "Point", "coordinates": [ -80.8558305, 35.2140081 ] } },
{ "type": "Feature", "properties": { "osm_id": 13179474382, "name": "CAVA", "lat": 35.2072946, "lon": -80.8610887, "tags": { "amenity": "restaurant", "brand": "CAVA", "brand:wikidata": "Q85751038", "cuisine": "mediterranean", "name": "CAVA" }, "amenity": "restaurant", "shop": null, "leisure": null, "tourism": null, "office": null, "public_transport": null, "healthcare": null, "craft": null, "stations_in_radius": [ "East/West" ], "stations_in_radius_dist_m": [ 543.97 ], "poi_cluster": "food" }, "geometry": { "type": "Point", "coordinates": [ -80.8610887, 35.2072946 ] } },
{ "type": "Feature", "properties": { "osm_id": 146307369, "name": "Trolley Barn Fermentory & Food Hall", "lat": 35.2086785, "lon": -80.8615839, "tags": { "addr:city": "Charlotte", "addr:housenumber": "2104", "addr:postcode": "28203", "addr:state": "NC", "addr:street": "South Boulevard", "amenity": "restaurant", "building": "yes", "cuisine": "burger;american;asian;kebab;mexican", "height": "10", "name": "Trolley Barn Fermentory & Food Hall", "opening_hours": "Mo-Th 11:00-22:00; Fr,Sa 11:00-23:00; Su 10:00-21:00", "phone": "+1-980-938-0984", "website": "https://www.trolleybarnclt.com" }, "amenity": "restaurant", "shop": null, "leisure": null, "tourism": null, "office": null, "public_transport": null, "healthcare": null, "craft": null, "stations_in_radius": [ "East/West" ], "stations_in_radius_dist_m": [ 423.2 ], "poi_cluster": "food" }, "geometry": { "type": "Point", "coordinates": [ -80.8615839, 35.2086785 ] } },
{ "type": "Feature", "properties": { "osm_id": 249994231, "name": "Charlotte Fire Department Station 2", "lat": 35.2109205, "lon": -80.858064, "tags": { "addr:city": "Charlotte", "addr:housenumber": "1817", "addr:postcode": "28203", "addr:state": "NC", "addr:street": "South Boulevard", "amenity": "fire_station", "building": "public", "ele": "235", "gnis:feature_id": "1986148", "name": "Charlotte Fire Department Station 2", "source": "USGS Geonames" }, "amenity": "fire_station", "shop": null, "leisure": null, "tourism": null, "office": null, "public_transport": null, "healthcare": null, "craft": null, "stations_in_radius": [ "East/West" ], "stations_in_radius_dist_m": [ 151.38 ], "poi_cluster": "public_services" }, "geometry": { "type": "Point", "coordinates": [ -80.858064, 35.2109205 ] } },
{ "type": "Feature", "properties": { "osm_id": 249994232, "name": "U.S. Bank", "lat": 35.2112902, "lon": -80.8577258, "tags": { "addr:city": "Charlotte", "addr:country": "US", "addr:housenumber": "1801", "addr:postcode": "28203", "addr:state": "NC", "addr:street": "South Boulevard", "amenity": "bank", "brand": "U.S. Bank", "brand:wikidata": "Q739084", "building": "yes", "disused:amenity": "restaurant", "name": "U.S. Bank", "was:cuisine": "pizza", "was:diet:gluten_free": "yes", "was:diet:vegan": "yes", "was:name": "Fuel Pizza", "was:phone": "+1 704-335-7375", "was:website": "http://www.fuelpizza.com/" }, "amenity": "bank", "shop": null, "leisure": null, "tourism": null, "office": null, "public_transport": null, "healthcare": null, "craft": null, "stations_in_radius": [ "East/West" ], "stations_in_radius_dist_m": [ 149.9 ], "poi_cluster": "errand" }, "geometry": { "type": "Point", "coordinates": [ -80.8577258, 35.2112902 ] } },
{ "type": "Feature", "properties": { "osm_id": 394430311, "name": "Flower Child", "lat": 35.2150607, "lon": -80.8564915, "tags": { "amenity": "restaurant", "building": "yes", "name": "Flower Child" }, "amenity": "restaurant", "shop": null, "leisure": null, "tourism": null, "office": null, "public_transport": null, "healthcare": null, "craft": null, "stations_in_radius": "['Bland' 'East/West']", "stations_in_radius_dist_m": "[139.41 423.33]", "poi_cluster": "food" }, "geometry": { "type": "Point", "coordinates": [ -80.8564915, 35.2150607 ] } },
{ "type": "Feature", "properties": { "osm_id": 432915320, "name": "Concentra Urgent Care", "lat": 35.213569, "lon": -80.8562927, "tags": { "addr:city": "Charlotte", "addr:housenumber": "1614", "addr:postcode": "28203", "addr:state": "NC", "addr:street": "South Boulevard", "amenity": "clinic", "building": "yes", "healthcare": "clinic", "name": "Concentra Urgent Care", "operator": "Concentra", "operator:wikidata": "Q5158304" }, "amenity": "clinic", "shop": null, "leisure": null, "tourism": null, "office": null, "public_transport": null, "healthcare": "clinic", "craft": null, "stations_in_radius": "['Bland' 'East/West']", "stations_in_radius_dist_m": "[267.15 318.15]", "poi_cluster": "healthcare" }, "geometry": { "type": "Point", "coordinates": [ -80.8562927, 35.213569 ] } },
{ "type": "Feature", "properties": { "osm_id": 432915324, "name": "Bojangles'", "lat": 35.2144714, "lon": -80.8621043, "tags": { "addr:city": "Charlotte", "addr:housenumber": "300", "addr:postcode": "28203", "addr:state": "NC", "addr:street": "West Boulevard", "amenity": "fast_food", "brand": "Bojangles'", "brand:wikidata": "Q891163", "building": "yes", "cuisine": "chicken", "drive_through": "yes", "name": "Bojangles'", "official_name": "Bojangles' Famous Chicken 'n Biscuits", "phone": "+1 704-332-8924", "takeaway": "yes", "website": "https://locations.bojangles.com/nc/charlotte/300-west-blvd.html" }, "amenity": "fast_food", "shop": null, "leisure": null, "tourism": null, "office": null, "public_transport": null, "healthcare": null, "craft": null, "stations_in_radius": [ "East/West" ], "stations_in_radius_dist_m": [ 387.47 ], "poi_cluster": "food" }, "geometry": { "type": "Point", "coordinates": [ -80.8621043, 35.2144714 ] } },
{ "type": "Feature", "properties": { "osm_id": 432929179, "name": null, "lat": 35.2105517, "lon": -80.8596298, "tags": { "amenity": "restaurant", "building": "yes" }, "amenity": "restaurant", "shop": null, "leisure": null, "tourism": null, "office": null, "public_transport": null, "healthcare": null, "craft": null, "stations_in_radius": [ "East/West" ], "stations_in_radius_dist_m": [ 159.55 ], "poi_cluster": "food" }, "geometry": { "type": "Point", "coordinates": [ -80.8596298, 35.2105517 ] } },
{ "type": "Feature", "properties": { "osm_id": 432929183, "name": "Dunkin'", "lat": 35.2106657, "lon": -80.8583987, "tags": { "addr:city": "Charlotte", "addr:housenumber": "1831", "addr:postcode": "28203", "addr:state": "NC", "addr:street": "South Boulevard", "alt_name": "Dunkin' Donuts", "amenity": "fast_food", "brand": "Dunkin'", "brand:wikidata": "Q847743", "building": "commercial", "cuisine": "donut;coffee_shop", "drive_through": "no", "name": "Dunkin'", "opening_hours": "Mo-Fr 05:00-19:00; Sa-Su 06:00-19:00", "phone": "+1 704-377-4026", "ref": "337361", "takeaway": "yes", "website": "https://locations.dunkindonuts.com/en/nc/charlotte/1831-south-blvd/337361" }, "amenity": "fast_food", "shop": null, "leisure": null, "tourism": null, "office": null, "public_transport": null, "healthcare": null, "craft": null, "stations_in_radius": [ "East/West" ], "stations_in_radius_dist_m": [ 157.8 ], "poi_cluster": "food" }, "geometry": { "type": "Point", "coordinates": [ -80.8583987, 35.2106657 ] } },
{ "type": "Feature", "properties": { "osm_id": 432937688, "name": "Chipotle", "lat": 35.2074284, "lon": -80.8602476, "tags": { "addr:city": "Charlotte", "addr:housenumber": "2109", "addr:postcode": "28203", "addr:state": "NC", "addr:street": "South Boulevard", "amenity": "fast_food", "brand": "Chipotle", "brand:wikidata": "Q465751", "building": "yes", "cuisine": "mexican", "diet:vegan": "yes", "diet:vegetarian": "yes", "name": "Chipotle", "official_name": "Chipotle Mexican Grill", "phone": "+1 704-332-2311", "takeaway": "yes", "website": "https://locations.chipotle.com/nc/charlotte/2109-south-blvd" }, "amenity": "fast_food", "shop": null, "leisure": null, "tourism": null, "office": null, "public_transport": null, "healthcare": null, "craft": null, "stations_in_radius": [ "East/West" ], "stations_in_radius_dist_m": [ 509.86 ], "poi_cluster": "food" }, "geometry": { "type": "Point", "coordinates": [ -80.8602476, 35.2074284 ] } },
{ "type": "Feature", "properties": { "osm_id": 432937691, "name": "Leather and Lace", "lat": 35.2080174, "lon": -80.8599877, "tags": { "amenity": "stripclub", "building": "yes", "name": "Leather and Lace" }, "amenity": "stripclub", "shop": null, "leisure": null, "tourism": null, "office": null, "public_transport": null, "healthcare": null, "craft": null, "stations_in_radius": [ "East/West" ], "stations_in_radius_dist_m": [ 441.34 ], "poi_cluster": "nightlife" }, "geometry": { "type": "Point", "coordinates": [ -80.8599877, 35.2080174 ] } },
{ "type": "Feature", "properties": { "osm_id": 432937714, "name": "Wells Fargo", "lat": 35.212793, "lon": -80.8560566, "tags": { "amenity": "bank", "atm": "yes", "brand": "Wells Fargo", "brand:wikidata": "Q744149", "building": "commercial", "drive_through": "yes", "name": "Wells Fargo" }, "amenity": "bank", "shop": null, "leisure": null, "tourism": null, "office": null, "public_transport": null, "healthcare": null, "craft": null, "stations_in_radius": "['East/West' 'Bland']", "stations_in_radius_dist_m": "[298.74 344.14]", "poi_cluster": "errand" }, "geometry": { "type": "Point", "coordinates": [ -80.8560566, 35.212793 ] } },
{ "type": "Feature", "properties": { "osm_id": 432937716, "name": "Sandwich Max", "lat": 35.2133927, "lon": -80.8554999, "tags": { "addr:country": "US", "addr:housenumber": "1601", "addr:postcode": "28203", "addr:state": "NC", "addr:street": "South Boulevard", "amenity": "fast_food", "building": "commercial", "cuisine": "sandwich", "name": "Sandwich Max" }, "amenity": "fast_food", "shop": null, "leisure": null, "tourism": null, "office": null, "public_transport": null, "healthcare": null, "craft": null, "stations_in_radius": "['Bland' 'East/West']", "stations_in_radius_dist_m": "[271.04 370.86]", "poi_cluster": "food" }, "geometry": { "type": "Point", "coordinates": [ -80.8554999, 35.2133927 ] } },
{ "type": "Feature", "properties": { "osm_id": 432937727, "name": "CVS Pharmacy", "lat": 35.2137137, "lon": -80.8551063, "tags": { "amenity": "pharmacy", "brand": "CVS Pharmacy", "brand:website": "https://www.cvs.com/", "brand:wikidata": "Q2078880", "building": "yes", "dispensing": "yes", "healthcare": "pharmacy", "name": "CVS Pharmacy", "short_name": "CVS", "website": "https://www.cvs.com/store-locator/charlotte-nc-pharmacies/1533-south-blvd-charlotte-nc-28203/storeid=3185" }, "amenity": "pharmacy", "shop": null, "leisure": null, "tourism": null, "office": null, "public_transport": null, "healthcare": "pharmacy", "craft": null, "stations_in_radius": "['Bland' 'East/West']", "stations_in_radius_dist_m": "[235.23 418.91]", "poi_cluster": "healthcare" }, "geometry": { "type": "Point", "coordinates": [ -80.8551063, 35.2137137 ] } },
{ "type": "Feature", "properties": { "osm_id": 547711894, "name": "Thai Taste", "lat": 35.2099796, "lon": -80.8559654, "tags": { "addr:city": "Charlotte", "addr:housenumber": "324", "addr:postcode": "28203", "addr:state": "NC", "addr:street": "East Boulevard", "amenity": "restaurant", "building": "commercial", "name": "Thai Taste" }, "amenity": "restaurant", "shop": null, "leisure": null, "tourism": null, "office": null, "public_transport": null, "healthcare": null, "craft": null, "stations_in_radius": [ "East/West" ], "stations_in_radius_dist_m": [ 363.79 ], "poi_cluster": "food" }, "geometry": { "type": "Point", "coordinates": [ -80.8559654, 35.2099796 ] } },
{ "type": "Feature", "properties": { "osm_id": 553077609, "name": "Common Market", "lat": 35.2103591, "lon": -80.8635992, "tags": { "addr:city": "Charlotte", "addr:housenumber": "235", "addr:postcode": "28203", "addr:state": "NC", "addr:street": "West Tremont Avenue", "amenity": "marketplace", "building": "yes", "name": "Common Market", "opening_hours": "Su,Mo 08:00-20:00; Tu-Th 08:00-22:00; Fr,Sa 08:00-23:00", "phone": "+1 980 207 3187", "website": "https://commonmarketisgood.com/" }, "amenity": "marketplace", "shop": null, "leisure": null, "tourism": null, "office": null, "public_transport": null, "healthcare": null, "craft": null, "stations_in_radius": [ "East/West" ], "stations_in_radius_dist_m": [ 439.61 ], "poi_cluster": "retail" }, "geometry": { "type": "Point", "coordinates": [ -80.8635992, 35.2103591 ] } },
{ "type": "Feature", "properties": { "osm_id": 553360559, "name": "Velvet Taco", "lat": 35.2089758, "lon": -80.8634366, "tags": { "amenity": "restaurant", "building": "yes", "cuisine": "tex-mex", "name": "Velvet Taco" }, "amenity": "restaurant", "shop": null, "leisure": null, "tourism": null, "office": null, "public_transport": null, "healthcare": null, "craft": null, "stations_in_radius": [ "East/West" ], "stations_in_radius_dist_m": [ 508.79 ], "poi_cluster": "food" }, "geometry": { "type": "Point", "coordinates": [ -80.8634366, 35.2089758 ] } },
{ "type": "Feature", "properties": { "osm_id": 738607080, "name": "300 East", "lat": 35.2105604, "lon": -80.8566302, "tags": { "addr:city": "Charlotte", "addr:housenumber": "300", "addr:postcode": "28203", "addr:state": "NC", "addr:street": "East Boulevard", "amenity": "restaurant", "building": "commercial", "name": "300 East", "opening_hours": "Su 17:00-22:00; Mo-Th 11:00-22:00; Fr-Sa 11:00-23:00", "phone": "+1-704-332-6507", "website": "https://300east.net" }, "amenity": "restaurant", "shop": null, "leisure": null, "tourism": null, "office": null, "public_transport": null, "healthcare": null, "craft": null, "stations_in_radius": [ "East/West" ], "stations_in_radius_dist_m": [ 277.21 ], "poi_cluster": "food" }, "geometry": { "type": "Point", "coordinates": [ -80.8566302, 35.2105604 ] } },
{ "type": "Feature", "properties": { "osm_id": 909377454, "name": "Tremont", "lat": 35.2099329, "lon": -80.8606951, "tags": { "amenity": "shelter", "bench": "no", "bin": "no", "building": "yes", "layer": "2", "lit": "no", "name": "Tremont", "shelter_type": "public_transport", "wikidata": "Q7838136", "wikipedia": "en:Tremont station (Charlotte)" }, "amenity": "shelter", "shop": null, "leisure": null, "tourism": null, "office": null, "public_transport": null, "healthcare": null, "craft": null, "stations_in_radius": [ "East/West" ], "stations_in_radius_dist_m": [ 262.32 ], "poi_cluster": "public_services" }, "geometry": { "type": "Point", "coordinates": [ -80.8606951, 35.2099329 ] } },
{ "type": "Feature", "properties": { "osm_id": 1192533645, "name": "Jeni's Splendid Ice Creams", "lat": 35.2110757, "lon": -80.8602877, "tags": { "addr:city": "Charlotte", "addr:housenumber": "1920", "addr:postcode": "28203", "addr:state": "NC", "addr:street": "Camden Road", "amenity": "ice_cream", "brand": "Jeni's Splendid Ice Creams", "brand:wikidata": "Q16851196", "building": "yes", "name": "Jeni's Splendid Ice Creams", "short_name": "Jeni's" }, "amenity": "ice_cream", "shop": null, "leisure": null, "tourism": null, "office": null, "public_transport": null, "healthcare": null, "craft": null, "stations_in_radius": [ "East/West" ], "stations_in_radius_dist_m": [ 139.77 ], "poi_cluster": "food" }, "geometry": { "type": "Point", "coordinates": [ -80.8602877, 35.2110757 ] } },
{ "type": "Feature", "properties": { "osm_id": 1323716199, "name": "Cheat's Cheesesteaks", "lat": 35.209574, "lon": -80.8614252, "tags": { "amenity": "fast_food", "building": "yes", "cuisine": "sandwich", "name": "Cheat's Cheesesteaks" }, "amenity": "fast_food", "shop": null, "leisure": null, "tourism": null, "office": null, "public_transport": null, "healthcare": null, "craft": null, "stations_in_radius": [ "East/West" ], "stations_in_radius_dist_m": [ 333.14 ], "poi_cluster": "food" }, "geometry": { "type": "Point", "coordinates": [ -80.8614252, 35.209574 ] } },
{ "type": "Feature", "properties": { "osm_id": 1425192864, "name": "Canopy Cocktails & Garden", "lat": 35.2128667, "lon": -80.8581303, "tags": { "addr:city": "Charlotte", "addr:housenumber": "118", "addr:postcode": "28203", "addr:state": "NC", "addr:street": "E Kingston Ave", "addr:unit": "10", "amenity": "bar", "brewery": "various", "building": "yes", "min_age": "21", "name": "Canopy Cocktails & Garden" }, "amenity": "bar", "shop": null, "leisure": null, "tourism": null, "office": null, "public_transport": null, "healthcare": null, "craft": null, "stations_in_radius": [ ], "stations_in_radius_dist_m": [ ], "poi_cluster": "nightlife" }, "geometry": { "type": "Point", "coordinates": [ -80.8581303, 35.2128667 ] } },
{ "type": "Feature", "properties": { "osm_id": 5266630654, "name": "Sunflour Baking Company", "lat": 35.2109876, "lon": -80.8570815, "tags": { "name": "Sunflour Baking Company", "shop": "bakery" }, "amenity": null, "shop": "bakery", "leisure": null, "tourism": null, "office": null, "public_transport": null, "healthcare": null, "craft": null, "stations_in_radius": [ "East/West" ], "stations_in_radius_dist_m": [ 217.46 ], "poi_cluster": "retail" }, "geometry": { "type": "Point", "coordinates": [ -80.8570815, 35.2109876 ] } },
{ "type": "Feature", "properties": { "osm_id": 5282511698, "name": "Anthropologie", "lat": 35.2089186, "lon": -80.8606531, "tags": { "brand": "Anthropologie", "brand:wikidata": "Q4773903", "clothes": "women", "name": "Anthropologie", "shop": "clothes" }, "amenity": null, "shop": "clothes", "leisure": null, "tourism": null, "office": null, "public_transport": null, "healthcare": null, "craft": null, "stations_in_radius": [ "East/West" ], "stations_in_radius_dist_m": [ 361.24 ], "poi_cluster": "retail" }, "geometry": { "type": "Point", "coordinates": [ -80.8606531, 35.2089186 ] } },
{ "type": "Feature", "properties": { "osm_id": 5282511699, "name": "Free People", "lat": 35.2092124, "lon": -80.8604756, "tags": { "brand": "Free People", "brand:wikidata": "Q5499945", "name": "Free People", "shop": "clothes" }, "amenity": null, "shop": "clothes", "leisure": null, "tourism": null, "office": null, "public_transport": null, "healthcare": null, "craft": null, "stations_in_radius": [ "East/West" ], "stations_in_radius_dist_m": [ 325. ], "poi_cluster": "retail" }, "geometry": { "type": "Point", "coordinates": [ -80.8604756, 35.2092124 ] } },
{ "type": "Feature", "properties": { "osm_id": 5286423659, "name": "Savory Spice", "lat": 35.2096372, "lon": -80.8605009, "tags": { "name": "Savory Spice", "shop": "yes" }, "amenity": null, "shop": "yes", "leisure": null, "tourism": null, "office": null, "public_transport": null, "healthcare": null, "craft": null, "stations_in_radius": [ "East/West" ], "stations_in_radius_dist_m": [ 282.65 ], "poi_cluster": "retail" }, "geometry": { "type": "Point", "coordinates": [ -80.8605009, 35.2096372 ] } },
{ "type": "Feature", "properties": { "osm_id": 5286423660, "name": "Vin Master", "lat": 35.2093193, "lon": -80.8609567, "tags": { "name": "Vin Master", "shop": "wine" }, "amenity": null, "shop": "wine", "leisure": null, "tourism": null, "office": null, "public_transport": null, "healthcare": null, "craft": null, "stations_in_radius": [ "East/West" ], "stations_in_radius_dist_m": [ 333.04 ], "poi_cluster": "retail" }, "geometry": { "type": "Point", "coordinates": [ -80.8609567, 35.2093193 ] } },
{ "type": "Feature", "properties": { "osm_id": 5718028309, "name": "Queen City Bicycles", "lat": 35.2138866, "lon": -80.85615, "tags": { "addr:city": "Charlotte", "addr:housenumber": "128", "addr:postcode": "28203", "addr:state": "NC", "addr:street": "East Park Avenue", "name": "Queen City Bicycles", "service:bicycle:Bicycle_Sales_and_Service": "yes", "service:bicycle:bicycle": "yes", "service:bicycle:rental": "yes", "service:bicycle:repair": "yes", "service:bicycle:retail": "yes", "shop": "bicycle" }, "amenity": null, "shop": "bicycle", "leisure": null, "tourism": null, "office": null, "public_transport": null, "healthcare": null, "craft": null, "stations_in_radius": "['Bland' 'East/West']", "stations_in_radius_dist_m": "[229.61 349.51]", "poi_cluster": "retail" }, "geometry": { "type": "Point", "coordinates": [ -80.85615, 35.2138866 ] } },
{ "type": "Feature", "properties": { "osm_id": 7813715854, "name": "Mattress Firm", "lat": 35.2103125, "lon": -80.8585862, "tags": { "addr:city": "Charlotte", "addr:housenumber": "2317", "addr:postcode": "28203", "addr:state": "NC", "addr:street": "South Boulevard", "branch": "South Boulevard", "brand": "Mattress Firm", "brand:wikidata": "Q6791878", "contact:sms": "+1 704-610-2171", "delivery": "yes", "name": "Mattress Firm", "phone": "+1 704-561-7367", "ref": "17233", "shop": "bed", "website": "https://www.mattressfirm.com/en-us/stores/nc/charlotte/024058/" }, "amenity": null, "shop": "bed", "leisure": null, "tourism": null, "office": null, "public_transport": null, "healthcare": null, "craft": null, "stations_in_radius": [ "East/West" ], "stations_in_radius_dist_m": [ 188.15 ], "poi_cluster": "retail" }, "geometry": { "type": "Point", "coordinates": [ -80.8585862, 35.2103125 ] } },
{ "type": "Feature", "properties": { "osm_id": 9842012387, "name": "Calibre Men's Grooming", "lat": 35.2103179, "lon": -80.8634211, "tags": { "addr:city": "Charlotte", "addr:housenumber": "235", "addr:postcode": "28203", "addr:state": "NC", "addr:street": "West Tremont Avenue", "addr:unit": "102", "name": "Calibre Men's Grooming", "opening_hours": "Tu-Th 10:00-19:00; Fr 09:00-18:00; Sa 09:00-14:30", "phone": "+1 980 207 3342", "shop": "hairdresser", "website": "https://calibermensgrooming.com" }, "amenity": null, "shop": "hairdresser", "leisure": null, "tourism": null, "office": null, "public_transport": null, "healthcare": null, "craft": null, "stations_in_radius": [ "East/West" ], "stations_in_radius_dist_m": [ 426.7 ], "poi_cluster": "retail" }, "geometry": { "type": "Point", "coordinates": [ -80.8634211, 35.2103179 ] } },
{ "type": "Feature", "properties": { "osm_id": 9842054793, "name": "Insomnia Cookies", "lat": 35.2099213, "lon": -80.8623348, "tags": { "addr:city": "Charlotte", "addr:housenumber": "2116", "addr:postcode": "28203", "addr:state": "NC", "addr:street": "Hawkins Street", "addr:unit": "103", "brand": "Insomnia Cookies", "brand:wikidata": "Q16997024", "name": "Insomnia Cookies", "opening_hours": "Su 12:00-00:00; Mo-We 11:00-00:00; Th,Fr 11:00-01:00; Sa 12:00-01:00", "phone": "+1-980-321-0801", "shop": "pastry", "website": "https://insomniacookies.com/" }, "amenity": null, "shop": "pastry", "leisure": null, "tourism": null, "office": null, "public_transport": null, "healthcare": null, "craft": null, "stations_in_radius": [ "East/West" ], "stations_in_radius_dist_m": [ 364.82 ], "poi_cluster": "retail" }, "geometry": { "type": "Point", "coordinates": [ -80.8623348, 35.2099213 ] } },
{ "type": "Feature", "properties": { "osm_id": 10597087406, "name": "Abercrombie & Fitch", "lat": 35.2118554, "lon": -80.8596133, "tags": { "addr:city": "Charlotte", "addr:housenumber": "100", "addr:postcode": "28203", "addr:state": "NC", "addr:street": "West Worthington Avenue", "brand": "Abercrombie & Fitch", "brand:wikidata": "Q319344", "clothes": "men;women", "level": "0", "name": "Abercrombie & Fitch", "opening_hours": "Mo-Sa 10:00-19:00; Su 12:00-18:00", "phone": "+1-864-865-6567", "shop": "clothes", "website": "https://www.abercrombie.com/shop/us/clothing-stores/US/Charlotte/NC/11962" }, "amenity": null, "shop": "clothes", "leisure": null, "tourism": null, "office": null, "public_transport": null, "healthcare": null, "craft": null, "stations_in_radius": [ "East/West" ], "stations_in_radius_dist_m": [ 41.42 ], "poi_cluster": "retail" }, "geometry": { "type": "Point", "coordinates": [ -80.8596133, 35.2118554 ] } },
{ "type": "Feature", "properties": { "osm_id": 10597087408, "name": "Brilliant Earth", "lat": 35.2120154, "lon": -80.8595011, "tags": { "addr:postcode": "28203", "level": "0", "name": "Brilliant Earth", "opening_hours": "Fr-Tu 10:00-19:00", "phone": "+1-704-831-9599", "shop": "jewelry", "website": "https://brilliantearth.com/" }, "amenity": null, "shop": "jewelry", "leisure": null, "tourism": null, "office": null, "public_transport": null, "healthcare": null, "craft": null, "stations_in_radius": [ "East/West" ], "stations_in_radius_dist_m": [ 31.27 ], "poi_cluster": "retail" }, "geometry": { "type": "Point", "coordinates": [ -80.8595011, 35.2120154 ] } },
{ "type": "Feature", "properties": { "osm_id": 10853533395, "name": "Marine Layer", "lat": 35.2108452, "lon": -80.860566, "tags": { "brand": "Marine Layer", "brand:wikidata": "Q113227682", "name": "Marine Layer", "shop": "clothes" }, "amenity": null, "shop": "clothes", "leisure": null, "tourism": null, "office": null, "public_transport": null, "healthcare": null, "craft": null, "stations_in_radius": [ "East/West" ], "stations_in_radius_dist_m": [ 175.74 ], "poi_cluster": "retail" }, "geometry": { "type": "Point", "coordinates": [ -80.860566, 35.2108452 ] } },
{ "type": "Feature", "properties": { "osm_id": 10853533397, "name": "Dolce & Amaro Italian Bakery", "lat": 35.2113667, "lon": -80.8604332, "tags": { "addr:city": "Charlotte", "addr:housenumber": "101", "addr:postcode": "28203", "addr:state": "NC", "addr:street": "West Worthington Avenue", "addr:unit": "150", "drink:coffee": "yes", "name": "Dolce & Amaro Italian Bakery", "opening_hours": "Su-Th 08:00-20:00; Fr-Sa 08:00-21:00", "phone": "+1-704-919-0065", "shop": "bakery" }, "amenity": null, "shop": "bakery", "leisure": null, "tourism": null, "office": null, "public_transport": null, "healthcare": null, "craft": null, "stations_in_radius": [ "East/West" ], "stations_in_radius_dist_m": [ 131.38 ], "poi_cluster": "retail" }, "geometry": { "type": "Point", "coordinates": [ -80.8604332, 35.2113667 ] } },
{ "type": "Feature", "properties": { "osm_id": 11102351549, "name": "Vow’d", "lat": 35.2113966, "lon": -80.860911, "tags": { "clothes": "wedding", "name": "Vow’d", "shop": "clothes" }, "amenity": null, "shop": "clothes", "leisure": null, "tourism": null, "office": null, "public_transport": null, "healthcare": null, "craft": null, "stations_in_radius": [ "East/West" ], "stations_in_radius_dist_m": [ 169.53 ], "poi_cluster": "retail" }, "geometry": { "type": "Point", "coordinates": [ -80.860911, 35.2113966 ] } },
{ "type": "Feature", "properties": { "osm_id": 11102351551, "name": "Lilbelle", "lat": 35.2114746, "lon": -80.8610694, "tags": { "name": "Lilbelle", "opening_hours": "Mo-We 10:00-18:00; Th-Sa 10:00-19:00; Su 12:00-17:00", "shop": "clothes", "website": "https://shoplilbelle.com" }, "amenity": null, "shop": "clothes", "leisure": null, "tourism": null, "office": null, "public_transport": null, "healthcare": null, "craft": null, "stations_in_radius": [ "East/West" ], "stations_in_radius_dist_m": [ 180.42 ], "poi_cluster": "retail" }, "geometry": { "type": "Point", "coordinates": [ -80.8610694, 35.2114746 ] } },
{ "type": "Feature", "properties": { "osm_id": 11102351552, "name": "Petit Philipe", "lat": 35.2113155, "lon": -80.8607301, "tags": { "name": "Petit Philipe", "shop": "wine" }, "amenity": null, "shop": "wine", "leisure": null, "tourism": null, "office": null, "public_transport": null, "healthcare": null, "craft": null, "stations_in_radius": [ "East/West" ], "stations_in_radius_dist_m": [ 157.98 ], "poi_cluster": "retail" }, "geometry": { "type": "Point", "coordinates": [ -80.8607301, 35.2113155 ] } },
{ "type": "Feature", "properties": { "osm_id": 11102351564, "name": "The Inviggory", "lat": 35.2121121, "lon": -80.8604441, "tags": { "beauty": "spa", "name": "The Inviggory", "shop": "beauty" }, "amenity": null, "shop": "beauty", "leisure": null, "tourism": null, "office": null, "public_transport": null, "healthcare": null, "craft": null, "stations_in_radius": [ "East/West" ], "stations_in_radius_dist_m": [ 117.52 ], "poi_cluster": "retail" }, "geometry": { "type": "Point", "coordinates": [ -80.8604441, 35.2121121 ] } },
{ "type": "Feature", "properties": { "osm_id": 11102351580, "name": "Salted Melon", "lat": 35.2122039, "lon": -80.8606312, "tags": { "name": "Salted Melon", "shop": "deli" }, "amenity": null, "shop": "deli", "leisure": null, "tourism": null, "office": null, "public_transport": null, "healthcare": null, "craft": null, "stations_in_radius": [ "East/West" ], "stations_in_radius_dist_m": [ 136.17 ], "poi_cluster": "retail" }, "geometry": { "type": "Point", "coordinates": [ -80.8606312, 35.2122039 ] } },
{ "type": "Feature", "properties": { "osm_id": 11102351585, "name": "Ole Mason Jar", "lat": 35.2113637, "lon": -80.8608403, "tags": { "clothes": "men", "name": "Ole Mason Jar", "shop": "clothes" }, "amenity": null, "shop": "clothes", "leisure": null, "tourism": null, "office": null, "public_transport": null, "healthcare": null, "craft": null, "stations_in_radius": [ "East/West" ], "stations_in_radius_dist_m": [ 164.91 ], "poi_cluster": "retail" }, "geometry": { "type": "Point", "coordinates": [ -80.8608403, 35.2113637 ] } },
{ "type": "Feature", "properties": { "osm_id": 11102351596, "name": "Paddywax", "lat": 35.2113344, "lon": -80.86077, "tags": { "name": "Paddywax", "shop": "candles" }, "amenity": null, "shop": "candles", "leisure": null, "tourism": null, "office": null, "public_transport": null, "healthcare": null, "craft": null, "stations_in_radius": [ "East/West" ], "stations_in_radius_dist_m": [ 160.37 ], "poi_cluster": "retail" }, "geometry": { "type": "Point", "coordinates": [ -80.86077, 35.2113344 ] } },
{ "type": "Feature", "properties": { "osm_id": 11106987875, "name": "Rowan", "lat": 35.2121352, "lon": -80.8593508, "tags": { "addr:city": "Charlotte", "addr:housenumber": "1800", "addr:postcode": "28203", "addr:state": "NC", "addr:street": "Camden Road", "addr:unit": "100", "name": "Rowan", "phone": "+1-704-910-1787", "shop": "piercing", "website": "https://heyrowan.com" }, "amenity": null, "shop": "piercing", "leisure": null, "tourism": null, "office": null, "public_transport": null, "healthcare": null, "craft": null, "stations_in_radius": [ "East/West" ], "stations_in_radius_dist_m": [ 27.19 ], "poi_cluster": "retail" }, "geometry": { "type": "Point", "coordinates": [ -80.8593508, 35.2121352 ] } },
{ "type": "Feature", "properties": { "osm_id": 11764667654, "name": "Patagonia", "lat": 35.2114003, "lon": -80.8600074, "tags": { "addr:city": "Charlotte", "addr:housenumber": "101", "addr:postcode": "28203", "addr:state": "NC", "addr:street": "West Worthington Avenue", "addr:unit": "Suite 180", "brand": "Patagonia", "brand:wikidata": "Q1660552", "clothes": "outdoor", "name": "Patagonia", "phone": "+1-704-255-7925", "shop": "clothes", "website": "https://www.patagonia.com" }, "amenity": null, "shop": "clothes", "leisure": null, "tourism": null, "office": null, "public_transport": null, "healthcare": null, "craft": null, "stations_in_radius": [ "East/West" ], "stations_in_radius_dist_m": [ 96.91 ], "poi_cluster": "retail" }, "geometry": { "type": "Point", "coordinates": [ -80.8600074, 35.2114003 ] } },
{ "type": "Feature", "properties": { "osm_id": 11981588983, "name": "Reico Kitchen & Bath", "lat": 35.2108648, "lon": -80.8624119, "tags": { "name": "Reico Kitchen & Bath", "shop": "kitchen" }, "amenity": null, "shop": "kitchen", "leisure": null, "tourism": null, "office": null, "public_transport": null, "healthcare": null, "craft": null, "stations_in_radius": [ "East/West" ], "stations_in_radius_dist_m": [ 318.25 ], "poi_cluster": "retail" }, "geometry": { "type": "Point", "coordinates": [ -80.8624119, 35.2108648 ] } },
{ "type": "Feature", "properties": { "osm_id": 11987265676, "name": "Madewell", "lat": 35.2083834, "lon": -80.8605812, "tags": { "addr:city": "Charlotte", "addr:housenumber": "2036", "addr:postcode": "28203", "addr:state": "NC", "addr:street": "South Boulevard", "brand": "Madewell", "brand:wikidata": "Q64026213", "clothes": "men;women", "name": "Madewell", "phone": "+1-704-565-8267", "shop": "clothes", "website": "https://stores.madewell.com/us/nc/charlotte/2036-south-blvd." }, "amenity": null, "shop": "clothes", "leisure": null, "tourism": null, "office": null, "public_transport": null, "healthcare": null, "craft": null, "stations_in_radius": [ "East/West" ], "stations_in_radius_dist_m": [ 414.81 ], "poi_cluster": "retail" }, "geometry": { "type": "Point", "coordinates": [ -80.8605812, 35.2083834 ] } },
{ "type": "Feature", "properties": { "osm_id": 11987265677, "name": "Sephora", "lat": 35.2084514, "lon": -80.8607047, "tags": { "addr:city": "Charlotte", "addr:housenumber": "2036", "addr:postcode": "28203", "addr:state": "NC", "addr:street": "South Boulevard", "brand": "Sephora", "brand:wikidata": "Q2408041", "name": "Sephora", "phone": "+1-704-594-8650", "shop": "cosmetics", "website": "https://www.sephora.com/happening/stores/atherton-mill" }, "amenity": null, "shop": "cosmetics", "leisure": null, "tourism": null, "office": null, "public_transport": null, "healthcare": null, "craft": null, "stations_in_radius": [ "East/West" ], "stations_in_radius_dist_m": [ 411.33 ], "poi_cluster": "retail" }, "geometry": { "type": "Point", "coordinates": [ -80.8607047, 35.2084514 ] } },
{ "type": "Feature", "properties": { "osm_id": 11987265678, "name": "Tecovas", "lat": 35.2083447, "lon": -80.8604636, "tags": { "addr:city": "Charlotte", "addr:housenumber": "2036", "addr:postcode": "28203", "addr:state": "NC", "addr:street": "South Boulevard", "addr:unit": "3", "name": "Tecovas", "phone": "+1-704-255-5566", "shop": "clothes", "website": "https://www.tecovas.com/stores/charlotte-nc-atherton-mill" }, "amenity": null, "shop": "clothes", "leisure": null, "tourism": null, "office": null, "public_transport": null, "healthcare": null, "craft": null, "stations_in_radius": [ "East/West" ], "stations_in_radius_dist_m": [ 415.74 ], "poi_cluster": "retail" }, "geometry": { "type": "Point", "coordinates": [ -80.8604636, 35.2083447 ] } },
{ "type": "Feature", "properties": { "osm_id": 12461559248, "name": "Stika Gear", "lat": 35.2111712, "lon": -80.8605247, "tags": { "name": "Stika Gear", "shop": "hunting" }, "amenity": null, "shop": "hunting", "leisure": null, "tourism": null, "office": null, "public_transport": null, "healthcare": null, "craft": null, "stations_in_radius": [ "East/West" ], "stations_in_radius_dist_m": [ 149.91 ], "poi_cluster": "retail" }, "geometry": { "type": "Point", "coordinates": [ -80.8605247, 35.2111712 ] } },
{ "type": "Feature", "properties": { "osm_id": 12461559249, "name": "Interior Define", "lat": 35.2110864, "lon": -80.8605832, "tags": { "name": "Interior Define", "shop": "interior_decoration" }, "amenity": null, "shop": "interior_decoration", "leisure": null, "tourism": null, "office": null, "public_transport": null, "healthcare": null, "craft": null, "stations_in_radius": [ "East/West" ], "stations_in_radius_dist_m": [ 159.7 ], "poi_cluster": "retail" }, "geometry": { "type": "Point", "coordinates": [ -80.8605832, 35.2110864 ] } },
{ "type": "Feature", "properties": { "osm_id": 12634674724, "name": "Savi Provisions", "lat": 35.2091458, "lon": -80.8616509, "tags": { "addr:city": "Charlotte", "addr:housenumber": "2151", "addr:postcode": "28203", "addr:state": "NC", "addr:street": "Hawkins Street", "level": "0", "name": "Savi Provisions", "opening_hours": "Mo-Th 07:00-23:00; Fr-Sa 07:00-01:00; Su 09:00-22:00", "phone": "+1-404-607-0000", "shop": "convenience", "website": "https://www.saviprovisions.com/location/charlotte-the-line" }, "amenity": null, "shop": "convenience", "leisure": null, "tourism": null, "office": null, "public_transport": null, "healthcare": null, "craft": null, "stations_in_radius": [ ], "stations_in_radius_dist_m": [ ], "poi_cluster": "retail" }, "geometry": { "type": "Point", "coordinates": [ -80.8616509, 35.2091458 ] } },
{ "type": "Feature", "properties": { "osm_id": 12849155793, "name": "J. Major's Bridal Boutique", "lat": 35.2108121, "lon": -80.8589956, "tags": { "addr:city": "Charlotte", "addr:housenumber": "1900", "addr:postcode": "28203", "addr:state": "NC", "addr:street": "South Boulevard", "addr:unit": "150", "air_conditioning": "yes", "brand": "J. Major's Bridal Boutique", "clothes": "wedding;women", "internet_access": "wlan", "name": "J. Major's Bridal Boutique", "opening_hours": "Tu-Su 10:00-17:30", "operator": "J. Major's Bridal Boutique", "payment:cash": "yes", "payment:contactless": "yes", "payment:credit_cards": "yes", "payment:debit_cards": "yes", "payment:mastercard": "yes", "payment:visa": "yes", "phone": "+1-704-372-0082", "shop": "clothes", "website": "https://www.jmajors.com", "wheelchair": "yes" }, "amenity": null, "shop": "clothes", "leisure": null, "tourism": null, "office": null, "public_transport": null, "healthcare": null, "craft": null, "stations_in_radius": [ "East/West" ], "stations_in_radius_dist_m": [ 126.09 ], "poi_cluster": "retail" }, "geometry": { "type": "Point", "coordinates": [ -80.8589956, 35.2108121 ] } },
{ "type": "Feature", "properties": { "osm_id": 12958734948, "name": "Hardy Boys Records", "lat": 35.2140317, "lon": -80.857842, "tags": { "name": "Hardy Boys Records", "shop": "music" }, "amenity": null, "shop": "music", "leisure": null, "tourism": null, "office": null, "public_transport": null, "healthcare": null, "craft": null, "stations_in_radius": "['East/West' 'Bland']", "stations_in_radius_dist_m": "[261.57 306.83]", "poi_cluster": "retail" }, "geometry": { "type": "Point", "coordinates": [ -80.857842, 35.2140317 ] } },
{ "type": "Feature", "properties": { "osm_id": 12958734952, "name": "Cosmic Nails", "lat": 35.2122036, "lon": -80.8593042, "tags": { "addr:city": "Charlotte", "addr:housenumber": "1800", "addr:postcode": "28203", "addr:state": "NC", "addr:street": "Camden Road", "addr:unit": "101", "beauty": "nails", "name": "Cosmic Nails", "shop": "beauty" }, "amenity": null, "shop": "beauty", "leisure": null, "tourism": null, "office": null, "public_transport": null, "healthcare": null, "craft": null, "stations_in_radius": [ "East/West" ], "stations_in_radius_dist_m": [ 31.68 ], "poi_cluster": "retail" }, "geometry": { "type": "Point", "coordinates": [ -80.8593042, 35.2122036 ] } },
{ "type": "Feature", "properties": { "osm_id": 12958734953, "name": "Girl Tribe", "lat": 35.2122538, "lon": -80.8592646, "tags": { "addr:city": "Charlotte", "addr:housenumber": "1800", "addr:postcode": "28203", "addr:state": "NC", "addr:street": "Camden Road", "addr:unit": "102", "clothes": "women", "name": "Girl Tribe", "shop": "clothes", "website": "https://girltribeco.com" }, "amenity": null, "shop": "clothes", "leisure": null, "tourism": null, "office": null, "public_transport": null, "healthcare": null, "craft": null, "stations_in_radius": [ "East/West" ], "stations_in_radius_dist_m": [ 35.85 ], "poi_cluster": "retail" }, "geometry": { "type": "Point", "coordinates": [ -80.8592646, 35.2122538 ] } },
{ "type": "Feature", "properties": { "osm_id": 12958734971, "name": "Pet Wants", "lat": 35.2135108, "lon": -80.8582334, "tags": { "name": "Pet Wants", "shop": "pet", "website": "https://www.petwantsclt.com" }, "amenity": null, "shop": "pet", "leisure": null, "tourism": null, "office": null, "public_transport": null, "healthcare": null, "craft": null, "stations_in_radius": "['East/West' 'Bland']", "stations_in_radius_dist_m": "[193.94 372.03]", "poi_cluster": "retail" }, "geometry": { "type": "Point", "coordinates": [ -80.8582334, 35.2135108 ] } },
{ "type": "Feature", "properties": { "osm_id": 13087354311, "name": "Bookout Blooms", "lat": 35.2092583, "lon": -80.8608333, "tags": { "contact:instagram": "bookoutblooms", "name": "Bookout Blooms", "opening_hours": "Tu-Fr 10:00-18:00; Sa 09:00-14:00", "phone": "+1-980-219-8470", "shop": "florist", "website": "https://bookoutblooms.com" }, "amenity": null, "shop": "florist", "leisure": null, "tourism": null, "office": null, "public_transport": null, "healthcare": null, "craft": null, "stations_in_radius": [ "East/West" ], "stations_in_radius_dist_m": [ 333.72 ], "poi_cluster": "retail" }, "geometry": { "type": "Point", "coordinates": [ -80.8608333, 35.2092583 ] } },
{ "type": "Feature", "properties": { "osm_id": 13087354312, "name": "Hey Sis Boutique", "lat": 35.2093652, "lon": -80.8607462, "tags": { "addr:city": "Charlotte", "addr:housenumber": "2000", "addr:postcode": "28203", "addr:state": "NC", "addr:street": "South Boulevard", "clothes": "women", "name": "Hey Sis Boutique", "opening_hours": "Tu-Fr 11:00-18:00; Sa 10:00-18:00; Su 10:00-17:00", "shop": "clothes", "website": "https://www.heysis.co" }, "amenity": null, "shop": "clothes", "leisure": null, "tourism": null, "office": null, "public_transport": null, "healthcare": null, "craft": null, "stations_in_radius": [ "East/West" ], "stations_in_radius_dist_m": [ 319.56 ], "poi_cluster": "retail" }, "geometry": { "type": "Point", "coordinates": [ -80.8607462, 35.2093652 ] } },
{ "type": "Feature", "properties": { "osm_id": 13125416750, "name": "Tous les Jours", "lat": 35.2085229, "lon": -80.8598396, "tags": { "brand": "Tous les Jours", "brand:wikidata": "Q3535609", "cuisine": "french", "name": "Tous les Jours", "shop": "bakery" }, "amenity": null, "shop": "bakery", "leisure": null, "tourism": null, "office": null, "public_transport": null, "healthcare": null, "craft": null, "stations_in_radius": [ "East/West" ], "stations_in_radius_dist_m": [ 383.83 ], "poi_cluster": "retail" }, "geometry": { "type": "Point", "coordinates": [ -80.8598396, 35.2085229 ] } },
{ "type": "Feature", "properties": { "osm_id": 13125416754, "name": "Polished Nails & Beauty", "lat": 35.2087477, "lon": -80.859797, "tags": { "beauty": "nails", "name": "Polished Nails & Beauty", "shop": "beauty" }, "amenity": null, "shop": "beauty", "leisure": null, "tourism": null, "office": null, "public_transport": null, "healthcare": null, "craft": null, "stations_in_radius": [ "East/West" ], "stations_in_radius_dist_m": [ 358.6 ], "poi_cluster": "retail" }, "geometry": { "type": "Point", "coordinates": [ -80.859797, 35.2087477 ] } },
{ "type": "Feature", "properties": { "osm_id": 13179474377, "name": "Arrow", "lat": 35.2080897, "lon": -80.8604856, "tags": { "hairdresser": "barber", "name": "Arrow", "shop": "hairdresser", "website": "https://guaranteedshorterhair.com" }, "amenity": null, "shop": "hairdresser", "leisure": null, "tourism": null, "office": null, "public_transport": null, "healthcare": null, "craft": null, "stations_in_radius": [ "East/West" ], "stations_in_radius_dist_m": [ 443.47 ], "poi_cluster": "retail" }, "geometry": { "type": "Point", "coordinates": [ -80.8604856, 35.2080897 ] } },
{ "type": "Feature", "properties": { "osm_id": 13179474378, "name": "Boem", "lat": 35.2080209, "lon": -80.8605078, "tags": { "clothes": "women", "name": "Boem", "shop": "clothes" }, "amenity": null, "shop": "clothes", "leisure": null, "tourism": null, "office": null, "public_transport": null, "healthcare": null, "craft": null, "stations_in_radius": [ "East/West" ], "stations_in_radius_dist_m": [ 451.36 ], "poi_cluster": "retail" }, "geometry": { "type": "Point", "coordinates": [ -80.8605078, 35.2080209 ] } },
{ "type": "Feature", "properties": { "osm_id": 13179474379, "name": "Uniquities", "lat": 35.207954, "lon": -80.8605309, "tags": { "clothes": "women", "name": "Uniquities", "shop": "clothes" }, "amenity": null, "shop": "clothes", "leisure": null, "tourism": null, "office": null, "public_transport": null, "healthcare": null, "craft": null, "stations_in_radius": [ "East/West" ], "stations_in_radius_dist_m": [ 459.07 ], "poi_cluster": "retail" }, "geometry": { "type": "Point", "coordinates": [ -80.8605309, 35.207954 ] } },
{ "type": "Feature", "properties": { "osm_id": 13179474380, "name": "Drybar", "lat": 35.2077406, "lon": -80.8606261, "tags": { "brand": "Drybar", "brand:wikidata": "Q18352685", "female": "yes", "name": "Drybar", "shop": "hairdresser" }, "amenity": null, "shop": "hairdresser", "leisure": null, "tourism": null, "office": null, "public_transport": null, "healthcare": null, "craft": null, "stations_in_radius": [ "East/West" ], "stations_in_radius_dist_m": [ 484.21 ], "poi_cluster": "retail" }, "geometry": { "type": "Point", "coordinates": [ -80.8606261, 35.2077406 ] } },
{ "type": "Feature", "properties": { "osm_id": 13179474381, "name": "The Golden Carrot", "lat": 35.2077048, "lon": -80.8606552, "tags": { "name": "The Golden Carrot", "shop": "jewelry" }, "amenity": null, "shop": "jewelry", "leisure": null, "tourism": null, "office": null, "public_transport": null, "healthcare": null, "craft": null, "stations_in_radius": [ "East/West" ], "stations_in_radius_dist_m": [ 488.75 ], "poi_cluster": "retail" }, "geometry": { "type": "Point", "coordinates": [ -80.8606552, 35.2077048 ] } },
{ "type": "Feature", "properties": { "osm_id": 13179474383, "name": "Ultra Nail Boutique", "lat": 35.2074022, "lon": -80.8610062, "tags": { "beauty": "nails", "name": "Ultra Nail Boutique", "shop": "beauty" }, "amenity": null, "shop": "beauty", "leisure": null, "tourism": null, "office": null, "public_transport": null, "healthcare": null, "craft": null, "stations_in_radius": [ "East/West" ], "stations_in_radius_dist_m": [ 530.27 ], "poi_cluster": "retail" }, "geometry": { "type": "Point", "coordinates": [ -80.8610062, 35.2074022 ] } },
{ "type": "Feature", "properties": { "osm_id": 13179573224, "name": "Lululemon", "lat": 35.2085374, "lon": -80.8608598, "tags": { "brand": "Lululemon", "brand:wikidata": "Q6702957", "clothes": "men;women", "name": "Lululemon", "official_name": "Lululemon Athletica", "shop": "clothes" }, "amenity": null, "shop": "clothes", "leisure": null, "tourism": null, "office": null, "public_transport": null, "healthcare": null, "craft": null, "stations_in_radius": [ "East/West" ], "stations_in_radius_dist_m": [ 407.49 ], "poi_cluster": "retail" }, "geometry": { "type": "Point", "coordinates": [ -80.8608598, 35.2085374 ] } },
{ "type": "Feature", "properties": { "osm_id": 13248035093, "name": "Peachy", "lat": 35.2084624, "lon": -80.8623893, "tags": { "addr:city": "Charlotte", "addr:housenumber": "2161", "addr:postcode": "28203", "addr:state": "NC", "addr:street": "Hawkins Street", "beauty": "skin_care", "name": "Peachy", "shop": "beauty", "website": "https://peachystudio.com/pages/charlotte-botox" }, "amenity": null, "shop": "beauty", "leisure": null, "tourism": null, "office": null, "public_transport": null, "healthcare": null, "craft": null, "stations_in_radius": [ "East/West" ], "stations_in_radius_dist_m": [ 484.35 ], "poi_cluster": "retail" }, "geometry": { "type": "Point", "coordinates": [ -80.8623893, 35.2084624 ] } },
{ "type": "Feature", "properties": { "osm_id": 13322832050, "name": "Tweeds Custom Suits", "lat": 35.2123069, "lon": -80.8592264, "tags": { "clothes": "suits", "name": "Tweeds Custom Suits", "shop": "clothes" }, "amenity": null, "shop": "clothes", "leisure": null, "tourism": null, "office": null, "public_transport": null, "healthcare": null, "craft": null, "stations_in_radius": [ "East/West" ], "stations_in_radius_dist_m": [ 41.01 ], "poi_cluster": "retail" }, "geometry": { "type": "Point", "coordinates": [ -80.8592264, 35.2123069 ] } },
{ "type": "Feature", "properties": { "osm_id": 13376928757, "name": "ClipperCole", "lat": 35.2095551, "lon": -80.8604965, "tags": { "addr:city": "Charlotte", "addr:housenumber": "2000", "addr:postcode": "28203", "addr:state": "NC", "addr:street": "South Boulevard", "addr:unit": "120", "check_date": "2025-12-15", "currency:XBT": "yes", "hairdresser": "barber", "name": "ClipperCole", "opening_hours": "Tu-Fr 11:00-19:00; Sa 10:00-14:00", "payment:lightning": "yes", "payment:lightning:operator": "square", "payment:lightning_contactless": "no", "payment:onchain": "no", "phone": "+1-515-250-3570", "shop": "hairdresser", "website": "https://clippercole.com" }, "amenity": null, "shop": "hairdresser", "leisure": null, "tourism": null, "office": null, "public_transport": null, "healthcare": null, "craft": null, "stations_in_radius": [ "East/West" ], "stations_in_radius_dist_m": [ 290.74 ], "poi_cluster": "retail" }, "geometry": { "type": "Point", "coordinates": [ -80.8604965, 35.2095551 ] } },
{ "type": "Feature", "properties": { "osm_id": 394430314, "name": "Design Within Reach", "lat": 35.2154523, "lon": -80.8560425, "tags": { "brand": "Design Within Reach", "brand:wikidata": "Q110903326", "building": "yes", "height": "7", "name": "Design Within Reach", "shop": "furniture", "website": "https://www.dwr.com/store?StoreId=21" }, "amenity": null, "shop": "furniture", "leisure": null, "tourism": null, "office": null, "public_transport": null, "healthcare": null, "craft": null, "stations_in_radius": "['Bland' 'East/West']", "stations_in_radius_dist_m": "[ 81.06 482.44]", "poi_cluster": "retail" }, "geometry": { "type": "Point", "coordinates": [ -80.8560425, 35.2154523 ] } },
{ "type": "Feature", "properties": { "osm_id": 432915319, "name": "Office Depot", "lat": 35.2131302, "lon": -80.8566125, "tags": { "addr:city": "Charlotte", "addr:housenumber": "1620", "addr:postcode": "28203", "addr:state": "NC", "addr:street": "South Boulevard", "brand": "Office Depot", "brand:wikidata": "Q1337797", "building": "yes", "name": "Office Depot", "opening_hours": "Su 11:00-18:00; Mo-Fr 08:00-20:00; Sa 09:00-18:00", "phone": "+1 704-358-8832", "ref": "2240", "shop": "stationery", "website": "https://www.officedepot.com/storelocator/nc/charlotte/office-depot-2240" }, "amenity": null, "shop": "stationery", "leisure": null, "tourism": null, "office": null, "public_transport": null, "healthcare": null, "craft": null, "stations_in_radius": "['East/West' 'Bland']", "stations_in_radius_dist_m": "[267.59 323.04]", "poi_cluster": "retail" }, "geometry": { "type": "Point", "coordinates": [ -80.8566125, 35.2131302 ] } },
{ "type": "Feature", "properties": { "osm_id": 432915323, "name": "Stop and Go", "lat": 35.2150095, "lon": -80.860011, "tags": { "addr:city": "Charlotte", "addr:housenumber": "1632", "addr:postcode": "28203", "addr:state": "NC", "addr:street": "South Tryon Street", "building": "yes", "name": "Stop and Go", "shop": "convenience" }, "amenity": null, "shop": "convenience", "leisure": null, "tourism": null, "office": null, "public_transport": null, "healthcare": null, "craft": null, "stations_in_radius": "['East/West' 'Bland']", "stations_in_radius_dist_m": "[348.91 440.09]", "poi_cluster": "retail" }, "geometry": { "type": "Point", "coordinates": [ -80.860011, 35.2150095 ] } },
{ "type": "Feature", "properties": { "osm_id": 432937698, "name": "H&H Automotive", "lat": 35.2102687, "lon": -80.8588773, "tags": { "building": "yes", "name": "H&H Automotive", "shop": "car_repair" }, "amenity": null, "shop": "car_repair", "leisure": null, "tourism": null, "office": null, "public_transport": null, "healthcare": null, "craft": null, "stations_in_radius": [ "East/West" ], "stations_in_radius_dist_m": [ 187.25 ], "poi_cluster": "retail" }, "geometry": { "type": "Point", "coordinates": [ -80.8588773, 35.2102687 ] } },
{ "type": "Feature", "properties": { "osm_id": 433200900, "name": null, "lat": 35.2117777, "lon": -80.8571002, "tags": { "building": "retail", "shop": "convenience" }, "amenity": null, "shop": "convenience", "leisure": null, "tourism": null, "office": null, "public_transport": null, "healthcare": null, "craft": null, "stations_in_radius": [ "East/West" ], "stations_in_radius_dist_m": [ 189.24 ], "poi_cluster": "retail" }, "geometry": { "type": "Point", "coordinates": [ -80.8571002, 35.2117777 ] } },
{ "type": "Feature", "properties": { "osm_id": 547661268, "name": "Boost Mobile", "lat": 35.2128926, "lon": -80.8649425, "tags": { "brand": "Boost Mobile", "brand:wikidata": "Q4943790", "building": "yes", "name": "Boost Mobile", "shop": "mobile_phone" }, "amenity": null, "shop": "mobile_phone", "leisure": null, "tourism": null, "office": null, "public_transport": null, "healthcare": null, "craft": null, "stations_in_radius": [ "East/West" ], "stations_in_radius_dist_m": [ 535.9 ], "poi_cluster": "retail" }, "geometry": { "type": "Point", "coordinates": [ -80.8649425, 35.2128926 ] } },
{ "type": "Feature", "properties": { "osm_id": 837208998, "name": "Dilworth Tasting Room", "lat": 35.208745, "lon": -80.858623, "tags": { "addr:city": "Charlotte", "addr:housenumber": "300", "addr:postcode": "28203", "addr:state": "NC", "addr:street": "East Tremont Avenue", "building": "retail", "name": "Dilworth Tasting Room", "shop": "wine" }, "amenity": null, "shop": "wine", "leisure": null, "tourism": null, "office": null, "public_transport": null, "healthcare": null, "craft": null, "stations_in_radius": [ "East/West" ], "stations_in_radius_dist_m": [ 357.81 ], "poi_cluster": "retail" }, "geometry": { "type": "Point", "coordinates": [ -80.858623, 35.208745 ] } },
{ "type": "Feature", "properties": { "osm_id": 11102351603, "name": "Fit Atelier", "lat": 35.2114316, "lon": -80.8609884, "tags": { "leisure": "fitness_centre", "name": "Fit Atelier", "opening_hours": "Tu-Fr 11:00-18:00; Sa 11:00-17:00; Su 12:00-17:00", "website": "https://fitatelier.com" }, "amenity": null, "shop": null, "leisure": "fitness_centre", "tourism": null, "office": null, "public_transport": null, "healthcare": null, "craft": null, "stations_in_radius": [ "East/West" ], "stations_in_radius_dist_m": [ 174.84 ], "poi_cluster": "recreation" }, "geometry": { "type": "Point", "coordinates": [ -80.8609884, 35.2114316 ] } },
{ "type": "Feature", "properties": { "osm_id": 12363373830, "name": null, "lat": 35.2154791, "lon": -80.8557725, "tags": { "leisure": "picnic_table" }, "amenity": null, "shop": null, "leisure": "picnic_table", "tourism": null, "office": null, "public_transport": null, "healthcare": null, "craft": null, "stations_in_radius": "['Bland' 'East/West']", "stations_in_radius_dist_m": "[ 59.36 499.66]", "poi_cluster": "recreation" }, "geometry": { "type": "Point", "coordinates": [ -80.8557725, 35.2154791 ] } },
{ "type": "Feature", "properties": { "osm_id": 12634674725, "name": "Gritbox", "lat": 35.2092709, "lon": -80.8615545, "tags": { "addr:city": "Charlotte", "addr:housenumber": "2151", "addr:postcode": "28203", "addr:state": "NC", "addr:street": "Hawkins Street", "addr:unit": "Suite 140", "leisure": "fitness_centre", "level": "0", "name": "Gritbox", "phone": "+1-704-469-4656", "website": "https://gritboxfitness.com/location/charlotte" }, "amenity": null, "shop": null, "leisure": "fitness_centre", "tourism": null, "office": null, "public_transport": null, "healthcare": null, "craft": null, "stations_in_radius": [ "East/West" ], "stations_in_radius_dist_m": [ 367.04 ], "poi_cluster": "recreation" }, "geometry": { "type": "Point", "coordinates": [ -80.8615545, 35.2092709 ] } },
{ "type": "Feature", "properties": { "osm_id": 432929184, "name": "Iron Tribe Fitness Dilworth", "lat": 35.2105705, "lon": -80.8580065, "tags": { "addr:city": "Charlotte", "addr:housenumber": "215", "addr:postcode": "28203", "addr:state": "NC", "addr:street": "East Worthington Avenue", "building": "commercial", "leisure": "fitness_centre", "name": "Iron Tribe Fitness Dilworth" }, "amenity": null, "shop": null, "leisure": "fitness_centre", "tourism": null, "office": null, "public_transport": null, "healthcare": null, "craft": null, "stations_in_radius": [ "East/West" ], "stations_in_radius_dist_m": [ 185.15 ], "poi_cluster": "recreation" }, "geometry": { "type": "Point", "coordinates": [ -80.8580065, 35.2105705 ] } },
{ "type": "Feature", "properties": { "osm_id": 547660396, "name": "Wilmore Centennial Park", "lat": 35.2141233, "lon": -80.8601962, "tags": { "addr:city": "Charlotte", "addr:housenumber": "1711", "addr:postcode": "28203", "addr:state": "NC", "addr:street": "South Tryon Street", "leisure": "park", "name": "Wilmore Centennial Park", "opening_date": "2020" }, "amenity": null, "shop": null, "leisure": "park", "tourism": null, "office": null, "public_transport": null, "healthcare": null, "craft": null, "stations_in_radius": "['East/West' 'Bland']", "stations_in_radius_dist_m": "[259.52 485.82]", "poi_cluster": "recreation" }, "geometry": { "type": "Point", "coordinates": [ -80.8601962, 35.2141233 ] } },
{ "type": "Feature", "properties": { "osm_id": 582913287, "name": null, "lat": 35.213775, "lon": -80.8595236, "tags": { "leisure": "dog_park" }, "amenity": null, "shop": null, "leisure": "dog_park", "tourism": null, "office": null, "public_transport": null, "healthcare": null, "craft": null, "stations_in_radius": [ "East/West" ], "stations_in_radius_dist_m": [ 206.03 ], "poi_cluster": "recreation" }, "geometry": { "type": "Point", "coordinates": [ -80.8595236, 35.213775 ] } },
{ "type": "Feature", "properties": { "osm_id": 1180543376, "name": null, "lat": 35.2090803, "lon": -80.8613067, "tags": { "building": "yes", "heating": "no", "leisure": "outdoor_seating", "lit": "yes" }, "amenity": null, "shop": null, "leisure": "outdoor_seating", "tourism": null, "office": null, "public_transport": null, "healthcare": null, "craft": null, "stations_in_radius": [ "East/West" ], "stations_in_radius_dist_m": [ 372.02 ], "poi_cluster": "recreation" }, "geometry": { "type": "Point", "coordinates": [ -80.8613067, 35.2090803 ] } },
{ "type": "Feature", "properties": { "osm_id": 1180543377, "name": null, "lat": 35.2091487, "lon": -80.8610429, "tags": { "leisure": "outdoor_seating" }, "amenity": null, "shop": null, "leisure": "outdoor_seating", "tourism": null, "office": null, "public_transport": null, "healthcare": null, "craft": null, "stations_in_radius": [ "East/West" ], "stations_in_radius_dist_m": [ 353.39 ], "poi_cluster": "recreation" }, "geometry": { "type": "Point", "coordinates": [ -80.8610429, 35.2091487 ] } },
{ "type": "Feature", "properties": { "osm_id": 1180543378, "name": null, "lat": 35.208905, "lon": -80.8613803, "tags": { "leisure": "outdoor_seating" }, "amenity": null, "shop": null, "leisure": "outdoor_seating", "tourism": null, "office": null, "public_transport": null, "healthcare": null, "craft": null, "stations_in_radius": [ "East/West" ], "stations_in_radius_dist_m": [ 392.12 ], "poi_cluster": "recreation" }, "geometry": { "type": "Point", "coordinates": [ -80.8613803, 35.208905 ] } },
{ "type": "Feature", "properties": { "osm_id": 1185176273, "name": null, "lat": 35.2100194, "lon": -80.8614363, "tags": { "access": "private", "leisure": "swimming_pool", "location": "roof", "swimming_pool": "outdoor" }, "amenity": null, "shop": null, "leisure": "swimming_pool", "tourism": null, "office": null, "public_transport": null, "healthcare": null, "craft": null, "stations_in_radius": [ ], "stations_in_radius_dist_m": [ ], "poi_cluster": "recreation" }, "geometry": { "type": "Point", "coordinates": [ -80.8614363, 35.2100194 ] } },
{ "type": "Feature", "properties": { "osm_id": 1185598378, "name": null, "lat": 35.2085067, "lon": -80.862186, "tags": { "leisure": "outdoor_seating" }, "amenity": null, "shop": null, "leisure": "outdoor_seating", "tourism": null, "office": null, "public_transport": null, "healthcare": null, "craft": null, "stations_in_radius": [ "East/West" ], "stations_in_radius_dist_m": [ 469.39 ], "poi_cluster": "recreation" }, "geometry": { "type": "Point", "coordinates": [ -80.862186, 35.2085067 ] } },
{ "type": "Feature", "properties": { "osm_id": 1185598385, "name": null, "lat": 35.2142226, "lon": -80.8597165, "tags": { "leisure": "playground" }, "amenity": null, "shop": null, "leisure": "playground", "tourism": null, "office": null, "public_transport": null, "healthcare": null, "craft": null, "stations_in_radius": "['East/West' 'Bland']", "stations_in_radius_dist_m": "[257.98 441.38]", "poi_cluster": "recreation" }, "geometry": { "type": "Point", "coordinates": [ -80.8597165, 35.2142226 ] } },
{ "type": "Feature", "properties": { "osm_id": 1185598386, "name": null, "lat": 35.2140481, "lon": -80.8599416, "tags": { "leisure": "outdoor_seating" }, "amenity": null, "shop": null, "leisure": "outdoor_seating", "tourism": null, "office": null, "public_transport": null, "healthcare": null, "craft": null, "stations_in_radius": "['East/West' 'Bland']", "stations_in_radius_dist_m": "[244.11 468.03]", "poi_cluster": "recreation" }, "geometry": { "type": "Point", "coordinates": [ -80.8599416, 35.2140481 ] } },
{ "type": "Feature", "properties": { "osm_id": 1191248738, "name": null, "lat": 35.2107078, "lon": -80.8605641, "tags": { "leisure": "outdoor_seating" }, "amenity": null, "shop": null, "leisure": "outdoor_seating", "tourism": null, "office": null, "public_transport": null, "healthcare": null, "craft": null, "stations_in_radius": [ "East/West" ], "stations_in_radius_dist_m": [ 186.48 ], "poi_cluster": "recreation" }, "geometry": { "type": "Point", "coordinates": [ -80.8605641, 35.2107078 ] } },
{ "type": "Feature", "properties": { "osm_id": 1191248739, "name": null, "lat": 35.211082, "lon": -80.8603978, "tags": { "leisure": "outdoor_seating" }, "amenity": null, "shop": null, "leisure": "outdoor_seating", "tourism": null, "office": null, "public_transport": null, "healthcare": null, "craft": null, "stations_in_radius": [ "East/West" ], "stations_in_radius_dist_m": [ 146.77 ], "poi_cluster": "recreation" }, "geometry": { "type": "Point", "coordinates": [ -80.8603978, 35.211082 ] } },
{ "type": "Feature", "properties": { "osm_id": 1191248746, "name": null, "lat": 35.2149511, "lon": -80.8585248, "tags": { "leisure": "swimming_pool" }, "amenity": null, "shop": null, "leisure": "swimming_pool", "tourism": null, "office": null, "public_transport": null, "healthcare": null, "craft": null, "stations_in_radius": "['Bland' 'East/West']", "stations_in_radius_dist_m": "[310.99 339.06]", "poi_cluster": "recreation" }, "geometry": { "type": "Point", "coordinates": [ -80.8585248, 35.2149511 ] } },
{ "type": "Feature", "properties": { "osm_id": 1192742643, "name": null, "lat": 35.2148999, "lon": -80.8566369, "tags": { "leisure": "outdoor_seating" }, "amenity": null, "shop": null, "leisure": "outdoor_seating", "tourism": null, "office": null, "public_transport": null, "healthcare": null, "craft": null, "stations_in_radius": "['Bland' 'East/West']", "stations_in_radius_dist_m": "[160.91 401.13]", "poi_cluster": "recreation" }, "geometry": { "type": "Point", "coordinates": [ -80.8566369, 35.2148999 ] } },
{ "type": "Feature", "properties": { "osm_id": 1196470571, "name": null, "lat": 35.2115156, "lon": -80.8603552, "tags": { "leisure": "outdoor_seating", "operator": "Elsewhere" }, "amenity": null, "shop": null, "leisure": "outdoor_seating", "tourism": null, "office": null, "public_transport": null, "healthcare": null, "craft": null, "stations_in_radius": [ "East/West" ], "stations_in_radius_dist_m": [ 117.69 ], "poi_cluster": "recreation" }, "geometry": { "type": "Point", "coordinates": [ -80.8603552, 35.2115156 ] } },
{ "type": "Feature", "properties": { "osm_id": 1196470574, "name": null, "lat": 35.2109413, "lon": -80.8605084, "tags": { "leisure": "outdoor_seating", "operator": "Hawkers" }, "amenity": null, "shop": null, "leisure": "outdoor_seating", "tourism": null, "office": null, "public_transport": null, "healthcare": null, "craft": null, "stations_in_radius": [ "East/West" ], "stations_in_radius_dist_m": [ 164.64 ], "poi_cluster": "recreation" }, "geometry": { "type": "Point", "coordinates": [ -80.8605084, 35.2109413 ] } },
{ "type": "Feature", "properties": { "osm_id": 1196470579, "name": null, "lat": 35.2115915, "lon": -80.8601883, "tags": { "leisure": "outdoor_seating", "operator": "Barcelona" }, "amenity": null, "shop": null, "leisure": "outdoor_seating", "tourism": null, "office": null, "public_transport": null, "healthcare": null, "craft": null, "stations_in_radius": [ "East/West" ], "stations_in_radius_dist_m": [ 100.42 ], "poi_cluster": "recreation" }, "geometry": { "type": "Point", "coordinates": [ -80.8601883, 35.2115915 ] } },
{ "type": "Feature", "properties": { "osm_id": 1196470580, "name": null, "lat": 35.2116361, "lon": -80.8602776, "tags": { "leisure": "outdoor_seating", "operator": "Superica" }, "amenity": null, "shop": null, "leisure": "outdoor_seating", "tourism": null, "office": null, "public_transport": null, "healthcare": null, "craft": null, "stations_in_radius": [ "East/West" ], "stations_in_radius_dist_m": [ 106.29 ], "poi_cluster": "recreation" }, "geometry": { "type": "Point", "coordinates": [ -80.8602776, 35.2116361 ] } },
{ "type": "Feature", "properties": { "osm_id": 1259157758, "name": null, "lat": 35.2090005, "lon": -80.8611573, "tags": { "leisure": "outdoor_seating" }, "amenity": null, "shop": null, "leisure": "outdoor_seating", "tourism": null, "office": null, "public_transport": null, "healthcare": null, "craft": null, "stations_in_radius": [ "East/West" ], "stations_in_radius_dist_m": [ 372.81 ], "poi_cluster": "recreation" }, "geometry": { "type": "Point", "coordinates": [ -80.8611573, 35.2090005 ] } },
{ "type": "Feature", "properties": { "osm_id": 1292149595, "name": null, "lat": 35.2085617, "lon": -80.8622372, "tags": { "leisure": "outdoor_seating" }, "amenity": null, "shop": null, "leisure": "outdoor_seating", "tourism": null, "office": null, "public_transport": null, "healthcare": null, "craft": null, "stations_in_radius": [ "East/West" ], "stations_in_radius_dist_m": [ 467.23 ], "poi_cluster": "recreation" }, "geometry": { "type": "Point", "coordinates": [ -80.8622372, 35.2085617 ] } },
{ "type": "Feature", "properties": { "osm_id": 1293323910, "name": null, "lat": 35.2142548, "lon": -80.8596973, "tags": { "garden:type": "landscaping", "leisure": "garden" }, "amenity": null, "shop": null, "leisure": "garden", "tourism": null, "office": null, "public_transport": null, "healthcare": null, "craft": null, "stations_in_radius": "['East/West' 'Bland']", "stations_in_radius_dist_m": "[261.16 438.34]", "poi_cluster": "recreation" }, "geometry": { "type": "Point", "coordinates": [ -80.8596973, 35.2142548 ] } },
{ "type": "Feature", "properties": { "osm_id": 1293323911, "name": null, "lat": 35.2144936, "lon": -80.8600529, "tags": { "garden:type": "landscaping", "leisure": "garden" }, "amenity": null, "shop": null, "leisure": "garden", "tourism": null, "office": null, "public_transport": null, "healthcare": null, "craft": null, "stations_in_radius": "['East/West' 'Bland']", "stations_in_radius_dist_m": "[294.38 458.98]", "poi_cluster": "recreation" }, "geometry": { "type": "Point", "coordinates": [ -80.8600529, 35.2144936 ] } },
{ "type": "Feature", "properties": { "osm_id": 1293323913, "name": null, "lat": 35.2138756, "lon": -80.8602683, "tags": { "garden:type": "landscaping", "leisure": "garden" }, "amenity": null, "shop": null, "leisure": "garden", "tourism": null, "office": null, "public_transport": null, "healthcare": null, "craft": null, "stations_in_radius": "['East/West' 'Bland']", "stations_in_radius_dist_m": "[236.79 503.08]", "poi_cluster": "recreation" }, "geometry": { "type": "Point", "coordinates": [ -80.8602683, 35.2138756 ] } },
{ "type": "Feature", "properties": { "osm_id": 1347161777, "name": null, "lat": 35.2095957, "lon": -80.8613352, "tags": { "leisure": "outdoor_seating" }, "amenity": null, "shop": null, "leisure": "outdoor_seating", "tourism": null, "office": null, "public_transport": null, "healthcare": null, "craft": null, "stations_in_radius": [ "East/West" ], "stations_in_radius_dist_m": [ 326.23 ], "poi_cluster": "recreation" }, "geometry": { "type": "Point", "coordinates": [ -80.8613352, 35.2095957 ] } },
{ "type": "Feature", "properties": { "osm_id": 1409279378, "name": null, "lat": 35.2120066, "lon": -80.8647049, "tags": { "access": "private", "leisure": "swimming_pool" }, "amenity": null, "shop": null, "leisure": "swimming_pool", "tourism": null, "office": null, "public_transport": null, "healthcare": null, "craft": null, "stations_in_radius": [ "East/West" ], "stations_in_radius_dist_m": [ 503.82 ], "poi_cluster": "recreation" }, "geometry": { "type": "Point", "coordinates": [ -80.8647049, 35.2120066 ] } },
{ "type": "Feature", "properties": { "osm_id": 1428169491, "name": null, "lat": 35.212108, "lon": -80.8563159, "tags": { "leisure": "playground" }, "amenity": null, "shop": null, "leisure": "playground", "tourism": null, "office": null, "public_transport": null, "healthcare": null, "craft": null, "stations_in_radius": [ "East/West" ], "stations_in_radius_dist_m": [ 260.44 ], "poi_cluster": "recreation" }, "geometry": { "type": "Point", "coordinates": [ -80.8563159, 35.212108 ] } },
{ "type": "Feature", "properties": { "osm_id": 5286488554, "name": null, "lat": 35.2117877, "lon": -80.8593635, "tags": { "artwork_type": "mosaic", "tourism": "artwork" }, "amenity": null, "shop": null, "leisure": null, "tourism": "artwork", "office": null, "public_transport": null, "healthcare": null, "craft": null, "stations_in_radius": [ "East/West" ], "stations_in_radius_dist_m": [ 24.4 ], "poi_cluster": "tourism" }, "geometry": { "type": "Point", "coordinates": [ -80.8593635, 35.2117877 ] } },
{ "type": "Feature", "properties": { "osm_id": 5286815856, "name": "Magic Carpet Mural", "lat": 35.208994, "lon": -80.8616824, "tags": { "artist_name": "Jessie and Katey", "artwork_type": "mural", "name": "Magic Carpet Mural", "source": "w", "tourism": "artwork" }, "amenity": null, "shop": null, "leisure": null, "tourism": "artwork", "office": null, "public_transport": null, "healthcare": null, "craft": null, "stations_in_radius": [ ], "stations_in_radius_dist_m": [ ], "poi_cluster": "tourism" }, "geometry": { "type": "Point", "coordinates": [ -80.8616824, 35.208994 ] } },
{ "type": "Feature", "properties": { "osm_id": 11106987867, "name": null, "lat": 35.21166, "lon": -80.8598797, "tags": { "board:title": "Nebel Knitting Mill", "board_type": "history", "information": "board", "tourism": "information" }, "amenity": null, "shop": null, "leisure": null, "tourism": "information", "office": null, "public_transport": null, "healthcare": null, "craft": null, "stations_in_radius": [ "East/West" ], "stations_in_radius_dist_m": [ 71.67 ], "poi_cluster": "tourism" }, "geometry": { "type": "Point", "coordinates": [ -80.8598797, 35.21166 ] } },
{ "type": "Feature", "properties": { "osm_id": 12363373831, "name": null, "lat": 35.2155641, "lon": -80.855661, "tags": { "information": "map", "tourism": "information" }, "amenity": null, "shop": null, "leisure": null, "tourism": "information", "office": null, "public_transport": null, "healthcare": null, "craft": null, "stations_in_radius": "['Bland' 'East/West']", "stations_in_radius_dist_m": "[ 45.52 513.35]", "poi_cluster": "tourism" }, "geometry": { "type": "Point", "coordinates": [ -80.855661, 35.2155641 ] } },
{ "type": "Feature", "properties": { "osm_id": 12517322252, "name": "Dinosaur", "lat": 35.2150614, "lon": -80.8560031, "tags": { "artist_name": "Amy Hart", "artwork_type": "sculpture", "name": "Dinosaur", "tourism": "artwork" }, "amenity": null, "shop": null, "leisure": null, "tourism": "artwork", "office": null, "public_transport": null, "healthcare": null, "craft": null, "stations_in_radius": "['Bland' 'East/West']", "stations_in_radius_dist_m": "[107.69 450.45]", "poi_cluster": "tourism" }, "geometry": { "type": "Point", "coordinates": [ -80.8560031, 35.2150614 ] } },
{ "type": "Feature", "properties": { "osm_id": 12517322255, "name": null, "lat": 35.2140467, "lon": -80.8599153, "tags": { "artist_name": "David Furman", "artwork_type": "installation", "tourism": "artwork" }, "amenity": null, "shop": null, "leisure": null, "tourism": "artwork", "office": null, "public_transport": null, "healthcare": null, "craft": null, "stations_in_radius": "['East/West' 'Bland']", "stations_in_radius_dist_m": "[243.28 465.93]", "poi_cluster": "tourism" }, "geometry": { "type": "Point", "coordinates": [ -80.8599153, 35.2140467 ] } },
{ "type": "Feature", "properties": { "osm_id": 12958734949, "name": "Charlotte Machine Co.", "lat": 35.2140988, "lon": -80.8577207, "tags": { "artist_name": "David Furman", "artwork_type": "sculpture", "material": "metal", "name": "Charlotte Machine Co.", "tourism": "artwork" }, "amenity": null, "shop": null, "leisure": null, "tourism": "artwork", "office": null, "public_transport": null, "healthcare": null, "craft": null, "stations_in_radius": "['East/West' 'Bland']", "stations_in_radius_dist_m": "[273.35 293.61]", "poi_cluster": "tourism" }, "geometry": { "type": "Point", "coordinates": [ -80.8577207, 35.2140988 ] } },
{ "type": "Feature", "properties": { "osm_id": 432937709, "name": "Dilworth Artisan Station", "lat": 35.2129374, "lon": -80.8577677, "tags": { "addr:city": "Charlotte", "addr:housenumber": "118", "addr:postcode": "28203", "addr:state": "NC", "addr:street": "East Kingston Avenue", "building": "yes", "name": "Dilworth Artisan Station", "source": "http://dilworthartisan.com/index.html", "tourism": "gallery" }, "amenity": null, "shop": null, "leisure": null, "tourism": "gallery", "office": null, "public_transport": null, "healthcare": null, "craft": null, "stations_in_radius": [ "East/West" ], "stations_in_radius_dist_m": [ 168.89 ], "poi_cluster": "tourism" }, "geometry": { "type": "Point", "coordinates": [ -80.8577677, 35.2129374 ] } },
{ "type": "Feature", "properties": { "osm_id": 606469946, "name": "Holiday Inn Express & Suites", "lat": 35.2146381, "lon": -80.859284, "tags": { "addr:city": "Charlotte", "addr:housenumber": "1617", "addr:postcode": "28203", "addr:state": "NC", "addr:street": "South Tryon Street", "brand": "Holiday Inn Express & Suites", "brand:wikidata": "Q5880423", "building": "yes", "building:levels": "5", "name": "Holiday Inn Express & Suites", "tourism": "hotel" }, "amenity": null, "shop": null, "leisure": null, "tourism": "hotel", "office": null, "public_transport": null, "healthcare": null, "craft": null, "stations_in_radius": "['East/West' 'Bland']", "stations_in_radius_dist_m": "[299.4  387.65]", "poi_cluster": "tourism" }, "geometry": { "type": "Point", "coordinates": [ -80.859284, 35.2146381 ] } },
{ "type": "Feature", "properties": { "osm_id": 1196470576, "name": null, "lat": 35.2120305, "lon": -80.8610523, "tags": { "artwork_type": "mural", "tourism": "artwork" }, "amenity": null, "shop": null, "leisure": null, "tourism": "artwork", "office": null, "public_transport": null, "healthcare": null, "craft": null, "stations_in_radius": [ "East/West" ], "stations_in_radius_dist_m": [ 171.61 ], "poi_cluster": "tourism" }, "geometry": { "type": "Point", "coordinates": [ -80.8610523, 35.2120305 ] } },
{ "type": "Feature", "properties": { "osm_id": 1196470577, "name": null, "lat": 35.2113937, "lon": -80.8611808, "tags": { "artwork_type": "mural", "tourism": "artwork" }, "amenity": null, "shop": null, "leisure": null, "tourism": "artwork", "office": null, "public_transport": null, "healthcare": null, "craft": null, "stations_in_radius": [ "East/West" ], "stations_in_radius_dist_m": [ 192.78 ], "poi_cluster": "tourism" }, "geometry": { "type": "Point", "coordinates": [ -80.8611808, 35.2113937 ] } },
{ "type": "Feature", "properties": { "osm_id": 1196928923, "name": null, "lat": 35.2121093, "lon": -80.8593629, "tags": { "artwork_type": "mural", "tourism": "artwork" }, "amenity": null, "shop": null, "leisure": null, "tourism": "artwork", "office": null, "public_transport": null, "healthcare": null, "craft": null, "stations_in_radius": [ "East/West" ], "stations_in_radius_dist_m": [ 25.71 ], "poi_cluster": "tourism" }, "geometry": { "type": "Point", "coordinates": [ -80.8593629, 35.2121093 ] } },
{ "type": "Feature", "properties": { "osm_id": 1196928924, "name": null, "lat": 35.2129863, "lon": -80.858043, "tags": { "artwork_type": "mural", "tourism": "artwork" }, "amenity": null, "shop": null, "leisure": null, "tourism": "artwork", "office": null, "public_transport": null, "healthcare": null, "craft": null, "stations_in_radius": [ "East/West" ], "stations_in_radius_dist_m": [ 154.87 ], "poi_cluster": "tourism" }, "geometry": { "type": "Point", "coordinates": [ -80.858043, 35.2129863 ] } },
{ "type": "Feature", "properties": { "osm_id": 1196928925, "name": "Steelyard Mural", "lat": 35.2109012, "lon": -80.8597926, "tags": { "artist_name": "Ivan Toth Depeña", "artwork_type": "mural", "name": "Steelyard Mural", "tourism": "artwork" }, "amenity": null, "shop": null, "leisure": null, "tourism": "artwork", "office": null, "public_transport": null, "healthcare": null, "craft": null, "stations_in_radius": [ "East/West" ], "stations_in_radius_dist_m": [ 128.39 ], "poi_cluster": "tourism" }, "geometry": { "type": "Point", "coordinates": [ -80.8597926, 35.2109012 ] } },
{ "type": "Feature", "properties": { "osm_id": 1352819940, "name": "Rail Trail Chalkboard", "lat": 35.2136744, "lon": -80.8576339, "tags": { "artwork_type": "installation", "name": "Rail Trail Chalkboard", "tourism": "artwork" }, "amenity": null, "shop": null, "leisure": null, "tourism": "artwork", "office": null, "public_transport": null, "healthcare": null, "craft": null, "stations_in_radius": "['East/West' 'Bland']", "stations_in_radius_dist_m": "[237.79 321.01]", "poi_cluster": "tourism" }, "geometry": { "type": "Point", "coordinates": [ -80.8576339, 35.2136744 ] } },
{ "type": "Feature", "properties": { "osm_id": 6532463478, "name": "Coldwell Banker", "lat": 35.2143081, "lon": -80.8562177, "tags": { "brand": "Coldwell Banker", "brand:wikidata": "Q738853", "name": "Coldwell Banker", "office": "estate_agent" }, "amenity": null, "shop": null, "leisure": null, "tourism": null, "office": "estate_agent", "public_transport": null, "healthcare": null, "craft": null, "stations_in_radius": "['Bland' 'East/West']", "stations_in_radius_dist_m": "[189.13 375.73]", "poi_cluster": "office" }, "geometry": { "type": "Point", "coordinates": [ -80.8562177, 35.2143081 ] } },
{ "type": "Feature", "properties": { "osm_id": 9155661364, "name": "Lowe's Global Technology Center", "lat": 35.212, "lon": -80.8598054, "tags": { "addr:city": "Charlotte", "addr:housenumber": "100", "addr:state": "NC", "addr:street": "West Worthington Avenue", "level": "8,9,10,11,12,13,14,15,16,17,18,19,20,21,22,23", "name": "Lowe's Global Technology Center", "office": "company", "website": "https://lowes.com" }, "amenity": null, "shop": null, "leisure": null, "tourism": null, "office": "company", "public_transport": null, "healthcare": null, "craft": null, "stations_in_radius": [ "East/West" ], "stations_in_radius_dist_m": [ 58.21 ], "poi_cluster": "office" }, "geometry": { "type": "Point", "coordinates": [ -80.8598054, 35.212 ] } },
{ "type": "Feature", "properties": { "osm_id": 9867405873, "name": "EMP Law", "lat": 35.2115682, "lon": -80.85549, "tags": { "addr:city": "Charlotte", "addr:country": "US", "addr:housenumber": "300", "addr:postcode": "28203", "addr:state": "NC", "addr:street": "E Kingston Ave", "addr:unit": "Suite 200", "description": "At EMP Law, our Charlotte, North Carolina lawyers have a rich history of experience and success defending clients in difficult circumstances.", "email": "info@emplawfirm.com", "facebook": "https://www.facebook.com/ElliotMorganParsonage", "name": "EMP Law", "office": "lawyer", "opening_hours": "Mo-Th 08:00-17:00; Fr 08:00-12:00", "phone": "+1-704-707-3705", "source:linkedin": "https://www.linkedin.com/company/elliot-morgan-parsonage", "website": "https://emplawfirm.com/" }, "amenity": null, "shop": null, "leisure": null, "tourism": null, "office": "lawyer", "public_transport": null, "healthcare": null, "craft": null, "stations_in_radius": [ "East/West" ], "stations_in_radius_dist_m": [ 337.47 ], "poi_cluster": "office" }, "geometry": { "type": "Point", "coordinates": [ -80.85549, 35.2115682 ] } },
{ "type": "Feature", "properties": { "osm_id": 10597022506, "name": "World Wide Technology", "lat": 35.2111346, "lon": -80.8594222, "tags": { "addr:housenumber": "1900", "addr:postcode": "28203", "addr:street": "South Boulevard", "name": "World Wide Technology", "office": "it", "phone": "+1-717-757-6441", "website": "https://wwt.com/" }, "amenity": null, "shop": null, "leisure": null, "tourism": null, "office": "it", "public_transport": null, "healthcare": null, "craft": null, "stations_in_radius": [ "East/West" ], "stations_in_radius_dist_m": [ 92.22 ], "poi_cluster": "office" }, "geometry": { "type": "Point", "coordinates": [ -80.8594222, 35.2111346 ] } },
{ "type": "Feature", "properties": { "osm_id": 10597276705, "name": "Lowe's Tech Hub", "lat": 35.2118923, "lon": -80.8599522, "tags": { "addr:postcode": "28203", "name": "Lowe's Tech Hub", "office": "company" }, "amenity": null, "shop": null, "leisure": null, "tourism": null, "office": "company", "public_transport": null, "healthcare": null, "craft": null, "stations_in_radius": [ "East/West" ], "stations_in_radius_dist_m": [ 71.39 ], "poi_cluster": "office" }, "geometry": { "type": "Point", "coordinates": [ -80.8599522, 35.2118923 ] } },
{ "type": "Feature", "properties": { "osm_id": 11102351571, "name": "Balfour Beatty", "lat": 35.2113437, "lon": -80.8611841, "tags": { "name": "Balfour Beatty", "office": "construction_company" }, "amenity": null, "shop": null, "leisure": null, "tourism": null, "office": "construction_company", "public_transport": null, "healthcare": null, "craft": null, "stations_in_radius": [ "East/West" ], "stations_in_radius_dist_m": [ 194.88 ], "poi_cluster": "office" }, "geometry": { "type": "Point", "coordinates": [ -80.8611841, 35.2113437 ] } },
{ "type": "Feature", "properties": { "osm_id": 11483254446, "name": "Dimensional", "lat": 35.2157232, "lon": -80.8564597, "tags": { "name": "Dimensional", "office": "financial_advisor", "website": "https://www.dimensional.com" }, "amenity": null, "shop": null, "leisure": null, "tourism": null, "office": "financial_advisor", "public_transport": null, "healthcare": null, "craft": null, "stations_in_radius": "['Bland' 'East/West']", "stations_in_radius_dist_m": "[108.02 486.7 ]", "poi_cluster": "office" }, "geometry": { "type": "Point", "coordinates": [ -80.8564597, 35.2157232 ] } },
{ "type": "Feature", "properties": { "osm_id": 12344562759, "name": "Spaces", "lat": 35.2100636, "lon": -80.8642194, "tags": { "brand": "Spaces", "brand:wikidata": "Q87629680", "name": "Spaces", "office": "coworking", "website": "https://www.spacesworks.com/charlotte/south-end" }, "amenity": null, "shop": null, "leisure": null, "tourism": null, "office": "coworking", "public_transport": null, "healthcare": null, "craft": null, "stations_in_radius": [ "East/West" ], "stations_in_radius_dist_m": [ 504.5 ], "poi_cluster": "office" }, "geometry": { "type": "Point", "coordinates": [ -80.8642194, 35.2100636 ] } }
]
}
