{
"type": "FeatureCollection",
"name": "poi_cluster_polygons",
"crs": { "type": "name", "properties": { "name": "urn:ogc:def:crs:OGC:1.3:CRS84" } },
"features": [
{ "type": "Feature", "properties": { "centroid_id": 0, "poi_count": 1, "mean_dist_m": 50.965611196962087, "max_dist_m": 50.965611196962087, "poi_cluster_labels": "env", "dominant_poi_cluster": "env", "center_x_m": 512275.0, "center_y_m": 3896625.0, "center_lon": -80.865132221173042, "center_lat": 35.212569877179128 }, "geometry": { "type": "Polygon", "coordinates": [ [ [ -80.864614527931309, 35.212884677191731 ], [ -80.864615071668538, 35.212875839480581 ], [ -80.864616668297018, 35.212867088064598 ], [ -80.864619302440005, 35.212858507224624 ], [ -80.864622948728965, 35.212850179598803 ], [ -80.864627572047894, 35.21284218538662 ], [ -80.864633127871457, 35.21283460157661 ], [ -80.86463956269391, 35.21282750120487 ], [ -80.864646814544258, 35.212820952651754 ], [ -80.864654813583215, 35.212815018983243 ], [ -80.864663482775711, 35.212809757343692 ], [ -80.864672738632734, 35.212805218405414 ], [ -80.864682492015532, 35.212801445880757 ], [ -80.864692648993909, 35.212798476101078 ], [ -80.864703111750856, 35.212796337666916 ], [ -80.864713779524621, 35.212795051172463 ], [ -80.864724549579037, 35.212794629007362 ], [ -80.864735318192942, 35.212795075237246 ], [ -80.864745981659027, 35.212796385564708 ], [ -80.864756437282608, 35.212798547370625 ], [ -80.864766584370628, 35.212801539835681 ], [ -80.864776325201348, 35.212805334140896 ], [ -80.864785565965448, 35.212809893745145 ], [ -80.864794217669484, 35.212815174737059 ], [ -80.864802196992912, 35.212821126257943 ], [ -80.86480942709052, 35.212827690991539 ], [ -80.86481583833249, 35.212834805715993 ], [ -80.864821368974944, 35.212842401912773 ], [ -80.864825965754591, 35.212850406426476 ], [ -80.864829584401747, 35.212858742169338 ], [ -80.864832190066579, 35.212867328863702 ], [ -80.864833757654793, 35.212876083815082 ], [ -80.864834272069359, 35.212884922708547 ], [ -80.864833728355819, 35.212893760420712 ], [ -80.864832131750092, 35.21290251183958 ], [ -80.864829497628051, 35.212911092684166 ], [ -80.864825851357409, 35.212919420316169 ], [ -80.864821228053501, 35.212927414535855 ], [ -80.86481567224105, 35.212934998354413 ], [ -80.864809237425376, 35.212942098735397 ], [ -80.86480198557723, 35.212948647298134 ], [ -80.864793986535801, 35.212954580976216 ], [ -80.864785317336285, 35.212959842624976 ], [ -80.864776061467907, 35.212964381571716 ], [ -80.864766308069903, 35.212968154103784 ], [ -80.864756151073038, 35.212971123889503 ], [ -80.864745688295031, 35.212973262328148 ], [ -80.864735020498443, 35.212974548825308 ], [ -80.864724250420309, 35.212974970991283 ], [ -80.864713481782715, 35.212974524760384 ], [ -80.864702818293878, 35.212973214430036 ], [ -80.86469236264935, 35.212971052619515 ], [ -80.864682215543013, 35.212968060148278 ], [ -80.864672474697286, 35.212964265835566 ], [ -80.864663233922059, 35.212959706222769 ], [ -80.86465458221123, 35.212954425221611 ], [ -80.8646466028856, 35.212948473691114 ], [ -80.86463937279045, 35.21294190894794 ], [ -80.864632961555543, 35.212934794214263 ], [ -80.864627430924415, 35.212927198009027 ], [ -80.864622834159974, 35.212919193487927 ], [ -80.864619215531306, 35.212910857738997 ], [ -80.864616609887548, 35.212902271040164 ], [ -80.864615042322157, 35.212893516086055 ], [ -80.864614527931309, 35.212884677191731 ] ] ] } },
{ "type": "Feature", "properties": { "centroid_id": 1, "poi_count": 1, "mean_dist_m": 47.527326618872124, "max_dist_m": 47.527326618872124, "poi_cluster_labels": "env", "dominant_poi_cluster": "env", "center_x_m": 512300.0, "center_y_m": 3896775.0, "center_lon": -80.864855300527964, "center_lat": 35.213922135705182 }, "geometry": { "type": "Polygon", "coordinates": [ [ [ -80.864426526077239, 35.214261377016975 ], [ -80.864427069844524, 35.21425253930876 ], [ -80.864428666520624, 35.214243787897345 ], [ -80.864431300728342, 35.214235207063567 ], [ -80.864434947098502, 35.214226879445484 ], [ -80.864439570514335, 35.214218885242509 ], [ -80.864445126449596, 35.2142113014431 ], [ -80.864451561397416, 35.21420420108327 ], [ -80.864458813385625, 35.214197652543206 ], [ -80.86446681257361, 35.214191718888799 ], [ -80.864475481924842, 35.214186457264262 ], [ -80.864484737948814, 35.214181918341765 ], [ -80.864494491505127, 35.214178145833515 ], [ -80.864504648661935, 35.214175176070675 ], [ -80.864515111600525, 35.214173037653659 ], [ -80.864525779557368, 35.21417175117648 ], [ -80.864536549794551, 35.214171329028602 ], [ -80.864547318589132, 35.214171775275517 ], [ -80.8645579822321, 35.214173085619642 ], [ -80.864568438027035, 35.21417524744168 ], [ -80.864578585279247, 35.214178239922191 ], [ -80.864588326265405, 35.214182034242015 ], [ -80.864597567174698, 35.2141865938599 ], [ -80.864606219012288, 35.214191874864355 ], [ -80.864614198456323, 35.214197826396543 ], [ -80.86462142866047, 35.214204391140107 ], [ -80.86462783999383, 35.214211505873116 ], [ -80.864633370711672, 35.214219102076918 ], [ -80.86463796755001, 35.214227106596063 ], [ -80.864641586238548, 35.214235442342734 ], [ -80.86464419192707, 35.214244029039271 ], [ -80.864645759521068, 35.2142527839911 ], [ -80.864646273923441, 35.214261622883313 ], [ -80.864645730179845, 35.214270460592545 ], [ -80.864644133526511, 35.214279212006844 ], [ -80.864641499339726, 35.214287792845234 ], [ -80.864637852987883, 35.214296120469498 ], [ -80.864633229587056, 35.214304114679976 ], [ -80.864627673662923, 35.214311698487904 ], [ -80.864621238721895, 35.214318798857008 ], [ -80.86461398673589, 35.214325347406678 ], [ -80.864605987545431, 35.214331281070663 ], [ -80.86459731818718, 35.214336542704402 ], [ -80.864588062151867, 35.214341081635368 ], [ -80.864578308580334, 35.21434485415103 ], [ -80.864568151405024, 35.214347823919901 ], [ -80.864557688445387, 35.214349962341409 ], [ -80.864547020465693, 35.214351248821295 ], [ -80.864536250204807, 35.214351670970053 ], [ -80.864525481386522, 35.214351224722108 ], [ -80.864514817720803, 35.214349914375106 ], [ -80.86450436190492, 35.214347752548449 ], [ -80.864494214634377, 35.214344760061771 ], [ -80.864484473633226, 35.214340965734444 ], [ -80.86447523271282, 35.214336406108004 ], [ -80.864466580868452, 35.214331125094319 ], [ -80.8644586014222, 35.214325173552517 ], [ -80.864451371220525, 35.214318608799367 ], [ -80.8644449598942, 35.214311494057149 ], [ -80.864439429187698, 35.214303897844886 ], [ -80.864434832364566, 35.214295893318344 ], [ -80.864431213694516, 35.214287557565598 ], [ -80.864428608027069, 35.214278970864612 ], [ -80.864427040455894, 35.214270215910055 ], [ -80.864426526077239, 35.214261377016975 ] ] ] } },
{ "type": "Feature", "properties": { "centroid_id": 2, "poi_count": 1, "mean_dist_m": 64.183286875701882, "max_dist_m": 64.183286875701882, "poi_cluster_labels": "env", "dominant_poi_cluster": "env", "center_x_m": 512375.0, "center_y_m": 3896675.0, "center_lon": -80.864032753024389, "center_lat": 35.213019503273905 }, "geometry": { "type": "Polygon", "coordinates": [ [ [ -80.86332622817136, 35.212710876023195 ], [ -80.86332677204696, 35.212702038317879 ], [ -80.863328368810173, 35.212693286918935 ], [ -80.863331003082948, 35.212684706107041 ], [ -80.863334649495513, 35.212676378520058 ], [ -80.863339272930645, 35.212668384357102 ], [ -80.863344828861926, 35.21266080060623 ], [ -80.863351263782548, 35.212653700302994 ], [ -80.863358515720591, 35.212647151827042 ], [ -80.863366514835931, 35.212641218243647 ], [ -80.863375184092703, 35.212635956696339 ], [ -80.863384440001369, 35.212631417856528 ], [ -80.863394193422593, 35.212627645435632 ], [ -80.863404350425839, 35.212624675764012 ], [ -80.863414813193884, 35.212622537441128 ], [ -80.863425480964835, 35.212621251060156 ], [ -80.863436251002582, 35.212620829009595 ], [ -80.863447019586104, 35.212621275354003 ], [ -80.863457683008377, 35.212622585794868 ], [ -80.863468138575172, 35.212624747711978 ], [ -80.863478285593956, 35.21262774028493 ], [ -80.863488026343646, 35.21263153469372 ], [ -80.863497267015731, 35.212636094396224 ], [ -80.863505918617619, 35.212641375480118 ], [ -80.863513897829776, 35.212647327085818 ], [ -80.863521127808056, 35.212653891896267 ], [ -80.863527538923776, 35.212661006688869 ], [ -80.863533069434297, 35.212668602944412 ], [ -80.863537666077605, 35.212676607506943 ], [ -80.863541284585281, 35.212684943288238 ], [ -80.863543890108872, 35.21269353001027 ], [ -80.86354545755546, 35.212702284978249 ], [ -80.863545971829325, 35.212711123877114 ], [ -80.8635454279774, 35.212719961583439 ], [ -80.863543831236939, 35.21272871298526 ], [ -80.863541196985111, 35.212737293801773 ], [ -80.863537550590877, 35.212745621394937 ], [ -80.863532927170752, 35.212753615565397 ], [ -80.863527371250569, 35.21276119932481 ], [ -80.863520936336741, 35.212768299637297 ], [ -80.8635136844009, 35.212774848122862 ], [ -80.863505685283116, 35.212780781715821 ], [ -80.863497016019295, 35.212786043272345 ], [ -80.863487760099289, 35.212790582120611 ], [ -80.863478006662845, 35.212794354548919 ], [ -80.863467849641097, 35.212797324226585 ], [ -80.863457386852005, 35.212799462553953 ], [ -80.863446719058203, 35.212800748937639 ], [ -80.863435948996752, 35.212801170989067 ], [ -80.863425180389555, 35.212800724643628 ], [ -80.863414516944516, 35.212799414199893 ], [ -80.863404061356789, 35.212797252278165 ], [ -80.863393914319687, 35.212794259699045 ], [ -80.863384173554977, 35.212790465282737 ], [ -80.863374932871793, 35.212785905571707 ], [ -80.863366281263097, 35.212780624478562 ], [ -80.863358302048752, 35.212774672863247 ], [ -80.863351072072916, 35.212768108043221 ], [ -80.863344660964231, 35.21276099324141 ], [ -80.863339130465079, 35.212753396977398 ], [ -80.863334533836976, 35.21274539240747 ], [ -80.863330915347788, 35.212737056620114 ], [ -80.863328309845258, 35.212728469893626 ], [ -80.863326742421521, 35.212719714922912 ], [ -80.86332622817136, 35.212710876023195 ] ] ] } },
{ "type": "Feature", "properties": { "centroid_id": 3, "poi_count": 13, "mean_dist_m": 115.97232590525491, "max_dist_m": 204.8753783645133, "poi_cluster_labels": "env", "dominant_poi_cluster": "env", "center_x_m": 512400.0, "center_y_m": 3896175.0, "center_lon": -80.863765604002694, "center_lat": 35.208510643496119 }, "geometry": { "type": "Polygon", "coordinates": [ [ [ -80.862067041804352, 35.208033565333928 ], [ -80.862066180645414, 35.20802461640001 ], [ -80.86206640788275, 35.20801564153598 ], [ -80.862067721263912, 35.208006729689806 ], [ -80.862070107771927, 35.207997969184859 ], [ -80.862073543754263, 35.207989446844557 ], [ -80.862077995157364, 35.207981247131912 ], [ -80.862083417864099, 35.207973451312419 ], [ -80.862089758130978, 35.207966136648665 ], [ -80.862096953120869, 35.207959375634587 ], [ -80.862104931525693, 35.207953235276975 ], [ -80.862113614273241, 35.207947776431496 ], [ -80.862122915310721, 35.207943053199443 ], [ -80.862132742457703, 35.207939112391635 ], [ -80.862142998319641, 35.207935993064453 ], [ -80.862153581253182, 35.207933726132822 ], [ -80.862164386373422, 35.20793233406372 ], [ -80.862175306593443, 35.207931830653621 ], [ -80.862186233685676, 35.207932220891671 ], [ -80.86320343257637, 35.208010320804334 ], [ -80.863213851970642, 35.208011536259669 ], [ -80.863224081865667, 35.208013564363775 ], [ -80.863234028393535, 35.208016386507083 ], [ -80.863243600286381, 35.208019976794063 ], [ -80.86325270971399, 35.208024302280776 ], [ -80.86326127308952, 35.208029323277223 ], [ -80.86326921183668, 35.2080349937115 ], [ -80.863276453110529, 35.208041261552538 ], [ -80.86328293046607, 35.208048069287585 ], [ -80.863288584467824, 35.208055354449826 ], [ -80.864755186133863, 35.210161253313792 ], [ -80.864760035469189, 35.210169077289379 ], [ -80.864763934891101, 35.210177251175509 ], [ -80.864766847445225, 35.210185697509743 ], [ -80.864768745529446, 35.210194336247625 ], [ -80.864769611155651, 35.210203085521385 ], [ -80.864769436120127, 35.210211862415612 ], [ -80.864768222081281, 35.210220583753156 ], [ -80.864765980544078, 35.210229166883359 ], [ -80.864762732750847, 35.210237530465264 ], [ -80.86475850948014, 35.21024559523854 ], [ -80.864753350754896, 35.210253284774588 ], [ -80.864747305463368, 35.210260526200848 ], [ -80.864740430895637, 35.21026725089142 ], [ -80.864732792200726, 35.210273395117397 ], [ -80.864724461769313, 35.210278900650877 ], [ -80.864715518547555, 35.210283715316677 ], [ -80.86470604728899, 35.210287793486906 ], [ -80.864696137751324, 35.210291096513345 ], [ -80.864685883845851, 35.210293593093645 ], [ -80.86467538274735, 35.210295259568092 ], [ -80.864664733973299, 35.210296080143692 ], [ -80.864654038440662, 35.210296047044004 ], [ -80.863997437717927, 35.210267747011549 ], [ -80.863987102092622, 35.210266897964971 ], [ -80.863976910355859, 35.210265251638639 ], [ -80.863966953604788, 35.210262822747978 ], [ -80.863957320836178, 35.21025963300324 ], [ -80.863948098150914, 35.210255710915412 ], [ -80.863939367984358, 35.210251091541437 ], [ -80.862300567266942, 35.209290990687485 ], [ -80.862291729712936, 35.209285228400979 ], [ -80.862283659126575, 35.209278752360646 ], [ -80.86227644068525, 35.20927163091514 ], [ -80.862270150572655, 35.209263939224662 ], [ -80.8622648551748, 35.209255758467869 ], [ -80.862260610379352, 35.209247174984959 ], [ -80.862257460985802, 35.209238279366573 ], [ -80.862255440232673, 35.209229165497568 ], [ -80.862067041804352, 35.208033565333928 ] ] ] } },
{ "type": "Feature", "properties": { "centroid_id": 4, "poi_count": 7, "mean_dist_m": 99.705905516097189, "max_dist_m": 171.01732325721701, "poi_cluster_labels": "env", "dominant_poi_cluster": "env", "center_x_m": 512425.0, "center_y_m": 3896550.0, "center_lon": -80.863485278647829, "center_lat": 35.211891747673626 }, "geometry": { "type": "Polygon", "coordinates": [ [ [ -80.864498576149529, 35.210504250835974 ], [ -80.864509195316757, 35.210504480092538 ], [ -80.864519737872214, 35.210505549943811 ], [ -80.864530105261551, 35.210507450388583 ], [ -80.864540200567887, 35.210510163661034 ], [ -80.864549929417834, 35.210513664396814 ], [ -80.86455920086371, 35.21051791987022 ], [ -80.864567928233683, 35.210522890300048 ], [ -80.864576029942057, 35.210528529221499 ], [ -80.864583430251926, 35.210534783920529 ], [ -80.864590059983172, 35.210541595926657 ], [ -80.864595857159202, 35.210548901559541 ], [ -80.864600767586325, 35.210556632524259 ], [ -80.86460474536031, 35.21056471654979 ], [ -80.864607753295672, 35.210573078064535 ], [ -80.864609763273094, 35.21058163890288 ], [ -80.864610756502486, 35.210590319035852 ], [ -80.864610723698519, 35.21059903731922 ], [ -80.864609665167563, 35.210607712252127 ], [ -80.864607590804695, 35.210616262738903 ], [ -80.864060893001422, 35.212411563218687 ], [ -80.864057715640541, 35.21242015385463 ], [ -80.864053513144896, 35.212428442609372 ], [ -80.864048327172497, 35.212436347318416 ], [ -80.864042209130432, 35.212443789624245 ], [ -80.864035219665183, 35.21245069575297 ], [ -80.864027428061561, 35.21245699724571 ], [ -80.86401891155576, 35.212462631637152 ], [ -80.864009754569906, 35.212467543074872 ], [ -80.864000047875052, 35.212471682872859 ], [ -80.863989887691503, 35.212475009994186 ], [ -80.863979374734868, 35.212477491457861 ], [ -80.863968613217793, 35.212479102665633 ], [ -80.863957709816887, 35.212479827645971 ], [ -80.863946772615208, 35.212479659212285 ], [ -80.863935910030875, 35.212478599034227 ], [ -80.863925229742335, 35.212476657621124 ], [ -80.86391483762101, 35.212473854217777 ], [ -80.86390483668167, 35.212470216613724 ], [ -80.86389532606141, 35.212465780867738 ], [ -80.863886400036847, 35.212460590950393 ], [ -80.863878147089537, 35.212454698308186 ], [ -80.863870649028968, 35.212448161353571 ], [ -80.863863980181549, 35.212441044885907 ], [ -80.863858206653816, 35.212433419449113 ], [ -80.863316607311134, 35.211631619026555 ], [ -80.863311860546844, 35.211623701119244 ], [ -80.863308079532104, 35.211615440341703 ], [ -80.863305300477762, 35.211606915808233 ], [ -80.863303549998776, 35.211598209159106 ], [ -80.863302844859291, 35.211589403778703 ], [ -80.863303191812165, 35.211580583996941 ], [ -80.863304587534287, 35.211571834281642 ], [ -80.863520288786574, 35.210594134474483 ], [ -80.863522717702651, 35.21058554483983 ], [ -80.863526157264587, 35.210577190984438 ], [ -80.8635305745794, 35.210569152796708 ], [ -80.863535927403746, 35.210561507146274 ], [ -80.863542164548051, 35.210554327148863 ], [ -80.863549226366004, 35.210547681467126 ], [ -80.86355704532491, 35.210541633654039 ], [ -80.863565546651571, 35.210536241545107 ], [ -80.863574649047322, 35.210531556705256 ], [ -80.863584265465519, 35.210527623935803 ], [ -80.863594303943884, 35.210524480846026 ], [ -80.863604668484101, 35.210522157493351 ], [ -80.863615259969606, 35.210520676096102 ], [ -80.863625977113713, 35.210520050820946 ], [ -80.864498576149529, 35.210504250835974 ] ] ] } },
{ "type": "Feature", "properties": { "centroid_id": 5, "poi_count": 1, "mean_dist_m": 78.178818687100417, "max_dist_m": 78.178818687100417, "poi_cluster_labels": "env", "dominant_poi_cluster": "env", "center_x_m": 512425.0, "center_y_m": 3896725.0, "center_lon": -80.863482637025825, "center_lat": 35.213469740005053 }, "geometry": { "type": "Polygon", "coordinates": [ [ [ -80.862635226665347, 35.213830975392696 ], [ -80.862635770623726, 35.213822137692318 ], [ -80.862637367483401, 35.213813386304324 ], [ -80.862640001865429, 35.213804805509312 ], [ -80.862643648398944, 35.213796477944953 ], [ -80.862648271965611, 35.21378848381017 ], [ -80.862653828037722, 35.213780900092743 ], [ -80.862660263107102, 35.213773799827869 ], [ -80.862667515200414, 35.213767251394877 ], [ -80.862675514476024, 35.213761317858598 ], [ -80.862684183896533, 35.213756056362115 ], [ -80.862693439970812, 35.213751517576362 ], [ -80.862703193557977, 35.213747745212196 ], [ -80.862713350725841, 35.21374477559948 ], [ -80.86272381365562, 35.21374263733707 ], [ -80.862734481583857, 35.213741351017582 ], [ -80.862745251772921, 35.213740929028916 ], [ -80.862756020500342, 35.213741375435028 ], [ -80.862766684057732, 35.213742685936815 ], [ -80.862777139749497, 35.213744847913482 ], [ -80.862787286881968, 35.213747840544052 ], [ -80.862797027732938, 35.213751635007974 ], [ -80.862806268492903, 35.213756194762553 ], [ -80.862814920168475, 35.213761475895012 ], [ -80.862822899439379, 35.213767427545285 ], [ -80.862830129460889, 35.213773992395893 ], [ -80.862836540603951, 35.213781107223824 ], [ -80.862842071125584, 35.21378870350955 ], [ -80.862846667763748, 35.213796708096822 ], [ -80.862850286250037, 35.213805043897175 ], [ -80.862852891736196, 35.213813630632394 ], [ -80.862854459129693, 35.213822385607585 ], [ -80.862854973335317, 35.213831224507587 ], [ -80.862854429400628, 35.21384006220898 ], [ -80.862852832563718, 35.213848813599846 ], [ -80.862850198202636, 35.21385739439949 ], [ -80.862846551687426, 35.213865721970024 ], [ -80.862841928135779, 35.213873716112325 ], [ -80.862836372074767, 35.213881299838292 ], [ -80.862829937012179, 35.21388840011241 ], [ -80.862822684921071, 35.213894948554994 ], [ -80.862814685643002, 35.213900882100852 ], [ -80.862806016215444, 35.21390614360655 ], [ -80.862796760129811, 35.213910682400765 ], [ -80.862787006527455, 35.213914454772343 ], [ -80.862776849341088, 35.213917424391106 ], [ -80.862766386390248, 35.213919562657992 ], [ -80.862755718439175, 35.213920848980209 ], [ -80.862744948226393, 35.213921270969728 ], [ -80.862734179475282, 35.213920824562592 ], [ -80.862723515895155, 35.21391951405792 ], [ -80.862713060182429, 35.213917352076635 ], [ -80.86270291303164, 35.213914359439897 ], [ -80.862693172165663, 35.213910564968479 ], [ -80.862683931394571, 35.213906005205352 ], [ -80.862675279712221, 35.213900724063635 ], [ -80.862667300439114, 35.213894772403748 ], [ -80.862660070420063, 35.213888207543576 ], [ -80.862653659284064, 35.213881092706437 ], [ -80.862648128773756, 35.213873496412255 ], [ -80.862643532150813, 35.213865491817572 ], [ -80.862639913683012, 35.213857156011173 ], [ -80.862637308217913, 35.213848569271477 ], [ -80.862635740847253, 35.213839814293564 ], [ -80.862635226665347, 35.213830975392696 ] ] ] } },
{ "type": "Feature", "properties": { "centroid_id": 7, "poi_count": 4, "mean_dist_m": 90.266337101441508, "max_dist_m": 124.96606419363108, "poi_cluster_labels": "env", "dominant_poi_cluster": "env", "center_x_m": 512500.0, "center_y_m": 3896525.0, "center_lon": -80.862661627861499, "center_lat": 35.211665388268862 }, "geometry": { "type": "Polygon", "coordinates": [ [ [ -80.863371511864713, 35.210657478957792 ], [ -80.863380899616175, 35.210652918559227 ], [ -80.863390792132492, 35.210649144696745 ], [ -80.863401091887084, 35.210646194575425 ], [ -80.863411697338634, 35.210644097279342 ], [ -80.8634225039321, 35.210642873484936 ], [ -80.863433405129456, 35.210642535257129 ], [ -80.863444293460063, 35.210643085930371 ], [ -80.863455061580083, 35.21064452007581 ], [ -80.863465603330837, 35.210646823554725 ], [ -80.863475814785232, 35.210649973658043 ], [ -80.863485595272479, 35.210653939330108 ], [ -80.863494848370451, 35.210658681474875 ], [ -80.863503482856302, 35.210664153341384 ], [ -80.863511413605835, 35.210670300984575 ], [ -80.863518562432603, 35.210677063797178 ], [ -80.863524858858824, 35.210684375107192 ], [ -80.863530240810192, 35.210692162835123 ], [ -80.863534655227781, 35.210700350204689 ], [ -80.863538058591132, 35.21070885649965 ], [ -80.86354041734748, 35.210717597859528 ], [ -80.863541708242337, 35.210726488106474 ], [ -80.86354191854889, 35.210735439594714 ], [ -80.86354181855252, 35.210738139594824 ], [ -80.863541041799891, 35.210746445959032 ], [ -80.863539334301876, 35.210754658038958 ], [ -80.863536710632815, 35.210762705738922 ], [ -80.863533193187237, 35.210770520366367 ], [ -80.863528811988729, 35.210778035218105 ], [ -80.863523604433539, 35.210785186149742 ], [ -80.863517614971528, 35.210791912123149 ], [ -80.862323015417715, 35.212010912957496 ], [ -80.862315943921971, 35.21201745239712 ], [ -80.862308133957143, 35.212023399019934 ], [ -80.862299658952267, 35.212028696915873 ], [ -80.862290598589169, 35.21203329627415 ], [ -80.86228103805324, 35.212037153851625 ], [ -80.862271067232527, 35.21204023337939 ], [ -80.862260779872614, 35.212042505903739 ], [ -80.862250272695178, 35.212043950058401 ], [ -80.862239644488696, 35.212044552265432 ], [ -80.862228995179549, 35.212044306862886 ], [ -80.862218424892504, 35.212043216158037 ], [ -80.862208033009381, 35.212041290405701 ], [ -80.862197917234624, 35.212038547711785 ], [ -80.862188172676696, 35.212035013863087 ], [ -80.862178890953814, 35.212030722084847 ], [ -80.862170159332607, 35.212025712728341 ], [ -80.862162059907618, 35.212020032891481 ], [ -80.862154668829405, 35.212013735976043 ], [ -80.862148055588634, 35.21200688118558 ], [ -80.862142282362711, 35.21199953296869 ], [ -80.862137403431191, 35.211991760413248 ], [ -80.862133464665391, 35.211983636596628 ], [ -80.862130503097276, 35.211975237898798 ], [ -80.862128546571086, 35.2119666432841 ], [ -80.862127613481718, 35.211957933558899 ], [ -80.862127712601747, 35.211949190611719 ], [ -80.862128842998885, 35.211940496643507 ], [ -80.862130994044875, 35.211931933394602 ], [ -80.862134145515327, 35.211923581376354 ], [ -80.862138267779969, 35.211915519114086 ], [ -80.862626468563633, 35.211077119510215 ], [ -80.862631136006058, 35.211069953059699 ], [ -80.862636570602817, 35.211063160563057 ], [ -80.86264272821866, 35.211056797183033 ], [ -80.86264955884667, 35.21105091459745 ], [ -80.862657007014306, 35.211045560579521 ], [ -80.86266501223399, 35.21104077860987 ], [ -80.863371511864713, 35.210657478957792 ] ] ] } },
{ "type": "Feature", "properties": { "centroid_id": 8, "poi_count": 4, "mean_dist_m": 60.72113378873285, "max_dist_m": 101.67428477491463, "poi_cluster_labels": "env", "dominant_poi_cluster": "env", "center_x_m": 512500.0, "center_y_m": 3896675.0, "center_lon": -80.862659349984668, "center_lat": 35.213017953153681 }, "geometry": { "type": "Polygon", "coordinates": [ [ [ -80.86175094984722, 35.212419700588647 ], [ -80.861747250093956, 35.212411509559864 ], [ -80.861744533480461, 35.21240306315385 ], [ -80.86174282550347, 35.212394440645127 ], [ -80.861742142193009, 35.212385722960981 ], [ -80.861742489962026, 35.212376991921964 ], [ -80.861743865546174, 35.212368329473954 ], [ -80.861746256034479, 35.212359816919054 ], [ -80.861749638990531, 35.212351534152432 ], [ -80.861753982663018, 35.212343558912636 ], [ -80.861759246283881, 35.21233596605181 ], [ -80.861765380450763, 35.212328826833257 ], [ -80.86177232759087, 35.21232220826257 ], [ -80.861780022501165, 35.212316172458756 ], [ -80.861788392960491, 35.212310776071206 ], [ -80.861797360407252, 35.212306069748038 ], [ -80.86180684067692, 35.21230209766069 ], [ -80.861816744791838, 35.21229889708944 ], [ -80.861826979796348, 35.212296498073378 ], [ -80.861837449629292, 35.212294923128631 ], [ -80.861848056025451, 35.212294187036903 ], [ -80.861858699438017, 35.212294296706844 ], [ -80.861869279972666, 35.212295251109104 ], [ -80.861879698325254, 35.212297041286128 ], [ -80.862378297828727, 35.212403641172479 ], [ -80.862388662785236, 35.212406312685779 ], [ -80.862398655593495, 35.212409811229662 ], [ -80.862408178551576, 35.212414102598103 ], [ -80.862417138551308, 35.21241914483344 ], [ -80.862425447988656, 35.21242488863659 ], [ -80.862433025620206, 35.212431277849106 ], [ -80.862439797357567, 35.212438250002172 ], [ -80.862445696991671, 35.212445736927478 ], [ -80.862450666840189, 35.212453665423574 ], [ -80.862454658311435, 35.212461957971698 ], [ -80.862457632379559, 35.212470533493601 ], [ -80.862693533418025, 35.213305533290267 ], [ -80.862695477177965, 35.213314410505653 ], [ -80.862696330610845, 35.213323402675044 ], [ -80.862696085177632, 35.213332419830905 ], [ -80.862694743333535, 35.213341371755668 ], [ -80.862692318503477, 35.213350168884432 ], [ -80.862688834947804, 35.213358723200962 ], [ -80.86268432751956, 35.213366949118367 ], [ -80.86267884131577, 35.213374764335455 ], [ -80.862672431226272, 35.213382090660033 ], [ -80.862665161384513, 35.213388854791361 ], [ -80.862657104525965, 35.213394989053512 ], [ -80.862648341260297, 35.213400432072405 ], [ -80.862638959264984, 35.213405129389976 ], [ -80.862629052407968, 35.213409034008947 ], [ -80.862618719808594, 35.213412106863103 ], [ -80.862608064845801, 35.213414317208169 ], [ -80.862597194123893, 35.213415642929306 ], [ -80.862586216405859, 35.213416070762541 ], [ -80.862575241525235, 35.213415596427325 ], [ -80.862564379287136, 35.213414224669442 ], [ -80.862553738369684, 35.213411969213517 ], [ -80.862271338101237, 35.213339569137517 ], [ -80.862261430196398, 35.213336593458536 ], [ -80.86225191574097, 35.213332851593648 ], [ -80.862242882465722, 35.213328378045766 ], [ -80.86223441366451, 35.213323214064566 ], [ -80.862226587426221, 35.213317407266032 ], [ -80.862219475914813, 35.213311011193404 ], [ -80.862213144703816, 35.213304084823484 ], [ -80.862207652171762, 35.213296692022851 ], [ -80.862203048963849, 35.213288900958858 ], [ -80.86175094984722, 35.212419700588647 ] ] ] } },
{ "type": "Feature", "properties": { "centroid_id": 9, "poi_count": 15, "mean_dist_m": 78.309609515241462, "max_dist_m": 133.65400394769227, "poi_cluster_labels": "env", "dominant_poi_cluster": "env", "center_x_m": 512575.0, "center_y_m": 3896425.0, "center_lon": -80.861839127366466, "center_lat": 35.210762740705157 }, "geometry": { "type": "Polygon", "coordinates": [ [ [ -80.861479592866061, 35.209544735451018 ], [ -80.861483985222122, 35.209536347497604 ], [ -80.861489388525783, 35.209528367067023 ], [ -80.861495747384879, 35.209520875970519 ], [ -80.861502996611492, 35.209513951002897 ], [ -80.861511061890099, 35.2095076631553 ], [ -80.861519860539573, 35.209502076887397 ], [ -80.86152930236068, 35.209497249466658 ], [ -80.861539290560771, 35.209493230381263 ], [ -80.861549722746105, 35.209490060832699 ], [ -80.861560491971431, 35.209487773313505 ], [ -80.861571487836414, 35.209486391274083 ], [ -80.861582597617343, 35.209485928882373 ], [ -80.861593707422699, 35.20948639087856 ], [ -80.861604703360726, 35.209487772526543 ], [ -80.861615472706958, 35.20949005966235 ], [ -80.862806471576235, 35.209796559340759 ], [ -80.862816495164552, 35.209799585312297 ], [ -80.862826113411629, 35.209803395739314 ], [ -80.86283523542906, 35.209807954614867 ], [ -80.862843775017481, 35.209813218859502 ], [ -80.862851651481222, 35.209819138728314 ], [ -80.862858790390845, 35.209825658281005 ], [ -80.862865124286401, 35.209832715910458 ], [ -80.862870593314966, 35.209840244925026 ], [ -80.863276493850989, 35.210466344605472 ], [ -80.863281003899885, 35.21047418951072 ], [ -80.863284574624103, 35.210482353779277 ], [ -80.863287172979582, 35.210490761858367 ], [ -80.863288774920633, 35.210499335938984 ], [ -80.86328936562245, 35.210507996675844 ], [ -80.863288939618315, 35.210516663921787 ], [ -80.863287500850163, 35.210525257469335 ], [ -80.863285062632187, 35.210533697793032 ], [ -80.863281647527572, 35.210541906785323 ], [ -80.863277287139724, 35.210549808479421 ], [ -80.863272021819867, 35.210557329752234 ], [ -80.863265900293555, 35.210564401001164 ], [ -80.863258979209803, 35.210570956788132 ], [ -80.863251322616875, 35.210576936445179 ], [ -80.862518422458294, 35.211096536873711 ], [ -80.862510160305163, 35.211101850581478 ], [ -80.862501317996504, 35.211106492947415 ], [ -80.8624919762416, 35.211110421597667 ], [ -80.862482220308621, 35.211113600672938 ], [ -80.862472139246151, 35.21111600115578 ], [ -80.86246182507054, 35.211117601135392 ], [ -80.862451371925886, 35.211118386007797 ], [ -80.862440875224806, 35.21111834860892 ], [ -80.862430430777451, 35.211117489280113 ], [ -80.862420133917013, 35.21111581586505 ], [ -80.862410078629566, 35.211113343638068 ], [ -80.862400356696156, 35.211110095164763 ], [ -80.862391056855088, 35.211106100096039 ], [ -80.86238226399189, 35.211101394897469 ], [ -80.861183163482366, 35.21039049426772 ], [ -80.861174590618376, 35.210384855533611 ], [ -80.861166746767267, 35.210378542320399 ], [ -80.861159710358649, 35.210371617753182 ], [ -80.861153551748529, 35.210364151069932 ], [ -80.861148332515896, 35.210356216929128 ], [ -80.861144104846943, 35.210347894663322 ], [ -80.861140911013337, 35.210339267485814 ], [ -80.861138782949453, 35.210330421658647 ], [ -80.861137741933192, 35.21032144563015 ], [ -80.861137798373164, 35.210312429150406 ], [ -80.861138951704703, 35.210303462374007 ], [ -80.861141190395415, 35.210294634958487 ], [ -80.861144492060617, 35.210286035167933 ], [ -80.861479592866061, 35.209544735451018 ] ] ] } },
{ "type": "Feature", "properties": { "centroid_id": 10, "poi_count": 5, "mean_dist_m": 46.712431823888195, "max_dist_m": 54.124548997272221, "poi_cluster_labels": "env", "dominant_poi_cluster": "env", "center_x_m": 512575.0, "center_y_m": 3896775.0, "center_lon": -80.861833780430558, "center_lat": 35.213918725327439 }, "geometry": { "type": "Polygon", "coordinates": [ [ [ -80.861906393534682, 35.213604587241093 ], [ -80.861917176392822, 35.213602576411532 ], [ -80.861928150919894, 35.213601465239137 ], [ -80.861939205959729, 35.213601264978479 ], [ -80.861950229540639, 35.213601977657916 ], [ -80.861961110009645, 35.213603596059031 ], [ -80.861971737163231, 35.213606103789765 ], [ -80.861982003363579, 35.213609475450369 ], [ -80.861991804628744, 35.213613676890809 ], [ -80.862001041685915, 35.213618665556496 ], [ -80.862487941486606, 35.213911465298388 ], [ -80.862496291361097, 35.213917021526484 ], [ -80.862503939680821, 35.213923220797234 ], [ -80.862510813234877, 35.213930003770365 ], [ -80.862516846228431, 35.213937305518328 ], [ -80.862521980912618, 35.21394505614775 ], [ -80.862526168137236, 35.213953181468511 ], [ -80.862529367821253, 35.213961603703872 ], [ -80.862531549336524, 35.213970242234915 ], [ -80.862532691800936, 35.213979014372313 ], [ -80.862532784278287, 35.213987836147822 ], [ -80.862531825883053, 35.213996623118 ], [ -80.862529825788783, 35.214005291172576 ], [ -80.862526803140398, 35.214013757339494 ], [ -80.862522786870869, 35.214021940579194 ], [ -80.862517815424326, 35.214029762560337 ], [ -80.862511936388046, 35.214037148409531 ], [ -80.862505206036957, 35.21404402742818 ], [ -80.862497688794974, 35.214050333769059 ], [ -80.861954588730583, 35.214463434099429 ], [ -80.861946407521955, 35.214469075521436 ], [ -80.861937597253686, 35.214474038057915 ], [ -80.861928241257345, 35.214478274770855 ], [ -80.861918428026343, 35.214481745587378 ], [ -80.86190825037886, 35.214484417678868 ], [ -80.861897804579897, 35.214486265771399 ], [ -80.861887189430831, 35.214487272384829 ], [ -80.861876505334848, 35.214487427998129 ], [ -80.86186585334724, 35.214486731139445 ], [ -80.861855334219612, 35.214485188399962 ], [ -80.86184504744692, 35.214482814371692 ], [ -80.861835090326352, 35.214479631509313 ], [ -80.861825557037079, 35.21447566991786 ], [ -80.861816537749419, 35.21447096706796 ], [ -80.861808117772, 35.214465567441387 ], [ -80.86180037674481, 35.214459522110381 ], [ -80.861165376796194, 35.213912921699055 ], [ -80.861158338324444, 35.21390623565911 ], [ -80.861152130988273, 35.213899016385788 ], [ -80.861146814388206, 35.213891333196074 ], [ -80.861142439572077, 35.213883259861277 ], [ -80.861139048545098, 35.21387487389876 ], [ -80.861136673866397, 35.213866255827583 ], [ -80.861135338336453, 35.213857488395391 ], [ -80.861135054778259, 35.213848655783927 ], [ -80.861135825914047, 35.213839842800752 ], [ -80.861137644339351, 35.213831134064939 ], [ -80.861140492593961, 35.213822613194537 ], [ -80.861144343329684, 35.213814362003795 ], [ -80.861149159572889, 35.213806459717603 ], [ -80.861154895079551, 35.213798982210719 ], [ -80.861161494779267, 35.213792001279323 ], [ -80.861168895304033, 35.213785583951676 ], [ -80.861177025596632, 35.213779791844495 ], [ -80.861185807593017, 35.213774680571369 ], [ -80.861195156971732, 35.213770299208733 ], [ -80.861204983963617, 35.213766689824787 ], [ -80.861215194213671, 35.213763887075366 ], [ -80.861906393534682, 35.213604587241093 ] ] ] } },
{ "type": "Feature", "properties": { "centroid_id": 11, "poi_count": 2, "mean_dist_m": 31.247440112061483, "max_dist_m": 37.609278120227351, "poi_cluster_labels": "env", "dominant_poi_cluster": "env", "center_x_m": 512600.0, "center_y_m": 3896500.0, "center_lon": -80.861563306396789, "center_lat": 35.211438709518276 }, "geometry": { "type": "Polygon", "coordinates": [ [ [ -80.861384926380055, 35.211146156077589 ], [ -80.861380604244715, 35.211138049193075 ], [ -80.861377271126798, 35.211129633657578 ], [ -80.861374959125783, 35.211120990517422 ], [ -80.861373690507151, 35.211112203010806 ], [ -80.861373477488115, 35.211103355766262 ], [ -80.861374322119786, 35.211094533987605 ], [ -80.861376216267573, 35.211085822633358 ], [ -80.861379141689483, 35.211077305598572 ], [ -80.861383070211787, 35.211069064906866 ], [ -80.861387964000428, 35.211061179920534 ], [ -80.861393775925364, 35.211053726576182 ], [ -80.861400450014429, 35.211046776653454 ], [ -80.861407921992395, 35.211040397083778 ], [ -80.861416119900056, 35.211034649305759 ], [ -80.861424964787091, 35.211029588673512 ], [ -80.861434371472541, 35.211025263923538 ], [ -80.861444249365078, 35.211021716705453 ], [ -80.861454503335423, 35.211018981180793 ], [ -80.861465034632502, 35.211017083694074 ], [ -80.861475741834482, 35.211016042519077 ], [ -80.861486521825498, 35.211015867682846 ], [ -80.861497270788675, 35.211016560869147 ], [ -80.861507885205981, 35.211018115402247 ], [ -80.861518262855071, 35.211020516311187 ], [ -80.861528303793804, 35.211023740473983 ], [ -80.861537911322728, 35.211027756840267 ], [ -80.861546992916246, 35.211032526730349 ], [ -80.861555461113838, 35.211038004207715 ], [ -80.861563234362194, 35.211044136521387 ], [ -80.861570237800677, 35.211050864613988 ], [ -80.861576403982312, 35.211058123690428 ], [ -80.861581673523276, 35.211065843841965 ], [ -80.861870873958125, 35.211543043611179 ], [ -80.861875196163581, 35.211551150477824 ], [ -80.861878529349994, 35.211559565999174 ], [ -80.861880841416706, 35.211568209129254 ], [ -80.861882110096914, 35.211576996630022 ], [ -80.861882323172196, 35.211585843873117 ], [ -80.861881478590192, 35.211594665654708 ], [ -80.861879584484342, 35.211603377016225 ], [ -80.8618766590956, 35.211611894062436 ], [ -80.861872730596787, 35.211620134769475 ], [ -80.861867836821219, 35.2116280197747 ], [ -80.861862024898414, 35.211635473141108 ], [ -80.861855350800255, 35.211642423088591 ], [ -80.861847878801868, 35.211648802685183 ], [ -80.861839680862673, 35.21165455049178 ], [ -80.861830835933347, 35.211659611153713 ], [ -80.861821429195516, 35.211663935933906 ], [ -80.861811551241402, 35.211667483182246 ], [ -80.861801297201325, 35.211670218736693 ], [ -80.861790765827578, 35.211672116252281 ], [ -80.861780058543346, 35.211673157454833 ], [ -80.861769278465985, 35.211673332316977 ], [ -80.861758529413876, 35.211672639154685 ], [ -80.861747914906573, 35.211671084643527 ], [ -80.861737537167926, 35.211668683754311 ], [ -80.861727496141555, 35.211665459609016 ], [ -80.861717888528219, 35.211661443258009 ], [ -80.861708806854736, 35.21165667338105 ], [ -80.861700338582722, 35.211651195914811 ], [ -80.86169256526631, 35.211645063610383 ], [ -80.861685561766848, 35.211638335525386 ], [ -80.861679395531795, 35.211631076455078 ], [ -80.861674125945214, 35.211623356308394 ], [ -80.861384926380055, 35.211146156077589 ] ] ] } },
{ "type": "Feature", "properties": { "centroid_id": 12, "poi_count": 8, "mean_dist_m": 50.382655174734957, "max_dist_m": 78.395246557524814, "poi_cluster_labels": "env", "dominant_poi_cluster": "env", "center_x_m": 512675.0, "center_y_m": 3896575.0, "center_lon": -80.860738125767966, "center_lat": 35.212114046996064 }, "geometry": { "type": "Polygon", "coordinates": [ [ [ -80.8604576486035, 35.211356792634746 ], [ -80.860466449782322, 35.211352048018327 ], [ -80.86047576397236, 35.211348016674314 ], [ -80.8604855056182, 35.211344735632544 ], [ -80.860495585238127, 35.211342235030969 ], [ -80.860505910245948, 35.211340537838801 ], [ -80.860516385801503, 35.211339659645574 ], [ -80.860526915681803, 35.21133960851791 ], [ -80.860537403164869, 35.211340384925457 ], [ -80.860547751918148, 35.211341981736517 ], [ -80.860557866883354, 35.211344384283642 ], [ -80.860567655149666, 35.211347570498262 ], [ -80.860577026807107, 35.21135151111347 ], [ -80.860585895772417, 35.21135616993282 ], [ -80.860594180579781, 35.211361504162802 ], [ -80.860601805129107, 35.211367464805924 ], [ -80.860608699385025, 35.211373997110769 ], [ -80.860614800020244, 35.211381041074922 ], [ -80.860620050997227, 35.211388531996135 ], [ -80.860624404082913, 35.211396401066565 ], [ -80.860627819291778, 35.211404576004902 ], [ -80.860630265253164, 35.211412981720251 ], [ -80.860827266348423, 35.212269881549489 ], [ -80.860828762940599, 35.212278832476386 ], [ -80.860829160602876, 35.212287861384148 ], [ -80.860828455342642, 35.212296877629029 ], [ -80.860826654239872, 35.212305790694259 ], [ -80.860823775375991, 35.212314511098967 ], [ -80.860819847652436, 35.212322951296386 ], [ -80.860814910500494, 35.21233102655286 ], [ -80.860809013485451, 35.212338655798405 ], [ -80.860802215808988, 35.212345762440684 ], [ -80.860794585714871, 35.212352275133902 ], [ -80.860786199803812, 35.212358128495104 ], [ -80.860777142264467, 35.212363263760572 ], [ -80.860767504028232, 35.21236762937572 ], [ -80.860757381856345, 35.212371181512758 ], [ -80.86074687736847, 35.212373884510633 ], [ -80.860736096022521, 35.212375711233129 ], [ -80.860725146055884, 35.212376643341145 ], [ -80.860714137398816, 35.212376671476946 ], [ -80.860369637019275, 35.212363371461585 ], [ -80.860358804102944, 35.212362510334927 ], [ -80.860348128145716, 35.212360773837432 ], [ -80.86033771390494, 35.212358179008454 ], [ -80.860327663569905, 35.212354751309597 ], [ -80.860141663426532, 35.212282251237824 ], [ -80.860132288117114, 35.212278129145581 ], [ -80.860123442380456, 35.212273282403544 ], [ -80.860115209109821, 35.212267756430521 ], [ -80.86010766545904, 35.212261603010361 ], [ -80.86010088211944, 35.21225487980675 ], [ -80.860094922657453, 35.21224764982275 ], [ -80.860089842918882, 35.212239980810487 ], [ -80.86008569050567, 35.212231944636144 ], [ -80.860082504329711, 35.212223616606572 ], [ -80.860080314248293, 35.212215074763606 ], [ -80.860079140784336, 35.212206399152656 ], [ -80.860078994933971, 35.21219767107263 ], [ -80.860079878063672, 35.212188972314173 ], [ -80.860081781897307, 35.212180384393029 ], [ -80.860084688593801, 35.212171987786341 ], [ -80.860396089449495, 35.211414088052514 ], [ -80.860400238972872, 35.211405476796919 ], [ -80.860405442729672, 35.211397260223855 ], [ -80.860411645838468, 35.211389524988917 ], [ -80.86041878287827, 35.211382352671308 ], [ -80.860426778578528, 35.211375818913439 ], [ -80.860435548612884, 35.211369992623133 ], [ -80.8604576486035, 35.211356792634746 ] ] ] } },
{ "type": "Feature", "properties": { "centroid_id": 14, "poi_count": 20, "mean_dist_m": 109.75843427571155, "max_dist_m": 172.57420551072789, "poi_cluster_labels": "env", "dominant_poi_cluster": "env", "center_x_m": 512700.0, "center_y_m": 3896100.0, "center_lon": -80.860470776073058, "center_lat": 35.20783060733347 }, "geometry": { "type": "Polygon", "coordinates": [ [ [ -80.861391921234485, 35.207125320219745 ], [ -80.861402283219448, 35.207124667507351 ], [ -80.861412673987843, 35.207124821293228 ], [ -80.861423000564102, 35.207125780201345 ], [ -80.861433170547087, 35.207127535651473 ], [ -80.861443092936767, 35.207130071936014 ], [ -80.861452678948552, 35.20713336636058 ], [ -80.861461842807699, 35.207137389446928 ], [ -80.861470502516838, 35.207142105196901 ], [ -80.861478580589591, 35.207147471414402 ], [ -80.861486004744023, 35.207153440083033 ], [ -80.861492708549306, 35.207159957795696 ], [ -80.862112308845369, 35.207823657356137 ], [ -80.862118259824967, 35.207830701726138 ], [ -80.862123368916073, 35.207838178051581 ], [ -80.862127589947391, 35.207846018768642 ], [ -80.862130884773052, 35.20785415302047 ], [ -80.86213322361732, 35.207862507297513 ], [ -80.862134585343654, 35.207871006101804 ], [ -80.862134957645765, 35.207879572629246 ], [ -80.862134337158821, 35.207888129463711 ], [ -80.86201023841349, 35.208836429577062 ], [ -80.862008383421582, 35.20884586315799 ], [ -80.86200532249903, 35.208855082657664 ], [ -80.86200109002003, 35.208863984539775 ], [ -80.861995733515528, 35.208872468834919 ], [ -80.861944133570105, 35.20894456887487 ], [ -80.861937919098352, 35.208952311182514 ], [ -80.861930768818908, 35.208959488837991 ], [ -80.861922758323004, 35.208966025960414 ], [ -80.861913972295937, 35.208971853440516 ], [ -80.861904503621915, 35.208976909671222 ], [ -80.861894452401955, 35.208981141198926 ], [ -80.861883924895778, 35.208984503288647 ], [ -80.861873032398293, 35.208986960396977 ], [ -80.861861890063111, 35.208988486547774 ], [ -80.861016389145973, 35.209067886631679 ], [ -80.861004656693339, 35.209068468985031 ], [ -80.860992915580098, 35.209068019322999 ], [ -80.860981300187646, 35.209066542792094 ], [ -80.860969943458443, 35.209064056291801 ], [ -80.860958975374487, 35.209060588281019 ], [ -80.859889774515068, 35.208667387887665 ], [ -80.859880693320534, 35.208663624613997 ], [ -80.859872075176014, 35.20865918807641 ], [ -80.85986399397288, 35.208654116313511 ], [ -80.859856518998768, 35.208648452810266 ], [ -80.859500919007516, 35.208352852583786 ], [ -80.859493945072842, 35.208346475825351 ], [ -80.859487740121551, 35.208339584553173 ], [ -80.859482360186661, 35.208332240998246 ], [ -80.85947785385089, 35.20832451147578 ], [ -80.859474261807989, 35.20831646578646 ], [ -80.859471616495256, 35.208308176586002 ], [ -80.859469941800612, 35.208299718729172 ], [ -80.859469252846878, 35.208291168593718 ], [ -80.859469555855298, 35.208282603390636 ], [ -80.859470848089273, 35.208274100467051 ], [ -80.859473117879105, 35.208265736607544 ], [ -80.85947634472744, 35.208257587340967 ], [ -80.859480499494367, 35.208249726258259 ], [ -80.859890100119202, 35.207565726588768 ], [ -80.859895826164674, 35.207557328699068 ], [ -80.859902610050412, 35.207549479485309 ], [ -80.859910374507166, 35.207542268350643 ], [ -80.860246174514415, 35.207262068564958 ], [ -80.860253892857543, 35.207256216303399 ], [ -80.860262257095528, 35.207250996001861 ], [ -80.860271190714499, 35.207246455414278 ], [ -80.86028061199211, 35.207242636076678 ], [ -80.860290434745011, 35.207239572927314 ], [ -80.860300569117399, 35.207237293986999 ], [ -80.860310922402817, 35.207235820102866 ], [ -80.861391921234485, 35.207125320219745 ] ] ] } },
{ "type": "Feature", "properties": { "centroid_id": 15, "poi_count": 26, "mean_dist_m": 61.989209459465421, "max_dist_m": 127.89635810147342, "poi_cluster_labels": "env", "dominant_poi_cluster": "env", "center_x_m": 512700.0, "center_y_m": 3896400.0, "center_lon": -80.860466148147552, "center_lat": 35.210535738266287 }, "geometry": { "type": "Polygon", "coordinates": [ [ [ -80.8612948987072, 35.209558145808089 ], [ -80.861304544341877, 35.209554336895025 ], [ -80.861314595809617, 35.209551316411492 ], [ -80.861324957702678, 35.20954911302767 ], [ -80.861335531666867, 35.209547747657865 ], [ -80.861346217335054, 35.209547233262064 ], [ -80.861356913279792, 35.209547574722869 ], [ -80.861367517976149, 35.209548768799166 ], [ -80.861377930765244, 35.209550804156869 ], [ -80.861388052809772, 35.209553661476562 ], [ -80.861397788032164, 35.209557313636807 ], [ -80.86140704402645, 35.209561725971611 ], [ -80.861415732935399, 35.209566856599452 ], [ -80.861423772284496, 35.209572656820846 ], [ -80.861431085764764, 35.209579071580549 ], [ -80.861437603957029, 35.209586039990164 ], [ -80.861443264990896, 35.209593495906084 ], [ -80.861448015131984, 35.20960136855728 ], [ -80.861451809292049, 35.209609583217116 ], [ -80.861454611456864, 35.209618061912607 ], [ -80.861456395028156, 35.209626724164515 ], [ -80.86145714307608, 35.209635487751285 ], [ -80.861456848499827, 35.209644269489466 ], [ -80.861455514095212, 35.209652986023293 ], [ -80.861453152527972, 35.209661554615892 ], [ -80.861449786213669, 35.20966989393461 ], [ -80.860652688019456, 35.211363294604396 ], [ -80.860648396699332, 35.211371247133563 ], [ -80.860643191787219, 35.211378823355723 ], [ -80.860637121707768, 35.211385952784006 ], [ -80.860630242934945, 35.211392569088389 ], [ -80.860622619466611, 35.211398610712763 ], [ -80.860614322229068, 35.211404021447649 ], [ -80.860605428417244, 35.21140875095319 ], [ -80.860596020776455, 35.211412755227443 ], [ -80.860586186832549, 35.211415997015813 ], [ -80.860576018077651, 35.211418446157673 ], [ -80.860565609118851, 35.211420079866897 ], [ -80.860555056798063, 35.211420882943941 ], [ -80.860544459291063, 35.211420847917211 ], [ -80.860533915193955, 35.211419975112591 ], [ -80.860523522605945, 35.211418272650377 ], [ -80.860513378216694, 35.21141575636981 ], [ -80.860503576406586, 35.211412449681625 ], [ -80.860499676403535, 35.211410949680143 ], [ -80.860489997258341, 35.211406731548792 ], [ -80.860216397091961, 35.211272731422874 ], [ -80.860207373777584, 35.211267800988615 ], [ -80.860198986391765, 35.211262164783356 ], [ -80.860191316582629, 35.211255877673629 ], [ -80.860184439012997, 35.211249000862296 ], [ -80.860178420633417, 35.211241601292691 ], [ -80.860173320030455, 35.211233750997081 ], [ -80.860169186856439, 35.211225526395332 ], [ -80.860166061346035, 35.211217007551028 ], [ -80.860163973924656, 35.211208277392032 ], [ -80.860162944912261, 35.211199420903327 ], [ -80.860162984325584, 35.21119052429961 ], [ -80.860164091780561, 35.211181674186065 ], [ -80.860166256496214, 35.211172956715245 ], [ -80.860536757944189, 35.209984057039925 ], [ -80.860539242810361, 35.209977221837278 ], [ -80.860542378193159, 35.209970569218662 ], [ -80.860550978209474, 35.209954269225769 ], [ -80.860551151476969, 35.209953942595078 ], [ -80.860559151491884, 35.209938942601667 ], [ -80.860564200808724, 35.209930661043011 ], [ -80.860595600844789, 35.209885161067568 ], [ -80.860601045293109, 35.209878063301467 ], [ -80.860607269722166, 35.209871411410148 ], [ -80.860614220280681, 35.209865262942976 ], [ -80.860621836835179, 35.209859671093881 ], [ -80.860630053490311, 35.209854684241186 ], [ -80.860638799158977, 35.209850345529027 ], [ -80.8612948987072, 35.209558145808089 ] ] ] } },
{ "type": "Feature", "properties": { "centroid_id": 16, "poi_count": 7, "mean_dist_m": 67.9693834205342, "max_dist_m": 89.742666531961973, "poi_cluster_labels": "env", "dominant_poi_cluster": "env", "center_x_m": 512725.0, "center_y_m": 3896700.0, "center_lon": -80.860186838284733, "center_lat": 35.213240551106132 }, "geometry": { "type": "Polygon", "coordinates": [ [ [ -80.859937969795553, 35.212678014744185 ], [ -80.859945036988549, 35.212671075476834 ], [ -80.859952915622969, 35.21266475210777 ], [ -80.859961526442362, 35.212659108247827 ], [ -80.859970782824803, 35.21265420067224 ], [ -80.859980591654306, 35.212650078749455 ], [ -80.859990854257504, 35.212646783944535 ], [ -80.860001467396245, 35.212644349402026 ], [ -80.860012324306211, 35.212642799612546 ], [ -80.860023315770803, 35.212642150166431 ], [ -80.860034331219865, 35.212642407596832 ], [ -80.860045259841982, 35.212643569314146 ], [ -80.860055991699227, 35.212645623631893 ], [ -80.860066418832943, 35.212648549884371 ], [ -80.860076436349928, 35.212652318634575 ], [ -80.860085943477486, 35.212656891970191 ], [ -80.860094844577247, 35.212662223885133 ], [ -80.860103050107199, 35.212668260742227 ], [ -80.860110477522454, 35.21267494181285 ], [ -80.860117052105636, 35.212682199887759 ], [ -80.860821552645717, 35.213547399364643 ], [ -80.860827276575051, 35.213555266795161 ], [ -80.860831998039757, 35.213563570349194 ], [ -80.860835668283158, 35.213572224279744 ], [ -80.860838249403997, 35.213581139221702 ], [ -80.860839714747868, 35.213590223114508 ], [ -80.860840049182443, 35.213599382152921 ], [ -80.860839249253786, 35.213608521755695 ], [ -80.860837323222029, 35.213617547542228 ], [ -80.860834290976101, 35.213626366307224 ], [ -80.860830183828284, 35.213634886983172 ], [ -80.860825044190989, 35.213643021580779 ], [ -80.860623444406386, 35.213925921737072 ], [ -80.860617648631305, 35.213933221060898 ], [ -80.860611021552614, 35.213940027280508 ], [ -80.860603625036447, 35.213946276857165 ], [ -80.860595528132038, 35.213951911448639 ], [ -80.860586806427051, 35.213956878453786 ], [ -80.860577541341939, 35.213961131503638 ], [ -80.860567819369905, 35.21396463089431 ], [ -80.860557731269367, 35.213967343957584 ], [ -80.860547371216754, 35.213969245365909 ], [ -80.860536835927306, 35.213970317368897 ], [ -80.86052622375216, 35.213970549958972 ], [ -80.860515633760258, 35.213969940964816 ], [ -80.860505164813418, 35.213968496071608 ], [ -80.860494914643454, 35.213966228768051 ], [ -80.859241613463595, 35.213634928421271 ], [ -80.85923131332018, 35.213631729717257 ], [ -80.859221455097071, 35.2136277008603 ], [ -80.859212137836622, 35.21362288232708 ], [ -80.8592034551463, 35.213617322527838 ], [ -80.859195494258159, 35.21361107732011 ], [ -80.859188335152524, 35.213604209447475 ], [ -80.859182049754381, 35.213596787909246 ], [ -80.859176701210814, 35.213588887267164 ], [ -80.859172343256617, 35.213580586896384 ], [ -80.859169019674354, 35.213571970187942 ], [ -80.85916676385466, 35.213563123711047 ], [ -80.859165598460606, 35.21355413634322 ], [ -80.859165535200162, 35.213545098377473 ], [ -80.85916657470851, 35.213536100615137 ], [ -80.859168706541709, 35.213527233453568 ], [ -80.859171909281642, 35.213518585978015 ], [ -80.859176150751168, 35.213510245066601 ], [ -80.85918138833749, 35.213502294517468 ], [ -80.859187569420143, 35.213494814206904 ], [ -80.859937969795553, 35.212678014744185 ] ] ] } },
{ "type": "Feature", "properties": { "centroid_id": 17, "poi_count": 8, "mean_dist_m": 56.584293576990888, "max_dist_m": 90.776401617069411, "poi_cluster_labels": "env", "dominant_poi_cluster": "env", "center_x_m": 512725.0, "center_y_m": 3896850.0, "center_lon": -80.860184519226294, "center_lat": 35.214593115496626 }, "geometry": { "type": "Polygon", "coordinates": [ [ [ -80.860819762646557, 35.213881685756654 ], [ -80.860830641311324, 35.213881049729665 ], [ -80.86084154321594, 35.213881301942763 ], [ -80.860852360945429, 35.213882439910897 ], [ -80.860862987914203, 35.213884452421858 ], [ -80.860873319416186, 35.213887319646638 ], [ -80.860883253656453, 35.213891013334859 ], [ -80.860892692754248, 35.21389549709312 ], [ -80.8609015437073, 35.213900726743553 ], [ -80.860909719308225, 35.213906650759093 ], [ -80.860917139003718, 35.213913210771182 ], [ -80.860923729688324, 35.213920342144888 ], [ -80.860929426424576, 35.213927974615657 ], [ -80.86093417308301, 35.213936032981699 ], [ -80.860937922895076, 35.213944437844901 ], [ -80.860940638914002, 35.21395310639312 ], [ -80.86094229437883, 35.213961953216156 ], [ -80.8609428729781, 35.213970891147227 ], [ -80.860942369010573, 35.213979832121872 ], [ -80.86094078744145, 35.213988688045589 ], [ -80.860938143853417, 35.213997371661875 ], [ -80.860934464293138, 35.2140057974119 ], [ -80.86092978501469, 35.214013882277563 ], [ -80.860924152122251, 35.214021546599412 ], [ -80.860143752700097, 35.214973147180388 ], [ -80.86013716842416, 35.21498036800017 ], [ -80.860129738149638, 35.214987012927068 ], [ -80.860121536206734, 35.21499301548711 ], [ -80.860112644645199, 35.214998315632357 ], [ -80.860103152413643, 35.215002860341649 ], [ -80.860093154469638, 35.21500660415095 ], [ -80.860082750829804, 35.215009509608237 ], [ -80.860072045569297, 35.215011547648103 ], [ -80.860061145780605, 35.215012697882536 ], [ -80.86005016050224, 35.21501294880494 ], [ -80.860039199627963, 35.215012297905119 ], [ -80.860028372807363, 35.215010751694521 ], [ -80.860017788349012, 35.215008325641016 ], [ -80.860007552136935, 35.215005044014177 ], [ -80.859997766571325, 35.215000939642486 ], [ -80.859988529544253, 35.214996053584983 ], [ -80.859979933460238, 35.214990434720413 ], [ -80.859972064311989, 35.214984139258341 ], [ -80.859965000820068, 35.214977230176778 ], [ -80.859958813645449, 35.214969776592234 ], [ -80.859953564682598, 35.21496185306826 ], [ -80.859949306440356, 35.214953538869466 ], [ -80.859737306969464, 35.21447373869227 ], [ -80.859734275215629, 35.214465734253707 ], [ -80.859732162256989, 35.214457533359827 ], [ -80.859730986352247, 35.214449206877809 ], [ -80.859730757662518, 35.214440826760146 ], [ -80.859731478163752, 35.214432465422711 ], [ -80.859733141629505, 35.214424195119122 ], [ -80.859735733684829, 35.214416087316295 ], [ -80.859739231930504, 35.214408212076904 ], [ -80.859939432332354, 35.214015312243198 ], [ -80.859943952555753, 35.214007513144104 ], [ -80.859949361200904, 35.214000104712653 ], [ -80.859955608651816, 35.213993154909431 ], [ -80.859962637597874, 35.213986727487843 ], [ -80.859970383559485, 35.213980881409256 ], [ -80.859978775479675, 35.213975670302112 ], [ -80.859987736375814, 35.213971141970035 ], [ -80.859997184045938, 35.213967337953228 ], [ -80.86000703182269, 35.213964293147477 ], [ -80.860017189368463, 35.213962035483981 ], [ -80.860027563503962, 35.213960585673213 ], [ -80.860819762646557, 35.213881685756654 ] ] ] } },
{ "type": "Feature", "properties": { "centroid_id": 18, "poi_count": 17, "mean_dist_m": 88.983958436781265, "max_dist_m": 147.3516363226214, "poi_cluster_labels": "env", "dominant_poi_cluster": "env", "center_x_m": 512750.0, "center_y_m": 3896325.0, "center_lon": -80.859917965327426, "center_lat": 35.209858821339665 }, "geometry": { "type": "Polygon", "coordinates": [ [ [ -80.860392150340459, 35.208946630400192 ], [ -80.860401565967891, 35.208941905194187 ], [ -80.860411511693073, 35.208937979109685 ], [ -80.860421887157997, 35.208934891763064 ], [ -80.860432587668427, 35.208932674307363 ], [ -80.860443505250231, 35.208931349117961 ], [ -80.860454529738931, 35.208930929566755 ], [ -80.861078029049636, 35.208932929562977 ], [ -80.8610883380952, 35.208933360592404 ], [ -80.86109855235236, 35.208934583780255 ], [ -80.861108581656822, 35.208936588329081 ], [ -80.861118337476896, 35.208939356544128 ], [ -80.861127733694929, 35.208942863989513 ], [ -80.861220633627852, 35.208981963951409 ], [ -80.861230308967436, 35.208986560751413 ], [ -80.861239365039467, 35.208991940728815 ], [ -80.861247708076377, 35.208998048178792 ], [ -80.861255251693365, 35.209004819864226 ], [ -80.861261917782912, 35.209012185670446 ], [ -80.861518817981235, 35.209328485479546 ], [ -80.861524536668426, 35.209336367729726 ], [ -80.861529249938542, 35.209344686072555 ], [ -80.861532909006343, 35.209353354408655 ], [ -80.861535475998139, 35.209362283016027 ], [ -80.861536924343767, 35.209371379478675 ], [ -80.8615372390517, 35.209380549643193 ], [ -80.861536416864155, 35.209389698593242 ], [ -80.861517217029686, 35.209515598610686 ], [ -80.861515447880393, 35.20952397366738 ], [ -80.861512725735253, 35.209532174794575 ], [ -80.861509074782802, 35.209540129117727 ], [ -80.861504527464831, 35.209547765955342 ], [ -80.861499124188214, 35.209555017447059 ], [ -80.861492912965858, 35.209561819156669 ], [ -80.861485948990023, 35.209568110644625 ], [ -80.861478294141989, 35.209573836005262 ], [ -80.861470016442055, 35.209578944363393 ], [ -80.85989401566323, 35.210459245155342 ], [ -80.859884775109407, 35.210463876837238 ], [ -80.859875023938812, 35.210467739544271 ], [ -80.859864856856134, 35.210470795761317 ], [ -80.859854372605426, 35.210473015805974 ], [ -80.859843673011255, 35.210474378116821 ], [ -80.85983286198956, 35.210474869462942 ], [ -80.859822044538532, 35.210474485072289 ], [ -80.859811325718795, 35.210473228678133 ], [ -80.859800809633057, 35.210471112482765 ], [ -80.859790598415003, 35.210468157038925 ], [ -80.859780791237398, 35.210464391050337 ], [ -80.859771483348837, 35.210459851092807 ], [ -80.859762765148744, 35.210454581259036 ], [ -80.859754721309343, 35.210448632730341 ], [ -80.85974742995333, 35.210442063279658 ], [ -80.859094930172674, 35.209792562829492 ], [ -80.859088515432674, 35.209785501257905 ], [ -80.859082970762955, 35.209777959719759 ], [ -80.859078349069662, 35.209770010175312 ], [ -80.859074694452048, 35.20976172847795 ], [ -80.859072041781658, 35.209753193650414 ], [ -80.859070416369562, 35.209744487130735 ], [ -80.859069833724831, 35.209735691995178 ], [ -80.859070299406639, 35.209726892165541 ], [ -80.859071808971194, 35.209718171608394 ], [ -80.859074348014147, 35.20970961353386 ], [ -80.859077892308051, 35.209701299601655 ], [ -80.859082408033558, 35.209693309141926 ], [ -80.859087852102093, 35.209685718398248 ], [ -80.859094172567097, 35.209678599800185 ], [ -80.859101309119566, 35.209672021272148 ], [ -80.859109193663613, 35.209666045585237 ], [ -80.85911775096622, 35.209660729758411 ], [ -80.860392150340459, 35.208946630400192 ] ] ] } },
{ "type": "Feature", "properties": { "centroid_id": 19, "poi_count": 1, "mean_dist_m": 61.923241708017137, "max_dist_m": 61.923241708017137, "poi_cluster_labels": "env", "dominant_poi_cluster": "env", "center_x_m": 512750.0, "center_y_m": 3897150.0, "center_lon": -80.859905185660509, "center_lat": 35.217297925816844 }, "geometry": { "type": "Polygon", "coordinates": [ [ [ -80.859114922015294, 35.21729407218718 ], [ -80.859115466379549, 35.217285234508637 ], [ -80.859117063685986, 35.21727648317313 ], [ -80.859119698551339, 35.217267902460748 ], [ -80.859123345600139, 35.217259575008391 ], [ -80.859127969709007, 35.217251581013898 ], [ -80.859133526345062, 35.217243997463655 ], [ -80.859139961994686, 35.217236897391331 ], [ -80.859147214678956, 35.217230349174322 ], [ -80.859155214550526, 35.217224415875428 ], [ -80.859163884566314, 35.217219154635423 ], [ -80.859173141229391, 35.217214616122774 ], [ -80.859182895393246, 35.217210844045717 ], [ -80.859193053120137, 35.217207874731329 ], [ -80.85920351658585, 35.217205736775625 ], [ -80.859214185021841, 35.217204450768236 ], [ -80.859224955685534, 35.21720402909407 ], [ -80.859235724849896, 35.217204475814071 ], [ -80.859246388802347, 35.217205786626089 ], [ -80.8592568448435, 35.217207948906342 ], [ -80.859266992276261, 35.217210941830949 ], [ -80.859276733375594, 35.217214736576487 ], [ -80.85928597432958, 35.217219296597598 ], [ -80.859294626142969, 35.217224577978932 ], [ -80.859302605494136, 35.217230529858 ], [ -80.859309835537616, 35.217237094915099 ], [ -80.859316246644099, 35.217244209925283 ], [ -80.859321777071017, 35.217251806367258 ], [ -80.859326373557181, 35.217259811083238 ], [ -80.859329991835693, 35.21726814698355 ], [ -80.859332597060288, 35.217276733788999 ], [ -80.859334164140932, 35.217285488804031 ], [ -80.859334677985444, 35.217294327713077 ], [ -80.859334133644865, 35.217303165392657 ], [ -80.85933253636118, 35.217311916731042 ], [ -80.859329901516759, 35.217320497448036 ], [ -80.859326254486305, 35.217328824906581 ], [ -80.859321630392429, 35.217336818908592 ], [ -80.859316073767502, 35.217344402467354 ], [ -80.859309638124657, 35.217351502548951 ], [ -80.859302385442589, 35.217358050775552 ], [ -80.859294385568546, 35.217363984084038 ], [ -80.859285715545724, 35.217369245333259 ], [ -80.859276458871278, 35.21737378385437 ], [ -80.859266704692232, 35.217377555938825 ], [ -80.859256546946838, 35.217380525259266 ], [ -80.859246083460036, 35.217382663219432 ], [ -80.859235415001223, 35.21738394922955 ], [ -80.859224644313812, 35.217384370904576 ], [ -80.859213875125747, 35.217383924183551 ], [ -80.859203211150543, 35.217382613368649 ], [ -80.859192755088458, 35.217380451083777 ], [ -80.859182607637351, 35.217377458152995 ], [ -80.859172866523025, 35.217373663399947 ], [ -80.859163625557912, 35.217369103370267 ], [ -80.859154973737759, 35.21736382197971 ], [ -80.859146994384375, 35.217357870091035 ], [ -80.859139764343368, 35.217351305024344 ], [ -80.859133353243934, 35.217344190004951 ], [ -80.859127822828356, 35.217336593554514 ], [ -80.859123226357411, 35.217328588831137 ], [ -80.859119608097402, 35.217320252924772 ], [ -80.859117002893882, 35.217311666114846 ], [ -80.859115435836074, 35.217302911097107 ], [ -80.859114922015294, 35.21729407218718 ] ] ] } },
{ "type": "Feature", "properties": { "centroid_id": 20, "poi_count": 3, "mean_dist_m": 51.391068255717265, "max_dist_m": 70.634398063594134, "poi_cluster_labels": "env", "dominant_poi_cluster": "env", "center_x_m": 512775.0, "center_y_m": 3896025.0, "center_lon": -80.859647950504652, "center_lat": 35.207153372110689 }, "geometry": { "type": "Polygon", "coordinates": [ [ [ -80.859829262952459, 35.207085170578807 ], [ -80.859822167556288, 35.207078323470213 ], [ -80.85981593800193, 35.207070930583889 ], [ -80.859810636192691, 35.207063065383522 ], [ -80.859806314812786, 35.207054806026171 ], [ -80.859803016803724, 35.20704623458564 ], [ -80.859800774937753, 35.207037436236924 ], [ -80.859799611492079, 35.207028498409755 ], [ -80.859799538027588, 35.207019509919874 ], [ -80.859800555273921, 35.207010560086417 ], [ -80.859802653122301, 35.207001737844379 ], [ -80.859805810725945, 35.206993130860795 ], [ -80.859809996707298, 35.206984824663699 ], [ -80.859815169469726, 35.206976901792125 ], [ -80.859821277611033, 35.206969440976003 ], [ -80.859828260434114, 35.206962516353727 ], [ -80.859836048550193, 35.206956196735547 ], [ -80.859844564568334, 35.206950544919707 ], [ -80.859853723864433, 35.20694561706847 ], [ -80.859863435422199, 35.206941462150077 ], [ -80.859873602737537, 35.206938121452055 ], [ -80.859884124777508, 35.206935628170996 ], [ -80.859894896984287, 35.206934007082708 ], [ -80.85990581231421, 35.206933274296013 ], [ -80.859916762301353, 35.206933437092594 ], [ -80.860421461747507, 35.206961637060616 ], [ -80.860432039881488, 35.2069626527583 ], [ -80.860442448487333, 35.206964504331317 ], [ -80.860452589751134, 35.206967174379706 ], [ -80.860462368371245, 35.206970637811942 ], [ -80.860471692453913, 35.206974862080692 ], [ -80.8604804743768, 35.2069798074888 ], [ -80.860488631612483, 35.206985427562209 ], [ -80.860496087503847, 35.206991669486754 ], [ -80.860502771984642, 35.206998474604454 ], [ -80.860508622237774, 35.207005778964792 ], [ -80.860513583285709, 35.207013513925574 ], [ -80.860517608507166, 35.207021606798122 ], [ -80.860520660075082, 35.207029981530255 ], [ -80.860522709312292, 35.207038559421001 ], [ -80.860523736960886, 35.207047259860211 ], [ -80.860523733363294, 35.207056001086066 ], [ -80.86052269855297, 35.207064700953445 ], [ -80.860520642254187, 35.207073277705831 ], [ -80.860517583790568, 35.207081650743682 ], [ -80.860513551903537, 35.2070897413818 ], [ -80.860508584482304, 35.207097473588853 ], [ -80.860326284672411, 35.207350673729778 ], [ -80.860320392124962, 35.207358015542312 ], [ -80.860313656466303, 35.207364851486531 ], [ -80.860306141725715, 35.207371116579637 ], [ -80.860297919338521, 35.2073767512654 ], [ -80.860289067466951, 35.207381701980175 ], [ -80.860279670257285, 35.207385921662272 ], [ -80.860269817039793, 35.207389370199124 ], [ -80.860259601479655, 35.207392014808768 ], [ -80.860249120686504, 35.207393830351428 ], [ -80.86023847429135, 35.207394799568434 ], [ -80.860227763499395, 35.207394913246333 ], [ -80.860217090128032, 35.207394170304561 ], [ -80.860206555638953, 35.2073925778055 ], [ -80.860196260173566, 35.207390150887562 ], [ -80.860186301601104, 35.207386912621175 ], [ -80.860176774588268, 35.207382893789458 ], [ -80.860167769699274, 35.207378132595636 ], [ -80.860159372534952, 35.207372674299855 ], [ -80.860151662919023, 35.20736657078897 ], [ -80.859829262952459, 35.207085170578807 ] ] ] } },
{ "type": "Feature", "properties": { "centroid_id": 21, "poi_count": 17, "mean_dist_m": 52.137856185983544, "max_dist_m": 78.355336820102266, "poi_cluster_labels": "env", "dominant_poi_cluster": "env", "center_x_m": 512775.0, "center_y_m": 3896525.0, "center_lon": -80.859640191659338, "center_lat": 35.211661923338987 }, "geometry": { "type": "Polygon", "coordinates": [ [ [ -80.860184160044938, 35.211112714413076 ], [ -80.860193987818278, 35.211109481795596 ], [ -80.860204149084964, 35.211107040546501 ], [ -80.860214549483828, 35.211105413336107 ], [ -80.860225092433055, 35.211104615275261 ], [ -80.86023568002706, 35.21110465377506 ], [ -80.860246213945686, 35.211105528477958 ], [ -80.860256596367208, 35.211107231261181 ], [ -80.860266730876745, 35.211109746312047 ], [ -80.86027652336162, 35.211113050274939 ], [ -80.860280423358603, 35.21111455027345 ], [ -80.860289651002844, 35.21111854847387 ], [ -80.860298374878994, 35.211123247081453 ], [ -80.860306516298834, 35.211128603715423 ], [ -80.860455016272297, 35.211236203627372 ], [ -80.860462773482581, 35.211242408948436 ], [ -80.860469748438447, 35.211249211031486 ], [ -80.860475873338586, 35.211256543755823 ], [ -80.860481088644747, 35.211264335842614 ], [ -80.860485343660457, 35.211272511547655 ], [ -80.860488597023874, 35.211280991397729 ], [ -80.860490817109834, 35.211289692963092 ], [ -80.860491982337322, 35.21129853165872 ], [ -80.860492081379178, 35.21130742156663 ], [ -80.860491113272317, 35.211316276270949 ], [ -80.860489087427013, 35.211325009697994 ], [ -80.860486023535572, 35.211333536952964 ], [ -80.860481951380734, 35.211341775145129 ], [ -80.859955552269525, 35.212272175574597 ], [ -80.859950696262914, 35.212279786557019 ], [ -80.859944979716019, 35.212286983715195 ], [ -80.859938454522236, 35.212293701714827 ], [ -80.859931179915719, 35.212299879571326 ], [ -80.859923221933656, 35.212305461203393 ], [ -80.859914652816869, 35.212310395942133 ], [ -80.859905550353929, 35.212314638990989 ], [ -80.859895997175073, 35.212318151832406 ], [ -80.859886080002113, 35.212320902577545 ], [ -80.859875888861112, 35.21232286625569 ], [ -80.859865516265202, 35.212324025040942 ], [ -80.859855056374755, 35.212324368414095 ], [ -80.859844604142566, 35.212323893258066 ], [ -80.859834254451954, 35.212322603886236 ], [ -80.859824101255313, 35.212320512003281 ], [ -80.859814236721334, 35.212317636598868 ], [ -80.859804750398254, 35.212314003775361 ], [ -80.858807549695356, 35.211883503358123 ], [ -80.858798461950968, 35.211879110618376 ], [ -80.858789929280846, 35.211874022995438 ], [ -80.858782030310692, 35.211868287370102 ], [ -80.858774837826815, 35.211861956594305 ], [ -80.858768418105413, 35.211855089004075 ], [ -80.858762830301941, 35.211847747882004 ], [ -80.858758125905908, 35.211840000874112 ], [ -80.858754348266501, 35.211831919366482 ], [ -80.858751532193125, 35.211823577827474 ], [ -80.858749703634629, 35.211815053121576 ], [ -80.85874887944027, 35.211806423801015 ], [ -80.858749067204371, 35.211797769382024 ], [ -80.858750265196448, 35.21178916961204 ], [ -80.858752462377083, 35.211780703734966 ], [ -80.858755638499744, 35.211772449760858 ], [ -80.858759764297304, 35.211764483747132 ], [ -80.858764801751718, 35.21175687909777 ], [ -80.858770704444453, 35.211749705886859 ], [ -80.858777417984115, 35.211743030212936 ], [ -80.858784880507699, 35.211736913589888 ], [ -80.858793023250627, 35.211731412380132 ], [ -80.858983723174859, 35.211614712481996 ], [ -80.858990814972842, 35.211610717316304 ], [ -80.859334914777691, 35.211432717480115 ], [ -80.859347760711714, 35.211427014102931 ], [ -80.860184160044938, 35.211112714413076 ] ] ] } },
{ "type": "Feature", "properties": { "centroid_id": 22, "poi_count": 6, "mean_dist_m": 44.003155495295722, "max_dist_m": 54.40092448697164, "poi_cluster_labels": "env", "dominant_poi_cluster": "env", "center_x_m": 512800.0, "center_y_m": 3896825.0, "center_lon": -80.859360850420614, "center_lat": 35.21436673369638 }, "geometry": { "type": "Polygon", "coordinates": [ [ [ -80.859827869216033, 35.213995086080551 ], [ -80.859838676442266, 35.213993868318234 ], [ -80.859849577543557, 35.213993536041293 ], [ -80.85986046506622, 35.21399409252502 ], [ -80.85987123169042, 35.213995532284073 ], [ -80.859881771288016, 35.213997841126563 ], [ -80.859891979968708, 35.214000996293898 ], [ -80.859901757104012, 35.214004966685117 ], [ -80.859911006319294, 35.214009713163549 ], [ -80.85991963644355, 35.21401518894244 ], [ -80.859927562408288, 35.214021340046251 ], [ -80.859934706085895, 35.21402810584263 ], [ -80.85994099705988, 35.214035419640098 ], [ -80.85994637331892, 35.214043209345455 ], [ -80.859950781868108, 35.21405139817432 ], [ -80.859954179251389, 35.214059905408149 ], [ -80.859956531979861, 35.214068647189734 ], [ -80.859957816861979, 35.214077537349887 ], [ -80.859958021232075, 35.214086488256811 ], [ -80.859957143075292, 35.214095411679878 ], [ -80.859955191047433, 35.214104219659362 ], [ -80.859952184389627, 35.214112825373434 ], [ -80.859948152738696, 35.214121143994021 ], [ -80.85994313583511, 35.214129093522928 ], [ -80.859937183131095, 35.214136595600195 ], [ -80.859930353303369, 35.214143576276399 ], [ -80.859922713674621, 35.21414996674168 ], [ -80.859052013565872, 35.214809367270085 ], [ -80.859043581619019, 35.214815140138299 ], [ -80.859034489648664, 35.21482019347075 ], [ -80.859024828465351, 35.214824476794703 ], [ -80.859014694564948, 35.214827947328303 ], [ -80.859004189164921, 35.214830570407827 ], [ -80.858993417193233, 35.214832319833953 ], [ -80.858982486240436, 35.214833178133361 ], [ -80.858971505485059, 35.21483313673339 ], [ -80.85896058460294, 35.214832196047517 ], [ -80.858949832671996, 35.214830365471322 ], [ -80.858939357082619, 35.214827663288631 ], [ -80.858929262465026, 35.214824116488863 ], [ -80.858919649644321, 35.214819760497491 ], [ -80.858910614633317, 35.214814638822176 ], [ -80.858902247673655, 35.214808802618236 ], [ -80.858894632334369, 35.214802310177696 ], [ -80.858887844677312, 35.214795226347071 ], [ -80.858881952497342, 35.214787621879609 ], [ -80.858877014645287, 35.214779572728723 ], [ -80.858873080440105, 35.214771159289285 ], [ -80.858870189176244, 35.214762465594625 ], [ -80.858868369731283, 35.214753578477229 ], [ -80.858867640277467, 35.214744586701521 ], [ -80.858868008100202, 35.214735580077125 ], [ -80.858869469525317, 35.214726648562042 ], [ -80.858872009955789, 35.214717881363974 ], [ -80.858875604017513, 35.214709366049469 ], [ -80.859154804610142, 35.214141366282654 ], [ -80.859159423712882, 35.21413317637483 ], [ -80.859165017210699, 35.214125406407497 ], [ -80.85917152907453, 35.214118134210715 ], [ -80.859178894076251, 35.214111432628442 ], [ -80.85918703844213, 35.2141053687889 ], [ -80.859195880591727, 35.214100003432193 ], [ -80.859205331955195, 35.214095390301829 ], [ -80.859215297860331, 35.214091575606496 ], [ -80.859225678480911, 35.21408859755708 ], [ -80.859236369836708, 35.214086485984005 ], [ -80.859827869216033, 35.213995086080551 ] ] ] } },
{ "type": "Feature", "properties": { "centroid_id": 23, "poi_count": 7, "mean_dist_m": 60.252099162106319, "max_dist_m": 87.300396750317589, "poi_cluster_labels": "env", "dominant_poi_cluster": "env", "center_x_m": 512800.0, "center_y_m": 3897275.0, "center_lon": -80.85935385138599, "center_lat": 35.218424425059226 }, "geometry": { "type": "Polygon", "coordinates": [ [ [ -80.859893012646765, 35.217945641626969 ], [ -80.85990330424309, 35.217942426649998 ], [ -80.85991393628683, 35.217940073178418 ], [ -80.859924801990203, 35.21793860485041 ], [ -80.859935792218593, 35.217938036413756 ], [ -80.859946796586684, 35.217938373577823 ], [ -80.859957704567123, 35.217939612956158 ], [ -80.859968406600686, 35.217941742100493 ], [ -80.859978795196596, 35.2179447396258 ], [ -80.85998876601225, 35.217948575425098 ], [ -80.859998218901183, 35.217953210971764 ], [ -80.860007058918853, 35.21795859970657 ], [ -80.860015197276383, 35.217964687505301 ], [ -80.86002255223228, 35.217971413222337 ], [ -80.860029049913393, 35.217978709304809 ], [ -80.860034625057025, 35.217986502471142 ], [ -80.860389825545198, 35.218545402190287 ], [ -80.860394322269727, 35.218553409796797 ], [ -80.860397844511454, 35.218561739517327 ], [ -80.860400358593779, 35.218570311711076 ], [ -80.860401840479128, 35.21857904441891 ], [ -80.86040227599878, 35.218587854147025 ], [ -80.860401660988416, 35.21859665666517 ], [ -80.86040000132779, 35.218605367811996 ], [ -80.860397312884714, 35.218613904299737 ], [ -80.860393621363229, 35.218622184510544 ], [ -80.860388962057868, 35.218630129276804 ], [ -80.860383379516321, 35.218637662638102 ], [ -80.860376927113393, 35.218644712567446 ], [ -80.860369666540691, 35.218651211660003 ], [ -80.860361667216949, 35.218657097777474 ], [ -80.859730967030046, 35.219077398133024 ], [ -80.85972293061397, 35.219082273142888 ], [ -80.859714387693259, 35.21908652879727 ], [ -80.859705408935611, 35.219090129893061 ], [ -80.859696068613985, 35.219093046641682 ], [ -80.859174668124624, 35.219233946786566 ], [ -80.859164210608753, 35.219236310187569 ], [ -80.859153520092889, 35.219237815963915 ], [ -80.859142700752145, 35.219238449442329 ], [ -80.859131858016966, 35.219238204449837 ], [ -80.859121097545767, 35.219237083373784 ], [ -80.859110524195373, 35.219235097138657 ], [ -80.859100240999112, 35.219232265099549 ], [ -80.859090348162866, 35.219228614853662 ], [ -80.859080942088568, 35.219224181971214 ], [ -80.859072114434767, 35.219219009649059 ], [ -80.859063951223547, 35.219213148289462 ], [ -80.859056532002114, 35.219206655009188 ], [ -80.85904992906778, 35.219199593082749 ], [ -80.8590442067634, 35.219192031325925 ], [ -80.859039420850351, 35.219184043425088 ], [ -80.859035617965219, 35.21917570721925 ], [ -80.858751618809379, 35.21844520697897 ], [ -80.858748859865983, 35.218436695068995 ], [ -80.858747126044904, 35.218428002875363 ], [ -80.858746433888768, 35.218419213333192 ], [ -80.858746790001362, 35.218410410306404 ], [ -80.858748190984528, 35.218401677787561 ], [ -80.858750623470712, 35.218393099096453 ], [ -80.858754064250462, 35.218384756085143 ], [ -80.858758480493904, 35.218376728356937 ], [ -80.858763830063978, 35.21836909250694 ], [ -80.858770061918491, 35.218361921391185 ], [ -80.85877711659721, 35.218355283431521 ], [ -80.858784926789042, 35.218349241962741 ], [ -80.858793417974411, 35.218343854628358 ], [ -80.858802509136211, 35.218339172830589 ], [ -80.858812113532863, 35.218335241239849 ], [ -80.859893012646765, 35.217945641626969 ] ] ] } },
{ "type": "Feature", "properties": { "centroid_id": 24, "poi_count": 5, "mean_dist_m": 54.630643681612938, "max_dist_m": 77.066809570413895, "poi_cluster_labels": "env", "dominant_poi_cluster": "env", "center_x_m": 512850.0, "center_y_m": 3896425.0, "center_lon": -80.858817724711997, "center_lat": 35.210759255327829 }, "geometry": { "type": "Polygon", "coordinates": [ [ [ -80.858675358630521, 35.210375392152407 ], [ -80.858684376633931, 35.210369907064155 ], [ -80.858694029470428, 35.210365205746712 ], [ -80.858704216390166, 35.210361337269212 ], [ -80.858714831068937, 35.210358342008213 ], [ -80.858725762717924, 35.210356251226216 ], [ -80.858736897239979, 35.210355086745373 ], [ -80.858748118420593, 35.210354860719747 ], [ -80.858759309140723, 35.21035557550843 ], [ -80.858770352599294, 35.210357223650959 ], [ -80.858781133532176, 35.210359787945137 ], [ -80.85879153941535, 35.210363241626617 ], [ -80.859709638696543, 35.210713741278276 ], [ -80.859719195692705, 35.210717870265796 ], [ -80.859728212559077, 35.210722749404475 ], [ -80.859736602163991, 35.210728331546356 ], [ -80.859744283437095, 35.210734562750211 ], [ -80.859751182152678, 35.210741382802794 ], [ -80.859757231646995, 35.210748725800713 ], [ -80.859762373462473, 35.210756520787221 ], [ -80.859766557912494, 35.210764692437905 ], [ -80.859769744561632, 35.210773161788588 ], [ -80.859771902616387, 35.21078184699828 ], [ -80.8597730112227, 35.210790664140099 ], [ -80.859773059667575, 35.210799528012288 ], [ -80.859772047482522, 35.210808352961436 ], [ -80.85976998444815, 35.210817053710265 ], [ -80.859766890499657, 35.210825546181631 ], [ -80.859762795534181, 35.210833748311018 ], [ -80.859757739122003, 35.210841580839471 ], [ -80.859751770124021, 35.210848968079574 ], [ -80.859744946219735, 35.210855838646836 ], [ -80.859737333349855, 35.210862126149422 ], [ -80.859174433270042, 35.211283426488805 ], [ -80.859166277595392, 35.211288964169896 ], [ -80.859157510463831, 35.211293832045214 ], [ -80.859148213249227, 35.211297984932543 ], [ -80.859138472245633, 35.211301384285953 ], [ -80.859128377866227, 35.211303998553639 ], [ -80.859118023804157, 35.211305803470665 ], [ -80.859107506162886, 35.211306782284346 ], [ -80.859096922564234, 35.211306925909597 ], [ -80.859086371242142, 35.211306233013303 ], [ -80.859075950131057, 35.211304710026759 ], [ -80.859065755956777, 35.211302371085893 ], [ -80.859055883338726, 35.2112992379001 ], [ -80.859046423911693, 35.211295339550702 ], [ -80.859037465475339, 35.211290712221086 ], [ -80.858227565102723, 35.210826211804893 ], [ -80.858219140004607, 35.210820862725228 ], [ -80.858211385641894, 35.210814869203901 ], [ -80.858204374900126, 35.210808287575894 ], [ -80.858198173675305, 35.210801179704042 ], [ -80.858192840254461, 35.210793612397445 ], [ -80.858188424767846, 35.210785656783571 ], [ -80.858184968717694, 35.210777387639709 ], [ -80.858182504588157, 35.210768882690026 ], [ -80.858181055540072, 35.210760221875162 ], [ -80.858180635193108, 35.210751486600692 ], [ -80.858181247497924, 35.210742758972053 ], [ -80.858182886698955, 35.210734121022774 ], [ -80.85818553738855, 35.21072565394352 ], [ -80.858189174651784, 35.210717437318728 ], [ -80.858193764300722, 35.210709548378837 ], [ -80.858199263195687, 35.210702061274212 ], [ -80.858205619650761, 35.210695046378262 ], [ -80.858212773919661, 35.210688569625916 ], [ -80.858220658757276, 35.210682691893957 ], [ -80.858675358630521, 35.210375392152407 ] ] ] } },
{ "type": "Feature", "properties": { "centroid_id": 25, "poi_count": 15, "mean_dist_m": 35.815686248270595, "max_dist_m": 83.918299465521756, "poi_cluster_labels": "env", "dominant_poi_cluster": "env", "center_x_m": 512850.0, "center_y_m": 3896625.0, "center_lon": -80.85881460260704, "center_lat": 35.212562675082424 }, "geometry": { "type": "Polygon", "coordinates": [ [ [ -80.858492448004299, 35.212051427085136 ], [ -80.858488384809974, 35.212043324052082 ], [ -80.858485299107528, 35.212034935614525 ], [ -80.858483220034856, 35.212026340984288 ], [ -80.858482167224295, 35.212017621320285 ], [ -80.858482150617149, 35.212008858962044 ], [ -80.858483170369922, 35.212000136652243 ], [ -80.858485216852799, 35.211991536755363 ], [ -80.85848827074058, 35.211983140479923 ], [ -80.85849230319522, 35.21197502711162 ], [ -80.858497276138124, 35.211967273264648 ], [ -80.858503142609791, 35.211959952158239 ], [ -80.858509847213156, 35.21195313292526 ], [ -80.858517326636786, 35.211946879959356 ], [ -80.858525510252704, 35.211941252306993 ], [ -80.85853432078332, 35.211936303109781 ], [ -80.8585436750312, 35.211932079102702 ], [ -80.858553484664654, 35.211928620172841 ], [ -80.858563657051818, 35.211925958982633 ], [ -80.858574096135456, 35.21192412066155 ], [ -80.858584703339886, 35.211923122568763 ], [ -80.858595378501931, 35.21192297412918 ], [ -80.858606020816708, 35.211923676744547 ], [ -80.858616529789487, 35.211925223780071 ], [ -80.858626806184674, 35.211927600627199 ], [ -80.858636752962852, 35.211930784841506 ], [ -80.859578152205088, 35.212276284495694 ], [ -80.859588745384912, 35.212280752565597 ], [ -80.85959868702551, 35.212286135423319 ], [ -80.859607860302418, 35.212292369814847 ], [ -80.859616157420135, 35.212299382479742 ], [ -80.859819357468112, 35.212490882342685 ], [ -80.859826103043716, 35.212497915975661 ], [ -80.859831965685643, 35.212505463822403 ], [ -80.859836887624084, 35.212513451507697 ], [ -80.859840820358784, 35.212521800322143 ], [ -80.859843725136898, 35.212530427997855 ], [ -80.859845573334852, 35.212539249519011 ], [ -80.859846346740412, 35.212548177959697 ], [ -80.859846037732211, 35.212557125340346 ], [ -80.859844649354841, 35.2125660034948 ], [ -80.859842195288806, 35.212574724938939 ], [ -80.859838699715809, 35.212583203732883 ], [ -80.859834197080431, 35.212591356327721 ], [ -80.859828731750753, 35.212599102388879 ], [ -80.859822357581152, 35.212606365587646 ], [ -80.859815137381688, 35.212613074353399 ], [ -80.85980714229909, 35.212619162578783 ], [ -80.859798451115779, 35.21262457027116 ], [ -80.859789149473499, 35.212629244143805 ], [ -80.859779329029465, 35.212633138140895 ], [ -80.859769086553101, 35.21263621389145 ], [ -80.859758522972569, 35.212638441087378 ], [ -80.859747742380165, 35.212639797782167 ], [ -80.859736851006616, 35.212640270607054 ], [ -80.859011350204412, 35.212642170607246 ], [ -80.859000271797996, 35.212641740183862 ], [ -80.8589893027073, 35.212640395349212 ], [ -80.858978554702531, 35.212638149806587 ], [ -80.858968137301119, 35.21263502643707 ], [ -80.858958156651795, 35.212631057066424 ], [ -80.858948714452907, 35.212626282140775 ], [ -80.858939906916177, 35.212620750314535 ], [ -80.858931823786364, 35.212614517954535 ], [ -80.858924547426795, 35.212607648565765 ], [ -80.858648547546011, 35.212318848371631 ], [ -80.858641450556675, 35.212310489621551 ], [ -80.858635547765729, 35.212301527200552 ], [ -80.858492448004299, 35.212051427085136 ] ] ] } },
{ "type": "Feature", "properties": { "centroid_id": 26, "poi_count": 4, "mean_dist_m": 70.884749871224898, "max_dist_m": 83.865901078464361, "poi_cluster_labels": "env", "dominant_poi_cluster": "env", "center_x_m": 512875.0, "center_y_m": 3896225.0, "center_lon": -80.858546179670398, "center_lat": 35.208955514464918 }, "geometry": { "type": "Polygon", "coordinates": [ [ [ -80.859242955983433, 35.208498012279321 ], [ -80.859250321169029, 35.208491350574285 ], [ -80.859258458424236, 35.208485324304135 ], [ -80.859267286766382, 35.208479993442694 ], [ -80.859276718335124, 35.208475411043032 ], [ -80.859286659266857, 35.208471622709467 ], [ -80.859297010628751, 35.208468666143737 ], [ -80.859307669403449, 35.208466570769716 ], [ -80.859318529514184, 35.20846535744073 ], [ -80.859329482880511, 35.208465038231886 ], [ -80.859340420493936, 35.208465616319948 ], [ -80.859351233502707, 35.208467085951767 ], [ -80.859361814295156, 35.208469432501495 ], [ -80.859372057570596, 35.208472632616122 ], [ -80.859381861387305, 35.208476654447914 ], [ -80.859391128177066, 35.208481457971381 ], [ -80.859399765716105, 35.208486995381563 ], [ -80.859407688042978, 35.208493211569788 ], [ -80.859414816313958, 35.208500044672142 ], [ -80.859421079587847, 35.208507426685159 ], [ -80.859426415531829, 35.208515284142507 ], [ -80.859430771041957, 35.208523538846194 ], [ -80.859434102771544, 35.208532108644796 ], [ -80.859436377562616, 35.20854090825101 ], [ -80.859508178038737, 35.208908008188672 ], [ -80.859509374576731, 35.208916968168182 ], [ -80.859509475214679, 35.208925981425395 ], [ -80.859508478946637, 35.208934957897199 ], [ -80.859506395727237, 35.208943807888083 ], [ -80.85950324637227, 35.208952442966279 ], [ -80.859499062350721, 35.208960776847512 ], [ -80.859493885470286, 35.20896872625714 ], [ -80.85948776745964, 35.208976211762177 ], [ -80.859480769451608, 35.208983158565182 ], [ -80.859244169484995, 35.209195458721524 ], [ -80.859236083439725, 35.209202000801973 ], [ -80.859227217893732, 35.209207823008555 ], [ -80.859217667535475, 35.209212863157106 ], [ -80.858436867029098, 35.209579563503041 ], [ -80.85842715485407, 35.209583614006405 ], [ -80.858417001656932, 35.209586855183339 ], [ -80.858406507265997, 35.209589255165952 ], [ -80.858395774864206, 35.209590790357076 ], [ -80.858384909974788, 35.20959144566244 ], [ -80.85837401942355, 35.209591214638934 ], [ -80.858363210288672, 35.209590099558014 ], [ -80.858352588847779, 35.209588111383411 ], [ -80.85834225953306, 35.209585269663258 ], [ -80.85833232390442, 35.20958160233792 ], [ -80.858322879650927, 35.209577145465289 ], [ -80.858314019630328, 35.209571942866262 ], [ -80.858305830955985, 35.209566045693812 ], [ -80.858298394140434, 35.209559511930131 ], [ -80.858291782303709, 35.209552405816467 ], [ -80.858286060454475, 35.209544797221483 ], [ -80.858281284850733, 35.209536760954364 ], [ -80.85827750244691, 35.209528376029205 ], [ -80.858274750431931, 35.209519724888139 ], [ -80.858273055863819, 35.209510892590771 ], [ -80.858272435403521, 35.209501965977843 ], [ -80.858272895151131, 35.209493032817363 ], [ -80.858274430586022, 35.209484180941736 ], [ -80.858277026611148, 35.209475497384098 ], [ -80.858280657701641, 35.209467067522645 ], [ -80.858285288155713, 35.209458974241151 ], [ -80.858290872445707, 35.209451297114072 ], [ -80.858297355665755, 35.209444111624116 ], [ -80.859242955983433, 35.208498012279321 ] ] ] } },
{ "type": "Feature", "properties": { "centroid_id": 27, "poi_count": 1, "mean_dist_m": 65.505397829113193, "max_dist_m": 65.505397829113193, "poi_cluster_labels": "env", "dominant_poi_cluster": "env", "center_x_m": 512875.0, "center_y_m": 3897200.0, "center_lon": -80.858530928527557, "center_lat": 35.217747183203628 }, "geometry": { "type": "Polygon", "coordinates": [ [ [ -80.858199220651883, 35.218308971352918 ], [ -80.858199765122535, 35.218300133680223 ], [ -80.85820136254749, 35.218291382358551 ], [ -80.858203997542333, 35.218282801667847 ], [ -80.858207644730314, 35.218274474244794 ], [ -80.858212268986748, 35.218266480286964 ], [ -80.858217825777317, 35.218258896780398 ], [ -80.858224261586926, 35.21825179675831 ], [ -80.858231514435118, 35.218245248597647 ], [ -80.858239514472956, 35.218239315360648 ], [ -80.858248184655736, 35.218234054187477 ], [ -80.85825744148498, 35.218229515746003 ], [ -80.858267195812516, 35.218225743743751 ], [ -80.858277353699052, 35.218222774507055 ], [ -80.858287817318853, 35.218220636631223 ], [ -80.858298485901841, 35.218219350705084 ], [ -80.858309256704089, 35.21821892911278 ], [ -80.858320025997187, 35.218219375914465 ], [ -80.858330690067305, 35.218220686807207 ], [ -80.858341146213959, 35.218222849166423 ], [ -80.85835129373902, 35.218225842167485 ], [ -80.85836103491657, 35.218229636986258 ], [ -80.858370275933936, 35.218234197076654 ], [ -80.858378927795243, 35.218239478522641 ], [ -80.858386907178414, 35.218245430461131 ], [ -80.858394137237681, 35.218251995571855 ], [ -80.858400548343582, 35.218259110629347 ], [ -80.858406078753546, 35.21826670711183 ], [ -80.858410675206557, 35.218274711861156 ], [ -80.858414293436041, 35.218283047787324 ], [ -80.858416898596175, 35.218291634610885 ], [ -80.858418465597566, 35.218300389636106 ], [ -80.858418979348812, 35.218309228547348 ], [ -80.85841843490185, 35.218318066221073 ], [ -80.858416837499647, 35.218326817545638 ], [ -80.858414202525765, 35.21833539824096 ], [ -80.858410555356116, 35.218343725670188 ], [ -80.858405931114689, 35.218351719635528 ], [ -80.858400374335218, 35.218359303150642 ], [ -80.858393938532387, 35.218366403181975 ], [ -80.858386685686412, 35.218372951352251 ], [ -80.858378685646102, 35.218378884598835 ], [ -80.858370015456259, 35.218384145781194 ], [ -80.85836075861566, 35.218388684231151 ], [ -80.858351004272919, 35.218392456240785 ], [ -80.858340846367881, 35.218395425483543 ], [ -80.858330382727004, 35.218397563363844 ], [ -80.858319714121166, 35.218398849292704 ], [ -80.858308943295214, 35.218399270885861 ], [ -80.858298173978426, 35.218398824083145 ], [ -80.858287509885557, 35.21839751318754 ], [ -80.858277053717956, 35.218395350823712 ], [ -80.858266906174549, 35.218392357816448 ], [ -80.858257164981993, 35.218388562990185 ], [ -80.858247923953527, 35.218384002891227 ], [ -80.858239272085441, 35.218378721435997 ], [ -80.858231292700054, 35.2183727694879 ], [ -80.858224062643259, 35.218366204367584 ], [ -80.858217651544408, 35.218359089300897 ], [ -80.858212121145783, 35.218351492809958 ], [ -80.858207524707993, 35.218343488053229 ], [ -80.858203906497025, 35.218335152121007 ], [ -80.858201301357951, 35.218326565292969 ], [ -80.858199734379397, 35.218317810265027 ], [ -80.858199220651883, 35.218308971352918 ] ] ] } },
{ "type": "Feature", "properties": { "centroid_id": 28, "poi_count": 10, "mean_dist_m": 52.916625726541483, "max_dist_m": 71.982523619472602, "poi_cluster_labels": "env", "dominant_poi_cluster": "env", "center_x_m": 512900.0, "center_y_m": 3896925.0, "center_lon": -80.858260542676049, "center_lat": 35.21526716179271 }, "geometry": { "type": "Polygon", "coordinates": [ [ [ -80.85866885671885, 35.214875883413555 ], [ -80.858678307291626, 35.214871687650614 ], [ -80.858688212047355, 35.214868269496705 ], [ -80.858698476264664, 35.214865661640381 ], [ -80.858709001784646, 35.214863889021117 ], [ -80.858719687949545, 35.214862968590843 ], [ -80.858730432565252, 35.214862909151833 ], [ -80.858741132878777, 35.214863711272535 ], [ -80.858751686560751, 35.214865367282087 ], [ -80.858761992684052, 35.214867861343713 ], [ -80.858771952689025, 35.21487116960617 ], [ -80.858781471325969, 35.214875260431853 ], [ -80.858790457566016, 35.214880094699303 ], [ -80.858798825471737, 35.214885626177384 ], [ -80.858806495018896, 35.21489180196734 ], [ -80.85881339286172, 35.214898563008767 ], [ -80.858819453034442, 35.214905844644278 ], [ -80.858824617582002, 35.214913577237994 ], [ -80.85882883711443, 35.214921686841357 ], [ -80.859072637704969, 35.215461986638047 ], [ -80.85907591050433, 35.215470516614332 ], [ -80.859078137638178, 35.215479270687581 ], [ -80.859079297200182, 35.215488162753104 ], [ -80.859079377784596, 35.215497105348859 ], [ -80.85907837859844, 35.215506010515817 ], [ -80.859076309469316, 35.215514790663036 ], [ -80.859073190748774, 35.215523359429241 ], [ -80.859069053112165, 35.215531632532269 ], [ -80.859063937256863, 35.215539528598065 ], [ -80.859057893502069, 35.215546969961103 ], [ -80.859050981293777, 35.215553883428257 ], [ -80.859043268620169, 35.215560200998752 ], [ -80.859034831342839, 35.215565860533054 ], [ -80.85902575245062, 35.215570806364056 ], [ -80.8590161212433, 35.215574989844598 ], [ -80.858024820464422, 35.215955190218523 ], [ -80.858015131425532, 35.215958454082809 ], [ -80.858005107730548, 35.215960946042728 ], [ -80.857994840456342, 35.215962643455924 ], [ -80.857984422892955, 35.215963530899458 ], [ -80.857973949696003, 35.215963600309863 ], [ -80.857963516026615, 35.215962851056474 ], [ -80.857953216686724, 35.215961289947124 ], [ -80.85794314525775, 35.215958931166305 ], [ -80.857933393250249, 35.215955796146254 ], [ -80.857924049272427, 35.215951913372258 ], [ -80.857915198225072, 35.21594731812381 ], [ -80.857906920530041, 35.215942052154013 ], [ -80.85789929139959, 35.215936163310275 ], [ -80.857892380153004, 35.215929705099519 ], [ -80.857886249586713, 35.215922736201982 ], [ -80.857880955403715, 35.215915319938098 ], [ -80.857876545707484, 35.215907523693062 ], [ -80.857658046166804, 35.21546742351299 ], [ -80.857654386971419, 35.215458837174076 ], [ -80.857651800510624, 35.21544999197463 ], [ -80.857650313105168, 35.215440977927734 ], [ -80.857649939891232, 35.215431886764677 ], [ -80.857650684666467, 35.215422811001531 ], [ -80.857652539851301, 35.215413842997599 ], [ -80.857655486566131, 35.215405074015507 ], [ -80.857659494823451, 35.215396593292581 ], [ -80.857664523833023, 35.215388487132635 ], [ -80.857670522417052, 35.21538083802772 ], [ -80.857677429530881, 35.215373723818644 ], [ -80.85768517488431, 35.215367216902884 ], [ -80.857693679656933, 35.215361383497786 ], [ -80.85770285730014, 35.215356282966738 ], [ -80.85866885671885, 35.214875883413555 ] ] ] } },
{ "type": "Feature", "properties": { "centroid_id": 30, "poi_count": 12, "mean_dist_m": 58.975603454165388, "max_dist_m": 86.104728286398014, "poi_cluster_labels": "env", "dominant_poi_cluster": "env", "center_x_m": 512925.0, "center_y_m": 3896750.0, "center_lon": -80.857988602723466, "center_lat": 35.213688848408893 }, "geometry": { "type": "Polygon", "coordinates": [ [ [ -80.858373181049913, 35.213181698274227 ], [ -80.858378378045302, 35.213174223815841 ], [ -80.858384419587225, 35.213167189986784 ], [ -80.858391250646804, 35.213160660853838 ], [ -80.858398809004015, 35.213154695886793 ], [ -80.858407025814401, 35.21314934941676 ], [ -80.858415826236069, 35.213144670141396 ], [ -80.858425130111499, 35.213140700681258 ], [ -80.858434852697457, 35.213137477191616 ], [ -80.858444905437082, 35.213135029033225 ], [ -80.858455196766315, 35.213133378504793 ], [ -80.858465632947983, 35.213132540639926 ], [ -80.858476118925552, 35.213132523070215 ], [ -80.858486559188933, 35.213133325955695 ], [ -80.858496858644401, 35.213134941983384 ], [ -80.858506923480775, 35.213137356433904 ], [ -80.858516662023831, 35.213140547315589 ], [ -80.858525985571319, 35.213144485564705 ], [ -80.858927685315734, 35.213334585384445 ], [ -80.858936881684983, 35.213339453748219 ], [ -80.858945442322479, 35.213345048763628 ], [ -80.858953282301016, 35.213351314924537 ], [ -80.858960323842723, 35.213358190066522 ], [ -80.858966497090719, 35.213365605983711 ], [ -80.85897174080209, 35.213373489105322 ], [ -80.858976002955472, 35.213381761225627 ], [ -80.858979241267221, 35.213390340279716 ], [ -80.8589814236108, 35.213399141157673 ], [ -80.858982528335545, 35.213408076548923 ], [ -80.858982544481492, 35.2134170578084 ], [ -80.8589814718881, 35.213425995835941 ], [ -80.858979321195889, 35.213434801960297 ], [ -80.858976113740823, 35.21344338881871 ], [ -80.858971881342725, 35.213451671223694 ], [ -80.858966665989598, 35.213459567008101 ], [ -80.858960519421032, 35.2134669978403 ], [ -80.858173719814062, 35.214323098403604 ], [ -80.858166809143839, 35.214329895979859 ], [ -80.858159119561179, 35.214336104658308 ], [ -80.858150725185155, 35.214341664594009 ], [ -80.858141706928308, 35.214346522195235 ], [ -80.858132151716816, 35.214350630639942 ], [ -80.858122151652523, 35.214353950327144 ], [ -80.85811180312524, 35.214356449258652 ], [ -80.8581012058836, 35.214358103347443 ], [ -80.858090462073591, 35.214358896649891 ], [ -80.858079675254004, 35.214358821519426 ], [ -80.858068949398174, 35.214357878680211 ], [ -80.858058387891802, 35.214356077220209 ], [ -80.85804809253645, 35.214353434503543 ], [ -80.858038162568221, 35.214349976003163 ], [ -80.858028693701257, 35.214345735055296 ], [ -80.858019777205158, 35.214340752538092 ], [ -80.858011499025153, 35.214335076477639 ], [ -80.858003938953843, 35.214328761585008 ], [ -80.857997169861918, 35.214321868728909 ], [ -80.857991256995859, 35.21431446434898 ], [ -80.857986257349012, 35.214306619815382 ], [ -80.857982219112245, 35.214298410740859 ], [ -80.857979181209444, 35.214289916251879 ], [ -80.857977172922318, 35.214281218225999 ], [ -80.857976213608254, 35.214272400502594 ], [ -80.857957014138393, 35.213878100486667 ], [ -80.857957139056055, 35.21386889414979 ], [ -80.857958407234406, 35.213859746256695 ], [ -80.857960805451796, 35.213850752177983 ], [ -80.857964308705448, 35.213842005680583 ], [ -80.857968880472185, 35.213833597950284 ], [ -80.858373181049913, 35.213181698274227 ] ] ] } },
{ "type": "Feature", "properties": { "centroid_id": 31, "poi_count": 1, "mean_dist_m": 43.423458633741099, "max_dist_m": 43.423458633741099, "poi_cluster_labels": "env", "dominant_poi_cluster": "env", "center_x_m": 512925.0, "center_y_m": 3897150.0, "center_lon": -80.857982320883508, "center_lat": 35.217295685501433 }, "geometry": { "type": "Polygon", "coordinates": [ [ [ -80.857757322531782, 35.216915570956289 ], [ -80.857757867040505, 35.216906733283636 ], [ -80.857759464485056, 35.216897981965808 ], [ -80.857762099480809, 35.216889401282749 ], [ -80.85776574665104, 35.21688107387105 ], [ -80.857770370871251, 35.216873079928163 ], [ -80.85777592760742, 35.216865496440015 ], [ -80.857782363345024, 35.216858396439605 ], [ -80.857789616104256, 35.216851848303691 ], [ -80.857797616037075, 35.216845915094282 ], [ -80.857806286099787, 35.216840653951273 ], [ -80.857815542795038, 35.216836115542215 ], [ -80.857825296975975, 35.216832343574346 ], [ -80.857835454704684, 35.216829374373681 ], [ -80.857845918156997, 35.216827236535146 ], [ -80.857856586564424, 35.216825950647234 ], [ -80.857867357184716, 35.216825529093725 ], [ -80.857878126291226, 35.216825975934377 ], [ -80.857888790171941, 35.216827286865886 ], [ -80.85789924612817, 35.216829449263322 ], [ -80.857909393463657, 35.216832442301673 ], [ -80.857919134454278, 35.216836237156421 ], [ -80.857928375289148, 35.216840797281179 ], [ -80.85793702697417, 35.216846078759545 ], [ -80.857945006188984, 35.216852030728134 ], [ -80.857952236089403, 35.216858595866398 ], [ -80.857958647047525, 35.216865710948561 ], [ -80.857964177322202, 35.216873307452666 ], [ -80.857968773653695, 35.216881312220323 ], [ -80.857972391776613, 35.21688964816137 ], [ -80.857974996846181, 35.216898234996208 ], [ -80.857976563773846, 35.216906990028988 ], [ -80.857977077468917, 35.216915828944003 ], [ -80.857976532983884, 35.216924666617686 ], [ -80.857974935562112, 35.216933417938385 ], [ -80.857972300587292, 35.216941998626062 ], [ -80.857968653435378, 35.216950326043943 ], [ -80.857964029230189, 35.216958319994333 ], [ -80.857958472505118, 35.216965903491044 ], [ -80.857952036774307, 35.216973003500698 ], [ -80.857944784017263, 35.216979551646205 ], [ -80.857936784081971, 35.216985484865205 ], [ -80.857928114012225, 35.216990746017423 ], [ -80.85791885730562, 35.216995284434944 ], [ -80.857909103109478, 35.216999056410209 ], [ -80.857898945362251, 35.217002025616935 ], [ -80.857888481888864, 35.217004163459933 ], [ -80.857877813458614, 35.217005449350566 ], [ -80.857867042814604, 35.217005870904941 ], [ -80.857856273684391, 35.21700542406326 ], [ -80.85784560978091, 35.217004113128858 ], [ -80.857835153803748, 35.217001950726811 ], [ -80.857825006449929, 35.216998957682286 ], [ -80.857815265444316, 35.21699516282002 ], [ -80.857806024598332, 35.216990602686728 ], [ -80.857797372906532, 35.216985321199111 ], [ -80.857789393689515, 35.216979369220915 ], [ -80.857782163791555, 35.216972804073066 ], [ -80.857775752840482, 35.216965688981695 ], [ -80.857770222577159, 35.216958092469127 ], [ -80.857765626260885, 35.216950087694066 ], [ -80.85776200815647, 35.21694175174698 ], [ -80.857759403107977, 35.216933164907672 ], [ -80.857757836203149, 35.216924409872171 ], [ -80.857757322531782, 35.216915570956289 ] ] ] } },
{ "type": "Feature", "properties": { "centroid_id": 32, "poi_count": 8, "mean_dist_m": 70.587665656566926, "max_dist_m": 93.093891315255959, "poi_cluster_labels": "env", "dominant_poi_cluster": "env", "center_x_m": 512950.0, "center_y_m": 3896325.0, "center_lon": -80.857720606062855, "center_lat": 35.209856259188172 }, "geometry": { "type": "Polygon", "coordinates": [ [ [ -80.857198359297882, 35.20910094382478 ], [ -80.857204493683668, 35.209093733404472 ], [ -80.857211454695232, 35.209087047712593 ], [ -80.857219176121404, 35.209080950341352 ], [ -80.857227584518228, 35.209075499287039 ], [ -80.857236599907623, 35.209070746398346 ], [ -80.857246136537952, 35.209066736883237 ], [ -80.857256103699783, 35.20906350887892 ], [ -80.857266406588636, 35.209061093089147 ], [ -80.857276947206742, 35.209059512492146 ], [ -80.857287625295143, 35.209058782122035 ], [ -80.857298339287325, 35.209058908925833 ], [ -80.857308987275246, 35.209059891697457 ], [ -80.857319467978698, 35.209061721089093 ], [ -80.857329681708634, 35.209064379700152 ], [ -80.85733953131529, 35.209067842242803 ], [ -80.85734892311234, 35.209072075782423 ], [ -80.857357767767908, 35.209077040050971 ], [ -80.857365981154388, 35.20908268782987 ], [ -80.858276981050821, 35.209773887276036 ], [ -80.858284544735284, 35.209780219775787 ], [ -80.858291313972742, 35.209787131396745 ], [ -80.858297223295565, 35.209794555294451 ], [ -80.858302215552641, 35.209802419670105 ], [ -80.858306242462007, 35.209810648464845 ], [ -80.858309265077835, 35.209819162095393 ], [ -80.858311254167134, 35.209827878223692 ], [ -80.858312190492427, 35.209836712553248 ], [ -80.858312064997889, 35.209845579644394 ], [ -80.858310878896859, 35.209854393740542 ], [ -80.858308643660166, 35.20986306959766 ], [ -80.858305380905222, 35.209871523308621 ], [ -80.858301122186916, 35.209879673114699 ], [ -80.857792122972342, 35.21073497352598 ], [ -80.857786954904782, 35.210742679954308 ], [ -80.857780896493423, 35.210749936429366 ], [ -80.857774005394788, 35.210756673892703 ], [ -80.857766347189923, 35.210762828225171 ], [ -80.857757994760377, 35.210768340857157 ], [ -80.857749027594508, 35.21077315932596 ], [ -80.857739531031072, 35.210777237775133 ], [ -80.857729595447054, 35.210780537390796 ], [ -80.857719315397546, 35.210783026771132 ], [ -80.857708788715897, 35.21078468222516 ], [ -80.857698115582636, 35.210785487998194 ], [ -80.857687397572008, 35.210785436421887 ], [ -80.857676736685406, 35.210784527987059 ], [ -80.857666234380588, 35.210782771339105 ], [ -80.857655990606048, 35.210780183195745 ], [ -80.857646102849912, 35.210776788187864 ], [ -80.857636665212098, 35.21077261862515 ], [ -80.857627767508788, 35.210767714188535 ], [ -80.856872867213724, 35.210306213784136 ], [ -80.856864877147544, 35.210300831454859 ], [ -80.856857538768026, 35.210294856670274 ], [ -80.856850917032048, 35.210288342317327 ], [ -80.856845070552993, 35.210281346059006 ], [ -80.856840051081818, 35.210273929823991 ], [ -80.85683590304906, 35.210266159258438 ], [ -80.856832663171531, 35.210258103144895 ], [ -80.856685963689642, 35.209826003019629 ], [ -80.856683472935529, 35.209816849123129 ], [ -80.856682154242137, 35.20980753240098 ], [ -80.85668202187685, 35.209798153656813 ], [ -80.856683077271427, 35.209788814365297 ], [ -80.856685309006465, 35.209779615574192 ], [ -80.856688692934995, 35.20977065681106 ], [ -80.856693192443814, 35.209762035006406 ], [ -80.856698758849532, 35.209753843444979 ], [ -80.857198359297882, 35.20910094382478 ] ] ] } },
{ "type": "Feature", "properties": { "centroid_id": 33, "poi_count": 7, "mean_dist_m": 60.013745837432786, "max_dist_m": 84.700576529056121, "poi_cluster_labels": "env", "dominant_poi_cluster": "env", "center_x_m": 512950.0, "center_y_m": 3896525.0, "center_lon": -80.857717459801364, "center_lat": 35.211659679126598 }, "geometry": { "type": "Polygon", "coordinates": [ [ [ -80.857562914492476, 35.21097794483186 ], [ -80.857564427231779, 35.210969286856169 ], [ -80.857566954931883, 35.210960789896326 ], [ -80.857570473809673, 35.210952533899103 ], [ -80.857574950756216, 35.210944596544053 ], [ -80.857580343648252, 35.210937052512669 ], [ -80.857586601744558, 35.210929972785671 ], [ -80.857593666163439, 35.210923423975217 ], [ -80.857601470436549, 35.210917467698103 ], [ -80.857609941134527, 35.210912159996084 ], [ -80.857618998557697, 35.210907550808521 ], [ -80.857628557486052, 35.210903683502558 ], [ -80.857638527981024, 35.210900594465095 ], [ -80.857648816231716, 35.210898312760428 ], [ -80.857659325437567, 35.21089685985676 ], [ -80.85766995671905, 35.210896249424223 ], [ -80.857680610048106, 35.210896487206291 ], [ -80.857691185189211, 35.210897570965706 ], [ -80.85770158264252, 35.210899490505554 ], [ -80.857711704579955, 35.210902227765175 ], [ -80.857721455765784, 35.210905756990122 ], [ -80.857730744452482, 35.210910044974455 ], [ -80.85773948324416, 35.210915051373163 ], [ -80.857747589918731, 35.210920729081806 ], [ -80.857754988201535, 35.21092702467967 ], [ -80.858597188393389, 35.211717024112701 ], [ -80.858604068149432, 35.211724176624045 ], [ -80.858610033166684, 35.211731862481656 ], [ -80.858615022525498, 35.211740003191672 ], [ -80.858618985270439, 35.211748515614829 ], [ -80.858621880930485, 35.211757312815649 ], [ -80.858623679932592, 35.211766304950281 ], [ -80.858624363903573, 35.211775400183981 ], [ -80.858623925857785, 35.211784505629083 ], [ -80.858622370268534, 35.211793528293605 ], [ -80.858619713022392, 35.211802376030917 ], [ -80.858615981256875, 35.211810958480889 ], [ -80.858611213083449, 35.211819187992688 ], [ -80.858605457198223, 35.211826980519909 ], [ -80.858598772384653, 35.21183425647903 ], [ -80.857949072579231, 35.212471656925601 ], [ -80.857941788793582, 35.212478131645078 ], [ -80.857933769703152, 35.212483991946932 ], [ -80.857925091896618, 35.212489181860555 ], [ -80.857915838253845, 35.212493651818093 ], [ -80.857906097154526, 35.21249735912788 ], [ -80.857895961633986, 35.212500268382072 ], [ -80.857885528494592, 35.21250235179496 ], [ -80.857874897381294, 35.212503589468263 ], [ -80.857864169829782, 35.212503969581206 ], [ -80.857853448296936, 35.212503488503366 ], [ -80.857842835182069, 35.212502150829486 ], [ -80.857832431849019, 35.212499969335376 ], [ -80.857822337658035, 35.212496964856115 ], [ -80.857812649016765, 35.212493166086901 ], [ -80.8578034584595, 35.212488609309041 ], [ -80.857794853763394, 35.212483338043448 ], [ -80.857786917110104, 35.212477402634939 ], [ -80.857779724300869, 35.21247085977145 ], [ -80.857773344032594, 35.212463771942524 ], [ -80.85776783724171, 35.212456206842631 ], [ -80.857763256522247, 35.21244823672447 ], [ -80.857759645623375, 35.212439937709014 ], [ -80.857757039031767, 35.212431389058381 ], [ -80.857515240299605, 35.21143358884909 ], [ -80.857513674092957, 35.211424964178477 ], [ -80.857513130271855, 35.211416255677804 ], [ -80.857513613921682, 35.211407544786574 ], [ -80.857562914492476, 35.21097794483186 ] ] ] } },
{ "type": "Feature", "properties": { "centroid_id": 34, "poi_count": 2, "mean_dist_m": 27.925599429592033, "max_dist_m": 27.925599429592033, "poi_cluster_labels": "env", "dominant_poi_cluster": "env", "center_x_m": 512950.0, "center_y_m": 3896725.0, "center_lon": -80.857714313260388, "center_lat": 35.21346309852651 }, "geometry": { "type": "Polygon", "coordinates": [ [ [ -80.857673227515136, 35.213217570891686 ], [ -80.857673772006862, 35.213208733213968 ], [ -80.857675369386584, 35.213199981891755 ], [ -80.857678004270312, 35.213191401204995 ], [ -80.857681651282391, 35.213183073790368 ], [ -80.857686275299855, 35.213175079845335 ], [ -80.857691831790632, 35.213167496355815 ], [ -80.85769826724254, 35.213160396354859 ], [ -80.857705519678561, 35.213153848219221 ], [ -80.857713519253736, 35.213147915010886 ], [ -80.857722188927823, 35.213142653869767 ], [ -80.857731445207207, 35.213138115463373 ], [ -80.857741198949043, 35.213134343498936 ], [ -80.857751356219694, 35.213131374302414 ], [ -80.857761819199311, 35.213129236468738 ], [ -80.857772487124024, 35.213127950586312 ], [ -80.857783257256216, 35.213127529038857 ], [ -80.857794025873929, 35.213127975886103 ], [ -80.857804689269869, 35.213129286824682 ], [ -80.85781514475002, 35.213131449229572 ], [ -80.857825291622675, 35.213134442275695 ], [ -80.857835032168197, 35.213138237138487 ], [ -80.85784427258001, 35.213142797271445 ], [ -80.857852923868052, 35.213148078758103 ], [ -80.8578609027158, 35.213154030735026 ], [ -80.857868132282604, 35.213160595881526 ], [ -80.857874542943762, 35.21316771097181 ], [ -80.857880072960995, 35.213175307483773 ], [ -80.857884669077052, 35.213183312259012 ], [ -80.857888287028615, 35.213191648207257 ], [ -80.857890891972545, 35.213200235048859 ], [ -80.85789245882151, 35.2132089900879 ], [ -80.857892972485573, 35.21321782900862 ], [ -80.857892428017536, 35.213226666687355 ], [ -80.857890830660565, 35.213235418012445 ], [ -80.85788819579777, 35.21324399870381 ], [ -80.857884548804009, 35.213252326124618 ], [ -80.857879924801566, 35.213260320077175 ], [ -80.857874368321902, 35.213267903575229 ], [ -80.857867932876772, 35.21327500358543 ], [ -80.857860680442954, 35.213281551730667 ], [ -80.857852680865292, 35.213287484948587 ], [ -80.85784401118417, 35.213292746098922 ], [ -80.857834754893432, 35.213297284513764 ], [ -80.857825001136376, 35.213301056485612 ], [ -80.857814843847237, 35.213304025688181 ], [ -80.857804380846545, 35.21330616352634 ], [ -80.857793712898996, 35.213307449411488 ], [ -80.857782942743114, 35.213307870959788 ], [ -80.857772174101697, 35.213307424111512 ], [ -80.857761510683005, 35.213306113170049 ], [ -80.857751055181922, 35.213303950760547 ], [ -80.857740908290921, 35.213300957708235 ], [ -80.857731167730407, 35.213297162837947 ], [ -80.857721927307495, 35.213292602696448 ], [ -80.857713276012674, 35.213287321200525 ], [ -80.857705297162724, 35.213281369214016 ], [ -80.857698067598378, 35.213274804057932 ], [ -80.857691656944269, 35.213267688958453 ], [ -80.85768612693839, 35.21326009243802 ], [ -80.857681530837539, 35.213252087655384 ], [ -80.857677912904478, 35.213243751701079 ], [ -80.857675307981623, 35.213235164855007 ], [ -80.857673741155494, 35.213226409813252 ], [ -80.857673227515136, 35.213217570891686 ] ] ] } },
{ "type": "Feature", "properties": { "centroid_id": 36, "poi_count": 7, "mean_dist_m": 47.064551308612707, "max_dist_m": 77.913014791131673, "poi_cluster_labels": "env", "dominant_poi_cluster": "env", "center_x_m": 512975.0, "center_y_m": 3897375.0, "center_lon": -80.857429383289769, "center_lat": 35.219323884671695 }, "geometry": { "type": "Polygon", "coordinates": [ [ [ -80.856722603668402, 35.218893345967508 ], [ -80.856716495134293, 35.218886025712614 ], [ -80.856711292795353, 35.218878248263231 ], [ -80.856707047015533, 35.218870088913306 ], [ -80.856703798898181, 35.218861626654096 ], [ -80.856701579888238, 35.218852943409217 ], [ -80.856700411467727, 35.218844123241695 ], [ -80.856700304947836, 35.218835251540057 ], [ -80.856701261359461, 35.218826414191689 ], [ -80.856703271443195, 35.218817696751437 ], [ -80.856706315738961, 35.218809183613217 ], [ -80.856710364774528, 35.21880095719311 ], [ -80.856715379350675, 35.218793097131417 ], [ -80.856721310920861, 35.218785679521673 ], [ -80.856728102061112, 35.218778776174048 ], [ -80.856735687025932, 35.21877245392006 ], [ -80.856743992384921, 35.218766773965626 ], [ -80.856752937733503, 35.218761791298576 ], [ -80.856762436471413, 35.218757554156213 ], [ -80.856772396641077, 35.218754103558432 ], [ -80.856782721817794, 35.218751472910562 ], [ -80.856793312043308, 35.218749687679946 ], [ -80.856804064793366, 35.218748765149442 ], [ -80.856814875970386, 35.21874871425009 ], [ -80.85682564091114, 35.21874953547465 ], [ -80.857880739780484, 35.218873235338343 ], [ -80.857891629114022, 35.218874976218594 ], [ -80.85790224903225, 35.218877609307995 ], [ -80.857912491276949, 35.218881107765156 ], [ -80.85792225143976, 35.218885435927206 ], [ -80.857931430026653, 35.218890549673304 ], [ -80.857939933471997, 35.218896396874548 ], [ -80.857947675092461, 35.218902917925206 ], [ -80.857954575970595, 35.218910046350352 ], [ -80.857960565759328, 35.218917709483584 ], [ -80.857965583399121, 35.218925829207713 ], [ -80.857969577740363, 35.218934322751046 ], [ -80.858090078084288, 35.219234922649385 ], [ -80.858092955741299, 35.219243508150711 ], [ -80.858094787496029, 35.219252284702122 ], [ -80.858095555485846, 35.219261166719214 ], [ -80.858095252221318, 35.21927006758915 ], [ -80.858093880659411, 35.219278900515178 ], [ -80.858091454174541, 35.219287579363126 ], [ -80.858087996428225, 35.219296019501208 ], [ -80.858083541138356, 35.219304138625482 ], [ -80.858078131750432, 35.219311857562275 ], [ -80.858071821013837, 35.219319101040362 ], [ -80.858064670467513, 35.219325798424919 ], [ -80.858056749839889, 35.21933188440633 ], [ -80.858048136368922, 35.219337299637111 ], [ -80.858038914048791, 35.219341991310557 ], [ -80.858029172811058, 35.219345913675738 ], [ -80.85743937232165, 35.219554413883522 ], [ -80.857429619523131, 35.219557420255533 ], [ -80.857419563600615, 35.219559655142106 ], [ -80.857409294952532, 35.219561098452566 ], [ -80.857398905889596, 35.219561737212167 ], [ -80.857388489805004, 35.219561565678738 ], [ -80.857378140334873, 35.219560585394298 ], [ -80.857367950516505, 35.219558805171175 ], [ -80.857358011951973, 35.21955624101281 ], [ -80.857348413984639, 35.219552915969885 ], [ -80.85733924289606, 35.219548859933113 ], [ -80.85733058113027, 35.21954410936447 ], [ -80.857322506552691, 35.219538706969537 ], [ -80.85731509175011, 35.219532701313469 ], [ -80.857308403378212, 35.219526146384482 ], [ -80.856722603668402, 35.218893345967508 ] ] ] } },
{ "type": "Feature", "properties": { "centroid_id": 37, "poi_count": 3, "mean_dist_m": 25.789831207714112, "max_dist_m": 32.785768025451986, "poi_cluster_labels": "env", "dominant_poi_cluster": "env", "center_x_m": 513000.0, "center_y_m": 3897400.0, "center_lon": -80.85715428654224, "center_lat": 35.219548988025892 }, "geometry": { "type": "Polygon", "coordinates": [ [ [ -80.857307926548899, 35.219523809611317 ], [ -80.857317906360407, 35.219519939968791 ], [ -80.857328308902879, 35.219516911478763 ], [ -80.857339029208617, 35.219514754700462 ], [ -80.857349959103573, 35.219513491397009 ], [ -80.857360988298822, 35.219513134315854 ], [ -80.857372005503464, 35.219513687060164 ], [ -80.857382899547574, 35.219515144052423 ], [ -80.857393560503994, 35.219517490590746 ], [ -80.857403880797534, 35.219520702997215 ], [ -80.857413756290413, 35.219524748856799 ], [ -80.857423087333174, 35.219529587344446 ], [ -80.857431779770067, 35.219535169637005 ], [ -80.857439745889224, 35.219541439405901 ], [ -80.857446905307683, 35.219548333385525 ], [ -80.857453185782518, 35.219555782011575 ], [ -80.857458523939783, 35.219563710123026 ], [ -80.857462865914059, 35.219572037720575 ], [ -80.8574661678919, 35.219580680773781 ], [ -80.857468396554083, 35.219589552069117 ], [ -80.857469529411688, 35.219598562089864 ], [ -80.857475229531047, 35.219687462085034 ], [ -80.857475273296401, 35.219696197427247 ], [ -80.85747428684023, 35.219704895254111 ], [ -80.857472279420094, 35.219713473936544 ], [ -80.85746926987531, 35.219721852963659 ], [ -80.857465286450136, 35.219729953698284 ], [ -80.857460366528784, 35.219737700115012 ], [ -80.857454556284438, 35.219745019513695 ], [ -80.857447910246066, 35.219751843201692 ], [ -80.857440490786615, 35.219758107138638 ], [ -80.857432367537626, 35.219763752537425 ], [ -80.857423616735787, 35.2197687264159 ], [ -80.857414320507374, 35.219772982094113 ], [ -80.857404566097614, 35.219776479632486 ], [ -80.857394445051753, 35.219779186206509 ], [ -80.856970044631979, 35.219874286305625 ], [ -80.8569596191345, 35.21987618108119 ], [ -80.856949018748168, 35.219877236493716 ], [ -80.856938343579671, 35.219877442576212 ], [ -80.85692769444195, 35.219876797382533 ], [ -80.856917171902097, 35.219875307005665 ], [ -80.856906875331632, 35.219872985520247 ], [ -80.856896901968113, 35.219869854849676 ], [ -80.856887345996768, 35.21986594455899 ], [ -80.856878297661069, 35.219861291575739 ], [ -80.856869842410504, 35.21985593984121 ], [ -80.856862060093633, 35.219849939895454 ], [ -80.856855024203966, 35.219843348400005 ], [ -80.856848801185961, 35.219836227602812 ], [ -80.856843449807556, 35.219828644750336 ], [ -80.856839020605122, 35.219820671452538 ], [ -80.85683555540632, 35.219812383006563 ], [ -80.856833086934998, 35.219803857685733 ], [ -80.856831638502271, 35.21979517600024 ], [ -80.856831223786273, 35.219786419936987 ], [ -80.856831846703159, 35.219777672185202 ], [ -80.856833501369962, 35.219769015355595 ], [ -80.856836172160243, 35.219760531200244 ], [ -80.856839833851737, 35.219752299840486 ], [ -80.856844451864418, 35.219744399010366 ], [ -80.856849982587164, 35.219736903322456 ], [ -80.856856373789611, 35.219729883563325 ], [ -80.856863565115333, 35.219723406025025 ], [ -80.856871488651933, 35.219717531879049 ], [ -80.856880069572313, 35.219712316598653 ], [ -80.856889226841332, 35.219707809435015 ], [ -80.857307926548899, 35.219523809611317 ] ] ] } },
{ "type": "Feature", "properties": { "centroid_id": 38, "poi_count": 24, "mean_dist_m": 66.138032784747409, "max_dist_m": 93.059997167676102, "poi_cluster_labels": "env", "dominant_poi_cluster": "env", "center_x_m": 513025.0, "center_y_m": 3896850.0, "center_lon": -80.85688828904334, "center_lat": 35.214589264120981 }, "geometry": { "type": "Polygon", "coordinates": [ [ [ -80.856888319867778, 35.21375802609969 ], [ -80.856898605615697, 35.213756377441449 ], [ -80.856909035970062, 35.213755540528062 ], [ -80.856919516035958, 35.213755522973727 ], [ -80.856929950466153, 35.213756324938181 ], [ -80.856940244328669, 35.213757939125173 ], [ -80.856950303970365, 35.213760350848901 ], [ -80.856960037869001, 35.213763538167591 ], [ -80.856969357465914, 35.213767472083141 ], [ -80.856978177971726, 35.213772116804975 ], [ -80.856986419137684, 35.213777430075545 ], [ -80.856994005985854, 35.213783363554931 ], [ -80.857000869491216, 35.213789863260523 ], [ -80.857804669834366, 35.214628762695654 ], [ -80.857810981653117, 35.214636069701385 ], [ -80.85781637901384, 35.214643854553124 ], [ -80.857820808662368, 35.214652040440413 ], [ -80.857824226892575, 35.214660546595873 ], [ -80.857826599977585, 35.214669289092143 ], [ -80.857827904502656, 35.214678181669896 ], [ -80.857828127596107, 35.214687136589042 ], [ -80.857827267056365, 35.214696065494287 ], [ -80.857825331373789, 35.214704880287037 ], [ -80.857822339646759, 35.214713493994523 ], [ -80.857818321393395, 35.214721821628075 ], [ -80.857813316260206, 35.214729781021497 ], [ -80.857807373631033, 35.214737293641967 ], [ -80.857800552139679, 35.214744285364773 ], [ -80.857792919091537, 35.21475068720472 ], [ -80.857784549799362, 35.214756435996804 ], [ -80.857775526840314, 35.214761475019429 ], [ -80.856712626206871, 35.215293675513557 ], [ -80.856703120793568, 35.215297922430302 ], [ -80.856693152373055, 35.215301381294502 ], [ -80.856682817663071, 35.215304018546782 ], [ -80.856672216935337, 35.215305808599425 ], [ -80.856297716535536, 35.21535340864979 ], [ -80.856286762413333, 35.21535434257828 ], [ -80.856275749394058, 35.215354371890797 ], [ -80.856264788120669, 35.215353496292835 ], [ -80.856253988716205, 35.21535172458114 ], [ -80.856243459677472, 35.215349074555334 ], [ -80.856233306785057, 35.215345572839034 ], [ -80.856223632040468, 35.21534125461244 ], [ -80.856214532641502, 35.21533616325884 ], [ -80.856206100005593, 35.215330349928763 ], [ -80.856198418851491, 35.215323873026151 ], [ -80.856191566348116, 35.215316797621497 ], [ -80.8561856113392, 35.215309194798174 ], [ -80.856180613651759, 35.21530114093828 ], [ -80.856176623494946, 35.215292716955226 ], [ -80.855898524278658, 35.214605416720786 ], [ -80.855895578536419, 35.214596695299512 ], [ -80.855893712912774, 35.214587775473937 ], [ -80.855892946201138, 35.214578747099829 ], [ -80.855893286124783, 35.214569701126436 ], [ -80.855894729259035, 35.21456072868024 ], [ -80.855897261065834, 35.214551920147031 ], [ -80.855900856040179, 35.214543364261331 ], [ -80.855905477967042, 35.214535147212551 ], [ -80.855911080286248, 35.214527351776731 ], [ -80.856436380698739, 35.213873752170301 ], [ -80.856442421997315, 35.213866948951747 ], [ -80.856449210033517, 35.21386063774046 ], [ -80.856456685645185, 35.213854873542651 ], [ -80.856464783677566, 35.213849706596882 ], [ -80.856473433551116, 35.213845181936335 ], [ -80.856482559876753, 35.213841338996204 ], [ -80.856492083112826, 35.213838211270144 ], [ -80.856501920258367, 35.21383582601819 ], [ -80.856888319867778, 35.21375802609969 ] ] ] } },
{ "type": "Feature", "properties": { "centroid_id": 39, "poi_count": 7, "mean_dist_m": 53.045829630288111, "max_dist_m": 81.312965594598793, "poi_cluster_labels": "env", "dominant_poi_cluster": "env", "center_x_m": 513025.0, "center_y_m": 3897175.0, "center_lon": -80.856883145416717, "center_lat": 35.217519818845567 }, "geometry": { "type": "Polygon", "coordinates": [ [ [ -80.857114183591008, 35.216806704450065 ], [ -80.857125166116887, 35.216806332488773 ], [ -80.857136138974383, 35.216806862879849 ], [ -80.85714699235271, 35.216808290315385 ], [ -80.85715761763683, 35.21681060051035 ], [ -80.857167908494262, 35.216813770345496 ], [ -80.857177761939326, 35.216817768098707 ], [ -80.857187079363655, 35.216822553762526 ], [ -80.857195767523066, 35.216828079444426 ], [ -80.857203739470719, 35.216834289846176 ], [ -80.857210915427217, 35.216841122817186 ], [ -80.857217223578914, 35.216848509976501 ], [ -80.85722260079676, 35.2168563773971 ], [ -80.857226993267915, 35.216864646345719 ], [ -80.857230357034382, 35.216873234070789 ], [ -80.857232658432906, 35.216882054630538 ], [ -80.857233874431856, 35.216891019753085 ], [ -80.857233992861737, 35.216900039719803 ], [ -80.857233012537009, 35.216909024263167 ], [ -80.85707991370802, 35.217804824401725 ], [ -80.857077891690977, 35.21781352398861 ], [ -80.85707483947516, 35.217822018832322 ], [ -80.857070786504394, 35.217830226984752 ], [ -80.85706577187662, 35.217838069263394 ], [ -80.857059843966752, 35.217845470015249 ], [ -80.857053059960023, 35.217852357846624 ], [ -80.857045485300276, 35.217858666311855 ], [ -80.857037193058744, 35.217864334554328 ], [ -80.857028263229097, 35.21786930789348 ], [ -80.857018781955716, 35.217873538352407 ], [ -80.857008840702719, 35.217876985120576 ], [ -80.856998535371616, 35.217879614947641 ], [ -80.856465934838312, 35.21799231506543 ], [ -80.856454871028419, 35.217994164533735 ], [ -80.856443634350853, 35.217995072483291 ], [ -80.856432343457811, 35.217995029326708 ], [ -80.856421117573973, 35.217994035519723 ], [ -80.856410075237491, 35.217992101556291 ], [ -80.856399333048429, 35.217989247857837 ], [ -80.856389004437432, 35.217985504557603 ], [ -80.856379198467934, 35.217980911182444 ], [ -80.855967298243499, 35.21776421098285 ], [ -80.855958304139435, 35.217758937140488 ], [ -80.855950001256772, 35.217752948382106 ], [ -80.855942473628687, 35.2177463053198 ], [ -80.855935797441987, 35.217739075187922 ], [ -80.855930040265946, 35.217731331162469 ], [ -80.855925260368565, 35.217723151620518 ], [ -80.855921506126748, 35.217714619347021 ], [ -80.855918815536768, 35.217705820696864 ], [ -80.855917215829606, 35.217696844720869 ], [ -80.855916723195477, 35.217687782264591 ], [ -80.855917342619989, 35.217678725048778 ], [ -80.855919067833568, 35.217669764741117 ], [ -80.855921881375053, 35.217660992028478 ], [ -80.856204782216892, 35.216930392271898 ], [ -80.856208525466258, 35.216922143690837 ], [ -80.856213230865492, 35.216914233913663 ], [ -80.856218853578255, 35.216906738309795 ], [ -80.856225340027549, 35.21689972830211 ], [ -80.856232628406147, 35.216893270686391 ], [ -80.856240649265629, 35.21688742699488 ], [ -80.856249326178059, 35.216882252909926 ], [ -80.856258576464271, 35.21687779773346 ], [ -80.856268311981665, 35.216874103917156 ], [ -80.856278439964129, 35.216871206658055 ], [ -80.856288863905903, 35.216869133562987 ], [ -80.856299484481184, 35.216867904385715 ], [ -80.857114183591008, 35.216806704450065 ] ] ] } },
{ "type": "Feature", "properties": { "centroid_id": 40, "poi_count": 3, "mean_dist_m": 69.711627687490051, "max_dist_m": 91.738225401949762, "poi_cluster_labels": "env", "dominant_poi_cluster": "env", "center_x_m": 513050.0, "center_y_m": 3896450.0, "center_lon": -80.856619944970177, "center_lat": 35.210982100629181 }, "geometry": { "type": "Polygon", "coordinates": [ [ [ -80.856537029224697, 35.210193114807439 ], [ -80.856532931384436, 35.210184862230321 ], [ -80.85652984610438, 35.21017631798113 ], [ -80.856527803519029, 35.210167565513906 ], [ -80.85652682357852, 35.210158690316391 ], [ -80.856526915853806, 35.210149779075032 ], [ -80.856528079443336, 35.210140918828316 ], [ -80.856530302981611, 35.210132196116604 ], [ -80.85653356475045, 35.210123696136904 ], [ -80.856537832890993, 35.210115501910707 ], [ -80.856543065714916, 35.210107693473113 ], [ -80.856549212111659, 35.2101003470911 ], [ -80.856556212047579, 35.210093534518627 ], [ -80.856563997152378, 35.210087322295756 ], [ -80.856572491386871, 35.210081771098785 ], [ -80.856581611785657, 35.210076935147619 ], [ -80.856591269267525, 35.210072861676153 ], [ -80.856601369505455, 35.210069590470958 ], [ -80.856611813847977, 35.210067153482676 ], [ -80.856622500282725, 35.210065574513948 ], [ -80.856633324432721, 35.210064868986933 ], [ -80.856644180575955, 35.210065043792682 ], [ -80.856654962677936, 35.21006609722383 ], [ -80.856665565427321, 35.210068018991244 ], [ -80.856675885264508, 35.210070790324615 ], [ -80.856685821393214, 35.210074384155639 ], [ -80.85669527676481, 35.210078765382512 ], [ -80.85670415902635, 35.210083891212754 ], [ -80.856712381422511, 35.210089711581141 ], [ -80.856719863643008, 35.210096169638703 ], [ -80.857353963805835, 35.210700669208919 ], [ -80.857360794653147, 35.210707891555195 ], [ -80.857366699257256, 35.210715644477482 ], [ -80.857371616913952, 35.21072384826968 ], [ -80.85737549706559, 35.210732418590389 ], [ -80.857378299820823, 35.210741267329958 ], [ -80.857379996364742, 35.210750303516377 ], [ -80.857380569255184, 35.210759434250456 ], [ -80.857380012601979, 35.210768565660977 ], [ -80.85737833212761, 35.210777603869765 ], [ -80.857289632576141, 35.211132803948615 ], [ -80.857286888695597, 35.211141542698023 ], [ -80.857283094267189, 35.211150012596008 ], [ -80.857278287294946, 35.211158128809437 ], [ -80.85727251592445, 35.21116581004766 ], [ -80.857265837960568, 35.211172979376592 ], [ -80.857258320288537, 35.211179564989322 ], [ -80.857250038204029, 35.211185500925382 ], [ -80.857241074658987, 35.211190727731321 ], [ -80.85723151943084, 35.21119519305622 ], [ -80.857221468223273, 35.211198852176047 ], [ -80.85721102170767, 35.211201668441589 ], [ -80.857200284514775, 35.21120361364553 ], [ -80.857189364186794, 35.211204668304994 ], [ -80.857178370100158, 35.211204821856654 ], [ -80.857167412370117, 35.21120407276257 ], [ -80.857156600747686, 35.211202428525546 ], [ -80.857146043520558, 35.211199905614052 ], [ -80.857135846428378, 35.211196529297183 ], [ -80.857126111603691, 35.211192333391651 ], [ -80.857116936549005, 35.211187359923031 ], [ -80.857108413160191, 35.211181658704859 ], [ -80.85710062680613, 35.211175286839676 ], [ -80.857093655473577, 35.211168308147123 ], [ -80.857087568986074, 35.211160792524701 ], [ -80.857082428304693, 35.211152815247722 ], [ -80.856537029224697, 35.210193114807439 ] ] ] } },
{ "type": "Feature", "properties": { "centroid_id": 41, "poi_count": 14, "mean_dist_m": 60.602575963593438, "max_dist_m": 84.098324160115183, "poi_cluster_labels": "env", "dominant_poi_cluster": "env", "center_x_m": 513050.0, "center_y_m": 3896650.0, "center_lon": -80.85661677423748, "center_lat": 35.212785520144976 }, "geometry": { "type": "Polygon", "coordinates": [ [ [ -80.856420460749305, 35.212156066240652 ], [ -80.8564284139525, 35.212149836657986 ], [ -80.856437085928704, 35.212144290577882 ], [ -80.856446389847846, 35.212139483531629 ], [ -80.856456232552347, 35.212135463650803 ], [ -80.856466515490041, 35.212132271185276 ], [ -80.856477135700814, 35.212129938100269 ], [ -80.856487986847625, 35.212128487756289 ], [ -80.856498960281144, 35.212127934675216 ], [ -80.856509946127574, 35.212128284394858 ], [ -80.856520834388931, 35.212129533413595 ], [ -80.856531516044257, 35.212131669225379 ], [ -80.856541884141237, 35.212134670444939 ], [ -80.856551834867147, 35.212138507021947 ], [ -80.85656126858818, 35.21214314054189 ], [ -80.857387368171246, 35.212596440129836 ], [ -80.857396032630476, 35.212601717505791 ], [ -80.857404024577107, 35.212607666912142 ], [ -80.857411266935401, 35.21261423097188 ], [ -80.857417689858664, 35.212621346380118 ], [ -80.857423231402947, 35.212628944514705 ], [ -80.857427838124423, 35.212636952097959 ], [ -80.857431465594786, 35.212645291903378 ], [ -80.857434078829812, 35.212653883500415 ], [ -80.857435652626634, 35.21266264403021 ], [ -80.857436171806953, 35.212671489004627 ], [ -80.857435631363387, 35.212680333121149 ], [ -80.857434036507698, 35.212689091085451 ], [ -80.857431402620648, 35.212697678434104 ], [ -80.857427755103615, 35.212706012349017 ], [ -80.857245255473345, 35.213066312500771 ], [ -80.857239793850837, 35.213075567493917 ], [ -80.857233083772584, 35.213084251965952 ], [ -80.857225212506734, 35.213092252970249 ], [ -80.856927712553357, 35.213361653167702 ], [ -80.856920801284929, 35.213367375579963 ], [ -80.85660460124528, 35.213606775771801 ], [ -80.856596326241004, 35.213612450038902 ], [ -80.856587413334864, 35.213617431272951 ], [ -80.856577948377307, 35.213621671493954 ], [ -80.856568022536294, 35.213625129859359 ], [ -80.856557731419116, 35.213627773057638 ], [ -80.856547174151487, 35.213629575629056 ], [ -80.856536452422773, 35.21363052021097 ], [ -80.856525669506453, 35.213630597704984 ], [ -80.856514929265401, 35.213629807364669 ], [ -80.856504335151428, 35.21362815680272 ], [ -80.856493989208772, 35.213625661917611 ], [ -80.856483991091295, 35.213622346740536 ], [ -80.85647443710242, 35.21361824320379 ], [ -80.856465419267721, 35.213613390833316 ], [ -80.856457024448289, 35.213607836367942 ], [ -80.856449333504301, 35.213601633309175 ], [ -80.856442420515947, 35.213594841405857 ], [ -80.856436352070006, 35.213587526078662 ], [ -80.856431186618465, 35.213579757789944 ], [ -80.855905087451163, 35.212686957367943 ], [ -80.855900777499357, 35.212678592717062 ], [ -80.855897514634719, 35.212669914691702 ], [ -80.855895331955324, 35.212661011321558 ], [ -80.855894251601896, 35.212651972922238 ], [ -80.855894284533122, 35.212642891179001 ], [ -80.855895430414577, 35.21263385821679 ], [ -80.855897677622124, 35.212624965665668 ], [ -80.855901003359818, 35.212616303731352 ], [ -80.855905373891162, 35.21260796028016 ], [ -80.855910744881356, 35.212600019947701 ], [ -80.855917061847066, 35.212592563280339 ], [ -80.855924260709017, 35.212585665918162 ], [ -80.856420460749305, 35.212156066240652 ] ] ] } },
{ "type": "Feature", "properties": { "centroid_id": 42, "poi_count": 1, "mean_dist_m": 110.96472187697475, "max_dist_m": 110.96472187697475, "poi_cluster_labels": "env", "dominant_poi_cluster": "env", "center_x_m": 513050.0, "center_y_m": 3897450.0, "center_lon": -80.856604088489846, "center_lat": 35.219999192822947 }, "geometry": { "type": "Polygon", "coordinates": [ [ [ -80.855276418455247, 35.219949268694933 ], [ -80.855276963254269, 35.219940431038559 ], [ -80.855278561025585, 35.219931679758645 ], [ -80.855281196381441, 35.21992309913476 ], [ -80.855284843941604, 35.219914771802912 ], [ -80.855289468577851, 35.219906777959793 ], [ -80.855295025752156, 35.219899194590369 ], [ -80.855301461945743, 35.21989209472649 ], [ -80.855308715174445, 35.219885546743612 ], [ -80.855316715585673, 35.219879613702261 ], [ -80.855325386131142, 35.219874352740725 ], [ -80.855334643308851, 35.219869814524785 ], [ -80.855344397967301, 35.21986604275984 ], [ -80.855354556163988, 35.219863073769943 ], [ -80.855365020070209, 35.219860936147981 ], [ -80.855375688913128, 35.219859650480387 ], [ -80.855386459946274, 35.219859229148774 ], [ -80.855397229439077, 35.219859676210824 ], [ -80.855407893675746, 35.219860987361052 ], [ -80.855418349954192, 35.21986314997244 ], [ -80.855428497575048, 35.219866143217907 ], [ -80.855438238811431, 35.219869938270961 ], [ -80.855447479850113, 35.219874498583287 ], [ -80.855456131695036, 35.219879780236667 ], [ -80.855464111024261, 35.219885732366066 ], [ -80.855471340992551, 35.219892297649345 ], [ -80.855477751971307, 35.219899412859377 ], [ -80.855483282219183, 35.219907009472934 ], [ -80.855487878476751, 35.219915014330581 ], [ -80.855491496479274, 35.219923350341297 ], [ -80.855494101383144, 35.219931937224807 ], [ -80.85549566810144, 35.219940692284808 ], [ -80.855496181545476, 35.219949531205323 ], [ -80.855495636770129, 35.219958368862706 ], [ -80.855494039021579, 35.219967120145512 ], [ -80.855491403686685, 35.219975700774022 ], [ -80.855487756144825, 35.219984028112052 ], [ -80.855483131523599, 35.219992021962682 ], [ -80.855477574360407, 35.219999605340668 ], [ -80.855471138173598, 35.220006705213777 ], [ -80.855463884947099, 35.220013253206254 ], [ -80.855455884533384, 35.220019186257197 ], [ -80.855447213980867, 35.220024447227949 ], [ -80.855437956791789, 35.220028985452352 ], [ -80.855428202118134, 35.220032757224686 ], [ -80.855418043902944, 35.220035726220644 ], [ -80.855407579975648, 35.220037863847068 ], [ -80.855396911109892, 35.22003914951739 ], [ -80.855386140053014, 35.220039570849856 ], [ -80.855375370536535, 35.220039123786783 ], [ -80.855364706277101, 35.22003781263367 ], [ -80.855354249977708, 35.220035650017657 ], [ -80.85534410233852, 35.220032656766001 ], [ -80.855334361087145, 35.220028861705444 ], [ -80.855325120037335, 35.220024301384591 ], [ -80.855316468185634, 35.220019019721938 ], [ -80.855308488854206, 35.22001306758294 ], [ -80.855301258888403, 35.220006502290076 ], [ -80.855294847916696, 35.21999938707085 ], [ -80.85528931768016, 35.21999179044883 ], [ -80.855284721437826, 35.219983785583771 ], [ -80.855281103453819, 35.219975449567009 ], [ -80.85527849857101, 35.219966862679016 ], [ -80.855276931875537, 35.2199581076163 ], [ -80.855276418455247, 35.219949268694933 ] ] ] } },
{ "type": "Feature", "properties": { "centroid_id": 43, "poi_count": 25, "mean_dist_m": 63.133089833247631, "max_dist_m": 92.774273196227441, "poi_cluster_labels": "env", "dominant_poi_cluster": "env", "center_x_m": 513075.0, "center_y_m": 3897025.0, "center_lon": -80.856336137222883, "center_lat": 35.216166604644748 }, "geometry": { "type": "Polygon", "coordinates": [ [ [ -80.856537059896098, 35.21540328397473 ], [ -80.856547320743232, 35.215402929996415 ], [ -80.856557577041002, 35.215403363775998 ], [ -80.856567739186815, 35.215404581523835 ], [ -80.8565777184007, 35.215406572601253 ], [ -80.85658742750077, 35.215409319613542 ], [ -80.856596781664948, 35.215412798561815 ], [ -80.856605699171936, 35.215416979052804 ], [ -80.856614102115259, 35.215421824564253 ], [ -80.856621917083757, 35.215427292764119 ], [ -80.856969617050893, 35.215694592551216 ], [ -80.856976737275602, 35.215700599929171 ], [ -80.856983147148682, 35.215707123850997 ], [ -80.856988791302541, 35.215714107964132 ], [ -80.856993620983744, 35.215721491940982 ], [ -80.856997594474038, 35.215729211999971 ], [ -80.857000677450841, 35.215737201456463 ], [ -80.85700284328361, 35.215745391298803 ], [ -80.857138744137359, 35.216406091180872 ], [ -80.857140024663593, 35.216414993533995 ], [ -80.857140221777257, 35.216423956237371 ], [ -80.857139333529972, 35.216432890713243 ], [ -80.857137368699824, 35.216441708662764 ], [ -80.857134346704768, 35.216450322938741 ], [ -80.857130297410677, 35.216458648406785 ], [ -80.857125260836185, 35.216466602786817 ], [ -80.857119286757182, 35.216474107466119 ], [ -80.85711243421494, 35.216481088276346 ], [ -80.857104770932551, 35.216487476226519 ], [ -80.857096372645728, 35.216493208184822 ], [ -80.857087322354175, 35.216498227502576 ], [ -80.857077709501425, 35.216502484574079 ], [ -80.857067629090849, 35.216505937326879 ], [ -80.857057180746637, 35.216508551637574 ], [ -80.857046467729361, 35.216510301669025 ], [ -80.857035595915349, 35.216511170125735 ], [ -80.857024672750285, 35.216511148424779 ], [ -80.857013806187439, 35.216510236780657 ], [ -80.856089405201359, 35.216394336653302 ], [ -80.856078975071568, 35.216392601024104 ], [ -80.856068798473331, 35.216390045453103 ], [ -80.856058970877314, 35.216386693915105 ], [ -80.856049584480019, 35.216382577852187 ], [ -80.856040727338865, 35.216377735878787 ], [ -80.856032482546041, 35.216372213419341 ], [ -80.856024927449056, 35.216366062282177 ], [ -80.855587527514828, 35.215973661993381 ], [ -80.855580898894473, 35.215967120650681 ], [ -80.85557505099672, 35.21596009574192 ], [ -80.855570035879822, 35.215952649803398 ], [ -80.855565898188516, 35.215944849119474 ], [ -80.855440098481793, 35.215673349014921 ], [ -80.855436747928508, 35.215664881239768 ], [ -80.855434431233931, 35.215656183581245 ], [ -80.855433170982252, 35.215647340829278 ], [ -80.855432979458797, 35.215638439188197 ], [ -80.85543385853029, 35.215629565436487 ], [ -80.855435799626704, 35.215620806080615 ], [ -80.855438783824766, 35.215612246511895 ], [ -80.855442782032441, 35.215603970173952 ], [ -80.855447755272621, 35.215596057749266 ], [ -80.855453655063044, 35.215588586372704 ], [ -80.855460423888928, 35.215581628879484 ], [ -80.855467995763732, 35.215575253095203 ], [ -80.855476296872354, 35.215569521174608 ], [ -80.855612196821355, 35.215484721248117 ], [ -80.855620658525893, 35.215479936611523 ], [ -80.855629627879992, 35.215475821624551 ], [ -80.855639026434744, 35.215472412278217 ], [ -80.855648771987262, 35.215469738391775 ], [ -80.855658779299816, 35.215467823351872 ], [ -80.855668960845222, 35.215466683908105 ], [ -80.856537059896098, 35.21540328397473 ] ] ] } },
{ "type": "Feature", "properties": { "centroid_id": 44, "poi_count": 4, "mean_dist_m": 54.330833721123767, "max_dist_m": 69.304077540522002, "poi_cluster_labels": "env", "dominant_poi_cluster": "env", "center_x_m": 513100.0, "center_y_m": 3897275.0, "center_lon": -80.856057466434123, "center_lat": 35.218420550701858 }, "geometry": { "type": "Polygon", "coordinates": [ [ [ -80.856350577268771, 35.217892861192595 ], [ -80.856361671096167, 35.217892539450169 ], [ -80.85637274786761, 35.217893137929323 ], [ -80.856383694528517, 35.217894650521721 ], [ -80.856394399352283, 35.217897061789138 ], [ -80.856404753080596, 35.217900347121088 ], [ -80.856414650038474, 35.217904472985971 ], [ -80.856423989212999, 35.217909397273317 ], [ -80.856432675284125, 35.217915069723595 ], [ -80.856440619597649, 35.217921432441145 ], [ -80.856447741070056, 35.217928420485102 ], [ -80.856453967016037, 35.217935962532259 ], [ -80.856459233890419, 35.217943981604911 ], [ -80.856762534385325, 35.21846748136084 ], [ -80.856766704165594, 35.218475702369489 ], [ -80.85676986551745, 35.218484220800796 ], [ -80.856771987610131, 35.218492953580494 ], [ -80.856773049748, 35.21850181554381 ], [ -80.856773041572424, 35.218510720266167 ], [ -80.856771963162799, 35.218519580905955 ], [ -80.856769825035741, 35.218528311051443 ], [ -80.856766648042608, 35.218536825563469 ], [ -80.856762463166149, 35.21854504140579 ], [ -80.856757311218331, 35.218552878454865 ], [ -80.856751242442357, 35.218560260281251 ], [ -80.856744316022684, 35.218567114894917 ], [ -80.856736599507826, 35.218573375447463 ], [ -80.856728168151662, 35.218578980883841 ], [ -80.856719104179462, 35.218583876537977 ], [ -80.856709495986024, 35.218588014665805 ], [ -80.856699437273647, 35.218591354910899 ], [ -80.856689026138255, 35.218593864698072 ], [ -80.856678364112781, 35.218595519550981 ], [ -80.856667555176926, 35.218596303330976 ], [ -80.856656704743131, 35.218596208394352 ], [ -80.856645918628544, 35.21859523566696 ], [ -80.856635302023037, 35.218593394635192 ], [ -80.855661401055414, 35.21838279441068 ], [ -80.855650290878145, 35.218379865999268 ], [ -80.855639621790871, 35.218375987200666 ], [ -80.855629514124189, 35.21837120176167 ], [ -80.85562008187668, 35.218365563654586 ], [ -80.855611431429239, 35.218359136468429 ], [ -80.855603660345167, 35.218351992691822 ], [ -80.855361060439819, 35.21810359252256 ], [ -80.855354735754773, 35.218096421843285 ], [ -80.855349298306038, 35.218088776806951 ], [ -80.855344800494862, 35.21808073108987 ], [ -80.855341285666952, 35.218072362229705 ], [ -80.855338787694905, 35.218063750878336 ], [ -80.855337330651665, 35.218054980024483 ], [ -80.855336928578623, 35.218046134194012 ], [ -80.85533758535027, 35.218037298635309 ], [ -80.855339294636849, 35.21802855849775 ], [ -80.85534203996545, 35.218019998011108 ], [ -80.855345794878687, 35.218011699673774 ], [ -80.855350523189742, 35.218003743457814 ], [ -80.855356179331039, 35.217996206038151 ], [ -80.855362708793507, 35.21798916005374 ], [ -80.855370048651807, 35.217982673407469 ], [ -80.855378128170756, 35.217976808611816 ], [ -80.855386869487077, 35.217971622186461 ], [ -80.855396188359691, 35.217967164113468 ], [ -80.855405994981624, 35.217963477355731 ], [ -80.855416194845475, 35.217960597442925 ], [ -80.855426689654109, 35.217958552128998 ], [ -80.85543737826805, 35.217957361124874 ], [ -80.856350577268771, 35.217892861192595 ] ] ] } },
{ "type": "Feature", "properties": { "centroid_id": 45, "poi_count": 1, "mean_dist_m": 30.208725135214817, "max_dist_m": 30.208725135214817, "poi_cluster_labels": "env", "dominant_poi_cluster": "env", "center_x_m": 513125.0, "center_y_m": 3897300.0, "center_lon": -80.855782368966686, "center_lat": 35.218645650970537 }, "geometry": { "type": "Polygon", "coordinates": [ [ [ -80.855344020264937, 35.218606268760631 ], [ -80.855344565047147, 35.218597431101955 ], [ -80.855346162784386, 35.218588679819128 ], [ -80.85534879808921, 35.218580099191726 ], [ -80.8553524455819, 35.218571771855835 ], [ -80.855357070134858, 35.218563778008146 ], [ -80.855362627210908, 35.218556194633706 ], [ -80.855369063292159, 35.218549094764406 ], [ -80.855376316395592, 35.218542546775723 ], [ -80.855384316669785, 35.218536613728254 ], [ -80.855392987067788, 35.218531352760351 ], [ -80.855402244088992, 35.218526814537853 ], [ -80.855411998583421, 35.218523042766222 ], [ -80.85542215661016, 35.218520073769589 ], [ -80.855432620342143, 35.218517936140891 ], [ -80.855443289008193, 35.218516650466626 ], [ -80.855454059863575, 35.218516229128483 ], [ -80.855464829179382, 35.218516676184173 ], [ -80.85547549324157, 35.218517987328326 ], [ -80.855485949349713, 35.218520149933944 ], [ -80.855496096806078, 35.218523143174025 ], [ -80.855505837885403, 35.218526938222105 ], [ -80.855515078775923, 35.21853149852992 ], [ -80.855523730483029, 35.218536780179313 ], [ -80.855531709686133, 35.218542732305274 ], [ -80.855538939541162, 35.21854929758571 ], [ -80.855545350420641, 35.21855641279349 ], [ -80.85555088058419, 35.218564009405434 ], [ -80.855555476773148, 35.218572014262143 ], [ -80.855559094723489, 35.218580350272561 ], [ -80.855561699592087, 35.21858893715644 ], [ -80.85556326629235, 35.218597692217472 ], [ -80.855563779735775, 35.218606531139649 ], [ -80.855563234977254, 35.218615368799355 ], [ -80.855561637262781, 35.218624120085074 ], [ -80.855559001978904, 35.218632700717087 ], [ -80.855555354504531, 35.21864102805916 ], [ -80.855550729966566, 35.218649021914345 ], [ -80.855545172901643, 35.21865660529734 ], [ -80.855538736827157, 35.218663705175906 ], [ -80.855531483725926, 35.218670253174189 ], [ -80.855523483449247, 35.218676186231249 ], [ -80.855514813044223, 35.218681447208361 ], [ -80.85550555601165, 35.218685985439308 ], [ -80.855495801502002, 35.218689757218343 ], [ -80.85548564345676, 35.218692726221029 ], [ -80.855475179703703, 35.218694863854196 ], [ -80.855464511014816, 35.218696149531169 ], [ -80.855453740135729, 35.218696570870179 ], [ -80.855442970796219, 35.218696123813451 ], [ -80.855432306711265, 35.218694812666421 ], [ -80.855421850582189, 35.218692650056177 ], [ -80.855411703107478, 35.218689656809921 ], [ -80.855401962013161, 35.218685861754331 ], [ -80.855392721111528, 35.218681301437982 ], [ -80.855384069397644, 35.21867601977933 ], [ -80.855376090192351, 35.218670067643771 ], [ -80.855368860339794, 35.218663502353749 ], [ -80.85536244946735, 35.218656387136747 ], [ -80.855356919315156, 35.21864879051634 ], [ -80.855352323141418, 35.218640785652241 ], [ -80.855348705209593, 35.218632449635777 ], [ -80.855346100362055, 35.218623862747414 ], [ -80.855344533684629, 35.218615107683675 ], [ -80.855344020264937, 35.218606268760631 ] ] ] } },
{ "type": "Feature", "properties": { "centroid_id": 46, "poi_count": 10, "mean_dist_m": 68.068524282426296, "max_dist_m": 100.06467990709021, "poi_cluster_labels": "env", "dominant_poi_cluster": "env", "center_x_m": 513150.0, "center_y_m": 3896350.0, "center_lon": -80.855522847736765, "center_lat": 35.210079084659348 }, "geometry": { "type": "Polygon", "coordinates": [ [ [ -80.855173189827454, 35.209131745863537 ], [ -80.85518324241454, 35.209127523833466 ], [ -80.855193769939859, 35.209124170982172 ], [ -80.85520466118912, 35.209121722729634 ], [ -80.855215801105601, 35.209120204939531 ], [ -80.855227072005732, 35.209119633646011 ], [ -80.855238354822134, 35.209120014884299 ], [ -80.855249530361618, 35.209121344626944 ], [ -80.85526048056424, 35.209123608826367 ], [ -80.855271089750502, 35.209126783563228 ], [ -80.855281245843472, 35.209130835299192 ], [ -80.856493645030213, 35.20967943477325 ], [ -80.856502603001928, 35.209683960016662 ], [ -80.856510992634171, 35.20968916760232 ], [ -80.856518737024771, 35.209695009795773 ], [ -80.856525765185964, 35.209701433045602 ], [ -80.856532012695141, 35.209708378474204 ], [ -80.856537422285399, 35.209715782417497 ], [ -80.85654194437042, 35.209723577008461 ], [ -80.856545537498974, 35.209731690799295 ], [ -80.856548168734946, 35.20974004941624 ], [ -80.856549813959262, 35.209748576241402 ], [ -80.856550458090908, 35.209757193114953 ], [ -80.856550095225245, 35.209765821051676 ], [ -80.856548728688082, 35.209774380964909 ], [ -80.856546371005308, 35.209782794391465 ], [ -80.856543043787937, 35.209790984210919 ], [ -80.85638164415181, 35.210132784346499 ], [ -80.856377237773515, 35.210140903562795 ], [ -80.856371878848009, 35.210148627298956 ], [ -80.856365619443011, 35.2101558805102 ], [ -80.85635852037548, 35.210162592723407 ], [ -80.856350650620698, 35.210168698721851 ], [ -80.856342086642087, 35.210174139178797 ], [ -80.856332911648281, 35.210178861234056 ], [ -80.856323214784695, 35.210182819007485 ], [ -80.856313090267321, 35.210185974044819 ], [ -80.856302636467348, 35.210188295691275 ], [ -80.856291954955353, 35.210189761389408 ], [ -80.856281149514416, 35.210190356898288 ], [ -80.854721947791148, 35.210213056918903 ], [ -80.854711298038168, 35.210212787815259 ], [ -80.85470073012462, 35.210211673344915 ], [ -80.854690343438591, 35.210209723989109 ], [ -80.854680235663807, 35.210206958080981 ], [ -80.854670501860895, 35.21020340163308 ], [ -80.854661233573324, 35.210199088092729 ], [ -80.8546525179665, 35.210194058027525 ], [ -80.85464443700802, 35.2101883587437 ], [ -80.854637066696711, 35.21018204384135 ], [ -80.85463047634795, 35.210175172710152 ], [ -80.854624727941754, 35.210167809971061 ], [ -80.854619875539896, 35.210160024868344 ], [ -80.854615964777437, 35.210151890618484 ], [ -80.854613032433591, 35.210143483721552 ], [ -80.854611106085812, 35.210134883241771 ], [ -80.854610203850484, 35.210126170063909 ], [ -80.854610334212495, 35.210117426132612 ], [ -80.854611495945534, 35.210108733681714 ], [ -80.854613678123513, 35.210100174460869 ], [ -80.854864679083178, 35.209309174680634 ], [ -80.854867934657165, 35.209300665256656 ], [ -80.85487219859003, 35.209292461424219 ], [ -80.854877429164475, 35.20928464344702 ], [ -80.854883575205974, 35.209277287813663 ], [ -80.854890576583387, 35.209270466489286 ], [ -80.854898364797336, 35.209264246211532 ], [ -80.854906863650271, 35.209258687837547 ], [ -80.854915989992094, 35.209253845748663 ], [ -80.855173189827454, 35.209131745863537 ] ] ] } },
{ "type": "Feature", "properties": { "centroid_id": 47, "poi_count": 2, "mean_dist_m": 89.372805435121265, "max_dist_m": 89.372805435121265, "poi_cluster_labels": "env", "dominant_poi_cluster": "env", "center_x_m": 513150.0, "center_y_m": 3896550.0, "center_lon": -80.855519652849438, "center_lat": 35.211882504357632 }, "geometry": { "type": "Polygon", "coordinates": [ [ [ -80.855350128241469, 35.212686768785247 ], [ -80.855350672981174, 35.212677931117803 ], [ -80.855352270599496, 35.212669179826037 ], [ -80.855354905710143, 35.212660599189633 ], [ -80.855358552935272, 35.212652271844767 ], [ -80.85536317714984, 35.212644277988218 ], [ -80.85536873381993, 35.212636694605074 ], [ -80.855375169431611, 35.212629594727368 ], [ -80.855382422006315, 35.212623046730641 ], [ -80.855390421697763, 35.212617113675556 ], [ -80.855399091464577, 35.212611852700547 ], [ -80.855408347812272, 35.212607314471519 ], [ -80.855418101597337, 35.212603542694012 ], [ -80.855428258885667, 35.212600573692171 ], [ -80.855438721857325, 35.212598436059032 ], [ -80.855449389748486, 35.212597150381093 ], [ -80.855460159821817, 35.212596729040115 ], [ -80.855470928355999, 35.21259717609383 ], [ -80.855481591644477, 35.212598487236875 ], [ -80.8554920469943, 35.212600649842251 ], [ -80.85550219371504, 35.212603643082971 ], [ -80.855511934088469, 35.212607438132572 ], [ -80.855521174309715, 35.212611998442775 ], [ -80.855529825390519, 35.212617280095401 ], [ -80.85553780401635, 35.212623232225404 ], [ -80.855545033348747, 35.212629797510623 ], [ -80.855551443765208, 35.212636912723944 ], [ -80.855556973529843, 35.212644509342091 ], [ -80.855561569387817, 35.212652514205601 ], [ -80.855565187078298, 35.212660850223365 ], [ -80.855567791760677, 35.212669437115082 ], [ -80.855569358350138, 35.212678192184335 ], [ -80.855569871759229, 35.212687031115053 ], [ -80.855569327043213, 35.212695868783534 ], [ -80.855567729447642, 35.212704620078178 ], [ -80.855565094357942, 35.212713200719186 ], [ -80.855561447151132, 35.212721528070254 ], [ -80.855556822951556, 35.212729521934307 ], [ -80.855551266292565, 35.212737105325978 ], [ -80.855544830687677, 35.21274420521295 ], [ -80.855537578115161, 35.212750753219282 ], [ -80.855529578421255, 35.212756686283946 ], [ -80.855520908647378, 35.212761947268163 ], [ -80.855511652288342, 35.212766485505647 ], [ -80.855501898488058, 35.212770257290558 ], [ -80.855491741181226, 35.212773226298452 ], [ -80.855481278188506, 35.212775363936061 ], [ -80.855470610274523, 35.212776649616714 ], [ -80.85545984017746, 35.212777070958552 ], [ -80.855449071619603, 35.212776623903807 ], [ -80.855438408308359, 35.212775312757891 ], [ -80.855427952937589, 35.212773150147882 ], [ -80.855417806198545, 35.21277015690098 ], [ -80.85540806581011, 35.212766361843869 ], [ -80.85539882557778, 35.212761801525126 ], [ -80.855390174490196, 35.212756519863248 ], [ -80.855382195862148, 35.212750567723653 ], [ -80.855374966532239, 35.212744002428842 ], [ -80.855368556122812, 35.212736887206319 ], [ -80.855363026369531, 35.212729290579709 ], [ -80.855358430526763, 35.212721285708817 ], [ -80.855354812854785, 35.21271294968497 ], [ -80.85535220819348, 35.212704362788806 ], [ -80.855350641626856, 35.212695607716832 ], [ -80.855350128241469, 35.212686768785247 ] ] ] } },
{ "type": "Feature", "properties": { "centroid_id": 48, "poi_count": 8, "mean_dist_m": 45.937477837091556, "max_dist_m": 56.672004073112205, "poi_cluster_labels": "env", "dominant_poi_cluster": "env", "center_x_m": 513150.0, "center_y_m": 3896750.0, "center_lon": -80.855516457678306, "center_lat": 35.213685923517417 }, "geometry": { "type": "Polygon", "coordinates": [ [ [ -80.855459673515682, 35.213114578935574 ], [ -80.855467217737967, 35.213108410704784 ], [ -80.855475454132431, 35.213102870834156 ], [ -80.855484305326101, 35.213098011365311 ], [ -80.855493688170711, 35.213093877948133 ], [ -80.855503514523633, 35.213090509412012 ], [ -80.855513692075988, 35.213087937400971 ], [ -80.855524125219773, 35.213086186076538 ], [ -80.855534715945936, 35.213085271890641 ], [ -80.855545364765135, 35.213085203431149 ], [ -80.855555971642318, 35.213085981341194 ], [ -80.8555664369364, 35.213087598313059 ], [ -80.855576662336361, 35.213090039156903 ], [ -80.855586551784697, 35.21309328094344 ], [ -80.855596012379792, 35.213097293219292 ], [ -80.855604955248651, 35.213102038293115 ], [ -80.855613296381804, 35.213107471589616 ], [ -80.855620957422403, 35.213113542068335 ], [ -80.855627866402372, 35.213120192703137 ], [ -80.8561349666371, 35.213659192344359 ], [ -80.856141252740088, 35.213666615215629 ], [ -80.856146601671583, 35.213674517310437 ], [ -80.856150959675603, 35.213682819214235 ], [ -80.856154282954762, 35.213691437494525 ], [ -80.856156538110369, 35.213700285539247 ], [ -80.856157702478242, 35.213709274427224 ], [ -80.856157764356297, 35.213718313821751 ], [ -80.856156723122311, 35.213727312878589 ], [ -80.856154589240148, 35.213736181158808 ], [ -80.856151384154586, 35.213744829537752 ], [ -80.856147140075862, 35.213753171100699 ], [ -80.856141899655952, 35.213761122016322 ], [ -80.856135715559887, 35.213768602379275 ], [ -80.856128649936622, 35.21377553701312 ], [ -80.856120773794288, 35.213781856225864 ], [ -80.856112166286721, 35.213787496510463 ], [ -80.85610291391788, 35.213792401182914 ], [ -80.856093109672557, 35.213796520952009 ], [ -80.855776209416959, 35.213913621067888 ], [ -80.855766206467109, 35.213916844314298 ], [ -80.855755867682248, 35.213919250186159 ], [ -80.855745291965064, 35.213920815668416 ], [ -80.855734580484864, 35.213921525785373 ], [ -80.855723835709711, 35.213921373743929 ], [ -80.85571316042612, 35.213920360998543 ], [ -80.854915059580122, 35.213811960879831 ], [ -80.854904589833637, 35.213810104499302 ], [ -80.854894390094486, 35.213807420288219 ], [ -80.854884557299926, 35.213803933757063 ], [ -80.854875184899782, 35.213799678041468 ], [ -80.854866361968305, 35.213794693587317 ], [ -80.854858172357567, 35.213789027766325 ], [ -80.854850693900616, 35.213782734425855 ], [ -80.854843997671694, 35.213775873377116 ], [ -80.854838147310844, 35.213768509826743 ], [ -80.854833198418959, 35.213760713757068 ], [ -80.854829198029464, 35.213752559261025 ], [ -80.854826184161297, 35.213744123837976 ], [ -80.854824185457602, 35.213735487657139 ], [ -80.854823220913431, 35.213726732795678 ], [ -80.854823299695411, 35.213717942458679 ], [ -80.854824421054431, 35.213709200188326 ], [ -80.854826574332947, 35.213700589070001 ], [ -80.854829739066133, 35.213692190942581 ], [ -80.854833885176546, 35.213684085620677 ], [ -80.854838973259845, 35.213676350136105 ], [ -80.854844954959361, 35.213669058005785 ], [ -80.854851773425708, 35.213662278533015 ], [ -80.855459673515682, 35.213114578935574 ] ] ] } },
{ "type": "Feature", "properties": { "centroid_id": 49, "poi_count": 6, "mean_dist_m": 59.372002197356558, "max_dist_m": 97.397968181638632, "poi_cluster_labels": "env", "dominant_poi_cluster": "env", "center_x_m": 513150.0, "center_y_m": 3897075.0, "center_lon": -80.855511264919855, "center_lat": 35.216616478503511 }, "geometry": { "type": "Polygon", "coordinates": [ [ [ -80.855282641348396, 35.21631332015869 ], [ -80.855283694102297, 35.216304371309228 ], [ -80.855285827500197, 35.21629555297244 ], [ -80.855289020333643, 35.216286952811259 ], [ -80.855293240862451, 35.21627865631978 ], [ -80.855298447130082, 35.216270745973226 ], [ -80.855304587380871, 35.216263300408201 ], [ -80.855311600574524, 35.216256393640847 ], [ -80.855319416992856, 35.216250094331158 ], [ -80.855327958932932, 35.216244465100388 ], [ -80.855337141479438, 35.216239561908516 ], [ -80.855346873348935, 35.216235433498007 ], [ -80.855357057797164, 35.216232120909247 ], [ -80.855367593580866, 35.216229657072553 ], [ -80.855378375964207, 35.216228066480831 ], [ -80.855389297759942, 35.216227364946093 ], [ -80.855400250394908, 35.216227559442281 ], [ -80.855411124989431, 35.216228648035894 ], [ -80.855421813439577, 35.216230619905282 ], [ -80.855432209491894, 35.216233455448169 ], [ -80.855442209799548, 35.216237126476521 ], [ -80.855999509393925, 35.21646972624935 ], [ -80.85600868750582, 35.216474024749523 ], [ -80.856017319992176, 35.216479026935737 ], [ -80.856025327003707, 35.216484686538507 ], [ -80.856032634476563, 35.216490951207369 ], [ -80.856039174817539, 35.216497762995026 ], [ -80.856044887529237, 35.216505058893425 ], [ -80.856049719769615, 35.216512771416554 ], [ -80.856053626840918, 35.216520829224628 ], [ -80.856056572602938, 35.216529157784031 ], [ -80.856058529807498, 35.216537680056675 ], [ -80.856059480350396, 35.216546317212668 ], [ -80.856059415438907, 35.216554989359409 ], [ -80.856058335673126, 35.216563616280638 ], [ -80.855889036864994, 35.217480016433363 ], [ -80.855886886697263, 35.217488730682945 ], [ -80.855883701212846, 35.21749722879531 ], [ -80.855879511382284, 35.217505428147589 ], [ -80.855874357940934, 35.217513249021529 ], [ -80.855868290992888, 35.217520615378668 ], [ -80.855861369523836, 35.217527455599523 ], [ -80.855853660827634, 35.217533703180003 ], [ -80.85584523985203, 35.217539297377897 ], [ -80.855836188469937, 35.217544183803547 ], [ -80.85582659468345, 35.217548314948601 ], [ -80.855816551768285, 35.217551650647934 ], [ -80.855806157366814, 35.217554158470143 ], [ -80.855795512538819, 35.217555814032863 ], [ -80.855784720778814, 35.21755660123987 ], [ -80.855773887009974, 35.217556512437518 ], [ -80.855763116563807, 35.217555548489187 ], [ -80.855752514156237, 35.217553718766908 ], [ -80.855742182869378, 35.217551041060155 ], [ -80.855732223149332, 35.217547541403015 ], [ -80.855722731829644, 35.217543253820971 ], [ -80.855713801189737, 35.217538220000115 ], [ -80.855276301030074, 35.217264619762297 ], [ -80.855268182383057, 35.217259014015518 ], [ -80.855260760424471, 35.217252791803944 ], [ -80.855254104358636, 35.217246011145257 ], [ -80.855248276248361, 35.217238735264239 ], [ -80.85524333043638, 35.217231032003212 ], [ -80.855239313038552, 35.217222973189557 ], [ -80.855236261513909, 35.217214633965852 ], [ -80.855234204315408, 35.217206092089299 ], [ -80.855233160624621, 35.217197427206635 ], [ -80.855233140172828, 35.217188720111565 ], [ -80.855282641348396, 35.21631332015869 ] ] ] } },
{ "type": "Feature", "properties": { "centroid_id": 50, "poi_count": 1, "mean_dist_m": 44.901702148678709, "max_dist_m": 44.901702148678709, "poi_cluster_labels": "env", "dominant_poi_cluster": "env", "center_x_m": 513175.0, "center_y_m": 3897325.0, "center_lon": -80.855232569752559, "center_lat": 35.218870422435607 }, "geometry": { "type": "Polygon", "coordinates": [ [ [ -80.855205620447691, 35.218471168635446 ], [ -80.855206165243942, 35.218462330977239 ], [ -80.855207762993331, 35.218453579696067 ], [ -80.855210398308287, 35.218444999071522 ], [ -80.855214045809007, 35.218436671739617 ], [ -80.855218670367819, 35.218428677897073 ], [ -80.855224227447451, 35.218421094528821 ], [ -80.855230663530037, 35.218413994666705 ], [ -80.85523791663249, 35.218407446686165 ], [ -80.855245916903442, 35.218401513647699 ], [ -80.855254587295931, 35.218396252689573 ], [ -80.855263844309434, 35.218391714477541 ], [ -80.855273598794042, 35.218387942716966 ], [ -80.85528375680893, 35.218384973731837 ], [ -80.855294220527142, 35.218382836115026 ], [ -80.855304889177646, 35.218381550452889 ], [ -80.855315660015833, 35.218381129127025 ], [ -80.855326429312996, 35.218381576194986 ], [ -80.85533709335526, 35.218382887351311 ], [ -80.855347549442385, 35.21838504996888 ], [ -80.855357696876837, 35.218388043220571 ], [ -80.855367437933552, 35.218391838279814 ], [ -80.855376678801022, 35.218396398598244 ], [ -80.855385330484808, 35.218401680257585 ], [ -80.855393309664592, 35.21840763239274 ], [ -80.8554005394965, 35.218414197681525 ], [ -80.855406950353299, 35.218421312896758 ], [ -80.85541248049482, 35.218428909515126 ], [ -80.85541707666259, 35.218436914377222 ], [ -80.855420694592809, 35.218445250391923 ], [ -80.855423299442577, 35.218453837278922 ], [ -80.855424866125432, 35.218462592341893 ], [ -80.855425379553026, 35.218471431264831 ], [ -80.855424834780479, 35.218480268924068 ], [ -80.855423237053856, 35.218489020208125 ], [ -80.855420601759846, 35.218497600837296 ], [ -80.85541695427743, 35.218505928175368 ], [ -80.855412329733639, 35.21851392202543 ], [ -80.855406772665106, 35.218521505402236 ], [ -80.855400336589298, 35.21852860527359 ], [ -80.855393083489048, 35.218535153263744 ], [ -80.855385083215623, 35.218541086311781 ], [ -80.855376412816099, 35.21854634727913 ], [ -80.855367155791228, 35.21855088549961 ], [ -80.8553574012914, 35.218554657267589 ], [ -80.855347243258009, 35.218557626258765 ], [ -80.855336779518723, 35.218559763880044 ], [ -80.855326110845382, 35.218561049544903 ], [ -80.855315339983463, 35.218561470871627 ], [ -80.855304570662611, 35.218561023802636 ], [ -80.855293906597595, 35.218559712643426 ], [ -80.855283450489523, 35.218557550021238 ], [ -80.855273303036753, 35.218554556763365 ], [ -80.855263561965032, 35.218550761696612 ], [ -80.855254321086463, 35.218546201369655 ], [ -80.855245669395885, 35.218540919701034 ], [ -80.855237690213912, 35.218534967556288 ], [ -80.855230460384462, 35.218528402257917 ], [ -80.855224049534726, 35.218521287033489 ], [ -80.855218519404559, 35.218513690406638 ], [ -80.855213923251995, 35.21850568553716 ], [ -80.855210305340279, 35.218497349516404 ], [ -80.855207700511599, 35.218488762624936 ], [ -80.855206133851581, 35.218480007559251 ], [ -80.855205620447691, 35.218471168635446 ] ] ] } },
{ "type": "Feature", "properties": { "centroid_id": 51, "poi_count": 9, "mean_dist_m": 69.186984863856054, "max_dist_m": 111.8032521912131, "poi_cluster_labels": "env", "dominant_poi_cluster": "env", "center_x_m": 513225.0, "center_y_m": 3896850.0, "center_lon": -80.854690802605248, "center_lat": 35.214586646681667 }, "geometry": { "type": "Polygon", "coordinates": [ [ [ -80.854387175933624, 35.213753686199766 ], [ -80.854395336801346, 35.213747928072735 ], [ -80.854404144952241, 35.21374285281405 ], [ -80.854413515875436, 35.213738509118848 ], [ -80.854423359660487, 35.21373493866318 ], [ -80.854433581860079, 35.213732175704159 ], [ -80.854444084396221, 35.213730246751318 ], [ -80.854454766501192, 35.213729170312178 ], [ -80.854465525684418, 35.213728956714739 ], [ -80.854476258715778, 35.213729608008421 ], [ -80.854486862616085, 35.213731117944285 ], [ -80.854497235645084, 35.213733472035109 ], [ -80.854507278277651, 35.213736647694311 ], [ -80.854516894158593, 35.213740614452703 ], [ -80.854525991027245, 35.213745334250795 ], [ -80.854534481602613, 35.213750761803929 ], [ -80.854542284420788, 35.213756845036869 ], [ -80.854549324616585, 35.213763525583346 ], [ -80.854555534641847, 35.213770739346081 ], [ -80.854560854913501, 35.213778417111747 ], [ -80.855529256326321, 35.215350416341423 ], [ -80.855533619924955, 35.215358450472543 ], [ -80.855537008916755, 35.215366795290493 ], [ -80.855539391052446, 35.215375371387658 ], [ -80.855540743663795, 35.215384097155642 ], [ -80.855541053879278, 35.215392889561791 ], [ -80.85554031874662, 35.215401664939264 ], [ -80.85553854526087, 35.215410339783269 ], [ -80.855535750297861, 35.215418831545669 ], [ -80.85553196045359, 35.215427059420406 ], [ -80.855527211791269, 35.215434945112555 ], [ -80.855521549498008, 35.215442413583304 ], [ -80.855515027454942, 35.215449393764011 ], [ -80.85550770772447, 35.215455819232503 ], [ -80.855499659959705, 35.215461628845148 ], [ -80.855490960741648, 35.215466767318674 ], [ -80.855481692850461, 35.21547118575625 ], [ -80.855471944477742, 35.215474842112748 ], [ -80.855461808387375, 35.215477701594899 ], [ -80.854682507627899, 35.215663201787429 ], [ -80.854671855533709, 35.215665271372899 ], [ -80.854661005371639, 35.215666460856021 ], [ -80.854650064834573, 35.215666758430622 ], [ -80.854639142512369, 35.215666161143133 ], [ -80.854628346814124, 35.215664674921918 ], [ -80.854617784892099, 35.215662314518411 ], [ -80.854607561578248, 35.215659103360686 ], [ -80.85459777834356, 35.215655073320988 ], [ -80.854588532291118, 35.215650264399287 ], [ -80.854579915192033, 35.215644724326332 ], [ -80.854572012574863, 35.215638508089839 ], [ -80.854564902876447, 35.215631677388814 ], [ -80.854558656663556, 35.215624300021005 ], [ -80.854553335932394, 35.215616449210088 ], [ -80.853987136799134, 35.21467324875745 ], [ -80.853982990907113, 35.214665429915122 ], [ -80.853805791320653, 35.214282729767852 ], [ -80.853802468294361, 35.21427433736558 ], [ -80.853800160745664, 35.214265718586176 ], [ -80.853798890773831, 35.214256955972623 ], [ -80.853798670541224, 35.21424813344543 ], [ -80.853799502156647, 35.214239335498867 ], [ -80.853801377655344, 35.214230646391748 ], [ -80.853804279075121, 35.2142221493405 ], [ -80.853808178628498, 35.214213925722227 ], [ -80.853813038968809, 35.214206054295246 ], [ -80.853818813547846, 35.21419861044496 ], [ -80.853825447061723, 35.214191665461748 ], [ -80.85383287598053, 35.214185285858321 ], [ -80.854387175933624, 35.213753686199766 ] ] ] } },
{ "type": "Feature", "properties": { "centroid_id": 52, "poi_count": 5, "mean_dist_m": 59.951424459654596, "max_dist_m": 83.639055559355882, "poi_cluster_labels": "env", "dominant_poi_cluster": "env", "center_x_m": 513225.0, "center_y_m": 3897175.0, "center_lon": -80.854685579998687, "center_lat": 35.217517201123769 }, "geometry": { "type": "Polygon", "coordinates": [ [ [ -80.855572939867187, 35.217351223501446 ], [ -80.85558355745556, 35.217349495273645 ], [ -80.855594330733226, 35.21734863275946 ], [ -80.855605155147927, 35.217348644329398 ], [ -80.855615925651179, 35.217349529871164 ], [ -80.855626537717683, 35.217351280790787 ], [ -80.855636888359712, 35.217353880095985 ], [ -80.855646877126588, 35.217357302561091 ], [ -80.855656407079493, 35.217361514971827 ], [ -80.855665385732294, 35.217366476447708 ], [ -80.855673725949032, 35.217372138838684 ], [ -80.855681346789595, 35.217378447192523 ], [ -80.855688174295196, 35.217385340287962 ], [ -80.855694142206147, 35.217392751229035 ], [ -80.855699192604874, 35.217400608094096 ], [ -80.855703276478081, 35.217408834633908 ], [ -80.855706354192293, 35.217417351011647 ], [ -80.855708395878608, 35.217426074577538 ], [ -80.855709381722548, 35.217434920671145 ], [ -80.855709302156328, 35.217443803442876 ], [ -80.855708157951796, 35.217452636687149 ], [ -80.855705960212873, 35.217461334679008 ], [ -80.855702730267879, 35.217469813006076 ], [ -80.855536130673698, 35.217841713147067 ], [ -80.855532163984179, 35.217849438541528 ], [ -80.855527340174518, 35.217856828237196 ], [ -80.855521700938894, 35.217863818361472 ], [ -80.855515295019643, 35.217870348495502 ], [ -80.855508177785978, 35.217876362196236 ], [ -80.855500410755312, 35.217881807484481 ], [ -80.855492061061639, 35.217886637294022 ], [ -80.855186760891513, 35.218046337440526 ], [ -80.855177630882864, 35.218050623329731 ], [ -80.855168043338779, 35.218054173187618 ], [ -80.855158086113491, 35.218056954485526 ], [ -80.855147850448759, 35.218058941737375 ], [ -80.855137430137859, 35.218060116733227 ], [ -80.855126920666009, 35.218060468706128 ], [ -80.855116418335498, 35.218059994430845 ], [ -80.855106019383172, 35.218058698253344 ], [ -80.855095819098537, 35.218056592050971 ], [ -80.855085910950649, 35.21805369512365 ], [ -80.85477121068395, 35.217947495015856 ], [ -80.854768071110897, 35.217946388374671 ], [ -80.854307370740528, 35.217776988205124 ], [ -80.854297678846081, 35.217772940529088 ], [ -80.85428852197839, 35.217768126470673 ], [ -80.854279989830971, 35.217762593184688 ], [ -80.854272165978031, 35.217756394870904 ], [ -80.854265127055768, 35.217749592243237 ], [ -80.854258942011811, 35.217742251934894 ], [ -80.854253671429788, 35.217734445845835 ], [ -80.854249366935903, 35.217726250438382 ], [ -80.854246070693321, 35.217717745988331 ], [ -80.854243814989104, 35.217709015798555 ], [ -80.854242621918019, 35.217700145383084 ], [ -80.854242503166077, 35.217691221629451 ], [ -80.854243459896153, 35.217682331947621 ], [ -80.854245482736516, 35.217673563413811 ], [ -80.854248551872715, 35.21766500191751 ], [ -80.854252637241643, 35.217656731320254 ], [ -80.854257698826032, 35.217648832634076 ], [ -80.854263687046455, 35.217641383228113 ], [ -80.854270543246955, 35.217634456070641 ], [ -80.854278200269562, 35.217628119014449 ], [ -80.854286583112213, 35.217622434132139 ], [ -80.854295609663353, 35.217617457108105 ], [ -80.854305191506185, 35.217613236693218 ], [ -80.854315234784849, 35.217609814227131 ], [ -80.854325641123651, 35.217607223233536 ], [ -80.855572939867187, 35.217351223501446 ] ] ] } },
{ "type": "Feature", "properties": { "centroid_id": 53, "poi_count": 4, "mean_dist_m": 60.775612970844094, "max_dist_m": 69.066768390570004, "poi_cluster_labels": "env", "dominant_poi_cluster": "env", "center_x_m": 513250.0, "center_y_m": 3896650.0, "center_lon": -80.854419336432187, "center_lat": 35.212782897894265 }, "geometry": { "type": "Polygon", "coordinates": [ [ [ -80.85512384316317, 35.212490248425532 ], [ -80.855134885408177, 35.21248964124252 ], [ -80.855145946063715, 35.212489948796957 ], [ -80.855156912910246, 35.212491167968487 ], [ -80.855167674680033, 35.212493286387591 ], [ -80.855178122185933, 35.212496282561126 ], [ -80.855188149429267, 35.212500126090426 ], [ -80.855197654675237, 35.212504777979703 ], [ -80.85520654148506, 35.212510191031626 ], [ -80.85521471969453, 35.212516310326279 ], [ -80.855222106328625, 35.21252307377825 ], [ -80.855228626443562, 35.212530412766647 ], [ -80.855234213886988, 35.212538252831244 ], [ -80.855238811969315, 35.212546514427927 ], [ -80.855242374038795, 35.212555113735768 ], [ -80.855244863954809, 35.212563963507485 ], [ -80.85524625645472, 35.212572973954522 ], [ -80.85526785676673, 35.212806473935991 ], [ -80.855268143212669, 35.212815365653874 ], [ -80.855267360815887, 35.212824237272137 ], [ -80.855265517189252, 35.212833002464407 ], [ -80.85526263027208, 35.212841575939869 ], [ -80.855258728155547, 35.212849874273225 ], [ -80.855253848809426, 35.212857816716422 ], [ -80.855248039712578, 35.212865325984453 ], [ -80.855241357390966, 35.212872329007368 ], [ -80.85523386686765, 35.212878757641263 ], [ -80.85522564103006, 35.212884549331399 ], [ -80.855216759920737, 35.212889647720885 ], [ -80.855207309958502, 35.212894003199125 ], [ -80.855197383097575, 35.21289757338446 ], [ -80.855187075932662, 35.212900323536694 ], [ -80.85517648875917, 35.212902226895039 ], [ -80.855165724597214, 35.212903264938582 ], [ -80.855154888189077, 35.212903427566488 ], [ -80.855144084980097, 35.212902713196293 ], [ -80.853987983735053, 35.212778913059367 ], [ -80.853977198116723, 35.212777305437854 ], [ -80.853966661375111, 35.21277482377495 ], [ -80.853956478396242, 35.212771492773946 ], [ -80.853946750544694, 35.212767345592667 ], [ -80.853937574654466, 35.212762423513439 ], [ -80.853929042065175, 35.212756775532213 ], [ -80.853921237712697, 35.212750457870747 ], [ -80.853914239283824, 35.212743533416983 ], [ -80.853908116442838, 35.212736071099094 ], [ -80.853902930138119, 35.212728145199229 ], [ -80.853898731995429, 35.212719834614198 ], [ -80.853895563804031, 35.212711222070048 ], [ -80.853893457100696, 35.212702393298592 ], [ -80.853892432855844, 35.212693436184004 ], [ -80.85389250126471, 35.212684439887994 ], [ -80.853893661645998, 35.212675493962266 ], [ -80.853895902448585, 35.21266668745708 ], [ -80.853899201366545, 35.212658108034866 ], [ -80.853903525561222, 35.212649841097566 ], [ -80.853908831988079, 35.212641968936531 ], [ -80.853915067825241, 35.212634569913376 ], [ -80.853922170999283, 35.212627717679972 ], [ -80.853930070803102, 35.212621480445264 ], [ -80.853938688599825, 35.212615920296322 ], [ -80.853947938605501, 35.212611092580325 ], [ -80.853957728743083, 35.2126070453536 ], [ -80.853967961558951, 35.212603818903304 ], [ -80.853978535193008, 35.212601445346323 ], [ -80.853989344392573, 35.212599948309673 ], [ -80.85512384316317, 35.212490248425532 ] ] ] } },
{ "type": "Feature", "properties": { "centroid_id": 54, "poi_count": 2, "mean_dist_m": 42.990249500277521, "max_dist_m": 59.417056730371165, "poi_cluster_labels": "env", "dominant_poi_cluster": "env", "center_x_m": 513250.0, "center_y_m": 3897125.0, "center_lon": -80.854411689387362, "center_lat": 35.217066016672362 }, "geometry": { "type": "Polygon", "coordinates": [ [ [ -80.853780214979992, 35.217219121531713 ], [ -80.85376948991302, 35.217220036898169 ], [ -80.853758707159713, 35.217220085159127 ], [ -80.853747970564257, 35.217219265849806 ], [ -80.853737383526223, 35.217217586860635 ], [ -80.853727048004941, 35.217215064361255 ], [ -80.853717063537388, 35.217211722644763 ], [ -80.853707526279706, 35.21720759389386 ], [ -80.853698528081068, 35.217202717870734 ], [ -80.853690155599224, 35.217197141534321 ], [ -80.853682489465783, 35.21719091858791 ], [ -80.853675603509799, 35.217184108962023 ], [ -80.853669564046754, 35.21717677823721 ], [ -80.853664429239842, 35.217168997012479 ], [ -80.853660248539867, 35.217160840225418 ], [ -80.85365706220901, 35.217152386430421 ], [ -80.853654900933108, 35.217143717042255 ], [ -80.853653785526106, 35.217134915551881 ], [ -80.853653726729661, 35.217126066722535 ], [ -80.853654725109635, 35.21711725577326 ], [ -80.853656771050808, 35.217108567558284 ], [ -80.853659844849261, 35.217100085749834 ], [ -80.853663916902391, 35.217091892032258 ], [ -80.853668947993853, 35.217084065315468 ], [ -80.853674889671268, 35.21707668097487 ], [ -80.853681684712924, 35.217069810125615 ], [ -80.853689267678774, 35.217063518937586 ], [ -80.853697565540728, 35.217057867998207 ], [ -80.85370649838589, 35.217052911728999 ], [ -80.853715980186195, 35.217048697861401 ], [ -80.853725919626939, 35.217045266977173 ], [ -80.853736220986079, 35.217042652117463 ], [ -80.853746785056217, 35.217040878464758 ], [ -80.854679384060049, 35.216923078589346 ], [ -80.854690109078049, 35.216922163142129 ], [ -80.854700891791694, 35.21692211479813 ], [ -80.854711628357919, 35.21692293402289 ], [ -80.854722215378075, 35.216924612926917 ], [ -80.854732550893672, 35.216927135341443 ], [ -80.854742535368331, 35.216930476974369 ], [ -80.854752072646363, 35.216934605643978 ], [ -80.854761070878737, 35.216939481589087 ], [ -80.854769443407719, 35.216945057851795 ], [ -80.854777109601315, 35.216951280729781 ], [ -80.854783995629916, 35.21695809029346 ], [ -80.854790035177231, 35.216965420963149 ], [ -80.854795170078987, 35.216973202140615 ], [ -80.854799350883084, 35.216981358889001 ], [ -80.854802537325867, 35.216989812654447 ], [ -80.854804698719832, 35.216998482022639 ], [ -80.854805814249303, 35.217007283502888 ], [ -80.854805873170761, 35.217016132332162 ], [ -80.854804874916411, 35.217024943291385 ], [ -80.854802829099654, 35.217033631526185 ], [ -80.854799755422519, 35.217042113364037 ], [ -80.854795683485889, 35.217050307120168 ], [ -80.854790652504519, 35.217058133884095 ], [ -80.854784710929309, 35.217065518279711 ], [ -80.854777915980733, 35.217072389191117 ], [ -80.854770333097804, 35.217078680447521 ], [ -80.854762035307814, 35.217084331460569 ], [ -80.854753102523091, 35.217089287807788 ], [ -80.854743620771373, 35.217093501756686 ], [ -80.854733681367279, 35.217096932724537 ], [ -80.854723380032951, 35.217099547669157 ], [ -80.854712815976143, 35.2171013214071 ], [ -80.853780214979992, 35.217219121531713 ] ] ] } },
{ "type": "Feature", "properties": { "centroid_id": 55, "poi_count": 4, "mean_dist_m": 46.980646156222754, "max_dist_m": 65.811535426313313, "poi_cluster_labels": "env", "dominant_poi_cluster": "env", "center_x_m": 513300.0, "center_y_m": 3897250.0, "center_lon": -80.853860280880937, "center_lat": 35.218192490761972 }, "geometry": { "type": "Polygon", "coordinates": [ [ [ -80.853746552741924, 35.217801900708047 ], [ -80.853742806835854, 35.217793730208463 ], [ -80.853740041240968, 35.217785300742243 ], [ -80.85373828187781, 35.217776691315478 ], [ -80.853737545235873, 35.217767982620948 ], [ -80.853737838219104, 35.217759256281823 ], [ -80.85373915808114, 35.217750594086588 ], [ -80.853741492451107, 35.217742077222532 ], [ -80.853744819449616, 35.217733785514788 ], [ -80.853749107893734, 35.217725796678145 ], [ -80.853754317589392, 35.217718185588723 ], [ -80.85376039970798, 35.217711023582098 ], [ -80.853767297244119, 35.217704377784813 ], [ -80.853774945549887, 35.217698310485154 ], [ -80.853783272940746, 35.217692878549364 ], [ -80.853792201367469, 35.217688132888696 ], [ -80.853801647147577, 35.217684117982223 ], [ -80.853811521749719, 35.217680871459969 ], [ -80.853821732623402, 35.217678423750193 ], [ -80.853832184066462, 35.21767679779424 ], [ -80.853842778121944, 35.217676008831518 ], [ -80.853853415496332, 35.217676064256601 ], [ -80.853863996490048, 35.217676963550062 ], [ -80.853874421931963, 35.217678698283152 ], [ -80.853884594108862, 35.217681252197018 ], [ -80.853894417681232, 35.217684601354875 ], [ -80.853903800576859, 35.217688714366496 ], [ -80.854465100236567, 35.21796421410771 ], [ -80.854473753856553, 35.217968931085124 ], [ -80.854481825962637, 35.217974297648496 ], [ -80.854489244398422, 35.217980265826284 ], [ -80.854663944420466, 35.218134765711689 ], [ -80.854670744171372, 35.218141390858044 ], [ -80.854676737919021, 35.218148520855856 ], [ -80.854681870353446, 35.218156089910202 ], [ -80.854686094112807, 35.218164028174584 ], [ -80.85468937022037, 35.218172262395434 ], [ -80.854691668444218, 35.218180716588101 ], [ -80.854692967576256, 35.218189312738055 ], [ -80.854693255627893, 35.218197971520731 ], [ -80.85469252994065, 35.218206613033637 ], [ -80.854690797210822, 35.218215157533528 ], [ -80.854688073427582, 35.218223526172444 ], [ -80.854684383725512, 35.218231641725204 ], [ -80.854679762152628, 35.218239429302059 ], [ -80.854674251356244, 35.218246817039748 ], [ -80.854667902189377, 35.218253736764744 ], [ -80.854660773241548, 35.218260124622269 ], [ -80.854652930298059, 35.218265921665548 ], [ -80.854644445733015, 35.218271074399816 ], [ -80.854635397841378, 35.218275535275936 ], [ -80.854625870116507, 35.218279263129197 ], [ -80.854615950479655, 35.21828222355915 ], [ -80.854605730468691, 35.218284389247138 ], [ -80.854595304393328, 35.218285740208273 ], [ -80.854108903864571, 35.218329240254192 ], [ -80.854098183895829, 35.218329765733337 ], [ -80.85408745261833, 35.218329429935785 ], [ -80.854076812539077, 35.218328236069176 ], [ -80.854066365293903, 35.2183261955375 ], [ -80.85405621067666, 35.218323327832245 ], [ -80.854046445685981, 35.21831966034626 ], [ -80.854037163598605, 35.218315228111969 ], [ -80.854028453078527, 35.218310073466824 ], [ -80.854020397329961, 35.218304245648838 ], [ -80.854013073302568, 35.218297800326283 ], [ -80.854006550956484, 35.218290799065926 ], [ -80.854000892593973, 35.21828330874493 ], [ -80.853996152264344, 35.218275400911992 ], [ -80.853746552741924, 35.217801900708047 ] ] ] } },
{ "type": "Feature", "properties": { "centroid_id": 56, "poi_count": 4, "mean_dist_m": 49.045021139138917, "max_dist_m": 78.16503528657114, "poi_cluster_labels": "env", "dominant_poi_cluster": "env", "center_x_m": 513300.0, "center_y_m": 3897275.0, "center_lon": -80.853859876818845, "center_lat": 35.218417917934367 }, "geometry": { "type": "Polygon", "coordinates": [ [ [ -80.854249920148874, 35.218526270069901 ], [ -80.854260623851459, 35.218525179013874 ], [ -80.854271406336522, 35.21852495440649 ], [ -80.85428216370785, 35.218525598411979 ], [ -80.854292792311227, 35.218527104824972 ], [ -80.854303189733201, 35.218529459130153 ], [ -80.854313255787858, 35.218532638642294 ], [ -80.854322893482177, 35.218536612724741 ], [ -80.854332009950681, 35.218541343084617 ], [ -80.854340517350167, 35.21854678414185 ], [ -80.854348333706142, 35.218552883468291 ], [ -80.854355383702753, 35.218559582292926 ], [ -80.854361599408463, 35.218566816068197 ], [ -80.854366920930616, 35.218574515091902 ], [ -80.854371296992568, 35.218582605178881 ], [ -80.854374685427771, 35.218591008375732 ], [ -80.854377053586063, 35.218599643712068 ], [ -80.854378378648349, 35.21860842798062 ], [ -80.854378647846417, 35.218617276539057 ], [ -80.854377858586005, 35.218626104125534 ], [ -80.854376018471839, 35.218634825680248 ], [ -80.854247919056675, 35.219103725793609 ], [ -80.854245086517793, 35.219112155789325 ], [ -80.854241272251585, 35.21912032098794 ], [ -80.854236512129901, 35.21912814459796 ], [ -80.854230850920189, 35.21913555304036 ], [ -80.854224341864395, 35.219142476640684 ], [ -80.85421704617832, 35.219148850284235 ], [ -80.854209032475865, 35.219154614028547 ], [ -80.854200376123714, 35.219159713667068 ], [ -80.854191158532572, 35.21916410123896 ], [ -80.854181466391509, 35.219167735480227 ], [ -80.854171390852628, 35.219170582211724 ], [ -80.85416102667385, 35.219172614660657 ], [ -80.854150471327713, 35.219173813712324 ], [ -80.854139824084655, 35.21917416808995 ], [ -80.854129185079358, 35.219173674460741 ], [ -80.854118654369088, 35.2191723374671 ], [ -80.854108330992531, 35.219170169683153 ], [ -80.854098312038516, 35.219167191496389 ], [ -80.854088691732755, 35.219163430915877 ], [ -80.854079560551796, 35.21915892330896 ], [ -80.854071004372017, 35.21915371106855 ], [ -80.854063103662014, 35.219147843214472 ], [ -80.854055932725799, 35.219141374932398 ], [ -80.853660032858741, 35.218747474659253 ], [ -80.85365351198017, 35.218740286888575 ], [ -80.853647892663346, 35.218732603472439 ], [ -80.85364323040443, 35.218724500292346 ], [ -80.853639571247669, 35.218716057375389 ], [ -80.853636951330586, 35.218707358103877 ], [ -80.853635396527167, 35.218698488391816 ], [ -80.853634922192271, 35.218689535836518 ], [ -80.853635533010106, 35.218680588853374 ], [ -80.853637222947881, 35.218671735802708 ], [ -80.853639975315403, 35.218663064117216 ], [ -80.853643762930048, 35.218654659438307 ], [ -80.853648548385053, 35.218646604770484 ], [ -80.853654284419051, 35.218638979661485 ], [ -80.853660914382843, 35.218631859416739 ], [ -80.853668372798879, 35.218625314355613 ], [ -80.853676586007808, 35.218619409116933 ], [ -80.853685472896075, 35.218614202020703 ], [ -80.853694945696944, 35.218609744491999 ], [ -80.853704910857232, 35.218606080553279 ], [ -80.853715269961313, 35.218603246389456 ], [ -80.853725920702999, 35.218601269990643 ], [ -80.854249920148874, 35.218526270069901 ] ] ] } },
{ "type": "Feature", "properties": { "centroid_id": 57, "poi_count": 1, "mean_dist_m": 34.815608036527792, "max_dist_m": 34.815608036527792, "poi_cluster_labels": "env", "dominant_poi_cluster": "env", "center_x_m": 513350.0, "center_y_m": 3897225.0, "center_lon": -80.853311290617413, "center_lat": 35.217966399167501 }, "geometry": { "type": "Polygon", "coordinates": [ [ [ -80.853162420717254, 35.21827856678167 ], [ -80.853162965733574, 35.218269729132906 ], [ -80.853164563698314, 35.218260977878955 ], [ -80.853167199221858, 35.218252397299111 ], [ -80.853170846922367, 35.218244070029002 ], [ -80.853175471670227, 35.218236076264702 ], [ -80.853181028926357, 35.21822849299042 ], [ -80.853187465171217, 35.218221393237101 ], [ -80.853194718420127, 35.218214845379123 ], [ -80.853202718820313, 35.218208912475809 ], [ -80.85321138932359, 35.218203651664098 ], [ -80.853220646428355, 35.218199113608385 ], [ -80.853230400983804, 35.218195342012471 ], [ -80.853240559048459, 35.218192373198804 ], [ -80.853251022794865, 35.218190235758591 ], [ -80.853261691451721, 35.218188950276478 ], [ -80.853272462274376, 35.218188529132334 ], [ -80.853283231534249, 35.218188976381974 ], [ -80.853293895517822, 35.21819028771818 ], [ -80.853304351525423, 35.218192450512085 ], [ -80.8533144988603, 35.218195443934881 ], [ -80.853324239798326, 35.218199239158359 ], [ -80.853333480529159, 35.218203799632541 ], [ -80.85334213205968, 35.218209081437706 ], [ -80.853350111071009, 35.218215033707295 ], [ -80.853357340720947, 35.218221599117875 ], [ -80.853363751383938, 35.218228714441047 ], [ -80.853369281321747, 35.218236311152502 ], [ -80.853373877277861, 35.218244316091905 ], [ -80.853377494990482, 35.218252652167386 ], [ -80.853380099618803, 35.218261239098091 ], [ -80.853381666078533, 35.218269994187239 ], [ -80.853382179283471, 35.218278833118575 ], [ -80.853381634290841, 35.218287670768362 ], [ -80.853380036348852, 35.218296422025205 ], [ -80.85337740084627, 35.218305002609661 ], [ -80.853373753164078, 35.218313329885966 ], [ -80.853369128431225, 35.218321323657776 ], [ -80.853363571186179, 35.218328906940613 ], [ -80.853357134948112, 35.218336006703176 ], [ -80.853349881701391, 35.218342554570754 ], [ -80.853341881298732, 35.218348487483674 ], [ -80.853333210788406, 35.218353748304573 ], [ -80.853323953672273, 35.218358286368769 ], [ -80.853314199101618, 35.218362057972065 ], [ -80.853304041018447, 35.21836502679178 ], [ -80.853293577250966, 35.218367164236462 ], [ -80.853282908571273, 35.218368449721297 ], [ -80.853272137724915, 35.2183688708663 ], [ -80.853261368441352, 35.218368423615622 ], [ -80.853250704435027, 35.218367112276546 ], [ -80.853240248406465, 35.218364949478008 ], [ -80.853230101053271, 35.21836195604903 ], [ -80.853220360100238, 35.218358160818049 ], [ -80.853211119358306, 35.218353600335298 ], [ -80.853202467820992, 35.218348318520889 ], [ -80.853194488807475, 35.2183423662417 ], [ -80.853187259160023, 35.218335800821535 ], [ -80.853180848504067, 35.218328685489162 ], [ -80.853175318577613, 35.218321088769237 ], [ -80.853170722636733, 35.218313083822444 ], [ -80.8531671049426, 35.218304747740902 ], [ -80.853164500335367, 35.218296160805735 ], [ -80.85316293389846, 35.218287405713866 ], [ -80.853162420717254, 35.21827856678167 ] ] ] } },
{ "type": "Feature", "properties": { "centroid_id": 58, "poi_count": 4, "mean_dist_m": 55.112212721120464, "max_dist_m": 74.182388329539478, "poi_cluster_labels": "env", "dominant_poi_cluster": "env", "center_x_m": 513375.0, "center_y_m": 3896975.0, "center_lon": -80.853040656576496, "center_lat": 35.215711793837642 }, "geometry": { "type": "Polygon", "coordinates": [ [ [ -80.853308317670482, 35.215012358561353 ], [ -80.853318926621569, 35.215010829927763 ], [ -80.853329666976236, 35.215010161119146 ], [ -80.853340435517779, 35.215010358562857 ], [ -80.853351128758632, 35.215011420361463 ], [ -80.853361643934861, 35.215013336310875 ], [ -80.853371879993759, 35.215016087998485 ], [ -80.853381738564963, 35.215019648980075 ], [ -80.853391124905798, 35.215023985033994 ], [ -80.853399948811756, 35.215029054489975 ], [ -80.853408125483384, 35.215034808629625 ], [ -80.853415576341234, 35.215041192154644 ], [ -80.853422229781017, 35.215048143718128 ], [ -80.853428021861703, 35.215055596514254 ], [ -80.853432896920069, 35.215063478920271 ], [ -80.85343680810557, 35.215071715184692 ], [ -80.853439717830668, 35.215080226155429 ], [ -80.853441598131994, 35.215088930040373 ], [ -80.853442430939168, 35.215097743193418 ], [ -80.853442208248381, 35.215106580918366 ], [ -80.853440932199405, 35.215115358282851 ], [ -80.853438615055012, 35.215123990934536 ], [ -80.853435279083101, 35.215132395911809 ], [ -80.853430956342805, 35.215140492441002 ], [ -80.853425688376305, 35.215148202712712 ], [ -80.85341952580967, 35.21515545262951 ], [ -80.85303732598166, 35.215561152900612 ], [ -80.853030753689367, 35.215567500275618 ], [ -80.853023495734362, 35.215573322866177 ], [ -80.853015614049056, 35.215578570987795 ], [ -80.853007175888223, 35.215583199857932 ], [ -80.852998253255166, 35.21558716997815 ], [ -80.852988922287182, 35.215590447471179 ], [ -80.852979262606013, 35.215593004369921 ], [ -80.852969356638326, 35.215594818856239 ], [ -80.852549156194186, 35.215655218920062 ], [ -80.852538422253147, 35.215656318175945 ], [ -80.852527608619724, 35.215656545921476 ], [ -80.852516820102693, 35.215655899949269 ], [ -80.852506161267399, 35.215654386520271 ], [ -80.852495735422266, 35.215652020303061 ], [ -80.852485643617484, 35.215648824231671 ], [ -80.85247598366557, 35.215644829283328 ], [ -80.852466849193448, 35.215640074178189 ], [ -80.852458328734812, 35.215634605004034 ], [ -80.852450504872166, 35.215628474769602 ], [ -80.852443453436365, 35.215621742890811 ], [ -80.852437242771614, 35.215614474614824 ], [ -80.85243193307312, 35.215606740387749 ], [ -80.852427575803631, 35.215598615171729 ], [ -80.852424213194638, 35.215590177718532 ], [ -80.852324813554148, 35.215291777633567 ], [ -80.852322433667538, 35.215282893029347 ], [ -80.852321156672389, 35.215273856852797 ], [ -80.852320995564881, 35.215264761069015 ], [ -80.852321951984294, 35.215255698249727 ], [ -80.852324016196349, 35.215246760631103 ], [ -80.852327167192342, 35.215238039175105 ], [ -80.85233137290291, 35.215229622643662 ], [ -80.852336590524473, 35.215221596695315 ], [ -80.852342766954848, 35.215214043013489 ], [ -80.852349839333655, 35.215207038475128 ], [ -80.852357735682219, 35.21520065436826 ], [ -80.852366375635995, 35.215194955666568 ], [ -80.852375671262536, 35.215190000368061 ], [ -80.852385527956386, 35.215185838904752 ], [ -80.852395845401972, 35.215182513629578 ], [ -80.852406518594435, 35.21518005838518 ], [ -80.853308317670482, 35.215012358561353 ] ] ] } },
{ "type": "Feature", "properties": { "centroid_id": 59, "poi_count": 1, "mean_dist_m": 57.151021146722591, "max_dist_m": 57.151021146722591, "poi_cluster_labels": "env", "dominant_poi_cluster": "env", "center_x_m": 513375.0, "center_y_m": 3897150.0, "center_lon": -80.853037812444853, "center_lat": 35.217289784457684 }, "geometry": { "type": "Polygon", "coordinates": [ [ [ -80.852556321493125, 35.217705066233478 ], [ -80.852556866571092, 35.217696228586753 ], [ -80.852558464589379, 35.217687477340107 ], [ -80.852561100157899, 35.217678896772753 ], [ -80.852564747894377, 35.217670569520209 ], [ -80.852569372668839, 35.217662575778355 ], [ -80.852574929941966, 35.217654992531223 ], [ -80.85258136619403, 35.217647892809474 ], [ -80.852588619440297, 35.217641344987172 ], [ -80.85259661982802, 35.217635412123315 ], [ -80.852605290309114, 35.217630151354477 ], [ -80.852614547382231, 35.217625613344595 ], [ -80.852624301896824, 35.217621841797047 ], [ -80.85263445991184, 35.217618873033842 ], [ -80.85264492360028, 35.217616735645663 ], [ -80.852655592191425, 35.217615450216684 ], [ -80.852666362941235, 35.217615029126243 ], [ -80.85267713212184, 35.21761547642965 ], [ -80.85268779602049, 35.217616787819146 ], [ -80.852698251938335, 35.21761895066539 ], [ -80.852708399179477, 35.21762194413904 ], [ -80.852718140020698, 35.217625739411417 ], [ -80.852727380652581, 35.217630299932047 ], [ -80.852736032082959, 35.217635581780769 ], [ -80.852744010993931, 35.217641534090632 ], [ -80.852751240544222, 35.217648099537776 ], [ -80.852757651109314, 35.217655214893476 ], [ -80.852763180951854, 35.217662811633112 ], [ -80.852767776816236, 35.217670816596055 ], [ -80.852771394441604, 35.217679152690231 ], [ -80.852773998987942, 35.217687739634584 ], [ -80.852775565371758, 35.217696494732216 ], [ -80.852776078507603, 35.2177053336668 ], [ -80.85277553345334, 35.217714171314562 ], [ -80.852773935457776, 35.217722922564086 ], [ -80.852771299910216, 35.217731503136065 ], [ -80.852767652192057, 35.217739830394791 ], [ -80.852763027432601, 35.217747824144141 ], [ -80.852757470170573, 35.217755407399842 ], [ -80.852751033925287, 35.217762507130843 ], [ -80.852743780681223, 35.21776905496273 ], [ -80.852735780291027, 35.217774987836172 ], [ -80.852727109802871, 35.217780248614226 ], [ -80.852717852718413, 35.217784786632571 ], [ -80.852708098188586, 35.2177885581875 ], [ -80.852697940155082, 35.217791526956766 ], [ -80.852687476445553, 35.217793664349415 ], [ -80.852676807831571, 35.217794949781094 ], [ -80.852666037058029, 35.217795370872409 ], [ -80.852655267853734, 35.217794923567972 ], [ -80.852644603932333, 35.217793612175598 ], [ -80.852634147993541, 35.217791449324721 ], [ -80.852624000734082, 35.217788455844897 ], [ -80.852614259877853, 35.217784660565016 ], [ -80.852605019234872, 35.217780100035831 ], [ -80.852596367797716, 35.217774818177844 ], [ -80.85258838888457, 35.217768865858382 ], [ -80.852581159336737, 35.21776230040166 ], [ -80.852574748778679, 35.217755185036751 ], [ -80.852569218947522, 35.21774758828866 ], [ -80.852564623098345, 35.217739583318313 ], [ -80.852561005491495, 35.217731247218097 ], [ -80.852558400966231, 35.21772266026926 ], [ -80.852556834605252, 35.217713905168914 ], [ -80.852556321493125, 35.217705066233478 ] ] ] } },
{ "type": "Feature", "properties": { "centroid_id": 61, "poi_count": 5, "mean_dist_m": 79.221809920679661, "max_dist_m": 115.67507106384825, "poi_cluster_labels": "env", "dominant_poi_cluster": "env", "center_x_m": 513425.0, "center_y_m": 3897400.0, "center_lon": -80.852484344088765, "center_lat": 35.219543387864661 }, "geometry": { "type": "Polygon", "coordinates": [ [ [ -80.851685518957595, 35.21943788112462 ], [ -80.851689363396673, 35.219429726341353 ], [ -80.851694152234842, 35.219421915458589 ], [ -80.85169984044272, 35.219414521921564 ], [ -80.851706374534203, 35.219407615251228 ], [ -80.851713693069513, 35.219401260390519 ], [ -80.851721727232757, 35.219395517093744 ], [ -80.851730401479188, 35.219390439364695 ], [ -80.851739634245376, 35.219386074948879 ], [ -80.851749338716274, 35.219382464884596 ], [ -80.851759423641454, 35.219379643116952 ], [ -80.851769794193103, 35.219377636178834 ], [ -80.851780352857745, 35.21937646294132 ], [ -80.851791000353103, 35.219376134436253 ], [ -80.851801636561646, 35.219376653752569 ], [ -80.851812161471969, 35.219378016007155 ], [ -80.851822476119168, 35.219380208390845 ], [ -80.851832483515423, 35.219383210288839 ], [ -80.851842089561941, 35.219386993474536 ], [ -80.851851203933762, 35.219391522374913 ], [ -80.851859740929029, 35.219396754405068 ], [ -80.852947240637761, 35.220133253784546 ], [ -80.852955351357878, 35.220139330589127 ], [ -80.852962682342266, 35.220146041456516 ], [ -80.852969160353936, 35.220153319344924 ], [ -80.852974720677082, 35.220161091547936 ], [ -80.852979307763576, 35.220169280420969 ], [ -80.852982875787916, 35.220177804156762 ], [ -80.852985389105029, 35.22018657760286 ], [ -80.852986822606454, 35.220195513112067 ], [ -80.852987161971043, 35.220204521418168 ], [ -80.852986403808174, 35.220213512527693 ], [ -80.852984555691592, 35.220222396618915 ], [ -80.852981636083726, 35.220231084939194 ], [ -80.852977674151305, 35.220239490691654 ], [ -80.852972709474031, 35.220247529902217 ], [ -80.852709409770668, 35.22062573010767 ], [ -80.852703536087986, 35.220633271510856 ], [ -80.85269678028655, 35.220640297930728 ], [ -80.852689208925, 35.220646740142243 ], [ -80.852680896597036, 35.220652534676077 ], [ -80.852671925196447, 35.220657624443831 ], [ -80.852662383110371, 35.22066195930055 ], [ -80.852652364348415, 35.22066549653875 ], [ -80.852641967616506, 35.220668201309159 ], [ -80.852631295344423, 35.220670046964081 ], [ -80.852620452676604, 35.220671015319901 ], [ -80.852609546436256, 35.220671096836263 ], [ -80.852598684072959, 35.220670290710068 ], [ -80.852587972603956, 35.220668604883343 ], [ -80.852577517559865, 35.220666055965076 ], [ -80.852567421944954, 35.220662669067494 ], [ -80.852557785222359, 35.220658477558679 ], [ -80.852548702334019, 35.22065352273389 ], [ -80.852540262765487, 35.220647853408558 ], [ -80.852532549664161, 35.220641525437529 ], [ -80.851599449820839, 35.219795924818605 ], [ -80.851592752325502, 35.219789236144919 ], [ -80.851586867331292, 35.219782051237537 ], [ -80.851581849082919, 35.219774436323348 ], [ -80.851577743835804, 35.219766461592776 ], [ -80.851574589429759, 35.219758200552839 ], [ -80.851572414940208, 35.21974972934963 ], [ -80.851571240410166, 35.21974112606631 ], [ -80.851571076665508, 35.219732470003507 ], [ -80.851571925215268, 35.21972384094834 ], [ -80.851573778237622, 35.219715318438936 ], [ -80.851576618652032, 35.219706981031322 ], [ -80.851685518957595, 35.21943788112462 ] ] ] } },
{ "type": "Feature", "properties": { "centroid_id": 62, "poi_count": 2, "mean_dist_m": 77.042215056448214, "max_dist_m": 112.00108515031535, "poi_cluster_labels": "env", "dominant_poi_cluster": "env", "center_x_m": 513450.0, "center_y_m": 3897050.0, "center_lon": -80.852215362204433, "center_lat": 35.216387072475882 }, "geometry": { "type": "Polygon", "coordinates": [ [ [ -80.851752265920226, 35.21547969287279 ], [ -80.851746191421242, 35.215472381739147 ], [ -80.851741019388641, 35.21546461718269 ], [ -80.851736799631752, 35.215456473980481 ], [ -80.851733572788902, 35.215448030556097 ], [ -80.851731369936076, 35.215439368224402 ], [ -80.851730212287634, 35.215430570408465 ], [ -80.851730110991994, 35.215421721836044 ], [ -80.851731067024403, 35.215412907723781 ], [ -80.851733071177364, 35.215404212956344 ], [ -80.851736104149495, 35.215395721269054 ], [ -80.851740136731308, 35.215387514441424 ], [ -80.851745130086613, 35.215379671509581 ], [ -80.851751036126444, 35.215372268005162 ], [ -80.851757797972297, 35.21536537522779 ], [ -80.851765350503825, 35.215359059558573 ], [ -80.851773620986009, 35.215353381820734 ], [ -80.85178252976965, 35.215348396693813 ], [ -80.851791991058406, 35.215344152187207 ], [ -80.851801913735102, 35.215340689177715 ], [ -80.851812202239145, 35.215338041015912 ], [ -80.851822757486929, 35.215336233204951 ], [ -80.851833477825949, 35.215335283155028 ], [ -80.85184426001382, 35.215335200015545 ], [ -80.85185500021251, 35.215335984587234 ], [ -80.851865594988396, 35.215337629314249 ], [ -80.851875942308283, 35.21534011835702 ], [ -80.851885942522131, 35.215343427744777 ], [ -80.851895499322652, 35.215347525606404 ], [ -80.851904520672846, 35.215352372477398 ], [ -80.851912919692296, 35.215357921679818 ], [ -80.851920615493924, 35.215364119771969 ], [ -80.851927533962964, 35.215370907062997 ], [ -80.852759834382766, 35.21627400646971 ], [ -80.852765909032271, 35.216281317551882 ], [ -80.852771081214158, 35.216289082063874 ], [ -80.852775301117248, 35.21629722522929 ], [ -80.852778528101354, 35.216305668625061 ], [ -80.852780731088572, 35.216314330936783 ], [ -80.852781888862609, 35.216323128741713 ], [ -80.85278199027313, 35.216331977312208 ], [ -80.852781034343167, 35.216340791431683 ], [ -80.852779030278498, 35.216349486215336 ], [ -80.852775997379055, 35.216357977927593 ], [ -80.852771964853019, 35.216366184788555 ], [ -80.852766971535573, 35.216374027761546 ], [ -80.852761065514912, 35.21638143131436 ], [ -80.852754303669073, 35.216388324146592 ], [ -80.852746751118303, 35.216394639876391 ], [ -80.852738480597765, 35.21640031767965 ], [ -80.852729571757138, 35.216405302875899 ], [ -80.852720110393591, 35.216409547454845 ], [ -80.852710187625391, 35.216413010538751 ], [ -80.852699899014468, 35.216415658776128 ], [ -80.85268934364602, 35.216417466662946 ], [ -80.85267862317437, 35.216418416788166 ], [ -80.852667840843836, 35.216418500001588 ], [ -80.852657100494497, 35.21641771550177 ], [ -80.852646505562149, 35.216416070843927 ], [ -80.852636158082078, 35.216413581867059 ], [ -80.852626157706467, 35.216410272541466 ], [ -80.852616600744639, 35.21640617473782 ], [ -80.852607579235567, 35.216401327920366 ], [ -80.852599180061446, 35.21639577876671 ], [ -80.852591484110988, 35.216389580718371 ], [ -80.852584565500422, 35.216382793466096 ], [ -80.851752265920226, 35.21547969287279 ] ] ] } },
{ "type": "Feature", "properties": { "centroid_id": 63, "poi_count": 3, "mean_dist_m": 91.376173354314176, "max_dist_m": 99.535470346859299, "poi_cluster_labels": "env", "dominant_poi_cluster": "env", "center_x_m": 513450.0, "center_y_m": 3897325.0, "center_lon": -80.85221086754369, "center_lat": 35.218866771467241 }, "geometry": { "type": "Polygon", "coordinates": [ [ [ -80.851294000003975, 35.218545429044717 ], [ -80.851304689825312, 35.218545856778249 ], [ -80.851315278230786, 35.218547135920304 ], [ -80.851325664766662, 35.21854925433545 ], [ -80.851335750894393, 35.218552191926001 ], [ -80.8513454409254, 35.218555920822602 ], [ -80.851354642928897, 35.218560405648688 ], [ -80.85136326960405, 35.218565603856042 ], [ -80.851371239108204, 35.218571466128523 ], [ -80.851378475833343, 35.218577936849869 ], [ -80.851384911123375, 35.218584954631346 ], [ -80.851390483925471, 35.218592452894207 ], [ -80.85139514136938, 35.218600360501242 ], [ -80.85139883926891, 35.218608602431729 ], [ -80.851401542541169, 35.218617100493141 ], [ -80.851403225539485, 35.218625774062978 ], [ -80.851403872296615, 35.218634540853607 ], [ -80.851403476676367, 35.218643317692994 ], [ -80.851337977509928, 35.219269017753497 ], [ -80.851336528609565, 35.219277786095731 ], [ -80.85133403942018, 35.219286395681415 ], [ -80.851330533911707, 35.219294763602342 ], [ -80.851326045841063, 35.21930280927743 ], [ -80.85132061842701, 35.219310455228765 ], [ -80.851314303934018, 35.219317627827621 ], [ -80.851307163168983, 35.219324258003518 ], [ -80.851299264895587, 35.219330281909428 ], [ -80.851290685172302, 35.219335641536489 ], [ -80.85128150661977, 35.219340285272693 ], [ -80.851271817625303, 35.219344168399921 ], [ -80.851261711491716, 35.219347253524518 ], [ -80.851251285538808, 35.219349510937413 ], [ -80.851240640166154, 35.219350918900226 ], [ -80.851229877886382, 35.219351463854579 ], [ -80.851219102337851, 35.219351140552682 ], [ -80.851208417286784, 35.219349952107862 ], [ -80.851197925627801, 35.21934790996459 ], [ -80.851187728393327, 35.219345033788244 ], [ -80.851177923780384, 35.21934135127578 ], [ -80.851168606205178, 35.219336897888965 ], [ -80.851159865393797, 35.219331716512926 ], [ -80.851151785518155, 35.219325857043131 ], [ -80.851144444385483, 35.219319375904959 ], [ -80.851137912689012, 35.219312335510267 ], [ -80.851132253327236, 35.219304803656442 ], [ -80.851127520798258, 35.219296852873448 ], [ -80.851123760674909, 35.219288559725463 ], [ -80.851121009165993, 35.219280004073504 ], [ -80.851119292767535, 35.219271268306407 ], [ -80.851118628007711, 35.219262436547474 ], [ -80.85111902128763, 35.219253593844321 ], [ -80.851184422121221, 35.218627893904731 ], [ -80.851185886632095, 35.218619050525831 ], [ -80.851188409246689, 35.218610369266834 ], [ -80.851191965253008, 35.218601935169708 ], [ -80.851196519815957, 35.218593830855227 ], [ -80.85120202831861, 35.218586135713522 ], [ -80.851208436799183, 35.218578925126479 ], [ -80.851215682479832, 35.218572269729243 ], [ -80.851223694381403, 35.218566234718232 ], [ -80.851232394019007, 35.218560879212632 ], [ -80.851241696170604, 35.218556255675061 ], [ -80.851251509712043, 35.218552409397823 ], [ -80.851261738509592, 35.218549378059116 ], [ -80.85127228236172, 35.218547191354013 ], [ -80.851283037980636, 35.218545870703501 ], [ -80.85129390000408, 35.218545429044724 ], [ -80.851294000003975, 35.218545429044717 ] ] ] } },
{ "type": "Feature", "properties": { "centroid_id": 64, "poi_count": 4, "mean_dist_m": 46.117273933435683, "max_dist_m": 62.53858707672174, "poi_cluster_labels": "env", "dominant_poi_cluster": "env", "center_x_m": 513450.0, "center_y_m": 3897650.0, "center_lon": -80.852205554964101, "center_lat": 35.221797323507943 }, "geometry": { "type": "Polygon", "coordinates": [ [ [ -80.851726901737337, 35.221294740988213 ], [ -80.851731035352671, 35.221286475357971 ], [ -80.851736145493604, 35.221278585992714 ], [ -80.851742181989422, 35.221271150348834 ], [ -80.85174908557471, 35.221264241428024 ], [ -80.851756788471192, 35.221257927060797 ], [ -80.851765215053135, 35.221252269240352 ], [ -80.851774282589858, 35.221247323514085 ], [ -80.85178390205796, 35.221243138438183 ], [ -80.851793979015369, 35.221239755100868 ], [ -80.851804414528445, 35.221237206719053 ], [ -80.851815106143434, 35.22123551831227 ], [ -80.851825948892198, 35.22123470645694 ], [ -80.851836836322818, 35.221234779123698 ], [ -80.851847661544724, 35.22123573559913 ], [ -80.851858318278047, 35.221237566492739 ], [ -80.851868701897132, 35.221240253829187 ], [ -80.851878710457683, 35.221243771224735 ], [ -80.851888245697566, 35.221248084146325 ], [ -80.851897214001625, 35.221253150250533 ], [ -80.85190552732071, 35.221258919799325 ], [ -80.851913104036129, 35.221265336148406 ], [ -80.85243040415169, 35.221749235800488 ], [ -80.852437064329834, 35.221756114970106 ], [ -80.852442877042719, 35.221763493376884 ], [ -80.852447787104879, 35.221771300971049 ], [ -80.852451747900474, 35.221779463628202 ], [ -80.852454721825865, 35.221787903852942 ], [ -80.852456680646569, 35.221796541514678 ], [ -80.852457605765437, 35.221805294608309 ], [ -80.852457488399153, 35.221814080032864 ], [ -80.852456329661649, 35.22182281438036 ], [ -80.852454140553519, 35.221831414727724 ], [ -80.852450941857654, 35.221839799424046 ], [ -80.852446763941913, 35.221847888865724 ], [ -80.852441646470723, 35.221855606252326 ], [ -80.852435638028723, 35.221862878315591 ], [ -80.85242879565935, 35.221869636015128 ], [ -80.852421184323319, 35.221875815193876 ], [ -80.852412876281946, 35.221881357187165 ], [ -80.852403950411016, 35.221886209379718 ], [ -80.852394491452017, 35.221890325705168 ], [ -80.852384589207588, 35.221893667083421 ], [ -80.852374337688914, 35.221896201791623 ], [ -80.852363834223169, 35.221897905765452 ], [ -80.852353178529597, 35.2218987628275 ], [ -80.851614577715324, 35.221928462857868 ], [ -80.851603815455647, 35.221928462583101 ], [ -80.851593104847822, 35.221927598374691 ], [ -80.851582548634582, 35.221925878522647 ], [ -80.851572248077574, 35.221923319524876 ], [ -80.851562301985993, 35.221919945928832 ], [ -80.851552805768804, 35.221915790096098 ], [ -80.851543850519434, 35.221910891891973 ], [ -80.851535522141958, 35.221905298303 ], [ -80.851527900527117, 35.221899062986267 ], [ -80.851521058785835, 35.221892245754709 ], [ -80.851515062548032, 35.221884912003325 ], [ -80.85150996933298, 35.221877132081815 ], [ -80.851505827997556, 35.221868980619874 ], [ -80.851502678267636, 35.221860535811111 ], [ -80.85150055035696, 35.221851878663166 ], [ -80.851499464677389, 35.221843092220475 ], [ -80.851499431643049, 35.221834260767743 ], [ -80.851500451570487, 35.221825469021375 ], [ -80.851502514675616, 35.221816801316926 ], [ -80.851505601167645, 35.221808340799988 ], [ -80.851726901737337, 35.221294740988213 ] ] ] } },
{ "type": "Feature", "properties": { "centroid_id": 65, "poi_count": 6, "mean_dist_m": 49.865723090369819, "max_dist_m": 62.612495096878888, "poi_cluster_labels": "env", "dominant_poi_cluster": "env", "center_x_m": 513550.0, "center_y_m": 3897550.0, "center_lon": -80.85110836167361, "center_lat": 35.220894268914989 }, "geometry": { "type": "Polygon", "coordinates": [ [ [ -80.851542737830542, 35.220634984995598 ], [ -80.851550174804402, 35.22062864953319 ], [ -80.851558328667693, 35.220622938884546 ], [ -80.851567121817894, 35.220617907399387 ], [ -80.85157647056819, 35.220613602963645 ], [ -80.851586285944066, 35.220610066543756 ], [ -80.851596474530055, 35.220607331796714 ], [ -80.85160693935876, 35.220605424749799 ], [ -80.851617580833775, 35.220604363552859 ], [ -80.851628297677479, 35.220604158305576 ], [ -80.851638987895001, 35.220604810961348 ], [ -80.851649549744835, 35.220606315308679 ], [ -80.851659882707182, 35.220608657030297 ], [ -80.851669888440625, 35.220611813839483 ], [ -80.851679471718015, 35.220615755692066 ], [ -80.851688541332805, 35.22062044507242 ], [ -80.851697010967015, 35.220625837350539 ], [ -80.851704800012854, 35.220631881206707 ], [ -80.851711834339795, 35.220638519119944 ], [ -80.851718047000077, 35.220645687915543 ], [ -80.851723378865969, 35.220653319366122 ], [ -80.85172777919243, 35.220661340841154 ], [ -80.851731206100084, 35.220669675998103 ], [ -80.851733626973797, 35.220678245508992 ], [ -80.851735018773141, 35.220686967815425 ], [ -80.851735368251624, 35.220695759904785 ], [ -80.85173467208287, 35.220704538100279 ], [ -80.851680972592149, 35.2210901381493 ], [ -80.851679234247086, 35.221098830909682 ], [ -80.851676470566332, 35.22110734299693 ], [ -80.851672707925744, 35.22111559317301 ], [ -80.851667982235071, 35.221123502699513 ], [ -80.851434782517671, 35.221469902882994 ], [ -80.851429093535216, 35.22147745026767 ], [ -80.851422528007575, 35.221484502197768 ], [ -80.851415149530069, 35.221490990366384 ], [ -80.851407029572471, 35.221496851927277 ], [ -80.851398246786815, 35.22150203010375 ], [ -80.851388886245516, 35.22150647473854 ], [ -80.851379038617353, 35.221510142779636 ], [ -80.851368799289205, 35.221512998697357 ], [ -80.851358267442109, 35.221515014828476 ], [ -80.851347545090505, 35.221516171644168 ], [ -80.851336736094183, 35.221516457939167 ], [ -80.851325945152198, 35.221515870940351 ], [ -80.851315276788711, 35.221514416333591 ], [ -80.851304834340553, 35.221512108208564 ], [ -80.85129471895624, 35.221508968922471 ], [ -80.851285028616246, 35.221505028883328 ], [ -80.851275857183865, 35.221500326255452 ], [ -80.851267293496093, 35.221494906589868 ], [ -80.851259420503112, 35.221488822382945 ], [ -80.85125231446473, 35.221482132568028 ], [ -80.851246044211834, 35.221474901944497 ], [ -80.851240670479569, 35.221467200550144 ], [ -80.8512362453191, 35.221459102982799 ], [ -80.851232811593448, 35.221450687677653 ], [ -80.851230402562265, 35.221442036147579 ], [ -80.851229041559719, 35.221433232193576 ], [ -80.851228741768537, 35.22142436109305 ], [ -80.851229506092182, 35.221415508773738 ], [ -80.851231327126911, 35.221406760981438 ], [ -80.851399027901451, 35.220786761129943 ], [ -80.85140193732353, 35.220778079385745 ], [ -80.851405887353565, 35.220769679031989 ], [ -80.851410838605204, 35.220761643829242 ], [ -80.851416741708917, 35.22075405389706 ], [ -80.85142353780418, 35.220746984915152 ], [ -80.851542737830542, 35.220634984995598 ] ] ] } },
{ "type": "Feature", "properties": { "centroid_id": 67, "poi_count": 8, "mean_dist_m": 80.113068811730315, "max_dist_m": 138.99904591813004, "poi_cluster_labels": "env", "dominant_poi_cluster": "env", "center_x_m": 513625.0, "center_y_m": 3897200.0, "center_lon": -80.850290036101555, "center_lat": 35.217737273175459 }, "geometry": { "type": "Polygon", "coordinates": [ [ [ -80.849486482731336, 35.217297089133361 ], [ -80.849494516899838, 35.217290962800902 ], [ -80.84950325523991, 35.217285524244268 ], [ -80.849512610696777, 35.217280827644423 ], [ -80.849522490067827, 35.217276919790606 ], [ -80.849532794931022, 35.217273839614329 ], [ -80.849543422625473, 35.217271617801437 ], [ -80.849554267274144, 35.217270276486452 ], [ -80.849565220838656, 35.21726982903207 ], [ -80.849576174195576, 35.21727027989597 ], [ -80.849587018223531, 35.217271624586488 ], [ -80.849597644890309, 35.217273849707333 ], [ -80.849607948329123, 35.217276933091014 ], [ -80.84961782589329, 35.21728084401974 ], [ -80.849627179178754, 35.217285543531375 ], [ -80.850169278916795, 35.217589443256948 ], [ -80.850177276069829, 35.217594379248141 ], [ -80.850184692863962, 35.217599891823141 ], [ -80.850191467786559, 35.217605935262405 ], [ -80.850197544648438, 35.2176124594436 ], [ -80.850202873049881, 35.217619410257242 ], [ -80.850207408798596, 35.217626730055478 ], [ -80.850494709309189, 35.218147829822385 ], [ -80.850498644964276, 35.218156008229009 ], [ -80.850501591233964, 35.218164462325063 ], [ -80.850503520101242, 35.218173111718777 ], [ -80.850631721140132, 35.218964111607583 ], [ -80.850632620310193, 35.218973020002736 ], [ -80.850632440240958, 35.218981957683752 ], [ -80.850631182701676, 35.21899083681717 ], [ -80.850628860050207, 35.218999570144859 ], [ -80.8506254951117, 35.219008071841543 ], [ -80.850621120954202, 35.219016258358238 ], [ -80.850615780563729, 35.219024049243323 ], [ -80.850609526421792, 35.219031367933148 ], [ -80.850602419989769, 35.219038142504452 ], [ -80.85059453110479, 35.219044306381214 ], [ -80.850585937293459, 35.219049798988884 ], [ -80.850576723010022, 35.219054566349726 ], [ -80.850566978806341, 35.219058561613224 ], [ -80.850556800442035, 35.21906174551652 ], [ -80.850546287943445, 35.219064086770295 ], [ -80.850535544620556, 35.219065562366204 ], [ -80.850524676051791, 35.219066157803056 ], [ -80.850513789046403, 35.21906586722929 ], [ -80.850502990594833, 35.219064693500471 ], [ -80.850492386817294, 35.219062648151251 ], [ -80.850482081920816, 35.219059751281996 ], [ -80.850472177175178, 35.219056031361255 ], [ -80.850462769917769, 35.219051524946003 ], [ -80.850453952596851, 35.219046276322345 ], [ -80.850445811863196, 35.219040337070311 ], [ -80.850438427718444, 35.219033765556993 ], [ -80.849192128110502, 35.217807864701122 ], [ -80.849185397027711, 35.217800511532758 ], [ -80.849179613654059, 35.217792633953657 ], [ -80.849174838151455, 35.217784313911181 ], [ -80.849171120197283, 35.217775637955519 ], [ -80.849168498467606, 35.217766696339197 ], [ -80.849167000234857, 35.217757582078328 ], [ -80.849166641084196, 35.217748389984919 ], [ -80.849167424751343, 35.217739215680616 ], [ -80.849169343083744, 35.217730154601966 ], [ -80.849222243322018, 35.217538754648736 ], [ -80.849224913045077, 35.217530801278528 ], [ -80.84922845733945, 35.21752308142527 ], [ -80.849232846538655, 35.217515659705299 ], [ -80.849238043904236, 35.217508598239469 ], [ -80.849244005933272, 35.217501956133283 ], [ -80.849250682722584, 35.217495788982077 ], [ -80.849486482731336, 35.217297089133361 ] ] ] } },
{ "type": "Feature", "properties": { "centroid_id": 68, "poi_count": 3, "mean_dist_m": 78.654326911000666, "max_dist_m": 110.88741596387614, "poi_cluster_labels": "env", "dominant_poi_cluster": "env", "center_x_m": 513625.0, "center_y_m": 3897475.0, "center_lon": -80.850285482657469, "center_lat": 35.220216971395701 }, "geometry": { "type": "Polygon", "coordinates": [ [ [ -80.850787934513406, 35.219245532816544 ], [ -80.850797809068553, 35.219241877378728 ], [ -80.850808074251574, 35.219239037612105 ], [ -80.850818630292025, 35.219237041117232 ], [ -80.850829374592507, 35.219235907298646 ], [ -80.850840202725934, 35.219235647176255 ], [ -80.850851009450409, 35.219236263278297 ], [ -80.850861689732128, 35.219237749616681 ], [ -80.850872139766167, 35.219240091745235 ], [ -80.850882257985475, 35.219243266900094 ], [ -80.850891946047966, 35.219247244220966 ], [ -80.850901109792318, 35.219251985051059 ], [ -80.850909660153206, 35.219257443312799 ], [ -80.850917514026889, 35.219263565955643 ], [ -80.850924595078979, 35.219270293471723 ], [ -80.85093083448632, 35.219277560474204 ], [ -80.850936171605881, 35.219285296332814 ], [ -80.850940554564261, 35.219293425860251 ], [ -80.850943940761795, 35.219301870043054 ], [ -80.850946297286598, 35.219310546809474 ], [ -80.850947601234509, 35.219319371827147 ], [ -80.850947839931706, 35.219328259322864 ], [ -80.850947011057841, 35.219337122916066 ], [ -80.850945122668676, 35.21934587645849 ], [ -80.850769123455137, 35.219978276614079 ], [ -80.850766098197113, 35.219987068377691 ], [ -80.85076200442515, 35.219995563823055 ], [ -80.850756884159381, 35.220003675748821 ], [ -80.850750789956393, 35.220011320890222 ], [ -80.850743784369797, 35.220018420773819 ], [ -80.850735939308137, 35.220024902522944 ], [ -80.850727335296838, 35.22003069960568 ], [ -80.850718060651573, 35.22003575251793 ], [ -80.85070821057181, 35.220040009394054 ], [ -80.850697886163601, 35.220043426539391 ], [ -80.850687193401811, 35.220045968878622 ], [ -80.850676242042283, 35.220047610315902 ], [ -80.850665144495267, 35.220048334002712 ], [ -80.850654014671562, 35.220048132510755 ], [ -80.849490113395049, 35.219978532431824 ], [ -80.849479230044992, 35.219977431358032 ], [ -80.849468534625842, 35.219975445591011 ], [ -80.849458133656128, 35.219972594907517 ], [ -80.849448130721825, 35.219968907698295 ], [ -80.849438625444733, 35.219964420685223 ], [ -80.849429712490306, 35.219959178555634 ], [ -80.849421480624869, 35.21995323351728 ], [ -80.849414011831556, 35.219946644778318 ], [ -80.849407380493773, 35.219939477957688 ], [ -80.849401652654464, 35.219931804431596 ], [ -80.849396885358402, 35.219923700622587 ], [ -80.849393126083925, 35.219915247238539 ], [ -80.84939041227031, 35.219906528468741 ], [ -80.849388770944685, 35.219897631145557 ], [ -80.849388218453086, 35.219888643879536 ], [ -80.849388760297543, 35.219879656176992 ], [ -80.849390391081343, 35.219870757548549 ], [ -80.849393094562771, 35.219862036617677 ], [ -80.849396843816919, 35.219853580238095 ], [ -80.8494016015038, 35.219845472628791 ], [ -80.849407320240289, 35.219837794535202 ], [ -80.849413943071966, 35.219830622425164 ], [ -80.849421404040413, 35.219824027727228 ], [ -80.84942962884007, 35.21981807611941 ], [ -80.849438535558292, 35.219812826875014 ], [ -80.849448035491093, 35.219808332272351 ], [ -80.850787934513406, 35.219245532816544 ] ] ] } },
{ "type": "Feature", "properties": { "centroid_id": 69, "poi_count": 2, "mean_dist_m": 67.274992266232445, "max_dist_m": 67.274992266232445, "poi_cluster_labels": "env", "dominant_poi_cluster": "env", "center_x_m": 513625.0, "center_y_m": 3897650.0, "center_lon": -80.850282584721654, "center_lat": 35.221794960642065 }, "geometry": { "type": "Polygon", "coordinates": [ [ [ -80.850887516197815, 35.221640164705846 ], [ -80.850888061484525, 35.221631327072906 ], [ -80.850889659760554, 35.221622575854617 ], [ -80.850892295633301, 35.221613995329925 ], [ -80.850895943717589, 35.221605668133932 ], [ -80.850900568880093, 35.221597674462011 ], [ -80.85090612657774, 35.22159009129745 ], [ -80.850912563286727, 35.221582991670182 ], [ -80.850919817017925, 35.221576443953332 ], [ -80.850927817913913, 35.221570511204874 ], [ -80.85093648892169, 35.221565250560268 ], [ -80.850945746534833, 35.221560712682269 ], [ -80.850955501597653, 35.221556941273015 ], [ -80.850965660163752, 35.221553972653126 ], [ -80.850976124400859, 35.22155183541193 ], [ -80.850986793532968, 35.221550550132172 ], [ -80.850997564810797, 35.221550129191783 ], [ -80.851008334501444, 35.22155057664461 ], [ -80.851018998887199, 35.221551888181466 ], [ -80.851029455264552, 35.221554051171559 ], [ -80.851039602933156, 35.221557044784198 ], [ -80.851049344165688, 35.221560840189326 ], [ -80.851058585148991, 35.221565400835246 ], [ -80.851067236887459, 35.221570682800561 ], [ -80.851075216060252, 35.221576635217183 ], [ -80.851082445823607, 35.221583200760222 ], [ -80.851088856550888, 35.221590316200057 ], [ -80.851094386503206, 35.221597913011266 ], [ -80.851098982423935, 35.221605918032473 ], [ -80.851102600051618, 35.221614254171101 ], [ -80.851105204546258, 35.221622841145638 ], [ -80.851106770824842, 35.221631596258916 ], [ -80.851107283802932, 35.221640435194409 ], [ -80.851106738539912, 35.221649272828394 ], [ -80.851105140286634, 35.221658024049582 ], [ -80.851102504434834, 35.221666604578878 ], [ -80.851098856368864, 35.221674931781067 ], [ -80.851094231221367, 35.221682925460499 ], [ -80.851088673534818, 35.2216905086336 ], [ -80.85108223683261, 35.221697608270134 ], [ -80.851074983103601, 35.221704155996591 ], [ -80.851066982205154, 35.221710088754641 ], [ -80.851058311190329, 35.221715349408441 ], [ -80.851049053565802, 35.221719887294903 ], [ -80.851039298487777, 35.221723658711554 ], [ -80.851029139903162, 35.221726627337503 ], [ -80.85101867564498, 35.221728764583155 ], [ -80.851008006490034, 35.221730049865634 ], [ -80.850997235188458, 35.221730470806882 ], [ -80.850986465474122, 35.221730023353018 ], [ -80.850975801065601, 35.221728711813292 ], [ -80.850965344667316, 35.221726548818573 ], [ -80.850955196980379, 35.221723555199738 ], [ -80.850945455732827, 35.221719759787092 ], [ -80.850936214738439, 35.221715199132625 ], [ -80.850927562993192, 35.221709917158066 ], [ -80.850919583818197, 35.221703964731844 ], [ -80.850912354057343, 35.221697399179199 ], [ -80.850905943337096, 35.221690283730155 ], [ -80.850900413396133, 35.221682686910498 ], [ -80.850895817490638, 35.221674681881886 ], [ -80.850892199881471, 35.221666345737212 ], [ -80.850889595407921, 35.221657758758198 ], [ -80.850888029152159, 35.221649003642213 ], [ -80.850887516197815, 35.221640164705846 ] ] ] } },
{ "type": "Feature", "properties": { "centroid_id": 70, "poi_count": 2, "mean_dist_m": 52.356210387738656, "max_dist_m": 52.356210387738656, "poi_cluster_labels": "env", "dominant_poi_cluster": "env", "center_x_m": 513650.0, "center_y_m": 3897550.0, "center_lon": -80.85000953373472, "center_lat": 35.220892912517357 }, "geometry": { "type": "Polygon", "coordinates": [ [ [ -80.850420616937569, 35.221093064283885 ], [ -80.850421162271019, 35.221084226652373 ], [ -80.850422760586213, 35.221075475439541 ], [ -80.850425396490166, 35.221066894924327 ], [ -80.850429044597405, 35.221058567741714 ], [ -80.85043366977439, 35.221050574086924 ], [ -80.850439227477906, 35.22104299094314 ], [ -80.850445664184093, 35.221035891340037 ], [ -80.850452917903851, 35.221029343650535 ], [ -80.850460918779845, 35.221023410932347 ], [ -80.850469589759314, 35.221018150320653 ], [ -80.850478847336078, 35.221013612477861 ], [ -80.850488602354787, 35.221009841105761 ], [ -80.850498760869499, 35.221006872524647 ], [ -80.850509225048413, 35.221004735323483 ], [ -80.85051989411609, 35.221003450084602 ], [ -80.850530665323902, 35.221003029185532 ], [ -80.850541434939558, 35.221003476679748 ], [ -80.850552099246116, 35.221004788257652 ], [ -80.850562555540819, 35.221006951288075 ], [ -80.850572703124115, 35.221009944939908 ], [ -80.850582444269492, 35.22101374038273 ], [ -80.850591685164616, 35.221018301064476 ], [ -80.850600336814793, 35.221023583063413 ], [ -80.850608315899976, 35.221029535511128 ], [ -80.850615545577256, 35.221036101082447 ], [ -80.850621956220863, 35.221043216547443 ], [ -80.850627486092662, 35.221050813380451 ], [ -80.850632081936837, 35.221058818419941 ], [ -80.850635699492642, 35.221067154573085 ], [ -80.850638303920803, 35.221075741558288 ], [ -80.850639870138934, 35.22108449667823 ], [ -80.850640383063165, 35.221093335616388 ], [ -80.85063983775342, 35.221102173248944 ], [ -80.850638239460991, 35.221110924464647 ], [ -80.85063560357797, 35.221119504984493 ], [ -80.850631955489064, 35.221127832173295 ], [ -80.8506273303271, 35.221135825835582 ], [ -80.850621772634682, 35.221143408987913 ], [ -80.850615335935274, 35.221150508600275 ], [ -80.850608082217718, 35.221157056299376 ], [ -80.850600081339238, 35.221162989027157 ], [ -80.85059141035272, 35.221168249648073 ], [ -80.850582152764574, 35.22117278749932 ], [ -80.850572397730645, 35.22117655887881 ], [ -80.85056223919743, 35.221179527465964 ], [ -80.850551774997427, 35.221181664671604 ], [ -80.850541105906913, 35.221182949913199 ], [ -80.850530334675383, 35.221183370813129 ], [ -80.850519565036038, 35.221182923317876 ], [ -80.850508900706714, 35.221181611737087 ], [ -80.850498444391079, 35.221179448702046 ], [ -80.85048829678945, 35.221176455044038 ], [ -80.850478555629067, 35.221172659593684 ], [ -80.850469314722829, 35.221168098903391 ], [ -80.850460663065874, 35.221162816895195 ], [ -80.850452683978489, 35.221156864437873 ], [ -80.850445454303681, 35.221150298856983 ], [ -80.850439043667151, 35.221143183382779 ], [ -80.850433513806706, 35.221135586541308 ], [ -80.850428917977752, 35.221127581494436 ], [ -80.850425300440449, 35.221119245335231 ], [ -80.850422696033377, 35.221110658345552 ], [ -80.850421129838082, 35.221101903222895 ], [ -80.850420616937569, 35.221093064283885 ] ] ] } },
{ "type": "Feature", "properties": { "centroid_id": 72, "poi_count": 4, "mean_dist_m": 109.17587884243451, "max_dist_m": 141.7308393599468, "poi_cluster_labels": "env", "dominant_poi_cluster": "env", "center_x_m": 513650.0, "center_y_m": 3898000.0, "center_lon": -80.850002067522198, "center_lat": 35.224950597812501 }, "geometry": { "type": "Polygon", "coordinates": [ [ [ -80.850986117720254, 35.223925063268375 ], [ -80.850995366904087, 35.223920768187284 ], [ -80.851005078456708, 35.223917226356107 ], [ -80.851015161541838, 35.223914470903154 ], [ -80.851025521848015, 35.223912527601293 ], [ -80.851036062470925, 35.223911414627096 ], [ -80.851046684819636, 35.223911142390655 ], [ -80.851057289538844, 35.223911713438333 ], [ -80.851067777438118, 35.223913122428876 ], [ -80.851078050419687, 35.22391535618339 ], [ -80.851088012395962, 35.223918393808624 ], [ -80.851097570188344, 35.223922206892368 ], [ -80.851106634398619, 35.22392675976927 ], [ -80.851115120245296, 35.223932009854259 ], [ -80.851122948356476, 35.22393790804108 ], [ -80.851130045512321, 35.223944399161432 ], [ -80.851136345329863, 35.223951422501074 ], [ -80.851141788883965, 35.223958912367614 ], [ -80.851146325258412, 35.223966798705078 ], [ -80.851149912022251, 35.223975007749047 ], [ -80.85115251562658, 35.223983462716731 ], [ -80.851154111718458, 35.223992084525001 ], [ -80.851154685368542, 35.224000792530241 ], [ -80.851154231210913, 35.224009505282524 ], [ -80.85115275349321, 35.224018141287509 ], [ -80.851150266036868, 35.224026619768694 ], [ -80.851146792107883, 35.224034861422936 ], [ -80.850233894063706, 35.225902862186601 ], [ -80.850229369642975, 35.225910942044969 ], [ -80.850223897384993, 35.225918616958765 ], [ -80.850217530504125, 35.225925812293724 ], [ -80.850210330914507, 35.225932458079292 ], [ -80.850202368627933, 35.2259384896889 ], [ -80.85019372107304, 35.225943848468496 ], [ -80.850184472342391, 35.225948482306926 ], [ -80.850174712374695, 35.225952346142655 ], [ -80.8501645360802, 35.225955402402022 ], [ -80.850154042417742, 35.225957621364593 ], [ -80.850143333432399, 35.22595898145218 ], [ -80.850132513263191, 35.225959469438649 ], [ -80.85012168713034, 35.225959080578619 ], [ -80.85011096031208, 35.225957818653541 ], [ -80.850100437120801, 35.225955695934935 ], [ -80.85009021988877, 35.2259527330651 ], [ -80.850080407972897, 35.225948958856286 ], [ -80.850071096788625, 35.225944410010598 ], [ -80.850062376881993, 35.225939130763095 ], [ -80.850054333049115, 35.225933172451484 ], [ -80.850047043511665, 35.225926593017043 ], [ -80.850040579156129, 35.225919456441119 ], [ -80.850035002844507, 35.225911832122897 ], [ -80.850030368803047, 35.225903794204569 ], [ -80.850026722094896, 35.225895420850364 ], [ -80.850024098181876, 35.225886793486374 ], [ -80.850022522579764, 35.225877996008791 ], [ -80.85002201060999, 35.22586911396801 ], [ -80.850022567250861, 35.225860233736761 ], [ -80.850024187089005, 35.225851441670116 ], [ -80.850417889113004, 35.224252542020736 ], [ -80.850420632682329, 35.224243720411891 ], [ -80.850424446338081, 35.224235170788006 ], [ -80.850429291201763, 35.224226980307968 ], [ -80.850435117882256, 35.224219232469373 ], [ -80.850441866979395, 35.224212006257282 ], [ -80.850449469689522, 35.224205375339061 ], [ -80.850457848506935, 35.224199407313321 ], [ -80.850466918013979, 35.224194163020847 ], [ -80.850986117720254, 35.223925063268375 ] ] ] } },
{ "type": "Feature", "properties": { "centroid_id": 75, "poi_count": 9, "mean_dist_m": 101.96876228382428, "max_dist_m": 132.69533519040971, "poi_cluster_labels": "env", "dominant_poi_cluster": "env", "center_x_m": 513700.0, "center_y_m": 3897725.0, "center_lon": -80.849457205808235, "center_lat": 35.222470219588764 }, "geometry": { "type": "Polygon", "coordinates": [ [ [ -80.848766525270804, 35.222031781634712 ], [ -80.848774235051593, 35.222025916509722 ], [ -80.848782592583802, 35.222020682830745 ], [ -80.848791521366152, 35.222016128504578 ], [ -80.848800939668408, 35.222012295219528 ], [ -80.848810761279495, 35.222009218063803 ], [ -80.848820896296701, 35.222006925204312 ], [ -80.848831251948525, 35.222005437628894 ], [ -80.848841733443933, 35.222004768954157 ], [ -80.848852244839932, 35.222004925300844 ], [ -80.848862689919912, 35.22200590523785 ], [ -80.848872973074194, 35.222007699795235 ], [ -80.848883000175363, 35.222010292546436 ], [ -80.848892679439686, 35.222013659758545 ], [ -80.848901922267459, 35.222017770609597 ], [ -80.848910644053788, 35.222022587470668 ], [ -80.850692843357294, 35.223111986515569 ], [ -80.850701259409732, 35.223117685149319 ], [ -80.850708945246907, 35.223124040597341 ], [ -80.850715825087363, 35.223130990195799 ], [ -80.850721831096592, 35.223138465422643 ], [ -80.850726904055918, 35.223146392573106 ], [ -80.850730993946343, 35.223154693486563 ], [ -80.850734060441809, 35.223163286317089 ], [ -80.850736073306706, 35.223172086340441 ], [ -80.850737012694083, 35.223181006789481 ], [ -80.850736869341361, 35.223189959709686 ], [ -80.850735644661611, 35.223198856826272 ], [ -80.850733350729683, 35.223207610414718 ], [ -80.850730010163176, 35.223216134165583 ], [ -80.850725655899367, 35.223224344035621 ], [ -80.850720330870558, 35.223232159076382 ], [ -80.850714087580712, 35.223239502232325 ], [ -80.850706987587827, 35.223246301100694 ], [ -80.850699100896932, 35.223252488645308 ], [ -80.850690505269881, 35.223258003857531 ], [ -80.850379105126976, 35.223438104017816 ], [ -80.850369791466676, 35.223442935970354 ], [ -80.850359934903892, 35.223446978218725 ], [ -80.850349634549602, 35.22345019011675 ], [ -80.850338993977374, 35.223452539367692 ], [ -80.850328120181771, 35.223454002349044 ], [ -80.850317122502517, 35.223454564350028 ], [ -80.850306111525043, 35.223454219719528 ], [ -80.850295197968521, 35.223452971922931 ], [ -80.850284491572481, 35.223450833507243 ], [ -80.850274099993399, 35.223447825974979 ], [ -80.850264127722085, 35.223443979567904 ], [ -80.850254675033085, 35.223439332962947 ], [ -80.850245836976242, 35.223433932883275 ], [ -80.850237702421097, 35.223427833628527 ], [ -80.84873680245245, 35.222183532673391 ], [ -80.848729667340947, 35.222177011885613 ], [ -80.848723337325865, 35.222169953516719 ], [ -80.848717872199444, 35.22216242423913 ], [ -80.848713323584306, 35.222154495173342 ], [ -80.848709734445734, 35.222146241216265 ], [ -80.848707138685938, 35.222137740333565 ], [ -80.848705560823788, 35.222129072823357 ], [ -80.848705015763201, 35.222120320557686 ], [ -80.848705508652415, 35.222111566209101 ], [ -80.848707034835314, 35.222102892469849 ], [ -80.848709579895527, 35.222094381270715 ], [ -80.848713119792478, 35.22208611300713 ], [ -80.848717621088582, 35.222078165779763 ], [ -80.848723041265075, 35.222070614656815 ], [ -80.848729329123643, 35.222063530964931 ], [ -80.848736425270005, 35.222056981615459 ], [ -80.848766525270804, 35.222031781634712 ] ] ] } },
{ "type": "Feature", "properties": { "centroid_id": 76, "poi_count": 8, "mean_dist_m": 114.86284765496312, "max_dist_m": 173.03929673540776, "poi_cluster_labels": "env", "dominant_poi_cluster": "env", "center_x_m": 513700.0, "center_y_m": 3897950.0, "center_lon": -80.849453458923762, "center_lat": 35.224499061996042 }, "geometry": { "type": "Polygon", "coordinates": [ [ [ -80.850902783825802, 35.223424827443068 ], [ -80.85091319565403, 35.223423333104115 ], [ -80.850923734279547, 35.223422666545396 ], [ -80.850934302195412, 35.223422833934116 ], [ -80.850944801623626, 35.223423833721576 ], [ -80.850955135419881, 35.223425656657376 ], [ -80.850965207972351, 35.223428285875102 ], [ -80.850974926086238, 35.223431697048319 ], [ -80.850984199846167, 35.223435858615666 ], [ -80.85099294344802, 35.223440732072881 ], [ -80.851001075992883, 35.223446272329063 ], [ -80.851008522235418, 35.223452428123792 ], [ -80.85101521328022, 35.223459142501511 ], [ -80.851021087219209, 35.223466353338395 ], [ -80.851026089704348, 35.223473993917239 ], [ -80.851030174450628, 35.223481993544645 ], [ -80.851033303664195, 35.223490278205169 ], [ -80.851035448392153, 35.223498771246106 ], [ -80.851036588790365, 35.223507394086717 ], [ -80.851036714307128, 35.223516066945308 ], [ -80.851035823780805, 35.223524709577354 ], [ -80.851033925450537, 35.223533242017943 ], [ -80.851031036880102, 35.223541585321748 ], [ -80.851027184795356, 35.223549662293316 ], [ -80.851022404836968, 35.223557398201386 ], [ -80.851016741230737, 35.22356472147036 ], [ -80.850480141575076, 35.224189921864081 ], [ -80.850473535139699, 35.224196871011536 ], [ -80.850466133502593, 35.22420325772535 ], [ -80.85045800737646, 35.224209020988958 ], [ -80.850449234395555, 35.224214105741943 ], [ -80.850439898374063, 35.224218463406203 ], [ -80.850430088505306, 35.224222052349994 ], [ -80.850419898509628, 35.224224838285657 ], [ -80.850409425739016, 35.224226794597257 ], [ -80.850398770247082, 35.224227902594784 ], [ -80.850388033833042, 35.224228151692792 ], [ -80.850377319069267, 35.224227539511475 ], [ -80.850366728321248, 35.224226071899416 ], [ -80.849542727475097, 35.224077571739016 ], [ -80.849532219488651, 35.224075224594571 ], [ -80.849522046233147, 35.224072035484731 ], [ -80.849512307627876, 35.224068035732202 ], [ -80.84950309932313, 35.224063264621613 ], [ -80.849494511760597, 35.224057769013676 ], [ -80.849486629285153, 35.224051602884991 ], [ -80.849479529316426, 35.224044826797773 ], [ -80.84947328158843, 35.224037507305162 ], [ -80.849467947464575, 35.224029716297402 ], [ -80.849463579335037, 35.224021530295857 ], [ -80.84946022010223, 35.22401302970141 ], [ -80.84945790275934, 35.224004298004772 ], [ -80.849456650066401, 35.223995420966439 ], [ -80.849456474326701, 35.223986485774368 ], [ -80.849457377265949, 35.223977580187722 ], [ -80.849459350015337, 35.223968791674814 ], [ -80.849462373198733, 35.22396020655404 ], [ -80.849466417122926, 35.223951909146166 ], [ -80.849471442069287, 35.223943980946046 ], [ -80.849477398683888, 35.223936499822308 ], [ -80.849484228462302, 35.22392953925241 ], [ -80.849491864324136, 35.223923167601164 ], [ -80.849500231271946, 35.223917447449075 ], [ -80.849509247127841, 35.22391243497789 ], [ -80.849518823340546, 35.223908179418615 ], [ -80.850600422506034, 35.223482979834998 ], [ -80.850611874539013, 35.223479112651361 ], [ -80.850623784112088, 35.223476327388951 ], [ -80.850902783825802, 35.223424827443068 ] ] ] } },
{ "type": "Feature", "properties": { "centroid_id": 77, "poi_count": 13, "mean_dist_m": 59.893978535397238, "max_dist_m": 104.71138184719608, "poi_cluster_labels": "env", "dominant_poi_cluster": "env", "center_x_m": 513725.0, "center_y_m": 3897075.0, "center_lon": -80.849193335505063, "center_lat": 35.216608773621616 }, "geometry": { "type": "Polygon", "coordinates": [ [ [ -80.849519379000171, 35.215970697861948 ], [ -80.849530486864353, 35.215970600908037 ], [ -80.849541549889622, 35.215971424874951 ], [ -80.849552454998829, 35.215973161340784 ], [ -80.849563090728921, 35.215975792556776 ], [ -80.849573348370143, 35.215979291628841 ], [ -80.849583123077238, 35.215983622792294 ], [ -80.849592314941091, 35.215988741777551 ], [ -80.849600830009862, 35.215994596262505 ], [ -80.849608581249271, 35.216001126407427 ], [ -80.849615489432281, 35.216008265466428 ], [ -80.849621483948795, 35.216015940469852 ], [ -80.84962650352746, 35.216024072970001 ], [ -80.850076304350722, 35.216854472604062 ], [ -80.850080330931235, 35.216863062502242 ], [ -80.850083269567179, 35.216871944491203 ], [ -80.850085089643912, 35.2168810260398 ], [ -80.850085772199805, 35.216890212537869 ], [ -80.850085310123703, 35.216899408281911 ], [ -80.850083708229064, 35.216908517472 ], [ -80.85008098320381, 35.216917445209937 ], [ -80.850077163436509, 35.216926098487818 ], [ -80.850072288720625, 35.216934387156989 ], [ -80.850066409839982, 35.216942224867225 ], [ -80.850059588039684, 35.216949529966307 ], [ -80.85005189438813, 35.216956226350646 ], [ -80.849560194353245, 35.217342626655054 ], [ -80.849551822280432, 35.21734857199074 ], [ -80.849542763647122, 35.217353795742874 ], [ -80.849533110424346, 35.217358244875363 ], [ -80.849522960620007, 35.217361874216706 ], [ -80.84951241728379, 35.217364646918654 ], [ -80.849501587460864, 35.217366534830276 ], [ -80.849490581105115, 35.217367518783853 ], [ -80.849479509962777, 35.217367588789422 ], [ -80.84906880950993, 35.217353188772591 ], [ -80.849058431234752, 35.217352418993947 ], [ -80.849048188491068, 35.217350845864196 ], [ -80.849038173404125, 35.217348483532362 ], [ -80.849028476051629, 35.217345353245754 ], [ -80.849019183653411, 35.217341483158776 ], [ -80.84901037978706, 35.217336908079751 ], [ -80.849002143636213, 35.217331669157844 ], [ -80.848124343440276, 35.216716468646958 ], [ -80.848116556510988, 35.216710449160267 ], [ -80.848109519774667, 35.216703836777725 ], [ -80.848103299931594, 35.216696694177394 ], [ -80.848097955938769, 35.216689089063202 ], [ -80.848093538451067, 35.216681093523192 ], [ -80.848090089341085, 35.216672783346212 ], [ -80.848087641302243, 35.216664237303469 ], [ -80.848086217538864, 35.216655536401873 ], [ -80.848085831546342, 35.216646763116231 ], [ -80.848093832247798, 35.216126063125181 ], [ -80.848094516964863, 35.21611708539416 ], [ -80.848096288239176, 35.216108208321209 ], [ -80.848099128443181, 35.216099520248299 ], [ -80.848103009311686, 35.216091107636544 ], [ -80.84810789222314, 35.216083054205662 ], [ -80.848113728584053, 35.216075440100951 ], [ -80.848120460312487, 35.216068341095614 ], [ -80.848128020416155, 35.216061827836747 ], [ -80.848136333659127, 35.216055965142232 ], [ -80.848145317310454, 35.216050811355764 ], [ -80.848154881967631, 35.216046417766172 ], [ -80.848164932446153, 35.216042828097059 ], [ -80.848175368726857, 35.21604007807165 ], [ -80.848186086951216, 35.216038195057315 ], [ -80.848196980454901, 35.216037197793206 ], [ -80.849519379000171, 35.215970697861948 ] ] ] } },
{ "type": "Feature", "properties": { "centroid_id": 78, "poi_count": 6, "mean_dist_m": 95.502281679023937, "max_dist_m": 116.69461943491065, "poi_cluster_labels": "env", "dominant_poi_cluster": "env", "center_x_m": 513725.0, "center_y_m": 3897600.0, "center_lon": -80.849184578765716, "center_lat": 35.221342742713418 }, "geometry": { "type": "Polygon", "coordinates": [ [ [ -80.847997482194728, 35.221028384670305 ], [ -80.848005379334538, 35.221022673397052 ], [ -80.84801390619306, 35.221017608416538 ], [ -80.848022984520867, 35.221013236209139 ], [ -80.848032531007789, 35.221009596897758 ], [ -80.848042458047559, 35.221006723879626 ], [ -80.848052674541634, 35.22100464351989 ], [ -80.848063086735223, 35.221003374909579 ], [ -80.848073599077694, 35.221002929690485 ], [ -80.848084115099354, 35.22100331194833 ], [ -80.848094538296763, 35.221004518175171 ], [ -80.848104773018264, 35.221006537301726 ], [ -80.848114725341844, 35.221009350798859 ], [ -80.848124303936928, 35.22101293284765 ], [ -80.848133420902585, 35.221017250576359 ], [ -80.848141992574099, 35.221022264361999 ], [ -80.848149940290753, 35.22102792819404 ], [ -80.848387240275613, 35.221214128047151 ], [ -80.848394457390086, 35.22122035785867 ], [ -80.848400918845456, 35.221227123284045 ], [ -80.848406565925728, 35.221234362845166 ], [ -80.848411347315064, 35.221242010755461 ], [ -80.848415219564288, 35.221249997517603 ], [ -80.84841814748556, 35.221258250555046 ], [ -80.848420104472282, 35.221266694871559 ], [ -80.848421072740805, 35.221275253732735 ], [ -80.848421043492039, 35.221283849363232 ], [ -80.848404643849634, 35.221550249378801 ], [ -80.848403598496546, 35.221558908538519 ], [ -80.848401540902884, 35.221567444695928 ], [ -80.848398490229414, 35.22157577835916 ], [ -80.848394474884842, 35.221583831922011 ], [ -80.848389532261308, 35.221591530386704 ], [ -80.848383708386123, 35.221598802062196 ], [ -80.848377057493224, 35.221605579231863 ], [ -80.848369641518062, 35.22161179878411 ], [ -80.848361529520929, 35.221617402800071 ], [ -80.848352797043759, 35.221622339092953 ], [ -80.848343525406634, 35.221626561694094 ], [ -80.848333800950655, 35.221630031280959 ], [ -80.848323714233715, 35.221632715543414 ], [ -80.848313359187244, 35.22163458948453 ], [ -80.848302832241544, 35.221635635653435 ], [ -80.848292231427664, 35.221635844307805 ], [ -80.848281655464604, 35.221635213504555 ], [ -80.848271202839896, 35.22163374911797 ], [ -80.848260970892511, 35.221631464785006 ], [ -80.848251054906356, 35.221628381778267 ], [ -80.848241547222941, 35.221624528807943 ], [ -80.848232536381531, 35.221619941754383 ], [ -80.848224106294467, 35.221614663334037 ], [ -80.848216335465892, 35.221608742701598 ], [ -80.847832035481389, 35.221286242455591 ], [ -80.847824866963151, 35.22127960255748 ], [ -80.847818528197436, 35.221272416777886 ], [ -80.847813080532688, 35.221264754663153 ], [ -80.847808576692913, 35.221256690369728 ], [ -80.847805060267433, 35.221248301946424 ], [ -80.84780256528903, 35.221239670579095 ], [ -80.847801115904574, 35.221230879804828 ], [ -80.847800726141301, 35.221222014703493 ], [ -80.847801399771129, 35.221213161074289 ], [ -80.847803130274144, 35.221204404605366 ], [ -80.847805900901619, 35.221195830044486 ], [ -80.84780968483831, 35.221187520378813 ], [ -80.847814445461836, 35.221179556031778 ], [ -80.847820136697209, 35.221172014084708 ], [ -80.847826703462715, 35.221164967530719 ], [ -80.847834082203107, 35.221158484568441 ], [ -80.847997482194728, 35.221028384670305 ] ] ] } },
{ "type": "Feature", "properties": { "centroid_id": 79, "poi_count": 5, "mean_dist_m": 75.536716745177884, "max_dist_m": 81.826234228167209, "poi_cluster_labels": "env", "dominant_poi_cluster": "env", "center_x_m": 513750.0, "center_y_m": 3897300.0, "center_lon": -80.848914883503028, "center_lat": 35.218637275473185 }, "geometry": { "type": "Polygon", "coordinates": [ [ [ -80.848885795049824, 35.217815679325724 ], [ -80.848896100749272, 35.217812801562765 ], [ -80.84890670286525, 35.217810774778037 ], [ -80.84891749733417, 35.217809618865175 ], [ -80.848928378204405, 35.217809345169883 ], [ -80.848939238676323, 35.217809956378566 ], [ -80.848949972150507, 35.217811446492021 ], [ -80.848960473274005, 35.217813800884208 ], [ -80.848970638974507, 35.217816996445954 ], [ -80.848980369471946, 35.217821001811636 ], [ -80.848989569257853, 35.217825777667166 ], [ -80.848998148032933, 35.217831277135772 ], [ -80.849006021593183, 35.217837446238136 ], [ -80.849013112656579, 35.217844224422272 ], [ -80.849019351621493, 35.217851545157771 ], [ -80.849024677249901, 35.217859336588909 ], [ -80.849029037268522, 35.217867522239835 ], [ -80.849032388881795, 35.217876021765285 ], [ -80.84903469919206, 35.217884751739184 ], [ -80.849035945522374, 35.217893626473469 ], [ -80.849036115639208, 35.217902558859194 ], [ -80.849035207872404, 35.217911461221476 ], [ -80.849033231131727, 35.217920246180142 ], [ -80.849030204819314, 35.217928827507322 ], [ -80.848984604941265, 35.218037627546231 ], [ -80.84898064082536, 35.218045773951182 ], [ -80.848975730908762, 35.21805356571808 ], [ -80.848969921656717, 35.218060929108709 ], [ -80.848963268045523, 35.218067794438795 ], [ -80.848955833042154, 35.218074096737517 ], [ -80.848947687008462, 35.218079776362337 ], [ -80.848938907035276, 35.218084779563469 ], [ -80.848929576212782, 35.218089058992497 ], [ -80.848919782844277, 35.218092574150575 ], [ -80.848909619610481, 35.218095291771519 ], [ -80.848899182692364, 35.218097186136831 ], [ -80.848888570860979, 35.218098239318927 ], [ -80.848877884542716, 35.218098441350904 ], [ -80.848867224868897, 35.218097790320797 ], [ -80.848767624761336, 35.218087690309581 ], [ -80.848756912519548, 35.218086159148882 ], [ -80.848746437143276, 35.218083766615216 ], [ -80.848736301216732, 35.21808053613843 ], [ -80.84872660399995, 35.21807649935424 ], [ -80.848717440456667, 35.218071695794443 ], [ -80.848708900324382, 35.218066172499775 ], [ -80.848701067235538, 35.21805998355925 ], [ -80.848694017898509, 35.218053189580488 ], [ -80.848687821346459, 35.218045857096129 ], [ -80.848682538261258, 35.218038057912345 ], [ -80.848678220379256, 35.218029868405594 ], [ -80.848674909984652, 35.218021368774728 ], [ -80.848672639495391, 35.218012642255566 ], [ -80.848671431145775, 35.218003774305785 ], [ -80.848671296768629, 35.21799485176804 ], [ -80.848672237679565, 35.21798596201954 ], [ -80.848674244664025, 35.217977192116386 ], [ -80.848677298067543, 35.217968627940991 ], [ -80.848681367988249, 35.217960353361093 ], [ -80.848716868048626, 35.217897353390086 ], [ -80.848721693264864, 35.21788975936812 ], [ -80.848727374644241, 35.217882575271432 ], [ -80.848733860934288, 35.217875865908454 ], [ -80.848741093621342, 35.217869691805014 ], [ -80.848749007458508, 35.217864108658269 ], [ -80.848757531054176, 35.217859166834316 ], [ -80.848766587516138, 35.217854910913807 ], [ -80.848776095145141, 35.217851379289748 ], [ -80.848885795049824, 35.217815679325724 ] ] ] } },
{ "type": "Feature", "properties": { "centroid_id": 81, "poi_count": 15, "mean_dist_m": 45.779369925822067, "max_dist_m": 74.573672725324229, "poi_cluster_labels": "env", "dominant_poi_cluster": "env", "center_x_m": 513775.0, "center_y_m": 3897825.0, "center_lon": -80.848631394625968, "center_lat": 35.223370899732359 }, "geometry": { "type": "Polygon", "coordinates": [ [ [ -80.848407754610619, 35.223125427145966 ], [ -80.84841705732039, 35.223119998955553 ], [ -80.84842699607114, 35.223115391960953 ], [ -80.84843746361534, 35.223111655875506 ], [ -80.848448346999334, 35.22310883101472 ], [ -80.848459528782314, 35.223106947861176 ], [ -80.848470888303467, 35.223106026735714 ], [ -80.84848230298411, 35.223106077578002 ], [ -80.84849364965028, 35.223107099839446 ], [ -80.848996149116743, 35.223174199765822 ], [ -80.849006898907177, 35.223176092457884 ], [ -80.849017364406777, 35.223178857152845 ], [ -80.849027440849312, 35.223182466174414 ], [ -80.849037027363195, 35.223186883394007 ], [ -80.849046027981316, 35.223192064592453 ], [ -80.849054352601669, 35.223197957902705 ], [ -80.849061917889387, 35.223204504328983 ], [ -80.849068648110972, 35.223211638337439 ], [ -80.849074475892337, 35.223219288512041 ], [ -80.849079342893418, 35.223227378269684 ], [ -80.849083200392116, 35.22323582662667 ], [ -80.849086009772066, 35.223244549009458 ], [ -80.849087742909163, 35.223253458101368 ], [ -80.849088382453289, 35.223262464716576 ], [ -80.849087922001743, 35.223271478692915 ], [ -80.849086366163661, 35.223280409794576 ], [ -80.849083730513613, 35.223289168615295 ], [ -80.849080041435883, 35.223297667473453 ], [ -80.849075335860292, 35.223305821289777 ], [ -80.849069660892496, 35.223313548439108 ], [ -80.849063073342521, 35.223320771567451 ], [ -80.849055639155935, 35.223327418366402 ], [ -80.849047432753835, 35.223333422296996 ], [ -80.848278732518025, 35.223841522728229 ], [ -80.848269663933081, 35.223846915514983 ], [ -80.848259973514317, 35.223851522850701 ], [ -80.848249761920414, 35.223855296876884 ], [ -80.848239135223793, 35.223858198390992 ], [ -80.848228203808787, 35.223860197253693 ], [ -80.848217081224973, 35.223861272701868 ], [ -80.848205883007736, 35.223861413564336 ], [ -80.848194725478109, 35.22386061837792 ], [ -80.848183724534465, 35.223858895402586 ], [ -80.848172994448632, 35.223856262535655 ], [ -80.848162646678887, 35.22385274712591 ], [ -80.848152788712184, 35.223848385689536 ], [ -80.847802588504223, 35.223673985526304 ], [ -80.847793820024151, 35.223669130065183 ], [ -80.847785661121236, 35.223663605255879 ], [ -80.847778187403136, 35.223657462296281 ], [ -80.847771468127974, 35.223650758112633 ], [ -80.847765565562412, 35.223643554831959 ], [ -80.847760534404742, 35.223635919206359 ], [ -80.84775642127795, 35.223627921994449 ], [ -80.847753264297694, 35.223619637305525 ], [ -80.847751092719065, 35.223611141912947 ], [ -80.847749926665557, 35.223602514542605 ], [ -80.847749776942521, 35.223593835143383 ], [ -80.847750644937122, 35.22358518414628 ], [ -80.847752522605418, 35.223576641719085 ], [ -80.847755392546958, 35.223568287023433 ], [ -80.847759228166055, 35.223560197481277 ], [ -80.847763993918235, 35.223552448057411 ], [ -80.847769645639616, 35.223545110564729 ], [ -80.847776130956206, 35.223538252998829 ], [ -80.847783389769234, 35.223531938907854 ], [ -80.847791354812088, 35.223526226803649 ], [ -80.848407754610619, 35.223125427145966 ] ] ] } },
{ "type": "Feature", "properties": { "centroid_id": 82, "poi_count": 2, "mean_dist_m": 25.185391462921583, "max_dist_m": 35.10220306301742, "poi_cluster_labels": "env", "dominant_poi_cluster": "env", "center_x_m": 513775.0, "center_y_m": 3898025.0, "center_lon": -80.848628045699058, "center_lat": 35.225174314901615 }, "geometry": { "type": "Polygon", "coordinates": [ [ [ -80.848229499216202, 35.225015106853149 ], [ -80.848225219062911, 35.225006984743722 ], [ -80.848221929710434, 35.224998557493166 ], [ -80.84821966283674, 35.224989906260618 ], [ -80.848218440272774, 35.224981114362237 ], [ -80.848218273792142, 35.224972266468818 ], [ -80.848219164997801, 35.224963447790429 ], [ -80.848221105306621, 35.224954743255736 ], [ -80.848224076032054, 35.224946236694109 ], [ -80.848228048564081, 35.224938010028325 ], [ -80.84823298464481, 35.224930142485583 ], [ -80.848238836736897, 35.22492270983448 ], [ -80.84824554848133, 35.224915783655419 ], [ -80.848253055240278, 35.224909430651117 ], [ -80.848261284719541, 35.224903712004362 ], [ -80.8482701576648, 35.224898682788705 ], [ -80.848279588624848, 35.22489439143812 ], [ -80.848289486774561, 35.224890879280537 ], [ -80.848299756789629, 35.224888180139843 ], [ -80.848310299764407, 35.224886320010171 ], [ -80.848321014164654, 35.224885316805533 ], [ -80.848331796805127, 35.224885180187286 ], [ -80.848342543843486, 35.224885911471162 ], [ -80.848353151780188, 35.224887503614497 ], [ -80.848363518455329, 35.224889941284161 ], [ -80.848373544032484, 35.224893201004107 ], [ -80.848383131960063, 35.224897251381556 ], [ -80.848392189901304, 35.224902053409274 ], [ -80.848400630623416, 35.224907560841238 ], [ -80.848408372837724, 35.224913720638 ], [ -80.848415341982459, 35.224920473477489 ], [ -80.848421470940906, 35.224927754326309 ], [ -80.84842670068771, 35.224935493066035 ], [ -80.848600400954382, 35.225225192927141 ], [ -80.848604681156488, 35.225233315023146 ], [ -80.848607970557964, 35.22524174226308 ], [ -80.848610237479789, 35.225250393488103 ], [ -80.84861146008997, 35.225259185382264 ], [ -80.848611626613746, 35.225268033274844 ], [ -80.848610735447082, 35.225276851955776 ], [ -80.848608795172055, 35.225285556496331 ], [ -80.848605824474234, 35.225294063066983 ], [ -80.848601851962798, 35.225302289744732 ], [ -80.848596915894944, 35.225310157302083 ], [ -80.848591063807504, 35.225317589970011 ], [ -80.848584352059149, 35.225324516167767 ], [ -80.848576845287582, 35.225330869192156 ], [ -80.848568615787144, 35.225336587859886 ], [ -80.848559742812455, 35.225341617096987 ], [ -80.848550311815231, 35.225345908468974 ], [ -80.848540413621336, 35.225349420647525 ], [ -80.848530143556019, 35.225352119808299 ], [ -80.848519600525876, 35.225353979956829 ], [ -80.848508886066384, 35.225354983178839 ], [ -80.848498103363994, 35.225355119812669 ], [ -80.848487356262339, 35.225354388542513 ], [ -80.848476748262257, 35.225352796410888 ], [ -80.848466381524858, 35.225350358750951 ], [ -80.848456355887834, 35.2253470990388 ], [ -80.848446767903752, 35.225343048667298 ], [ -80.848437709910371, 35.225338246643894 ], [ -80.848429269141249, 35.225332739214785 ], [ -80.848421526885673, 35.225326579419679 ], [ -80.848414557705837, 35.225319826580908 ], [ -80.848408428718656, 35.225312545732145 ], [ -80.848403198949526, 35.225304806992064 ], [ -80.848229499216202, 35.225015106853149 ] ] ] } },
{ "type": "Feature", "properties": { "centroid_id": 83, "poi_count": 3, "mean_dist_m": 35.912150964912605, "max_dist_m": 47.828278506297607, "poi_cluster_labels": "env", "dominant_poi_cluster": "env", "center_x_m": 513825.0, "center_y_m": 3897175.0, "center_lon": -80.848092885474884, "center_lat": 35.217509108626132 }, "geometry": { "type": "Polygon", "coordinates": [ [ [ -80.848157004800328, 35.217004862736715 ], [ -80.848167230750818, 35.217001607988323 ], [ -80.848177801157902, 35.216999206101768 ], [ -80.84818861069536, 35.216997681010071 ], [ -80.848199551654304, 35.216997047909608 ], [ -80.848210515016333, 35.21699731310877 ], [ -80.848221391539809, 35.216998473965027 ], [ -80.848232072848347, 35.217000518911334 ], [ -80.848242452510718, 35.217003427571321 ], [ -80.848252427101386, 35.217007170962404 ], [ -80.848261897230984, 35.217011711784494 ], [ -80.848270768536622, 35.217017004791671 ], [ -80.848278952622309, 35.217022997243106 ], [ -80.848286367939522, 35.217029629428481 ], [ -80.848292940599961, 35.217036835262995 ], [ -80.848298605111694, 35.217044542945835 ], [ -80.848303305031777, 35.217052675675617 ], [ -80.848306993528666, 35.217061152415681 ], [ -80.848309633848871, 35.217069888701516 ], [ -80.848422934454163, 35.217545188603488 ], [ -80.848424485259613, 35.217553966448641 ], [ -80.848424977699651, 35.217562826861311 ], [ -80.84842440700929, 35.217571684111874 ], [ -80.848422778709931, 35.217580452501281 ], [ -80.848420108555999, 35.217589047190252 ], [ -80.848416422382485, 35.217597385020127 ], [ -80.848411755854983, 35.217605385317476 ], [ -80.848406154124604, 35.217612970674686 ], [ -80.848399671391235, 35.217620067698888 ], [ -80.848392370378932, 35.21762660772216 ], [ -80.848384321729199, 35.217632527465831 ], [ -80.848375603317422, 35.217637769652818 ], [ -80.848366299499389, 35.217642283561787 ], [ -80.848356500295097, 35.217646025517936 ], [ -80.848346300517775, 35.217648959315568 ], [ -80.848335798856397, 35.217651056568393 ], [ -80.848325096920959, 35.217652296984234 ], [ -80.848314298259197, 35.2176526685613 ], [ -80.848303507354785, 35.217652167704351 ], [ -80.848292828616295, 35.217650799259495 ], [ -80.848282365367055, 35.217648576467255 ], [ -80.848272218845338, 35.21764552083453 ], [ -80.8482624872249, 35.2176416619264 ], [ -80.848253264665018, 35.217637037080159 ], [ -80.848244640399457, 35.217631691043998 ], [ -80.848236697873062, 35.217625675544049 ], [ -80.847806797887557, 35.217266375269432 ], [ -80.847799755240615, 35.217259892130464 ], [ -80.847793505313547, 35.217252883027186 ], [ -80.847788106090306, 35.217245412987076 ], [ -80.847783607662279, 35.2172375513139 ], [ -80.847780051763678, 35.217229370944864 ], [ -80.847777471384276, 35.217220947773846 ], [ -80.847775890463424, 35.217212359947332 ], [ -80.847775323667832, 35.217203687139353 ], [ -80.847775776255702, 35.217195009812365 ], [ -80.847777244027782, 35.217186408470717 ], [ -80.84777971336645, 35.217177962913759 ], [ -80.84778316136196, 35.217169751495518 ], [ -80.847787556025125, 35.217161850397787 ], [ -80.847792856584007, 35.217154332923329 ], [ -80.847799013862243, 35.217147268815772 ], [ -80.847805970735237, 35.217140723612623 ], [ -80.847813662660201, 35.217134758037233 ], [ -80.847822018274925, 35.217129427435395 ], [ -80.847830960059838, 35.217124781261909 ], [ -80.847840405057184, 35.217120862621819 ], [ -80.848157004800328, 35.217004862736715 ] ] ] } },
{ "type": "Feature", "properties": { "centroid_id": 84, "poi_count": 18, "mean_dist_m": 71.927534385589482, "max_dist_m": 147.8875926185361, "poi_cluster_labels": "env", "dominant_poi_cluster": "env", "center_x_m": 513875.0, "center_y_m": 3897725.0, "center_lon": -80.847534219935824, "center_lat": 35.222467813027848 }, "geometry": { "type": "Polygon", "coordinates": [ [ [ -80.847161652752277, 35.221095190594248 ], [ -80.847169406677281, 35.221088865658658 ], [ -80.847177888155358, 35.221083204336203 ], [ -80.847187013223277, 35.221078262671618 ], [ -80.847196691546614, 35.221074089585294 ], [ -80.847206827314025, 35.221070726389016 ], [ -80.847217320185663, 35.221068206377005 ], [ -80.847228066286533, 35.221066554496282 ], [ -80.847238959234829, 35.221065787099796 ], [ -80.847249891195005, 35.221065911784422 ], [ -80.847260753945363, 35.221066927315832 ], [ -80.847271439949296, 35.221068823640721 ], [ -80.847281843419921, 35.221071581986266 ], [ -80.847291861367268, 35.221075175046039 ], [ -80.847301394617887, 35.221079567250257 ], [ -80.847310348796512, 35.221084715117961 ], [ -80.847318635260464, 35.221090567687448 ], [ -80.847326171977073, 35.221097067020708 ], [ -80.848539472288962, 35.222253466198168 ], [ -80.848546198754079, 35.222260564171854 ], [ -80.848552030319823, 35.22226817657986 ], [ -80.848556908999939, 35.222276227728464 ], [ -80.848560786283187, 35.222284637561323 ], [ -80.848563623615576, 35.222293322455528 ], [ -80.848565392783811, 35.222302196053036 ], [ -80.848566076195894, 35.222311170119426 ], [ -80.848565667055937, 35.22232015542123 ], [ -80.848564169431853, 35.222329062613269 ], [ -80.848561598214943, 35.222337803126976 ], [ -80.848557978971684, 35.222346290051156 ], [ -80.848553347689716, 35.222354438996085 ], [ -80.848547750419854, 35.222362168932804 ], [ -80.8485412428183, 35.222369402998666 ], [ -80.84853388959317, 35.222376069261742 ], [ -80.848525763861105, 35.222382101435997 ], [ -80.84851694642019, 35.222387439540455 ], [ -80.848507524946655, 35.222392030495662 ], [ -80.847254824059306, 35.222935031017357 ], [ -80.847243798237756, 35.222939188477781 ], [ -80.847232281028937, 35.222942323023929 ], [ -80.847162680959968, 35.222957823040083 ], [ -80.847152032292783, 35.222959734798373 ], [ -80.847141205195541, 35.22296077139945 ], [ -80.847130306211824, 35.222960922642713 ], [ -80.847119442592643, 35.222960187039838 ], [ -80.847108721240986, 35.222958571829494 ], [ -80.847098247659829, 35.222956092906102 ], [ -80.847088124913967, 35.222952774663398 ], [ -80.847078452615804, 35.222948649754393 ], [ -80.847069325945043, 35.222943758770057 ], [ -80.847060834712181, 35.222938149839926 ], [ -80.847053062474643, 35.222931878158356 ], [ -80.847046085714524, 35.222925005441525 ], [ -80.847039973086069, 35.222917599320063 ], [ -80.847034784740018, 35.222909732673443 ], [ -80.846417385735847, 35.221851332177309 ], [ -80.84641319820561, 35.221843139845404 ], [ -80.846410013386048, 35.221834649134323 ], [ -80.846407862190659, 35.221825942460079 ], [ -80.846406765499935, 35.22181710433501 ], [ -80.846406733958631, 35.221808220547274 ], [ -80.846407767872606, 35.22179937732831 ], [ -80.8464098572057, 35.22179066051568 ], [ -80.846412981677261, 35.221782154719996 ], [ -80.846417110959038, 35.221773942503539 ], [ -80.846422204969429, 35.221766103578965 ], [ -80.84642821426273, 35.221758714035467 ], [ -80.846435080508982, 35.221751845600302 ], [ -80.84687808057825, 35.221350745894398 ], [ -80.846878252710212, 35.221350590406502 ], [ -80.847161652752277, 35.221095190594248 ] ] ] } },
{ "type": "Feature", "properties": { "centroid_id": 85, "poi_count": 20, "mean_dist_m": 55.135533141519034, "max_dist_m": 81.09724001042521, "poi_cluster_labels": "env", "dominant_poi_cluster": "env", "center_x_m": 513875.0, "center_y_m": 3897925.0, "center_lon": -80.847530846847405, "center_lat": 35.224271228374818 }, "geometry": { "type": "Polygon", "coordinates": [ [ [ -80.84730792301302, 35.223513728804953 ], [ -80.847312493229154, 35.223505438338229 ], [ -80.847318058395871, 35.223497568040884 ], [ -80.847324561842655, 35.223490198056368 ], [ -80.847331937344549, 35.223483403433363 ], [ -80.847340109796434, 35.223477253361679 ], [ -80.847348995977939, 35.223471810467586 ], [ -80.847358505400834, 35.22346713017614 ], [ -80.847368541230438, 35.223463260146836 ], [ -80.847379001271733, 35.223460239788203 ], [ -80.847389779009944, 35.223458099856607 ], [ -80.84740076469528, 35.223456862142967 ], [ -80.847411846460403, 35.223456539250954 ], [ -80.847422911459617, 35.223457134468575 ], [ -80.847433847017925, 35.223458641734723 ], [ -80.84784364659734, 35.223532741654687 ], [ -80.847853760728896, 35.223534990293786 ], [ -80.847863567856692, 35.223538019246554 ], [ -80.84787297879943, 35.22354180096918 ], [ -80.847881907978433, 35.223546301072496 ], [ -80.847890274195962, 35.223551478634725 ], [ -80.847898001373537, 35.223557286573595 ], [ -80.847905019243726, 35.223563672074476 ], [ -80.847911263989175, 35.223570577070632 ], [ -80.847916678822926, 35.223577938771307 ], [ -80.84792121450478, 35.223585690232667 ], [ -80.848082614825287, 35.223898990100352 ], [ -80.84808633379788, 35.223907332937607 ], [ -80.848089034303939, 35.223915935571235 ], [ -80.848090690132594, 35.22392471450577 ], [ -80.848091285212334, 35.223933584534578 ], [ -80.848090813767072, 35.223942459566878 ], [ -80.848089280372236, 35.223951253463255 ], [ -80.84808669991034, 35.223959880871782 ], [ -80.848083097426539, 35.223968258056424 ], [ -80.848078507885575, 35.223976303709712 ], [ -80.848072975832466, 35.22398393974197 ], [ -80.848066554960084, 35.223991092039185 ], [ -80.848059307588102, 35.223997691182369 ], [ -80.848051304058117, 35.224003673121388 ], [ -80.847784803984112, 35.224183973273007 ], [ -80.847784625631689, 35.224184093678446 ], [ -80.847259425483003, 35.224537893976482 ], [ -80.847251128742059, 35.224542965940771 ], [ -80.847242287469513, 35.224547375147957 ], [ -80.847232980038271, 35.224551082512889 ], [ -80.847223288953458, 35.224554055171815 ], [ -80.847213300121183, 35.224556266773796 ], [ -80.847203102086837, 35.224557697714175 ], [ -80.847192785250428, 35.224558335308444 ], [ -80.847182441064959, 35.224558173904718 ], [ -80.847172161225956, 35.224557214933732 ], [ -80.847162036858506, 35.224555466896234 ], [ -80.847152157709516, 35.224552945287627 ], [ -80.846959057535742, 35.224495345228114 ], [ -80.846948956577236, 35.22449185498381 ], [ -80.84693932956003, 35.224487556442995 ], [ -80.846930272250503, 35.224482492366164 ], [ -80.846921874747665, 35.224476713129107 ], [ -80.846914220586982, 35.224470276221744 ], [ -80.846907385909304, 35.224463245676297 ], [ -80.846901438703526, 35.2244556914303 ], [ -80.846896438130173, 35.224447688630853 ], [ -80.846892433932979, 35.224439316887079 ], [ -80.846889465944017, 35.224430659478209 ], [ -80.846887563687474, 35.224421802525171 ], [ -80.846886746085985, 35.224412834133837 ], [ -80.846887021272423, 35.224403843518616 ], [ -80.846888386508937, 35.224394920114939 ], [ -80.846890828214313, 35.224386152689632 ], [ -80.846894322099004, 35.224377628457901 ], [ -80.84730792301302, 35.223513728804953 ] ] ] } },
{ "type": "Feature", "properties": { "centroid_id": 86, "poi_count": 3, "mean_dist_m": 41.686079088357026, "max_dist_m": 55.868187747092783, "poi_cluster_labels": "env", "dominant_poi_cluster": "env", "center_x_m": 513875.0, "center_y_m": 3898100.0, "center_lon": -80.847527895149241, "center_lat": 35.225849216361588 }, "geometry": { "type": "Polygon", "coordinates": [ [ [ -80.847345583430496, 35.225381742814292 ], [ -80.847342250496993, 35.225373327098026 ], [ -80.847339938879045, 35.225364683840276 ], [ -80.847338670838511, 35.225355896280362 ], [ -80.847338458586961, 35.225347049047343 ], [ -80.847339304168159, 35.225338227344913 ], [ -80.847341199438333, 35.225329516130856 ], [ -80.847344126144719, 35.225320999298901 ], [ -80.847348056101211, 35.225312758870693 ], [ -80.847352951459925, 35.225304874205982 ], [ -80.847358765075711, 35.225297421238274 ], [ -80.84736544096009, 35.225290471743619 ], [ -80.847372914820582, 35.225284092649296 ], [ -80.847381114679834, 35.225278345389334 ], [ -80.847389961568723, 35.225273285312852 ], [ -80.84739937028705, 35.225268961151016 ], [ -80.847409250223862, 35.225265414547763 ], [ -80.84741950623021, 35.225262679658726 ], [ -80.847430039535411, 35.225260782822275 ], [ -80.847440748698304, 35.225259742305944 ], [ -80.847451530584124, 35.225259568130426 ], [ -80.84746228135775, 35.225260261973155 ], [ -80.847472897483726, 35.225261817152024 ], [ -80.847483276723253, 35.225264218689894 ], [ -80.847493319118868, 35.225267443458691 ], [ -80.847502927957066, 35.225271460402247 ], [ -80.847512010699703, 35.225276230835306 ], [ -80.847520479875115, 35.225281708816105 ], [ -80.847528253920601, 35.225287841588838 ], [ -80.847535257967891, 35.225294570091684 ], [ -80.847541424564099, 35.225301829525627 ], [ -80.847546694321423, 35.225309549978483 ], [ -80.847551016489035, 35.225317657098181 ], [ -80.84775051695452, 35.225748256932363 ], [ -80.847753849945391, 35.225756672637011 ], [ -80.847756161618207, 35.225765315886441 ], [ -80.847757429709986, 35.225774103441509 ], [ -80.847757642007963, 35.225782950673285 ], [ -80.847756796467223, 35.225791772378095 ], [ -80.847754901230488, 35.225800483598064 ], [ -80.847751974549595, 35.225809000439355 ], [ -80.847748044609787, 35.225817240880033 ], [ -80.84774314925825, 35.225825125560078 ], [ -80.847737335639735, 35.225832578545578 ], [ -80.84773065974241, 35.225839528060085 ], [ -80.84772318585874, 35.225845907175867 ], [ -80.847714985966277, 35.225851654458367 ], [ -80.847706139034543, 35.225856714558013 ], [ -80.84769673026446, 35.225861038743126 ], [ -80.847686850267763, 35.225864585369344 ], [ -80.847676594194496, 35.225867320280592 ], [ -80.847666060816522, 35.225869217138126 ], [ -80.847655351576321, 35.225870257674096 ], [ -80.847644569610082, 35.22587043186752 ], [ -80.847633818754375, 35.225869738040856 ], [ -80.847623202546146, 35.225868182876049 ], [ -80.847612823225617, 35.225865781350208 ], [ -80.8476027807516, 35.225862556591451 ], [ -80.847593171838881, 35.225858539656016 ], [ -80.847584089026725, 35.225853769229339 ], [ -80.847575619787719, 35.225848291253342 ], [ -80.847567845685347, 35.225842158484078 ], [ -80.847560841588489, 35.225835429983604 ], [ -80.847554674950359, 35.225828170551182 ], [ -80.847549405158944, 35.225820450099249 ], [ -80.847545082965013, 35.225812342980106 ], [ -80.847345583430496, 35.225381742814292 ] ] ] } },
{ "type": "Feature", "properties": { "centroid_id": 87, "poi_count": 17, "mean_dist_m": 48.245375111912765, "max_dist_m": 92.186135110512453, "poi_cluster_labels": "env", "dominant_poi_cluster": "env", "center_x_m": 513900.0, "center_y_m": 3898275.0, "center_lon": -80.847250214258239, "center_lat": 35.227426857584831 }, "geometry": { "type": "Polygon", "coordinates": [ [ [ -80.847874323001918, 35.226698000913608 ], [ -80.847884850007162, 35.226696694531114 ], [ -80.847895481672793, 35.226696230178788 ], [ -80.847906118203781, 35.226696612215342 ], [ -80.847916659759321, 35.226697837054715 ], [ -80.847927007390226, 35.226699893199878 ], [ -80.847937063967493, 35.226702761350637 ], [ -80.847946735094084, 35.226706414584818 ], [ -80.847955929991087, 35.226710818611032 ], [ -80.847964562349631, 35.22671593209045 ], [ -80.847972551141169, 35.226721707024929 ], [ -80.847979821377976, 35.226728089207505 ], [ -80.847986304817098, 35.226735018731155 ], [ -80.847991940600863, 35.226742430551234 ], [ -80.847996675828185, 35.226750255095922 ], [ -80.848000466051076, 35.226758418919296 ], [ -80.848003275691909, 35.226766845390756 ], [ -80.848005078377369, 35.22677545541427 ], [ -80.848005857186038, 35.226784168170887 ], [ -80.848005604807184, 35.226792901877282 ], [ -80.848004323609487, 35.226801574553484 ], [ -80.848002025618712, 35.226810104792328 ], [ -80.847998732404946, 35.22681841252367 ], [ -80.847994474880068, 35.226826419765921 ], [ -80.84762157544111, 35.227444220066616 ], [ -80.847616515313248, 35.227451690685378 ], [ -80.847137115758812, 35.228086591051479 ], [ -80.847130992834238, 35.22809387554517 ], [ -80.847124029215067, 35.228100632510852 ], [ -80.84711629196596, 35.228106796873931 ], [ -80.847107855602175, 35.228112309267004 ], [ -80.84709880137207, 35.228117116601616 ], [ -80.847089216474529, 35.228121172579542 ], [ -80.84707919321923, 35.228124438138693 ], [ -80.847068828137608, 35.22812688182929 ], [ -80.847058221053118, 35.228128480116716 ], [ -80.847047474119989, 35.228129217608334 ], [ -80.847036690839261, 35.228129087201488 ], [ -80.84702597506201, 35.228128090152119 ], [ -80.847015429989256, 35.228126236062565 ], [ -80.847005157177932, 35.228123542789099 ], [ -80.846995255562916, 35.228120036269949 ], [ -80.846985820504131, 35.228115750275549 ], [ -80.846976942868139, 35.228110726083209 ], [ -80.846968708153128, 35.228105012079666 ], [ -80.846961195665358, 35.228098663295015 ], [ -80.846954477755517, 35.228091740872792 ], [ -80.846948619121846, 35.228084311481005 ], [ -80.846943676187024, 35.228076446670201 ], [ -80.846939696554898, 35.228068222184291 ], [ -80.846936718551959, 35.228059717231076 ], [ -80.846934770858198, 35.228051013719465 ], [ -80.846933872231006, 35.228042195470593 ], [ -80.846899973321172, 35.22723239544306 ], [ -80.846900097858295, 35.227224009591481 ], [ -80.846901171342196, 35.227215669503487 ], [ -80.846903184486763, 35.227207447322577 ], [ -80.846906119877573, 35.227199414172354 ], [ -80.84690995212263, 35.227191639541211 ], [ -80.846914648071987, 35.227184190681285 ], [ -80.847150948331617, 35.226848590865174 ], [ -80.847156544938827, 35.226841442524034 ], [ -80.847162936645674, 35.226834758143013 ], [ -80.847170066704251, 35.22682859706827 ], [ -80.847177871811382, 35.226823013999848 ], [ -80.847186282670634, 35.226818058506069 ], [ -80.847195224607603, 35.226813774583427 ], [ -80.847204618232752, 35.226810200265966 ], [ -80.847214380146411, 35.226807367287627 ], [ -80.847224423679123, 35.226805300800514 ], [ -80.847874323001918, 35.226698000913608 ] ] ] } },
{ "type": "Feature", "properties": { "centroid_id": 88, "poi_count": 1, "mean_dist_m": 12.225656527907828, "max_dist_m": 12.225656527907828, "poi_cluster_labels": "env", "dominant_poi_cluster": "env", "center_x_m": 513925.0, "center_y_m": 3898125.0, "center_lon": -80.846978024655073, "center_lat": 35.226073949891905 }, "geometry": { "type": "Polygon", "coordinates": [ [ [ -80.846808910108294, 35.226172760988391 ], [ -80.846809455869291, 35.226163923381641 ], [ -80.846811054673708, 35.226155172225084 ], [ -80.846813691123828, 35.226146591797104 ], [ -80.846817339828888, 35.226138264731837 ], [ -80.846821965649625, 35.226130271223397 ], [ -80.846827524036627, 35.226122688253518 ], [ -80.846833961459438, 35.226115588850227 ], [ -80.846841215922055, 35.226109041384532 ], [ -80.846849217559992, 35.22610310891195 ], [ -80.846857889313156, 35.22609784856531 ], [ -80.846867147667922, 35.226093311004504 ], [ -80.846876903461421, 35.226089539928587 ], [ -80.846887062740279, 35.226086571654974 ], [ -80.846897527665305, 35.226084434769689 ], [ -80.846908197453914, 35.226083149852016 ], [ -80.846918969350483, 35.226082729276399 ], [ -80.846929739616144, 35.226083177093187 ], [ -80.846940404527658, 35.226084488989684 ], [ -80.846950861376442, 35.226086652331645 ], [ -80.84696100945763, 35.226089646284969 ], [ -80.846970751039905, 35.226093442016349 ], [ -80.846979992306743, 35.226098002970907 ], [ -80.846988644259824, 35.226103285224291 ], [ -80.846996623576231, 35.226109237905639 ], [ -80.847003853410797, 35.22611580368752 ], [ -80.847010264136244, 35.226122919338017 ], [ -80.847015794013672, 35.22613051632964 ], [ -80.847020389787176, 35.226138521499323 ], [ -80.847024007196708, 35.226146857753029 ], [ -80.847026611404416, 35.226155444808157 ], [ -80.847028177330003, 35.226164199966753 ], [ -80.847028689892454, 35.226173038911874 ], [ -80.847028144155146, 35.22618187651964 ], [ -80.84702654537351, 35.226190627679081 ], [ -80.847023908944337, 35.226199208111701 ], [ -80.847020260257594, 35.22620753518315 ], [ -80.84701563445185, 35.226215528699107 ], [ -80.847010076075961, 35.226223111677527 ], [ -80.847003638659928, 35.226230211090083 ], [ -80.8469963841995, 35.226236758565392 ], [ -80.846988382559076, 35.22624269104756 ], [ -80.846979710798863, 35.226247951403394 ], [ -80.846970452432728, 35.226252488972676 ], [ -80.846960696623995, 35.226256260055983 ], [ -80.846950537326634, 35.22625922833565 ], [ -80.846940072380505, 35.226261365225405 ], [ -80.84692940256906, 35.226262650145777 ], [ -80.846918630648744, 35.226263070722261 ], [ -80.846907860359394, 35.226262622904422 ], [ -80.846897195425115, 35.226261311005047 ], [ -80.846886738555384, 35.22625914765846 ], [ -80.846876590455864, 35.226256153698948 ], [ -80.846866848858582, 35.226252357960064 ], [ -80.846857607580645, 35.226247796996958 ], [ -80.846848955620786, 35.226242514734317 ], [ -80.846840976302175, 35.226236562043361 ], [ -80.846833746470097, 35.226229996251881 ], [ -80.846827335751712, 35.226222880592175 ], [ -80.846821805885639, 35.226215283592097 ], [ -80.846817210127384, 35.226207278415018 ], [ -80.846813592736353, 35.22619894215525 ], [ -80.846810988549748, 35.226190355095653 ], [ -80.846809422646999, 35.22618159993435 ], [ -80.846808910108294, 35.226172760988391 ] ] ] } },
{ "type": "Feature", "properties": { "centroid_id": 89, "poi_count": 1, "mean_dist_m": 95.646082904977973, "max_dist_m": 95.646082904977973, "poi_cluster_labels": "env", "dominant_poi_cluster": "env", "center_x_m": 513950.0, "center_y_m": 3897000.0, "center_lon": -80.84672237421745, "center_lat": 35.215929387396805 }, "geometry": { "type": "Polygon", "coordinates": [ [ [ -80.847655023764219, 35.21603806179084 ], [ -80.847655569361521, 35.216029224165062 ], [ -80.847657167872299, 35.216020472981917 ], [ -80.847659803901678, 35.216011892520065 ], [ -80.847663452062946, 35.216003565413978 ], [ -80.847668077222053, 35.215995571858116 ], [ -80.847673634835999, 35.215987988834726 ], [ -80.847680071381745, 35.215980889372325 ], [ -80.847687324871728, 35.215974341842468 ], [ -80.847695325450843, 35.21596840930134 ], [ -80.8477039960692, 35.215963148882416 ], [ -80.8477132532241, 35.215958611246243 ], [ -80.847723007764216, 35.215954840092628 ], [ -80.847733165748252, 35.215951871739762 ], [ -80.847743629349509, 35.215949734774384 ], [ -80.84775429779809, 35.215948449776597 ], [ -80.84776506835135, 35.21594802912157 ], [ -80.847775837283308, 35.215948476860468 ], [ -80.847786500883586, 35.215949788681286 ], [ -80.84779695645625, 35.215951951950558 ], [ -80.847807103308682, 35.215954945834852 ], [ -80.847816843721432, 35.215958741501538 ], [ -80.847826083889203, 35.215963302396361 ], [ -80.847834734824289, 35.215968584595544 ], [ -80.847842713213581, 35.215974537228753 ], [ -80.847849942220819, 35.215981102969025 ], [ -80.8478563522267, 35.215988218584812 ], [ -80.84786188149927, 35.215995815548972 ], [ -80.847866476788425, 35.216003820698724 ], [ -80.847870093838807, 35.216012156940216 ], [ -80.847872697815973, 35.216020743990939 ], [ -80.847874263641927, 35.216029499153002 ], [ -80.847874776236537, 35.216038338109428 ], [ -80.847874230662924, 35.216047175736243 ], [ -80.847872632174898, 35.216055926922266 ], [ -80.847869996166466, 35.216064507388758 ], [ -80.847866348023516, 35.216072834501034 ], [ -80.847861722879387, 35.216080828064399 ], [ -80.847856165276553, 35.216088411096337 ], [ -80.847849728737586, 35.216095510567996 ], [ -80.847842475249792, 35.216102058107445 ], [ -80.847834474668176, 35.216107990658152 ], [ -80.84782580404277, 35.216113251086291 ], [ -80.84781654687653, 35.216117788730919 ], [ -80.847806792321165, 35.216121559891924 ], [ -80.847796634318641, 35.216124528250845 ], [ -80.84778617069631, 35.216126665220685 ], [ -80.847775502224877, 35.216127950221193 ], [ -80.847764731647899, 35.216128370877058 ], [ -80.847753962692252, 35.216127923137144 ], [ -80.847743299069222, 35.216126611313427 ], [ -80.847732843475626, 35.216124448039537 ], [ -80.847722696604876, 35.216121454149047 ], [ -80.847712956177133, 35.216117658474865 ], [ -80.847703715998264, 35.216113097571494 ], [ -80.847695065056399, 35.216107815363053 ], [ -80.847687086664919, 35.216101862720244 ], [ -80.847679857660168, 35.216095296970387 ], [ -80.847673447661336, 35.216088181345413 ], [ -80.84766791840012, 35.216080584372797 ], [ -80.847663323126199, 35.216072579215627 ], [ -80.847659706094305, 35.216064242968102 ], [ -80.847657102138214, 35.216055655912896 ], [ -80.847655536335111, 35.216046900748125 ], [ -80.847655023764219, 35.21603806179084 ] ] ] } },
{ "type": "Feature", "properties": { "centroid_id": 90, "poi_count": 3, "mean_dist_m": 98.592933792827424, "max_dist_m": 107.2949918462908, "poi_cluster_labels": "env", "dominant_poi_cluster": "env", "center_x_m": 513950.0, "center_y_m": 3897375.0, "center_lon": -80.846716017290532, "center_lat": 35.219310794261709 }, "geometry": { "type": "Polygon", "coordinates": [ [ [ -80.845768744080345, 35.219755563104243 ], [ -80.84577985094468, 35.21975250503224 ], [ -80.845791291431581, 35.219750434732568 ], [ -80.845802935492429, 35.219749375739163 ], [ -80.845814650764439, 35.21974934009004 ], [ -80.846020750537392, 35.219757740080311 ], [ -80.84603145692985, 35.219758609181731 ], [ -80.84604200843188, 35.219760333323961 ], [ -80.846052303890161, 35.219762895978334 ], [ -80.846062244605974, 35.219766272577615 ], [ -80.846071735281328, 35.219770430751602 ], [ -80.846080684932545, 35.219775330637432 ], [ -80.846089007762558, 35.219780925261702 ], [ -80.846096623983286, 35.219787160990812 ], [ -80.846103460580665, 35.219793978045104 ], [ -80.846109452014488, 35.219801311071961 ], [ -80.846114540846827, 35.219809089772298 ], [ -80.846118678292598, 35.219817239574489 ], [ -80.846121824687302, 35.219825682349303 ], [ -80.846123949867234, 35.219834337158808 ], [ -80.846125033458705, 35.219843121032376 ], [ -80.84612506507338, 35.219851949762059 ], [ -80.84612404440783, 35.219860738709876 ], [ -80.846121981246483, 35.219869403619136 ], [ -80.84611889536788, 35.219877861422304 ], [ -80.846114816354927, 35.219886031037248 ], [ -80.846109783311547, 35.219893834144578 ], [ -80.846103844487573, 35.219901195938469 ], [ -80.846097056816333, 35.219908045843795 ], [ -80.846089485368836, 35.219914318192735 ], [ -80.846081202729977, 35.219919952854291 ], [ -80.846072288302594, 35.219924895810792 ], [ -80.84606282754639, 35.219929099675646 ], [ -80.846052911158566, 35.219932524147758 ], [ -80.846042634204366, 35.219935136397766 ], [ -80.846032095205715, 35.219936911382867 ], [ -80.846021395196658, 35.219937832086828 ], [ -80.845751594899525, 35.219950132099484 ], [ -80.845740914165319, 35.219950192358134 ], [ -80.8457302767615, 35.219949401359244 ], [ -80.84571978319812, 35.21994776657673 ], [ -80.845709532626159, 35.21994530345723 ], [ -80.845699621900579, 35.219942035274123 ], [ -80.845690144665184, 35.219937992907639 ], [ -80.845681190467843, 35.219933214553016 ], [ -80.845672843914286, 35.219927745359676 ], [ -80.845665183868789, 35.219921637004582 ], [ -80.845658282708882, 35.219914947203947 ], [ -80.845652205641585, 35.219907739167887 ], [ -80.845647010087248, 35.219900081003189 ], [ -80.845642745136956, 35.219892045069734 ], [ -80.845639451088786, 35.219883707296866 ], [ -80.845637159066953, 35.21987514646581 ], [ -80.84563589072782, 35.219866443465492 ], [ -80.845635658055244, 35.219857680528044 ], [ -80.845636463247317, 35.219848940451932 ], [ -80.845638298695704, 35.219840305819616 ], [ -80.845641147057464, 35.219831858217155 ], [ -80.845644981418957, 35.219823677463459 ], [ -80.845649765550178, 35.219815840856 ], [ -80.845655454247066, 35.219808422440501 ], [ -80.845661993758597, 35.219801492311319 ], [ -80.845669322294768, 35.21979511594909 ], [ -80.845677370610304, 35.219789353602096 ], [ -80.84568606265907, 35.219784259716938 ], [ -80.845695316312515, 35.219779882424156 ], [ -80.845705044135727, 35.219776263083389 ], [ -80.845768744080345, 35.219755563104243 ] ] ] } },
{ "type": "Feature", "properties": { "centroid_id": 91, "poi_count": 58, "mean_dist_m": 58.187490690283695, "max_dist_m": 76.43847167276175, "poi_cluster_labels": "env", "dominant_poi_cluster": "env", "center_x_m": 513975.0, "center_y_m": 3897800.0, "center_lon": -80.846434096979564, "center_lat": 35.223142704919582 }, "geometry": { "type": "Polygon", "coordinates": [ [ [ -80.846977719609029, 35.222864331164672 ], [ -80.846987979528777, 35.22286161923153 ], [ -80.846998513881047, 35.222859745217434 ], [ -80.847009221301136, 35.222858727154737 ], [ -80.847019998759052, 35.22285857483952 ], [ -80.847030742550885, 35.222859289737428 ], [ -80.847041349296603, 35.222860864969491 ], [ -80.847051716934985, 35.222863285378345 ], [ -80.847061745705446, 35.222866527674114 ], [ -80.847071339108098, 35.222870560658421 ], [ -80.847080404832255, 35.222875345524699 ], [ -80.847088855644657, 35.222880836231496 ], [ -80.847096610228888, 35.222886979945564 ], [ -80.847103593967773, 35.222893717550185 ], [ -80.847109739661434, 35.22290098421405 ], [ -80.847114988173814, 35.222908710015034 ], [ -80.847119289001867, 35.222916820613044 ], [ -80.847122600761324, 35.222925237965342 ], [ -80.847288901373702, 35.223431637823126 ], [ -80.847291151587029, 35.223440082133294 ], [ -80.847292406130251, 35.223448664446913 ], [ -80.847292653474724, 35.223457305898911 ], [ -80.84729189134724, 35.223465927080795 ], [ -80.847290126750863, 35.223474448770268 ], [ -80.847287375900592, 35.22348279265929 ], [ -80.847283664074467, 35.223490882073627 ], [ -80.847279025381127, 35.223498642677512 ], [ -80.847273502446569, 35.223506003156622 ], [ -80.847267146022304, 35.22351289587354 ], [ -80.847036246092159, 35.223739796032433 ], [ -80.847029255976139, 35.223746042817154 ], [ -80.847021581581728, 35.223751723090651 ], [ -80.847013290795232, 35.223756786606103 ], [ -80.847004456955545, 35.223761188572482 ], [ -80.846741756775174, 35.223878588684542 ], [ -80.846732179144027, 35.223882387759559 ], [ -80.846722198720286, 35.223885409090286 ], [ -80.846711909038589, 35.223887624361325 ], [ -80.846701406531935, 35.223889012811576 ], [ -80.8466907896279, 35.223889561428749 ], [ -80.846680157826171, 35.223889265071278 ], [ -80.846669610766043, 35.223888126516592 ], [ -80.846659247292664, 35.223886156435029 ], [ -80.846649164530561, 35.223883373289802 ], [ -80.846226464162811, 35.223747673150946 ], [ -80.846217444966641, 35.223744387252268 ], [ -80.84620882138077, 35.223740450642772 ], [ -80.846200662951105, 35.223735895069709 ], [ -80.846193035472169, 35.223730757272051 ], [ -80.846186000456612, 35.223725078684161 ], [ -80.84616290045949, 35.223704678669016 ], [ -80.846159212798639, 35.223701251771026 ], [ -80.845810712904793, 35.223360351532229 ], [ -80.845804026632621, 35.223353097261061 ], [ -80.845798264965225, 35.223345327163962 ], [ -80.845793486525309, 35.223337120298915 ], [ -80.845789739931476, 35.223328560167865 ], [ -80.845787063303661, 35.223319733867129 ], [ -80.845785483875247, 35.223310731201089 ], [ -80.845785017715968, 35.223301643768629 ], [ -80.845785669568457, 35.223292564031041 ], [ -80.84578743279998, 35.223283584371288 ], [ -80.845790289469974, 35.223274796154051 ], [ -80.845794210512508, 35.22326628879614 ], [ -80.845799156032186, 35.223258148856694 ], [ -80.845805075709904, 35.223250459156453 ], [ -80.845811909314989, 35.223243297935191 ], [ -80.845819587317905, 35.223236738055533 ], [ -80.845828031597819, 35.223230846261679 ], [ -80.845848531590306, 35.223217946272833 ], [ -80.845857369454933, 35.223212928352687 ], [ -80.845866762403617, 35.223208642870723 ], [ -80.845876620589195, 35.223205130819217 ], [ -80.846977719609029, 35.222864331164672 ] ] ] } },
{ "type": "Feature", "properties": { "centroid_id": 92, "poi_count": 10, "mean_dist_m": 29.688391284204052, "max_dist_m": 47.533785173772038, "poi_cluster_labels": "env", "dominant_poi_cluster": "env", "center_x_m": 513975.0, "center_y_m": 3898000.0, "center_lon": -80.846430699467732, "center_lat": 35.224946119972351 }, "geometry": { "type": "Polygon", "coordinates": [ [ [ -80.846826879300622, 35.224610475579141 ], [ -80.846837262619133, 35.224608563907516 ], [ -80.846847822591016, 35.224607485325627 ], [ -80.846858460186866, 35.224607249948214 ], [ -80.846869075649323, 35.224607859982626 ], [ -80.846879569428651, 35.224609309708036 ], [ -80.846889843116145, 35.224611585529232 ], [ -80.846899800367098, 35.224614666103982 ], [ -80.846909347804271, 35.224618522543231 ], [ -80.84691839589351, 35.224623118682032 ], [ -80.846926859783451, 35.224628411418642 ], [ -80.846934660101169, 35.224634351118752 ], [ -80.84694172369656, 35.224640882080955 ], [ -80.846947984328295, 35.224647943059068 ], [ -80.846953383285111, 35.224655467836456 ], [ -80.846957869936276, 35.224663385847123 ], [ -80.846961402206475, 35.224671622837327 ], [ -80.846963946970391, 35.224680101561965 ], [ -80.846965480363352, 35.224688742508995 ], [ -80.846965988005124, 35.224697464645011 ], [ -80.846965465134787, 35.224706186175268 ], [ -80.846963916655426, 35.224714825310606 ], [ -80.846961357088091, 35.224723301034579 ], [ -80.846957810435725, 35.224731533863149 ], [ -80.846953309957996, 35.224739446590064 ], [ -80.846947897859451, 35.224746965010958 ], [ -80.846941624893745, 35.224754018619137 ], [ -80.846934549887621, 35.22476054126691 ], [ -80.846926739189314, 35.224766471785756 ], [ -80.846701939132004, 35.224921271915022 ], [ -80.846700997960738, 35.224921912725137 ], [ -80.846312397850369, 35.225183512945584 ], [ -80.84630385665352, 35.225188716237987 ], [ -80.846294742346231, 35.225193217477738 ], [ -80.846285140340314, 35.225196974482877 ], [ -80.846275140617891, 35.225199952045791 ], [ -80.846264836888267, 35.225202122263191 ], [ -80.846254325709623, 35.225203464797552 ], [ -80.846243705584229, 35.225203967067714 ], [ -80.846233076035304, 35.22520362436682 ], [ -80.846222536674418, 35.225202439906376 ], [ -80.84621218626792, 35.225200424786209 ], [ -80.846202121811444, 35.225197597890372 ], [ -80.846192437620886, 35.225193985710256 ], [ -80.846183224448581, 35.225189622096281 ], [ -80.846174568632819, 35.225184547940707 ], [ -80.846166551288732, 35.225178810794375 ], [ -80.846159247548215, 35.225172464421135 ], [ -80.84615272585576, 35.225165568294031 ], [ -80.846147047327108, 35.225158187037884 ], [ -80.846142265176553, 35.225150389823781 ], [ -80.846138424218196, 35.225142249720761 ], [ -80.846135560445987, 35.225133843011143 ], [ -80.846133700696569, 35.225125248475607 ], [ -80.846132862397639, 35.225116546655009 ], [ -80.846133053404685, 35.225107819095506 ], [ -80.846134271927426, 35.225099147584466 ], [ -80.846136506546557, 35.225090613384005 ], [ -80.846139736320836, 35.225082296469417 ], [ -80.846143930983231, 35.225074274779757 ], [ -80.846334531278217, 35.224753574933914 ], [ -80.84633950053987, 35.224746125980793 ], [ -80.846345301730864, 35.224739093652026 ], [ -80.84635188339891, 35.224732540318975 ], [ -80.846359187169469, 35.224726524104661 ], [ -80.84636714826361, 35.224721098368299 ], [ -80.846375696072442, 35.224716311231923 ], [ -80.846384754783429, 35.224712205153772 ], [ -80.84639424405276, 35.224708816551555 ], [ -80.846404079717971, 35.224706175479533 ], [ -80.846826879300622, 35.224610475579141 ] ] ] } },
{ "type": "Feature", "properties": { "centroid_id": 93, "poi_count": 7, "mean_dist_m": 51.880880324367638, "max_dist_m": 55.900736167188505, "poi_cluster_labels": "env", "dominant_poi_cluster": "env", "center_x_m": 513975.0, "center_y_m": 3898075.0, "center_lon": -80.846429425322981, "center_lat": 35.225622400478265 }, "geometry": { "type": "Polygon", "coordinates": [ [ [ -80.845888737917619, 35.225416174825789 ], [ -80.845878862958003, 35.225412657838554 ], [ -80.845869454752304, 35.225408364886498 ], [ -80.845860603587951, 35.225403337167698 ], [ -80.845852394406563, 35.225397622931496 ], [ -80.845844905988784, 35.225391277015561 ], [ -80.845838210198337, 35.225384360319538 ], [ -80.845832371292261, 35.225376939220659 ], [ -80.845827445304337, 35.225369084936716 ], [ -80.845823479507359, 35.225360872842629 ], [ -80.845820511959403, 35.22535238174703 ], [ -80.845818571138707, 35.225343693136075 ], [ -80.845817675670318, 35.225334890391295 ], [ -80.845817834147397, 35.225326057989619 ], [ -80.845819045048742, 35.225317280692437 ], [ -80.845821296753428, 35.22530864273233 ], [ -80.845824567652357, 35.225300227004752 ], [ -80.845828826355543, 35.225292114272335 ], [ -80.845834031993533, 35.225284382390051 ], [ -80.845840134609432, 35.225277105557907 ], [ -80.845847075638474, 35.225270353608956 ], [ -80.845854788470021, 35.225264191339164 ], [ -80.845863199086722, 35.225258677885499 ], [ -80.845872226774958, 35.225253866158504 ], [ -80.845881784899333, 35.225249802334503 ], [ -80.845891781734068, 35.225246525412452 ], [ -80.845902121343343, 35.225244066839743 ], [ -80.845912704501856, 35.225242450210352 ], [ -80.845923429647087, 35.225241691038434 ], [ -80.845934193853935, 35.225241796609495 ], [ -80.845944893822434, 35.225242765910416 ], [ -80.845955426869111, 35.225244589639146 ], [ -80.847012425818136, 35.225472489395898 ], [ -80.847022876385211, 35.225475206522489 ], [ -80.8470329450235, 35.2254787645454 ], [ -80.847042531528004, 35.22548312805452 ], [ -80.847051540491989, 35.225488253623411 ], [ -80.847059882256431, 35.225494090241469 ], [ -80.847067473802383, 35.225500579821542 ], [ -80.84707423957714, 35.225507657778117 ], [ -80.847080112246161, 35.225515253669982 ], [ -80.847085033363271, 35.225523291901339 ], [ -80.847088953952223, 35.225531692474107 ], [ -80.847091834994202, 35.225540371784099 ], [ -80.847093647816166, 35.225549243453024 ], [ -80.847094374376184, 35.225558219188208 ], [ -80.847094007443019, 35.225567209661222 ], [ -80.847092550668094, 35.225576125396955 ], [ -80.84709001854921, 35.225584877664069 ], [ -80.847086436286233, 35.225593379358052 ], [ -80.847044236376078, 35.225679379393348 ], [ -80.847039793239134, 35.225687304396573 ], [ -80.847034437637461, 35.225694840014107 ], [ -80.847028219695289, 35.225701915718133 ], [ -80.847021197607788, 35.225708465285273 ], [ -80.847013437096351, 35.225714427416349 ], [ -80.847005010793538, 35.225719746310183 ], [ -80.846995997563326, 35.225724372185809 ], [ -80.846986481762883, 35.225728261748387 ], [ -80.846976552453143, 35.225731378594418 ], [ -80.846966302565207, 35.225733693552527 ], [ -80.846955828030616, 35.225735184956328 ], [ -80.846945226883435, 35.225735838847392 ], [ -80.846934598342727, 35.225735649105751 ], [ -80.84692404188398, 35.225734617507271 ], [ -80.846913656308033, 35.225732753706964 ], [ -80.846903538816335, 35.225730075148647 ], [ -80.845888737917619, 35.225416174825789 ] ] ] } },
{ "type": "Feature", "properties": { "centroid_id": 94, "poi_count": 5, "mean_dist_m": 49.305564001613234, "max_dist_m": 60.210530084601153, "poi_cluster_labels": "env", "dominant_poi_cluster": "env", "center_x_m": 513975.0, "center_y_m": 3898175.0, "center_lon": -80.846427726397309, "center_lat": 35.226524107701671 }, "geometry": { "type": "Polygon", "coordinates": [ [ [ -80.845944755818692, 35.226284390457451 ], [ -80.845952824753041, 35.226278403988552 ], [ -80.845961575469929, 35.226273101466873 ], [ -80.845970922219109, 35.226268534852927 ], [ -80.845980773409778, 35.226264748895929 ], [ -80.845991032507982, 35.22626178069526 ], [ -80.846001598982681, 35.226259659336925 ], [ -80.846012369290804, 35.22625840560854 ], [ -80.846023237891913, 35.22625803179568 ], [ -80.846034098282345, 35.226258541561371 ], [ -80.846044844038929, 35.226259929910341 ], [ -80.846055369861787, 35.226262183237893 ], [ -80.846065572606207, 35.226265279463185 ], [ -80.846075352293354, 35.226269188245645 ], [ -80.846084613089943, 35.226273871282359 ], [ -80.846093264247457, 35.226279282683215 ], [ -80.846101220991216, 35.226285369420793 ], [ -80.846108405351231, 35.226292071849834 ], [ -80.846638305566046, 35.226838771478981 ], [ -80.846644546428593, 35.226845895895984 ], [ -80.846649913914348, 35.226853484278159 ], [ -80.846654357204443, 35.226861464779667 ], [ -80.846657834230101, 35.226869761842202 ], [ -80.846660312070981, 35.226878296910201 ], [ -80.84666176726688, 35.226886989174716 ], [ -80.846662186039865, 35.226895756338443 ], [ -80.846661564424664, 35.226904515394921 ], [ -80.846659908306378, 35.226913183414403 ], [ -80.84665723336461, 35.22692167832907 ], [ -80.846653564925091, 35.226929919709981 ], [ -80.84664893771992, 35.226937829528659 ], [ -80.846643395558715, 35.226945332895724 ], [ -80.846636990913893, 35.22695235877007 ], [ -80.846629784423726, 35.22695884063144 ], [ -80.846621844318435, 35.226964717110171 ], [ -80.846613245774023, 35.226969932568309 ], [ -80.846604070200598, 35.226974437626417 ], [ -80.84659440447156, 35.226978189630969 ], [ -80.846584340101117, 35.226981153058354 ], [ -80.846573972377811, 35.226983299851106 ], [ -80.846563399462312, 35.226984609683569 ], [ -80.846552721458067, 35.226985070154349 ], [ -80.846542039463515, 35.226984676903783 ], [ -80.846531454614833, 35.226983433655107 ], [ -80.846521067128435, 35.226981352179308 ], [ -80.84651097535216, 35.226978452183602 ], [ -80.846501274833997, 35.226974761124914 ], [ -80.845716274278772, 35.226637060797067 ], [ -80.845706938001214, 35.226632549497602 ], [ -80.845698188517119, 35.226627305709073 ], [ -80.845690110882245, 35.2266213804076 ], [ -80.845682783621001, 35.226614831194468 ], [ -80.845676277963236, 35.226607721736052 ], [ -80.845670657151757, 35.226600121145118 ], [ -80.845665975827487, 35.226592103308704 ], [ -80.84566227949837, 35.22658374617005 ], [ -80.845659604096952, 35.226575130970772 ], [ -80.845657975631056, 35.226566341461108 ], [ -80.845657409931022, 35.226557463085797 ], [ -80.845657912495795, 35.226548582153463 ], [ -80.845659478439487, 35.226539784997492 ], [ -80.845662092538888, 35.226531157136897 ], [ -80.84566572938148, 35.226522782444874 ], [ -80.845670353612476, 35.226514742333499 ], [ -80.845675920278509, 35.226507114962317 ], [ -80.845682375264673, 35.226499974478486 ], [ -80.845689655820564, 35.226493390296042 ], [ -80.845944755818692, 35.226284390457451 ] ] ] } },
{ "type": "Feature", "properties": { "centroid_id": 95, "poi_count": 29, "mean_dist_m": 82.630280167239576, "max_dist_m": 126.27885236666869, "poi_cluster_labels": "env", "dominant_poi_cluster": "env", "center_x_m": 514050.0, "center_y_m": 3897550.0, "center_lon": -80.845614222721352, "center_lat": 35.220887387192747 }, "geometry": { "type": "Polygon", "coordinates": [ [ [ -80.845779912983602, 35.219991815636902 ], [ -80.845790251232529, 35.219988701366951 ], [ -80.845800917433138, 35.219986451945893 ], [ -80.845811804445106, 35.219985089968851 ], [ -80.845822802910149, 35.219984629116645 ], [ -80.845833802350455, 35.21998507401846 ], [ -80.845844692278419, 35.219986420205309 ], [ -80.845855363306427, 35.21998865415501 ], [ -80.845865708245697, 35.219991753427863 ], [ -80.84587562318292, 35.219995686892162 ], [ -80.845885008524036, 35.220000415036893 ], [ -80.84589376999466, 35.220005890368576 ], [ -80.845901819587041, 35.220012057888319 ], [ -80.845909076444059, 35.220018855644355 ], [ -80.846238676581052, 35.220360755413232 ], [ -80.846243727978191, 35.220366437399456 ], [ -80.846986628540492, 35.221274436848603 ], [ -80.84699202832202, 35.221281766271119 ], [ -80.846996556336364, 35.221289483036472 ], [ -80.847000171732162, 35.221297517525059 ], [ -80.847002841891509, 35.221305797250835 ], [ -80.847004542724321, 35.221314247515217 ], [ -80.847005258885602, 35.221322792081011 ], [ -80.847004983913891, 35.221331353860243 ], [ -80.847003720289678, 35.221339855609628 ], [ -80.84700147941291, 35.221348220627398 ], [ -80.846998281500177, 35.221356373445381 ], [ -80.846994155402456, 35.221364240509786 ], [ -80.846989138344611, 35.221371750844874 ], [ -80.846983275589764, 35.221378836693226 ], [ -80.84668237574283, 35.221707736909103 ], [ -80.846675368569365, 35.221714649413514 ], [ -80.846667557299796, 35.22172095488974 ], [ -80.846659019603337, 35.221726590640856 ], [ -80.846649840372294, 35.221731500629211 ], [ -80.846640110877956, 35.221735636033536 ], [ -80.846629927863091, 35.221738955734473 ], [ -80.846619392579953, 35.221741426723391 ], [ -80.846608609783502, 35.221743024430609 ], [ -80.846597686689876, 35.22174373296972 ], [ -80.846586731910179, 35.221743545295539 ], [ -80.846575854370585, 35.221742463274168 ], [ -80.846565162229297, 35.22174049766442 ], [ -80.846554761800945, 35.221737668010839 ], [ -80.84654475649964, 35.221734002449423 ], [ -80.846535245810571, 35.221729537427763 ], [ -80.846526324300811, 35.221724317342684 ], [ -80.846518080679061, 35.221718394098815 ], [ -80.846510596913546, 35.221711826592433 ], [ -80.845184997297608, 35.22042552568707 ], [ -80.845178086806683, 35.220418065896801 ], [ -80.845152186825473, 35.220386865877693 ], [ -80.845146581338938, 35.22037934829148 ], [ -80.845141896942565, 35.220371417553928 ], [ -80.845138178386208, 35.220363149427577 ], [ -80.845135461193067, 35.220354622898022 ], [ -80.845133771320221, 35.220345919419408 ], [ -80.845133124910703, 35.2203371221362 ], [ -80.845133528139343, 35.220328315088977 ], [ -80.845134977153762, 35.220319582411548 ], [ -80.845137458111168, 35.220311007527258 ], [ -80.845140947310654, 35.220302672352041 ], [ -80.845145411419594, 35.220294656511847 ], [ -80.845150807792038, 35.220287036581958 ], [ -80.845157084876249, 35.220279885355573 ], [ -80.845164182707038, 35.220273271148322 ], [ -80.845172033478676, 35.220267257145665 ], [ -80.845180562192709, 35.220261900799301 ], [ -80.845189687374273, 35.220257253278362 ], [ -80.845743787001496, 35.220004953518107 ], [ -80.845754113005171, 35.220000815627905 ], [ -80.845779912983602, 35.219991815636902 ] ] ] } },
{ "type": "Feature", "properties": { "centroid_id": 96, "poi_count": 9, "mean_dist_m": 22.174932196450349, "max_dist_m": 23.729627471663424, "poi_cluster_labels": "env", "dominant_poi_cluster": "env", "center_x_m": 514075.0, "center_y_m": 3897900.0, "center_lon": -80.845333528098323, "center_lat": 35.22404301356611 }, "geometry": { "type": "Polygon", "coordinates": [ [ [ -80.845140379419774, 35.224240643795682 ], [ -80.845130164694964, 35.224238095318654 ], [ -80.84512029957169, 35.224234745458482 ], [ -80.845110877173539, 35.224230625836739 ], [ -80.845101986444845, 35.224225775341381 ], [ -80.845093711311179, 35.224220239759511 ], [ -80.845086129886965, 35.224214071345237 ], [ -80.845079313738239, 35.224207328326372 ], [ -80.845073327207004, 35.22420007435484 ], [ -80.845068226803932, 35.224192377905716 ], [ -80.845064060674858, 35.224184311630943 ], [ -80.84506086814639, 35.224175951673445 ], [ -80.845058679354608, 35.224167376948408 ], [ -80.845057514960644, 35.224158668398303 ], [ -80.845057385955627, 35.224149908228874 ], [ -80.845058293557017, 35.224141179133085 ], [ -80.845060229197017, 35.22413256351053 ], [ -80.845063174603567, 35.224124142689675 ], [ -80.845067101972745, 35.224115996160059 ], [ -80.845071974231345, 35.224108200822023 ], [ -80.845077745386703, 35.224100830260731 ], [ -80.845084360960968, 35.224093954051625 ], [ -80.845091758505376, 35.22408763710358 ], [ -80.845099868189635, 35.224081939046279 ], [ -80.845108613461178, 35.224076913667268 ], [ -80.845117911767801, 35.224072608404256 ], [ -80.845127675336897, 35.224069063897339 ], [ -80.845137812003955, 35.224066313605299 ], [ -80.845148226082642, 35.224064383489896 ], [ -80.845158819267951, 35.224063291770669 ], [ -80.845169491564207, 35.224063048753045 ], [ -80.845549291144394, 35.224069548744879 ], [ -80.8455601556159, 35.22407017767096 ], [ -80.8455708908498, 35.224071686044802 ], [ -80.84558139138575, 35.224074059048469 ], [ -80.84559155406896, 35.224077273370177 ], [ -80.845601279063587, 35.224081297433166 ], [ -80.845610470833563, 35.22408609170602 ], [ -80.845619039081001, 35.224091609090927 ], [ -80.845626899633288, 35.224097795386371 ], [ -80.845633975270033, 35.224104589819625 ], [ -80.845640196481554, 35.224111925643761 ], [ -80.845645502151896, 35.224119730793269 ], [ -80.845649840159041, 35.224127928592139 ], [ -80.845653167887093, 35.224136438506974 ], [ -80.845655452644834, 35.224145176938237 ], [ -80.845656671986958, 35.224154058041506 ], [ -80.845656813934582, 35.224162994570641 ], [ -80.845655877092881, 35.224171898735072 ], [ -80.845653870664819, 35.224180683062137 ], [ -80.845650814360823, 35.224189261256363 ], [ -80.845646738205062, 35.224197549047283 ], [ -80.845641682240625, 35.224205465017278 ], [ -80.845635696136043, 35.224212931401382 ], [ -80.845628838697394, 35.224219874851244 ], [ -80.845564738708688, 35.224278574894022 ], [ -80.845557106701918, 35.224284905105769 ], [ -80.84554875102306, 35.224290586753511 ], [ -80.845539753157482, 35.224295564429184 ], [ -80.84553020085329, 35.224299789589899 ], [ -80.84552018726562, 35.22430322103142 ], [ -80.845509810048085, 35.224305825289917 ], [ -80.845499170400558, 35.224307576968357 ], [ -80.845488372082116, 35.224308458984147 ], [ -80.845477520399271, 35.22430846273577 ], [ -80.845466721178951, 35.224307588186647 ], [ -80.845456079736451, 35.224305843865487 ], [ -80.845140379419774, 35.224240643795682 ] ] ] } },
{ "type": "Feature", "properties": { "centroid_id": 97, "poi_count": 18, "mean_dist_m": 38.559095071830335, "max_dist_m": 68.093740929784275, "poi_cluster_labels": "env", "dominant_poi_cluster": "env", "center_x_m": 514075.0, "center_y_m": 3898075.0, "center_lon": -80.845330533886965, "center_lat": 35.225621001449802 }, "geometry": { "type": "Polygon", "coordinates": [ [ [ -80.845305652103264, 35.225456440188537 ], [ -80.845315083299937, 35.225451022772219 ], [ -80.845325153447888, 35.225446444725371 ], [ -80.845335752023175, 35.22544275629388 ], [ -80.845346762702206, 35.225439997959739 ], [ -80.845358064638447, 35.225438199996731 ], [ -80.845369533788713, 35.22543738213821 ], [ -80.845381044274646, 35.225437553360507 ], [ -80.845636343994443, 35.22545235334367 ], [ -80.845647414028448, 35.225453460563507 ], [ -80.84565829029782, 35.22545548273785 ], [ -80.845668860788408, 35.225458399040448 ], [ -80.845679016635259, 35.225462179436434 ], [ -80.845688653243784, 35.225466784991724 ], [ -80.845697671366963, 35.225472168273932 ], [ -80.845705978127384, 35.225478273840878 ], [ -80.845713487973995, 35.225485038811627 ], [ -80.845720123562984, 35.225492393514067 ], [ -80.845725816554449, 35.225500262202353 ], [ -80.845730508316223, 35.225508563837209 ], [ -80.84573415052769, 35.225517212920401 ], [ -80.845736705677496, 35.22552612037525 ], [ -80.845866206425384, 35.22610872026307 ], [ -80.845867617302076, 35.226117480367897 ], [ -80.845867976486417, 35.226126311723768 ], [ -80.845867280528836, 35.226135129523342 ], [ -80.845865536112242, 35.226143849089446 ], [ -80.845862759987924, 35.226152386688184 ], [ -80.845858978814661, 35.2261606603331 ], [ -80.845854228902738, 35.226168590572435 ], [ -80.84584855586526, 35.226176101252129 ], [ -80.845842014180121, 35.226183120247157 ], [ -80.845834666666946, 35.226189580154092 ], [ -80.845826583883735, 35.226195418938431 ], [ -80.845817843449368, 35.22620058053031 ], [ -80.845808529298168, 35.2262050153629 ], [ -80.845798730873923, 35.226208680848515 ], [ -80.845788542270938, 35.226211541787414 ], [ -80.845778061330478, 35.22621357070598 ], [ -80.845767388701105, 35.226214748120505 ], [ -80.845756626872216, 35.226215062724236 ], [ -80.844902425927572, 35.22620566271155 ], [ -80.844891421707686, 35.226205087598544 ], [ -80.844880543124503, 35.226203610481861 ], [ -80.844869899708158, 35.226201246233749 ], [ -80.844859598621042, 35.226198018658437 ], [ -80.844849743578735, 35.226193960252502 ], [ -80.844840433805871, 35.226189111877673 ], [ -80.844831763036993, 35.226183522349409 ], [ -80.844823818572848, 35.226177247945394 ], [ -80.844816680401422, 35.226170351838896 ], [ -80.84481042039252, 35.226162903462765 ], [ -80.844805101574195, 35.226154977810239 ], [ -80.844800777498193, 35.226146654680022 ], [ -80.844797491700717, 35.226138017872714 ], [ -80.844795277264168, 35.226129154347113 ], [ -80.844794156484014, 35.226120153344702 ], [ -80.844794140644325, 35.226111105491086 ], [ -80.844795229904236, 35.226102101883598 ], [ -80.844797413296277, 35.226093233173984 ], [ -80.844800668836896, 35.226084588655795 ], [ -80.844979269276621, 35.225682988807201 ], [ -80.844983211735666, 35.225675259421628 ], [ -80.844988011541716, 35.225667863695321 ], [ -80.844993627248556, 35.225660865489822 ], [ -80.845000010364785, 35.225654325234125 ], [ -80.845007105772524, 35.22564829940282 ], [ -80.845014852203334, 35.225642840028485 ], [ -80.845305652103264, 35.225456440188537 ] ] ] } },
{ "type": "Feature", "properties": { "centroid_id": 98, "poi_count": 9, "mean_dist_m": 60.262894033379865, "max_dist_m": 91.236708005247038, "poi_cluster_labels": "env", "dominant_poi_cluster": "env", "center_x_m": 514075.0, "center_y_m": 3898275.0, "center_lon": -80.845327111646142, "center_lat": 35.227424415669056 }, "geometry": { "type": "Polygon", "coordinates": [ [ [ -80.845270920680363, 35.226796706433682 ], [ -80.845279875265788, 35.226791292568848 ], [ -80.845289450938409, 35.226786649189336 ], [ -80.845299549597485, 35.226782823865548 ], [ -80.845310067784354, 35.226779855787079 ], [ -80.845320897742525, 35.226777775361256 ], [ -80.845331928521475, 35.226776603901548 ], [ -80.845343047113289, 35.226776353409349 ], [ -80.845354139610521, 35.226777026450847 ], [ -80.845365092372987, 35.226778616130922 ], [ -80.84537579319209, 35.226781106163628 ], [ -80.84538613244024, 35.22678447103916 ], [ -80.845396004194114, 35.226788676285075 ], [ -80.845405307319666, 35.226793678819575 ], [ -80.845413946508287, 35.226799427392798 ], [ -80.845421833253226, 35.226805863111814 ], [ -80.84608333336061, 35.227403262673619 ], [ -80.846089973100803, 35.227409862915536 ], [ -80.846095820338192, 35.227416949949706 ], [ -80.846100822397901, 35.227424459932784 ], [ -80.846104934218772, 35.227432325211325 ], [ -80.846108118759318, 35.227440474931143 ], [ -80.84611034733139, 35.227448835675716 ], [ -80.846111599858673, 35.227457332127415 ], [ -80.846111865057452, 35.227465887746121 ], [ -80.846111140538426, 35.227474425458702 ], [ -80.846109432828058, 35.227482868353249 ], [ -80.846106757309954, 35.227491140372031 ], [ -80.84583045813531, 35.228206540610053 ], [ -80.8458267199223, 35.228214795980556 ], [ -80.845822018076106, 35.228222712754118 ], [ -80.845816397447607, 35.228230215412317 ], [ -80.845809911651941, 35.228237232386981 ], [ -80.845802622557244, 35.228243696742815 ], [ -80.845794599694344, 35.228249546816045 ], [ -80.845785919593609, 35.228254726802497 ], [ -80.845776665054871, 35.228259187290014 ], [ -80.845766924357619, 35.228262885729762 ], [ -80.845756790418832, 35.228265786842101 ], [ -80.845746359906741, 35.228267862953174 ], [ -80.845735732318559, 35.228269094258835 ], [ -80.845725009031497, 35.228269469013576 ], [ -80.845714292335643, 35.228268983642572 ], [ -80.845703684458172, 35.228267642775855 ], [ -80.845693286588272, 35.228265459203996 ], [ -80.845683197911811, 35.22826245375623 ], [ -80.845673514665208, 35.228258655101683 ], [ -80.845664329217456, 35.228254099475961 ], [ -80.845655729188948, 35.228248830335389 ], [ -80.845647796615694, 35.228242897942614 ], [ -80.844597396629283, 35.227376597275772 ], [ -80.84459017874731, 35.227370029434248 ], [ -80.844583779686147, 35.227362913001222 ], [ -80.844578261001075, 35.22735531643292 ], [ -80.844573675778605, 35.227347312804255 ], [ -80.844570068125819, 35.227338979105767 ], [ -80.84456747274605, 35.227330395503103 ], [ -80.844565914605113, 35.227321644565791 ], [ -80.844565408691111, 35.227312810473002 ], [ -80.844565959870323, 35.227303978203835 ], [ -80.844567562840396, 35.227295232719776 ], [ -80.844570202181302, 35.227286658147477 ], [ -80.844573852503729, 35.227278336969469 ], [ -80.844578478693379, 35.227270349230778 ], [ -80.844584036248648, 35.227262771768899 ], [ -80.844590471708798, 35.227255677474659 ], [ -80.844597723168164, 35.227249134591105 ], [ -80.844605720871741, 35.227243206056976 ], [ -80.845270920680363, 35.226796706433682 ] ] ] } },
{ "type": "Feature", "properties": { "centroid_id": 99, "poi_count": 3, "mean_dist_m": 57.148055866769873, "max_dist_m": 90.22828040910484, "poi_cluster_labels": "env", "dominant_poi_cluster": "env", "center_x_m": 514100.0, "center_y_m": 3898450.0, "center_lon": -80.845049382691244, "center_lat": 35.229002051309578 }, "geometry": { "type": "Polygon", "coordinates": [ [ [ -80.84528862830355, 35.229008101685039 ], [ -80.845295135797613, 35.229000911475012 ], [ -80.845302480476136, 35.228994286416771 ], [ -80.845310589883766, 35.228988291866386 ], [ -80.84531938402111, 35.228982986960069 ], [ -80.845328776134068, 35.228978424030593 ], [ -80.845338673569501, 35.228974648091203 ], [ -80.845348978689316, 35.228971696391454 ], [ -80.845359589833734, 35.228969598049815 ], [ -80.845370402323994, 35.228968373766378 ], [ -80.84538130949511, 35.228968035618678 ], [ -80.845392203748091, 35.228968586942514 ], [ -80.845402977611386, 35.228970022299123 ], [ -80.845413524801046, 35.22897232752873 ], [ -80.845423741269244, 35.228975479890295 ], [ -80.845433526230721, 35.22897944828582 ], [ -80.845442783156898, 35.228984193567193 ], [ -80.845451420728281, 35.228989668922253 ], [ -80.845459353735251, 35.228995820336721 ], [ -80.84562725374758, 35.229139620228203 ], [ -80.845634372328945, 35.229146353901939 ], [ -80.845640645846501, 35.229153631386581 ], [ -80.845646012991111, 35.229161381561767 ], [ -80.845650421311262, 35.229169528687734 ], [ -80.84565382772567, 35.229177993145399 ], [ -80.845656198944297, 35.229186692214505 ], [ -80.845657511793675, 35.229195540881989 ], [ -80.845657753443419, 35.229204452672747 ], [ -80.845656921531614, 35.22921334049483 ], [ -80.84565502418792, 35.229222117490444 ], [ -80.845652079954107, 35.229230697884859 ], [ -80.845648117602934, 35.229238997824652 ], [ -80.845643175856864, 35.229246936197136 ], [ -80.845637303009752, 35.229254435423101 ], [ -80.84563055645485, 35.229261422214975 ], [ -80.845623002123943, 35.22926782829299 ], [ -80.844861902044286, 35.229852428758619 ], [ -80.844853772416286, 35.229858091521095 ], [ -80.844845012148141, 35.229863081091011 ], [ -80.844835703730084, 35.229867350484476 ], [ -80.844825934813997, 35.229870859499115 ], [ -80.844815797388037, 35.229873575092576 ], [ -80.844805386910465, 35.229875471693653 ], [ -80.844794801410714, 35.229876531443203 ], [ -80.84478414056629, 35.229876744362151 ], [ -80.84477350476422, 35.229876108445566 ], [ -80.844762994155715, 35.229874629681518 ], [ -80.844752707713099, 35.229872321994655 ], [ -80.844742742297811, 35.229869207115136 ], [ -80.844733191748347, 35.229865314373981 ], [ -80.844724145996636, 35.229860680426874 ], [ -80.844715690221136, 35.229855348908991 ], [ -80.844707904044853, 35.229849370024127 ], [ -80.84470086078548, 35.229842800071928 ], [ -80.844694626765062, 35.229835700917761 ], [ -80.84468926068547, 35.229828139410188 ], [ -80.844684813075631, 35.229820186751432 ], [ -80.84468132581577, 35.22981191782695 ], [ -80.844678831743053, 35.229803410500232 ], [ -80.844677354342323, 35.229794744879683 ], [ -80.844676907525056, 35.229786002564197 ], [ -80.844677495498317, 35.229777265874858 ], [ -80.844679112725203, 35.229768617079728 ], [ -80.844681743976949, 35.229760137619216 ], [ -80.844685364476362, 35.229751907339185 ], [ -80.844689940131147, 35.229744003739064 ], [ -80.844695427854958, 35.229736501242151 ], [ -80.84528862830355, 35.229008101685039 ] ] ] } },
{ "type": "Feature", "properties": { "centroid_id": 100, "poi_count": 12, "mean_dist_m": 63.33571903274818, "max_dist_m": 85.464019175722314, "poi_cluster_labels": "env", "dominant_poi_cluster": "env", "center_x_m": 514150.0, "center_y_m": 3897450.0, "center_lon": -80.844517114878784, "center_lat": 35.219984272944593 }, "geometry": { "type": "Polygon", "coordinates": [ [ [ -80.844579853302406, 35.21915004270307 ], [ -80.844588941481248, 35.219144800952897 ], [ -80.844598628133895, 35.219140338988062 ], [ -80.844608814261733, 35.219136702410232 ], [ -80.84461939576147, 35.219133928385652 ], [ -80.844630264489169, 35.21913204526507 ], [ -80.8446413093654, 35.219131072294161 ], [ -80.844652417510488, 35.219131019416785 ], [ -80.844663475398178, 35.219131887173369 ], [ -80.844674370015824, 35.219133666695321 ], [ -80.844684990019388, 35.219136339795796 ], [ -80.844695226871409, 35.219139879155449 ], [ -80.844704975950222, 35.219144248601694 ], [ -80.844714137619221, 35.21914940347834 ], [ -80.845210537438732, 35.21946010320832 ], [ -80.845218985304854, 35.219465965573264 ], [ -80.845226671984477, 35.219472495344107 ], [ -80.845233519552735, 35.219479626324478 ], [ -80.845239458591308, 35.219487286223163 ], [ -80.845244428892158, 35.219495397386957 ], [ -80.845248380067929, 35.219503877587847 ], [ -80.845251272062683, 35.219512640856657 ], [ -80.845253075558105, 35.219521598354518 ], [ -80.845253772270624, 35.219530659273552 ], [ -80.845264873240907, 35.220250659266114 ], [ -80.84526446101637, 35.220259685968863 ], [ -80.845262950306079, 35.220268633533195 ], [ -80.845260356270217, 35.220277412166674 ], [ -80.845256704940695, 35.220285933772089 ], [ -80.845252032959792, 35.220294112831596 ], [ -80.84524638721247, 35.220301867264929 ], [ -80.845239824355929, 35.220309119253088 ], [ -80.845232410250958, 35.220315796019293 ], [ -80.845224219301073, 35.220321830559371 ], [ -80.845215333705795, 35.220327162314121 ], [ -80.845205842635764, 35.220331737777101 ], [ -80.845195841337883, 35.220335511031564 ], [ -80.845185430179455, 35.220338444211258 ], [ -80.84517471364093, 35.220340507880465 ], [ -80.845163799267411, 35.220341681329352 ], [ -80.845152796589417, 35.220341952781858 ], [ -80.845141816023627, 35.220341319513842 ], [ -80.845130967764788, 35.220339787880434 ], [ -80.845120360679914, 35.220337373252221 ], [ -80.845110101215695, 35.220334099861063 ], [ -80.84510029233023, 35.220330000556842 ], [ -80.845091032459905, 35.220325116477873 ], [ -80.845082414531348, 35.220319496637998 ], [ -80.845074525029077, 35.220313197434706 ], [ -80.845015725036319, 35.220261297396142 ], [ -80.845006736164635, 35.220252254238268 ], [ -80.844979536181668, 35.220220954218497 ], [ -80.844976025644698, 35.220216659066196 ], [ -80.844601825982281, 35.219729158783579 ], [ -80.844597128720977, 35.219722410919296 ], [ -80.844593156922414, 35.21971535621482 ], [ -80.844589940087303, 35.219708047069631 ], [ -80.844587502108794, 35.219700537773072 ], [ -80.844475002633118, 35.219282337676063 ], [ -80.844473145193803, 35.219273247630191 ], [ -80.844472428227874, 35.219264049470539 ], [ -80.844472859225945, 35.21925483930147 ], [ -80.844474433684496, 35.219245713352834 ], [ -80.844477135152871, 35.219236766974412 ], [ -80.844480935405173, 35.219228093639856 ], [ -80.844485794735263, 35.219219783969926 ], [ -80.844491662371581, 35.219211924785739 ], [ -80.844498477007633, 35.219204598201586 ], [ -80.844506167442489, 35.219197880767055 ], [ -80.84451465332485, 35.219191842667186 ], [ -80.844579853302406, 35.21915004270307 ] ] ] } },
{ "type": "Feature", "properties": { "centroid_id": 101, "poi_count": 3, "mean_dist_m": 57.717944566956021, "max_dist_m": 57.717944566956021, "poi_cluster_labels": "env", "dominant_poi_cluster": "env", "center_x_m": 514175.0, "center_y_m": 3897975.0, "center_lon": -80.844233365689547, "center_lat": 35.224717885181363 }, "geometry": { "type": "Polygon", "coordinates": [ [ [ -80.843553811778321, 35.224946558037793 ], [ -80.843554357883491, 35.224937720444828 ], [ -80.843555957012654, 35.224928969330328 ], [ -80.843558593764996, 35.224920388972272 ], [ -80.84356224274687, 35.224912062004158 ], [ -80.843566868816296, 35.224904068619125 ], [ -80.843572427421492, 35.224896485797728 ], [ -80.843578865029897, 35.224889386566581 ], [ -80.843586119643717, 35.22488283929502 ], [ -80.843594121397032, 35.224876907036695 ], [ -80.843602793228627, 35.224871646922388 ], [ -80.843612051624078, 35.224867109609704 ], [ -80.843621807420206, 35.224863338795345 ], [ -80.843631966663537, 35.224860370794218 ], [ -80.843642431515278, 35.224858234189711 ], [ -80.843653101193496, 35.224856949558401 ], [ -80.843663872943694, 35.22485652927196 ], [ -80.843674643028351, 35.224856977377975 ], [ -80.84368530772602, 35.22485828956097 ], [ -80.843695764330135, 35.224860453183908 ], [ -80.843705912138233, 35.224863447410009 ], [ -80.843715653421597, 35.224867243403324 ], [ -80.843724894366574, 35.224871804606472 ], [ -80.843733545977969, 35.224877087092686 ], [ -80.843741524936135, 35.224883039988875 ], [ -80.843748754399371, 35.224889605965544 ], [ -80.843755164743968, 35.224896721788866 ], [ -80.843760694234675, 35.224904318929717 ], [ -80.843765289619341, 35.224912324223602 ], [ -80.843768906641657, 35.224920660575272 ], [ -80.843771510467491, 35.224929247701176 ], [ -80.843773076020227, 35.224938002902682 ], [ -80.843773588222433, 35.22494684186244 ], [ -80.843773042140981, 35.22495567945645 ], [ -80.843771443034569, 35.224964430573834 ], [ -80.843768806303174, 35.224973010936516 ], [ -80.843765157339632, 35.224981337910826 ], [ -80.843760531285199, 35.224989331303377 ], [ -80.843754972691102, 35.224996914133307 ], [ -80.843748535089475, 35.22500401337372 ], [ -80.843741280477843, 35.225010560654894 ], [ -80.843733278722041, 35.225016492922805 ], [ -80.843724606883399, 35.225021753046327 ], [ -80.843715348476564, 35.22502629036746 ], [ -80.843705592665216, 35.225030061189209 ], [ -80.843695433403369, 35.225033029196382 ], [ -80.843684968530525, 35.225035165805373 ], [ -80.84367429882947, 35.225036450439376 ], [ -80.84366352705554, 35.225036870726676 ], [ -80.843652756947193, 35.22503642261961 ], [ -80.843642092226759, 35.225035110433751 ], [ -80.843631635601682, 35.225032946806181 ], [ -80.84362148777528, 35.225029952573884 ], [ -80.84361174647691, 35.225026156573058 ], [ -80.843602505520821, 35.225021595361376 ], [ -80.843593853902661, 35.225016312865897 ], [ -80.843585874942306, 35.225010359960095 ], [ -80.843578645481557, 35.225003793973833 ], [ -80.843572235144023, 35.224996678141309 ], [ -80.843566705664685, 35.224989080991989 ], [ -80.843562110295252, 35.224981075690714 ], [ -80.843558493291425, 35.224972739332991 ], [ -80.843555889486709, 35.224964152202624 ], [ -80.843554323956809, 35.224955396998396 ], [ -80.843553811778321, 35.224946558037793 ] ] ] } },
{ "type": "Feature", "properties": { "centroid_id": 102, "poi_count": 48, "mean_dist_m": 37.234568518693898, "max_dist_m": 60.00601791986233, "poi_cluster_labels": "env", "dominant_poi_cluster": "env", "center_x_m": 514175.0, "center_y_m": 3898175.0, "center_lon": -80.844229919287784, "center_lat": 35.226521299576362 }, "geometry": { "type": "Polygon", "coordinates": [ [ [ -80.844478659568409, 35.226020897247444 ], [ -80.844487146296132, 35.226015594295092 ], [ -80.844496219639524, 35.226010991525655 ], [ -80.844505794100542, 35.226007132310933 ], [ -80.844515779459115, 35.226004053016247 ], [ -80.844526081623414, 35.226001782657725 ], [ -80.844536603516275, 35.226000342628929 ], [ -80.844547245990142, 35.225999746499205 ], [ -80.844557908761217, 35.225999999885886 ], [ -80.844568491354408, 35.226001100401291 ], [ -80.844578894050173, 35.226003037675305 ], [ -80.844589018824095, 35.226005793453041 ], [ -80.844598770270608, 35.226009341766861 ], [ -80.844608056501954, 35.226013649181034 ], [ -80.844616790014058, 35.226018675106907 ], [ -80.844624888511049, 35.226024372185236 ], [ -80.844632275680766, 35.226030686732557 ], [ -80.844638881913824, 35.226037559246926 ], [ -80.844644644959544, 35.226044924968718 ], [ -80.844649510512539, 35.226052714490798 ], [ -80.844653432724485, 35.226060854412502 ], [ -80.844656374636074, 35.226069268031388 ], [ -80.844658308525368, 35.226077876065901 ], [ -80.844659216169006, 35.226086597402499 ], [ -80.844659089013916, 35.226095349859975 ], [ -80.844639689366275, 35.226358249878224 ], [ -80.844638550996791, 35.226366834862432 ], [ -80.84463641701042, 35.226375291121016 ], [ -80.844633306979532, 35.226383541094179 ], [ -80.844629249428692, 35.226391509114102 ], [ -80.844624281573047, 35.226399122098989 ], [ -80.844618448976959, 35.226406310223375 ], [ -80.844611805136168, 35.226413007558556 ], [ -80.844604410987102, 35.226419152677266 ], [ -80.844596334347969, 35.226424689217126 ], [ -80.843781234037721, 35.226931089656951 ], [ -80.843772522035465, 35.226935980348962 ], [ -80.843763278361351, 35.226940162599014 ], [ -80.843753588305617, 35.226943597817979 ], [ -80.843743541277234, 35.226946254309446 ], [ -80.843733229979023, 35.226948107562301 ], [ -80.843722749552143, 35.226949140476783 ], [ -80.84371219669832, 35.226949343522278 ], [ -80.843701668787546, 35.226948714825355 ], [ -80.843691262959723, 35.226947260186897 ], [ -80.843681075228233, 35.22694499302871 ], [ -80.843671199594112, 35.22694193426959 ], [ -80.843661727178684, 35.226938112132373 ], [ -80.843652745382784, 35.226933561883492 ], [ -80.84364433708032, 35.226928325507544 ], [ -80.84363657985358, 35.226922451319979 ], [ -80.843629545277423, 35.226915993521196 ], [ -80.843623298258862, 35.226909011696556 ], [ -80.843617896438161, 35.22690157026647 ], [ -80.843533496549654, 35.226771470200035 ], [ -80.843528853425255, 35.226763366736868 ], [ -80.843525212688576, 35.226754925352942 ], [ -80.843522610242459, 35.226746229292971 ], [ -80.843521071750558, 35.226737364313109 ], [ -80.843520612384339, 35.226728417835297 ], [ -80.84352123667351, 35.226719478085101 ], [ -80.843522938461263, 35.226710633221778 ], [ -80.843525700965131, 35.226701970468767 ], [ -80.843529496942395, 35.226693575253655 ], [ -80.843534288958807, 35.226685530365657 ], [ -80.843540029757733, 35.226677915139213 ], [ -80.843546662726183, 35.22667080467167 ], [ -80.843554122453142, 35.226664269082676 ], [ -80.843583622451462, 35.226640869101026 ], [ -80.843588633773919, 35.226637132129511 ], [ -80.843767433732395, 35.226511832233399 ], [ -80.843768059747475, 35.226511396838248 ], [ -80.844478659568409, 35.226020897247444 ] ] ] } },
{ "type": "Feature", "properties": { "centroid_id": 103, "poi_count": 12, "mean_dist_m": 49.079593390365034, "max_dist_m": 73.675776440567915, "poi_cluster_labels": "env", "dominant_poi_cluster": "env", "center_x_m": 514175.0, "center_y_m": 3898350.0, "center_lon": -80.844226903435114, "center_lat": 35.228099286730149 }, "geometry": { "type": "Polygon", "coordinates": [ [ [ -80.843737162179991, 35.227661651979048 ], [ -80.843745007327868, 35.227655610151658 ], [ -80.843753534930286, 35.227650226787993 ], [ -80.84376266324135, 35.227645553493097 ], [ -80.843772304756811, 35.227641635065268 ], [ -80.843782367052825, 35.227638509066644 ], [ -80.843792753672048, 35.227636205463078 ], [ -80.843803365048146, 35.22763474633696 ], [ -80.843814099460303, 35.227634145675523 ], [ -80.843824854008247, 35.227634409236686 ], [ -80.843835525598749, 35.227635534493963 ], [ -80.843846011933778, 35.227637510660621 ], [ -80.843856212491133, 35.227640318793085 ], [ -80.843866029488055, 35.227643931972565 ], [ -80.843875368818601, 35.227648315563023 ], [ -80.84388414095568, 35.227653427543331 ], [ -80.843892261809287, 35.227659218909906 ], [ -80.84479126175593, 35.228366618352496 ], [ -80.84479873068355, 35.228373107426762 ], [ -80.844805381165955, 35.228380170600246 ], [ -80.844811148040577, 35.228387738667045 ], [ -80.844815974802515, 35.228395737474116 ], [ -80.844819814158171, 35.228404088648013 ], [ -80.844822628488629, 35.228412710362662 ], [ -80.844824390218363, 35.228421518141239 ], [ -80.844825082085293, 35.22843042568374 ], [ -80.844824697310088, 35.228439345712658 ], [ -80.84482323966246, 35.228448190828139 ], [ -80.844820723424334, 35.228456874364277 ], [ -80.844817173249908, 35.228465311238324 ], [ -80.844812623924085, 35.22847341878439 ], [ -80.844807120021642, 35.228481117563298 ], [ -80.844800715470527, 35.228488332141069 ], [ -80.844793473023444, 35.228494991827986 ], [ -80.844785463643021, 35.228501031371238 ], [ -80.844776765806458, 35.228506391594273 ], [ -80.844767464736648, 35.228511019976636 ], [ -80.844757651567122, 35.228514871168578 ], [ -80.843949250884677, 35.228792671446477 ], [ -80.843939083802113, 35.228795692000901 ], [ -80.843928604158933, 35.228797878075866 ], [ -80.843917913415396, 35.228799208506587 ], [ -80.843907115075595, 35.228799670412286 ], [ -80.843896313685349, 35.228799259320951 ], [ -80.843885613819978, 35.228797979212629 ], [ -80.843875119071939, 35.228795842480878 ], [ -80.843864931047733, 35.228792869812821 ], [ -80.843855148384236, 35.228789089988766 ], [ -80.843845865793767, 35.228784539603694 ], [ -80.843837173147023, 35.228779262712841 ], [ -80.843829154603057, 35.228773310405195 ], [ -80.843821887794434, 35.228766740308942 ], [ -80.843815443075641, 35.2287596160334 ], [ -80.843809882841896, 35.228752006553258 ], [ -80.843805260925166, 35.228743985540781 ], [ -80.843801622072874, 35.228735630652523 ], [ -80.843799001514753, 35.228727022777434 ], [ -80.843586202636246, 35.227845622593421 ], [ -80.843584648052968, 35.227837030609848 ], [ -80.843584108199025, 35.227828355755314 ], [ -80.84358458808363, 35.22781967852795 ], [ -80.843586083253385, 35.227811079447896 ], [ -80.843588579833622, 35.227802638310067 ], [ -80.843592054657051, 35.227794433443783 ], [ -80.84359647547889, 35.227786540985811 ], [ -80.843601801275994, 35.227779034173956 ], [ -80.843607982627589, 35.227771982667399 ], [ -80.843614962173888, 35.227765451900332 ], [ -80.843737162179991, 35.227661651979048 ] ] ] } },
{ "type": "Feature", "properties": { "centroid_id": 104, "poi_count": 11, "mean_dist_m": 73.008468750563793, "max_dist_m": 94.49096288820509, "poi_cluster_labels": "env", "dominant_poi_cluster": "env", "center_x_m": 514250.0, "center_y_m": 3897350.0, "center_lon": -80.84342003134239, "center_lat": 35.219081148682442 }, "geometry": { "type": "Polygon", "coordinates": [ [ [ -80.8431820172774, 35.21865069907382 ], [ -80.843181904318286, 35.218641771090347 ], [ -80.843182867838394, 35.218632877706163 ], [ -80.843184898390675, 35.218624106115392 ], [ -80.843187976066474, 35.218615542318062 ], [ -80.843192070690762, 35.218607270276891 ], [ -80.843197142118015, 35.218599371094058 ], [ -80.843203140625803, 35.218591922216106 ], [ -80.843210007402291, 35.218584996674572 ], [ -80.843217675122858, 35.218578662370021 ], [ -80.843226068610221, 35.21857298140629 ], [ -80.843235105571438, 35.218568009481587 ], [ -80.843244697404785, 35.218563795342469 ], [ -80.843254750068397, 35.218560380305881 ], [ -80.843265165002322, 35.218557797854025 ], [ -80.843275840094819, 35.218556073306232 ], [ -80.843286670683455, 35.218555223570554 ], [ -80.843297550581298, 35.2185552569781 ], [ -80.843308373117978, 35.218556173201321 ], [ -80.843319032185505, 35.21855796325729 ], [ -80.844457831048032, 35.218797963000704 ], [ -80.844468268824727, 35.218800623233761 ], [ -80.844478332920133, 35.218804121252759 ], [ -80.844487923760951, 35.218808422448625 ], [ -80.844496946456204, 35.218813484265695 ], [ -80.844505311736029, 35.218819256622808 ], [ -80.844512936834903, 35.218825682408756 ], [ -80.844519746310553, 35.218832698047351 ], [ -80.844525672790382, 35.218840234126439 ], [ -80.844530657637989, 35.218848216084638 ], [ -80.844534651533408, 35.218856564949057 ], [ -80.844537614960998, 35.218865198116646 ], [ -80.844539518600499, 35.218874030171456 ], [ -80.844540343617069, 35.218882973729706 ], [ -80.844540081847711, 35.218891940304417 ], [ -80.844538735881983, 35.218900841180812 ], [ -80.84453631903645, 35.218909588294167 ], [ -80.844532855222894, 35.218918095100989 ], [ -80.8445283787118, 35.218926277435379 ], [ -80.84443487884478, 35.219076677510287 ], [ -80.84443036561207, 35.21908324382143 ], [ -80.844425199758945, 35.219089477804552 ], [ -80.844419417394334, 35.219095335884475 ], [ -80.843467417588627, 35.219981336524349 ], [ -80.843459888053488, 35.219987685861355 ], [ -80.843451635566723, 35.219993398187654 ], [ -80.84344273979579, 35.219998418357811 ], [ -80.843433286618279, 35.220002697908264 ], [ -80.843423367292885, 35.220006195525215 ], [ -80.843413077578461, 35.22000887744349 ], [ -80.843402516809505, 35.220010717772475 ], [ -80.843391786937246, 35.220011698746021 ], [ -80.843380991545473, 35.220011810894086 ], [ -80.843370234850397, 35.220011053133959 ], [ -80.843359620694727, 35.220009432780927 ], [ -80.843349251545078, 35.220006965477502 ], [ -80.843339227502824, 35.220003675042456 ], [ -80.843329645337732, 35.219999593240885 ], [ -80.843320597553728, 35.219994759477594 ], [ -80.84331217149591, 35.219989220416558 ], [ -80.84330444850734, 35.219983029530631 ], [ -80.843297503143731, 35.219976246585112 ], [ -80.843291402453787, 35.219968937060955 ], [ -80.84328620533185, 35.219961171522527 ], [ -80.843281961949401, 35.219953024936466 ], [ -80.843278713270735, 35.219944575947878 ], [ -80.843276490657445, 35.219935906121201 ], [ -80.843275315565748, 35.219927099152727 ], [ -80.8431820172774, 35.21865069907382 ] ] ] } },
{ "type": "Feature", "properties": { "centroid_id": 105, "poi_count": 8, "mean_dist_m": 99.189926828802754, "max_dist_m": 123.46492803218617, "poi_cluster_labels": "env", "dominant_poi_cluster": "env", "center_x_m": 514250.0, "center_y_m": 3897700.0, "center_lon": -80.843413969709502, "center_lat": 35.222237126342236 }, "geometry": { "type": "Polygon", "coordinates": [ [ [ -80.843560095996651, 35.221614676079447 ], [ -80.843561873695165, 35.221606058700218 ], [ -80.843564659703915, 35.221597623029346 ], [ -80.843568427848538, 35.221589448318333 ], [ -80.843573142727777, 35.221581611366986 ], [ -80.843578760045986, 35.221574185801948 ], [ -80.843585227029379, 35.221567241384903 ], [ -80.843592482921721, 35.221560843357246 ], [ -80.843600459555219, 35.22155505182711 ], [ -80.84360908199092, 35.221549921204769 ], [ -80.843618269222716, 35.221545499691345 ], [ -80.843627934938397, 35.221541828825998 ], [ -80.843637988330585, 35.221538943095752 ], [ -80.843648334949748, 35.221536869611434 ], [ -80.843658877591608, 35.221535627852987 ], [ -80.843669517210273, 35.221535229486449 ], [ -80.843680153848837, 35.221535678254419 ], [ -80.843690687578317, 35.221536969940786 ], [ -80.843701019436622, 35.22153909241046 ], [ -80.843711052358117, 35.221542025723281 ], [ -80.843720692085583, 35.221545742321396 ], [ -80.843729848055787, 35.221550207288175 ], [ -80.843738434250213, 35.221555378676157 ], [ -80.843746370003245, 35.221561207901239 ], [ -80.843753580759952, 35.221567640199069 ], [ -80.843759998776605, 35.221574615139524 ], [ -80.843765563757003, 35.221582067194419 ], [ -80.843770223419043, 35.221589926353211 ], [ -80.84377393398583, 35.221598118780662 ], [ -80.843776660597044, 35.221606567510477 ], [ -80.843778377636355, 35.221615193168461 ], [ -80.844007679821217, 35.223266792970136 ], [ -80.844008375411974, 35.22327574194756 ], [ -80.844007984381733, 35.223284703367057 ], [ -80.844006510597296, 35.223293588604001 ], [ -80.844003968633388, 35.223302309787151 ], [ -80.844000383628639, 35.223310780667632 ], [ -80.84399579103696, 35.223318917471985 ], [ -80.843990236276881, 35.223326639730544 ], [ -80.843983774282435, 35.223333871073351 ], [ -80.843976468959895, 35.223340539985358 ], [ -80.843968392555766, 35.22334658051372 ], [ -80.843959624942258, 35.223351932920046 ], [ -80.843950252827455, 35.223356544271176 ], [ -80.843940368897734, 35.223360368962688 ], [ -80.843930070901195, 35.223363369169903 ], [ -80.843919460680894, 35.22336551522195 ], [ -80.843908643167723, 35.22336678589523 ], [ -80.843897725342615, 35.223367168623284 ], [ -80.843886815178578, 35.223366659621071 ], [ -80.843876020572836, 35.223365263922446 ], [ -80.843865448279772, 35.223362995330312 ], [ -80.843855202855181, 35.223359876280142 ], [ -80.843845385622217, 35.223355937618109 ], [ -80.843404185326719, 35.223156037426385 ], [ -80.84339495622352, 35.223151353602042 ], [ -80.84338633510815, 35.223145945644575 ], [ -80.843378406055137, 35.223139866293366 ], [ -80.843371246389879, 35.223133174835311 ], [ -80.843364925934466, 35.223125936526714 ], [ -80.843359506326863, 35.223118221956788 ], [ -80.843355040419738, 35.22311010635935 ], [ -80.843351571765098, 35.22310166887906 ], [ -80.843349134189495, 35.223092991799618 ], [ -80.84334775146425, 35.223084159741326 ], [ -80.843347437073547, 35.223075258835799 ], [ -80.843348194083049, 35.223066375886063 ], [ -80.843560095996651, 35.221614676079447 ] ] ] } },
{ "type": "Feature", "properties": { "centroid_id": 106, "poi_count": 9, "mean_dist_m": 93.005004382941607, "max_dist_m": 122.95578930535039, "poi_cluster_labels": "env", "dominant_poi_cluster": "env", "center_x_m": 514275.0, "center_y_m": 3898050.0, "center_lon": -80.843133185080362, "center_lat": 35.225392746675631 }, "geometry": { "type": "Polygon", "coordinates": [ [ [ -80.842434114746908, 35.2243434854513 ], [ -80.84244226226339, 35.224337826426442 ], [ -80.842451040461427, 35.224332842771922 ], [ -80.842460366509783, 35.224328581513518 ], [ -80.842470152407685, 35.224325082860517 ], [ -80.8424803058153, 35.224322379826255 ], [ -80.842490730924979, 35.224320497916544 ], [ -80.842501329365348, 35.224319454889105 ], [ -80.842512001129464, 35.224319260585951 ], [ -80.8425226455185, 35.224319916840543 ], [ -80.842533162091982, 35.224321417460438 ], [ -80.842543451615455, 35.224323748285805 ], [ -80.842553416996921, 35.224326887322945 ], [ -80.842562964202898, 35.224330804951883 ], [ -80.842572003145861, 35.224335464205858 ], [ -80.84258044853415, 35.224340821120094 ], [ -80.842588220676859, 35.224346825146704 ], [ -80.843392920728178, 35.225031924627956 ], [ -80.843400063682196, 35.225038640791553 ], [ -80.843406363591029, 35.225045902861908 ], [ -80.843411758886148, 35.22505363986761 ], [ -80.843416196839655, 35.22506177619573 ], [ -80.843419634079638, 35.225070232330822 ], [ -80.843422037013966, 35.225078925631948 ], [ -80.843423382158662, 35.225087771140345 ], [ -80.84342365636742, 35.225096682409735 ], [ -80.843422856960089, 35.22510557235109 ], [ -80.843420991748843, 35.225114354083857 ], [ -80.843418078961875, 35.225122941784925 ], [ -80.843414147065303, 35.225131251527394 ], [ -80.843409234484923, 35.225139202100863 ], [ -80.843403389230701, 35.225146715804989 ], [ -80.84339666842763, 35.225153719208919 ], [ -80.843389137757399, 35.225160143868898 ], [ -80.843380870816517, 35.225165926997214 ], [ -80.84337194839712, 35.225171012075684 ], [ -80.843362457697268, 35.225175349408254 ], [ -80.843352491468892, 35.225178896606423 ], [ -80.843342147111244, 35.225181619003664 ], [ -80.843331525719051, 35.22518348999413 ], [ -80.843320731094479, 35.225184491292779 ], [ -80.843309868732774, 35.225184613113996 ], [ -80.843299044791095, 35.225183854267186 ], [ -80.84328836505118, 35.225182222168542 ], [ -80.843277933885432, 35.22517973276846 ], [ -80.843267853236981, 35.22517641039569 ], [ -80.843258221623302, 35.225172287519577 ], [ -80.843249133173472, 35.22516740443271 ], [ -80.842294432775915, 35.224597203928539 ], [ -80.842286062025948, 35.224591670830996 ], [ -80.842278390107182, 35.224585493127059 ], [ -80.84227149042475, 35.224578729925312 ], [ -80.842265428994949, 35.224571445936412 ], [ -80.842260263813628, 35.224563710853886 ], [ -80.842256044301166, 35.224555598687367 ], [ -80.842252810829763, 35.224547187054391 ], [ -80.842250594337102, 35.224538556437793 ], [ -80.842249416030313, 35.224529789415598 ], [ -80.842249287183137, 35.22452096987098 ], [ -80.84225020902808, 35.224512182189585 ], [ -80.842252172744537, 35.224503510452195 ], [ -80.842255159543313, 35.224495037630192 ], [ -80.842259140846323, 35.224486844791699 ], [ -80.842264078560106, 35.224479010325958 ], [ -80.842269925440306, 35.22447160919323 ], [ -80.842276625543619, 35.224464712207642 ], [ -80.842284114763231, 35.224458385359668 ], [ -80.842434114746908, 35.2243434854513 ] ] ] } },
{ "type": "Feature", "properties": { "centroid_id": 107, "poi_count": 111, "mean_dist_m": 45.624253724320077, "max_dist_m": 69.476185821916005, "poi_cluster_labels": "env", "dominant_poi_cluster": "env", "center_x_m": 514275.0, "center_y_m": 3898250.0, "center_lon": -80.843129714250068, "center_lat": 35.227196160774433 }, "geometry": { "type": "Polygon", "coordinates": [ [ [ -80.84266828500445, 35.226698081567889 ], [ -80.84267792524949, 35.226694135548115 ], [ -80.842687990051687, 35.226690983045096 ], [ -80.842698382679657, 35.226688654357098 ], [ -80.842709003251343, 35.226687171864782 ], [ -80.842719749693984, 35.226686549816179 ], [ -80.842730518725077, 35.226686794189717 ], [ -80.84349981788192, 35.226735294134748 ], [ -80.843509227756172, 35.226736223706602 ], [ -80.843518505016249, 35.226737815142144 ], [ -80.84352758065198, 35.226740056603248 ], [ -80.843536387152994, 35.226742931416503 ], [ -80.843712387011621, 35.226807731351592 ], [ -80.843722031603377, 35.226811761663477 ], [ -80.843731146243016, 35.22681655092542 ], [ -80.843739642514166, 35.226822052679331 ], [ -80.843747437998843, 35.226828213555599 ], [ -80.843754457077026, 35.22683497379083 ], [ -80.843760631660075, 35.226842267807498 ], [ -80.843765901851398, 35.226850024850179 ], [ -80.84377021652729, 35.226858169671836 ], [ -80.843773533833073, 35.226866623263739 ], [ -80.84377582158892, 35.226875303621966 ], [ -80.843777057602153, 35.226884126542771 ], [ -80.843809658151386, 35.227293926515067 ], [ -80.843809880356275, 35.227301085943154 ], [ -80.843809409412444, 35.227308237259543 ], [ -80.843775609804851, 35.227603337290688 ], [ -80.843774137416389, 35.227611830849845 ], [ -80.843771687972151, 35.227620171150434 ], [ -80.84376828364438, 35.227628282695584 ], [ -80.843763955248974, 35.227636092059079 ], [ -80.843758741966596, 35.227643528550047 ], [ -80.843752690987998, 35.227650524852876 ], [ -80.843745857086844, 35.227657017636545 ], [ -80.84373830212391, 35.227662948127929 ], [ -80.843730094487142, 35.227668262643753 ], [ -80.843580194420525, 35.22775616272164 ], [ -80.843570780044871, 35.227761109720895 ], [ -80.843560801847346, 35.227765246283155 ], [ -80.843550363093669, 35.227768529598535 ], [ -80.843539571816009, 35.227770925687523 ], [ -80.843528539694859, 35.227772409752653 ], [ -80.843517380903279, 35.22777296643509 ], [ -80.843506210925284, 35.227772589973675 ], [ -80.842625909964298, 35.22770598989878 ], [ -80.842614281224925, 35.227704592193639 ], [ -80.842602900907139, 35.227702183451733 ], [ -80.84259189918015, 35.227698791224505 ], [ -80.842581401882754, 35.227694454312577 ], [ -80.842571529083983, 35.227689222321999 ], [ -80.842413229017268, 35.22759512223864 ], [ -80.842404427287732, 35.227589300928265 ], [ -80.842396401001082, 35.22758276843394 ], [ -80.84238923509902, 35.227575593888837 ], [ -80.842383005417815, 35.227567853220926 ], [ -80.842377777885659, 35.227559628349383 ], [ -80.842373607825024, 35.227551006317704 ], [ -80.84237053936711, 35.227542078372458 ], [ -80.842368604984898, 35.227532938997669 ], [ -80.842367825149495, 35.227523684914871 ], [ -80.842368208113442, 35.22751441405952 ], [ -80.842437508999339, 35.226849714123688 ], [ -80.842438938226863, 35.226841016396129 ], [ -80.842441391162552, 35.226832473876854 ], [ -80.842444844568575, 35.226824167492232 ], [ -80.842449265729272, 35.22681617593161 ], [ -80.842454612761159, 35.226808574901867 ], [ -80.842460835009661, 35.226801436410227 ], [ -80.842467873529031, 35.226794828082113 ], [ -80.842475661640762, 35.226788812520503 ], [ -80.842484125565235, 35.226783446712886 ], [ -80.842493185120674, 35.226778781491383 ], [ -80.84266828500445, 35.226698081567889 ] ] ] } },
{ "type": "Feature", "properties": { "centroid_id": 108, "poi_count": 3, "mean_dist_m": 53.771784299661583, "max_dist_m": 66.482203199571643, "poi_cluster_labels": "env", "dominant_poi_cluster": "env", "center_x_m": 514275.0, "center_y_m": 3898450.0, "center_lon": -80.84312624311147, "center_lat": 35.228999574334587 }, "geometry": { "type": "Polygon", "coordinates": [ [ [ -80.843058076125232, 35.228330201440627 ], [ -80.843066716838592, 35.228324978120064 ], [ -80.84307593729848, 35.228320471309431 ], [ -80.84308564956055, 35.228316723994432 ], [ -80.843095760989769, 35.228313771916724 ], [ -80.843106175143845, 35.228311643233091 ], [ -80.843116792693152, 35.228310358246794 ], [ -80.843127512368127, 35.22830992921395 ], [ -80.843138231925153, 35.228310360226651 ], [ -80.843148849121704, 35.228311647173925 ], [ -80.843159262691586, 35.22831377778094 ], [ -80.843169373310744, 35.228316731726096 ], [ -80.84317908454463, 35.228320480834817 ], [ -80.843188303768002, 35.228324989348337 ], [ -80.843196943048298, 35.22833021426468 ], [ -80.843204919984387, 35.228336105748873 ], [ -80.84321215849252, 35.228342607608248 ], [ -80.843218589531986, 35.228349657828382 ], [ -80.843224151763579, 35.228357189164569 ], [ -80.843228792134767, 35.228365129783285 ], [ -80.843232466385572, 35.228373403947224 ], [ -80.843235139470849, 35.228381932737719 ], [ -80.843236785894476, 35.228390634807489 ], [ -80.843237389952591, 35.22839942715644 ], [ -80.843236945883362, 35.22840822592341 ], [ -80.843235457921992, 35.228416947185998 ], [ -80.843232940260279, 35.228425507760996 ], [ -80.843229416911299, 35.228433825997826 ], [ -80.843224921480399, 35.228441822557251 ], [ -80.843219496844682, 35.228449421168243 ], [ -80.843213194743967, 35.228456549355307 ], [ -80.842846294882136, 35.228831549611904 ], [ -80.842839209029478, 35.228838111099392 ], [ -80.842831380111107, 35.228844076964528 ], [ -80.842822882131145, 35.22884939081387 ], [ -80.84281379541811, 35.228854002417364 ], [ -80.842804205865733, 35.228857868182956 ], [ -80.842794204120921, 35.228860951568812 ], [ -80.842783884726984, 35.228863223428675 ], [ -80.842773345229858, 35.228864662287336 ], [ -80.842762685256076, 35.228865254543749 ], [ -80.842752005571057, 35.228864994599498 ], [ -80.842741407126468, 35.228863884911725 ], [ -80.842730990106062, 35.228861935970002 ], [ -80.842720852978658, 35.22885916619704 ], [ -80.842711091567267, 35.228855601774619 ], [ -80.842701798143352, 35.228851276396121 ], [ -80.842592698082697, 35.228794576343667 ], [ -80.842583754478042, 35.22878939885522 ], [ -80.84257548293138, 35.228783517036064 ], [ -80.842567965499001, 35.228776989235783 ], [ -80.842561276756115, 35.228769880212305 ], [ -80.842555483056998, 35.228762260489425 ], [ -80.842550641876741, 35.228754205657268 ], [ -80.842546801241127, 35.228745795622324 ], [ -80.84254399925014, 35.228737113814809 ], [ -80.842542263700111, 35.228728246360966 ], [ -80.842541611807832, 35.228719281228678 ], [ -80.842542050039953, 35.228710307354817 ], [ -80.842543574048705, 35.22870141376292 ], [ -80.842546168715131, 35.228692688680113 ], [ -80.842549808298998, 35.228684218661776 ], [ -80.842554456694288, 35.228676087733 ], [ -80.842560067787232, 35.228668376554978 ], [ -80.842566585913943, 35.228661161624792 ], [ -80.842573946412486, 35.22865451451662 ], [ -80.842582076264463, 35.228648501171662 ], [ -80.843058076125232, 35.228330201440627 ] ] ] } },
{ "type": "Feature", "properties": { "centroid_id": 109, "poi_count": 3, "mean_dist_m": 57.694858471109796, "max_dist_m": 99.70633521117098, "poi_cluster_labels": "env", "dominant_poi_cluster": "env", "center_x_m": 514325.0, "center_y_m": 3897250.0, "center_lon": -80.842597669842192, "center_lat": 35.21817837185953 }, "geometry": { "type": "Polygon", "coordinates": [ [ [ -80.842822719921813, 35.218104237998595 ], [ -80.842832561160918, 35.218100454308718 ], [ -80.842842809730783, 35.218097486925629 ], [ -80.842853365375035, 35.218095364877719 ], [ -80.842864124833355, 35.218094108923822 ], [ -80.842874982851697, 35.21809373135028 ], [ -80.842885833211824, 35.218094235850693 ], [ -80.842896569770417, 35.218095617489801 ], [ -80.842907087497423, 35.218097862751783 ], [ -80.842917283503454, 35.218100949672404 ], [ -80.842927058046357, 35.218104848053947 ], [ -80.843162457887644, 35.218210847952157 ], [ -80.843171822715362, 35.21821558008601 ], [ -80.843180564199145, 35.218221056754459 ], [ -80.843188594767071, 35.218227223092519 ], [ -80.843195833969148, 35.218234017326083 ], [ -80.843202209283163, 35.21824137139086 ], [ -80.843207656841273, 35.218249211614143 ], [ -80.843212122069772, 35.218257459452865 ], [ -80.84321556023589, 35.218266032280503 ], [ -80.843217936895826, 35.218274844214775 ], [ -80.843219228239946, 35.218283806977972 ], [ -80.843219421331256, 35.218292830781394 ], [ -80.843218514234991, 35.218301825224799 ], [ -80.843216516038069, 35.218310700202046 ], [ -80.843213446758028, 35.218319366803776 ], [ -80.843209337142554, 35.218327738208103 ], [ -80.843204228361401, 35.218335730550393 ], [ -80.843198171594011, 35.218343263763437 ], [ -80.843191227516783, 35.218350262379538 ], [ -80.843183465695262, 35.218356656286623 ], [ -80.843174963887179, 35.218362381430488 ], [ -80.843165807263503, 35.218367380456669 ], [ -80.843156087555229, 35.218371603284886 ], [ -80.843145902134353, 35.218375007610845 ], [ -80.841737000840538, 35.218779708024229 ], [ -80.841726498866919, 35.218782250269712 ], [ -80.841715740715131, 35.218783922165564 ], [ -80.841704833211736, 35.218784707110139 ], [ -80.841693884666299, 35.218784597309067 ], [ -80.841683003795907, 35.218783593852692 ], [ -80.841672298645676, 35.218781706705123 ], [ -80.84166187551584, 35.218778954605426 ], [ -80.841651837906156, 35.218775364881438 ], [ -80.84164228548822, 35.218770973178472 ], [ -80.841633313115722, 35.21876582310535 ], [ -80.841625009882577, 35.218759965801347 ], [ -80.841617458238176, 35.218753459428392 ], [ -80.84161073316875, 35.218746368593578 ], [ -80.841604901452712, 35.218738763707492 ], [ -80.841600020997646, 35.218730720285237 ], [ -80.84159614026521, 35.218722318196392 ], [ -80.841593297789998, 35.218713640872018 ], [ -80.8415915217969, 35.218704774476222 ], [ -80.841590829920776, 35.218695807050466 ], [ -80.841591229031465, 35.218686827639438 ], [ -80.841592715165532, 35.21867792540678 ], [ -80.841595273565645, 35.218669188749757 ], [ -80.841598878827099, 35.218660704421474 ], [ -80.841603495150096, 35.218652556669404 ], [ -80.841609076695335, 35.218644826398922 ], [ -80.841615568039046, 35.218637590369887 ], [ -80.841622904723465, 35.218630920434364 ], [ -80.841631013896802, 35.218624882823271 ], [ -80.841639815036714, 35.218619537488671 ], [ -80.841649220749858, 35.218614937508512 ], [ -80.842822719921813, 35.218104237998595 ] ] ] } },
{ "type": "Feature", "properties": { "centroid_id": 110, "poi_count": 30, "mean_dist_m": 61.636630173115982, "max_dist_m": 106.24974879887397, "poi_cluster_labels": "env", "dominant_poi_cluster": "env", "center_x_m": 514325.0, "center_y_m": 3897575.0, "center_lon": -80.84259201184166, "center_lat": 35.221108922920628 }, "geometry": { "type": "Polygon", "coordinates": [ [ [ -80.842751913981729, 35.220446644115967 ], [ -80.842761415641192, 35.220441715390983 ], [ -80.842771481197445, 35.220437609051189 ], [ -80.84278200531493, 35.220434368069242 ], [ -80.842792877859338, 35.220432026361813 ], [ -80.842803985050097, 35.220430608434725 ], [ -80.842815210651139, 35.22043012912652 ], [ -80.842826437187213, 35.220430593453123 ], [ -80.842837547173303, 35.220431996555369 ], [ -80.842848424344069, 35.220434323749913 ], [ -80.84370372353402, 35.220656223516933 ], [ -80.843714039124023, 35.220659374220112 ], [ -80.84372391884537, 35.220663355999875 ], [ -80.843733263564758, 35.220668128902986 ], [ -80.843741979517006, 35.22067364503809 ], [ -80.843749979245999, 35.220679849056175 ], [ -80.843757182482136, 35.220686678706024 ], [ -80.843763516947817, 35.22069406545878 ], [ -80.843768919082578, 35.220701935195613 ], [ -80.843773334681018, 35.22071020895136 ], [ -80.84377671943659, 35.220718803706951 ], [ -80.843779039386192, 35.220727633222282 ], [ -80.843780271251049, 35.220736608901724 ], [ -80.843780402670191, 35.220745640682964 ], [ -80.84377943232461, 35.220754637940736 ], [ -80.843777369950431, 35.220763510396139 ], [ -80.843774236241273, 35.220772169022538 ], [ -80.843770062640573, 35.220780526938839 ], [ -80.843764891026183, 35.220788500281223 ], [ -80.843124291674613, 35.221667000775135 ], [ -80.843118137484993, 35.221674549567602 ], [ -80.843111089124946, 35.221681552047684 ], [ -80.843103218101163, 35.221687937173968 ], [ -80.843094604266369, 35.221693640168205 ], [ -80.843085335009377, 35.221698603172463 ], [ -80.8430755043684, 35.22170277583615 ], [ -80.843065212077079, 35.221706115826812 ], [ -80.843054562552567, 35.221708589259627 ], [ -80.843043663836298, 35.221710171041138 ], [ -80.843032626497816, 35.22171084512388 ], [ -80.843021562513016, 35.221710604669148 ], [ -80.843010584128137, 35.221709452116414 ], [ -80.842999802720968, 35.221707399158532 ], [ -80.84149520125446, 35.221354498784436 ], [ -80.841485033999135, 35.221351666286758 ], [ -80.841475252163704, 35.221348033024462 ], [ -80.84146594914634, 35.221343633688399 ], [ -80.841457213773396, 35.221338510283999 ], [ -80.841449129451192, 35.221332711730177 ], [ -80.841441773369709, 35.221326293392266 ], [ -80.841435215765571, 35.221319316553348 ], [ -80.841429519251335, 35.221311847829114 ], [ -80.841424738217768, 35.221303958531834 ], [ -80.841420918314455, 35.221295723989435 ], [ -80.841418096013953, 35.221287222826263 ], [ -80.841416298263624, 35.221278536212353 ], [ -80.841415542228219, 35.221269747088456 ], [ -80.841415835126114, 35.221260939373991 ], [ -80.841417174160355, 35.221252197165946 ], [ -80.841419546545367, 35.221243603935775 ], [ -80.84142292962909, 35.221235241732458 ], [ -80.841427291109213, 35.221227190399077 ], [ -80.84143258934165, 35.221219526810486 ], [ -80.841438773738176, 35.221212324139302 ], [ -80.841445785249405, 35.221205651157227 ], [ -80.841453556928684, 35.221199571578452 ], [ -80.841462014571235, 35.221194143451264 ], [ -80.842751913981729, 35.220446644115967 ] ] ] } },
{ "type": "Feature", "properties": { "centroid_id": 111, "poi_count": 9, "mean_dist_m": 114.71878008780075, "max_dist_m": 130.73545536148819, "poi_cluster_labels": "env", "dominant_poi_cluster": "env", "center_x_m": 514350.0, "center_y_m": 3897775.0, "center_lon": -80.842313815906763, "center_lat": 35.222911980736711 }, "geometry": { "type": "Polygon", "coordinates": [ [ [ -80.842200959083428, 35.222207261492926 ], [ -80.842194787654577, 35.22220007237614 ], [ -80.842189498943767, 35.222192424152148 ], [ -80.842185143250489, 35.222184389561548 ], [ -80.842181762000507, 35.22217604501953 ], [ -80.84217938735182, 35.222167469889186 ], [ -80.842178041888857, 35.222158745726631 ], [ -80.842177738407671, 35.22214995550533 ], [ -80.842178479794271, 35.222141182827038 ], [ -80.842180258997161, 35.222132511126638 ], [ -80.842183059094438, 35.222124022878589 ], [ -80.842186853454763, 35.22211579881256 ], [ -80.842191605990593, 35.222107917145621 ], [ -80.842197271501476, 35.222100452838326 ], [ -80.842203796103931, 35.222093476881881 ], [ -80.842211117743872, 35.222087055622801 ], [ -80.842219166786933, 35.222081250132049 ], [ -80.842227866680545, 35.222076115624162 ], [ -80.842237134682179, 35.222071700932098 ], [ -80.842246882646208, 35.22206804804285 ], [ -80.842257017862281, 35.222065191698093 ], [ -80.842267443936962, 35.222063159063772 ], [ -80.84227806171063, 35.22206196947171 ], [ -80.84228877020044, 35.222061634235821 ], [ -80.842299467560778, 35.222062156544453 ], [ -80.842310052051914, 35.222063531430052 ], [ -80.842320423007536, 35.222065745816458 ], [ -80.842330481792217, 35.222068778643226 ], [ -80.842340132739466, 35.222072601065932 ], [ -80.842349284061612, 35.222077176730522 ], [ -80.842357848722699, 35.222082462119047 ], [ -80.842365745266349, 35.222088406963543 ], [ -80.842372898590412, 35.222094954724135 ], [ -80.84366969906425, 35.223405253823941 ], [ -80.843675997919931, 35.223412288340064 ], [ -80.843681438337867, 35.223419789682147 ], [ -80.843685969331332, 35.223427687549112 ], [ -80.843689548436416, 35.223435907923651 ], [ -80.843692142110143, 35.223444373765972 ], [ -80.843693726044791, 35.22345300573577 ], [ -80.843694285395671, 35.223461722935852 ], [ -80.843693814920343, 35.223470443670131 ], [ -80.843692319027681, 35.223479086209487 ], [ -80.843689811736596, 35.223487569557527 ], [ -80.843686316544677, 35.223495814209791 ], [ -80.843681866208001, 35.223503742898764 ], [ -80.843676502434079, 35.223511281318125 ], [ -80.843670275491121, 35.223518358819021 ], [ -80.843663243736771, 35.223524909072268 ], [ -80.843655473071365, 35.22353087068992 ], [ -80.843647036320192, 35.223536187800654 ], [ -80.843613836304414, 35.223555087817559 ], [ -80.843604414743709, 35.223559892145126 ], [ -80.843594450924897, 35.223563892563561 ], [ -80.843584046379206, 35.223567048308638 ], [ -80.843573307128878, 35.223569327223288 ], [ -80.843562342606887, 35.223570706085397 ], [ -80.84355126454173, 35.223571170844352 ], [ -80.84354018581891, 35.223570716764236 ], [ -80.843529219330605, 35.223569348472147 ], [ -80.843518476825352, 35.223567079911014 ], [ -80.843508067769278, 35.223563934197422 ], [ -80.843498098230597, 35.223559943386228 ], [ -80.84348866979883, 35.223555148143753 ], [ -80.843479878549587, 35.223549597333552 ], [ -80.843471814065467, 35.22354334751833 ], [ -80.843464558523365, 35.223536462383635 ], [ -80.842200959083428, 35.222207261492926 ] ] ] } },
{ "type": "Feature", "properties": { "centroid_id": 112, "poi_count": 6, "mean_dist_m": 88.961470357395811, "max_dist_m": 246.76996039886166, "poi_cluster_labels": "env", "dominant_poi_cluster": "env", "center_x_m": 514375.0, "center_y_m": 3897475.0, "center_lon": -80.842044343722847, "center_lat": 35.220206499472042 }, "geometry": { "type": "Polygon", "coordinates": [ [ [ -80.839711342751713, 35.219025384515007 ], [ -80.839704693406873, 35.219018588088211 ], [ -80.839698874721478, 35.219011296591582 ], [ -80.839693941059622, 35.219003578149973 ], [ -80.839689938516514, 35.218995504877221 ], [ -80.839686904487834, 35.21898715220231 ], [ -80.839684867320358, 35.218978598164668 ], [ -80.839683846047109, 35.218969922685098 ], [ -80.839683850209596, 35.21896120681896 ], [ -80.839684879768569, 35.218952531998923 ], [ -80.839686925104502, 35.218943979274165 ], [ -80.839689967107432, 35.218935628553083 ], [ -80.839693977355552, 35.218927557856716 ], [ -80.839698918380691, 35.218919842589806 ], [ -80.839704744018505, 35.218912554836322 ], [ -80.839711399839672, 35.218905762685857 ], [ -80.839718823658515, 35.218899529597664 ], [ -80.839726946114013, 35.218893913807577 ], [ -80.839735691317784, 35.218888967784018 ], [ -80.839744977563171, 35.21888473773776 ], [ -80.839754718088571, 35.218881263190184 ], [ -80.839764821888096, 35.218878576604034 ], [ -80.839775194561824, 35.218876703080113 ], [ -80.839785739197723, 35.218875660122755 ], [ -80.83979635727718, 35.218875457476351 ], [ -80.839806949595399, 35.218876097034212 ], [ -80.8398174171882, 35.218877572820944 ], [ -80.839827662256795, 35.218879871048259 ], [ -80.839837589081384, 35.218882970243804 ], [ -80.839847104915478, 35.218886841451749 ], [ -80.842625803075038, 35.220158040235411 ], [ -80.842634546049737, 35.22016249243346 ], [ -80.842642743202106, 35.220167596220037 ], [ -80.842650322652958, 35.220173306841119 ], [ -80.842657217939546, 35.220179574221476 ], [ -80.842796017987325, 35.220318274125553 ], [ -80.842802354329606, 35.220325269696296 ], [ -80.842807837984736, 35.220332734623547 ], [ -80.842812417712821, 35.220340599154504 ], [ -80.842816050720231, 35.220348789802379 ], [ -80.842818703059578, 35.220357230033073 ], [ -80.842820349946876, 35.220365840980378 ], [ -80.842820975993149, 35.220374542182888 ], [ -80.842820575348242, 35.220383252335786 ], [ -80.842819151755478, 35.220391890050571 ], [ -80.842816718516744, 35.220400374615672 ], [ -80.842813298368114, 35.220408626750441 ], [ -80.842808923267526, 35.220416569346121 ], [ -80.8428036340961, 35.220424128186295 ], [ -80.84279748027619, 35.220431232640344 ], [ -80.842790519309489, 35.220437816323475 ], [ -80.842782816239904, 35.220443817717033 ], [ -80.842774443045599, 35.22044918074333 ], [ -80.842765477966552, 35.220453855289627 ], [ -80.842756004773392, 35.220457797676424 ], [ -80.842746111984724, 35.220460971065577 ], [ -80.841670510982041, 35.22075767136981 ], [ -80.841660203668468, 35.22076006257759 ], [ -80.841649661614525, 35.220761618895267 ], [ -80.841638984993423, 35.220762325534338 ], [ -80.841628275257051, 35.220762175780159 ], [ -80.841617634171982, 35.220761171055699 ], [ -80.841607162852441, 35.220759320908122 ], [ -80.841596960799478, 35.220756642917983 ], [ -80.841587124955453, 35.220753162532212 ], [ -80.841577748782953, 35.220748912822273 ], [ -80.841568921376549, 35.220743934169938 ], [ -80.841560726616308, 35.22073827388359 ], [ -80.841553242370665, 35.220731985748628 ], [ -80.839711342751713, 35.219025384515007 ] ] ] } },
{ "type": "Feature", "properties": { "centroid_id": 113, "poi_count": 18, "mean_dist_m": 38.876977968299855, "max_dist_m": 81.377882489869847, "poi_cluster_labels": "env", "dominant_poi_cluster": "env", "center_x_m": 514375.0, "center_y_m": 3898150.0, "center_lon": -80.842032549379837, "center_lat": 35.226293024802906 }, "geometry": { "type": "Polygon", "coordinates": [ [ [ -80.84146293587149, 35.225712119617711 ], [ -80.841458379648586, 35.22570411635219 ], [ -80.841454799621189, 35.225695785677651 ], [ -80.841452230145975, 35.225687207542343 ], [ -80.841450695881505, 35.225678464269365 ], [ -80.841450211551518, 35.225669639766565 ], [ -80.841450781803744, 35.225660818721359 ], [ -80.841452401165213, 35.225652085787871 ], [ -80.841455054094837, 35.225643524774675 ], [ -80.841458715132561, 35.225635217840406 ], [ -80.841463349143723, 35.225627244705329 ], [ -80.84146891165625, 35.225619681886265 ], [ -80.841475349287379, 35.225612601962254 ], [ -80.841482600256128, 35.225606072878122 ], [ -80.841490594976023, 35.225600157292313 ], [ -80.84149925672304, 35.225594911975612 ], [ -80.841508502371823, 35.225590387266429 ], [ -80.841518243193534, 35.225586626587514 ], [ -80.841528385707235, 35.225583666029422 ], [ -80.841538832577072, 35.225581534004085 ], [ -80.841549483546359, 35.225580250972165 ], [ -80.841560236399772, 35.225579829246648 ], [ -80.841570987944195, 35.225580272874801 ], [ -80.841581634999073, 35.225581577599151 ], [ -80.8415920753866, 35.225583730898542 ], [ -80.841602208912335, 35.225586712108161 ], [ -80.841611938326679, 35.225590492617876 ], [ -80.841621170258179, 35.225595036146863 ], [ -80.841629816109588, 35.225600299091688 ], [ -80.841637792908131, 35.225606230944827 ], [ -80.841645024101766, 35.225612774779364 ], [ -80.841651440293802, 35.225619867795274 ], [ -80.842574441000423, 35.226752167110085 ], [ -80.842580045524628, 35.226759840579881 ], [ -80.842584695818175, 35.226767931976738 ], [ -80.842588346108172, 35.226776361657372 ], [ -80.842590960464605, 35.226785046648743 ], [ -80.842592513154145, 35.226793901464809 ], [ -80.842592988893344, 35.226802838947876 ], [ -80.842592382999186, 35.226811771126577 ], [ -80.842590701435114, 35.226820610081695 ], [ -80.842587960752383, 35.226829268811606 ], [ -80.842584187927116, 35.226837662088592 ], [ -80.842579420094893, 35.226845707297763 ], [ -80.842573704185114, 35.226853325250232 ], [ -80.842567096459192, 35.226860440962589 ], [ -80.84255966195667, 35.226866984394931 ], [ -80.842551473855153, 35.226872891140282 ], [ -80.842542612749909, 35.226878103058574 ], [ -80.842533165860701, 35.226882568848914 ], [ -80.842523226173142, 35.2268862445545 ], [ -80.842512891523583, 35.226889093995389 ], [ -80.842502263635936, 35.226891089124493 ], [ -80.842491447120551, 35.226892210303788 ], [ -80.842480548444414, 35.226892446497487 ], [ -80.842469674883262, 35.226891795380709 ], [ -80.842458933465608, 35.226890263362442 ], [ -80.842448429919244, 35.226887865522329 ], [ -80.842438267630598, 35.226884625462318 ], [ -80.842428546627076, 35.226880575074318 ], [ -80.842419362592437, 35.226875754226313 ], [ -80.842410805925041, 35.226870210369924 ], [ -80.842402960847977, 35.226863998073298 ], [ -80.841958960895965, 35.226475697783428 ], [ -80.841952583045185, 35.22646959634713 ], [ -80.841946892749249, 35.226463053084537 ], [ -80.841941935229087, 35.226456119995298 ], [ -80.84146293587149, 35.225712119617711 ] ] ] } },
{ "type": "Feature", "properties": { "centroid_id": 114, "poi_count": 29, "mean_dist_m": 34.516597327172441, "max_dist_m": 68.769355775413985, "poi_cluster_labels": "env", "dominant_poi_cluster": "env", "center_x_m": 514375.0, "center_y_m": 3898350.0, "center_lon": -80.842029054080598, "center_lat": 35.228096438537484 }, "geometry": { "type": "Polygon", "coordinates": [ [ [ -80.842343766589266, 35.227494878736415 ], [ -80.842352140147469, 35.22748955278032 ], [ -80.84236109983695, 35.227484913223783 ], [ -80.84237056237879, 35.227481003190739 ], [ -80.842380439820076, 35.227477859024312 ], [ -80.842390640351582, 35.227475509949002 ], [ -80.842401069160985, 35.227473977799107 ], [ -80.842411629314228, 35.227473276815701 ], [ -80.84242222265641, 35.227473413514304 ], [ -80.842432750724171, 35.227474386624344 ], [ -80.842443115660828, 35.227476187100912 ], [ -80.842453221125993, 35.22747879820885 ], [ -80.842462973190976, 35.227482195678384 ], [ -80.842472281211883, 35.227486347930544 ], [ -80.842481058672078, 35.227491216370829 ], [ -80.842489223986334, 35.227496755747886 ], [ -80.842496701259236, 35.227502914574025 ], [ -80.842503420990525, 35.227509635603937 ], [ -80.842509320721149, 35.227516856366691 ], [ -80.842514345613736, 35.227524509746367 ], [ -80.842518448962451, 35.227532524605955 ], [ -80.842521592626952, 35.227540826448468 ], [ -80.842523747387048, 35.227549338109505 ], [ -80.842524893214232, 35.227557980474337 ], [ -80.842587994367804, 35.228417880420949 ], [ -80.842588123372138, 35.228426510365701 ], [ -80.842587246268707, 35.22843511090025 ], [ -80.842585371092483, 35.228443603233899 ], [ -80.842582515021903, 35.228451909567063 ], [ -80.84257870422158, 35.228459953804197 ], [ -80.842573973602569, 35.228467662250807 ], [ -80.842568366502547, 35.22847496428858 ], [ -80.842561934288852, 35.228481793022418 ], [ -80.842554735887788, 35.228488085893169 ], [ -80.842546837244967, 35.228493785250819 ], [ -80.842538310720997, 35.228498838882608 ], [ -80.84252923442871, 35.228503200491367 ], [ -80.842519691517452, 35.22850683011967 ], [ -80.842509769411421, 35.228509694515864 ], [ -80.842499559008701, 35.228511767438732 ], [ -80.842489153848518, 35.228513029897869 ], [ -80.842478649254375, 35.228513470327677 ], [ -80.841480048149521, 35.228516070327601 ], [ -80.841468965820994, 35.228515639586533 ], [ -80.841457992904324, 35.228514294145633 ], [ -80.841447241244751, 35.228512047718766 ], [ -80.841436820432236, 35.228508923203421 ], [ -80.841426836684505, 35.228504952447288 ], [ -80.841417391764224, 35.228500175923678 ], [ -80.841408581941891, 35.228494642318914 ], [ -80.841400497014476, 35.228488408036171 ], [ -80.841393219390142, 35.228481536620464 ], [ -80.841386823248314, 35.228474098110986 ], [ -80.841381373783548, 35.228466168327245 ], [ -80.841376926541017, 35.228457828096168 ], [ -80.841373526850361, 35.228449162428269 ], [ -80.841371209363729, 35.22844025965118 ], [ -80.841369997702458, 35.228431210509306 ], [ -80.841369904216435, 35.228422107238899 ], [ -80.841380704499457, 35.228211607249307 ], [ -80.841381709085383, 35.228202663119475 ], [ -80.841383793140039, 35.228193845370775 ], [ -80.841386935984232, 35.228185241496583 ], [ -80.841391106433036, 35.228176936868067 ], [ -80.841396263105267, 35.228169013887147 ], [ -80.841402354834017, 35.228161551168839 ], [ -80.841409321174481, 35.228154622761259 ], [ -80.841417093003628, 35.22814829741084 ], [ -80.841502492989548, 35.228085397461889 ], [ -80.841504466782425, 35.228083978248314 ], [ -80.842343766589266, 35.227494878736415 ] ] ] } },
{ "type": "Feature", "properties": { "centroid_id": 115, "poi_count": 6, "mean_dist_m": 45.434753249108049, "max_dist_m": 71.241422375547188, "poi_cluster_labels": "env", "dominant_poi_cluster": "env", "center_x_m": 514375.0, "center_y_m": 3898525.0, "center_lon": -80.842025995439059, "center_lat": 35.229674425113373 }, "geometry": { "type": "Polygon", "coordinates": [ [ [ -80.841661073784906, 35.229140019169094 ], [ -80.841667884073701, 35.229133255272977 ], [ -80.841675463253793, 35.229127066463363 ], [ -80.841683739571081, 35.22912151133125 ], [ -80.841692634671489, 35.229116642468419 ], [ -80.841702064342854, 35.229112505969617 ], [ -80.84171193931212, 35.229109140996037 ], [ -80.841722166090534, 35.229106579404693 ], [ -80.841732647858692, 35.22910484544682 ], [ -80.841743285383217, 35.2291039555382 ], [ -80.841753977956088, 35.229103918103796 ], [ -80.841764624348201, 35.229104733498012 ], [ -80.841775123767619, 35.229106394001334 ], [ -80.841785376813817, 35.229108883893375 ], [ -80.84179528641873, 35.229112179601728 ], [ -80.841804758765704, 35.229116249925127 ], [ -80.841813704177667, 35.229121056328829 ], [ -80.841822037966125, 35.229126553309456 ], [ -80.841829681232937, 35.22913268882575 ], [ -80.841836561617242, 35.229139404791241 ], [ -80.841842613980532, 35.229146637624218 ], [ -80.84211561423993, 35.229509537416831 ], [ -80.842120348762251, 35.229516502440376 ], [ -80.842124314733468, 35.229523783474527 ], [ -80.842127481129538, 35.229531323563357 ], [ -80.842129823181082, 35.229539063724495 ], [ -80.842131322567141, 35.229546943410462 ], [ -80.842200323242167, 35.230056543350834 ], [ -80.842200982414539, 35.230065121624648 ], [ -80.842200643152424, 35.230073712423348 ], [ -80.84219930853817, 35.23008223768759 ], [ -80.842196990698312, 35.230090619953451 ], [ -80.842193710693351, 35.230098783056334 ], [ -80.842189498326448, 35.230106652823032 ], [ -80.842184391872607, 35.230114157745668 ], [ -80.842178437730894, 35.230121229631465 ], [ -80.842171690002857, 35.230127804222413 ], [ -80.842164210000931, 35.23013382177907 ], [ -80.842156065691356, 35.230139227623432 ], [ -80.842147331076546, 35.230143972635773 ], [ -80.841755230834579, 35.230335572814823 ], [ -80.841745685406792, 35.230339729749915 ], [ -80.841735688540638, 35.230343097343621 ], [ -80.841725336903735, 35.23034564303201 ], [ -80.84171473059429, 35.23034734219879 ], [ -80.841703972173178, 35.230348178413344 ], [ -80.841693165672154, 35.230348143589659 ], [ -80.841682415587897, 35.230347238064468 ], [ -80.8416718258716, 35.230345470594024 ], [ -80.841661498923628, 35.230342858269402 ], [ -80.841651534603471, 35.230339426351286 ], [ -80.841642029264023, 35.230335208025586 ], [ -80.841633074819882, 35.230330244082637 ], [ -80.841624757858582, 35.23032458252279 ], [ -80.84161715880326, 35.23031827809212 ], [ -80.841610351135003, 35.230311391753133 ], [ -80.841604400682314, 35.230303990095273 ], [ -80.841599364984532, 35.230296144690996 ], [ -80.841595292735505, 35.230287931403616 ], [ -80.841592223312674, 35.230279429653827 ], [ -80.84159018639636, 35.230270721651635 ], [ -80.841589201682737, 35.230261891601451 ], [ -80.841540202967835, 35.229306591560992 ], [ -80.84154027581566, 35.229297785863274 ], [ -80.841541395113055, 35.22928902798629 ], [ -80.841543550184824, 35.229280401454702 ], [ -80.841546720477538, 35.229271988540503 ], [ -80.841550875755587, 35.229263869478359 ], [ -80.841555976389401, 35.229256121700423 ], [ -80.841561973733604, 35.22924881909784 ], [ -80.841661073784906, 35.229140019169094 ] ] ] } },
{ "type": "Feature", "properties": { "centroid_id": 116, "poi_count": 2, "mean_dist_m": 80.598876721790305, "max_dist_m": 80.598876721790305, "poi_cluster_labels": "env", "dominant_poi_cluster": "env", "center_x_m": 514450.0, "center_y_m": 3897700.0, "center_lon": -80.841216278501307, "center_lat": 35.222234263803337 }, "geometry": { "type": "Polygon", "coordinates": [ [ [ -80.840222715517939, 35.222185555023877 ], [ -80.84022326196451, 35.2221767174428 ], [ -80.840224861395768, 35.222167966369121 ], [ -80.840227498408012, 35.222159386080392 ], [ -80.840231147605053, 35.222151059209452 ], [ -80.840235773842892, 35.222143065948494 ], [ -80.840241332568084, 35.222135483276922 ], [ -80.840247770246904, 35.22212838421985 ], [ -80.840255024880904, 35.222121837144968 ], [ -80.840263026603964, 35.222115905104047 ], [ -80.840271698355139, 35.222110645225733 ], [ -80.840280956620845, 35.222106108165413 ], [ -80.840290712239067, 35.222102337617308 ], [ -80.840300871258094, 35.222099369893783 ], [ -80.840311335841292, 35.222097233575532 ], [ -80.840322005209302, 35.222095949236419 ], [ -80.840332776610609, 35.22209552924528 ], [ -80.840343546311061, 35.222095977646831 ], [ -80.840354210592906, 35.222097290122768 ], [ -80.840364666753615, 35.222099454033263 ], [ -80.840374814094943, 35.22210244853872 ], [ -80.840384554892694, 35.222106244800543 ], [ -80.840393795337903, 35.222110806258705 ], [ -80.840402446440166, 35.222116088984059 ], [ -80.840410424884752, 35.222122042101169 ], [ -80.840417653834905, 35.22212860827841 ], [ -80.840424063671847, 35.222135724280022 ], [ -80.840429592665231, 35.222143321575182 ], [ -80.840434187567681, 35.22215132699791 ], [ -80.840437804127561, 35.222159663451691 ], [ -80.840440407515146, 35.222168250651997 ], [ -80.84044197265807, 35.222177005899496 ], [ -80.84044248448285, 35.222185844876392 ], [ -80.840441938059968, 35.222194682458507 ], [ -80.840440338651462, 35.222203433535071 ], [ -80.840437701660164, 35.222212013828425 ], [ -80.840434052481442, 35.222220340705576 ], [ -80.840429426258595, 35.22222833397403 ], [ -80.840423867544516, 35.222235916654164 ], [ -80.840417429872446, 35.22224301572048 ], [ -80.840410175240635, 35.222249562804969 ], [ -80.840402173515088, 35.222255494855489 ], [ -80.84039350175685, 35.222260754743004 ], [ -80.840384243479789, 35.222265291811787 ], [ -80.840374487846333, 35.222269062367282 ], [ -80.840364328808789, 35.222272030096853 ], [ -80.840353864204502, 35.222274166419574 ], [ -80.840343194813642, 35.222275450761394 ], [ -80.840332423388617, 35.222275870753386 ], [ -80.840321653664461, 35.222275422350783 ], [ -80.84031098935985, 35.222274109871968 ], [ -80.840300533178194, 35.222271945956841 ], [ -80.840290385818562, 35.222268951445187 ], [ -80.840280645005805, 35.222265155175862 ], [ -80.840271404549512, 35.22226059370913 ], [ -80.84026275344047, 35.222255310974539 ], [ -80.84025477499371, 35.222249357847808 ], [ -80.840247546046044, 35.222242791660989 ], [ -80.840241136216164, 35.222235675650168 ], [ -80.840235607234149, 35.222228078346546 ], [ -80.840231012346919, 35.222220072916429 ], [ -80.840227395805556, 35.222211736456607 ], [ -80.840224792439074, 35.222203149251825 ], [ -80.840223227318972, 35.222194394001619 ], [ -80.840222715517939, 35.222185555023877 ] ] ] } },
{ "type": "Feature", "properties": { "centroid_id": 117, "poi_count": 12, "mean_dist_m": 65.184360005537087, "max_dist_m": 80.212967496845891, "poi_cluster_labels": "env", "dominant_poi_cluster": "env", "center_x_m": 514450.0, "center_y_m": 3897875.0, "center_lon": -80.841213204789341, "center_lat": 35.223812251848344 }, "geometry": { "type": "Polygon", "coordinates": [ [ [ -80.841194445654097, 35.223071022202546 ], [ -80.841200795662346, 35.223064058494572 ], [ -80.841207933718067, 35.223057629195118 ], [ -80.841215793412147, 35.223051794119215 ], [ -80.841224301621722, 35.22304660755352 ], [ -80.841233379190527, 35.223042117751248 ], [ -80.841242941665314, 35.223038366483316 ], [ -80.841252900081528, 35.223035388649613 ], [ -80.841263161791048, 35.223033211954409 ], [ -80.841273631324015, 35.223031856648632 ], [ -80.841284211277184, 35.223031335341332 ], [ -80.841294803219995, 35.223031652882483 ], [ -80.84130530861033, 35.22303280631786 ], [ -80.841315629711318, 35.223034784916464 ], [ -80.841325670500595, 35.223037570270428 ], [ -80.841335337563692, 35.223041136466215 ], [ -80.841344540962993, 35.223045450325714 ], [ -80.841353195074618, 35.223050471714927 ], [ -80.841361219384893, 35.223056153917334 ], [ -80.842167119326874, 35.223684953419898 ], [ -80.842174458992105, 35.22369126217157 ], [ -80.842181021531474, 35.223698123300657 ], [ -80.842186745543614, 35.223705472612266 ], [ -80.842191577472633, 35.22371324134393 ], [ -80.842195472109211, 35.223721356808923 ], [ -80.842198393013589, 35.223729743076341 ], [ -80.842200312856519, 35.22373832168153 ], [ -80.842201213675011, 35.223747012360299 ], [ -80.842201087040394, 35.223755733799756 ], [ -80.84219993413717, 35.223764404399219 ], [ -80.842197765751962, 35.223772943033666 ], [ -80.842194602172611, 35.22378126981274 ], [ -80.842190472998325, 35.223789306828216 ], [ -80.842185416862833, 35.22379697888303 ], [ -80.842179481072819, 35.223804214194821 ], [ -80.842172721165383, 35.223810945067406 ], [ -80.842165200388393, 35.223817108524436 ], [ -80.842156989108773, 35.223822646898398 ], [ -80.841419988813541, 35.224272547291562 ], [ -80.841410780051405, 35.224277597790262 ], [ -80.841400998472324, 35.224281861935076 ], [ -80.841390743456301, 35.224285296402591 ], [ -80.841380119193502, 35.224287866298866 ], [ -80.841369233625613, 35.224289545513948 ], [ -80.841358197349166, 35.224290316987158 ], [ -80.841347122491925, 35.224290172880387 ], [ -80.841336121573661, 35.224289114657743 ], [ -80.841325306362862, 35.224287153070669 ], [ -80.841314786741265, 35.224284308048773 ], [ -80.841304669587402, 35.224280608497253 ], [ -80.841295057690729, 35.224276092003286 ], [ -80.840627457327656, 35.22392459167947 ], [ -80.840618550396911, 35.223919370470881 ], [ -80.840610320694566, 35.223913448013469 ], [ -80.840602849882345, 35.223906883074633 ], [ -80.840596212091498, 35.223899740797123 ], [ -80.840590473187362, 35.22389209205236 ], [ -80.840585690115759, 35.2238840127374 ], [ -80.84058191033786, 35.223875583021744 ], [ -80.840579171359352, 35.223866886551768 ], [ -80.840577500358251, 35.223858009620848 ], [ -80.840576913915186, 35.223849040312949 ], [ -80.840577417848991, 35.223840067628672 ], [ -80.840579007158837, 35.223831180602083 ], [ -80.840581666074002, 35.223822467417278 ], [ -80.840585368210327, 35.223814014533311 ], [ -80.840590076831987, 35.223805905826296 ], [ -80.840595745216078, 35.223798221757136 ], [ -80.841194445654097, 35.223071022202546 ] ] ] } },
{ "type": "Feature", "properties": { "centroid_id": 118, "poi_count": 15, "mean_dist_m": 62.513072774681923, "max_dist_m": 110.18194161125473, "poi_cluster_labels": "env", "dominant_poi_cluster": "env", "center_x_m": 514475.0, "center_y_m": 3898225.0, "center_lon": -80.84093232931491, "center_lat": 35.226967866015798 }, "geometry": { "type": "Polygon", "coordinates": [ [ [ -80.840589833110116, 35.225950701775446 ], [ -80.840599267331726, 35.225945934453328 ], [ -80.840609238635352, 35.225941970890915 ], [ -80.840619645655465, 35.225938851380697 ], [ -80.840630382597212, 35.225936607634722 ], [ -80.840641340311876, 35.225935262462258 ], [ -80.840652407406481, 35.225934829537962 ], [ -80.840663471376061, 35.225935313262809 ], [ -80.840674419747515, 35.225936708719402 ], [ -80.840685141222764, 35.225939001721919 ], [ -80.840695526810364, 35.225942168960351 ], [ -80.840705470933315, 35.225946178237457 ], [ -80.840714872502403, 35.225950988796058 ], [ -80.840723635943817, 35.225956551733354 ], [ -80.840731672170719, 35.225962810498089 ], [ -80.840738899488855, 35.225969701465374 ], [ -80.840745244427097, 35.225977154583539 ], [ -80.840750642484252, 35.225985094086212 ], [ -80.840755038784877, 35.225993439262524 ], [ -80.841196739841862, 35.226963438894785 ], [ -80.841200071570213, 35.226972048051252 ], [ -80.841202336875455, 35.226980887528484 ], [ -80.841203513025107, 35.226989868623349 ], [ -80.841203588216302, 35.226998901211516 ], [ -80.841202561694161, 35.227007894651919 ], [ -80.84120044375932, 35.227016758696294 ], [ -80.841197255664724, 35.227025404394851 ], [ -80.841193029402248, 35.227033744988802 ], [ -80.841187807381758, 35.227041696781086 ], [ -80.841181642005452, 35.227049179976163 ], [ -80.841174595142121, 35.227056119480835 ], [ -80.841166737506214, 35.227062445657737 ], [ -80.841158147948292, 35.227068095024229 ], [ -80.841148912663755, 35.227073010889349 ], [ -80.841139124327867, 35.227077143922784 ], [ -80.841128881165744, 35.227080452649851 ], [ -80.841118285966715, 35.227082903867718 ], [ -80.841107445052799, 35.227084472978603 ], [ -80.841096467211784, 35.227085144236597 ], [ -80.841085462605477, 35.227084910905667 ], [ -80.841074541664341, 35.22708377532728 ], [ -80.840619941185437, 35.227017375254654 ], [ -80.840609418858335, 35.227015396397427 ], [ -80.840599183923473, 35.227012579944457 ], [ -80.840589335149389, 35.227008953074943 ], [ -80.840579967578066, 35.227004550788649 ], [ -80.840571171607792, 35.226999415568294 ], [ -80.839831071367598, 35.226520715157342 ], [ -80.839822913515235, 35.22651488193479 ], [ -80.839815494362469, 35.226508418652521 ], [ -80.839808885844803, 35.226501387978089 ], [ -80.839803152037774, 35.226493858080509 ], [ -80.839798348535723, 35.226485901969141 ], [ -80.839794521912836, 35.226477596785912 ], [ -80.839791709271438, 35.226469023057263 ], [ -80.839789937882401, 35.226460263913445 ], [ -80.839789224920608, 35.226451404282443 ], [ -80.839789577298546, 35.2264425300665 ], [ -80.839790991599244, 35.226433727309271 ], [ -80.839793454109426, 35.226425081361548 ], [ -80.839796940952482, 35.226416676053645 ], [ -80.839801418319979, 35.226408592882635 ], [ -80.839806842799547, 35.226400910222196 ], [ -80.839813161795675, 35.226393702562625 ], [ -80.839820314039798, 35.226387039788669 ], [ -80.83982823018431, 35.226380986501887 ], [ -80.839836833474976, 35.226375601394309 ], [ -80.840589833110116, 35.225950701775446 ] ] ] } },
{ "type": "Feature", "properties": { "centroid_id": 119, "poi_count": 25, "mean_dist_m": 38.56796856559864, "max_dist_m": 61.335352691880118, "poi_cluster_labels": "env", "dominant_poi_cluster": "env", "center_x_m": 514475.0, "center_y_m": 3898425.0, "center_lon": -80.84092880958363, "center_lat": 35.228771279452836 }, "geometry": { "type": "Polygon", "coordinates": [ [ [ -80.841253363208892, 35.228256247698326 ], [ -80.841261903528746, 35.228250721229983 ], [ -80.841271067814461, 35.228245914555586 ], [ -80.841280766293281, 35.228241874760997 ], [ -80.841290903959575, 35.228238641419694 ], [ -80.841301381505545, 35.228236246205242 ], [ -80.841312096293919, 35.228234712580971 ], [ -80.841322943363537, 35.228234055570162 ], [ -80.841333816457336, 35.228234281608813 ], [ -80.841344609063384, 35.228235388482688 ], [ -80.841355215458208, 35.228237365348924 ], [ -80.841365531742369, 35.228240192842314 ], [ -80.84137545685833, 35.228243843264963 ], [ -80.841384893580397, 35.228248280857592 ], [ -80.841393749467045, 35.228253462149908 ], [ -80.841401937766577, 35.228259336386316 ], [ -80.841409378266846, 35.22826584602327 ], [ -80.841535178302451, 35.228387445937486 ], [ -80.841541730329169, 35.228394446802483 ], [ -80.841547416744788, 35.228401939772219 ], [ -80.841552183057672, 35.228409853043573 ], [ -80.84155598359321, 35.228418110785761 ], [ -80.841558781931624, 35.228426633867059 ], [ -80.841560551256805, 35.228435340612968 ], [ -80.841561274613468, 35.228444147588966 ], [ -80.841560945069503, 35.22845297040007 ], [ -80.841559565782518, 35.228461724499496 ], [ -80.841557149969546, 35.228470325998877 ], [ -80.841553720780396, 35.228478692472166 ], [ -80.841549311075866, 35.228486743745485 ], [ -80.841543963112812, 35.228494402665383 ], [ -80.84153772813923, 35.228501595838253 ], [ -80.841530665903193, 35.228508254333633 ], [ -80.841522844080288, 35.228514314344679 ], [ -80.841304344030064, 35.228667714471754 ], [ -80.841072761209489, 35.228829972655042 ], [ -80.841072105381045, 35.228830428531779 ], [ -80.840617505265897, 35.229143928793405 ], [ -80.840608728192819, 35.229149389871765 ], [ -80.840599328928704, 35.229154102553728 ], [ -80.840589401907636, 35.229158019491074 ], [ -80.840579046866125, 35.229161101330469 ], [ -80.840568367841001, 35.229163317108686 ], [ -80.840557472124203, 35.22916464456388 ], [ -80.840546469184801, 35.22916507035913 ], [ -80.840535469569062, 35.229164590216463 ], [ -80.840524583789986, 35.229163208959903 ], [ -80.840513921216726, 35.229160940466876 ], [ -80.840503588975963, 35.229157807528885 ], [ -80.840493690875405, 35.229153841622512 ], [ -80.840484326361036, 35.229149082593111 ], [ -80.840475589517766, 35.229143578254551 ], [ -80.840467568124296, 35.229137383908764 ], [ -80.840460342771209, 35.229130561790186 ], [ -80.840453986051173, 35.229123180440418 ], [ -80.840448561829689, 35.229115314019644 ], [ -80.840444124603465, 35.229107041561498 ], [ -80.840440718952834, 35.229098446179059 ], [ -80.84038951914053, 35.228943146135308 ], [ -80.840387201719324, 35.228934425018842 ], [ -80.840385946496227, 35.228925558632092 ], [ -80.84038576577079, 35.228916633857033 ], [ -80.840386661313659, 35.22890773814774 ], [ -80.840388624349004, 35.22889895867349 ], [ -80.840391635640657, 35.228890381464524 ], [ -80.840395665680617, 35.22888209056903 ], [ -80.84040067497817, 35.228874167229641 ], [ -80.840406614446849, 35.228866689087205 ], [ -80.840413425885544, 35.228859729420137 ], [ -80.840421042548698, 35.228853356426228 ], [ -80.840453242544697, 35.228828956445788 ], [ -80.840455563371705, 35.228827247229084 ], [ -80.841253363208892, 35.228256247698326 ] ] ] } },
{ "type": "Feature", "properties": { "centroid_id": 120, "poi_count": 1, "mean_dist_m": 149.36071591405283, "max_dist_m": 149.36071591405283, "poi_cluster_labels": "env", "dominant_poi_cluster": "env", "center_x_m": 514525.0, "center_y_m": 3897600.0, "center_lon": -80.840393909793647, "center_lat": 35.221331472462204 }, "geometry": { "type": "Polygon", "coordinates": [ [ [ -80.840306518483999, 35.219984655107766 ], [ -80.840307064905787, 35.219975817523022 ], [ -80.840308664283953, 35.219967066444902 ], [ -80.840311301215294, 35.219958486151015 ], [ -80.840314950304375, 35.219950159274234 ], [ -80.840319576408248, 35.219942166006824 ], [ -80.84032513497479, 35.219934583328211 ], [ -80.840331572471769, 35.219927484263621 ], [ -80.840338826902524, 35.219920937180788 ], [ -80.840346828402843, 35.219915005131583 ], [ -80.840355499913969, 35.219909745244713 ], [ -80.840364757924604, 35.219905208175639 ], [ -80.840374513275208, 35.219901437618716 ], [ -80.84038467201664, 35.219898469886338 ], [ -80.840395136314925, 35.219896333559305 ], [ -80.840405805393473, 35.219895049211559 ], [ -80.840416576503529, 35.219894629212035 ], [ -80.840427345913781, 35.219895077605536 ], [ -80.840438009909249, 35.219896390073806 ], [ -80.840448465790161, 35.219898553977117 ], [ -80.840458612860957, 35.219901548475917 ], [ -80.840468353400084, 35.219905344731679 ], [ -80.840477593601022, 35.219909906184483 ], [ -80.840486244475755, 35.219915188905155 ], [ -80.840494222711712, 35.21992114201835 ], [ -80.840501451474168, 35.219927708192479 ], [ -80.840507861146165, 35.219934824191803 ], [ -80.840513389998918, 35.219942421485527 ], [ -80.84051798478643, 35.219950426907673 ], [ -80.840521601258118, 35.219958763361753 ], [ -80.840524204585165, 35.219967350563238 ], [ -80.840525769695788, 35.219976105812741 ], [ -80.840526281516773, 35.219984944792486 ], [ -80.840525735118675, 35.219993782378268 ], [ -80.84052413576326, 35.220002533459272 ], [ -80.84052149885288, 35.220011113757792 ], [ -80.840517849782088, 35.220019440640769 ], [ -80.840513223693222, 35.220027433915689 ], [ -80.840507665137778, 35.22003501660285 ], [ -80.840501227647565, 35.220042115676691 ], [ -80.840493973218997, 35.22004866276913 ], [ -80.840485971716177, 35.220054594827928 ], [ -80.840477300197989, 35.220059854723999 ], [ -80.840468042175985, 35.220064391801529 ], [ -80.840458286810161, 35.220068162365848 ], [ -80.840448128050213, 35.220071130104273 ], [ -80.840437663730839, 35.220073266435755 ], [ -80.840426994629468, 35.220074550786215 ], [ -80.840416223495666, 35.220074970786584 ], [ -80.840405454061724, 35.220074522392053 ], [ -80.840394790043504, 35.220073209920884 ], [ -80.84038433414166, 35.220071046012961 ], [ -80.840374187052532, 35.220068051507958 ], [ -80.840364446498413, 35.220064255244694 ], [ -80.840355206286389, 35.220059693783341 ], [ -80.840346555404892, 35.220054411053411 ], [ -80.840338577166733, 35.220048457930609 ], [ -80.840331348406764, 35.220041891746902 ], [ -80.840324938741844, 35.220034775738355 ], [ -80.840319409900445, 35.220027178436183 ], [ -80.840314815128181, 35.220019173006641 ], [ -80.840311198674996, 35.220010836546521 ], [ -80.840308595369024, 35.220002249340567 ], [ -80.840307030281267, 35.219993494088357 ], [ -80.840306518483999, 35.219984655107766 ] ] ] } },
{ "type": "Feature", "properties": { "centroid_id": 121, "poi_count": 9, "mean_dist_m": 66.24754307649988, "max_dist_m": 74.863990956555725, "poi_cluster_labels": "env", "dominant_poi_cluster": "env", "center_x_m": 514550.0, "center_y_m": 3897775.0, "center_lon": -80.840116106622105, "center_lat": 35.222909098178242 }, "geometry": { "type": "Polygon", "coordinates": [ [ [ -80.83945066088269, 35.223208125761417 ], [ -80.83944536804691, 35.223200560732444 ], [ -80.839440990788873, 35.223192611430044 ], [ -80.839437570073613, 35.223184352249156 ], [ -80.839435137914208, 35.223175860484801 ], [ -80.839433717072112, 35.223167215608584 ], [ -80.839433320844208, 35.223158498525009 ], [ -80.839433952938322, 35.223149790814361 ], [ -80.839435607438574, 35.223141173969154 ], [ -80.839438268860718, 35.223132728631491 ], [ -80.839441912297147, 35.223124533838387 ], [ -80.839446503649896, 35.223116666282088 ], [ -80.839451999949858, 35.223109199592265 ], [ -80.839458349758814, 35.223102203647088 ], [ -80.839465493650977, 35.22309574391906 ], [ -80.839473364769006, 35.223089880862531 ], [ -80.839481889449829, 35.22308466934772 ], [ -80.839490987913891, 35.223080158147297 ], [ -80.839500575011868, 35.223076389479999 ], [ -80.839510561021584, 35.223073398615362 ], [ -80.839520852487553, 35.223071213543818 ], [ -80.839531353095708, 35.223069854714666 ], [ -80.839541964574678, 35.223069334844666 ], [ -80.839552587615557, 35.223069658799112 ], [ -80.839563122801195, 35.223070823546209 ], [ -80.839573471536653, 35.223072818185557 ], [ -80.839583536971872, 35.223075624050018 ], [ -80.839593224908114, 35.223079214880556 ], [ -80.840344724363916, 35.223394514572746 ], [ -80.840354156950738, 35.223398968740725 ], [ -80.84036300635627, 35.223404166698316 ], [ -80.840371185781308, 35.223410057461528 ], [ -80.840378614998116, 35.223416583251058 ], [ -80.840385221137225, 35.22342368005885 ], [ -80.840390939402326, 35.223431278276095 ], [ -80.840395713705718, 35.223439303375891 ], [ -80.840399497218442, 35.22344767664422 ], [ -80.840402252829705, 35.22345631595207 ], [ -80.840403953510801, 35.223465136560932 ], [ -80.840404582580305, 35.223474051953993 ], [ -80.840404133867622, 35.223482974684728 ], [ -80.840402611773598, 35.223491817234624 ], [ -80.840400031227333, 35.223500492871551 ], [ -80.840396417539807, 35.223508916500556 ], [ -80.840391806155523, 35.223517005498479 ], [ -80.840386242305001, 35.223524680524321 ], [ -80.840379780561037, 35.22353186629757 ], [ -80.840372484303487, 35.223538492336488 ], [ -80.840364425097576, 35.223544493649513 ], [ -80.84035568199198, 35.223549811372656 ], [ -80.840346340743494, 35.223554393346966 ], [ -80.840336492975794, 35.223558194630066 ], [ -80.840326235280841, 35.223561177936993 ], [ -80.840315668271444, 35.223563314005922 ], [ -80.839866167801176, 35.223635014081481 ], [ -80.839855356064817, 35.223636284900216 ], [ -80.83984444399421, 35.223636668714079 ], [ -80.839833539392373, 35.22363616173125 ], [ -80.839822749988528, 35.223634768960338 ], [ -80.839812182373805, 35.223632504160889 ], [ -80.839801940948178, 35.223629389707376 ], [ -80.839792126889137, 35.223625456368254 ], [ -80.839782837152043, 35.223620743001923 ], [ -80.839774163512331, 35.223615296172845 ], [ -80.839766191658811, 35.223609169691535 ], [ -80.839759000347115, 35.223602424082934 ], [ -80.83975266062167, 35.22359512598846 ], [ -80.83945066088269, 35.223208125761417 ] ] ] } },
{ "type": "Feature", "properties": { "centroid_id": 122, "poi_count": 26, "mean_dist_m": 78.4524759204796, "max_dist_m": 137.81323476944812, "poi_cluster_labels": "env", "dominant_poi_cluster": "env", "center_x_m": 514550.0, "center_y_m": 3897950.0, "center_lon": -80.840113011535962, "center_lat": 35.224487085962473 }, "geometry": { "type": "Polygon", "coordinates": [ [ [ -80.84010931292822, 35.223841256668514 ], [ -80.840111933949174, 35.223832654236531 ], [ -80.840115571962713, 35.223824304643848 ], [ -80.840120191787676, 35.22381628863392 ], [ -80.840125748748477, 35.223808683724357 ], [ -80.840132189107138, 35.223801563457251 ], [ -80.840139450582967, 35.223794996688007 ], [ -80.84014746295486, 35.223789046919507 ], [ -80.84015614874032, 35.223783771687991 ], [ -80.840165423944782, 35.223779222006762 ], [ -80.840175198873851, 35.223775441872732 ], [ -80.840185379000658, 35.22377246784103 ], [ -80.840195865879977, 35.223770328671549 ], [ -80.84020655810022, 35.223769045050759 ], [ -80.840217352264105, 35.223768629391699 ], [ -80.840228143988497, 35.223769085713919 ], [ -80.840238828913925, 35.223770409604654 ], [ -80.840249303713605, 35.223772588261411 ], [ -80.840259467092793, 35.223775600615895 ], [ -80.840269220768178, 35.223779417537635 ], [ -80.84027847041844, 35.223784002115721 ], [ -80.840287126596309, 35.223789310015782 ], [ -80.840295105593512, 35.223795289908615 ], [ -80.840302330250282, 35.223801883966665 ], [ -80.84030873070158, 35.223809028423162 ], [ -80.840314245052639, 35.223816654188745 ], [ -80.840863845788533, 35.224669653755605 ], [ -80.840868686425267, 35.224678225300856 ], [ -80.840872407592627, 35.224687165384623 ], [ -80.840874968444282, 35.224696375874693 ], [ -80.840876340870224, 35.224705755670712 ], [ -80.840876509805398, 35.224715201813808 ], [ -80.840875473395059, 35.224724610616882 ], [ -80.840708974637977, 35.225676510767762 ], [ -80.840706967240166, 35.22568504120904 ], [ -80.840703968673139, 35.225693373530632 ], [ -80.840700006773702, 35.225701430379743 ], [ -80.840695118321662, 35.225709136960937 ], [ -80.840689348698604, 35.225716421730439 ], [ -80.84068275146636, 35.225723217060327 ], [ -80.840675387869965, 35.225729459866344 ], [ -80.840667326268985, 35.225735092193595 ], [ -80.840658641502955, 35.225740061754522 ], [ -80.840649414196591, 35.2257443224143 ], [ -80.84063973001129, 35.22574783461922 ], [ -80.840629678849965, 35.225750565763789 ], [ -80.840619354022294, 35.225752490493484 ], [ -80.840608851378633, 35.225753590940108 ], [ -80.840598268420052, 35.225753856887707 ], [ -80.840587703393282, 35.225753285867349 ], [ -80.84057725437853, 35.225751883180095 ], [ -80.840567018379019, 35.225749661847757 ], [ -80.840557090420418, 35.225746642492048 ], [ -80.840547562668718, 35.225742853143061 ], [ -80.840538523574523, 35.225738328979183 ], [ -80.84053005705195, 35.225733112000349 ], [ -80.840522241699659, 35.225727250638258 ], [ -80.840515150071113, 35.225720799306721 ], [ -80.840070150227533, 35.225274498998694 ], [ -80.840063866783964, 35.225267540328836 ], [ -80.840058425898633, 35.22526011911021 ], [ -80.840053877764021, 35.22525230380429 ], [ -80.840050264336867, 35.225244166508048 ], [ -80.84004761895109, 35.225235782288827 ], [ -80.840045966010308, 35.225227228491818 ], [ -80.840033966129283, 35.225137428481453 ], [ -80.840033661268038, 35.225134789642773 ], [ -80.839966762184901, 35.224448489585498 ], [ -80.839966420324245, 35.224440212821293 ], [ -80.839967005303919, 35.224431945227913 ], [ -80.839968512189273, 35.224423756542883 ], [ -80.84010931292822, 35.223841256668514 ] ] ] } },
{ "type": "Feature", "properties": { "centroid_id": 123, "poi_count": 15, "mean_dist_m": 66.277013854612647, "max_dist_m": 138.80799408593936, "poi_cluster_labels": "env", "dominant_poi_cluster": "env", "center_x_m": 514575.0, "center_y_m": 3898325.0, "center_lon": -80.839831648044893, "center_lat": 35.227868123777228 }, "geometry": { "type": "Polygon", "coordinates": [ [ [ -80.838451205153618, 35.227268807196154 ], [ -80.838444628734095, 35.227261923555865 ], [ -80.838438896049723, 35.22725454947539 ], [ -80.838434061040246, 35.227246754338935 ], [ -80.838430169198958, 35.227238611492496 ], [ -80.838427257144673, 35.227230197553702 ], [ -80.83842535227717, 35.227221591690956 ], [ -80.838424472519392, 35.227212874878418 ], [ -80.838424626148822, 35.227204129134236 ], [ -80.838425811719588, 35.22719543674873 ], [ -80.838428018076129, 35.227186879510143 ], [ -80.838431224458091, 35.227178537935032 ], [ -80.838435400695801, 35.227170490510765 ], [ -80.838440507494013, 35.227162812956948 ], [ -80.838446496801751, 35.227155577512995 ], [ -80.838453312264363, 35.227148852258395 ], [ -80.83846088975389, 35.227142700472186 ], [ -80.838469157972284, 35.227137180037552 ], [ -80.83847803912245, 35.227132342897129 ], [ -80.838487449640127, 35.227128234564347 ], [ -80.83849730098018, 35.227124893695134 ], [ -80.838507500449793, 35.227122351724311 ], [ -80.838517952080522, 35.227120632569637 ], [ -80.838528557531347, 35.227119752406921 ], [ -80.83853921701396, 35.227119719517738 ], [ -80.838549830231628, 35.227120534211558 ], [ -80.838560297322957, 35.22712218882279 ], [ -80.838570519801465, 35.227124667782959 ], [ -80.838580401482218, 35.227127947767123 ], [ -80.840020500349198, 35.227674047223047 ], [ -80.840030531545509, 35.227678379564694 ], [ -80.840039965454949, 35.227683536790678 ], [ -80.840048701692695, 35.227689464023754 ], [ -80.840056647297629, 35.227696098193185 ], [ -80.840063717721563, 35.227703368705761 ], [ -80.840340717892133, 35.228020468504567 ], [ -80.840346606375817, 35.228027966739504 ], [ -80.840351563156489, 35.228035905677075 ], [ -80.840355539726104, 35.228044207625764 ], [ -80.840358497169106, 35.228052791341483 ], [ -80.840360406543141, 35.228061572822703 ], [ -80.840361249162484, 35.228070466132529 ], [ -80.840361016780761, 35.228079384239628 ], [ -80.840359711671766, 35.228088239870047 ], [ -80.840357346607121, 35.228096946361134 ], [ -80.840353944731447, 35.228105418509735 ], [ -80.840349539335733, 35.228113573405977 ], [ -80.840344173531619, 35.228121331244701 ], [ -80.840337899829564, 35.228128616106318 ], [ -80.840330779624864, 35.228135356699902 ], [ -80.840322882596894, 35.228141487060817 ], [ -80.840314286027279, 35.22814694719623 ], [ -80.840305074043428, 35.22815168367228 ], [ -80.840295336795464, 35.228155650136905 ], [ -80.840285169573818, 35.228158807773596 ], [ -80.840274671876799, 35.228161125681119 ], [ -80.840263946436778, 35.228162581175951 ], [ -80.840253098214987, 35.228163160014397 ], [ -80.840242233374141, 35.228162856531817 ], [ -80.840231458239629, 35.228161673698153 ], [ -80.840220878258961, 35.228159623088828 ], [ -80.840210596969797, 35.228156724771516 ], [ -80.840200714986722, 35.228153007109668 ], [ -80.839535814512587, 35.227869406833761 ], [ -80.839528140798166, 35.227865804875414 ], [ -80.838564640253438, 35.227370304415707 ], [ -80.838555706636299, 35.227365187026528 ], [ -80.838547434491559, 35.227359368909944 ], [ -80.838539905131597, 35.227352907256154 ], [ -80.838451205153618, 35.227268807196154 ] ] ] } },
{ "type": "Feature", "properties": { "centroid_id": 124, "poi_count": 11, "mean_dist_m": 38.563191040903526, "max_dist_m": 66.942720139587294, "poi_cluster_labels": "env", "dominant_poi_cluster": "env", "center_x_m": 514575.0, "center_y_m": 3898500.0, "center_lon": -80.839828546883368, "center_lat": 35.229446110244233 }, "geometry": { "type": "Polygon", "coordinates": [ [ [ -80.840298212171305, 35.229149100700731 ], [ -80.84030895892721, 35.229148235795726 ], [ -80.840319757252487, 35.229148240484903 ], [ -80.840330502886658, 35.229149114723 ], [ -80.840341092077935, 35.229150850069004 ], [ -80.840351422585016, 35.229153429767734 ], [ -80.840361394664257, 35.229156828911556 ], [ -80.840370912032697, 35.229161014680876 ], [ -80.84037988279762, 35.229165946661027 ], [ -80.840388220343954, 35.229171577232506 ], [ -80.840395844170402, 35.229177852030688 ], [ -80.84040268066677, 35.22918471047079 ], [ -80.840408663824732, 35.229192086332787 ], [ -80.840413735875046, 35.229199908400787 ], [ -80.840417847845472, 35.22920810115064 ], [ -80.840420960033541, 35.229216585479158 ], [ -80.840423042389901, 35.229225279467855 ], [ -80.840424074808524, 35.22923409917388 ], [ -80.840424047320752, 35.229242959440505 ], [ -80.840422960191674, 35.229251774719401 ], [ -80.840286861153388, 35.229990674842483 ], [ -80.840284690629204, 35.229999470457543 ], [ -80.840281465322306, 35.230008045485725 ], [ -80.840277217178823, 35.230016314991957 ], [ -80.840271988276044, 35.230024197067266 ], [ -80.840265830405698, 35.230031613640172 ], [ -80.840258804560889, 35.230038491249893 ], [ -80.84025098033203, 35.23004476177411 ], [ -80.840242435217547, 35.23005036310358 ], [ -80.840233253856269, 35.230055239757377 ], [ -80.840223527189011, 35.230059343432515 ], [ -80.840213351557949, 35.23006263348227 ], [ -80.840202827752194, 35.230065077318827 ], [ -80.840192060009585, 35.230066650736092 ], [ -80.840181154984165, 35.230067338149446 ], [ -80.840170220689743, 35.230067132750058 ], [ -80.840159365430068, 35.230066036572445 ], [ -80.840148696726047, 35.230064060474177 ], [ -80.840138320250702, 35.230061224028425 ], [ -80.840128338782591, 35.23005755533007 ], [ -80.839556238366598, 35.229818555096479 ], [ -80.839546862588065, 35.229814149201758 ], [ -80.839538059415332, 35.229809009161777 ], [ -80.839529913942272, 35.229803184661662 ], [ -80.83952250490519, 35.229796732002647 ], [ -80.839140305009735, 35.229429231742543 ], [ -80.839133799892025, 35.229422326028327 ], [ -80.839128138941931, 35.22941493661947 ], [ -80.839123375197929, 35.229407132748939 ], [ -80.83911955329225, 35.229398987532896 ], [ -80.839116709032893, 35.229390577285585 ], [ -80.839114869068027, 35.229381980804369 ], [ -80.839114050636283, 35.229373278631456 ], [ -80.839114261405427, 35.22936455229928 ], [ -80.839115499400407, 35.229355883566598 ], [ -80.839117753021839, 35.229347353652479 ], [ -80.839121001154808, 35.229339042475331 ], [ -80.839125213366628, 35.229331027904202 ], [ -80.839130350192036, 35.229323385029083 ], [ -80.839136363502888, 35.229316185457513 ], [ -80.839143196959157, 35.229309496643623 ], [ -80.839150786536749, 35.229303381256088 ], [ -80.839159061127404, 35.229297896591099 ], [ -80.839167943204856, 35.229293094035448 ], [ -80.839177349551321, 35.229289018585114 ], [ -80.839187192036988, 35.229285708423703 ], [ -80.839197378445888, 35.229283194564708 ], [ -80.839207813339755, 35.229281500560887 ], [ -80.840298212171305, 35.229149100700731 ] ] ] } },
{ "type": "Feature", "properties": { "centroid_id": 127, "poi_count": 10, "mean_dist_m": 76.753945363981344, "max_dist_m": 138.23431528933514, "poi_cluster_labels": "env", "dominant_poi_cluster": "env", "center_x_m": 514625.0, "center_y_m": 3897675.0, "center_lon": -80.839293743349685, "center_lat": 35.222006299478785 }, "geometry": { "type": "Polygon", "coordinates": [ [ [ -80.838650678515179, 35.220783712901344 ], [ -80.838659361491381, 35.220777940431191 ], [ -80.838668714017345, 35.220772921503311 ], [ -80.838678639365654, 35.220768708025346 ], [ -80.838689034884581, 35.22076534357462 ], [ -80.838699793059831, 35.220762862947531 ], [ -80.838710802626352, 35.220761291799647 ], [ -80.838721949719186, 35.220760646380342 ], [ -80.838733119051028, 35.220760933364787 ], [ -80.838744195104539, 35.220762149784882 ], [ -80.838755063327127, 35.220764283059957 ], [ -80.838765611315651, 35.220767311126927 ], [ -80.838775729978849, 35.220771202668374 ], [ -80.839251929647247, 35.220979202467156 ], [ -80.839261208992042, 35.220983749690511 ], [ -80.839269899076811, 35.22098902298459 ], [ -80.839277915829825, 35.220994971333255 ], [ -80.839285181693342, 35.221001537189558 ], [ -80.839291626374035, 35.221008657032542 ], [ -80.839297187522973, 35.221016261981696 ], [ -80.839301811338899, 35.221024278463368 ], [ -80.839724312204524, 35.221860878116161 ], [ -80.839727892577983, 35.221869062859248 ], [ -80.839730495515781, 35.221877492557034 ], [ -80.839732096808405, 35.221886088807338 ], [ -80.83973268156241, 35.22189477165886 ], [ -80.839732244338805, 35.221903460354866 ], [ -80.839730789203784, 35.221912074084187 ], [ -80.839728329690814, 35.221920532732945 ], [ -80.839724888674866, 35.221928757629534 ], [ -80.839720498159593, 35.221936672276414 ], [ -80.839715198979746, 35.221944203061582 ], [ -80.839709040421326, 35.221951279943191 ], [ -80.839702079763299, 35.22195783710103 ], [ -80.839694381744707, 35.221963813548683 ], [ -80.839686017962705, 35.221969153700741 ], [ -80.839677066206576, 35.221973807889846 ], [ -80.839667609734207, 35.221977732828549 ], [ -80.838652008910074, 35.222349933197208 ], [ -80.838642184725842, 35.222353078766055 ], [ -80.838632038328782, 35.222355437068622 ], [ -80.838621663168226, 35.222356986384717 ], [ -80.838611154800418, 35.222357712444968 ], [ -80.838600610008513, 35.222357608562284 ], [ -80.838590125911111, 35.222356675693469 ], [ -80.838579799067787, 35.222354922430313 ], [ -80.838569724589817, 35.222352364920525 ], [ -80.838559995264106, 35.222349026719073 ], [ -80.838550700698661, 35.222344938571084 ], [ -80.838541926497285, 35.222340138128828 ], [ -80.838533753471097, 35.222334669604827 ], [ -80.838526256894326, 35.2223285833647 ], [ -80.838519505810964, 35.222321935463285 ], [ -80.838513562398944, 35.222314787128333 ], [ -80.838508481397341, 35.222307204196674 ], [ -80.838504309602399, 35.222299256507746 ], [ -80.838501085436434, 35.222291017260403 ], [ -80.838498838593964, 35.222282562338798 ], [ -80.838497589768281, 35.222273969613376 ], [ -80.838497350460841, 35.222265318223819 ], [ -80.838539352294077, 35.220903718266335 ], [ -80.83854020240166, 35.220894576955224 ], [ -80.838542179247284, 35.220885553727769 ], [ -80.838545262395357, 35.220876741859541 ], [ -80.838549419974242, 35.220868232441191 ], [ -80.838554609005598, 35.220860113436842 ], [ -80.838560775848748, 35.220852468774765 ], [ -80.838567856755148, 35.220845377479826 ], [ -80.838575778527471, 35.220838912856564 ], [ -80.838650678515179, 35.220783712901344 ] ] ] } },
{ "type": "Feature", "properties": { "centroid_id": 128, "poi_count": 2, "mean_dist_m": 29.111167099831, "max_dist_m": 30.880997642064706, "poi_cluster_labels": "env", "dominant_poi_cluster": "env", "center_x_m": 514625.0, "center_y_m": 3898900.0, "center_lon": -80.839271961958602, "center_lat": 35.233052206513605 }, "geometry": { "type": "Polygon", "coordinates": [ [ [ -80.83912674918993, 35.232949883547334 ], [ -80.839118212478368, 35.232955291326348 ], [ -80.839109070846646, 35.232959986527938 ], [ -80.839099412333852, 35.232963923934626 ], [ -80.839089329956934, 35.232967065626958 ], [ -80.839078920814956, 35.232969381348575 ], [ -80.839068285153957, 35.232970848797763 ], [ -80.839057525401472, 35.232971453842147 ], [ -80.839046745180156, 35.232971190654808 ], [ -80.839036048309751, 35.232970061770366 ], [ -80.839025537807331, 35.232968078060651 ], [ -80.839015314895065, 35.232965258629939 ], [ -80.83900547802547, 35.232961630630946 ], [ -80.838996121933192, 35.232957229003432 ], [ -80.838987336722695, 35.232952096137545 ], [ -80.838979207000477, 35.232946281465757 ], [ -80.838971811060233, 35.232939840986674 ], [ -80.838965220128912, 35.232932836725752 ], [ -80.83895949768069, 35.232925336138017 ], [ -80.838954698825717, 35.23291741145831 ], [ -80.838950869779381, 35.232909139005749 ], [ -80.838948047417233, 35.232900598448694 ], [ -80.838946258919876, 35.232891872037435 ], [ -80.838945521511178, 35.232883043812116 ], [ -80.838945842292446, 35.232874198793397 ], [ -80.83894721817407, 35.232865422163634 ], [ -80.838949635905195, 35.232856798446534 ], [ -80.838953072201448, 35.232848410693151 ], [ -80.838957493969147, 35.232840339682049 ], [ -80.838962858624015, 35.232832663141352 ], [ -80.838969114501339, 35.232825455000253 ], [ -80.838976201353475, 35.232818784676944 ], [ -80.838984050930122, 35.232812716410152 ], [ -80.839128550896433, 35.232711516494099 ], [ -80.839137087581719, 35.232706108714069 ], [ -80.839146229183285, 35.232701413510078 ], [ -80.83915588766267, 35.232697476099389 ], [ -80.839165970003648, 35.232694334401288 ], [ -80.839176379108011, 35.232692018671976 ], [ -80.839187014730683, 35.232690551213118 ], [ -80.839197774445154, 35.232689946157095 ], [ -80.83920855462982, 35.232690209330904 ], [ -80.839219251465934, 35.232691338200063 ], [ -80.839229761937489, 35.23269332189296 ], [ -80.839239984823166, 35.232696141305631 ], [ -80.839249821671288, 35.232699769285652 ], [ -80.839259177747834, 35.232704170893712 ], [ -80.839267962948853, 35.232709303740052 ], [ -80.839276092668186, 35.232715118392647 ], [ -80.83928348861221, 35.232721558853399 ], [ -80.839290079553948, 35.232728563097261 ], [ -80.839295802018924, 35.232736063669684 ], [ -80.839300600896507, 35.232743988336154 ], [ -80.839304429970696, 35.232752260777936 ], [ -80.83930725236516, 35.232760801326975 ], [ -80.839309040898371, 35.232769527733204 ], [ -80.839309778345481, 35.232778355956569 ], [ -80.839309457604131, 35.232787200976503 ], [ -80.839308081762866, 35.2327959776106 ], [ -80.839305664071489, 35.232804601335047 ], [ -80.839302227813349, 35.232812989098612 ], [ -80.839297806081234, 35.232821060122433 ], [ -80.839292441458639, 35.232828736678066 ], [ -80.839286185609581, 35.232835944835955 ], [ -80.839279098781262, 35.232842615177454 ], [ -80.839271249223629, 35.232848683463409 ], [ -80.83912674918993, 35.232949883547334 ] ] ] } },
{ "type": "Feature", "properties": { "centroid_id": 130, "poi_count": 12, "mean_dist_m": 83.72923704939106, "max_dist_m": 110.16303504936681, "poi_cluster_labels": "env", "dominant_poi_cluster": "env", "center_x_m": 514675.0, "center_y_m": 3898400.0, "center_lon": -80.838731388521921, "center_lat": 35.228542944705445 }, "geometry": { "type": "Polygon", "coordinates": [ [ [ -80.83840399164481, 35.227503105380947 ], [ -80.83841257287699, 35.227497766228467 ], [ -80.838421749800418, 35.227493141918671 ], [ -80.838431434282356, 35.227489276862137 ], [ -80.838441533315702, 35.227486208177758 ], [ -80.838451949912169, 35.22748396533634 ], [ -80.838462584033635, 35.227482569877502 ], [ -80.838473333553068, 35.227482035202812 ], [ -80.838484095235088, 35.22748236644717 ], [ -80.838494765727575, 35.227483560429377 ], [ -80.838505242554135, 35.227485605682759 ], [ -80.838515425098279, 35.227488482565299 ], [ -80.838525215569661, 35.227492163448218 ], [ -80.838534519943323, 35.227496612981369 ], [ -80.83854324886255, 35.227501788432654 ], [ -80.83855131849711, 35.227507640098494 ], [ -80.838558651348322, 35.227514111781076 ], [ -80.838565176993285, 35.227521141328168 ], [ -80.838570832761278, 35.227528661229861 ], [ -80.838575564335557, 35.227536599267083 ], [ -80.838579326275095, 35.227544879205027 ], [ -80.838582082450884, 35.2275534215253 ], [ -80.838583806393032, 35.227562144189733 ], [ -80.838763708134692, 35.228877544034312 ], [ -80.838764383637866, 35.228886382653982 ], [ -80.838763999216582, 35.228895233016502 ], [ -80.838762558578566, 35.22890400975232 ], [ -80.838760075619732, 35.228912628202025 ], [ -80.838756574290059, 35.228921005233026 ], [ -80.838752088362725, 35.228929060041388 ], [ -80.838746661108232, 35.22893671493128 ], [ -80.838740344877024, 35.228943896064436 ], [ -80.838733200594632, 35.228950534172348 ], [ -80.838725297173909, 35.228956565224486 ], [ -80.838716710850335, 35.228961931045902 ], [ -80.838707524446676, 35.228966579878382 ], [ -80.838697826574005, 35.228970466879737 ], [ -80.838687710777108, 35.228973554556276 ], [ -80.838677274632005, 35.228975813124549 ], [ -80.83866661880478, 35.228977220798633 ], [ -80.838655846080641, 35.228977764000199 ], [ -80.838645060372329, 35.228977437489597 ], [ -80.838634365717851, 35.228976244416316 ], [ -80.838623865276901, 35.228974196288632 ], [ -80.838613660335781, 35.228971312862598 ], [ -80.838603849330426, 35.228967621951483 ], [ -80.838594526896856, 35.228963159157509 ], [ -80.838585782958305, 35.228957967528345 ], [ -80.838577701857886, 35.228952097141992 ], [ -80.837768401832889, 35.228303296635382 ], [ -80.837760842781108, 35.228296589646931 ], [ -80.837754149573044, 35.228289289505838 ], [ -80.837748390907649, 35.228281471140832 ], [ -80.837743625891633, 35.228273214799728 ], [ -80.837739903432848, 35.228264605225618 ], [ -80.837737261738283, 35.228255730787254 ], [ -80.837735727921938, 35.228246682571843 ], [ -80.837735317726541, 35.228237553450263 ], [ -80.837736035361971, 35.228228437123754 ], [ -80.837737873462004, 35.228219427162202 ], [ -80.837740813160082, 35.228210616043746 ], [ -80.837744824282794, 35.228202094205564 ], [ -80.837749865659788, 35.228193949115628 ], [ -80.83806416601098, 35.227744149360774 ], [ -80.838069345286769, 35.227737440310683 ], [ -80.838075223910892, 35.227731131220267 ], [ -80.838081756281511, 35.22772527103043 ], [ -80.83808889172559, 35.227719905199834 ], [ -80.83840399164481, 35.227503105380947 ] ] ] } },
{ "type": "Feature", "properties": { "centroid_id": 131, "poi_count": 7, "mean_dist_m": 42.304404535286103, "max_dist_m": 62.128364243924793, "poi_cluster_labels": "env", "dominant_poi_cluster": "env", "center_x_m": 514675.0, "center_y_m": 3898600.0, "center_lon": -80.838727819882109, "center_lat": 35.230346357478048 }, "geometry": { "type": "Polygon", "coordinates": [ [ [ -80.839238438576132, 35.229897258613867 ], [ -80.839249129770849, 35.229896648491035 ], [ -80.839259842555961, 35.229896895731258 ], [ -80.839270475050469, 35.229897997983223 ], [ -80.839280926136937, 35.229899944764284 ], [ -80.839291096423182, 35.229902717560101 ], [ -80.839300889187399, 35.229906290000784 ], [ -80.839310211298113, 35.229910628111547 ], [ -80.839318974099868, 35.229915690636005 ], [ -80.839327094256248, 35.22992142942838 ], [ -80.839334494542555, 35.229927789911407 ], [ -80.839341104580129, 35.229934711595384 ], [ -80.839346861505717, 35.229942128653462 ], [ -80.839351710569375, 35.229949970547644 ], [ -80.839355605655044, 35.22995816269961 ], [ -80.83935850971919, 35.229966627199964 ], [ -80.839360395143174, 35.229975283549223 ], [ -80.839361243995768, 35.229984049423337 ], [ -80.83936104820387, 35.229992841456585 ], [ -80.839359809629158, 35.230001576034482 ], [ -80.839357540050457, 35.230010170088917 ], [ -80.839354261051753, 35.230018541888185 ], [ -80.83935000381689, 35.23002661181421 ], [ -80.839344808833033, 35.230034303119844 ], [ -80.839338725505627, 35.230041542658682 ], [ -80.839331811688567, 35.230048261580698 ], [ -80.839324133133985, 35.230054395987125 ], [ -80.838557432990072, 35.230609796441207 ], [ -80.838548813243534, 35.230615435346543 ], [ -80.83853954833252, 35.230620337294127 ], [ -80.838529731488649, 35.230624452956199 ], [ -80.838519461497739, 35.230627740917306 ], [ -80.838508841705547, 35.230630168091047 ], [ -80.838497978977912, 35.230631710053025 ], [ -80.838486982625298, 35.230632351286637 ], [ -80.838475963302869, 35.230632085339217 ], [ -80.838465031896931, 35.230630914886973 ], [ -80.838454298409061, 35.23062885170804 ], [ -80.838443870849204, 35.230625916563987 ], [ -80.838433854148761, 35.230622138990832 ], [ -80.838424349104656, 35.230617557001906 ], [ -80.838415451365009, 35.230612216705261 ], [ -80.838407250466673, 35.23060617183971 ], [ -80.838399828934186, 35.230599483234045 ], [ -80.838393261449411, 35.230592218194957 ], [ -80.838387614099915, 35.230584449829671 ], [ -80.838095314488967, 35.230132249599421 ], [ -80.83809078352192, 35.230124335075431 ], [ -80.83808720815091, 35.230116097666858 ], [ -80.838084621998192, 35.230107614837834 ], [ -80.838083049383528, 35.230098966360408 ], [ -80.838082505095358, 35.230090233564383 ], [ -80.838082994251778, 35.230081498572353 ], [ -80.838084512252493, 35.230072843527651 ], [ -80.838087044821989, 35.230064349821717 ], [ -80.838090568143869, 35.230056097328742 ], [ -80.838095049084757, 35.230048163654558 ], [ -80.838100445505987, 35.230040623406836 ], [ -80.838106706659772, 35.230033547493434 ], [ -80.838113773666549, 35.230027002455692 ], [ -80.838121580068574, 35.23002104984257 ], [ -80.838130052455014, 35.230015745631917 ], [ -80.838139111152145, 35.230011139704082 ], [ -80.838148670972714, 35.230007275372785 ], [ -80.838158642017007, 35.23000418897783 ], [ -80.838168930518208, 35.230001909543411 ], [ -80.838179439724186, 35.230000458505089 ], [ -80.839238438576132, 35.229897258613867 ] ] ] } },
{ "type": "Feature", "properties": { "centroid_id": 132, "poi_count": 1, "mean_dist_m": 67.173272128741345, "max_dist_m": 67.173272128741345, "poi_cluster_labels": "env", "dominant_poi_cluster": "env", "center_x_m": 514675.0, "center_y_m": 3898775.0, "center_lon": -80.838724697062204, "center_lat": 35.231924343212171 }, "geometry": { "type": "Polygon", "coordinates": [ [ [ -80.838921501651626, 35.232475153805879 ], [ -80.838922048312696, 35.232466316246281 ], [ -80.838923648089931, 35.2324575652056 ], [ -80.838926285576292, 35.232448984961088 ], [ -80.838929935371013, 35.23244065814513 ], [ -80.838934562324354, 35.232432664949428 ], [ -80.838940121875964, 35.232425082352705 ], [ -80.838946560484203, 35.232417983379406 ], [ -80.83895381614164, 35.232411436396383 ], [ -80.838961818972265, 35.232405504454519 ], [ -80.838970491904533, 35.232400244681529 ], [ -80.838979751413447, 35.232395707731754 ], [ -80.838989508325014, 35.232391937298395 ], [ -80.838999668675086, 35.232388969692686 ], [ -80.839010134614199, 35.232386833494168 ], [ -80.839020805349961, 35.232385549275584 ], [ -80.839031578117655, 35.232385129404591 ], [ -80.839042349169986, 35.232385577924759 ], [ -80.839053014776169, 35.232386890516629 ], [ -80.839063472220928, 35.232389054539276 ], [ -80.839073620793656, 35.232392049152011 ], [ -80.839083362758302, 35.232395845515185 ], [ -80.839092604294649, 35.232400407067857 ], [ -80.83910125640179, 35.232405689879883 ], [ -80.839109235755316, 35.232411643075046 ], [ -80.839116465509733, 35.232418209320969 ], [ -80.839122876038488, 35.232425325381236 ], [ -80.839128405604626, 35.232432922724428 ], [ -80.839133000955187, 35.232440928184118 ], [ -80.839136617834257, 35.232449264663444 ], [ -80.839139221409013, 35.232457851877641 ], [ -80.839140786605327, 35.232466607127208 ], [ -80.839141298349162, 35.232475446094341 ], [ -80.839140751711795, 35.232484283654976 ], [ -80.839139151957326, 35.232493034698535 ], [ -80.83913651449194, 35.232501614947694 ], [ -80.839132864715523, 35.232509941769834 ], [ -80.839128237777203, 35.232517934973075 ], [ -80.839122678236677, 35.232525517578345 ], [ -80.839116239635217, 35.232532616560881 ], [ -80.839108983979983, 35.232539163553533 ], [ -80.839100981146842, 35.232545095504989 ], [ -80.839092308207512, 35.232550355287181 ], [ -80.839083048687229, 35.232554892245417 ], [ -80.839073291760414, 35.232558662686174 ], [ -80.839063131391811, 35.232561630297937 ], [ -80.839052665431595, 35.23256376650091 ], [ -80.839041994672996, 35.232565050722208 ], [ -80.839031221881555, 35.232565470594054 ], [ -80.839020450805521, 35.232565022072841 ], [ -80.839009785176557, 35.232563709478065 ], [ -80.838999327710852, 35.232561545450807 ], [ -80.838989179119807, 35.232558550831875 ], [ -80.838979437140154, 35.232554754461177 ], [ -80.838970195592694, 35.232550192899964 ], [ -80.838961543478774, 35.232544910078659 ], [ -80.838953564123074, 35.232538956873881 ], [ -80.838946334371158, 35.232532390618374 ], [ -80.838939923849452, 35.232525274548912 ], [ -80.838934394294711, 35.232517677197258 ], [ -80.838929798959384, 35.232509671730156 ], [ -80.838926182098859, 35.232501335244798 ], [ -80.838923578545192, 35.232492748026132 ], [ -80.838922013371729, 35.232483992773851 ], [ -80.838921501651626, 35.232475153805879 ] ] ] } },
{ "type": "Feature", "properties": { "centroid_id": 133, "poi_count": 5, "mean_dist_m": 69.524950318409935, "max_dist_m": 82.497803445427081, "poi_cluster_labels": "env", "dominant_poi_cluster": "env", "center_x_m": 514700.0, "center_y_m": 3898100.0, "center_lon": -80.838462017396921, "center_lat": 35.225837458255072 }, "geometry": { "type": "Polygon", "coordinates": [ [ [ -80.838623988247235, 35.226587808643465 ], [ -80.838622540217784, 35.226596577452597 ], [ -80.838620051701341, 35.226605187575274 ], [ -80.83861654666336, 35.226613556091245 ], [ -80.838612058859027, 35.226621602407029 ], [ -80.838606631508114, 35.226629249032108 ], [ -80.838600316878825, 35.226636422325186 ], [ -80.838593175784354, 35.226643053203375 ], [ -80.838585276997321, 35.226649077807586 ], [ -80.838576696587396, 35.226654438117436 ], [ -80.838567517188707, 35.226659082510068 ], [ -80.838557827204028, 35.226662966257315 ], [ -80.838547719953411, 35.226666051956478 ], [ -80.838537292775499, 35.226668309890492 ], [ -80.838526646089974, 35.226669718314149 ], [ -80.838515882430599, 35.226670263663515 ], [ -80.838505105457614, 35.226669940686548 ], [ -80.838494418959513, 35.226668752493723 ], [ -80.838483925853453, 35.226666710528029 ], [ -80.838473727194071, 35.226663834454769 ], [ -80.838463921200315, 35.226660151972169 ], [ -80.838454602309483, 35.226655698544661 ], [ -80.838445860267754, 35.22665051706133 ], [ -80.838437779265874, 35.226644657422803 ], [ -80.838430437128352, 35.226638176060746 ], [ -80.838423904563953, 35.226631135394356 ], [ -80.838418244484771, 35.226623603229243 ], [ -80.838413511400304, 35.226615652104385 ], [ -80.838409750892509, 35.226607358593583 ], [ -80.838406999176897, 35.226598802567956 ], [ -80.838405282753683, 35.226590066426773 ], [ -80.838404618152623, 35.226581234303914 ], [ -80.838405011773872, 35.226572391257548 ], [ -80.838425612036389, 35.226375391276619 ], [ -80.838427060083006, 35.226366622469563 ], [ -80.838429548612439, 35.226358012350552 ], [ -80.838433053658505, 35.226349643839669 ], [ -80.838437541465396, 35.226341597530165 ], [ -80.838442968812885, 35.226333950912291 ], [ -80.838449283432453, 35.226326777627051 ], [ -80.838456424510781, 35.226320146756954 ], [ -80.838464323275318, 35.226314122160765 ], [ -80.838472903656694, 35.226308761858505 ], [ -80.838482083021219, 35.226304117472687 ], [ -80.838491772966748, 35.226300233731159 ], [ -80.838501880174036, 35.226297148036366 ], [ -80.838512307305407, 35.226294890105137 ], [ -80.838522953942174, 35.226293481682518 ], [ -80.838533717551741, 35.226292936332364 ], [ -80.838544494475016, 35.226293259306658 ], [ -80.838555180924658, 35.226294447495 ], [ -80.838565673984633, 35.226296489454533 ], [ -80.838575872601382, 35.226299365520113 ], [ -80.838585678556882, 35.22630304799376 ], [ -80.838594997414688, 35.226307501411341 ], [ -80.838603739429246, 35.226312682884128 ], [ -80.838611820410279, 35.226318542511855 ], [ -80.838619162533561, 35.226325023863204 ], [ -80.838625695090428, 35.22633206451939 ], [ -80.838631355168687, 35.226339596675167 ], [ -80.838636088258539, 35.226347547791889 ], [ -80.83863984877749, 35.226355841296041 ], [ -80.838642600509473, 35.226364397316772 ], [ -80.838644316953491, 35.226373133454956 ], [ -80.838644981578923, 35.22638196557687 ], [ -80.838644587984703, 35.226390808624366 ], [ -80.838623988247235, 35.226587808643465 ] ] ] } },
{ "type": "Feature", "properties": { "centroid_id": 134, "poi_count": 3, "mean_dist_m": 64.097316977702505, "max_dist_m": 82.770298822535253, "poi_cluster_labels": "env", "dominant_poi_cluster": "env", "center_x_m": 514750.0, "center_y_m": 3897775.0, "center_lon": -80.837918397651634, "center_lat": 35.222906175723217 }, "geometry": { "type": "Polygon", "coordinates": [ [ [ -80.837031370110736, 35.223000365487302 ], [ -80.837020718818579, 35.223001747774354 ], [ -80.837009953704367, 35.223002266703404 ], [ -80.836999178442369, 35.223001917276861 ], [ -80.836988496804608, 35.223000702859906 ], [ -80.836978011661415, 35.222998635148066 ], [ -80.836967823990761, 35.222995734054614 ], [ -80.836958031905738, 35.222992027518735 ], [ -80.836948729709732, 35.222987551236521 ], [ -80.836940006988101, 35.222982348317132 ], [ -80.836931947745541, 35.222976468867664 ], [ -80.836924629597021, 35.222969969510544 ], [ -80.836918123020268, 35.222962912838298 ], [ -80.836912490677065, 35.222955366810673 ], [ -80.836907786809832, 35.222947404100132 ], [ -80.836904056719163, 35.222939101392065 ], [ -80.836901336327571, 35.222930538646168 ], [ -80.836899651833647, 35.22292179832646 ], [ -80.836899019459665, 35.222912964606991 ], [ -80.836899445295373, 35.22290412256136 ], [ -80.836900925239405, 35.222895357343269 ], [ -80.836903445038772, 35.222886753366538 ], [ -80.836906980426107, 35.222878393492103 ], [ -80.836911497353427, 35.222870358230004 ], [ -80.836916952320053, 35.222862724964145 ], [ -80.836923292791496, 35.222855567206899 ], [ -80.836930457705435, 35.222848953891251 ], [ -80.836938378059813, 35.222842948706933 ], [ -80.836946977577298, 35.22283760948698 ], [ -80.83695617343993, 35.222832987650897 ], [ -80.836965877086698, 35.222829127709346 ], [ -80.836975995066368, 35.222826066835566 ], [ -80.836986429937554, 35.222823834507381 ], [ -80.837631029269104, 35.222713334623592 ], [ -80.837641680513414, 35.222711952282637 ], [ -80.837652445585491, 35.22271143329727 ], [ -80.837663220812132, 35.222711782665598 ], [ -80.837673902422353, 35.222712997022995 ], [ -80.837684387546716, 35.222715064674624 ], [ -80.83769457520809, 35.222717965707879 ], [ -80.837704367293952, 35.222721672184342 ], [ -80.837713669501426, 35.222726148408725 ], [ -80.837722392245311, 35.22273135127265 ], [ -80.837730451520926, 35.222737230669821 ], [ -80.837737769713073, 35.222743729978596 ], [ -80.837744276343543, 35.222750786607179 ], [ -80.837749908749828, 35.222758332596541 ], [ -80.837754612688613, 35.222766295274802 ], [ -80.837758342858194, 35.222774597957105 ], [ -80.837761063334739, 35.222783160684195 ], [ -80.837762747918262, 35.222791900992362 ], [ -80.837763380384985, 35.222800734707747 ], [ -80.837762954643551, 35.222809576756823 ], [ -80.837761474793766, 35.222818341985828 ], [ -80.83775895508704, 35.222826945980763 ], [ -80.837755419789218, 35.222835305880409 ], [ -80.837750902946908, 35.222843341174254 ], [ -80.837745448059522, 35.22285097447795 ], [ -80.837739107660468, 35.222858132278446 ], [ -80.837731942811118, 35.222864745642113 ], [ -80.837724022512887, 35.222870750878485 ], [ -80.837715423042567, 35.222876090153733 ], [ -80.837706227217865, 35.222880712047569 ], [ -80.837696523599774, 35.222884572048514 ], [ -80.837686405639644, 35.222887632982527 ], [ -80.837675970779202, 35.222889865371066 ], [ -80.837031370110736, 35.223000365487302 ] ] ] } },
{ "type": "Feature", "properties": { "centroid_id": 135, "poi_count": 3, "mean_dist_m": 84.174806898716781, "max_dist_m": 84.174806898716781, "poi_cluster_labels": "env", "dominant_poi_cluster": "env", "center_x_m": 514750.0, "center_y_m": 3897950.0, "center_lon": -80.837915260021958, "center_lat": 35.224484163337642 }, "geometry": { "type": "Polygon", "coordinates": [ [ [ -80.837840513454893, 35.223725552856052 ], [ -80.837841060170675, 35.22371671528871 ], [ -80.837842659888437, 35.223707964249485 ], [ -80.837845297201682, 35.223699384015653 ], [ -80.837848946711347, 35.223691057219469 ], [ -80.837853573270394, 35.223683064052459 ], [ -80.837859132322322, 35.223675481493082 ], [ -80.837865570330251, 35.223668382565386 ], [ -80.837872825292564, 35.223661835635802 ], [ -80.837880827339959, 35.223655903754718 ], [ -80.837889499408377, 35.223650644049251 ], [ -80.837898757981179, 35.223646107173074 ], [ -80.83790851389341, 35.223642336818699 ], [ -80.837918673190515, 35.223639369296578 ], [ -80.837929138033175, 35.223637233185507 ], [ -80.837939807639543, 35.223635949057311 ], [ -80.837950579255789, 35.223635529278802 ], [ -80.837961349145715, 35.223635977892691 ], [ -80.837972013589749, 35.22363729057858 ], [ -80.837982469883784, 35.223639454694627 ], [ -80.837992617328268, 35.223642449399286 ], [ -80.838002358198054, 35.223646245852009 ], [ -80.838011598683465, 35.223650807490984 ], [ -80.838020249793715, 35.223656090385234 ], [ -80.838028228213986, 35.223662043657754 ], [ -80.83803545710775, 35.223668609975412 ], [ -80.838041866856798, 35.223675726101128 ], [ -80.838047395731621, 35.223683323502833 ], [ -80.83805199048598, 35.223691329013533 ], [ -80.838055606869631, 35.223699665535889 ], [ -80.838058210054598, 35.223708252784704 ], [ -80.838059774970461, 35.223717008060163 ], [ -80.838060286545897, 35.2237258470442 ], [ -80.838059739853819, 35.223734684612594 ], [ -80.838058140158822, 35.22374343565469 ], [ -80.83805550286651, 35.223752015893176 ], [ -80.838051853375177, 35.223760342695535 ], [ -80.838047226831108, 35.223768335870069 ], [ -80.838041667790293, 35.223775918438015 ], [ -80.838035229789128, 35.223783017374942 ], [ -80.838027974829004, 35.223789564314131 ], [ -80.838019972779108, 35.223795496204794 ], [ -80.838011300703613, 35.223800755919477 ], [ -80.838002042119427, 35.223805292804116 ], [ -80.837992286191962, 35.223809063165881 ], [ -80.837982126876355, 35.223812030694042 ], [ -80.837971662012606, 35.223814166809582 ], [ -80.837960992383401, 35.223815450940499 ], [ -80.837950220743423, 35.223815870719847 ], [ -80.837939450829779, 35.22381542210492 ], [ -80.837928786362994, 35.223814109416132 ], [ -80.837918330048026, 35.223811945295445 ], [ -80.83790818258521, 35.223808950584598 ], [ -80.837898441700432, 35.223805154124364 ], [ -80.837889201203936, 35.223800592476856 ], [ -80.837880550086922, 35.223795309573326 ], [ -80.837872571664462, 35.223789356291199 ], [ -80.837865342773185, 35.223782789963948 ], [ -80.837858933031214, 35.223775673829046 ], [ -80.83785340416776, 35.223768076418871 ], [ -80.83784880942865, 35.223760070900781 ], [ -80.837845193063501, 35.223751734372385 ], [ -80.837842589899608, 35.223743147119094 ], [ -80.837841025006597, 35.223734391840935 ], [ -80.837840513454893, 35.223725552856052 ] ] ] } },
{ "type": "Feature", "properties": { "centroid_id": 136, "poi_count": 11, "mean_dist_m": 60.777653396054347, "max_dist_m": 124.6247708318237, "poi_cluster_labels": "env", "dominant_poi_cluster": "env", "center_x_m": 514775.0, "center_y_m": 3898125.0, "center_lon": -80.837637397913099, "center_lat": 35.226061782384775 }, "geometry": { "type": "Polygon", "coordinates": [ [ [ -80.837689406663429, 35.225657935803305 ], [ -80.837699513845777, 35.225654544568187 ], [ -80.837709981292406, 35.225651993172157 ], [ -80.837720705647726, 35.225650306807715 ], [ -80.83773158101944, 35.225649502125989 ], [ -80.837742500024177, 35.225649587072425 ], [ -80.837753354847678, 35.225650560808255 ], [ -80.837764038309473, 35.225652413718826 ], [ -80.837774444921024, 35.225655127508496 ], [ -80.837784471927463, 35.225658675381318 ], [ -80.837794020322036, 35.225663022305554 ], [ -80.837802995823822, 35.225668125359711 ], [ -80.837811309808544, 35.225673934156191 ], [ -80.837818880183718, 35.225680391338919 ], [ -80.837825632199241, 35.225687433149616 ], [ -80.837831499185413, 35.225694990057356 ], [ -80.837836423211272, 35.225702987445139 ], [ -80.838512624450615, 35.226951786895086 ], [ -80.838516555948374, 35.226960143095603 ], [ -80.838519457681016, 35.226968778130612 ], [ -80.838521301014453, 35.226977606791216 ], [ -80.83852206775866, 35.22698654195775 ], [ -80.838521750347184, 35.226995495459597 ], [ -80.838520351911853, 35.227004378945182 ], [ -80.838517886251807, 35.227013104753752 ], [ -80.838514377697436, 35.227021586780509 ], [ -80.838509860870261, 35.227029741326234 ], [ -80.838504380341305, 35.227037487923184 ], [ -80.838497990191286, 35.227044750129153 ], [ -80.838490753476989, 35.227051456281863 ], [ -80.838482741608971, 35.227057540206012 ], [ -80.838474033646975, 35.227062941866365 ], [ -80.838464715519763, 35.227067607960159 ], [ -80.838454879177107, 35.227071492443081 ], [ -80.838444621682555, 35.227074556983588 ], [ -80.838434044255521, 35.227076771341274 ], [ -80.838423251272516, 35.227078113665137 ], [ -80.83841234923716, 35.227078570709374 ], [ -80.838401445729133, 35.2270781379639 ], [ -80.838390648342724, 35.227076819699008 ], [ -80.838380063624996, 35.227074628923127 ], [ -80.838369796024367, 35.227071587254542 ], [ -80.83835994686001, 35.227067724707972 ], [ -80.83835061332195, 35.227063079398484 ], [ -80.838341887512101, 35.227057697165272 ], [ -80.836928487150004, 35.226092096354385 ], [ -80.836920371108533, 35.22608595983835 ], [ -80.836913046112457, 35.226079186284089 ], [ -80.836906586042559, 35.226071844010676 ], [ -80.836901056055765, 35.226064007073319 ], [ -80.836896511928046, 35.226055754516466 ], [ -80.836892999491781, 35.226047169576546 ], [ -80.836890554173564, 35.226038338842443 ], [ -80.836889200636833, 35.226029351382081 ], [ -80.836888952533172, 35.226020297844144 ], [ -80.836889812364618, 35.226011269543747 ], [ -80.836891771458454, 35.226002357541432 ], [ -80.836894810054645, 35.225993651724693 ], [ -80.83689889750525, 35.225985239901433 ], [ -80.836903992583444, 35.225977206914216 ], [ -80.836910043899451, 35.225969633784636 ], [ -80.836916990418771, 35.225962596896082 ], [ -80.836924762077871, 35.225956167223345 ], [ -80.836933280490854, 35.225950409616757 ], [ -80.836942459740015, 35.225945382148119 ], [ -80.836952207242419, 35.225941135524934 ], [ -80.837689406663429, 35.225657935803305 ] ] ] } },
{ "type": "Feature", "properties": { "centroid_id": 137, "poi_count": 14, "mean_dist_m": 55.398971629990967, "max_dist_m": 81.19980697506179, "poi_cluster_labels": "env", "dominant_poi_cluster": "env", "center_x_m": 514775.0, "center_y_m": 3898500.0, "center_lon": -80.837630661679157, "center_lat": 35.229443182097384 }, "geometry": { "type": "Polygon", "coordinates": [ [ [ -80.837591914833524, 35.228799713518463 ], [ -80.837601808652451, 35.228796714449125 ], [ -80.837612007301047, 35.228794507460023 ], [ -80.837622416831735, 35.228793112881419 ], [ -80.837632941354414, 35.228792543559813 ], [ -80.837643483919678, 35.228792804739705 ], [ -80.837653947411908, 35.228793894015141 ], [ -80.837664235443924, 35.228795801351986 ], [ -80.837674253244813, 35.22879850918028 ], [ -80.837683908532881, 35.228801992556193 ], [ -80.837693112365884, 35.22880621939165 ], [ -80.837701779960199, 35.228811150750062 ], [ -80.838589879643081, 35.229370050265146 ], [ -80.838598135249271, 35.229375797068087 ], [ -80.838605661646199, 35.229382182508708 ], [ -80.83861238578784, 35.229389144614466 ], [ -80.838618242414199, 35.229396615816093 ], [ -80.838623174684756, 35.22940452360335 ], [ -80.838627134730089, 35.229412791228832 ], [ -80.83863008411646, 35.229421338452752 ], [ -80.838631994218872, 35.229430082321699 ], [ -80.838632846498854, 35.229438937973754 ], [ -80.838632632684394, 35.229447819462059 ], [ -80.838631354850321, 35.229456640589021 ], [ -80.838629025398049, 35.229465315742814 ], [ -80.838625666935343, 35.229473760728276 ], [ -80.83862131205683, 35.229481893584136 ], [ -80.838616003027738, 35.229489635378393 ], [ -80.838609791373685, 35.229496910974355 ], [ -80.838602737380583, 35.229503649760005 ], [ -80.838594909509567, 35.229509786333189 ], [ -80.838586383732604, 35.229515261136392 ], [ -80.838577242795097, 35.229520021034809 ], [ -80.837548842120555, 35.229998921487613 ], [ -80.837539427336452, 35.230002827877883 ], [ -80.837529599410672, 35.230005975512242 ], [ -80.837519448920162, 35.230008335381193 ], [ -80.837509069414793, 35.230009885735505 ], [ -80.83749855655509, 35.230010612286655 ], [ -80.837488007230618, 35.230010508338545 ], [ -80.837477518667043, 35.230009574849184 ], [ -80.837467187530009, 35.230007820421875 ], [ -80.837457109034276, 35.230005261225934 ], [ -80.837447376066137, 35.230001920847684 ], [ -80.837438078327409, 35.229997830072968 ], [ -80.837429301508649, 35.22999302660358 ], [ -80.837421126499436, 35.229987554709645 ], [ -80.837413628642864, 35.229981464821698 ], [ -80.837406877041104, 35.229974813065873 ], [ -80.837400933918644, 35.229967660746631 ], [ -80.837395854048737, 35.229960073781704 ], [ -80.837391684248615, 35.229952122094645 ], [ -80.837388462948013, 35.22994387897041 ], [ -80.837098064022712, 35.229056278722112 ], [ -80.837095832366444, 35.229047875782925 ], [ -80.837094586489144, 35.229039336615244 ], [ -80.837094337723769, 35.229030738896597 ], [ -80.837095088332944, 35.229022160837104 ], [ -80.837096831488338, 35.229013680468043 ], [ -80.837099551332869, 35.229005374932008 ], [ -80.837103223124856, 35.228997319781179 ], [ -80.83710781346322, 35.228989588290069 ], [ -80.837113280591225, 35.228982250788945 ], [ -80.837119574776381, 35.228975374024117 ], [ -80.837126638762811, 35.228969020550736 ], [ -80.837134408292187, 35.22896324816373 ], [ -80.837142812688072, 35.228958109372186 ], [ -80.83715177549908, 35.228953650921568 ], [ -80.837161215194101, 35.228949913368552 ], [ -80.837591914833524, 35.228799713518463 ] ] ] } },
{ "type": "Feature", "properties": { "centroid_id": 138, "poi_count": 5, "mean_dist_m": 54.485890194772836, "max_dist_m": 72.057096839246086, "poi_cluster_labels": "env", "dominant_poi_cluster": "env", "center_x_m": 514775.0, "center_y_m": 3898675.0, "center_lon": -80.837627517719341, "center_lat": 35.231021167981837 }, "geometry": { "type": "Polygon", "coordinates": [ [ [ -80.837422495829443, 35.230451767289708 ], [ -80.83743046330919, 35.23044594258544 ], [ -80.837439081733748, 35.230440779394584 ], [ -80.837448269840181, 35.230436326400678 ], [ -80.837457940994014, 35.230432625590865 ], [ -80.837468004006254, 35.230429711859969 ], [ -80.837478363993057, 35.230427612681439 ], [ -80.837488923270485, 35.230426347848351 ], [ -80.837499582275498, 35.23042592928676 ], [ -80.837510240504756, 35.230426360943291 ], [ -80.837520797462204, 35.230427638747869 ], [ -80.837531153606676, 35.230429750652121 ], [ -80.837541211290457, 35.230432676742971 ], [ -80.83755087567998, 35.230436389430423 ], [ -80.837560055649973, 35.230440853707648 ], [ -80.837568664642731, 35.230446027481172 ], [ -80.838094464489558, 35.230795427184376 ], [ -80.838102203805335, 35.230801086250509 ], [ -80.838109258812054, 35.230807318487251 ], [ -80.838115566732341, 35.230814068438562 ], [ -80.838121071436547, 35.230821276041709 ], [ -80.838125723942227, 35.230828877161606 ], [ -80.838129482849922, 35.230836804161562 ], [ -80.838132314711672, 35.23084498650509 ], [ -80.838134194328532, 35.230853351383544 ], [ -80.838135104974882, 35.230861824364069 ], [ -80.838169905916629, 35.231561724335464 ], [ -80.838169802321971, 35.231570768460209 ], [ -80.83816859501411, 35.231579758573474 ], [ -80.838166296139363, 35.231588604225848 ], [ -80.838162928826378, 35.231597216421335 ], [ -80.838158526953279, 35.231605508512686 ], [ -80.838153134807015, 35.231613397073254 ], [ -80.838146806637667, 35.231620802736231 ], [ -80.838139606112705, 35.231627650993254 ], [ -80.838131605676409, 35.231633872943981 ], [ -80.838122885821051, 35.231639405989348 ], [ -80.838113534277028, 35.231644194461339 ], [ -80.83810364513019, 35.231648190183101 ], [ -80.838093317875305, 35.231651352953605 ], [ -80.838082656414954, 35.231653650952239 ], [ -80.838071768014217, 35.23165506105876 ], [ -80.838060762221431, 35.231655569086094 ], [ -80.838049749766014, 35.231655169922959 ], [ -80.838038841444472, 35.231653867585337 ], [ -80.838028147005545, 35.231651675176089 ], [ -80.838017774046122, 35.231648614753055 ], [ -80.838007826928617, 35.231644717107194 ], [ -80.83680652610542, 35.231111716593169 ], [ -80.836797282666083, 35.231107119506987 ], [ -80.836788634329153, 35.231101799605526 ], [ -80.836780664756247, 35.231095808352102 ], [ -80.836773451042703, 35.231089203704521 ], [ -80.836767062971845, 35.231082049554324 ], [ -80.836761562339916, 35.231074415108829 ], [ -80.836757002358254, 35.231066374221562 ], [ -80.836753427138575, 35.231058004677848 ], [ -80.836750871266233, 35.231049387442276 ], [ -80.836749359465713, 35.231040605875535 ], [ -80.836748906361365, 35.231031744928025 ], [ -80.83674951633607, 35.231022890317952 ], [ -80.836751183488772, 35.23101412770221 ], [ -80.836753891691572, 35.231005541847786 ], [ -80.836757614745807, 35.230997215811634 ], [ -80.836762316635458, 35.230989230137332 ], [ -80.836767951875629, 35.230981662075841 ], [ -80.836774465952487, 35.230974584838293 ], [ -80.836781795850641, 35.230968066887662 ], [ -80.837422495829443, 35.230451767289708 ] ] ] } },
{ "type": "Feature", "properties": { "centroid_id": 139, "poi_count": 3, "mean_dist_m": 54.963392942579986, "max_dist_m": 60.241895525008488, "poi_cluster_labels": "env", "dominant_poi_cluster": "env", "center_x_m": 514775.0, "center_y_m": 3898850.0, "center_lon": -80.837624373515169, "center_lat": 35.232599153453862 }, "geometry": { "type": "Polygon", "coordinates": [ [ [ -80.837760813049726, 35.231985432007598 ], [ -80.83777144594481, 35.23198365812992 ], [ -80.837782240209293, 35.231982753211682 ], [ -80.837793090620394, 35.231982726074051 ], [ -80.837803891407987, 35.231983576981584 ], [ -80.837814537285681, 35.231985297639582 ], [ -80.837824924477147, 35.231987871275052 ], [ -80.837834951727672, 35.231991272800109 ], [ -80.837844521291274, 35.231995469056564 ], [ -80.837853539883469, 35.23200041913919 ], [ -80.837861919590566, 35.232006074794384 ], [ -80.837869578726782, 35.232012380890644 ], [ -80.837876442630346, 35.232019275955906 ], [ -80.837882444391468, 35.232026692776763 ], [ -80.83788752550447, 35.232034559053751 ], [ -80.837891636438144, 35.232042798106015 ], [ -80.837894737118631, 35.232051329618876 ], [ -80.837896797319999, 35.232060070426726 ], [ -80.837897796958956, 35.23206893532366 ], [ -80.83789772629062, 35.232077837894188 ], [ -80.837896586003524, 35.232086691355455 ], [ -80.837894387212899, 35.232095409403392 ], [ -80.837891151352409, 35.232103907053876 ], [ -80.837886909965093, 35.232112101471188 ], [ -80.837881704396011, 35.232119912775566 ], [ -80.837875585389199, 35.232127264821813 ], [ -80.83786861259297, 35.23213408594161 ], [ -80.837860853978526, 35.232140309642105 ], [ -80.837852385177285, 35.232145875254176 ], [ -80.837843288743741, 35.232150728523749 ], [ -80.837833653350629, 35.232154822140707 ], [ -80.837367152977606, 35.232329622313287 ], [ -80.837356927862402, 35.232332956843422 ], [ -80.837346347607365, 35.232335435732011 ], [ -80.837335518272212, 35.232337034129927 ], [ -80.837324548413562, 35.23233773601433 ], [ -80.837313547996686, 35.232337534349305 ], [ -80.837302627293141, 35.232336431156419 ], [ -80.837291895775493, 35.232334437494416 ], [ -80.837281461019742, 35.232331573348382 ], [ -80.837271427627101, 35.232327867429412 ], [ -80.837261896175292, 35.232323356886738 ], [ -80.837252962210442, 35.232318086935464 ], [ -80.837244715289188, 35.232312110403171 ], [ -80.83723723808103, 35.232305487200428 ], [ -80.837172438101007, 35.232241987155973 ], [ -80.8371660579283, 35.232235087016385 ], [ -80.837160514038985, 35.232227716460436 ], [ -80.837155857582005, 35.232219943490428 ], [ -80.837152131518508, 35.23221183982146 ], [ -80.837149370225703, 35.232203480219667 ], [ -80.837147599179531, 35.232194941812509 ], [ -80.837146834719718, 35.232186303377027 ], [ -80.837147083898998, 35.232177644613181 ], [ -80.837148344418083, 35.232169045408504 ], [ -80.837150604646851, 35.232160585100871 ], [ -80.837153843731699, 35.232152341746747 ], [ -80.837158031787894, 35.232144391400901 ], [ -80.837163130175412, 35.232136807414676 ], [ -80.837169091855301, 35.232129659759387 ], [ -80.837175861823837, 35.232123014380541 ], [ -80.837183377619837, 35.232116932589662 ], [ -80.837191569901123, 35.232111470498424 ], [ -80.837200363084094, 35.23210667850104 ], [ -80.83720967604124, 35.232102600809277 ], [ -80.837219422849515, 35.232099275044703 ], [ -80.837229513583182, 35.232096731891311 ], [ -80.837760813049726, 35.231985432007598 ] ] ] } },
{ "type": "Feature", "properties": { "centroid_id": 140, "poi_count": 5, "mean_dist_m": 59.919190438163682, "max_dist_m": 79.989841915318976, "poi_cluster_labels": "env", "dominant_poi_cluster": "env", "center_x_m": 514775.0, "center_y_m": 3898875.0, "center_lon": -80.837623924323196, "center_lat": 35.232824579916198 }, "geometry": { "type": "Polygon", "coordinates": [ [ [ -80.838129898874726, 35.232628050672204 ], [ -80.838140572198057, 35.23262753404061 ], [ -80.838151256196042, 35.232627870833774 ], [ -80.838161849744438, 35.232629057863946 ], [ -80.838172252575035, 35.232631083895861 ], [ -80.838182366224757, 35.232633929753071 ], [ -80.838192094967653, 35.23263756849947 ], [ -80.838201346720865, 35.232641965694221 ], [ -80.838210033916184, 35.232647079717772 ], [ -80.838218074328964, 35.232652862165736 ], [ -80.838225391856298, 35.232659258307045 ], [ -80.838231917237366, 35.232666207602044 ], [ -80.838237588709006, 35.23267364427538 ], [ -80.838424588931517, 35.232947644129823 ], [ -80.838429554790011, 35.2329558781367 ], [ -80.838433473746122, 35.232964483985775 ], [ -80.838436305119615, 35.232973372345832 ], [ -80.8384380195196, 35.23298245095301 ], [ -80.838438599149725, 35.23299162556863 ], [ -80.838438037992873, 35.233000800957385 ], [ -80.838436341873631, 35.233009881875866 ], [ -80.838433528397886, 35.233018774061314 ], [ -80.838429626770036, 35.233027385210058 ], [ -80.838424677489897, 35.233035625935592 ], [ -80.838418731932279, 35.233043410696546 ], [ -80.838411851813731, 35.233050658684554 ], [ -80.837836451951702, 35.23359695907488 ], [ -80.837828782344701, 35.233603537884925 ], [ -80.837820343318995, 35.233609448645005 ], [ -80.837811220896441, 35.233614631104601 ], [ -80.837801508065084, 35.233619032437055 ], [ -80.837791303831281, 35.233622607777932 ], [ -80.837780712210474, 35.233625320682506 ], [ -80.837769841166917, 35.233627143497145 ], [ -80.837758801513147, 35.233628057641212 ], [ -80.837747705780416, 35.233628053796515 ], [ -80.837736667071667, 35.233627132002255 ], [ -80.837725797908476, 35.233625301654584 ], [ -80.837715209084237, 35.233622581410955 ], [ -80.837705008534712, 35.233618998999773 ], [ -80.837695300237755, 35.233614590937897 ], [ -80.837686183153508, 35.233609402158287 ], [ -80.83767775021559, 35.233603485552081 ], [ -80.837670087383856, 35.233596901429365 ], [ -80.836914187575772, 35.232878000917225 ], [ -80.836907508142005, 35.232870974259981 ], [ -80.836901706633583, 35.232863440975734 ], [ -80.836896839710519, 35.232855474638015 ], [ -80.836892954905082, 35.232847153049697 ], [ -80.836890090157752, 35.232838557483213 ], [ -80.836888273446633, 35.232829771886735 ], [ -80.836887522514175, 35.232820882064324 ], [ -80.836887844693976, 35.232811974837958 ], [ -80.83688923683917, 35.232803137199554 ], [ -80.836891685353052, 35.232794455461338 ], [ -80.836895166322094, 35.232786014412987 ], [ -80.836899645749284, 35.232777896493396 ], [ -80.836905079886364, 35.232770180985675 ], [ -80.836911415660921, 35.232762943242768 ], [ -80.836918591194916, 35.232756253951528 ], [ -80.836926536408839, 35.232750178442409 ], [ -80.836935173706223, 35.232744776051383 ], [ -80.836944418731505, 35.232740099540464 ], [ -80.836954181193818, 35.23273619458238 ], [ -80.836964365748884, 35.232733099314565 ], [ -80.836974872930043, 35.232730843966735 ], [ -80.836985600119846, 35.232729450565508 ], [ -80.838129898874726, 35.232628050672204 ] ] ] } },
{ "type": "Feature", "properties": { "centroid_id": 141, "poi_count": 5, "mean_dist_m": 121.35316059302343, "max_dist_m": 200.88979021258405, "poi_cluster_labels": "env", "dominant_poi_cluster": "env", "center_x_m": 514825.0, "center_y_m": 3897675.0, "center_lon": -80.837096058807262, "center_lat": 35.222003362160088 }, "geometry": { "type": "Polygon", "coordinates": [ [ [ -80.837910884522628, 35.221656647454729 ], [ -80.837921299877564, 35.221654596691167 ], [ -80.837931909062817, 35.221653387787512 ], [ -80.837942611275977, 35.221653032230094 ], [ -80.83795330483072, 35.221653533397216 ], [ -80.837963888122999, 35.221654886527062 ], [ -80.837974260596383, 35.221657078762981 ], [ -80.83798432369754, 35.221660089275602 ], [ -80.837993981812588, 35.221663889460721 ], [ -80.838003143175527, 35.221668443211158 ], [ -80.838011720740155, 35.22167370725974 ], [ -80.838019633007221, 35.221679631590469 ], [ -80.838026804798659, 35.221686159913673 ], [ -80.838033167971929, 35.221693230200898 ], [ -80.838038662067476, 35.221700775274215 ], [ -80.838043234883258, 35.221708723444507 ], [ -80.838046842970599, 35.221716999192708 ], [ -80.838049452047144, 35.221725523887159 ], [ -80.838051037322543, 35.221734216530898 ], [ -80.838051583734099, 35.221742994531162 ], [ -80.838051086089706, 35.22175177448414 ], [ -80.838049549117414, 35.221760472967446 ], [ -80.83804698742037, 35.221769007332732 ], [ -80.838043425338142, 35.221777296491034 ], [ -80.83803889671546, 35.221785261683131 ], [ -80.838033444580617, 35.221792827227972 ], [ -80.838027120736712, 35.221799921241718 ], [ -80.838019985269383, 35.221806476320744 ], [ -80.838012105975963, 35.221812430182091 ], [ -80.838003557721265, 35.221817726255232 ], [ -80.837994421726293, 35.221822314219665 ], [ -80.836091720425216, 35.222676115033579 ], [ -80.836082058304186, 35.222679959885056 ], [ -80.836071984989019, 35.222683012495693 ], [ -80.836061596676842, 35.222685243713947 ], [ -80.836050992573036, 35.222686632232332 ], [ -80.836040273943638, 35.222687164790926 ], [ -80.83602954314847, 35.222686836303929 ], [ -80.834971541991877, 35.22261183621923 ], [ -80.834961026924844, 35.222610668811953 ], [ -80.834950698096534, 35.222608674615032 ], [ -80.834940651818016, 35.22260587222334 ], [ -80.834930981765652, 35.222602287767764 ], [ -80.834921778107685, 35.222597954671485 ], [ -80.834913126663395, 35.22259291333841 ], [ -80.834905108102959, 35.222587210776375 ], [ -80.834897797195154, 35.222580900158817 ], [ -80.834891262110204, 35.222574040328979 ], [ -80.834885563784212, 35.222566695251189 ], [ -80.83488075535081, 35.222558933414447 ], [ -80.834876881645883, 35.222550827193778 ], [ -80.834873978789375, 35.222542452175432 ], [ -80.834872073848558, 35.222533886451977 ], [ -80.834871184585694, 35.222525209894201 ], [ -80.834871319292375, 35.222516503406339 ], [ -80.834872476712164, 35.222507848171702 ], [ -80.834874646052455, 35.22249932489563 ], [ -80.834877807085007, 35.222491013053009 ], [ -80.834881930334646, 35.222482990147228 ], [ -80.83488697735406, 35.222475330987429 ], [ -80.834892901082355, 35.222468106991037 ], [ -80.83489964628383, 35.222461385517782 ], [ -80.83490715006306, 35.222455229241667 ], [ -80.834915342451367, 35.222449695566489 ], [ -80.834924147059226, 35.222444836090645 ], [ -80.834933481788539, 35.222440696126007 ], [ -80.834943259598191, 35.22243731427541 ], [ -80.836086558566421, 35.222094214624207 ], [ -80.836093486291233, 35.222092347003162 ], [ -80.837910884522628, 35.221656647454729 ] ] ] } },
{ "type": "Feature", "properties": { "centroid_id": 142, "poi_count": 8, "mean_dist_m": 85.800264810494923, "max_dist_m": 130.65594446083634, "poi_cluster_labels": "env", "dominant_poi_cluster": "env", "center_x_m": 514850.0, "center_y_m": 3897875.0, "center_lon": -80.836817738229101, "center_lat": 35.223806406744224 }, "geometry": { "type": "Polygon", "coordinates": [ [ [ -80.835566267653704, 35.223146420018018 ], [ -80.835561803501918, 35.223138337669894 ], [ -80.835558329085799, 35.223129934396255 ], [ -80.835555878053469, 35.223121291579702 ], [ -80.835554474141958, 35.223112492922695 ], [ -80.835554130947258, 35.223103623636945 ], [ -80.835554851792764, 35.223094769618143 ], [ -80.835556629696995, 35.223086016614097 ], [ -80.835559447441298, 35.223077449394296 ], [ -80.835563277736597, 35.22306915092895 ], [ -80.835568083487672, 35.223061201585473 ], [ -80.835573818152412, 35.223053678350148 ], [ -80.835580426192607, 35.223046654082523 ], [ -80.835587843611819, 35.223040196809855 ], [ -80.835595998575116, 35.223034369068237 ], [ -80.835604812104805, 35.223029227297012 ], [ -80.835614198845278, 35.223024821292171 ], [ -80.835624067889725, 35.223021193724051 ], [ -80.835634323660372, 35.223018379724209 ], [ -80.835644866834244, 35.223016406545078 ], [ -80.835655595304999, 35.223015293296086 ], [ -80.835666405171793, 35.223015050758598 ], [ -80.836752103971875, 35.223034550734063 ], [ -80.83676305531219, 35.223035197610812 ], [ -80.836773873316062, 35.223036738061332 ], [ -80.836784449978978, 35.223039156706108 ], [ -80.836794679705818, 35.223042429397942 ], [ -80.836804460365244, 35.223046523463005 ], [ -80.836813694309228, 35.223051398027039 ], [ -80.836822289347992, 35.223057004423453 ], [ -80.83683015967037, 35.223063286679235 ], [ -80.836837226700609, 35.223070182073663 ], [ -80.83684341988274, 35.223077621764602 ], [ -80.836848677385106, 35.223085531475718 ], [ -80.836852946717613, 35.223093832238106 ], [ -80.836856185255783, 35.223102441178632 ], [ -80.836858360666398, 35.223111272347367 ], [ -80.836859451230211, 35.223120237575678 ], [ -80.836859446058924, 35.223129247356447 ], [ -80.836858345203765, 35.223138211737776 ], [ -80.836856159655142, 35.223147041220926 ], [ -80.836852911232782, 35.223155647654004 ], [ -80.836848632368046, 35.223163945111914 ], [ -80.836843365780055, 35.223171850754348 ], [ -80.8368371640492, 35.223179285652726 ], [ -80.83683008909226, 35.223186175578327 ], [ -80.836188989162011, 35.223750675998524 ], [ -80.836181291030982, 35.223756822464367 ], [ -80.836172898397379, 35.223762322854888 ], [ -80.836163891445764, 35.223767124618405 ], [ -80.836154356230011, 35.223771181878035 ], [ -80.836144383851192, 35.223774455869986 ], [ -80.836134069587104, 35.223776915313991 ], [ -80.836123511982052, 35.223778536712082 ], [ -80.836112811905267, 35.223779304573142 ], [ -80.836102071587177, 35.22377921156086 ], [ -80.836091393642718, 35.223778258563925 ], [ -80.83608088009089, 35.22377645468741 ], [ -80.836070631380011, 35.223773817165906 ], [ -80.836060745428043, 35.223770371198732 ], [ -80.83605131668709, 35.223766149709292 ], [ -80.836042435240913, 35.223761193030406 ], [ -80.836034185944257, 35.223755548519073 ], [ -80.836026647612215, 35.223749270103902 ], [ -80.835841047647861, 35.223578769980044 ], [ -80.835835143985975, 35.223572860593571 ], [ -80.835829871244101, 35.223566562264601 ], [ -80.83582526728722, 35.223559920223295 ], [ -80.835566267653704, 35.223146420018018 ] ] ] } },
{ "type": "Feature", "properties": { "centroid_id": 143, "poi_count": 6, "mean_dist_m": 58.533968920838866, "max_dist_m": 75.82155005802484, "poi_cluster_labels": "env", "dominant_poi_cluster": "env", "center_x_m": 514850.0, "center_y_m": 3898050.0, "center_lon": -80.836814579187347, "center_lat": 35.225384394037206 }, "geometry": { "type": "Polygon", "coordinates": [ [ [ -80.836565016820472, 35.224707588227176 ], [ -80.836566374895455, 35.224698672472719 ], [ -80.836568807564433, 35.224689911888397 ], [ -80.836572290672493, 35.224681393460202 ], [ -80.836576789634663, 35.224673201769704 ], [ -80.836582259779405, 35.224665418154167 ], [ -80.836588646792038, 35.224658119898976 ], [ -80.836595887254219, 35.22465137947021 ], [ -80.836603909273478, 35.224645263795175 ], [ -80.836612633197163, 35.224639833597813 ], [ -80.83662197240335, 35.224635142795769 ], [ -80.836631834160812, 35.224631237965127 ], [ -80.836642120549897, 35.22462815787781 ], [ -80.836652729434704, 35.224625933116684 ], [ -80.836663555477202, 35.224624585771927 ], [ -80.836674491183231, 35.224624129221603 ], [ -80.836685427969741, 35.22462456799893 ], [ -80.836696257242949, 35.22462589774716 ], [ -80.836706871476579, 35.224628105262937 ], [ -80.836717165279495, 35.22463116862734 ], [ -80.836727036442227, 35.224635057423569 ], [ -80.836736386951699, 35.224639733038856 ], [ -80.837692786485192, 35.225173332556018 ], [ -80.837701453844019, 35.225178700622763 ], [ -80.837709433209241, 35.225184744434408 ], [ -80.837716646660823, 35.225191404972087 ], [ -80.837723023758002, 35.225198617194486 ], [ -80.837728502227066, 35.225206310673059 ], [ -80.837733028569545, 35.225214410279577 ], [ -80.837736558584609, 35.225222836919954 ], [ -80.837739057800704, 35.225231508306486 ], [ -80.837740501812178, 35.225240339761498 ], [ -80.837740876517628, 35.225249245044161 ], [ -80.837740178257661, 35.225258137192668 ], [ -80.837738413850573, 35.225266929373475 ], [ -80.837735600525789, 35.225275535729196 ], [ -80.837731765755677, 35.225283872217027 ], [ -80.83772694698726, 35.225291857429447 ], [ -80.837721191276486, 35.225299413389244 ], [ -80.837714554828864, 35.225306466310862 ], [ -80.83770710245048, 35.225312947321036 ], [ -80.837698906915222, 35.225318793131294 ], [ -80.837690048254146, 35.225323946656054 ], [ -80.837680612973855, 35.225328357569992 ], [ -80.837670693211919, 35.225331982799595 ], [ -80.837660385836912, 35.225334786943677 ], [ -80.837649791502642, 35.225336742619142 ], [ -80.837639013665125, 35.225337830728385 ], [ -80.837628157572382, 35.225338040645774 ], [ -80.836625156464123, 35.225316740619533 ], [ -80.836614071455514, 35.22531604354328 ], [ -80.836603129012701, 35.225314430968616 ], [ -80.836592441137157, 35.225311919401065 ], [ -80.836582117224708, 35.225308534547807 ], [ -80.836572262945808, 35.225304311054529 ], [ -80.836562979163958, 35.225299292150837 ], [ -80.836554360903207, 35.225293529207761 ], [ -80.836546496375675, 35.225287081211896 ], [ -80.836539466078563, 35.225280014161747 ], [ -80.83653334197021, 35.225272400392086 ], [ -80.836528186733688, 35.22526431783362 ], [ -80.836524053135079, 35.22525584921533 ], [ -80.836520983483467, 35.225247081217681 ], [ -80.836519009197872, 35.22523810358539 ], [ -80.836518150485702, 35.225229008208885 ], [ -80.836518416135931, 35.225219888183695 ], [ -80.836565016820472, 35.224707588227176 ] ] ] } },
{ "type": "Feature", "properties": { "centroid_id": 144, "poi_count": 52, "mean_dist_m": 40.424700227972366, "max_dist_m": 92.182086526707479, "poi_cluster_labels": "env", "dominant_poi_cluster": "env", "center_x_m": 514850.0, "center_y_m": 3898225.0, "center_lon": -80.836811419900073, "center_lat": 35.226962380917797 }, "geometry": { "type": "Polygon", "coordinates": [ [ [ -80.836014751765177, 35.226913796815388 ], [ -80.836010879491894, 35.226905444091209 ], [ -80.836008033863081, 35.226896817871257 ], [ -80.83600624282937, 35.226888002885879 ], [ -80.836005523982678, 35.226879085719538 ], [ -80.836005884383496, 35.226870153960306 ], [ -80.836007320491433, 35.22686129533961 ], [ -80.836009818200139, 35.22685259687043 ], [ -80.836013352975741, 35.226844143992622 ], [ -80.836017890097963, 35.226836019733753 ], [ -80.836023385001084, 35.226828303893534 ], [ -80.836029783711751, 35.22682107225998 ], [ -80.836037023379049, 35.226814395865055 ], [ -80.836045032891988, 35.226808340286887 ], [ -80.836053733577856, 35.226802965005724 ], [ -80.836063039975016, 35.226798322819668 ], [ -80.836072860672402, 35.226794459326037 ], [ -80.836083099207286, 35.226791412473538 ], [ -80.836093655012846, 35.226789212189537 ], [ -80.836104424405917, 35.22678788008605 ], [ -80.836115301605446, 35.226787429247508 ], [ -80.836126179771455, 35.226787864102221 ], [ -80.836503279360585, 35.226818364067967 ], [ -80.836515569693731, 35.226819938590488 ], [ -80.83725116893585, 35.226949538450121 ], [ -80.837261888813828, 35.226951897442724 ], [ -80.837272264032336, 35.226955131657732 ], [ -80.837282188759943, 35.226959208104851 ], [ -80.837291561760338, 35.226964085202695 ], [ -80.837300287425037, 35.22696971320287 ], [ -80.83730827674853, 35.226976034697479 ], [ -80.837315448236311, 35.226982985204707 ], [ -80.837321728735986, 35.226990493826513 ], [ -80.837327054183632, 35.226998483971819 ], [ -80.837331370257161, 35.227006874137842 ], [ -80.837334632930492, 35.227015578741337 ], [ -80.837336808922629, 35.227024508991647 ], [ -80.837337876037168, 35.227033573796426 ], [ -80.837337823388708, 35.227042680690779 ], [ -80.837290724325982, 35.227741280735437 ], [ -80.837289617077914, 35.227749996006168 ], [ -80.837287484124388, 35.227758581941657 ], [ -80.837284345607245, 35.227766957462187 ], [ -80.837280231164215, 35.227775043475056 ], [ -80.837275179649041, 35.227782763621391 ], [ -80.837269238764549, 35.227790044997342 ], [ -80.837262464612252, 35.227796818842499 ], [ -80.837254921162511, 35.227803021189182 ], [ -80.837246679650463, 35.22780859346657 ], [ -80.837237817903372, 35.227813483053765 ], [ -80.83722841960558, 35.227817643776739 ], [ -80.837218573508338, 35.227821036344402 ], [ -80.837208372591647, 35.22782362871957 ], [ -80.837197913186216, 35.227825396421572 ], [ -80.837187294063767, 35.22782632275738 ], [ -80.837176615504333, 35.227826398979296 ], [ -80.837165978349205, 35.227825624367512 ], [ -80.837155483048662, 35.227824006236986 ], [ -80.837145228713439, 35.227821559868246 ], [ -80.837135312178688, 35.22781830836324 ], [ -80.836376311576871, 35.227533608078986 ], [ -80.83636617023538, 35.227529266939783 ], [ -80.836356633770833, 35.227524084334654 ], [ -80.836347805504104, 35.227518116413556 ], [ -80.836339781083183, 35.227511427834742 ], [ -80.836332647446881, 35.227504091064347 ], [ -80.836326481882878, 35.227496185591129 ], [ -80.836321351190449, 35.227487797065315 ], [ -80.836014751765177, 35.226913796815388 ] ] ] } },
{ "type": "Feature", "properties": { "centroid_id": 145, "poi_count": 35, "mean_dist_m": 50.621827639031594, "max_dist_m": 75.12189145733052, "poi_cluster_labels": "env", "dominant_poi_cluster": "env", "center_x_m": 514850.0, "center_y_m": 3898400.0, "center_lon": -80.836808260367221, "center_lat": 35.228540367385961 }, "geometry": { "type": "Polygon", "coordinates": [ [ [ -80.836535850350458, 35.227855391316737 ], [ -80.836544038790095, 35.227850329136771 ], [ -80.836552766534282, 35.227845915145501 ], [ -80.836561957617448, 35.227842187761901 ], [ -80.836571532041262, 35.227839179428756 ], [ -80.836581406470827, 35.22783691633029 ], [ -80.836591494960075, 35.227835418164311 ], [ -80.836601709699735, 35.2278346979707 ], [ -80.83661196178177, 35.227834762017956 ], [ -80.836908061455745, 35.227847962002699 ], [ -80.836918478260202, 35.227848836316021 ], [ -80.83692874636094, 35.227850520178087 ], [ -80.836938772530445, 35.227852998300527 ], [ -80.83694846573772, 35.227856248183649 ], [ -80.836957737974828, 35.227860240320652 ], [ -80.836966505055912, 35.227864938465586 ], [ -80.837440804855191, 35.228146438216108 ], [ -80.837449385595349, 35.228152088649907 ], [ -80.83745723475289, 35.22815841479332 ], [ -80.837464273650383, 35.228165353235255 ], [ -80.837470431732058, 35.228172834427113 ], [ -80.837475647271134, 35.228180783379941 ], [ -80.83747986798852, 35.228189120416076 ], [ -80.837483051576811, 35.228197761967834 ], [ -80.837485166124438, 35.228206621415111 ], [ -80.83748619043547, 35.228215609953708 ], [ -80.837486114242253, 35.228224637485354 ], [ -80.837484938308094, 35.228233613520956 ], [ -80.83748267441986, 35.22824244808757 ], [ -80.837479345269685, 35.228251052630227 ], [ -80.837474984227654, 35.228259340899641 ], [ -80.837469635007196, 35.228267229816723 ], [ -80.837463351227015, 35.228274640305358 ], [ -80.8374561958736, 35.228281498085025 ], [ -80.837448240669872, 35.228287734415368 ], [ -80.837439565356291, 35.228293286785238 ], [ -80.836490664917079, 35.228840187272503 ], [ -80.836481653373454, 35.22884486242458 ], [ -80.836472132104689, 35.228848799041216 ], [ -80.836462190730828, 35.228851960068496 ], [ -80.836451922826228, 35.228854315752898 ], [ -80.836441425038771, 35.228855843921259 ], [ -80.836430796180181, 35.228856530189489 ], [ -80.836420136295871, 35.228856368098022 ], [ -80.836409545723356, 35.228855359172535 ], [ -80.83639912414769, 35.228853512909701 ], [ -80.836388969663233, 35.228850846687671 ], [ -80.836379177850276, 35.228847385602592 ], [ -80.836369840875378, 35.228843162232344 ], [ -80.836361046623907, 35.228838216329933 ], [ -80.836352877872628, 35.228832594449194 ], [ -80.836345411510791, 35.228826349506804 ], [ -80.836338717816147, 35.228819540283943 ], [ -80.835939818047208, 35.228370839995961 ], [ -80.835933763974595, 35.228363256800442 ], [ -80.835928668456759, 35.22835521314061 ], [ -80.835924582996327, 35.228346790317701 ], [ -80.835921548886731, 35.228338073465359 ], [ -80.835919596794852, 35.228329150689042 ], [ -80.8359187464511, 35.228320112175595 ], [ -80.835919006449899, 35.228311049281608 ], [ -80.835920374162995, 35.228302053610101 ], [ -80.835922835765857, 35.228293216084616 ], [ -80.835926366377578, 35.22828462603016 ], [ -80.835930930312287, 35.228276370270464 ], [ -80.83593648143983, 35.22826853225034 ], [ -80.835942963652158, 35.22826119119226 ], [ -80.83595031143031, 35.228254421295695 ], [ -80.835958450506723, 35.228248290987068 ], [ -80.836535850350458, 35.227855391316737 ] ] ] } },
{ "type": "Feature", "properties": { "centroid_id": 147, "poi_count": 1, "mean_dist_m": 79.850987565088076, "max_dist_m": 79.850987565088076, "poi_cluster_labels": "env", "dominant_poi_cluster": "env", "center_x_m": 514850.0, "center_y_m": 3898975.0, "center_lon": -80.836797877315831, "center_lat": 35.233725177163194 }, "geometry": { "type": "Polygon", "coordinates": [ [ [ -80.836460800917351, 35.233029551569778 ], [ -80.836461347849195, 35.233020714022835 ], [ -80.83646294790168, 35.233011963016224 ], [ -80.836465585665096, 35.233003382826865 ], [ -80.836469235736033, 35.232995056086622 ], [ -80.836473862962066, 35.232987062986453 ], [ -80.836479422780229, 35.232979480504184 ], [ -80.836485861646295, 35.232972381663103 ], [ -80.836493117550376, 35.232965834828839 ], [ -80.836501120614102, 35.232959903050855 ], [ -80.836509793763639, 35.232954643455244 ], [ -80.836519053471903, 35.232950106694659 ], [ -80.836528810563024, 35.232946336460493 ], [ -80.836538971071093, 35.232943369062014 ], [ -80.836549437145123, 35.232941233076836 ], [ -80.836560107991403, 35.232939949075593 ], [ -80.836570880844192, 35.232939529423859 ], [ -80.83658165195537, 35.232939978163124 ], [ -80.836592317593585, 35.232941290971773 ], [ -80.836602775043232, 35.232943455206815 ], [ -80.836612923593663, 35.232946450025523 ], [ -80.83662266550904, 35.232950246586263 ], [ -80.836631906969643, 35.232954808326177 ], [ -80.836640558975262, 35.232960091313338 ], [ -80.83664853820251, 35.232966044669823 ], [ -80.836655767807045, 35.232972611061712 ], [ -80.83666217816382, 35.232979727251184 ], [ -80.836667707537487, 35.232987324705583 ], [ -80.836672302676988, 35.232995330257367 ], [ -80.8366759193284, 35.233003666808834 ], [ -80.836678522661117, 35.233012254074531 ], [ -80.836680087603327, 35.233021009354417 ], [ -80.836680599083437, 35.233029848330439 ], [ -80.836680052175311, 35.233038685878405 ], [ -80.836678452145577, 35.233047436887922 ], [ -80.836675814403122, 35.233056017081914 ], [ -80.836672164350517, 35.233064343828353 ], [ -80.83666753713949, 35.233072336936047 ], [ -80.836661977332426, 35.233079919426878 ], [ -80.83665553847311, 35.233087018277203 ], [ -80.836648282571232, 35.233093565121067 ], [ -80.836640279505005, 35.233099496908657 ], [ -80.836631606348391, 35.233104756513463 ], [ -80.836622346628758, 35.23310929328251 ], [ -80.836612589522389, 35.233113063524087 ], [ -80.836602428995789, 35.233116030928599 ], [ -80.83659196290067, 35.233118166918246 ], [ -80.836581292031525, 35.233119450922203 ], [ -80.836570519154989, 35.233119870574789 ], [ -80.836559748020107, 35.233119421834473 ], [ -80.836549082359127, 35.233118109022918 ], [ -80.836538624888519, 35.233115944783258 ], [ -80.836528476319771, 35.233112949958347 ], [ -80.836518734389387, 35.233109153390096 ], [ -80.836509492917699, 35.233104591641613 ], [ -80.836500840905288, 35.233099308645201 ], [ -80.836492861675865, 35.233093355279095 ], [ -80.836485632073817, 35.233086788877628 ], [ -80.836479221724119, 35.233079672678954 ], [ -80.836473692361821, 35.2330720752161 ], [ -80.836469097237583, 35.233064069656912 ], [ -80.836465480604701, 35.233055733099398 ], [ -80.836462877293087, 35.233047145829246 ], [ -80.836461312373743, 35.233038390546632 ], [ -80.836460800917351, 35.233029551569778 ] ] ] } },
{ "type": "Feature", "properties": { "centroid_id": 148, "poi_count": 4, "mean_dist_m": 51.454786262733812, "max_dist_m": 61.51359566117894, "poi_cluster_labels": "env", "dominant_poi_cluster": "env", "center_x_m": 514875.0, "center_y_m": 3898575.0, "center_lon": -80.836530362695839, "center_lat": 35.230117982737603 }, "geometry": { "type": "Polygon", "coordinates": [ [ [ -80.836861760109016, 35.230019037276456 ], [ -80.836854583146646, 35.230012432310119 ], [ -80.836848229760051, 35.230005281943576 ], [ -80.836842761135685, 35.229997655038908 ], [ -80.836838229939232, 35.229989625047494 ], [ -80.836834679808376, 35.229981269302655 ], [ -80.836832144932515, 35.229972668274883 ], [ -80.836830649723609, 35.22996390479679 ], [ -80.83683020858102, 35.22995506326555 ], [ -80.836830825752827, 35.22994622882991 ], [ -80.836832495294999, 35.229937486570329 ], [ -80.836835201128594, 35.229928920679491 ], [ -80.836838917194669, 35.229920613651558 ], [ -80.836843607705205, 35.229912645487609 ], [ -80.836849227487818, 35.229905092925357 ], [ -80.836855722420765, 35.229898028699964 ], [ -80.836863029954188, 35.229891520843651 ], [ -80.836871079712552, 35.229885632030495 ], [ -80.836879794172305, 35.229880418972854 ], [ -80.83688908940853, 35.229875931875164 ], [ -80.836898875903202, 35.229872213950529 ], [ -80.836909059407247, 35.229869301004484 ], [ -80.836919541848246, 35.229867221090224 ], [ -80.83693022227483, 35.229865994238374 ], [ -80.836940997828989, 35.229865632264158 ], [ -80.836951764736611, 35.229866138653584 ], [ -80.836962419306815, 35.229867508529836 ], [ -80.836972858930594, 35.229869728700344 ], [ -80.836982983068964, 35.229872777783683 ], [ -80.836992694221209, 35.229876626415631 ], [ -80.837001898863818, 35.229881237531842 ], [ -80.837010508351213, 35.229886566724872 ], [ -80.837018439769437, 35.229892562671829 ], [ -80.837281139777559, 35.230111662504136 ], [ -80.837288316783301, 35.230118267445206 ], [ -80.837294670217375, 35.230125417788642 ], [ -80.837300138892644, 35.230133044672868 ], [ -80.837304670142586, 35.230141074646944 ], [ -80.837308220328595, 35.230149430377928 ], [ -80.837310755260162, 35.230158031395639 ], [ -80.837312250524178, 35.230166794867664 ], [ -80.837312691720143, 35.230175636396993 ], [ -80.837312074598714, 35.230184470834885 ], [ -80.837310405102812, 35.23019321310084 ], [ -80.837307699310216, 35.230201779002037 ], [ -80.837303983278943, 35.230210086044096 ], [ -80.837299292796118, 35.230218054225546 ], [ -80.837293673033429, 35.230225606808354 ], [ -80.837287178112121, 35.230232671056896 ], [ -80.837279870581753, 35.230239178938461 ], [ -80.837271820817804, 35.230245067778441 ], [ -80.83726310634394, 35.230250280863956 ], [ -80.837253811085404, 35.230254767990033 ], [ -80.837244024560789, 35.23025848594304 ], [ -80.837233841019909, 35.230261398916973 ], [ -80.837223358536107, 35.230263478858198 ], [ -80.837212678061718, 35.230264705735706 ], [ -80.837201902455874, 35.230265067733932 ], [ -80.83719113549391, 35.23026456136666 ], [ -80.837180480867914, 35.230263191510453 ], [ -80.837170041188045, 35.230260971357858 ], [ -80.837159916994452, 35.230257922290207 ], [ -80.837150205788888, 35.230254073671787 ], [ -80.837141001095816, 35.230249462567002 ], [ -80.83713239156161, 35.23024413338343 ], [ -80.837124460100853, 35.230238137444175 ], [ -80.836861760109016, 35.230019037276456 ] ] ] } },
{ "type": "Feature", "properties": { "centroid_id": 149, "poi_count": 3, "mean_dist_m": 61.774457271388961, "max_dist_m": 77.869840646043343, "poi_cluster_labels": "env", "dominant_poi_cluster": "env", "center_x_m": 514875.0, "center_y_m": 3898775.0, "center_lon": -80.836526745139921, "center_lat": 35.231921394843084 }, "geometry": { "type": "Polygon", "coordinates": [ [ [ -80.835948106718448, 35.231340798623876 ], [ -80.835947834480507, 35.231331943873307 ], [ -80.835948622372854, 35.23132310992839 ], [ -80.835950462792496, 35.231314382030938 ], [ -80.835953337980257, 35.231305844399373 ], [ -80.835957220192171, 35.231297579416193 ], [ -80.835962071967174, 35.231289666832971 ], [ -80.8359678464886, 35.23128218300085 ], [ -80.835974488035959, 35.231275200133787 ], [ -80.835981932522586, 35.231268785611746 ], [ -80.835990108114032, 35.231263001330539 ], [ -80.835998935921253, 35.231257903104527 ], [ -80.836008330761786, 35.231253540128158 ], [ -80.836018201981759, 35.231249954501152 ], [ -80.836028454330602, 35.231247180822365 ], [ -80.836038988880105, 35.231245245855924 ], [ -80.8360497039791, 35.231244168272909 ], [ -80.836060496234197, 35.231243958471254 ], [ -80.836071261507584, 35.231244618475422 ], [ -80.836081895921723, 35.231246141916792 ], [ -80.836092296861793, 35.231248514095249 ], [ -80.83610236396585, 35.231251712120851 ], [ -80.836112000093181, 35.23125570513487 ], [ -80.836121112261651, 35.231260454607437 ], [ -80.836129612544937, 35.231265914709361 ], [ -80.83613741892097, 35.231272032754383 ], [ -80.836144456063337, 35.231278749707506 ], [ -80.83615065606817, 35.231286000754672 ], [ -80.836894056737279, 35.232253200193284 ], [ -80.836899316897359, 35.232260844953622 ], [ -80.836903646083499, 35.232268873178192 ], [ -80.83690700326008, 35.232277208769396 ], [ -80.836909356604991, 35.232285772716189 ], [ -80.83691068381107, 35.232294483842949 ], [ -80.836910972297716, 35.232303259578934 ], [ -80.836910219330107, 35.232312016740984 ], [ -80.836908432045121, 35.232320672321961 ], [ -80.836905627383686, 35.232329144277529 ], [ -80.836901831930263, 35.232337352303965 ], [ -80.836897081660837, 35.232345218599136 ], [ -80.836891421601905, 35.232352668600157 ], [ -80.836884905403707, 35.232359631690059 ], [ -80.836877594831734, 35.232366041867195 ], [ -80.836869559181139, 35.232371838370838 ], [ -80.836860874620072, 35.232376966257114 ], [ -80.836851623467595, 35.232381376919861 ], [ -80.836841893413421, 35.232385028551299 ], [ -80.836831776686694, 35.232387886538355 ], [ -80.836821369181806, 35.232389923790741 ], [ -80.836810769549402, 35.232391120997761 ], [ -80.836159468836684, 35.232438321047148 ], [ -80.836148597780209, 35.232438665310241 ], [ -80.836137738505016, 35.23243812599118 ], [ -80.836126997427655, 35.232436708375076 ], [ -80.836116479806421, 35.232434426354011 ], [ -80.836106288709757, 35.232431302290877 ], [ -80.83609652400628, 35.232427366800231 ], [ -80.836087281386099, 35.2324226584483 ], [ -80.836078651423051, 35.232417223375045 ], [ -80.836070718687168, 35.232411114841959 ], [ -80.836063560915846, 35.232404392710201 ], [ -80.836057248252118, 35.232397122853889 ], [ -80.836051842557254, 35.232389376514632 ], [ -80.836047396804545, 35.232381229603313 ], [ -80.836043954560225, 35.23237276195627 ], [ -80.836041549556526, 35.232364056552896 ], [ -80.836040205361115, 35.232355198702436 ], [ -80.835948106718448, 35.231340798623876 ] ] ] } },
{ "type": "Feature", "properties": { "centroid_id": 150, "poi_count": 4, "mean_dist_m": 84.812923159252975, "max_dist_m": 95.544810047862896, "poi_cluster_labels": "env", "dominant_poi_cluster": "env", "center_x_m": 514950.0, "center_y_m": 3897950.0, "center_lon": -80.835717508826477, "center_lat": 35.224481200813955 }, "geometry": { "type": "Polygon", "coordinates": [ [ [ -80.835407747234456, 35.223590369102602 ], [ -80.835413781913076, 35.223583242561368 ], [ -80.835420623500099, 35.223576625049915 ], [ -80.835428208626922, 35.223570577861238 ], [ -80.835436467038193, 35.22356515700578 ], [ -80.835445322242435, 35.223560412692784 ], [ -80.835454692220665, 35.223556388865191 ], [ -80.835464490185871, 35.223553122792595 ], [ -80.835474625387064, 35.223550644726089 ], [ -80.835485003949657, 35.223548977618108 ], [ -80.83549552974506, 35.223548136909798 ], [ -80.835506105280999, 35.223548130387961 ], [ -80.835516632604453, 35.223548958113028 ], [ -80.835527014208964, 35.223550612418407 ], [ -80.835537153937793, 35.223553077981556 ], [ -80.835546957874385, 35.223556331965852 ], [ -80.835556335212473, 35.22356034423219 ], [ -80.835565199096891, 35.223565077618019 ], [ -80.83557346742819, 35.223570488281609 ], [ -80.835581063623081, 35.223576526108168 ], [ -80.83558791732365, 35.223583135173911 ], [ -80.835593965049114, 35.22359025426411 ], [ -80.835599150783779, 35.223597817440066 ], [ -80.835603426495865, 35.223605754649796 ], [ -80.83560675258245, 35.223613992376947 ], [ -80.835609098236162, 35.223622454321649 ], [ -80.835949000260555, 35.225195154027489 ], [ -80.835950363432417, 35.225203967480539 ], [ -80.835950663035661, 35.225212848230342 ], [ -80.835949896161566, 35.225221710068489 ], [ -80.835948070254133, 35.225230466970132 ], [ -80.83594520303771, 35.225239033929036 ], [ -80.835941322345036, 35.225247327782832 ], [ -80.835936465847027, 35.225255268020177 ], [ -80.835930680687127, 35.225262777562435 ], [ -80.835924023023679, 35.22526978351182 ], [ -80.835916557484751, 35.225276217859133 ], [ -80.835908356540827, 35.225282018143858 ], [ -80.835899499801258, 35.225287128060529 ], [ -80.835890073241487, 35.225291498005376 ], [ -80.835880168368476, 35.225295085557754 ], [ -80.835869881332357, 35.225297855891995 ], [ -80.835859311993133, 35.225299782115435 ], [ -80.835848562951227, 35.225300845529532 ], [ -80.835837738551504, 35.225301035811334 ], [ -80.835826943870401, 35.225300351113731 ], [ -80.83581628369582, 35.225298798083287 ], [ -80.835805861509968, 35.225296391795872 ], [ -80.835795778484794, 35.225293155610196 ], [ -80.835786132499862, 35.225289120941085 ], [ -80.835777017192157, 35.225284326954537 ], [ -80.835768521047171, 35.225278820187498 ], [ -80.835760726539903, 35.225272654096138 ], [ -80.835753709334256, 35.225265888536931 ], [ -80.835747537548542, 35.22525858918555 ], [ -80.834979538261109, 35.224247288603806 ], [ -80.834974130033075, 35.224239289604753 ], [ -80.834969737276438, 35.224230882137149 ], [ -80.834966405199353, 35.224222152727215 ], [ -80.834964168093848, 35.224213191214474 ], [ -80.834963048982942, 35.224204089827118 ], [ -80.834963059383654, 35.224194942232828 ], [ -80.83496419918859, 35.224185842574812 ], [ -80.834966456666976, 35.224176884502924 ], [ -80.834969808585441, 35.2241681602098 ], [ -80.834974220447151, 35.224159759482134 ], [ -80.834979646846804, 35.224151768776572 ], [ -80.835407747234456, 35.223590369102602 ] ] ] } },
{ "type": "Feature", "properties": { "centroid_id": 151, "poi_count": 4, "mean_dist_m": 65.280390454524294, "max_dist_m": 68.47241589445521, "poi_cluster_labels": "env", "dominant_poi_cluster": "env", "center_x_m": 514950.0, "center_y_m": 3898125.0, "center_lon": -80.835714328406098, "center_lat": 35.226059187843838 }, "geometry": { "type": "Polygon", "coordinates": [ [ [ -80.835671466114377, 35.225496425880912 ], [ -80.835665498220948, 35.22548905547216 ], [ -80.835660439469777, 35.225481240561059 ], [ -80.835656338579241, 35.225473056409612 ], [ -80.835653235042898, 35.225464581835766 ], [ -80.835651158749201, 35.225455898454385 ], [ -80.835650129693704, 35.225447089891212 ], [ -80.835650157786418, 35.22543824097756 ], [ -80.835651242756441, 35.225429436933297 ], [ -80.835653374154603, 35.225420762546165 ], [ -80.835656531454049, 35.225412301355185 ], [ -80.835660684247983, 35.225404134846194 ], [ -80.835665792542486, 35.225396341667015 ], [ -80.835671807141694, 35.225388996870109 ], [ -80.835678670121595, 35.225382171189786 ], [ -80.835686315387903, 35.225375930360897 ], [ -80.835694669312502, 35.225370334485937 ], [ -80.8357036514426, 35.225365437456077 ], [ -80.835713175275529, 35.225361286432289 ], [ -80.835723149091748, 35.225357921391065 ], [ -80.8357334768382, 35.2253553747395 ], [ -80.83574405905334, 35.22535367100317 ], [ -80.835754793824975, 35.22535282658994 ], [ -80.835765577771696, 35.225352849631939 ], [ -80.835776307038557, 35.225353739907241 ], [ -80.835786878297185, 35.225355488842084 ], [ -80.835797189740916, 35.225358079593285 ], [ -80.835807142065164, 35.225361487210584 ], [ -80.835816639423882, 35.225365678876855 ], [ -80.835825590352471, 35.225370614224204 ], [ -80.835833908648738, 35.225376245722636 ], [ -80.835841514202983, 35.225382519137902 ], [ -80.835848333769604, 35.225389374053698 ], [ -80.836496734130222, 35.226110673587385 ], [ -80.836502702144273, 35.226118043954727 ], [ -80.836507761015611, 35.226125858830144 ], [ -80.836511862024324, 35.226134042952175 ], [ -80.836514965675249, 35.226142517503376 ], [ -80.836517042078214, 35.226151200869261 ], [ -80.836518071236014, 35.226160009424312 ], [ -80.83651804323695, 35.226168858337367 ], [ -80.836516958350344, 35.226177662388558 ], [ -80.836514827023919, 35.226186336790001 ], [ -80.836511669783164, 35.226194798002446 ], [ -80.83650751703378, 35.226202964539688 ], [ -80.836502408768752, 35.226210757753421 ], [ -80.836496394183285, 35.226218102590629 ], [ -80.836489531200996, 35.22622492831637 ], [ -80.836481885916101, 35.226231169195053 ], [ -80.836473531956855, 35.22623676512346 ], [ -80.836464549776551, 35.226241662209588 ], [ -80.836455025878593, 35.226245813291705 ], [ -80.836445051983546, 35.226249178392536 ], [ -80.836434724145704, 35.226251725104177 ], [ -80.83642414182809, 35.226253428900343 ], [ -80.836413406944516, 35.226254273372504 ], [ -80.836402622878111, 35.226254250387896 ], [ -80.836391893485683, 35.226253360167881 ], [ -80.836381322097481, 35.226251611285797 ], [ -80.836371010522072, 35.226249020584376 ], [ -80.836361058065833, 35.226245613013582 ], [ -80.836351560576617, 35.226241421390263 ], [ -80.836342609520599, 35.226236486082179 ], [ -80.836334291101494, 35.226230854619168 ], [ -80.836326685430294, 35.226224581235421 ], [ -80.836319865753751, 35.226217726347215 ], [ -80.835671466114377, 35.225496425880912 ] ] ] } },
{ "type": "Feature", "properties": { "centroid_id": 152, "poi_count": 46, "mean_dist_m": 45.427832446465018, "max_dist_m": 77.80676211745579, "poi_cluster_labels": "env", "dominant_poi_cluster": "env", "center_x_m": 514950.0, "center_y_m": 3898300.0, "center_lon": -80.835711147738522, "center_lat": 35.2276371744613 }, "geometry": { "type": "Polygon", "coordinates": [ [ [ -80.836258362966205, 35.227320117170855 ], [ -80.836267616594554, 35.227315170411977 ], [ -80.836277428606593, 35.227311010773626 ], [ -80.836287699897184, 35.227307680269718 ], [ -80.836298326722286, 35.22730521253964 ], [ -80.836309201746886, 35.227303632508402 ], [ -80.836320215129064, 35.227302956134949 ], [ -80.836331255629474, 35.227303190250858 ], [ -80.836342211734859, 35.227304332491528 ], [ -80.83635297278434, 35.227306371319862 ], [ -80.836363430087218, 35.227309286142926 ], [ -80.836373478020676, 35.227313047519878 ], [ -80.836383015096672, 35.227317617459384 ], [ -80.836391944986971, 35.227322949803273 ], [ -80.836400177496074, 35.227328990692826 ], [ -80.836407629472276, 35.227335679112684 ], [ -80.836484529497952, 35.227412079059654 ], [ -80.836490708897671, 35.22741884018555 ], [ -80.836496089736016, 35.227426046317923 ], [ -80.836500624746421, 35.227433634156711 ], [ -80.836504274092221, 35.227441537048826 ], [ -80.836507005716555, 35.227449685573688 ], [ -80.836508795624027, 35.227458008153 ], [ -80.836509628091434, 35.22746643167951 ], [ -80.836509495805885, 35.227474882159207 ], [ -80.836508399929144, 35.227483285361323 ], [ -80.836506350087291, 35.227491567470331 ], [ -80.836332550777627, 35.228056567623121 ], [ -80.836329419955973, 35.228064989044285 ], [ -80.836325303113298, 35.228073119779054 ], [ -80.836320239499869, 35.2280808823078 ], [ -80.836314277392702, 35.228088202621393 ], [ -80.836072577521776, 35.228355702795639 ], [ -80.836065691503251, 35.228362585535983 ], [ -80.836058011696082, 35.228368877403611 ], [ -80.836049612999119, 35.228374517035697 ], [ -80.836040577322407, 35.228379449430442 ], [ -80.836030992788309, 35.22838362648357 ], [ -80.836020952872104, 35.228387007457407 ], [ -80.836010555490347, 35.228389559378243 ], [ -80.83599990204587, 35.228391257357877 ], [ -80.835989096438823, 35.228392084836386 ], [ -80.835978244053393, 35.22839203374356 ], [ -80.83596745073001, 35.228391104577724 ], [ -80.835956821733035, 35.228389306400786 ], [ -80.835946460724202, 35.228386656749876 ], [ -80.835936468751612, 35.22838318146632 ], [ -80.835926943264212, 35.22837891444361 ], [ -80.835917977161401, 35.228373897296869 ], [ -80.835909657887044, 35.228368178956956 ], [ -80.835902066576537, 35.22836181519326 ], [ -80.835895277265678, 35.228354868069779 ], [ -80.835576677455435, 35.227993667839151 ], [ -80.835570703561501, 35.227986130603519 ], [ -80.83556567414081, 35.227978142683007 ], [ -80.835561639196541, 35.227969783495055 ], [ -80.835558638844603, 35.227961136148316 ], [ -80.835556702914687, 35.227952286616329 ], [ -80.835555850653847, 35.227943322882801 ], [ -80.83555609053505, 35.227934334066809 ], [ -80.835566490693779, 35.227815634076521 ], [ -80.835567867188772, 35.227806489200766 ], [ -80.83557037388961, 35.227797507339126 ], [ -80.835573984620069, 35.22778878228339 ], [ -80.835578661675299, 35.227780405143719 ], [ -80.835584356215506, 35.22777246339713 ], [ -80.835591008776063, 35.227765039974088 ], [ -80.835598549888346, 35.227758212392551 ], [ -80.835606900805331, 35.22775205194845 ], [ -80.836236400616883, 35.227333352302949 ], [ -80.836241062973627, 35.227330417161781 ], [ -80.836258362966205, 35.227320117170855 ] ] ] } },
{ "type": "Feature", "properties": { "centroid_id": 153, "poi_count": 25, "mean_dist_m": 40.45249117925173, "max_dist_m": 74.988577651654694, "poi_cluster_labels": "env", "dominant_poi_cluster": "env", "center_x_m": 514950.0, "center_y_m": 3898500.0, "center_lon": -80.835707512387117, "center_lat": 35.229440587233405 }, "geometry": { "type": "Polygon", "coordinates": [ [ [ -80.835686418589475, 35.228697565232686 ], [ -80.835694661921991, 35.228692245349322 ], [ -80.835703485751523, 35.228687594458393 ], [ -80.835712809714636, 35.228683654918058 ], [ -80.835722548892903, 35.228680462607826 ], [ -80.835732614586391, 35.2286780466018 ], [ -80.835742915121415, 35.228676428903796 ], [ -80.835753356685487, 35.22867562424711 ], [ -80.835763844181727, 35.228675639960144 ], [ -80.835774282094917, 35.228676475899782 ], [ -80.835784575361387, 35.228678124452728 ], [ -80.835794630234872, 35.228680570604674 ], [ -80.835804355140226, 35.228683792077234 ], [ -80.835813661507487, 35.228687759530743 ], [ -80.835822464578513, 35.22869243683143 ], [ -80.835830684178902, 35.228697781380646 ], [ -80.835838245448187, 35.228703744502674 ], [ -80.836176045480357, 35.228996844282953 ], [ -80.836182990877603, 35.229003489002288 ], [ -80.836189118303651, 35.229010655007883 ], [ -80.836194370009565, 35.229018274762801 ], [ -80.836198696499736, 35.229026276453716 ], [ -80.836202056998317, 35.229034584667666 ], [ -80.836204419833564, 35.229043121102805 ], [ -80.836205762736284, 35.22905180530632 ], [ -80.836206073049809, 35.229060555432767 ], [ -80.836205347849173, 35.229069289015357 ], [ -80.836136848482582, 35.229549189078014 ], [ -80.836135127050596, 35.229557700639653 ], [ -80.836132422062335, 35.22956603824003 ], [ -80.836128758283223, 35.229574125543635 ], [ -80.836124169256991, 35.229581888506523 ], [ -80.836118696998597, 35.229589256054261 ], [ -80.836112391609532, 35.229596160732662 ], [ -80.836105310819079, 35.22960253932537 ], [ -80.836097519455905, 35.229608333432587 ], [ -80.836089088854365, 35.229613490005868 ], [ -80.836080096201513, 35.229617961833739 ], [ -80.836070623830324, 35.229621707973962 ], [ -80.836060758465919, 35.22962469412839 ], [ -80.836050590431569, 35.229626892957015 ], [ -80.836040212821658, 35.229628284328221 ], [ -80.836029720649393, 35.229628855503236 ], [ -80.836019209976882, 35.22962860125255 ], [ -80.836008777035602, 35.229627523904014 ], [ -80.835998517345374, 35.229625633321383 ], [ -80.835988524839749, 35.229622946814089 ], [ -80.83597889100605, 35.229619488978692 ], [ -80.835345090534233, 35.229361688725277 ], [ -80.835335621883047, 35.229357347047838 ], [ -80.835326720988888, 35.229352260609538 ], [ -80.835318474565938, 35.229346478963485 ], [ -80.835310962952335, 35.229340058435568 ], [ -80.835304259327486, 35.229333061575858 ], [ -80.835298428999167, 35.229325556549092 ], [ -80.835293528767309, 35.229317616470645 ], [ -80.835193228950146, 35.229133016389106 ], [ -80.835189327043196, 35.229124769138593 ], [ -80.835186428878075, 35.229116247841951 ], [ -80.835184562352467, 35.229107534526008 ], [ -80.835183745433383, 35.229098713065945 ], [ -80.83518398598423, 35.229089868377976 ], [ -80.835185281689093, 35.229081085601806 ], [ -80.835187620075089, 35.229072449281233 ], [ -80.835190978632383, 35.229064042550171 ], [ -80.835195325030924, 35.229055946332451 ], [ -80.835200617431681, 35.229048238562932 ], [ -80.835206804889324, 35.229040993437138 ], [ -80.835213827842736, 35.229034280697149 ], [ -80.835221618688294, 35.229028164960312 ], [ -80.835686418589475, 35.228697565232686 ] ] ] } },
{ "type": "Feature", "properties": { "centroid_id": 154, "poi_count": 3, "mean_dist_m": 89.374942645707378, "max_dist_m": 116.21550998342524, "poi_cluster_labels": "env", "dominant_poi_cluster": "env", "center_x_m": 514950.0, "center_y_m": 3898625.0, "center_lon": -80.835705240128519, "center_lat": 35.230567719942414 }, "geometry": { "type": "Polygon", "coordinates": [ [ [ -80.834458085692646, 35.230660449207697 ], [ -80.834447578339791, 35.230662443057618 ], [ -80.834436883399249, 35.230663582262466 ], [ -80.834426103869504, 35.230663855851041 ], [ -80.834415343563663, 35.230663261188546 ], [ -80.834404706109666, 35.230661804001905 ], [ -80.834394293952371, 35.230659498324684 ], [ -80.834384207366824, 35.230656366361877 ], [ -80.834374543492615, 35.230652438276088 ], [ -80.834365395398351, 35.23064775189706 ], [ -80.834356851185305, 35.230642352357286 ], [ -80.834348993139031, 35.230636291657433 ], [ -80.83434189693682, 35.230629628165488 ], [ -80.834335630918943, 35.230622426054659 ], [ -80.834330255430444, 35.230614754685348 ], [ -80.834325822240046, 35.230606687937147 ], [ -80.834322374041591, 35.230598303497352 ], [ -80.834319944042818, 35.230589682112807 ], [ -80.834318555645638, 35.230580906812186 ], [ -80.834318222220745, 35.230572062106489 ], [ -80.834318946978868, 35.230563233175054 ], [ -80.83432072293985, 35.230554505045319 ], [ -80.834323532999875, 35.230545961773899 ], [ -80.83432735009626, 35.230537685637074 ], [ -80.834332137467996, 35.230529756338484 ], [ -80.83433784900987, 35.230522250241499 ], [ -80.834344429716481, 35.230515239633831 ], [ -80.834351816211949, 35.230508792031301 ], [ -80.834359937360219, 35.230502969527713 ], [ -80.834368714950287, 35.230497828196839 ], [ -80.834378064449254, 35.230493417552353 ], [ -80.834387895816505, 35.230489780071061 ], [ -80.834398114370828, 35.230486950783806 ], [ -80.83484931392826, 35.230381950892856 ], [ -80.834859821235241, 35.230379957007848 ], [ -80.834870516132781, 35.23037881776547 ], [ -80.834881295623504, 35.230378544137189 ], [ -80.834892055895324, 35.230379138758202 ], [ -80.834902693321325, 35.230380595902005 ], [ -80.834913105457588, 35.230382901535542 ], [ -80.834923192029834, 35.230386033454387 ], [ -80.834932855899126, 35.230389961496527 ], [ -80.834942003997327, 35.230394647832895 ], [ -80.834950548223404, 35.230400047331614 ], [ -80.834958406291861, 35.230406107992721 ], [ -80.83496550252525, 35.230412771448854 ], [ -80.834971768582889, 35.230419973527425 ], [ -80.834977144119122, 35.230427644868634 ], [ -80.834981577364417, 35.230435711593366 ], [ -80.834985025623951, 35.230444096014772 ], [ -80.834987455688861, 35.230452717386363 ], [ -80.834988844155973, 35.230461492679694 ], [ -80.834989177653242, 35.230470337383906 ], [ -80.834988452968574, 35.230479166319682 ], [ -80.834986677080764, 35.230487894459529 ], [ -80.83498386709222, 35.230496437746638 ], [ -80.834980050064374, 35.230504713904395 ], [ -80.834975262757055, 35.23051264322882 ], [ -80.83496955127444, 35.230520149356032 ], [ -80.834962970621049, 35.230527159997848 ], [ -80.834955584172135, 35.230533607637774 ], [ -80.834947463063187, 35.230539430181395 ], [ -80.834938685504966, 35.230544571554304 ], [ -80.834929336030299, 35.230548982242105 ], [ -80.834919504679874, 35.230552619767387 ], [ -80.834909286135229, 35.230555449098652 ], [ -80.834458085692646, 35.230660449207697 ] ] ] } },
{ "type": "Feature", "properties": { "centroid_id": 155, "poi_count": 1, "mean_dist_m": 55.897564269675151, "max_dist_m": 55.897564269675151, "poi_cluster_labels": "env", "dominant_poi_cluster": "env", "center_x_m": 514975.0, "center_y_m": 3898850.0, "center_lon": -80.835426403512386, "center_lat": 35.232596185055968 }, "geometry": { "type": "Polygon", "coordinates": [ [ [ -80.835630500922335, 35.233029250815932 ], [ -80.835631047944219, 35.233020413272996 ], [ -80.83563264808582, 35.233011662277605 ], [ -80.835635285936576, 35.233003082106571 ], [ -80.835638936092238, 35.232994755391594 ], [ -80.835643563399557, 35.232986762323385 ], [ -80.835649123294814, 35.23297917987945 ], [ -80.835655562233015, 35.232972081082764 ], [ -80.835662818203573, 35.232965534298451 ], [ -80.835670821327483, 35.232959602575519 ], [ -80.835679494530339, 35.232954343039545 ], [ -80.835688754284547, 35.23294980634261 ], [ -80.835698511413767, 35.23294603617547 ], [ -80.835708671951735, 35.232943068846772 ], [ -80.83571913804721, 35.232940932933438 ], [ -80.835729808906251, 35.232939649005431 ], [ -80.835740581762977, 35.232939229427608 ], [ -80.835751352869238, 35.232939678240733 ], [ -80.835762018493739, 35.232940991122518 ], [ -80.835772475921004, 35.232943155429219 ], [ -80.835782624440597, 35.232946150317474 ], [ -80.835792366316994, 35.232949946944927 ], [ -80.835801607730815, 35.232954508748101 ], [ -80.835810259682347, 35.232959791794464 ], [ -80.83581823884866, 35.232965745205526 ], [ -80.835825468386076, 35.232972311646819 ], [ -80.835831878670135, 35.232979427880061 ], [ -80.835837407966224, 35.232987025372161 ], [ -80.835842003023998, 35.232995030955259 ], [ -80.835845619590359, 35.233003367531303 ], [ -80.835848222835494, 35.2330119548146 ], [ -80.835849787688431, 35.233020710104995 ], [ -80.835850299078487, 35.233029549084279 ], [ -80.835849752080307, 35.233038386628266 ], [ -80.835848151961471, 35.233047137626549 ], [ -80.835845514131663, 35.233055717802202 ], [ -80.835841863994318, 35.233064044523374 ], [ -80.835837236702005, 35.233072037599115 ], [ -80.835831676817847, 35.233079620051591 ], [ -80.835825237886425, 35.233086718857571 ], [ -80.835817981918041, 35.233093265651476 ], [ -80.83580997879163, 35.233099197383993 ], [ -80.835801305581711, 35.233104456929169 ], [ -80.835792045816135, 35.233108993634566 ], [ -80.835782288671652, 35.23311276380911 ], [ -80.835772128115138, 35.233115731143855 ], [ -80.835761661998575, 35.233117867061651 ], [ -80.835750991116683, 35.233119150992373 ], [ -80.835740218236225, 35.233119570571041 ], [ -80.835729447106246, 35.233119121756879 ], [ -80.835718781458979, 35.233117808872187 ], [ -80.835708324010767, 35.233115644560854 ], [ -80.835698175472842, 35.23311264966641 ], [ -80.835688433581439, 35.233108853031432 ], [ -80.835679192156533, 35.233104291219696 ], [ -80.835670540198237, 35.233099008164082 ], [ -80.835662561029721, 35.233093054743414 ], [ -80.835655331494806, 35.233086488292521 ], [ -80.835648921217825, 35.233079372050078 ], [ -80.835643391933118, 35.233071774549508 ], [ -80.835638796890578, 35.23306376895902 ], [ -80.835635180342763, 35.233055432376915 ], [ -80.83563257711873, 35.233046845089163 ], [ -80.83563101228863, 35.233038089796061 ], [ -80.835630500922335, 35.233029250815932 ] ] ] } },
{ "type": "Feature", "properties": { "centroid_id": 156, "poi_count": 1, "mean_dist_m": 69.691970880324618, "max_dist_m": 69.691970880324618, "poi_cluster_labels": "env", "dominant_poi_cluster": "env", "center_x_m": 515025.0, "center_y_m": 3898025.0, "center_lon": -80.834891982366429, "center_lat": 35.225156359759396 }, "geometry": { "type": "Polygon", "coordinates": [ [ [ -80.835524811332334, 35.225309450748277 ], [ -80.835525358310463, 35.22530061319442 ], [ -80.835526958308463, 35.225291862188847 ], [ -80.835529595917194, 35.225283282008519 ], [ -80.835533245734695, 35.22527495528518 ], [ -80.835537872610999, 35.225266962209624 ], [ -80.835543431986537, 35.22525937975945 ], [ -80.835549870321302, 35.225252280957655 ], [ -80.835557125610521, 35.225245734169469 ], [ -80.835565127981766, 35.225239802443888 ], [ -80.835573800367882, 35.225234542906549 ], [ -80.835583059249117, 35.225230006209522 ], [ -80.835592815457574, 35.225226236043568 ], [ -80.835602975035826, 35.225223268717322 ], [ -80.835613440141884, 35.225221132807704 ], [ -80.835624109991329, 35.225219848884606 ], [ -80.835634881828, 35.22521942931288 ], [ -80.835645651913595, 35.225219878133196 ], [ -80.835656316526638, 35.225221191023195 ], [ -80.835666772961389, 35.225223355339075 ], [ -80.83567692051696, 35.225226350237371 ], [ -80.835686661467122, 35.225230146875646 ], [ -80.835695902001419, 35.225234708690323 ], [ -80.835704553128593, 35.225239991748722 ], [ -80.835712531533687, 35.225245945172269 ], [ -80.835719760380314, 35.225252511626358 ], [ -80.835726170050691, 35.225259627872624 ], [ -80.835731698816076, 35.225267225377799 ], [ -80.835736293431296, 35.225275230973914 ], [ -80.835739909647472, 35.225283567562805 ], [ -80.835742512638191, 35.225292154858629 ], [ -80.835744077334937, 35.225300910161145 ], [ -80.835744588668462, 35.225309749151997 ], [ -80.835744041714037, 35.225318586706891 ], [ -80.835742441738788, 35.225327337715356 ], [ -80.835739804151004, 35.225335917900317 ], [ -80.835736154351821, 35.225344244629852 ], [ -80.835731527490509, 35.225352237712919 ], [ -80.83572596812607, 35.225359820171647 ], [ -80.83571952979807, 35.225366918982694 ], [ -80.835712274511025, 35.225373465780493 ], [ -80.835704272137292, 35.225379397515646 ], [ -80.835695599744113, 35.225384657062214 ], [ -80.835686340851495, 35.22538919376769 ], [ -80.835676584627805, 35.225392963941047 ], [ -80.835666425031022, 35.225395931273319 ], [ -80.835655959903889, 35.225398067187406 ], [ -80.835645290031593, 35.225399351113211 ], [ -80.835634518171176, 35.225399770685804 ], [ -80.835623748061877, 35.225399321864444 ], [ -80.835613083426082, 35.225398008971531 ], [ -80.835602626970399, 35.225395844651018 ], [ -80.83559247939651, 35.225392849746541 ], [ -80.835582738431341, 35.225389053100734 ], [ -80.83557349788596, 35.225384491277531 ], [ -80.835564846752007, 35.225379208209851 ], [ -80.835556868344739, 35.225373254776713 ], [ -80.835549639500613, 35.225366688313024 ], [ -80.835543229837313, 35.22535957205757 ], [ -80.835537701083283, 35.225351974543926 ], [ -80.835533106483297, 35.225343968940415 ], [ -80.835529490285651, 35.225335632345491 ], [ -80.835526887316021, 35.225327045045198 ], [ -80.835525322642141, 35.225318289739974 ], [ -80.835524811332334, 35.225309450748277 ] ] ] } },
{ "type": "Feature", "properties": { "centroid_id": 157, "poi_count": 2, "mean_dist_m": 75.572246009929913, "max_dist_m": 75.572246009929913, "poi_cluster_labels": "env", "dominant_poi_cluster": "env", "center_x_m": 515050.0, "center_y_m": 3898200.0, "center_lon": -80.834614059425107, "center_lat": 35.226733971525142 }, "geometry": { "type": "Polygon", "coordinates": [ [ [ -80.834531510335736, 35.226052749843866 ], [ -80.834532057426856, 35.226043912295893 ], [ -80.834533657546388, 35.226035161304864 ], [ -80.834536295283939, 35.226026581147586 ], [ -80.834539945236386, 35.226018254455582 ], [ -80.83454457225244, 35.226010261419361 ], [ -80.834550131771152, 35.226002679016133 ], [ -80.834556570251195, 35.225995580268439 ], [ -80.834563825686374, 35.225989033540998 ], [ -80.834571828202826, 35.225983101882214 ], [ -80.834580500732031, 35.225977842417073 ], [ -80.834589759752831, 35.225973305796948 ], [ -80.83459951609602, 35.225969535711883 ], [ -80.834609675802866, 35.225966568469723 ], [ -80.834620141030101, 35.225964432646556 ], [ -80.834630810992181, 35.225963148811474 ], [ -80.83464158293188, 35.225962729328465 ], [ -80.834652353109831, 35.22596317823735 ], [ -80.83466301780372, 35.225964491214931 ], [ -80.834673474306996, 35.225966655616546 ], [ -80.834683621918174, 35.225969650597882 ], [ -80.834693362910429, 35.225973447315731 ], [ -80.83470260347292, 35.22597800920574 ], [ -80.83471125461412, 35.225983292334526 ], [ -80.83471923301893, 35.225989245822802 ], [ -80.834726461850977, 35.225995812335363 ], [ -80.834732871492605, 35.226002928633257 ], [ -80.834738400215358, 35.226010526182741 ], [ -80.834742994774473, 35.226018531815434 ], [ -80.834746610921599, 35.226026868432776 ], [ -80.834749213830989, 35.226035455748686 ], [ -80.834750778434923, 35.226044211062707 ], [ -80.834751289665064, 35.226053050056393 ], [ -80.834750742597635, 35.226061887605411 ], [ -80.834749142500883, 35.226070638599317 ], [ -80.834746504784263, 35.226079218761228 ], [ -80.834742854850134, 35.226087545459428 ], [ -80.834738227849073, 35.226095538503166 ], [ -80.834732668341445, 35.226103120914964 ], [ -80.834726229868181, 35.226110219671902 ], [ -80.834718974435191, 35.226116766408964 ], [ -80.834710971916223, 35.22612269807734 ], [ -80.83470229937997, 35.226127957551682 ], [ -80.834693040347773, 35.226132494180256 ], [ -80.834683283989349, 35.226136264272711 ], [ -80.834673124264, 35.226139231520911 ], [ -80.834662659015663, 35.226141367348539 ], [ -80.834651989030718, 35.226142651186322 ], [ -80.834641217067315, 35.226143070670183 ], [ -80.834630446865646, 35.22614262176026 ], [ -80.834619782149005, 35.226141308779795 ], [ -80.834609325624768, 35.226139144373548 ], [ -80.834599177995273, 35.226136149386008 ], [ -80.834589436988026, 35.226132352660635 ], [ -80.83458019641445, 35.226127790762078 ], [ -80.834571545266471, 35.226122507624034 ], [ -80.834563566859487, 35.226116554126151 ], [ -80.834556338029941, 35.226109987603998 ], [ -80.83454992839539, 35.226102871296902 ], [ -80.834544399683992, 35.226095273738949 ], [ -80.834539805140139, 35.22608726809888 ], [ -80.83453618901153, 35.226078931475485 ], [ -80.834533586123229, 35.226070344155104 ], [ -80.834532021542145, 35.226061588838405 ], [ -80.834531510335736, 35.226052749843866 ] ] ] } },
{ "type": "Feature", "properties": { "centroid_id": 158, "poi_count": 8, "mean_dist_m": 64.051189080325315, "max_dist_m": 83.41932522988796, "poi_cluster_labels": "env", "dominant_poi_cluster": "env", "center_x_m": 515050.0, "center_y_m": 3898375.0, "center_lon": -80.834610857375807, "center_lat": 35.228311957878915 }, "geometry": { "type": "Polygon", "coordinates": [ [ [ -80.835324711036833, 35.228241509449354 ], [ -80.8353341197395, 35.228237966542693 ], [ -80.835343892990593, 35.228235165805366 ], [ -80.835353944061737, 35.228233132091297 ], [ -80.835364183759182, 35.228231883447755 ], [ -80.835374521215329, 35.228231430955283 ], [ -80.835384864695044, 35.228231778629301 ], [ -80.835395122409764, 35.228232923384553 ], [ -80.835405203331987, 35.228234855062404 ], [ -80.83541501800309, 35.228237556521059 ], [ -80.835424479327102, 35.228241003787623 ], [ -80.83543350334368, 35.228245166270874 ], [ -80.83544200997315, 35.228250007032685 ], [ -80.835586209921388, 35.228340606954042 ], [ -80.835594257291319, 35.228346184853613 ], [ -80.835601616792701, 35.228352369371883 ], [ -80.835608220798406, 35.228359103678891 ], [ -80.83561400862358, 35.228366325892644 ], [ -80.83561892708326, 35.228373969647706 ], [ -80.835622930981131, 35.228381964705029 ], [ -80.83562598352475, 35.228390237597431 ], [ -80.835628056663808, 35.228398712304632 ], [ -80.83562913134773, 35.228407310951873 ], [ -80.835629197700811, 35.228415954525452 ], [ -80.83562825511305, 35.228424563598793 ], [ -80.835626312245637, 35.228433059062375 ], [ -80.835623386951454, 35.228441362850567 ], [ -80.835619506111001, 35.228449398659045 ], [ -80.835614705385467, 35.228457092646011 ], [ -80.835609028888911, 35.228464374110615 ], [ -80.83560252878307, 35.228471176142698 ], [ -80.83559526479786, 35.228477436237718 ], [ -80.835587303682715, 35.228483096870924 ], [ -80.835578718593027, 35.228488106026184 ], [ -80.835569588418068, 35.228492417673777 ], [ -80.835040188032551, 35.228715417889248 ], [ -80.835031752321825, 35.228718609143542 ], [ -80.83502301828797, 35.228721204435132 ], [ -80.835014048336191, 35.228723185220495 ], [ -80.834389647694991, 35.228838085341089 ], [ -80.834378879386961, 35.228839609997038 ], [ -80.83436797977663, 35.228840249608695 ], [ -80.834357056635824, 35.228839997851765 ], [ -80.83434621796907, 35.228838857215571 ], [ -80.83433557094564, 35.228836838978339 ], [ -80.834325220839887, 35.228833963095759 ], [ -80.834315269990299, 35.228830258003633 ], [ -80.834305816787577, 35.228825760336711 ], [ -80.83429695470187, 35.228820514566493 ], [ -80.834288771358459, 35.228814572561404 ], [ -80.834281347671393, 35.228807993074064 ], [ -80.834274757043474, 35.228800841160272 ], [ -80.834269064640409, 35.228793187535778 ], [ -80.834264326746492, 35.228785107877052 ], [ -80.834260590208132, 35.228776682072997 ], [ -80.834257891970637, 35.228767993435142 ], [ -80.834256258712898, 35.228759127873715 ], [ -80.83425570658369, 35.228750173048319 ], [ -80.834256241041885, 35.228741217501124 ], [ -80.834257856802594, 35.228732349781396 ], [ -80.834260537889421, 35.228723657570015 ], [ -80.834264257792398, 35.228715226812419 ], [ -80.834268979730155, 35.228707140868892 ], [ -80.834274657013623, 35.228699479690256 ], [ -80.834281233507653, 35.228692319027445 ], [ -80.834288644186088, 35.228685729682425 ], [ -80.834296815774735, 35.228679776808185 ], [ -80.834305667475817, 35.22867451926448 ], [ -80.834315111766969, 35.228670009035937 ], [ -80.835324711036833, 35.228241509449354 ] ] ] } },
{ "type": "Feature", "properties": { "centroid_id": 159, "poi_count": 1, "mean_dist_m": 27.030604728860666, "max_dist_m": 27.030604728860666, "poi_cluster_labels": "env", "dominant_poi_cluster": "env", "center_x_m": 515075.0, "center_y_m": 3898750.0, "center_lon": -80.834329251831107, "center_lat": 35.231692980105315 }, "geometry": { "type": "Polygon", "coordinates": [ [ [ -80.833922902755134, 35.231677249270582 ], [ -80.833923449952493, 35.231668411733871 ], [ -80.833925050250258, 35.231659660759533 ], [ -80.833927688236301, 35.231651080624175 ], [ -80.833931338505124, 35.231642753959136 ], [ -80.833935965902356, 35.23163476095467 ], [ -80.833941525863409, 35.231627178587651 ], [ -80.833947964842693, 35.231620079880315 ], [ -80.833955220829182, 35.231613533196956 ], [ -80.833963223943755, 35.231607601585573 ], [ -80.833971897112065, 35.231602342170675 ], [ -80.833981156806857, 35.231597805603208 ], [ -80.833990913852389, 35.231594035572634 ], [ -80.834001074283194, 35.231591068386308 ], [ -80.834011540249023, 35.231588932619793 ], [ -80.834022210957215, 35.231587648841611 ], [ -80.834032983643354, 35.231587229415204 ], [ -80.834043754560923, 35.231587678379867 ], [ -80.834054419980419, 35.231588991411847 ], [ -80.834064877188382, 35.231591155865949 ], [ -80.834075025476466, 35.231594150897394 ], [ -80.834084767111364, 35.231597947662465 ], [ -80.834094008276054, 35.231602509596335 ], [ -80.834102659973183, 35.231607792765246 ], [ -80.834110638882322, 35.231613746289483 ], [ -80.83411786816221, 35.23162031283352 ], [ -80.834124278190927, 35.231627429158081 ], [ -80.834129807236252, 35.231635026729208 ], [ -80.83413440205031, 35.231643032378244 ], [ -80.834138018382333, 35.231651369006514 ], [ -80.834140621404757, 35.23165995632786 ], [ -80.83414218604878, 35.231668711641696 ], [ -80.834142697245696, 35.231677550629634 ], [ -80.834142150072026, 35.231686388167397 ], [ -80.834140549797056, 35.231695139144641 ], [ -80.834137911831945, 35.231703719284631 ], [ -80.834134261581454, 35.231712045955867 ], [ -80.834129634199215, 35.231720038967858 ], [ -80.83412407424926, 35.231727621343417 ], [ -80.834117635276741, 35.231734720060018 ], [ -80.834110379292426, 35.231741266752991 ], [ -80.834102376175366, 35.231747198373974 ], [ -80.834093702999979, 35.231752457798059 ], [ -80.834084443293804, 35.231756994374003 ], [ -80.834074686233023, 35.231760764411973 ], [ -80.834064525783702, 35.231763731604332 ], [ -80.834054059796784, 35.231765867375309 ], [ -80.834043389065727, 35.231767151156205 ], [ -80.834032616355856, 35.231767570583457 ], [ -80.834021845414568, 35.231767121617764 ], [ -80.834011179972308, 35.231765808582878 ], [ -80.834000722743397, 35.231763644124143 ], [ -80.833990574436996, 35.231760649086496 ], [ -80.833980832787077, 35.231756852313922 ], [ -80.833971591611316, 35.231752290371475 ], [ -80.833962939907408, 35.23174700719332 ], [ -80.833954960996095, 35.231741053659462 ], [ -80.833947731718695, 35.23173448710584 ], [ -80.833941321697054, 35.23172737077207 ], [ -80.833935792663112, 35.231719773192488 ], [ -80.833931197864288, 35.231711767536048 ], [ -80.83392758155081, 35.231703430901717 ], [ -80.833924978549476, 35.23169484357593 ], [ -80.833923413928304, 35.231686088259373 ], [ -80.833922902755134, 35.231677249270582 ] ] ] } },
{ "type": "Feature", "properties": { "centroid_id": 160, "poi_count": 2, "mean_dist_m": 76.648708020767458, "max_dist_m": 76.648708020767458, "poi_cluster_labels": "env", "dominant_poi_cluster": "env", "center_x_m": 515100.0, "center_y_m": 3898350.0, "center_lon": -80.834061852804965, "center_lat": 35.228085779329874 }, "geometry": { "type": "Polygon", "coordinates": [ [ [ -80.83453630826601, 35.227587849842557 ], [ -80.834536855367588, 35.227579012296836 ], [ -80.834538455517418, 35.22757026130806 ], [ -80.834541093304821, 35.227561681152977 ], [ -80.834544743326163, 35.227553354463119 ], [ -80.8345493704295, 35.227545361428994 ], [ -80.834554930053073, 35.227537779027756 ], [ -80.834561368654491, 35.227530680281944 ], [ -80.834568624226449, 35.227524133556258 ], [ -80.834576626893735, 35.227518201899066 ], [ -80.834585299586365, 35.227512942435368 ], [ -80.83459455878166, 35.227508405816508 ], [ -80.834604315308667, 35.227504635732522 ], [ -80.834614475206919, 35.227501668491243 ], [ -80.834624940631301, 35.227499532668759 ], [ -80.834635610794365, 35.227498248834124 ], [ -80.834646382936938, 35.22749782935135 ], [ -80.83465715331775, 35.227498278260256 ], [ -80.834667818212466, 35.227499591237631 ], [ -80.834678274912662, 35.227501755638819 ], [ -80.834688422714905, 35.227504750619516 ], [ -80.834698163890565, 35.227508547336527 ], [ -80.834707404627011, 35.227513109225484 ], [ -80.834716055931068, 35.227518392353034 ], [ -80.83472403448603, 35.227524345839903 ], [ -80.834731263454103, 35.227530912350893 ], [ -80.834737673216324, 35.227538028647039 ], [ -80.834743202043086, 35.227545626194683 ], [ -80.834747796688589, 35.227553631825387 ], [ -80.834751412903671, 35.227561968440646 ], [ -80.834754015861932, 35.227570555754433 ], [ -80.834755580495184, 35.227579311066243 ], [ -80.834756091734789, 35.22758815005767 ], [ -80.8347555446569, 35.227596987604436 ], [ -80.834753944529851, 35.227605738596111 ], [ -80.834751306763394, 35.227614318755819 ], [ -80.834747656760356, 35.227622645451866 ], [ -80.834743029672012, 35.227630638493515 ], [ -80.834737470059551, 35.227638220903295 ], [ -80.834731031464884, 35.227645319658379 ], [ -80.834723775895114, 35.227651866393686 ], [ -80.834715773225327, 35.227657798060456 ], [ -80.83470710052562, 35.22766305753337 ], [ -80.834697841318956, 35.227667594160678 ], [ -80.834688084776715, 35.22767136425206 ], [ -80.834677924859932, 35.227674331499379 ], [ -80.834667459414462, 35.227676467326326 ], [ -80.834656789228532, 35.227677751163668 ], [ -80.834646017062241, 35.227678170647302 ], [ -80.834635246657726, 35.227677721737344 ], [ -80.834624581740243, 35.227676408757077 ], [ -80.834614125019087, 35.227674244351256 ], [ -80.83460397719854, 35.227671249364363 ], [ -80.834594236007888, 35.227667452639828 ], [ -80.834584995260343, 35.227662890742316 ], [ -80.834576343949522, 35.227657607605515 ], [ -80.834568365392386, 35.227651654109046 ], [ -80.8345611364268, 35.227645087588456 ], [ -80.834554726671641, 35.227637971283102 ], [ -80.834549197856276, 35.227630373727003 ], [ -80.834544603226007, 35.227622368088909 ], [ -80.834540987029442, 35.227614031467589 ], [ -80.834538384092269, 35.227605444149361 ], [ -80.834536819481883, 35.227596688834844 ], [ -80.83453630826601, 35.227587849842557 ] ] ] } },
{ "type": "Feature", "properties": { "centroid_id": 161, "poi_count": 2, "mean_dist_m": 140.47609442770022, "max_dist_m": 197.57776732539298, "poi_cluster_labels": "env", "dominant_poi_cluster": "env", "center_x_m": 515125.0, "center_y_m": 3897950.0, "center_lon": -80.833794476795134, "center_lat": 35.224478575876212 }, "geometry": { "type": "Polygon", "coordinates": [ [ [ -80.833834297908197, 35.225256646778412 ], [ -80.833830433051688, 35.22526490790721 ], [ -80.833825600005653, 35.225272818408207 ], [ -80.833819845314736, 35.225280302098817 ], [ -80.833813224399634, 35.225287286906884 ], [ -80.83380580102326, 35.225293705564766 ], [ -80.833797646676814, 35.225299496257136 ], [ -80.833788839891128, 35.225304603216323 ], [ -80.833779465480475, 35.225308977259367 ], [ -80.833769613725764, 35.225312576261764 ], [ -80.833759379504983, 35.225315365563027 ], [ -80.833748861379547, 35.225317318300569 ], [ -80.833738160645083, 35.225318415668411 ], [ -80.833727380355825, 35.22531864709827 ], [ -80.833716624332212, 35.225318010361363 ], [ -80.833705996160944, 35.225316511589789 ], [ -80.83369559819748, 35.225314165217625 ], [ -80.833685530580155, 35.225310993841781 ], [ -80.833675890265923, 35.225307028004401 ], [ -80.833666770096428, 35.225302305898829 ], [ -80.833658257904062, 35.225296873001611 ], [ -80.833650435666001, 35.225290781634683 ], [ -80.83364337871464, 35.225284090461344 ], [ -80.833637155012255, 35.225276863921415 ], [ -80.833631824496393, 35.225269171610549 ], [ -80.833627438502646, 35.225261087610008 ], [ -80.83362403927029, 35.225252689773257 ], [ -80.833621659535552, 35.225244058976138 ], [ -80.833620322216248, 35.225235278337976 ], [ -80.833620040191136, 35.225226432421195 ], [ -80.83362081617598, 35.225217606416784 ], [ -80.833622642697236, 35.22520888532398 ], [ -80.83362550216421, 35.225200353131626 ], [ -80.83457690487208, 35.222824253948517 ], [ -80.834580769536302, 35.222815992792007 ], [ -80.834585602362537, 35.222808082257053 ], [ -80.834591356807849, 35.222800598526298 ], [ -80.834597977453612, 35.222793613672053 ], [ -80.834605400539317, 35.222787194962152 ], [ -80.834613554576563, 35.222781404212114 ], [ -80.834622361037574, 35.222776297189903 ], [ -80.834631735111429, 35.22277192307881 ], [ -80.83464158652086, 35.222768324003816 ], [ -80.834651820391613, 35.222765534625829 ], [ -80.834662338166225, 35.222763581808039 ], [ -80.834673038553063, 35.222762484357069 ], [ -80.834683818501915, 35.22276225284196 ], [ -80.834694574196277, 35.222762889492309 ], [ -80.834705202053314, 35.222764388176849 ], [ -80.834715599721264, 35.222766734462475 ], [ -80.834725667065172, 35.222769905753239 ], [ -80.834735307131297, 35.222773871507989 ], [ -80.834744427080722, 35.222778593534422 ], [ -80.834752939083501, 35.222784026357012 ], [ -80.834760761164475, 35.222790117654796 ], [ -80.834767817992741, 35.222796808765409 ], [ -80.834774041607147, 35.222804035249936 ], [ -80.83477937207077, 35.222811727513509 ], [ -80.834783758048133, 35.222819811475539 ], [ -80.834787157299644, 35.222828209283151 ], [ -80.834789537088412, 35.222836840060964 ], [ -80.83479087449544, 35.22284562068991 ], [ -80.834791156640421, 35.222854466607785 ], [ -80.834790380805828, 35.222863292623543 ], [ -80.834788554463003, 35.222872013737842 ], [ -80.834785695200338, 35.22288054596153 ], [ -80.833834297908197, 35.225256646778412 ] ] ] } },
{ "type": "Feature", "properties": { "centroid_id": 166, "poi_count": 3, "mean_dist_m": 74.198409779135261, "max_dist_m": 76.891116934339024, "poi_cluster_labels": "env", "dominant_poi_cluster": "env", "center_x_m": 515150.0, "center_y_m": 3898475.0, "center_lon": -80.833510088300784, "center_lat": 35.229212157720433 }, "geometry": { "type": "Polygon", "coordinates": [ [ [ -80.833040534516073, 35.228773115943802 ], [ -80.833031363535227, 35.22876846005699 ], [ -80.833022792890247, 35.228763089004772 ], [ -80.833014905121232, 35.228757054513395 ], [ -80.833007776191721, 35.228750414698482 ], [ -80.833001474757154, 35.22874323350522 ], [ -80.832996061503678, 35.22873558009254 ], [ -80.832991588563743, 35.22872752816712 ], [ -80.832988099013946, 35.22871915527351 ], [ -80.832985626460299, 35.228710542047331 ], [ -80.832984194714541, 35.228701771438736 ], [ -80.832983817564823, 35.228692927913478 ], [ -80.832984498642972, 35.228684096639597 ], [ -80.832986231389498, 35.228675362667033 ], [ -80.832988999116751, 35.228666810108685 ], [ -80.832992775169743, 35.228658521330296 ], [ -80.832997523182755, 35.228650576157229 ], [ -80.833003197429591, 35.228643051105763 ], [ -80.833009743264014, 35.228636018646107 ], [ -80.833017097645978, 35.228629546504571 ], [ -80.833025189748739, 35.228623697011258 ], [ -80.833033941640949, 35.228618526499872 ], [ -80.833043269037248, 35.228614084765113 ], [ -80.833053082109856, 35.228610414583216 ], [ -80.833063286353763, 35.228607551299902 ], [ -80.833073783496758, 35.228605522490113 ], [ -80.833084472445975, 35.228604347692304 ], [ -80.83309525026128, 35.228604038220389 ], [ -80.833106013146775, 35.228604597054748 ], [ -80.833116657450333, 35.228606018813515 ], [ -80.833127080661811, 35.228608289804434 ], [ -80.833137182400307, 35.228611388156679 ], [ -80.833146865380769, 35.22861528403152 ], [ -80.834405764538801, 35.229186283483727 ], [ -80.834414935645512, 35.229190939266438 ], [ -80.834423506427513, 35.229196310220097 ], [ -80.834431394343582, 35.229202344619651 ], [ -80.834438523428815, 35.229208984350649 ], [ -80.834444825026139, 35.229216165469012 ], [ -80.834450238447658, 35.229223818816749 ], [ -80.834454711558976, 35.229231870688082 ], [ -80.83445820128135, 35.229240243539181 ], [ -80.834460674006579, 35.229248856735005 ], [ -80.834462105920679, 35.229257627325808 ], [ -80.834462483233196, 35.229266470846078 ], [ -80.834461802310031, 35.22927530212786 ], [ -80.834460069708541, 35.229284036121072 ], [ -80.834457302114288, 35.229292588712553 ], [ -80.834453526180411, 35.229300877536097 ], [ -80.834448778270982, 35.229308822765688 ], [ -80.834443104110733, 35.229316347884343 ], [ -80.834436558344791, 35.229323380420908 ], [ -80.834429204012352, 35.229329852648064 ], [ -80.834421111939676, 35.229335702234643 ], [ -80.83441236005784, 35.229340872845739 ], [ -80.834403032652375, 35.229345314685439 ], [ -80.834393219551501, 35.229348984976241 ], [ -80.834383015260926, 35.229351848371181 ], [ -80.83437251805384, 35.229353877294088 ], [ -80.834361829024374, 35.229355052205257 ], [ -80.834351051114098, 35.229355361789651 ], [ -80.834340288120472, 35.22935480306576 ], [ -80.834329643697387, 35.22935338141442 ], [ -80.834319220356761, 35.229351110526977 ], [ -80.834309118481357, 35.229348012273377 ], [ -80.834299435358034, 35.229344116491596 ], [ -80.833040534516073, 35.228773115943802 ] ] ] } },
{ "type": "Feature", "properties": { "centroid_id": 168, "poi_count": 4, "mean_dist_m": 50.911138304453864, "max_dist_m": 55.756482211613893, "poi_cluster_labels": "env", "dominant_poi_cluster": "env", "center_x_m": 515200.0, "center_y_m": 3898200.0, "center_lon": -80.832965700775631, "center_lat": 35.226731708298857 }, "geometry": { "type": "Polygon", "coordinates": [ [ [ -80.833364517046846, 35.226677726014238 ], [ -80.833358944530787, 35.226670150016425 ], [ -80.833354303824251, 35.226662162312742 ], [ -80.833350639619567, 35.22665383982924 ], [ -80.833347987204746, 35.22664526271609 ], [ -80.833346372123714, 35.226636513575606 ], [ -80.833345809930222, 35.22662767666688 ], [ -80.83334630603818, 35.226618837094158 ], [ -80.833347855669473, 35.226610079987346 ], [ -80.833350443899946, 35.226601489682125 ], [ -80.833354045803219, 35.226593148907796 ], [ -80.833358626690767, 35.226585137990469 ], [ -80.833364142445873, 35.226577534079532 ], [ -80.833370539948675, 35.226570410404697 ], [ -80.833377757587613, 35.226563835570722 ], [ -80.833385725852835, 35.226557872896691 ], [ -80.833394368005614, 35.226552579806295 ], [ -80.833403600817419, 35.226548007274751 ], [ -80.833413335371375, 35.226544199337908 ], [ -80.833423477918615, 35.226541192668194 ], [ -80.83343393078114, 35.226539016221366 ], [ -80.833444593292484, 35.226537690957734 ], [ -80.833455362767126, 35.2265372296403 ], [ -80.833466135489502, 35.226537636711768 ], [ -80.833476807712756, 35.226538908251818 ], [ -80.833487276657863, 35.226541032014879 ], [ -80.833497441503454, 35.226543987548034 ], [ -80.833507204356778, 35.226547746387972 ], [ -80.833516471196461, 35.22655227233507 ], [ -80.833525152777909, 35.226557521802143 ], [ -80.833533165492852, 35.226563444234074 ], [ -80.833540432174502, 35.226569982594746 ], [ -80.833546882840722, 35.226577073916317 ], [ -80.833667382931509, 35.226724073827043 ], [ -80.833672955479955, 35.226731649810667 ], [ -80.833677596221705, 35.226739637502149 ], [ -80.833681260463635, 35.226747959975725 ], [ -80.83368391291684, 35.226756537081549 ], [ -80.833685528036469, 35.226765286217457 ], [ -80.83368609026769, 35.226774123124514 ], [ -80.833685594195558, 35.226782962698493 ], [ -80.833684044597177, 35.226791719809476 ], [ -80.833681456395709, 35.226800310121625 ], [ -80.833677854516651, 35.226808650905483 ], [ -80.833673273647776, 35.226816661834654 ], [ -80.833667757905175, 35.226824265759404 ], [ -80.833661360408271, 35.226831389449671 ], [ -80.833654142768367, 35.226837964300259 ], [ -80.833646174495243, 35.226843926991663 ], [ -80.833637532327757, 35.226849220099737 ], [ -80.833628299494819, 35.226853792648839 ], [ -80.833618564913806, 35.226857600602692 ], [ -80.833608422334265, 35.226860607288515 ], [ -80.833597969435061, 35.226862783750192 ], [ -80.833587306883615, 35.226864109027147 ], [ -80.833576537366469, 35.226864570356177 ], [ -80.833565764600294, 35.226864163294437 ], [ -80.833555092333057, 35.226862891762167 ], [ -80.833544623344849, 35.226860768004954 ], [ -80.833534458458061, 35.226857812475806 ], [ -80.833524695566396, 35.226854053638185 ], [ -80.83351542869201, 35.22684952769184 ], [ -80.833506747080165, 35.226844278224235 ], [ -80.833498734339628, 35.226838355790761 ], [ -80.833491467637486, 35.226831817427808 ], [ -80.833485016956047, 35.22682472610353 ], [ -80.833364517046846, 35.226677726014238 ] ] ] } },
{ "type": "Feature", "properties": { "centroid_id": 169, "poi_count": 3, "mean_dist_m": 24.562922800736345, "max_dist_m": 28.436014795927655, "poi_cluster_labels": "env", "dominant_poi_cluster": "env", "center_x_m": 515225.0, "center_y_m": 3898175.0, "center_lon": -80.832691437085941, "center_lat": 35.226505902278618 }, "geometry": { "type": "Polygon", "coordinates": [ [ [ -80.832352192179314, 35.226352469572987 ], [ -80.832360310754922, 35.226346920836356 ], [ -80.832369041232894, 35.226342037529726 ], [ -80.832378302902114, 35.226337864797955 ], [ -80.832388010140832, 35.226334441216878 ], [ -80.832398073208125, 35.226331798436597 ], [ -80.832408399073586, 35.226329960888926 ], [ -80.832418892277289, 35.226328945561491 ], [ -80.832429455812388, 35.226328761840733 ], [ -80.83243999202179, 35.226329411425091 ], [ -80.832450403501028, 35.226330888309363 ], [ -80.832460593998775, 35.226333178840108 ], [ -80.832470469306514, 35.226336261842008 ], [ -80.832479938129623, 35.226340108813503 ], [ -80.83248891293124, 35.226344684190359 ], [ -80.832497310741601, 35.226349945674436 ], [ -80.832505053925004, 35.226355844624628 ], [ -80.83251207089755, 35.226362326506703 ], [ -80.832518296788948, 35.226369331397308 ], [ -80.832523674042221, 35.226376794537998 ], [ -80.832528152945756, 35.22638464693393 ], [ -80.832582953059671, 35.226494146888832 ], [ -80.832586566532044, 35.226502518591552 ], [ -80.832589158811146, 35.226511141371034 ], [ -80.83259070474891, 35.226519931577499 ], [ -80.832591189347795, 35.226528803936858 ], [ -80.832590607906354, 35.226537672378086 ], [ -80.832588966064819, 35.226546450868121 ], [ -80.83258627975043, 35.226555054246475 ], [ -80.832582575022897, 35.226563399051408 ], [ -80.832577887821628, 35.226571404329619 ], [ -80.832572263617166, 35.226578992421473 ], [ -80.832565756969871, 35.226586089714559 ], [ -80.832558431000933, 35.226592627357618 ], [ -80.832550356779748, 35.226598541928645 ], [ -80.832541612634671, 35.226603776050034 ], [ -80.832532283393036, 35.22660827894525 ], [ -80.832522459558348, 35.226612006931447 ], [ -80.832512236432152, 35.226614923843179 ], [ -80.832501713189615, 35.22661700138331 ], [ -80.832490991917396, 35.226618219397508 ], [ -80.832480176623264, 35.22661856606971 ], [ -80.832469372227067, 35.22661803803684 ], [ -80.83245868354301, 35.226616640421362 ], [ -80.832448214262683, 35.226614386781669 ], [ -80.832438065949233, 35.226611298980437 ], [ -80.832428337052065, 35.226607406972633 ], [ -80.832419121951745, 35.226602748514892 ], [ -80.832410510044454, 35.226597368799169 ], [ -80.832402584874671, 35.226591320014407 ], [ -80.832308084879102, 35.226511719953805 ], [ -80.832300820731561, 35.226504955153345 ], [ -80.832294416205997, 35.226497628913904 ], [ -80.832288935334688, 35.226489814483372 ], [ -80.832284432915159, 35.226481589990435 ], [ -80.832280953962339, 35.226473037663688 ], [ -80.832278533258517, 35.226464243009303 ], [ -80.832277195005489, 35.226455293956242 ], [ -80.832276952582802, 35.226446279977125 ], [ -80.832277808413792, 35.226437291193662 ], [ -80.832279753941535, 35.226428417475638 ], [ -80.832282769714297, 35.226419747542373 ], [ -80.832286825580113, 35.226411368075709 ], [ -80.832291880988194, 35.226403362853439 ], [ -80.832297885394354, 35.22639581191158 ], [ -80.832304778766499, 35.226388790744274 ], [ -80.832312492184627, 35.226382369548951 ], [ -80.832352192179314, 35.226352469572987 ] ] ] } },
{ "type": "Feature", "properties": { "centroid_id": 171, "poi_count": 2, "mean_dist_m": 50.499841624381752, "max_dist_m": 78.846257091577698, "poi_cluster_labels": "env", "dominant_poi_cluster": "env", "center_x_m": 515225.0, "center_y_m": 3898875.0, "center_lon": -80.832678478591617, "center_lat": 35.232817844840568 }, "geometry": { "type": "Polygon", "coordinates": [ [ [ -80.831861067903517, 35.232984558277508 ], [ -80.831850950130359, 35.232987622406249 ], [ -80.831840515028418, 35.232989858091351 ], [ -80.831829863093759, 35.232991243801877 ], [ -80.83181909691065, 35.232991766192683 ], [ -80.83180832016366, 35.232991420232786 ], [ -80.831797636639109, 35.232990209254019 ], [ -80.831787149225477, 35.232988144918792 ], [ -80.831776958922646, 35.232985247107841 ], [ -80.831767163869017, 35.232981543728769 ], [ -80.831757858396571, 35.232977070447248 ], [ -80.831749132122241, 35.232971870343533 ], [ -80.831741069084941, 35.232965993497608 ], [ -80.831733746936166, 35.232959496506851 ], [ -80.831727236192151, 35.232952441940967 ], [ -80.831721599554882, 35.232944897739415 ], [ -80.831716891308048, 35.23293693655711 ], [ -80.83171315679445, 35.232928635064688 ], [ -80.831710431979232, 35.23292007321016 ], [ -80.831708743103562, 35.232911333448925 ], [ -80.83170810643189, 35.232902499949709 ], [ -80.83170852809539, 35.232893657783954 ], [ -80.831710004032857, 35.232884892106526 ], [ -80.831712520029882, 35.232876287335664 ], [ -80.831716051855722, 35.232867926339942 ], [ -80.831720565496724, 35.232859889640245 ], [ -80.831726017483803, 35.232852254634267 ], [ -80.831732355311189, 35.232845094851179 ], [ -80.83173951794204, 35.232838479243455 ], [ -80.831747436396256, 35.232832471522897 ], [ -80.831756034414823, 35.232827129546983 ], [ -80.831765229194232, 35.232822504761742 ], [ -80.831774932183876, 35.232818641706253 ], [ -80.832548331537112, 35.232548341975921 ], [ -80.83255844922968, 35.232545277788454 ], [ -80.832568884255195, 35.23254304204108 ], [ -80.832579536118928, 35.232541656265205 ], [ -80.832590302237975, 35.232541133806563 ], [ -80.832601078929031, 35.232541479696692 ], [ -80.832611762407012, 35.232542690604518 ], [ -80.832622249784521, 35.232544754868357 ], [ -80.83263244006271, 35.232547652608275 ], [ -80.832642235103876, 35.232551355917558 ], [ -80.832651540576634, 35.232555829131407 ], [ -80.832660266864366, 35.232561029170462 ], [ -80.832668329928282, 35.232566905955622 ], [ -80.832675652116663, 35.232573402890374 ], [ -80.832682162912818, 35.232580457405831 ], [ -80.832687799614149, 35.2325880015633 ], [ -80.832692507935974, 35.232595962708501 ], [ -80.832696242534368, 35.2326042641714 ], [ -80.832698967442823, 35.232612826004441 ], [ -80.832700656418709, 35.232621565752567 ], [ -80.832701293195925, 35.23263039924727 ], [ -80.83270087164162, 35.232639241417175 ], [ -80.83269939581524, 35.232648007107358 ], [ -80.8326968799295, 35.232656611899365 ], [ -80.832693348213425, 35.232664972924297 ], [ -80.832688834679089, 35.232673009660843 ], [ -80.832683382794102, 35.232680644710683 ], [ -80.832677045062923, 35.232687804544035 ], [ -80.832669882521245, 35.232694420207636 ], [ -80.832661964148244, 35.232700427988917 ], [ -80.832653366202194, 35.23270577002949 ], [ -80.832644171486109, 35.23271039488246 ], [ -80.83263446855031, 35.232714258007853 ], [ -80.831861067903517, 35.232984558277508 ] ] ] } },
{ "type": "Feature", "properties": { "centroid_id": 172, "poi_count": 4, "mean_dist_m": 43.553301175693441, "max_dist_m": 53.458599724970632, "poi_cluster_labels": "env", "dominant_poi_cluster": "env", "center_x_m": 515250.0, "center_y_m": 3898325.0, "center_lon": -80.832413930387133, "center_lat": 35.227858081928801 }, "geometry": { "type": "Polygon", "coordinates": [ [ [ -80.832488089468526, 35.227484349738411 ], [ -80.832493177838714, 35.227476622557766 ], [ -80.832499158255743, 35.227469338235949 ], [ -80.832505973979451, 35.227462565883833 ], [ -80.832513560344623, 35.22745636975494 ], [ -80.832521845374586, 35.227450808635766 ], [ -80.832530750464016, 35.22744593528806 ], [ -80.832540191124764, 35.22744179594828 ], [ -80.832550077787459, 35.227438429888856 ], [ -80.832560316651211, 35.227435869045664 ], [ -80.832570810573671, 35.227434137714994 ], [ -80.83258145999261, 35.227433252323024 ], [ -80.832592163870473, 35.227433221269997 ], [ -80.832602820653094, 35.227434044850554 ], [ -80.832613329233084, 35.22743571525087 ], [ -80.832623589909147, 35.227438216622851 ], [ -80.832633505331941, 35.227441525234461 ], [ -80.832642981427767, 35.227445609694861 ], [ -80.832899281269206, 35.227569509577897 ], [ -80.832908213627888, 35.227574322425887 ], [ -80.832916534067493, 35.227579824391 ], [ -80.832924163911471, 35.22758596344773 ], [ -80.832931031013374, 35.227592681546383 ], [ -80.832937070438987, 35.227599915161925 ], [ -80.832942225080487, 35.227607595894696 ], [ -80.832946446196289, 35.227615651117119 ], [ -80.832949693872052, 35.227624004660541 ], [ -80.832951937398008, 35.227632577535381 ], [ -80.832953155559508, 35.227641288678107 ], [ -80.832953336837477, 35.227650055717724 ], [ -80.832952479517459, 35.227658795754607 ], [ -80.832950591705782, 35.227667426144521 ], [ -80.832947691252969, 35.227675865279942 ], [ -80.832943805584904, 35.227684033361797 ], [ -80.832938971443525, 35.227691853154091 ], [ -80.832933234539439, 35.227699250714068 ], [ -80.832926649119642, 35.227706156091635 ], [ -80.832387349248918, 35.228218256457446 ], [ -80.832379887910349, 35.228224674232813 ], [ -80.83221798789684, 35.228350874332634 ], [ -80.832209726368973, 35.228356702844977 ], [ -80.832200802046259, 35.228361831441447 ], [ -80.83219130265384, 35.228366209708476 ], [ -80.832181321569792, 35.228369794608042 ], [ -80.83217095690722, 35.22837255090095 ], [ -80.832160310549796, 35.228374451493075 ], [ -80.832149487150247, 35.228375477701761 ], [ -80.832138593101661, 35.228375619439461 ], [ -80.832127735491568, 35.228374875312944 ], [ -80.832117021049299, 35.228373252636871 ], [ -80.832106555096914, 35.228370767362016 ], [ -80.832096440513723, 35.228367443918415 ], [ -80.832086776725134, 35.228363314975212 ], [ -80.83207765872524, 35.228358421119552 ], [ -80.832069176143023, 35.228352810457579 ], [ -80.832061412361313, 35.228346538141544 ], [ -80.83205444369716, 35.22833966582774 ], [ -80.832048338651632, 35.228332261070285 ], [ -80.83204315723647, 35.228324396657221 ], [ -80.83203895038416, 35.228316149894894 ], [ -80.832035759447308, 35.228307601848094 ], [ -80.832033615792142, 35.228298836543175 ], [ -80.832032540490204, 35.228289940142076 ], [ -80.832032544111229, 35.228281000095393 ], [ -80.832033626619307, 35.228272104282688 ], [ -80.832035777373136, 35.228263340148729 ], [ -80.832038975230731, 35.228254793843831 ], [ -80.832043188757282, 35.228246549377054 ], [ -80.832488089468526, 35.227484349738411 ] ] ] } },
{ "type": "Feature", "properties": { "centroid_id": 173, "poi_count": 2, "mean_dist_m": 80.235737054072587, "max_dist_m": 85.988613396077795, "poi_cluster_labels": "env", "dominant_poi_cluster": "env", "center_x_m": 515250.0, "center_y_m": 3898550.0, "center_lon": -80.832409758479599, "center_lat": 35.229886920846177 }, "geometry": { "type": "Polygon", "coordinates": [ [ [ -80.83222658722795, 35.229278910528379 ], [ -80.832219987941031, 35.229271911752335 ], [ -80.832214256484122, 35.229264415926927 ], [ -80.832209448054172, 35.229256495241131 ], [ -80.832205608958759, 35.229248225975631 ], [ -80.83220277617022, 35.22923968776805 ], [ -80.83220097696956, 35.229230962846074 ], [ -80.832200228683746, 35.229222135235496 ], [ -80.832200538518833, 35.229213289951076 ], [ -80.832201903490599, 35.229204512177702 ], [ -80.832204310453278, 35.229195886450107 ], [ -80.832207736226223, 35.229187495838708 ], [ -80.83221214781706, 35.229179421149588 ], [ -80.832217502739553, 35.229171740146306 ], [ -80.832223749422695, 35.229164526801029 ], [ -80.832230827707392, 35.229157850582048 ], [ -80.832238669425848, 35.229151775784885 ], [ -80.83224719905806, 35.22914636091302 ], [ -80.832256334459089, 35.229141658114479 ], [ -80.832265987650175, 35.22913771267968 ], [ -80.832276065666008, 35.229134562605189 ], [ -80.832286471450075, 35.229132238227862 ], [ -80.832297104789248, 35.229130761932652 ], [ -80.832307863279013, 35.229130147937042 ], [ -80.832318643309549, 35.229130402154127 ], [ -80.832329341063641, 35.229131522135681 ], [ -80.832339853516345, 35.229133497095681 ], [ -80.832350079427371, 35.229136308014247 ], [ -80.832359920315838, 35.229139927820817 ], [ -80.832369281408845, 35.229144321654722 ], [ -80.832378072554121, 35.229149447201102 ], [ -80.832386209088256, 35.229155255098256 ], [ -80.832393612652012, 35.229161689413111 ], [ -80.833376312916869, 35.230104388745005 ], [ -80.833382912370482, 35.230111387457498 ], [ -80.83338864399434, 35.230118883226979 ], [ -80.833393452589632, 35.230126803865261 ], [ -80.833397291846751, 35.230135073092335 ], [ -80.833400124791282, 35.230143611271131 ], [ -80.833401924140134, 35.230152336174385 ], [ -80.833402672564276, 35.230161163776557 ], [ -80.833402362855622, 35.230170009063038 ], [ -80.833400997996506, 35.230178786848839 ], [ -80.833398591130916, 35.230187412599108 ], [ -80.833395165437992, 35.230195803243042 ], [ -80.833390753908745, 35.230203877974098 ], [ -80.833385399028387, 35.230211559028071 ], [ -80.833379152367201, 35.230218772432117 ], [ -80.833372074083798, 35.230225448717079 ], [ -80.833364232345858, 35.230231523586525 ], [ -80.833355702673686, 35.230236938536031 ], [ -80.833346567212715, 35.230241641416519 ], [ -80.833336913942617, 35.230245586936547 ], [ -80.833326835829823, 35.230248737098506 ], [ -80.833316429932381, 35.230251061564523 ], [ -80.833305796465055, 35.230252537948644 ], [ -80.833295037834233, 35.230253152032439 ], [ -80.833284257651798, 35.230252897901941 ], [ -80.833273559737108, 35.230251778004536 ], [ -80.833263047117285, 35.230249803125538 ], [ -80.833252821034904, 35.230246992284137 ], [ -80.833242979972994, 35.230243372550348 ], [ -80.833233618706615, 35.230238978784314 ], [ -80.833224827390026, 35.230233853300518 ], [ -80.833216690688516, 35.230228045460287 ], [ -80.833209286963054, 35.23022161119647 ], [ -80.83222658722795, 35.229278910528379 ] ] ] } },
{ "type": "Feature", "properties": { "centroid_id": 174, "poi_count": 4, "mean_dist_m": 24.225667574041694, "max_dist_m": 45.256904926543122, "poi_cluster_labels": "env", "dominant_poi_cluster": "env", "center_x_m": 515275.0, "center_y_m": 3898300.0, "center_lon": -80.832139664453948, "center_lat": 35.22763227469423 }, "geometry": { "type": "Polygon", "coordinates": [ [ [ -80.832373402199366, 35.227242692065452 ], [ -80.83238172618033, 35.227237284121834 ], [ -80.832390647329376, 35.227232560551741 ], [ -80.832400082371294, 35.227228565447675 ], [ -80.832409943233998, 35.227225336102201 ], [ -80.832420137870599, 35.227222902659861 ], [ -80.832430571118522, 35.227221287835775 ], [ -80.832441145587964, 35.227220506703617 ], [ -80.832451762570869, 35.227220566554941 ], [ -80.832462322962328, 35.227221466831033 ], [ -80.832472728185678, 35.227223199128233 ], [ -80.832482881112696, 35.227225747276272 ], [ -80.832492686970184, 35.227229087489341 ], [ -80.83250205422469, 35.227233188587974 ], [ -80.83251089543684, 35.227238012290165 ], [ -80.832519128077649, 35.227243513568773 ], [ -80.832526675298823, 35.227249641071708 ], [ -80.832533466650105, 35.227256337601347 ], [ -80.83253943873693, 35.227263540648423 ], [ -80.832544535812175, 35.227271182975549 ], [ -80.832548710296521, 35.227279193244804 ], [ -80.832551923222624, 35.227287496683672 ], [ -80.832554144598831, 35.227296015782983 ], [ -80.832555353689244, 35.227304671020477 ], [ -80.832555539207149, 35.227313381603032 ], [ -80.832554699420498, 35.2273220662209 ], [ -80.832552842167999, 35.227330643806667 ], [ -80.832549984786084, 35.227339034292022 ], [ -80.832409785179152, 35.227685234412249 ], [ -80.832405796193569, 35.227693650593601 ], [ -80.832400801311806, 35.227701697191669 ], [ -80.832394850628503, 35.227709293505022 ], [ -80.832388003824377, 35.227716363348264 ], [ -80.83238032956757, 35.227722835816095 ], [ -80.832371904825081, 35.227728645994404 ], [ -80.832362814090772, 35.227733735611366 ], [ -80.832353148537905, 35.227738053621835 ], [ -80.8322642484695, 35.227773153656187 ], [ -80.8322528890603, 35.227777012400409 ], [ -80.832241075441416, 35.227779805842985 ], [ -80.832228955477191, 35.227781499019976 ], [ -80.831881055099345, 35.227813799053948 ], [ -80.831870361501515, 35.227814360454758 ], [ -80.831859652106104, 35.227814064610776 ], [ -80.831849028738191, 35.227812914334891 ], [ -80.831838592404864, 35.227810920563918 ], [ -80.831828442334881, 35.227808102254698 ], [ -80.83181867503518, 35.227804486203716 ], [ -80.831809383373283, 35.227800106792422 ], [ -80.831800655694295, 35.227795005660283 ], [ -80.831792574980909, 35.227789231308897 ], [ -80.831785218064482, 35.227782838640834 ], [ -80.831778654894364, 35.227775888437584 ], [ -80.831772947872992, 35.227768446781667 ], [ -80.831768151262466, 35.227760584428346 ], [ -80.83176431066866, 35.227752376132813 ], [ -80.831761462607602, 35.22774389993949 ], [ -80.831759634158317, 35.227735236439919 ], [ -80.831758842705369, 35.22772646800653 ], [ -80.831759095773521, 35.227717678009434 ], [ -80.831760390956276, 35.227708950023747 ], [ -80.831762715938723, 35.227700367034956 ], [ -80.831766048614696, 35.227692010649889 ], [ -80.83177035729689, 35.227683960320824 ], [ -80.831775601018208, 35.227676292590019 ], [ -80.831781729921289, 35.227669080362013 ], [ -80.831788685732505, 35.22766239221037 ], [ -80.831796402316101, 35.2276562917258 ], [ -80.832373402199366, 35.227242692065452 ] ] ] } },
{ "type": "Feature", "properties": { "centroid_id": 176, "poi_count": 4, "mean_dist_m": 31.36114740459054, "max_dist_m": 74.779846465688948, "poi_cluster_labels": "env", "dominant_poi_cluster": "env", "center_x_m": 515300.0, "center_y_m": 3898100.0, "center_lon": -80.831868655134571, "center_lat": 35.225828480464529 }, "geometry": { "type": "Polygon", "coordinates": [ [ [ -80.832673442646467, 35.225742209268617 ], [ -80.832684099695342, 35.225741277527788 ], [ -80.832694816671591, 35.225741202066267 ], [ -80.832705491637242, 35.225741983601843 ], [ -80.83271602305399, 35.22574361470069 ], [ -80.832726310748896, 35.225746079848079 ], [ -80.832736256867193, 35.225749355595987 ], [ -80.832745766803185, 35.225753410786083 ], [ -80.832754750099951, 35.225758206846116 ], [ -80.832763121309867, 35.225763698156811 ], [ -80.832770800807296, 35.225769832485774 ], [ -80.83277771554603, 35.22577655148433 ], [ -80.832783799754054, 35.225783791242506 ], [ -80.832788995559184, 35.225791482896916 ], [ -80.832793253539521, 35.225799553285839 ], [ -80.83279653319353, 35.225807925645029 ], [ -80.832798803325403, 35.225816520337943 ], [ -80.832800042341646, 35.225825255613223 ], [ -80.832800238456599, 35.225834048382239 ], [ -80.832799389804535, 35.225842815009536 ], [ -80.832797504457361, 35.225851472108211 ], [ -80.832794600347881, 35.225859937333205 ], [ -80.832790705099285, 35.225868130164493 ], [ -80.832785855762324, 35.225875972673009 ], [ -80.83278009846299, 35.22588339026187 ], [ -80.832773487963692, 35.225890312375967 ], [ -80.832766087142446, 35.22589667317304 ], [ -80.832757966394723, 35.225902412150027 ], [ -80.83274920296391, 35.22590747471849 ], [ -80.83273988020656, 35.225911812723922 ], [ -80.832730086799529, 35.225915384903729 ], [ -80.832719915896462, 35.225918157279793 ], [ -80.831929715118278, 35.226098957467684 ], [ -80.831919308045286, 35.226100897143432 ], [ -80.831908720750661, 35.226101999311638 ], [ -80.83189805309074, 35.226102253576961 ], [ -80.831887405679865, 35.226101657541264 ], [ -80.831876878941387, 35.226100216826183 ], [ -80.831866572160493, 35.226097945020115 ], [ -80.831856582547772, 35.226094863550081 ], [ -80.831847004322356, 35.226091001479674 ], [ -80.831837927823258, 35.226086395234773 ], [ -80.83182943865728, 35.226081088260187 ], [ -80.831821616891659, 35.226075130609736 ], [ -80.831814536298836, 35.226068578474241 ], [ -80.83180826366069, 35.226061493651493 ], [ -80.831802858138673, 35.226053942963453 ], [ -80.831798370715788, 35.226045997625953 ], [ -80.831794843715784, 35.226037732577005 ], [ -80.831792310403955, 35.226029225770006 ], [ -80.831774110502437, 35.225952025754282 ], [ -80.831772561558239, 35.225943062929815 ], [ -80.831772115612324, 35.225934017834071 ], [ -80.831772777158875, 35.225924981629888 ], [ -80.831774539530016, 35.225916045390534 ], [ -80.831777384962962, 35.225907299181664 ], [ -80.831781284779112, 35.225898831153692 ], [ -80.83178619967309, 35.225890726653304 ], [ -80.831792080108912, 35.225883067363235 ], [ -80.831798866819199, 35.22587593047912 ], [ -80.831806491402631, 35.22586938793134 ], [ -80.831814877013244, 35.2258635056602 ], [ -80.831823939134978, 35.22585834295122 ], [ -80.831833586433518, 35.225853951837699 ], [ -80.831843721676748, 35.22585037657624 ], [ -80.831854242714769, 35.22584765320078 ], [ -80.831865043509453, 35.225845809159289 ], [ -80.832673442646467, 35.225742209268617 ] ] ] } },
{ "type": "Feature", "properties": { "centroid_id": 177, "poi_count": 4, "mean_dist_m": 43.191399445098028, "max_dist_m": 71.766136481275709, "poi_cluster_labels": "env", "dominant_poi_cluster": "env", "center_x_m": 515300.0, "center_y_m": 3898250.0, "center_lon": -80.831865865069403, "center_lat": 35.227181040235109 }, "geometry": { "type": "Polygon", "coordinates": [ [ [ -80.831623065662654, 35.226498402091373 ], [ -80.831629108270718, 35.226491148519983 ], [ -80.831635982529534, 35.226484411946025 ], [ -80.831643623170422, 35.226478256330786 ], [ -80.831651957648191, 35.226472740119483 ], [ -80.831660906829995, 35.226467915686463 ], [ -80.83167038574669, 35.226463828837893 ], [ -80.831680304399484, 35.22646051837684 ], [ -80.831690568614533, 35.226458015734856 ], [ -80.831701080937037, 35.226456344673586 ], [ -80.831711741556518, 35.22645552105908 ], [ -80.831722449254528, 35.226455552711279 ], [ -80.83173310236559, 35.226456439329631 ], [ -80.831743599742509, 35.226458172496038 ], [ -80.831753841716733, 35.226460735754763 ], [ -80.831763731044617, 35.22646410476866 ], [ -80.83177317383074, 35.226468247550201 ], [ -80.831782080419373, 35.226473124765299 ], [ -80.831790366245755, 35.22647869010661 ], [ -80.831797952638951, 35.226484890733353 ], [ -80.831804767568855, 35.226491667772891 ], [ -80.831810746330049, 35.226498956879773 ], [ -80.831815832156195, 35.226506688846655 ], [ -80.831819976758979, 35.226514790261348 ], [ -80.831823140786653, 35.226523184203884 ], [ -80.831977841391137, 35.227017784071364 ], [ -80.831980019843314, 35.22702652393037 ], [ -80.831981135172981, 35.22703539764511 ], [ -80.831981176463444, 35.227044318363674 ], [ -80.831980143310204, 35.227053198773973 ], [ -80.831978045824997, 35.227061951958468 ], [ -80.831974904536722, 35.227070492244778 ], [ -80.831970750190663, 35.227078736044291 ], [ -80.831965623447445, 35.227086602670241 ], [ -80.831959574485182, 35.227094015127435 ], [ -80.831952662508314, 35.227100900865892 ], [ -80.831944955168154, 35.227107192490919 ], [ -80.831936527900723, 35.227112828422712 ], [ -80.83154282773809, 35.227350528631227 ], [ -80.831533931691069, 35.227355371393863 ], [ -80.831524504940347, 35.227359482998146 ], [ -80.831514636453704, 35.227362824639549 ], [ -80.831504419367931, 35.227365364780312 ], [ -80.831493950109916, 35.227367079447085 ], [ -80.831483327486467, 35.227367952457158 ], [ -80.831472651751895, 35.227367975571248 ], [ -80.831462023661715, 35.227367148571183 ], [ -80.831451543521837, 35.227365479262055 ], [ -80.831441310241757, 35.227362983398486 ], [ -80.831431420401216, 35.227359684535941 ], [ -80.831421967338557, 35.227355613808456 ], [ -80.831413040269837, 35.227350809634757 ], [ -80.831404723446923, 35.227345317355699 ], [ -80.831397095362192, 35.227339188806297 ], [ -80.83139022800782, 35.227332481826608 ], [ -80.831384186196303, 35.22732525971572 ], [ -80.831379026948795, 35.227317590634463 ], [ -80.831374798956944, 35.22730954696199 ], [ -80.831371542123378, 35.227301204612829 ], [ -80.831369287185112, 35.227292642320279 ], [ -80.831303587606399, 35.226967342263414 ], [ -80.831302320615393, 35.226958193531189 ], [ -80.831302197259689, 35.226948986475293 ], [ -80.831303218825155, 35.226939817098383 ], [ -80.831305374659493, 35.226930781010218 ], [ -80.831308642283261, 35.226921972430688 ], [ -80.831312987624429, 35.226913483207426 ], [ -80.831318365373505, 35.226905401858055 ], [ -80.831623065662654, 35.226498402091373 ] ] ] } },
{ "type": "Feature", "properties": { "centroid_id": 181, "poi_count": 1, "mean_dist_m": 42.314009593010056, "max_dist_m": 42.314009593010056, "poi_cluster_labels": "env", "dominant_poi_cluster": "env", "center_x_m": 515325.0, "center_y_m": 3898675.0, "center_lon": -80.831583218034126, "center_lat": 35.231012909332243 }, "geometry": { "type": "Polygon", "coordinates": [ [ [ -80.831089403376836, 35.231228046699783 ], [ -80.831089950878209, 35.231219209176061 ], [ -80.831091551471062, 35.231210458239346 ], [ -80.831094189740455, 35.231201878165898 ], [ -80.831097840278119, 35.231193551586443 ], [ -80.831102467927124, 35.231185558690406 ], [ -80.831108028120468, 35.231177976453637 ], [ -80.831114467310286, 35.231170877897078 ], [ -80.831121723483562, 35.231164331383617 ], [ -80.831129726759343, 35.231158399959575 ], [ -80.831138400061747, 35.231153140747701 ], [ -80.831147659862239, 35.231148604396942 ], [ -80.831157416984041, 35.231144834594694 ], [ -80.831167577460945, 35.231141867646123 ], [ -80.831178043442279, 35.23113973212449 ], [ -80.831188714135237, 35.231138448595935 ], [ -80.831199486775517, 35.231138029421544 ], [ -80.831210257617059, 35.231138478638151 ], [ -80.831220922931124, 35.231139791919603 ], [ -80.831231380005207, 35.231141956618281 ], [ -80.831241528132296, 35.23114495188706 ], [ -80.831251269580633, 35.231148748879917 ], [ -80.831260510534946, 35.231153311029871 ], [ -80.831269161999984, 35.231158594401045 ], [ -80.831277140657477, 35.231164548111792 ], [ -80.831284369668651, 35.231171114824804 ], [ -80.831290779414132, 35.231178231299147 ], [ -80.831296308164454, 35.231185828999429 ], [ -80.83130090267457, 35.231193834755771 ], [ -80.831304518696612, 35.231202171468468 ], [ -80.831307121406056, 35.231210758850494 ], [ -80.831308685737085, 35.231219514200738 ], [ -80.831309196623991, 35.231228353200429 ], [ -80.831308649146322, 35.231237190725174 ], [ -80.831307048576249, 35.231245941664795 ], [ -80.831304410327803, 35.231254521742883 ], [ -80.831300759808443, 35.231262848328527 ], [ -80.83129613217443, 35.231270841232089 ], [ -80.831290571992184, 35.23127842347742 ], [ -80.831284132809131, 35.23128552204323 ], [ -80.831276876638029, 35.231292068566319 ], [ -80.831268873359761, 35.231298 ], [ -80.831260200050266, 35.231303259221015 ], [ -80.831250940238405, 35.231307795580243 ], [ -80.831241183101355, 35.231311565389881 ], [ -80.83123102260592, 35.231314532344499 ], [ -80.831220556603483, 35.231316667870594 ], [ -80.831209885887674, 35.231317951401842 ], [ -80.831199113223661, 35.231318370577092 ], [ -80.831188342358402, 35.231317921359427 ], [ -80.831177677021586, 35.23131660807509 ], [ -80.831167219926542, 35.231314443371772 ], [ -80.831157071781149, 35.231311448096797 ], [ -80.831147330317805, 35.231307651096415 ], [ -80.831138089352379, 35.231303088937914 ], [ -80.831129437880591, 35.231297805557482 ], [ -80.831121459220924, 35.231291851837121 ], [ -80.831114230212236, 35.231285285114517 ], [ -80.831107820473832, 35.231278168630965 ], [ -80.831102291734894, 35.23127057092222 ], [ -80.83109769724004, 35.231262565158488 ], [ -80.831094081236515, 35.231254228439759 ], [ -80.83109147854816, 35.23124564105327 ], [ -80.831089914239996, 35.231236885700312 ], [ -80.831089403376836, 35.231228046699783 ] ] ] } }
]
}
