osm_id,name,lat,lon,tags,amenity,shop,leisure,tourism,office,public_transport,healthcare,craft,stations_in_radius,stations_in_radius_dist_m
357772806,First Ward Elementary School,35.2281982,-80.8334044,"{'amenity': 'school', 'ele': '228', 'gnis:feature_id': '985094', 'name': 'First Ward Elementary School', 'wheelchair': 'yes'}",school,,,,,,,,"9th Street,7th Street","220.95,437.32"
367908585,Charlotte Fire Department Station 4,35.2320179,-80.8391286,"{'addr:city': 'Charlotte', 'addr:housenumber': '525', 'addr:postcode': '28202', 'addr:state': 'NC', 'addr:street': 'North Church Street', 'amenity': 'fire_station', 'ele': '232', 'gnis:feature_id': '1986150', 'name': 'Charlotte Fire Department Station 4', 'source': 'USGS Geonames;local knowledge;aerial imagery'}",fire_station,,,,,,,,9th Street,455.21
957284836,6th Street,35.2266274,-80.8334557,"{'amenity': 'parking', 'name': '6th Street', 'wheelchair': 'yes'}",parking,,,,,,,,"9th Street,7th Street","368.59,424.11"
4001585783,Aroma,35.2298783,-80.8395114,"{'addr:city': 'Charlotte', 'addr:housenumber': '401', 'addr:postcode': '28202', 'addr:state': 'NC', 'addr:street': 'North Tryon Street', 'addr:unit': 'Suite 106', 'amenity': 'restaurant', 'cuisine': 'indian', 'name': 'Aroma', 'not:brand:wikidata': 'Q2909872'}",restaurant,,,,,,,,"7th Street,9th Street","323.04,411.0"
4001610982,,35.2297382,-80.8396061,"{'amenity': 'bicycle_parking', 'bicycle_parking': 'stands', 'capacity': '2'}",bicycle_parking,,,,,,,,"7th Street,9th Street","312.71,419.16"
4001610992,,35.2295043,-80.8400177,{'amenity': 'waste_basket'},waste_basket,,,,,,,,"7th Street,9th Street","309.7,457.11"
6532532810,7th Restaurant & Lounge,35.2261341,-80.8360898,"{'addr:city': 'Charlotte', 'addr:housenumber': '321', 'addr:state': 'NC', 'addr:street': 'North Caldwell Street', 'amenity': 'restaurant', 'name': '7th Restaurant & Lounge'}",restaurant,,,,,,,,"7th Street,9th Street","215.98,407.71"
9267613529,,35.2273931,-80.8363229,"{'amenity': 'bench', 'armrest': 'yes', 'backrest': 'yes', 'direction': '323', 'material': 'wood'}",bench,,,,,,,,"7th Street,9th Street","159.24,282.74"
9267613530,,35.2275849,-80.8360686,"{'amenity': 'bench', 'armrest': 'yes', 'backrest': 'yes', 'material': 'wood'}",bench,,,,,,,,"7th Street,9th Street","185.68,253.92"
9267613531,,35.2278173,-80.8359738,"{'amenity': 'bench', 'armrest': 'yes', 'backrest': 'yes', 'material': 'wood'}",bench,,,,,,,,"7th Street,9th Street","201.07,226.82"
9267613532,,35.2279177,-80.8362047,"{'amenity': 'bench', 'armrest': 'yes', 'backrest': 'yes', 'material': 'wood'}",bench,,,,,,,,"7th Street,9th Street","185.72,226.02"
9267613533,,35.2280345,-80.836226,"{'amenity': 'bench', 'armrest': 'yes', 'backrest': 'yes', 'material': 'wood'}",bench,,,,,,,,"7th Street,9th Street","189.77,215.78"
9267613534,,35.2279248,-80.836606,"{'amenity': 'bench', 'backrest': 'yes'}",bench,,,,,,,,"7th Street,9th Street","153.67,245.18"
9267613535,,35.2280331,-80.8367858,"{'amenity': 'bench', 'backrest': 'yes'}",bench,,,,,,,,"7th Street,9th Street","146.89,246.13"
9267613536,,35.2280764,-80.8364285,"{'amenity': 'bench', 'backrest': 'yes'}",bench,,,,,,,,"7th Street,9th Street","176.24,222.08"
9267613537,,35.2282826,-80.8362438,"{'amenity': 'bench', 'armrest': 'yes', 'backrest': 'yes', 'material': 'wood'}",bench,,,,,,,,"9th Street,7th Street","193.7,202.98"
9267613538,,35.228302,-80.8359843,"{'amenity': 'bench', 'armrest': 'yes', 'backrest': 'yes', 'material': 'wood'}",bench,,,,,,,,"9th Street,7th Street","179.05,223.78"
9267613539,,35.2281747,-80.8360596,"{'amenity': 'bench', 'armrest': 'yes', 'backrest': 'yes', 'material': 'wood'}",bench,,,,,,,,"9th Street,7th Street","194.71,210.58"
9267613540,,35.2284055,-80.8363923,"{'amenity': 'bench', 'backrest': 'yes'}",bench,,,,,,,,"9th Street,7th Street","191.47,200.79"
9267613541,,35.2280715,-80.8359485,"{'amenity': 'bench', 'armrest': 'yes', 'backrest': 'yes', 'material': 'wood'}",bench,,,,,,,,"9th Street,7th Street","200.17,214.09"
9267613542,,35.2278255,-80.8357588,"{'amenity': 'bench', 'armrest': 'yes', 'backrest': 'yes', 'material': 'wood'}",bench,,,,,,,,"9th Street,7th Street","219.05,219.91"
9875353335,,35.2323819,-80.8377253,{'amenity': 'parking_entrance'},parking_entrance,,,,,,,,9th Street,387.25
9875353339,,35.2320586,-80.8381757,{'amenity': 'parking_entrance'},parking_entrance,,,,,,,,9th Street,389.77
10768887605,Queen City Grounds,35.2325716,-80.8374801,"{'addr:housenumber': '644', 'addr:postcode': '28202', 'addr:street': 'North Church Street', 'amenity': 'cafe', 'internet_access': 'wlan', 'name': 'Queen City Grounds', 'phone': '+1-704-324-3231', 'website': 'https://queencitygrounds.com/'}",cafe,,,,,,,,9th Street,390.32
10827650701,,35.2329068,-80.839814,"{'amenity': 'fountain', 'indoor': 'no', 'seasonal': 'spring;summer;autumn'}",fountain,,,,,,,,9th Street,564.24
10972319438,,35.2274034,-80.8363056,"{'amenity': 'bench', 'armrest': 'yes', 'backrest': 'yes', 'direction': '323', 'material': 'wood'}",bench,,,,,,,,"7th Street,9th Street","160.94,281.04"
10972319440,WFAE,35.2277364,-80.8373132,"{'amenity': 'studio', 'name': 'WFAE', 'studio': 'radio'}",studio,,,,,,,,"7th Street,9th Street","88.87,302.87"
10972319448,Duckworth’s,35.2293175,-80.8397309,"{'amenity': 'restaurant', 'name': 'Duckworth’s'}",restaurant,,,,,,,,"7th Street,9th Street","277.9,432.58"
10972350809,,35.2272489,-80.8365849,"{'amenity': 'bench', 'armrest': 'yes', 'backrest': 'yes', 'material': 'wood'}",bench,,,,,,,,"7th Street,9th Street,CTC/Arena","134.27,307.72,503.39"
10972350810,,35.2276345,-80.8361351,"{'amenity': 'bench', 'backrest': 'yes', 'material': 'wood'}",bench,,,,,,,,"7th Street,9th Street","181.09,251.28"
10972350811,,35.2272764,-80.8366969,"{'amenity': 'bench', 'armrest': 'yes', 'backrest': 'yes', 'material': 'wood'}",bench,,,,,,,,"7th Street,9th Street,CTC/Arena","124.2,309.98,496.11"
10972350812,,35.227259,-80.8365574,"{'amenity': 'bench', 'armrest': 'yes', 'backrest': 'yes', 'material': 'wood'}",bench,,,,,,,,"7th Street,9th Street,CTC/Arena","136.8,305.56,506.12"
10972350813,,35.2272418,-80.8365826,"{'amenity': 'bench', 'armrest': 'yes', 'backrest': 'yes', 'material': 'wood'}",bench,,,,,,,,"7th Street,9th Street,CTC/Arena","134.46,308.32,503.18"
10972350815,,35.2274695,-80.8363998,"{'amenity': 'bench', 'armrest': 'yes', 'backrest': 'yes', 'material': 'wood'}",bench,,,,,,,,"7th Street,9th Street","153.59,278.23"
10972350817,,35.227835,-80.8360033,"{'amenity': 'bench', 'armrest': 'yes', 'backrest': 'yes', 'material': 'wood'}",bench,,,,,,,,"7th Street,9th Street","199.2,226.08"
10972350819,,35.2279273,-80.8362392,"{'amenity': 'bench', 'armrest': 'yes', 'backrest': 'yes', 'material': 'wood'}",bench,,,,,,,,"7th Street,9th Street","183.32,226.64"
10972350820,,35.2273007,-80.8367037,"{'amenity': 'bench', 'armrest': 'yes', 'backrest': 'yes', 'material': 'wood'}",bench,,,,,,,,"7th Street,9th Street,CTC/Arena","123.75,307.95,496.95"
10972350821,,35.2272532,-80.8365532,"{'amenity': 'bench', 'armrest': 'yes', 'backrest': 'yes', 'material': 'wood'}",bench,,,,,,,,"7th Street,9th Street,CTC/Arena","137.17,305.95,506.13"
10972350823,,35.2272803,-80.8366929,"{'amenity': 'bench', 'armrest': 'yes', 'backrest': 'yes', 'material': 'wood'}",bench,,,,,,,,"7th Street,9th Street,CTC/Arena","124.58,309.42,496.64"
10972350824,,35.2272462,-80.8366119,"{'amenity': 'bench', 'armrest': 'yes', 'backrest': 'yes', 'material': 'wood'}",bench,,,,,,,,"7th Street,9th Street,CTC/Arena","131.81,309.14,501.11"
10972350825,,35.2272985,-80.8367095,"{'amenity': 'bench', 'armrest': 'yes', 'backrest': 'yes', 'material': 'wood'}",bench,,,,,,,,"7th Street,9th Street,CTC/Arena","123.2,308.43,496.38"
10972350826,,35.2276156,-80.8360867,"{'amenity': 'bench', 'armrest': 'yes', 'backrest': 'yes', 'material': 'wood'}",bench,,,,,,,,"7th Street,9th Street","184.85,251.42"
10972350827,,35.2276015,-80.8360497,"{'amenity': 'bench', 'armrest': 'yes', 'backrest': 'yes', 'material': 'wood'}",bench,,,,,,,,"7th Street,9th Street","187.76,251.57"
10972350828,,35.2272638,-80.8366732,"{'amenity': 'bench', 'armrest': 'yes', 'backrest': 'yes', 'material': 'wood'}",bench,,,,,,,,"7th Street,9th Street,CTC/Arena","126.29,310.12,497.26"
10972350830,,35.2272395,-80.8366142,"{'amenity': 'bench', 'armrest': 'yes', 'backrest': 'yes', 'material': 'wood'}",bench,,,,,,,,"7th Street,9th Street,CTC/Arena","131.58,309.89,500.56"
10972350832,,35.2272577,-80.8366774,"{'amenity': 'bench', 'armrest': 'yes', 'backrest': 'yes', 'material': 'wood'}",bench,,,,,,,,"7th Street,9th Street,CTC/Arena","125.88,310.9,496.59"
10972350833,,35.2274516,-80.836422,"{'amenity': 'bench', 'armrest': 'yes', 'backrest': 'yes', 'material': 'wood'}",bench,,,,,,,,"7th Street,9th Street","151.25,280.93"
10977961150,,35.2327177,-80.8381417,"{'amenity': 'bench', 'armrest': 'yes', 'backrest': 'yes', 'material': 'metal'}",bench,,,,,,,,9th Street,440.14
10977961156,Pizzeria Sapienza CLT,35.2319206,-80.8384709,"{'amenity': 'fast_food', 'cuisine': 'pizza', 'name': 'Pizzeria Sapienza CLT', 'website': 'https://sapienzaclt.com'}",fast_food,,,,,,,,9th Street,400.5
10977961157,,35.2328957,-80.838136,"{'amenity': 'bench', 'armrest': 'yes', 'backrest': 'yes', 'material': 'metal'}",bench,,,,,,,,9th Street,455.01
10981654648,,35.2328813,-80.8390554,"{'amenity': 'bench', 'armrest': 'no', 'backrest': 'yes', 'material': 'metal'}",bench,,,,,,,,9th Street,510.54
10981654673,,35.2315324,-80.8395359,{'amenity': 'fountain'},fountain,,,,,,,,9th Street,460.06
11023996516,,35.2306959,-80.8395593,{'amenity': 'parking_entrance'},parking_entrance,,,,,,,,9th Street,429.33
11067241526,Charlotte Ballet,35.2323052,-80.8365005,"{'amenity': 'theatre', 'dance:teaching': 'yes', 'name': 'Charlotte Ballet', 'theatre:genre': 'ballet'}",theatre,,,,,,,,9th Street,319.56
11067241531,Uptown Veterinary Hospital,35.2322826,-80.8380148,"{'amenity': 'veterinary', 'name': 'Uptown Veterinary Hospital', 'opening_hours': 'Mo-Fr 08:00-18:00; Sa 10:00-14:00'}",veterinary,,,,,,,,9th Street,396.6
11076374513,,35.2283177,-80.8360286,{'amenity': 'waste_basket'},waste_basket,,,,,,,,"9th Street,7th Street","179.61,221.34"
11076374514,,35.2281231,-80.8360017,{'amenity': 'waste_basket'},waste_basket,,,,,,,,"9th Street,7th Street","197.21,212.4"
11076374516,,35.2279408,-80.8356657,"{'access': 'yes', 'amenity': 'drinking_water', 'bottle': 'yes', 'fee': 'no', 'seasonal': 'spring;summer;autumn'}",drinking_water,,,,,,,,"9th Street,7th Street","204.28,232.08"
11076374517,,35.2281199,-80.8359978,"{'amenity': 'recycling', 'recycling_type': 'container'}",recycling,,,,,,,,"9th Street,7th Street","197.36,212.54"
11076374518,,35.2278072,-80.8357459,"{'amenity': 'bench', 'armrest': 'yes', 'backrest': 'yes', 'material': 'wood'}",bench,,,,,,,,"7th Street,9th Street","220.42,220.61"
11076374519,,35.2283204,-80.836037,"{'amenity': 'recycling', 'recycling_type': 'container'}",recycling,,,,,,,,"9th Street,7th Street","179.76,220.87"
11076374520,,35.2282925,-80.8362683,"{'amenity': 'bench', 'armrest': 'yes', 'backrest': 'yes', 'material': 'wood'}",bench,,,,,,,,"9th Street,7th Street","194.13,201.82"
11076374521,,35.2278288,-80.8356803,{'amenity': 'waste_basket'},waste_basket,,,,,,,,"9th Street,7th Street","216.55,226.83"
11076374522,,35.2280186,-80.8358438,"{'amenity': 'vending_machine', 'bin': 'no', 'fee': 'no', 'vending': 'excrement_bags'}",vending_machine,,,,,,,,"9th Street,7th Street","201.66,220.26"
11076374524,,35.2278221,-80.8356761,"{'amenity': 'recycling', 'recycling_type': 'container'}",recycling,,,,,,,,"9th Street,7th Street","217.16,226.98"
11077054069,,35.2290588,-80.8360962,"{'access': 'yes', 'amenity': 'bicycle_parking', 'bicycle_parking': 'stands', 'capacity': '8', 'covered': 'no'}",bicycle_parking,,,,,,,,"9th Street,7th Street","122.5,271.14"
11077054070,,35.2285713,-80.8365969,"{'access': 'yes', 'amenity': 'bicycle_parking', 'bicycle_parking': 'stands', 'capacity': '6', 'covered': 'no', 'foot_traffic': 'medium', 'indoor': 'no'}",bicycle_parking,,,,,,,,"9th Street,7th Street","191.79,200.46"
11077054071,,35.2287664,-80.8364275,"{'amenity': 'bench', 'armrest': 'yes', 'backrest': 'yes', 'material': 'wood'}",bench,,,,,,,,"9th Street,7th Street","166.11,226.89"
11077054075,,35.229204,-80.8358635,"{'amenity': 'bench', 'armrest': 'yes', 'backrest': 'yes', 'material': 'wood'}",bench,,,,,,,,"9th Street,7th Street","95.92,297.26"
11077054076,,35.2287405,-80.8364616,"{'amenity': 'bench', 'armrest': 'yes', 'backrest': 'yes', 'material': 'wood'}",bench,,,,,,,,"9th Street,7th Street","170.33,222.69"
11077054077,,35.2291113,-80.8359816,"{'amenity': 'bench', 'armrest': 'yes', 'backrest': 'yes', 'material': 'wood'}",bench,,,,,,,,"9th Street,7th Street","110.64,282.42"
11077054078,,35.2291756,-80.8359007,"{'amenity': 'bench', 'armrest': 'yes', 'backrest': 'yes', 'material': 'wood'}",bench,,,,,,,,"9th Street,7th Street","100.5,292.65"
11077054079,,35.2287131,-80.8364976,"{'amenity': 'bench', 'armrest': 'yes', 'backrest': 'yes', 'material': 'wood'}",bench,,,,,,,,"9th Street,7th Street","174.79,218.25"
11077054081,,35.2286819,-80.836538,"{'amenity': 'bench', 'armrest': 'yes', 'backrest': 'yes', 'material': 'wood'}",bench,,,,,,,,"9th Street,7th Street","179.82,213.23"
11077054082,,35.2291478,-80.835937,"{'amenity': 'bench', 'armrest': 'yes', 'backrest': 'yes', 'material': 'wood'}",bench,,,,,,,,"9th Street,7th Street","104.98,288.15"
11077200109,,35.2299558,-80.8369401,"{'amenity': 'vending_machine', 'vending': 'parking_tickets'}",vending_machine,,,,,,,,"9th Street,7th Street","178.81,320.06"
11077723572,Crunch Bistro,35.2301878,-80.8390824,"{'amenity': 'cafe', 'name': 'Crunch Bistro'}",cafe,,,,,,,,9th Street,375.4
11083011683,,35.2282388,-80.8378452,"{'amenity': 'vending_machine', 'vending': 'parking_tickets'}",vending_machine,,,,,,,,"7th Street,9th Street,CTC/Arena","114.66,305.44,482.77"
11083113695,Jimmy John's,35.2278406,-80.8395218,"{'addr:city': 'Charlotte', 'addr:housenumber': '300', 'addr:postcode': '28202', 'addr:state': 'NC', 'addr:street': 'North College Street', 'addr:unit': '100', 'amenity': 'fast_food', 'brand': ""Jimmy John's"", 'brand:wikidata': 'Q1689380', 'cuisine': 'sandwich', 'name': ""Jimmy John's"", 'official_name': ""Jimmy John's Gourmet Sandwiches"", 'phone': '+1 980-819-5351', 'takeaway': 'yes', 'website': 'https://locations.jimmyjohns.com/nc/charlotte/sandwiches-4131.html'}",fast_food,,,,,,,,"7th Street,CTC/Arena,9th Street","149.77,357.97,460.25"
11083113696,Sabor,35.2277542,-80.8394499,"{'amenity': 'fast_food', 'cuisine': 'mexican', 'name': 'Sabor'}",fast_food,,,,,,,,"7th Street,CTC/Arena,9th Street","139.67,352.8,458.84"
11096399451,,35.2269081,-80.8364925,"{'amenity': 'vending_machine', 'vending': 'parking_tickets'}",vending_machine,,,,,,,,"7th Street,9th Street,CTC/Arena","146.78,338.1,493.36"
11097399773,,35.2303941,-80.8386782,"{'amenity': 'bench', 'armrest': 'yes', 'backrest': 'yes', 'material': 'wood'}",bench,,,,,,,,9th Street,343.44
11098808614,Momo Station,35.2276099,-80.8379741,"{'amenity': 'fast_food', 'cuisine': 'indian', 'name': 'Momo Station'}",fast_food,,,,,,,,"7th Street,9th Street,CTC/Arena","43.94,356.33,424.74"
11098808615,,35.2276524,-80.8379211,"{'amenity': 'fast_food', 'cuisine': 'juice'}",fast_food,,,,,,,,"7th Street,9th Street,CTC/Arena","49.59,349.6,431.48"
11098808617,,35.2276933,-80.8379652,"{'amenity': 'fast_food', 'cuisine': 'popcorn'}",fast_food,,,,,,,,"7th Street,9th Street,CTC/Arena","53.19,349.76,431.68"
11151906105,,35.2291686,-80.8353791,"{'amenity': 'bicycle_parking', 'bicycle_parking': 'stands', 'capacity': '8', 'covered': 'no'}",bicycle_parking,,,,,,,,"9th Street,7th Street","68.29,325.91"
11151907805,,35.229127,-80.8353272,"{'amenity': 'bicycle_parking', 'bicycle_parking': 'stands', 'capacity': '6', 'covered': 'no'}",bicycle_parking,,,,,,,,"9th Street,7th Street","70.18,326.45"
11151907806,,35.2290963,-80.8352936,"{'amenity': 'bicycle_parking', 'bicycle_parking': 'stands', 'capacity': '6', 'covered': 'no'}",bicycle_parking,,,,,,,,"9th Street,7th Street","72.08,326.6"
11152216998,,35.2292852,-80.8399728,"{'amenity': 'bicycle_parking', 'bicycle_parking': 'stands', 'capacity': '2'}",bicycle_parking,,,,,,,,"7th Street,9th Street","287.67,454.84"
11152216999,,35.2299868,-80.8392514,"{'amenity': 'bicycle_parking', 'bicycle_parking': 'stands', 'capacity': '2', 'covered': 'no'}",bicycle_parking,,,,,,,,"7th Street,9th Street","325.43,388.17"
11152217000,,35.2303366,-80.8384963,"{'amenity': 'bicycle_parking', 'bicycle_parking': 'stands', 'capacity': '2'}",bicycle_parking,,,,,,,,9th Street,325.89
11152217001,,35.2305422,-80.8384847,"{'amenity': 'bicycle_parking', 'bicycle_parking': 'stands', 'capacity': '2'}",bicycle_parking,,,,,,,,9th Street,330.56
11152217002,,35.2308655,-80.8380253,"{'amenity': 'bicycle_parking', 'bicycle_parking': 'stands', 'capacity': '2', 'covered': 'no'}",bicycle_parking,,,,,,,,9th Street,304.12
11152217003,,35.2307862,-80.8378518,"{'amenity': 'bicycle_parking', 'bicycle_parking': 'stands', 'capacity': '2', 'covered': 'no'}",bicycle_parking,,,,,,,,9th Street,286.1
11203593737,,35.2263857,-80.8379289,"{'access': 'yes', 'amenity': 'bicycle_parking', 'bicycle_parking': 'stands', 'capacity': '4', 'covered': 'partial', 'foot_traffic': 'low'}",bicycle_parking,,,,,,,,"7th Street,CTC/Arena,9th Street","93.29,350.45,454.02"
11208935639,,35.2277559,-80.8399744,"{'access': 'yes', 'amenity': 'bicycle_parking', 'bicycle_parking': 'stands', 'capacity': '2'}",bicycle_parking,,,,,,,,"7th Street,CTC/Arena,9th Street","184.07,331.67,501.38"
11208964537,,35.2277894,-80.8395865,"{'access': 'yes', 'amenity': 'bicycle_parking', 'bicycle_parking': 'rack', 'capacity': '2', 'covered': 'no', 'foot_traffic': 'medium', 'indoor': 'no'}",bicycle_parking,,,,,,,,"7th Street,CTC/Arena,9th Street","152.59,350.19,468.06"
11208967242,,35.2290329,-80.8372042,"{'access': 'yes', 'amenity': 'bicycle_parking', 'bicycle_parking': 'stands', 'capacity': '4', 'covered': 'no', 'foot_traffic': 'low', 'indoor': 'no'}",bicycle_parking,,,,,,,,"9th Street,7th Street","213.78,215.61"
11216160837,,35.2323013,-80.8368011,"{'access': 'yes', 'amenity': 'bicycle_parking', 'bicycle_parking': 'wave', 'capacity': '9', 'covered': 'no', 'foot_traffic': 'low', 'indoor': 'no'}",bicycle_parking,,,,,,,,9th Street,331.79
11218361537,,35.2321841,-80.8372567,"{'access': 'yes', 'amenity': 'bicycle_parking', 'bicycle_parking': 'stands', 'capacity': '4', 'covered': 'no', 'foot_traffic': 'low', 'indoor': 'no'}",bicycle_parking,,,,,,,,9th Street,343.6
11218363037,,35.2322476,-80.8373215,"{'access': 'yes', 'amenity': 'bicycle_parking', 'bicycle_parking': 'stands', 'capacity': '18', 'covered': 'yes', 'foot_traffic': 'low', 'indoor': 'no'}",bicycle_parking,,,,,,,,9th Street,352.77
11219131301,,35.229371,-80.8358298,"{'access': 'yes', 'amenity': 'bicycle_parking', 'bicycle_parking': 'stands', 'capacity': '8', 'covered': 'no'}",bicycle_parking,,,,,,,,"9th Street,7th Street","83.86,313.19"
11219131304,,35.2294594,-80.8359345,"{'access': 'yes', 'amenity': 'bicycle_parking', 'bicycle_parking': 'stands', 'capacity': '8', 'covered': 'no'}",bicycle_parking,,,,,,,,"9th Street,7th Street","89.12,314.78"
11219131306,,35.2295387,-80.8360277,"{'access': 'yes', 'amenity': 'bicycle_parking', 'bicycle_parking': 'stands', 'capacity': '8', 'covered': 'no'}",bicycle_parking,,,,,,,,9th Street,95.21
11258693637,,35.2274432,-80.8390869,"{'access': 'yes', 'amenity': 'bicycle_parking', 'bicycle_parking': 'stands', 'capacity': '2', 'covered': 'partial', 'foot_traffic': 'medium', 'indoor': 'no'}",bicycle_parking,,,,,,,,"7th Street,CTC/Arena,9th Street","96.67,342.55,448.27"
11258695537,,35.2270377,-80.8372281,"{'access': 'yes', 'amenity': 'bicycle_parking', 'bicycle_parking': 'bollard', 'capacity': '6', 'covered': 'no', 'foot_traffic': 'low', 'indoor': 'no'}",bicycle_parking,,,,,,,,"7th Street,9th Street,CTC/Arena","78.36,358.16,441.03"
11294418169,,35.2277363,-80.837181,"{'access': 'yes', 'amenity': 'bicycle_parking', 'bicycle_parking': 'stands', 'capacity': '6', 'covered': 'no', 'foot_traffic': 'medium', 'indoor': 'no'}",bicycle_parking,,,,,,,,"7th Street,9th Street","98.37,294.64"
11355293678,,35.2263431,-80.8381499,{'amenity': 'parking_entrance'},parking_entrance,,,,,,,,"7th Street,CTC/Arena,9th Street","97.59,330.34,469.84"
11467545569,,35.2315654,-80.8380601,"{'access': 'yes', 'amenity': 'bicycle_parking', 'bicycle_parking': 'wave', 'capacity': '7', 'covered': 'no', 'foot_traffic': 'medium', 'indoor': 'no'}",bicycle_parking,,,,,,,,9th Street,346.89
11529341271,,35.2286352,-80.83499,"{'access': 'yes', 'amenity': 'bicycle_parking', 'bicycle_parking': 'stands', 'capacity': '16', 'covered': 'no', 'foot_traffic': 'low', 'indoor': 'no'}",bicycle_parking,,,,,,,,"9th Street,7th Street","118.09,320.43"
11833480110,Cakeable Cafe,35.2299632,-80.8394478,"{'addr:city': 'Charlotte', 'addr:housenumber': '401', 'addr:postcode': '28202', 'addr:state': 'NC', 'addr:street': 'North Tryon Street', 'addr:unit': '106', 'amenity': 'cafe', 'cuisine': 'coffee_shop', 'name': 'Cakeable Cafe', 'website': 'https://wearecakeable.org'}",cafe,,,,,,,,"7th Street,9th Street","329.39,405.78"
11944001660,,35.2323485,-80.8361498,{'amenity': 'bicycle_parking'},bicycle_parking,,,,,,,,9th Street,311.8
12064958869,,35.2327801,-80.8391999,"{'access': 'yes', 'amenity': 'bicycle_parking', 'bicycle_parking': 'rack', 'capacity': '6', 'covered': 'no', 'indoor': 'no'}",bicycle_parking,,,,,,,,9th Street,512.57
12200268402,,35.2285842,-80.8365705,"{'amenity': 'vending_machine', 'bin': 'yes', 'fee': 'no', 'vending': 'excrement_bags'}",vending_machine,,,,,,,,"9th Street,7th Street","189.04,203.13"
12253985478,,35.227938,-80.8369021,{'amenity': 'drinking_water'},drinking_water,,,,,,,,"7th Street,9th Street","132.07,261.04"
12363254606,,35.2305981,-80.839285,{'amenity': 'parking_entrance'},parking_entrance,,,,,,,,9th Street,402.44
12566300626,,35.2284122,-80.8355194,"{'amenity': 'bench', 'backrest': 'yes', 'historic': 'memorial', 'memorial': 'bench'}",bench,,,,,,,,"9th Street,7th Street","150.44,266.33"
12638766035,Provided Coffee,35.2287009,-80.8345049,"{'amenity': 'cafe', 'cuisine': 'coffee_shop', 'email': 'providedcoffee@gmail.com', 'name': 'Provided Coffee', 'opening_hours': 'Tu-Su 08:00-14:00', 'phone': '+1-980-781-0045', 'website': 'https://www.providedcoffee.com'}",cafe,,,,,,,,"9th Street,7th Street","119.61,362.81"
12663354462,,35.2292809,-80.8353939,"{'amenity': 'bicycle_parking', 'bicycle_parking': 'stands', 'capacity': '8', 'covered': 'yes'}",bicycle_parking,,,,,,,,"9th Street,7th Street","58.69,333.31"
12861806494,,35.2264488,-80.8323868,{'amenity': 'bench'},bench,,,,,,,,9th Street,431.92
12861806495,,35.2264189,-80.8324265,{'amenity': 'bench'},bench,,,,,,,,9th Street,432.72
12861806496,,35.2265284,-80.8324813,{'amenity': 'waste_basket'},waste_basket,,,,,,,,9th Street,419.82
12861806497,,35.2260121,-80.8319002,{'amenity': 'bench'},bench,,,,,,,,9th Street,496.83
12861806498,,35.2259822,-80.8319398,{'amenity': 'bench'},bench,,,,,,,,9th Street,497.54
12861806499,,35.2259349,-80.831882,{'amenity': 'waste_basket'},waste_basket,,,,,,,,9th Street,504.83
13108176286,New Beginning Home Care,35.2272109,-80.8316791,"{'amenity': 'social_facility', 'name': 'New Beginning Home Care'}",social_facility,,,,,,,,9th Street,409.29
13108201693,,35.2276919,-80.8322166,{'amenity': 'bench'},bench,,,,,,,,9th Street,337.26
13108201694,,35.2276568,-80.8323055,{'amenity': 'bench'},bench,,,,,,,,9th Street,333.86
13265364295,,35.227789,-80.8381595,"{'amenity': 'bicycle_parking', 'bicycle_parking': 'rack', 'covered': 'yes'}",bicycle_parking,,,,,,,,"7th Street,9th Street,CTC/Arena","63.75,357.18,426.72"
120628264,Seventh Street Station Car Park,35.2275722,-80.8384746,"{'alt_name': '7th Street Station', 'amenity': 'parking', 'building': 'parking', 'height': '32', 'name': 'Seventh Street Station Car Park', 'parking': 'multi-storey'}",parking,,,,,,,,,
322278769,ImaginOn - The Joe & Joan Martin Center,35.2269433,-80.8376692,"{'addr:city': 'Charlotte', 'addr:county': 'Mecklenburg', 'addr:housenumber': '300', 'addr:postcode': '28202', 'addr:state': 'NC', 'addr:street': 'East 7th Street', 'amenity': 'library', 'building': 'yes', 'height': '27', 'internet_access': 'terminal', 'name': 'ImaginOn - The Joe & Joan Martin Center', 'nat_ref': 'C-MECKLENBURG-IM', 'operator': 'CML', 'operator:type': 'public', 'phone': '+1 704-416-4600', 'website': 'https://www.imaginon.org/', 'wikidata': 'Q69857334', 'wikipedia': 'en:ImaginOn'}",library,,,,,,,,,
322992977,300 North Brevard Street,35.2260228,-80.8369988,"{'access': 'yes', 'addr:city': 'Charlotte', 'addr:housenumber': '300', 'addr:postcode': '28202', 'addr:state': 'NC', 'addr:street': 'North Brevard Street', 'amenity': 'parking', 'fee': 'yes', 'name': '300 North Brevard Street', 'operator': 'Preferred Parking', 'parking': 'surface', 'surface': 'asphalt'}",parking,,,,,,,,"7th Street,CTC/Arena,9th Street","164.18,415.39,446.53"
322992978,418 East 7th Street,35.2261642,-80.8364083,"{'access': 'yes', 'addr:city': 'Charlotte', 'addr:housenumber': '418', 'addr:postcode': '28202', 'addr:state': 'NC', 'addr:street': 'East 7th Street', 'amenity': 'parking', 'fee': 'yes', 'name': '418 East 7th Street', 'operator': 'Preferred Parking', 'parking': 'surface', 'surface': 'asphalt'}",parking,,,,,,,,"7th Street,9th Street,CTC/Arena","190.53,412.53,471.37"
322992989,,35.2304687,-80.8348793,{'amenity': 'parking'},parking,,,,,,,,9th Street,85.95
322992990,,35.2313341,-80.8360577,"{'amenity': 'parking', 'parking': 'surface'}",parking,,,,,,,,9th Street,205.19
322992997,,35.2292652,-80.8343526,{'amenity': 'parking'},parking,,,,,,,,"9th Street,7th Street","76.13,406.52"
322993009,Victoria Yards,35.2284036,-80.8379761,"{'addr:city': 'Charlotte', 'addr:housenumber': '209', 'addr:postcode': '28202', 'addr:state': 'NC', 'addr:street': 'East 7th Street', 'amenity': 'events_venue', 'check_date': '2023-06-12', 'name': 'Victoria Yards', 'operator': 'Charlotte Center City Partners'}",events_venue,,,,,,,,"7th Street,9th Street,CTC/Arena","131.48,306.61,488.86"
322993013,401 East 7th Street,35.2268776,-80.8361154,"{'access': 'yes', 'addr:city': 'Charlotte', 'addr:housenumber': '401', 'addr:postcode': '28202', 'addr:state': 'NC', 'addr:street': 'East 7th Street', 'amenity': 'parking', 'fee': 'yes', 'name': '401 East 7th Street', 'operator': 'Preferred Parking', 'parking': 'surface', 'surface': 'asphalt'}",parking,,,,,,,,"7th Street,9th Street","180.99,329.05"
322993014,,35.2267744,-80.8335762,"{'amenity': 'parking', 'wheelchair': 'yes'}",parking,,,,,,,,9th Street,349.36
322993024,Lot #424,35.2288827,-80.8376349,"{'addr:city': 'Charlotte', 'addr:housenumber': '424', 'addr:postcode': '28202', 'addr:state': 'NC', 'addr:street': 'North College Street', 'amenity': 'parking', 'fee': 'yes', 'name': 'Lot #424', 'operator': 'Preferred Parking', 'parking': 'surface', 'surface': 'asphalt'}",parking,,,,,,,,"7th Street,9th Street","188.41,256.33"
397367279,First United Methodist Church,35.2307939,-80.8389969,"{'addr:city': 'Charlotte', 'addr:housenumber': '501', 'addr:postcode': '28202', 'addr:state': 'NC', 'addr:street': 'North Tryon Street', 'amenity': 'place_of_worship', 'building': 'yes', 'denomination': 'united_methodist', 'height': '31', 'name': 'First United Methodist Church', 'religion': 'christian', 'website': 'https://charlottefirst.org'}",place_of_worship,,,,,,,,9th Street,383.4
397369783,St. Peter's Episcopal Church,35.2298349,-80.8404661,"{'amenity': 'place_of_worship', 'building': 'church', 'denomination': 'episcopal', 'height': '15', 'name': ""St. Peter's Episcopal Church"", 'religion': 'christian'}",place_of_worship,,,,,,,,7th Street,363.37
398591585,First United Presbyterian Church,35.2286037,-80.8383165,"{'addr:city': 'Charlotte', 'addr:housenumber': '406', 'addr:postcode': '28202', 'addr:state': 'NC', 'addr:street': 'North College Street', 'amenity': 'place_of_worship', 'building': 'church', 'ele': '241', 'gnis:feature_id': '1985682', 'height': '18', 'name': 'First United Presbyterian Church', 'religion': 'christian', 'source': 'USGS Geonames'}",place_of_worship,,,,,,,,"7th Street,9th Street,CTC/Arena","155.22,325.36,487.8"
453558629,First Ward Creative Arts Academy,35.2290122,-80.8325623,"{'amenity': 'school', 'building': 'school', 'name': 'First Ward Creative Arts Academy', 'operator': 'Charlotte-Mecklenburg Schools', 'operator:short': 'CMS', 'operator:type': 'public', 'operator:wikidata': 'Q2944229'}",school,,,,,,,,,
468471045,Lot #219,35.2282195,-80.8373764,"{'addr:city': 'Charlotte', 'addr:housenumber': '219', 'addr:postcode': '28202', 'addr:state': 'NC', 'addr:street': 'East 7th Street', 'amenity': 'parking', 'fee': 'yes', 'name': 'Lot #219', 'operator': 'Preferred Parking', 'parking': 'surface', 'surface': 'asphalt'}",parking,,,,,,,,"7th Street,9th Street,CTC/Arena","127.11,271.51,510.76"
502755123,,35.2320728,-80.837788,"{'amenity': 'parking', 'building': 'yes', 'height': '21', 'parking': 'multi-storey'}",parking,,,,,,,,,
626310897,,35.2260529,-80.8346414,{'amenity': 'parking'},parking,,,,,,,,"7th Street,9th Street","336.94,405.78"
626310898,United House of Prayer for All People,35.2266537,-80.8320746,"{'amenity': 'place_of_worship', 'building': 'yes', 'denomination': 'pentecostal', 'name': 'United House of Prayer for All People', 'religion': 'christian'}",place_of_worship,,,,,,,,9th Street,430.11
835882584,,35.230163,-80.8332928,"{'amenity': 'parking', 'building': 'parking', 'parking': 'multi-storey'}",parking,,,,,,,,,
1004213264,,35.2281629,-80.8366654,"{'access': 'yes', 'amenity': 'toilets', 'building': 'yes', 'opening_hours': 'Mo-Su 09:00-sunset'}",toilets,,,,,,,,"7th Street,9th Street","164.44,228.09"
1004213283,,35.2283216,-80.8353752,"{'amenity': 'parking', 'layer': '-1', 'parking': 'underground'}",parking,,,,,,,,"9th Street,7th Street","156.63,273.15"
1004213293,,35.2280566,-80.8356909,{'amenity': 'fountain'},fountain,,,,,,,,"9th Street,7th Street","192.79,234.7"
1004216935,,35.2287657,-80.8357584,"{'access': 'yes', 'amenity': 'parking', 'fee': 'yes', 'parking': 'surface'}",parking,,,,,,,,9th Street,124.49
1047474980,,35.2287428,-80.8329988,"{'amenity': 'school', 'operator': 'Charlotte-Mecklenburg Schools', 'operator:short': 'CMS', 'operator:type': 'public', 'operator:wikidata': 'Q2944229', 'operator:wikipedia': 'en:Charlotte-Mecklenburg Schools'}",school,,,,,,,,9th Street,210.78
1047744375,422 East 9th Street,35.227588,-80.8346462,"{'access': 'yes', 'addr:city': 'Charlotte', 'addr:housenumber': '422', 'addr:postcode': '28202', 'addr:state': 'NC', 'addr:street': 'East 9th Street', 'amenity': 'parking', 'fee': 'yes', 'name': '422 East 9th Street', 'operator': 'Preferred Parking', 'parking': 'surface', 'surface': 'gravel'}",parking,,,,,,,,"9th Street,7th Street","236.42,313.32"
1047744389,418 East 6th Street,35.2257396,-80.837736,"{'access': 'permit', 'addr:city': 'Charlotte', 'addr:housenumber': '418', 'addr:postcode': '28202', 'addr:state': 'NC', 'addr:street': 'East 6th Street', 'amenity': 'parking', 'fee': 'yes', 'name': '418 East 6th Street', 'operator': 'Preferred Parking', 'parking': 'surface', 'surface': 'asphalt'}",parking,,,,,,,,"7th Street,CTC/Arena","166.8,342.48"
1098375127,,35.2288876,-80.8386545,"{'amenity': 'parking', 'parking': 'surface', 'surface': 'asphalt'}",parking,,,,,,,,"7th Street,9th Street,CTC/Arena","192.69,344.54,497.84"
1181049745,McNinch House,35.2316845,-80.8396523,"{'amenity': 'restaurant', 'building': 'house', 'name': 'McNinch House', 'phone': '+1 704 332 6159', 'reservation': 'required'}",restaurant,,,,,,,,9th Street,477.13
1181513185,,35.2270974,-80.8367814,"{'amenity': 'bicycle_parking', 'bicycle_parking': 'stands', 'capacity': '10', 'fee': 'no'}",bicycle_parking,,,,,,,,"7th Street,9th Street,CTC/Arena","117.14,331.04,479.57"
1184510901,,35.2324753,-80.8390314,"{'amenity': 'parking', 'parking': 'surface'}",parking,,,,,,,,9th Street,478.85
1184552428,,35.2305737,-80.8344281,"{'access': 'private', 'amenity': 'parking', 'parking': 'surface'}",parking,,,,,,,,9th Street,109.98
1184552429,,35.2292203,-80.8323101,"{'amenity': 'parking', 'parking': 'surface'}",parking,,,,,,,,,
1184552430,,35.2286942,-80.8330937,"{'amenity': 'parking', 'parking': 'surface'}",parking,,,,,,,,9th Street,206.24
1184552431,,35.2269526,-80.831412,"{'amenity': 'parking', 'parking': 'surface'}",parking,,,,,,,,,
1184552432,,35.2270402,-80.8318714,"{'amenity': 'parking', 'parking': 'surface'}",parking,,,,,,,,9th Street,409.95
1184552433,,35.2265456,-80.8317167,"{'amenity': 'parking', 'parking': 'surface'}",parking,,,,,,,,9th Street,460.05
1184552435,,35.2258313,-80.8326904,"{'amenity': 'parking', 'parking': 'surface'}",parking,,,,,,,,,
1193371064,,35.2301749,-80.8372028,"{'addr:city': 'Charlotte', 'addr:housenumber': '521', 'addr:postcode': '28202', 'addr:state': 'NC', 'addr:street': 'North College Street', 'amenity': 'parking', 'fee': 'yes', 'operator': 'Preferred Parking', 'parking': 'surface', 'phone': '+1 704 375 6014', 'website': 'https://www.preferredparking.com'}",parking,,,,,,,,9th Street,207.25
1195991110,The Market at 7th Street,35.2274351,-80.8383336,"{'addr:city': 'Charlotte', 'addr:housenumber': '224', 'addr:postcode': '28202', 'addr:state': 'NC', 'addr:street': 'East 7th Street', 'amenity': 'food_court', 'name': 'The Market at 7th Street', 'opening_hours': 'Tu-We 08:00-19:00; Th-Sa 08:00-20:00; Su 09:00-17:00', 'website': 'https://themarketat7thstreet.com/'}",food_court,,,,,,,,,
1238180921,,35.2316774,-80.8340328,{'amenity': 'parking'},parking,,,,,,,,9th Street,236.3
1309950405,,35.2294416,-80.838523,"{'amenity': 'parking', 'building': 'yes', 'parking': 'multi-storey'}",parking,,,,,,,,,
1364772388,,35.2287501,-80.8343656,{'amenity': 'parking'},parking,,,,,,,,"9th Street,7th Street","120.13,376.58"
1372244748,,35.2293707,-80.8392239,{'amenity': 'parking'},parking,,,,,,,,"7th Street,9th Street","260.97,386.09"
1372244749,,35.2305161,-80.8374995,{'amenity': 'parking'},parking,,,,,,,,9th Street,244.79
1372244751,,35.2328191,-80.8369974,{'amenity': 'parking'},parking,,,,,,,,9th Street,390.75
1372244752,,35.2330297,-80.8365707,{'amenity': 'parking'},parking,,,,,,,,9th Street,395.96
1407466847,,35.2329016,-80.831818,{'amenity': 'parking'},parking,,,,,,,,,
1407466848,,35.2326313,-80.8325914,{'amenity': 'parking'},parking,,,,,,,,9th Street,392.06
1407466849,,35.2310324,-80.8368588,{'amenity': 'parking'},parking,,,,,,,,9th Street,224.6
1407466850,,35.233538,-80.8377533,{'amenity': 'parking'},parking,,,,,,,,,
1407466859,,35.2329917,-80.8383287,{'amenity': 'parking'},parking,,,,,,,,9th Street,474.35
1424496605,,35.23009,-80.8381924,{'amenity': 'parking'},parking,,,,,,,,9th Street,293.7
1424496606,,35.2299205,-80.8374946,{'amenity': 'parking'},parking,,,,,,,,9th Street,228.31
1424496607,,35.2296884,-80.83766,{'amenity': 'parking'},parking,,,,,,,,"9th Street,7th Street","242.05,276.16"
1424496608,,35.2296574,-80.837854,{'amenity': 'parking'},parking,,,,,,,,"9th Street,7th Street","259.75,270.96"
1425974421,,35.2272779,-80.8314777,{'amenity': 'parking'},parking,,,,,,,,9th Street,418.19
1425974441,,35.2276472,-80.8328435,{'amenity': 'parking'},parking,,,,,,,,9th Street,300.56
1425974442,,35.2275233,-80.8325872,{'amenity': 'parking'},parking,,,,,,,,9th Street,326.31
1425974443,,35.2273106,-80.8324457,{'amenity': 'parking'},parking,,,,,,,,9th Street,352.48
1425974457,,35.2282855,-80.8321423,{'amenity': 'parking'},parking,,,,,,,,9th Street,303.69
1425974458,,35.2281593,-80.8323042,{'amenity': 'parking'},parking,,,,,,,,9th Street,298.95
1425974459,,35.2277242,-80.8318687,{'amenity': 'parking'},parking,,,,,,,,9th Street,359.45
1430055093,,35.2312282,-80.8311993,{'amenity': 'parking'},parking,,,,,,,,,
16050776,,35.2263831,-80.8385351,"{'amenity': 'parking', 'building': 'yes', 'height': '48', 'parking': 'multi-storey', 'type': 'multipolygon'}",parking,,,,,,,,"7th Street,CTC/Arena","102.39,301.7"
18904533,,35.2330294,-80.8357404,"{'amenity': 'parking', 'type': 'multipolygon'}",parking,,,,,,,,9th Street,375.33
11067241525,,35.232655,-80.8361149,"{'opening_hours': 'Fr-Su 12:00-18:00', 'shop': 'art'}",,art,,,,,,,9th Street,343.06
12638766031,Street Commerce,35.2286021,-80.8346557,"{'name': 'Street Commerce', 'opening_hours': 'Tu-Su 12:00-19:00', 'phone': '+1-704-891-8833', 'shop': 'clothes', 'website': 'https://streetcommerce.shop'}",,clothes,,,,,,,"9th Street,7th Street","125.72,345.63"
13093317735,Woodie's Auto Serivces & Repair,35.2307176,-80.8377558,"{'name': ""Woodie's Auto Serivces & Repair"", 'shop': 'car_repair'}",,car_repair,,,,,,,9th Street,274.99
13093317736,Woodie's Cafe,35.2306608,-80.8378813,"{'name': ""Woodie's Cafe"", 'shop': 'convenience'}",,convenience,,,,,,,9th Street,283.01
13108176268,Davison Convenience Store,35.2269794,-80.8318121,"{'name': 'Davison Convenience Store', 'shop': 'convenience'}",,convenience,,,,,,,9th Street,418.55
13108176284,,35.2271426,-80.8317781,"{'hairdresser': 'barber', 'shop': 'hairdresser'}",,hairdresser,,,,,,,9th Street,407.92
13108176287,Custom Jewelry Lab3,35.2272456,-80.8316267,"{'name': 'Custom Jewelry Lab3', 'shop': 'jewelry'}",,jewelry,,,,,,,9th Street,410.26
324611218,Morningstar,35.2327134,-80.8320533,"{'addr:city': 'Charlotte', 'addr:housenumber': '928', 'addr:postcode': '28206', 'addr:state': 'NC', 'addr:street': 'North College Street', 'building': 'yes', 'height': '17', 'name': 'Morningstar', 'shop': 'storage_rental'}",,storage_rental,,,,,,,,
13108201691,,35.2276631,-80.832335,{'leisure': 'picnic_table'},,,picnic_table,,,,,,9th Street,331.42
13108201692,,35.2276886,-80.8321867,{'leisure': 'picnic_table'},,,picnic_table,,,,,,9th Street,339.55
13260192201,Aerial CLT,35.2330169,-80.8356812,"{'addr:housenumber': '801', 'addr:postcode': '28206', 'addr:street': 'North Tryon Street', 'leisure': 'fitness_centre', 'name': 'Aerial CLT', 'website': 'https://www.aerialclt.com/'}",,,fitness_centre,,,,,,9th Street,373.03
626310889,,35.2261843,-80.8344854,{'leisure': 'swimming_pool'},,,swimming_pool,,,,,,"7th Street,9th Street","344.97,392.7"
626310895,,35.2259211,-80.834826,{'leisure': 'playground'},,,playground,,,,,,"7th Street,9th Street","327.66,419.38"
870437624,,35.2278436,-80.8366386,"{'access': 'yes', 'leisure': 'playground', 'playground:theme': 'spiderweb'}",,,playground,,,,,,"7th Street,9th Street","146.67,254.2"
870437625,,35.2280165,-80.8364376,"{'leisure': 'fitness_station', 'sport': 'fitness'}",,,fitness_station,,,,,,"7th Street,9th Street","172.04,227.97"
1004213281,,35.2282546,-80.8357149,{'leisure': 'garden'},,,garden,,,,,,"9th Street,7th Street","172.99,242.29"
1004216938,First Ward Park,35.2280879,-80.8361432,"{'addr:city': 'Charlotte', 'addr:housenumber': '301', 'addr:postcode': '28202', 'addr:state': 'NC', 'addr:street': 'East 7th Street', 'leisure': 'park', 'name': 'First Ward Park', 'ownership': 'county', 'website': 'https://www.mecknc.gov/ParkandRec/Parks/ParksByRegion/CentralRegion/Pages/FirstWard.aspx', 'wikidata': 'Q19868162', 'wikipedia': 'en:First Ward Park'}",,,park,,,,,,"7th Street,9th Street","199.22,206.85"
1047474957,,35.2289095,-80.8364762,"{'access': 'private', 'layer': '1', 'leisure': 'swimming_pool', 'lit': 'yes', 'location': 'roof', 'swimming_pool': 'rooftop'}",,,swimming_pool,,,,,,"9th Street,7th Street","160.41,236.38"
1047744376,,35.2287891,-80.8336885,{'leisure': 'playground'},,,playground,,,,,,"9th Street,7th Street","156.36,434.19"
1047744377,,35.2283536,-80.8341863,{'leisure': 'playground'},,,playground,,,,,,"9th Street,7th Street","166.67,374.25"
1181248651,,35.2320622,-80.8377729,"{'leisure': 'pitch', 'sport': 'tennis'}",,,pitch,,,,,,,
1181515407,,35.2292256,-80.8331423,{'leisure': 'playground'},,,playground,,,,,,9th Street,177.04
1181520572,,35.2277873,-80.8360483,"{'leisure': 'playground', 'surface': 'artificial_turf'}",,,playground,,,,,,"7th Street,9th Street","193.57,232.58"
1182601701,,35.2335848,-80.8382154,"{'access': 'customers', 'leisure': 'outdoor_seating', 'operator': 'Poplar'}",,,outdoor_seating,,,,,,9th Street,520.78
1425974454,,35.2277951,-80.8324008,{'leisure': 'playground'},,,playground,,,,,,9th Street,317.13
1443710699,The Light Factory,35.2317433,-80.8355776,"{'check_date:opening_hours': '2023-01-09', 'fixme': 'Estimated new location', 'name': 'The Light Factory', 'opening_hours': 'We-Sa 12:00-16:00', 'tourism': 'gallery', 'website': 'https://lightfactory.org/'}",,,,gallery,,,,,,
10972319445,,35.2274875,-80.837637,"{'artwork_type': 'sculpture', 'tourism': 'artwork'}",,,,artwork,,,,,"7th Street,9th Street","48.6,343.2"
10972350831,Chandler The Chair Monster,35.2284676,-80.8362248,"{'artist_name': 'David Furman', 'artwork_type': 'sculpture', 'material': 'wood', 'name': 'Chandler The Chair Monster', 'tourism': 'artwork'}",,,,artwork,,,,,"9th Street,7th Street","176.36,216.87"
11066130465,,35.2326717,-80.8359049,"{'artwork_type': 'painting', 'tourism': 'artwork'}",,,,artwork,,,,,9th Street,339.69
11076374515,,35.2281791,-80.8352905,"{'artwork_type': 'sculpture', 'tourism': 'artwork'}",,,,artwork,,,,,"9th Street,7th Street","170.73,273.55"
11092752315,,35.2322497,-80.8367366,"{'artwork_type': 'sculpture', 'note': 'Flat metal sculpture affixed to building', 'tourism': 'artwork'}",,,,artwork,,,,,9th Street,323.92
11833480111,Halcyon Idyll I,35.2306683,-80.8334532,"{'artist_name': 'Sharon Dowell', 'artwork_type': 'mural', 'name': 'Halcyon Idyll I', 'tourism': 'artwork'}",,,,artwork,,,,,9th Street,177.04
11833480112,Halcyon Idyll II,35.23109,-80.8329796,"{'artist_name': 'Sharon Dowell', 'artwork_type': 'mural', 'name': 'Halcyon Idyll II', 'tourism': 'artwork'}",,,,artwork,,,,,,
11963860656,,35.232678,-80.8380443,"{'artwork_type': 'sculpture', 'tourism': 'artwork'}",,,,artwork,,,,,9th Street,431.06
398591589,Levine Museum of the New South,35.2281955,-80.8387317,"{'addr:city': 'Charlotte', 'addr:housenumber': '200', 'addr:postcode': '28202', 'addr:state': 'NC', 'addr:street': 'East 7th Street', 'building': 'yes', 'check_date': '2023-06-12', 'fee': 'no', 'height': '12', 'name': 'Levine Museum of the New South', 'opening_hours': 'Tu-Fr 11:00-17:00; We 11:00-21:00; Sa 10:00-17:00; Su 12:00-17:00; PH off', 'tourism': 'museum', 'website': 'https://www.museumofthenewsouth.org/', 'wikidata': 'Q6535654'}",,,,museum,,,,,"7th Street,9th Street,CTC/Arena","124.26,378.35,429.07"
1047474962,Homewood Suites by Hilton Charlotte Uptown First Ward,35.2293848,-80.8371692,"{'addr:city': 'Charlotte', 'addr:housenumber': '508', 'addr:postcode': '28202', 'addr:state': 'NC', 'addr:street': 'North College Street', 'brand': 'Homewood Suites', 'brand:wikidata': 'Q5890701', 'building': 'yes', 'name': 'Homewood Suites by Hilton Charlotte Uptown First Ward', 'official_name': 'Homewood Suites by Hilton', 'tourism': 'hotel'}",,,,hotel,,,,,"9th Street,7th Street","200.46,253.39"
1191964930,,35.2318293,-80.835291,"{'artwork_type': 'mural', 'tourism': 'artwork'}",,,,artwork,,,,,,
1191964931,,35.2329528,-80.8357577,"{'artwork_type': 'mural', 'tourism': 'artwork'}",,,,artwork,,,,,9th Street,367.27
1191964932,,35.2322957,-80.8367467,"{'artwork_type': 'mural', 'tourism': 'artwork'}",,,,artwork,,,,,9th Street,328.83
1191964933,,35.2315409,-80.8349748,"{'artwork_type': 'mural', 'tourism': 'artwork'}",,,,artwork,,,,,9th Street,204.17
1191964935,,35.2316812,-80.8357543,"{'artwork_type': 'mural', 'tourism': 'artwork'}",,,,artwork,,,,,9th Street,230.19
1192498843,Coexist,35.2315371,-80.8327377,"{'artist_name': 'Sharon Dowell', 'artwork_type': 'mural', 'name': 'Coexist', 'tourism': 'artwork'}",,,,artwork,,,,,9th Street,289.63
1192647310,,35.2292177,-80.8353718,"{'artwork_type': 'mural', 'tourism': 'artwork'}",,,,artwork,,,,,"9th Street,7th Street","63.29,330.03"
1192647311,,35.2300053,-80.8359511,"{'artwork_type': 'mural', 'tourism': 'artwork'}",,,,artwork,,,,,9th Street,92.93
1192647312,,35.2303803,-80.8353286,"{'artwork_type': 'mural', 'tourism': 'artwork'}",,,,artwork,,,,,9th Street,81.16
1192647313,Bus Stop,35.2267207,-80.8367246,"{'artist_name': 'Donald Justice', 'artwork_type': 'mural', 'name': 'Bus Stop', 'tourism': 'artwork'}",,,,artwork,,,,,"7th Street,9th Street,CTC/Arena","133.54,365.78,465.47"
1193944321,,35.2282442,-80.8379035,"{'artwork_type': 'mural', 'tourism': 'artwork'}",,,,artwork,,,,,"7th Street,9th Street,CTC/Arena","114.47,309.63,479.69"
1193944322,,35.2281892,-80.8379742,"{'artwork_type': 'mural', 'tourism': 'artwork'}",,,,artwork,,,,,"7th Street,9th Street,CTC/Arena","107.77,318.31,470.86"
1193944323,,35.2283763,-80.8376465,"{'artwork_type': 'mural', 'tourism': 'artwork'}",,,,artwork,,,,,"7th Street,9th Street,CTC/Arena","133.64,282.04,506.21"
1193944324,,35.2283325,-80.8382383,"{'artwork_type': 'mural', 'tourism': 'artwork'}",,,,artwork,,,,,"7th Street,9th Street,CTC/Arena","124.44,331.41,467.81"
1193944325,,35.2281514,-80.8380229,"{'artwork_type': 'mural', 'tourism': 'artwork'}",,,,artwork,,,,,"7th Street,9th Street,CTC/Arena","103.35,324.29,464.79"
1193944326,,35.2282201,-80.837878,"{'artwork_type': 'mural', 'tourism': 'artwork'}",,,,artwork,,,,,"7th Street,9th Street,CTC/Arena","112.14,309.07,479.24"
1193944327,,35.2284645,-80.838124,"{'artwork_type': 'mural', 'tourism': 'artwork'}",,,,artwork,,,,,"7th Street,9th Street,CTC/Arena","138.14,315.57,485.75"
1193944328,,35.2284418,-80.8377781,"{'artwork_type': 'mural', 'tourism': 'artwork'}",,,,artwork,,,,,"7th Street,9th Street,CTC/Arena","137.91,288.75,503.71"
1193944329,,35.2283855,-80.8376154,"{'artwork_type': 'mural', 'tourism': 'artwork'}",,,,artwork,,,,,"7th Street,9th Street,CTC/Arena","135.44,279.09,508.87"
1193944330,,35.2285435,-80.8378878,"{'artwork_type': 'mural', 'tourism': 'artwork'}",,,,artwork,,,,,"7th Street,9th Street","147.61,292.41"
1193944331,,35.2284106,-80.8377234,"{'artwork_type': 'mural', 'tourism': 'artwork'}",,,,artwork,,,,,"7th Street,9th Street,CTC/Arena","135.54,286.12,504.37"
1193944332,,35.228308,-80.8382268,"{'artwork_type': 'mural', 'tourism': 'artwork'}",,,,artwork,,,,,"7th Street,9th Street,CTC/Arena","121.61,331.74,466.31"
1193944333,,35.2283217,-80.8382091,"{'artwork_type': 'mural', 'tourism': 'artwork'}",,,,artwork,,,,,"7th Street,9th Street,CTC/Arena","122.93,329.6,468.5"
1195522522,,35.2265807,-80.8365836,"{'artwork_type': 'mural', 'tourism': 'artwork'}",,,,artwork,,,,,"7th Street,9th Street","151.91,374.75"
10098673810,Morgan & Morgan,35.2311381,-80.8382914,"{'addr:city': 'Charlotte', 'addr:housenumber': '525', 'addr:postcode': '28202', 'addr:state': 'NC', 'addr:street': 'North Tryon Street', 'addr:unit': 'Suite 1729', 'brand': 'Morgan & Morgan', 'brand:wikidata': 'Q111597979', 'building': 'yes', 'height': '44', 'name': 'Morgan & Morgan', 'office': 'lawyer', 'opening_hours': '24/7', 'phone': '+1-980-423-6300', 'website': 'https://www.forthepeople.com/charlotte/', 'wikidata': 'Q4640165'}",,,,,lawyer,,,,9th Street,339.32
13108176285,Federal Tax Resource Plus,35.2271741,-80.8317293,"{'name': 'Federal Tax Resource Plus', 'office': 'tax_advisor', 'phone': '+1-704-761-6773'}",,,,,tax_advisor,,,,9th Street,408.72
1004213265,WFAE,35.227736,-80.8373174,"{'building': 'yes', 'height': '10', 'name': 'WFAE', 'office': 'yes'}",,,,,yes,,,,"7th Street,9th Street","88.55,303.17"
3324453983,Davidson St & 9th St,35.2262421,-80.8332283,"{'bus': 'yes', 'direction': 'outbound', 'highway': 'bus_stop', 'name': 'Davidson St & 9th St', 'network': 'CATS', 'network:wikidata': 'Q5085831', 'operator': 'Charlotte Area Transit System', 'public_transport': 'platform', 'route_ref': '3,23', 'wheelchair': 'yes'}",,,,,,platform,,,9th Street,416.0
5189013534,9th Street,35.2294642,-80.835305,"{'light_rail': 'yes', 'name': '9th Street', 'network': 'LYNX', 'operator': 'CATS', 'public_transport': 'stop_position', 'railway': 'stop'}",,,,,,stop_position,,,,
5189013563,9th Street,35.2296077,-80.8350561,"{'light_rail': 'yes', 'name': '9th Street', 'network': 'LYNX', 'operator': 'CATS', 'public_transport': 'station', 'railway': 'station', 'station': 'light_rail', 'wikidata': 'Q4646683', 'wikipedia': 'en:9th_Street_station_(Charlotte)'}",,,,,,station,,,,
8419403077,9th Street,35.229899,-80.8346719,"{'light_rail': 'yes', 'name': '9th Street', 'network': 'LYNX', 'operator': 'CATS', 'public_transport': 'stop_position', 'railway': 'stop'}",,,,,,stop_position,,,9th Street,37.13
8419403079,7th Street,35.2275312,-80.8378459,"{'light_rail': 'yes', 'name': '7th Street', 'network': 'LYNX', 'operator': 'CATS', 'public_transport': 'stop_position', 'railway': 'stop'}",,,,,,stop_position,,,"7th Street,9th Street,CTC/Arena","39.63,353.43,427.57"
534908511,,35.2272804,-80.8381399,"{'area': 'yes', 'bench': 'yes', 'bin': 'yes', 'light_rail': 'yes', 'lit': 'yes', 'network': 'LYNX', 'operator': 'CATS', 'public_transport': 'platform', 'railway': 'platform', 'shelter': 'yes', 'tactile_paving': 'yes'}",,,,,,platform,,,,
534908512,,35.2273583,-80.8382206,"{'area': 'yes', 'bench': 'yes', 'bin': 'yes', 'light_rail': 'yes', 'lit': 'yes', 'network': 'LYNX', 'operator': 'CATS', 'public_transport': 'platform', 'railway': 'platform', 'shelter': 'yes', 'tactile_paving': 'yes'}",,,,,,platform,,,,
535304221,,35.2296972,-80.8350593,"{'area': 'yes', 'bench': 'yes', 'bin': 'yes', 'light_rail': 'yes', 'lit': 'yes', 'network': 'LYNX', 'operator': 'CATS', 'public_transport': 'platform', 'railway': 'platform', 'shelter': 'yes', 'tactile_paving': 'yes'}",,,,,,platform,,,9th Street,5.41
535304222,,35.2296205,-80.8349721,"{'area': 'yes', 'bench': 'yes', 'bin': 'yes', 'light_rail': 'yes', 'lit': 'yes', 'network': 'LYNX', 'operator': 'CATS', 'public_transport': 'platform', 'railway': 'platform', 'shelter': 'yes', 'tactile_paving': 'yes'}",,,,,,platform,,,,
1186590085,7th Street,35.2273188,-80.8381797,"{'light_rail': 'yes', 'name': '7th Street', 'network': 'LYNX', 'operator': 'CATS', 'public_transport': 'station', 'railway': 'station', 'station': 'light_rail', 'wheelchair': 'yes', 'wikidata': 'Q4644188', 'wikipedia': 'en:7th_Street_station_(Charlotte)'}",,,,,,station,,,,
10014282,7th Street,35.2273188,-80.8381797,"{'name': '7th Street', 'network': 'LYNX', 'public_transport': 'stop_area', 'railway': 'facility', 'type': 'public_transport'}",,,,,,stop_area,,,,
12309361,9th Street,35.2296591,-80.8350163,"{'name': '9th Street', 'network': 'LYNX', 'public_transport': 'stop_area', 'railway': 'facility', 'type': 'public_transport'}",,,,,,stop_area,,,,
11220971932,Apex ABA Therapy,35.2312811,-80.8383587,"{'addr:city': 'Charlotte', 'addr:postcode': '28202', 'addr:state': 'NC', 'description': 'We provide Applied behavior analysis (ABA) therapy services to bring about meaningful and positive change to those diagnosed with Autism Spectrum Disorder (ASD).', 'healthcare': 'psychotherapist', 'healthcare:speciality': 'mental_health_service', 'name': 'Apex ABA Therapy', 'opening_hours': 'Mo-Fr 09:00-17:00', 'phone': '+1-704-909-7779; +1-888-690-0663', 'website': 'https://www.apexaba.com/locations/north-carolina'}",,,,,,,psychotherapist,,9th Street,352.35
12638766030,CoviLab,35.2288068,-80.8343512,"{'healthcare': 'laboratory', 'name': 'CoviLab'}",,,,,,,laboratory,,"9th Street,7th Street","115.32,380.62"
11067241532,,35.2328137,-80.8362881,"{'access': 'private', 'craft': 'artist'}",,,,,,,,artist,9th Street,364.66
357772806,First Ward Elementary School,35.2281982,-80.8334044,"{'amenity': 'school', 'ele': '228', 'gnis:feature_id': '985094', 'name': 'First Ward Elementary School', 'wheelchair': 'yes'}",school,,,,,,,,"9th Street,7th Street","220.95,437.32"
957284836,6th Street,35.2266274,-80.8334557,"{'amenity': 'parking', 'name': '6th Street', 'wheelchair': 'yes'}",parking,,,,,,,,"9th Street,7th Street","368.59,424.11"
1848893531,Epicenter Parking,35.22567,-80.8415601,"{'amenity': 'parking', 'layer': '-1', 'name': 'Epicenter Parking', 'parking': 'underground'}",parking,,,,,,,,"CTC/Arena,3rd St/Convention,7th Street","75.9,266.12,361.93"
1848893550,Fleming's,35.225542,-80.8427582,"{'addr:city': 'Charlotte', 'addr:housenumber': '210', 'addr:postcode': '28202', 'addr:state': 'NC', 'addr:street': 'East Trade Street', 'addr:unit': 'Suite C-110', 'amenity': 'restaurant', 'brand': ""Fleming's"", 'brand:wikidata': 'Q5458552', 'cuisine': 'steak_house', 'name': ""Fleming's"", 'official_name': ""Fleming's Prime Steakhouse & Wine Bar""}",restaurant,,,,,,,,"CTC/Arena,3rd St/Convention,7th Street","138.26,216.01,466.28"
1848893622,Sea Grill Restaurant and Bar,35.225726,-80.8422936,"{'amenity': 'restaurant', 'name': 'Sea Grill Restaurant and Bar'}",restaurant,,,,,,,,"CTC/Arena,3rd St/Convention,7th Street","115.08,244.81,419.37"
1848893663,Caffe Siena,35.2274313,-80.8400624,"{'addr:city': 'Charlotte', 'addr:country': 'US', 'addr:housenumber': '230', 'addr:postcode': '28202', 'addr:state': 'NC', 'addr:street': 'North College Street', 'amenity': 'restaurant', 'cuisine': 'italian', 'name': 'Caffe Siena'}",restaurant,,,,,,,,"7th Street,CTC/Arena","183.72,295.46"
1848893667,Fitzgerald's Irish Pub,35.2269129,-80.8404682,"{'addr:city': 'Charlotte', 'addr:country': 'US', 'addr:housenumber': '201', 'addr:postcode': '28202', 'addr:state': 'NC', 'addr:street': 'East 5th Street', 'amenity': 'pub', 'cuisine': 'fish_and_chips', 'name': ""Fitzgerald's Irish Pub""}",pub,,,,,,,,"7th Street,CTC/Arena,3rd St/Convention","221.77,228.12,435.66"
1849262670,Discovery Place IMAX,35.2297339,-80.8414419,"{'addr:country': 'US', 'addr:housenumber': '301', 'addr:state': 'NC', 'addr:street': 'North Tryon Street', 'amenity': 'cinema', 'name': 'Discovery Place IMAX'}",cinema,,,,,,,,7th Street,415.25
4001585783,Aroma,35.2298783,-80.8395114,"{'addr:city': 'Charlotte', 'addr:housenumber': '401', 'addr:postcode': '28202', 'addr:state': 'NC', 'addr:street': 'North Tryon Street', 'addr:unit': 'Suite 106', 'amenity': 'restaurant', 'cuisine': 'indian', 'name': 'Aroma', 'not:brand:wikidata': 'Q2909872'}",restaurant,,,,,,,,"7th Street,9th Street","323.04,411.0"
4001610982,,35.2297382,-80.8396061,"{'amenity': 'bicycle_parking', 'bicycle_parking': 'stands', 'capacity': '2'}",bicycle_parking,,,,,,,,"7th Street,9th Street","312.71,419.16"
4001610992,,35.2295043,-80.8400177,{'amenity': 'waste_basket'},waste_basket,,,,,,,,"7th Street,9th Street","309.7,457.11"
5948979211,Nuvolé Rooftop Twenty Two,35.2257161,-80.8409032,"{'addr:city': 'Charlotte', 'addr:housenumber': '220', 'addr:postcode': '28202', 'addr:state': 'NC', 'addr:street': 'East Trade Street', 'addr:unit': '2200', 'amenity': 'bar', 'name': 'Nuvolé Rooftop Twenty Two', 'smoking': 'no'}",bar,,,,,,,,"CTC/Arena,3rd St/Convention,7th Street","90.94,305.08,307.83"
6332298775,RedEye Diner,35.2252054,-80.8421438,"{'amenity': 'restaurant', 'name': 'RedEye Diner'}",restaurant,,,,,,,,"CTC/Arena,3rd St/Convention,7th Street","72.28,195.59,433.62"
6493733562,Not Just Coffee,35.2275039,-80.838117,"{'addr:city': 'Charlotte', 'addr:country': 'US', 'addr:housenumber': '224', 'addr:postcode': '28202', 'addr:state': 'NC', 'addr:street': 'East 7th Street', 'amenity': 'cafe', 'name': 'Not Just Coffee', 'opening_hours': 'Mo-Th 08:00-17:00; Fr,Sa 08:00-18:00; Su 09:00-17:00'}",cafe,,,,,,,,,
6532532810,7th Restaurant & Lounge,35.2261341,-80.8360898,"{'addr:city': 'Charlotte', 'addr:housenumber': '321', 'addr:state': 'NC', 'addr:street': 'North Caldwell Street', 'amenity': 'restaurant', 'name': '7th Restaurant & Lounge'}",restaurant,,,,,,,,"7th Street,9th Street","215.98,407.71"
9099545837,Caribou Coffee,35.226953,-80.8420991,"{'amenity': 'cafe', 'brand': 'Caribou Coffee', 'brand:wikidata': 'Q5039494', 'cuisine': 'coffee_shop', 'level': '1', 'name': 'Caribou Coffee', 'takeaway': 'yes'}",cafe,,,,,,,,"CTC/Arena,7th Street,3rd St/Convention","226.0,368.75,380.91"
9099545838,Bank of America,35.226847,-80.8422897,"{'amenity': 'bank', 'atm': 'yes', 'brand': 'Bank of America', 'brand:wikidata': 'Q487907', 'drive_through': 'no', 'level': '0', 'name': 'Bank of America'}",bank,,,,,,,,"CTC/Arena,3rd St/Convention,7th Street","220.59,365.77,387.12"
9099545841,Aria Tuscan Grill,35.2266313,-80.8421473,"{'amenity': 'restaurant', 'cuisine': 'italian', 'level': '0', 'name': 'Aria Tuscan Grill', 'website': 'https://www.ariacharlotte.com/'}",restaurant,,,,,,,,"CTC/Arena,3rd St/Convention,7th Street","193.59,345.2,377.63"
9099545870,Mert's Heart And Soul,35.2272922,-80.8402846,"{'addr:city': 'Charlotte', 'addr:housenumber': '214', 'addr:postcode': '28202', 'addr:state': 'NC', 'addr:street': 'North College Street', 'amenity': 'restaurant', 'cuisine': 'southern', 'name': ""Mert's Heart And Soul""}",restaurant,,,,,,,,"7th Street,CTC/Arena,3rd St/Convention","202.59,273.39,480.15"
9099545873,Rooster's Wood-fired Kitchen,35.2267108,-80.8409945,"{'addr:city': 'Charlotte', 'addr:housenumber': '150', 'addr:postcode': '28202', 'addr:state': 'NC', 'addr:street': 'North College Street', 'amenity': 'restaurant', 'cuisine': 'american', 'name': ""Rooster's Wood-fired Kitchen""}",restaurant,,,,,,,,"CTC/Arena,7th Street,3rd St/Convention","193.11,272.94,391.9"
9103883863,,35.2243234,-80.8387765,"{'access': 'private', 'amenity': 'parking_entrance', 'level': '0', 'parking': 'underground'}",parking_entrance,,,,,,,,"CTC/Arena,7th Street,3rd St/Convention","249.39,327.79,397.76"
9103883909,,35.2241742,-80.8392823,"{'access': 'customers', 'amenity': 'parking_entrance', 'level': '0', 'maxheight': '7\'0""', 'parking': 'underground'}",parking_entrance,,,,,,,,"CTC/Arena,3rd St/Convention,7th Street","212.55,349.43,355.62"
9108307137,Qdoba,35.2280328,-80.8421691,"{'addr:city': 'Charlotte', 'addr:housenumber': '127', 'addr:postcode': '28202', 'addr:state': 'NC', 'addr:street': 'North Tryon Street', 'addr:unit': '2', 'amenity': 'fast_food', 'branch': 'North Tryon', 'brand': 'Qdoba', 'brand:wikidata': 'Q1363885', 'cuisine': 'mexican', 'drive_through': 'no', 'name': 'Qdoba', 'official_name': 'Qdoba Mexican Eats', 'opening_hours': '10:30-22:00', 'phone': '+1 704-295-4111', 'takeaway': 'yes', 'website': 'https://locations.qdoba.com/us/nc/charlotte/127-n-tryon-st.html'}",fast_food,,,,,,,,"CTC/Arena,7th Street","343.73,384.63"
9267613529,,35.2273931,-80.8363229,"{'amenity': 'bench', 'armrest': 'yes', 'backrest': 'yes', 'direction': '323', 'material': 'wood'}",bench,,,,,,,,"7th Street,9th Street","159.24,282.74"
9267613530,,35.2275849,-80.8360686,"{'amenity': 'bench', 'armrest': 'yes', 'backrest': 'yes', 'material': 'wood'}",bench,,,,,,,,"7th Street,9th Street","185.68,253.92"
9267613531,,35.2278173,-80.8359738,"{'amenity': 'bench', 'armrest': 'yes', 'backrest': 'yes', 'material': 'wood'}",bench,,,,,,,,"7th Street,9th Street","201.07,226.82"
9267613532,,35.2279177,-80.8362047,"{'amenity': 'bench', 'armrest': 'yes', 'backrest': 'yes', 'material': 'wood'}",bench,,,,,,,,"7th Street,9th Street","185.72,226.02"
9267613533,,35.2280345,-80.836226,"{'amenity': 'bench', 'armrest': 'yes', 'backrest': 'yes', 'material': 'wood'}",bench,,,,,,,,"7th Street,9th Street","189.77,215.78"
9267613534,,35.2279248,-80.836606,"{'amenity': 'bench', 'backrest': 'yes'}",bench,,,,,,,,"7th Street,9th Street","153.67,245.18"
9267613535,,35.2280331,-80.8367858,"{'amenity': 'bench', 'backrest': 'yes'}",bench,,,,,,,,"7th Street,9th Street","146.89,246.13"
9267613536,,35.2280764,-80.8364285,"{'amenity': 'bench', 'backrest': 'yes'}",bench,,,,,,,,"7th Street,9th Street","176.24,222.08"
9267613537,,35.2282826,-80.8362438,"{'amenity': 'bench', 'armrest': 'yes', 'backrest': 'yes', 'material': 'wood'}",bench,,,,,,,,"9th Street,7th Street","193.7,202.98"
9267613538,,35.228302,-80.8359843,"{'amenity': 'bench', 'armrest': 'yes', 'backrest': 'yes', 'material': 'wood'}",bench,,,,,,,,"9th Street,7th Street","179.05,223.78"
9267613539,,35.2281747,-80.8360596,"{'amenity': 'bench', 'armrest': 'yes', 'backrest': 'yes', 'material': 'wood'}",bench,,,,,,,,"9th Street,7th Street","194.71,210.58"
9267613540,,35.2284055,-80.8363923,"{'amenity': 'bench', 'backrest': 'yes'}",bench,,,,,,,,"9th Street,7th Street","191.47,200.79"
9267613541,,35.2280715,-80.8359485,"{'amenity': 'bench', 'armrest': 'yes', 'backrest': 'yes', 'material': 'wood'}",bench,,,,,,,,"9th Street,7th Street","200.17,214.09"
9267613542,,35.2278255,-80.8357588,"{'amenity': 'bench', 'armrest': 'yes', 'backrest': 'yes', 'material': 'wood'}",bench,,,,,,,,"9th Street,7th Street","219.05,219.91"
10254120669,Ri Ra,35.22807,-80.8415397,"{'amenity': 'pub', 'internet_access': 'wlan', 'internet_access:fee': 'no', 'name': 'Ri Ra', 'smoking': 'no', 'website': 'https://rira.com/charlotte/'}",pub,,,,,,,,"7th Street,CTC/Arena","330.38,340.74"
10968050746,Prohibition,35.227991,-80.8416796,"{'amenity': 'bar', 'name': 'Prohibition'}",bar,,,,,,,,"CTC/Arena,7th Street","332.75,340.3"
10968443159,The Daily,35.2294618,-80.8420607,"{'addr:city': 'Charlotte', 'addr:housenumber': '214', 'addr:postcode': '28202', 'addr:state': 'NC', 'addr:street': 'North Church Street', 'amenity': 'pub', 'name': 'The Daily', 'outdoor_seating': 'yes'}",pub,,,,,,,,7th Street,440.85
10968502525,,35.2297006,-80.8416764,"{'amenity': 'bicycle_parking', 'bicycle_parking': 'stands', 'capacity': '4'}",bicycle_parking,,,,,,,,7th Street,428.92
10971338341,Truist,35.228128,-80.8414529,"{'amenity': 'bank', 'brand': 'Truist', 'brand:wikidata': 'Q795486', 'name': 'Truist'}",bank,,,,,,,,"7th Street,CTC/Arena","324.75,346.94"
10971338342,Cicchetti,35.2265155,-80.8419818,"{'amenity': 'restaurant', 'cuisine': 'italian', 'name': 'Cicchetti'}",restaurant,,,,,,,,"CTC/Arena,3rd St/Convention,7th Street","176.49,336.83,365.33"
10971338343,The Asbury,35.2287475,-80.8411196,"{'amenity': 'restaurant', 'name': 'The Asbury'}",restaurant,,,,,,,,"7th Street,CTC/Arena","325.9,416.33"
10971338344,Skyview Dentistry,35.2251624,-80.8418445,"{'amenity': 'dentist', 'healthcare': 'dentist', 'level': '3', 'name': 'Skyview Dentistry', 'phone': '+1 704 632 7700'}",dentist,,,,,,dentist,,"CTC/Arena,3rd St/Convention,7th Street","45.11,204.63,413.13"
10971338345,The Local,35.2277854,-80.8415385,"{'amenity': 'bar', 'name': 'The Local'}",bar,,,,,,,,"CTC/Arena,7th Street","309.2,322.69"
10971338346,204 North,35.2280288,-80.8416252,"{'amenity': 'restaurant', 'name': '204 North'}",restaurant,,,,,,,,"CTC/Arena,7th Street","336.58,336.6"
10971338347,Retro Bar,35.2279567,-80.8417233,"{'addr:city': 'Charlotte', 'addr:housenumber': '200', 'addr:postcode': '28202', 'addr:state': 'NC', 'addr:street': 'North Tryon Street', 'amenity': 'bar', 'name': 'Retro Bar', 'website': 'https://retrobarclt.com'}",bar,,,,,,,,"CTC/Arena,7th Street","329.3,343.22"
10971338349,Fifth Third Bank,35.2286219,-80.8412861,"{'amenity': 'bank', 'brand': 'Fifth Third Bank', 'brand:wikidata': 'Q1411810', 'name': 'Fifth Third Bank', 'short_name': '5/3 Bank'}",bank,,,,,,,,"7th Street,CTC/Arena","332.2,401.78"
10971338350,,35.2286257,-80.8412629,"{'amenity': 'atm', 'brand': 'Fifth Third Bank', 'brand:wikidata': 'Q1411810', 'operator': 'Fifth Third Bank', 'operator:wikidata': 'Q1411810', 'short_name': '5/3 Bank'}",atm,,,,,,,,"7th Street,CTC/Arena","330.53,402.26"
10972319438,,35.2274034,-80.8363056,"{'amenity': 'bench', 'armrest': 'yes', 'backrest': 'yes', 'direction': '323', 'material': 'wood'}",bench,,,,,,,,"7th Street,9th Street","160.94,281.04"
10972319440,WFAE,35.2277364,-80.8373132,"{'amenity': 'studio', 'name': 'WFAE', 'studio': 'radio'}",studio,,,,,,,,"7th Street,9th Street","88.87,302.87"
10972319448,Duckworth’s,35.2293175,-80.8397309,"{'amenity': 'restaurant', 'name': 'Duckworth’s'}",restaurant,,,,,,,,"7th Street,9th Street","277.9,432.58"
10972350809,,35.2272489,-80.8365849,"{'amenity': 'bench', 'armrest': 'yes', 'backrest': 'yes', 'material': 'wood'}",bench,,,,,,,,"7th Street,9th Street,CTC/Arena","134.27,307.72,503.39"
10972350810,,35.2276345,-80.8361351,"{'amenity': 'bench', 'backrest': 'yes', 'material': 'wood'}",bench,,,,,,,,"7th Street,9th Street","181.09,251.28"
10972350811,,35.2272764,-80.8366969,"{'amenity': 'bench', 'armrest': 'yes', 'backrest': 'yes', 'material': 'wood'}",bench,,,,,,,,"7th Street,9th Street,CTC/Arena","124.2,309.98,496.11"
10972350812,,35.227259,-80.8365574,"{'amenity': 'bench', 'armrest': 'yes', 'backrest': 'yes', 'material': 'wood'}",bench,,,,,,,,"7th Street,9th Street,CTC/Arena","136.8,305.56,506.12"
10972350813,,35.2272418,-80.8365826,"{'amenity': 'bench', 'armrest': 'yes', 'backrest': 'yes', 'material': 'wood'}",bench,,,,,,,,"7th Street,9th Street,CTC/Arena","134.46,308.32,503.18"
10972350815,,35.2274695,-80.8363998,"{'amenity': 'bench', 'armrest': 'yes', 'backrest': 'yes', 'material': 'wood'}",bench,,,,,,,,"7th Street,9th Street","153.59,278.23"
10972350817,,35.227835,-80.8360033,"{'amenity': 'bench', 'armrest': 'yes', 'backrest': 'yes', 'material': 'wood'}",bench,,,,,,,,"7th Street,9th Street","199.2,226.08"
10972350819,,35.2279273,-80.8362392,"{'amenity': 'bench', 'armrest': 'yes', 'backrest': 'yes', 'material': 'wood'}",bench,,,,,,,,"7th Street,9th Street","183.32,226.64"
10972350820,,35.2273007,-80.8367037,"{'amenity': 'bench', 'armrest': 'yes', 'backrest': 'yes', 'material': 'wood'}",bench,,,,,,,,"7th Street,9th Street,CTC/Arena","123.75,307.95,496.95"
10972350821,,35.2272532,-80.8365532,"{'amenity': 'bench', 'armrest': 'yes', 'backrest': 'yes', 'material': 'wood'}",bench,,,,,,,,"7th Street,9th Street,CTC/Arena","137.17,305.95,506.13"
10972350823,,35.2272803,-80.8366929,"{'amenity': 'bench', 'armrest': 'yes', 'backrest': 'yes', 'material': 'wood'}",bench,,,,,,,,"7th Street,9th Street,CTC/Arena","124.58,309.42,496.64"
10972350824,,35.2272462,-80.8366119,"{'amenity': 'bench', 'armrest': 'yes', 'backrest': 'yes', 'material': 'wood'}",bench,,,,,,,,"7th Street,9th Street,CTC/Arena","131.81,309.14,501.11"
10972350825,,35.2272985,-80.8367095,"{'amenity': 'bench', 'armrest': 'yes', 'backrest': 'yes', 'material': 'wood'}",bench,,,,,,,,"7th Street,9th Street,CTC/Arena","123.2,308.43,496.38"
10972350826,,35.2276156,-80.8360867,"{'amenity': 'bench', 'armrest': 'yes', 'backrest': 'yes', 'material': 'wood'}",bench,,,,,,,,"7th Street,9th Street","184.85,251.42"
10972350827,,35.2276015,-80.8360497,"{'amenity': 'bench', 'armrest': 'yes', 'backrest': 'yes', 'material': 'wood'}",bench,,,,,,,,"7th Street,9th Street","187.76,251.57"
10972350828,,35.2272638,-80.8366732,"{'amenity': 'bench', 'armrest': 'yes', 'backrest': 'yes', 'material': 'wood'}",bench,,,,,,,,"7th Street,9th Street,CTC/Arena","126.29,310.12,497.26"
10972350830,,35.2272395,-80.8366142,"{'amenity': 'bench', 'armrest': 'yes', 'backrest': 'yes', 'material': 'wood'}",bench,,,,,,,,"7th Street,9th Street,CTC/Arena","131.58,309.89,500.56"
10972350832,,35.2272577,-80.8366774,"{'amenity': 'bench', 'armrest': 'yes', 'backrest': 'yes', 'material': 'wood'}",bench,,,,,,,,"7th Street,9th Street,CTC/Arena","125.88,310.9,496.59"
10972350833,,35.2274516,-80.836422,"{'amenity': 'bench', 'armrest': 'yes', 'backrest': 'yes', 'material': 'wood'}",bench,,,,,,,,"7th Street,9th Street","151.25,280.93"
10975541726,,35.2299772,-80.8401782,"{'access': 'yes', 'amenity': 'parking', 'fee': 'yes', 'parking': 'multi-storey'}",parking,,,,,,,,7th Street,361.46
10983333114,,35.2243122,-80.8338708,{'amenity': 'parking_entrance'},parking_entrance,,,,,,,,7th Street,499.32
11015149230,,35.2228726,-80.8397426,{'amenity': 'parking_entrance'},parking_entrance,,,,,,,,"CTC/Arena,3rd St/Convention","279.53,312.77"
11015149231,,35.2229944,-80.8398902,{'amenity': 'parking_entrance'},parking_entrance,,,,,,,,"CTC/Arena,3rd St/Convention,7th Street","260.96,296.43,497.34"
11015149232,,35.2234793,-80.8392818,{'amenity': 'parking_entrance'},parking_entrance,,,,,,,,"CTC/Arena,3rd St/Convention,7th Street","255.44,344.13,429.49"
11018779239,,35.2257765,-80.8416776,{'amenity': 'parking_entrance'},parking_entrance,,,,,,,,"CTC/Arena,3rd St/Convention,7th Street","90.0,271.21,366.06"
11020919395,,35.2256169,-80.8409801,{'amenity': 'parking_entrance'},parking_entrance,,,,,,,,"CTC/Arena,3rd St/Convention,7th Street","77.92,292.17,319.72"
11020919397,,35.2262223,-80.8400841,{'amenity': 'parking_entrance'},parking_entrance,,,,,,,,"CTC/Arena,7th Street,3rd St/Convention","180.27,214.87,396.57"
11023996506,,35.2301985,-80.8403059,{'amenity': 'parking_entrance'},parking_entrance,,,,,,,,"7th Street,9th Street","388.43,485.97"
11028889358,,35.2300911,-80.8421636,{'amenity': 'parking_entrance'},parking_entrance,,,,,,,,7th Street,490.74
11067479859,,35.225496,-80.840497,"{'access': 'yes', 'amenity': 'bicycle_parking', 'bicycle_parking': 'stands', 'capacity': '6', 'covered': 'no', 'foot_traffic': 'high', 'indoor': 'no'}",bicycle_parking,,,,,,,,"CTC/Arena,7th Street,3rd St/Convention","98.13,292.81,313.28"
11067479860,,35.2254848,-80.8405103,"{'access': 'yes', 'amenity': 'drinking_water', 'fee': 'no'}",drinking_water,,,,,,,,"CTC/Arena,7th Street,3rd St/Convention","96.43,294.53,311.55"
11076374513,,35.2283177,-80.8360286,{'amenity': 'waste_basket'},waste_basket,,,,,,,,"9th Street,7th Street","179.61,221.34"
11076374514,,35.2281231,-80.8360017,{'amenity': 'waste_basket'},waste_basket,,,,,,,,"9th Street,7th Street","197.21,212.4"
11076374516,,35.2279408,-80.8356657,"{'access': 'yes', 'amenity': 'drinking_water', 'bottle': 'yes', 'fee': 'no', 'seasonal': 'spring;summer;autumn'}",drinking_water,,,,,,,,"9th Street,7th Street","204.28,232.08"
11076374517,,35.2281199,-80.8359978,"{'amenity': 'recycling', 'recycling_type': 'container'}",recycling,,,,,,,,"9th Street,7th Street","197.36,212.54"
11076374518,,35.2278072,-80.8357459,"{'amenity': 'bench', 'armrest': 'yes', 'backrest': 'yes', 'material': 'wood'}",bench,,,,,,,,"7th Street,9th Street","220.42,220.61"
11076374519,,35.2283204,-80.836037,"{'amenity': 'recycling', 'recycling_type': 'container'}",recycling,,,,,,,,"9th Street,7th Street","179.76,220.87"
11076374520,,35.2282925,-80.8362683,"{'amenity': 'bench', 'armrest': 'yes', 'backrest': 'yes', 'material': 'wood'}",bench,,,,,,,,"9th Street,7th Street","194.13,201.82"
11076374521,,35.2278288,-80.8356803,{'amenity': 'waste_basket'},waste_basket,,,,,,,,"9th Street,7th Street","216.55,226.83"
11076374522,,35.2280186,-80.8358438,"{'amenity': 'vending_machine', 'bin': 'no', 'fee': 'no', 'vending': 'excrement_bags'}",vending_machine,,,,,,,,"9th Street,7th Street","201.66,220.26"
11076374524,,35.2278221,-80.8356761,"{'amenity': 'recycling', 'recycling_type': 'container'}",recycling,,,,,,,,"9th Street,7th Street","217.16,226.98"
11077054069,,35.2290588,-80.8360962,"{'access': 'yes', 'amenity': 'bicycle_parking', 'bicycle_parking': 'stands', 'capacity': '8', 'covered': 'no'}",bicycle_parking,,,,,,,,"9th Street,7th Street","122.5,271.14"
11077054070,,35.2285713,-80.8365969,"{'access': 'yes', 'amenity': 'bicycle_parking', 'bicycle_parking': 'stands', 'capacity': '6', 'covered': 'no', 'foot_traffic': 'medium', 'indoor': 'no'}",bicycle_parking,,,,,,,,"9th Street,7th Street","191.79,200.46"
11077054071,,35.2287664,-80.8364275,"{'amenity': 'bench', 'armrest': 'yes', 'backrest': 'yes', 'material': 'wood'}",bench,,,,,,,,"9th Street,7th Street","166.11,226.89"
11077054075,,35.229204,-80.8358635,"{'amenity': 'bench', 'armrest': 'yes', 'backrest': 'yes', 'material': 'wood'}",bench,,,,,,,,"9th Street,7th Street","95.92,297.26"
11077054076,,35.2287405,-80.8364616,"{'amenity': 'bench', 'armrest': 'yes', 'backrest': 'yes', 'material': 'wood'}",bench,,,,,,,,"9th Street,7th Street","170.33,222.69"
11077054077,,35.2291113,-80.8359816,"{'amenity': 'bench', 'armrest': 'yes', 'backrest': 'yes', 'material': 'wood'}",bench,,,,,,,,"9th Street,7th Street","110.64,282.42"
11077054078,,35.2291756,-80.8359007,"{'amenity': 'bench', 'armrest': 'yes', 'backrest': 'yes', 'material': 'wood'}",bench,,,,,,,,"9th Street,7th Street","100.5,292.65"
11077054079,,35.2287131,-80.8364976,"{'amenity': 'bench', 'armrest': 'yes', 'backrest': 'yes', 'material': 'wood'}",bench,,,,,,,,"9th Street,7th Street","174.79,218.25"
11077054081,,35.2286819,-80.836538,"{'amenity': 'bench', 'armrest': 'yes', 'backrest': 'yes', 'material': 'wood'}",bench,,,,,,,,"9th Street,7th Street","179.82,213.23"
11077054082,,35.2291478,-80.835937,"{'amenity': 'bench', 'armrest': 'yes', 'backrest': 'yes', 'material': 'wood'}",bench,,,,,,,,"9th Street,7th Street","104.98,288.15"
11077200109,,35.2299558,-80.8369401,"{'amenity': 'vending_machine', 'vending': 'parking_tickets'}",vending_machine,,,,,,,,"9th Street,7th Street","178.81,320.06"
11083011683,,35.2282388,-80.8378452,"{'amenity': 'vending_machine', 'vending': 'parking_tickets'}",vending_machine,,,,,,,,"7th Street,9th Street,CTC/Arena","114.66,305.44,482.77"
11083113695,Jimmy John's,35.2278406,-80.8395218,"{'addr:city': 'Charlotte', 'addr:housenumber': '300', 'addr:postcode': '28202', 'addr:state': 'NC', 'addr:street': 'North College Street', 'addr:unit': '100', 'amenity': 'fast_food', 'brand': ""Jimmy John's"", 'brand:wikidata': 'Q1689380', 'cuisine': 'sandwich', 'name': ""Jimmy John's"", 'official_name': ""Jimmy John's Gourmet Sandwiches"", 'phone': '+1 980-819-5351', 'takeaway': 'yes', 'website': 'https://locations.jimmyjohns.com/nc/charlotte/sandwiches-4131.html'}",fast_food,,,,,,,,"7th Street,CTC/Arena,9th Street","149.77,357.97,460.25"
11083113696,Sabor,35.2277542,-80.8394499,"{'amenity': 'fast_food', 'cuisine': 'mexican', 'name': 'Sabor'}",fast_food,,,,,,,,"7th Street,CTC/Arena,9th Street","139.67,352.8,458.84"
11093618444,,35.2256637,-80.8406002,"{'access': 'yes', 'amenity': 'bicycle_parking', 'bicycle_parking': 'stands', 'capacity': '4', 'covered': 'partial', 'foot_traffic': 'high', 'indoor': 'no'}",bicycle_parking,,,,,,,,"CTC/Arena,7th Street,3rd St/Convention","102.88,288.48,319.34"
11096399451,,35.2269081,-80.8364925,"{'amenity': 'vending_machine', 'vending': 'parking_tickets'}",vending_machine,,,,,,,,"7th Street,9th Street,CTC/Arena","146.78,338.1,493.36"
11098808614,Momo Station,35.2276099,-80.8379741,"{'amenity': 'fast_food', 'cuisine': 'indian', 'name': 'Momo Station'}",fast_food,,,,,,,,"7th Street,9th Street,CTC/Arena","43.94,356.33,424.74"
11098808615,,35.2276524,-80.8379211,"{'amenity': 'fast_food', 'cuisine': 'juice'}",fast_food,,,,,,,,"7th Street,9th Street,CTC/Arena","49.59,349.6,431.48"
11098808617,,35.2276933,-80.8379652,"{'amenity': 'fast_food', 'cuisine': 'popcorn'}",fast_food,,,,,,,,"7th Street,9th Street,CTC/Arena","53.19,349.76,431.68"
11098808618,Sweet Crunch,35.2275695,-80.8380294,"{'amenity': 'fast_food', 'cuisine': 'waffle', 'name': 'Sweet Crunch'}",fast_food,,,,,,,,,
11098808620,Geno D’s Pizza,35.2275156,-80.8383175,"{'amenity': 'fast_food', 'cuisine': 'pizza', 'name': 'Geno D’s Pizza'}",fast_food,,,,,,,,,
11098808623,,35.2272939,-80.838623,{'amenity': 'toilets'},toilets,,,,,,,,"7th Street,CTC/Arena,9th Street","51.88,357.94,424.14"
11098808624,Mad Dash,35.227591,-80.838208,"{'amenity': 'fast_food', 'name': 'Mad Dash'}",fast_food,,,,,,,,,
11098808625,Mano Bella,35.2274294,-80.8384343,"{'amenity': 'fast_food', 'cuisine': 'italian', 'name': 'Mano Bella'}",fast_food,,,,,,,,,
11151906105,,35.2291686,-80.8353791,"{'amenity': 'bicycle_parking', 'bicycle_parking': 'stands', 'capacity': '8', 'covered': 'no'}",bicycle_parking,,,,,,,,"9th Street,7th Street","68.29,325.91"
11151907805,,35.229127,-80.8353272,"{'amenity': 'bicycle_parking', 'bicycle_parking': 'stands', 'capacity': '6', 'covered': 'no'}",bicycle_parking,,,,,,,,"9th Street,7th Street","70.18,326.45"
11151907806,,35.2290963,-80.8352936,"{'amenity': 'bicycle_parking', 'bicycle_parking': 'stands', 'capacity': '6', 'covered': 'no'}",bicycle_parking,,,,,,,,"9th Street,7th Street","72.08,326.6"
11152109084,,35.2279403,-80.8421712,"{'amenity': 'bicycle_parking', 'bicycle_parking': 'stands', 'capacity': '2', 'covered': 'partial'}",bicycle_parking,,,,,,,,"CTC/Arena,7th Street","333.74,382.55"
11152216987,,35.2281525,-80.8415759,"{'amenity': 'bicycle_parking', 'bicycle_parking': 'stands', 'capacity': '2', 'covered': 'partial'}",bicycle_parking,,,,,,,,"7th Street,CTC/Arena","336.24,350.02"
11152216988,,35.2282154,-80.8414905,"{'amenity': 'bicycle_parking', 'bicycle_parking': 'stands', 'capacity': '2'}",bicycle_parking,,,,,,,,"7th Street,CTC/Arena","331.11,356.71"
11152216989,,35.2283337,-80.8416042,"{'amenity': 'bicycle_parking', 'bicycle_parking': 'stands', 'capacity': '2'}",bicycle_parking,,,,,,,,"7th Street,CTC/Arena","345.36,370.22"
11152216990,,35.2283242,-80.8413256,"{'amenity': 'bicycle_parking', 'bicycle_parking': 'stands', 'capacity': '2'}",bicycle_parking,,,,,,,,"7th Street,CTC/Arena","321.41,368.7"
11152216991,,35.2285142,-80.8413478,"{'amenity': 'bicycle_parking', 'bicycle_parking': 'stands', 'capacity': '2'}",bicycle_parking,,,,,,,,"7th Street,CTC/Arena","331.83,389.75"
11152216992,,35.2288952,-80.8405278,"{'amenity': 'bicycle_parking', 'bicycle_parking': 'stands', 'capacity': '2'}",bicycle_parking,,,,,,,,"7th Street,CTC/Arena","291.45,439.05"
11152216993,,35.2289196,-80.8404956,"{'amenity': 'bicycle_parking', 'bicycle_parking': 'stands', 'capacity': '2'}",bicycle_parking,,,,,,,,7th Street,290.95
11152216994,,35.2289634,-80.8407064,"{'amenity': 'bicycle_parking', 'bicycle_parking': 'stands', 'capacity': '4', 'covered': 'yes'}",bicycle_parking,,,,,,,,"7th Street,CTC/Arena","308.83,443.92"
11152216995,,35.2290749,-80.8405468,"{'amenity': 'bicycle_parking', 'bicycle_parking': 'stands', 'capacity': '2'}",bicycle_parking,,,,,,,,7th Street,305.82
11152216996,,35.2292383,-80.8403143,"{'amenity': 'bicycle_parking', 'bicycle_parking': 'stands', 'capacity': '2'}",bicycle_parking,,,,,,,,7th Street,303.61
11152216997,,35.2293026,-80.8402154,"{'amenity': 'bicycle_parking', 'bicycle_parking': 'stands', 'capacity': '2'}",bicycle_parking,,,,,,,,7th Street,303.01
11152216998,,35.2292852,-80.8399728,"{'amenity': 'bicycle_parking', 'bicycle_parking': 'stands', 'capacity': '2'}",bicycle_parking,,,,,,,,"7th Street,9th Street","287.67,454.84"
11152216999,,35.2299868,-80.8392514,"{'amenity': 'bicycle_parking', 'bicycle_parking': 'stands', 'capacity': '2', 'covered': 'no'}",bicycle_parking,,,,,,,,"7th Street,9th Street","325.43,388.17"
11152269318,,35.2268014,-80.8427498,{'amenity': 'bench'},bench,,,,,,,,"CTC/Arena,3rd St/Convention,7th Street","235.0,355.05,429.29"
11152269319,,35.2267767,-80.8427221,{'amenity': 'bench'},bench,,,,,,,,"CTC/Arena,3rd St/Convention,7th Street","231.34,352.53,427.09"
11152269320,,35.2268862,-80.842583,{'amenity': 'bench'},bench,,,,,,,,"CTC/Arena,3rd St/Convention,7th Street","235.67,365.92,413.25"
11152269322,,35.2269097,-80.8426112,{'amenity': 'bench'},bench,,,,,,,,"CTC/Arena,3rd St/Convention,7th Street","239.17,368.21,415.58"
11152269327,,35.2264539,-80.8420893,"{'amenity': 'bicycle_parking', 'bicycle_parking': 'stands', 'capacity': '2', 'covered': 'no'}",bicycle_parking,,,,,,,,"CTC/Arena,3rd St/Convention,7th Street","173.34,327.53,376.38"
11152269328,,35.2248199,-80.8401237,"{'amenity': 'bicycle_parking', 'bicycle_parking': 'wave', 'capacity': '5', 'covered': 'no'}",bicycle_parking,,,,,,,,"CTC/Arena,3rd St/Convention,7th Street","116.95,299.01,325.75"
11152269329,,35.2244413,-80.8400763,"{'amenity': 'bicycle_parking', 'bicycle_parking': 'wave', 'capacity': '5', 'covered': 'no'}",bicycle_parking,,,,,,,,"CTC/Arena,3rd St/Convention,7th Street","134.65,286.75,358.65"
11203593737,,35.2263857,-80.8379289,"{'access': 'yes', 'amenity': 'bicycle_parking', 'bicycle_parking': 'stands', 'capacity': '4', 'covered': 'partial', 'foot_traffic': 'low'}",bicycle_parking,,,,,,,,"7th Street,CTC/Arena,9th Street","93.29,350.45,454.02"
11203595537,,35.2265801,-80.8385145,"{'access': 'yes', 'amenity': 'bicycle_parking', 'bicycle_parking': 'wave', 'capacity': '17', 'covered': 'yes', 'foot_traffic': 'low'}",bicycle_parking,,,,,,,,"7th Street,CTC/Arena","82.14,314.93"
11203596437,,35.2269884,-80.8384122,"{'access': 'yes', 'amenity': 'bicycle_parking', 'bicycle_parking': 'stands', 'capacity': '10', 'covered': 'no', 'foot_traffic': 'high'}",bicycle_parking,,,,,,,,"7th Street,CTC/Arena,9th Street","41.07,349.37,432.25"
11208933138,,35.226995,-80.8410938,"{'access': 'yes', 'amenity': 'bicycle_parking', 'bicycle_parking': 'stands', 'capacity': '6', 'covered': 'no', 'foot_traffic': 'medium', 'indoor': 'no'}",bicycle_parking,,,,,,,,"CTC/Arena,7th Street,3rd St/Convention","222.88,277.2,415.86"
11208935638,,35.2269286,-80.8406392,"{'access': 'yes', 'amenity': 'bicycle_parking', 'bicycle_parking': 'stands', 'capacity': '2', 'covered': 'no', 'foot_traffic': 'medium', 'indoor': 'no'}",bicycle_parking,,,,,,,,"CTC/Arena,7th Street,3rd St/Convention","224.53,236.92,428.93"
11208935639,,35.2277559,-80.8399744,"{'access': 'yes', 'amenity': 'bicycle_parking', 'bicycle_parking': 'stands', 'capacity': '2'}",bicycle_parking,,,,,,,,"7th Street,CTC/Arena,9th Street","184.07,331.67,501.38"
11208964537,,35.2277894,-80.8395865,"{'access': 'yes', 'amenity': 'bicycle_parking', 'bicycle_parking': 'rack', 'capacity': '2', 'covered': 'no', 'foot_traffic': 'medium', 'indoor': 'no'}",bicycle_parking,,,,,,,,"7th Street,CTC/Arena,9th Street","152.59,350.19,468.06"
11208967242,,35.2290329,-80.8372042,"{'access': 'yes', 'amenity': 'bicycle_parking', 'bicycle_parking': 'stands', 'capacity': '4', 'covered': 'no', 'foot_traffic': 'low', 'indoor': 'no'}",bicycle_parking,,,,,,,,"9th Street,7th Street","213.78,215.61"
11219131301,,35.229371,-80.8358298,"{'access': 'yes', 'amenity': 'bicycle_parking', 'bicycle_parking': 'stands', 'capacity': '8', 'covered': 'no'}",bicycle_parking,,,,,,,,"9th Street,7th Street","83.86,313.19"
11219131304,,35.2294594,-80.8359345,"{'access': 'yes', 'amenity': 'bicycle_parking', 'bicycle_parking': 'stands', 'capacity': '8', 'covered': 'no'}",bicycle_parking,,,,,,,,"9th Street,7th Street","89.12,314.78"
11258693637,,35.2274432,-80.8390869,"{'access': 'yes', 'amenity': 'bicycle_parking', 'bicycle_parking': 'stands', 'capacity': '2', 'covered': 'partial', 'foot_traffic': 'medium', 'indoor': 'no'}",bicycle_parking,,,,,,,,"7th Street,CTC/Arena,9th Street","96.67,342.55,448.27"
11258695537,,35.2270377,-80.8372281,"{'access': 'yes', 'amenity': 'bicycle_parking', 'bicycle_parking': 'bollard', 'capacity': '6', 'covered': 'no', 'foot_traffic': 'low', 'indoor': 'no'}",bicycle_parking,,,,,,,,"7th Street,9th Street,CTC/Arena","78.36,358.16,441.03"
11258775837,,35.2295569,-80.8420221,"{'access': 'yes', 'amenity': 'bicycle_parking', 'bicycle_parking': 'stands', 'capacity': '2', 'covered': 'no', 'foot_traffic': 'low', 'indoor': 'no'}",bicycle_parking,,,,,,,,7th Street,444.02
11272669669,,35.2266539,-80.8404972,"{'access': 'yes', 'amenity': 'bicycle_parking', 'bicycle_parking': 'wave', 'capacity': '3', 'covered': 'no', 'foot_traffic': 'medium', 'indoor': 'no'}",bicycle_parking,,,,,,,,"CTC/Arena,7th Street,3rd St/Convention","200.61,230.5,410.3"
11272670369,,35.2264499,-80.8398991,"{'access': 'yes', 'amenity': 'bicycle_parking', 'bicycle_parking': 'wave', 'capacity': '9', 'covered': 'yes', 'foot_traffic': 'low', 'indoor': 'no'}",bicycle_parking,,,,,,,,"7th Street,CTC/Arena,3rd St/Convention","187.89,210.39,426.53"
11294418169,,35.2277363,-80.837181,"{'access': 'yes', 'amenity': 'bicycle_parking', 'bicycle_parking': 'stands', 'capacity': '6', 'covered': 'no', 'foot_traffic': 'medium', 'indoor': 'no'}",bicycle_parking,,,,,,,,"7th Street,9th Street","98.37,294.64"
11310673269,,35.2252266,-80.836628,"{'access': 'yes', 'amenity': 'bicycle_parking', 'bicycle_parking': 'stands', 'bicycle_parking:count': '2', 'capacity': '4', 'covered': 'no', 'foot_traffic': 'low', 'indoor': 'no'}",bicycle_parking,,,,,,,,"7th Street,CTC/Arena","256.62,434.08"
11355293677,,35.2260818,-80.8384198,{'amenity': 'parking_entrance'},parking_entrance,,,,,,,,"7th Street,CTC/Arena","130.4,295.72"
11355293678,,35.2263431,-80.8381499,{'amenity': 'parking_entrance'},parking_entrance,,,,,,,,"7th Street,CTC/Arena,9th Street","97.59,330.34,469.84"
11360379000,Mortimer's Cafe & Pub,35.225312,-80.8423109,"{'amenity': 'pub', 'name': ""Mortimer's Cafe & Pub"", 'smoking': 'no'}",pub,,,,,,,,"CTC/Arena,3rd St/Convention,7th Street","90.67,200.69,440.92"
11360379001,Fuji Hibachi & Teriyaki,35.2253941,-80.8424274,"{'amenity': 'restaurant', 'cuisine': 'japanese', 'name': 'Fuji Hibachi & Teriyaki'}",restaurant,,,,,,,,"CTC/Arena,3rd St/Convention,7th Street","104.03,206.06,446.05"
11378551069,,35.2300665,-80.8420911,"{'access': 'permissive', 'amenity': 'bicycle_parking', 'bicycle_parking': 'stands', 'capacity': '8', 'covered': 'yes', 'description': 'Inside paid parking garage, next to entrance', 'foot_traffic': 'none', 'indoor': 'no'}",bicycle_parking,,,,,,,,7th Street,483.95
11529341271,,35.2286352,-80.83499,"{'access': 'yes', 'amenity': 'bicycle_parking', 'bicycle_parking': 'stands', 'capacity': '16', 'covered': 'no', 'foot_traffic': 'low', 'indoor': 'no'}",bicycle_parking,,,,,,,,"9th Street,7th Street","118.09,320.43"
11833480110,Cakeable Cafe,35.2299632,-80.8394478,"{'addr:city': 'Charlotte', 'addr:housenumber': '401', 'addr:postcode': '28202', 'addr:state': 'NC', 'addr:street': 'North Tryon Street', 'addr:unit': '106', 'amenity': 'cafe', 'cuisine': 'coffee_shop', 'name': 'Cakeable Cafe', 'website': 'https://wearecakeable.org'}",cafe,,,,,,,,"7th Street,9th Street","329.39,405.78"
12162148602,Stage Door Theater,35.227029,-80.8411213,"{'addr:housenumber': '155', 'addr:postcode': '28202', 'amenity': 'theatre', 'name': 'Stage Door Theater', 'outdoor_seating': 'no'}",theatre,,,,,,,,"CTC/Arena,7th Street,3rd St/Convention","226.34,279.38,418.2"
12200268402,,35.2285842,-80.8365705,"{'amenity': 'vending_machine', 'bin': 'yes', 'fee': 'no', 'vending': 'excrement_bags'}",vending_machine,,,,,,,,"9th Street,7th Street","189.04,203.13"
12253985478,,35.227938,-80.8369021,{'amenity': 'drinking_water'},drinking_water,,,,,,,,"7th Street,9th Street","132.07,261.04"
12363254613,,35.2299678,-80.840179,{'amenity': 'parking_entrance'},parking_entrance,,,,,,,,7th Street,360.61
12421861670,Founders Hall Library,35.2267345,-80.8422318,"{'access': 'yes', 'addr:city': 'Charlotte', 'addr:county': 'Mecklenburg', 'addr:housenumber': '100', 'addr:postcode': '28202', 'addr:state': 'NC', 'addr:street': 'North Tryon Street', 'addr:unit': 'Suite 290', 'amenity': 'library', 'level': '1', 'name': 'Founders Hall Library', 'nat_ref': 'C-MECKLENBURG-FH', 'opening_hours': 'Mo-Fr 08:00-16:00', 'operator': 'Charlotte Mecklenburg Library', 'operator:type': 'public', 'phone': '+1 704-416-0300', 'website': 'https://www.foundershallevents.com/'}",library,,,,,,,,"CTC/Arena,3rd St/Convention,7th Street","207.05,354.61,383.43"
12445662589,,35.2239225,-80.8396062,"{'addr:housenumber': '420', 'addr:street': 'East Trade Street', 'amenity': 'atm', 'check_date': '2026-01-19', 'covered': 'yes', 'currency:USD': 'yes', 'drive_through': 'no', 'indoor': 'yes', 'lit': 'yes', 'note': 'ATM is located inside of Midnight Diner', 'opening_hours': '24/7', 'wheelchair': 'yes'}",atm,,,,,,,,"CTC/Arena,3rd St/Convention,7th Street","201.57,316.21,391.83"
12499185801,,35.2252174,-80.8401552,"{'access': 'yes', 'amenity': 'bicycle_parking', 'bicycle_parking': 'stands', 'capacity': '2', 'covered': 'no', 'indoor': 'no'}",bicycle_parking,,,,,,,,"CTC/Arena,7th Street,3rd St/Convention","114.93,292.71,318.83"
12499185901,,35.2251276,-80.8401432,"{'access': 'yes', 'amenity': 'bicycle_parking', 'bicycle_parking': 'stands', 'capacity': '2', 'covered': 'no', 'indoor': 'no'}",bicycle_parking,,,,,,,,"CTC/Arena,7th Street,3rd St/Convention","114.34,299.64,314.3"
12566300626,,35.2284122,-80.8355194,"{'amenity': 'bench', 'backrest': 'yes', 'historic': 'memorial', 'memorial': 'bench'}",bench,,,,,,,,"9th Street,7th Street","150.44,266.33"
12583296961,,35.2227759,-80.8364327,{'amenity': 'parking_entrance'},parking_entrance,,,,,,,,"CTC/Arena,7th Street","514.15,514.62"
12583296963,,35.2227525,-80.8364634,{'amenity': 'parking_entrance'},parking_entrance,,,,,,,,"CTC/Arena,7th Street","512.96,516.31"
12583296965,,35.2228918,-80.8362848,{'amenity': 'parking_entrance'},parking_entrance,,,,,,,,"7th Street,CTC/Arena","506.46,520.1"
12583296967,,35.2228671,-80.836317,{'amenity': 'parking_entrance'},parking_entrance,,,,,,,,"7th Street,CTC/Arena","508.13,518.73"
12583296969,,35.222845,-80.8363427,{'amenity': 'parking_entrance'},parking_entrance,,,,,,,,"7th Street,CTC/Arena","509.74,517.77"
12638766035,Provided Coffee,35.2287009,-80.8345049,"{'amenity': 'cafe', 'cuisine': 'coffee_shop', 'email': 'providedcoffee@gmail.com', 'name': 'Provided Coffee', 'opening_hours': 'Tu-Su 08:00-14:00', 'phone': '+1-980-781-0045', 'website': 'https://www.providedcoffee.com'}",cafe,,,,,,,,"9th Street,7th Street","119.61,362.81"
12663354462,,35.2292809,-80.8353939,"{'amenity': 'bicycle_parking', 'bicycle_parking': 'stands', 'capacity': '8', 'covered': 'yes'}",bicycle_parking,,,,,,,,"9th Street,7th Street","58.69,333.31"
12753184001,,35.228073,-80.8402514,"{'access': 'yes', 'amenity': 'bicycle_parking', 'bicycle_parking': 'wave', 'capacity': '17', 'covered': 'yes'}",bicycle_parking,,,,,,,,"7th Street,CTC/Arena","220.71,356.2"
12942844701,,35.2293028,-80.84165,"{'access': 'yes', 'amenity': 'bicycle_parking', 'bicycle_parking': 'stands', 'capacity': '8', 'covered': 'yes'}",bicycle_parking,,,,,,,,7th Street,400.09
12963151032,Social Cow,35.2274602,-80.8382591,"{'amenity': 'ice_cream', 'name': 'Social Cow'}",ice_cream,,,,,,,,,
12963730452,Carolina Theater,35.2283899,-80.8407086,"{'addr:city': 'Charlotte', 'addr:housenumber': '230', 'addr:postcode': '28202', 'addr:state': 'NC', 'addr:street': 'North Tryon Street', 'amenity': 'theatre', 'name': 'Carolina Theater', 'website': 'https://www.thecarolina.com'}",theatre,,,,,,,,"7th Street,CTC/Arena","273.72,381.02"
12963730453,Belk Place,35.2285313,-80.8408519,"{'amenity': 'community_centre', 'community_centre': 'community_hall', 'name': 'Belk Place'}",community_centre,,,,,,,,"7th Street,CTC/Arena","292.73,394.67"
13174801087,Brooklyn Lounge,35.2253157,-80.837249,"{'amenity': 'nightclub', 'name': 'Brooklyn Lounge'}",nightclub,,,,,,,,"7th Street,CTC/Arena","223.71,378.46"
13192516401,,35.2233784,-80.8361083,"{'access': 'yes', 'amenity': 'bicycle_parking', 'bicycle_parking': 'stands', 'capacity': '2', 'covered': 'no', 'indoor': 'no'}",bicycle_parking,,,,,,,,7th Street,461.57
13192516901,,35.2234768,-80.835897,"{'access': 'yes', 'amenity': 'bicycle_parking', 'bicycle_parking': 'stands', 'capacity': '2', 'covered': 'no', 'indoor': 'no'}",bicycle_parking,,,,,,,,7th Street,459.43
13195260251,,35.2233443,-80.8361541,{'amenity': 'bench'},bench,,,,,,,,7th Street,463.49
13195260252,,35.2235187,-80.835923,{'amenity': 'waste_basket'},waste_basket,,,,,,,,7th Street,454.21
13230735794,,35.2281261,-80.8419107,{'amenity': 'waste_basket'},waste_basket,,,,,,,,"CTC/Arena,7th Street","349.91,364.53"
13230735795,,35.2281379,-80.8418932,"{'amenity': 'recycling', 'recycling_type': 'container'}",recycling,,,,,,,,"CTC/Arena,7th Street","350.99,363.37"
13230735797,,35.228166,-80.8418397,"{'amenity': 'vending_machine', 'vending': 'newspapers'}",vending_machine,,,,,,,,"CTC/Arena,7th Street","353.49,359.59"
13230735798,,35.2281878,-80.8418201,{'amenity': 'telephone'},telephone,,,,,,,,"CTC/Arena,7th Street","355.69,358.6"
13230735799,,35.2282208,-80.841772,{'amenity': 'bench'},bench,,,,,,,,"7th Street,CTC/Arena","355.55,358.88"
13230735800,,35.2282434,-80.841741,{'amenity': 'bench'},bench,,,,,,,,"7th Street,CTC/Arena","353.67,361.11"
13230735801,,35.2284259,-80.8414797,{'amenity': 'bench'},bench,,,,,,,,"7th Street,CTC/Arena","338.71,380.02"
13230735802,,35.2284531,-80.8414408,{'amenity': 'waste_basket'},waste_basket,,,,,,,,"7th Street,CTC/Arena","336.67,382.98"
13230735803,,35.2284458,-80.8414514,"{'amenity': 'recycling', 'recycling_type': 'container'}",recycling,,,,,,,,"7th Street,CTC/Arena","337.23,382.18"
13230735808,,35.2285992,-80.8412329,"{'amenity': 'recycling', 'recycling_type': 'container'}",recycling,,,,,,,,"7th Street,CTC/Arena","326.74,399.41"
13230735809,,35.2286111,-80.8412154,{'amenity': 'waste_basket'},waste_basket,,,,,,,,"7th Street,CTC/Arena","325.96,400.79"
13230735810,,35.2286437,-80.8411653,{'amenity': 'bench'},bench,,,,,,,,"7th Street,CTC/Arena","323.7,404.61"
13230735811,,35.2286652,-80.8411344,{'amenity': 'bench'},bench,,,,,,,,"7th Street,CTC/Arena","322.42,407.14"
13230735816,,35.2287614,-80.8410014,{'amenity': 'waste_basket'},waste_basket,,,,,,,,"7th Street,CTC/Arena","317.59,418.64"
13259921801,The Market at 7th Street,35.2276648,-80.8381339,"{'addr:housenumber': '224', 'addr:postcode': '28202', 'addr:street': 'East 7th Street', 'amenity': 'food_court', 'internet_access': 'wlan', 'name': 'The Market at 7th Street', 'opening_hours': 'Mo-Th 08:00-21:00,\nFr-Sa 08:00-22:00,\nSu 09:00-18:00', 'website': 'https://themarketat7thstreet.com/'}",food_court,,,,,,,,,
13265364295,,35.227789,-80.8381595,"{'amenity': 'bicycle_parking', 'bicycle_parking': 'rack', 'covered': 'yes'}",bicycle_parking,,,,,,,,"7th Street,9th Street,CTC/Arena","63.75,357.18,426.72"
13274848601,,35.2272871,-80.8385892,"{'amenity': 'public_bookcase', 'brand': 'Little Free Library', 'brand:wikidata': 'Q6650101'}",public_bookcase,,,,,,,,,
13457166666,USPS,35.226797,-80.8420988,"{'amenity': 'post_office', 'level': '1', 'name': 'USPS', 'operator': 'United States Postal Service', 'operator:short': 'USPS', 'operator:type': 'public', 'operator:wikidata': 'Q668687'}",post_office,,,,,,,,"CTC/Arena,3rd St/Convention,7th Street","209.47,364.1,370.51"
13457166669,,35.2265722,-80.8422237,{'amenity': 'bench'},bench,,,,,,,,"CTC/Arena,3rd St/Convention,7th Street","190.15,337.21,385.64"
13457166670,,35.2264236,-80.8420509,"{'amenity': 'recycling', 'recycling_type': 'container'}",recycling,,,,,,,,"CTC/Arena,3rd St/Convention,7th Street","168.95,325.26,373.75"
13457166671,,35.226414,-80.8420391,{'amenity': 'waste_basket'},waste_basket,,,,,,,,"CTC/Arena,3rd St/Convention,7th Street","167.57,324.55,372.97"
13457166672,,35.2268023,-80.8424831,{'amenity': 'waste_basket'},waste_basket,,,,,,,,"CTC/Arena,3rd St/Convention,7th Street","223.26,357.9,405.16"
13457166673,,35.2268574,-80.842547,"{'amenity': 'recycling', 'recycling_type': 'container'}",recycling,,,,,,,,"CTC/Arena,3rd St/Convention,7th Street","231.34,363.15,410.29"
13477755617,,35.2272098,-80.8385343,"{'access': 'permissive', 'amenity': 'drinking_water', 'bottle': 'yes', 'indoor': 'yes'}",drinking_water,,,,,,,,"7th Street,CTC/Arena,9th Street","43.18,357.2,423.91"
48908467,Charlotte Transportation Center,35.2244978,-80.8410525,"{'amenity': 'bus_station', 'building': 'yes', 'bus': 'yes', 'height': '30', 'name': 'Charlotte Transportation Center', 'operator': 'Charlotte Area Transit System', 'public_transport': 'station'}",bus_station,,,,,station,,,"CTC/Arena,3rd St/Convention","63.6,207.53"
120628264,Seventh Street Station Car Park,35.2275722,-80.8384746,"{'alt_name': '7th Street Station', 'amenity': 'parking', 'building': 'parking', 'height': '32', 'name': 'Seventh Street Station Car Park', 'parking': 'multi-storey'}",parking,,,,,,,,,
131139730,Federal Reserve Bank,35.2228239,-80.8390124,"{'addr:city': 'Charlotte', 'addr:housenumber': '530', 'addr:postcode': '28202', 'addr:state': 'NC', 'addr:street': 'East Trade Street', 'amenity': 'bank', 'atm': 'no', 'building': 'office', 'drive_through': 'no', 'government': 'yes', 'height': '36', 'name': 'Federal Reserve Bank', 'operator': 'United States of America', 'website': 'https://www.richmondfed.org/about_us/visit_us/locations/charlotte', 'wikidata': 'Q5440387'}",bank,,,,,,,,,
174171799,Lot #406,35.2238588,-80.8402171,"{'addr:city': 'Charlotte', 'addr:housenumber': '406', 'addr:postcode': '28202', 'addr:state': 'NC', 'addr:street': 'East 4th Street', 'amenity': 'parking', 'fee': 'yes', 'name': 'Lot #406', 'operator': 'Preferred Parking', 'parking': 'surface', 'surface': 'asphalt'}",parking,,,,,,,,"CTC/Arena,3rd St/Convention,7th Street","165.56,260.18,421.29"
174171808,Lot #402,35.2231215,-80.8412855,"{'addr:city': 'Charlotte', 'addr:housenumber': '402', 'addr:postcode': '28202', 'addr:state': 'NC', 'addr:street': 'East 4th Street', 'amenity': 'parking', 'fee': 'yes', 'name': 'Lot #402', 'operator': 'Preferred Parking', 'parking': 'surface', 'surface': 'asphalt'}",parking,,,,,,,,"3rd St/Convention,CTC/Arena","170.33,208.54"
313204070,,35.2231247,-80.8367497,"{'access': 'private', 'amenity': 'parking', 'building': 'yes', 'height': '28', 'parking': 'multi-storey'}",parking,,,,,,,,7th Street,469.56
313204153,,35.2231052,-80.835664,"{'amenity': 'parking', 'parking': 'surface', 'surface': 'asphalt'}",parking,,,,,,,,,
322277873,,35.2231595,-80.8395432,"{'amenity': 'parking', 'building': 'yes', 'height': '15', 'parking': 'multi-storey', 'supervised': 'yes', 'surface': 'concrete'}",parking,,,,,,,,"CTC/Arena,3rd St/Convention,7th Street","264.4,323.92,470.1"
322278769,ImaginOn - The Joe & Joan Martin Center,35.2269433,-80.8376692,"{'addr:city': 'Charlotte', 'addr:county': 'Mecklenburg', 'addr:housenumber': '300', 'addr:postcode': '28202', 'addr:state': 'NC', 'addr:street': 'East 7th Street', 'amenity': 'library', 'building': 'yes', 'height': '27', 'internet_access': 'terminal', 'name': 'ImaginOn - The Joe & Joan Martin Center', 'nat_ref': 'C-MECKLENBURG-IM', 'operator': 'CML', 'operator:type': 'public', 'phone': '+1 704-416-4600', 'website': 'https://www.imaginon.org/', 'wikidata': 'Q69857334', 'wikipedia': 'en:ImaginOn'}",library,,,,,,,,,
322992977,300 North Brevard Street,35.2260228,-80.8369988,"{'access': 'yes', 'addr:city': 'Charlotte', 'addr:housenumber': '300', 'addr:postcode': '28202', 'addr:state': 'NC', 'addr:street': 'North Brevard Street', 'amenity': 'parking', 'fee': 'yes', 'name': '300 North Brevard Street', 'operator': 'Preferred Parking', 'parking': 'surface', 'surface': 'asphalt'}",parking,,,,,,,,"7th Street,CTC/Arena,9th Street","164.18,415.39,446.53"
322992978,418 East 7th Street,35.2261642,-80.8364083,"{'access': 'yes', 'addr:city': 'Charlotte', 'addr:housenumber': '418', 'addr:postcode': '28202', 'addr:state': 'NC', 'addr:street': 'East 7th Street', 'amenity': 'parking', 'fee': 'yes', 'name': '418 East 7th Street', 'operator': 'Preferred Parking', 'parking': 'surface', 'surface': 'asphalt'}",parking,,,,,,,,"7th Street,9th Street,CTC/Arena","190.53,412.53,471.37"
322992981,,35.2229121,-80.8370089,{'amenity': 'parking'},parking,,,,,,,,"CTC/Arena,7th Street","461.05,487.23"
322992984,221 North Caldwell Street,35.2252479,-80.837631,"{'access': 'yes', 'addr:city': 'Charlotte', 'addr:housenumber': '221', 'addr:postcode': '28202', 'addr:state': 'NC', 'addr:street': 'North Caldwell Street', 'amenity': 'parking', 'fee': 'yes', 'name': '221 North Caldwell Street', 'operator': 'Preferred Parking', 'parking': 'surface', 'surface': 'asphalt'}",parking,,,,,,,,"7th Street,CTC/Arena","222.16,343.18"
322992985,,35.2252109,-80.8358408,{'amenity': 'parking'},parking,,,,,,,,7th Street,300.71
322992989,,35.2304687,-80.8348793,{'amenity': 'parking'},parking,,,,,,,,9th Street,85.95
322992995,,35.2247143,-80.8366746,{'amenity': 'parking'},parking,,,,,,,,"7th Street,CTC/Arena","305.15,430.28"
322992997,,35.2292652,-80.8343526,{'amenity': 'parking'},parking,,,,,,,,"9th Street,7th Street","76.13,406.52"
322993001,,35.2253096,-80.8356347,{'amenity': 'parking'},parking,,,,,,,,7th Street,305.93
322993007,501 East Trade Street,35.2237257,-80.8379504,"{'access': 'permit', 'addr:city': 'Charlotte', 'addr:housenumber': '500', 'addr:postcode': '28202', 'addr:state': 'NC', 'addr:street': 'East Trade Street', 'amenity': 'parking', 'fee': 'yes', 'name': '501 East Trade Street', 'parking': 'surface', 'surface': 'gravel'}",parking,,,,,,,,"CTC/Arena,7th Street","343.43,387.65"
322993008,,35.2241996,-80.8350728,{'amenity': 'parking'},parking,,,,,,,,7th Street,431.39
322993009,Victoria Yards,35.2284036,-80.8379761,"{'addr:city': 'Charlotte', 'addr:housenumber': '209', 'addr:postcode': '28202', 'addr:state': 'NC', 'addr:street': 'East 7th Street', 'amenity': 'events_venue', 'check_date': '2023-06-12', 'name': 'Victoria Yards', 'operator': 'Charlotte Center City Partners'}",events_venue,,,,,,,,"7th Street,9th Street,CTC/Arena","131.48,306.61,488.86"
322993012,241 North Alexander Street,35.2236382,-80.8355009,"{'access': 'yes', 'addr:city': 'Charlotte', 'addr:housenumber': '241', 'addr:postcode': '28202', 'addr:state': 'NC', 'addr:street': 'North Alexander Street', 'amenity': 'parking', 'fee': 'yes', 'name': '241 North Alexander Street', 'operator': 'Preferred Parking', 'parking': 'surface', 'surface': 'gravel'}",parking,,,,,,,,7th Street,460.46
322993013,401 East 7th Street,35.2268776,-80.8361154,"{'access': 'yes', 'addr:city': 'Charlotte', 'addr:housenumber': '401', 'addr:postcode': '28202', 'addr:state': 'NC', 'addr:street': 'East 7th Street', 'amenity': 'parking', 'fee': 'yes', 'name': '401 East 7th Street', 'operator': 'Preferred Parking', 'parking': 'surface', 'surface': 'asphalt'}",parking,,,,,,,,"7th Street,9th Street","180.99,329.05"
322993014,,35.2267744,-80.8335762,"{'amenity': 'parking', 'wheelchair': 'yes'}",parking,,,,,,,,9th Street,349.36
322993017,,35.222597,-80.836039,{'amenity': 'parking'},parking,,,,,,,,,
322993020,,35.2254429,-80.8357599,{'amenity': 'parking'},parking,,,,,,,,7th Street,287.49
322993024,Lot #424,35.2288827,-80.8376349,"{'addr:city': 'Charlotte', 'addr:housenumber': '424', 'addr:postcode': '28202', 'addr:state': 'NC', 'addr:street': 'North College Street', 'amenity': 'parking', 'fee': 'yes', 'name': 'Lot #424', 'operator': 'Preferred Parking', 'parking': 'surface', 'surface': 'asphalt'}",parking,,,,,,,,"7th Street,9th Street","188.41,256.33"
341587198,Bank of America,35.2273123,-80.8422252,"{'addr:city': 'Charlotte', 'addr:housenumber': '100', 'addr:postcode': '28202', 'addr:state': 'NC', 'addr:street': 'North Tryon Street', 'amenity': 'bank', 'branch': 'Financial Center', 'brand': 'Bank of America', 'brand:wikidata': 'Q487907', 'building': 'yes', 'building:levels': '88', 'check_date': '2021-04-21', 'height': '265', 'name': 'Bank of America', 'name:en': 'Bank of America Corporate Center', 'operator': 'Bank of America', 'website': 'https://locators.bankofamerica.com/nc/charlotte/financial-centers-charlotte-16702.html', 'wikidata': 'Q586913', 'wikipedia': 'en:Bank of America Corporate Center'}",bank,,,,,,,,,
380090201,,35.2228001,-80.8344437,"{'amenity': 'fire_station', 'building': 'yes', 'height': '10'}",fire_station,,,,,,,,7th Street,590.39
380090203,CMPD Headquarters,35.2227587,-80.8372767,"{'amenity': 'police', 'building': 'yes', 'height': '47', 'name': 'CMPD Headquarters'}",police,,,,,,,,"CTC/Arena,7th Street","449.33,499.87"
394430321,,35.226025,-80.8406521,"{'amenity': 'parking', 'building': 'yes', 'height': '28', 'parking': 'multi-storey'}",parking,,,,,,,,"CTC/Arena,7th Street,3rd St/Convention","132.03,270.56,346.04"
397369783,St. Peter's Episcopal Church,35.2298349,-80.8404661,"{'amenity': 'place_of_worship', 'building': 'church', 'denomination': 'episcopal', 'height': '15', 'name': ""St. Peter's Episcopal Church"", 'religion': 'christian'}",place_of_worship,,,,,,,,7th Street,363.37
398591585,First United Presbyterian Church,35.2286037,-80.8383165,"{'addr:city': 'Charlotte', 'addr:housenumber': '406', 'addr:postcode': '28202', 'addr:state': 'NC', 'addr:street': 'North College Street', 'amenity': 'place_of_worship', 'building': 'church', 'ele': '241', 'gnis:feature_id': '1985682', 'height': '18', 'name': 'First United Presbyterian Church', 'religion': 'christian', 'source': 'USGS Geonames'}",place_of_worship,,,,,,,,"7th Street,9th Street,CTC/Arena","155.22,325.36,487.8"
468471045,Lot #219,35.2282195,-80.8373764,"{'addr:city': 'Charlotte', 'addr:housenumber': '219', 'addr:postcode': '28202', 'addr:state': 'NC', 'addr:street': 'East 7th Street', 'amenity': 'parking', 'fee': 'yes', 'name': 'Lot #219', 'operator': 'Preferred Parking', 'parking': 'surface', 'surface': 'asphalt'}",parking,,,,,,,,"7th Street,9th Street,CTC/Arena","127.11,271.51,510.76"
500204486,Charlotte Plaza Parking,35.2246401,-80.8426857,"{'access': 'yes', 'addr:city': 'Charlotte', 'addr:housenumber': '306', 'addr:postcode': '28202', 'addr:state': 'NC', 'addr:street': 'East 4th Street', 'alt_name': 'SP Plus', 'amenity': 'parking', 'brand': 'SP+', 'brand:wikidata': 'Q7598289', 'building': 'yes', 'capacity': '980', 'fee': 'yes', 'height': '36', 'name': 'Charlotte Plaza Parking', 'operator': 'SP+', 'operator:type': 'private', 'operator:wikidata': 'Q7598289', 'parking': 'multi-storey', 'surface': 'concrete'}",parking,,,,,,,,,
502718738,Belk Theater at Blumenthal Performing Arts Center,35.227317,-80.8415145,"{'addr:city': 'Charlotte', 'addr:housenumber': '130', 'addr:postcode': '28202', 'addr:state': 'NC', 'addr:street': 'North Tryon Street', 'amenity': 'theatre', 'building': 'yes', 'height': '30', 'name': 'Belk Theater at Blumenthal Performing Arts Center', 'wikidata': 'Q7054435'}",theatre,,,,,,,,"CTC/Arena,7th Street","257.21,314.54"
513106099,Lot #125,35.2238487,-80.8406868,"{'addr:city': 'Charlotte', 'addr:housenumber': '125', 'addr:postcode': '28202', 'addr:state': 'NC', 'addr:street': 'South Brevard Street', 'amenity': 'parking', 'fee': 'yes', 'name': 'Lot #125', 'operator': 'Preferred Parking', 'parking': 'surface', 'surface': 'asphalt'}",parking,,,,,,,,"CTC/Arena,3rd St/Convention","142.82,217.58"
513106103,Lot #415S,35.2234748,-80.8402947,"{'addr:city': 'Charlotte', 'addr:housenumber': '415', 'addr:postcode': '28202', 'addr:state': 'NC', 'addr:street': 'East 4th Street', 'amenity': 'parking', 'fee': 'yes', 'name': 'Lot #415S', 'operator': 'Preferred Parking', 'parking': 'surface', 'surface': 'asphalt'}",parking,,,,,,,,"CTC/Arena,3rd St/Convention,7th Street","196.33,252.1,462.46"
513106106,Lot #426,35.2235465,-80.8398452,"{'addr:city': 'Charlotte', 'addr:housenumber': '426', 'addr:postcode': '28202', 'addr:state': 'NC', 'addr:street': 'East Trade Street', 'amenity': 'parking', 'fee': 'yes', 'name': 'Lot #426', 'operator': 'Peferred Parking', 'parking': 'surface', 'surface': 'asphalt'}",parking,,,,,,,,"CTC/Arena,3rd St/Convention,7th Street","213.88,292.64,438.59"
626310897,,35.2260529,-80.8346414,{'amenity': 'parking'},parking,,,,,,,,"7th Street,9th Street","336.94,405.78"
672780369,,35.2244231,-80.8398149,"{'amenity': 'shelter', 'building': 'yes'}",shelter,,,,,,,,"CTC/Arena,3rd St/Convention,7th Street","156.97,308.77,348.87"
672780370,,35.2247522,-80.8402018,"{'amenity': 'shelter', 'building': 'yes'}",shelter,,,,,,,,"CTC/Arena,3rd St/Convention,7th Street","111.57,289.31,335.99"
672783588,,35.2227935,-80.8378688,"{'amenity': 'shelter', 'building': 'yes'}",shelter,,,,,,,,"CTC/Arena,7th Street","403.19,491.21"
909453943,,35.2270117,-80.8426192,"{'amenity': 'fountain', 'natural': 'water', 'water': 'yes'}",fountain,,,,,,,,"CTC/Arena,3rd St/Convention","249.57,379.38"
1004213264,,35.2281629,-80.8366654,"{'access': 'yes', 'amenity': 'toilets', 'building': 'yes', 'opening_hours': 'Mo-Su 09:00-sunset'}",toilets,,,,,,,,"7th Street,9th Street","164.44,228.09"
1004213283,,35.2283216,-80.8353752,"{'amenity': 'parking', 'layer': '-1', 'parking': 'underground'}",parking,,,,,,,,"9th Street,7th Street","156.63,273.15"
1004213293,,35.2280566,-80.8356909,{'amenity': 'fountain'},fountain,,,,,,,,"9th Street,7th Street","192.79,234.7"
1004216935,,35.2287657,-80.8357584,"{'access': 'yes', 'amenity': 'parking', 'fee': 'yes', 'parking': 'surface'}",parking,,,,,,,,9th Street,124.49
1024112216,,35.229194,-80.8417491,"{'amenity': 'parking', 'building': 'yes', 'height': '29', 'parking': 'multi-storey'}",parking,,,,,,,,7th Street,400.77
1047474980,,35.2287428,-80.8329988,"{'amenity': 'school', 'operator': 'Charlotte-Mecklenburg Schools', 'operator:short': 'CMS', 'operator:type': 'public', 'operator:wikidata': 'Q2944229', 'operator:wikipedia': 'en:Charlotte-Mecklenburg Schools'}",school,,,,,,,,9th Street,210.78
1047744375,422 East 9th Street,35.227588,-80.8346462,"{'access': 'yes', 'addr:city': 'Charlotte', 'addr:housenumber': '422', 'addr:postcode': '28202', 'addr:state': 'NC', 'addr:street': 'East 9th Street', 'amenity': 'parking', 'fee': 'yes', 'name': '422 East 9th Street', 'operator': 'Preferred Parking', 'parking': 'surface', 'surface': 'gravel'}",parking,,,,,,,,"9th Street,7th Street","236.42,313.32"
1047744389,418 East 6th Street,35.2257396,-80.837736,"{'access': 'permit', 'addr:city': 'Charlotte', 'addr:housenumber': '418', 'addr:postcode': '28202', 'addr:state': 'NC', 'addr:street': 'East 6th Street', 'amenity': 'parking', 'fee': 'yes', 'name': '418 East 6th Street', 'operator': 'Preferred Parking', 'parking': 'surface', 'surface': 'asphalt'}",parking,,,,,,,,"7th Street,CTC/Arena","166.8,342.48"
1098375127,,35.2288876,-80.8386545,"{'amenity': 'parking', 'parking': 'surface', 'surface': 'asphalt'}",parking,,,,,,,,"7th Street,9th Street,CTC/Arena","192.69,344.54,497.84"
1181513185,,35.2270974,-80.8367814,"{'amenity': 'bicycle_parking', 'bicycle_parking': 'stands', 'capacity': '10', 'fee': 'no'}",bicycle_parking,,,,,,,,"7th Street,9th Street,CTC/Arena","117.14,331.04,479.57"
1192155448,Midnight Diner,35.2238789,-80.8396684,"{'addr:city': 'Charlotte', 'addr:housenumber': '420', 'addr:postcode': '28202', 'addr:state': 'NC', 'addr:street': 'East Trade Street', 'air_conditioning': 'yes', 'amenity': 'restaurant', 'building': 'retail', 'check_date': '2026-01-14', 'cuisine': 'diner;american', 'internet_access': 'no', 'microbrewery': 'no', 'name': 'Midnight Diner', 'opening_hours': '24/7', 'payment:cash': 'yes', 'payment:contactless': 'no', 'payment:credit_cards': 'yes', 'payment:debit_cards': 'yes', 'phone': '+19802073641', 'toilets': 'yes', 'website': 'https://midnightdinercharlotte.com/', 'wheelchair': 'yes'}",restaurant,,,,,,,,"CTC/Arena,3rd St/Convention,7th Street","200.01,310.08,398.39"
1193371064,,35.2301749,-80.8372028,"{'addr:city': 'Charlotte', 'addr:housenumber': '521', 'addr:postcode': '28202', 'addr:state': 'NC', 'addr:street': 'North College Street', 'amenity': 'parking', 'fee': 'yes', 'operator': 'Preferred Parking', 'parking': 'surface', 'phone': '+1 704 375 6014', 'website': 'https://www.preferredparking.com'}",parking,,,,,,,,9th Street,207.25
1195991110,The Market at 7th Street,35.2274351,-80.8383336,"{'addr:city': 'Charlotte', 'addr:housenumber': '224', 'addr:postcode': '28202', 'addr:state': 'NC', 'addr:street': 'East 7th Street', 'amenity': 'food_court', 'name': 'The Market at 7th Street', 'opening_hours': 'Tu-We 08:00-19:00; Th-Sa 08:00-20:00; Su 09:00-17:00', 'website': 'https://themarketat7thstreet.com/'}",food_court,,,,,,,,,
1223392163,,35.222522,-80.834981,"{'amenity': 'parking', 'parking': 'surface'}",parking,,,,,,,,,
1223392164,,35.2228524,-80.8346813,"{'amenity': 'parking', 'parking': 'surface'}",parking,,,,,,,,7th Street,573.72
1309950405,,35.2294416,-80.838523,"{'amenity': 'parking', 'building': 'yes', 'parking': 'multi-storey'}",parking,,,,,,,,,
1364772388,,35.2287501,-80.8343656,{'amenity': 'parking'},parking,,,,,,,,"9th Street,7th Street","120.13,376.58"
1372244748,,35.2293707,-80.8392239,{'amenity': 'parking'},parking,,,,,,,,"7th Street,9th Street","260.97,386.09"
1424496605,,35.23009,-80.8381924,{'amenity': 'parking'},parking,,,,,,,,9th Street,293.7
1424496606,,35.2299205,-80.8374946,{'amenity': 'parking'},parking,,,,,,,,9th Street,228.31
1424496607,,35.2296884,-80.83766,{'amenity': 'parking'},parking,,,,,,,,"9th Street,7th Street","242.05,276.16"
1424496608,,35.2296574,-80.837854,{'amenity': 'parking'},parking,,,,,,,,"9th Street,7th Street","259.75,270.96"
1435598159,,35.2236892,-80.8361086,{'amenity': 'parking'},parking,,,,,,,,7th Street,429.95
4848919,,35.2273123,-80.8422252,"{'amenity': 'bank', 'building:levels': '60', 'type': 'building'}",bank,,,,,,,,,
16050776,,35.2263831,-80.8385351,"{'amenity': 'parking', 'building': 'yes', 'height': '48', 'parking': 'multi-storey', 'type': 'multipolygon'}",parking,,,,,,,,"7th Street,CTC/Arena","102.39,301.7"
16059605,,35.2302581,-80.841699,"{'amenity': 'parking', 'building': 'yes', 'building:levels': '2', 'height': '11', 'parking': 'multi-storey', 'type': 'multipolygon'}",parking,,,,,,,,,
19541798,,35.2252285,-80.8337299,"{'amenity': 'parking', 'parking': 'surface', 'type': 'multipolygon'}",parking,,,,,,,,7th Street,451.71
6332298766,Insomnia Cookies,35.2255009,-80.8420447,"{'addr:city': 'Charlotte', 'addr:housenumber': '210', 'addr:postcode': '28202', 'addr:state': 'NC', 'addr:street': 'East Trade Street', 'addr:unit': 'Suite B-224', 'brand': 'Insomnia Cookies', 'brand:wikidata': 'Q16997024', 'name': 'Insomnia Cookies', 'shop': 'pastry'}",,pastry,,,,,,,"CTC/Arena,3rd St/Convention,7th Street","81.46,229.15,409.67"
9099545839,JoS. A. Bank,35.2266979,-80.8418413,"{'brand': 'JoS. A. Bank', 'brand:wikidata': 'Q6204078', 'level': '0', 'name': 'JoS. A. Bank', 'official_name': 'Jos. A. Bank Clothiers', 'shop': 'clothes'}",,clothes,,,,,,,"CTC/Arena,7th Street,3rd St/Convention","192.72,348.93,359.96"
10965747075,Charlotte NC Tours,35.2265821,-80.8426998,"{'level': '1', 'name': 'Charlotte NC Tours', 'shop': 'travel_agency'}",,travel_agency,,,,,,,"CTC/Arena,3rd St/Convention,7th Street","212.11,331.23,428.1"
10965747076,Walgreens,35.2262131,-80.8427431,"{'brand': 'Walgreens', 'brand:wikidata': 'Q1591889', 'level': '0', 'name': 'Walgreens', 'shop': 'chemist', 'website': 'https://www.walgreens.com/locator/walgreens-101+s+tryon+st-charlotte-nc-28280/id=15008'}",,chemist,,,,,,,"CTC/Arena,3rd St/Convention,7th Street","182.38,290.12,440.55"
10968443163,Avenue Market,35.2292193,-80.8424186,"{'cuisine': 'korean', 'food': 'yes', 'name': 'Avenue Market', 'phone': '+1 704 332 9000', 'shop': 'convenience', 'takeaway': 'yes'}",,convenience,,,,,,,7th Street,454.39
11098808619,Assorted Table,35.2273182,-80.8384493,"{'name': 'Assorted Table', 'shop': 'wine'}",,wine,,,,,,,,
11098808621,Orrman’s Cheese Shop,35.2272613,-80.8385638,"{'name': 'Orrman’s Cheese Shop', 'shop': 'cheese'}",,cheese,,,,,,,,
11098808622,CLT Find,35.2273438,-80.838552,"{'name': 'CLT Find', 'shop': 'gift'}",,gift,,,,,,,,
12638766031,Street Commerce,35.2286021,-80.8346557,"{'name': 'Street Commerce', 'opening_hours': 'Tu-Su 12:00-19:00', 'phone': '+1-704-891-8833', 'shop': 'clothes', 'website': 'https://streetcommerce.shop'}",,clothes,,,,,,,"9th Street,7th Street","125.72,345.63"
13174801086,Vick's Vapor & Hub,35.2253293,-80.8370858,"{'name': ""Vick's Vapor & Hub"", 'shop': 'e-cigarette'}",,e-cigarette,,,,,,,"7th Street,CTC/Arena","227.65,393.39"
13457166665,City Barbers at Uptown,35.2268865,-80.8421351,"{'hairdresser': 'barber', 'name': 'City Barbers at Uptown', 'shop': 'hairdresser'}",,hairdresser,,,,,,,"CTC/Arena,7th Street,3rd St/Convention","219.93,372.67,372.99"
13195260250,,35.2235238,-80.8359505,{'leisure': 'picnic_table'},,,picnic_table,,,,,,7th Street,452.63
626310889,,35.2261843,-80.8344854,{'leisure': 'swimming_pool'},,,swimming_pool,,,,,,"7th Street,9th Street","344.97,392.7"
626310895,,35.2259211,-80.834826,{'leisure': 'playground'},,,playground,,,,,,"7th Street,9th Street","327.66,419.38"
870437624,,35.2278436,-80.8366386,"{'access': 'yes', 'leisure': 'playground', 'playground:theme': 'spiderweb'}",,,playground,,,,,,"7th Street,9th Street","146.67,254.2"
870437625,,35.2280165,-80.8364376,"{'leisure': 'fitness_station', 'sport': 'fitness'}",,,fitness_station,,,,,,"7th Street,9th Street","172.04,227.97"
906171751,,35.2270989,-80.840571,{'leisure': 'garden'},,,garden,,,,,,"7th Street,CTC/Arena,3rd St/Convention","228.89,244.41,448.34"
984713011,,35.225684,-80.8384663,"{'garden:type': 'flowerbed', 'leisure': 'garden'}",,,garden,,,,,,"7th Street,CTC/Arena","174.31,276.66"
984713025,,35.2255296,-80.8404484,"{'garden:type': 'landscaping', 'leisure': 'garden'}",,,garden,,,,,,"CTC/Arena,7th Street,3rd St/Convention","103.88,287.02,319.06"
984713030,,35.2259044,-80.8400663,"{'garden:type': 'landscaping', 'leisure': 'garden'}",,,garden,,,,,,"CTC/Arena,7th Street","156.75,233.71"
1004213281,,35.2282546,-80.8357149,{'leisure': 'garden'},,,garden,,,,,,"9th Street,7th Street","172.99,242.29"
1004216938,First Ward Park,35.2280879,-80.8361432,"{'addr:city': 'Charlotte', 'addr:housenumber': '301', 'addr:postcode': '28202', 'addr:state': 'NC', 'addr:street': 'East 7th Street', 'leisure': 'park', 'name': 'First Ward Park', 'ownership': 'county', 'website': 'https://www.mecknc.gov/ParkandRec/Parks/ParksByRegion/CentralRegion/Pages/FirstWard.aspx', 'wikidata': 'Q19868162', 'wikipedia': 'en:First Ward Park'}",,,park,,,,,,"7th Street,9th Street","199.22,206.85"
1047474957,,35.2289095,-80.8364762,"{'access': 'private', 'layer': '1', 'leisure': 'swimming_pool', 'lit': 'yes', 'location': 'roof', 'swimming_pool': 'rooftop'}",,,swimming_pool,,,,,,"9th Street,7th Street","160.41,236.38"
1047744377,,35.2283536,-80.8341863,{'leisure': 'playground'},,,playground,,,,,,"9th Street,7th Street","166.67,374.25"
1176275045,,35.2262076,-80.842674,"{'access': 'customers', 'leisure': 'swimming_pool', 'location': 'roof'}",,,swimming_pool,,,,,,"CTC/Arena,3rd St/Convention,7th Street","177.73,290.21,434.62"
1181513184,,35.2294358,-80.8403309,"{'leisure': 'outdoor_seating', 'operator': 'Discovery Place'}",,,outdoor_seating,,,,,,7th Street,321.07
1181520572,,35.2277873,-80.8360483,"{'leisure': 'playground', 'surface': 'artificial_turf'}",,,playground,,,,,,"7th Street,9th Street","193.57,232.58"
1327048750,,35.2283123,-80.8418003,"{'garden:type': 'landscaping', 'leisure': 'garden'}",,,garden,,,,,,"7th Street,CTC/Arena","361.28,369.23"
1327048756,,35.2283063,-80.8416499,"{'garden:type': 'landscaping', 'leisure': 'garden'}",,,garden,,,,,,"7th Street,CTC/Arena","348.18,367.43"
1327048757,,35.2283908,-80.8415266,"{'garden:type': 'landscaping', 'leisure': 'garden'}",,,garden,,,,,,"7th Street,CTC/Arena","341.13,376.25"
1327048758,,35.2281486,-80.8418692,"{'garden:type': 'landscaping', 'leisure': 'garden'}",,,garden,,,,,,"CTC/Arena,7th Street","351.89,361.61"
1327048759,,35.2282073,-80.8417858,"{'garden:type': 'landscaping', 'leisure': 'garden'}",,,garden,,,,,,"7th Street,CTC/Arena","356.28,357.51"
1327048760,,35.2284775,-80.8414045,"{'garden:type': 'landscaping', 'leisure': 'garden'}",,,garden,,,,,,"7th Street,CTC/Arena","334.77,385.66"
1327048761,,35.2285666,-80.8412746,"{'garden:type': 'landscaping', 'leisure': 'garden'}",,,garden,,,,,,"7th Street,CTC/Arena","328.44,395.68"
1327048762,,35.2286216,-80.84119,"{'garden:type': 'landscaping', 'leisure': 'garden'}",,,garden,,,,,,"7th Street,CTC/Arena","324.48,402.05"
1327048763,,35.2286774,-80.8411113,"{'garden:type': 'landscaping', 'leisure': 'garden'}",,,garden,,,,,,"7th Street,CTC/Arena","321.28,408.61"
1327048764,,35.2287274,-80.8410415,"{'garden:type': 'landscaping', 'leisure': 'garden'}",,,garden,,,,,,"7th Street,CTC/Arena","318.68,414.59"
1425974465,,35.2252271,-80.8337308,{'leisure': 'playground'},,,playground,,,,,,7th Street,451.72
1441928377,,35.2287157,-80.8410925,{'leisure': 'outdoor_seating'},,,outdoor_seating,,,,,,"7th Street,CTC/Arena","321.97,412.96"
1848893643,Aloft Charlotte Uptown at the EpiCentre,35.2254742,-80.8426764,"{'brand': 'Aloft', 'brand:wikidata': 'Q4734166', 'name': 'Aloft Charlotte Uptown at the EpiCentre', 'tourism': 'hotel'}",,,,hotel,,,,,"CTC/Arena,3rd St/Convention,7th Street","128.33,209.67,462.56"
5016558837,Queen Charlotte Walks in Her Garden,35.227096,-80.840571,"{'artist_name': 'Bailey Graham Weathers, Jr.', 'artwork_type': 'statue', 'material': 'bronze', 'name': 'Queen Charlotte Walks in Her Garden', 'source': 'https://www.ncpedia.org/monument/queen-charlotte-walks-her', 'start_date': '1989-01-26', 'tourism': 'artwork'}",,,,artwork,,,,,"7th Street,CTC/Arena,3rd St/Convention","228.91,244.1,448.06"
9099545840,Bank of America Heritage Center,35.2268915,-80.8420148,"{'level': '0', 'museum': 'history', 'name': 'Bank of America Heritage Center', 'tourism': 'museum'}",,,,museum,,,,,"CTC/Arena,7th Street,3rd St/Convention","217.34,361.72,376.14"
9111862564,Residence Inn Charlotte City Center,35.2251987,-80.8414272,"{'addr:city': 'Charlotte', 'addr:housenumber': '220', 'addr:postcode': '28202', 'addr:state': 'NC', 'addr:street': 'East Trade Street', 'brand': 'Residence Inn', 'brand:wikidata': 'Q7315394', 'name': 'Residence Inn Charlotte City Center', 'official_name': 'Residence Inn by Marriott', 'tourism': 'hotel'}",,,,hotel,,,,,"CTC/Arena,3rd St/Convention,7th Street","22.29,230.48,379.66"
9111862565,AC Hotel by Marriott Charlotte City Center,35.2253154,-80.8414502,"{'brand': 'AC Hotel', 'brand:wikidata': 'Q5653536', 'name': 'AC Hotel by Marriott Charlotte City Center', 'tourism': 'hotel'}",,,,hotel,,,,,"CTC/Arena,3rd St/Convention,7th Street","35.4,239.23,373.89"
10972319445,,35.2274875,-80.837637,"{'artwork_type': 'sculpture', 'tourism': 'artwork'}",,,,artwork,,,,,"7th Street,9th Street","48.6,343.2"
10972350831,Chandler The Chair Monster,35.2284676,-80.8362248,"{'artist_name': 'David Furman', 'artwork_type': 'sculpture', 'material': 'wood', 'name': 'Chandler The Chair Monster', 'tourism': 'artwork'}",,,,artwork,,,,,"9th Street,7th Street","176.36,216.87"
11076374515,,35.2281791,-80.8352905,"{'artwork_type': 'sculpture', 'tourism': 'artwork'}",,,,artwork,,,,,"9th Street,7th Street","170.73,273.55"
11092752314,,35.2266951,-80.8388862,"{'artwork_type': 'sculpture', 'tourism': 'artwork'}",,,,artwork,,,,,"7th Street,CTC/Arena","95.09,295.39"
174231925,Discovery Place,35.2296144,-80.8409227,"{'addr:city': 'Charlotte', 'addr:housenumber': '301', 'addr:postcode': '28202', 'addr:state': 'NC', 'addr:street': 'North Tryon Street', 'building': 'yes', 'building:levels': '2', 'fee': 'yes', 'height': '22', 'name': 'Discovery Place', 'opening_hours': 'Mo-Fr 9:30-16:30', 'phone': '+1-704-372-6261', 'tourism': 'museum', 'website': 'https://discoveryplace.org/', 'wheelchair': 'yes', 'wikidata': 'Q5281960'}",,,,museum,,,,,,
380092604,"The Ritz-Carlton, Charlotte",35.2261491,-80.8414748,"{'addr:city': 'Charlotte', 'addr:housenumber': '201', 'addr:postcode': '28202', 'addr:state': 'NC', 'addr:street': 'East Trade Street', 'brand': 'The Ritz-Carlton', 'brand:wikidata': 'Q782200', 'building': 'yes', 'height': '80', 'name': 'The Ritz-Carlton, Charlotte', 'tourism': 'hotel', 'wikidata': 'Q111394609'}",,,,hotel,,,,,"CTC/Arena,3rd St/Convention,7th Street","127.67,316.39,332.67"
398591589,Levine Museum of the New South,35.2281955,-80.8387317,"{'addr:city': 'Charlotte', 'addr:housenumber': '200', 'addr:postcode': '28202', 'addr:state': 'NC', 'addr:street': 'East 7th Street', 'building': 'yes', 'check_date': '2023-06-12', 'fee': 'no', 'height': '12', 'name': 'Levine Museum of the New South', 'opening_hours': 'Tu-Fr 11:00-17:00; We 11:00-21:00; Sa 10:00-17:00; Su 12:00-17:00; PH off', 'tourism': 'museum', 'website': 'https://www.museumofthenewsouth.org/', 'wikidata': 'Q6535654'}",,,,museum,,,,,"7th Street,9th Street,CTC/Arena","124.26,378.35,429.07"
398591600,The Dunhill Hotel,35.2288901,-80.8411522,"{'addr:city': 'Charlotte', 'addr:housenumber': '237', 'addr:postcode': '28202', 'addr:state': 'NC', 'addr:street': 'North Tryon Street', 'building': 'yes', 'height': '53', 'name': 'The Dunhill Hotel', 'tourism': 'hotel'}",,,,hotel,,,,,"7th Street,CTC/Arena","336.87,431.96"
484755656,SpringHill Suites Charlotte Uptown,35.2264003,-80.8392279,"{'addr:city': 'Charlotte', 'addr:housenumber': '311', 'addr:postcode': '28202', 'addr:state': 'NC', 'addr:street': 'East 5th Street', 'branch': 'Charlotte City Center', 'brand': 'SpringHill Suites', 'brand:wikidata': 'Q7580351', 'building': 'yes', 'height': '48', 'internet_access': 'yes', 'name': 'SpringHill Suites Charlotte Uptown', 'official_name': 'SpringHill Suites by Marriott', 'operator': 'Marriot', 'phone': '+1 704-439-8100', 'ref': 'CLTSD', 'rooms': '195', 'smoking': 'no', 'tourism': 'hotel', 'website': 'https://www.marriott.com/cltsd'}",,,,hotel,,,,,"7th Street,CTC/Arena","139.85,250.65"
500204487,Omni Charlotte Hotel,35.2262153,-80.842852,"{'addr:city': 'Charlotte', 'addr:housenumber': '132', 'addr:postcode': '28202', 'addr:state': 'NC', 'addr:street': 'East Trade Street', 'brand:wikidata': 'Q7090329', 'building': 'yes', 'height': '28', 'internet_access': 'yes', 'name': 'Omni Charlotte Hotel', 'operator': 'Omni Hotels & Resorts', 'phone': '+1-704-377-0400', 'tourism': 'hotel', 'website': 'https://www.omnihotels.com/hotels/charlotte'}",,,,hotel,,,,,"CTC/Arena,3rd St/Convention","189.38,289.55"
500736208,Hyatt House Charlotte/Center City,35.2241877,-80.8390722,"{'addr:city': 'Charlotte', 'addr:housenumber': '435', 'addr:postcode': '28202', 'addr:state': 'NC', 'addr:street': 'East Trade Street', 'branch': 'Charlotte/Center City', 'brand': 'Hyatt House', 'brand:wikidata': 'Q109292191', 'building': 'apartments', 'building:levels': '16', 'height': '17', 'name': 'Hyatt House Charlotte/Center City', 'operator': 'Hyatt', 'phone': '+1 704-373-9700', 'tourism': 'hotel', 'website': 'https://www.hyatt.com/hyatt-house/en-us/cltxd-hyatt-house-charlotte-center-city'}",,,,hotel,,,,,"CTC/Arena,7th Street,3rd St/Convention","229.36,348.67,368.51"
500736212,Holiday Inn Center City,35.2273392,-80.8401602,"{'brand': 'Holiday Inn', 'brand:wikidata': 'Q2717882', 'building': 'yes', 'height': '60', 'name': 'Holiday Inn Center City', 'tourism': 'hotel', 'wikidata': 'Q111394610'}",,,,hotel,,,,,"7th Street,CTC/Arena","191.57,282.53"
984713014,,35.225251,-80.8405025,"{'area': 'yes', 'artist_name': 'Andrew Leicester', 'artwork_type': 'installation', 'height': '15', 'tourism': 'artwork'}",,,,artwork,,,,,"CTC/Arena,3rd St/Convention,7th Street","85.43,295.44,311.59"
984713015,,35.225304,-80.8405649,"{'area': 'yes', 'artist_name': 'Andrew Leicester', 'artwork_type': 'installation', 'height': '15', 'tourism': 'artwork'}",,,,artwork,,,,,"CTC/Arena,3rd St/Convention,7th Street","82.31,294.7,311.62"
984713016,,35.2251962,-80.84044,"{'area': 'yes', 'artist_name': 'Andrew Leicester', 'artwork_type': 'installation', 'height': '15', 'tourism': 'artwork'}",,,,artwork,,,,,"CTC/Arena,3rd St/Convention,7th Street","89.15,296.3,311.9"
984713017,,35.2251438,-80.840378,"{'area': 'yes', 'artist_name': 'Andrew Leicester', 'artwork_type': 'installation', 'height': '15', 'tourism': 'artwork'}",,,,artwork,,,,,"CTC/Arena,3rd St/Convention,7th Street","93.46,297.49,312.27"
985188329,The Ivey's Hotel,35.2283618,-80.8426649,"{'addr:city': 'Charlotte', 'addr:housenumber': '127', 'addr:postcode': '28202', 'addr:state': 'NC', 'addr:street': 'North Tryon Street', 'building': 'yes', 'name': ""The Ivey's Hotel"", 'tourism': 'hotel', 'wikidata': 'Q111394606'}",,,,hotel,,,,,CTC/Arena,390.46
1047474962,Homewood Suites by Hilton Charlotte Uptown First Ward,35.2293848,-80.8371692,"{'addr:city': 'Charlotte', 'addr:housenumber': '508', 'addr:postcode': '28202', 'addr:state': 'NC', 'addr:street': 'North College Street', 'brand': 'Homewood Suites', 'brand:wikidata': 'Q5890701', 'building': 'yes', 'name': 'Homewood Suites by Hilton Charlotte Uptown First Ward', 'official_name': 'Homewood Suites by Hilton', 'tourism': 'hotel'}",,,,hotel,,,,,"9th Street,7th Street","200.46,253.39"
1181519420,,35.2291463,-80.8409757,"{'artwork_type': 'mural', 'tourism': 'artwork'}",,,,artwork,,,,,"7th Street,CTC/Arena","340.64,461.37"
1192647310,,35.2292177,-80.8353718,"{'artwork_type': 'mural', 'tourism': 'artwork'}",,,,artwork,,,,,"9th Street,7th Street","63.29,330.03"
1192647313,Bus Stop,35.2267207,-80.8367246,"{'artist_name': 'Donald Justice', 'artwork_type': 'mural', 'name': 'Bus Stop', 'tourism': 'artwork'}",,,,artwork,,,,,"7th Street,9th Street,CTC/Arena","133.54,365.78,465.47"
1193944321,,35.2282442,-80.8379035,"{'artwork_type': 'mural', 'tourism': 'artwork'}",,,,artwork,,,,,"7th Street,9th Street,CTC/Arena","114.47,309.63,479.69"
1193944322,,35.2281892,-80.8379742,"{'artwork_type': 'mural', 'tourism': 'artwork'}",,,,artwork,,,,,"7th Street,9th Street,CTC/Arena","107.77,318.31,470.86"
1193944323,,35.2283763,-80.8376465,"{'artwork_type': 'mural', 'tourism': 'artwork'}",,,,artwork,,,,,"7th Street,9th Street,CTC/Arena","133.64,282.04,506.21"
1193944324,,35.2283325,-80.8382383,"{'artwork_type': 'mural', 'tourism': 'artwork'}",,,,artwork,,,,,"7th Street,9th Street,CTC/Arena","124.44,331.41,467.81"
1193944325,,35.2281514,-80.8380229,"{'artwork_type': 'mural', 'tourism': 'artwork'}",,,,artwork,,,,,"7th Street,9th Street,CTC/Arena","103.35,324.29,464.79"
1193944326,,35.2282201,-80.837878,"{'artwork_type': 'mural', 'tourism': 'artwork'}",,,,artwork,,,,,"7th Street,9th Street,CTC/Arena","112.14,309.07,479.24"
1193944327,,35.2284645,-80.838124,"{'artwork_type': 'mural', 'tourism': 'artwork'}",,,,artwork,,,,,"7th Street,9th Street,CTC/Arena","138.14,315.57,485.75"
1193944328,,35.2284418,-80.8377781,"{'artwork_type': 'mural', 'tourism': 'artwork'}",,,,artwork,,,,,"7th Street,9th Street,CTC/Arena","137.91,288.75,503.71"
1193944329,,35.2283855,-80.8376154,"{'artwork_type': 'mural', 'tourism': 'artwork'}",,,,artwork,,,,,"7th Street,9th Street,CTC/Arena","135.44,279.09,508.87"
1193944330,,35.2285435,-80.8378878,"{'artwork_type': 'mural', 'tourism': 'artwork'}",,,,artwork,,,,,"7th Street,9th Street","147.61,292.41"
1193944331,,35.2284106,-80.8377234,"{'artwork_type': 'mural', 'tourism': 'artwork'}",,,,artwork,,,,,"7th Street,9th Street,CTC/Arena","135.54,286.12,504.37"
1193944332,,35.228308,-80.8382268,"{'artwork_type': 'mural', 'tourism': 'artwork'}",,,,artwork,,,,,"7th Street,9th Street,CTC/Arena","121.61,331.74,466.31"
1193944333,,35.2283217,-80.8382091,"{'artwork_type': 'mural', 'tourism': 'artwork'}",,,,artwork,,,,,"7th Street,9th Street,CTC/Arena","122.93,329.6,468.5"
1195522522,,35.2265807,-80.8365836,"{'artwork_type': 'mural', 'tourism': 'artwork'}",,,,artwork,,,,,"7th Street,9th Street","151.91,374.75"
13234458,Flying Shuttles,35.2252239,-80.8404714,"{'artist_name': 'Andrew Leicester', 'artwork_type': 'installation', 'name': 'Flying Shuttles', 'tourism': 'artwork', 'type': 'multipolygon'}",,,,artwork,,,,,"CTC/Arena,3rd St/Convention,7th Street","87.2,295.85,311.7"
10971338351,Allen Tate Realtors,35.2287146,-80.8411676,"{'name': 'Allen Tate Realtors', 'office': 'estate_agent'}",,,,,estate_agent,,,,"7th Street,CTC/Arena","327.78,412.45"
1004213265,WFAE,35.227736,-80.8373174,"{'building': 'yes', 'height': '10', 'name': 'WFAE', 'office': 'yes'}",,,,,yes,,,,"7th Street,9th Street","88.55,303.17"
1410822089,Foundation for the Carolinas,35.2283813,-80.8410298,"{'building': 'yes', 'height': '20', 'name': 'Foundation for the Carolinas', 'office': 'foundation'}",,,,,foundation,,,,"7th Street,CTC/Arena","299.37,376.42"
4069128359,Davidson Street,35.2228473,-80.8378778,"{'name': 'Davidson Street', 'network': 'LYNX', 'operator': 'CATS', 'public_transport': 'stop_position', 'railway': 'tram_stop', 'tram': 'yes'}",,,,,,stop_position,,,"CTC/Arena,7th Street","398.94,485.22"
4069129776,CTC/Arena,35.2248206,-80.8402422,"{'name': 'CTC/Arena', 'network': 'CityLynx', 'operator': 'Charlotte Area Transit System', 'public_transport': 'stop_position', 'railway': 'tram_stop', 'tram': 'yes'}",,,,,,stop_position,,,"CTC/Arena,3rd St/Convention,7th Street","106.33,289.45,332.03"
6300257874,CTC/Arena,35.2243621,-80.8397846,"{'name': 'CTC/Arena', 'network': 'CityLynx', 'operator': 'Charlotte Area Transit System', 'public_transport': 'stop_position', 'railway': 'tram_stop', 'tram': 'yes'}",,,,,,stop_position,,,"CTC/Arena,3rd St/Convention,7th Street","162.32,309.52,353.67"
6781452785,,35.2288405,-80.8406292,"{'bench': 'no', 'bus': 'yes', 'highway': 'bus_stop', 'public_transport': 'platform', 'route_ref': '11, 21', 'shelter': 'yes'}",,,,,,platform,,,"7th Street,CTC/Arena","294.88,431.5"
8419403078,7th Street,35.2271066,-80.8385242,"{'light_rail': 'yes', 'name': '7th Street', 'network': 'LYNX', 'operator': 'CATS', 'public_transport': 'stop_position', 'railway': 'stop'}",,,,,,stop_position,,,"7th Street,CTC/Arena,9th Street","44.07,350.13,430.77"
8419403079,7th Street,35.2275312,-80.8378459,"{'light_rail': 'yes', 'name': '7th Street', 'network': 'LYNX', 'operator': 'CATS', 'public_transport': 'stop_position', 'railway': 'stop'}",,,,,,stop_position,,,"7th Street,9th Street,CTC/Arena","39.63,353.43,427.57"
8419403080,CTC/Arena,35.2251898,-80.8410866,"{'light_rail': 'yes', 'name': 'CTC/Arena', 'network': 'LYNX', 'operator': 'CATS', 'public_transport': 'stop_position', 'railway': 'stop'}",,,,,,stop_position,,,"CTC/Arena,3rd St/Convention,7th Street","34.72,250.89,355.74"
8419403081,CTC/Arena,35.2254555,-80.8406916,"{'light_rail': 'yes', 'name': 'CTC/Arena', 'network': 'LYNX', 'operator': 'CATS', 'public_transport': 'stop_position', 'railway': 'stop'}",,,,,,stop_position,,,"CTC/Arena,3rd St/Convention,7th Street","81.19,297.22,309.26"
9215059834,East Trade St at College Street,35.2267196,-80.8426369,"{'bin': 'yes', 'bus': 'yes', 'highway': 'bus_stop', 'name': 'East Trade St at College Street', 'network': 'CATS', 'network:wikidata': 'Q5085831', 'operator': 'Charlotte Area Transit System', 'public_transport': 'platform', 'ref': '8430', 'route_ref': '1;7;8;21;26;34', 'shelter': 'yes'}",,,,,,platform,,,"CTC/Arena,3rd St/Convention,7th Street","221.91,347.0,420.18"
534908511,,35.2272804,-80.8381399,"{'area': 'yes', 'bench': 'yes', 'bin': 'yes', 'light_rail': 'yes', 'lit': 'yes', 'network': 'LYNX', 'operator': 'CATS', 'public_transport': 'platform', 'railway': 'platform', 'shelter': 'yes', 'tactile_paving': 'yes'}",,,,,,platform,,,,
534908512,,35.2273583,-80.8382206,"{'area': 'yes', 'bench': 'yes', 'bin': 'yes', 'light_rail': 'yes', 'lit': 'yes', 'network': 'LYNX', 'operator': 'CATS', 'public_transport': 'platform', 'railway': 'platform', 'shelter': 'yes', 'tactile_paving': 'yes'}",,,,,,platform,,,,
535123114,,35.2252789,-80.8408344,"{'area': 'yes', 'bench': 'yes', 'bin': 'yes', 'bridge': 'yes', 'layer': '1', 'light_rail': 'yes', 'lit': 'yes', 'network': 'LYNX', 'operator': 'Charlotte Area Transit System', 'public_transport': 'platform', 'railway': 'platform', 'shelter': 'yes', 'tactile_paving': 'yes'}",,,,,,platform,,,"CTC/Arena,3rd St/Convention,7th Street","59.27,274.36,331.79"
535123116,,35.2253679,-80.8409403,"{'area': 'yes', 'bench': 'yes', 'bin': 'yes', 'bridge': 'yes', 'layer': '1', 'light_rail': 'yes', 'lit': 'yes', 'network': 'LYNX', 'operator': 'Charlotte Area Transit System', 'public_transport': 'platform', 'railway': 'platform', 'shelter': 'yes', 'tactile_paving': 'yes'}",,,,,,platform,,,"CTC/Arena,3rd St/Convention,7th Street","57.79,274.25,333.0"
535304222,,35.2296205,-80.8349721,"{'area': 'yes', 'bench': 'yes', 'bin': 'yes', 'light_rail': 'yes', 'lit': 'yes', 'network': 'LYNX', 'operator': 'CATS', 'public_transport': 'platform', 'railway': 'platform', 'shelter': 'yes', 'tactile_paving': 'yes'}",,,,,,platform,,,,
672780356,,35.2244345,-80.8398284,"{'area': 'yes', 'bench': 'yes', 'bin': 'yes', 'network': 'CityLynx', 'operator': 'Charlotte Area Transit System', 'public_transport': 'platform', 'railway': 'platform', 'shelter': 'yes', 'surface': 'concrete', 'tram': 'yes'}",,,,,,platform,,,"CTC/Arena,3rd St/Convention,7th Street","155.33,307.97,348.32"
672780359,,35.2247075,-80.8400908,"{'area': 'yes', 'network': 'CityLynx', 'operator': 'Charlotte Area Transit System', 'public_transport': 'platform', 'railway': 'platform', 'surface': 'concrete', 'tram': 'yes'}",,,,,,platform,,,"CTC/Arena,3rd St/Convention,7th Street","122.6,296.35,334.35"
672783587,,35.2227538,-80.8378211,"{'area': 'yes', 'network': 'CityLynx', 'operator': 'Charlotte Area Transit System', 'public_transport': 'platform', 'railway': 'platform', 'surface': 'concrete', 'tram': 'yes'}",,,,,,platform,,,"CTC/Arena,7th Street","409.31,495.78"
1186330002,CTC/Arena,35.2253235,-80.8408876,"{'bridge:structure': 'beam', 'layer': '1', 'light_rail': 'yes', 'man_made': 'bridge', 'name': 'CTC/Arena', 'network': 'LYNX', 'operator': 'CATS', 'public_transport': 'station', 'railway': 'station', 'station': 'light_rail', 'wheelchair': 'yes', 'wikidata': 'Q5086171', 'wikipedia': 'en:Charlotte Transportation Center'}",,,,,,station,,,"CTC/Arena,3rd St/Convention,7th Street","58.11,274.21,332.33"
1186590085,7th Street,35.2273188,-80.8381797,"{'light_rail': 'yes', 'name': '7th Street', 'network': 'LYNX', 'operator': 'CATS', 'public_transport': 'station', 'railway': 'station', 'station': 'light_rail', 'wheelchair': 'yes', 'wikidata': 'Q4644188', 'wikipedia': 'en:7th_Street_station_(Charlotte)'}",,,,,,station,,,,
10014281,CTC/Arena (Blue Line),35.2253235,-80.8408876,"{'name': 'CTC/Arena (Blue Line)', 'network': 'LYNX', 'operator': 'Charlotte Area Transit System', 'public_transport': 'stop_area', 'railway': 'facility', 'type': 'public_transport'}",,,,,,stop_area,,,"CTC/Arena,3rd St/Convention,7th Street","58.11,274.21,332.33"
10014282,7th Street,35.2273188,-80.8381797,"{'name': '7th Street', 'network': 'LYNX', 'public_transport': 'stop_area', 'railway': 'facility', 'type': 'public_transport'}",,,,,,stop_area,,,,
12309361,9th Street,35.2296591,-80.8350163,"{'name': '9th Street', 'network': 'LYNX', 'public_transport': 'stop_area', 'railway': 'facility', 'type': 'public_transport'}",,,,,,stop_area,,,,
12309568,Davidson Street Station,35.2227555,-80.8378211,"{'name': 'Davidson Street Station', 'network': 'CityLynx', 'operator': 'Charlotte Area Transit System', 'public_transport': 'stop_area', 'railway': 'facility', 'start_date': '2015-07-14', 'type': 'public_transport', 'wikidata': 'Q28971269', 'wikipedia': 'en:Davidson Street station'}",,,,,,stop_area,,,"CTC/Arena,7th Street","409.2,495.59"
12309569,CTC/Arena (Gold Line),35.2246034,-80.8400278,"{'name': 'CTC/Arena (Gold Line)', 'network': 'CityLynx', 'operator': 'Charlotte Area Transit System', 'public_transport': 'stop_area', 'railway': 'facility', 'start_date': '2015-07-14', 'type': 'public_transport', 'wikidata': 'Q5086171', 'wikipedia': 'en:Charlotte Transportation Center'}",,,,,,stop_area,,,"CTC/Arena,3rd St/Convention,7th Street","131.53,297.12,340.99"
12309570,Charlotte Transportation Center,35.2244978,-80.8410525,"{'name': 'Charlotte Transportation Center', 'network': 'CATS', 'operator': 'Charlotte Area Transit System', 'public_transport': 'stop_area', 'ref': 'CTC', 'type': 'public_transport'}",,,,,,stop_area,,,"CTC/Arena,3rd St/Convention","63.6,207.53"
10965747079,Dr Steven C Moore & Associates,35.2267933,-80.8422597,"{'healthcare': 'optometrist', 'level': '1', 'name': 'Dr Steven C Moore & Associates'}",,,,,,,optometrist,,"CTC/Arena,3rd St/Convention,7th Street","214.05,360.46,385.09"
12638766030,CoviLab,35.2288068,-80.8343512,"{'healthcare': 'laboratory', 'name': 'CoviLab'}",,,,,,,laboratory,,"9th Street,7th Street","115.32,380.62"
1848893531,Epicenter Parking,35.22567,-80.8415601,"{'amenity': 'parking', 'layer': '-1', 'name': 'Epicenter Parking', 'parking': 'underground'}",parking,,,,,,,,"CTC/Arena,3rd St/Convention,7th Street","75.9,266.12,361.93"
1848893550,Fleming's,35.225542,-80.8427582,"{'addr:city': 'Charlotte', 'addr:housenumber': '210', 'addr:postcode': '28202', 'addr:state': 'NC', 'addr:street': 'East Trade Street', 'addr:unit': 'Suite C-110', 'amenity': 'restaurant', 'brand': ""Fleming's"", 'brand:wikidata': 'Q5458552', 'cuisine': 'steak_house', 'name': ""Fleming's"", 'official_name': ""Fleming's Prime Steakhouse & Wine Bar""}",restaurant,,,,,,,,"CTC/Arena,3rd St/Convention,7th Street","138.26,216.01,466.28"
1848893577,Basil Thai Cuisine,35.2289353,-80.8427746,"{'addr:city': 'Charlotte', 'addr:country': 'US', 'addr:housenumber': '210', 'addr:postcode': '28202', 'addr:state': 'NC', 'addr:street': 'North Church Street', 'amenity': 'restaurant', 'cuisine': 'thai', 'name': 'Basil Thai Cuisine', 'wheelchair': 'yes'}",restaurant,,,,,,,,CTC/Arena,454.25
1848893622,Sea Grill Restaurant and Bar,35.225726,-80.8422936,"{'amenity': 'restaurant', 'name': 'Sea Grill Restaurant and Bar'}",restaurant,,,,,,,,"CTC/Arena,3rd St/Convention,7th Street","115.08,244.81,419.37"
1848893663,Caffe Siena,35.2274313,-80.8400624,"{'addr:city': 'Charlotte', 'addr:country': 'US', 'addr:housenumber': '230', 'addr:postcode': '28202', 'addr:state': 'NC', 'addr:street': 'North College Street', 'amenity': 'restaurant', 'cuisine': 'italian', 'name': 'Caffe Siena'}",restaurant,,,,,,,,"7th Street,CTC/Arena","183.72,295.46"
1848893667,Fitzgerald's Irish Pub,35.2269129,-80.8404682,"{'addr:city': 'Charlotte', 'addr:country': 'US', 'addr:housenumber': '201', 'addr:postcode': '28202', 'addr:state': 'NC', 'addr:street': 'East 5th Street', 'amenity': 'pub', 'cuisine': 'fish_and_chips', 'name': ""Fitzgerald's Irish Pub""}",pub,,,,,,,,"7th Street,CTC/Arena,3rd St/Convention","221.77,228.12,435.66"
3407575256,Starbucks,35.2276002,-80.8427981,"{'amenity': 'cafe', 'brand': 'Starbucks', 'brand:wikidata': 'Q37158', 'cost:coffee': '$1.75', 'cuisine': 'coffee_shop', 'name': 'Starbucks', 'official_name': 'Starbucks Coffee', 'takeaway': 'yes'}",cafe,,,,,,,,CTC/Arena,315.55
4001610999,,35.2271093,-80.8433622,{'amenity': 'waste_basket'},waste_basket,,,,,,,,"CTC/Arena,3rd St/Convention","294.84,389.05"
4001611000,,35.2271005,-80.8433783,{'amenity': 'recycling'},recycling,,,,,,,,"CTC/Arena,3rd St/Convention","294.96,388.18"
4001621937,McCormick & Schmick's,35.226461,-80.8445484,"{'amenity': 'restaurant', 'brand': ""McCormick & Schmick's"", 'brand:wikidata': 'Q6800562', 'cuisine': 'seafood;steak', 'name': ""McCormick & Schmick's""}",restaurant,,,,,,,,"CTC/Arena,3rd St/Convention","329.94,343.97"
4001621938,,35.2263528,-80.84453,{'amenity': 'bicycle_parking'},bicycle_parking,,,,,,,,"CTC/Arena,3rd St/Convention","322.73,332.29"
4311889293,Dandelion Market,35.228636,-80.8425072,"{'addr:city': 'Charlotte', 'addr:country': 'US', 'addr:housenumber': '118', 'addr:postcode': '28202', 'addr:state': 'NC', 'addr:street': 'West 5th Street', 'amenity': 'restaurant', 'email': 'info@thedandelionmarket.com', 'name': 'Dandelion Market', 'opening_hours': 'Mo-Fr 11:00-15:00, 16:00-23:00; Sa-Su 10:00-15:00, 16:00-23:00', 'phone': '+1 704 333 7989', 'website': 'https://www.dandelionmarketcharlotte.com/'}",restaurant,,,,,,,,CTC/Arena,415.85
4945133523,Panera Bread,35.2248039,-80.8436326,"{'addr:city': 'Charlotte', 'addr:country': 'US', 'addr:housenumber': '201', 'addr:postcode': '28244', 'addr:state': 'NC', 'addr:street': 'South College Street', 'addr:unit': '150', 'amenity': 'fast_food', 'brand': 'Panera Bread', 'brand:wikidata': 'Q7130852', 'cuisine': 'sandwich;bakery', 'internet_access': 'wlan', 'name': 'Panera Bread', 'opening_hours': 'Mo-Fr 07:00-17:00', 'phone': '+1 704-998-2074', 'short_name': 'Panera', 'takeaway': 'yes', 'website': 'https://locations.panerabread.com/nc/charlotte/201-s-college-street.html'}",fast_food,,,,,,,,"3rd St/Convention,CTC/Arena","142.29,205.24"
5948979211,Nuvolé Rooftop Twenty Two,35.2257161,-80.8409032,"{'addr:city': 'Charlotte', 'addr:housenumber': '220', 'addr:postcode': '28202', 'addr:state': 'NC', 'addr:street': 'East Trade Street', 'addr:unit': '2200', 'amenity': 'bar', 'name': 'Nuvolé Rooftop Twenty Two', 'smoking': 'no'}",bar,,,,,,,,"CTC/Arena,3rd St/Convention,7th Street","90.94,305.08,307.83"
6093389461,,35.2246295,-80.8438235,{'amenity': 'fountain'},fountain,,,,,,,,"3rd St/Convention,CTC/Arena,Brooklyn Village","132.71,225.23,457.72"
6332298775,RedEye Diner,35.2252054,-80.8421438,"{'amenity': 'restaurant', 'name': 'RedEye Diner'}",restaurant,,,,,,,,"CTC/Arena,3rd St/Convention,7th Street","72.28,195.59,433.62"
6376981600,Starbucks,35.2222397,-80.8451394,"{'addr:city': 'Charlotte', 'addr:housenumber': '501', 'addr:postcode': '28202', 'addr:state': 'NC', 'addr:street': 'South College Street', 'amenity': 'cafe', 'branch': 'Charlotte Convention Center', 'brand': 'Starbucks', 'brand:wikidata': 'Q37158', 'cuisine': 'coffee_shop', 'name': 'Starbucks', 'official_name': 'Starbucks Coffee', 'phone': '+1 704-339-6046', 'ref': '8017', 'takeaway': 'yes', 'website': 'https://www.starbucks.com/store-locator/store/8017/charlotte-convention-center-501-s-college-st-charlotte-nc-282021827-us', 'wheelchair': 'yes'}",cafe,,,,,,,,"Brooklyn Village,3rd St/Convention,CTC/Arena","189.03,242.7,458.4"
9099545837,Caribou Coffee,35.226953,-80.8420991,"{'amenity': 'cafe', 'brand': 'Caribou Coffee', 'brand:wikidata': 'Q5039494', 'cuisine': 'coffee_shop', 'level': '1', 'name': 'Caribou Coffee', 'takeaway': 'yes'}",cafe,,,,,,,,"CTC/Arena,7th Street,3rd St/Convention","226.0,368.75,380.91"
9099545838,Bank of America,35.226847,-80.8422897,"{'amenity': 'bank', 'atm': 'yes', 'brand': 'Bank of America', 'brand:wikidata': 'Q487907', 'drive_through': 'no', 'level': '0', 'name': 'Bank of America'}",bank,,,,,,,,"CTC/Arena,3rd St/Convention,7th Street","220.59,365.77,387.12"
9099545841,Aria Tuscan Grill,35.2266313,-80.8421473,"{'amenity': 'restaurant', 'cuisine': 'italian', 'level': '0', 'name': 'Aria Tuscan Grill', 'website': 'https://www.ariacharlotte.com/'}",restaurant,,,,,,,,"CTC/Arena,3rd St/Convention,7th Street","193.59,345.2,377.63"
9099545870,Mert's Heart And Soul,35.2272922,-80.8402846,"{'addr:city': 'Charlotte', 'addr:housenumber': '214', 'addr:postcode': '28202', 'addr:state': 'NC', 'addr:street': 'North College Street', 'amenity': 'restaurant', 'cuisine': 'southern', 'name': ""Mert's Heart And Soul""}",restaurant,,,,,,,,"7th Street,CTC/Arena,3rd St/Convention","202.59,273.39,480.15"
9099545873,Rooster's Wood-fired Kitchen,35.2267108,-80.8409945,"{'addr:city': 'Charlotte', 'addr:housenumber': '150', 'addr:postcode': '28202', 'addr:state': 'NC', 'addr:street': 'North College Street', 'amenity': 'restaurant', 'cuisine': 'american', 'name': ""Rooster's Wood-fired Kitchen""}",restaurant,,,,,,,,"CTC/Arena,7th Street,3rd St/Convention","193.11,272.94,391.9"
9103883863,,35.2243234,-80.8387765,"{'access': 'private', 'amenity': 'parking_entrance', 'level': '0', 'parking': 'underground'}",parking_entrance,,,,,,,,"CTC/Arena,7th Street,3rd St/Convention","249.39,327.79,397.76"
9103883909,,35.2241742,-80.8392823,"{'access': 'customers', 'amenity': 'parking_entrance', 'level': '0', 'maxheight': '7\'0""', 'parking': 'underground'}",parking_entrance,,,,,,,,"CTC/Arena,3rd St/Convention,7th Street","212.55,349.43,355.62"
9108307123,,35.2285972,-80.843339,"{'access': 'yes', 'amenity': 'parking_entrance', 'level': '0', 'parking': 'multi-storey'}",parking_entrance,,,,,,,,CTC/Arena,436.58
9108307137,Qdoba,35.2280328,-80.8421691,"{'addr:city': 'Charlotte', 'addr:housenumber': '127', 'addr:postcode': '28202', 'addr:state': 'NC', 'addr:street': 'North Tryon Street', 'addr:unit': '2', 'amenity': 'fast_food', 'branch': 'North Tryon', 'brand': 'Qdoba', 'brand:wikidata': 'Q1363885', 'cuisine': 'mexican', 'drive_through': 'no', 'name': 'Qdoba', 'official_name': 'Qdoba Mexican Eats', 'opening_hours': '10:30-22:00', 'phone': '+1 704-295-4111', 'takeaway': 'yes', 'website': 'https://locations.qdoba.com/us/nc/charlotte/127-n-tryon-st.html'}",fast_food,,,,,,,,"CTC/Arena,7th Street","343.73,384.63"
9111862609,,35.2260937,-80.8433489,"{'access': 'private', 'amenity': 'parking_entrance', 'parking': 'underground'}",parking_entrance,,,,,,,,"CTC/Arena,3rd St/Convention","215.61,276.7"
10254120669,Ri Ra,35.22807,-80.8415397,"{'amenity': 'pub', 'internet_access': 'wlan', 'internet_access:fee': 'no', 'name': 'Ri Ra', 'smoking': 'no', 'website': 'https://rira.com/charlotte/'}",pub,,,,,,,,"7th Street,CTC/Arena","330.38,340.74"
10768573106,Coco and the Director,35.2277041,-80.8433215,"{'addr:city': 'Charlotte', 'addr:housenumber': '100', 'addr:postcode': '28202', 'addr:state': 'NC', 'addr:street': 'West Trade Street', 'amenity': 'cafe', 'cuisine': 'coffee_shop', 'level': '0', 'name': 'Coco and the Director', 'not:brand:wikidata': 'Q65084369', 'phone': '+1-704-353-6003', 'takeaway': 'yes'}",cafe,,,,,,,,"CTC/Arena,3rd St/Convention","347.6,454.66"
10965747074,McAlister's Deli,35.2257979,-80.8432795,"{'amenity': 'restaurant', 'brand': ""McAlister's Deli"", 'brand:wikidata': 'Q17020829', 'cuisine': 'sandwich', 'level': '0', 'name': ""McAlister's Deli""}",restaurant,,,,,,,,"CTC/Arena,3rd St/Convention","193.38,243.46"
10965747081,Uncle Maddio’s,35.2258707,-80.8431879,"{'amenity': 'fast_food', 'cuisine': 'pizza', 'level': '0', 'name': 'Uncle Maddio’s'}",fast_food,,,,,,,,"CTC/Arena,3rd St/Convention","189.98,250.98"
10965747082,Starbucks,35.2261949,-80.8429387,"{'addr:city': 'Charlotte', 'addr:housenumber': '101', 'addr:postcode': '28280', 'addr:state': 'NC', 'addr:street': 'South Tryon Street', 'amenity': 'cafe', 'branch': '101 South Tryon', 'brand': 'Starbucks', 'brand:wikidata': 'Q37158', 'cuisine': 'coffee_shop', 'level': '1', 'name': 'Starbucks', 'official_name': 'Starbucks Coffee', 'phone': '+1 704-374-9519', 'ref': '14918', 'takeaway': 'yes', 'website': 'https://www.starbucks.com/store-locator/store/14918/101-south-tryon-101-s-tryon-street-charlotte-nc-282800002-us'}",cafe,,,,,,,,"CTC/Arena,3rd St/Convention","193.45,286.88"
10965747084,Chick-fil-A,35.2259484,-80.8431228,"{'addr:city': 'Charlotte', 'addr:housenumber': '101', 'addr:postcode': '28280', 'addr:state': 'NC', 'addr:street': 'South Tryon Street', 'addr:unit': '9 2 Bank', 'amenity': 'fast_food', 'branch': '101 South Tryon Street', 'brand': 'Chick-fil-A', 'brand:wikidata': 'Q491516', 'cuisine': 'chicken', 'delivery': 'no', 'drive_through': 'no', 'indoor_seating': 'yes', 'internet_access': 'wlan', 'level': '0', 'name': 'Chick-fil-A', 'opening_hours': 'Mo-Fr 07:00-16:00; Su off', 'phone': '+1 704-344-0222', 'ref': '00462', 'takeaway': 'yes', 'website': 'https://www.chick-fil-a.com/locations/nc/101-south-tryon-street'}",fast_food,,,,,,,,"CTC/Arena,3rd St/Convention","189.55,259.39"
10968050746,Prohibition,35.227991,-80.8416796,"{'amenity': 'bar', 'name': 'Prohibition'}",bar,,,,,,,,"CTC/Arena,7th Street","332.75,340.3"
10968081131,,35.2287184,-80.8426515,"{'access': 'yes', 'amenity': 'parking', 'fee': 'yes', 'parking': 'multi-storey'}",parking,,,,,,,,CTC/Arena,428.05
10968443160,The King’s Kitchen,35.2279553,-80.844195,"{'amenity': 'restaurant', 'cuisine': 'southern;american', 'name': 'The King’s Kitchen'}",restaurant,,,,,,,,CTC/Arena,415.42
10968443161,Church & Union,35.2288036,-80.8430168,"{'amenity': 'restaurant', 'name': 'Church & Union'}",restaurant,,,,,,,,CTC/Arena,447.04
10968443162,Spoons,35.2278444,-80.8440761,"{'amenity': 'fast_food', 'cuisine': 'fruit', 'name': 'Spoons'}",fast_food,,,,,,,,CTC/Arena,399.07
10971338340,Capital Grille,35.228302,-80.8420829,"{'amenity': 'restaurant', 'name': 'Capital Grille'}",restaurant,,,,,,,,"CTC/Arena,7th Street","371.58,385.24"
10971338341,Truist,35.228128,-80.8414529,"{'amenity': 'bank', 'brand': 'Truist', 'brand:wikidata': 'Q795486', 'name': 'Truist'}",bank,,,,,,,,"7th Street,CTC/Arena","324.75,346.94"
10971338342,Cicchetti,35.2265155,-80.8419818,"{'amenity': 'restaurant', 'cuisine': 'italian', 'name': 'Cicchetti'}",restaurant,,,,,,,,"CTC/Arena,3rd St/Convention,7th Street","176.49,336.83,365.33"
10971338343,The Asbury,35.2287475,-80.8411196,"{'amenity': 'restaurant', 'name': 'The Asbury'}",restaurant,,,,,,,,"7th Street,CTC/Arena","325.9,416.33"
10971338344,Skyview Dentistry,35.2251624,-80.8418445,"{'amenity': 'dentist', 'healthcare': 'dentist', 'level': '3', 'name': 'Skyview Dentistry', 'phone': '+1 704 632 7700'}",dentist,,,,,,dentist,,"CTC/Arena,3rd St/Convention,7th Street","45.11,204.63,413.13"
10971338345,The Local,35.2277854,-80.8415385,"{'amenity': 'bar', 'name': 'The Local'}",bar,,,,,,,,"CTC/Arena,7th Street","309.2,322.69"
10971338346,204 North,35.2280288,-80.8416252,"{'amenity': 'restaurant', 'name': '204 North'}",restaurant,,,,,,,,"CTC/Arena,7th Street","336.58,336.6"
10971338347,Retro Bar,35.2279567,-80.8417233,"{'addr:city': 'Charlotte', 'addr:housenumber': '200', 'addr:postcode': '28202', 'addr:state': 'NC', 'addr:street': 'North Tryon Street', 'amenity': 'bar', 'name': 'Retro Bar', 'website': 'https://retrobarclt.com'}",bar,,,,,,,,"CTC/Arena,7th Street","329.3,343.22"
10971338349,Fifth Third Bank,35.2286219,-80.8412861,"{'amenity': 'bank', 'brand': 'Fifth Third Bank', 'brand:wikidata': 'Q1411810', 'name': 'Fifth Third Bank', 'short_name': '5/3 Bank'}",bank,,,,,,,,"7th Street,CTC/Arena","332.2,401.78"
10971338350,,35.2286257,-80.8412629,"{'amenity': 'atm', 'brand': 'Fifth Third Bank', 'brand:wikidata': 'Q1411810', 'operator': 'Fifth Third Bank', 'operator:wikidata': 'Q1411810', 'short_name': '5/3 Bank'}",atm,,,,,,,,"7th Street,CTC/Arena","330.53,402.26"
10972350809,,35.2272489,-80.8365849,"{'amenity': 'bench', 'armrest': 'yes', 'backrest': 'yes', 'material': 'wood'}",bench,,,,,,,,"7th Street,9th Street,CTC/Arena","134.27,307.72,503.39"
10972350811,,35.2272764,-80.8366969,"{'amenity': 'bench', 'armrest': 'yes', 'backrest': 'yes', 'material': 'wood'}",bench,,,,,,,,"7th Street,9th Street,CTC/Arena","124.2,309.98,496.11"
10972350812,,35.227259,-80.8365574,"{'amenity': 'bench', 'armrest': 'yes', 'backrest': 'yes', 'material': 'wood'}",bench,,,,,,,,"7th Street,9th Street,CTC/Arena","136.8,305.56,506.12"
10972350813,,35.2272418,-80.8365826,"{'amenity': 'bench', 'armrest': 'yes', 'backrest': 'yes', 'material': 'wood'}",bench,,,,,,,,"7th Street,9th Street,CTC/Arena","134.46,308.32,503.18"
10972350820,,35.2273007,-80.8367037,"{'amenity': 'bench', 'armrest': 'yes', 'backrest': 'yes', 'material': 'wood'}",bench,,,,,,,,"7th Street,9th Street,CTC/Arena","123.75,307.95,496.95"
10972350821,,35.2272532,-80.8365532,"{'amenity': 'bench', 'armrest': 'yes', 'backrest': 'yes', 'material': 'wood'}",bench,,,,,,,,"7th Street,9th Street,CTC/Arena","137.17,305.95,506.13"
10972350823,,35.2272803,-80.8366929,"{'amenity': 'bench', 'armrest': 'yes', 'backrest': 'yes', 'material': 'wood'}",bench,,,,,,,,"7th Street,9th Street,CTC/Arena","124.58,309.42,496.64"
10972350824,,35.2272462,-80.8366119,"{'amenity': 'bench', 'armrest': 'yes', 'backrest': 'yes', 'material': 'wood'}",bench,,,,,,,,"7th Street,9th Street,CTC/Arena","131.81,309.14,501.11"
10972350825,,35.2272985,-80.8367095,"{'amenity': 'bench', 'armrest': 'yes', 'backrest': 'yes', 'material': 'wood'}",bench,,,,,,,,"7th Street,9th Street,CTC/Arena","123.2,308.43,496.38"
10972350828,,35.2272638,-80.8366732,"{'amenity': 'bench', 'armrest': 'yes', 'backrest': 'yes', 'material': 'wood'}",bench,,,,,,,,"7th Street,9th Street,CTC/Arena","126.29,310.12,497.26"
10972350830,,35.2272395,-80.8366142,"{'amenity': 'bench', 'armrest': 'yes', 'backrest': 'yes', 'material': 'wood'}",bench,,,,,,,,"7th Street,9th Street,CTC/Arena","131.58,309.89,500.56"
10972350832,,35.2272577,-80.8366774,"{'amenity': 'bench', 'armrest': 'yes', 'backrest': 'yes', 'material': 'wood'}",bench,,,,,,,,"7th Street,9th Street,CTC/Arena","125.88,310.9,496.59"
10979308779,,35.2269424,-80.84332,"{'amenity': 'bench', 'backrest': 'yes', 'seats': '4'}",bench,,,,,,,,"CTC/Arena,3rd St/Convention","277.94,370.32"
10979308780,,35.2269197,-80.8433523,"{'amenity': 'bench', 'backrest': 'yes', 'seats': '4'}",bench,,,,,,,,"CTC/Arena,3rd St/Convention","277.87,368.01"
10979308781,,35.226848,-80.8434607,"{'amenity': 'bench', 'backrest': 'yes', 'seats': '4'}",bench,,,,,,,,"CTC/Arena,3rd St/Convention","278.41,360.94"
10979308782,,35.2268252,-80.8434914,"{'amenity': 'bench', 'backrest': 'yes', 'seats': '4'}",bench,,,,,,,,"CTC/Arena,3rd St/Convention","278.46,358.72"
10979308793,,35.2269731,-80.8432808,"{'amenity': 'bicycle_parking', 'bicycle_parking': 'wave', 'capacity': '3', 'covered': 'no'}",bicycle_parking,,,,,,,,"CTC/Arena,3rd St/Convention","278.37,373.51"
10979308794,,35.2269878,-80.8432612,"{'amenity': 'bicycle_parking', 'bicycle_parking': 'wave', 'capacity': '3', 'covered': 'no'}",bicycle_parking,,,,,,,,"CTC/Arena,3rd St/Convention","278.55,375.05"
10979308795,,35.2268773,-80.843419,"{'amenity': 'bicycle_parking', 'bicycle_parking': 'wave', 'capacity': '3', 'covered': 'no'}",bicycle_parking,,,,,,,,"CTC/Arena,3rd St/Convention","278.27,363.82"
10979308796,,35.2268905,-80.8433988,"{'amenity': 'bicycle_parking', 'bicycle_parking': 'wave', 'capacity': '3', 'covered': 'no'}",bicycle_parking,,,,,,,,"CTC/Arena,3rd St/Convention","278.16,365.11"
10979308797,,35.2267291,-80.8436305,"{'amenity': 'bench', 'backrest': 'yes', 'seats': '4'}",bench,,,,,,,,"CTC/Arena,3rd St/Convention","279.89,349.78"
10979308798,,35.2267057,-80.84366,"{'amenity': 'bench', 'backrest': 'yes', 'seats': '4'}",bench,,,,,,,,"CTC/Arena,3rd St/Convention","280.1,347.63"
10979308799,,35.2266323,-80.8437692,"{'amenity': 'bench', 'backrest': 'yes', 'seats': '4'}",bench,,,,,,,,"CTC/Arena,3rd St/Convention","282.21,341.33"
10979308800,,35.2266108,-80.8437978,"{'amenity': 'bench', 'backrest': 'yes', 'seats': '4'}",bench,,,,,,,,"CTC/Arena,3rd St/Convention","282.7,339.5"
10979308801,,35.226535,-80.8439061,"{'amenity': 'bench', 'backrest': 'yes', 'seats': '4'}",bench,,,,,,,,"CTC/Arena,3rd St/Convention","285.32,333.4"
10979308802,,35.2265145,-80.8439361,"{'amenity': 'bench', 'backrest': 'yes', 'seats': '4'}",bench,,,,,,,,"CTC/Arena,3rd St/Convention","286.17,331.83"
10979328108,,35.226995,-80.8435154,{'amenity': 'waste_basket'},waste_basket,,,,,,,,"CTC/Arena,3rd St/Convention","293.87,377.68"
10979328109,,35.2269862,-80.8435315,{'amenity': 'recycling'},recycling,,,,,,,,"CTC/Arena,3rd St/Convention","294.1,376.87"
10979328110,,35.2269346,-80.8436081,"{'amenity': 'bench', 'backrest': 'yes', 'seats': '4'}",bench,,,,,,,,"CTC/Arena,3rd St/Convention","294.57,372.06"
10979328111,,35.2269032,-80.8436479,"{'amenity': 'bicycle_parking', 'bicycle_parking': 'stands', 'capacity': '2'}",bicycle_parking,,,,,,,,"CTC/Arena,3rd St/Convention","294.56,369.12"
10979328112,,35.22689,-80.8436674,{'amenity': 'waste_basket'},waste_basket,,,,,,,,"CTC/Arena,3rd St/Convention","294.76,367.93"
10979328117,,35.2268592,-80.8437149,"{'amenity': 'bench', 'backrest': 'yes', 'seats': '4'}",bench,,,,,,,,"CTC/Arena,3rd St/Convention","295.42,365.23"
10979328118,,35.2268444,-80.843736,"{'amenity': 'bench', 'backrest': 'yes', 'seats': '4'}",bench,,,,,,,,"CTC/Arena,3rd St/Convention","295.66,363.93"
10979328119,,35.2268155,-80.8437781,{'amenity': 'waste_basket'},waste_basket,,,,,,,,"CTC/Arena,3rd St/Convention","296.25,361.45"
10979328120,,35.2268067,-80.8437942,{'amenity': 'recycling'},recycling,,,,,,,,"CTC/Arena,3rd St/Convention","296.67,360.76"
10979328121,,35.2267264,-80.8439126,"{'amenity': 'bicycle_parking', 'bicycle_parking': 'stands', 'capacity': '2'}",bicycle_parking,,,,,,,,"CTC/Arena,3rd St/Convention","298.92,354.21"
10979328122,,35.2266255,-80.8440538,"{'amenity': 'bench', 'backrest': 'yes', 'seats': '4'}",bench,,,,,,,,"CTC/Arena,3rd St/Convention","302.09,346.43"
10979328123,,35.2266477,-80.8440226,"{'amenity': 'bench', 'backrest': 'yes', 'seats': '4'}",bench,,,,,,,,"CTC/Arena,3rd St/Convention","301.3,348.09"
11006244550,Starbucks,35.2280688,-80.8445064,"{'addr:city': 'Charlotte', 'addr:housenumber': '201', 'addr:postcode': '28202', 'addr:state': 'NC', 'addr:street': 'West Trade Street', 'amenity': 'cafe', 'branch': 'Grand Bohemian Charlotte', 'brand': 'Starbucks', 'brand:wikidata': 'Q37158', 'cuisine': 'coffee_shop', 'name': 'Starbucks', 'official_name': 'Starbucks Coffee', 'phone': '+1 704-372-1877', 'ref': '1027954', 'takeaway': 'yes', 'website': 'https://www.starbucks.com/store-locator/store/1027954/grand-bohemian-charlotte-201-west-trade-street-charlotte-nc-28202-us'}",cafe,,,,,,,,CTC/Arena,443.0
11015149087,,35.2222191,-80.8408541,{'amenity': 'parking_entrance'},parking_entrance,,,,,,,,"3rd St/Convention,CTC/Arena","253.16,312.24"
11015149091,,35.2221947,-80.8408858,{'amenity': 'parking_entrance'},parking_entrance,,,,,,,,"3rd St/Convention,CTC/Arena","252.56,314.47"
11015149100,,35.2226399,-80.8403065,{'amenity': 'parking_entrance'},parking_entrance,,,,,,,,"3rd St/Convention,CTC/Arena","272.7,279.69"
11015149110,,35.2226155,-80.8403383,{'amenity': 'parking_entrance'},parking_entrance,,,,,,,,"3rd St/Convention,CTC/Arena","271.13,281.23"
11015149113,,35.2217287,-80.8403624,{'amenity': 'parking_entrance'},parking_entrance,,,,,,,,"3rd St/Convention,CTC/Arena","322.17,374.65"
11015149123,,35.2217527,-80.8403312,{'amenity': 'parking_entrance'},parking_entrance,,,,,,,,"3rd St/Convention,CTC/Arena","322.64,372.79"
11015149151,,35.2221729,-80.8397846,{'amenity': 'parking_entrance'},parking_entrance,,,,,,,,"3rd St/Convention,CTC/Arena","338.01,345.89"
11015149218,,35.2224939,-80.84144,{'amenity': 'parking_entrance'},parking_entrance,,,,,,,,"3rd St/Convention,CTC/Arena,Brooklyn Village","192.5,277.97,515.28"
11015149219,,35.2225403,-80.8413784,{'amenity': 'parking_entrance'},parking_entrance,,,,,,,,"3rd St/Convention,CTC/Arena","193.63,272.78"
11015149230,,35.2228726,-80.8397426,{'amenity': 'parking_entrance'},parking_entrance,,,,,,,,"CTC/Arena,3rd St/Convention","279.53,312.77"
11015149231,,35.2229944,-80.8398902,{'amenity': 'parking_entrance'},parking_entrance,,,,,,,,"CTC/Arena,3rd St/Convention,7th Street","260.96,296.43,497.34"
11015149232,,35.2234793,-80.8392818,{'amenity': 'parking_entrance'},parking_entrance,,,,,,,,"CTC/Arena,3rd St/Convention,7th Street","255.44,344.13,429.49"
11018293586,,35.2252682,-80.8429221,{'amenity': 'parking_entrance'},parking_entrance,,,,,,,,"CTC/Arena,3rd St/Convention","142.56,184.32"
11018304557,,35.2245382,-80.8441545,{'amenity': 'parking_entrance'},parking_entrance,,,,,,,,"3rd St/Convention,CTC/Arena,Brooklyn Village","143.24,256.73,431.46"
11018779237,,35.2251054,-80.8424342,{'amenity': 'parking_entrance'},parking_entrance,,,,,,,,"CTC/Arena,3rd St/Convention","95.74,175.35"
11018779239,,35.2257765,-80.8416776,{'amenity': 'parking_entrance'},parking_entrance,,,,,,,,"CTC/Arena,3rd St/Convention,7th Street","90.0,271.21,366.06"
11018779247,,35.2244257,-80.842453,{'amenity': 'parking_entrance'},parking_entrance,,,,,,,,"3rd St/Convention,CTC/Arena","105.99,115.82"
11018779249,,35.2245324,-80.8423093,{'amenity': 'parking_entrance'},parking_entrance,,,,,,,,"CTC/Arena,3rd St/Convention,7th Street","98.43,123.01,488.23"
11020919395,,35.2256169,-80.8409801,{'amenity': 'parking_entrance'},parking_entrance,,,,,,,,"CTC/Arena,3rd St/Convention,7th Street","77.92,292.17,319.72"
11020919397,,35.2262223,-80.8400841,{'amenity': 'parking_entrance'},parking_entrance,,,,,,,,"CTC/Arena,7th Street,3rd St/Convention","180.27,214.87,396.57"
11031563238,,35.2280793,-80.8430845,{'amenity': 'parking_entrance'},parking_entrance,,,,,,,,CTC/Arena,374.7
11033688967,,35.2279612,-80.8445964,{'amenity': 'parking_entrance'},parking_entrance,,,,,,,,CTC/Arena,439.3
11033688969,,35.2278731,-80.8447197,{'amenity': 'parking_entrance'},parking_entrance,,,,,,,,CTC/Arena,439.7
11033689067,,35.2275715,-80.8448101,{'amenity': 'parking_entrance'},parking_entrance,,,,,,,,"CTC/Arena,3rd St/Convention","422.13,467.31"
11033689070,,35.2274796,-80.8449363,{'amenity': 'parking_entrance'},parking_entrance,,,,,,,,"CTC/Arena,3rd St/Convention","423.98,461.86"
11033689073,,35.2271527,-80.8449521,{'amenity': 'parking_entrance'},parking_entrance,,,,,,,,"CTC/Arena,3rd St/Convention","402.58,428.96"
11033689075,,35.2270939,-80.8448879,{'amenity': 'parking_entrance'},parking_entrance,,,,,,,,"CTC/Arena,3rd St/Convention","394.01,420.65"
11033689090,,35.2270602,-80.8444428,{'amenity': 'parking_entrance'},parking_entrance,,,,,,,,"CTC/Arena,3rd St/Convention","359.69,402.79"
11033689091,,35.22764,-80.8438016,{'amenity': 'parking_entrance'},parking_entrance,,,,,,,,"CTC/Arena,3rd St/Convention","365.9,452.0"
11033689128,,35.2257398,-80.8432734,{'amenity': 'parking_entrance'},parking_entrance,,,,,,,,"CTC/Arena,3rd St/Convention","190.02,236.99"
11033689158,,35.2256795,-80.8429809,{'amenity': 'parking_entrance'},parking_entrance,,,,,,,,"CTC/Arena,3rd St/Convention","163.21,229.62"
11035897675,,35.2270979,-80.8458023,{'amenity': 'parking_entrance'},parking_entrance,,,,,,,,"3rd St/Convention,CTC/Arena","460.32,464.06"
11035897715,,35.2262592,-80.845877,"{'amenity': 'parking_entrance', 'parking': 'multi-storey'}",parking_entrance,,,,,,,,"3rd St/Convention,CTC/Arena","389.91,431.54"
11035897722,,35.2269681,-80.8456802,{'amenity': 'parking_entrance'},parking_entrance,,,,,,,,"3rd St/Convention,CTC/Arena","442.21,447.28"
11035897724,,35.2271623,-80.8454044,{'amenity': 'parking_entrance'},parking_entrance,,,,,,,,"CTC/Arena,3rd St/Convention","436.99,448.01"
11035897728,,35.2269099,-80.8449586,{'amenity': 'parking_entrance'},parking_entrance,,,,,,,,"CTC/Arena,3rd St/Convention","387.71,404.7"
11035897730,,35.2269682,-80.8450519,{'amenity': 'parking_entrance'},parking_entrance,,,,,,,,"CTC/Arena,3rd St/Convention","398.36,414.2"
11035897817,,35.2253109,-80.8447539,{'amenity': 'parking_entrance'},parking_entrance,,,,,,,,"3rd St/Convention,CTC/Arena,Brooklyn Village","243.6,308.05,478.18"
11035897832,,35.2258223,-80.8436224,{'amenity': 'parking_entrance'},parking_entrance,,,,,,,,"CTC/Arena,3rd St/Convention","222.68,250.63"
11035897836,,35.2250072,-80.8439727,{'amenity': 'parking_entrance'},parking_entrance,,,,,,,,"3rd St/Convention,CTC/Arena,Brooklyn Village","175.81,235.03,483.57"
11035897839,,35.2250552,-80.8438972,{'amenity': 'parking_entrance'},parking_entrance,,,,,,,,"3rd St/Convention,CTC/Arena,Brooklyn Village","177.46,228.24,491.83"
11035897843,,35.2250694,-80.8438374,{'amenity': 'parking_entrance'},parking_entrance,,,,,,,,"3rd St/Convention,CTC/Arena,Brooklyn Village","176.63,222.85,496.21"
11043397612,,35.223792,-80.845759,{'amenity': 'parking_entrance'},parking_entrance,,,,,,,,"3rd St/Convention,Brooklyn Village,CTC/Arena","246.44,287.25,419.55"
11043397614,,35.2237656,-80.8457918,{'amenity': 'parking_entrance'},parking_entrance,,,,,,,,"3rd St/Convention,Brooklyn Village,CTC/Arena","249.2,283.42,423.32"
11043397616,,35.2237173,-80.8458521,{'amenity': 'parking_entrance'},parking_entrance,,,,,,,,"3rd St/Convention,Brooklyn Village,CTC/Arena","254.37,276.44,430.26"
11043397618,,35.2236471,-80.8459524,{'amenity': 'parking_entrance'},parking_entrance,,,,,,,,"3rd St/Convention,Brooklyn Village,CTC/Arena","263.25,265.96,441.47"
11049745780,,35.2222524,-80.8436678,{'amenity': 'parking_entrance'},parking_entrance,,,,,,,,"3rd St/Convention,Brooklyn Village,CTC/Arena","160.4,312.77,368.53"
11049745935,,35.2227551,-80.8435407,{'amenity': 'parking_entrance'},parking_entrance,,,,,,,,"3rd St/Convention,CTC/Arena,Brooklyn Village","104.41,316.68,344.41"
11049745938,,35.22269,-80.843469,{'amenity': 'parking_entrance'},parking_entrance,,,,,,,,"3rd St/Convention,CTC/Arena,Brooklyn Village","108.61,318.47,347.22"
11049745970,,35.2231898,-80.8442038,{'amenity': 'parking_entrance'},parking_entrance,,,,,,,,"3rd St/Convention,Brooklyn Village,CTC/Arena","114.04,319.13,325.38"
11049745973,,35.2235524,-80.844611,{'amenity': 'parking_entrance'},parking_entrance,,,,,,,,"3rd St/Convention,Brooklyn Village,CTC/Arena","141.29,320.05,334.2"
11049745976,,35.223481,-80.8445308,{'amenity': 'parking_entrance'},parking_entrance,,,,,,,,"3rd St/Convention,Brooklyn Village,CTC/Arena","134.61,319.13,331.77"
11049745978,,35.2236156,-80.8446815,{'amenity': 'parking_entrance'},parking_entrance,,,,,,,,"3rd St/Convention,Brooklyn Village,CTC/Arena","147.56,321.19,336.59"
11049745993,,35.223685,-80.8434263,{'amenity': 'parking_entrance'},parking_entrance,,,,,,,,"3rd St/Convention,CTC/Arena,Brooklyn Village","34.36,235.81,408.69"
11049745994,,35.223719,-80.8434571,{'amenity': 'parking_entrance'},parking_entrance,,,,,,,,"3rd St/Convention,CTC/Arena","38.11,235.73"
11049746010,,35.2232813,-80.8428296,{'amenity': 'parking_entrance'},parking_entrance,,,,,,,,"3rd St/Convention,CTC/Arena,Brooklyn Village","42.05,231.29,428.86"
11067479859,,35.225496,-80.840497,"{'access': 'yes', 'amenity': 'bicycle_parking', 'bicycle_parking': 'stands', 'capacity': '6', 'covered': 'no', 'foot_traffic': 'high', 'indoor': 'no'}",bicycle_parking,,,,,,,,"CTC/Arena,7th Street,3rd St/Convention","98.13,292.81,313.28"
11067479860,,35.2254848,-80.8405103,"{'access': 'yes', 'amenity': 'drinking_water', 'fee': 'no'}",drinking_water,,,,,,,,"CTC/Arena,7th Street,3rd St/Convention","96.43,294.53,311.55"
11083011683,,35.2282388,-80.8378452,"{'amenity': 'vending_machine', 'vending': 'parking_tickets'}",vending_machine,,,,,,,,"7th Street,9th Street,CTC/Arena","114.66,305.44,482.77"
11083113695,Jimmy John's,35.2278406,-80.8395218,"{'addr:city': 'Charlotte', 'addr:housenumber': '300', 'addr:postcode': '28202', 'addr:state': 'NC', 'addr:street': 'North College Street', 'addr:unit': '100', 'amenity': 'fast_food', 'brand': ""Jimmy John's"", 'brand:wikidata': 'Q1689380', 'cuisine': 'sandwich', 'name': ""Jimmy John's"", 'official_name': ""Jimmy John's Gourmet Sandwiches"", 'phone': '+1 980-819-5351', 'takeaway': 'yes', 'website': 'https://locations.jimmyjohns.com/nc/charlotte/sandwiches-4131.html'}",fast_food,,,,,,,,"7th Street,CTC/Arena,9th Street","149.77,357.97,460.25"
11083113696,Sabor,35.2277542,-80.8394499,"{'amenity': 'fast_food', 'cuisine': 'mexican', 'name': 'Sabor'}",fast_food,,,,,,,,"7th Street,CTC/Arena,9th Street","139.67,352.8,458.84"
11093041439,Avis,35.223752,-80.8440412,"{'amenity': 'car_rental', 'brand': 'Avis', 'brand:wikidata': 'Q791136', 'name': 'Avis', 'official_name': 'Avis Car Rental'}",car_rental,,,,,,,,"3rd St/Convention,CTC/Arena,Brooklyn Village","90.67,278.14,371.76"
11093618444,,35.2256637,-80.8406002,"{'access': 'yes', 'amenity': 'bicycle_parking', 'bicycle_parking': 'stands', 'capacity': '4', 'covered': 'partial', 'foot_traffic': 'high', 'indoor': 'no'}",bicycle_parking,,,,,,,,"CTC/Arena,7th Street,3rd St/Convention","102.88,288.48,319.34"
11096399451,,35.2269081,-80.8364925,"{'amenity': 'vending_machine', 'vending': 'parking_tickets'}",vending_machine,,,,,,,,"7th Street,9th Street,CTC/Arena","146.78,338.1,493.36"
11098808614,Momo Station,35.2276099,-80.8379741,"{'amenity': 'fast_food', 'cuisine': 'indian', 'name': 'Momo Station'}",fast_food,,,,,,,,"7th Street,9th Street,CTC/Arena","43.94,356.33,424.74"
11098808615,,35.2276524,-80.8379211,"{'amenity': 'fast_food', 'cuisine': 'juice'}",fast_food,,,,,,,,"7th Street,9th Street,CTC/Arena","49.59,349.6,431.48"
11098808617,,35.2276933,-80.8379652,"{'amenity': 'fast_food', 'cuisine': 'popcorn'}",fast_food,,,,,,,,"7th Street,9th Street,CTC/Arena","53.19,349.76,431.68"
11098808623,,35.2272939,-80.838623,{'amenity': 'toilets'},toilets,,,,,,,,"7th Street,CTC/Arena,9th Street","51.88,357.94,424.14"
11100885706,,35.2235026,-80.8461081,"{'amenity': 'bicycle_parking', 'bicycle_parking': 'stands', 'capacity': '2', 'covered': 'no'}",bicycle_parking,,,,,,,,"Brooklyn Village,3rd St/Convention,CTC/Arena","246.22,277.64,460.35"
11103367205,,35.223277,-80.8438985,"{'amenity': 'bicycle_parking', 'bicycle_parking': 'stands', 'capacity': '8', 'covered': 'no'}",bicycle_parking,,,,,,,,"3rd St/Convention,CTC/Arena,Brooklyn Village","84.77,297.7,347.0"
11137505105,,35.2242184,-80.8454829,"{'amenity': 'bicycle_parking', 'bicycle_parking': 'stands', 'capacity': '4', 'covered': 'partial'}",bicycle_parking,,,,,,,,"3rd St/Convention,Brooklyn Village,CTC/Arena","230.58,340.55,382.41"
11137505405,,35.2241597,-80.845547,"{'amenity': 'bicycle_parking', 'bicycle_parking': 'stands', 'capacity': '2', 'covered': 'partial'}",bicycle_parking,,,,,,,,"3rd St/Convention,Brooklyn Village,CTC/Arena","234.39,332.29,389.6"
11152109077,,35.2274754,-80.8425464,"{'amenity': 'bicycle_parking', 'bicycle_parking': 'wave', 'capacity': '3', 'covered': 'partial'}",bicycle_parking,,,,,,,,CTC/Arena,294.0
11152109078,,35.2275121,-80.8424925,"{'amenity': 'bicycle_parking', 'bicycle_parking': 'wave', 'capacity': '3', 'covered': 'partial'}",bicycle_parking,,,,,,,,CTC/Arena,296.11
11152109079,,35.2275221,-80.8424777,"{'amenity': 'bicycle_parking', 'bicycle_parking': 'wave', 'capacity': '3', 'covered': 'partial'}",bicycle_parking,,,,,,,,CTC/Arena,296.7
11152109080,,35.2275634,-80.8424152,"{'amenity': 'bicycle_parking', 'bicycle_parking': 'wave', 'capacity': '3', 'covered': 'partial'}",bicycle_parking,,,,,,,,CTC/Arena,299.2
11152109081,,35.2277092,-80.8422196,"{'amenity': 'bicycle_parking', 'bicycle_parking': 'wave', 'capacity': '3', 'covered': 'partial'}",bicycle_parking,,,,,,,,CTC/Arena,309.79
11152109082,,35.2277336,-80.8421819,"{'amenity': 'bicycle_parking', 'bicycle_parking': 'wave', 'capacity': '3', 'covered': 'no'}",bicycle_parking,,,,,,,,CTC/Arena,311.61
11152109083,,35.2277436,-80.8421679,"{'amenity': 'bicycle_parking', 'bicycle_parking': 'wave', 'capacity': '3', 'covered': 'no'}",bicycle_parking,,,,,,,,CTC/Arena,312.39
11152109084,,35.2279403,-80.8421712,"{'amenity': 'bicycle_parking', 'bicycle_parking': 'stands', 'capacity': '2', 'covered': 'partial'}",bicycle_parking,,,,,,,,"CTC/Arena,7th Street","333.74,382.55"
11152109085,,35.2276162,-80.842636,"{'amenity': 'bicycle_parking', 'bicycle_parking': 'stands', 'capacity': '2', 'covered': 'no'}",bicycle_parking,,,,,,,,CTC/Arena,311.51
11152109086,,35.2275435,-80.8427389,"{'amenity': 'bicycle_parking', 'bicycle_parking': 'stands', 'capacity': '2', 'covered': 'no'}",bicycle_parking,,,,,,,,CTC/Arena,307.63
11152109087,,35.2273915,-80.8431881,"{'amenity': 'bicycle_parking', 'bicycle_parking': 'stands', 'capacity': '4', 'covered': 'no'}",bicycle_parking,,,,,,,,"CTC/Arena,3rd St/Convention","311.63,419.53"
11152109088,,35.2274108,-80.8432091,"{'amenity': 'bicycle_parking', 'bicycle_parking': 'stands', 'capacity': '4', 'covered': 'no'}",bicycle_parking,,,,,,,,"CTC/Arena,3rd St/Convention","314.46,421.73"
11152109089,,35.2272931,-80.8433222,"{'amenity': 'bicycle_parking', 'bicycle_parking': 'stands', 'capacity': '4', 'covered': 'no'}",bicycle_parking,,,,,,,,"CTC/Arena,3rd St/Convention","309.17,409.15"
11152109090,,35.2274497,-80.8434927,"{'amenity': 'bicycle_parking', 'bicycle_parking': 'stands', 'capacity': '4', 'covered': 'no'}",bicycle_parking,,,,,,,,"CTC/Arena,3rd St/Convention","332.29,427.64"
11152109091,,35.2275949,-80.8436662,"{'amenity': 'bicycle_parking', 'bicycle_parking': 'stands', 'capacity': '4', 'covered': 'no'}",bicycle_parking,,,,,,,,"CTC/Arena,3rd St/Convention","354.57,445.36"
11152109093,,35.2275939,-80.8434079,"{'amenity': 'bicycle_parking', 'bicycle_parking': 'stands', 'capacity': '2', 'covered': 'no'}",bicycle_parking,,,,,,,,"CTC/Arena,3rd St/Convention","341.28,442.95"
11152191605,,35.2274653,-80.8425612,"{'amenity': 'bicycle_parking', 'bicycle_parking': 'wave', 'capacity': '3', 'covered': 'partial'}",bicycle_parking,,,,,,,,CTC/Arena,293.44
11152216961,,35.2266715,-80.8437108,"{'amenity': 'bicycle_parking', 'bicycle_parking': 'wave', 'capacity': '3', 'covered': 'no'}",bicycle_parking,,,,,,,,"CTC/Arena,3rd St/Convention","281.01,344.65"
11152216962,,35.2266583,-80.843731,"{'amenity': 'bicycle_parking', 'bicycle_parking': 'wave', 'capacity': '3', 'covered': 'no'}",bicycle_parking,,,,,,,,"CTC/Arena,3rd St/Convention","281.43,343.53"
11152216963,,35.2265804,-80.8438388,"{'amenity': 'bicycle_parking', 'bicycle_parking': 'wave', 'capacity': '3', 'covered': 'no'}",bicycle_parking,,,,,,,,"CTC/Arena,3rd St/Convention","283.51,336.96"
11152216964,,35.2265672,-80.843859,"{'amenity': 'bicycle_parking', 'bicycle_parking': 'wave', 'capacity': '3', 'covered': 'no'}",bicycle_parking,,,,,,,,"CTC/Arena,3rd St/Convention","284.06,335.92"
11152216965,,35.2262498,-80.8443212,"{'amenity': 'bicycle_parking', 'bicycle_parking': 'stands', 'capacity': '2'}",bicycle_parking,,,,,,,,"CTC/Arena,3rd St/Convention","300.6,314.45"
11152216966,,35.2263632,-80.8444333,"{'amenity': 'bicycle_parking', 'bicycle_parking': 'stands', 'capacity': '2'}",bicycle_parking,,,,,,,,"CTC/Arena,3rd St/Convention","315.52,329.92"
11152216967,,35.2260899,-80.8445494,"{'amenity': 'bicycle_parking', 'bicycle_parking': 'stands', 'capacity': '2'}",bicycle_parking,,,,,,,,"3rd St/Convention,CTC/Arena","306.61,311.88"
11152216968,,35.2261155,-80.8449039,"{'amenity': 'bicycle_parking', 'bicycle_parking': 'wave', 'capacity': '7', 'covered': 'no'}",bicycle_parking,,,,,,,,"3rd St/Convention,CTC/Arena","324.6,342.86"
11152216969,,35.2257139,-80.8450825,"{'amenity': 'bicycle_parking', 'bicycle_parking': 'stands', 'capacity': '2'}",bicycle_parking,,,,,,,,"3rd St/Convention,CTC/Arena","297.18,345.22"
11152216970,,35.2257042,-80.8451007,{'amenity': 'waste_basket'},waste_basket,,,,,,,,"3rd St/Convention,CTC/Arena","297.37,346.59"
11152216971,,35.225693,-80.8451178,{'amenity': 'waste_basket'},waste_basket,,,,,,,,"3rd St/Convention,CTC/Arena","297.37,347.83"
11152216972,,35.2255275,-80.8453733,"{'amenity': 'bicycle_parking', 'bicycle_parking': 'stands', 'capacity': '2'}",bicycle_parking,,,,,,,,"3rd St/Convention,CTC/Arena","299.23,367.17"
11152216973,,35.2255423,-80.8456286,"{'access': 'yes', 'amenity': 'bicycle_parking', 'bicycle_parking': 'stands', 'capacity': '4', 'covered': 'no'}",bicycle_parking,,,,,,,,"3rd St/Convention,CTC/Arena","317.11,390.38"
11152216975,,35.2253318,-80.8459275,"{'amenity': 'bicycle_parking', 'bicycle_parking': 'stands', 'capacity': '2'}",bicycle_parking,,,,,,,,"3rd St/Convention,CTC/Arena,Brooklyn Village","323.35,414.55,446.75"
11152216987,,35.2281525,-80.8415759,"{'amenity': 'bicycle_parking', 'bicycle_parking': 'stands', 'capacity': '2', 'covered': 'partial'}",bicycle_parking,,,,,,,,"7th Street,CTC/Arena","336.24,350.02"
11152216988,,35.2282154,-80.8414905,"{'amenity': 'bicycle_parking', 'bicycle_parking': 'stands', 'capacity': '2'}",bicycle_parking,,,,,,,,"7th Street,CTC/Arena","331.11,356.71"
11152216989,,35.2283337,-80.8416042,"{'amenity': 'bicycle_parking', 'bicycle_parking': 'stands', 'capacity': '2'}",bicycle_parking,,,,,,,,"7th Street,CTC/Arena","345.36,370.22"
11152216990,,35.2283242,-80.8413256,"{'amenity': 'bicycle_parking', 'bicycle_parking': 'stands', 'capacity': '2'}",bicycle_parking,,,,,,,,"7th Street,CTC/Arena","321.41,368.7"
11152216991,,35.2285142,-80.8413478,"{'amenity': 'bicycle_parking', 'bicycle_parking': 'stands', 'capacity': '2'}",bicycle_parking,,,,,,,,"7th Street,CTC/Arena","331.83,389.75"
11152216992,,35.2288952,-80.8405278,"{'amenity': 'bicycle_parking', 'bicycle_parking': 'stands', 'capacity': '2'}",bicycle_parking,,,,,,,,"7th Street,CTC/Arena","291.45,439.05"
11152216993,,35.2289196,-80.8404956,"{'amenity': 'bicycle_parking', 'bicycle_parking': 'stands', 'capacity': '2'}",bicycle_parking,,,,,,,,7th Street,290.95
11152216994,,35.2289634,-80.8407064,"{'amenity': 'bicycle_parking', 'bicycle_parking': 'stands', 'capacity': '4', 'covered': 'yes'}",bicycle_parking,,,,,,,,"7th Street,CTC/Arena","308.83,443.92"
11152269313,,35.2269591,-80.8429292,"{'amenity': 'bicycle_parking', 'bicycle_parking': 'wave', 'capacity': '3', 'covered': 'no'}",bicycle_parking,,,,,,,,"CTC/Arena,3rd St/Convention","258.5,371.61"
11152269314,,35.2269735,-80.8429448,{'amenity': 'bench'},bench,,,,,,,,"CTC/Arena,3rd St/Convention","260.61,373.16"
11152269315,,35.2269196,-80.8428864,{'amenity': 'bench'},bench,,,,,,,,"CTC/Arena,3rd St/Convention","252.71,367.38"
11152269316,,35.2268632,-80.8428213,{'amenity': 'bench'},bench,,,,,,,,"CTC/Arena,3rd St/Convention","244.26,361.44"
11152269317,,35.2268339,-80.8427906,{'amenity': 'bench'},bench,,,,,,,,"CTC/Arena,3rd St/Convention,7th Street","240.02,358.37,432.6"
11152269318,,35.2268014,-80.8427498,{'amenity': 'bench'},bench,,,,,,,,"CTC/Arena,3rd St/Convention,7th Street","235.0,355.05,429.29"
11152269319,,35.2267767,-80.8427221,{'amenity': 'bench'},bench,,,,,,,,"CTC/Arena,3rd St/Convention,7th Street","231.34,352.53,427.09"
11152269320,,35.2268862,-80.842583,{'amenity': 'bench'},bench,,,,,,,,"CTC/Arena,3rd St/Convention,7th Street","235.67,365.92,413.25"
11152269321,,35.226948,-80.8426535,{'amenity': 'bench'},bench,,,,,,,,"CTC/Arena,3rd St/Convention,7th Street","244.73,372.03,419.09"
11152269322,,35.2269097,-80.8426112,{'amenity': 'bench'},bench,,,,,,,,"CTC/Arena,3rd St/Convention,7th Street","239.17,368.21,415.58"
11152269323,,35.2270089,-80.8427241,{'amenity': 'bench'},bench,,,,,,,,"CTC/Arena,3rd St/Convention","253.72,378.18"
11152269324,,35.226969,-80.8426807,{'amenity': 'bench'},bench,,,,,,,,"CTC/Arena,3rd St/Convention","247.95,374.11"
11152269325,,35.2268924,-80.8428541,"{'amenity': 'bicycle_parking', 'bicycle_parking': 'wave', 'capacity': '3', 'covered': 'no'}",bicycle_parking,,,,,,,,"CTC/Arena,3rd St/Convention","248.59,364.5"
11152269326,,35.2268521,-80.8428042,"{'amenity': 'bicycle_parking', 'bicycle_parking': 'wave', 'capacity': '3', 'covered': 'no'}",bicycle_parking,,,,,,,,"CTC/Arena,3rd St/Convention,7th Street","242.39,360.3,433.64"
11152269327,,35.2264539,-80.8420893,"{'amenity': 'bicycle_parking', 'bicycle_parking': 'stands', 'capacity': '2', 'covered': 'no'}",bicycle_parking,,,,,,,,"CTC/Arena,3rd St/Convention,7th Street","173.34,327.53,376.38"
11152269328,,35.2248199,-80.8401237,"{'amenity': 'bicycle_parking', 'bicycle_parking': 'wave', 'capacity': '5', 'covered': 'no'}",bicycle_parking,,,,,,,,"CTC/Arena,3rd St/Convention,7th Street","116.95,299.01,325.75"
11152269329,,35.2244413,-80.8400763,"{'amenity': 'bicycle_parking', 'bicycle_parking': 'wave', 'capacity': '5', 'covered': 'no'}",bicycle_parking,,,,,,,,"CTC/Arena,3rd St/Convention,7th Street","134.65,286.75,358.65"
11152269330,,35.2228016,-80.8376535,"{'amenity': 'bicycle_parking', 'bicycle_parking': 'wave', 'capacity': '5', 'covered': 'no'}",bicycle_parking,,,,,,,,"CTC/Arena,7th Street","418.4,491.4"
11203593737,,35.2263857,-80.8379289,"{'access': 'yes', 'amenity': 'bicycle_parking', 'bicycle_parking': 'stands', 'capacity': '4', 'covered': 'partial', 'foot_traffic': 'low'}",bicycle_parking,,,,,,,,"7th Street,CTC/Arena,9th Street","93.29,350.45,454.02"
11203595537,,35.2265801,-80.8385145,"{'access': 'yes', 'amenity': 'bicycle_parking', 'bicycle_parking': 'wave', 'capacity': '17', 'covered': 'yes', 'foot_traffic': 'low'}",bicycle_parking,,,,,,,,"7th Street,CTC/Arena","82.14,314.93"
11203596437,,35.2269884,-80.8384122,"{'access': 'yes', 'amenity': 'bicycle_parking', 'bicycle_parking': 'stands', 'capacity': '10', 'covered': 'no', 'foot_traffic': 'high'}",bicycle_parking,,,,,,,,"7th Street,CTC/Arena,9th Street","41.07,349.37,432.25"
11203657637,,35.2247118,-80.8407667,"{'access': 'yes', 'amenity': 'bicycle_parking', 'bicycle_parking': 'wave', 'capacity': '5', 'covered': 'yes', 'description': 'Bolts have come loose, unsafe to use', 'foot_traffic': 'high'}",bicycle_parking,,,,,,,,"CTC/Arena,3rd St/Convention","65.11,241.84"
11203661437,,35.2242002,-80.8413544,"{'access': 'yes', 'amenity': 'bicycle_parking', 'bicycle_parking': 'wave', 'capacity': '8', 'covered': 'yes', 'foot_traffic': 'high'}",bicycle_parking,,,,,,,,"CTC/Arena,3rd St/Convention","88.76,168.45"
11208922238,,35.2250945,-80.8433138,"{'access': 'yes', 'amenity': 'bicycle_parking', 'bicycle_parking': 'stands', 'capacity': '8', 'covered': 'no', 'foot_traffic': 'medium', 'indoor': 'no'}",bicycle_parking,,,,,,,,"3rd St/Convention,CTC/Arena","166.24,175.38"
11208933137,,35.2241532,-80.8451672,"{'access': 'yes', 'amenity': 'bicycle_parking', 'bicycle_parking': 'stands', 'capacity': '2', 'covered': 'partial', 'foot_traffic': 'medium', 'indoor': 'no'}",bicycle_parking,,,,,,,,"3rd St/Convention,Brooklyn Village,CTC/Arena","201.0,346.31,356.33"
11208933138,,35.226995,-80.8410938,"{'access': 'yes', 'amenity': 'bicycle_parking', 'bicycle_parking': 'stands', 'capacity': '6', 'covered': 'no', 'foot_traffic': 'medium', 'indoor': 'no'}",bicycle_parking,,,,,,,,"CTC/Arena,7th Street,3rd St/Convention","222.88,277.2,415.86"
11208935637,,35.2249467,-80.8436637,"{'access': 'yes', 'amenity': 'bicycle_parking', 'bicycle_parking': 'stands', 'capacity': '8', 'covered': 'no', 'foot_traffic': 'medium', 'indoor': 'no'}",bicycle_parking,,,,,,,,"3rd St/Convention,CTC/Arena,Brooklyn Village","158.09,206.99,494.45"
11208935638,,35.2269286,-80.8406392,"{'access': 'yes', 'amenity': 'bicycle_parking', 'bicycle_parking': 'stands', 'capacity': '2', 'covered': 'no', 'foot_traffic': 'medium', 'indoor': 'no'}",bicycle_parking,,,,,,,,"CTC/Arena,7th Street,3rd St/Convention","224.53,236.92,428.93"
11208935639,,35.2277559,-80.8399744,"{'access': 'yes', 'amenity': 'bicycle_parking', 'bicycle_parking': 'stands', 'capacity': '2'}",bicycle_parking,,,,,,,,"7th Street,CTC/Arena,9th Street","184.07,331.67,501.38"
11208964537,,35.2277894,-80.8395865,"{'access': 'yes', 'amenity': 'bicycle_parking', 'bicycle_parking': 'rack', 'capacity': '2', 'covered': 'no', 'foot_traffic': 'medium', 'indoor': 'no'}",bicycle_parking,,,,,,,,"7th Street,CTC/Arena,9th Street","152.59,350.19,468.06"
11226011119,,35.2259734,-80.8455839,"{'access': 'yes', 'amenity': 'bicycle_parking', 'bicycle_parking': 'stands', 'capacity': '2', 'covered': 'yes'}",bicycle_parking,,,,,,,,"3rd St/Convention,CTC/Arena","348.5,396.62"
11226011120,,35.2260596,-80.8456815,"{'access': 'yes', 'amenity': 'bicycle_parking', 'bicycle_parking': 'stands', 'capacity': '2', 'covered': 'yes'}",bicycle_parking,,,,,,,,"3rd St/Convention,CTC/Arena","361.54,407.83"
11226011121,,35.2261249,-80.8457581,"{'access': 'yes', 'amenity': 'bicycle_parking', 'bicycle_parking': 'stands', 'capacity': '2', 'covered': 'yes'}",bicycle_parking,,,,,,,,"3rd St/Convention,CTC/Arena","371.58,416.62"
11226011122,,35.2263482,-80.8460224,"{'access': 'yes', 'amenity': 'bicycle_parking', 'bicycle_parking': 'stands', 'capacity': '2', 'covered': 'no'}",bicycle_parking,,,,,,,,"3rd St/Convention,CTC/Arena","406.07,447.28"
11226011127,,35.229202,-80.8455479,"{'access': 'yes', 'amenity': 'bicycle_parking', 'bicycle_parking': 'stands', 'capacity': '6', 'covered': 'no'}",bicycle_parking,,,,,,,,CTC/Arena,600.27
11226011128,,35.2290582,-80.84538,"{'access': 'yes', 'amenity': 'bicycle_parking', 'bicycle_parking': 'stands', 'capacity': '6', 'covered': 'no'}",bicycle_parking,,,,,,,,CTC/Arena,578.26
11226018567,,35.2284317,-80.8447152,"{'access': 'yes', 'amenity': 'bicycle_parking', 'bicycle_parking': 'stands', 'capacity': '8', 'covered': 'no'}",bicycle_parking,,,,,,,,CTC/Arena,486.21
11226018568,,35.2278331,-80.8439425,"{'amenity': 'bicycle_parking', 'bicycle_parking': 'stands', 'capacity': '2', 'covered': 'no'}",bicycle_parking,,,,,,,,"CTC/Arena,3rd St/Convention","390.73,475.18"
11258693637,,35.2274432,-80.8390869,"{'access': 'yes', 'amenity': 'bicycle_parking', 'bicycle_parking': 'stands', 'capacity': '2', 'covered': 'partial', 'foot_traffic': 'medium', 'indoor': 'no'}",bicycle_parking,,,,,,,,"7th Street,CTC/Arena,9th Street","96.67,342.55,448.27"
11258695537,,35.2270377,-80.8372281,"{'access': 'yes', 'amenity': 'bicycle_parking', 'bicycle_parking': 'bollard', 'capacity': '6', 'covered': 'no', 'foot_traffic': 'low', 'indoor': 'no'}",bicycle_parking,,,,,,,,"7th Street,9th Street,CTC/Arena","78.36,358.16,441.03"
11258776337,,35.2287751,-80.8427606,"{'access': 'yes', 'amenity': 'bicycle_parking', 'bicycle_parking': 'stands', 'capacity': '2', 'covered': 'no', 'foot_traffic': 'low', 'indoor': 'no'}",bicycle_parking,,,,,,,,CTC/Arena,436.84
11258776637,,35.2283681,-80.8422744,"{'access': 'yes', 'amenity': 'bicycle_parking', 'bicycle_parking': 'stands', 'capacity': '2', 'covered': 'no', 'foot_traffic': 'medium', 'indoor': 'no'}",bicycle_parking,,,,,,,,CTC/Arena,382.1
11272669669,,35.2266539,-80.8404972,"{'access': 'yes', 'amenity': 'bicycle_parking', 'bicycle_parking': 'wave', 'capacity': '3', 'covered': 'no', 'foot_traffic': 'medium', 'indoor': 'no'}",bicycle_parking,,,,,,,,"CTC/Arena,7th Street,3rd St/Convention","200.61,230.5,410.3"
11272670369,,35.2264499,-80.8398991,"{'access': 'yes', 'amenity': 'bicycle_parking', 'bicycle_parking': 'wave', 'capacity': '9', 'covered': 'yes', 'foot_traffic': 'low', 'indoor': 'no'}",bicycle_parking,,,,,,,,"7th Street,CTC/Arena,3rd St/Convention","187.89,210.39,426.53"
11310673269,,35.2252266,-80.836628,"{'access': 'yes', 'amenity': 'bicycle_parking', 'bicycle_parking': 'stands', 'bicycle_parking:count': '2', 'capacity': '4', 'covered': 'no', 'foot_traffic': 'low', 'indoor': 'no'}",bicycle_parking,,,,,,,,"7th Street,CTC/Arena","256.62,434.08"
11355293677,,35.2260818,-80.8384198,{'amenity': 'parking_entrance'},parking_entrance,,,,,,,,"7th Street,CTC/Arena","130.4,295.72"
11355293678,,35.2263431,-80.8381499,{'amenity': 'parking_entrance'},parking_entrance,,,,,,,,"7th Street,CTC/Arena,9th Street","97.59,330.34,469.84"
11360379000,Mortimer's Cafe & Pub,35.225312,-80.8423109,"{'amenity': 'pub', 'name': ""Mortimer's Cafe & Pub"", 'smoking': 'no'}",pub,,,,,,,,"CTC/Arena,3rd St/Convention,7th Street","90.67,200.69,440.92"
11360379001,Fuji Hibachi & Teriyaki,35.2253941,-80.8424274,"{'amenity': 'restaurant', 'cuisine': 'japanese', 'name': 'Fuji Hibachi & Teriyaki'}",restaurant,,,,,,,,"CTC/Arena,3rd St/Convention,7th Street","104.03,206.06,446.05"
11360379002,STK Charlotte,35.225131,-80.8431687,"{'addr:city': 'Charlotte', 'addr:housenumber': '201', 'addr:postcode': '28202', 'addr:state': 'NC', 'addr:street': 'South College Street', 'amenity': 'restaurant', 'cuisine': 'steak_house', 'name': 'STK Charlotte'}",restaurant,,,,,,,,"CTC/Arena,3rd St/Convention","162.51,168.97"
11360379003,Showmars,35.2246682,-80.8434796,"{'addr:city': 'Charlotte', 'addr:housenumber': '201', 'addr:postcode': '28202', 'addr:state': 'NC', 'addr:street': 'South College Street', 'amenity': 'restaurant', 'cuisine': 'american;greek', 'name': 'Showmars', 'opening_hours': 'Mo-Fr 07:30-15:00'}",restaurant,,,,,,,,"3rd St/Convention,CTC/Arena","123.41,193.68"
11360440680,The Bella Ciao,35.2261055,-80.8443458,"{'amenity': 'restaurant', 'cuisine': 'italian', 'name': 'The Bella Ciao'}",restaurant,,,,,,,,"CTC/Arena,3rd St/Convention","295.6,300.47"
11378555369,,35.2216614,-80.8391546,"{'access': 'yes', 'amenity': 'bicycle_parking', 'bicycle_parking': 'wave', 'capacity': '9', 'covered': 'no', 'foot_traffic': 'medium', 'indoor': 'no'}",bicycle_parking,,,,,,,,"3rd St/Convention,CTC/Arena","415.95,422.46"
11735127544,,35.2244094,-80.8425091,"{'access': 'yes', 'amenity': 'bicycle_parking', 'bicycle_parking': 'wave', 'capacity': '7', 'covered': 'yes'}",bicycle_parking,,,,,,,,"3rd St/Convention,CTC/Arena","101.85,121.08"
11735127545,,35.2245243,-80.8423591,"{'access': 'yes', 'amenity': 'bicycle_parking', 'bicycle_parking': 'rack', 'covered': 'yes'}",bicycle_parking,,,,,,,,"CTC/Arena,3rd St/Convention","102.76,119.79"
11809533805,Red Ginger,35.2240341,-80.8455323,"{'addr:city': 'Charlotte', 'addr:housenumber': '401', 'addr:postcode': '28202', 'addr:state': 'NC', 'addr:street': 'South Tryon Street', 'addr:unit': 'Suite 130', 'amenity': 'restaurant', 'cuisine': 'japanese', 'name': 'Red Ginger', 'phone': '+1-980-819-8837', 'website': 'https://www.redgingercharlotte.com'}",restaurant,,,,,,,,"3rd St/Convention,Brooklyn Village,CTC/Arena","229.85,319.99,391.88"
11820233869,The Public House,35.2230184,-80.8426739,"{'addr:postcode': '28202', 'amenity': 'pub', 'cuisine': 'american', 'name': 'The Public House', 'phone': '+1-704-595-3091', 'website': 'https://thepublichouseclt.com/'}",pub,,,,,,,,"3rd St/Convention,CTC/Arena,Brooklyn Village","74.42,248.89,428.18"
12063465479,Pisco,35.2285344,-80.8424006,"{'addr:housenumber': '116', 'addr:postcode': '28202', 'addr:street': 'West 5th Street', 'amenity': 'restaurant', 'cuisine': 'peruvian', 'name': 'Pisco'}",restaurant,,,,,,,,CTC/Arena,402.61
12162148602,Stage Door Theater,35.227029,-80.8411213,"{'addr:housenumber': '155', 'addr:postcode': '28202', 'amenity': 'theatre', 'name': 'Stage Door Theater', 'outdoor_seating': 'no'}",theatre,,,,,,,,"CTC/Arena,7th Street,3rd St/Convention","226.34,279.38,418.2"
12277427942,Waterbean Coffee,35.2260041,-80.8459563,"{'amenity': 'cafe', 'cuisine': 'coffee_shop', 'name': 'Waterbean Coffee'}",cafe,,,,,,,,"3rd St/Convention,CTC/Arena","374.12,430.2"
12421861670,Founders Hall Library,35.2267345,-80.8422318,"{'access': 'yes', 'addr:city': 'Charlotte', 'addr:county': 'Mecklenburg', 'addr:housenumber': '100', 'addr:postcode': '28202', 'addr:state': 'NC', 'addr:street': 'North Tryon Street', 'addr:unit': 'Suite 290', 'amenity': 'library', 'level': '1', 'name': 'Founders Hall Library', 'nat_ref': 'C-MECKLENBURG-FH', 'opening_hours': 'Mo-Fr 08:00-16:00', 'operator': 'Charlotte Mecklenburg Library', 'operator:type': 'public', 'phone': '+1 704-416-0300', 'website': 'https://www.foundershallevents.com/'}",library,,,,,,,,"CTC/Arena,3rd St/Convention,7th Street","207.05,354.61,383.43"
12445662589,,35.2239225,-80.8396062,"{'addr:housenumber': '420', 'addr:street': 'East Trade Street', 'amenity': 'atm', 'check_date': '2026-01-19', 'covered': 'yes', 'currency:USD': 'yes', 'drive_through': 'no', 'indoor': 'yes', 'lit': 'yes', 'note': 'ATM is located inside of Midnight Diner', 'opening_hours': '24/7', 'wheelchair': 'yes'}",atm,,,,,,,,"CTC/Arena,3rd St/Convention,7th Street","201.57,316.21,391.83"
12499185801,,35.2252174,-80.8401552,"{'access': 'yes', 'amenity': 'bicycle_parking', 'bicycle_parking': 'stands', 'capacity': '2', 'covered': 'no', 'indoor': 'no'}",bicycle_parking,,,,,,,,"CTC/Arena,7th Street,3rd St/Convention","114.93,292.71,318.83"
12499185901,,35.2251276,-80.8401432,"{'access': 'yes', 'amenity': 'bicycle_parking', 'bicycle_parking': 'stands', 'capacity': '2', 'covered': 'no', 'indoor': 'no'}",bicycle_parking,,,,,,,,"CTC/Arena,7th Street,3rd St/Convention","114.34,299.64,314.3"
12513705318,,35.2216207,-80.84303,{'amenity': 'waste_basket'},waste_basket,,,,,,,,"3rd St/Convention,Brooklyn Village,CTC/Arena","220.63,356.75,403.39"
12583296961,,35.2227759,-80.8364327,{'amenity': 'parking_entrance'},parking_entrance,,,,,,,,"CTC/Arena,7th Street","514.15,514.62"
12583296963,,35.2227525,-80.8364634,{'amenity': 'parking_entrance'},parking_entrance,,,,,,,,"CTC/Arena,7th Street","512.96,516.31"
12583296967,,35.2228671,-80.836317,{'amenity': 'parking_entrance'},parking_entrance,,,,,,,,"7th Street,CTC/Arena","508.13,518.73"
12583296969,,35.222845,-80.8363427,{'amenity': 'parking_entrance'},parking_entrance,,,,,,,,"7th Street,CTC/Arena","509.74,517.77"
12753184001,,35.228073,-80.8402514,"{'access': 'yes', 'amenity': 'bicycle_parking', 'bicycle_parking': 'wave', 'capacity': '17', 'covered': 'yes'}",bicycle_parking,,,,,,,,"7th Street,CTC/Arena","220.71,356.2"
12861779392,Sweetgreen,35.2274448,-80.8430586,"{'amenity': 'fast_food', 'brand': 'Sweetgreen', 'brand:wikidata': 'Q18636413', 'cuisine': 'salad', 'name': 'Sweetgreen', 'takeaway': 'yes'}",fast_food,,,,,,,,"CTC/Arena,3rd St/Convention","310.75,425.28"
12945631870,,35.2273055,-80.8436789,"{'amenity': 'bench', 'armrest': 'yes', 'backrest': 'yes', 'material': 'wood'}",bench,,,,,,,,"CTC/Arena,3rd St/Convention","329.78,413.68"
12945631871,,35.2272998,-80.8437,"{'amenity': 'bench', 'armrest': 'yes', 'backrest': 'yes', 'material': 'wood'}",bench,,,,,,,,"CTC/Arena,3rd St/Convention","330.51,413.32"
12945631872,,35.2271691,-80.8435997,"{'amenity': 'bench', 'armrest': 'yes', 'backrest': 'yes', 'material': 'wood'}",bench,,,,,,,,"CTC/Arena,3rd St/Convention","313.53,397.75"
12945631874,,35.2272636,-80.8434692,"{'amenity': 'bench', 'armrest': 'yes', 'backrest': 'yes', 'material': 'wood'}",bench,,,,,,,,"CTC/Arena,3rd St/Convention","314.35,406.89"
12945631876,,35.2271709,-80.8436161,"{'amenity': 'bench', 'armrest': 'yes', 'backrest': 'yes', 'material': 'wood'}",bench,,,,,,,,"CTC/Arena,3rd St/Convention","314.64,398.14"
12948708694,,35.2273063,-80.8435696,{'amenity': 'bench'},bench,,,,,,,,"CTC/Arena,3rd St/Convention","323.66,412.54"
12963151031,Grace Zion Church,35.2232018,-80.8417435,"{'amenity': 'place_of_worship', 'name': 'Grace Zion Church', 'religion': 'christian'}",place_of_worship,,,,,,,,"3rd St/Convention,CTC/Arena,Brooklyn Village","128.07,202.0,513.82"
12963730452,Carolina Theater,35.2283899,-80.8407086,"{'addr:city': 'Charlotte', 'addr:housenumber': '230', 'addr:postcode': '28202', 'addr:state': 'NC', 'addr:street': 'North Tryon Street', 'amenity': 'theatre', 'name': 'Carolina Theater', 'website': 'https://www.thecarolina.com'}",theatre,,,,,,,,"7th Street,CTC/Arena","273.72,381.02"
12963730453,Belk Place,35.2285313,-80.8408519,"{'amenity': 'community_centre', 'community_centre': 'community_hall', 'name': 'Belk Place'}",community_centre,,,,,,,,"7th Street,CTC/Arena","292.73,394.67"
12965459603,,35.2218954,-80.8396228,"{'access': 'yes', 'amenity': 'bicycle_parking', 'bicycle_parking': 'stands', 'capacity': '4', 'covered': 'no', 'indoor': 'no'}",bicycle_parking,,,,,,,,"3rd St/Convention,CTC/Arena","366.06,380.01"
12986984801,Cowbell Burger & Whiskey Bar,35.2284562,-80.8422815,"{'addr:city': 'Charlotte', 'addr:housenumber': '201', 'addr:postcode': '28202', 'addr:state': 'NC', 'addr:street': 'North Tryon Street', 'amenity': 'bar', 'cuisine': 'burger', 'name': 'Cowbell Burger & Whiskey Bar', 'website': 'https://eatmorecowbell.com'}",bar,,,,,,,,CTC/Arena,391.79
13107735343,Halal Food Cart,35.2272259,-80.8428838,"{'amenity': 'restaurant', 'cuisine': 'mediterranean', 'name': 'Halal Food Cart', 'opening_hours': 'Mo-Su 10:00-03:00', 'phone': '+1-516-884-2818'}",restaurant,,,,,,,,"CTC/Arena,3rd St/Convention","281.81,401.33"
13174801087,Brooklyn Lounge,35.2253157,-80.837249,"{'amenity': 'nightclub', 'name': 'Brooklyn Lounge'}",nightclub,,,,,,,,"7th Street,CTC/Arena","223.71,378.46"
13230735735,Stoke,35.2279326,-80.8432371,"{'amenity': 'restaurant', 'name': 'Stoke'}",restaurant,,,,,,,,CTC/Arena,366.09
13230735737,,35.2274747,-80.8432606,{'amenity': 'waste_basket'},waste_basket,,,,,,,,"CTC/Arena,3rd St/Convention","322.95,428.99"
13230735743,,35.227623,-80.8434444,{'amenity': 'bench'},bench,,,,,,,,"CTC/Arena,3rd St/Convention","345.79,446.42"
13230735744,,35.2276473,-80.8434715,{'amenity': 'bench'},bench,,,,,,,,"CTC/Arena,3rd St/Convention","349.39,449.3"
13230735747,,35.2276828,-80.8435163,{'amenity': 'waste_basket'},waste_basket,,,,,,,,"CTC/Arena,3rd St/Convention","354.91,453.58"
13230735763,,35.2278414,-80.8437099,{'amenity': 'waste_basket'},waste_basket,,,,,,,,"CTC/Arena,3rd St/Convention","379.29,472.98"
13230735764,,35.2278281,-80.843694,{'amenity': 'waste_basket'},waste_basket,,,,,,,,"CTC/Arena,3rd St/Convention","377.26,471.33"
13230735767,,35.2280482,-80.843939,{'amenity': 'bench'},bench,,,,,,,,CTC/Arena,409.98
13230735768,,35.2280957,-80.843998,{'amenity': 'waste_basket'},waste_basket,,,,,,,,CTC/Arena,417.36
13230735784,,35.2284233,-80.8424783,"{'access': 'yes', 'amenity': 'bicycle_parking', 'bicycle_parking': 'stands', 'capacity': '2', 'covered': 'no'}",bicycle_parking,,,,,,,,CTC/Arena,392.35
13230735789,,35.2282427,-80.8421329,"{'amenity': 'vending_machine', 'vending': 'newspapers'}",vending_machine,,,,,,,,"CTC/Arena,7th Street","365.92,387.59"
13230735794,,35.2281261,-80.8419107,{'amenity': 'waste_basket'},waste_basket,,,,,,,,"CTC/Arena,7th Street","349.91,364.53"
13230735795,,35.2281379,-80.8418932,"{'amenity': 'recycling', 'recycling_type': 'container'}",recycling,,,,,,,,"CTC/Arena,7th Street","350.99,363.37"
13230735797,,35.228166,-80.8418397,"{'amenity': 'vending_machine', 'vending': 'newspapers'}",vending_machine,,,,,,,,"CTC/Arena,7th Street","353.49,359.59"
13230735798,,35.2281878,-80.8418201,{'amenity': 'telephone'},telephone,,,,,,,,"CTC/Arena,7th Street","355.69,358.6"
13230735799,,35.2282208,-80.841772,{'amenity': 'bench'},bench,,,,,,,,"7th Street,CTC/Arena","355.55,358.88"
13230735800,,35.2282434,-80.841741,{'amenity': 'bench'},bench,,,,,,,,"7th Street,CTC/Arena","353.67,361.11"
13230735801,,35.2284259,-80.8414797,{'amenity': 'bench'},bench,,,,,,,,"7th Street,CTC/Arena","338.71,380.02"
13230735802,,35.2284531,-80.8414408,{'amenity': 'waste_basket'},waste_basket,,,,,,,,"7th Street,CTC/Arena","336.67,382.98"
13230735803,,35.2284458,-80.8414514,"{'amenity': 'recycling', 'recycling_type': 'container'}",recycling,,,,,,,,"7th Street,CTC/Arena","337.23,382.18"
13230735808,,35.2285992,-80.8412329,"{'amenity': 'recycling', 'recycling_type': 'container'}",recycling,,,,,,,,"7th Street,CTC/Arena","326.74,399.41"
13230735809,,35.2286111,-80.8412154,{'amenity': 'waste_basket'},waste_basket,,,,,,,,"7th Street,CTC/Arena","325.96,400.79"
13230735810,,35.2286437,-80.8411653,{'amenity': 'bench'},bench,,,,,,,,"7th Street,CTC/Arena","323.7,404.61"
13230735811,,35.2286652,-80.8411344,{'amenity': 'bench'},bench,,,,,,,,"7th Street,CTC/Arena","322.42,407.14"
13230735816,,35.2287614,-80.8410014,{'amenity': 'waste_basket'},waste_basket,,,,,,,,"7th Street,CTC/Arena","317.59,418.64"
13231371886,,35.2273502,-80.8433968,{'amenity': 'waste_basket'},waste_basket,,,,,,,,"CTC/Arena,3rd St/Convention","318.25,415.92"
13231371889,,35.2272805,-80.8433086,{'amenity': 'waste_basket'},waste_basket,,,,,,,,"CTC/Arena,3rd St/Convention","307.32,407.69"
13231371893,,35.2275426,-80.843613,{'amenity': 'bench'},bench,,,,,,,,"CTC/Arena,3rd St/Convention","347.03,439.02"
13231371897,,35.2277243,-80.8438162,{'amenity': 'waste_basket'},waste_basket,,,,,,,,"CTC/Arena,3rd St/Convention","374.2,461.44"
13231416208,,35.2278627,-80.8439793,{'amenity': 'bench'},bench,,,,,,,,CTC/Arena,395.36
13231416210,,35.2279936,-80.8442885,"{'amenity': 'post_box', 'drive_through': 'no', 'operator': 'United States Postal Service', 'operator:short': 'USPS', 'operator:type': 'public', 'operator:wikidata': 'Q668687'}",post_box,,,,,,,,CTC/Arena,424.02
13231416224,,35.2265365,-80.8441945,"{'amenity': 'recycling', 'recycling_type': 'container'}",recycling,,,,,,,,"CTC/Arena,3rd St/Convention","306.87,340.58"
13231416225,,35.2265531,-80.8441713,{'amenity': 'waste_basket'},waste_basket,,,,,,,,"CTC/Arena,3rd St/Convention","306.15,341.7"
13231416227,,35.2265942,-80.8441138,{'amenity': 'telephone'},telephone,,,,,,,,"CTC/Arena,3rd St/Convention","304.46,344.56"
13240558938,ACE No. 3,35.2266363,-80.8435395,"{'addr:city': 'Charlotte', 'addr:housenumber': '101', 'addr:postcode': '28280', 'addr:state': 'NC', 'addr:street': 'South Tryon Street', 'amenity': 'fast_food', 'cuisine': 'burger', 'name': 'ACE No. 3'}",fast_food,,,,,,,,"CTC/Arena,3rd St/Convention","266.82,338.44"
13265364295,,35.227789,-80.8381595,"{'amenity': 'bicycle_parking', 'bicycle_parking': 'rack', 'covered': 'yes'}",bicycle_parking,,,,,,,,"7th Street,9th Street,CTC/Arena","63.75,357.18,426.72"
13274848601,,35.2272871,-80.8385892,"{'amenity': 'public_bookcase', 'brand': 'Little Free Library', 'brand:wikidata': 'Q6650101'}",public_bookcase,,,,,,,,,
13316712069,Uptown Park&Wash,35.2232716,-80.8433355,"{'addr:city': 'Charlotte', 'addr:housenumber': '227', 'addr:postcode': '28202', 'addr:state': 'NC', 'addr:street': 'East 3rd Street', 'amenity': 'car_wash', 'check_date': '2025-11-19', 'currency:XBT': 'yes', 'name': 'Uptown Park&Wash', 'opening_hours': 'Mo-Fr 08:00-17:00; Sa-Su 08:00-12:00', 'payment:lightning': 'yes', 'payment:lightning:operator': 'square', 'payment:lightning_contactless': 'no', 'payment:onchain': 'no'}",car_wash,,,,,,,,"3rd St/Convention,CTC/Arena,Brooklyn Village","45.13,260.93,388.77"
13332382769,Arbol Eatery,35.2284271,-80.8453032,"{'amenity': 'restaurant', 'name': 'Arbol Eatery', 'website': 'https://arboleatery.com/'}",restaurant,,,,,,,,CTC/Arena,520.82
13457125329,,35.223481,-80.8435512,{'amenity': 'waste_basket'},waste_basket,,,,,,,,"3rd St/Convention,CTC/Arena,Brooklyn Village","46.93,258.96,385.85"
13457125331,,35.2234621,-80.8435844,{'amenity': 'waste_basket'},waste_basket,,,,,,,,"3rd St/Convention,CTC/Arena,Brooklyn Village","50.46,262.62,382.18"
13457166631,Night Swim Coffee,35.2242077,-80.844575,"{'amenity': 'cafe', 'cuisine': 'coffee_shop', 'level': '1', 'name': 'Night Swim Coffee'}",cafe,,,,,,,,"3rd St/Convention,CTC/Arena,Brooklyn Village","152.98,302.87,379.43"
13457166632,Smoothie King,35.2241715,-80.8446711,"{'amenity': 'fast_food', 'brand': 'Smoothie King', 'brand:wikidata': 'Q5491421', 'cuisine': 'juice', 'level': '1', 'name': 'Smoothie King', 'takeaway': 'yes'}",fast_food,,,,,,,,"3rd St/Convention,CTC/Arena,Brooklyn Village","159.29,312.4,371.2"
13457166648,Krazy Curry Express,35.2257792,-80.843165,"{'amenity': 'restaurant', 'cuisine': 'indian', 'level': '0', 'name': 'Krazy Curry Express'}",restaurant,,,,,,,,"CTC/Arena,3rd St/Convention","183.19,240.76"
13457166649,Just Fresh,35.2258399,-80.8430735,"{'amenity': 'restaurant', 'cuisine': 'juice;salad;soup;sandwich;breakfast', 'level': '0', 'name': 'Just Fresh'}",restaurant,,,,,,,,"CTC/Arena,3rd St/Convention","179.29,247.3"
13457166652,Energy Cafe,35.2260525,-80.8428241,"{'amenity': 'fast_food', 'cuisine': 'sandwich', 'name': 'Energy Cafe'}",fast_food,,,,,,,,"CTC/Arena,3rd St/Convention","175.09,271.72"
13457166666,USPS,35.226797,-80.8420988,"{'amenity': 'post_office', 'level': '1', 'name': 'USPS', 'operator': 'United States Postal Service', 'operator:short': 'USPS', 'operator:type': 'public', 'operator:wikidata': 'Q668687'}",post_office,,,,,,,,"CTC/Arena,3rd St/Convention,7th Street","209.47,364.1,370.51"
13457166669,,35.2265722,-80.8422237,{'amenity': 'bench'},bench,,,,,,,,"CTC/Arena,3rd St/Convention,7th Street","190.15,337.21,385.64"
13457166670,,35.2264236,-80.8420509,"{'amenity': 'recycling', 'recycling_type': 'container'}",recycling,,,,,,,,"CTC/Arena,3rd St/Convention,7th Street","168.95,325.26,373.75"
13457166671,,35.226414,-80.8420391,{'amenity': 'waste_basket'},waste_basket,,,,,,,,"CTC/Arena,3rd St/Convention,7th Street","167.57,324.55,372.97"
13457166672,,35.2268023,-80.8424831,{'amenity': 'waste_basket'},waste_basket,,,,,,,,"CTC/Arena,3rd St/Convention,7th Street","223.26,357.9,405.16"
13457166673,,35.2268574,-80.842547,"{'amenity': 'recycling', 'recycling_type': 'container'}",recycling,,,,,,,,"CTC/Arena,3rd St/Convention,7th Street","231.34,363.15,410.29"
13477755617,,35.2272098,-80.8385343,"{'access': 'permissive', 'amenity': 'drinking_water', 'bottle': 'yes', 'indoor': 'yes'}",drinking_water,,,,,,,,"7th Street,CTC/Arena,9th Street","43.18,357.2,423.91"
48908467,Charlotte Transportation Center,35.2244978,-80.8410525,"{'amenity': 'bus_station', 'building': 'yes', 'bus': 'yes', 'height': '30', 'name': 'Charlotte Transportation Center', 'operator': 'Charlotte Area Transit System', 'public_transport': 'station'}",bus_station,,,,,station,,,"CTC/Arena,3rd St/Convention","63.6,207.53"
90480715,AutoPark,35.2274639,-80.846002,"{'access': 'yes', 'amenity': 'parking', 'building': 'yes', 'capacity': '690', 'fee': 'yes', 'name': 'AutoPark', 'operator': 'LAZ Parking', 'parking': 'multi-storey', 'surface': 'concrete'}",parking,,,,,,,,,
90480718,First Citizens Bank Plaza Parking Garage,35.2268665,-80.8453405,"{'access': 'yes', 'amenity': 'parking', 'building': 'parking', 'capacity': '697', 'fee': 'yes', 'height': '24', 'name': 'First Citizens Bank Plaza Parking Garage', 'operator': 'Preffered Parking', 'parking': 'multi-storey', 'source': 'Bing', 'surface': 'concrete'}",parking,,,,,,,,,
90480727,Two Thirty South Tryon Parking,35.2265572,-80.8457673,"{'access': 'yes', 'amenity': 'parking', 'building': 'yes', 'capacity:disabled': '670', 'fee': 'yes', 'height': '24', 'name': 'Two Thirty South Tryon Parking', 'operator': 'Spectrum Parking', 'parking': 'multi-storey', 'source': 'Bing', 'surface': 'concrete'}",parking,,,,,,,,,
120628264,Seventh Street Station Car Park,35.2275722,-80.8384746,"{'alt_name': '7th Street Station', 'amenity': 'parking', 'building': 'parking', 'height': '32', 'name': 'Seventh Street Station Car Park', 'parking': 'multi-storey'}",parking,,,,,,,,,
131139730,Federal Reserve Bank,35.2228239,-80.8390124,"{'addr:city': 'Charlotte', 'addr:housenumber': '530', 'addr:postcode': '28202', 'addr:state': 'NC', 'addr:street': 'East Trade Street', 'amenity': 'bank', 'atm': 'no', 'building': 'office', 'drive_through': 'no', 'government': 'yes', 'height': '36', 'name': 'Federal Reserve Bank', 'operator': 'United States of America', 'website': 'https://www.richmondfed.org/about_us/visit_us/locations/charlotte', 'wikidata': 'Q5440387'}",bank,,,,,,,,,
174171799,Lot #406,35.2238588,-80.8402171,"{'addr:city': 'Charlotte', 'addr:housenumber': '406', 'addr:postcode': '28202', 'addr:state': 'NC', 'addr:street': 'East 4th Street', 'amenity': 'parking', 'fee': 'yes', 'name': 'Lot #406', 'operator': 'Preferred Parking', 'parking': 'surface', 'surface': 'asphalt'}",parking,,,,,,,,"CTC/Arena,3rd St/Convention,7th Street","165.56,260.18,421.29"
174171808,Lot #402,35.2231215,-80.8412855,"{'addr:city': 'Charlotte', 'addr:housenumber': '402', 'addr:postcode': '28202', 'addr:state': 'NC', 'addr:street': 'East 4th Street', 'amenity': 'parking', 'fee': 'yes', 'name': 'Lot #402', 'operator': 'Preferred Parking', 'parking': 'surface', 'surface': 'asphalt'}",parking,,,,,,,,"3rd St/Convention,CTC/Arena","170.33,208.54"
239813217,Charlotte Convention Center,35.2220913,-80.84533,"{'addr:state': 'NC', 'amenity': 'conference_centre', 'building': 'yes', 'ele': '227', 'gnis:feature_id': '2025493', 'height': '23', 'layer': '1', 'name': 'Charlotte Convention Center', 'source': 'USGS Geonames', 'wikidata': 'Q5085885'}",conference_centre,,,,,,,,"Brooklyn Village,3rd St/Convention","165.88,266.54"
313204070,,35.2231247,-80.8367497,"{'access': 'private', 'amenity': 'parking', 'building': 'yes', 'height': '28', 'parking': 'multi-storey'}",parking,,,,,,,,7th Street,469.56
322277873,,35.2231595,-80.8395432,"{'amenity': 'parking', 'building': 'yes', 'height': '15', 'parking': 'multi-storey', 'supervised': 'yes', 'surface': 'concrete'}",parking,,,,,,,,"CTC/Arena,3rd St/Convention,7th Street","264.4,323.92,470.1"
322278241,Charlotte City Hall,35.2220888,-80.8381699,"{'amenity': 'townhall', 'building': 'yes', 'height': '23', 'name': 'Charlotte City Hall', 'townhall:type': 'city'}",townhall,,,,,,,,CTC/Arena,436.01
322278588,,35.2221857,-80.8403326,"{'amenity': 'parking', 'building': 'yes', 'height': '35', 'parking': 'multi-storey'}",parking,,,,,,,,,
322278769,ImaginOn - The Joe & Joan Martin Center,35.2269433,-80.8376692,"{'addr:city': 'Charlotte', 'addr:county': 'Mecklenburg', 'addr:housenumber': '300', 'addr:postcode': '28202', 'addr:state': 'NC', 'addr:street': 'East 7th Street', 'amenity': 'library', 'building': 'yes', 'height': '27', 'internet_access': 'terminal', 'name': 'ImaginOn - The Joe & Joan Martin Center', 'nat_ref': 'C-MECKLENBURG-IM', 'operator': 'CML', 'operator:type': 'public', 'phone': '+1 704-416-4600', 'website': 'https://www.imaginon.org/', 'wikidata': 'Q69857334', 'wikipedia': 'en:ImaginOn'}",library,,,,,,,,,
322992977,300 North Brevard Street,35.2260228,-80.8369988,"{'access': 'yes', 'addr:city': 'Charlotte', 'addr:housenumber': '300', 'addr:postcode': '28202', 'addr:state': 'NC', 'addr:street': 'North Brevard Street', 'amenity': 'parking', 'fee': 'yes', 'name': '300 North Brevard Street', 'operator': 'Preferred Parking', 'parking': 'surface', 'surface': 'asphalt'}",parking,,,,,,,,"7th Street,CTC/Arena,9th Street","164.18,415.39,446.53"
322992978,418 East 7th Street,35.2261642,-80.8364083,"{'access': 'yes', 'addr:city': 'Charlotte', 'addr:housenumber': '418', 'addr:postcode': '28202', 'addr:state': 'NC', 'addr:street': 'East 7th Street', 'amenity': 'parking', 'fee': 'yes', 'name': '418 East 7th Street', 'operator': 'Preferred Parking', 'parking': 'surface', 'surface': 'asphalt'}",parking,,,,,,,,"7th Street,9th Street,CTC/Arena","190.53,412.53,471.37"
322992981,,35.2229121,-80.8370089,{'amenity': 'parking'},parking,,,,,,,,"CTC/Arena,7th Street","461.05,487.23"
322992984,221 North Caldwell Street,35.2252479,-80.837631,"{'access': 'yes', 'addr:city': 'Charlotte', 'addr:housenumber': '221', 'addr:postcode': '28202', 'addr:state': 'NC', 'addr:street': 'North Caldwell Street', 'amenity': 'parking', 'fee': 'yes', 'name': '221 North Caldwell Street', 'operator': 'Preferred Parking', 'parking': 'surface', 'surface': 'asphalt'}",parking,,,,,,,,"7th Street,CTC/Arena","222.16,343.18"
322992995,,35.2247143,-80.8366746,{'amenity': 'parking'},parking,,,,,,,,"7th Street,CTC/Arena","305.15,430.28"
322993005,,35.2222676,-80.8386072,{'amenity': 'parking'},parking,,,,,,,,"CTC/Arena,3rd St/Convention","394.91,431.7"
322993007,501 East Trade Street,35.2237257,-80.8379504,"{'access': 'permit', 'addr:city': 'Charlotte', 'addr:housenumber': '500', 'addr:postcode': '28202', 'addr:state': 'NC', 'addr:street': 'East Trade Street', 'amenity': 'parking', 'fee': 'yes', 'name': '501 East Trade Street', 'parking': 'surface', 'surface': 'gravel'}",parking,,,,,,,,"CTC/Arena,7th Street","343.43,387.65"
322993009,Victoria Yards,35.2284036,-80.8379761,"{'addr:city': 'Charlotte', 'addr:housenumber': '209', 'addr:postcode': '28202', 'addr:state': 'NC', 'addr:street': 'East 7th Street', 'amenity': 'events_venue', 'check_date': '2023-06-12', 'name': 'Victoria Yards', 'operator': 'Charlotte Center City Partners'}",events_venue,,,,,,,,"7th Street,9th Street,CTC/Arena","131.48,306.61,488.86"
322993011,,35.2217432,-80.8379417,{'amenity': 'parking'},parking,,,,,,,,CTC/Arena,478.46
322993012,241 North Alexander Street,35.2236382,-80.8355009,"{'access': 'yes', 'addr:city': 'Charlotte', 'addr:housenumber': '241', 'addr:postcode': '28202', 'addr:state': 'NC', 'addr:street': 'North Alexander Street', 'amenity': 'parking', 'fee': 'yes', 'name': '241 North Alexander Street', 'operator': 'Preferred Parking', 'parking': 'surface', 'surface': 'gravel'}",parking,,,,,,,,7th Street,460.46
322993013,401 East 7th Street,35.2268776,-80.8361154,"{'access': 'yes', 'addr:city': 'Charlotte', 'addr:housenumber': '401', 'addr:postcode': '28202', 'addr:state': 'NC', 'addr:street': 'East 7th Street', 'amenity': 'parking', 'fee': 'yes', 'name': '401 East 7th Street', 'operator': 'Preferred Parking', 'parking': 'surface', 'surface': 'asphalt'}",parking,,,,,,,,"7th Street,9th Street","180.99,329.05"
322993017,,35.222597,-80.836039,{'amenity': 'parking'},parking,,,,,,,,,
322993022,,35.2230771,-80.8434573,{'amenity': 'parking'},parking,,,,,,,,"3rd St/Convention,CTC/Arena,Brooklyn Village","69.28,284.37,368.05"
322993024,Lot #424,35.2288827,-80.8376349,"{'addr:city': 'Charlotte', 'addr:housenumber': '424', 'addr:postcode': '28202', 'addr:state': 'NC', 'addr:street': 'North College Street', 'amenity': 'parking', 'fee': 'yes', 'name': 'Lot #424', 'operator': 'Preferred Parking', 'parking': 'surface', 'surface': 'asphalt'}",parking,,,,,,,,"7th Street,9th Street","188.41,256.33"
322993030,,35.2221789,-80.8361243,{'amenity': 'parking'},parking,,,,,,,,,
337841694,Lot #309,35.2297866,-80.8447868,"{'addr:city': 'Charlotte', 'addr:housenumber': '309', 'addr:postcode': '28202', 'addr:state': 'NC', 'addr:street': 'West Trade Street', 'amenity': 'parking', 'fee': 'yes', 'name': 'Lot #309', 'operator': 'Preffered Parking', 'parking': 'surface', 'surface': 'asphalt'}",parking,,,,,,,,,
341587198,Bank of America,35.2273123,-80.8422252,"{'addr:city': 'Charlotte', 'addr:housenumber': '100', 'addr:postcode': '28202', 'addr:state': 'NC', 'addr:street': 'North Tryon Street', 'amenity': 'bank', 'branch': 'Financial Center', 'brand': 'Bank of America', 'brand:wikidata': 'Q487907', 'building': 'yes', 'building:levels': '88', 'check_date': '2021-04-21', 'height': '265', 'name': 'Bank of America', 'name:en': 'Bank of America Corporate Center', 'operator': 'Bank of America', 'website': 'https://locators.bankofamerica.com/nc/charlotte/financial-centers-charlotte-16702.html', 'wikidata': 'Q586913', 'wikipedia': 'en:Bank of America Corporate Center'}",bank,,,,,,,,,
380090203,CMPD Headquarters,35.2227587,-80.8372767,"{'amenity': 'police', 'building': 'yes', 'height': '47', 'name': 'CMPD Headquarters'}",police,,,,,,,,"CTC/Arena,7th Street","449.33,499.87"
394430321,,35.226025,-80.8406521,"{'amenity': 'parking', 'building': 'yes', 'height': '28', 'parking': 'multi-storey'}",parking,,,,,,,,"CTC/Arena,7th Street,3rd St/Convention","132.03,270.56,346.04"
398591585,First United Presbyterian Church,35.2286037,-80.8383165,"{'addr:city': 'Charlotte', 'addr:housenumber': '406', 'addr:postcode': '28202', 'addr:state': 'NC', 'addr:street': 'North College Street', 'amenity': 'place_of_worship', 'building': 'church', 'ele': '241', 'gnis:feature_id': '1985682', 'height': '18', 'name': 'First United Presbyterian Church', 'religion': 'christian', 'source': 'USGS Geonames'}",place_of_worship,,,,,,,,"7th Street,9th Street,CTC/Arena","155.22,325.36,487.8"
468471045,Lot #219,35.2282195,-80.8373764,"{'addr:city': 'Charlotte', 'addr:housenumber': '219', 'addr:postcode': '28202', 'addr:state': 'NC', 'addr:street': 'East 7th Street', 'amenity': 'parking', 'fee': 'yes', 'name': 'Lot #219', 'operator': 'Preferred Parking', 'parking': 'surface', 'surface': 'asphalt'}",parking,,,,,,,,"7th Street,9th Street,CTC/Arena","127.11,271.51,510.76"
469145609,Child’s Play Fountain,35.2251383,-80.8457091,"{'amenity': 'fountain', 'name': 'Child’s Play Fountain'}",fountain,,,,,,,,"3rd St/Convention,CTC/Arena,Brooklyn Village","294.69,393.34,430.52"
500204485,,35.2281793,-80.8457257,"{'amenity': 'parking', 'building': 'yes', 'height': '29', 'parking': 'multi-storey'}",parking,,,,,,,,,
500204486,Charlotte Plaza Parking,35.2246401,-80.8426857,"{'access': 'yes', 'addr:city': 'Charlotte', 'addr:housenumber': '306', 'addr:postcode': '28202', 'addr:state': 'NC', 'addr:street': 'East 4th Street', 'alt_name': 'SP Plus', 'amenity': 'parking', 'brand': 'SP+', 'brand:wikidata': 'Q7598289', 'building': 'yes', 'capacity': '980', 'fee': 'yes', 'height': '36', 'name': 'Charlotte Plaza Parking', 'operator': 'SP+', 'operator:type': 'private', 'operator:wikidata': 'Q7598289', 'parking': 'multi-storey', 'surface': 'concrete'}",parking,,,,,,,,,
500997294,,35.227313,-80.8446753,"{'access': 'yes', 'amenity': 'parking', 'building': 'parking', 'fee': 'yes', 'height': '21', 'operator': 'Preferred Parking', 'parking': 'multi-storey', 'surface': 'concrete'}",parking,,,,,,,,,
500997296,Ruth's Chris Steak House,35.2261894,-80.8451826,"{'addr:city': 'Charlotte', 'addr:housenumber': '222', 'addr:postcode': '28202', 'addr:state': 'NC', 'addr:street': 'South Tryon Street', 'amenity': 'restaurant', 'brand': ""Ruth's Chris Steak House"", 'brand:wikidata': 'Q7382829', 'building': 'yes', 'cuisine': 'american;steak_house', 'height': '20', 'name': ""Ruth's Chris Steak House""}",restaurant,,,,,,,,"3rd St/Convention,CTC/Arena","345.17,369.48"
502718738,Belk Theater at Blumenthal Performing Arts Center,35.227317,-80.8415145,"{'addr:city': 'Charlotte', 'addr:housenumber': '130', 'addr:postcode': '28202', 'addr:state': 'NC', 'addr:street': 'North Tryon Street', 'amenity': 'theatre', 'building': 'yes', 'height': '30', 'name': 'Belk Theater at Blumenthal Performing Arts Center', 'wikidata': 'Q7054435'}",theatre,,,,,,,,"CTC/Arena,7th Street","257.21,314.54"
513106099,Lot #125,35.2238487,-80.8406868,"{'addr:city': 'Charlotte', 'addr:housenumber': '125', 'addr:postcode': '28202', 'addr:state': 'NC', 'addr:street': 'South Brevard Street', 'amenity': 'parking', 'fee': 'yes', 'name': 'Lot #125', 'operator': 'Preferred Parking', 'parking': 'surface', 'surface': 'asphalt'}",parking,,,,,,,,"CTC/Arena,3rd St/Convention","142.82,217.58"
513106103,Lot #415S,35.2234748,-80.8402947,"{'addr:city': 'Charlotte', 'addr:housenumber': '415', 'addr:postcode': '28202', 'addr:state': 'NC', 'addr:street': 'East 4th Street', 'amenity': 'parking', 'fee': 'yes', 'name': 'Lot #415S', 'operator': 'Preferred Parking', 'parking': 'surface', 'surface': 'asphalt'}",parking,,,,,,,,"CTC/Arena,3rd St/Convention,7th Street","196.33,252.1,462.46"
513106106,Lot #426,35.2235465,-80.8398452,"{'addr:city': 'Charlotte', 'addr:housenumber': '426', 'addr:postcode': '28202', 'addr:state': 'NC', 'addr:street': 'East Trade Street', 'amenity': 'parking', 'fee': 'yes', 'name': 'Lot #426', 'operator': 'Peferred Parking', 'parking': 'surface', 'surface': 'asphalt'}",parking,,,,,,,,"CTC/Arena,3rd St/Convention,7th Street","213.88,292.64,438.59"
672780369,,35.2244231,-80.8398149,"{'amenity': 'shelter', 'building': 'yes'}",shelter,,,,,,,,"CTC/Arena,3rd St/Convention,7th Street","156.97,308.77,348.87"
672780370,,35.2247522,-80.8402018,"{'amenity': 'shelter', 'building': 'yes'}",shelter,,,,,,,,"CTC/Arena,3rd St/Convention,7th Street","111.57,289.31,335.99"
672783588,,35.2227935,-80.8378688,"{'amenity': 'shelter', 'building': 'yes'}",shelter,,,,,,,,"CTC/Arena,7th Street","403.19,491.21"
672783589,,35.2227096,-80.8377681,"{'amenity': 'shelter', 'building': 'yes'}",shelter,,,,,,,,"CTC/Arena,7th Street","416.12,500.91"
766639183,Prefered Parking,35.2212678,-80.8415254,"{'access': 'yes', 'addr:city': 'Charlotte', 'addr:housenumber': '300', 'addr:postcode': '28202', 'addr:state': 'NC', 'addr:street': 'South Davidson Street', 'amenity': 'parking', 'fee': 'yes', 'maxstay': '12 hours', 'name': 'Prefered Parking', 'operator:type': 'private', 'parking': 'surface', 'surface': 'asphalt'}",parking,,,,,,,,"3rd St/Convention,Brooklyn Village","294.91,492.94"
909453943,,35.2270117,-80.8426192,"{'amenity': 'fountain', 'natural': 'water', 'water': 'yes'}",fountain,,,,,,,,"CTC/Arena,3rd St/Convention","249.57,379.38"
909609280,,35.2277988,-80.8453218,{'amenity': 'parking'},parking,,,,,,,,CTC/Arena,473.66
985168239,,35.2275763,-80.8441126,"{'addr:city': 'Charlotte', 'addr:housenumber': '123', 'addr:postcode': '28202', 'addr:state': 'NC', 'addr:street': 'West Trade Street', 'amenity': 'vacant', 'building': 'yes', 'was:brand': 'Hooters', 'was:brand:wikidata': 'Q1025921', 'was:cuisine': 'burger', 'was:name': 'Hooters'}",vacant,,,,,,,,,
985168240,Tilt on Trade,35.2276584,-80.8441622,"{'addr:city': 'Charlotte', 'addr:housenumber': '127', 'addr:postcode': '28202', 'addr:state': 'NC', 'addr:street': 'West Trade Street', 'amenity': 'bar', 'building': 'yes', 'name': 'Tilt on Trade', 'opening_hours': 'Mo-Su 16:00-02:00'}",bar,,,,,,,,,
985168246,,35.2267713,-80.8435528,"{'amenity': 'shelter', 'bench': 'yes', 'bin': 'yes', 'building': 'yes', 'lit': 'yes', 'shelter_type': 'public_transport'}",shelter,,,,,,,,"CTC/Arena,3rd St/Convention","278.07,353.45"
985188326,,35.2272335,-80.8426559,"{'amenity': 'bench', 'backrest': 'yes', 'material': 'concrete'}",bench,,,,,,,,"CTC/Arena,3rd St/Convention","273.17,403.53"
985188331,,35.2284001,-80.8431275,"{'access': 'yes', 'amenity': 'parking', 'building': 'parking', 'fee': 'yes', 'parking': 'multi-storey', 'surface': 'concrete'}",parking,,,,,,,,CTC/Arena,408.88
1047744389,418 East 6th Street,35.2257396,-80.837736,"{'access': 'permit', 'addr:city': 'Charlotte', 'addr:housenumber': '418', 'addr:postcode': '28202', 'addr:state': 'NC', 'addr:street': 'East 6th Street', 'amenity': 'parking', 'fee': 'yes', 'name': '418 East 6th Street', 'operator': 'Preferred Parking', 'parking': 'surface', 'surface': 'asphalt'}",parking,,,,,,,,"7th Street,CTC/Arena","166.8,342.48"
1090622203,,35.2221518,-80.8422876,{'amenity': 'parking'},parking,,,,,,,,"3rd St/Convention,CTC/Arena,Brooklyn Village","176.33,326.26,431.74"
1098375127,,35.2288876,-80.8386545,"{'amenity': 'parking', 'parking': 'surface', 'surface': 'asphalt'}",parking,,,,,,,,"7th Street,9th Street,CTC/Arena","192.69,344.54,497.84"
1113509384,,35.2210588,-80.8392003,"{'access': 'yes', 'amenity': 'bicycle_parking', 'bicycle_parking': 'stands', 'capacity': '8', 'covered': 'yes', 'fee': 'no', 'lit': 'yes'}",bicycle_parking,,,,,,,,3rd St/Convention,451.03
1181513185,,35.2270974,-80.8367814,"{'amenity': 'bicycle_parking', 'bicycle_parking': 'stands', 'capacity': '10', 'fee': 'no'}",bicycle_parking,,,,,,,,"7th Street,9th Street,CTC/Arena","117.14,331.04,479.57"
1192155448,Midnight Diner,35.2238789,-80.8396684,"{'addr:city': 'Charlotte', 'addr:housenumber': '420', 'addr:postcode': '28202', 'addr:state': 'NC', 'addr:street': 'East Trade Street', 'air_conditioning': 'yes', 'amenity': 'restaurant', 'building': 'retail', 'check_date': '2026-01-14', 'cuisine': 'diner;american', 'internet_access': 'no', 'microbrewery': 'no', 'name': 'Midnight Diner', 'opening_hours': '24/7', 'payment:cash': 'yes', 'payment:contactless': 'no', 'payment:credit_cards': 'yes', 'payment:debit_cards': 'yes', 'phone': '+19802073641', 'toilets': 'yes', 'website': 'https://midnightdinercharlotte.com/', 'wheelchair': 'yes'}",restaurant,,,,,,,,"CTC/Arena,3rd St/Convention,7th Street","200.01,310.08,398.39"
1195991110,The Market at 7th Street,35.2274351,-80.8383336,"{'addr:city': 'Charlotte', 'addr:housenumber': '224', 'addr:postcode': '28202', 'addr:state': 'NC', 'addr:street': 'East 7th Street', 'amenity': 'food_court', 'name': 'The Market at 7th Street', 'opening_hours': 'Tu-We 08:00-19:00; Th-Sa 08:00-20:00; Su 09:00-17:00', 'website': 'https://themarketat7thstreet.com/'}",food_court,,,,,,,,,
1309950405,,35.2294416,-80.838523,"{'amenity': 'parking', 'building': 'yes', 'parking': 'multi-storey'}",parking,,,,,,,,,
1327104767,,35.2237994,-80.8466892,"{'amenity': 'parking', 'layer': '-1', 'parking': 'underground'}",parking,,,,,,,,"Brooklyn Village,3rd St/Convention","268.18,330.93"
1441928374,,35.2274867,-80.8432876,"{'amenity': 'shelter', 'bench': 'yes', 'bin': 'yes', 'building': 'yes', 'shelter_type': 'public_transport'}",shelter,,,,,,,,"CTC/Arena,3rd St/Convention","325.38,430.43"
1441981906,,35.2273686,-80.8434137,"{'amenity': 'shelter', 'bench': 'yes', 'bin': 'yes', 'building': 'yes', 'shelter_type': 'public_transport'}",shelter,,,,,,,,"CTC/Arena,3rd St/Convention","320.8,418.07"
1441981913,,35.2277817,-80.8438941,"{'amenity': 'shelter', 'building': 'yes', 'layer': '1'}",shelter,,,,,,,,"CTC/Arena,3rd St/Convention","383.53,468.83"
1469308891,,35.2287095,-80.8439068,"{'amenity': 'parking', 'capacity': '4', 'capacity:disabled': '4', 'parking': 'street_side'}",parking,,,,,,,,CTC/Arena,470.84
4848919,,35.2273123,-80.8422252,"{'amenity': 'bank', 'building:levels': '60', 'type': 'building'}",bank,,,,,,,,,
6054693,,35.2237503,-80.8420914,"{'amenity': 'parking', 'fee': 'yes', 'parking': 'surface', 'surface': 'asphalt', 'type': 'multipolygon'}",parking,,,,,,,,"3rd St/Convention,CTC/Arena","89.51,152.58"
16050776,,35.2263831,-80.8385351,"{'amenity': 'parking', 'building': 'yes', 'height': '48', 'parking': 'multi-storey', 'type': 'multipolygon'}",parking,,,,,,,,"7th Street,CTC/Arena","102.39,301.7"
6332298766,Insomnia Cookies,35.2255009,-80.8420447,"{'addr:city': 'Charlotte', 'addr:housenumber': '210', 'addr:postcode': '28202', 'addr:state': 'NC', 'addr:street': 'East Trade Street', 'addr:unit': 'Suite B-224', 'brand': 'Insomnia Cookies', 'brand:wikidata': 'Q16997024', 'name': 'Insomnia Cookies', 'shop': 'pastry'}",,pastry,,,,,,,"CTC/Arena,3rd St/Convention,7th Street","81.46,229.15,409.67"
9099545839,JoS. A. Bank,35.2266979,-80.8418413,"{'brand': 'JoS. A. Bank', 'brand:wikidata': 'Q6204078', 'level': '0', 'name': 'JoS. A. Bank', 'official_name': 'Jos. A. Bank Clothiers', 'shop': 'clothes'}",,clothes,,,,,,,"CTC/Arena,7th Street,3rd St/Convention","192.72,348.93,359.96"
10965747075,Charlotte NC Tours,35.2265821,-80.8426998,"{'level': '1', 'name': 'Charlotte NC Tours', 'shop': 'travel_agency'}",,travel_agency,,,,,,,"CTC/Arena,3rd St/Convention,7th Street","212.11,331.23,428.1"
10965747076,Walgreens,35.2262131,-80.8427431,"{'brand': 'Walgreens', 'brand:wikidata': 'Q1591889', 'level': '0', 'name': 'Walgreens', 'shop': 'chemist', 'website': 'https://www.walgreens.com/locator/walgreens-101+s+tryon+st-charlotte-nc-28280/id=15008'}",,chemist,,,,,,,"CTC/Arena,3rd St/Convention,7th Street","182.38,290.12,440.55"
10968443164,Reid’s Fine Foods,35.227474,-80.8436621,"{'name': 'Reid’s Fine Foods', 'shop': 'deli'}",,deli,,,,,,,"CTC/Arena,3rd St/Convention","343.55,432.01"
10968443165,The Cut,35.2275679,-80.8437454,"{'name': 'The Cut', 'shop': 'hairdresser'}",,hairdresser,,,,,,,"CTC/Arena,3rd St/Convention","356.43,443.34"
11093041435,Amelie’s,35.2242307,-80.845226,"{'addr:city': 'Charlotte', 'addr:housenumber': '380', 'addr:postcode': '28202', 'addr:state': 'NC', 'addr:street': 'South College Street', 'name': 'Amelie’s', 'opening_hours': 'Mo-Su 08:00-17:00', 'phone': '+1-704-899-0088', 'shop': 'bakery', 'website': 'https://www.ameliesfrenchbakery.com'}",,bakery,,,,,,,"3rd St/Convention,Brooklyn Village,CTC/Arena","208.79,351.54,359.36"
11098808621,Orrman’s Cheese Shop,35.2272613,-80.8385638,"{'name': 'Orrman’s Cheese Shop', 'shop': 'cheese'}",,cheese,,,,,,,,
13174801086,Vick's Vapor & Hub,35.2253293,-80.8370858,"{'name': ""Vick's Vapor & Hub"", 'shop': 'e-cigarette'}",,e-cigarette,,,,,,,"7th Street,CTC/Arena","227.65,393.39"
13357332052,Bing Zaremba Handyman and Construction of Charlotte,35.2269782,-80.8447255,"{'addr:city': 'Charlotte', 'addr:housenumber': '128', 'addr:postcode': '28202', 'addr:state': 'NC', 'addr:street': 'South Tryon Street', 'contact:facebook': '688014097731047', 'contact:linkedin': 'bingzarembaconstruction', 'contact:phone': '+1-704-750-5699', 'contact:website': 'https://www.bingzarembaconstruction.com/', 'name': 'Bing Zaremba Handyman and Construction of Charlotte', 'opening_hours': 'Mo-Sa 07:00-18:00', 'operator': 'Bing Zaremba Handyman and Construction of Charlotte', 'shop': 'kitchen'}",,kitchen,,,,,,,"CTC/Arena,3rd St/Convention","374.51,403.11"
13375183512,Uptown Cuts,35.2239237,-80.8440337,"{'addr:city': 'Charlotte', 'addr:housenumber': '301', 'addr:postcode': '28202', 'addr:state': 'NC', 'addr:street': 'South College Street', 'addr:unit': '130', 'check_date': '2025-12-14', 'contact:instagram': 'https://www.instagram.com/uptowncuts_clt', 'currency:XBT': 'yes', 'hairdresser': 'barber', 'name': 'Uptown Cuts', 'opening_hours': 'Mo-Fr 09:00-19:00; Sa 09:00-15:00', 'payment:lightning': 'yes', 'payment:lightning:operator': 'square', 'payment:lightning_contactless': 'no', 'payment:onchain': 'no', 'phone': '+1-980-483-8618', 'shop': 'hairdresser', 'website': 'https://www.uptowncutsclt.com/'}",,hairdresser,,,,,,,"3rd St/Convention,CTC/Arena,Brooklyn Village","95.19,268.56,385.88"
13457166644,Overstreet Market,35.223869,-80.844594,"{'level': '1', 'name': 'Overstreet Market', 'shop': 'convenience'}",,convenience,,,,,,,"3rd St/Convention,CTC/Arena,Brooklyn Village","142.52,317.4,348.08"
13457166650,New Creations,35.2259485,-80.8429765,"{'level': '0', 'name': 'New Creations', 'shop': 'hairdresser'}",,hairdresser,,,,,,,"CTC/Arena,3rd St/Convention","178.63,259.45"
13457166651,Paper Skyscraper,35.2260079,-80.8428827,"{'name': 'Paper Skyscraper', 'shop': 'gift'}",,gift,,,,,,,"CTC/Arena,3rd St/Convention","175.91,266.42"
13457166665,City Barbers at Uptown,35.2268865,-80.8421351,"{'hairdresser': 'barber', 'name': 'City Barbers at Uptown', 'shop': 'hairdresser'}",,hairdresser,,,,,,,"CTC/Arena,7th Street,3rd St/Convention","219.93,372.67,372.99"
5828785965,,35.2263388,-80.8453952,"{'addr:city': 'Charlotte', 'addr:postcode': '28281', 'addr:state': 'NC', 'country': 'USA', 'description': 'Part of the 230 S Tryon Condominiums?', 'leisure': 'swimming_pool', 'opening_hours': '24/7', 'phone': '+1-704-370-0099'}",,,swimming_pool,,,,,,"3rd St/Convention,CTC/Arena","369.79,393.56"
6332298776,Bowlero,35.225064,-80.8420232,"{'brand': 'Bowlero', 'brand:wikidata': 'Q17102967', 'leisure': 'bowling_alley', 'name': 'Bowlero'}",,,bowling_alley,,,,,,"CTC/Arena,3rd St/Convention,7th Street","58.06,186.82,432.71"
12948708695,,35.2271485,-80.8436588,{'leisure': 'picnic_table'},,,picnic_table,,,,,,"CTC/Arena,3rd St/Convention","315.28,396.19"
12948708696,,35.2271313,-80.8436345,{'leisure': 'picnic_table'},,,picnic_table,,,,,,"CTC/Arena,3rd St/Convention","312.39,394.0"
13457166645,Childress Klein YMCA,35.2237794,-80.8443278,"{'brand': 'YMCA', 'brand:wikidata': 'Q157169', 'leisure': 'sports_centre', 'name': 'Childress Klein YMCA'}",,,sports_centre,,,,,,"3rd St/Convention,CTC/Arena,Brooklyn Village","116.89,299.66,355.99"
13475033227,,35.2287609,-80.844588,{'leisure': 'picnic_table'},,,picnic_table,,,,,,CTC/Arena,508.58
13475033228,,35.228684,-80.8445402,{'leisure': 'picnic_table'},,,picnic_table,,,,,,CTC/Arena,499.1
398591598,,35.2288156,-80.8425758,"{'access': 'private', 'leisure': 'swimming_pool', 'location': 'roof'}",,,swimming_pool,,,,,,CTC/Arena,436.69
715563541,McColl Park,35.2272428,-80.8435902,"{'addr:city': 'Charlotte', 'addr:housenumber': '106', 'addr:postcode': '28202', 'addr:state': 'NC', 'addr:street': 'West Trade Street', 'leisure': 'park', 'name': 'McColl Park', 'operator': 'City of Charlotte', 'operator:type': 'public'}",,,park,,,,,,"CTC/Arena,3rd St/Convention","319.3,405.76"
864042231,,35.2288663,-80.8437914,{'leisure': 'garden'},,,garden,,,,,,CTC/Arena,481.25
906171751,,35.2270989,-80.840571,{'leisure': 'garden'},,,garden,,,,,,"7th Street,CTC/Arena,3rd St/Convention","228.89,244.41,448.34"
984713011,,35.225684,-80.8384663,"{'garden:type': 'flowerbed', 'leisure': 'garden'}",,,garden,,,,,,"7th Street,CTC/Arena","174.31,276.66"
984713025,,35.2255296,-80.8404484,"{'garden:type': 'landscaping', 'leisure': 'garden'}",,,garden,,,,,,"CTC/Arena,7th Street,3rd St/Convention","103.88,287.02,319.06"
984713030,,35.2259044,-80.8400663,"{'garden:type': 'landscaping', 'leisure': 'garden'}",,,garden,,,,,,"CTC/Arena,7th Street","156.75,233.71"
985188320,,35.2272567,-80.8426745,"{'garden:type': 'flowerbed', 'leisure': 'garden'}",,,garden,,,,,,"CTC/Arena,3rd St/Convention","276.22,405.94"
1004216938,First Ward Park,35.2280879,-80.8361432,"{'addr:city': 'Charlotte', 'addr:housenumber': '301', 'addr:postcode': '28202', 'addr:state': 'NC', 'addr:street': 'East 7th Street', 'leisure': 'park', 'name': 'First Ward Park', 'ownership': 'county', 'website': 'https://www.mecknc.gov/ParkandRec/Parks/ParksByRegion/CentralRegion/Pages/FirstWard.aspx', 'wikidata': 'Q19868162', 'wikipedia': 'en:First Ward Park'}",,,park,,,,,,"7th Street,9th Street","199.22,206.85"
1176275045,,35.2262076,-80.842674,"{'access': 'customers', 'leisure': 'swimming_pool', 'location': 'roof'}",,,swimming_pool,,,,,,"CTC/Arena,3rd St/Convention,7th Street","177.73,290.21,434.62"
1205171365,Gandhi Park,35.2218003,-80.8371747,"{'barrier': 'hedge', 'leisure': 'park', 'name': 'Gandhi Park'}",,,park,,,,,,CTC/Arena,522.56
1235640067,,35.2265187,-80.8430293,{'leisure': 'outdoor_seating'},,,outdoor_seating,,,,,,"CTC/Arena,3rd St/Convention","224.99,322.59"
1313514295,,35.2222554,-80.8390757,"{'garden:type': 'landscaping', 'leisure': 'garden'}",,,garden,,,,,,"CTC/Arena,3rd St/Convention","370.14,392.47"
1313514296,,35.2223243,-80.838972,"{'garden:type': 'landscaping', 'leisure': 'garden'}",,,garden,,,,,,"CTC/Arena,3rd St/Convention","369.42,398.41"
1313514297,,35.2223924,-80.8388682,"{'garden:type': 'landscaping', 'leisure': 'garden'}",,,garden,,,,,,"CTC/Arena,3rd St/Convention","369.18,404.66"
1313514298,,35.2224616,-80.8387645,"{'garden:type': 'landscaping', 'leisure': 'garden'}",,,garden,,,,,,"CTC/Arena,3rd St/Convention","369.23,411.13"
1313514299,,35.2225306,-80.8386622,"{'garden:type': 'landscaping', 'leisure': 'garden'}",,,garden,,,,,,"CTC/Arena,3rd St/Convention","369.62,417.73"
1313514300,,35.2226072,-80.8385617,"{'garden:type': 'landscaping', 'leisure': 'garden'}",,,garden,,,,,,"CTC/Arena,3rd St/Convention","369.68,424.2"
1313514301,,35.2226838,-80.8384652,"{'garden:type': 'landscaping', 'leisure': 'garden'}",,,garden,,,,,,CTC/Arena,369.9
1327048750,,35.2283123,-80.8418003,"{'garden:type': 'landscaping', 'leisure': 'garden'}",,,garden,,,,,,"7th Street,CTC/Arena","361.28,369.23"
1327048756,,35.2283063,-80.8416499,"{'garden:type': 'landscaping', 'leisure': 'garden'}",,,garden,,,,,,"7th Street,CTC/Arena","348.18,367.43"
1327048757,,35.2283908,-80.8415266,"{'garden:type': 'landscaping', 'leisure': 'garden'}",,,garden,,,,,,"7th Street,CTC/Arena","341.13,376.25"
1327048758,,35.2281486,-80.8418692,"{'garden:type': 'landscaping', 'leisure': 'garden'}",,,garden,,,,,,"CTC/Arena,7th Street","351.89,361.61"
1327048759,,35.2282073,-80.8417858,"{'garden:type': 'landscaping', 'leisure': 'garden'}",,,garden,,,,,,"7th Street,CTC/Arena","356.28,357.51"
1327048760,,35.2284775,-80.8414045,"{'garden:type': 'landscaping', 'leisure': 'garden'}",,,garden,,,,,,"7th Street,CTC/Arena","334.77,385.66"
1327048761,,35.2285666,-80.8412746,"{'garden:type': 'landscaping', 'leisure': 'garden'}",,,garden,,,,,,"7th Street,CTC/Arena","328.44,395.68"
1327048762,,35.2286216,-80.84119,"{'garden:type': 'landscaping', 'leisure': 'garden'}",,,garden,,,,,,"7th Street,CTC/Arena","324.48,402.05"
1327048763,,35.2286774,-80.8411113,"{'garden:type': 'landscaping', 'leisure': 'garden'}",,,garden,,,,,,"7th Street,CTC/Arena","321.28,408.61"
1327048764,,35.2287274,-80.8410415,"{'garden:type': 'landscaping', 'leisure': 'garden'}",,,garden,,,,,,"7th Street,CTC/Arena","318.68,414.59"
1327103459,,35.2260785,-80.845855,"{'garden:type': 'landscaping', 'leisure': 'garden'}",,,garden,,,,,,"3rd St/Convention,CTC/Arena","373.68,423.56"
1327103460,,35.2258886,-80.8457705,"{'garden:type': 'landscaping', 'leisure': 'garden'}",,,garden,,,,,,"3rd St/Convention,CTC/Arena","353.13,410.63"
1327103469,,35.2259491,-80.8457618,{'leisure': 'outdoor_seating'},,,outdoor_seating,,,,,,"3rd St/Convention,CTC/Arena","357.41,411.53"
1327103470,,35.2262351,-80.8461318,{'leisure': 'outdoor_seating'},,,outdoor_seating,,,,,,"3rd St/Convention,CTC/Arena","403.6,452.73"
1352473422,,35.2218753,-80.8435416,{'leisure': 'outdoor_seating'},,,outdoor_seating,,,,,,"3rd St/Convention,Brooklyn Village","197.31,313.92"
1441928369,,35.2275746,-80.8432742,"{'garden:type': 'landscaping', 'leisure': 'garden'}",,,garden,,,,,,"CTC/Arena,3rd St/Convention","333.05,440.11"
1441928370,,35.2276388,-80.843278,"{'garden:type': 'landscaping', 'leisure': 'garden'}",,,garden,,,,,,"CTC/Arena,3rd St/Convention","339.35,447.24"
1441928371,,35.2276539,-80.8431655,"{'garden:type': 'landscaping', 'leisure': 'garden'}",,,garden,,,,,,"CTC/Arena,3rd St/Convention","335.75,448.57"
1441928372,,35.2275664,-80.8431745,"{'garden:type': 'landscaping', 'leisure': 'garden'}",,,garden,,,,,,"CTC/Arena,3rd St/Convention","327.68,438.89"
1441928373,,35.2274988,-80.8431765,"{'garden:type': 'landscaping', 'leisure': 'garden'}",,,garden,,,,,,"CTC/Arena,3rd St/Convention","321.29,431.4"
1441928377,,35.2287157,-80.8410925,{'leisure': 'outdoor_seating'},,,outdoor_seating,,,,,,"7th Street,CTC/Arena","321.97,412.96"
1848893643,Aloft Charlotte Uptown at the EpiCentre,35.2254742,-80.8426764,"{'brand': 'Aloft', 'brand:wikidata': 'Q4734166', 'name': 'Aloft Charlotte Uptown at the EpiCentre', 'tourism': 'hotel'}",,,,hotel,,,,,"CTC/Arena,3rd St/Convention,7th Street","128.33,209.67,462.56"
5016558837,Queen Charlotte Walks in Her Garden,35.227096,-80.840571,"{'artist_name': 'Bailey Graham Weathers, Jr.', 'artwork_type': 'statue', 'material': 'bronze', 'name': 'Queen Charlotte Walks in Her Garden', 'source': 'https://www.ncpedia.org/monument/queen-charlotte-walks-her', 'start_date': '1989-01-26', 'tourism': 'artwork'}",,,,artwork,,,,,"7th Street,CTC/Arena,3rd St/Convention","228.91,244.1,448.06"
7986487900,Transportation,35.2272131,-80.8432503,"{'artist_name': 'Raymond Kaskey', 'artwork_type': 'statue', 'material': 'bronze', 'name': 'Transportation', 'source': 'https://www.ncpedia.org/monument/sculptures-square', 'start_date': '1995-11-27', 'tourism': 'artwork'}",,,,artwork,,,,,"CTC/Arena,3rd St/Convention","298.15,399.96"
8415199020,The Future,35.2271919,-80.8429205,"{'artist_name': 'Raymond Kaskey', 'artwork_type': 'statue', 'material': 'bronze', 'name': 'The Future', 'source': 'https://www.ncpedia.org/monument/sculptures-square', 'start_date': '1995-11-27', 'tourism': 'artwork'}",,,,artwork,,,,,"CTC/Arena,3rd St/Convention","280.16,397.44"
8415199021,Commerce,35.2273367,-80.8430687,"{'artist_name': 'Raymond Kaskey', 'artwork_type': 'statue', 'material': 'bronze', 'name': 'Commerce', 'source': 'https://www.ncpedia.org/monument/sculptures-square', 'start_date': '1995-11-27', 'tourism': 'artwork'}",,,,artwork,,,,,"CTC/Arena,3rd St/Convention","300.82,413.29"
8415199022,Industry,35.2270868,-80.8430894,"{'artist_name': 'Raymond Kaskey', 'artwork_type': 'statue', 'material': 'bronze', 'name': 'Industry', 'source': 'https://www.ncpedia.org/monument/sculptures-square', 'start_date': '1995-11-27', 'tourism': 'artwork'}",,,,artwork,,,,,"CTC/Arena,3rd St/Convention","278.34,385.59"
8415199023,Il Grande Disco,35.2268965,-80.8431653,"{'artist_name': 'Arnaldo Pomodoro', 'artwork_type': 'sculpture', 'material': 'metal', 'name': 'Il Grande Disco', 'source': 'http://mintmuseums.org/art/collections/item/ii-grande-disco/', 'start_date': '1974-10-02', 'tourism': 'artwork'}",,,,artwork,,,,,"CTC/Arena,3rd St/Convention","265.21,364.6"
9099545840,Bank of America Heritage Center,35.2268915,-80.8420148,"{'level': '0', 'museum': 'history', 'name': 'Bank of America Heritage Center', 'tourism': 'museum'}",,,,museum,,,,,"CTC/Arena,7th Street,3rd St/Convention","217.34,361.72,376.14"
9111862564,Residence Inn Charlotte City Center,35.2251987,-80.8414272,"{'addr:city': 'Charlotte', 'addr:housenumber': '220', 'addr:postcode': '28202', 'addr:state': 'NC', 'addr:street': 'East Trade Street', 'brand': 'Residence Inn', 'brand:wikidata': 'Q7315394', 'name': 'Residence Inn Charlotte City Center', 'official_name': 'Residence Inn by Marriott', 'tourism': 'hotel'}",,,,hotel,,,,,"CTC/Arena,3rd St/Convention,7th Street","22.29,230.48,379.66"
9111862565,AC Hotel by Marriott Charlotte City Center,35.2253154,-80.8414502,"{'brand': 'AC Hotel', 'brand:wikidata': 'Q5653536', 'name': 'AC Hotel by Marriott Charlotte City Center', 'tourism': 'hotel'}",,,,hotel,,,,,"CTC/Arena,3rd St/Convention,7th Street","35.4,239.23,373.89"
11092752314,,35.2266951,-80.8388862,"{'artwork_type': 'sculpture', 'tourism': 'artwork'}",,,,artwork,,,,,"7th Street,CTC/Arena","95.09,295.39"
12945631873,,35.2272389,-80.8436164,"{'artwork_type': 'sculpture', 'tourism': 'artwork'}",,,,artwork,,,,,"CTC/Arena,3rd St/Convention","320.47,405.62"
13231416222,,35.226531,-80.844289,"{'information': 'guidepost', 'tourism': 'information'}",,,,information,,,,,"CTC/Arena,3rd St/Convention","313.73,342.7"
120628262,Hyatt Place Charlotte Downtown,35.222597,-80.841087,"{'addr:city': 'Charlotte', 'addr:housenumber': '222', 'addr:postcode': '28202', 'addr:state': 'NC', 'addr:street': 'South Caldwell Street', 'branch': 'Charlotte Downtown', 'brand': 'Hyatt Place', 'brand:wikidata': 'Q72629292', 'building': 'yes', 'building:levels': '17', 'height': '103', 'name': 'Hyatt Place Charlotte Downtown', 'phone': '+1 704-227-0500', 'tourism': 'hotel', 'website': 'https://www.hyatt.com/en-us/hotel/north-carolina/hyatt-place-charlotte-downtown/cltzu'}",,,,hotel,,,,,"3rd St/Convention,CTC/Arena","211.8,267.92"
174231925,Discovery Place,35.2296144,-80.8409227,"{'addr:city': 'Charlotte', 'addr:housenumber': '301', 'addr:postcode': '28202', 'addr:state': 'NC', 'addr:street': 'North Tryon Street', 'building': 'yes', 'building:levels': '2', 'fee': 'yes', 'height': '22', 'name': 'Discovery Place', 'opening_hours': 'Mo-Fr 9:30-16:30', 'phone': '+1-704-372-6261', 'tourism': 'museum', 'website': 'https://discoveryplace.org/', 'wheelchair': 'yes', 'wikidata': 'Q5281960'}",,,,museum,,,,,,
380092604,"The Ritz-Carlton, Charlotte",35.2261491,-80.8414748,"{'addr:city': 'Charlotte', 'addr:housenumber': '201', 'addr:postcode': '28202', 'addr:state': 'NC', 'addr:street': 'East Trade Street', 'brand': 'The Ritz-Carlton', 'brand:wikidata': 'Q782200', 'building': 'yes', 'height': '80', 'name': 'The Ritz-Carlton, Charlotte', 'tourism': 'hotel', 'wikidata': 'Q111394609'}",,,,hotel,,,,,"CTC/Arena,3rd St/Convention,7th Street","127.67,316.39,332.67"
380092605,Hilton Charlotte Uptown,35.2239118,-80.8437606,"{'addr:city': 'Charlotte', 'addr:housenumber': '222', 'addr:postcode': '28202', 'addr:state': 'NC', 'addr:street': 'East 3rd Street', 'brand': 'Hilton', 'brand:wikidata': 'Q598884', 'building': 'yes', 'building:levels': '10', 'height': '83', 'internet_access': 'yes', 'layer': '1', 'name': 'Hilton Charlotte Uptown', 'phone': '+1-704-377-1500', 'tourism': 'hotel', 'website': 'https://charlotteuptown.hilton.com', 'wikidata': 'Q111394608'}",,,,hotel,,,,,"3rd St/Convention,CTC/Arena,Brooklyn Village","72.01,247.19,402.41"
397369787,Charlotte Marriott City Center,35.2280258,-80.8435409,"{'addr:city': 'Charlotte', 'addr:housenumber': '100', 'addr:postcode': '28202', 'addr:state': 'NC', 'addr:street': 'West Trade Street', 'building': 'yes', 'name': 'Charlotte Marriott City Center', 'tourism': 'hotel', 'wikidata': 'Q111394605'}",,,,hotel,,,,,CTC/Arena,388.48
398591589,Levine Museum of the New South,35.2281955,-80.8387317,"{'addr:city': 'Charlotte', 'addr:housenumber': '200', 'addr:postcode': '28202', 'addr:state': 'NC', 'addr:street': 'East 7th Street', 'building': 'yes', 'check_date': '2023-06-12', 'fee': 'no', 'height': '12', 'name': 'Levine Museum of the New South', 'opening_hours': 'Tu-Fr 11:00-17:00; We 11:00-21:00; Sa 10:00-17:00; Su 12:00-17:00; PH off', 'tourism': 'museum', 'website': 'https://www.museumofthenewsouth.org/', 'wikidata': 'Q6535654'}",,,,museum,,,,,"7th Street,9th Street,CTC/Arena","124.26,378.35,429.07"
398591600,The Dunhill Hotel,35.2288901,-80.8411522,"{'addr:city': 'Charlotte', 'addr:housenumber': '237', 'addr:postcode': '28202', 'addr:state': 'NC', 'addr:street': 'North Tryon Street', 'building': 'yes', 'height': '53', 'name': 'The Dunhill Hotel', 'tourism': 'hotel'}",,,,hotel,,,,,"7th Street,CTC/Arena","336.87,431.96"
484755656,SpringHill Suites Charlotte Uptown,35.2264003,-80.8392279,"{'addr:city': 'Charlotte', 'addr:housenumber': '311', 'addr:postcode': '28202', 'addr:state': 'NC', 'addr:street': 'East 5th Street', 'branch': 'Charlotte City Center', 'brand': 'SpringHill Suites', 'brand:wikidata': 'Q7580351', 'building': 'yes', 'height': '48', 'internet_access': 'yes', 'name': 'SpringHill Suites Charlotte Uptown', 'official_name': 'SpringHill Suites by Marriott', 'operator': 'Marriot', 'phone': '+1 704-439-8100', 'ref': 'CLTSD', 'rooms': '195', 'smoking': 'no', 'tourism': 'hotel', 'website': 'https://www.marriott.com/cltsd'}",,,,hotel,,,,,"7th Street,CTC/Arena","139.85,250.65"
500204487,Omni Charlotte Hotel,35.2262153,-80.842852,"{'addr:city': 'Charlotte', 'addr:housenumber': '132', 'addr:postcode': '28202', 'addr:state': 'NC', 'addr:street': 'East Trade Street', 'brand:wikidata': 'Q7090329', 'building': 'yes', 'height': '28', 'internet_access': 'yes', 'name': 'Omni Charlotte Hotel', 'operator': 'Omni Hotels & Resorts', 'phone': '+1-704-377-0400', 'tourism': 'hotel', 'website': 'https://www.omnihotels.com/hotels/charlotte'}",,,,hotel,,,,,"CTC/Arena,3rd St/Convention","189.38,289.55"
500727932,Embassy Suites by Hilton Charlotte Uptown,35.2219781,-80.8425865,"{'addr:city': 'Charlotte', 'addr:housenumber': '401', 'addr:postcode': '28202', 'addr:state': 'NC', 'addr:street': 'East Martin Luther King Jr Boulevard', 'branch': 'Charlotte Uptown', 'brand': 'Embassy Suites', 'brand:wikidata': 'Q5369524', 'building': 'yes', 'building:levels': '9', 'height': '13', 'name': 'Embassy Suites by Hilton Charlotte Uptown', 'official_name': 'Embassy Suites by Hilton', 'ref': 'CLTMLES', 'tourism': 'hotel', 'website': 'https://www.hilton.com/en/hotels/cltmles-embassy-suites-charlotte-uptown/'}",,,,hotel,,,,,"3rd St/Convention,CTC/Arena,Brooklyn Village","186.04,352.38,401.52"
500736208,Hyatt House Charlotte/Center City,35.2241877,-80.8390722,"{'addr:city': 'Charlotte', 'addr:housenumber': '435', 'addr:postcode': '28202', 'addr:state': 'NC', 'addr:street': 'East Trade Street', 'branch': 'Charlotte/Center City', 'brand': 'Hyatt House', 'brand:wikidata': 'Q109292191', 'building': 'apartments', 'building:levels': '16', 'height': '17', 'name': 'Hyatt House Charlotte/Center City', 'operator': 'Hyatt', 'phone': '+1 704-373-9700', 'tourism': 'hotel', 'website': 'https://www.hyatt.com/hyatt-house/en-us/cltxd-hyatt-house-charlotte-center-city'}",,,,hotel,,,,,"CTC/Arena,7th Street,3rd St/Convention","229.36,348.67,368.51"
500736212,Holiday Inn Center City,35.2273392,-80.8401602,"{'brand': 'Holiday Inn', 'brand:wikidata': 'Q2717882', 'building': 'yes', 'height': '60', 'name': 'Holiday Inn Center City', 'tourism': 'hotel', 'wikidata': 'Q111394610'}",,,,hotel,,,,,"7th Street,CTC/Arena","191.57,282.53"
835603874,"Grand Bohemian Hotel Charlotte, Autograph Collection",35.2281193,-80.8447487,"{'addr:city': 'Charlotte', 'addr:housenumber': '201', 'addr:postcode': '28202', 'addr:state': 'NC', 'addr:street': 'West Trade Street', 'building': 'yes', 'name': 'Grand Bohemian Hotel Charlotte, Autograph Collection', 'tourism': 'hotel'}",,,,hotel,,,,,CTC/Arena,461.61
948973303,Courtyard Charlotte City Center,35.2255941,-80.8446822,"{'addr:city': 'Charlotte', 'addr:housenumber': '237', 'addr:postcode': '28202', 'addr:state': 'NC', 'addr:street': 'South Tryon Street', 'branch': 'Charlotte City Center', 'brand': 'Courtyard', 'brand:wikidata': 'Q1053170', 'building:part': 'yes', 'name': 'Courtyard Charlotte City Center', 'official_name': 'Courtyard by Marriott', 'phone': '+1 704-926-5800', 'ref': 'CLTUP', 'source': 'GPS', 'tourism': 'hotel', 'website': 'https://www.marriott.com/cltup'}",,,,hotel,,,,,"3rd St/Convention,CTC/Arena","264.97,306.75"
984713014,,35.225251,-80.8405025,"{'area': 'yes', 'artist_name': 'Andrew Leicester', 'artwork_type': 'installation', 'height': '15', 'tourism': 'artwork'}",,,,artwork,,,,,"CTC/Arena,3rd St/Convention,7th Street","85.43,295.44,311.59"
984713015,,35.225304,-80.8405649,"{'area': 'yes', 'artist_name': 'Andrew Leicester', 'artwork_type': 'installation', 'height': '15', 'tourism': 'artwork'}",,,,artwork,,,,,"CTC/Arena,3rd St/Convention,7th Street","82.31,294.7,311.62"
984713016,,35.2251962,-80.84044,"{'area': 'yes', 'artist_name': 'Andrew Leicester', 'artwork_type': 'installation', 'height': '15', 'tourism': 'artwork'}",,,,artwork,,,,,"CTC/Arena,3rd St/Convention,7th Street","89.15,296.3,311.9"
984713017,,35.2251438,-80.840378,"{'area': 'yes', 'artist_name': 'Andrew Leicester', 'artwork_type': 'installation', 'height': '15', 'tourism': 'artwork'}",,,,artwork,,,,,"CTC/Arena,3rd St/Convention,7th Street","93.46,297.49,312.27"
985188329,The Ivey's Hotel,35.2283618,-80.8426649,"{'addr:city': 'Charlotte', 'addr:housenumber': '127', 'addr:postcode': '28202', 'addr:state': 'NC', 'addr:street': 'North Tryon Street', 'building': 'yes', 'name': ""The Ivey's Hotel"", 'tourism': 'hotel', 'wikidata': 'Q111394606'}",,,,hotel,,,,,CTC/Arena,390.46
1181519418,,35.2283125,-80.8432456,"{'artwork_type': 'mural', 'tourism': 'artwork'}",,,,artwork,,,,,CTC/Arena,404.31
1181519420,,35.2291463,-80.8409757,"{'artwork_type': 'mural', 'tourism': 'artwork'}",,,,artwork,,,,,"7th Street,CTC/Arena","340.64,461.37"
1192647313,Bus Stop,35.2267207,-80.8367246,"{'artist_name': 'Donald Justice', 'artwork_type': 'mural', 'name': 'Bus Stop', 'tourism': 'artwork'}",,,,artwork,,,,,"7th Street,9th Street,CTC/Arena","133.54,365.78,465.47"
1193944321,,35.2282442,-80.8379035,"{'artwork_type': 'mural', 'tourism': 'artwork'}",,,,artwork,,,,,"7th Street,9th Street,CTC/Arena","114.47,309.63,479.69"
1193944322,,35.2281892,-80.8379742,"{'artwork_type': 'mural', 'tourism': 'artwork'}",,,,artwork,,,,,"7th Street,9th Street,CTC/Arena","107.77,318.31,470.86"
1193944323,,35.2283763,-80.8376465,"{'artwork_type': 'mural', 'tourism': 'artwork'}",,,,artwork,,,,,"7th Street,9th Street,CTC/Arena","133.64,282.04,506.21"
1193944324,,35.2283325,-80.8382383,"{'artwork_type': 'mural', 'tourism': 'artwork'}",,,,artwork,,,,,"7th Street,9th Street,CTC/Arena","124.44,331.41,467.81"
1193944325,,35.2281514,-80.8380229,"{'artwork_type': 'mural', 'tourism': 'artwork'}",,,,artwork,,,,,"7th Street,9th Street,CTC/Arena","103.35,324.29,464.79"
1193944326,,35.2282201,-80.837878,"{'artwork_type': 'mural', 'tourism': 'artwork'}",,,,artwork,,,,,"7th Street,9th Street,CTC/Arena","112.14,309.07,479.24"
1193944327,,35.2284645,-80.838124,"{'artwork_type': 'mural', 'tourism': 'artwork'}",,,,artwork,,,,,"7th Street,9th Street,CTC/Arena","138.14,315.57,485.75"
1193944328,,35.2284418,-80.8377781,"{'artwork_type': 'mural', 'tourism': 'artwork'}",,,,artwork,,,,,"7th Street,9th Street,CTC/Arena","137.91,288.75,503.71"
1193944329,,35.2283855,-80.8376154,"{'artwork_type': 'mural', 'tourism': 'artwork'}",,,,artwork,,,,,"7th Street,9th Street,CTC/Arena","135.44,279.09,508.87"
1193944330,,35.2285435,-80.8378878,"{'artwork_type': 'mural', 'tourism': 'artwork'}",,,,artwork,,,,,"7th Street,9th Street","147.61,292.41"
1193944331,,35.2284106,-80.8377234,"{'artwork_type': 'mural', 'tourism': 'artwork'}",,,,artwork,,,,,"7th Street,9th Street,CTC/Arena","135.54,286.12,504.37"
1193944332,,35.228308,-80.8382268,"{'artwork_type': 'mural', 'tourism': 'artwork'}",,,,artwork,,,,,"7th Street,9th Street,CTC/Arena","121.61,331.74,466.31"
1193944333,,35.2283217,-80.8382091,"{'artwork_type': 'mural', 'tourism': 'artwork'}",,,,artwork,,,,,"7th Street,9th Street,CTC/Arena","122.93,329.6,468.5"
1194649369,,35.2255548,-80.8442102,"{'artwork_type': 'mural', 'level': '1', 'tourism': 'artwork'}",,,,artwork,,,,,"3rd St/Convention,CTC/Arena","239.74,263.91"
1194649370,,35.2255093,-80.8442793,"{'artwork_type': 'mural', 'tourism': 'artwork'}",,,,artwork,,,,,"3rd St/Convention,CTC/Arena","238.07,268.93"
1194649371,,35.2254795,-80.8443247,"{'artwork_type': 'mural', 'tourism': 'artwork'}",,,,artwork,,,,,"3rd St/Convention,CTC/Arena","237.13,272.3"
1194649372,,35.225732,-80.843941,"{'artwork_type': 'mural', 'tourism': 'artwork'}",,,,artwork,,,,,"CTC/Arena,3rd St/Convention","245.93,248.61"
1194649373,,35.2256575,-80.8440542,"{'artwork_type': 'mural', 'tourism': 'artwork'}",,,,artwork,,,,,"3rd St/Convention,CTC/Arena","244.43,253.17"
1194649374,,35.2257858,-80.8438903,"{'artwork_type': 'mural', 'layer': '1', 'tourism': 'artwork'}",,,,artwork,,,,,"CTC/Arena,3rd St/Convention","243.65,252.85"
1194649375,,35.2256078,-80.8441297,"{'artwork_type': 'mural', 'tourism': 'artwork'}",,,,artwork,,,,,"3rd St/Convention,CTC/Arena","242.0,258.27"
1194649376,,35.2253038,-80.8445942,"{'artwork_type': 'mural', 'tourism': 'artwork'}",,,,artwork,,,,,"3rd St/Convention,CTC/Arena,Brooklyn Village","234.05,293.53,483.7"
1194649377,,35.2256395,-80.8440816,"{'artwork_type': 'mural', 'tourism': 'artwork'}",,,,artwork,,,,,"3rd St/Convention,CTC/Arena","243.52,255.0"
1194649378,,35.2256782,-80.8440227,"{'artwork_type': 'mural', 'tourism': 'artwork'}",,,,artwork,,,,,"3rd St/Convention,CTC/Arena","245.53,251.11"
1194649379,,35.225812,-80.8438206,"{'artwork_type': 'mural', 'tourism': 'artwork'}",,,,artwork,,,,,"CTC/Arena,3rd St/Convention","238.82,253.82"
1194649380,,35.2253724,-80.8444875,"{'artwork_type': 'mural', 'level': '1', 'tourism': 'artwork'}",,,,artwork,,,,,"3rd St/Convention,CTC/Arena","234.68,284.89"
1194649381,,35.2258639,-80.843744,"{'artwork_type': 'mural', 'tourism': 'artwork'}",,,,artwork,,,,,"CTC/Arena,3rd St/Convention","234.66,257.59"
1194649382,,35.2254338,-80.8443942,"{'artwork_type': 'mural', 'tourism': 'artwork'}",,,,artwork,,,,,"3rd St/Convention,CTC/Arena","235.9,277.59"
1194649383,,35.2257726,-80.8438794,"{'artwork_type': 'mural', 'tourism': 'artwork'}",,,,artwork,,,,,"CTC/Arena,3rd St/Convention","242.2,251.16"
1194649384,,35.2257003,-80.8439892,"{'artwork_type': 'mural', 'tourism': 'artwork'}",,,,artwork,,,,,"3rd St/Convention,CTC/Arena","246.76,248.95"
1194649385,,35.225877,-80.8436779,"{'artwork_type': 'mural', 'tourism': 'artwork'}",,,,artwork,,,,,"CTC/Arena,3rd St/Convention","229.8,257.62"
1194649386,,35.2255548,-80.8442102,"{'artwork_type': 'mural', 'tourism': 'artwork'}",,,,artwork,,,,,"3rd St/Convention,CTC/Arena","239.74,263.91"
1194649387,,35.2253724,-80.8444875,"{'artwork_type': 'mural', 'tourism': 'artwork'}",,,,artwork,,,,,"3rd St/Convention,CTC/Arena","234.68,284.89"
1194649388,,35.2254338,-80.8443942,"{'artwork_type': 'mural', 'level': '1', 'tourism': 'artwork'}",,,,artwork,,,,,"3rd St/Convention,CTC/Arena","235.9,277.59"
1194649389,,35.2252372,-80.8446255,"{'artwork_type': 'mural', 'tourism': 'artwork'}",,,,artwork,,,,,"3rd St/Convention,CTC/Arena,Brooklyn Village","229.91,295.61,475.81"
1194653330,,35.2253631,-80.8445686,"{'artwork_type': 'mural', 'tourism': 'artwork'}",,,,artwork,,,,,"3rd St/Convention,CTC/Arena,Brooklyn Village","238.01,292.05,490.63"
1194653331,,35.2255768,-80.844301,"{'artwork_type': 'mural', 'tourism': 'artwork'}",,,,artwork,,,,,"3rd St/Convention,CTC/Arena","245.62,272.52"
1194653332,,35.225524,-80.8443843,"{'artwork_type': 'mural', 'tourism': 'artwork'}",,,,artwork,,,,,"3rd St/Convention,CTC/Arena","244.09,278.61"
1194653333,,35.225411,-80.8444999,"{'artwork_type': 'mural', 'tourism': 'artwork'}",,,,artwork,,,,,"3rd St/Convention,CTC/Arena","238.88,286.65"
1194653334,,35.2258276,-80.8438759,"{'artwork_type': 'mural', 'tourism': 'artwork'}",,,,artwork,,,,,"CTC/Arena,3rd St/Convention","244.13,256.9"
1194653335,,35.225599,-80.8442363,"{'artwork_type': 'mural', 'tourism': 'artwork'}",,,,artwork,,,,,"3rd St/Convention,CTC/Arena","245.18,267.4"
1194653336,,35.2254664,-80.8444206,"{'artwork_type': 'mural', 'tourism': 'artwork'}",,,,artwork,,,,,"3rd St/Convention,CTC/Arena","240.24,280.6"
1194653337,,35.2258449,-80.8438351,"{'artwork_type': 'mural', 'tourism': 'artwork'}",,,,artwork,,,,,"CTC/Arena,3rd St/Convention","241.43,257.69"
1194653338,,35.2253042,-80.844654,"{'artwork_type': 'mural', 'tourism': 'artwork'}",,,,artwork,,,,,"3rd St/Convention,CTC/Arena,Brooklyn Village","237.37,298.94,481.36"
1194653339,,35.2255863,-80.844277,"{'artwork_type': 'mural', 'tourism': 'artwork'}",,,,artwork,,,,,"3rd St/Convention,CTC/Arena","245.56,270.65"
1194653340,,35.2255276,-80.844333,"{'artwork_type': 'mural', 'tourism': 'artwork'}",,,,artwork,,,,,"3rd St/Convention,CTC/Arena","242.17,274.13"
1194653341,,35.225748,-80.8440188,"{'artwork_type': 'mural', 'tourism': 'artwork'}",,,,artwork,,,,,"3rd St/Convention,CTC/Arena","252.65,253.2"
1194653342,,35.2257817,-80.8439264,"{'artwork_type': 'mural', 'tourism': 'artwork'}",,,,artwork,,,,,"CTC/Arena,3rd St/Convention","246.56,253.42"
1194654322,,35.2255756,-80.8442886,"{'area': 'yes', 'artwork_type': 'mural', 'tourism': 'artwork'}",,,,artwork,,,,,"3rd St/Convention,CTC/Arena","244.99,271.39"
1260440998,,35.2260972,-80.8432765,"{'artwork_type': 'mural', 'tourism': 'artwork'}",,,,artwork,,,,,"CTC/Arena,3rd St/Convention","210.42,276.53"
1283806832,,35.2256579,-80.8431831,"{'artwork_type': 'mural', 'tourism': 'artwork'}",,,,artwork,,,,,"CTC/Arena,3rd St/Convention","178.74,227.39"
1283806833,,35.2258923,-80.8434428,"{'artwork_type': 'mural', 'tourism': 'artwork'}",,,,artwork,,,,,"CTC/Arena,3rd St/Convention","211.4,255.49"
1283806834,,35.2258029,-80.8433424,"{'artwork_type': 'mural', 'tourism': 'artwork'}",,,,artwork,,,,,"CTC/Arena,3rd St/Convention","198.73,244.55"
1357873636,,35.2260019,-80.843405,"{'artwork_type': 'mural', 'tourism': 'artwork'}",,,,artwork,,,,,"CTC/Arena,3rd St/Convention","214.4,267.11"
1441928376,,35.2288154,-80.8430453,"{'artwork_type': 'mural', 'tourism': 'artwork'}",,,,artwork,,,,,CTC/Arena,449.14
13234458,Flying Shuttles,35.2252239,-80.8404714,"{'artist_name': 'Andrew Leicester', 'artwork_type': 'installation', 'name': 'Flying Shuttles', 'tourism': 'artwork', 'type': 'multipolygon'}",,,,artwork,,,,,"CTC/Arena,3rd St/Convention,7th Street","87.2,295.85,311.7"
6661267711,McKinsey & Company,35.2274294,-80.8422014,"{'addr:city': 'Charlotte', 'addr:housenumber': '100', 'addr:postcode': '28202', 'addr:state': 'NC', 'addr:street': 'North Tryon Street', 'addr:unit': '2720', 'brand': 'McKinsey & Company', 'brand:wikidata': 'Q310207', 'name': 'McKinsey & Company', 'office': 'consulting', 'phone': '+1-704-954-5000', 'website': 'https://www.mckinsey.com/southern-us/charlotte'}",,,,,consulting,,,,CTC/Arena,279.36
10713259748,Grow Mortgage,35.2261868,-80.844187,"{'addr:unit': '1450', 'contact:email': 'Hello@growmortgage.com', 'contact:facebook': 'https://www.facebook.com/russell.petty.16', 'contact:instagram': 'https://www.instagram.com/mortgagesbyruss', 'contact:linkedin': 'https://www.linkedin.com/in/russellpettyjr', 'name': 'Grow Mortgage', 'office': 'mortgage', 'opening_hours': 'Mo-Su 07:30-23:00', 'phone': '+1-980-318-8708', 'website': 'https://growmtg.com'}",,,,,mortgage,,,,"CTC/Arena,3rd St/Convention","286.54,303.61"
10971338351,Allen Tate Realtors,35.2287146,-80.8411676,"{'name': 'Allen Tate Realtors', 'office': 'estate_agent'}",,,,,estate_agent,,,,"7th Street,CTC/Arena","327.78,412.45"
11697919231,Winston & Strawn LLP,35.2256203,-80.8457786,"{'addr:floor': '16', 'addr:housenumber': '300', 'addr:street': 'South Tryon Street', 'name': 'Winston & Strawn LLP', 'office': 'lawyer', 'website': 'https://www.winston.com/en/locations/charlotte'}",,,,,lawyer,,,,"3rd St/Convention,CTC/Arena","333.03,405.25"
380090204,District Attorney's Office,35.221355,-80.8373652,"{'building': 'yes', 'government': 'prosecutor', 'height': '30', 'name': ""District Attorney's Office"", 'office': 'government'}",,,,,government,,,,,
380092606,301 South College,35.2239236,-80.8447362,"{'addr:housenumber': '301', 'addr:street': 'South College Street', 'building': 'yes', 'height': '192', 'name': '301 South College', 'office': 'company', 'wikidata': 'Q3352669'}",,,,,company,,,,"3rd St/Convention,CTC/Arena,Brooklyn Village","156.45,327.07,345.21"
1004213265,WFAE,35.227736,-80.8373174,"{'building': 'yes', 'height': '10', 'name': 'WFAE', 'office': 'yes'}",,,,,yes,,,,"7th Street,9th Street","88.55,303.17"
1410822089,Foundation for the Carolinas,35.2283813,-80.8410298,"{'building': 'yes', 'height': '20', 'name': 'Foundation for the Carolinas', 'office': 'foundation'}",,,,,foundation,,,,"7th Street,CTC/Arena","299.37,376.42"
4001611003,,35.2273103,-80.8432978,"{'bench': 'yes', 'bus': 'yes', 'covered': 'yes', 'highway': 'bus_stop', 'public_transport': 'platform', 'shelter': 'yes'}",,,,,,platform,,,"CTC/Arena,3rd St/Convention","309.49,410.94"
4069128359,Davidson Street,35.2228473,-80.8378778,"{'name': 'Davidson Street', 'network': 'LYNX', 'operator': 'CATS', 'public_transport': 'stop_position', 'railway': 'tram_stop', 'tram': 'yes'}",,,,,,stop_position,,,"CTC/Arena,7th Street","398.94,485.22"
4069129776,CTC/Arena,35.2248206,-80.8402422,"{'name': 'CTC/Arena', 'network': 'CityLynx', 'operator': 'Charlotte Area Transit System', 'public_transport': 'stop_position', 'railway': 'tram_stop', 'tram': 'yes'}",,,,,,stop_position,,,"CTC/Arena,3rd St/Convention,7th Street","106.33,289.45,332.03"
6300257794,Davidson Street,35.2226655,-80.837763,"{'name': 'Davidson Street', 'network': 'CityLynx', 'operator': 'Charlotte Area Transit System', 'public_transport': 'stop_position', 'railway': 'tram_stop', 'tram': 'yes'}",,,,,,stop_position,,,CTC/Arena,419.49
6300257874,CTC/Arena,35.2243621,-80.8397846,"{'name': 'CTC/Arena', 'network': 'CityLynx', 'operator': 'Charlotte Area Transit System', 'public_transport': 'stop_position', 'railway': 'tram_stop', 'tram': 'yes'}",,,,,,stop_position,,,"CTC/Arena,3rd St/Convention,7th Street","162.32,309.52,353.67"
6781452785,,35.2288405,-80.8406292,"{'bench': 'no', 'bus': 'yes', 'highway': 'bus_stop', 'public_transport': 'platform', 'route_ref': '11, 21', 'shelter': 'yes'}",,,,,,platform,,,"7th Street,CTC/Arena","294.88,431.5"
8419403078,7th Street,35.2271066,-80.8385242,"{'light_rail': 'yes', 'name': '7th Street', 'network': 'LYNX', 'operator': 'CATS', 'public_transport': 'stop_position', 'railway': 'stop'}",,,,,,stop_position,,,"7th Street,CTC/Arena,9th Street","44.07,350.13,430.77"
8419403079,7th Street,35.2275312,-80.8378459,"{'light_rail': 'yes', 'name': '7th Street', 'network': 'LYNX', 'operator': 'CATS', 'public_transport': 'stop_position', 'railway': 'stop'}",,,,,,stop_position,,,"7th Street,9th Street,CTC/Arena","39.63,353.43,427.57"
8419403080,CTC/Arena,35.2251898,-80.8410866,"{'light_rail': 'yes', 'name': 'CTC/Arena', 'network': 'LYNX', 'operator': 'CATS', 'public_transport': 'stop_position', 'railway': 'stop'}",,,,,,stop_position,,,"CTC/Arena,3rd St/Convention,7th Street","34.72,250.89,355.74"
8419403081,CTC/Arena,35.2254555,-80.8406916,"{'light_rail': 'yes', 'name': 'CTC/Arena', 'network': 'LYNX', 'operator': 'CATS', 'public_transport': 'stop_position', 'railway': 'stop'}",,,,,,stop_position,,,"CTC/Arena,3rd St/Convention,7th Street","81.19,297.22,309.26"
8419403082,3rd Street/Convention Center,35.2236591,-80.8431931,"{'light_rail': 'yes', 'name': '3rd Street/Convention Center', 'network': 'LYNX', 'operator': 'CATS', 'public_transport': 'stop_position', 'railway': 'stop'}",,,,,,stop_position,,,"3rd St/Convention,CTC/Arena,Brooklyn Village","13.28,221.44,423.79"
8419403083,3rd Street/Convention Center,35.2238478,-80.8428621,"{'light_rail': 'yes', 'name': '3rd Street/Convention Center', 'network': 'LYNX', 'operator': 'CATS', 'public_transport': 'stop_position', 'railway': 'stop'}",,,,,,stop_position,,,"3rd St/Convention,CTC/Arena","31.93,185.13"
9108307132,Tryon Street,35.2274841,-80.8433299,"{'check_date': '2022-10-21', 'name': 'Tryon Street', 'network': 'CityLynx', 'operator': 'Charlotte Area Transit System', 'public_transport': 'stop_position', 'railway': 'tram_stop', 'start_date': '2021-08-30', 'tram': 'yes'}",,,,,,stop_position,,,"CTC/Arena,3rd St/Convention","327.2,430.34"
9108307133,Tryon Street,35.227382,-80.8433708,"{'check_date': '2022-10-21', 'name': 'Tryon Street', 'network': 'CityLynx', 'operator': 'Charlotte Area Transit System', 'public_transport': 'stop_position', 'railway': 'tram_stop', 'start_date': '2021-08-30', 'tram': 'yes'}",,,,,,stop_position,,,"CTC/Arena,3rd St/Convention","319.8,419.27"
9215059834,East Trade St at College Street,35.2267196,-80.8426369,"{'bin': 'yes', 'bus': 'yes', 'highway': 'bus_stop', 'name': 'East Trade St at College Street', 'network': 'CATS', 'network:wikidata': 'Q5085831', 'operator': 'Charlotte Area Transit System', 'public_transport': 'platform', 'ref': '8430', 'route_ref': '1;7;8;21;26;34', 'shelter': 'yes'}",,,,,,platform,,,"CTC/Arena,3rd St/Convention,7th Street","221.91,347.0,420.18"
9215059835,West 4th Street at South Tryon Street,35.2267602,-80.8445327,"{'bin': 'yes', 'bus': 'yes', 'highway': 'bus_stop', 'name': 'West 4th Street at South Tryon Street', 'network': 'CATS', 'network:wikidata': 'Q5085831', 'operator': 'Charlotte Area Transit System', 'public_transport': 'platform', 'ref': '45749', 'route_ref': '1;7;82x;85x'}",,,,,,platform,,,"CTC/Arena,3rd St/Convention","346.26,374.18"
9215059836,West Trade Street at Church Street,35.2282586,-80.8444322,"{'bin': 'no', 'bus': 'yes', 'highway': 'bus_stop', 'name': 'West Trade Street at Church Street', 'network': 'CATS', 'network:wikidata': 'Q5085831', 'operator': 'Charlotte Area Transit System', 'public_transport': 'platform', 'ref': '44045', 'route_ref': '1;7;8;22;26;34'}",,,,,,platform,,,CTC/Arena,455.23
9215059837,West 4th Street at South Poplar Street,35.227629,-80.845557,"{'bin': 'no', 'bus': 'yes', 'highway': 'bus_stop', 'name': 'West 4th Street at South Poplar Street', 'public_transport': 'platform', 'ref': '38420', 'route_ref': '1;7;8;22;26;34;74x;82x;85x'}",,,,,,platform,,,"CTC/Arena,3rd St/Convention","478.33,500.29"
9215059860,Transit Center- Bay P,35.224229,-80.841325,"{'bin': 'no', 'bus': 'yes', 'highway': 'bus_stop', 'name': 'Transit Center- Bay P', 'network': 'CATS', 'network:wikidata': 'Q5085831', 'operator': 'Charlotte Area Transit System', 'public_transport': 'platform', 'ref': '45037', 'route_ref': '1'}",,,,,,platform,,,"CTC/Arena,3rd St/Convention","85.71,172.17"
9216411015,Transit Center- Bay V,35.2240774,-80.840846,"{'bin': 'yes', 'bus': 'yes', 'highway': 'bus_stop', 'name': 'Transit Center- Bay V', 'public_transport': 'platform', 'ref': '45102', 'route_ref': '5;20;35;87', 'shelter': 'yes'}",,,,,,platform,,,"CTC/Arena,3rd St/Convention","113.66,208.04"
9216459020,South Brevard Street at East Martin Luther King Jr Boulevard,35.222573,-80.843063,"{'bin': 'no', 'bus': 'yes', 'highway': 'bus_stop', 'name': 'South Brevard Street at East Martin Luther King Jr Boulevard', 'network': 'CATS', 'network:wikidata': 'Q5085831', 'operator': 'Charlotte Area Transit System', 'public_transport': 'platform', 'ref': '25270', 'route_ref': '5;10;19;35;48x;53x;63x;77x'}",,,,,,platform,,,"3rd St/Convention,CTC/Arena,Brooklyn Village","115.0,309.23,376.43"
9216459034,South College Street at East 3rd Street,35.2244248,-80.8444382,"{'bench': 'no', 'bin': 'no', 'bus': 'yes', 'highway': 'bus_stop', 'lit': 'yes', 'name': 'South College Street at East 3rd Street', 'network': 'CATS', 'network:wikidata': 'Q5085831', 'operator': 'Charlotte Area Transit System', 'public_transport': 'platform', 'ref': '25360', 'route_ref': '5;16;35;40x;46x;48x;52x;53x;63x;64x;74x;77x', 'shelter': 'no', 'tactile_paving': 'no'}",,,,,,platform,,,"3rd St/Convention,CTC/Arena,Brooklyn Village","154.58,284.63,406.34"
11062685934,Transit Center - Bay I,35.2243878,-80.8411148,"{'bus': 'yes', 'departures_board': 'realtime', 'highway': 'bus_stop', 'name': 'Transit Center - Bay I', 'network': 'CATS', 'network:wikidata': 'Q5085831', 'operator': 'Charlotte Area Transit System', 'public_transport': 'platform', 'shelter': 'yes'}",,,,,,platform,,,"CTC/Arena,3rd St/Convention","72.36,196.92"
534908511,,35.2272804,-80.8381399,"{'area': 'yes', 'bench': 'yes', 'bin': 'yes', 'light_rail': 'yes', 'lit': 'yes', 'network': 'LYNX', 'operator': 'CATS', 'public_transport': 'platform', 'railway': 'platform', 'shelter': 'yes', 'tactile_paving': 'yes'}",,,,,,platform,,,,
534908512,,35.2273583,-80.8382206,"{'area': 'yes', 'bench': 'yes', 'bin': 'yes', 'light_rail': 'yes', 'lit': 'yes', 'network': 'LYNX', 'operator': 'CATS', 'public_transport': 'platform', 'railway': 'platform', 'shelter': 'yes', 'tactile_paving': 'yes'}",,,,,,platform,,,,
535123114,,35.2252789,-80.8408344,"{'area': 'yes', 'bench': 'yes', 'bin': 'yes', 'bridge': 'yes', 'layer': '1', 'light_rail': 'yes', 'lit': 'yes', 'network': 'LYNX', 'operator': 'Charlotte Area Transit System', 'public_transport': 'platform', 'railway': 'platform', 'shelter': 'yes', 'tactile_paving': 'yes'}",,,,,,platform,,,"CTC/Arena,3rd St/Convention,7th Street","59.27,274.36,331.79"
535123116,,35.2253679,-80.8409403,"{'area': 'yes', 'bench': 'yes', 'bin': 'yes', 'bridge': 'yes', 'layer': '1', 'light_rail': 'yes', 'lit': 'yes', 'network': 'LYNX', 'operator': 'Charlotte Area Transit System', 'public_transport': 'platform', 'railway': 'platform', 'shelter': 'yes', 'tactile_paving': 'yes'}",,,,,,platform,,,"CTC/Arena,3rd St/Convention,7th Street","57.79,274.25,333.0"
535123117,,35.2237195,-80.842978,"{'area': 'yes', 'bench': 'yes', 'bin': 'yes', 'layer': '1', 'light_rail': 'yes', 'lit': 'yes', 'network': 'LYNX', 'operator': 'CATS', 'public_transport': 'platform', 'railway': 'platform', 'shelter': 'yes', 'tactile_paving': 'yes'}",,,,,,platform,,,"3rd St/Convention,CTC/Arena,Brooklyn Village","14.25,202.61,443.56"
535123118,,35.2237972,-80.8430611,"{'area': 'yes', 'bench': 'yes', 'bin': 'yes', 'layer': '1', 'light_rail': 'yes', 'lit': 'yes', 'network': 'LYNX', 'operator': 'CATS', 'public_transport': 'platform', 'railway': 'platform', 'shelter': 'yes', 'tactile_paving': 'yes'}",,,,,,platform,,,"3rd St/Convention,CTC/Arena,Brooklyn Village","20.76,202.29,442.58"
672780356,,35.2244345,-80.8398284,"{'area': 'yes', 'bench': 'yes', 'bin': 'yes', 'network': 'CityLynx', 'operator': 'Charlotte Area Transit System', 'public_transport': 'platform', 'railway': 'platform', 'shelter': 'yes', 'surface': 'concrete', 'tram': 'yes'}",,,,,,platform,,,"CTC/Arena,3rd St/Convention,7th Street","155.33,307.97,348.32"
672780359,,35.2247075,-80.8400908,"{'area': 'yes', 'network': 'CityLynx', 'operator': 'Charlotte Area Transit System', 'public_transport': 'platform', 'railway': 'platform', 'surface': 'concrete', 'tram': 'yes'}",,,,,,platform,,,"CTC/Arena,3rd St/Convention,7th Street","122.6,296.35,334.35"
672783587,,35.2227538,-80.8378211,"{'area': 'yes', 'network': 'CityLynx', 'operator': 'Charlotte Area Transit System', 'public_transport': 'platform', 'railway': 'platform', 'surface': 'concrete', 'tram': 'yes'}",,,,,,platform,,,"CTC/Arena,7th Street","409.31,495.78"
908941897,,35.2229272,-80.8444395,"{'area': 'yes', 'departures_board': 'no', 'light_rail': 'yes', 'note': 'Charlotte Trolley platform, not in service.', 'public_transport': 'platform', 'railway': 'platform', 'surface': 'concrete'}",,,,,,platform,,,"3rd St/Convention,Brooklyn Village,CTC/Arena","146.61,284.33,360.35"
985188333,,35.2274895,-80.8432862,"{'area': 'yes', 'check_date': '2022-10-21', 'network': 'CityLynx', 'operator': 'Charlotte Area Transit System', 'public_transport': 'platform', 'railway': 'platform', 'start_date': '2021-08-30', 'surface': 'concrete', 'tram': 'yes'}",,,,,,platform,,,"CTC/Arena,3rd St/Convention","325.57,430.73"
985188334,,35.2273688,-80.8434182,"{'area': 'yes', 'check_date': '2022-10-21', 'network': 'CityLynx', 'operator': 'Charlotte Area Transit System', 'public_transport': 'platform', 'railway': 'platform', 'start_date': '2021-08-30', 'surface': 'concrete', 'tram': 'yes'}",,,,,,platform,,,"CTC/Arena,3rd St/Convention","321.06,418.13"
1186267494,3rd Street/Convention Center,35.2237575,-80.8430189,"{'addr:city': 'Charlotte', 'addr:housenumber': '305', 'addr:postcode': '28202', 'addr:state': 'NC', 'addr:street': 'East 3rd Street', 'bridge:structure': 'beam', 'layer': '1', 'light_rail': 'yes', 'man_made': 'bridge', 'name': '3rd Street/Convention Center', 'network': 'LYNX', 'operator': 'Charlotte Area Transit System', 'public_transport': 'station', 'railway': 'station', 'station': 'light_rail', 'wikidata': 'Q4636975', 'wikipedia': 'en:Third Street/Convention Center station'}",,,,,,station,,,"3rd St/Convention,CTC/Arena,Brooklyn Village","16.78,202.39,443.02"
1186330002,CTC/Arena,35.2253235,-80.8408876,"{'bridge:structure': 'beam', 'layer': '1', 'light_rail': 'yes', 'man_made': 'bridge', 'name': 'CTC/Arena', 'network': 'LYNX', 'operator': 'CATS', 'public_transport': 'station', 'railway': 'station', 'station': 'light_rail', 'wheelchair': 'yes', 'wikidata': 'Q5086171', 'wikipedia': 'en:Charlotte Transportation Center'}",,,,,,station,,,"CTC/Arena,3rd St/Convention,7th Street","58.11,274.21,332.33"
1186590085,7th Street,35.2273188,-80.8381797,"{'light_rail': 'yes', 'name': '7th Street', 'network': 'LYNX', 'operator': 'CATS', 'public_transport': 'station', 'railway': 'station', 'station': 'light_rail', 'wheelchair': 'yes', 'wikidata': 'Q4644188', 'wikipedia': 'en:7th_Street_station_(Charlotte)'}",,,,,,station,,,,
10014280,3rd Street/Convention Center,35.2234113,-80.8436437,"{'name': '3rd Street/Convention Center', 'network': 'LYNX', 'public_transport': 'stop_area', 'railway': 'facility', 'type': 'public_transport'}",,,,,,stop_area,,,"3rd St/Convention,CTC/Arena,Brooklyn Village","57.51,270.38,374.48"
10014281,CTC/Arena (Blue Line),35.2253235,-80.8408876,"{'name': 'CTC/Arena (Blue Line)', 'network': 'LYNX', 'operator': 'Charlotte Area Transit System', 'public_transport': 'stop_area', 'railway': 'facility', 'type': 'public_transport'}",,,,,,stop_area,,,"CTC/Arena,3rd St/Convention,7th Street","58.11,274.21,332.33"
10014282,7th Street,35.2273188,-80.8381797,"{'name': '7th Street', 'network': 'LYNX', 'public_transport': 'stop_area', 'railway': 'facility', 'type': 'public_transport'}",,,,,,stop_area,,,,
12309568,Davidson Street Station,35.2227555,-80.8378211,"{'name': 'Davidson Street Station', 'network': 'CityLynx', 'operator': 'Charlotte Area Transit System', 'public_transport': 'stop_area', 'railway': 'facility', 'start_date': '2015-07-14', 'type': 'public_transport', 'wikidata': 'Q28971269', 'wikipedia': 'en:Davidson Street station'}",,,,,,stop_area,,,"CTC/Arena,7th Street","409.2,495.59"
12309569,CTC/Arena (Gold Line),35.2246034,-80.8400278,"{'name': 'CTC/Arena (Gold Line)', 'network': 'CityLynx', 'operator': 'Charlotte Area Transit System', 'public_transport': 'stop_area', 'railway': 'facility', 'start_date': '2015-07-14', 'type': 'public_transport', 'wikidata': 'Q5086171', 'wikipedia': 'en:Charlotte Transportation Center'}",,,,,,stop_area,,,"CTC/Arena,3rd St/Convention,7th Street","131.53,297.12,340.99"
12309570,Charlotte Transportation Center,35.2244978,-80.8410525,"{'name': 'Charlotte Transportation Center', 'network': 'CATS', 'operator': 'Charlotte Area Transit System', 'public_transport': 'stop_area', 'ref': 'CTC', 'type': 'public_transport'}",,,,,,stop_area,,,"CTC/Arena,3rd St/Convention","63.6,207.53"
13240972,Tryon Street Station,35.2274285,-80.843353,"{'check_date': '2022-10-21', 'name': 'Tryon Street Station', 'network': 'CityLynx', 'operator': 'Charlotte Area Transit System', 'public_transport': 'stop_area', 'railway': 'facility', 'start_date': '2021-08-30', 'type': 'public_transport', 'wikidata': 'Q85852310', 'wikipedia': 'en:Tryon Street station'}",,,,,,stop_area,,,"CTC/Arena,3rd St/Convention","323.18,424.31"
10965747079,Dr Steven C Moore & Associates,35.2267933,-80.8422597,"{'healthcare': 'optometrist', 'level': '1', 'name': 'Dr Steven C Moore & Associates'}",,,,,,,optometrist,,"CTC/Arena,3rd St/Convention,7th Street","214.05,360.46,385.09"
10965747083,Spectrum Eye Care,35.2254447,-80.8435008,"{'fixme': 'Level', 'healthcare': 'optometrist', 'indoor': 'yes', 'level': '2', 'name': 'Spectrum Eye Care', 'opening_hours': 'Mo-Fr 07:45-16:00', 'phone': '+1 704 334 4444'}",,,,,,,optometrist,,"CTC/Arena,3rd St/Convention","198.32,207.39"
1848893531,Epicenter Parking,35.22567,-80.8415601,"{'amenity': 'parking', 'layer': '-1', 'name': 'Epicenter Parking', 'parking': 'underground'}",parking,,,,,,,,"CTC/Arena,3rd St/Convention,7th Street","75.9,266.12,361.93"
1848893550,Fleming's,35.225542,-80.8427582,"{'addr:city': 'Charlotte', 'addr:housenumber': '210', 'addr:postcode': '28202', 'addr:state': 'NC', 'addr:street': 'East Trade Street', 'addr:unit': 'Suite C-110', 'amenity': 'restaurant', 'brand': ""Fleming's"", 'brand:wikidata': 'Q5458552', 'cuisine': 'steak_house', 'name': ""Fleming's"", 'official_name': ""Fleming's Prime Steakhouse & Wine Bar""}",restaurant,,,,,,,,"CTC/Arena,3rd St/Convention,7th Street","138.26,216.01,466.28"
1848893622,Sea Grill Restaurant and Bar,35.225726,-80.8422936,"{'amenity': 'restaurant', 'name': 'Sea Grill Restaurant and Bar'}",restaurant,,,,,,,,"CTC/Arena,3rd St/Convention,7th Street","115.08,244.81,419.37"
1848893667,Fitzgerald's Irish Pub,35.2269129,-80.8404682,"{'addr:city': 'Charlotte', 'addr:country': 'US', 'addr:housenumber': '201', 'addr:postcode': '28202', 'addr:state': 'NC', 'addr:street': 'East 5th Street', 'amenity': 'pub', 'cuisine': 'fish_and_chips', 'name': ""Fitzgerald's Irish Pub""}",pub,,,,,,,,"7th Street,CTC/Arena,3rd St/Convention","221.77,228.12,435.66"
3313308333,Mellow Mushroom,35.2258077,-80.8477597,"{'amenity': 'restaurant', 'brand': 'Mellow Mushroom', 'brand:wikidata': 'Q17021360', 'cuisine': 'pizza', 'name': 'Mellow Mushroom'}",restaurant,,,,,,,,3rd St/Convention,492.25
3313308336,Ink N Ivey,35.2268982,-80.8461544,"{'addr:city': 'Charlotte', 'addr:housenumber': '222', 'addr:postcode': '28202', 'addr:state': 'NC', 'addr:street': 'South Church Street', 'amenity': 'bar', 'name': 'Ink N Ivey', 'phone': '+1-704-332-5424', 'website': 'https://www.inknivy.com'}",bar,,,,,,,,3rd St/Convention,460.73
4001610999,,35.2271093,-80.8433622,{'amenity': 'waste_basket'},waste_basket,,,,,,,,"CTC/Arena,3rd St/Convention","294.84,389.05"
4001611000,,35.2271005,-80.8433783,{'amenity': 'recycling'},recycling,,,,,,,,"CTC/Arena,3rd St/Convention","294.96,388.18"
4001621937,McCormick & Schmick's,35.226461,-80.8445484,"{'amenity': 'restaurant', 'brand': ""McCormick & Schmick's"", 'brand:wikidata': 'Q6800562', 'cuisine': 'seafood;steak', 'name': ""McCormick & Schmick's""}",restaurant,,,,,,,,"CTC/Arena,3rd St/Convention","329.94,343.97"
4001621938,,35.2263528,-80.84453,{'amenity': 'bicycle_parking'},bicycle_parking,,,,,,,,"CTC/Arena,3rd St/Convention","322.73,332.29"
4001621954,,35.2240204,-80.8478513,{'amenity': 'bench'},bench,,,,,,,,"Brooklyn Village,3rd St/Convention","303.27,438.39"
4001621955,,35.2239341,-80.8479814,{'amenity': 'bench'},bench,,,,,,,,"Brooklyn Village,3rd St/Convention","297.63,449.3"
4001621956,,35.2236974,-80.8483185,{'amenity': 'bench'},bench,,,,,,,,"Brooklyn Village,3rd St/Convention","284.99,478.64"
4001623357,,35.2237246,-80.8482777,{'amenity': 'bench'},bench,,,,,,,,"Brooklyn Village,3rd St/Convention","286.1,475.0"
4945133523,Panera Bread,35.2248039,-80.8436326,"{'addr:city': 'Charlotte', 'addr:country': 'US', 'addr:housenumber': '201', 'addr:postcode': '28244', 'addr:state': 'NC', 'addr:street': 'South College Street', 'addr:unit': '150', 'amenity': 'fast_food', 'brand': 'Panera Bread', 'brand:wikidata': 'Q7130852', 'cuisine': 'sandwich;bakery', 'internet_access': 'wlan', 'name': 'Panera Bread', 'opening_hours': 'Mo-Fr 07:00-17:00', 'phone': '+1 704-998-2074', 'short_name': 'Panera', 'takeaway': 'yes', 'website': 'https://locations.panerabread.com/nc/charlotte/201-s-college-street.html'}",fast_food,,,,,,,,"3rd St/Convention,CTC/Arena","142.29,205.24"
5948979211,Nuvolé Rooftop Twenty Two,35.2257161,-80.8409032,"{'addr:city': 'Charlotte', 'addr:housenumber': '220', 'addr:postcode': '28202', 'addr:state': 'NC', 'addr:street': 'East Trade Street', 'addr:unit': '2200', 'amenity': 'bar', 'name': 'Nuvolé Rooftop Twenty Two', 'smoking': 'no'}",bar,,,,,,,,"CTC/Arena,3rd St/Convention,7th Street","90.94,305.08,307.83"
6093389461,,35.2246295,-80.8438235,{'amenity': 'fountain'},fountain,,,,,,,,"3rd St/Convention,CTC/Arena,Brooklyn Village","132.71,225.23,457.72"
6332298775,RedEye Diner,35.2252054,-80.8421438,"{'amenity': 'restaurant', 'name': 'RedEye Diner'}",restaurant,,,,,,,,"CTC/Arena,3rd St/Convention,7th Street","72.28,195.59,433.62"
6376981600,Starbucks,35.2222397,-80.8451394,"{'addr:city': 'Charlotte', 'addr:housenumber': '501', 'addr:postcode': '28202', 'addr:state': 'NC', 'addr:street': 'South College Street', 'amenity': 'cafe', 'branch': 'Charlotte Convention Center', 'brand': 'Starbucks', 'brand:wikidata': 'Q37158', 'cuisine': 'coffee_shop', 'name': 'Starbucks', 'official_name': 'Starbucks Coffee', 'phone': '+1 704-339-6046', 'ref': '8017', 'takeaway': 'yes', 'website': 'https://www.starbucks.com/store-locator/store/8017/charlotte-convention-center-501-s-college-st-charlotte-nc-282021827-us', 'wheelchair': 'yes'}",cafe,,,,,,,,"Brooklyn Village,3rd St/Convention,CTC/Arena","189.03,242.7,458.4"
6376981601,Einstein Bros. Bagels,35.222129,-80.845008,"{'addr:city': 'Charlotte', 'addr:housenumber': '501', 'addr:postcode': '28202', 'addr:state': 'NC', 'addr:street': 'South College Street', 'alt_name': 'Einstein Brothers Bagels', 'amenity': 'fast_food', 'branch': 'Charlotte Convention Center', 'brand': 'Einstein Bros. Bagels', 'brand:wikidata': 'Q5349788', 'cuisine': 'bagel', 'drive_through': 'no', 'name': 'Einstein Bros. Bagels', 'opening_hours': 'Mo-Fr 08:00-13:30', 'phone': '+1 704-339-6102', 'takeaway': 'yes', 'website': 'https://locations.einsteinbros.com/us/nc/charlotte/501-s-college-st', 'wheelchair': 'yes'}",fast_food,,,,,,,,"Brooklyn Village,3rd St/Convention,CTC/Arena","193.98,241.67,458.02"
6376981602,Bojangles',35.2220436,-80.8449075,"{'addr:city': 'Charlotte', 'addr:housenumber': '501', 'addr:postcode': '28202', 'addr:state': 'NC', 'addr:street': 'South College Street', 'amenity': 'fast_food', 'brand': ""Bojangles'"", 'brand:wikidata': 'Q891163', 'cuisine': 'chicken', 'drinking_straw': 'paper', 'drive_through': 'no', 'name': ""Bojangles'"", 'official_name': ""Bojangles' Famous Chicken 'n Biscuits"", 'phone': '+1 704-651-8422', 'takeaway': 'yes', 'website': 'https://locations.bojangles.com/nc/charlotte/501-south-college-street.html', 'wheelchair': 'yes'}",fast_food,,,,,,,,"Brooklyn Village,3rd St/Convention","198.66,241.75"
8413520017,,35.2269298,-80.8476067,{'amenity': 'bench'},bench,,,,,,,,3rd St/Convention,553.84
8413520018,,35.2267864,-80.847896,{'amenity': 'bench'},bench,,,,,,,,3rd St/Convention,563.7
8413520036,,35.2268393,-80.8477448,{'amenity': 'bench'},bench,,,,,,,,3rd St/Convention,556.78
8413520037,,35.2271846,-80.847477,"{'amenity': 'bench', 'armrest': 'yes', 'backrest': 'yes', 'material': 'metal'}",bench,,,,,,,,3rd St/Convention,564.55
8413520038,,35.2272363,-80.8474736,"{'amenity': 'bench', 'armrest': 'yes', 'backrest': 'yes', 'material': 'metal'}",bench,,,,,,,,3rd St/Convention,568.37
9099545837,Caribou Coffee,35.226953,-80.8420991,"{'amenity': 'cafe', 'brand': 'Caribou Coffee', 'brand:wikidata': 'Q5039494', 'cuisine': 'coffee_shop', 'level': '1', 'name': 'Caribou Coffee', 'takeaway': 'yes'}",cafe,,,,,,,,"CTC/Arena,7th Street,3rd St/Convention","226.0,368.75,380.91"
9099545838,Bank of America,35.226847,-80.8422897,"{'amenity': 'bank', 'atm': 'yes', 'brand': 'Bank of America', 'brand:wikidata': 'Q487907', 'drive_through': 'no', 'level': '0', 'name': 'Bank of America'}",bank,,,,,,,,"CTC/Arena,3rd St/Convention,7th Street","220.59,365.77,387.12"
9099545841,Aria Tuscan Grill,35.2266313,-80.8421473,"{'amenity': 'restaurant', 'cuisine': 'italian', 'level': '0', 'name': 'Aria Tuscan Grill', 'website': 'https://www.ariacharlotte.com/'}",restaurant,,,,,,,,"CTC/Arena,3rd St/Convention,7th Street","193.59,345.2,377.63"
9099545870,Mert's Heart And Soul,35.2272922,-80.8402846,"{'addr:city': 'Charlotte', 'addr:housenumber': '214', 'addr:postcode': '28202', 'addr:state': 'NC', 'addr:street': 'North College Street', 'amenity': 'restaurant', 'cuisine': 'southern', 'name': ""Mert's Heart And Soul""}",restaurant,,,,,,,,"7th Street,CTC/Arena,3rd St/Convention","202.59,273.39,480.15"
9099545873,Rooster's Wood-fired Kitchen,35.2267108,-80.8409945,"{'addr:city': 'Charlotte', 'addr:housenumber': '150', 'addr:postcode': '28202', 'addr:state': 'NC', 'addr:street': 'North College Street', 'amenity': 'restaurant', 'cuisine': 'american', 'name': ""Rooster's Wood-fired Kitchen""}",restaurant,,,,,,,,"CTC/Arena,7th Street,3rd St/Convention","193.11,272.94,391.9"
9103883863,,35.2243234,-80.8387765,"{'access': 'private', 'amenity': 'parking_entrance', 'level': '0', 'parking': 'underground'}",parking_entrance,,,,,,,,"CTC/Arena,7th Street,3rd St/Convention","249.39,327.79,397.76"
9103883909,,35.2241742,-80.8392823,"{'access': 'customers', 'amenity': 'parking_entrance', 'level': '0', 'maxheight': '7\'0""', 'parking': 'underground'}",parking_entrance,,,,,,,,"CTC/Arena,3rd St/Convention,7th Street","212.55,349.43,355.62"
9111862609,,35.2260937,-80.8433489,"{'access': 'private', 'amenity': 'parking_entrance', 'parking': 'underground'}",parking_entrance,,,,,,,,"CTC/Arena,3rd St/Convention","215.61,276.7"
9236208984,Charlotte Convention Center,35.2229594,-80.8461422,"{'addr:city': 'Charlotte', 'addr:housenumber': '501', 'addr:postcode': '28202', 'addr:state': 'NC', 'addr:street': 'South College Street', 'amenity': 'conference_centre', 'name': 'Charlotte Convention Center'}",conference_centre,,,,,,,,"Brooklyn Village,3rd St/Convention","188.58,289.62"
9634125391,,35.2253608,-80.8478843,"{'access': 'yes', 'amenity': 'parking_entrance', 'level': '0', 'parking': 'multi-storey'}",parking_entrance,,,,,,,,3rd St/Convention,480.04
10087263039,,35.2201686,-80.845069,"{'amenity': 'bicycle_parking', 'bicycle_parking': 'stands', 'capacity': '4', 'covered': 'no'}",bicycle_parking,,,,,,,,"Brooklyn Village,3rd St/Convention","217.58,423.18"
10087263045,,35.2202518,-80.845155,"{'amenity': 'bicycle_parking', 'bicycle_parking': 'stands', 'capacity': '4', 'covered': 'no'}",bicycle_parking,,,,,,,,"Brooklyn Village,3rd St/Convention","205.72,418.39"
10087263056,,35.2203361,-80.845243,"{'amenity': 'bicycle_parking', 'bicycle_parking': 'stands', 'capacity': '4', 'covered': 'no'}",bicycle_parking,,,,,,,,"Brooklyn Village,3rd St/Convention","193.68,413.87"
10768573106,Coco and the Director,35.2277041,-80.8433215,"{'addr:city': 'Charlotte', 'addr:housenumber': '100', 'addr:postcode': '28202', 'addr:state': 'NC', 'addr:street': 'West Trade Street', 'amenity': 'cafe', 'cuisine': 'coffee_shop', 'level': '0', 'name': 'Coco and the Director', 'not:brand:wikidata': 'Q65084369', 'phone': '+1-704-353-6003', 'takeaway': 'yes'}",cafe,,,,,,,,"CTC/Arena,3rd St/Convention","347.6,454.66"
10965747074,McAlister's Deli,35.2257979,-80.8432795,"{'amenity': 'restaurant', 'brand': ""McAlister's Deli"", 'brand:wikidata': 'Q17020829', 'cuisine': 'sandwich', 'level': '0', 'name': ""McAlister's Deli""}",restaurant,,,,,,,,"CTC/Arena,3rd St/Convention","193.38,243.46"
10965747081,Uncle Maddio’s,35.2258707,-80.8431879,"{'amenity': 'fast_food', 'cuisine': 'pizza', 'level': '0', 'name': 'Uncle Maddio’s'}",fast_food,,,,,,,,"CTC/Arena,3rd St/Convention","189.98,250.98"
10965747082,Starbucks,35.2261949,-80.8429387,"{'addr:city': 'Charlotte', 'addr:housenumber': '101', 'addr:postcode': '28280', 'addr:state': 'NC', 'addr:street': 'South Tryon Street', 'amenity': 'cafe', 'branch': '101 South Tryon', 'brand': 'Starbucks', 'brand:wikidata': 'Q37158', 'cuisine': 'coffee_shop', 'level': '1', 'name': 'Starbucks', 'official_name': 'Starbucks Coffee', 'phone': '+1 704-374-9519', 'ref': '14918', 'takeaway': 'yes', 'website': 'https://www.starbucks.com/store-locator/store/14918/101-south-tryon-101-s-tryon-street-charlotte-nc-282800002-us'}",cafe,,,,,,,,"CTC/Arena,3rd St/Convention","193.45,286.88"
10965747084,Chick-fil-A,35.2259484,-80.8431228,"{'addr:city': 'Charlotte', 'addr:housenumber': '101', 'addr:postcode': '28280', 'addr:state': 'NC', 'addr:street': 'South Tryon Street', 'addr:unit': '9 2 Bank', 'amenity': 'fast_food', 'branch': '101 South Tryon Street', 'brand': 'Chick-fil-A', 'brand:wikidata': 'Q491516', 'cuisine': 'chicken', 'delivery': 'no', 'drive_through': 'no', 'indoor_seating': 'yes', 'internet_access': 'wlan', 'level': '0', 'name': 'Chick-fil-A', 'opening_hours': 'Mo-Fr 07:00-16:00; Su off', 'phone': '+1 704-344-0222', 'ref': '00462', 'takeaway': 'yes', 'website': 'https://www.chick-fil-a.com/locations/nc/101-south-tryon-street'}",fast_food,,,,,,,,"CTC/Arena,3rd St/Convention","189.55,259.39"
10971338342,Cicchetti,35.2265155,-80.8419818,"{'amenity': 'restaurant', 'cuisine': 'italian', 'name': 'Cicchetti'}",restaurant,,,,,,,,"CTC/Arena,3rd St/Convention,7th Street","176.49,336.83,365.33"
10971338344,Skyview Dentistry,35.2251624,-80.8418445,"{'amenity': 'dentist', 'healthcare': 'dentist', 'level': '3', 'name': 'Skyview Dentistry', 'phone': '+1 704 632 7700'}",dentist,,,,,,dentist,,"CTC/Arena,3rd St/Convention,7th Street","45.11,204.63,413.13"
10979308779,,35.2269424,-80.84332,"{'amenity': 'bench', 'backrest': 'yes', 'seats': '4'}",bench,,,,,,,,"CTC/Arena,3rd St/Convention","277.94,370.32"
10979308780,,35.2269197,-80.8433523,"{'amenity': 'bench', 'backrest': 'yes', 'seats': '4'}",bench,,,,,,,,"CTC/Arena,3rd St/Convention","277.87,368.01"
10979308781,,35.226848,-80.8434607,"{'amenity': 'bench', 'backrest': 'yes', 'seats': '4'}",bench,,,,,,,,"CTC/Arena,3rd St/Convention","278.41,360.94"
10979308782,,35.2268252,-80.8434914,"{'amenity': 'bench', 'backrest': 'yes', 'seats': '4'}",bench,,,,,,,,"CTC/Arena,3rd St/Convention","278.46,358.72"
10979308793,,35.2269731,-80.8432808,"{'amenity': 'bicycle_parking', 'bicycle_parking': 'wave', 'capacity': '3', 'covered': 'no'}",bicycle_parking,,,,,,,,"CTC/Arena,3rd St/Convention","278.37,373.51"
10979308794,,35.2269878,-80.8432612,"{'amenity': 'bicycle_parking', 'bicycle_parking': 'wave', 'capacity': '3', 'covered': 'no'}",bicycle_parking,,,,,,,,"CTC/Arena,3rd St/Convention","278.55,375.05"
10979308795,,35.2268773,-80.843419,"{'amenity': 'bicycle_parking', 'bicycle_parking': 'wave', 'capacity': '3', 'covered': 'no'}",bicycle_parking,,,,,,,,"CTC/Arena,3rd St/Convention","278.27,363.82"
10979308796,,35.2268905,-80.8433988,"{'amenity': 'bicycle_parking', 'bicycle_parking': 'wave', 'capacity': '3', 'covered': 'no'}",bicycle_parking,,,,,,,,"CTC/Arena,3rd St/Convention","278.16,365.11"
10979308797,,35.2267291,-80.8436305,"{'amenity': 'bench', 'backrest': 'yes', 'seats': '4'}",bench,,,,,,,,"CTC/Arena,3rd St/Convention","279.89,349.78"
10979308798,,35.2267057,-80.84366,"{'amenity': 'bench', 'backrest': 'yes', 'seats': '4'}",bench,,,,,,,,"CTC/Arena,3rd St/Convention","280.1,347.63"
10979308799,,35.2266323,-80.8437692,"{'amenity': 'bench', 'backrest': 'yes', 'seats': '4'}",bench,,,,,,,,"CTC/Arena,3rd St/Convention","282.21,341.33"
10979308800,,35.2266108,-80.8437978,"{'amenity': 'bench', 'backrest': 'yes', 'seats': '4'}",bench,,,,,,,,"CTC/Arena,3rd St/Convention","282.7,339.5"
10979308801,,35.226535,-80.8439061,"{'amenity': 'bench', 'backrest': 'yes', 'seats': '4'}",bench,,,,,,,,"CTC/Arena,3rd St/Convention","285.32,333.4"
10979308802,,35.2265145,-80.8439361,"{'amenity': 'bench', 'backrest': 'yes', 'seats': '4'}",bench,,,,,,,,"CTC/Arena,3rd St/Convention","286.17,331.83"
10979328108,,35.226995,-80.8435154,{'amenity': 'waste_basket'},waste_basket,,,,,,,,"CTC/Arena,3rd St/Convention","293.87,377.68"
10979328109,,35.2269862,-80.8435315,{'amenity': 'recycling'},recycling,,,,,,,,"CTC/Arena,3rd St/Convention","294.1,376.87"
10979328110,,35.2269346,-80.8436081,"{'amenity': 'bench', 'backrest': 'yes', 'seats': '4'}",bench,,,,,,,,"CTC/Arena,3rd St/Convention","294.57,372.06"
10979328111,,35.2269032,-80.8436479,"{'amenity': 'bicycle_parking', 'bicycle_parking': 'stands', 'capacity': '2'}",bicycle_parking,,,,,,,,"CTC/Arena,3rd St/Convention","294.56,369.12"
10979328112,,35.22689,-80.8436674,{'amenity': 'waste_basket'},waste_basket,,,,,,,,"CTC/Arena,3rd St/Convention","294.76,367.93"
10979328117,,35.2268592,-80.8437149,"{'amenity': 'bench', 'backrest': 'yes', 'seats': '4'}",bench,,,,,,,,"CTC/Arena,3rd St/Convention","295.42,365.23"
10979328118,,35.2268444,-80.843736,"{'amenity': 'bench', 'backrest': 'yes', 'seats': '4'}",bench,,,,,,,,"CTC/Arena,3rd St/Convention","295.66,363.93"
10979328119,,35.2268155,-80.8437781,{'amenity': 'waste_basket'},waste_basket,,,,,,,,"CTC/Arena,3rd St/Convention","296.25,361.45"
10979328120,,35.2268067,-80.8437942,{'amenity': 'recycling'},recycling,,,,,,,,"CTC/Arena,3rd St/Convention","296.67,360.76"
10979328121,,35.2267264,-80.8439126,"{'amenity': 'bicycle_parking', 'bicycle_parking': 'stands', 'capacity': '2'}",bicycle_parking,,,,,,,,"CTC/Arena,3rd St/Convention","298.92,354.21"
10979328122,,35.2266255,-80.8440538,"{'amenity': 'bench', 'backrest': 'yes', 'seats': '4'}",bench,,,,,,,,"CTC/Arena,3rd St/Convention","302.09,346.43"
10979328123,,35.2266477,-80.8440226,"{'amenity': 'bench', 'backrest': 'yes', 'seats': '4'}",bench,,,,,,,,"CTC/Arena,3rd St/Convention","301.3,348.09"
10989112458,,35.2262975,-80.8466423,{'amenity': 'parking_entrance'},parking_entrance,,,,,,,,3rd St/Convention,441.71
11006244547,,35.227048,-80.8472742,"{'amenity': 'bench', 'backrest': 'yes'}",bench,,,,,,,,3rd St/Convention,540.78
11006244548,,35.2270191,-80.8474147,"{'access': 'yes', 'amenity': 'drinking_water', 'fee': 'no', 'seasonal': 'spring;summer;autumn'}",drinking_water,,,,,,,,3rd St/Convention,547.7
11006244551,,35.2268937,-80.8472461,"{'amenity': 'bench', 'armrest': 'yes', 'backrest': 'yes'}",bench,,,,,,,,3rd St/Convention,527.0
11006244554,,35.2268935,-80.8472712,"{'amenity': 'bench', 'armrest': 'yes', 'backrest': 'yes'}",bench,,,,,,,,3rd St/Convention,528.64
11006244555,,35.2270818,-80.8474067,"{'access': 'yes', 'amenity': 'bicycle_parking', 'bicycle_parking': 'stands', 'capacity': '8', 'fee': 'no'}",bicycle_parking,,,,,,,,3rd St/Convention,552.0
11015149087,,35.2222191,-80.8408541,{'amenity': 'parking_entrance'},parking_entrance,,,,,,,,"3rd St/Convention,CTC/Arena","253.16,312.24"
11015149091,,35.2221947,-80.8408858,{'amenity': 'parking_entrance'},parking_entrance,,,,,,,,"3rd St/Convention,CTC/Arena","252.56,314.47"
11015149100,,35.2226399,-80.8403065,{'amenity': 'parking_entrance'},parking_entrance,,,,,,,,"3rd St/Convention,CTC/Arena","272.7,279.69"
11015149110,,35.2226155,-80.8403383,{'amenity': 'parking_entrance'},parking_entrance,,,,,,,,"3rd St/Convention,CTC/Arena","271.13,281.23"
11015149113,,35.2217287,-80.8403624,{'amenity': 'parking_entrance'},parking_entrance,,,,,,,,"3rd St/Convention,CTC/Arena","322.17,374.65"
11015149123,,35.2217527,-80.8403312,{'amenity': 'parking_entrance'},parking_entrance,,,,,,,,"3rd St/Convention,CTC/Arena","322.64,372.79"
11015149151,,35.2221729,-80.8397846,{'amenity': 'parking_entrance'},parking_entrance,,,,,,,,"3rd St/Convention,CTC/Arena","338.01,345.89"
11015149218,,35.2224939,-80.84144,{'amenity': 'parking_entrance'},parking_entrance,,,,,,,,"3rd St/Convention,CTC/Arena,Brooklyn Village","192.5,277.97,515.28"
11015149219,,35.2225403,-80.8413784,{'amenity': 'parking_entrance'},parking_entrance,,,,,,,,"3rd St/Convention,CTC/Arena","193.63,272.78"
11015149230,,35.2228726,-80.8397426,{'amenity': 'parking_entrance'},parking_entrance,,,,,,,,"CTC/Arena,3rd St/Convention","279.53,312.77"
11015149231,,35.2229944,-80.8398902,{'amenity': 'parking_entrance'},parking_entrance,,,,,,,,"CTC/Arena,3rd St/Convention,7th Street","260.96,296.43,497.34"
11015149232,,35.2234793,-80.8392818,{'amenity': 'parking_entrance'},parking_entrance,,,,,,,,"CTC/Arena,3rd St/Convention,7th Street","255.44,344.13,429.49"
11018293586,,35.2252682,-80.8429221,{'amenity': 'parking_entrance'},parking_entrance,,,,,,,,"CTC/Arena,3rd St/Convention","142.56,184.32"
11018304557,,35.2245382,-80.8441545,{'amenity': 'parking_entrance'},parking_entrance,,,,,,,,"3rd St/Convention,CTC/Arena,Brooklyn Village","143.24,256.73,431.46"
11018779237,,35.2251054,-80.8424342,{'amenity': 'parking_entrance'},parking_entrance,,,,,,,,"CTC/Arena,3rd St/Convention","95.74,175.35"
11018779239,,35.2257765,-80.8416776,{'amenity': 'parking_entrance'},parking_entrance,,,,,,,,"CTC/Arena,3rd St/Convention,7th Street","90.0,271.21,366.06"
11018779247,,35.2244257,-80.842453,{'amenity': 'parking_entrance'},parking_entrance,,,,,,,,"3rd St/Convention,CTC/Arena","105.99,115.82"
11018779249,,35.2245324,-80.8423093,{'amenity': 'parking_entrance'},parking_entrance,,,,,,,,"CTC/Arena,3rd St/Convention,7th Street","98.43,123.01,488.23"
11020919395,,35.2256169,-80.8409801,{'amenity': 'parking_entrance'},parking_entrance,,,,,,,,"CTC/Arena,3rd St/Convention,7th Street","77.92,292.17,319.72"
11020919397,,35.2262223,-80.8400841,{'amenity': 'parking_entrance'},parking_entrance,,,,,,,,"CTC/Arena,7th Street,3rd St/Convention","180.27,214.87,396.57"
11033689067,,35.2275715,-80.8448101,{'amenity': 'parking_entrance'},parking_entrance,,,,,,,,"CTC/Arena,3rd St/Convention","422.13,467.31"
11033689070,,35.2274796,-80.8449363,{'amenity': 'parking_entrance'},parking_entrance,,,,,,,,"CTC/Arena,3rd St/Convention","423.98,461.86"
11033689073,,35.2271527,-80.8449521,{'amenity': 'parking_entrance'},parking_entrance,,,,,,,,"CTC/Arena,3rd St/Convention","402.58,428.96"
11033689075,,35.2270939,-80.8448879,{'amenity': 'parking_entrance'},parking_entrance,,,,,,,,"CTC/Arena,3rd St/Convention","394.01,420.65"
11033689090,,35.2270602,-80.8444428,{'amenity': 'parking_entrance'},parking_entrance,,,,,,,,"CTC/Arena,3rd St/Convention","359.69,402.79"
11033689091,,35.22764,-80.8438016,{'amenity': 'parking_entrance'},parking_entrance,,,,,,,,"CTC/Arena,3rd St/Convention","365.9,452.0"
11033689128,,35.2257398,-80.8432734,{'amenity': 'parking_entrance'},parking_entrance,,,,,,,,"CTC/Arena,3rd St/Convention","190.02,236.99"
11033689158,,35.2256795,-80.8429809,{'amenity': 'parking_entrance'},parking_entrance,,,,,,,,"CTC/Arena,3rd St/Convention","163.21,229.62"
11034670586,,35.2253738,-80.8468335,{'amenity': 'parking_entrance'},parking_entrance,,,,,,,,"3rd St/Convention,Brooklyn Village","395.2,441.91"
11034670587,,35.2254118,-80.8468767,{'amenity': 'parking_entrance'},parking_entrance,,,,,,,,"3rd St/Convention,Brooklyn Village","400.7,446.06"
11034670590,,35.2257578,-80.8472707,{'amenity': 'parking_entrance'},parking_entrance,,,,,,,,3rd St/Convention,451.18
11034670593,,35.2255845,-80.8470733,{'amenity': 'parking_entrance'},parking_entrance,,,,,,,,3rd St/Convention,425.83
11034670595,,35.2256237,-80.8471179,{'amenity': 'parking_entrance'},parking_entrance,,,,,,,,3rd St/Convention,431.55
11034670599,,35.2259355,-80.8471834,{'amenity': 'parking_entrance'},parking_entrance,,,,,,,,3rd St/Convention,455.32
11034670601,,35.2261993,-80.846784,{'amenity': 'parking_entrance'},parking_entrance,,,,,,,,3rd St/Convention,444.19
11035897649,,35.2271694,-80.8468914,{'amenity': 'parking_entrance'},parking_entrance,,,,,,,,3rd St/Convention,526.67
11035897650,,35.2276111,-80.8469105,{'amenity': 'parking_entrance'},parking_entrance,,,,,,,,3rd St/Convention,565.39
11035897675,,35.2270979,-80.8458023,{'amenity': 'parking_entrance'},parking_entrance,,,,,,,,"3rd St/Convention,CTC/Arena","460.32,464.06"
11035897715,,35.2262592,-80.845877,"{'amenity': 'parking_entrance', 'parking': 'multi-storey'}",parking_entrance,,,,,,,,"3rd St/Convention,CTC/Arena","389.91,431.54"
11035897718,,35.2267468,-80.8460011,{'amenity': 'parking_entrance'},parking_entrance,,,,,,,,3rd St/Convention,438.92
11035897722,,35.2269681,-80.8456802,{'amenity': 'parking_entrance'},parking_entrance,,,,,,,,"3rd St/Convention,CTC/Arena","442.21,447.28"
11035897724,,35.2271623,-80.8454044,{'amenity': 'parking_entrance'},parking_entrance,,,,,,,,"CTC/Arena,3rd St/Convention","436.99,448.01"
11035897728,,35.2269099,-80.8449586,{'amenity': 'parking_entrance'},parking_entrance,,,,,,,,"CTC/Arena,3rd St/Convention","387.71,404.7"
11035897730,,35.2269682,-80.8450519,{'amenity': 'parking_entrance'},parking_entrance,,,,,,,,"CTC/Arena,3rd St/Convention","398.36,414.2"
11035897817,,35.2253109,-80.8447539,{'amenity': 'parking_entrance'},parking_entrance,,,,,,,,"3rd St/Convention,CTC/Arena,Brooklyn Village","243.6,308.05,478.18"
11035897832,,35.2258223,-80.8436224,{'amenity': 'parking_entrance'},parking_entrance,,,,,,,,"CTC/Arena,3rd St/Convention","222.68,250.63"
11035897836,,35.2250072,-80.8439727,{'amenity': 'parking_entrance'},parking_entrance,,,,,,,,"3rd St/Convention,CTC/Arena,Brooklyn Village","175.81,235.03,483.57"
11035897839,,35.2250552,-80.8438972,{'amenity': 'parking_entrance'},parking_entrance,,,,,,,,"3rd St/Convention,CTC/Arena,Brooklyn Village","177.46,228.24,491.83"
11035897843,,35.2250694,-80.8438374,{'amenity': 'parking_entrance'},parking_entrance,,,,,,,,"3rd St/Convention,CTC/Arena,Brooklyn Village","176.63,222.85,496.21"
11043397234,,35.2239829,-80.8471738,"{'amenity': 'parking_entrance', 'parking': 'underground'}",parking_entrance,,,,,,,,"Brooklyn Village,3rd St/Convention","288.34,376.64"
11043397612,,35.223792,-80.845759,{'amenity': 'parking_entrance'},parking_entrance,,,,,,,,"3rd St/Convention,Brooklyn Village,CTC/Arena","246.44,287.25,419.55"
11043397614,,35.2237656,-80.8457918,{'amenity': 'parking_entrance'},parking_entrance,,,,,,,,"3rd St/Convention,Brooklyn Village,CTC/Arena","249.2,283.42,423.32"
11043397616,,35.2237173,-80.8458521,{'amenity': 'parking_entrance'},parking_entrance,,,,,,,,"3rd St/Convention,Brooklyn Village,CTC/Arena","254.37,276.44,430.26"
11043397618,,35.2236471,-80.8459524,{'amenity': 'parking_entrance'},parking_entrance,,,,,,,,"3rd St/Convention,Brooklyn Village,CTC/Arena","263.25,265.96,441.47"
11047516978,,35.2222376,-80.8480817,{'amenity': 'parking_entrance'},parking_entrance,,,,,,,,"Brooklyn Village,3rd St/Convention","140.11,481.67"
11047517023,,35.2228529,-80.8480146,{'amenity': 'parking_entrance'},parking_entrance,,,,,,,,"Brooklyn Village,3rd St/Convention","189.43,458.64"
11047517182,,35.2206621,-80.845664,{'amenity': 'parking_entrance'},parking_entrance,,,,,,,,"Brooklyn Village,3rd St/Convention","141.43,403.78"
11047517213,,35.2211437,-80.8461444,{'amenity': 'parking_entrance'},parking_entrance,,,,,,,,"Brooklyn Village,3rd St/Convention","77.39,391.92"
11049745780,,35.2222524,-80.8436678,{'amenity': 'parking_entrance'},parking_entrance,,,,,,,,"3rd St/Convention,Brooklyn Village,CTC/Arena","160.4,312.77,368.53"
11049745906,,35.2214561,-80.8460464,{'amenity': 'parking_entrance'},parking_entrance,,,,,,,,"Brooklyn Village,3rd St/Convention","81.65,361.83"
11049745935,,35.2227551,-80.8435407,{'amenity': 'parking_entrance'},parking_entrance,,,,,,,,"3rd St/Convention,CTC/Arena,Brooklyn Village","104.41,316.68,344.41"
11049745938,,35.22269,-80.843469,{'amenity': 'parking_entrance'},parking_entrance,,,,,,,,"3rd St/Convention,CTC/Arena,Brooklyn Village","108.61,318.47,347.22"
11049745970,,35.2231898,-80.8442038,{'amenity': 'parking_entrance'},parking_entrance,,,,,,,,"3rd St/Convention,Brooklyn Village,CTC/Arena","114.04,319.13,325.38"
11049745973,,35.2235524,-80.844611,{'amenity': 'parking_entrance'},parking_entrance,,,,,,,,"3rd St/Convention,Brooklyn Village,CTC/Arena","141.29,320.05,334.2"
11049745976,,35.223481,-80.8445308,{'amenity': 'parking_entrance'},parking_entrance,,,,,,,,"3rd St/Convention,Brooklyn Village,CTC/Arena","134.61,319.13,331.77"
11049745978,,35.2236156,-80.8446815,{'amenity': 'parking_entrance'},parking_entrance,,,,,,,,"3rd St/Convention,Brooklyn Village,CTC/Arena","147.56,321.19,336.59"
11049745993,,35.223685,-80.8434263,{'amenity': 'parking_entrance'},parking_entrance,,,,,,,,"3rd St/Convention,CTC/Arena,Brooklyn Village","34.36,235.81,408.69"
11049745994,,35.223719,-80.8434571,{'amenity': 'parking_entrance'},parking_entrance,,,,,,,,"3rd St/Convention,CTC/Arena","38.11,235.73"
11049746010,,35.2232813,-80.8428296,{'amenity': 'parking_entrance'},parking_entrance,,,,,,,,"3rd St/Convention,CTC/Arena,Brooklyn Village","42.05,231.29,428.86"
11049746033,,35.2214109,-80.8443652,{'amenity': 'parking_entrance'},parking_entrance,,,,,,,,"Brooklyn Village,3rd St/Convention","234.33,271.27"
11049746036,,35.2206678,-80.843853,{'amenity': 'parking_entrance'},parking_entrance,,,,,,,,"Brooklyn Village,3rd St/Convention","292.13,334.18"
11049746039,,35.2208518,-80.8434658,{'amenity': 'parking_entrance'},parking_entrance,,,,,,,,"3rd St/Convention,Brooklyn Village","308.11,321.76"
11067479859,,35.225496,-80.840497,"{'access': 'yes', 'amenity': 'bicycle_parking', 'bicycle_parking': 'stands', 'capacity': '6', 'covered': 'no', 'foot_traffic': 'high', 'indoor': 'no'}",bicycle_parking,,,,,,,,"CTC/Arena,7th Street,3rd St/Convention","98.13,292.81,313.28"
11067479860,,35.2254848,-80.8405103,"{'access': 'yes', 'amenity': 'drinking_water', 'fee': 'no'}",drinking_water,,,,,,,,"CTC/Arena,7th Street,3rd St/Convention","96.43,294.53,311.55"
11077809175,Exotica,35.2233786,-80.8466478,"{'amenity': 'restaurant', 'cuisine': 'indian', 'name': 'Exotica'}",restaurant,,,,,,,,"Brooklyn Village,3rd St/Convention","222.13,327.51"
11077809176,Tikka Shack,35.2256764,-80.8474462,"{'amenity': 'fast_food', 'cuisine': 'indian', 'name': 'Tikka Shack', 'opening_hours': 'Su-Th 11:00-21:00; Fr-Sa 11:00-22:00', 'phone': '+1 980 498 2000', 'website': 'https://www.tikkashack.com/charlotte'}",fast_food,,,,,,,,3rd St/Convention,460.26
11082310240,,35.2274042,-80.8475231,"{'amenity': 'bench', 'armrest': 'yes', 'backrest': 'yes', 'material': 'metal'}",bench,,,,,,,,3rd St/Convention,584.82
11083027175,,35.22705,-80.8475197,"{'amenity': 'bench', 'armrest': 'yes', 'backrest': 'yes', 'material': 'metal'}",bench,,,,,,,,3rd St/Convention,557.0
11083145806,,35.2237021,-80.8468578,"{'amenity': 'fountain', 'fountain': 'splash_pad'}",fountain,,,,,,,,"Brooklyn Village,3rd St/Convention","256.52,345.76"
11083145807,,35.2236627,-80.8468246,"{'amenity': 'fountain', 'fountain': 'splash_pad'}",fountain,,,,,,,,"Brooklyn Village,3rd St/Convention","252.26,342.64"
11083145808,,35.2236529,-80.8468789,"{'amenity': 'fountain', 'fountain': 'splash_pad'}",fountain,,,,,,,,"Brooklyn Village,3rd St/Convention","251.02,347.56"
11093041436,Coquette,35.2247396,-80.8471184,"{'addr:city': 'Charlotte', 'addr:housenumber': '400', 'addr:postcode': '28202', 'addr:state': 'NC', 'addr:street': 'South Tryon Street', 'amenity': 'restaurant', 'cuisine': 'french', 'name': 'Coquette', 'website': 'https://www.coquetteclt.com'}",restaurant,,,,,,,,"Brooklyn Village,3rd St/Convention","371.83,389.99"
11093041439,Avis,35.223752,-80.8440412,"{'amenity': 'car_rental', 'brand': 'Avis', 'brand:wikidata': 'Q791136', 'name': 'Avis', 'official_name': 'Avis Car Rental'}",car_rental,,,,,,,,"3rd St/Convention,CTC/Arena,Brooklyn Village","90.67,278.14,371.76"
11093618444,,35.2256637,-80.8406002,"{'access': 'yes', 'amenity': 'bicycle_parking', 'bicycle_parking': 'stands', 'capacity': '4', 'covered': 'partial', 'foot_traffic': 'high', 'indoor': 'no'}",bicycle_parking,,,,,,,,"CTC/Arena,7th Street,3rd St/Convention","102.88,288.48,319.34"
11100885706,,35.2235026,-80.8461081,"{'amenity': 'bicycle_parking', 'bicycle_parking': 'stands', 'capacity': '2', 'covered': 'no'}",bicycle_parking,,,,,,,,"Brooklyn Village,3rd St/Convention,CTC/Arena","246.22,277.64,460.35"
11103367205,,35.223277,-80.8438985,"{'amenity': 'bicycle_parking', 'bicycle_parking': 'stands', 'capacity': '8', 'covered': 'no'}",bicycle_parking,,,,,,,,"3rd St/Convention,CTC/Arena,Brooklyn Village","84.77,297.7,347.0"
11137021105,,35.2261729,-80.8469188,"{'amenity': 'bicycle_parking', 'bicycle_parking': 'stands', 'capacity': '6', 'covered': 'no'}",bicycle_parking,,,,,,,,3rd St/Convention,451.77
11137505105,,35.2242184,-80.8454829,"{'amenity': 'bicycle_parking', 'bicycle_parking': 'stands', 'capacity': '4', 'covered': 'partial'}",bicycle_parking,,,,,,,,"3rd St/Convention,Brooklyn Village,CTC/Arena","230.58,340.55,382.41"
11137505405,,35.2241597,-80.845547,"{'amenity': 'bicycle_parking', 'bicycle_parking': 'stands', 'capacity': '2', 'covered': 'partial'}",bicycle_parking,,,,,,,,"3rd St/Convention,Brooklyn Village,CTC/Arena","234.39,332.29,389.6"
11152109087,,35.2273915,-80.8431881,"{'amenity': 'bicycle_parking', 'bicycle_parking': 'stands', 'capacity': '4', 'covered': 'no'}",bicycle_parking,,,,,,,,"CTC/Arena,3rd St/Convention","311.63,419.53"
11152109088,,35.2274108,-80.8432091,"{'amenity': 'bicycle_parking', 'bicycle_parking': 'stands', 'capacity': '4', 'covered': 'no'}",bicycle_parking,,,,,,,,"CTC/Arena,3rd St/Convention","314.46,421.73"
11152109089,,35.2272931,-80.8433222,"{'amenity': 'bicycle_parking', 'bicycle_parking': 'stands', 'capacity': '4', 'covered': 'no'}",bicycle_parking,,,,,,,,"CTC/Arena,3rd St/Convention","309.17,409.15"
11152109090,,35.2274497,-80.8434927,"{'amenity': 'bicycle_parking', 'bicycle_parking': 'stands', 'capacity': '4', 'covered': 'no'}",bicycle_parking,,,,,,,,"CTC/Arena,3rd St/Convention","332.29,427.64"
11152109091,,35.2275949,-80.8436662,"{'amenity': 'bicycle_parking', 'bicycle_parking': 'stands', 'capacity': '4', 'covered': 'no'}",bicycle_parking,,,,,,,,"CTC/Arena,3rd St/Convention","354.57,445.36"
11152109093,,35.2275939,-80.8434079,"{'amenity': 'bicycle_parking', 'bicycle_parking': 'stands', 'capacity': '2', 'covered': 'no'}",bicycle_parking,,,,,,,,"CTC/Arena,3rd St/Convention","341.28,442.95"
11152216961,,35.2266715,-80.8437108,"{'amenity': 'bicycle_parking', 'bicycle_parking': 'wave', 'capacity': '3', 'covered': 'no'}",bicycle_parking,,,,,,,,"CTC/Arena,3rd St/Convention","281.01,344.65"
11152216962,,35.2266583,-80.843731,"{'amenity': 'bicycle_parking', 'bicycle_parking': 'wave', 'capacity': '3', 'covered': 'no'}",bicycle_parking,,,,,,,,"CTC/Arena,3rd St/Convention","281.43,343.53"
11152216963,,35.2265804,-80.8438388,"{'amenity': 'bicycle_parking', 'bicycle_parking': 'wave', 'capacity': '3', 'covered': 'no'}",bicycle_parking,,,,,,,,"CTC/Arena,3rd St/Convention","283.51,336.96"
11152216964,,35.2265672,-80.843859,"{'amenity': 'bicycle_parking', 'bicycle_parking': 'wave', 'capacity': '3', 'covered': 'no'}",bicycle_parking,,,,,,,,"CTC/Arena,3rd St/Convention","284.06,335.92"
11152216965,,35.2262498,-80.8443212,"{'amenity': 'bicycle_parking', 'bicycle_parking': 'stands', 'capacity': '2'}",bicycle_parking,,,,,,,,"CTC/Arena,3rd St/Convention","300.6,314.45"
11152216966,,35.2263632,-80.8444333,"{'amenity': 'bicycle_parking', 'bicycle_parking': 'stands', 'capacity': '2'}",bicycle_parking,,,,,,,,"CTC/Arena,3rd St/Convention","315.52,329.92"
11152216967,,35.2260899,-80.8445494,"{'amenity': 'bicycle_parking', 'bicycle_parking': 'stands', 'capacity': '2'}",bicycle_parking,,,,,,,,"3rd St/Convention,CTC/Arena","306.61,311.88"
11152216968,,35.2261155,-80.8449039,"{'amenity': 'bicycle_parking', 'bicycle_parking': 'wave', 'capacity': '7', 'covered': 'no'}",bicycle_parking,,,,,,,,"3rd St/Convention,CTC/Arena","324.6,342.86"
11152216969,,35.2257139,-80.8450825,"{'amenity': 'bicycle_parking', 'bicycle_parking': 'stands', 'capacity': '2'}",bicycle_parking,,,,,,,,"3rd St/Convention,CTC/Arena","297.18,345.22"
11152216970,,35.2257042,-80.8451007,{'amenity': 'waste_basket'},waste_basket,,,,,,,,"3rd St/Convention,CTC/Arena","297.37,346.59"
11152216971,,35.225693,-80.8451178,{'amenity': 'waste_basket'},waste_basket,,,,,,,,"3rd St/Convention,CTC/Arena","297.37,347.83"
11152216972,,35.2255275,-80.8453733,"{'amenity': 'bicycle_parking', 'bicycle_parking': 'stands', 'capacity': '2'}",bicycle_parking,,,,,,,,"3rd St/Convention,CTC/Arena","299.23,367.17"
11152216973,,35.2255423,-80.8456286,"{'access': 'yes', 'amenity': 'bicycle_parking', 'bicycle_parking': 'stands', 'capacity': '4', 'covered': 'no'}",bicycle_parking,,,,,,,,"3rd St/Convention,CTC/Arena","317.11,390.38"
11152216975,,35.2253318,-80.8459275,"{'amenity': 'bicycle_parking', 'bicycle_parking': 'stands', 'capacity': '2'}",bicycle_parking,,,,,,,,"3rd St/Convention,CTC/Arena,Brooklyn Village","323.35,414.55,446.75"
11152216976,,35.2251138,-80.8462427,"{'amenity': 'bicycle_parking', 'bicycle_parking': 'stands', 'capacity': '2'}",bicycle_parking,,,,,,,,"3rd St/Convention,Brooklyn Village,CTC/Arena","334.22,417.82,441.78"
11152216977,,35.2248522,-80.8466313,"{'amenity': 'bicycle_parking', 'bicycle_parking': 'stands', 'capacity': '2', 'covered': 'no'}",bicycle_parking,,,,,,,,"3rd St/Convention,Brooklyn Village","352.99,384.99"
11152216978,,35.2247931,-80.8464333,"{'amenity': 'bicycle_parking', 'bicycle_parking': 'stands', 'capacity': '2'}",bicycle_parking,,,,,,,,"3rd St/Convention,Brooklyn Village","333.84,380.21"
11152216979,,35.2247541,-80.8467719,"{'amenity': 'bicycle_parking', 'bicycle_parking': 'stands', 'capacity': '2'}",bicycle_parking,,,,,,,,"3rd St/Convention,Brooklyn Village","360.84,373.39"
11152216980,,35.2246974,-80.8468561,"{'amenity': 'bicycle_parking', 'bicycle_parking': 'stands', 'capacity': '2'}",bicycle_parking,,,,,,,,"3rd St/Convention,Brooklyn Village","365.9,366.87"
11152216981,,35.2244106,-80.8469966,"{'amenity': 'bicycle_parking', 'bicycle_parking': 'stands', 'capacity': '2'}",bicycle_parking,,,,,,,,"Brooklyn Village,3rd St/Convention","335.03,369.08"
11152216982,,35.2244682,-80.8471897,"{'amenity': 'bicycle_parking', 'bicycle_parking': 'stands', 'capacity': '2', 'covered': 'partial'}",bicycle_parking,,,,,,,,"Brooklyn Village,3rd St/Convention","342.13,387.68"
11152216983,,35.2241144,-80.8477149,"{'amenity': 'bicycle_parking', 'bicycle_parking': 'stands', 'capacity': '2'}",bicycle_parking,,,,,,,,"Brooklyn Village,3rd St/Convention","310.26,427.29"
11152216984,,35.2237713,-80.8482098,"{'amenity': 'bicycle_parking', 'bicycle_parking': 'stands', 'capacity': '2'}",bicycle_parking,,,,,,,,"Brooklyn Village,3rd St/Convention","288.26,468.99"
11152216985,,35.2235373,-80.848279,"{'amenity': 'bicycle_parking', 'bicycle_parking': 'stands', 'capacity': '2'}",bicycle_parking,,,,,,,,"Brooklyn Village,3rd St/Convention","267.5,475.01"
11152269313,,35.2269591,-80.8429292,"{'amenity': 'bicycle_parking', 'bicycle_parking': 'wave', 'capacity': '3', 'covered': 'no'}",bicycle_parking,,,,,,,,"CTC/Arena,3rd St/Convention","258.5,371.61"
11152269314,,35.2269735,-80.8429448,{'amenity': 'bench'},bench,,,,,,,,"CTC/Arena,3rd St/Convention","260.61,373.16"
11152269315,,35.2269196,-80.8428864,{'amenity': 'bench'},bench,,,,,,,,"CTC/Arena,3rd St/Convention","252.71,367.38"
11152269316,,35.2268632,-80.8428213,{'amenity': 'bench'},bench,,,,,,,,"CTC/Arena,3rd St/Convention","244.26,361.44"
11152269317,,35.2268339,-80.8427906,{'amenity': 'bench'},bench,,,,,,,,"CTC/Arena,3rd St/Convention,7th Street","240.02,358.37,432.6"
11152269318,,35.2268014,-80.8427498,{'amenity': 'bench'},bench,,,,,,,,"CTC/Arena,3rd St/Convention,7th Street","235.0,355.05,429.29"
11152269319,,35.2267767,-80.8427221,{'amenity': 'bench'},bench,,,,,,,,"CTC/Arena,3rd St/Convention,7th Street","231.34,352.53,427.09"
11152269320,,35.2268862,-80.842583,{'amenity': 'bench'},bench,,,,,,,,"CTC/Arena,3rd St/Convention,7th Street","235.67,365.92,413.25"
11152269321,,35.226948,-80.8426535,{'amenity': 'bench'},bench,,,,,,,,"CTC/Arena,3rd St/Convention,7th Street","244.73,372.03,419.09"
11152269322,,35.2269097,-80.8426112,{'amenity': 'bench'},bench,,,,,,,,"CTC/Arena,3rd St/Convention,7th Street","239.17,368.21,415.58"
11152269323,,35.2270089,-80.8427241,{'amenity': 'bench'},bench,,,,,,,,"CTC/Arena,3rd St/Convention","253.72,378.18"
11152269324,,35.226969,-80.8426807,{'amenity': 'bench'},bench,,,,,,,,"CTC/Arena,3rd St/Convention","247.95,374.11"
11152269325,,35.2268924,-80.8428541,"{'amenity': 'bicycle_parking', 'bicycle_parking': 'wave', 'capacity': '3', 'covered': 'no'}",bicycle_parking,,,,,,,,"CTC/Arena,3rd St/Convention","248.59,364.5"
11152269326,,35.2268521,-80.8428042,"{'amenity': 'bicycle_parking', 'bicycle_parking': 'wave', 'capacity': '3', 'covered': 'no'}",bicycle_parking,,,,,,,,"CTC/Arena,3rd St/Convention,7th Street","242.39,360.3,433.64"
11152269327,,35.2264539,-80.8420893,"{'amenity': 'bicycle_parking', 'bicycle_parking': 'stands', 'capacity': '2', 'covered': 'no'}",bicycle_parking,,,,,,,,"CTC/Arena,3rd St/Convention,7th Street","173.34,327.53,376.38"
11152269328,,35.2248199,-80.8401237,"{'amenity': 'bicycle_parking', 'bicycle_parking': 'wave', 'capacity': '5', 'covered': 'no'}",bicycle_parking,,,,,,,,"CTC/Arena,3rd St/Convention,7th Street","116.95,299.01,325.75"
11152269329,,35.2244413,-80.8400763,"{'amenity': 'bicycle_parking', 'bicycle_parking': 'wave', 'capacity': '5', 'covered': 'no'}",bicycle_parking,,,,,,,,"CTC/Arena,3rd St/Convention,7th Street","134.65,286.75,358.65"
11165982505,,35.2257803,-80.8476478,"{'access': 'yes', 'amenity': 'bicycle_parking', 'bicycle_parking': 'stands', 'capacity': '4', 'covered': 'partial', 'foot_traffic': 'medium'}",bicycle_parking,,,,,,,,3rd St/Convention,481.91
11186613738,,35.2275172,-80.8471038,"{'access': 'yes', 'amenity': 'bicycle_parking', 'bicycle_parking': 'stands', 'capacity': '4', 'covered': 'no', 'foot_traffic': 'medium'}",bicycle_parking,,,,,,,,3rd St/Convention,568.48
11200542437,,35.2204957,-80.8459959,"{'access': 'yes', 'amenity': 'bicycle_parking', 'bicycle_parking': 'stands', 'capacity': '12', 'covered': 'yes', 'foot_traffic': 'low'}",bicycle_parking,,,,,,,,"Brooklyn Village,3rd St/Convention","131.22,436.66"
11200542438,,35.2218124,-80.8465165,"{'access': 'yes', 'amenity': 'bicycle_parking', 'bicycle_parking': 'stands', 'capacity': '10', 'covered': 'partial', 'foot_traffic': 'low'}",bicycle_parking,,,,,,,,"Brooklyn Village,3rd St/Convention","60.66,372.41"
11200544737,,35.221461,-80.8464594,"{'access': 'yes', 'amenity': 'bicycle_parking', 'bicycle_parking': 'stands', 'capacity': '6', 'covered': 'no', 'foot_traffic': 'medium'}",bicycle_parking,,,,,,,,"Brooklyn Village,3rd St/Convention","44.44,390.52"
11203657637,,35.2247118,-80.8407667,"{'access': 'yes', 'amenity': 'bicycle_parking', 'bicycle_parking': 'wave', 'capacity': '5', 'covered': 'yes', 'description': 'Bolts have come loose, unsafe to use', 'foot_traffic': 'high'}",bicycle_parking,,,,,,,,"CTC/Arena,3rd St/Convention","65.11,241.84"
11203661437,,35.2242002,-80.8413544,"{'access': 'yes', 'amenity': 'bicycle_parking', 'bicycle_parking': 'wave', 'capacity': '8', 'covered': 'yes', 'foot_traffic': 'high'}",bicycle_parking,,,,,,,,"CTC/Arena,3rd St/Convention","88.76,168.45"
11208922238,,35.2250945,-80.8433138,"{'access': 'yes', 'amenity': 'bicycle_parking', 'bicycle_parking': 'stands', 'capacity': '8', 'covered': 'no', 'foot_traffic': 'medium', 'indoor': 'no'}",bicycle_parking,,,,,,,,"3rd St/Convention,CTC/Arena","166.24,175.38"
11208933137,,35.2241532,-80.8451672,"{'access': 'yes', 'amenity': 'bicycle_parking', 'bicycle_parking': 'stands', 'capacity': '2', 'covered': 'partial', 'foot_traffic': 'medium', 'indoor': 'no'}",bicycle_parking,,,,,,,,"3rd St/Convention,Brooklyn Village,CTC/Arena","201.0,346.31,356.33"
11208933138,,35.226995,-80.8410938,"{'access': 'yes', 'amenity': 'bicycle_parking', 'bicycle_parking': 'stands', 'capacity': '6', 'covered': 'no', 'foot_traffic': 'medium', 'indoor': 'no'}",bicycle_parking,,,,,,,,"CTC/Arena,7th Street,3rd St/Convention","222.88,277.2,415.86"
11208935637,,35.2249467,-80.8436637,"{'access': 'yes', 'amenity': 'bicycle_parking', 'bicycle_parking': 'stands', 'capacity': '8', 'covered': 'no', 'foot_traffic': 'medium', 'indoor': 'no'}",bicycle_parking,,,,,,,,"3rd St/Convention,CTC/Arena,Brooklyn Village","158.09,206.99,494.45"
11208935638,,35.2269286,-80.8406392,"{'access': 'yes', 'amenity': 'bicycle_parking', 'bicycle_parking': 'stands', 'capacity': '2', 'covered': 'no', 'foot_traffic': 'medium', 'indoor': 'no'}",bicycle_parking,,,,,,,,"CTC/Arena,7th Street,3rd St/Convention","224.53,236.92,428.93"
11225417437,,35.2210153,-80.8419678,"{'access': 'yes', 'amenity': 'bicycle_parking', 'bicycle_parking': 'wave', 'capacity': '20', 'covered': 'no', 'foot_traffic': 'low', 'indoor': 'no'}",bicycle_parking,,,,,,,,"3rd St/Convention,Brooklyn Village","304.44,454.4"
11225418037,,35.2206722,-80.8416355,"{'access': 'yes', 'amenity': 'bicycle_parking', 'bicycle_parking': 'stands', 'capacity': '8', 'covered': 'no', 'foot_traffic': 'low', 'indoor': 'no'}",bicycle_parking,,,,,,,,3rd St/Convention,350.65
11226011119,,35.2259734,-80.8455839,"{'access': 'yes', 'amenity': 'bicycle_parking', 'bicycle_parking': 'stands', 'capacity': '2', 'covered': 'yes'}",bicycle_parking,,,,,,,,"3rd St/Convention,CTC/Arena","348.5,396.62"
11226011120,,35.2260596,-80.8456815,"{'access': 'yes', 'amenity': 'bicycle_parking', 'bicycle_parking': 'stands', 'capacity': '2', 'covered': 'yes'}",bicycle_parking,,,,,,,,"3rd St/Convention,CTC/Arena","361.54,407.83"
11226011121,,35.2261249,-80.8457581,"{'access': 'yes', 'amenity': 'bicycle_parking', 'bicycle_parking': 'stands', 'capacity': '2', 'covered': 'yes'}",bicycle_parking,,,,,,,,"3rd St/Convention,CTC/Arena","371.58,416.62"
11226011122,,35.2263482,-80.8460224,"{'access': 'yes', 'amenity': 'bicycle_parking', 'bicycle_parking': 'stands', 'capacity': '2', 'covered': 'no'}",bicycle_parking,,,,,,,,"3rd St/Convention,CTC/Arena","406.07,447.28"
11226011123,,35.2272293,-80.8470098,"{'access': 'yes', 'amenity': 'bicycle_parking', 'bicycle_parking': 'stands', 'capacity': '6', 'covered': 'no'}",bicycle_parking,,,,,,,,3rd St/Convention,538.8
11226011124,,35.2272669,-80.8470502,"{'access': 'yes', 'amenity': 'bicycle_parking', 'bicycle_parking': 'stands', 'capacity': '6', 'covered': 'no'}",bicycle_parking,,,,,,,,3rd St/Convention,544.36
11272669669,,35.2266539,-80.8404972,"{'access': 'yes', 'amenity': 'bicycle_parking', 'bicycle_parking': 'wave', 'capacity': '3', 'covered': 'no', 'foot_traffic': 'medium', 'indoor': 'no'}",bicycle_parking,,,,,,,,"CTC/Arena,7th Street,3rd St/Convention","200.61,230.5,410.3"
11272670369,,35.2264499,-80.8398991,"{'access': 'yes', 'amenity': 'bicycle_parking', 'bicycle_parking': 'wave', 'capacity': '9', 'covered': 'yes', 'foot_traffic': 'low', 'indoor': 'no'}",bicycle_parking,,,,,,,,"7th Street,CTC/Arena,3rd St/Convention","187.89,210.39,426.53"
11360379000,Mortimer's Cafe & Pub,35.225312,-80.8423109,"{'amenity': 'pub', 'name': ""Mortimer's Cafe & Pub"", 'smoking': 'no'}",pub,,,,,,,,"CTC/Arena,3rd St/Convention,7th Street","90.67,200.69,440.92"
11360379001,Fuji Hibachi & Teriyaki,35.2253941,-80.8424274,"{'amenity': 'restaurant', 'cuisine': 'japanese', 'name': 'Fuji Hibachi & Teriyaki'}",restaurant,,,,,,,,"CTC/Arena,3rd St/Convention,7th Street","104.03,206.06,446.05"
11360379002,STK Charlotte,35.225131,-80.8431687,"{'addr:city': 'Charlotte', 'addr:housenumber': '201', 'addr:postcode': '28202', 'addr:state': 'NC', 'addr:street': 'South College Street', 'amenity': 'restaurant', 'cuisine': 'steak_house', 'name': 'STK Charlotte'}",restaurant,,,,,,,,"CTC/Arena,3rd St/Convention","162.51,168.97"
11360379003,Showmars,35.2246682,-80.8434796,"{'addr:city': 'Charlotte', 'addr:housenumber': '201', 'addr:postcode': '28202', 'addr:state': 'NC', 'addr:street': 'South College Street', 'amenity': 'restaurant', 'cuisine': 'american;greek', 'name': 'Showmars', 'opening_hours': 'Mo-Fr 07:30-15:00'}",restaurant,,,,,,,,"3rd St/Convention,CTC/Arena","123.41,193.68"
11360440680,The Bella Ciao,35.2261055,-80.8443458,"{'amenity': 'restaurant', 'cuisine': 'italian', 'name': 'The Bella Ciao'}",restaurant,,,,,,,,"CTC/Arena,3rd St/Convention","295.6,300.47"
11378555369,,35.2216614,-80.8391546,"{'access': 'yes', 'amenity': 'bicycle_parking', 'bicycle_parking': 'wave', 'capacity': '9', 'covered': 'no', 'foot_traffic': 'medium', 'indoor': 'no'}",bicycle_parking,,,,,,,,"3rd St/Convention,CTC/Arena","415.95,422.46"
11535108406,Uptown Farmers' Market,35.2211386,-80.8417885,"{'addr:city': 'Charlotte', 'addr:housenumber': '300', 'addr:postcode': '28202', 'addr:state': 'NC', 'addr:street': 'South Davidson Street', 'amenity': 'marketplace', 'building': 'tent', 'description': 'Our mission is to engage our neighbors around locally grown, fresh foods to support local farmers, educate on healthy eating, and address food insecurity in our Charlotte community.', 'email': 'info@uptownfarmersmarket.com', 'image': 'https://images.squarespace-cdn.com/content/v1/5db07163c4990258f8f49a04/1619544380664-UW4GZAR9VHM4N5GPIHWH/IMG_0365.jpeg', 'name': ""Uptown Farmers' Market"", 'opening_hours': 'Sa 08:00-12:30', 'phone': '+1 704 369 2143', 'source': 'local knowledge;uptownfarmersmarket.com', 'website': 'https://www.uptownfarmersmarket.com/', 'wheelchair': 'yes'}",marketplace,,,,,,,,"3rd St/Convention,Brooklyn Village","297.5,469.64"
11735127544,,35.2244094,-80.8425091,"{'access': 'yes', 'amenity': 'bicycle_parking', 'bicycle_parking': 'wave', 'capacity': '7', 'covered': 'yes'}",bicycle_parking,,,,,,,,"3rd St/Convention,CTC/Arena","101.85,121.08"
11735127545,,35.2245243,-80.8423591,"{'access': 'yes', 'amenity': 'bicycle_parking', 'bicycle_parking': 'rack', 'covered': 'yes'}",bicycle_parking,,,,,,,,"CTC/Arena,3rd St/Convention","102.76,119.79"
11809533805,Red Ginger,35.2240341,-80.8455323,"{'addr:city': 'Charlotte', 'addr:housenumber': '401', 'addr:postcode': '28202', 'addr:state': 'NC', 'addr:street': 'South Tryon Street', 'addr:unit': 'Suite 130', 'amenity': 'restaurant', 'cuisine': 'japanese', 'name': 'Red Ginger', 'phone': '+1-980-819-8837', 'website': 'https://www.redgingercharlotte.com'}",restaurant,,,,,,,,"3rd St/Convention,Brooklyn Village,CTC/Arena","229.85,319.99,391.88"
11820233869,The Public House,35.2230184,-80.8426739,"{'addr:postcode': '28202', 'amenity': 'pub', 'cuisine': 'american', 'name': 'The Public House', 'phone': '+1-704-595-3091', 'website': 'https://thepublichouseclt.com/'}",pub,,,,,,,,"3rd St/Convention,CTC/Arena,Brooklyn Village","74.42,248.89,428.18"
11889016942,,35.220906,-80.8386492,"{'amenity': 'bicycle_parking', 'bicycle_parking': 'wave', 'capacity': '5'}",bicycle_parking,,,,,,,,3rd St/Convention,501.05
11889016943,,35.2208508,-80.8387241,"{'amenity': 'bicycle_parking', 'bicycle_parking': 'wave', 'capacity': '5'}",bicycle_parking,,,,,,,,3rd St/Convention,499.33
12124200083,,35.2229867,-80.847854,{'amenity': 'parking_entrance'},parking_entrance,,,,,,,,"Brooklyn Village,3rd St/Convention","195.64,441.71"
12162148602,Stage Door Theater,35.227029,-80.8411213,"{'addr:housenumber': '155', 'addr:postcode': '28202', 'amenity': 'theatre', 'name': 'Stage Door Theater', 'outdoor_seating': 'no'}",theatre,,,,,,,,"CTC/Arena,7th Street,3rd St/Convention","226.34,279.38,418.2"
12167520475,,35.222816,-80.8471736,{'amenity': 'parking_entrance'},parking_entrance,,,,,,,,"Brooklyn Village,3rd St/Convention","159.57,384.57"
12167520477,,35.2229906,-80.8469281,{'amenity': 'parking_entrance'},parking_entrance,,,,,,,,"Brooklyn Village,3rd St/Convention","177.51,358.65"
12167520481,,35.2227501,-80.8472663,{'amenity': 'parking_entrance'},parking_entrance,,,,,,,,"Brooklyn Village,3rd St/Convention","153.73,394.49"
12199136463,,35.2236637,-80.8462665,"{'amenity': 'bench', 'backrest': 'yes', 'colour': 'brown', 'material': 'wood'}",bench,,,,,,,,"Brooklyn Village,3rd St/Convention","259.5,291.86"
12199136464,,35.2236433,-80.8462434,"{'amenity': 'bench', 'backrest': 'yes', 'colour': 'brown', 'material': 'wood'}",bench,,,,,,,,"Brooklyn Village,3rd St/Convention","257.81,289.72"
12199136465,,35.2236543,-80.8462788,"{'amenity': 'bench', 'backrest': 'yes', 'colour': 'brown', 'material': 'wood'}",bench,,,,,,,,"Brooklyn Village,3rd St/Convention","258.22,292.96"
12199136466,,35.2236341,-80.8462549,"{'amenity': 'bench', 'backrest': 'yes', 'colour': 'brown', 'material': 'wood'}",bench,,,,,,,,"Brooklyn Village,3rd St/Convention","256.56,290.76"
12199211453,,35.2236311,-80.8468902,"{'amenity': 'bench', 'backrest': 'yes', 'colour': 'brown', 'material': 'wood'}",bench,,,,,,,,"Brooklyn Village,3rd St/Convention","248.58,348.57"
12199211454,,35.223682,-80.8469519,"{'amenity': 'bench', 'backrest': 'yes', 'colour': 'brown', 'material': 'wood'}",bench,,,,,,,,"Brooklyn Village,3rd St/Convention","254.19,354.26"
12277427938,Merchant & Trade,35.2263163,-80.8463119,"{'amenity': 'bar', 'name': 'Merchant & Trade'}",bar,,,,,,,,3rd St/Convention,421.49
12277427941,Angeline's,35.2262593,-80.8462287,"{'amenity': 'restaurant', 'cuisine': 'italian', 'name': ""Angeline's""}",restaurant,,,,,,,,3rd St/Convention,411.67
12277427942,Waterbean Coffee,35.2260041,-80.8459563,"{'amenity': 'cafe', 'cuisine': 'coffee_shop', 'name': 'Waterbean Coffee'}",cafe,,,,,,,,"3rd St/Convention,CTC/Arena","374.12,430.2"
12324536301,,35.2236461,-80.847416,"{'access': 'yes', 'amenity': 'bicycle_parking', 'bicycle_parking': 'stands', 'capacity': '28', 'covered': 'no', 'indoor': 'no'}",bicycle_parking,,,,,,,,"Brooklyn Village,3rd St/Convention","253.92,396.43"
12327860796,,35.2235862,-80.8466625,{'amenity': 'drinking_water'},drinking_water,,,,,,,,"Brooklyn Village,3rd St/Convention","244.87,327.85"
12327860797,,35.2232895,-80.8459154,"{'amenity': 'bench', 'backrest': 'no'}",bench,,,,,,,,"Brooklyn Village,3rd St/Convention","230.37,262.27"
12327860798,,35.2233024,-80.8458949,"{'amenity': 'bench', 'backrest': 'no'}",bench,,,,,,,,"Brooklyn Village,3rd St/Convention","232.44,260.23"
12327899267,,35.2228548,-80.8475747,{'amenity': 'parking_entrance'},parking_entrance,,,,,,,,"Brooklyn Village,3rd St/Convention","172.41,419.3"
12327899301,,35.2232613,-80.8469563,{'amenity': 'waste_basket'},waste_basket,,,,,,,,"Brooklyn Village,3rd St/Convention","207.53,356.68"
12327899302,,35.2233593,-80.8470679,{'amenity': 'waste_basket'},waste_basket,,,,,,,,"Brooklyn Village,3rd St/Convention","218.71,365.79"
12327899303,,35.2232421,-80.8469344,{'amenity': 'bench'},bench,,,,,,,,"Brooklyn Village,3rd St/Convention","205.4,354.94"
12327899304,,35.2232213,-80.8469097,{'amenity': 'bench'},bench,,,,,,,,"Brooklyn Village,3rd St/Convention","203.11,352.98"
12327899305,,35.2232017,-80.8468872,{'amenity': 'bench'},bench,,,,,,,,"Brooklyn Village,3rd St/Convention","200.98,351.22"
12327899306,,35.2231809,-80.8468635,{'amenity': 'bench'},bench,,,,,,,,"Brooklyn Village,3rd St/Convention","198.73,349.39"
12327899307,,35.2233421,-80.847049,{'amenity': 'bench'},bench,,,,,,,,"Brooklyn Village,3rd St/Convention","216.72,364.23"
12327899308,,35.2233209,-80.8470247,{'amenity': 'bench'},bench,,,,,,,,"Brooklyn Village,3rd St/Convention","214.28,362.22"
12327899309,,35.223301,-80.8470026,{'amenity': 'bench'},bench,,,,,,,,"Brooklyn Village,3rd St/Convention","212.01,360.42"
12327899310,,35.2232799,-80.8469794,{'amenity': 'bench'},bench,,,,,,,,"Brooklyn Village,3rd St/Convention","209.62,358.55"
12327899311,,35.2234385,-80.8471622,{'amenity': 'bench'},bench,,,,,,,,"Brooklyn Village,3rd St/Convention","228.08,373.8"
12327899312,,35.2234177,-80.8471375,{'amenity': 'bench'},bench,,,,,,,,"Brooklyn Village,3rd St/Convention","225.59,371.68"
12327899313,,35.2233981,-80.847115,{'amenity': 'bench'},bench,,,,,,,,"Brooklyn Village,3rd St/Convention","223.27,369.76"
12327899314,,35.2233773,-80.8470913,{'amenity': 'bench'},bench,,,,,,,,"Brooklyn Village,3rd St/Convention","220.82,367.77"
12327899315,,35.2234551,-80.8471828,{'amenity': 'waste_basket'},waste_basket,,,,,,,,"Brooklyn Village,3rd St/Convention","230.08,375.58"
12327899316,,35.2230186,-80.8469094,{'amenity': 'waste_basket'},waste_basket,,,,,,,,"Brooklyn Village,3rd St/Convention","180.63,356.39"
12327899317,,35.2229487,-80.8470165,{'amenity': 'waste_basket'},waste_basket,,,,,,,,"Brooklyn Village,3rd St/Convention","173.0,367.45"
12327899318,,35.2228708,-80.8471339,{'amenity': 'waste_basket'},waste_basket,,,,,,,,"Brooklyn Village,3rd St/Convention","165.17,379.69"
12327899319,,35.2228307,-80.8472394,{'amenity': 'waste_basket'},waste_basket,,,,,,,,"Brooklyn Village,3rd St/Convention","162.08,390.04"
12327899320,,35.2228553,-80.8472035,{'amenity': 'waste_basket'},waste_basket,,,,,,,,"Brooklyn Village,3rd St/Convention","164.26,386.25"
12327899328,,35.2235467,-80.8474102,{'amenity': 'waste_basket'},waste_basket,,,,,,,,"Brooklyn Village,3rd St/Convention","242.98,395.94"
12327899329,,35.2235779,-80.8474826,{'amenity': 'waste_basket'},waste_basket,,,,,,,,"Brooklyn Village,3rd St/Convention","247.61,402.49"
12327899330,Milkbread,35.2234777,-80.8478257,"{'addr:city': 'Charlotte', 'addr:housenumber': '525', 'addr:postcode': '28202', 'addr:state': 'NC', 'addr:street': 'South Tryon Street', 'addr:unit': '#100', 'amenity': 'cafe', 'cuisine': 'coffee_shop', 'name': 'Milkbread', 'website': 'https://www.milkbread.com'}",cafe,,,,,,,,"Brooklyn Village,3rd St/Convention","245.16,433.94"
12327899364,,35.2236208,-80.84782,{'amenity': 'waste_basket'},waste_basket,,,,,,,,"Brooklyn Village,3rd St/Convention","260.04,433.18"
12327899365,,35.2235969,-80.8478596,{'amenity': 'waste_basket'},waste_basket,,,,,,,,"Brooklyn Village,3rd St/Convention","258.66,436.78"
12327899374,,35.2239521,-80.847665,{'amenity': 'waste_basket'},waste_basket,,,,,,,,"Brooklyn Village,3rd St/Convention","291.7,420.78"
12327899375,,35.2235156,-80.8483194,{'amenity': 'waste_basket'},waste_basket,,,,,,,,"Brooklyn Village,3rd St/Convention","267.07,478.74"
12421861670,Founders Hall Library,35.2267345,-80.8422318,"{'access': 'yes', 'addr:city': 'Charlotte', 'addr:county': 'Mecklenburg', 'addr:housenumber': '100', 'addr:postcode': '28202', 'addr:state': 'NC', 'addr:street': 'North Tryon Street', 'addr:unit': 'Suite 290', 'amenity': 'library', 'level': '1', 'name': 'Founders Hall Library', 'nat_ref': 'C-MECKLENBURG-FH', 'opening_hours': 'Mo-Fr 08:00-16:00', 'operator': 'Charlotte Mecklenburg Library', 'operator:type': 'public', 'phone': '+1 704-416-0300', 'website': 'https://www.foundershallevents.com/'}",library,,,,,,,,"CTC/Arena,3rd St/Convention,7th Street","207.05,354.61,383.43"
12445662589,,35.2239225,-80.8396062,"{'addr:housenumber': '420', 'addr:street': 'East Trade Street', 'amenity': 'atm', 'check_date': '2026-01-19', 'covered': 'yes', 'currency:USD': 'yes', 'drive_through': 'no', 'indoor': 'yes', 'lit': 'yes', 'note': 'ATM is located inside of Midnight Diner', 'opening_hours': '24/7', 'wheelchair': 'yes'}",atm,,,,,,,,"CTC/Arena,3rd St/Convention,7th Street","201.57,316.21,391.83"
12498871620,,35.2202826,-80.8462289,{'amenity': 'parking_entrance'},parking_entrance,,,,,,,,"Brooklyn Village,3rd St/Convention","138.82,468.33"
12498871623,,35.22034,-80.8459181,{'amenity': 'parking_entrance'},parking_entrance,,,,,,,,"Brooklyn Village,3rd St/Convention","149.02,446.28"
12499185801,,35.2252174,-80.8401552,"{'access': 'yes', 'amenity': 'bicycle_parking', 'bicycle_parking': 'stands', 'capacity': '2', 'covered': 'no', 'indoor': 'no'}",bicycle_parking,,,,,,,,"CTC/Arena,7th Street,3rd St/Convention","114.93,292.71,318.83"
12499185901,,35.2251276,-80.8401432,"{'access': 'yes', 'amenity': 'bicycle_parking', 'bicycle_parking': 'stands', 'capacity': '2', 'covered': 'no', 'indoor': 'no'}",bicycle_parking,,,,,,,,"CTC/Arena,7th Street,3rd St/Convention","114.34,299.64,314.3"
12513704283,,35.2217699,-80.8463688,{'amenity': 'parking_entrance'},parking_entrance,,,,,,,,"Brooklyn Village,3rd St/Convention","66.91,363.75"
12513704297,,35.2216536,-80.8465945,"{'amenity': 'waste_basket', 'level': '1'}",waste_basket,,,,,,,,"Brooklyn Village,3rd St/Convention","42.93,387.99"
12513705111,,35.2215382,-80.8466158,{'amenity': 'parking_entrance'},parking_entrance,,,,,,,,"Brooklyn Village,3rd St/Convention","33.77,396.87"
12513705116,,35.2213695,-80.8464554,"{'access': 'yes', 'amenity': 'bicycle_parking', 'bicycle_parking': 'stands', 'capacity': '4', 'covered': 'no'}",bicycle_parking,,,,,,,,"Brooklyn Village,3rd St/Convention","44.16,396.51"
12513705117,,35.2213574,-80.8464172,{'amenity': 'waste_basket'},waste_basket,,,,,,,,"Brooklyn Village,3rd St/Convention","47.71,394.65"
12513705188,Caroline's Oyster Bar,35.2227605,-80.8479514,"{'amenity': 'restaurant', 'cuisine': 'seafood', 'name': ""Caroline's Oyster Bar""}",restaurant,,,,,,,,"Brooklyn Village,3rd St/Convention","177.69,454.99"
12513705189,Dean's Italian Steakhouse,35.2225878,-80.8477666,"{'amenity': 'restaurant', 'cuisine': 'steak_house', 'name': ""Dean's Italian Steakhouse""}",restaurant,,,,,,,,"Brooklyn Village,3rd St/Convention","152.66,443.07"
12513705208,,35.2223637,-80.8474007,"{'amenity': 'recycling', 'recycling_type': 'container'}",recycling,,,,,,,,"Brooklyn Village,3rd St/Convention","115.84,418.5"
12513705209,,35.2223496,-80.8473822,{'amenity': 'waste_basket'},waste_basket,,,,,,,,"Brooklyn Village,3rd St/Convention","113.77,417.43"
12513705214,,35.2212798,-80.8463048,"{'amenity': 'bicycle_parking', 'bicycle_parking': 'stands', 'capacity': '6', 'covered': 'yes'}",bicycle_parking,,,,,,,,"Brooklyn Village,3rd St/Convention","59.08,392.4"
12513705221,,35.2204204,-80.8459297,"{'access': 'yes', 'amenity': 'bicycle_parking', 'bicycle_parking': 'stands', 'capacity': '12', 'covered': 'yes', 'foot_traffic': 'low'}",bicycle_parking,,,,,,,,"Brooklyn Village,3rd St/Convention","141.48,439.69"
12513705222,,35.2200977,-80.8457881,{'amenity': 'bench'},bench,,,,,,,,"Brooklyn Village,3rd St/Convention","177.56,461.91"
12513705223,,35.2200838,-80.8457971,{'amenity': 'bench'},bench,,,,,,,,"Brooklyn Village,3rd St/Convention","178.33,463.65"
12513705224,,35.2200748,-80.8458229,{'amenity': 'waste_basket'},waste_basket,,,,,,,,"Brooklyn Village,3rd St/Convention","177.79,465.76"
12513705308,,35.2207422,-80.8436706,{'amenity': 'waste_basket'},waste_basket,,,,,,,,"Brooklyn Village,3rd St/Convention","306.08,322.86"
12513705309,,35.2213722,-80.8428629,{'amenity': 'waste_basket'},waste_basket,,,,,,,,"3rd St/Convention,Brooklyn Village","248.82,371.04"
12513705310,,35.2213244,-80.8429539,"{'amenity': 'bench', 'backrest': 'no'}",bench,,,,,,,,"3rd St/Convention,Brooklyn Village","253.66,362.83"
12513705311,,35.2213792,-80.8429495,"{'amenity': 'bench', 'backrest': 'no'}",bench,,,,,,,,"3rd St/Convention,Brooklyn Village","247.6,363.16"
12513705312,,35.2214071,-80.8429123,"{'amenity': 'bench', 'backrest': 'no'}",bench,,,,,,,,"3rd St/Convention,Brooklyn Village","244.67,366.55"
12513705313,,35.2214415,-80.8429417,"{'amenity': 'bench', 'backrest': 'no'}",bench,,,,,,,,"3rd St/Convention,Brooklyn Village","240.73,363.91"
12513705314,,35.2214142,-80.8429816,"{'amenity': 'bench', 'backrest': 'no'}",bench,,,,,,,,"3rd St/Convention,Brooklyn Village","243.62,360.25"
12513705315,,35.2214766,-80.8429714,"{'amenity': 'bench', 'backrest': 'no'}",bench,,,,,,,,"3rd St/Convention,Brooklyn Village","236.73,361.29"
12513705316,,35.2215059,-80.8430079,"{'amenity': 'bench', 'backrest': 'no'}",bench,,,,,,,,"3rd St/Convention,Brooklyn Village","233.39,358.07"
12513705317,,35.2215643,-80.8430191,"{'amenity': 'bench', 'backrest': 'no'}",bench,,,,,,,,"3rd St/Convention,Brooklyn Village","226.9,357.35"
12513705318,,35.2216207,-80.84303,{'amenity': 'waste_basket'},waste_basket,,,,,,,,"3rd St/Convention,Brooklyn Village,CTC/Arena","220.63,356.75,403.39"
12513705319,,35.2216254,-80.8436692,{'amenity': 'waste_basket'},waste_basket,,,,,,,,,
12861779392,Sweetgreen,35.2274448,-80.8430586,"{'amenity': 'fast_food', 'brand': 'Sweetgreen', 'brand:wikidata': 'Q18636413', 'cuisine': 'salad', 'name': 'Sweetgreen', 'takeaway': 'yes'}",fast_food,,,,,,,,"CTC/Arena,3rd St/Convention","310.75,425.28"
12945631870,,35.2273055,-80.8436789,"{'amenity': 'bench', 'armrest': 'yes', 'backrest': 'yes', 'material': 'wood'}",bench,,,,,,,,"CTC/Arena,3rd St/Convention","329.78,413.68"
12945631871,,35.2272998,-80.8437,"{'amenity': 'bench', 'armrest': 'yes', 'backrest': 'yes', 'material': 'wood'}",bench,,,,,,,,"CTC/Arena,3rd St/Convention","330.51,413.32"
12945631872,,35.2271691,-80.8435997,"{'amenity': 'bench', 'armrest': 'yes', 'backrest': 'yes', 'material': 'wood'}",bench,,,,,,,,"CTC/Arena,3rd St/Convention","313.53,397.75"
12945631874,,35.2272636,-80.8434692,"{'amenity': 'bench', 'armrest': 'yes', 'backrest': 'yes', 'material': 'wood'}",bench,,,,,,,,"CTC/Arena,3rd St/Convention","314.35,406.89"
12945631876,,35.2271709,-80.8436161,"{'amenity': 'bench', 'armrest': 'yes', 'backrest': 'yes', 'material': 'wood'}",bench,,,,,,,,"CTC/Arena,3rd St/Convention","314.64,398.14"
12948708694,,35.2273063,-80.8435696,{'amenity': 'bench'},bench,,,,,,,,"CTC/Arena,3rd St/Convention","323.66,412.54"
12963151031,Grace Zion Church,35.2232018,-80.8417435,"{'amenity': 'place_of_worship', 'name': 'Grace Zion Church', 'religion': 'christian'}",place_of_worship,,,,,,,,"3rd St/Convention,CTC/Arena,Brooklyn Village","128.07,202.0,513.82"
12965459603,,35.2218954,-80.8396228,"{'access': 'yes', 'amenity': 'bicycle_parking', 'bicycle_parking': 'stands', 'capacity': '4', 'covered': 'no', 'indoor': 'no'}",bicycle_parking,,,,,,,,"3rd St/Convention,CTC/Arena","366.06,380.01"
12985837801,Mimosa Grill,35.2246374,-80.8455653,"{'addr:housenumber': '327', 'addr:postcode': '28203', 'addr:street': 'South Tryon Street', 'amenity': 'restaurant', 'cuisine': 'american', 'internet_access': 'wlan', 'level': '0', 'name': 'Mimosa Grill', 'opening_hours': 'Mo-Sa 11:30-21:00; Su 10:30-14:00', 'website': 'https://mimosagrill.com/'}",restaurant,,,,,,,,"3rd St/Convention,Brooklyn Village","254.87,381.25"
13036336279,Pie In The Sky Pizza,35.2257338,-80.8464968,"{'amenity': 'fast_food', 'cuisine': 'pizza', 'name': 'Pie In The Sky Pizza'}",fast_food,,,,,,,,3rd St/Convention,391.52
13036336280,Queen City Bites & Crafts,35.2257418,-80.8466688,"{'amenity': 'bar', 'name': 'Queen City Bites & Crafts'}",bar,,,,,,,,3rd St/Convention,404.65
13107735343,Halal Food Cart,35.2272259,-80.8428838,"{'amenity': 'restaurant', 'cuisine': 'mediterranean', 'name': 'Halal Food Cart', 'opening_hours': 'Mo-Su 10:00-03:00', 'phone': '+1-516-884-2818'}",restaurant,,,,,,,,"CTC/Arena,3rd St/Convention","281.81,401.33"
13230735737,,35.2274747,-80.8432606,{'amenity': 'waste_basket'},waste_basket,,,,,,,,"CTC/Arena,3rd St/Convention","322.95,428.99"
13230735743,,35.227623,-80.8434444,{'amenity': 'bench'},bench,,,,,,,,"CTC/Arena,3rd St/Convention","345.79,446.42"
13230735744,,35.2276473,-80.8434715,{'amenity': 'bench'},bench,,,,,,,,"CTC/Arena,3rd St/Convention","349.39,449.3"
13230735747,,35.2276828,-80.8435163,{'amenity': 'waste_basket'},waste_basket,,,,,,,,"CTC/Arena,3rd St/Convention","354.91,453.58"
13230735763,,35.2278414,-80.8437099,{'amenity': 'waste_basket'},waste_basket,,,,,,,,"CTC/Arena,3rd St/Convention","379.29,472.98"
13230735764,,35.2278281,-80.843694,{'amenity': 'waste_basket'},waste_basket,,,,,,,,"CTC/Arena,3rd St/Convention","377.26,471.33"
13231371886,,35.2273502,-80.8433968,{'amenity': 'waste_basket'},waste_basket,,,,,,,,"CTC/Arena,3rd St/Convention","318.25,415.92"
13231371889,,35.2272805,-80.8433086,{'amenity': 'waste_basket'},waste_basket,,,,,,,,"CTC/Arena,3rd St/Convention","307.32,407.69"
13231371893,,35.2275426,-80.843613,{'amenity': 'bench'},bench,,,,,,,,"CTC/Arena,3rd St/Convention","347.03,439.02"
13231371897,,35.2277243,-80.8438162,{'amenity': 'waste_basket'},waste_basket,,,,,,,,"CTC/Arena,3rd St/Convention","374.2,461.44"
13231416224,,35.2265365,-80.8441945,"{'amenity': 'recycling', 'recycling_type': 'container'}",recycling,,,,,,,,"CTC/Arena,3rd St/Convention","306.87,340.58"
13231416225,,35.2265531,-80.8441713,{'amenity': 'waste_basket'},waste_basket,,,,,,,,"CTC/Arena,3rd St/Convention","306.15,341.7"
13231416227,,35.2265942,-80.8441138,{'amenity': 'telephone'},telephone,,,,,,,,"CTC/Arena,3rd St/Convention","304.46,344.56"
13233666028,Que Fresca Taqueria,35.2229194,-80.8471179,"{'amenity': 'restaurant', 'cuisine': 'mexican', 'name': 'Que Fresca Taqueria'}",restaurant,,,,,,,,"Brooklyn Village,3rd St/Convention","170.38,377.14"
13240558938,ACE No. 3,35.2266363,-80.8435395,"{'addr:city': 'Charlotte', 'addr:housenumber': '101', 'addr:postcode': '28280', 'addr:state': 'NC', 'addr:street': 'South Tryon Street', 'amenity': 'fast_food', 'cuisine': 'burger', 'name': 'ACE No. 3'}",fast_food,,,,,,,,"CTC/Arena,3rd St/Convention","266.82,338.44"
13316712069,Uptown Park&Wash,35.2232716,-80.8433355,"{'addr:city': 'Charlotte', 'addr:housenumber': '227', 'addr:postcode': '28202', 'addr:state': 'NC', 'addr:street': 'East 3rd Street', 'amenity': 'car_wash', 'check_date': '2025-11-19', 'currency:XBT': 'yes', 'name': 'Uptown Park&Wash', 'opening_hours': 'Mo-Fr 08:00-17:00; Sa-Su 08:00-12:00', 'payment:lightning': 'yes', 'payment:lightning:operator': 'square', 'payment:lightning_contactless': 'no', 'payment:onchain': 'no'}",car_wash,,,,,,,,"3rd St/Convention,CTC/Arena,Brooklyn Village","45.13,260.93,388.77"
13328798501,,35.2255597,-80.8469845,"{'access': 'yes', 'amenity': 'bicycle_parking', 'bicycle_parking': 'wave', 'capacity': '7', 'covered': 'yes', 'indoor': 'no'}",bicycle_parking,,,,,,,,"3rd St/Convention,Brooklyn Village","417.49,462.44"
13457125329,,35.223481,-80.8435512,{'amenity': 'waste_basket'},waste_basket,,,,,,,,"3rd St/Convention,CTC/Arena,Brooklyn Village","46.93,258.96,385.85"
13457125331,,35.2234621,-80.8435844,{'amenity': 'waste_basket'},waste_basket,,,,,,,,"3rd St/Convention,CTC/Arena,Brooklyn Village","50.46,262.62,382.18"
13457166631,Night Swim Coffee,35.2242077,-80.844575,"{'amenity': 'cafe', 'cuisine': 'coffee_shop', 'level': '1', 'name': 'Night Swim Coffee'}",cafe,,,,,,,,"3rd St/Convention,CTC/Arena,Brooklyn Village","152.98,302.87,379.43"
13457166632,Smoothie King,35.2241715,-80.8446711,"{'amenity': 'fast_food', 'brand': 'Smoothie King', 'brand:wikidata': 'Q5491421', 'cuisine': 'juice', 'level': '1', 'name': 'Smoothie King', 'takeaway': 'yes'}",fast_food,,,,,,,,"3rd St/Convention,CTC/Arena,Brooklyn Village","159.29,312.4,371.2"
13457166648,Krazy Curry Express,35.2257792,-80.843165,"{'amenity': 'restaurant', 'cuisine': 'indian', 'level': '0', 'name': 'Krazy Curry Express'}",restaurant,,,,,,,,"CTC/Arena,3rd St/Convention","183.19,240.76"
13457166649,Just Fresh,35.2258399,-80.8430735,"{'amenity': 'restaurant', 'cuisine': 'juice;salad;soup;sandwich;breakfast', 'level': '0', 'name': 'Just Fresh'}",restaurant,,,,,,,,"CTC/Arena,3rd St/Convention","179.29,247.3"
13457166652,Energy Cafe,35.2260525,-80.8428241,"{'amenity': 'fast_food', 'cuisine': 'sandwich', 'name': 'Energy Cafe'}",fast_food,,,,,,,,"CTC/Arena,3rd St/Convention","175.09,271.72"
13457166666,USPS,35.226797,-80.8420988,"{'amenity': 'post_office', 'level': '1', 'name': 'USPS', 'operator': 'United States Postal Service', 'operator:short': 'USPS', 'operator:type': 'public', 'operator:wikidata': 'Q668687'}",post_office,,,,,,,,"CTC/Arena,3rd St/Convention,7th Street","209.47,364.1,370.51"
13457166669,,35.2265722,-80.8422237,{'amenity': 'bench'},bench,,,,,,,,"CTC/Arena,3rd St/Convention,7th Street","190.15,337.21,385.64"
13457166670,,35.2264236,-80.8420509,"{'amenity': 'recycling', 'recycling_type': 'container'}",recycling,,,,,,,,"CTC/Arena,3rd St/Convention,7th Street","168.95,325.26,373.75"
13457166671,,35.226414,-80.8420391,{'amenity': 'waste_basket'},waste_basket,,,,,,,,"CTC/Arena,3rd St/Convention,7th Street","167.57,324.55,372.97"
13457166672,,35.2268023,-80.8424831,{'amenity': 'waste_basket'},waste_basket,,,,,,,,"CTC/Arena,3rd St/Convention,7th Street","223.26,357.9,405.16"
13457166673,,35.2268574,-80.842547,"{'amenity': 'recycling', 'recycling_type': 'container'}",recycling,,,,,,,,"CTC/Arena,3rd St/Convention,7th Street","231.34,363.15,410.29"
48908467,Charlotte Transportation Center,35.2244978,-80.8410525,"{'amenity': 'bus_station', 'building': 'yes', 'bus': 'yes', 'height': '30', 'name': 'Charlotte Transportation Center', 'operator': 'Charlotte Area Transit System', 'public_transport': 'station'}",bus_station,,,,,station,,,"CTC/Arena,3rd St/Convention","63.6,207.53"
90480715,AutoPark,35.2274639,-80.846002,"{'access': 'yes', 'amenity': 'parking', 'building': 'yes', 'capacity': '690', 'fee': 'yes', 'name': 'AutoPark', 'operator': 'LAZ Parking', 'parking': 'multi-storey', 'surface': 'concrete'}",parking,,,,,,,,,
90480718,First Citizens Bank Plaza Parking Garage,35.2268665,-80.8453405,"{'access': 'yes', 'amenity': 'parking', 'building': 'parking', 'capacity': '697', 'fee': 'yes', 'height': '24', 'name': 'First Citizens Bank Plaza Parking Garage', 'operator': 'Preffered Parking', 'parking': 'multi-storey', 'source': 'Bing', 'surface': 'concrete'}",parking,,,,,,,,,
90480727,Two Thirty South Tryon Parking,35.2265572,-80.8457673,"{'access': 'yes', 'amenity': 'parking', 'building': 'yes', 'capacity:disabled': '670', 'fee': 'yes', 'height': '24', 'name': 'Two Thirty South Tryon Parking', 'operator': 'Spectrum Parking', 'parking': 'multi-storey', 'source': 'Bing', 'surface': 'concrete'}",parking,,,,,,,,,
131139730,Federal Reserve Bank,35.2228239,-80.8390124,"{'addr:city': 'Charlotte', 'addr:housenumber': '530', 'addr:postcode': '28202', 'addr:state': 'NC', 'addr:street': 'East Trade Street', 'amenity': 'bank', 'atm': 'no', 'building': 'office', 'drive_through': 'no', 'government': 'yes', 'height': '36', 'name': 'Federal Reserve Bank', 'operator': 'United States of America', 'website': 'https://www.richmondfed.org/about_us/visit_us/locations/charlotte', 'wikidata': 'Q5440387'}",bank,,,,,,,,,
174171799,Lot #406,35.2238588,-80.8402171,"{'addr:city': 'Charlotte', 'addr:housenumber': '406', 'addr:postcode': '28202', 'addr:state': 'NC', 'addr:street': 'East 4th Street', 'amenity': 'parking', 'fee': 'yes', 'name': 'Lot #406', 'operator': 'Preferred Parking', 'parking': 'surface', 'surface': 'asphalt'}",parking,,,,,,,,"CTC/Arena,3rd St/Convention,7th Street","165.56,260.18,421.29"
174171808,Lot #402,35.2231215,-80.8412855,"{'addr:city': 'Charlotte', 'addr:housenumber': '402', 'addr:postcode': '28202', 'addr:state': 'NC', 'addr:street': 'East 4th Street', 'amenity': 'parking', 'fee': 'yes', 'name': 'Lot #402', 'operator': 'Preferred Parking', 'parking': 'surface', 'surface': 'asphalt'}",parking,,,,,,,,"3rd St/Convention,CTC/Arena","170.33,208.54"
174301661,Lot #501,35.2199217,-80.843385,"{'addr:city': 'Charlotte', 'addr:housenumber': '501', 'addr:postcode': '28202', 'addr:state': 'NC', 'addr:street': 'South Caldwell Street', 'amenity': 'parking', 'fee': 'yes', 'name': 'Lot #501', 'operator': 'E-Z Parking', 'parking': 'surface', 'surface': 'asphalt'}",parking,,,,,,,,,
239813217,Charlotte Convention Center,35.2220913,-80.84533,"{'addr:state': 'NC', 'amenity': 'conference_centre', 'building': 'yes', 'ele': '227', 'gnis:feature_id': '2025493', 'height': '23', 'layer': '1', 'name': 'Charlotte Convention Center', 'source': 'USGS Geonames', 'wikidata': 'Q5085885'}",conference_centre,,,,,,,,"Brooklyn Village,3rd St/Convention","165.88,266.54"
322277873,,35.2231595,-80.8395432,"{'amenity': 'parking', 'building': 'yes', 'height': '15', 'parking': 'multi-storey', 'supervised': 'yes', 'surface': 'concrete'}",parking,,,,,,,,"CTC/Arena,3rd St/Convention,7th Street","264.4,323.92,470.1"
322278588,,35.2221857,-80.8403326,"{'amenity': 'parking', 'building': 'yes', 'height': '35', 'parking': 'multi-storey'}",parking,,,,,,,,,
322992980,,35.2199848,-80.8404164,{'amenity': 'parking'},parking,,,,,,,,3rd St/Convention,468.52
322993000,,35.2189656,-80.8397936,{'amenity': 'parking'},parking,,,,,,,,,
322993005,,35.2222676,-80.8386072,{'amenity': 'parking'},parking,,,,,,,,"CTC/Arena,3rd St/Convention","394.91,431.7"
322993007,501 East Trade Street,35.2237257,-80.8379504,"{'access': 'permit', 'addr:city': 'Charlotte', 'addr:housenumber': '500', 'addr:postcode': '28202', 'addr:state': 'NC', 'addr:street': 'East Trade Street', 'amenity': 'parking', 'fee': 'yes', 'name': '501 East Trade Street', 'parking': 'surface', 'surface': 'gravel'}",parking,,,,,,,,"CTC/Arena,7th Street","343.43,387.65"
322993022,,35.2230771,-80.8434573,{'amenity': 'parking'},parking,,,,,,,,"3rd St/Convention,CTC/Arena,Brooklyn Village","69.28,284.37,368.05"
341587198,Bank of America,35.2273123,-80.8422252,"{'addr:city': 'Charlotte', 'addr:housenumber': '100', 'addr:postcode': '28202', 'addr:state': 'NC', 'addr:street': 'North Tryon Street', 'amenity': 'bank', 'branch': 'Financial Center', 'brand': 'Bank of America', 'brand:wikidata': 'Q487907', 'building': 'yes', 'building:levels': '88', 'check_date': '2021-04-21', 'height': '265', 'name': 'Bank of America', 'name:en': 'Bank of America Corporate Center', 'operator': 'Bank of America', 'website': 'https://locators.bankofamerica.com/nc/charlotte/financial-centers-charlotte-16702.html', 'wikidata': 'Q586913', 'wikipedia': 'en:Bank of America Corporate Center'}",bank,,,,,,,,,
380093862,Mecklenburg County Sherrif's,35.2207331,-80.838583,"{'amenity': 'police', 'building': 'yes', 'height': ""19'"", 'name': ""Mecklenburg County Sherrif's""}",police,,,,,,,,3rd St/Convention,517.48
394430321,,35.226025,-80.8406521,"{'amenity': 'parking', 'building': 'yes', 'height': '28', 'parking': 'multi-storey'}",parking,,,,,,,,"CTC/Arena,7th Street,3rd St/Convention","132.03,270.56,346.04"
469145609,Child’s Play Fountain,35.2251383,-80.8457091,"{'amenity': 'fountain', 'name': 'Child’s Play Fountain'}",fountain,,,,,,,,"3rd St/Convention,CTC/Arena,Brooklyn Village","294.69,393.34,430.52"
500195164,St. Peter's Catholic Church,35.2238291,-80.84731,"{'addr:city': 'Charlotte', 'addr:housenumber': '507', 'addr:postcode': '28202', 'addr:state': 'NC', 'addr:street': 'South Tryon Street', 'amenity': 'place_of_worship', 'building': 'yes', 'denomination': 'catholic', 'height': '23', 'name': ""St. Peter's Catholic Church"", 'religion': 'christian', 'wikidata': 'Q7591308', 'wikipedia': ""en:St. Peter's Catholic Church (Charlotte, North Carolina)""}",place_of_worship,,,,,,,,"Brooklyn Village,3rd St/Convention","272.59,387.52"
500204486,Charlotte Plaza Parking,35.2246401,-80.8426857,"{'access': 'yes', 'addr:city': 'Charlotte', 'addr:housenumber': '306', 'addr:postcode': '28202', 'addr:state': 'NC', 'addr:street': 'East 4th Street', 'alt_name': 'SP Plus', 'amenity': 'parking', 'brand': 'SP+', 'brand:wikidata': 'Q7598289', 'building': 'yes', 'capacity': '980', 'fee': 'yes', 'height': '36', 'name': 'Charlotte Plaza Parking', 'operator': 'SP+', 'operator:type': 'private', 'operator:wikidata': 'Q7598289', 'parking': 'multi-storey', 'surface': 'concrete'}",parking,,,,,,,,,
500997294,,35.227313,-80.8446753,"{'access': 'yes', 'amenity': 'parking', 'building': 'parking', 'fee': 'yes', 'height': '21', 'operator': 'Preferred Parking', 'parking': 'multi-storey', 'surface': 'concrete'}",parking,,,,,,,,,
500997296,Ruth's Chris Steak House,35.2261894,-80.8451826,"{'addr:city': 'Charlotte', 'addr:housenumber': '222', 'addr:postcode': '28202', 'addr:state': 'NC', 'addr:street': 'South Tryon Street', 'amenity': 'restaurant', 'brand': ""Ruth's Chris Steak House"", 'brand:wikidata': 'Q7382829', 'building': 'yes', 'cuisine': 'american;steak_house', 'height': '20', 'name': ""Ruth's Chris Steak House""}",restaurant,,,,,,,,"3rd St/Convention,CTC/Arena","345.17,369.48"
502718738,Belk Theater at Blumenthal Performing Arts Center,35.227317,-80.8415145,"{'addr:city': 'Charlotte', 'addr:housenumber': '130', 'addr:postcode': '28202', 'addr:state': 'NC', 'addr:street': 'North Tryon Street', 'amenity': 'theatre', 'building': 'yes', 'height': '30', 'name': 'Belk Theater at Blumenthal Performing Arts Center', 'wikidata': 'Q7054435'}",theatre,,,,,,,,"CTC/Arena,7th Street","257.21,314.54"
513106099,Lot #125,35.2238487,-80.8406868,"{'addr:city': 'Charlotte', 'addr:housenumber': '125', 'addr:postcode': '28202', 'addr:state': 'NC', 'addr:street': 'South Brevard Street', 'amenity': 'parking', 'fee': 'yes', 'name': 'Lot #125', 'operator': 'Preferred Parking', 'parking': 'surface', 'surface': 'asphalt'}",parking,,,,,,,,"CTC/Arena,3rd St/Convention","142.82,217.58"
513106103,Lot #415S,35.2234748,-80.8402947,"{'addr:city': 'Charlotte', 'addr:housenumber': '415', 'addr:postcode': '28202', 'addr:state': 'NC', 'addr:street': 'East 4th Street', 'amenity': 'parking', 'fee': 'yes', 'name': 'Lot #415S', 'operator': 'Preferred Parking', 'parking': 'surface', 'surface': 'asphalt'}",parking,,,,,,,,"CTC/Arena,3rd St/Convention,7th Street","196.33,252.1,462.46"
513106106,Lot #426,35.2235465,-80.8398452,"{'addr:city': 'Charlotte', 'addr:housenumber': '426', 'addr:postcode': '28202', 'addr:state': 'NC', 'addr:street': 'East Trade Street', 'amenity': 'parking', 'fee': 'yes', 'name': 'Lot #426', 'operator': 'Peferred Parking', 'parking': 'surface', 'surface': 'asphalt'}",parking,,,,,,,,"CTC/Arena,3rd St/Convention,7th Street","213.88,292.64,438.59"
513106116,Lot #228S,35.2268949,-80.8465523,"{'addr:city': 'Charlotte', 'addr:housenumber': '228', 'addr:postcode': '28202', 'addr:state': 'NC', 'addr:street': 'South Church Street', 'amenity': 'parking', 'fee': 'yes', 'name': 'Lot #228S', 'operator': 'Preferred Parking', 'parking': 'surface', 'surface': 'asphalt'}",parking,,,,,,,,3rd St/Convention,483.44
513106123,Lot #208,35.2280391,-80.8470437,"{'access': 'yes', 'addr:city': 'Charlotte', 'addr:housenumber': '208', 'addr:postcode': '28202', 'addr:state': 'NC', 'addr:street': 'South Poplar Street', 'amenity': 'parking', 'fee': 'yes', 'name': 'Lot #208', 'operator': 'Preferred Parking', 'operator:type': 'private', 'parking': 'surface'}",parking,,,,,,,,,
672780369,,35.2244231,-80.8398149,"{'amenity': 'shelter', 'building': 'yes'}",shelter,,,,,,,,"CTC/Arena,3rd St/Convention,7th Street","156.97,308.77,348.87"
672780370,,35.2247522,-80.8402018,"{'amenity': 'shelter', 'building': 'yes'}",shelter,,,,,,,,"CTC/Arena,3rd St/Convention,7th Street","111.57,289.31,335.99"
695677598,,35.2203755,-80.8427111,"{'amenity': 'parking', 'building': 'yes', 'building:levels': '14', 'parking': 'multi-storey'}",parking,,,,,,,,,
695677599,,35.2205203,-80.8428153,"{'access': 'customers', 'amenity': 'parking', 'building': 'parking', 'building:levels': '5', 'fee': 'yes', 'parking': 'multi-storey'}",parking,,,,,,,,,
695677601,,35.2202368,-80.8425723,"{'access': 'customers', 'amenity': 'parking', 'building': 'parking', 'building:levels': '5', 'fee': 'yes', 'parking': 'multi-storey'}",parking,,,,,,,,"3rd St/Convention,Brooklyn Village","376.71,417.55"
766639183,Prefered Parking,35.2212678,-80.8415254,"{'access': 'yes', 'addr:city': 'Charlotte', 'addr:housenumber': '300', 'addr:postcode': '28202', 'addr:state': 'NC', 'addr:street': 'South Davidson Street', 'amenity': 'parking', 'fee': 'yes', 'maxstay': '12 hours', 'name': 'Prefered Parking', 'operator:type': 'private', 'parking': 'surface', 'surface': 'asphalt'}",parking,,,,,,,,"3rd St/Convention,Brooklyn Village","294.91,492.94"
861275830,,35.2269575,-80.8474733,"{'amenity': 'toilets', 'building': 'yes'}",toilets,,,,,,,,3rd St/Convention,546.91
861275835,,35.2266434,-80.8476012,"{'amenity': 'fountain', 'natural': 'water'}",fountain,,,,,,,,3rd St/Convention,532.87
906005901,,35.2262351,-80.8473036,"{'amenity': 'shelter', 'building': 'yes', 'weather_protection': 'pergola'}",shelter,,,,,,,,3rd St/Convention,483.62
906005902,,35.2262376,-80.8474853,"{'amenity': 'shelter', 'building': 'yes', 'weather_protection': 'pergola'}",shelter,,,,,,,,3rd St/Convention,497.08
906005908,,35.2269962,-80.847448,"{'amenity': 'shelter', 'building': 'yes', 'weather_protection': 'pergola'}",shelter,,,,,,,,3rd St/Convention,548.16
906005930,,35.2266451,-80.8476256,"{'amenity': 'fountain', 'fountain': 'splash_pad', 'natural': 'water'}",fountain,,,,,,,,3rd St/Convention,534.71
909453943,,35.2270117,-80.8426192,"{'amenity': 'fountain', 'natural': 'water', 'water': 'yes'}",fountain,,,,,,,,"CTC/Arena,3rd St/Convention","249.57,379.38"
909609280,,35.2277988,-80.8453218,{'amenity': 'parking'},parking,,,,,,,,CTC/Arena,473.66
985168239,,35.2275763,-80.8441126,"{'addr:city': 'Charlotte', 'addr:housenumber': '123', 'addr:postcode': '28202', 'addr:state': 'NC', 'addr:street': 'West Trade Street', 'amenity': 'vacant', 'building': 'yes', 'was:brand': 'Hooters', 'was:brand:wikidata': 'Q1025921', 'was:cuisine': 'burger', 'was:name': 'Hooters'}",vacant,,,,,,,,,
985168246,,35.2267713,-80.8435528,"{'amenity': 'shelter', 'bench': 'yes', 'bin': 'yes', 'building': 'yes', 'lit': 'yes', 'shelter_type': 'public_transport'}",shelter,,,,,,,,"CTC/Arena,3rd St/Convention","278.07,353.45"
985188326,,35.2272335,-80.8426559,"{'amenity': 'bench', 'backrest': 'yes', 'material': 'concrete'}",bench,,,,,,,,"CTC/Arena,3rd St/Convention","273.17,403.53"
1046738977,Ally Charlotte Center Parking Deck,35.2223123,-80.8484562,"{'access': 'yes', 'amenity': 'parking', 'building': 'yes', 'capacity:disabled': '1400', 'fee': 'yes', 'layer': '1', 'name': 'Ally Charlotte Center Parking Deck', 'parking': 'multi-storey', 'surface': 'concrete'}",parking,,,,,,,,,
1047699825,Mucha Mucha,35.2257837,-80.8467589,"{'amenity': 'bar', 'building': 'retail', 'building:levels': '2', 'name': 'Mucha Mucha'}",bar,,,,,,,,3rd St/Convention,414.02
1047699827,Nefelie's,35.2259308,-80.8469259,"{'addr:city': 'Charlotte', 'addr:housenumber': '145', 'addr:postcode': '28202', 'addr:state': 'NC', 'addr:street': 'Brevard Court', 'amenity': 'restaurant', 'building': 'retail', 'building:levels': '2', 'cuisine': 'greek', 'name': ""Nefelie's""}",restaurant,,,,,,,,3rd St/Convention,435.9
1047699828,French Quarter Restaurant,35.2259909,-80.8470085,"{'addr:city': 'Charlotte', 'addr:housenumber': '321', 'addr:postcode': '28202', 'addr:state': 'NC', 'addr:street': 'South Church Street', 'amenity': 'restaurant', 'building': 'retail', 'building:levels': '2', 'name': 'French Quarter Restaurant'}",restaurant,,,,,,,,3rd St/Convention,445.9
1047699829,Valhalla Pub & Eatery,35.2261064,-80.8468495,"{'addr:city': 'Charlotte', 'addr:housenumber': '317', 'addr:postcode': '28202', 'addr:state': 'NC', 'addr:street': 'South Church Street', 'amenity': 'pub', 'building': 'retail', 'building:levels': '2', 'name': 'Valhalla Pub & Eatery'}",pub,,,,,,,,3rd St/Convention,442.23
1047699837,330 South Tryon Parking Garage,35.2256457,-80.8469423,"{'access': 'yes', 'amenity': 'parking', 'building': 'yes', 'capacity': '250', 'fee': 'yes', 'name': '330 South Tryon Parking Garage', 'operator': 'Preferred Parking', 'parking': 'multi-storey', 'surface': 'concrete'}",parking,,,,,,,,3rd St/Convention,419.27
1047699853,400 South Tryon Parking Garage,35.2253497,-80.8474483,"{'access': 'yes', 'amenity': 'parking', 'building': 'yes', 'capacity': '495', 'fee': 'yes', 'name': '400 South Tryon Parking Garage', 'operator': 'Preffered Parking', 'parking': 'multi-storey', 'surface': 'concrete'}",parking,,,,,,,,,
1090622203,,35.2221518,-80.8422876,{'amenity': 'parking'},parking,,,,,,,,"3rd St/Convention,CTC/Arena,Brooklyn Village","176.33,326.26,431.74"
1102373278,,35.2201999,-80.8450962,"{'amenity': 'bench', 'backrest': 'no', 'material': 'wood'}",bench,,,,,,,,"Brooklyn Village,3rd St/Convention","213.48,421.14"
1102373279,,35.2203673,-80.8452689,"{'amenity': 'bench', 'backrest': 'no', 'material': 'wood'}",bench,,,,,,,,"Brooklyn Village,3rd St/Convention","189.72,411.99"
1102373280,,35.2204156,-80.8453218,"{'amenity': 'bench', 'backrest': 'no', 'material': 'wood'}",bench,,,,,,,,"Brooklyn Village,3rd St/Convention","182.66,409.72"
1113509384,,35.2210588,-80.8392003,"{'access': 'yes', 'amenity': 'bicycle_parking', 'bicycle_parking': 'stands', 'capacity': '8', 'covered': 'yes', 'fee': 'no', 'lit': 'yes'}",bicycle_parking,,,,,,,,3rd St/Convention,451.03
1190021160,,35.2229322,-80.8454958,"{'amenity': 'fountain', 'natural': 'water'}",fountain,,,,,,,,"Brooklyn Village,3rd St/Convention","215.7,234.06"
1192155448,Midnight Diner,35.2238789,-80.8396684,"{'addr:city': 'Charlotte', 'addr:housenumber': '420', 'addr:postcode': '28202', 'addr:state': 'NC', 'addr:street': 'East Trade Street', 'air_conditioning': 'yes', 'amenity': 'restaurant', 'building': 'retail', 'check_date': '2026-01-14', 'cuisine': 'diner;american', 'internet_access': 'no', 'microbrewery': 'no', 'name': 'Midnight Diner', 'opening_hours': '24/7', 'payment:cash': 'yes', 'payment:contactless': 'no', 'payment:credit_cards': 'yes', 'payment:debit_cards': 'yes', 'phone': '+19802073641', 'toilets': 'yes', 'website': 'https://midnightdinercharlotte.com/', 'wheelchair': 'yes'}",restaurant,,,,,,,,"CTC/Arena,3rd St/Convention,7th Street","200.01,310.08,398.39"
1327104767,,35.2237994,-80.8466892,"{'amenity': 'parking', 'layer': '-1', 'parking': 'underground'}",parking,,,,,,,,"Brooklyn Village,3rd St/Convention","268.18,330.93"
1350996122,,35.2204167,-80.8461525,"{'amenity': 'parking', 'building': 'yes', 'height': '29', 'parking': 'multi-storey'}",parking,,,,,,,,"Brooklyn Village,3rd St/Convention","129.57,452.35"
1441928374,,35.2274867,-80.8432876,"{'amenity': 'shelter', 'bench': 'yes', 'bin': 'yes', 'building': 'yes', 'shelter_type': 'public_transport'}",shelter,,,,,,,,"CTC/Arena,3rd St/Convention","325.38,430.43"
1441981906,,35.2273686,-80.8434137,"{'amenity': 'shelter', 'bench': 'yes', 'bin': 'yes', 'building': 'yes', 'shelter_type': 'public_transport'}",shelter,,,,,,,,"CTC/Arena,3rd St/Convention","320.8,418.07"
1441981913,,35.2277817,-80.8438941,"{'amenity': 'shelter', 'building': 'yes', 'layer': '1'}",shelter,,,,,,,,"CTC/Arena,3rd St/Convention","383.53,468.83"
4716137,Metro School,35.2190789,-80.8421271,"{'amenity': 'school', 'building': 'school', 'ele': '209', 'gnis:feature_id': '1984523', 'height': '13', 'name': 'Metro School', 'type': 'multipolygon'}",school,,,,,,,,,
4848919,,35.2273123,-80.8422252,"{'amenity': 'bank', 'building:levels': '60', 'type': 'building'}",bank,,,,,,,,,
6054693,,35.2237503,-80.8420914,"{'amenity': 'parking', 'fee': 'yes', 'parking': 'surface', 'surface': 'asphalt', 'type': 'multipolygon'}",parking,,,,,,,,"3rd St/Convention,CTC/Arena","89.51,152.58"
16014018,First Baptist Charlotte,35.22042,-80.8405256,"{'addr:city': 'Charlotte', 'addr:housenumber': '301', 'addr:postcode': '28202', 'addr:state': 'NC', 'addr:street': 'South Davidson Street', 'amenity': 'place_of_worship', 'building': 'yes', 'height': '27', 'name': 'First Baptist Charlotte', 'phone': '+1 704 375-1446', 'religion': 'christian', 'type': 'multipolygon', 'website': 'https://www.charlottefbc.org/'}",place_of_worship,,,,,,,,,
6332298766,Insomnia Cookies,35.2255009,-80.8420447,"{'addr:city': 'Charlotte', 'addr:housenumber': '210', 'addr:postcode': '28202', 'addr:state': 'NC', 'addr:street': 'East Trade Street', 'addr:unit': 'Suite B-224', 'brand': 'Insomnia Cookies', 'brand:wikidata': 'Q16997024', 'name': 'Insomnia Cookies', 'shop': 'pastry'}",,pastry,,,,,,,"CTC/Arena,3rd St/Convention,7th Street","81.46,229.15,409.67"
9099545839,JoS. A. Bank,35.2266979,-80.8418413,"{'brand': 'JoS. A. Bank', 'brand:wikidata': 'Q6204078', 'level': '0', 'name': 'JoS. A. Bank', 'official_name': 'Jos. A. Bank Clothiers', 'shop': 'clothes'}",,clothes,,,,,,,"CTC/Arena,7th Street,3rd St/Convention","192.72,348.93,359.96"
10965747075,Charlotte NC Tours,35.2265821,-80.8426998,"{'level': '1', 'name': 'Charlotte NC Tours', 'shop': 'travel_agency'}",,travel_agency,,,,,,,"CTC/Arena,3rd St/Convention,7th Street","212.11,331.23,428.1"
10965747076,Walgreens,35.2262131,-80.8427431,"{'brand': 'Walgreens', 'brand:wikidata': 'Q1591889', 'level': '0', 'name': 'Walgreens', 'shop': 'chemist', 'website': 'https://www.walgreens.com/locator/walgreens-101+s+tryon+st-charlotte-nc-28280/id=15008'}",,chemist,,,,,,,"CTC/Arena,3rd St/Convention,7th Street","182.38,290.12,440.55"
10968443164,Reid’s Fine Foods,35.227474,-80.8436621,"{'name': 'Reid’s Fine Foods', 'shop': 'deli'}",,deli,,,,,,,"CTC/Arena,3rd St/Convention","343.55,432.01"
10968443165,The Cut,35.2275679,-80.8437454,"{'name': 'The Cut', 'shop': 'hairdresser'}",,hairdresser,,,,,,,"CTC/Arena,3rd St/Convention","356.43,443.34"
11093041435,Amelie’s,35.2242307,-80.845226,"{'addr:city': 'Charlotte', 'addr:housenumber': '380', 'addr:postcode': '28202', 'addr:state': 'NC', 'addr:street': 'South College Street', 'name': 'Amelie’s', 'opening_hours': 'Mo-Su 08:00-17:00', 'phone': '+1-704-899-0088', 'shop': 'bakery', 'website': 'https://www.ameliesfrenchbakery.com'}",,bakery,,,,,,,"3rd St/Convention,Brooklyn Village,CTC/Arena","208.79,351.54,359.36"
11648968547,Whole Foods Market,35.2212955,-80.8465278,"{'addr:city': 'Charlotte', 'addr:housenumber': '400', 'addr:postcode': '28202', 'addr:state': 'NC', 'addr:street': 'East Brooklyn Village Avenue', 'branch': 'Uptown Charlotte', 'brand': 'Whole Foods Market', 'brand:wikidata': 'Q1809448', 'check_date': '2024-10-03', 'check_date:opening_hours': '2024-10-03', 'name': 'Whole Foods Market', 'opening_hours': 'Mo-Su 08:00-22:00', 'phone': '+1 704-969-5950', 'ref': 'uptowncharlotte', 'shop': 'supermarket', 'website': 'https://www.wholefoodsmarket.com/stores/uptowncharlotte'}",,supermarket,,,,,,,Brooklyn Village,38.95
12513705306,CVS Pharmacy,35.2201038,-80.8451584,"{'brand': 'CVS Pharmacy', 'brand:wikidata': 'Q2078880', 'name': 'CVS Pharmacy', 'shop': 'chemist', 'short_name': 'CVS'}",,chemist,,,,,,,"Brooklyn Village,3rd St/Convention","215.95,433.2"
13357332052,Bing Zaremba Handyman and Construction of Charlotte,35.2269782,-80.8447255,"{'addr:city': 'Charlotte', 'addr:housenumber': '128', 'addr:postcode': '28202', 'addr:state': 'NC', 'addr:street': 'South Tryon Street', 'contact:facebook': '688014097731047', 'contact:linkedin': 'bingzarembaconstruction', 'contact:phone': '+1-704-750-5699', 'contact:website': 'https://www.bingzarembaconstruction.com/', 'name': 'Bing Zaremba Handyman and Construction of Charlotte', 'opening_hours': 'Mo-Sa 07:00-18:00', 'operator': 'Bing Zaremba Handyman and Construction of Charlotte', 'shop': 'kitchen'}",,kitchen,,,,,,,"CTC/Arena,3rd St/Convention","374.51,403.11"
13375183512,Uptown Cuts,35.2239237,-80.8440337,"{'addr:city': 'Charlotte', 'addr:housenumber': '301', 'addr:postcode': '28202', 'addr:state': 'NC', 'addr:street': 'South College Street', 'addr:unit': '130', 'check_date': '2025-12-14', 'contact:instagram': 'https://www.instagram.com/uptowncuts_clt', 'currency:XBT': 'yes', 'hairdresser': 'barber', 'name': 'Uptown Cuts', 'opening_hours': 'Mo-Fr 09:00-19:00; Sa 09:00-15:00', 'payment:lightning': 'yes', 'payment:lightning:operator': 'square', 'payment:lightning_contactless': 'no', 'payment:onchain': 'no', 'phone': '+1-980-483-8618', 'shop': 'hairdresser', 'website': 'https://www.uptowncutsclt.com/'}",,hairdresser,,,,,,,"3rd St/Convention,CTC/Arena,Brooklyn Village","95.19,268.56,385.88"
13457166644,Overstreet Market,35.223869,-80.844594,"{'level': '1', 'name': 'Overstreet Market', 'shop': 'convenience'}",,convenience,,,,,,,"3rd St/Convention,CTC/Arena,Brooklyn Village","142.52,317.4,348.08"
13457166650,New Creations,35.2259485,-80.8429765,"{'level': '0', 'name': 'New Creations', 'shop': 'hairdresser'}",,hairdresser,,,,,,,"CTC/Arena,3rd St/Convention","178.63,259.45"
13457166651,Paper Skyscraper,35.2260079,-80.8428827,"{'name': 'Paper Skyscraper', 'shop': 'gift'}",,gift,,,,,,,"CTC/Arena,3rd St/Convention","175.91,266.42"
13457166665,City Barbers at Uptown,35.2268865,-80.8421351,"{'hairdresser': 'barber', 'name': 'City Barbers at Uptown', 'shop': 'hairdresser'}",,hairdresser,,,,,,,"CTC/Arena,7th Street,3rd St/Convention","219.93,372.67,372.99"
5828785965,,35.2263388,-80.8453952,"{'addr:city': 'Charlotte', 'addr:postcode': '28281', 'addr:state': 'NC', 'country': 'USA', 'description': 'Part of the 230 S Tryon Condominiums?', 'leisure': 'swimming_pool', 'opening_hours': '24/7', 'phone': '+1-704-370-0099'}",,,swimming_pool,,,,,,"3rd St/Convention,CTC/Arena","369.79,393.56"
6332298776,Bowlero,35.225064,-80.8420232,"{'brand': 'Bowlero', 'brand:wikidata': 'Q17102967', 'leisure': 'bowling_alley', 'name': 'Bowlero'}",,,bowling_alley,,,,,,"CTC/Arena,3rd St/Convention,7th Street","58.06,186.82,432.71"
12948708695,,35.2271485,-80.8436588,{'leisure': 'picnic_table'},,,picnic_table,,,,,,"CTC/Arena,3rd St/Convention","315.28,396.19"
12948708696,,35.2271313,-80.8436345,{'leisure': 'picnic_table'},,,picnic_table,,,,,,"CTC/Arena,3rd St/Convention","312.39,394.0"
13457166645,Childress Klein YMCA,35.2237794,-80.8443278,"{'brand': 'YMCA', 'brand:wikidata': 'Q157169', 'leisure': 'sports_centre', 'name': 'Childress Klein YMCA'}",,,sports_centre,,,,,,"3rd St/Convention,CTC/Arena,Brooklyn Village","116.89,299.66,355.99"
131139738,Marshall Park,35.2191884,-80.8387245,"{'leisure': 'park', 'name': 'Marshall Park', 'wikidata': 'Q6773731'}",,,park,,,,,,,
131139739,The Green,35.2238147,-80.8467892,"{'leisure': 'park', 'name': 'The Green', 'source': 'Bing', 'wikidata': 'Q7738116'}",,,park,,,,,,"Brooklyn Village,3rd St/Convention","269.25,340.13"
715563541,McColl Park,35.2272428,-80.8435902,"{'addr:city': 'Charlotte', 'addr:housenumber': '106', 'addr:postcode': '28202', 'addr:state': 'NC', 'addr:street': 'West Trade Street', 'leisure': 'park', 'name': 'McColl Park', 'operator': 'City of Charlotte', 'operator:type': 'public'}",,,park,,,,,,"CTC/Arena,3rd St/Convention","319.3,405.76"
861268759,,35.2244157,-80.8476012,{'leisure': 'garden'},,,garden,,,,,,"Brooklyn Village,3rd St/Convention","340.9,422.81"
861268760,,35.2244549,-80.8475436,{'leisure': 'garden'},,,garden,,,,,,"Brooklyn Village,3rd St/Convention","344.31,418.64"
861275836,,35.2266488,-80.847646,"{'leisure': 'playground', 'playground': 'splash_pad'}",,,playground,,,,,,3rd St/Convention,536.41
861275837,,35.2266036,-80.8478601,{'leisure': 'playground'},,,playground,,,,,,3rd St/Convention,548.66
906008583,,35.2263361,-80.8477362,{'leisure': 'garden'},,,garden,,,,,,3rd St/Convention,522.0
906008585,,35.2262949,-80.8477067,{'leisure': 'garden'},,,garden,,,,,,3rd St/Convention,517.17
906008587,,35.2262408,-80.8476565,{'leisure': 'garden'},,,garden,,,,,,3rd St/Convention,509.99
906008589,,35.2262067,-80.8476168,{'leisure': 'garden'},,,garden,,,,,,3rd St/Convention,504.86
906171751,,35.2270989,-80.840571,{'leisure': 'garden'},,,garden,,,,,,"7th Street,CTC/Arena,3rd St/Convention","228.89,244.41,448.34"
909453125,,35.2269604,-80.8471761,{'leisure': 'garden'},,,garden,,,,,,3rd St/Convention,527.6
909453128,,35.2260677,-80.8475695,{'leisure': 'garden'},,,garden,,,,,,3rd St/Convention,492.64
909453129,,35.2261747,-80.8476969,{'leisure': 'garden'},,,garden,,,,,,3rd St/Convention,508.87
909453130,,35.2262632,-80.8477994,{'leisure': 'garden'},,,garden,,,,,,3rd St/Convention,522.1
909453131,,35.2263315,-80.8478784,{'leisure': 'garden'},,,garden,,,,,,3rd St/Convention,532.31
909453132,,35.226397,-80.8479531,{'leisure': 'garden'},,,garden,,,,,,3rd St/Convention,542.04
909453133,,35.2265154,-80.8480857,{'leisure': 'garden'},,,garden,,,,,,3rd St/Convention,559.45
909453137,,35.2275975,-80.8476477,{'leisure': 'garden'},,,garden,,,,,,3rd St/Convention,608.15
909453138,,35.2267603,-80.8466966,{'leisure': 'garden'},,,garden,,,,,,3rd St/Convention,481.22
909468311,,35.2238752,-80.8466705,{'leisure': 'garden'},,,garden,,,,,,"Brooklyn Village,3rd St/Convention","276.7,329.88"
909468312,,35.2237846,-80.8465601,{'leisure': 'garden'},,,garden,,,,,,"Brooklyn Village,3rd St/Convention","267.8,319.11"
909468313,,35.2236499,-80.846718,{'leisure': 'garden'},,,garden,,,,,,"Brooklyn Village,3rd St/Convention","251.44,332.92"
909468314,,35.2237883,-80.8468423,{'leisure': 'garden'},,,garden,,,,,,"Brooklyn Village,3rd St/Convention","266.12,344.77"
909468321,,35.2241032,-80.8468594,{'leisure': 'garden'},,,garden,,,,,,"Brooklyn Village,3rd St/Convention","300.98,350.06"
909468323,,35.2239292,-80.8469593,{'leisure': 'garden'},,,garden,,,,,,"Brooklyn Village,3rd St/Convention","281.6,356.61"
909468324,,35.2234749,-80.8464445,{'leisure': 'garden'},,,garden,,,,,,"Brooklyn Village,3rd St/Convention","235.57,308.36"
909468325,,35.2235954,-80.8463039,{'leisure': 'garden'},,,garden,,,,,,"Brooklyn Village,3rd St/Convention","251.34,295.21"
909468328,,35.2234443,-80.8465083,{'leisure': 'garden'},,,garden,,,,,,"Brooklyn Village,3rd St/Convention","231.19,314.34"
909468329,,35.2235605,-80.8467184,{'leisure': 'garden'},,,garden,,,,,,"Brooklyn Village,3rd St/Convention","241.55,332.97"
909468331,,35.2240241,-80.8471309,{'leisure': 'garden'},,,garden,,,,,,"Brooklyn Village,3rd St/Convention","292.64,373.3"
984713025,,35.2255296,-80.8404484,"{'garden:type': 'landscaping', 'leisure': 'garden'}",,,garden,,,,,,"CTC/Arena,7th Street,3rd St/Convention","103.88,287.02,319.06"
984713030,,35.2259044,-80.8400663,"{'garden:type': 'landscaping', 'leisure': 'garden'}",,,garden,,,,,,"CTC/Arena,7th Street","156.75,233.71"
985188320,,35.2272567,-80.8426745,"{'garden:type': 'flowerbed', 'leisure': 'garden'}",,,garden,,,,,,"CTC/Arena,3rd St/Convention","276.22,405.94"
1176275045,,35.2262076,-80.842674,"{'access': 'customers', 'leisure': 'swimming_pool', 'location': 'roof'}",,,swimming_pool,,,,,,"CTC/Arena,3rd St/Convention,7th Street","177.73,290.21,434.62"
1235640067,,35.2265187,-80.8430293,{'leisure': 'outdoor_seating'},,,outdoor_seating,,,,,,"CTC/Arena,3rd St/Convention","224.99,322.59"
1252702316,,35.2202191,-80.8415358,"{'leisure': 'pitch', 'lit': 'no', 'sport': 'basketball', 'surface': 'acrylic'}",,,pitch,,,,,,3rd St/Convention,400.82
1313514295,,35.2222554,-80.8390757,"{'garden:type': 'landscaping', 'leisure': 'garden'}",,,garden,,,,,,"CTC/Arena,3rd St/Convention","370.14,392.47"
1313514296,,35.2223243,-80.838972,"{'garden:type': 'landscaping', 'leisure': 'garden'}",,,garden,,,,,,"CTC/Arena,3rd St/Convention","369.42,398.41"
1313514297,,35.2223924,-80.8388682,"{'garden:type': 'landscaping', 'leisure': 'garden'}",,,garden,,,,,,"CTC/Arena,3rd St/Convention","369.18,404.66"
1313514298,,35.2224616,-80.8387645,"{'garden:type': 'landscaping', 'leisure': 'garden'}",,,garden,,,,,,"CTC/Arena,3rd St/Convention","369.23,411.13"
1313514299,,35.2225306,-80.8386622,"{'garden:type': 'landscaping', 'leisure': 'garden'}",,,garden,,,,,,"CTC/Arena,3rd St/Convention","369.62,417.73"
1313514300,,35.2226072,-80.8385617,"{'garden:type': 'landscaping', 'leisure': 'garden'}",,,garden,,,,,,"CTC/Arena,3rd St/Convention","369.68,424.2"
1327103459,,35.2260785,-80.845855,"{'garden:type': 'landscaping', 'leisure': 'garden'}",,,garden,,,,,,"3rd St/Convention,CTC/Arena","373.68,423.56"
1327103460,,35.2258886,-80.8457705,"{'garden:type': 'landscaping', 'leisure': 'garden'}",,,garden,,,,,,"3rd St/Convention,CTC/Arena","353.13,410.63"
1327103469,,35.2259491,-80.8457618,{'leisure': 'outdoor_seating'},,,outdoor_seating,,,,,,"3rd St/Convention,CTC/Arena","357.41,411.53"
1327103470,,35.2262351,-80.8461318,{'leisure': 'outdoor_seating'},,,outdoor_seating,,,,,,"3rd St/Convention,CTC/Arena","403.6,452.73"
1332536453,,35.2238039,-80.8477851,"{'garden:type': 'landscaping', 'leisure': 'garden'}",,,garden,,,,,,"Brooklyn Village,3rd St/Convention","278.53,430.53"
1332536455,,35.2236241,-80.8480551,"{'garden:type': 'landscaping', 'leisure': 'garden'}",,,garden,,,,,,"Brooklyn Village,3rd St/Convention","267.74,454.57"
1332536457,,35.2235218,-80.8481671,"{'garden:type': 'landscaping', 'leisure': 'garden'}",,,garden,,,,,,"Brooklyn Village,3rd St/Convention","261.46,464.86"
1352473422,,35.2218753,-80.8435416,{'leisure': 'outdoor_seating'},,,outdoor_seating,,,,,,"3rd St/Convention,Brooklyn Village","197.31,313.92"
1352473423,,35.2204515,-80.8446295,{'leisure': 'outdoor_seating'},,,outdoor_seating,,,,,,"Brooklyn Village,3rd St/Convention","234.62,378.28"
1441928369,,35.2275746,-80.8432742,"{'garden:type': 'landscaping', 'leisure': 'garden'}",,,garden,,,,,,"CTC/Arena,3rd St/Convention","333.05,440.11"
1441928370,,35.2276388,-80.843278,"{'garden:type': 'landscaping', 'leisure': 'garden'}",,,garden,,,,,,"CTC/Arena,3rd St/Convention","339.35,447.24"
1441928371,,35.2276539,-80.8431655,"{'garden:type': 'landscaping', 'leisure': 'garden'}",,,garden,,,,,,"CTC/Arena,3rd St/Convention","335.75,448.57"
1441928372,,35.2275664,-80.8431745,"{'garden:type': 'landscaping', 'leisure': 'garden'}",,,garden,,,,,,"CTC/Arena,3rd St/Convention","327.68,438.89"
1441928373,,35.2274988,-80.8431765,"{'garden:type': 'landscaping', 'leisure': 'garden'}",,,garden,,,,,,"CTC/Arena,3rd St/Convention","321.29,431.4"
6054694,Romare Bearden Park,35.2268622,-80.847643,"{'addr:city': 'Charlotte', 'addr:housenumber': '300', 'addr:postcode': '28202', 'addr:state': 'NC', 'addr:street': 'South Church Street', 'leisure': 'park', 'name': 'Romare Bearden Park', 'ownership': 'county', 'type': 'multipolygon', 'website': 'https://www.mecknc.gov/parkandrec/parks/parksbyregion/centralregion/pages/romare-bearden-park.aspx', 'wikidata': 'Q14708162', 'wikipedia': 'en:Romare Bearden Park'}",,,park,,,,,,3rd St/Convention,551.38
12346574,,35.2274697,-80.8476481,"{'leisure': 'garden', 'type': 'multipolygon'}",,,garden,,,,,,3rd St/Convention,597.95
1848893643,Aloft Charlotte Uptown at the EpiCentre,35.2254742,-80.8426764,"{'brand': 'Aloft', 'brand:wikidata': 'Q4734166', 'name': 'Aloft Charlotte Uptown at the EpiCentre', 'tourism': 'hotel'}",,,,hotel,,,,,"CTC/Arena,3rd St/Convention,7th Street","128.33,209.67,462.56"
2503984448,Visitor Information Center,35.2248795,-80.8460352,"{'information': 'office', 'name': 'Visitor Information Center', 'tourism': 'information'}",,,,information,,,,,"3rd St/Convention,Brooklyn Village","305.17,395.65"
5016558822,Firebird,35.2243618,-80.8474951,"{'artist_name': 'Niki de Saint Phalle', 'artwork_type': 'sculpture', 'material': 'metal', 'name': 'Firebird', 'start_date': '2009', 'tourism': 'artwork'}",,,,artwork,,,,,"Brooklyn Village,3rd St/Convention","333.42,412.13"
5016558837,Queen Charlotte Walks in Her Garden,35.227096,-80.840571,"{'artist_name': 'Bailey Graham Weathers, Jr.', 'artwork_type': 'statue', 'material': 'bronze', 'name': 'Queen Charlotte Walks in Her Garden', 'source': 'https://www.ncpedia.org/monument/queen-charlotte-walks-her', 'start_date': '1989-01-26', 'tourism': 'artwork'}",,,,artwork,,,,,"7th Street,CTC/Arena,3rd St/Convention","228.91,244.1,448.06"
5016558838,Spiral Odyssey,35.2264028,-80.8477692,"{'artist_name': 'Richard Hunt', 'artwork_type': 'sculpture', 'material': 'stainless_steel', 'name': 'Spiral Odyssey', 'tourism': 'artwork'}",,,,artwork,,,,,3rd St/Convention,528.75
7986487900,Transportation,35.2272131,-80.8432503,"{'artist_name': 'Raymond Kaskey', 'artwork_type': 'statue', 'material': 'bronze', 'name': 'Transportation', 'source': 'https://www.ncpedia.org/monument/sculptures-square', 'start_date': '1995-11-27', 'tourism': 'artwork'}",,,,artwork,,,,,"CTC/Arena,3rd St/Convention","298.15,399.96"
8415199020,The Future,35.2271919,-80.8429205,"{'artist_name': 'Raymond Kaskey', 'artwork_type': 'statue', 'material': 'bronze', 'name': 'The Future', 'source': 'https://www.ncpedia.org/monument/sculptures-square', 'start_date': '1995-11-27', 'tourism': 'artwork'}",,,,artwork,,,,,"CTC/Arena,3rd St/Convention","280.16,397.44"
8415199021,Commerce,35.2273367,-80.8430687,"{'artist_name': 'Raymond Kaskey', 'artwork_type': 'statue', 'material': 'bronze', 'name': 'Commerce', 'source': 'https://www.ncpedia.org/monument/sculptures-square', 'start_date': '1995-11-27', 'tourism': 'artwork'}",,,,artwork,,,,,"CTC/Arena,3rd St/Convention","300.82,413.29"
8415199022,Industry,35.2270868,-80.8430894,"{'artist_name': 'Raymond Kaskey', 'artwork_type': 'statue', 'material': 'bronze', 'name': 'Industry', 'source': 'https://www.ncpedia.org/monument/sculptures-square', 'start_date': '1995-11-27', 'tourism': 'artwork'}",,,,artwork,,,,,"CTC/Arena,3rd St/Convention","278.34,385.59"
8415199023,Il Grande Disco,35.2268965,-80.8431653,"{'artist_name': 'Arnaldo Pomodoro', 'artwork_type': 'sculpture', 'material': 'metal', 'name': 'Il Grande Disco', 'source': 'http://mintmuseums.org/art/collections/item/ii-grande-disco/', 'start_date': '1974-10-02', 'tourism': 'artwork'}",,,,artwork,,,,,"CTC/Arena,3rd St/Convention","265.21,364.6"
9099545840,Bank of America Heritage Center,35.2268915,-80.8420148,"{'level': '0', 'museum': 'history', 'name': 'Bank of America Heritage Center', 'tourism': 'museum'}",,,,museum,,,,,"CTC/Arena,7th Street,3rd St/Convention","217.34,361.72,376.14"
9111862564,Residence Inn Charlotte City Center,35.2251987,-80.8414272,"{'addr:city': 'Charlotte', 'addr:housenumber': '220', 'addr:postcode': '28202', 'addr:state': 'NC', 'addr:street': 'East Trade Street', 'brand': 'Residence Inn', 'brand:wikidata': 'Q7315394', 'name': 'Residence Inn Charlotte City Center', 'official_name': 'Residence Inn by Marriott', 'tourism': 'hotel'}",,,,hotel,,,,,"CTC/Arena,3rd St/Convention,7th Street","22.29,230.48,379.66"
9111862565,AC Hotel by Marriott Charlotte City Center,35.2253154,-80.8414502,"{'brand': 'AC Hotel', 'brand:wikidata': 'Q5653536', 'name': 'AC Hotel by Marriott Charlotte City Center', 'tourism': 'hotel'}",,,,hotel,,,,,"CTC/Arena,3rd St/Convention,7th Street","35.4,239.23,373.89"
9634125371,Kimpton Tryon Park Hotel,35.2262379,-80.8465493,"{'addr:city': 'Charlotte', 'addr:housenumber': '303', 'addr:postcode': '28202', 'addr:state': 'NC', 'addr:street': 'South Church Street', 'brand': 'Kimpton', 'brand:wikidata': 'Q6410248', 'name': 'Kimpton Tryon Park Hotel', 'tourism': 'hotel', 'wikidata': 'Q111394604'}",,,,hotel,,,,,3rd St/Convention,431.0
10968050748,,35.223827,-80.8476613,"{'artwork_type': 'sculpture', 'tourism': 'artwork'}",,,,artwork,,,,,"Brooklyn Village,3rd St/Convention","278.12,419.42"
11083083004,,35.22352,-80.8462353,"{'artwork_type': 'sculpture', 'tourism': 'artwork'}",,,,artwork,,,,,"Brooklyn Village,3rd St/Convention","244.77,289.13"
11083145810,,35.2234226,-80.8463744,"{'artwork_type': 'sculpture', 'tourism': 'artwork'}",,,,artwork,,,,,"Brooklyn Village,3rd St/Convention","231.22,302.34"
11083145811,,35.2242878,-80.847069,"{'artwork_type': 'sculpture', 'material': 'brick', 'tourism': 'artwork'}",,,,artwork,,,,,"Brooklyn Village,3rd St/Convention","321.58,372.49"
12327899281,,35.2237529,-80.8475722,"{'artwork_type': 'sculpture', 'tourism': 'artwork'}",,,,artwork,,,,,"Brooklyn Village,3rd St/Convention","268.29,410.93"
12945631873,,35.2272389,-80.8436164,"{'artwork_type': 'sculpture', 'tourism': 'artwork'}",,,,artwork,,,,,"CTC/Arena,3rd St/Convention","320.47,405.62"
13231416222,,35.226531,-80.844289,"{'information': 'guidepost', 'tourism': 'information'}",,,,information,,,,,"CTC/Arena,3rd St/Convention","313.73,342.7"
120628262,Hyatt Place Charlotte Downtown,35.222597,-80.841087,"{'addr:city': 'Charlotte', 'addr:housenumber': '222', 'addr:postcode': '28202', 'addr:state': 'NC', 'addr:street': 'South Caldwell Street', 'branch': 'Charlotte Downtown', 'brand': 'Hyatt Place', 'brand:wikidata': 'Q72629292', 'building': 'yes', 'building:levels': '17', 'height': '103', 'name': 'Hyatt Place Charlotte Downtown', 'phone': '+1 704-227-0500', 'tourism': 'hotel', 'website': 'https://www.hyatt.com/en-us/hotel/north-carolina/hyatt-place-charlotte-downtown/cltzu'}",,,,hotel,,,,,"3rd St/Convention,CTC/Arena","211.8,267.92"
131139722,Harvey B. Gantt Center for African American Arts & Culture,35.2231064,-80.8479206,"{'addr:city': 'Charlotte', 'addr:housenumber': '551', 'addr:postcode': '28202', 'addr:state': 'NC', 'addr:street': 'South Tryon Street', 'building': 'yes', 'email': 'gsa@ganttcenter.org', 'height': '29', 'museum': 'art', 'name': 'Harvey B. Gantt Center for African American Arts & Culture', 'phone': '+1 704 547 3700', 'tourism': 'museum', 'website': 'https://www.ganttcenter.org/', 'wikidata': 'Q16983412'}",,,,museum,,,,,"Brooklyn Village,3rd St/Convention","210.23,445.84"
131139728,Bechtler Museum Of Modern Art,35.2245865,-80.8474035,"{'addr:city': 'Charlotte', 'addr:housenumber': '420', 'addr:postcode': '28202', 'addr:state': 'NC', 'addr:street': 'South Tryon Street', 'building': 'yes', 'height': '30', 'name': 'Bechtler Museum Of Modern Art', 'phone': '+1-704-353-9200', 'tourism': 'museum', 'website': 'https://www.bechtler.org/', 'wikidata': 'Q4878575', 'wikipedia': 'en:Bechtler Museum of Modern Art'}",,,,museum,,,,,"Brooklyn Village,3rd St/Convention","356.99,409.84"
322278731,NASCAR Hall of Fame,35.2210348,-80.8441204,"{'addr:city': 'Charlotte', 'addr:housenumber': '400', 'addr:postcode': '28202', 'addr:state': 'NC', 'addr:street': 'East Martin Luther King Jr Boulevard', 'building': 'yes', 'check_date:opening_hours': '2023-02-17', 'fee': 'yes', 'height': '60', 'name': 'NASCAR Hall of Fame', 'opening_hours': 'Mo-Su 10:00-17:00; Tu off', 'source': 'Bing', 'toilets:wheelchair': 'yes', 'tourism': 'museum', 'website': 'https://www.nascarhall.com/', 'wheelchair': 'yes', 'wikidata': 'Q1443089'}",,,,museum,,,,,"Brooklyn Village,3rd St/Convention","259.61,301.45"
380092604,"The Ritz-Carlton, Charlotte",35.2261491,-80.8414748,"{'addr:city': 'Charlotte', 'addr:housenumber': '201', 'addr:postcode': '28202', 'addr:state': 'NC', 'addr:street': 'East Trade Street', 'brand': 'The Ritz-Carlton', 'brand:wikidata': 'Q782200', 'building': 'yes', 'height': '80', 'name': 'The Ritz-Carlton, Charlotte', 'tourism': 'hotel', 'wikidata': 'Q111394609'}",,,,hotel,,,,,"CTC/Arena,3rd St/Convention,7th Street","127.67,316.39,332.67"
380092605,Hilton Charlotte Uptown,35.2239118,-80.8437606,"{'addr:city': 'Charlotte', 'addr:housenumber': '222', 'addr:postcode': '28202', 'addr:state': 'NC', 'addr:street': 'East 3rd Street', 'brand': 'Hilton', 'brand:wikidata': 'Q598884', 'building': 'yes', 'building:levels': '10', 'height': '83', 'internet_access': 'yes', 'layer': '1', 'name': 'Hilton Charlotte Uptown', 'phone': '+1-704-377-1500', 'tourism': 'hotel', 'website': 'https://charlotteuptown.hilton.com', 'wikidata': 'Q111394608'}",,,,hotel,,,,,"3rd St/Convention,CTC/Arena,Brooklyn Village","72.01,247.19,402.41"
397369787,Charlotte Marriott City Center,35.2280258,-80.8435409,"{'addr:city': 'Charlotte', 'addr:housenumber': '100', 'addr:postcode': '28202', 'addr:state': 'NC', 'addr:street': 'West Trade Street', 'building': 'yes', 'name': 'Charlotte Marriott City Center', 'tourism': 'hotel', 'wikidata': 'Q111394605'}",,,,hotel,,,,,CTC/Arena,388.48
397372377,The Westin Charlotte,35.2217519,-80.8472572,"{'addr:city': 'Charlotte', 'addr:housenumber': '601', 'addr:postcode': '28202', 'addr:state': 'NC', 'addr:street': 'South College Street', 'brand': 'Westin', 'brand:wikidata': 'Q1969162', 'building': 'yes', 'height': '94', 'internet_access': 'wlan', 'level': '1', 'name': 'The Westin Charlotte', 'operator': 'The Westin Hotels', 'phone': '+1-704-375-2600', 'rooms': '700', 'smoking': 'no', 'tourism': 'hotel', 'website': 'https://www.marriott.com/en-us/hotels/cltcw-the-westin-charlotte/', 'wikidata': 'Q7988920'}",,,,hotel,,,,,,
484755656,SpringHill Suites Charlotte Uptown,35.2264003,-80.8392279,"{'addr:city': 'Charlotte', 'addr:housenumber': '311', 'addr:postcode': '28202', 'addr:state': 'NC', 'addr:street': 'East 5th Street', 'branch': 'Charlotte City Center', 'brand': 'SpringHill Suites', 'brand:wikidata': 'Q7580351', 'building': 'yes', 'height': '48', 'internet_access': 'yes', 'name': 'SpringHill Suites Charlotte Uptown', 'official_name': 'SpringHill Suites by Marriott', 'operator': 'Marriot', 'phone': '+1 704-439-8100', 'ref': 'CLTSD', 'rooms': '195', 'smoking': 'no', 'tourism': 'hotel', 'website': 'https://www.marriott.com/cltsd'}",,,,hotel,,,,,"7th Street,CTC/Arena","139.85,250.65"
500204487,Omni Charlotte Hotel,35.2262153,-80.842852,"{'addr:city': 'Charlotte', 'addr:housenumber': '132', 'addr:postcode': '28202', 'addr:state': 'NC', 'addr:street': 'East Trade Street', 'brand:wikidata': 'Q7090329', 'building': 'yes', 'height': '28', 'internet_access': 'yes', 'name': 'Omni Charlotte Hotel', 'operator': 'Omni Hotels & Resorts', 'phone': '+1-704-377-0400', 'tourism': 'hotel', 'website': 'https://www.omnihotels.com/hotels/charlotte'}",,,,hotel,,,,,"CTC/Arena,3rd St/Convention","189.38,289.55"
500727932,Embassy Suites by Hilton Charlotte Uptown,35.2219781,-80.8425865,"{'addr:city': 'Charlotte', 'addr:housenumber': '401', 'addr:postcode': '28202', 'addr:state': 'NC', 'addr:street': 'East Martin Luther King Jr Boulevard', 'branch': 'Charlotte Uptown', 'brand': 'Embassy Suites', 'brand:wikidata': 'Q5369524', 'building': 'yes', 'building:levels': '9', 'height': '13', 'name': 'Embassy Suites by Hilton Charlotte Uptown', 'official_name': 'Embassy Suites by Hilton', 'ref': 'CLTMLES', 'tourism': 'hotel', 'website': 'https://www.hilton.com/en/hotels/cltmles-embassy-suites-charlotte-uptown/'}",,,,hotel,,,,,"3rd St/Convention,CTC/Arena,Brooklyn Village","186.04,352.38,401.52"
500736208,Hyatt House Charlotte/Center City,35.2241877,-80.8390722,"{'addr:city': 'Charlotte', 'addr:housenumber': '435', 'addr:postcode': '28202', 'addr:state': 'NC', 'addr:street': 'East Trade Street', 'branch': 'Charlotte/Center City', 'brand': 'Hyatt House', 'brand:wikidata': 'Q109292191', 'building': 'apartments', 'building:levels': '16', 'height': '17', 'name': 'Hyatt House Charlotte/Center City', 'operator': 'Hyatt', 'phone': '+1 704-373-9700', 'tourism': 'hotel', 'website': 'https://www.hyatt.com/hyatt-house/en-us/cltxd-hyatt-house-charlotte-center-city'}",,,,hotel,,,,,"CTC/Arena,7th Street,3rd St/Convention","229.36,348.67,368.51"
500736212,Holiday Inn Center City,35.2273392,-80.8401602,"{'brand': 'Holiday Inn', 'brand:wikidata': 'Q2717882', 'building': 'yes', 'height': '60', 'name': 'Holiday Inn Center City', 'tourism': 'hotel', 'wikidata': 'Q111394610'}",,,,hotel,,,,,"7th Street,CTC/Arena","191.57,282.53"
695677597,Hilton Garden Inn Charlotte Uptown,35.2206667,-80.8429395,"{'addr:city': 'Charlotte', 'addr:housenumber': '508', 'addr:postcode': '28202', 'addr:state': 'NC', 'addr:street': 'East Martin Luther King Jr Boulevard', 'branch': 'Charlotte Uptown', 'brand': 'Hilton Garden Inn', 'brand:wikidata': 'Q1162859', 'building': 'yes', 'building:levels': '15', 'internet_access': 'wlan', 'name': 'Hilton Garden Inn Charlotte Uptown', 'operator': 'Hilton', 'phone': '+1 704-347-5972', 'ref': 'CLTUPGI', 'tourism': 'hotel', 'website': 'https://hiltongardeninn3.hilton.com/en/hotels/north-carolina/hilton-garden-inn-charlotte-uptown-CLTUPGI/'}",,,,hotel,,,,,"3rd St/Convention,Brooklyn Village","326.6,372.8"
695677600,Hampton Inn Charlotte-Uptown,35.2201212,-80.8424078,"{'addr:city': 'Charlotte', 'addr:housenumber': '530', 'addr:postcode': '28202', 'addr:state': 'NC', 'addr:street': 'East Martin Luther King Jr Boulevard', 'alt_name': 'Hampton Inn', 'branch': 'Charlotte-Uptown', 'brand': 'Hampton', 'brand:wikidata': 'Q5646230', 'building': 'yes', 'building:levels': '10', 'name': 'Hampton Inn Charlotte-Uptown', 'note': 'Levels approximated', 'official_name': 'Hampton by Hilton', 'phone': '+1 704-373-0917', 'ref': 'CLTUTHX', 'tourism': 'hotel', 'website': 'https://hamptoninn3.hilton.com/en/hotels/north-carolina/hampton-inn-charlotte-uptown-CLTUTHX/'}",,,,hotel,,,,,"3rd St/Convention,Brooklyn Village","391.44,435.8"
695751577,Home2 Suites by Hilton,35.2202544,-80.8454478,"{'brand': 'Home2 Suites', 'brand:wikidata': 'Q5887912', 'building': 'yes', 'building:levels': '9', 'height': '40', 'name': 'Home2 Suites by Hilton', 'official_name': 'Home2 Suites by Hilton', 'tourism': 'hotel'}",,,,hotel,,,,,"Brooklyn Village,3rd St/Convention","185.21,430.94"
948973303,Courtyard Charlotte City Center,35.2255941,-80.8446822,"{'addr:city': 'Charlotte', 'addr:housenumber': '237', 'addr:postcode': '28202', 'addr:state': 'NC', 'addr:street': 'South Tryon Street', 'branch': 'Charlotte City Center', 'brand': 'Courtyard', 'brand:wikidata': 'Q1053170', 'building:part': 'yes', 'name': 'Courtyard Charlotte City Center', 'official_name': 'Courtyard by Marriott', 'phone': '+1 704-926-5800', 'ref': 'CLTUP', 'source': 'GPS', 'tourism': 'hotel', 'website': 'https://www.marriott.com/cltup'}",,,,hotel,,,,,"3rd St/Convention,CTC/Arena","264.97,306.75"
984713014,,35.225251,-80.8405025,"{'area': 'yes', 'artist_name': 'Andrew Leicester', 'artwork_type': 'installation', 'height': '15', 'tourism': 'artwork'}",,,,artwork,,,,,"CTC/Arena,3rd St/Convention,7th Street","85.43,295.44,311.59"
984713015,,35.225304,-80.8405649,"{'area': 'yes', 'artist_name': 'Andrew Leicester', 'artwork_type': 'installation', 'height': '15', 'tourism': 'artwork'}",,,,artwork,,,,,"CTC/Arena,3rd St/Convention,7th Street","82.31,294.7,311.62"
984713016,,35.2251962,-80.84044,"{'area': 'yes', 'artist_name': 'Andrew Leicester', 'artwork_type': 'installation', 'height': '15', 'tourism': 'artwork'}",,,,artwork,,,,,"CTC/Arena,3rd St/Convention,7th Street","89.15,296.3,311.9"
984713017,,35.2251438,-80.840378,"{'area': 'yes', 'artist_name': 'Andrew Leicester', 'artwork_type': 'installation', 'height': '15', 'tourism': 'artwork'}",,,,artwork,,,,,"CTC/Arena,3rd St/Convention,7th Street","93.46,297.49,312.27"
1046738979,JW Marriott Charlotte,35.2226486,-80.8479942,"{'addr:city': 'Charlotte', 'addr:housenumber': '600', 'addr:postcode': '28202', 'addr:state': 'NC', 'addr:street': 'South College Street', 'brand': 'JW Marriott', 'brand:wikidata': 'Q1067636', 'building': 'yes', 'height': '80', 'name': 'JW Marriott Charlotte', 'rooms': '381', 'tourism': 'hotel', 'website': 'https://www.marriott.com/en-us/hotels/cltjw-jw-marriott-charlotte/overview/'}",,,,hotel,,,,,"Brooklyn Village,3rd St/Convention","169.37,461.51"
1189773827,Element,35.2199872,-80.8459194,"{'brand': 'Element', 'brand:wikidata': 'Q91948072', 'building': 'yes', 'height': '33', 'name': 'Element', 'tourism': 'hotel'}",,,,hotel,,,,,Brooklyn Village,181.19
1193932898,,35.2252519,-80.848045,"{'artwork_type': 'mural', 'tourism': 'artwork'}",,,,artwork,,,,,3rd St/Convention,488.82
1194649369,,35.2255548,-80.8442102,"{'artwork_type': 'mural', 'level': '1', 'tourism': 'artwork'}",,,,artwork,,,,,"3rd St/Convention,CTC/Arena","239.74,263.91"
1194649370,,35.2255093,-80.8442793,"{'artwork_type': 'mural', 'tourism': 'artwork'}",,,,artwork,,,,,"3rd St/Convention,CTC/Arena","238.07,268.93"
1194649371,,35.2254795,-80.8443247,"{'artwork_type': 'mural', 'tourism': 'artwork'}",,,,artwork,,,,,"3rd St/Convention,CTC/Arena","237.13,272.3"
1194649372,,35.225732,-80.843941,"{'artwork_type': 'mural', 'tourism': 'artwork'}",,,,artwork,,,,,"CTC/Arena,3rd St/Convention","245.93,248.61"
1194649373,,35.2256575,-80.8440542,"{'artwork_type': 'mural', 'tourism': 'artwork'}",,,,artwork,,,,,"3rd St/Convention,CTC/Arena","244.43,253.17"
1194649374,,35.2257858,-80.8438903,"{'artwork_type': 'mural', 'layer': '1', 'tourism': 'artwork'}",,,,artwork,,,,,"CTC/Arena,3rd St/Convention","243.65,252.85"
1194649375,,35.2256078,-80.8441297,"{'artwork_type': 'mural', 'tourism': 'artwork'}",,,,artwork,,,,,"3rd St/Convention,CTC/Arena","242.0,258.27"
1194649376,,35.2253038,-80.8445942,"{'artwork_type': 'mural', 'tourism': 'artwork'}",,,,artwork,,,,,"3rd St/Convention,CTC/Arena,Brooklyn Village","234.05,293.53,483.7"
1194649377,,35.2256395,-80.8440816,"{'artwork_type': 'mural', 'tourism': 'artwork'}",,,,artwork,,,,,"3rd St/Convention,CTC/Arena","243.52,255.0"
1194649378,,35.2256782,-80.8440227,"{'artwork_type': 'mural', 'tourism': 'artwork'}",,,,artwork,,,,,"3rd St/Convention,CTC/Arena","245.53,251.11"
1194649379,,35.225812,-80.8438206,"{'artwork_type': 'mural', 'tourism': 'artwork'}",,,,artwork,,,,,"CTC/Arena,3rd St/Convention","238.82,253.82"
1194649380,,35.2253724,-80.8444875,"{'artwork_type': 'mural', 'level': '1', 'tourism': 'artwork'}",,,,artwork,,,,,"3rd St/Convention,CTC/Arena","234.68,284.89"
1194649381,,35.2258639,-80.843744,"{'artwork_type': 'mural', 'tourism': 'artwork'}",,,,artwork,,,,,"CTC/Arena,3rd St/Convention","234.66,257.59"
1194649382,,35.2254338,-80.8443942,"{'artwork_type': 'mural', 'tourism': 'artwork'}",,,,artwork,,,,,"3rd St/Convention,CTC/Arena","235.9,277.59"
1194649383,,35.2257726,-80.8438794,"{'artwork_type': 'mural', 'tourism': 'artwork'}",,,,artwork,,,,,"CTC/Arena,3rd St/Convention","242.2,251.16"
1194649384,,35.2257003,-80.8439892,"{'artwork_type': 'mural', 'tourism': 'artwork'}",,,,artwork,,,,,"3rd St/Convention,CTC/Arena","246.76,248.95"
1194649385,,35.225877,-80.8436779,"{'artwork_type': 'mural', 'tourism': 'artwork'}",,,,artwork,,,,,"CTC/Arena,3rd St/Convention","229.8,257.62"
1194649386,,35.2255548,-80.8442102,"{'artwork_type': 'mural', 'tourism': 'artwork'}",,,,artwork,,,,,"3rd St/Convention,CTC/Arena","239.74,263.91"
1194649387,,35.2253724,-80.8444875,"{'artwork_type': 'mural', 'tourism': 'artwork'}",,,,artwork,,,,,"3rd St/Convention,CTC/Arena","234.68,284.89"
1194649388,,35.2254338,-80.8443942,"{'artwork_type': 'mural', 'level': '1', 'tourism': 'artwork'}",,,,artwork,,,,,"3rd St/Convention,CTC/Arena","235.9,277.59"
1194649389,,35.2252372,-80.8446255,"{'artwork_type': 'mural', 'tourism': 'artwork'}",,,,artwork,,,,,"3rd St/Convention,CTC/Arena,Brooklyn Village","229.91,295.61,475.81"
1194653330,,35.2253631,-80.8445686,"{'artwork_type': 'mural', 'tourism': 'artwork'}",,,,artwork,,,,,"3rd St/Convention,CTC/Arena,Brooklyn Village","238.01,292.05,490.63"
1194653331,,35.2255768,-80.844301,"{'artwork_type': 'mural', 'tourism': 'artwork'}",,,,artwork,,,,,"3rd St/Convention,CTC/Arena","245.62,272.52"
1194653332,,35.225524,-80.8443843,"{'artwork_type': 'mural', 'tourism': 'artwork'}",,,,artwork,,,,,"3rd St/Convention,CTC/Arena","244.09,278.61"
1194653333,,35.225411,-80.8444999,"{'artwork_type': 'mural', 'tourism': 'artwork'}",,,,artwork,,,,,"3rd St/Convention,CTC/Arena","238.88,286.65"
1194653334,,35.2258276,-80.8438759,"{'artwork_type': 'mural', 'tourism': 'artwork'}",,,,artwork,,,,,"CTC/Arena,3rd St/Convention","244.13,256.9"
1194653335,,35.225599,-80.8442363,"{'artwork_type': 'mural', 'tourism': 'artwork'}",,,,artwork,,,,,"3rd St/Convention,CTC/Arena","245.18,267.4"
1194653336,,35.2254664,-80.8444206,"{'artwork_type': 'mural', 'tourism': 'artwork'}",,,,artwork,,,,,"3rd St/Convention,CTC/Arena","240.24,280.6"
1194653337,,35.2258449,-80.8438351,"{'artwork_type': 'mural', 'tourism': 'artwork'}",,,,artwork,,,,,"CTC/Arena,3rd St/Convention","241.43,257.69"
1194653338,,35.2253042,-80.844654,"{'artwork_type': 'mural', 'tourism': 'artwork'}",,,,artwork,,,,,"3rd St/Convention,CTC/Arena,Brooklyn Village","237.37,298.94,481.36"
1194653339,,35.2255863,-80.844277,"{'artwork_type': 'mural', 'tourism': 'artwork'}",,,,artwork,,,,,"3rd St/Convention,CTC/Arena","245.56,270.65"
1194653340,,35.2255276,-80.844333,"{'artwork_type': 'mural', 'tourism': 'artwork'}",,,,artwork,,,,,"3rd St/Convention,CTC/Arena","242.17,274.13"
1194653341,,35.225748,-80.8440188,"{'artwork_type': 'mural', 'tourism': 'artwork'}",,,,artwork,,,,,"3rd St/Convention,CTC/Arena","252.65,253.2"
1194653342,,35.2257817,-80.8439264,"{'artwork_type': 'mural', 'tourism': 'artwork'}",,,,artwork,,,,,"CTC/Arena,3rd St/Convention","246.56,253.42"
1194654322,,35.2255756,-80.8442886,"{'area': 'yes', 'artwork_type': 'mural', 'tourism': 'artwork'}",,,,artwork,,,,,"3rd St/Convention,CTC/Arena","244.99,271.39"
1260440998,,35.2260972,-80.8432765,"{'artwork_type': 'mural', 'tourism': 'artwork'}",,,,artwork,,,,,"CTC/Arena,3rd St/Convention","210.42,276.53"
1282141772,,35.2279598,-80.8473653,"{'artwork_type': 'mural', 'tourism': 'artwork'}",,,,artwork,,,,,,
1282141773,,35.2277659,-80.8473424,"{'artwork_type': 'mural', 'tourism': 'artwork'}",,,,artwork,,,,,3rd St/Convention,603.56
1283806832,,35.2256579,-80.8431831,"{'artwork_type': 'mural', 'tourism': 'artwork'}",,,,artwork,,,,,"CTC/Arena,3rd St/Convention","178.74,227.39"
1283806833,,35.2258923,-80.8434428,"{'artwork_type': 'mural', 'tourism': 'artwork'}",,,,artwork,,,,,"CTC/Arena,3rd St/Convention","211.4,255.49"
1283806834,,35.2258029,-80.8433424,"{'artwork_type': 'mural', 'tourism': 'artwork'}",,,,artwork,,,,,"CTC/Arena,3rd St/Convention","198.73,244.55"
1357873636,,35.2260019,-80.843405,"{'artwork_type': 'mural', 'tourism': 'artwork'}",,,,artwork,,,,,"CTC/Arena,3rd St/Convention","214.4,267.11"
13234458,Flying Shuttles,35.2252239,-80.8404714,"{'artist_name': 'Andrew Leicester', 'artwork_type': 'installation', 'name': 'Flying Shuttles', 'tourism': 'artwork', 'type': 'multipolygon'}",,,,artwork,,,,,"CTC/Arena,3rd St/Convention,7th Street","87.2,295.85,311.7"
2699632103,Packard Place,35.2268461,-80.8462211,"{'addr:city': 'Charlotte', 'addr:country': 'US', 'addr:housenumber': '222', 'addr:postcode': '28202', 'addr:state': 'NC', 'addr:street': 'South Church Street', 'check_date': '2019-05-03', 'name': 'Packard Place', 'office': 'coworking', 'phone': '+1 877 321 2251', 'website': 'https://www.parkerweb.com/'}",,,,,coworking,,,,3rd St/Convention,459.94
10713259748,Grow Mortgage,35.2261868,-80.844187,"{'addr:unit': '1450', 'contact:email': 'Hello@growmortgage.com', 'contact:facebook': 'https://www.facebook.com/russell.petty.16', 'contact:instagram': 'https://www.instagram.com/mortgagesbyruss', 'contact:linkedin': 'https://www.linkedin.com/in/russellpettyjr', 'name': 'Grow Mortgage', 'office': 'mortgage', 'opening_hours': 'Mo-Su 07:30-23:00', 'phone': '+1-980-318-8708', 'website': 'https://growmtg.com'}",,,,,mortgage,,,,"CTC/Arena,3rd St/Convention","286.54,303.61"
11697919231,Winston & Strawn LLP,35.2256203,-80.8457786,"{'addr:floor': '16', 'addr:housenumber': '300', 'addr:street': 'South Tryon Street', 'name': 'Winston & Strawn LLP', 'office': 'lawyer', 'website': 'https://www.winston.com/en/locations/charlotte'}",,,,,lawyer,,,,"3rd St/Convention,CTC/Arena","333.03,405.25"
380092606,301 South College,35.2239236,-80.8447362,"{'addr:housenumber': '301', 'addr:street': 'South College Street', 'building': 'yes', 'height': '192', 'name': '301 South College', 'office': 'company', 'wikidata': 'Q3352669'}",,,,,company,,,,"3rd St/Convention,CTC/Arena,Brooklyn Village","156.45,327.07,345.21"
713125795,Regions 615,35.2215063,-80.8481096,"{'addr:city': 'Charlotte', 'addr:housenumber': '615', 'addr:postcode': '28202', 'addr:state': 'NC', 'addr:street': 'South College Street', 'air_conditioning': 'yes', 'building': 'yes', 'building:levels': '19', 'height': '91', 'layer': '1', 'name': 'Regions 615', 'office': 'company', 'operator': 'CBRE Global Investors', 'website': 'https://en.wikipedia.org/wiki/Regions_615', 'wikidata': 'Q29791440'}",,,,,company,,,,Brooklyn Village,107.22
4001611003,,35.2273103,-80.8432978,"{'bench': 'yes', 'bus': 'yes', 'covered': 'yes', 'highway': 'bus_stop', 'public_transport': 'platform', 'shelter': 'yes'}",,,,,,platform,,,"CTC/Arena,3rd St/Convention","309.49,410.94"
4069129776,CTC/Arena,35.2248206,-80.8402422,"{'name': 'CTC/Arena', 'network': 'CityLynx', 'operator': 'Charlotte Area Transit System', 'public_transport': 'stop_position', 'railway': 'tram_stop', 'tram': 'yes'}",,,,,,stop_position,,,"CTC/Arena,3rd St/Convention,7th Street","106.33,289.45,332.03"
6300257874,CTC/Arena,35.2243621,-80.8397846,"{'name': 'CTC/Arena', 'network': 'CityLynx', 'operator': 'Charlotte Area Transit System', 'public_transport': 'stop_position', 'railway': 'tram_stop', 'tram': 'yes'}",,,,,,stop_position,,,"CTC/Arena,3rd St/Convention,7th Street","162.32,309.52,353.67"
8419403080,CTC/Arena,35.2251898,-80.8410866,"{'light_rail': 'yes', 'name': 'CTC/Arena', 'network': 'LYNX', 'operator': 'CATS', 'public_transport': 'stop_position', 'railway': 'stop'}",,,,,,stop_position,,,"CTC/Arena,3rd St/Convention,7th Street","34.72,250.89,355.74"
8419403081,CTC/Arena,35.2254555,-80.8406916,"{'light_rail': 'yes', 'name': 'CTC/Arena', 'network': 'LYNX', 'operator': 'CATS', 'public_transport': 'stop_position', 'railway': 'stop'}",,,,,,stop_position,,,"CTC/Arena,3rd St/Convention,7th Street","81.19,297.22,309.26"
8419403082,3rd Street/Convention Center,35.2236591,-80.8431931,"{'light_rail': 'yes', 'name': '3rd Street/Convention Center', 'network': 'LYNX', 'operator': 'CATS', 'public_transport': 'stop_position', 'railway': 'stop'}",,,,,,stop_position,,,"3rd St/Convention,CTC/Arena,Brooklyn Village","13.28,221.44,423.79"
8419403083,3rd Street/Convention Center,35.2238478,-80.8428621,"{'light_rail': 'yes', 'name': '3rd Street/Convention Center', 'network': 'LYNX', 'operator': 'CATS', 'public_transport': 'stop_position', 'railway': 'stop'}",,,,,,stop_position,,,"3rd St/Convention,CTC/Arena","31.93,185.13"
9108307132,Tryon Street,35.2274841,-80.8433299,"{'check_date': '2022-10-21', 'name': 'Tryon Street', 'network': 'CityLynx', 'operator': 'Charlotte Area Transit System', 'public_transport': 'stop_position', 'railway': 'tram_stop', 'start_date': '2021-08-30', 'tram': 'yes'}",,,,,,stop_position,,,"CTC/Arena,3rd St/Convention","327.2,430.34"
9108307133,Tryon Street,35.227382,-80.8433708,"{'check_date': '2022-10-21', 'name': 'Tryon Street', 'network': 'CityLynx', 'operator': 'Charlotte Area Transit System', 'public_transport': 'stop_position', 'railway': 'tram_stop', 'start_date': '2021-08-30', 'tram': 'yes'}",,,,,,stop_position,,,"CTC/Arena,3rd St/Convention","319.8,419.27"
9215059834,East Trade St at College Street,35.2267196,-80.8426369,"{'bin': 'yes', 'bus': 'yes', 'highway': 'bus_stop', 'name': 'East Trade St at College Street', 'network': 'CATS', 'network:wikidata': 'Q5085831', 'operator': 'Charlotte Area Transit System', 'public_transport': 'platform', 'ref': '8430', 'route_ref': '1;7;8;21;26;34', 'shelter': 'yes'}",,,,,,platform,,,"CTC/Arena,3rd St/Convention,7th Street","221.91,347.0,420.18"
9215059835,West 4th Street at South Tryon Street,35.2267602,-80.8445327,"{'bin': 'yes', 'bus': 'yes', 'highway': 'bus_stop', 'name': 'West 4th Street at South Tryon Street', 'network': 'CATS', 'network:wikidata': 'Q5085831', 'operator': 'Charlotte Area Transit System', 'public_transport': 'platform', 'ref': '45749', 'route_ref': '1;7;82x;85x'}",,,,,,platform,,,"CTC/Arena,3rd St/Convention","346.26,374.18"
9215059837,West 4th Street at South Poplar Street,35.227629,-80.845557,"{'bin': 'no', 'bus': 'yes', 'highway': 'bus_stop', 'name': 'West 4th Street at South Poplar Street', 'public_transport': 'platform', 'ref': '38420', 'route_ref': '1;7;8;22;26;34;74x;82x;85x'}",,,,,,platform,,,"CTC/Arena,3rd St/Convention","478.33,500.29"
9215059860,Transit Center- Bay P,35.224229,-80.841325,"{'bin': 'no', 'bus': 'yes', 'highway': 'bus_stop', 'name': 'Transit Center- Bay P', 'network': 'CATS', 'network:wikidata': 'Q5085831', 'operator': 'Charlotte Area Transit System', 'public_transport': 'platform', 'ref': '45037', 'route_ref': '1'}",,,,,,platform,,,"CTC/Arena,3rd St/Convention","85.71,172.17"
9216411003,South College Street at East Brooklyn Village Avenue,35.2222489,-80.8475588,"{'bin': 'no', 'bus': 'yes', 'highway': 'bus_stop', 'name': 'South College Street at East Brooklyn Village Avenue', 'network': 'CATS', 'network:wikidata': 'Q5085831', 'operator': 'Charlotte Area Transit System', 'public_transport': 'platform', 'ref': '45399', 'route_ref': '5;16;35'}",,,,,,platform,,,"Brooklyn Village,3rd St/Convention","110.65,436.35"
9216411015,Transit Center- Bay V,35.2240774,-80.840846,"{'bin': 'yes', 'bus': 'yes', 'highway': 'bus_stop', 'name': 'Transit Center- Bay V', 'public_transport': 'platform', 'ref': '45102', 'route_ref': '5;20;35;87', 'shelter': 'yes'}",,,,,,platform,,,"CTC/Arena,3rd St/Convention","113.66,208.04"
9216459020,South Brevard Street at East Martin Luther King Jr Boulevard,35.222573,-80.843063,"{'bin': 'no', 'bus': 'yes', 'highway': 'bus_stop', 'name': 'South Brevard Street at East Martin Luther King Jr Boulevard', 'network': 'CATS', 'network:wikidata': 'Q5085831', 'operator': 'Charlotte Area Transit System', 'public_transport': 'platform', 'ref': '25270', 'route_ref': '5;10;19;35;48x;53x;63x;77x'}",,,,,,platform,,,"3rd St/Convention,CTC/Arena,Brooklyn Village","115.0,309.23,376.43"
9216459031,East Brooklyn Village Avenue at South College Street,35.2226902,-80.8475194,"{'bench': 'yes', 'bin': 'no', 'bus': 'yes', 'highway': 'bus_stop', 'name': 'East Brooklyn Village Avenue at South College Street', 'network': 'CATS', 'network:wikidata': 'Q5085831', 'operator': 'Charlotte Area Transit System', 'public_transport': 'platform', 'ref': '46594', 'route_ref': '5;35'}",,,,,,platform,,,"Brooklyn Village,3rd St/Convention","153.53,418.44"
9216459034,South College Street at East 3rd Street,35.2244248,-80.8444382,"{'bench': 'no', 'bin': 'no', 'bus': 'yes', 'highway': 'bus_stop', 'lit': 'yes', 'name': 'South College Street at East 3rd Street', 'network': 'CATS', 'network:wikidata': 'Q5085831', 'operator': 'Charlotte Area Transit System', 'public_transport': 'platform', 'ref': '25360', 'route_ref': '5;16;35;40x;46x;48x;52x;53x;63x;64x;74x;77x', 'shelter': 'no', 'tactile_paving': 'no'}",,,,,,platform,,,"3rd St/Convention,CTC/Arena,Brooklyn Village","154.58,284.63,406.34"
11062685934,Transit Center - Bay I,35.2243878,-80.8411148,"{'bus': 'yes', 'departures_board': 'realtime', 'highway': 'bus_stop', 'name': 'Transit Center - Bay I', 'network': 'CATS', 'network:wikidata': 'Q5085831', 'operator': 'Charlotte Area Transit System', 'public_transport': 'platform', 'shelter': 'yes'}",,,,,,platform,,,"CTC/Arena,3rd St/Convention","72.36,196.92"
12327899377,,35.2239754,-80.8476186,"{'bus': 'yes', 'highway': 'bus_stop', 'public_transport': 'platform'}",,,,,,platform,,,"Brooklyn Village,3rd St/Convention","293.3,416.82"
535123114,,35.2252789,-80.8408344,"{'area': 'yes', 'bench': 'yes', 'bin': 'yes', 'bridge': 'yes', 'layer': '1', 'light_rail': 'yes', 'lit': 'yes', 'network': 'LYNX', 'operator': 'Charlotte Area Transit System', 'public_transport': 'platform', 'railway': 'platform', 'shelter': 'yes', 'tactile_paving': 'yes'}",,,,,,platform,,,"CTC/Arena,3rd St/Convention,7th Street","59.27,274.36,331.79"
535123116,,35.2253679,-80.8409403,"{'area': 'yes', 'bench': 'yes', 'bin': 'yes', 'bridge': 'yes', 'layer': '1', 'light_rail': 'yes', 'lit': 'yes', 'network': 'LYNX', 'operator': 'Charlotte Area Transit System', 'public_transport': 'platform', 'railway': 'platform', 'shelter': 'yes', 'tactile_paving': 'yes'}",,,,,,platform,,,"CTC/Arena,3rd St/Convention,7th Street","57.79,274.25,333.0"
535123117,,35.2237195,-80.842978,"{'area': 'yes', 'bench': 'yes', 'bin': 'yes', 'layer': '1', 'light_rail': 'yes', 'lit': 'yes', 'network': 'LYNX', 'operator': 'CATS', 'public_transport': 'platform', 'railway': 'platform', 'shelter': 'yes', 'tactile_paving': 'yes'}",,,,,,platform,,,"3rd St/Convention,CTC/Arena,Brooklyn Village","14.25,202.61,443.56"
535123118,,35.2237972,-80.8430611,"{'area': 'yes', 'bench': 'yes', 'bin': 'yes', 'layer': '1', 'light_rail': 'yes', 'lit': 'yes', 'network': 'LYNX', 'operator': 'CATS', 'public_transport': 'platform', 'railway': 'platform', 'shelter': 'yes', 'tactile_paving': 'yes'}",,,,,,platform,,,"3rd St/Convention,CTC/Arena,Brooklyn Village","20.76,202.29,442.58"
535123119,,35.2213029,-80.847198,"{'area': 'yes', 'bench': 'yes', 'bin': 'yes', 'light_rail': 'yes', 'lit': 'yes', 'network': 'LYNX', 'operator': 'CATS', 'public_transport': 'platform', 'railway': 'platform', 'shelter': 'yes', 'tactile_paving': 'yes'}",,,,,,platform,,,Brooklyn Village,25.39
535123120,,35.221226,-80.8471146,"{'area': 'yes', 'bench': 'yes', 'bin': 'yes', 'light_rail': 'yes', 'lit': 'yes', 'network': 'LYNX', 'operator': 'CATS', 'public_transport': 'platform', 'railway': 'platform', 'shelter': 'yes', 'tactile_paving': 'yes'}",,,,,,platform,,,Brooklyn Village,24.15
672780356,,35.2244345,-80.8398284,"{'area': 'yes', 'bench': 'yes', 'bin': 'yes', 'network': 'CityLynx', 'operator': 'Charlotte Area Transit System', 'public_transport': 'platform', 'railway': 'platform', 'shelter': 'yes', 'surface': 'concrete', 'tram': 'yes'}",,,,,,platform,,,"CTC/Arena,3rd St/Convention,7th Street","155.33,307.97,348.32"
672780359,,35.2247075,-80.8400908,"{'area': 'yes', 'network': 'CityLynx', 'operator': 'Charlotte Area Transit System', 'public_transport': 'platform', 'railway': 'platform', 'surface': 'concrete', 'tram': 'yes'}",,,,,,platform,,,"CTC/Arena,3rd St/Convention,7th Street","122.6,296.35,334.35"
908941897,,35.2229272,-80.8444395,"{'area': 'yes', 'departures_board': 'no', 'light_rail': 'yes', 'note': 'Charlotte Trolley platform, not in service.', 'public_transport': 'platform', 'railway': 'platform', 'surface': 'concrete'}",,,,,,platform,,,"3rd St/Convention,Brooklyn Village,CTC/Arena","146.61,284.33,360.35"
985188333,,35.2274895,-80.8432862,"{'area': 'yes', 'check_date': '2022-10-21', 'network': 'CityLynx', 'operator': 'Charlotte Area Transit System', 'public_transport': 'platform', 'railway': 'platform', 'start_date': '2021-08-30', 'surface': 'concrete', 'tram': 'yes'}",,,,,,platform,,,"CTC/Arena,3rd St/Convention","325.57,430.73"
985188334,,35.2273688,-80.8434182,"{'area': 'yes', 'check_date': '2022-10-21', 'network': 'CityLynx', 'operator': 'Charlotte Area Transit System', 'public_transport': 'platform', 'railway': 'platform', 'start_date': '2021-08-30', 'surface': 'concrete', 'tram': 'yes'}",,,,,,platform,,,"CTC/Arena,3rd St/Convention","321.06,418.13"
1186267494,3rd Street/Convention Center,35.2237575,-80.8430189,"{'addr:city': 'Charlotte', 'addr:housenumber': '305', 'addr:postcode': '28202', 'addr:state': 'NC', 'addr:street': 'East 3rd Street', 'bridge:structure': 'beam', 'layer': '1', 'light_rail': 'yes', 'man_made': 'bridge', 'name': '3rd Street/Convention Center', 'network': 'LYNX', 'operator': 'Charlotte Area Transit System', 'public_transport': 'station', 'railway': 'station', 'station': 'light_rail', 'wikidata': 'Q4636975', 'wikipedia': 'en:Third Street/Convention Center station'}",,,,,,station,,,"3rd St/Convention,CTC/Arena,Brooklyn Village","16.78,202.39,443.02"
1186330002,CTC/Arena,35.2253235,-80.8408876,"{'bridge:structure': 'beam', 'layer': '1', 'light_rail': 'yes', 'man_made': 'bridge', 'name': 'CTC/Arena', 'network': 'LYNX', 'operator': 'CATS', 'public_transport': 'station', 'railway': 'station', 'station': 'light_rail', 'wheelchair': 'yes', 'wikidata': 'Q5086171', 'wikipedia': 'en:Charlotte Transportation Center'}",,,,,,station,,,"CTC/Arena,3rd St/Convention,7th Street","58.11,274.21,332.33"
1189773804,Brooklyn Village,35.2212593,-80.8471493,"{'addr:city': 'Charlotte', 'addr:housenumber': '260', 'addr:postcode': '28202', 'addr:state': 'NC', 'addr:street': 'East Brooklyn Village Avenue', 'light_rail': 'yes', 'name': 'Brooklyn Village', 'network': 'LYNX', 'operator': 'CATS', 'public_transport': 'station', 'railway': 'station', 'station': 'light_rail', 'wheelchair': 'yes', 'wikidata': 'Q7619349', 'wikipedia': 'en:Brooklyn Village station'}",,,,,,station,,,Brooklyn Village,23.94
10014279,Brooklyn Village,35.2212593,-80.8471493,"{'name': 'Brooklyn Village', 'network': 'LYNX', 'operator': 'CATS', 'public_transport': 'stop_area', 'railway': 'facility', 'type': 'public_transport'}",,,,,,stop_area,,,Brooklyn Village,23.94
10014280,3rd Street/Convention Center,35.2234113,-80.8436437,"{'name': '3rd Street/Convention Center', 'network': 'LYNX', 'public_transport': 'stop_area', 'railway': 'facility', 'type': 'public_transport'}",,,,,,stop_area,,,"3rd St/Convention,CTC/Arena,Brooklyn Village","57.51,270.38,374.48"
10014281,CTC/Arena (Blue Line),35.2253235,-80.8408876,"{'name': 'CTC/Arena (Blue Line)', 'network': 'LYNX', 'operator': 'Charlotte Area Transit System', 'public_transport': 'stop_area', 'railway': 'facility', 'type': 'public_transport'}",,,,,,stop_area,,,"CTC/Arena,3rd St/Convention,7th Street","58.11,274.21,332.33"
12309569,CTC/Arena (Gold Line),35.2246034,-80.8400278,"{'name': 'CTC/Arena (Gold Line)', 'network': 'CityLynx', 'operator': 'Charlotte Area Transit System', 'public_transport': 'stop_area', 'railway': 'facility', 'start_date': '2015-07-14', 'type': 'public_transport', 'wikidata': 'Q5086171', 'wikipedia': 'en:Charlotte Transportation Center'}",,,,,,stop_area,,,"CTC/Arena,3rd St/Convention,7th Street","131.53,297.12,340.99"
12309570,Charlotte Transportation Center,35.2244978,-80.8410525,"{'name': 'Charlotte Transportation Center', 'network': 'CATS', 'operator': 'Charlotte Area Transit System', 'public_transport': 'stop_area', 'ref': 'CTC', 'type': 'public_transport'}",,,,,,stop_area,,,"CTC/Arena,3rd St/Convention","63.6,207.53"
13240972,Tryon Street Station,35.2274285,-80.843353,"{'check_date': '2022-10-21', 'name': 'Tryon Street Station', 'network': 'CityLynx', 'operator': 'Charlotte Area Transit System', 'public_transport': 'stop_area', 'railway': 'facility', 'start_date': '2021-08-30', 'type': 'public_transport', 'wikidata': 'Q85852310', 'wikipedia': 'en:Tryon Street station'}",,,,,,stop_area,,,"CTC/Arena,3rd St/Convention","323.18,424.31"
10965747079,Dr Steven C Moore & Associates,35.2267933,-80.8422597,"{'healthcare': 'optometrist', 'level': '1', 'name': 'Dr Steven C Moore & Associates'}",,,,,,,optometrist,,"CTC/Arena,3rd St/Convention,7th Street","214.05,360.46,385.09"
10965747083,Spectrum Eye Care,35.2254447,-80.8435008,"{'fixme': 'Level', 'healthcare': 'optometrist', 'indoor': 'yes', 'level': '2', 'name': 'Spectrum Eye Care', 'opening_hours': 'Mo-Fr 07:45-16:00', 'phone': '+1 704 334 4444'}",,,,,,,optometrist,,"CTC/Arena,3rd St/Convention","198.32,207.39"
4001621954,,35.2240204,-80.8478513,{'amenity': 'bench'},bench,,,,,,,,"Brooklyn Village,3rd St/Convention","303.27,438.39"
4001621955,,35.2239341,-80.8479814,{'amenity': 'bench'},bench,,,,,,,,"Brooklyn Village,3rd St/Convention","297.63,449.3"
4001621956,,35.2236974,-80.8483185,{'amenity': 'bench'},bench,,,,,,,,"Brooklyn Village,3rd St/Convention","284.99,478.64"
4001623357,,35.2237246,-80.8482777,{'amenity': 'bench'},bench,,,,,,,,"Brooklyn Village,3rd St/Convention","286.1,475.0"
6093389461,,35.2246295,-80.8438235,{'amenity': 'fountain'},fountain,,,,,,,,"3rd St/Convention,CTC/Arena,Brooklyn Village","132.71,225.23,457.72"
6093452677,Westin Fountain,35.2218208,-80.8476812,"{'amenity': 'fountain', 'name': 'Westin Fountain'}",fountain,,,,,,,,"Brooklyn Village,3rd St/Convention","82.66,465.01"
6376981600,Starbucks,35.2222397,-80.8451394,"{'addr:city': 'Charlotte', 'addr:housenumber': '501', 'addr:postcode': '28202', 'addr:state': 'NC', 'addr:street': 'South College Street', 'amenity': 'cafe', 'branch': 'Charlotte Convention Center', 'brand': 'Starbucks', 'brand:wikidata': 'Q37158', 'cuisine': 'coffee_shop', 'name': 'Starbucks', 'official_name': 'Starbucks Coffee', 'phone': '+1 704-339-6046', 'ref': '8017', 'takeaway': 'yes', 'website': 'https://www.starbucks.com/store-locator/store/8017/charlotte-convention-center-501-s-college-st-charlotte-nc-282021827-us', 'wheelchair': 'yes'}",cafe,,,,,,,,"Brooklyn Village,3rd St/Convention,CTC/Arena","189.03,242.7,458.4"
6376981601,Einstein Bros. Bagels,35.222129,-80.845008,"{'addr:city': 'Charlotte', 'addr:housenumber': '501', 'addr:postcode': '28202', 'addr:state': 'NC', 'addr:street': 'South College Street', 'alt_name': 'Einstein Brothers Bagels', 'amenity': 'fast_food', 'branch': 'Charlotte Convention Center', 'brand': 'Einstein Bros. Bagels', 'brand:wikidata': 'Q5349788', 'cuisine': 'bagel', 'drive_through': 'no', 'name': 'Einstein Bros. Bagels', 'opening_hours': 'Mo-Fr 08:00-13:30', 'phone': '+1 704-339-6102', 'takeaway': 'yes', 'website': 'https://locations.einsteinbros.com/us/nc/charlotte/501-s-college-st', 'wheelchair': 'yes'}",fast_food,,,,,,,,"Brooklyn Village,3rd St/Convention,CTC/Arena","193.98,241.67,458.02"
6376981602,Bojangles',35.2220436,-80.8449075,"{'addr:city': 'Charlotte', 'addr:housenumber': '501', 'addr:postcode': '28202', 'addr:state': 'NC', 'addr:street': 'South College Street', 'amenity': 'fast_food', 'brand': ""Bojangles'"", 'brand:wikidata': 'Q891163', 'cuisine': 'chicken', 'drinking_straw': 'paper', 'drive_through': 'no', 'name': ""Bojangles'"", 'official_name': ""Bojangles' Famous Chicken 'n Biscuits"", 'phone': '+1 704-651-8422', 'takeaway': 'yes', 'website': 'https://locations.bojangles.com/nc/charlotte/501-south-college-street.html', 'wheelchair': 'yes'}",fast_food,,,,,,,,"Brooklyn Village,3rd St/Convention","198.66,241.75"
6720962112,Starbucks,35.22487,-80.8485584,"{'addr:city': 'Charlotte', 'addr:housenumber': '135', 'addr:postcode': '28202', 'addr:state': 'NC', 'addr:street': 'Levine Avenue of the Arts', 'addr:unit': '140', 'amenity': 'cafe', 'branch': 'Duke Energy Center', 'brand': 'Starbucks', 'brand:wikidata': 'Q37158', 'cuisine': 'coffee_shop', 'internet_access': 'wlan', 'internet_access:fee': 'no', 'name': 'Starbucks', 'official_name': 'Starbucks Coffee', 'outdoor_seating': 'yes', 'phone': '+1 704-372-6114', 'takeaway': 'yes', 'website': 'https://www.starbucks.com/store-locator/store/1005289/duke-energy-center-135-levine-avenue-of-the-arts-suite-140-charlotte-'}",cafe,,,,,,,,Brooklyn Village,413.08
9236208984,Charlotte Convention Center,35.2229594,-80.8461422,"{'addr:city': 'Charlotte', 'addr:housenumber': '501', 'addr:postcode': '28202', 'addr:state': 'NC', 'addr:street': 'South College Street', 'amenity': 'conference_centre', 'name': 'Charlotte Convention Center'}",conference_centre,,,,,,,,"Brooklyn Village,3rd St/Convention","188.58,289.62"
10087263039,,35.2201686,-80.845069,"{'amenity': 'bicycle_parking', 'bicycle_parking': 'stands', 'capacity': '4', 'covered': 'no'}",bicycle_parking,,,,,,,,"Brooklyn Village,3rd St/Convention","217.58,423.18"
10087263045,,35.2202518,-80.845155,"{'amenity': 'bicycle_parking', 'bicycle_parking': 'stands', 'capacity': '4', 'covered': 'no'}",bicycle_parking,,,,,,,,"Brooklyn Village,3rd St/Convention","205.72,418.39"
10087263056,,35.2203361,-80.845243,"{'amenity': 'bicycle_parking', 'bicycle_parking': 'stands', 'capacity': '4', 'covered': 'no'}",bicycle_parking,,,,,,,,"Brooklyn Village,3rd St/Convention","193.68,413.87"
10087263111,,35.2191209,-80.8439562,"{'amenity': 'bicycle_parking', 'bicycle_parking': 'stands', 'capacity': '6', 'covered': 'yes'}",bicycle_parking,,,,,,,,Brooklyn Village,370.22
10087263114,,35.2196811,-80.8446948,"{'amenity': 'bicycle_parking', 'bicycle_parking': 'stands', 'capacity': '6', 'covered': 'yes'}",bicycle_parking,,,,,,,,Brooklyn Village,278.69
11015149218,,35.2224939,-80.84144,{'amenity': 'parking_entrance'},parking_entrance,,,,,,,,"3rd St/Convention,CTC/Arena,Brooklyn Village","192.5,277.97,515.28"
11015149219,,35.2225403,-80.8413784,{'amenity': 'parking_entrance'},parking_entrance,,,,,,,,"3rd St/Convention,CTC/Arena","193.63,272.78"
11018304557,,35.2245382,-80.8441545,{'amenity': 'parking_entrance'},parking_entrance,,,,,,,,"3rd St/Convention,CTC/Arena,Brooklyn Village","143.24,256.73,431.46"
11034670586,,35.2253738,-80.8468335,{'amenity': 'parking_entrance'},parking_entrance,,,,,,,,"3rd St/Convention,Brooklyn Village","395.2,441.91"
11034670587,,35.2254118,-80.8468767,{'amenity': 'parking_entrance'},parking_entrance,,,,,,,,"3rd St/Convention,Brooklyn Village","400.7,446.06"
11035897817,,35.2253109,-80.8447539,{'amenity': 'parking_entrance'},parking_entrance,,,,,,,,"3rd St/Convention,CTC/Arena,Brooklyn Village","243.6,308.05,478.18"
11035897836,,35.2250072,-80.8439727,{'amenity': 'parking_entrance'},parking_entrance,,,,,,,,"3rd St/Convention,CTC/Arena,Brooklyn Village","175.81,235.03,483.57"
11035897839,,35.2250552,-80.8438972,{'amenity': 'parking_entrance'},parking_entrance,,,,,,,,"3rd St/Convention,CTC/Arena,Brooklyn Village","177.46,228.24,491.83"
11035897843,,35.2250694,-80.8438374,{'amenity': 'parking_entrance'},parking_entrance,,,,,,,,"3rd St/Convention,CTC/Arena,Brooklyn Village","176.63,222.85,496.21"
11038424741,,35.2251347,-80.8500439,{'amenity': 'parking_entrance'},parking_entrance,,,,,,,,Brooklyn Village,502.25
11038424758,,35.2255189,-80.8491896,{'amenity': 'parking_entrance'},parking_entrance,,,,,,,,Brooklyn Village,501.58
11041508972,,35.2238461,-80.8505117,{'amenity': 'parking_entrance'},parking_entrance,,,,,,,,Brooklyn Village,424.08
11041508976,,35.2235139,-80.8509943,{'amenity': 'parking_entrance'},parking_entrance,,,,,,,,Brooklyn Village,437.73
11043397234,,35.2239829,-80.8471738,"{'amenity': 'parking_entrance', 'parking': 'underground'}",parking_entrance,,,,,,,,"Brooklyn Village,3rd St/Convention","288.34,376.64"
11043397612,,35.223792,-80.845759,{'amenity': 'parking_entrance'},parking_entrance,,,,,,,,"3rd St/Convention,Brooklyn Village,CTC/Arena","246.44,287.25,419.55"
11043397614,,35.2237656,-80.8457918,{'amenity': 'parking_entrance'},parking_entrance,,,,,,,,"3rd St/Convention,Brooklyn Village,CTC/Arena","249.2,283.42,423.32"
11043397616,,35.2237173,-80.8458521,{'amenity': 'parking_entrance'},parking_entrance,,,,,,,,"3rd St/Convention,Brooklyn Village,CTC/Arena","254.37,276.44,430.26"
11043397618,,35.2236471,-80.8459524,{'amenity': 'parking_entrance'},parking_entrance,,,,,,,,"3rd St/Convention,Brooklyn Village,CTC/Arena","263.25,265.96,441.47"
11047516976,,35.2219056,-80.8486975,{'amenity': 'parking_entrance'},parking_entrance,,,,,,,,"Brooklyn Village,Carson","169.86,386.66"
11047516978,,35.2222376,-80.8480817,{'amenity': 'parking_entrance'},parking_entrance,,,,,,,,"Brooklyn Village,3rd St/Convention","140.11,481.67"
11047517021,,35.2221502,-80.8489594,{'amenity': 'parking_entrance'},parking_entrance,,,,,,,,Brooklyn Village,202.19
11047517023,,35.2228529,-80.8480146,{'amenity': 'parking_entrance'},parking_entrance,,,,,,,,"Brooklyn Village,3rd St/Convention","189.43,458.64"
11047517156,,35.2207636,-80.8475764,{'amenity': 'parking_entrance'},parking_entrance,,,,,,,,Brooklyn Village,90.44
11047517182,,35.2206621,-80.845664,{'amenity': 'parking_entrance'},parking_entrance,,,,,,,,"Brooklyn Village,3rd St/Convention","141.43,403.78"
11047517213,,35.2211437,-80.8461444,{'amenity': 'parking_entrance'},parking_entrance,,,,,,,,"Brooklyn Village,3rd St/Convention","77.39,391.92"
11049745780,,35.2222524,-80.8436678,{'amenity': 'parking_entrance'},parking_entrance,,,,,,,,"3rd St/Convention,Brooklyn Village,CTC/Arena","160.4,312.77,368.53"
11049745906,,35.2214561,-80.8460464,{'amenity': 'parking_entrance'},parking_entrance,,,,,,,,"Brooklyn Village,3rd St/Convention","81.65,361.83"
11049745935,,35.2227551,-80.8435407,{'amenity': 'parking_entrance'},parking_entrance,,,,,,,,"3rd St/Convention,CTC/Arena,Brooklyn Village","104.41,316.68,344.41"
11049745938,,35.22269,-80.843469,{'amenity': 'parking_entrance'},parking_entrance,,,,,,,,"3rd St/Convention,CTC/Arena,Brooklyn Village","108.61,318.47,347.22"
11049745970,,35.2231898,-80.8442038,{'amenity': 'parking_entrance'},parking_entrance,,,,,,,,"3rd St/Convention,Brooklyn Village,CTC/Arena","114.04,319.13,325.38"
11049745973,,35.2235524,-80.844611,{'amenity': 'parking_entrance'},parking_entrance,,,,,,,,"3rd St/Convention,Brooklyn Village,CTC/Arena","141.29,320.05,334.2"
11049745976,,35.223481,-80.8445308,{'amenity': 'parking_entrance'},parking_entrance,,,,,,,,"3rd St/Convention,Brooklyn Village,CTC/Arena","134.61,319.13,331.77"
11049745978,,35.2236156,-80.8446815,{'amenity': 'parking_entrance'},parking_entrance,,,,,,,,"3rd St/Convention,Brooklyn Village,CTC/Arena","147.56,321.19,336.59"
11049745993,,35.223685,-80.8434263,{'amenity': 'parking_entrance'},parking_entrance,,,,,,,,"3rd St/Convention,CTC/Arena,Brooklyn Village","34.36,235.81,408.69"
11049746010,,35.2232813,-80.8428296,{'amenity': 'parking_entrance'},parking_entrance,,,,,,,,"3rd St/Convention,CTC/Arena,Brooklyn Village","42.05,231.29,428.86"
11049746033,,35.2214109,-80.8443652,{'amenity': 'parking_entrance'},parking_entrance,,,,,,,,"Brooklyn Village,3rd St/Convention","234.33,271.27"
11049746036,,35.2206678,-80.843853,{'amenity': 'parking_entrance'},parking_entrance,,,,,,,,"Brooklyn Village,3rd St/Convention","292.13,334.18"
11049746039,,35.2208518,-80.8434658,{'amenity': 'parking_entrance'},parking_entrance,,,,,,,,"3rd St/Convention,Brooklyn Village","308.11,321.76"
11077809175,Exotica,35.2233786,-80.8466478,"{'amenity': 'restaurant', 'cuisine': 'indian', 'name': 'Exotica'}",restaurant,,,,,,,,"Brooklyn Village,3rd St/Convention","222.13,327.51"
11083145806,,35.2237021,-80.8468578,"{'amenity': 'fountain', 'fountain': 'splash_pad'}",fountain,,,,,,,,"Brooklyn Village,3rd St/Convention","256.52,345.76"
11083145807,,35.2236627,-80.8468246,"{'amenity': 'fountain', 'fountain': 'splash_pad'}",fountain,,,,,,,,"Brooklyn Village,3rd St/Convention","252.26,342.64"
11083145808,,35.2236529,-80.8468789,"{'amenity': 'fountain', 'fountain': 'splash_pad'}",fountain,,,,,,,,"Brooklyn Village,3rd St/Convention","251.02,347.56"
11093041436,Coquette,35.2247396,-80.8471184,"{'addr:city': 'Charlotte', 'addr:housenumber': '400', 'addr:postcode': '28202', 'addr:state': 'NC', 'addr:street': 'South Tryon Street', 'amenity': 'restaurant', 'cuisine': 'french', 'name': 'Coquette', 'website': 'https://www.coquetteclt.com'}",restaurant,,,,,,,,"Brooklyn Village,3rd St/Convention","371.83,389.99"
11093041439,Avis,35.223752,-80.8440412,"{'amenity': 'car_rental', 'brand': 'Avis', 'brand:wikidata': 'Q791136', 'name': 'Avis', 'official_name': 'Avis Car Rental'}",car_rental,,,,,,,,"3rd St/Convention,CTC/Arena,Brooklyn Village","90.67,278.14,371.76"
11100881206,,35.2221201,-80.8488149,"{'amenity': 'bicycle_parking', 'bicycle_parking': 'stands', 'capacity': '18', 'covered': 'yes'}",bicycle_parking,,,,,,,,Brooklyn Village,188.86
11100883005,,35.2239276,-80.8503205,"{'amenity': 'bicycle_parking', 'bicycle_parking': 'stands', 'capacity': '2', 'covered': 'no'}",bicycle_parking,,,,,,,,Brooklyn Village,416.94
11100883605,,35.2237557,-80.8503198,"{'amenity': 'bicycle_parking', 'bicycle_parking': 'stands', 'capacity': '2', 'covered': 'no'}",bicycle_parking,,,,,,,,Brooklyn Village,404.27
11100885605,,35.2231009,-80.8502676,"{'amenity': 'bicycle_parking', 'bicycle_parking': 'stands', 'capacity': '6', 'covered': 'no'}",bicycle_parking,,,,,,,,Brooklyn Village,357.36
11100885706,,35.2235026,-80.8461081,"{'amenity': 'bicycle_parking', 'bicycle_parking': 'stands', 'capacity': '2', 'covered': 'no'}",bicycle_parking,,,,,,,,"Brooklyn Village,3rd St/Convention,CTC/Arena","246.22,277.64,460.35"
11100893005,,35.2221479,-80.8488819,"{'amenity': 'bicycle_parking', 'bicycle_parking': 'stands', 'capacity': '18', 'covered': 'yes'}",bicycle_parking,,,,,,,,Brooklyn Village,195.69
11100894005,,35.2220949,-80.848845,"{'amenity': 'bicycle_parking', 'bicycle_parking': 'stands', 'capacity': '18', 'covered': 'yes'}",bicycle_parking,,,,,,,,"Brooklyn Village,Carson","190.17,398.7"
11100906305,,35.2208063,-80.8515063,"{'amenity': 'bicycle_parking', 'bicycle_parking': 'stands', 'capacity': '2', 'covered': 'no'}",bicycle_parking,,,,,,,,"Carson,Brooklyn Village","221.25,420.57"
11103367205,,35.223277,-80.8438985,"{'amenity': 'bicycle_parking', 'bicycle_parking': 'stands', 'capacity': '8', 'covered': 'no'}",bicycle_parking,,,,,,,,"3rd St/Convention,CTC/Arena,Brooklyn Village","84.77,297.7,347.0"
11137505105,,35.2242184,-80.8454829,"{'amenity': 'bicycle_parking', 'bicycle_parking': 'stands', 'capacity': '4', 'covered': 'partial'}",bicycle_parking,,,,,,,,"3rd St/Convention,Brooklyn Village,CTC/Arena","230.58,340.55,382.41"
11137505405,,35.2241597,-80.845547,"{'amenity': 'bicycle_parking', 'bicycle_parking': 'stands', 'capacity': '2', 'covered': 'partial'}",bicycle_parking,,,,,,,,"3rd St/Convention,Brooklyn Village,CTC/Arena","234.39,332.29,389.6"
11152216975,,35.2253318,-80.8459275,"{'amenity': 'bicycle_parking', 'bicycle_parking': 'stands', 'capacity': '2'}",bicycle_parking,,,,,,,,"3rd St/Convention,CTC/Arena,Brooklyn Village","323.35,414.55,446.75"
11152216976,,35.2251138,-80.8462427,"{'amenity': 'bicycle_parking', 'bicycle_parking': 'stands', 'capacity': '2'}",bicycle_parking,,,,,,,,"3rd St/Convention,Brooklyn Village,CTC/Arena","334.22,417.82,441.78"
11152216977,,35.2248522,-80.8466313,"{'amenity': 'bicycle_parking', 'bicycle_parking': 'stands', 'capacity': '2', 'covered': 'no'}",bicycle_parking,,,,,,,,"3rd St/Convention,Brooklyn Village","352.99,384.99"
11152216978,,35.2247931,-80.8464333,"{'amenity': 'bicycle_parking', 'bicycle_parking': 'stands', 'capacity': '2'}",bicycle_parking,,,,,,,,"3rd St/Convention,Brooklyn Village","333.84,380.21"
11152216979,,35.2247541,-80.8467719,"{'amenity': 'bicycle_parking', 'bicycle_parking': 'stands', 'capacity': '2'}",bicycle_parking,,,,,,,,"3rd St/Convention,Brooklyn Village","360.84,373.39"
11152216980,,35.2246974,-80.8468561,"{'amenity': 'bicycle_parking', 'bicycle_parking': 'stands', 'capacity': '2'}",bicycle_parking,,,,,,,,"3rd St/Convention,Brooklyn Village","365.9,366.87"
11152216981,,35.2244106,-80.8469966,"{'amenity': 'bicycle_parking', 'bicycle_parking': 'stands', 'capacity': '2'}",bicycle_parking,,,,,,,,"Brooklyn Village,3rd St/Convention","335.03,369.08"
11152216982,,35.2244682,-80.8471897,"{'amenity': 'bicycle_parking', 'bicycle_parking': 'stands', 'capacity': '2', 'covered': 'partial'}",bicycle_parking,,,,,,,,"Brooklyn Village,3rd St/Convention","342.13,387.68"
11152216983,,35.2241144,-80.8477149,"{'amenity': 'bicycle_parking', 'bicycle_parking': 'stands', 'capacity': '2'}",bicycle_parking,,,,,,,,"Brooklyn Village,3rd St/Convention","310.26,427.29"
11152216984,,35.2237713,-80.8482098,"{'amenity': 'bicycle_parking', 'bicycle_parking': 'stands', 'capacity': '2'}",bicycle_parking,,,,,,,,"Brooklyn Village,3rd St/Convention","288.26,468.99"
11152216985,,35.2235373,-80.848279,"{'amenity': 'bicycle_parking', 'bicycle_parking': 'stands', 'capacity': '2'}",bicycle_parking,,,,,,,,"Brooklyn Village,3rd St/Convention","267.5,475.01"
11152216986,,35.2232632,-80.8489785,"{'amenity': 'bicycle_parking', 'bicycle_parking': 'stands', 'capacity': '4'}",bicycle_parking,,,,,,,,Brooklyn Village,278.51
11165982506,,35.2249753,-80.8483281,"{'access': 'yes', 'amenity': 'bicycle_parking', 'bicycle_parking': 'stands', 'capacity': '6', 'covered': 'no', 'foot_traffic': 'medium'}",bicycle_parking,,,,,,,,Brooklyn Village,417.2
11165986205,,35.225265,-80.8485018,"{'access': 'yes', 'amenity': 'bicycle_parking', 'bicycle_parking': 'stands', 'capacity': '2', 'covered': 'yes', 'foot_traffic': 'low'}",bicycle_parking,,,,,,,,Brooklyn Village,452.63
11200542437,,35.2204957,-80.8459959,"{'access': 'yes', 'amenity': 'bicycle_parking', 'bicycle_parking': 'stands', 'capacity': '12', 'covered': 'yes', 'foot_traffic': 'low'}",bicycle_parking,,,,,,,,"Brooklyn Village,3rd St/Convention","131.22,436.66"
11200542438,,35.2218124,-80.8465165,"{'access': 'yes', 'amenity': 'bicycle_parking', 'bicycle_parking': 'stands', 'capacity': '10', 'covered': 'partial', 'foot_traffic': 'low'}",bicycle_parking,,,,,,,,"Brooklyn Village,3rd St/Convention","60.66,372.41"
11200544737,,35.221461,-80.8464594,"{'access': 'yes', 'amenity': 'bicycle_parking', 'bicycle_parking': 'stands', 'capacity': '6', 'covered': 'no', 'foot_traffic': 'medium'}",bicycle_parking,,,,,,,,"Brooklyn Village,3rd St/Convention","44.44,390.52"
11208933137,,35.2241532,-80.8451672,"{'access': 'yes', 'amenity': 'bicycle_parking', 'bicycle_parking': 'stands', 'capacity': '2', 'covered': 'partial', 'foot_traffic': 'medium', 'indoor': 'no'}",bicycle_parking,,,,,,,,"3rd St/Convention,Brooklyn Village,CTC/Arena","201.0,346.31,356.33"
11208935637,,35.2249467,-80.8436637,"{'access': 'yes', 'amenity': 'bicycle_parking', 'bicycle_parking': 'stands', 'capacity': '8', 'covered': 'no', 'foot_traffic': 'medium', 'indoor': 'no'}",bicycle_parking,,,,,,,,"3rd St/Convention,CTC/Arena,Brooklyn Village","158.09,206.99,494.45"
11218203537,,35.2181839,-80.8428742,"{'access': 'yes', 'amenity': 'bicycle_parking', 'bicycle_parking': 'stands', 'capacity': '4', 'covered': 'no', 'foot_traffic': 'low', 'indoor': 'no'}",bicycle_parking,,,,,,,,Brooklyn Village,513.16
11225417437,,35.2210153,-80.8419678,"{'access': 'yes', 'amenity': 'bicycle_parking', 'bicycle_parking': 'wave', 'capacity': '20', 'covered': 'no', 'foot_traffic': 'low', 'indoor': 'no'}",bicycle_parking,,,,,,,,"3rd St/Convention,Brooklyn Village","304.44,454.4"
11491216431,,35.2185006,-80.843246,{'amenity': 'parking_entrance'},parking_entrance,,,,,,,,Brooklyn Village,464.43
11529079069,,35.2195976,-80.8450066,"{'access': 'yes', 'amenity': 'bicycle_parking', 'bicycle_parking': 'stands', 'capacity': '4', 'covered': 'no', 'foot_traffic': 'medium', 'indoor': 'no'}",bicycle_parking,,,,,,,,Brooklyn Village,265.47
11535108406,Uptown Farmers' Market,35.2211386,-80.8417885,"{'addr:city': 'Charlotte', 'addr:housenumber': '300', 'addr:postcode': '28202', 'addr:state': 'NC', 'addr:street': 'South Davidson Street', 'amenity': 'marketplace', 'building': 'tent', 'description': 'Our mission is to engage our neighbors around locally grown, fresh foods to support local farmers, educate on healthy eating, and address food insecurity in our Charlotte community.', 'email': 'info@uptownfarmersmarket.com', 'image': 'https://images.squarespace-cdn.com/content/v1/5db07163c4990258f8f49a04/1619544380664-UW4GZAR9VHM4N5GPIHWH/IMG_0365.jpeg', 'name': ""Uptown Farmers' Market"", 'opening_hours': 'Sa 08:00-12:30', 'phone': '+1 704 369 2143', 'source': 'local knowledge;uptownfarmersmarket.com', 'website': 'https://www.uptownfarmersmarket.com/', 'wheelchair': 'yes'}",marketplace,,,,,,,,"3rd St/Convention,Brooklyn Village","297.5,469.64"
11809533805,Red Ginger,35.2240341,-80.8455323,"{'addr:city': 'Charlotte', 'addr:housenumber': '401', 'addr:postcode': '28202', 'addr:state': 'NC', 'addr:street': 'South Tryon Street', 'addr:unit': 'Suite 130', 'amenity': 'restaurant', 'cuisine': 'japanese', 'name': 'Red Ginger', 'phone': '+1-980-819-8837', 'website': 'https://www.redgingercharlotte.com'}",restaurant,,,,,,,,"3rd St/Convention,Brooklyn Village,CTC/Arena","229.85,319.99,391.88"
11820233869,The Public House,35.2230184,-80.8426739,"{'addr:postcode': '28202', 'amenity': 'pub', 'cuisine': 'american', 'name': 'The Public House', 'phone': '+1-704-595-3091', 'website': 'https://thepublichouseclt.com/'}",pub,,,,,,,,"3rd St/Convention,CTC/Arena,Brooklyn Village","74.42,248.89,428.18"
12086217469,,35.2210931,-80.848074,"{'access': 'yes', 'amenity': 'bicycle_parking', 'bicycle_parking': 'wave', 'capacity': '11', 'covered': 'no', 'indoor': 'no'}",bicycle_parking,,,,,,,,Brooklyn Village,108.33
12124200083,,35.2229867,-80.847854,{'amenity': 'parking_entrance'},parking_entrance,,,,,,,,"Brooklyn Village,3rd St/Convention","195.64,441.71"
12167520475,,35.222816,-80.8471736,{'amenity': 'parking_entrance'},parking_entrance,,,,,,,,"Brooklyn Village,3rd St/Convention","159.57,384.57"
12167520477,,35.2229906,-80.8469281,{'amenity': 'parking_entrance'},parking_entrance,,,,,,,,"Brooklyn Village,3rd St/Convention","177.51,358.65"
12167520481,,35.2227501,-80.8472663,{'amenity': 'parking_entrance'},parking_entrance,,,,,,,,"Brooklyn Village,3rd St/Convention","153.73,394.49"
12199136463,,35.2236637,-80.8462665,"{'amenity': 'bench', 'backrest': 'yes', 'colour': 'brown', 'material': 'wood'}",bench,,,,,,,,"Brooklyn Village,3rd St/Convention","259.5,291.86"
12199136464,,35.2236433,-80.8462434,"{'amenity': 'bench', 'backrest': 'yes', 'colour': 'brown', 'material': 'wood'}",bench,,,,,,,,"Brooklyn Village,3rd St/Convention","257.81,289.72"
12199136465,,35.2236543,-80.8462788,"{'amenity': 'bench', 'backrest': 'yes', 'colour': 'brown', 'material': 'wood'}",bench,,,,,,,,"Brooklyn Village,3rd St/Convention","258.22,292.96"
12199136466,,35.2236341,-80.8462549,"{'amenity': 'bench', 'backrest': 'yes', 'colour': 'brown', 'material': 'wood'}",bench,,,,,,,,"Brooklyn Village,3rd St/Convention","256.56,290.76"
12199211453,,35.2236311,-80.8468902,"{'amenity': 'bench', 'backrest': 'yes', 'colour': 'brown', 'material': 'wood'}",bench,,,,,,,,"Brooklyn Village,3rd St/Convention","248.58,348.57"
12199211454,,35.223682,-80.8469519,"{'amenity': 'bench', 'backrest': 'yes', 'colour': 'brown', 'material': 'wood'}",bench,,,,,,,,"Brooklyn Village,3rd St/Convention","254.19,354.26"
12254801753,,35.2237282,-80.8489811,{'amenity': 'parking_entrance'},parking_entrance,,,,,,,,Brooklyn Village,318.97
12254801756,,35.2236522,-80.8489019,{'amenity': 'parking_entrance'},parking_entrance,,,,,,,,Brooklyn Village,307.92
12324536301,,35.2236461,-80.847416,"{'access': 'yes', 'amenity': 'bicycle_parking', 'bicycle_parking': 'stands', 'capacity': '28', 'covered': 'no', 'indoor': 'no'}",bicycle_parking,,,,,,,,"Brooklyn Village,3rd St/Convention","253.92,396.43"
12327860796,,35.2235862,-80.8466625,{'amenity': 'drinking_water'},drinking_water,,,,,,,,"Brooklyn Village,3rd St/Convention","244.87,327.85"
12327860797,,35.2232895,-80.8459154,"{'amenity': 'bench', 'backrest': 'no'}",bench,,,,,,,,"Brooklyn Village,3rd St/Convention","230.37,262.27"
12327860798,,35.2233024,-80.8458949,"{'amenity': 'bench', 'backrest': 'no'}",bench,,,,,,,,"Brooklyn Village,3rd St/Convention","232.44,260.23"
12327899267,,35.2228548,-80.8475747,{'amenity': 'parking_entrance'},parking_entrance,,,,,,,,"Brooklyn Village,3rd St/Convention","172.41,419.3"
12327899301,,35.2232613,-80.8469563,{'amenity': 'waste_basket'},waste_basket,,,,,,,,"Brooklyn Village,3rd St/Convention","207.53,356.68"
12327899302,,35.2233593,-80.8470679,{'amenity': 'waste_basket'},waste_basket,,,,,,,,"Brooklyn Village,3rd St/Convention","218.71,365.79"
12327899303,,35.2232421,-80.8469344,{'amenity': 'bench'},bench,,,,,,,,"Brooklyn Village,3rd St/Convention","205.4,354.94"
12327899304,,35.2232213,-80.8469097,{'amenity': 'bench'},bench,,,,,,,,"Brooklyn Village,3rd St/Convention","203.11,352.98"
12327899305,,35.2232017,-80.8468872,{'amenity': 'bench'},bench,,,,,,,,"Brooklyn Village,3rd St/Convention","200.98,351.22"
12327899306,,35.2231809,-80.8468635,{'amenity': 'bench'},bench,,,,,,,,"Brooklyn Village,3rd St/Convention","198.73,349.39"
12327899307,,35.2233421,-80.847049,{'amenity': 'bench'},bench,,,,,,,,"Brooklyn Village,3rd St/Convention","216.72,364.23"
12327899308,,35.2233209,-80.8470247,{'amenity': 'bench'},bench,,,,,,,,"Brooklyn Village,3rd St/Convention","214.28,362.22"
12327899309,,35.223301,-80.8470026,{'amenity': 'bench'},bench,,,,,,,,"Brooklyn Village,3rd St/Convention","212.01,360.42"
12327899310,,35.2232799,-80.8469794,{'amenity': 'bench'},bench,,,,,,,,"Brooklyn Village,3rd St/Convention","209.62,358.55"
12327899311,,35.2234385,-80.8471622,{'amenity': 'bench'},bench,,,,,,,,"Brooklyn Village,3rd St/Convention","228.08,373.8"
12327899312,,35.2234177,-80.8471375,{'amenity': 'bench'},bench,,,,,,,,"Brooklyn Village,3rd St/Convention","225.59,371.68"
12327899313,,35.2233981,-80.847115,{'amenity': 'bench'},bench,,,,,,,,"Brooklyn Village,3rd St/Convention","223.27,369.76"
12327899314,,35.2233773,-80.8470913,{'amenity': 'bench'},bench,,,,,,,,"Brooklyn Village,3rd St/Convention","220.82,367.77"
12327899315,,35.2234551,-80.8471828,{'amenity': 'waste_basket'},waste_basket,,,,,,,,"Brooklyn Village,3rd St/Convention","230.08,375.58"
12327899316,,35.2230186,-80.8469094,{'amenity': 'waste_basket'},waste_basket,,,,,,,,"Brooklyn Village,3rd St/Convention","180.63,356.39"
12327899317,,35.2229487,-80.8470165,{'amenity': 'waste_basket'},waste_basket,,,,,,,,"Brooklyn Village,3rd St/Convention","173.0,367.45"
12327899318,,35.2228708,-80.8471339,{'amenity': 'waste_basket'},waste_basket,,,,,,,,"Brooklyn Village,3rd St/Convention","165.17,379.69"
12327899319,,35.2228307,-80.8472394,{'amenity': 'waste_basket'},waste_basket,,,,,,,,"Brooklyn Village,3rd St/Convention","162.08,390.04"
12327899320,,35.2228553,-80.8472035,{'amenity': 'waste_basket'},waste_basket,,,,,,,,"Brooklyn Village,3rd St/Convention","164.26,386.25"
12327899328,,35.2235467,-80.8474102,{'amenity': 'waste_basket'},waste_basket,,,,,,,,"Brooklyn Village,3rd St/Convention","242.98,395.94"
12327899329,,35.2235779,-80.8474826,{'amenity': 'waste_basket'},waste_basket,,,,,,,,"Brooklyn Village,3rd St/Convention","247.61,402.49"
12327899330,Milkbread,35.2234777,-80.8478257,"{'addr:city': 'Charlotte', 'addr:housenumber': '525', 'addr:postcode': '28202', 'addr:state': 'NC', 'addr:street': 'South Tryon Street', 'addr:unit': '#100', 'amenity': 'cafe', 'cuisine': 'coffee_shop', 'name': 'Milkbread', 'website': 'https://www.milkbread.com'}",cafe,,,,,,,,"Brooklyn Village,3rd St/Convention","245.16,433.94"
12327899364,,35.2236208,-80.84782,{'amenity': 'waste_basket'},waste_basket,,,,,,,,"Brooklyn Village,3rd St/Convention","260.04,433.18"
12327899365,,35.2235969,-80.8478596,{'amenity': 'waste_basket'},waste_basket,,,,,,,,"Brooklyn Village,3rd St/Convention","258.66,436.78"
12327899374,,35.2239521,-80.847665,{'amenity': 'waste_basket'},waste_basket,,,,,,,,"Brooklyn Village,3rd St/Convention","291.7,420.78"
12327899375,,35.2235156,-80.8483194,{'amenity': 'waste_basket'},waste_basket,,,,,,,,"Brooklyn Village,3rd St/Convention","267.07,478.74"
12327899376,,35.2234989,-80.8483463,"{'amenity': 'recycling', 'recycling_type': 'container'}",recycling,,,,,,,,"Brooklyn Village,3rd St/Convention","266.6,481.23"
12451360084,Gyu-Kaku,35.2182372,-80.8429595,"{'amenity': 'restaurant', 'branch': 'Japanese BBQ', 'brand': 'Gyu-Kaku', 'brand:wikidata': 'Q11349387', 'cuisine': 'japanese;barbecue', 'name': 'Gyu-Kaku'}",restaurant,,,,,,,,Brooklyn Village,503.47
12498871620,,35.2202826,-80.8462289,{'amenity': 'parking_entrance'},parking_entrance,,,,,,,,"Brooklyn Village,3rd St/Convention","138.82,468.33"
12498871623,,35.22034,-80.8459181,{'amenity': 'parking_entrance'},parking_entrance,,,,,,,,"Brooklyn Village,3rd St/Convention","149.02,446.28"
12503833506,,35.2215953,-80.8484438,{'amenity': 'parking_entrance'},parking_entrance,,,,,,,,"Brooklyn Village,Carson","138.73,370.36"
12505635376,Night Swim Coffee,35.2237763,-80.8497744,"{'amenity': 'cafe', 'cuisine': 'coffee_shop', 'name': 'Night Swim Coffee', 'website': 'https://nightswimcoffee.com'}",cafe,,,,,,,,,
12513704268,,35.2212793,-80.8483113,{'amenity': 'bench'},bench,,,,,,,,Brooklyn Village,125.4
12513704269,,35.2212692,-80.8482891,{'amenity': 'bench'},bench,,,,,,,,Brooklyn Village,123.5
12513704282,,35.2212918,-80.8480236,"{'access': 'yes', 'amenity': 'bicycle_parking', 'bicycle_parking': 'wall_loops', 'capacity': '24', 'covered': 'yes', 'level': '-2'}",bicycle_parking,,,,,,,,Brooklyn Village,99.21
12513704283,,35.2217699,-80.8463688,{'amenity': 'parking_entrance'},parking_entrance,,,,,,,,"Brooklyn Village,3rd St/Convention","66.91,363.75"
12513704297,,35.2216536,-80.8465945,"{'amenity': 'waste_basket', 'level': '1'}",waste_basket,,,,,,,,"Brooklyn Village,3rd St/Convention","42.93,387.99"
12513705111,,35.2215382,-80.8466158,{'amenity': 'parking_entrance'},parking_entrance,,,,,,,,"Brooklyn Village,3rd St/Convention","33.77,396.87"
12513705112,,35.2213247,-80.8468954,{'amenity': 'waste_basket'},waste_basket,,,,,,,,Brooklyn Village,8.3
12513705113,,35.2211559,-80.8472429,{'amenity': 'waste_basket'},waste_basket,,,,,,,,Brooklyn Village,37.87
12513705114,,35.2214113,-80.8469595,{'amenity': 'waste_basket'},waste_basket,,,,,,,,Brooklyn Village,2.95
12513705115,,35.2212429,-80.8473053,{'amenity': 'waste_basket'},waste_basket,,,,,,,,Brooklyn Village,37.03
12513705116,,35.2213695,-80.8464554,"{'access': 'yes', 'amenity': 'bicycle_parking', 'bicycle_parking': 'stands', 'capacity': '4', 'covered': 'no'}",bicycle_parking,,,,,,,,"Brooklyn Village,3rd St/Convention","44.16,396.51"
12513705117,,35.2213574,-80.8464172,{'amenity': 'waste_basket'},waste_basket,,,,,,,,"Brooklyn Village,3rd St/Convention","47.71,394.65"
12513705157,Dos Caminos,35.2230615,-80.8486917,"{'amenity': 'restaurant', 'cuisine': 'mexican', 'name': 'Dos Caminos'}",restaurant,,,,,,,,Brooklyn Village,244.49
12513705158,,35.2229938,-80.8502695,"{'access': 'yes', 'amenity': 'bicycle_parking', 'bicycle_parking': 'stands', 'capacity': '6', 'covered': 'no'}",bicycle_parking,,,,,,,,Brooklyn Village,351.35
12513705159,,35.2231634,-80.8505888,{'amenity': 'bench'},bench,,,,,,,,Brooklyn Village,385.93
12513705160,,35.223179,-80.8506158,{'amenity': 'waste_basket'},waste_basket,,,,,,,,Brooklyn Village,388.92
12513705161,,35.2231843,-80.8506272,"{'amenity': 'recycling', 'recycling_type': 'container'}",recycling,,,,,,,,Brooklyn Village,390.12
12513705162,,35.2238645,-80.8504097,{'amenity': 'waste_basket'},waste_basket,,,,,,,,Brooklyn Village,418.34
12513705163,,35.2237602,-80.8503688,{'amenity': 'waste_basket'},waste_basket,,,,,,,,Brooklyn Village,407.99
12513705164,,35.2235643,-80.8506479,{'amenity': 'waste_basket'},waste_basket,,,,,,,,Brooklyn Village,414.74
12513705165,,35.2235128,-80.8509269,{'amenity': 'waste_basket'},waste_basket,,,,,,,,Brooklyn Village,432.51
12513705179,,35.224138,-80.8503903,{'amenity': 'waste_basket'},waste_basket,,,,,,,,Brooklyn Village,437.57
12513705180,,35.2242704,-80.8505256,{'amenity': 'waste_basket'},waste_basket,,,,,,,,Brooklyn Village,456.63
12513705185,,35.224318,-80.8507239,{'amenity': 'parking_entrance'},parking_entrance,,,,,,,,Brooklyn Village,473.3
12513705187,,35.224246,-80.8507426,"{'access': 'yes', 'amenity': 'bicycle_parking', 'bicycle_parking': 'stands', 'capacity': '28', 'covered': 'yes'}",bicycle_parking,,,,,,,,Brooklyn Village,469.12
12513705188,Caroline's Oyster Bar,35.2227605,-80.8479514,"{'amenity': 'restaurant', 'cuisine': 'seafood', 'name': ""Caroline's Oyster Bar""}",restaurant,,,,,,,,"Brooklyn Village,3rd St/Convention","177.69,454.99"
12513705189,Dean's Italian Steakhouse,35.2225878,-80.8477666,"{'amenity': 'restaurant', 'cuisine': 'steak_house', 'name': ""Dean's Italian Steakhouse""}",restaurant,,,,,,,,"Brooklyn Village,3rd St/Convention","152.66,443.07"
12513705208,,35.2223637,-80.8474007,"{'amenity': 'recycling', 'recycling_type': 'container'}",recycling,,,,,,,,"Brooklyn Village,3rd St/Convention","115.84,418.5"
12513705209,,35.2223496,-80.8473822,{'amenity': 'waste_basket'},waste_basket,,,,,,,,"Brooklyn Village,3rd St/Convention","113.77,417.43"
12513705214,,35.2212798,-80.8463048,"{'amenity': 'bicycle_parking', 'bicycle_parking': 'stands', 'capacity': '6', 'covered': 'yes'}",bicycle_parking,,,,,,,,"Brooklyn Village,3rd St/Convention","59.08,392.4"
12513705221,,35.2204204,-80.8459297,"{'access': 'yes', 'amenity': 'bicycle_parking', 'bicycle_parking': 'stands', 'capacity': '12', 'covered': 'yes', 'foot_traffic': 'low'}",bicycle_parking,,,,,,,,"Brooklyn Village,3rd St/Convention","141.48,439.69"
12513705222,,35.2200977,-80.8457881,{'amenity': 'bench'},bench,,,,,,,,"Brooklyn Village,3rd St/Convention","177.56,461.91"
12513705223,,35.2200838,-80.8457971,{'amenity': 'bench'},bench,,,,,,,,"Brooklyn Village,3rd St/Convention","178.33,463.65"
12513705224,,35.2200748,-80.8458229,{'amenity': 'waste_basket'},waste_basket,,,,,,,,"Brooklyn Village,3rd St/Convention","177.79,465.76"
12513705225,,35.2198394,-80.8458092,{'amenity': 'bench'},bench,,,,,,,,Brooklyn Village,200.4
12513705226,,35.2198601,-80.8457455,{'amenity': 'bench'},bench,,,,,,,,Brooklyn Village,201.5
12513705227,,35.2198478,-80.8460153,"{'access': 'yes', 'amenity': 'bicycle_parking', 'bicycle_parking': 'stands', 'capacity': '4', 'covered': 'no'}",bicycle_parking,,,,,,,,Brooklyn Village,190.61
12513705308,,35.2207422,-80.8436706,{'amenity': 'waste_basket'},waste_basket,,,,,,,,"Brooklyn Village,3rd St/Convention","306.08,322.86"
12513705309,,35.2213722,-80.8428629,{'amenity': 'waste_basket'},waste_basket,,,,,,,,"3rd St/Convention,Brooklyn Village","248.82,371.04"
12513705310,,35.2213244,-80.8429539,"{'amenity': 'bench', 'backrest': 'no'}",bench,,,,,,,,"3rd St/Convention,Brooklyn Village","253.66,362.83"
12513705311,,35.2213792,-80.8429495,"{'amenity': 'bench', 'backrest': 'no'}",bench,,,,,,,,"3rd St/Convention,Brooklyn Village","247.6,363.16"
12513705312,,35.2214071,-80.8429123,"{'amenity': 'bench', 'backrest': 'no'}",bench,,,,,,,,"3rd St/Convention,Brooklyn Village","244.67,366.55"
12513705313,,35.2214415,-80.8429417,"{'amenity': 'bench', 'backrest': 'no'}",bench,,,,,,,,"3rd St/Convention,Brooklyn Village","240.73,363.91"
12513705314,,35.2214142,-80.8429816,"{'amenity': 'bench', 'backrest': 'no'}",bench,,,,,,,,"3rd St/Convention,Brooklyn Village","243.62,360.25"
12513705315,,35.2214766,-80.8429714,"{'amenity': 'bench', 'backrest': 'no'}",bench,,,,,,,,"3rd St/Convention,Brooklyn Village","236.73,361.29"
12513705316,,35.2215059,-80.8430079,"{'amenity': 'bench', 'backrest': 'no'}",bench,,,,,,,,"3rd St/Convention,Brooklyn Village","233.39,358.07"
12513705317,,35.2215643,-80.8430191,"{'amenity': 'bench', 'backrest': 'no'}",bench,,,,,,,,"3rd St/Convention,Brooklyn Village","226.9,357.35"
12513705318,,35.2216207,-80.84303,{'amenity': 'waste_basket'},waste_basket,,,,,,,,"3rd St/Convention,Brooklyn Village,CTC/Arena","220.63,356.75,403.39"
12513705319,,35.2216254,-80.8436692,{'amenity': 'waste_basket'},waste_basket,,,,,,,,,
12513705320,,35.2215457,-80.8482949,"{'access': 'yes', 'amenity': 'bicycle_parking', 'bicycle_parking': 'wave', 'capacity': '11', 'covered': 'yes'}",bicycle_parking,,,,,,,,Brooklyn Village,124.51
12513705321,,35.2195318,-80.8451439,"{'amenity': 'vending_machine', 'bin': 'yes', 'vending': 'excrement_bags'}",vending_machine,,,,,,,,Brooklyn Village,263.03
12513705323,,35.219456,-80.8448174,{'amenity': 'bench'},bench,,,,,,,,Brooklyn Village,288.65
12513705328,,35.2191383,-80.8444448,{'amenity': 'parking_entrance'},parking_entrance,,,,,,,,Brooklyn Village,337.52
12513705329,,35.2191335,-80.844591,{'amenity': 'parking_entrance'},parking_entrance,,,,,,,,Brooklyn Village,329.12
12513705342,,35.2189873,-80.8444736,{'amenity': 'parking_entrance'},parking_entrance,,,,,,,,Brooklyn Village,348.4
12513705344,,35.2192211,-80.8446475,{'amenity': 'bench'},bench,,,,,,,,Brooklyn Village,318.41
12513705377,,35.2192629,-80.8445823,{'amenity': 'bench'},bench,,,,,,,,Brooklyn Village,318.88
12513705392,,35.2188853,-80.8444305,"{'access': 'yes', 'amenity': 'bicycle_parking', 'bicycle_parking': 'stands', 'capacity': '6', 'covered': 'yes'}",bicycle_parking,,,,,,,,Brooklyn Village,359.6
12513705393,,35.2189542,-80.8443648,{'amenity': 'bench'},bench,,,,,,,,Brooklyn Village,357.63
12513705394,,35.2190357,-80.844337,{'amenity': 'bench'},bench,,,,,,,,Brooklyn Village,352.54
12513705395,,35.2190295,-80.8442482,{'amenity': 'bench'},bench,,,,,,,,Brooklyn Village,358.53
12513705396,,35.219077,-80.844205,{'amenity': 'bench'},bench,,,,,,,,Brooklyn Village,357.42
12513705397,,35.2191241,-80.8442244,{'amenity': 'bench'},bench,,,,,,,,Brooklyn Village,352.45
12513705398,,35.2188132,-80.8435569,"{'amenity': 'vending_machine', 'bin': 'yes', 'vending': 'excrement_bags'}",vending_machine,,,,,,,,Brooklyn Village,420.07
12513705399,CityVet,35.2186742,-80.843531,"{'amenity': 'veterinary', 'name': 'CityVet'}",veterinary,,,,,,,,Brooklyn Village,432.39
12513705411,,35.2186453,-80.8432917,"{'access': 'yes', 'amenity': 'bicycle_parking', 'bicycle_parking': 'stands', 'capacity': '4', 'covered': 'no'}",bicycle_parking,,,,,,,,Brooklyn Village,450.43
12513705412,,35.2182899,-80.8431096,"{'access': 'yes', 'amenity': 'bicycle_parking', 'bicycle_parking': 'stands', 'capacity': '10', 'covered': 'yes'}",bicycle_parking,,,,,,,,Brooklyn Village,489.61
12948241677,,35.2230993,-80.8504432,{'amenity': 'parking_entrance'},parking_entrance,,,,,,,,Brooklyn Village,370.91
12948241684,,35.2230563,-80.8502667,{'amenity': 'parking_entrance'},parking_entrance,,,,,,,,Brooklyn Village,354.69
12963151031,Grace Zion Church,35.2232018,-80.8417435,"{'amenity': 'place_of_worship', 'name': 'Grace Zion Church', 'religion': 'christian'}",place_of_worship,,,,,,,,"3rd St/Convention,CTC/Arena,Brooklyn Village","128.07,202.0,513.82"
12985837801,Mimosa Grill,35.2246374,-80.8455653,"{'addr:housenumber': '327', 'addr:postcode': '28203', 'addr:street': 'South Tryon Street', 'amenity': 'restaurant', 'cuisine': 'american', 'internet_access': 'wlan', 'level': '0', 'name': 'Mimosa Grill', 'opening_hours': 'Mo-Sa 11:30-21:00; Su 10:30-14:00', 'website': 'https://mimosagrill.com/'}",restaurant,,,,,,,,"3rd St/Convention,Brooklyn Village","254.87,381.25"
13233666025,JINYA Ramen Bar,35.2226607,-80.849213,"{'amenity': 'restaurant', 'brand': 'JINYA Ramen Bar', 'brand:wikidata': 'Q16997755', 'cuisine': 'ramen', 'name': 'JINYA Ramen Bar', 'short_name': 'JINYA'}",restaurant,,,,,,,,Brooklyn Village,250.29
13233666026,Salata Salad Kitchen,35.2229706,-80.8488308,"{'amenity': 'fast_food', 'cuisine': 'salad', 'name': 'Salata Salad Kitchen'}",fast_food,,,,,,,,Brooklyn Village,245.63
13233666028,Que Fresca Taqueria,35.2229194,-80.8471179,"{'amenity': 'restaurant', 'cuisine': 'mexican', 'name': 'Que Fresca Taqueria'}",restaurant,,,,,,,,"Brooklyn Village,3rd St/Convention","170.38,377.14"
13316712069,Uptown Park&Wash,35.2232716,-80.8433355,"{'addr:city': 'Charlotte', 'addr:housenumber': '227', 'addr:postcode': '28202', 'addr:state': 'NC', 'addr:street': 'East 3rd Street', 'amenity': 'car_wash', 'check_date': '2025-11-19', 'currency:XBT': 'yes', 'name': 'Uptown Park&Wash', 'opening_hours': 'Mo-Fr 08:00-17:00; Sa-Su 08:00-12:00', 'payment:lightning': 'yes', 'payment:lightning:operator': 'square', 'payment:lightning_contactless': 'no', 'payment:onchain': 'no'}",car_wash,,,,,,,,"3rd St/Convention,CTC/Arena,Brooklyn Village","45.13,260.93,388.77"
13328798501,,35.2255597,-80.8469845,"{'access': 'yes', 'amenity': 'bicycle_parking', 'bicycle_parking': 'wave', 'capacity': '7', 'covered': 'yes', 'indoor': 'no'}",bicycle_parking,,,,,,,,"3rd St/Convention,Brooklyn Village","417.49,462.44"
13332382768,Oh My Soul On The Moo've,35.2226509,-80.848678,"{'addr:city': 'Charlotte', 'addr:housenumber': '601', 'addr:postcode': '28202', 'addr:state': 'NC', 'addr:street': 'South Tryon Street', 'addr:unit': 'A137', 'amenity': 'restaurant', 'name': ""Oh My Soul On The Moo've"", 'phone': '+1-980-236-8531', 'website': 'https://www.ohmysoulusa.com'}",restaurant,,,,,,,,Brooklyn Village,211.12
13457125329,,35.223481,-80.8435512,{'amenity': 'waste_basket'},waste_basket,,,,,,,,"3rd St/Convention,CTC/Arena,Brooklyn Village","46.93,258.96,385.85"
13457125331,,35.2234621,-80.8435844,{'amenity': 'waste_basket'},waste_basket,,,,,,,,"3rd St/Convention,CTC/Arena,Brooklyn Village","50.46,262.62,382.18"
13457166631,Night Swim Coffee,35.2242077,-80.844575,"{'amenity': 'cafe', 'cuisine': 'coffee_shop', 'level': '1', 'name': 'Night Swim Coffee'}",cafe,,,,,,,,"3rd St/Convention,CTC/Arena,Brooklyn Village","152.98,302.87,379.43"
13457166632,Smoothie King,35.2241715,-80.8446711,"{'amenity': 'fast_food', 'brand': 'Smoothie King', 'brand:wikidata': 'Q5491421', 'cuisine': 'juice', 'level': '1', 'name': 'Smoothie King', 'takeaway': 'yes'}",fast_food,,,,,,,,"3rd St/Convention,CTC/Arena,Brooklyn Village","159.29,312.4,371.2"
131139733,Knight Theater,35.2249144,-80.8478739,"{'addr:city': 'Charlotte', 'addr:housenumber': '430', 'addr:postcode': '28202', 'addr:state': 'NC', 'addr:street': 'South Tryon Street', 'amenity': 'theatre', 'building': 'yes', 'height': '27', 'name': 'Knight Theater'}",theatre,,,,,,,,Brooklyn Village,399.99
174171808,Lot #402,35.2231215,-80.8412855,"{'addr:city': 'Charlotte', 'addr:housenumber': '402', 'addr:postcode': '28202', 'addr:state': 'NC', 'addr:street': 'East 4th Street', 'amenity': 'parking', 'fee': 'yes', 'name': 'Lot #402', 'operator': 'Preferred Parking', 'parking': 'surface', 'surface': 'asphalt'}",parking,,,,,,,,"3rd St/Convention,CTC/Arena","170.33,208.54"
174301661,Lot #501,35.2199217,-80.843385,"{'addr:city': 'Charlotte', 'addr:housenumber': '501', 'addr:postcode': '28202', 'addr:state': 'NC', 'addr:street': 'South Caldwell Street', 'amenity': 'parking', 'fee': 'yes', 'name': 'Lot #501', 'operator': 'E-Z Parking', 'parking': 'surface', 'surface': 'asphalt'}",parking,,,,,,,,,
239813217,Charlotte Convention Center,35.2220913,-80.84533,"{'addr:state': 'NC', 'amenity': 'conference_centre', 'building': 'yes', 'ele': '227', 'gnis:feature_id': '2025493', 'height': '23', 'layer': '1', 'name': 'Charlotte Convention Center', 'source': 'USGS Geonames', 'wikidata': 'Q5085885'}",conference_centre,,,,,,,,"Brooklyn Village,3rd St/Convention","165.88,266.54"
322993022,,35.2230771,-80.8434573,{'amenity': 'parking'},parking,,,,,,,,"3rd St/Convention,CTC/Arena,Brooklyn Village","69.28,284.37,368.05"
461398123,Duke Energy Parking,35.2258693,-80.8501319,"{'access': 'permit', 'amenity': 'parking', 'name': 'Duke Energy Parking', 'operator': 'Duke Energy', 'operator:type': 'private', 'parking': 'surface', 'surface': 'asphalt'}",parking,,,,,,,,,
469145609,Child’s Play Fountain,35.2251383,-80.8457091,"{'amenity': 'fountain', 'name': 'Child’s Play Fountain'}",fountain,,,,,,,,"3rd St/Convention,CTC/Arena,Brooklyn Village","294.69,393.34,430.52"
500195164,St. Peter's Catholic Church,35.2238291,-80.84731,"{'addr:city': 'Charlotte', 'addr:housenumber': '507', 'addr:postcode': '28202', 'addr:state': 'NC', 'addr:street': 'South Tryon Street', 'amenity': 'place_of_worship', 'building': 'yes', 'denomination': 'catholic', 'height': '23', 'name': ""St. Peter's Catholic Church"", 'religion': 'christian', 'wikidata': 'Q7591308', 'wikipedia': ""en:St. Peter's Catholic Church (Charlotte, North Carolina)""}",place_of_worship,,,,,,,,"Brooklyn Village,3rd St/Convention","272.59,387.52"
695677598,,35.2203755,-80.8427111,"{'amenity': 'parking', 'building': 'yes', 'building:levels': '14', 'parking': 'multi-storey'}",parking,,,,,,,,,
695677599,,35.2205203,-80.8428153,"{'access': 'customers', 'amenity': 'parking', 'building': 'parking', 'building:levels': '5', 'fee': 'yes', 'parking': 'multi-storey'}",parking,,,,,,,,,
695677601,,35.2202368,-80.8425723,"{'access': 'customers', 'amenity': 'parking', 'building': 'parking', 'building:levels': '5', 'fee': 'yes', 'parking': 'multi-storey'}",parking,,,,,,,,"3rd St/Convention,Brooklyn Village","376.71,417.55"
715062090,Legacy Union Seven20,35.2240013,-80.8510448,"{'access': 'yes', 'addr:city': 'Charlotte', 'addr:housenumber': '720', 'addr:postcode': '28202', 'addr:state': 'NC', 'addr:street': 'South Church Street', 'amenity': 'parking', 'building': 'parking', 'building:levels': '10', 'fee': 'yes', 'height': '49', 'name': 'Legacy Union Seven20', 'operator': 'LAZ Parking', 'operator:type': 'private', 'parking': 'multi-storey', 'payment:credit_cards': 'yes', 'payment:debit_cards': 'yes', 'surface': 'concrete'}",parking,,,,,,,,,
766639183,Prefered Parking,35.2212678,-80.8415254,"{'access': 'yes', 'addr:city': 'Charlotte', 'addr:housenumber': '300', 'addr:postcode': '28202', 'addr:state': 'NC', 'addr:street': 'South Davidson Street', 'amenity': 'parking', 'fee': 'yes', 'maxstay': '12 hours', 'name': 'Prefered Parking', 'operator:type': 'private', 'parking': 'surface', 'surface': 'asphalt'}",parking,,,,,,,,"3rd St/Convention,Brooklyn Village","294.91,492.94"
1046738977,Ally Charlotte Center Parking Deck,35.2223123,-80.8484562,"{'access': 'yes', 'amenity': 'parking', 'building': 'yes', 'capacity:disabled': '1400', 'fee': 'yes', 'layer': '1', 'name': 'Ally Charlotte Center Parking Deck', 'parking': 'multi-storey', 'surface': 'concrete'}",parking,,,,,,,,,
1046738980,Golden Cow Creamery Uptown,35.2230655,-80.8483483,"{'addr:city': 'Charlotte', 'addr:housenumber': '601', 'addr:postcode': '28202', 'addr:state': 'NC', 'addr:street': 'South Tryon Street', 'amenity': 'ice_cream', 'building': 'yes', 'name': 'Golden Cow Creamery Uptown', 'outdoor_seating': 'yes'}",ice_cream,,,,,,,,Brooklyn Village,225.73
1046738994,,35.2231961,-80.848476,"{'amenity': 'bench', 'backrest': 'no', 'material': 'marble'}",bench,,,,,,,,Brooklyn Village,244.25
1047699837,330 South Tryon Parking Garage,35.2256457,-80.8469423,"{'access': 'yes', 'amenity': 'parking', 'building': 'yes', 'capacity': '250', 'fee': 'yes', 'name': '330 South Tryon Parking Garage', 'operator': 'Preferred Parking', 'parking': 'multi-storey', 'surface': 'concrete'}",parking,,,,,,,,3rd St/Convention,419.27
1047699853,400 South Tryon Parking Garage,35.2253497,-80.8474483,"{'access': 'yes', 'amenity': 'parking', 'building': 'yes', 'capacity': '495', 'fee': 'yes', 'name': '400 South Tryon Parking Garage', 'operator': 'Preffered Parking', 'parking': 'multi-storey', 'surface': 'concrete'}",parking,,,,,,,,,
1090622203,,35.2221518,-80.8422876,{'amenity': 'parking'},parking,,,,,,,,"3rd St/Convention,CTC/Arena,Brooklyn Village","176.33,326.26,431.74"
1102373278,,35.2201999,-80.8450962,"{'amenity': 'bench', 'backrest': 'no', 'material': 'wood'}",bench,,,,,,,,"Brooklyn Village,3rd St/Convention","213.48,421.14"
1102373279,,35.2203673,-80.8452689,"{'amenity': 'bench', 'backrest': 'no', 'material': 'wood'}",bench,,,,,,,,"Brooklyn Village,3rd St/Convention","189.72,411.99"
1102373280,,35.2204156,-80.8453218,"{'amenity': 'bench', 'backrest': 'no', 'material': 'wood'}",bench,,,,,,,,"Brooklyn Village,3rd St/Convention","182.66,409.72"
1190021160,,35.2229322,-80.8454958,"{'amenity': 'fountain', 'natural': 'water'}",fountain,,,,,,,,"Brooklyn Village,3rd St/Convention","215.7,234.06"
1327104767,,35.2237994,-80.8466892,"{'amenity': 'parking', 'layer': '-1', 'parking': 'underground'}",parking,,,,,,,,"Brooklyn Village,3rd St/Convention","268.18,330.93"
1350996122,,35.2204167,-80.8461525,"{'amenity': 'parking', 'building': 'yes', 'height': '29', 'parking': 'multi-storey'}",parking,,,,,,,,"Brooklyn Village,3rd St/Convention","129.57,452.35"
1351490868,,35.2212232,-80.8479106,"{'amenity': 'parking', 'building': 'yes', 'height': '5', 'parking': 'multi-storey'}",parking,,,,,,,,Brooklyn Village,90.25
1372094547,,35.2239895,-80.8495663,"{'amenity': 'parking', 'building': 'yes', 'height': '29', 'parking': 'multi-storey'}",parking,,,,,,,,,
1407466862,,35.2186946,-80.8417007,{'amenity': 'parking'},parking,,,,,,,,,
1409110310,,35.2233644,-80.8503158,"{'amenity': 'parking', 'building': 'yes', 'height': '25', 'parking': 'multi-storey'}",parking,,,,,,,,,
1429557535,,35.2214263,-80.8513386,"{'amenity': 'parking', 'parking': 'surface'}",parking,,,,,,,,Carson,285.06
1429557536,,35.2218384,-80.8516092,{'amenity': 'parking'},parking,,,,,,,,Carson,334.58
1429557537,,35.2216403,-80.8509974,{'amenity': 'parking'},parking,,,,,,,,"Carson,Brooklyn Village","305.39,370.29"
1429557538,,35.2210932,-80.8505305,{'amenity': 'parking'},parking,,,,,,,,"Carson,Brooklyn Village","245.85,328.41"
4716137,Metro School,35.2190789,-80.8421271,"{'amenity': 'school', 'building': 'school', 'ele': '209', 'gnis:feature_id': '1984523', 'height': '13', 'name': 'Metro School', 'type': 'multipolygon'}",school,,,,,,,,,
6054693,,35.2237503,-80.8420914,"{'amenity': 'parking', 'fee': 'yes', 'parking': 'surface', 'surface': 'asphalt', 'type': 'multipolygon'}",parking,,,,,,,,"3rd St/Convention,CTC/Arena","89.51,152.58"
11093041435,Amelie’s,35.2242307,-80.845226,"{'addr:city': 'Charlotte', 'addr:housenumber': '380', 'addr:postcode': '28202', 'addr:state': 'NC', 'addr:street': 'South College Street', 'name': 'Amelie’s', 'opening_hours': 'Mo-Su 08:00-17:00', 'phone': '+1-704-899-0088', 'shop': 'bakery', 'website': 'https://www.ameliesfrenchbakery.com'}",,bakery,,,,,,,"3rd St/Convention,Brooklyn Village,CTC/Arena","208.79,351.54,359.36"
11648968547,Whole Foods Market,35.2212955,-80.8465278,"{'addr:city': 'Charlotte', 'addr:housenumber': '400', 'addr:postcode': '28202', 'addr:state': 'NC', 'addr:street': 'East Brooklyn Village Avenue', 'branch': 'Uptown Charlotte', 'brand': 'Whole Foods Market', 'brand:wikidata': 'Q1809448', 'check_date': '2024-10-03', 'check_date:opening_hours': '2024-10-03', 'name': 'Whole Foods Market', 'opening_hours': 'Mo-Su 08:00-22:00', 'phone': '+1 704-969-5950', 'ref': 'uptowncharlotte', 'shop': 'supermarket', 'website': 'https://www.wholefoodsmarket.com/stores/uptowncharlotte'}",,supermarket,,,,,,,Brooklyn Village,38.95
12513705155,Scissors & Scotch,35.2224642,-80.849236,"{'addr:city': 'Charlotte', 'addr:housenumber': '601', 'addr:postcode': '28202', 'addr:state': 'NC', 'addr:street': 'S. Tryon Street', 'addr:unit': 'Suite 134', 'hairdresser': 'barber', 'name': 'Scissors & Scotch', 'opening_hours': 'Mo-Fr 10:00-19:00; Su 11:00-17:00; Sa 09:00-17:00', 'payment:cash': 'yes', 'payment:contactless': 'yes', 'payment:credit_cards': 'yes', 'phone': '+1-704-970-4141', 'shop': 'hairdresser', 'website': 'https://scissorsscotch.com/'}",,hairdresser,,,,,,,Brooklyn Village,240.52
12513705306,CVS Pharmacy,35.2201038,-80.8451584,"{'brand': 'CVS Pharmacy', 'brand:wikidata': 'Q2078880', 'name': 'CVS Pharmacy', 'shop': 'chemist', 'short_name': 'CVS'}",,chemist,,,,,,,"Brooklyn Village,3rd St/Convention","215.95,433.2"
12513705413,Salon Lofts,35.2183449,-80.8431339,"{'name': 'Salon Lofts', 'shop': 'beauty'}",,beauty,,,,,,,Brooklyn Village,483.76
13375183512,Uptown Cuts,35.2239237,-80.8440337,"{'addr:city': 'Charlotte', 'addr:housenumber': '301', 'addr:postcode': '28202', 'addr:state': 'NC', 'addr:street': 'South College Street', 'addr:unit': '130', 'check_date': '2025-12-14', 'contact:instagram': 'https://www.instagram.com/uptowncuts_clt', 'currency:XBT': 'yes', 'hairdresser': 'barber', 'name': 'Uptown Cuts', 'opening_hours': 'Mo-Fr 09:00-19:00; Sa 09:00-15:00', 'payment:lightning': 'yes', 'payment:lightning:operator': 'square', 'payment:lightning_contactless': 'no', 'payment:onchain': 'no', 'phone': '+1-980-483-8618', 'shop': 'hairdresser', 'website': 'https://www.uptowncutsclt.com/'}",,hairdresser,,,,,,,"3rd St/Convention,CTC/Arena,Brooklyn Village","95.19,268.56,385.88"
13457166644,Overstreet Market,35.223869,-80.844594,"{'level': '1', 'name': 'Overstreet Market', 'shop': 'convenience'}",,convenience,,,,,,,"3rd St/Convention,CTC/Arena,Brooklyn Village","142.52,317.4,348.08"
432940147,Charlotte Cigar Culture,35.2209066,-80.8508606,"{'building': 'yes', 'name': 'Charlotte Cigar Culture', 'shop': 'tobacco'}",,tobacco,,,,,,,"Carson,Brooklyn Village","223.66,360.8"
13457166645,Childress Klein YMCA,35.2237794,-80.8443278,"{'brand': 'YMCA', 'brand:wikidata': 'Q157169', 'leisure': 'sports_centre', 'name': 'Childress Klein YMCA'}",,,sports_centre,,,,,,"3rd St/Convention,CTC/Arena,Brooklyn Village","116.89,299.66,355.99"
131139739,The Green,35.2238147,-80.8467892,"{'leisure': 'park', 'name': 'The Green', 'source': 'Bing', 'wikidata': 'Q7738116'}",,,park,,,,,,"Brooklyn Village,3rd St/Convention","269.25,340.13"
861268757,,35.2245355,-80.8477304,{'leisure': 'garden'},,,garden,,,,,,Brooklyn Village,356.18
861268758,,35.2244749,-80.8476654,{'leisure': 'garden'},,,garden,,,,,,"Brooklyn Village,3rd St/Convention","348.43,429.94"
861268759,,35.2244157,-80.8476012,{'leisure': 'garden'},,,garden,,,,,,"Brooklyn Village,3rd St/Convention","340.9,422.81"
861268760,,35.2244549,-80.8475436,{'leisure': 'garden'},,,garden,,,,,,"Brooklyn Village,3rd St/Convention","344.31,418.64"
861268761,,35.2245162,-80.8476055,{'leisure': 'garden'},,,garden,,,,,,Brooklyn Village,351.95
861268762,,35.2245779,-80.8476675,{'leisure': 'garden'},,,garden,,,,,,Brooklyn Village,359.69
909468311,,35.2238752,-80.8466705,{'leisure': 'garden'},,,garden,,,,,,"Brooklyn Village,3rd St/Convention","276.7,329.88"
909468312,,35.2237846,-80.8465601,{'leisure': 'garden'},,,garden,,,,,,"Brooklyn Village,3rd St/Convention","267.8,319.11"
909468313,,35.2236499,-80.846718,{'leisure': 'garden'},,,garden,,,,,,"Brooklyn Village,3rd St/Convention","251.44,332.92"
909468314,,35.2237883,-80.8468423,{'leisure': 'garden'},,,garden,,,,,,"Brooklyn Village,3rd St/Convention","266.12,344.77"
909468321,,35.2241032,-80.8468594,{'leisure': 'garden'},,,garden,,,,,,"Brooklyn Village,3rd St/Convention","300.98,350.06"
909468323,,35.2239292,-80.8469593,{'leisure': 'garden'},,,garden,,,,,,"Brooklyn Village,3rd St/Convention","281.6,356.61"
909468324,,35.2234749,-80.8464445,{'leisure': 'garden'},,,garden,,,,,,"Brooklyn Village,3rd St/Convention","235.57,308.36"
909468325,,35.2235954,-80.8463039,{'leisure': 'garden'},,,garden,,,,,,"Brooklyn Village,3rd St/Convention","251.34,295.21"
909468328,,35.2234443,-80.8465083,{'leisure': 'garden'},,,garden,,,,,,"Brooklyn Village,3rd St/Convention","231.19,314.34"
909468329,,35.2235605,-80.8467184,{'leisure': 'garden'},,,garden,,,,,,"Brooklyn Village,3rd St/Convention","241.55,332.97"
909468331,,35.2240241,-80.8471309,{'leisure': 'garden'},,,garden,,,,,,"Brooklyn Village,3rd St/Convention","292.64,373.3"
1332536453,,35.2238039,-80.8477851,"{'garden:type': 'landscaping', 'leisure': 'garden'}",,,garden,,,,,,"Brooklyn Village,3rd St/Convention","278.53,430.53"
1332536455,,35.2236241,-80.8480551,"{'garden:type': 'landscaping', 'leisure': 'garden'}",,,garden,,,,,,"Brooklyn Village,3rd St/Convention","267.74,454.57"
1332536457,,35.2235218,-80.8481671,"{'garden:type': 'landscaping', 'leisure': 'garden'}",,,garden,,,,,,"Brooklyn Village,3rd St/Convention","261.46,464.86"
1350996136,,35.2208751,-80.8464617,"{'access': 'private', 'leisure': 'swimming_pool', 'location': 'roof'}",,,swimming_pool,,,,,,Brooklyn Village,71.8
1351901030,,35.2192946,-80.8449365,{'leisure': 'swimming_pool'},,,swimming_pool,,,,,,Brooklyn Village,295.37
1352473408,,35.2242324,-80.8506112,{'leisure': 'outdoor_seating'},,,outdoor_seating,,,,,,Brooklyn Village,459.33
1352473422,,35.2218753,-80.8435416,{'leisure': 'outdoor_seating'},,,outdoor_seating,,,,,,"3rd St/Convention,Brooklyn Village","197.31,313.92"
1352473423,,35.2204515,-80.8446295,{'leisure': 'outdoor_seating'},,,outdoor_seating,,,,,,"Brooklyn Village,3rd St/Convention","234.62,378.28"
2503984448,Visitor Information Center,35.2248795,-80.8460352,"{'information': 'office', 'name': 'Visitor Information Center', 'tourism': 'information'}",,,,information,,,,,"3rd St/Convention,Brooklyn Village","305.17,395.65"
5016558822,Firebird,35.2243618,-80.8474951,"{'artist_name': 'Niki de Saint Phalle', 'artwork_type': 'sculpture', 'material': 'metal', 'name': 'Firebird', 'start_date': '2009', 'tourism': 'artwork'}",,,,artwork,,,,,"Brooklyn Village,3rd St/Convention","333.42,412.13"
10968050748,,35.223827,-80.8476613,"{'artwork_type': 'sculpture', 'tourism': 'artwork'}",,,,artwork,,,,,"Brooklyn Village,3rd St/Convention","278.12,419.42"
11083083004,,35.22352,-80.8462353,"{'artwork_type': 'sculpture', 'tourism': 'artwork'}",,,,artwork,,,,,"Brooklyn Village,3rd St/Convention","244.77,289.13"
11083145810,,35.2234226,-80.8463744,"{'artwork_type': 'sculpture', 'tourism': 'artwork'}",,,,artwork,,,,,"Brooklyn Village,3rd St/Convention","231.22,302.34"
11083145811,,35.2242878,-80.847069,"{'artwork_type': 'sculpture', 'material': 'brick', 'tourism': 'artwork'}",,,,artwork,,,,,"Brooklyn Village,3rd St/Convention","321.58,372.49"
12327899281,,35.2237529,-80.8475722,"{'artwork_type': 'sculpture', 'tourism': 'artwork'}",,,,artwork,,,,,"Brooklyn Village,3rd St/Convention","268.29,410.93"
12513705156,Museum of Illusions,35.2223345,-80.8491318,"{'name': 'Museum of Illusions', 'tourism': 'museum'}",,,,museum,,,,,Brooklyn Village,225.29
12513705322,"""Uptown""",35.2195841,-80.8448915,"{'artwork_type': 'installation', 'material': 'metal', 'name': '""Uptown""', 'tourism': 'artwork'}",,,,artwork,,,,,Brooklyn Village,273.61
120628262,Hyatt Place Charlotte Downtown,35.222597,-80.841087,"{'addr:city': 'Charlotte', 'addr:housenumber': '222', 'addr:postcode': '28202', 'addr:state': 'NC', 'addr:street': 'South Caldwell Street', 'branch': 'Charlotte Downtown', 'brand': 'Hyatt Place', 'brand:wikidata': 'Q72629292', 'building': 'yes', 'building:levels': '17', 'height': '103', 'name': 'Hyatt Place Charlotte Downtown', 'phone': '+1 704-227-0500', 'tourism': 'hotel', 'website': 'https://www.hyatt.com/en-us/hotel/north-carolina/hyatt-place-charlotte-downtown/cltzu'}",,,,hotel,,,,,"3rd St/Convention,CTC/Arena","211.8,267.92"
131139722,Harvey B. Gantt Center for African American Arts & Culture,35.2231064,-80.8479206,"{'addr:city': 'Charlotte', 'addr:housenumber': '551', 'addr:postcode': '28202', 'addr:state': 'NC', 'addr:street': 'South Tryon Street', 'building': 'yes', 'email': 'gsa@ganttcenter.org', 'height': '29', 'museum': 'art', 'name': 'Harvey B. Gantt Center for African American Arts & Culture', 'phone': '+1 704 547 3700', 'tourism': 'museum', 'website': 'https://www.ganttcenter.org/', 'wikidata': 'Q16983412'}",,,,museum,,,,,"Brooklyn Village,3rd St/Convention","210.23,445.84"
131139728,Bechtler Museum Of Modern Art,35.2245865,-80.8474035,"{'addr:city': 'Charlotte', 'addr:housenumber': '420', 'addr:postcode': '28202', 'addr:state': 'NC', 'addr:street': 'South Tryon Street', 'building': 'yes', 'height': '30', 'name': 'Bechtler Museum Of Modern Art', 'phone': '+1-704-353-9200', 'tourism': 'museum', 'website': 'https://www.bechtler.org/', 'wikidata': 'Q4878575', 'wikipedia': 'en:Bechtler Museum of Modern Art'}",,,,museum,,,,,"Brooklyn Village,3rd St/Convention","356.99,409.84"
131139755,Mint Museum Uptown,35.2245205,-80.8483605,"{'addr:city': 'Charlotte', 'addr:housenumber': '500', 'addr:postcode': '28202', 'addr:state': 'NC', 'addr:street': 'South Tryon Street', 'building': 'yes', 'building:levels': '3', 'fee': 'yes', 'height': '31', 'museum': 'art', 'name': 'Mint Museum Uptown', 'name:en': 'Mint Museum Uptown', 'opening_hours:url': 'https://www.mintmuseum.org/plan-your-visit/mint-museum-uptown/#hours', 'phone': '+1 704 337 2000', 'tourism': 'museum', 'website': 'https://www.mintmuseum.org/', 'wheelchair': 'yes', 'wikidata': 'Q6869561'}",,,,museum,,,,,Brooklyn Village,370.46
322278731,NASCAR Hall of Fame,35.2210348,-80.8441204,"{'addr:city': 'Charlotte', 'addr:housenumber': '400', 'addr:postcode': '28202', 'addr:state': 'NC', 'addr:street': 'East Martin Luther King Jr Boulevard', 'building': 'yes', 'check_date:opening_hours': '2023-02-17', 'fee': 'yes', 'height': '60', 'name': 'NASCAR Hall of Fame', 'opening_hours': 'Mo-Su 10:00-17:00; Tu off', 'source': 'Bing', 'toilets:wheelchair': 'yes', 'tourism': 'museum', 'website': 'https://www.nascarhall.com/', 'wheelchair': 'yes', 'wikidata': 'Q1443089'}",,,,museum,,,,,"Brooklyn Village,3rd St/Convention","259.61,301.45"
380092605,Hilton Charlotte Uptown,35.2239118,-80.8437606,"{'addr:city': 'Charlotte', 'addr:housenumber': '222', 'addr:postcode': '28202', 'addr:state': 'NC', 'addr:street': 'East 3rd Street', 'brand': 'Hilton', 'brand:wikidata': 'Q598884', 'building': 'yes', 'building:levels': '10', 'height': '83', 'internet_access': 'yes', 'layer': '1', 'name': 'Hilton Charlotte Uptown', 'phone': '+1-704-377-1500', 'tourism': 'hotel', 'website': 'https://charlotteuptown.hilton.com', 'wikidata': 'Q111394608'}",,,,hotel,,,,,"3rd St/Convention,CTC/Arena,Brooklyn Village","72.01,247.19,402.41"
397372377,The Westin Charlotte,35.2217519,-80.8472572,"{'addr:city': 'Charlotte', 'addr:housenumber': '601', 'addr:postcode': '28202', 'addr:state': 'NC', 'addr:street': 'South College Street', 'brand': 'Westin', 'brand:wikidata': 'Q1969162', 'building': 'yes', 'height': '94', 'internet_access': 'wlan', 'level': '1', 'name': 'The Westin Charlotte', 'operator': 'The Westin Hotels', 'phone': '+1-704-375-2600', 'rooms': '700', 'smoking': 'no', 'tourism': 'hotel', 'website': 'https://www.marriott.com/en-us/hotels/cltcw-the-westin-charlotte/', 'wikidata': 'Q7988920'}",,,,hotel,,,,,,
500727932,Embassy Suites by Hilton Charlotte Uptown,35.2219781,-80.8425865,"{'addr:city': 'Charlotte', 'addr:housenumber': '401', 'addr:postcode': '28202', 'addr:state': 'NC', 'addr:street': 'East Martin Luther King Jr Boulevard', 'branch': 'Charlotte Uptown', 'brand': 'Embassy Suites', 'brand:wikidata': 'Q5369524', 'building': 'yes', 'building:levels': '9', 'height': '13', 'name': 'Embassy Suites by Hilton Charlotte Uptown', 'official_name': 'Embassy Suites by Hilton', 'ref': 'CLTMLES', 'tourism': 'hotel', 'website': 'https://www.hilton.com/en/hotels/cltmles-embassy-suites-charlotte-uptown/'}",,,,hotel,,,,,"3rd St/Convention,CTC/Arena,Brooklyn Village","186.04,352.38,401.52"
695677597,Hilton Garden Inn Charlotte Uptown,35.2206667,-80.8429395,"{'addr:city': 'Charlotte', 'addr:housenumber': '508', 'addr:postcode': '28202', 'addr:state': 'NC', 'addr:street': 'East Martin Luther King Jr Boulevard', 'branch': 'Charlotte Uptown', 'brand': 'Hilton Garden Inn', 'brand:wikidata': 'Q1162859', 'building': 'yes', 'building:levels': '15', 'internet_access': 'wlan', 'name': 'Hilton Garden Inn Charlotte Uptown', 'operator': 'Hilton', 'phone': '+1 704-347-5972', 'ref': 'CLTUPGI', 'tourism': 'hotel', 'website': 'https://hiltongardeninn3.hilton.com/en/hotels/north-carolina/hilton-garden-inn-charlotte-uptown-CLTUPGI/'}",,,,hotel,,,,,"3rd St/Convention,Brooklyn Village","326.6,372.8"
695677600,Hampton Inn Charlotte-Uptown,35.2201212,-80.8424078,"{'addr:city': 'Charlotte', 'addr:housenumber': '530', 'addr:postcode': '28202', 'addr:state': 'NC', 'addr:street': 'East Martin Luther King Jr Boulevard', 'alt_name': 'Hampton Inn', 'branch': 'Charlotte-Uptown', 'brand': 'Hampton', 'brand:wikidata': 'Q5646230', 'building': 'yes', 'building:levels': '10', 'name': 'Hampton Inn Charlotte-Uptown', 'note': 'Levels approximated', 'official_name': 'Hampton by Hilton', 'phone': '+1 704-373-0917', 'ref': 'CLTUTHX', 'tourism': 'hotel', 'website': 'https://hamptoninn3.hilton.com/en/hotels/north-carolina/hampton-inn-charlotte-uptown-CLTUTHX/'}",,,,hotel,,,,,"3rd St/Convention,Brooklyn Village","391.44,435.8"
695751577,Home2 Suites by Hilton,35.2202544,-80.8454478,"{'brand': 'Home2 Suites', 'brand:wikidata': 'Q5887912', 'building': 'yes', 'building:levels': '9', 'height': '40', 'name': 'Home2 Suites by Hilton', 'official_name': 'Home2 Suites by Hilton', 'tourism': 'hotel'}",,,,hotel,,,,,"Brooklyn Village,3rd St/Convention","185.21,430.94"
948973303,Courtyard Charlotte City Center,35.2255941,-80.8446822,"{'addr:city': 'Charlotte', 'addr:housenumber': '237', 'addr:postcode': '28202', 'addr:state': 'NC', 'addr:street': 'South Tryon Street', 'branch': 'Charlotte City Center', 'brand': 'Courtyard', 'brand:wikidata': 'Q1053170', 'building:part': 'yes', 'name': 'Courtyard Charlotte City Center', 'official_name': 'Courtyard by Marriott', 'phone': '+1 704-926-5800', 'ref': 'CLTUP', 'source': 'GPS', 'tourism': 'hotel', 'website': 'https://www.marriott.com/cltup'}",,,,hotel,,,,,"3rd St/Convention,CTC/Arena","264.97,306.75"
1046738979,JW Marriott Charlotte,35.2226486,-80.8479942,"{'addr:city': 'Charlotte', 'addr:housenumber': '600', 'addr:postcode': '28202', 'addr:state': 'NC', 'addr:street': 'South College Street', 'brand': 'JW Marriott', 'brand:wikidata': 'Q1067636', 'building': 'yes', 'height': '80', 'name': 'JW Marriott Charlotte', 'rooms': '381', 'tourism': 'hotel', 'website': 'https://www.marriott.com/en-us/hotels/cltjw-jw-marriott-charlotte/overview/'}",,,,hotel,,,,,"Brooklyn Village,3rd St/Convention","169.37,461.51"
1189773827,Element,35.2199872,-80.8459194,"{'brand': 'Element', 'brand:wikidata': 'Q91948072', 'building': 'yes', 'height': '33', 'name': 'Element', 'tourism': 'hotel'}",,,,hotel,,,,,Brooklyn Village,181.19
1194649376,,35.2253038,-80.8445942,"{'artwork_type': 'mural', 'tourism': 'artwork'}",,,,artwork,,,,,"3rd St/Convention,CTC/Arena,Brooklyn Village","234.05,293.53,483.7"
1194649389,,35.2252372,-80.8446255,"{'artwork_type': 'mural', 'tourism': 'artwork'}",,,,artwork,,,,,"3rd St/Convention,CTC/Arena,Brooklyn Village","229.91,295.61,475.81"
1194653338,,35.2253042,-80.844654,"{'artwork_type': 'mural', 'tourism': 'artwork'}",,,,artwork,,,,,"3rd St/Convention,CTC/Arena,Brooklyn Village","237.37,298.94,481.36"
12505635375,KPMG,35.2236047,-80.8500504,"{'brand': 'KPMG', 'brand:wikidata': 'Q493751', 'name': 'KPMG', 'office': 'consulting'}",,,,,consulting,,,,,
380092606,301 South College,35.2239236,-80.8447362,"{'addr:housenumber': '301', 'addr:street': 'South College Street', 'building': 'yes', 'height': '192', 'name': '301 South College', 'office': 'company', 'wikidata': 'Q3352669'}",,,,,company,,,,"3rd St/Convention,CTC/Arena,Brooklyn Village","156.45,327.07,345.21"
713125795,Regions 615,35.2215063,-80.8481096,"{'addr:city': 'Charlotte', 'addr:housenumber': '615', 'addr:postcode': '28202', 'addr:state': 'NC', 'addr:street': 'South College Street', 'air_conditioning': 'yes', 'building': 'yes', 'building:levels': '19', 'height': '91', 'layer': '1', 'name': 'Regions 615', 'office': 'company', 'operator': 'CBRE Global Investors', 'website': 'https://en.wikipedia.org/wiki/Regions_615', 'wikidata': 'Q29791440'}",,,,,company,,,,Brooklyn Village,107.22
8419403082,3rd Street/Convention Center,35.2236591,-80.8431931,"{'light_rail': 'yes', 'name': '3rd Street/Convention Center', 'network': 'LYNX', 'operator': 'CATS', 'public_transport': 'stop_position', 'railway': 'stop'}",,,,,,stop_position,,,"3rd St/Convention,CTC/Arena,Brooklyn Village","13.28,221.44,423.79"
8419403084,Brooklyn Village,35.2210919,-80.8475428,"{'light_rail': 'yes', 'name': 'Brooklyn Village', 'network': 'LYNX', 'operator': 'CATS', 'public_transport': 'stop_position', 'railway': 'stop'}",,,,,,stop_position,,,Brooklyn Village,64.05
8419403085,Brooklyn Village,35.2214189,-80.8468043,"{'light_rail': 'yes', 'name': 'Brooklyn Village', 'network': 'LYNX', 'operator': 'CATS', 'public_transport': 'stop_position', 'railway': 'stop'}",,,,,,stop_position,,,Brooklyn Village,12.76
9216411003,South College Street at East Brooklyn Village Avenue,35.2222489,-80.8475588,"{'bin': 'no', 'bus': 'yes', 'highway': 'bus_stop', 'name': 'South College Street at East Brooklyn Village Avenue', 'network': 'CATS', 'network:wikidata': 'Q5085831', 'operator': 'Charlotte Area Transit System', 'public_transport': 'platform', 'ref': '45399', 'route_ref': '5;16;35'}",,,,,,platform,,,"Brooklyn Village,3rd St/Convention","110.65,436.35"
9216459020,South Brevard Street at East Martin Luther King Jr Boulevard,35.222573,-80.843063,"{'bin': 'no', 'bus': 'yes', 'highway': 'bus_stop', 'name': 'South Brevard Street at East Martin Luther King Jr Boulevard', 'network': 'CATS', 'network:wikidata': 'Q5085831', 'operator': 'Charlotte Area Transit System', 'public_transport': 'platform', 'ref': '25270', 'route_ref': '5;10;19;35;48x;53x;63x;77x'}",,,,,,platform,,,"3rd St/Convention,CTC/Arena,Brooklyn Village","115.0,309.23,376.43"
9216459031,East Brooklyn Village Avenue at South College Street,35.2226902,-80.8475194,"{'bench': 'yes', 'bin': 'no', 'bus': 'yes', 'highway': 'bus_stop', 'name': 'East Brooklyn Village Avenue at South College Street', 'network': 'CATS', 'network:wikidata': 'Q5085831', 'operator': 'Charlotte Area Transit System', 'public_transport': 'platform', 'ref': '46594', 'route_ref': '5;35'}",,,,,,platform,,,"Brooklyn Village,3rd St/Convention","153.53,418.44"
9216459034,South College Street at East 3rd Street,35.2244248,-80.8444382,"{'bench': 'no', 'bin': 'no', 'bus': 'yes', 'highway': 'bus_stop', 'lit': 'yes', 'name': 'South College Street at East 3rd Street', 'network': 'CATS', 'network:wikidata': 'Q5085831', 'operator': 'Charlotte Area Transit System', 'public_transport': 'platform', 'ref': '25360', 'route_ref': '5;16;35;40x;46x;48x;52x;53x;63x;64x;74x;77x', 'shelter': 'no', 'tactile_paving': 'no'}",,,,,,platform,,,"3rd St/Convention,CTC/Arena,Brooklyn Village","154.58,284.63,406.34"
12327899377,,35.2239754,-80.8476186,"{'bus': 'yes', 'highway': 'bus_stop', 'public_transport': 'platform'}",,,,,,platform,,,"Brooklyn Village,3rd St/Convention","293.3,416.82"
535123117,,35.2237195,-80.842978,"{'area': 'yes', 'bench': 'yes', 'bin': 'yes', 'layer': '1', 'light_rail': 'yes', 'lit': 'yes', 'network': 'LYNX', 'operator': 'CATS', 'public_transport': 'platform', 'railway': 'platform', 'shelter': 'yes', 'tactile_paving': 'yes'}",,,,,,platform,,,"3rd St/Convention,CTC/Arena,Brooklyn Village","14.25,202.61,443.56"
535123118,,35.2237972,-80.8430611,"{'area': 'yes', 'bench': 'yes', 'bin': 'yes', 'layer': '1', 'light_rail': 'yes', 'lit': 'yes', 'network': 'LYNX', 'operator': 'CATS', 'public_transport': 'platform', 'railway': 'platform', 'shelter': 'yes', 'tactile_paving': 'yes'}",,,,,,platform,,,"3rd St/Convention,CTC/Arena,Brooklyn Village","20.76,202.29,442.58"
535123119,,35.2213029,-80.847198,"{'area': 'yes', 'bench': 'yes', 'bin': 'yes', 'light_rail': 'yes', 'lit': 'yes', 'network': 'LYNX', 'operator': 'CATS', 'public_transport': 'platform', 'railway': 'platform', 'shelter': 'yes', 'tactile_paving': 'yes'}",,,,,,platform,,,Brooklyn Village,25.39
535123120,,35.221226,-80.8471146,"{'area': 'yes', 'bench': 'yes', 'bin': 'yes', 'light_rail': 'yes', 'lit': 'yes', 'network': 'LYNX', 'operator': 'CATS', 'public_transport': 'platform', 'railway': 'platform', 'shelter': 'yes', 'tactile_paving': 'yes'}",,,,,,platform,,,Brooklyn Village,24.15
908880504,,35.2198725,-80.849437,"{'area': 'yes', 'disused:railway': 'platform', 'highway': 'footway', 'public_transport': 'no', 'surface': 'concrete'}",,,,,,no,,,,
908941897,,35.2229272,-80.8444395,"{'area': 'yes', 'departures_board': 'no', 'light_rail': 'yes', 'note': 'Charlotte Trolley platform, not in service.', 'public_transport': 'platform', 'railway': 'platform', 'surface': 'concrete'}",,,,,,platform,,,"3rd St/Convention,Brooklyn Village,CTC/Arena","146.61,284.33,360.35"
1186267494,3rd Street/Convention Center,35.2237575,-80.8430189,"{'addr:city': 'Charlotte', 'addr:housenumber': '305', 'addr:postcode': '28202', 'addr:state': 'NC', 'addr:street': 'East 3rd Street', 'bridge:structure': 'beam', 'layer': '1', 'light_rail': 'yes', 'man_made': 'bridge', 'name': '3rd Street/Convention Center', 'network': 'LYNX', 'operator': 'Charlotte Area Transit System', 'public_transport': 'station', 'railway': 'station', 'station': 'light_rail', 'wikidata': 'Q4636975', 'wikipedia': 'en:Third Street/Convention Center station'}",,,,,,station,,,"3rd St/Convention,CTC/Arena,Brooklyn Village","16.78,202.39,443.02"
1189773804,Brooklyn Village,35.2212593,-80.8471493,"{'addr:city': 'Charlotte', 'addr:housenumber': '260', 'addr:postcode': '28202', 'addr:state': 'NC', 'addr:street': 'East Brooklyn Village Avenue', 'light_rail': 'yes', 'name': 'Brooklyn Village', 'network': 'LYNX', 'operator': 'CATS', 'public_transport': 'station', 'railway': 'station', 'station': 'light_rail', 'wheelchair': 'yes', 'wikidata': 'Q7619349', 'wikipedia': 'en:Brooklyn Village station'}",,,,,,station,,,Brooklyn Village,23.94
10014279,Brooklyn Village,35.2212593,-80.8471493,"{'name': 'Brooklyn Village', 'network': 'LYNX', 'operator': 'CATS', 'public_transport': 'stop_area', 'railway': 'facility', 'type': 'public_transport'}",,,,,,stop_area,,,Brooklyn Village,23.94
10014280,3rd Street/Convention Center,35.2234113,-80.8436437,"{'name': '3rd Street/Convention Center', 'network': 'LYNX', 'public_transport': 'stop_area', 'railway': 'facility', 'type': 'public_transport'}",,,,,,stop_area,,,"3rd St/Convention,CTC/Arena,Brooklyn Village","57.51,270.38,374.48"
9855915359,,35.2169842,-80.8484708,{'amenity': 'parking_entrance'},parking_entrance,,,,,,,,Carson,301.28
9855915366,,35.2166373,-80.8477334,{'amenity': 'parking_entrance'},parking_entrance,,,,,,,,Carson,376.61
9873301485,,35.2162623,-80.8491065,{'amenity': 'parking_entrance'},parking_entrance,,,,,,,,Carson,330.95
9874380090,,35.2192582,-80.8512237,{'amenity': 'parking_entrance'},parking_entrance,,,,,,,,Carson,54.32
9874380092,,35.2196561,-80.850726,{'amenity': 'parking_entrance'},parking_entrance,,,,,,,,Carson,85.49
11047516976,,35.2219056,-80.8486975,{'amenity': 'parking_entrance'},parking_entrance,,,,,,,,"Brooklyn Village,Carson","169.86,386.66"
11060774233,,35.218976,-80.8505228,"{'access': 'yes', 'amenity': 'bicycle_parking', 'bicycle_parking': 'staple', 'capacity': '8', 'covered': 'no'}",bicycle_parking,,,,,,,,Carson,29.54
11100905305,,35.2206943,-80.8516255,"{'amenity': 'bicycle_parking', 'bicycle_parking': 'stands', 'capacity': '2', 'covered': 'no'}",bicycle_parking,,,,,,,,Carson,212.79
11100906305,,35.2208063,-80.8515063,"{'amenity': 'bicycle_parking', 'bicycle_parking': 'stands', 'capacity': '2', 'covered': 'no'}",bicycle_parking,,,,,,,,"Carson,Brooklyn Village","221.25,420.57"
11145319205,,35.2213248,-80.8518305,"{'amenity': 'bicycle_parking', 'bicycle_parking': 'stands', 'capacity': '2', 'covered': 'no'}",bicycle_parking,,,,,,,,Carson,284.96
11145319305,,35.2210799,-80.8515718,"{'amenity': 'bicycle_parking', 'bicycle_parking': 'stands', 'capacity': '2', 'covered': 'no'}",bicycle_parking,,,,,,,,"Carson,Brooklyn Village","252.07,422.92"
11200578437,,35.2218087,-80.8523478,"{'access': 'yes', 'amenity': 'bicycle_parking', 'bicycle_parking': 'stands', 'capacity': '2', 'covered': 'no', 'foot_traffic': 'low'}",bicycle_parking,,,,,,,,Carson,351.93
11236801038,,35.2170872,-80.8482018,"{'access': 'yes', 'amenity': 'bicycle_parking', 'bicycle_parking': 'stands', 'capacity': '28', 'covered': 'yes', 'foot_traffic': 'low'}",bicycle_parking,,,,,,,,Carson,311.74
11272499569,,35.2162705,-80.8491747,"{'access': 'yes', 'amenity': 'bicycle_parking', 'bicycle_parking': 'stands', 'capacity': '2', 'covered': 'yes', 'foot_traffic': 'low'}",bicycle_parking,,,,,,,,Carson,327.24
11272500269,,35.2163097,-80.8491535,"{'access': 'yes', 'amenity': 'bicycle_parking', 'bicycle_parking': 'stands', 'capacity': '2', 'covered': 'no', 'foot_traffic': 'low', 'indoor': 'no'}",bicycle_parking,,,,,,,,Carson,324.29
11275937169,,35.2199582,-80.850662,"{'access': 'yes', 'amenity': 'bicycle_parking', 'bicycle_parking': 'stands', 'capacity': '8', 'covered': 'no', 'foot_traffic': 'low', 'indoor': 'no'}",bicycle_parking,,,,,,,,Carson,119.45
11654772722,,35.2216201,-80.8514522,{'amenity': 'waste_disposal'},waste_disposal,,,,,,,,Carson,308.02
11769203232,,35.2186356,-80.851294,"{'access': 'yes', 'amenity': 'drinking_water', 'bottle': 'no', 'fee': 'no', 'wheelchair': 'yes'}",drinking_water,,,,,,,,Carson,50.79
11771296345,,35.2186356,-80.8512939,"{'access': 'yes', 'amenity': 'drinking_water', 'bottle': 'no', 'fee': 'no', 'wheelchair': 'yes'}",drinking_water,,,,,,,,Carson,50.78
12467232220,,35.2198886,-80.8494981,{'amenity': 'waste_basket'},waste_basket,,,,,,,,,
12503833506,,35.2215953,-80.8484438,{'amenity': 'parking_entrance'},parking_entrance,,,,,,,,"Brooklyn Village,Carson","138.73,370.36"
12512829001,,35.2175625,-80.8483151,"{'access': 'yes', 'amenity': 'bicycle_parking', 'bicycle_parking': 'stands', 'capacity': '8', 'covered': 'no', 'indoor': 'no'}",bicycle_parking,,,,,,,,Carson,272.14
12517328700,Capishe,35.2171915,-80.8480777,"{'addr:city': 'Charlotte', 'addr:housenumber': '500', 'addr:postcode': '28203', 'addr:state': 'NC', 'addr:street': 'East Morehead Street', 'amenity': 'restaurant', 'cuisine': 'italian', 'name': 'Capishe'}",restaurant,,,,,,,,Carson,313.41
12517357313,,35.2178995,-80.8489263,"{'amenity': 'bicycle_parking', 'bicycle_parking': 'stands'}",bicycle_parking,,,,,,,,Carson,205.14
12517357350,,35.2171009,-80.8489777,{'amenity': 'waste_basket'},waste_basket,,,,,,,,Carson,260.36
12517357351,,35.2171921,-80.8490454,{'amenity': 'waste_basket'},waste_basket,,,,,,,,Carson,248.67
12517357352,,35.2172775,-80.8494842,{'amenity': 'bench'},bench,,,,,,,,Carson,216.75
12517357353,,35.21736,-80.8495652,{'amenity': 'bench'},bench,,,,,,,,Carson,205.04
12517357354,,35.2174462,-80.8496478,{'amenity': 'bench'},bench,,,,,,,,Carson,192.91
12517357359,,35.2177501,-80.8492765,{'amenity': 'waste_basket'},waste_basket,,,,,,,,Carson,189.66
12517357367,,35.2180083,-80.8488807,{'amenity': 'bench'},bench,,,,,,,,Carson,202.57
12517357368,,35.2179552,-80.8488706,{'amenity': 'bench'},bench,,,,,,,,Carson,206.27
12517357369,,35.2179982,-80.8487811,{'amenity': 'bench'},bench,,,,,,,,Carson,211.07
12517357370,,35.2179352,-80.8488166,{'amenity': 'bench'},bench,,,,,,,,Carson,211.63
12947804651,,35.2176639,-80.8501073,{'amenity': 'drinking_water'},drinking_water,,,,,,,,Carson,151.05
12949256356,,35.2205709,-80.8517895,{'amenity': 'parking_entrance'},parking_entrance,,,,,,,,Carson,205.85
13191323675,,35.2167818,-80.8492847,{'amenity': 'bench'},bench,,,,,,,,Carson,272.84
13191323676,,35.216775,-80.8492525,{'amenity': 'bench'},bench,,,,,,,,Carson,275.0
13394129801,,35.2194663,-80.8517898,"{'access': 'yes', 'amenity': 'bicycle_parking', 'bicycle_parking': 'stands', 'capacity': '10', 'covered': 'yes', 'indoor': 'no'}",bicycle_parking,,,,,,,,Carson,108.23
13394135401,,35.2199527,-80.8520687,"{'access': 'yes', 'amenity': 'bicycle_parking', 'bicycle_parking': 'stands', 'capacity': '2', 'covered': 'no', 'indoor': 'no'}",bicycle_parking,,,,,,,,Carson,163.09
438333596,,35.2193258,-80.850838,"{'amenity': 'parking', 'building': 'parking', 'parking': 'multi-storey'}",parking,,,,,,,,,
695524311,Enterprise,35.220026,-80.8526313,"{'amenity': 'car_rental', 'brand': 'Enterprise', 'brand:wikidata': 'Q17085454', 'building': 'yes', 'name': 'Enterprise', 'official_name': 'Enterprise Rent-A-Car'}",car_rental,,,,,,,,,
695670022,Pritchard Memorial Baptist Church,35.2164576,-80.8510991,"{'amenity': 'place_of_worship', 'building': 'yes', 'name': 'Pritchard Memorial Baptist Church', 'religion': 'christian', 'start_date': '1901'}",place_of_worship,,,,,,,,,
755471166,,35.2168911,-80.8499759,{'amenity': 'parking'},parking,,,,,,,,Carson,234.91
757213337,,35.2175587,-80.8493294,{'amenity': 'parking'},parking,,,,,,,,Carson,201.12
834013541,,35.2160607,-80.8495261,"{'amenity': 'parking', 'building': 'parking', 'parking': 'multi-storey'}",parking,,,,,,,,,
836963293,,35.2166479,-80.8481957,"{'amenity': 'parking', 'building': 'parking', 'parking': 'multi-storey'}",parking,,,,,,,,,
1046738977,Ally Charlotte Center Parking Deck,35.2223123,-80.8484562,"{'access': 'yes', 'amenity': 'parking', 'building': 'yes', 'capacity:disabled': '1400', 'fee': 'yes', 'layer': '1', 'name': 'Ally Charlotte Center Parking Deck', 'parking': 'multi-storey', 'surface': 'concrete'}",parking,,,,,,,,,
1205382854,,35.2172032,-80.8478852,"{'amenity': 'bicycle_parking', 'bicycle_parking': 'stands', 'capacity': '4'}",bicycle_parking,,,,,,,,Carson,326.83
1205383296,,35.2172631,-80.8490735,"{'amenity': 'bicycle_parking', 'bicycle_parking': 'stands', 'capacity': '20', 'covered': 'yes'}",bicycle_parking,,,,,,,,Carson,241.05
1208587061,,35.2186389,-80.8518244,{'amenity': 'waste_disposal'},waste_disposal,,,,,,,,Carson,94.69
1370235807,,35.2186928,-80.8502438,"{'access': 'private', 'amenity': 'parking'}",parking,,,,,,,,Carson,57.66
1370235808,,35.218185,-80.8503946,"{'access': 'private', 'amenity': 'parking'}",parking,,,,,,,,Carson,87.65
1429557532,,35.2192613,-80.8512285,{'amenity': 'parking'},parking,,,,,,,,Carson,54.87
1429557533,,35.2202028,-80.8528773,{'amenity': 'parking'},parking,,,,,,,,,
1429557534,,35.220581,-80.852614,"{'amenity': 'parking', 'fee': 'yes'}",parking,,,,,,,,,
1429557535,,35.2214263,-80.8513386,"{'amenity': 'parking', 'parking': 'surface'}",parking,,,,,,,,Carson,285.06
1429557536,,35.2218384,-80.8516092,{'amenity': 'parking'},parking,,,,,,,,Carson,334.58
1429557537,,35.2216403,-80.8509974,{'amenity': 'parking'},parking,,,,,,,,"Carson,Brooklyn Village","305.39,370.29"
1429557538,,35.2210932,-80.8505305,{'amenity': 'parking'},parking,,,,,,,,"Carson,Brooklyn Village","245.85,328.41"
1435175149,,35.2165001,-80.8486594,{'amenity': 'parking'},parking,,,,,,,,Carson,330.56
1435175150,,35.2161272,-80.8482037,{'amenity': 'parking'},parking,,,,,,,,,
1435175152,,35.2160382,-80.8477649,{'amenity': 'parking'},parking,,,,,,,,Carson,421.71
1446411974,,35.2197354,-80.8516809,"{'amenity': 'parking', 'building': 'yes', 'parking': 'multi-storey'}",parking,,,,,,,,,
432940147,Charlotte Cigar Culture,35.2209066,-80.8508606,"{'building': 'yes', 'name': 'Charlotte Cigar Culture', 'shop': 'tobacco'}",,tobacco,,,,,,,"Carson,Brooklyn Village","223.66,360.8"
288095852,YMCA,35.2175887,-80.8489498,"{'brand': 'YMCA', 'brand:wikidata': 'Q157169', 'building': 'yes', 'fee': 'yes', 'layer': '1', 'leisure': 'sports_centre', 'name': 'YMCA'}",,,sports_centre,,,,,,,
1208412243,,35.2210789,-80.8517063,"{'access': 'private', 'layer': '1', 'leisure': 'swimming_pool', 'location': 'roof'}",,,swimming_pool,,,,,,Carson,255.51
1208412244,,35.2210178,-80.8517652,"{'access': 'private', 'layer': '1', 'leisure': 'swimming_pool', 'location': 'roof'}",,,swimming_pool,,,,,,Carson,250.85
1285294592,,35.2197197,-80.8529832,{'leisure': 'garden'},,,garden,,,,,,"Carson,Bland","216.49,479.35"
1285294593,,35.2196165,-80.852869,{'leisure': 'garden'},,,garden,,,,,,"Carson,Bland","202.3,473.8"
1352816121,,35.2175747,-80.8495239,{'leisure': 'playground'},,,playground,,,,,,Carson,188.17
1352819938,Edna's Porch,35.2184107,-80.8517739,"{'area': 'yes', 'artist_name': 'David Furman', 'artwork_type': 'installation', 'name': ""Edna's Porch"", 'tourism': 'artwork'}",,,,artwork,,,,,,
713125795,Regions 615,35.2215063,-80.8481096,"{'addr:city': 'Charlotte', 'addr:housenumber': '615', 'addr:postcode': '28202', 'addr:state': 'NC', 'addr:street': 'South College Street', 'air_conditioning': 'yes', 'building': 'yes', 'building:levels': '19', 'height': '91', 'layer': '1', 'name': 'Regions 615', 'office': 'company', 'operator': 'CBRE Global Investors', 'website': 'https://en.wikipedia.org/wiki/Regions_615', 'wikidata': 'Q29791440'}",,,,,company,,,,Brooklyn Village,107.22
618108477,Carson,35.2188191,-80.8508781,"{'addr:city': 'Charlotte', 'addr:housenumber': '218', 'addr:postcode': '28203', 'addr:state': 'NC', 'addr:street': 'Carson Boulevard', 'internet_access': 'no', 'light_rail': 'yes', 'name': 'Carson', 'network': 'LYNX', 'operator': 'CATS', 'public_transport': 'station', 'railway': 'station', 'start_date': '2007-11-24', 'station': 'light_rail', 'wheelchair': 'yes', 'wikidata': 'Q5046901', 'wikipedia': 'en:Carson station (Charlotte)'}",,,,,,station,,,Carson,9.0
8419403087,Carson,35.2186179,-80.8511991,"{'light_rail': 'yes', 'name': 'Carson', 'network': 'LYNX', 'operator': 'CATS', 'public_transport': 'stop_position', 'railway': 'stop'}",,,,,,stop_position,,,Carson,45.15
8419403088,Carson,35.2189865,-80.8505958,"{'light_rail': 'yes', 'name': 'Carson', 'network': 'LYNX', 'operator': 'CATS', 'public_transport': 'stop_position', 'railway': 'stop'}",,,,,,stop_position,,,Carson,23.85
535274696,,35.2187588,-80.8508585,"{'area': 'yes', 'bench': 'yes', 'bin': 'yes', 'light_rail': 'yes', 'lit': 'yes', 'network': 'LYNX', 'operator': 'CATS', 'public_transport': 'platform', 'railway': 'platform', 'shelter': 'yes', 'tactile_paving': 'yes'}",,,,,,platform,,,Carson,14.78
535274697,,35.2188395,-80.8509435,"{'area': 'yes', 'bench': 'yes', 'bin': 'yes', 'light_rail': 'yes', 'lit': 'yes', 'network': 'LYNX', 'operator': 'CATS', 'public_transport': 'platform', 'railway': 'platform', 'shelter': 'yes', 'tactile_paving': 'yes'}",,,,,,platform,,,,
908880504,,35.2198725,-80.849437,"{'area': 'yes', 'disused:railway': 'platform', 'highway': 'footway', 'public_transport': 'no', 'surface': 'concrete'}",,,,,,no,,,,
12309360,Carson,35.2187978,-80.8508996,"{'name': 'Carson', 'network': 'LYNX', 'operator': 'Charlotte Area Transit System', 'public_transport': 'stop_area', 'railway': 'facility', 'type': 'public_transport'}",,,,,,stop_area,,,Carson,12.03
2624953033,Carrabba's Italian Grill,35.2139184,-80.8556348,"{'addr:city': 'Charlotte', 'addr:country': 'US', 'addr:housenumber': '1520', 'addr:postcode': '28203', 'addr:state': 'NC', 'addr:street': 'South Boulevard', 'amenity': 'restaurant', 'brand': ""Carrabba's Italian Grill"", 'brand:wikidata': 'Q5045999', 'cuisine': 'italian', 'name': ""Carrabba's Italian Grill"", 'opening_hours': 'Su-Th 11:00-22:00, Fr-Sa 11:00-23:00', 'phone': '+1-704-377-2458', 'website': 'https://www.carrabbas.com/restaurant/locations/nc/charlotte/charlotte-south-end/index.aspx'}",restaurant,,,,,,,,"Bland,East/West","214.44,389.44"
3497698403,,35.214717,-80.856847,"{'amenity': 'bicycle_repair_station', 'brand': 'Dero', 'opening_hours': '24/7', 'service:bicycle:chain_tool': 'no', 'source': 'osmsync:dero'}",bicycle_repair_station,,,,,,,,"Bland,East/West","188.61,373.56"
3974425696,,35.2151429,-80.8551265,{'amenity': 'parking_entrance'},parking_entrance,,,,,,,,Bland,77.47
4318400953,All American Pub,35.2166374,-80.8543953,"{'amenity': 'restaurant', 'name': 'All American Pub'}",restaurant,,,,,,,,,
4318400955,Slate Billiards,35.2162866,-80.8548377,"{'amenity': 'bar', 'name': 'Slate Billiards'}",bar,,,,,,,,Bland,64.69
4318625926,Helles and Dunkel,35.215734,-80.8532177,"{'amenity': 'bar', 'name': 'Helles and Dunkel'}",bar,,,,,,,,Bland,188.0
4318625927,Crispy Crepe,35.2147961,-80.8546608,"{'amenity': 'restaurant', 'name': 'Crispy Crepe'}",restaurant,,,,,,,,Bland,127.76
5266162321,Leroy Fox Southend,35.2139005,-80.8579383,"{'amenity': 'restaurant', 'name': 'Leroy Fox Southend'}",restaurant,,,,,,,,"East/West,Bland","244.62,322.99"
5266162322,Clean Juice,35.2141008,-80.8577913,"{'addr:city': 'Charlotte', 'addr:housenumber': '1616', 'addr:postcode': '28203', 'addr:state': 'NC', 'addr:street': 'Camden Road', 'addr:unit': 'Suite 130', 'amenity': 'fast_food', 'brand': 'Clean Juice', 'brand:wikidata': 'Q60775550', 'cuisine': 'juice', 'name': 'Clean Juice', 'takeaway': 'yes'}",fast_food,,,,,,,,"East/West,Bland","270.5,298.35"
5266162323,Sabor,35.2142154,-80.8577072,"{'amenity': 'restaurant', 'name': 'Sabor'}",restaurant,,,,,,,,"Bland,East/West","284.36,285.31"
5266164481,The UPS Store,35.2125724,-80.8591845,"{'amenity': 'post_office', 'brand': 'The UPS Store', 'brand:short': 'UPS', 'brand:wikidata': 'Q7771029', 'name': 'The UPS Store', 'shop': 'copyshop', 'short_name': 'UPS'}",post_office,copyshop,,,,,,,"East/West,Bland","70.15,506.75"
5286834622,,35.2144175,-80.8568136,{'amenity': 'bicycle_repair_station'},bicycle_repair_station,,,,,,,,"Bland,East/West","209.81,348.55"
5550746603,,35.2141751,-80.8592567,"{'amenity': 'waste_basket', 'waste': 'dog_excrement'}",waste_basket,,,,,,,,"East/West,Bland","248.0,405.8"
5550760328,,35.2125082,-80.8589911,{'amenity': 'waste_basket'},waste_basket,,,,,,,,"East/West,Bland","65.08,499.79"
5573606999,,35.2132226,-80.8584711,"{'amenity': 'bicycle_parking', 'bicycle_parking': 'stands', 'capacity': '6', 'covered': 'no'}",bicycle_parking,,,,,,,,"East/West,Bland","155.82,409.84"
5573622155,,35.2134127,-80.8588728,"{'amenity': 'waste_basket', 'waste': 'dog_excrement'}",waste_basket,,,,,,,,"East/West,Bland","165.55,422.84"
5613888340,Sushi Taku,35.2161201,-80.8527262,"{'addr:city': 'Charlotte', 'addr:housenumber': '1300', 'addr:postcode': '28203', 'addr:state': 'NC', 'addr:street': 'South Boulevard', 'addr:unit': '101', 'amenity': 'restaurant', 'cuisine': 'sushi', 'name': 'Sushi Taku', 'phone': '+1-980-207-2302', 'website': 'https://www.sushitaku.com'}",restaurant,,,,,,,,Bland,234.64
6532463480,Einstein Bros. Bagels,35.2141684,-80.8545533,"{'addr:city': 'Charlotte', 'addr:housenumber': '1501', 'addr:postcode': '28203', 'addr:state': 'NC', 'addr:street': 'South Boulevard', 'alt_name': 'Einstein Brothers Bagels', 'amenity': 'fast_food', 'branch': 'Charlotte', 'brand': 'Einstein Bros. Bagels', 'brand:wikidata': 'Q5349788', 'cuisine': 'bagel', 'name': 'Einstein Bros. Bagels', 'opening_hours': 'Mo-Fr 05:30-15:00; Sa-Su 06:00-15:00', 'phone': '+1 704-333-4370', 'takeaway': 'yes', 'website': 'https://locations.einsteinbros.com/us/nc/charlotte/1501-south-blvd'}",fast_food,,,,,,,,Bland,195.78
8394960158,,35.2197873,-80.8569411,"{'access': 'yes', 'amenity': 'bicycle_parking', 'bicycle_parking': 'stands', 'capacity': '6', 'operator': 'Craft Tasting Room'}",bicycle_parking,,,,,,,,Bland,464.17
9873298440,,35.2141607,-80.8582855,{'amenity': 'parking_entrance'},parking_entrance,,,,,,,,"East/West,Bland","259.1,330.29"
9873298447,,35.2141638,-80.8609758,{'amenity': 'parking_entrance'},parking_entrance,,,,,,,,"East/West,Bland","296.37,550.34"
9873301466,,35.2135485,-80.8590262,{'amenity': 'parking_entrance'},parking_entrance,,,,,,,,"East/West,Bland","178.86,424.58"
9873301469,,35.2144014,-80.8557446,{'amenity': 'parking_entrance'},parking_entrance,,,,,,,,"Bland,East/West","163.98,414.38"
9873301472,,35.2159382,-80.8542347,{'amenity': 'parking_entrance'},parking_entrance,,,,,,,,Bland,95.89
9873301476,,35.2175637,-80.8537895,{'amenity': 'parking_entrance'},parking_entrance,,,,,,,,Bland,235.3
9873301478,,35.2181516,-80.8530802,{'amenity': 'parking_entrance'},parking_entrance,,,,,,,,Bland,326.15
9874380078,,35.2173517,-80.8561704,{'amenity': 'parking_entrance'},parking_entrance,,,,,,,,Bland,187.21
9874380080,,35.2178387,-80.8556618,{'amenity': 'parking_entrance'},parking_entrance,,,,,,,,Bland,225.46
9874380081,,35.2190603,-80.8546107,{'amenity': 'parking_entrance'},parking_entrance,,,,,,,,Bland,363.38
9874380083,,35.2194278,-80.8545228,{'amenity': 'parking_entrance'},parking_entrance,,,,,,,,Bland,404.9
9874380086,,35.2186821,-80.8540643,{'amenity': 'parking_entrance'},parking_entrance,,,,,,,,Bland,335.09
9874380087,,35.2194645,-80.8541847,{'amenity': 'parking_entrance'},parking_entrance,,,,,,,,Bland,415.21
9874380089,,35.2190883,-80.8536428,{'amenity': 'parking_entrance'},parking_entrance,,,,,,,,Bland,390.86
10925138140,,35.2138745,-80.8580668,"{'amenity': 'bicycle_parking', 'bicycle_parking': 'stands', 'capacity': '6'}",bicycle_parking,,,,,,,,"East/West,Bland","236.87,333.71"
10925138141,,35.2149807,-80.8568398,"{'amenity': 'bicycle_parking', 'bicycle_parking': 'stands', 'capacity': '4'}",bicycle_parking,,,,,,,,"Bland,East/West","170.36,398.36"
10925138143,,35.2152167,-80.8566554,"{'access': 'yes', 'amenity': 'bicycle_parking', 'bicycle_parking': 'stands', 'capacity': '5'}",bicycle_parking,,,,,,,,"Bland,East/West","142.46,429.45"
10925138145,,35.2150893,-80.856591,"{'amenity': 'bicycle_parking', 'bicycle_parking': 'stands', 'capacity': '2'}",bicycle_parking,,,,,,,,"Bland,East/West","144.86,420.81"
10925138146,,35.2157027,-80.856141,"{'amenity': 'bicycle_parking', 'bicycle_parking': 'stands', 'capacity': '2'}",bicycle_parking,,,,,,,,"Bland,East/West","79.62,500.13"
10925138155,,35.217905,-80.8564385,"{'amenity': 'bicycle_parking', 'bicycle_parking': 'stands', 'capacity': '4'}",bicycle_parking,,,,,,,,Bland,253.12
10925138156,,35.2179827,-80.85636,"{'amenity': 'bicycle_parking', 'bicycle_parking': 'stands', 'capacity': '4'}",bicycle_parking,,,,,,,,Bland,258.18
10925138157,,35.2180472,-80.8554468,"{'amenity': 'bicycle_parking', 'bicycle_parking': 'stands', 'capacity': '4'}",bicycle_parking,,,,,,,,Bland,246.36
10925138158,,35.2178106,-80.855433,"{'access': 'yes', 'amenity': 'bicycle_parking', 'bicycle_parking': 'stands', 'capacity': '4', 'covered': 'no', 'indoor': 'no'}",bicycle_parking,,,,,,,,Bland,220.09
10925138164,,35.2154334,-80.8577598,"{'amenity': 'bicycle_parking', 'bicycle_parking': 'stands', 'capacity': '4'}",bicycle_parking,,,,,,,,"Bland,East/West","229.94,408.13"
11100856406,,35.2177052,-80.8526662,"{'amenity': 'bicycle_parking', 'bicycle_parking': 'stands', 'capacity': '8', 'covered': 'no'}",bicycle_parking,,,,,,,,Bland,315.97
11100885707,,35.2187291,-80.8541399,"{'amenity': 'bicycle_parking', 'bicycle_parking': 'stands', 'capacity': '6', 'covered': 'no'}",bicycle_parking,,,,,,,,Bland,337.84
11100885906,,35.2180416,-80.8544087,"{'amenity': 'bicycle_parking', 'bicycle_parking': 'wave', 'capacity': '5', 'covered': 'no'}",bicycle_parking,,,,,,,,Bland,257.77
11100893706,,35.2186151,-80.8542688,"{'amenity': 'bicycle_parking', 'bicycle_parking': 'stands', 'capacity': '4', 'covered': 'no'}",bicycle_parking,,,,,,,,Bland,322.29
11100893708,,35.2174665,-80.8557804,"{'access': 'yes', 'amenity': 'bicycle_parking', 'bicycle_parking': 'two-tier', 'capacity': '22', 'covered': 'yes', 'fee': 'no', 'indoor': 'yes'}",bicycle_parking,,,,,,,,Bland,187.12
11100911205,,35.2186901,-80.8537448,"{'amenity': 'bicycle_parking', 'bicycle_parking': 'stands', 'capacity': '4', 'covered': 'no'}",bicycle_parking,,,,,,,,Bland,346.6
11100917205,,35.2165501,-80.8559497,"{'amenity': 'bicycle_parking', 'bicycle_parking': 'stands', 'capacity': '2', 'covered': 'no'}",bicycle_parking,,,,,,,,Bland,100.46
11100919305,,35.2156413,-80.8555428,"{'amenity': 'bicycle_parking', 'bicycle_parking': 'stands', 'capacity': '6', 'covered': 'no'}",bicycle_parking,,,,,,,,Bland,31.78
11106094022,Fifth Third Bank,35.2124904,-80.8590705,"{'amenity': 'bank', 'brand': 'Fifth Third Bank', 'brand:wikidata': 'Q1411810', 'name': 'Fifth Third Bank', 'short_name': '5/3 Bank'}",bank,,,,,,,,"East/West,Bland","61.71,506.15"
11106987873,,35.212552,-80.859011,"{'amenity': 'bicycle_parking', 'bicycle_parking': 'stands', 'capacity': '2'}",bicycle_parking,,,,,,,,"East/West,Bland","69.4,497.46"
11126141708,,35.2140837,-80.8598482,"{'amenity': 'bicycle_parking', 'bicycle_parking': 'stands', 'capacity': '6', 'covered': 'no'}",bicycle_parking,,,,,,,,"East/West,Bland","245.62,458.66"
11165954405,,35.2147377,-80.8568126,"{'access': 'yes', 'amenity': 'bicycle_parking', 'bicycle_parking': 'bollard', 'capacity': '2', 'covered': 'no', 'foot_traffic': 'medium'}",bicycle_parking,,,,,,,,"Bland,East/West","184.74,377.23"
11200427337,,35.2147588,-80.8547345,"{'access': 'yes', 'amenity': 'bicycle_parking', 'bicycle_parking': 'stands', 'capacity': '2', 'covered': 'no', 'foot_traffic': 'low'}",bicycle_parking,,,,,,,,Bland,128.75
11200427837,,35.214764,-80.8547466,"{'access': 'yes', 'amenity': 'bicycle_parking', 'bicycle_parking': 'bollard', 'capacity': '2', 'covered': 'no', 'foot_traffic': 'low'}",bicycle_parking,,,,,,,,Bland,127.8
11200429737,,35.215506,-80.8529504,"{'access': 'yes', 'amenity': 'bicycle_parking', 'bicycle_parking': 'stands', 'capacity': '2', 'covered': 'no', 'foot_traffic': 'low'}",bicycle_parking,,,,,,,,Bland,215.04
11200432537,,35.215268,-80.8524308,"{'access': 'yes', 'amenity': 'bicycle_parking', 'bicycle_parking': 'wave', 'capacity': '10', 'covered': 'no', 'foot_traffic': 'low'}",bicycle_parking,,,,,,,,Bland,266.7
11200592337,,35.2189625,-80.8578652,"{'access': 'private', 'amenity': 'bicycle_parking', 'bicycle_parking': 'wave', 'capacity': '5', 'covered': 'no', 'foot_traffic': 'low'}",bicycle_parking,,,,,,,,Bland,419.57
11203677440,,35.2196922,-80.8573655,"{'access': 'yes', 'amenity': 'bicycle_parking', 'bicycle_parking': 'stands', 'capacity': '6', 'covered': 'no', 'foot_traffic': 'medium'}",bicycle_parking,,,,,,,,Bland,468.49
11203677441,,35.2194716,-80.8573959,"{'access': 'yes', 'amenity': 'bicycle_parking', 'bicycle_parking': 'stands', 'capacity': '4', 'covered': 'no', 'foot_traffic': 'medium'}",bicycle_parking,,,,,,,,Bland,447.42
11203685337,,35.214443,-80.8598406,"{'access': 'yes', 'amenity': 'bicycle_parking', 'bicycle_parking': 'stands', 'capacity': '6', 'covered': 'no', 'foot_traffic': 'medium'}",bicycle_parking,,,,,,,,"East/West,Bland","284.21,442.66"
11208922237,,35.2153911,-80.8554312,"{'access': 'yes', 'amenity': 'bicycle_parking', 'bicycle_parking': 'bollard', 'capacity': '2', 'covered': 'partial', 'foot_traffic': 'high', 'indoor': 'no'}",bicycle_parking,,,,,,,,Bland,50.58
11210575137,,35.2138314,-80.8557311,"{'access': 'yes', 'amenity': 'bicycle_parking', 'bicycle_parking': 'stands', 'capacity': '2', 'covered': 'no', 'foot_traffic': 'low', 'indoor': 'no'}",bicycle_parking,,,,,,,,"Bland,East/West","225.42,376.78"
11214920637,,35.214254,-80.8562808,"{'access': 'yes', 'amenity': 'bicycle_parking', 'bicycle_parking': 'stands', 'capacity': '2', 'covered': 'no', 'foot_traffic': 'medium', 'indoor': 'no'}",bicycle_parking,,,,,,,,"Bland,East/West","197.09,367.43"
11223193737,,35.2150336,-80.8564255,"{'access': 'yes', 'amenity': 'bicycle_parking', 'bicycle_parking': 'upright_stands', 'capacity': '3', 'covered': 'yes', 'foot_traffic': 'high', 'indoor': 'no'}",bicycle_parking,,,,,,,,"Bland,East/West","136.64,424.38"
11261209037,,35.2176947,-80.8543523,"{'access': 'yes', 'amenity': 'bicycle_parking', 'bicycle_parking': 'stands', 'capacity': '4', 'covered': 'no', 'foot_traffic': 'low', 'indoor': 'no'}",bicycle_parking,,,,,,,,Bland,223.37
11270092906,,35.2181464,-80.8574819,{'amenity': 'parking_entrance'},parking_entrance,,,,,,,,Bland,325.81
11289651371,STIR,35.2170892,-80.8555008,"{'addr:city': 'Charlotte', 'addr:housenumber': '1422', 'addr:postcode': '28203', 'addr:state': 'NC', 'addr:street': 'South Tryon Street', 'addr:unit': 'Suite 130', 'amenity': 'restaurant', 'cuisine': 'american', 'name': 'STIR', 'phone': '+19802090277', 'website': 'https://stircharlotte.com/'}",restaurant,,,,,,,,Bland,141.08
11289651372,North Italia,35.217342,-80.855256,"{'addr:housenumber': '1414', 'addr:street': 'South Tryon Street', 'addr:unit': 'Suite 140', 'amenity': 'restaurant', 'cuisine': 'italian', 'name': 'North Italia', 'opening_hours': 'Mo-Th 11:00-22:00; Fr 11:00-23:00; Sa 10:00-23:00; Su 10:00-22:00', 'phone': '+19802798900', 'website': 'https://www.northitalia.com/locations/charlotte-nc/'}",restaurant,,,,,,,,Bland,167.7
11289651373,Vitality Bowls,35.2175765,-80.8551458,"{'addr:city': 'Charlotte', 'addr:housenumber': '1414', 'addr:postcode': '28203', 'addr:state': 'NC', 'addr:street': 'South Tryon Street', 'addr:unit': 'Suite 150', 'amenity': 'restaurant', 'name': 'Vitality Bowls', 'phone': '+1-704-900-7745', 'website': 'https://vitalitybowls.com/locations/charlotte-acai-bowls'}",restaurant,,,,,,,,Bland,194.07
11291263920,Amos' Southend,35.2167787,-80.8551643,"{'amenity': 'music_venue', 'name': ""Amos' Southend""}",music_venue,,,,,,,,Bland,105.74
11291317375,Brigid's Irish Pub,35.2163724,-80.8561116,"{'addr:city': 'Charlotte', 'addr:housenumber': '1440', 'addr:postcode': '28203', 'addr:state': 'NC', 'addr:street': 'South Tryon Street', 'addr:unit': 'Suite 101', 'amenity': 'pub', 'name': ""Brigid's Irish Pub"", 'phone': '+1-704-703-6679', 'theme': 'irish', 'website': 'https://www.micarinoclt.com/'}",pub,,,,,,,,"Bland,East/West","96.68,564.9"
11291317376,Mi Cariño,35.2162826,-80.8562065,"{'addr:city': 'Charlotte', 'addr:housenumber': '1440', 'addr:postcode': '28203', 'addr:state': 'NC', 'addr:street': 'South Tryon Street', 'addr:unit': 'Suite 100', 'amenity': 'restaurant', 'bar': 'yes', 'cocktails': 'yes', 'cuisine': 'mexican', 'drink:mezcal': 'yes', 'name': 'Mi Cariño', 'opening_hours': 'closed', 'phone': '+19808195913', 'website:menu': 'http://places.singleplatform.com/vana/menu?ref=google'}",restaurant,,,,,,,,"Bland,East/West","98.13,551.98"
11291317378,VINYL,35.2165334,-80.8565696,"{'addr:city': 'Charlotte', 'addr:housenumber': '1440', 'addr:postcode': '28203', 'addr:state': 'NC', 'addr:street': 'South Tryon Street', 'addr:unit': 'Suite 105', 'amenity': 'bar', 'name': 'VINYL', 'phone': '+19802373893', 'website': 'https://www.vinylclt.com/', 'website:menu': 'https://uploads-ssl.webflow.com/610c34d6017b4c15140361e2/62697db84ef668039fbd65e6_Vinyl_Menu%20(4_27_22).pdf'}",bar,,,,,,,,Bland,140.93
11345252069,,35.2182396,-80.854097,"{'access': 'yes', 'amenity': 'bicycle_parking', 'bicycle_parking': 'anchors', 'capacity': '5', 'covered': 'no', 'foot_traffic': 'medium', 'indoor': 'no'}",bicycle_parking,,,,,,,,Bland,288.1
11483254445,Condado Tacos,35.2152515,-80.8567631,"{'amenity': 'restaurant', 'brand': 'Condado Tacos', 'brand:wikidata': 'Q118640152', 'cuisine': 'mexican', 'name': 'Condado Tacos'}",restaurant,,,,,,,,"Bland,East/West","149.45,427.62"
11483254447,Sushi Hana,35.2156979,-80.8567804,"{'amenity': 'restaurant', 'cuisine': 'sushi', 'name': 'Sushi Hana', 'website': 'https://sushihanaclt.com='}",restaurant,,,,,,,,Bland,137.34
11483254448,Hawthorne's NY Pizza & Bar,35.2152861,-80.8577064,"{'addr:city': 'Charlotte', 'addr:housenumber': '1515', 'addr:postcode': '28203', 'addr:state': 'NC', 'addr:street': 'South Tryon Street', 'addr:unit': '104', 'amenity': 'restaurant', 'cuisine': 'pizza', 'name': ""Hawthorne's NY Pizza & Bar"", 'opening_hours': 'Tu-Th 11:00-21:00; Fr-Sa 11:00-22:00; Su 11:00-21:00', 'phone': '+1-866-799-8014', 'website': 'https://pizzacharlottenc.com'}",restaurant,,,,,,,,"Bland,East/West","228.92,394.27"
11483254449,The Salty Donut,35.214926,-80.8570236,"{'amenity': 'fast_food', 'cuisine': 'donut', 'name': 'The Salty Donut', 'website': 'https://www.saltydonut.com/locations/south-end'}",fast_food,,,,,,,,"Bland,East/West","187.7,384.48"
11649773957,PIE.ZAA,35.2163673,-80.8563374,"{'addr:city': 'Charlotte', 'addr:housenumber': '1440', 'addr:postcode': '28203', 'addr:state': 'NC', 'addr:street': 'South Tryon Street', 'addr:unit': 'Suite 103', 'amenity': 'restaurant', 'cuisine': 'pizza', 'name': 'PIE.ZAA', 'opening_hours': 'Mo 16:00-01:00; Tu-Th 11:00-01:00; Fr-Sa 11:00-02:00; Su 11:00-01:00', 'phone': '+1-704-964-6645', 'website': 'https://www.piezaapizza.com/'}",restaurant,,,,,,,,"Bland,East/West","113.19,554.56"
11654772727,Surreal Creamery,35.2171118,-80.8559647,"{'amenity': 'ice_cream', 'name': 'Surreal Creamery'}",ice_cream,,,,,,,,Bland,155.21
11654772730,Rhino Market & Deli,35.2175718,-80.8555936,"{'amenity': 'fast_food', 'cuisine': 'sandwich', 'name': 'Rhino Market & Deli'}",fast_food,,,,,,,,Bland,195.26
11663723969,,35.2184178,-80.8588563,"{'access': 'yes', 'amenity': 'bicycle_parking', 'bicycle_parking': 'stands', 'capacity': '2', 'covered': 'no', 'foot_traffic': 'none', 'indoor': 'no'}",bicycle_parking,,,,,,,,Bland,433.93
11673210369,,35.2193297,-80.8575939,"{'access': 'yes', 'amenity': 'bicycle_parking', 'bicycle_parking': 'stands', 'capacity': '2', 'covered': 'no', 'foot_traffic': 'medium', 'indoor': 'no'}",bicycle_parking,,,,,,,,Bland,441.57
11917807017,,35.2184954,-80.8596029,"{'amenity': 'bicycle_parking', 'bicycle_parking': 'stands', 'capacity': '2'}",bicycle_parking,,,,,,,,Bland,492.1
11923121748,Waterbean Coffee,35.2195882,-80.8538419,"{'addr:city': 'Charlotte', 'addr:housenumber': '300', 'addr:postcode': '28202', 'addr:state': 'NC', 'addr:street': 'South Tryon Street', 'addr:unit': 'Suite 150', 'amenity': 'cafe', 'cuisine': 'coffee_shop', 'name': 'Waterbean Coffee', 'website': 'https://www.waterbean.coffee'}",cafe,,,,,,,,Bland,436.85
11923121750,Dram & Draught,35.2186687,-80.853909,"{'addr:city': 'Charlotte', 'addr:housenumber': '1220', 'addr:postcode': '28203', 'addr:state': 'NC', 'addr:street': 'South Tryon Street', 'amenity': 'bar', 'name': 'Dram & Draught', 'website': 'https://www.dramanddraught.com'}",bar,,,,,,,,Bland,338.64
11929733869,,35.2122632,-80.858735,"{'access': 'yes', 'amenity': 'bicycle_parking', 'bicycle_parking': 'stands', 'capacity': '4', 'covered': 'no', 'indoor': 'no'}",bicycle_parking,,,,,,,,"East/West,Bland","53.41,505.32"
11942940798,The Rose Honky Tonk,35.2163615,-80.8547283,"{'addr:city': 'Charlotte', 'addr:housenumber': '200', 'addr:postcode': '28203', 'addr:state': 'NC', 'addr:street': 'East Bland Street', 'amenity': 'bar', 'contact:facebook': 'https://www.facebook.com/TheRoseHonkyTonkBar', 'name': 'The Rose Honky Tonk', 'phone': '+1-704-372-5255'}",bar,,,,,,,,Bland,77.43
11942940799,Muraya,35.2167443,-80.8542917,"{'addr:city': 'Charlotte', 'addr:housenumber': '200', 'addr:postcode': '28203', 'addr:state': 'NC', 'addr:street': 'East Bland Street', 'amenity': 'restaurant', 'email': 'info@murayarestaurant.com', 'name': 'Muraya', 'phone': '+1-704-333-8226', 'website': 'https://murayarestaurant.com'}",restaurant,,,,,,,,Bland,135.54
11978677054,Morella,35.2181553,-80.8560829,"{'addr:city': 'Charlotte', 'addr:housenumber': '1425', 'addr:postcode': '28203', 'addr:state': 'NC', 'addr:street': 'Winnifred Street', 'addr:unit': '104', 'amenity': 'ice_cream', 'name': 'Morella', 'phone': '+19802379626', 'website': 'https://www.paletasmorelia.com'}",ice_cream,,,,,,,,Bland,268.03
11978677057,YAY Yogurt and Yuca,35.2174597,-80.8564688,"{'addr:city': 'Charlotte', 'addr:housenumber': '1425', 'addr:postcode': '28203', 'addr:state': 'NC', 'addr:street': 'Winnifred Street', 'addr:unit': '116', 'amenity': 'ice_cream', 'cuisine': 'frozen_yogurt', 'name': 'YAY Yogurt and Yuca', 'website': 'https://yogurtyay.com'}",ice_cream,,,,,,,,Bland,210.64
12097437997,,35.2154931,-80.8565468,{'amenity': 'waste_basket'},waste_basket,,,,,,,,"Bland,East/West","121.2,460.73"
12097438000,,35.2162854,-80.8563157,{'amenity': 'waste_basket'},waste_basket,,,,,,,,"Bland,East/West","106.94,547.47"
12097533201,,35.2163052,-80.856106,{'amenity': 'waste_basket'},waste_basket,,,,,,,,"Bland,East/West","91.81,558.68"
12097533204,,35.2171929,-80.8553429,{'amenity': 'waste_basket'},waste_basket,,,,,,,,Bland,151.25
12097533210,,35.2173682,-80.8556752,{'amenity': 'waste_basket'},waste_basket,,,,,,,,Bland,174.34
12097533211,,35.2174387,-80.8555996,{'amenity': 'waste_basket'},waste_basket,,,,,,,,Bland,180.76
12128918637,,35.2125047,-80.8589856,"{'amenity': 'recycling', 'recycling_type': 'container'}",recycling,,,,,,,,"East/West,Bland","64.84,499.74"
12363326997,,35.2155565,-80.8556787,{'amenity': 'drinking_water'},drinking_water,,,,,,,,"Bland,East/West","47.29,511.69"
12363326998,,35.2156854,-80.8559797,{'amenity': 'bench'},bench,,,,,,,,"Bland,East/West","65.67,506.79"
12363326999,,35.2156698,-80.8559448,{'amenity': 'bench'},bench,,,,,,,,"Bland,East/West","63.06,507.21"
12363327000,,35.215568,-80.855726,{'amenity': 'bench'},bench,,,,,,,,"Bland,East/West","49.92,510.03"
12363373802,,35.2155902,-80.855774,{'amenity': 'bench'},bench,,,,,,,,"Bland,East/West","52.24,509.32"
12467232256,,35.2140501,-80.8600408,{'amenity': 'drinking_water'},drinking_water,,,,,,,,"East/West,Bland","247.07,476.14"
12624705073,,35.2129171,-80.8569856,"{'amenity': 'bicycle_parking', 'bicycle_parking': 'stands', 'capacity': '6'}",bicycle_parking,,,,,,,,"East/West,Bland","226.43,358.4"
12696851040,Ilios Crafted Greek,35.2177542,-80.8586226,"{'addr:city': 'Charlotte', 'addr:housenumber': '1514', 'addr:postcode': '28203', 'addr:state': 'NC', 'addr:street': 'South Church Street', 'amenity': 'restaurant', 'cuisine': 'greek', 'name': 'Ilios Crafted Greek', 'website': 'https://ilioscraftedgreek.com'}",restaurant,,,,,,,,Bland,371.59
12861799855,Babaloo Coffee Club,35.2174421,-80.8564416,"{'addr:city': 'Charlotte', 'addr:housenumber': '1425', 'addr:postcode': '28203', 'addr:state': 'NC', 'addr:street': 'Winnifred Street', 'addr:unit': '117', 'amenity': 'cafe', 'cuisine': 'coffee_shop', 'name': 'Babaloo Coffee Club'}",cafe,,,,,,,,Bland,207.7
12958734947,Two Scoops Creamery,35.2141663,-80.8577433,"{'addr:city': 'Charlotte', 'addr:housenumber': '1616', 'addr:postcode': '28203', 'addr:state': 'NC', 'addr:street': 'Camden Road', 'addr:unit': '100', 'amenity': 'ice_cream', 'name': 'Two Scoops Creamery', 'phone': '+1-980-237-2149', 'website': 'https://twoscoopscreamery.com'}",ice_cream,,,,,,,,"East/West,Bland","278.96,290.35"
12958734970,Tutti Gelato,35.2136388,-80.8581241,"{'amenity': 'ice_cream', 'name': 'Tutti Gelato', 'website': 'https://www.tuttigelatousa.com'}",ice_cream,,,,,,,,"East/West,Bland","211.08,355.04"
13056889301,,35.2186064,-80.8554539,"{'access': 'yes', 'amenity': 'bicycle_parking', 'bicycle_parking': 'stands', 'capacity': '2', 'covered': 'no', 'indoor': 'no'}",bicycle_parking,,,,,,,,Bland,308.31
13115252246,Folia,35.2163198,-80.8562734,"{'addr:city': 'Charlotte', 'addr:housenumber': '1440', 'addr:postcode': '28203', 'addr:state': 'NC', 'addr:street': 'South Tryon Street', 'addr:unit': '102', 'amenity': 'bar', 'name': 'Folia', 'website': 'https://www.foliaclt.com'}",bar,,,,,,,,"Bland,East/West","105.47,552.65"
13124360201,,35.2188388,-80.8568101,"{'access': 'yes', 'amenity': 'bicycle_parking', 'bicycle_parking': 'stands', 'capacity': '4', 'covered': 'no', 'indoor': 'no'}",bicycle_parking,,,,,,,,Bland,361.57
13131717115,,35.2163324,-80.8571515,{'amenity': 'waste_disposal'},waste_disposal,,,,,,,,Bland,179.21
13134650026,"Passport Health South End, Charlotte Travel Clinic",35.2141092,-80.855411,"{'addr:city': 'Charlotte', 'addr:housenumber': '1520', 'addr:postcode': '28203', 'addr:state': 'NC', 'addr:street': 'South Boulevard', 'addr:unit': '220', 'amenity': 'clinic', 'healthcare': 'clinic', 'healthcare:speciality': 'travel_clinic;vaccination', 'name': 'Passport Health South End, Charlotte Travel Clinic', 'operator': 'Passport Health', 'operator:type': 'private', 'operator:wikidata': 'Q30270336'}",clinic,,,,,,clinic,,"Bland,East/West","191.21,418.24"
13179448582,La Lima Sangucheria,35.2140081,-80.8558305,"{'amenity': 'restaurant', 'cuisine': 'sandwich', 'name': 'La Lima Sangucheria', 'website': 'https://www.lalimasangucheria.com'}",restaurant,,,,,,,,"Bland,East/West","208.17,380.77"
13179555371,,35.2154418,-80.8582636,{'amenity': 'bench'},bench,,,,,,,,"Bland,East/West","274.93,397.02"
13179555375,,35.2174717,-80.8577144,{'amenity': 'parking_entrance'},parking_entrance,,,,,,,,Bland,286.77
13179555394,Golden Cow Creamery,35.2175414,-80.8578321,"{'amenity': 'ice_cream', 'name': 'Golden Cow Creamery'}",ice_cream,,,,,,,,Bland,299.95
13198314575,,35.2189456,-80.8569696,"{'access': 'yes', 'amenity': 'bicycle_parking', 'bicycle_parking': 'stands', 'capacity': '4', 'covered': 'no', 'indoor': 'no'}",bicycle_parking,,,,,,,,Bland,378.19
13198321002,,35.2189812,-80.8570207,"{'access': 'yes', 'amenity': 'bicycle_parking', 'bicycle_parking': 'stands', 'capacity': '4', 'covered': 'no', 'indoor': 'no'}",bicycle_parking,,,,,,,,Bland,383.7
13278575337,Fresh Monkee,35.2175735,-80.8566277,"{'addr:city': 'Charlotte', 'addr:housenumber': '1425', 'addr:postcode': '28203', 'addr:state': 'NC', 'addr:street': 'Winnifred Street', 'addr:unit': '114', 'amenity': 'fast_food', 'cuisine': 'juice', 'name': 'Fresh Monkee', 'website': 'https://freshmonkee.com'}",fast_food,,,,,,,,Bland,228.98
13289627501,,35.2168404,-80.8557493,"{'access': 'yes', 'amenity': 'bicycle_parking', 'bicycle_parking': 'stands', 'capacity': '6', 'covered': 'no', 'indoor': 'no'}",bicycle_parking,,,,,,,,Bland,119.92
13290051209,Oaklore Bar & Bottle Shop,35.2181333,-80.855914,"{'addr:housenumber': '1425', 'addr:street': 'Winnifred Street', 'addr:unit': '103', 'amenity': 'bar', 'name': 'Oaklore Bar & Bottle Shop'}",bar,,,,,,,,Bland,261.87
13290051211,Bulldog Taproom/Social,35.2176332,-80.8571544,"{'amenity': 'bar', 'name': 'Bulldog Taproom/Social'}",bar,,,,,,,,Bland,262.85
13334786201,,35.2126895,-80.8540022,"{'access': 'yes', 'amenity': 'bicycle_parking', 'bicycle_parking': 'stands', 'capacity': '2', 'covered': 'no', 'indoor': 'no'}",bicycle_parking,,,,,,,,Bland,367.19
13343361201,,35.2130317,-80.8571438,"{'access': 'yes', 'amenity': 'bicycle_parking', 'bicycle_parking': 'stands', 'capacity': '2', 'covered': 'no', 'indoor': 'no'}",bicycle_parking,,,,,,,,"East/West,Bland","220.61,353.67"
13525355801,,35.2185062,-80.8566633,"{'access': 'yes', 'amenity': 'bicycle_parking', 'bicycle_parking': 'stands', 'capacity': '12', 'covered': 'yes', 'indoor': 'no'}",bicycle_parking,,,,,,,,Bland,322.39
315335377,Lincoln Street Kitchen & Cocktails,35.2200217,-80.8568645,"{'addr:city': 'Charlotte', 'addr:housenumber': '309', 'addr:postcode': '28203', 'addr:state': 'NC', 'addr:street': 'Lincoln Street', 'amenity': 'restaurant', 'building': 'yes', 'building:levels': '2', 'name': 'Lincoln Street Kitchen & Cocktails'}",restaurant,,,,,,,,,
315335644,Seoul Food Meat Co.,35.2192467,-80.8576451,"{'addr:city': 'Charlotte', 'addr:housenumber': '1400', 'addr:postcode': '28203', 'addr:state': 'NC', 'addr:street': 'South Church Street', 'amenity': 'restaurant', 'building': 'yes', 'building:levels': '1', 'cuisine': 'korean;barbecue', 'name': 'Seoul Food Meat Co.', 'outdoor_seating': 'yes', 'smoking': 'outside'}",restaurant,,,,,,,,Bland,435.78
394430311,Flower Child,35.2150607,-80.8564915,"{'amenity': 'restaurant', 'building': 'yes', 'name': 'Flower Child'}",restaurant,,,,,,,,"Bland,East/West","139.41,423.33"
432915320,Concentra Urgent Care,35.213569,-80.8562927,"{'addr:city': 'Charlotte', 'addr:housenumber': '1614', 'addr:postcode': '28203', 'addr:state': 'NC', 'addr:street': 'South Boulevard', 'amenity': 'clinic', 'building': 'yes', 'healthcare': 'clinic', 'name': 'Concentra Urgent Care', 'operator': 'Concentra', 'operator:wikidata': 'Q5158304'}",clinic,,,,,,clinic,,"Bland,East/West","267.15,318.15"
432937714,Wells Fargo,35.212793,-80.8560566,"{'amenity': 'bank', 'atm': 'yes', 'brand': 'Wells Fargo', 'brand:wikidata': 'Q744149', 'building': 'commercial', 'drive_through': 'yes', 'name': 'Wells Fargo'}",bank,,,,,,,,"East/West,Bland","298.74,344.14"
432937716,Sandwich Max,35.2133927,-80.8554999,"{'addr:country': 'US', 'addr:housenumber': '1601', 'addr:postcode': '28203', 'addr:state': 'NC', 'addr:street': 'South Boulevard', 'amenity': 'fast_food', 'building': 'commercial', 'cuisine': 'sandwich', 'name': 'Sandwich Max'}",fast_food,,,,,,,,"Bland,East/West","271.04,370.86"
432937727,CVS Pharmacy,35.2137137,-80.8551063,"{'amenity': 'pharmacy', 'brand': 'CVS Pharmacy', 'brand:website': 'https://www.cvs.com/', 'brand:wikidata': 'Q2078880', 'building': 'yes', 'dispensing': 'yes', 'healthcare': 'pharmacy', 'name': 'CVS Pharmacy', 'short_name': 'CVS', 'website': 'https://www.cvs.com/store-locator/charlotte-nc-pharmacies/1533-south-blvd-charlotte-nc-28203/storeid=3185'}",pharmacy,,,,,,pharmacy,,"Bland,East/West","235.23,418.91"
432937734,The Gin Mill,35.2167099,-80.8551358,"{'addr:city': 'Charlotte', 'addr:housenumber': '1423', 'addr:postcode': '28203', 'addr:state': 'NC', 'addr:street': 'South Tryon Street', 'amenity': 'bar', 'building': 'yes', 'name': 'The Gin Mill', 'opening_hours': 'Tu-Fr 16:00-21:00; Sa-Su 12:00-21:00', 'phone': '+1-704-373-0782', 'website': 'https://ginmillsouthend.com/'}",bar,,,,,,,,Bland,98.46
432937735,Tavern On The Tracks,35.2169331,-80.8548131,"{'addr:city': 'Charlotte', 'addr:housenumber': '1411', 'addr:postcode': '28203', 'addr:state': 'NC', 'addr:street': 'South Tryon Street', 'amenity': 'restaurant', 'building': 'yes', 'name': 'Tavern On The Tracks', 'opening_hours': 'Mo-Su 11:00-02:00', 'phone': '+1-704-372-0782', 'website': 'https://tavernonthetracks.com/'}",restaurant,,,,,,,,Bland,129.5
432939155,,35.21713,-80.8537635,"{'access': 'yes', 'amenity': 'parking', 'fee': 'yes', 'park_ride': 'no', 'parking': 'surface', 'surface': 'asphalt'}",parking,,,,,,,,Bland,199.58
432939156,Hoppin',35.2183875,-80.8563305,"{'amenity': 'bar', 'building': 'yes', 'name': ""Hoppin'""}",bar,,,,,,,,Bland,299.31
582913009,,35.2132975,-80.8586193,"{'amenity': 'parking', 'parking': 'street_side'}",parking,,,,,,,,"East/West,Bland","158.67,413.82"
582913335,,35.2136877,-80.8584417,{'amenity': 'parking'},parking,,,,,,,,"East/West,Bland","204.84,373.16"
606469947,,35.2146845,-80.8577183,{'amenity': 'parking'},parking,,,,,,,,"Bland,East/West","255.7,331.81"
611222785,Let's Meat KBBQ,35.2191335,-80.8577334,"{'addr:city': 'Charlotte', 'addr:housenumber': '1400', 'addr:postcode': '28203', 'addr:state': 'NC', 'addr:street': 'South Church Street', 'amenity': 'restaurant', 'building': 'yes', 'name': ""Let's Meat KBBQ"", 'smoking': 'no'}",restaurant,,,,,,,,Bland,429.04
755455238,,35.2190074,-80.8596617,{'amenity': 'parking'},parking,,,,,,,,Bland,532.16
755455240,,35.2191483,-80.8591403,{'amenity': 'parking'},parking,,,,,,,,,
755471159,,35.2154253,-80.8518399,{'amenity': 'parking'},parking,,,,,,,,,
755471161,,35.2155664,-80.8525302,{'amenity': 'parking'},parking,,,,,,,,Bland,251.97
755636070,,35.2192631,-80.8579857,{'amenity': 'parking'},parking,,,,,,,,,
755636074,,35.2183091,-80.8583091,"{'amenity': 'parking', 'parking': 'surface'}",parking,,,,,,,,Bland,389.34
757213336,,35.2169157,-80.8578672,"{'amenity': 'parking', 'parking': 'surface'}",parking,,,,,,,,Bland,264.46
781164392,,35.2184604,-80.8598266,{'amenity': 'parking'},parking,,,,,,,,Bland,506.28
781164404,,35.2185871,-80.8602924,"{'amenity': 'parking', 'surface': 'gravel'}",parking,,,,,,,,Bland,549.17
781164405,Tyber Creek,35.2188542,-80.8606143,"{'addr:city': 'Charlotte', 'addr:housenumber': '1501', 'addr:postcode': '28203', 'addr:state': 'NC', 'addr:street': 'South Mint Street', 'amenity': 'pub', 'building': 'yes', 'name': 'Tyber Creek', 'opening_hours': 'Mo-Th 15:00-02:00; Fr-Su 11:00-02:00', 'theme': 'irish', 'website': 'https://www.tybercreek.com'}",pub,,,,,,,,,
834013546,,35.2155766,-80.8546519,"{'amenity': 'parking', 'building': 'parking', 'parking': 'multi-storey'}",parking,,,,,,,,,
837202789,,35.2135491,-80.8592753,"{'amenity': 'parking', 'building': 'parking', 'parking': 'multi-storey'}",parking,,,,,,,,"East/West,Bland","178.71,442.95"
837202790,,35.2142688,-80.858086,"{'amenity': 'parking', 'building': 'parking', 'parking': 'multi-storey'}",parking,,,,,,,,"East/West,Bland","276.47,308.54"
849315315,,35.2182787,-80.8532723,"{'amenity': 'parking', 'building': 'parking', 'height': '18', 'parking': 'multi-storey'}",parking,,,,,,,,Bland,327.31
849315317,,35.2177661,-80.8538474,"{'amenity': 'parking', 'building': 'parking', 'height': '22', 'parking': 'multi-storey'}",parking,,,,,,,,Bland,251.2
849315321,,35.2164211,-80.8570304,"{'amenity': 'parking', 'parking': 'surface'}",parking,,,,,,,,Bland,172.27
849315322,,35.2169577,-80.8563095,"{'amenity': 'parking', 'parking': 'surface'}",parking,,,,,,,,Bland,156.27
849315323,,35.2172993,-80.8569418,"{'amenity': 'parking', 'parking': 'surface'}",parking,,,,,,,,Bland,222.32
849315324,,35.2176883,-80.8560266,"{'access': 'yes', 'amenity': 'parking', 'building': 'parking', 'fee': 'yes', 'height': '25', 'parking': 'multi-storey'}",parking,,,,,,,,Bland,217.0
875274991,,35.214577,-80.8560028,"{'amenity': 'parking', 'building': 'parking', 'parking': 'multi-storey'}",parking,,,,,,,,,
875274994,Vantage Parking Deck,35.219084,-80.8541407,"{'addr:city': 'Charlotte', 'addr:housenumber': '1220', 'addr:postcode': '28203', 'addr:state': 'NC', 'addr:street': 'South Tryon Street', 'amenity': 'parking', 'building': 'yes', 'name': 'Vantage Parking Deck', 'parking': 'multi-storey'}",parking,,,,,,,,,
875274995,Nickyo's Rodeo,35.2181511,-80.8551825,"{'amenity': 'pub', 'building': 'yes', 'microbrewery': 'yes', 'name': ""Nickyo's Rodeo""}",pub,,,,,,,,Bland,257.56
967497113,Charlotte Beer Garden,35.2184052,-80.8543073,"{'addr:city': 'Charlotte', 'addr:housenumber': '1300', 'addr:postcode': '28203', 'addr:state': 'NC', 'addr:street': 'South Tryon Street', 'amenity': 'biergarten', 'building': 'yes', 'name': 'Charlotte Beer Garden'}",biergarten,,,,,,,,Bland,299.0
1059935588,,35.2139712,-80.860833,"{'amenity': 'parking', 'building': 'yes', 'height': '26', 'parking': 'multi-storey'}",parking,,,,,,,,,
1121531932,Railyard,35.2174657,-80.8557234,"{'access': 'yes', 'addr:city': 'Charlotte', 'addr:housenumber': '1414', 'addr:postcode': '28203', 'addr:state': 'NC', 'addr:street': 'South Tryon Street', 'amenity': 'food_court', 'building': 'yes', 'internet_access': 'wlan', 'internet_access:fee': 'no', 'internet_access:ssid': 'Cousins-Guest', 'name': 'Railyard', 'phone': '+1-704-350-0870', 'power_supply': 'yes', 'website': 'https://railyardsouthend.com'}",food_court,,,,,,,,Bland,185.83
1134158513,,35.2152643,-80.8562809,{'amenity': 'parking'},parking,,,,,,,,"Bland,East/West","110.61,452.83"
1134158519,,35.2159128,-80.8556686,"{'amenity': 'parking', 'parking': 'surface'}",parking,,,,,,,,Bland,36.54
1175759357,,35.2168965,-80.8571242,"{'access': 'yes', 'amenity': 'bicycle_parking', 'bicycle_parking': 'stands', 'capacity': '6', 'covered': 'partial', 'fee': 'no'}",bicycle_parking,,,,,,,,Bland,205.33
1175759358,,35.2177923,-80.8569711,"{'amenity': 'bicycle_parking', 'bicycle_parking': 'stands', 'capacity': '6'}",bicycle_parking,,,,,,,,Bland,266.54
1175759359,,35.2157604,-80.8568945,"{'amenity': 'bicycle_parking', 'bicycle_parking': 'stands', 'capacity': '6'}",bicycle_parking,,,,,,,,Bland,147.14
1208586946,,35.2170122,-80.8546961,{'amenity': 'parking'},parking,,,,,,,,Bland,141.47
1209610745,,35.2163284,-80.8526722,{'amenity': 'parking'},parking,,,,,,,,Bland,243.69
1209610755,,35.2163575,-80.8527647,{'amenity': 'parking_space'},parking_space,,,,,,,,Bland,236.28
1209610756,,35.2163859,-80.8528007,"{'amenity': 'parking_space', 'parking_space': 'disabled'}",parking_space,,,,,,,,Bland,233.91
1209610757,,35.2163403,-80.852743,{'amenity': 'parking_space'},parking_space,,,,,,,,Bland,237.73
1209610758,,35.2163226,-80.8527203,{'amenity': 'parking_space'},parking_space,,,,,,,,Bland,239.28
1209610759,,35.2163035,-80.8526968,{'amenity': 'parking_space'},parking_space,,,,,,,,Bland,240.89
1209610760,,35.2162838,-80.8526733,{'amenity': 'parking_space'},parking_space,,,,,,,,Bland,242.52
1209610761,,35.2162651,-80.8526495,{'amenity': 'parking_space'},parking_space,,,,,,,,Bland,244.22
1209610762,,35.2162464,-80.852626,{'amenity': 'parking_space'},parking_space,,,,,,,,Bland,245.92
1209610763,,35.2162273,-80.8526049,{'amenity': 'parking_space'},parking_space,,,,,,,,Bland,247.42
1209610764,,35.2164371,-80.8527472,{'amenity': 'parking_space'},parking_space,,,,,,,,Bland,240.14
1209610765,,35.2164194,-80.8527256,{'amenity': 'parking_space'},parking_space,,,,,,,,Bland,241.49
1209610766,,35.2164007,-80.8527023,{'amenity': 'parking_space'},parking_space,,,,,,,,Bland,242.99
1209610767,,35.2163814,-80.8526789,{'amenity': 'parking_space'},parking_space,,,,,,,,Bland,244.5
1209610768,,35.2163626,-80.8526554,{'amenity': 'parking_space'},parking_space,,,,,,,,Bland,246.06
1209610769,,35.2163441,-80.8526321,{'amenity': 'parking_space'},parking_space,,,,,,,,Bland,247.64
1209610770,,35.2163256,-80.8526094,{'amenity': 'parking_space'},parking_space,,,,,,,,Bland,249.19
1209610771,,35.2163065,-80.852586,{'amenity': 'parking_space'},parking_space,,,,,,,,Bland,250.81
1209610772,,35.2162848,-80.8525585,{'amenity': 'parking_space'},parking_space,,,,,,,,Bland,252.77
1218561738,The Brickyard,35.217055,-80.8549633,"{'addr:city': 'Charlotte', 'addr:housenumber': '1411', 'addr:postcode': '28203', 'addr:state': 'NC', 'addr:street': 'South Tryon Street', 'amenity': 'bar', 'building': 'yes', 'name': 'The Brickyard', 'opening_hours': 'We-Fr 17:00-02:00; Sa-Su 14:00-02:00', 'phone': '+1-980-938-6990'}",bar,,,,,,,,Bland,138.88
1285775395,,35.2126714,-80.8573263,"{'amenity': 'parking', 'building': 'yes', 'building:levels': '8', 'fee': 'yes', 'height': '24', 'parking': 'multi-storey'}",parking,,,,,,,,East/West,186.38
1347159990,Ruby Sunshine,35.2197506,-80.8574753,"{'amenity': 'restaurant', 'building': 'yes', 'name': 'Ruby Sunshine'}",restaurant,,,,,,,,Bland,478.5
1409279339,,35.2184713,-80.8553155,{'amenity': 'parking'},parking,,,,,,,,Bland,292.94
1409279340,,35.2182956,-80.8556894,{'amenity': 'parking'},parking,,,,,,,,Bland,275.96
1409279341,,35.2179703,-80.8551277,{'amenity': 'parking'},parking,,,,,,,,Bland,237.76
1409279342,,35.2178641,-80.854813,{'amenity': 'parking'},parking,,,,,,,,Bland,229.55
1409279343,,35.2181961,-80.8545834,{'amenity': 'parking'},parking,,,,,,,,Bland,269.95
1409279344,,35.2177144,-80.8569399,{'amenity': 'parking'},parking,,,,,,,,Bland,257.87
1409279347,,35.2199494,-80.8553863,{'amenity': 'parking'},parking,,,,,,,,,
1409279355,,35.2196033,-80.8573598,{'amenity': 'parking'},parking,,,,,,,,Bland,459.28
1409279356,,35.2172942,-80.8592248,{'amenity': 'parking'},parking,,,,,,,,Bland,394.03
1409279357,,35.2158735,-80.8579783,{'amenity': 'parking'},parking,,,,,,,,Bland,245.62
1409279358,,35.214953,-80.8587258,{'amenity': 'parking'},parking,,,,,,,,"Bland,East/West","328.34,336.58"
1409279359,,35.2147431,-80.8589775,{'amenity': 'parking'},parking,,,,,,,,"East/West,Bland","311.36,357.45"
1425192864,Canopy Cocktails & Garden,35.2128667,-80.8581303,"{'addr:city': 'Charlotte', 'addr:housenumber': '118', 'addr:postcode': '28203', 'addr:state': 'NC', 'addr:street': 'E Kingston Ave', 'addr:unit': '10', 'amenity': 'bar', 'brewery': 'various', 'building': 'yes', 'min_age': '21', 'name': 'Canopy Cocktails & Garden'}",bar,,,,,,,,,
1428169467,,35.2146342,-80.8574685,{'amenity': 'parking'},parking,,,,,,,,"Bland,East/West","239.29,336.54"
1428169472,,35.2142507,-80.8539085,{'amenity': 'parking'},parking,,,,,,,,,
1428169476,,35.2146334,-80.8540857,{'amenity': 'parking'},parking,,,,,,,,Bland,171.54
1428169477,,35.2151003,-80.8533326,{'amenity': 'parking'},parking,,,,,,,,Bland,194.84
1428169481,,35.2138191,-80.8544628,{'amenity': 'parking'},parking,,,,,,,,Bland,235.09
1428169483,,35.2141957,-80.8544102,{'amenity': 'parking'},parking,,,,,,,,Bland,197.78
1428169484,,35.213723,-80.854933,{'amenity': 'parking'},parking,,,,,,,,"Bland,East/West","235.79,433.37"
1428169485,,35.2131753,-80.8555409,{'amenity': 'parking'},parking,,,,,,,,"Bland,East/West","295.36,357.59"
1428169486,,35.2126477,-80.856004,{'amenity': 'parking'},parking,,,,,,,,"East/West,Bland","298.65,359.02"
1428169487,,35.2126869,-80.85546,{'amenity': 'parking'},parking,,,,,,,,"East/West,Bland","347.68,348.96"
1428169488,,35.2128133,-80.8551583,{'amenity': 'parking'},parking,,,,,,,,East/West,377.75
1428169490,,35.2122181,-80.8565002,{'amenity': 'parking'},parking,,,,,,,,East/West,244.94
1430326680,,35.2118037,-80.8588587,"{'amenity': 'parking', 'building': 'yes', 'height': '32', 'min_height': '10', 'parking': 'multi-storey'}",parking,,,,,,,,East/West,32.11
1448530641,,35.2180282,-80.8599372,{'amenity': 'parking'},parking,,,,,,,,Bland,488.96
1450790626,,35.2133011,-80.8568463,{'amenity': 'parking'},parking,,,,,,,,"East/West,Bland","259.83,314.61"
1450790627,,35.2135405,-80.8565301,{'amenity': 'parking'},parking,,,,,,,,"Bland,East/West","278.23,298.72"
1450790628,,35.2139234,-80.8565281,{'amenity': 'parking'},parking,,,,,,,,"Bland,East/West","240.02,325.88"
1450790629,,35.2138456,-80.8569145,{'amenity': 'parking'},parking,,,,,,,,"Bland,East/West","265.63,294.62"
1450790630,,35.2137143,-80.856048,{'amenity': 'parking'},parking,,,,,,,,"Bland,East/West","244.82,345.63"
1469358544,,35.2149228,-80.8600526,{'amenity': 'parking'},parking,,,,,,,,"East/West,Bland","340.41,445.86"
1471520739,,35.2154933,-80.8589696,{'amenity': 'parking'},parking,,,,,,,,"Bland,East/West","337.87,394.48"
11008714,,35.2161515,-80.8568812,"{'amenity': 'parking', 'type': 'multipolygon'}",parking,,,,,,,,Bland,150.03
16341474,,35.2163175,-80.8553924,"{'amenity': 'parking', 'type': 'multipolygon'}",parking,,,,,,,,Bland,55.02
18479735,Must Be Nice,35.2197257,-80.857218,"{'amenity': 'bar', 'building': 'commercial', 'name': 'Must Be Nice', 'product': 'soap', 'type': 'multipolygon'}",bar,,,,,,,,Bland,466.65
19581220,,35.2132177,-80.8577831,"{'amenity': 'parking', 'type': 'multipolygon'}",parking,,,,,,,,East/West,189.77
5718028309,Queen City Bicycles,35.2138866,-80.85615,"{'addr:city': 'Charlotte', 'addr:housenumber': '128', 'addr:postcode': '28203', 'addr:state': 'NC', 'addr:street': 'East Park Avenue', 'name': 'Queen City Bicycles', 'service:bicycle:Bicycle_Sales_and_Service': 'yes', 'service:bicycle:bicycle': 'yes', 'service:bicycle:rental': 'yes', 'service:bicycle:repair': 'yes', 'service:bicycle:retail': 'yes', 'shop': 'bicycle'}",,bicycle,,,,,,,"Bland,East/West","229.61,349.51"
6532463479,Nova's Bakery,35.2140473,-80.8546921,"{'name': ""Nova's Bakery"", 'shop': 'bakery'}",,bakery,,,,,,,"Bland,East/West","204.81,469.81"
11291263925,Esita The Label,35.2178493,-80.8564018,"{'addr:city': 'Charlotte', 'addr:housenumber': '1425', 'addr:postcode': '28203', 'addr:state': 'NC', 'addr:street': 'Winnifred Street', 'addr:unit': '109', 'clothes': 'women', 'name': 'Esita The Label', 'phone': '+1-704-733-9918', 'second_hand': 'only', 'shop': 'clothes', 'website': 'https://esitathelabel.com/'}",,clothes,,,,,,,Bland,246.12
11291317374,ABC Spirits,35.2164877,-80.8560464,"{'addr:city': 'Charlotte', 'addr:housenumber': '1426', 'addr:postcode': '28203', 'addr:state': 'NC', 'addr:street': 'South Tryon Street', 'addr:unit': 'B', 'brand': 'ABC', 'brand:wikidata': 'Q7054415', 'name': 'ABC Spirits', 'phone': '+19802376463', 'shop': 'alcohol', 'website': 'https://www.meckabc.com/'}",,alcohol,,,,,,,Bland,100.92
11291317379,Tattoo Me,35.2166805,-80.8566297,"{'addr:city': 'Charlotte', 'addr:housenumber': '1440', 'addr:postcode': '28203', 'addr:state': 'NC', 'addr:street': 'South Tryon Street', 'addr:unit': 'Suite 106', 'lgbtq': 'welcome', 'name': 'Tattoo Me', 'phone': '+17047746629', 'shop': 'tattoo', 'website': 'https://www.tmclt.com/'}",,tattoo,,,,,,,Bland,154.87
11654772728,Bishops Cut/Color,35.2170623,-80.8558875,"{'name': 'Bishops Cut/Color', 'shop': 'hairdresser'}",,hairdresser,,,,,,,Bland,147.42
12861799852,Wheatberry Bakeshop,35.2180998,-80.8561438,"{'addr:city': 'Charlotte', 'addr:housenumber': '1425', 'addr:postcode': '28203', 'addr:state': 'NC', 'addr:street': 'Winnifred Street', 'addr:unit': '105', 'name': 'Wheatberry Bakeshop', 'shop': 'bakery'}",,bakery,,,,,,,Bland,263.71
12861799854,Mars Studio,35.2177394,-80.8565265,"{'addr:city': 'Charlotte', 'addr:housenumber': '1425', 'addr:postcode': '28203', 'addr:state': 'NC', 'addr:street': 'Winnifred Street', 'addr:unit': '112', 'name': 'Mars Studio', 'shop': 'hairdresser'}",,hairdresser,,,,,,,Bland,240.23
12958734948,Hardy Boys Records,35.2140317,-80.857842,"{'name': 'Hardy Boys Records', 'shop': 'music'}",,music,,,,,,,"East/West,Bland","261.57,306.83"
12958734971,Pet Wants,35.2135108,-80.8582334,"{'name': 'Pet Wants', 'shop': 'pet', 'website': 'https://www.petwantsclt.com'}",,pet,,,,,,,"East/West,Bland","193.94,372.03"
394430314,Design Within Reach,35.2154523,-80.8560425,"{'brand': 'Design Within Reach', 'brand:wikidata': 'Q110903326', 'building': 'yes', 'height': '7', 'name': 'Design Within Reach', 'shop': 'furniture', 'website': 'https://www.dwr.com/store?StoreId=21'}",,furniture,,,,,,,"Bland,East/West","81.06,482.44"
432915319,Office Depot,35.2131302,-80.8566125,"{'addr:city': 'Charlotte', 'addr:housenumber': '1620', 'addr:postcode': '28203', 'addr:state': 'NC', 'addr:street': 'South Boulevard', 'brand': 'Office Depot', 'brand:wikidata': 'Q1337797', 'building': 'yes', 'name': 'Office Depot', 'opening_hours': 'Su 11:00-18:00; Mo-Fr 08:00-20:00; Sa 09:00-18:00', 'phone': '+1 704-358-8832', 'ref': '2240', 'shop': 'stationery', 'website': 'https://www.officedepot.com/storelocator/nc/charlotte/office-depot-2240'}",,stationery,,,,,,,"East/West,Bland","267.59,323.04"
432915323,Stop and Go,35.2150095,-80.860011,"{'addr:city': 'Charlotte', 'addr:housenumber': '1632', 'addr:postcode': '28203', 'addr:state': 'NC', 'addr:street': 'South Tryon Street', 'building': 'yes', 'name': 'Stop and Go', 'shop': 'convenience'}",,convenience,,,,,,,"East/West,Bland","348.91,440.09"
695670020,Adam & Eve,35.2146562,-80.8539345,"{'addr:city': 'Charlotte', 'addr:housenumber': '1437', 'addr:postcode': '28203', 'addr:state': 'NC', 'addr:street': 'South Boulevard', 'addr:unit': 'A', 'brand': 'Adam & Eve', 'brand:wikidata': 'Q4678604', 'building': 'retail', 'building:levels': '1', 'currency:XBT': 'yes', 'name': 'Adam & Eve', 'shop': 'erotic', 'website': 'https://adamevestores.com/'}",,erotic,,,,,,,,
11291263921,Beem Light Sauna,35.2171567,-80.8560367,"{'addr:city': 'Charlotte', 'addr:housenumber': '1422', 'addr:postcode': '28203', 'addr:state': 'NC', 'addr:street': 'South Tryon Street', 'addr:unit': 'Suite 170', 'leisure': 'sauna', 'name': 'Beem Light Sauna', 'phone': '+17043502512'}",,,sauna,,,,,,Bland,162.45
11291263926,Kika Strech,35.217951,-80.8563015,"{'addr:city': 'Charlotte', 'addr:housenumber': '1425', 'addr:postcode': '28203', 'addr:state': 'NC', 'addr:street': 'Winnifred Street', 'addr:unit': '108', 'leisure': 'fitness_centre', 'name': 'Kika Strech', 'phone': '+17049530564', 'sport': 'yoga', 'website': 'https://kikastretchstudios.com/stretch-studio/north-carolina/charlotte'}",,,fitness_centre,,,,,,Bland,252.93
11291263929,Orangetheory Fitness,35.2177355,-80.8553663,"{'addr:city': 'Charlotte', 'addr:housenumber': '1414', 'addr:postcode': '28203', 'addr:state': 'NC', 'addr:street': 'South Tryon Street', 'addr:unit': '160', 'brand': 'Orangetheory Fitness', 'brand:wikidata': 'Q25005163', 'leisure': 'fitness_centre', 'name': 'Orangetheory Fitness', 'phone': '+1 704-885-1300', 'ref': '28324'}",,,fitness_centre,,,,,,Bland,211.47
11654772731,,35.2172692,-80.8557524,{'leisure': 'fitness_centre'},,,fitness_centre,,,,,,Bland,165.3
12363373830,,35.2154791,-80.8557725,{'leisure': 'picnic_table'},,,picnic_table,,,,,,"Bland,East/West","59.36,499.66"
13179555393,Arrichion Hot Yoga,35.2170967,-80.8568251,"{'leisure': 'fitness_centre', 'name': 'Arrichion Hot Yoga', 'sport': 'yoga'}",,,fitness_centre,,,,,,Bland,198.77
547660396,Wilmore Centennial Park,35.2141233,-80.8601962,"{'addr:city': 'Charlotte', 'addr:housenumber': '1711', 'addr:postcode': '28203', 'addr:state': 'NC', 'addr:street': 'South Tryon Street', 'leisure': 'park', 'name': 'Wilmore Centennial Park', 'opening_date': '2020'}",,,park,,,,,,"East/West,Bland","259.52,485.82"
555843918,,35.218688,-80.8529076,{'leisure': 'swimming_pool'},,,swimming_pool,,,,,,Bland,383.51
1185598385,,35.2142226,-80.8597165,{'leisure': 'playground'},,,playground,,,,,,"East/West,Bland","257.98,441.38"
1185598386,,35.2140481,-80.8599416,{'leisure': 'outdoor_seating'},,,outdoor_seating,,,,,,"East/West,Bland","244.11,468.03"
1191248746,,35.2149511,-80.8585248,{'leisure': 'swimming_pool'},,,swimming_pool,,,,,,"Bland,East/West","310.99,339.06"
1192742643,,35.2148999,-80.8566369,{'leisure': 'outdoor_seating'},,,outdoor_seating,,,,,,"Bland,East/West","160.91,401.13"
1208420151,,35.2171669,-80.8553764,"{'garden:type': 'landscaping', 'leisure': 'garden'}",,,garden,,,,,,Bland,148.52
1208420152,,35.2172262,-80.8553147,"{'garden:type': 'landscaping', 'leisure': 'garden'}",,,garden,,,,,,Bland,154.87
1208420162,,35.217298,-80.8553493,{'leisure': 'outdoor_seating'},,,outdoor_seating,,,,,,Bland,162.92
1208420163,,35.2171689,-80.8554727,{'leisure': 'outdoor_seating'},,,outdoor_seating,,,,,,Bland,149.52
1208586952,,35.2179548,-80.8579817,{'leisure': 'swimming_pool'},,,swimming_pool,,,,,,Bland,340.57
1208587031,,35.2174644,-80.8542035,{'leisure': 'swimming_pool'},,,swimming_pool,,,,,,Bland,206.04
1253668813,,35.2173595,-80.8555721,{'leisure': 'outdoor_seating'},,,outdoor_seating,,,,,,Bland,171.69
1253668814,,35.2172243,-80.8553803,"{'garden:type': 'landscaping', 'leisure': 'garden'}",,,garden,,,,,,Bland,154.9
1285294583,,35.2194044,-80.8537475,"{'garden:type': 'landscaping', 'leisure': 'garden'}",,,garden,,,,,,Bland,420.22
1285294584,,35.219482,-80.8538272,"{'garden:type': 'landscaping', 'leisure': 'garden'}",,,garden,,,,,,Bland,426.04
1285294585,,35.2195614,-80.8537442,"{'garden:type': 'landscaping', 'leisure': 'garden'}",,,garden,,,,,,Bland,436.78
1285294587,,35.219704,-80.8535933,"{'garden:type': 'landscaping', 'leisure': 'garden'}",,,garden,,,,,,Bland,456.23
1285294592,,35.2197197,-80.8529832,{'leisure': 'garden'},,,garden,,,,,,"Carson,Bland","216.49,479.35"
1285294593,,35.2196165,-80.852869,{'leisure': 'garden'},,,garden,,,,,,"Carson,Bland","202.3,473.8"
1285294594,,35.2194393,-80.8536319,"{'garden:type': 'landscaping', 'leisure': 'garden'}",,,garden,,,,,,Bland,427.45
1285294595,,35.219511,-80.8536739,"{'garden:type': 'landscaping', 'leisure': 'garden'}",,,garden,,,,,,Bland,433.6
1285294596,,35.2196059,-80.8534453,"{'garden:type': 'landscaping', 'leisure': 'garden'}",,,garden,,,,,,Bland,450.81
1285294599,,35.2194559,-80.8537645,{'leisure': 'outdoor_seating'},,,outdoor_seating,,,,,,Bland,425.11
1293323910,,35.2142548,-80.8596973,"{'garden:type': 'landscaping', 'leisure': 'garden'}",,,garden,,,,,,"East/West,Bland","261.16,438.34"
1293323911,,35.2144936,-80.8600529,"{'garden:type': 'landscaping', 'leisure': 'garden'}",,,garden,,,,,,"East/West,Bland","294.38,458.98"
1293323913,,35.2138756,-80.8602683,"{'garden:type': 'landscaping', 'leisure': 'garden'}",,,garden,,,,,,"East/West,Bland","236.79,503.08"
1306216324,,35.2173481,-80.8551226,"{'garden:type': 'landscaping', 'leisure': 'garden'}",,,garden,,,,,,Bland,168.97
1306216325,,35.2172628,-80.8552442,"{'garden:type': 'landscaping', 'leisure': 'garden'}",,,garden,,,,,,Bland,158.93
1428169461,,35.2171171,-80.8571841,{'leisure': 'outdoor_seating'},,,outdoor_seating,,,,,,Bland,224.51
1433950599,,35.2167585,-80.8568401,{'leisure': 'outdoor_seating'},,,outdoor_seating,,,,,,Bland,175.39
1469358548,,35.2161727,-80.8612816,"{'access': 'private', 'leisure': 'swimming_pool'}",,,swimming_pool,,,,,,,
1469358549,,35.216189,-80.8610441,"{'access': 'private', 'leisure': 'swimming_pool'}",,,swimming_pool,,,,,,Bland,526.11
17917024,,35.2173479,-80.8555636,"{'highway': 'pedestrian', 'leisure': 'outdoor_seating', 'type': 'multipolygon'}",,,outdoor_seating,,,,,,Bland,170.3
12363373831,,35.2155641,-80.855661,"{'information': 'map', 'tourism': 'information'}",,,,information,,,,,"Bland,East/West","45.52,513.35"
12517322251,Substation & Tower Illumination,35.2150844,-80.8553721,"{'artwork_type': 'installation', 'name': 'Substation & Tower Illumination', 'tourism': 'artwork'}",,,,artwork,,,,,Bland,83.11
12517322252,Dinosaur,35.2150614,-80.8560031,"{'artist_name': 'Amy Hart', 'artwork_type': 'sculpture', 'name': 'Dinosaur', 'tourism': 'artwork'}",,,,artwork,,,,,"Bland,East/West","107.69,450.45"
12517322255,,35.2140467,-80.8599153,"{'artist_name': 'David Furman', 'artwork_type': 'installation', 'tourism': 'artwork'}",,,,artwork,,,,,"East/West,Bland","243.28,465.93"
12958734949,Charlotte Machine Co.,35.2140988,-80.8577207,"{'artist_name': 'David Furman', 'artwork_type': 'sculpture', 'material': 'metal', 'name': 'Charlotte Machine Co.', 'tourism': 'artwork'}",,,,artwork,,,,,"East/West,Bland","273.35,293.61"
432937709,Dilworth Artisan Station,35.2129374,-80.8577677,"{'addr:city': 'Charlotte', 'addr:housenumber': '118', 'addr:postcode': '28203', 'addr:state': 'NC', 'addr:street': 'East Kingston Avenue', 'building': 'yes', 'name': 'Dilworth Artisan Station', 'source': 'http://dilworthartisan.com/index.html', 'tourism': 'gallery'}",,,,gallery,,,,,East/West,168.89
606469946,Holiday Inn Express & Suites,35.2146381,-80.859284,"{'addr:city': 'Charlotte', 'addr:housenumber': '1617', 'addr:postcode': '28203', 'addr:state': 'NC', 'addr:street': 'South Tryon Street', 'brand': 'Holiday Inn Express & Suites', 'brand:wikidata': 'Q5880423', 'building': 'yes', 'building:levels': '5', 'name': 'Holiday Inn Express & Suites', 'tourism': 'hotel'}",,,,hotel,,,,,"East/West,Bland","299.4,387.65"
1196928924,,35.2129863,-80.858043,"{'artwork_type': 'mural', 'tourism': 'artwork'}",,,,artwork,,,,,East/West,154.87
1253668818,,35.2185721,-80.8592759,"{'area': 'yes', 'artwork_type': 'mural', 'tourism': 'artwork'}",,,,artwork,,,,,Bland,474.06
1352819936,Color Forest,35.216956,-80.8534129,"{'area': 'yes', 'artwork_type': 'installation', 'name': 'Color Forest', 'tourism': 'artwork'}",,,,artwork,,,,,Bland,210.88
1352819937,Fowler Porch,35.2158601,-80.855274,"{'area': 'yes', 'artwork_type': 'installation', 'name': 'Fowler Porch', 'tourism': 'artwork'}",,,,artwork,,,,,Bland,3.38
1352819940,Rail Trail Chalkboard,35.2136744,-80.8576339,"{'artwork_type': 'installation', 'name': 'Rail Trail Chalkboard', 'tourism': 'artwork'}",,,,artwork,,,,,"East/West,Bland","237.79,321.01"
1448530643,,35.2183208,-80.8562489,"{'artwork_type': 'mural', 'tourism': 'artwork'}",,,,artwork,,,,,Bland,289.96
11008717,Elder Gallery,35.2162523,-80.8571624,"{'building': 'yes', 'name': 'Elder Gallery', 'tourism': 'gallery', 'type': 'multipolygon', 'website': 'https://eldergalleryclt.com'}",,,,gallery,,,,,Bland,177.61
6532463478,Coldwell Banker,35.2143081,-80.8562177,"{'brand': 'Coldwell Banker', 'brand:wikidata': 'Q738853', 'name': 'Coldwell Banker', 'office': 'estate_agent'}",,,,,estate_agent,,,,"Bland,East/West","189.13,375.73"
6532475895,H&R Block,35.2145911,-80.8540976,"{'brand': 'H&R Block', 'brand:wikidata': 'Q5627799', 'name': 'H&R Block', 'office': 'tax_advisor'}",,,,,tax_advisor,,,,Bland,174.52
11289639662,WeWork,35.2170223,-80.8557321,"{'addr:city': 'Charlotte', 'addr:housenumber': '1422', 'addr:postcode': '28203', 'addr:state': 'NC', 'addr:street': 'South Tryon Street', 'addr:unit': 'Suite 300', 'brand': 'WeWork', 'brand:wikidata': 'Q19995004', 'fee': 'yes', 'level': '2-3', 'name': 'WeWork', 'office': 'coworking', 'phone': '+1-704-703-1906', 'website': 'https://www.wework.com/'}",,,,,coworking,,,,Bland,138.48
11289639663,EY,35.2170497,-80.855703,"{'addr:city': 'Charlotte', 'addr:housenumber': '1422', 'addr:postcode': '28203', 'addr:state': 'NC', 'addr:street': 'South Tryon Street', 'brand': 'EY', 'brand:wikidata': 'Q489097', 'level': '4-5', 'name': 'EY', 'office': 'consulting', 'official_name': 'Ernst & Young', 'website': 'https://www.ey.com'}",,,,,consulting,,,,Bland,140.64
11289639664,Slalom,35.2170789,-80.8556724,"{'addr:city': 'Charlotte', 'addr:housenumber': '1422', 'addr:postcode': '28203', 'addr:state': 'NC', 'addr:street': 'South Tryon Street', 'addr:unit': 'Suite 600', 'level': '6', 'name': 'Slalom', 'office': 'consulting', 'website': 'https://www.slalom.com/'}",,,,,consulting,,,,Bland,143.03
11289639665,Mcmillan Pazdan Smith,35.2171071,-80.855643,"{'addr:city': 'Charlotte', 'addr:housenumber': '1422', 'addr:postcode': '28203', 'addr:state': 'NC', 'addr:street': 'South Tryon Street', 'addr:unit': 'Suite 700', 'level': '7', 'name': 'Mcmillan Pazdan Smith', 'office': 'architect', 'phone': '+1-980-201-3035', 'website': 'https://mcmillanpazdansmith.com/'}",,,,,architect,,,,Bland,145.43
11289639666,Parsons,35.2171342,-80.8556125,"{'addr:city': 'Charlotte', 'addr:housenumber': '1422', 'addr:postcode': '28203', 'addr:state': 'NC', 'addr:street': 'South Tryon Street', 'addr:unit': 'Suite 800', 'level': '8', 'name': 'Parsons', 'office': 'company', 'phone': '+1-980-266-4125', 'website': 'https://www.parsons.com/'}",,,,,company,,,,Bland,147.77
11289639667,Allstate,35.2174548,-80.855272,"{'brand': 'Allstate', 'brand:wikidata': 'Q2645636', 'name': 'Allstate', 'office': 'insurance', 'phone': '+1-704-578-8453'}",,,,,insurance,,,,Bland,180.19
11289639668,Moody's,35.2175173,-80.8552078,"{'name': ""Moody's"", 'office': 'financial_advisor', 'phone': '+1-212-553-0974'}",,,,,financial_advisor,,,,Bland,187.24
11289651369,Cousins,35.2173354,-80.855856,"{'addr:housenumber': '1414', 'addr:street': 'South Tryon Street', 'name': 'Cousins', 'office': 'estate_agent'}",,,,,estate_agent,,,,Bland,174.99
11291317377,Browder Group Real Estate,35.2164412,-80.8564445,"{'addr:housenumber': '1440', 'addr:street': 'South Tryon Street', 'addr:unit': 'Suite 104', 'name': 'Browder Group Real Estate', 'office': 'estate_agent'}",,,,,estate_agent,,,,Bland,125.8
11483254446,Dimensional,35.2157232,-80.8564597,"{'name': 'Dimensional', 'office': 'financial_advisor', 'website': 'https://www.dimensional.com'}",,,,,financial_advisor,,,,"Bland,East/West","108.02,486.7"
11654772729,Hodges Taylor,35.217507,-80.8554961,"{'name': 'Hodges Taylor', 'office': 'consulting'}",,,,,consulting,,,,Bland,187.02
837278806,Tin Fulton Walker & Owen,35.2128444,-80.8539675,"{'addr:city': 'Charlotte', 'addr:housenumber': '301', 'addr:postcode': '28203', 'addr:state': 'NC', 'addr:street': 'East Park Avenue', 'building': 'office', 'name': 'Tin Fulton Walker & Owen', 'office': 'lawyer', 'source': 'microsoft/BuildingFootprints'}",,,,,lawyer,,,,Bland,351.99
618108478,Bland Street,35.2157775,-80.8551939,"{'addr:city': 'Charlotte', 'addr:housenumber': '1511', 'addr:postcode': '28203', 'addr:state': 'NC', 'addr:street': 'Camden Road', 'internet_access': 'no', 'light_rail': 'yes', 'name': 'Bland Street', 'network': 'LYNX', 'operator': 'CATS', 'public_transport': 'station', 'railway': 'station', 'start_date': '1996-08-30', 'station': 'light_rail', 'wheelchair': 'yes', 'wikidata': 'Q4924993', 'wikipedia': 'en:Bland Street station'}",,,,,,station,,,Bland,9.76
8419403091,Bland Street,35.2155682,-80.8555303,"{'light_rail': 'yes', 'name': 'Bland Street', 'network': 'LYNX', 'operator': 'CATS', 'public_transport': 'stop_position', 'railway': 'stop'}",,,,,,stop_position,,,Bland,36.9
8419403092,Bland Street,35.2159517,-80.8549368,"{'light_rail': 'yes', 'name': 'Bland Street', 'network': 'LYNX', 'operator': 'CATS', 'public_transport': 'stop_position', 'railway': 'stop'}",,,,,,stop_position,,,Bland,34.03
8419403094,East/West Boulevard,35.2123179,-80.8588211,"{'light_rail': 'yes', 'name': 'East/West Boulevard', 'network': 'LYNX', 'operator': 'CATS', 'public_transport': 'stop_position', 'railway': 'stop'}",,,,,,stop_position,,,"East/West,Bland","52.58,505.54"
535109777,,35.2157179,-80.8551901,"{'area': 'yes', 'bench': 'yes', 'bin': 'yes', 'light_rail': 'yes', 'lit': 'yes', 'network': 'LYNX', 'operator': 'CATS', 'public_transport': 'platform', 'railway': 'platform', 'shelter': 'yes', 'tactile_paving': 'yes'}",,,,,,platform,,,Bland,14.88
535109778,,35.2157958,-80.8552723,"{'area': 'yes', 'bench': 'yes', 'bin': 'yes', 'light_rail': 'yes', 'lit': 'yes', 'network': 'LYNX', 'operator': 'CATS', 'public_transport': 'platform', 'railway': 'platform', 'shelter': 'yes', 'tactile_paving': 'yes'}",,,,,,platform,,,Bland,3.86
535123121,,35.2120438,-80.8591502,"{'area': 'yes', 'bench': 'yes', 'bin': 'yes', 'light_rail': 'yes', 'lit': 'yes', 'network': 'LYNX', 'operator': 'CATS', 'public_transport': 'platform', 'railway': 'platform', 'shelter': 'yes', 'tactile_paving': 'yes'}",,,,,,platform,,,East/West,11.65
535123122,,35.2119989,-80.8590343,"{'area': 'yes', 'bench': 'yes', 'bin': 'yes', 'light_rail': 'yes', 'lit': 'yes', 'network': 'LYNX', 'operator': 'CATS', 'public_transport': 'platform', 'railway': 'platform', 'shelter': 'yes', 'tactile_paving': 'yes'}",,,,,,platform,,,East/West,13.97
12309358,East/West Boulevard,35.2120282,-80.8590988,"{'name': 'East/West Boulevard', 'network': 'LYNX', 'public_transport': 'stop_area', 'railway': 'facility', 'type': 'public_transport'}",,,,,,stop_area,,,East/West,11.73
12309359,Bland Street,35.2157561,-80.8552285,"{'name': 'Bland Street', 'network': 'LYNX', 'public_transport': 'stop_area', 'railway': 'facility', 'type': 'public_transport'}",,,,,,stop_area,,,Bland,9.44
4318405907,Wooden Robot,35.2169992,-80.8570717,"{'addr:city': 'Charlotte', 'addr:housenumber': '1440', 'addr:postcode': '28203', 'addr:state': 'NC', 'addr:street': 'South Tryon Street', 'addr:unit': 'Suite 110', 'craft': 'brewery', 'lgbtq': 'welcome', 'name': 'Wooden Robot', 'phone': '+19808197875', 'website': 'https://woodenrobotbrewery.com/'}",,,,,,,,brewery,Bland,208.33
11291263922,Perfect Screen,35.2180741,-80.8561738,"{'addr:city': 'Charlotte', 'addr:housenumber': '1425', 'addr:postcode': '28203', 'addr:state': 'NC', 'addr:street': 'Winnifred Street', 'addr:unit': '106', 'craft': 'electronics_repair', 'name': 'Perfect Screen', 'phone': '+19808673215', 'website': 'https://www.ncperfectscreen.com/'}",,,,,,,,electronics_repair,Bland,261.83
2624953033,Carrabba's Italian Grill,35.2139184,-80.8556348,"{'addr:city': 'Charlotte', 'addr:country': 'US', 'addr:housenumber': '1520', 'addr:postcode': '28203', 'addr:state': 'NC', 'addr:street': 'South Boulevard', 'amenity': 'restaurant', 'brand': ""Carrabba's Italian Grill"", 'brand:wikidata': 'Q5045999', 'cuisine': 'italian', 'name': ""Carrabba's Italian Grill"", 'opening_hours': 'Su-Th 11:00-22:00, Fr-Sa 11:00-23:00', 'phone': '+1-704-377-2458', 'website': 'https://www.carrabbas.com/restaurant/locations/nc/charlotte/charlotte-south-end/index.aspx'}",restaurant,,,,,,,,"Bland,East/West","214.44,389.44"
3497698403,,35.214717,-80.856847,"{'amenity': 'bicycle_repair_station', 'brand': 'Dero', 'opening_hours': '24/7', 'service:bicycle:chain_tool': 'no', 'source': 'osmsync:dero'}",bicycle_repair_station,,,,,,,,"Bland,East/West","188.61,373.56"
4318565911,La Capital MX,35.2104226,-80.8594777,"{'amenity': 'restaurant', 'cuisine': 'mexican', 'name': 'La Capital MX'}",restaurant,,,,,,,,East/West,170.59
4318565948,Sullivan's Steak House,35.2101455,-80.8598517,"{'addr:city': 'Charlotte', 'addr:housenumber': '1928', 'addr:postcode': '28203', 'addr:state': 'NC', 'addr:street': 'South Boulevard', 'amenity': 'restaurant', 'cuisine': 'steak_house', 'name': ""Sullivan's Steak House""}",restaurant,,,,,,,,East/West,208.46
4781465504,O-Ku,35.2095731,-80.8604037,"{'addr:city': 'Charlotte', 'amenity': 'restaurant', 'cuisine': 'sushi', 'name': 'O-Ku'}",restaurant,,,,,,,,East/West,285.5
5266145724,Yamazaru Sushi & Sake,35.2085683,-80.8633394,"{'addr:city': 'Charlotte', 'addr:housenumber': '2173', 'addr:postcode': '28203', 'addr:state': 'NC', 'addr:street': 'Hawkins Street', 'addr:unit': 'A', 'amenity': 'restaurant', 'cuisine': 'sushi', 'name': 'Yamazaru Sushi & Sake'}",restaurant,,,,,,,,East/West,532.76
5266158119,Pop the Top - Craft Beer Shop,35.213017,-80.8593122,"{'amenity': 'bar', 'name': 'Pop the Top - Craft Beer Shop'}",bar,,,,,,,,East/West,120.14
5266162321,Leroy Fox Southend,35.2139005,-80.8579383,"{'amenity': 'restaurant', 'name': 'Leroy Fox Southend'}",restaurant,,,,,,,,"East/West,Bland","244.62,322.99"
5266162322,Clean Juice,35.2141008,-80.8577913,"{'addr:city': 'Charlotte', 'addr:housenumber': '1616', 'addr:postcode': '28203', 'addr:state': 'NC', 'addr:street': 'Camden Road', 'addr:unit': 'Suite 130', 'amenity': 'fast_food', 'brand': 'Clean Juice', 'brand:wikidata': 'Q60775550', 'cuisine': 'juice', 'name': 'Clean Juice', 'takeaway': 'yes'}",fast_food,,,,,,,,"East/West,Bland","270.5,298.35"
5266162323,Sabor,35.2142154,-80.8577072,"{'amenity': 'restaurant', 'name': 'Sabor'}",restaurant,,,,,,,,"Bland,East/West","284.36,285.31"
5266164481,The UPS Store,35.2125724,-80.8591845,"{'amenity': 'post_office', 'brand': 'The UPS Store', 'brand:short': 'UPS', 'brand:wikidata': 'Q7771029', 'name': 'The UPS Store', 'shop': 'copyshop', 'short_name': 'UPS'}",post_office,copyshop,,,,,,,"East/West,Bland","70.15,506.75"
5266165570,Grace Covenant Church,35.2118124,-80.8581993,"{'addr:city': 'Charlotte', 'addr:housenumber': '1800', 'addr:postcode': '28203', 'addr:state': 'NC', 'addr:street': 'South Boulevard', 'amenity': 'place_of_worship', 'name': 'Grace Covenant Church', 'religion': 'christian'}",place_of_worship,,,,,,,,East/West,89.48
5286419102,Preppy Pet,35.2121562,-80.8612783,"{'amenity': 'animal_boarding', 'name': 'Preppy Pet'}",animal_boarding,,,,,,,,East/West,193.38
5286423661,Luna's Living Kitchen,35.2090646,-80.8609734,"{'amenity': 'restaurant', 'name': ""Luna's Living Kitchen""}",restaurant,,,,,,,,East/West,358.65
5286834622,,35.2144175,-80.8568136,{'amenity': 'bicycle_repair_station'},bicycle_repair_station,,,,,,,,"Bland,East/West","209.81,348.55"
5528389570,,35.2134674,-80.859749,{'amenity': 'fountain'},fountain,,,,,,,,East/West,177.4
5531752861,,35.2119871,-80.85773,{'amenity': 'clock'},clock,,,,,,,,East/West,131.17
5550746601,,35.2131409,-80.8597448,"{'amenity': 'waste_basket', 'waste': 'dog_excrement'}",waste_basket,,,,,,,,East/West,143.09
5550746602,,35.2135914,-80.8597518,"{'amenity': 'waste_basket', 'waste': 'dog_excrement'}",waste_basket,,,,,,,,East/West,190.64
5550746603,,35.2141751,-80.8592567,"{'amenity': 'waste_basket', 'waste': 'dog_excrement'}",waste_basket,,,,,,,,"East/West,Bland","248.0,405.8"
5550746604,,35.2108176,-80.8604266,"{'amenity': 'waste_basket', 'waste': 'dog_excrement'}",waste_basket,,,,,,,,East/West,169.04
5550760328,,35.2125082,-80.8589911,{'amenity': 'waste_basket'},waste_basket,,,,,,,,"East/West,Bland","65.08,499.79"
5550760329,,35.2104133,-80.8606175,{'amenity': 'waste_basket'},waste_basket,,,,,,,,East/West,214.53
5573606999,,35.2132226,-80.8584711,"{'amenity': 'bicycle_parking', 'bicycle_parking': 'stands', 'capacity': '6', 'covered': 'no'}",bicycle_parking,,,,,,,,"East/West,Bland","155.82,409.84"
5573622155,,35.2134127,-80.8588728,"{'amenity': 'waste_basket', 'waste': 'dog_excrement'}",waste_basket,,,,,,,,"East/West,Bland","165.55,422.84"
5726256554,,35.2105269,-80.8618471,{'amenity': 'bench'},bench,,,,,,,,East/West,289.71
5726256555,,35.2104754,-80.8616344,{'amenity': 'bench'},bench,,,,,,,,East/West,276.93
5726256556,,35.2108412,-80.8604071,{'amenity': 'bench'},bench,,,,,,,,East/West,165.91
5750022471,Superica,35.2117739,-80.8603349,"{'addr:city': 'Charlotte', 'addr:housenumber': '101', 'addr:postcode': '28203', 'addr:state': 'NC', 'addr:street': 'West Worthington Avenue', 'addr:unit': '100', 'amenity': 'restaurant', 'cuisine': 'tex-mex', 'name': 'Superica', 'outdoor_seating': 'yes', 'takeaway': 'yes', 'website': 'http://www.superica.com/charlotte/'}",restaurant,,,,,,,,East/West,107.61
5764307593,,35.2122861,-80.8589489,"{'amenity': 'vending_machine', 'check_date': '2025-03-14', 'vending': 'public_transport_tickets'}",vending_machine,,,,,,,,"East/West,Bland","43.34,515.72"
5764307594,,35.2122248,-80.8588362,"{'amenity': 'vending_machine', 'check_date': '2025-03-14', 'vending': 'public_transport_tickets'}",vending_machine,,,,,,,,"East/West,Bland","43.82,514.4"
9091422548,,35.2070378,-80.8624697,"{'access': 'customers', 'amenity': 'parking_entrance', 'parking': 'underground'}",parking_entrance,,,,,,,,East/West,621.1
9204979125,Shell,35.2118264,-80.857213,"{'addr:city': 'Charlotte', 'addr:housenumber': '201', 'addr:postcode': '28203', 'addr:state': 'NC', 'addr:street': 'East Boulevard', 'amenity': 'fuel', 'brand': 'Shell', 'brand:wikidata': 'Q110716465', 'name': 'Shell'}",fuel,,,,,,,,East/West,178.56
9446748732,,35.2078619,-80.8605698,{'amenity': 'parking_entrance'},parking_entrance,,,,,,,,East/West,469.87
9446748733,,35.2081089,-80.8610425,{'amenity': 'parking_entrance'},parking_entrance,,,,,,,,East/West,457.78
9842012385,PARA,35.2105809,-80.8633085,"{'amenity': 'restaurant', 'cuisine': 'tapas;brunch', 'diet:pescetarian': 'yes', 'diet:vegan': 'yes', 'diet:vegetarian': 'yes', 'name': 'PARA', 'phone': '+1 704-812-0607', 'website': 'https://www.paraclt.com/'}",restaurant,,,,,,,,East/West,405.71
9842012386,Bang Bang Burgers,35.2105809,-80.8634238,"{'addr:city': 'Charlotte', 'addr:housenumber': '235', 'addr:postcode': '28203', 'addr:state': 'NC', 'addr:street': 'West Tremont Avenue', 'addr:unit': '101', 'amenity': 'restaurant', 'cuisine': 'burger', 'name': 'Bang Bang Burgers', 'phone': '+1 980 225 1016', 'website': 'https://bangbangburgersclt.com'}",restaurant,,,,,,,,East/West,415.47
9842054792,Krispy Kreme,35.2100878,-80.8623402,"{'addr:city': 'Charlotte', 'addr:housenumber': '2116', 'addr:postcode': '28203', 'addr:state': 'NC', 'addr:street': 'Hawkins Street', 'addr:unit': '102', 'amenity': 'fast_food', 'brand': 'Krispy Kreme', 'brand:wikidata': 'Q1192805', 'cuisine': 'donut', 'drive_through': 'no', 'name': 'Krispy Kreme', 'opening_hours': 'Su-Th 06:00-22:00; Fr,Sa 06:00-23:00', 'phone': '+1-980-270-7117', 'takeaway': 'yes', 'website': 'https://www.krispykreme.com'}",fast_food,,,,,,,,East/West,354.19
9873281672,,35.2072139,-80.8611225,{'amenity': 'parking_entrance'},parking_entrance,,,,,,,,East/West,553.43
9873298431,,35.210783,-80.859931,{'amenity': 'parking_entrance'},parking_entrance,,,,,,,,East/West,145.81
9873298435,,35.2106923,-80.8594116,{'amenity': 'parking_entrance'},parking_entrance,,,,,,,,East/West,140.11
9873298436,,35.2106686,-80.8594349,{'amenity': 'parking_entrance'},parking_entrance,,,,,,,,East/West,143.05
9873298440,,35.2141607,-80.8582855,{'amenity': 'parking_entrance'},parking_entrance,,,,,,,,"East/West,Bland","259.1,330.29"
9873298447,,35.2141638,-80.8609758,{'amenity': 'parking_entrance'},parking_entrance,,,,,,,,"East/West,Bland","296.37,550.34"
9873298452,,35.2138191,-80.8606157,{'amenity': 'parking_entrance'},parking_entrance,,,,,,,,"East/West,Bland","246.46,534.38"
9873301440,,35.211921,-80.8626345,{'amenity': 'parking_entrance'},parking_entrance,,,,,,,,East/West,315.33
9873301441,QC Pour House,35.210813,-80.8620175,"{'addr:city': 'Charlotte', 'addr:housenumber': '200', 'addr:postcode': '28203', 'addr:state': 'NC', 'addr:street': 'West Tremont Avenue', 'addr:unit': '#101', 'amenity': 'restaurant', 'email': 'info@qcpourhouse.com', 'name': 'QC Pour House', 'opening_hours': 'Mo-Fr 11:30-24:00; Sa-Su 11:00-24:00', 'phone': '+1-980-219-7303', 'website': 'www.qcpourhouse.com'}",restaurant,,,,,,,,East/West,287.73
9873301445,,35.2120368,-80.8602938,{'amenity': 'parking_entrance'},parking_entrance,,,,,,,,East/West,102.85
9873301464,,35.2132904,-80.8594623,{'amenity': 'parking_entrance'},parking_entrance,,,,,,,,East/West,152.1
9873301466,,35.2135485,-80.8590262,{'amenity': 'parking_entrance'},parking_entrance,,,,,,,,"East/West,Bland","178.86,424.58"
9873301469,,35.2144014,-80.8557446,{'amenity': 'parking_entrance'},parking_entrance,,,,,,,,"Bland,East/West","163.98,414.38"
9873418156,,35.2098597,-80.8620019,{'amenity': 'parking_entrance'},parking_entrance,,,,,,,,East/West,345.92
10853533394,Shake Shack,35.2107159,-80.8606625,"{'amenity': 'fast_food', 'brand': 'Shake Shack', 'brand:wikidata': 'Q1058722', 'cuisine': 'burger', 'name': 'Shake Shack', 'takeaway': 'yes'}",fast_food,,,,,,,,East/West,192.05
10853533396,Bitty & Beau's Coffee,35.2107728,-80.8606196,"{'amenity': 'cafe', 'name': ""Bitty & Beau's Coffee""}",cafe,,,,,,,,East/West,184.83
10925138139,,35.2099007,-80.8556635,"{'access': 'yes', 'amenity': 'bicycle_parking', 'bicycle_parking': 'stands', 'capacity': '2', 'covered': 'no', 'foot_traffic': 'low', 'indoor': 'no'}",bicycle_parking,,,,,,,,East/West,391.16
10925138140,,35.2138745,-80.8580668,"{'amenity': 'bicycle_parking', 'bicycle_parking': 'stands', 'capacity': '6'}",bicycle_parking,,,,,,,,"East/West,Bland","236.87,333.71"
10925138141,,35.2149807,-80.8568398,"{'amenity': 'bicycle_parking', 'bicycle_parking': 'stands', 'capacity': '4'}",bicycle_parking,,,,,,,,"Bland,East/West","170.36,398.36"
10925138143,,35.2152167,-80.8566554,"{'access': 'yes', 'amenity': 'bicycle_parking', 'bicycle_parking': 'stands', 'capacity': '5'}",bicycle_parking,,,,,,,,"Bland,East/West","142.46,429.45"
10925138145,,35.2150893,-80.856591,"{'amenity': 'bicycle_parking', 'bicycle_parking': 'stands', 'capacity': '2'}",bicycle_parking,,,,,,,,"Bland,East/West","144.86,420.81"
10925138146,,35.2157027,-80.856141,"{'amenity': 'bicycle_parking', 'bicycle_parking': 'stands', 'capacity': '2'}",bicycle_parking,,,,,,,,"Bland,East/West","79.62,500.13"
10925138164,,35.2154334,-80.8577598,"{'amenity': 'bicycle_parking', 'bicycle_parking': 'stands', 'capacity': '4'}",bicycle_parking,,,,,,,,"Bland,East/West","229.94,408.13"
10925138165,,35.2117548,-80.8597822,"{'amenity': 'bicycle_parking', 'bicycle_parking': 'bollard', 'capacity': '2'}",bicycle_parking,,,,,,,,East/West,59.38
10925138166,,35.2117408,-80.8597487,"{'amenity': 'bicycle_parking', 'bicycle_parking': 'bollard', 'capacity': '2'}",bicycle_parking,,,,,,,,East/West,57.12
10925138168,,35.2108315,-80.8604358,"{'access': 'yes', 'amenity': 'bicycle_parking', 'bicycle_parking': 'stands', 'capacity': '8', 'covered': 'no', 'foot_traffic': 'high', 'indoor': 'no'}",bicycle_parking,,,,,,,,East/West,168.48
10925138169,,35.2105672,-80.8618789,"{'amenity': 'bicycle_parking', 'bicycle_parking': 'stands', 'capacity': '2'}",bicycle_parking,,,,,,,,East/West,289.77
10925138170,,35.2107943,-80.8621209,"{'amenity': 'bicycle_parking', 'bicycle_parking': 'stands', 'capacity': '2'}",bicycle_parking,,,,,,,,East/West,297.12
10925138175,,35.2105944,-80.864501,"{'amenity': 'bicycle_parking', 'bicycle_parking': 'stands', 'capacity': '4'}",bicycle_parking,,,,,,,,East/West,507.64
10962328342,Sycamore Brewing,35.2086645,-80.8621362,"{'addr:city': 'Charlotte', 'addr:housenumber': '2151', 'addr:postcode': '28203', 'addr:state': 'NC', 'addr:street': 'Hawkins Street', 'amenity': 'bar', 'brewery': 'yes;sycamore_brewing', 'level': '0;1', 'name': 'Sycamore Brewing'}",bar,,,,,,,,East/West,452.59
10964353783,,35.2090622,-80.8611705,"{'access': 'yes', 'amenity': 'bicycle_parking', 'capacity': '8', 'covered': 'no'}",bicycle_parking,,,,,,,,East/West,367.44
10964353791,,35.2089783,-80.8610039,{'amenity': 'bench'},bench,,,,,,,,East/West,368.43
10992352563,,35.2092176,-80.8623644,"{'access': 'yes', 'amenity': 'bicycle_parking', 'bicycle_parking': 'rack', 'capacity': '18', 'covered': 'no'}",bicycle_parking,,,,,,,,East/West,419.15
11009406048,,35.2084725,-80.8635523,{'amenity': 'waste_disposal'},waste_disposal,,,,,,,,East/West,554.05
11009406049,,35.2088268,-80.861901,"{'access': 'yes', 'amenity': 'bicycle_parking', 'bicycle_parking': 'stands', 'capacity': '4', 'covered': 'yes'}",bicycle_parking,,,,,,,,,
11009406050,,35.2088989,-80.8618494,"{'access': 'yes', 'amenity': 'bicycle_parking', 'bicycle_parking': 'stands', 'capacity': '4', 'covered': 'yes'}",bicycle_parking,,,,,,,,,
11013083120,,35.2101059,-80.8604695,{'amenity': 'waste_disposal'},waste_disposal,,,,,,,,East/West,235.29
11013083121,,35.2101258,-80.8604358,{'amenity': 'waste_disposal'},waste_disposal,,,,,,,,East/West,231.85
11099626605,,35.208847,-80.8634633,"{'amenity': 'bicycle_parking', 'bicycle_parking': 'stands', 'capacity': '4', 'covered': 'no'}",bicycle_parking,,,,,,,,East/West,519.96
11099629305,,35.2098547,-80.8623635,"{'amenity': 'bicycle_parking', 'bicycle_parking': 'wave', 'capacity': '7', 'covered': 'partial'}",bicycle_parking,,,,,,,,East/West,371.44
11099632105,,35.2098826,-80.8627736,"{'amenity': 'bicycle_parking', 'bicycle_parking': 'stands', 'capacity': '6', 'covered': 'partial'}",bicycle_parking,,,,,,,,East/West,399.55
11099632106,,35.2098837,-80.8627291,"{'amenity': 'bicycle_parking', 'bicycle_parking': 'stands', 'capacity': '6', 'covered': 'partial'}",bicycle_parking,,,,,,,,East/West,396.16
11099632107,,35.2101701,-80.8619303,"{'amenity': 'bicycle_parking', 'bicycle_parking': 'stands', 'capacity': '7', 'covered': 'no'}",bicycle_parking,,,,,,,,East/West,318.82
11099640705,,35.21034,-80.8614369,"{'amenity': 'bicycle_parking', 'bicycle_parking': 'stands', 'capacity': '7', 'covered': 'partial'}",bicycle_parking,,,,,,,,East/West,272.13
11099652505,,35.2122256,-80.8598379,"{'amenity': 'bicycle_parking', 'bicycle_parking': 'bollard', 'capacity': '2', 'covered': 'yes'}",bicycle_parking,,,,,,,,East/West,68.55
11099652506,,35.2122342,-80.8598559,"{'amenity': 'bicycle_parking', 'bicycle_parking': 'bollard', 'capacity': '2', 'covered': 'yes'}",bicycle_parking,,,,,,,,East/West,70.44
11099665905,,35.2121085,-80.8602526,"{'amenity': 'bicycle_parking', 'bicycle_parking': 'bollard', 'capacity': '2', 'covered': 'yes'}",bicycle_parking,,,,,,,,East/West,100.29
11099665906,,35.2121805,-80.8602008,"{'amenity': 'bicycle_parking', 'bicycle_parking': 'wall_loops', 'capacity': '11', 'covered': 'yes'}",bicycle_parking,,,,,,,,East/West,97.54
11099665907,,35.2122008,-80.8601888,"{'amenity': 'bicycle_parking', 'bicycle_parking': 'bollard', 'capacity': '8', 'covered': 'yes'}",bicycle_parking,,,,,,,,East/West,97.13
11099666705,,35.2121384,-80.8602349,"{'amenity': 'bicycle_parking', 'bicycle_parking': 'wall_loops', 'capacity': '23', 'covered': 'yes'}",bicycle_parking,,,,,,,,East/West,99.39
11099666706,,35.210245,-80.8607048,"{'amenity': 'bicycle_parking', 'bicycle_parking': 'stands', 'capacity': '8', 'covered': 'no'}",bicycle_parking,,,,,,,,East/West,234.2
11099669005,,35.2122866,-80.8607193,"{'amenity': 'bicycle_parking', 'bicycle_parking': 'bollard', 'capacity': '2', 'covered': 'no'}",bicycle_parking,,,,,,,,East/West,146.16
11099681805,,35.2094315,-80.8613821,"{'amenity': 'bicycle_parking', 'bicycle_parking': 'rack', 'capacity': '9', 'covered': 'no'}",bicycle_parking,,,,,,,,East/West,343.41
11100986205,,35.2084848,-80.860466,"{'amenity': 'bicycle_parking', 'bicycle_parking': 'stands', 'capacity': '10', 'covered': 'no'}",bicycle_parking,,,,,,,,East/West,400.93
11102351545,,35.211106,-80.8614833,"{'amenity': 'vending_machine', 'bin': 'yes', 'fee': 'no', 'vending': 'excrement_bags'}",vending_machine,,,,,,,,East/West,229.97
11102351558,,35.2114297,-80.8605223,"{'access': 'yes', 'amenity': 'toilets', 'fee': 'no', 'female': 'yes', 'male': 'yes', 'paper_supplied': 'yes', 'toilets:disposal': 'flush', 'toilets:handwashing': 'yes', 'toilets:position': 'seated;urinal'}",toilets,,,,,,,,East/West,135.47
11102351565,,35.2112216,-80.8604547,"{'amenity': 'bench', 'armrest': 'no', 'material': 'wood'}",bench,,,,,,,,East/West,141.49
11102351569,Barcelona Wine Bar,35.2115482,-80.8601525,"{'amenity': 'restaurant', 'cuisine': 'tapas', 'name': 'Barcelona Wine Bar', 'opening_hours': 'Mo-Th 16:00-23:00; Fr 16:00-24:00; Sa 12:00-24:00; Su 12:00-21:00', 'outdoor_seating': 'yes', 'website': 'https://barcelonawinebar.com/location/charlotte/'}",restaurant,,,,,,,,East/West,99.42
11102351570,Byron’s South End,35.211376,-80.8601744,"{'amenity': 'events_venue', 'name': 'Byron’s South End'}",events_venue,,,,,,,,East/West,110.77
11102351574,,35.2112114,-80.8604333,"{'amenity': 'bench', 'armrest': 'no', 'material': 'wood'}",bench,,,,,,,,East/West,140.53
11102351579,,35.2112016,-80.8604125,"{'amenity': 'bench', 'armrest': 'no', 'material': 'wood'}",bench,,,,,,,,East/West,139.62
11102351584,,35.2114429,-80.8605002,"{'access': 'yes', 'amenity': 'drinking_water', 'bottle': 'yes', 'fee': 'no', 'indoor': 'yes'}",drinking_water,,,,,,,,East/West,133.03
11102351591,Emmy Squared Pizza,35.2115306,-80.8614828,"{'amenity': 'restaurant', 'cuisine': 'pizza', 'name': 'Emmy Squared Pizza'}",restaurant,,,,,,,,East/West,215.34
11102351593,Hawkers,35.2108919,-80.8605313,"{'amenity': 'restaurant', 'cuisine': 'asian', 'name': 'Hawkers'}",restaurant,,,,,,,,East/West,169.89
11102351594,Elsewhere,35.2114695,-80.8603969,"{'amenity': 'bar', 'name': 'Elsewhere', 'outdoor_seating': 'yes'}",bar,,,,,,,,East/West,123.26
11106094022,Fifth Third Bank,35.2124904,-80.8590705,"{'amenity': 'bank', 'brand': 'Fifth Third Bank', 'brand:wikidata': 'Q1411810', 'name': 'Fifth Third Bank', 'short_name': '5/3 Bank'}",bank,,,,,,,,"East/West,Bland","61.71,506.15"
11106987860,,35.2093785,-80.8614274,"{'amenity': 'bench', 'armrest': 'no', 'backrest': 'no', 'material': 'wood'}",bench,,,,,,,,East/West,350.59
11106987871,,35.2093996,-80.8614108,"{'amenity': 'bench', 'armrest': 'no', 'backrest': 'no', 'material': 'wood'}",bench,,,,,,,,East/West,347.81
11106987873,,35.212552,-80.859011,"{'amenity': 'bicycle_parking', 'bicycle_parking': 'stands', 'capacity': '2'}",bicycle_parking,,,,,,,,"East/West,Bland","69.4,497.46"
11108386102,,35.2120771,-80.8638167,{'amenity': 'parking_entrance'},parking_entrance,,,,,,,,East/West,423.2
11126139306,,35.2138507,-80.8612449,"{'amenity': 'bicycle_parking', 'bicycle_parking': 'stands', 'capacity': '2', 'covered': 'no'}",bicycle_parking,,,,,,,,East/West,283.84
11126139406,,35.2135975,-80.8607302,"{'amenity': 'bicycle_parking', 'bicycle_parking': 'stands', 'capacity': '2', 'covered': 'no'}",bicycle_parking,,,,,,,,East/West,232.28
11126141708,,35.2140837,-80.8598482,"{'amenity': 'bicycle_parking', 'bicycle_parking': 'stands', 'capacity': '6', 'covered': 'no'}",bicycle_parking,,,,,,,,"East/West,Bland","245.62,458.66"
11126144705,,35.2138927,-80.8613381,"{'amenity': 'bicycle_parking', 'bicycle_parking': 'stands', 'capacity': '2', 'covered': 'no'}",bicycle_parking,,,,,,,,East/West,292.98
11126144706,,35.2138804,-80.8605286,"{'amenity': 'bicycle_parking', 'bicycle_parking': 'stands', 'capacity': '10', 'covered': 'no'}",bicycle_parking,,,,,,,,"East/West,Bland","248.19,524.34"
11137415405,,35.2107327,-80.8634321,"{'amenity': 'bicycle_parking', 'bicycle_parking': 'stands', 'capacity': '6', 'covered': 'partial'}",bicycle_parking,,,,,,,,East/West,410.38
11137479805,,35.2107015,-80.8638508,"{'amenity': 'bicycle_parking', 'bicycle_parking': 'stands', 'capacity': '4', 'covered': 'no'}",bicycle_parking,,,,,,,,East/West,447.62
11165954405,,35.2147377,-80.8568126,"{'access': 'yes', 'amenity': 'bicycle_parking', 'bicycle_parking': 'bollard', 'capacity': '2', 'covered': 'no', 'foot_traffic': 'medium'}",bicycle_parking,,,,,,,,"Bland,East/West","184.74,377.23"
11171006136,,35.208302,-80.859925,"{'amenity': 'bicycle_parking', 'bicycle_parking': 'stands', 'capacity': '6'}",bicycle_parking,,,,,,,,East/West,409.27
11203685337,,35.214443,-80.8598406,"{'access': 'yes', 'amenity': 'bicycle_parking', 'bicycle_parking': 'stands', 'capacity': '6', 'covered': 'no', 'foot_traffic': 'medium'}",bicycle_parking,,,,,,,,"East/West,Bland","284.21,442.66"
11208483437,,35.2111147,-80.857182,"{'access': 'yes', 'amenity': 'bicycle_parking', 'bicycle_parking': 'stands', 'capacity': '4', 'covered': 'partial', 'foot_traffic': 'low', 'indoor': 'no'}",bicycle_parking,,,,,,,,East/West,202.77
11208491637,,35.2093319,-80.854971,"{'access': 'yes', 'amenity': 'bicycle_parking', 'bicycle_parking': 'stands', 'capacity': '8', 'covered': 'partial', 'foot_traffic': 'low', 'indoor': 'no'}",bicycle_parking,,,,,,,,East/West,479.29
11210575137,,35.2138314,-80.8557311,"{'access': 'yes', 'amenity': 'bicycle_parking', 'bicycle_parking': 'stands', 'capacity': '2', 'covered': 'no', 'foot_traffic': 'low', 'indoor': 'no'}",bicycle_parking,,,,,,,,"Bland,East/West","225.42,376.78"
11214920637,,35.214254,-80.8562808,"{'access': 'yes', 'amenity': 'bicycle_parking', 'bicycle_parking': 'stands', 'capacity': '2', 'covered': 'no', 'foot_traffic': 'medium', 'indoor': 'no'}",bicycle_parking,,,,,,,,"Bland,East/West","197.09,367.43"
11216237637,,35.2121691,-80.8580621,"{'access': 'yes', 'amenity': 'bicycle_parking', 'bicycle_parking': 'stands', 'capacity': '2', 'covered': 'no', 'foot_traffic': 'low', 'indoor': 'no'}",bicycle_parking,,,,,,,,East/West,103.99
11218167537,,35.2115832,-80.8617725,"{'access': 'yes', 'amenity': 'bicycle_parking', 'bicycle_parking': 'stands', 'capacity': '6', 'covered': 'no', 'foot_traffic': 'medium', 'indoor': 'no'}",bicycle_parking,,,,,,,,East/West,240.15
11223193737,,35.2150336,-80.8564255,"{'access': 'yes', 'amenity': 'bicycle_parking', 'bicycle_parking': 'upright_stands', 'capacity': '3', 'covered': 'yes', 'foot_traffic': 'high', 'indoor': 'no'}",bicycle_parking,,,,,,,,"Bland,East/West","136.64,424.38"
11291317376,Mi Cariño,35.2162826,-80.8562065,"{'addr:city': 'Charlotte', 'addr:housenumber': '1440', 'addr:postcode': '28203', 'addr:state': 'NC', 'addr:street': 'South Tryon Street', 'addr:unit': 'Suite 100', 'amenity': 'restaurant', 'bar': 'yes', 'cocktails': 'yes', 'cuisine': 'mexican', 'drink:mezcal': 'yes', 'name': 'Mi Cariño', 'opening_hours': 'closed', 'phone': '+19808195913', 'website:menu': 'http://places.singleplatform.com/vana/menu?ref=google'}",restaurant,,,,,,,,"Bland,East/West","98.13,551.98"
11449212899,,35.2093198,-80.8621737,{'amenity': 'parking_entrance'},parking_entrance,,,,,,,,East/West,398.97
11454603808,Not Just Coffee,35.2092908,-80.8608994,"{'amenity': 'cafe', 'cuisine': 'coffee_shop', 'internet_access': 'wlan', 'internet_access:fee': 'no', 'name': 'Not Just Coffee', 'opening_hours': 'Mo-Fr 07:00-18:00;Sa-Su 7:30-18:00', 'power_supply': 'yes', 'website': 'https://www.notjust.coffee'}",cafe,,,,,,,,East/West,333.31
11454603809,Tremont,35.2096752,-80.8606797,"{'amenity': 'bar', 'name': 'Tremont'}",bar,,,,,,,,East/West,286.3
11483254445,Condado Tacos,35.2152515,-80.8567631,"{'amenity': 'restaurant', 'brand': 'Condado Tacos', 'brand:wikidata': 'Q118640152', 'cuisine': 'mexican', 'name': 'Condado Tacos'}",restaurant,,,,,,,,"Bland,East/West","149.45,427.62"
11483254447,Sushi Hana,35.2156979,-80.8567804,"{'amenity': 'restaurant', 'cuisine': 'sushi', 'name': 'Sushi Hana', 'website': 'https://sushihanaclt.com='}",restaurant,,,,,,,,Bland,137.34
11483254448,Hawthorne's NY Pizza & Bar,35.2152861,-80.8577064,"{'addr:city': 'Charlotte', 'addr:housenumber': '1515', 'addr:postcode': '28203', 'addr:state': 'NC', 'addr:street': 'South Tryon Street', 'addr:unit': '104', 'amenity': 'restaurant', 'cuisine': 'pizza', 'name': ""Hawthorne's NY Pizza & Bar"", 'opening_hours': 'Tu-Th 11:00-21:00; Fr-Sa 11:00-22:00; Su 11:00-21:00', 'phone': '+1-866-799-8014', 'website': 'https://pizzacharlottenc.com'}",restaurant,,,,,,,,"Bland,East/West","228.92,394.27"
11483254449,The Salty Donut,35.214926,-80.8570236,"{'amenity': 'fast_food', 'cuisine': 'donut', 'name': 'The Salty Donut', 'website': 'https://www.saltydonut.com/locations/south-end'}",fast_food,,,,,,,,"Bland,East/West","187.7,384.48"
11705071320,,35.2100119,-80.8602249,{'amenity': 'bench'},bench,,,,,,,,East/West,234.39
11705071321,,35.2099907,-80.8602291,{'amenity': 'bench'},bench,,,,,,,,East/West,236.7
11705071322,,35.2098786,-80.8602204,{'amenity': 'bench'},bench,,,,,,,,East/West,247.8
11705071323,,35.2098974,-80.8601542,{'amenity': 'bench'},bench,,,,,,,,East/West,243.59
11705071356,,35.208022,-80.862176,{'amenity': 'bench'},bench,,,,,,,,East/West,513.47
11732263569,,35.2116227,-80.8593377,"{'access': 'yes', 'amenity': 'bicycle_parking', 'bicycle_parking': 'stands', 'capacity': '14', 'covered': 'no', 'foot_traffic': 'high', 'indoor': 'no'}",bicycle_parking,,,,,,,,East/West,38.36
11735127542,,35.211509,-80.8593935,{'amenity': 'drinking_water'},drinking_water,,,,,,,,East/West,51.95
11735127543,,35.2116527,-80.8593162,{'amenity': 'waste_basket'},waste_basket,,,,,,,,East/West,34.53
11929733869,,35.2122632,-80.858735,"{'access': 'yes', 'amenity': 'bicycle_parking', 'bicycle_parking': 'stands', 'capacity': '4', 'covered': 'no', 'indoor': 'no'}",bicycle_parking,,,,,,,,"East/West,Bland","53.41,505.32"
11981588984,Broken Promises,35.2108795,-80.862562,"{'amenity': 'nightclub', 'name': 'Broken Promises'}",nightclub,,,,,,,,East/West,330.37
11992791969,,35.211116,-80.8627256,"{'access': 'yes', 'amenity': 'bicycle_parking', 'bicycle_parking': 'stands', 'capacity': '4', 'covered': 'no', 'indoor': 'no'}",bicycle_parking,,,,,,,,East/West,336.27
12097437997,,35.2154931,-80.8565468,{'amenity': 'waste_basket'},waste_basket,,,,,,,,"Bland,East/West","121.2,460.73"
12097438000,,35.2162854,-80.8563157,{'amenity': 'waste_basket'},waste_basket,,,,,,,,"Bland,East/West","106.94,547.47"
12097533201,,35.2163052,-80.856106,{'amenity': 'waste_basket'},waste_basket,,,,,,,,"Bland,East/West","91.81,558.68"
12128727501,,35.2117182,-80.8591148,"{'access': 'yes', 'amenity': 'bicycle_parking', 'bicycle_parking': 'stands', 'capacity': '28', 'covered': 'yes', 'description': 'Inside parking garage', 'level': '2'}",bicycle_parking,,,,,,,,East/West,25.11
12128727801,,35.211687,-80.8590494,"{'access': 'yes', 'amenity': 'bicycle_parking', 'bicycle_parking': 'stands', 'capacity': '10', 'covered': 'yes', 'description': 'Inside parking garage', 'level': '2'}",bicycle_parking,,,,,,,,East/West,30.13
12128877096,,35.2093696,-80.8604705,{'amenity': 'waste_basket'},waste_basket,,,,,,,,East/West,308.66
12128877098,,35.2090211,-80.8604541,{'amenity': 'waste_basket'},waste_basket,,,,,,,,East/West,344.16
12128918601,,35.2089387,-80.8609262,{'amenity': 'waste_basket'},waste_basket,,,,,,,,East/West,369.24
12128918602,,35.2087881,-80.8606562,{'amenity': 'waste_basket'},waste_basket,,,,,,,,East/West,374.81
12128918603,,35.2090231,-80.8610776,{'amenity': 'waste_basket'},waste_basket,,,,,,,,East/West,367.14
12128918606,,35.2084476,-80.8608245,{'amenity': 'waste_basket'},waste_basket,,,,,,,,East/West,415.55
12128918612,,35.2089196,-80.8612982,{'amenity': 'waste_basket'},waste_basket,,,,,,,,East/West,386.94
12128918613,,35.2089107,-80.8612945,"{'amenity': 'recycling', 'recycling_type': 'container'}",recycling,,,,,,,,East/West,387.63
12128918614,,35.2086753,-80.8613789,{'amenity': 'waste_basket'},waste_basket,,,,,,,,East/West,414.13
12128918615,,35.2086458,-80.8614029,"{'amenity': 'recycling', 'recycling:cans': 'yes', 'recycling:glass_bottles': 'yes', 'recycling:plastic_bottles': 'yes', 'recycling_type': 'container'}",recycling,,,,,,,,East/West,418.05
12128918616,,35.2086636,-80.8613882,"{'amenity': 'recycling', 'recycling:paper': 'yes', 'recycling_type': 'container'}",recycling,,,,,,,,East/West,415.68
12128918621,,35.2098482,-80.8607162,"{'amenity': 'recycling', 'recycling:paper': 'yes', 'recycling_type': 'container'}",recycling,,,,,,,,East/West,271.33
12128918622,,35.2098581,-80.8607103,{'amenity': 'waste_basket'},waste_basket,,,,,,,,East/West,270.11
12128918623,,35.2099296,-80.8606912,{'amenity': 'bench'},bench,,,,,,,,East/West,262.45
12128918624,,35.2099751,-80.8606598,{'amenity': 'bench'},bench,,,,,,,,East/West,256.65
12128918625,,35.2099901,-80.8606518,{'amenity': 'bench'},bench,,,,,,,,East/West,254.86
12128918626,,35.2100064,-80.8606432,{'amenity': 'bench'},bench,,,,,,,,East/West,252.91
12128918628,,35.2111953,-80.8602727,"{'amenity': 'vending_machine', 'bin': 'yes', 'vending': 'excrement_bags'}",vending_machine,,,,,,,,East/West,129.98
12128918633,,35.2111148,-80.8604564,"{'amenity': 'waste_basket', 'recycling_type': 'container'}",waste_basket,,,,,,,,East/West,148.61
12128918635,,35.2106601,-80.8605931,{'amenity': 'waste_basket'},waste_basket,,,,,,,,East/West,192.16
12128918636,,35.2106553,-80.8605963,"{'amenity': 'recycling', 'recycling_type': 'container'}",recycling,,,,,,,,East/West,192.75
12128918637,,35.2125047,-80.8589856,"{'amenity': 'recycling', 'recycling_type': 'container'}",recycling,,,,,,,,"East/West,Bland","64.84,499.74"
12128918638,,35.2122543,-80.85897,{'amenity': 'waste_basket'},waste_basket,,,,,,,,"East/West,Bland","39.32,519.65"
12128918639,,35.2121999,-80.8588661,{'amenity': 'waste_basket'},waste_basket,,,,,,,,East/West,39.95
12128918640,,35.2119258,-80.8592417,{'amenity': 'waste_basket'},waste_basket,,,,,,,,East/West,6.71
12128918641,,35.2117554,-80.8592208,{'amenity': 'waste_basket'},waste_basket,,,,,,,,East/West,20.99
12128918660,,35.2115093,-80.8588982,{'amenity': 'parking_entrance'},parking_entrance,,,,,,,,East/West,53.79
12128918666,,35.2120131,-80.8585919,"{'access': 'yes', 'amenity': 'bicycle_parking', 'bicycle_parking': 'stands', 'capacity': '6', 'covered': 'yes'}",bicycle_parking,,,,,,,,East/West,53.24
12344562758,Pins Mechanical,35.2106346,-80.8641433,"{'addr:city': 'Charlotte', 'addr:housenumber': '307', 'addr:postcode': '28203', 'addr:state': 'NC', 'addr:street': 'West Tremont Avenue', 'amenity': 'bar', 'leisure': 'amusement_arcade;bowling_alley', 'min_age': '21', 'name': 'Pins Mechanical', 'website': 'https://www.pinsbar.com/locations/charlotte'}",bar,,amusement_arcade;bowling_alley,,,,,,East/West,475.24
12363326997,,35.2155565,-80.8556787,{'amenity': 'drinking_water'},drinking_water,,,,,,,,"Bland,East/West","47.29,511.69"
12363326998,,35.2156854,-80.8559797,{'amenity': 'bench'},bench,,,,,,,,"Bland,East/West","65.67,506.79"
12363326999,,35.2156698,-80.8559448,{'amenity': 'bench'},bench,,,,,,,,"Bland,East/West","63.06,507.21"
12363327000,,35.215568,-80.855726,{'amenity': 'bench'},bench,,,,,,,,"Bland,East/West","49.92,510.03"
12363373802,,35.2155902,-80.855774,{'amenity': 'bench'},bench,,,,,,,,"Bland,East/West","52.24,509.32"
12461565256,,35.2111118,-80.8604586,"{'amenity': 'recycling', 'recycling_type': 'container'}",recycling,,,,,,,,East/West,148.97
12461565257,,35.2111397,-80.8604406,"{'amenity': 'waste_basket', 'recycling_type': 'container'}",waste_basket,,,,,,,,East/West,145.78
12461565258,,35.2111367,-80.8604427,"{'amenity': 'recycling', 'recycling_type': 'container'}",recycling,,,,,,,,East/West,146.13
12461565259,,35.2111332,-80.860393,"{'amenity': 'waste_basket', 'recycling_type': 'container'}",waste_basket,,,,,,,,East/West,142.82
12461565260,,35.2111348,-80.8603969,"{'amenity': 'recycling', 'recycling_type': 'container'}",recycling,,,,,,,,East/West,142.98
12461565261,,35.2111947,-80.8602299,"{'amenity': 'waste_basket', 'recycling_type': 'container'}",waste_basket,,,,,,,,East/West,127.03
12461565262,,35.2111962,-80.8602338,"{'amenity': 'recycling', 'recycling_type': 'container'}",recycling,,,,,,,,East/West,127.2
12461565263,,35.211256,-80.860404,"{'amenity': 'waste_basket', 'recycling_type': 'container'}",waste_basket,,,,,,,,East/West,135.53
12461565264,,35.2112575,-80.8604078,"{'amenity': 'recycling', 'recycling_type': 'container'}",recycling,,,,,,,,East/West,135.72
12461565265,,35.2113038,-80.8603823,"{'amenity': 'waste_basket', 'recycling_type': 'container'}",waste_basket,,,,,,,,East/West,130.97
12461565266,,35.2113067,-80.8603799,"{'amenity': 'recycling', 'recycling_type': 'container'}",recycling,,,,,,,,East/West,130.61
12461565267,,35.2113293,-80.8605463,"{'amenity': 'waste_basket', 'recycling_type': 'container'}",waste_basket,,,,,,,,East/West,142.4
12461565268,,35.2113308,-80.8605502,"{'amenity': 'recycling', 'recycling_type': 'container'}",recycling,,,,,,,,East/West,142.64
12461570298,,35.2095044,-80.8614082,{'amenity': 'waste_basket'},waste_basket,,,,,,,,East/West,338.32
12461570299,,35.2096374,-80.8613473,{'amenity': 'waste_basket'},waste_basket,,,,,,,,East/West,323.23
12467232256,,35.2140501,-80.8600408,{'amenity': 'drinking_water'},drinking_water,,,,,,,,"East/West,Bland","247.07,476.14"
12543027718,,35.2089487,-80.8627696,"{'access': 'yes', 'amenity': 'bicycle_parking', 'bicycle_parking': 'stands', 'capacity': '4', 'covered': 'no'}",bicycle_parking,,,,,,,,East/West,466.25
12543027721,,35.2088821,-80.8629073,"{'access': 'yes', 'amenity': 'bicycle_parking', 'bicycle_parking': 'stands', 'capacity': '4', 'covered': 'no'}",bicycle_parking,,,,,,,,East/West,480.33
12543027738,,35.2085731,-80.8624614,{'amenity': 'waste_basket'},waste_basket,,,,,,,,East/West,478.71
12543027739,,35.2088315,-80.8626375,{'amenity': 'waste_basket'},waste_basket,,,,,,,,East/West,467.38
12624705073,,35.2129171,-80.8569856,"{'amenity': 'bicycle_parking', 'bicycle_parking': 'stands', 'capacity': '6'}",bicycle_parking,,,,,,,,"East/West,Bland","226.43,358.4"
12634674726,Chapter 6,35.2090182,-80.8617514,"{'amenity': 'restaurant', 'level': '0', 'name': 'Chapter 6'}",restaurant,,,,,,,,,
12647998812,,35.2073253,-80.8603245,"{'amenity': 'bicycle_parking', 'bicycle_parking': 'stands', 'capacity': '4', 'check_date': '2025-03-09'}",bicycle_parking,,,,,,,,East/West,522.45
12719941901,,35.2105087,-80.8631795,"{'access': 'yes', 'amenity': 'bicycle_parking', 'bicycle_parking': 'stands', 'capacity': '2', 'covered': 'no', 'indoor': 'no'}",bicycle_parking,,,,,,,,East/West,397.96
12958734947,Two Scoops Creamery,35.2141663,-80.8577433,"{'addr:city': 'Charlotte', 'addr:housenumber': '1616', 'addr:postcode': '28203', 'addr:state': 'NC', 'addr:street': 'Camden Road', 'addr:unit': '100', 'amenity': 'ice_cream', 'name': 'Two Scoops Creamery', 'phone': '+1-980-237-2149', 'website': 'https://twoscoopscreamery.com'}",ice_cream,,,,,,,,"East/West,Bland","278.96,290.35"
12958734963,Clean Eatz Express,35.2126071,-80.8592517,"{'amenity': 'restaurant', 'name': 'Clean Eatz Express', 'not:brand:wikidata': 'Q124412638', 'shop': 'health_food'}",restaurant,health_food,,,,,,,East/West,74.35
12958734970,Tutti Gelato,35.2136388,-80.8581241,"{'amenity': 'ice_cream', 'name': 'Tutti Gelato', 'website': 'https://www.tuttigelatousa.com'}",ice_cream,,,,,,,,"East/West,Bland","211.08,355.04"
13115252246,Folia,35.2163198,-80.8562734,"{'addr:city': 'Charlotte', 'addr:housenumber': '1440', 'addr:postcode': '28203', 'addr:state': 'NC', 'addr:street': 'South Tryon Street', 'addr:unit': '102', 'amenity': 'bar', 'name': 'Folia', 'website': 'https://www.foliaclt.com'}",bar,,,,,,,,"Bland,East/West","105.47,552.65"
13125416751,SipCha,35.2084713,-80.8595189,"{'amenity': 'cafe', 'cuisine': 'bubble_tea', 'name': 'SipCha'}",cafe,,,,,,,,East/West,385.99
13125416752,Dynamic Dental,35.2086233,-80.8598222,"{'amenity': 'dentist', 'healthcare': 'dentist', 'name': 'Dynamic Dental'}",dentist,,,,,,dentist,,East/West,372.58
13125416753,Capsule,35.2086847,-80.8598088,"{'amenity': 'pharmacy', 'healthcare': 'pharmacy', 'name': 'Capsule'}",pharmacy,,,,,,pharmacy,,East/West,365.67
13125416755,Atrium Health Urgent Care,35.2088065,-80.8597852,"{'amenity': 'hospital', 'healthcare': 'hospital', 'name': 'Atrium Health Urgent Care', 'operator': 'Atrium Health', 'operator:type': 'private', 'operator:wikidata': 'Q5044932'}",hospital,,,,,,hospital,,East/West,351.99
13125416756,Snooze,35.2083877,-80.8598578,"{'amenity': 'restaurant', 'brand': 'Snooze', 'brand:wikidata': 'Q111304345', 'cuisine': 'breakfast', 'name': 'Snooze', 'official_name': 'Snooze, an A.M. Eatery'}",restaurant,,,,,,,,East/West,398.89
13125416757,Silverlake Ramen,35.2082662,-80.8597864,"{'amenity': 'restaurant', 'cuisine': 'ramen', 'name': 'Silverlake Ramen'}",restaurant,,,,,,,,East/West,411.27
13134650026,"Passport Health South End, Charlotte Travel Clinic",35.2141092,-80.855411,"{'addr:city': 'Charlotte', 'addr:housenumber': '1520', 'addr:postcode': '28203', 'addr:state': 'NC', 'addr:street': 'South Boulevard', 'addr:unit': '220', 'amenity': 'clinic', 'healthcare': 'clinic', 'healthcare:speciality': 'travel_clinic;vaccination', 'name': 'Passport Health South End, Charlotte Travel Clinic', 'operator': 'Passport Health', 'operator:type': 'private', 'operator:wikidata': 'Q30270336'}",clinic,,,,,,clinic,,"Bland,East/West","191.21,418.24"
13175681001,,35.2076055,-80.8599887,"{'access': 'yes', 'amenity': 'bicycle_parking', 'bicycle_parking': 'stands', 'capacity': '4', 'covered': 'no', 'foot_traffic': 'high', 'indoor': 'no'}",bicycle_parking,,,,,,,,East/West,486.44
13179448582,La Lima Sangucheria,35.2140081,-80.8558305,"{'amenity': 'restaurant', 'cuisine': 'sandwich', 'name': 'La Lima Sangucheria', 'website': 'https://www.lalimasangucheria.com'}",restaurant,,,,,,,,"Bland,East/West","208.17,380.77"
13179474382,CAVA,35.2072946,-80.8610887,"{'amenity': 'restaurant', 'brand': 'CAVA', 'brand:wikidata': 'Q85751038', 'cuisine': 'mediterranean', 'name': 'CAVA'}",restaurant,,,,,,,,East/West,543.97
13179555371,,35.2154418,-80.8582636,{'amenity': 'bench'},bench,,,,,,,,"Bland,East/West","274.93,397.02"
13343361201,,35.2130317,-80.8571438,"{'access': 'yes', 'amenity': 'bicycle_parking', 'bicycle_parking': 'stands', 'capacity': '2', 'covered': 'no', 'indoor': 'no'}",bicycle_parking,,,,,,,,"East/West,Bland","220.61,353.67"
13354537294,,35.2113056,-80.8578764,"{'access': 'yes', 'amenity': 'bicycle_parking', 'bicycle_parking': 'stands', 'capacity': '4', 'covered': 'no'}",bicycle_parking,,,,,,,,East/West,137.16
146307369,Trolley Barn Fermentory & Food Hall,35.2086785,-80.8615839,"{'addr:city': 'Charlotte', 'addr:housenumber': '2104', 'addr:postcode': '28203', 'addr:state': 'NC', 'addr:street': 'South Boulevard', 'amenity': 'restaurant', 'building': 'yes', 'cuisine': 'burger;american;asian;kebab;mexican', 'height': '10', 'name': 'Trolley Barn Fermentory & Food Hall', 'opening_hours': 'Mo-Th 11:00-22:00; Fr,Sa 11:00-23:00; Su 10:00-21:00', 'phone': '+1-980-938-0984', 'website': 'https://www.trolleybarnclt.com'}",restaurant,,,,,,,,East/West,423.2
249994231,Charlotte Fire Department Station 2,35.2109205,-80.858064,"{'addr:city': 'Charlotte', 'addr:housenumber': '1817', 'addr:postcode': '28203', 'addr:state': 'NC', 'addr:street': 'South Boulevard', 'amenity': 'fire_station', 'building': 'public', 'ele': '235', 'gnis:feature_id': '1986148', 'name': 'Charlotte Fire Department Station 2', 'source': 'USGS Geonames'}",fire_station,,,,,,,,East/West,151.38
249994232,U.S. Bank,35.2112902,-80.8577258,"{'addr:city': 'Charlotte', 'addr:country': 'US', 'addr:housenumber': '1801', 'addr:postcode': '28203', 'addr:state': 'NC', 'addr:street': 'South Boulevard', 'amenity': 'bank', 'brand': 'U.S. Bank', 'brand:wikidata': 'Q739084', 'building': 'yes', 'disused:amenity': 'restaurant', 'name': 'U.S. Bank', 'was:cuisine': 'pizza', 'was:diet:gluten_free': 'yes', 'was:diet:vegan': 'yes', 'was:name': 'Fuel Pizza', 'was:phone': '+1 704-335-7375', 'was:website': 'http://www.fuelpizza.com/'}",bank,,,,,,,,East/West,149.9
394430311,Flower Child,35.2150607,-80.8564915,"{'amenity': 'restaurant', 'building': 'yes', 'name': 'Flower Child'}",restaurant,,,,,,,,"Bland,East/West","139.41,423.33"
432915320,Concentra Urgent Care,35.213569,-80.8562927,"{'addr:city': 'Charlotte', 'addr:housenumber': '1614', 'addr:postcode': '28203', 'addr:state': 'NC', 'addr:street': 'South Boulevard', 'amenity': 'clinic', 'building': 'yes', 'healthcare': 'clinic', 'name': 'Concentra Urgent Care', 'operator': 'Concentra', 'operator:wikidata': 'Q5158304'}",clinic,,,,,,clinic,,"Bland,East/West","267.15,318.15"
432915324,Bojangles',35.2144714,-80.8621043,"{'addr:city': 'Charlotte', 'addr:housenumber': '300', 'addr:postcode': '28203', 'addr:state': 'NC', 'addr:street': 'West Boulevard', 'amenity': 'fast_food', 'brand': ""Bojangles'"", 'brand:wikidata': 'Q891163', 'building': 'yes', 'cuisine': 'chicken', 'drive_through': 'yes', 'name': ""Bojangles'"", 'official_name': ""Bojangles' Famous Chicken 'n Biscuits"", 'phone': '+1 704-332-8924', 'takeaway': 'yes', 'website': 'https://locations.bojangles.com/nc/charlotte/300-west-blvd.html'}",fast_food,,,,,,,,East/West,387.47
432929179,,35.2105517,-80.8596298,"{'amenity': 'restaurant', 'building': 'yes'}",restaurant,,,,,,,,East/West,159.55
432929180,,35.2107955,-80.8596633,"{'amenity': 'parking', 'building': 'yes', 'park_ride': 'no', 'parking': 'multi-storey'}",parking,,,,,,,,East/West,134.63
432929183,Dunkin',35.2106657,-80.8583987,"{'addr:city': 'Charlotte', 'addr:housenumber': '1831', 'addr:postcode': '28203', 'addr:state': 'NC', 'addr:street': 'South Boulevard', 'alt_name': ""Dunkin' Donuts"", 'amenity': 'fast_food', 'brand': ""Dunkin'"", 'brand:wikidata': 'Q847743', 'building': 'commercial', 'cuisine': 'donut;coffee_shop', 'drive_through': 'no', 'name': ""Dunkin'"", 'opening_hours': 'Mo-Fr 05:00-19:00; Sa-Su 06:00-19:00', 'phone': '+1 704-377-4026', 'ref': '337361', 'takeaway': 'yes', 'website': 'https://locations.dunkindonuts.com/en/nc/charlotte/1831-south-blvd/337361'}",fast_food,,,,,,,,East/West,157.8
432937688,Chipotle,35.2074284,-80.8602476,"{'addr:city': 'Charlotte', 'addr:housenumber': '2109', 'addr:postcode': '28203', 'addr:state': 'NC', 'addr:street': 'South Boulevard', 'amenity': 'fast_food', 'brand': 'Chipotle', 'brand:wikidata': 'Q465751', 'building': 'yes', 'cuisine': 'mexican', 'diet:vegan': 'yes', 'diet:vegetarian': 'yes', 'name': 'Chipotle', 'official_name': 'Chipotle Mexican Grill', 'phone': '+1 704-332-2311', 'takeaway': 'yes', 'website': 'https://locations.chipotle.com/nc/charlotte/2109-south-blvd'}",fast_food,,,,,,,,East/West,509.86
432937691,Leather and Lace,35.2080174,-80.8599877,"{'amenity': 'stripclub', 'building': 'yes', 'name': 'Leather and Lace'}",stripclub,,,,,,,,East/West,441.34
432937714,Wells Fargo,35.212793,-80.8560566,"{'amenity': 'bank', 'atm': 'yes', 'brand': 'Wells Fargo', 'brand:wikidata': 'Q744149', 'building': 'commercial', 'drive_through': 'yes', 'name': 'Wells Fargo'}",bank,,,,,,,,"East/West,Bland","298.74,344.14"
432937716,Sandwich Max,35.2133927,-80.8554999,"{'addr:country': 'US', 'addr:housenumber': '1601', 'addr:postcode': '28203', 'addr:state': 'NC', 'addr:street': 'South Boulevard', 'amenity': 'fast_food', 'building': 'commercial', 'cuisine': 'sandwich', 'name': 'Sandwich Max'}",fast_food,,,,,,,,"Bland,East/West","271.04,370.86"
432937727,CVS Pharmacy,35.2137137,-80.8551063,"{'amenity': 'pharmacy', 'brand': 'CVS Pharmacy', 'brand:website': 'https://www.cvs.com/', 'brand:wikidata': 'Q2078880', 'building': 'yes', 'dispensing': 'yes', 'healthcare': 'pharmacy', 'name': 'CVS Pharmacy', 'short_name': 'CVS', 'website': 'https://www.cvs.com/store-locator/charlotte-nc-pharmacies/1533-south-blvd-charlotte-nc-28203/storeid=3185'}",pharmacy,,,,,,pharmacy,,"Bland,East/West","235.23,418.91"
544932418,Design Center Parking Garage,35.2119544,-80.8622374,"{'amenity': 'parking', 'building': 'yes', 'name': 'Design Center Parking Garage', 'parking': 'multi-storey'}",parking,,,,,,,,East/West,279.19
547711894,Thai Taste,35.2099796,-80.8559654,"{'addr:city': 'Charlotte', 'addr:housenumber': '324', 'addr:postcode': '28203', 'addr:state': 'NC', 'addr:street': 'East Boulevard', 'amenity': 'restaurant', 'building': 'commercial', 'name': 'Thai Taste'}",restaurant,,,,,,,,East/West,363.79
553077609,Common Market,35.2103591,-80.8635992,"{'addr:city': 'Charlotte', 'addr:housenumber': '235', 'addr:postcode': '28203', 'addr:state': 'NC', 'addr:street': 'West Tremont Avenue', 'amenity': 'marketplace', 'building': 'yes', 'name': 'Common Market', 'opening_hours': 'Su,Mo 08:00-20:00; Tu-Th 08:00-22:00; Fr,Sa 08:00-23:00', 'phone': '+1 980 207 3187', 'website': 'https://commonmarketisgood.com/'}",marketplace,,,,,,,,East/West,439.61
553360559,Velvet Taco,35.2089758,-80.8634366,"{'amenity': 'restaurant', 'building': 'yes', 'cuisine': 'tex-mex', 'name': 'Velvet Taco'}",restaurant,,,,,,,,East/West,508.79
581614388,,35.2112168,-80.8591004,"{'access': 'private', 'amenity': 'parking', 'parking': 'surface'}",parking,,,,,,,,East/West,80.45
582913009,,35.2132975,-80.8586193,"{'amenity': 'parking', 'parking': 'street_side'}",parking,,,,,,,,"East/West,Bland","158.67,413.82"
582913335,,35.2136877,-80.8584417,{'amenity': 'parking'},parking,,,,,,,,"East/West,Bland","204.84,373.16"
584760811,,35.2093293,-80.8606336,{'amenity': 'parking'},parking,,,,,,,,East/West,318.7
606468236,,35.2128848,-80.8647244,{'amenity': 'parking'},parking,,,,,,,,East/West,516.28
606469393,,35.212711,-80.8634361,{'amenity': 'parking'},parking,,,,,,,,East/West,397.58
606469947,,35.2146845,-80.8577183,{'amenity': 'parking'},parking,,,,,,,,"Bland,East/West","255.7,331.81"
738607080,300 East,35.2105604,-80.8566302,"{'addr:city': 'Charlotte', 'addr:housenumber': '300', 'addr:postcode': '28203', 'addr:state': 'NC', 'addr:street': 'East Boulevard', 'amenity': 'restaurant', 'building': 'commercial', 'name': '300 East', 'opening_hours': 'Su 17:00-22:00; Mo-Th 11:00-22:00; Fr-Sa 11:00-23:00', 'phone': '+1-704-332-6507', 'website': 'https://300east.net'}",restaurant,,,,,,,,East/West,277.21
837202789,,35.2135491,-80.8592753,"{'amenity': 'parking', 'building': 'parking', 'parking': 'multi-storey'}",parking,,,,,,,,"East/West,Bland","178.71,442.95"
837202790,,35.2142688,-80.858086,"{'amenity': 'parking', 'building': 'parking', 'parking': 'multi-storey'}",parking,,,,,,,,"East/West,Bland","276.47,308.54"
837208992,,35.2098103,-80.8616215,"{'amenity': 'parking', 'building': 'parking', 'height': '19', 'parking': 'multi-storey'}",parking,,,,,,,,East/West,324.91
837208994,,35.2072148,-80.8614055,"{'access': 'yes', 'amenity': 'parking', 'building': 'parking', 'fee': 'no', 'height': '19', 'parking': 'multi-storey'}",parking,,,,,,,,,
875274991,,35.214577,-80.8560028,"{'amenity': 'parking', 'building': 'parking', 'parking': 'multi-storey'}",parking,,,,,,,,,
909377454,Tremont,35.2099329,-80.8606951,"{'amenity': 'shelter', 'bench': 'no', 'bin': 'no', 'building': 'yes', 'layer': '2', 'lit': 'no', 'name': 'Tremont', 'shelter_type': 'public_transport', 'wikidata': 'Q7838136', 'wikipedia': 'en:Tremont station (Charlotte)'}",shelter,,,,,,,,East/West,262.32
990903148,Design Center Tower Parking Garage,35.2122733,-80.8603748,"{'access': 'private', 'addr:city': 'Charlotte', 'addr:housenumber': '240', 'addr:state': 'NC', 'addr:street': 'Hawkins Street', 'amenity': 'parking', 'building': 'parking', 'building:levels': '6', 'name': 'Design Center Tower Parking Garage', 'operator': 'Preferred Parking Service', 'operator:type': 'private', 'parking': 'multi-storey', 'surface': 'asphalt'}",parking,,,,,,,,East/West,115.72
997012684,,35.2092098,-80.8552282,{'amenity': 'parking'},parking,,,,,,,,,
1059935588,,35.2139712,-80.860833,"{'amenity': 'parking', 'building': 'yes', 'height': '26', 'parking': 'multi-storey'}",parking,,,,,,,,,
1134158513,,35.2152643,-80.8562809,{'amenity': 'parking'},parking,,,,,,,,"Bland,East/West","110.61,452.83"
1134158519,,35.2159128,-80.8556686,"{'amenity': 'parking', 'parking': 'surface'}",parking,,,,,,,,Bland,36.54
1175759360,,35.2107354,-80.863432,"{'amenity': 'bicycle_parking', 'bicycle_parking': 'stands', 'capacity': '6'}",bicycle_parking,,,,,,,,East/West,410.27
1185176272,,35.2081001,-80.8631932,"{'amenity': 'parking', 'parking': 'surface', 'surface': 'asphalt'}",parking,,,,,,,,,
1190500456,,35.2094045,-80.8628848,"{'amenity': 'parking', 'parking': 'surface', 'surface': 'gravel'}",parking,,,,,,,,East/West,439.76
1190500460,,35.2105889,-80.8625587,{'amenity': 'parking'},parking,,,,,,,,East/West,342.9
1192533645,Jeni's Splendid Ice Creams,35.2110757,-80.8602877,"{'addr:city': 'Charlotte', 'addr:housenumber': '1920', 'addr:postcode': '28203', 'addr:state': 'NC', 'addr:street': 'Camden Road', 'amenity': 'ice_cream', 'brand': ""Jeni's Splendid Ice Creams"", 'brand:wikidata': 'Q16851196', 'building': 'yes', 'name': ""Jeni's Splendid Ice Creams"", 'short_name': ""Jeni's""}",ice_cream,,,,,,,,East/West,139.77
1193232222,,35.2111221,-80.8635169,{'amenity': 'parking'},parking,,,,,,,,East/West,405.9
1193232223,,35.2110283,-80.8624466,{'amenity': 'parking'},parking,,,,,,,,East/West,314.9
1254768289,,35.210155,-80.8566366,"{'amenity': 'parking', 'parking': 'surface'}",parking,,,,,,,,East/West,303.9
1254768290,,35.2102339,-80.8569385,"{'amenity': 'parking', 'parking': 'surface'}",parking,,,,,,,,East/West,277.58
1254768291,,35.2098019,-80.8558914,"{'amenity': 'parking', 'parking': 'surface'}",parking,,,,,,,,East/West,381.15
1254768292,,35.2101002,-80.8562792,"{'amenity': 'parking', 'parking': 'surface'}",parking,,,,,,,,East/West,332.95
1254768293,,35.209977,-80.8560667,"{'amenity': 'parking', 'parking': 'surface'}",parking,,,,,,,,East/West,356.61
1254768295,,35.2098812,-80.8562946,"{'amenity': 'parking', 'parking': 'surface'}",parking,,,,,,,,East/West,347.31
1254768298,,35.2107595,-80.8572707,{'amenity': 'parking'},parking,,,,,,,,East/West,216.85
1254768299,,35.2107523,-80.8582905,"{'amenity': 'parking', 'parking': 'surface'}",parking,,,,,,,,East/West,154.13
1254768300,,35.210881,-80.8594118,"{'amenity': 'parking', 'parking': 'surface'}",parking,,,,,,,,East/West,119.49
1254768301,,35.2103847,-80.8598322,{'amenity': 'parking'},parking,,,,,,,,East/West,182.71
1254768302,,35.2099905,-80.8570501,"{'amenity': 'parking', 'parking': 'surface'}",parking,,,,,,,,East/West,289.78
1254768303,,35.2101229,-80.85472,{'amenity': 'parking'},parking,,,,,,,,,
1265697851,,35.2095685,-80.8554205,"{'amenity': 'parking', 'building': 'yes', 'layer': '-1', 'parking': 'multi-storey'}",parking,,,,,,,,,
1265697852,,35.2106954,-80.8576934,"{'amenity': 'parking', 'parking': 'surface'}",parking,,,,,,,,East/West,192.65
1265697854,,35.2109864,-80.8576723,"{'amenity': 'parking', 'parking': 'surface'}",parking,,,,,,,,East/West,172.53
1285775395,,35.2126714,-80.8573263,"{'amenity': 'parking', 'building': 'yes', 'building:levels': '8', 'fee': 'yes', 'height': '24', 'parking': 'multi-storey'}",parking,,,,,,,,East/West,186.38
1323716199,Cheat's Cheesesteaks,35.209574,-80.8614252,"{'amenity': 'fast_food', 'building': 'yes', 'cuisine': 'sandwich', 'name': ""Cheat's Cheesesteaks""}",fast_food,,,,,,,,East/West,333.14
1323716200,,35.2095761,-80.8615826,{'amenity': 'parking'},parking,,,,,,,,East/West,341.97
1409279357,,35.2158735,-80.8579783,{'amenity': 'parking'},parking,,,,,,,,Bland,245.62
1409279358,,35.214953,-80.8587258,{'amenity': 'parking'},parking,,,,,,,,"Bland,East/West","328.34,336.58"
1409279359,,35.2147431,-80.8589775,{'amenity': 'parking'},parking,,,,,,,,"East/West,Bland","311.36,357.45"
1409279360,,35.2143973,-80.8618799,{'amenity': 'parking'},parking,,,,,,,,East/West,367.55
1409279363,,35.2138311,-80.8627451,{'amenity': 'parking'},parking,,,,,,,,East/West,387.12
1409279364,,35.2133259,-80.8625865,{'amenity': 'parking'},parking,,,,,,,,East/West,346.86
1409279365,,35.2132535,-80.8623041,{'amenity': 'parking'},parking,,,,,,,,East/West,320.29
1409279366,,35.2136914,-80.8619361,{'amenity': 'parking'},parking,,,,,,,,East/West,317.97
1409279367,,35.2123586,-80.8595333,{'amenity': 'parking'},parking,,,,,,,,East/West,57.0
1409279369,,35.2125501,-80.8597365,{'amenity': 'parking'},parking,,,,,,,,East/West,85.07
1409279370,,35.2127323,-80.8600257,{'amenity': 'parking'},parking,,,,,,,,East/West,117.41
1409279371,,35.2123843,-80.861852,"{'amenity': 'parking', 'parking': 'surface', 'surface': 'gravel'}",parking,,,,,,,,East/West,249.03
1409279372,,35.2124909,-80.8623506,{'amenity': 'parking'},parking,,,,,,,,East/West,295.86
1409279375,,35.2123897,-80.8639543,"{'amenity': 'parking', 'building': 'yes', 'layer': '-1', 'parking': 'multi-storey'}",parking,,,,,,,,,
1409279376,,35.2115879,-80.8634127,{'amenity': 'parking'},parking,,,,,,,,East/West,388.12
1409279377,,35.2117935,-80.8641172,{'amenity': 'parking'},parking,,,,,,,,East/West,450.57
1409279381,,35.2090798,-80.8636258,{'amenity': 'parking'},parking,,,,,,,,,
1409279386,,35.210206,-80.8646598,{'amenity': 'parking'},parking,,,,,,,,,
1409279387,,35.2101777,-80.8640032,{'amenity': 'parking'},parking,,,,,,,,East/West,481.36
1409279390,,35.2106102,-80.8636284,{'amenity': 'parking'},parking,,,,,,,,East/West,431.76
1425192864,Canopy Cocktails & Garden,35.2128667,-80.8581303,"{'addr:city': 'Charlotte', 'addr:housenumber': '118', 'addr:postcode': '28203', 'addr:state': 'NC', 'addr:street': 'E Kingston Ave', 'addr:unit': '10', 'amenity': 'bar', 'brewery': 'various', 'building': 'yes', 'min_age': '21', 'name': 'Canopy Cocktails & Garden'}",bar,,,,,,,,,
1427159938,,35.2098018,-80.8567918,{'amenity': 'parking'},parking,,,,,,,,East/West,321.07
1427747785,,35.2085851,-80.8599347,{'amenity': 'parking'},parking,,,,,,,,East/West,378.51
1427747786,,35.2082895,-80.8595791,{'amenity': 'parking'},parking,,,,,,,,East/West,406.55
1427747787,,35.2085552,-80.8593279,{'amenity': 'parking'},parking,,,,,,,,East/West,375.65
1427747788,,35.2089223,-80.8593997,{'amenity': 'parking'},parking,,,,,,,,East/West,335.32
1427747793,,35.2091346,-80.8591631,{'amenity': 'parking'},parking,,,,,,,,East/West,311.12
1427747795,,35.2073048,-80.8602317,{'amenity': 'parking'},parking,,,,,,,,East/West,523.05
1427747797,,35.2070516,-80.860414,{'amenity': 'parking'},parking,,,,,,,,East/West,553.82
1428169467,,35.2146342,-80.8574685,{'amenity': 'parking'},parking,,,,,,,,"Bland,East/West","239.29,336.54"
1428169481,,35.2138191,-80.8544628,{'amenity': 'parking'},parking,,,,,,,,Bland,235.09
1428169484,,35.213723,-80.854933,{'amenity': 'parking'},parking,,,,,,,,"Bland,East/West","235.79,433.37"
1428169485,,35.2131753,-80.8555409,{'amenity': 'parking'},parking,,,,,,,,"Bland,East/West","295.36,357.59"
1428169486,,35.2126477,-80.856004,{'amenity': 'parking'},parking,,,,,,,,"East/West,Bland","298.65,359.02"
1428169487,,35.2126869,-80.85546,{'amenity': 'parking'},parking,,,,,,,,"East/West,Bland","347.68,348.96"
1428169488,,35.2128133,-80.8551583,{'amenity': 'parking'},parking,,,,,,,,East/West,377.75
1428169489,,35.2125798,-80.8551367,{'amenity': 'parking'},parking,,,,,,,,,
1428169490,,35.2122181,-80.8565002,{'amenity': 'parking'},parking,,,,,,,,East/West,244.94
1428169495,,35.210445,-80.8587452,{'amenity': 'parking'},parking,,,,,,,,East/West,170.24
1428169497,,35.2095013,-80.8583823,{'amenity': 'parking'},parking,,,,,,,,East/West,279.79
1429442727,,35.2078785,-80.8620251,{'amenity': 'parking'},parking,,,,,,,,East/West,520.01
1429442731,,35.2070234,-80.8599093,{'amenity': 'parking'},parking,,,,,,,,,
1430326680,,35.2118037,-80.8588587,"{'amenity': 'parking', 'building': 'yes', 'height': '32', 'min_height': '10', 'parking': 'multi-storey'}",parking,,,,,,,,East/West,32.11
1430327245,,35.2117764,-80.8585145,{'amenity': 'parking'},parking,,,,,,,,East/West,62.36
1450790626,,35.2133011,-80.8568463,{'amenity': 'parking'},parking,,,,,,,,"East/West,Bland","259.83,314.61"
1450790627,,35.2135405,-80.8565301,{'amenity': 'parking'},parking,,,,,,,,"Bland,East/West","278.23,298.72"
1450790628,,35.2139234,-80.8565281,{'amenity': 'parking'},parking,,,,,,,,"Bland,East/West","240.02,325.88"
1450790629,,35.2138456,-80.8569145,{'amenity': 'parking'},parking,,,,,,,,"Bland,East/West","265.63,294.62"
1450790630,,35.2137143,-80.856048,{'amenity': 'parking'},parking,,,,,,,,"Bland,East/West","244.82,345.63"
1450790636,,35.2124138,-80.8578648,"{'access': 'no', 'amenity': 'parking'}",parking,,,,,,,,East/West,129.9
1456140309,,35.211416,-80.857623,{'amenity': 'parking'},parking,,,,,,,,East/West,152.32
1456140312,,35.2112099,-80.8578828,{'amenity': 'parking'},parking,,,,,,,,East/West,142.41
1462454763,,35.2084047,-80.8628269,"{'amenity': 'parking', 'building': 'yes', 'height': '26', 'parking': 'multi-storey'}",parking,,,,,,,,,
1469358544,,35.2149228,-80.8600526,{'amenity': 'parking'},parking,,,,,,,,"East/West,Bland","340.41,445.86"
1471159188,,35.2103915,-80.857794,{'amenity': 'parking'},parking,,,,,,,,East/West,212.55
1471159192,,35.2098401,-80.8582024,{'amenity': 'parking'},parking,,,,,,,,East/West,248.98
1471159193,,35.2097352,-80.8591797,{'amenity': 'parking'},parking,,,,,,,,East/West,244.51
1471159196,,35.2094103,-80.8576269,{'amenity': 'parking'},parking,,,,,,,,East/West,313.74
1471159199,,35.2091489,-80.8572914,{'amenity': 'parking'},parking,,,,,,,,East/West,353.62
1471159218,,35.2097584,-80.8564406,{'amenity': 'parking'},parking,,,,,,,,East/West,346.77
1471520739,,35.2154933,-80.8589696,{'amenity': 'parking'},parking,,,,,,,,"Bland,East/West","337.87,394.48"
1473678157,,35.2139842,-80.862423,{'amenity': 'parking'},parking,,,,,,,,East/West,372.9
1473678196,,35.2142615,-80.8645364,{'amenity': 'parking'},parking,,,,,,,,,
11008714,,35.2161515,-80.8568812,"{'amenity': 'parking', 'type': 'multipolygon'}",parking,,,,,,,,Bland,150.03
16022872,,35.2103174,-80.8612475,"{'amenity': 'parking', 'type': 'multipolygon'}",parking,,,,,,,,East/West,261.03
19576022,,35.2078799,-80.8599286,"{'amenity': 'parking', 'type': 'multipolygon'}",parking,,,,,,,,East/West,455.53
19581220,,35.2132177,-80.8577831,"{'amenity': 'parking', 'type': 'multipolygon'}",parking,,,,,,,,East/West,189.77
5266630654,Sunflour Baking Company,35.2109876,-80.8570815,"{'name': 'Sunflour Baking Company', 'shop': 'bakery'}",,bakery,,,,,,,East/West,217.46
5282511698,Anthropologie,35.2089186,-80.8606531,"{'brand': 'Anthropologie', 'brand:wikidata': 'Q4773903', 'clothes': 'women', 'name': 'Anthropologie', 'shop': 'clothes'}",,clothes,,,,,,,East/West,361.24
5282511699,Free People,35.2092124,-80.8604756,"{'brand': 'Free People', 'brand:wikidata': 'Q5499945', 'name': 'Free People', 'shop': 'clothes'}",,clothes,,,,,,,East/West,325.0
5286423659,Savory Spice,35.2096372,-80.8605009,"{'name': 'Savory Spice', 'shop': 'yes'}",,yes,,,,,,,East/West,282.65
5286423660,Vin Master,35.2093193,-80.8609567,"{'name': 'Vin Master', 'shop': 'wine'}",,wine,,,,,,,East/West,333.04
5718028309,Queen City Bicycles,35.2138866,-80.85615,"{'addr:city': 'Charlotte', 'addr:housenumber': '128', 'addr:postcode': '28203', 'addr:state': 'NC', 'addr:street': 'East Park Avenue', 'name': 'Queen City Bicycles', 'service:bicycle:Bicycle_Sales_and_Service': 'yes', 'service:bicycle:bicycle': 'yes', 'service:bicycle:rental': 'yes', 'service:bicycle:repair': 'yes', 'service:bicycle:retail': 'yes', 'shop': 'bicycle'}",,bicycle,,,,,,,"Bland,East/West","229.61,349.51"
7813715854,Mattress Firm,35.2103125,-80.8585862,"{'addr:city': 'Charlotte', 'addr:housenumber': '2317', 'addr:postcode': '28203', 'addr:state': 'NC', 'addr:street': 'South Boulevard', 'branch': 'South Boulevard', 'brand': 'Mattress Firm', 'brand:wikidata': 'Q6791878', 'contact:sms': '+1 704-610-2171', 'delivery': 'yes', 'name': 'Mattress Firm', 'phone': '+1 704-561-7367', 'ref': '17233', 'shop': 'bed', 'website': 'https://www.mattressfirm.com/en-us/stores/nc/charlotte/024058/'}",,bed,,,,,,,East/West,188.15
9842012387,Calibre Men's Grooming,35.2103179,-80.8634211,"{'addr:city': 'Charlotte', 'addr:housenumber': '235', 'addr:postcode': '28203', 'addr:state': 'NC', 'addr:street': 'West Tremont Avenue', 'addr:unit': '102', 'name': ""Calibre Men's Grooming"", 'opening_hours': 'Tu-Th 10:00-19:00; Fr 09:00-18:00; Sa 09:00-14:30', 'phone': '+1 980 207 3342', 'shop': 'hairdresser', 'website': 'https://calibermensgrooming.com'}",,hairdresser,,,,,,,East/West,426.7
9842054793,Insomnia Cookies,35.2099213,-80.8623348,"{'addr:city': 'Charlotte', 'addr:housenumber': '2116', 'addr:postcode': '28203', 'addr:state': 'NC', 'addr:street': 'Hawkins Street', 'addr:unit': '103', 'brand': 'Insomnia Cookies', 'brand:wikidata': 'Q16997024', 'name': 'Insomnia Cookies', 'opening_hours': 'Su 12:00-00:00; Mo-We 11:00-00:00; Th,Fr 11:00-01:00; Sa 12:00-01:00', 'phone': '+1-980-321-0801', 'shop': 'pastry', 'website': 'https://insomniacookies.com/'}",,pastry,,,,,,,East/West,364.82
10597087406,Abercrombie & Fitch,35.2118554,-80.8596133,"{'addr:city': 'Charlotte', 'addr:housenumber': '100', 'addr:postcode': '28203', 'addr:state': 'NC', 'addr:street': 'West Worthington Avenue', 'brand': 'Abercrombie & Fitch', 'brand:wikidata': 'Q319344', 'clothes': 'men;women', 'level': '0', 'name': 'Abercrombie & Fitch', 'opening_hours': 'Mo-Sa 10:00-19:00; Su 12:00-18:00', 'phone': '+1-864-865-6567', 'shop': 'clothes', 'website': 'https://www.abercrombie.com/shop/us/clothing-stores/US/Charlotte/NC/11962'}",,clothes,,,,,,,East/West,41.42
10597087408,Brilliant Earth,35.2120154,-80.8595011,"{'addr:postcode': '28203', 'level': '0', 'name': 'Brilliant Earth', 'opening_hours': 'Fr-Tu 10:00-19:00', 'phone': '+1-704-831-9599', 'shop': 'jewelry', 'website': 'https://brilliantearth.com/'}",,jewelry,,,,,,,East/West,31.27
10853533395,Marine Layer,35.2108452,-80.860566,"{'brand': 'Marine Layer', 'brand:wikidata': 'Q113227682', 'name': 'Marine Layer', 'shop': 'clothes'}",,clothes,,,,,,,East/West,175.74
10853533397,Dolce & Amaro Italian Bakery,35.2113667,-80.8604332,"{'addr:city': 'Charlotte', 'addr:housenumber': '101', 'addr:postcode': '28203', 'addr:state': 'NC', 'addr:street': 'West Worthington Avenue', 'addr:unit': '150', 'drink:coffee': 'yes', 'name': 'Dolce & Amaro Italian Bakery', 'opening_hours': 'Su-Th 08:00-20:00; Fr-Sa 08:00-21:00', 'phone': '+1-704-919-0065', 'shop': 'bakery'}",,bakery,,,,,,,East/West,131.38
11102351549,Vow’d,35.2113966,-80.860911,"{'clothes': 'wedding', 'name': 'Vow’d', 'shop': 'clothes'}",,clothes,,,,,,,East/West,169.53
11102351551,Lilbelle,35.2114746,-80.8610694,"{'name': 'Lilbelle', 'opening_hours': 'Mo-We 10:00-18:00; Th-Sa 10:00-19:00; Su 12:00-17:00', 'shop': 'clothes', 'website': 'https://shoplilbelle.com'}",,clothes,,,,,,,East/West,180.42
11102351552,Petit Philipe,35.2113155,-80.8607301,"{'name': 'Petit Philipe', 'shop': 'wine'}",,wine,,,,,,,East/West,157.98
11102351564,The Inviggory,35.2121121,-80.8604441,"{'beauty': 'spa', 'name': 'The Inviggory', 'shop': 'beauty'}",,beauty,,,,,,,East/West,117.52
11102351580,Salted Melon,35.2122039,-80.8606312,"{'name': 'Salted Melon', 'shop': 'deli'}",,deli,,,,,,,East/West,136.17
11102351585,Ole Mason Jar,35.2113637,-80.8608403,"{'clothes': 'men', 'name': 'Ole Mason Jar', 'shop': 'clothes'}",,clothes,,,,,,,East/West,164.91
11102351596,Paddywax,35.2113344,-80.86077,"{'name': 'Paddywax', 'shop': 'candles'}",,candles,,,,,,,East/West,160.37
11106987875,Rowan,35.2121352,-80.8593508,"{'addr:city': 'Charlotte', 'addr:housenumber': '1800', 'addr:postcode': '28203', 'addr:state': 'NC', 'addr:street': 'Camden Road', 'addr:unit': '100', 'name': 'Rowan', 'phone': '+1-704-910-1787', 'shop': 'piercing', 'website': 'https://heyrowan.com'}",,piercing,,,,,,,East/West,27.19
11764667654,Patagonia,35.2114003,-80.8600074,"{'addr:city': 'Charlotte', 'addr:housenumber': '101', 'addr:postcode': '28203', 'addr:state': 'NC', 'addr:street': 'West Worthington Avenue', 'addr:unit': 'Suite 180', 'brand': 'Patagonia', 'brand:wikidata': 'Q1660552', 'clothes': 'outdoor', 'name': 'Patagonia', 'phone': '+1-704-255-7925', 'shop': 'clothes', 'website': 'https://www.patagonia.com'}",,clothes,,,,,,,East/West,96.91
11981588983,Reico Kitchen & Bath,35.2108648,-80.8624119,"{'name': 'Reico Kitchen & Bath', 'shop': 'kitchen'}",,kitchen,,,,,,,East/West,318.25
11987265676,Madewell,35.2083834,-80.8605812,"{'addr:city': 'Charlotte', 'addr:housenumber': '2036', 'addr:postcode': '28203', 'addr:state': 'NC', 'addr:street': 'South Boulevard', 'brand': 'Madewell', 'brand:wikidata': 'Q64026213', 'clothes': 'men;women', 'name': 'Madewell', 'phone': '+1-704-565-8267', 'shop': 'clothes', 'website': 'https://stores.madewell.com/us/nc/charlotte/2036-south-blvd.'}",,clothes,,,,,,,East/West,414.81
11987265677,Sephora,35.2084514,-80.8607047,"{'addr:city': 'Charlotte', 'addr:housenumber': '2036', 'addr:postcode': '28203', 'addr:state': 'NC', 'addr:street': 'South Boulevard', 'brand': 'Sephora', 'brand:wikidata': 'Q2408041', 'name': 'Sephora', 'phone': '+1-704-594-8650', 'shop': 'cosmetics', 'website': 'https://www.sephora.com/happening/stores/atherton-mill'}",,cosmetics,,,,,,,East/West,411.33
11987265678,Tecovas,35.2083447,-80.8604636,"{'addr:city': 'Charlotte', 'addr:housenumber': '2036', 'addr:postcode': '28203', 'addr:state': 'NC', 'addr:street': 'South Boulevard', 'addr:unit': '3', 'name': 'Tecovas', 'phone': '+1-704-255-5566', 'shop': 'clothes', 'website': 'https://www.tecovas.com/stores/charlotte-nc-atherton-mill'}",,clothes,,,,,,,East/West,415.74
12461559248,Stika Gear,35.2111712,-80.8605247,"{'name': 'Stika Gear', 'shop': 'hunting'}",,hunting,,,,,,,East/West,149.91
12461559249,Interior Define,35.2110864,-80.8605832,"{'name': 'Interior Define', 'shop': 'interior_decoration'}",,interior_decoration,,,,,,,East/West,159.7
12634674724,Savi Provisions,35.2091458,-80.8616509,"{'addr:city': 'Charlotte', 'addr:housenumber': '2151', 'addr:postcode': '28203', 'addr:state': 'NC', 'addr:street': 'Hawkins Street', 'level': '0', 'name': 'Savi Provisions', 'opening_hours': 'Mo-Th 07:00-23:00; Fr-Sa 07:00-01:00; Su 09:00-22:00', 'phone': '+1-404-607-0000', 'shop': 'convenience', 'website': 'https://www.saviprovisions.com/location/charlotte-the-line'}",,convenience,,,,,,,,
12849155793,J. Major's Bridal Boutique,35.2108121,-80.8589956,"{'addr:city': 'Charlotte', 'addr:housenumber': '1900', 'addr:postcode': '28203', 'addr:state': 'NC', 'addr:street': 'South Boulevard', 'addr:unit': '150', 'air_conditioning': 'yes', 'brand': ""J. Major's Bridal Boutique"", 'clothes': 'wedding;women', 'internet_access': 'wlan', 'name': ""J. Major's Bridal Boutique"", 'opening_hours': 'Tu-Su 10:00-17:30', 'operator': ""J. Major's Bridal Boutique"", 'payment:cash': 'yes', 'payment:contactless': 'yes', 'payment:credit_cards': 'yes', 'payment:debit_cards': 'yes', 'payment:mastercard': 'yes', 'payment:visa': 'yes', 'phone': '+1-704-372-0082', 'shop': 'clothes', 'website': 'https://www.jmajors.com', 'wheelchair': 'yes'}",,clothes,,,,,,,East/West,126.09
12958734948,Hardy Boys Records,35.2140317,-80.857842,"{'name': 'Hardy Boys Records', 'shop': 'music'}",,music,,,,,,,"East/West,Bland","261.57,306.83"
12958734952,Cosmic Nails,35.2122036,-80.8593042,"{'addr:city': 'Charlotte', 'addr:housenumber': '1800', 'addr:postcode': '28203', 'addr:state': 'NC', 'addr:street': 'Camden Road', 'addr:unit': '101', 'beauty': 'nails', 'name': 'Cosmic Nails', 'shop': 'beauty'}",,beauty,,,,,,,East/West,31.68
12958734953,Girl Tribe,35.2122538,-80.8592646,"{'addr:city': 'Charlotte', 'addr:housenumber': '1800', 'addr:postcode': '28203', 'addr:state': 'NC', 'addr:street': 'Camden Road', 'addr:unit': '102', 'clothes': 'women', 'name': 'Girl Tribe', 'shop': 'clothes', 'website': 'https://girltribeco.com'}",,clothes,,,,,,,East/West,35.85
12958734971,Pet Wants,35.2135108,-80.8582334,"{'name': 'Pet Wants', 'shop': 'pet', 'website': 'https://www.petwantsclt.com'}",,pet,,,,,,,"East/West,Bland","193.94,372.03"
13087354311,Bookout Blooms,35.2092583,-80.8608333,"{'contact:instagram': 'bookoutblooms', 'name': 'Bookout Blooms', 'opening_hours': 'Tu-Fr 10:00-18:00; Sa 09:00-14:00', 'phone': '+1-980-219-8470', 'shop': 'florist', 'website': 'https://bookoutblooms.com'}",,florist,,,,,,,East/West,333.72
13087354312,Hey Sis Boutique,35.2093652,-80.8607462,"{'addr:city': 'Charlotte', 'addr:housenumber': '2000', 'addr:postcode': '28203', 'addr:state': 'NC', 'addr:street': 'South Boulevard', 'clothes': 'women', 'name': 'Hey Sis Boutique', 'opening_hours': 'Tu-Fr 11:00-18:00; Sa 10:00-18:00; Su 10:00-17:00', 'shop': 'clothes', 'website': 'https://www.heysis.co'}",,clothes,,,,,,,East/West,319.56
13125416750,Tous les Jours,35.2085229,-80.8598396,"{'brand': 'Tous les Jours', 'brand:wikidata': 'Q3535609', 'cuisine': 'french', 'name': 'Tous les Jours', 'shop': 'bakery'}",,bakery,,,,,,,East/West,383.83
13125416754,Polished Nails & Beauty,35.2087477,-80.859797,"{'beauty': 'nails', 'name': 'Polished Nails & Beauty', 'shop': 'beauty'}",,beauty,,,,,,,East/West,358.6
13179474377,Arrow,35.2080897,-80.8604856,"{'hairdresser': 'barber', 'name': 'Arrow', 'shop': 'hairdresser', 'website': 'https://guaranteedshorterhair.com'}",,hairdresser,,,,,,,East/West,443.47
13179474378,Boem,35.2080209,-80.8605078,"{'clothes': 'women', 'name': 'Boem', 'shop': 'clothes'}",,clothes,,,,,,,East/West,451.36
13179474379,Uniquities,35.207954,-80.8605309,"{'clothes': 'women', 'name': 'Uniquities', 'shop': 'clothes'}",,clothes,,,,,,,East/West,459.07
13179474380,Drybar,35.2077406,-80.8606261,"{'brand': 'Drybar', 'brand:wikidata': 'Q18352685', 'female': 'yes', 'name': 'Drybar', 'shop': 'hairdresser'}",,hairdresser,,,,,,,East/West,484.21
13179474381,The Golden Carrot,35.2077048,-80.8606552,"{'name': 'The Golden Carrot', 'shop': 'jewelry'}",,jewelry,,,,,,,East/West,488.75
13179474383,Ultra Nail Boutique,35.2074022,-80.8610062,"{'beauty': 'nails', 'name': 'Ultra Nail Boutique', 'shop': 'beauty'}",,beauty,,,,,,,East/West,530.27
13179573224,Lululemon,35.2085374,-80.8608598,"{'brand': 'Lululemon', 'brand:wikidata': 'Q6702957', 'clothes': 'men;women', 'name': 'Lululemon', 'official_name': 'Lululemon Athletica', 'shop': 'clothes'}",,clothes,,,,,,,East/West,407.49
13248035093,Peachy,35.2084624,-80.8623893,"{'addr:city': 'Charlotte', 'addr:housenumber': '2161', 'addr:postcode': '28203', 'addr:state': 'NC', 'addr:street': 'Hawkins Street', 'beauty': 'skin_care', 'name': 'Peachy', 'shop': 'beauty', 'website': 'https://peachystudio.com/pages/charlotte-botox'}",,beauty,,,,,,,East/West,484.35
13322832050,Tweeds Custom Suits,35.2123069,-80.8592264,"{'clothes': 'suits', 'name': 'Tweeds Custom Suits', 'shop': 'clothes'}",,clothes,,,,,,,East/West,41.01
13376928757,ClipperCole,35.2095551,-80.8604965,"{'addr:city': 'Charlotte', 'addr:housenumber': '2000', 'addr:postcode': '28203', 'addr:state': 'NC', 'addr:street': 'South Boulevard', 'addr:unit': '120', 'check_date': '2025-12-15', 'currency:XBT': 'yes', 'hairdresser': 'barber', 'name': 'ClipperCole', 'opening_hours': 'Tu-Fr 11:00-19:00; Sa 10:00-14:00', 'payment:lightning': 'yes', 'payment:lightning:operator': 'square', 'payment:lightning_contactless': 'no', 'payment:onchain': 'no', 'phone': '+1-515-250-3570', 'shop': 'hairdresser', 'website': 'https://clippercole.com'}",,hairdresser,,,,,,,East/West,290.74
394430314,Design Within Reach,35.2154523,-80.8560425,"{'brand': 'Design Within Reach', 'brand:wikidata': 'Q110903326', 'building': 'yes', 'height': '7', 'name': 'Design Within Reach', 'shop': 'furniture', 'website': 'https://www.dwr.com/store?StoreId=21'}",,furniture,,,,,,,"Bland,East/West","81.06,482.44"
432915319,Office Depot,35.2131302,-80.8566125,"{'addr:city': 'Charlotte', 'addr:housenumber': '1620', 'addr:postcode': '28203', 'addr:state': 'NC', 'addr:street': 'South Boulevard', 'brand': 'Office Depot', 'brand:wikidata': 'Q1337797', 'building': 'yes', 'name': 'Office Depot', 'opening_hours': 'Su 11:00-18:00; Mo-Fr 08:00-20:00; Sa 09:00-18:00', 'phone': '+1 704-358-8832', 'ref': '2240', 'shop': 'stationery', 'website': 'https://www.officedepot.com/storelocator/nc/charlotte/office-depot-2240'}",,stationery,,,,,,,"East/West,Bland","267.59,323.04"
432915323,Stop and Go,35.2150095,-80.860011,"{'addr:city': 'Charlotte', 'addr:housenumber': '1632', 'addr:postcode': '28203', 'addr:state': 'NC', 'addr:street': 'South Tryon Street', 'building': 'yes', 'name': 'Stop and Go', 'shop': 'convenience'}",,convenience,,,,,,,"East/West,Bland","348.91,440.09"
432937698,H&H Automotive,35.2102687,-80.8588773,"{'building': 'yes', 'name': 'H&H Automotive', 'shop': 'car_repair'}",,car_repair,,,,,,,East/West,187.25
433200900,,35.2117777,-80.8571002,"{'building': 'retail', 'shop': 'convenience'}",,convenience,,,,,,,East/West,189.24
547661268,Boost Mobile,35.2128926,-80.8649425,"{'brand': 'Boost Mobile', 'brand:wikidata': 'Q4943790', 'building': 'yes', 'name': 'Boost Mobile', 'shop': 'mobile_phone'}",,mobile_phone,,,,,,,East/West,535.9
837208998,Dilworth Tasting Room,35.208745,-80.858623,"{'addr:city': 'Charlotte', 'addr:housenumber': '300', 'addr:postcode': '28203', 'addr:state': 'NC', 'addr:street': 'East Tremont Avenue', 'building': 'retail', 'name': 'Dilworth Tasting Room', 'shop': 'wine'}",,wine,,,,,,,East/West,357.81
11102351603,Fit Atelier,35.2114316,-80.8609884,"{'leisure': 'fitness_centre', 'name': 'Fit Atelier', 'opening_hours': 'Tu-Fr 11:00-18:00; Sa 11:00-17:00; Su 12:00-17:00', 'website': 'https://fitatelier.com'}",,,fitness_centre,,,,,,East/West,174.84
12363373830,,35.2154791,-80.8557725,{'leisure': 'picnic_table'},,,picnic_table,,,,,,"Bland,East/West","59.36,499.66"
12634674725,Gritbox,35.2092709,-80.8615545,"{'addr:city': 'Charlotte', 'addr:housenumber': '2151', 'addr:postcode': '28203', 'addr:state': 'NC', 'addr:street': 'Hawkins Street', 'addr:unit': 'Suite 140', 'leisure': 'fitness_centre', 'level': '0', 'name': 'Gritbox', 'phone': '+1-704-469-4656', 'website': 'https://gritboxfitness.com/location/charlotte'}",,,fitness_centre,,,,,,East/West,367.04
432929184,Iron Tribe Fitness Dilworth,35.2105705,-80.8580065,"{'addr:city': 'Charlotte', 'addr:housenumber': '215', 'addr:postcode': '28203', 'addr:state': 'NC', 'addr:street': 'East Worthington Avenue', 'building': 'commercial', 'leisure': 'fitness_centre', 'name': 'Iron Tribe Fitness Dilworth'}",,,fitness_centre,,,,,,East/West,185.15
547660396,Wilmore Centennial Park,35.2141233,-80.8601962,"{'addr:city': 'Charlotte', 'addr:housenumber': '1711', 'addr:postcode': '28203', 'addr:state': 'NC', 'addr:street': 'South Tryon Street', 'leisure': 'park', 'name': 'Wilmore Centennial Park', 'opening_date': '2020'}",,,park,,,,,,"East/West,Bland","259.52,485.82"
582913287,,35.213775,-80.8595236,{'leisure': 'dog_park'},,,dog_park,,,,,,East/West,206.03
1180543376,,35.2090803,-80.8613067,"{'building': 'yes', 'heating': 'no', 'leisure': 'outdoor_seating', 'lit': 'yes'}",,,outdoor_seating,,,,,,East/West,372.02
1180543377,,35.2091487,-80.8610429,{'leisure': 'outdoor_seating'},,,outdoor_seating,,,,,,East/West,353.39
1180543378,,35.208905,-80.8613803,{'leisure': 'outdoor_seating'},,,outdoor_seating,,,,,,East/West,392.12
1185176273,,35.2100194,-80.8614363,"{'access': 'private', 'leisure': 'swimming_pool', 'location': 'roof', 'swimming_pool': 'outdoor'}",,,swimming_pool,,,,,,,
1185598378,,35.2085067,-80.862186,{'leisure': 'outdoor_seating'},,,outdoor_seating,,,,,,East/West,469.39
1185598385,,35.2142226,-80.8597165,{'leisure': 'playground'},,,playground,,,,,,"East/West,Bland","257.98,441.38"
1185598386,,35.2140481,-80.8599416,{'leisure': 'outdoor_seating'},,,outdoor_seating,,,,,,"East/West,Bland","244.11,468.03"
1191248738,,35.2107078,-80.8605641,{'leisure': 'outdoor_seating'},,,outdoor_seating,,,,,,East/West,186.48
1191248739,,35.211082,-80.8603978,{'leisure': 'outdoor_seating'},,,outdoor_seating,,,,,,East/West,146.77
1191248746,,35.2149511,-80.8585248,{'leisure': 'swimming_pool'},,,swimming_pool,,,,,,"Bland,East/West","310.99,339.06"
1192742643,,35.2148999,-80.8566369,{'leisure': 'outdoor_seating'},,,outdoor_seating,,,,,,"Bland,East/West","160.91,401.13"
1196470571,,35.2115156,-80.8603552,"{'leisure': 'outdoor_seating', 'operator': 'Elsewhere'}",,,outdoor_seating,,,,,,East/West,117.69
1196470574,,35.2109413,-80.8605084,"{'leisure': 'outdoor_seating', 'operator': 'Hawkers'}",,,outdoor_seating,,,,,,East/West,164.64
1196470579,,35.2115915,-80.8601883,"{'leisure': 'outdoor_seating', 'operator': 'Barcelona'}",,,outdoor_seating,,,,,,East/West,100.42
1196470580,,35.2116361,-80.8602776,"{'leisure': 'outdoor_seating', 'operator': 'Superica'}",,,outdoor_seating,,,,,,East/West,106.29
1259157758,,35.2090005,-80.8611573,{'leisure': 'outdoor_seating'},,,outdoor_seating,,,,,,East/West,372.81
1292149595,,35.2085617,-80.8622372,{'leisure': 'outdoor_seating'},,,outdoor_seating,,,,,,East/West,467.23
1293323910,,35.2142548,-80.8596973,"{'garden:type': 'landscaping', 'leisure': 'garden'}",,,garden,,,,,,"East/West,Bland","261.16,438.34"
1293323911,,35.2144936,-80.8600529,"{'garden:type': 'landscaping', 'leisure': 'garden'}",,,garden,,,,,,"East/West,Bland","294.38,458.98"
1293323913,,35.2138756,-80.8602683,"{'garden:type': 'landscaping', 'leisure': 'garden'}",,,garden,,,,,,"East/West,Bland","236.79,503.08"
1347161777,,35.2095957,-80.8613352,{'leisure': 'outdoor_seating'},,,outdoor_seating,,,,,,East/West,326.23
1409279378,,35.2120066,-80.8647049,"{'access': 'private', 'leisure': 'swimming_pool'}",,,swimming_pool,,,,,,East/West,503.82
1428169491,,35.212108,-80.8563159,{'leisure': 'playground'},,,playground,,,,,,East/West,260.44
5286488554,,35.2117877,-80.8593635,"{'artwork_type': 'mosaic', 'tourism': 'artwork'}",,,,artwork,,,,,East/West,24.4
5286815856,Magic Carpet Mural,35.208994,-80.8616824,"{'artist_name': 'Jessie and Katey', 'artwork_type': 'mural', 'name': 'Magic Carpet Mural', 'source': 'w', 'tourism': 'artwork'}",,,,artwork,,,,,,
11106987867,,35.21166,-80.8598797,"{'board:title': 'Nebel Knitting Mill', 'board_type': 'history', 'information': 'board', 'tourism': 'information'}",,,,information,,,,,East/West,71.67
12363373831,,35.2155641,-80.855661,"{'information': 'map', 'tourism': 'information'}",,,,information,,,,,"Bland,East/West","45.52,513.35"
12517322252,Dinosaur,35.2150614,-80.8560031,"{'artist_name': 'Amy Hart', 'artwork_type': 'sculpture', 'name': 'Dinosaur', 'tourism': 'artwork'}",,,,artwork,,,,,"Bland,East/West","107.69,450.45"
12517322255,,35.2140467,-80.8599153,"{'artist_name': 'David Furman', 'artwork_type': 'installation', 'tourism': 'artwork'}",,,,artwork,,,,,"East/West,Bland","243.28,465.93"
12958734949,Charlotte Machine Co.,35.2140988,-80.8577207,"{'artist_name': 'David Furman', 'artwork_type': 'sculpture', 'material': 'metal', 'name': 'Charlotte Machine Co.', 'tourism': 'artwork'}",,,,artwork,,,,,"East/West,Bland","273.35,293.61"
432937709,Dilworth Artisan Station,35.2129374,-80.8577677,"{'addr:city': 'Charlotte', 'addr:housenumber': '118', 'addr:postcode': '28203', 'addr:state': 'NC', 'addr:street': 'East Kingston Avenue', 'building': 'yes', 'name': 'Dilworth Artisan Station', 'source': 'http://dilworthartisan.com/index.html', 'tourism': 'gallery'}",,,,gallery,,,,,East/West,168.89
606469946,Holiday Inn Express & Suites,35.2146381,-80.859284,"{'addr:city': 'Charlotte', 'addr:housenumber': '1617', 'addr:postcode': '28203', 'addr:state': 'NC', 'addr:street': 'South Tryon Street', 'brand': 'Holiday Inn Express & Suites', 'brand:wikidata': 'Q5880423', 'building': 'yes', 'building:levels': '5', 'name': 'Holiday Inn Express & Suites', 'tourism': 'hotel'}",,,,hotel,,,,,"East/West,Bland","299.4,387.65"
1196470576,,35.2120305,-80.8610523,"{'artwork_type': 'mural', 'tourism': 'artwork'}",,,,artwork,,,,,East/West,171.61
1196470577,,35.2113937,-80.8611808,"{'artwork_type': 'mural', 'tourism': 'artwork'}",,,,artwork,,,,,East/West,192.78
1196928923,,35.2121093,-80.8593629,"{'artwork_type': 'mural', 'tourism': 'artwork'}",,,,artwork,,,,,East/West,25.71
1196928924,,35.2129863,-80.858043,"{'artwork_type': 'mural', 'tourism': 'artwork'}",,,,artwork,,,,,East/West,154.87
1196928925,Steelyard Mural,35.2109012,-80.8597926,"{'artist_name': 'Ivan Toth Depeña', 'artwork_type': 'mural', 'name': 'Steelyard Mural', 'tourism': 'artwork'}",,,,artwork,,,,,East/West,128.39
1352819940,Rail Trail Chalkboard,35.2136744,-80.8576339,"{'artwork_type': 'installation', 'name': 'Rail Trail Chalkboard', 'tourism': 'artwork'}",,,,artwork,,,,,"East/West,Bland","237.79,321.01"
6532463478,Coldwell Banker,35.2143081,-80.8562177,"{'brand': 'Coldwell Banker', 'brand:wikidata': 'Q738853', 'name': 'Coldwell Banker', 'office': 'estate_agent'}",,,,,estate_agent,,,,"Bland,East/West","189.13,375.73"
9155661364,Lowe's Global Technology Center,35.212,-80.8598054,"{'addr:city': 'Charlotte', 'addr:housenumber': '100', 'addr:state': 'NC', 'addr:street': 'West Worthington Avenue', 'level': '8,9,10,11,12,13,14,15,16,17,18,19,20,21,22,23', 'name': ""Lowe's Global Technology Center"", 'office': 'company', 'website': 'https://lowes.com'}",,,,,company,,,,East/West,58.21
9867405873,EMP Law,35.2115682,-80.85549,"{'addr:city': 'Charlotte', 'addr:country': 'US', 'addr:housenumber': '300', 'addr:postcode': '28203', 'addr:state': 'NC', 'addr:street': 'E Kingston Ave', 'addr:unit': 'Suite 200', 'description': 'At EMP Law, our Charlotte, North Carolina lawyers have a rich history of experience and success defending clients in difficult circumstances.', 'email': 'info@emplawfirm.com', 'facebook': 'https://www.facebook.com/ElliotMorganParsonage', 'name': 'EMP Law', 'office': 'lawyer', 'opening_hours': 'Mo-Th 08:00-17:00; Fr 08:00-12:00', 'phone': '+1-704-707-3705', 'source:linkedin': 'https://www.linkedin.com/company/elliot-morgan-parsonage', 'website': 'https://emplawfirm.com/'}",,,,,lawyer,,,,East/West,337.47
10597022506,World Wide Technology,35.2111346,-80.8594222,"{'addr:housenumber': '1900', 'addr:postcode': '28203', 'addr:street': 'South Boulevard', 'name': 'World Wide Technology', 'office': 'it', 'phone': '+1-717-757-6441', 'website': 'https://wwt.com/'}",,,,,it,,,,East/West,92.22
10597276705,Lowe's Tech Hub,35.2118923,-80.8599522,"{'addr:postcode': '28203', 'name': ""Lowe's Tech Hub"", 'office': 'company'}",,,,,company,,,,East/West,71.39
11102351571,Balfour Beatty,35.2113437,-80.8611841,"{'name': 'Balfour Beatty', 'office': 'construction_company'}",,,,,construction_company,,,,East/West,194.88
11483254446,Dimensional,35.2157232,-80.8564597,"{'name': 'Dimensional', 'office': 'financial_advisor', 'website': 'https://www.dimensional.com'}",,,,,financial_advisor,,,,"Bland,East/West","108.02,486.7"
12344562759,Spaces,35.2100636,-80.8642194,"{'brand': 'Spaces', 'brand:wikidata': 'Q87629680', 'name': 'Spaces', 'office': 'coworking', 'website': 'https://www.spacesworks.com/charlotte/south-end'}",,,,,coworking,,,,East/West,504.5
618108474,East/West Boulevard,35.2122117,-80.8589291,"{'addr:city': 'Charlotte', 'addr:housenumber': '1821', 'addr:postcode': '28203', 'addr:state': 'NC', 'addr:street': 'Camden Road', 'internet_access': 'no', 'light_rail': 'yes', 'name': 'East/West Boulevard', 'network': 'LYNX', 'operator': 'CATS', 'public_transport': 'station', 'railway': 'station', 'station': 'light_rail', 'wikidata': 'Q5327579', 'wikipedia': 'en:East/West Boulevard station'}",,,,,,station,,,East/West,37.26
5764307592,,35.2123146,-80.8582703,"{'bus': 'yes', 'highway': 'bus_stop', 'public_transport': 'platform'}",,,,,,platform,,,East/West,91.82
8419403093,East/West Boulevard,35.2117415,-80.8593405,"{'light_rail': 'yes', 'name': 'East/West Boulevard', 'network': 'LYNX', 'operator': 'CATS', 'public_transport': 'stop_position', 'railway': 'stop'}",,,,,,stop_position,,,East/West,26.93
8419403094,East/West Boulevard,35.2123179,-80.8588211,"{'light_rail': 'yes', 'name': 'East/West Boulevard', 'network': 'LYNX', 'operator': 'CATS', 'public_transport': 'stop_position', 'railway': 'stop'}",,,,,,stop_position,,,"East/West,Bland","52.58,505.54"
535123121,,35.2120438,-80.8591502,"{'area': 'yes', 'bench': 'yes', 'bin': 'yes', 'light_rail': 'yes', 'lit': 'yes', 'network': 'LYNX', 'operator': 'CATS', 'public_transport': 'platform', 'railway': 'platform', 'shelter': 'yes', 'tactile_paving': 'yes'}",,,,,,platform,,,East/West,11.65
535123122,,35.2119989,-80.8590343,"{'area': 'yes', 'bench': 'yes', 'bin': 'yes', 'light_rail': 'yes', 'lit': 'yes', 'network': 'LYNX', 'operator': 'CATS', 'public_transport': 'platform', 'railway': 'platform', 'shelter': 'yes', 'tactile_paving': 'yes'}",,,,,,platform,,,East/West,13.97
12309358,East/West Boulevard,35.2120282,-80.8590988,"{'name': 'East/West Boulevard', 'network': 'LYNX', 'public_transport': 'stop_area', 'railway': 'facility', 'type': 'public_transport'}",,,,,,stop_area,,,East/West,11.73
