station_id,osm_type,osm_id,name,lat,lon,tags,amenity,shop,leisure,tourism,office,public_transport,healthcare,craft,osm_key
0,node,357772806,First Ward Elementary School,35.2281982,-80.8334044,"{'amenity': 'school', 'ele': '228', 'gnis:feature_id': '985094', 'name': 'First Ward Elementary School', 'wheelchair': 'yes'}",school,,,,,,,,node/357772806
0,node,367908585,Charlotte Fire Department Station 4,35.2320179,-80.8391286,"{'addr:city': 'Charlotte', 'addr:housenumber': '525', 'addr:postcode': '28202', 'addr:state': 'NC', 'addr:street': 'North Church Street', 'amenity': 'fire_station', 'ele': '232', 'gnis:feature_id': '1986150', 'name': 'Charlotte Fire Department Station 4', 'source': 'USGS Geonames;local knowledge;aerial imagery'}",fire_station,,,,,,,,node/367908585
0,node,957284836,6th Street,35.2266274,-80.8334557,"{'amenity': 'parking', 'name': '6th Street', 'wheelchair': 'yes'}",parking,,,,,,,,node/957284836
0,node,4001585783,Aroma,35.2298783,-80.8395114,"{'addr:city': 'Charlotte', 'addr:housenumber': '401', 'addr:postcode': '28202', 'addr:state': 'NC', 'addr:street': 'North Tryon Street', 'addr:unit': 'Suite 106', 'amenity': 'restaurant', 'cuisine': 'indian', 'name': 'Aroma', 'not:brand:wikidata': 'Q2909872'}",restaurant,,,,,,,,node/4001585783
0,node,4001610982,,35.2297382,-80.8396061,"{'amenity': 'bicycle_parking', 'bicycle_parking': 'stands', 'capacity': '2'}",bicycle_parking,,,,,,,,node/4001610982
0,node,4001610992,,35.2295043,-80.8400177,{'amenity': 'waste_basket'},waste_basket,,,,,,,,node/4001610992
0,node,6532532810,7th Restaurant & Lounge,35.2261341,-80.8360898,"{'addr:city': 'Charlotte', 'addr:housenumber': '321', 'addr:state': 'NC', 'addr:street': 'North Caldwell Street', 'amenity': 'restaurant', 'name': '7th Restaurant & Lounge'}",restaurant,,,,,,,,node/6532532810
0,node,9267613529,,35.2273931,-80.8363229,"{'amenity': 'bench', 'armrest': 'yes', 'backrest': 'yes', 'direction': '323', 'material': 'wood'}",bench,,,,,,,,node/9267613529
0,node,9267613530,,35.2275849,-80.8360686,"{'amenity': 'bench', 'armrest': 'yes', 'backrest': 'yes', 'material': 'wood'}",bench,,,,,,,,node/9267613530
0,node,9267613531,,35.2278173,-80.8359738,"{'amenity': 'bench', 'armrest': 'yes', 'backrest': 'yes', 'material': 'wood'}",bench,,,,,,,,node/9267613531
0,node,9267613532,,35.2279177,-80.8362047,"{'amenity': 'bench', 'armrest': 'yes', 'backrest': 'yes', 'material': 'wood'}",bench,,,,,,,,node/9267613532
0,node,9267613533,,35.2280345,-80.836226,"{'amenity': 'bench', 'armrest': 'yes', 'backrest': 'yes', 'material': 'wood'}",bench,,,,,,,,node/9267613533
0,node,9267613534,,35.2279248,-80.836606,"{'amenity': 'bench', 'backrest': 'yes'}",bench,,,,,,,,node/9267613534
0,node,9267613535,,35.2280331,-80.8367858,"{'amenity': 'bench', 'backrest': 'yes'}",bench,,,,,,,,node/9267613535
0,node,9267613536,,35.2280764,-80.8364285,"{'amenity': 'bench', 'backrest': 'yes'}",bench,,,,,,,,node/9267613536
0,node,9267613537,,35.2282826,-80.8362438,"{'amenity': 'bench', 'armrest': 'yes', 'backrest': 'yes', 'material': 'wood'}",bench,,,,,,,,node/9267613537
0,node,9267613538,,35.228302,-80.8359843,"{'amenity': 'bench', 'armrest': 'yes', 'backrest': 'yes', 'material': 'wood'}",bench,,,,,,,,node/9267613538
0,node,9267613539,,35.2281747,-80.8360596,"{'amenity': 'bench', 'armrest': 'yes', 'backrest': 'yes', 'material': 'wood'}",bench,,,,,,,,node/9267613539
0,node,9267613540,,35.2284055,-80.8363923,"{'amenity': 'bench', 'backrest': 'yes'}",bench,,,,,,,,node/9267613540
0,node,9267613541,,35.2280715,-80.8359485,"{'amenity': 'bench', 'armrest': 'yes', 'backrest': 'yes', 'material': 'wood'}",bench,,,,,,,,node/9267613541
0,node,9267613542,,35.2278255,-80.8357588,"{'amenity': 'bench', 'armrest': 'yes', 'backrest': 'yes', 'material': 'wood'}",bench,,,,,,,,node/9267613542
0,node,9875353335,,35.2323819,-80.8377253,{'amenity': 'parking_entrance'},parking_entrance,,,,,,,,node/9875353335
0,node,9875353339,,35.2320586,-80.8381757,{'amenity': 'parking_entrance'},parking_entrance,,,,,,,,node/9875353339
0,node,10768887605,Queen City Grounds,35.2325716,-80.8374801,"{'addr:housenumber': '644', 'addr:postcode': '28202', 'addr:street': 'North Church Street', 'amenity': 'cafe', 'internet_access': 'wlan', 'name': 'Queen City Grounds', 'phone': '+1-704-324-3231', 'website': 'https://queencitygrounds.com/'}",cafe,,,,,,,,node/10768887605
0,node,10827650701,,35.2329068,-80.839814,"{'amenity': 'fountain', 'indoor': 'no', 'seasonal': 'spring;summer;autumn'}",fountain,,,,,,,,node/10827650701
0,node,10972319438,,35.2274034,-80.8363056,"{'amenity': 'bench', 'armrest': 'yes', 'backrest': 'yes', 'direction': '323', 'material': 'wood'}",bench,,,,,,,,node/10972319438
0,node,10972319440,WFAE,35.2277364,-80.8373132,"{'amenity': 'studio', 'name': 'WFAE', 'studio': 'radio'}",studio,,,,,,,,node/10972319440
0,node,10972319448,Duckworth’s,35.2293175,-80.8397309,"{'amenity': 'restaurant', 'name': 'Duckworth’s'}",restaurant,,,,,,,,node/10972319448
0,node,10972350809,,35.2272489,-80.8365849,"{'amenity': 'bench', 'armrest': 'yes', 'backrest': 'yes', 'material': 'wood'}",bench,,,,,,,,node/10972350809
0,node,10972350810,,35.2276345,-80.8361351,"{'amenity': 'bench', 'backrest': 'yes', 'material': 'wood'}",bench,,,,,,,,node/10972350810
0,node,10972350811,,35.2272764,-80.8366969,"{'amenity': 'bench', 'armrest': 'yes', 'backrest': 'yes', 'material': 'wood'}",bench,,,,,,,,node/10972350811
0,node,10972350812,,35.227259,-80.8365574,"{'amenity': 'bench', 'armrest': 'yes', 'backrest': 'yes', 'material': 'wood'}",bench,,,,,,,,node/10972350812
0,node,10972350813,,35.2272418,-80.8365826,"{'amenity': 'bench', 'armrest': 'yes', 'backrest': 'yes', 'material': 'wood'}",bench,,,,,,,,node/10972350813
0,node,10972350815,,35.2274695,-80.8363998,"{'amenity': 'bench', 'armrest': 'yes', 'backrest': 'yes', 'material': 'wood'}",bench,,,,,,,,node/10972350815
0,node,10972350817,,35.227835,-80.8360033,"{'amenity': 'bench', 'armrest': 'yes', 'backrest': 'yes', 'material': 'wood'}",bench,,,,,,,,node/10972350817
0,node,10972350819,,35.2279273,-80.8362392,"{'amenity': 'bench', 'armrest': 'yes', 'backrest': 'yes', 'material': 'wood'}",bench,,,,,,,,node/10972350819
0,node,10972350820,,35.2273007,-80.8367037,"{'amenity': 'bench', 'armrest': 'yes', 'backrest': 'yes', 'material': 'wood'}",bench,,,,,,,,node/10972350820
0,node,10972350821,,35.2272532,-80.8365532,"{'amenity': 'bench', 'armrest': 'yes', 'backrest': 'yes', 'material': 'wood'}",bench,,,,,,,,node/10972350821
0,node,10972350823,,35.2272803,-80.8366929,"{'amenity': 'bench', 'armrest': 'yes', 'backrest': 'yes', 'material': 'wood'}",bench,,,,,,,,node/10972350823
0,node,10972350824,,35.2272462,-80.8366119,"{'amenity': 'bench', 'armrest': 'yes', 'backrest': 'yes', 'material': 'wood'}",bench,,,,,,,,node/10972350824
0,node,10972350825,,35.2272985,-80.8367095,"{'amenity': 'bench', 'armrest': 'yes', 'backrest': 'yes', 'material': 'wood'}",bench,,,,,,,,node/10972350825
0,node,10972350826,,35.2276156,-80.8360867,"{'amenity': 'bench', 'armrest': 'yes', 'backrest': 'yes', 'material': 'wood'}",bench,,,,,,,,node/10972350826
0,node,10972350827,,35.2276015,-80.8360497,"{'amenity': 'bench', 'armrest': 'yes', 'backrest': 'yes', 'material': 'wood'}",bench,,,,,,,,node/10972350827
0,node,10972350828,,35.2272638,-80.8366732,"{'amenity': 'bench', 'armrest': 'yes', 'backrest': 'yes', 'material': 'wood'}",bench,,,,,,,,node/10972350828
0,node,10972350830,,35.2272395,-80.8366142,"{'amenity': 'bench', 'armrest': 'yes', 'backrest': 'yes', 'material': 'wood'}",bench,,,,,,,,node/10972350830
0,node,10972350832,,35.2272577,-80.8366774,"{'amenity': 'bench', 'armrest': 'yes', 'backrest': 'yes', 'material': 'wood'}",bench,,,,,,,,node/10972350832
0,node,10972350833,,35.2274516,-80.836422,"{'amenity': 'bench', 'armrest': 'yes', 'backrest': 'yes', 'material': 'wood'}",bench,,,,,,,,node/10972350833
0,node,10977961150,,35.2327177,-80.8381417,"{'amenity': 'bench', 'armrest': 'yes', 'backrest': 'yes', 'material': 'metal'}",bench,,,,,,,,node/10977961150
0,node,10977961156,Pizzeria Sapienza CLT,35.2319206,-80.8384709,"{'amenity': 'fast_food', 'cuisine': 'pizza', 'name': 'Pizzeria Sapienza CLT', 'website': 'https://sapienzaclt.com'}",fast_food,,,,,,,,node/10977961156
0,node,10977961157,,35.2328957,-80.838136,"{'amenity': 'bench', 'armrest': 'yes', 'backrest': 'yes', 'material': 'metal'}",bench,,,,,,,,node/10977961157
0,node,10981654648,,35.2328813,-80.8390554,"{'amenity': 'bench', 'armrest': 'no', 'backrest': 'yes', 'material': 'metal'}",bench,,,,,,,,node/10981654648
0,node,10981654673,,35.2315324,-80.8395359,{'amenity': 'fountain'},fountain,,,,,,,,node/10981654673
0,node,11023996516,,35.2306959,-80.8395593,{'amenity': 'parking_entrance'},parking_entrance,,,,,,,,node/11023996516
0,node,11067241526,Charlotte Ballet,35.2323052,-80.8365005,"{'amenity': 'theatre', 'dance:teaching': 'yes', 'name': 'Charlotte Ballet', 'theatre:genre': 'ballet'}",theatre,,,,,,,,node/11067241526
0,node,11067241531,Uptown Veterinary Hospital,35.2322826,-80.8380148,"{'amenity': 'veterinary', 'name': 'Uptown Veterinary Hospital', 'opening_hours': 'Mo-Fr 08:00-18:00; Sa 10:00-14:00'}",veterinary,,,,,,,,node/11067241531
0,node,11076374513,,35.2283177,-80.8360286,{'amenity': 'waste_basket'},waste_basket,,,,,,,,node/11076374513
0,node,11076374514,,35.2281231,-80.8360017,{'amenity': 'waste_basket'},waste_basket,,,,,,,,node/11076374514
0,node,11076374516,,35.2279408,-80.8356657,"{'access': 'yes', 'amenity': 'drinking_water', 'bottle': 'yes', 'fee': 'no', 'seasonal': 'spring;summer;autumn'}",drinking_water,,,,,,,,node/11076374516
0,node,11076374517,,35.2281199,-80.8359978,"{'amenity': 'recycling', 'recycling_type': 'container'}",recycling,,,,,,,,node/11076374517
0,node,11076374518,,35.2278072,-80.8357459,"{'amenity': 'bench', 'armrest': 'yes', 'backrest': 'yes', 'material': 'wood'}",bench,,,,,,,,node/11076374518
0,node,11076374519,,35.2283204,-80.836037,"{'amenity': 'recycling', 'recycling_type': 'container'}",recycling,,,,,,,,node/11076374519
0,node,11076374520,,35.2282925,-80.8362683,"{'amenity': 'bench', 'armrest': 'yes', 'backrest': 'yes', 'material': 'wood'}",bench,,,,,,,,node/11076374520
0,node,11076374521,,35.2278288,-80.8356803,{'amenity': 'waste_basket'},waste_basket,,,,,,,,node/11076374521
0,node,11076374522,,35.2280186,-80.8358438,"{'amenity': 'vending_machine', 'bin': 'no', 'fee': 'no', 'vending': 'excrement_bags'}",vending_machine,,,,,,,,node/11076374522
0,node,11076374524,,35.2278221,-80.8356761,"{'amenity': 'recycling', 'recycling_type': 'container'}",recycling,,,,,,,,node/11076374524
0,node,11077054069,,35.2290588,-80.8360962,"{'access': 'yes', 'amenity': 'bicycle_parking', 'bicycle_parking': 'stands', 'capacity': '8', 'covered': 'no'}",bicycle_parking,,,,,,,,node/11077054069
0,node,11077054070,,35.2285713,-80.8365969,"{'access': 'yes', 'amenity': 'bicycle_parking', 'bicycle_parking': 'stands', 'capacity': '6', 'covered': 'no', 'foot_traffic': 'medium', 'indoor': 'no'}",bicycle_parking,,,,,,,,node/11077054070
0,node,11077054071,,35.2287664,-80.8364275,"{'amenity': 'bench', 'armrest': 'yes', 'backrest': 'yes', 'material': 'wood'}",bench,,,,,,,,node/11077054071
0,node,11077054075,,35.229204,-80.8358635,"{'amenity': 'bench', 'armrest': 'yes', 'backrest': 'yes', 'material': 'wood'}",bench,,,,,,,,node/11077054075
0,node,11077054076,,35.2287405,-80.8364616,"{'amenity': 'bench', 'armrest': 'yes', 'backrest': 'yes', 'material': 'wood'}",bench,,,,,,,,node/11077054076
0,node,11077054077,,35.2291113,-80.8359816,"{'amenity': 'bench', 'armrest': 'yes', 'backrest': 'yes', 'material': 'wood'}",bench,,,,,,,,node/11077054077
0,node,11077054078,,35.2291756,-80.8359007,"{'amenity': 'bench', 'armrest': 'yes', 'backrest': 'yes', 'material': 'wood'}",bench,,,,,,,,node/11077054078
0,node,11077054079,,35.2287131,-80.8364976,"{'amenity': 'bench', 'armrest': 'yes', 'backrest': 'yes', 'material': 'wood'}",bench,,,,,,,,node/11077054079
0,node,11077054081,,35.2286819,-80.836538,"{'amenity': 'bench', 'armrest': 'yes', 'backrest': 'yes', 'material': 'wood'}",bench,,,,,,,,node/11077054081
0,node,11077054082,,35.2291478,-80.835937,"{'amenity': 'bench', 'armrest': 'yes', 'backrest': 'yes', 'material': 'wood'}",bench,,,,,,,,node/11077054082
0,node,11077200109,,35.2299558,-80.8369401,"{'amenity': 'vending_machine', 'vending': 'parking_tickets'}",vending_machine,,,,,,,,node/11077200109
0,node,11077723572,Crunch Bistro,35.2301878,-80.8390824,"{'amenity': 'cafe', 'name': 'Crunch Bistro'}",cafe,,,,,,,,node/11077723572
0,node,11083011683,,35.2282388,-80.8378452,"{'amenity': 'vending_machine', 'vending': 'parking_tickets'}",vending_machine,,,,,,,,node/11083011683
0,node,11083113695,Jimmy John's,35.2278406,-80.8395218,"{'addr:city': 'Charlotte', 'addr:housenumber': '300', 'addr:postcode': '28202', 'addr:state': 'NC', 'addr:street': 'North College Street', 'addr:unit': '100', 'amenity': 'fast_food', 'brand': ""Jimmy John's"", 'brand:wikidata': 'Q1689380', 'cuisine': 'sandwich', 'name': ""Jimmy John's"", 'official_name': ""Jimmy John's Gourmet Sandwiches"", 'phone': '+1 980-819-5351', 'takeaway': 'yes', 'website': 'https://locations.jimmyjohns.com/nc/charlotte/sandwiches-4131.html'}",fast_food,,,,,,,,node/11083113695
0,node,11083113696,Sabor,35.2277542,-80.8394499,"{'amenity': 'fast_food', 'cuisine': 'mexican', 'name': 'Sabor'}",fast_food,,,,,,,,node/11083113696
0,node,11096399451,,35.2269081,-80.8364925,"{'amenity': 'vending_machine', 'vending': 'parking_tickets'}",vending_machine,,,,,,,,node/11096399451
0,node,11097399773,,35.2303941,-80.8386782,"{'amenity': 'bench', 'armrest': 'yes', 'backrest': 'yes', 'material': 'wood'}",bench,,,,,,,,node/11097399773
0,node,11098808614,Momo Station,35.2276099,-80.8379741,"{'amenity': 'fast_food', 'cuisine': 'indian', 'name': 'Momo Station'}",fast_food,,,,,,,,node/11098808614
0,node,11098808615,,35.2276524,-80.8379211,"{'amenity': 'fast_food', 'cuisine': 'juice'}",fast_food,,,,,,,,node/11098808615
0,node,11098808617,,35.2276933,-80.8379652,"{'amenity': 'fast_food', 'cuisine': 'popcorn'}",fast_food,,,,,,,,node/11098808617
0,node,11151906105,,35.2291686,-80.8353791,"{'amenity': 'bicycle_parking', 'bicycle_parking': 'stands', 'capacity': '8', 'covered': 'no'}",bicycle_parking,,,,,,,,node/11151906105
0,node,11151907805,,35.229127,-80.8353272,"{'amenity': 'bicycle_parking', 'bicycle_parking': 'stands', 'capacity': '6', 'covered': 'no'}",bicycle_parking,,,,,,,,node/11151907805
0,node,11151907806,,35.2290963,-80.8352936,"{'amenity': 'bicycle_parking', 'bicycle_parking': 'stands', 'capacity': '6', 'covered': 'no'}",bicycle_parking,,,,,,,,node/11151907806
0,node,11152216998,,35.2292852,-80.8399728,"{'amenity': 'bicycle_parking', 'bicycle_parking': 'stands', 'capacity': '2'}",bicycle_parking,,,,,,,,node/11152216998
0,node,11152216999,,35.2299868,-80.8392514,"{'amenity': 'bicycle_parking', 'bicycle_parking': 'stands', 'capacity': '2', 'covered': 'no'}",bicycle_parking,,,,,,,,node/11152216999
0,node,11152217000,,35.2303366,-80.8384963,"{'amenity': 'bicycle_parking', 'bicycle_parking': 'stands', 'capacity': '2'}",bicycle_parking,,,,,,,,node/11152217000
0,node,11152217001,,35.2305422,-80.8384847,"{'amenity': 'bicycle_parking', 'bicycle_parking': 'stands', 'capacity': '2'}",bicycle_parking,,,,,,,,node/11152217001
0,node,11152217002,,35.2308655,-80.8380253,"{'amenity': 'bicycle_parking', 'bicycle_parking': 'stands', 'capacity': '2', 'covered': 'no'}",bicycle_parking,,,,,,,,node/11152217002
0,node,11152217003,,35.2307862,-80.8378518,"{'amenity': 'bicycle_parking', 'bicycle_parking': 'stands', 'capacity': '2', 'covered': 'no'}",bicycle_parking,,,,,,,,node/11152217003
0,node,11203593737,,35.2263857,-80.8379289,"{'access': 'yes', 'amenity': 'bicycle_parking', 'bicycle_parking': 'stands', 'capacity': '4', 'covered': 'partial', 'foot_traffic': 'low'}",bicycle_parking,,,,,,,,node/11203593737
0,node,11208935639,,35.2277559,-80.8399744,"{'access': 'yes', 'amenity': 'bicycle_parking', 'bicycle_parking': 'stands', 'capacity': '2'}",bicycle_parking,,,,,,,,node/11208935639
0,node,11208964537,,35.2277894,-80.8395865,"{'access': 'yes', 'amenity': 'bicycle_parking', 'bicycle_parking': 'rack', 'capacity': '2', 'covered': 'no', 'foot_traffic': 'medium', 'indoor': 'no'}",bicycle_parking,,,,,,,,node/11208964537
0,node,11208967242,,35.2290329,-80.8372042,"{'access': 'yes', 'amenity': 'bicycle_parking', 'bicycle_parking': 'stands', 'capacity': '4', 'covered': 'no', 'foot_traffic': 'low', 'indoor': 'no'}",bicycle_parking,,,,,,,,node/11208967242
0,node,11216160837,,35.2323013,-80.8368011,"{'access': 'yes', 'amenity': 'bicycle_parking', 'bicycle_parking': 'wave', 'capacity': '9', 'covered': 'no', 'foot_traffic': 'low', 'indoor': 'no'}",bicycle_parking,,,,,,,,node/11216160837
0,node,11218361537,,35.2321841,-80.8372567,"{'access': 'yes', 'amenity': 'bicycle_parking', 'bicycle_parking': 'stands', 'capacity': '4', 'covered': 'no', 'foot_traffic': 'low', 'indoor': 'no'}",bicycle_parking,,,,,,,,node/11218361537
0,node,11218363037,,35.2322476,-80.8373215,"{'access': 'yes', 'amenity': 'bicycle_parking', 'bicycle_parking': 'stands', 'capacity': '18', 'covered': 'yes', 'foot_traffic': 'low', 'indoor': 'no'}",bicycle_parking,,,,,,,,node/11218363037
0,node,11219131301,,35.229371,-80.8358298,"{'access': 'yes', 'amenity': 'bicycle_parking', 'bicycle_parking': 'stands', 'capacity': '8', 'covered': 'no'}",bicycle_parking,,,,,,,,node/11219131301
0,node,11219131304,,35.2294594,-80.8359345,"{'access': 'yes', 'amenity': 'bicycle_parking', 'bicycle_parking': 'stands', 'capacity': '8', 'covered': 'no'}",bicycle_parking,,,,,,,,node/11219131304
0,node,11219131306,,35.2295387,-80.8360277,"{'access': 'yes', 'amenity': 'bicycle_parking', 'bicycle_parking': 'stands', 'capacity': '8', 'covered': 'no'}",bicycle_parking,,,,,,,,node/11219131306
0,node,11258693637,,35.2274432,-80.8390869,"{'access': 'yes', 'amenity': 'bicycle_parking', 'bicycle_parking': 'stands', 'capacity': '2', 'covered': 'partial', 'foot_traffic': 'medium', 'indoor': 'no'}",bicycle_parking,,,,,,,,node/11258693637
0,node,11258695537,,35.2270377,-80.8372281,"{'access': 'yes', 'amenity': 'bicycle_parking', 'bicycle_parking': 'bollard', 'capacity': '6', 'covered': 'no', 'foot_traffic': 'low', 'indoor': 'no'}",bicycle_parking,,,,,,,,node/11258695537
0,node,11294418169,,35.2277363,-80.837181,"{'access': 'yes', 'amenity': 'bicycle_parking', 'bicycle_parking': 'stands', 'capacity': '6', 'covered': 'no', 'foot_traffic': 'medium', 'indoor': 'no'}",bicycle_parking,,,,,,,,node/11294418169
0,node,11355293678,,35.2263431,-80.8381499,{'amenity': 'parking_entrance'},parking_entrance,,,,,,,,node/11355293678
0,node,11467545569,,35.2315654,-80.8380601,"{'access': 'yes', 'amenity': 'bicycle_parking', 'bicycle_parking': 'wave', 'capacity': '7', 'covered': 'no', 'foot_traffic': 'medium', 'indoor': 'no'}",bicycle_parking,,,,,,,,node/11467545569
0,node,11529341271,,35.2286352,-80.83499,"{'access': 'yes', 'amenity': 'bicycle_parking', 'bicycle_parking': 'stands', 'capacity': '16', 'covered': 'no', 'foot_traffic': 'low', 'indoor': 'no'}",bicycle_parking,,,,,,,,node/11529341271
0,node,11833480110,Cakeable Cafe,35.2299632,-80.8394478,"{'addr:city': 'Charlotte', 'addr:housenumber': '401', 'addr:postcode': '28202', 'addr:state': 'NC', 'addr:street': 'North Tryon Street', 'addr:unit': '106', 'amenity': 'cafe', 'cuisine': 'coffee_shop', 'name': 'Cakeable Cafe', 'website': 'https://wearecakeable.org'}",cafe,,,,,,,,node/11833480110
0,node,11944001660,,35.2323485,-80.8361498,{'amenity': 'bicycle_parking'},bicycle_parking,,,,,,,,node/11944001660
0,node,12064958869,,35.2327801,-80.8391999,"{'access': 'yes', 'amenity': 'bicycle_parking', 'bicycle_parking': 'rack', 'capacity': '6', 'covered': 'no', 'indoor': 'no'}",bicycle_parking,,,,,,,,node/12064958869
0,node,12200268402,,35.2285842,-80.8365705,"{'amenity': 'vending_machine', 'bin': 'yes', 'fee': 'no', 'vending': 'excrement_bags'}",vending_machine,,,,,,,,node/12200268402
0,node,12253985478,,35.227938,-80.8369021,{'amenity': 'drinking_water'},drinking_water,,,,,,,,node/12253985478
0,node,12363254606,,35.2305981,-80.839285,{'amenity': 'parking_entrance'},parking_entrance,,,,,,,,node/12363254606
0,node,12566300626,,35.2284122,-80.8355194,"{'amenity': 'bench', 'backrest': 'yes', 'historic': 'memorial', 'memorial': 'bench'}",bench,,,,,,,,node/12566300626
0,node,12638766035,Provided Coffee,35.2287009,-80.8345049,"{'amenity': 'cafe', 'cuisine': 'coffee_shop', 'email': 'providedcoffee@gmail.com', 'name': 'Provided Coffee', 'opening_hours': 'Tu-Su 08:00-14:00', 'phone': '+1-980-781-0045', 'website': 'https://www.providedcoffee.com'}",cafe,,,,,,,,node/12638766035
0,node,12663354462,,35.2292809,-80.8353939,"{'amenity': 'bicycle_parking', 'bicycle_parking': 'stands', 'capacity': '8', 'covered': 'yes'}",bicycle_parking,,,,,,,,node/12663354462
0,node,12861806494,,35.2264488,-80.8323868,{'amenity': 'bench'},bench,,,,,,,,node/12861806494
0,node,12861806495,,35.2264189,-80.8324265,{'amenity': 'bench'},bench,,,,,,,,node/12861806495
0,node,12861806496,,35.2265284,-80.8324813,{'amenity': 'waste_basket'},waste_basket,,,,,,,,node/12861806496
0,node,12861806497,,35.2260121,-80.8319002,{'amenity': 'bench'},bench,,,,,,,,node/12861806497
0,node,12861806498,,35.2259822,-80.8319398,{'amenity': 'bench'},bench,,,,,,,,node/12861806498
0,node,12861806499,,35.2259349,-80.831882,{'amenity': 'waste_basket'},waste_basket,,,,,,,,node/12861806499
0,node,13108176286,New Beginning Home Care,35.2272109,-80.8316791,"{'amenity': 'social_facility', 'name': 'New Beginning Home Care'}",social_facility,,,,,,,,node/13108176286
0,node,13108201693,,35.2276919,-80.8322166,{'amenity': 'bench'},bench,,,,,,,,node/13108201693
0,node,13108201694,,35.2276568,-80.8323055,{'amenity': 'bench'},bench,,,,,,,,node/13108201694
0,node,13265364295,,35.227789,-80.8381595,"{'amenity': 'bicycle_parking', 'bicycle_parking': 'rack', 'covered': 'yes'}",bicycle_parking,,,,,,,,node/13265364295
0,way,120628264,Seventh Street Station Car Park,35.2275722,-80.8384746,"{'alt_name': '7th Street Station', 'amenity': 'parking', 'building': 'parking', 'height': '32', 'name': 'Seventh Street Station Car Park', 'parking': 'multi-storey'}",parking,,,,,,,,way/120628264
0,way,322278769,ImaginOn - The Joe & Joan Martin Center,35.2269433,-80.8376692,"{'addr:city': 'Charlotte', 'addr:county': 'Mecklenburg', 'addr:housenumber': '300', 'addr:postcode': '28202', 'addr:state': 'NC', 'addr:street': 'East 7th Street', 'amenity': 'library', 'building': 'yes', 'height': '27', 'internet_access': 'terminal', 'name': 'ImaginOn - The Joe & Joan Martin Center', 'nat_ref': 'C-MECKLENBURG-IM', 'operator': 'CML', 'operator:type': 'public', 'phone': '+1 704-416-4600', 'website': 'https://www.imaginon.org/', 'wikidata': 'Q69857334', 'wikipedia': 'en:ImaginOn'}",library,,,,,,,,way/322278769
0,way,322992977,300 North Brevard Street,35.2260228,-80.8369988,"{'access': 'yes', 'addr:city': 'Charlotte', 'addr:housenumber': '300', 'addr:postcode': '28202', 'addr:state': 'NC', 'addr:street': 'North Brevard Street', 'amenity': 'parking', 'fee': 'yes', 'name': '300 North Brevard Street', 'operator': 'Preferred Parking', 'parking': 'surface', 'surface': 'asphalt'}",parking,,,,,,,,way/322992977
0,way,322992978,418 East 7th Street,35.2261642,-80.8364083,"{'access': 'yes', 'addr:city': 'Charlotte', 'addr:housenumber': '418', 'addr:postcode': '28202', 'addr:state': 'NC', 'addr:street': 'East 7th Street', 'amenity': 'parking', 'fee': 'yes', 'name': '418 East 7th Street', 'operator': 'Preferred Parking', 'parking': 'surface', 'surface': 'asphalt'}",parking,,,,,,,,way/322992978
0,way,322992989,,35.2304687,-80.8348793,{'amenity': 'parking'},parking,,,,,,,,way/322992989
0,way,322992990,,35.2313341,-80.8360577,"{'amenity': 'parking', 'parking': 'surface'}",parking,,,,,,,,way/322992990
0,way,322992997,,35.2292652,-80.8343526,{'amenity': 'parking'},parking,,,,,,,,way/322992997
0,way,322993009,Victoria Yards,35.2284036,-80.8379761,"{'addr:city': 'Charlotte', 'addr:housenumber': '209', 'addr:postcode': '28202', 'addr:state': 'NC', 'addr:street': 'East 7th Street', 'amenity': 'events_venue', 'check_date': '2023-06-12', 'name': 'Victoria Yards', 'operator': 'Charlotte Center City Partners'}",events_venue,,,,,,,,way/322993009
0,way,322993013,401 East 7th Street,35.2268776,-80.8361154,"{'access': 'yes', 'addr:city': 'Charlotte', 'addr:housenumber': '401', 'addr:postcode': '28202', 'addr:state': 'NC', 'addr:street': 'East 7th Street', 'amenity': 'parking', 'fee': 'yes', 'name': '401 East 7th Street', 'operator': 'Preferred Parking', 'parking': 'surface', 'surface': 'asphalt'}",parking,,,,,,,,way/322993013
0,way,322993014,,35.2267744,-80.8335762,"{'amenity': 'parking', 'wheelchair': 'yes'}",parking,,,,,,,,way/322993014
0,way,322993024,Lot #424,35.2288827,-80.8376349,"{'addr:city': 'Charlotte', 'addr:housenumber': '424', 'addr:postcode': '28202', 'addr:state': 'NC', 'addr:street': 'North College Street', 'amenity': 'parking', 'fee': 'yes', 'name': 'Lot #424', 'operator': 'Preferred Parking', 'parking': 'surface', 'surface': 'asphalt'}",parking,,,,,,,,way/322993024
0,way,397367279,First United Methodist Church,35.2307939,-80.8389969,"{'addr:city': 'Charlotte', 'addr:housenumber': '501', 'addr:postcode': '28202', 'addr:state': 'NC', 'addr:street': 'North Tryon Street', 'amenity': 'place_of_worship', 'building': 'yes', 'denomination': 'united_methodist', 'height': '31', 'name': 'First United Methodist Church', 'religion': 'christian', 'website': 'https://charlottefirst.org'}",place_of_worship,,,,,,,,way/397367279
0,way,397369783,St. Peter's Episcopal Church,35.2298349,-80.8404661,"{'amenity': 'place_of_worship', 'building': 'church', 'denomination': 'episcopal', 'height': '15', 'name': ""St. Peter's Episcopal Church"", 'religion': 'christian'}",place_of_worship,,,,,,,,way/397369783
0,way,398591585,First United Presbyterian Church,35.2286037,-80.8383165,"{'addr:city': 'Charlotte', 'addr:housenumber': '406', 'addr:postcode': '28202', 'addr:state': 'NC', 'addr:street': 'North College Street', 'amenity': 'place_of_worship', 'building': 'church', 'ele': '241', 'gnis:feature_id': '1985682', 'height': '18', 'name': 'First United Presbyterian Church', 'religion': 'christian', 'source': 'USGS Geonames'}",place_of_worship,,,,,,,,way/398591585
0,way,453558629,First Ward Creative Arts Academy,35.2290122,-80.8325623,"{'amenity': 'school', 'building': 'school', 'name': 'First Ward Creative Arts Academy', 'operator': 'Charlotte-Mecklenburg Schools', 'operator:short': 'CMS', 'operator:type': 'public', 'operator:wikidata': 'Q2944229'}",school,,,,,,,,way/453558629
0,way,468471045,Lot #219,35.2282195,-80.8373764,"{'addr:city': 'Charlotte', 'addr:housenumber': '219', 'addr:postcode': '28202', 'addr:state': 'NC', 'addr:street': 'East 7th Street', 'amenity': 'parking', 'fee': 'yes', 'name': 'Lot #219', 'operator': 'Preferred Parking', 'parking': 'surface', 'surface': 'asphalt'}",parking,,,,,,,,way/468471045
0,way,502755123,,35.2320728,-80.837788,"{'amenity': 'parking', 'building': 'yes', 'height': '21', 'parking': 'multi-storey'}",parking,,,,,,,,way/502755123
0,way,626310897,,35.2260529,-80.8346414,{'amenity': 'parking'},parking,,,,,,,,way/626310897
0,way,626310898,United House of Prayer for All People,35.2266537,-80.8320746,"{'amenity': 'place_of_worship', 'building': 'yes', 'denomination': 'pentecostal', 'name': 'United House of Prayer for All People', 'religion': 'christian'}",place_of_worship,,,,,,,,way/626310898
0,way,835882584,,35.230163,-80.8332928,"{'amenity': 'parking', 'building': 'parking', 'parking': 'multi-storey'}",parking,,,,,,,,way/835882584
0,way,1004213264,,35.2281629,-80.8366654,"{'access': 'yes', 'amenity': 'toilets', 'building': 'yes', 'opening_hours': 'Mo-Su 09:00-sunset'}",toilets,,,,,,,,way/1004213264
0,way,1004213283,,35.2283216,-80.8353752,"{'amenity': 'parking', 'layer': '-1', 'parking': 'underground'}",parking,,,,,,,,way/1004213283
0,way,1004213293,,35.2280566,-80.8356909,{'amenity': 'fountain'},fountain,,,,,,,,way/1004213293
0,way,1004216935,,35.2287657,-80.8357584,"{'access': 'yes', 'amenity': 'parking', 'fee': 'yes', 'parking': 'surface'}",parking,,,,,,,,way/1004216935
0,way,1047474980,,35.2287428,-80.8329988,"{'amenity': 'school', 'operator': 'Charlotte-Mecklenburg Schools', 'operator:short': 'CMS', 'operator:type': 'public', 'operator:wikidata': 'Q2944229', 'operator:wikipedia': 'en:Charlotte-Mecklenburg Schools'}",school,,,,,,,,way/1047474980
0,way,1047744375,422 East 9th Street,35.227588,-80.8346462,"{'access': 'yes', 'addr:city': 'Charlotte', 'addr:housenumber': '422', 'addr:postcode': '28202', 'addr:state': 'NC', 'addr:street': 'East 9th Street', 'amenity': 'parking', 'fee': 'yes', 'name': '422 East 9th Street', 'operator': 'Preferred Parking', 'parking': 'surface', 'surface': 'gravel'}",parking,,,,,,,,way/1047744375
0,way,1047744389,418 East 6th Street,35.2257396,-80.837736,"{'access': 'permit', 'addr:city': 'Charlotte', 'addr:housenumber': '418', 'addr:postcode': '28202', 'addr:state': 'NC', 'addr:street': 'East 6th Street', 'amenity': 'parking', 'fee': 'yes', 'name': '418 East 6th Street', 'operator': 'Preferred Parking', 'parking': 'surface', 'surface': 'asphalt'}",parking,,,,,,,,way/1047744389
0,way,1098375127,,35.2288876,-80.8386545,"{'amenity': 'parking', 'parking': 'surface', 'surface': 'asphalt'}",parking,,,,,,,,way/1098375127
0,way,1181049745,McNinch House,35.2316845,-80.8396523,"{'amenity': 'restaurant', 'building': 'house', 'name': 'McNinch House', 'phone': '+1 704 332 6159', 'reservation': 'required'}",restaurant,,,,,,,,way/1181049745
0,way,1181513185,,35.2270974,-80.8367814,"{'amenity': 'bicycle_parking', 'bicycle_parking': 'stands', 'capacity': '10', 'fee': 'no'}",bicycle_parking,,,,,,,,way/1181513185
0,way,1184510901,,35.2324753,-80.8390314,"{'amenity': 'parking', 'parking': 'surface'}",parking,,,,,,,,way/1184510901
0,way,1184552428,,35.2305737,-80.8344281,"{'access': 'private', 'amenity': 'parking', 'parking': 'surface'}",parking,,,,,,,,way/1184552428
0,way,1184552429,,35.2292203,-80.8323101,"{'amenity': 'parking', 'parking': 'surface'}",parking,,,,,,,,way/1184552429
0,way,1184552430,,35.2286942,-80.8330937,"{'amenity': 'parking', 'parking': 'surface'}",parking,,,,,,,,way/1184552430
0,way,1184552431,,35.2269526,-80.831412,"{'amenity': 'parking', 'parking': 'surface'}",parking,,,,,,,,way/1184552431
0,way,1184552432,,35.2270402,-80.8318714,"{'amenity': 'parking', 'parking': 'surface'}",parking,,,,,,,,way/1184552432
0,way,1184552433,,35.2265456,-80.8317167,"{'amenity': 'parking', 'parking': 'surface'}",parking,,,,,,,,way/1184552433
0,way,1184552435,,35.2258313,-80.8326904,"{'amenity': 'parking', 'parking': 'surface'}",parking,,,,,,,,way/1184552435
0,way,1193371064,,35.2301749,-80.8372028,"{'addr:city': 'Charlotte', 'addr:housenumber': '521', 'addr:postcode': '28202', 'addr:state': 'NC', 'addr:street': 'North College Street', 'amenity': 'parking', 'fee': 'yes', 'operator': 'Preferred Parking', 'parking': 'surface', 'phone': '+1 704 375 6014', 'website': 'https://www.preferredparking.com'}",parking,,,,,,,,way/1193371064
0,way,1195991110,The Market at 7th Street,35.2274351,-80.8383336,"{'addr:city': 'Charlotte', 'addr:housenumber': '224', 'addr:postcode': '28202', 'addr:state': 'NC', 'addr:street': 'East 7th Street', 'amenity': 'food_court', 'name': 'The Market at 7th Street', 'opening_hours': 'Tu-We 08:00-19:00; Th-Sa 08:00-20:00; Su 09:00-17:00', 'website': 'https://themarketat7thstreet.com/'}",food_court,,,,,,,,way/1195991110
0,way,1238180921,,35.2316774,-80.8340328,{'amenity': 'parking'},parking,,,,,,,,way/1238180921
0,way,1309950405,,35.2294416,-80.838523,"{'amenity': 'parking', 'building': 'yes', 'parking': 'multi-storey'}",parking,,,,,,,,way/1309950405
0,way,1364772388,,35.2287501,-80.8343656,{'amenity': 'parking'},parking,,,,,,,,way/1364772388
0,way,1372244748,,35.2293707,-80.8392239,{'amenity': 'parking'},parking,,,,,,,,way/1372244748
0,way,1372244749,,35.2305161,-80.8374995,{'amenity': 'parking'},parking,,,,,,,,way/1372244749
0,way,1372244751,,35.2328191,-80.8369974,{'amenity': 'parking'},parking,,,,,,,,way/1372244751
0,way,1372244752,,35.2330297,-80.8365707,{'amenity': 'parking'},parking,,,,,,,,way/1372244752
0,way,1407466847,,35.2329016,-80.831818,{'amenity': 'parking'},parking,,,,,,,,way/1407466847
0,way,1407466848,,35.2326313,-80.8325914,{'amenity': 'parking'},parking,,,,,,,,way/1407466848
0,way,1407466849,,35.2310324,-80.8368588,{'amenity': 'parking'},parking,,,,,,,,way/1407466849
0,way,1407466850,,35.233538,-80.8377533,{'amenity': 'parking'},parking,,,,,,,,way/1407466850
0,way,1407466859,,35.2329917,-80.8383287,{'amenity': 'parking'},parking,,,,,,,,way/1407466859
0,way,1424496605,,35.23009,-80.8381924,{'amenity': 'parking'},parking,,,,,,,,way/1424496605
0,way,1424496606,,35.2299205,-80.8374946,{'amenity': 'parking'},parking,,,,,,,,way/1424496606
0,way,1424496607,,35.2296884,-80.83766,{'amenity': 'parking'},parking,,,,,,,,way/1424496607
0,way,1424496608,,35.2296574,-80.837854,{'amenity': 'parking'},parking,,,,,,,,way/1424496608
0,way,1425974421,,35.2272779,-80.8314777,{'amenity': 'parking'},parking,,,,,,,,way/1425974421
0,way,1425974441,,35.2276472,-80.8328435,{'amenity': 'parking'},parking,,,,,,,,way/1425974441
0,way,1425974442,,35.2275233,-80.8325872,{'amenity': 'parking'},parking,,,,,,,,way/1425974442
0,way,1425974443,,35.2273106,-80.8324457,{'amenity': 'parking'},parking,,,,,,,,way/1425974443
0,way,1425974457,,35.2282855,-80.8321423,{'amenity': 'parking'},parking,,,,,,,,way/1425974457
0,way,1425974458,,35.2281593,-80.8323042,{'amenity': 'parking'},parking,,,,,,,,way/1425974458
0,way,1425974459,,35.2277242,-80.8318687,{'amenity': 'parking'},parking,,,,,,,,way/1425974459
0,way,1430055093,,35.2312282,-80.8311993,{'amenity': 'parking'},parking,,,,,,,,way/1430055093
0,relation,16050776,,35.2263831,-80.8385351,"{'amenity': 'parking', 'building': 'yes', 'height': '48', 'parking': 'multi-storey', 'type': 'multipolygon'}",parking,,,,,,,,relation/16050776
0,relation,18904533,,35.2330294,-80.8357404,"{'amenity': 'parking', 'type': 'multipolygon'}",parking,,,,,,,,relation/18904533
0,node,11067241525,,35.232655,-80.8361149,"{'opening_hours': 'Fr-Su 12:00-18:00', 'shop': 'art'}",,art,,,,,,,node/11067241525
0,node,12638766031,Street Commerce,35.2286021,-80.8346557,"{'name': 'Street Commerce', 'opening_hours': 'Tu-Su 12:00-19:00', 'phone': '+1-704-891-8833', 'shop': 'clothes', 'website': 'https://streetcommerce.shop'}",,clothes,,,,,,,node/12638766031
0,node,13093317735,Woodie's Auto Serivces & Repair,35.2307176,-80.8377558,"{'name': ""Woodie's Auto Serivces & Repair"", 'shop': 'car_repair'}",,car_repair,,,,,,,node/13093317735
0,node,13093317736,Woodie's Cafe,35.2306608,-80.8378813,"{'name': ""Woodie's Cafe"", 'shop': 'convenience'}",,convenience,,,,,,,node/13093317736
0,node,13108176268,Davison Convenience Store,35.2269794,-80.8318121,"{'name': 'Davison Convenience Store', 'shop': 'convenience'}",,convenience,,,,,,,node/13108176268
0,node,13108176284,,35.2271426,-80.8317781,"{'hairdresser': 'barber', 'shop': 'hairdresser'}",,hairdresser,,,,,,,node/13108176284
0,node,13108176287,Custom Jewelry Lab3,35.2272456,-80.8316267,"{'name': 'Custom Jewelry Lab3', 'shop': 'jewelry'}",,jewelry,,,,,,,node/13108176287
0,way,324611218,Morningstar,35.2327134,-80.8320533,"{'addr:city': 'Charlotte', 'addr:housenumber': '928', 'addr:postcode': '28206', 'addr:state': 'NC', 'addr:street': 'North College Street', 'building': 'yes', 'height': '17', 'name': 'Morningstar', 'shop': 'storage_rental'}",,storage_rental,,,,,,,way/324611218
0,node,13108201691,,35.2276631,-80.832335,{'leisure': 'picnic_table'},,,picnic_table,,,,,,node/13108201691
0,node,13108201692,,35.2276886,-80.8321867,{'leisure': 'picnic_table'},,,picnic_table,,,,,,node/13108201692
0,node,13260192201,Aerial CLT,35.2330169,-80.8356812,"{'addr:housenumber': '801', 'addr:postcode': '28206', 'addr:street': 'North Tryon Street', 'leisure': 'fitness_centre', 'name': 'Aerial CLT', 'website': 'https://www.aerialclt.com/'}",,,fitness_centre,,,,,,node/13260192201
0,way,626310889,,35.2261843,-80.8344854,{'leisure': 'swimming_pool'},,,swimming_pool,,,,,,way/626310889
0,way,626310895,,35.2259211,-80.834826,{'leisure': 'playground'},,,playground,,,,,,way/626310895
0,way,870437624,,35.2278436,-80.8366386,"{'access': 'yes', 'leisure': 'playground', 'playground:theme': 'spiderweb'}",,,playground,,,,,,way/870437624
0,way,870437625,,35.2280165,-80.8364376,"{'leisure': 'fitness_station', 'sport': 'fitness'}",,,fitness_station,,,,,,way/870437625
0,way,1004213281,,35.2282546,-80.8357149,{'leisure': 'garden'},,,garden,,,,,,way/1004213281
0,way,1004216938,First Ward Park,35.2280879,-80.8361432,"{'addr:city': 'Charlotte', 'addr:housenumber': '301', 'addr:postcode': '28202', 'addr:state': 'NC', 'addr:street': 'East 7th Street', 'leisure': 'park', 'name': 'First Ward Park', 'ownership': 'county', 'website': 'https://www.mecknc.gov/ParkandRec/Parks/ParksByRegion/CentralRegion/Pages/FirstWard.aspx', 'wikidata': 'Q19868162', 'wikipedia': 'en:First Ward Park'}",,,park,,,,,,way/1004216938
0,way,1047474957,,35.2289095,-80.8364762,"{'access': 'private', 'layer': '1', 'leisure': 'swimming_pool', 'lit': 'yes', 'location': 'roof', 'swimming_pool': 'rooftop'}",,,swimming_pool,,,,,,way/1047474957
0,way,1047744376,,35.2287891,-80.8336885,{'leisure': 'playground'},,,playground,,,,,,way/1047744376
0,way,1047744377,,35.2283536,-80.8341863,{'leisure': 'playground'},,,playground,,,,,,way/1047744377
0,way,1181248651,,35.2320622,-80.8377729,"{'leisure': 'pitch', 'sport': 'tennis'}",,,pitch,,,,,,way/1181248651
0,way,1181515407,,35.2292256,-80.8331423,{'leisure': 'playground'},,,playground,,,,,,way/1181515407
0,way,1181520572,,35.2277873,-80.8360483,"{'leisure': 'playground', 'surface': 'artificial_turf'}",,,playground,,,,,,way/1181520572
0,way,1182601701,,35.2335848,-80.8382154,"{'access': 'customers', 'leisure': 'outdoor_seating', 'operator': 'Poplar'}",,,outdoor_seating,,,,,,way/1182601701
0,way,1425974454,,35.2277951,-80.8324008,{'leisure': 'playground'},,,playground,,,,,,way/1425974454
0,node,1443710699,The Light Factory,35.2317433,-80.8355776,"{'check_date:opening_hours': '2023-01-09', 'fixme': 'Estimated new location', 'name': 'The Light Factory', 'opening_hours': 'We-Sa 12:00-16:00', 'tourism': 'gallery', 'website': 'https://lightfactory.org/'}",,,,gallery,,,,,node/1443710699
0,node,10972319445,,35.2274875,-80.837637,"{'artwork_type': 'sculpture', 'tourism': 'artwork'}",,,,artwork,,,,,node/10972319445
0,node,10972350831,Chandler The Chair Monster,35.2284676,-80.8362248,"{'artist_name': 'David Furman', 'artwork_type': 'sculpture', 'material': 'wood', 'name': 'Chandler The Chair Monster', 'tourism': 'artwork'}",,,,artwork,,,,,node/10972350831
0,node,11066130465,,35.2326717,-80.8359049,"{'artwork_type': 'painting', 'tourism': 'artwork'}",,,,artwork,,,,,node/11066130465
0,node,11076374515,,35.2281791,-80.8352905,"{'artwork_type': 'sculpture', 'tourism': 'artwork'}",,,,artwork,,,,,node/11076374515
0,node,11092752315,,35.2322497,-80.8367366,"{'artwork_type': 'sculpture', 'note': 'Flat metal sculpture affixed to building', 'tourism': 'artwork'}",,,,artwork,,,,,node/11092752315
0,node,11833480111,Halcyon Idyll I,35.2306683,-80.8334532,"{'artist_name': 'Sharon Dowell', 'artwork_type': 'mural', 'name': 'Halcyon Idyll I', 'tourism': 'artwork'}",,,,artwork,,,,,node/11833480111
0,node,11833480112,Halcyon Idyll II,35.23109,-80.8329796,"{'artist_name': 'Sharon Dowell', 'artwork_type': 'mural', 'name': 'Halcyon Idyll II', 'tourism': 'artwork'}",,,,artwork,,,,,node/11833480112
0,node,11963860656,,35.232678,-80.8380443,"{'artwork_type': 'sculpture', 'tourism': 'artwork'}",,,,artwork,,,,,node/11963860656
0,way,398591589,Levine Museum of the New South,35.2281955,-80.8387317,"{'addr:city': 'Charlotte', 'addr:housenumber': '200', 'addr:postcode': '28202', 'addr:state': 'NC', 'addr:street': 'East 7th Street', 'building': 'yes', 'check_date': '2023-06-12', 'fee': 'no', 'height': '12', 'name': 'Levine Museum of the New South', 'opening_hours': 'Tu-Fr 11:00-17:00; We 11:00-21:00; Sa 10:00-17:00; Su 12:00-17:00; PH off', 'tourism': 'museum', 'website': 'https://www.museumofthenewsouth.org/', 'wikidata': 'Q6535654'}",,,,museum,,,,,way/398591589
0,way,1047474962,Homewood Suites by Hilton Charlotte Uptown First Ward,35.2293848,-80.8371692,"{'addr:city': 'Charlotte', 'addr:housenumber': '508', 'addr:postcode': '28202', 'addr:state': 'NC', 'addr:street': 'North College Street', 'brand': 'Homewood Suites', 'brand:wikidata': 'Q5890701', 'building': 'yes', 'name': 'Homewood Suites by Hilton Charlotte Uptown First Ward', 'official_name': 'Homewood Suites by Hilton', 'tourism': 'hotel'}",,,,hotel,,,,,way/1047474962
0,way,1191964930,,35.2318293,-80.835291,"{'artwork_type': 'mural', 'tourism': 'artwork'}",,,,artwork,,,,,way/1191964930
0,way,1191964931,,35.2329528,-80.8357577,"{'artwork_type': 'mural', 'tourism': 'artwork'}",,,,artwork,,,,,way/1191964931
0,way,1191964932,,35.2322957,-80.8367467,"{'artwork_type': 'mural', 'tourism': 'artwork'}",,,,artwork,,,,,way/1191964932
0,way,1191964933,,35.2315409,-80.8349748,"{'artwork_type': 'mural', 'tourism': 'artwork'}",,,,artwork,,,,,way/1191964933
0,way,1191964935,,35.2316812,-80.8357543,"{'artwork_type': 'mural', 'tourism': 'artwork'}",,,,artwork,,,,,way/1191964935
0,way,1192498843,Coexist,35.2315371,-80.8327377,"{'artist_name': 'Sharon Dowell', 'artwork_type': 'mural', 'name': 'Coexist', 'tourism': 'artwork'}",,,,artwork,,,,,way/1192498843
0,way,1192647310,,35.2292177,-80.8353718,"{'artwork_type': 'mural', 'tourism': 'artwork'}",,,,artwork,,,,,way/1192647310
0,way,1192647311,,35.2300053,-80.8359511,"{'artwork_type': 'mural', 'tourism': 'artwork'}",,,,artwork,,,,,way/1192647311
0,way,1192647312,,35.2303803,-80.8353286,"{'artwork_type': 'mural', 'tourism': 'artwork'}",,,,artwork,,,,,way/1192647312
0,way,1192647313,Bus Stop,35.2267207,-80.8367246,"{'artist_name': 'Donald Justice', 'artwork_type': 'mural', 'name': 'Bus Stop', 'tourism': 'artwork'}",,,,artwork,,,,,way/1192647313
0,way,1193944321,,35.2282442,-80.8379035,"{'artwork_type': 'mural', 'tourism': 'artwork'}",,,,artwork,,,,,way/1193944321
0,way,1193944322,,35.2281892,-80.8379742,"{'artwork_type': 'mural', 'tourism': 'artwork'}",,,,artwork,,,,,way/1193944322
0,way,1193944323,,35.2283763,-80.8376465,"{'artwork_type': 'mural', 'tourism': 'artwork'}",,,,artwork,,,,,way/1193944323
0,way,1193944324,,35.2283325,-80.8382383,"{'artwork_type': 'mural', 'tourism': 'artwork'}",,,,artwork,,,,,way/1193944324
0,way,1193944325,,35.2281514,-80.8380229,"{'artwork_type': 'mural', 'tourism': 'artwork'}",,,,artwork,,,,,way/1193944325
0,way,1193944326,,35.2282201,-80.837878,"{'artwork_type': 'mural', 'tourism': 'artwork'}",,,,artwork,,,,,way/1193944326
0,way,1193944327,,35.2284645,-80.838124,"{'artwork_type': 'mural', 'tourism': 'artwork'}",,,,artwork,,,,,way/1193944327
0,way,1193944328,,35.2284418,-80.8377781,"{'artwork_type': 'mural', 'tourism': 'artwork'}",,,,artwork,,,,,way/1193944328
0,way,1193944329,,35.2283855,-80.8376154,"{'artwork_type': 'mural', 'tourism': 'artwork'}",,,,artwork,,,,,way/1193944329
0,way,1193944330,,35.2285435,-80.8378878,"{'artwork_type': 'mural', 'tourism': 'artwork'}",,,,artwork,,,,,way/1193944330
0,way,1193944331,,35.2284106,-80.8377234,"{'artwork_type': 'mural', 'tourism': 'artwork'}",,,,artwork,,,,,way/1193944331
0,way,1193944332,,35.228308,-80.8382268,"{'artwork_type': 'mural', 'tourism': 'artwork'}",,,,artwork,,,,,way/1193944332
0,way,1193944333,,35.2283217,-80.8382091,"{'artwork_type': 'mural', 'tourism': 'artwork'}",,,,artwork,,,,,way/1193944333
0,way,1195522522,,35.2265807,-80.8365836,"{'artwork_type': 'mural', 'tourism': 'artwork'}",,,,artwork,,,,,way/1195522522
0,node,10098673810,Morgan & Morgan,35.2311381,-80.8382914,"{'addr:city': 'Charlotte', 'addr:housenumber': '525', 'addr:postcode': '28202', 'addr:state': 'NC', 'addr:street': 'North Tryon Street', 'addr:unit': 'Suite 1729', 'brand': 'Morgan & Morgan', 'brand:wikidata': 'Q111597979', 'building': 'yes', 'height': '44', 'name': 'Morgan & Morgan', 'office': 'lawyer', 'opening_hours': '24/7', 'phone': '+1-980-423-6300', 'website': 'https://www.forthepeople.com/charlotte/', 'wikidata': 'Q4640165'}",,,,,lawyer,,,,node/10098673810
0,node,13108176285,Federal Tax Resource Plus,35.2271741,-80.8317293,"{'name': 'Federal Tax Resource Plus', 'office': 'tax_advisor', 'phone': '+1-704-761-6773'}",,,,,tax_advisor,,,,node/13108176285
0,way,1004213265,WFAE,35.227736,-80.8373174,"{'building': 'yes', 'height': '10', 'name': 'WFAE', 'office': 'yes'}",,,,,yes,,,,way/1004213265
0,node,3324453983,Davidson St & 9th St,35.2262421,-80.8332283,"{'bus': 'yes', 'direction': 'outbound', 'highway': 'bus_stop', 'name': 'Davidson St & 9th St', 'network': 'CATS', 'network:wikidata': 'Q5085831', 'operator': 'Charlotte Area Transit System', 'public_transport': 'platform', 'route_ref': '3,23', 'wheelchair': 'yes'}",,,,,,platform,,,node/3324453983
0,node,5189013534,9th Street,35.2294642,-80.835305,"{'light_rail': 'yes', 'name': '9th Street', 'network': 'LYNX', 'operator': 'CATS', 'public_transport': 'stop_position', 'railway': 'stop'}",,,,,,stop_position,,,node/5189013534
0,node,5189013563,9th Street,35.2296077,-80.8350561,"{'light_rail': 'yes', 'name': '9th Street', 'network': 'LYNX', 'operator': 'CATS', 'public_transport': 'station', 'railway': 'station', 'station': 'light_rail', 'wikidata': 'Q4646683', 'wikipedia': 'en:9th_Street_station_(Charlotte)'}",,,,,,station,,,node/5189013563
0,node,8419403077,9th Street,35.229899,-80.8346719,"{'light_rail': 'yes', 'name': '9th Street', 'network': 'LYNX', 'operator': 'CATS', 'public_transport': 'stop_position', 'railway': 'stop'}",,,,,,stop_position,,,node/8419403077
0,node,8419403079,7th Street,35.2275312,-80.8378459,"{'light_rail': 'yes', 'name': '7th Street', 'network': 'LYNX', 'operator': 'CATS', 'public_transport': 'stop_position', 'railway': 'stop'}",,,,,,stop_position,,,node/8419403079
0,way,534908511,,35.2272804,-80.8381399,"{'area': 'yes', 'bench': 'yes', 'bin': 'yes', 'light_rail': 'yes', 'lit': 'yes', 'network': 'LYNX', 'operator': 'CATS', 'public_transport': 'platform', 'railway': 'platform', 'shelter': 'yes', 'tactile_paving': 'yes'}",,,,,,platform,,,way/534908511
0,way,534908512,,35.2273583,-80.8382206,"{'area': 'yes', 'bench': 'yes', 'bin': 'yes', 'light_rail': 'yes', 'lit': 'yes', 'network': 'LYNX', 'operator': 'CATS', 'public_transport': 'platform', 'railway': 'platform', 'shelter': 'yes', 'tactile_paving': 'yes'}",,,,,,platform,,,way/534908512
0,way,535304221,,35.2296972,-80.8350593,"{'area': 'yes', 'bench': 'yes', 'bin': 'yes', 'light_rail': 'yes', 'lit': 'yes', 'network': 'LYNX', 'operator': 'CATS', 'public_transport': 'platform', 'railway': 'platform', 'shelter': 'yes', 'tactile_paving': 'yes'}",,,,,,platform,,,way/535304221
0,way,535304222,,35.2296205,-80.8349721,"{'area': 'yes', 'bench': 'yes', 'bin': 'yes', 'light_rail': 'yes', 'lit': 'yes', 'network': 'LYNX', 'operator': 'CATS', 'public_transport': 'platform', 'railway': 'platform', 'shelter': 'yes', 'tactile_paving': 'yes'}",,,,,,platform,,,way/535304222
0,way,1186590085,7th Street,35.2273188,-80.8381797,"{'light_rail': 'yes', 'name': '7th Street', 'network': 'LYNX', 'operator': 'CATS', 'public_transport': 'station', 'railway': 'station', 'station': 'light_rail', 'wheelchair': 'yes', 'wikidata': 'Q4644188', 'wikipedia': 'en:7th_Street_station_(Charlotte)'}",,,,,,station,,,way/1186590085
0,relation,10014282,7th Street,35.2273188,-80.8381797,"{'name': '7th Street', 'network': 'LYNX', 'public_transport': 'stop_area', 'railway': 'facility', 'type': 'public_transport'}",,,,,,stop_area,,,relation/10014282
0,relation,12309361,9th Street,35.2296591,-80.8350163,"{'name': '9th Street', 'network': 'LYNX', 'public_transport': 'stop_area', 'railway': 'facility', 'type': 'public_transport'}",,,,,,stop_area,,,relation/12309361
0,node,11220971932,Apex ABA Therapy,35.2312811,-80.8383587,"{'addr:city': 'Charlotte', 'addr:postcode': '28202', 'addr:state': 'NC', 'description': 'We provide Applied behavior analysis (ABA) therapy services to bring about meaningful and positive change to those diagnosed with Autism Spectrum Disorder (ASD).', 'healthcare': 'psychotherapist', 'healthcare:speciality': 'mental_health_service', 'name': 'Apex ABA Therapy', 'opening_hours': 'Mo-Fr 09:00-17:00', 'phone': '+1-704-909-7779; +1-888-690-0663', 'website': 'https://www.apexaba.com/locations/north-carolina'}",,,,,,,psychotherapist,,node/11220971932
0,node,12638766030,CoviLab,35.2288068,-80.8343512,"{'healthcare': 'laboratory', 'name': 'CoviLab'}",,,,,,,laboratory,,node/12638766030
0,node,11067241532,,35.2328137,-80.8362881,"{'access': 'private', 'craft': 'artist'}",,,,,,,,artist,node/11067241532
1,node,357772806,First Ward Elementary School,35.2281982,-80.8334044,"{'amenity': 'school', 'ele': '228', 'gnis:feature_id': '985094', 'name': 'First Ward Elementary School', 'wheelchair': 'yes'}",school,,,,,,,,node/357772806
1,node,957284836,6th Street,35.2266274,-80.8334557,"{'amenity': 'parking', 'name': '6th Street', 'wheelchair': 'yes'}",parking,,,,,,,,node/957284836
1,node,1848893531,Epicenter Parking,35.22567,-80.8415601,"{'amenity': 'parking', 'layer': '-1', 'name': 'Epicenter Parking', 'parking': 'underground'}",parking,,,,,,,,node/1848893531
1,node,1848893550,Fleming's,35.225542,-80.8427582,"{'addr:city': 'Charlotte', 'addr:housenumber': '210', 'addr:postcode': '28202', 'addr:state': 'NC', 'addr:street': 'East Trade Street', 'addr:unit': 'Suite C-110', 'amenity': 'restaurant', 'brand': ""Fleming's"", 'brand:wikidata': 'Q5458552', 'cuisine': 'steak_house', 'name': ""Fleming's"", 'official_name': ""Fleming's Prime Steakhouse & Wine Bar""}",restaurant,,,,,,,,node/1848893550
1,node,1848893622,Sea Grill Restaurant and Bar,35.225726,-80.8422936,"{'amenity': 'restaurant', 'name': 'Sea Grill Restaurant and Bar'}",restaurant,,,,,,,,node/1848893622
1,node,1848893663,Caffe Siena,35.2274313,-80.8400624,"{'addr:city': 'Charlotte', 'addr:country': 'US', 'addr:housenumber': '230', 'addr:postcode': '28202', 'addr:state': 'NC', 'addr:street': 'North College Street', 'amenity': 'restaurant', 'cuisine': 'italian', 'name': 'Caffe Siena'}",restaurant,,,,,,,,node/1848893663
1,node,1848893667,Fitzgerald's Irish Pub,35.2269129,-80.8404682,"{'addr:city': 'Charlotte', 'addr:country': 'US', 'addr:housenumber': '201', 'addr:postcode': '28202', 'addr:state': 'NC', 'addr:street': 'East 5th Street', 'amenity': 'pub', 'cuisine': 'fish_and_chips', 'name': ""Fitzgerald's Irish Pub""}",pub,,,,,,,,node/1848893667
1,node,1849262670,Discovery Place IMAX,35.2297339,-80.8414419,"{'addr:country': 'US', 'addr:housenumber': '301', 'addr:state': 'NC', 'addr:street': 'North Tryon Street', 'amenity': 'cinema', 'name': 'Discovery Place IMAX'}",cinema,,,,,,,,node/1849262670
1,node,4001585783,Aroma,35.2298783,-80.8395114,"{'addr:city': 'Charlotte', 'addr:housenumber': '401', 'addr:postcode': '28202', 'addr:state': 'NC', 'addr:street': 'North Tryon Street', 'addr:unit': 'Suite 106', 'amenity': 'restaurant', 'cuisine': 'indian', 'name': 'Aroma', 'not:brand:wikidata': 'Q2909872'}",restaurant,,,,,,,,node/4001585783
1,node,4001610982,,35.2297382,-80.8396061,"{'amenity': 'bicycle_parking', 'bicycle_parking': 'stands', 'capacity': '2'}",bicycle_parking,,,,,,,,node/4001610982
1,node,4001610992,,35.2295043,-80.8400177,{'amenity': 'waste_basket'},waste_basket,,,,,,,,node/4001610992
1,node,5948979211,Nuvolé Rooftop Twenty Two,35.2257161,-80.8409032,"{'addr:city': 'Charlotte', 'addr:housenumber': '220', 'addr:postcode': '28202', 'addr:state': 'NC', 'addr:street': 'East Trade Street', 'addr:unit': '2200', 'amenity': 'bar', 'name': 'Nuvolé Rooftop Twenty Two', 'smoking': 'no'}",bar,,,,,,,,node/5948979211
1,node,6332298775,RedEye Diner,35.2252054,-80.8421438,"{'amenity': 'restaurant', 'name': 'RedEye Diner'}",restaurant,,,,,,,,node/6332298775
1,node,6493733562,Not Just Coffee,35.2275039,-80.838117,"{'addr:city': 'Charlotte', 'addr:country': 'US', 'addr:housenumber': '224', 'addr:postcode': '28202', 'addr:state': 'NC', 'addr:street': 'East 7th Street', 'amenity': 'cafe', 'name': 'Not Just Coffee', 'opening_hours': 'Mo-Th 08:00-17:00; Fr,Sa 08:00-18:00; Su 09:00-17:00'}",cafe,,,,,,,,node/6493733562
1,node,6532532810,7th Restaurant & Lounge,35.2261341,-80.8360898,"{'addr:city': 'Charlotte', 'addr:housenumber': '321', 'addr:state': 'NC', 'addr:street': 'North Caldwell Street', 'amenity': 'restaurant', 'name': '7th Restaurant & Lounge'}",restaurant,,,,,,,,node/6532532810
1,node,9099545837,Caribou Coffee,35.226953,-80.8420991,"{'amenity': 'cafe', 'brand': 'Caribou Coffee', 'brand:wikidata': 'Q5039494', 'cuisine': 'coffee_shop', 'level': '1', 'name': 'Caribou Coffee', 'takeaway': 'yes'}",cafe,,,,,,,,node/9099545837
1,node,9099545838,Bank of America,35.226847,-80.8422897,"{'amenity': 'bank', 'atm': 'yes', 'brand': 'Bank of America', 'brand:wikidata': 'Q487907', 'drive_through': 'no', 'level': '0', 'name': 'Bank of America'}",bank,,,,,,,,node/9099545838
1,node,9099545841,Aria Tuscan Grill,35.2266313,-80.8421473,"{'amenity': 'restaurant', 'cuisine': 'italian', 'level': '0', 'name': 'Aria Tuscan Grill', 'website': 'https://www.ariacharlotte.com/'}",restaurant,,,,,,,,node/9099545841
1,node,9099545870,Mert's Heart And Soul,35.2272922,-80.8402846,"{'addr:city': 'Charlotte', 'addr:housenumber': '214', 'addr:postcode': '28202', 'addr:state': 'NC', 'addr:street': 'North College Street', 'amenity': 'restaurant', 'cuisine': 'southern', 'name': ""Mert's Heart And Soul""}",restaurant,,,,,,,,node/9099545870
1,node,9099545873,Rooster's Wood-fired Kitchen,35.2267108,-80.8409945,"{'addr:city': 'Charlotte', 'addr:housenumber': '150', 'addr:postcode': '28202', 'addr:state': 'NC', 'addr:street': 'North College Street', 'amenity': 'restaurant', 'cuisine': 'american', 'name': ""Rooster's Wood-fired Kitchen""}",restaurant,,,,,,,,node/9099545873
1,node,9103883863,,35.2243234,-80.8387765,"{'access': 'private', 'amenity': 'parking_entrance', 'level': '0', 'parking': 'underground'}",parking_entrance,,,,,,,,node/9103883863
1,node,9103883909,,35.2241742,-80.8392823,"{'access': 'customers', 'amenity': 'parking_entrance', 'level': '0', 'maxheight': '7\'0""', 'parking': 'underground'}",parking_entrance,,,,,,,,node/9103883909
1,node,9108307137,Qdoba,35.2280328,-80.8421691,"{'addr:city': 'Charlotte', 'addr:housenumber': '127', 'addr:postcode': '28202', 'addr:state': 'NC', 'addr:street': 'North Tryon Street', 'addr:unit': '2', 'amenity': 'fast_food', 'branch': 'North Tryon', 'brand': 'Qdoba', 'brand:wikidata': 'Q1363885', 'cuisine': 'mexican', 'drive_through': 'no', 'name': 'Qdoba', 'official_name': 'Qdoba Mexican Eats', 'opening_hours': '10:30-22:00', 'phone': '+1 704-295-4111', 'takeaway': 'yes', 'website': 'https://locations.qdoba.com/us/nc/charlotte/127-n-tryon-st.html'}",fast_food,,,,,,,,node/9108307137
1,node,9267613529,,35.2273931,-80.8363229,"{'amenity': 'bench', 'armrest': 'yes', 'backrest': 'yes', 'direction': '323', 'material': 'wood'}",bench,,,,,,,,node/9267613529
1,node,9267613530,,35.2275849,-80.8360686,"{'amenity': 'bench', 'armrest': 'yes', 'backrest': 'yes', 'material': 'wood'}",bench,,,,,,,,node/9267613530
1,node,9267613531,,35.2278173,-80.8359738,"{'amenity': 'bench', 'armrest': 'yes', 'backrest': 'yes', 'material': 'wood'}",bench,,,,,,,,node/9267613531
1,node,9267613532,,35.2279177,-80.8362047,"{'amenity': 'bench', 'armrest': 'yes', 'backrest': 'yes', 'material': 'wood'}",bench,,,,,,,,node/9267613532
1,node,9267613533,,35.2280345,-80.836226,"{'amenity': 'bench', 'armrest': 'yes', 'backrest': 'yes', 'material': 'wood'}",bench,,,,,,,,node/9267613533
1,node,9267613534,,35.2279248,-80.836606,"{'amenity': 'bench', 'backrest': 'yes'}",bench,,,,,,,,node/9267613534
1,node,9267613535,,35.2280331,-80.8367858,"{'amenity': 'bench', 'backrest': 'yes'}",bench,,,,,,,,node/9267613535
1,node,9267613536,,35.2280764,-80.8364285,"{'amenity': 'bench', 'backrest': 'yes'}",bench,,,,,,,,node/9267613536
1,node,9267613537,,35.2282826,-80.8362438,"{'amenity': 'bench', 'armrest': 'yes', 'backrest': 'yes', 'material': 'wood'}",bench,,,,,,,,node/9267613537
1,node,9267613538,,35.228302,-80.8359843,"{'amenity': 'bench', 'armrest': 'yes', 'backrest': 'yes', 'material': 'wood'}",bench,,,,,,,,node/9267613538
1,node,9267613539,,35.2281747,-80.8360596,"{'amenity': 'bench', 'armrest': 'yes', 'backrest': 'yes', 'material': 'wood'}",bench,,,,,,,,node/9267613539
1,node,9267613540,,35.2284055,-80.8363923,"{'amenity': 'bench', 'backrest': 'yes'}",bench,,,,,,,,node/9267613540
1,node,9267613541,,35.2280715,-80.8359485,"{'amenity': 'bench', 'armrest': 'yes', 'backrest': 'yes', 'material': 'wood'}",bench,,,,,,,,node/9267613541
1,node,9267613542,,35.2278255,-80.8357588,"{'amenity': 'bench', 'armrest': 'yes', 'backrest': 'yes', 'material': 'wood'}",bench,,,,,,,,node/9267613542
1,node,10254120669,Ri Ra,35.22807,-80.8415397,"{'amenity': 'pub', 'internet_access': 'wlan', 'internet_access:fee': 'no', 'name': 'Ri Ra', 'smoking': 'no', 'website': 'https://rira.com/charlotte/'}",pub,,,,,,,,node/10254120669
1,node,10968050746,Prohibition,35.227991,-80.8416796,"{'amenity': 'bar', 'name': 'Prohibition'}",bar,,,,,,,,node/10968050746
1,node,10968443159,The Daily,35.2294618,-80.8420607,"{'addr:city': 'Charlotte', 'addr:housenumber': '214', 'addr:postcode': '28202', 'addr:state': 'NC', 'addr:street': 'North Church Street', 'amenity': 'pub', 'name': 'The Daily', 'outdoor_seating': 'yes'}",pub,,,,,,,,node/10968443159
1,node,10968502525,,35.2297006,-80.8416764,"{'amenity': 'bicycle_parking', 'bicycle_parking': 'stands', 'capacity': '4'}",bicycle_parking,,,,,,,,node/10968502525
1,node,10971338341,Truist,35.228128,-80.8414529,"{'amenity': 'bank', 'brand': 'Truist', 'brand:wikidata': 'Q795486', 'name': 'Truist'}",bank,,,,,,,,node/10971338341
1,node,10971338342,Cicchetti,35.2265155,-80.8419818,"{'amenity': 'restaurant', 'cuisine': 'italian', 'name': 'Cicchetti'}",restaurant,,,,,,,,node/10971338342
1,node,10971338343,The Asbury,35.2287475,-80.8411196,"{'amenity': 'restaurant', 'name': 'The Asbury'}",restaurant,,,,,,,,node/10971338343
1,node,10971338344,Skyview Dentistry,35.2251624,-80.8418445,"{'amenity': 'dentist', 'healthcare': 'dentist', 'level': '3', 'name': 'Skyview Dentistry', 'phone': '+1 704 632 7700'}",dentist,,,,,,dentist,,node/10971338344
1,node,10971338345,The Local,35.2277854,-80.8415385,"{'amenity': 'bar', 'name': 'The Local'}",bar,,,,,,,,node/10971338345
1,node,10971338346,204 North,35.2280288,-80.8416252,"{'amenity': 'restaurant', 'name': '204 North'}",restaurant,,,,,,,,node/10971338346
1,node,10971338347,Retro Bar,35.2279567,-80.8417233,"{'addr:city': 'Charlotte', 'addr:housenumber': '200', 'addr:postcode': '28202', 'addr:state': 'NC', 'addr:street': 'North Tryon Street', 'amenity': 'bar', 'name': 'Retro Bar', 'website': 'https://retrobarclt.com'}",bar,,,,,,,,node/10971338347
1,node,10971338349,Fifth Third Bank,35.2286219,-80.8412861,"{'amenity': 'bank', 'brand': 'Fifth Third Bank', 'brand:wikidata': 'Q1411810', 'name': 'Fifth Third Bank', 'short_name': '5/3 Bank'}",bank,,,,,,,,node/10971338349
1,node,10971338350,,35.2286257,-80.8412629,"{'amenity': 'atm', 'brand': 'Fifth Third Bank', 'brand:wikidata': 'Q1411810', 'operator': 'Fifth Third Bank', 'operator:wikidata': 'Q1411810', 'short_name': '5/3 Bank'}",atm,,,,,,,,node/10971338350
1,node,10972319438,,35.2274034,-80.8363056,"{'amenity': 'bench', 'armrest': 'yes', 'backrest': 'yes', 'direction': '323', 'material': 'wood'}",bench,,,,,,,,node/10972319438
1,node,10972319440,WFAE,35.2277364,-80.8373132,"{'amenity': 'studio', 'name': 'WFAE', 'studio': 'radio'}",studio,,,,,,,,node/10972319440
1,node,10972319448,Duckworth’s,35.2293175,-80.8397309,"{'amenity': 'restaurant', 'name': 'Duckworth’s'}",restaurant,,,,,,,,node/10972319448
1,node,10972350809,,35.2272489,-80.8365849,"{'amenity': 'bench', 'armrest': 'yes', 'backrest': 'yes', 'material': 'wood'}",bench,,,,,,,,node/10972350809
1,node,10972350810,,35.2276345,-80.8361351,"{'amenity': 'bench', 'backrest': 'yes', 'material': 'wood'}",bench,,,,,,,,node/10972350810
1,node,10972350811,,35.2272764,-80.8366969,"{'amenity': 'bench', 'armrest': 'yes', 'backrest': 'yes', 'material': 'wood'}",bench,,,,,,,,node/10972350811
1,node,10972350812,,35.227259,-80.8365574,"{'amenity': 'bench', 'armrest': 'yes', 'backrest': 'yes', 'material': 'wood'}",bench,,,,,,,,node/10972350812
1,node,10972350813,,35.2272418,-80.8365826,"{'amenity': 'bench', 'armrest': 'yes', 'backrest': 'yes', 'material': 'wood'}",bench,,,,,,,,node/10972350813
1,node,10972350815,,35.2274695,-80.8363998,"{'amenity': 'bench', 'armrest': 'yes', 'backrest': 'yes', 'material': 'wood'}",bench,,,,,,,,node/10972350815
1,node,10972350817,,35.227835,-80.8360033,"{'amenity': 'bench', 'armrest': 'yes', 'backrest': 'yes', 'material': 'wood'}",bench,,,,,,,,node/10972350817
1,node,10972350819,,35.2279273,-80.8362392,"{'amenity': 'bench', 'armrest': 'yes', 'backrest': 'yes', 'material': 'wood'}",bench,,,,,,,,node/10972350819
1,node,10972350820,,35.2273007,-80.8367037,"{'amenity': 'bench', 'armrest': 'yes', 'backrest': 'yes', 'material': 'wood'}",bench,,,,,,,,node/10972350820
1,node,10972350821,,35.2272532,-80.8365532,"{'amenity': 'bench', 'armrest': 'yes', 'backrest': 'yes', 'material': 'wood'}",bench,,,,,,,,node/10972350821
1,node,10972350823,,35.2272803,-80.8366929,"{'amenity': 'bench', 'armrest': 'yes', 'backrest': 'yes', 'material': 'wood'}",bench,,,,,,,,node/10972350823
1,node,10972350824,,35.2272462,-80.8366119,"{'amenity': 'bench', 'armrest': 'yes', 'backrest': 'yes', 'material': 'wood'}",bench,,,,,,,,node/10972350824
1,node,10972350825,,35.2272985,-80.8367095,"{'amenity': 'bench', 'armrest': 'yes', 'backrest': 'yes', 'material': 'wood'}",bench,,,,,,,,node/10972350825
1,node,10972350826,,35.2276156,-80.8360867,"{'amenity': 'bench', 'armrest': 'yes', 'backrest': 'yes', 'material': 'wood'}",bench,,,,,,,,node/10972350826
1,node,10972350827,,35.2276015,-80.8360497,"{'amenity': 'bench', 'armrest': 'yes', 'backrest': 'yes', 'material': 'wood'}",bench,,,,,,,,node/10972350827
1,node,10972350828,,35.2272638,-80.8366732,"{'amenity': 'bench', 'armrest': 'yes', 'backrest': 'yes', 'material': 'wood'}",bench,,,,,,,,node/10972350828
1,node,10972350830,,35.2272395,-80.8366142,"{'amenity': 'bench', 'armrest': 'yes', 'backrest': 'yes', 'material': 'wood'}",bench,,,,,,,,node/10972350830
1,node,10972350832,,35.2272577,-80.8366774,"{'amenity': 'bench', 'armrest': 'yes', 'backrest': 'yes', 'material': 'wood'}",bench,,,,,,,,node/10972350832
1,node,10972350833,,35.2274516,-80.836422,"{'amenity': 'bench', 'armrest': 'yes', 'backrest': 'yes', 'material': 'wood'}",bench,,,,,,,,node/10972350833
1,node,10975541726,,35.2299772,-80.8401782,"{'access': 'yes', 'amenity': 'parking', 'fee': 'yes', 'parking': 'multi-storey'}",parking,,,,,,,,node/10975541726
1,node,10983333114,,35.2243122,-80.8338708,{'amenity': 'parking_entrance'},parking_entrance,,,,,,,,node/10983333114
1,node,11015149230,,35.2228726,-80.8397426,{'amenity': 'parking_entrance'},parking_entrance,,,,,,,,node/11015149230
1,node,11015149231,,35.2229944,-80.8398902,{'amenity': 'parking_entrance'},parking_entrance,,,,,,,,node/11015149231
1,node,11015149232,,35.2234793,-80.8392818,{'amenity': 'parking_entrance'},parking_entrance,,,,,,,,node/11015149232
1,node,11018779239,,35.2257765,-80.8416776,{'amenity': 'parking_entrance'},parking_entrance,,,,,,,,node/11018779239
1,node,11020919395,,35.2256169,-80.8409801,{'amenity': 'parking_entrance'},parking_entrance,,,,,,,,node/11020919395
1,node,11020919397,,35.2262223,-80.8400841,{'amenity': 'parking_entrance'},parking_entrance,,,,,,,,node/11020919397
1,node,11023996506,,35.2301985,-80.8403059,{'amenity': 'parking_entrance'},parking_entrance,,,,,,,,node/11023996506
1,node,11028889358,,35.2300911,-80.8421636,{'amenity': 'parking_entrance'},parking_entrance,,,,,,,,node/11028889358
1,node,11067479859,,35.225496,-80.840497,"{'access': 'yes', 'amenity': 'bicycle_parking', 'bicycle_parking': 'stands', 'capacity': '6', 'covered': 'no', 'foot_traffic': 'high', 'indoor': 'no'}",bicycle_parking,,,,,,,,node/11067479859
1,node,11067479860,,35.2254848,-80.8405103,"{'access': 'yes', 'amenity': 'drinking_water', 'fee': 'no'}",drinking_water,,,,,,,,node/11067479860
1,node,11076374513,,35.2283177,-80.8360286,{'amenity': 'waste_basket'},waste_basket,,,,,,,,node/11076374513
1,node,11076374514,,35.2281231,-80.8360017,{'amenity': 'waste_basket'},waste_basket,,,,,,,,node/11076374514
1,node,11076374516,,35.2279408,-80.8356657,"{'access': 'yes', 'amenity': 'drinking_water', 'bottle': 'yes', 'fee': 'no', 'seasonal': 'spring;summer;autumn'}",drinking_water,,,,,,,,node/11076374516
1,node,11076374517,,35.2281199,-80.8359978,"{'amenity': 'recycling', 'recycling_type': 'container'}",recycling,,,,,,,,node/11076374517
1,node,11076374518,,35.2278072,-80.8357459,"{'amenity': 'bench', 'armrest': 'yes', 'backrest': 'yes', 'material': 'wood'}",bench,,,,,,,,node/11076374518
1,node,11076374519,,35.2283204,-80.836037,"{'amenity': 'recycling', 'recycling_type': 'container'}",recycling,,,,,,,,node/11076374519
1,node,11076374520,,35.2282925,-80.8362683,"{'amenity': 'bench', 'armrest': 'yes', 'backrest': 'yes', 'material': 'wood'}",bench,,,,,,,,node/11076374520
1,node,11076374521,,35.2278288,-80.8356803,{'amenity': 'waste_basket'},waste_basket,,,,,,,,node/11076374521
1,node,11076374522,,35.2280186,-80.8358438,"{'amenity': 'vending_machine', 'bin': 'no', 'fee': 'no', 'vending': 'excrement_bags'}",vending_machine,,,,,,,,node/11076374522
1,node,11076374524,,35.2278221,-80.8356761,"{'amenity': 'recycling', 'recycling_type': 'container'}",recycling,,,,,,,,node/11076374524
1,node,11077054069,,35.2290588,-80.8360962,"{'access': 'yes', 'amenity': 'bicycle_parking', 'bicycle_parking': 'stands', 'capacity': '8', 'covered': 'no'}",bicycle_parking,,,,,,,,node/11077054069
1,node,11077054070,,35.2285713,-80.8365969,"{'access': 'yes', 'amenity': 'bicycle_parking', 'bicycle_parking': 'stands', 'capacity': '6', 'covered': 'no', 'foot_traffic': 'medium', 'indoor': 'no'}",bicycle_parking,,,,,,,,node/11077054070
1,node,11077054071,,35.2287664,-80.8364275,"{'amenity': 'bench', 'armrest': 'yes', 'backrest': 'yes', 'material': 'wood'}",bench,,,,,,,,node/11077054071
1,node,11077054075,,35.229204,-80.8358635,"{'amenity': 'bench', 'armrest': 'yes', 'backrest': 'yes', 'material': 'wood'}",bench,,,,,,,,node/11077054075
1,node,11077054076,,35.2287405,-80.8364616,"{'amenity': 'bench', 'armrest': 'yes', 'backrest': 'yes', 'material': 'wood'}",bench,,,,,,,,node/11077054076
1,node,11077054077,,35.2291113,-80.8359816,"{'amenity': 'bench', 'armrest': 'yes', 'backrest': 'yes', 'material': 'wood'}",bench,,,,,,,,node/11077054077
1,node,11077054078,,35.2291756,-80.8359007,"{'amenity': 'bench', 'armrest': 'yes', 'backrest': 'yes', 'material': 'wood'}",bench,,,,,,,,node/11077054078
1,node,11077054079,,35.2287131,-80.8364976,"{'amenity': 'bench', 'armrest': 'yes', 'backrest': 'yes', 'material': 'wood'}",bench,,,,,,,,node/11077054079
1,node,11077054081,,35.2286819,-80.836538,"{'amenity': 'bench', 'armrest': 'yes', 'backrest': 'yes', 'material': 'wood'}",bench,,,,,,,,node/11077054081
1,node,11077054082,,35.2291478,-80.835937,"{'amenity': 'bench', 'armrest': 'yes', 'backrest': 'yes', 'material': 'wood'}",bench,,,,,,,,node/11077054082
1,node,11077200109,,35.2299558,-80.8369401,"{'amenity': 'vending_machine', 'vending': 'parking_tickets'}",vending_machine,,,,,,,,node/11077200109
1,node,11083011683,,35.2282388,-80.8378452,"{'amenity': 'vending_machine', 'vending': 'parking_tickets'}",vending_machine,,,,,,,,node/11083011683
1,node,11083113695,Jimmy John's,35.2278406,-80.8395218,"{'addr:city': 'Charlotte', 'addr:housenumber': '300', 'addr:postcode': '28202', 'addr:state': 'NC', 'addr:street': 'North College Street', 'addr:unit': '100', 'amenity': 'fast_food', 'brand': ""Jimmy John's"", 'brand:wikidata': 'Q1689380', 'cuisine': 'sandwich', 'name': ""Jimmy John's"", 'official_name': ""Jimmy John's Gourmet Sandwiches"", 'phone': '+1 980-819-5351', 'takeaway': 'yes', 'website': 'https://locations.jimmyjohns.com/nc/charlotte/sandwiches-4131.html'}",fast_food,,,,,,,,node/11083113695
1,node,11083113696,Sabor,35.2277542,-80.8394499,"{'amenity': 'fast_food', 'cuisine': 'mexican', 'name': 'Sabor'}",fast_food,,,,,,,,node/11083113696
1,node,11093618444,,35.2256637,-80.8406002,"{'access': 'yes', 'amenity': 'bicycle_parking', 'bicycle_parking': 'stands', 'capacity': '4', 'covered': 'partial', 'foot_traffic': 'high', 'indoor': 'no'}",bicycle_parking,,,,,,,,node/11093618444
1,node,11096399451,,35.2269081,-80.8364925,"{'amenity': 'vending_machine', 'vending': 'parking_tickets'}",vending_machine,,,,,,,,node/11096399451
1,node,11098808614,Momo Station,35.2276099,-80.8379741,"{'amenity': 'fast_food', 'cuisine': 'indian', 'name': 'Momo Station'}",fast_food,,,,,,,,node/11098808614
1,node,11098808615,,35.2276524,-80.8379211,"{'amenity': 'fast_food', 'cuisine': 'juice'}",fast_food,,,,,,,,node/11098808615
1,node,11098808617,,35.2276933,-80.8379652,"{'amenity': 'fast_food', 'cuisine': 'popcorn'}",fast_food,,,,,,,,node/11098808617
1,node,11098808618,Sweet Crunch,35.2275695,-80.8380294,"{'amenity': 'fast_food', 'cuisine': 'waffle', 'name': 'Sweet Crunch'}",fast_food,,,,,,,,node/11098808618
1,node,11098808620,Geno D’s Pizza,35.2275156,-80.8383175,"{'amenity': 'fast_food', 'cuisine': 'pizza', 'name': 'Geno D’s Pizza'}",fast_food,,,,,,,,node/11098808620
1,node,11098808623,,35.2272939,-80.838623,{'amenity': 'toilets'},toilets,,,,,,,,node/11098808623
1,node,11098808624,Mad Dash,35.227591,-80.838208,"{'amenity': 'fast_food', 'name': 'Mad Dash'}",fast_food,,,,,,,,node/11098808624
1,node,11098808625,Mano Bella,35.2274294,-80.8384343,"{'amenity': 'fast_food', 'cuisine': 'italian', 'name': 'Mano Bella'}",fast_food,,,,,,,,node/11098808625
1,node,11151906105,,35.2291686,-80.8353791,"{'amenity': 'bicycle_parking', 'bicycle_parking': 'stands', 'capacity': '8', 'covered': 'no'}",bicycle_parking,,,,,,,,node/11151906105
1,node,11151907805,,35.229127,-80.8353272,"{'amenity': 'bicycle_parking', 'bicycle_parking': 'stands', 'capacity': '6', 'covered': 'no'}",bicycle_parking,,,,,,,,node/11151907805
1,node,11151907806,,35.2290963,-80.8352936,"{'amenity': 'bicycle_parking', 'bicycle_parking': 'stands', 'capacity': '6', 'covered': 'no'}",bicycle_parking,,,,,,,,node/11151907806
1,node,11152109084,,35.2279403,-80.8421712,"{'amenity': 'bicycle_parking', 'bicycle_parking': 'stands', 'capacity': '2', 'covered': 'partial'}",bicycle_parking,,,,,,,,node/11152109084
1,node,11152216987,,35.2281525,-80.8415759,"{'amenity': 'bicycle_parking', 'bicycle_parking': 'stands', 'capacity': '2', 'covered': 'partial'}",bicycle_parking,,,,,,,,node/11152216987
1,node,11152216988,,35.2282154,-80.8414905,"{'amenity': 'bicycle_parking', 'bicycle_parking': 'stands', 'capacity': '2'}",bicycle_parking,,,,,,,,node/11152216988
1,node,11152216989,,35.2283337,-80.8416042,"{'amenity': 'bicycle_parking', 'bicycle_parking': 'stands', 'capacity': '2'}",bicycle_parking,,,,,,,,node/11152216989
1,node,11152216990,,35.2283242,-80.8413256,"{'amenity': 'bicycle_parking', 'bicycle_parking': 'stands', 'capacity': '2'}",bicycle_parking,,,,,,,,node/11152216990
1,node,11152216991,,35.2285142,-80.8413478,"{'amenity': 'bicycle_parking', 'bicycle_parking': 'stands', 'capacity': '2'}",bicycle_parking,,,,,,,,node/11152216991
1,node,11152216992,,35.2288952,-80.8405278,"{'amenity': 'bicycle_parking', 'bicycle_parking': 'stands', 'capacity': '2'}",bicycle_parking,,,,,,,,node/11152216992
1,node,11152216993,,35.2289196,-80.8404956,"{'amenity': 'bicycle_parking', 'bicycle_parking': 'stands', 'capacity': '2'}",bicycle_parking,,,,,,,,node/11152216993
1,node,11152216994,,35.2289634,-80.8407064,"{'amenity': 'bicycle_parking', 'bicycle_parking': 'stands', 'capacity': '4', 'covered': 'yes'}",bicycle_parking,,,,,,,,node/11152216994
1,node,11152216995,,35.2290749,-80.8405468,"{'amenity': 'bicycle_parking', 'bicycle_parking': 'stands', 'capacity': '2'}",bicycle_parking,,,,,,,,node/11152216995
1,node,11152216996,,35.2292383,-80.8403143,"{'amenity': 'bicycle_parking', 'bicycle_parking': 'stands', 'capacity': '2'}",bicycle_parking,,,,,,,,node/11152216996
1,node,11152216997,,35.2293026,-80.8402154,"{'amenity': 'bicycle_parking', 'bicycle_parking': 'stands', 'capacity': '2'}",bicycle_parking,,,,,,,,node/11152216997
1,node,11152216998,,35.2292852,-80.8399728,"{'amenity': 'bicycle_parking', 'bicycle_parking': 'stands', 'capacity': '2'}",bicycle_parking,,,,,,,,node/11152216998
1,node,11152216999,,35.2299868,-80.8392514,"{'amenity': 'bicycle_parking', 'bicycle_parking': 'stands', 'capacity': '2', 'covered': 'no'}",bicycle_parking,,,,,,,,node/11152216999
1,node,11152269318,,35.2268014,-80.8427498,{'amenity': 'bench'},bench,,,,,,,,node/11152269318
1,node,11152269319,,35.2267767,-80.8427221,{'amenity': 'bench'},bench,,,,,,,,node/11152269319
1,node,11152269320,,35.2268862,-80.842583,{'amenity': 'bench'},bench,,,,,,,,node/11152269320
1,node,11152269322,,35.2269097,-80.8426112,{'amenity': 'bench'},bench,,,,,,,,node/11152269322
1,node,11152269327,,35.2264539,-80.8420893,"{'amenity': 'bicycle_parking', 'bicycle_parking': 'stands', 'capacity': '2', 'covered': 'no'}",bicycle_parking,,,,,,,,node/11152269327
1,node,11152269328,,35.2248199,-80.8401237,"{'amenity': 'bicycle_parking', 'bicycle_parking': 'wave', 'capacity': '5', 'covered': 'no'}",bicycle_parking,,,,,,,,node/11152269328
1,node,11152269329,,35.2244413,-80.8400763,"{'amenity': 'bicycle_parking', 'bicycle_parking': 'wave', 'capacity': '5', 'covered': 'no'}",bicycle_parking,,,,,,,,node/11152269329
1,node,11203593737,,35.2263857,-80.8379289,"{'access': 'yes', 'amenity': 'bicycle_parking', 'bicycle_parking': 'stands', 'capacity': '4', 'covered': 'partial', 'foot_traffic': 'low'}",bicycle_parking,,,,,,,,node/11203593737
1,node,11203595537,,35.2265801,-80.8385145,"{'access': 'yes', 'amenity': 'bicycle_parking', 'bicycle_parking': 'wave', 'capacity': '17', 'covered': 'yes', 'foot_traffic': 'low'}",bicycle_parking,,,,,,,,node/11203595537
1,node,11203596437,,35.2269884,-80.8384122,"{'access': 'yes', 'amenity': 'bicycle_parking', 'bicycle_parking': 'stands', 'capacity': '10', 'covered': 'no', 'foot_traffic': 'high'}",bicycle_parking,,,,,,,,node/11203596437
1,node,11208933138,,35.226995,-80.8410938,"{'access': 'yes', 'amenity': 'bicycle_parking', 'bicycle_parking': 'stands', 'capacity': '6', 'covered': 'no', 'foot_traffic': 'medium', 'indoor': 'no'}",bicycle_parking,,,,,,,,node/11208933138
1,node,11208935638,,35.2269286,-80.8406392,"{'access': 'yes', 'amenity': 'bicycle_parking', 'bicycle_parking': 'stands', 'capacity': '2', 'covered': 'no', 'foot_traffic': 'medium', 'indoor': 'no'}",bicycle_parking,,,,,,,,node/11208935638
1,node,11208935639,,35.2277559,-80.8399744,"{'access': 'yes', 'amenity': 'bicycle_parking', 'bicycle_parking': 'stands', 'capacity': '2'}",bicycle_parking,,,,,,,,node/11208935639
1,node,11208964537,,35.2277894,-80.8395865,"{'access': 'yes', 'amenity': 'bicycle_parking', 'bicycle_parking': 'rack', 'capacity': '2', 'covered': 'no', 'foot_traffic': 'medium', 'indoor': 'no'}",bicycle_parking,,,,,,,,node/11208964537
1,node,11208967242,,35.2290329,-80.8372042,"{'access': 'yes', 'amenity': 'bicycle_parking', 'bicycle_parking': 'stands', 'capacity': '4', 'covered': 'no', 'foot_traffic': 'low', 'indoor': 'no'}",bicycle_parking,,,,,,,,node/11208967242
1,node,11219131301,,35.229371,-80.8358298,"{'access': 'yes', 'amenity': 'bicycle_parking', 'bicycle_parking': 'stands', 'capacity': '8', 'covered': 'no'}",bicycle_parking,,,,,,,,node/11219131301
1,node,11219131304,,35.2294594,-80.8359345,"{'access': 'yes', 'amenity': 'bicycle_parking', 'bicycle_parking': 'stands', 'capacity': '8', 'covered': 'no'}",bicycle_parking,,,,,,,,node/11219131304
1,node,11258693637,,35.2274432,-80.8390869,"{'access': 'yes', 'amenity': 'bicycle_parking', 'bicycle_parking': 'stands', 'capacity': '2', 'covered': 'partial', 'foot_traffic': 'medium', 'indoor': 'no'}",bicycle_parking,,,,,,,,node/11258693637
1,node,11258695537,,35.2270377,-80.8372281,"{'access': 'yes', 'amenity': 'bicycle_parking', 'bicycle_parking': 'bollard', 'capacity': '6', 'covered': 'no', 'foot_traffic': 'low', 'indoor': 'no'}",bicycle_parking,,,,,,,,node/11258695537
1,node,11258775837,,35.2295569,-80.8420221,"{'access': 'yes', 'amenity': 'bicycle_parking', 'bicycle_parking': 'stands', 'capacity': '2', 'covered': 'no', 'foot_traffic': 'low', 'indoor': 'no'}",bicycle_parking,,,,,,,,node/11258775837
1,node,11272669669,,35.2266539,-80.8404972,"{'access': 'yes', 'amenity': 'bicycle_parking', 'bicycle_parking': 'wave', 'capacity': '3', 'covered': 'no', 'foot_traffic': 'medium', 'indoor': 'no'}",bicycle_parking,,,,,,,,node/11272669669
1,node,11272670369,,35.2264499,-80.8398991,"{'access': 'yes', 'amenity': 'bicycle_parking', 'bicycle_parking': 'wave', 'capacity': '9', 'covered': 'yes', 'foot_traffic': 'low', 'indoor': 'no'}",bicycle_parking,,,,,,,,node/11272670369
1,node,11294418169,,35.2277363,-80.837181,"{'access': 'yes', 'amenity': 'bicycle_parking', 'bicycle_parking': 'stands', 'capacity': '6', 'covered': 'no', 'foot_traffic': 'medium', 'indoor': 'no'}",bicycle_parking,,,,,,,,node/11294418169
1,node,11310673269,,35.2252266,-80.836628,"{'access': 'yes', 'amenity': 'bicycle_parking', 'bicycle_parking': 'stands', 'bicycle_parking:count': '2', 'capacity': '4', 'covered': 'no', 'foot_traffic': 'low', 'indoor': 'no'}",bicycle_parking,,,,,,,,node/11310673269
1,node,11355293677,,35.2260818,-80.8384198,{'amenity': 'parking_entrance'},parking_entrance,,,,,,,,node/11355293677
1,node,11355293678,,35.2263431,-80.8381499,{'amenity': 'parking_entrance'},parking_entrance,,,,,,,,node/11355293678
1,node,11360379000,Mortimer's Cafe & Pub,35.225312,-80.8423109,"{'amenity': 'pub', 'name': ""Mortimer's Cafe & Pub"", 'smoking': 'no'}",pub,,,,,,,,node/11360379000
1,node,11360379001,Fuji Hibachi & Teriyaki,35.2253941,-80.8424274,"{'amenity': 'restaurant', 'cuisine': 'japanese', 'name': 'Fuji Hibachi & Teriyaki'}",restaurant,,,,,,,,node/11360379001
1,node,11378551069,,35.2300665,-80.8420911,"{'access': 'permissive', 'amenity': 'bicycle_parking', 'bicycle_parking': 'stands', 'capacity': '8', 'covered': 'yes', 'description': 'Inside paid parking garage, next to entrance', 'foot_traffic': 'none', 'indoor': 'no'}",bicycle_parking,,,,,,,,node/11378551069
1,node,11529341271,,35.2286352,-80.83499,"{'access': 'yes', 'amenity': 'bicycle_parking', 'bicycle_parking': 'stands', 'capacity': '16', 'covered': 'no', 'foot_traffic': 'low', 'indoor': 'no'}",bicycle_parking,,,,,,,,node/11529341271
1,node,11833480110,Cakeable Cafe,35.2299632,-80.8394478,"{'addr:city': 'Charlotte', 'addr:housenumber': '401', 'addr:postcode': '28202', 'addr:state': 'NC', 'addr:street': 'North Tryon Street', 'addr:unit': '106', 'amenity': 'cafe', 'cuisine': 'coffee_shop', 'name': 'Cakeable Cafe', 'website': 'https://wearecakeable.org'}",cafe,,,,,,,,node/11833480110
1,node,12162148602,Stage Door Theater,35.227029,-80.8411213,"{'addr:housenumber': '155', 'addr:postcode': '28202', 'amenity': 'theatre', 'name': 'Stage Door Theater', 'outdoor_seating': 'no'}",theatre,,,,,,,,node/12162148602
1,node,12200268402,,35.2285842,-80.8365705,"{'amenity': 'vending_machine', 'bin': 'yes', 'fee': 'no', 'vending': 'excrement_bags'}",vending_machine,,,,,,,,node/12200268402
1,node,12253985478,,35.227938,-80.8369021,{'amenity': 'drinking_water'},drinking_water,,,,,,,,node/12253985478
1,node,12363254613,,35.2299678,-80.840179,{'amenity': 'parking_entrance'},parking_entrance,,,,,,,,node/12363254613
1,node,12421861670,Founders Hall Library,35.2267345,-80.8422318,"{'access': 'yes', 'addr:city': 'Charlotte', 'addr:county': 'Mecklenburg', 'addr:housenumber': '100', 'addr:postcode': '28202', 'addr:state': 'NC', 'addr:street': 'North Tryon Street', 'addr:unit': 'Suite 290', 'amenity': 'library', 'level': '1', 'name': 'Founders Hall Library', 'nat_ref': 'C-MECKLENBURG-FH', 'opening_hours': 'Mo-Fr 08:00-16:00', 'operator': 'Charlotte Mecklenburg Library', 'operator:type': 'public', 'phone': '+1 704-416-0300', 'website': 'https://www.foundershallevents.com/'}",library,,,,,,,,node/12421861670
1,node,12445662589,,35.2239225,-80.8396062,"{'addr:housenumber': '420', 'addr:street': 'East Trade Street', 'amenity': 'atm', 'check_date': '2026-01-19', 'covered': 'yes', 'currency:USD': 'yes', 'drive_through': 'no', 'indoor': 'yes', 'lit': 'yes', 'note': 'ATM is located inside of Midnight Diner', 'opening_hours': '24/7', 'wheelchair': 'yes'}",atm,,,,,,,,node/12445662589
1,node,12499185801,,35.2252174,-80.8401552,"{'access': 'yes', 'amenity': 'bicycle_parking', 'bicycle_parking': 'stands', 'capacity': '2', 'covered': 'no', 'indoor': 'no'}",bicycle_parking,,,,,,,,node/12499185801
1,node,12499185901,,35.2251276,-80.8401432,"{'access': 'yes', 'amenity': 'bicycle_parking', 'bicycle_parking': 'stands', 'capacity': '2', 'covered': 'no', 'indoor': 'no'}",bicycle_parking,,,,,,,,node/12499185901
1,node,12566300626,,35.2284122,-80.8355194,"{'amenity': 'bench', 'backrest': 'yes', 'historic': 'memorial', 'memorial': 'bench'}",bench,,,,,,,,node/12566300626
1,node,12583296961,,35.2227759,-80.8364327,{'amenity': 'parking_entrance'},parking_entrance,,,,,,,,node/12583296961
1,node,12583296963,,35.2227525,-80.8364634,{'amenity': 'parking_entrance'},parking_entrance,,,,,,,,node/12583296963
1,node,12583296965,,35.2228918,-80.8362848,{'amenity': 'parking_entrance'},parking_entrance,,,,,,,,node/12583296965
1,node,12583296967,,35.2228671,-80.836317,{'amenity': 'parking_entrance'},parking_entrance,,,,,,,,node/12583296967
1,node,12583296969,,35.222845,-80.8363427,{'amenity': 'parking_entrance'},parking_entrance,,,,,,,,node/12583296969
1,node,12638766035,Provided Coffee,35.2287009,-80.8345049,"{'amenity': 'cafe', 'cuisine': 'coffee_shop', 'email': 'providedcoffee@gmail.com', 'name': 'Provided Coffee', 'opening_hours': 'Tu-Su 08:00-14:00', 'phone': '+1-980-781-0045', 'website': 'https://www.providedcoffee.com'}",cafe,,,,,,,,node/12638766035
1,node,12663354462,,35.2292809,-80.8353939,"{'amenity': 'bicycle_parking', 'bicycle_parking': 'stands', 'capacity': '8', 'covered': 'yes'}",bicycle_parking,,,,,,,,node/12663354462
1,node,12753184001,,35.228073,-80.8402514,"{'access': 'yes', 'amenity': 'bicycle_parking', 'bicycle_parking': 'wave', 'capacity': '17', 'covered': 'yes'}",bicycle_parking,,,,,,,,node/12753184001
1,node,12942844701,,35.2293028,-80.84165,"{'access': 'yes', 'amenity': 'bicycle_parking', 'bicycle_parking': 'stands', 'capacity': '8', 'covered': 'yes'}",bicycle_parking,,,,,,,,node/12942844701
1,node,12963151032,Social Cow,35.2274602,-80.8382591,"{'amenity': 'ice_cream', 'name': 'Social Cow'}",ice_cream,,,,,,,,node/12963151032
1,node,12963730452,Carolina Theater,35.2283899,-80.8407086,"{'addr:city': 'Charlotte', 'addr:housenumber': '230', 'addr:postcode': '28202', 'addr:state': 'NC', 'addr:street': 'North Tryon Street', 'amenity': 'theatre', 'name': 'Carolina Theater', 'website': 'https://www.thecarolina.com'}",theatre,,,,,,,,node/12963730452
1,node,12963730453,Belk Place,35.2285313,-80.8408519,"{'amenity': 'community_centre', 'community_centre': 'community_hall', 'name': 'Belk Place'}",community_centre,,,,,,,,node/12963730453
1,node,13174801087,Brooklyn Lounge,35.2253157,-80.837249,"{'amenity': 'nightclub', 'name': 'Brooklyn Lounge'}",nightclub,,,,,,,,node/13174801087
1,node,13192516401,,35.2233784,-80.8361083,"{'access': 'yes', 'amenity': 'bicycle_parking', 'bicycle_parking': 'stands', 'capacity': '2', 'covered': 'no', 'indoor': 'no'}",bicycle_parking,,,,,,,,node/13192516401
1,node,13192516901,,35.2234768,-80.835897,"{'access': 'yes', 'amenity': 'bicycle_parking', 'bicycle_parking': 'stands', 'capacity': '2', 'covered': 'no', 'indoor': 'no'}",bicycle_parking,,,,,,,,node/13192516901
1,node,13195260251,,35.2233443,-80.8361541,{'amenity': 'bench'},bench,,,,,,,,node/13195260251
1,node,13195260252,,35.2235187,-80.835923,{'amenity': 'waste_basket'},waste_basket,,,,,,,,node/13195260252
1,node,13230735794,,35.2281261,-80.8419107,{'amenity': 'waste_basket'},waste_basket,,,,,,,,node/13230735794
1,node,13230735795,,35.2281379,-80.8418932,"{'amenity': 'recycling', 'recycling_type': 'container'}",recycling,,,,,,,,node/13230735795
1,node,13230735797,,35.228166,-80.8418397,"{'amenity': 'vending_machine', 'vending': 'newspapers'}",vending_machine,,,,,,,,node/13230735797
1,node,13230735798,,35.2281878,-80.8418201,{'amenity': 'telephone'},telephone,,,,,,,,node/13230735798
1,node,13230735799,,35.2282208,-80.841772,{'amenity': 'bench'},bench,,,,,,,,node/13230735799
1,node,13230735800,,35.2282434,-80.841741,{'amenity': 'bench'},bench,,,,,,,,node/13230735800
1,node,13230735801,,35.2284259,-80.8414797,{'amenity': 'bench'},bench,,,,,,,,node/13230735801
1,node,13230735802,,35.2284531,-80.8414408,{'amenity': 'waste_basket'},waste_basket,,,,,,,,node/13230735802
1,node,13230735803,,35.2284458,-80.8414514,"{'amenity': 'recycling', 'recycling_type': 'container'}",recycling,,,,,,,,node/13230735803
1,node,13230735808,,35.2285992,-80.8412329,"{'amenity': 'recycling', 'recycling_type': 'container'}",recycling,,,,,,,,node/13230735808
1,node,13230735809,,35.2286111,-80.8412154,{'amenity': 'waste_basket'},waste_basket,,,,,,,,node/13230735809
1,node,13230735810,,35.2286437,-80.8411653,{'amenity': 'bench'},bench,,,,,,,,node/13230735810
1,node,13230735811,,35.2286652,-80.8411344,{'amenity': 'bench'},bench,,,,,,,,node/13230735811
1,node,13230735816,,35.2287614,-80.8410014,{'amenity': 'waste_basket'},waste_basket,,,,,,,,node/13230735816
1,node,13259921801,The Market at 7th Street,35.2276648,-80.8381339,"{'addr:housenumber': '224', 'addr:postcode': '28202', 'addr:street': 'East 7th Street', 'amenity': 'food_court', 'internet_access': 'wlan', 'name': 'The Market at 7th Street', 'opening_hours': 'Mo-Th 08:00-21:00,\nFr-Sa 08:00-22:00,\nSu 09:00-18:00', 'website': 'https://themarketat7thstreet.com/'}",food_court,,,,,,,,node/13259921801
1,node,13265364295,,35.227789,-80.8381595,"{'amenity': 'bicycle_parking', 'bicycle_parking': 'rack', 'covered': 'yes'}",bicycle_parking,,,,,,,,node/13265364295
1,node,13274848601,,35.2272871,-80.8385892,"{'amenity': 'public_bookcase', 'brand': 'Little Free Library', 'brand:wikidata': 'Q6650101'}",public_bookcase,,,,,,,,node/13274848601
1,node,13457166666,USPS,35.226797,-80.8420988,"{'amenity': 'post_office', 'level': '1', 'name': 'USPS', 'operator': 'United States Postal Service', 'operator:short': 'USPS', 'operator:type': 'public', 'operator:wikidata': 'Q668687'}",post_office,,,,,,,,node/13457166666
1,node,13457166669,,35.2265722,-80.8422237,{'amenity': 'bench'},bench,,,,,,,,node/13457166669
1,node,13457166670,,35.2264236,-80.8420509,"{'amenity': 'recycling', 'recycling_type': 'container'}",recycling,,,,,,,,node/13457166670
1,node,13457166671,,35.226414,-80.8420391,{'amenity': 'waste_basket'},waste_basket,,,,,,,,node/13457166671
1,node,13457166672,,35.2268023,-80.8424831,{'amenity': 'waste_basket'},waste_basket,,,,,,,,node/13457166672
1,node,13457166673,,35.2268574,-80.842547,"{'amenity': 'recycling', 'recycling_type': 'container'}",recycling,,,,,,,,node/13457166673
1,node,13477755617,,35.2272098,-80.8385343,"{'access': 'permissive', 'amenity': 'drinking_water', 'bottle': 'yes', 'indoor': 'yes'}",drinking_water,,,,,,,,node/13477755617
1,way,48908467,Charlotte Transportation Center,35.2244978,-80.8410525,"{'amenity': 'bus_station', 'building': 'yes', 'bus': 'yes', 'height': '30', 'name': 'Charlotte Transportation Center', 'operator': 'Charlotte Area Transit System', 'public_transport': 'station'}",bus_station,,,,,station,,,way/48908467
1,way,120628264,Seventh Street Station Car Park,35.2275722,-80.8384746,"{'alt_name': '7th Street Station', 'amenity': 'parking', 'building': 'parking', 'height': '32', 'name': 'Seventh Street Station Car Park', 'parking': 'multi-storey'}",parking,,,,,,,,way/120628264
1,way,131139730,Federal Reserve Bank,35.2228239,-80.8390124,"{'addr:city': 'Charlotte', 'addr:housenumber': '530', 'addr:postcode': '28202', 'addr:state': 'NC', 'addr:street': 'East Trade Street', 'amenity': 'bank', 'atm': 'no', 'building': 'office', 'drive_through': 'no', 'government': 'yes', 'height': '36', 'name': 'Federal Reserve Bank', 'operator': 'United States of America', 'website': 'https://www.richmondfed.org/about_us/visit_us/locations/charlotte', 'wikidata': 'Q5440387'}",bank,,,,,,,,way/131139730
1,way,174171799,Lot #406,35.2238588,-80.8402171,"{'addr:city': 'Charlotte', 'addr:housenumber': '406', 'addr:postcode': '28202', 'addr:state': 'NC', 'addr:street': 'East 4th Street', 'amenity': 'parking', 'fee': 'yes', 'name': 'Lot #406', 'operator': 'Preferred Parking', 'parking': 'surface', 'surface': 'asphalt'}",parking,,,,,,,,way/174171799
1,way,174171808,Lot #402,35.2231215,-80.8412855,"{'addr:city': 'Charlotte', 'addr:housenumber': '402', 'addr:postcode': '28202', 'addr:state': 'NC', 'addr:street': 'East 4th Street', 'amenity': 'parking', 'fee': 'yes', 'name': 'Lot #402', 'operator': 'Preferred Parking', 'parking': 'surface', 'surface': 'asphalt'}",parking,,,,,,,,way/174171808
1,way,313204070,,35.2231247,-80.8367497,"{'access': 'private', 'amenity': 'parking', 'building': 'yes', 'height': '28', 'parking': 'multi-storey'}",parking,,,,,,,,way/313204070
1,way,313204153,,35.2231052,-80.835664,"{'amenity': 'parking', 'parking': 'surface', 'surface': 'asphalt'}",parking,,,,,,,,way/313204153
1,way,322277873,,35.2231595,-80.8395432,"{'amenity': 'parking', 'building': 'yes', 'height': '15', 'parking': 'multi-storey', 'supervised': 'yes', 'surface': 'concrete'}",parking,,,,,,,,way/322277873
1,way,322278769,ImaginOn - The Joe & Joan Martin Center,35.2269433,-80.8376692,"{'addr:city': 'Charlotte', 'addr:county': 'Mecklenburg', 'addr:housenumber': '300', 'addr:postcode': '28202', 'addr:state': 'NC', 'addr:street': 'East 7th Street', 'amenity': 'library', 'building': 'yes', 'height': '27', 'internet_access': 'terminal', 'name': 'ImaginOn - The Joe & Joan Martin Center', 'nat_ref': 'C-MECKLENBURG-IM', 'operator': 'CML', 'operator:type': 'public', 'phone': '+1 704-416-4600', 'website': 'https://www.imaginon.org/', 'wikidata': 'Q69857334', 'wikipedia': 'en:ImaginOn'}",library,,,,,,,,way/322278769
1,way,322992977,300 North Brevard Street,35.2260228,-80.8369988,"{'access': 'yes', 'addr:city': 'Charlotte', 'addr:housenumber': '300', 'addr:postcode': '28202', 'addr:state': 'NC', 'addr:street': 'North Brevard Street', 'amenity': 'parking', 'fee': 'yes', 'name': '300 North Brevard Street', 'operator': 'Preferred Parking', 'parking': 'surface', 'surface': 'asphalt'}",parking,,,,,,,,way/322992977
1,way,322992978,418 East 7th Street,35.2261642,-80.8364083,"{'access': 'yes', 'addr:city': 'Charlotte', 'addr:housenumber': '418', 'addr:postcode': '28202', 'addr:state': 'NC', 'addr:street': 'East 7th Street', 'amenity': 'parking', 'fee': 'yes', 'name': '418 East 7th Street', 'operator': 'Preferred Parking', 'parking': 'surface', 'surface': 'asphalt'}",parking,,,,,,,,way/322992978
1,way,322992981,,35.2229121,-80.8370089,{'amenity': 'parking'},parking,,,,,,,,way/322992981
1,way,322992984,221 North Caldwell Street,35.2252479,-80.837631,"{'access': 'yes', 'addr:city': 'Charlotte', 'addr:housenumber': '221', 'addr:postcode': '28202', 'addr:state': 'NC', 'addr:street': 'North Caldwell Street', 'amenity': 'parking', 'fee': 'yes', 'name': '221 North Caldwell Street', 'operator': 'Preferred Parking', 'parking': 'surface', 'surface': 'asphalt'}",parking,,,,,,,,way/322992984
1,way,322992985,,35.2252109,-80.8358408,{'amenity': 'parking'},parking,,,,,,,,way/322992985
1,way,322992989,,35.2304687,-80.8348793,{'amenity': 'parking'},parking,,,,,,,,way/322992989
1,way,322992995,,35.2247143,-80.8366746,{'amenity': 'parking'},parking,,,,,,,,way/322992995
1,way,322992997,,35.2292652,-80.8343526,{'amenity': 'parking'},parking,,,,,,,,way/322992997
1,way,322993001,,35.2253096,-80.8356347,{'amenity': 'parking'},parking,,,,,,,,way/322993001
1,way,322993007,501 East Trade Street,35.2237257,-80.8379504,"{'access': 'permit', 'addr:city': 'Charlotte', 'addr:housenumber': '500', 'addr:postcode': '28202', 'addr:state': 'NC', 'addr:street': 'East Trade Street', 'amenity': 'parking', 'fee': 'yes', 'name': '501 East Trade Street', 'parking': 'surface', 'surface': 'gravel'}",parking,,,,,,,,way/322993007
1,way,322993008,,35.2241996,-80.8350728,{'amenity': 'parking'},parking,,,,,,,,way/322993008
1,way,322993009,Victoria Yards,35.2284036,-80.8379761,"{'addr:city': 'Charlotte', 'addr:housenumber': '209', 'addr:postcode': '28202', 'addr:state': 'NC', 'addr:street': 'East 7th Street', 'amenity': 'events_venue', 'check_date': '2023-06-12', 'name': 'Victoria Yards', 'operator': 'Charlotte Center City Partners'}",events_venue,,,,,,,,way/322993009
1,way,322993012,241 North Alexander Street,35.2236382,-80.8355009,"{'access': 'yes', 'addr:city': 'Charlotte', 'addr:housenumber': '241', 'addr:postcode': '28202', 'addr:state': 'NC', 'addr:street': 'North Alexander Street', 'amenity': 'parking', 'fee': 'yes', 'name': '241 North Alexander Street', 'operator': 'Preferred Parking', 'parking': 'surface', 'surface': 'gravel'}",parking,,,,,,,,way/322993012
1,way,322993013,401 East 7th Street,35.2268776,-80.8361154,"{'access': 'yes', 'addr:city': 'Charlotte', 'addr:housenumber': '401', 'addr:postcode': '28202', 'addr:state': 'NC', 'addr:street': 'East 7th Street', 'amenity': 'parking', 'fee': 'yes', 'name': '401 East 7th Street', 'operator': 'Preferred Parking', 'parking': 'surface', 'surface': 'asphalt'}",parking,,,,,,,,way/322993013
1,way,322993014,,35.2267744,-80.8335762,"{'amenity': 'parking', 'wheelchair': 'yes'}",parking,,,,,,,,way/322993014
1,way,322993017,,35.222597,-80.836039,{'amenity': 'parking'},parking,,,,,,,,way/322993017
1,way,322993020,,35.2254429,-80.8357599,{'amenity': 'parking'},parking,,,,,,,,way/322993020
1,way,322993024,Lot #424,35.2288827,-80.8376349,"{'addr:city': 'Charlotte', 'addr:housenumber': '424', 'addr:postcode': '28202', 'addr:state': 'NC', 'addr:street': 'North College Street', 'amenity': 'parking', 'fee': 'yes', 'name': 'Lot #424', 'operator': 'Preferred Parking', 'parking': 'surface', 'surface': 'asphalt'}",parking,,,,,,,,way/322993024
1,way,341587198,Bank of America,35.2273123,-80.8422252,"{'addr:city': 'Charlotte', 'addr:housenumber': '100', 'addr:postcode': '28202', 'addr:state': 'NC', 'addr:street': 'North Tryon Street', 'amenity': 'bank', 'branch': 'Financial Center', 'brand': 'Bank of America', 'brand:wikidata': 'Q487907', 'building': 'yes', 'building:levels': '88', 'check_date': '2021-04-21', 'height': '265', 'name': 'Bank of America', 'name:en': 'Bank of America Corporate Center', 'operator': 'Bank of America', 'website': 'https://locators.bankofamerica.com/nc/charlotte/financial-centers-charlotte-16702.html', 'wikidata': 'Q586913', 'wikipedia': 'en:Bank of America Corporate Center'}",bank,,,,,,,,way/341587198
1,way,380090201,,35.2228001,-80.8344437,"{'amenity': 'fire_station', 'building': 'yes', 'height': '10'}",fire_station,,,,,,,,way/380090201
1,way,380090203,CMPD Headquarters,35.2227587,-80.8372767,"{'amenity': 'police', 'building': 'yes', 'height': '47', 'name': 'CMPD Headquarters'}",police,,,,,,,,way/380090203
1,way,394430321,,35.226025,-80.8406521,"{'amenity': 'parking', 'building': 'yes', 'height': '28', 'parking': 'multi-storey'}",parking,,,,,,,,way/394430321
1,way,397369783,St. Peter's Episcopal Church,35.2298349,-80.8404661,"{'amenity': 'place_of_worship', 'building': 'church', 'denomination': 'episcopal', 'height': '15', 'name': ""St. Peter's Episcopal Church"", 'religion': 'christian'}",place_of_worship,,,,,,,,way/397369783
1,way,398591585,First United Presbyterian Church,35.2286037,-80.8383165,"{'addr:city': 'Charlotte', 'addr:housenumber': '406', 'addr:postcode': '28202', 'addr:state': 'NC', 'addr:street': 'North College Street', 'amenity': 'place_of_worship', 'building': 'church', 'ele': '241', 'gnis:feature_id': '1985682', 'height': '18', 'name': 'First United Presbyterian Church', 'religion': 'christian', 'source': 'USGS Geonames'}",place_of_worship,,,,,,,,way/398591585
1,way,468471045,Lot #219,35.2282195,-80.8373764,"{'addr:city': 'Charlotte', 'addr:housenumber': '219', 'addr:postcode': '28202', 'addr:state': 'NC', 'addr:street': 'East 7th Street', 'amenity': 'parking', 'fee': 'yes', 'name': 'Lot #219', 'operator': 'Preferred Parking', 'parking': 'surface', 'surface': 'asphalt'}",parking,,,,,,,,way/468471045
1,way,500204486,Charlotte Plaza Parking,35.2246401,-80.8426857,"{'access': 'yes', 'addr:city': 'Charlotte', 'addr:housenumber': '306', 'addr:postcode': '28202', 'addr:state': 'NC', 'addr:street': 'East 4th Street', 'alt_name': 'SP Plus', 'amenity': 'parking', 'brand': 'SP+', 'brand:wikidata': 'Q7598289', 'building': 'yes', 'capacity': '980', 'fee': 'yes', 'height': '36', 'name': 'Charlotte Plaza Parking', 'operator': 'SP+', 'operator:type': 'private', 'operator:wikidata': 'Q7598289', 'parking': 'multi-storey', 'surface': 'concrete'}",parking,,,,,,,,way/500204486
1,way,502718738,Belk Theater at Blumenthal Performing Arts Center,35.227317,-80.8415145,"{'addr:city': 'Charlotte', 'addr:housenumber': '130', 'addr:postcode': '28202', 'addr:state': 'NC', 'addr:street': 'North Tryon Street', 'amenity': 'theatre', 'building': 'yes', 'height': '30', 'name': 'Belk Theater at Blumenthal Performing Arts Center', 'wikidata': 'Q7054435'}",theatre,,,,,,,,way/502718738
1,way,513106099,Lot #125,35.2238487,-80.8406868,"{'addr:city': 'Charlotte', 'addr:housenumber': '125', 'addr:postcode': '28202', 'addr:state': 'NC', 'addr:street': 'South Brevard Street', 'amenity': 'parking', 'fee': 'yes', 'name': 'Lot #125', 'operator': 'Preferred Parking', 'parking': 'surface', 'surface': 'asphalt'}",parking,,,,,,,,way/513106099
1,way,513106103,Lot #415S,35.2234748,-80.8402947,"{'addr:city': 'Charlotte', 'addr:housenumber': '415', 'addr:postcode': '28202', 'addr:state': 'NC', 'addr:street': 'East 4th Street', 'amenity': 'parking', 'fee': 'yes', 'name': 'Lot #415S', 'operator': 'Preferred Parking', 'parking': 'surface', 'surface': 'asphalt'}",parking,,,,,,,,way/513106103
1,way,513106106,Lot #426,35.2235465,-80.8398452,"{'addr:city': 'Charlotte', 'addr:housenumber': '426', 'addr:postcode': '28202', 'addr:state': 'NC', 'addr:street': 'East Trade Street', 'amenity': 'parking', 'fee': 'yes', 'name': 'Lot #426', 'operator': 'Peferred Parking', 'parking': 'surface', 'surface': 'asphalt'}",parking,,,,,,,,way/513106106
1,way,626310897,,35.2260529,-80.8346414,{'amenity': 'parking'},parking,,,,,,,,way/626310897
1,way,672780369,,35.2244231,-80.8398149,"{'amenity': 'shelter', 'building': 'yes'}",shelter,,,,,,,,way/672780369
1,way,672780370,,35.2247522,-80.8402018,"{'amenity': 'shelter', 'building': 'yes'}",shelter,,,,,,,,way/672780370
1,way,672783588,,35.2227935,-80.8378688,"{'amenity': 'shelter', 'building': 'yes'}",shelter,,,,,,,,way/672783588
1,way,909453943,,35.2270117,-80.8426192,"{'amenity': 'fountain', 'natural': 'water', 'water': 'yes'}",fountain,,,,,,,,way/909453943
1,way,1004213264,,35.2281629,-80.8366654,"{'access': 'yes', 'amenity': 'toilets', 'building': 'yes', 'opening_hours': 'Mo-Su 09:00-sunset'}",toilets,,,,,,,,way/1004213264
1,way,1004213283,,35.2283216,-80.8353752,"{'amenity': 'parking', 'layer': '-1', 'parking': 'underground'}",parking,,,,,,,,way/1004213283
1,way,1004213293,,35.2280566,-80.8356909,{'amenity': 'fountain'},fountain,,,,,,,,way/1004213293
1,way,1004216935,,35.2287657,-80.8357584,"{'access': 'yes', 'amenity': 'parking', 'fee': 'yes', 'parking': 'surface'}",parking,,,,,,,,way/1004216935
1,way,1024112216,,35.229194,-80.8417491,"{'amenity': 'parking', 'building': 'yes', 'height': '29', 'parking': 'multi-storey'}",parking,,,,,,,,way/1024112216
1,way,1047474980,,35.2287428,-80.8329988,"{'amenity': 'school', 'operator': 'Charlotte-Mecklenburg Schools', 'operator:short': 'CMS', 'operator:type': 'public', 'operator:wikidata': 'Q2944229', 'operator:wikipedia': 'en:Charlotte-Mecklenburg Schools'}",school,,,,,,,,way/1047474980
1,way,1047744375,422 East 9th Street,35.227588,-80.8346462,"{'access': 'yes', 'addr:city': 'Charlotte', 'addr:housenumber': '422', 'addr:postcode': '28202', 'addr:state': 'NC', 'addr:street': 'East 9th Street', 'amenity': 'parking', 'fee': 'yes', 'name': '422 East 9th Street', 'operator': 'Preferred Parking', 'parking': 'surface', 'surface': 'gravel'}",parking,,,,,,,,way/1047744375
1,way,1047744389,418 East 6th Street,35.2257396,-80.837736,"{'access': 'permit', 'addr:city': 'Charlotte', 'addr:housenumber': '418', 'addr:postcode': '28202', 'addr:state': 'NC', 'addr:street': 'East 6th Street', 'amenity': 'parking', 'fee': 'yes', 'name': '418 East 6th Street', 'operator': 'Preferred Parking', 'parking': 'surface', 'surface': 'asphalt'}",parking,,,,,,,,way/1047744389
1,way,1098375127,,35.2288876,-80.8386545,"{'amenity': 'parking', 'parking': 'surface', 'surface': 'asphalt'}",parking,,,,,,,,way/1098375127
1,way,1181513185,,35.2270974,-80.8367814,"{'amenity': 'bicycle_parking', 'bicycle_parking': 'stands', 'capacity': '10', 'fee': 'no'}",bicycle_parking,,,,,,,,way/1181513185
1,way,1192155448,Midnight Diner,35.2238789,-80.8396684,"{'addr:city': 'Charlotte', 'addr:housenumber': '420', 'addr:postcode': '28202', 'addr:state': 'NC', 'addr:street': 'East Trade Street', 'air_conditioning': 'yes', 'amenity': 'restaurant', 'building': 'retail', 'check_date': '2026-01-14', 'cuisine': 'diner;american', 'internet_access': 'no', 'microbrewery': 'no', 'name': 'Midnight Diner', 'opening_hours': '24/7', 'payment:cash': 'yes', 'payment:contactless': 'no', 'payment:credit_cards': 'yes', 'payment:debit_cards': 'yes', 'phone': '+19802073641', 'toilets': 'yes', 'website': 'https://midnightdinercharlotte.com/', 'wheelchair': 'yes'}",restaurant,,,,,,,,way/1192155448
1,way,1193371064,,35.2301749,-80.8372028,"{'addr:city': 'Charlotte', 'addr:housenumber': '521', 'addr:postcode': '28202', 'addr:state': 'NC', 'addr:street': 'North College Street', 'amenity': 'parking', 'fee': 'yes', 'operator': 'Preferred Parking', 'parking': 'surface', 'phone': '+1 704 375 6014', 'website': 'https://www.preferredparking.com'}",parking,,,,,,,,way/1193371064
1,way,1195991110,The Market at 7th Street,35.2274351,-80.8383336,"{'addr:city': 'Charlotte', 'addr:housenumber': '224', 'addr:postcode': '28202', 'addr:state': 'NC', 'addr:street': 'East 7th Street', 'amenity': 'food_court', 'name': 'The Market at 7th Street', 'opening_hours': 'Tu-We 08:00-19:00; Th-Sa 08:00-20:00; Su 09:00-17:00', 'website': 'https://themarketat7thstreet.com/'}",food_court,,,,,,,,way/1195991110
1,way,1223392163,,35.222522,-80.834981,"{'amenity': 'parking', 'parking': 'surface'}",parking,,,,,,,,way/1223392163
1,way,1223392164,,35.2228524,-80.8346813,"{'amenity': 'parking', 'parking': 'surface'}",parking,,,,,,,,way/1223392164
1,way,1309950405,,35.2294416,-80.838523,"{'amenity': 'parking', 'building': 'yes', 'parking': 'multi-storey'}",parking,,,,,,,,way/1309950405
1,way,1364772388,,35.2287501,-80.8343656,{'amenity': 'parking'},parking,,,,,,,,way/1364772388
1,way,1372244748,,35.2293707,-80.8392239,{'amenity': 'parking'},parking,,,,,,,,way/1372244748
1,way,1424496605,,35.23009,-80.8381924,{'amenity': 'parking'},parking,,,,,,,,way/1424496605
1,way,1424496606,,35.2299205,-80.8374946,{'amenity': 'parking'},parking,,,,,,,,way/1424496606
1,way,1424496607,,35.2296884,-80.83766,{'amenity': 'parking'},parking,,,,,,,,way/1424496607
1,way,1424496608,,35.2296574,-80.837854,{'amenity': 'parking'},parking,,,,,,,,way/1424496608
1,way,1435598159,,35.2236892,-80.8361086,{'amenity': 'parking'},parking,,,,,,,,way/1435598159
1,relation,4848919,,35.2273123,-80.8422252,"{'amenity': 'bank', 'building:levels': '60', 'type': 'building'}",bank,,,,,,,,relation/4848919
1,relation,16050776,,35.2263831,-80.8385351,"{'amenity': 'parking', 'building': 'yes', 'height': '48', 'parking': 'multi-storey', 'type': 'multipolygon'}",parking,,,,,,,,relation/16050776
1,relation,16059605,,35.2302581,-80.841699,"{'amenity': 'parking', 'building': 'yes', 'building:levels': '2', 'height': '11', 'parking': 'multi-storey', 'type': 'multipolygon'}",parking,,,,,,,,relation/16059605
1,relation,19541798,,35.2252285,-80.8337299,"{'amenity': 'parking', 'parking': 'surface', 'type': 'multipolygon'}",parking,,,,,,,,relation/19541798
1,node,6332298766,Insomnia Cookies,35.2255009,-80.8420447,"{'addr:city': 'Charlotte', 'addr:housenumber': '210', 'addr:postcode': '28202', 'addr:state': 'NC', 'addr:street': 'East Trade Street', 'addr:unit': 'Suite B-224', 'brand': 'Insomnia Cookies', 'brand:wikidata': 'Q16997024', 'name': 'Insomnia Cookies', 'shop': 'pastry'}",,pastry,,,,,,,node/6332298766
1,node,9099545839,JoS. A. Bank,35.2266979,-80.8418413,"{'brand': 'JoS. A. Bank', 'brand:wikidata': 'Q6204078', 'level': '0', 'name': 'JoS. A. Bank', 'official_name': 'Jos. A. Bank Clothiers', 'shop': 'clothes'}",,clothes,,,,,,,node/9099545839
1,node,10965747075,Charlotte NC Tours,35.2265821,-80.8426998,"{'level': '1', 'name': 'Charlotte NC Tours', 'shop': 'travel_agency'}",,travel_agency,,,,,,,node/10965747075
1,node,10965747076,Walgreens,35.2262131,-80.8427431,"{'brand': 'Walgreens', 'brand:wikidata': 'Q1591889', 'level': '0', 'name': 'Walgreens', 'shop': 'chemist', 'website': 'https://www.walgreens.com/locator/walgreens-101+s+tryon+st-charlotte-nc-28280/id=15008'}",,chemist,,,,,,,node/10965747076
1,node,10968443163,Avenue Market,35.2292193,-80.8424186,"{'cuisine': 'korean', 'food': 'yes', 'name': 'Avenue Market', 'phone': '+1 704 332 9000', 'shop': 'convenience', 'takeaway': 'yes'}",,convenience,,,,,,,node/10968443163
1,node,11098808619,Assorted Table,35.2273182,-80.8384493,"{'name': 'Assorted Table', 'shop': 'wine'}",,wine,,,,,,,node/11098808619
1,node,11098808621,Orrman’s Cheese Shop,35.2272613,-80.8385638,"{'name': 'Orrman’s Cheese Shop', 'shop': 'cheese'}",,cheese,,,,,,,node/11098808621
1,node,11098808622,CLT Find,35.2273438,-80.838552,"{'name': 'CLT Find', 'shop': 'gift'}",,gift,,,,,,,node/11098808622
1,node,12638766031,Street Commerce,35.2286021,-80.8346557,"{'name': 'Street Commerce', 'opening_hours': 'Tu-Su 12:00-19:00', 'phone': '+1-704-891-8833', 'shop': 'clothes', 'website': 'https://streetcommerce.shop'}",,clothes,,,,,,,node/12638766031
1,node,13174801086,Vick's Vapor & Hub,35.2253293,-80.8370858,"{'name': ""Vick's Vapor & Hub"", 'shop': 'e-cigarette'}",,e-cigarette,,,,,,,node/13174801086
1,node,13457166665,City Barbers at Uptown,35.2268865,-80.8421351,"{'hairdresser': 'barber', 'name': 'City Barbers at Uptown', 'shop': 'hairdresser'}",,hairdresser,,,,,,,node/13457166665
1,node,13195260250,,35.2235238,-80.8359505,{'leisure': 'picnic_table'},,,picnic_table,,,,,,node/13195260250
1,way,626310889,,35.2261843,-80.8344854,{'leisure': 'swimming_pool'},,,swimming_pool,,,,,,way/626310889
1,way,626310895,,35.2259211,-80.834826,{'leisure': 'playground'},,,playground,,,,,,way/626310895
1,way,870437624,,35.2278436,-80.8366386,"{'access': 'yes', 'leisure': 'playground', 'playground:theme': 'spiderweb'}",,,playground,,,,,,way/870437624
1,way,870437625,,35.2280165,-80.8364376,"{'leisure': 'fitness_station', 'sport': 'fitness'}",,,fitness_station,,,,,,way/870437625
1,way,906171751,,35.2270989,-80.840571,{'leisure': 'garden'},,,garden,,,,,,way/906171751
1,way,984713011,,35.225684,-80.8384663,"{'garden:type': 'flowerbed', 'leisure': 'garden'}",,,garden,,,,,,way/984713011
1,way,984713025,,35.2255296,-80.8404484,"{'garden:type': 'landscaping', 'leisure': 'garden'}",,,garden,,,,,,way/984713025
1,way,984713030,,35.2259044,-80.8400663,"{'garden:type': 'landscaping', 'leisure': 'garden'}",,,garden,,,,,,way/984713030
1,way,1004213281,,35.2282546,-80.8357149,{'leisure': 'garden'},,,garden,,,,,,way/1004213281
1,way,1004216938,First Ward Park,35.2280879,-80.8361432,"{'addr:city': 'Charlotte', 'addr:housenumber': '301', 'addr:postcode': '28202', 'addr:state': 'NC', 'addr:street': 'East 7th Street', 'leisure': 'park', 'name': 'First Ward Park', 'ownership': 'county', 'website': 'https://www.mecknc.gov/ParkandRec/Parks/ParksByRegion/CentralRegion/Pages/FirstWard.aspx', 'wikidata': 'Q19868162', 'wikipedia': 'en:First Ward Park'}",,,park,,,,,,way/1004216938
1,way,1047474957,,35.2289095,-80.8364762,"{'access': 'private', 'layer': '1', 'leisure': 'swimming_pool', 'lit': 'yes', 'location': 'roof', 'swimming_pool': 'rooftop'}",,,swimming_pool,,,,,,way/1047474957
1,way,1047744377,,35.2283536,-80.8341863,{'leisure': 'playground'},,,playground,,,,,,way/1047744377
1,way,1176275045,,35.2262076,-80.842674,"{'access': 'customers', 'leisure': 'swimming_pool', 'location': 'roof'}",,,swimming_pool,,,,,,way/1176275045
1,way,1181513184,,35.2294358,-80.8403309,"{'leisure': 'outdoor_seating', 'operator': 'Discovery Place'}",,,outdoor_seating,,,,,,way/1181513184
1,way,1181520572,,35.2277873,-80.8360483,"{'leisure': 'playground', 'surface': 'artificial_turf'}",,,playground,,,,,,way/1181520572
1,way,1327048750,,35.2283123,-80.8418003,"{'garden:type': 'landscaping', 'leisure': 'garden'}",,,garden,,,,,,way/1327048750
1,way,1327048756,,35.2283063,-80.8416499,"{'garden:type': 'landscaping', 'leisure': 'garden'}",,,garden,,,,,,way/1327048756
1,way,1327048757,,35.2283908,-80.8415266,"{'garden:type': 'landscaping', 'leisure': 'garden'}",,,garden,,,,,,way/1327048757
1,way,1327048758,,35.2281486,-80.8418692,"{'garden:type': 'landscaping', 'leisure': 'garden'}",,,garden,,,,,,way/1327048758
1,way,1327048759,,35.2282073,-80.8417858,"{'garden:type': 'landscaping', 'leisure': 'garden'}",,,garden,,,,,,way/1327048759
1,way,1327048760,,35.2284775,-80.8414045,"{'garden:type': 'landscaping', 'leisure': 'garden'}",,,garden,,,,,,way/1327048760
1,way,1327048761,,35.2285666,-80.8412746,"{'garden:type': 'landscaping', 'leisure': 'garden'}",,,garden,,,,,,way/1327048761
1,way,1327048762,,35.2286216,-80.84119,"{'garden:type': 'landscaping', 'leisure': 'garden'}",,,garden,,,,,,way/1327048762
1,way,1327048763,,35.2286774,-80.8411113,"{'garden:type': 'landscaping', 'leisure': 'garden'}",,,garden,,,,,,way/1327048763
1,way,1327048764,,35.2287274,-80.8410415,"{'garden:type': 'landscaping', 'leisure': 'garden'}",,,garden,,,,,,way/1327048764
1,way,1425974465,,35.2252271,-80.8337308,{'leisure': 'playground'},,,playground,,,,,,way/1425974465
1,way,1441928377,,35.2287157,-80.8410925,{'leisure': 'outdoor_seating'},,,outdoor_seating,,,,,,way/1441928377
1,node,1848893643,Aloft Charlotte Uptown at the EpiCentre,35.2254742,-80.8426764,"{'brand': 'Aloft', 'brand:wikidata': 'Q4734166', 'name': 'Aloft Charlotte Uptown at the EpiCentre', 'tourism': 'hotel'}",,,,hotel,,,,,node/1848893643
1,node,5016558837,Queen Charlotte Walks in Her Garden,35.227096,-80.840571,"{'artist_name': 'Bailey Graham Weathers, Jr.', 'artwork_type': 'statue', 'material': 'bronze', 'name': 'Queen Charlotte Walks in Her Garden', 'source': 'https://www.ncpedia.org/monument/queen-charlotte-walks-her', 'start_date': '1989-01-26', 'tourism': 'artwork'}",,,,artwork,,,,,node/5016558837
1,node,9099545840,Bank of America Heritage Center,35.2268915,-80.8420148,"{'level': '0', 'museum': 'history', 'name': 'Bank of America Heritage Center', 'tourism': 'museum'}",,,,museum,,,,,node/9099545840
1,node,9111862564,Residence Inn Charlotte City Center,35.2251987,-80.8414272,"{'addr:city': 'Charlotte', 'addr:housenumber': '220', 'addr:postcode': '28202', 'addr:state': 'NC', 'addr:street': 'East Trade Street', 'brand': 'Residence Inn', 'brand:wikidata': 'Q7315394', 'name': 'Residence Inn Charlotte City Center', 'official_name': 'Residence Inn by Marriott', 'tourism': 'hotel'}",,,,hotel,,,,,node/9111862564
1,node,9111862565,AC Hotel by Marriott Charlotte City Center,35.2253154,-80.8414502,"{'brand': 'AC Hotel', 'brand:wikidata': 'Q5653536', 'name': 'AC Hotel by Marriott Charlotte City Center', 'tourism': 'hotel'}",,,,hotel,,,,,node/9111862565
1,node,10972319445,,35.2274875,-80.837637,"{'artwork_type': 'sculpture', 'tourism': 'artwork'}",,,,artwork,,,,,node/10972319445
1,node,10972350831,Chandler The Chair Monster,35.2284676,-80.8362248,"{'artist_name': 'David Furman', 'artwork_type': 'sculpture', 'material': 'wood', 'name': 'Chandler The Chair Monster', 'tourism': 'artwork'}",,,,artwork,,,,,node/10972350831
1,node,11076374515,,35.2281791,-80.8352905,"{'artwork_type': 'sculpture', 'tourism': 'artwork'}",,,,artwork,,,,,node/11076374515
1,node,11092752314,,35.2266951,-80.8388862,"{'artwork_type': 'sculpture', 'tourism': 'artwork'}",,,,artwork,,,,,node/11092752314
1,way,174231925,Discovery Place,35.2296144,-80.8409227,"{'addr:city': 'Charlotte', 'addr:housenumber': '301', 'addr:postcode': '28202', 'addr:state': 'NC', 'addr:street': 'North Tryon Street', 'building': 'yes', 'building:levels': '2', 'fee': 'yes', 'height': '22', 'name': 'Discovery Place', 'opening_hours': 'Mo-Fr 9:30-16:30', 'phone': '+1-704-372-6261', 'tourism': 'museum', 'website': 'https://discoveryplace.org/', 'wheelchair': 'yes', 'wikidata': 'Q5281960'}",,,,museum,,,,,way/174231925
1,way,380092604,"The Ritz-Carlton, Charlotte",35.2261491,-80.8414748,"{'addr:city': 'Charlotte', 'addr:housenumber': '201', 'addr:postcode': '28202', 'addr:state': 'NC', 'addr:street': 'East Trade Street', 'brand': 'The Ritz-Carlton', 'brand:wikidata': 'Q782200', 'building': 'yes', 'height': '80', 'name': 'The Ritz-Carlton, Charlotte', 'tourism': 'hotel', 'wikidata': 'Q111394609'}",,,,hotel,,,,,way/380092604
1,way,398591589,Levine Museum of the New South,35.2281955,-80.8387317,"{'addr:city': 'Charlotte', 'addr:housenumber': '200', 'addr:postcode': '28202', 'addr:state': 'NC', 'addr:street': 'East 7th Street', 'building': 'yes', 'check_date': '2023-06-12', 'fee': 'no', 'height': '12', 'name': 'Levine Museum of the New South', 'opening_hours': 'Tu-Fr 11:00-17:00; We 11:00-21:00; Sa 10:00-17:00; Su 12:00-17:00; PH off', 'tourism': 'museum', 'website': 'https://www.museumofthenewsouth.org/', 'wikidata': 'Q6535654'}",,,,museum,,,,,way/398591589
1,way,398591600,The Dunhill Hotel,35.2288901,-80.8411522,"{'addr:city': 'Charlotte', 'addr:housenumber': '237', 'addr:postcode': '28202', 'addr:state': 'NC', 'addr:street': 'North Tryon Street', 'building': 'yes', 'height': '53', 'name': 'The Dunhill Hotel', 'tourism': 'hotel'}",,,,hotel,,,,,way/398591600
1,way,484755656,SpringHill Suites Charlotte Uptown,35.2264003,-80.8392279,"{'addr:city': 'Charlotte', 'addr:housenumber': '311', 'addr:postcode': '28202', 'addr:state': 'NC', 'addr:street': 'East 5th Street', 'branch': 'Charlotte City Center', 'brand': 'SpringHill Suites', 'brand:wikidata': 'Q7580351', 'building': 'yes', 'height': '48', 'internet_access': 'yes', 'name': 'SpringHill Suites Charlotte Uptown', 'official_name': 'SpringHill Suites by Marriott', 'operator': 'Marriot', 'phone': '+1 704-439-8100', 'ref': 'CLTSD', 'rooms': '195', 'smoking': 'no', 'tourism': 'hotel', 'website': 'https://www.marriott.com/cltsd'}",,,,hotel,,,,,way/484755656
1,way,500204487,Omni Charlotte Hotel,35.2262153,-80.842852,"{'addr:city': 'Charlotte', 'addr:housenumber': '132', 'addr:postcode': '28202', 'addr:state': 'NC', 'addr:street': 'East Trade Street', 'brand:wikidata': 'Q7090329', 'building': 'yes', 'height': '28', 'internet_access': 'yes', 'name': 'Omni Charlotte Hotel', 'operator': 'Omni Hotels & Resorts', 'phone': '+1-704-377-0400', 'tourism': 'hotel', 'website': 'https://www.omnihotels.com/hotels/charlotte'}",,,,hotel,,,,,way/500204487
1,way,500736208,Hyatt House Charlotte/Center City,35.2241877,-80.8390722,"{'addr:city': 'Charlotte', 'addr:housenumber': '435', 'addr:postcode': '28202', 'addr:state': 'NC', 'addr:street': 'East Trade Street', 'branch': 'Charlotte/Center City', 'brand': 'Hyatt House', 'brand:wikidata': 'Q109292191', 'building': 'apartments', 'building:levels': '16', 'height': '17', 'name': 'Hyatt House Charlotte/Center City', 'operator': 'Hyatt', 'phone': '+1 704-373-9700', 'tourism': 'hotel', 'website': 'https://www.hyatt.com/hyatt-house/en-us/cltxd-hyatt-house-charlotte-center-city'}",,,,hotel,,,,,way/500736208
1,way,500736212,Holiday Inn Center City,35.2273392,-80.8401602,"{'brand': 'Holiday Inn', 'brand:wikidata': 'Q2717882', 'building': 'yes', 'height': '60', 'name': 'Holiday Inn Center City', 'tourism': 'hotel', 'wikidata': 'Q111394610'}",,,,hotel,,,,,way/500736212
1,way,984713014,,35.225251,-80.8405025,"{'area': 'yes', 'artist_name': 'Andrew Leicester', 'artwork_type': 'installation', 'height': '15', 'tourism': 'artwork'}",,,,artwork,,,,,way/984713014
1,way,984713015,,35.225304,-80.8405649,"{'area': 'yes', 'artist_name': 'Andrew Leicester', 'artwork_type': 'installation', 'height': '15', 'tourism': 'artwork'}",,,,artwork,,,,,way/984713015
1,way,984713016,,35.2251962,-80.84044,"{'area': 'yes', 'artist_name': 'Andrew Leicester', 'artwork_type': 'installation', 'height': '15', 'tourism': 'artwork'}",,,,artwork,,,,,way/984713016
1,way,984713017,,35.2251438,-80.840378,"{'area': 'yes', 'artist_name': 'Andrew Leicester', 'artwork_type': 'installation', 'height': '15', 'tourism': 'artwork'}",,,,artwork,,,,,way/984713017
1,way,985188329,The Ivey's Hotel,35.2283618,-80.8426649,"{'addr:city': 'Charlotte', 'addr:housenumber': '127', 'addr:postcode': '28202', 'addr:state': 'NC', 'addr:street': 'North Tryon Street', 'building': 'yes', 'name': ""The Ivey's Hotel"", 'tourism': 'hotel', 'wikidata': 'Q111394606'}",,,,hotel,,,,,way/985188329
1,way,1047474962,Homewood Suites by Hilton Charlotte Uptown First Ward,35.2293848,-80.8371692,"{'addr:city': 'Charlotte', 'addr:housenumber': '508', 'addr:postcode': '28202', 'addr:state': 'NC', 'addr:street': 'North College Street', 'brand': 'Homewood Suites', 'brand:wikidata': 'Q5890701', 'building': 'yes', 'name': 'Homewood Suites by Hilton Charlotte Uptown First Ward', 'official_name': 'Homewood Suites by Hilton', 'tourism': 'hotel'}",,,,hotel,,,,,way/1047474962
1,way,1181519420,,35.2291463,-80.8409757,"{'artwork_type': 'mural', 'tourism': 'artwork'}",,,,artwork,,,,,way/1181519420
1,way,1192647310,,35.2292177,-80.8353718,"{'artwork_type': 'mural', 'tourism': 'artwork'}",,,,artwork,,,,,way/1192647310
1,way,1192647313,Bus Stop,35.2267207,-80.8367246,"{'artist_name': 'Donald Justice', 'artwork_type': 'mural', 'name': 'Bus Stop', 'tourism': 'artwork'}",,,,artwork,,,,,way/1192647313
1,way,1193944321,,35.2282442,-80.8379035,"{'artwork_type': 'mural', 'tourism': 'artwork'}",,,,artwork,,,,,way/1193944321
1,way,1193944322,,35.2281892,-80.8379742,"{'artwork_type': 'mural', 'tourism': 'artwork'}",,,,artwork,,,,,way/1193944322
1,way,1193944323,,35.2283763,-80.8376465,"{'artwork_type': 'mural', 'tourism': 'artwork'}",,,,artwork,,,,,way/1193944323
1,way,1193944324,,35.2283325,-80.8382383,"{'artwork_type': 'mural', 'tourism': 'artwork'}",,,,artwork,,,,,way/1193944324
1,way,1193944325,,35.2281514,-80.8380229,"{'artwork_type': 'mural', 'tourism': 'artwork'}",,,,artwork,,,,,way/1193944325
1,way,1193944326,,35.2282201,-80.837878,"{'artwork_type': 'mural', 'tourism': 'artwork'}",,,,artwork,,,,,way/1193944326
1,way,1193944327,,35.2284645,-80.838124,"{'artwork_type': 'mural', 'tourism': 'artwork'}",,,,artwork,,,,,way/1193944327
1,way,1193944328,,35.2284418,-80.8377781,"{'artwork_type': 'mural', 'tourism': 'artwork'}",,,,artwork,,,,,way/1193944328
1,way,1193944329,,35.2283855,-80.8376154,"{'artwork_type': 'mural', 'tourism': 'artwork'}",,,,artwork,,,,,way/1193944329
1,way,1193944330,,35.2285435,-80.8378878,"{'artwork_type': 'mural', 'tourism': 'artwork'}",,,,artwork,,,,,way/1193944330
1,way,1193944331,,35.2284106,-80.8377234,"{'artwork_type': 'mural', 'tourism': 'artwork'}",,,,artwork,,,,,way/1193944331
1,way,1193944332,,35.228308,-80.8382268,"{'artwork_type': 'mural', 'tourism': 'artwork'}",,,,artwork,,,,,way/1193944332
1,way,1193944333,,35.2283217,-80.8382091,"{'artwork_type': 'mural', 'tourism': 'artwork'}",,,,artwork,,,,,way/1193944333
1,way,1195522522,,35.2265807,-80.8365836,"{'artwork_type': 'mural', 'tourism': 'artwork'}",,,,artwork,,,,,way/1195522522
1,relation,13234458,Flying Shuttles,35.2252239,-80.8404714,"{'artist_name': 'Andrew Leicester', 'artwork_type': 'installation', 'name': 'Flying Shuttles', 'tourism': 'artwork', 'type': 'multipolygon'}",,,,artwork,,,,,relation/13234458
1,node,10971338351,Allen Tate Realtors,35.2287146,-80.8411676,"{'name': 'Allen Tate Realtors', 'office': 'estate_agent'}",,,,,estate_agent,,,,node/10971338351
1,way,1004213265,WFAE,35.227736,-80.8373174,"{'building': 'yes', 'height': '10', 'name': 'WFAE', 'office': 'yes'}",,,,,yes,,,,way/1004213265
1,way,1410822089,Foundation for the Carolinas,35.2283813,-80.8410298,"{'building': 'yes', 'height': '20', 'name': 'Foundation for the Carolinas', 'office': 'foundation'}",,,,,foundation,,,,way/1410822089
1,node,4069128359,Davidson Street,35.2228473,-80.8378778,"{'name': 'Davidson Street', 'network': 'LYNX', 'operator': 'CATS', 'public_transport': 'stop_position', 'railway': 'tram_stop', 'tram': 'yes'}",,,,,,stop_position,,,node/4069128359
1,node,4069129776,CTC/Arena,35.2248206,-80.8402422,"{'name': 'CTC/Arena', 'network': 'CityLynx', 'operator': 'Charlotte Area Transit System', 'public_transport': 'stop_position', 'railway': 'tram_stop', 'tram': 'yes'}",,,,,,stop_position,,,node/4069129776
1,node,6300257874,CTC/Arena,35.2243621,-80.8397846,"{'name': 'CTC/Arena', 'network': 'CityLynx', 'operator': 'Charlotte Area Transit System', 'public_transport': 'stop_position', 'railway': 'tram_stop', 'tram': 'yes'}",,,,,,stop_position,,,node/6300257874
1,node,6781452785,,35.2288405,-80.8406292,"{'bench': 'no', 'bus': 'yes', 'highway': 'bus_stop', 'public_transport': 'platform', 'route_ref': '11, 21', 'shelter': 'yes'}",,,,,,platform,,,node/6781452785
1,node,8419403078,7th Street,35.2271066,-80.8385242,"{'light_rail': 'yes', 'name': '7th Street', 'network': 'LYNX', 'operator': 'CATS', 'public_transport': 'stop_position', 'railway': 'stop'}",,,,,,stop_position,,,node/8419403078
1,node,8419403079,7th Street,35.2275312,-80.8378459,"{'light_rail': 'yes', 'name': '7th Street', 'network': 'LYNX', 'operator': 'CATS', 'public_transport': 'stop_position', 'railway': 'stop'}",,,,,,stop_position,,,node/8419403079
1,node,8419403080,CTC/Arena,35.2251898,-80.8410866,"{'light_rail': 'yes', 'name': 'CTC/Arena', 'network': 'LYNX', 'operator': 'CATS', 'public_transport': 'stop_position', 'railway': 'stop'}",,,,,,stop_position,,,node/8419403080
1,node,8419403081,CTC/Arena,35.2254555,-80.8406916,"{'light_rail': 'yes', 'name': 'CTC/Arena', 'network': 'LYNX', 'operator': 'CATS', 'public_transport': 'stop_position', 'railway': 'stop'}",,,,,,stop_position,,,node/8419403081
1,node,9215059834,East Trade St at College Street,35.2267196,-80.8426369,"{'bin': 'yes', 'bus': 'yes', 'highway': 'bus_stop', 'name': 'East Trade St at College Street', 'network': 'CATS', 'network:wikidata': 'Q5085831', 'operator': 'Charlotte Area Transit System', 'public_transport': 'platform', 'ref': '8430', 'route_ref': '1;7;8;21;26;34', 'shelter': 'yes'}",,,,,,platform,,,node/9215059834
1,way,534908511,,35.2272804,-80.8381399,"{'area': 'yes', 'bench': 'yes', 'bin': 'yes', 'light_rail': 'yes', 'lit': 'yes', 'network': 'LYNX', 'operator': 'CATS', 'public_transport': 'platform', 'railway': 'platform', 'shelter': 'yes', 'tactile_paving': 'yes'}",,,,,,platform,,,way/534908511
1,way,534908512,,35.2273583,-80.8382206,"{'area': 'yes', 'bench': 'yes', 'bin': 'yes', 'light_rail': 'yes', 'lit': 'yes', 'network': 'LYNX', 'operator': 'CATS', 'public_transport': 'platform', 'railway': 'platform', 'shelter': 'yes', 'tactile_paving': 'yes'}",,,,,,platform,,,way/534908512
1,way,535123114,,35.2252789,-80.8408344,"{'area': 'yes', 'bench': 'yes', 'bin': 'yes', 'bridge': 'yes', 'layer': '1', 'light_rail': 'yes', 'lit': 'yes', 'network': 'LYNX', 'operator': 'Charlotte Area Transit System', 'public_transport': 'platform', 'railway': 'platform', 'shelter': 'yes', 'tactile_paving': 'yes'}",,,,,,platform,,,way/535123114
1,way,535123116,,35.2253679,-80.8409403,"{'area': 'yes', 'bench': 'yes', 'bin': 'yes', 'bridge': 'yes', 'layer': '1', 'light_rail': 'yes', 'lit': 'yes', 'network': 'LYNX', 'operator': 'Charlotte Area Transit System', 'public_transport': 'platform', 'railway': 'platform', 'shelter': 'yes', 'tactile_paving': 'yes'}",,,,,,platform,,,way/535123116
1,way,535304222,,35.2296205,-80.8349721,"{'area': 'yes', 'bench': 'yes', 'bin': 'yes', 'light_rail': 'yes', 'lit': 'yes', 'network': 'LYNX', 'operator': 'CATS', 'public_transport': 'platform', 'railway': 'platform', 'shelter': 'yes', 'tactile_paving': 'yes'}",,,,,,platform,,,way/535304222
1,way,672780356,,35.2244345,-80.8398284,"{'area': 'yes', 'bench': 'yes', 'bin': 'yes', 'network': 'CityLynx', 'operator': 'Charlotte Area Transit System', 'public_transport': 'platform', 'railway': 'platform', 'shelter': 'yes', 'surface': 'concrete', 'tram': 'yes'}",,,,,,platform,,,way/672780356
1,way,672780359,,35.2247075,-80.8400908,"{'area': 'yes', 'network': 'CityLynx', 'operator': 'Charlotte Area Transit System', 'public_transport': 'platform', 'railway': 'platform', 'surface': 'concrete', 'tram': 'yes'}",,,,,,platform,,,way/672780359
1,way,672783587,,35.2227538,-80.8378211,"{'area': 'yes', 'network': 'CityLynx', 'operator': 'Charlotte Area Transit System', 'public_transport': 'platform', 'railway': 'platform', 'surface': 'concrete', 'tram': 'yes'}",,,,,,platform,,,way/672783587
1,way,1186330002,CTC/Arena,35.2253235,-80.8408876,"{'bridge:structure': 'beam', 'layer': '1', 'light_rail': 'yes', 'man_made': 'bridge', 'name': 'CTC/Arena', 'network': 'LYNX', 'operator': 'CATS', 'public_transport': 'station', 'railway': 'station', 'station': 'light_rail', 'wheelchair': 'yes', 'wikidata': 'Q5086171', 'wikipedia': 'en:Charlotte Transportation Center'}",,,,,,station,,,way/1186330002
1,way,1186590085,7th Street,35.2273188,-80.8381797,"{'light_rail': 'yes', 'name': '7th Street', 'network': 'LYNX', 'operator': 'CATS', 'public_transport': 'station', 'railway': 'station', 'station': 'light_rail', 'wheelchair': 'yes', 'wikidata': 'Q4644188', 'wikipedia': 'en:7th_Street_station_(Charlotte)'}",,,,,,station,,,way/1186590085
1,relation,10014281,CTC/Arena (Blue Line),35.2253235,-80.8408876,"{'name': 'CTC/Arena (Blue Line)', 'network': 'LYNX', 'operator': 'Charlotte Area Transit System', 'public_transport': 'stop_area', 'railway': 'facility', 'type': 'public_transport'}",,,,,,stop_area,,,relation/10014281
1,relation,10014282,7th Street,35.2273188,-80.8381797,"{'name': '7th Street', 'network': 'LYNX', 'public_transport': 'stop_area', 'railway': 'facility', 'type': 'public_transport'}",,,,,,stop_area,,,relation/10014282
1,relation,12309361,9th Street,35.2296591,-80.8350163,"{'name': '9th Street', 'network': 'LYNX', 'public_transport': 'stop_area', 'railway': 'facility', 'type': 'public_transport'}",,,,,,stop_area,,,relation/12309361
1,relation,12309568,Davidson Street Station,35.2227555,-80.8378211,"{'name': 'Davidson Street Station', 'network': 'CityLynx', 'operator': 'Charlotte Area Transit System', 'public_transport': 'stop_area', 'railway': 'facility', 'start_date': '2015-07-14', 'type': 'public_transport', 'wikidata': 'Q28971269', 'wikipedia': 'en:Davidson Street station'}",,,,,,stop_area,,,relation/12309568
1,relation,12309569,CTC/Arena (Gold Line),35.2246034,-80.8400278,"{'name': 'CTC/Arena (Gold Line)', 'network': 'CityLynx', 'operator': 'Charlotte Area Transit System', 'public_transport': 'stop_area', 'railway': 'facility', 'start_date': '2015-07-14', 'type': 'public_transport', 'wikidata': 'Q5086171', 'wikipedia': 'en:Charlotte Transportation Center'}",,,,,,stop_area,,,relation/12309569
1,relation,12309570,Charlotte Transportation Center,35.2244978,-80.8410525,"{'name': 'Charlotte Transportation Center', 'network': 'CATS', 'operator': 'Charlotte Area Transit System', 'public_transport': 'stop_area', 'ref': 'CTC', 'type': 'public_transport'}",,,,,,stop_area,,,relation/12309570
1,node,10965747079,Dr Steven C Moore & Associates,35.2267933,-80.8422597,"{'healthcare': 'optometrist', 'level': '1', 'name': 'Dr Steven C Moore & Associates'}",,,,,,,optometrist,,node/10965747079
1,node,12638766030,CoviLab,35.2288068,-80.8343512,"{'healthcare': 'laboratory', 'name': 'CoviLab'}",,,,,,,laboratory,,node/12638766030
2,node,1848893531,Epicenter Parking,35.22567,-80.8415601,"{'amenity': 'parking', 'layer': '-1', 'name': 'Epicenter Parking', 'parking': 'underground'}",parking,,,,,,,,node/1848893531
2,node,1848893550,Fleming's,35.225542,-80.8427582,"{'addr:city': 'Charlotte', 'addr:housenumber': '210', 'addr:postcode': '28202', 'addr:state': 'NC', 'addr:street': 'East Trade Street', 'addr:unit': 'Suite C-110', 'amenity': 'restaurant', 'brand': ""Fleming's"", 'brand:wikidata': 'Q5458552', 'cuisine': 'steak_house', 'name': ""Fleming's"", 'official_name': ""Fleming's Prime Steakhouse & Wine Bar""}",restaurant,,,,,,,,node/1848893550
2,node,1848893577,Basil Thai Cuisine,35.2289353,-80.8427746,"{'addr:city': 'Charlotte', 'addr:country': 'US', 'addr:housenumber': '210', 'addr:postcode': '28202', 'addr:state': 'NC', 'addr:street': 'North Church Street', 'amenity': 'restaurant', 'cuisine': 'thai', 'name': 'Basil Thai Cuisine', 'wheelchair': 'yes'}",restaurant,,,,,,,,node/1848893577
2,node,1848893622,Sea Grill Restaurant and Bar,35.225726,-80.8422936,"{'amenity': 'restaurant', 'name': 'Sea Grill Restaurant and Bar'}",restaurant,,,,,,,,node/1848893622
2,node,1848893663,Caffe Siena,35.2274313,-80.8400624,"{'addr:city': 'Charlotte', 'addr:country': 'US', 'addr:housenumber': '230', 'addr:postcode': '28202', 'addr:state': 'NC', 'addr:street': 'North College Street', 'amenity': 'restaurant', 'cuisine': 'italian', 'name': 'Caffe Siena'}",restaurant,,,,,,,,node/1848893663
2,node,1848893667,Fitzgerald's Irish Pub,35.2269129,-80.8404682,"{'addr:city': 'Charlotte', 'addr:country': 'US', 'addr:housenumber': '201', 'addr:postcode': '28202', 'addr:state': 'NC', 'addr:street': 'East 5th Street', 'amenity': 'pub', 'cuisine': 'fish_and_chips', 'name': ""Fitzgerald's Irish Pub""}",pub,,,,,,,,node/1848893667
2,node,3407575256,Starbucks,35.2276002,-80.8427981,"{'amenity': 'cafe', 'brand': 'Starbucks', 'brand:wikidata': 'Q37158', 'cost:coffee': '$1.75', 'cuisine': 'coffee_shop', 'name': 'Starbucks', 'official_name': 'Starbucks Coffee', 'takeaway': 'yes'}",cafe,,,,,,,,node/3407575256
2,node,4001610999,,35.2271093,-80.8433622,{'amenity': 'waste_basket'},waste_basket,,,,,,,,node/4001610999
2,node,4001611000,,35.2271005,-80.8433783,{'amenity': 'recycling'},recycling,,,,,,,,node/4001611000
2,node,4001621937,McCormick & Schmick's,35.226461,-80.8445484,"{'amenity': 'restaurant', 'brand': ""McCormick & Schmick's"", 'brand:wikidata': 'Q6800562', 'cuisine': 'seafood;steak', 'name': ""McCormick & Schmick's""}",restaurant,,,,,,,,node/4001621937
2,node,4001621938,,35.2263528,-80.84453,{'amenity': 'bicycle_parking'},bicycle_parking,,,,,,,,node/4001621938
2,node,4311889293,Dandelion Market,35.228636,-80.8425072,"{'addr:city': 'Charlotte', 'addr:country': 'US', 'addr:housenumber': '118', 'addr:postcode': '28202', 'addr:state': 'NC', 'addr:street': 'West 5th Street', 'amenity': 'restaurant', 'email': 'info@thedandelionmarket.com', 'name': 'Dandelion Market', 'opening_hours': 'Mo-Fr 11:00-15:00, 16:00-23:00; Sa-Su 10:00-15:00, 16:00-23:00', 'phone': '+1 704 333 7989', 'website': 'https://www.dandelionmarketcharlotte.com/'}",restaurant,,,,,,,,node/4311889293
2,node,4945133523,Panera Bread,35.2248039,-80.8436326,"{'addr:city': 'Charlotte', 'addr:country': 'US', 'addr:housenumber': '201', 'addr:postcode': '28244', 'addr:state': 'NC', 'addr:street': 'South College Street', 'addr:unit': '150', 'amenity': 'fast_food', 'brand': 'Panera Bread', 'brand:wikidata': 'Q7130852', 'cuisine': 'sandwich;bakery', 'internet_access': 'wlan', 'name': 'Panera Bread', 'opening_hours': 'Mo-Fr 07:00-17:00', 'phone': '+1 704-998-2074', 'short_name': 'Panera', 'takeaway': 'yes', 'website': 'https://locations.panerabread.com/nc/charlotte/201-s-college-street.html'}",fast_food,,,,,,,,node/4945133523
2,node,5948979211,Nuvolé Rooftop Twenty Two,35.2257161,-80.8409032,"{'addr:city': 'Charlotte', 'addr:housenumber': '220', 'addr:postcode': '28202', 'addr:state': 'NC', 'addr:street': 'East Trade Street', 'addr:unit': '2200', 'amenity': 'bar', 'name': 'Nuvolé Rooftop Twenty Two', 'smoking': 'no'}",bar,,,,,,,,node/5948979211
2,node,6093389461,,35.2246295,-80.8438235,{'amenity': 'fountain'},fountain,,,,,,,,node/6093389461
2,node,6332298775,RedEye Diner,35.2252054,-80.8421438,"{'amenity': 'restaurant', 'name': 'RedEye Diner'}",restaurant,,,,,,,,node/6332298775
2,node,6376981600,Starbucks,35.2222397,-80.8451394,"{'addr:city': 'Charlotte', 'addr:housenumber': '501', 'addr:postcode': '28202', 'addr:state': 'NC', 'addr:street': 'South College Street', 'amenity': 'cafe', 'branch': 'Charlotte Convention Center', 'brand': 'Starbucks', 'brand:wikidata': 'Q37158', 'cuisine': 'coffee_shop', 'name': 'Starbucks', 'official_name': 'Starbucks Coffee', 'phone': '+1 704-339-6046', 'ref': '8017', 'takeaway': 'yes', 'website': 'https://www.starbucks.com/store-locator/store/8017/charlotte-convention-center-501-s-college-st-charlotte-nc-282021827-us', 'wheelchair': 'yes'}",cafe,,,,,,,,node/6376981600
2,node,9099545837,Caribou Coffee,35.226953,-80.8420991,"{'amenity': 'cafe', 'brand': 'Caribou Coffee', 'brand:wikidata': 'Q5039494', 'cuisine': 'coffee_shop', 'level': '1', 'name': 'Caribou Coffee', 'takeaway': 'yes'}",cafe,,,,,,,,node/9099545837
2,node,9099545838,Bank of America,35.226847,-80.8422897,"{'amenity': 'bank', 'atm': 'yes', 'brand': 'Bank of America', 'brand:wikidata': 'Q487907', 'drive_through': 'no', 'level': '0', 'name': 'Bank of America'}",bank,,,,,,,,node/9099545838
2,node,9099545841,Aria Tuscan Grill,35.2266313,-80.8421473,"{'amenity': 'restaurant', 'cuisine': 'italian', 'level': '0', 'name': 'Aria Tuscan Grill', 'website': 'https://www.ariacharlotte.com/'}",restaurant,,,,,,,,node/9099545841
2,node,9099545870,Mert's Heart And Soul,35.2272922,-80.8402846,"{'addr:city': 'Charlotte', 'addr:housenumber': '214', 'addr:postcode': '28202', 'addr:state': 'NC', 'addr:street': 'North College Street', 'amenity': 'restaurant', 'cuisine': 'southern', 'name': ""Mert's Heart And Soul""}",restaurant,,,,,,,,node/9099545870
2,node,9099545873,Rooster's Wood-fired Kitchen,35.2267108,-80.8409945,"{'addr:city': 'Charlotte', 'addr:housenumber': '150', 'addr:postcode': '28202', 'addr:state': 'NC', 'addr:street': 'North College Street', 'amenity': 'restaurant', 'cuisine': 'american', 'name': ""Rooster's Wood-fired Kitchen""}",restaurant,,,,,,,,node/9099545873
2,node,9103883863,,35.2243234,-80.8387765,"{'access': 'private', 'amenity': 'parking_entrance', 'level': '0', 'parking': 'underground'}",parking_entrance,,,,,,,,node/9103883863
2,node,9103883909,,35.2241742,-80.8392823,"{'access': 'customers', 'amenity': 'parking_entrance', 'level': '0', 'maxheight': '7\'0""', 'parking': 'underground'}",parking_entrance,,,,,,,,node/9103883909
2,node,9108307123,,35.2285972,-80.843339,"{'access': 'yes', 'amenity': 'parking_entrance', 'level': '0', 'parking': 'multi-storey'}",parking_entrance,,,,,,,,node/9108307123
2,node,9108307137,Qdoba,35.2280328,-80.8421691,"{'addr:city': 'Charlotte', 'addr:housenumber': '127', 'addr:postcode': '28202', 'addr:state': 'NC', 'addr:street': 'North Tryon Street', 'addr:unit': '2', 'amenity': 'fast_food', 'branch': 'North Tryon', 'brand': 'Qdoba', 'brand:wikidata': 'Q1363885', 'cuisine': 'mexican', 'drive_through': 'no', 'name': 'Qdoba', 'official_name': 'Qdoba Mexican Eats', 'opening_hours': '10:30-22:00', 'phone': '+1 704-295-4111', 'takeaway': 'yes', 'website': 'https://locations.qdoba.com/us/nc/charlotte/127-n-tryon-st.html'}",fast_food,,,,,,,,node/9108307137
2,node,9111862609,,35.2260937,-80.8433489,"{'access': 'private', 'amenity': 'parking_entrance', 'parking': 'underground'}",parking_entrance,,,,,,,,node/9111862609
2,node,10254120669,Ri Ra,35.22807,-80.8415397,"{'amenity': 'pub', 'internet_access': 'wlan', 'internet_access:fee': 'no', 'name': 'Ri Ra', 'smoking': 'no', 'website': 'https://rira.com/charlotte/'}",pub,,,,,,,,node/10254120669
2,node,10768573106,Coco and the Director,35.2277041,-80.8433215,"{'addr:city': 'Charlotte', 'addr:housenumber': '100', 'addr:postcode': '28202', 'addr:state': 'NC', 'addr:street': 'West Trade Street', 'amenity': 'cafe', 'cuisine': 'coffee_shop', 'level': '0', 'name': 'Coco and the Director', 'not:brand:wikidata': 'Q65084369', 'phone': '+1-704-353-6003', 'takeaway': 'yes'}",cafe,,,,,,,,node/10768573106
2,node,10965747074,McAlister's Deli,35.2257979,-80.8432795,"{'amenity': 'restaurant', 'brand': ""McAlister's Deli"", 'brand:wikidata': 'Q17020829', 'cuisine': 'sandwich', 'level': '0', 'name': ""McAlister's Deli""}",restaurant,,,,,,,,node/10965747074
2,node,10965747081,Uncle Maddio’s,35.2258707,-80.8431879,"{'amenity': 'fast_food', 'cuisine': 'pizza', 'level': '0', 'name': 'Uncle Maddio’s'}",fast_food,,,,,,,,node/10965747081
2,node,10965747082,Starbucks,35.2261949,-80.8429387,"{'addr:city': 'Charlotte', 'addr:housenumber': '101', 'addr:postcode': '28280', 'addr:state': 'NC', 'addr:street': 'South Tryon Street', 'amenity': 'cafe', 'branch': '101 South Tryon', 'brand': 'Starbucks', 'brand:wikidata': 'Q37158', 'cuisine': 'coffee_shop', 'level': '1', 'name': 'Starbucks', 'official_name': 'Starbucks Coffee', 'phone': '+1 704-374-9519', 'ref': '14918', 'takeaway': 'yes', 'website': 'https://www.starbucks.com/store-locator/store/14918/101-south-tryon-101-s-tryon-street-charlotte-nc-282800002-us'}",cafe,,,,,,,,node/10965747082
2,node,10965747084,Chick-fil-A,35.2259484,-80.8431228,"{'addr:city': 'Charlotte', 'addr:housenumber': '101', 'addr:postcode': '28280', 'addr:state': 'NC', 'addr:street': 'South Tryon Street', 'addr:unit': '9 2 Bank', 'amenity': 'fast_food', 'branch': '101 South Tryon Street', 'brand': 'Chick-fil-A', 'brand:wikidata': 'Q491516', 'cuisine': 'chicken', 'delivery': 'no', 'drive_through': 'no', 'indoor_seating': 'yes', 'internet_access': 'wlan', 'level': '0', 'name': 'Chick-fil-A', 'opening_hours': 'Mo-Fr 07:00-16:00; Su off', 'phone': '+1 704-344-0222', 'ref': '00462', 'takeaway': 'yes', 'website': 'https://www.chick-fil-a.com/locations/nc/101-south-tryon-street'}",fast_food,,,,,,,,node/10965747084
2,node,10968050746,Prohibition,35.227991,-80.8416796,"{'amenity': 'bar', 'name': 'Prohibition'}",bar,,,,,,,,node/10968050746
2,node,10968081131,,35.2287184,-80.8426515,"{'access': 'yes', 'amenity': 'parking', 'fee': 'yes', 'parking': 'multi-storey'}",parking,,,,,,,,node/10968081131
2,node,10968443160,The King’s Kitchen,35.2279553,-80.844195,"{'amenity': 'restaurant', 'cuisine': 'southern;american', 'name': 'The King’s Kitchen'}",restaurant,,,,,,,,node/10968443160
2,node,10968443161,Church & Union,35.2288036,-80.8430168,"{'amenity': 'restaurant', 'name': 'Church & Union'}",restaurant,,,,,,,,node/10968443161
2,node,10968443162,Spoons,35.2278444,-80.8440761,"{'amenity': 'fast_food', 'cuisine': 'fruit', 'name': 'Spoons'}",fast_food,,,,,,,,node/10968443162
2,node,10971338340,Capital Grille,35.228302,-80.8420829,"{'amenity': 'restaurant', 'name': 'Capital Grille'}",restaurant,,,,,,,,node/10971338340
2,node,10971338341,Truist,35.228128,-80.8414529,"{'amenity': 'bank', 'brand': 'Truist', 'brand:wikidata': 'Q795486', 'name': 'Truist'}",bank,,,,,,,,node/10971338341
2,node,10971338342,Cicchetti,35.2265155,-80.8419818,"{'amenity': 'restaurant', 'cuisine': 'italian', 'name': 'Cicchetti'}",restaurant,,,,,,,,node/10971338342
2,node,10971338343,The Asbury,35.2287475,-80.8411196,"{'amenity': 'restaurant', 'name': 'The Asbury'}",restaurant,,,,,,,,node/10971338343
2,node,10971338344,Skyview Dentistry,35.2251624,-80.8418445,"{'amenity': 'dentist', 'healthcare': 'dentist', 'level': '3', 'name': 'Skyview Dentistry', 'phone': '+1 704 632 7700'}",dentist,,,,,,dentist,,node/10971338344
2,node,10971338345,The Local,35.2277854,-80.8415385,"{'amenity': 'bar', 'name': 'The Local'}",bar,,,,,,,,node/10971338345
2,node,10971338346,204 North,35.2280288,-80.8416252,"{'amenity': 'restaurant', 'name': '204 North'}",restaurant,,,,,,,,node/10971338346
2,node,10971338347,Retro Bar,35.2279567,-80.8417233,"{'addr:city': 'Charlotte', 'addr:housenumber': '200', 'addr:postcode': '28202', 'addr:state': 'NC', 'addr:street': 'North Tryon Street', 'amenity': 'bar', 'name': 'Retro Bar', 'website': 'https://retrobarclt.com'}",bar,,,,,,,,node/10971338347
2,node,10971338349,Fifth Third Bank,35.2286219,-80.8412861,"{'amenity': 'bank', 'brand': 'Fifth Third Bank', 'brand:wikidata': 'Q1411810', 'name': 'Fifth Third Bank', 'short_name': '5/3 Bank'}",bank,,,,,,,,node/10971338349
2,node,10971338350,,35.2286257,-80.8412629,"{'amenity': 'atm', 'brand': 'Fifth Third Bank', 'brand:wikidata': 'Q1411810', 'operator': 'Fifth Third Bank', 'operator:wikidata': 'Q1411810', 'short_name': '5/3 Bank'}",atm,,,,,,,,node/10971338350
2,node,10972350809,,35.2272489,-80.8365849,"{'amenity': 'bench', 'armrest': 'yes', 'backrest': 'yes', 'material': 'wood'}",bench,,,,,,,,node/10972350809
2,node,10972350811,,35.2272764,-80.8366969,"{'amenity': 'bench', 'armrest': 'yes', 'backrest': 'yes', 'material': 'wood'}",bench,,,,,,,,node/10972350811
2,node,10972350812,,35.227259,-80.8365574,"{'amenity': 'bench', 'armrest': 'yes', 'backrest': 'yes', 'material': 'wood'}",bench,,,,,,,,node/10972350812
2,node,10972350813,,35.2272418,-80.8365826,"{'amenity': 'bench', 'armrest': 'yes', 'backrest': 'yes', 'material': 'wood'}",bench,,,,,,,,node/10972350813
2,node,10972350820,,35.2273007,-80.8367037,"{'amenity': 'bench', 'armrest': 'yes', 'backrest': 'yes', 'material': 'wood'}",bench,,,,,,,,node/10972350820
2,node,10972350821,,35.2272532,-80.8365532,"{'amenity': 'bench', 'armrest': 'yes', 'backrest': 'yes', 'material': 'wood'}",bench,,,,,,,,node/10972350821
2,node,10972350823,,35.2272803,-80.8366929,"{'amenity': 'bench', 'armrest': 'yes', 'backrest': 'yes', 'material': 'wood'}",bench,,,,,,,,node/10972350823
2,node,10972350824,,35.2272462,-80.8366119,"{'amenity': 'bench', 'armrest': 'yes', 'backrest': 'yes', 'material': 'wood'}",bench,,,,,,,,node/10972350824
2,node,10972350825,,35.2272985,-80.8367095,"{'amenity': 'bench', 'armrest': 'yes', 'backrest': 'yes', 'material': 'wood'}",bench,,,,,,,,node/10972350825
2,node,10972350828,,35.2272638,-80.8366732,"{'amenity': 'bench', 'armrest': 'yes', 'backrest': 'yes', 'material': 'wood'}",bench,,,,,,,,node/10972350828
2,node,10972350830,,35.2272395,-80.8366142,"{'amenity': 'bench', 'armrest': 'yes', 'backrest': 'yes', 'material': 'wood'}",bench,,,,,,,,node/10972350830
2,node,10972350832,,35.2272577,-80.8366774,"{'amenity': 'bench', 'armrest': 'yes', 'backrest': 'yes', 'material': 'wood'}",bench,,,,,,,,node/10972350832
2,node,10979308779,,35.2269424,-80.84332,"{'amenity': 'bench', 'backrest': 'yes', 'seats': '4'}",bench,,,,,,,,node/10979308779
2,node,10979308780,,35.2269197,-80.8433523,"{'amenity': 'bench', 'backrest': 'yes', 'seats': '4'}",bench,,,,,,,,node/10979308780
2,node,10979308781,,35.226848,-80.8434607,"{'amenity': 'bench', 'backrest': 'yes', 'seats': '4'}",bench,,,,,,,,node/10979308781
2,node,10979308782,,35.2268252,-80.8434914,"{'amenity': 'bench', 'backrest': 'yes', 'seats': '4'}",bench,,,,,,,,node/10979308782
2,node,10979308793,,35.2269731,-80.8432808,"{'amenity': 'bicycle_parking', 'bicycle_parking': 'wave', 'capacity': '3', 'covered': 'no'}",bicycle_parking,,,,,,,,node/10979308793
2,node,10979308794,,35.2269878,-80.8432612,"{'amenity': 'bicycle_parking', 'bicycle_parking': 'wave', 'capacity': '3', 'covered': 'no'}",bicycle_parking,,,,,,,,node/10979308794
2,node,10979308795,,35.2268773,-80.843419,"{'amenity': 'bicycle_parking', 'bicycle_parking': 'wave', 'capacity': '3', 'covered': 'no'}",bicycle_parking,,,,,,,,node/10979308795
2,node,10979308796,,35.2268905,-80.8433988,"{'amenity': 'bicycle_parking', 'bicycle_parking': 'wave', 'capacity': '3', 'covered': 'no'}",bicycle_parking,,,,,,,,node/10979308796
2,node,10979308797,,35.2267291,-80.8436305,"{'amenity': 'bench', 'backrest': 'yes', 'seats': '4'}",bench,,,,,,,,node/10979308797
2,node,10979308798,,35.2267057,-80.84366,"{'amenity': 'bench', 'backrest': 'yes', 'seats': '4'}",bench,,,,,,,,node/10979308798
2,node,10979308799,,35.2266323,-80.8437692,"{'amenity': 'bench', 'backrest': 'yes', 'seats': '4'}",bench,,,,,,,,node/10979308799
2,node,10979308800,,35.2266108,-80.8437978,"{'amenity': 'bench', 'backrest': 'yes', 'seats': '4'}",bench,,,,,,,,node/10979308800
2,node,10979308801,,35.226535,-80.8439061,"{'amenity': 'bench', 'backrest': 'yes', 'seats': '4'}",bench,,,,,,,,node/10979308801
2,node,10979308802,,35.2265145,-80.8439361,"{'amenity': 'bench', 'backrest': 'yes', 'seats': '4'}",bench,,,,,,,,node/10979308802
2,node,10979328108,,35.226995,-80.8435154,{'amenity': 'waste_basket'},waste_basket,,,,,,,,node/10979328108
2,node,10979328109,,35.2269862,-80.8435315,{'amenity': 'recycling'},recycling,,,,,,,,node/10979328109
2,node,10979328110,,35.2269346,-80.8436081,"{'amenity': 'bench', 'backrest': 'yes', 'seats': '4'}",bench,,,,,,,,node/10979328110
2,node,10979328111,,35.2269032,-80.8436479,"{'amenity': 'bicycle_parking', 'bicycle_parking': 'stands', 'capacity': '2'}",bicycle_parking,,,,,,,,node/10979328111
2,node,10979328112,,35.22689,-80.8436674,{'amenity': 'waste_basket'},waste_basket,,,,,,,,node/10979328112
2,node,10979328117,,35.2268592,-80.8437149,"{'amenity': 'bench', 'backrest': 'yes', 'seats': '4'}",bench,,,,,,,,node/10979328117
2,node,10979328118,,35.2268444,-80.843736,"{'amenity': 'bench', 'backrest': 'yes', 'seats': '4'}",bench,,,,,,,,node/10979328118
2,node,10979328119,,35.2268155,-80.8437781,{'amenity': 'waste_basket'},waste_basket,,,,,,,,node/10979328119
2,node,10979328120,,35.2268067,-80.8437942,{'amenity': 'recycling'},recycling,,,,,,,,node/10979328120
2,node,10979328121,,35.2267264,-80.8439126,"{'amenity': 'bicycle_parking', 'bicycle_parking': 'stands', 'capacity': '2'}",bicycle_parking,,,,,,,,node/10979328121
2,node,10979328122,,35.2266255,-80.8440538,"{'amenity': 'bench', 'backrest': 'yes', 'seats': '4'}",bench,,,,,,,,node/10979328122
2,node,10979328123,,35.2266477,-80.8440226,"{'amenity': 'bench', 'backrest': 'yes', 'seats': '4'}",bench,,,,,,,,node/10979328123
2,node,11006244550,Starbucks,35.2280688,-80.8445064,"{'addr:city': 'Charlotte', 'addr:housenumber': '201', 'addr:postcode': '28202', 'addr:state': 'NC', 'addr:street': 'West Trade Street', 'amenity': 'cafe', 'branch': 'Grand Bohemian Charlotte', 'brand': 'Starbucks', 'brand:wikidata': 'Q37158', 'cuisine': 'coffee_shop', 'name': 'Starbucks', 'official_name': 'Starbucks Coffee', 'phone': '+1 704-372-1877', 'ref': '1027954', 'takeaway': 'yes', 'website': 'https://www.starbucks.com/store-locator/store/1027954/grand-bohemian-charlotte-201-west-trade-street-charlotte-nc-28202-us'}",cafe,,,,,,,,node/11006244550
2,node,11015149087,,35.2222191,-80.8408541,{'amenity': 'parking_entrance'},parking_entrance,,,,,,,,node/11015149087
2,node,11015149091,,35.2221947,-80.8408858,{'amenity': 'parking_entrance'},parking_entrance,,,,,,,,node/11015149091
2,node,11015149100,,35.2226399,-80.8403065,{'amenity': 'parking_entrance'},parking_entrance,,,,,,,,node/11015149100
2,node,11015149110,,35.2226155,-80.8403383,{'amenity': 'parking_entrance'},parking_entrance,,,,,,,,node/11015149110
2,node,11015149113,,35.2217287,-80.8403624,{'amenity': 'parking_entrance'},parking_entrance,,,,,,,,node/11015149113
2,node,11015149123,,35.2217527,-80.8403312,{'amenity': 'parking_entrance'},parking_entrance,,,,,,,,node/11015149123
2,node,11015149151,,35.2221729,-80.8397846,{'amenity': 'parking_entrance'},parking_entrance,,,,,,,,node/11015149151
2,node,11015149218,,35.2224939,-80.84144,{'amenity': 'parking_entrance'},parking_entrance,,,,,,,,node/11015149218
2,node,11015149219,,35.2225403,-80.8413784,{'amenity': 'parking_entrance'},parking_entrance,,,,,,,,node/11015149219
2,node,11015149230,,35.2228726,-80.8397426,{'amenity': 'parking_entrance'},parking_entrance,,,,,,,,node/11015149230
2,node,11015149231,,35.2229944,-80.8398902,{'amenity': 'parking_entrance'},parking_entrance,,,,,,,,node/11015149231
2,node,11015149232,,35.2234793,-80.8392818,{'amenity': 'parking_entrance'},parking_entrance,,,,,,,,node/11015149232
2,node,11018293586,,35.2252682,-80.8429221,{'amenity': 'parking_entrance'},parking_entrance,,,,,,,,node/11018293586
2,node,11018304557,,35.2245382,-80.8441545,{'amenity': 'parking_entrance'},parking_entrance,,,,,,,,node/11018304557
2,node,11018779237,,35.2251054,-80.8424342,{'amenity': 'parking_entrance'},parking_entrance,,,,,,,,node/11018779237
2,node,11018779239,,35.2257765,-80.8416776,{'amenity': 'parking_entrance'},parking_entrance,,,,,,,,node/11018779239
2,node,11018779247,,35.2244257,-80.842453,{'amenity': 'parking_entrance'},parking_entrance,,,,,,,,node/11018779247
2,node,11018779249,,35.2245324,-80.8423093,{'amenity': 'parking_entrance'},parking_entrance,,,,,,,,node/11018779249
2,node,11020919395,,35.2256169,-80.8409801,{'amenity': 'parking_entrance'},parking_entrance,,,,,,,,node/11020919395
2,node,11020919397,,35.2262223,-80.8400841,{'amenity': 'parking_entrance'},parking_entrance,,,,,,,,node/11020919397
2,node,11031563238,,35.2280793,-80.8430845,{'amenity': 'parking_entrance'},parking_entrance,,,,,,,,node/11031563238
2,node,11033688967,,35.2279612,-80.8445964,{'amenity': 'parking_entrance'},parking_entrance,,,,,,,,node/11033688967
2,node,11033688969,,35.2278731,-80.8447197,{'amenity': 'parking_entrance'},parking_entrance,,,,,,,,node/11033688969
2,node,11033689067,,35.2275715,-80.8448101,{'amenity': 'parking_entrance'},parking_entrance,,,,,,,,node/11033689067
2,node,11033689070,,35.2274796,-80.8449363,{'amenity': 'parking_entrance'},parking_entrance,,,,,,,,node/11033689070
2,node,11033689073,,35.2271527,-80.8449521,{'amenity': 'parking_entrance'},parking_entrance,,,,,,,,node/11033689073
2,node,11033689075,,35.2270939,-80.8448879,{'amenity': 'parking_entrance'},parking_entrance,,,,,,,,node/11033689075
2,node,11033689090,,35.2270602,-80.8444428,{'amenity': 'parking_entrance'},parking_entrance,,,,,,,,node/11033689090
2,node,11033689091,,35.22764,-80.8438016,{'amenity': 'parking_entrance'},parking_entrance,,,,,,,,node/11033689091
2,node,11033689128,,35.2257398,-80.8432734,{'amenity': 'parking_entrance'},parking_entrance,,,,,,,,node/11033689128
2,node,11033689158,,35.2256795,-80.8429809,{'amenity': 'parking_entrance'},parking_entrance,,,,,,,,node/11033689158
2,node,11035897675,,35.2270979,-80.8458023,{'amenity': 'parking_entrance'},parking_entrance,,,,,,,,node/11035897675
2,node,11035897715,,35.2262592,-80.845877,"{'amenity': 'parking_entrance', 'parking': 'multi-storey'}",parking_entrance,,,,,,,,node/11035897715
2,node,11035897722,,35.2269681,-80.8456802,{'amenity': 'parking_entrance'},parking_entrance,,,,,,,,node/11035897722
2,node,11035897724,,35.2271623,-80.8454044,{'amenity': 'parking_entrance'},parking_entrance,,,,,,,,node/11035897724
2,node,11035897728,,35.2269099,-80.8449586,{'amenity': 'parking_entrance'},parking_entrance,,,,,,,,node/11035897728
2,node,11035897730,,35.2269682,-80.8450519,{'amenity': 'parking_entrance'},parking_entrance,,,,,,,,node/11035897730
2,node,11035897817,,35.2253109,-80.8447539,{'amenity': 'parking_entrance'},parking_entrance,,,,,,,,node/11035897817
2,node,11035897832,,35.2258223,-80.8436224,{'amenity': 'parking_entrance'},parking_entrance,,,,,,,,node/11035897832
2,node,11035897836,,35.2250072,-80.8439727,{'amenity': 'parking_entrance'},parking_entrance,,,,,,,,node/11035897836
2,node,11035897839,,35.2250552,-80.8438972,{'amenity': 'parking_entrance'},parking_entrance,,,,,,,,node/11035897839
2,node,11035897843,,35.2250694,-80.8438374,{'amenity': 'parking_entrance'},parking_entrance,,,,,,,,node/11035897843
2,node,11043397612,,35.223792,-80.845759,{'amenity': 'parking_entrance'},parking_entrance,,,,,,,,node/11043397612
2,node,11043397614,,35.2237656,-80.8457918,{'amenity': 'parking_entrance'},parking_entrance,,,,,,,,node/11043397614
2,node,11043397616,,35.2237173,-80.8458521,{'amenity': 'parking_entrance'},parking_entrance,,,,,,,,node/11043397616
2,node,11043397618,,35.2236471,-80.8459524,{'amenity': 'parking_entrance'},parking_entrance,,,,,,,,node/11043397618
2,node,11049745780,,35.2222524,-80.8436678,{'amenity': 'parking_entrance'},parking_entrance,,,,,,,,node/11049745780
2,node,11049745935,,35.2227551,-80.8435407,{'amenity': 'parking_entrance'},parking_entrance,,,,,,,,node/11049745935
2,node,11049745938,,35.22269,-80.843469,{'amenity': 'parking_entrance'},parking_entrance,,,,,,,,node/11049745938
2,node,11049745970,,35.2231898,-80.8442038,{'amenity': 'parking_entrance'},parking_entrance,,,,,,,,node/11049745970
2,node,11049745973,,35.2235524,-80.844611,{'amenity': 'parking_entrance'},parking_entrance,,,,,,,,node/11049745973
2,node,11049745976,,35.223481,-80.8445308,{'amenity': 'parking_entrance'},parking_entrance,,,,,,,,node/11049745976
2,node,11049745978,,35.2236156,-80.8446815,{'amenity': 'parking_entrance'},parking_entrance,,,,,,,,node/11049745978
2,node,11049745993,,35.223685,-80.8434263,{'amenity': 'parking_entrance'},parking_entrance,,,,,,,,node/11049745993
2,node,11049745994,,35.223719,-80.8434571,{'amenity': 'parking_entrance'},parking_entrance,,,,,,,,node/11049745994
2,node,11049746010,,35.2232813,-80.8428296,{'amenity': 'parking_entrance'},parking_entrance,,,,,,,,node/11049746010
2,node,11067479859,,35.225496,-80.840497,"{'access': 'yes', 'amenity': 'bicycle_parking', 'bicycle_parking': 'stands', 'capacity': '6', 'covered': 'no', 'foot_traffic': 'high', 'indoor': 'no'}",bicycle_parking,,,,,,,,node/11067479859
2,node,11067479860,,35.2254848,-80.8405103,"{'access': 'yes', 'amenity': 'drinking_water', 'fee': 'no'}",drinking_water,,,,,,,,node/11067479860
2,node,11083011683,,35.2282388,-80.8378452,"{'amenity': 'vending_machine', 'vending': 'parking_tickets'}",vending_machine,,,,,,,,node/11083011683
2,node,11083113695,Jimmy John's,35.2278406,-80.8395218,"{'addr:city': 'Charlotte', 'addr:housenumber': '300', 'addr:postcode': '28202', 'addr:state': 'NC', 'addr:street': 'North College Street', 'addr:unit': '100', 'amenity': 'fast_food', 'brand': ""Jimmy John's"", 'brand:wikidata': 'Q1689380', 'cuisine': 'sandwich', 'name': ""Jimmy John's"", 'official_name': ""Jimmy John's Gourmet Sandwiches"", 'phone': '+1 980-819-5351', 'takeaway': 'yes', 'website': 'https://locations.jimmyjohns.com/nc/charlotte/sandwiches-4131.html'}",fast_food,,,,,,,,node/11083113695
2,node,11083113696,Sabor,35.2277542,-80.8394499,"{'amenity': 'fast_food', 'cuisine': 'mexican', 'name': 'Sabor'}",fast_food,,,,,,,,node/11083113696
2,node,11093041439,Avis,35.223752,-80.8440412,"{'amenity': 'car_rental', 'brand': 'Avis', 'brand:wikidata': 'Q791136', 'name': 'Avis', 'official_name': 'Avis Car Rental'}",car_rental,,,,,,,,node/11093041439
2,node,11093618444,,35.2256637,-80.8406002,"{'access': 'yes', 'amenity': 'bicycle_parking', 'bicycle_parking': 'stands', 'capacity': '4', 'covered': 'partial', 'foot_traffic': 'high', 'indoor': 'no'}",bicycle_parking,,,,,,,,node/11093618444
2,node,11096399451,,35.2269081,-80.8364925,"{'amenity': 'vending_machine', 'vending': 'parking_tickets'}",vending_machine,,,,,,,,node/11096399451
2,node,11098808614,Momo Station,35.2276099,-80.8379741,"{'amenity': 'fast_food', 'cuisine': 'indian', 'name': 'Momo Station'}",fast_food,,,,,,,,node/11098808614
2,node,11098808615,,35.2276524,-80.8379211,"{'amenity': 'fast_food', 'cuisine': 'juice'}",fast_food,,,,,,,,node/11098808615
2,node,11098808617,,35.2276933,-80.8379652,"{'amenity': 'fast_food', 'cuisine': 'popcorn'}",fast_food,,,,,,,,node/11098808617
2,node,11098808623,,35.2272939,-80.838623,{'amenity': 'toilets'},toilets,,,,,,,,node/11098808623
2,node,11100885706,,35.2235026,-80.8461081,"{'amenity': 'bicycle_parking', 'bicycle_parking': 'stands', 'capacity': '2', 'covered': 'no'}",bicycle_parking,,,,,,,,node/11100885706
2,node,11103367205,,35.223277,-80.8438985,"{'amenity': 'bicycle_parking', 'bicycle_parking': 'stands', 'capacity': '8', 'covered': 'no'}",bicycle_parking,,,,,,,,node/11103367205
2,node,11137505105,,35.2242184,-80.8454829,"{'amenity': 'bicycle_parking', 'bicycle_parking': 'stands', 'capacity': '4', 'covered': 'partial'}",bicycle_parking,,,,,,,,node/11137505105
2,node,11137505405,,35.2241597,-80.845547,"{'amenity': 'bicycle_parking', 'bicycle_parking': 'stands', 'capacity': '2', 'covered': 'partial'}",bicycle_parking,,,,,,,,node/11137505405
2,node,11152109077,,35.2274754,-80.8425464,"{'amenity': 'bicycle_parking', 'bicycle_parking': 'wave', 'capacity': '3', 'covered': 'partial'}",bicycle_parking,,,,,,,,node/11152109077
2,node,11152109078,,35.2275121,-80.8424925,"{'amenity': 'bicycle_parking', 'bicycle_parking': 'wave', 'capacity': '3', 'covered': 'partial'}",bicycle_parking,,,,,,,,node/11152109078
2,node,11152109079,,35.2275221,-80.8424777,"{'amenity': 'bicycle_parking', 'bicycle_parking': 'wave', 'capacity': '3', 'covered': 'partial'}",bicycle_parking,,,,,,,,node/11152109079
2,node,11152109080,,35.2275634,-80.8424152,"{'amenity': 'bicycle_parking', 'bicycle_parking': 'wave', 'capacity': '3', 'covered': 'partial'}",bicycle_parking,,,,,,,,node/11152109080
2,node,11152109081,,35.2277092,-80.8422196,"{'amenity': 'bicycle_parking', 'bicycle_parking': 'wave', 'capacity': '3', 'covered': 'partial'}",bicycle_parking,,,,,,,,node/11152109081
2,node,11152109082,,35.2277336,-80.8421819,"{'amenity': 'bicycle_parking', 'bicycle_parking': 'wave', 'capacity': '3', 'covered': 'no'}",bicycle_parking,,,,,,,,node/11152109082
2,node,11152109083,,35.2277436,-80.8421679,"{'amenity': 'bicycle_parking', 'bicycle_parking': 'wave', 'capacity': '3', 'covered': 'no'}",bicycle_parking,,,,,,,,node/11152109083
2,node,11152109084,,35.2279403,-80.8421712,"{'amenity': 'bicycle_parking', 'bicycle_parking': 'stands', 'capacity': '2', 'covered': 'partial'}",bicycle_parking,,,,,,,,node/11152109084
2,node,11152109085,,35.2276162,-80.842636,"{'amenity': 'bicycle_parking', 'bicycle_parking': 'stands', 'capacity': '2', 'covered': 'no'}",bicycle_parking,,,,,,,,node/11152109085
2,node,11152109086,,35.2275435,-80.8427389,"{'amenity': 'bicycle_parking', 'bicycle_parking': 'stands', 'capacity': '2', 'covered': 'no'}",bicycle_parking,,,,,,,,node/11152109086
2,node,11152109087,,35.2273915,-80.8431881,"{'amenity': 'bicycle_parking', 'bicycle_parking': 'stands', 'capacity': '4', 'covered': 'no'}",bicycle_parking,,,,,,,,node/11152109087
2,node,11152109088,,35.2274108,-80.8432091,"{'amenity': 'bicycle_parking', 'bicycle_parking': 'stands', 'capacity': '4', 'covered': 'no'}",bicycle_parking,,,,,,,,node/11152109088
2,node,11152109089,,35.2272931,-80.8433222,"{'amenity': 'bicycle_parking', 'bicycle_parking': 'stands', 'capacity': '4', 'covered': 'no'}",bicycle_parking,,,,,,,,node/11152109089
2,node,11152109090,,35.2274497,-80.8434927,"{'amenity': 'bicycle_parking', 'bicycle_parking': 'stands', 'capacity': '4', 'covered': 'no'}",bicycle_parking,,,,,,,,node/11152109090
2,node,11152109091,,35.2275949,-80.8436662,"{'amenity': 'bicycle_parking', 'bicycle_parking': 'stands', 'capacity': '4', 'covered': 'no'}",bicycle_parking,,,,,,,,node/11152109091
2,node,11152109093,,35.2275939,-80.8434079,"{'amenity': 'bicycle_parking', 'bicycle_parking': 'stands', 'capacity': '2', 'covered': 'no'}",bicycle_parking,,,,,,,,node/11152109093
2,node,11152191605,,35.2274653,-80.8425612,"{'amenity': 'bicycle_parking', 'bicycle_parking': 'wave', 'capacity': '3', 'covered': 'partial'}",bicycle_parking,,,,,,,,node/11152191605
2,node,11152216961,,35.2266715,-80.8437108,"{'amenity': 'bicycle_parking', 'bicycle_parking': 'wave', 'capacity': '3', 'covered': 'no'}",bicycle_parking,,,,,,,,node/11152216961
2,node,11152216962,,35.2266583,-80.843731,"{'amenity': 'bicycle_parking', 'bicycle_parking': 'wave', 'capacity': '3', 'covered': 'no'}",bicycle_parking,,,,,,,,node/11152216962
2,node,11152216963,,35.2265804,-80.8438388,"{'amenity': 'bicycle_parking', 'bicycle_parking': 'wave', 'capacity': '3', 'covered': 'no'}",bicycle_parking,,,,,,,,node/11152216963
2,node,11152216964,,35.2265672,-80.843859,"{'amenity': 'bicycle_parking', 'bicycle_parking': 'wave', 'capacity': '3', 'covered': 'no'}",bicycle_parking,,,,,,,,node/11152216964
2,node,11152216965,,35.2262498,-80.8443212,"{'amenity': 'bicycle_parking', 'bicycle_parking': 'stands', 'capacity': '2'}",bicycle_parking,,,,,,,,node/11152216965
2,node,11152216966,,35.2263632,-80.8444333,"{'amenity': 'bicycle_parking', 'bicycle_parking': 'stands', 'capacity': '2'}",bicycle_parking,,,,,,,,node/11152216966
2,node,11152216967,,35.2260899,-80.8445494,"{'amenity': 'bicycle_parking', 'bicycle_parking': 'stands', 'capacity': '2'}",bicycle_parking,,,,,,,,node/11152216967
2,node,11152216968,,35.2261155,-80.8449039,"{'amenity': 'bicycle_parking', 'bicycle_parking': 'wave', 'capacity': '7', 'covered': 'no'}",bicycle_parking,,,,,,,,node/11152216968
2,node,11152216969,,35.2257139,-80.8450825,"{'amenity': 'bicycle_parking', 'bicycle_parking': 'stands', 'capacity': '2'}",bicycle_parking,,,,,,,,node/11152216969
2,node,11152216970,,35.2257042,-80.8451007,{'amenity': 'waste_basket'},waste_basket,,,,,,,,node/11152216970
2,node,11152216971,,35.225693,-80.8451178,{'amenity': 'waste_basket'},waste_basket,,,,,,,,node/11152216971
2,node,11152216972,,35.2255275,-80.8453733,"{'amenity': 'bicycle_parking', 'bicycle_parking': 'stands', 'capacity': '2'}",bicycle_parking,,,,,,,,node/11152216972
2,node,11152216973,,35.2255423,-80.8456286,"{'access': 'yes', 'amenity': 'bicycle_parking', 'bicycle_parking': 'stands', 'capacity': '4', 'covered': 'no'}",bicycle_parking,,,,,,,,node/11152216973
2,node,11152216975,,35.2253318,-80.8459275,"{'amenity': 'bicycle_parking', 'bicycle_parking': 'stands', 'capacity': '2'}",bicycle_parking,,,,,,,,node/11152216975
2,node,11152216987,,35.2281525,-80.8415759,"{'amenity': 'bicycle_parking', 'bicycle_parking': 'stands', 'capacity': '2', 'covered': 'partial'}",bicycle_parking,,,,,,,,node/11152216987
2,node,11152216988,,35.2282154,-80.8414905,"{'amenity': 'bicycle_parking', 'bicycle_parking': 'stands', 'capacity': '2'}",bicycle_parking,,,,,,,,node/11152216988
2,node,11152216989,,35.2283337,-80.8416042,"{'amenity': 'bicycle_parking', 'bicycle_parking': 'stands', 'capacity': '2'}",bicycle_parking,,,,,,,,node/11152216989
2,node,11152216990,,35.2283242,-80.8413256,"{'amenity': 'bicycle_parking', 'bicycle_parking': 'stands', 'capacity': '2'}",bicycle_parking,,,,,,,,node/11152216990
2,node,11152216991,,35.2285142,-80.8413478,"{'amenity': 'bicycle_parking', 'bicycle_parking': 'stands', 'capacity': '2'}",bicycle_parking,,,,,,,,node/11152216991
2,node,11152216992,,35.2288952,-80.8405278,"{'amenity': 'bicycle_parking', 'bicycle_parking': 'stands', 'capacity': '2'}",bicycle_parking,,,,,,,,node/11152216992
2,node,11152216993,,35.2289196,-80.8404956,"{'amenity': 'bicycle_parking', 'bicycle_parking': 'stands', 'capacity': '2'}",bicycle_parking,,,,,,,,node/11152216993
2,node,11152216994,,35.2289634,-80.8407064,"{'amenity': 'bicycle_parking', 'bicycle_parking': 'stands', 'capacity': '4', 'covered': 'yes'}",bicycle_parking,,,,,,,,node/11152216994
2,node,11152269313,,35.2269591,-80.8429292,"{'amenity': 'bicycle_parking', 'bicycle_parking': 'wave', 'capacity': '3', 'covered': 'no'}",bicycle_parking,,,,,,,,node/11152269313
2,node,11152269314,,35.2269735,-80.8429448,{'amenity': 'bench'},bench,,,,,,,,node/11152269314
2,node,11152269315,,35.2269196,-80.8428864,{'amenity': 'bench'},bench,,,,,,,,node/11152269315
2,node,11152269316,,35.2268632,-80.8428213,{'amenity': 'bench'},bench,,,,,,,,node/11152269316
2,node,11152269317,,35.2268339,-80.8427906,{'amenity': 'bench'},bench,,,,,,,,node/11152269317
2,node,11152269318,,35.2268014,-80.8427498,{'amenity': 'bench'},bench,,,,,,,,node/11152269318
2,node,11152269319,,35.2267767,-80.8427221,{'amenity': 'bench'},bench,,,,,,,,node/11152269319
2,node,11152269320,,35.2268862,-80.842583,{'amenity': 'bench'},bench,,,,,,,,node/11152269320
2,node,11152269321,,35.226948,-80.8426535,{'amenity': 'bench'},bench,,,,,,,,node/11152269321
2,node,11152269322,,35.2269097,-80.8426112,{'amenity': 'bench'},bench,,,,,,,,node/11152269322
2,node,11152269323,,35.2270089,-80.8427241,{'amenity': 'bench'},bench,,,,,,,,node/11152269323
2,node,11152269324,,35.226969,-80.8426807,{'amenity': 'bench'},bench,,,,,,,,node/11152269324
2,node,11152269325,,35.2268924,-80.8428541,"{'amenity': 'bicycle_parking', 'bicycle_parking': 'wave', 'capacity': '3', 'covered': 'no'}",bicycle_parking,,,,,,,,node/11152269325
2,node,11152269326,,35.2268521,-80.8428042,"{'amenity': 'bicycle_parking', 'bicycle_parking': 'wave', 'capacity': '3', 'covered': 'no'}",bicycle_parking,,,,,,,,node/11152269326
2,node,11152269327,,35.2264539,-80.8420893,"{'amenity': 'bicycle_parking', 'bicycle_parking': 'stands', 'capacity': '2', 'covered': 'no'}",bicycle_parking,,,,,,,,node/11152269327
2,node,11152269328,,35.2248199,-80.8401237,"{'amenity': 'bicycle_parking', 'bicycle_parking': 'wave', 'capacity': '5', 'covered': 'no'}",bicycle_parking,,,,,,,,node/11152269328
2,node,11152269329,,35.2244413,-80.8400763,"{'amenity': 'bicycle_parking', 'bicycle_parking': 'wave', 'capacity': '5', 'covered': 'no'}",bicycle_parking,,,,,,,,node/11152269329
2,node,11152269330,,35.2228016,-80.8376535,"{'amenity': 'bicycle_parking', 'bicycle_parking': 'wave', 'capacity': '5', 'covered': 'no'}",bicycle_parking,,,,,,,,node/11152269330
2,node,11203593737,,35.2263857,-80.8379289,"{'access': 'yes', 'amenity': 'bicycle_parking', 'bicycle_parking': 'stands', 'capacity': '4', 'covered': 'partial', 'foot_traffic': 'low'}",bicycle_parking,,,,,,,,node/11203593737
2,node,11203595537,,35.2265801,-80.8385145,"{'access': 'yes', 'amenity': 'bicycle_parking', 'bicycle_parking': 'wave', 'capacity': '17', 'covered': 'yes', 'foot_traffic': 'low'}",bicycle_parking,,,,,,,,node/11203595537
2,node,11203596437,,35.2269884,-80.8384122,"{'access': 'yes', 'amenity': 'bicycle_parking', 'bicycle_parking': 'stands', 'capacity': '10', 'covered': 'no', 'foot_traffic': 'high'}",bicycle_parking,,,,,,,,node/11203596437
2,node,11203657637,,35.2247118,-80.8407667,"{'access': 'yes', 'amenity': 'bicycle_parking', 'bicycle_parking': 'wave', 'capacity': '5', 'covered': 'yes', 'description': 'Bolts have come loose, unsafe to use', 'foot_traffic': 'high'}",bicycle_parking,,,,,,,,node/11203657637
2,node,11203661437,,35.2242002,-80.8413544,"{'access': 'yes', 'amenity': 'bicycle_parking', 'bicycle_parking': 'wave', 'capacity': '8', 'covered': 'yes', 'foot_traffic': 'high'}",bicycle_parking,,,,,,,,node/11203661437
2,node,11208922238,,35.2250945,-80.8433138,"{'access': 'yes', 'amenity': 'bicycle_parking', 'bicycle_parking': 'stands', 'capacity': '8', 'covered': 'no', 'foot_traffic': 'medium', 'indoor': 'no'}",bicycle_parking,,,,,,,,node/11208922238
2,node,11208933137,,35.2241532,-80.8451672,"{'access': 'yes', 'amenity': 'bicycle_parking', 'bicycle_parking': 'stands', 'capacity': '2', 'covered': 'partial', 'foot_traffic': 'medium', 'indoor': 'no'}",bicycle_parking,,,,,,,,node/11208933137
2,node,11208933138,,35.226995,-80.8410938,"{'access': 'yes', 'amenity': 'bicycle_parking', 'bicycle_parking': 'stands', 'capacity': '6', 'covered': 'no', 'foot_traffic': 'medium', 'indoor': 'no'}",bicycle_parking,,,,,,,,node/11208933138
2,node,11208935637,,35.2249467,-80.8436637,"{'access': 'yes', 'amenity': 'bicycle_parking', 'bicycle_parking': 'stands', 'capacity': '8', 'covered': 'no', 'foot_traffic': 'medium', 'indoor': 'no'}",bicycle_parking,,,,,,,,node/11208935637
2,node,11208935638,,35.2269286,-80.8406392,"{'access': 'yes', 'amenity': 'bicycle_parking', 'bicycle_parking': 'stands', 'capacity': '2', 'covered': 'no', 'foot_traffic': 'medium', 'indoor': 'no'}",bicycle_parking,,,,,,,,node/11208935638
2,node,11208935639,,35.2277559,-80.8399744,"{'access': 'yes', 'amenity': 'bicycle_parking', 'bicycle_parking': 'stands', 'capacity': '2'}",bicycle_parking,,,,,,,,node/11208935639
2,node,11208964537,,35.2277894,-80.8395865,"{'access': 'yes', 'amenity': 'bicycle_parking', 'bicycle_parking': 'rack', 'capacity': '2', 'covered': 'no', 'foot_traffic': 'medium', 'indoor': 'no'}",bicycle_parking,,,,,,,,node/11208964537
2,node,11226011119,,35.2259734,-80.8455839,"{'access': 'yes', 'amenity': 'bicycle_parking', 'bicycle_parking': 'stands', 'capacity': '2', 'covered': 'yes'}",bicycle_parking,,,,,,,,node/11226011119
2,node,11226011120,,35.2260596,-80.8456815,"{'access': 'yes', 'amenity': 'bicycle_parking', 'bicycle_parking': 'stands', 'capacity': '2', 'covered': 'yes'}",bicycle_parking,,,,,,,,node/11226011120
2,node,11226011121,,35.2261249,-80.8457581,"{'access': 'yes', 'amenity': 'bicycle_parking', 'bicycle_parking': 'stands', 'capacity': '2', 'covered': 'yes'}",bicycle_parking,,,,,,,,node/11226011121
2,node,11226011122,,35.2263482,-80.8460224,"{'access': 'yes', 'amenity': 'bicycle_parking', 'bicycle_parking': 'stands', 'capacity': '2', 'covered': 'no'}",bicycle_parking,,,,,,,,node/11226011122
2,node,11226011127,,35.229202,-80.8455479,"{'access': 'yes', 'amenity': 'bicycle_parking', 'bicycle_parking': 'stands', 'capacity': '6', 'covered': 'no'}",bicycle_parking,,,,,,,,node/11226011127
2,node,11226011128,,35.2290582,-80.84538,"{'access': 'yes', 'amenity': 'bicycle_parking', 'bicycle_parking': 'stands', 'capacity': '6', 'covered': 'no'}",bicycle_parking,,,,,,,,node/11226011128
2,node,11226018567,,35.2284317,-80.8447152,"{'access': 'yes', 'amenity': 'bicycle_parking', 'bicycle_parking': 'stands', 'capacity': '8', 'covered': 'no'}",bicycle_parking,,,,,,,,node/11226018567
2,node,11226018568,,35.2278331,-80.8439425,"{'amenity': 'bicycle_parking', 'bicycle_parking': 'stands', 'capacity': '2', 'covered': 'no'}",bicycle_parking,,,,,,,,node/11226018568
2,node,11258693637,,35.2274432,-80.8390869,"{'access': 'yes', 'amenity': 'bicycle_parking', 'bicycle_parking': 'stands', 'capacity': '2', 'covered': 'partial', 'foot_traffic': 'medium', 'indoor': 'no'}",bicycle_parking,,,,,,,,node/11258693637
2,node,11258695537,,35.2270377,-80.8372281,"{'access': 'yes', 'amenity': 'bicycle_parking', 'bicycle_parking': 'bollard', 'capacity': '6', 'covered': 'no', 'foot_traffic': 'low', 'indoor': 'no'}",bicycle_parking,,,,,,,,node/11258695537
2,node,11258776337,,35.2287751,-80.8427606,"{'access': 'yes', 'amenity': 'bicycle_parking', 'bicycle_parking': 'stands', 'capacity': '2', 'covered': 'no', 'foot_traffic': 'low', 'indoor': 'no'}",bicycle_parking,,,,,,,,node/11258776337
2,node,11258776637,,35.2283681,-80.8422744,"{'access': 'yes', 'amenity': 'bicycle_parking', 'bicycle_parking': 'stands', 'capacity': '2', 'covered': 'no', 'foot_traffic': 'medium', 'indoor': 'no'}",bicycle_parking,,,,,,,,node/11258776637
2,node,11272669669,,35.2266539,-80.8404972,"{'access': 'yes', 'amenity': 'bicycle_parking', 'bicycle_parking': 'wave', 'capacity': '3', 'covered': 'no', 'foot_traffic': 'medium', 'indoor': 'no'}",bicycle_parking,,,,,,,,node/11272669669
2,node,11272670369,,35.2264499,-80.8398991,"{'access': 'yes', 'amenity': 'bicycle_parking', 'bicycle_parking': 'wave', 'capacity': '9', 'covered': 'yes', 'foot_traffic': 'low', 'indoor': 'no'}",bicycle_parking,,,,,,,,node/11272670369
2,node,11310673269,,35.2252266,-80.836628,"{'access': 'yes', 'amenity': 'bicycle_parking', 'bicycle_parking': 'stands', 'bicycle_parking:count': '2', 'capacity': '4', 'covered': 'no', 'foot_traffic': 'low', 'indoor': 'no'}",bicycle_parking,,,,,,,,node/11310673269
2,node,11355293677,,35.2260818,-80.8384198,{'amenity': 'parking_entrance'},parking_entrance,,,,,,,,node/11355293677
2,node,11355293678,,35.2263431,-80.8381499,{'amenity': 'parking_entrance'},parking_entrance,,,,,,,,node/11355293678
2,node,11360379000,Mortimer's Cafe & Pub,35.225312,-80.8423109,"{'amenity': 'pub', 'name': ""Mortimer's Cafe & Pub"", 'smoking': 'no'}",pub,,,,,,,,node/11360379000
2,node,11360379001,Fuji Hibachi & Teriyaki,35.2253941,-80.8424274,"{'amenity': 'restaurant', 'cuisine': 'japanese', 'name': 'Fuji Hibachi & Teriyaki'}",restaurant,,,,,,,,node/11360379001
2,node,11360379002,STK Charlotte,35.225131,-80.8431687,"{'addr:city': 'Charlotte', 'addr:housenumber': '201', 'addr:postcode': '28202', 'addr:state': 'NC', 'addr:street': 'South College Street', 'amenity': 'restaurant', 'cuisine': 'steak_house', 'name': 'STK Charlotte'}",restaurant,,,,,,,,node/11360379002
2,node,11360379003,Showmars,35.2246682,-80.8434796,"{'addr:city': 'Charlotte', 'addr:housenumber': '201', 'addr:postcode': '28202', 'addr:state': 'NC', 'addr:street': 'South College Street', 'amenity': 'restaurant', 'cuisine': 'american;greek', 'name': 'Showmars', 'opening_hours': 'Mo-Fr 07:30-15:00'}",restaurant,,,,,,,,node/11360379003
2,node,11360440680,The Bella Ciao,35.2261055,-80.8443458,"{'amenity': 'restaurant', 'cuisine': 'italian', 'name': 'The Bella Ciao'}",restaurant,,,,,,,,node/11360440680
2,node,11378555369,,35.2216614,-80.8391546,"{'access': 'yes', 'amenity': 'bicycle_parking', 'bicycle_parking': 'wave', 'capacity': '9', 'covered': 'no', 'foot_traffic': 'medium', 'indoor': 'no'}",bicycle_parking,,,,,,,,node/11378555369
2,node,11735127544,,35.2244094,-80.8425091,"{'access': 'yes', 'amenity': 'bicycle_parking', 'bicycle_parking': 'wave', 'capacity': '7', 'covered': 'yes'}",bicycle_parking,,,,,,,,node/11735127544
2,node,11735127545,,35.2245243,-80.8423591,"{'access': 'yes', 'amenity': 'bicycle_parking', 'bicycle_parking': 'rack', 'covered': 'yes'}",bicycle_parking,,,,,,,,node/11735127545
2,node,11809533805,Red Ginger,35.2240341,-80.8455323,"{'addr:city': 'Charlotte', 'addr:housenumber': '401', 'addr:postcode': '28202', 'addr:state': 'NC', 'addr:street': 'South Tryon Street', 'addr:unit': 'Suite 130', 'amenity': 'restaurant', 'cuisine': 'japanese', 'name': 'Red Ginger', 'phone': '+1-980-819-8837', 'website': 'https://www.redgingercharlotte.com'}",restaurant,,,,,,,,node/11809533805
2,node,11820233869,The Public House,35.2230184,-80.8426739,"{'addr:postcode': '28202', 'amenity': 'pub', 'cuisine': 'american', 'name': 'The Public House', 'phone': '+1-704-595-3091', 'website': 'https://thepublichouseclt.com/'}",pub,,,,,,,,node/11820233869
2,node,12063465479,Pisco,35.2285344,-80.8424006,"{'addr:housenumber': '116', 'addr:postcode': '28202', 'addr:street': 'West 5th Street', 'amenity': 'restaurant', 'cuisine': 'peruvian', 'name': 'Pisco'}",restaurant,,,,,,,,node/12063465479
2,node,12162148602,Stage Door Theater,35.227029,-80.8411213,"{'addr:housenumber': '155', 'addr:postcode': '28202', 'amenity': 'theatre', 'name': 'Stage Door Theater', 'outdoor_seating': 'no'}",theatre,,,,,,,,node/12162148602
2,node,12277427942,Waterbean Coffee,35.2260041,-80.8459563,"{'amenity': 'cafe', 'cuisine': 'coffee_shop', 'name': 'Waterbean Coffee'}",cafe,,,,,,,,node/12277427942
2,node,12421861670,Founders Hall Library,35.2267345,-80.8422318,"{'access': 'yes', 'addr:city': 'Charlotte', 'addr:county': 'Mecklenburg', 'addr:housenumber': '100', 'addr:postcode': '28202', 'addr:state': 'NC', 'addr:street': 'North Tryon Street', 'addr:unit': 'Suite 290', 'amenity': 'library', 'level': '1', 'name': 'Founders Hall Library', 'nat_ref': 'C-MECKLENBURG-FH', 'opening_hours': 'Mo-Fr 08:00-16:00', 'operator': 'Charlotte Mecklenburg Library', 'operator:type': 'public', 'phone': '+1 704-416-0300', 'website': 'https://www.foundershallevents.com/'}",library,,,,,,,,node/12421861670
2,node,12445662589,,35.2239225,-80.8396062,"{'addr:housenumber': '420', 'addr:street': 'East Trade Street', 'amenity': 'atm', 'check_date': '2026-01-19', 'covered': 'yes', 'currency:USD': 'yes', 'drive_through': 'no', 'indoor': 'yes', 'lit': 'yes', 'note': 'ATM is located inside of Midnight Diner', 'opening_hours': '24/7', 'wheelchair': 'yes'}",atm,,,,,,,,node/12445662589
2,node,12499185801,,35.2252174,-80.8401552,"{'access': 'yes', 'amenity': 'bicycle_parking', 'bicycle_parking': 'stands', 'capacity': '2', 'covered': 'no', 'indoor': 'no'}",bicycle_parking,,,,,,,,node/12499185801
2,node,12499185901,,35.2251276,-80.8401432,"{'access': 'yes', 'amenity': 'bicycle_parking', 'bicycle_parking': 'stands', 'capacity': '2', 'covered': 'no', 'indoor': 'no'}",bicycle_parking,,,,,,,,node/12499185901
2,node,12513705318,,35.2216207,-80.84303,{'amenity': 'waste_basket'},waste_basket,,,,,,,,node/12513705318
2,node,12583296961,,35.2227759,-80.8364327,{'amenity': 'parking_entrance'},parking_entrance,,,,,,,,node/12583296961
2,node,12583296963,,35.2227525,-80.8364634,{'amenity': 'parking_entrance'},parking_entrance,,,,,,,,node/12583296963
2,node,12583296967,,35.2228671,-80.836317,{'amenity': 'parking_entrance'},parking_entrance,,,,,,,,node/12583296967
2,node,12583296969,,35.222845,-80.8363427,{'amenity': 'parking_entrance'},parking_entrance,,,,,,,,node/12583296969
2,node,12753184001,,35.228073,-80.8402514,"{'access': 'yes', 'amenity': 'bicycle_parking', 'bicycle_parking': 'wave', 'capacity': '17', 'covered': 'yes'}",bicycle_parking,,,,,,,,node/12753184001
2,node,12861779392,Sweetgreen,35.2274448,-80.8430586,"{'amenity': 'fast_food', 'brand': 'Sweetgreen', 'brand:wikidata': 'Q18636413', 'cuisine': 'salad', 'name': 'Sweetgreen', 'takeaway': 'yes'}",fast_food,,,,,,,,node/12861779392
2,node,12945631870,,35.2273055,-80.8436789,"{'amenity': 'bench', 'armrest': 'yes', 'backrest': 'yes', 'material': 'wood'}",bench,,,,,,,,node/12945631870
2,node,12945631871,,35.2272998,-80.8437,"{'amenity': 'bench', 'armrest': 'yes', 'backrest': 'yes', 'material': 'wood'}",bench,,,,,,,,node/12945631871
2,node,12945631872,,35.2271691,-80.8435997,"{'amenity': 'bench', 'armrest': 'yes', 'backrest': 'yes', 'material': 'wood'}",bench,,,,,,,,node/12945631872
2,node,12945631874,,35.2272636,-80.8434692,"{'amenity': 'bench', 'armrest': 'yes', 'backrest': 'yes', 'material': 'wood'}",bench,,,,,,,,node/12945631874
2,node,12945631876,,35.2271709,-80.8436161,"{'amenity': 'bench', 'armrest': 'yes', 'backrest': 'yes', 'material': 'wood'}",bench,,,,,,,,node/12945631876
2,node,12948708694,,35.2273063,-80.8435696,{'amenity': 'bench'},bench,,,,,,,,node/12948708694
2,node,12963151031,Grace Zion Church,35.2232018,-80.8417435,"{'amenity': 'place_of_worship', 'name': 'Grace Zion Church', 'religion': 'christian'}",place_of_worship,,,,,,,,node/12963151031
2,node,12963730452,Carolina Theater,35.2283899,-80.8407086,"{'addr:city': 'Charlotte', 'addr:housenumber': '230', 'addr:postcode': '28202', 'addr:state': 'NC', 'addr:street': 'North Tryon Street', 'amenity': 'theatre', 'name': 'Carolina Theater', 'website': 'https://www.thecarolina.com'}",theatre,,,,,,,,node/12963730452
2,node,12963730453,Belk Place,35.2285313,-80.8408519,"{'amenity': 'community_centre', 'community_centre': 'community_hall', 'name': 'Belk Place'}",community_centre,,,,,,,,node/12963730453
2,node,12965459603,,35.2218954,-80.8396228,"{'access': 'yes', 'amenity': 'bicycle_parking', 'bicycle_parking': 'stands', 'capacity': '4', 'covered': 'no', 'indoor': 'no'}",bicycle_parking,,,,,,,,node/12965459603
2,node,12986984801,Cowbell Burger & Whiskey Bar,35.2284562,-80.8422815,"{'addr:city': 'Charlotte', 'addr:housenumber': '201', 'addr:postcode': '28202', 'addr:state': 'NC', 'addr:street': 'North Tryon Street', 'amenity': 'bar', 'cuisine': 'burger', 'name': 'Cowbell Burger & Whiskey Bar', 'website': 'https://eatmorecowbell.com'}",bar,,,,,,,,node/12986984801
2,node,13107735343,Halal Food Cart,35.2272259,-80.8428838,"{'amenity': 'restaurant', 'cuisine': 'mediterranean', 'name': 'Halal Food Cart', 'opening_hours': 'Mo-Su 10:00-03:00', 'phone': '+1-516-884-2818'}",restaurant,,,,,,,,node/13107735343
2,node,13174801087,Brooklyn Lounge,35.2253157,-80.837249,"{'amenity': 'nightclub', 'name': 'Brooklyn Lounge'}",nightclub,,,,,,,,node/13174801087
2,node,13230735735,Stoke,35.2279326,-80.8432371,"{'amenity': 'restaurant', 'name': 'Stoke'}",restaurant,,,,,,,,node/13230735735
2,node,13230735737,,35.2274747,-80.8432606,{'amenity': 'waste_basket'},waste_basket,,,,,,,,node/13230735737
2,node,13230735743,,35.227623,-80.8434444,{'amenity': 'bench'},bench,,,,,,,,node/13230735743
2,node,13230735744,,35.2276473,-80.8434715,{'amenity': 'bench'},bench,,,,,,,,node/13230735744
2,node,13230735747,,35.2276828,-80.8435163,{'amenity': 'waste_basket'},waste_basket,,,,,,,,node/13230735747
2,node,13230735763,,35.2278414,-80.8437099,{'amenity': 'waste_basket'},waste_basket,,,,,,,,node/13230735763
2,node,13230735764,,35.2278281,-80.843694,{'amenity': 'waste_basket'},waste_basket,,,,,,,,node/13230735764
2,node,13230735767,,35.2280482,-80.843939,{'amenity': 'bench'},bench,,,,,,,,node/13230735767
2,node,13230735768,,35.2280957,-80.843998,{'amenity': 'waste_basket'},waste_basket,,,,,,,,node/13230735768
2,node,13230735784,,35.2284233,-80.8424783,"{'access': 'yes', 'amenity': 'bicycle_parking', 'bicycle_parking': 'stands', 'capacity': '2', 'covered': 'no'}",bicycle_parking,,,,,,,,node/13230735784
2,node,13230735789,,35.2282427,-80.8421329,"{'amenity': 'vending_machine', 'vending': 'newspapers'}",vending_machine,,,,,,,,node/13230735789
2,node,13230735794,,35.2281261,-80.8419107,{'amenity': 'waste_basket'},waste_basket,,,,,,,,node/13230735794
2,node,13230735795,,35.2281379,-80.8418932,"{'amenity': 'recycling', 'recycling_type': 'container'}",recycling,,,,,,,,node/13230735795
2,node,13230735797,,35.228166,-80.8418397,"{'amenity': 'vending_machine', 'vending': 'newspapers'}",vending_machine,,,,,,,,node/13230735797
2,node,13230735798,,35.2281878,-80.8418201,{'amenity': 'telephone'},telephone,,,,,,,,node/13230735798
2,node,13230735799,,35.2282208,-80.841772,{'amenity': 'bench'},bench,,,,,,,,node/13230735799
2,node,13230735800,,35.2282434,-80.841741,{'amenity': 'bench'},bench,,,,,,,,node/13230735800
2,node,13230735801,,35.2284259,-80.8414797,{'amenity': 'bench'},bench,,,,,,,,node/13230735801
2,node,13230735802,,35.2284531,-80.8414408,{'amenity': 'waste_basket'},waste_basket,,,,,,,,node/13230735802
2,node,13230735803,,35.2284458,-80.8414514,"{'amenity': 'recycling', 'recycling_type': 'container'}",recycling,,,,,,,,node/13230735803
2,node,13230735808,,35.2285992,-80.8412329,"{'amenity': 'recycling', 'recycling_type': 'container'}",recycling,,,,,,,,node/13230735808
2,node,13230735809,,35.2286111,-80.8412154,{'amenity': 'waste_basket'},waste_basket,,,,,,,,node/13230735809
2,node,13230735810,,35.2286437,-80.8411653,{'amenity': 'bench'},bench,,,,,,,,node/13230735810
2,node,13230735811,,35.2286652,-80.8411344,{'amenity': 'bench'},bench,,,,,,,,node/13230735811
2,node,13230735816,,35.2287614,-80.8410014,{'amenity': 'waste_basket'},waste_basket,,,,,,,,node/13230735816
2,node,13231371886,,35.2273502,-80.8433968,{'amenity': 'waste_basket'},waste_basket,,,,,,,,node/13231371886
2,node,13231371889,,35.2272805,-80.8433086,{'amenity': 'waste_basket'},waste_basket,,,,,,,,node/13231371889
2,node,13231371893,,35.2275426,-80.843613,{'amenity': 'bench'},bench,,,,,,,,node/13231371893
2,node,13231371897,,35.2277243,-80.8438162,{'amenity': 'waste_basket'},waste_basket,,,,,,,,node/13231371897
2,node,13231416208,,35.2278627,-80.8439793,{'amenity': 'bench'},bench,,,,,,,,node/13231416208
2,node,13231416210,,35.2279936,-80.8442885,"{'amenity': 'post_box', 'drive_through': 'no', 'operator': 'United States Postal Service', 'operator:short': 'USPS', 'operator:type': 'public', 'operator:wikidata': 'Q668687'}",post_box,,,,,,,,node/13231416210
2,node,13231416224,,35.2265365,-80.8441945,"{'amenity': 'recycling', 'recycling_type': 'container'}",recycling,,,,,,,,node/13231416224
2,node,13231416225,,35.2265531,-80.8441713,{'amenity': 'waste_basket'},waste_basket,,,,,,,,node/13231416225
2,node,13231416227,,35.2265942,-80.8441138,{'amenity': 'telephone'},telephone,,,,,,,,node/13231416227
2,node,13240558938,ACE No. 3,35.2266363,-80.8435395,"{'addr:city': 'Charlotte', 'addr:housenumber': '101', 'addr:postcode': '28280', 'addr:state': 'NC', 'addr:street': 'South Tryon Street', 'amenity': 'fast_food', 'cuisine': 'burger', 'name': 'ACE No. 3'}",fast_food,,,,,,,,node/13240558938
2,node,13265364295,,35.227789,-80.8381595,"{'amenity': 'bicycle_parking', 'bicycle_parking': 'rack', 'covered': 'yes'}",bicycle_parking,,,,,,,,node/13265364295
2,node,13274848601,,35.2272871,-80.8385892,"{'amenity': 'public_bookcase', 'brand': 'Little Free Library', 'brand:wikidata': 'Q6650101'}",public_bookcase,,,,,,,,node/13274848601
2,node,13316712069,Uptown Park&Wash,35.2232716,-80.8433355,"{'addr:city': 'Charlotte', 'addr:housenumber': '227', 'addr:postcode': '28202', 'addr:state': 'NC', 'addr:street': 'East 3rd Street', 'amenity': 'car_wash', 'check_date': '2025-11-19', 'currency:XBT': 'yes', 'name': 'Uptown Park&Wash', 'opening_hours': 'Mo-Fr 08:00-17:00; Sa-Su 08:00-12:00', 'payment:lightning': 'yes', 'payment:lightning:operator': 'square', 'payment:lightning_contactless': 'no', 'payment:onchain': 'no'}",car_wash,,,,,,,,node/13316712069
2,node,13332382769,Arbol Eatery,35.2284271,-80.8453032,"{'amenity': 'restaurant', 'name': 'Arbol Eatery', 'website': 'https://arboleatery.com/'}",restaurant,,,,,,,,node/13332382769
2,node,13457125329,,35.223481,-80.8435512,{'amenity': 'waste_basket'},waste_basket,,,,,,,,node/13457125329
2,node,13457125331,,35.2234621,-80.8435844,{'amenity': 'waste_basket'},waste_basket,,,,,,,,node/13457125331
2,node,13457166631,Night Swim Coffee,35.2242077,-80.844575,"{'amenity': 'cafe', 'cuisine': 'coffee_shop', 'level': '1', 'name': 'Night Swim Coffee'}",cafe,,,,,,,,node/13457166631
2,node,13457166632,Smoothie King,35.2241715,-80.8446711,"{'amenity': 'fast_food', 'brand': 'Smoothie King', 'brand:wikidata': 'Q5491421', 'cuisine': 'juice', 'level': '1', 'name': 'Smoothie King', 'takeaway': 'yes'}",fast_food,,,,,,,,node/13457166632
2,node,13457166648,Krazy Curry Express,35.2257792,-80.843165,"{'amenity': 'restaurant', 'cuisine': 'indian', 'level': '0', 'name': 'Krazy Curry Express'}",restaurant,,,,,,,,node/13457166648
2,node,13457166649,Just Fresh,35.2258399,-80.8430735,"{'amenity': 'restaurant', 'cuisine': 'juice;salad;soup;sandwich;breakfast', 'level': '0', 'name': 'Just Fresh'}",restaurant,,,,,,,,node/13457166649
2,node,13457166652,Energy Cafe,35.2260525,-80.8428241,"{'amenity': 'fast_food', 'cuisine': 'sandwich', 'name': 'Energy Cafe'}",fast_food,,,,,,,,node/13457166652
2,node,13457166666,USPS,35.226797,-80.8420988,"{'amenity': 'post_office', 'level': '1', 'name': 'USPS', 'operator': 'United States Postal Service', 'operator:short': 'USPS', 'operator:type': 'public', 'operator:wikidata': 'Q668687'}",post_office,,,,,,,,node/13457166666
2,node,13457166669,,35.2265722,-80.8422237,{'amenity': 'bench'},bench,,,,,,,,node/13457166669
2,node,13457166670,,35.2264236,-80.8420509,"{'amenity': 'recycling', 'recycling_type': 'container'}",recycling,,,,,,,,node/13457166670
2,node,13457166671,,35.226414,-80.8420391,{'amenity': 'waste_basket'},waste_basket,,,,,,,,node/13457166671
2,node,13457166672,,35.2268023,-80.8424831,{'amenity': 'waste_basket'},waste_basket,,,,,,,,node/13457166672
2,node,13457166673,,35.2268574,-80.842547,"{'amenity': 'recycling', 'recycling_type': 'container'}",recycling,,,,,,,,node/13457166673
2,node,13477755617,,35.2272098,-80.8385343,"{'access': 'permissive', 'amenity': 'drinking_water', 'bottle': 'yes', 'indoor': 'yes'}",drinking_water,,,,,,,,node/13477755617
2,way,48908467,Charlotte Transportation Center,35.2244978,-80.8410525,"{'amenity': 'bus_station', 'building': 'yes', 'bus': 'yes', 'height': '30', 'name': 'Charlotte Transportation Center', 'operator': 'Charlotte Area Transit System', 'public_transport': 'station'}",bus_station,,,,,station,,,way/48908467
2,way,90480715,AutoPark,35.2274639,-80.846002,"{'access': 'yes', 'amenity': 'parking', 'building': 'yes', 'capacity': '690', 'fee': 'yes', 'name': 'AutoPark', 'operator': 'LAZ Parking', 'parking': 'multi-storey', 'surface': 'concrete'}",parking,,,,,,,,way/90480715
2,way,90480718,First Citizens Bank Plaza Parking Garage,35.2268665,-80.8453405,"{'access': 'yes', 'amenity': 'parking', 'building': 'parking', 'capacity': '697', 'fee': 'yes', 'height': '24', 'name': 'First Citizens Bank Plaza Parking Garage', 'operator': 'Preffered Parking', 'parking': 'multi-storey', 'source': 'Bing', 'surface': 'concrete'}",parking,,,,,,,,way/90480718
2,way,90480727,Two Thirty South Tryon Parking,35.2265572,-80.8457673,"{'access': 'yes', 'amenity': 'parking', 'building': 'yes', 'capacity:disabled': '670', 'fee': 'yes', 'height': '24', 'name': 'Two Thirty South Tryon Parking', 'operator': 'Spectrum Parking', 'parking': 'multi-storey', 'source': 'Bing', 'surface': 'concrete'}",parking,,,,,,,,way/90480727
2,way,120628264,Seventh Street Station Car Park,35.2275722,-80.8384746,"{'alt_name': '7th Street Station', 'amenity': 'parking', 'building': 'parking', 'height': '32', 'name': 'Seventh Street Station Car Park', 'parking': 'multi-storey'}",parking,,,,,,,,way/120628264
2,way,131139730,Federal Reserve Bank,35.2228239,-80.8390124,"{'addr:city': 'Charlotte', 'addr:housenumber': '530', 'addr:postcode': '28202', 'addr:state': 'NC', 'addr:street': 'East Trade Street', 'amenity': 'bank', 'atm': 'no', 'building': 'office', 'drive_through': 'no', 'government': 'yes', 'height': '36', 'name': 'Federal Reserve Bank', 'operator': 'United States of America', 'website': 'https://www.richmondfed.org/about_us/visit_us/locations/charlotte', 'wikidata': 'Q5440387'}",bank,,,,,,,,way/131139730
2,way,174171799,Lot #406,35.2238588,-80.8402171,"{'addr:city': 'Charlotte', 'addr:housenumber': '406', 'addr:postcode': '28202', 'addr:state': 'NC', 'addr:street': 'East 4th Street', 'amenity': 'parking', 'fee': 'yes', 'name': 'Lot #406', 'operator': 'Preferred Parking', 'parking': 'surface', 'surface': 'asphalt'}",parking,,,,,,,,way/174171799
2,way,174171808,Lot #402,35.2231215,-80.8412855,"{'addr:city': 'Charlotte', 'addr:housenumber': '402', 'addr:postcode': '28202', 'addr:state': 'NC', 'addr:street': 'East 4th Street', 'amenity': 'parking', 'fee': 'yes', 'name': 'Lot #402', 'operator': 'Preferred Parking', 'parking': 'surface', 'surface': 'asphalt'}",parking,,,,,,,,way/174171808
2,way,239813217,Charlotte Convention Center,35.2220913,-80.84533,"{'addr:state': 'NC', 'amenity': 'conference_centre', 'building': 'yes', 'ele': '227', 'gnis:feature_id': '2025493', 'height': '23', 'layer': '1', 'name': 'Charlotte Convention Center', 'source': 'USGS Geonames', 'wikidata': 'Q5085885'}",conference_centre,,,,,,,,way/239813217
2,way,313204070,,35.2231247,-80.8367497,"{'access': 'private', 'amenity': 'parking', 'building': 'yes', 'height': '28', 'parking': 'multi-storey'}",parking,,,,,,,,way/313204070
2,way,322277873,,35.2231595,-80.8395432,"{'amenity': 'parking', 'building': 'yes', 'height': '15', 'parking': 'multi-storey', 'supervised': 'yes', 'surface': 'concrete'}",parking,,,,,,,,way/322277873
2,way,322278241,Charlotte City Hall,35.2220888,-80.8381699,"{'amenity': 'townhall', 'building': 'yes', 'height': '23', 'name': 'Charlotte City Hall', 'townhall:type': 'city'}",townhall,,,,,,,,way/322278241
2,way,322278588,,35.2221857,-80.8403326,"{'amenity': 'parking', 'building': 'yes', 'height': '35', 'parking': 'multi-storey'}",parking,,,,,,,,way/322278588
2,way,322278769,ImaginOn - The Joe & Joan Martin Center,35.2269433,-80.8376692,"{'addr:city': 'Charlotte', 'addr:county': 'Mecklenburg', 'addr:housenumber': '300', 'addr:postcode': '28202', 'addr:state': 'NC', 'addr:street': 'East 7th Street', 'amenity': 'library', 'building': 'yes', 'height': '27', 'internet_access': 'terminal', 'name': 'ImaginOn - The Joe & Joan Martin Center', 'nat_ref': 'C-MECKLENBURG-IM', 'operator': 'CML', 'operator:type': 'public', 'phone': '+1 704-416-4600', 'website': 'https://www.imaginon.org/', 'wikidata': 'Q69857334', 'wikipedia': 'en:ImaginOn'}",library,,,,,,,,way/322278769
2,way,322992977,300 North Brevard Street,35.2260228,-80.8369988,"{'access': 'yes', 'addr:city': 'Charlotte', 'addr:housenumber': '300', 'addr:postcode': '28202', 'addr:state': 'NC', 'addr:street': 'North Brevard Street', 'amenity': 'parking', 'fee': 'yes', 'name': '300 North Brevard Street', 'operator': 'Preferred Parking', 'parking': 'surface', 'surface': 'asphalt'}",parking,,,,,,,,way/322992977
2,way,322992978,418 East 7th Street,35.2261642,-80.8364083,"{'access': 'yes', 'addr:city': 'Charlotte', 'addr:housenumber': '418', 'addr:postcode': '28202', 'addr:state': 'NC', 'addr:street': 'East 7th Street', 'amenity': 'parking', 'fee': 'yes', 'name': '418 East 7th Street', 'operator': 'Preferred Parking', 'parking': 'surface', 'surface': 'asphalt'}",parking,,,,,,,,way/322992978
2,way,322992981,,35.2229121,-80.8370089,{'amenity': 'parking'},parking,,,,,,,,way/322992981
2,way,322992984,221 North Caldwell Street,35.2252479,-80.837631,"{'access': 'yes', 'addr:city': 'Charlotte', 'addr:housenumber': '221', 'addr:postcode': '28202', 'addr:state': 'NC', 'addr:street': 'North Caldwell Street', 'amenity': 'parking', 'fee': 'yes', 'name': '221 North Caldwell Street', 'operator': 'Preferred Parking', 'parking': 'surface', 'surface': 'asphalt'}",parking,,,,,,,,way/322992984
2,way,322992995,,35.2247143,-80.8366746,{'amenity': 'parking'},parking,,,,,,,,way/322992995
2,way,322993005,,35.2222676,-80.8386072,{'amenity': 'parking'},parking,,,,,,,,way/322993005
2,way,322993007,501 East Trade Street,35.2237257,-80.8379504,"{'access': 'permit', 'addr:city': 'Charlotte', 'addr:housenumber': '500', 'addr:postcode': '28202', 'addr:state': 'NC', 'addr:street': 'East Trade Street', 'amenity': 'parking', 'fee': 'yes', 'name': '501 East Trade Street', 'parking': 'surface', 'surface': 'gravel'}",parking,,,,,,,,way/322993007
2,way,322993009,Victoria Yards,35.2284036,-80.8379761,"{'addr:city': 'Charlotte', 'addr:housenumber': '209', 'addr:postcode': '28202', 'addr:state': 'NC', 'addr:street': 'East 7th Street', 'amenity': 'events_venue', 'check_date': '2023-06-12', 'name': 'Victoria Yards', 'operator': 'Charlotte Center City Partners'}",events_venue,,,,,,,,way/322993009
2,way,322993011,,35.2217432,-80.8379417,{'amenity': 'parking'},parking,,,,,,,,way/322993011
2,way,322993012,241 North Alexander Street,35.2236382,-80.8355009,"{'access': 'yes', 'addr:city': 'Charlotte', 'addr:housenumber': '241', 'addr:postcode': '28202', 'addr:state': 'NC', 'addr:street': 'North Alexander Street', 'amenity': 'parking', 'fee': 'yes', 'name': '241 North Alexander Street', 'operator': 'Preferred Parking', 'parking': 'surface', 'surface': 'gravel'}",parking,,,,,,,,way/322993012
2,way,322993013,401 East 7th Street,35.2268776,-80.8361154,"{'access': 'yes', 'addr:city': 'Charlotte', 'addr:housenumber': '401', 'addr:postcode': '28202', 'addr:state': 'NC', 'addr:street': 'East 7th Street', 'amenity': 'parking', 'fee': 'yes', 'name': '401 East 7th Street', 'operator': 'Preferred Parking', 'parking': 'surface', 'surface': 'asphalt'}",parking,,,,,,,,way/322993013
2,way,322993017,,35.222597,-80.836039,{'amenity': 'parking'},parking,,,,,,,,way/322993017
2,way,322993022,,35.2230771,-80.8434573,{'amenity': 'parking'},parking,,,,,,,,way/322993022
2,way,322993024,Lot #424,35.2288827,-80.8376349,"{'addr:city': 'Charlotte', 'addr:housenumber': '424', 'addr:postcode': '28202', 'addr:state': 'NC', 'addr:street': 'North College Street', 'amenity': 'parking', 'fee': 'yes', 'name': 'Lot #424', 'operator': 'Preferred Parking', 'parking': 'surface', 'surface': 'asphalt'}",parking,,,,,,,,way/322993024
2,way,322993030,,35.2221789,-80.8361243,{'amenity': 'parking'},parking,,,,,,,,way/322993030
2,way,337841694,Lot #309,35.2297866,-80.8447868,"{'addr:city': 'Charlotte', 'addr:housenumber': '309', 'addr:postcode': '28202', 'addr:state': 'NC', 'addr:street': 'West Trade Street', 'amenity': 'parking', 'fee': 'yes', 'name': 'Lot #309', 'operator': 'Preffered Parking', 'parking': 'surface', 'surface': 'asphalt'}",parking,,,,,,,,way/337841694
2,way,341587198,Bank of America,35.2273123,-80.8422252,"{'addr:city': 'Charlotte', 'addr:housenumber': '100', 'addr:postcode': '28202', 'addr:state': 'NC', 'addr:street': 'North Tryon Street', 'amenity': 'bank', 'branch': 'Financial Center', 'brand': 'Bank of America', 'brand:wikidata': 'Q487907', 'building': 'yes', 'building:levels': '88', 'check_date': '2021-04-21', 'height': '265', 'name': 'Bank of America', 'name:en': 'Bank of America Corporate Center', 'operator': 'Bank of America', 'website': 'https://locators.bankofamerica.com/nc/charlotte/financial-centers-charlotte-16702.html', 'wikidata': 'Q586913', 'wikipedia': 'en:Bank of America Corporate Center'}",bank,,,,,,,,way/341587198
2,way,380090203,CMPD Headquarters,35.2227587,-80.8372767,"{'amenity': 'police', 'building': 'yes', 'height': '47', 'name': 'CMPD Headquarters'}",police,,,,,,,,way/380090203
2,way,394430321,,35.226025,-80.8406521,"{'amenity': 'parking', 'building': 'yes', 'height': '28', 'parking': 'multi-storey'}",parking,,,,,,,,way/394430321
2,way,398591585,First United Presbyterian Church,35.2286037,-80.8383165,"{'addr:city': 'Charlotte', 'addr:housenumber': '406', 'addr:postcode': '28202', 'addr:state': 'NC', 'addr:street': 'North College Street', 'amenity': 'place_of_worship', 'building': 'church', 'ele': '241', 'gnis:feature_id': '1985682', 'height': '18', 'name': 'First United Presbyterian Church', 'religion': 'christian', 'source': 'USGS Geonames'}",place_of_worship,,,,,,,,way/398591585
2,way,468471045,Lot #219,35.2282195,-80.8373764,"{'addr:city': 'Charlotte', 'addr:housenumber': '219', 'addr:postcode': '28202', 'addr:state': 'NC', 'addr:street': 'East 7th Street', 'amenity': 'parking', 'fee': 'yes', 'name': 'Lot #219', 'operator': 'Preferred Parking', 'parking': 'surface', 'surface': 'asphalt'}",parking,,,,,,,,way/468471045
2,way,469145609,Child’s Play Fountain,35.2251383,-80.8457091,"{'amenity': 'fountain', 'name': 'Child’s Play Fountain'}",fountain,,,,,,,,way/469145609
2,way,500204485,,35.2281793,-80.8457257,"{'amenity': 'parking', 'building': 'yes', 'height': '29', 'parking': 'multi-storey'}",parking,,,,,,,,way/500204485
2,way,500204486,Charlotte Plaza Parking,35.2246401,-80.8426857,"{'access': 'yes', 'addr:city': 'Charlotte', 'addr:housenumber': '306', 'addr:postcode': '28202', 'addr:state': 'NC', 'addr:street': 'East 4th Street', 'alt_name': 'SP Plus', 'amenity': 'parking', 'brand': 'SP+', 'brand:wikidata': 'Q7598289', 'building': 'yes', 'capacity': '980', 'fee': 'yes', 'height': '36', 'name': 'Charlotte Plaza Parking', 'operator': 'SP+', 'operator:type': 'private', 'operator:wikidata': 'Q7598289', 'parking': 'multi-storey', 'surface': 'concrete'}",parking,,,,,,,,way/500204486
2,way,500997294,,35.227313,-80.8446753,"{'access': 'yes', 'amenity': 'parking', 'building': 'parking', 'fee': 'yes', 'height': '21', 'operator': 'Preferred Parking', 'parking': 'multi-storey', 'surface': 'concrete'}",parking,,,,,,,,way/500997294
2,way,500997296,Ruth's Chris Steak House,35.2261894,-80.8451826,"{'addr:city': 'Charlotte', 'addr:housenumber': '222', 'addr:postcode': '28202', 'addr:state': 'NC', 'addr:street': 'South Tryon Street', 'amenity': 'restaurant', 'brand': ""Ruth's Chris Steak House"", 'brand:wikidata': 'Q7382829', 'building': 'yes', 'cuisine': 'american;steak_house', 'height': '20', 'name': ""Ruth's Chris Steak House""}",restaurant,,,,,,,,way/500997296
2,way,502718738,Belk Theater at Blumenthal Performing Arts Center,35.227317,-80.8415145,"{'addr:city': 'Charlotte', 'addr:housenumber': '130', 'addr:postcode': '28202', 'addr:state': 'NC', 'addr:street': 'North Tryon Street', 'amenity': 'theatre', 'building': 'yes', 'height': '30', 'name': 'Belk Theater at Blumenthal Performing Arts Center', 'wikidata': 'Q7054435'}",theatre,,,,,,,,way/502718738
2,way,513106099,Lot #125,35.2238487,-80.8406868,"{'addr:city': 'Charlotte', 'addr:housenumber': '125', 'addr:postcode': '28202', 'addr:state': 'NC', 'addr:street': 'South Brevard Street', 'amenity': 'parking', 'fee': 'yes', 'name': 'Lot #125', 'operator': 'Preferred Parking', 'parking': 'surface', 'surface': 'asphalt'}",parking,,,,,,,,way/513106099
2,way,513106103,Lot #415S,35.2234748,-80.8402947,"{'addr:city': 'Charlotte', 'addr:housenumber': '415', 'addr:postcode': '28202', 'addr:state': 'NC', 'addr:street': 'East 4th Street', 'amenity': 'parking', 'fee': 'yes', 'name': 'Lot #415S', 'operator': 'Preferred Parking', 'parking': 'surface', 'surface': 'asphalt'}",parking,,,,,,,,way/513106103
2,way,513106106,Lot #426,35.2235465,-80.8398452,"{'addr:city': 'Charlotte', 'addr:housenumber': '426', 'addr:postcode': '28202', 'addr:state': 'NC', 'addr:street': 'East Trade Street', 'amenity': 'parking', 'fee': 'yes', 'name': 'Lot #426', 'operator': 'Peferred Parking', 'parking': 'surface', 'surface': 'asphalt'}",parking,,,,,,,,way/513106106
2,way,672780369,,35.2244231,-80.8398149,"{'amenity': 'shelter', 'building': 'yes'}",shelter,,,,,,,,way/672780369
2,way,672780370,,35.2247522,-80.8402018,"{'amenity': 'shelter', 'building': 'yes'}",shelter,,,,,,,,way/672780370
2,way,672783588,,35.2227935,-80.8378688,"{'amenity': 'shelter', 'building': 'yes'}",shelter,,,,,,,,way/672783588
2,way,672783589,,35.2227096,-80.8377681,"{'amenity': 'shelter', 'building': 'yes'}",shelter,,,,,,,,way/672783589
2,way,766639183,Prefered Parking,35.2212678,-80.8415254,"{'access': 'yes', 'addr:city': 'Charlotte', 'addr:housenumber': '300', 'addr:postcode': '28202', 'addr:state': 'NC', 'addr:street': 'South Davidson Street', 'amenity': 'parking', 'fee': 'yes', 'maxstay': '12 hours', 'name': 'Prefered Parking', 'operator:type': 'private', 'parking': 'surface', 'surface': 'asphalt'}",parking,,,,,,,,way/766639183
2,way,909453943,,35.2270117,-80.8426192,"{'amenity': 'fountain', 'natural': 'water', 'water': 'yes'}",fountain,,,,,,,,way/909453943
2,way,909609280,,35.2277988,-80.8453218,{'amenity': 'parking'},parking,,,,,,,,way/909609280
2,way,985168239,,35.2275763,-80.8441126,"{'addr:city': 'Charlotte', 'addr:housenumber': '123', 'addr:postcode': '28202', 'addr:state': 'NC', 'addr:street': 'West Trade Street', 'amenity': 'vacant', 'building': 'yes', 'was:brand': 'Hooters', 'was:brand:wikidata': 'Q1025921', 'was:cuisine': 'burger', 'was:name': 'Hooters'}",vacant,,,,,,,,way/985168239
2,way,985168240,Tilt on Trade,35.2276584,-80.8441622,"{'addr:city': 'Charlotte', 'addr:housenumber': '127', 'addr:postcode': '28202', 'addr:state': 'NC', 'addr:street': 'West Trade Street', 'amenity': 'bar', 'building': 'yes', 'name': 'Tilt on Trade', 'opening_hours': 'Mo-Su 16:00-02:00'}",bar,,,,,,,,way/985168240
2,way,985168246,,35.2267713,-80.8435528,"{'amenity': 'shelter', 'bench': 'yes', 'bin': 'yes', 'building': 'yes', 'lit': 'yes', 'shelter_type': 'public_transport'}",shelter,,,,,,,,way/985168246
2,way,985188326,,35.2272335,-80.8426559,"{'amenity': 'bench', 'backrest': 'yes', 'material': 'concrete'}",bench,,,,,,,,way/985188326
2,way,985188331,,35.2284001,-80.8431275,"{'access': 'yes', 'amenity': 'parking', 'building': 'parking', 'fee': 'yes', 'parking': 'multi-storey', 'surface': 'concrete'}",parking,,,,,,,,way/985188331
2,way,1047744389,418 East 6th Street,35.2257396,-80.837736,"{'access': 'permit', 'addr:city': 'Charlotte', 'addr:housenumber': '418', 'addr:postcode': '28202', 'addr:state': 'NC', 'addr:street': 'East 6th Street', 'amenity': 'parking', 'fee': 'yes', 'name': '418 East 6th Street', 'operator': 'Preferred Parking', 'parking': 'surface', 'surface': 'asphalt'}",parking,,,,,,,,way/1047744389
2,way,1090622203,,35.2221518,-80.8422876,{'amenity': 'parking'},parking,,,,,,,,way/1090622203
2,way,1098375127,,35.2288876,-80.8386545,"{'amenity': 'parking', 'parking': 'surface', 'surface': 'asphalt'}",parking,,,,,,,,way/1098375127
2,way,1113509384,,35.2210588,-80.8392003,"{'access': 'yes', 'amenity': 'bicycle_parking', 'bicycle_parking': 'stands', 'capacity': '8', 'covered': 'yes', 'fee': 'no', 'lit': 'yes'}",bicycle_parking,,,,,,,,way/1113509384
2,way,1181513185,,35.2270974,-80.8367814,"{'amenity': 'bicycle_parking', 'bicycle_parking': 'stands', 'capacity': '10', 'fee': 'no'}",bicycle_parking,,,,,,,,way/1181513185
2,way,1192155448,Midnight Diner,35.2238789,-80.8396684,"{'addr:city': 'Charlotte', 'addr:housenumber': '420', 'addr:postcode': '28202', 'addr:state': 'NC', 'addr:street': 'East Trade Street', 'air_conditioning': 'yes', 'amenity': 'restaurant', 'building': 'retail', 'check_date': '2026-01-14', 'cuisine': 'diner;american', 'internet_access': 'no', 'microbrewery': 'no', 'name': 'Midnight Diner', 'opening_hours': '24/7', 'payment:cash': 'yes', 'payment:contactless': 'no', 'payment:credit_cards': 'yes', 'payment:debit_cards': 'yes', 'phone': '+19802073641', 'toilets': 'yes', 'website': 'https://midnightdinercharlotte.com/', 'wheelchair': 'yes'}",restaurant,,,,,,,,way/1192155448
2,way,1195991110,The Market at 7th Street,35.2274351,-80.8383336,"{'addr:city': 'Charlotte', 'addr:housenumber': '224', 'addr:postcode': '28202', 'addr:state': 'NC', 'addr:street': 'East 7th Street', 'amenity': 'food_court', 'name': 'The Market at 7th Street', 'opening_hours': 'Tu-We 08:00-19:00; Th-Sa 08:00-20:00; Su 09:00-17:00', 'website': 'https://themarketat7thstreet.com/'}",food_court,,,,,,,,way/1195991110
2,way,1309950405,,35.2294416,-80.838523,"{'amenity': 'parking', 'building': 'yes', 'parking': 'multi-storey'}",parking,,,,,,,,way/1309950405
2,way,1327104767,,35.2237994,-80.8466892,"{'amenity': 'parking', 'layer': '-1', 'parking': 'underground'}",parking,,,,,,,,way/1327104767
2,way,1441928374,,35.2274867,-80.8432876,"{'amenity': 'shelter', 'bench': 'yes', 'bin': 'yes', 'building': 'yes', 'shelter_type': 'public_transport'}",shelter,,,,,,,,way/1441928374
2,way,1441981906,,35.2273686,-80.8434137,"{'amenity': 'shelter', 'bench': 'yes', 'bin': 'yes', 'building': 'yes', 'shelter_type': 'public_transport'}",shelter,,,,,,,,way/1441981906
2,way,1441981913,,35.2277817,-80.8438941,"{'amenity': 'shelter', 'building': 'yes', 'layer': '1'}",shelter,,,,,,,,way/1441981913
2,way,1469308891,,35.2287095,-80.8439068,"{'amenity': 'parking', 'capacity': '4', 'capacity:disabled': '4', 'parking': 'street_side'}",parking,,,,,,,,way/1469308891
2,relation,4848919,,35.2273123,-80.8422252,"{'amenity': 'bank', 'building:levels': '60', 'type': 'building'}",bank,,,,,,,,relation/4848919
2,relation,6054693,,35.2237503,-80.8420914,"{'amenity': 'parking', 'fee': 'yes', 'parking': 'surface', 'surface': 'asphalt', 'type': 'multipolygon'}",parking,,,,,,,,relation/6054693
2,relation,16050776,,35.2263831,-80.8385351,"{'amenity': 'parking', 'building': 'yes', 'height': '48', 'parking': 'multi-storey', 'type': 'multipolygon'}",parking,,,,,,,,relation/16050776
2,node,6332298766,Insomnia Cookies,35.2255009,-80.8420447,"{'addr:city': 'Charlotte', 'addr:housenumber': '210', 'addr:postcode': '28202', 'addr:state': 'NC', 'addr:street': 'East Trade Street', 'addr:unit': 'Suite B-224', 'brand': 'Insomnia Cookies', 'brand:wikidata': 'Q16997024', 'name': 'Insomnia Cookies', 'shop': 'pastry'}",,pastry,,,,,,,node/6332298766
2,node,9099545839,JoS. A. Bank,35.2266979,-80.8418413,"{'brand': 'JoS. A. Bank', 'brand:wikidata': 'Q6204078', 'level': '0', 'name': 'JoS. A. Bank', 'official_name': 'Jos. A. Bank Clothiers', 'shop': 'clothes'}",,clothes,,,,,,,node/9099545839
2,node,10965747075,Charlotte NC Tours,35.2265821,-80.8426998,"{'level': '1', 'name': 'Charlotte NC Tours', 'shop': 'travel_agency'}",,travel_agency,,,,,,,node/10965747075
2,node,10965747076,Walgreens,35.2262131,-80.8427431,"{'brand': 'Walgreens', 'brand:wikidata': 'Q1591889', 'level': '0', 'name': 'Walgreens', 'shop': 'chemist', 'website': 'https://www.walgreens.com/locator/walgreens-101+s+tryon+st-charlotte-nc-28280/id=15008'}",,chemist,,,,,,,node/10965747076
2,node,10968443164,Reid’s Fine Foods,35.227474,-80.8436621,"{'name': 'Reid’s Fine Foods', 'shop': 'deli'}",,deli,,,,,,,node/10968443164
2,node,10968443165,The Cut,35.2275679,-80.8437454,"{'name': 'The Cut', 'shop': 'hairdresser'}",,hairdresser,,,,,,,node/10968443165
2,node,11093041435,Amelie’s,35.2242307,-80.845226,"{'addr:city': 'Charlotte', 'addr:housenumber': '380', 'addr:postcode': '28202', 'addr:state': 'NC', 'addr:street': 'South College Street', 'name': 'Amelie’s', 'opening_hours': 'Mo-Su 08:00-17:00', 'phone': '+1-704-899-0088', 'shop': 'bakery', 'website': 'https://www.ameliesfrenchbakery.com'}",,bakery,,,,,,,node/11093041435
2,node,11098808621,Orrman’s Cheese Shop,35.2272613,-80.8385638,"{'name': 'Orrman’s Cheese Shop', 'shop': 'cheese'}",,cheese,,,,,,,node/11098808621
2,node,13174801086,Vick's Vapor & Hub,35.2253293,-80.8370858,"{'name': ""Vick's Vapor & Hub"", 'shop': 'e-cigarette'}",,e-cigarette,,,,,,,node/13174801086
2,node,13357332052,Bing Zaremba Handyman and Construction of Charlotte,35.2269782,-80.8447255,"{'addr:city': 'Charlotte', 'addr:housenumber': '128', 'addr:postcode': '28202', 'addr:state': 'NC', 'addr:street': 'South Tryon Street', 'contact:facebook': '688014097731047', 'contact:linkedin': 'bingzarembaconstruction', 'contact:phone': '+1-704-750-5699', 'contact:website': 'https://www.bingzarembaconstruction.com/', 'name': 'Bing Zaremba Handyman and Construction of Charlotte', 'opening_hours': 'Mo-Sa 07:00-18:00', 'operator': 'Bing Zaremba Handyman and Construction of Charlotte', 'shop': 'kitchen'}",,kitchen,,,,,,,node/13357332052
2,node,13375183512,Uptown Cuts,35.2239237,-80.8440337,"{'addr:city': 'Charlotte', 'addr:housenumber': '301', 'addr:postcode': '28202', 'addr:state': 'NC', 'addr:street': 'South College Street', 'addr:unit': '130', 'check_date': '2025-12-14', 'contact:instagram': 'https://www.instagram.com/uptowncuts_clt', 'currency:XBT': 'yes', 'hairdresser': 'barber', 'name': 'Uptown Cuts', 'opening_hours': 'Mo-Fr 09:00-19:00; Sa 09:00-15:00', 'payment:lightning': 'yes', 'payment:lightning:operator': 'square', 'payment:lightning_contactless': 'no', 'payment:onchain': 'no', 'phone': '+1-980-483-8618', 'shop': 'hairdresser', 'website': 'https://www.uptowncutsclt.com/'}",,hairdresser,,,,,,,node/13375183512
2,node,13457166644,Overstreet Market,35.223869,-80.844594,"{'level': '1', 'name': 'Overstreet Market', 'shop': 'convenience'}",,convenience,,,,,,,node/13457166644
2,node,13457166650,New Creations,35.2259485,-80.8429765,"{'level': '0', 'name': 'New Creations', 'shop': 'hairdresser'}",,hairdresser,,,,,,,node/13457166650
2,node,13457166651,Paper Skyscraper,35.2260079,-80.8428827,"{'name': 'Paper Skyscraper', 'shop': 'gift'}",,gift,,,,,,,node/13457166651
2,node,13457166665,City Barbers at Uptown,35.2268865,-80.8421351,"{'hairdresser': 'barber', 'name': 'City Barbers at Uptown', 'shop': 'hairdresser'}",,hairdresser,,,,,,,node/13457166665
2,node,5828785965,,35.2263388,-80.8453952,"{'addr:city': 'Charlotte', 'addr:postcode': '28281', 'addr:state': 'NC', 'country': 'USA', 'description': 'Part of the 230 S Tryon Condominiums?', 'leisure': 'swimming_pool', 'opening_hours': '24/7', 'phone': '+1-704-370-0099'}",,,swimming_pool,,,,,,node/5828785965
2,node,6332298776,Bowlero,35.225064,-80.8420232,"{'brand': 'Bowlero', 'brand:wikidata': 'Q17102967', 'leisure': 'bowling_alley', 'name': 'Bowlero'}",,,bowling_alley,,,,,,node/6332298776
2,node,12948708695,,35.2271485,-80.8436588,{'leisure': 'picnic_table'},,,picnic_table,,,,,,node/12948708695
2,node,12948708696,,35.2271313,-80.8436345,{'leisure': 'picnic_table'},,,picnic_table,,,,,,node/12948708696
2,node,13457166645,Childress Klein YMCA,35.2237794,-80.8443278,"{'brand': 'YMCA', 'brand:wikidata': 'Q157169', 'leisure': 'sports_centre', 'name': 'Childress Klein YMCA'}",,,sports_centre,,,,,,node/13457166645
2,node,13475033227,,35.2287609,-80.844588,{'leisure': 'picnic_table'},,,picnic_table,,,,,,node/13475033227
2,node,13475033228,,35.228684,-80.8445402,{'leisure': 'picnic_table'},,,picnic_table,,,,,,node/13475033228
2,way,398591598,,35.2288156,-80.8425758,"{'access': 'private', 'leisure': 'swimming_pool', 'location': 'roof'}",,,swimming_pool,,,,,,way/398591598
2,way,715563541,McColl Park,35.2272428,-80.8435902,"{'addr:city': 'Charlotte', 'addr:housenumber': '106', 'addr:postcode': '28202', 'addr:state': 'NC', 'addr:street': 'West Trade Street', 'leisure': 'park', 'name': 'McColl Park', 'operator': 'City of Charlotte', 'operator:type': 'public'}",,,park,,,,,,way/715563541
2,way,864042231,,35.2288663,-80.8437914,{'leisure': 'garden'},,,garden,,,,,,way/864042231
2,way,906171751,,35.2270989,-80.840571,{'leisure': 'garden'},,,garden,,,,,,way/906171751
2,way,984713011,,35.225684,-80.8384663,"{'garden:type': 'flowerbed', 'leisure': 'garden'}",,,garden,,,,,,way/984713011
2,way,984713025,,35.2255296,-80.8404484,"{'garden:type': 'landscaping', 'leisure': 'garden'}",,,garden,,,,,,way/984713025
2,way,984713030,,35.2259044,-80.8400663,"{'garden:type': 'landscaping', 'leisure': 'garden'}",,,garden,,,,,,way/984713030
2,way,985188320,,35.2272567,-80.8426745,"{'garden:type': 'flowerbed', 'leisure': 'garden'}",,,garden,,,,,,way/985188320
2,way,1004216938,First Ward Park,35.2280879,-80.8361432,"{'addr:city': 'Charlotte', 'addr:housenumber': '301', 'addr:postcode': '28202', 'addr:state': 'NC', 'addr:street': 'East 7th Street', 'leisure': 'park', 'name': 'First Ward Park', 'ownership': 'county', 'website': 'https://www.mecknc.gov/ParkandRec/Parks/ParksByRegion/CentralRegion/Pages/FirstWard.aspx', 'wikidata': 'Q19868162', 'wikipedia': 'en:First Ward Park'}",,,park,,,,,,way/1004216938
2,way,1176275045,,35.2262076,-80.842674,"{'access': 'customers', 'leisure': 'swimming_pool', 'location': 'roof'}",,,swimming_pool,,,,,,way/1176275045
2,way,1205171365,Gandhi Park,35.2218003,-80.8371747,"{'barrier': 'hedge', 'leisure': 'park', 'name': 'Gandhi Park'}",,,park,,,,,,way/1205171365
2,way,1235640067,,35.2265187,-80.8430293,{'leisure': 'outdoor_seating'},,,outdoor_seating,,,,,,way/1235640067
2,way,1313514295,,35.2222554,-80.8390757,"{'garden:type': 'landscaping', 'leisure': 'garden'}",,,garden,,,,,,way/1313514295
2,way,1313514296,,35.2223243,-80.838972,"{'garden:type': 'landscaping', 'leisure': 'garden'}",,,garden,,,,,,way/1313514296
2,way,1313514297,,35.2223924,-80.8388682,"{'garden:type': 'landscaping', 'leisure': 'garden'}",,,garden,,,,,,way/1313514297
2,way,1313514298,,35.2224616,-80.8387645,"{'garden:type': 'landscaping', 'leisure': 'garden'}",,,garden,,,,,,way/1313514298
2,way,1313514299,,35.2225306,-80.8386622,"{'garden:type': 'landscaping', 'leisure': 'garden'}",,,garden,,,,,,way/1313514299
2,way,1313514300,,35.2226072,-80.8385617,"{'garden:type': 'landscaping', 'leisure': 'garden'}",,,garden,,,,,,way/1313514300
2,way,1313514301,,35.2226838,-80.8384652,"{'garden:type': 'landscaping', 'leisure': 'garden'}",,,garden,,,,,,way/1313514301
2,way,1327048750,,35.2283123,-80.8418003,"{'garden:type': 'landscaping', 'leisure': 'garden'}",,,garden,,,,,,way/1327048750
2,way,1327048756,,35.2283063,-80.8416499,"{'garden:type': 'landscaping', 'leisure': 'garden'}",,,garden,,,,,,way/1327048756
2,way,1327048757,,35.2283908,-80.8415266,"{'garden:type': 'landscaping', 'leisure': 'garden'}",,,garden,,,,,,way/1327048757
2,way,1327048758,,35.2281486,-80.8418692,"{'garden:type': 'landscaping', 'leisure': 'garden'}",,,garden,,,,,,way/1327048758
2,way,1327048759,,35.2282073,-80.8417858,"{'garden:type': 'landscaping', 'leisure': 'garden'}",,,garden,,,,,,way/1327048759
2,way,1327048760,,35.2284775,-80.8414045,"{'garden:type': 'landscaping', 'leisure': 'garden'}",,,garden,,,,,,way/1327048760
2,way,1327048761,,35.2285666,-80.8412746,"{'garden:type': 'landscaping', 'leisure': 'garden'}",,,garden,,,,,,way/1327048761
2,way,1327048762,,35.2286216,-80.84119,"{'garden:type': 'landscaping', 'leisure': 'garden'}",,,garden,,,,,,way/1327048762
2,way,1327048763,,35.2286774,-80.8411113,"{'garden:type': 'landscaping', 'leisure': 'garden'}",,,garden,,,,,,way/1327048763
2,way,1327048764,,35.2287274,-80.8410415,"{'garden:type': 'landscaping', 'leisure': 'garden'}",,,garden,,,,,,way/1327048764
2,way,1327103459,,35.2260785,-80.845855,"{'garden:type': 'landscaping', 'leisure': 'garden'}",,,garden,,,,,,way/1327103459
2,way,1327103460,,35.2258886,-80.8457705,"{'garden:type': 'landscaping', 'leisure': 'garden'}",,,garden,,,,,,way/1327103460
2,way,1327103469,,35.2259491,-80.8457618,{'leisure': 'outdoor_seating'},,,outdoor_seating,,,,,,way/1327103469
2,way,1327103470,,35.2262351,-80.8461318,{'leisure': 'outdoor_seating'},,,outdoor_seating,,,,,,way/1327103470
2,way,1352473422,,35.2218753,-80.8435416,{'leisure': 'outdoor_seating'},,,outdoor_seating,,,,,,way/1352473422
2,way,1441928369,,35.2275746,-80.8432742,"{'garden:type': 'landscaping', 'leisure': 'garden'}",,,garden,,,,,,way/1441928369
2,way,1441928370,,35.2276388,-80.843278,"{'garden:type': 'landscaping', 'leisure': 'garden'}",,,garden,,,,,,way/1441928370
2,way,1441928371,,35.2276539,-80.8431655,"{'garden:type': 'landscaping', 'leisure': 'garden'}",,,garden,,,,,,way/1441928371
2,way,1441928372,,35.2275664,-80.8431745,"{'garden:type': 'landscaping', 'leisure': 'garden'}",,,garden,,,,,,way/1441928372
2,way,1441928373,,35.2274988,-80.8431765,"{'garden:type': 'landscaping', 'leisure': 'garden'}",,,garden,,,,,,way/1441928373
2,way,1441928377,,35.2287157,-80.8410925,{'leisure': 'outdoor_seating'},,,outdoor_seating,,,,,,way/1441928377
2,node,1848893643,Aloft Charlotte Uptown at the EpiCentre,35.2254742,-80.8426764,"{'brand': 'Aloft', 'brand:wikidata': 'Q4734166', 'name': 'Aloft Charlotte Uptown at the EpiCentre', 'tourism': 'hotel'}",,,,hotel,,,,,node/1848893643
2,node,5016558837,Queen Charlotte Walks in Her Garden,35.227096,-80.840571,"{'artist_name': 'Bailey Graham Weathers, Jr.', 'artwork_type': 'statue', 'material': 'bronze', 'name': 'Queen Charlotte Walks in Her Garden', 'source': 'https://www.ncpedia.org/monument/queen-charlotte-walks-her', 'start_date': '1989-01-26', 'tourism': 'artwork'}",,,,artwork,,,,,node/5016558837
2,node,7986487900,Transportation,35.2272131,-80.8432503,"{'artist_name': 'Raymond Kaskey', 'artwork_type': 'statue', 'material': 'bronze', 'name': 'Transportation', 'source': 'https://www.ncpedia.org/monument/sculptures-square', 'start_date': '1995-11-27', 'tourism': 'artwork'}",,,,artwork,,,,,node/7986487900
2,node,8415199020,The Future,35.2271919,-80.8429205,"{'artist_name': 'Raymond Kaskey', 'artwork_type': 'statue', 'material': 'bronze', 'name': 'The Future', 'source': 'https://www.ncpedia.org/monument/sculptures-square', 'start_date': '1995-11-27', 'tourism': 'artwork'}",,,,artwork,,,,,node/8415199020
2,node,8415199021,Commerce,35.2273367,-80.8430687,"{'artist_name': 'Raymond Kaskey', 'artwork_type': 'statue', 'material': 'bronze', 'name': 'Commerce', 'source': 'https://www.ncpedia.org/monument/sculptures-square', 'start_date': '1995-11-27', 'tourism': 'artwork'}",,,,artwork,,,,,node/8415199021
2,node,8415199022,Industry,35.2270868,-80.8430894,"{'artist_name': 'Raymond Kaskey', 'artwork_type': 'statue', 'material': 'bronze', 'name': 'Industry', 'source': 'https://www.ncpedia.org/monument/sculptures-square', 'start_date': '1995-11-27', 'tourism': 'artwork'}",,,,artwork,,,,,node/8415199022
2,node,8415199023,Il Grande Disco,35.2268965,-80.8431653,"{'artist_name': 'Arnaldo Pomodoro', 'artwork_type': 'sculpture', 'material': 'metal', 'name': 'Il Grande Disco', 'source': 'http://mintmuseums.org/art/collections/item/ii-grande-disco/', 'start_date': '1974-10-02', 'tourism': 'artwork'}",,,,artwork,,,,,node/8415199023
2,node,9099545840,Bank of America Heritage Center,35.2268915,-80.8420148,"{'level': '0', 'museum': 'history', 'name': 'Bank of America Heritage Center', 'tourism': 'museum'}",,,,museum,,,,,node/9099545840
2,node,9111862564,Residence Inn Charlotte City Center,35.2251987,-80.8414272,"{'addr:city': 'Charlotte', 'addr:housenumber': '220', 'addr:postcode': '28202', 'addr:state': 'NC', 'addr:street': 'East Trade Street', 'brand': 'Residence Inn', 'brand:wikidata': 'Q7315394', 'name': 'Residence Inn Charlotte City Center', 'official_name': 'Residence Inn by Marriott', 'tourism': 'hotel'}",,,,hotel,,,,,node/9111862564
2,node,9111862565,AC Hotel by Marriott Charlotte City Center,35.2253154,-80.8414502,"{'brand': 'AC Hotel', 'brand:wikidata': 'Q5653536', 'name': 'AC Hotel by Marriott Charlotte City Center', 'tourism': 'hotel'}",,,,hotel,,,,,node/9111862565
2,node,11092752314,,35.2266951,-80.8388862,"{'artwork_type': 'sculpture', 'tourism': 'artwork'}",,,,artwork,,,,,node/11092752314
2,node,12945631873,,35.2272389,-80.8436164,"{'artwork_type': 'sculpture', 'tourism': 'artwork'}",,,,artwork,,,,,node/12945631873
2,node,13231416222,,35.226531,-80.844289,"{'information': 'guidepost', 'tourism': 'information'}",,,,information,,,,,node/13231416222
2,way,120628262,Hyatt Place Charlotte Downtown,35.222597,-80.841087,"{'addr:city': 'Charlotte', 'addr:housenumber': '222', 'addr:postcode': '28202', 'addr:state': 'NC', 'addr:street': 'South Caldwell Street', 'branch': 'Charlotte Downtown', 'brand': 'Hyatt Place', 'brand:wikidata': 'Q72629292', 'building': 'yes', 'building:levels': '17', 'height': '103', 'name': 'Hyatt Place Charlotte Downtown', 'phone': '+1 704-227-0500', 'tourism': 'hotel', 'website': 'https://www.hyatt.com/en-us/hotel/north-carolina/hyatt-place-charlotte-downtown/cltzu'}",,,,hotel,,,,,way/120628262
2,way,174231925,Discovery Place,35.2296144,-80.8409227,"{'addr:city': 'Charlotte', 'addr:housenumber': '301', 'addr:postcode': '28202', 'addr:state': 'NC', 'addr:street': 'North Tryon Street', 'building': 'yes', 'building:levels': '2', 'fee': 'yes', 'height': '22', 'name': 'Discovery Place', 'opening_hours': 'Mo-Fr 9:30-16:30', 'phone': '+1-704-372-6261', 'tourism': 'museum', 'website': 'https://discoveryplace.org/', 'wheelchair': 'yes', 'wikidata': 'Q5281960'}",,,,museum,,,,,way/174231925
2,way,380092604,"The Ritz-Carlton, Charlotte",35.2261491,-80.8414748,"{'addr:city': 'Charlotte', 'addr:housenumber': '201', 'addr:postcode': '28202', 'addr:state': 'NC', 'addr:street': 'East Trade Street', 'brand': 'The Ritz-Carlton', 'brand:wikidata': 'Q782200', 'building': 'yes', 'height': '80', 'name': 'The Ritz-Carlton, Charlotte', 'tourism': 'hotel', 'wikidata': 'Q111394609'}",,,,hotel,,,,,way/380092604
2,way,380092605,Hilton Charlotte Uptown,35.2239118,-80.8437606,"{'addr:city': 'Charlotte', 'addr:housenumber': '222', 'addr:postcode': '28202', 'addr:state': 'NC', 'addr:street': 'East 3rd Street', 'brand': 'Hilton', 'brand:wikidata': 'Q598884', 'building': 'yes', 'building:levels': '10', 'height': '83', 'internet_access': 'yes', 'layer': '1', 'name': 'Hilton Charlotte Uptown', 'phone': '+1-704-377-1500', 'tourism': 'hotel', 'website': 'https://charlotteuptown.hilton.com', 'wikidata': 'Q111394608'}",,,,hotel,,,,,way/380092605
2,way,397369787,Charlotte Marriott City Center,35.2280258,-80.8435409,"{'addr:city': 'Charlotte', 'addr:housenumber': '100', 'addr:postcode': '28202', 'addr:state': 'NC', 'addr:street': 'West Trade Street', 'building': 'yes', 'name': 'Charlotte Marriott City Center', 'tourism': 'hotel', 'wikidata': 'Q111394605'}",,,,hotel,,,,,way/397369787
2,way,398591589,Levine Museum of the New South,35.2281955,-80.8387317,"{'addr:city': 'Charlotte', 'addr:housenumber': '200', 'addr:postcode': '28202', 'addr:state': 'NC', 'addr:street': 'East 7th Street', 'building': 'yes', 'check_date': '2023-06-12', 'fee': 'no', 'height': '12', 'name': 'Levine Museum of the New South', 'opening_hours': 'Tu-Fr 11:00-17:00; We 11:00-21:00; Sa 10:00-17:00; Su 12:00-17:00; PH off', 'tourism': 'museum', 'website': 'https://www.museumofthenewsouth.org/', 'wikidata': 'Q6535654'}",,,,museum,,,,,way/398591589
2,way,398591600,The Dunhill Hotel,35.2288901,-80.8411522,"{'addr:city': 'Charlotte', 'addr:housenumber': '237', 'addr:postcode': '28202', 'addr:state': 'NC', 'addr:street': 'North Tryon Street', 'building': 'yes', 'height': '53', 'name': 'The Dunhill Hotel', 'tourism': 'hotel'}",,,,hotel,,,,,way/398591600
2,way,484755656,SpringHill Suites Charlotte Uptown,35.2264003,-80.8392279,"{'addr:city': 'Charlotte', 'addr:housenumber': '311', 'addr:postcode': '28202', 'addr:state': 'NC', 'addr:street': 'East 5th Street', 'branch': 'Charlotte City Center', 'brand': 'SpringHill Suites', 'brand:wikidata': 'Q7580351', 'building': 'yes', 'height': '48', 'internet_access': 'yes', 'name': 'SpringHill Suites Charlotte Uptown', 'official_name': 'SpringHill Suites by Marriott', 'operator': 'Marriot', 'phone': '+1 704-439-8100', 'ref': 'CLTSD', 'rooms': '195', 'smoking': 'no', 'tourism': 'hotel', 'website': 'https://www.marriott.com/cltsd'}",,,,hotel,,,,,way/484755656
2,way,500204487,Omni Charlotte Hotel,35.2262153,-80.842852,"{'addr:city': 'Charlotte', 'addr:housenumber': '132', 'addr:postcode': '28202', 'addr:state': 'NC', 'addr:street': 'East Trade Street', 'brand:wikidata': 'Q7090329', 'building': 'yes', 'height': '28', 'internet_access': 'yes', 'name': 'Omni Charlotte Hotel', 'operator': 'Omni Hotels & Resorts', 'phone': '+1-704-377-0400', 'tourism': 'hotel', 'website': 'https://www.omnihotels.com/hotels/charlotte'}",,,,hotel,,,,,way/500204487
2,way,500727932,Embassy Suites by Hilton Charlotte Uptown,35.2219781,-80.8425865,"{'addr:city': 'Charlotte', 'addr:housenumber': '401', 'addr:postcode': '28202', 'addr:state': 'NC', 'addr:street': 'East Martin Luther King Jr Boulevard', 'branch': 'Charlotte Uptown', 'brand': 'Embassy Suites', 'brand:wikidata': 'Q5369524', 'building': 'yes', 'building:levels': '9', 'height': '13', 'name': 'Embassy Suites by Hilton Charlotte Uptown', 'official_name': 'Embassy Suites by Hilton', 'ref': 'CLTMLES', 'tourism': 'hotel', 'website': 'https://www.hilton.com/en/hotels/cltmles-embassy-suites-charlotte-uptown/'}",,,,hotel,,,,,way/500727932
2,way,500736208,Hyatt House Charlotte/Center City,35.2241877,-80.8390722,"{'addr:city': 'Charlotte', 'addr:housenumber': '435', 'addr:postcode': '28202', 'addr:state': 'NC', 'addr:street': 'East Trade Street', 'branch': 'Charlotte/Center City', 'brand': 'Hyatt House', 'brand:wikidata': 'Q109292191', 'building': 'apartments', 'building:levels': '16', 'height': '17', 'name': 'Hyatt House Charlotte/Center City', 'operator': 'Hyatt', 'phone': '+1 704-373-9700', 'tourism': 'hotel', 'website': 'https://www.hyatt.com/hyatt-house/en-us/cltxd-hyatt-house-charlotte-center-city'}",,,,hotel,,,,,way/500736208
2,way,500736212,Holiday Inn Center City,35.2273392,-80.8401602,"{'brand': 'Holiday Inn', 'brand:wikidata': 'Q2717882', 'building': 'yes', 'height': '60', 'name': 'Holiday Inn Center City', 'tourism': 'hotel', 'wikidata': 'Q111394610'}",,,,hotel,,,,,way/500736212
2,way,835603874,"Grand Bohemian Hotel Charlotte, Autograph Collection",35.2281193,-80.8447487,"{'addr:city': 'Charlotte', 'addr:housenumber': '201', 'addr:postcode': '28202', 'addr:state': 'NC', 'addr:street': 'West Trade Street', 'building': 'yes', 'name': 'Grand Bohemian Hotel Charlotte, Autograph Collection', 'tourism': 'hotel'}",,,,hotel,,,,,way/835603874
2,way,948973303,Courtyard Charlotte City Center,35.2255941,-80.8446822,"{'addr:city': 'Charlotte', 'addr:housenumber': '237', 'addr:postcode': '28202', 'addr:state': 'NC', 'addr:street': 'South Tryon Street', 'branch': 'Charlotte City Center', 'brand': 'Courtyard', 'brand:wikidata': 'Q1053170', 'building:part': 'yes', 'name': 'Courtyard Charlotte City Center', 'official_name': 'Courtyard by Marriott', 'phone': '+1 704-926-5800', 'ref': 'CLTUP', 'source': 'GPS', 'tourism': 'hotel', 'website': 'https://www.marriott.com/cltup'}",,,,hotel,,,,,way/948973303
2,way,984713014,,35.225251,-80.8405025,"{'area': 'yes', 'artist_name': 'Andrew Leicester', 'artwork_type': 'installation', 'height': '15', 'tourism': 'artwork'}",,,,artwork,,,,,way/984713014
2,way,984713015,,35.225304,-80.8405649,"{'area': 'yes', 'artist_name': 'Andrew Leicester', 'artwork_type': 'installation', 'height': '15', 'tourism': 'artwork'}",,,,artwork,,,,,way/984713015
2,way,984713016,,35.2251962,-80.84044,"{'area': 'yes', 'artist_name': 'Andrew Leicester', 'artwork_type': 'installation', 'height': '15', 'tourism': 'artwork'}",,,,artwork,,,,,way/984713016
2,way,984713017,,35.2251438,-80.840378,"{'area': 'yes', 'artist_name': 'Andrew Leicester', 'artwork_type': 'installation', 'height': '15', 'tourism': 'artwork'}",,,,artwork,,,,,way/984713017
2,way,985188329,The Ivey's Hotel,35.2283618,-80.8426649,"{'addr:city': 'Charlotte', 'addr:housenumber': '127', 'addr:postcode': '28202', 'addr:state': 'NC', 'addr:street': 'North Tryon Street', 'building': 'yes', 'name': ""The Ivey's Hotel"", 'tourism': 'hotel', 'wikidata': 'Q111394606'}",,,,hotel,,,,,way/985188329
2,way,1181519418,,35.2283125,-80.8432456,"{'artwork_type': 'mural', 'tourism': 'artwork'}",,,,artwork,,,,,way/1181519418
2,way,1181519420,,35.2291463,-80.8409757,"{'artwork_type': 'mural', 'tourism': 'artwork'}",,,,artwork,,,,,way/1181519420
2,way,1192647313,Bus Stop,35.2267207,-80.8367246,"{'artist_name': 'Donald Justice', 'artwork_type': 'mural', 'name': 'Bus Stop', 'tourism': 'artwork'}",,,,artwork,,,,,way/1192647313
2,way,1193944321,,35.2282442,-80.8379035,"{'artwork_type': 'mural', 'tourism': 'artwork'}",,,,artwork,,,,,way/1193944321
2,way,1193944322,,35.2281892,-80.8379742,"{'artwork_type': 'mural', 'tourism': 'artwork'}",,,,artwork,,,,,way/1193944322
2,way,1193944323,,35.2283763,-80.8376465,"{'artwork_type': 'mural', 'tourism': 'artwork'}",,,,artwork,,,,,way/1193944323
2,way,1193944324,,35.2283325,-80.8382383,"{'artwork_type': 'mural', 'tourism': 'artwork'}",,,,artwork,,,,,way/1193944324
2,way,1193944325,,35.2281514,-80.8380229,"{'artwork_type': 'mural', 'tourism': 'artwork'}",,,,artwork,,,,,way/1193944325
2,way,1193944326,,35.2282201,-80.837878,"{'artwork_type': 'mural', 'tourism': 'artwork'}",,,,artwork,,,,,way/1193944326
2,way,1193944327,,35.2284645,-80.838124,"{'artwork_type': 'mural', 'tourism': 'artwork'}",,,,artwork,,,,,way/1193944327
2,way,1193944328,,35.2284418,-80.8377781,"{'artwork_type': 'mural', 'tourism': 'artwork'}",,,,artwork,,,,,way/1193944328
2,way,1193944329,,35.2283855,-80.8376154,"{'artwork_type': 'mural', 'tourism': 'artwork'}",,,,artwork,,,,,way/1193944329
2,way,1193944330,,35.2285435,-80.8378878,"{'artwork_type': 'mural', 'tourism': 'artwork'}",,,,artwork,,,,,way/1193944330
2,way,1193944331,,35.2284106,-80.8377234,"{'artwork_type': 'mural', 'tourism': 'artwork'}",,,,artwork,,,,,way/1193944331
2,way,1193944332,,35.228308,-80.8382268,"{'artwork_type': 'mural', 'tourism': 'artwork'}",,,,artwork,,,,,way/1193944332
2,way,1193944333,,35.2283217,-80.8382091,"{'artwork_type': 'mural', 'tourism': 'artwork'}",,,,artwork,,,,,way/1193944333
2,way,1194649369,,35.2255548,-80.8442102,"{'artwork_type': 'mural', 'level': '1', 'tourism': 'artwork'}",,,,artwork,,,,,way/1194649369
2,way,1194649370,,35.2255093,-80.8442793,"{'artwork_type': 'mural', 'tourism': 'artwork'}",,,,artwork,,,,,way/1194649370
2,way,1194649371,,35.2254795,-80.8443247,"{'artwork_type': 'mural', 'tourism': 'artwork'}",,,,artwork,,,,,way/1194649371
2,way,1194649372,,35.225732,-80.843941,"{'artwork_type': 'mural', 'tourism': 'artwork'}",,,,artwork,,,,,way/1194649372
2,way,1194649373,,35.2256575,-80.8440542,"{'artwork_type': 'mural', 'tourism': 'artwork'}",,,,artwork,,,,,way/1194649373
2,way,1194649374,,35.2257858,-80.8438903,"{'artwork_type': 'mural', 'layer': '1', 'tourism': 'artwork'}",,,,artwork,,,,,way/1194649374
2,way,1194649375,,35.2256078,-80.8441297,"{'artwork_type': 'mural', 'tourism': 'artwork'}",,,,artwork,,,,,way/1194649375
2,way,1194649376,,35.2253038,-80.8445942,"{'artwork_type': 'mural', 'tourism': 'artwork'}",,,,artwork,,,,,way/1194649376
2,way,1194649377,,35.2256395,-80.8440816,"{'artwork_type': 'mural', 'tourism': 'artwork'}",,,,artwork,,,,,way/1194649377
2,way,1194649378,,35.2256782,-80.8440227,"{'artwork_type': 'mural', 'tourism': 'artwork'}",,,,artwork,,,,,way/1194649378
2,way,1194649379,,35.225812,-80.8438206,"{'artwork_type': 'mural', 'tourism': 'artwork'}",,,,artwork,,,,,way/1194649379
2,way,1194649380,,35.2253724,-80.8444875,"{'artwork_type': 'mural', 'level': '1', 'tourism': 'artwork'}",,,,artwork,,,,,way/1194649380
2,way,1194649381,,35.2258639,-80.843744,"{'artwork_type': 'mural', 'tourism': 'artwork'}",,,,artwork,,,,,way/1194649381
2,way,1194649382,,35.2254338,-80.8443942,"{'artwork_type': 'mural', 'tourism': 'artwork'}",,,,artwork,,,,,way/1194649382
2,way,1194649383,,35.2257726,-80.8438794,"{'artwork_type': 'mural', 'tourism': 'artwork'}",,,,artwork,,,,,way/1194649383
2,way,1194649384,,35.2257003,-80.8439892,"{'artwork_type': 'mural', 'tourism': 'artwork'}",,,,artwork,,,,,way/1194649384
2,way,1194649385,,35.225877,-80.8436779,"{'artwork_type': 'mural', 'tourism': 'artwork'}",,,,artwork,,,,,way/1194649385
2,way,1194649386,,35.2255548,-80.8442102,"{'artwork_type': 'mural', 'tourism': 'artwork'}",,,,artwork,,,,,way/1194649386
2,way,1194649387,,35.2253724,-80.8444875,"{'artwork_type': 'mural', 'tourism': 'artwork'}",,,,artwork,,,,,way/1194649387
2,way,1194649388,,35.2254338,-80.8443942,"{'artwork_type': 'mural', 'level': '1', 'tourism': 'artwork'}",,,,artwork,,,,,way/1194649388
2,way,1194649389,,35.2252372,-80.8446255,"{'artwork_type': 'mural', 'tourism': 'artwork'}",,,,artwork,,,,,way/1194649389
2,way,1194653330,,35.2253631,-80.8445686,"{'artwork_type': 'mural', 'tourism': 'artwork'}",,,,artwork,,,,,way/1194653330
2,way,1194653331,,35.2255768,-80.844301,"{'artwork_type': 'mural', 'tourism': 'artwork'}",,,,artwork,,,,,way/1194653331
2,way,1194653332,,35.225524,-80.8443843,"{'artwork_type': 'mural', 'tourism': 'artwork'}",,,,artwork,,,,,way/1194653332
2,way,1194653333,,35.225411,-80.8444999,"{'artwork_type': 'mural', 'tourism': 'artwork'}",,,,artwork,,,,,way/1194653333
2,way,1194653334,,35.2258276,-80.8438759,"{'artwork_type': 'mural', 'tourism': 'artwork'}",,,,artwork,,,,,way/1194653334
2,way,1194653335,,35.225599,-80.8442363,"{'artwork_type': 'mural', 'tourism': 'artwork'}",,,,artwork,,,,,way/1194653335
2,way,1194653336,,35.2254664,-80.8444206,"{'artwork_type': 'mural', 'tourism': 'artwork'}",,,,artwork,,,,,way/1194653336
2,way,1194653337,,35.2258449,-80.8438351,"{'artwork_type': 'mural', 'tourism': 'artwork'}",,,,artwork,,,,,way/1194653337
2,way,1194653338,,35.2253042,-80.844654,"{'artwork_type': 'mural', 'tourism': 'artwork'}",,,,artwork,,,,,way/1194653338
2,way,1194653339,,35.2255863,-80.844277,"{'artwork_type': 'mural', 'tourism': 'artwork'}",,,,artwork,,,,,way/1194653339
2,way,1194653340,,35.2255276,-80.844333,"{'artwork_type': 'mural', 'tourism': 'artwork'}",,,,artwork,,,,,way/1194653340
2,way,1194653341,,35.225748,-80.8440188,"{'artwork_type': 'mural', 'tourism': 'artwork'}",,,,artwork,,,,,way/1194653341
2,way,1194653342,,35.2257817,-80.8439264,"{'artwork_type': 'mural', 'tourism': 'artwork'}",,,,artwork,,,,,way/1194653342
2,way,1194654322,,35.2255756,-80.8442886,"{'area': 'yes', 'artwork_type': 'mural', 'tourism': 'artwork'}",,,,artwork,,,,,way/1194654322
2,way,1260440998,,35.2260972,-80.8432765,"{'artwork_type': 'mural', 'tourism': 'artwork'}",,,,artwork,,,,,way/1260440998
2,way,1283806832,,35.2256579,-80.8431831,"{'artwork_type': 'mural', 'tourism': 'artwork'}",,,,artwork,,,,,way/1283806832
2,way,1283806833,,35.2258923,-80.8434428,"{'artwork_type': 'mural', 'tourism': 'artwork'}",,,,artwork,,,,,way/1283806833
2,way,1283806834,,35.2258029,-80.8433424,"{'artwork_type': 'mural', 'tourism': 'artwork'}",,,,artwork,,,,,way/1283806834
2,way,1357873636,,35.2260019,-80.843405,"{'artwork_type': 'mural', 'tourism': 'artwork'}",,,,artwork,,,,,way/1357873636
2,way,1441928376,,35.2288154,-80.8430453,"{'artwork_type': 'mural', 'tourism': 'artwork'}",,,,artwork,,,,,way/1441928376
2,relation,13234458,Flying Shuttles,35.2252239,-80.8404714,"{'artist_name': 'Andrew Leicester', 'artwork_type': 'installation', 'name': 'Flying Shuttles', 'tourism': 'artwork', 'type': 'multipolygon'}",,,,artwork,,,,,relation/13234458
2,node,6661267711,McKinsey & Company,35.2274294,-80.8422014,"{'addr:city': 'Charlotte', 'addr:housenumber': '100', 'addr:postcode': '28202', 'addr:state': 'NC', 'addr:street': 'North Tryon Street', 'addr:unit': '2720', 'brand': 'McKinsey & Company', 'brand:wikidata': 'Q310207', 'name': 'McKinsey & Company', 'office': 'consulting', 'phone': '+1-704-954-5000', 'website': 'https://www.mckinsey.com/southern-us/charlotte'}",,,,,consulting,,,,node/6661267711
2,node,10713259748,Grow Mortgage,35.2261868,-80.844187,"{'addr:unit': '1450', 'contact:email': 'Hello@growmortgage.com', 'contact:facebook': 'https://www.facebook.com/russell.petty.16', 'contact:instagram': 'https://www.instagram.com/mortgagesbyruss', 'contact:linkedin': 'https://www.linkedin.com/in/russellpettyjr', 'name': 'Grow Mortgage', 'office': 'mortgage', 'opening_hours': 'Mo-Su 07:30-23:00', 'phone': '+1-980-318-8708', 'website': 'https://growmtg.com'}",,,,,mortgage,,,,node/10713259748
2,node,10971338351,Allen Tate Realtors,35.2287146,-80.8411676,"{'name': 'Allen Tate Realtors', 'office': 'estate_agent'}",,,,,estate_agent,,,,node/10971338351
2,node,11697919231,Winston & Strawn LLP,35.2256203,-80.8457786,"{'addr:floor': '16', 'addr:housenumber': '300', 'addr:street': 'South Tryon Street', 'name': 'Winston & Strawn LLP', 'office': 'lawyer', 'website': 'https://www.winston.com/en/locations/charlotte'}",,,,,lawyer,,,,node/11697919231
2,way,380090204,District Attorney's Office,35.221355,-80.8373652,"{'building': 'yes', 'government': 'prosecutor', 'height': '30', 'name': ""District Attorney's Office"", 'office': 'government'}",,,,,government,,,,way/380090204
2,way,380092606,301 South College,35.2239236,-80.8447362,"{'addr:housenumber': '301', 'addr:street': 'South College Street', 'building': 'yes', 'height': '192', 'name': '301 South College', 'office': 'company', 'wikidata': 'Q3352669'}",,,,,company,,,,way/380092606
2,way,1004213265,WFAE,35.227736,-80.8373174,"{'building': 'yes', 'height': '10', 'name': 'WFAE', 'office': 'yes'}",,,,,yes,,,,way/1004213265
2,way,1410822089,Foundation for the Carolinas,35.2283813,-80.8410298,"{'building': 'yes', 'height': '20', 'name': 'Foundation for the Carolinas', 'office': 'foundation'}",,,,,foundation,,,,way/1410822089
2,node,4001611003,,35.2273103,-80.8432978,"{'bench': 'yes', 'bus': 'yes', 'covered': 'yes', 'highway': 'bus_stop', 'public_transport': 'platform', 'shelter': 'yes'}",,,,,,platform,,,node/4001611003
2,node,4069128359,Davidson Street,35.2228473,-80.8378778,"{'name': 'Davidson Street', 'network': 'LYNX', 'operator': 'CATS', 'public_transport': 'stop_position', 'railway': 'tram_stop', 'tram': 'yes'}",,,,,,stop_position,,,node/4069128359
2,node,4069129776,CTC/Arena,35.2248206,-80.8402422,"{'name': 'CTC/Arena', 'network': 'CityLynx', 'operator': 'Charlotte Area Transit System', 'public_transport': 'stop_position', 'railway': 'tram_stop', 'tram': 'yes'}",,,,,,stop_position,,,node/4069129776
2,node,6300257794,Davidson Street,35.2226655,-80.837763,"{'name': 'Davidson Street', 'network': 'CityLynx', 'operator': 'Charlotte Area Transit System', 'public_transport': 'stop_position', 'railway': 'tram_stop', 'tram': 'yes'}",,,,,,stop_position,,,node/6300257794
2,node,6300257874,CTC/Arena,35.2243621,-80.8397846,"{'name': 'CTC/Arena', 'network': 'CityLynx', 'operator': 'Charlotte Area Transit System', 'public_transport': 'stop_position', 'railway': 'tram_stop', 'tram': 'yes'}",,,,,,stop_position,,,node/6300257874
2,node,6781452785,,35.2288405,-80.8406292,"{'bench': 'no', 'bus': 'yes', 'highway': 'bus_stop', 'public_transport': 'platform', 'route_ref': '11, 21', 'shelter': 'yes'}",,,,,,platform,,,node/6781452785
2,node,8419403078,7th Street,35.2271066,-80.8385242,"{'light_rail': 'yes', 'name': '7th Street', 'network': 'LYNX', 'operator': 'CATS', 'public_transport': 'stop_position', 'railway': 'stop'}",,,,,,stop_position,,,node/8419403078
2,node,8419403079,7th Street,35.2275312,-80.8378459,"{'light_rail': 'yes', 'name': '7th Street', 'network': 'LYNX', 'operator': 'CATS', 'public_transport': 'stop_position', 'railway': 'stop'}",,,,,,stop_position,,,node/8419403079
2,node,8419403080,CTC/Arena,35.2251898,-80.8410866,"{'light_rail': 'yes', 'name': 'CTC/Arena', 'network': 'LYNX', 'operator': 'CATS', 'public_transport': 'stop_position', 'railway': 'stop'}",,,,,,stop_position,,,node/8419403080
2,node,8419403081,CTC/Arena,35.2254555,-80.8406916,"{'light_rail': 'yes', 'name': 'CTC/Arena', 'network': 'LYNX', 'operator': 'CATS', 'public_transport': 'stop_position', 'railway': 'stop'}",,,,,,stop_position,,,node/8419403081
2,node,8419403082,3rd Street/Convention Center,35.2236591,-80.8431931,"{'light_rail': 'yes', 'name': '3rd Street/Convention Center', 'network': 'LYNX', 'operator': 'CATS', 'public_transport': 'stop_position', 'railway': 'stop'}",,,,,,stop_position,,,node/8419403082
2,node,8419403083,3rd Street/Convention Center,35.2238478,-80.8428621,"{'light_rail': 'yes', 'name': '3rd Street/Convention Center', 'network': 'LYNX', 'operator': 'CATS', 'public_transport': 'stop_position', 'railway': 'stop'}",,,,,,stop_position,,,node/8419403083
2,node,9108307132,Tryon Street,35.2274841,-80.8433299,"{'check_date': '2022-10-21', 'name': 'Tryon Street', 'network': 'CityLynx', 'operator': 'Charlotte Area Transit System', 'public_transport': 'stop_position', 'railway': 'tram_stop', 'start_date': '2021-08-30', 'tram': 'yes'}",,,,,,stop_position,,,node/9108307132
2,node,9108307133,Tryon Street,35.227382,-80.8433708,"{'check_date': '2022-10-21', 'name': 'Tryon Street', 'network': 'CityLynx', 'operator': 'Charlotte Area Transit System', 'public_transport': 'stop_position', 'railway': 'tram_stop', 'start_date': '2021-08-30', 'tram': 'yes'}",,,,,,stop_position,,,node/9108307133
2,node,9215059834,East Trade St at College Street,35.2267196,-80.8426369,"{'bin': 'yes', 'bus': 'yes', 'highway': 'bus_stop', 'name': 'East Trade St at College Street', 'network': 'CATS', 'network:wikidata': 'Q5085831', 'operator': 'Charlotte Area Transit System', 'public_transport': 'platform', 'ref': '8430', 'route_ref': '1;7;8;21;26;34', 'shelter': 'yes'}",,,,,,platform,,,node/9215059834
2,node,9215059835,West 4th Street at South Tryon Street,35.2267602,-80.8445327,"{'bin': 'yes', 'bus': 'yes', 'highway': 'bus_stop', 'name': 'West 4th Street at South Tryon Street', 'network': 'CATS', 'network:wikidata': 'Q5085831', 'operator': 'Charlotte Area Transit System', 'public_transport': 'platform', 'ref': '45749', 'route_ref': '1;7;82x;85x'}",,,,,,platform,,,node/9215059835
2,node,9215059836,West Trade Street at Church Street,35.2282586,-80.8444322,"{'bin': 'no', 'bus': 'yes', 'highway': 'bus_stop', 'name': 'West Trade Street at Church Street', 'network': 'CATS', 'network:wikidata': 'Q5085831', 'operator': 'Charlotte Area Transit System', 'public_transport': 'platform', 'ref': '44045', 'route_ref': '1;7;8;22;26;34'}",,,,,,platform,,,node/9215059836
2,node,9215059837,West 4th Street at South Poplar Street,35.227629,-80.845557,"{'bin': 'no', 'bus': 'yes', 'highway': 'bus_stop', 'name': 'West 4th Street at South Poplar Street', 'public_transport': 'platform', 'ref': '38420', 'route_ref': '1;7;8;22;26;34;74x;82x;85x'}",,,,,,platform,,,node/9215059837
2,node,9215059860,Transit Center- Bay P,35.224229,-80.841325,"{'bin': 'no', 'bus': 'yes', 'highway': 'bus_stop', 'name': 'Transit Center- Bay P', 'network': 'CATS', 'network:wikidata': 'Q5085831', 'operator': 'Charlotte Area Transit System', 'public_transport': 'platform', 'ref': '45037', 'route_ref': '1'}",,,,,,platform,,,node/9215059860
2,node,9216411015,Transit Center- Bay V,35.2240774,-80.840846,"{'bin': 'yes', 'bus': 'yes', 'highway': 'bus_stop', 'name': 'Transit Center- Bay V', 'public_transport': 'platform', 'ref': '45102', 'route_ref': '5;20;35;87', 'shelter': 'yes'}",,,,,,platform,,,node/9216411015
2,node,9216459020,South Brevard Street at East Martin Luther King Jr Boulevard,35.222573,-80.843063,"{'bin': 'no', 'bus': 'yes', 'highway': 'bus_stop', 'name': 'South Brevard Street at East Martin Luther King Jr Boulevard', 'network': 'CATS', 'network:wikidata': 'Q5085831', 'operator': 'Charlotte Area Transit System', 'public_transport': 'platform', 'ref': '25270', 'route_ref': '5;10;19;35;48x;53x;63x;77x'}",,,,,,platform,,,node/9216459020
2,node,9216459034,South College Street at East 3rd Street,35.2244248,-80.8444382,"{'bench': 'no', 'bin': 'no', 'bus': 'yes', 'highway': 'bus_stop', 'lit': 'yes', 'name': 'South College Street at East 3rd Street', 'network': 'CATS', 'network:wikidata': 'Q5085831', 'operator': 'Charlotte Area Transit System', 'public_transport': 'platform', 'ref': '25360', 'route_ref': '5;16;35;40x;46x;48x;52x;53x;63x;64x;74x;77x', 'shelter': 'no', 'tactile_paving': 'no'}",,,,,,platform,,,node/9216459034
2,node,11062685934,Transit Center - Bay I,35.2243878,-80.8411148,"{'bus': 'yes', 'departures_board': 'realtime', 'highway': 'bus_stop', 'name': 'Transit Center - Bay I', 'network': 'CATS', 'network:wikidata': 'Q5085831', 'operator': 'Charlotte Area Transit System', 'public_transport': 'platform', 'shelter': 'yes'}",,,,,,platform,,,node/11062685934
2,way,534908511,,35.2272804,-80.8381399,"{'area': 'yes', 'bench': 'yes', 'bin': 'yes', 'light_rail': 'yes', 'lit': 'yes', 'network': 'LYNX', 'operator': 'CATS', 'public_transport': 'platform', 'railway': 'platform', 'shelter': 'yes', 'tactile_paving': 'yes'}",,,,,,platform,,,way/534908511
2,way,534908512,,35.2273583,-80.8382206,"{'area': 'yes', 'bench': 'yes', 'bin': 'yes', 'light_rail': 'yes', 'lit': 'yes', 'network': 'LYNX', 'operator': 'CATS', 'public_transport': 'platform', 'railway': 'platform', 'shelter': 'yes', 'tactile_paving': 'yes'}",,,,,,platform,,,way/534908512
2,way,535123114,,35.2252789,-80.8408344,"{'area': 'yes', 'bench': 'yes', 'bin': 'yes', 'bridge': 'yes', 'layer': '1', 'light_rail': 'yes', 'lit': 'yes', 'network': 'LYNX', 'operator': 'Charlotte Area Transit System', 'public_transport': 'platform', 'railway': 'platform', 'shelter': 'yes', 'tactile_paving': 'yes'}",,,,,,platform,,,way/535123114
2,way,535123116,,35.2253679,-80.8409403,"{'area': 'yes', 'bench': 'yes', 'bin': 'yes', 'bridge': 'yes', 'layer': '1', 'light_rail': 'yes', 'lit': 'yes', 'network': 'LYNX', 'operator': 'Charlotte Area Transit System', 'public_transport': 'platform', 'railway': 'platform', 'shelter': 'yes', 'tactile_paving': 'yes'}",,,,,,platform,,,way/535123116
2,way,535123117,,35.2237195,-80.842978,"{'area': 'yes', 'bench': 'yes', 'bin': 'yes', 'layer': '1', 'light_rail': 'yes', 'lit': 'yes', 'network': 'LYNX', 'operator': 'CATS', 'public_transport': 'platform', 'railway': 'platform', 'shelter': 'yes', 'tactile_paving': 'yes'}",,,,,,platform,,,way/535123117
2,way,535123118,,35.2237972,-80.8430611,"{'area': 'yes', 'bench': 'yes', 'bin': 'yes', 'layer': '1', 'light_rail': 'yes', 'lit': 'yes', 'network': 'LYNX', 'operator': 'CATS', 'public_transport': 'platform', 'railway': 'platform', 'shelter': 'yes', 'tactile_paving': 'yes'}",,,,,,platform,,,way/535123118
2,way,672780356,,35.2244345,-80.8398284,"{'area': 'yes', 'bench': 'yes', 'bin': 'yes', 'network': 'CityLynx', 'operator': 'Charlotte Area Transit System', 'public_transport': 'platform', 'railway': 'platform', 'shelter': 'yes', 'surface': 'concrete', 'tram': 'yes'}",,,,,,platform,,,way/672780356
2,way,672780359,,35.2247075,-80.8400908,"{'area': 'yes', 'network': 'CityLynx', 'operator': 'Charlotte Area Transit System', 'public_transport': 'platform', 'railway': 'platform', 'surface': 'concrete', 'tram': 'yes'}",,,,,,platform,,,way/672780359
2,way,672783587,,35.2227538,-80.8378211,"{'area': 'yes', 'network': 'CityLynx', 'operator': 'Charlotte Area Transit System', 'public_transport': 'platform', 'railway': 'platform', 'surface': 'concrete', 'tram': 'yes'}",,,,,,platform,,,way/672783587
2,way,908941897,,35.2229272,-80.8444395,"{'area': 'yes', 'departures_board': 'no', 'light_rail': 'yes', 'note': 'Charlotte Trolley platform, not in service.', 'public_transport': 'platform', 'railway': 'platform', 'surface': 'concrete'}",,,,,,platform,,,way/908941897
2,way,985188333,,35.2274895,-80.8432862,"{'area': 'yes', 'check_date': '2022-10-21', 'network': 'CityLynx', 'operator': 'Charlotte Area Transit System', 'public_transport': 'platform', 'railway': 'platform', 'start_date': '2021-08-30', 'surface': 'concrete', 'tram': 'yes'}",,,,,,platform,,,way/985188333
2,way,985188334,,35.2273688,-80.8434182,"{'area': 'yes', 'check_date': '2022-10-21', 'network': 'CityLynx', 'operator': 'Charlotte Area Transit System', 'public_transport': 'platform', 'railway': 'platform', 'start_date': '2021-08-30', 'surface': 'concrete', 'tram': 'yes'}",,,,,,platform,,,way/985188334
2,way,1186267494,3rd Street/Convention Center,35.2237575,-80.8430189,"{'addr:city': 'Charlotte', 'addr:housenumber': '305', 'addr:postcode': '28202', 'addr:state': 'NC', 'addr:street': 'East 3rd Street', 'bridge:structure': 'beam', 'layer': '1', 'light_rail': 'yes', 'man_made': 'bridge', 'name': '3rd Street/Convention Center', 'network': 'LYNX', 'operator': 'Charlotte Area Transit System', 'public_transport': 'station', 'railway': 'station', 'station': 'light_rail', 'wikidata': 'Q4636975', 'wikipedia': 'en:Third Street/Convention Center station'}",,,,,,station,,,way/1186267494
2,way,1186330002,CTC/Arena,35.2253235,-80.8408876,"{'bridge:structure': 'beam', 'layer': '1', 'light_rail': 'yes', 'man_made': 'bridge', 'name': 'CTC/Arena', 'network': 'LYNX', 'operator': 'CATS', 'public_transport': 'station', 'railway': 'station', 'station': 'light_rail', 'wheelchair': 'yes', 'wikidata': 'Q5086171', 'wikipedia': 'en:Charlotte Transportation Center'}",,,,,,station,,,way/1186330002
2,way,1186590085,7th Street,35.2273188,-80.8381797,"{'light_rail': 'yes', 'name': '7th Street', 'network': 'LYNX', 'operator': 'CATS', 'public_transport': 'station', 'railway': 'station', 'station': 'light_rail', 'wheelchair': 'yes', 'wikidata': 'Q4644188', 'wikipedia': 'en:7th_Street_station_(Charlotte)'}",,,,,,station,,,way/1186590085
2,relation,10014280,3rd Street/Convention Center,35.2234113,-80.8436437,"{'name': '3rd Street/Convention Center', 'network': 'LYNX', 'public_transport': 'stop_area', 'railway': 'facility', 'type': 'public_transport'}",,,,,,stop_area,,,relation/10014280
2,relation,10014281,CTC/Arena (Blue Line),35.2253235,-80.8408876,"{'name': 'CTC/Arena (Blue Line)', 'network': 'LYNX', 'operator': 'Charlotte Area Transit System', 'public_transport': 'stop_area', 'railway': 'facility', 'type': 'public_transport'}",,,,,,stop_area,,,relation/10014281
2,relation,10014282,7th Street,35.2273188,-80.8381797,"{'name': '7th Street', 'network': 'LYNX', 'public_transport': 'stop_area', 'railway': 'facility', 'type': 'public_transport'}",,,,,,stop_area,,,relation/10014282
2,relation,12309568,Davidson Street Station,35.2227555,-80.8378211,"{'name': 'Davidson Street Station', 'network': 'CityLynx', 'operator': 'Charlotte Area Transit System', 'public_transport': 'stop_area', 'railway': 'facility', 'start_date': '2015-07-14', 'type': 'public_transport', 'wikidata': 'Q28971269', 'wikipedia': 'en:Davidson Street station'}",,,,,,stop_area,,,relation/12309568
2,relation,12309569,CTC/Arena (Gold Line),35.2246034,-80.8400278,"{'name': 'CTC/Arena (Gold Line)', 'network': 'CityLynx', 'operator': 'Charlotte Area Transit System', 'public_transport': 'stop_area', 'railway': 'facility', 'start_date': '2015-07-14', 'type': 'public_transport', 'wikidata': 'Q5086171', 'wikipedia': 'en:Charlotte Transportation Center'}",,,,,,stop_area,,,relation/12309569
2,relation,12309570,Charlotte Transportation Center,35.2244978,-80.8410525,"{'name': 'Charlotte Transportation Center', 'network': 'CATS', 'operator': 'Charlotte Area Transit System', 'public_transport': 'stop_area', 'ref': 'CTC', 'type': 'public_transport'}",,,,,,stop_area,,,relation/12309570
2,relation,13240972,Tryon Street Station,35.2274285,-80.843353,"{'check_date': '2022-10-21', 'name': 'Tryon Street Station', 'network': 'CityLynx', 'operator': 'Charlotte Area Transit System', 'public_transport': 'stop_area', 'railway': 'facility', 'start_date': '2021-08-30', 'type': 'public_transport', 'wikidata': 'Q85852310', 'wikipedia': 'en:Tryon Street station'}",,,,,,stop_area,,,relation/13240972
2,node,10965747079,Dr Steven C Moore & Associates,35.2267933,-80.8422597,"{'healthcare': 'optometrist', 'level': '1', 'name': 'Dr Steven C Moore & Associates'}",,,,,,,optometrist,,node/10965747079
2,node,10965747083,Spectrum Eye Care,35.2254447,-80.8435008,"{'fixme': 'Level', 'healthcare': 'optometrist', 'indoor': 'yes', 'level': '2', 'name': 'Spectrum Eye Care', 'opening_hours': 'Mo-Fr 07:45-16:00', 'phone': '+1 704 334 4444'}",,,,,,,optometrist,,node/10965747083
3,node,1848893531,Epicenter Parking,35.22567,-80.8415601,"{'amenity': 'parking', 'layer': '-1', 'name': 'Epicenter Parking', 'parking': 'underground'}",parking,,,,,,,,node/1848893531
3,node,1848893550,Fleming's,35.225542,-80.8427582,"{'addr:city': 'Charlotte', 'addr:housenumber': '210', 'addr:postcode': '28202', 'addr:state': 'NC', 'addr:street': 'East Trade Street', 'addr:unit': 'Suite C-110', 'amenity': 'restaurant', 'brand': ""Fleming's"", 'brand:wikidata': 'Q5458552', 'cuisine': 'steak_house', 'name': ""Fleming's"", 'official_name': ""Fleming's Prime Steakhouse & Wine Bar""}",restaurant,,,,,,,,node/1848893550
3,node,1848893622,Sea Grill Restaurant and Bar,35.225726,-80.8422936,"{'amenity': 'restaurant', 'name': 'Sea Grill Restaurant and Bar'}",restaurant,,,,,,,,node/1848893622
3,node,1848893667,Fitzgerald's Irish Pub,35.2269129,-80.8404682,"{'addr:city': 'Charlotte', 'addr:country': 'US', 'addr:housenumber': '201', 'addr:postcode': '28202', 'addr:state': 'NC', 'addr:street': 'East 5th Street', 'amenity': 'pub', 'cuisine': 'fish_and_chips', 'name': ""Fitzgerald's Irish Pub""}",pub,,,,,,,,node/1848893667
3,node,3313308333,Mellow Mushroom,35.2258077,-80.8477597,"{'amenity': 'restaurant', 'brand': 'Mellow Mushroom', 'brand:wikidata': 'Q17021360', 'cuisine': 'pizza', 'name': 'Mellow Mushroom'}",restaurant,,,,,,,,node/3313308333
3,node,3313308336,Ink N Ivey,35.2268982,-80.8461544,"{'addr:city': 'Charlotte', 'addr:housenumber': '222', 'addr:postcode': '28202', 'addr:state': 'NC', 'addr:street': 'South Church Street', 'amenity': 'bar', 'name': 'Ink N Ivey', 'phone': '+1-704-332-5424', 'website': 'https://www.inknivy.com'}",bar,,,,,,,,node/3313308336
3,node,4001610999,,35.2271093,-80.8433622,{'amenity': 'waste_basket'},waste_basket,,,,,,,,node/4001610999
3,node,4001611000,,35.2271005,-80.8433783,{'amenity': 'recycling'},recycling,,,,,,,,node/4001611000
3,node,4001621937,McCormick & Schmick's,35.226461,-80.8445484,"{'amenity': 'restaurant', 'brand': ""McCormick & Schmick's"", 'brand:wikidata': 'Q6800562', 'cuisine': 'seafood;steak', 'name': ""McCormick & Schmick's""}",restaurant,,,,,,,,node/4001621937
3,node,4001621938,,35.2263528,-80.84453,{'amenity': 'bicycle_parking'},bicycle_parking,,,,,,,,node/4001621938
3,node,4001621954,,35.2240204,-80.8478513,{'amenity': 'bench'},bench,,,,,,,,node/4001621954
3,node,4001621955,,35.2239341,-80.8479814,{'amenity': 'bench'},bench,,,,,,,,node/4001621955
3,node,4001621956,,35.2236974,-80.8483185,{'amenity': 'bench'},bench,,,,,,,,node/4001621956
3,node,4001623357,,35.2237246,-80.8482777,{'amenity': 'bench'},bench,,,,,,,,node/4001623357
3,node,4945133523,Panera Bread,35.2248039,-80.8436326,"{'addr:city': 'Charlotte', 'addr:country': 'US', 'addr:housenumber': '201', 'addr:postcode': '28244', 'addr:state': 'NC', 'addr:street': 'South College Street', 'addr:unit': '150', 'amenity': 'fast_food', 'brand': 'Panera Bread', 'brand:wikidata': 'Q7130852', 'cuisine': 'sandwich;bakery', 'internet_access': 'wlan', 'name': 'Panera Bread', 'opening_hours': 'Mo-Fr 07:00-17:00', 'phone': '+1 704-998-2074', 'short_name': 'Panera', 'takeaway': 'yes', 'website': 'https://locations.panerabread.com/nc/charlotte/201-s-college-street.html'}",fast_food,,,,,,,,node/4945133523
3,node,5948979211,Nuvolé Rooftop Twenty Two,35.2257161,-80.8409032,"{'addr:city': 'Charlotte', 'addr:housenumber': '220', 'addr:postcode': '28202', 'addr:state': 'NC', 'addr:street': 'East Trade Street', 'addr:unit': '2200', 'amenity': 'bar', 'name': 'Nuvolé Rooftop Twenty Two', 'smoking': 'no'}",bar,,,,,,,,node/5948979211
3,node,6093389461,,35.2246295,-80.8438235,{'amenity': 'fountain'},fountain,,,,,,,,node/6093389461
3,node,6332298775,RedEye Diner,35.2252054,-80.8421438,"{'amenity': 'restaurant', 'name': 'RedEye Diner'}",restaurant,,,,,,,,node/6332298775
3,node,6376981600,Starbucks,35.2222397,-80.8451394,"{'addr:city': 'Charlotte', 'addr:housenumber': '501', 'addr:postcode': '28202', 'addr:state': 'NC', 'addr:street': 'South College Street', 'amenity': 'cafe', 'branch': 'Charlotte Convention Center', 'brand': 'Starbucks', 'brand:wikidata': 'Q37158', 'cuisine': 'coffee_shop', 'name': 'Starbucks', 'official_name': 'Starbucks Coffee', 'phone': '+1 704-339-6046', 'ref': '8017', 'takeaway': 'yes', 'website': 'https://www.starbucks.com/store-locator/store/8017/charlotte-convention-center-501-s-college-st-charlotte-nc-282021827-us', 'wheelchair': 'yes'}",cafe,,,,,,,,node/6376981600
3,node,6376981601,Einstein Bros. Bagels,35.222129,-80.845008,"{'addr:city': 'Charlotte', 'addr:housenumber': '501', 'addr:postcode': '28202', 'addr:state': 'NC', 'addr:street': 'South College Street', 'alt_name': 'Einstein Brothers Bagels', 'amenity': 'fast_food', 'branch': 'Charlotte Convention Center', 'brand': 'Einstein Bros. Bagels', 'brand:wikidata': 'Q5349788', 'cuisine': 'bagel', 'drive_through': 'no', 'name': 'Einstein Bros. Bagels', 'opening_hours': 'Mo-Fr 08:00-13:30', 'phone': '+1 704-339-6102', 'takeaway': 'yes', 'website': 'https://locations.einsteinbros.com/us/nc/charlotte/501-s-college-st', 'wheelchair': 'yes'}",fast_food,,,,,,,,node/6376981601
3,node,6376981602,Bojangles',35.2220436,-80.8449075,"{'addr:city': 'Charlotte', 'addr:housenumber': '501', 'addr:postcode': '28202', 'addr:state': 'NC', 'addr:street': 'South College Street', 'amenity': 'fast_food', 'brand': ""Bojangles'"", 'brand:wikidata': 'Q891163', 'cuisine': 'chicken', 'drinking_straw': 'paper', 'drive_through': 'no', 'name': ""Bojangles'"", 'official_name': ""Bojangles' Famous Chicken 'n Biscuits"", 'phone': '+1 704-651-8422', 'takeaway': 'yes', 'website': 'https://locations.bojangles.com/nc/charlotte/501-south-college-street.html', 'wheelchair': 'yes'}",fast_food,,,,,,,,node/6376981602
3,node,8413520017,,35.2269298,-80.8476067,{'amenity': 'bench'},bench,,,,,,,,node/8413520017
3,node,8413520018,,35.2267864,-80.847896,{'amenity': 'bench'},bench,,,,,,,,node/8413520018
3,node,8413520036,,35.2268393,-80.8477448,{'amenity': 'bench'},bench,,,,,,,,node/8413520036
3,node,8413520037,,35.2271846,-80.847477,"{'amenity': 'bench', 'armrest': 'yes', 'backrest': 'yes', 'material': 'metal'}",bench,,,,,,,,node/8413520037
3,node,8413520038,,35.2272363,-80.8474736,"{'amenity': 'bench', 'armrest': 'yes', 'backrest': 'yes', 'material': 'metal'}",bench,,,,,,,,node/8413520038
3,node,9099545837,Caribou Coffee,35.226953,-80.8420991,"{'amenity': 'cafe', 'brand': 'Caribou Coffee', 'brand:wikidata': 'Q5039494', 'cuisine': 'coffee_shop', 'level': '1', 'name': 'Caribou Coffee', 'takeaway': 'yes'}",cafe,,,,,,,,node/9099545837
3,node,9099545838,Bank of America,35.226847,-80.8422897,"{'amenity': 'bank', 'atm': 'yes', 'brand': 'Bank of America', 'brand:wikidata': 'Q487907', 'drive_through': 'no', 'level': '0', 'name': 'Bank of America'}",bank,,,,,,,,node/9099545838
3,node,9099545841,Aria Tuscan Grill,35.2266313,-80.8421473,"{'amenity': 'restaurant', 'cuisine': 'italian', 'level': '0', 'name': 'Aria Tuscan Grill', 'website': 'https://www.ariacharlotte.com/'}",restaurant,,,,,,,,node/9099545841
3,node,9099545870,Mert's Heart And Soul,35.2272922,-80.8402846,"{'addr:city': 'Charlotte', 'addr:housenumber': '214', 'addr:postcode': '28202', 'addr:state': 'NC', 'addr:street': 'North College Street', 'amenity': 'restaurant', 'cuisine': 'southern', 'name': ""Mert's Heart And Soul""}",restaurant,,,,,,,,node/9099545870
3,node,9099545873,Rooster's Wood-fired Kitchen,35.2267108,-80.8409945,"{'addr:city': 'Charlotte', 'addr:housenumber': '150', 'addr:postcode': '28202', 'addr:state': 'NC', 'addr:street': 'North College Street', 'amenity': 'restaurant', 'cuisine': 'american', 'name': ""Rooster's Wood-fired Kitchen""}",restaurant,,,,,,,,node/9099545873
3,node,9103883863,,35.2243234,-80.8387765,"{'access': 'private', 'amenity': 'parking_entrance', 'level': '0', 'parking': 'underground'}",parking_entrance,,,,,,,,node/9103883863
3,node,9103883909,,35.2241742,-80.8392823,"{'access': 'customers', 'amenity': 'parking_entrance', 'level': '0', 'maxheight': '7\'0""', 'parking': 'underground'}",parking_entrance,,,,,,,,node/9103883909
3,node,9111862609,,35.2260937,-80.8433489,"{'access': 'private', 'amenity': 'parking_entrance', 'parking': 'underground'}",parking_entrance,,,,,,,,node/9111862609
3,node,9236208984,Charlotte Convention Center,35.2229594,-80.8461422,"{'addr:city': 'Charlotte', 'addr:housenumber': '501', 'addr:postcode': '28202', 'addr:state': 'NC', 'addr:street': 'South College Street', 'amenity': 'conference_centre', 'name': 'Charlotte Convention Center'}",conference_centre,,,,,,,,node/9236208984
3,node,9634125391,,35.2253608,-80.8478843,"{'access': 'yes', 'amenity': 'parking_entrance', 'level': '0', 'parking': 'multi-storey'}",parking_entrance,,,,,,,,node/9634125391
3,node,10087263039,,35.2201686,-80.845069,"{'amenity': 'bicycle_parking', 'bicycle_parking': 'stands', 'capacity': '4', 'covered': 'no'}",bicycle_parking,,,,,,,,node/10087263039
3,node,10087263045,,35.2202518,-80.845155,"{'amenity': 'bicycle_parking', 'bicycle_parking': 'stands', 'capacity': '4', 'covered': 'no'}",bicycle_parking,,,,,,,,node/10087263045
3,node,10087263056,,35.2203361,-80.845243,"{'amenity': 'bicycle_parking', 'bicycle_parking': 'stands', 'capacity': '4', 'covered': 'no'}",bicycle_parking,,,,,,,,node/10087263056
3,node,10768573106,Coco and the Director,35.2277041,-80.8433215,"{'addr:city': 'Charlotte', 'addr:housenumber': '100', 'addr:postcode': '28202', 'addr:state': 'NC', 'addr:street': 'West Trade Street', 'amenity': 'cafe', 'cuisine': 'coffee_shop', 'level': '0', 'name': 'Coco and the Director', 'not:brand:wikidata': 'Q65084369', 'phone': '+1-704-353-6003', 'takeaway': 'yes'}",cafe,,,,,,,,node/10768573106
3,node,10965747074,McAlister's Deli,35.2257979,-80.8432795,"{'amenity': 'restaurant', 'brand': ""McAlister's Deli"", 'brand:wikidata': 'Q17020829', 'cuisine': 'sandwich', 'level': '0', 'name': ""McAlister's Deli""}",restaurant,,,,,,,,node/10965747074
3,node,10965747081,Uncle Maddio’s,35.2258707,-80.8431879,"{'amenity': 'fast_food', 'cuisine': 'pizza', 'level': '0', 'name': 'Uncle Maddio’s'}",fast_food,,,,,,,,node/10965747081
3,node,10965747082,Starbucks,35.2261949,-80.8429387,"{'addr:city': 'Charlotte', 'addr:housenumber': '101', 'addr:postcode': '28280', 'addr:state': 'NC', 'addr:street': 'South Tryon Street', 'amenity': 'cafe', 'branch': '101 South Tryon', 'brand': 'Starbucks', 'brand:wikidata': 'Q37158', 'cuisine': 'coffee_shop', 'level': '1', 'name': 'Starbucks', 'official_name': 'Starbucks Coffee', 'phone': '+1 704-374-9519', 'ref': '14918', 'takeaway': 'yes', 'website': 'https://www.starbucks.com/store-locator/store/14918/101-south-tryon-101-s-tryon-street-charlotte-nc-282800002-us'}",cafe,,,,,,,,node/10965747082
3,node,10965747084,Chick-fil-A,35.2259484,-80.8431228,"{'addr:city': 'Charlotte', 'addr:housenumber': '101', 'addr:postcode': '28280', 'addr:state': 'NC', 'addr:street': 'South Tryon Street', 'addr:unit': '9 2 Bank', 'amenity': 'fast_food', 'branch': '101 South Tryon Street', 'brand': 'Chick-fil-A', 'brand:wikidata': 'Q491516', 'cuisine': 'chicken', 'delivery': 'no', 'drive_through': 'no', 'indoor_seating': 'yes', 'internet_access': 'wlan', 'level': '0', 'name': 'Chick-fil-A', 'opening_hours': 'Mo-Fr 07:00-16:00; Su off', 'phone': '+1 704-344-0222', 'ref': '00462', 'takeaway': 'yes', 'website': 'https://www.chick-fil-a.com/locations/nc/101-south-tryon-street'}",fast_food,,,,,,,,node/10965747084
3,node,10971338342,Cicchetti,35.2265155,-80.8419818,"{'amenity': 'restaurant', 'cuisine': 'italian', 'name': 'Cicchetti'}",restaurant,,,,,,,,node/10971338342
3,node,10971338344,Skyview Dentistry,35.2251624,-80.8418445,"{'amenity': 'dentist', 'healthcare': 'dentist', 'level': '3', 'name': 'Skyview Dentistry', 'phone': '+1 704 632 7700'}",dentist,,,,,,dentist,,node/10971338344
3,node,10979308779,,35.2269424,-80.84332,"{'amenity': 'bench', 'backrest': 'yes', 'seats': '4'}",bench,,,,,,,,node/10979308779
3,node,10979308780,,35.2269197,-80.8433523,"{'amenity': 'bench', 'backrest': 'yes', 'seats': '4'}",bench,,,,,,,,node/10979308780
3,node,10979308781,,35.226848,-80.8434607,"{'amenity': 'bench', 'backrest': 'yes', 'seats': '4'}",bench,,,,,,,,node/10979308781
3,node,10979308782,,35.2268252,-80.8434914,"{'amenity': 'bench', 'backrest': 'yes', 'seats': '4'}",bench,,,,,,,,node/10979308782
3,node,10979308793,,35.2269731,-80.8432808,"{'amenity': 'bicycle_parking', 'bicycle_parking': 'wave', 'capacity': '3', 'covered': 'no'}",bicycle_parking,,,,,,,,node/10979308793
3,node,10979308794,,35.2269878,-80.8432612,"{'amenity': 'bicycle_parking', 'bicycle_parking': 'wave', 'capacity': '3', 'covered': 'no'}",bicycle_parking,,,,,,,,node/10979308794
3,node,10979308795,,35.2268773,-80.843419,"{'amenity': 'bicycle_parking', 'bicycle_parking': 'wave', 'capacity': '3', 'covered': 'no'}",bicycle_parking,,,,,,,,node/10979308795
3,node,10979308796,,35.2268905,-80.8433988,"{'amenity': 'bicycle_parking', 'bicycle_parking': 'wave', 'capacity': '3', 'covered': 'no'}",bicycle_parking,,,,,,,,node/10979308796
3,node,10979308797,,35.2267291,-80.8436305,"{'amenity': 'bench', 'backrest': 'yes', 'seats': '4'}",bench,,,,,,,,node/10979308797
3,node,10979308798,,35.2267057,-80.84366,"{'amenity': 'bench', 'backrest': 'yes', 'seats': '4'}",bench,,,,,,,,node/10979308798
3,node,10979308799,,35.2266323,-80.8437692,"{'amenity': 'bench', 'backrest': 'yes', 'seats': '4'}",bench,,,,,,,,node/10979308799
3,node,10979308800,,35.2266108,-80.8437978,"{'amenity': 'bench', 'backrest': 'yes', 'seats': '4'}",bench,,,,,,,,node/10979308800
3,node,10979308801,,35.226535,-80.8439061,"{'amenity': 'bench', 'backrest': 'yes', 'seats': '4'}",bench,,,,,,,,node/10979308801
3,node,10979308802,,35.2265145,-80.8439361,"{'amenity': 'bench', 'backrest': 'yes', 'seats': '4'}",bench,,,,,,,,node/10979308802
3,node,10979328108,,35.226995,-80.8435154,{'amenity': 'waste_basket'},waste_basket,,,,,,,,node/10979328108
3,node,10979328109,,35.2269862,-80.8435315,{'amenity': 'recycling'},recycling,,,,,,,,node/10979328109
3,node,10979328110,,35.2269346,-80.8436081,"{'amenity': 'bench', 'backrest': 'yes', 'seats': '4'}",bench,,,,,,,,node/10979328110
3,node,10979328111,,35.2269032,-80.8436479,"{'amenity': 'bicycle_parking', 'bicycle_parking': 'stands', 'capacity': '2'}",bicycle_parking,,,,,,,,node/10979328111
3,node,10979328112,,35.22689,-80.8436674,{'amenity': 'waste_basket'},waste_basket,,,,,,,,node/10979328112
3,node,10979328117,,35.2268592,-80.8437149,"{'amenity': 'bench', 'backrest': 'yes', 'seats': '4'}",bench,,,,,,,,node/10979328117
3,node,10979328118,,35.2268444,-80.843736,"{'amenity': 'bench', 'backrest': 'yes', 'seats': '4'}",bench,,,,,,,,node/10979328118
3,node,10979328119,,35.2268155,-80.8437781,{'amenity': 'waste_basket'},waste_basket,,,,,,,,node/10979328119
3,node,10979328120,,35.2268067,-80.8437942,{'amenity': 'recycling'},recycling,,,,,,,,node/10979328120
3,node,10979328121,,35.2267264,-80.8439126,"{'amenity': 'bicycle_parking', 'bicycle_parking': 'stands', 'capacity': '2'}",bicycle_parking,,,,,,,,node/10979328121
3,node,10979328122,,35.2266255,-80.8440538,"{'amenity': 'bench', 'backrest': 'yes', 'seats': '4'}",bench,,,,,,,,node/10979328122
3,node,10979328123,,35.2266477,-80.8440226,"{'amenity': 'bench', 'backrest': 'yes', 'seats': '4'}",bench,,,,,,,,node/10979328123
3,node,10989112458,,35.2262975,-80.8466423,{'amenity': 'parking_entrance'},parking_entrance,,,,,,,,node/10989112458
3,node,11006244547,,35.227048,-80.8472742,"{'amenity': 'bench', 'backrest': 'yes'}",bench,,,,,,,,node/11006244547
3,node,11006244548,,35.2270191,-80.8474147,"{'access': 'yes', 'amenity': 'drinking_water', 'fee': 'no', 'seasonal': 'spring;summer;autumn'}",drinking_water,,,,,,,,node/11006244548
3,node,11006244551,,35.2268937,-80.8472461,"{'amenity': 'bench', 'armrest': 'yes', 'backrest': 'yes'}",bench,,,,,,,,node/11006244551
3,node,11006244554,,35.2268935,-80.8472712,"{'amenity': 'bench', 'armrest': 'yes', 'backrest': 'yes'}",bench,,,,,,,,node/11006244554
3,node,11006244555,,35.2270818,-80.8474067,"{'access': 'yes', 'amenity': 'bicycle_parking', 'bicycle_parking': 'stands', 'capacity': '8', 'fee': 'no'}",bicycle_parking,,,,,,,,node/11006244555
3,node,11015149087,,35.2222191,-80.8408541,{'amenity': 'parking_entrance'},parking_entrance,,,,,,,,node/11015149087
3,node,11015149091,,35.2221947,-80.8408858,{'amenity': 'parking_entrance'},parking_entrance,,,,,,,,node/11015149091
3,node,11015149100,,35.2226399,-80.8403065,{'amenity': 'parking_entrance'},parking_entrance,,,,,,,,node/11015149100
3,node,11015149110,,35.2226155,-80.8403383,{'amenity': 'parking_entrance'},parking_entrance,,,,,,,,node/11015149110
3,node,11015149113,,35.2217287,-80.8403624,{'amenity': 'parking_entrance'},parking_entrance,,,,,,,,node/11015149113
3,node,11015149123,,35.2217527,-80.8403312,{'amenity': 'parking_entrance'},parking_entrance,,,,,,,,node/11015149123
3,node,11015149151,,35.2221729,-80.8397846,{'amenity': 'parking_entrance'},parking_entrance,,,,,,,,node/11015149151
3,node,11015149218,,35.2224939,-80.84144,{'amenity': 'parking_entrance'},parking_entrance,,,,,,,,node/11015149218
3,node,11015149219,,35.2225403,-80.8413784,{'amenity': 'parking_entrance'},parking_entrance,,,,,,,,node/11015149219
3,node,11015149230,,35.2228726,-80.8397426,{'amenity': 'parking_entrance'},parking_entrance,,,,,,,,node/11015149230
3,node,11015149231,,35.2229944,-80.8398902,{'amenity': 'parking_entrance'},parking_entrance,,,,,,,,node/11015149231
3,node,11015149232,,35.2234793,-80.8392818,{'amenity': 'parking_entrance'},parking_entrance,,,,,,,,node/11015149232
3,node,11018293586,,35.2252682,-80.8429221,{'amenity': 'parking_entrance'},parking_entrance,,,,,,,,node/11018293586
3,node,11018304557,,35.2245382,-80.8441545,{'amenity': 'parking_entrance'},parking_entrance,,,,,,,,node/11018304557
3,node,11018779237,,35.2251054,-80.8424342,{'amenity': 'parking_entrance'},parking_entrance,,,,,,,,node/11018779237
3,node,11018779239,,35.2257765,-80.8416776,{'amenity': 'parking_entrance'},parking_entrance,,,,,,,,node/11018779239
3,node,11018779247,,35.2244257,-80.842453,{'amenity': 'parking_entrance'},parking_entrance,,,,,,,,node/11018779247
3,node,11018779249,,35.2245324,-80.8423093,{'amenity': 'parking_entrance'},parking_entrance,,,,,,,,node/11018779249
3,node,11020919395,,35.2256169,-80.8409801,{'amenity': 'parking_entrance'},parking_entrance,,,,,,,,node/11020919395
3,node,11020919397,,35.2262223,-80.8400841,{'amenity': 'parking_entrance'},parking_entrance,,,,,,,,node/11020919397
3,node,11033689067,,35.2275715,-80.8448101,{'amenity': 'parking_entrance'},parking_entrance,,,,,,,,node/11033689067
3,node,11033689070,,35.2274796,-80.8449363,{'amenity': 'parking_entrance'},parking_entrance,,,,,,,,node/11033689070
3,node,11033689073,,35.2271527,-80.8449521,{'amenity': 'parking_entrance'},parking_entrance,,,,,,,,node/11033689073
3,node,11033689075,,35.2270939,-80.8448879,{'amenity': 'parking_entrance'},parking_entrance,,,,,,,,node/11033689075
3,node,11033689090,,35.2270602,-80.8444428,{'amenity': 'parking_entrance'},parking_entrance,,,,,,,,node/11033689090
3,node,11033689091,,35.22764,-80.8438016,{'amenity': 'parking_entrance'},parking_entrance,,,,,,,,node/11033689091
3,node,11033689128,,35.2257398,-80.8432734,{'amenity': 'parking_entrance'},parking_entrance,,,,,,,,node/11033689128
3,node,11033689158,,35.2256795,-80.8429809,{'amenity': 'parking_entrance'},parking_entrance,,,,,,,,node/11033689158
3,node,11034670586,,35.2253738,-80.8468335,{'amenity': 'parking_entrance'},parking_entrance,,,,,,,,node/11034670586
3,node,11034670587,,35.2254118,-80.8468767,{'amenity': 'parking_entrance'},parking_entrance,,,,,,,,node/11034670587
3,node,11034670590,,35.2257578,-80.8472707,{'amenity': 'parking_entrance'},parking_entrance,,,,,,,,node/11034670590
3,node,11034670593,,35.2255845,-80.8470733,{'amenity': 'parking_entrance'},parking_entrance,,,,,,,,node/11034670593
3,node,11034670595,,35.2256237,-80.8471179,{'amenity': 'parking_entrance'},parking_entrance,,,,,,,,node/11034670595
3,node,11034670599,,35.2259355,-80.8471834,{'amenity': 'parking_entrance'},parking_entrance,,,,,,,,node/11034670599
3,node,11034670601,,35.2261993,-80.846784,{'amenity': 'parking_entrance'},parking_entrance,,,,,,,,node/11034670601
3,node,11035897649,,35.2271694,-80.8468914,{'amenity': 'parking_entrance'},parking_entrance,,,,,,,,node/11035897649
3,node,11035897650,,35.2276111,-80.8469105,{'amenity': 'parking_entrance'},parking_entrance,,,,,,,,node/11035897650
3,node,11035897675,,35.2270979,-80.8458023,{'amenity': 'parking_entrance'},parking_entrance,,,,,,,,node/11035897675
3,node,11035897715,,35.2262592,-80.845877,"{'amenity': 'parking_entrance', 'parking': 'multi-storey'}",parking_entrance,,,,,,,,node/11035897715
3,node,11035897718,,35.2267468,-80.8460011,{'amenity': 'parking_entrance'},parking_entrance,,,,,,,,node/11035897718
3,node,11035897722,,35.2269681,-80.8456802,{'amenity': 'parking_entrance'},parking_entrance,,,,,,,,node/11035897722
3,node,11035897724,,35.2271623,-80.8454044,{'amenity': 'parking_entrance'},parking_entrance,,,,,,,,node/11035897724
3,node,11035897728,,35.2269099,-80.8449586,{'amenity': 'parking_entrance'},parking_entrance,,,,,,,,node/11035897728
3,node,11035897730,,35.2269682,-80.8450519,{'amenity': 'parking_entrance'},parking_entrance,,,,,,,,node/11035897730
3,node,11035897817,,35.2253109,-80.8447539,{'amenity': 'parking_entrance'},parking_entrance,,,,,,,,node/11035897817
3,node,11035897832,,35.2258223,-80.8436224,{'amenity': 'parking_entrance'},parking_entrance,,,,,,,,node/11035897832
3,node,11035897836,,35.2250072,-80.8439727,{'amenity': 'parking_entrance'},parking_entrance,,,,,,,,node/11035897836
3,node,11035897839,,35.2250552,-80.8438972,{'amenity': 'parking_entrance'},parking_entrance,,,,,,,,node/11035897839
3,node,11035897843,,35.2250694,-80.8438374,{'amenity': 'parking_entrance'},parking_entrance,,,,,,,,node/11035897843
3,node,11043397234,,35.2239829,-80.8471738,"{'amenity': 'parking_entrance', 'parking': 'underground'}",parking_entrance,,,,,,,,node/11043397234
3,node,11043397612,,35.223792,-80.845759,{'amenity': 'parking_entrance'},parking_entrance,,,,,,,,node/11043397612
3,node,11043397614,,35.2237656,-80.8457918,{'amenity': 'parking_entrance'},parking_entrance,,,,,,,,node/11043397614
3,node,11043397616,,35.2237173,-80.8458521,{'amenity': 'parking_entrance'},parking_entrance,,,,,,,,node/11043397616
3,node,11043397618,,35.2236471,-80.8459524,{'amenity': 'parking_entrance'},parking_entrance,,,,,,,,node/11043397618
3,node,11047516978,,35.2222376,-80.8480817,{'amenity': 'parking_entrance'},parking_entrance,,,,,,,,node/11047516978
3,node,11047517023,,35.2228529,-80.8480146,{'amenity': 'parking_entrance'},parking_entrance,,,,,,,,node/11047517023
3,node,11047517182,,35.2206621,-80.845664,{'amenity': 'parking_entrance'},parking_entrance,,,,,,,,node/11047517182
3,node,11047517213,,35.2211437,-80.8461444,{'amenity': 'parking_entrance'},parking_entrance,,,,,,,,node/11047517213
3,node,11049745780,,35.2222524,-80.8436678,{'amenity': 'parking_entrance'},parking_entrance,,,,,,,,node/11049745780
3,node,11049745906,,35.2214561,-80.8460464,{'amenity': 'parking_entrance'},parking_entrance,,,,,,,,node/11049745906
3,node,11049745935,,35.2227551,-80.8435407,{'amenity': 'parking_entrance'},parking_entrance,,,,,,,,node/11049745935
3,node,11049745938,,35.22269,-80.843469,{'amenity': 'parking_entrance'},parking_entrance,,,,,,,,node/11049745938
3,node,11049745970,,35.2231898,-80.8442038,{'amenity': 'parking_entrance'},parking_entrance,,,,,,,,node/11049745970
3,node,11049745973,,35.2235524,-80.844611,{'amenity': 'parking_entrance'},parking_entrance,,,,,,,,node/11049745973
3,node,11049745976,,35.223481,-80.8445308,{'amenity': 'parking_entrance'},parking_entrance,,,,,,,,node/11049745976
3,node,11049745978,,35.2236156,-80.8446815,{'amenity': 'parking_entrance'},parking_entrance,,,,,,,,node/11049745978
3,node,11049745993,,35.223685,-80.8434263,{'amenity': 'parking_entrance'},parking_entrance,,,,,,,,node/11049745993
3,node,11049745994,,35.223719,-80.8434571,{'amenity': 'parking_entrance'},parking_entrance,,,,,,,,node/11049745994
3,node,11049746010,,35.2232813,-80.8428296,{'amenity': 'parking_entrance'},parking_entrance,,,,,,,,node/11049746010
3,node,11049746033,,35.2214109,-80.8443652,{'amenity': 'parking_entrance'},parking_entrance,,,,,,,,node/11049746033
3,node,11049746036,,35.2206678,-80.843853,{'amenity': 'parking_entrance'},parking_entrance,,,,,,,,node/11049746036
3,node,11049746039,,35.2208518,-80.8434658,{'amenity': 'parking_entrance'},parking_entrance,,,,,,,,node/11049746039
3,node,11067479859,,35.225496,-80.840497,"{'access': 'yes', 'amenity': 'bicycle_parking', 'bicycle_parking': 'stands', 'capacity': '6', 'covered': 'no', 'foot_traffic': 'high', 'indoor': 'no'}",bicycle_parking,,,,,,,,node/11067479859
3,node,11067479860,,35.2254848,-80.8405103,"{'access': 'yes', 'amenity': 'drinking_water', 'fee': 'no'}",drinking_water,,,,,,,,node/11067479860
3,node,11077809175,Exotica,35.2233786,-80.8466478,"{'amenity': 'restaurant', 'cuisine': 'indian', 'name': 'Exotica'}",restaurant,,,,,,,,node/11077809175
3,node,11077809176,Tikka Shack,35.2256764,-80.8474462,"{'amenity': 'fast_food', 'cuisine': 'indian', 'name': 'Tikka Shack', 'opening_hours': 'Su-Th 11:00-21:00; Fr-Sa 11:00-22:00', 'phone': '+1 980 498 2000', 'website': 'https://www.tikkashack.com/charlotte'}",fast_food,,,,,,,,node/11077809176
3,node,11082310240,,35.2274042,-80.8475231,"{'amenity': 'bench', 'armrest': 'yes', 'backrest': 'yes', 'material': 'metal'}",bench,,,,,,,,node/11082310240
3,node,11083027175,,35.22705,-80.8475197,"{'amenity': 'bench', 'armrest': 'yes', 'backrest': 'yes', 'material': 'metal'}",bench,,,,,,,,node/11083027175
3,node,11083145806,,35.2237021,-80.8468578,"{'amenity': 'fountain', 'fountain': 'splash_pad'}",fountain,,,,,,,,node/11083145806
3,node,11083145807,,35.2236627,-80.8468246,"{'amenity': 'fountain', 'fountain': 'splash_pad'}",fountain,,,,,,,,node/11083145807
3,node,11083145808,,35.2236529,-80.8468789,"{'amenity': 'fountain', 'fountain': 'splash_pad'}",fountain,,,,,,,,node/11083145808
3,node,11093041436,Coquette,35.2247396,-80.8471184,"{'addr:city': 'Charlotte', 'addr:housenumber': '400', 'addr:postcode': '28202', 'addr:state': 'NC', 'addr:street': 'South Tryon Street', 'amenity': 'restaurant', 'cuisine': 'french', 'name': 'Coquette', 'website': 'https://www.coquetteclt.com'}",restaurant,,,,,,,,node/11093041436
3,node,11093041439,Avis,35.223752,-80.8440412,"{'amenity': 'car_rental', 'brand': 'Avis', 'brand:wikidata': 'Q791136', 'name': 'Avis', 'official_name': 'Avis Car Rental'}",car_rental,,,,,,,,node/11093041439
3,node,11093618444,,35.2256637,-80.8406002,"{'access': 'yes', 'amenity': 'bicycle_parking', 'bicycle_parking': 'stands', 'capacity': '4', 'covered': 'partial', 'foot_traffic': 'high', 'indoor': 'no'}",bicycle_parking,,,,,,,,node/11093618444
3,node,11100885706,,35.2235026,-80.8461081,"{'amenity': 'bicycle_parking', 'bicycle_parking': 'stands', 'capacity': '2', 'covered': 'no'}",bicycle_parking,,,,,,,,node/11100885706
3,node,11103367205,,35.223277,-80.8438985,"{'amenity': 'bicycle_parking', 'bicycle_parking': 'stands', 'capacity': '8', 'covered': 'no'}",bicycle_parking,,,,,,,,node/11103367205
3,node,11137021105,,35.2261729,-80.8469188,"{'amenity': 'bicycle_parking', 'bicycle_parking': 'stands', 'capacity': '6', 'covered': 'no'}",bicycle_parking,,,,,,,,node/11137021105
3,node,11137505105,,35.2242184,-80.8454829,"{'amenity': 'bicycle_parking', 'bicycle_parking': 'stands', 'capacity': '4', 'covered': 'partial'}",bicycle_parking,,,,,,,,node/11137505105
3,node,11137505405,,35.2241597,-80.845547,"{'amenity': 'bicycle_parking', 'bicycle_parking': 'stands', 'capacity': '2', 'covered': 'partial'}",bicycle_parking,,,,,,,,node/11137505405
3,node,11152109087,,35.2273915,-80.8431881,"{'amenity': 'bicycle_parking', 'bicycle_parking': 'stands', 'capacity': '4', 'covered': 'no'}",bicycle_parking,,,,,,,,node/11152109087
3,node,11152109088,,35.2274108,-80.8432091,"{'amenity': 'bicycle_parking', 'bicycle_parking': 'stands', 'capacity': '4', 'covered': 'no'}",bicycle_parking,,,,,,,,node/11152109088
3,node,11152109089,,35.2272931,-80.8433222,"{'amenity': 'bicycle_parking', 'bicycle_parking': 'stands', 'capacity': '4', 'covered': 'no'}",bicycle_parking,,,,,,,,node/11152109089
3,node,11152109090,,35.2274497,-80.8434927,"{'amenity': 'bicycle_parking', 'bicycle_parking': 'stands', 'capacity': '4', 'covered': 'no'}",bicycle_parking,,,,,,,,node/11152109090
3,node,11152109091,,35.2275949,-80.8436662,"{'amenity': 'bicycle_parking', 'bicycle_parking': 'stands', 'capacity': '4', 'covered': 'no'}",bicycle_parking,,,,,,,,node/11152109091
3,node,11152109093,,35.2275939,-80.8434079,"{'amenity': 'bicycle_parking', 'bicycle_parking': 'stands', 'capacity': '2', 'covered': 'no'}",bicycle_parking,,,,,,,,node/11152109093
3,node,11152216961,,35.2266715,-80.8437108,"{'amenity': 'bicycle_parking', 'bicycle_parking': 'wave', 'capacity': '3', 'covered': 'no'}",bicycle_parking,,,,,,,,node/11152216961
3,node,11152216962,,35.2266583,-80.843731,"{'amenity': 'bicycle_parking', 'bicycle_parking': 'wave', 'capacity': '3', 'covered': 'no'}",bicycle_parking,,,,,,,,node/11152216962
3,node,11152216963,,35.2265804,-80.8438388,"{'amenity': 'bicycle_parking', 'bicycle_parking': 'wave', 'capacity': '3', 'covered': 'no'}",bicycle_parking,,,,,,,,node/11152216963
3,node,11152216964,,35.2265672,-80.843859,"{'amenity': 'bicycle_parking', 'bicycle_parking': 'wave', 'capacity': '3', 'covered': 'no'}",bicycle_parking,,,,,,,,node/11152216964
3,node,11152216965,,35.2262498,-80.8443212,"{'amenity': 'bicycle_parking', 'bicycle_parking': 'stands', 'capacity': '2'}",bicycle_parking,,,,,,,,node/11152216965
3,node,11152216966,,35.2263632,-80.8444333,"{'amenity': 'bicycle_parking', 'bicycle_parking': 'stands', 'capacity': '2'}",bicycle_parking,,,,,,,,node/11152216966
3,node,11152216967,,35.2260899,-80.8445494,"{'amenity': 'bicycle_parking', 'bicycle_parking': 'stands', 'capacity': '2'}",bicycle_parking,,,,,,,,node/11152216967
3,node,11152216968,,35.2261155,-80.8449039,"{'amenity': 'bicycle_parking', 'bicycle_parking': 'wave', 'capacity': '7', 'covered': 'no'}",bicycle_parking,,,,,,,,node/11152216968
3,node,11152216969,,35.2257139,-80.8450825,"{'amenity': 'bicycle_parking', 'bicycle_parking': 'stands', 'capacity': '2'}",bicycle_parking,,,,,,,,node/11152216969
3,node,11152216970,,35.2257042,-80.8451007,{'amenity': 'waste_basket'},waste_basket,,,,,,,,node/11152216970
3,node,11152216971,,35.225693,-80.8451178,{'amenity': 'waste_basket'},waste_basket,,,,,,,,node/11152216971
3,node,11152216972,,35.2255275,-80.8453733,"{'amenity': 'bicycle_parking', 'bicycle_parking': 'stands', 'capacity': '2'}",bicycle_parking,,,,,,,,node/11152216972
3,node,11152216973,,35.2255423,-80.8456286,"{'access': 'yes', 'amenity': 'bicycle_parking', 'bicycle_parking': 'stands', 'capacity': '4', 'covered': 'no'}",bicycle_parking,,,,,,,,node/11152216973
3,node,11152216975,,35.2253318,-80.8459275,"{'amenity': 'bicycle_parking', 'bicycle_parking': 'stands', 'capacity': '2'}",bicycle_parking,,,,,,,,node/11152216975
3,node,11152216976,,35.2251138,-80.8462427,"{'amenity': 'bicycle_parking', 'bicycle_parking': 'stands', 'capacity': '2'}",bicycle_parking,,,,,,,,node/11152216976
3,node,11152216977,,35.2248522,-80.8466313,"{'amenity': 'bicycle_parking', 'bicycle_parking': 'stands', 'capacity': '2', 'covered': 'no'}",bicycle_parking,,,,,,,,node/11152216977
3,node,11152216978,,35.2247931,-80.8464333,"{'amenity': 'bicycle_parking', 'bicycle_parking': 'stands', 'capacity': '2'}",bicycle_parking,,,,,,,,node/11152216978
3,node,11152216979,,35.2247541,-80.8467719,"{'amenity': 'bicycle_parking', 'bicycle_parking': 'stands', 'capacity': '2'}",bicycle_parking,,,,,,,,node/11152216979
3,node,11152216980,,35.2246974,-80.8468561,"{'amenity': 'bicycle_parking', 'bicycle_parking': 'stands', 'capacity': '2'}",bicycle_parking,,,,,,,,node/11152216980
3,node,11152216981,,35.2244106,-80.8469966,"{'amenity': 'bicycle_parking', 'bicycle_parking': 'stands', 'capacity': '2'}",bicycle_parking,,,,,,,,node/11152216981
3,node,11152216982,,35.2244682,-80.8471897,"{'amenity': 'bicycle_parking', 'bicycle_parking': 'stands', 'capacity': '2', 'covered': 'partial'}",bicycle_parking,,,,,,,,node/11152216982
3,node,11152216983,,35.2241144,-80.8477149,"{'amenity': 'bicycle_parking', 'bicycle_parking': 'stands', 'capacity': '2'}",bicycle_parking,,,,,,,,node/11152216983
3,node,11152216984,,35.2237713,-80.8482098,"{'amenity': 'bicycle_parking', 'bicycle_parking': 'stands', 'capacity': '2'}",bicycle_parking,,,,,,,,node/11152216984
3,node,11152216985,,35.2235373,-80.848279,"{'amenity': 'bicycle_parking', 'bicycle_parking': 'stands', 'capacity': '2'}",bicycle_parking,,,,,,,,node/11152216985
3,node,11152269313,,35.2269591,-80.8429292,"{'amenity': 'bicycle_parking', 'bicycle_parking': 'wave', 'capacity': '3', 'covered': 'no'}",bicycle_parking,,,,,,,,node/11152269313
3,node,11152269314,,35.2269735,-80.8429448,{'amenity': 'bench'},bench,,,,,,,,node/11152269314
3,node,11152269315,,35.2269196,-80.8428864,{'amenity': 'bench'},bench,,,,,,,,node/11152269315
3,node,11152269316,,35.2268632,-80.8428213,{'amenity': 'bench'},bench,,,,,,,,node/11152269316
3,node,11152269317,,35.2268339,-80.8427906,{'amenity': 'bench'},bench,,,,,,,,node/11152269317
3,node,11152269318,,35.2268014,-80.8427498,{'amenity': 'bench'},bench,,,,,,,,node/11152269318
3,node,11152269319,,35.2267767,-80.8427221,{'amenity': 'bench'},bench,,,,,,,,node/11152269319
3,node,11152269320,,35.2268862,-80.842583,{'amenity': 'bench'},bench,,,,,,,,node/11152269320
3,node,11152269321,,35.226948,-80.8426535,{'amenity': 'bench'},bench,,,,,,,,node/11152269321
3,node,11152269322,,35.2269097,-80.8426112,{'amenity': 'bench'},bench,,,,,,,,node/11152269322
3,node,11152269323,,35.2270089,-80.8427241,{'amenity': 'bench'},bench,,,,,,,,node/11152269323
3,node,11152269324,,35.226969,-80.8426807,{'amenity': 'bench'},bench,,,,,,,,node/11152269324
3,node,11152269325,,35.2268924,-80.8428541,"{'amenity': 'bicycle_parking', 'bicycle_parking': 'wave', 'capacity': '3', 'covered': 'no'}",bicycle_parking,,,,,,,,node/11152269325
3,node,11152269326,,35.2268521,-80.8428042,"{'amenity': 'bicycle_parking', 'bicycle_parking': 'wave', 'capacity': '3', 'covered': 'no'}",bicycle_parking,,,,,,,,node/11152269326
3,node,11152269327,,35.2264539,-80.8420893,"{'amenity': 'bicycle_parking', 'bicycle_parking': 'stands', 'capacity': '2', 'covered': 'no'}",bicycle_parking,,,,,,,,node/11152269327
3,node,11152269328,,35.2248199,-80.8401237,"{'amenity': 'bicycle_parking', 'bicycle_parking': 'wave', 'capacity': '5', 'covered': 'no'}",bicycle_parking,,,,,,,,node/11152269328
3,node,11152269329,,35.2244413,-80.8400763,"{'amenity': 'bicycle_parking', 'bicycle_parking': 'wave', 'capacity': '5', 'covered': 'no'}",bicycle_parking,,,,,,,,node/11152269329
3,node,11165982505,,35.2257803,-80.8476478,"{'access': 'yes', 'amenity': 'bicycle_parking', 'bicycle_parking': 'stands', 'capacity': '4', 'covered': 'partial', 'foot_traffic': 'medium'}",bicycle_parking,,,,,,,,node/11165982505
3,node,11186613738,,35.2275172,-80.8471038,"{'access': 'yes', 'amenity': 'bicycle_parking', 'bicycle_parking': 'stands', 'capacity': '4', 'covered': 'no', 'foot_traffic': 'medium'}",bicycle_parking,,,,,,,,node/11186613738
3,node,11200542437,,35.2204957,-80.8459959,"{'access': 'yes', 'amenity': 'bicycle_parking', 'bicycle_parking': 'stands', 'capacity': '12', 'covered': 'yes', 'foot_traffic': 'low'}",bicycle_parking,,,,,,,,node/11200542437
3,node,11200542438,,35.2218124,-80.8465165,"{'access': 'yes', 'amenity': 'bicycle_parking', 'bicycle_parking': 'stands', 'capacity': '10', 'covered': 'partial', 'foot_traffic': 'low'}",bicycle_parking,,,,,,,,node/11200542438
3,node,11200544737,,35.221461,-80.8464594,"{'access': 'yes', 'amenity': 'bicycle_parking', 'bicycle_parking': 'stands', 'capacity': '6', 'covered': 'no', 'foot_traffic': 'medium'}",bicycle_parking,,,,,,,,node/11200544737
3,node,11203657637,,35.2247118,-80.8407667,"{'access': 'yes', 'amenity': 'bicycle_parking', 'bicycle_parking': 'wave', 'capacity': '5', 'covered': 'yes', 'description': 'Bolts have come loose, unsafe to use', 'foot_traffic': 'high'}",bicycle_parking,,,,,,,,node/11203657637
3,node,11203661437,,35.2242002,-80.8413544,"{'access': 'yes', 'amenity': 'bicycle_parking', 'bicycle_parking': 'wave', 'capacity': '8', 'covered': 'yes', 'foot_traffic': 'high'}",bicycle_parking,,,,,,,,node/11203661437
3,node,11208922238,,35.2250945,-80.8433138,"{'access': 'yes', 'amenity': 'bicycle_parking', 'bicycle_parking': 'stands', 'capacity': '8', 'covered': 'no', 'foot_traffic': 'medium', 'indoor': 'no'}",bicycle_parking,,,,,,,,node/11208922238
3,node,11208933137,,35.2241532,-80.8451672,"{'access': 'yes', 'amenity': 'bicycle_parking', 'bicycle_parking': 'stands', 'capacity': '2', 'covered': 'partial', 'foot_traffic': 'medium', 'indoor': 'no'}",bicycle_parking,,,,,,,,node/11208933137
3,node,11208933138,,35.226995,-80.8410938,"{'access': 'yes', 'amenity': 'bicycle_parking', 'bicycle_parking': 'stands', 'capacity': '6', 'covered': 'no', 'foot_traffic': 'medium', 'indoor': 'no'}",bicycle_parking,,,,,,,,node/11208933138
3,node,11208935637,,35.2249467,-80.8436637,"{'access': 'yes', 'amenity': 'bicycle_parking', 'bicycle_parking': 'stands', 'capacity': '8', 'covered': 'no', 'foot_traffic': 'medium', 'indoor': 'no'}",bicycle_parking,,,,,,,,node/11208935637
3,node,11208935638,,35.2269286,-80.8406392,"{'access': 'yes', 'amenity': 'bicycle_parking', 'bicycle_parking': 'stands', 'capacity': '2', 'covered': 'no', 'foot_traffic': 'medium', 'indoor': 'no'}",bicycle_parking,,,,,,,,node/11208935638
3,node,11225417437,,35.2210153,-80.8419678,"{'access': 'yes', 'amenity': 'bicycle_parking', 'bicycle_parking': 'wave', 'capacity': '20', 'covered': 'no', 'foot_traffic': 'low', 'indoor': 'no'}",bicycle_parking,,,,,,,,node/11225417437
3,node,11225418037,,35.2206722,-80.8416355,"{'access': 'yes', 'amenity': 'bicycle_parking', 'bicycle_parking': 'stands', 'capacity': '8', 'covered': 'no', 'foot_traffic': 'low', 'indoor': 'no'}",bicycle_parking,,,,,,,,node/11225418037
3,node,11226011119,,35.2259734,-80.8455839,"{'access': 'yes', 'amenity': 'bicycle_parking', 'bicycle_parking': 'stands', 'capacity': '2', 'covered': 'yes'}",bicycle_parking,,,,,,,,node/11226011119
3,node,11226011120,,35.2260596,-80.8456815,"{'access': 'yes', 'amenity': 'bicycle_parking', 'bicycle_parking': 'stands', 'capacity': '2', 'covered': 'yes'}",bicycle_parking,,,,,,,,node/11226011120
3,node,11226011121,,35.2261249,-80.8457581,"{'access': 'yes', 'amenity': 'bicycle_parking', 'bicycle_parking': 'stands', 'capacity': '2', 'covered': 'yes'}",bicycle_parking,,,,,,,,node/11226011121
3,node,11226011122,,35.2263482,-80.8460224,"{'access': 'yes', 'amenity': 'bicycle_parking', 'bicycle_parking': 'stands', 'capacity': '2', 'covered': 'no'}",bicycle_parking,,,,,,,,node/11226011122
3,node,11226011123,,35.2272293,-80.8470098,"{'access': 'yes', 'amenity': 'bicycle_parking', 'bicycle_parking': 'stands', 'capacity': '6', 'covered': 'no'}",bicycle_parking,,,,,,,,node/11226011123
3,node,11226011124,,35.2272669,-80.8470502,"{'access': 'yes', 'amenity': 'bicycle_parking', 'bicycle_parking': 'stands', 'capacity': '6', 'covered': 'no'}",bicycle_parking,,,,,,,,node/11226011124
3,node,11272669669,,35.2266539,-80.8404972,"{'access': 'yes', 'amenity': 'bicycle_parking', 'bicycle_parking': 'wave', 'capacity': '3', 'covered': 'no', 'foot_traffic': 'medium', 'indoor': 'no'}",bicycle_parking,,,,,,,,node/11272669669
3,node,11272670369,,35.2264499,-80.8398991,"{'access': 'yes', 'amenity': 'bicycle_parking', 'bicycle_parking': 'wave', 'capacity': '9', 'covered': 'yes', 'foot_traffic': 'low', 'indoor': 'no'}",bicycle_parking,,,,,,,,node/11272670369
3,node,11360379000,Mortimer's Cafe & Pub,35.225312,-80.8423109,"{'amenity': 'pub', 'name': ""Mortimer's Cafe & Pub"", 'smoking': 'no'}",pub,,,,,,,,node/11360379000
3,node,11360379001,Fuji Hibachi & Teriyaki,35.2253941,-80.8424274,"{'amenity': 'restaurant', 'cuisine': 'japanese', 'name': 'Fuji Hibachi & Teriyaki'}",restaurant,,,,,,,,node/11360379001
3,node,11360379002,STK Charlotte,35.225131,-80.8431687,"{'addr:city': 'Charlotte', 'addr:housenumber': '201', 'addr:postcode': '28202', 'addr:state': 'NC', 'addr:street': 'South College Street', 'amenity': 'restaurant', 'cuisine': 'steak_house', 'name': 'STK Charlotte'}",restaurant,,,,,,,,node/11360379002
3,node,11360379003,Showmars,35.2246682,-80.8434796,"{'addr:city': 'Charlotte', 'addr:housenumber': '201', 'addr:postcode': '28202', 'addr:state': 'NC', 'addr:street': 'South College Street', 'amenity': 'restaurant', 'cuisine': 'american;greek', 'name': 'Showmars', 'opening_hours': 'Mo-Fr 07:30-15:00'}",restaurant,,,,,,,,node/11360379003
3,node,11360440680,The Bella Ciao,35.2261055,-80.8443458,"{'amenity': 'restaurant', 'cuisine': 'italian', 'name': 'The Bella Ciao'}",restaurant,,,,,,,,node/11360440680
3,node,11378555369,,35.2216614,-80.8391546,"{'access': 'yes', 'amenity': 'bicycle_parking', 'bicycle_parking': 'wave', 'capacity': '9', 'covered': 'no', 'foot_traffic': 'medium', 'indoor': 'no'}",bicycle_parking,,,,,,,,node/11378555369
3,node,11535108406,Uptown Farmers' Market,35.2211386,-80.8417885,"{'addr:city': 'Charlotte', 'addr:housenumber': '300', 'addr:postcode': '28202', 'addr:state': 'NC', 'addr:street': 'South Davidson Street', 'amenity': 'marketplace', 'building': 'tent', 'description': 'Our mission is to engage our neighbors around locally grown, fresh foods to support local farmers, educate on healthy eating, and address food insecurity in our Charlotte community.', 'email': 'info@uptownfarmersmarket.com', 'image': 'https://images.squarespace-cdn.com/content/v1/5db07163c4990258f8f49a04/1619544380664-UW4GZAR9VHM4N5GPIHWH/IMG_0365.jpeg', 'name': ""Uptown Farmers' Market"", 'opening_hours': 'Sa 08:00-12:30', 'phone': '+1 704 369 2143', 'source': 'local knowledge;uptownfarmersmarket.com', 'website': 'https://www.uptownfarmersmarket.com/', 'wheelchair': 'yes'}",marketplace,,,,,,,,node/11535108406
3,node,11735127544,,35.2244094,-80.8425091,"{'access': 'yes', 'amenity': 'bicycle_parking', 'bicycle_parking': 'wave', 'capacity': '7', 'covered': 'yes'}",bicycle_parking,,,,,,,,node/11735127544
3,node,11735127545,,35.2245243,-80.8423591,"{'access': 'yes', 'amenity': 'bicycle_parking', 'bicycle_parking': 'rack', 'covered': 'yes'}",bicycle_parking,,,,,,,,node/11735127545
3,node,11809533805,Red Ginger,35.2240341,-80.8455323,"{'addr:city': 'Charlotte', 'addr:housenumber': '401', 'addr:postcode': '28202', 'addr:state': 'NC', 'addr:street': 'South Tryon Street', 'addr:unit': 'Suite 130', 'amenity': 'restaurant', 'cuisine': 'japanese', 'name': 'Red Ginger', 'phone': '+1-980-819-8837', 'website': 'https://www.redgingercharlotte.com'}",restaurant,,,,,,,,node/11809533805
3,node,11820233869,The Public House,35.2230184,-80.8426739,"{'addr:postcode': '28202', 'amenity': 'pub', 'cuisine': 'american', 'name': 'The Public House', 'phone': '+1-704-595-3091', 'website': 'https://thepublichouseclt.com/'}",pub,,,,,,,,node/11820233869
3,node,11889016942,,35.220906,-80.8386492,"{'amenity': 'bicycle_parking', 'bicycle_parking': 'wave', 'capacity': '5'}",bicycle_parking,,,,,,,,node/11889016942
3,node,11889016943,,35.2208508,-80.8387241,"{'amenity': 'bicycle_parking', 'bicycle_parking': 'wave', 'capacity': '5'}",bicycle_parking,,,,,,,,node/11889016943
3,node,12124200083,,35.2229867,-80.847854,{'amenity': 'parking_entrance'},parking_entrance,,,,,,,,node/12124200083
3,node,12162148602,Stage Door Theater,35.227029,-80.8411213,"{'addr:housenumber': '155', 'addr:postcode': '28202', 'amenity': 'theatre', 'name': 'Stage Door Theater', 'outdoor_seating': 'no'}",theatre,,,,,,,,node/12162148602
3,node,12167520475,,35.222816,-80.8471736,{'amenity': 'parking_entrance'},parking_entrance,,,,,,,,node/12167520475
3,node,12167520477,,35.2229906,-80.8469281,{'amenity': 'parking_entrance'},parking_entrance,,,,,,,,node/12167520477
3,node,12167520481,,35.2227501,-80.8472663,{'amenity': 'parking_entrance'},parking_entrance,,,,,,,,node/12167520481
3,node,12199136463,,35.2236637,-80.8462665,"{'amenity': 'bench', 'backrest': 'yes', 'colour': 'brown', 'material': 'wood'}",bench,,,,,,,,node/12199136463
3,node,12199136464,,35.2236433,-80.8462434,"{'amenity': 'bench', 'backrest': 'yes', 'colour': 'brown', 'material': 'wood'}",bench,,,,,,,,node/12199136464
3,node,12199136465,,35.2236543,-80.8462788,"{'amenity': 'bench', 'backrest': 'yes', 'colour': 'brown', 'material': 'wood'}",bench,,,,,,,,node/12199136465
3,node,12199136466,,35.2236341,-80.8462549,"{'amenity': 'bench', 'backrest': 'yes', 'colour': 'brown', 'material': 'wood'}",bench,,,,,,,,node/12199136466
3,node,12199211453,,35.2236311,-80.8468902,"{'amenity': 'bench', 'backrest': 'yes', 'colour': 'brown', 'material': 'wood'}",bench,,,,,,,,node/12199211453
3,node,12199211454,,35.223682,-80.8469519,"{'amenity': 'bench', 'backrest': 'yes', 'colour': 'brown', 'material': 'wood'}",bench,,,,,,,,node/12199211454
3,node,12277427938,Merchant & Trade,35.2263163,-80.8463119,"{'amenity': 'bar', 'name': 'Merchant & Trade'}",bar,,,,,,,,node/12277427938
3,node,12277427941,Angeline's,35.2262593,-80.8462287,"{'amenity': 'restaurant', 'cuisine': 'italian', 'name': ""Angeline's""}",restaurant,,,,,,,,node/12277427941
3,node,12277427942,Waterbean Coffee,35.2260041,-80.8459563,"{'amenity': 'cafe', 'cuisine': 'coffee_shop', 'name': 'Waterbean Coffee'}",cafe,,,,,,,,node/12277427942
3,node,12324536301,,35.2236461,-80.847416,"{'access': 'yes', 'amenity': 'bicycle_parking', 'bicycle_parking': 'stands', 'capacity': '28', 'covered': 'no', 'indoor': 'no'}",bicycle_parking,,,,,,,,node/12324536301
3,node,12327860796,,35.2235862,-80.8466625,{'amenity': 'drinking_water'},drinking_water,,,,,,,,node/12327860796
3,node,12327860797,,35.2232895,-80.8459154,"{'amenity': 'bench', 'backrest': 'no'}",bench,,,,,,,,node/12327860797
3,node,12327860798,,35.2233024,-80.8458949,"{'amenity': 'bench', 'backrest': 'no'}",bench,,,,,,,,node/12327860798
3,node,12327899267,,35.2228548,-80.8475747,{'amenity': 'parking_entrance'},parking_entrance,,,,,,,,node/12327899267
3,node,12327899301,,35.2232613,-80.8469563,{'amenity': 'waste_basket'},waste_basket,,,,,,,,node/12327899301
3,node,12327899302,,35.2233593,-80.8470679,{'amenity': 'waste_basket'},waste_basket,,,,,,,,node/12327899302
3,node,12327899303,,35.2232421,-80.8469344,{'amenity': 'bench'},bench,,,,,,,,node/12327899303
3,node,12327899304,,35.2232213,-80.8469097,{'amenity': 'bench'},bench,,,,,,,,node/12327899304
3,node,12327899305,,35.2232017,-80.8468872,{'amenity': 'bench'},bench,,,,,,,,node/12327899305
3,node,12327899306,,35.2231809,-80.8468635,{'amenity': 'bench'},bench,,,,,,,,node/12327899306
3,node,12327899307,,35.2233421,-80.847049,{'amenity': 'bench'},bench,,,,,,,,node/12327899307
3,node,12327899308,,35.2233209,-80.8470247,{'amenity': 'bench'},bench,,,,,,,,node/12327899308
3,node,12327899309,,35.223301,-80.8470026,{'amenity': 'bench'},bench,,,,,,,,node/12327899309
3,node,12327899310,,35.2232799,-80.8469794,{'amenity': 'bench'},bench,,,,,,,,node/12327899310
3,node,12327899311,,35.2234385,-80.8471622,{'amenity': 'bench'},bench,,,,,,,,node/12327899311
3,node,12327899312,,35.2234177,-80.8471375,{'amenity': 'bench'},bench,,,,,,,,node/12327899312
3,node,12327899313,,35.2233981,-80.847115,{'amenity': 'bench'},bench,,,,,,,,node/12327899313
3,node,12327899314,,35.2233773,-80.8470913,{'amenity': 'bench'},bench,,,,,,,,node/12327899314
3,node,12327899315,,35.2234551,-80.8471828,{'amenity': 'waste_basket'},waste_basket,,,,,,,,node/12327899315
3,node,12327899316,,35.2230186,-80.8469094,{'amenity': 'waste_basket'},waste_basket,,,,,,,,node/12327899316
3,node,12327899317,,35.2229487,-80.8470165,{'amenity': 'waste_basket'},waste_basket,,,,,,,,node/12327899317
3,node,12327899318,,35.2228708,-80.8471339,{'amenity': 'waste_basket'},waste_basket,,,,,,,,node/12327899318
3,node,12327899319,,35.2228307,-80.8472394,{'amenity': 'waste_basket'},waste_basket,,,,,,,,node/12327899319
3,node,12327899320,,35.2228553,-80.8472035,{'amenity': 'waste_basket'},waste_basket,,,,,,,,node/12327899320
3,node,12327899328,,35.2235467,-80.8474102,{'amenity': 'waste_basket'},waste_basket,,,,,,,,node/12327899328
3,node,12327899329,,35.2235779,-80.8474826,{'amenity': 'waste_basket'},waste_basket,,,,,,,,node/12327899329
3,node,12327899330,Milkbread,35.2234777,-80.8478257,"{'addr:city': 'Charlotte', 'addr:housenumber': '525', 'addr:postcode': '28202', 'addr:state': 'NC', 'addr:street': 'South Tryon Street', 'addr:unit': '#100', 'amenity': 'cafe', 'cuisine': 'coffee_shop', 'name': 'Milkbread', 'website': 'https://www.milkbread.com'}",cafe,,,,,,,,node/12327899330
3,node,12327899364,,35.2236208,-80.84782,{'amenity': 'waste_basket'},waste_basket,,,,,,,,node/12327899364
3,node,12327899365,,35.2235969,-80.8478596,{'amenity': 'waste_basket'},waste_basket,,,,,,,,node/12327899365
3,node,12327899374,,35.2239521,-80.847665,{'amenity': 'waste_basket'},waste_basket,,,,,,,,node/12327899374
3,node,12327899375,,35.2235156,-80.8483194,{'amenity': 'waste_basket'},waste_basket,,,,,,,,node/12327899375
3,node,12421861670,Founders Hall Library,35.2267345,-80.8422318,"{'access': 'yes', 'addr:city': 'Charlotte', 'addr:county': 'Mecklenburg', 'addr:housenumber': '100', 'addr:postcode': '28202', 'addr:state': 'NC', 'addr:street': 'North Tryon Street', 'addr:unit': 'Suite 290', 'amenity': 'library', 'level': '1', 'name': 'Founders Hall Library', 'nat_ref': 'C-MECKLENBURG-FH', 'opening_hours': 'Mo-Fr 08:00-16:00', 'operator': 'Charlotte Mecklenburg Library', 'operator:type': 'public', 'phone': '+1 704-416-0300', 'website': 'https://www.foundershallevents.com/'}",library,,,,,,,,node/12421861670
3,node,12445662589,,35.2239225,-80.8396062,"{'addr:housenumber': '420', 'addr:street': 'East Trade Street', 'amenity': 'atm', 'check_date': '2026-01-19', 'covered': 'yes', 'currency:USD': 'yes', 'drive_through': 'no', 'indoor': 'yes', 'lit': 'yes', 'note': 'ATM is located inside of Midnight Diner', 'opening_hours': '24/7', 'wheelchair': 'yes'}",atm,,,,,,,,node/12445662589
3,node,12498871620,,35.2202826,-80.8462289,{'amenity': 'parking_entrance'},parking_entrance,,,,,,,,node/12498871620
3,node,12498871623,,35.22034,-80.8459181,{'amenity': 'parking_entrance'},parking_entrance,,,,,,,,node/12498871623
3,node,12499185801,,35.2252174,-80.8401552,"{'access': 'yes', 'amenity': 'bicycle_parking', 'bicycle_parking': 'stands', 'capacity': '2', 'covered': 'no', 'indoor': 'no'}",bicycle_parking,,,,,,,,node/12499185801
3,node,12499185901,,35.2251276,-80.8401432,"{'access': 'yes', 'amenity': 'bicycle_parking', 'bicycle_parking': 'stands', 'capacity': '2', 'covered': 'no', 'indoor': 'no'}",bicycle_parking,,,,,,,,node/12499185901
3,node,12513704283,,35.2217699,-80.8463688,{'amenity': 'parking_entrance'},parking_entrance,,,,,,,,node/12513704283
3,node,12513704297,,35.2216536,-80.8465945,"{'amenity': 'waste_basket', 'level': '1'}",waste_basket,,,,,,,,node/12513704297
3,node,12513705111,,35.2215382,-80.8466158,{'amenity': 'parking_entrance'},parking_entrance,,,,,,,,node/12513705111
3,node,12513705116,,35.2213695,-80.8464554,"{'access': 'yes', 'amenity': 'bicycle_parking', 'bicycle_parking': 'stands', 'capacity': '4', 'covered': 'no'}",bicycle_parking,,,,,,,,node/12513705116
3,node,12513705117,,35.2213574,-80.8464172,{'amenity': 'waste_basket'},waste_basket,,,,,,,,node/12513705117
3,node,12513705188,Caroline's Oyster Bar,35.2227605,-80.8479514,"{'amenity': 'restaurant', 'cuisine': 'seafood', 'name': ""Caroline's Oyster Bar""}",restaurant,,,,,,,,node/12513705188
3,node,12513705189,Dean's Italian Steakhouse,35.2225878,-80.8477666,"{'amenity': 'restaurant', 'cuisine': 'steak_house', 'name': ""Dean's Italian Steakhouse""}",restaurant,,,,,,,,node/12513705189
3,node,12513705208,,35.2223637,-80.8474007,"{'amenity': 'recycling', 'recycling_type': 'container'}",recycling,,,,,,,,node/12513705208
3,node,12513705209,,35.2223496,-80.8473822,{'amenity': 'waste_basket'},waste_basket,,,,,,,,node/12513705209
3,node,12513705214,,35.2212798,-80.8463048,"{'amenity': 'bicycle_parking', 'bicycle_parking': 'stands', 'capacity': '6', 'covered': 'yes'}",bicycle_parking,,,,,,,,node/12513705214
3,node,12513705221,,35.2204204,-80.8459297,"{'access': 'yes', 'amenity': 'bicycle_parking', 'bicycle_parking': 'stands', 'capacity': '12', 'covered': 'yes', 'foot_traffic': 'low'}",bicycle_parking,,,,,,,,node/12513705221
3,node,12513705222,,35.2200977,-80.8457881,{'amenity': 'bench'},bench,,,,,,,,node/12513705222
3,node,12513705223,,35.2200838,-80.8457971,{'amenity': 'bench'},bench,,,,,,,,node/12513705223
3,node,12513705224,,35.2200748,-80.8458229,{'amenity': 'waste_basket'},waste_basket,,,,,,,,node/12513705224
3,node,12513705308,,35.2207422,-80.8436706,{'amenity': 'waste_basket'},waste_basket,,,,,,,,node/12513705308
3,node,12513705309,,35.2213722,-80.8428629,{'amenity': 'waste_basket'},waste_basket,,,,,,,,node/12513705309
3,node,12513705310,,35.2213244,-80.8429539,"{'amenity': 'bench', 'backrest': 'no'}",bench,,,,,,,,node/12513705310
3,node,12513705311,,35.2213792,-80.8429495,"{'amenity': 'bench', 'backrest': 'no'}",bench,,,,,,,,node/12513705311
3,node,12513705312,,35.2214071,-80.8429123,"{'amenity': 'bench', 'backrest': 'no'}",bench,,,,,,,,node/12513705312
3,node,12513705313,,35.2214415,-80.8429417,"{'amenity': 'bench', 'backrest': 'no'}",bench,,,,,,,,node/12513705313
3,node,12513705314,,35.2214142,-80.8429816,"{'amenity': 'bench', 'backrest': 'no'}",bench,,,,,,,,node/12513705314
3,node,12513705315,,35.2214766,-80.8429714,"{'amenity': 'bench', 'backrest': 'no'}",bench,,,,,,,,node/12513705315
3,node,12513705316,,35.2215059,-80.8430079,"{'amenity': 'bench', 'backrest': 'no'}",bench,,,,,,,,node/12513705316
3,node,12513705317,,35.2215643,-80.8430191,"{'amenity': 'bench', 'backrest': 'no'}",bench,,,,,,,,node/12513705317
3,node,12513705318,,35.2216207,-80.84303,{'amenity': 'waste_basket'},waste_basket,,,,,,,,node/12513705318
3,node,12513705319,,35.2216254,-80.8436692,{'amenity': 'waste_basket'},waste_basket,,,,,,,,node/12513705319
3,node,12861779392,Sweetgreen,35.2274448,-80.8430586,"{'amenity': 'fast_food', 'brand': 'Sweetgreen', 'brand:wikidata': 'Q18636413', 'cuisine': 'salad', 'name': 'Sweetgreen', 'takeaway': 'yes'}",fast_food,,,,,,,,node/12861779392
3,node,12945631870,,35.2273055,-80.8436789,"{'amenity': 'bench', 'armrest': 'yes', 'backrest': 'yes', 'material': 'wood'}",bench,,,,,,,,node/12945631870
3,node,12945631871,,35.2272998,-80.8437,"{'amenity': 'bench', 'armrest': 'yes', 'backrest': 'yes', 'material': 'wood'}",bench,,,,,,,,node/12945631871
3,node,12945631872,,35.2271691,-80.8435997,"{'amenity': 'bench', 'armrest': 'yes', 'backrest': 'yes', 'material': 'wood'}",bench,,,,,,,,node/12945631872
3,node,12945631874,,35.2272636,-80.8434692,"{'amenity': 'bench', 'armrest': 'yes', 'backrest': 'yes', 'material': 'wood'}",bench,,,,,,,,node/12945631874
3,node,12945631876,,35.2271709,-80.8436161,"{'amenity': 'bench', 'armrest': 'yes', 'backrest': 'yes', 'material': 'wood'}",bench,,,,,,,,node/12945631876
3,node,12948708694,,35.2273063,-80.8435696,{'amenity': 'bench'},bench,,,,,,,,node/12948708694
3,node,12963151031,Grace Zion Church,35.2232018,-80.8417435,"{'amenity': 'place_of_worship', 'name': 'Grace Zion Church', 'religion': 'christian'}",place_of_worship,,,,,,,,node/12963151031
3,node,12965459603,,35.2218954,-80.8396228,"{'access': 'yes', 'amenity': 'bicycle_parking', 'bicycle_parking': 'stands', 'capacity': '4', 'covered': 'no', 'indoor': 'no'}",bicycle_parking,,,,,,,,node/12965459603
3,node,12985837801,Mimosa Grill,35.2246374,-80.8455653,"{'addr:housenumber': '327', 'addr:postcode': '28203', 'addr:street': 'South Tryon Street', 'amenity': 'restaurant', 'cuisine': 'american', 'internet_access': 'wlan', 'level': '0', 'name': 'Mimosa Grill', 'opening_hours': 'Mo-Sa 11:30-21:00; Su 10:30-14:00', 'website': 'https://mimosagrill.com/'}",restaurant,,,,,,,,node/12985837801
3,node,13036336279,Pie In The Sky Pizza,35.2257338,-80.8464968,"{'amenity': 'fast_food', 'cuisine': 'pizza', 'name': 'Pie In The Sky Pizza'}",fast_food,,,,,,,,node/13036336279
3,node,13036336280,Queen City Bites & Crafts,35.2257418,-80.8466688,"{'amenity': 'bar', 'name': 'Queen City Bites & Crafts'}",bar,,,,,,,,node/13036336280
3,node,13107735343,Halal Food Cart,35.2272259,-80.8428838,"{'amenity': 'restaurant', 'cuisine': 'mediterranean', 'name': 'Halal Food Cart', 'opening_hours': 'Mo-Su 10:00-03:00', 'phone': '+1-516-884-2818'}",restaurant,,,,,,,,node/13107735343
3,node,13230735737,,35.2274747,-80.8432606,{'amenity': 'waste_basket'},waste_basket,,,,,,,,node/13230735737
3,node,13230735743,,35.227623,-80.8434444,{'amenity': 'bench'},bench,,,,,,,,node/13230735743
3,node,13230735744,,35.2276473,-80.8434715,{'amenity': 'bench'},bench,,,,,,,,node/13230735744
3,node,13230735747,,35.2276828,-80.8435163,{'amenity': 'waste_basket'},waste_basket,,,,,,,,node/13230735747
3,node,13230735763,,35.2278414,-80.8437099,{'amenity': 'waste_basket'},waste_basket,,,,,,,,node/13230735763
3,node,13230735764,,35.2278281,-80.843694,{'amenity': 'waste_basket'},waste_basket,,,,,,,,node/13230735764
3,node,13231371886,,35.2273502,-80.8433968,{'amenity': 'waste_basket'},waste_basket,,,,,,,,node/13231371886
3,node,13231371889,,35.2272805,-80.8433086,{'amenity': 'waste_basket'},waste_basket,,,,,,,,node/13231371889
3,node,13231371893,,35.2275426,-80.843613,{'amenity': 'bench'},bench,,,,,,,,node/13231371893
3,node,13231371897,,35.2277243,-80.8438162,{'amenity': 'waste_basket'},waste_basket,,,,,,,,node/13231371897
3,node,13231416224,,35.2265365,-80.8441945,"{'amenity': 'recycling', 'recycling_type': 'container'}",recycling,,,,,,,,node/13231416224
3,node,13231416225,,35.2265531,-80.8441713,{'amenity': 'waste_basket'},waste_basket,,,,,,,,node/13231416225
3,node,13231416227,,35.2265942,-80.8441138,{'amenity': 'telephone'},telephone,,,,,,,,node/13231416227
3,node,13233666028,Que Fresca Taqueria,35.2229194,-80.8471179,"{'amenity': 'restaurant', 'cuisine': 'mexican', 'name': 'Que Fresca Taqueria'}",restaurant,,,,,,,,node/13233666028
3,node,13240558938,ACE No. 3,35.2266363,-80.8435395,"{'addr:city': 'Charlotte', 'addr:housenumber': '101', 'addr:postcode': '28280', 'addr:state': 'NC', 'addr:street': 'South Tryon Street', 'amenity': 'fast_food', 'cuisine': 'burger', 'name': 'ACE No. 3'}",fast_food,,,,,,,,node/13240558938
3,node,13316712069,Uptown Park&Wash,35.2232716,-80.8433355,"{'addr:city': 'Charlotte', 'addr:housenumber': '227', 'addr:postcode': '28202', 'addr:state': 'NC', 'addr:street': 'East 3rd Street', 'amenity': 'car_wash', 'check_date': '2025-11-19', 'currency:XBT': 'yes', 'name': 'Uptown Park&Wash', 'opening_hours': 'Mo-Fr 08:00-17:00; Sa-Su 08:00-12:00', 'payment:lightning': 'yes', 'payment:lightning:operator': 'square', 'payment:lightning_contactless': 'no', 'payment:onchain': 'no'}",car_wash,,,,,,,,node/13316712069
3,node,13328798501,,35.2255597,-80.8469845,"{'access': 'yes', 'amenity': 'bicycle_parking', 'bicycle_parking': 'wave', 'capacity': '7', 'covered': 'yes', 'indoor': 'no'}",bicycle_parking,,,,,,,,node/13328798501
3,node,13457125329,,35.223481,-80.8435512,{'amenity': 'waste_basket'},waste_basket,,,,,,,,node/13457125329
3,node,13457125331,,35.2234621,-80.8435844,{'amenity': 'waste_basket'},waste_basket,,,,,,,,node/13457125331
3,node,13457166631,Night Swim Coffee,35.2242077,-80.844575,"{'amenity': 'cafe', 'cuisine': 'coffee_shop', 'level': '1', 'name': 'Night Swim Coffee'}",cafe,,,,,,,,node/13457166631
3,node,13457166632,Smoothie King,35.2241715,-80.8446711,"{'amenity': 'fast_food', 'brand': 'Smoothie King', 'brand:wikidata': 'Q5491421', 'cuisine': 'juice', 'level': '1', 'name': 'Smoothie King', 'takeaway': 'yes'}",fast_food,,,,,,,,node/13457166632
3,node,13457166648,Krazy Curry Express,35.2257792,-80.843165,"{'amenity': 'restaurant', 'cuisine': 'indian', 'level': '0', 'name': 'Krazy Curry Express'}",restaurant,,,,,,,,node/13457166648
3,node,13457166649,Just Fresh,35.2258399,-80.8430735,"{'amenity': 'restaurant', 'cuisine': 'juice;salad;soup;sandwich;breakfast', 'level': '0', 'name': 'Just Fresh'}",restaurant,,,,,,,,node/13457166649
3,node,13457166652,Energy Cafe,35.2260525,-80.8428241,"{'amenity': 'fast_food', 'cuisine': 'sandwich', 'name': 'Energy Cafe'}",fast_food,,,,,,,,node/13457166652
3,node,13457166666,USPS,35.226797,-80.8420988,"{'amenity': 'post_office', 'level': '1', 'name': 'USPS', 'operator': 'United States Postal Service', 'operator:short': 'USPS', 'operator:type': 'public', 'operator:wikidata': 'Q668687'}",post_office,,,,,,,,node/13457166666
3,node,13457166669,,35.2265722,-80.8422237,{'amenity': 'bench'},bench,,,,,,,,node/13457166669
3,node,13457166670,,35.2264236,-80.8420509,"{'amenity': 'recycling', 'recycling_type': 'container'}",recycling,,,,,,,,node/13457166670
3,node,13457166671,,35.226414,-80.8420391,{'amenity': 'waste_basket'},waste_basket,,,,,,,,node/13457166671
3,node,13457166672,,35.2268023,-80.8424831,{'amenity': 'waste_basket'},waste_basket,,,,,,,,node/13457166672
3,node,13457166673,,35.2268574,-80.842547,"{'amenity': 'recycling', 'recycling_type': 'container'}",recycling,,,,,,,,node/13457166673
3,way,48908467,Charlotte Transportation Center,35.2244978,-80.8410525,"{'amenity': 'bus_station', 'building': 'yes', 'bus': 'yes', 'height': '30', 'name': 'Charlotte Transportation Center', 'operator': 'Charlotte Area Transit System', 'public_transport': 'station'}",bus_station,,,,,station,,,way/48908467
3,way,90480715,AutoPark,35.2274639,-80.846002,"{'access': 'yes', 'amenity': 'parking', 'building': 'yes', 'capacity': '690', 'fee': 'yes', 'name': 'AutoPark', 'operator': 'LAZ Parking', 'parking': 'multi-storey', 'surface': 'concrete'}",parking,,,,,,,,way/90480715
3,way,90480718,First Citizens Bank Plaza Parking Garage,35.2268665,-80.8453405,"{'access': 'yes', 'amenity': 'parking', 'building': 'parking', 'capacity': '697', 'fee': 'yes', 'height': '24', 'name': 'First Citizens Bank Plaza Parking Garage', 'operator': 'Preffered Parking', 'parking': 'multi-storey', 'source': 'Bing', 'surface': 'concrete'}",parking,,,,,,,,way/90480718
3,way,90480727,Two Thirty South Tryon Parking,35.2265572,-80.8457673,"{'access': 'yes', 'amenity': 'parking', 'building': 'yes', 'capacity:disabled': '670', 'fee': 'yes', 'height': '24', 'name': 'Two Thirty South Tryon Parking', 'operator': 'Spectrum Parking', 'parking': 'multi-storey', 'source': 'Bing', 'surface': 'concrete'}",parking,,,,,,,,way/90480727
3,way,131139730,Federal Reserve Bank,35.2228239,-80.8390124,"{'addr:city': 'Charlotte', 'addr:housenumber': '530', 'addr:postcode': '28202', 'addr:state': 'NC', 'addr:street': 'East Trade Street', 'amenity': 'bank', 'atm': 'no', 'building': 'office', 'drive_through': 'no', 'government': 'yes', 'height': '36', 'name': 'Federal Reserve Bank', 'operator': 'United States of America', 'website': 'https://www.richmondfed.org/about_us/visit_us/locations/charlotte', 'wikidata': 'Q5440387'}",bank,,,,,,,,way/131139730
3,way,174171799,Lot #406,35.2238588,-80.8402171,"{'addr:city': 'Charlotte', 'addr:housenumber': '406', 'addr:postcode': '28202', 'addr:state': 'NC', 'addr:street': 'East 4th Street', 'amenity': 'parking', 'fee': 'yes', 'name': 'Lot #406', 'operator': 'Preferred Parking', 'parking': 'surface', 'surface': 'asphalt'}",parking,,,,,,,,way/174171799
3,way,174171808,Lot #402,35.2231215,-80.8412855,"{'addr:city': 'Charlotte', 'addr:housenumber': '402', 'addr:postcode': '28202', 'addr:state': 'NC', 'addr:street': 'East 4th Street', 'amenity': 'parking', 'fee': 'yes', 'name': 'Lot #402', 'operator': 'Preferred Parking', 'parking': 'surface', 'surface': 'asphalt'}",parking,,,,,,,,way/174171808
3,way,174301661,Lot #501,35.2199217,-80.843385,"{'addr:city': 'Charlotte', 'addr:housenumber': '501', 'addr:postcode': '28202', 'addr:state': 'NC', 'addr:street': 'South Caldwell Street', 'amenity': 'parking', 'fee': 'yes', 'name': 'Lot #501', 'operator': 'E-Z Parking', 'parking': 'surface', 'surface': 'asphalt'}",parking,,,,,,,,way/174301661
3,way,239813217,Charlotte Convention Center,35.2220913,-80.84533,"{'addr:state': 'NC', 'amenity': 'conference_centre', 'building': 'yes', 'ele': '227', 'gnis:feature_id': '2025493', 'height': '23', 'layer': '1', 'name': 'Charlotte Convention Center', 'source': 'USGS Geonames', 'wikidata': 'Q5085885'}",conference_centre,,,,,,,,way/239813217
3,way,322277873,,35.2231595,-80.8395432,"{'amenity': 'parking', 'building': 'yes', 'height': '15', 'parking': 'multi-storey', 'supervised': 'yes', 'surface': 'concrete'}",parking,,,,,,,,way/322277873
3,way,322278588,,35.2221857,-80.8403326,"{'amenity': 'parking', 'building': 'yes', 'height': '35', 'parking': 'multi-storey'}",parking,,,,,,,,way/322278588
3,way,322992980,,35.2199848,-80.8404164,{'amenity': 'parking'},parking,,,,,,,,way/322992980
3,way,322993000,,35.2189656,-80.8397936,{'amenity': 'parking'},parking,,,,,,,,way/322993000
3,way,322993005,,35.2222676,-80.8386072,{'amenity': 'parking'},parking,,,,,,,,way/322993005
3,way,322993007,501 East Trade Street,35.2237257,-80.8379504,"{'access': 'permit', 'addr:city': 'Charlotte', 'addr:housenumber': '500', 'addr:postcode': '28202', 'addr:state': 'NC', 'addr:street': 'East Trade Street', 'amenity': 'parking', 'fee': 'yes', 'name': '501 East Trade Street', 'parking': 'surface', 'surface': 'gravel'}",parking,,,,,,,,way/322993007
3,way,322993022,,35.2230771,-80.8434573,{'amenity': 'parking'},parking,,,,,,,,way/322993022
3,way,341587198,Bank of America,35.2273123,-80.8422252,"{'addr:city': 'Charlotte', 'addr:housenumber': '100', 'addr:postcode': '28202', 'addr:state': 'NC', 'addr:street': 'North Tryon Street', 'amenity': 'bank', 'branch': 'Financial Center', 'brand': 'Bank of America', 'brand:wikidata': 'Q487907', 'building': 'yes', 'building:levels': '88', 'check_date': '2021-04-21', 'height': '265', 'name': 'Bank of America', 'name:en': 'Bank of America Corporate Center', 'operator': 'Bank of America', 'website': 'https://locators.bankofamerica.com/nc/charlotte/financial-centers-charlotte-16702.html', 'wikidata': 'Q586913', 'wikipedia': 'en:Bank of America Corporate Center'}",bank,,,,,,,,way/341587198
3,way,380093862,Mecklenburg County Sherrif's,35.2207331,-80.838583,"{'amenity': 'police', 'building': 'yes', 'height': ""19'"", 'name': ""Mecklenburg County Sherrif's""}",police,,,,,,,,way/380093862
3,way,394430321,,35.226025,-80.8406521,"{'amenity': 'parking', 'building': 'yes', 'height': '28', 'parking': 'multi-storey'}",parking,,,,,,,,way/394430321
3,way,469145609,Child’s Play Fountain,35.2251383,-80.8457091,"{'amenity': 'fountain', 'name': 'Child’s Play Fountain'}",fountain,,,,,,,,way/469145609
3,way,500195164,St. Peter's Catholic Church,35.2238291,-80.84731,"{'addr:city': 'Charlotte', 'addr:housenumber': '507', 'addr:postcode': '28202', 'addr:state': 'NC', 'addr:street': 'South Tryon Street', 'amenity': 'place_of_worship', 'building': 'yes', 'denomination': 'catholic', 'height': '23', 'name': ""St. Peter's Catholic Church"", 'religion': 'christian', 'wikidata': 'Q7591308', 'wikipedia': ""en:St. Peter's Catholic Church (Charlotte, North Carolina)""}",place_of_worship,,,,,,,,way/500195164
3,way,500204486,Charlotte Plaza Parking,35.2246401,-80.8426857,"{'access': 'yes', 'addr:city': 'Charlotte', 'addr:housenumber': '306', 'addr:postcode': '28202', 'addr:state': 'NC', 'addr:street': 'East 4th Street', 'alt_name': 'SP Plus', 'amenity': 'parking', 'brand': 'SP+', 'brand:wikidata': 'Q7598289', 'building': 'yes', 'capacity': '980', 'fee': 'yes', 'height': '36', 'name': 'Charlotte Plaza Parking', 'operator': 'SP+', 'operator:type': 'private', 'operator:wikidata': 'Q7598289', 'parking': 'multi-storey', 'surface': 'concrete'}",parking,,,,,,,,way/500204486
3,way,500997294,,35.227313,-80.8446753,"{'access': 'yes', 'amenity': 'parking', 'building': 'parking', 'fee': 'yes', 'height': '21', 'operator': 'Preferred Parking', 'parking': 'multi-storey', 'surface': 'concrete'}",parking,,,,,,,,way/500997294
3,way,500997296,Ruth's Chris Steak House,35.2261894,-80.8451826,"{'addr:city': 'Charlotte', 'addr:housenumber': '222', 'addr:postcode': '28202', 'addr:state': 'NC', 'addr:street': 'South Tryon Street', 'amenity': 'restaurant', 'brand': ""Ruth's Chris Steak House"", 'brand:wikidata': 'Q7382829', 'building': 'yes', 'cuisine': 'american;steak_house', 'height': '20', 'name': ""Ruth's Chris Steak House""}",restaurant,,,,,,,,way/500997296
3,way,502718738,Belk Theater at Blumenthal Performing Arts Center,35.227317,-80.8415145,"{'addr:city': 'Charlotte', 'addr:housenumber': '130', 'addr:postcode': '28202', 'addr:state': 'NC', 'addr:street': 'North Tryon Street', 'amenity': 'theatre', 'building': 'yes', 'height': '30', 'name': 'Belk Theater at Blumenthal Performing Arts Center', 'wikidata': 'Q7054435'}",theatre,,,,,,,,way/502718738
3,way,513106099,Lot #125,35.2238487,-80.8406868,"{'addr:city': 'Charlotte', 'addr:housenumber': '125', 'addr:postcode': '28202', 'addr:state': 'NC', 'addr:street': 'South Brevard Street', 'amenity': 'parking', 'fee': 'yes', 'name': 'Lot #125', 'operator': 'Preferred Parking', 'parking': 'surface', 'surface': 'asphalt'}",parking,,,,,,,,way/513106099
3,way,513106103,Lot #415S,35.2234748,-80.8402947,"{'addr:city': 'Charlotte', 'addr:housenumber': '415', 'addr:postcode': '28202', 'addr:state': 'NC', 'addr:street': 'East 4th Street', 'amenity': 'parking', 'fee': 'yes', 'name': 'Lot #415S', 'operator': 'Preferred Parking', 'parking': 'surface', 'surface': 'asphalt'}",parking,,,,,,,,way/513106103
3,way,513106106,Lot #426,35.2235465,-80.8398452,"{'addr:city': 'Charlotte', 'addr:housenumber': '426', 'addr:postcode': '28202', 'addr:state': 'NC', 'addr:street': 'East Trade Street', 'amenity': 'parking', 'fee': 'yes', 'name': 'Lot #426', 'operator': 'Peferred Parking', 'parking': 'surface', 'surface': 'asphalt'}",parking,,,,,,,,way/513106106
3,way,513106116,Lot #228S,35.2268949,-80.8465523,"{'addr:city': 'Charlotte', 'addr:housenumber': '228', 'addr:postcode': '28202', 'addr:state': 'NC', 'addr:street': 'South Church Street', 'amenity': 'parking', 'fee': 'yes', 'name': 'Lot #228S', 'operator': 'Preferred Parking', 'parking': 'surface', 'surface': 'asphalt'}",parking,,,,,,,,way/513106116
3,way,513106123,Lot #208,35.2280391,-80.8470437,"{'access': 'yes', 'addr:city': 'Charlotte', 'addr:housenumber': '208', 'addr:postcode': '28202', 'addr:state': 'NC', 'addr:street': 'South Poplar Street', 'amenity': 'parking', 'fee': 'yes', 'name': 'Lot #208', 'operator': 'Preferred Parking', 'operator:type': 'private', 'parking': 'surface'}",parking,,,,,,,,way/513106123
3,way,672780369,,35.2244231,-80.8398149,"{'amenity': 'shelter', 'building': 'yes'}",shelter,,,,,,,,way/672780369
3,way,672780370,,35.2247522,-80.8402018,"{'amenity': 'shelter', 'building': 'yes'}",shelter,,,,,,,,way/672780370
3,way,695677598,,35.2203755,-80.8427111,"{'amenity': 'parking', 'building': 'yes', 'building:levels': '14', 'parking': 'multi-storey'}",parking,,,,,,,,way/695677598
3,way,695677599,,35.2205203,-80.8428153,"{'access': 'customers', 'amenity': 'parking', 'building': 'parking', 'building:levels': '5', 'fee': 'yes', 'parking': 'multi-storey'}",parking,,,,,,,,way/695677599
3,way,695677601,,35.2202368,-80.8425723,"{'access': 'customers', 'amenity': 'parking', 'building': 'parking', 'building:levels': '5', 'fee': 'yes', 'parking': 'multi-storey'}",parking,,,,,,,,way/695677601
3,way,766639183,Prefered Parking,35.2212678,-80.8415254,"{'access': 'yes', 'addr:city': 'Charlotte', 'addr:housenumber': '300', 'addr:postcode': '28202', 'addr:state': 'NC', 'addr:street': 'South Davidson Street', 'amenity': 'parking', 'fee': 'yes', 'maxstay': '12 hours', 'name': 'Prefered Parking', 'operator:type': 'private', 'parking': 'surface', 'surface': 'asphalt'}",parking,,,,,,,,way/766639183
3,way,861275830,,35.2269575,-80.8474733,"{'amenity': 'toilets', 'building': 'yes'}",toilets,,,,,,,,way/861275830
3,way,861275835,,35.2266434,-80.8476012,"{'amenity': 'fountain', 'natural': 'water'}",fountain,,,,,,,,way/861275835
3,way,906005901,,35.2262351,-80.8473036,"{'amenity': 'shelter', 'building': 'yes', 'weather_protection': 'pergola'}",shelter,,,,,,,,way/906005901
3,way,906005902,,35.2262376,-80.8474853,"{'amenity': 'shelter', 'building': 'yes', 'weather_protection': 'pergola'}",shelter,,,,,,,,way/906005902
3,way,906005908,,35.2269962,-80.847448,"{'amenity': 'shelter', 'building': 'yes', 'weather_protection': 'pergola'}",shelter,,,,,,,,way/906005908
3,way,906005930,,35.2266451,-80.8476256,"{'amenity': 'fountain', 'fountain': 'splash_pad', 'natural': 'water'}",fountain,,,,,,,,way/906005930
3,way,909453943,,35.2270117,-80.8426192,"{'amenity': 'fountain', 'natural': 'water', 'water': 'yes'}",fountain,,,,,,,,way/909453943
3,way,909609280,,35.2277988,-80.8453218,{'amenity': 'parking'},parking,,,,,,,,way/909609280
3,way,985168239,,35.2275763,-80.8441126,"{'addr:city': 'Charlotte', 'addr:housenumber': '123', 'addr:postcode': '28202', 'addr:state': 'NC', 'addr:street': 'West Trade Street', 'amenity': 'vacant', 'building': 'yes', 'was:brand': 'Hooters', 'was:brand:wikidata': 'Q1025921', 'was:cuisine': 'burger', 'was:name': 'Hooters'}",vacant,,,,,,,,way/985168239
3,way,985168246,,35.2267713,-80.8435528,"{'amenity': 'shelter', 'bench': 'yes', 'bin': 'yes', 'building': 'yes', 'lit': 'yes', 'shelter_type': 'public_transport'}",shelter,,,,,,,,way/985168246
3,way,985188326,,35.2272335,-80.8426559,"{'amenity': 'bench', 'backrest': 'yes', 'material': 'concrete'}",bench,,,,,,,,way/985188326
3,way,1046738977,Ally Charlotte Center Parking Deck,35.2223123,-80.8484562,"{'access': 'yes', 'amenity': 'parking', 'building': 'yes', 'capacity:disabled': '1400', 'fee': 'yes', 'layer': '1', 'name': 'Ally Charlotte Center Parking Deck', 'parking': 'multi-storey', 'surface': 'concrete'}",parking,,,,,,,,way/1046738977
3,way,1047699825,Mucha Mucha,35.2257837,-80.8467589,"{'amenity': 'bar', 'building': 'retail', 'building:levels': '2', 'name': 'Mucha Mucha'}",bar,,,,,,,,way/1047699825
3,way,1047699827,Nefelie's,35.2259308,-80.8469259,"{'addr:city': 'Charlotte', 'addr:housenumber': '145', 'addr:postcode': '28202', 'addr:state': 'NC', 'addr:street': 'Brevard Court', 'amenity': 'restaurant', 'building': 'retail', 'building:levels': '2', 'cuisine': 'greek', 'name': ""Nefelie's""}",restaurant,,,,,,,,way/1047699827
3,way,1047699828,French Quarter Restaurant,35.2259909,-80.8470085,"{'addr:city': 'Charlotte', 'addr:housenumber': '321', 'addr:postcode': '28202', 'addr:state': 'NC', 'addr:street': 'South Church Street', 'amenity': 'restaurant', 'building': 'retail', 'building:levels': '2', 'name': 'French Quarter Restaurant'}",restaurant,,,,,,,,way/1047699828
3,way,1047699829,Valhalla Pub & Eatery,35.2261064,-80.8468495,"{'addr:city': 'Charlotte', 'addr:housenumber': '317', 'addr:postcode': '28202', 'addr:state': 'NC', 'addr:street': 'South Church Street', 'amenity': 'pub', 'building': 'retail', 'building:levels': '2', 'name': 'Valhalla Pub & Eatery'}",pub,,,,,,,,way/1047699829
3,way,1047699837,330 South Tryon Parking Garage,35.2256457,-80.8469423,"{'access': 'yes', 'amenity': 'parking', 'building': 'yes', 'capacity': '250', 'fee': 'yes', 'name': '330 South Tryon Parking Garage', 'operator': 'Preferred Parking', 'parking': 'multi-storey', 'surface': 'concrete'}",parking,,,,,,,,way/1047699837
3,way,1047699853,400 South Tryon Parking Garage,35.2253497,-80.8474483,"{'access': 'yes', 'amenity': 'parking', 'building': 'yes', 'capacity': '495', 'fee': 'yes', 'name': '400 South Tryon Parking Garage', 'operator': 'Preffered Parking', 'parking': 'multi-storey', 'surface': 'concrete'}",parking,,,,,,,,way/1047699853
3,way,1090622203,,35.2221518,-80.8422876,{'amenity': 'parking'},parking,,,,,,,,way/1090622203
3,way,1102373278,,35.2201999,-80.8450962,"{'amenity': 'bench', 'backrest': 'no', 'material': 'wood'}",bench,,,,,,,,way/1102373278
3,way,1102373279,,35.2203673,-80.8452689,"{'amenity': 'bench', 'backrest': 'no', 'material': 'wood'}",bench,,,,,,,,way/1102373279
3,way,1102373280,,35.2204156,-80.8453218,"{'amenity': 'bench', 'backrest': 'no', 'material': 'wood'}",bench,,,,,,,,way/1102373280
3,way,1113509384,,35.2210588,-80.8392003,"{'access': 'yes', 'amenity': 'bicycle_parking', 'bicycle_parking': 'stands', 'capacity': '8', 'covered': 'yes', 'fee': 'no', 'lit': 'yes'}",bicycle_parking,,,,,,,,way/1113509384
3,way,1190021160,,35.2229322,-80.8454958,"{'amenity': 'fountain', 'natural': 'water'}",fountain,,,,,,,,way/1190021160
3,way,1192155448,Midnight Diner,35.2238789,-80.8396684,"{'addr:city': 'Charlotte', 'addr:housenumber': '420', 'addr:postcode': '28202', 'addr:state': 'NC', 'addr:street': 'East Trade Street', 'air_conditioning': 'yes', 'amenity': 'restaurant', 'building': 'retail', 'check_date': '2026-01-14', 'cuisine': 'diner;american', 'internet_access': 'no', 'microbrewery': 'no', 'name': 'Midnight Diner', 'opening_hours': '24/7', 'payment:cash': 'yes', 'payment:contactless': 'no', 'payment:credit_cards': 'yes', 'payment:debit_cards': 'yes', 'phone': '+19802073641', 'toilets': 'yes', 'website': 'https://midnightdinercharlotte.com/', 'wheelchair': 'yes'}",restaurant,,,,,,,,way/1192155448
3,way,1327104767,,35.2237994,-80.8466892,"{'amenity': 'parking', 'layer': '-1', 'parking': 'underground'}",parking,,,,,,,,way/1327104767
3,way,1350996122,,35.2204167,-80.8461525,"{'amenity': 'parking', 'building': 'yes', 'height': '29', 'parking': 'multi-storey'}",parking,,,,,,,,way/1350996122
3,way,1441928374,,35.2274867,-80.8432876,"{'amenity': 'shelter', 'bench': 'yes', 'bin': 'yes', 'building': 'yes', 'shelter_type': 'public_transport'}",shelter,,,,,,,,way/1441928374
3,way,1441981906,,35.2273686,-80.8434137,"{'amenity': 'shelter', 'bench': 'yes', 'bin': 'yes', 'building': 'yes', 'shelter_type': 'public_transport'}",shelter,,,,,,,,way/1441981906
3,way,1441981913,,35.2277817,-80.8438941,"{'amenity': 'shelter', 'building': 'yes', 'layer': '1'}",shelter,,,,,,,,way/1441981913
3,relation,4716137,Metro School,35.2190789,-80.8421271,"{'amenity': 'school', 'building': 'school', 'ele': '209', 'gnis:feature_id': '1984523', 'height': '13', 'name': 'Metro School', 'type': 'multipolygon'}",school,,,,,,,,relation/4716137
3,relation,4848919,,35.2273123,-80.8422252,"{'amenity': 'bank', 'building:levels': '60', 'type': 'building'}",bank,,,,,,,,relation/4848919
3,relation,6054693,,35.2237503,-80.8420914,"{'amenity': 'parking', 'fee': 'yes', 'parking': 'surface', 'surface': 'asphalt', 'type': 'multipolygon'}",parking,,,,,,,,relation/6054693
3,relation,16014018,First Baptist Charlotte,35.22042,-80.8405256,"{'addr:city': 'Charlotte', 'addr:housenumber': '301', 'addr:postcode': '28202', 'addr:state': 'NC', 'addr:street': 'South Davidson Street', 'amenity': 'place_of_worship', 'building': 'yes', 'height': '27', 'name': 'First Baptist Charlotte', 'phone': '+1 704 375-1446', 'religion': 'christian', 'type': 'multipolygon', 'website': 'https://www.charlottefbc.org/'}",place_of_worship,,,,,,,,relation/16014018
3,node,6332298766,Insomnia Cookies,35.2255009,-80.8420447,"{'addr:city': 'Charlotte', 'addr:housenumber': '210', 'addr:postcode': '28202', 'addr:state': 'NC', 'addr:street': 'East Trade Street', 'addr:unit': 'Suite B-224', 'brand': 'Insomnia Cookies', 'brand:wikidata': 'Q16997024', 'name': 'Insomnia Cookies', 'shop': 'pastry'}",,pastry,,,,,,,node/6332298766
3,node,9099545839,JoS. A. Bank,35.2266979,-80.8418413,"{'brand': 'JoS. A. Bank', 'brand:wikidata': 'Q6204078', 'level': '0', 'name': 'JoS. A. Bank', 'official_name': 'Jos. A. Bank Clothiers', 'shop': 'clothes'}",,clothes,,,,,,,node/9099545839
3,node,10965747075,Charlotte NC Tours,35.2265821,-80.8426998,"{'level': '1', 'name': 'Charlotte NC Tours', 'shop': 'travel_agency'}",,travel_agency,,,,,,,node/10965747075
3,node,10965747076,Walgreens,35.2262131,-80.8427431,"{'brand': 'Walgreens', 'brand:wikidata': 'Q1591889', 'level': '0', 'name': 'Walgreens', 'shop': 'chemist', 'website': 'https://www.walgreens.com/locator/walgreens-101+s+tryon+st-charlotte-nc-28280/id=15008'}",,chemist,,,,,,,node/10965747076
3,node,10968443164,Reid’s Fine Foods,35.227474,-80.8436621,"{'name': 'Reid’s Fine Foods', 'shop': 'deli'}",,deli,,,,,,,node/10968443164
3,node,10968443165,The Cut,35.2275679,-80.8437454,"{'name': 'The Cut', 'shop': 'hairdresser'}",,hairdresser,,,,,,,node/10968443165
3,node,11093041435,Amelie’s,35.2242307,-80.845226,"{'addr:city': 'Charlotte', 'addr:housenumber': '380', 'addr:postcode': '28202', 'addr:state': 'NC', 'addr:street': 'South College Street', 'name': 'Amelie’s', 'opening_hours': 'Mo-Su 08:00-17:00', 'phone': '+1-704-899-0088', 'shop': 'bakery', 'website': 'https://www.ameliesfrenchbakery.com'}",,bakery,,,,,,,node/11093041435
3,node,11648968547,Whole Foods Market,35.2212955,-80.8465278,"{'addr:city': 'Charlotte', 'addr:housenumber': '400', 'addr:postcode': '28202', 'addr:state': 'NC', 'addr:street': 'East Brooklyn Village Avenue', 'branch': 'Uptown Charlotte', 'brand': 'Whole Foods Market', 'brand:wikidata': 'Q1809448', 'check_date': '2024-10-03', 'check_date:opening_hours': '2024-10-03', 'name': 'Whole Foods Market', 'opening_hours': 'Mo-Su 08:00-22:00', 'phone': '+1 704-969-5950', 'ref': 'uptowncharlotte', 'shop': 'supermarket', 'website': 'https://www.wholefoodsmarket.com/stores/uptowncharlotte'}",,supermarket,,,,,,,node/11648968547
3,node,12513705306,CVS Pharmacy,35.2201038,-80.8451584,"{'brand': 'CVS Pharmacy', 'brand:wikidata': 'Q2078880', 'name': 'CVS Pharmacy', 'shop': 'chemist', 'short_name': 'CVS'}",,chemist,,,,,,,node/12513705306
3,node,13357332052,Bing Zaremba Handyman and Construction of Charlotte,35.2269782,-80.8447255,"{'addr:city': 'Charlotte', 'addr:housenumber': '128', 'addr:postcode': '28202', 'addr:state': 'NC', 'addr:street': 'South Tryon Street', 'contact:facebook': '688014097731047', 'contact:linkedin': 'bingzarembaconstruction', 'contact:phone': '+1-704-750-5699', 'contact:website': 'https://www.bingzarembaconstruction.com/', 'name': 'Bing Zaremba Handyman and Construction of Charlotte', 'opening_hours': 'Mo-Sa 07:00-18:00', 'operator': 'Bing Zaremba Handyman and Construction of Charlotte', 'shop': 'kitchen'}",,kitchen,,,,,,,node/13357332052
3,node,13375183512,Uptown Cuts,35.2239237,-80.8440337,"{'addr:city': 'Charlotte', 'addr:housenumber': '301', 'addr:postcode': '28202', 'addr:state': 'NC', 'addr:street': 'South College Street', 'addr:unit': '130', 'check_date': '2025-12-14', 'contact:instagram': 'https://www.instagram.com/uptowncuts_clt', 'currency:XBT': 'yes', 'hairdresser': 'barber', 'name': 'Uptown Cuts', 'opening_hours': 'Mo-Fr 09:00-19:00; Sa 09:00-15:00', 'payment:lightning': 'yes', 'payment:lightning:operator': 'square', 'payment:lightning_contactless': 'no', 'payment:onchain': 'no', 'phone': '+1-980-483-8618', 'shop': 'hairdresser', 'website': 'https://www.uptowncutsclt.com/'}",,hairdresser,,,,,,,node/13375183512
3,node,13457166644,Overstreet Market,35.223869,-80.844594,"{'level': '1', 'name': 'Overstreet Market', 'shop': 'convenience'}",,convenience,,,,,,,node/13457166644
3,node,13457166650,New Creations,35.2259485,-80.8429765,"{'level': '0', 'name': 'New Creations', 'shop': 'hairdresser'}",,hairdresser,,,,,,,node/13457166650
3,node,13457166651,Paper Skyscraper,35.2260079,-80.8428827,"{'name': 'Paper Skyscraper', 'shop': 'gift'}",,gift,,,,,,,node/13457166651
3,node,13457166665,City Barbers at Uptown,35.2268865,-80.8421351,"{'hairdresser': 'barber', 'name': 'City Barbers at Uptown', 'shop': 'hairdresser'}",,hairdresser,,,,,,,node/13457166665
3,node,5828785965,,35.2263388,-80.8453952,"{'addr:city': 'Charlotte', 'addr:postcode': '28281', 'addr:state': 'NC', 'country': 'USA', 'description': 'Part of the 230 S Tryon Condominiums?', 'leisure': 'swimming_pool', 'opening_hours': '24/7', 'phone': '+1-704-370-0099'}",,,swimming_pool,,,,,,node/5828785965
3,node,6332298776,Bowlero,35.225064,-80.8420232,"{'brand': 'Bowlero', 'brand:wikidata': 'Q17102967', 'leisure': 'bowling_alley', 'name': 'Bowlero'}",,,bowling_alley,,,,,,node/6332298776
3,node,12948708695,,35.2271485,-80.8436588,{'leisure': 'picnic_table'},,,picnic_table,,,,,,node/12948708695
3,node,12948708696,,35.2271313,-80.8436345,{'leisure': 'picnic_table'},,,picnic_table,,,,,,node/12948708696
3,node,13457166645,Childress Klein YMCA,35.2237794,-80.8443278,"{'brand': 'YMCA', 'brand:wikidata': 'Q157169', 'leisure': 'sports_centre', 'name': 'Childress Klein YMCA'}",,,sports_centre,,,,,,node/13457166645
3,way,131139738,Marshall Park,35.2191884,-80.8387245,"{'leisure': 'park', 'name': 'Marshall Park', 'wikidata': 'Q6773731'}",,,park,,,,,,way/131139738
3,way,131139739,The Green,35.2238147,-80.8467892,"{'leisure': 'park', 'name': 'The Green', 'source': 'Bing', 'wikidata': 'Q7738116'}",,,park,,,,,,way/131139739
3,way,715563541,McColl Park,35.2272428,-80.8435902,"{'addr:city': 'Charlotte', 'addr:housenumber': '106', 'addr:postcode': '28202', 'addr:state': 'NC', 'addr:street': 'West Trade Street', 'leisure': 'park', 'name': 'McColl Park', 'operator': 'City of Charlotte', 'operator:type': 'public'}",,,park,,,,,,way/715563541
3,way,861268759,,35.2244157,-80.8476012,{'leisure': 'garden'},,,garden,,,,,,way/861268759
3,way,861268760,,35.2244549,-80.8475436,{'leisure': 'garden'},,,garden,,,,,,way/861268760
3,way,861275836,,35.2266488,-80.847646,"{'leisure': 'playground', 'playground': 'splash_pad'}",,,playground,,,,,,way/861275836
3,way,861275837,,35.2266036,-80.8478601,{'leisure': 'playground'},,,playground,,,,,,way/861275837
3,way,906008583,,35.2263361,-80.8477362,{'leisure': 'garden'},,,garden,,,,,,way/906008583
3,way,906008585,,35.2262949,-80.8477067,{'leisure': 'garden'},,,garden,,,,,,way/906008585
3,way,906008587,,35.2262408,-80.8476565,{'leisure': 'garden'},,,garden,,,,,,way/906008587
3,way,906008589,,35.2262067,-80.8476168,{'leisure': 'garden'},,,garden,,,,,,way/906008589
3,way,906171751,,35.2270989,-80.840571,{'leisure': 'garden'},,,garden,,,,,,way/906171751
3,way,909453125,,35.2269604,-80.8471761,{'leisure': 'garden'},,,garden,,,,,,way/909453125
3,way,909453128,,35.2260677,-80.8475695,{'leisure': 'garden'},,,garden,,,,,,way/909453128
3,way,909453129,,35.2261747,-80.8476969,{'leisure': 'garden'},,,garden,,,,,,way/909453129
3,way,909453130,,35.2262632,-80.8477994,{'leisure': 'garden'},,,garden,,,,,,way/909453130
3,way,909453131,,35.2263315,-80.8478784,{'leisure': 'garden'},,,garden,,,,,,way/909453131
3,way,909453132,,35.226397,-80.8479531,{'leisure': 'garden'},,,garden,,,,,,way/909453132
3,way,909453133,,35.2265154,-80.8480857,{'leisure': 'garden'},,,garden,,,,,,way/909453133
3,way,909453137,,35.2275975,-80.8476477,{'leisure': 'garden'},,,garden,,,,,,way/909453137
3,way,909453138,,35.2267603,-80.8466966,{'leisure': 'garden'},,,garden,,,,,,way/909453138
3,way,909468311,,35.2238752,-80.8466705,{'leisure': 'garden'},,,garden,,,,,,way/909468311
3,way,909468312,,35.2237846,-80.8465601,{'leisure': 'garden'},,,garden,,,,,,way/909468312
3,way,909468313,,35.2236499,-80.846718,{'leisure': 'garden'},,,garden,,,,,,way/909468313
3,way,909468314,,35.2237883,-80.8468423,{'leisure': 'garden'},,,garden,,,,,,way/909468314
3,way,909468321,,35.2241032,-80.8468594,{'leisure': 'garden'},,,garden,,,,,,way/909468321
3,way,909468323,,35.2239292,-80.8469593,{'leisure': 'garden'},,,garden,,,,,,way/909468323
3,way,909468324,,35.2234749,-80.8464445,{'leisure': 'garden'},,,garden,,,,,,way/909468324
3,way,909468325,,35.2235954,-80.8463039,{'leisure': 'garden'},,,garden,,,,,,way/909468325
3,way,909468328,,35.2234443,-80.8465083,{'leisure': 'garden'},,,garden,,,,,,way/909468328
3,way,909468329,,35.2235605,-80.8467184,{'leisure': 'garden'},,,garden,,,,,,way/909468329
3,way,909468331,,35.2240241,-80.8471309,{'leisure': 'garden'},,,garden,,,,,,way/909468331
3,way,984713025,,35.2255296,-80.8404484,"{'garden:type': 'landscaping', 'leisure': 'garden'}",,,garden,,,,,,way/984713025
3,way,984713030,,35.2259044,-80.8400663,"{'garden:type': 'landscaping', 'leisure': 'garden'}",,,garden,,,,,,way/984713030
3,way,985188320,,35.2272567,-80.8426745,"{'garden:type': 'flowerbed', 'leisure': 'garden'}",,,garden,,,,,,way/985188320
3,way,1176275045,,35.2262076,-80.842674,"{'access': 'customers', 'leisure': 'swimming_pool', 'location': 'roof'}",,,swimming_pool,,,,,,way/1176275045
3,way,1235640067,,35.2265187,-80.8430293,{'leisure': 'outdoor_seating'},,,outdoor_seating,,,,,,way/1235640067
3,way,1252702316,,35.2202191,-80.8415358,"{'leisure': 'pitch', 'lit': 'no', 'sport': 'basketball', 'surface': 'acrylic'}",,,pitch,,,,,,way/1252702316
3,way,1313514295,,35.2222554,-80.8390757,"{'garden:type': 'landscaping', 'leisure': 'garden'}",,,garden,,,,,,way/1313514295
3,way,1313514296,,35.2223243,-80.838972,"{'garden:type': 'landscaping', 'leisure': 'garden'}",,,garden,,,,,,way/1313514296
3,way,1313514297,,35.2223924,-80.8388682,"{'garden:type': 'landscaping', 'leisure': 'garden'}",,,garden,,,,,,way/1313514297
3,way,1313514298,,35.2224616,-80.8387645,"{'garden:type': 'landscaping', 'leisure': 'garden'}",,,garden,,,,,,way/1313514298
3,way,1313514299,,35.2225306,-80.8386622,"{'garden:type': 'landscaping', 'leisure': 'garden'}",,,garden,,,,,,way/1313514299
3,way,1313514300,,35.2226072,-80.8385617,"{'garden:type': 'landscaping', 'leisure': 'garden'}",,,garden,,,,,,way/1313514300
3,way,1327103459,,35.2260785,-80.845855,"{'garden:type': 'landscaping', 'leisure': 'garden'}",,,garden,,,,,,way/1327103459
3,way,1327103460,,35.2258886,-80.8457705,"{'garden:type': 'landscaping', 'leisure': 'garden'}",,,garden,,,,,,way/1327103460
3,way,1327103469,,35.2259491,-80.8457618,{'leisure': 'outdoor_seating'},,,outdoor_seating,,,,,,way/1327103469
3,way,1327103470,,35.2262351,-80.8461318,{'leisure': 'outdoor_seating'},,,outdoor_seating,,,,,,way/1327103470
3,way,1332536453,,35.2238039,-80.8477851,"{'garden:type': 'landscaping', 'leisure': 'garden'}",,,garden,,,,,,way/1332536453
3,way,1332536455,,35.2236241,-80.8480551,"{'garden:type': 'landscaping', 'leisure': 'garden'}",,,garden,,,,,,way/1332536455
3,way,1332536457,,35.2235218,-80.8481671,"{'garden:type': 'landscaping', 'leisure': 'garden'}",,,garden,,,,,,way/1332536457
3,way,1352473422,,35.2218753,-80.8435416,{'leisure': 'outdoor_seating'},,,outdoor_seating,,,,,,way/1352473422
3,way,1352473423,,35.2204515,-80.8446295,{'leisure': 'outdoor_seating'},,,outdoor_seating,,,,,,way/1352473423
3,way,1441928369,,35.2275746,-80.8432742,"{'garden:type': 'landscaping', 'leisure': 'garden'}",,,garden,,,,,,way/1441928369
3,way,1441928370,,35.2276388,-80.843278,"{'garden:type': 'landscaping', 'leisure': 'garden'}",,,garden,,,,,,way/1441928370
3,way,1441928371,,35.2276539,-80.8431655,"{'garden:type': 'landscaping', 'leisure': 'garden'}",,,garden,,,,,,way/1441928371
3,way,1441928372,,35.2275664,-80.8431745,"{'garden:type': 'landscaping', 'leisure': 'garden'}",,,garden,,,,,,way/1441928372
3,way,1441928373,,35.2274988,-80.8431765,"{'garden:type': 'landscaping', 'leisure': 'garden'}",,,garden,,,,,,way/1441928373
3,relation,6054694,Romare Bearden Park,35.2268622,-80.847643,"{'addr:city': 'Charlotte', 'addr:housenumber': '300', 'addr:postcode': '28202', 'addr:state': 'NC', 'addr:street': 'South Church Street', 'leisure': 'park', 'name': 'Romare Bearden Park', 'ownership': 'county', 'type': 'multipolygon', 'website': 'https://www.mecknc.gov/parkandrec/parks/parksbyregion/centralregion/pages/romare-bearden-park.aspx', 'wikidata': 'Q14708162', 'wikipedia': 'en:Romare Bearden Park'}",,,park,,,,,,relation/6054694
3,relation,12346574,,35.2274697,-80.8476481,"{'leisure': 'garden', 'type': 'multipolygon'}",,,garden,,,,,,relation/12346574
3,node,1848893643,Aloft Charlotte Uptown at the EpiCentre,35.2254742,-80.8426764,"{'brand': 'Aloft', 'brand:wikidata': 'Q4734166', 'name': 'Aloft Charlotte Uptown at the EpiCentre', 'tourism': 'hotel'}",,,,hotel,,,,,node/1848893643
3,node,2503984448,Visitor Information Center,35.2248795,-80.8460352,"{'information': 'office', 'name': 'Visitor Information Center', 'tourism': 'information'}",,,,information,,,,,node/2503984448
3,node,5016558822,Firebird,35.2243618,-80.8474951,"{'artist_name': 'Niki de Saint Phalle', 'artwork_type': 'sculpture', 'material': 'metal', 'name': 'Firebird', 'start_date': '2009', 'tourism': 'artwork'}",,,,artwork,,,,,node/5016558822
3,node,5016558837,Queen Charlotte Walks in Her Garden,35.227096,-80.840571,"{'artist_name': 'Bailey Graham Weathers, Jr.', 'artwork_type': 'statue', 'material': 'bronze', 'name': 'Queen Charlotte Walks in Her Garden', 'source': 'https://www.ncpedia.org/monument/queen-charlotte-walks-her', 'start_date': '1989-01-26', 'tourism': 'artwork'}",,,,artwork,,,,,node/5016558837
3,node,5016558838,Spiral Odyssey,35.2264028,-80.8477692,"{'artist_name': 'Richard Hunt', 'artwork_type': 'sculpture', 'material': 'stainless_steel', 'name': 'Spiral Odyssey', 'tourism': 'artwork'}",,,,artwork,,,,,node/5016558838
3,node,7986487900,Transportation,35.2272131,-80.8432503,"{'artist_name': 'Raymond Kaskey', 'artwork_type': 'statue', 'material': 'bronze', 'name': 'Transportation', 'source': 'https://www.ncpedia.org/monument/sculptures-square', 'start_date': '1995-11-27', 'tourism': 'artwork'}",,,,artwork,,,,,node/7986487900
3,node,8415199020,The Future,35.2271919,-80.8429205,"{'artist_name': 'Raymond Kaskey', 'artwork_type': 'statue', 'material': 'bronze', 'name': 'The Future', 'source': 'https://www.ncpedia.org/monument/sculptures-square', 'start_date': '1995-11-27', 'tourism': 'artwork'}",,,,artwork,,,,,node/8415199020
3,node,8415199021,Commerce,35.2273367,-80.8430687,"{'artist_name': 'Raymond Kaskey', 'artwork_type': 'statue', 'material': 'bronze', 'name': 'Commerce', 'source': 'https://www.ncpedia.org/monument/sculptures-square', 'start_date': '1995-11-27', 'tourism': 'artwork'}",,,,artwork,,,,,node/8415199021
3,node,8415199022,Industry,35.2270868,-80.8430894,"{'artist_name': 'Raymond Kaskey', 'artwork_type': 'statue', 'material': 'bronze', 'name': 'Industry', 'source': 'https://www.ncpedia.org/monument/sculptures-square', 'start_date': '1995-11-27', 'tourism': 'artwork'}",,,,artwork,,,,,node/8415199022
3,node,8415199023,Il Grande Disco,35.2268965,-80.8431653,"{'artist_name': 'Arnaldo Pomodoro', 'artwork_type': 'sculpture', 'material': 'metal', 'name': 'Il Grande Disco', 'source': 'http://mintmuseums.org/art/collections/item/ii-grande-disco/', 'start_date': '1974-10-02', 'tourism': 'artwork'}",,,,artwork,,,,,node/8415199023
3,node,9099545840,Bank of America Heritage Center,35.2268915,-80.8420148,"{'level': '0', 'museum': 'history', 'name': 'Bank of America Heritage Center', 'tourism': 'museum'}",,,,museum,,,,,node/9099545840
3,node,9111862564,Residence Inn Charlotte City Center,35.2251987,-80.8414272,"{'addr:city': 'Charlotte', 'addr:housenumber': '220', 'addr:postcode': '28202', 'addr:state': 'NC', 'addr:street': 'East Trade Street', 'brand': 'Residence Inn', 'brand:wikidata': 'Q7315394', 'name': 'Residence Inn Charlotte City Center', 'official_name': 'Residence Inn by Marriott', 'tourism': 'hotel'}",,,,hotel,,,,,node/9111862564
3,node,9111862565,AC Hotel by Marriott Charlotte City Center,35.2253154,-80.8414502,"{'brand': 'AC Hotel', 'brand:wikidata': 'Q5653536', 'name': 'AC Hotel by Marriott Charlotte City Center', 'tourism': 'hotel'}",,,,hotel,,,,,node/9111862565
3,node,9634125371,Kimpton Tryon Park Hotel,35.2262379,-80.8465493,"{'addr:city': 'Charlotte', 'addr:housenumber': '303', 'addr:postcode': '28202', 'addr:state': 'NC', 'addr:street': 'South Church Street', 'brand': 'Kimpton', 'brand:wikidata': 'Q6410248', 'name': 'Kimpton Tryon Park Hotel', 'tourism': 'hotel', 'wikidata': 'Q111394604'}",,,,hotel,,,,,node/9634125371
3,node,10968050748,,35.223827,-80.8476613,"{'artwork_type': 'sculpture', 'tourism': 'artwork'}",,,,artwork,,,,,node/10968050748
3,node,11083083004,,35.22352,-80.8462353,"{'artwork_type': 'sculpture', 'tourism': 'artwork'}",,,,artwork,,,,,node/11083083004
3,node,11083145810,,35.2234226,-80.8463744,"{'artwork_type': 'sculpture', 'tourism': 'artwork'}",,,,artwork,,,,,node/11083145810
3,node,11083145811,,35.2242878,-80.847069,"{'artwork_type': 'sculpture', 'material': 'brick', 'tourism': 'artwork'}",,,,artwork,,,,,node/11083145811
3,node,12327899281,,35.2237529,-80.8475722,"{'artwork_type': 'sculpture', 'tourism': 'artwork'}",,,,artwork,,,,,node/12327899281
3,node,12945631873,,35.2272389,-80.8436164,"{'artwork_type': 'sculpture', 'tourism': 'artwork'}",,,,artwork,,,,,node/12945631873
3,node,13231416222,,35.226531,-80.844289,"{'information': 'guidepost', 'tourism': 'information'}",,,,information,,,,,node/13231416222
3,way,120628262,Hyatt Place Charlotte Downtown,35.222597,-80.841087,"{'addr:city': 'Charlotte', 'addr:housenumber': '222', 'addr:postcode': '28202', 'addr:state': 'NC', 'addr:street': 'South Caldwell Street', 'branch': 'Charlotte Downtown', 'brand': 'Hyatt Place', 'brand:wikidata': 'Q72629292', 'building': 'yes', 'building:levels': '17', 'height': '103', 'name': 'Hyatt Place Charlotte Downtown', 'phone': '+1 704-227-0500', 'tourism': 'hotel', 'website': 'https://www.hyatt.com/en-us/hotel/north-carolina/hyatt-place-charlotte-downtown/cltzu'}",,,,hotel,,,,,way/120628262
3,way,131139722,Harvey B. Gantt Center for African American Arts & Culture,35.2231064,-80.8479206,"{'addr:city': 'Charlotte', 'addr:housenumber': '551', 'addr:postcode': '28202', 'addr:state': 'NC', 'addr:street': 'South Tryon Street', 'building': 'yes', 'email': 'gsa@ganttcenter.org', 'height': '29', 'museum': 'art', 'name': 'Harvey B. Gantt Center for African American Arts & Culture', 'phone': '+1 704 547 3700', 'tourism': 'museum', 'website': 'https://www.ganttcenter.org/', 'wikidata': 'Q16983412'}",,,,museum,,,,,way/131139722
3,way,131139728,Bechtler Museum Of Modern Art,35.2245865,-80.8474035,"{'addr:city': 'Charlotte', 'addr:housenumber': '420', 'addr:postcode': '28202', 'addr:state': 'NC', 'addr:street': 'South Tryon Street', 'building': 'yes', 'height': '30', 'name': 'Bechtler Museum Of Modern Art', 'phone': '+1-704-353-9200', 'tourism': 'museum', 'website': 'https://www.bechtler.org/', 'wikidata': 'Q4878575', 'wikipedia': 'en:Bechtler Museum of Modern Art'}",,,,museum,,,,,way/131139728
3,way,322278731,NASCAR Hall of Fame,35.2210348,-80.8441204,"{'addr:city': 'Charlotte', 'addr:housenumber': '400', 'addr:postcode': '28202', 'addr:state': 'NC', 'addr:street': 'East Martin Luther King Jr Boulevard', 'building': 'yes', 'check_date:opening_hours': '2023-02-17', 'fee': 'yes', 'height': '60', 'name': 'NASCAR Hall of Fame', 'opening_hours': 'Mo-Su 10:00-17:00; Tu off', 'source': 'Bing', 'toilets:wheelchair': 'yes', 'tourism': 'museum', 'website': 'https://www.nascarhall.com/', 'wheelchair': 'yes', 'wikidata': 'Q1443089'}",,,,museum,,,,,way/322278731
3,way,380092604,"The Ritz-Carlton, Charlotte",35.2261491,-80.8414748,"{'addr:city': 'Charlotte', 'addr:housenumber': '201', 'addr:postcode': '28202', 'addr:state': 'NC', 'addr:street': 'East Trade Street', 'brand': 'The Ritz-Carlton', 'brand:wikidata': 'Q782200', 'building': 'yes', 'height': '80', 'name': 'The Ritz-Carlton, Charlotte', 'tourism': 'hotel', 'wikidata': 'Q111394609'}",,,,hotel,,,,,way/380092604
3,way,380092605,Hilton Charlotte Uptown,35.2239118,-80.8437606,"{'addr:city': 'Charlotte', 'addr:housenumber': '222', 'addr:postcode': '28202', 'addr:state': 'NC', 'addr:street': 'East 3rd Street', 'brand': 'Hilton', 'brand:wikidata': 'Q598884', 'building': 'yes', 'building:levels': '10', 'height': '83', 'internet_access': 'yes', 'layer': '1', 'name': 'Hilton Charlotte Uptown', 'phone': '+1-704-377-1500', 'tourism': 'hotel', 'website': 'https://charlotteuptown.hilton.com', 'wikidata': 'Q111394608'}",,,,hotel,,,,,way/380092605
3,way,397369787,Charlotte Marriott City Center,35.2280258,-80.8435409,"{'addr:city': 'Charlotte', 'addr:housenumber': '100', 'addr:postcode': '28202', 'addr:state': 'NC', 'addr:street': 'West Trade Street', 'building': 'yes', 'name': 'Charlotte Marriott City Center', 'tourism': 'hotel', 'wikidata': 'Q111394605'}",,,,hotel,,,,,way/397369787
3,way,397372377,The Westin Charlotte,35.2217519,-80.8472572,"{'addr:city': 'Charlotte', 'addr:housenumber': '601', 'addr:postcode': '28202', 'addr:state': 'NC', 'addr:street': 'South College Street', 'brand': 'Westin', 'brand:wikidata': 'Q1969162', 'building': 'yes', 'height': '94', 'internet_access': 'wlan', 'level': '1', 'name': 'The Westin Charlotte', 'operator': 'The Westin Hotels', 'phone': '+1-704-375-2600', 'rooms': '700', 'smoking': 'no', 'tourism': 'hotel', 'website': 'https://www.marriott.com/en-us/hotels/cltcw-the-westin-charlotte/', 'wikidata': 'Q7988920'}",,,,hotel,,,,,way/397372377
3,way,484755656,SpringHill Suites Charlotte Uptown,35.2264003,-80.8392279,"{'addr:city': 'Charlotte', 'addr:housenumber': '311', 'addr:postcode': '28202', 'addr:state': 'NC', 'addr:street': 'East 5th Street', 'branch': 'Charlotte City Center', 'brand': 'SpringHill Suites', 'brand:wikidata': 'Q7580351', 'building': 'yes', 'height': '48', 'internet_access': 'yes', 'name': 'SpringHill Suites Charlotte Uptown', 'official_name': 'SpringHill Suites by Marriott', 'operator': 'Marriot', 'phone': '+1 704-439-8100', 'ref': 'CLTSD', 'rooms': '195', 'smoking': 'no', 'tourism': 'hotel', 'website': 'https://www.marriott.com/cltsd'}",,,,hotel,,,,,way/484755656
3,way,500204487,Omni Charlotte Hotel,35.2262153,-80.842852,"{'addr:city': 'Charlotte', 'addr:housenumber': '132', 'addr:postcode': '28202', 'addr:state': 'NC', 'addr:street': 'East Trade Street', 'brand:wikidata': 'Q7090329', 'building': 'yes', 'height': '28', 'internet_access': 'yes', 'name': 'Omni Charlotte Hotel', 'operator': 'Omni Hotels & Resorts', 'phone': '+1-704-377-0400', 'tourism': 'hotel', 'website': 'https://www.omnihotels.com/hotels/charlotte'}",,,,hotel,,,,,way/500204487
3,way,500727932,Embassy Suites by Hilton Charlotte Uptown,35.2219781,-80.8425865,"{'addr:city': 'Charlotte', 'addr:housenumber': '401', 'addr:postcode': '28202', 'addr:state': 'NC', 'addr:street': 'East Martin Luther King Jr Boulevard', 'branch': 'Charlotte Uptown', 'brand': 'Embassy Suites', 'brand:wikidata': 'Q5369524', 'building': 'yes', 'building:levels': '9', 'height': '13', 'name': 'Embassy Suites by Hilton Charlotte Uptown', 'official_name': 'Embassy Suites by Hilton', 'ref': 'CLTMLES', 'tourism': 'hotel', 'website': 'https://www.hilton.com/en/hotels/cltmles-embassy-suites-charlotte-uptown/'}",,,,hotel,,,,,way/500727932
3,way,500736208,Hyatt House Charlotte/Center City,35.2241877,-80.8390722,"{'addr:city': 'Charlotte', 'addr:housenumber': '435', 'addr:postcode': '28202', 'addr:state': 'NC', 'addr:street': 'East Trade Street', 'branch': 'Charlotte/Center City', 'brand': 'Hyatt House', 'brand:wikidata': 'Q109292191', 'building': 'apartments', 'building:levels': '16', 'height': '17', 'name': 'Hyatt House Charlotte/Center City', 'operator': 'Hyatt', 'phone': '+1 704-373-9700', 'tourism': 'hotel', 'website': 'https://www.hyatt.com/hyatt-house/en-us/cltxd-hyatt-house-charlotte-center-city'}",,,,hotel,,,,,way/500736208
3,way,500736212,Holiday Inn Center City,35.2273392,-80.8401602,"{'brand': 'Holiday Inn', 'brand:wikidata': 'Q2717882', 'building': 'yes', 'height': '60', 'name': 'Holiday Inn Center City', 'tourism': 'hotel', 'wikidata': 'Q111394610'}",,,,hotel,,,,,way/500736212
3,way,695677597,Hilton Garden Inn Charlotte Uptown,35.2206667,-80.8429395,"{'addr:city': 'Charlotte', 'addr:housenumber': '508', 'addr:postcode': '28202', 'addr:state': 'NC', 'addr:street': 'East Martin Luther King Jr Boulevard', 'branch': 'Charlotte Uptown', 'brand': 'Hilton Garden Inn', 'brand:wikidata': 'Q1162859', 'building': 'yes', 'building:levels': '15', 'internet_access': 'wlan', 'name': 'Hilton Garden Inn Charlotte Uptown', 'operator': 'Hilton', 'phone': '+1 704-347-5972', 'ref': 'CLTUPGI', 'tourism': 'hotel', 'website': 'https://hiltongardeninn3.hilton.com/en/hotels/north-carolina/hilton-garden-inn-charlotte-uptown-CLTUPGI/'}",,,,hotel,,,,,way/695677597
3,way,695677600,Hampton Inn Charlotte-Uptown,35.2201212,-80.8424078,"{'addr:city': 'Charlotte', 'addr:housenumber': '530', 'addr:postcode': '28202', 'addr:state': 'NC', 'addr:street': 'East Martin Luther King Jr Boulevard', 'alt_name': 'Hampton Inn', 'branch': 'Charlotte-Uptown', 'brand': 'Hampton', 'brand:wikidata': 'Q5646230', 'building': 'yes', 'building:levels': '10', 'name': 'Hampton Inn Charlotte-Uptown', 'note': 'Levels approximated', 'official_name': 'Hampton by Hilton', 'phone': '+1 704-373-0917', 'ref': 'CLTUTHX', 'tourism': 'hotel', 'website': 'https://hamptoninn3.hilton.com/en/hotels/north-carolina/hampton-inn-charlotte-uptown-CLTUTHX/'}",,,,hotel,,,,,way/695677600
3,way,695751577,Home2 Suites by Hilton,35.2202544,-80.8454478,"{'brand': 'Home2 Suites', 'brand:wikidata': 'Q5887912', 'building': 'yes', 'building:levels': '9', 'height': '40', 'name': 'Home2 Suites by Hilton', 'official_name': 'Home2 Suites by Hilton', 'tourism': 'hotel'}",,,,hotel,,,,,way/695751577
3,way,948973303,Courtyard Charlotte City Center,35.2255941,-80.8446822,"{'addr:city': 'Charlotte', 'addr:housenumber': '237', 'addr:postcode': '28202', 'addr:state': 'NC', 'addr:street': 'South Tryon Street', 'branch': 'Charlotte City Center', 'brand': 'Courtyard', 'brand:wikidata': 'Q1053170', 'building:part': 'yes', 'name': 'Courtyard Charlotte City Center', 'official_name': 'Courtyard by Marriott', 'phone': '+1 704-926-5800', 'ref': 'CLTUP', 'source': 'GPS', 'tourism': 'hotel', 'website': 'https://www.marriott.com/cltup'}",,,,hotel,,,,,way/948973303
3,way,984713014,,35.225251,-80.8405025,"{'area': 'yes', 'artist_name': 'Andrew Leicester', 'artwork_type': 'installation', 'height': '15', 'tourism': 'artwork'}",,,,artwork,,,,,way/984713014
3,way,984713015,,35.225304,-80.8405649,"{'area': 'yes', 'artist_name': 'Andrew Leicester', 'artwork_type': 'installation', 'height': '15', 'tourism': 'artwork'}",,,,artwork,,,,,way/984713015
3,way,984713016,,35.2251962,-80.84044,"{'area': 'yes', 'artist_name': 'Andrew Leicester', 'artwork_type': 'installation', 'height': '15', 'tourism': 'artwork'}",,,,artwork,,,,,way/984713016
3,way,984713017,,35.2251438,-80.840378,"{'area': 'yes', 'artist_name': 'Andrew Leicester', 'artwork_type': 'installation', 'height': '15', 'tourism': 'artwork'}",,,,artwork,,,,,way/984713017
3,way,1046738979,JW Marriott Charlotte,35.2226486,-80.8479942,"{'addr:city': 'Charlotte', 'addr:housenumber': '600', 'addr:postcode': '28202', 'addr:state': 'NC', 'addr:street': 'South College Street', 'brand': 'JW Marriott', 'brand:wikidata': 'Q1067636', 'building': 'yes', 'height': '80', 'name': 'JW Marriott Charlotte', 'rooms': '381', 'tourism': 'hotel', 'website': 'https://www.marriott.com/en-us/hotels/cltjw-jw-marriott-charlotte/overview/'}",,,,hotel,,,,,way/1046738979
3,way,1189773827,Element,35.2199872,-80.8459194,"{'brand': 'Element', 'brand:wikidata': 'Q91948072', 'building': 'yes', 'height': '33', 'name': 'Element', 'tourism': 'hotel'}",,,,hotel,,,,,way/1189773827
3,way,1193932898,,35.2252519,-80.848045,"{'artwork_type': 'mural', 'tourism': 'artwork'}",,,,artwork,,,,,way/1193932898
3,way,1194649369,,35.2255548,-80.8442102,"{'artwork_type': 'mural', 'level': '1', 'tourism': 'artwork'}",,,,artwork,,,,,way/1194649369
3,way,1194649370,,35.2255093,-80.8442793,"{'artwork_type': 'mural', 'tourism': 'artwork'}",,,,artwork,,,,,way/1194649370
3,way,1194649371,,35.2254795,-80.8443247,"{'artwork_type': 'mural', 'tourism': 'artwork'}",,,,artwork,,,,,way/1194649371
3,way,1194649372,,35.225732,-80.843941,"{'artwork_type': 'mural', 'tourism': 'artwork'}",,,,artwork,,,,,way/1194649372
3,way,1194649373,,35.2256575,-80.8440542,"{'artwork_type': 'mural', 'tourism': 'artwork'}",,,,artwork,,,,,way/1194649373
3,way,1194649374,,35.2257858,-80.8438903,"{'artwork_type': 'mural', 'layer': '1', 'tourism': 'artwork'}",,,,artwork,,,,,way/1194649374
3,way,1194649375,,35.2256078,-80.8441297,"{'artwork_type': 'mural', 'tourism': 'artwork'}",,,,artwork,,,,,way/1194649375
3,way,1194649376,,35.2253038,-80.8445942,"{'artwork_type': 'mural', 'tourism': 'artwork'}",,,,artwork,,,,,way/1194649376
3,way,1194649377,,35.2256395,-80.8440816,"{'artwork_type': 'mural', 'tourism': 'artwork'}",,,,artwork,,,,,way/1194649377
3,way,1194649378,,35.2256782,-80.8440227,"{'artwork_type': 'mural', 'tourism': 'artwork'}",,,,artwork,,,,,way/1194649378
3,way,1194649379,,35.225812,-80.8438206,"{'artwork_type': 'mural', 'tourism': 'artwork'}",,,,artwork,,,,,way/1194649379
3,way,1194649380,,35.2253724,-80.8444875,"{'artwork_type': 'mural', 'level': '1', 'tourism': 'artwork'}",,,,artwork,,,,,way/1194649380
3,way,1194649381,,35.2258639,-80.843744,"{'artwork_type': 'mural', 'tourism': 'artwork'}",,,,artwork,,,,,way/1194649381
3,way,1194649382,,35.2254338,-80.8443942,"{'artwork_type': 'mural', 'tourism': 'artwork'}",,,,artwork,,,,,way/1194649382
3,way,1194649383,,35.2257726,-80.8438794,"{'artwork_type': 'mural', 'tourism': 'artwork'}",,,,artwork,,,,,way/1194649383
3,way,1194649384,,35.2257003,-80.8439892,"{'artwork_type': 'mural', 'tourism': 'artwork'}",,,,artwork,,,,,way/1194649384
3,way,1194649385,,35.225877,-80.8436779,"{'artwork_type': 'mural', 'tourism': 'artwork'}",,,,artwork,,,,,way/1194649385
3,way,1194649386,,35.2255548,-80.8442102,"{'artwork_type': 'mural', 'tourism': 'artwork'}",,,,artwork,,,,,way/1194649386
3,way,1194649387,,35.2253724,-80.8444875,"{'artwork_type': 'mural', 'tourism': 'artwork'}",,,,artwork,,,,,way/1194649387
3,way,1194649388,,35.2254338,-80.8443942,"{'artwork_type': 'mural', 'level': '1', 'tourism': 'artwork'}",,,,artwork,,,,,way/1194649388
3,way,1194649389,,35.2252372,-80.8446255,"{'artwork_type': 'mural', 'tourism': 'artwork'}",,,,artwork,,,,,way/1194649389
3,way,1194653330,,35.2253631,-80.8445686,"{'artwork_type': 'mural', 'tourism': 'artwork'}",,,,artwork,,,,,way/1194653330
3,way,1194653331,,35.2255768,-80.844301,"{'artwork_type': 'mural', 'tourism': 'artwork'}",,,,artwork,,,,,way/1194653331
3,way,1194653332,,35.225524,-80.8443843,"{'artwork_type': 'mural', 'tourism': 'artwork'}",,,,artwork,,,,,way/1194653332
3,way,1194653333,,35.225411,-80.8444999,"{'artwork_type': 'mural', 'tourism': 'artwork'}",,,,artwork,,,,,way/1194653333
3,way,1194653334,,35.2258276,-80.8438759,"{'artwork_type': 'mural', 'tourism': 'artwork'}",,,,artwork,,,,,way/1194653334
3,way,1194653335,,35.225599,-80.8442363,"{'artwork_type': 'mural', 'tourism': 'artwork'}",,,,artwork,,,,,way/1194653335
3,way,1194653336,,35.2254664,-80.8444206,"{'artwork_type': 'mural', 'tourism': 'artwork'}",,,,artwork,,,,,way/1194653336
3,way,1194653337,,35.2258449,-80.8438351,"{'artwork_type': 'mural', 'tourism': 'artwork'}",,,,artwork,,,,,way/1194653337
3,way,1194653338,,35.2253042,-80.844654,"{'artwork_type': 'mural', 'tourism': 'artwork'}",,,,artwork,,,,,way/1194653338
3,way,1194653339,,35.2255863,-80.844277,"{'artwork_type': 'mural', 'tourism': 'artwork'}",,,,artwork,,,,,way/1194653339
3,way,1194653340,,35.2255276,-80.844333,"{'artwork_type': 'mural', 'tourism': 'artwork'}",,,,artwork,,,,,way/1194653340
3,way,1194653341,,35.225748,-80.8440188,"{'artwork_type': 'mural', 'tourism': 'artwork'}",,,,artwork,,,,,way/1194653341
3,way,1194653342,,35.2257817,-80.8439264,"{'artwork_type': 'mural', 'tourism': 'artwork'}",,,,artwork,,,,,way/1194653342
3,way,1194654322,,35.2255756,-80.8442886,"{'area': 'yes', 'artwork_type': 'mural', 'tourism': 'artwork'}",,,,artwork,,,,,way/1194654322
3,way,1260440998,,35.2260972,-80.8432765,"{'artwork_type': 'mural', 'tourism': 'artwork'}",,,,artwork,,,,,way/1260440998
3,way,1282141772,,35.2279598,-80.8473653,"{'artwork_type': 'mural', 'tourism': 'artwork'}",,,,artwork,,,,,way/1282141772
3,way,1282141773,,35.2277659,-80.8473424,"{'artwork_type': 'mural', 'tourism': 'artwork'}",,,,artwork,,,,,way/1282141773
3,way,1283806832,,35.2256579,-80.8431831,"{'artwork_type': 'mural', 'tourism': 'artwork'}",,,,artwork,,,,,way/1283806832
3,way,1283806833,,35.2258923,-80.8434428,"{'artwork_type': 'mural', 'tourism': 'artwork'}",,,,artwork,,,,,way/1283806833
3,way,1283806834,,35.2258029,-80.8433424,"{'artwork_type': 'mural', 'tourism': 'artwork'}",,,,artwork,,,,,way/1283806834
3,way,1357873636,,35.2260019,-80.843405,"{'artwork_type': 'mural', 'tourism': 'artwork'}",,,,artwork,,,,,way/1357873636
3,relation,13234458,Flying Shuttles,35.2252239,-80.8404714,"{'artist_name': 'Andrew Leicester', 'artwork_type': 'installation', 'name': 'Flying Shuttles', 'tourism': 'artwork', 'type': 'multipolygon'}",,,,artwork,,,,,relation/13234458
3,node,2699632103,Packard Place,35.2268461,-80.8462211,"{'addr:city': 'Charlotte', 'addr:country': 'US', 'addr:housenumber': '222', 'addr:postcode': '28202', 'addr:state': 'NC', 'addr:street': 'South Church Street', 'check_date': '2019-05-03', 'name': 'Packard Place', 'office': 'coworking', 'phone': '+1 877 321 2251', 'website': 'https://www.parkerweb.com/'}",,,,,coworking,,,,node/2699632103
3,node,10713259748,Grow Mortgage,35.2261868,-80.844187,"{'addr:unit': '1450', 'contact:email': 'Hello@growmortgage.com', 'contact:facebook': 'https://www.facebook.com/russell.petty.16', 'contact:instagram': 'https://www.instagram.com/mortgagesbyruss', 'contact:linkedin': 'https://www.linkedin.com/in/russellpettyjr', 'name': 'Grow Mortgage', 'office': 'mortgage', 'opening_hours': 'Mo-Su 07:30-23:00', 'phone': '+1-980-318-8708', 'website': 'https://growmtg.com'}",,,,,mortgage,,,,node/10713259748
3,node,11697919231,Winston & Strawn LLP,35.2256203,-80.8457786,"{'addr:floor': '16', 'addr:housenumber': '300', 'addr:street': 'South Tryon Street', 'name': 'Winston & Strawn LLP', 'office': 'lawyer', 'website': 'https://www.winston.com/en/locations/charlotte'}",,,,,lawyer,,,,node/11697919231
3,way,380092606,301 South College,35.2239236,-80.8447362,"{'addr:housenumber': '301', 'addr:street': 'South College Street', 'building': 'yes', 'height': '192', 'name': '301 South College', 'office': 'company', 'wikidata': 'Q3352669'}",,,,,company,,,,way/380092606
3,way,713125795,Regions 615,35.2215063,-80.8481096,"{'addr:city': 'Charlotte', 'addr:housenumber': '615', 'addr:postcode': '28202', 'addr:state': 'NC', 'addr:street': 'South College Street', 'air_conditioning': 'yes', 'building': 'yes', 'building:levels': '19', 'height': '91', 'layer': '1', 'name': 'Regions 615', 'office': 'company', 'operator': 'CBRE Global Investors', 'website': 'https://en.wikipedia.org/wiki/Regions_615', 'wikidata': 'Q29791440'}",,,,,company,,,,way/713125795
3,node,4001611003,,35.2273103,-80.8432978,"{'bench': 'yes', 'bus': 'yes', 'covered': 'yes', 'highway': 'bus_stop', 'public_transport': 'platform', 'shelter': 'yes'}",,,,,,platform,,,node/4001611003
3,node,4069129776,CTC/Arena,35.2248206,-80.8402422,"{'name': 'CTC/Arena', 'network': 'CityLynx', 'operator': 'Charlotte Area Transit System', 'public_transport': 'stop_position', 'railway': 'tram_stop', 'tram': 'yes'}",,,,,,stop_position,,,node/4069129776
3,node,6300257874,CTC/Arena,35.2243621,-80.8397846,"{'name': 'CTC/Arena', 'network': 'CityLynx', 'operator': 'Charlotte Area Transit System', 'public_transport': 'stop_position', 'railway': 'tram_stop', 'tram': 'yes'}",,,,,,stop_position,,,node/6300257874
3,node,8419403080,CTC/Arena,35.2251898,-80.8410866,"{'light_rail': 'yes', 'name': 'CTC/Arena', 'network': 'LYNX', 'operator': 'CATS', 'public_transport': 'stop_position', 'railway': 'stop'}",,,,,,stop_position,,,node/8419403080
3,node,8419403081,CTC/Arena,35.2254555,-80.8406916,"{'light_rail': 'yes', 'name': 'CTC/Arena', 'network': 'LYNX', 'operator': 'CATS', 'public_transport': 'stop_position', 'railway': 'stop'}",,,,,,stop_position,,,node/8419403081
3,node,8419403082,3rd Street/Convention Center,35.2236591,-80.8431931,"{'light_rail': 'yes', 'name': '3rd Street/Convention Center', 'network': 'LYNX', 'operator': 'CATS', 'public_transport': 'stop_position', 'railway': 'stop'}",,,,,,stop_position,,,node/8419403082
3,node,8419403083,3rd Street/Convention Center,35.2238478,-80.8428621,"{'light_rail': 'yes', 'name': '3rd Street/Convention Center', 'network': 'LYNX', 'operator': 'CATS', 'public_transport': 'stop_position', 'railway': 'stop'}",,,,,,stop_position,,,node/8419403083
3,node,9108307132,Tryon Street,35.2274841,-80.8433299,"{'check_date': '2022-10-21', 'name': 'Tryon Street', 'network': 'CityLynx', 'operator': 'Charlotte Area Transit System', 'public_transport': 'stop_position', 'railway': 'tram_stop', 'start_date': '2021-08-30', 'tram': 'yes'}",,,,,,stop_position,,,node/9108307132
3,node,9108307133,Tryon Street,35.227382,-80.8433708,"{'check_date': '2022-10-21', 'name': 'Tryon Street', 'network': 'CityLynx', 'operator': 'Charlotte Area Transit System', 'public_transport': 'stop_position', 'railway': 'tram_stop', 'start_date': '2021-08-30', 'tram': 'yes'}",,,,,,stop_position,,,node/9108307133
3,node,9215059834,East Trade St at College Street,35.2267196,-80.8426369,"{'bin': 'yes', 'bus': 'yes', 'highway': 'bus_stop', 'name': 'East Trade St at College Street', 'network': 'CATS', 'network:wikidata': 'Q5085831', 'operator': 'Charlotte Area Transit System', 'public_transport': 'platform', 'ref': '8430', 'route_ref': '1;7;8;21;26;34', 'shelter': 'yes'}",,,,,,platform,,,node/9215059834
3,node,9215059835,West 4th Street at South Tryon Street,35.2267602,-80.8445327,"{'bin': 'yes', 'bus': 'yes', 'highway': 'bus_stop', 'name': 'West 4th Street at South Tryon Street', 'network': 'CATS', 'network:wikidata': 'Q5085831', 'operator': 'Charlotte Area Transit System', 'public_transport': 'platform', 'ref': '45749', 'route_ref': '1;7;82x;85x'}",,,,,,platform,,,node/9215059835
3,node,9215059837,West 4th Street at South Poplar Street,35.227629,-80.845557,"{'bin': 'no', 'bus': 'yes', 'highway': 'bus_stop', 'name': 'West 4th Street at South Poplar Street', 'public_transport': 'platform', 'ref': '38420', 'route_ref': '1;7;8;22;26;34;74x;82x;85x'}",,,,,,platform,,,node/9215059837
3,node,9215059860,Transit Center- Bay P,35.224229,-80.841325,"{'bin': 'no', 'bus': 'yes', 'highway': 'bus_stop', 'name': 'Transit Center- Bay P', 'network': 'CATS', 'network:wikidata': 'Q5085831', 'operator': 'Charlotte Area Transit System', 'public_transport': 'platform', 'ref': '45037', 'route_ref': '1'}",,,,,,platform,,,node/9215059860
3,node,9216411003,South College Street at East Brooklyn Village Avenue,35.2222489,-80.8475588,"{'bin': 'no', 'bus': 'yes', 'highway': 'bus_stop', 'name': 'South College Street at East Brooklyn Village Avenue', 'network': 'CATS', 'network:wikidata': 'Q5085831', 'operator': 'Charlotte Area Transit System', 'public_transport': 'platform', 'ref': '45399', 'route_ref': '5;16;35'}",,,,,,platform,,,node/9216411003
3,node,9216411015,Transit Center- Bay V,35.2240774,-80.840846,"{'bin': 'yes', 'bus': 'yes', 'highway': 'bus_stop', 'name': 'Transit Center- Bay V', 'public_transport': 'platform', 'ref': '45102', 'route_ref': '5;20;35;87', 'shelter': 'yes'}",,,,,,platform,,,node/9216411015
3,node,9216459020,South Brevard Street at East Martin Luther King Jr Boulevard,35.222573,-80.843063,"{'bin': 'no', 'bus': 'yes', 'highway': 'bus_stop', 'name': 'South Brevard Street at East Martin Luther King Jr Boulevard', 'network': 'CATS', 'network:wikidata': 'Q5085831', 'operator': 'Charlotte Area Transit System', 'public_transport': 'platform', 'ref': '25270', 'route_ref': '5;10;19;35;48x;53x;63x;77x'}",,,,,,platform,,,node/9216459020
3,node,9216459031,East Brooklyn Village Avenue at South College Street,35.2226902,-80.8475194,"{'bench': 'yes', 'bin': 'no', 'bus': 'yes', 'highway': 'bus_stop', 'name': 'East Brooklyn Village Avenue at South College Street', 'network': 'CATS', 'network:wikidata': 'Q5085831', 'operator': 'Charlotte Area Transit System', 'public_transport': 'platform', 'ref': '46594', 'route_ref': '5;35'}",,,,,,platform,,,node/9216459031
3,node,9216459034,South College Street at East 3rd Street,35.2244248,-80.8444382,"{'bench': 'no', 'bin': 'no', 'bus': 'yes', 'highway': 'bus_stop', 'lit': 'yes', 'name': 'South College Street at East 3rd Street', 'network': 'CATS', 'network:wikidata': 'Q5085831', 'operator': 'Charlotte Area Transit System', 'public_transport': 'platform', 'ref': '25360', 'route_ref': '5;16;35;40x;46x;48x;52x;53x;63x;64x;74x;77x', 'shelter': 'no', 'tactile_paving': 'no'}",,,,,,platform,,,node/9216459034
3,node,11062685934,Transit Center - Bay I,35.2243878,-80.8411148,"{'bus': 'yes', 'departures_board': 'realtime', 'highway': 'bus_stop', 'name': 'Transit Center - Bay I', 'network': 'CATS', 'network:wikidata': 'Q5085831', 'operator': 'Charlotte Area Transit System', 'public_transport': 'platform', 'shelter': 'yes'}",,,,,,platform,,,node/11062685934
3,node,12327899377,,35.2239754,-80.8476186,"{'bus': 'yes', 'highway': 'bus_stop', 'public_transport': 'platform'}",,,,,,platform,,,node/12327899377
3,way,535123114,,35.2252789,-80.8408344,"{'area': 'yes', 'bench': 'yes', 'bin': 'yes', 'bridge': 'yes', 'layer': '1', 'light_rail': 'yes', 'lit': 'yes', 'network': 'LYNX', 'operator': 'Charlotte Area Transit System', 'public_transport': 'platform', 'railway': 'platform', 'shelter': 'yes', 'tactile_paving': 'yes'}",,,,,,platform,,,way/535123114
3,way,535123116,,35.2253679,-80.8409403,"{'area': 'yes', 'bench': 'yes', 'bin': 'yes', 'bridge': 'yes', 'layer': '1', 'light_rail': 'yes', 'lit': 'yes', 'network': 'LYNX', 'operator': 'Charlotte Area Transit System', 'public_transport': 'platform', 'railway': 'platform', 'shelter': 'yes', 'tactile_paving': 'yes'}",,,,,,platform,,,way/535123116
3,way,535123117,,35.2237195,-80.842978,"{'area': 'yes', 'bench': 'yes', 'bin': 'yes', 'layer': '1', 'light_rail': 'yes', 'lit': 'yes', 'network': 'LYNX', 'operator': 'CATS', 'public_transport': 'platform', 'railway': 'platform', 'shelter': 'yes', 'tactile_paving': 'yes'}",,,,,,platform,,,way/535123117
3,way,535123118,,35.2237972,-80.8430611,"{'area': 'yes', 'bench': 'yes', 'bin': 'yes', 'layer': '1', 'light_rail': 'yes', 'lit': 'yes', 'network': 'LYNX', 'operator': 'CATS', 'public_transport': 'platform', 'railway': 'platform', 'shelter': 'yes', 'tactile_paving': 'yes'}",,,,,,platform,,,way/535123118
3,way,535123119,,35.2213029,-80.847198,"{'area': 'yes', 'bench': 'yes', 'bin': 'yes', 'light_rail': 'yes', 'lit': 'yes', 'network': 'LYNX', 'operator': 'CATS', 'public_transport': 'platform', 'railway': 'platform', 'shelter': 'yes', 'tactile_paving': 'yes'}",,,,,,platform,,,way/535123119
3,way,535123120,,35.221226,-80.8471146,"{'area': 'yes', 'bench': 'yes', 'bin': 'yes', 'light_rail': 'yes', 'lit': 'yes', 'network': 'LYNX', 'operator': 'CATS', 'public_transport': 'platform', 'railway': 'platform', 'shelter': 'yes', 'tactile_paving': 'yes'}",,,,,,platform,,,way/535123120
3,way,672780356,,35.2244345,-80.8398284,"{'area': 'yes', 'bench': 'yes', 'bin': 'yes', 'network': 'CityLynx', 'operator': 'Charlotte Area Transit System', 'public_transport': 'platform', 'railway': 'platform', 'shelter': 'yes', 'surface': 'concrete', 'tram': 'yes'}",,,,,,platform,,,way/672780356
3,way,672780359,,35.2247075,-80.8400908,"{'area': 'yes', 'network': 'CityLynx', 'operator': 'Charlotte Area Transit System', 'public_transport': 'platform', 'railway': 'platform', 'surface': 'concrete', 'tram': 'yes'}",,,,,,platform,,,way/672780359
3,way,908941897,,35.2229272,-80.8444395,"{'area': 'yes', 'departures_board': 'no', 'light_rail': 'yes', 'note': 'Charlotte Trolley platform, not in service.', 'public_transport': 'platform', 'railway': 'platform', 'surface': 'concrete'}",,,,,,platform,,,way/908941897
3,way,985188333,,35.2274895,-80.8432862,"{'area': 'yes', 'check_date': '2022-10-21', 'network': 'CityLynx', 'operator': 'Charlotte Area Transit System', 'public_transport': 'platform', 'railway': 'platform', 'start_date': '2021-08-30', 'surface': 'concrete', 'tram': 'yes'}",,,,,,platform,,,way/985188333
3,way,985188334,,35.2273688,-80.8434182,"{'area': 'yes', 'check_date': '2022-10-21', 'network': 'CityLynx', 'operator': 'Charlotte Area Transit System', 'public_transport': 'platform', 'railway': 'platform', 'start_date': '2021-08-30', 'surface': 'concrete', 'tram': 'yes'}",,,,,,platform,,,way/985188334
3,way,1186267494,3rd Street/Convention Center,35.2237575,-80.8430189,"{'addr:city': 'Charlotte', 'addr:housenumber': '305', 'addr:postcode': '28202', 'addr:state': 'NC', 'addr:street': 'East 3rd Street', 'bridge:structure': 'beam', 'layer': '1', 'light_rail': 'yes', 'man_made': 'bridge', 'name': '3rd Street/Convention Center', 'network': 'LYNX', 'operator': 'Charlotte Area Transit System', 'public_transport': 'station', 'railway': 'station', 'station': 'light_rail', 'wikidata': 'Q4636975', 'wikipedia': 'en:Third Street/Convention Center station'}",,,,,,station,,,way/1186267494
3,way,1186330002,CTC/Arena,35.2253235,-80.8408876,"{'bridge:structure': 'beam', 'layer': '1', 'light_rail': 'yes', 'man_made': 'bridge', 'name': 'CTC/Arena', 'network': 'LYNX', 'operator': 'CATS', 'public_transport': 'station', 'railway': 'station', 'station': 'light_rail', 'wheelchair': 'yes', 'wikidata': 'Q5086171', 'wikipedia': 'en:Charlotte Transportation Center'}",,,,,,station,,,way/1186330002
3,way,1189773804,Brooklyn Village,35.2212593,-80.8471493,"{'addr:city': 'Charlotte', 'addr:housenumber': '260', 'addr:postcode': '28202', 'addr:state': 'NC', 'addr:street': 'East Brooklyn Village Avenue', 'light_rail': 'yes', 'name': 'Brooklyn Village', 'network': 'LYNX', 'operator': 'CATS', 'public_transport': 'station', 'railway': 'station', 'station': 'light_rail', 'wheelchair': 'yes', 'wikidata': 'Q7619349', 'wikipedia': 'en:Brooklyn Village station'}",,,,,,station,,,way/1189773804
3,relation,10014279,Brooklyn Village,35.2212593,-80.8471493,"{'name': 'Brooklyn Village', 'network': 'LYNX', 'operator': 'CATS', 'public_transport': 'stop_area', 'railway': 'facility', 'type': 'public_transport'}",,,,,,stop_area,,,relation/10014279
3,relation,10014280,3rd Street/Convention Center,35.2234113,-80.8436437,"{'name': '3rd Street/Convention Center', 'network': 'LYNX', 'public_transport': 'stop_area', 'railway': 'facility', 'type': 'public_transport'}",,,,,,stop_area,,,relation/10014280
3,relation,10014281,CTC/Arena (Blue Line),35.2253235,-80.8408876,"{'name': 'CTC/Arena (Blue Line)', 'network': 'LYNX', 'operator': 'Charlotte Area Transit System', 'public_transport': 'stop_area', 'railway': 'facility', 'type': 'public_transport'}",,,,,,stop_area,,,relation/10014281
3,relation,12309569,CTC/Arena (Gold Line),35.2246034,-80.8400278,"{'name': 'CTC/Arena (Gold Line)', 'network': 'CityLynx', 'operator': 'Charlotte Area Transit System', 'public_transport': 'stop_area', 'railway': 'facility', 'start_date': '2015-07-14', 'type': 'public_transport', 'wikidata': 'Q5086171', 'wikipedia': 'en:Charlotte Transportation Center'}",,,,,,stop_area,,,relation/12309569
3,relation,12309570,Charlotte Transportation Center,35.2244978,-80.8410525,"{'name': 'Charlotte Transportation Center', 'network': 'CATS', 'operator': 'Charlotte Area Transit System', 'public_transport': 'stop_area', 'ref': 'CTC', 'type': 'public_transport'}",,,,,,stop_area,,,relation/12309570
3,relation,13240972,Tryon Street Station,35.2274285,-80.843353,"{'check_date': '2022-10-21', 'name': 'Tryon Street Station', 'network': 'CityLynx', 'operator': 'Charlotte Area Transit System', 'public_transport': 'stop_area', 'railway': 'facility', 'start_date': '2021-08-30', 'type': 'public_transport', 'wikidata': 'Q85852310', 'wikipedia': 'en:Tryon Street station'}",,,,,,stop_area,,,relation/13240972
3,node,10965747079,Dr Steven C Moore & Associates,35.2267933,-80.8422597,"{'healthcare': 'optometrist', 'level': '1', 'name': 'Dr Steven C Moore & Associates'}",,,,,,,optometrist,,node/10965747079
3,node,10965747083,Spectrum Eye Care,35.2254447,-80.8435008,"{'fixme': 'Level', 'healthcare': 'optometrist', 'indoor': 'yes', 'level': '2', 'name': 'Spectrum Eye Care', 'opening_hours': 'Mo-Fr 07:45-16:00', 'phone': '+1 704 334 4444'}",,,,,,,optometrist,,node/10965747083
4,node,4001621954,,35.2240204,-80.8478513,{'amenity': 'bench'},bench,,,,,,,,node/4001621954
4,node,4001621955,,35.2239341,-80.8479814,{'amenity': 'bench'},bench,,,,,,,,node/4001621955
4,node,4001621956,,35.2236974,-80.8483185,{'amenity': 'bench'},bench,,,,,,,,node/4001621956
4,node,4001623357,,35.2237246,-80.8482777,{'amenity': 'bench'},bench,,,,,,,,node/4001623357
4,node,6093389461,,35.2246295,-80.8438235,{'amenity': 'fountain'},fountain,,,,,,,,node/6093389461
4,node,6093452677,Westin Fountain,35.2218208,-80.8476812,"{'amenity': 'fountain', 'name': 'Westin Fountain'}",fountain,,,,,,,,node/6093452677
4,node,6376981600,Starbucks,35.2222397,-80.8451394,"{'addr:city': 'Charlotte', 'addr:housenumber': '501', 'addr:postcode': '28202', 'addr:state': 'NC', 'addr:street': 'South College Street', 'amenity': 'cafe', 'branch': 'Charlotte Convention Center', 'brand': 'Starbucks', 'brand:wikidata': 'Q37158', 'cuisine': 'coffee_shop', 'name': 'Starbucks', 'official_name': 'Starbucks Coffee', 'phone': '+1 704-339-6046', 'ref': '8017', 'takeaway': 'yes', 'website': 'https://www.starbucks.com/store-locator/store/8017/charlotte-convention-center-501-s-college-st-charlotte-nc-282021827-us', 'wheelchair': 'yes'}",cafe,,,,,,,,node/6376981600
4,node,6376981601,Einstein Bros. Bagels,35.222129,-80.845008,"{'addr:city': 'Charlotte', 'addr:housenumber': '501', 'addr:postcode': '28202', 'addr:state': 'NC', 'addr:street': 'South College Street', 'alt_name': 'Einstein Brothers Bagels', 'amenity': 'fast_food', 'branch': 'Charlotte Convention Center', 'brand': 'Einstein Bros. Bagels', 'brand:wikidata': 'Q5349788', 'cuisine': 'bagel', 'drive_through': 'no', 'name': 'Einstein Bros. Bagels', 'opening_hours': 'Mo-Fr 08:00-13:30', 'phone': '+1 704-339-6102', 'takeaway': 'yes', 'website': 'https://locations.einsteinbros.com/us/nc/charlotte/501-s-college-st', 'wheelchair': 'yes'}",fast_food,,,,,,,,node/6376981601
4,node,6376981602,Bojangles',35.2220436,-80.8449075,"{'addr:city': 'Charlotte', 'addr:housenumber': '501', 'addr:postcode': '28202', 'addr:state': 'NC', 'addr:street': 'South College Street', 'amenity': 'fast_food', 'brand': ""Bojangles'"", 'brand:wikidata': 'Q891163', 'cuisine': 'chicken', 'drinking_straw': 'paper', 'drive_through': 'no', 'name': ""Bojangles'"", 'official_name': ""Bojangles' Famous Chicken 'n Biscuits"", 'phone': '+1 704-651-8422', 'takeaway': 'yes', 'website': 'https://locations.bojangles.com/nc/charlotte/501-south-college-street.html', 'wheelchair': 'yes'}",fast_food,,,,,,,,node/6376981602
4,node,6720962112,Starbucks,35.22487,-80.8485584,"{'addr:city': 'Charlotte', 'addr:housenumber': '135', 'addr:postcode': '28202', 'addr:state': 'NC', 'addr:street': 'Levine Avenue of the Arts', 'addr:unit': '140', 'amenity': 'cafe', 'branch': 'Duke Energy Center', 'brand': 'Starbucks', 'brand:wikidata': 'Q37158', 'cuisine': 'coffee_shop', 'internet_access': 'wlan', 'internet_access:fee': 'no', 'name': 'Starbucks', 'official_name': 'Starbucks Coffee', 'outdoor_seating': 'yes', 'phone': '+1 704-372-6114', 'takeaway': 'yes', 'website': 'https://www.starbucks.com/store-locator/store/1005289/duke-energy-center-135-levine-avenue-of-the-arts-suite-140-charlotte-'}",cafe,,,,,,,,node/6720962112
4,node,9236208984,Charlotte Convention Center,35.2229594,-80.8461422,"{'addr:city': 'Charlotte', 'addr:housenumber': '501', 'addr:postcode': '28202', 'addr:state': 'NC', 'addr:street': 'South College Street', 'amenity': 'conference_centre', 'name': 'Charlotte Convention Center'}",conference_centre,,,,,,,,node/9236208984
4,node,10087263039,,35.2201686,-80.845069,"{'amenity': 'bicycle_parking', 'bicycle_parking': 'stands', 'capacity': '4', 'covered': 'no'}",bicycle_parking,,,,,,,,node/10087263039
4,node,10087263045,,35.2202518,-80.845155,"{'amenity': 'bicycle_parking', 'bicycle_parking': 'stands', 'capacity': '4', 'covered': 'no'}",bicycle_parking,,,,,,,,node/10087263045
4,node,10087263056,,35.2203361,-80.845243,"{'amenity': 'bicycle_parking', 'bicycle_parking': 'stands', 'capacity': '4', 'covered': 'no'}",bicycle_parking,,,,,,,,node/10087263056
4,node,10087263111,,35.2191209,-80.8439562,"{'amenity': 'bicycle_parking', 'bicycle_parking': 'stands', 'capacity': '6', 'covered': 'yes'}",bicycle_parking,,,,,,,,node/10087263111
4,node,10087263114,,35.2196811,-80.8446948,"{'amenity': 'bicycle_parking', 'bicycle_parking': 'stands', 'capacity': '6', 'covered': 'yes'}",bicycle_parking,,,,,,,,node/10087263114
4,node,11015149218,,35.2224939,-80.84144,{'amenity': 'parking_entrance'},parking_entrance,,,,,,,,node/11015149218
4,node,11015149219,,35.2225403,-80.8413784,{'amenity': 'parking_entrance'},parking_entrance,,,,,,,,node/11015149219
4,node,11018304557,,35.2245382,-80.8441545,{'amenity': 'parking_entrance'},parking_entrance,,,,,,,,node/11018304557
4,node,11034670586,,35.2253738,-80.8468335,{'amenity': 'parking_entrance'},parking_entrance,,,,,,,,node/11034670586
4,node,11034670587,,35.2254118,-80.8468767,{'amenity': 'parking_entrance'},parking_entrance,,,,,,,,node/11034670587
4,node,11035897817,,35.2253109,-80.8447539,{'amenity': 'parking_entrance'},parking_entrance,,,,,,,,node/11035897817
4,node,11035897836,,35.2250072,-80.8439727,{'amenity': 'parking_entrance'},parking_entrance,,,,,,,,node/11035897836
4,node,11035897839,,35.2250552,-80.8438972,{'amenity': 'parking_entrance'},parking_entrance,,,,,,,,node/11035897839
4,node,11035897843,,35.2250694,-80.8438374,{'amenity': 'parking_entrance'},parking_entrance,,,,,,,,node/11035897843
4,node,11038424741,,35.2251347,-80.8500439,{'amenity': 'parking_entrance'},parking_entrance,,,,,,,,node/11038424741
4,node,11038424758,,35.2255189,-80.8491896,{'amenity': 'parking_entrance'},parking_entrance,,,,,,,,node/11038424758
4,node,11041508972,,35.2238461,-80.8505117,{'amenity': 'parking_entrance'},parking_entrance,,,,,,,,node/11041508972
4,node,11041508976,,35.2235139,-80.8509943,{'amenity': 'parking_entrance'},parking_entrance,,,,,,,,node/11041508976
4,node,11043397234,,35.2239829,-80.8471738,"{'amenity': 'parking_entrance', 'parking': 'underground'}",parking_entrance,,,,,,,,node/11043397234
4,node,11043397612,,35.223792,-80.845759,{'amenity': 'parking_entrance'},parking_entrance,,,,,,,,node/11043397612
4,node,11043397614,,35.2237656,-80.8457918,{'amenity': 'parking_entrance'},parking_entrance,,,,,,,,node/11043397614
4,node,11043397616,,35.2237173,-80.8458521,{'amenity': 'parking_entrance'},parking_entrance,,,,,,,,node/11043397616
4,node,11043397618,,35.2236471,-80.8459524,{'amenity': 'parking_entrance'},parking_entrance,,,,,,,,node/11043397618
4,node,11047516976,,35.2219056,-80.8486975,{'amenity': 'parking_entrance'},parking_entrance,,,,,,,,node/11047516976
4,node,11047516978,,35.2222376,-80.8480817,{'amenity': 'parking_entrance'},parking_entrance,,,,,,,,node/11047516978
4,node,11047517021,,35.2221502,-80.8489594,{'amenity': 'parking_entrance'},parking_entrance,,,,,,,,node/11047517021
4,node,11047517023,,35.2228529,-80.8480146,{'amenity': 'parking_entrance'},parking_entrance,,,,,,,,node/11047517023
4,node,11047517156,,35.2207636,-80.8475764,{'amenity': 'parking_entrance'},parking_entrance,,,,,,,,node/11047517156
4,node,11047517182,,35.2206621,-80.845664,{'amenity': 'parking_entrance'},parking_entrance,,,,,,,,node/11047517182
4,node,11047517213,,35.2211437,-80.8461444,{'amenity': 'parking_entrance'},parking_entrance,,,,,,,,node/11047517213
4,node,11049745780,,35.2222524,-80.8436678,{'amenity': 'parking_entrance'},parking_entrance,,,,,,,,node/11049745780
4,node,11049745906,,35.2214561,-80.8460464,{'amenity': 'parking_entrance'},parking_entrance,,,,,,,,node/11049745906
4,node,11049745935,,35.2227551,-80.8435407,{'amenity': 'parking_entrance'},parking_entrance,,,,,,,,node/11049745935
4,node,11049745938,,35.22269,-80.843469,{'amenity': 'parking_entrance'},parking_entrance,,,,,,,,node/11049745938
4,node,11049745970,,35.2231898,-80.8442038,{'amenity': 'parking_entrance'},parking_entrance,,,,,,,,node/11049745970
4,node,11049745973,,35.2235524,-80.844611,{'amenity': 'parking_entrance'},parking_entrance,,,,,,,,node/11049745973
4,node,11049745976,,35.223481,-80.8445308,{'amenity': 'parking_entrance'},parking_entrance,,,,,,,,node/11049745976
4,node,11049745978,,35.2236156,-80.8446815,{'amenity': 'parking_entrance'},parking_entrance,,,,,,,,node/11049745978
4,node,11049745993,,35.223685,-80.8434263,{'amenity': 'parking_entrance'},parking_entrance,,,,,,,,node/11049745993
4,node,11049746010,,35.2232813,-80.8428296,{'amenity': 'parking_entrance'},parking_entrance,,,,,,,,node/11049746010
4,node,11049746033,,35.2214109,-80.8443652,{'amenity': 'parking_entrance'},parking_entrance,,,,,,,,node/11049746033
4,node,11049746036,,35.2206678,-80.843853,{'amenity': 'parking_entrance'},parking_entrance,,,,,,,,node/11049746036
4,node,11049746039,,35.2208518,-80.8434658,{'amenity': 'parking_entrance'},parking_entrance,,,,,,,,node/11049746039
4,node,11077809175,Exotica,35.2233786,-80.8466478,"{'amenity': 'restaurant', 'cuisine': 'indian', 'name': 'Exotica'}",restaurant,,,,,,,,node/11077809175
4,node,11083145806,,35.2237021,-80.8468578,"{'amenity': 'fountain', 'fountain': 'splash_pad'}",fountain,,,,,,,,node/11083145806
4,node,11083145807,,35.2236627,-80.8468246,"{'amenity': 'fountain', 'fountain': 'splash_pad'}",fountain,,,,,,,,node/11083145807
4,node,11083145808,,35.2236529,-80.8468789,"{'amenity': 'fountain', 'fountain': 'splash_pad'}",fountain,,,,,,,,node/11083145808
4,node,11093041436,Coquette,35.2247396,-80.8471184,"{'addr:city': 'Charlotte', 'addr:housenumber': '400', 'addr:postcode': '28202', 'addr:state': 'NC', 'addr:street': 'South Tryon Street', 'amenity': 'restaurant', 'cuisine': 'french', 'name': 'Coquette', 'website': 'https://www.coquetteclt.com'}",restaurant,,,,,,,,node/11093041436
4,node,11093041439,Avis,35.223752,-80.8440412,"{'amenity': 'car_rental', 'brand': 'Avis', 'brand:wikidata': 'Q791136', 'name': 'Avis', 'official_name': 'Avis Car Rental'}",car_rental,,,,,,,,node/11093041439
4,node,11100881206,,35.2221201,-80.8488149,"{'amenity': 'bicycle_parking', 'bicycle_parking': 'stands', 'capacity': '18', 'covered': 'yes'}",bicycle_parking,,,,,,,,node/11100881206
4,node,11100883005,,35.2239276,-80.8503205,"{'amenity': 'bicycle_parking', 'bicycle_parking': 'stands', 'capacity': '2', 'covered': 'no'}",bicycle_parking,,,,,,,,node/11100883005
4,node,11100883605,,35.2237557,-80.8503198,"{'amenity': 'bicycle_parking', 'bicycle_parking': 'stands', 'capacity': '2', 'covered': 'no'}",bicycle_parking,,,,,,,,node/11100883605
4,node,11100885605,,35.2231009,-80.8502676,"{'amenity': 'bicycle_parking', 'bicycle_parking': 'stands', 'capacity': '6', 'covered': 'no'}",bicycle_parking,,,,,,,,node/11100885605
4,node,11100885706,,35.2235026,-80.8461081,"{'amenity': 'bicycle_parking', 'bicycle_parking': 'stands', 'capacity': '2', 'covered': 'no'}",bicycle_parking,,,,,,,,node/11100885706
4,node,11100893005,,35.2221479,-80.8488819,"{'amenity': 'bicycle_parking', 'bicycle_parking': 'stands', 'capacity': '18', 'covered': 'yes'}",bicycle_parking,,,,,,,,node/11100893005
4,node,11100894005,,35.2220949,-80.848845,"{'amenity': 'bicycle_parking', 'bicycle_parking': 'stands', 'capacity': '18', 'covered': 'yes'}",bicycle_parking,,,,,,,,node/11100894005
4,node,11100906305,,35.2208063,-80.8515063,"{'amenity': 'bicycle_parking', 'bicycle_parking': 'stands', 'capacity': '2', 'covered': 'no'}",bicycle_parking,,,,,,,,node/11100906305
4,node,11103367205,,35.223277,-80.8438985,"{'amenity': 'bicycle_parking', 'bicycle_parking': 'stands', 'capacity': '8', 'covered': 'no'}",bicycle_parking,,,,,,,,node/11103367205
4,node,11137505105,,35.2242184,-80.8454829,"{'amenity': 'bicycle_parking', 'bicycle_parking': 'stands', 'capacity': '4', 'covered': 'partial'}",bicycle_parking,,,,,,,,node/11137505105
4,node,11137505405,,35.2241597,-80.845547,"{'amenity': 'bicycle_parking', 'bicycle_parking': 'stands', 'capacity': '2', 'covered': 'partial'}",bicycle_parking,,,,,,,,node/11137505405
4,node,11152216975,,35.2253318,-80.8459275,"{'amenity': 'bicycle_parking', 'bicycle_parking': 'stands', 'capacity': '2'}",bicycle_parking,,,,,,,,node/11152216975
4,node,11152216976,,35.2251138,-80.8462427,"{'amenity': 'bicycle_parking', 'bicycle_parking': 'stands', 'capacity': '2'}",bicycle_parking,,,,,,,,node/11152216976
4,node,11152216977,,35.2248522,-80.8466313,"{'amenity': 'bicycle_parking', 'bicycle_parking': 'stands', 'capacity': '2', 'covered': 'no'}",bicycle_parking,,,,,,,,node/11152216977
4,node,11152216978,,35.2247931,-80.8464333,"{'amenity': 'bicycle_parking', 'bicycle_parking': 'stands', 'capacity': '2'}",bicycle_parking,,,,,,,,node/11152216978
4,node,11152216979,,35.2247541,-80.8467719,"{'amenity': 'bicycle_parking', 'bicycle_parking': 'stands', 'capacity': '2'}",bicycle_parking,,,,,,,,node/11152216979
4,node,11152216980,,35.2246974,-80.8468561,"{'amenity': 'bicycle_parking', 'bicycle_parking': 'stands', 'capacity': '2'}",bicycle_parking,,,,,,,,node/11152216980
4,node,11152216981,,35.2244106,-80.8469966,"{'amenity': 'bicycle_parking', 'bicycle_parking': 'stands', 'capacity': '2'}",bicycle_parking,,,,,,,,node/11152216981
4,node,11152216982,,35.2244682,-80.8471897,"{'amenity': 'bicycle_parking', 'bicycle_parking': 'stands', 'capacity': '2', 'covered': 'partial'}",bicycle_parking,,,,,,,,node/11152216982
4,node,11152216983,,35.2241144,-80.8477149,"{'amenity': 'bicycle_parking', 'bicycle_parking': 'stands', 'capacity': '2'}",bicycle_parking,,,,,,,,node/11152216983
4,node,11152216984,,35.2237713,-80.8482098,"{'amenity': 'bicycle_parking', 'bicycle_parking': 'stands', 'capacity': '2'}",bicycle_parking,,,,,,,,node/11152216984
4,node,11152216985,,35.2235373,-80.848279,"{'amenity': 'bicycle_parking', 'bicycle_parking': 'stands', 'capacity': '2'}",bicycle_parking,,,,,,,,node/11152216985
4,node,11152216986,,35.2232632,-80.8489785,"{'amenity': 'bicycle_parking', 'bicycle_parking': 'stands', 'capacity': '4'}",bicycle_parking,,,,,,,,node/11152216986
4,node,11165982506,,35.2249753,-80.8483281,"{'access': 'yes', 'amenity': 'bicycle_parking', 'bicycle_parking': 'stands', 'capacity': '6', 'covered': 'no', 'foot_traffic': 'medium'}",bicycle_parking,,,,,,,,node/11165982506
4,node,11165986205,,35.225265,-80.8485018,"{'access': 'yes', 'amenity': 'bicycle_parking', 'bicycle_parking': 'stands', 'capacity': '2', 'covered': 'yes', 'foot_traffic': 'low'}",bicycle_parking,,,,,,,,node/11165986205
4,node,11200542437,,35.2204957,-80.8459959,"{'access': 'yes', 'amenity': 'bicycle_parking', 'bicycle_parking': 'stands', 'capacity': '12', 'covered': 'yes', 'foot_traffic': 'low'}",bicycle_parking,,,,,,,,node/11200542437
4,node,11200542438,,35.2218124,-80.8465165,"{'access': 'yes', 'amenity': 'bicycle_parking', 'bicycle_parking': 'stands', 'capacity': '10', 'covered': 'partial', 'foot_traffic': 'low'}",bicycle_parking,,,,,,,,node/11200542438
4,node,11200544737,,35.221461,-80.8464594,"{'access': 'yes', 'amenity': 'bicycle_parking', 'bicycle_parking': 'stands', 'capacity': '6', 'covered': 'no', 'foot_traffic': 'medium'}",bicycle_parking,,,,,,,,node/11200544737
4,node,11208933137,,35.2241532,-80.8451672,"{'access': 'yes', 'amenity': 'bicycle_parking', 'bicycle_parking': 'stands', 'capacity': '2', 'covered': 'partial', 'foot_traffic': 'medium', 'indoor': 'no'}",bicycle_parking,,,,,,,,node/11208933137
4,node,11208935637,,35.2249467,-80.8436637,"{'access': 'yes', 'amenity': 'bicycle_parking', 'bicycle_parking': 'stands', 'capacity': '8', 'covered': 'no', 'foot_traffic': 'medium', 'indoor': 'no'}",bicycle_parking,,,,,,,,node/11208935637
4,node,11218203537,,35.2181839,-80.8428742,"{'access': 'yes', 'amenity': 'bicycle_parking', 'bicycle_parking': 'stands', 'capacity': '4', 'covered': 'no', 'foot_traffic': 'low', 'indoor': 'no'}",bicycle_parking,,,,,,,,node/11218203537
4,node,11225417437,,35.2210153,-80.8419678,"{'access': 'yes', 'amenity': 'bicycle_parking', 'bicycle_parking': 'wave', 'capacity': '20', 'covered': 'no', 'foot_traffic': 'low', 'indoor': 'no'}",bicycle_parking,,,,,,,,node/11225417437
4,node,11491216431,,35.2185006,-80.843246,{'amenity': 'parking_entrance'},parking_entrance,,,,,,,,node/11491216431
4,node,11529079069,,35.2195976,-80.8450066,"{'access': 'yes', 'amenity': 'bicycle_parking', 'bicycle_parking': 'stands', 'capacity': '4', 'covered': 'no', 'foot_traffic': 'medium', 'indoor': 'no'}",bicycle_parking,,,,,,,,node/11529079069
4,node,11535108406,Uptown Farmers' Market,35.2211386,-80.8417885,"{'addr:city': 'Charlotte', 'addr:housenumber': '300', 'addr:postcode': '28202', 'addr:state': 'NC', 'addr:street': 'South Davidson Street', 'amenity': 'marketplace', 'building': 'tent', 'description': 'Our mission is to engage our neighbors around locally grown, fresh foods to support local farmers, educate on healthy eating, and address food insecurity in our Charlotte community.', 'email': 'info@uptownfarmersmarket.com', 'image': 'https://images.squarespace-cdn.com/content/v1/5db07163c4990258f8f49a04/1619544380664-UW4GZAR9VHM4N5GPIHWH/IMG_0365.jpeg', 'name': ""Uptown Farmers' Market"", 'opening_hours': 'Sa 08:00-12:30', 'phone': '+1 704 369 2143', 'source': 'local knowledge;uptownfarmersmarket.com', 'website': 'https://www.uptownfarmersmarket.com/', 'wheelchair': 'yes'}",marketplace,,,,,,,,node/11535108406
4,node,11809533805,Red Ginger,35.2240341,-80.8455323,"{'addr:city': 'Charlotte', 'addr:housenumber': '401', 'addr:postcode': '28202', 'addr:state': 'NC', 'addr:street': 'South Tryon Street', 'addr:unit': 'Suite 130', 'amenity': 'restaurant', 'cuisine': 'japanese', 'name': 'Red Ginger', 'phone': '+1-980-819-8837', 'website': 'https://www.redgingercharlotte.com'}",restaurant,,,,,,,,node/11809533805
4,node,11820233869,The Public House,35.2230184,-80.8426739,"{'addr:postcode': '28202', 'amenity': 'pub', 'cuisine': 'american', 'name': 'The Public House', 'phone': '+1-704-595-3091', 'website': 'https://thepublichouseclt.com/'}",pub,,,,,,,,node/11820233869
4,node,12086217469,,35.2210931,-80.848074,"{'access': 'yes', 'amenity': 'bicycle_parking', 'bicycle_parking': 'wave', 'capacity': '11', 'covered': 'no', 'indoor': 'no'}",bicycle_parking,,,,,,,,node/12086217469
4,node,12124200083,,35.2229867,-80.847854,{'amenity': 'parking_entrance'},parking_entrance,,,,,,,,node/12124200083
4,node,12167520475,,35.222816,-80.8471736,{'amenity': 'parking_entrance'},parking_entrance,,,,,,,,node/12167520475
4,node,12167520477,,35.2229906,-80.8469281,{'amenity': 'parking_entrance'},parking_entrance,,,,,,,,node/12167520477
4,node,12167520481,,35.2227501,-80.8472663,{'amenity': 'parking_entrance'},parking_entrance,,,,,,,,node/12167520481
4,node,12199136463,,35.2236637,-80.8462665,"{'amenity': 'bench', 'backrest': 'yes', 'colour': 'brown', 'material': 'wood'}",bench,,,,,,,,node/12199136463
4,node,12199136464,,35.2236433,-80.8462434,"{'amenity': 'bench', 'backrest': 'yes', 'colour': 'brown', 'material': 'wood'}",bench,,,,,,,,node/12199136464
4,node,12199136465,,35.2236543,-80.8462788,"{'amenity': 'bench', 'backrest': 'yes', 'colour': 'brown', 'material': 'wood'}",bench,,,,,,,,node/12199136465
4,node,12199136466,,35.2236341,-80.8462549,"{'amenity': 'bench', 'backrest': 'yes', 'colour': 'brown', 'material': 'wood'}",bench,,,,,,,,node/12199136466
4,node,12199211453,,35.2236311,-80.8468902,"{'amenity': 'bench', 'backrest': 'yes', 'colour': 'brown', 'material': 'wood'}",bench,,,,,,,,node/12199211453
4,node,12199211454,,35.223682,-80.8469519,"{'amenity': 'bench', 'backrest': 'yes', 'colour': 'brown', 'material': 'wood'}",bench,,,,,,,,node/12199211454
4,node,12254801753,,35.2237282,-80.8489811,{'amenity': 'parking_entrance'},parking_entrance,,,,,,,,node/12254801753
4,node,12254801756,,35.2236522,-80.8489019,{'amenity': 'parking_entrance'},parking_entrance,,,,,,,,node/12254801756
4,node,12324536301,,35.2236461,-80.847416,"{'access': 'yes', 'amenity': 'bicycle_parking', 'bicycle_parking': 'stands', 'capacity': '28', 'covered': 'no', 'indoor': 'no'}",bicycle_parking,,,,,,,,node/12324536301
4,node,12327860796,,35.2235862,-80.8466625,{'amenity': 'drinking_water'},drinking_water,,,,,,,,node/12327860796
4,node,12327860797,,35.2232895,-80.8459154,"{'amenity': 'bench', 'backrest': 'no'}",bench,,,,,,,,node/12327860797
4,node,12327860798,,35.2233024,-80.8458949,"{'amenity': 'bench', 'backrest': 'no'}",bench,,,,,,,,node/12327860798
4,node,12327899267,,35.2228548,-80.8475747,{'amenity': 'parking_entrance'},parking_entrance,,,,,,,,node/12327899267
4,node,12327899301,,35.2232613,-80.8469563,{'amenity': 'waste_basket'},waste_basket,,,,,,,,node/12327899301
4,node,12327899302,,35.2233593,-80.8470679,{'amenity': 'waste_basket'},waste_basket,,,,,,,,node/12327899302
4,node,12327899303,,35.2232421,-80.8469344,{'amenity': 'bench'},bench,,,,,,,,node/12327899303
4,node,12327899304,,35.2232213,-80.8469097,{'amenity': 'bench'},bench,,,,,,,,node/12327899304
4,node,12327899305,,35.2232017,-80.8468872,{'amenity': 'bench'},bench,,,,,,,,node/12327899305
4,node,12327899306,,35.2231809,-80.8468635,{'amenity': 'bench'},bench,,,,,,,,node/12327899306
4,node,12327899307,,35.2233421,-80.847049,{'amenity': 'bench'},bench,,,,,,,,node/12327899307
4,node,12327899308,,35.2233209,-80.8470247,{'amenity': 'bench'},bench,,,,,,,,node/12327899308
4,node,12327899309,,35.223301,-80.8470026,{'amenity': 'bench'},bench,,,,,,,,node/12327899309
4,node,12327899310,,35.2232799,-80.8469794,{'amenity': 'bench'},bench,,,,,,,,node/12327899310
4,node,12327899311,,35.2234385,-80.8471622,{'amenity': 'bench'},bench,,,,,,,,node/12327899311
4,node,12327899312,,35.2234177,-80.8471375,{'amenity': 'bench'},bench,,,,,,,,node/12327899312
4,node,12327899313,,35.2233981,-80.847115,{'amenity': 'bench'},bench,,,,,,,,node/12327899313
4,node,12327899314,,35.2233773,-80.8470913,{'amenity': 'bench'},bench,,,,,,,,node/12327899314
4,node,12327899315,,35.2234551,-80.8471828,{'amenity': 'waste_basket'},waste_basket,,,,,,,,node/12327899315
4,node,12327899316,,35.2230186,-80.8469094,{'amenity': 'waste_basket'},waste_basket,,,,,,,,node/12327899316
4,node,12327899317,,35.2229487,-80.8470165,{'amenity': 'waste_basket'},waste_basket,,,,,,,,node/12327899317
4,node,12327899318,,35.2228708,-80.8471339,{'amenity': 'waste_basket'},waste_basket,,,,,,,,node/12327899318
4,node,12327899319,,35.2228307,-80.8472394,{'amenity': 'waste_basket'},waste_basket,,,,,,,,node/12327899319
4,node,12327899320,,35.2228553,-80.8472035,{'amenity': 'waste_basket'},waste_basket,,,,,,,,node/12327899320
4,node,12327899328,,35.2235467,-80.8474102,{'amenity': 'waste_basket'},waste_basket,,,,,,,,node/12327899328
4,node,12327899329,,35.2235779,-80.8474826,{'amenity': 'waste_basket'},waste_basket,,,,,,,,node/12327899329
4,node,12327899330,Milkbread,35.2234777,-80.8478257,"{'addr:city': 'Charlotte', 'addr:housenumber': '525', 'addr:postcode': '28202', 'addr:state': 'NC', 'addr:street': 'South Tryon Street', 'addr:unit': '#100', 'amenity': 'cafe', 'cuisine': 'coffee_shop', 'name': 'Milkbread', 'website': 'https://www.milkbread.com'}",cafe,,,,,,,,node/12327899330
4,node,12327899364,,35.2236208,-80.84782,{'amenity': 'waste_basket'},waste_basket,,,,,,,,node/12327899364
4,node,12327899365,,35.2235969,-80.8478596,{'amenity': 'waste_basket'},waste_basket,,,,,,,,node/12327899365
4,node,12327899374,,35.2239521,-80.847665,{'amenity': 'waste_basket'},waste_basket,,,,,,,,node/12327899374
4,node,12327899375,,35.2235156,-80.8483194,{'amenity': 'waste_basket'},waste_basket,,,,,,,,node/12327899375
4,node,12327899376,,35.2234989,-80.8483463,"{'amenity': 'recycling', 'recycling_type': 'container'}",recycling,,,,,,,,node/12327899376
4,node,12451360084,Gyu-Kaku,35.2182372,-80.8429595,"{'amenity': 'restaurant', 'branch': 'Japanese BBQ', 'brand': 'Gyu-Kaku', 'brand:wikidata': 'Q11349387', 'cuisine': 'japanese;barbecue', 'name': 'Gyu-Kaku'}",restaurant,,,,,,,,node/12451360084
4,node,12498871620,,35.2202826,-80.8462289,{'amenity': 'parking_entrance'},parking_entrance,,,,,,,,node/12498871620
4,node,12498871623,,35.22034,-80.8459181,{'amenity': 'parking_entrance'},parking_entrance,,,,,,,,node/12498871623
4,node,12503833506,,35.2215953,-80.8484438,{'amenity': 'parking_entrance'},parking_entrance,,,,,,,,node/12503833506
4,node,12505635376,Night Swim Coffee,35.2237763,-80.8497744,"{'amenity': 'cafe', 'cuisine': 'coffee_shop', 'name': 'Night Swim Coffee', 'website': 'https://nightswimcoffee.com'}",cafe,,,,,,,,node/12505635376
4,node,12513704268,,35.2212793,-80.8483113,{'amenity': 'bench'},bench,,,,,,,,node/12513704268
4,node,12513704269,,35.2212692,-80.8482891,{'amenity': 'bench'},bench,,,,,,,,node/12513704269
4,node,12513704282,,35.2212918,-80.8480236,"{'access': 'yes', 'amenity': 'bicycle_parking', 'bicycle_parking': 'wall_loops', 'capacity': '24', 'covered': 'yes', 'level': '-2'}",bicycle_parking,,,,,,,,node/12513704282
4,node,12513704283,,35.2217699,-80.8463688,{'amenity': 'parking_entrance'},parking_entrance,,,,,,,,node/12513704283
4,node,12513704297,,35.2216536,-80.8465945,"{'amenity': 'waste_basket', 'level': '1'}",waste_basket,,,,,,,,node/12513704297
4,node,12513705111,,35.2215382,-80.8466158,{'amenity': 'parking_entrance'},parking_entrance,,,,,,,,node/12513705111
4,node,12513705112,,35.2213247,-80.8468954,{'amenity': 'waste_basket'},waste_basket,,,,,,,,node/12513705112
4,node,12513705113,,35.2211559,-80.8472429,{'amenity': 'waste_basket'},waste_basket,,,,,,,,node/12513705113
4,node,12513705114,,35.2214113,-80.8469595,{'amenity': 'waste_basket'},waste_basket,,,,,,,,node/12513705114
4,node,12513705115,,35.2212429,-80.8473053,{'amenity': 'waste_basket'},waste_basket,,,,,,,,node/12513705115
4,node,12513705116,,35.2213695,-80.8464554,"{'access': 'yes', 'amenity': 'bicycle_parking', 'bicycle_parking': 'stands', 'capacity': '4', 'covered': 'no'}",bicycle_parking,,,,,,,,node/12513705116
4,node,12513705117,,35.2213574,-80.8464172,{'amenity': 'waste_basket'},waste_basket,,,,,,,,node/12513705117
4,node,12513705157,Dos Caminos,35.2230615,-80.8486917,"{'amenity': 'restaurant', 'cuisine': 'mexican', 'name': 'Dos Caminos'}",restaurant,,,,,,,,node/12513705157
4,node,12513705158,,35.2229938,-80.8502695,"{'access': 'yes', 'amenity': 'bicycle_parking', 'bicycle_parking': 'stands', 'capacity': '6', 'covered': 'no'}",bicycle_parking,,,,,,,,node/12513705158
4,node,12513705159,,35.2231634,-80.8505888,{'amenity': 'bench'},bench,,,,,,,,node/12513705159
4,node,12513705160,,35.223179,-80.8506158,{'amenity': 'waste_basket'},waste_basket,,,,,,,,node/12513705160
4,node,12513705161,,35.2231843,-80.8506272,"{'amenity': 'recycling', 'recycling_type': 'container'}",recycling,,,,,,,,node/12513705161
4,node,12513705162,,35.2238645,-80.8504097,{'amenity': 'waste_basket'},waste_basket,,,,,,,,node/12513705162
4,node,12513705163,,35.2237602,-80.8503688,{'amenity': 'waste_basket'},waste_basket,,,,,,,,node/12513705163
4,node,12513705164,,35.2235643,-80.8506479,{'amenity': 'waste_basket'},waste_basket,,,,,,,,node/12513705164
4,node,12513705165,,35.2235128,-80.8509269,{'amenity': 'waste_basket'},waste_basket,,,,,,,,node/12513705165
4,node,12513705179,,35.224138,-80.8503903,{'amenity': 'waste_basket'},waste_basket,,,,,,,,node/12513705179
4,node,12513705180,,35.2242704,-80.8505256,{'amenity': 'waste_basket'},waste_basket,,,,,,,,node/12513705180
4,node,12513705185,,35.224318,-80.8507239,{'amenity': 'parking_entrance'},parking_entrance,,,,,,,,node/12513705185
4,node,12513705187,,35.224246,-80.8507426,"{'access': 'yes', 'amenity': 'bicycle_parking', 'bicycle_parking': 'stands', 'capacity': '28', 'covered': 'yes'}",bicycle_parking,,,,,,,,node/12513705187
4,node,12513705188,Caroline's Oyster Bar,35.2227605,-80.8479514,"{'amenity': 'restaurant', 'cuisine': 'seafood', 'name': ""Caroline's Oyster Bar""}",restaurant,,,,,,,,node/12513705188
4,node,12513705189,Dean's Italian Steakhouse,35.2225878,-80.8477666,"{'amenity': 'restaurant', 'cuisine': 'steak_house', 'name': ""Dean's Italian Steakhouse""}",restaurant,,,,,,,,node/12513705189
4,node,12513705208,,35.2223637,-80.8474007,"{'amenity': 'recycling', 'recycling_type': 'container'}",recycling,,,,,,,,node/12513705208
4,node,12513705209,,35.2223496,-80.8473822,{'amenity': 'waste_basket'},waste_basket,,,,,,,,node/12513705209
4,node,12513705214,,35.2212798,-80.8463048,"{'amenity': 'bicycle_parking', 'bicycle_parking': 'stands', 'capacity': '6', 'covered': 'yes'}",bicycle_parking,,,,,,,,node/12513705214
4,node,12513705221,,35.2204204,-80.8459297,"{'access': 'yes', 'amenity': 'bicycle_parking', 'bicycle_parking': 'stands', 'capacity': '12', 'covered': 'yes', 'foot_traffic': 'low'}",bicycle_parking,,,,,,,,node/12513705221
4,node,12513705222,,35.2200977,-80.8457881,{'amenity': 'bench'},bench,,,,,,,,node/12513705222
4,node,12513705223,,35.2200838,-80.8457971,{'amenity': 'bench'},bench,,,,,,,,node/12513705223
4,node,12513705224,,35.2200748,-80.8458229,{'amenity': 'waste_basket'},waste_basket,,,,,,,,node/12513705224
4,node,12513705225,,35.2198394,-80.8458092,{'amenity': 'bench'},bench,,,,,,,,node/12513705225
4,node,12513705226,,35.2198601,-80.8457455,{'amenity': 'bench'},bench,,,,,,,,node/12513705226
4,node,12513705227,,35.2198478,-80.8460153,"{'access': 'yes', 'amenity': 'bicycle_parking', 'bicycle_parking': 'stands', 'capacity': '4', 'covered': 'no'}",bicycle_parking,,,,,,,,node/12513705227
4,node,12513705308,,35.2207422,-80.8436706,{'amenity': 'waste_basket'},waste_basket,,,,,,,,node/12513705308
4,node,12513705309,,35.2213722,-80.8428629,{'amenity': 'waste_basket'},waste_basket,,,,,,,,node/12513705309
4,node,12513705310,,35.2213244,-80.8429539,"{'amenity': 'bench', 'backrest': 'no'}",bench,,,,,,,,node/12513705310
4,node,12513705311,,35.2213792,-80.8429495,"{'amenity': 'bench', 'backrest': 'no'}",bench,,,,,,,,node/12513705311
4,node,12513705312,,35.2214071,-80.8429123,"{'amenity': 'bench', 'backrest': 'no'}",bench,,,,,,,,node/12513705312
4,node,12513705313,,35.2214415,-80.8429417,"{'amenity': 'bench', 'backrest': 'no'}",bench,,,,,,,,node/12513705313
4,node,12513705314,,35.2214142,-80.8429816,"{'amenity': 'bench', 'backrest': 'no'}",bench,,,,,,,,node/12513705314
4,node,12513705315,,35.2214766,-80.8429714,"{'amenity': 'bench', 'backrest': 'no'}",bench,,,,,,,,node/12513705315
4,node,12513705316,,35.2215059,-80.8430079,"{'amenity': 'bench', 'backrest': 'no'}",bench,,,,,,,,node/12513705316
4,node,12513705317,,35.2215643,-80.8430191,"{'amenity': 'bench', 'backrest': 'no'}",bench,,,,,,,,node/12513705317
4,node,12513705318,,35.2216207,-80.84303,{'amenity': 'waste_basket'},waste_basket,,,,,,,,node/12513705318
4,node,12513705319,,35.2216254,-80.8436692,{'amenity': 'waste_basket'},waste_basket,,,,,,,,node/12513705319
4,node,12513705320,,35.2215457,-80.8482949,"{'access': 'yes', 'amenity': 'bicycle_parking', 'bicycle_parking': 'wave', 'capacity': '11', 'covered': 'yes'}",bicycle_parking,,,,,,,,node/12513705320
4,node,12513705321,,35.2195318,-80.8451439,"{'amenity': 'vending_machine', 'bin': 'yes', 'vending': 'excrement_bags'}",vending_machine,,,,,,,,node/12513705321
4,node,12513705323,,35.219456,-80.8448174,{'amenity': 'bench'},bench,,,,,,,,node/12513705323
4,node,12513705328,,35.2191383,-80.8444448,{'amenity': 'parking_entrance'},parking_entrance,,,,,,,,node/12513705328
4,node,12513705329,,35.2191335,-80.844591,{'amenity': 'parking_entrance'},parking_entrance,,,,,,,,node/12513705329
4,node,12513705342,,35.2189873,-80.8444736,{'amenity': 'parking_entrance'},parking_entrance,,,,,,,,node/12513705342
4,node,12513705344,,35.2192211,-80.8446475,{'amenity': 'bench'},bench,,,,,,,,node/12513705344
4,node,12513705377,,35.2192629,-80.8445823,{'amenity': 'bench'},bench,,,,,,,,node/12513705377
4,node,12513705392,,35.2188853,-80.8444305,"{'access': 'yes', 'amenity': 'bicycle_parking', 'bicycle_parking': 'stands', 'capacity': '6', 'covered': 'yes'}",bicycle_parking,,,,,,,,node/12513705392
4,node,12513705393,,35.2189542,-80.8443648,{'amenity': 'bench'},bench,,,,,,,,node/12513705393
4,node,12513705394,,35.2190357,-80.844337,{'amenity': 'bench'},bench,,,,,,,,node/12513705394
4,node,12513705395,,35.2190295,-80.8442482,{'amenity': 'bench'},bench,,,,,,,,node/12513705395
4,node,12513705396,,35.219077,-80.844205,{'amenity': 'bench'},bench,,,,,,,,node/12513705396
4,node,12513705397,,35.2191241,-80.8442244,{'amenity': 'bench'},bench,,,,,,,,node/12513705397
4,node,12513705398,,35.2188132,-80.8435569,"{'amenity': 'vending_machine', 'bin': 'yes', 'vending': 'excrement_bags'}",vending_machine,,,,,,,,node/12513705398
4,node,12513705399,CityVet,35.2186742,-80.843531,"{'amenity': 'veterinary', 'name': 'CityVet'}",veterinary,,,,,,,,node/12513705399
4,node,12513705411,,35.2186453,-80.8432917,"{'access': 'yes', 'amenity': 'bicycle_parking', 'bicycle_parking': 'stands', 'capacity': '4', 'covered': 'no'}",bicycle_parking,,,,,,,,node/12513705411
4,node,12513705412,,35.2182899,-80.8431096,"{'access': 'yes', 'amenity': 'bicycle_parking', 'bicycle_parking': 'stands', 'capacity': '10', 'covered': 'yes'}",bicycle_parking,,,,,,,,node/12513705412
4,node,12948241677,,35.2230993,-80.8504432,{'amenity': 'parking_entrance'},parking_entrance,,,,,,,,node/12948241677
4,node,12948241684,,35.2230563,-80.8502667,{'amenity': 'parking_entrance'},parking_entrance,,,,,,,,node/12948241684
4,node,12963151031,Grace Zion Church,35.2232018,-80.8417435,"{'amenity': 'place_of_worship', 'name': 'Grace Zion Church', 'religion': 'christian'}",place_of_worship,,,,,,,,node/12963151031
4,node,12985837801,Mimosa Grill,35.2246374,-80.8455653,"{'addr:housenumber': '327', 'addr:postcode': '28203', 'addr:street': 'South Tryon Street', 'amenity': 'restaurant', 'cuisine': 'american', 'internet_access': 'wlan', 'level': '0', 'name': 'Mimosa Grill', 'opening_hours': 'Mo-Sa 11:30-21:00; Su 10:30-14:00', 'website': 'https://mimosagrill.com/'}",restaurant,,,,,,,,node/12985837801
4,node,13233666025,JINYA Ramen Bar,35.2226607,-80.849213,"{'amenity': 'restaurant', 'brand': 'JINYA Ramen Bar', 'brand:wikidata': 'Q16997755', 'cuisine': 'ramen', 'name': 'JINYA Ramen Bar', 'short_name': 'JINYA'}",restaurant,,,,,,,,node/13233666025
4,node,13233666026,Salata Salad Kitchen,35.2229706,-80.8488308,"{'amenity': 'fast_food', 'cuisine': 'salad', 'name': 'Salata Salad Kitchen'}",fast_food,,,,,,,,node/13233666026
4,node,13233666028,Que Fresca Taqueria,35.2229194,-80.8471179,"{'amenity': 'restaurant', 'cuisine': 'mexican', 'name': 'Que Fresca Taqueria'}",restaurant,,,,,,,,node/13233666028
4,node,13316712069,Uptown Park&Wash,35.2232716,-80.8433355,"{'addr:city': 'Charlotte', 'addr:housenumber': '227', 'addr:postcode': '28202', 'addr:state': 'NC', 'addr:street': 'East 3rd Street', 'amenity': 'car_wash', 'check_date': '2025-11-19', 'currency:XBT': 'yes', 'name': 'Uptown Park&Wash', 'opening_hours': 'Mo-Fr 08:00-17:00; Sa-Su 08:00-12:00', 'payment:lightning': 'yes', 'payment:lightning:operator': 'square', 'payment:lightning_contactless': 'no', 'payment:onchain': 'no'}",car_wash,,,,,,,,node/13316712069
4,node,13328798501,,35.2255597,-80.8469845,"{'access': 'yes', 'amenity': 'bicycle_parking', 'bicycle_parking': 'wave', 'capacity': '7', 'covered': 'yes', 'indoor': 'no'}",bicycle_parking,,,,,,,,node/13328798501
4,node,13332382768,Oh My Soul On The Moo've,35.2226509,-80.848678,"{'addr:city': 'Charlotte', 'addr:housenumber': '601', 'addr:postcode': '28202', 'addr:state': 'NC', 'addr:street': 'South Tryon Street', 'addr:unit': 'A137', 'amenity': 'restaurant', 'name': ""Oh My Soul On The Moo've"", 'phone': '+1-980-236-8531', 'website': 'https://www.ohmysoulusa.com'}",restaurant,,,,,,,,node/13332382768
4,node,13457125329,,35.223481,-80.8435512,{'amenity': 'waste_basket'},waste_basket,,,,,,,,node/13457125329
4,node,13457125331,,35.2234621,-80.8435844,{'amenity': 'waste_basket'},waste_basket,,,,,,,,node/13457125331
4,node,13457166631,Night Swim Coffee,35.2242077,-80.844575,"{'amenity': 'cafe', 'cuisine': 'coffee_shop', 'level': '1', 'name': 'Night Swim Coffee'}",cafe,,,,,,,,node/13457166631
4,node,13457166632,Smoothie King,35.2241715,-80.8446711,"{'amenity': 'fast_food', 'brand': 'Smoothie King', 'brand:wikidata': 'Q5491421', 'cuisine': 'juice', 'level': '1', 'name': 'Smoothie King', 'takeaway': 'yes'}",fast_food,,,,,,,,node/13457166632
4,way,131139733,Knight Theater,35.2249144,-80.8478739,"{'addr:city': 'Charlotte', 'addr:housenumber': '430', 'addr:postcode': '28202', 'addr:state': 'NC', 'addr:street': 'South Tryon Street', 'amenity': 'theatre', 'building': 'yes', 'height': '27', 'name': 'Knight Theater'}",theatre,,,,,,,,way/131139733
4,way,174171808,Lot #402,35.2231215,-80.8412855,"{'addr:city': 'Charlotte', 'addr:housenumber': '402', 'addr:postcode': '28202', 'addr:state': 'NC', 'addr:street': 'East 4th Street', 'amenity': 'parking', 'fee': 'yes', 'name': 'Lot #402', 'operator': 'Preferred Parking', 'parking': 'surface', 'surface': 'asphalt'}",parking,,,,,,,,way/174171808
4,way,174301661,Lot #501,35.2199217,-80.843385,"{'addr:city': 'Charlotte', 'addr:housenumber': '501', 'addr:postcode': '28202', 'addr:state': 'NC', 'addr:street': 'South Caldwell Street', 'amenity': 'parking', 'fee': 'yes', 'name': 'Lot #501', 'operator': 'E-Z Parking', 'parking': 'surface', 'surface': 'asphalt'}",parking,,,,,,,,way/174301661
4,way,239813217,Charlotte Convention Center,35.2220913,-80.84533,"{'addr:state': 'NC', 'amenity': 'conference_centre', 'building': 'yes', 'ele': '227', 'gnis:feature_id': '2025493', 'height': '23', 'layer': '1', 'name': 'Charlotte Convention Center', 'source': 'USGS Geonames', 'wikidata': 'Q5085885'}",conference_centre,,,,,,,,way/239813217
4,way,322993022,,35.2230771,-80.8434573,{'amenity': 'parking'},parking,,,,,,,,way/322993022
4,way,461398123,Duke Energy Parking,35.2258693,-80.8501319,"{'access': 'permit', 'amenity': 'parking', 'name': 'Duke Energy Parking', 'operator': 'Duke Energy', 'operator:type': 'private', 'parking': 'surface', 'surface': 'asphalt'}",parking,,,,,,,,way/461398123
4,way,469145609,Child’s Play Fountain,35.2251383,-80.8457091,"{'amenity': 'fountain', 'name': 'Child’s Play Fountain'}",fountain,,,,,,,,way/469145609
4,way,500195164,St. Peter's Catholic Church,35.2238291,-80.84731,"{'addr:city': 'Charlotte', 'addr:housenumber': '507', 'addr:postcode': '28202', 'addr:state': 'NC', 'addr:street': 'South Tryon Street', 'amenity': 'place_of_worship', 'building': 'yes', 'denomination': 'catholic', 'height': '23', 'name': ""St. Peter's Catholic Church"", 'religion': 'christian', 'wikidata': 'Q7591308', 'wikipedia': ""en:St. Peter's Catholic Church (Charlotte, North Carolina)""}",place_of_worship,,,,,,,,way/500195164
4,way,695677598,,35.2203755,-80.8427111,"{'amenity': 'parking', 'building': 'yes', 'building:levels': '14', 'parking': 'multi-storey'}",parking,,,,,,,,way/695677598
4,way,695677599,,35.2205203,-80.8428153,"{'access': 'customers', 'amenity': 'parking', 'building': 'parking', 'building:levels': '5', 'fee': 'yes', 'parking': 'multi-storey'}",parking,,,,,,,,way/695677599
4,way,695677601,,35.2202368,-80.8425723,"{'access': 'customers', 'amenity': 'parking', 'building': 'parking', 'building:levels': '5', 'fee': 'yes', 'parking': 'multi-storey'}",parking,,,,,,,,way/695677601
4,way,715062090,Legacy Union Seven20,35.2240013,-80.8510448,"{'access': 'yes', 'addr:city': 'Charlotte', 'addr:housenumber': '720', 'addr:postcode': '28202', 'addr:state': 'NC', 'addr:street': 'South Church Street', 'amenity': 'parking', 'building': 'parking', 'building:levels': '10', 'fee': 'yes', 'height': '49', 'name': 'Legacy Union Seven20', 'operator': 'LAZ Parking', 'operator:type': 'private', 'parking': 'multi-storey', 'payment:credit_cards': 'yes', 'payment:debit_cards': 'yes', 'surface': 'concrete'}",parking,,,,,,,,way/715062090
4,way,766639183,Prefered Parking,35.2212678,-80.8415254,"{'access': 'yes', 'addr:city': 'Charlotte', 'addr:housenumber': '300', 'addr:postcode': '28202', 'addr:state': 'NC', 'addr:street': 'South Davidson Street', 'amenity': 'parking', 'fee': 'yes', 'maxstay': '12 hours', 'name': 'Prefered Parking', 'operator:type': 'private', 'parking': 'surface', 'surface': 'asphalt'}",parking,,,,,,,,way/766639183
4,way,1046738977,Ally Charlotte Center Parking Deck,35.2223123,-80.8484562,"{'access': 'yes', 'amenity': 'parking', 'building': 'yes', 'capacity:disabled': '1400', 'fee': 'yes', 'layer': '1', 'name': 'Ally Charlotte Center Parking Deck', 'parking': 'multi-storey', 'surface': 'concrete'}",parking,,,,,,,,way/1046738977
4,way,1046738980,Golden Cow Creamery Uptown,35.2230655,-80.8483483,"{'addr:city': 'Charlotte', 'addr:housenumber': '601', 'addr:postcode': '28202', 'addr:state': 'NC', 'addr:street': 'South Tryon Street', 'amenity': 'ice_cream', 'building': 'yes', 'name': 'Golden Cow Creamery Uptown', 'outdoor_seating': 'yes'}",ice_cream,,,,,,,,way/1046738980
4,way,1046738994,,35.2231961,-80.848476,"{'amenity': 'bench', 'backrest': 'no', 'material': 'marble'}",bench,,,,,,,,way/1046738994
4,way,1047699837,330 South Tryon Parking Garage,35.2256457,-80.8469423,"{'access': 'yes', 'amenity': 'parking', 'building': 'yes', 'capacity': '250', 'fee': 'yes', 'name': '330 South Tryon Parking Garage', 'operator': 'Preferred Parking', 'parking': 'multi-storey', 'surface': 'concrete'}",parking,,,,,,,,way/1047699837
4,way,1047699853,400 South Tryon Parking Garage,35.2253497,-80.8474483,"{'access': 'yes', 'amenity': 'parking', 'building': 'yes', 'capacity': '495', 'fee': 'yes', 'name': '400 South Tryon Parking Garage', 'operator': 'Preffered Parking', 'parking': 'multi-storey', 'surface': 'concrete'}",parking,,,,,,,,way/1047699853
4,way,1090622203,,35.2221518,-80.8422876,{'amenity': 'parking'},parking,,,,,,,,way/1090622203
4,way,1102373278,,35.2201999,-80.8450962,"{'amenity': 'bench', 'backrest': 'no', 'material': 'wood'}",bench,,,,,,,,way/1102373278
4,way,1102373279,,35.2203673,-80.8452689,"{'amenity': 'bench', 'backrest': 'no', 'material': 'wood'}",bench,,,,,,,,way/1102373279
4,way,1102373280,,35.2204156,-80.8453218,"{'amenity': 'bench', 'backrest': 'no', 'material': 'wood'}",bench,,,,,,,,way/1102373280
4,way,1190021160,,35.2229322,-80.8454958,"{'amenity': 'fountain', 'natural': 'water'}",fountain,,,,,,,,way/1190021160
4,way,1327104767,,35.2237994,-80.8466892,"{'amenity': 'parking', 'layer': '-1', 'parking': 'underground'}",parking,,,,,,,,way/1327104767
4,way,1350996122,,35.2204167,-80.8461525,"{'amenity': 'parking', 'building': 'yes', 'height': '29', 'parking': 'multi-storey'}",parking,,,,,,,,way/1350996122
4,way,1351490868,,35.2212232,-80.8479106,"{'amenity': 'parking', 'building': 'yes', 'height': '5', 'parking': 'multi-storey'}",parking,,,,,,,,way/1351490868
4,way,1372094547,,35.2239895,-80.8495663,"{'amenity': 'parking', 'building': 'yes', 'height': '29', 'parking': 'multi-storey'}",parking,,,,,,,,way/1372094547
4,way,1407466862,,35.2186946,-80.8417007,{'amenity': 'parking'},parking,,,,,,,,way/1407466862
4,way,1409110310,,35.2233644,-80.8503158,"{'amenity': 'parking', 'building': 'yes', 'height': '25', 'parking': 'multi-storey'}",parking,,,,,,,,way/1409110310
4,way,1429557535,,35.2214263,-80.8513386,"{'amenity': 'parking', 'parking': 'surface'}",parking,,,,,,,,way/1429557535
4,way,1429557536,,35.2218384,-80.8516092,{'amenity': 'parking'},parking,,,,,,,,way/1429557536
4,way,1429557537,,35.2216403,-80.8509974,{'amenity': 'parking'},parking,,,,,,,,way/1429557537
4,way,1429557538,,35.2210932,-80.8505305,{'amenity': 'parking'},parking,,,,,,,,way/1429557538
4,relation,4716137,Metro School,35.2190789,-80.8421271,"{'amenity': 'school', 'building': 'school', 'ele': '209', 'gnis:feature_id': '1984523', 'height': '13', 'name': 'Metro School', 'type': 'multipolygon'}",school,,,,,,,,relation/4716137
4,relation,6054693,,35.2237503,-80.8420914,"{'amenity': 'parking', 'fee': 'yes', 'parking': 'surface', 'surface': 'asphalt', 'type': 'multipolygon'}",parking,,,,,,,,relation/6054693
4,node,11093041435,Amelie’s,35.2242307,-80.845226,"{'addr:city': 'Charlotte', 'addr:housenumber': '380', 'addr:postcode': '28202', 'addr:state': 'NC', 'addr:street': 'South College Street', 'name': 'Amelie’s', 'opening_hours': 'Mo-Su 08:00-17:00', 'phone': '+1-704-899-0088', 'shop': 'bakery', 'website': 'https://www.ameliesfrenchbakery.com'}",,bakery,,,,,,,node/11093041435
4,node,11648968547,Whole Foods Market,35.2212955,-80.8465278,"{'addr:city': 'Charlotte', 'addr:housenumber': '400', 'addr:postcode': '28202', 'addr:state': 'NC', 'addr:street': 'East Brooklyn Village Avenue', 'branch': 'Uptown Charlotte', 'brand': 'Whole Foods Market', 'brand:wikidata': 'Q1809448', 'check_date': '2024-10-03', 'check_date:opening_hours': '2024-10-03', 'name': 'Whole Foods Market', 'opening_hours': 'Mo-Su 08:00-22:00', 'phone': '+1 704-969-5950', 'ref': 'uptowncharlotte', 'shop': 'supermarket', 'website': 'https://www.wholefoodsmarket.com/stores/uptowncharlotte'}",,supermarket,,,,,,,node/11648968547
4,node,12513705155,Scissors & Scotch,35.2224642,-80.849236,"{'addr:city': 'Charlotte', 'addr:housenumber': '601', 'addr:postcode': '28202', 'addr:state': 'NC', 'addr:street': 'S. Tryon Street', 'addr:unit': 'Suite 134', 'hairdresser': 'barber', 'name': 'Scissors & Scotch', 'opening_hours': 'Mo-Fr 10:00-19:00; Su 11:00-17:00; Sa 09:00-17:00', 'payment:cash': 'yes', 'payment:contactless': 'yes', 'payment:credit_cards': 'yes', 'phone': '+1-704-970-4141', 'shop': 'hairdresser', 'website': 'https://scissorsscotch.com/'}",,hairdresser,,,,,,,node/12513705155
4,node,12513705306,CVS Pharmacy,35.2201038,-80.8451584,"{'brand': 'CVS Pharmacy', 'brand:wikidata': 'Q2078880', 'name': 'CVS Pharmacy', 'shop': 'chemist', 'short_name': 'CVS'}",,chemist,,,,,,,node/12513705306
4,node,12513705413,Salon Lofts,35.2183449,-80.8431339,"{'name': 'Salon Lofts', 'shop': 'beauty'}",,beauty,,,,,,,node/12513705413
4,node,13375183512,Uptown Cuts,35.2239237,-80.8440337,"{'addr:city': 'Charlotte', 'addr:housenumber': '301', 'addr:postcode': '28202', 'addr:state': 'NC', 'addr:street': 'South College Street', 'addr:unit': '130', 'check_date': '2025-12-14', 'contact:instagram': 'https://www.instagram.com/uptowncuts_clt', 'currency:XBT': 'yes', 'hairdresser': 'barber', 'name': 'Uptown Cuts', 'opening_hours': 'Mo-Fr 09:00-19:00; Sa 09:00-15:00', 'payment:lightning': 'yes', 'payment:lightning:operator': 'square', 'payment:lightning_contactless': 'no', 'payment:onchain': 'no', 'phone': '+1-980-483-8618', 'shop': 'hairdresser', 'website': 'https://www.uptowncutsclt.com/'}",,hairdresser,,,,,,,node/13375183512
4,node,13457166644,Overstreet Market,35.223869,-80.844594,"{'level': '1', 'name': 'Overstreet Market', 'shop': 'convenience'}",,convenience,,,,,,,node/13457166644
4,way,432940147,Charlotte Cigar Culture,35.2209066,-80.8508606,"{'building': 'yes', 'name': 'Charlotte Cigar Culture', 'shop': 'tobacco'}",,tobacco,,,,,,,way/432940147
4,node,13457166645,Childress Klein YMCA,35.2237794,-80.8443278,"{'brand': 'YMCA', 'brand:wikidata': 'Q157169', 'leisure': 'sports_centre', 'name': 'Childress Klein YMCA'}",,,sports_centre,,,,,,node/13457166645
4,way,131139739,The Green,35.2238147,-80.8467892,"{'leisure': 'park', 'name': 'The Green', 'source': 'Bing', 'wikidata': 'Q7738116'}",,,park,,,,,,way/131139739
4,way,861268757,,35.2245355,-80.8477304,{'leisure': 'garden'},,,garden,,,,,,way/861268757
4,way,861268758,,35.2244749,-80.8476654,{'leisure': 'garden'},,,garden,,,,,,way/861268758
4,way,861268759,,35.2244157,-80.8476012,{'leisure': 'garden'},,,garden,,,,,,way/861268759
4,way,861268760,,35.2244549,-80.8475436,{'leisure': 'garden'},,,garden,,,,,,way/861268760
4,way,861268761,,35.2245162,-80.8476055,{'leisure': 'garden'},,,garden,,,,,,way/861268761
4,way,861268762,,35.2245779,-80.8476675,{'leisure': 'garden'},,,garden,,,,,,way/861268762
4,way,909468311,,35.2238752,-80.8466705,{'leisure': 'garden'},,,garden,,,,,,way/909468311
4,way,909468312,,35.2237846,-80.8465601,{'leisure': 'garden'},,,garden,,,,,,way/909468312
4,way,909468313,,35.2236499,-80.846718,{'leisure': 'garden'},,,garden,,,,,,way/909468313
4,way,909468314,,35.2237883,-80.8468423,{'leisure': 'garden'},,,garden,,,,,,way/909468314
4,way,909468321,,35.2241032,-80.8468594,{'leisure': 'garden'},,,garden,,,,,,way/909468321
4,way,909468323,,35.2239292,-80.8469593,{'leisure': 'garden'},,,garden,,,,,,way/909468323
4,way,909468324,,35.2234749,-80.8464445,{'leisure': 'garden'},,,garden,,,,,,way/909468324
4,way,909468325,,35.2235954,-80.8463039,{'leisure': 'garden'},,,garden,,,,,,way/909468325
4,way,909468328,,35.2234443,-80.8465083,{'leisure': 'garden'},,,garden,,,,,,way/909468328
4,way,909468329,,35.2235605,-80.8467184,{'leisure': 'garden'},,,garden,,,,,,way/909468329
4,way,909468331,,35.2240241,-80.8471309,{'leisure': 'garden'},,,garden,,,,,,way/909468331
4,way,1332536453,,35.2238039,-80.8477851,"{'garden:type': 'landscaping', 'leisure': 'garden'}",,,garden,,,,,,way/1332536453
4,way,1332536455,,35.2236241,-80.8480551,"{'garden:type': 'landscaping', 'leisure': 'garden'}",,,garden,,,,,,way/1332536455
4,way,1332536457,,35.2235218,-80.8481671,"{'garden:type': 'landscaping', 'leisure': 'garden'}",,,garden,,,,,,way/1332536457
4,way,1350996136,,35.2208751,-80.8464617,"{'access': 'private', 'leisure': 'swimming_pool', 'location': 'roof'}",,,swimming_pool,,,,,,way/1350996136
4,way,1351901030,,35.2192946,-80.8449365,{'leisure': 'swimming_pool'},,,swimming_pool,,,,,,way/1351901030
4,way,1352473408,,35.2242324,-80.8506112,{'leisure': 'outdoor_seating'},,,outdoor_seating,,,,,,way/1352473408
4,way,1352473422,,35.2218753,-80.8435416,{'leisure': 'outdoor_seating'},,,outdoor_seating,,,,,,way/1352473422
4,way,1352473423,,35.2204515,-80.8446295,{'leisure': 'outdoor_seating'},,,outdoor_seating,,,,,,way/1352473423
4,node,2503984448,Visitor Information Center,35.2248795,-80.8460352,"{'information': 'office', 'name': 'Visitor Information Center', 'tourism': 'information'}",,,,information,,,,,node/2503984448
4,node,5016558822,Firebird,35.2243618,-80.8474951,"{'artist_name': 'Niki de Saint Phalle', 'artwork_type': 'sculpture', 'material': 'metal', 'name': 'Firebird', 'start_date': '2009', 'tourism': 'artwork'}",,,,artwork,,,,,node/5016558822
4,node,10968050748,,35.223827,-80.8476613,"{'artwork_type': 'sculpture', 'tourism': 'artwork'}",,,,artwork,,,,,node/10968050748
4,node,11083083004,,35.22352,-80.8462353,"{'artwork_type': 'sculpture', 'tourism': 'artwork'}",,,,artwork,,,,,node/11083083004
4,node,11083145810,,35.2234226,-80.8463744,"{'artwork_type': 'sculpture', 'tourism': 'artwork'}",,,,artwork,,,,,node/11083145810
4,node,11083145811,,35.2242878,-80.847069,"{'artwork_type': 'sculpture', 'material': 'brick', 'tourism': 'artwork'}",,,,artwork,,,,,node/11083145811
4,node,12327899281,,35.2237529,-80.8475722,"{'artwork_type': 'sculpture', 'tourism': 'artwork'}",,,,artwork,,,,,node/12327899281
4,node,12513705156,Museum of Illusions,35.2223345,-80.8491318,"{'name': 'Museum of Illusions', 'tourism': 'museum'}",,,,museum,,,,,node/12513705156
4,node,12513705322,"""Uptown""",35.2195841,-80.8448915,"{'artwork_type': 'installation', 'material': 'metal', 'name': '""Uptown""', 'tourism': 'artwork'}",,,,artwork,,,,,node/12513705322
4,way,120628262,Hyatt Place Charlotte Downtown,35.222597,-80.841087,"{'addr:city': 'Charlotte', 'addr:housenumber': '222', 'addr:postcode': '28202', 'addr:state': 'NC', 'addr:street': 'South Caldwell Street', 'branch': 'Charlotte Downtown', 'brand': 'Hyatt Place', 'brand:wikidata': 'Q72629292', 'building': 'yes', 'building:levels': '17', 'height': '103', 'name': 'Hyatt Place Charlotte Downtown', 'phone': '+1 704-227-0500', 'tourism': 'hotel', 'website': 'https://www.hyatt.com/en-us/hotel/north-carolina/hyatt-place-charlotte-downtown/cltzu'}",,,,hotel,,,,,way/120628262
4,way,131139722,Harvey B. Gantt Center for African American Arts & Culture,35.2231064,-80.8479206,"{'addr:city': 'Charlotte', 'addr:housenumber': '551', 'addr:postcode': '28202', 'addr:state': 'NC', 'addr:street': 'South Tryon Street', 'building': 'yes', 'email': 'gsa@ganttcenter.org', 'height': '29', 'museum': 'art', 'name': 'Harvey B. Gantt Center for African American Arts & Culture', 'phone': '+1 704 547 3700', 'tourism': 'museum', 'website': 'https://www.ganttcenter.org/', 'wikidata': 'Q16983412'}",,,,museum,,,,,way/131139722
4,way,131139728,Bechtler Museum Of Modern Art,35.2245865,-80.8474035,"{'addr:city': 'Charlotte', 'addr:housenumber': '420', 'addr:postcode': '28202', 'addr:state': 'NC', 'addr:street': 'South Tryon Street', 'building': 'yes', 'height': '30', 'name': 'Bechtler Museum Of Modern Art', 'phone': '+1-704-353-9200', 'tourism': 'museum', 'website': 'https://www.bechtler.org/', 'wikidata': 'Q4878575', 'wikipedia': 'en:Bechtler Museum of Modern Art'}",,,,museum,,,,,way/131139728
4,way,131139755,Mint Museum Uptown,35.2245205,-80.8483605,"{'addr:city': 'Charlotte', 'addr:housenumber': '500', 'addr:postcode': '28202', 'addr:state': 'NC', 'addr:street': 'South Tryon Street', 'building': 'yes', 'building:levels': '3', 'fee': 'yes', 'height': '31', 'museum': 'art', 'name': 'Mint Museum Uptown', 'name:en': 'Mint Museum Uptown', 'opening_hours:url': 'https://www.mintmuseum.org/plan-your-visit/mint-museum-uptown/#hours', 'phone': '+1 704 337 2000', 'tourism': 'museum', 'website': 'https://www.mintmuseum.org/', 'wheelchair': 'yes', 'wikidata': 'Q6869561'}",,,,museum,,,,,way/131139755
4,way,322278731,NASCAR Hall of Fame,35.2210348,-80.8441204,"{'addr:city': 'Charlotte', 'addr:housenumber': '400', 'addr:postcode': '28202', 'addr:state': 'NC', 'addr:street': 'East Martin Luther King Jr Boulevard', 'building': 'yes', 'check_date:opening_hours': '2023-02-17', 'fee': 'yes', 'height': '60', 'name': 'NASCAR Hall of Fame', 'opening_hours': 'Mo-Su 10:00-17:00; Tu off', 'source': 'Bing', 'toilets:wheelchair': 'yes', 'tourism': 'museum', 'website': 'https://www.nascarhall.com/', 'wheelchair': 'yes', 'wikidata': 'Q1443089'}",,,,museum,,,,,way/322278731
4,way,380092605,Hilton Charlotte Uptown,35.2239118,-80.8437606,"{'addr:city': 'Charlotte', 'addr:housenumber': '222', 'addr:postcode': '28202', 'addr:state': 'NC', 'addr:street': 'East 3rd Street', 'brand': 'Hilton', 'brand:wikidata': 'Q598884', 'building': 'yes', 'building:levels': '10', 'height': '83', 'internet_access': 'yes', 'layer': '1', 'name': 'Hilton Charlotte Uptown', 'phone': '+1-704-377-1500', 'tourism': 'hotel', 'website': 'https://charlotteuptown.hilton.com', 'wikidata': 'Q111394608'}",,,,hotel,,,,,way/380092605
4,way,397372377,The Westin Charlotte,35.2217519,-80.8472572,"{'addr:city': 'Charlotte', 'addr:housenumber': '601', 'addr:postcode': '28202', 'addr:state': 'NC', 'addr:street': 'South College Street', 'brand': 'Westin', 'brand:wikidata': 'Q1969162', 'building': 'yes', 'height': '94', 'internet_access': 'wlan', 'level': '1', 'name': 'The Westin Charlotte', 'operator': 'The Westin Hotels', 'phone': '+1-704-375-2600', 'rooms': '700', 'smoking': 'no', 'tourism': 'hotel', 'website': 'https://www.marriott.com/en-us/hotels/cltcw-the-westin-charlotte/', 'wikidata': 'Q7988920'}",,,,hotel,,,,,way/397372377
4,way,500727932,Embassy Suites by Hilton Charlotte Uptown,35.2219781,-80.8425865,"{'addr:city': 'Charlotte', 'addr:housenumber': '401', 'addr:postcode': '28202', 'addr:state': 'NC', 'addr:street': 'East Martin Luther King Jr Boulevard', 'branch': 'Charlotte Uptown', 'brand': 'Embassy Suites', 'brand:wikidata': 'Q5369524', 'building': 'yes', 'building:levels': '9', 'height': '13', 'name': 'Embassy Suites by Hilton Charlotte Uptown', 'official_name': 'Embassy Suites by Hilton', 'ref': 'CLTMLES', 'tourism': 'hotel', 'website': 'https://www.hilton.com/en/hotels/cltmles-embassy-suites-charlotte-uptown/'}",,,,hotel,,,,,way/500727932
4,way,695677597,Hilton Garden Inn Charlotte Uptown,35.2206667,-80.8429395,"{'addr:city': 'Charlotte', 'addr:housenumber': '508', 'addr:postcode': '28202', 'addr:state': 'NC', 'addr:street': 'East Martin Luther King Jr Boulevard', 'branch': 'Charlotte Uptown', 'brand': 'Hilton Garden Inn', 'brand:wikidata': 'Q1162859', 'building': 'yes', 'building:levels': '15', 'internet_access': 'wlan', 'name': 'Hilton Garden Inn Charlotte Uptown', 'operator': 'Hilton', 'phone': '+1 704-347-5972', 'ref': 'CLTUPGI', 'tourism': 'hotel', 'website': 'https://hiltongardeninn3.hilton.com/en/hotels/north-carolina/hilton-garden-inn-charlotte-uptown-CLTUPGI/'}",,,,hotel,,,,,way/695677597
4,way,695677600,Hampton Inn Charlotte-Uptown,35.2201212,-80.8424078,"{'addr:city': 'Charlotte', 'addr:housenumber': '530', 'addr:postcode': '28202', 'addr:state': 'NC', 'addr:street': 'East Martin Luther King Jr Boulevard', 'alt_name': 'Hampton Inn', 'branch': 'Charlotte-Uptown', 'brand': 'Hampton', 'brand:wikidata': 'Q5646230', 'building': 'yes', 'building:levels': '10', 'name': 'Hampton Inn Charlotte-Uptown', 'note': 'Levels approximated', 'official_name': 'Hampton by Hilton', 'phone': '+1 704-373-0917', 'ref': 'CLTUTHX', 'tourism': 'hotel', 'website': 'https://hamptoninn3.hilton.com/en/hotels/north-carolina/hampton-inn-charlotte-uptown-CLTUTHX/'}",,,,hotel,,,,,way/695677600
4,way,695751577,Home2 Suites by Hilton,35.2202544,-80.8454478,"{'brand': 'Home2 Suites', 'brand:wikidata': 'Q5887912', 'building': 'yes', 'building:levels': '9', 'height': '40', 'name': 'Home2 Suites by Hilton', 'official_name': 'Home2 Suites by Hilton', 'tourism': 'hotel'}",,,,hotel,,,,,way/695751577
4,way,948973303,Courtyard Charlotte City Center,35.2255941,-80.8446822,"{'addr:city': 'Charlotte', 'addr:housenumber': '237', 'addr:postcode': '28202', 'addr:state': 'NC', 'addr:street': 'South Tryon Street', 'branch': 'Charlotte City Center', 'brand': 'Courtyard', 'brand:wikidata': 'Q1053170', 'building:part': 'yes', 'name': 'Courtyard Charlotte City Center', 'official_name': 'Courtyard by Marriott', 'phone': '+1 704-926-5800', 'ref': 'CLTUP', 'source': 'GPS', 'tourism': 'hotel', 'website': 'https://www.marriott.com/cltup'}",,,,hotel,,,,,way/948973303
4,way,1046738979,JW Marriott Charlotte,35.2226486,-80.8479942,"{'addr:city': 'Charlotte', 'addr:housenumber': '600', 'addr:postcode': '28202', 'addr:state': 'NC', 'addr:street': 'South College Street', 'brand': 'JW Marriott', 'brand:wikidata': 'Q1067636', 'building': 'yes', 'height': '80', 'name': 'JW Marriott Charlotte', 'rooms': '381', 'tourism': 'hotel', 'website': 'https://www.marriott.com/en-us/hotels/cltjw-jw-marriott-charlotte/overview/'}",,,,hotel,,,,,way/1046738979
4,way,1189773827,Element,35.2199872,-80.8459194,"{'brand': 'Element', 'brand:wikidata': 'Q91948072', 'building': 'yes', 'height': '33', 'name': 'Element', 'tourism': 'hotel'}",,,,hotel,,,,,way/1189773827
4,way,1194649376,,35.2253038,-80.8445942,"{'artwork_type': 'mural', 'tourism': 'artwork'}",,,,artwork,,,,,way/1194649376
4,way,1194649389,,35.2252372,-80.8446255,"{'artwork_type': 'mural', 'tourism': 'artwork'}",,,,artwork,,,,,way/1194649389
4,way,1194653338,,35.2253042,-80.844654,"{'artwork_type': 'mural', 'tourism': 'artwork'}",,,,artwork,,,,,way/1194653338
4,node,12505635375,KPMG,35.2236047,-80.8500504,"{'brand': 'KPMG', 'brand:wikidata': 'Q493751', 'name': 'KPMG', 'office': 'consulting'}",,,,,consulting,,,,node/12505635375
4,way,380092606,301 South College,35.2239236,-80.8447362,"{'addr:housenumber': '301', 'addr:street': 'South College Street', 'building': 'yes', 'height': '192', 'name': '301 South College', 'office': 'company', 'wikidata': 'Q3352669'}",,,,,company,,,,way/380092606
4,way,713125795,Regions 615,35.2215063,-80.8481096,"{'addr:city': 'Charlotte', 'addr:housenumber': '615', 'addr:postcode': '28202', 'addr:state': 'NC', 'addr:street': 'South College Street', 'air_conditioning': 'yes', 'building': 'yes', 'building:levels': '19', 'height': '91', 'layer': '1', 'name': 'Regions 615', 'office': 'company', 'operator': 'CBRE Global Investors', 'website': 'https://en.wikipedia.org/wiki/Regions_615', 'wikidata': 'Q29791440'}",,,,,company,,,,way/713125795
4,node,8419403082,3rd Street/Convention Center,35.2236591,-80.8431931,"{'light_rail': 'yes', 'name': '3rd Street/Convention Center', 'network': 'LYNX', 'operator': 'CATS', 'public_transport': 'stop_position', 'railway': 'stop'}",,,,,,stop_position,,,node/8419403082
4,node,8419403084,Brooklyn Village,35.2210919,-80.8475428,"{'light_rail': 'yes', 'name': 'Brooklyn Village', 'network': 'LYNX', 'operator': 'CATS', 'public_transport': 'stop_position', 'railway': 'stop'}",,,,,,stop_position,,,node/8419403084
4,node,8419403085,Brooklyn Village,35.2214189,-80.8468043,"{'light_rail': 'yes', 'name': 'Brooklyn Village', 'network': 'LYNX', 'operator': 'CATS', 'public_transport': 'stop_position', 'railway': 'stop'}",,,,,,stop_position,,,node/8419403085
4,node,9216411003,South College Street at East Brooklyn Village Avenue,35.2222489,-80.8475588,"{'bin': 'no', 'bus': 'yes', 'highway': 'bus_stop', 'name': 'South College Street at East Brooklyn Village Avenue', 'network': 'CATS', 'network:wikidata': 'Q5085831', 'operator': 'Charlotte Area Transit System', 'public_transport': 'platform', 'ref': '45399', 'route_ref': '5;16;35'}",,,,,,platform,,,node/9216411003
4,node,9216459020,South Brevard Street at East Martin Luther King Jr Boulevard,35.222573,-80.843063,"{'bin': 'no', 'bus': 'yes', 'highway': 'bus_stop', 'name': 'South Brevard Street at East Martin Luther King Jr Boulevard', 'network': 'CATS', 'network:wikidata': 'Q5085831', 'operator': 'Charlotte Area Transit System', 'public_transport': 'platform', 'ref': '25270', 'route_ref': '5;10;19;35;48x;53x;63x;77x'}",,,,,,platform,,,node/9216459020
4,node,9216459031,East Brooklyn Village Avenue at South College Street,35.2226902,-80.8475194,"{'bench': 'yes', 'bin': 'no', 'bus': 'yes', 'highway': 'bus_stop', 'name': 'East Brooklyn Village Avenue at South College Street', 'network': 'CATS', 'network:wikidata': 'Q5085831', 'operator': 'Charlotte Area Transit System', 'public_transport': 'platform', 'ref': '46594', 'route_ref': '5;35'}",,,,,,platform,,,node/9216459031
4,node,9216459034,South College Street at East 3rd Street,35.2244248,-80.8444382,"{'bench': 'no', 'bin': 'no', 'bus': 'yes', 'highway': 'bus_stop', 'lit': 'yes', 'name': 'South College Street at East 3rd Street', 'network': 'CATS', 'network:wikidata': 'Q5085831', 'operator': 'Charlotte Area Transit System', 'public_transport': 'platform', 'ref': '25360', 'route_ref': '5;16;35;40x;46x;48x;52x;53x;63x;64x;74x;77x', 'shelter': 'no', 'tactile_paving': 'no'}",,,,,,platform,,,node/9216459034
4,node,12327899377,,35.2239754,-80.8476186,"{'bus': 'yes', 'highway': 'bus_stop', 'public_transport': 'platform'}",,,,,,platform,,,node/12327899377
4,way,535123117,,35.2237195,-80.842978,"{'area': 'yes', 'bench': 'yes', 'bin': 'yes', 'layer': '1', 'light_rail': 'yes', 'lit': 'yes', 'network': 'LYNX', 'operator': 'CATS', 'public_transport': 'platform', 'railway': 'platform', 'shelter': 'yes', 'tactile_paving': 'yes'}",,,,,,platform,,,way/535123117
4,way,535123118,,35.2237972,-80.8430611,"{'area': 'yes', 'bench': 'yes', 'bin': 'yes', 'layer': '1', 'light_rail': 'yes', 'lit': 'yes', 'network': 'LYNX', 'operator': 'CATS', 'public_transport': 'platform', 'railway': 'platform', 'shelter': 'yes', 'tactile_paving': 'yes'}",,,,,,platform,,,way/535123118
4,way,535123119,,35.2213029,-80.847198,"{'area': 'yes', 'bench': 'yes', 'bin': 'yes', 'light_rail': 'yes', 'lit': 'yes', 'network': 'LYNX', 'operator': 'CATS', 'public_transport': 'platform', 'railway': 'platform', 'shelter': 'yes', 'tactile_paving': 'yes'}",,,,,,platform,,,way/535123119
4,way,535123120,,35.221226,-80.8471146,"{'area': 'yes', 'bench': 'yes', 'bin': 'yes', 'light_rail': 'yes', 'lit': 'yes', 'network': 'LYNX', 'operator': 'CATS', 'public_transport': 'platform', 'railway': 'platform', 'shelter': 'yes', 'tactile_paving': 'yes'}",,,,,,platform,,,way/535123120
4,way,908880504,,35.2198725,-80.849437,"{'area': 'yes', 'disused:railway': 'platform', 'highway': 'footway', 'public_transport': 'no', 'surface': 'concrete'}",,,,,,no,,,way/908880504
4,way,908941897,,35.2229272,-80.8444395,"{'area': 'yes', 'departures_board': 'no', 'light_rail': 'yes', 'note': 'Charlotte Trolley platform, not in service.', 'public_transport': 'platform', 'railway': 'platform', 'surface': 'concrete'}",,,,,,platform,,,way/908941897
4,way,1186267494,3rd Street/Convention Center,35.2237575,-80.8430189,"{'addr:city': 'Charlotte', 'addr:housenumber': '305', 'addr:postcode': '28202', 'addr:state': 'NC', 'addr:street': 'East 3rd Street', 'bridge:structure': 'beam', 'layer': '1', 'light_rail': 'yes', 'man_made': 'bridge', 'name': '3rd Street/Convention Center', 'network': 'LYNX', 'operator': 'Charlotte Area Transit System', 'public_transport': 'station', 'railway': 'station', 'station': 'light_rail', 'wikidata': 'Q4636975', 'wikipedia': 'en:Third Street/Convention Center station'}",,,,,,station,,,way/1186267494
4,way,1189773804,Brooklyn Village,35.2212593,-80.8471493,"{'addr:city': 'Charlotte', 'addr:housenumber': '260', 'addr:postcode': '28202', 'addr:state': 'NC', 'addr:street': 'East Brooklyn Village Avenue', 'light_rail': 'yes', 'name': 'Brooklyn Village', 'network': 'LYNX', 'operator': 'CATS', 'public_transport': 'station', 'railway': 'station', 'station': 'light_rail', 'wheelchair': 'yes', 'wikidata': 'Q7619349', 'wikipedia': 'en:Brooklyn Village station'}",,,,,,station,,,way/1189773804
4,relation,10014279,Brooklyn Village,35.2212593,-80.8471493,"{'name': 'Brooklyn Village', 'network': 'LYNX', 'operator': 'CATS', 'public_transport': 'stop_area', 'railway': 'facility', 'type': 'public_transport'}",,,,,,stop_area,,,relation/10014279
4,relation,10014280,3rd Street/Convention Center,35.2234113,-80.8436437,"{'name': '3rd Street/Convention Center', 'network': 'LYNX', 'public_transport': 'stop_area', 'railway': 'facility', 'type': 'public_transport'}",,,,,,stop_area,,,relation/10014280
5,node,9855915359,,35.2169842,-80.8484708,{'amenity': 'parking_entrance'},parking_entrance,,,,,,,,node/9855915359
5,node,9855915366,,35.2166373,-80.8477334,{'amenity': 'parking_entrance'},parking_entrance,,,,,,,,node/9855915366
5,node,9873301485,,35.2162623,-80.8491065,{'amenity': 'parking_entrance'},parking_entrance,,,,,,,,node/9873301485
5,node,9874380090,,35.2192582,-80.8512237,{'amenity': 'parking_entrance'},parking_entrance,,,,,,,,node/9874380090
5,node,9874380092,,35.2196561,-80.850726,{'amenity': 'parking_entrance'},parking_entrance,,,,,,,,node/9874380092
5,node,11047516976,,35.2219056,-80.8486975,{'amenity': 'parking_entrance'},parking_entrance,,,,,,,,node/11047516976
5,node,11060774233,,35.218976,-80.8505228,"{'access': 'yes', 'amenity': 'bicycle_parking', 'bicycle_parking': 'staple', 'capacity': '8', 'covered': 'no'}",bicycle_parking,,,,,,,,node/11060774233
5,node,11100905305,,35.2206943,-80.8516255,"{'amenity': 'bicycle_parking', 'bicycle_parking': 'stands', 'capacity': '2', 'covered': 'no'}",bicycle_parking,,,,,,,,node/11100905305
5,node,11100906305,,35.2208063,-80.8515063,"{'amenity': 'bicycle_parking', 'bicycle_parking': 'stands', 'capacity': '2', 'covered': 'no'}",bicycle_parking,,,,,,,,node/11100906305
5,node,11145319205,,35.2213248,-80.8518305,"{'amenity': 'bicycle_parking', 'bicycle_parking': 'stands', 'capacity': '2', 'covered': 'no'}",bicycle_parking,,,,,,,,node/11145319205
5,node,11145319305,,35.2210799,-80.8515718,"{'amenity': 'bicycle_parking', 'bicycle_parking': 'stands', 'capacity': '2', 'covered': 'no'}",bicycle_parking,,,,,,,,node/11145319305
5,node,11200578437,,35.2218087,-80.8523478,"{'access': 'yes', 'amenity': 'bicycle_parking', 'bicycle_parking': 'stands', 'capacity': '2', 'covered': 'no', 'foot_traffic': 'low'}",bicycle_parking,,,,,,,,node/11200578437
5,node,11236801038,,35.2170872,-80.8482018,"{'access': 'yes', 'amenity': 'bicycle_parking', 'bicycle_parking': 'stands', 'capacity': '28', 'covered': 'yes', 'foot_traffic': 'low'}",bicycle_parking,,,,,,,,node/11236801038
5,node,11272499569,,35.2162705,-80.8491747,"{'access': 'yes', 'amenity': 'bicycle_parking', 'bicycle_parking': 'stands', 'capacity': '2', 'covered': 'yes', 'foot_traffic': 'low'}",bicycle_parking,,,,,,,,node/11272499569
5,node,11272500269,,35.2163097,-80.8491535,"{'access': 'yes', 'amenity': 'bicycle_parking', 'bicycle_parking': 'stands', 'capacity': '2', 'covered': 'no', 'foot_traffic': 'low', 'indoor': 'no'}",bicycle_parking,,,,,,,,node/11272500269
5,node,11275937169,,35.2199582,-80.850662,"{'access': 'yes', 'amenity': 'bicycle_parking', 'bicycle_parking': 'stands', 'capacity': '8', 'covered': 'no', 'foot_traffic': 'low', 'indoor': 'no'}",bicycle_parking,,,,,,,,node/11275937169
5,node,11654772722,,35.2216201,-80.8514522,{'amenity': 'waste_disposal'},waste_disposal,,,,,,,,node/11654772722
5,node,11769203232,,35.2186356,-80.851294,"{'access': 'yes', 'amenity': 'drinking_water', 'bottle': 'no', 'fee': 'no', 'wheelchair': 'yes'}",drinking_water,,,,,,,,node/11769203232
5,node,11771296345,,35.2186356,-80.8512939,"{'access': 'yes', 'amenity': 'drinking_water', 'bottle': 'no', 'fee': 'no', 'wheelchair': 'yes'}",drinking_water,,,,,,,,node/11771296345
5,node,12467232220,,35.2198886,-80.8494981,{'amenity': 'waste_basket'},waste_basket,,,,,,,,node/12467232220
5,node,12503833506,,35.2215953,-80.8484438,{'amenity': 'parking_entrance'},parking_entrance,,,,,,,,node/12503833506
5,node,12512829001,,35.2175625,-80.8483151,"{'access': 'yes', 'amenity': 'bicycle_parking', 'bicycle_parking': 'stands', 'capacity': '8', 'covered': 'no', 'indoor': 'no'}",bicycle_parking,,,,,,,,node/12512829001
5,node,12517328700,Capishe,35.2171915,-80.8480777,"{'addr:city': 'Charlotte', 'addr:housenumber': '500', 'addr:postcode': '28203', 'addr:state': 'NC', 'addr:street': 'East Morehead Street', 'amenity': 'restaurant', 'cuisine': 'italian', 'name': 'Capishe'}",restaurant,,,,,,,,node/12517328700
5,node,12517357313,,35.2178995,-80.8489263,"{'amenity': 'bicycle_parking', 'bicycle_parking': 'stands'}",bicycle_parking,,,,,,,,node/12517357313
5,node,12517357350,,35.2171009,-80.8489777,{'amenity': 'waste_basket'},waste_basket,,,,,,,,node/12517357350
5,node,12517357351,,35.2171921,-80.8490454,{'amenity': 'waste_basket'},waste_basket,,,,,,,,node/12517357351
5,node,12517357352,,35.2172775,-80.8494842,{'amenity': 'bench'},bench,,,,,,,,node/12517357352
5,node,12517357353,,35.21736,-80.8495652,{'amenity': 'bench'},bench,,,,,,,,node/12517357353
5,node,12517357354,,35.2174462,-80.8496478,{'amenity': 'bench'},bench,,,,,,,,node/12517357354
5,node,12517357359,,35.2177501,-80.8492765,{'amenity': 'waste_basket'},waste_basket,,,,,,,,node/12517357359
5,node,12517357367,,35.2180083,-80.8488807,{'amenity': 'bench'},bench,,,,,,,,node/12517357367
5,node,12517357368,,35.2179552,-80.8488706,{'amenity': 'bench'},bench,,,,,,,,node/12517357368
5,node,12517357369,,35.2179982,-80.8487811,{'amenity': 'bench'},bench,,,,,,,,node/12517357369
5,node,12517357370,,35.2179352,-80.8488166,{'amenity': 'bench'},bench,,,,,,,,node/12517357370
5,node,12947804651,,35.2176639,-80.8501073,{'amenity': 'drinking_water'},drinking_water,,,,,,,,node/12947804651
5,node,12949256356,,35.2205709,-80.8517895,{'amenity': 'parking_entrance'},parking_entrance,,,,,,,,node/12949256356
5,node,13191323675,,35.2167818,-80.8492847,{'amenity': 'bench'},bench,,,,,,,,node/13191323675
5,node,13191323676,,35.216775,-80.8492525,{'amenity': 'bench'},bench,,,,,,,,node/13191323676
5,node,13394129801,,35.2194663,-80.8517898,"{'access': 'yes', 'amenity': 'bicycle_parking', 'bicycle_parking': 'stands', 'capacity': '10', 'covered': 'yes', 'indoor': 'no'}",bicycle_parking,,,,,,,,node/13394129801
5,node,13394135401,,35.2199527,-80.8520687,"{'access': 'yes', 'amenity': 'bicycle_parking', 'bicycle_parking': 'stands', 'capacity': '2', 'covered': 'no', 'indoor': 'no'}",bicycle_parking,,,,,,,,node/13394135401
5,way,438333596,,35.2193258,-80.850838,"{'amenity': 'parking', 'building': 'parking', 'parking': 'multi-storey'}",parking,,,,,,,,way/438333596
5,way,695524311,Enterprise,35.220026,-80.8526313,"{'amenity': 'car_rental', 'brand': 'Enterprise', 'brand:wikidata': 'Q17085454', 'building': 'yes', 'name': 'Enterprise', 'official_name': 'Enterprise Rent-A-Car'}",car_rental,,,,,,,,way/695524311
5,way,695670022,Pritchard Memorial Baptist Church,35.2164576,-80.8510991,"{'amenity': 'place_of_worship', 'building': 'yes', 'name': 'Pritchard Memorial Baptist Church', 'religion': 'christian', 'start_date': '1901'}",place_of_worship,,,,,,,,way/695670022
5,way,755471166,,35.2168911,-80.8499759,{'amenity': 'parking'},parking,,,,,,,,way/755471166
5,way,757213337,,35.2175587,-80.8493294,{'amenity': 'parking'},parking,,,,,,,,way/757213337
5,way,834013541,,35.2160607,-80.8495261,"{'amenity': 'parking', 'building': 'parking', 'parking': 'multi-storey'}",parking,,,,,,,,way/834013541
5,way,836963293,,35.2166479,-80.8481957,"{'amenity': 'parking', 'building': 'parking', 'parking': 'multi-storey'}",parking,,,,,,,,way/836963293
5,way,1046738977,Ally Charlotte Center Parking Deck,35.2223123,-80.8484562,"{'access': 'yes', 'amenity': 'parking', 'building': 'yes', 'capacity:disabled': '1400', 'fee': 'yes', 'layer': '1', 'name': 'Ally Charlotte Center Parking Deck', 'parking': 'multi-storey', 'surface': 'concrete'}",parking,,,,,,,,way/1046738977
5,way,1205382854,,35.2172032,-80.8478852,"{'amenity': 'bicycle_parking', 'bicycle_parking': 'stands', 'capacity': '4'}",bicycle_parking,,,,,,,,way/1205382854
5,way,1205383296,,35.2172631,-80.8490735,"{'amenity': 'bicycle_parking', 'bicycle_parking': 'stands', 'capacity': '20', 'covered': 'yes'}",bicycle_parking,,,,,,,,way/1205383296
5,way,1208587061,,35.2186389,-80.8518244,{'amenity': 'waste_disposal'},waste_disposal,,,,,,,,way/1208587061
5,way,1370235807,,35.2186928,-80.8502438,"{'access': 'private', 'amenity': 'parking'}",parking,,,,,,,,way/1370235807
5,way,1370235808,,35.218185,-80.8503946,"{'access': 'private', 'amenity': 'parking'}",parking,,,,,,,,way/1370235808
5,way,1429557532,,35.2192613,-80.8512285,{'amenity': 'parking'},parking,,,,,,,,way/1429557532
5,way,1429557533,,35.2202028,-80.8528773,{'amenity': 'parking'},parking,,,,,,,,way/1429557533
5,way,1429557534,,35.220581,-80.852614,"{'amenity': 'parking', 'fee': 'yes'}",parking,,,,,,,,way/1429557534
5,way,1429557535,,35.2214263,-80.8513386,"{'amenity': 'parking', 'parking': 'surface'}",parking,,,,,,,,way/1429557535
5,way,1429557536,,35.2218384,-80.8516092,{'amenity': 'parking'},parking,,,,,,,,way/1429557536
5,way,1429557537,,35.2216403,-80.8509974,{'amenity': 'parking'},parking,,,,,,,,way/1429557537
5,way,1429557538,,35.2210932,-80.8505305,{'amenity': 'parking'},parking,,,,,,,,way/1429557538
5,way,1435175149,,35.2165001,-80.8486594,{'amenity': 'parking'},parking,,,,,,,,way/1435175149
5,way,1435175150,,35.2161272,-80.8482037,{'amenity': 'parking'},parking,,,,,,,,way/1435175150
5,way,1435175152,,35.2160382,-80.8477649,{'amenity': 'parking'},parking,,,,,,,,way/1435175152
5,way,1446411974,,35.2197354,-80.8516809,"{'amenity': 'parking', 'building': 'yes', 'parking': 'multi-storey'}",parking,,,,,,,,way/1446411974
5,way,432940147,Charlotte Cigar Culture,35.2209066,-80.8508606,"{'building': 'yes', 'name': 'Charlotte Cigar Culture', 'shop': 'tobacco'}",,tobacco,,,,,,,way/432940147
5,way,288095852,YMCA,35.2175887,-80.8489498,"{'brand': 'YMCA', 'brand:wikidata': 'Q157169', 'building': 'yes', 'fee': 'yes', 'layer': '1', 'leisure': 'sports_centre', 'name': 'YMCA'}",,,sports_centre,,,,,,way/288095852
5,way,1208412243,,35.2210789,-80.8517063,"{'access': 'private', 'layer': '1', 'leisure': 'swimming_pool', 'location': 'roof'}",,,swimming_pool,,,,,,way/1208412243
5,way,1208412244,,35.2210178,-80.8517652,"{'access': 'private', 'layer': '1', 'leisure': 'swimming_pool', 'location': 'roof'}",,,swimming_pool,,,,,,way/1208412244
5,way,1285294592,,35.2197197,-80.8529832,{'leisure': 'garden'},,,garden,,,,,,way/1285294592
5,way,1285294593,,35.2196165,-80.852869,{'leisure': 'garden'},,,garden,,,,,,way/1285294593
5,way,1352816121,,35.2175747,-80.8495239,{'leisure': 'playground'},,,playground,,,,,,way/1352816121
5,way,1352819938,Edna's Porch,35.2184107,-80.8517739,"{'area': 'yes', 'artist_name': 'David Furman', 'artwork_type': 'installation', 'name': ""Edna's Porch"", 'tourism': 'artwork'}",,,,artwork,,,,,way/1352819938
5,way,713125795,Regions 615,35.2215063,-80.8481096,"{'addr:city': 'Charlotte', 'addr:housenumber': '615', 'addr:postcode': '28202', 'addr:state': 'NC', 'addr:street': 'South College Street', 'air_conditioning': 'yes', 'building': 'yes', 'building:levels': '19', 'height': '91', 'layer': '1', 'name': 'Regions 615', 'office': 'company', 'operator': 'CBRE Global Investors', 'website': 'https://en.wikipedia.org/wiki/Regions_615', 'wikidata': 'Q29791440'}",,,,,company,,,,way/713125795
5,node,618108477,Carson,35.2188191,-80.8508781,"{'addr:city': 'Charlotte', 'addr:housenumber': '218', 'addr:postcode': '28203', 'addr:state': 'NC', 'addr:street': 'Carson Boulevard', 'internet_access': 'no', 'light_rail': 'yes', 'name': 'Carson', 'network': 'LYNX', 'operator': 'CATS', 'public_transport': 'station', 'railway': 'station', 'start_date': '2007-11-24', 'station': 'light_rail', 'wheelchair': 'yes', 'wikidata': 'Q5046901', 'wikipedia': 'en:Carson station (Charlotte)'}",,,,,,station,,,node/618108477
5,node,8419403087,Carson,35.2186179,-80.8511991,"{'light_rail': 'yes', 'name': 'Carson', 'network': 'LYNX', 'operator': 'CATS', 'public_transport': 'stop_position', 'railway': 'stop'}",,,,,,stop_position,,,node/8419403087
5,node,8419403088,Carson,35.2189865,-80.8505958,"{'light_rail': 'yes', 'name': 'Carson', 'network': 'LYNX', 'operator': 'CATS', 'public_transport': 'stop_position', 'railway': 'stop'}",,,,,,stop_position,,,node/8419403088
5,way,535274696,,35.2187588,-80.8508585,"{'area': 'yes', 'bench': 'yes', 'bin': 'yes', 'light_rail': 'yes', 'lit': 'yes', 'network': 'LYNX', 'operator': 'CATS', 'public_transport': 'platform', 'railway': 'platform', 'shelter': 'yes', 'tactile_paving': 'yes'}",,,,,,platform,,,way/535274696
5,way,535274697,,35.2188395,-80.8509435,"{'area': 'yes', 'bench': 'yes', 'bin': 'yes', 'light_rail': 'yes', 'lit': 'yes', 'network': 'LYNX', 'operator': 'CATS', 'public_transport': 'platform', 'railway': 'platform', 'shelter': 'yes', 'tactile_paving': 'yes'}",,,,,,platform,,,way/535274697
5,way,908880504,,35.2198725,-80.849437,"{'area': 'yes', 'disused:railway': 'platform', 'highway': 'footway', 'public_transport': 'no', 'surface': 'concrete'}",,,,,,no,,,way/908880504
5,relation,12309360,Carson,35.2187978,-80.8508996,"{'name': 'Carson', 'network': 'LYNX', 'operator': 'Charlotte Area Transit System', 'public_transport': 'stop_area', 'railway': 'facility', 'type': 'public_transport'}",,,,,,stop_area,,,relation/12309360
6,node,2624953033,Carrabba's Italian Grill,35.2139184,-80.8556348,"{'addr:city': 'Charlotte', 'addr:country': 'US', 'addr:housenumber': '1520', 'addr:postcode': '28203', 'addr:state': 'NC', 'addr:street': 'South Boulevard', 'amenity': 'restaurant', 'brand': ""Carrabba's Italian Grill"", 'brand:wikidata': 'Q5045999', 'cuisine': 'italian', 'name': ""Carrabba's Italian Grill"", 'opening_hours': 'Su-Th 11:00-22:00, Fr-Sa 11:00-23:00', 'phone': '+1-704-377-2458', 'website': 'https://www.carrabbas.com/restaurant/locations/nc/charlotte/charlotte-south-end/index.aspx'}",restaurant,,,,,,,,node/2624953033
6,node,3497698403,,35.214717,-80.856847,"{'amenity': 'bicycle_repair_station', 'brand': 'Dero', 'opening_hours': '24/7', 'service:bicycle:chain_tool': 'no', 'source': 'osmsync:dero'}",bicycle_repair_station,,,,,,,,node/3497698403
6,node,3974425696,,35.2151429,-80.8551265,{'amenity': 'parking_entrance'},parking_entrance,,,,,,,,node/3974425696
6,node,4318400953,All American Pub,35.2166374,-80.8543953,"{'amenity': 'restaurant', 'name': 'All American Pub'}",restaurant,,,,,,,,node/4318400953
6,node,4318400955,Slate Billiards,35.2162866,-80.8548377,"{'amenity': 'bar', 'name': 'Slate Billiards'}",bar,,,,,,,,node/4318400955
6,node,4318625926,Helles and Dunkel,35.215734,-80.8532177,"{'amenity': 'bar', 'name': 'Helles and Dunkel'}",bar,,,,,,,,node/4318625926
6,node,4318625927,Crispy Crepe,35.2147961,-80.8546608,"{'amenity': 'restaurant', 'name': 'Crispy Crepe'}",restaurant,,,,,,,,node/4318625927
6,node,5266162321,Leroy Fox Southend,35.2139005,-80.8579383,"{'amenity': 'restaurant', 'name': 'Leroy Fox Southend'}",restaurant,,,,,,,,node/5266162321
6,node,5266162322,Clean Juice,35.2141008,-80.8577913,"{'addr:city': 'Charlotte', 'addr:housenumber': '1616', 'addr:postcode': '28203', 'addr:state': 'NC', 'addr:street': 'Camden Road', 'addr:unit': 'Suite 130', 'amenity': 'fast_food', 'brand': 'Clean Juice', 'brand:wikidata': 'Q60775550', 'cuisine': 'juice', 'name': 'Clean Juice', 'takeaway': 'yes'}",fast_food,,,,,,,,node/5266162322
6,node,5266162323,Sabor,35.2142154,-80.8577072,"{'amenity': 'restaurant', 'name': 'Sabor'}",restaurant,,,,,,,,node/5266162323
6,node,5266164481,The UPS Store,35.2125724,-80.8591845,"{'amenity': 'post_office', 'brand': 'The UPS Store', 'brand:short': 'UPS', 'brand:wikidata': 'Q7771029', 'name': 'The UPS Store', 'shop': 'copyshop', 'short_name': 'UPS'}",post_office,copyshop,,,,,,,node/5266164481
6,node,5286834622,,35.2144175,-80.8568136,{'amenity': 'bicycle_repair_station'},bicycle_repair_station,,,,,,,,node/5286834622
6,node,5550746603,,35.2141751,-80.8592567,"{'amenity': 'waste_basket', 'waste': 'dog_excrement'}",waste_basket,,,,,,,,node/5550746603
6,node,5550760328,,35.2125082,-80.8589911,{'amenity': 'waste_basket'},waste_basket,,,,,,,,node/5550760328
6,node,5573606999,,35.2132226,-80.8584711,"{'amenity': 'bicycle_parking', 'bicycle_parking': 'stands', 'capacity': '6', 'covered': 'no'}",bicycle_parking,,,,,,,,node/5573606999
6,node,5573622155,,35.2134127,-80.8588728,"{'amenity': 'waste_basket', 'waste': 'dog_excrement'}",waste_basket,,,,,,,,node/5573622155
6,node,5613888340,Sushi Taku,35.2161201,-80.8527262,"{'addr:city': 'Charlotte', 'addr:housenumber': '1300', 'addr:postcode': '28203', 'addr:state': 'NC', 'addr:street': 'South Boulevard', 'addr:unit': '101', 'amenity': 'restaurant', 'cuisine': 'sushi', 'name': 'Sushi Taku', 'phone': '+1-980-207-2302', 'website': 'https://www.sushitaku.com'}",restaurant,,,,,,,,node/5613888340
6,node,6532463480,Einstein Bros. Bagels,35.2141684,-80.8545533,"{'addr:city': 'Charlotte', 'addr:housenumber': '1501', 'addr:postcode': '28203', 'addr:state': 'NC', 'addr:street': 'South Boulevard', 'alt_name': 'Einstein Brothers Bagels', 'amenity': 'fast_food', 'branch': 'Charlotte', 'brand': 'Einstein Bros. Bagels', 'brand:wikidata': 'Q5349788', 'cuisine': 'bagel', 'name': 'Einstein Bros. Bagels', 'opening_hours': 'Mo-Fr 05:30-15:00; Sa-Su 06:00-15:00', 'phone': '+1 704-333-4370', 'takeaway': 'yes', 'website': 'https://locations.einsteinbros.com/us/nc/charlotte/1501-south-blvd'}",fast_food,,,,,,,,node/6532463480
6,node,8394960158,,35.2197873,-80.8569411,"{'access': 'yes', 'amenity': 'bicycle_parking', 'bicycle_parking': 'stands', 'capacity': '6', 'operator': 'Craft Tasting Room'}",bicycle_parking,,,,,,,,node/8394960158
6,node,9873298440,,35.2141607,-80.8582855,{'amenity': 'parking_entrance'},parking_entrance,,,,,,,,node/9873298440
6,node,9873298447,,35.2141638,-80.8609758,{'amenity': 'parking_entrance'},parking_entrance,,,,,,,,node/9873298447
6,node,9873301466,,35.2135485,-80.8590262,{'amenity': 'parking_entrance'},parking_entrance,,,,,,,,node/9873301466
6,node,9873301469,,35.2144014,-80.8557446,{'amenity': 'parking_entrance'},parking_entrance,,,,,,,,node/9873301469
6,node,9873301472,,35.2159382,-80.8542347,{'amenity': 'parking_entrance'},parking_entrance,,,,,,,,node/9873301472
6,node,9873301476,,35.2175637,-80.8537895,{'amenity': 'parking_entrance'},parking_entrance,,,,,,,,node/9873301476
6,node,9873301478,,35.2181516,-80.8530802,{'amenity': 'parking_entrance'},parking_entrance,,,,,,,,node/9873301478
6,node,9874380078,,35.2173517,-80.8561704,{'amenity': 'parking_entrance'},parking_entrance,,,,,,,,node/9874380078
6,node,9874380080,,35.2178387,-80.8556618,{'amenity': 'parking_entrance'},parking_entrance,,,,,,,,node/9874380080
6,node,9874380081,,35.2190603,-80.8546107,{'amenity': 'parking_entrance'},parking_entrance,,,,,,,,node/9874380081
6,node,9874380083,,35.2194278,-80.8545228,{'amenity': 'parking_entrance'},parking_entrance,,,,,,,,node/9874380083
6,node,9874380086,,35.2186821,-80.8540643,{'amenity': 'parking_entrance'},parking_entrance,,,,,,,,node/9874380086
6,node,9874380087,,35.2194645,-80.8541847,{'amenity': 'parking_entrance'},parking_entrance,,,,,,,,node/9874380087
6,node,9874380089,,35.2190883,-80.8536428,{'amenity': 'parking_entrance'},parking_entrance,,,,,,,,node/9874380089
6,node,10925138140,,35.2138745,-80.8580668,"{'amenity': 'bicycle_parking', 'bicycle_parking': 'stands', 'capacity': '6'}",bicycle_parking,,,,,,,,node/10925138140
6,node,10925138141,,35.2149807,-80.8568398,"{'amenity': 'bicycle_parking', 'bicycle_parking': 'stands', 'capacity': '4'}",bicycle_parking,,,,,,,,node/10925138141
6,node,10925138143,,35.2152167,-80.8566554,"{'access': 'yes', 'amenity': 'bicycle_parking', 'bicycle_parking': 'stands', 'capacity': '5'}",bicycle_parking,,,,,,,,node/10925138143
6,node,10925138145,,35.2150893,-80.856591,"{'amenity': 'bicycle_parking', 'bicycle_parking': 'stands', 'capacity': '2'}",bicycle_parking,,,,,,,,node/10925138145
6,node,10925138146,,35.2157027,-80.856141,"{'amenity': 'bicycle_parking', 'bicycle_parking': 'stands', 'capacity': '2'}",bicycle_parking,,,,,,,,node/10925138146
6,node,10925138155,,35.217905,-80.8564385,"{'amenity': 'bicycle_parking', 'bicycle_parking': 'stands', 'capacity': '4'}",bicycle_parking,,,,,,,,node/10925138155
6,node,10925138156,,35.2179827,-80.85636,"{'amenity': 'bicycle_parking', 'bicycle_parking': 'stands', 'capacity': '4'}",bicycle_parking,,,,,,,,node/10925138156
6,node,10925138157,,35.2180472,-80.8554468,"{'amenity': 'bicycle_parking', 'bicycle_parking': 'stands', 'capacity': '4'}",bicycle_parking,,,,,,,,node/10925138157
6,node,10925138158,,35.2178106,-80.855433,"{'access': 'yes', 'amenity': 'bicycle_parking', 'bicycle_parking': 'stands', 'capacity': '4', 'covered': 'no', 'indoor': 'no'}",bicycle_parking,,,,,,,,node/10925138158
6,node,10925138164,,35.2154334,-80.8577598,"{'amenity': 'bicycle_parking', 'bicycle_parking': 'stands', 'capacity': '4'}",bicycle_parking,,,,,,,,node/10925138164
6,node,11100856406,,35.2177052,-80.8526662,"{'amenity': 'bicycle_parking', 'bicycle_parking': 'stands', 'capacity': '8', 'covered': 'no'}",bicycle_parking,,,,,,,,node/11100856406
6,node,11100885707,,35.2187291,-80.8541399,"{'amenity': 'bicycle_parking', 'bicycle_parking': 'stands', 'capacity': '6', 'covered': 'no'}",bicycle_parking,,,,,,,,node/11100885707
6,node,11100885906,,35.2180416,-80.8544087,"{'amenity': 'bicycle_parking', 'bicycle_parking': 'wave', 'capacity': '5', 'covered': 'no'}",bicycle_parking,,,,,,,,node/11100885906
6,node,11100893706,,35.2186151,-80.8542688,"{'amenity': 'bicycle_parking', 'bicycle_parking': 'stands', 'capacity': '4', 'covered': 'no'}",bicycle_parking,,,,,,,,node/11100893706
6,node,11100893708,,35.2174665,-80.8557804,"{'access': 'yes', 'amenity': 'bicycle_parking', 'bicycle_parking': 'two-tier', 'capacity': '22', 'covered': 'yes', 'fee': 'no', 'indoor': 'yes'}",bicycle_parking,,,,,,,,node/11100893708
6,node,11100911205,,35.2186901,-80.8537448,"{'amenity': 'bicycle_parking', 'bicycle_parking': 'stands', 'capacity': '4', 'covered': 'no'}",bicycle_parking,,,,,,,,node/11100911205
6,node,11100917205,,35.2165501,-80.8559497,"{'amenity': 'bicycle_parking', 'bicycle_parking': 'stands', 'capacity': '2', 'covered': 'no'}",bicycle_parking,,,,,,,,node/11100917205
6,node,11100919305,,35.2156413,-80.8555428,"{'amenity': 'bicycle_parking', 'bicycle_parking': 'stands', 'capacity': '6', 'covered': 'no'}",bicycle_parking,,,,,,,,node/11100919305
6,node,11106094022,Fifth Third Bank,35.2124904,-80.8590705,"{'amenity': 'bank', 'brand': 'Fifth Third Bank', 'brand:wikidata': 'Q1411810', 'name': 'Fifth Third Bank', 'short_name': '5/3 Bank'}",bank,,,,,,,,node/11106094022
6,node,11106987873,,35.212552,-80.859011,"{'amenity': 'bicycle_parking', 'bicycle_parking': 'stands', 'capacity': '2'}",bicycle_parking,,,,,,,,node/11106987873
6,node,11126141708,,35.2140837,-80.8598482,"{'amenity': 'bicycle_parking', 'bicycle_parking': 'stands', 'capacity': '6', 'covered': 'no'}",bicycle_parking,,,,,,,,node/11126141708
6,node,11165954405,,35.2147377,-80.8568126,"{'access': 'yes', 'amenity': 'bicycle_parking', 'bicycle_parking': 'bollard', 'capacity': '2', 'covered': 'no', 'foot_traffic': 'medium'}",bicycle_parking,,,,,,,,node/11165954405
6,node,11200427337,,35.2147588,-80.8547345,"{'access': 'yes', 'amenity': 'bicycle_parking', 'bicycle_parking': 'stands', 'capacity': '2', 'covered': 'no', 'foot_traffic': 'low'}",bicycle_parking,,,,,,,,node/11200427337
6,node,11200427837,,35.214764,-80.8547466,"{'access': 'yes', 'amenity': 'bicycle_parking', 'bicycle_parking': 'bollard', 'capacity': '2', 'covered': 'no', 'foot_traffic': 'low'}",bicycle_parking,,,,,,,,node/11200427837
6,node,11200429737,,35.215506,-80.8529504,"{'access': 'yes', 'amenity': 'bicycle_parking', 'bicycle_parking': 'stands', 'capacity': '2', 'covered': 'no', 'foot_traffic': 'low'}",bicycle_parking,,,,,,,,node/11200429737
6,node,11200432537,,35.215268,-80.8524308,"{'access': 'yes', 'amenity': 'bicycle_parking', 'bicycle_parking': 'wave', 'capacity': '10', 'covered': 'no', 'foot_traffic': 'low'}",bicycle_parking,,,,,,,,node/11200432537
6,node,11200592337,,35.2189625,-80.8578652,"{'access': 'private', 'amenity': 'bicycle_parking', 'bicycle_parking': 'wave', 'capacity': '5', 'covered': 'no', 'foot_traffic': 'low'}",bicycle_parking,,,,,,,,node/11200592337
6,node,11203677440,,35.2196922,-80.8573655,"{'access': 'yes', 'amenity': 'bicycle_parking', 'bicycle_parking': 'stands', 'capacity': '6', 'covered': 'no', 'foot_traffic': 'medium'}",bicycle_parking,,,,,,,,node/11203677440
6,node,11203677441,,35.2194716,-80.8573959,"{'access': 'yes', 'amenity': 'bicycle_parking', 'bicycle_parking': 'stands', 'capacity': '4', 'covered': 'no', 'foot_traffic': 'medium'}",bicycle_parking,,,,,,,,node/11203677441
6,node,11203685337,,35.214443,-80.8598406,"{'access': 'yes', 'amenity': 'bicycle_parking', 'bicycle_parking': 'stands', 'capacity': '6', 'covered': 'no', 'foot_traffic': 'medium'}",bicycle_parking,,,,,,,,node/11203685337
6,node,11208922237,,35.2153911,-80.8554312,"{'access': 'yes', 'amenity': 'bicycle_parking', 'bicycle_parking': 'bollard', 'capacity': '2', 'covered': 'partial', 'foot_traffic': 'high', 'indoor': 'no'}",bicycle_parking,,,,,,,,node/11208922237
6,node,11210575137,,35.2138314,-80.8557311,"{'access': 'yes', 'amenity': 'bicycle_parking', 'bicycle_parking': 'stands', 'capacity': '2', 'covered': 'no', 'foot_traffic': 'low', 'indoor': 'no'}",bicycle_parking,,,,,,,,node/11210575137
6,node,11214920637,,35.214254,-80.8562808,"{'access': 'yes', 'amenity': 'bicycle_parking', 'bicycle_parking': 'stands', 'capacity': '2', 'covered': 'no', 'foot_traffic': 'medium', 'indoor': 'no'}",bicycle_parking,,,,,,,,node/11214920637
6,node,11223193737,,35.2150336,-80.8564255,"{'access': 'yes', 'amenity': 'bicycle_parking', 'bicycle_parking': 'upright_stands', 'capacity': '3', 'covered': 'yes', 'foot_traffic': 'high', 'indoor': 'no'}",bicycle_parking,,,,,,,,node/11223193737
6,node,11261209037,,35.2176947,-80.8543523,"{'access': 'yes', 'amenity': 'bicycle_parking', 'bicycle_parking': 'stands', 'capacity': '4', 'covered': 'no', 'foot_traffic': 'low', 'indoor': 'no'}",bicycle_parking,,,,,,,,node/11261209037
6,node,11270092906,,35.2181464,-80.8574819,{'amenity': 'parking_entrance'},parking_entrance,,,,,,,,node/11270092906
6,node,11289651371,STIR,35.2170892,-80.8555008,"{'addr:city': 'Charlotte', 'addr:housenumber': '1422', 'addr:postcode': '28203', 'addr:state': 'NC', 'addr:street': 'South Tryon Street', 'addr:unit': 'Suite 130', 'amenity': 'restaurant', 'cuisine': 'american', 'name': 'STIR', 'phone': '+19802090277', 'website': 'https://stircharlotte.com/'}",restaurant,,,,,,,,node/11289651371
6,node,11289651372,North Italia,35.217342,-80.855256,"{'addr:housenumber': '1414', 'addr:street': 'South Tryon Street', 'addr:unit': 'Suite 140', 'amenity': 'restaurant', 'cuisine': 'italian', 'name': 'North Italia', 'opening_hours': 'Mo-Th 11:00-22:00; Fr 11:00-23:00; Sa 10:00-23:00; Su 10:00-22:00', 'phone': '+19802798900', 'website': 'https://www.northitalia.com/locations/charlotte-nc/'}",restaurant,,,,,,,,node/11289651372
6,node,11289651373,Vitality Bowls,35.2175765,-80.8551458,"{'addr:city': 'Charlotte', 'addr:housenumber': '1414', 'addr:postcode': '28203', 'addr:state': 'NC', 'addr:street': 'South Tryon Street', 'addr:unit': 'Suite 150', 'amenity': 'restaurant', 'name': 'Vitality Bowls', 'phone': '+1-704-900-7745', 'website': 'https://vitalitybowls.com/locations/charlotte-acai-bowls'}",restaurant,,,,,,,,node/11289651373
6,node,11291263920,Amos' Southend,35.2167787,-80.8551643,"{'amenity': 'music_venue', 'name': ""Amos' Southend""}",music_venue,,,,,,,,node/11291263920
6,node,11291317375,Brigid's Irish Pub,35.2163724,-80.8561116,"{'addr:city': 'Charlotte', 'addr:housenumber': '1440', 'addr:postcode': '28203', 'addr:state': 'NC', 'addr:street': 'South Tryon Street', 'addr:unit': 'Suite 101', 'amenity': 'pub', 'name': ""Brigid's Irish Pub"", 'phone': '+1-704-703-6679', 'theme': 'irish', 'website': 'https://www.micarinoclt.com/'}",pub,,,,,,,,node/11291317375
6,node,11291317376,Mi Cariño,35.2162826,-80.8562065,"{'addr:city': 'Charlotte', 'addr:housenumber': '1440', 'addr:postcode': '28203', 'addr:state': 'NC', 'addr:street': 'South Tryon Street', 'addr:unit': 'Suite 100', 'amenity': 'restaurant', 'bar': 'yes', 'cocktails': 'yes', 'cuisine': 'mexican', 'drink:mezcal': 'yes', 'name': 'Mi Cariño', 'opening_hours': 'closed', 'phone': '+19808195913', 'website:menu': 'http://places.singleplatform.com/vana/menu?ref=google'}",restaurant,,,,,,,,node/11291317376
6,node,11291317378,VINYL,35.2165334,-80.8565696,"{'addr:city': 'Charlotte', 'addr:housenumber': '1440', 'addr:postcode': '28203', 'addr:state': 'NC', 'addr:street': 'South Tryon Street', 'addr:unit': 'Suite 105', 'amenity': 'bar', 'name': 'VINYL', 'phone': '+19802373893', 'website': 'https://www.vinylclt.com/', 'website:menu': 'https://uploads-ssl.webflow.com/610c34d6017b4c15140361e2/62697db84ef668039fbd65e6_Vinyl_Menu%20(4_27_22).pdf'}",bar,,,,,,,,node/11291317378
6,node,11345252069,,35.2182396,-80.854097,"{'access': 'yes', 'amenity': 'bicycle_parking', 'bicycle_parking': 'anchors', 'capacity': '5', 'covered': 'no', 'foot_traffic': 'medium', 'indoor': 'no'}",bicycle_parking,,,,,,,,node/11345252069
6,node,11483254445,Condado Tacos,35.2152515,-80.8567631,"{'amenity': 'restaurant', 'brand': 'Condado Tacos', 'brand:wikidata': 'Q118640152', 'cuisine': 'mexican', 'name': 'Condado Tacos'}",restaurant,,,,,,,,node/11483254445
6,node,11483254447,Sushi Hana,35.2156979,-80.8567804,"{'amenity': 'restaurant', 'cuisine': 'sushi', 'name': 'Sushi Hana', 'website': 'https://sushihanaclt.com='}",restaurant,,,,,,,,node/11483254447
6,node,11483254448,Hawthorne's NY Pizza & Bar,35.2152861,-80.8577064,"{'addr:city': 'Charlotte', 'addr:housenumber': '1515', 'addr:postcode': '28203', 'addr:state': 'NC', 'addr:street': 'South Tryon Street', 'addr:unit': '104', 'amenity': 'restaurant', 'cuisine': 'pizza', 'name': ""Hawthorne's NY Pizza & Bar"", 'opening_hours': 'Tu-Th 11:00-21:00; Fr-Sa 11:00-22:00; Su 11:00-21:00', 'phone': '+1-866-799-8014', 'website': 'https://pizzacharlottenc.com'}",restaurant,,,,,,,,node/11483254448
6,node,11483254449,The Salty Donut,35.214926,-80.8570236,"{'amenity': 'fast_food', 'cuisine': 'donut', 'name': 'The Salty Donut', 'website': 'https://www.saltydonut.com/locations/south-end'}",fast_food,,,,,,,,node/11483254449
6,node,11649773957,PIE.ZAA,35.2163673,-80.8563374,"{'addr:city': 'Charlotte', 'addr:housenumber': '1440', 'addr:postcode': '28203', 'addr:state': 'NC', 'addr:street': 'South Tryon Street', 'addr:unit': 'Suite 103', 'amenity': 'restaurant', 'cuisine': 'pizza', 'name': 'PIE.ZAA', 'opening_hours': 'Mo 16:00-01:00; Tu-Th 11:00-01:00; Fr-Sa 11:00-02:00; Su 11:00-01:00', 'phone': '+1-704-964-6645', 'website': 'https://www.piezaapizza.com/'}",restaurant,,,,,,,,node/11649773957
6,node,11654772727,Surreal Creamery,35.2171118,-80.8559647,"{'amenity': 'ice_cream', 'name': 'Surreal Creamery'}",ice_cream,,,,,,,,node/11654772727
6,node,11654772730,Rhino Market & Deli,35.2175718,-80.8555936,"{'amenity': 'fast_food', 'cuisine': 'sandwich', 'name': 'Rhino Market & Deli'}",fast_food,,,,,,,,node/11654772730
6,node,11663723969,,35.2184178,-80.8588563,"{'access': 'yes', 'amenity': 'bicycle_parking', 'bicycle_parking': 'stands', 'capacity': '2', 'covered': 'no', 'foot_traffic': 'none', 'indoor': 'no'}",bicycle_parking,,,,,,,,node/11663723969
6,node,11673210369,,35.2193297,-80.8575939,"{'access': 'yes', 'amenity': 'bicycle_parking', 'bicycle_parking': 'stands', 'capacity': '2', 'covered': 'no', 'foot_traffic': 'medium', 'indoor': 'no'}",bicycle_parking,,,,,,,,node/11673210369
6,node,11917807017,,35.2184954,-80.8596029,"{'amenity': 'bicycle_parking', 'bicycle_parking': 'stands', 'capacity': '2'}",bicycle_parking,,,,,,,,node/11917807017
6,node,11923121748,Waterbean Coffee,35.2195882,-80.8538419,"{'addr:city': 'Charlotte', 'addr:housenumber': '300', 'addr:postcode': '28202', 'addr:state': 'NC', 'addr:street': 'South Tryon Street', 'addr:unit': 'Suite 150', 'amenity': 'cafe', 'cuisine': 'coffee_shop', 'name': 'Waterbean Coffee', 'website': 'https://www.waterbean.coffee'}",cafe,,,,,,,,node/11923121748
6,node,11923121750,Dram & Draught,35.2186687,-80.853909,"{'addr:city': 'Charlotte', 'addr:housenumber': '1220', 'addr:postcode': '28203', 'addr:state': 'NC', 'addr:street': 'South Tryon Street', 'amenity': 'bar', 'name': 'Dram & Draught', 'website': 'https://www.dramanddraught.com'}",bar,,,,,,,,node/11923121750
6,node,11929733869,,35.2122632,-80.858735,"{'access': 'yes', 'amenity': 'bicycle_parking', 'bicycle_parking': 'stands', 'capacity': '4', 'covered': 'no', 'indoor': 'no'}",bicycle_parking,,,,,,,,node/11929733869
6,node,11942940798,The Rose Honky Tonk,35.2163615,-80.8547283,"{'addr:city': 'Charlotte', 'addr:housenumber': '200', 'addr:postcode': '28203', 'addr:state': 'NC', 'addr:street': 'East Bland Street', 'amenity': 'bar', 'contact:facebook': 'https://www.facebook.com/TheRoseHonkyTonkBar', 'name': 'The Rose Honky Tonk', 'phone': '+1-704-372-5255'}",bar,,,,,,,,node/11942940798
6,node,11942940799,Muraya,35.2167443,-80.8542917,"{'addr:city': 'Charlotte', 'addr:housenumber': '200', 'addr:postcode': '28203', 'addr:state': 'NC', 'addr:street': 'East Bland Street', 'amenity': 'restaurant', 'email': 'info@murayarestaurant.com', 'name': 'Muraya', 'phone': '+1-704-333-8226', 'website': 'https://murayarestaurant.com'}",restaurant,,,,,,,,node/11942940799
6,node,11978677054,Morella,35.2181553,-80.8560829,"{'addr:city': 'Charlotte', 'addr:housenumber': '1425', 'addr:postcode': '28203', 'addr:state': 'NC', 'addr:street': 'Winnifred Street', 'addr:unit': '104', 'amenity': 'ice_cream', 'name': 'Morella', 'phone': '+19802379626', 'website': 'https://www.paletasmorelia.com'}",ice_cream,,,,,,,,node/11978677054
6,node,11978677057,YAY Yogurt and Yuca,35.2174597,-80.8564688,"{'addr:city': 'Charlotte', 'addr:housenumber': '1425', 'addr:postcode': '28203', 'addr:state': 'NC', 'addr:street': 'Winnifred Street', 'addr:unit': '116', 'amenity': 'ice_cream', 'cuisine': 'frozen_yogurt', 'name': 'YAY Yogurt and Yuca', 'website': 'https://yogurtyay.com'}",ice_cream,,,,,,,,node/11978677057
6,node,12097437997,,35.2154931,-80.8565468,{'amenity': 'waste_basket'},waste_basket,,,,,,,,node/12097437997
6,node,12097438000,,35.2162854,-80.8563157,{'amenity': 'waste_basket'},waste_basket,,,,,,,,node/12097438000
6,node,12097533201,,35.2163052,-80.856106,{'amenity': 'waste_basket'},waste_basket,,,,,,,,node/12097533201
6,node,12097533204,,35.2171929,-80.8553429,{'amenity': 'waste_basket'},waste_basket,,,,,,,,node/12097533204
6,node,12097533210,,35.2173682,-80.8556752,{'amenity': 'waste_basket'},waste_basket,,,,,,,,node/12097533210
6,node,12097533211,,35.2174387,-80.8555996,{'amenity': 'waste_basket'},waste_basket,,,,,,,,node/12097533211
6,node,12128918637,,35.2125047,-80.8589856,"{'amenity': 'recycling', 'recycling_type': 'container'}",recycling,,,,,,,,node/12128918637
6,node,12363326997,,35.2155565,-80.8556787,{'amenity': 'drinking_water'},drinking_water,,,,,,,,node/12363326997
6,node,12363326998,,35.2156854,-80.8559797,{'amenity': 'bench'},bench,,,,,,,,node/12363326998
6,node,12363326999,,35.2156698,-80.8559448,{'amenity': 'bench'},bench,,,,,,,,node/12363326999
6,node,12363327000,,35.215568,-80.855726,{'amenity': 'bench'},bench,,,,,,,,node/12363327000
6,node,12363373802,,35.2155902,-80.855774,{'amenity': 'bench'},bench,,,,,,,,node/12363373802
6,node,12467232256,,35.2140501,-80.8600408,{'amenity': 'drinking_water'},drinking_water,,,,,,,,node/12467232256
6,node,12624705073,,35.2129171,-80.8569856,"{'amenity': 'bicycle_parking', 'bicycle_parking': 'stands', 'capacity': '6'}",bicycle_parking,,,,,,,,node/12624705073
6,node,12696851040,Ilios Crafted Greek,35.2177542,-80.8586226,"{'addr:city': 'Charlotte', 'addr:housenumber': '1514', 'addr:postcode': '28203', 'addr:state': 'NC', 'addr:street': 'South Church Street', 'amenity': 'restaurant', 'cuisine': 'greek', 'name': 'Ilios Crafted Greek', 'website': 'https://ilioscraftedgreek.com'}",restaurant,,,,,,,,node/12696851040
6,node,12861799855,Babaloo Coffee Club,35.2174421,-80.8564416,"{'addr:city': 'Charlotte', 'addr:housenumber': '1425', 'addr:postcode': '28203', 'addr:state': 'NC', 'addr:street': 'Winnifred Street', 'addr:unit': '117', 'amenity': 'cafe', 'cuisine': 'coffee_shop', 'name': 'Babaloo Coffee Club'}",cafe,,,,,,,,node/12861799855
6,node,12958734947,Two Scoops Creamery,35.2141663,-80.8577433,"{'addr:city': 'Charlotte', 'addr:housenumber': '1616', 'addr:postcode': '28203', 'addr:state': 'NC', 'addr:street': 'Camden Road', 'addr:unit': '100', 'amenity': 'ice_cream', 'name': 'Two Scoops Creamery', 'phone': '+1-980-237-2149', 'website': 'https://twoscoopscreamery.com'}",ice_cream,,,,,,,,node/12958734947
6,node,12958734970,Tutti Gelato,35.2136388,-80.8581241,"{'amenity': 'ice_cream', 'name': 'Tutti Gelato', 'website': 'https://www.tuttigelatousa.com'}",ice_cream,,,,,,,,node/12958734970
6,node,13056889301,,35.2186064,-80.8554539,"{'access': 'yes', 'amenity': 'bicycle_parking', 'bicycle_parking': 'stands', 'capacity': '2', 'covered': 'no', 'indoor': 'no'}",bicycle_parking,,,,,,,,node/13056889301
6,node,13115252246,Folia,35.2163198,-80.8562734,"{'addr:city': 'Charlotte', 'addr:housenumber': '1440', 'addr:postcode': '28203', 'addr:state': 'NC', 'addr:street': 'South Tryon Street', 'addr:unit': '102', 'amenity': 'bar', 'name': 'Folia', 'website': 'https://www.foliaclt.com'}",bar,,,,,,,,node/13115252246
6,node,13124360201,,35.2188388,-80.8568101,"{'access': 'yes', 'amenity': 'bicycle_parking', 'bicycle_parking': 'stands', 'capacity': '4', 'covered': 'no', 'indoor': 'no'}",bicycle_parking,,,,,,,,node/13124360201
6,node,13131717115,,35.2163324,-80.8571515,{'amenity': 'waste_disposal'},waste_disposal,,,,,,,,node/13131717115
6,node,13134650026,"Passport Health South End, Charlotte Travel Clinic",35.2141092,-80.855411,"{'addr:city': 'Charlotte', 'addr:housenumber': '1520', 'addr:postcode': '28203', 'addr:state': 'NC', 'addr:street': 'South Boulevard', 'addr:unit': '220', 'amenity': 'clinic', 'healthcare': 'clinic', 'healthcare:speciality': 'travel_clinic;vaccination', 'name': 'Passport Health South End, Charlotte Travel Clinic', 'operator': 'Passport Health', 'operator:type': 'private', 'operator:wikidata': 'Q30270336'}",clinic,,,,,,clinic,,node/13134650026
6,node,13179448582,La Lima Sangucheria,35.2140081,-80.8558305,"{'amenity': 'restaurant', 'cuisine': 'sandwich', 'name': 'La Lima Sangucheria', 'website': 'https://www.lalimasangucheria.com'}",restaurant,,,,,,,,node/13179448582
6,node,13179555371,,35.2154418,-80.8582636,{'amenity': 'bench'},bench,,,,,,,,node/13179555371
6,node,13179555375,,35.2174717,-80.8577144,{'amenity': 'parking_entrance'},parking_entrance,,,,,,,,node/13179555375
6,node,13179555394,Golden Cow Creamery,35.2175414,-80.8578321,"{'amenity': 'ice_cream', 'name': 'Golden Cow Creamery'}",ice_cream,,,,,,,,node/13179555394
6,node,13198314575,,35.2189456,-80.8569696,"{'access': 'yes', 'amenity': 'bicycle_parking', 'bicycle_parking': 'stands', 'capacity': '4', 'covered': 'no', 'indoor': 'no'}",bicycle_parking,,,,,,,,node/13198314575
6,node,13198321002,,35.2189812,-80.8570207,"{'access': 'yes', 'amenity': 'bicycle_parking', 'bicycle_parking': 'stands', 'capacity': '4', 'covered': 'no', 'indoor': 'no'}",bicycle_parking,,,,,,,,node/13198321002
6,node,13278575337,Fresh Monkee,35.2175735,-80.8566277,"{'addr:city': 'Charlotte', 'addr:housenumber': '1425', 'addr:postcode': '28203', 'addr:state': 'NC', 'addr:street': 'Winnifred Street', 'addr:unit': '114', 'amenity': 'fast_food', 'cuisine': 'juice', 'name': 'Fresh Monkee', 'website': 'https://freshmonkee.com'}",fast_food,,,,,,,,node/13278575337
6,node,13289627501,,35.2168404,-80.8557493,"{'access': 'yes', 'amenity': 'bicycle_parking', 'bicycle_parking': 'stands', 'capacity': '6', 'covered': 'no', 'indoor': 'no'}",bicycle_parking,,,,,,,,node/13289627501
6,node,13290051209,Oaklore Bar & Bottle Shop,35.2181333,-80.855914,"{'addr:housenumber': '1425', 'addr:street': 'Winnifred Street', 'addr:unit': '103', 'amenity': 'bar', 'name': 'Oaklore Bar & Bottle Shop'}",bar,,,,,,,,node/13290051209
6,node,13290051211,Bulldog Taproom/Social,35.2176332,-80.8571544,"{'amenity': 'bar', 'name': 'Bulldog Taproom/Social'}",bar,,,,,,,,node/13290051211
6,node,13334786201,,35.2126895,-80.8540022,"{'access': 'yes', 'amenity': 'bicycle_parking', 'bicycle_parking': 'stands', 'capacity': '2', 'covered': 'no', 'indoor': 'no'}",bicycle_parking,,,,,,,,node/13334786201
6,node,13343361201,,35.2130317,-80.8571438,"{'access': 'yes', 'amenity': 'bicycle_parking', 'bicycle_parking': 'stands', 'capacity': '2', 'covered': 'no', 'indoor': 'no'}",bicycle_parking,,,,,,,,node/13343361201
6,node,13525355801,,35.2185062,-80.8566633,"{'access': 'yes', 'amenity': 'bicycle_parking', 'bicycle_parking': 'stands', 'capacity': '12', 'covered': 'yes', 'indoor': 'no'}",bicycle_parking,,,,,,,,node/13525355801
6,way,315335377,Lincoln Street Kitchen & Cocktails,35.2200217,-80.8568645,"{'addr:city': 'Charlotte', 'addr:housenumber': '309', 'addr:postcode': '28203', 'addr:state': 'NC', 'addr:street': 'Lincoln Street', 'amenity': 'restaurant', 'building': 'yes', 'building:levels': '2', 'name': 'Lincoln Street Kitchen & Cocktails'}",restaurant,,,,,,,,way/315335377
6,way,315335644,Seoul Food Meat Co.,35.2192467,-80.8576451,"{'addr:city': 'Charlotte', 'addr:housenumber': '1400', 'addr:postcode': '28203', 'addr:state': 'NC', 'addr:street': 'South Church Street', 'amenity': 'restaurant', 'building': 'yes', 'building:levels': '1', 'cuisine': 'korean;barbecue', 'name': 'Seoul Food Meat Co.', 'outdoor_seating': 'yes', 'smoking': 'outside'}",restaurant,,,,,,,,way/315335644
6,way,394430311,Flower Child,35.2150607,-80.8564915,"{'amenity': 'restaurant', 'building': 'yes', 'name': 'Flower Child'}",restaurant,,,,,,,,way/394430311
6,way,432915320,Concentra Urgent Care,35.213569,-80.8562927,"{'addr:city': 'Charlotte', 'addr:housenumber': '1614', 'addr:postcode': '28203', 'addr:state': 'NC', 'addr:street': 'South Boulevard', 'amenity': 'clinic', 'building': 'yes', 'healthcare': 'clinic', 'name': 'Concentra Urgent Care', 'operator': 'Concentra', 'operator:wikidata': 'Q5158304'}",clinic,,,,,,clinic,,way/432915320
6,way,432937714,Wells Fargo,35.212793,-80.8560566,"{'amenity': 'bank', 'atm': 'yes', 'brand': 'Wells Fargo', 'brand:wikidata': 'Q744149', 'building': 'commercial', 'drive_through': 'yes', 'name': 'Wells Fargo'}",bank,,,,,,,,way/432937714
6,way,432937716,Sandwich Max,35.2133927,-80.8554999,"{'addr:country': 'US', 'addr:housenumber': '1601', 'addr:postcode': '28203', 'addr:state': 'NC', 'addr:street': 'South Boulevard', 'amenity': 'fast_food', 'building': 'commercial', 'cuisine': 'sandwich', 'name': 'Sandwich Max'}",fast_food,,,,,,,,way/432937716
6,way,432937727,CVS Pharmacy,35.2137137,-80.8551063,"{'amenity': 'pharmacy', 'brand': 'CVS Pharmacy', 'brand:website': 'https://www.cvs.com/', 'brand:wikidata': 'Q2078880', 'building': 'yes', 'dispensing': 'yes', 'healthcare': 'pharmacy', 'name': 'CVS Pharmacy', 'short_name': 'CVS', 'website': 'https://www.cvs.com/store-locator/charlotte-nc-pharmacies/1533-south-blvd-charlotte-nc-28203/storeid=3185'}",pharmacy,,,,,,pharmacy,,way/432937727
6,way,432937734,The Gin Mill,35.2167099,-80.8551358,"{'addr:city': 'Charlotte', 'addr:housenumber': '1423', 'addr:postcode': '28203', 'addr:state': 'NC', 'addr:street': 'South Tryon Street', 'amenity': 'bar', 'building': 'yes', 'name': 'The Gin Mill', 'opening_hours': 'Tu-Fr 16:00-21:00; Sa-Su 12:00-21:00', 'phone': '+1-704-373-0782', 'website': 'https://ginmillsouthend.com/'}",bar,,,,,,,,way/432937734
6,way,432937735,Tavern On The Tracks,35.2169331,-80.8548131,"{'addr:city': 'Charlotte', 'addr:housenumber': '1411', 'addr:postcode': '28203', 'addr:state': 'NC', 'addr:street': 'South Tryon Street', 'amenity': 'restaurant', 'building': 'yes', 'name': 'Tavern On The Tracks', 'opening_hours': 'Mo-Su 11:00-02:00', 'phone': '+1-704-372-0782', 'website': 'https://tavernonthetracks.com/'}",restaurant,,,,,,,,way/432937735
6,way,432939155,,35.21713,-80.8537635,"{'access': 'yes', 'amenity': 'parking', 'fee': 'yes', 'park_ride': 'no', 'parking': 'surface', 'surface': 'asphalt'}",parking,,,,,,,,way/432939155
6,way,432939156,Hoppin',35.2183875,-80.8563305,"{'amenity': 'bar', 'building': 'yes', 'name': ""Hoppin'""}",bar,,,,,,,,way/432939156
6,way,582913009,,35.2132975,-80.8586193,"{'amenity': 'parking', 'parking': 'street_side'}",parking,,,,,,,,way/582913009
6,way,582913335,,35.2136877,-80.8584417,{'amenity': 'parking'},parking,,,,,,,,way/582913335
6,way,606469947,,35.2146845,-80.8577183,{'amenity': 'parking'},parking,,,,,,,,way/606469947
6,way,611222785,Let's Meat KBBQ,35.2191335,-80.8577334,"{'addr:city': 'Charlotte', 'addr:housenumber': '1400', 'addr:postcode': '28203', 'addr:state': 'NC', 'addr:street': 'South Church Street', 'amenity': 'restaurant', 'building': 'yes', 'name': ""Let's Meat KBBQ"", 'smoking': 'no'}",restaurant,,,,,,,,way/611222785
6,way,755455238,,35.2190074,-80.8596617,{'amenity': 'parking'},parking,,,,,,,,way/755455238
6,way,755455240,,35.2191483,-80.8591403,{'amenity': 'parking'},parking,,,,,,,,way/755455240
6,way,755471159,,35.2154253,-80.8518399,{'amenity': 'parking'},parking,,,,,,,,way/755471159
6,way,755471161,,35.2155664,-80.8525302,{'amenity': 'parking'},parking,,,,,,,,way/755471161
6,way,755636070,,35.2192631,-80.8579857,{'amenity': 'parking'},parking,,,,,,,,way/755636070
6,way,755636074,,35.2183091,-80.8583091,"{'amenity': 'parking', 'parking': 'surface'}",parking,,,,,,,,way/755636074
6,way,757213336,,35.2169157,-80.8578672,"{'amenity': 'parking', 'parking': 'surface'}",parking,,,,,,,,way/757213336
6,way,781164392,,35.2184604,-80.8598266,{'amenity': 'parking'},parking,,,,,,,,way/781164392
6,way,781164404,,35.2185871,-80.8602924,"{'amenity': 'parking', 'surface': 'gravel'}",parking,,,,,,,,way/781164404
6,way,781164405,Tyber Creek,35.2188542,-80.8606143,"{'addr:city': 'Charlotte', 'addr:housenumber': '1501', 'addr:postcode': '28203', 'addr:state': 'NC', 'addr:street': 'South Mint Street', 'amenity': 'pub', 'building': 'yes', 'name': 'Tyber Creek', 'opening_hours': 'Mo-Th 15:00-02:00; Fr-Su 11:00-02:00', 'theme': 'irish', 'website': 'https://www.tybercreek.com'}",pub,,,,,,,,way/781164405
6,way,834013546,,35.2155766,-80.8546519,"{'amenity': 'parking', 'building': 'parking', 'parking': 'multi-storey'}",parking,,,,,,,,way/834013546
6,way,837202789,,35.2135491,-80.8592753,"{'amenity': 'parking', 'building': 'parking', 'parking': 'multi-storey'}",parking,,,,,,,,way/837202789
6,way,837202790,,35.2142688,-80.858086,"{'amenity': 'parking', 'building': 'parking', 'parking': 'multi-storey'}",parking,,,,,,,,way/837202790
6,way,849315315,,35.2182787,-80.8532723,"{'amenity': 'parking', 'building': 'parking', 'height': '18', 'parking': 'multi-storey'}",parking,,,,,,,,way/849315315
6,way,849315317,,35.2177661,-80.8538474,"{'amenity': 'parking', 'building': 'parking', 'height': '22', 'parking': 'multi-storey'}",parking,,,,,,,,way/849315317
6,way,849315321,,35.2164211,-80.8570304,"{'amenity': 'parking', 'parking': 'surface'}",parking,,,,,,,,way/849315321
6,way,849315322,,35.2169577,-80.8563095,"{'amenity': 'parking', 'parking': 'surface'}",parking,,,,,,,,way/849315322
6,way,849315323,,35.2172993,-80.8569418,"{'amenity': 'parking', 'parking': 'surface'}",parking,,,,,,,,way/849315323
6,way,849315324,,35.2176883,-80.8560266,"{'access': 'yes', 'amenity': 'parking', 'building': 'parking', 'fee': 'yes', 'height': '25', 'parking': 'multi-storey'}",parking,,,,,,,,way/849315324
6,way,875274991,,35.214577,-80.8560028,"{'amenity': 'parking', 'building': 'parking', 'parking': 'multi-storey'}",parking,,,,,,,,way/875274991
6,way,875274994,Vantage Parking Deck,35.219084,-80.8541407,"{'addr:city': 'Charlotte', 'addr:housenumber': '1220', 'addr:postcode': '28203', 'addr:state': 'NC', 'addr:street': 'South Tryon Street', 'amenity': 'parking', 'building': 'yes', 'name': 'Vantage Parking Deck', 'parking': 'multi-storey'}",parking,,,,,,,,way/875274994
6,way,875274995,Nickyo's Rodeo,35.2181511,-80.8551825,"{'amenity': 'pub', 'building': 'yes', 'microbrewery': 'yes', 'name': ""Nickyo's Rodeo""}",pub,,,,,,,,way/875274995
6,way,967497113,Charlotte Beer Garden,35.2184052,-80.8543073,"{'addr:city': 'Charlotte', 'addr:housenumber': '1300', 'addr:postcode': '28203', 'addr:state': 'NC', 'addr:street': 'South Tryon Street', 'amenity': 'biergarten', 'building': 'yes', 'name': 'Charlotte Beer Garden'}",biergarten,,,,,,,,way/967497113
6,way,1059935588,,35.2139712,-80.860833,"{'amenity': 'parking', 'building': 'yes', 'height': '26', 'parking': 'multi-storey'}",parking,,,,,,,,way/1059935588
6,way,1121531932,Railyard,35.2174657,-80.8557234,"{'access': 'yes', 'addr:city': 'Charlotte', 'addr:housenumber': '1414', 'addr:postcode': '28203', 'addr:state': 'NC', 'addr:street': 'South Tryon Street', 'amenity': 'food_court', 'building': 'yes', 'internet_access': 'wlan', 'internet_access:fee': 'no', 'internet_access:ssid': 'Cousins-Guest', 'name': 'Railyard', 'phone': '+1-704-350-0870', 'power_supply': 'yes', 'website': 'https://railyardsouthend.com'}",food_court,,,,,,,,way/1121531932
6,way,1134158513,,35.2152643,-80.8562809,{'amenity': 'parking'},parking,,,,,,,,way/1134158513
6,way,1134158519,,35.2159128,-80.8556686,"{'amenity': 'parking', 'parking': 'surface'}",parking,,,,,,,,way/1134158519
6,way,1175759357,,35.2168965,-80.8571242,"{'access': 'yes', 'amenity': 'bicycle_parking', 'bicycle_parking': 'stands', 'capacity': '6', 'covered': 'partial', 'fee': 'no'}",bicycle_parking,,,,,,,,way/1175759357
6,way,1175759358,,35.2177923,-80.8569711,"{'amenity': 'bicycle_parking', 'bicycle_parking': 'stands', 'capacity': '6'}",bicycle_parking,,,,,,,,way/1175759358
6,way,1175759359,,35.2157604,-80.8568945,"{'amenity': 'bicycle_parking', 'bicycle_parking': 'stands', 'capacity': '6'}",bicycle_parking,,,,,,,,way/1175759359
6,way,1208586946,,35.2170122,-80.8546961,{'amenity': 'parking'},parking,,,,,,,,way/1208586946
6,way,1209610745,,35.2163284,-80.8526722,{'amenity': 'parking'},parking,,,,,,,,way/1209610745
6,way,1209610755,,35.2163575,-80.8527647,{'amenity': 'parking_space'},parking_space,,,,,,,,way/1209610755
6,way,1209610756,,35.2163859,-80.8528007,"{'amenity': 'parking_space', 'parking_space': 'disabled'}",parking_space,,,,,,,,way/1209610756
6,way,1209610757,,35.2163403,-80.852743,{'amenity': 'parking_space'},parking_space,,,,,,,,way/1209610757
6,way,1209610758,,35.2163226,-80.8527203,{'amenity': 'parking_space'},parking_space,,,,,,,,way/1209610758
6,way,1209610759,,35.2163035,-80.8526968,{'amenity': 'parking_space'},parking_space,,,,,,,,way/1209610759
6,way,1209610760,,35.2162838,-80.8526733,{'amenity': 'parking_space'},parking_space,,,,,,,,way/1209610760
6,way,1209610761,,35.2162651,-80.8526495,{'amenity': 'parking_space'},parking_space,,,,,,,,way/1209610761
6,way,1209610762,,35.2162464,-80.852626,{'amenity': 'parking_space'},parking_space,,,,,,,,way/1209610762
6,way,1209610763,,35.2162273,-80.8526049,{'amenity': 'parking_space'},parking_space,,,,,,,,way/1209610763
6,way,1209610764,,35.2164371,-80.8527472,{'amenity': 'parking_space'},parking_space,,,,,,,,way/1209610764
6,way,1209610765,,35.2164194,-80.8527256,{'amenity': 'parking_space'},parking_space,,,,,,,,way/1209610765
6,way,1209610766,,35.2164007,-80.8527023,{'amenity': 'parking_space'},parking_space,,,,,,,,way/1209610766
6,way,1209610767,,35.2163814,-80.8526789,{'amenity': 'parking_space'},parking_space,,,,,,,,way/1209610767
6,way,1209610768,,35.2163626,-80.8526554,{'amenity': 'parking_space'},parking_space,,,,,,,,way/1209610768
6,way,1209610769,,35.2163441,-80.8526321,{'amenity': 'parking_space'},parking_space,,,,,,,,way/1209610769
6,way,1209610770,,35.2163256,-80.8526094,{'amenity': 'parking_space'},parking_space,,,,,,,,way/1209610770
6,way,1209610771,,35.2163065,-80.852586,{'amenity': 'parking_space'},parking_space,,,,,,,,way/1209610771
6,way,1209610772,,35.2162848,-80.8525585,{'amenity': 'parking_space'},parking_space,,,,,,,,way/1209610772
6,way,1218561738,The Brickyard,35.217055,-80.8549633,"{'addr:city': 'Charlotte', 'addr:housenumber': '1411', 'addr:postcode': '28203', 'addr:state': 'NC', 'addr:street': 'South Tryon Street', 'amenity': 'bar', 'building': 'yes', 'name': 'The Brickyard', 'opening_hours': 'We-Fr 17:00-02:00; Sa-Su 14:00-02:00', 'phone': '+1-980-938-6990'}",bar,,,,,,,,way/1218561738
6,way,1285775395,,35.2126714,-80.8573263,"{'amenity': 'parking', 'building': 'yes', 'building:levels': '8', 'fee': 'yes', 'height': '24', 'parking': 'multi-storey'}",parking,,,,,,,,way/1285775395
6,way,1347159990,Ruby Sunshine,35.2197506,-80.8574753,"{'amenity': 'restaurant', 'building': 'yes', 'name': 'Ruby Sunshine'}",restaurant,,,,,,,,way/1347159990
6,way,1409279339,,35.2184713,-80.8553155,{'amenity': 'parking'},parking,,,,,,,,way/1409279339
6,way,1409279340,,35.2182956,-80.8556894,{'amenity': 'parking'},parking,,,,,,,,way/1409279340
6,way,1409279341,,35.2179703,-80.8551277,{'amenity': 'parking'},parking,,,,,,,,way/1409279341
6,way,1409279342,,35.2178641,-80.854813,{'amenity': 'parking'},parking,,,,,,,,way/1409279342
6,way,1409279343,,35.2181961,-80.8545834,{'amenity': 'parking'},parking,,,,,,,,way/1409279343
6,way,1409279344,,35.2177144,-80.8569399,{'amenity': 'parking'},parking,,,,,,,,way/1409279344
6,way,1409279347,,35.2199494,-80.8553863,{'amenity': 'parking'},parking,,,,,,,,way/1409279347
6,way,1409279355,,35.2196033,-80.8573598,{'amenity': 'parking'},parking,,,,,,,,way/1409279355
6,way,1409279356,,35.2172942,-80.8592248,{'amenity': 'parking'},parking,,,,,,,,way/1409279356
6,way,1409279357,,35.2158735,-80.8579783,{'amenity': 'parking'},parking,,,,,,,,way/1409279357
6,way,1409279358,,35.214953,-80.8587258,{'amenity': 'parking'},parking,,,,,,,,way/1409279358
6,way,1409279359,,35.2147431,-80.8589775,{'amenity': 'parking'},parking,,,,,,,,way/1409279359
6,way,1425192864,Canopy Cocktails & Garden,35.2128667,-80.8581303,"{'addr:city': 'Charlotte', 'addr:housenumber': '118', 'addr:postcode': '28203', 'addr:state': 'NC', 'addr:street': 'E Kingston Ave', 'addr:unit': '10', 'amenity': 'bar', 'brewery': 'various', 'building': 'yes', 'min_age': '21', 'name': 'Canopy Cocktails & Garden'}",bar,,,,,,,,way/1425192864
6,way,1428169467,,35.2146342,-80.8574685,{'amenity': 'parking'},parking,,,,,,,,way/1428169467
6,way,1428169472,,35.2142507,-80.8539085,{'amenity': 'parking'},parking,,,,,,,,way/1428169472
6,way,1428169476,,35.2146334,-80.8540857,{'amenity': 'parking'},parking,,,,,,,,way/1428169476
6,way,1428169477,,35.2151003,-80.8533326,{'amenity': 'parking'},parking,,,,,,,,way/1428169477
6,way,1428169481,,35.2138191,-80.8544628,{'amenity': 'parking'},parking,,,,,,,,way/1428169481
6,way,1428169483,,35.2141957,-80.8544102,{'amenity': 'parking'},parking,,,,,,,,way/1428169483
6,way,1428169484,,35.213723,-80.854933,{'amenity': 'parking'},parking,,,,,,,,way/1428169484
6,way,1428169485,,35.2131753,-80.8555409,{'amenity': 'parking'},parking,,,,,,,,way/1428169485
6,way,1428169486,,35.2126477,-80.856004,{'amenity': 'parking'},parking,,,,,,,,way/1428169486
6,way,1428169487,,35.2126869,-80.85546,{'amenity': 'parking'},parking,,,,,,,,way/1428169487
6,way,1428169488,,35.2128133,-80.8551583,{'amenity': 'parking'},parking,,,,,,,,way/1428169488
6,way,1428169490,,35.2122181,-80.8565002,{'amenity': 'parking'},parking,,,,,,,,way/1428169490
6,way,1430326680,,35.2118037,-80.8588587,"{'amenity': 'parking', 'building': 'yes', 'height': '32', 'min_height': '10', 'parking': 'multi-storey'}",parking,,,,,,,,way/1430326680
6,way,1448530641,,35.2180282,-80.8599372,{'amenity': 'parking'},parking,,,,,,,,way/1448530641
6,way,1450790626,,35.2133011,-80.8568463,{'amenity': 'parking'},parking,,,,,,,,way/1450790626
6,way,1450790627,,35.2135405,-80.8565301,{'amenity': 'parking'},parking,,,,,,,,way/1450790627
6,way,1450790628,,35.2139234,-80.8565281,{'amenity': 'parking'},parking,,,,,,,,way/1450790628
6,way,1450790629,,35.2138456,-80.8569145,{'amenity': 'parking'},parking,,,,,,,,way/1450790629
6,way,1450790630,,35.2137143,-80.856048,{'amenity': 'parking'},parking,,,,,,,,way/1450790630
6,way,1469358544,,35.2149228,-80.8600526,{'amenity': 'parking'},parking,,,,,,,,way/1469358544
6,way,1471520739,,35.2154933,-80.8589696,{'amenity': 'parking'},parking,,,,,,,,way/1471520739
6,relation,11008714,,35.2161515,-80.8568812,"{'amenity': 'parking', 'type': 'multipolygon'}",parking,,,,,,,,relation/11008714
6,relation,16341474,,35.2163175,-80.8553924,"{'amenity': 'parking', 'type': 'multipolygon'}",parking,,,,,,,,relation/16341474
6,relation,18479735,Must Be Nice,35.2197257,-80.857218,"{'amenity': 'bar', 'building': 'commercial', 'name': 'Must Be Nice', 'product': 'soap', 'type': 'multipolygon'}",bar,,,,,,,,relation/18479735
6,relation,19581220,,35.2132177,-80.8577831,"{'amenity': 'parking', 'type': 'multipolygon'}",parking,,,,,,,,relation/19581220
6,node,5718028309,Queen City Bicycles,35.2138866,-80.85615,"{'addr:city': 'Charlotte', 'addr:housenumber': '128', 'addr:postcode': '28203', 'addr:state': 'NC', 'addr:street': 'East Park Avenue', 'name': 'Queen City Bicycles', 'service:bicycle:Bicycle_Sales_and_Service': 'yes', 'service:bicycle:bicycle': 'yes', 'service:bicycle:rental': 'yes', 'service:bicycle:repair': 'yes', 'service:bicycle:retail': 'yes', 'shop': 'bicycle'}",,bicycle,,,,,,,node/5718028309
6,node,6532463479,Nova's Bakery,35.2140473,-80.8546921,"{'name': ""Nova's Bakery"", 'shop': 'bakery'}",,bakery,,,,,,,node/6532463479
6,node,11291263925,Esita The Label,35.2178493,-80.8564018,"{'addr:city': 'Charlotte', 'addr:housenumber': '1425', 'addr:postcode': '28203', 'addr:state': 'NC', 'addr:street': 'Winnifred Street', 'addr:unit': '109', 'clothes': 'women', 'name': 'Esita The Label', 'phone': '+1-704-733-9918', 'second_hand': 'only', 'shop': 'clothes', 'website': 'https://esitathelabel.com/'}",,clothes,,,,,,,node/11291263925
6,node,11291317374,ABC Spirits,35.2164877,-80.8560464,"{'addr:city': 'Charlotte', 'addr:housenumber': '1426', 'addr:postcode': '28203', 'addr:state': 'NC', 'addr:street': 'South Tryon Street', 'addr:unit': 'B', 'brand': 'ABC', 'brand:wikidata': 'Q7054415', 'name': 'ABC Spirits', 'phone': '+19802376463', 'shop': 'alcohol', 'website': 'https://www.meckabc.com/'}",,alcohol,,,,,,,node/11291317374
6,node,11291317379,Tattoo Me,35.2166805,-80.8566297,"{'addr:city': 'Charlotte', 'addr:housenumber': '1440', 'addr:postcode': '28203', 'addr:state': 'NC', 'addr:street': 'South Tryon Street', 'addr:unit': 'Suite 106', 'lgbtq': 'welcome', 'name': 'Tattoo Me', 'phone': '+17047746629', 'shop': 'tattoo', 'website': 'https://www.tmclt.com/'}",,tattoo,,,,,,,node/11291317379
6,node,11654772728,Bishops Cut/Color,35.2170623,-80.8558875,"{'name': 'Bishops Cut/Color', 'shop': 'hairdresser'}",,hairdresser,,,,,,,node/11654772728
6,node,12861799852,Wheatberry Bakeshop,35.2180998,-80.8561438,"{'addr:city': 'Charlotte', 'addr:housenumber': '1425', 'addr:postcode': '28203', 'addr:state': 'NC', 'addr:street': 'Winnifred Street', 'addr:unit': '105', 'name': 'Wheatberry Bakeshop', 'shop': 'bakery'}",,bakery,,,,,,,node/12861799852
6,node,12861799854,Mars Studio,35.2177394,-80.8565265,"{'addr:city': 'Charlotte', 'addr:housenumber': '1425', 'addr:postcode': '28203', 'addr:state': 'NC', 'addr:street': 'Winnifred Street', 'addr:unit': '112', 'name': 'Mars Studio', 'shop': 'hairdresser'}",,hairdresser,,,,,,,node/12861799854
6,node,12958734948,Hardy Boys Records,35.2140317,-80.857842,"{'name': 'Hardy Boys Records', 'shop': 'music'}",,music,,,,,,,node/12958734948
6,node,12958734971,Pet Wants,35.2135108,-80.8582334,"{'name': 'Pet Wants', 'shop': 'pet', 'website': 'https://www.petwantsclt.com'}",,pet,,,,,,,node/12958734971
6,way,394430314,Design Within Reach,35.2154523,-80.8560425,"{'brand': 'Design Within Reach', 'brand:wikidata': 'Q110903326', 'building': 'yes', 'height': '7', 'name': 'Design Within Reach', 'shop': 'furniture', 'website': 'https://www.dwr.com/store?StoreId=21'}",,furniture,,,,,,,way/394430314
6,way,432915319,Office Depot,35.2131302,-80.8566125,"{'addr:city': 'Charlotte', 'addr:housenumber': '1620', 'addr:postcode': '28203', 'addr:state': 'NC', 'addr:street': 'South Boulevard', 'brand': 'Office Depot', 'brand:wikidata': 'Q1337797', 'building': 'yes', 'name': 'Office Depot', 'opening_hours': 'Su 11:00-18:00; Mo-Fr 08:00-20:00; Sa 09:00-18:00', 'phone': '+1 704-358-8832', 'ref': '2240', 'shop': 'stationery', 'website': 'https://www.officedepot.com/storelocator/nc/charlotte/office-depot-2240'}",,stationery,,,,,,,way/432915319
6,way,432915323,Stop and Go,35.2150095,-80.860011,"{'addr:city': 'Charlotte', 'addr:housenumber': '1632', 'addr:postcode': '28203', 'addr:state': 'NC', 'addr:street': 'South Tryon Street', 'building': 'yes', 'name': 'Stop and Go', 'shop': 'convenience'}",,convenience,,,,,,,way/432915323
6,way,695670020,Adam & Eve,35.2146562,-80.8539345,"{'addr:city': 'Charlotte', 'addr:housenumber': '1437', 'addr:postcode': '28203', 'addr:state': 'NC', 'addr:street': 'South Boulevard', 'addr:unit': 'A', 'brand': 'Adam & Eve', 'brand:wikidata': 'Q4678604', 'building': 'retail', 'building:levels': '1', 'currency:XBT': 'yes', 'name': 'Adam & Eve', 'shop': 'erotic', 'website': 'https://adamevestores.com/'}",,erotic,,,,,,,way/695670020
6,node,11291263921,Beem Light Sauna,35.2171567,-80.8560367,"{'addr:city': 'Charlotte', 'addr:housenumber': '1422', 'addr:postcode': '28203', 'addr:state': 'NC', 'addr:street': 'South Tryon Street', 'addr:unit': 'Suite 170', 'leisure': 'sauna', 'name': 'Beem Light Sauna', 'phone': '+17043502512'}",,,sauna,,,,,,node/11291263921
6,node,11291263926,Kika Strech,35.217951,-80.8563015,"{'addr:city': 'Charlotte', 'addr:housenumber': '1425', 'addr:postcode': '28203', 'addr:state': 'NC', 'addr:street': 'Winnifred Street', 'addr:unit': '108', 'leisure': 'fitness_centre', 'name': 'Kika Strech', 'phone': '+17049530564', 'sport': 'yoga', 'website': 'https://kikastretchstudios.com/stretch-studio/north-carolina/charlotte'}",,,fitness_centre,,,,,,node/11291263926
6,node,11291263929,Orangetheory Fitness,35.2177355,-80.8553663,"{'addr:city': 'Charlotte', 'addr:housenumber': '1414', 'addr:postcode': '28203', 'addr:state': 'NC', 'addr:street': 'South Tryon Street', 'addr:unit': '160', 'brand': 'Orangetheory Fitness', 'brand:wikidata': 'Q25005163', 'leisure': 'fitness_centre', 'name': 'Orangetheory Fitness', 'phone': '+1 704-885-1300', 'ref': '28324'}",,,fitness_centre,,,,,,node/11291263929
6,node,11654772731,,35.2172692,-80.8557524,{'leisure': 'fitness_centre'},,,fitness_centre,,,,,,node/11654772731
6,node,12363373830,,35.2154791,-80.8557725,{'leisure': 'picnic_table'},,,picnic_table,,,,,,node/12363373830
6,node,13179555393,Arrichion Hot Yoga,35.2170967,-80.8568251,"{'leisure': 'fitness_centre', 'name': 'Arrichion Hot Yoga', 'sport': 'yoga'}",,,fitness_centre,,,,,,node/13179555393
6,way,547660396,Wilmore Centennial Park,35.2141233,-80.8601962,"{'addr:city': 'Charlotte', 'addr:housenumber': '1711', 'addr:postcode': '28203', 'addr:state': 'NC', 'addr:street': 'South Tryon Street', 'leisure': 'park', 'name': 'Wilmore Centennial Park', 'opening_date': '2020'}",,,park,,,,,,way/547660396
6,way,555843918,,35.218688,-80.8529076,{'leisure': 'swimming_pool'},,,swimming_pool,,,,,,way/555843918
6,way,1185598385,,35.2142226,-80.8597165,{'leisure': 'playground'},,,playground,,,,,,way/1185598385
6,way,1185598386,,35.2140481,-80.8599416,{'leisure': 'outdoor_seating'},,,outdoor_seating,,,,,,way/1185598386
6,way,1191248746,,35.2149511,-80.8585248,{'leisure': 'swimming_pool'},,,swimming_pool,,,,,,way/1191248746
6,way,1192742643,,35.2148999,-80.8566369,{'leisure': 'outdoor_seating'},,,outdoor_seating,,,,,,way/1192742643
6,way,1208420151,,35.2171669,-80.8553764,"{'garden:type': 'landscaping', 'leisure': 'garden'}",,,garden,,,,,,way/1208420151
6,way,1208420152,,35.2172262,-80.8553147,"{'garden:type': 'landscaping', 'leisure': 'garden'}",,,garden,,,,,,way/1208420152
6,way,1208420162,,35.217298,-80.8553493,{'leisure': 'outdoor_seating'},,,outdoor_seating,,,,,,way/1208420162
6,way,1208420163,,35.2171689,-80.8554727,{'leisure': 'outdoor_seating'},,,outdoor_seating,,,,,,way/1208420163
6,way,1208586952,,35.2179548,-80.8579817,{'leisure': 'swimming_pool'},,,swimming_pool,,,,,,way/1208586952
6,way,1208587031,,35.2174644,-80.8542035,{'leisure': 'swimming_pool'},,,swimming_pool,,,,,,way/1208587031
6,way,1253668813,,35.2173595,-80.8555721,{'leisure': 'outdoor_seating'},,,outdoor_seating,,,,,,way/1253668813
6,way,1253668814,,35.2172243,-80.8553803,"{'garden:type': 'landscaping', 'leisure': 'garden'}",,,garden,,,,,,way/1253668814
6,way,1285294583,,35.2194044,-80.8537475,"{'garden:type': 'landscaping', 'leisure': 'garden'}",,,garden,,,,,,way/1285294583
6,way,1285294584,,35.219482,-80.8538272,"{'garden:type': 'landscaping', 'leisure': 'garden'}",,,garden,,,,,,way/1285294584
6,way,1285294585,,35.2195614,-80.8537442,"{'garden:type': 'landscaping', 'leisure': 'garden'}",,,garden,,,,,,way/1285294585
6,way,1285294587,,35.219704,-80.8535933,"{'garden:type': 'landscaping', 'leisure': 'garden'}",,,garden,,,,,,way/1285294587
6,way,1285294592,,35.2197197,-80.8529832,{'leisure': 'garden'},,,garden,,,,,,way/1285294592
6,way,1285294593,,35.2196165,-80.852869,{'leisure': 'garden'},,,garden,,,,,,way/1285294593
6,way,1285294594,,35.2194393,-80.8536319,"{'garden:type': 'landscaping', 'leisure': 'garden'}",,,garden,,,,,,way/1285294594
6,way,1285294595,,35.219511,-80.8536739,"{'garden:type': 'landscaping', 'leisure': 'garden'}",,,garden,,,,,,way/1285294595
6,way,1285294596,,35.2196059,-80.8534453,"{'garden:type': 'landscaping', 'leisure': 'garden'}",,,garden,,,,,,way/1285294596
6,way,1285294599,,35.2194559,-80.8537645,{'leisure': 'outdoor_seating'},,,outdoor_seating,,,,,,way/1285294599
6,way,1293323910,,35.2142548,-80.8596973,"{'garden:type': 'landscaping', 'leisure': 'garden'}",,,garden,,,,,,way/1293323910
6,way,1293323911,,35.2144936,-80.8600529,"{'garden:type': 'landscaping', 'leisure': 'garden'}",,,garden,,,,,,way/1293323911
6,way,1293323913,,35.2138756,-80.8602683,"{'garden:type': 'landscaping', 'leisure': 'garden'}",,,garden,,,,,,way/1293323913
6,way,1306216324,,35.2173481,-80.8551226,"{'garden:type': 'landscaping', 'leisure': 'garden'}",,,garden,,,,,,way/1306216324
6,way,1306216325,,35.2172628,-80.8552442,"{'garden:type': 'landscaping', 'leisure': 'garden'}",,,garden,,,,,,way/1306216325
6,way,1428169461,,35.2171171,-80.8571841,{'leisure': 'outdoor_seating'},,,outdoor_seating,,,,,,way/1428169461
6,way,1433950599,,35.2167585,-80.8568401,{'leisure': 'outdoor_seating'},,,outdoor_seating,,,,,,way/1433950599
6,way,1469358548,,35.2161727,-80.8612816,"{'access': 'private', 'leisure': 'swimming_pool'}",,,swimming_pool,,,,,,way/1469358548
6,way,1469358549,,35.216189,-80.8610441,"{'access': 'private', 'leisure': 'swimming_pool'}",,,swimming_pool,,,,,,way/1469358549
6,relation,17917024,,35.2173479,-80.8555636,"{'highway': 'pedestrian', 'leisure': 'outdoor_seating', 'type': 'multipolygon'}",,,outdoor_seating,,,,,,relation/17917024
6,node,12363373831,,35.2155641,-80.855661,"{'information': 'map', 'tourism': 'information'}",,,,information,,,,,node/12363373831
6,node,12517322251,Substation & Tower Illumination,35.2150844,-80.8553721,"{'artwork_type': 'installation', 'name': 'Substation & Tower Illumination', 'tourism': 'artwork'}",,,,artwork,,,,,node/12517322251
6,node,12517322252,Dinosaur,35.2150614,-80.8560031,"{'artist_name': 'Amy Hart', 'artwork_type': 'sculpture', 'name': 'Dinosaur', 'tourism': 'artwork'}",,,,artwork,,,,,node/12517322252
6,node,12517322255,,35.2140467,-80.8599153,"{'artist_name': 'David Furman', 'artwork_type': 'installation', 'tourism': 'artwork'}",,,,artwork,,,,,node/12517322255
6,node,12958734949,Charlotte Machine Co.,35.2140988,-80.8577207,"{'artist_name': 'David Furman', 'artwork_type': 'sculpture', 'material': 'metal', 'name': 'Charlotte Machine Co.', 'tourism': 'artwork'}",,,,artwork,,,,,node/12958734949
6,way,432937709,Dilworth Artisan Station,35.2129374,-80.8577677,"{'addr:city': 'Charlotte', 'addr:housenumber': '118', 'addr:postcode': '28203', 'addr:state': 'NC', 'addr:street': 'East Kingston Avenue', 'building': 'yes', 'name': 'Dilworth Artisan Station', 'source': 'http://dilworthartisan.com/index.html', 'tourism': 'gallery'}",,,,gallery,,,,,way/432937709
6,way,606469946,Holiday Inn Express & Suites,35.2146381,-80.859284,"{'addr:city': 'Charlotte', 'addr:housenumber': '1617', 'addr:postcode': '28203', 'addr:state': 'NC', 'addr:street': 'South Tryon Street', 'brand': 'Holiday Inn Express & Suites', 'brand:wikidata': 'Q5880423', 'building': 'yes', 'building:levels': '5', 'name': 'Holiday Inn Express & Suites', 'tourism': 'hotel'}",,,,hotel,,,,,way/606469946
6,way,1196928924,,35.2129863,-80.858043,"{'artwork_type': 'mural', 'tourism': 'artwork'}",,,,artwork,,,,,way/1196928924
6,way,1253668818,,35.2185721,-80.8592759,"{'area': 'yes', 'artwork_type': 'mural', 'tourism': 'artwork'}",,,,artwork,,,,,way/1253668818
6,way,1352819936,Color Forest,35.216956,-80.8534129,"{'area': 'yes', 'artwork_type': 'installation', 'name': 'Color Forest', 'tourism': 'artwork'}",,,,artwork,,,,,way/1352819936
6,way,1352819937,Fowler Porch,35.2158601,-80.855274,"{'area': 'yes', 'artwork_type': 'installation', 'name': 'Fowler Porch', 'tourism': 'artwork'}",,,,artwork,,,,,way/1352819937
6,way,1352819940,Rail Trail Chalkboard,35.2136744,-80.8576339,"{'artwork_type': 'installation', 'name': 'Rail Trail Chalkboard', 'tourism': 'artwork'}",,,,artwork,,,,,way/1352819940
6,way,1448530643,,35.2183208,-80.8562489,"{'artwork_type': 'mural', 'tourism': 'artwork'}",,,,artwork,,,,,way/1448530643
6,relation,11008717,Elder Gallery,35.2162523,-80.8571624,"{'building': 'yes', 'name': 'Elder Gallery', 'tourism': 'gallery', 'type': 'multipolygon', 'website': 'https://eldergalleryclt.com'}",,,,gallery,,,,,relation/11008717
6,node,6532463478,Coldwell Banker,35.2143081,-80.8562177,"{'brand': 'Coldwell Banker', 'brand:wikidata': 'Q738853', 'name': 'Coldwell Banker', 'office': 'estate_agent'}",,,,,estate_agent,,,,node/6532463478
6,node,6532475895,H&R Block,35.2145911,-80.8540976,"{'brand': 'H&R Block', 'brand:wikidata': 'Q5627799', 'name': 'H&R Block', 'office': 'tax_advisor'}",,,,,tax_advisor,,,,node/6532475895
6,node,11289639662,WeWork,35.2170223,-80.8557321,"{'addr:city': 'Charlotte', 'addr:housenumber': '1422', 'addr:postcode': '28203', 'addr:state': 'NC', 'addr:street': 'South Tryon Street', 'addr:unit': 'Suite 300', 'brand': 'WeWork', 'brand:wikidata': 'Q19995004', 'fee': 'yes', 'level': '2-3', 'name': 'WeWork', 'office': 'coworking', 'phone': '+1-704-703-1906', 'website': 'https://www.wework.com/'}",,,,,coworking,,,,node/11289639662
6,node,11289639663,EY,35.2170497,-80.855703,"{'addr:city': 'Charlotte', 'addr:housenumber': '1422', 'addr:postcode': '28203', 'addr:state': 'NC', 'addr:street': 'South Tryon Street', 'brand': 'EY', 'brand:wikidata': 'Q489097', 'level': '4-5', 'name': 'EY', 'office': 'consulting', 'official_name': 'Ernst & Young', 'website': 'https://www.ey.com'}",,,,,consulting,,,,node/11289639663
6,node,11289639664,Slalom,35.2170789,-80.8556724,"{'addr:city': 'Charlotte', 'addr:housenumber': '1422', 'addr:postcode': '28203', 'addr:state': 'NC', 'addr:street': 'South Tryon Street', 'addr:unit': 'Suite 600', 'level': '6', 'name': 'Slalom', 'office': 'consulting', 'website': 'https://www.slalom.com/'}",,,,,consulting,,,,node/11289639664
6,node,11289639665,Mcmillan Pazdan Smith,35.2171071,-80.855643,"{'addr:city': 'Charlotte', 'addr:housenumber': '1422', 'addr:postcode': '28203', 'addr:state': 'NC', 'addr:street': 'South Tryon Street', 'addr:unit': 'Suite 700', 'level': '7', 'name': 'Mcmillan Pazdan Smith', 'office': 'architect', 'phone': '+1-980-201-3035', 'website': 'https://mcmillanpazdansmith.com/'}",,,,,architect,,,,node/11289639665
6,node,11289639666,Parsons,35.2171342,-80.8556125,"{'addr:city': 'Charlotte', 'addr:housenumber': '1422', 'addr:postcode': '28203', 'addr:state': 'NC', 'addr:street': 'South Tryon Street', 'addr:unit': 'Suite 800', 'level': '8', 'name': 'Parsons', 'office': 'company', 'phone': '+1-980-266-4125', 'website': 'https://www.parsons.com/'}",,,,,company,,,,node/11289639666
6,node,11289639667,Allstate,35.2174548,-80.855272,"{'brand': 'Allstate', 'brand:wikidata': 'Q2645636', 'name': 'Allstate', 'office': 'insurance', 'phone': '+1-704-578-8453'}",,,,,insurance,,,,node/11289639667
6,node,11289639668,Moody's,35.2175173,-80.8552078,"{'name': ""Moody's"", 'office': 'financial_advisor', 'phone': '+1-212-553-0974'}",,,,,financial_advisor,,,,node/11289639668
6,node,11289651369,Cousins,35.2173354,-80.855856,"{'addr:housenumber': '1414', 'addr:street': 'South Tryon Street', 'name': 'Cousins', 'office': 'estate_agent'}",,,,,estate_agent,,,,node/11289651369
6,node,11291317377,Browder Group Real Estate,35.2164412,-80.8564445,"{'addr:housenumber': '1440', 'addr:street': 'South Tryon Street', 'addr:unit': 'Suite 104', 'name': 'Browder Group Real Estate', 'office': 'estate_agent'}",,,,,estate_agent,,,,node/11291317377
6,node,11483254446,Dimensional,35.2157232,-80.8564597,"{'name': 'Dimensional', 'office': 'financial_advisor', 'website': 'https://www.dimensional.com'}",,,,,financial_advisor,,,,node/11483254446
6,node,11654772729,Hodges Taylor,35.217507,-80.8554961,"{'name': 'Hodges Taylor', 'office': 'consulting'}",,,,,consulting,,,,node/11654772729
6,way,837278806,Tin Fulton Walker & Owen,35.2128444,-80.8539675,"{'addr:city': 'Charlotte', 'addr:housenumber': '301', 'addr:postcode': '28203', 'addr:state': 'NC', 'addr:street': 'East Park Avenue', 'building': 'office', 'name': 'Tin Fulton Walker & Owen', 'office': 'lawyer', 'source': 'microsoft/BuildingFootprints'}",,,,,lawyer,,,,way/837278806
6,node,618108478,Bland Street,35.2157775,-80.8551939,"{'addr:city': 'Charlotte', 'addr:housenumber': '1511', 'addr:postcode': '28203', 'addr:state': 'NC', 'addr:street': 'Camden Road', 'internet_access': 'no', 'light_rail': 'yes', 'name': 'Bland Street', 'network': 'LYNX', 'operator': 'CATS', 'public_transport': 'station', 'railway': 'station', 'start_date': '1996-08-30', 'station': 'light_rail', 'wheelchair': 'yes', 'wikidata': 'Q4924993', 'wikipedia': 'en:Bland Street station'}",,,,,,station,,,node/618108478
6,node,8419403091,Bland Street,35.2155682,-80.8555303,"{'light_rail': 'yes', 'name': 'Bland Street', 'network': 'LYNX', 'operator': 'CATS', 'public_transport': 'stop_position', 'railway': 'stop'}",,,,,,stop_position,,,node/8419403091
6,node,8419403092,Bland Street,35.2159517,-80.8549368,"{'light_rail': 'yes', 'name': 'Bland Street', 'network': 'LYNX', 'operator': 'CATS', 'public_transport': 'stop_position', 'railway': 'stop'}",,,,,,stop_position,,,node/8419403092
6,node,8419403094,East/West Boulevard,35.2123179,-80.8588211,"{'light_rail': 'yes', 'name': 'East/West Boulevard', 'network': 'LYNX', 'operator': 'CATS', 'public_transport': 'stop_position', 'railway': 'stop'}",,,,,,stop_position,,,node/8419403094
6,way,535109777,,35.2157179,-80.8551901,"{'area': 'yes', 'bench': 'yes', 'bin': 'yes', 'light_rail': 'yes', 'lit': 'yes', 'network': 'LYNX', 'operator': 'CATS', 'public_transport': 'platform', 'railway': 'platform', 'shelter': 'yes', 'tactile_paving': 'yes'}",,,,,,platform,,,way/535109777
6,way,535109778,,35.2157958,-80.8552723,"{'area': 'yes', 'bench': 'yes', 'bin': 'yes', 'light_rail': 'yes', 'lit': 'yes', 'network': 'LYNX', 'operator': 'CATS', 'public_transport': 'platform', 'railway': 'platform', 'shelter': 'yes', 'tactile_paving': 'yes'}",,,,,,platform,,,way/535109778
6,way,535123121,,35.2120438,-80.8591502,"{'area': 'yes', 'bench': 'yes', 'bin': 'yes', 'light_rail': 'yes', 'lit': 'yes', 'network': 'LYNX', 'operator': 'CATS', 'public_transport': 'platform', 'railway': 'platform', 'shelter': 'yes', 'tactile_paving': 'yes'}",,,,,,platform,,,way/535123121
6,way,535123122,,35.2119989,-80.8590343,"{'area': 'yes', 'bench': 'yes', 'bin': 'yes', 'light_rail': 'yes', 'lit': 'yes', 'network': 'LYNX', 'operator': 'CATS', 'public_transport': 'platform', 'railway': 'platform', 'shelter': 'yes', 'tactile_paving': 'yes'}",,,,,,platform,,,way/535123122
6,relation,12309358,East/West Boulevard,35.2120282,-80.8590988,"{'name': 'East/West Boulevard', 'network': 'LYNX', 'public_transport': 'stop_area', 'railway': 'facility', 'type': 'public_transport'}",,,,,,stop_area,,,relation/12309358
6,relation,12309359,Bland Street,35.2157561,-80.8552285,"{'name': 'Bland Street', 'network': 'LYNX', 'public_transport': 'stop_area', 'railway': 'facility', 'type': 'public_transport'}",,,,,,stop_area,,,relation/12309359
6,node,4318405907,Wooden Robot,35.2169992,-80.8570717,"{'addr:city': 'Charlotte', 'addr:housenumber': '1440', 'addr:postcode': '28203', 'addr:state': 'NC', 'addr:street': 'South Tryon Street', 'addr:unit': 'Suite 110', 'craft': 'brewery', 'lgbtq': 'welcome', 'name': 'Wooden Robot', 'phone': '+19808197875', 'website': 'https://woodenrobotbrewery.com/'}",,,,,,,,brewery,node/4318405907
6,node,11291263922,Perfect Screen,35.2180741,-80.8561738,"{'addr:city': 'Charlotte', 'addr:housenumber': '1425', 'addr:postcode': '28203', 'addr:state': 'NC', 'addr:street': 'Winnifred Street', 'addr:unit': '106', 'craft': 'electronics_repair', 'name': 'Perfect Screen', 'phone': '+19808673215', 'website': 'https://www.ncperfectscreen.com/'}",,,,,,,,electronics_repair,node/11291263922
7,node,2624953033,Carrabba's Italian Grill,35.2139184,-80.8556348,"{'addr:city': 'Charlotte', 'addr:country': 'US', 'addr:housenumber': '1520', 'addr:postcode': '28203', 'addr:state': 'NC', 'addr:street': 'South Boulevard', 'amenity': 'restaurant', 'brand': ""Carrabba's Italian Grill"", 'brand:wikidata': 'Q5045999', 'cuisine': 'italian', 'name': ""Carrabba's Italian Grill"", 'opening_hours': 'Su-Th 11:00-22:00, Fr-Sa 11:00-23:00', 'phone': '+1-704-377-2458', 'website': 'https://www.carrabbas.com/restaurant/locations/nc/charlotte/charlotte-south-end/index.aspx'}",restaurant,,,,,,,,node/2624953033
7,node,3497698403,,35.214717,-80.856847,"{'amenity': 'bicycle_repair_station', 'brand': 'Dero', 'opening_hours': '24/7', 'service:bicycle:chain_tool': 'no', 'source': 'osmsync:dero'}",bicycle_repair_station,,,,,,,,node/3497698403
7,node,4318565911,La Capital MX,35.2104226,-80.8594777,"{'amenity': 'restaurant', 'cuisine': 'mexican', 'name': 'La Capital MX'}",restaurant,,,,,,,,node/4318565911
7,node,4318565948,Sullivan's Steak House,35.2101455,-80.8598517,"{'addr:city': 'Charlotte', 'addr:housenumber': '1928', 'addr:postcode': '28203', 'addr:state': 'NC', 'addr:street': 'South Boulevard', 'amenity': 'restaurant', 'cuisine': 'steak_house', 'name': ""Sullivan's Steak House""}",restaurant,,,,,,,,node/4318565948
7,node,4781465504,O-Ku,35.2095731,-80.8604037,"{'addr:city': 'Charlotte', 'amenity': 'restaurant', 'cuisine': 'sushi', 'name': 'O-Ku'}",restaurant,,,,,,,,node/4781465504
7,node,5266145724,Yamazaru Sushi & Sake,35.2085683,-80.8633394,"{'addr:city': 'Charlotte', 'addr:housenumber': '2173', 'addr:postcode': '28203', 'addr:state': 'NC', 'addr:street': 'Hawkins Street', 'addr:unit': 'A', 'amenity': 'restaurant', 'cuisine': 'sushi', 'name': 'Yamazaru Sushi & Sake'}",restaurant,,,,,,,,node/5266145724
7,node,5266158119,Pop the Top - Craft Beer Shop,35.213017,-80.8593122,"{'amenity': 'bar', 'name': 'Pop the Top - Craft Beer Shop'}",bar,,,,,,,,node/5266158119
7,node,5266162321,Leroy Fox Southend,35.2139005,-80.8579383,"{'amenity': 'restaurant', 'name': 'Leroy Fox Southend'}",restaurant,,,,,,,,node/5266162321
7,node,5266162322,Clean Juice,35.2141008,-80.8577913,"{'addr:city': 'Charlotte', 'addr:housenumber': '1616', 'addr:postcode': '28203', 'addr:state': 'NC', 'addr:street': 'Camden Road', 'addr:unit': 'Suite 130', 'amenity': 'fast_food', 'brand': 'Clean Juice', 'brand:wikidata': 'Q60775550', 'cuisine': 'juice', 'name': 'Clean Juice', 'takeaway': 'yes'}",fast_food,,,,,,,,node/5266162322
7,node,5266162323,Sabor,35.2142154,-80.8577072,"{'amenity': 'restaurant', 'name': 'Sabor'}",restaurant,,,,,,,,node/5266162323
7,node,5266164481,The UPS Store,35.2125724,-80.8591845,"{'amenity': 'post_office', 'brand': 'The UPS Store', 'brand:short': 'UPS', 'brand:wikidata': 'Q7771029', 'name': 'The UPS Store', 'shop': 'copyshop', 'short_name': 'UPS'}",post_office,copyshop,,,,,,,node/5266164481
7,node,5266165570,Grace Covenant Church,35.2118124,-80.8581993,"{'addr:city': 'Charlotte', 'addr:housenumber': '1800', 'addr:postcode': '28203', 'addr:state': 'NC', 'addr:street': 'South Boulevard', 'amenity': 'place_of_worship', 'name': 'Grace Covenant Church', 'religion': 'christian'}",place_of_worship,,,,,,,,node/5266165570
7,node,5286419102,Preppy Pet,35.2121562,-80.8612783,"{'amenity': 'animal_boarding', 'name': 'Preppy Pet'}",animal_boarding,,,,,,,,node/5286419102
7,node,5286423661,Luna's Living Kitchen,35.2090646,-80.8609734,"{'amenity': 'restaurant', 'name': ""Luna's Living Kitchen""}",restaurant,,,,,,,,node/5286423661
7,node,5286834622,,35.2144175,-80.8568136,{'amenity': 'bicycle_repair_station'},bicycle_repair_station,,,,,,,,node/5286834622
7,node,5528389570,,35.2134674,-80.859749,{'amenity': 'fountain'},fountain,,,,,,,,node/5528389570
7,node,5531752861,,35.2119871,-80.85773,{'amenity': 'clock'},clock,,,,,,,,node/5531752861
7,node,5550746601,,35.2131409,-80.8597448,"{'amenity': 'waste_basket', 'waste': 'dog_excrement'}",waste_basket,,,,,,,,node/5550746601
7,node,5550746602,,35.2135914,-80.8597518,"{'amenity': 'waste_basket', 'waste': 'dog_excrement'}",waste_basket,,,,,,,,node/5550746602
7,node,5550746603,,35.2141751,-80.8592567,"{'amenity': 'waste_basket', 'waste': 'dog_excrement'}",waste_basket,,,,,,,,node/5550746603
7,node,5550746604,,35.2108176,-80.8604266,"{'amenity': 'waste_basket', 'waste': 'dog_excrement'}",waste_basket,,,,,,,,node/5550746604
7,node,5550760328,,35.2125082,-80.8589911,{'amenity': 'waste_basket'},waste_basket,,,,,,,,node/5550760328
7,node,5550760329,,35.2104133,-80.8606175,{'amenity': 'waste_basket'},waste_basket,,,,,,,,node/5550760329
7,node,5573606999,,35.2132226,-80.8584711,"{'amenity': 'bicycle_parking', 'bicycle_parking': 'stands', 'capacity': '6', 'covered': 'no'}",bicycle_parking,,,,,,,,node/5573606999
7,node,5573622155,,35.2134127,-80.8588728,"{'amenity': 'waste_basket', 'waste': 'dog_excrement'}",waste_basket,,,,,,,,node/5573622155
7,node,5726256554,,35.2105269,-80.8618471,{'amenity': 'bench'},bench,,,,,,,,node/5726256554
7,node,5726256555,,35.2104754,-80.8616344,{'amenity': 'bench'},bench,,,,,,,,node/5726256555
7,node,5726256556,,35.2108412,-80.8604071,{'amenity': 'bench'},bench,,,,,,,,node/5726256556
7,node,5750022471,Superica,35.2117739,-80.8603349,"{'addr:city': 'Charlotte', 'addr:housenumber': '101', 'addr:postcode': '28203', 'addr:state': 'NC', 'addr:street': 'West Worthington Avenue', 'addr:unit': '100', 'amenity': 'restaurant', 'cuisine': 'tex-mex', 'name': 'Superica', 'outdoor_seating': 'yes', 'takeaway': 'yes', 'website': 'http://www.superica.com/charlotte/'}",restaurant,,,,,,,,node/5750022471
7,node,5764307593,,35.2122861,-80.8589489,"{'amenity': 'vending_machine', 'check_date': '2025-03-14', 'vending': 'public_transport_tickets'}",vending_machine,,,,,,,,node/5764307593
7,node,5764307594,,35.2122248,-80.8588362,"{'amenity': 'vending_machine', 'check_date': '2025-03-14', 'vending': 'public_transport_tickets'}",vending_machine,,,,,,,,node/5764307594
7,node,9091422548,,35.2070378,-80.8624697,"{'access': 'customers', 'amenity': 'parking_entrance', 'parking': 'underground'}",parking_entrance,,,,,,,,node/9091422548
7,node,9204979125,Shell,35.2118264,-80.857213,"{'addr:city': 'Charlotte', 'addr:housenumber': '201', 'addr:postcode': '28203', 'addr:state': 'NC', 'addr:street': 'East Boulevard', 'amenity': 'fuel', 'brand': 'Shell', 'brand:wikidata': 'Q110716465', 'name': 'Shell'}",fuel,,,,,,,,node/9204979125
7,node,9446748732,,35.2078619,-80.8605698,{'amenity': 'parking_entrance'},parking_entrance,,,,,,,,node/9446748732
7,node,9446748733,,35.2081089,-80.8610425,{'amenity': 'parking_entrance'},parking_entrance,,,,,,,,node/9446748733
7,node,9842012385,PARA,35.2105809,-80.8633085,"{'amenity': 'restaurant', 'cuisine': 'tapas;brunch', 'diet:pescetarian': 'yes', 'diet:vegan': 'yes', 'diet:vegetarian': 'yes', 'name': 'PARA', 'phone': '+1 704-812-0607', 'website': 'https://www.paraclt.com/'}",restaurant,,,,,,,,node/9842012385
7,node,9842012386,Bang Bang Burgers,35.2105809,-80.8634238,"{'addr:city': 'Charlotte', 'addr:housenumber': '235', 'addr:postcode': '28203', 'addr:state': 'NC', 'addr:street': 'West Tremont Avenue', 'addr:unit': '101', 'amenity': 'restaurant', 'cuisine': 'burger', 'name': 'Bang Bang Burgers', 'phone': '+1 980 225 1016', 'website': 'https://bangbangburgersclt.com'}",restaurant,,,,,,,,node/9842012386
7,node,9842054792,Krispy Kreme,35.2100878,-80.8623402,"{'addr:city': 'Charlotte', 'addr:housenumber': '2116', 'addr:postcode': '28203', 'addr:state': 'NC', 'addr:street': 'Hawkins Street', 'addr:unit': '102', 'amenity': 'fast_food', 'brand': 'Krispy Kreme', 'brand:wikidata': 'Q1192805', 'cuisine': 'donut', 'drive_through': 'no', 'name': 'Krispy Kreme', 'opening_hours': 'Su-Th 06:00-22:00; Fr,Sa 06:00-23:00', 'phone': '+1-980-270-7117', 'takeaway': 'yes', 'website': 'https://www.krispykreme.com'}",fast_food,,,,,,,,node/9842054792
7,node,9873281672,,35.2072139,-80.8611225,{'amenity': 'parking_entrance'},parking_entrance,,,,,,,,node/9873281672
7,node,9873298431,,35.210783,-80.859931,{'amenity': 'parking_entrance'},parking_entrance,,,,,,,,node/9873298431
7,node,9873298435,,35.2106923,-80.8594116,{'amenity': 'parking_entrance'},parking_entrance,,,,,,,,node/9873298435
7,node,9873298436,,35.2106686,-80.8594349,{'amenity': 'parking_entrance'},parking_entrance,,,,,,,,node/9873298436
7,node,9873298440,,35.2141607,-80.8582855,{'amenity': 'parking_entrance'},parking_entrance,,,,,,,,node/9873298440
7,node,9873298447,,35.2141638,-80.8609758,{'amenity': 'parking_entrance'},parking_entrance,,,,,,,,node/9873298447
7,node,9873298452,,35.2138191,-80.8606157,{'amenity': 'parking_entrance'},parking_entrance,,,,,,,,node/9873298452
7,node,9873301440,,35.211921,-80.8626345,{'amenity': 'parking_entrance'},parking_entrance,,,,,,,,node/9873301440
7,node,9873301441,QC Pour House,35.210813,-80.8620175,"{'addr:city': 'Charlotte', 'addr:housenumber': '200', 'addr:postcode': '28203', 'addr:state': 'NC', 'addr:street': 'West Tremont Avenue', 'addr:unit': '#101', 'amenity': 'restaurant', 'email': 'info@qcpourhouse.com', 'name': 'QC Pour House', 'opening_hours': 'Mo-Fr 11:30-24:00; Sa-Su 11:00-24:00', 'phone': '+1-980-219-7303', 'website': 'www.qcpourhouse.com'}",restaurant,,,,,,,,node/9873301441
7,node,9873301445,,35.2120368,-80.8602938,{'amenity': 'parking_entrance'},parking_entrance,,,,,,,,node/9873301445
7,node,9873301464,,35.2132904,-80.8594623,{'amenity': 'parking_entrance'},parking_entrance,,,,,,,,node/9873301464
7,node,9873301466,,35.2135485,-80.8590262,{'amenity': 'parking_entrance'},parking_entrance,,,,,,,,node/9873301466
7,node,9873301469,,35.2144014,-80.8557446,{'amenity': 'parking_entrance'},parking_entrance,,,,,,,,node/9873301469
7,node,9873418156,,35.2098597,-80.8620019,{'amenity': 'parking_entrance'},parking_entrance,,,,,,,,node/9873418156
7,node,10853533394,Shake Shack,35.2107159,-80.8606625,"{'amenity': 'fast_food', 'brand': 'Shake Shack', 'brand:wikidata': 'Q1058722', 'cuisine': 'burger', 'name': 'Shake Shack', 'takeaway': 'yes'}",fast_food,,,,,,,,node/10853533394
7,node,10853533396,Bitty & Beau's Coffee,35.2107728,-80.8606196,"{'amenity': 'cafe', 'name': ""Bitty & Beau's Coffee""}",cafe,,,,,,,,node/10853533396
7,node,10925138139,,35.2099007,-80.8556635,"{'access': 'yes', 'amenity': 'bicycle_parking', 'bicycle_parking': 'stands', 'capacity': '2', 'covered': 'no', 'foot_traffic': 'low', 'indoor': 'no'}",bicycle_parking,,,,,,,,node/10925138139
7,node,10925138140,,35.2138745,-80.8580668,"{'amenity': 'bicycle_parking', 'bicycle_parking': 'stands', 'capacity': '6'}",bicycle_parking,,,,,,,,node/10925138140
7,node,10925138141,,35.2149807,-80.8568398,"{'amenity': 'bicycle_parking', 'bicycle_parking': 'stands', 'capacity': '4'}",bicycle_parking,,,,,,,,node/10925138141
7,node,10925138143,,35.2152167,-80.8566554,"{'access': 'yes', 'amenity': 'bicycle_parking', 'bicycle_parking': 'stands', 'capacity': '5'}",bicycle_parking,,,,,,,,node/10925138143
7,node,10925138145,,35.2150893,-80.856591,"{'amenity': 'bicycle_parking', 'bicycle_parking': 'stands', 'capacity': '2'}",bicycle_parking,,,,,,,,node/10925138145
7,node,10925138146,,35.2157027,-80.856141,"{'amenity': 'bicycle_parking', 'bicycle_parking': 'stands', 'capacity': '2'}",bicycle_parking,,,,,,,,node/10925138146
7,node,10925138164,,35.2154334,-80.8577598,"{'amenity': 'bicycle_parking', 'bicycle_parking': 'stands', 'capacity': '4'}",bicycle_parking,,,,,,,,node/10925138164
7,node,10925138165,,35.2117548,-80.8597822,"{'amenity': 'bicycle_parking', 'bicycle_parking': 'bollard', 'capacity': '2'}",bicycle_parking,,,,,,,,node/10925138165
7,node,10925138166,,35.2117408,-80.8597487,"{'amenity': 'bicycle_parking', 'bicycle_parking': 'bollard', 'capacity': '2'}",bicycle_parking,,,,,,,,node/10925138166
7,node,10925138168,,35.2108315,-80.8604358,"{'access': 'yes', 'amenity': 'bicycle_parking', 'bicycle_parking': 'stands', 'capacity': '8', 'covered': 'no', 'foot_traffic': 'high', 'indoor': 'no'}",bicycle_parking,,,,,,,,node/10925138168
7,node,10925138169,,35.2105672,-80.8618789,"{'amenity': 'bicycle_parking', 'bicycle_parking': 'stands', 'capacity': '2'}",bicycle_parking,,,,,,,,node/10925138169
7,node,10925138170,,35.2107943,-80.8621209,"{'amenity': 'bicycle_parking', 'bicycle_parking': 'stands', 'capacity': '2'}",bicycle_parking,,,,,,,,node/10925138170
7,node,10925138175,,35.2105944,-80.864501,"{'amenity': 'bicycle_parking', 'bicycle_parking': 'stands', 'capacity': '4'}",bicycle_parking,,,,,,,,node/10925138175
7,node,10962328342,Sycamore Brewing,35.2086645,-80.8621362,"{'addr:city': 'Charlotte', 'addr:housenumber': '2151', 'addr:postcode': '28203', 'addr:state': 'NC', 'addr:street': 'Hawkins Street', 'amenity': 'bar', 'brewery': 'yes;sycamore_brewing', 'level': '0;1', 'name': 'Sycamore Brewing'}",bar,,,,,,,,node/10962328342
7,node,10964353783,,35.2090622,-80.8611705,"{'access': 'yes', 'amenity': 'bicycle_parking', 'capacity': '8', 'covered': 'no'}",bicycle_parking,,,,,,,,node/10964353783
7,node,10964353791,,35.2089783,-80.8610039,{'amenity': 'bench'},bench,,,,,,,,node/10964353791
7,node,10992352563,,35.2092176,-80.8623644,"{'access': 'yes', 'amenity': 'bicycle_parking', 'bicycle_parking': 'rack', 'capacity': '18', 'covered': 'no'}",bicycle_parking,,,,,,,,node/10992352563
7,node,11009406048,,35.2084725,-80.8635523,{'amenity': 'waste_disposal'},waste_disposal,,,,,,,,node/11009406048
7,node,11009406049,,35.2088268,-80.861901,"{'access': 'yes', 'amenity': 'bicycle_parking', 'bicycle_parking': 'stands', 'capacity': '4', 'covered': 'yes'}",bicycle_parking,,,,,,,,node/11009406049
7,node,11009406050,,35.2088989,-80.8618494,"{'access': 'yes', 'amenity': 'bicycle_parking', 'bicycle_parking': 'stands', 'capacity': '4', 'covered': 'yes'}",bicycle_parking,,,,,,,,node/11009406050
7,node,11013083120,,35.2101059,-80.8604695,{'amenity': 'waste_disposal'},waste_disposal,,,,,,,,node/11013083120
7,node,11013083121,,35.2101258,-80.8604358,{'amenity': 'waste_disposal'},waste_disposal,,,,,,,,node/11013083121
7,node,11099626605,,35.208847,-80.8634633,"{'amenity': 'bicycle_parking', 'bicycle_parking': 'stands', 'capacity': '4', 'covered': 'no'}",bicycle_parking,,,,,,,,node/11099626605
7,node,11099629305,,35.2098547,-80.8623635,"{'amenity': 'bicycle_parking', 'bicycle_parking': 'wave', 'capacity': '7', 'covered': 'partial'}",bicycle_parking,,,,,,,,node/11099629305
7,node,11099632105,,35.2098826,-80.8627736,"{'amenity': 'bicycle_parking', 'bicycle_parking': 'stands', 'capacity': '6', 'covered': 'partial'}",bicycle_parking,,,,,,,,node/11099632105
7,node,11099632106,,35.2098837,-80.8627291,"{'amenity': 'bicycle_parking', 'bicycle_parking': 'stands', 'capacity': '6', 'covered': 'partial'}",bicycle_parking,,,,,,,,node/11099632106
7,node,11099632107,,35.2101701,-80.8619303,"{'amenity': 'bicycle_parking', 'bicycle_parking': 'stands', 'capacity': '7', 'covered': 'no'}",bicycle_parking,,,,,,,,node/11099632107
7,node,11099640705,,35.21034,-80.8614369,"{'amenity': 'bicycle_parking', 'bicycle_parking': 'stands', 'capacity': '7', 'covered': 'partial'}",bicycle_parking,,,,,,,,node/11099640705
7,node,11099652505,,35.2122256,-80.8598379,"{'amenity': 'bicycle_parking', 'bicycle_parking': 'bollard', 'capacity': '2', 'covered': 'yes'}",bicycle_parking,,,,,,,,node/11099652505
7,node,11099652506,,35.2122342,-80.8598559,"{'amenity': 'bicycle_parking', 'bicycle_parking': 'bollard', 'capacity': '2', 'covered': 'yes'}",bicycle_parking,,,,,,,,node/11099652506
7,node,11099665905,,35.2121085,-80.8602526,"{'amenity': 'bicycle_parking', 'bicycle_parking': 'bollard', 'capacity': '2', 'covered': 'yes'}",bicycle_parking,,,,,,,,node/11099665905
7,node,11099665906,,35.2121805,-80.8602008,"{'amenity': 'bicycle_parking', 'bicycle_parking': 'wall_loops', 'capacity': '11', 'covered': 'yes'}",bicycle_parking,,,,,,,,node/11099665906
7,node,11099665907,,35.2122008,-80.8601888,"{'amenity': 'bicycle_parking', 'bicycle_parking': 'bollard', 'capacity': '8', 'covered': 'yes'}",bicycle_parking,,,,,,,,node/11099665907
7,node,11099666705,,35.2121384,-80.8602349,"{'amenity': 'bicycle_parking', 'bicycle_parking': 'wall_loops', 'capacity': '23', 'covered': 'yes'}",bicycle_parking,,,,,,,,node/11099666705
7,node,11099666706,,35.210245,-80.8607048,"{'amenity': 'bicycle_parking', 'bicycle_parking': 'stands', 'capacity': '8', 'covered': 'no'}",bicycle_parking,,,,,,,,node/11099666706
7,node,11099669005,,35.2122866,-80.8607193,"{'amenity': 'bicycle_parking', 'bicycle_parking': 'bollard', 'capacity': '2', 'covered': 'no'}",bicycle_parking,,,,,,,,node/11099669005
7,node,11099681805,,35.2094315,-80.8613821,"{'amenity': 'bicycle_parking', 'bicycle_parking': 'rack', 'capacity': '9', 'covered': 'no'}",bicycle_parking,,,,,,,,node/11099681805
7,node,11100986205,,35.2084848,-80.860466,"{'amenity': 'bicycle_parking', 'bicycle_parking': 'stands', 'capacity': '10', 'covered': 'no'}",bicycle_parking,,,,,,,,node/11100986205
7,node,11102351545,,35.211106,-80.8614833,"{'amenity': 'vending_machine', 'bin': 'yes', 'fee': 'no', 'vending': 'excrement_bags'}",vending_machine,,,,,,,,node/11102351545
7,node,11102351558,,35.2114297,-80.8605223,"{'access': 'yes', 'amenity': 'toilets', 'fee': 'no', 'female': 'yes', 'male': 'yes', 'paper_supplied': 'yes', 'toilets:disposal': 'flush', 'toilets:handwashing': 'yes', 'toilets:position': 'seated;urinal'}",toilets,,,,,,,,node/11102351558
7,node,11102351565,,35.2112216,-80.8604547,"{'amenity': 'bench', 'armrest': 'no', 'material': 'wood'}",bench,,,,,,,,node/11102351565
7,node,11102351569,Barcelona Wine Bar,35.2115482,-80.8601525,"{'amenity': 'restaurant', 'cuisine': 'tapas', 'name': 'Barcelona Wine Bar', 'opening_hours': 'Mo-Th 16:00-23:00; Fr 16:00-24:00; Sa 12:00-24:00; Su 12:00-21:00', 'outdoor_seating': 'yes', 'website': 'https://barcelonawinebar.com/location/charlotte/'}",restaurant,,,,,,,,node/11102351569
7,node,11102351570,Byron’s South End,35.211376,-80.8601744,"{'amenity': 'events_venue', 'name': 'Byron’s South End'}",events_venue,,,,,,,,node/11102351570
7,node,11102351574,,35.2112114,-80.8604333,"{'amenity': 'bench', 'armrest': 'no', 'material': 'wood'}",bench,,,,,,,,node/11102351574
7,node,11102351579,,35.2112016,-80.8604125,"{'amenity': 'bench', 'armrest': 'no', 'material': 'wood'}",bench,,,,,,,,node/11102351579
7,node,11102351584,,35.2114429,-80.8605002,"{'access': 'yes', 'amenity': 'drinking_water', 'bottle': 'yes', 'fee': 'no', 'indoor': 'yes'}",drinking_water,,,,,,,,node/11102351584
7,node,11102351591,Emmy Squared Pizza,35.2115306,-80.8614828,"{'amenity': 'restaurant', 'cuisine': 'pizza', 'name': 'Emmy Squared Pizza'}",restaurant,,,,,,,,node/11102351591
7,node,11102351593,Hawkers,35.2108919,-80.8605313,"{'amenity': 'restaurant', 'cuisine': 'asian', 'name': 'Hawkers'}",restaurant,,,,,,,,node/11102351593
7,node,11102351594,Elsewhere,35.2114695,-80.8603969,"{'amenity': 'bar', 'name': 'Elsewhere', 'outdoor_seating': 'yes'}",bar,,,,,,,,node/11102351594
7,node,11106094022,Fifth Third Bank,35.2124904,-80.8590705,"{'amenity': 'bank', 'brand': 'Fifth Third Bank', 'brand:wikidata': 'Q1411810', 'name': 'Fifth Third Bank', 'short_name': '5/3 Bank'}",bank,,,,,,,,node/11106094022
7,node,11106987860,,35.2093785,-80.8614274,"{'amenity': 'bench', 'armrest': 'no', 'backrest': 'no', 'material': 'wood'}",bench,,,,,,,,node/11106987860
7,node,11106987871,,35.2093996,-80.8614108,"{'amenity': 'bench', 'armrest': 'no', 'backrest': 'no', 'material': 'wood'}",bench,,,,,,,,node/11106987871
7,node,11106987873,,35.212552,-80.859011,"{'amenity': 'bicycle_parking', 'bicycle_parking': 'stands', 'capacity': '2'}",bicycle_parking,,,,,,,,node/11106987873
7,node,11108386102,,35.2120771,-80.8638167,{'amenity': 'parking_entrance'},parking_entrance,,,,,,,,node/11108386102
7,node,11126139306,,35.2138507,-80.8612449,"{'amenity': 'bicycle_parking', 'bicycle_parking': 'stands', 'capacity': '2', 'covered': 'no'}",bicycle_parking,,,,,,,,node/11126139306
7,node,11126139406,,35.2135975,-80.8607302,"{'amenity': 'bicycle_parking', 'bicycle_parking': 'stands', 'capacity': '2', 'covered': 'no'}",bicycle_parking,,,,,,,,node/11126139406
7,node,11126141708,,35.2140837,-80.8598482,"{'amenity': 'bicycle_parking', 'bicycle_parking': 'stands', 'capacity': '6', 'covered': 'no'}",bicycle_parking,,,,,,,,node/11126141708
7,node,11126144705,,35.2138927,-80.8613381,"{'amenity': 'bicycle_parking', 'bicycle_parking': 'stands', 'capacity': '2', 'covered': 'no'}",bicycle_parking,,,,,,,,node/11126144705
7,node,11126144706,,35.2138804,-80.8605286,"{'amenity': 'bicycle_parking', 'bicycle_parking': 'stands', 'capacity': '10', 'covered': 'no'}",bicycle_parking,,,,,,,,node/11126144706
7,node,11137415405,,35.2107327,-80.8634321,"{'amenity': 'bicycle_parking', 'bicycle_parking': 'stands', 'capacity': '6', 'covered': 'partial'}",bicycle_parking,,,,,,,,node/11137415405
7,node,11137479805,,35.2107015,-80.8638508,"{'amenity': 'bicycle_parking', 'bicycle_parking': 'stands', 'capacity': '4', 'covered': 'no'}",bicycle_parking,,,,,,,,node/11137479805
7,node,11165954405,,35.2147377,-80.8568126,"{'access': 'yes', 'amenity': 'bicycle_parking', 'bicycle_parking': 'bollard', 'capacity': '2', 'covered': 'no', 'foot_traffic': 'medium'}",bicycle_parking,,,,,,,,node/11165954405
7,node,11171006136,,35.208302,-80.859925,"{'amenity': 'bicycle_parking', 'bicycle_parking': 'stands', 'capacity': '6'}",bicycle_parking,,,,,,,,node/11171006136
7,node,11203685337,,35.214443,-80.8598406,"{'access': 'yes', 'amenity': 'bicycle_parking', 'bicycle_parking': 'stands', 'capacity': '6', 'covered': 'no', 'foot_traffic': 'medium'}",bicycle_parking,,,,,,,,node/11203685337
7,node,11208483437,,35.2111147,-80.857182,"{'access': 'yes', 'amenity': 'bicycle_parking', 'bicycle_parking': 'stands', 'capacity': '4', 'covered': 'partial', 'foot_traffic': 'low', 'indoor': 'no'}",bicycle_parking,,,,,,,,node/11208483437
7,node,11208491637,,35.2093319,-80.854971,"{'access': 'yes', 'amenity': 'bicycle_parking', 'bicycle_parking': 'stands', 'capacity': '8', 'covered': 'partial', 'foot_traffic': 'low', 'indoor': 'no'}",bicycle_parking,,,,,,,,node/11208491637
7,node,11210575137,,35.2138314,-80.8557311,"{'access': 'yes', 'amenity': 'bicycle_parking', 'bicycle_parking': 'stands', 'capacity': '2', 'covered': 'no', 'foot_traffic': 'low', 'indoor': 'no'}",bicycle_parking,,,,,,,,node/11210575137
7,node,11214920637,,35.214254,-80.8562808,"{'access': 'yes', 'amenity': 'bicycle_parking', 'bicycle_parking': 'stands', 'capacity': '2', 'covered': 'no', 'foot_traffic': 'medium', 'indoor': 'no'}",bicycle_parking,,,,,,,,node/11214920637
7,node,11216237637,,35.2121691,-80.8580621,"{'access': 'yes', 'amenity': 'bicycle_parking', 'bicycle_parking': 'stands', 'capacity': '2', 'covered': 'no', 'foot_traffic': 'low', 'indoor': 'no'}",bicycle_parking,,,,,,,,node/11216237637
7,node,11218167537,,35.2115832,-80.8617725,"{'access': 'yes', 'amenity': 'bicycle_parking', 'bicycle_parking': 'stands', 'capacity': '6', 'covered': 'no', 'foot_traffic': 'medium', 'indoor': 'no'}",bicycle_parking,,,,,,,,node/11218167537
7,node,11223193737,,35.2150336,-80.8564255,"{'access': 'yes', 'amenity': 'bicycle_parking', 'bicycle_parking': 'upright_stands', 'capacity': '3', 'covered': 'yes', 'foot_traffic': 'high', 'indoor': 'no'}",bicycle_parking,,,,,,,,node/11223193737
7,node,11291317376,Mi Cariño,35.2162826,-80.8562065,"{'addr:city': 'Charlotte', 'addr:housenumber': '1440', 'addr:postcode': '28203', 'addr:state': 'NC', 'addr:street': 'South Tryon Street', 'addr:unit': 'Suite 100', 'amenity': 'restaurant', 'bar': 'yes', 'cocktails': 'yes', 'cuisine': 'mexican', 'drink:mezcal': 'yes', 'name': 'Mi Cariño', 'opening_hours': 'closed', 'phone': '+19808195913', 'website:menu': 'http://places.singleplatform.com/vana/menu?ref=google'}",restaurant,,,,,,,,node/11291317376
7,node,11449212899,,35.2093198,-80.8621737,{'amenity': 'parking_entrance'},parking_entrance,,,,,,,,node/11449212899
7,node,11454603808,Not Just Coffee,35.2092908,-80.8608994,"{'amenity': 'cafe', 'cuisine': 'coffee_shop', 'internet_access': 'wlan', 'internet_access:fee': 'no', 'name': 'Not Just Coffee', 'opening_hours': 'Mo-Fr 07:00-18:00;Sa-Su 7:30-18:00', 'power_supply': 'yes', 'website': 'https://www.notjust.coffee'}",cafe,,,,,,,,node/11454603808
7,node,11454603809,Tremont,35.2096752,-80.8606797,"{'amenity': 'bar', 'name': 'Tremont'}",bar,,,,,,,,node/11454603809
7,node,11483254445,Condado Tacos,35.2152515,-80.8567631,"{'amenity': 'restaurant', 'brand': 'Condado Tacos', 'brand:wikidata': 'Q118640152', 'cuisine': 'mexican', 'name': 'Condado Tacos'}",restaurant,,,,,,,,node/11483254445
7,node,11483254447,Sushi Hana,35.2156979,-80.8567804,"{'amenity': 'restaurant', 'cuisine': 'sushi', 'name': 'Sushi Hana', 'website': 'https://sushihanaclt.com='}",restaurant,,,,,,,,node/11483254447
7,node,11483254448,Hawthorne's NY Pizza & Bar,35.2152861,-80.8577064,"{'addr:city': 'Charlotte', 'addr:housenumber': '1515', 'addr:postcode': '28203', 'addr:state': 'NC', 'addr:street': 'South Tryon Street', 'addr:unit': '104', 'amenity': 'restaurant', 'cuisine': 'pizza', 'name': ""Hawthorne's NY Pizza & Bar"", 'opening_hours': 'Tu-Th 11:00-21:00; Fr-Sa 11:00-22:00; Su 11:00-21:00', 'phone': '+1-866-799-8014', 'website': 'https://pizzacharlottenc.com'}",restaurant,,,,,,,,node/11483254448
7,node,11483254449,The Salty Donut,35.214926,-80.8570236,"{'amenity': 'fast_food', 'cuisine': 'donut', 'name': 'The Salty Donut', 'website': 'https://www.saltydonut.com/locations/south-end'}",fast_food,,,,,,,,node/11483254449
7,node,11705071320,,35.2100119,-80.8602249,{'amenity': 'bench'},bench,,,,,,,,node/11705071320
7,node,11705071321,,35.2099907,-80.8602291,{'amenity': 'bench'},bench,,,,,,,,node/11705071321
7,node,11705071322,,35.2098786,-80.8602204,{'amenity': 'bench'},bench,,,,,,,,node/11705071322
7,node,11705071323,,35.2098974,-80.8601542,{'amenity': 'bench'},bench,,,,,,,,node/11705071323
7,node,11705071356,,35.208022,-80.862176,{'amenity': 'bench'},bench,,,,,,,,node/11705071356
7,node,11732263569,,35.2116227,-80.8593377,"{'access': 'yes', 'amenity': 'bicycle_parking', 'bicycle_parking': 'stands', 'capacity': '14', 'covered': 'no', 'foot_traffic': 'high', 'indoor': 'no'}",bicycle_parking,,,,,,,,node/11732263569
7,node,11735127542,,35.211509,-80.8593935,{'amenity': 'drinking_water'},drinking_water,,,,,,,,node/11735127542
7,node,11735127543,,35.2116527,-80.8593162,{'amenity': 'waste_basket'},waste_basket,,,,,,,,node/11735127543
7,node,11929733869,,35.2122632,-80.858735,"{'access': 'yes', 'amenity': 'bicycle_parking', 'bicycle_parking': 'stands', 'capacity': '4', 'covered': 'no', 'indoor': 'no'}",bicycle_parking,,,,,,,,node/11929733869
7,node,11981588984,Broken Promises,35.2108795,-80.862562,"{'amenity': 'nightclub', 'name': 'Broken Promises'}",nightclub,,,,,,,,node/11981588984
7,node,11992791969,,35.211116,-80.8627256,"{'access': 'yes', 'amenity': 'bicycle_parking', 'bicycle_parking': 'stands', 'capacity': '4', 'covered': 'no', 'indoor': 'no'}",bicycle_parking,,,,,,,,node/11992791969
7,node,12097437997,,35.2154931,-80.8565468,{'amenity': 'waste_basket'},waste_basket,,,,,,,,node/12097437997
7,node,12097438000,,35.2162854,-80.8563157,{'amenity': 'waste_basket'},waste_basket,,,,,,,,node/12097438000
7,node,12097533201,,35.2163052,-80.856106,{'amenity': 'waste_basket'},waste_basket,,,,,,,,node/12097533201
7,node,12128727501,,35.2117182,-80.8591148,"{'access': 'yes', 'amenity': 'bicycle_parking', 'bicycle_parking': 'stands', 'capacity': '28', 'covered': 'yes', 'description': 'Inside parking garage', 'level': '2'}",bicycle_parking,,,,,,,,node/12128727501
7,node,12128727801,,35.211687,-80.8590494,"{'access': 'yes', 'amenity': 'bicycle_parking', 'bicycle_parking': 'stands', 'capacity': '10', 'covered': 'yes', 'description': 'Inside parking garage', 'level': '2'}",bicycle_parking,,,,,,,,node/12128727801
7,node,12128877096,,35.2093696,-80.8604705,{'amenity': 'waste_basket'},waste_basket,,,,,,,,node/12128877096
7,node,12128877098,,35.2090211,-80.8604541,{'amenity': 'waste_basket'},waste_basket,,,,,,,,node/12128877098
7,node,12128918601,,35.2089387,-80.8609262,{'amenity': 'waste_basket'},waste_basket,,,,,,,,node/12128918601
7,node,12128918602,,35.2087881,-80.8606562,{'amenity': 'waste_basket'},waste_basket,,,,,,,,node/12128918602
7,node,12128918603,,35.2090231,-80.8610776,{'amenity': 'waste_basket'},waste_basket,,,,,,,,node/12128918603
7,node,12128918606,,35.2084476,-80.8608245,{'amenity': 'waste_basket'},waste_basket,,,,,,,,node/12128918606
7,node,12128918612,,35.2089196,-80.8612982,{'amenity': 'waste_basket'},waste_basket,,,,,,,,node/12128918612
7,node,12128918613,,35.2089107,-80.8612945,"{'amenity': 'recycling', 'recycling_type': 'container'}",recycling,,,,,,,,node/12128918613
7,node,12128918614,,35.2086753,-80.8613789,{'amenity': 'waste_basket'},waste_basket,,,,,,,,node/12128918614
7,node,12128918615,,35.2086458,-80.8614029,"{'amenity': 'recycling', 'recycling:cans': 'yes', 'recycling:glass_bottles': 'yes', 'recycling:plastic_bottles': 'yes', 'recycling_type': 'container'}",recycling,,,,,,,,node/12128918615
7,node,12128918616,,35.2086636,-80.8613882,"{'amenity': 'recycling', 'recycling:paper': 'yes', 'recycling_type': 'container'}",recycling,,,,,,,,node/12128918616
7,node,12128918621,,35.2098482,-80.8607162,"{'amenity': 'recycling', 'recycling:paper': 'yes', 'recycling_type': 'container'}",recycling,,,,,,,,node/12128918621
7,node,12128918622,,35.2098581,-80.8607103,{'amenity': 'waste_basket'},waste_basket,,,,,,,,node/12128918622
7,node,12128918623,,35.2099296,-80.8606912,{'amenity': 'bench'},bench,,,,,,,,node/12128918623
7,node,12128918624,,35.2099751,-80.8606598,{'amenity': 'bench'},bench,,,,,,,,node/12128918624
7,node,12128918625,,35.2099901,-80.8606518,{'amenity': 'bench'},bench,,,,,,,,node/12128918625
7,node,12128918626,,35.2100064,-80.8606432,{'amenity': 'bench'},bench,,,,,,,,node/12128918626
7,node,12128918628,,35.2111953,-80.8602727,"{'amenity': 'vending_machine', 'bin': 'yes', 'vending': 'excrement_bags'}",vending_machine,,,,,,,,node/12128918628
7,node,12128918633,,35.2111148,-80.8604564,"{'amenity': 'waste_basket', 'recycling_type': 'container'}",waste_basket,,,,,,,,node/12128918633
7,node,12128918635,,35.2106601,-80.8605931,{'amenity': 'waste_basket'},waste_basket,,,,,,,,node/12128918635
7,node,12128918636,,35.2106553,-80.8605963,"{'amenity': 'recycling', 'recycling_type': 'container'}",recycling,,,,,,,,node/12128918636
7,node,12128918637,,35.2125047,-80.8589856,"{'amenity': 'recycling', 'recycling_type': 'container'}",recycling,,,,,,,,node/12128918637
7,node,12128918638,,35.2122543,-80.85897,{'amenity': 'waste_basket'},waste_basket,,,,,,,,node/12128918638
7,node,12128918639,,35.2121999,-80.8588661,{'amenity': 'waste_basket'},waste_basket,,,,,,,,node/12128918639
7,node,12128918640,,35.2119258,-80.8592417,{'amenity': 'waste_basket'},waste_basket,,,,,,,,node/12128918640
7,node,12128918641,,35.2117554,-80.8592208,{'amenity': 'waste_basket'},waste_basket,,,,,,,,node/12128918641
7,node,12128918660,,35.2115093,-80.8588982,{'amenity': 'parking_entrance'},parking_entrance,,,,,,,,node/12128918660
7,node,12128918666,,35.2120131,-80.8585919,"{'access': 'yes', 'amenity': 'bicycle_parking', 'bicycle_parking': 'stands', 'capacity': '6', 'covered': 'yes'}",bicycle_parking,,,,,,,,node/12128918666
7,node,12344562758,Pins Mechanical,35.2106346,-80.8641433,"{'addr:city': 'Charlotte', 'addr:housenumber': '307', 'addr:postcode': '28203', 'addr:state': 'NC', 'addr:street': 'West Tremont Avenue', 'amenity': 'bar', 'leisure': 'amusement_arcade;bowling_alley', 'min_age': '21', 'name': 'Pins Mechanical', 'website': 'https://www.pinsbar.com/locations/charlotte'}",bar,,amusement_arcade;bowling_alley,,,,,,node/12344562758
7,node,12363326997,,35.2155565,-80.8556787,{'amenity': 'drinking_water'},drinking_water,,,,,,,,node/12363326997
7,node,12363326998,,35.2156854,-80.8559797,{'amenity': 'bench'},bench,,,,,,,,node/12363326998
7,node,12363326999,,35.2156698,-80.8559448,{'amenity': 'bench'},bench,,,,,,,,node/12363326999
7,node,12363327000,,35.215568,-80.855726,{'amenity': 'bench'},bench,,,,,,,,node/12363327000
7,node,12363373802,,35.2155902,-80.855774,{'amenity': 'bench'},bench,,,,,,,,node/12363373802
7,node,12461565256,,35.2111118,-80.8604586,"{'amenity': 'recycling', 'recycling_type': 'container'}",recycling,,,,,,,,node/12461565256
7,node,12461565257,,35.2111397,-80.8604406,"{'amenity': 'waste_basket', 'recycling_type': 'container'}",waste_basket,,,,,,,,node/12461565257
7,node,12461565258,,35.2111367,-80.8604427,"{'amenity': 'recycling', 'recycling_type': 'container'}",recycling,,,,,,,,node/12461565258
7,node,12461565259,,35.2111332,-80.860393,"{'amenity': 'waste_basket', 'recycling_type': 'container'}",waste_basket,,,,,,,,node/12461565259
7,node,12461565260,,35.2111348,-80.8603969,"{'amenity': 'recycling', 'recycling_type': 'container'}",recycling,,,,,,,,node/12461565260
7,node,12461565261,,35.2111947,-80.8602299,"{'amenity': 'waste_basket', 'recycling_type': 'container'}",waste_basket,,,,,,,,node/12461565261
7,node,12461565262,,35.2111962,-80.8602338,"{'amenity': 'recycling', 'recycling_type': 'container'}",recycling,,,,,,,,node/12461565262
7,node,12461565263,,35.211256,-80.860404,"{'amenity': 'waste_basket', 'recycling_type': 'container'}",waste_basket,,,,,,,,node/12461565263
7,node,12461565264,,35.2112575,-80.8604078,"{'amenity': 'recycling', 'recycling_type': 'container'}",recycling,,,,,,,,node/12461565264
7,node,12461565265,,35.2113038,-80.8603823,"{'amenity': 'waste_basket', 'recycling_type': 'container'}",waste_basket,,,,,,,,node/12461565265
7,node,12461565266,,35.2113067,-80.8603799,"{'amenity': 'recycling', 'recycling_type': 'container'}",recycling,,,,,,,,node/12461565266
7,node,12461565267,,35.2113293,-80.8605463,"{'amenity': 'waste_basket', 'recycling_type': 'container'}",waste_basket,,,,,,,,node/12461565267
7,node,12461565268,,35.2113308,-80.8605502,"{'amenity': 'recycling', 'recycling_type': 'container'}",recycling,,,,,,,,node/12461565268
7,node,12461570298,,35.2095044,-80.8614082,{'amenity': 'waste_basket'},waste_basket,,,,,,,,node/12461570298
7,node,12461570299,,35.2096374,-80.8613473,{'amenity': 'waste_basket'},waste_basket,,,,,,,,node/12461570299
7,node,12467232256,,35.2140501,-80.8600408,{'amenity': 'drinking_water'},drinking_water,,,,,,,,node/12467232256
7,node,12543027718,,35.2089487,-80.8627696,"{'access': 'yes', 'amenity': 'bicycle_parking', 'bicycle_parking': 'stands', 'capacity': '4', 'covered': 'no'}",bicycle_parking,,,,,,,,node/12543027718
7,node,12543027721,,35.2088821,-80.8629073,"{'access': 'yes', 'amenity': 'bicycle_parking', 'bicycle_parking': 'stands', 'capacity': '4', 'covered': 'no'}",bicycle_parking,,,,,,,,node/12543027721
7,node,12543027738,,35.2085731,-80.8624614,{'amenity': 'waste_basket'},waste_basket,,,,,,,,node/12543027738
7,node,12543027739,,35.2088315,-80.8626375,{'amenity': 'waste_basket'},waste_basket,,,,,,,,node/12543027739
7,node,12624705073,,35.2129171,-80.8569856,"{'amenity': 'bicycle_parking', 'bicycle_parking': 'stands', 'capacity': '6'}",bicycle_parking,,,,,,,,node/12624705073
7,node,12634674726,Chapter 6,35.2090182,-80.8617514,"{'amenity': 'restaurant', 'level': '0', 'name': 'Chapter 6'}",restaurant,,,,,,,,node/12634674726
7,node,12647998812,,35.2073253,-80.8603245,"{'amenity': 'bicycle_parking', 'bicycle_parking': 'stands', 'capacity': '4', 'check_date': '2025-03-09'}",bicycle_parking,,,,,,,,node/12647998812
7,node,12719941901,,35.2105087,-80.8631795,"{'access': 'yes', 'amenity': 'bicycle_parking', 'bicycle_parking': 'stands', 'capacity': '2', 'covered': 'no', 'indoor': 'no'}",bicycle_parking,,,,,,,,node/12719941901
7,node,12958734947,Two Scoops Creamery,35.2141663,-80.8577433,"{'addr:city': 'Charlotte', 'addr:housenumber': '1616', 'addr:postcode': '28203', 'addr:state': 'NC', 'addr:street': 'Camden Road', 'addr:unit': '100', 'amenity': 'ice_cream', 'name': 'Two Scoops Creamery', 'phone': '+1-980-237-2149', 'website': 'https://twoscoopscreamery.com'}",ice_cream,,,,,,,,node/12958734947
7,node,12958734963,Clean Eatz Express,35.2126071,-80.8592517,"{'amenity': 'restaurant', 'name': 'Clean Eatz Express', 'not:brand:wikidata': 'Q124412638', 'shop': 'health_food'}",restaurant,health_food,,,,,,,node/12958734963
7,node,12958734970,Tutti Gelato,35.2136388,-80.8581241,"{'amenity': 'ice_cream', 'name': 'Tutti Gelato', 'website': 'https://www.tuttigelatousa.com'}",ice_cream,,,,,,,,node/12958734970
7,node,13115252246,Folia,35.2163198,-80.8562734,"{'addr:city': 'Charlotte', 'addr:housenumber': '1440', 'addr:postcode': '28203', 'addr:state': 'NC', 'addr:street': 'South Tryon Street', 'addr:unit': '102', 'amenity': 'bar', 'name': 'Folia', 'website': 'https://www.foliaclt.com'}",bar,,,,,,,,node/13115252246
7,node,13125416751,SipCha,35.2084713,-80.8595189,"{'amenity': 'cafe', 'cuisine': 'bubble_tea', 'name': 'SipCha'}",cafe,,,,,,,,node/13125416751
7,node,13125416752,Dynamic Dental,35.2086233,-80.8598222,"{'amenity': 'dentist', 'healthcare': 'dentist', 'name': 'Dynamic Dental'}",dentist,,,,,,dentist,,node/13125416752
7,node,13125416753,Capsule,35.2086847,-80.8598088,"{'amenity': 'pharmacy', 'healthcare': 'pharmacy', 'name': 'Capsule'}",pharmacy,,,,,,pharmacy,,node/13125416753
7,node,13125416755,Atrium Health Urgent Care,35.2088065,-80.8597852,"{'amenity': 'hospital', 'healthcare': 'hospital', 'name': 'Atrium Health Urgent Care', 'operator': 'Atrium Health', 'operator:type': 'private', 'operator:wikidata': 'Q5044932'}",hospital,,,,,,hospital,,node/13125416755
7,node,13125416756,Snooze,35.2083877,-80.8598578,"{'amenity': 'restaurant', 'brand': 'Snooze', 'brand:wikidata': 'Q111304345', 'cuisine': 'breakfast', 'name': 'Snooze', 'official_name': 'Snooze, an A.M. Eatery'}",restaurant,,,,,,,,node/13125416756
7,node,13125416757,Silverlake Ramen,35.2082662,-80.8597864,"{'amenity': 'restaurant', 'cuisine': 'ramen', 'name': 'Silverlake Ramen'}",restaurant,,,,,,,,node/13125416757
7,node,13134650026,"Passport Health South End, Charlotte Travel Clinic",35.2141092,-80.855411,"{'addr:city': 'Charlotte', 'addr:housenumber': '1520', 'addr:postcode': '28203', 'addr:state': 'NC', 'addr:street': 'South Boulevard', 'addr:unit': '220', 'amenity': 'clinic', 'healthcare': 'clinic', 'healthcare:speciality': 'travel_clinic;vaccination', 'name': 'Passport Health South End, Charlotte Travel Clinic', 'operator': 'Passport Health', 'operator:type': 'private', 'operator:wikidata': 'Q30270336'}",clinic,,,,,,clinic,,node/13134650026
7,node,13175681001,,35.2076055,-80.8599887,"{'access': 'yes', 'amenity': 'bicycle_parking', 'bicycle_parking': 'stands', 'capacity': '4', 'covered': 'no', 'foot_traffic': 'high', 'indoor': 'no'}",bicycle_parking,,,,,,,,node/13175681001
7,node,13179448582,La Lima Sangucheria,35.2140081,-80.8558305,"{'amenity': 'restaurant', 'cuisine': 'sandwich', 'name': 'La Lima Sangucheria', 'website': 'https://www.lalimasangucheria.com'}",restaurant,,,,,,,,node/13179448582
7,node,13179474382,CAVA,35.2072946,-80.8610887,"{'amenity': 'restaurant', 'brand': 'CAVA', 'brand:wikidata': 'Q85751038', 'cuisine': 'mediterranean', 'name': 'CAVA'}",restaurant,,,,,,,,node/13179474382
7,node,13179555371,,35.2154418,-80.8582636,{'amenity': 'bench'},bench,,,,,,,,node/13179555371
7,node,13343361201,,35.2130317,-80.8571438,"{'access': 'yes', 'amenity': 'bicycle_parking', 'bicycle_parking': 'stands', 'capacity': '2', 'covered': 'no', 'indoor': 'no'}",bicycle_parking,,,,,,,,node/13343361201
7,node,13354537294,,35.2113056,-80.8578764,"{'access': 'yes', 'amenity': 'bicycle_parking', 'bicycle_parking': 'stands', 'capacity': '4', 'covered': 'no'}",bicycle_parking,,,,,,,,node/13354537294
7,way,146307369,Trolley Barn Fermentory & Food Hall,35.2086785,-80.8615839,"{'addr:city': 'Charlotte', 'addr:housenumber': '2104', 'addr:postcode': '28203', 'addr:state': 'NC', 'addr:street': 'South Boulevard', 'amenity': 'restaurant', 'building': 'yes', 'cuisine': 'burger;american;asian;kebab;mexican', 'height': '10', 'name': 'Trolley Barn Fermentory & Food Hall', 'opening_hours': 'Mo-Th 11:00-22:00; Fr,Sa 11:00-23:00; Su 10:00-21:00', 'phone': '+1-980-938-0984', 'website': 'https://www.trolleybarnclt.com'}",restaurant,,,,,,,,way/146307369
7,way,249994231,Charlotte Fire Department Station 2,35.2109205,-80.858064,"{'addr:city': 'Charlotte', 'addr:housenumber': '1817', 'addr:postcode': '28203', 'addr:state': 'NC', 'addr:street': 'South Boulevard', 'amenity': 'fire_station', 'building': 'public', 'ele': '235', 'gnis:feature_id': '1986148', 'name': 'Charlotte Fire Department Station 2', 'source': 'USGS Geonames'}",fire_station,,,,,,,,way/249994231
7,way,249994232,U.S. Bank,35.2112902,-80.8577258,"{'addr:city': 'Charlotte', 'addr:country': 'US', 'addr:housenumber': '1801', 'addr:postcode': '28203', 'addr:state': 'NC', 'addr:street': 'South Boulevard', 'amenity': 'bank', 'brand': 'U.S. Bank', 'brand:wikidata': 'Q739084', 'building': 'yes', 'disused:amenity': 'restaurant', 'name': 'U.S. Bank', 'was:cuisine': 'pizza', 'was:diet:gluten_free': 'yes', 'was:diet:vegan': 'yes', 'was:name': 'Fuel Pizza', 'was:phone': '+1 704-335-7375', 'was:website': 'http://www.fuelpizza.com/'}",bank,,,,,,,,way/249994232
7,way,394430311,Flower Child,35.2150607,-80.8564915,"{'amenity': 'restaurant', 'building': 'yes', 'name': 'Flower Child'}",restaurant,,,,,,,,way/394430311
7,way,432915320,Concentra Urgent Care,35.213569,-80.8562927,"{'addr:city': 'Charlotte', 'addr:housenumber': '1614', 'addr:postcode': '28203', 'addr:state': 'NC', 'addr:street': 'South Boulevard', 'amenity': 'clinic', 'building': 'yes', 'healthcare': 'clinic', 'name': 'Concentra Urgent Care', 'operator': 'Concentra', 'operator:wikidata': 'Q5158304'}",clinic,,,,,,clinic,,way/432915320
7,way,432915324,Bojangles',35.2144714,-80.8621043,"{'addr:city': 'Charlotte', 'addr:housenumber': '300', 'addr:postcode': '28203', 'addr:state': 'NC', 'addr:street': 'West Boulevard', 'amenity': 'fast_food', 'brand': ""Bojangles'"", 'brand:wikidata': 'Q891163', 'building': 'yes', 'cuisine': 'chicken', 'drive_through': 'yes', 'name': ""Bojangles'"", 'official_name': ""Bojangles' Famous Chicken 'n Biscuits"", 'phone': '+1 704-332-8924', 'takeaway': 'yes', 'website': 'https://locations.bojangles.com/nc/charlotte/300-west-blvd.html'}",fast_food,,,,,,,,way/432915324
7,way,432929179,,35.2105517,-80.8596298,"{'amenity': 'restaurant', 'building': 'yes'}",restaurant,,,,,,,,way/432929179
7,way,432929180,,35.2107955,-80.8596633,"{'amenity': 'parking', 'building': 'yes', 'park_ride': 'no', 'parking': 'multi-storey'}",parking,,,,,,,,way/432929180
7,way,432929183,Dunkin',35.2106657,-80.8583987,"{'addr:city': 'Charlotte', 'addr:housenumber': '1831', 'addr:postcode': '28203', 'addr:state': 'NC', 'addr:street': 'South Boulevard', 'alt_name': ""Dunkin' Donuts"", 'amenity': 'fast_food', 'brand': ""Dunkin'"", 'brand:wikidata': 'Q847743', 'building': 'commercial', 'cuisine': 'donut;coffee_shop', 'drive_through': 'no', 'name': ""Dunkin'"", 'opening_hours': 'Mo-Fr 05:00-19:00; Sa-Su 06:00-19:00', 'phone': '+1 704-377-4026', 'ref': '337361', 'takeaway': 'yes', 'website': 'https://locations.dunkindonuts.com/en/nc/charlotte/1831-south-blvd/337361'}",fast_food,,,,,,,,way/432929183
7,way,432937688,Chipotle,35.2074284,-80.8602476,"{'addr:city': 'Charlotte', 'addr:housenumber': '2109', 'addr:postcode': '28203', 'addr:state': 'NC', 'addr:street': 'South Boulevard', 'amenity': 'fast_food', 'brand': 'Chipotle', 'brand:wikidata': 'Q465751', 'building': 'yes', 'cuisine': 'mexican', 'diet:vegan': 'yes', 'diet:vegetarian': 'yes', 'name': 'Chipotle', 'official_name': 'Chipotle Mexican Grill', 'phone': '+1 704-332-2311', 'takeaway': 'yes', 'website': 'https://locations.chipotle.com/nc/charlotte/2109-south-blvd'}",fast_food,,,,,,,,way/432937688
7,way,432937691,Leather and Lace,35.2080174,-80.8599877,"{'amenity': 'stripclub', 'building': 'yes', 'name': 'Leather and Lace'}",stripclub,,,,,,,,way/432937691
7,way,432937714,Wells Fargo,35.212793,-80.8560566,"{'amenity': 'bank', 'atm': 'yes', 'brand': 'Wells Fargo', 'brand:wikidata': 'Q744149', 'building': 'commercial', 'drive_through': 'yes', 'name': 'Wells Fargo'}",bank,,,,,,,,way/432937714
7,way,432937716,Sandwich Max,35.2133927,-80.8554999,"{'addr:country': 'US', 'addr:housenumber': '1601', 'addr:postcode': '28203', 'addr:state': 'NC', 'addr:street': 'South Boulevard', 'amenity': 'fast_food', 'building': 'commercial', 'cuisine': 'sandwich', 'name': 'Sandwich Max'}",fast_food,,,,,,,,way/432937716
7,way,432937727,CVS Pharmacy,35.2137137,-80.8551063,"{'amenity': 'pharmacy', 'brand': 'CVS Pharmacy', 'brand:website': 'https://www.cvs.com/', 'brand:wikidata': 'Q2078880', 'building': 'yes', 'dispensing': 'yes', 'healthcare': 'pharmacy', 'name': 'CVS Pharmacy', 'short_name': 'CVS', 'website': 'https://www.cvs.com/store-locator/charlotte-nc-pharmacies/1533-south-blvd-charlotte-nc-28203/storeid=3185'}",pharmacy,,,,,,pharmacy,,way/432937727
7,way,544932418,Design Center Parking Garage,35.2119544,-80.8622374,"{'amenity': 'parking', 'building': 'yes', 'name': 'Design Center Parking Garage', 'parking': 'multi-storey'}",parking,,,,,,,,way/544932418
7,way,547711894,Thai Taste,35.2099796,-80.8559654,"{'addr:city': 'Charlotte', 'addr:housenumber': '324', 'addr:postcode': '28203', 'addr:state': 'NC', 'addr:street': 'East Boulevard', 'amenity': 'restaurant', 'building': 'commercial', 'name': 'Thai Taste'}",restaurant,,,,,,,,way/547711894
7,way,553077609,Common Market,35.2103591,-80.8635992,"{'addr:city': 'Charlotte', 'addr:housenumber': '235', 'addr:postcode': '28203', 'addr:state': 'NC', 'addr:street': 'West Tremont Avenue', 'amenity': 'marketplace', 'building': 'yes', 'name': 'Common Market', 'opening_hours': 'Su,Mo 08:00-20:00; Tu-Th 08:00-22:00; Fr,Sa 08:00-23:00', 'phone': '+1 980 207 3187', 'website': 'https://commonmarketisgood.com/'}",marketplace,,,,,,,,way/553077609
7,way,553360559,Velvet Taco,35.2089758,-80.8634366,"{'amenity': 'restaurant', 'building': 'yes', 'cuisine': 'tex-mex', 'name': 'Velvet Taco'}",restaurant,,,,,,,,way/553360559
7,way,581614388,,35.2112168,-80.8591004,"{'access': 'private', 'amenity': 'parking', 'parking': 'surface'}",parking,,,,,,,,way/581614388
7,way,582913009,,35.2132975,-80.8586193,"{'amenity': 'parking', 'parking': 'street_side'}",parking,,,,,,,,way/582913009
7,way,582913335,,35.2136877,-80.8584417,{'amenity': 'parking'},parking,,,,,,,,way/582913335
7,way,584760811,,35.2093293,-80.8606336,{'amenity': 'parking'},parking,,,,,,,,way/584760811
7,way,606468236,,35.2128848,-80.8647244,{'amenity': 'parking'},parking,,,,,,,,way/606468236
7,way,606469393,,35.212711,-80.8634361,{'amenity': 'parking'},parking,,,,,,,,way/606469393
7,way,606469947,,35.2146845,-80.8577183,{'amenity': 'parking'},parking,,,,,,,,way/606469947
7,way,738607080,300 East,35.2105604,-80.8566302,"{'addr:city': 'Charlotte', 'addr:housenumber': '300', 'addr:postcode': '28203', 'addr:state': 'NC', 'addr:street': 'East Boulevard', 'amenity': 'restaurant', 'building': 'commercial', 'name': '300 East', 'opening_hours': 'Su 17:00-22:00; Mo-Th 11:00-22:00; Fr-Sa 11:00-23:00', 'phone': '+1-704-332-6507', 'website': 'https://300east.net'}",restaurant,,,,,,,,way/738607080
7,way,837202789,,35.2135491,-80.8592753,"{'amenity': 'parking', 'building': 'parking', 'parking': 'multi-storey'}",parking,,,,,,,,way/837202789
7,way,837202790,,35.2142688,-80.858086,"{'amenity': 'parking', 'building': 'parking', 'parking': 'multi-storey'}",parking,,,,,,,,way/837202790
7,way,837208992,,35.2098103,-80.8616215,"{'amenity': 'parking', 'building': 'parking', 'height': '19', 'parking': 'multi-storey'}",parking,,,,,,,,way/837208992
7,way,837208994,,35.2072148,-80.8614055,"{'access': 'yes', 'amenity': 'parking', 'building': 'parking', 'fee': 'no', 'height': '19', 'parking': 'multi-storey'}",parking,,,,,,,,way/837208994
7,way,875274991,,35.214577,-80.8560028,"{'amenity': 'parking', 'building': 'parking', 'parking': 'multi-storey'}",parking,,,,,,,,way/875274991
7,way,909377454,Tremont,35.2099329,-80.8606951,"{'amenity': 'shelter', 'bench': 'no', 'bin': 'no', 'building': 'yes', 'layer': '2', 'lit': 'no', 'name': 'Tremont', 'shelter_type': 'public_transport', 'wikidata': 'Q7838136', 'wikipedia': 'en:Tremont station (Charlotte)'}",shelter,,,,,,,,way/909377454
7,way,990903148,Design Center Tower Parking Garage,35.2122733,-80.8603748,"{'access': 'private', 'addr:city': 'Charlotte', 'addr:housenumber': '240', 'addr:state': 'NC', 'addr:street': 'Hawkins Street', 'amenity': 'parking', 'building': 'parking', 'building:levels': '6', 'name': 'Design Center Tower Parking Garage', 'operator': 'Preferred Parking Service', 'operator:type': 'private', 'parking': 'multi-storey', 'surface': 'asphalt'}",parking,,,,,,,,way/990903148
7,way,997012684,,35.2092098,-80.8552282,{'amenity': 'parking'},parking,,,,,,,,way/997012684
7,way,1059935588,,35.2139712,-80.860833,"{'amenity': 'parking', 'building': 'yes', 'height': '26', 'parking': 'multi-storey'}",parking,,,,,,,,way/1059935588
7,way,1134158513,,35.2152643,-80.8562809,{'amenity': 'parking'},parking,,,,,,,,way/1134158513
7,way,1134158519,,35.2159128,-80.8556686,"{'amenity': 'parking', 'parking': 'surface'}",parking,,,,,,,,way/1134158519
7,way,1175759360,,35.2107354,-80.863432,"{'amenity': 'bicycle_parking', 'bicycle_parking': 'stands', 'capacity': '6'}",bicycle_parking,,,,,,,,way/1175759360
7,way,1185176272,,35.2081001,-80.8631932,"{'amenity': 'parking', 'parking': 'surface', 'surface': 'asphalt'}",parking,,,,,,,,way/1185176272
7,way,1190500456,,35.2094045,-80.8628848,"{'amenity': 'parking', 'parking': 'surface', 'surface': 'gravel'}",parking,,,,,,,,way/1190500456
7,way,1190500460,,35.2105889,-80.8625587,{'amenity': 'parking'},parking,,,,,,,,way/1190500460
7,way,1192533645,Jeni's Splendid Ice Creams,35.2110757,-80.8602877,"{'addr:city': 'Charlotte', 'addr:housenumber': '1920', 'addr:postcode': '28203', 'addr:state': 'NC', 'addr:street': 'Camden Road', 'amenity': 'ice_cream', 'brand': ""Jeni's Splendid Ice Creams"", 'brand:wikidata': 'Q16851196', 'building': 'yes', 'name': ""Jeni's Splendid Ice Creams"", 'short_name': ""Jeni's""}",ice_cream,,,,,,,,way/1192533645
7,way,1193232222,,35.2111221,-80.8635169,{'amenity': 'parking'},parking,,,,,,,,way/1193232222
7,way,1193232223,,35.2110283,-80.8624466,{'amenity': 'parking'},parking,,,,,,,,way/1193232223
7,way,1254768289,,35.210155,-80.8566366,"{'amenity': 'parking', 'parking': 'surface'}",parking,,,,,,,,way/1254768289
7,way,1254768290,,35.2102339,-80.8569385,"{'amenity': 'parking', 'parking': 'surface'}",parking,,,,,,,,way/1254768290
7,way,1254768291,,35.2098019,-80.8558914,"{'amenity': 'parking', 'parking': 'surface'}",parking,,,,,,,,way/1254768291
7,way,1254768292,,35.2101002,-80.8562792,"{'amenity': 'parking', 'parking': 'surface'}",parking,,,,,,,,way/1254768292
7,way,1254768293,,35.209977,-80.8560667,"{'amenity': 'parking', 'parking': 'surface'}",parking,,,,,,,,way/1254768293
7,way,1254768295,,35.2098812,-80.8562946,"{'amenity': 'parking', 'parking': 'surface'}",parking,,,,,,,,way/1254768295
7,way,1254768298,,35.2107595,-80.8572707,{'amenity': 'parking'},parking,,,,,,,,way/1254768298
7,way,1254768299,,35.2107523,-80.8582905,"{'amenity': 'parking', 'parking': 'surface'}",parking,,,,,,,,way/1254768299
7,way,1254768300,,35.210881,-80.8594118,"{'amenity': 'parking', 'parking': 'surface'}",parking,,,,,,,,way/1254768300
7,way,1254768301,,35.2103847,-80.8598322,{'amenity': 'parking'},parking,,,,,,,,way/1254768301
7,way,1254768302,,35.2099905,-80.8570501,"{'amenity': 'parking', 'parking': 'surface'}",parking,,,,,,,,way/1254768302
7,way,1254768303,,35.2101229,-80.85472,{'amenity': 'parking'},parking,,,,,,,,way/1254768303
7,way,1265697851,,35.2095685,-80.8554205,"{'amenity': 'parking', 'building': 'yes', 'layer': '-1', 'parking': 'multi-storey'}",parking,,,,,,,,way/1265697851
7,way,1265697852,,35.2106954,-80.8576934,"{'amenity': 'parking', 'parking': 'surface'}",parking,,,,,,,,way/1265697852
7,way,1265697854,,35.2109864,-80.8576723,"{'amenity': 'parking', 'parking': 'surface'}",parking,,,,,,,,way/1265697854
7,way,1285775395,,35.2126714,-80.8573263,"{'amenity': 'parking', 'building': 'yes', 'building:levels': '8', 'fee': 'yes', 'height': '24', 'parking': 'multi-storey'}",parking,,,,,,,,way/1285775395
7,way,1323716199,Cheat's Cheesesteaks,35.209574,-80.8614252,"{'amenity': 'fast_food', 'building': 'yes', 'cuisine': 'sandwich', 'name': ""Cheat's Cheesesteaks""}",fast_food,,,,,,,,way/1323716199
7,way,1323716200,,35.2095761,-80.8615826,{'amenity': 'parking'},parking,,,,,,,,way/1323716200
7,way,1409279357,,35.2158735,-80.8579783,{'amenity': 'parking'},parking,,,,,,,,way/1409279357
7,way,1409279358,,35.214953,-80.8587258,{'amenity': 'parking'},parking,,,,,,,,way/1409279358
7,way,1409279359,,35.2147431,-80.8589775,{'amenity': 'parking'},parking,,,,,,,,way/1409279359
7,way,1409279360,,35.2143973,-80.8618799,{'amenity': 'parking'},parking,,,,,,,,way/1409279360
7,way,1409279363,,35.2138311,-80.8627451,{'amenity': 'parking'},parking,,,,,,,,way/1409279363
7,way,1409279364,,35.2133259,-80.8625865,{'amenity': 'parking'},parking,,,,,,,,way/1409279364
7,way,1409279365,,35.2132535,-80.8623041,{'amenity': 'parking'},parking,,,,,,,,way/1409279365
7,way,1409279366,,35.2136914,-80.8619361,{'amenity': 'parking'},parking,,,,,,,,way/1409279366
7,way,1409279367,,35.2123586,-80.8595333,{'amenity': 'parking'},parking,,,,,,,,way/1409279367
7,way,1409279369,,35.2125501,-80.8597365,{'amenity': 'parking'},parking,,,,,,,,way/1409279369
7,way,1409279370,,35.2127323,-80.8600257,{'amenity': 'parking'},parking,,,,,,,,way/1409279370
7,way,1409279371,,35.2123843,-80.861852,"{'amenity': 'parking', 'parking': 'surface', 'surface': 'gravel'}",parking,,,,,,,,way/1409279371
7,way,1409279372,,35.2124909,-80.8623506,{'amenity': 'parking'},parking,,,,,,,,way/1409279372
7,way,1409279375,,35.2123897,-80.8639543,"{'amenity': 'parking', 'building': 'yes', 'layer': '-1', 'parking': 'multi-storey'}",parking,,,,,,,,way/1409279375
7,way,1409279376,,35.2115879,-80.8634127,{'amenity': 'parking'},parking,,,,,,,,way/1409279376
7,way,1409279377,,35.2117935,-80.8641172,{'amenity': 'parking'},parking,,,,,,,,way/1409279377
7,way,1409279381,,35.2090798,-80.8636258,{'amenity': 'parking'},parking,,,,,,,,way/1409279381
7,way,1409279386,,35.210206,-80.8646598,{'amenity': 'parking'},parking,,,,,,,,way/1409279386
7,way,1409279387,,35.2101777,-80.8640032,{'amenity': 'parking'},parking,,,,,,,,way/1409279387
7,way,1409279390,,35.2106102,-80.8636284,{'amenity': 'parking'},parking,,,,,,,,way/1409279390
7,way,1425192864,Canopy Cocktails & Garden,35.2128667,-80.8581303,"{'addr:city': 'Charlotte', 'addr:housenumber': '118', 'addr:postcode': '28203', 'addr:state': 'NC', 'addr:street': 'E Kingston Ave', 'addr:unit': '10', 'amenity': 'bar', 'brewery': 'various', 'building': 'yes', 'min_age': '21', 'name': 'Canopy Cocktails & Garden'}",bar,,,,,,,,way/1425192864
7,way,1427159938,,35.2098018,-80.8567918,{'amenity': 'parking'},parking,,,,,,,,way/1427159938
7,way,1427747785,,35.2085851,-80.8599347,{'amenity': 'parking'},parking,,,,,,,,way/1427747785
7,way,1427747786,,35.2082895,-80.8595791,{'amenity': 'parking'},parking,,,,,,,,way/1427747786
7,way,1427747787,,35.2085552,-80.8593279,{'amenity': 'parking'},parking,,,,,,,,way/1427747787
7,way,1427747788,,35.2089223,-80.8593997,{'amenity': 'parking'},parking,,,,,,,,way/1427747788
7,way,1427747793,,35.2091346,-80.8591631,{'amenity': 'parking'},parking,,,,,,,,way/1427747793
7,way,1427747795,,35.2073048,-80.8602317,{'amenity': 'parking'},parking,,,,,,,,way/1427747795
7,way,1427747797,,35.2070516,-80.860414,{'amenity': 'parking'},parking,,,,,,,,way/1427747797
7,way,1428169467,,35.2146342,-80.8574685,{'amenity': 'parking'},parking,,,,,,,,way/1428169467
7,way,1428169481,,35.2138191,-80.8544628,{'amenity': 'parking'},parking,,,,,,,,way/1428169481
7,way,1428169484,,35.213723,-80.854933,{'amenity': 'parking'},parking,,,,,,,,way/1428169484
7,way,1428169485,,35.2131753,-80.8555409,{'amenity': 'parking'},parking,,,,,,,,way/1428169485
7,way,1428169486,,35.2126477,-80.856004,{'amenity': 'parking'},parking,,,,,,,,way/1428169486
7,way,1428169487,,35.2126869,-80.85546,{'amenity': 'parking'},parking,,,,,,,,way/1428169487
7,way,1428169488,,35.2128133,-80.8551583,{'amenity': 'parking'},parking,,,,,,,,way/1428169488
7,way,1428169489,,35.2125798,-80.8551367,{'amenity': 'parking'},parking,,,,,,,,way/1428169489
7,way,1428169490,,35.2122181,-80.8565002,{'amenity': 'parking'},parking,,,,,,,,way/1428169490
7,way,1428169495,,35.210445,-80.8587452,{'amenity': 'parking'},parking,,,,,,,,way/1428169495
7,way,1428169497,,35.2095013,-80.8583823,{'amenity': 'parking'},parking,,,,,,,,way/1428169497
7,way,1429442727,,35.2078785,-80.8620251,{'amenity': 'parking'},parking,,,,,,,,way/1429442727
7,way,1429442731,,35.2070234,-80.8599093,{'amenity': 'parking'},parking,,,,,,,,way/1429442731
7,way,1430326680,,35.2118037,-80.8588587,"{'amenity': 'parking', 'building': 'yes', 'height': '32', 'min_height': '10', 'parking': 'multi-storey'}",parking,,,,,,,,way/1430326680
7,way,1430327245,,35.2117764,-80.8585145,{'amenity': 'parking'},parking,,,,,,,,way/1430327245
7,way,1450790626,,35.2133011,-80.8568463,{'amenity': 'parking'},parking,,,,,,,,way/1450790626
7,way,1450790627,,35.2135405,-80.8565301,{'amenity': 'parking'},parking,,,,,,,,way/1450790627
7,way,1450790628,,35.2139234,-80.8565281,{'amenity': 'parking'},parking,,,,,,,,way/1450790628
7,way,1450790629,,35.2138456,-80.8569145,{'amenity': 'parking'},parking,,,,,,,,way/1450790629
7,way,1450790630,,35.2137143,-80.856048,{'amenity': 'parking'},parking,,,,,,,,way/1450790630
7,way,1450790636,,35.2124138,-80.8578648,"{'access': 'no', 'amenity': 'parking'}",parking,,,,,,,,way/1450790636
7,way,1456140309,,35.211416,-80.857623,{'amenity': 'parking'},parking,,,,,,,,way/1456140309
7,way,1456140312,,35.2112099,-80.8578828,{'amenity': 'parking'},parking,,,,,,,,way/1456140312
7,way,1462454763,,35.2084047,-80.8628269,"{'amenity': 'parking', 'building': 'yes', 'height': '26', 'parking': 'multi-storey'}",parking,,,,,,,,way/1462454763
7,way,1469358544,,35.2149228,-80.8600526,{'amenity': 'parking'},parking,,,,,,,,way/1469358544
7,way,1471159188,,35.2103915,-80.857794,{'amenity': 'parking'},parking,,,,,,,,way/1471159188
7,way,1471159192,,35.2098401,-80.8582024,{'amenity': 'parking'},parking,,,,,,,,way/1471159192
7,way,1471159193,,35.2097352,-80.8591797,{'amenity': 'parking'},parking,,,,,,,,way/1471159193
7,way,1471159196,,35.2094103,-80.8576269,{'amenity': 'parking'},parking,,,,,,,,way/1471159196
7,way,1471159199,,35.2091489,-80.8572914,{'amenity': 'parking'},parking,,,,,,,,way/1471159199
7,way,1471159218,,35.2097584,-80.8564406,{'amenity': 'parking'},parking,,,,,,,,way/1471159218
7,way,1471520739,,35.2154933,-80.8589696,{'amenity': 'parking'},parking,,,,,,,,way/1471520739
7,way,1473678157,,35.2139842,-80.862423,{'amenity': 'parking'},parking,,,,,,,,way/1473678157
7,way,1473678196,,35.2142615,-80.8645364,{'amenity': 'parking'},parking,,,,,,,,way/1473678196
7,relation,11008714,,35.2161515,-80.8568812,"{'amenity': 'parking', 'type': 'multipolygon'}",parking,,,,,,,,relation/11008714
7,relation,16022872,,35.2103174,-80.8612475,"{'amenity': 'parking', 'type': 'multipolygon'}",parking,,,,,,,,relation/16022872
7,relation,19576022,,35.2078799,-80.8599286,"{'amenity': 'parking', 'type': 'multipolygon'}",parking,,,,,,,,relation/19576022
7,relation,19581220,,35.2132177,-80.8577831,"{'amenity': 'parking', 'type': 'multipolygon'}",parking,,,,,,,,relation/19581220
7,node,5266630654,Sunflour Baking Company,35.2109876,-80.8570815,"{'name': 'Sunflour Baking Company', 'shop': 'bakery'}",,bakery,,,,,,,node/5266630654
7,node,5282511698,Anthropologie,35.2089186,-80.8606531,"{'brand': 'Anthropologie', 'brand:wikidata': 'Q4773903', 'clothes': 'women', 'name': 'Anthropologie', 'shop': 'clothes'}",,clothes,,,,,,,node/5282511698
7,node,5282511699,Free People,35.2092124,-80.8604756,"{'brand': 'Free People', 'brand:wikidata': 'Q5499945', 'name': 'Free People', 'shop': 'clothes'}",,clothes,,,,,,,node/5282511699
7,node,5286423659,Savory Spice,35.2096372,-80.8605009,"{'name': 'Savory Spice', 'shop': 'yes'}",,yes,,,,,,,node/5286423659
7,node,5286423660,Vin Master,35.2093193,-80.8609567,"{'name': 'Vin Master', 'shop': 'wine'}",,wine,,,,,,,node/5286423660
7,node,5718028309,Queen City Bicycles,35.2138866,-80.85615,"{'addr:city': 'Charlotte', 'addr:housenumber': '128', 'addr:postcode': '28203', 'addr:state': 'NC', 'addr:street': 'East Park Avenue', 'name': 'Queen City Bicycles', 'service:bicycle:Bicycle_Sales_and_Service': 'yes', 'service:bicycle:bicycle': 'yes', 'service:bicycle:rental': 'yes', 'service:bicycle:repair': 'yes', 'service:bicycle:retail': 'yes', 'shop': 'bicycle'}",,bicycle,,,,,,,node/5718028309
7,node,7813715854,Mattress Firm,35.2103125,-80.8585862,"{'addr:city': 'Charlotte', 'addr:housenumber': '2317', 'addr:postcode': '28203', 'addr:state': 'NC', 'addr:street': 'South Boulevard', 'branch': 'South Boulevard', 'brand': 'Mattress Firm', 'brand:wikidata': 'Q6791878', 'contact:sms': '+1 704-610-2171', 'delivery': 'yes', 'name': 'Mattress Firm', 'phone': '+1 704-561-7367', 'ref': '17233', 'shop': 'bed', 'website': 'https://www.mattressfirm.com/en-us/stores/nc/charlotte/024058/'}",,bed,,,,,,,node/7813715854
7,node,9842012387,Calibre Men's Grooming,35.2103179,-80.8634211,"{'addr:city': 'Charlotte', 'addr:housenumber': '235', 'addr:postcode': '28203', 'addr:state': 'NC', 'addr:street': 'West Tremont Avenue', 'addr:unit': '102', 'name': ""Calibre Men's Grooming"", 'opening_hours': 'Tu-Th 10:00-19:00; Fr 09:00-18:00; Sa 09:00-14:30', 'phone': '+1 980 207 3342', 'shop': 'hairdresser', 'website': 'https://calibermensgrooming.com'}",,hairdresser,,,,,,,node/9842012387
7,node,9842054793,Insomnia Cookies,35.2099213,-80.8623348,"{'addr:city': 'Charlotte', 'addr:housenumber': '2116', 'addr:postcode': '28203', 'addr:state': 'NC', 'addr:street': 'Hawkins Street', 'addr:unit': '103', 'brand': 'Insomnia Cookies', 'brand:wikidata': 'Q16997024', 'name': 'Insomnia Cookies', 'opening_hours': 'Su 12:00-00:00; Mo-We 11:00-00:00; Th,Fr 11:00-01:00; Sa 12:00-01:00', 'phone': '+1-980-321-0801', 'shop': 'pastry', 'website': 'https://insomniacookies.com/'}",,pastry,,,,,,,node/9842054793
7,node,10597087406,Abercrombie & Fitch,35.2118554,-80.8596133,"{'addr:city': 'Charlotte', 'addr:housenumber': '100', 'addr:postcode': '28203', 'addr:state': 'NC', 'addr:street': 'West Worthington Avenue', 'brand': 'Abercrombie & Fitch', 'brand:wikidata': 'Q319344', 'clothes': 'men;women', 'level': '0', 'name': 'Abercrombie & Fitch', 'opening_hours': 'Mo-Sa 10:00-19:00; Su 12:00-18:00', 'phone': '+1-864-865-6567', 'shop': 'clothes', 'website': 'https://www.abercrombie.com/shop/us/clothing-stores/US/Charlotte/NC/11962'}",,clothes,,,,,,,node/10597087406
7,node,10597087408,Brilliant Earth,35.2120154,-80.8595011,"{'addr:postcode': '28203', 'level': '0', 'name': 'Brilliant Earth', 'opening_hours': 'Fr-Tu 10:00-19:00', 'phone': '+1-704-831-9599', 'shop': 'jewelry', 'website': 'https://brilliantearth.com/'}",,jewelry,,,,,,,node/10597087408
7,node,10853533395,Marine Layer,35.2108452,-80.860566,"{'brand': 'Marine Layer', 'brand:wikidata': 'Q113227682', 'name': 'Marine Layer', 'shop': 'clothes'}",,clothes,,,,,,,node/10853533395
7,node,10853533397,Dolce & Amaro Italian Bakery,35.2113667,-80.8604332,"{'addr:city': 'Charlotte', 'addr:housenumber': '101', 'addr:postcode': '28203', 'addr:state': 'NC', 'addr:street': 'West Worthington Avenue', 'addr:unit': '150', 'drink:coffee': 'yes', 'name': 'Dolce & Amaro Italian Bakery', 'opening_hours': 'Su-Th 08:00-20:00; Fr-Sa 08:00-21:00', 'phone': '+1-704-919-0065', 'shop': 'bakery'}",,bakery,,,,,,,node/10853533397
7,node,11102351549,Vow’d,35.2113966,-80.860911,"{'clothes': 'wedding', 'name': 'Vow’d', 'shop': 'clothes'}",,clothes,,,,,,,node/11102351549
7,node,11102351551,Lilbelle,35.2114746,-80.8610694,"{'name': 'Lilbelle', 'opening_hours': 'Mo-We 10:00-18:00; Th-Sa 10:00-19:00; Su 12:00-17:00', 'shop': 'clothes', 'website': 'https://shoplilbelle.com'}",,clothes,,,,,,,node/11102351551
7,node,11102351552,Petit Philipe,35.2113155,-80.8607301,"{'name': 'Petit Philipe', 'shop': 'wine'}",,wine,,,,,,,node/11102351552
7,node,11102351564,The Inviggory,35.2121121,-80.8604441,"{'beauty': 'spa', 'name': 'The Inviggory', 'shop': 'beauty'}",,beauty,,,,,,,node/11102351564
7,node,11102351580,Salted Melon,35.2122039,-80.8606312,"{'name': 'Salted Melon', 'shop': 'deli'}",,deli,,,,,,,node/11102351580
7,node,11102351585,Ole Mason Jar,35.2113637,-80.8608403,"{'clothes': 'men', 'name': 'Ole Mason Jar', 'shop': 'clothes'}",,clothes,,,,,,,node/11102351585
7,node,11102351596,Paddywax,35.2113344,-80.86077,"{'name': 'Paddywax', 'shop': 'candles'}",,candles,,,,,,,node/11102351596
7,node,11106987875,Rowan,35.2121352,-80.8593508,"{'addr:city': 'Charlotte', 'addr:housenumber': '1800', 'addr:postcode': '28203', 'addr:state': 'NC', 'addr:street': 'Camden Road', 'addr:unit': '100', 'name': 'Rowan', 'phone': '+1-704-910-1787', 'shop': 'piercing', 'website': 'https://heyrowan.com'}",,piercing,,,,,,,node/11106987875
7,node,11764667654,Patagonia,35.2114003,-80.8600074,"{'addr:city': 'Charlotte', 'addr:housenumber': '101', 'addr:postcode': '28203', 'addr:state': 'NC', 'addr:street': 'West Worthington Avenue', 'addr:unit': 'Suite 180', 'brand': 'Patagonia', 'brand:wikidata': 'Q1660552', 'clothes': 'outdoor', 'name': 'Patagonia', 'phone': '+1-704-255-7925', 'shop': 'clothes', 'website': 'https://www.patagonia.com'}",,clothes,,,,,,,node/11764667654
7,node,11981588983,Reico Kitchen & Bath,35.2108648,-80.8624119,"{'name': 'Reico Kitchen & Bath', 'shop': 'kitchen'}",,kitchen,,,,,,,node/11981588983
7,node,11987265676,Madewell,35.2083834,-80.8605812,"{'addr:city': 'Charlotte', 'addr:housenumber': '2036', 'addr:postcode': '28203', 'addr:state': 'NC', 'addr:street': 'South Boulevard', 'brand': 'Madewell', 'brand:wikidata': 'Q64026213', 'clothes': 'men;women', 'name': 'Madewell', 'phone': '+1-704-565-8267', 'shop': 'clothes', 'website': 'https://stores.madewell.com/us/nc/charlotte/2036-south-blvd.'}",,clothes,,,,,,,node/11987265676
7,node,11987265677,Sephora,35.2084514,-80.8607047,"{'addr:city': 'Charlotte', 'addr:housenumber': '2036', 'addr:postcode': '28203', 'addr:state': 'NC', 'addr:street': 'South Boulevard', 'brand': 'Sephora', 'brand:wikidata': 'Q2408041', 'name': 'Sephora', 'phone': '+1-704-594-8650', 'shop': 'cosmetics', 'website': 'https://www.sephora.com/happening/stores/atherton-mill'}",,cosmetics,,,,,,,node/11987265677
7,node,11987265678,Tecovas,35.2083447,-80.8604636,"{'addr:city': 'Charlotte', 'addr:housenumber': '2036', 'addr:postcode': '28203', 'addr:state': 'NC', 'addr:street': 'South Boulevard', 'addr:unit': '3', 'name': 'Tecovas', 'phone': '+1-704-255-5566', 'shop': 'clothes', 'website': 'https://www.tecovas.com/stores/charlotte-nc-atherton-mill'}",,clothes,,,,,,,node/11987265678
7,node,12461559248,Stika Gear,35.2111712,-80.8605247,"{'name': 'Stika Gear', 'shop': 'hunting'}",,hunting,,,,,,,node/12461559248
7,node,12461559249,Interior Define,35.2110864,-80.8605832,"{'name': 'Interior Define', 'shop': 'interior_decoration'}",,interior_decoration,,,,,,,node/12461559249
7,node,12634674724,Savi Provisions,35.2091458,-80.8616509,"{'addr:city': 'Charlotte', 'addr:housenumber': '2151', 'addr:postcode': '28203', 'addr:state': 'NC', 'addr:street': 'Hawkins Street', 'level': '0', 'name': 'Savi Provisions', 'opening_hours': 'Mo-Th 07:00-23:00; Fr-Sa 07:00-01:00; Su 09:00-22:00', 'phone': '+1-404-607-0000', 'shop': 'convenience', 'website': 'https://www.saviprovisions.com/location/charlotte-the-line'}",,convenience,,,,,,,node/12634674724
7,node,12849155793,J. Major's Bridal Boutique,35.2108121,-80.8589956,"{'addr:city': 'Charlotte', 'addr:housenumber': '1900', 'addr:postcode': '28203', 'addr:state': 'NC', 'addr:street': 'South Boulevard', 'addr:unit': '150', 'air_conditioning': 'yes', 'brand': ""J. Major's Bridal Boutique"", 'clothes': 'wedding;women', 'internet_access': 'wlan', 'name': ""J. Major's Bridal Boutique"", 'opening_hours': 'Tu-Su 10:00-17:30', 'operator': ""J. Major's Bridal Boutique"", 'payment:cash': 'yes', 'payment:contactless': 'yes', 'payment:credit_cards': 'yes', 'payment:debit_cards': 'yes', 'payment:mastercard': 'yes', 'payment:visa': 'yes', 'phone': '+1-704-372-0082', 'shop': 'clothes', 'website': 'https://www.jmajors.com', 'wheelchair': 'yes'}",,clothes,,,,,,,node/12849155793
7,node,12958734948,Hardy Boys Records,35.2140317,-80.857842,"{'name': 'Hardy Boys Records', 'shop': 'music'}",,music,,,,,,,node/12958734948
7,node,12958734952,Cosmic Nails,35.2122036,-80.8593042,"{'addr:city': 'Charlotte', 'addr:housenumber': '1800', 'addr:postcode': '28203', 'addr:state': 'NC', 'addr:street': 'Camden Road', 'addr:unit': '101', 'beauty': 'nails', 'name': 'Cosmic Nails', 'shop': 'beauty'}",,beauty,,,,,,,node/12958734952
7,node,12958734953,Girl Tribe,35.2122538,-80.8592646,"{'addr:city': 'Charlotte', 'addr:housenumber': '1800', 'addr:postcode': '28203', 'addr:state': 'NC', 'addr:street': 'Camden Road', 'addr:unit': '102', 'clothes': 'women', 'name': 'Girl Tribe', 'shop': 'clothes', 'website': 'https://girltribeco.com'}",,clothes,,,,,,,node/12958734953
7,node,12958734971,Pet Wants,35.2135108,-80.8582334,"{'name': 'Pet Wants', 'shop': 'pet', 'website': 'https://www.petwantsclt.com'}",,pet,,,,,,,node/12958734971
7,node,13087354311,Bookout Blooms,35.2092583,-80.8608333,"{'contact:instagram': 'bookoutblooms', 'name': 'Bookout Blooms', 'opening_hours': 'Tu-Fr 10:00-18:00; Sa 09:00-14:00', 'phone': '+1-980-219-8470', 'shop': 'florist', 'website': 'https://bookoutblooms.com'}",,florist,,,,,,,node/13087354311
7,node,13087354312,Hey Sis Boutique,35.2093652,-80.8607462,"{'addr:city': 'Charlotte', 'addr:housenumber': '2000', 'addr:postcode': '28203', 'addr:state': 'NC', 'addr:street': 'South Boulevard', 'clothes': 'women', 'name': 'Hey Sis Boutique', 'opening_hours': 'Tu-Fr 11:00-18:00; Sa 10:00-18:00; Su 10:00-17:00', 'shop': 'clothes', 'website': 'https://www.heysis.co'}",,clothes,,,,,,,node/13087354312
7,node,13125416750,Tous les Jours,35.2085229,-80.8598396,"{'brand': 'Tous les Jours', 'brand:wikidata': 'Q3535609', 'cuisine': 'french', 'name': 'Tous les Jours', 'shop': 'bakery'}",,bakery,,,,,,,node/13125416750
7,node,13125416754,Polished Nails & Beauty,35.2087477,-80.859797,"{'beauty': 'nails', 'name': 'Polished Nails & Beauty', 'shop': 'beauty'}",,beauty,,,,,,,node/13125416754
7,node,13179474377,Arrow,35.2080897,-80.8604856,"{'hairdresser': 'barber', 'name': 'Arrow', 'shop': 'hairdresser', 'website': 'https://guaranteedshorterhair.com'}",,hairdresser,,,,,,,node/13179474377
7,node,13179474378,Boem,35.2080209,-80.8605078,"{'clothes': 'women', 'name': 'Boem', 'shop': 'clothes'}",,clothes,,,,,,,node/13179474378
7,node,13179474379,Uniquities,35.207954,-80.8605309,"{'clothes': 'women', 'name': 'Uniquities', 'shop': 'clothes'}",,clothes,,,,,,,node/13179474379
7,node,13179474380,Drybar,35.2077406,-80.8606261,"{'brand': 'Drybar', 'brand:wikidata': 'Q18352685', 'female': 'yes', 'name': 'Drybar', 'shop': 'hairdresser'}",,hairdresser,,,,,,,node/13179474380
7,node,13179474381,The Golden Carrot,35.2077048,-80.8606552,"{'name': 'The Golden Carrot', 'shop': 'jewelry'}",,jewelry,,,,,,,node/13179474381
7,node,13179474383,Ultra Nail Boutique,35.2074022,-80.8610062,"{'beauty': 'nails', 'name': 'Ultra Nail Boutique', 'shop': 'beauty'}",,beauty,,,,,,,node/13179474383
7,node,13179573224,Lululemon,35.2085374,-80.8608598,"{'brand': 'Lululemon', 'brand:wikidata': 'Q6702957', 'clothes': 'men;women', 'name': 'Lululemon', 'official_name': 'Lululemon Athletica', 'shop': 'clothes'}",,clothes,,,,,,,node/13179573224
7,node,13248035093,Peachy,35.2084624,-80.8623893,"{'addr:city': 'Charlotte', 'addr:housenumber': '2161', 'addr:postcode': '28203', 'addr:state': 'NC', 'addr:street': 'Hawkins Street', 'beauty': 'skin_care', 'name': 'Peachy', 'shop': 'beauty', 'website': 'https://peachystudio.com/pages/charlotte-botox'}",,beauty,,,,,,,node/13248035093
7,node,13322832050,Tweeds Custom Suits,35.2123069,-80.8592264,"{'clothes': 'suits', 'name': 'Tweeds Custom Suits', 'shop': 'clothes'}",,clothes,,,,,,,node/13322832050
7,node,13376928757,ClipperCole,35.2095551,-80.8604965,"{'addr:city': 'Charlotte', 'addr:housenumber': '2000', 'addr:postcode': '28203', 'addr:state': 'NC', 'addr:street': 'South Boulevard', 'addr:unit': '120', 'check_date': '2025-12-15', 'currency:XBT': 'yes', 'hairdresser': 'barber', 'name': 'ClipperCole', 'opening_hours': 'Tu-Fr 11:00-19:00; Sa 10:00-14:00', 'payment:lightning': 'yes', 'payment:lightning:operator': 'square', 'payment:lightning_contactless': 'no', 'payment:onchain': 'no', 'phone': '+1-515-250-3570', 'shop': 'hairdresser', 'website': 'https://clippercole.com'}",,hairdresser,,,,,,,node/13376928757
7,way,394430314,Design Within Reach,35.2154523,-80.8560425,"{'brand': 'Design Within Reach', 'brand:wikidata': 'Q110903326', 'building': 'yes', 'height': '7', 'name': 'Design Within Reach', 'shop': 'furniture', 'website': 'https://www.dwr.com/store?StoreId=21'}",,furniture,,,,,,,way/394430314
7,way,432915319,Office Depot,35.2131302,-80.8566125,"{'addr:city': 'Charlotte', 'addr:housenumber': '1620', 'addr:postcode': '28203', 'addr:state': 'NC', 'addr:street': 'South Boulevard', 'brand': 'Office Depot', 'brand:wikidata': 'Q1337797', 'building': 'yes', 'name': 'Office Depot', 'opening_hours': 'Su 11:00-18:00; Mo-Fr 08:00-20:00; Sa 09:00-18:00', 'phone': '+1 704-358-8832', 'ref': '2240', 'shop': 'stationery', 'website': 'https://www.officedepot.com/storelocator/nc/charlotte/office-depot-2240'}",,stationery,,,,,,,way/432915319
7,way,432915323,Stop and Go,35.2150095,-80.860011,"{'addr:city': 'Charlotte', 'addr:housenumber': '1632', 'addr:postcode': '28203', 'addr:state': 'NC', 'addr:street': 'South Tryon Street', 'building': 'yes', 'name': 'Stop and Go', 'shop': 'convenience'}",,convenience,,,,,,,way/432915323
7,way,432937698,H&H Automotive,35.2102687,-80.8588773,"{'building': 'yes', 'name': 'H&H Automotive', 'shop': 'car_repair'}",,car_repair,,,,,,,way/432937698
7,way,433200900,,35.2117777,-80.8571002,"{'building': 'retail', 'shop': 'convenience'}",,convenience,,,,,,,way/433200900
7,way,547661268,Boost Mobile,35.2128926,-80.8649425,"{'brand': 'Boost Mobile', 'brand:wikidata': 'Q4943790', 'building': 'yes', 'name': 'Boost Mobile', 'shop': 'mobile_phone'}",,mobile_phone,,,,,,,way/547661268
7,way,837208998,Dilworth Tasting Room,35.208745,-80.858623,"{'addr:city': 'Charlotte', 'addr:housenumber': '300', 'addr:postcode': '28203', 'addr:state': 'NC', 'addr:street': 'East Tremont Avenue', 'building': 'retail', 'name': 'Dilworth Tasting Room', 'shop': 'wine'}",,wine,,,,,,,way/837208998
7,node,11102351603,Fit Atelier,35.2114316,-80.8609884,"{'leisure': 'fitness_centre', 'name': 'Fit Atelier', 'opening_hours': 'Tu-Fr 11:00-18:00; Sa 11:00-17:00; Su 12:00-17:00', 'website': 'https://fitatelier.com'}",,,fitness_centre,,,,,,node/11102351603
7,node,12363373830,,35.2154791,-80.8557725,{'leisure': 'picnic_table'},,,picnic_table,,,,,,node/12363373830
7,node,12634674725,Gritbox,35.2092709,-80.8615545,"{'addr:city': 'Charlotte', 'addr:housenumber': '2151', 'addr:postcode': '28203', 'addr:state': 'NC', 'addr:street': 'Hawkins Street', 'addr:unit': 'Suite 140', 'leisure': 'fitness_centre', 'level': '0', 'name': 'Gritbox', 'phone': '+1-704-469-4656', 'website': 'https://gritboxfitness.com/location/charlotte'}",,,fitness_centre,,,,,,node/12634674725
7,way,432929184,Iron Tribe Fitness Dilworth,35.2105705,-80.8580065,"{'addr:city': 'Charlotte', 'addr:housenumber': '215', 'addr:postcode': '28203', 'addr:state': 'NC', 'addr:street': 'East Worthington Avenue', 'building': 'commercial', 'leisure': 'fitness_centre', 'name': 'Iron Tribe Fitness Dilworth'}",,,fitness_centre,,,,,,way/432929184
7,way,547660396,Wilmore Centennial Park,35.2141233,-80.8601962,"{'addr:city': 'Charlotte', 'addr:housenumber': '1711', 'addr:postcode': '28203', 'addr:state': 'NC', 'addr:street': 'South Tryon Street', 'leisure': 'park', 'name': 'Wilmore Centennial Park', 'opening_date': '2020'}",,,park,,,,,,way/547660396
7,way,582913287,,35.213775,-80.8595236,{'leisure': 'dog_park'},,,dog_park,,,,,,way/582913287
7,way,1180543376,,35.2090803,-80.8613067,"{'building': 'yes', 'heating': 'no', 'leisure': 'outdoor_seating', 'lit': 'yes'}",,,outdoor_seating,,,,,,way/1180543376
7,way,1180543377,,35.2091487,-80.8610429,{'leisure': 'outdoor_seating'},,,outdoor_seating,,,,,,way/1180543377
7,way,1180543378,,35.208905,-80.8613803,{'leisure': 'outdoor_seating'},,,outdoor_seating,,,,,,way/1180543378
7,way,1185176273,,35.2100194,-80.8614363,"{'access': 'private', 'leisure': 'swimming_pool', 'location': 'roof', 'swimming_pool': 'outdoor'}",,,swimming_pool,,,,,,way/1185176273
7,way,1185598378,,35.2085067,-80.862186,{'leisure': 'outdoor_seating'},,,outdoor_seating,,,,,,way/1185598378
7,way,1185598385,,35.2142226,-80.8597165,{'leisure': 'playground'},,,playground,,,,,,way/1185598385
7,way,1185598386,,35.2140481,-80.8599416,{'leisure': 'outdoor_seating'},,,outdoor_seating,,,,,,way/1185598386
7,way,1191248738,,35.2107078,-80.8605641,{'leisure': 'outdoor_seating'},,,outdoor_seating,,,,,,way/1191248738
7,way,1191248739,,35.211082,-80.8603978,{'leisure': 'outdoor_seating'},,,outdoor_seating,,,,,,way/1191248739
7,way,1191248746,,35.2149511,-80.8585248,{'leisure': 'swimming_pool'},,,swimming_pool,,,,,,way/1191248746
7,way,1192742643,,35.2148999,-80.8566369,{'leisure': 'outdoor_seating'},,,outdoor_seating,,,,,,way/1192742643
7,way,1196470571,,35.2115156,-80.8603552,"{'leisure': 'outdoor_seating', 'operator': 'Elsewhere'}",,,outdoor_seating,,,,,,way/1196470571
7,way,1196470574,,35.2109413,-80.8605084,"{'leisure': 'outdoor_seating', 'operator': 'Hawkers'}",,,outdoor_seating,,,,,,way/1196470574
7,way,1196470579,,35.2115915,-80.8601883,"{'leisure': 'outdoor_seating', 'operator': 'Barcelona'}",,,outdoor_seating,,,,,,way/1196470579
7,way,1196470580,,35.2116361,-80.8602776,"{'leisure': 'outdoor_seating', 'operator': 'Superica'}",,,outdoor_seating,,,,,,way/1196470580
7,way,1259157758,,35.2090005,-80.8611573,{'leisure': 'outdoor_seating'},,,outdoor_seating,,,,,,way/1259157758
7,way,1292149595,,35.2085617,-80.8622372,{'leisure': 'outdoor_seating'},,,outdoor_seating,,,,,,way/1292149595
7,way,1293323910,,35.2142548,-80.8596973,"{'garden:type': 'landscaping', 'leisure': 'garden'}",,,garden,,,,,,way/1293323910
7,way,1293323911,,35.2144936,-80.8600529,"{'garden:type': 'landscaping', 'leisure': 'garden'}",,,garden,,,,,,way/1293323911
7,way,1293323913,,35.2138756,-80.8602683,"{'garden:type': 'landscaping', 'leisure': 'garden'}",,,garden,,,,,,way/1293323913
7,way,1347161777,,35.2095957,-80.8613352,{'leisure': 'outdoor_seating'},,,outdoor_seating,,,,,,way/1347161777
7,way,1409279378,,35.2120066,-80.8647049,"{'access': 'private', 'leisure': 'swimming_pool'}",,,swimming_pool,,,,,,way/1409279378
7,way,1428169491,,35.212108,-80.8563159,{'leisure': 'playground'},,,playground,,,,,,way/1428169491
7,node,5286488554,,35.2117877,-80.8593635,"{'artwork_type': 'mosaic', 'tourism': 'artwork'}",,,,artwork,,,,,node/5286488554
7,node,5286815856,Magic Carpet Mural,35.208994,-80.8616824,"{'artist_name': 'Jessie and Katey', 'artwork_type': 'mural', 'name': 'Magic Carpet Mural', 'source': 'w', 'tourism': 'artwork'}",,,,artwork,,,,,node/5286815856
7,node,11106987867,,35.21166,-80.8598797,"{'board:title': 'Nebel Knitting Mill', 'board_type': 'history', 'information': 'board', 'tourism': 'information'}",,,,information,,,,,node/11106987867
7,node,12363373831,,35.2155641,-80.855661,"{'information': 'map', 'tourism': 'information'}",,,,information,,,,,node/12363373831
7,node,12517322252,Dinosaur,35.2150614,-80.8560031,"{'artist_name': 'Amy Hart', 'artwork_type': 'sculpture', 'name': 'Dinosaur', 'tourism': 'artwork'}",,,,artwork,,,,,node/12517322252
7,node,12517322255,,35.2140467,-80.8599153,"{'artist_name': 'David Furman', 'artwork_type': 'installation', 'tourism': 'artwork'}",,,,artwork,,,,,node/12517322255
7,node,12958734949,Charlotte Machine Co.,35.2140988,-80.8577207,"{'artist_name': 'David Furman', 'artwork_type': 'sculpture', 'material': 'metal', 'name': 'Charlotte Machine Co.', 'tourism': 'artwork'}",,,,artwork,,,,,node/12958734949
7,way,432937709,Dilworth Artisan Station,35.2129374,-80.8577677,"{'addr:city': 'Charlotte', 'addr:housenumber': '118', 'addr:postcode': '28203', 'addr:state': 'NC', 'addr:street': 'East Kingston Avenue', 'building': 'yes', 'name': 'Dilworth Artisan Station', 'source': 'http://dilworthartisan.com/index.html', 'tourism': 'gallery'}",,,,gallery,,,,,way/432937709
7,way,606469946,Holiday Inn Express & Suites,35.2146381,-80.859284,"{'addr:city': 'Charlotte', 'addr:housenumber': '1617', 'addr:postcode': '28203', 'addr:state': 'NC', 'addr:street': 'South Tryon Street', 'brand': 'Holiday Inn Express & Suites', 'brand:wikidata': 'Q5880423', 'building': 'yes', 'building:levels': '5', 'name': 'Holiday Inn Express & Suites', 'tourism': 'hotel'}",,,,hotel,,,,,way/606469946
7,way,1196470576,,35.2120305,-80.8610523,"{'artwork_type': 'mural', 'tourism': 'artwork'}",,,,artwork,,,,,way/1196470576
7,way,1196470577,,35.2113937,-80.8611808,"{'artwork_type': 'mural', 'tourism': 'artwork'}",,,,artwork,,,,,way/1196470577
7,way,1196928923,,35.2121093,-80.8593629,"{'artwork_type': 'mural', 'tourism': 'artwork'}",,,,artwork,,,,,way/1196928923
7,way,1196928924,,35.2129863,-80.858043,"{'artwork_type': 'mural', 'tourism': 'artwork'}",,,,artwork,,,,,way/1196928924
7,way,1196928925,Steelyard Mural,35.2109012,-80.8597926,"{'artist_name': 'Ivan Toth Depeña', 'artwork_type': 'mural', 'name': 'Steelyard Mural', 'tourism': 'artwork'}",,,,artwork,,,,,way/1196928925
7,way,1352819940,Rail Trail Chalkboard,35.2136744,-80.8576339,"{'artwork_type': 'installation', 'name': 'Rail Trail Chalkboard', 'tourism': 'artwork'}",,,,artwork,,,,,way/1352819940
7,node,6532463478,Coldwell Banker,35.2143081,-80.8562177,"{'brand': 'Coldwell Banker', 'brand:wikidata': 'Q738853', 'name': 'Coldwell Banker', 'office': 'estate_agent'}",,,,,estate_agent,,,,node/6532463478
7,node,9155661364,Lowe's Global Technology Center,35.212,-80.8598054,"{'addr:city': 'Charlotte', 'addr:housenumber': '100', 'addr:state': 'NC', 'addr:street': 'West Worthington Avenue', 'level': '8,9,10,11,12,13,14,15,16,17,18,19,20,21,22,23', 'name': ""Lowe's Global Technology Center"", 'office': 'company', 'website': 'https://lowes.com'}",,,,,company,,,,node/9155661364
7,node,9867405873,EMP Law,35.2115682,-80.85549,"{'addr:city': 'Charlotte', 'addr:country': 'US', 'addr:housenumber': '300', 'addr:postcode': '28203', 'addr:state': 'NC', 'addr:street': 'E Kingston Ave', 'addr:unit': 'Suite 200', 'description': 'At EMP Law, our Charlotte, North Carolina lawyers have a rich history of experience and success defending clients in difficult circumstances.', 'email': 'info@emplawfirm.com', 'facebook': 'https://www.facebook.com/ElliotMorganParsonage', 'name': 'EMP Law', 'office': 'lawyer', 'opening_hours': 'Mo-Th 08:00-17:00; Fr 08:00-12:00', 'phone': '+1-704-707-3705', 'source:linkedin': 'https://www.linkedin.com/company/elliot-morgan-parsonage', 'website': 'https://emplawfirm.com/'}",,,,,lawyer,,,,node/9867405873
7,node,10597022506,World Wide Technology,35.2111346,-80.8594222,"{'addr:housenumber': '1900', 'addr:postcode': '28203', 'addr:street': 'South Boulevard', 'name': 'World Wide Technology', 'office': 'it', 'phone': '+1-717-757-6441', 'website': 'https://wwt.com/'}",,,,,it,,,,node/10597022506
7,node,10597276705,Lowe's Tech Hub,35.2118923,-80.8599522,"{'addr:postcode': '28203', 'name': ""Lowe's Tech Hub"", 'office': 'company'}",,,,,company,,,,node/10597276705
7,node,11102351571,Balfour Beatty,35.2113437,-80.8611841,"{'name': 'Balfour Beatty', 'office': 'construction_company'}",,,,,construction_company,,,,node/11102351571
7,node,11483254446,Dimensional,35.2157232,-80.8564597,"{'name': 'Dimensional', 'office': 'financial_advisor', 'website': 'https://www.dimensional.com'}",,,,,financial_advisor,,,,node/11483254446
7,node,12344562759,Spaces,35.2100636,-80.8642194,"{'brand': 'Spaces', 'brand:wikidata': 'Q87629680', 'name': 'Spaces', 'office': 'coworking', 'website': 'https://www.spacesworks.com/charlotte/south-end'}",,,,,coworking,,,,node/12344562759
7,node,618108474,East/West Boulevard,35.2122117,-80.8589291,"{'addr:city': 'Charlotte', 'addr:housenumber': '1821', 'addr:postcode': '28203', 'addr:state': 'NC', 'addr:street': 'Camden Road', 'internet_access': 'no', 'light_rail': 'yes', 'name': 'East/West Boulevard', 'network': 'LYNX', 'operator': 'CATS', 'public_transport': 'station', 'railway': 'station', 'station': 'light_rail', 'wikidata': 'Q5327579', 'wikipedia': 'en:East/West Boulevard station'}",,,,,,station,,,node/618108474
7,node,5764307592,,35.2123146,-80.8582703,"{'bus': 'yes', 'highway': 'bus_stop', 'public_transport': 'platform'}",,,,,,platform,,,node/5764307592
7,node,8419403093,East/West Boulevard,35.2117415,-80.8593405,"{'light_rail': 'yes', 'name': 'East/West Boulevard', 'network': 'LYNX', 'operator': 'CATS', 'public_transport': 'stop_position', 'railway': 'stop'}",,,,,,stop_position,,,node/8419403093
7,node,8419403094,East/West Boulevard,35.2123179,-80.8588211,"{'light_rail': 'yes', 'name': 'East/West Boulevard', 'network': 'LYNX', 'operator': 'CATS', 'public_transport': 'stop_position', 'railway': 'stop'}",,,,,,stop_position,,,node/8419403094
7,way,535123121,,35.2120438,-80.8591502,"{'area': 'yes', 'bench': 'yes', 'bin': 'yes', 'light_rail': 'yes', 'lit': 'yes', 'network': 'LYNX', 'operator': 'CATS', 'public_transport': 'platform', 'railway': 'platform', 'shelter': 'yes', 'tactile_paving': 'yes'}",,,,,,platform,,,way/535123121
7,way,535123122,,35.2119989,-80.8590343,"{'area': 'yes', 'bench': 'yes', 'bin': 'yes', 'light_rail': 'yes', 'lit': 'yes', 'network': 'LYNX', 'operator': 'CATS', 'public_transport': 'platform', 'railway': 'platform', 'shelter': 'yes', 'tactile_paving': 'yes'}",,,,,,platform,,,way/535123122
7,relation,12309358,East/West Boulevard,35.2120282,-80.8590988,"{'name': 'East/West Boulevard', 'network': 'LYNX', 'public_transport': 'stop_area', 'railway': 'facility', 'type': 'public_transport'}",,,,,,stop_area,,,relation/12309358
