{
"type": "FeatureCollection",
"name": "tree_cluster_polygons",
"crs": { "type": "name", "properties": { "name": "urn:ogc:def:crs:OGC:1.3:CRS84" } },
"features": [
{ "type": "Feature", "properties": { "centroid_id": 0, "tree_count": 10, "mean_dist_m": 64.041483082129517, "max_dist_m": 87.269703645928629, "center_x_m": 512275.0, "center_y_m": 3896625.0, "center_lon": -80.865132221173042, "center_lat": 35.212569877179128 }, "geometry": { "type": "Polygon", "coordinates": [ [ [ -80.864333243077596, 35.212023489491749 ], [ -80.864333675148515, 35.212014679852295 ], [ -80.864335153480411, 35.212005946956218 ], [ -80.864337663939267, 35.211997374295187 ], [ -80.86434118252329, 35.211989043828787 ], [ -80.864345675592503, 35.211981035201148 ], [ -80.864351100190248, 35.211973424979355 ], [ -80.864357404454026, 35.211966285921505 ], [ -80.864364528111253, 35.211959686281084 ], [ -80.864372403055512, 35.211953689154399 ], [ -80.86438095399771, 35.21194835187741 ], [ -80.864390099185883, 35.211943725477489 ], [ -80.864399751186781, 35.211939854185644 ], [ -80.864409817721778, 35.211936775013584 ], [ -80.864420202549141, 35.211934517399925 ], [ -80.86443080638405, 35.211933102928747 ], [ -80.864441527847902, 35.211932545123133 ], [ -80.864452264437546, 35.211932849316078 ], [ -80.864462913505136, 35.211934012599293 ], [ -80.864473373239662, 35.211936023851145 ], [ -80.864483543640148, 35.211938863842946 ], [ -80.864493327471862, 35.211942505422776 ], [ -80.864502631195805, 35.211946913775108 ], [ -80.864618636730086, 35.212008274310122 ], [ -80.864629682058634, 35.212014953007326 ], [ -80.864722889547693, 35.212079051531063 ], [ -80.864725775547413, 35.212081107382893 ], [ -80.864815628784896, 35.212147398012618 ], [ -80.864823167139292, 35.212153524817879 ], [ -80.864829950323269, 35.212160219762183 ], [ -80.86483591508923, 35.21216742042089 ], [ -80.864841005820566, 35.212175059654001 ], [ -80.864845175050277, 35.2121830662321 ], [ -80.864848383903535, 35.212191365500615 ], [ -80.865149286721007, 35.213123536283817 ], [ -80.865151529955966, 35.213132174745553 ], [ -80.865152732634243, 35.213140951879112 ], [ -80.865152883216282, 35.213149783471124 ], [ -80.865151980256954, 35.213158584785646 ], [ -80.865150032419479, 35.213167271377252 ], [ -80.865147058392338, 35.213175759901176 ], [ -80.865143086709963, 35.213183968913064 ], [ -80.865138155478959, 35.213191819650319 ], [ -80.865132312012477, 35.213199236787851 ], [ -80.865125612376332, 35.213206149160797 ], [ -80.865118120851051, 35.213212490447305 ], [ -80.865109909315038, 35.213218199804899 ], [ -80.865101056555091, 35.213223222454239 ], [ -80.865091647510354, 35.213227510204696 ], [ -80.865081772457373, 35.213231021916719 ], [ -80.865071526143922, 35.213233723896629 ], [ -80.865061006879927, 35.213235590219831 ], [ -80.86505031559426, 35.213236602979549 ], [ -80.865039554866215, 35.213236752458741 ], [ -80.865028827941444, 35.213236037223147 ], [ -80.865018237741211, 35.213234464135247 ], [ -80.865007885874974, 35.213232048288297 ], [ -80.864997871665423, 35.213228812861537 ], [ -80.864988291195516, 35.213224788897811 ], [ -80.864979236386574, 35.213220015005703 ], [ -80.864970794116346, 35.213214536989106 ], [ -80.864963045385437, 35.213208407407713 ], [ -80.86495606454011, 35.213201685072796 ], [ -80.864949918558992, 35.213194434482851 ], [ -80.864944666410409, 35.213186725204771 ], [ -80.864346121654336, 35.212197287333417 ], [ -80.864342111761744, 35.21218983010175 ], [ -80.864338938791818, 35.212182106157258 ], [ -80.864336628672021, 35.212174178615619 ], [ -80.864335200279072, 35.212166112256156 ], [ -80.864334665284716, 35.212157972992529 ], [ -80.864333243077596, 35.212023489491749 ] ] ] } },
{ "type": "Feature", "properties": { "centroid_id": 1, "tree_count": 15, "mean_dist_m": 34.748774934735756, "max_dist_m": 68.095510944053942, "center_x_m": 512300.0, "center_y_m": 3896775.0, "center_lon": -80.864855300527964, "center_lat": 35.213922135705182 }, "geometry": { "type": "Polygon", "coordinates": [ [ [ -80.864144380277182, 35.213665093221231 ], [ -80.864147600032183, 35.213656727752721 ], [ -80.864151795095083, 35.213648658654655 ], [ -80.86415692575676, 35.213640962306044 ], [ -80.864162943452115, 35.213633711557513 ], [ -80.864169791219723, 35.213626975041848 ], [ -80.864177404241119, 35.213620816524276 ], [ -80.864185710454265, 35.213615294298897 ], [ -80.864194631235705, 35.213610460636929 ], [ -80.864204082144781, 35.213606361291859 ], [ -80.86421397372284, 35.213603035066498 ], [ -80.864224212340176, 35.213600513445549 ], [ -80.864234701082054, 35.213598820297676 ], [ -80.864245340666301, 35.213597971649506 ], [ -80.864256030382847, 35.213597975534029 ], [ -80.864266669047183, 35.213598831914474 ], [ -80.864277155957936, 35.213600532684694 ], [ -80.864287391850254, 35.213603061745879 ], [ -80.864297279835242, 35.213606395158919 ], [ -80.864306726317125, 35.213610501371093 ], [ -80.864907897155049, 35.213903401298779 ], [ -80.8649081173632, 35.213903508871965 ], [ -80.865066506860543, 35.213981088490293 ], [ -80.865075483080844, 35.213985990667936 ], [ -80.865083830618161, 35.213991591266584 ], [ -80.865091469087432, 35.21399783635372 ], [ -80.865098324931765, 35.214004665790576 ], [ -80.865104332130713, 35.214012013811214 ], [ -80.865109432836036, 35.214019809655788 ], [ -80.865113577928767, 35.214027978252027 ], [ -80.865116727492264, 35.214036440938081 ], [ -80.865118851196613, 35.214045116220106 ], [ -80.865119928590616, 35.214053920556928 ], [ -80.865119949298872, 35.214062769164613 ], [ -80.865118913121634, 35.214071576832829 ], [ -80.865116830036712, 35.214080258745533 ], [ -80.865113720103508, 35.214088731297572 ], [ -80.865109613269723, 35.214096912899947 ], [ -80.865104549083142, 35.214104724765363 ], [ -80.865098576310601, 35.214112091667047 ], [ -80.865091752468615, 35.21411894266307 ], [ -80.8650841432693, 35.214125211779624 ], [ -80.865075821987702, 35.214130838646234 ], [ -80.864950222299939, 35.21420759860375 ], [ -80.864941715558061, 35.214212307227037 ], [ -80.864932710688748, 35.214216344068845 ], [ -80.864923286224339, 35.214219673923466 ], [ -80.864913524356538, 35.214222267750849 ], [ -80.864903510219662, 35.214224102929961 ], [ -80.864893331148068, 35.214225163456014 ], [ -80.864883075914548, 35.214225440080035 ], [ -80.864872833956127, 35.214224930389562 ], [ -80.864116902466051, 35.214158120631382 ], [ -80.864106528530243, 35.21415678962164 ], [ -80.864096356776571, 35.21415465202179 ], [ -80.864086480097882, 35.214151727353297 ], [ -80.864076988692304, 35.21414804232554 ], [ -80.864067969239457, 35.214143630591806 ], [ -80.864059504108823, 35.214138532441957 ], [ -80.864051670607523, 35.214132794434498 ], [ -80.864044540274335, 35.214126468971401 ], [ -80.86403817822638, 35.21411961381952 ], [ -80.864032642564368, 35.214112291583014 ], [ -80.864027983842121, 35.214104569131685 ], [ -80.864024244604778, 35.214096516990196 ], [ -80.864021459000341, 35.214088208694093 ], [ -80.864019652467846, 35.214079720118214 ], [ -80.864018841504986, 35.214071128783736 ], [ -80.864019033517479, 35.214062513150267 ], [ -80.864020226751492, 35.214053951899302 ], [ -80.864022410309573, 35.21404552321566 ], [ -80.864144380277182, 35.213665093221231 ] ] ] } },
{ "type": "Feature", "properties": { "centroid_id": 3, "tree_count": 7, "mean_dist_m": 119.3044954549916, "max_dist_m": 162.90346092283204, "center_x_m": 512400.0, "center_y_m": 3896175.0, "center_lon": -80.863765604002694, "center_lat": 35.208510643496119 }, "geometry": { "type": "Polygon", "coordinates": [ [ [ -80.863642872126263, 35.208418912189487 ], [ -80.863652456619988, 35.208414732930535 ], [ -80.863662496757996, 35.208411350195618 ], [ -80.863672894562853, 35.208408796995364 ], [ -80.863683548566854, 35.208407098245374 ], [ -80.863694354802178, 35.208406270522985 ], [ -80.863705207815471, 35.20840632190562 ], [ -80.863716001696901, 35.208407251891821 ], [ -80.863726631113607, 35.208409051406264 ], [ -80.863736992337763, 35.208411702888313 ], [ -80.863746984258597, 35.208415180463248 ], [ -80.86375650936921, 35.208419450194924 ], [ -80.863765474718107, 35.208424470416887 ], [ -80.863773792816133, 35.20843019213892 ], [ -80.863781382490387, 35.20843655952519 ], [ -80.863788169676283, 35.208443510439068 ], [ -80.86379408814031, 35.208450977049516 ], [ -80.863799080126441, 35.208458886493013 ], [ -80.863803096919654, 35.208467161584608 ], [ -80.863806099321451, 35.20847572157107 ], [ -80.863808058032291, 35.208484482919047 ], [ -80.863808953937578, 35.208493360130092 ], [ -80.863808778294185, 35.208502266575096 ], [ -80.863807532815798, 35.208511115339633 ], [ -80.863805229656194, 35.208519820072141 ], [ -80.863801891290663, 35.208528295826554 ], [ -80.863797550296709, 35.208536459891349 ], [ -80.863792249036081, 35.208544232596552 ], [ -80.863786039241504, 35.208551538091363 ], [ -80.8637789815117, 35.208558305084246 ], [ -80.863771144720204, 35.208564467538693 ], [ -80.863762605343126, 35.208569965317672 ], [ -80.862338262144817, 35.209397064475773 ], [ -80.862329256903593, 35.209401772036273 ], [ -80.862319737437517, 35.209405739981499 ], [ -80.862309793646361, 35.209408930839011 ], [ -80.862299519437144, 35.209411314475048 ], [ -80.862289011837333, 35.209412868379026 ], [ -80.862278370078485, 35.209413577876212 ], [ -80.862267694659138, 35.209413436266274 ], [ -80.862257086395729, 35.209412444886532 ], [ -80.862246645470464, 35.209410613099379 ], [ -80.862236470485257, 35.209407958203833 ], [ -80.862226657530485, 35.209404505272168 ], [ -80.862217299277589, 35.209400286913123 ], [ -80.862208484103803, 35.209395342964008 ], [ -80.862200295257665, 35.209389720114388 ], [ -80.862192810072713, 35.209383471465266 ], [ -80.862186099237235, 35.209376656027516 ], [ -80.862180226126696, 35.209369338164606 ], [ -80.862175246205197, 35.209361586984826 ], [ -80.862171206501714, 35.209353475688566 ], [ -80.862168145166038, 35.209345080877021 ], [ -80.862166091108392, 35.209336481828906 ], [ -80.862165063726479, 35.209327759751574 ], [ -80.862165072722334, 35.209318997014279 ], [ -80.862166118010677, 35.209310276370196 ], [ -80.862168189719711, 35.209301680174967 ], [ -80.862171268284428, 35.209293289608951 ], [ -80.862175324631309, 35.209285183910566 ], [ -80.86218032045295, 35.209277439627989 ], [ -80.862210530581066, 35.209235654756348 ], [ -80.862215231106802, 35.209229700252237 ], [ -80.862220487501915, 35.209224067496116 ], [ -80.86238225323433, 35.209064166190224 ], [ -80.86238948876445, 35.209057684788441 ], [ -80.862397458863711, 35.209051812415872 ], [ -80.862506081796738, 35.208979306106187 ], [ -80.862514690298653, 35.208974109666585 ], [ -80.862566785320624, 35.208945759995238 ], [ -80.862571224026667, 35.208943467742351 ], [ -80.863642872126263, 35.208418912189487 ] ] ] } },
{ "type": "Feature", "properties": { "centroid_id": 4, "tree_count": 8, "mean_dist_m": 39.885041080950863, "max_dist_m": 83.340210018136858, "center_x_m": 512425.0, "center_y_m": 3896550.0, "center_lon": -80.863485278647829, "center_lat": 35.211891747673626 }, "geometry": { "type": "Polygon", "coordinates": [ [ [ -80.863045186726097, 35.211960501262439 ], [ -80.863034887589677, 35.211958153266252 ], [ -80.863024915202715, 35.211954995027362 ], [ -80.863015363953636, 35.211951056438465 ], [ -80.863006324244822, 35.211946374778222 ], [ -80.862997881636829, 35.211940994358457 ], [ -80.862990116038688, 35.211934966104778 ], [ -80.862983100951425, 35.211928347074448 ], [ -80.862976902772516, 35.211921199916432 ], [ -80.86297158016734, 35.211913592278407 ], [ -80.862967183513931, 35.211905596166453 ], [ -80.862963754426218, 35.21189728726349 ], [ -80.862961325360089, 35.211888744213027 ], [ -80.862959919306263, 35.211880047874715 ], [ -80.862959549572636, 35.211871280559066 ], [ -80.862960219658419, 35.211862525248314 ], [ -80.862961923220908, 35.211853864811111 ], [ -80.862964644135658, 35.211845381218033 ], [ -80.862968356649048, 35.211837154765881 ], [ -80.862973025622054, 35.211829263317576 ], [ -80.862978606862811, 35.211821781565185 ], [ -80.86298504754501, 35.211814780323103 ], [ -80.862992286707751, 35.211808325857589 ], [ -80.863000255832674, 35.211802479259781 ], [ -80.863008879492398, 35.211797295867335 ], [ -80.863018076064449, 35.211792824740698 ], [ -80.863027758503833, 35.211789108198751 ], [ -80.863037835166935, 35.211786181418326 ], [ -80.863048210678798, 35.211784072101182 ], [ -80.863058786835992, 35.211782800211822 ], [ -80.863069463535922, 35.211782377788637 ], [ -80.863080139724488, 35.211782808829774 ], [ -80.863224873703814, 35.21179446511313 ], [ -80.86322639447954, 35.211794596364548 ], [ -80.863629060101715, 35.211831674853762 ], [ -80.863639123917451, 35.211832991856909 ], [ -80.864193008027087, 35.211927277080562 ], [ -80.864202315379828, 35.211929213054582 ], [ -80.864211381242555, 35.211931808531794 ], [ -80.864220136379117, 35.211935043690517 ], [ -80.864228513926335, 35.211938893823763 ], [ -80.864418524894305, 35.212035402435333 ], [ -80.864427291311998, 35.212040352293471 ], [ -80.864435433187694, 35.212045974901606 ], [ -80.86444287415452, 35.212052217522483 ], [ -80.864449544419742, 35.212059021603373 ], [ -80.864455381419361, 35.212066323325409 ], [ -80.864460330404981, 35.212074054202006 ], [ -80.864464344957256, 35.212082141721339 ], [ -80.864467387421357, 35.212090510026393 ], [ -80.864469429260154, 35.212099080626523 ], [ -80.864470451321878, 35.212107773133631 ], [ -80.864470444019716, 35.212116506016152 ], [ -80.864469407421865, 35.212125197363804 ], [ -80.864467351250767, 35.212133765655828 ], [ -80.864464294792057, 35.212142130525685 ], [ -80.86446026671355, 35.212150213514796 ], [ -80.864455304796508, 35.212157938808453 ], [ -80.864449455581138, 35.212165233946983 ], [ -80.864442773930207, 35.212172030505307 ], [ -80.864435322514339, 35.212178264734831 ], [ -80.864427171224264, 35.212183878161298 ], [ -80.864418396515291, 35.212188818133313 ], [ -80.864409080690095, 35.212193038316144 ], [ -80.864399311126903, 35.212196499126399 ], [ -80.864389179459792, 35.212199168103197 ], [ -80.86437878071925, 35.212201020212738 ], [ -80.864368212440823, 35.212202038083063 ], [ -80.864357573750269, 35.212202212167 ], [ -80.864346964433778, 35.212201540831707 ], [ -80.86433648400201, 35.212200030374035 ], [ -80.863045186726097, 35.211960501262439 ] ] ] } },
{ "type": "Feature", "properties": { "centroid_id": 5, "tree_count": 14, "mean_dist_m": 42.059660744656881, "max_dist_m": 65.235846819665085, "center_x_m": 512425.0, "center_y_m": 3896725.0, "center_lon": -80.863482637025825, "center_lat": 35.213469740005053 }, "geometry": { "type": "Polygon", "coordinates": [ [ [ -80.863149475470379, 35.213154893742384 ], [ -80.863156193014461, 35.213147819481172 ], [ -80.863163733636625, 35.213141327878056 ], [ -80.863172022737274, 35.21313548315451 ], [ -80.863180978312158, 35.213130343132377 ], [ -80.863190511763676, 35.213125958661891 ], [ -80.863200528777327, 35.213122373118637 ], [ -80.86321093025478, 35.21311962197435 ], [ -80.863221613294215, 35.213117732446115 ], [ -80.863232472208395, 35.213116723227039 ], [ -80.863243399570123, 35.21311660430127 ], [ -80.863254287275097, 35.213117376845382 ], [ -80.863265027611305, 35.213119033216593 ], [ -80.863275514324656, 35.21312155702843 ], [ -80.86328564367011, 35.21312492331284 ], [ -80.863295315438052, 35.213129098767176 ], [ -80.864107251635161, 35.213523120293885 ], [ -80.864119368799194, 35.21352993688739 ], [ -80.864225016541482, 35.213598319729243 ], [ -80.864233183173326, 35.213604164208881 ], [ -80.864240608635882, 35.213610640428236 ], [ -80.864247220711533, 35.213617685401879 ], [ -80.864252955093292, 35.213625230612855 ], [ -80.864257756010318, 35.213633202679027 ], [ -80.864261576770232, 35.213641524066816 ], [ -80.864264380213328, 35.21365011384524 ], [ -80.864266139073948, 35.213658888473013 ], [ -80.864266836245633, 35.21366776261101 ], [ -80.864266464947605, 35.213676649952333 ], [ -80.864265028790612, 35.213685464061555 ], [ -80.864262541741951, 35.213694119215575 ], [ -80.86425902798949, 35.213702531237097 ], [ -80.864254521706556, 35.213710618313485 ], [ -80.864249066719566, 35.213718301792404 ], [ -80.864242716081776, 35.213725506946737 ], [ -80.864235531557256, 35.213732163701373 ], [ -80.864227583020309, 35.213738207314762 ], [ -80.864218947775825, 35.213743579008586 ], [ -80.864089619389475, 35.213816076760587 ], [ -80.864080024440753, 35.213820883849309 ], [ -80.864069881200052, 35.213824861173094 ], [ -80.864059295847994, 35.213827967096869 ], [ -80.864048379193349, 35.213830169107396 ], [ -80.864037245513018, 35.213831444153769 ], [ -80.86402601135579, 35.213831778888633 ], [ -80.864014794322273, 35.213831169807939 ], [ -80.864003711833803, 35.213829623287644 ], [ -80.863992879903293, 35.213827155516874 ], [ -80.86398241192073, 35.213823792328618 ], [ -80.863972417466229, 35.213819568929139 ], [ -80.8630877100817, 35.213397381799744 ], [ -80.863078732308097, 35.213392602796851 ], [ -80.863070363584001, 35.213387129720161 ], [ -80.863062683291375, 35.213381014484909 ], [ -80.863055764281967, 35.213374315097568 ], [ -80.863049672186307, 35.213367095105582 ], [ -80.863044464791074, 35.213359422994621 ], [ -80.863040191491081, 35.213351371538948 ], [ -80.863036892820645, 35.213343017111093 ], [ -80.863034600069199, 35.213334438957403 ], [ -80.863033334984451, 35.213325718446399 ], [ -80.863033109566032, 35.213316938296863 ], [ -80.863033925951854, 35.213308181793295 ], [ -80.863035776397751, 35.213299531995879 ], [ -80.863038643350876, 35.213291070952593 ], [ -80.863042499616355, 35.213282878920936 ], [ -80.863047308615165, 35.213275033606671 ], [ -80.863053024731173, 35.213267609426794 ], [ -80.863149475470379, 35.213154893742384 ] ] ] } },
{ "type": "Feature", "properties": { "centroid_id": 6, "tree_count": 17, "mean_dist_m": 47.647972609888527, "max_dist_m": 89.841230540284826, "center_x_m": 512425.0, "center_y_m": 3896875.0, "center_lon": -80.863480372614973, "center_lat": 35.21482230453244 }, "geometry": { "type": "Polygon", "coordinates": [ [ [ -80.862649894535096, 35.214268984102183 ], [ -80.862657308431693, 35.214262340720175 ], [ -80.862665493053569, 35.214256337599217 ], [ -80.862674366709157, 35.21425103465694 ], [ -80.862683840829661, 35.214246484822453 ], [ -80.862693820852996, 35.214242733508051 ], [ -80.862704207167681, 35.21423981815591 ], [ -80.862714896107065, 35.214237767864383 ], [ -80.862725780983965, 35.214236603097575 ], [ -80.862736753155602, 35.214236335481125 ], [ -80.862747703107857, 35.214236967686162 ], [ -80.862758521548429, 35.214238493402554 ], [ -80.862769100497601, 35.214240897402043 ], [ -80.862779334366024, 35.21424415569011 ], [ -80.862789121008589, 35.214248235745522 ], [ -80.863495981284515, 35.214580375566577 ], [ -80.863497351920586, 35.214581030419609 ], [ -80.863781271520537, 35.214718940179004 ], [ -80.863790308040024, 35.2147238384917 ], [ -80.863798713081763, 35.214729443079307 ], [ -80.863806404990953, 35.214735699493474 ], [ -80.863813309040751, 35.214742546953325 ], [ -80.863819358158366, 35.214749918936015 ], [ -80.863824493576516, 35.21475774382295 ], [ -80.863828665404512, 35.214765945595531 ], [ -80.863831833112826, 35.214774444573749 ], [ -80.863833965926943, 35.214783158190194 ], [ -80.86383504312623, 35.214792001792247 ], [ -80.863835054245413, 35.214800889464414 ], [ -80.863833999176094, 35.214809734863088 ], [ -80.863831888167937, 35.214818452055276 ], [ -80.863828741729037, 35.214826956353484 ], [ -80.863824590426717, 35.214835165138496 ], [ -80.863819474590585, 35.21484299866195 ], [ -80.863813443920748, 35.214850380821119 ], [ -80.863806557004978, 35.214857239898294 ], [ -80.863798880749513, 35.214863509257462 ], [ -80.86379048972907, 35.214869127991761 ], [ -80.863781465462424, 35.214874041515081 ], [ -80.863771895620332, 35.214878202092478 ], [ -80.863761873173914, 35.21488156930387 ], [ -80.863751495491385, 35.214884110436735 ], [ -80.863740863392081, 35.214885800803927 ], [ -80.863730080167059, 35.214886623983496 ], [ -80.86338142965738, 35.214899063797702 ], [ -80.863369699611852, 35.214898967916682 ], [ -80.863358048874389, 35.214897846287634 ], [ -80.863346610245728, 35.214895711695405 ], [ -80.86333551410884, 35.214892588471102 ], [ -80.86332488694282, 35.214888512214749 ], [ -80.862542175770997, 35.214545372044576 ], [ -80.862532902801931, 35.214540811924557 ], [ -80.862524220753073, 35.214535526040393 ], [ -80.86251621366867, 35.214529565560731 ], [ -80.862508959059028, 35.214522988184434 ], [ -80.862502527150284, 35.21451585758205 ], [ -80.862496980204611, 35.21450824277948 ], [ -80.862492371917469, 35.214500217489778 ], [ -80.862488746897853, 35.214491859399573 ], [ -80.862486140236442, 35.214483249417071 ], [ -80.862484577165986, 35.214474470888824 ], [ -80.862484072817026, 35.214465608792899 ], [ -80.862484632071414, 35.214456748916305 ], [ -80.862486249515086, 35.214447977024541 ], [ -80.862488909490537, 35.214439378031372 ], [ -80.862492586248308, 35.214431035176823 ], [ -80.862497244196362, 35.214423029221422 ], [ -80.862502838244495, 35.214415437664449 ], [ -80.862509314240981, 35.214408333993674 ], [ -80.862649894535096, 35.214268984102183 ] ] ] } },
{ "type": "Feature", "properties": { "centroid_id": 7, "tree_count": 7, "mean_dist_m": 36.562938918136084, "max_dist_m": 93.280661515241732, "center_x_m": 512500.0, "center_y_m": 3896525.0, "center_lon": -80.862661627861499, "center_lat": 35.211665388268862 }, "geometry": { "type": "Polygon", "coordinates": [ [ [ -80.86280243400661, 35.210799078981339 ], [ -80.862808618416864, 35.210791719220076 ], [ -80.862815660444639, 35.210784898249244 ], [ -80.862823490865082, 35.210778683120495 ], [ -80.862832032703224, 35.210773134929902 ], [ -80.862841201990847, 35.210768308217375 ], [ -80.862850908591753, 35.210764250430564 ], [ -80.862861057087926, 35.210761001458351 ], [ -80.862871547717461, 35.210758593238836 ], [ -80.862882277355212, 35.210757049445334 ], [ -80.862893140526566, 35.210756385253674 ], [ -80.862904030444298, 35.210756607192955 ], [ -80.86291484005821, 35.210757713081506 ], [ -80.86292546310753, 35.2107596920482 ], [ -80.862935795165399, 35.210762524639378 ], [ -80.862945734665502, 35.210766183010058 ], [ -80.862955183900354, 35.210770631197697 ], [ -80.862964049981883, 35.210775825475658 ], [ -80.862972245754463, 35.210781714783039 ], [ -80.862979690651713, 35.210788241226673 ], [ -80.86298631148847, 35.210795340650201 ], [ -80.862992043180213, 35.210802943264689 ], [ -80.862996829382837, 35.210810974334727 ], [ -80.863000623046631, 35.210819354913056 ], [ -80.863003386878646, 35.210828002616672 ], [ -80.863005093709489, 35.210836832436605 ], [ -80.863005726760221, 35.21084575757363 ], [ -80.863016278297707, 35.211858265730299 ], [ -80.86301582177083, 35.211867284402921 ], [ -80.863014268872675, 35.211876220429652 ], [ -80.863011635164099, 35.211884984264863 ], [ -80.863007947036451, 35.211893488088435 ], [ -80.863003241447231, 35.211901646685718 ], [ -80.862997565549634, 35.211909378301442 ], [ -80.862990976220146, 35.211916605459038 ], [ -80.862983539488624, 35.211923255736927 ], [ -80.862975329876519, 35.211929262494301 ], [ -80.862966429650228, 35.21193456553889 ], [ -80.862956927996663, 35.211939111730146 ], [ -80.862946920129545, 35.211942855511765 ], [ -80.862936506335302, 35.211945759368206 ], [ -80.862925790968077, 35.211947794200611 ], [ -80.862914881404052, 35.211948939618381 ], [ -80.862903886965427, 35.211949184143549 ], [ -80.862892917824894, 35.21194852532583 ], [ -80.86273767706021, 35.211932758562789 ], [ -80.862736695792393, 35.211932655218014 ], [ -80.862513580721114, 35.211908318595675 ], [ -80.862499980559704, 35.21190611097375 ], [ -80.862348252420375, 35.211873198408774 ], [ -80.862346658418346, 35.211872842096199 ], [ -80.862185725270507, 35.211835799170942 ], [ -80.862175573428047, 35.2118330181479 ], [ -80.862165799439111, 35.211829439701347 ], [ -80.862156496045458, 35.211825097785869 ], [ -80.862147751523452, 35.211820033600311 ], [ -80.862139648846551, 35.211814295196852 ], [ -80.86213226489788, 35.211807937025057 ], [ -80.862125669740806, 35.211801019415248 ], [ -80.862119925954104, 35.21179360800604 ], [ -80.862115088038109, 35.211785773121491 ], [ -80.862111201897733, 35.211777589103804 ], [ -80.86210830440676, 35.211769133607987 ], [ -80.86210642305808, 35.21176048686501 ], [ -80.862105575702714, 35.211751730920398 ], [ -80.862105770380566, 35.211742948855907 ], [ -80.862107005244098, 35.211734224001049 ], [ -80.862109268575836, 35.211725639142507 ], [ -80.862112538899595, 35.21171727573855 ], [ -80.862116785184327, 35.211709213146122 ], [ -80.862121967138478, 35.211701527867916 ], [ -80.86280243400661, 35.210799078981339 ] ] ] } },
{ "type": "Feature", "properties": { "centroid_id": 8, "tree_count": 12, "mean_dist_m": 28.03398850280907, "max_dist_m": 45.488712989504066, "center_x_m": 512500.0, "center_y_m": 3896675.0, "center_lon": -80.862659349984668, "center_lat": 35.213017953153681 }, "geometry": { "type": "Polygon", "coordinates": [ [ [ -80.862202607853476, 35.212839281036139 ], [ -80.862194780335457, 35.212833022995021 ], [ -80.86218774900162, 35.212826157775453 ], [ -80.862181583406212, 35.212818753288715 ], [ -80.862176344539535, 35.212810882780495 ], [ -80.86217208422454, 35.212802624106466 ], [ -80.862168844604284, 35.212794058961961 ], [ -80.862166657724913, 35.212785272073951 ], [ -80.8621655452189, 35.212776350362887 ], [ -80.862165518090819, 35.212767382082852 ], [ -80.862166576608672, 35.212758455948567 ], [ -80.862168710301205, 35.21274966025782 ], [ -80.862171898061476, 35.21274108201802 ], [ -80.862176108355698, 35.212732806085512 ], [ -80.862181299535138, 35.212724914326159 ], [ -80.862187420248191, 35.21271748480558 ], [ -80.862194409948259, 35.212710591016872 ], [ -80.862202199492813, 35.212704301153622 ], [ -80.862210711827231, 35.212698677435363 ], [ -80.862219862747111, 35.212693775492085 ], [ -80.862229561731183, 35.21268964381396 ], [ -80.862239712836768, 35.212686323271662 ], [ -80.862250215648842, 35.212683846712068 ], [ -80.862260966273283, 35.212682238633363 ], [ -80.862271858364679, 35.21268151494273 ], [ -80.862282784178191, 35.212681682798902 ], [ -80.86229363563541, 35.21268274054146 ], [ -80.862304305393494, 35.21268467770718 ], [ -80.862314687906917, 35.212687475133592 ], [ -80.862324680471559, 35.212691105148451 ], [ -80.862505243188437, 35.212765721099615 ], [ -80.862508361356532, 35.21276706146174 ], [ -80.862861532629921, 35.212924840762504 ], [ -80.862864863328241, 35.212926391091209 ], [ -80.86318455248842, 35.213081298666417 ], [ -80.863193599729215, 35.213086191724393 ], [ -80.863202015735837, 35.213091792314707 ], [ -80.863209718662802, 35.213098045971783 ], [ -80.863216633599208, 35.213104891879006 ], [ -80.86322269329726, 35.213112263460111 ], [ -80.863227838826347, 35.213120089026674 ], [ -80.863232020146, 35.213128292475226 ], [ -80.863235196592726, 35.213136794027413 ], [ -80.863237337275308, 35.213145511005784 ], [ -80.863238421375272, 35.213154358637837 ], [ -80.863238438349441, 35.213163250880463 ], [ -80.863237388032374, 35.21317210125666 ], [ -80.863235280638079, 35.21318082369659 ], [ -80.863232136660613, 35.213189333374487 ], [ -80.863227986674843, 35.213197547533781 ], [ -80.863222871039113, 35.213205386291719 ], [ -80.863216839502712, 35.213212773416302 ], [ -80.863209950722194, 35.213219637067716 ], [ -80.86320227169081, 35.213225910496824 ], [ -80.863074017395093, 35.21332082756701 ], [ -80.863065860647481, 35.21332630547036 ], [ -80.863057101876365, 35.213331116764671 ], [ -80.863047821679004, 35.213335217176883 ], [ -80.863038105450812, 35.213338568975395 ], [ -80.863028042599538, 35.213341141317272 ], [ -80.863017725722557, 35.213342910532077 ], [ -80.863007249754816, 35.213343860339641 ], [ -80.862996711095178, 35.213343981999962 ], [ -80.862986206719441, 35.213343274393495 ], [ -80.862975833287848, 35.213341744031581 ], [ -80.862965686255777, 35.213339404996496 ], [ -80.862955858995221, 35.213336278811788 ], [ -80.862946441935691, 35.213332394244325 ], [ -80.862874542426596, 35.213299098387097 ], [ -80.862871308660218, 35.213297540569947 ], [ -80.862764764725497, 35.213244187839685 ], [ -80.862756800855337, 35.213239797155346 ], [ -80.862749334063366, 35.213234853045236 ], [ -80.862202607853476, 35.212839281036139 ] ] ] } },
{ "type": "Feature", "properties": { "centroid_id": 9, "tree_count": 36, "mean_dist_m": 52.007213331744843, "max_dist_m": 158.83958909610968, "center_x_m": 512575.0, "center_y_m": 3896425.0, "center_lon": -80.861839127366466, "center_lat": 35.210762740705157 }, "geometry": { "type": "Polygon", "coordinates": [ [ [ -80.862153671153663, 35.209315906906838 ], [ -80.862160380136487, 35.209309111495827 ], [ -80.862167859713736, 35.209302881504669 ], [ -80.862176039516186, 35.209297275546099 ], [ -80.862184842586828, 35.209292346361863 ], [ -80.862194186104873, 35.209288140326493 ], [ -80.862203982164999, 35.209284697011057 ], [ -80.862214138604301, 35.209282048810778 ], [ -80.862224559869432, 35.209280220640323 ], [ -80.862235147915555, 35.209279229699391 ], [ -80.862245803128701, 35.209279085310925 ], [ -80.862256425263013, 35.209279788833349 ], [ -80.862266914383866, 35.209281333647809 ], [ -80.862277171807989, 35.209283705220471 ], [ -80.862287101031967, 35.209286881239201 ], [ -80.862296608640094, 35.209290831823544 ], [ -80.862305605183252, 35.209295519805785 ], [ -80.862314006020455, 35.209300901080653 ], [ -80.862321732115205, 35.209306925020265 ], [ -80.862328710778982, 35.209313534950432 ], [ -80.862334876355249, 35.209320668683887 ], [ -80.862340170836958, 35.209328259105249 ], [ -80.862344544412551, 35.209336234802592 ], [ -80.862347955934382, 35.209344520739201 ], [ -80.862854739344385, 35.210805502820449 ], [ -80.862857171625507, 35.210814087862417 ], [ -80.86285857101538, 35.210822826782611 ], [ -80.86285892414287, 35.210831636083107 ], [ -80.862858227633637, 35.210840431593525 ], [ -80.862856488142256, 35.210849129275246 ], [ -80.86285372228879, 35.210857646024287 ], [ -80.862849956499886, 35.210865900465471 ], [ -80.862845226756335, 35.21087381372984 ], [ -80.862839578249307, 35.210881310208251 ], [ -80.862833064948546, 35.210888318273874 ], [ -80.86282574908671, 35.210894770966455 ], [ -80.86281770056479, 35.210900606632215 ], [ -80.862808996284173, 35.210905769512856 ], [ -80.862799719411953, 35.210910210278371 ], [ -80.862789958586148, 35.21091388649841 ], [ -80.862779807068947, 35.210916763047607 ], [ -80.862769361855513, 35.210918812441236 ], [ -80.861617413228117, 35.211096483371186 ], [ -80.861607177230411, 35.211097656130569 ], [ -80.861596852249988, 35.211098034328366 ], [ -80.861586529651262, 35.211097614617969 ], [ -80.861576300777585, 35.21109640071333 ], [ -80.861566256142893, 35.211094403356157 ], [ -80.861556484630881, 35.211091640220801 ], [ -80.861547072708305, 35.211088135757848 ], [ -80.861538103659967, 35.211083920977892 ], [ -80.861529656851744, 35.211079033176887 ], [ -80.861521807028168, 35.21107351560638 ], [ -80.861159130751474, 35.210793275771152 ], [ -80.861152164832006, 35.210787379479541 ], [ -80.861145881482997, 35.210780987476255 ], [ -80.861140332828839, 35.210774152787209 ], [ -80.861135564899129, 35.210766932110715 ], [ -80.861131617246798, 35.210759385347082 ], [ -80.861128522620021, 35.210751575101725 ], [ -80.861110871086368, 35.210698994357429 ], [ -80.861108154047471, 35.210688496242156 ], [ -80.861084147085279, 35.210557912702576 ], [ -80.861083065785081, 35.210549144185691 ], [ -80.861083032655017, 35.210540330917468 ], [ -80.861084048011236, 35.210531557091734 ], [ -80.861086102153607, 35.210522906525533 ], [ -80.861089175458474, 35.210514461858359 ], [ -80.861093238565985, 35.210506303762678 ], [ -80.861098252660739, 35.210498510173352 ], [ -80.861104169842505, 35.210491155543018 ], [ -80.862153671153663, 35.209315906906838 ] ] ] } },
{ "type": "Feature", "properties": { "centroid_id": 10, "tree_count": 5, "mean_dist_m": 59.844726355718777, "max_dist_m": 82.233460933019543, "center_x_m": 512575.0, "center_y_m": 3896775.0, "center_lon": -80.861833780430558, "center_lat": 35.213918725327439 }, "geometry": { "type": "Polygon", "coordinates": [ [ [ -80.860993803880817, 35.213597622479895 ], [ -80.860985857843147, 35.213591475434207 ], [ -80.860978694543093, 35.213584711436454 ], [ -80.860972384735902, 35.213577397298039 ], [ -80.860966990746476, 35.213569605264333 ], [ -80.860962565853612, 35.21356141230109 ], [ -80.860959153763858, 35.213552899334239 ], [ -80.860956788179777, 35.21354415045051 ], [ -80.860955492467056, 35.213535252066869 ], [ -80.860955279423706, 35.213526292076921 ], [ -80.860956151153715, 35.213517358982784 ], [ -80.860958099046215, 35.213508541020893 ], [ -80.860961103860632, 35.2134999252904 ], [ -80.860965135916672, 35.213491596892915 ], [ -80.860970155387534, 35.213483638091901 ], [ -80.86097611269328, 35.21347612750013 ], [ -80.860982948990653, 35.213469139303172 ], [ -80.860990596754149, 35.213462742526637 ], [ -80.860998980443185, 35.213457000354417 ], [ -80.861008017248096, 35.213451969504533 ], [ -80.861017617908189, 35.213447699668968 ], [ -80.861027687593349, 35.21344423302282 ], [ -80.861038126840739, 35.213441603807681 ], [ -80.861048832537207, 35.213439837993505 ], [ -80.861059698937808, 35.21343895302202 ], [ -80.861070618710258, 35.213438957634501 ], [ -80.861081483995108, 35.21343985178536 ], [ -80.861092187471073, 35.213441626642677 ], [ -80.861102623415164, 35.213444264675424 ], [ -80.861112688746857, 35.213447739826549 ], [ -80.861122284046303, 35.213452017770415 ], [ -80.861131314536337, 35.213457056251883 ], [ -80.862547658303683, 35.214334798170221 ], [ -80.862555838743063, 35.214340398797788 ], [ -80.862563319822584, 35.214346623265975 ], [ -80.862570031212499, 35.214353413058539 ], [ -80.862575909818787, 35.214360704344649 ], [ -80.862580900376472, 35.214368428578922 ], [ -80.862584955969027, 35.214376513145766 ], [ -80.862588038469497, 35.21438488204214 ], [ -80.862590118898979, 35.214393456591949 ], [ -80.862591177699002, 35.214402156185727 ], [ -80.862591204915446, 35.214410899038477 ], [ -80.862590200292118, 35.214419602958451 ], [ -80.862588173273167, 35.214428186119925 ], [ -80.862585142914341, 35.214436567832365 ], [ -80.862581137703813, 35.21444466929907 ], [ -80.862576195294437, 35.214452414357915 ], [ -80.862570362149668, 35.214459730197312 ], [ -80.862563693106907, 35.214466548040818 ], [ -80.862556250861871, 35.214472803793612 ], [ -80.862548105379247, 35.214478438645109 ], [ -80.862539333234935, 35.214483399621855 ], [ -80.862530016896116, 35.214487640085473 ], [ -80.862520243946079, 35.214491120171154 ], [ -80.862510106260729, 35.214493807162469 ], [ -80.862499699144919, 35.214495675798872 ], [ -80.862489120436408, 35.214496708513224 ], [ -80.862478469586193, 35.21449689559693 ], [ -80.862467846723462, 35.214496235291222 ], [ -80.862457351714227, 35.21449473380364 ], [ -80.862447083222619, 35.214492405249757 ], [ -80.862437137783203, 35.214489271520428 ], [ -80.862427608893483, 35.214485362075969 ], [ -80.862220888645211, 35.214390002006759 ], [ -80.862218882766427, 35.214389053734394 ], [ -80.861920782990481, 35.214244674008917 ], [ -80.861912817282089, 35.214240424498193 ], [ -80.861905328680976, 35.214235626125976 ], [ -80.860993803880817, 35.213597622479895 ] ] ] } },
{ "type": "Feature", "properties": { "centroid_id": 11, "tree_count": 18, "mean_dist_m": 30.454508849432727, "max_dist_m": 52.96768955944583, "center_x_m": 512600.0, "center_y_m": 3896500.0, "center_lon": -80.861563306396789, "center_lat": 35.211438709518276 }, "geometry": { "type": "Polygon", "coordinates": [ [ [ -80.861451274339444, 35.211027233887641 ], [ -80.861457003250166, 35.211019819531778 ], [ -80.861463583562681, 35.211012897563229 ], [ -80.861470952896269, 35.211006533601399 ], [ -80.861479041390439, 35.211000787975799 ], [ -80.861487772367198, 35.210995715154191 ], [ -80.861497063057953, 35.210991363226235 ], [ -80.861506825388162, 35.210987773447634 ], [ -80.861516966812218, 35.210984979848966 ], [ -80.861527391190819, 35.210983008913182 ], [ -80.861537999702279, 35.210981879324464 ], [ -80.861548691779404, 35.210981601791161 ], [ -80.861559366062835, 35.210982178944263 ], [ -80.861569921361834, 35.210983605312414 ], [ -80.861580257613682, 35.210985867373864 ], [ -80.861590276832089, 35.210988943684583 ], [ -80.861599884036266, 35.21099280508156 ], [ -80.861608988151147, 35.210997414959301 ], [ -80.861617502870871, 35.211002729616787 ], [ -80.861625347476945, 35.211008698671776 ], [ -80.861632447603355, 35.211015265538421 ], [ -80.862124762494759, 35.21151790277338 ], [ -80.862131063761026, 35.211525021279662 ], [ -80.862136489680353, 35.211532609917803 ], [ -80.862140988589914, 35.211540596433032 ], [ -80.862144517653277, 35.211548904782141 ], [ -80.862147043268379, 35.21155745585763 ], [ -80.862148541387356, 35.2115661682408 ], [ -80.862162232338349, 35.211688775952368 ], [ -80.862162689408379, 35.211697463741466 ], [ -80.862162124672111, 35.21170614726487 ], [ -80.862160543381378, 35.211714745763999 ], [ -80.862157960242214, 35.211723179270919 ], [ -80.862154399278083, 35.211731369352158 ], [ -80.862149893606443, 35.211739239838153 ], [ -80.862144485130798, 35.211746717531632 ], [ -80.862138224150939, 35.211753732888319 ], [ -80.862131168895232, 35.211760220663791 ], [ -80.862123384978986, 35.211766120520252 ], [ -80.862114944794342, 35.211771377587624 ], [ -80.862105926836833, 35.211775942973979 ], [ -80.862096414975568, 35.211779774220105 ], [ -80.862086497673076, 35.211782835694521 ], [ -80.862076267162578, 35.211785098924764 ], [ -80.862065818590281, 35.211786542862249 ], [ -80.862055249130435, 35.211787154078038 ], [ -80.86127856905793, 35.211801246271918 ], [ -80.861273375991829, 35.21180123973275 ], [ -80.861119238488811, 35.211798055036347 ], [ -80.861108631540333, 35.211797413258523 ], [ -80.861098149898737, 35.211795932796655 ], [ -80.861087891784493, 35.211793627523747 ], [ -80.861077953323402, 35.211790519041827 ], [ -80.861068427645876, 35.211786636479594 ], [ -80.861059404014256, 35.211782016219431 ], [ -80.861050966986269, 35.211776701556424 ], [ -80.861043195622713, 35.211770742292757 ], [ -80.861036162746601, 35.211764194270927 ], [ -80.861029934260728, 35.211757118850493 ], [ -80.861024568530198, 35.211749582333113 ], [ -80.861020115835387, 35.211741655341235 ], [ -80.861016617900873, 35.211733412156292 ], [ -80.861014107504431, 35.211724930022633 ], [ -80.861012608169929, 35.211716288423709 ], [ -80.861012133946815, 35.211707568337239 ], [ -80.861012689278553, 35.211698851476413 ], [ -80.861014268960986, 35.211690219524172 ], [ -80.861016858191093, 35.211681753367756 ], [ -80.861020432705715, 35.211673532340761 ], [ -80.861024959008986, 35.211665633479775 ], [ -80.861229311269383, 35.211349696983007 ], [ -80.861229956261298, 35.211348714524924 ], [ -80.861258556300967, 35.21130578890034 ], [ -80.861259415059195, 35.211304524221056 ], [ -80.861451274339444, 35.211027233887641 ] ] ] } },
{ "type": "Feature", "properties": { "centroid_id": 12, "tree_count": 14, "mean_dist_m": 29.171277020896941, "max_dist_m": 48.825669710119243, "center_x_m": 512675.0, "center_y_m": 3896575.0, "center_lon": -80.860738125767966, "center_lat": 35.212114046996064 }, "geometry": { "type": "Polygon", "coordinates": [ [ [ -80.86106521013626, 35.211694723254674 ], [ -80.861076026917502, 35.211694254026305 ], [ -80.861086847429746, 35.211694661211851 ], [ -80.861097566503091, 35.211695940853673 ], [ -80.861108079953553, 35.211698080514296 ], [ -80.861118285595651, 35.211701059397321 ], [ -80.861128084235702, 35.211704848549481 ], [ -80.861137380635739, 35.211709411142138 ], [ -80.861146084439355, 35.211714702829155 ], [ -80.861154111049757, 35.211720672177989 ], [ -80.861161382452167, 35.21172726116955 ], [ -80.861167827971954, 35.211734405762087 ], [ -80.861173384961589, 35.211742036513655 ], [ -80.861242518378134, 35.211848566255583 ], [ -80.861246935289273, 35.21185621803297 ], [ -80.86125045822817, 35.211864176083267 ], [ -80.861253056132583, 35.211872370239867 ], [ -80.861254706096318, 35.211880728254314 ], [ -80.861255393571255, 35.211889176433466 ], [ -80.861255112495598, 35.211897640289116 ], [ -80.861253865347294, 35.211906045194816 ], [ -80.861251663122232, 35.211914317043885 ], [ -80.861248525237343, 35.21192238290277 ], [ -80.861244479359328, 35.211930171654132 ], [ -80.861194364280479, 35.212015326885712 ], [ -80.861189599524664, 35.212022560957514 ], [ -80.861118865364716, 35.212119146889172 ], [ -80.861112741823689, 35.212126633298645 ], [ -80.861105737868797, 35.212133580365418 ], [ -80.861097923534871, 35.212139918623308 ], [ -80.86108937696001, 35.212145584693857 ], [ -80.861080183604315, 35.212150521919973 ], [ -80.861070435395334, 35.212154680932592 ], [ -80.860766206839614, 35.21226900319737 ], [ -80.860756492722146, 35.212272203448293 ], [ -80.860746451608563, 35.212274630503508 ], [ -80.860736174637921, 35.212276262333589 ], [ -80.860725755090073, 35.212277084127123 ], [ -80.860715287539023, 35.212277088424983 ], [ -80.860704866994467, 35.212276275188188 ], [ -80.860694588039465, 35.212274651798154 ], [ -80.860684543971871, 35.212272232989719 ], [ -80.860674825957574, 35.212269040717445 ], [ -80.860665522202993, 35.212265103956248 ], [ -80.860214643654317, 35.212051418335761 ], [ -80.860205372675011, 35.212046498835406 ], [ -80.86019675005474, 35.212040840600622 ], [ -80.860188862852638, 35.21203450076041 ], [ -80.860181790702583, 35.212027543325711 ], [ -80.86017560500909, 35.212020038543017 ], [ -80.860170368226463, 35.212012062185174 ], [ -80.860166133228091, 35.21200369478634 ], [ -80.860162942772803, 35.211995020828823 ], [ -80.86016082907301, 35.211986127890079 ], [ -80.860159813469494, 35.211977105758528 ], [ -80.860159906216055, 35.211968045526973 ], [ -80.860161106375912, 35.211959038672845 ], [ -80.860163401831159, 35.211950176134614 ], [ -80.860203691369662, 35.211825734489665 ], [ -80.860207067597472, 35.211817086878135 ], [ -80.860211486473418, 35.211808761803852 ], [ -80.860216903183129, 35.21180084369562 ], [ -80.860223262792715, 35.211793412855009 ], [ -80.86023050080594, 35.211786544641924 ], [ -80.860238543818255, 35.21178030871036 ], [ -80.8602473102613, 35.211774768301979 ], [ -80.860256711230051, 35.211769979604867 ], [ -80.860266651384592, 35.211765991183519 ], [ -80.860277029916787, 35.211762843486532 ], [ -80.860287741572819, 35.211760568436212 ], [ -80.860298677720507, 35.21175918910501 ], [ -80.86106521013626, 35.211694723254674 ] ] ] } },
{ "type": "Feature", "properties": { "centroid_id": 13, "tree_count": 39, "mean_dist_m": 54.404640431496716, "max_dist_m": 123.86320900600431, "center_x_m": 512675.0, "center_y_m": 3897050.0, "center_lon": -80.860730810816108, "center_lat": 35.216397167426024 }, "geometry": { "type": "Polygon", "coordinates": [ [ [ -80.859508598325817, 35.215807682881874 ], [ -80.859517046064511, 35.215801460531161 ], [ -80.859526230986276, 35.215795986651926 ], [ -80.859536055060289, 35.215791319666906 ], [ -80.859546413434174, 35.215787509386807 ], [ -80.859557195552966, 35.215784596478734 ], [ -80.859568286339154, 35.215782612032143 ], [ -80.859579567420809, 35.215781577227041 ], [ -80.859590918395071, 35.215781503107856 ], [ -80.859602218113011, 35.215782390465669 ], [ -80.861057727436432, 35.215959340663751 ], [ -80.861067887567572, 35.215960980578629 ], [ -80.861077814471756, 35.215963398114077 ], [ -80.861087419986035, 35.215966571799449 ], [ -80.861096618801767, 35.215970473448579 ], [ -80.861105329222255, 35.215975068410089 ], [ -80.861113473888324, 35.215980315875164 ], [ -80.86112098046533, 35.215986169239912 ], [ -80.861127782285578, 35.215992576519355 ], [ -80.861133818940445, 35.215999480809039 ], [ -80.86113903681688, 35.216006820790426 ], [ -80.861143389573527, 35.216014531275512 ], [ -80.861146838552301, 35.216022543785755 ], [ -80.861367708846529, 35.216624603843741 ], [ -80.861367925736246, 35.216625202552827 ], [ -80.861428276105727, 35.216793932472214 ], [ -80.861430755756118, 35.216802337556267 ], [ -80.861432242869753, 35.216810898922276 ], [ -80.861432723768004, 35.216819537823696 ], [ -80.861432194027287, 35.216828174800831 ], [ -80.861430658519822, 35.216836730411615 ], [ -80.861428131368726, 35.216845125962379 ], [ -80.861424635818182, 35.216853284231661 ], [ -80.861420204019666, 35.216861130180433 ], [ -80.861414876736191, 35.216868591642381 ], [ -80.861408702967438, 35.21687559998761 ], [ -80.861401739498959, 35.21688209075397 ], [ -80.861394050380028, 35.216888004239905 ], [ -80.86138570633436, 35.216893286053661 ], [ -80.861376784109737, 35.216897887613534 ], [ -80.861367365771997, 35.216901766594731 ], [ -80.861357537950255, 35.216904887318655 ], [ -80.861347391040027, 35.216907221081151 ], [ -80.861337018371856, 35.216908746416422 ], [ -80.860474686936797, 35.217000786123464 ], [ -80.860463761612522, 35.217001499834275 ], [ -80.860452803997518, 35.217001316796598 ], [ -80.860441923112816, 35.21700023883151 ], [ -80.860431227216026, 35.216998276664071 ], [ -80.860420822724222, 35.216995449816537 ], [ -80.86041081315517, 35.216991786414148 ], [ -80.860401298097386, 35.216987322905382 ], [ -80.860392372219309, 35.216982103699145 ], [ -80.860384124327297, 35.216976180723059 ], [ -80.860376636482243, 35.216969612906794 ], [ -80.85939494635015, 35.216017482083487 ], [ -80.859388321890009, 35.216010368918312 ], [ -80.859382589598496, 35.216002751715735 ], [ -80.859377805983172, 35.215994705564633 ], [ -80.859374018199674, 35.215986309782366 ], [ -80.859371263586851, 35.215977647132817 ], [ -80.859369569298821, 35.215968803010611 ], [ -80.859368952037158, 35.21595986459927 ], [ -80.859369417886313, 35.215950920011736 ], [ -80.859370962253735, 35.215942057421806 ], [ -80.859373569915022, 35.215933364194974 ], [ -80.859377215164102, 35.215924926027121 ], [ -80.859381862066599, 35.215916826099821 ], [ -80.859387464814134, 35.215909144260287 ], [ -80.859393968175851, 35.21590195623434 ], [ -80.859401308042905, 35.215895332879846 ], [ -80.859508598325817, 35.215807682881874 ] ] ] } },
{ "type": "Feature", "properties": { "centroid_id": 14, "tree_count": 21, "mean_dist_m": 56.466326647005026, "max_dist_m": 107.82284113115077, "center_x_m": 512700.0, "center_y_m": 3896100.0, "center_lon": -80.860470776073058, "center_lat": 35.20783060733347 }, "geometry": { "type": "Polygon", "coordinates": [ [ [ -80.86065212073234, 35.207035512849508 ], [ -80.860660790582287, 35.207030478947999 ], [ -80.860670012103512, 35.207026155602968 ], [ -80.860679699130301, 35.207022583211675 ], [ -80.860689761147299, 35.207019795154402 ], [ -80.86070010413529, 35.207017817482694 ], [ -80.860710631449706, 35.207016668675855 ], [ -80.860721244723621, 35.207016359468312 ], [ -80.86073184478694, 35.207016892749273 ], [ -80.860742332592991, 35.207018263535808 ], [ -80.860752610144061, 35.20702045901929 ], [ -80.860762581406973, 35.2070234586852 ], [ -80.860772153210533, 35.207027234504771 ], [ -80.860781236115983, 35.207031751196844 ], [ -80.860789745252845, 35.207036966557531 ], [ -80.860797601111784, 35.207042831854658 ], [ -80.860804730287754, 35.207049292283038 ], [ -80.860811066165667, 35.207056287476561 ], [ -80.860816549542989, 35.207063752072244 ], [ -80.860821129182895, 35.207071616321038 ], [ -80.860824762293035, 35.207079806739522 ], [ -80.860827414925382, 35.207088246796481 ], [ -80.860829062293419, 35.207096857628123 ], [ -80.86082968900385, 35.20710555877487 ], [ -80.860829289200382, 35.207114268933232 ], [ -80.860827866618436, 35.207122906715469 ], [ -80.860825434550307, 35.207131391410122 ], [ -80.860245913365006, 35.208789128635914 ], [ -80.860242470173958, 35.208797431260642 ], [ -80.860238060502226, 35.208805420076843 ], [ -80.860232726066059, 35.208813019508412 ], [ -80.86022651733029, 35.208820157662863 ], [ -80.86021949303084, 35.208826767011558 ], [ -80.860211719619144, 35.208832785028406 ], [ -80.860203270633406, 35.208838154781482 ], [ -80.860194226003074, 35.208842825471564 ], [ -80.860184671292529, 35.208846752912741 ], [ -80.860174696891676, 35.208849899950451 ], [ -80.860164397160872, 35.208852236812895 ], [ -80.860153869538181, 35.208853741392765 ], [ -80.86014321361759, 35.208854399456342 ], [ -80.860132530206869, 35.208854204778177 ], [ -80.860121920373828, 35.208853159199997 ], [ -80.860111484490204, 35.208851272613209 ], [ -80.86010132128213, 35.208848562865434 ], [ -80.860091526896113, 35.208845055591574 ], [ -80.860082193989456, 35.208840783971311 ], [ -80.860073410853801, 35.208835788415279 ], [ -80.860065260579674, 35.208830116182696 ], [ -80.860057820270569, 35.208823820934271 ], [ -80.860051160313489, 35.208816962224624 ], [ -80.859543937978643, 35.208239019554249 ], [ -80.859537849955515, 35.208231277035644 ], [ -80.859532756510532, 35.208223064988651 ], [ -80.85952871083623, 35.208214469174884 ], [ -80.85952575518283, 35.208205579363749 ], [ -80.859523920416962, 35.208196488394975 ], [ -80.859523225699419, 35.208187291208972 ], [ -80.859523678285015, 35.208178083855458 ], [ -80.859525273446849, 35.20816896249022 ], [ -80.859527994525678, 35.208160022371089 ], [ -80.859531813103914, 35.208151356862984 ], [ -80.859536689302416, 35.208143056462937 ], [ -80.859981285466134, 35.207475727441384 ], [ -80.859987128190141, 35.207467926656875 ], [ -80.859993904721989, 35.207460652436907 ], [ -80.860001545179614, 35.207453979795694 ], [ -80.860009970771927, 35.207447977543666 ], [ -80.86065212073234, 35.207035512849508 ] ] ] } },
{ "type": "Feature", "properties": { "centroid_id": 15, "tree_count": 12, "mean_dist_m": 35.371113836391345, "max_dist_m": 64.39778190478691, "center_x_m": 512700.0, "center_y_m": 3896400.0, "center_lon": -80.860466148147552, "center_lat": 35.210535738266287 }, "geometry": { "type": "Polygon", "coordinates": [ [ [ -80.860554358336884, 35.210415340248161 ], [ -80.860560961499317, 35.210407922977005 ], [ -80.860568449896491, 35.21040109556855 ], [ -80.860576745810789, 35.210394928880177 ], [ -80.860585763143959, 35.210389486912099 ], [ -80.860595408310687, 35.210384826143056 ], [ -80.860605581209768, 35.210380994944209 ], [ -80.860616176263093, 35.21037803307717 ], [ -80.860627083511304, 35.210375971281238 ], [ -80.860638189754994, 35.2103748309545 ], [ -80.860649379729537, 35.210374623931685 ], [ -80.860660537301328, 35.210375352361346 ], [ -80.860671546673046, 35.210377008683579 ], [ -80.860918675789733, 35.210424981303298 ], [ -80.860929663675563, 35.210427617224639 ], [ -80.860940257729524, 35.210431177173859 ], [ -80.860950342939077, 35.210435622502963 ], [ -80.860959809815753, 35.210440904952044 ], [ -80.860968555583952, 35.210446967173077 ], [ -80.86116149018261, 35.210595506492119 ], [ -80.86116910799764, 35.210601987968147 ], [ -80.861175900094835, 35.210609060735841 ], [ -80.861181798729092, 35.210616654250877 ], [ -80.861186745066732, 35.210624692774957 ], [ -80.8611906897723, 35.210633096131225 ], [ -80.861193593500658, 35.210641780503877 ], [ -80.861195427289445, 35.210650659274286 ], [ -80.86119617284794, 35.210659643884767 ], [ -80.861195822739504, 35.210668644721999 ], [ -80.861194380455785, 35.210677572010788 ], [ -80.861191860381922, 35.210686336709472 ], [ -80.861188287653036, 35.210694851398074 ], [ -80.861183697903598, 35.210703031150167 ], [ -80.861178136911931, 35.210710794380041 ], [ -80.861171660143754, 35.21071806365638 ], [ -80.861164332198811, 35.210724766474613 ], [ -80.861156226166699, 35.210730835980037 ], [ -80.861147422897773, 35.210736211634703 ], [ -80.861138010196768, 35.210740839821177 ], [ -80.860220586688229, 35.211142258207921 ], [ -80.860210872760732, 35.211146020160683 ], [ -80.860200757667329, 35.211148985677269 ], [ -80.860190338082731, 35.211151126414826 ], [ -80.860179713591791, 35.211152421913297 ], [ -80.860168985737843, 35.211152859791042 ], [ -80.860158257052063, 35.211152435863013 ], [ -80.86014763007357, 35.211151154180918 ], [ -80.860137206369473, 35.21114902699437 ], [ -80.860127085564017, 35.211146074633938 ], [ -80.860117364386497, 35.211142325316672 ], [ -80.860108135746714, 35.211137814876622 ], [ -80.860099487847037, 35.211132586422167 ], [ -80.86009150333939, 35.211126689924079 ], [ -80.860084258535281, 35.211120181737954 ], [ -80.860077822676473, 35.211113124065541 ], [ -80.860072257273231, 35.21110558436029 ], [ -80.8600676155164, 35.211097634682609 ], [ -80.860063941769155, 35.211089351011218 ], [ -80.860061271142811, 35.211080812516904 ], [ -80.860059629161455, 35.211072100805929 ], [ -80.860059031517892, 35.211063299140001 ], [ -80.860059483923763, 35.21105449164056 ], [ -80.860060982054833, 35.21104576248478 ], [ -80.860063511592529, 35.211037195101035 ], [ -80.860067048360591, 35.211028871371539 ], [ -80.860071558556342, 35.211020870849772 ], [ -80.86007699907357, 35.211013270000166 ], [ -80.860554358336884, 35.210415340248161 ] ] ] } },
{ "type": "Feature", "properties": { "centroid_id": 16, "tree_count": 26, "mean_dist_m": 39.175280870093054, "max_dist_m": 73.343752153604015, "center_x_m": 512725.0, "center_y_m": 3896700.0, "center_lon": -80.860186838284733, "center_lat": 35.213240551106132 }, "geometry": { "type": "Polygon", "coordinates": [ [ [ -80.85959767733091, 35.212916040833605 ], [ -80.859597852909403, 35.212907026314824 ], [ -80.859599124468588, 35.212898071243529 ], [ -80.859601479296558, 35.212889265141854 ], [ -80.859604893852207, 35.212880696042731 ], [ -80.859609334000552, 35.212872449609769 ], [ -80.859614755354031, 35.212864608280924 ], [ -80.859621103716137, 35.212857250444387 ], [ -80.859628315623397, 35.212850449654958 ], [ -80.859636318979639, 35.212844273898739 ], [ -80.859645033776815, 35.212838784913458 ], [ -80.859654372894767, 35.212834037571355 ], [ -80.859664242972258, 35.212830079330629 ], [ -80.859674545340155, 35.212826949760917 ], [ -80.859685177007847, 35.212824680147897 ], [ -80.859696031692849, 35.212823293180378 ], [ -80.859707000883219, 35.212822802723586 ], [ -80.859717974922347, 35.212823213680515 ], [ -80.859728844105135, 35.212824521942892 ], [ -80.859739499774719, 35.212826714432346 ], [ -80.859749835408678, 35.212829769230993 ], [ -80.859759747683839, 35.212833655800694 ], [ -80.859852169200181, 35.212874671384192 ], [ -80.859853155667267, 35.212875114535734 ], [ -80.860691525391331, 35.213256320618754 ], [ -80.860691851167758, 35.213256469340578 ], [ -80.860994439149707, 35.213395156827382 ], [ -80.861003409443285, 35.213399746210584 ], [ -80.861011800839606, 35.213405021795396 ], [ -80.861019535668504, 35.213410934751415 ], [ -80.861026542336845, 35.213417430348819 ], [ -80.861032755991275, 35.21342444846487 ], [ -80.861038119118476, 35.213431924140409 ], [ -80.861042582077516, 35.213439788181134 ], [ -80.861046103559289, 35.213447967798061 ], [ -80.861048650968897, 35.213456387281191 ], [ -80.861050200727405, 35.213464968700357 ], [ -80.861050738490007, 35.21347363262646 ], [ -80.861050259278898, 35.213482298866751 ], [ -80.861048767529297, 35.213490887206973 ], [ -80.861046277048445, 35.213499318153957 ], [ -80.86104281088781, 35.213507513671246 ], [ -80.86103840112969, 35.213515397901539 ], [ -80.861033088590361, 35.213522897868785 ], [ -80.861026922442221, 35.213529944153578 ], [ -80.861019959758664, 35.213536471535825 ], [ -80.86101226498586, 35.213542419598312 ], [ -80.861003909346152, 35.213547733285978 ], [ -80.860994970178979, 35.213552363415538 ], [ -80.860985530224866, 35.213556267130649 ], [ -80.860975676859667, 35.213559408298664 ], [ -80.85988363413334, 35.21385877381941 ], [ -80.859873812472671, 35.213861055933108 ], [ -80.85986377513251, 35.21386258015486 ], [ -80.859853608747599, 35.213863333328774 ], [ -80.859843401066556, 35.213863308953961 ], [ -80.859833240194362, 35.21386250724084 ], [ -80.859823213832044, 35.213860935109224 ], [ -80.859813408519599, 35.213858606128518 ], [ -80.859803908889063, 35.213855540400772 ], [ -80.859696620444836, 35.21381610039473 ], [ -80.859686698813164, 35.213811945397758 ], [ -80.859677340769764, 35.213806987343553 ], [ -80.859668642491783, 35.213801277188544 ], [ -80.859660693375659, 35.213794873618809 ], [ -80.859653575118188, 35.213787842447033 ], [ -80.859647360877048, 35.213780255936072 ], [ -80.859642114518735, 35.21377219205619 ], [ -80.859637889962386, 35.213763733683827 ], [ -80.859634730625487, 35.213754967749814 ], [ -80.859632668977724, 35.21374598434587 ], [ -80.859631726207255, 35.213736875798723 ], [ -80.85959767733091, 35.212916040833605 ] ] ] } },
{ "type": "Feature", "properties": { "centroid_id": 17, "tree_count": 34, "mean_dist_m": 71.876419970014595, "max_dist_m": 127.32903909812714, "center_x_m": 512725.0, "center_y_m": 3896850.0, "center_lon": -80.860184519226294, "center_lat": 35.214593115496626 }, "geometry": { "type": "Polygon", "coordinates": [ [ [ -80.860275408426503, 35.214383468745197 ], [ -80.86028590233596, 35.214382372075477 ], [ -80.860296476116673, 35.214382108696057 ], [ -80.860307031752427, 35.214382681048434 ], [ -80.860317471395135, 35.214384083827049 ], [ -80.860327698271988, 35.214386304028466 ], [ -80.86033761758236, 35.214389321072012 ], [ -80.860347137376735, 35.214393106990464 ], [ -80.860356169408973, 35.214397626689276 ], [ -80.860364629954276, 35.21440283827198 ], [ -80.861378697898786, 35.215092540160164 ], [ -80.861386799955127, 35.215098636618841 ], [ -80.861394119217067, 35.215105366928952 ], [ -80.861400582429667, 35.215112663730238 ], [ -80.861406124905713, 35.215120453992782 ], [ -80.861410691173035, 35.215128659747769 ], [ -80.861414235529949, 35.215137198867929 ], [ -80.861416722502383, 35.215145985889485 ], [ -80.861418127199144, 35.215154932867549 ], [ -80.861418435560935, 35.215163950256212 ], [ -80.861417644501188, 35.215172947804874 ], [ -80.861415761936868, 35.215181835461479 ], [ -80.861371362344727, 35.215343145926262 ], [ -80.861368456914263, 35.215351712017082 ], [ -80.861364537573635, 35.215360001621868 ], [ -80.86135964243384, 35.215367934133262 ], [ -80.861353819094518, 35.215375432416181 ], [ -80.861347124181094, 35.215382423557976 ], [ -80.861339622794134, 35.215388839577379 ], [ -80.861331387876348, 35.215394618085497 ], [ -80.861322499503288, 35.21539970289259 ], [ -80.861313044104691, 35.215404044554361 ], [ -80.861303113624118, 35.215407600852842 ], [ -80.861292804624739, 35.215410337206833 ], [ -80.861282217350521, 35.215412227008194 ], [ -80.861271454751346, 35.21541325188069 ], [ -80.861260621482003, 35.215413401858484 ], [ -80.861249822884403, 35.215412675483229 ], [ -80.861239163963361, 35.215411079818146 ], [ -80.861228748365477, 35.215408630379358 ], [ -80.861218677371255, 35.215405350985058 ], [ -80.861103793355241, 35.215362446923841 ], [ -80.861099018806243, 35.215360548345501 ], [ -80.859719563282169, 35.214777843427541 ], [ -80.859710301582908, 35.214773450398745 ], [ -80.859701604324798, 35.214768339055411 ], [ -80.859693553948262, 35.214762557847521 ], [ -80.859686226761866, 35.214756161574542 ], [ -80.859679692219203, 35.214749210866209 ], [ -80.859674012260285, 35.214741771607542 ], [ -80.859669240724699, 35.21473391431455 ], [ -80.859665422841019, 35.214725713465739 ], [ -80.859662594798294, 35.21471724679602 ], [ -80.85966078340293, 35.214708594560079 ], [ -80.859660005824594, 35.214699838771502 ], [ -80.859660269433533, 35.214691062425381 ], [ -80.859661571730712, 35.21468234871169 ], [ -80.859663900371473, 35.21467378022664 ], [ -80.859667233282579, 35.214665438189883 ], [ -80.85967153887151, 35.214657401674486 ], [ -80.859771153948884, 35.214493607297577 ], [ -80.859776153145091, 35.214486265519604 ], [ -80.859781964092932, 35.214479337924153 ], [ -80.859788536240004, 35.21447288477772 ], [ -80.85979581241196, 35.214466962219191 ], [ -80.859803729309775, 35.21446162177174 ], [ -80.859812218060597, 35.214456909894395 ], [ -80.859821204816697, 35.214452867577968 ], [ -80.859830611398053, 35.214449529988464 ], [ -80.859840355972395, 35.214446926161095 ], [ -80.859850353767172, 35.214445078747794 ], [ -80.860275408426503, 35.214383468745197 ] ] ] } },
{ "type": "Feature", "properties": { "centroid_id": 18, "tree_count": 25, "mean_dist_m": 46.962707713543004, "max_dist_m": 107.70713130944218, "center_x_m": 512750.0, "center_y_m": 3896325.0, "center_lon": -80.859917965327426, "center_lat": 35.209858821339665 }, "geometry": { "type": "Polygon", "coordinates": [ [ [ -80.860043947075454, 35.208828938788606 ], [ -80.860052676003548, 35.208823991693947 ], [ -80.860061945548907, 35.20881975856193 ], [ -80.860071669297966, 35.208816278855068 ], [ -80.860081756603051, 35.208813585012223 ], [ -80.860092113427271, 35.208811702146193 ], [ -80.860102643221268, 35.208810647809607 ], [ -80.860113247823179, 35.208810431831303 ], [ -80.860123828373844, 35.20881105622469 ], [ -80.86013428623825, 35.208812515169001 ], [ -80.860144523925086, 35.208814795063525 ], [ -80.860154445995619, 35.2088178746544 ], [ -80.860163959953326, 35.208821725232788 ], [ -80.860172977106217, 35.20882631090246 ], [ -80.860181413393633, 35.208831588914428 ], [ -80.860189190169834, 35.208837510065464 ], [ -80.860196234937234, 35.208844019156835 ], [ -80.860202482022174, 35.208851055508816 ], [ -80.860207873187221, 35.208858553526383 ], [ -80.86021235817401, 35.208866443310683 ], [ -80.860215895171848, 35.208874651310701 ], [ -80.86021845120743, 35.208883101008908 ], [ -80.860220002452294, 35.208891713634515 ], [ -80.860220534444906, 35.208900408897883 ], [ -80.860223409977365, 35.210157818281367 ], [ -80.860222872404222, 35.210166898197834 ], [ -80.860221223622915, 35.210175887548544 ], [ -80.860218480390813, 35.210184694968177 ], [ -80.860214670589073, 35.210193230940391 ], [ -80.860209832939233, 35.210201408707782 ], [ -80.860204016609586, 35.210209145153634 ], [ -80.860197280715596, 35.210216361646644 ], [ -80.860189693718965, 35.210222984840208 ], [ -80.860181332731855, 35.210228947417811 ], [ -80.860172282733132, 35.210234188777292 ], [ -80.86016263570464, 35.210238655646741 ], [ -80.860152489696375, 35.210242302625986 ], [ -80.860141947829874, 35.210245092647995 ], [ -80.859460253061556, 35.210394833377464 ], [ -80.859449974484662, 35.210396663420646 ], [ -80.859439529790677, 35.210397678450647 ], [ -80.859429014696119, 35.210397869165625 ], [ -80.859418525562617, 35.210397233817829 ], [ -80.859408158513901, 35.210395778229675 ], [ -80.859398008554933, 35.21039351574035 ], [ -80.859388168701159, 35.210390467083577 ], [ -80.859378729126178, 35.210386660197663 ], [ -80.85936977633537, 35.210382129969332 ], [ -80.859361392373089, 35.210376917914189 ], [ -80.859353654070873, 35.210371071796104 ], [ -80.859219092586216, 35.210259185881988 ], [ -80.859211982439021, 35.210252669962372 ], [ -80.859205674983002, 35.210245619305581 ], [ -80.859200229569879, 35.210238100256937 ], [ -80.859195697439674, 35.21023018356923 ], [ -80.859192121238578, 35.210221943736897 ], [ -80.859189534617627, 35.210213458295136 ], [ -80.859187961916064, 35.210204807090186 ], [ -80.85918741793239, 35.210196071528131 ], [ -80.859185436454453, 35.209556454858898 ], [ -80.859186063603005, 35.209546602062495 ], [ -80.859187998577568, 35.209536864479297 ], [ -80.859234404293602, 35.209363620594196 ], [ -80.859237304066525, 35.209354903614042 ], [ -80.859241252275083, 35.209346468593473 ], [ -80.859246209271092, 35.209338400236867 ], [ -80.8592521252762, 35.209330779566493 ], [ -80.859258940881745, 35.209323683108977 ], [ -80.859266587645365, 35.209317182126789 ], [ -80.859274988778282, 35.209311341902605 ], [ -80.860043947075454, 35.208828938788606 ] ] ] } },
{ "type": "Feature", "properties": { "centroid_id": 19, "tree_count": 20, "mean_dist_m": 51.914706964692186, "max_dist_m": 89.199488507087011, "center_x_m": 512750.0, "center_y_m": 3897150.0, "center_lon": -80.859905185660509, "center_lat": 35.217297925816844 }, "geometry": { "type": "Polygon", "coordinates": [ [ [ -80.859107015755839, 35.216692637360651 ], [ -80.859112728919825, 35.216685240968225 ], [ -80.85911928941357, 35.216678334258262 ], [ -80.859126635359175, 35.216671982373889 ], [ -80.85913469747058, 35.216666245225198 ], [ -80.859143399706923, 35.216661176924156 ], [ -80.859152659989874, 35.216656825274242 ], [ -80.859162390977716, 35.21665323131959 ], [ -80.85917250088913, 35.216650428957855 ], [ -80.859182894368914, 35.216648444620496 ], [ -80.859193473387307, 35.216647297023485 ], [ -80.859204138164586, 35.216646996990782 ], [ -80.859214788112155, 35.216647547352281 ], [ -80.859225322781327, 35.216648942917018 ], [ -80.860455111583605, 35.216862592226626 ], [ -80.860465417429836, 35.216864816038033 ], [ -80.860475412316305, 35.216867848651177 ], [ -80.860485002236061, 35.216871661542804 ], [ -80.86049409699109, 35.216876218850786 ], [ -80.860502611040587, 35.216881477711354 ], [ -80.86051046430552, 35.2168873886623 ], [ -80.860517582921801, 35.216893896108125 ], [ -80.860523899935089, 35.216900938843018 ], [ -80.860529355930424, 35.21690845062647 ], [ -80.860533899591175, 35.21691636080633 ], [ -80.860537488181564, 35.216924594983311 ], [ -80.860540087948777, 35.216933075710699 ], [ -80.860541674440356, 35.216941723222867 ], [ -80.860542232734176, 35.216950456185444 ], [ -80.860541757578858, 35.21695919246033 ], [ -80.860540253443162, 35.216967849878252 ], [ -80.860387365340316, 35.217619760599995 ], [ -80.860384761715636, 35.217628491705867 ], [ -80.860381111755416, 35.21763696670245 ], [ -80.860376451729778, 35.217645101371986 ], [ -80.860370827946056, 35.217652814878505 ], [ -80.860364296288779, 35.217660030571174 ], [ -80.860356921664206, 35.217666676746163 ], [ -80.860348777355426, 35.217672687358892 ], [ -80.860339944294097, 35.217678002680593 ], [ -80.860330510256205, 35.217682569891714 ], [ -80.859882579274768, 35.217875399601951 ], [ -80.859872163448003, 35.217879329293204 ], [ -80.8598613053897, 35.217882347020186 ], [ -80.859850123291238, 35.21788441993457 ], [ -80.85969456308959, 35.217906330194012 ], [ -80.859683821792487, 35.217907399492638 ], [ -80.85967300441888, 35.217907596650754 ], [ -80.859662215863196, 35.217906919756537 ], [ -80.859651560740389, 35.217905375373739 ], [ -80.859641142371501, 35.217902978477987 ], [ -80.859631061781826, 35.21789975231161 ], [ -80.859621416721197, 35.21789572815824 ], [ -80.859612300716194, 35.21789094503945 ], [ -80.859603802163136, 35.217885449336379 ], [ -80.859596003470998, 35.21787929433998 ], [ -80.859588980262259, 35.21787253973423 ], [ -80.8595828006396, 35.217865251017422 ], [ -80.858944431064543, 35.217027090132632 ], [ -80.858939272109296, 35.21701953119009 ], [ -80.858935020952288, 35.217011600826567 ], [ -80.858931716838967, 35.217003372253465 ], [ -80.858929390271911, 35.216994921435074 ], [ -80.858928062729106, 35.216986326387484 ], [ -80.858927746465852, 35.216977666458199 ], [ -80.858928444401485, 35.216969021593648 ], [ -80.85893015009249, 35.216960471601219 ], [ -80.858932847792019, 35.216952095412395 ], [ -80.858936512595292, 35.216943970354144 ], [ -80.85894111066942, 35.216936171435023 ], [ -80.859001460660593, 35.216845232037812 ], [ -80.859002405829884, 35.216843837319509 ], [ -80.859107015755839, 35.216692637360651 ] ] ] } },
{ "type": "Feature", "properties": { "centroid_id": 20, "tree_count": 5, "mean_dist_m": 20.303488184402696, "max_dist_m": 36.026649287502451, "center_x_m": 512775.0, "center_y_m": 3896025.0, "center_lon": -80.859647950504652, "center_lat": 35.207153372110689 }, "geometry": { "type": "Polygon", "coordinates": [ [ [ -80.85945168647433, 35.207152308844215 ], [ -80.85944439751303, 35.207145898715659 ], [ -80.859437901552312, 35.207138937861558 ], [ -80.859432260012966, 35.207131492098526 ], [ -80.859427526236928, 35.207123631828154 ], [ -80.859423744982962, 35.207115431371243 ], [ -80.859420952003461, 35.207106968265144 ], [ -80.859419173706399, 35.207098322530598 ], [ -80.859418426905719, 35.207089575915106 ], [ -80.859418718662241, 35.207080811119987 ], [ -80.859420046217025, 35.207072111018455 ], [ -80.859422397017383, 35.207063557871983 ], [ -80.859425748835648, 35.207055232552534 ], [ -80.859430069979311, 35.207047213777884 ], [ -80.85943531959073, 35.207039577367354 ], [ -80.859441448033422, 35.207032395524877 ], [ -80.85944839736139, 35.207025736156346 ], [ -80.859456101867053, 35.207019662227516 ], [ -80.859464488702514, 35.207014231168699 ], [ -80.859473478568304, 35.207009494331707 ], [ -80.859482986463306, 35.207005496504337 ], [ -80.859492922488286, 35.207002275486872 ], [ -80.859503192696067, 35.20699986173468 ], [ -80.859513699979658, 35.206998278070309 ], [ -80.859524344990547, 35.206997539467636 ], [ -80.859535027077953, 35.206997652910289 ], [ -80.859545645240587, 35.206998617325667 ], [ -80.859556099081487, 35.207000423594991 ], [ -80.859566289757453, 35.207003054639635 ], [ -80.85957612091353, 35.207006485582532 ], [ -80.859585499594019, 35.207010683983398 ], [ -80.859594337121479, 35.207015610145476 ], [ -80.85960254993509, 35.207021217490869 ], [ -80.859871547437976, 35.207223827255838 ], [ -80.859873298970342, 35.207225175749237 ], [ -80.859997617810265, 35.207323006131269 ], [ -80.860004919786064, 35.207329335979793 ], [ -80.860011442964662, 35.207336214927132 ], [ -80.860017126385827, 35.207343578688558 ], [ -80.860021916936915, 35.207351358448634 ], [ -80.860025769849287, 35.207359481504376 ], [ -80.860028649116586, 35.207367871944598 ], [ -80.860030527831327, 35.207376451359373 ], [ -80.860031388436326, 35.207385139572708 ], [ -80.86003122288875, 35.207393855391885 ], [ -80.860030032735338, 35.20740251736617 ], [ -80.860027829097959, 35.207411044547996 ], [ -80.860024632569662, 35.207419357249421 ], [ -80.860020473022232, 35.207427377786836 ], [ -80.860015389327089, 35.207435031206913 ], [ -80.860009428992015, 35.207442245987103 ], [ -80.860002647717167, 35.207448954704049 ], [ -80.8599951088746, 35.207455094663523 ], [ -80.859986882916004, 35.2074606084865 ], [ -80.85997804671436, 35.207465444645315 ], [ -80.859968682845505, 35.207469557945117 ], [ -80.859958878816499, 35.207472909946397 ], [ -80.859948726247794, 35.207475469324031 ], [ -80.859938320017065, 35.207477212160171 ], [ -80.859927757372489, 35.207478122167679 ], [ -80.859917137024013, 35.207478190842359 ], [ -80.859906558220814, 35.207477417542414 ], [ -80.859896119823844, 35.207475809494511 ], [ -80.85988591938191, 35.207473381726167 ], [ -80.859876052220059, 35.207470156925311 ], [ -80.859866610548735, 35.20746616522834 ], [ -80.859857682602069, 35.207461443938406 ], [ -80.859849351813281, 35.207456037176833 ], [ -80.859789392952095, 35.207413098772413 ], [ -80.859786778743356, 35.207411165264929 ], [ -80.859538162376623, 35.207221274927235 ], [ -80.859536427671003, 35.207219920728875 ], [ -80.85945168647433, 35.207152308844215 ] ] ] } },
{ "type": "Feature", "properties": { "centroid_id": 21, "tree_count": 17, "mean_dist_m": 37.994444287754746, "max_dist_m": 69.212658044769654, "center_x_m": 512775.0, "center_y_m": 3896525.0, "center_lon": -80.859640191659338, "center_lat": 35.211661923338987 }, "geometry": { "type": "Polygon", "coordinates": [ [ [ -80.859998391893129, 35.211104828583842 ], [ -80.860005110676056, 35.211097880379398 ], [ -80.860012628773632, 35.21109150758096 ], [ -80.860020873431779, 35.211085771859167 ], [ -80.860029764865402, 35.211080728719573 ], [ -80.860039217030533, 35.211076426965477 ], [ -80.860049138456901, 35.21107290822566 ], [ -80.860059433133202, 35.21107020655154 ], [ -80.860070001436171, 35.211068348087665 ], [ -80.860080741094606, 35.211067350818702 ], [ -80.860091548179099, 35.211067224395364 ], [ -80.860102318107749, 35.211067970041071 ], [ -80.860112946658248, 35.211069580540105 ], [ -80.860123330976378, 35.211072040307414 ], [ -80.86013337057139, 35.211075325539404 ], [ -80.860142968288415, 35.211079404444362 ], [ -80.860152031248731, 35.211084237550061 ], [ -80.860160471748443, 35.211089778085714 ], [ -80.860168208107311, 35.21109597243467 ], [ -80.860175165459069, 35.211102760653112 ], [ -80.860181276476055, 35.211110077050307 ], [ -80.860186482020652, 35.211117850824195 ], [ -80.860190731717609, 35.211126006746603 ], [ -80.860193984441537, 35.21113446589117 ], [ -80.860196208714953, 35.211143146397234 ], [ -80.860321518093045, 35.211788327031975 ], [ -80.860322676171535, 35.211796926190644 ], [ -80.860322824776802, 35.211805576854587 ], [ -80.860321962540525, 35.21181419938948 ], [ -80.860320097399779, 35.211822714419959 ], [ -80.86031724652392, 35.211831043560295 ], [ -80.860313436156645, 35.211839110135948 ], [ -80.860308701374265, 35.211846839889397 ], [ -80.860303085763007, 35.21185416166373 ], [ -80.860296641017612, 35.211861008057774 ], [ -80.860289426465542, 35.211867316046423 ], [ -80.860281508520842, 35.211873027560927 ], [ -80.860272960072749, 35.211878090023411 ], [ -80.86026385981468, 35.211882456830914 ], [ -80.86025429151988, 35.211886087784386 ], [ -80.859365506953054, 35.212181758082899 ], [ -80.859355478062454, 35.212184639326111 ], [ -80.859345156946191, 35.212186712037521 ], [ -80.859334640135685, 35.212187956831464 ], [ -80.85932402599272, 35.212188362065618 ], [ -80.859313413789408, 35.212187923949891 ], [ -80.85930290277966, 35.212186646581912 ], [ -80.859292591271014, 35.212184541908655 ], [ -80.859282575705066, 35.212181629614747 ], [ -80.859272949755464, 35.212177936938303 ], [ -80.859263803451839, 35.212173498416256 ], [ -80.859255222337737, 35.212168355561218 ], [ -80.859247286670552, 35.212162556473366 ], [ -80.859240070670893, 35.212156155390403 ], [ -80.859233641828425, 35.212149212180421 ], [ -80.859228060270596, 35.212141791781875 ], [ -80.859223378200369, 35.212133963596244 ], [ -80.859219639407939, 35.212125800838969 ], [ -80.859216878861162, 35.212117379854639 ], [ -80.859215122378558, 35.212108779402946 ], [ -80.859214386387791, 35.212100079922081 ], [ -80.85921467777213, 35.212091362776427 ], [ -80.859215993805961, 35.21208270949554 ], [ -80.859218322180411, 35.212074201011653 ], [ -80.859221641118395, 35.212065916902688 ], [ -80.859225919578336, 35.212057934648065 ], [ -80.859231117544525, 35.212050328903949 ], [ -80.859344472690026, 35.211901790027454 ], [ -80.859345734673624, 35.211900174800462 ], [ -80.859401965729248, 35.211829861750793 ], [ -80.859402117913064, 35.211829671976844 ], [ -80.85970675546983, 35.211450825405976 ], [ -80.85970784403635, 35.211449497447418 ], [ -80.859937737307789, 35.211174350372929 ], [ -80.859939033076756, 35.211172833187284 ], [ -80.859998391893129, 35.211104828583842 ] ] ] } },
{ "type": "Feature", "properties": { "centroid_id": 22, "tree_count": 46, "mean_dist_m": 43.941383139988268, "max_dist_m": 67.701614224586891, "center_x_m": 512800.0, "center_y_m": 3896825.0, "center_lon": -80.859360850420614, "center_lat": 35.21436673369638 }, "geometry": { "type": "Polygon", "coordinates": [ [ [ -80.859639139846877, 35.213758177659201 ], [ -80.859649399071728, 35.213756319252688 ], [ -80.85965982767685, 35.21375527350483 ], [ -80.859670330310465, 35.213755049977195 ], [ -80.859680810943985, 35.21375565071358 ], [ -80.859691173749937, 35.213757070221249 ], [ -80.859701323978186, 35.213759295521271 ], [ -80.859711168822244, 35.213762306267064 ], [ -80.859720618267801, 35.213766074930504 ], [ -80.859729585915758, 35.213770567053601 ], [ -80.859737989772185, 35.213775741563559 ], [ -80.859745752998066, 35.213781551148315 ], [ -80.859752804611759, 35.213787942689102 ], [ -80.859759080138062, 35.213794857746151 ], [ -80.859764522197779, 35.213802233093034 ], [ -80.859769081032269, 35.213810001294711 ], [ -80.859772714958467, 35.213818091324121 ], [ -80.859775390749945, 35.213826429211643 ], [ -80.859777083940855, 35.213834938721369 ], [ -80.859777779049494, 35.213843542048203 ], [ -80.859791340643454, 35.214448949379779 ], [ -80.8597905712749, 35.21446138628005 ], [ -80.859769039800568, 35.214608139394798 ], [ -80.859768345123626, 35.214612122982309 ], [ -80.859737425289495, 35.214765018955731 ], [ -80.859735268756197, 35.214773270635739 ], [ -80.859732181644844, 35.214781320715922 ], [ -80.859728190996947, 35.214789098680967 ], [ -80.859723331768691, 35.214796536399191 ], [ -80.859717646524629, 35.214803568719283 ], [ -80.859711185064924, 35.214810134041045 ], [ -80.859704003989123, 35.214816174854974 ], [ -80.859696166200337, 35.214821638246029 ], [ -80.859687740354275, 35.214826476357125 ], [ -80.859678800257797, 35.214830646808409 ], [ -80.859281682349391, 35.214996219795957 ], [ -80.859271613996498, 35.214999908379433 ], [ -80.859171703203216, 35.215031679285701 ], [ -80.859161671480464, 35.215034421520279 ], [ -80.859151365021759, 35.215036359715491 ], [ -80.859140879273113, 35.215037475922152 ], [ -80.859130311340877, 35.215037759803288 ], [ -80.859119759092522, 35.215037208729939 ], [ -80.859109320250283, 35.21503582780548 ], [ -80.859099091486115, 35.215033629818379 ], [ -80.85908916752652, 35.215030635123725 ], [ -80.859079640275183, 35.215026871454768 ], [ -80.859070597961946, 35.215022373666088 ], [ -80.859062124325703, 35.215017183410758 ], [ -80.859054297838924, 35.215011348754658 ], [ -80.859047190980888, 35.215004923731264 ], [ -80.859040869566499, 35.21499796784137 ], [ -80.859035392136818, 35.214990545501969 ], [ -80.859030809416879, 35.214982725449708 ], [ -80.858615887366113, 35.214177641241903 ], [ -80.858612135054827, 35.214169214718709 ], [ -80.858609421644189, 35.214160523893987 ], [ -80.858607773994734, 35.21415165480073 ], [ -80.858607208416643, 35.214142695236582 ], [ -80.858607730508368, 35.21413373389484 ], [ -80.858609335101249, 35.214124859486297 ], [ -80.858612006310622, 35.214116159861149 ], [ -80.858615717693112, 35.214107721139392 ], [ -80.858620432508431, 35.214099626858172 ], [ -80.858626104083072, 35.214091957144944 ], [ -80.858712529748658, 35.213987212657827 ], [ -80.858719240328028, 35.213979907406063 ], [ -80.858726818329629, 35.213973197786402 ], [ -80.858735185747634, 35.213967152865621 ], [ -80.858744256450237, 35.2139618348683 ], [ -80.858753937066311, 35.213957298536272 ], [ -80.8587641279465, 35.213953590565097 ], [ -80.858774724189004, 35.213950749123526 ], [ -80.859639139846877, 35.213758177659201 ] ] ] } },
{ "type": "Feature", "properties": { "centroid_id": 23, "tree_count": 15, "mean_dist_m": 46.259648624510604, "max_dist_m": 128.63360149342802, "center_x_m": 512800.0, "center_y_m": 3897275.0, "center_lon": -80.85935385138599, "center_lat": 35.218424425059226 }, "geometry": { "type": "Polygon", "coordinates": [ [ [ -80.859519130846081, 35.217864063473925 ], [ -80.859524611773566, 35.217856254534667 ], [ -80.859531015135147, 35.217848933547742 ], [ -80.859538276974064, 35.217842173634914 ], [ -80.859546324759137, 35.217836042313927 ], [ -80.859555078109281, 35.217830600824151 ], [ -80.859564449596292, 35.217825903514935 ], [ -80.859574345618071, 35.217821997302799 ], [ -80.859584667333593, 35.217818921202813 ], [ -80.859595311650011, 35.217816705938887 ], [ -80.859606172252413, 35.217815373636988 ], [ -80.859617140665634, 35.217814937604075 ], [ -80.859628107337755, 35.217815402195235 ], [ -80.859638962734181, 35.217816762770141 ], [ -80.859649598431787, 35.217819005739443 ], [ -80.859659908201706, 35.217822108700474 ], [ -80.859669789070452, 35.217826040661024 ], [ -80.859679142348284, 35.217830762348832 ], [ -80.859687874615005, 35.217836226603936 ], [ -80.859776384730111, 35.217897587179067 ], [ -80.859783557376204, 35.217903025891701 ], [ -80.859790113251222, 35.217908965751441 ], [ -80.859796000569304, 35.217915359838585 ], [ -80.85980117282557, 35.217922157645361 ], [ -80.860588403959582, 35.219067086671885 ], [ -80.860593289359699, 35.219075097162083 ], [ -80.860597182136971, 35.219083465903381 ], [ -80.860600043874342, 35.219092110306946 ], [ -80.860601846329757, 35.219100945063502 ], [ -80.860602571714907, 35.21910988298513 ], [ -80.860602212870802, 35.219118835865885 ], [ -80.860600773338447, 35.219127715352066 ], [ -80.860598267323851, 35.21913643381432 ], [ -80.860594719557895, 35.219144905212339 ], [ -80.860590165052287, 35.219153045944012 ], [ -80.860584648754028, 35.219160775670453 ], [ -80.860578225101847, 35.219168018108903 ], [ -80.860570957489017, 35.219174701785477 ], [ -80.860562917637637, 35.219180760740564 ], [ -80.860554184890972, 35.219186135179775 ], [ -80.860544845430297, 35.219190772064003 ], [ -80.860534991424515, 35.219194625632959 ], [ -80.860524720120438, 35.21919765785664 ], [ -80.860514132883196, 35.219199838810717 ], [ -80.860503334195769, 35.219201146971891 ], [ -80.860492430627957, 35.21920156943019 ], [ -80.860481529784551, 35.219201102016477 ], [ -80.860470739243524, 35.219199749343552 ], [ -80.860460165494246, 35.219197524760624 ], [ -80.860449912886608, 35.219194450221629 ], [ -80.860440082601201, 35.219190556068448 ], [ -80.860342182631129, 35.219146726399615 ], [ -80.860335205282297, 35.219143322367337 ], [ -80.860328553197576, 35.219139504926687 ], [ -80.859565462710293, 35.218666204249779 ], [ -80.859565204241846, 35.21866604344261 ], [ -80.859468644285201, 35.218605783824067 ], [ -80.859462893935515, 35.218601937018583 ], [ -80.859375722989199, 35.218539486300187 ], [ -80.859368088453976, 35.218533460595168 ], [ -80.859361196422427, 35.218526859622095 ], [ -80.859355110943582, 35.218519744725299 ], [ -80.859349888570918, 35.218512182025108 ], [ -80.859345577836905, 35.218504241803366 ], [ -80.859342218801828, 35.218495997850297 ], [ -80.859339842681649, 35.218487526778766 ], [ -80.859338471557862, 35.218478907312232 ], [ -80.859329082442017, 35.218384677762415 ], [ -80.859328748339138, 35.218375173616643 ], [ -80.859329635604468, 35.218365693437313 ], [ -80.859331734372347, 35.218356342631651 ], [ -80.859433654811056, 35.218006842732571 ], [ -80.859437440761482, 35.21799659303904 ], [ -80.859442680897786, 35.217986784022614 ], [ -80.859519130846081, 35.217864063473925 ] ] ] } },
{ "type": "Feature", "properties": { "centroid_id": 24, "tree_count": 20, "mean_dist_m": 40.176546163196114, "max_dist_m": 67.90801997970145, "center_x_m": 512850.0, "center_y_m": 3896425.0, "center_lon": -80.858817724711997, "center_lat": 35.210759255327829 }, "geometry": { "type": "Polygon", "coordinates": [ [ [ -80.858179000732932, 35.210308463856087 ], [ -80.858182012364765, 35.210300143737577 ], [ -80.858185984718801, 35.210292099802373 ], [ -80.858190880990193, 35.210284406578985 ], [ -80.858196655813884, 35.210277135346466 ], [ -80.858203255684899, 35.210270353474073 ], [ -80.858210619454084, 35.210264123796982 ], [ -80.85821867889473, 35.210258504034265 ], [ -80.858227359334606, 35.210253546253909 ], [ -80.858236580347921, 35.210249296390629 ], [ -80.858246256500379, 35.210245793820071 ], [ -80.858256298140816, 35.210243070994125 ], [ -80.858266612231759, 35.210241153140217 ], [ -80.858277103211506, 35.21024005802758 ], [ -80.858287673879417, 35.210239795802607 ], [ -80.859143106546512, 35.210252382134485 ], [ -80.859148140873984, 35.210252551023537 ], [ -80.859381151935111, 35.210264765344036 ], [ -80.859392047978872, 35.210265786629549 ], [ -80.859402765684024, 35.210267694343976 ], [ -80.859413198263553, 35.210270469479603 ], [ -80.859423241771253, 35.210274084386079 ], [ -80.859432796137497, 35.210278503045835 ], [ -80.859441766166142, 35.210283681433097 ], [ -80.859450062483219, 35.210289567952401 ], [ -80.859457602427213, 35.210296103952722 ], [ -80.859464310872823, 35.210303224311843 ], [ -80.859470120979424, 35.210310858085215 ], [ -80.859474974857022, 35.210318929212782 ], [ -80.85947882414311, 35.210327357276846 ], [ -80.85948163048451, 35.210336058303277 ], [ -80.859483365919544, 35.210344945598287 ], [ -80.859484013156603, 35.210353930612058 ], [ -80.859483565746487, 35.210362923821172 ], [ -80.859482028146672, 35.210371835620528 ], [ -80.859479415676901, 35.2103805772161 ], [ -80.859475754366585, 35.210389061509701 ], [ -80.859471080695414, 35.210397203966764 ], [ -80.859465441229943, 35.210404923458668 ], [ -80.859458892159608, 35.210412143071046 ], [ -80.859398926184852, 35.210471786065064 ], [ -80.8593958364782, 35.21047472771545 ], [ -80.859045660776928, 35.210793953973536 ], [ -80.859045312690256, 35.210794269790675 ], [ -80.858940352128343, 35.210889048943429 ], [ -80.858940080843169, 35.210889293013132 ], [ -80.858698793144214, 35.211105576685391 ], [ -80.858698479563131, 35.211105856582641 ], [ -80.858516699034624, 35.211267425365619 ], [ -80.858508858949918, 35.21127373037617 ], [ -80.858500291432577, 35.21127936188892 ], [ -80.858491081996192, 35.211284263694878 ], [ -80.858481322561545, 35.21128838686829 ], [ -80.858471110539071, 35.211291690255088 ], [ -80.858460547856581, 35.211294140883666 ], [ -80.858449739941946, 35.211295714293882 ], [ -80.858438794670718, 35.21129639478125 ], [ -80.85842782128951, 35.211296175553741 ], [ -80.858416929325429, 35.211295058799479 ], [ -80.858406227492978, 35.211293055664981 ], [ -80.858395822608912, 35.211290186143884 ], [ -80.858385818526074, 35.211286478877319 ], [ -80.858376315096748, 35.211281970868143 ], [ -80.858367407176146, 35.211276707111509 ], [ -80.858359183675518, 35.211270740145835 ], [ -80.858351726674755, 35.211264129528317 ], [ -80.858345110603153, 35.211256941240592 ], [ -80.858339401496508, 35.211249247030018 ], [ -80.85833465633803, 35.211241123693711 ], [ -80.858330922489515, 35.211232652311885 ], [ -80.858328237218743, 35.211223917438581 ], [ -80.858143224124859, 35.21046381058008 ], [ -80.858141517879304, 35.210454046339692 ], [ -80.858141121376164, 35.210444187564256 ], [ -80.858142039359876, 35.210434352233449 ], [ -80.858144260844497, 35.210424658046342 ], [ -80.858179000732932, 35.210308463856087 ] ] ] } },
{ "type": "Feature", "properties": { "centroid_id": 25, "tree_count": 40, "mean_dist_m": 41.859518594978411, "max_dist_m": 67.315756765218694, "center_x_m": 512850.0, "center_y_m": 3896625.0, "center_lon": -80.85881460260704, "center_lat": 35.212562675082424 }, "geometry": { "type": "Polygon", "coordinates": [ [ [ -80.859280690304416, 35.212056148120858 ], [ -80.859291654910166, 35.212056538448685 ], [ -80.859302517366373, 35.21205782457254 ], [ -80.859313169289692, 35.212059993659764 ], [ -80.859323504397409, 35.212063024067618 ], [ -80.859333419567875, 35.212066885559331 ], [ -80.859342815869496, 35.212071539605738 ], [ -80.859351599547722, 35.212076939769673 ], [ -80.859359682960687, 35.212083032169396 ], [ -80.859366985453519, 35.212089756016148 ], [ -80.859373434163146, 35.21209704422067 ], [ -80.85937896474536, 35.212104824062699 ], [ -80.859383522016799, 35.212113017916415 ], [ -80.859387060505583, 35.212121544025116 ], [ -80.859389544904957, 35.21213031731682 ], [ -80.859390950425706, 35.212139250253244 ], [ -80.859447786780194, 35.212732585068231 ], [ -80.859448107552325, 35.212741247173639 ], [ -80.859447413636687, 35.212749894546235 ], [ -80.85944571144239, 35.212758447313448 ], [ -80.859443016691671, 35.212766826476503 ], [ -80.859439354274684, 35.212774954640111 ], [ -80.85943475801956, 35.212782756727343 ], [ -80.859429270379991, 35.21279016067313 ], [ -80.859422942043125, 35.212797098089851 ], [ -80.859415831461362, 35.212803504899043 ], [ -80.859408004312499, 35.21280932192326 ], [ -80.85922269201933, 35.212934282317867 ], [ -80.859215064324175, 35.212938985830398 ], [ -80.859206968184381, 35.212943128530682 ], [ -80.859198464648884, 35.212946679180718 ], [ -80.858562928839007, 35.21318412716505 ], [ -80.858553081477822, 35.213187345268011 ], [ -80.858542902098634, 35.213189769673363 ], [ -80.858532485434978, 35.213191377818553 ], [ -80.858521928428715, 35.213192154737541 ], [ -80.858511329327783, 35.213192093199964 ], [ -80.85850078677187, 35.213191193778549 ], [ -80.858490398874451, 35.213189464843666 ], [ -80.858480262309627, 35.213186922485519 ], [ -80.858470471412517, 35.213183590364352 ], [ -80.8583113271131, 35.213121886015571 ], [ -80.858302112914686, 35.213117863503193 ], [ -80.858293405341414, 35.213113141640051 ], [ -80.858285282961702, 35.213107763031545 ], [ -80.858277819063687, 35.213101776208873 ], [ -80.858271080993958, 35.213095235191176 ], [ -80.858265129549977, 35.21308819899803 ], [ -80.85826001843138, 35.213080731117003 ], [ -80.858255793755546, 35.21307289893074 ], [ -80.858252493641416, 35.213064773109011 ], [ -80.858250147865618, 35.213056426971036 ], [ -80.858248777593772, 35.213047935823909 ], [ -80.858177997922937, 35.212359358934407 ], [ -80.858177617634553, 35.212350651517994 ], [ -80.858178263122355, 35.21234195462926 ], [ -80.858179928359206, 35.212333349470015 ], [ -80.858182597796642, 35.212324916385555 ], [ -80.858186246510186, 35.212316734114516 ], [ -80.858289362037226, 35.212116106243101 ], [ -80.858293977917455, 35.212108217845298 ], [ -80.858299503761884, 35.212100733800739 ], [ -80.858305887526939, 35.212093724595491 ], [ -80.858313069088979, 35.212087256243422 ], [ -80.85832098081066, 35.212081389664604 ], [ -80.858329548177906, 35.212076180111453 ], [ -80.858338690501725, 35.212071676648392 ], [ -80.858348321678122, 35.212067921689794 ], [ -80.858358350999055, 35.212064950600471 ], [ -80.85836868400672, 35.212062791362627 ], [ -80.858379223383167, 35.212061464312285 ], [ -80.858389869866841, 35.212060981947836 ], [ -80.859280690304416, 35.212056148120858 ] ] ] } },
{ "type": "Feature", "properties": { "centroid_id": 26, "tree_count": 50, "mean_dist_m": 38.774191806516917, "max_dist_m": 88.634966358091617, "center_x_m": 512875.0, "center_y_m": 3896225.0, "center_lon": -80.858546179670398, "center_lat": 35.208955514464918 }, "geometry": { "type": "Polygon", "coordinates": [ [ [ -80.859141166924402, 35.208281038678805 ], [ -80.859150659283571, 35.208277132278461 ], [ -80.85916056679558, 35.208273996236457 ], [ -80.859170796907918, 35.208271659848577 ], [ -80.85918125405459, 35.208270144940535 ], [ -80.859191840548675, 35.208269465664046 ], [ -80.859202457494945, 35.208269628364647 ], [ -80.859213005713769, 35.208270631522488 ], [ -80.859223386667452, 35.208272465766392 ], [ -80.859233503380864, 35.20827511396152 ], [ -80.859243261347274, 35.208278551369432 ], [ -80.85925256941124, 35.208282745879025 ], [ -80.859261340620023, 35.208287658306745 ], [ -80.859269493036038, 35.208293242762402 ], [ -80.859276950502178, 35.208299447078012 ], [ -80.859283643353251, 35.208306213295025 ], [ -80.859289509066755, 35.208313478205831 ], [ -80.859294492847027, 35.208321173944114 ], [ -80.859298548137048, 35.208329228618979 ], [ -80.85930163705342, 35.20833756698638 ], [ -80.859303730740223, 35.208346111152125 ], [ -80.859304809638616, 35.208354781299519 ], [ -80.859367580770623, 35.209318019757191 ], [ -80.859367616437041, 35.209327068912998 ], [ -80.859366546815565, 35.209336075434315 ], [ -80.859364382678336, 35.209344948613712 ], [ -80.859361145820699, 35.209353599086604 ], [ -80.859356868841715, 35.209361939731359 ], [ -80.859351594815919, 35.209369886546689 ], [ -80.859345376859451, 35.209377359497644 ], [ -80.859338277595086, 35.209384283321718 ], [ -80.85933036852164, 35.209390588286809 ], [ -80.859321729293825, 35.20939621089353 ], [ -80.859312446920057, 35.209401094514753 ], [ -80.859302614886076, 35.209405189965921 ], [ -80.859149776334689, 35.20946112496398 ], [ -80.859139921761283, 35.209464274115881 ], [ -80.859129743934901, 35.209466631085164 ], [ -80.859119337152336, 35.209468174034669 ], [ -80.859108797831681, 35.2094688886691 ], [ -80.859098223618957, 35.209468768367415 ], [ -80.858161583300912, 35.209421037276996 ], [ -80.858150650581891, 35.209420027142833 ], [ -80.858139895768545, 35.209418124694693 ], [ -80.858129426703798, 35.209415349009241 ], [ -80.858119348365264, 35.209411727919409 ], [ -80.858109761812557, 35.209407297735353 ], [ -80.858100763173866, 35.209402102880354 ], [ -80.858092442682135, 35.20939619544535 ], [ -80.858084883770161, 35.2093896346666 ], [ -80.858078162234008, 35.209382486331677 ], [ -80.858072345472991, 35.20937482211982 ], [ -80.85806749181387, 35.209366718883132 ], [ -80.858063649925882, 35.209358257876005 ], [ -80.858060858332834, 35.209349523940261 ], [ -80.8580591450268, 35.209340604654493 ], [ -80.858058527187382, 35.209331589455836 ], [ -80.858059011009559, 35.209322568743154 ], [ -80.858060591641475, 35.209313632970563 ], [ -80.858194484615666, 35.208755076599573 ], [ -80.858197011848148, 35.208746681710181 ], [ -80.858200507237896, 35.208738524106721 ], [ -80.858204938638778, 35.20873067881174 ], [ -80.858210265296563, 35.208723217975553 ], [ -80.858216438223664, 35.208716210212764 ], [ -80.858223400649777, 35.208709719971175 ], [ -80.858231088543846, 35.20870380693912 ], [ -80.858239431203003, 35.208698525496565 ], [ -80.858248351902859, 35.208693924214977 ], [ -80.859141166924402, 35.208281038678805 ] ] ] } },
{ "type": "Feature", "properties": { "centroid_id": 27, "tree_count": 23, "mean_dist_m": 44.788810057227721, "max_dist_m": 84.905219914335447, "center_x_m": 512875.0, "center_y_m": 3897200.0, "center_lon": -80.858530928527557, "center_lat": 35.217747183203628 }, "geometry": { "type": "Polygon", "coordinates": [ [ [ -80.858933839629614, 35.216985956322766 ], [ -80.858944423801958, 35.216983481212857 ], [ -80.858955256593802, 35.216981887417184 ], [ -80.858966229327507, 35.216981190925146 ], [ -80.858977231921457, 35.216981398724165 ], [ -80.858988153994545, 35.216982508729537 ], [ -80.858998885973435, 35.216984509805364 ], [ -80.859009320191817, 35.216987381876308 ], [ -80.859019351970616, 35.216991096128936 ], [ -80.859028880668077, 35.216995615300775 ], [ -80.859037810689514, 35.217000894054202 ], [ -80.859046052446189, 35.217006879431239 ], [ -80.859053523254261, 35.21701351138482 ], [ -80.85906014816419, 35.217020723381268 ], [ -80.859065860712676, 35.217028443067647 ], [ -80.859070603589458, 35.217036592997779 ], [ -80.859074329212248, 35.217045091409105 ], [ -80.859077000204167, 35.217053853042941 ], [ -80.859078589768629, 35.2170627899999 ], [ -80.859079081958285, 35.217071812621604 ], [ -80.859078471834977, 35.217080830390323 ], [ -80.858949733812665, 35.218077860295324 ], [ -80.858948026231872, 35.218086787572808 ], [ -80.858945238397169, 35.218095529763652 ], [ -80.858941398307266, 35.218103999067537 ], [ -80.858936544528945, 35.218112110424833 ], [ -80.858930725809799, 35.218119782370785 ], [ -80.858924000588743, 35.218126937853761 ], [ -80.85891643640889, 35.218133505009163 ], [ -80.85890810923938, 35.218139417881069 ], [ -80.858899102712371, 35.218144617084697 ], [ -80.858889507282996, 35.218149050402907 ], [ -80.858879419321028, 35.218152673310485 ], [ -80.858868940142884, 35.218155449421488 ], [ -80.857923458535922, 35.218363619916758 ], [ -80.85791278320599, 35.21836550919182 ], [ -80.857901932071016, 35.218366519513509 ], [ -80.857891012319527, 35.218366640901742 ], [ -80.85788013181778, 35.218365872157463 ], [ -80.857869398044357, 35.218364220874378 ], [ -80.857858917028437, 35.218361703364032 ], [ -80.857848792302406, 35.218358344494611 ], [ -80.857839123879103, 35.218354177445306 ], [ -80.857830007264027, 35.218349243378597 ], [ -80.857821532511707, 35.218343591033623 ], [ -80.857813783336368, 35.218337276244696 ], [ -80.85780683628478, 35.218330361389832 ], [ -80.857800759980265, 35.21832291477449 ], [ -80.857795614444754, 35.218315009956903 ], [ -80.857791450505957, 35.218306725021442 ], [ -80.857788309295245, 35.218298141807267 ], [ -80.85778622184138, 35.218289345099961 ], [ -80.857785208764028, 35.218280421793928 ], [ -80.857785280070075, 35.218271460034153 ], [ -80.857786435054777, 35.218262548345415 ], [ -80.857788662308806, 35.218253774757827 ], [ -80.857791939830889, 35.218245225937366 ], [ -80.857796235245175, 35.218236986329678 ], [ -80.857841835174085, 35.218160296171476 ], [ -80.857846097138122, 35.218153814308153 ], [ -80.85789839778424, 35.218081504075798 ], [ -80.857898810773747, 35.218080937812339 ], [ -80.858098630551837, 35.217809218672883 ], [ -80.858099806389291, 35.217807655938962 ], [ -80.858656367220647, 35.217084536069493 ], [ -80.858662493881113, 35.217077371342505 ], [ -80.858669438149633, 35.217070727843669 ], [ -80.858677134593933, 35.217064668171076 ], [ -80.8586855106944, 35.21705924942178 ], [ -80.858694487527472, 35.217054522653683 ], [ -80.858703980509233, 35.217050532404571 ], [ -80.858713900192399, 35.217047316272385 ], [ -80.858933839629614, 35.216985956322766 ] ] ] } },
{ "type": "Feature", "properties": { "centroid_id": 28, "tree_count": 79, "mean_dist_m": 56.189005360534033, "max_dist_m": 126.10274587544211, "center_x_m": 512900.0, "center_y_m": 3896925.0, "center_lon": -80.858260542676049, "center_lat": 35.21526716179271 }, "geometry": { "type": "Polygon", "coordinates": [ [ [ -80.857539686725005, 35.214891931056926 ], [ -80.857548336525468, 35.214886266311645 ], [ -80.857557636784918, 35.214881344350864 ], [ -80.857567493160531, 35.214877215103385 ], [ -80.857577805668313, 35.214873920456661 ], [ -80.857588469697205, 35.2148714938319 ], [ -80.857599377070343, 35.214869959844997 ], [ -80.857610417142396, 35.214869334056814 ], [ -80.85762147792191, 35.214869622815449 ], [ -80.857632447207365, 35.214870823191681 ], [ -80.858664723825385, 35.215027551248546 ], [ -80.858675897248261, 35.21502974902225 ], [ -80.858686729915178, 35.215032892360277 ], [ -80.858697103367518, 35.215036946889235 ], [ -80.858706904168272, 35.215041868271591 ], [ -80.858716025142485, 35.215047602690497 ], [ -80.858724366549296, 35.215054087438254 ], [ -80.859518226518247, 35.215739337330859 ], [ -80.859525054202066, 35.215745821883253 ], [ -80.85953110091296, 35.215752809087256 ], [ -80.859536312030954, 35.215760235827709 ], [ -80.859540640483999, 35.215768035019138 ], [ -80.85954404717306, 35.21577613621168 ], [ -80.859546501325326, 35.215784466227511 ], [ -80.859547980772206, 35.215792949821811 ], [ -80.859548472149598, 35.215801510362475 ], [ -80.859547971018586, 35.215810070522323 ], [ -80.859546481905568, 35.215818552977588 ], [ -80.85954401826136, 35.215826881106373 ], [ -80.859502448559084, 35.215943020999916 ], [ -80.859498996701731, 35.215951193130017 ], [ -80.859494606652333, 35.2159590562567 ], [ -80.859489318801849, 35.215966538034223 ], [ -80.859483181801593, 35.215973569625568 ], [ -80.859476252115641, 35.215980086335641 ], [ -80.85946859350129, 35.215986028206579 ], [ -80.859460276422524, 35.215991340569396 ], [ -80.859451377401669, 35.215995974546956 ], [ -80.859441978315289, 35.215999887503727 ], [ -80.859432165640953, 35.216003043437965 ], [ -80.85942202966153, 35.216005413313084 ], [ -80.859411663634518, 35.216006975324689 ], [ -80.859401162934034, 35.216007715101277 ], [ -80.859390624173287, 35.216007625836426 ], [ -80.859380144315665, 35.216006708351429 ], [ -80.857278998186587, 35.215738572043456 ], [ -80.857268201310305, 35.215736734590813 ], [ -80.857257683213177, 35.215734018307678 ], [ -80.857247549824237, 35.215730450550083 ], [ -80.85723790319804, 35.215726067249328 ], [ -80.857228840486826, 35.215720912550204 ], [ -80.857220452962125, 35.215715038366255 ], [ -80.857212825095544, 35.215708503857122 ], [ -80.857206033707982, 35.215701374832555 ], [ -80.857200147196053, 35.2156937230898 ], [ -80.85719522484321, 35.215685625690355 ], [ -80.857191316222682, 35.215677164184015 ], [ -80.85718846069831, 35.215668423787477 ], [ -80.857186687027962, 35.215659492526179 ], [ -80.857186013074141, 35.215650460347689 ], [ -80.85718644562391, 35.215641418215938 ], [ -80.85718798032066, 35.215632457195056 ], [ -80.857190601707956, 35.21562366753227 ], [ -80.857418217538836, 35.214998223842947 ], [ -80.857421583347971, 35.214990330331709 ], [ -80.857425825772125, 35.214982726672851 ], [ -80.857430908319856, 35.214975478269302 ], [ -80.857436787273343, 35.21496864746824 ], [ -80.857443412064583, 35.214962293024833 ], [ -80.857450725710251, 35.214956469596842 ], [ -80.857539686725005, 35.214891931056926 ] ] ] } },
{ "type": "Feature", "properties": { "centroid_id": 29, "tree_count": 9, "mean_dist_m": 20.861525420859916, "max_dist_m": 36.511487255067308, "center_x_m": 512925.0, "center_y_m": 3896175.0, "center_lon": -80.857997630913445, "center_lat": 35.208504016314656 }, "geometry": { "type": "Polygon", "coordinates": [ [ [ -80.857614664211269, 35.208379960095428 ], [ -80.857606875760197, 35.208373659489752 ], [ -80.857599889076567, 35.208366754611333 ], [ -80.857593773383016, 35.208359313872528 ], [ -80.857588589272538, 35.208351410994894 ], [ -80.857584388108123, 35.208343124278748 ], [ -80.857581211513832, 35.208334535827383 ], [ -80.85757909096246, 35.208325730733591 ], [ -80.85757804746369, 35.20831679623663 ], [ -80.857578091355947, 35.208307820857797 ], [ -80.857579222204023, 35.208298893523427 ], [ -80.857581428803329, 35.208290102683812 ], [ -80.85758468929096, 35.208281535436832 ], [ -80.857588971362347, 35.208273276665061 ], [ -80.85759423259131, 35.208265408194698 ], [ -80.857600420850403, 35.208258007984938 ], [ -80.857607474827418, 35.208251149355505 ], [ -80.857615324632832, 35.208244900260212 ], [ -80.857623892492299, 35.208239322613785 ], [ -80.857633093517194, 35.208234471678331 ], [ -80.857642836545679, 35.208230395515834 ], [ -80.857653025045892, 35.208227134512043 ], [ -80.857663558072389, 35.208224720976233 ], [ -80.85767433126631, 35.2082231788212 ], [ -80.857685237889214, 35.208222523326249 ], [ -80.857696169880739, 35.208222760985919 ], [ -80.857707018929162, 35.208223889445492 ], [ -80.857717677544528, 35.208225897524457 ], [ -80.857728040123675, 35.208228765327213 ], [ -80.857738003996417, 35.208232464440222 ], [ -80.858144689080916, 35.20840394409079 ], [ -80.858158394264791, 35.208410805082572 ], [ -80.858426138238428, 35.208567960221643 ], [ -80.858434468934362, 35.208573368045386 ], [ -80.858442124445645, 35.208579410827895 ], [ -80.858449033221632, 35.208586032091652 ], [ -80.858455130690857, 35.208593169952572 ], [ -80.85846035986448, 35.208600757698242 ], [ -80.858464671868973, 35.208608724411519 ], [ -80.858468026402846, 35.208616995633236 ], [ -80.858470392113404, 35.208625494058275 ], [ -80.858471746889705, 35.208634140257921 ], [ -80.858472078069326, 35.208642853422305 ], [ -80.858471382556644, 35.208651552115683 ], [ -80.858469666851761, 35.208660155037499 ], [ -80.858466946989878, 35.208668581782312 ], [ -80.858463248391303, 35.208676753591263 ], [ -80.858458605624008, 35.208684594088133 ], [ -80.858453062080386, 35.208692029993287 ], [ -80.858446669571919, 35.208698991808454 ], [ -80.85843948784472, 35.208705414466351 ], [ -80.858431584021289, 35.208711237938829 ], [ -80.858423031973075, 35.208716407797894 ], [ -80.858413911630123, 35.208720875724396 ], [ -80.858404308233986, 35.208724599959702 ], [ -80.85836815294644, 35.208736903709593 ], [ -80.858357375785673, 35.208740042430428 ], [ -80.858346259487874, 35.208742244736669 ], [ -80.858334924486314, 35.208743486768711 ], [ -80.858323493583711, 35.208743755070422 ], [ -80.858312090621752, 35.20874304673503 ], [ -80.858300839139417, 35.208741369436638 ], [ -80.858289861034592, 35.208738741346963 ], [ -80.858006309629616, 35.20865749764647 ], [ -80.857996321795227, 35.208654176455212 ], [ -80.857986778449984, 35.208650068154974 ], [ -80.857977771410873, 35.20864521227189 ], [ -80.857969387334961, 35.208639655524664 ], [ -80.857614664211269, 35.208379960095428 ] ] ] } },
{ "type": "Feature", "properties": { "centroid_id": 30, "tree_count": 56, "mean_dist_m": 38.470066950086625, "max_dist_m": 73.354721326811259, "center_x_m": 512925.0, "center_y_m": 3896750.0, "center_lon": -80.857988602723466, "center_lat": 35.213688848408893 }, "geometry": { "type": "Polygon", "coordinates": [ [ [ -80.858375255846113, 35.213121434738532 ], [ -80.858383677215869, 35.213116124861592 ], [ -80.858392683882784, 35.213111507027065 ], [ -80.858402191703348, 35.213107624376356 ], [ -80.858412111852189, 35.213104513182536 ], [ -80.858422351651811, 35.21310220251145 ], [ -80.858432815438476, 35.213100713950169 ], [ -80.85844340545593, 35.213100061405342 ], [ -80.858454022768569, 35.213100250973277 ], [ -80.858464568185852, 35.21310128088296 ], [ -80.858474943188895, 35.213103141512619 ], [ -80.858485050850845, 35.213105815479629 ], [ -80.858494796742434, 35.213109277802857 ], [ -80.858504089814119, 35.21311349613611 ], [ -80.858512843246757, 35.213118431070235 ], [ -80.858520975262621, 35.213124036501377 ], [ -80.858528409889473, 35.213130260061646 ], [ -80.85853507767024, 35.213137043608349 ], [ -80.858540916311952, 35.213144323767203 ], [ -80.858545871267737, 35.213152032524384 ], [ -80.858549896246345, 35.213160097861902 ], [ -80.858552953644704, 35.213168444430472 ], [ -80.858793459387329, 35.213962332671187 ], [ -80.858795531116115, 35.213970940428119 ], [ -80.858796573658807, 35.213979672679081 ], [ -80.858796577144048, 35.21398844674534 ], [ -80.858795541538498, 35.213997179552223 ], [ -80.858793476647165, 35.214005788415733 ], [ -80.85879040202056, 35.214014191825306 ], [ -80.858786346769577, 35.214022310215647 ], [ -80.858721378295996, 35.214136238943489 ], [ -80.858716543972307, 35.214143768774491 ], [ -80.858710866121399, 35.214150891001644 ], [ -80.858704395328047, 35.214157542171691 ], [ -80.858697189241582, 35.214163663028152 ], [ -80.858689312062239, 35.214169199039162 ], [ -80.858680833969132, 35.214174100883369 ], [ -80.858671830495112, 35.214178324889296 ], [ -80.85866238185379, 35.214181833424476 ], [ -80.858652572224884, 35.214184595230684 ], [ -80.858642489004268, 35.21418658570245 ], [ -80.858632222025278, 35.214187787106304 ], [ -80.857608361489994, 35.214267355370367 ], [ -80.857597282025935, 35.214267754968994 ], [ -80.857586209916192, 35.21426723593116 ], [ -80.857575257962921, 35.214265803544777 ], [ -80.857564537744068, 35.214263472402941 ], [ -80.857554158476717, 35.214260266255202 ], [ -80.857544225904263, 35.214256217765652 ], [ -80.857534841219191, 35.214251368180079 ], [ -80.857526100032103, 35.214245766905833 ], [ -80.857518091397566, 35.214239471008369 ], [ -80.857510896906945, 35.214232544629951 ], [ -80.857504589857058, 35.214225058336119 ], [ -80.857499234503507, 35.214217088396758 ], [ -80.857494885405984, 35.214208716009111 ], [ -80.857491586872513, 35.214200026470493 ], [ -80.85748937250797, 35.214191108309329 ], [ -80.857454057065539, 35.214000029373452 ], [ -80.85745295039257, 35.213990989251563 ], [ -80.857452957840394, 35.213981903623527 ], [ -80.857454079333024, 35.213972864731758 ], [ -80.857456303484099, 35.213963964344259 ], [ -80.8574596077124, 35.213955292822739 ], [ -80.857463958471214, 35.213946938205325 ], [ -80.857469311588929, 35.213938985312744 ], [ -80.857502838584267, 35.213894615403227 ], [ -80.857507379205899, 35.213889075334173 ], [ -80.857878567714465, 35.213470520214685 ], [ -80.857886879538427, 35.213462233254248 ], [ -80.857896332298111, 35.213454815535016 ], [ -80.858375255846113, 35.213121434738532 ] ] ] } },
{ "type": "Feature", "properties": { "centroid_id": 31, "tree_count": 14, "mean_dist_m": 42.812984807656598, "max_dist_m": 79.905093796827103, "center_x_m": 512925.0, "center_y_m": 3897150.0, "center_lon": -80.857982320883508, "center_lat": 35.217295685501433 }, "geometry": { "type": "Polygon", "coordinates": [ [ [ -80.858379230521919, 35.216731404574425 ], [ -80.858390459446994, 35.216731547307759 ], [ -80.858401611968304, 35.216732629908215 ], [ -80.858412571583173, 35.216734641066601 ], [ -80.858423223804053, 35.216737559773733 ], [ -80.858433457354465, 35.216741355539895 ], [ -80.858443165331508, 35.216745988713321 ], [ -80.858866955782275, 35.216972788683613 ], [ -80.858875620785071, 35.216977936038234 ], [ -80.858883634824508, 35.216983750449067 ], [ -80.858890921946795, 35.216990176809567 ], [ -80.85889741308749, 35.216997154213445 ], [ -80.858903046726084, 35.217004616531788 ], [ -80.858907769469099, 35.217012493039888 ], [ -80.85891153655605, 35.217020709087464 ], [ -80.858914312283773, 35.217029186806258 ], [ -80.858916070344733, 35.217037845847919 ], [ -80.858916794076421, 35.217046604145558 ], [ -80.858916476619285, 35.217055378691597 ], [ -80.858915120981706, 35.217064086324434 ], [ -80.858912740011547, 35.217072644516577 ], [ -80.858909356274381, 35.217080972156886 ], [ -80.858905001839645, 35.217088990319247 ], [ -80.858899717976698, 35.217096623010669 ], [ -80.858893554763682, 35.217103797891447 ], [ -80.858886570612924, 35.217110446960845 ], [ -80.858878831717362, 35.217116507201496 ], [ -80.858870411423126, 35.217121921176783 ], [ -80.858861389534468, 35.217126637575078 ], [ -80.858851851557333, 35.217130611696149 ], [ -80.858841887889028, 35.217133805874759 ], [ -80.858113667074761, 35.217334316528508 ], [ -80.858103485083348, 35.21733667902776 ], [ -80.85809307339602, 35.217338226850387 ], [ -80.858082528565646, 35.21733894564268 ], [ -80.858071948379788, 35.217338828738917 ], [ -80.858061430953882, 35.217337877223166 ], [ -80.857826740548489, 35.217307197160501 ], [ -80.85781552329145, 35.217305233304302 ], [ -80.857804616609172, 35.217302320546558 ], [ -80.857794139344861, 35.217298490625772 ], [ -80.857784205662526, 35.217293785274151 ], [ -80.857774923803134, 35.217288255762909 ], [ -80.857667633308978, 35.217217035321049 ], [ -80.857663564226797, 35.217214197248836 ], [ -80.857261234399729, 35.216919467026244 ], [ -80.857253487149421, 35.216913199224102 ], [ -80.857246533148725, 35.216906333429407 ], [ -80.857240440567963, 35.216898936948013 ], [ -80.857235269132872, 35.216891082288093 ], [ -80.857231069539054, 35.216882846449373 ], [ -80.857227882955073, 35.216874310168215 ], [ -80.857225740618873, 35.216865557126297 ], [ -80.857224663531539, 35.21685667313011 ], [ -80.857224662251468, 35.216847745269924 ], [ -80.857225736790852, 35.216838861065945 ], [ -80.857227876615582, 35.216830107610399 ], [ -80.85723106074856, 35.216821570713769 ], [ -80.857235257975262, 35.216813334063538 ], [ -80.857240427149847, 35.216805478403877 ], [ -80.857246517598483, 35.216798080744049 ], [ -80.857253469616069, 35.216791213603543 ], [ -80.857261215051622, 35.216784944301082 ], [ -80.857269677976262, 35.216779334294799 ], [ -80.857278775427645, 35.216774438579684 ], [ -80.857288418223192, 35.216770305148529 ], [ -80.85729851183433, 35.216766974521441 ], [ -80.857308957313151, 35.216764479348619 ], [ -80.857319652262504, 35.216762844090255 ], [ -80.857330491839619, 35.216762084776818 ], [ -80.858379230521919, 35.216731404574425 ] ] ] } },
{ "type": "Feature", "properties": { "centroid_id": 32, "tree_count": 44, "mean_dist_m": 61.76206470889219, "max_dist_m": 122.65932197996554, "center_x_m": 512950.0, "center_y_m": 3896325.0, "center_lon": -80.857720606062855, "center_lat": 35.209856259188172 }, "geometry": { "type": "Polygon", "coordinates": [ [ [ -80.856587842928889, 35.209116349598929 ], [ -80.856591075690588, 35.20910810348316 ], [ -80.856595257632208, 35.209100150010535 ], [ -80.856600350159113, 35.209092562582178 ], [ -80.856606306273079, 35.209085411221032 ], [ -80.856613071006066, 35.209078761925639 ], [ -80.856620581927444, 35.209072676061076 ], [ -80.856628769720245, 35.209067209792607 ], [ -80.856637558820807, 35.209062413567345 ], [ -80.856646868116187, 35.209058331648691 ], [ -80.856656611692671, 35.209055001707853 ], [ -80.856666699628747, 35.2090524544762 ], [ -80.856677038824827, 35.209050713461615 ], [ -80.856687533862583, 35.20904979473157 ], [ -80.85669808788542, 35.209049706764809 ], [ -80.856708603492464, 35.209050450373212 ], [ -80.856718983637265, 35.209052018694145 ], [ -80.85810389048423, 35.209318270012233 ], [ -80.858114648680086, 35.209320819234449 ], [ -80.858125034845628, 35.209324253947415 ], [ -80.858134941094377, 35.209328538472988 ], [ -80.858144264524896, 35.209333628305608 ], [ -80.85815290828981, 35.209339470574527 ], [ -80.858160782601658, 35.209346004593066 ], [ -80.858167805665673, 35.209353162488966 ], [ -80.858173904529352, 35.20936086990941 ], [ -80.858179015840335, 35.209369046793327 ], [ -80.858183086504383, 35.209377608203127 ], [ -80.85818607423704, 35.209386465206826 ], [ -80.858187948002737, 35.209395525802002 ], [ -80.858311943401546, 35.210260257138579 ], [ -80.858312667109658, 35.210268713488865 ], [ -80.858312420025513, 35.210277188247034 ], [ -80.858311204332637, 35.210285606510666 ], [ -80.858309030775388, 35.210293893876631 ], [ -80.858305918564028, 35.210301977098688 ], [ -80.85830189520496, 35.210309784734875 ], [ -80.858296996257593, 35.210317247778917 ], [ -80.858291265020114, 35.210324300270109 ], [ -80.858214953243817, 35.210409262600422 ], [ -80.85820793104125, 35.210416306720255 ], [ -80.858200079403858, 35.210422733991848 ], [ -80.858191478321899, 35.210428478935896 ], [ -80.858182215420712, 35.210433483024445 ], [ -80.858172385068201, 35.210437695277164 ], [ -80.858162087413348, 35.210441072780711 ], [ -80.858151427365911, 35.210443581125972 ], [ -80.858140513527687, 35.210445194758584 ], [ -80.858129457086008, 35.210445897239261 ], [ -80.858118370681041, 35.210445681411336 ], [ -80.857079935770642, 35.210382318926634 ], [ -80.857069350074099, 35.21038124689322 ], [ -80.857058940916971, 35.210379337494103 ], [ -80.857048806399476, 35.210376608724239 ], [ -80.857039042033506, 35.210373086300692 ], [ -80.85702973984246, 35.210368803420238 ], [ -80.857020987493982, 35.210363800446537 ], [ -80.857012867473671, 35.210358124529662 ], [ -80.857005456307817, 35.210351829161802 ], [ -80.856998823842119, 35.210344973673045 ], [ -80.856993032583404, 35.210337622672327 ], [ -80.856988137110619, 35.210329845438473 ], [ -80.856984183560385, 35.210321715267227 ], [ -80.856551051320608, 35.209287832392604 ], [ -80.856548027535482, 35.209279254759863 ], [ -80.85654605227009, 35.209270473729553 ], [ -80.856545144894469, 35.209261575412512 ], [ -80.856545314306388, 35.209252647069768 ], [ -80.856546558844201, 35.209243776256727 ], [ -80.856548866303015, 35.209235049964612 ], [ -80.856587842928889, 35.209116349598929 ] ] ] } },
{ "type": "Feature", "properties": { "centroid_id": 33, "tree_count": 33, "mean_dist_m": 43.34057318630294, "max_dist_m": 79.525971362427669, "center_x_m": 512950.0, "center_y_m": 3896525.0, "center_lon": -80.857717459801364, "center_lat": 35.211659679126598 }, "geometry": { "type": "Polygon", "coordinates": [ [ [ -80.858138511915485, 35.211130006505236 ], [ -80.85814890461323, 35.211129804392598 ], [ -80.858159274065827, 35.211130409309298 ], [ -80.858169527441191, 35.211131815839877 ], [ -80.858179572946327, 35.211134011392389 ], [ -80.858189320649259, 35.211136976311266 ], [ -80.858198683283987, 35.211140684053177 ], [ -80.858386649437762, 35.211224339294098 ], [ -80.858396042981667, 35.211229033842585 ], [ -80.858404817590298, 35.21123447561861 ], [ -80.858412885339959, 35.211240610094286 ], [ -80.858420165389788, 35.211247375800795 ], [ -80.8584265847918, 35.211254704944174 ], [ -80.858432079221828, 35.211262524084688 ], [ -80.858436593624134, 35.211270754872714 ], [ -80.858440082763011, 35.211279314833789 ], [ -80.858442511676103, 35.211288118194993 ], [ -80.858443856024778, 35.211297076744501 ], [ -80.858444102337941, 35.211306100715433 ], [ -80.85844324814714, 35.211315099685287 ], [ -80.858328102742689, 35.212050406536314 ], [ -80.858326276480668, 35.212058861405843 ], [ -80.858323478583003, 35.212067135375435 ], [ -80.858319734421087, 35.212075153415739 ], [ -80.858315077947182, 35.21208284281807 ], [ -80.85830955138654, 35.212090133853948 ], [ -80.858303204854565, 35.212096960407294 ], [ -80.858296095902261, 35.212103260573969 ], [ -80.858288288994416, 35.212108977223203 ], [ -80.85827985492503, 35.212114058515624 ], [ -80.858270870175346, 35.21211845837334 ], [ -80.858261416220273, 35.212122136897825 ], [ -80.858251578789606, 35.212125060731687 ], [ -80.857359848173886, 35.212351302048276 ], [ -80.857348650823837, 35.212353621520997 ], [ -80.85733721867517, 35.212354963599481 ], [ -80.85732567803035, 35.212355313456413 ], [ -80.857314156390586, 35.212354667226585 ], [ -80.857302781047082, 35.212353032049556 ], [ -80.85729167767478, 35.212350425990763 ], [ -80.857280968943812, 35.212346877841988 ], [ -80.857081144349479, 35.212270413991661 ], [ -80.857071629960387, 35.212266296495088 ], [ -80.857062651735859, 35.212261435218082 ], [ -80.857054295722918, 35.212255876751009 ], [ -80.857046642005173, 35.212249674366049 ], [ -80.857039763935532, 35.212242887506697 ], [ -80.857033727432949, 35.212235581217982 ], [ -80.857028590350851, 35.212227825523172 ], [ -80.857024401922587, 35.212219694752505 ], [ -80.857021202289602, 35.212211266831019 ], [ -80.857019022116731, 35.212202622531542 ], [ -80.857017882298337, 35.212193844700664 ], [ -80.856965430912439, 35.211442094743639 ], [ -80.856965355522817, 35.211433011761017 ], [ -80.856966393940269, 35.211423968636723 ], [ -80.856968535627502, 35.211415057132335 ], [ -80.856971758852197, 35.211406367673852 ], [ -80.856976030907646, 35.211397988434165 ], [ -80.856981308444531, 35.211390004438243 ], [ -80.856987537910896, 35.211382496700494 ], [ -80.856994656095466, 35.211375541402674 ], [ -80.857182020310873, 35.211210149278145 ], [ -80.857189385005697, 35.211204230965912 ], [ -80.857197393058797, 35.211198905107572 ], [ -80.857205973991199, 35.211194218575947 ], [ -80.857215052282058, 35.211190212617211 ], [ -80.857224548033344, 35.211186922487755 ], [ -80.857234377672981, 35.211184377144029 ], [ -80.857244454690374, 35.211182598987548 ], [ -80.857254690397738, 35.211181603667846 ], [ -80.858138511915485, 35.211130006505236 ] ] ] } },
{ "type": "Feature", "properties": { "centroid_id": 34, "tree_count": 6, "mean_dist_m": 44.309807980541571, "max_dist_m": 54.685098072958148, "center_x_m": 512950.0, "center_y_m": 3896725.0, "center_lon": -80.857714313260388, "center_lat": 35.21346309852651 }, "geometry": { "type": "Polygon", "coordinates": [ [ [ -80.857159706050439, 35.213332444478041 ], [ -80.857149045859771, 35.2133306479775 ], [ -80.857138654511346, 35.213327994817362 ], [ -80.857128633948861, 35.213324511026286 ], [ -80.857119082478377, 35.213320230781811 ], [ -80.857110093803954, 35.213315196075015 ], [ -80.857101756108293, 35.213309456298553 ], [ -80.857094151187681, 35.213303067762162 ], [ -80.857087353649504, 35.213296093140116 ], [ -80.857081430180315, 35.21328860085648 ], [ -80.857076438891653, 35.213280664413787 ], [ -80.857072428749888, 35.213272361671855 ], [ -80.857069439095895, 35.213263774084147 ], [ -80.857067499259131, 35.213254985898473 ], [ -80.857066628269848, 35.213246083330596 ], [ -80.857066834672452, 35.213237153718389 ], [ -80.85706811644171, 35.213228284665 ], [ -80.857070461002593, 35.213219563179472 ], [ -80.857073845353682, 35.213211074823079 ], [ -80.857078236292807, 35.213202902870016 ], [ -80.857083590742818, 35.21319512749038 ], [ -80.857089856174184, 35.213187824963725 ], [ -80.857096971120328, 35.213181066930694 ], [ -80.857104865780656, 35.213174919690225 ], [ -80.857113462705328, 35.213169443549134 ], [ -80.857122677555083, 35.213164692230478 ], [ -80.85713241992859, 35.213160712346507 ], [ -80.857142594249396, 35.213157542941431 ], [ -80.857153100703485, 35.213155215108294 ], [ -80.857163836218547, 35.213153751684018 ], [ -80.857174695475095, 35.213153167025375 ], [ -80.857185571939709, 35.213153466868079 ], [ -80.858149825204478, 35.213219394140218 ], [ -80.85816031888578, 35.213220531443639 ], [ -80.858170630524498, 35.213222492162288 ], [ -80.858180664420559, 35.213225258099193 ], [ -80.858190327451624, 35.213228803584293 ], [ -80.858199529937195, 35.213233095712738 ], [ -80.858208186470975, 35.213238094650222 ], [ -80.858216216713458, 35.213243754002733 ], [ -80.858223546137566, 35.213250021247035 ], [ -80.858230106720356, 35.213256838218207 ], [ -80.858235837574242, 35.213264141649368 ], [ -80.858240685512158, 35.213271863758905 ], [ -80.858244605541145, 35.213279932879594 ], [ -80.858247561279967, 35.213288274123535 ], [ -80.858249525296671, 35.213296810077374 ], [ -80.858250479363335, 35.213305461520612 ], [ -80.858250414625118, 35.213314148160933 ], [ -80.858249331682529, 35.213322789379291 ], [ -80.858247240585811, 35.213331304978233 ], [ -80.858244160741734, 35.213339615926067 ], [ -80.85824012073347, 35.213347645090451 ], [ -80.858235158055294, 35.213355317954182 ], [ -80.858229318764714, 35.213362563306774 ], [ -80.858222657054895, 35.213369313905432 ], [ -80.858169014162129, 35.213418613907884 ], [ -80.858161340372106, 35.213424997043361 ], [ -80.858152932025547, 35.213430723117206 ], [ -80.858143872273274, 35.21343573550368 ], [ -80.858134250708005, 35.213439984634803 ], [ -80.858124162478333, 35.213443428490478 ], [ -80.858113707347783, 35.213446033014009 ], [ -80.858102988708225, 35.213447772449044 ], [ -80.858092112557443, 35.213448629594083 ], [ -80.85808118645086, 35.213448595972729 ], [ -80.858070318437939, 35.213447671917486 ], [ -80.857159706050439, 35.213332444478041 ] ] ] } },
{ "type": "Feature", "properties": { "centroid_id": 35, "tree_count": 14, "mean_dist_m": 29.336874854309563, "max_dist_m": 38.268118598529831, "center_x_m": 512975.0, "center_y_m": 3896125.0, "center_lon": -80.857449088229615, "center_lat": 35.208052515659908 }, "geometry": { "type": "Polygon", "coordinates": [ [ [ -80.857691806792815, 35.207788316250237 ], [ -80.857703178981083, 35.207788603930162 ], [ -80.857714453938669, 35.207789855356538 ], [ -80.857725510746988, 35.207792057108385 ], [ -80.857736230827001, 35.207795185572976 ], [ -80.857746499210876, 35.207799207198974 ], [ -80.857756205774962, 35.207804078856384 ], [ -80.857765246420783, 35.207809748298935 ], [ -80.857868466168355, 35.207881721748905 ], [ -80.857876567364258, 35.207887976924646 ], [ -80.857883856451522, 35.207894872320715 ], [ -80.85789025872117, 35.207902337263512 ], [ -80.857895708553585, 35.207910295241852 ], [ -80.857900150090941, 35.207918664691249 ], [ -80.857903537809847, 35.207927359829846 ], [ -80.857905836987854, 35.207936291537621 ], [ -80.857907024059358, 35.20794536826989 ], [ -80.857919800839909, 35.208131472992257 ], [ -80.857919892739517, 35.208140031055414 ], [ -80.857918995659247, 35.208148557721948 ], [ -80.857917117680131, 35.208156976179851 ], [ -80.857914275719537, 35.208165210591858 ], [ -80.857910495378846, 35.208173186778716 ], [ -80.857905810712793, 35.208180832887301 ], [ -80.857900263922758, 35.208188080037985 ], [ -80.857893904976521, 35.20819486294512 ], [ -80.857886791158208, 35.20820112050518 ], [ -80.857878986552251, 35.208206796347127 ], [ -80.857870561465987, 35.208211839340358 ], [ -80.85766242034245, 35.20832440919348 ], [ -80.85765015310632, 35.208330151585713 ], [ -80.857406708610171, 35.208427659729743 ], [ -80.857397274607749, 35.208430999635119 ], [ -80.857387501717525, 35.208433601647961 ], [ -80.857377475406309, 35.20843544301291 ], [ -80.857367283357206, 35.208436507626651 ], [ -80.857357014702785, 35.208436786178822 ], [ -80.857346759245516, 35.208436276233407 ], [ -80.857336606672476, 35.208434982250026 ], [ -80.857326645770939, 35.208432915544961 ], [ -80.857316963652011, 35.208430094192167 ], [ -80.857307644988694, 35.208426542865205 ], [ -80.857176579101164, 35.208370336807064 ], [ -80.857167178525842, 35.208365804536896 ], [ -80.857158371557503, 35.208360529888459 ], [ -80.857150244923389, 35.208354564804296 ], [ -80.857142878651047, 35.208347968026061 ], [ -80.857136345280253, 35.208340804516091 ], [ -80.857130709148649, 35.208333144817594 ], [ -80.85712602575822, 35.208325064360011 ], [ -80.857122341228703, 35.208316642716269 ], [ -80.856973693697483, 35.207915292984801 ], [ -80.856971091089875, 35.207906805411319 ], [ -80.856969503317202, 35.207898150731225 ], [ -80.856968945337755, 35.207889410481442 ], [ -80.856969422408042, 35.207880667005121 ], [ -80.856970930033143, 35.207872002675721 ], [ -80.856973454009236, 35.207863499121032 ], [ -80.85697697055727, 35.207855236454151 ], [ -80.85698144654711, 35.207847292518721 ], [ -80.856986839809636, 35.207839742155535 ], [ -80.856993099534023, 35.207832656497494 ], [ -80.857000166746445, 35.207826102299421 ], [ -80.857007974865681, 35.207820141309185 ], [ -80.857016450330391, 35.207814829685944 ], [ -80.857025513292157, 35.207810217471113 ], [ -80.857035078367701, 35.207806348116883 ], [ -80.857045055443351, 35.207803258076858 ], [ -80.857055350523979, 35.207800976462657 ], [ -80.857065866618456, 35.207799524769591 ], [ -80.857076504653577, 35.207798916674236 ], [ -80.857691806792815, 35.207788316250237 ] ] ] } },
{ "type": "Feature", "properties": { "centroid_id": 36, "tree_count": 21, "mean_dist_m": 43.337835667958899, "max_dist_m": 97.11708220236109, "center_x_m": 512975.0, "center_y_m": 3897375.0, "center_lon": -80.857429383289769, "center_lat": 35.219323884671695 }, "geometry": { "type": "Polygon", "coordinates": [ [ [ -80.85766169058887, 35.21840532056833 ], [ -80.857670851905155, 35.218401033726082 ], [ -80.857680471817005, 35.218397487365642 ], [ -80.857690461708657, 35.218394714155096 ], [ -80.857700729556242, 35.218392739640336 ], [ -80.857711180775496, 35.218391582010049 ], [ -80.857721719092964, 35.218391251927926 ], [ -80.857732247432935, 35.218391752434606 ], [ -80.857742668811539, 35.218393078919576 ], [ -80.857752887230262, 35.218395219163654 ], [ -80.857762808560111, 35.218398153451567 ], [ -80.85777234140879, 35.218401854753566 ], [ -80.857781397962555, 35.218406288974357 ], [ -80.857789894795076, 35.218411415267269 ], [ -80.857797753635992, 35.218417186410413 ], [ -80.857804902091857, 35.218423549241749 ], [ -80.85781127431305, 35.218430445148762 ], [ -80.857816811600344, 35.218437810608393 ], [ -80.857920081156394, 35.218591190944586 ], [ -80.857925207686023, 35.218599872083622 ], [ -80.8579291747632, 35.218608952977746 ], [ -80.857931936982467, 35.218618329691822 ], [ -80.857933462728482, 35.21862789490492 ], [ -80.857933734537923, 35.218637539138577 ], [ -80.857900206445009, 35.219542529621762 ], [ -80.857899343396298, 35.219551394304311 ], [ -80.857897420477101, 35.219560146112137 ], [ -80.857894456390383, 35.219568699920828 ], [ -80.857890479966002, 35.219576972531712 ], [ -80.857885529880377, 35.219584883481176 ], [ -80.857879654280296, 35.21959235582333 ], [ -80.857792483583538, 35.219692055556685 ], [ -80.857785854216203, 35.219698909421929 ], [ -80.857778446507126, 35.219705203699981 ], [ -80.857770330217875, 35.219710879114778 ], [ -80.857761581783066, 35.219715882218352 ], [ -80.857752283590571, 35.219720165894238 ], [ -80.857742523205644, 35.2197236898011 ], [ -80.857732392546239, 35.219726420752679 ], [ -80.857721987017399, 35.219728333030361 ], [ -80.857711404612743, 35.219729408625369 ], [ -80.857700744991632, 35.219729637408314 ], [ -80.857690108540652, 35.219729017224637 ], [ -80.85767959542811, 35.219727553914908 ], [ -80.857669304660845, 35.219725261259775 ], [ -80.857659333151688, 35.219722160850232 ], [ -80.857649774806887, 35.219718281884255 ], [ -80.857640719641651, 35.219713660891841 ], [ -80.857632252932532, 35.21970834139097 ], [ -80.856999873505572, 35.219269491463237 ], [ -80.856999058280564, 35.219268920098628 ], [ -80.856885737806863, 35.219188709479909 ], [ -80.856883162124774, 35.2191868277094 ], [ -80.856694291489276, 35.21904441784875 ], [ -80.856686846282244, 35.219038235142243 ], [ -80.856680161092001, 35.219031492883644 ], [ -80.85667429804009, 35.21902425372501 ], [ -80.856669311608343, 35.219016584935751 ], [ -80.856665248132572, 35.219008557777599 ], [ -80.856662145372113, 35.219000246842391 ], [ -80.856660032158842, 35.218991729358919 ], [ -80.85665892812932, 35.218983084475283 ], [ -80.856658843542334, 35.218974392523386 ], [ -80.856659779183602, 35.218965734272523 ], [ -80.856661726358396, 35.218957190178806 ], [ -80.856664666972463, 35.218948839637484 ], [ -80.856668573700119, 35.218940760245239 ], [ -80.856673410238145, 35.218933027079103 ], [ -80.856679131643205, 35.218925711998814 ], [ -80.856685684749451, 35.218918882979054 ], [ -80.856693008662589, 35.218912603477818 ], [ -80.856701035325742, 35.218906931846767 ], [ -80.856709690151789, 35.21890192078893 ], [ -80.85766169058887, 35.21840532056833 ] ] ] } },
{ "type": "Feature", "properties": { "centroid_id": 37, "tree_count": 4, "mean_dist_m": 22.068533977853807, "max_dist_m": 29.053066261474672, "center_x_m": 513000.0, "center_y_m": 3897400.0, "center_lon": -80.85715428654224, "center_lat": 35.219548988025892 }, "geometry": { "type": "Polygon", "coordinates": [ [ [ -80.857040703214409, 35.219279035988905 ], [ -80.857047594403014, 35.219272083631864 ], [ -80.857055292528983, 35.21926572696286 ], [ -80.857063721550958, 35.219260028772297 ], [ -80.857072798207994, 35.219255045346188 ], [ -80.857082432841878, 35.219250825910194 ], [ -80.857092530282856, 35.219247412143382 ], [ -80.857102990789656, 35.219244837766496 ], [ -80.857113711034714, 35.219243128208895 ], [ -80.857124585124836, 35.219242300357372 ], [ -80.857135505647207, 35.219242362389338 ], [ -80.857146364730326, 35.21924331369204 ], [ -80.857157055109568, 35.219245144868644 ], [ -80.85716747118677, 35.21924783783102 ], [ -80.857177510073242, 35.21925136597843 ], [ -80.857187072606095, 35.219255694460301 ], [ -80.857196064327738, 35.219260780520429 ], [ -80.857204396419007, 35.219266573919363 ], [ -80.857211986576331, 35.219273017430609 ], [ -80.857218759824889, 35.219280047405945 ], [ -80.857224649259138, 35.219287594404101 ], [ -80.857229596703661, 35.219295583876708 ], [ -80.85723355328787, 35.21930393690468 ], [ -80.857236479928773, 35.219312570977692 ], [ -80.857238347716972, 35.219321400809321 ], [ -80.857239138202317, 35.2193303391794 ], [ -80.857238843576113, 35.219339297795607 ], [ -80.857237466748302, 35.219348188165611 ], [ -80.857235021318701, 35.219356922471192 ], [ -80.857231531442693, 35.219365414435643 ], [ -80.857227031592657, 35.219373580176125 ], [ -80.857221566217447, 35.219381339032118 ], [ -80.857043736184295, 35.21960709950298 ], [ -80.857037320768541, 35.219614414379585 ], [ -80.857030047588694, 35.219621167186304 ], [ -80.856933267421894, 35.21970244758883 ], [ -80.856925477194864, 35.219708386101154 ], [ -80.856917024001518, 35.219713678925714 ], [ -80.856907986994841, 35.219718276502107 ], [ -80.856898450794532, 35.219722135780017 ], [ -80.856888504694666, 35.21972522062233 ], [ -80.856878241827445, 35.219727502143506 ], [ -80.85686775829133, 35.219728958980056 ], [ -80.856857152250981, 35.219729577490639 ], [ -80.856846523018191, 35.219729351883664 ], [ -80.856835970121935, 35.219728284271667 ], [ -80.856825592376381, 35.219726384651445 ], [ -80.856815486955625, 35.219723670810488 ], [ -80.856805748483765, 35.219720168160357 ], [ -80.856796468148872, 35.219715909498852 ], [ -80.856787732849114, 35.219710934702761 ], [ -80.856779624379072, 35.219705290354568 ], [ -80.856772218663863, 35.219699029306248 ], [ -80.856765585048137, 35.219692210184306 ], [ -80.856759785646844, 35.219684896840903 ], [ -80.856754874763496, 35.219677157755889 ], [ -80.856750898381833, 35.219669065395607 ], [ -80.856747893735132, 35.219660695534387 ], [ -80.856745888957661, 35.219652126544887 ], [ -80.856744902821148, 35.21964343866437 ], [ -80.856744944559168, 35.219634713243323 ], [ -80.856746013780551, 35.219626031983715 ], [ -80.856748100473141, 35.219617476173973 ], [ -80.856751185097522, 35.219609125927825 ], [ -80.856755238770035, 35.219601059434154 ], [ -80.856760223533172, 35.219593352224869 ], [ -80.856766092711084, 35.219586076467635 ], [ -80.857040703214409, 35.219279035988905 ] ] ] } },
{ "type": "Feature", "properties": { "centroid_id": 38, "tree_count": 58, "mean_dist_m": 44.953596546180329, "max_dist_m": 77.343396989710016, "center_x_m": 513025.0, "center_y_m": 3896850.0, "center_lon": -80.85688828904334, "center_lat": 35.214589264120981 }, "geometry": { "type": "Polygon", "coordinates": [ [ [ -80.857415920074047, 35.214050010720527 ], [ -80.857426637783917, 35.214049748137903 ], [ -80.857437335645301, 35.214050344156853 ], [ -80.85744791177585, 35.214051793101127 ], [ -80.857458265452593, 35.214054081171547 ], [ -80.857468298071041, 35.214057186577399 ], [ -80.857477914084384, 35.214061079743985 ], [ -80.8574870219133, 35.214065723594281 ], [ -80.857495534818213, 35.214071073902055 ], [ -80.857503371725286, 35.214077079712943 ], [ -80.857510457998657, 35.214083683829912 ], [ -80.857516726151118, 35.214090823357807 ], [ -80.857522116486862, 35.214098430302421 ], [ -80.857526577670129, 35.214106432218045 ], [ -80.857530067213915, 35.214114752897366 ], [ -80.857532551884802, 35.214123313097247 ], [ -80.857534008019371, 35.21413203129346 ], [ -80.85761499742091, 35.214890493280656 ], [ -80.857615404108159, 35.214899740939714 ], [ -80.857614653770497, 35.214908974108539 ], [ -80.857612754309798, 35.214918095546928 ], [ -80.8576097257301, 35.214927009191356 ], [ -80.857605599926856, 35.21493562116671 ], [ -80.857553222554671, 35.215030361315492 ], [ -80.857548239265185, 35.215038303964661 ], [ -80.857542322736364, 35.215045802949369 ], [ -80.857535531043752, 35.215052784660635 ], [ -80.857527930853408, 35.215059180566996 ], [ -80.857519596767602, 35.215064927887106 ], [ -80.857510610592399, 35.215069970206073 ], [ -80.857501060534801, 35.215074258029176 ], [ -80.857491040336782, 35.215077749267707 ], [ -80.856646142481836, 35.21533237256601 ], [ -80.856636153814151, 35.215334946687776 ], [ -80.856625911954893, 35.215336728918111 ], [ -80.856615509894127, 35.215337703075392 ], [ -80.856605042076481, 35.215337860314833 ], [ -80.856594603543627, 35.215337199208804 ], [ -80.856584289071307, 35.215335725759758 ], [ -80.856574192308898, 35.215333453345742 ], [ -80.856564404929046, 35.215330402598973 ], [ -80.856555015795394, 35.215326601218401 ], [ -80.856546110155705, 35.215322083718348 ], [ -80.85653776886781, 35.215316891115044 ], [ -80.856530067665588, 35.215311070554272 ], [ -80.856523076471234, 35.215304674883242 ], [ -80.856516858760472, 35.21529776217087 ], [ -80.856511470986177, 35.215290395180425 ], [ -80.856506962065879, 35.215282640799771 ], [ -80.856503372937624, 35.21527456943403 ], [ -80.856112144718665, 35.21424484789754 ], [ -80.856109410489509, 35.214236147274683 ], [ -80.856107744963325, 35.214227266525505 ], [ -80.856107164677866, 35.214218293832616 ], [ -80.856107675394767, 35.214209318291566 ], [ -80.856109272042445, 35.214200429026171 ], [ -80.856111938766432, 35.214191714303531 ], [ -80.856115649086831, 35.214183260657585 ], [ -80.856120366161235, 35.214175152029824 ], [ -80.85612604315061, 35.214167468935841 ], [ -80.856132623684374, 35.214160287665798 ], [ -80.856140042420122, 35.21415367952693 ], [ -80.85614822569255, 35.214147710135492 ], [ -80.856157092244757, 35.214142438765222 ], [ -80.856166554035283, 35.21413791775872 ], [ -80.856176517112189, 35.214134192007805 ], [ -80.856186882546012, 35.214131298507716 ], [ -80.856197547412108, 35.214129265989754 ], [ -80.856208405812552, 35.214128114636019 ], [ -80.857415920074047, 35.214050010720527 ] ] ] } },
{ "type": "Feature", "properties": { "centroid_id": 39, "tree_count": 1, "mean_dist_m": 87.977930601120775, "max_dist_m": 87.977930601120775, "center_x_m": 513025.0, "center_y_m": 3897175.0, "center_lon": -80.856883145416717, "center_lat": 35.217519818845567 }, "geometry": { "type": "Polygon", "coordinates": [ [ [ -80.857125277824608, 35.216780849082625 ], [ -80.857125822400874, 35.216772011412772 ], [ -80.857127419910526, 35.216763260103257 ], [ -80.857130054968351, 35.216754679433897 ], [ -80.85713370219699, 35.216746352041206 ], [ -80.8571383264714, 35.216738358122406 ], [ -80.857143883257024, 35.216730774663205 ], [ -80.857150319038865, 35.216723674696354 ], [ -80.857157571836709, 35.216717126598255 ], [ -80.857165571802128, 35.216711193430541 ], [ -80.857174241891101, 35.216705932332744 ], [ -80.857183498606048, 35.216701393971952 ], [ -80.857193252799888, 35.216697622054959 ], [ -80.857203410534638, 35.216694652907258 ], [ -80.857213873986026, 35.216692515123306 ], [ -80.85722454238558, 35.216691229291051 ], [ -80.857235312991151, 35.216690807793718 ], [ -80.857246082076202, 35.216691254690545 ], [ -80.857256745928964, 35.216692565677704 ], [ -80.857267201850973, 35.216694728129681 ], [ -80.857277349146329, 35.216697721220974 ], [ -80.857287090091248, 35.216701516126562 ], [ -80.857296330875371, 35.216706076299531 ], [ -80.857304982505042, 35.216711357823051 ], [ -80.857312961660412, 35.2167173098333 ], [ -80.857320191497905, 35.216723875009286 ], [ -80.857326602390202, 35.216730990124937 ], [ -80.857332132596795, 35.216738586657918 ], [ -80.857336728858598, 35.216746591449585 ], [ -80.857340346910917, 35.216754927409525 ], [ -80.857342951909601, 35.216763514257984 ], [ -80.857344518766837, 35.216772269298978 ], [ -80.857345032392601, 35.216781108216715 ], [ -80.857344487840024, 35.216789945887584 ], [ -80.857342890353124, 35.216798697200005 ], [ -80.857340255316245, 35.216807277873961 ], [ -80.857336608105925, 35.216815605272835 ], [ -80.857331983846535, 35.216823599199152 ], [ -80.857326427071996, 35.21683118266688 ], [ -80.857319991296947, 35.216838282643003 ], [ -80.857312738501307, 35.216844830750702 ], [ -80.857304738533415, 35.216850763927994 ], [ -80.857296068437392, 35.216856025035 ], [ -80.857286811711106, 35.216860563404254 ], [ -80.857277057502046, 35.216864335328651 ], [ -80.857266899748794, 35.216867304482392 ], [ -80.85725643627633, 35.216869442270827 ], [ -80.857245767853925, 35.216870728105803 ], [ -80.857234997224651, 35.216871149603996 ], [ -80.857224228115896, 35.216870702706132 ], [ -80.857213564240396, 35.216869391716102 ], [ -80.857203108297441, 35.216867229259506 ], [ -80.857192960983767, 35.216864236162017 ], [ -80.857183220023828, 35.216860441248926 ], [ -80.857173979228591, 35.21685588106741 ], [ -80.857165327592156, 35.216850599534645 ], [ -80.857157348434569, 35.21684464751479 ], [ -80.857150118599549, 35.216838082329211 ], [ -80.8571437077143, 35.216830967204366 ], [ -80.857138177519062, 35.216823370662929 ], [ -80.857133581272464, 35.216815365863845 ], [ -80.857129963238677, 35.216807029897858 ], [ -80.857127358261053, 35.216798443044922 ], [ -80.85712579142664, 35.216789688001207 ], [ -80.857125277824608, 35.216780849082625 ] ] ] } },
{ "type": "Feature", "properties": { "centroid_id": 40, "tree_count": 33, "mean_dist_m": 42.690174868734651, "max_dist_m": 79.481941209986687, "center_x_m": 513050.0, "center_y_m": 3896450.0, "center_lon": -80.856619944970177, "center_lat": 35.210982100629181 }, "geometry": { "type": "Polygon", "coordinates": [ [ [ -80.857001233677835, 35.210259314312616 ], [ -80.857012107195061, 35.210257776746623 ], [ -80.857023113785587, 35.210257142018087 ], [ -80.857034142442814, 35.210257416528506 ], [ -80.857045081937656, 35.210258597509345 ], [ -80.857055821940207, 35.210260673049881 ], [ -80.857066254132505, 35.210263622217283 ], [ -80.857076273301018, 35.210267415267857 ], [ -80.857085778397689, 35.210272013946899 ], [ -80.857094673559047, 35.210277371874561 ], [ -80.857194919320079, 35.210344362314984 ], [ -80.857202675187722, 35.2103500677594 ], [ -80.857209737927121, 35.210356350316957 ], [ -80.85721604406686, 35.210363153527766 ], [ -80.857221536934915, 35.210370416252935 ], [ -80.857226167167909, 35.210378073223971 ], [ -80.85722989315471, 35.210386055629399 ], [ -80.857232681410409, 35.210394291733088 ], [ -80.857234506877319, 35.21040270751898 ], [ -80.857235353150017, 35.210411227356211 ], [ -80.857267155695538, 35.211180306299447 ], [ -80.857267007583289, 35.211188954786373 ], [ -80.85726585051097, 35.211197551839746 ], [ -80.857263695124388, 35.211206018358681 ], [ -80.857260561254805, 35.211214276443336 ], [ -80.857256477736456, 35.211222250111611 ], [ -80.857251482141265, 35.211229865998284 ], [ -80.857245620433162, 35.21123705403005 ], [ -80.857238946545152, 35.211243748070238 ], [ -80.857231521883108, 35.211249886527384 ], [ -80.857017865725865, 35.211410348418909 ], [ -80.857009666617259, 35.211415931531526 ], [ -80.857000847179094, 35.211420836664487 ], [ -80.856991490337663, 35.211425017696385 ], [ -80.856981684072295, 35.211428435314311 ], [ -80.856971520588161, 35.211431057383457 ], [ -80.856961095449293, 35.211432859249349 ], [ -80.856950506679979, 35.211433823969614 ], [ -80.85608117209604, 35.211478152877525 ], [ -80.856070862330583, 35.211478280711312 ], [ -80.856060583363657, 35.211477614794404 ], [ -80.856050425724192, 35.211476160991694 ], [ -80.856040478872558, 35.211473932107097 ], [ -80.856030830412635, 35.211470947770856 ], [ -80.856021565320304, 35.211467234266621 ], [ -80.85601276519499, 35.211462824299943 ], [ -80.856004507541073, 35.211457756710267 ], [ -80.855996865085174, 35.211452076128865 ], [ -80.8559899051358, 35.211445832585675 ], [ -80.855904967993553, 35.21136206233254 ], [ -80.855898160775141, 35.211354594613233 ], [ -80.855892329814267, 35.211346589784917 ], [ -80.855887537486666, 35.211338133478272 ], [ -80.855883835057298, 35.211329316153616 ], [ -80.855881262132115, 35.21132023213314 ], [ -80.855879846234231, 35.211310978591975 ], [ -80.85587960250966, 35.211301654518621 ], [ -80.855880533565184, 35.211292359656092 ], [ -80.855980968727252, 35.210679806479831 ], [ -80.85598283987072, 35.210671418058269 ], [ -80.855985668193952, 35.210663212222649 ], [ -80.855989428399525, 35.21065526236773 ], [ -80.855994086855105, 35.210647639598676 ], [ -80.856129075885136, 35.210450595260596 ], [ -80.856134495446824, 35.210443480786708 ], [ -80.856140697290371, 35.21043681054477 ], [ -80.856147627717803, 35.210430642288117 ], [ -80.856155226722876, 35.210425029423682 ], [ -80.856163428510598, 35.210420020549627 ], [ -80.856172162066912, 35.210415659034545 ], [ -80.8561813517736, 35.210411982641965 ], [ -80.856190918062865, 35.21040902320334 ], [ -80.856200778106484, 35.210406806342561 ], [ -80.857001233677835, 35.210259314312616 ] ] ] } },
{ "type": "Feature", "properties": { "centroid_id": 41, "tree_count": 57, "mean_dist_m": 40.899957667267266, "max_dist_m": 75.009551042747191, "center_x_m": 513050.0, "center_y_m": 3896650.0, "center_lon": -80.85661677423748, "center_lat": 35.212785520144976 }, "geometry": { "type": "Polygon", "coordinates": [ [ [ -80.856042576622926, 35.212304383688284 ], [ -80.856044446402464, 35.212295569589223 ], [ -80.856047371255571, 35.212286950941127 ], [ -80.856051322388524, 35.21227861258938 ], [ -80.856056260904452, 35.212270636619998 ], [ -80.856062138186431, 35.212263101551549 ], [ -80.856068896375945, 35.212256081562195 ], [ -80.856076468942575, 35.2122496457594 ], [ -80.856084781338851, 35.212243857499686 ], [ -80.85609375173425, 35.212238773764909 ], [ -80.856103291820659, 35.212234444601279 ], [ -80.856113307681809, 35.212230912626701 ], [ -80.856123700717703, 35.212228212611279 ], [ -80.8561343686154, 35.212226371134982 ], [ -80.856145206356089, 35.212225406325992 ], [ -80.856156107248992, 35.212225327682255 ], [ -80.857254099552677, 35.212262144363436 ], [ -80.857264571180352, 35.212262908561755 ], [ -80.857274905877063, 35.212264490632407 ], [ -80.857285009024167, 35.212266876090908 ], [ -80.857294788122957, 35.212270043097305 ], [ -80.857304153641493, 35.212273962656305 ], [ -80.857313019834294, 35.212278598882634 ], [ -80.857321305527378, 35.212283909329592 ], [ -80.857328934861513, 35.212289845377732 ], [ -80.857335837986582, 35.212296352679886 ], [ -80.857341951701287, 35.212303371658848 ], [ -80.857347220031599, 35.212310838052709 ], [ -80.857351594743378, 35.21231868350332 ], [ -80.857355035783883, 35.212326836182029 ], [ -80.857357511648573, 35.212335221447375 ], [ -80.857358999669458, 35.212343762528441 ], [ -80.85735948622272, 35.212352381227696 ], [ -80.857358966853425, 35.212360998636981 ], [ -80.857357446316314, 35.212369535859928 ], [ -80.857170287713714, 35.213155461704815 ], [ -80.857167561063363, 35.213164437613862 ], [ -80.857163728206231, 35.213173137022181 ], [ -80.857158829481705, 35.213181468371083 ], [ -80.857152916447106, 35.213189343975536 ], [ -80.857146051335121, 35.21319668094705 ], [ -80.85713830639888, 35.213203402066142 ], [ -80.85712976315142, 35.213209436594916 ], [ -80.857120511507858, 35.21321472102165 ], [ -80.857110648839068, 35.213219199729195 ], [ -80.857100278946803, 35.213222825580438 ], [ -80.857089510971292, 35.213225560414244 ], [ -80.856232246556317, 35.213404306435102 ], [ -80.856221572856086, 35.213406075038087 ], [ -80.856210738259747, 35.213406967875549 ], [ -80.856199849185415, 35.213406976177936 ], [ -80.856189012586341, 35.213406099863711 ], [ -80.856178334900349, 35.213404347540092 ], [ -80.856167921004356, 35.213401736418518 ], [ -80.856157873184344, 35.213398292145634 ], [ -80.856148290130605, 35.213394048551258 ], [ -80.856139265968423, 35.213389047316305 ], [ -80.856130889333613, 35.213383337563172 ], [ -80.856123242501809, 35.21337697537345 ], [ -80.855943906990944, 35.213212175941365 ], [ -80.855937357969793, 35.213205552009605 ], [ -80.855931600933872, 35.213198449839744 ], [ -80.855926687403667, 35.213190932990265 ], [ -80.855922661350874, 35.213183068730643 ], [ -80.855919558804999, 35.21317492743934 ], [ -80.855917407530939, 35.213166581974029 ], [ -80.855916226780465, 35.213158107019567 ], [ -80.855916027119989, 35.213149578419547 ], [ -80.855916810335984, 35.213141072497656 ], [ -80.856042576622926, 35.212304383688284 ] ] ] } },
{ "type": "Feature", "properties": { "centroid_id": 42, "tree_count": 6, "mean_dist_m": 22.566136479367362, "max_dist_m": 34.748018163240069, "center_x_m": 513050.0, "center_y_m": 3897450.0, "center_lon": -80.856604088489846, "center_lat": 35.219999192822947 }, "geometry": { "type": "Polygon", "coordinates": [ [ [ -80.856698832722657, 35.21965953867555 ], [ -80.856706629137094, 35.219653291067665 ], [ -80.856715141299262, 35.219647707889102 ], [ -80.85672428549276, 35.219642844049879 ], [ -80.856733971785275, 35.219638747385339 ], [ -80.856744104913076, 35.219635458185728 ], [ -80.856754585217843, 35.219633008800017 ], [ -80.856765309626894, 35.219631423317637 ], [ -80.856776172666812, 35.21963071733164 ], [ -80.856787067500733, 35.21963089778535 ], [ -80.856797886979166, 35.219631962903982 ], [ -80.856808524693676, 35.219633902212237 ], [ -80.856818876023482, 35.219636696637217 ], [ -80.856828839164308, 35.219640318696044 ], [ -80.856838316129668, 35.219644732766156 ], [ -80.856847213714474, 35.219649895435637 ], [ -80.856855444411792, 35.219655755930141 ], [ -80.856862927273369, 35.219662256612281 ], [ -80.856869588705806, 35.219669333548509 ], [ -80.85687536319432, 35.219676917137818 ], [ -80.856880193947106, 35.219684932796277 ], [ -80.856884033453852, 35.21969330169064 ], [ -80.856886843953035, 35.219701941513541 ], [ -80.856926854191556, 35.219855041438954 ], [ -80.856928591454604, 35.219863746912814 ], [ -80.856929283824286, 35.219872550030594 ], [ -80.856928924673753, 35.219881366540008 ], [ -80.856927517440027, 35.219890112060639 ], [ -80.856925075591036, 35.219898702891406 ], [ -80.856921622496728, 35.219907056811742 ], [ -80.856917191205497, 35.219915093868408 ], [ -80.856911824127792, 35.219922737140834 ], [ -80.856905572630325, 35.219929913477173 ], [ -80.856870702901816, 35.219966063813992 ], [ -80.856862084898623, 35.219973990155459 ], [ -80.856832584735756, 35.219998099818895 ], [ -80.856824517142527, 35.220004071179517 ], [ -80.856815770390867, 35.220009359565942 ], [ -80.856806429989447, 35.220013913278599 ], [ -80.856796587250599, 35.220017687800059 ], [ -80.856447776517442, 35.220134578106666 ], [ -80.8564377661572, 35.220137478116477 ], [ -80.856427461493453, 35.220139571887707 ], [ -80.856416958707655, 35.220140839877509 ], [ -80.856406355830543, 35.220141270250785 ], [ -80.856395751827023, 35.220140858990483 ], [ -80.856385245672556, 35.220139609935266 ], [ -80.856374935429287, 35.2201375347435 ], [ -80.856364917330723, 35.220134652784601 ], [ -80.856355284883577, 35.220130990958111 ], [ -80.856346127994925, 35.220126583442728 ], [ -80.856337532133011, 35.220121471377219 ], [ -80.856329577529607, 35.220115702476441 ], [ -80.856322338430999, 35.220109330586013 ], [ -80.856315882405141, 35.22010241517971 ], [ -80.856310269710875, 35.220095020804337 ], [ -80.85630555273552, 35.220087216477253 ], [ -80.856301775505969, 35.220079075042229 ], [ -80.856298973277703, 35.22007067248947 ], [ -80.856297172205728, 35.220062087246362 ], [ -80.856296389100478, 35.22005339944549 ], [ -80.856296631270965, 35.220044690176628 ], [ -80.856297896456496, 35.220036040729923 ], [ -80.856300172847824, 35.220027531837104 ], [ -80.85630343919739, 35.220019242918013 ], [ -80.85630766501761, 35.220011251339272 ], [ -80.856312810865546, 35.220003631692187 ], [ -80.856318828710926, 35.219996455096556 ], [ -80.856325662384606, 35.219989788536779 ], [ -80.856698832722657, 35.21965953867555 ] ] ] } },
{ "type": "Feature", "properties": { "centroid_id": 43, "tree_count": 36, "mean_dist_m": 51.970997443925285, "max_dist_m": 90.297804653532211, "center_x_m": 513075.0, "center_y_m": 3897025.0, "center_lon": -80.856336137222883, "center_lat": 35.216166604644748 }, "geometry": { "type": "Polygon", "coordinates": [ [ [ -80.856411323583103, 35.21531147524724 ], [ -80.856417937709594, 35.21530457094682 ], [ -80.85642533890703, 35.2152982274444 ], [ -80.856433456964396, 35.215292504917024 ], [ -80.856442214870356, 35.215287457650973 ], [ -80.856451529543691, 35.21528313352669 ], [ -80.856461312621519, 35.215279573564558 ], [ -80.85647147129751, 35.215276811535844 ], [ -80.856481909202373, 35.215274873642272 ], [ -80.85649252731784, 35.215273778267495 ], [ -80.856503224916196, 35.215273535802673 ], [ -80.856513900515679, 35.215274148547934 ], [ -80.856524452843246, 35.215275610690526 ], [ -80.856534781795233, 35.21527790835998 ], [ -80.856544789387002, 35.215281019759644 ], [ -80.856554380682411, 35.215284915373559 ], [ -80.856563464694474, 35.215289558246297 ], [ -80.857185662212061, 35.215643197194694 ], [ -80.85719408015153, 35.215648492712461 ], [ -80.85720183669909, 35.215654429652737 ], [ -80.857208859575422, 35.215660952692282 ], [ -80.85721508333782, 35.215668001046282 ], [ -80.857220449990081, 35.215675509034831 ], [ -80.85722490952287, 35.215683406694843 ], [ -80.857228420379855, 35.215691620432082 ], [ -80.857230949844862, 35.215700073706962 ], [ -80.857232474346816, 35.215708687747707 ], [ -80.857232979679281, 35.215717382284438 ], [ -80.857232461133037, 35.215726076297152 ], [ -80.857124574110429, 35.216634148946888 ], [ -80.857122976358752, 35.216643011025575 ], [ -80.857120314945917, 35.216651699259614 ], [ -80.857116616141226, 35.216660127891181 ], [ -80.857111916453732, 35.216668213724802 ], [ -80.857106262271785, 35.216675876948614 ], [ -80.857099709405176, 35.216683041922167 ], [ -80.857092322534299, 35.216689637922961 ], [ -80.857084174571725, 35.216695599844606 ], [ -80.857075345942462, 35.216700868839439 ], [ -80.857065923790216, 35.21670539289935 ], [ -80.857056001117115, 35.216709127369178 ], [ -80.857045675865791, 35.216712035387502 ], [ -80.857035049952572, 35.216714088250455 ], [ -80.857024228261551, 35.216715265695065 ], [ -80.857013317609272, 35.216715556099203 ], [ -80.857002425690411, 35.216714956596448 ], [ -80.8569916600147, 35.216713473104257 ], [ -80.856981126845767, 35.216711120265565 ], [ -80.855841158689799, 35.216405811429915 ], [ -80.855831159203248, 35.216402683429251 ], [ -80.855821577926903, 35.216398771987002 ], [ -80.855812505744296, 35.216394114205343 ], [ -80.855804028709912, 35.216388754265836 ], [ -80.855796227232858, 35.216382743010385 ], [ -80.8557891753142, 35.216376137459022 ], [ -80.855782939844943, 35.216369000268898 ], [ -80.855777579971658, 35.216361399140091 ], [ -80.855773146535284, 35.216353406173319 ], [ -80.855769681589067, 35.216345097186093 ], [ -80.855767217999514, 35.216336550993546 ], [ -80.855765779134771, 35.216327848660725 ], [ -80.855765378642872, 35.216319072733825 ], [ -80.855766020322335, 35.21631030645699 ], [ -80.855767698086183, 35.216301632982898 ], [ -80.855770396019651, 35.216293134583843 ], [ -80.855774088531149, 35.216284891871474 ], [ -80.856073336742114, 35.215705669984082 ], [ -80.856078563436483, 35.215696905680673 ], [ -80.856084913496744, 35.215688656173576 ], [ -80.856411323583103, 35.21531147524724 ] ] ] } },
{ "type": "Feature", "properties": { "centroid_id": 44, "tree_count": 7, "mean_dist_m": 42.550667318598094, "max_dist_m": 77.530336213390726, "center_x_m": 513100.0, "center_y_m": 3897275.0, "center_lon": -80.856057466434123, "center_lat": 35.218420550701858 }, "geometry": { "type": "Polygon", "coordinates": [ [ [ -80.855951919097265, 35.218609045195365 ], [ -80.855943521361127, 35.218603685823581 ], [ -80.855935794536919, 35.218597685138981 ], [ -80.855928811052976, 35.218591099389819 ], [ -80.855922636369669, 35.218583990308481 ], [ -80.855917328366033, 35.218576424532884 ], [ -80.855912936797054, 35.218568472981801 ], [ -80.855909502827402, 35.218560210190091 ], [ -80.855907058645485, 35.218551713610033 ], [ -80.855905627161874, 35.218543062885381 ], [ -80.855905221794387, 35.218534339104707 ], [ -80.855905846342466, 35.218525624041355 ], [ -80.855907494951524, 35.218516999386956 ], [ -80.855910152167809, 35.218508545985642 ], [ -80.855913793083317, 35.218500343076286 ], [ -80.855918383569247, 35.218492467549666 ], [ -80.855923880595967, 35.218484993227854 ], [ -80.855930232636339, 35.218477990172119 ], [ -80.85593738014866, 35.218471524026285 ], [ -80.855945256134902, 35.218465655401367 ], [ -80.855953786768652, 35.218460439307435 ], [ -80.855962892087121, 35.218455924638029 ], [ -80.85597248674074, 35.218452153711794 ], [ -80.855982480793145, 35.218449161875846 ], [ -80.855992780564179, 35.218446977174388 ], [ -80.856003289508081, 35.218445620085923 ], [ -80.856013909118374, 35.21844510333122 ], [ -80.856024539851262, 35.218445431754141 ], [ -80.85617807914636, 35.218456301517804 ], [ -80.856189340739206, 35.218457583262584 ], [ -80.856200380652652, 35.218459813109227 ], [ -80.856211080690315, 35.218462967184422 ], [ -80.856221326294659, 35.21846701171976 ], [ -80.856231007773346, 35.218471903413331 ], [ -80.856240021473681, 35.218477589893325 ], [ -80.856544851144207, 35.218691370232172 ], [ -80.856546151330292, 35.218692296626216 ], [ -80.85665342230395, 35.218769946034662 ], [ -80.856660181285193, 35.218775276135617 ], [ -80.856744850886969, 35.218847996096656 ], [ -80.85675191033252, 35.218854688047095 ], [ -80.856758136273896, 35.218861915731381 ], [ -80.856763468721752, 35.218869609508232 ], [ -80.856767856295818, 35.218877695245418 ], [ -80.856771256719966, 35.218886095033973 ], [ -80.856773637229594, 35.218894727938924 ], [ -80.856774974887315, 35.21890351077915 ], [ -80.856775256803942, 35.218912358928769 ], [ -80.8567744802628, 35.218921187132629 ], [ -80.856772652745775, 35.218929910327702 ], [ -80.856769791861367, 35.218938444462779 ], [ -80.856765925174955, 35.218946707308234 ], [ -80.856761089943205, 35.218954619248436 ], [ -80.856755332755156, 35.218962104048813 ], [ -80.856748709083291, 35.218969089590452 ], [ -80.856741282749041, 35.218975508564938 ], [ -80.856733125307827, 35.218981299122973 ], [ -80.856724315359671, 35.218986405470268 ], [ -80.856714937791764, 35.218990778405143 ], [ -80.856705082960588, 35.21899437579264 ], [ -80.856694845821309, 35.218997162970531 ], [ -80.856684325012779, 35.218999113083235 ], [ -80.856673621907177, 35.219000207340642 ], [ -80.856662839633202, 35.219000435199156 ], [ -80.856652082082334, 35.218999794463244 ], [ -80.856641452907908, 35.218998291306683 ], [ -80.856631054526218, 35.218995940212977 ], [ -80.856620987129801, 35.218992763835836 ], [ -80.85661134772198, 35.218988792780927 ], [ -80.856602229182187, 35.218984065310948 ], [ -80.855951919097265, 35.218609045195365 ] ] ] } },
{ "type": "Feature", "properties": { "centroid_id": 45, "tree_count": 7, "mean_dist_m": 15.572788655484857, "max_dist_m": 24.153948105147066, "center_x_m": 513125.0, "center_y_m": 3897300.0, "center_lon": -80.855782368966686, "center_lat": 35.218645650970537 }, "geometry": { "type": "Polygon", "coordinates": [ [ [ -80.855654186553167, 35.218528761002275 ], [ -80.855661762794199, 35.218522048363369 ], [ -80.855670128962274, 35.218516000333224 ], [ -80.855679198919617, 35.218510679182039 ], [ -80.85568887928234, 35.218506139696082 ], [ -80.85569907038186, 35.21850242861364 ], [ -80.85570966729118, 35.218499584143835 ], [ -80.855720560905084, 35.218497635573129 ], [ -80.855731639063606, 35.218496602963896 ], [ -80.855742787706703, 35.218496496947829 ], [ -80.855753892048597, 35.21849731861645 ], [ -80.855952921930083, 35.218520448841005 ], [ -80.855963334988488, 35.218522082886693 ], [ -80.855973507681199, 35.218524532857714 ], [ -80.85598334530755, 35.218527775946598 ], [ -80.855992756286128, 35.21853178196244 ], [ -80.856001653007255, 35.218536513612072 ], [ -80.85600995264862, 35.218541926847138 ], [ -80.856017577946204, 35.218547971274198 ], [ -80.856024457913662, 35.21855459062386 ], [ -80.856030528503084, 35.218561723274561 ], [ -80.856035733201281, 35.218569302826261 ], [ -80.856040023555821, 35.218577258718568 ], [ -80.856043359626199, 35.2185855168876 ], [ -80.856045710355602, 35.218594000455454 ], [ -80.856047053859996, 35.218602630445886 ], [ -80.856047377631995, 35.21861132651955 ], [ -80.856046678657123, 35.218620007721853 ], [ -80.856044963442073, 35.218628593236666 ], [ -80.856042247954036, 35.218637003138596 ], [ -80.856038557472075, 35.218645159137068 ], [ -80.856033926351827, 35.218652985305155 ], [ -80.856028397705728, 35.218660408786384 ], [ -80.856022023001572, 35.21866736047307 ], [ -80.855870943557662, 35.218816550412328 ], [ -80.85586826809778, 35.218819094432533 ], [ -80.855773367331025, 35.21890600456679 ], [ -80.855765690563288, 35.218912368650621 ], [ -80.855757282443335, 35.218918076496095 ], [ -80.855748225894999, 35.218923071810316 ], [ -80.855738610237267, 35.218927305327639 ], [ -80.855728530303281, 35.218930735295523 ], [ -80.855718085505117, 35.218933327886305 ], [ -80.855707378853282, 35.218935057530913 ], [ -80.855696515940821, 35.218935907170902 ], [ -80.855685603901918, 35.218935868426833 ], [ -80.855674750355249, 35.218934941680821 ], [ -80.855664062342584, 35.218933136072742 ], [ -80.855653645273179, 35.218930469410232 ], [ -80.855643601884054, 35.218926967992893 ], [ -80.855634031226842, 35.218922666353038 ], [ -80.855625027690905, 35.218917606915063 ], [ -80.85549226820072, 35.218834767470739 ], [ -80.855483782747257, 35.218828894669464 ], [ -80.85547606263296, 35.218822349272351 ], [ -80.855469186645522, 35.21881519807868 ], [ -80.855463224957859, 35.218807514070193 ], [ -80.855458238411828, 35.218799375666229 ], [ -80.855454277897479, 35.218790865923502 ], [ -80.855451383833596, 35.218782071688366 ], [ -80.855449585755281, 35.21877308271057 ], [ -80.855448902012441, 35.218763990727275 ], [ -80.855449339582691, 35.218754888526831 ], [ -80.855450894, 35.218745869001793 ], [ -80.855453549400409, 35.218737024201019 ], [ -80.855457278683843, 35.218728444390131 ], [ -80.855462043790808, 35.218720217130397 ], [ -80.855467796090679, 35.218712426385068 ], [ -80.855474476878172, 35.218705151662533 ], [ -80.855654186553167, 35.218528761002275 ] ] ] } },
{ "type": "Feature", "properties": { "centroid_id": 46, "tree_count": 56, "mean_dist_m": 65.512809277267067, "max_dist_m": 118.27938750464514, "center_x_m": 513150.0, "center_y_m": 3896350.0, "center_lon": -80.855522847736765, "center_lat": 35.210079084659348 }, "geometry": { "type": "Polygon", "coordinates": [ [ [ -80.856195971641995, 35.209091715210924 ], [ -80.856206660592022, 35.209091331688271 ], [ -80.85621734431075, 35.209091803283528 ], [ -80.856227921480468, 35.209093125524369 ], [ -80.856238291793844, 35.209095285871499 ], [ -80.856273418634188, 35.209104118209616 ], [ -80.856283492717452, 35.209107099239645 ], [ -80.856293165335288, 35.209110871051088 ], [ -80.856302344592009, 35.209115397809519 ], [ -80.856310943279126, 35.209120636508004 ], [ -80.856318879703849, 35.209126537375781 ], [ -80.856326078465216, 35.209133044351077 ], [ -80.856332471170504, 35.209140095613691 ], [ -80.856337997084921, 35.209147624172381 ], [ -80.856342603708683, 35.209155558501266 ], [ -80.856346247275766, 35.209163823219399 ], [ -80.85634889316978, 35.209172339806877 ], [ -80.856390202900457, 35.209338819162362 ], [ -80.856391865064651, 35.209347821119501 ], [ -80.856392412682141, 35.209356914756107 ], [ -80.856391840169422, 35.209366007359854 ], [ -80.85639015336308, 35.209375006228903 ], [ -80.856075425408903, 35.21062892947414 ], [ -80.856072835160603, 35.210637231029175 ], [ -80.856069296409601, 35.21064529329302 ], [ -80.856064841116563, 35.21065304344976 ], [ -80.856059509520108, 35.21066041150231 ], [ -80.85605334977339, 35.210667330904592 ], [ -80.856046417509205, 35.210673739162637 ], [ -80.856038775337581, 35.210679578398953 ], [ -80.85603049228024, 35.21068479587521 ], [ -80.856021643147216, 35.210689344468712 ], [ -80.856012307861278, 35.210693183097867 ], [ -80.856002570735953, 35.210696277093284 ], [ -80.855992519714178, 35.210698598510866 ], [ -80.855982245573884, 35.210700126384253 ], [ -80.854695752084879, 35.210840000887039 ], [ -80.854684945032361, 35.210840732808009 ], [ -80.854674102704109, 35.210840586838621 ], [ -80.854663330716846, 35.2108395644008 ], [ -80.854652734002045, 35.210837675454229 ], [ -80.854642415783786, 35.210834938399415 ], [ -80.854632476573315, 35.210831379898394 ], [ -80.854623013189808, 35.210827034615065 ], [ -80.854614117817334, 35.210821944877409 ], [ -80.854605877106863, 35.210816160265288 ], [ -80.854598371332102, 35.21080973712737 ], [ -80.854591673607644, 35.210802738032349 ], [ -80.854585849176715, 35.210795231159288 ], [ -80.854580954775571, 35.210787289633643 ], [ -80.854577038080933, 35.210778990814816 ], [ -80.854574137245521, 35.210770415542605 ], [ -80.854572280526369, 35.210761647349806 ], [ -80.854571486009675, 35.210752771648409 ], [ -80.854529137511037, 35.20930283643267 ], [ -80.854529424711629, 35.209293811874332 ], [ -80.854530809956614, 35.209284856113428 ], [ -80.854533279360794, 35.209276058916736 ], [ -80.854536808172114, 35.209267508461693 ], [ -80.85454136101977, 35.209259290452465 ], [ -80.854546892268658, 35.209251487261014 ], [ -80.854553346476933, 35.209244177101418 ], [ -80.854560658951584, 35.209237433245896 ], [ -80.854568756397043, 35.209231323290375 ], [ -80.854577557649705, 35.209225908477023 ], [ -80.854586974491568, 35.2092212430803 ], [ -80.85459691253439, 35.209217373863041 ], [ -80.85460727216585, 35.209214339607669 ], [ -80.854617949547873, 35.209212170727547 ], [ -80.854628837657572, 35.209210888962076 ], [ -80.856195971641995, 35.209091715210924 ] ] ] } },
{ "type": "Feature", "properties": { "centroid_id": 47, "tree_count": 45, "mean_dist_m": 47.231726911272695, "max_dist_m": 106.43645151648219, "center_x_m": 513150.0, "center_y_m": 3896550.0, "center_lon": -80.855519652849438, "center_lat": 35.211882504357632 }, "geometry": { "type": "Polygon", "coordinates": [ [ [ -80.854589111076564, 35.211172415572499 ], [ -80.854593331549012, 35.211164539388598 ], [ -80.854598447498347, 35.211157029200805 ], [ -80.854604412343093, 35.211149953390098 ], [ -80.854611171772618, 35.211143376382374 ], [ -80.854618664241528, 35.211137358061876 ], [ -80.85462682153009, 35.211131953225937 ], [ -80.854635569365357, 35.211127211086044 ], [ -80.854644828097491, 35.211123174819768 ], [ -80.85465451342489, 35.211119881177673 ], [ -80.854664537161838, 35.211117360148613 ], [ -80.854674808041366, 35.211115634686756 ], [ -80.854685232546331, 35.2111147205026 ], [ -80.854695715760769, 35.211114625919826 ], [ -80.854706162234194, 35.211115351799648 ], [ -80.855965680997329, 35.211252793588599 ], [ -80.855976602541915, 35.211254450084567 ], [ -80.85598726451326, 35.211257003045233 ], [ -80.855997557960293, 35.211260426382751 ], [ -80.856007377697736, 35.211264685115196 ], [ -80.856016623380867, 35.211269735724024 ], [ -80.856025200531093, 35.211275526598733 ], [ -80.85603302150119, 35.211281998564331 ], [ -80.856040006371074, 35.21128908548593 ], [ -80.856046083764426, 35.211296714944602 ], [ -80.856051191578075, 35.211304808977395 ], [ -80.856055277616633, 35.211313284874009 ], [ -80.856058300125852, 35.211322056021963 ], [ -80.856060228219334, 35.211331032791655 ], [ -80.856083549067904, 35.211484693078248 ], [ -80.856084374660583, 35.211494256278591 ], [ -80.856102407261432, 35.21233756450507 ], [ -80.85610206465843, 35.212346435303878 ], [ -80.856100661120891, 35.212355235491742 ], [ -80.856098210245719, 35.212363879813807 ], [ -80.856094735776324, 35.212372284525117 ], [ -80.856090271372537, 35.212380368202055 ], [ -80.856084860284597, 35.212388052531118 ], [ -80.856078554934101, 35.212395263067563 ], [ -80.856071416406195, 35.212401929956719 ], [ -80.856063513857805, 35.212407988610657 ], [ -80.856054923847637, 35.212413380333921 ], [ -80.856045729594427, 35.212418052892204 ], [ -80.856036020170876, 35.212421961018364 ], [ -80.856025889640577, 35.212425066850948 ], [ -80.856015436146777, 35.212427340301062 ], [ -80.856004760961653, 35.212428759343801 ], [ -80.855993967505043, 35.212429310231649 ], [ -80.855013916897349, 35.212439663824952 ], [ -80.85500300128885, 35.212439333451726 ], [ -80.854992179594305, 35.212438115200762 ], [ -80.854981558771513, 35.212436021112801 ], [ -80.854971243792889, 35.212433071885087 ], [ -80.854961336607929, 35.212429296666699 ], [ -80.854951935135702, 35.212424732770593 ], [ -80.854943132296867, 35.212419425304645 ], [ -80.854935015095364, 35.212413426725945 ], [ -80.854927663758517, 35.212406796322263 ], [ -80.854921150944079, 35.212399599626103 ], [ -80.854915541022066, 35.212391907766929 ], [ -80.854910889438599, 35.21238379676825 ], [ -80.854907242167926, 35.212375346796151 ], [ -80.854532179563861, 35.211346525456555 ], [ -80.854529690439705, 35.211338311647033 ], [ -80.854528150681716, 35.211329942480241 ], [ -80.854527573856302, 35.211321491696118 ], [ -80.85452796504552, 35.21131303375369 ], [ -80.854529320802314, 35.211304643175048 ], [ -80.854531629180968, 35.211296393888674 ], [ -80.854534869842311, 35.21128835857818 ], [ -80.854589111076564, 35.211172415572499 ] ] ] } },
{ "type": "Feature", "properties": { "centroid_id": 48, "tree_count": 42, "mean_dist_m": 42.474498837887346, "max_dist_m": 79.835113521450779, "center_x_m": 513150.0, "center_y_m": 3896750.0, "center_lon": -80.855516457678306, "center_lat": 35.213685923517417 }, "geometry": { "type": "Polygon", "coordinates": [ [ [ -80.855836540313774, 35.213200264294471 ], [ -80.855844564388264, 35.213194093330628 ], [ -80.855853299895088, 35.213188611533077 ], [ -80.855862659330768, 35.213183873812859 ], [ -80.855872548941974, 35.213179927627593 ], [ -80.855882869664697, 35.21317681250612 ], [ -80.855893518116488, 35.213174559652508 ], [ -80.855904387632108, 35.213173191633537 ], [ -80.855915369331953, 35.213172722152599 ], [ -80.855926353212652, 35.213173155912493 ], [ -80.855937229249022, 35.213174488568249 ], [ -80.855947888496146, 35.213176706770703 ], [ -80.855958224180625, 35.213179788300174 ], [ -80.855968132770144, 35.213183702289058 ], [ -80.85620543434402, 35.21328975394696 ], [ -80.856214543209518, 35.213294308563427 ], [ -80.856223071021319, 35.213299566580176 ], [ -80.856230937410118, 35.213305478443722 ], [ -80.856238068240017, 35.213311988438505 ], [ -80.856244396307275, 35.213319035211953 ], [ -80.856249861973609, 35.213326552352626 ], [ -80.856254413728323, 35.21333446901621 ], [ -80.856258008673692, 35.213342710593082 ], [ -80.856260612929276, 35.21335119941152 ], [ -80.856262201951282, 35.213359855469641 ], [ -80.856262760763826, 35.213368597189422 ], [ -80.856266561650017, 35.214177671650454 ], [ -80.856266078906955, 35.214186469776415 ], [ -80.856264552633704, 35.214195187288922 ], [ -80.856261997389822, 35.214203741027148 ], [ -80.856258437550792, 35.214212049392593 ], [ -80.85625390707547, 35.214220033127425 ], [ -80.856248449182118, 35.21422761607068 ], [ -80.856242115936226, 35.214234725884658 ], [ -80.856234967753707, 35.214241294745115 ], [ -80.85622707282468, 35.214247259988241 ], [ -80.856218506462923, 35.214252564708367 ], [ -80.85620935038736, 35.214257158300981 ], [ -80.856199691942649, 35.214260996945356 ], [ -80.856189623265777, 35.214264044022592 ], [ -80.856179240407229, 35.214266270464989 ], [ -80.856168642414659, 35.214267655033318 ], [ -80.856157930388036, 35.214268184519412 ], [ -80.856147206515132, 35.214267853872258 ], [ -80.856136573096748, 35.214266666246054 ], [ -80.856126131570832, 35.214264632970213 ], [ -80.855115085525568, 35.214024391125349 ], [ -80.855104902696368, 35.214021520746847 ], [ -80.855095111080189, 35.214017846228458 ], [ -80.855085804700806, 35.214013402854675 ], [ -80.855077072922469, 35.214008233292908 ], [ -80.855068999591751, 35.214002387183768 ], [ -80.855061662232487, 35.213995920664402 ], [ -80.855055131301313, 35.213988895829345 ], [ -80.855049469511087, 35.213981380134442 ], [ -80.85504473122873, 35.213973445748884 ], [ -80.855040961953179, 35.213965168862345 ], [ -80.855038197878457, 35.213956628953362 ], [ -80.855036465546178, 35.213947908026064 ], [ -80.85503578159063, 35.21393908982278 ], [ -80.855036152579174, 35.213930259019946 ], [ -80.855037574949009, 35.213921500414884 ], [ -80.855040035041625, 35.213912898111673 ], [ -80.855043509233752, 35.213904534713478 ], [ -80.855047964164356, 35.213896490529322 ], [ -80.85505335705497, 35.213888842803023 ], [ -80.85505963612043, 35.213881664971403 ], [ -80.855125276302829, 35.213813901941791 ], [ -80.855131501908147, 35.21380801626961 ], [ -80.855636800943103, 35.213370066531006 ], [ -80.855637535921119, 35.213369435654357 ], [ -80.855836540313774, 35.213200264294471 ] ] ] } },
{ "type": "Feature", "properties": { "centroid_id": 49, "tree_count": 5, "mean_dist_m": 14.007585095441261, "max_dist_m": 26.97776577227506, "center_x_m": 513150.0, "center_y_m": 3897075.0, "center_lon": -80.855511264919855, "center_lat": 35.216616478503511 }, "geometry": { "type": "Polygon", "coordinates": [ [ [ -80.855650707563527, 35.216395513826342 ], [ -80.855658348581571, 35.216389078958926 ], [ -80.855666732009013, 35.216383300084722 ], [ -80.85567577460931, 35.216378234580347 ], [ -80.855685386601252, 35.216373932739579 ], [ -80.855695472550352, 35.216370437274051 ], [ -80.855705932316397, 35.21636778288908 ], [ -80.855716662047726, 35.216365995939213 ], [ -80.855727555212283, 35.216365094166513 ], [ -80.85573850365536, 35.216365086524377 ], [ -80.85574939867341, 35.216365973088692 ], [ -80.855760132093337, 35.216367745057063 ], [ -80.855770597346435, 35.216370384836132 ], [ -80.855780690526558, 35.216373866216436 ], [ -80.855790311421742, 35.216378154632459 ], [ -80.855799364509053, 35.216383207505864 ], [ -80.8558077599032, 35.216388974668313 ], [ -80.855815414248809, 35.21639539885944 ], [ -80.855822251548091, 35.21640241629548 ], [ -80.855828203915394, 35.216409957302496 ], [ -80.855833212251298, 35.216417947008146 ], [ -80.855837226829237, 35.216426306085097 ], [ -80.855840207789385, 35.216434951538581 ], [ -80.855842125534352, 35.216443797530502 ], [ -80.855842961023072, 35.216452756231632 ], [ -80.855842705959873, 35.216461738693646 ], [ -80.855841362876816, 35.21647065573228 ], [ -80.855838945108658, 35.216479418812838 ], [ -80.855835476660388, 35.216487940929156 ], [ -80.855830991968929, 35.216496137467551 ], [ -80.855825535561252, 35.216503927046823 ], [ -80.855819161612246, 35.216511232326454 ], [ -80.855545577235574, 35.216793898035704 ], [ -80.855538558633015, 35.216800468879562 ], [ -80.855530797996082, 35.216806451376783 ], [ -80.855522368200326, 35.216811789349222 ], [ -80.855513348404941, 35.216816432671031 ], [ -80.85550382330959, 35.216820337739463 ], [ -80.855493882358914, 35.216823467884232 ], [ -80.855483618902667, 35.216825793711955 ], [ -80.855473129319094, 35.216827293382117 ], [ -80.855462512109895, 35.216827952812146 ], [ -80.85545186697523, 35.21682776580974 ], [ -80.855441293877519, 35.216826734130912 ], [ -80.855430892102675, 35.216824867463572 ], [ -80.855420759327828, 35.216822183336546 ], [ -80.855410990704087, 35.216818706954918 ], [ -80.855401677962931, 35.216814470963406 ], [ -80.855392908554904, 35.216809515139801 ], [ -80.855384764828372, 35.216803886021367 ], [ -80.855377323256263, 35.216797636467916 ], [ -80.85537065371787, 35.216790825165404 ], [ -80.855364818842787, 35.216783516074791 ], [ -80.855359873422671, 35.216775777831515 ], [ -80.855355863896833, 35.216767683100855 ], [ -80.855352827916036, 35.216759307895678 ], [ -80.855350793989146, 35.216750730862586 ], [ -80.855349781215196, 35.216742032543394 ], [ -80.855349799104218, 35.216733294618841 ], [ -80.855350847487912, 35.216724599141507 ], [ -80.855352916521213, 35.216716027765386 ], [ -80.85535598677474, 35.216707660979083 ], [ -80.855360029417341, 35.216699577349992 ], [ -80.855365006486736, 35.216691852786525 ], [ -80.855426696034655, 35.216606403599208 ], [ -80.855432362908203, 35.216599333223016 ], [ -80.855438812518827, 35.216592729966152 ], [ -80.855650707563527, 35.216395513826342 ] ] ] } },
{ "type": "Feature", "properties": { "centroid_id": 50, "tree_count": 22, "mean_dist_m": 56.960625355665293, "max_dist_m": 110.23722775869489, "center_x_m": 513175.0, "center_y_m": 3897325.0, "center_lon": -80.855232569752559, "center_lat": 35.218870422435607 }, "geometry": { "type": "Polygon", "coordinates": [ [ [ -80.854400917931116, 35.218808477522515 ], [ -80.854402519786746, 35.218799444420767 ], [ -80.854405226325895, 35.218790590507801 ], [ -80.854409009811434, 35.218782006518929 ], [ -80.854413831469728, 35.21877378042327 ], [ -80.854419641887901, 35.218765996522187 ], [ -80.854426381520298, 35.218758734585407 ], [ -80.854433981298683, 35.218752069033513 ], [ -80.85444236334007, 35.218746068175321 ], [ -80.854451441744871, 35.218740793507806 ], [ -80.854461123477222, 35.218736299085911 ], [ -80.85447130931837, 35.218732630968596 ], [ -80.854481894883506, 35.218729826746838 ], [ -80.85449277169144, 35.218727915158354 ], [ -80.854503828276407, 35.218726915793155 ], [ -80.854514951330216, 35.218726838892763 ], [ -80.855456130969031, 35.218759458588245 ], [ -80.855466094524886, 35.218760177774307 ], [ -80.855475937111137, 35.21876163747995 ], [ -80.85548557717371, 35.218763825610303 ], [ -80.855494934836528, 35.218766724034836 ], [ -80.855503932563423, 35.218770308737696 ], [ -80.855653512470141, 35.218836968348505 ], [ -80.855662553285399, 35.218841472681156 ], [ -80.855671024497184, 35.21884666945504 ], [ -80.855678847618677, 35.218852510521479 ], [ -80.855685950167583, 35.218858941762313 ], [ -80.855692266337755, 35.218865903591322 ], [ -80.855697737608935, 35.21887333150633 ], [ -80.855702313288859, 35.218881156686784 ], [ -80.855705950983037, 35.218889306631397 ], [ -80.855708616987471, 35.21889770582991 ], [ -80.855710286600967, 35.218906276462626 ], [ -80.855710944354044, 35.218914939121497 ], [ -80.855710584152177, 35.21892361354579 ], [ -80.855709209332375, 35.218932219365776 ], [ -80.855706832632237, 35.218940676847289 ], [ -80.855703476071909, 35.218948907630519 ], [ -80.855699170750128, 35.218956835456062 ], [ -80.855693956556081, 35.218964386871406 ], [ -80.855687881799852, 35.218971491911532 ], [ -80.855681002764783, 35.21897808474715 ], [ -80.855673383186044, 35.218984104294542 ], [ -80.854622713141822, 35.219737634890095 ], [ -80.854614470308789, 35.219742997735729 ], [ -80.854605640346279, 35.219747689197256 ], [ -80.854596304176965, 35.219751666279478 ], [ -80.854586547362757, 35.219754892534127 ], [ -80.854576459320654, 35.21975733839399 ], [ -80.854566132503209, 35.219758981443775 ], [ -80.854555661551245, 35.219759806625675 ], [ -80.854545142426602, 35.219759806377226 ], [ -80.854534671532562, 35.219758980700703 ], [ -80.854524344830395, 35.219757337163102 ], [ -80.854514256959888, 35.219754890826721 ], [ -80.85450450037203, 35.2197516641112 ], [ -80.854495164481733, 35.219747686587993 ], [ -80.854364393822763, 35.219685276851685 ], [ -80.854355648339535, 35.219680634468737 ], [ -80.854347477789474, 35.219675333420248 ], [ -80.854339955587022, 35.219669421337521 ], [ -80.854333149320965, 35.219662951342158 ], [ -80.854327120147204, 35.219655981568735 ], [ -80.854321922239194, 35.219648574642477 ], [ -80.854317602301251, 35.219640797116483 ], [ -80.854314199148817, 35.219632718873804 ], [ -80.85431174335983, 35.219624412499421 ], [ -80.854310256999838, 35.21961595262821 ], [ -80.854309753423848, 35.219607415274147 ], [ -80.854310237156312, 35.219598877147405 ], [ -80.854400917931116, 35.218808477522515 ] ] ] } },
{ "type": "Feature", "properties": { "centroid_id": 51, "tree_count": 28, "mean_dist_m": 46.873940142000961, "max_dist_m": 93.668600641887835, "center_x_m": 513225.0, "center_y_m": 3896850.0, "center_lon": -80.854690802605248, "center_lat": 35.214586646681667 }, "geometry": { "type": "Polygon", "coordinates": [ [ [ -80.853881154213852, 35.214223008158577 ], [ -80.85388171696836, 35.21421415424274 ], [ -80.853883336490213, 35.214205388479662 ], [ -80.853885997122262, 35.214196795612793 ], [ -80.85388967314239, 35.214188458714169 ], [ -80.853894329012206, 35.214180458381101 ], [ -80.85389991972059, 35.214172871957203 ], [ -80.853906391218885, 35.214165772784519 ], [ -80.853913680943378, 35.214159229494605 ], [ -80.853921718420253, 35.214153305344958 ], [ -80.853930425946729, 35.214148057607488 ], [ -80.853939719342407, 35.214143537014877 ], [ -80.853949508763023, 35.214139787270099 ], [ -80.853959699568961, 35.214136844623923 ], [ -80.853970193240301, 35.214134737524475 ], [ -80.85398088832919, 35.214133486342192 ], [ -80.853991681440519, 35.214133103172898 ], [ -80.855168574215355, 35.214138844441358 ], [ -80.855179425066382, 35.214139338402774 ], [ -80.855190163380584, 35.214140709660981 ], [ -80.855200684105085, 35.214142944800955 ], [ -80.855210884315639, 35.214146021956331 ], [ -80.855220664223552, 35.214149911023306 ], [ -80.855229928151957, 35.214154573955142 ], [ -80.855238585471724, 35.214159965134371 ], [ -80.85524655148815, 35.214166031819069 ], [ -80.85525374826949, 35.214172714658829 ], [ -80.855260105409386, 35.214179948275401 ], [ -80.855265560715665, 35.214187661902237 ], [ -80.855270060818739, 35.214195780076828 ], [ -80.855273561693721, 35.21420422337895 ], [ -80.855276029091186, 35.214212909207639 ], [ -80.855277438872207, 35.214221752589246 ], [ -80.855277777244495, 35.214230667008756 ], [ -80.85527704089742, 35.214239565256158 ], [ -80.85516394182541, 35.215027323997418 ], [ -80.855162214728935, 35.215035829846691 ], [ -80.855159505493745, 35.215044161412088 ], [ -80.855155838896252, 35.215052242499198 ], [ -80.855151248468218, 35.215059999204222 ], [ -80.855145776190128, 35.215067360589998 ], [ -80.855139472107254, 35.215074259334592 ], [ -80.855132393871983, 35.215080632347018 ], [ -80.855124606216648, 35.215086421344303 ], [ -80.855116180361421, 35.215091573384385 ], [ -80.855107193363054, 35.215096041350414 ], [ -80.855097727410168, 35.215099784381529 ], [ -80.855087869071596, 35.215102768246624 ], [ -80.855077708504652, 35.215104965657382 ], [ -80.854010411825229, 35.215291500595619 ], [ -80.853999668625448, 35.215292925957947 ], [ -80.853988806306077, 35.2152934721544 ], [ -80.853977931427465, 35.215293133826783 ], [ -80.853967150673228, 35.21529191429412 ], [ -80.853956569803543, 35.215289825520109 ], [ -80.853946292617692, 35.215286887995859 ], [ -80.853936419935778, 35.215283130538708 ], [ -80.853927048609677, 35.215278590009689 ], [ -80.853918270572805, 35.215273310951773 ], [ -80.853910171938367, 35.215267345152995 ], [ -80.853902832154503, 35.215260751138345 ], [ -80.853896323224888, 35.215253593595627 ], [ -80.853890709002442, 35.215245942740943 ], [ -80.853886044562842, 35.215237873629739 ], [ -80.853882375664327, 35.215229465420656 ], [ -80.85387973829873, 35.215220800598786 ], [ -80.85387815833846, 35.215211964166627 ], [ -80.853877651282687, 35.215203042810188 ], [ -80.853881154213852, 35.214223008158577 ] ] ] } },
{ "type": "Feature", "properties": { "centroid_id": 52, "tree_count": 6, "mean_dist_m": 27.390242190588339, "max_dist_m": 48.391308710351346, "center_x_m": 513225.0, "center_y_m": 3897175.0, "center_lon": -80.854685579998687, "center_lat": 35.217517201123769 }, "geometry": { "type": "Polygon", "coordinates": [ [ [ -80.854509133077329, 35.217361488364496 ], [ -80.854514921462297, 35.217353883332429 ], [ -80.854521601617549, 35.217346787680675 ], [ -80.854529107486655, 35.217340271574081 ], [ -80.854537364848241, 35.217334399446607 ], [ -80.854546292049918, 35.217329229364339 ], [ -80.854555800815717, 35.217324812451167 ], [ -80.85456579711888, 35.21732119238338 ], [ -80.854576182111813, 35.217318404957716 ], [ -80.854586853103413, 35.21731647773737 ], [ -80.854597704574488, 35.217315429779482 ], [ -80.854608629221261, 35.217315271446701 ], [ -80.854619519016339, 35.217316004304706 ], [ -80.854630266276956, 35.217317621106673 ], [ -80.854640764729808, 35.217320105864999 ], [ -80.854650910561801, 35.217323434009387 ], [ -80.85466060344676, 35.217327572629763 ], [ -80.854669747537315, 35.217332480801744 ], [ -80.854678252412839, 35.217338109991275 ], [ -80.854686033973394, 35.217344404534593 ], [ -80.854693015271494, 35.217351302188618 ], [ -80.854699127272909, 35.217358734746419 ], [ -80.854704309539329, 35.217366628711716 ], [ -80.854708510826001, 35.217374906025604 ], [ -80.854711689588498, 35.217383484838464 ], [ -80.854713814393506, 35.217392280319267 ], [ -80.85471486422972, 35.217401205494433 ], [ -80.854714828715487, 35.217410172107961 ], [ -80.854713708201672, 35.217419091493966 ], [ -80.854683310355924, 35.217581429659852 ], [ -80.854681005018818, 35.217590564223542 ], [ -80.85467756203002, 35.217599454450571 ], [ -80.854673018237534, 35.217608005193775 ], [ -80.85466742227068, 35.217616124939326 ], [ -80.854660834019754, 35.217623726786051 ], [ -80.854605848810266, 35.217680686038356 ], [ -80.854605198744636, 35.217681352928814 ], [ -80.854531735107599, 35.217755990497878 ], [ -80.854531550947598, 35.217756177091665 ], [ -80.85440131525371, 35.217887775015164 ], [ -80.854394055990525, 35.217894410746737 ], [ -80.854386033530702, 35.217900425605471 ], [ -80.854377326336277, 35.217905760764154 ], [ -80.854368019566209, 35.217910364043256 ], [ -80.854358204243624, 35.217914190421219 ], [ -80.854347976365432, 35.217917202474879 ], [ -80.854337435963558, 35.217919370745349 ], [ -80.854326686126484, 35.217920674026281 ], [ -80.854315831991102, 35.21792109957115 ], [ -80.854304979714357, 35.217920643217965 ], [ -80.85429423543502, 35.217919309430059 ], [ -80.854283704235613, 35.217917111252262 ], [ -80.854273489114632, 35.21791407018349 ], [ -80.85426368997922, 35.217910215966363 ], [ -80.854254402667991, 35.217905586296368 ], [ -80.854245718013686, 35.217900226453132 ], [ -80.854237720954899, 35.217894188857642 ], [ -80.854230489705174, 35.217887532559459 ], [ -80.854224094988211, 35.21788032265929 ], [ -80.854218599346112, 35.217872629672165 ], [ -80.854214056527667, 35.217864528837865 ], [ -80.854210510962758, 35.21785609938501 ], [ -80.854207997327734, 35.217847423756218 ], [ -80.854206540206377, 35.217838586801705 ], [ -80.854206153849404, 35.217829674949506 ], [ -80.854206842035182, 35.217820775360124 ], [ -80.854208598032699, 35.217811975074135 ], [ -80.854211404667424, 35.217803360160843 ], [ -80.854215234489374, 35.217795014876543 ], [ -80.854220050041505, 35.217787020840433 ], [ -80.854509133077329, 35.217361488364496 ] ] ] } },
{ "type": "Feature", "properties": { "centroid_id": 53, "tree_count": 16, "mean_dist_m": 35.968434022844903, "max_dist_m": 70.930650763156194, "center_x_m": 513250.0, "center_y_m": 3896650.0, "center_lon": -80.854419336432187, "center_lat": 35.212782897894265 }, "geometry": { "type": "Polygon", "coordinates": [ [ [ -80.8548184271026, 35.212217548628026 ], [ -80.854826316640583, 35.212211226905708 ], [ -80.854834938506045, 35.212205585998817 ], [ -80.854844205864694, 35.2122006827191 ], [ -80.854854025381357, 35.212196566449357 ], [ -80.854864298159839, 35.212193278646112 ], [ -80.85487492073905, 35.212190852422076 ], [ -80.854885786134957, 35.212189312212672 ], [ -80.85489678491804, 35.212188673529951 ], [ -80.854907806315396, 35.212188942806307 ], [ -80.854918739326394, 35.212190117329754 ], [ -80.854929473840514, 35.212192185271235 ], [ -80.854939901746434, 35.212195125803738 ], [ -80.854949918020694, 35.212198909312029 ], [ -80.854959421785537, 35.212203497690957 ], [ -80.854968317324804, 35.212208844729211 ], [ -80.85497651504798, 35.212214896574729 ], [ -80.854983932392514, 35.212221592277011 ], [ -80.854990494655183, 35.212228864401069 ], [ -80.854996135744699, 35.212236639706475 ], [ -80.855000798847115, 35.212244839885074 ], [ -80.8550044369982, 35.21225338234963 ], [ -80.85504861907782, 35.212376665381065 ], [ -80.855051223760995, 35.212385587426716 ], [ -80.855052710280319, 35.21239468050684 ], [ -80.855053063246558, 35.212403850487433 ], [ -80.855052279005335, 35.212413002438396 ], [ -80.855050365674956, 35.2124220416162 ], [ -80.855047343062367, 35.212430874444756 ], [ -80.855043242458166, 35.212439409484155 ], [ -80.855038106312634, 35.212447558377228 ], [ -80.855031987796337, 35.212455236764313 ], [ -80.855024950249657, 35.212462365156462 ], [ -80.854735345321998, 35.212726964914424 ], [ -80.854433658528833, 35.213002501182643 ], [ -80.854432051096353, 35.213003937716138 ], [ -80.854172993462399, 35.213230484381121 ], [ -80.854165099967162, 35.213236731006944 ], [ -80.854156487091927, 35.213242300803955 ], [ -80.854147240624272, 35.213247138294705 ], [ -80.854137452662627, 35.213251195295825 ], [ -80.854127220698985, 35.213254431397992 ], [ -80.85411664664781, 35.213256814368286 ], [ -80.854105835830936, 35.213258320471347 ], [ -80.854094895928498, 35.213258934705806 ], [ -80.854083935906402, 35.213258650953613 ], [ -80.854073064930944, 35.21325747204105 ], [ -80.85406239128146, 35.213255409710591 ], [ -80.854052021271826, 35.213252484503883 ], [ -80.854042058191524, 35.213248725557158 ], [ -80.854032601276828, 35.213244170311057 ], [ -80.854023744722298, 35.213238864137679 ], [ -80.854015576742682, 35.213232859888635 ], [ -80.854008178694158, 35.213226217368657 ], [ -80.854001624264015, 35.213219002739855 ], [ -80.853995978736762, 35.213211287862798 ], [ -80.853991298343786, 35.213203149580707 ], [ -80.853987629703354, 35.21319466895401 ], [ -80.85398500935618, 35.213185930453058 ], [ -80.853956027597377, 35.213063167822007 ], [ -80.853954473144285, 35.213054182094439 ], [ -80.853954027200473, 35.213045113642181 ], [ -80.853954694283317, 35.213036054334935 ], [ -80.853956467634418, 35.213027095949677 ], [ -80.853959329288173, 35.213018329240953 ], [ -80.853963250253742, 35.213009843021482 ], [ -80.853968190808772, 35.213001723262394 ], [ -80.853974100901823, 35.212994052222314 ], [ -80.853980920659438, 35.212986907614017 ], [ -80.854193709318977, 35.212785722901565 ], [ -80.854194911459842, 35.212784605115509 ], [ -80.85470773578011, 35.212315634323637 ], [ -80.854708903661162, 35.212314583104948 ], [ -80.8548184271026, 35.212217548628026 ] ] ] } },
{ "type": "Feature", "properties": { "centroid_id": 54, "tree_count": 12, "mean_dist_m": 48.596620212322961, "max_dist_m": 92.530806393108861, "center_x_m": 513250.0, "center_y_m": 3897125.0, "center_lon": -80.854411689387362, "center_lat": 35.217066016672362 }, "geometry": { "type": "Polygon", "coordinates": [ [ [ -80.85364374378932, 35.216435482400776 ], [ -80.853643642347464, 35.216426465173619 ], [ -80.853644638885243, 35.216417484722776 ], [ -80.853646723435787, 35.216408630862901 ], [ -80.853649875150907, 35.216399992142648 ], [ -80.853654062509534, 35.21639165495889 ], [ -80.853659243633089, 35.216383702692852 ], [ -80.853665366704249, 35.216376214876121 ], [ -80.853672370485214, 35.216369266395212 ], [ -80.85368018493017, 35.21636292674269 ], [ -80.853688731885754, 35.216357259322123 ], [ -80.853697925872822, 35.216352320814018 ], [ -80.853707674941177, 35.216348160608931 ], [ -80.853717881589304, 35.216344820313509 ], [ -80.853728443739371, 35.216342333334424 ], [ -80.853739255758185, 35.216340724544182 ], [ -80.85375020951362, 35.216340010032489 ], [ -80.853761195456073, 35.216340196945239 ], [ -80.853772103713951, 35.216341283413094 ], [ -80.853782825192681, 35.216343258570177 ], [ -80.853793252665625, 35.216346102662754 ], [ -80.853803281846481, 35.216349787246749 ], [ -80.853812812432281, 35.216354275472249 ], [ -80.853821749106558, 35.216359522452017 ], [ -80.853830002492501, 35.216365475710447 ], [ -80.853837490046956, 35.216372075708328 ], [ -80.853966460887989, 35.216497819226092 ], [ -80.853974213017366, 35.216506352924903 ], [ -80.854574879049181, 35.217256183964423 ], [ -80.854580326529458, 35.217263766204788 ], [ -80.854584847235941, 35.217271748182419 ], [ -80.854588398092346, 35.217280053840241 ], [ -80.854590945263638, 35.217288604036902 ], [ -80.854592464478529, 35.217297317300918 ], [ -80.854592941260677, 35.217306110607012 ], [ -80.854592371066659, 35.21731490016716 ], [ -80.854590759329312, 35.217323602229008 ], [ -80.854588121405925, 35.21733213387391 ], [ -80.854584482431974, 35.217340413807051 ], [ -80.854579877081576, 35.217348363132047 ], [ -80.854574349237126, 35.217355906102725 ], [ -80.854567951571156, 35.217362970844903 ], [ -80.854560745044495, 35.217369490041236 ], [ -80.854552798325329, 35.217375401572674 ], [ -80.854544187134891, 35.217380649110375 ], [ -80.854534993526016, 35.217385182652457 ], [ -80.854525305101248, 35.217388959000388 ], [ -80.854515214178036, 35.217391942170728 ], [ -80.853860754758216, 35.217556279697838 ], [ -80.85385005392996, 35.217558491148736 ], [ -80.8538391367739, 35.217559810640175 ], [ -80.853828113399501, 35.217560224863895 ], [ -80.853817094987562, 35.217559729642062 ], [ -80.853806192668827, 35.217558329969442 ], [ -80.85379551640311, 35.217556039963014 ], [ -80.853785173870321, 35.217552882719581 ], [ -80.853775269384215, 35.217548890082824 ], [ -80.853765902840522, 35.217544102322108 ], [ -80.853757168709208, 35.217538567726344 ], [ -80.8537491550818, 35.217532342116961 ], [ -80.853741942782761, 35.217525488284849 ], [ -80.853735604554458, 35.217518075357091 ], [ -80.853730204323355, 35.217510178099715 ], [ -80.853725796555352, 35.217501876163638 ], [ -80.853722425706394, 35.21749325328129 ], [ -80.853720125774188, 35.217484396422151 ], [ -80.853718919955242, 35.217475394915482 ], [ -80.85364374378932, 35.216435482400776 ] ] ] } },
{ "type": "Feature", "properties": { "centroid_id": 55, "tree_count": 9, "mean_dist_m": 26.483714891236122, "max_dist_m": 48.722985416827427, "center_x_m": 513300.0, "center_y_m": 3897250.0, "center_lon": -80.853860280880937, "center_lat": 35.218192490761972 }, "geometry": { "type": "Polygon", "coordinates": [ [ [ -80.854210837104205, 35.217805801597613 ], [ -80.854221268526103, 35.217803110259858 ], [ -80.854231974260486, 35.217801283103348 ], [ -80.854242848281928, 35.217800338223533 ], [ -80.854253782898368, 35.217800284978139 ], [ -80.854264669817653, 35.217801123894475 ], [ -80.854275401220008, 35.217802846664249 ], [ -80.854285870825805, 35.217805436225831 ], [ -80.854295974948101, 35.21780886693319 ], [ -80.854305613519585, 35.21781310480997 ], [ -80.854314691083474, 35.217818107885854 ], [ -80.854323117738971, 35.217823826612332 ], [ -80.854330810031584, 35.217830204353298 ], [ -80.854337691779591, 35.217837177946073 ], [ -80.854343694828586, 35.217844678326834 ], [ -80.854348759726335, 35.217852631214612 ], [ -80.854352836311747, 35.217860957847009 ], [ -80.8543558842115, 35.217869575760126 ], [ -80.854357873240005, 35.21787839960534 ], [ -80.854358783698274, 35.217887341994505 ], [ -80.85435860656915, 35.217896314365412 ], [ -80.854357343606438, 35.217905227858935 ], [ -80.854355007317778, 35.217913994198994 ], [ -80.854351620840561, 35.217922526566845 ], [ -80.854347217712984, 35.217930740460886 ], [ -80.854341841541796, 35.217938554533561 ], [ -80.854335545570464, 35.21794589139698 ], [ -80.85429799481399, 35.217985325240441 ], [ -80.854294334209598, 35.217988968607344 ], [ -80.854107026638985, 35.218165751404534 ], [ -80.854104491913603, 35.218168062013582 ], [ -80.854018661121401, 35.21824364168365 ], [ -80.854011274929775, 35.21824956183174 ], [ -80.854003244228863, 35.218254886923468 ], [ -80.853994639923343, 35.218259569942425 ], [ -80.853985537982382, 35.218263569541257 ], [ -80.853976018768961, 35.218266850406607 ], [ -80.853966166330196, 35.218269383571027 ], [ -80.853956067655474, 35.218271146668634 ], [ -80.853945811908176, 35.218272124132653 ], [ -80.85369919823043, 35.21828603365821 ], [ -80.853688875332253, 35.21828621682431 ], [ -80.853678577060265, 35.218285604012777 ], [ -80.853668394351232, 35.218284200634876 ], [ -80.853658417121423, 35.218282019082864 ], [ -80.853648733472653, 35.218279078620476 ], [ -80.85363942891432, 35.218275405212836 ], [ -80.853630585608286, 35.218271031297199 ], [ -80.853622281643396, 35.218265995496502 ], [ -80.853548520206331, 35.218216703511217 ], [ -80.853540636606269, 35.218210894586377 ], [ -80.853533471416327, 35.218204489561465 ], [ -80.853527091257348, 35.21819754798954 ], [ -80.853521555450953, 35.218190134412353 ], [ -80.853516915468035, 35.218182317760338 ], [ -80.853513214450217, 35.218174170711571 ], [ -80.853510486808759, 35.218165769016125 ], [ -80.853508757904564, 35.218157190791715 ], [ -80.853508043812383, 35.218148515797381 ], [ -80.853508351171413, 35.218139824691846 ], [ -80.853509677123569, 35.218131198283672 ], [ -80.853512009340037, 35.218122716779789 ], [ -80.853515326135906, 35.218114459039846 ], [ -80.85351959667193, 35.218106501842925 ], [ -80.853524781241063, 35.218098919173705 ], [ -80.853589154448642, 35.218014575825585 ], [ -80.853595029143108, 35.218007625998666 ], [ -80.853601671511584, 35.218001158470834 ], [ -80.853609023108476, 35.217995230149093 ], [ -80.853617019247821, 35.217989893196048 ], [ -80.853625589572445, 35.217985194570907 ], [ -80.853634658673016, 35.217981175616288 ], [ -80.853644146751591, 35.21797787169448 ], [ -80.854210837104205, 35.217805801597613 ] ] ] } },
{ "type": "Feature", "properties": { "centroid_id": 56, "tree_count": 9, "mean_dist_m": 38.050879503228138, "max_dist_m": 63.488787056151018, "center_x_m": 513300.0, "center_y_m": 3897275.0, "center_lon": -80.853859876818845, "center_lat": 35.218417917934367 }, "geometry": { "type": "Polygon", "coordinates": [ [ [ -80.853630109240058, 35.218345757243391 ], [ -80.853637601362337, 35.218339336560454 ], [ -80.853645827486133, 35.218333552486008 ], [ -80.853654707658279, 35.218328461237832 ], [ -80.853664155568751, 35.218324112299776 ], [ -80.853674079389435, 35.218320547940898 ], [ -80.853684382666728, 35.218317802804663 ], [ -80.853694965258953, 35.218315903572098 ], [ -80.853705724309719, 35.218314868702635 ], [ -80.853716555247544, 35.218314708254532 ], [ -80.853727352802267, 35.218315423787281 ], [ -80.853738012028202, 35.218317008346347 ], [ -80.853748429324114, 35.218319446530749 ], [ -80.853758503440133, 35.218322714642802 ], [ -80.853768136461895, 35.21832678091846 ], [ -80.854425090625881, 35.218638614249791 ], [ -80.854434114798536, 35.21864339540668 ], [ -80.854442526983703, 35.21864887679336 ], [ -80.854450246791231, 35.218655006027603 ], [ -80.854457200447484, 35.218661724536105 ], [ -80.854463321500432, 35.218668968114159 ], [ -80.854468551454644, 35.218676667539327 ], [ -80.85447284033043, 35.218684749232892 ], [ -80.854476147141256, 35.21869313596298 ], [ -80.854478440285646, 35.218701747582649 ], [ -80.854479697849058, 35.218710501795819 ], [ -80.854479907813385, 35.218719314943691 ], [ -80.854479068171756, 35.218728102804221 ], [ -80.854477186947804, 35.21873678139702 ], [ -80.854474282118957, 35.218745267785863 ], [ -80.854470381444671, 35.218753480871293 ], [ -80.85446552220111, 35.218761342165593 ], [ -80.854459750825001, 35.218768776542952 ], [ -80.854453122469806, 35.218775712957289 ], [ -80.854445700478749, 35.218782085121269 ], [ -80.854437555779342, 35.218787832139768 ], [ -80.854428766205743, 35.21879289909176 ], [ -80.854419415754805, 35.2187972375553 ], [ -80.85440959378343, 35.218800806070114 ], [ -80.854399394154584, 35.218803570533936 ], [ -80.85438891434039, 35.218805504528319 ], [ -80.854378254490527, 35.218806589571209 ], [ -80.853328653411822, 35.21887088018925 ], [ -80.853318039036807, 35.218871108125782 ], [ -80.853307447410529, 35.218870494264806 ], [ -80.853296977436415, 35.218869044338476 ], [ -80.85328672688189, 35.218866771886042 ], [ -80.853276791465476, 35.218863698127421 ], [ -80.853267263962891, 35.218859851765011 ], [ -80.85325823334081, 35.218855268715707 ], [ -80.85324978392606, 35.218849991775485 ], [ -80.853241994618145, 35.218844070219795 ], [ -80.853234938152539, 35.218837559343413 ], [ -80.853228680421481, 35.21883051994412 ], [ -80.853223279858653, 35.218823017754914 ], [ -80.853218786893621, 35.218815122830321 ], [ -80.85321524348079, 35.218806908892105 ], [ -80.853212682707834, 35.218798452640954 ], [ -80.853211128486564, 35.218789833040191 ], [ -80.853210595329799, 35.218781130578449 ], [ -80.85321108821573, 35.2187724265181 ], [ -80.853212602541532, 35.218763802136408 ], [ -80.853215124166354, 35.21875533796657 ], [ -80.853218629543292, 35.218747113045751 ], [ -80.853223085939419, 35.21873920417702 ], [ -80.853228451741302, 35.218731685212141 ], [ -80.853234676843712, 35.218724626362039 ], [ -80.853292344149978, 35.218665478104363 ], [ -80.853295131099216, 35.218662732896341 ], [ -80.853630109240058, 35.218345757243391 ] ] ] } },
{ "type": "Feature", "properties": { "centroid_id": 57, "tree_count": 21, "mean_dist_m": 35.229500007904612, "max_dist_m": 68.198245180923053, "center_x_m": 513350.0, "center_y_m": 3897225.0, "center_lon": -80.853311290617413, "center_lat": 35.217966399167501 }, "geometry": { "type": "Polygon", "coordinates": [ [ [ -80.853551637707923, 35.217469297214976 ], [ -80.853559983934147, 35.21746339617124 ], [ -80.853569008262454, 35.217458210647372 ], [ -80.853578619975892, 35.217453792770733 ], [ -80.853588722452841, 35.217450186951915 ], [ -80.853599214138342, 35.217447429438337 ], [ -80.853609989564958, 35.217445547949829 ], [ -80.853620940413037, 35.217444561400008 ], [ -80.853631956599429, 35.217444479706131 ], [ -80.853642927384243, 35.217445303689431 ], [ -80.853653742483971, 35.217447025066846 ], [ -80.853664293180117, 35.217449626534261 ], [ -80.853674473412042, 35.217453081940498 ], [ -80.85368418084316, 35.217457356550177 ], [ -80.853693317889679, 35.217462407392887 ], [ -80.853701792701543, 35.217468183695125 ], [ -80.853709520085701, 35.217474627390764 ], [ -80.853716422362581, 35.21748167370464 ], [ -80.853722430146931, 35.217489251803791 ], [ -80.853727483045347, 35.217497285509481 ], [ -80.853771739275061, 35.217577248399387 ], [ -80.853775695592574, 35.217585437225345 ], [ -80.853778659371471, 35.21759390377543 ], [ -80.853780602326026, 35.217602567247361 ], [ -80.853781505912863, 35.217611344959487 ], [ -80.853781361508126, 35.217620153139855 ], [ -80.853780170489614, 35.217628907725683 ], [ -80.853700896635004, 35.218031900373404 ], [ -80.85369884777117, 35.218039958291271 ], [ -80.853695912019688, 35.218047829305846 ], [ -80.853692113845042, 35.218055447824931 ], [ -80.853687484898657, 35.218062750360453 ], [ -80.853627134816563, 35.218148189790327 ], [ -80.853621562458486, 35.218155290091467 ], [ -80.853615205063107, 35.218161931421434 ], [ -80.853608118399094, 35.21816805552065 ], [ -80.853600364632513, 35.218173608666795 ], [ -80.853592011781458, 35.218178542146056 ], [ -80.853583133119457, 35.218182812680581 ], [ -80.852852975918651, 35.21849727437413 ], [ -80.852843451068381, 35.218500911039982 ], [ -80.852833546546961, 35.218503784632759 ], [ -80.852823352889416, 35.218505868885607 ], [ -80.852812963273664, 35.218507144746859 ], [ -80.852802472668884, 35.218507600554119 ], [ -80.852791976967367, 35.218507232140958 ], [ -80.852781572108029, 35.218506042874971 ], [ -80.852771353199344, 35.218504043626986 ], [ -80.852761413650114, 35.218501252671665 ], [ -80.852751844315506, 35.218497695520512 ], [ -80.852742732666584, 35.218493404688665 ], [ -80.852734161990824, 35.21848841939763 ], [ -80.852726210630721, 35.21848278521685 ], [ -80.852718951267718, 35.218476553647044 ], [ -80.852712450257798, 35.218469781649596 ], [ -80.852653440793617, 35.218401869153112 ], [ -80.852647597665921, 35.218394390673268 ], [ -80.852642679631373, 35.218386476646764 ], [ -80.852638734425923, 35.218378203889998 ], [ -80.852635800342824, 35.218369652701298 ], [ -80.852633905861026, 35.218360906081564 ], [ -80.852633069368693, 35.218352048928516 ], [ -80.852633298984742, 35.21834316721278 ], [ -80.852634592480129, 35.218334347143355 ], [ -80.852636937299394, 35.218325674330856 ], [ -80.85264031068256, 35.218317232956537 ], [ -80.852644679886183, 35.218309104955217 ], [ -80.85265000250098, 35.218301369219958 ], [ -80.852656226863644, 35.218294100836395 ], [ -80.852764410165577, 35.218180147502657 ], [ -80.852766649048363, 35.218177866599568 ], [ -80.853024290428564, 35.217923942992414 ], [ -80.853028497878867, 35.21792003209432 ], [ -80.853464505506395, 35.217537642512681 ], [ -80.853468935298721, 35.217533973924816 ], [ -80.853551637707923, 35.217469297214976 ] ] ] } },
{ "type": "Feature", "properties": { "centroid_id": 58, "tree_count": 35, "mean_dist_m": 47.660511619402897, "max_dist_m": 97.312744114831176, "center_x_m": 513375.0, "center_y_m": 3896975.0, "center_lon": -80.853040656576496, "center_lat": 35.215711793837642 }, "geometry": { "type": "Polygon", "coordinates": [ [ [ -80.853694800034788, 35.214992842748103 ], [ -80.85370361242876, 35.214987788591245 ], [ -80.85371298452192, 35.21498346542834 ], [ -80.853722826582768, 35.214979914650741 ], [ -80.853733044380263, 35.214977170254727 ], [ -80.853743540085915, 35.214975258515992 ], [ -80.853754213210536, 35.214974197738144 ], [ -80.85376496156627, 35.214973998077411 ], [ -80.853775682244958, 35.214974661445396 ], [ -80.853786272603458, 35.214976181490798 ], [ -80.853796631246354, 35.21497854366023 ], [ -80.85380665899666, 35.214981725337566 ], [ -80.853816259845502, 35.214985696060367 ], [ -80.853825341871243, 35.214990417811713 ], [ -80.853833818119526, 35.214995845384024 ], [ -80.853841607435953, 35.215001926811972 ], [ -80.853848635242883, 35.215008603870011 ], [ -80.853854834253639, 35.215015812629829 ], [ -80.853860145116599, 35.215023484072368 ], [ -80.853864516983592, 35.215031544748705 ], [ -80.853867907996587, 35.215039917483232 ], [ -80.853944798617093, 35.215266206789629 ], [ -80.853947027543541, 35.215274132278147 ], [ -80.853948377148299, 35.215282190357115 ], [ -80.853948836449575, 35.215290315459001 ], [ -80.8539484017098, 35.215298441470928 ], [ -80.853947076466156, 35.215306502272561 ], [ -80.853729148608522, 35.216293638996817 ], [ -80.853726593063953, 35.216302587243526 ], [ -80.853722940864387, 35.216311275526522 ], [ -80.853718229951568, 35.216319613584709 ], [ -80.853712509266032, 35.216327514795431 ], [ -80.853705838238739, 35.216334897074368 ], [ -80.853698286173653, 35.21634168372821 ], [ -80.85368993152774, 35.216347804251534 ], [ -80.85368086109591, 35.21635319505917 ], [ -80.853671169109319, 35.216357800146916 ], [ -80.853660956256419, 35.216361571673204 ], [ -80.853650328636888, 35.216364470456242 ], [ -80.853639396659432, 35.216366466381011 ], [ -80.853499325504117, 35.216385952995495 ], [ -80.85348830570284, 35.21638701969249 ], [ -80.853477210996772, 35.216387168837713 ], [ -80.85346615453544, 35.216386398910089 ], [ -80.853455249078422, 35.216384717761713 ], [ -80.853444605845183, 35.21638214253786 ], [ -80.853434333380889, 35.216378699501966 ], [ -80.852696427206567, 35.216094894592693 ], [ -80.852685521092269, 35.216090066671256 ], [ -80.852675346752036, 35.216084261673402 ], [ -80.852464122517091, 35.21594863076573 ], [ -80.852456147552275, 35.215942983786867 ], [ -80.852448868120021, 35.215936736070255 ], [ -80.852442351118029, 35.215929945032364 ], [ -80.852436656437305, 35.215922673082737 ], [ -80.852431836411611, 35.215914987050475 ], [ -80.852427935336664, 35.215906957570084 ], [ -80.852424989062996, 35.215898658432309 ], [ -80.852423024666464, 35.215890165906025 ], [ -80.852422060199544, 35.215881558037339 ], [ -80.852422104525331, 35.215872913932287 ], [ -80.852423157236146, 35.215864313029954 ], [ -80.852425208657309, 35.215855834372306 ], [ -80.852428239936017, 35.215847555877886 ], [ -80.852432223214649, 35.21583955362572 ], [ -80.85243712188678, 35.215831901156179 ], [ -80.852442890933588, 35.215824668795079 ], [ -80.852449477337601, 35.215817923007492 ], [ -80.852456820569884, 35.215811725786843 ], [ -80.852563363738057, 35.215730037003716 ], [ -80.852567795318606, 35.215726818207827 ], [ -80.852906050976699, 35.215494157160585 ], [ -80.852909359693285, 35.21549196930512 ], [ -80.853694800034788, 35.214992842748103 ] ] ] } },
{ "type": "Feature", "properties": { "centroid_id": 59, "tree_count": 5, "mean_dist_m": 49.29428452520515, "max_dist_m": 61.685719644610124, "center_x_m": 513375.0, "center_y_m": 3897150.0, "center_lon": -80.853037812444853, "center_lat": 35.217289784457684 }, "geometry": { "type": "Polygon", "coordinates": [ [ [ -80.852723463691916, 35.216812631974577 ], [ -80.852734717780422, 35.216812145790044 ], [ -80.852745973357798, 35.216812608180184 ], [ -80.852757112018551, 35.2168140142808 ], [ -80.852768016587106, 35.216816349300082 ], [ -80.852778572350417, 35.216819588674312 ], [ -80.852788668264751, 35.216823698326166 ], [ -80.852798198123836, 35.216828635023219 ], [ -80.852807061676074, 35.216834346832833 ], [ -80.852815165679147, 35.216840773668288 ], [ -80.852822424880983, 35.216847847921052 ], [ -80.852880092556589, 35.216910283695896 ], [ -80.852886372269865, 35.216917852245913 ], [ -80.852891684297376, 35.21692590440891 ], [ -80.85289597386388, 35.216934357155019 ], [ -80.852899196737155, 35.216943123323688 ], [ -80.852901319684179, 35.216952112522534 ], [ -80.852915251988193, 35.217032871151531 ], [ -80.852916237070986, 35.217041668378592 ], [ -80.852916168434675, 35.217050502491581 ], [ -80.852915046737706, 35.21705928869499 ], [ -80.852912882746523, 35.217067942653124 ], [ -80.852909697232207, 35.217076381299663 ], [ -80.852905520771088, 35.217084523634924 ], [ -80.852900393451321, 35.217092291503469 ], [ -80.852894364488023, 35.217099610344128 ], [ -80.852887491750934, 35.217106409905824 ], [ -80.852879841209003, 35.217112624921846 ], [ -80.852871486297033, 35.217118195736319 ], [ -80.852862507210943, 35.21712306887683 ], [ -80.852852990137947, 35.217127197567692 ], [ -80.852843026429227, 35.217130542178992 ], [ -80.852832711723153, 35.217133070606842 ], [ -80.852822145027204, 35.217134758581729 ], [ -80.852811427767662, 35.217135589901318 ], [ -80.852800662816051, 35.21713555658603 ], [ -80.852789953501656, 35.217134658955658 ], [ -80.852779402619717, 35.217132905626258 ], [ -80.852769111444729, 35.217130313427482 ], [ -80.852759178758319, 35.217126907241017 ], [ -80.852518748586618, 35.21703285222155 ], [ -80.85250902737981, 35.217028544376028 ], [ -80.852499882453472, 35.217023457181305 ], [ -80.852491406261478, 35.217017642068221 ], [ -80.852483684496789, 35.217011157826782 ], [ -80.852449486675241, 35.216979391769208 ], [ -80.852442662949699, 35.216972378732507 ], [ -80.852436722501807, 35.216964843778619 ], [ -80.852431724175773, 35.216956861546684 ], [ -80.852427717483337, 35.216948511106473 ], [ -80.852424742113357, 35.216939875175115 ], [ -80.85242282753866, 35.216931039297677 ], [ -80.852421992724132, 35.216922090999823 ], [ -80.85242224593884, 35.216913118920807 ], [ -80.85242358467417, 35.216904211935372 ], [ -80.852425995668639, 35.216895458273491 ], [ -80.852429455039342, 35.216886944646298 ], [ -80.852433928518465, 35.216878755387221 ], [ -80.852439371792798, 35.216870971616522 ], [ -80.852445730942691, 35.216863670437874 ], [ -80.852452942976143, 35.216856924174415 ], [ -80.852460936452829, 35.216850799652534 ], [ -80.852469632191728, 35.216845357539825 ], [ -80.852478944055505, 35.2168406517441 ], [ -80.852488779803721, 35.216836728879464 ], [ -80.852499042006556, 35.216833627804562 ], [ -80.85250962900993, 35.21683137923764 ], [ -80.852520435942381, 35.216830005452259 ], [ -80.852723463691916, 35.216812631974577 ] ] ] } },
{ "type": "Feature", "properties": { "centroid_id": 60, "tree_count": 26, "mean_dist_m": 23.355316616997762, "max_dist_m": 68.296179660285276, "center_x_m": 513400.0, "center_y_m": 3897375.0, "center_lon": -80.852759453672917, "center_lat": 35.219318295153094 }, "geometry": { "type": "Polygon", "coordinates": [ [ [ -80.853211510422469, 35.218769464392544 ], [ -80.853221871099052, 35.218766608722852 ], [ -80.85323252622436, 35.218764611830586 ], [ -80.853243370380042, 35.218763493472352 ], [ -80.853254296277498, 35.218763264712813 ], [ -80.853265195819461, 35.218763927815246 ], [ -80.853275961169402, 35.218765476219154 ], [ -80.853286485818387, 35.218767894605101 ], [ -80.85329666563895, 35.218771159046376 ], [ -80.853306399915155, 35.21877523724563 ], [ -80.853315592339129, 35.218780088854487 ], [ -80.853324151963847, 35.218785665872666 ], [ -80.853331994102959, 35.218791913122907 ], [ -80.853339041168667, 35.21879876879688 ], [ -80.853345223439234, 35.218806165066724 ], [ -80.853350479748997, 35.218814028755986 ], [ -80.85335475809336, 35.218822282063776 ], [ -80.853358016143375, 35.218830843334359 ], [ -80.853360221664545, 35.218839627865108 ], [ -80.853361352835762, 35.218848548744482 ], [ -80.853361398465211, 35.218857517711946 ], [ -80.853360358101071, 35.218866446031143 ], [ -80.853358242036066, 35.218875245367848 ], [ -80.853355071205584, 35.218883828663955 ], [ -80.853350876980613, 35.218892110998731 ], [ -80.853345700857332, 35.218900010429088 ], [ -80.853339594046602, 35.218907448800238 ], [ -80.8532886319135, 35.218963311609301 ], [ -80.853287292936884, 35.218964749055651 ], [ -80.853094770095211, 35.21916718733592 ], [ -80.853089801549771, 35.219172048910508 ], [ -80.852782166706533, 35.219452403048507 ], [ -80.852778485612092, 35.219455597514497 ], [ -80.852722159160862, 35.219502150035311 ], [ -80.852714161628455, 35.219508138596005 ], [ -80.852705484757607, 35.219513452222877 ], [ -80.852696212785119, 35.219518039330133 ], [ -80.85268643572519, 35.219521855385132 ], [ -80.852676248495541, 35.219524863340794 ], [ -80.852665749995978, 35.21952703399527 ], [ -80.8526550421482, 35.219528346275347 ], [ -80.852644228906314, 35.219528787441135 ], [ -80.852633415247624, 35.219528353209704 ], [ -80.852622706153483, 35.219527047796639 ], [ -80.852612205590134, 35.219524883875231 ], [ -80.852602015499272, 35.21952188245325 ], [ -80.852592234808483, 35.219518072669167 ], [ -80.852582958470734, 35.21951349150919 ], [ -80.85257427654264, 35.219508183448191 ], [ -80.852566273310046, 35.219502200017942 ], [ -80.852559026469848, 35.219495599306853 ], [ -80.852552606375681, 35.219488445395989 ], [ -80.852547075354948, 35.219480807736993 ], [ -80.852542487103619, 35.219472760477778 ], [ -80.852375072474189, 35.219136956311189 ], [ -80.85237145540853, 35.219128533055269 ], [ -80.852368871472493, 35.219119857485026 ], [ -80.852367346013736, 35.219111014706435 ], [ -80.852366893996432, 35.219102091465743 ], [ -80.852367519854425, 35.219093175298504 ], [ -80.852369217447844, 35.219084353670816 ], [ -80.852371970123201, 35.219075713121377 ], [ -80.852375750876917, 35.219067338412501 ], [ -80.852380522620123, 35.21905931169858 ], [ -80.852386238542607, 35.219051711720269 ], [ -80.852392842571945, 35.219044613032004 ], [ -80.852400269923606, 35.219038085270583 ], [ -80.852408447736437, 35.219032192472156 ], [ -80.852417295787532, 35.219026992443943 ], [ -80.852426727278996, 35.219022536197265 ], [ -80.852436649689707, 35.219018867447033 ], [ -80.853211510422469, 35.218769464392544 ] ] ] } },
{ "type": "Feature", "properties": { "centroid_id": 61, "tree_count": 20, "mean_dist_m": 33.782918891122094, "max_dist_m": 109.23386648373834, "center_x_m": 513425.0, "center_y_m": 3897400.0, "center_lon": -80.852484344088765, "center_lat": 35.219543387864661 }, "geometry": { "type": "Polygon", "coordinates": [ [ [ -80.852266434156519, 35.219136379672818 ], [ -80.852276465486199, 35.219134077346553 ], [ -80.85228671740181, 35.219132564848778 ], [ -80.852297097776344, 35.21913185577128 ], [ -80.852307513328441, 35.219131956486059 ], [ -80.852317870460652, 35.219132866088067 ], [ -80.852328076100463, 35.219134576403313 ], [ -80.852338038536743, 35.219137072062395 ], [ -80.852347668243809, 35.219140330638488 ], [ -80.85235687868601, 35.219144322848983 ], [ -80.85236558709525, 35.219149012818612 ], [ -80.852373715214853, 35.219154358401774 ], [ -80.852381190002802, 35.219160311561325 ], [ -80.852632423568238, 35.219380315920901 ], [ -80.852639553805133, 35.219387224496977 ], [ -80.852645803904224, 35.2193946849955 ], [ -80.852651110858943, 35.219402622208335 ], [ -80.852655421170397, 35.219410956121621 ], [ -80.852658691386665, 35.219419602722361 ], [ -80.852660888540797, 35.219428474845429 ], [ -80.85266199048327, 35.219437483052175 ], [ -80.852661986105161, 35.219446536532104 ], [ -80.852660875450255, 35.219455544018267 ], [ -80.852658669714543, 35.219464414707375 ], [ -80.85265539113341, 35.219473059175122 ], [ -80.852651072757524, 35.219481390277707 ], [ -80.852645758119579, 35.219489324030249 ], [ -80.852459493293637, 35.219737046758468 ], [ -80.852453324416658, 35.219744408176766 ], [ -80.852446298114401, 35.219751232508848 ], [ -80.852438483361766, 35.219757452762295 ], [ -80.852429956873706, 35.21976300787469 ], [ -80.8524208023521, 35.219767843313157 ], [ -80.852411109664132, 35.21977191160962 ], [ -80.852400973960016, 35.219775172826786 ], [ -80.852390494738955, 35.21977759495023 ], [ -80.852379774872432, 35.219779154202669 ], [ -80.852368919594298, 35.219779835277379 ], [ -80.852358035467674, 35.219779631488443 ], [ -80.851280308663291, 35.219715508316433 ], [ -80.85126944330257, 35.219714413132287 ], [ -80.851258764656819, 35.219712436186974 ], [ -80.851248378715113, 35.219709597102359 ], [ -80.851238388561356, 35.21970592405728 ], [ -80.851228893351106, 35.219701453507959 ], [ -80.851219987327312, 35.219696229826049 ], [ -80.851211758885086, 35.219690304858297 ], [ -80.851204289694238, 35.219683737411955 ], [ -80.851197653888718, 35.219676592671028 ], [ -80.85119191733078, 35.219668941549401 ], [ -80.851187136957364, 35.21966085998686 ], [ -80.851183360214861, 35.219652428195474 ], [ -80.851180624588309, 35.219643729863392 ], [ -80.851178957229322, 35.219634851324265 ], [ -80.851178374686597, 35.219625880700313 ], [ -80.851177927342519, 35.219518113913686 ], [ -80.851178416700392, 35.219509300634286 ], [ -80.851179953245534, 35.219500568782934 ], [ -80.851182522268431, 35.219492001948545 ], [ -80.851186099175848, 35.219483682140314 ], [ -80.851190649726192, 35.219475689002692 ], [ -80.851196130357422, 35.219468099052932 ], [ -80.851202488603889, 35.219460984948562 ], [ -80.851209663598809, 35.219454414791947 ], [ -80.851217586656773, 35.219448451478229 ], [ -80.851226181931295, 35.219443152093412 ], [ -80.851235367141001, 35.219438567367689 ], [ -80.851245054357094, 35.219434741189986 ], [ -80.851515808372866, 35.219340895410063 ], [ -80.851523984520384, 35.219338370815279 ], [ -80.852266434156519, 35.219136379672818 ] ] ] } },
{ "type": "Feature", "properties": { "centroid_id": 62, "tree_count": 18, "mean_dist_m": 37.867526935457512, "max_dist_m": 111.33278263787101, "center_x_m": 513450.0, "center_y_m": 3897050.0, "center_lon": -80.852215362204433, "center_lat": 35.216387072475882 }, "geometry": { "type": "Polygon", "coordinates": [ [ [ -80.852366462164284, 35.215902148804332 ], [ -80.852374592060826, 35.215896436435294 ], [ -80.8523833606002, 35.215891400277741 ], [ -80.852392684586562, 35.215887088114663 ], [ -80.852402475554044, 35.215883540859771 ], [ -80.852412640606147, 35.215880792169322 ], [ -80.852423083297055, 35.215878868122822 ], [ -80.852433704546783, 35.215877786975589 ], [ -80.852444403581188, 35.215877558985518 ], [ -80.852455078888113, 35.21587818631577 ], [ -80.8524656291805, 35.215879663014256 ], [ -80.852475954357459, 35.21588197507009 ], [ -80.852485956453947, 35.215885100546565 ], [ -80.852495540570274, 35.215889009789215 ], [ -80.852504615772489, 35.215893665707242 ], [ -80.852513095955175, 35.215899024125385 ], [ -80.852520900658391, 35.215905034203111 ], [ -80.852527955831107, 35.215911638916857 ], [ -80.852534194533774, 35.215918775601253 ], [ -80.852539557573422, 35.215926376543486 ], [ -80.852543994065343, 35.215934369625913 ], [ -80.852547461915862, 35.21594267901024 ], [ -80.852549928221734, 35.215951225857047 ], [ -80.852551369582315, 35.215959929073875 ], [ -80.852633029079954, 35.216733972298378 ], [ -80.852633375417099, 35.216744806969928 ], [ -80.852632135199599, 35.216755597475043 ], [ -80.852604940588151, 35.216899197168566 ], [ -80.852602807354344, 35.216907725021152 ], [ -80.852599681961081, 35.216916044307865 ], [ -80.852595593540556, 35.216924077482766 ], [ -80.852590580201607, 35.216931749666792 ], [ -80.852584688674426, 35.216938989345749 ], [ -80.852577973875128, 35.216945729036937 ], [ -80.852570498393732, 35.216951905918059 ], [ -80.852562331910789, 35.216957462412957 ], [ -80.852553550547967, 35.216962346728224 ], [ -80.852544236158295, 35.216966513335969 ], [ -80.852534475563459, 35.216969923398231 ], [ -80.852524359744265, 35.216972545128989 ], [ -80.852513982992704, 35.216974354090461 ], [ -80.852503442033054, 35.216975333420855 ], [ -80.85121262703386, 35.217043682537721 ], [ -80.85120194569177, 35.217043821010066 ], [ -80.851191298446196, 35.21704310761158 ], [ -80.851180785939164, 35.217041549085593 ], [ -80.851170507539067, 35.217039160163921 ], [ -80.851160560401425, 35.217035963427598 ], [ -80.851151038550483, 35.217031989093435 ], [ -80.851142031990463, 35.217027274728459 ], [ -80.851133625854857, 35.217021864894647 ], [ -80.851125899601627, 35.217015810727894 ], [ -80.851118926262174, 35.217009169454577 ], [ -80.851112771751019, 35.217002003850574 ], [ -80.851107494242768, 35.216994381647915 ], [ -80.851103143622197, 35.21698637489461 ], [ -80.851099761012748, 35.216978059273558 ], [ -80.85109737838782, 35.216969513387113 ], [ -80.851096018268578, 35.216960818014215 ], [ -80.851095693511013, 35.216952055346788 ], [ -80.851096407184556, 35.216943308212777 ], [ -80.851098152542974, 35.216934659293308 ], [ -80.851100913088146, 35.216926190341098 ], [ -80.851104662726115, 35.216917981407747 ], [ -80.851109366013674, 35.216910110087028 ], [ -80.851114978493399, 35.216902650781442 ], [ -80.851121447113925, 35.216895673998998 ], [ -80.851128710731388, 35.216889245686673 ], [ -80.852106003853507, 35.216104546391435 ], [ -80.852107073672258, 35.21610369893876 ], [ -80.852187465557321, 35.216040873489909 ], [ -80.852187797319559, 35.21604061529878 ], [ -80.852366462164284, 35.215902148804332 ] ] ] } },
{ "type": "Feature", "properties": { "centroid_id": 63, "tree_count": 41, "mean_dist_m": 46.169488113018204, "max_dist_m": 101.42851009240005, "center_x_m": 513450.0, "center_y_m": 3897325.0, "center_lon": -80.85221086754369, "center_lat": 35.218866771467241 }, "geometry": { "type": "Polygon", "coordinates": [ [ [ -80.852631620882448, 35.218322199112919 ], [ -80.852641181578917, 35.218318562463949 ], [ -80.85265112281445, 35.218315694114494 ], [ -80.852661353155497, 35.218313620445961 ], [ -80.85267177850946, 35.218312360530682 ], [ -80.852682302990132, 35.218311925956634 ], [ -80.852692829799693, 35.218312320720742 ], [ -80.852703262118837, 35.218313541192224 ], [ -80.852713503997293, 35.218315576145891 ], [ -80.852723461236394, 35.218318406865478 ], [ -80.852733042255352, 35.21832200731572 ], [ -80.852742158933609, 35.218326344381786 ], [ -80.852750727421309, 35.218331378173957 ], [ -80.852758668910468, 35.218337062394369 ], [ -80.852765910359807, 35.218343344762935 ], [ -80.852836988965052, 35.218411256255614 ], [ -80.852843341240956, 35.218417936525455 ], [ -80.852848901351848, 35.218425076622324 ], [ -80.852853620198232, 35.218432613494628 ], [ -80.852857456109405, 35.218440480586956 ], [ -80.852860375211563, 35.218448608427821 ], [ -80.852862351726884, 35.218456925243188 ], [ -80.852863368201142, 35.218465357590169 ], [ -80.85286341565795, 35.218473831005682 ], [ -80.85286249367789, 35.218482270663941 ], [ -80.852860610402374, 35.218490602037214 ], [ -80.852857782461669, 35.218498751554009 ], [ -80.85264469649232, 35.219018704041488 ], [ -80.852640542957943, 35.219027339697888 ], [ -80.852635329404237, 35.219035579107711 ], [ -80.852629111098494, 35.219043334927058 ], [ -80.852621953959172, 35.219050524938353 ], [ -80.852613933857171, 35.219057072922013 ], [ -80.852605135811473, 35.219062909464434 ], [ -80.852291988456926, 35.219249620393569 ], [ -80.852282178574839, 35.219254838586032 ], [ -80.852271748640703, 35.219259171969355 ], [ -80.851609465974335, 35.219498913072002 ], [ -80.851596057115998, 35.219502935074402 ], [ -80.851397870879325, 35.219550657688949 ], [ -80.851387276831318, 35.219552746705787 ], [ -80.851376482753778, 35.219553964459323 ], [ -80.851365594778002, 35.219554298976156 ], [ -80.851354719958522, 35.219553746967193 ], [ -80.851343965220522, 35.219552313860007 ], [ -80.851333436308479, 35.219550013745405 ], [ -80.851323236746438, 35.219546869238947 ], [ -80.851313466820159, 35.219542911258571 ], [ -80.851304222590997, 35.219538178720569 ], [ -80.851295594951424, 35.219532718156934 ], [ -80.851287668731331, 35.219526583257888 ], [ -80.851280521863984, 35.219519834343927 ], [ -80.851274224619658, 35.219512537772758 ], [ -80.851268838914862, 35.2195047652868 ], [ -80.851264417703447, 35.219496593307845 ], [ -80.851261004455964, 35.219488102185601 ], [ -80.851258632732325, 35.219479375407666 ], [ -80.851257325851776, 35.219470498778705 ], [ -80.851257096663645, 35.219461559576665 ], [ -80.851257947421047, 35.219452645694759 ], [ -80.851259869758721, 35.219443844777224 ], [ -80.851262844775235, 35.219435243357502 ], [ -80.851511843520655, 35.218831126381282 ], [ -80.851515667281319, 35.218823126995098 ], [ -80.851520401543979, 35.218815462615503 ], [ -80.851526003316167, 35.218808202843327 ], [ -80.851532421727512, 35.218801413605114 ], [ -80.851539598491811, 35.218795156554464 ], [ -80.851547468436124, 35.218789488512087 ], [ -80.851555960092824, 35.218784460949877 ], [ -80.8515649963485, 35.218780119523487 ], [ -80.852631620882448, 35.218322199112919 ] ] ] } },
{ "type": "Feature", "properties": { "centroid_id": 64, "tree_count": 8, "mean_dist_m": 25.371436604135553, "max_dist_m": 47.940907408949442, "center_x_m": 513450.0, "center_y_m": 3897650.0, "center_lon": -80.852205554964101, "center_lat": 35.221797323507943 }, "geometry": { "type": "Polygon", "coordinates": [ [ [ -80.851664086005613, 35.221650854597719 ], [ -80.851657102299029, 35.221644155372566 ], [ -80.851650949193072, 35.221636928531332 ], [ -80.851645685505062, 35.221629243155441 ], [ -80.851641361550335, 35.221621172709376 ], [ -80.851638018661305, 35.221612794338554 ], [ -80.8516356887923, 35.221604188131749 ], [ -80.851634394214216, 35.221595436355635 ], [ -80.851634147301567, 35.221586622668362 ], [ -80.851634950414251, 35.221577831319827 ], [ -80.851636795874981, 35.221569146346404 ], [ -80.851639666042729, 35.221560650767572 ], [ -80.85164353348128, 35.221552425792368 ], [ -80.851648361221621, 35.221544550043134 ], [ -80.851654103115237, 35.221537098803935 ], [ -80.851660704275304, 35.221530143300924 ], [ -80.851668101601348, 35.221523750021518 ], [ -80.851676224382416, 35.221517980078865 ], [ -80.851684994973013, 35.221512888627629 ], [ -80.851694329535292, 35.22150852433677 ], [ -80.851704138840489, 35.221504928924389 ], [ -80.851714329121819, 35.221502136758851 ], [ -80.851724802970807, 35.22150017453037 ], [ -80.851735460268372, 35.221499060995789 ], [ -80.8517461991419, 35.221498806799346 ], [ -80.851756916938982, 35.221499414370875 ], [ -80.851767511208678, 35.221500877902642 ], [ -80.851777880680856, 35.221503183404828 ], [ -80.851787926234167, 35.221506308839217 ], [ -80.851797551843546, 35.221510224329926 ], [ -80.852393621876004, 35.221783254681156 ], [ -80.852401956934173, 35.221787483156348 ], [ -80.852409799780091, 35.221792304166726 ], [ -80.852417088041591, 35.221797679372138 ], [ -80.852423763757045, 35.221803566024995 ], [ -80.852516383374223, 35.221892915687036 ], [ -80.852523028338737, 35.221900011393878 ], [ -80.852528783478974, 35.221907612650604 ], [ -80.852533592110632, 35.221915644590297 ], [ -80.852537406871832, 35.221924028104027 ], [ -80.852540190189586, 35.221932680620185 ], [ -80.852541914649848, 35.22194151691756 ], [ -80.852542563267548, 35.221950449964872 ], [ -80.852542129653884, 35.221959391777837 ], [ -80.852540618079317, 35.221968254285855 ], [ -80.852538043431466, 35.221976950199355 ], [ -80.852534431068463, 35.221985393869588 ], [ -80.852529816569316, 35.221993502132214 ], [ -80.852524245383393, 35.222001195126431 ], [ -80.852517772382797, 35.22200839708146 ], [ -80.85251046132197, 35.222015037062938 ], [ -80.852502384209714, 35.222021049671561 ], [ -80.852493620599972, 35.222026375687172 ], [ -80.852484256808296, 35.22203096265212 ], [ -80.852474385061655, 35.222034765387875 ], [ -80.852464102590091, 35.222037746440002 ], [ -80.852453510669051, 35.222039876447162 ], [ -80.852442713621855, 35.222041134430221 ], [ -80.852431817792208, 35.222041507998867 ], [ -80.85216135745992, 35.222039757573505 ], [ -80.852150600155085, 35.222039254435714 ], [ -80.852139954614501, 35.222037889181003 ], [ -80.852129523193909, 35.222035674936116 ], [ -80.852119406190226, 35.22203263299081 ], [ -80.852109700877293, 35.222028792593022 ], [ -80.852100500570515, 35.22202419066776 ], [ -80.852091893729721, 35.222018871462005 ], [ -80.852083963108569, 35.222012886119309 ], [ -80.852003442787606, 35.221945846355837 ], [ -80.852001795634436, 35.221944445020213 ], [ -80.851664086005613, 35.221650854597719 ] ] ] } },
{ "type": "Feature", "properties": { "centroid_id": 65, "tree_count": 31, "mean_dist_m": 36.393571279989111, "max_dist_m": 75.916533082217327, "center_x_m": 513550.0, "center_y_m": 3897550.0, "center_lon": -80.85110836167361, "center_lat": 35.220894268914989 }, "geometry": { "type": "Polygon", "coordinates": [ [ [ -80.851602641232688, 35.220302092552963 ], [ -80.851612291013652, 35.220297928110632 ], [ -80.851622396206523, 35.220294568922192 ], [ -80.851632857323935, 35.220292048059427 ], [ -80.851643571374453, 35.220290390340629 ], [ -80.851654432876501, 35.220289612086312 ], [ -80.851665334896836, 35.220289720958519 ], [ -80.851676170103261, 35.220290715885398 ], [ -80.851686831821425, 35.220292587071725 ], [ -80.851697215084954, 35.220295316095353 ], [ -80.851707217668888, 35.220298876088599 ], [ -80.851716741096055, 35.22030323200277 ], [ -80.85172569160666, 35.220308340953132 ], [ -80.85173398108131, 35.220314152641215 ], [ -80.851741527908558, 35.220320609849963 ], [ -80.851748257788387, 35.220327649007032 ], [ -80.851754104463751, 35.220335200810702 ], [ -80.851759010372831, 35.220343190912125 ], [ -80.851762927215788, 35.220351540647272 ], [ -80.851765816430273, 35.220360167811506 ], [ -80.851767649571102, 35.220368987468781 ], [ -80.851768408590317, 35.220377912787882 ], [ -80.851768086014872, 35.220386855897317 ], [ -80.851766685020209, 35.220395728750454 ], [ -80.851764219399087, 35.220404443992251 ], [ -80.851760713425691, 35.220412915819409 ], [ -80.851756201616709, 35.220421060825046 ], [ -80.851262847509545, 35.221205821023837 ], [ -80.851256759197994, 35.221214328185894 ], [ -80.851249574762903, 35.221222238615375 ], [ -80.851078284705096, 35.221390748637369 ], [ -80.851076969920172, 35.221392018053344 ], [ -80.850986119894884, 35.221478108526441 ], [ -80.850978689446151, 35.221484489839803 ], [ -80.850970534337534, 35.221490244468669 ], [ -80.850961732702118, 35.221495317278574 ], [ -80.850952368867311, 35.221499659667458 ], [ -80.85094253254691, 35.221503230031374 ], [ -80.850932317981645, 35.221505994163032 ], [ -80.850921823036174, 35.221507925579587 ], [ -80.850911148261446, 35.221509005776312 ], [ -80.850900395931447, 35.221509224403974 ], [ -80.850889669063093, 35.221508579367914 ], [ -80.850879070429457, 35.221507076848162 ], [ -80.850868701574939, 35.221504731240202 ], [ -80.850858661842423, 35.221501565017086 ], [ -80.850849047421548, 35.221497608514035 ], [ -80.850839950426959, 35.221492899637902 ], [ -80.85083145801589, 35.221487483503907 ], [ -80.850823651553114, 35.221481412003484 ], [ -80.850816605831284, 35.22147474330697 ], [ -80.850810388354517, 35.221467541306389 ], [ -80.850805058691478, 35.221459875003319 ], [ -80.850800667904792, 35.221451817847658 ], [ -80.850797258061789, 35.221443447034062 ], [ -80.850794861831432, 35.221434842762264 ], [ -80.850793502171399, 35.221426087468693 ], [ -80.850732393130585, 35.22078276749415 ], [ -80.850732091297743, 35.220773636218389 ], [ -80.850732916813854, 35.220764526737675 ], [ -80.850734861206746, 35.220755532537218 ], [ -80.850737904521907, 35.220746745919115 ], [ -80.850742015527288, 35.220738257055153 ], [ -80.850747152033776, 35.220730153061453 ], [ -80.850753261328236, 35.220722517104356 ], [ -80.850760280714439, 35.220715427547042 ], [ -80.850768138156496, 35.220708957145327 ], [ -80.850776753018096, 35.220703172300944 ], [ -80.850786036890128, 35.2206981323802 ], [ -80.851602641232688, 35.220302092552963 ] ] ] } },
{ "type": "Feature", "properties": { "centroid_id": 66, "tree_count": 4, "mean_dist_m": 37.329661527473704, "max_dist_m": 43.164636538627562, "center_x_m": 513600.0, "center_y_m": 3897500.0, "center_lon": -80.850559774143676, "center_lat": 35.220442737861582 }, "geometry": { "type": "Polygon", "coordinates": [ [ [ -80.850825266069236, 35.220738751341763 ], [ -80.850818748218643, 35.220745800901639 ], [ -80.850811419723414, 35.220752292259363 ], [ -80.850803351160906, 35.22075816289945 ], [ -80.850794620235874, 35.220763356284301 ], [ -80.85078531103197, 35.220767822398663 ], [ -80.850775513202109, 35.22077151823126 ], [ -80.850765321104959, 35.220774408189122 ], [ -80.850754832896257, 35.220776464440284 ], [ -80.850744149583505, 35.220777667181864 ], [ -80.850733374053164, 35.220778004830777 ], [ -80.850722610079828, 35.220777474135247 ], [ -80.85071196132678, 35.220776080206186 ], [ -80.850701530347678, 35.220773836467927 ], [ -80.850691417598824, 35.220770764529 ], [ -80.850681720471798, 35.220766893973909 ], [ -80.850672532355432, 35.22076226207836 ], [ -80.850663941736471, 35.220756913450124 ], [ -80.85065603134737, 35.220750899599587 ], [ -80.850648877369508, 35.22074427844354 ], [ -80.850642548699568, 35.220737113747454 ], [ -80.850637106285987, 35.220729474511437 ], [ -80.850632602542035, 35.220721434305602 ], [ -80.850629080840989, 35.220713070561644 ], [ -80.850626575098488, 35.220704463827062 ], [ -80.850625109445886, 35.220695696989466 ], [ -80.850624697997901, 35.220686854478387 ], [ -80.850625344716647, 35.220678021451988 ], [ -80.850627043373535, 35.220669282977155 ], [ -80.850629777609257, 35.220660723210116 ], [ -80.850633521091311, 35.220652424586078 ], [ -80.850638237767669, 35.220644467025188 ], [ -80.850643882213944, 35.220636927163021 ], [ -80.850928597085115, 35.220295392807365 ], [ -80.850935114890078, 35.220288343240945 ], [ -80.850942443333636, 35.220281851875107 ], [ -80.850950511838889, 35.220275981225136 ], [ -80.850959242701734, 35.220270787828468 ], [ -80.850968551839301, 35.220266321700201 ], [ -80.850978349599671, 35.220262625851497 ], [ -80.850988541625298, 35.220259735875274 ], [ -80.850999029761638, 35.220257679603513 ], [ -80.851009713002554, 35.220256476839147 ], [ -80.851020488462893, 35.220256139165464 ], [ -80.851031252369452, 35.220256669834384 ], [ -80.851041901060242, 35.220258063735322 ], [ -80.851052331982885, 35.220260307444292 ], [ -80.851062444682199, 35.22026337935322 ], [ -80.851072141767617, 35.22026724987802 ], [ -80.851081329851112, 35.22027188174355 ], [ -80.851089920446555, 35.220277230342532 ], [ -80.851097830821956, 35.220283244165152 ], [ -80.851104984796066, 35.220289865295179 ], [ -80.851111313472146, 35.220297029967618 ], [ -80.851116755901515, 35.220304669182923 ], [ -80.851121259670407, 35.220312709371363 ], [ -80.851124781404877, 35.220321073101644 ], [ -80.851127287188376, 35.220329679826548 ], [ -80.851128752888556, 35.220338446658701 ], [ -80.851129164389604, 35.220347289168721 ], [ -80.851128517728185, 35.220356122198439 ], [ -80.851126819131679, 35.22036486068091 ], [ -80.851124084958144, 35.22037342045973 ], [ -80.851120341538874, 35.220381719099485 ], [ -80.851115624924802, 35.220389676679666 ], [ -80.851109980539277, 35.220397216564287 ], [ -80.850825266069236, 35.220738751341763 ] ] ] } },
{ "type": "Feature", "properties": { "centroid_id": 67, "tree_count": 25, "mean_dist_m": 66.419406638994545, "max_dist_m": 109.12077417126329, "center_x_m": 513625.0, "center_y_m": 3897200.0, "center_lon": -80.850290036101555, "center_lat": 35.217737273175459 }, "geometry": { "type": "Polygon", "coordinates": [ [ [ -80.851055349180413, 35.216964889612477 ], [ -80.851063868765635, 35.216959403689792 ], [ -80.851073005008686, 35.216954632639641 ], [ -80.85108266916582, 35.216950622804994 ], [ -80.8510927673655, 35.216947413134832 ], [ -80.851103201520246, 35.216945034805818 ], [ -80.851113870279335, 35.216943510919521 ], [ -80.851124670013277, 35.216942856278024 ], [ -80.851135495820358, 35.216943077240067 ], [ -80.851146242545695, 35.216944171659364 ], [ -80.851156805802418, 35.216946128905462 ], [ -80.851167082985853, 35.216948929966897 ], [ -80.851176974269961, 35.216952547635962 ], [ -80.851186383577087, 35.21695694677291 ], [ -80.851195219511126, 35.216962084647371 ], [ -80.85120339624531, 35.216967911353258 ], [ -80.851210834355896, 35.216974370293663 ], [ -80.851217461593578, 35.216981398730525 ], [ -80.851223213585342, 35.216988928393995 ], [ -80.851228034459652, 35.216996886145679 ], [ -80.85123187738931, 35.217005194688916 ], [ -80.851234705046139, 35.217013773319692 ], [ -80.851236489963739, 35.217022538710481 ], [ -80.851237214804158, 35.217031405719652 ], [ -80.851262664856847, 35.218212178913575 ], [ -80.851262451859284, 35.218219607146665 ], [ -80.851261494329805, 35.218226995769271 ], [ -80.851222751932539, 35.218441472555874 ], [ -80.851220639321312, 35.218450184271759 ], [ -80.851217492485759, 35.218458683145307 ], [ -80.851213341961881, 35.218466886705151 ], [ -80.851208228025214, 35.218474715345465 ], [ -80.851202200300207, 35.218482093098629 ], [ -80.851195317278524, 35.218488948372304 ], [ -80.851187645751551, 35.21849521464415 ], [ -80.851179260162226, 35.218500831107413 ], [ -80.85117024188267, 35.218505743260941 ], [ -80.851160678424549, 35.218509903438061 ], [ -80.851150662589944, 35.218513271269153 ], [ -80.851140291570701, 35.218515814073378 ], [ -80.851129666005363, 35.218517507175783 ], [ -80.851118889002578, 35.218518334146822 ], [ -80.851108065140551, 35.218518286961682 ], [ -80.85109729945215, 35.218517366078252 ], [ -80.851086696405773, 35.218515580432651 ], [ -80.851076358891547, 35.218512947352451 ], [ -80.849706642137704, 35.21810234021855 ], [ -80.849696636382305, 35.218098871622288 ], [ -80.849687096827097, 35.218094609273997 ], [ -80.849678116691749, 35.218089594825031 ], [ -80.849669783729311, 35.21808387727615 ], [ -80.849662179368622, 35.218077512498766 ], [ -80.849655377918651, 35.218070562688901 ], [ -80.84964944584236, 35.218063095759497 ], [ -80.849644441107188, 35.218055184676679 ], [ -80.849640412618655, 35.218046906746814 ], [ -80.849637399742463, 35.218038342861014 ], [ -80.849635431919808, 35.218029576704708 ], [ -80.849634528379724, 35.21802069393987 ], [ -80.849634697951117, 35.218011781367906 ], [ -80.849635938976633, 35.218002926081482 ], [ -80.849638239328783, 35.217994214613476 ], [ -80.849641576528427, 35.217985732091329 ], [ -80.849645917964551, 35.217977561405235 ], [ -80.849651221212866, 35.217969782398129 ], [ -80.849657434450421, 35.217962471085499 ], [ -80.849664496962063, 35.21795569891254 ], [ -80.849672339733615, 35.217949532056089 ], [ -80.851055349180413, 35.216964889612477 ] ] ] } },
{ "type": "Feature", "properties": { "centroid_id": 68, "tree_count": 23, "mean_dist_m": 43.512383165087805, "max_dist_m": 110.50702261069776, "center_x_m": 513625.0, "center_y_m": 3897475.0, "center_lon": -80.850285482657469, "center_lat": 35.220216971395701 }, "geometry": { "type": "Polygon", "coordinates": [ [ [ -80.85120558404725, 35.21949382199201 ], [ -80.851216470257953, 35.219492904268655 ], [ -80.851227413718888, 35.219492879713655 ], [ -80.85123830588239, 35.219493748570557 ], [ -80.851249038709611, 35.219495502221207 ], [ -80.851259505742163, 35.219498123271237 ], [ -80.851269603158016, 35.219501585722568 ], [ -80.85127923080131, 35.219505855231333 ], [ -80.851288293175813, 35.219510889448436 ], [ -80.851296700392112, 35.219516638439721 ], [ -80.851304369059235, 35.219523045181163 ], [ -80.851311223111807, 35.219530046124547 ], [ -80.851317194564473, 35.219537571827779 ], [ -80.85132222418639, 35.219545547643662 ], [ -80.851326262088591, 35.219553894460319 ], [ -80.851329268218947, 35.219562529485927 ], [ -80.851331212759362, 35.219571367069889 ], [ -80.85133207642167, 35.219580319552392 ], [ -80.851331850638843, 35.219589298133933 ], [ -80.851330537650071, 35.219598213756107 ], [ -80.851328150478523, 35.219606977984988 ], [ -80.851324712802182, 35.219615503888235 ], [ -80.851320258719014, 35.219623706897487 ], [ -80.851314832408761, 35.219631505647129 ], [ -80.851308487694723, 35.219638822781356 ], [ -80.851249479322902, 35.219700162585362 ], [ -80.851243971101141, 35.219705454934072 ], [ -80.851237981869076, 35.219710382883406 ], [ -80.850610494042726, 35.220188282234318 ], [ -80.850601997539769, 35.220194126970249 ], [ -80.850592826566171, 35.220199239352226 ], [ -80.850583074486352, 35.220203567333911 ], [ -80.85057284058071, 35.220207066854584 ], [ -80.850562229034864, 35.220209702287541 ], [ -80.850551347879048, 35.220211446802942 ], [ -80.850540307888252, 35.220212282640823 ], [ -80.850529221454494, 35.220212201291979 ], [ -80.850404647375669, 35.220206120537846 ], [ -80.85039467035098, 35.2202052570373 ], [ -80.850384830882845, 35.22020365040305 ], [ -80.850375210992468, 35.220201314027953 ], [ -80.850365890870663, 35.220198267387879 ], [ -80.850356948209381, 35.220194535879415 ], [ -80.850348457554063, 35.220190150608225 ], [ -80.850280210053072, 35.220151223000677 ], [ -80.850271739676643, 35.220145871955033 ], [ -80.850263942988846, 35.22013987082515 ], [ -80.84987025416099, 35.219805855562853 ], [ -80.849863061347861, 35.219799112425733 ], [ -80.849856719704647, 35.219791816690993 ], [ -80.849851291869427, 35.219784040420819 ], [ -80.8498468314543, 35.219775860423781 ], [ -80.849843382515843, 35.219767357496146 ], [ -80.849840979119904, 35.219758615623839 ], [ -80.849839645005176, 35.219749721152901 ], [ -80.849839393348759, 35.219740761936585 ], [ -80.849840226635976, 35.21973182646763 ], [ -80.849842136635857, 35.219723003004198 ], [ -80.849845104482469, 35.219714378698079 ], [ -80.849849100861221, 35.219706038733968 ], [ -80.849854086298492, 35.219698065487933 ], [ -80.849860011551485, 35.219690537713909 ], [ -80.849866818094625, 35.219683529765732 ], [ -80.849874438697697, 35.219677110862747 ], [ -80.849882798089808, 35.21967134440618 ], [ -80.849891813702911, 35.219666287352794 ], [ -80.849901396487354, 35.21966198965243 ], [ -80.849911451791428, 35.219658493754572 ], [ -80.849921880296293, 35.219655834189098 ], [ -80.849932578996928, 35.219654037225219 ], [ -80.85120558404725, 35.21949382199201 ] ] ] } },
{ "type": "Feature", "properties": { "centroid_id": 72, "tree_count": 7, "mean_dist_m": 63.168896207675552, "max_dist_m": 99.3916299096866, "center_x_m": 513650.0, "center_y_m": 3898000.0, "center_lon": -80.850002067522198, "center_lat": 35.224950597812501 }, "geometry": { "type": "Polygon", "coordinates": [ [ [ -80.84978600081152, 35.224665317011358 ], [ -80.849794295243129, 35.224659456145652 ], [ -80.849803259093747, 35.224654301470835 ], [ -80.849812803424157, 35.224649904131482 ], [ -80.849822833535669, 35.224646307757872 ], [ -80.84983324990975, 35.224643548033129 ], [ -80.849843949195431, 35.224641652339152 ], [ -80.849854825234658, 35.22464063948496 ], [ -80.849865770115741, 35.224640519520086 ], [ -80.849876675243891, 35.224641293634782 ], [ -80.849887432418782, 35.224642954148337 ], [ -80.849897934908014, 35.224645484585189 ], [ -80.849908078506175, 35.224648859838389 ], [ -80.849917762568751, 35.224653046418787 ], [ -80.849926891010625, 35.224658002787251 ], [ -80.850944791156607, 35.22527260271108 ], [ -80.850953099342647, 35.225278150939182 ], [ -80.850960709738985, 35.225284336569715 ], [ -80.850967550030632, 35.225291100826126 ], [ -80.850973555220108, 35.22529837943366 ], [ -80.850978668245205, 35.225306103230167 ], [ -80.850982840521056, 35.225314198823156 ], [ -80.850986032401934, 35.225322589287344 ], [ -80.850988213557855, 35.225331194895482 ], [ -80.850989363262869, 35.225339933875958 ], [ -80.850989470592012, 35.225348723189846 ], [ -80.850988534525072, 35.225357479319896 ], [ -80.850986563956369, 35.225366119064155 ], [ -80.850955724324692, 35.225472389045038 ], [ -80.85095280559257, 35.225480668492601 ], [ -80.850948936855403, 35.225488681456028 ], [ -80.85094415345894, 35.225496354726339 ], [ -80.850938499105538, 35.225503618198182 ], [ -80.850932025454966, 35.225510405510114 ], [ -80.850654414804822, 35.225774425524122 ], [ -80.850646957703844, 35.225780849425043 ], [ -80.850638767374178, 35.225786640922315 ], [ -80.850629923100897, 35.225791743952257 ], [ -80.850620510499553, 35.225796109115777 ], [ -80.850610620687291, 35.225799694156557 ], [ -80.850600349400949, 35.22580246437014 ], [ -80.850589796070125, 35.225804392939907 ], [ -80.850579062854791, 35.2258054611966 ], [ -80.850568253656263, 35.225805658799146 ], [ -80.85055747311138, 35.225804983834649 ], [ -80.850546825579642, 35.225803442837027 ], [ -80.85053641413289, 35.225801050723682 ], [ -80.850526339557604, 35.225797830651111 ], [ -80.850516699379114, 35.225793813790737 ], [ -80.850507586917701, 35.225789039027184 ], [ -80.850499090385043, 35.225783552581809 ], [ -80.850491292030384, 35.225777407565339 ], [ -80.850484267344314, 35.225770663463607 ], [ -80.8497144681306, 35.224953392755673 ], [ -80.849711396500595, 35.22494996768841 ], [ -80.849649706411398, 35.224877667791645 ], [ -80.849643783968503, 35.224869917742573 ], [ -80.84963884892484, 35.224861715191963 ], [ -80.849634952070801, 35.224853144559141 ], [ -80.849632133511847, 35.224844294051721 ], [ -80.849630422255757, 35.224835254757643 ], [ -80.849629835914129, 35.224826119707849 ], [ -80.84963038052112, 35.224816982918689 ], [ -80.849632050471342, 35.224807938424398 ], [ -80.849634828577621, 35.224799079309321 ], [ -80.8496386862478, 35.224790496749883 ], [ -80.849643583779127, 35.224782279076187 ], [ -80.849649470766821, 35.224774510863007 ], [ -80.84965628662286, 35.22476727205931 ], [ -80.849663961199511, 35.224760637165474 ], [ -80.84978600081152, 35.224665317011358 ] ] ] } },
{ "type": "Feature", "properties": { "centroid_id": 75, "tree_count": 1, "mean_dist_m": 162.65820804223105, "max_dist_m": 162.65820804223105, "center_x_m": 513700.0, "center_y_m": 3897725.0, "center_lon": -80.849457205808235, "center_lat": 35.222470219588764 }, "geometry": { "type": "Polygon", "coordinates": [ [ [ -80.850636784023024, 35.223485762958767 ], [ -80.850637329349993, 35.223476925329742 ], [ -80.850638927689857, 35.223468174117592 ], [ -80.850641563649376, 35.223459593601198 ], [ -80.850645211842533, 35.223451266415573 ], [ -80.850649837134966, 35.223443272755986 ], [ -80.850655394982368, 35.22343568960563 ], [ -80.850661831859455, 35.223428589994263 ], [ -80.850669085775522, 35.223422042294892 ], [ -80.850677086871315, 35.223416109565314 ], [ -80.85068575809197, 35.223410848940809 ], [ -80.850695015928977, 35.223406311083934 ], [ -80.8507047712245, 35.2234025396966 ], [ -80.850714930029881, 35.223399571099257 ], [ -80.85072539451059, 35.223397433880983 ], [ -80.85073606388822, 35.223396148624325 ], [ -80.850746835411172, 35.223395727706993 ], [ -80.850757605344128, 35.223396175182579 ], [ -80.850768269967119, 35.22339748674171 ], [ -80.850778726574291, 35.223399649753375 ], [ -80.850788874463106, 35.223402643386656 ], [ -80.850798615904125, 35.223406438811324 ], [ -80.850807857082174, 35.22341099947549 ], [ -80.85081650899977, 35.223416281457538 ], [ -80.850824488334354, 35.223422233889266 ], [ -80.850831718240585, 35.223428799445642 ], [ -80.850838129090491, 35.223435914896903 ], [ -80.850843659143962, 35.223443511717463 ], [ -80.850848255143418, 35.223451516745961 ], [ -80.850851872826638, 35.223459852889675 ], [ -80.850854477353096, 35.223468439867069 ], [ -80.850856043639467, 35.223477194980937 ], [ -80.850856556601258, 35.22348603391476 ], [ -80.850856011297978, 35.223494871544808 ], [ -80.85085441298088, 35.223503622759843 ], [ -80.850851777042294, 35.223512203280862 ], [ -80.850848128867469, 35.223520530472669 ], [ -80.850843503590042, 35.22352852413978 ], [ -80.850837945753753, 35.223536107298678 ], [ -80.850831508883431, 35.223543206919288 ], [ -80.850824254969567, 35.223549754628266 ], [ -80.850816253871287, 35.223555687367444 ], [ -80.850807582643583, 35.22356094800115 ], [ -80.850798324795207, 35.223565485866494 ], [ -80.850788569484465, 35.223569257261218 ], [ -80.850778410660567, 35.223572225864629 ], [ -80.850767946158783, 35.223574363087351 ], [ -80.850757276758316, 35.223575648346717 ], [ -80.850746505211632, 35.223576069264929 ], [ -80.850735735254958, 35.223575621788299 ], [ -80.850725070609215, 35.223574310226283 ], [ -80.850714613981097, 35.22357214721 ], [ -80.85070446607395, 35.223569153570523 ], [ -80.850694724617924, 35.223565358138345 ], [ -80.850685483428791, 35.223560797465645 ], [ -80.850676831504401, 35.223555515474324 ], [ -80.85066885216763, 35.223549563032989 ], [ -80.850661622263885, 35.223542997467028 ], [ -80.850655211421028, 35.223535882006587 ], [ -80.850649681378911, 35.223528285177551 ], [ -80.850645085394689, 35.223520280141649 ], [ -80.850641467729986, 35.22351194399188 ], [ -80.850638863224603, 35.223503357010017 ], [ -80.850637296961068, 35.223494601893442 ], [ -80.850636784023024, 35.223485762958767 ] ] ] } },
{ "type": "Feature", "properties": { "centroid_id": 76, "tree_count": 29, "mean_dist_m": 56.196880846334018, "max_dist_m": 151.30309221124608, "center_x_m": 513700.0, "center_y_m": 3897950.0, "center_lon": -80.849453458923762, "center_lat": 35.224499061996042 }, "geometry": { "type": "Polygon", "coordinates": [ [ [ -80.850613437750297, 35.223475596123713 ], [ -80.850623528757396, 35.22347244797816 ], [ -80.850633947521274, 35.223470127553483 ], [ -80.850644593481292, 35.22346865724613 ], [ -80.850655363883916, 35.223468051247323 ], [ -80.850666154774629, 35.223468315406095 ], [ -80.850676862001066, 35.223469447172803 ], [ -80.85068738221841, 35.223471435623793 ], [ -80.850697613886808, 35.223474261566771 ], [ -80.850707458251463, 35.223477897726099 ], [ -80.850716820295673, 35.223482309005995 ], [ -80.850725609658042, 35.223487452829318 ], [ -80.850733741504584, 35.223493279548514 ], [ -80.850741137347541, 35.223499732924758 ], [ -80.850747725802847, 35.223506750670801 ], [ -80.850753443279302, 35.223514265052167 ], [ -80.850758234592192, 35.223522203540846 ], [ -80.850762053495998, 35.223530489515412 ], [ -80.850764863130763, 35.223539043000493 ], [ -80.85076663637787, 35.223547781438725 ], [ -80.85076735612175, 35.223556620487564 ], [ -80.850767015415173, 35.22356547483335 ], [ -80.850765617546273, 35.223574259014761 ], [ -80.850763176006808, 35.223582888247634 ], [ -80.850759714361985, 35.223591279243401 ], [ -80.850755266022986, 35.223599351012822 ], [ -80.850749873924556, 35.223607025647851 ], [ -80.849883072040413, 35.22471153190984 ], [ -80.849876985147745, 35.224718530729731 ], [ -80.849870113543332, 35.224725021997024 ], [ -80.849764173490712, 35.224815952189957 ], [ -80.849756419128013, 35.224821990432901 ], [ -80.849747986444527, 35.22482738183124 ], [ -80.849738955245513, 35.224832075361803 ], [ -80.849729411000439, 35.224836026605857 ], [ -80.849719444034235, 35.224839198169583 ], [ -80.849709148672403, 35.224841560037859 ], [ -80.849698622348356, 35.224843089858425 ], [ -80.84905891135945, 35.224909919440613 ], [ -80.849047786510653, 35.224910613101265 ], [ -80.849036633284214, 35.224910377547708 ], [ -80.849025566650894, 35.224909215208065 ], [ -80.849014700688855, 35.22490713806409 ], [ -80.849004147407626, 35.22490416752759 ], [ -80.84899401559349, 35.224900334219768 ], [ -80.848984409688143, 35.224895677655439 ], [ -80.848975428711924, 35.224890245835851 ], [ -80.848967165243252, 35.224884094753804 ], [ -80.84895970446415, 35.224877287816376 ], [ -80.848953123282271, 35.224869895191461 ], [ -80.848947489538034, 35.224861993084325 ], [ -80.848884459622539, 35.22476229318027 ], [ -80.84887968642694, 35.224753660975061 ], [ -80.848876043971757, 35.224744665289428 ], [ -80.848873572510513, 35.224735405537572 ], [ -80.848872299355733, 35.224725984051986 ], [ -80.848872238577002, 35.224716504952447 ], [ -80.84887339084564, 35.22470707299545 ], [ -80.848986041279446, 35.224105623243254 ], [ -80.848988266487964, 35.224096742901949 ], [ -80.848991567165541, 35.224088090802638 ], [ -80.848995909945145, 35.224079754409836 ], [ -80.849001250925113, 35.224071817996503 ], [ -80.849007536112993, 35.224064361792131 ], [ -80.849014701971299, 35.224057461171803 ], [ -80.849022676059931, 35.224051185894098 ], [ -80.849031377768398, 35.224045599396057 ], [ -80.849040719130727, 35.22404075815173 ], [ -80.849050605714709, 35.224036711101377 ], [ -80.850613437750297, 35.223475596123713 ] ] ] } },
{ "type": "Feature", "properties": { "centroid_id": 77, "tree_count": 33, "mean_dist_m": 43.232630872583186, "max_dist_m": 71.851879658197461, "center_x_m": 513725.0, "center_y_m": 3897075.0, "center_lon": -80.849193335505063, "center_lat": 35.216608773621616 }, "geometry": { "type": "Polygon", "coordinates": [ [ [ -80.848792018069588, 35.215974923991872 ], [ -80.848802155608411, 35.215972030472471 ], [ -80.848812588788178, 35.215969962468591 ], [ -80.848823218053525, 35.215968739713553 ], [ -80.848833941977944, 35.215968373875064 ], [ -80.848844658231741, 35.215968868444065 ], [ -80.848855264558395, 35.215970218701258 ], [ -80.849785096521543, 35.216127093509265 ], [ -80.84979601561588, 35.21612942087841 ], [ -80.849806586362277, 35.216132654804355 ], [ -80.849816697326432, 35.216136761195862 ], [ -80.849826241920866, 35.216141696764304 ], [ -80.849835119528663, 35.216147409480122 ], [ -80.849843236563999, 35.216153839121176 ], [ -80.849850507458783, 35.2161609179077 ], [ -80.84993022903592, 35.216247155092759 ], [ -80.849936434357673, 35.216254616201653 ], [ -80.849941698885246, 35.216262549390329 ], [ -80.849945969783448, 35.216270875041168 ], [ -80.849949204189159, 35.216279509597754 ], [ -80.849951369641445, 35.216288366403447 ], [ -80.849952444407421, 35.216297356571062 ], [ -80.849952417700365, 35.216306389875044 ], [ -80.849951289787896, 35.216315375656791 ], [ -80.849949071989471, 35.216324223734688 ], [ -80.849945786562643, 35.216332845309019 ], [ -80.849941466479763, 35.216341153853293 ], [ -80.849936155097069, 35.21634906598257 ], [ -80.849929905719648, 35.21635650229031 ], [ -80.849922781066269, 35.216363388145318 ], [ -80.849914852640197, 35.21636965444079 ], [ -80.849818292787873, 35.216438663704842 ], [ -80.849817467611388, 35.216439247561524 ], [ -80.849024277606333, 35.21699486320562 ], [ -80.849023401222198, 35.216995470629378 ], [ -80.848836243404335, 35.217123822135022 ], [ -80.848829450490143, 35.2171281224552 ], [ -80.848782511621295, 35.217155507223964 ], [ -80.848773643293526, 35.217160172682739 ], [ -80.848764271310401, 35.217164119774417 ], [ -80.848754481812549, 35.217167312220099 ], [ -80.848744364778128, 35.217169720677077 ], [ -80.848734013195781, 35.217171323008493 ], [ -80.848723522210022, 35.217172104486863 ], [ -80.848712988246632, 35.217172057929361 ], [ -80.848702508126436, 35.217171183763917 ], [ -80.848692178175369, 35.217169490025242 ], [ -80.848682093339107, 35.217166992281022 ], [ -80.848672346310352, 35.217163713488752 ], [ -80.848663026676917, 35.217159683784786 ], [ -80.848654220098254, 35.217154940207337 ], [ -80.848646007518127, 35.217149526356025 ], [ -80.848638464420659, 35.217143491991138 ], [ -80.848551590082252, 35.217066993521485 ], [ -80.848544406602556, 35.217059985961654 ], [ -80.84853812624246, 35.217052416626181 ], [ -80.848532813775208, 35.217044363582623 ], [ -80.848528523991519, 35.217035909887343 ], [ -80.848525301134387, 35.217027142728824 ], [ -80.848523178442917, 35.217018152528517 ], [ -80.848522177809429, 35.217009032008164 ], [ -80.848522309553715, 35.216999875233611 ], [ -80.848591303213553, 35.216096675421404 ], [ -80.848592577436847, 35.216087520072904 ], [ -80.84859498359647, 35.216078519255305 ], [ -80.848598496563383, 35.216069766968424 ], [ -80.848603079649678, 35.216061354616457 ], [ -80.848608684991774, 35.216053370053515 ], [ -80.848615254050173, 35.21604589666606 ], [ -80.848622718220938, 35.216039012502094 ], [ -80.848630999552157, 35.216032789456079 ], [ -80.848640011557933, 35.216027292518092 ], [ -80.848649660121708, 35.216022579095153 ], [ -80.848659844479116, 35.216018698411659 ], [ -80.848792018069588, 35.215974923991872 ] ] ] } },
{ "type": "Feature", "properties": { "centroid_id": 78, "tree_count": 7, "mean_dist_m": 63.500058605851159, "max_dist_m": 95.308836814116432, "center_x_m": 513725.0, "center_y_m": 3897600.0, "center_lon": -80.849184578765716, "center_lat": 35.221342742713418 }, "geometry": { "type": "Polygon", "coordinates": [ [ [ -80.848741272511276, 35.221438396855667 ], [ -80.848750171502388, 35.221433713559165 ], [ -80.848759577750755, 35.221429753695645 ], [ -80.84876940419025, 35.22142655391842 ], [ -80.848779559865392, 35.221424143845212 ], [ -80.848789950773323, 35.221422545784144 ], [ -80.848800480733757, 35.221421774527151 ], [ -80.84881105227943, 35.221421837213143 ], [ -80.848821567558076, 35.221422733261903 ], [ -80.848831929238258, 35.221424454379431 ], [ -80.848842041410293, 35.221426984634697 ], [ -80.848851810473946, 35.221430300607231 ], [ -80.84886114600485, 35.221434371603706 ], [ -80.848869961591419, 35.221439159942214 ], [ -80.848878175634766, 35.221444621300954 ], [ -80.848885712103993, 35.221450705128504 ], [ -80.848892501239845, 35.221457355111745 ], [ -80.848898480200546, 35.221464509697086 ], [ -80.848903593643385, 35.221472102660258 ], [ -80.848907794237036, 35.221480063719184 ], [ -80.848911043099662, 35.221488319184679 ], [ -80.848913310158792, 35.22149679264237 ], [ -80.848948180335967, 35.221665512967199 ], [ -80.848949454661224, 35.221674241743614 ], [ -80.848949687106213, 35.221683030865805 ], [ -80.848948875461176, 35.22169179679117 ], [ -80.848947027440616, 35.221700456197532 ], [ -80.848944160610131, 35.221708926775186 ], [ -80.848940302219276, 35.221717128009253 ], [ -80.848935488942729, 35.22172498194503 ], [ -80.848929766531583, 35.221732413928933 ], [ -80.84892318937851, 35.221739353318107 ], [ -80.848915820000812, 35.221745734151931 ], [ -80.848907728446122, 35.221751495778989 ], [ -80.848898991626555, 35.221756583433503 ], [ -80.848889692587747, 35.221760948756064 ], [ -80.848879919719337, 35.22176455025312 ], [ -80.848869765914941, 35.221767353691526 ], [ -80.84833198523738, 35.221892243292473 ], [ -80.848321656830748, 35.221894205690624 ], [ -80.84831114603827, 35.221895342191345 ], [ -80.848300550699037, 35.221895642215593 ], [ -80.848289969439165, 35.221895102970606 ], [ -80.848279500753677, 35.22189372947593 ], [ -80.848269242089742, 35.221891534516629 ], [ -80.848259288939502, 35.221888538524368 ], [ -80.848249733951207, 35.221884769387174 ], [ -80.848240666066829, 35.221880262189842 ], [ -80.848232169694143, 35.221875058887271 ], [ -80.848224323920959, 35.221869207914139 ], [ -80.848217201778979, 35.221862763733839 ], [ -80.848210869564014, 35.221855786331538 ], [ -80.848205386218837, 35.221848340655932 ], [ -80.848200802784504, 35.221840496014543 ], [ -80.848197161925356, 35.221832325428615 ], [ -80.848194497531694, 35.221823904953418 ], [ -80.848192834404543, 35.221815312970264 ], [ -80.848192188024655, 35.221806629456914 ], [ -80.848192564408478, 35.221797935243082 ], [ -80.848193960052157, 35.221789311258092 ], [ -80.848196361964142, 35.221780837777501 ], [ -80.848199747786168, 35.221772593675915 ], [ -80.848204086001346, 35.221764655692709 ], [ -80.848209336227541, 35.221757097717827 ], [ -80.848215449593368, 35.221749990103902 ], [ -80.848222369192953, 35.22174339901138 ], [ -80.848230030615795, 35.221737385792743 ], [ -80.848238362546226, 35.221732006421377 ], [ -80.848741272511276, 35.221438396855667 ] ] ] } },
{ "type": "Feature", "properties": { "centroid_id": 79, "tree_count": 12, "mean_dist_m": 61.085363681794092, "max_dist_m": 102.11699714819912, "center_x_m": 513750.0, "center_y_m": 3897300.0, "center_lon": -80.848914883503028, "center_lat": 35.218637275473185 }, "geometry": { "type": "Polygon", "coordinates": [ [ [ -80.849418120374779, 35.218099635481259 ], [ -80.849428632361807, 35.218097551073299 ], [ -80.849439343121503, 35.218096324769839 ], [ -80.849450148900715, 35.218095968449845 ], [ -80.849460945025939, 35.218096485564949 ], [ -80.849471626917094, 35.218097871105925 ], [ -80.849482091100725, 35.218100111651289 ], [ -80.849492236212214, 35.218103185497334 ], [ -80.84950196397773, 35.218107062868256 ], [ -80.849511180166118, 35.218111706204695 ], [ -80.849519795501763, 35.218117070527498 ], [ -80.849527726529374, 35.218123103873452 ], [ -80.849534896422327, 35.218129747798599 ], [ -80.849541235726932, 35.218136937944429 ], [ -80.849546683035271, 35.218144604661234 ], [ -80.849551185579912, 35.218152673682887 ], [ -80.849554699745198, 35.218161066846108 ], [ -80.84955719148968, 35.218169702847746 ], [ -80.849558636675908, 35.218178498032252 ], [ -80.849559021304273, 35.218187367202077 ], [ -80.849537883624123, 35.219457381036477 ], [ -80.849537221533751, 35.219466109318084 ], [ -80.849535532228956, 35.219474743918383 ], [ -80.849532831599021, 35.219483203620477 ], [ -80.849529145045707, 35.219491408852527 ], [ -80.849524507244411, 35.219499282436225 ], [ -80.849518961817978, 35.219506750312689 ], [ -80.849512560926414, 35.219513742239144 ], [ -80.849505364776277, 35.219520192449544 ], [ -80.849497441054339, 35.219526040273237 ], [ -80.849488864291033, 35.21953123070557 ], [ -80.849479715159262, 35.219535714925335 ], [ -80.849470079715744, 35.219539450753942 ], [ -80.849460048591425, 35.219542403052181 ], [ -80.849449716139134, 35.219544544050677 ], [ -80.849439179545925, 35.21954585361123 ], [ -80.849428537919124, 35.219546319416075 ], [ -80.849417891353937, 35.219545937083851 ], [ -80.849407339992069, 35.219544710210798 ], [ -80.849396983079686, 35.219542650336884 ], [ -80.849386918033986, 35.219539776837273 ], [ -80.849377239526817, 35.219536116740159 ], [ -80.849368038594207, 35.219531704472409 ], [ -80.849359401780106, 35.21952658153586 ], [ -80.849351410322285, 35.219520796116853 ], [ -80.849344139388265, 35.219514402633038 ], [ -80.849205009986548, 35.219379502145848 ], [ -80.849198895359478, 35.219372993659555 ], [ -80.84903663546109, 35.219182963488215 ], [ -80.849030793566314, 35.21917533775941 ], [ -80.848985413494901, 35.219108958002671 ], [ -80.84897975722825, 35.219099406088496 ], [ -80.848975508702111, 35.219089374690782 ], [ -80.848724274953199, 35.218360252936506 ], [ -80.8487218666411, 35.218351689519494 ], [ -80.848720485618614, 35.218342974380541 ], [ -80.848720145004322, 35.218334190308596 ], [ -80.848720848033551, 35.218325420747462 ], [ -80.848722588027599, 35.218316749003016 ], [ -80.848725348457151, 35.218308257451945 ], [ -80.848729103099387, 35.218300026759131 ], [ -80.84873381628708, 35.218292135111497 ], [ -80.848739443247368, 35.218284657475131 ], [ -80.848745930527102, 35.218277664883303 ], [ -80.848753216500711, 35.218271223761541 ], [ -80.848761231955478, 35.218265395296797 ], [ -80.848769900749147, 35.218260234856061 ], [ -80.848779140533097, 35.218255791460543 ], [ -80.848788863534736, 35.218252107319827 ], [ -80.848798977391212, 35.218249217431136 ], [ -80.849418120374779, 35.218099635481259 ] ] ] } },
{ "type": "Feature", "properties": { "centroid_id": 80, "tree_count": 15, "mean_dist_m": 68.735415285445171, "max_dist_m": 92.194460533999589, "center_x_m": 513775.0, "center_y_m": 3897300.0, "center_lon": -80.848640184143903, "center_lat": 35.21863693235057 }, "geometry": { "type": "Polygon", "coordinates": [ [ [ -80.84852843658328, 35.217972188047462 ], [ -80.848538419033829, 35.217968580458702 ], [ -80.848548788153764, 35.217965802850799 ], [ -80.848559441762944, 35.217963882595029 ], [ -80.848570274877858, 35.217962838614127 ], [ -80.848581180746066, 35.217962681195736 ], [ -80.848592051898279, 35.217963411891127 ], [ -80.848602781207234, 35.217965023499829 ], [ -80.848613262943459, 35.21796750014061 ], [ -80.848623393817064, 35.217970817407974 ], [ -80.848633073995686, 35.217974942612699 ], [ -80.848642208088123, 35.217979835103904 ], [ -80.848650706084442, 35.217985446669644 ], [ -80.848658484242932, 35.217991722012002 ], [ -80.848665465915275, 35.217998599292024 ], [ -80.848671582301947, 35.218006010739089 ], [ -80.84872790942552, 35.218082148347762 ], [ -80.848733159156524, 35.218090122082053 ], [ -80.848737406993166, 35.218098488004514 ], [ -80.848740610021977, 35.218107161599555 ], [ -80.848742735884443, 35.218116055243371 ], [ -80.848743763103968, 35.21812507908907 ], [ -80.848743681302821, 35.218134141974453 ], [ -80.84868534014781, 35.21896320790011 ], [ -80.848684157350206, 35.218972181101364 ], [ -80.848681887369438, 35.218981012319439 ], [ -80.848678552947518, 35.218989613076438 ], [ -80.848674187490943, 35.218997897203415 ], [ -80.848668834735889, 35.219005781703636 ], [ -80.848662548310088, 35.219013187584103 ], [ -80.848655391195621, 35.219020040646967 ], [ -80.848647435097732, 35.219026272232917 ], [ -80.848638759726683, 35.219031819909112 ], [ -80.848629451998974, 35.219036628094571 ], [ -80.84861960516659, 35.219040648617138 ], [ -80.848292375782194, 35.219157878815281 ], [ -80.848285698886613, 35.219160060366193 ], [ -80.847915557519897, 35.219269630492207 ], [ -80.847905550758924, 35.219272157547735 ], [ -80.847895296336716, 35.219273891566267 ], [ -80.847884887353715, 35.219274816804536 ], [ -80.847874418313708, 35.219274924862241 ], [ -80.847863984265715, 35.219274214758343 ], [ -80.847853679941039, 35.219272692939889 ], [ -80.847843598893277, 35.219270373223601 ], [ -80.84783383264876, 35.21926727667028 ], [ -80.847824469875761, 35.219263431393706 ], [ -80.847815595579348, 35.219258872305375 ], [ -80.847807290329627, 35.219253640797476 ], [ -80.8477996295303, 35.219247784367155 ], [ -80.847792682733981, 35.219241356185236 ], [ -80.847786513010789, 35.219234414613453 ], [ -80.847781176375747, 35.219227022674715 ], [ -80.847617326407928, 35.218973222487001 ], [ -80.847612744455589, 35.218965194225788 ], [ -80.847609145308425, 35.218956835538513 ], [ -80.847606563755036, 35.218948227219187 ], [ -80.847605024748091, 35.218939452474721 ], [ -80.847604543163072, 35.218930596120664 ], [ -80.847605123654546, 35.218921743761314 ], [ -80.847606760611271, 35.218912980962372 ], [ -80.84760943821027, 35.218904392423795 ], [ -80.847613130569954, 35.218896061161225 ], [ -80.847617802000201, 35.218888067703347 ], [ -80.847623407347385, 35.218880489313776 ], [ -80.848275798719925, 35.218088979764353 ], [ -80.848282562903435, 35.218081614863209 ], [ -80.84829020841093, 35.218074855480097 ], [ -80.848298655264188, 35.218068772323491 ], [ -80.848307815102373, 35.218063429027964 ], [ -80.848317592106298, 35.21805888148856 ], [ -80.84852843658328, 35.217972188047462 ] ] ] } },
{ "type": "Feature", "properties": { "centroid_id": 81, "tree_count": 22, "mean_dist_m": 53.201700883375558, "max_dist_m": 70.468589075707996, "center_x_m": 513775.0, "center_y_m": 3897825.0, "center_lon": -80.848631394625968, "center_lat": 35.223370899732359 }, "geometry": { "type": "Polygon", "coordinates": [ [ [ -80.84786723327683, 35.223084555204132 ], [ -80.847867519910906, 35.223075779993806 ], [ -80.847868845023072, 35.223067069237999 ], [ -80.847871196054214, 35.223058505492972 ], [ -80.847874550722111, 35.223050169921692 ], [ -80.847878877232588, 35.223042141524516 ], [ -80.847884134580866, 35.223034496390603 ], [ -80.847890272940205, 35.223027306976697 ], [ -80.847897234134066, 35.223020641420405 ], [ -80.847904952187633, 35.223014562894505 ], [ -80.847913353952961, 35.223009129008169 ], [ -80.847922359802311, 35.223004391260979 ], [ -80.84793188438276, 35.223000394554866 ], [ -80.847941837425154, 35.222997176768565 ], [ -80.847952124599701, 35.222994768398593 ], [ -80.847962648409819, 35.222993192270245 ], [ -80.847973309116284, 35.222992463321219 ], [ -80.847984005682463, 35.222992588460137 ], [ -80.847994636731869, 35.22299356650101 ], [ -80.848005101508889, 35.222995388174446 ], [ -80.848015300833794, 35.2229980362156 ], [ -80.848025138042615, 35.223001485527689 ], [ -80.848034519903322, 35.223005703419901 ], [ -80.848043357499392, 35.223010649917242 ], [ -80.848051567072517, 35.223016278139355 ], [ -80.848109687492666, 35.22306023770404 ], [ -80.848115927359174, 35.223065352221333 ], [ -80.848169876754625, 35.22311327229324 ], [ -80.848171443993749, 35.223114694419884 ], [ -80.848330974514312, 35.223262584170726 ], [ -80.848331851238072, 35.223263406911734 ], [ -80.848383820884564, 35.223312777195815 ], [ -80.848383998989505, 35.2233129468176 ], [ -80.848885089498722, 35.223791366358817 ], [ -80.84889169050895, 35.223798330904856 ], [ -80.848897430450265, 35.22380579148161 ], [ -80.848902254367673, 35.223813676660832 ], [ -80.848906116076279, 35.223821910949027 ], [ -80.84890897860339, 35.223830415510342 ], [ -80.848910814542563, 35.22383910892124 ], [ -80.848911606316008, 35.223847907950066 ], [ -80.848911346342874, 35.223856728354022 ], [ -80.848910037111779, 35.223865485685565 ], [ -80.84890769115718, 35.223874096101007 ], [ -80.848904330939163, 35.223882477163201 ], [ -80.848899988628546, 35.223890548630919 ], [ -80.84889470579887, 35.223898233226869 ], [ -80.848888533028358, 35.223905457377832 ], [ -80.848881529415664, 35.223912151918817 ], [ -80.848873762014094, 35.223918252755453 ], [ -80.848865305189634, 35.223923701477503 ], [ -80.848856239908898, 35.223928445918176 ], [ -80.848846652964042, 35.223932440653563 ], [ -80.848836636141741, 35.2239356474375 ], [ -80.848826285344359, 35.223938035567805 ], [ -80.848815699671903, 35.223939582180193 ], [ -80.848804980473062, 35.223940272467161 ], [ -80.848794230374963, 35.223940099819821 ], [ -80.848169649852053, 35.223904929357197 ], [ -80.848157778542827, 35.223903725363151 ], [ -80.848146137046314, 35.223901469688911 ], [ -80.848134863305361, 35.223898189062467 ], [ -80.848124090905117, 35.223893922356773 ], [ -80.847941350930995, 35.223811192743064 ], [ -80.847932465689681, 35.223806706088112 ], [ -80.84792413901566, 35.223801548213828 ], [ -80.847916445964145, 35.223795765612515 ], [ -80.84790945587892, 35.223789410407569 ], [ -80.847903231767305, 35.223782539883786 ], [ -80.847897829732204, 35.223775215970939 ], [ -80.847893298466445, 35.223767504685547 ], [ -80.847889678813829, 35.223759475535807 ], [ -80.847887003400984, 35.223751200895123 ], [ -80.84788529634335, 35.223742755349626 ], [ -80.847884573027741, 35.223734215025964 ], [ -80.84786723327683, 35.223084555204132 ] ] ] } },
{ "type": "Feature", "properties": { "centroid_id": 82, "tree_count": 26, "mean_dist_m": 33.458506496138405, "max_dist_m": 67.417817021753592, "center_x_m": 513775.0, "center_y_m": 3898025.0, "center_lon": -80.848628045699058, "center_lat": 35.225174314901615 }, "geometry": { "type": "Polygon", "coordinates": [ [ [ -80.848291304130925, 35.224735980750658 ], [ -80.848306965606497, 35.224736204950489 ], [ -80.848981015563325, 35.224785434982799 ], [ -80.848991520202716, 35.224786623665373 ], [ -80.84900183630738, 35.224788637640849 ], [ -80.849011867814269, 35.224791458155181 ], [ -80.84902152131049, 35.22479505894389 ], [ -80.849030706903122, 35.224799406476642 ], [ -80.849039339056333, 35.224804460269404 ], [ -80.849047337387788, 35.22481017326151 ], [ -80.849054627417274, 35.224816492253829 ], [ -80.849061141260194, 35.224823358404208 ], [ -80.849066818259715, 35.224830707775347 ], [ -80.8490716055516, 35.22483847193017 ], [ -80.849075458556513, 35.224846578569164 ], [ -80.849078341395114, 35.2248549522036 ], [ -80.849080227222217, 35.224863514858448 ], [ -80.849203608045002, 35.225634764509905 ], [ -80.849204479491647, 35.225643440579574 ], [ -80.849204327270229, 35.225652145171175 ], [ -80.849203152799205, 35.225660797150823 ], [ -80.849200967025297, 35.225669315874946 ], [ -80.849197790321412, 35.22567762194204 ], [ -80.849193652296762, 35.225685637932706 ], [ -80.849188591520871, 35.225693289131272 ], [ -80.849182655164128, 35.225700504222218 ], [ -80.849175898558116, 35.22570721595487 ], [ -80.849168384679828, 35.225713361770289 ], [ -80.849160183564777, 35.2257188843843 ], [ -80.849151371654102, 35.225723732321541 ], [ -80.84914203108211, 35.225727860395118 ], [ -80.849132248910763, 35.225731230127941 ], [ -80.8491221163181, 35.225733810111237 ], [ -80.849111727748422, 35.225735576297375 ], [ -80.849101180031965, 35.225736512224024 ], [ -80.849090571482421, 35.225736609167548 ], [ -80.849080000980408, 35.225735866224348 ], [ -80.84906956705197, 35.225734290319288 ], [ -80.84811872639257, 35.225551340017695 ], [ -80.848108054215629, 35.225548813417006 ], [ -80.848097747393865, 35.22554541568698 ], [ -80.848087911231985, 35.225541181542198 ], [ -80.848078646225886, 35.225536154242896 ], [ -80.848070047035918, 35.225530385152922 ], [ -80.848062201519753, 35.225523933215023 ], [ -80.848055189834724, 35.225516864348535 ], [ -80.848049083618918, 35.225509250775964 ], [ -80.848043945259121, 35.225501170285014 ], [ -80.84803982725353, 35.225492705433901 ], [ -80.848036771675424, 35.225483942707768 ], [ -80.848034809743183, 35.225474971635158 ], [ -80.848033961501471, 35.225465883873213 ], [ -80.848014091745796, 35.224836023708619 ], [ -80.848014328265108, 35.224827334571856 ], [ -80.84801558315776, 35.224818704483255 ], [ -80.848017844764939, 35.224810213620309 ], [ -80.848021092074916, 35.224801940867046 ], [ -80.848025294918415, 35.22479396308114 ], [ -80.848030414248839, 35.224786354379845 ], [ -80.848036402505073, 35.224779185451418 ], [ -80.848043204053269, 35.224772522898434 ], [ -80.848050755703838, 35.224766428619006 ], [ -80.848058987298415, 35.224760959231666 ], [ -80.848067822361728, 35.224756165549479 ], [ -80.848077178812034, 35.224752092107828 ], [ -80.848086969723738, 35.224748776750836 ], [ -80.848097104134922, 35.224746250279566 ], [ -80.848107487892477, 35.224744536166078 ], [ -80.848118024526698, 35.22474365033522 ], [ -80.848291304130925, 35.224735980750658 ] ] ] } },
{ "type": "Feature", "properties": { "centroid_id": 83, "tree_count": 29, "mean_dist_m": 48.316693561608922, "max_dist_m": 105.1350464140081, "center_x_m": 513825.0, "center_y_m": 3897175.0, "center_lon": -80.848092885474884, "center_lat": 35.217509108626132 }, "geometry": { "type": "Polygon", "coordinates": [ [ [ -80.847181658635975, 35.216893509545201 ], [ -80.847176056233167, 35.216886145598416 ], [ -80.847171342713395, 35.216878373651504 ], [ -80.847167561766867, 35.216870265744006 ], [ -80.847164748439553, 35.216861897029538 ], [ -80.847162928808345, 35.21685334507913 ], [ -80.847162119739409, 35.216844689162258 ], [ -80.847162328731798, 35.216836009512036 ], [ -80.84716355384802, 35.216827386581535 ], [ -80.847165783731953, 35.216818900298094 ], [ -80.847168997714149, 35.216810629322381 ], [ -80.847173166003415, 35.216802650319352 ], [ -80.84717824996298, 35.216795037247579 ], [ -80.847184202468625, 35.216787860673755 ], [ -80.847190968345487, 35.216781187118592 ], [ -80.847198484879485, 35.216775078440236 ], [ -80.847206682398664, 35.216769591260878 ], [ -80.847215484918934, 35.216764776441941 ], [ -80.847224810848431, 35.216760678612658 ], [ -80.847234573743791, 35.216757335756391 ], [ -80.84724468311137, 35.216754778858466 ], [ -80.847255045246044, 35.216753031619163 ], [ -80.847265564099828, 35.216752110233855 ], [ -80.847276142172049, 35.216752023243004 ], [ -80.847286681413181, 35.216752771452896 ], [ -80.847297084133587, 35.21675434792833 ], [ -80.848688990177564, 35.217022713860878 ], [ -80.84869932442453, 35.21702514975977 ], [ -80.848709319082715, 35.217028402888353 ], [ -80.848718878447542, 35.217032442096091 ], [ -80.848727910982547, 35.217037228705244 ], [ -80.848736330195976, 35.217042716881316 ], [ -80.84874405546887, 35.217048854071855 ], [ -80.848751012827151, 35.217055581509733 ], [ -80.84875713564989, 35.217062834775831 ], [ -80.848762365307266, 35.21707054441594 ], [ -80.848766651722016, 35.217078636605756 ], [ -80.848769953848915, 35.217087033857823 ], [ -80.848772240067845, 35.217095655763472 ], [ -80.848773488486586, 35.217104419762904 ], [ -80.848773687150455, 35.2171132419356 ], [ -80.848772834156776, 35.217122037803975 ], [ -80.848636340806792, 35.217989854560663 ], [ -80.8486344724178, 35.217998439353288 ], [ -80.848631602231308, 35.218006835885078 ], [ -80.848627757092657, 35.218014965620917 ], [ -80.84862297296624, 35.218022752521101 ], [ -80.848617294599094, 35.218030123752534 ], [ -80.848610775102358, 35.218037010369969 ], [ -80.848603475454595, 35.218043347960879 ], [ -80.848595463931375, 35.21804907724794 ], [ -80.848586815466675, 35.218054144643439 ], [ -80.848577610952049, 35.21805850275053 ], [ -80.848567936479952, 35.218062110806542 ], [ -80.8485578825386, 35.218064935064241 ], [ -80.848311819703383, 35.218123313023852 ], [ -80.848301578511609, 35.218125311954864 ], [ -80.848291151224018, 35.21812649746839 ], [ -80.848280633547148, 35.218126858683284 ], [ -80.848270122017126, 35.218126392284105 ], [ -80.848259713113748, 35.218125102551681 ], [ -80.848249502374756, 35.218123001323818 ], [ -80.848239583519074, 35.218120107886548 ], [ -80.848230047586554, 35.218116448797176 ], [ -80.848220982102362, 35.218112057640539 ], [ -80.848212470273651, 35.218106974720705 ], [ -80.848204590225791, 35.218101246691077 ], [ -80.848197414285366, 35.218094926126128 ], [ -80.848191008316277, 35.21808807103892 ], [ -80.847181658635975, 35.216893509545201 ] ] ] } },
{ "type": "Feature", "properties": { "centroid_id": 84, "tree_count": 89, "mean_dist_m": 58.260044417129514, "max_dist_m": 118.91545454282492, "center_x_m": 513875.0, "center_y_m": 3897725.0, "center_lon": -80.847534219935824, "center_lat": 35.222467813027848 }, "geometry": { "type": "Polygon", "coordinates": [ [ [ -80.846519436002936, 35.221663121372131 ], [ -80.846524944164074, 35.221655157309769 ], [ -80.846531408258301, 35.221647692753827 ], [ -80.846538761618206, 35.221640804689699 ], [ -80.846546928405019, 35.221634564157114 ], [ -80.846555824390819, 35.221629035517516 ], [ -80.846565357827146, 35.221624275790276 ], [ -80.846575430391283, 35.221620334064568 ], [ -80.846585938200334, 35.221617250993184 ], [ -80.846596772882521, 35.221615058373203 ], [ -80.846607822694935, 35.221613778818124 ], [ -80.846618973675959, 35.221613425524545 ], [ -80.84663011082057, 35.221614002136135 ], [ -80.848242120568287, 35.221765192188933 ], [ -80.848252507555785, 35.221766582574979 ], [ -80.848262684811132, 35.221768782000524 ], [ -80.848272558977925, 35.221771770290189 ], [ -80.848282039480011, 35.221775520032253 ], [ -80.848291039352276, 35.221779996830193 ], [ -80.84829947603842, 35.22178515961815 ], [ -80.848307272148219, 35.221790961037605 ], [ -80.848314356167435, 35.221797347871885 ], [ -80.848320663113867, 35.221804261534224 ], [ -80.848326135133334, 35.221811638605267 ], [ -80.848330722030497, 35.221819411414728 ], [ -80.848334381729231, 35.221827508662216 ], [ -80.848337080658624, 35.221835856071152 ], [ -80.848338794060908, 35.221844377070262 ], [ -80.84833950621865, 35.22185299349588 ], [ -80.848339210598851, 35.221861626308964 ], [ -80.848337909912942, 35.221870196320076 ], [ -80.848335616091873, 35.221878624915895 ], [ -80.848332350176761, 35.221886834780271 ], [ -80.84785459079292, 35.222917625261537 ], [ -80.847850173911183, 35.222925885573943 ], [ -80.847844773376764, 35.222933742426036 ], [ -80.847838443235659, 35.222941117189798 ], [ -80.847831246837004, 35.222947936061693 ], [ -80.847823256199121, 35.222954130801313 ], [ -80.847814551288835, 35.222959639414299 ], [ -80.847805219221129, 35.222964406772704 ], [ -80.847795353387383, 35.222968385166823 ], [ -80.847785052520734, 35.222971534782495 ], [ -80.847774419708003, 35.222973824099675 ], [ -80.847763561357993, 35.222975230207787 ], [ -80.847752586136636, 35.222975739035107 ], [ -80.84774160387947, 35.222975345489488 ], [ -80.84773072449245, 35.222974053509382 ], [ -80.847132913248188, 35.222877793386871 ], [ -80.847123683941717, 35.222875964230177 ], [ -80.847114681511997, 35.222873488125657 ], [ -80.847105973169946, 35.222870383559581 ], [ -80.846922242797405, 35.222796984020185 ], [ -80.846913323062523, 35.22279299191986 ], [ -80.846904890792914, 35.222788340840658 ], [ -80.8468970180772, 35.222783070545333 ], [ -80.846889772220223, 35.222777226090393 ], [ -80.846883215167736, 35.222770857440921 ], [ -80.846877402976688, 35.22276401904341 ], [ -80.846872385336155, 35.222756769360238 ], [ -80.846868205142414, 35.222749170369958 ], [ -80.846439056061811, 35.221861749250429 ], [ -80.846435712303403, 35.221853762637544 ], [ -80.846433293706696, 35.221845554357323 ], [ -80.84643182148487, 35.22183719640438 ], [ -80.846431308550422, 35.221828762086062 ], [ -80.846431759402023, 35.221820325379525 ], [ -80.84643317008495, 35.221811960282835 ], [ -80.846435528225854, 35.221803740165917 ], [ -80.846438813141319, 35.221795737127152 ], [ -80.846442996019192, 35.221788021360815 ], [ -80.846519436002936, 35.221663121372131 ] ] ] } },
{ "type": "Feature", "properties": { "centroid_id": 85, "tree_count": 39, "mean_dist_m": 37.047900823595988, "max_dist_m": 62.461609394669424, "center_x_m": 513875.0, "center_y_m": 3897925.0, "center_lon": -80.847530846847405, "center_lat": 35.224271228374818 }, "geometry": { "type": "Polygon", "coordinates": [ [ [ -80.84781824202777, 35.223721623790873 ], [ -80.847826775054671, 35.223716308157741 ], [ -80.847835898334409, 35.22371169963445 ], [ -80.847845525148927, 35.223707842025668 ], [ -80.847855563994003, 35.223704771998435 ], [ -80.847865919449049, 35.223702518733809 ], [ -80.847876493084115, 35.223701103649347 ], [ -80.847887184395375, 35.223700540195608 ], [ -80.847897891760567, 35.223700833728302 ], [ -80.847908513404789, 35.22370198145736 ], [ -80.847918948367919, 35.223703972473466 ], [ -80.847929097464259, 35.223706787851754 ], [ -80.847938864225284, 35.223710400831685 ], [ -80.847948155816596, 35.2237147770714 ], [ -80.847956883920276, 35.223719874974172 ], [ -80.847964965574405, 35.223725646083736 ], [ -80.847972323961613, 35.223732035544899 ], [ -80.847978889139213, 35.22373898262493 ], [ -80.847984598704059, 35.223746421290862 ], [ -80.847989398385693, 35.223754280837092 ], [ -80.84799324256214, 35.223762486557483 ], [ -80.848062142581142, 35.223934107017641 ], [ -80.848065064042984, 35.223942836167197 ], [ -80.848066904188983, 35.223951761691758 ], [ -80.848067644473161, 35.223960793636678 ], [ -80.848079625202544, 35.224541113120317 ], [ -80.848079257359956, 35.22455016831875 ], [ -80.848077783971405, 35.224559147516636 ], [ -80.848075219911706, 35.224567960060703 ], [ -80.848071591067111, 35.224576516980129 ], [ -80.848066934073813, 35.224584731884896 ], [ -80.848061295948241, 35.22459252183787 ], [ -80.84805473361223, 35.224599808192181 ], [ -80.848047313318517, 35.224606517385254 ], [ -80.848039109981713, 35.224612581681477 ], [ -80.848030206422109, 35.22461793985606 ], [ -80.848020692529417, 35.224622537813168 ], [ -80.848010664355286, 35.224626329132072 ], [ -80.8480002231436, 35.224629275535818 ], [ -80.847989474308264, 35.224631347277665 ], [ -80.847978526368976, 35.224632523441393 ], [ -80.847967489855591, 35.224632792152526 ], [ -80.847143628271127, 35.224618862528096 ], [ -80.84713288859615, 35.224618248078087 ], [ -80.847122273734954, 35.224616774233247 ], [ -80.847111885571081, 35.22461445513985 ], [ -80.847101823812224, 35.224611313057004 ], [ -80.847092185033077, 35.224607378143048 ], [ -80.847083061748521, 35.224602688166101 ], [ -80.847074541525529, 35.224597288141446 ], [ -80.847066706142755, 35.224591229899595 ], [ -80.847059630805532, 35.224584571588714 ], [ -80.847053383424125, 35.224577377116546 ], [ -80.847048023961847, 35.224569715537008 ], [ -80.847043603859547, 35.224561660387323 ], [ -80.847040165541912, 35.224553288982335 ], [ -80.846980486301334, 35.22438042901647 ], [ -80.84697801479976, 35.224371601355877 ], [ -80.846976635031751, 35.224362614771742 ], [ -80.84697636091893, 35.224353559939843 ], [ -80.846977195226785, 35.224344528224499 ], [ -80.846979129536692, 35.224335610756789 ], [ -80.846982144330866, 35.224326897514963 ], [ -80.846986209189382, 35.224318476416578 ], [ -80.846991283097054, 35.224310432431437 ], [ -80.846997314857333, 35.224302846724179 ], [ -80.847004243608922, 35.224295795835353 ], [ -80.847011999439772, 35.224289350909118 ], [ -80.84721086928603, 35.22413991070907 ], [ -80.847214451704275, 35.224137333612227 ], [ -80.84781824202777, 35.223721623790873 ] ] ] } },
{ "type": "Feature", "properties": { "centroid_id": 86, "tree_count": 23, "mean_dist_m": 39.272306662384949, "max_dist_m": 87.9498542294522, "center_x_m": 513875.0, "center_y_m": 3898100.0, "center_lon": -80.847527895149241, "center_lat": 35.225849216361588 }, "geometry": { "type": "Polygon", "coordinates": [ [ [ -80.84774838273691, 35.225460783131666 ], [ -80.8477572866028, 35.225456194444085 ], [ -80.847766684158955, 35.22545232502312 ], [ -80.847776489372094, 35.22544921029273 ], [ -80.847786612476938, 35.225446878767819 ], [ -80.847796960797979, 35.225445351793134 ], [ -80.847807439597901, 35.225444643347878 ], [ -80.847817952944908, 35.225444759917785 ], [ -80.847828404590928, 35.225445700435664 ], [ -80.84783869885274, 35.225447456291228 ], [ -80.847848741487923, 35.225450011409876 ], [ -80.847858440557673, 35.225453342399902 ], [ -80.847867707268421, 35.225457418766567 ], [ -80.847999136994318, 35.225522058781252 ], [ -80.848008235044531, 35.225527055078686 ], [ -80.848016682104998, 35.225532769399649 ], [ -80.848024394339873, 35.225539145030481 ], [ -80.848031295206297, 35.225546118694069 ], [ -80.848037316214061, 35.225553621177887 ], [ -80.848042397605354, 35.225561578021015 ], [ -80.848046488947872, 35.225569910252972 ], [ -80.848049549635363, 35.225578535177632 ], [ -80.848051549290616, 35.225587367193896 ], [ -80.848168230392886, 35.226298357414144 ], [ -80.848169206956328, 35.226311369626316 ], [ -80.848166527434529, 35.226514039054891 ], [ -80.848165901270093, 35.226522722503162 ], [ -80.848164258335004, 35.226531316038866 ], [ -80.848161613918364, 35.226539739689187 ], [ -80.84815799262924, 35.226547915062284 ], [ -80.84815342816762, 35.226555766076814 ], [ -80.848147963010916, 35.226563219669949 ], [ -80.848141648018526, 35.226570206477248 ], [ -80.848134541958672, 35.226576661478326 ], [ -80.848126710961367, 35.226582524601824 ], [ -80.848118227903129, 35.226587741284483 ], [ -80.848109171728666, 35.226592262978926 ], [ -80.848099626716277, 35.22659604760544 ], [ -80.848089681693509, 35.226599059943645 ], [ -80.848079429210514, 35.226601271960149 ], [ -80.84806896467876, 35.226602663069542 ], [ -80.848058385483057, 35.226603220325906 ], [ -80.84804779007537, 35.226602938543301 ], [ -80.848037277058509, 35.226601820344065 ], [ -80.848026944268497, 35.226599876134337 ], [ -80.848016887864162, 35.226597124007313 ], [ -80.848007201432196, 35.226593589574776 ], [ -80.847997975116257, 35.226589305728801 ], [ -80.847989294778003, 35.226584312335618 ], [ -80.847981241198099, 35.226578655864635 ], [ -80.847324130402242, 35.226070065967221 ], [ -80.847316689610054, 35.226063715313245 ], [ -80.847310039564093, 35.22605679917001 ], [ -80.847304243739629, 35.226049383552883 ], [ -80.847299357458141, 35.22604153924469 ], [ -80.847295427359441, 35.226033341120193 ], [ -80.84729249095642, 35.226024867431327 ], [ -80.847290576277032, 35.226016199060282 ], [ -80.84728970159675, 35.226007418747464 ], [ -80.847289875264138, 35.225998610301822 ], [ -80.847291095621173, 35.225989857800734 ], [ -80.847293351019133, 35.225981244787569 ], [ -80.847375122250398, 35.225729544655856 ], [ -80.847378211998901, 35.22572154876044 ], [ -80.847382193881302, 35.225713823057689 ], [ -80.847387033438963, 35.22570643440428 ], [ -80.847392688791118, 35.225699446740109 ], [ -80.847399110997287, 35.225692920534939 ], [ -80.847406244480922, 35.225686912265196 ], [ -80.847494753830034, 35.225618992013445 ], [ -80.847500835670914, 35.225614656699499 ], [ -80.847634955617892, 35.22552591643872 ], [ -80.847641102499566, 35.225522132560521 ], [ -80.84774838273691, 35.225460783131666 ] ] ] } },
{ "type": "Feature", "properties": { "centroid_id": 87, "tree_count": 21, "mean_dist_m": 35.314940475287031, "max_dist_m": 66.141948679736842, "center_x_m": 513900.0, "center_y_m": 3898275.0, "center_lon": -80.847250214258239, "center_lat": 35.227426857584831 }, "geometry": { "type": "Polygon", "coordinates": [ [ [ -80.846831569547433, 35.226932294931217 ], [ -80.846836541287317, 35.226924442916058 ], [ -80.846842426995849, 35.226917028554844 ], [ -80.846849169995323, 35.226910123245418 ], [ -80.846856705352693, 35.226903793483636 ], [ -80.84686496050476, 35.226898100223025 ], [ -80.846873855957057, 35.226893098287782 ], [ -80.84688330604925, 35.226888835844854 ], [ -80.846893219780057, 35.226885353940141 ], [ -80.84690350168357, 35.226882686103181 ], [ -80.846914052748517, 35.226880858024373 ], [ -80.846924771371718, 35.226879887307469 ], [ -80.846935554336483, 35.22687978330017 ], [ -80.846946297806568, 35.226880547004008 ], [ -80.846956898325985, 35.22688217106478 ], [ -80.846967253815379, 35.226884639843334 ], [ -80.846977264554837, 35.226887929566189 ], [ -80.846986834144317, 35.226892008554408 ], [ -80.84699587043184, 35.22689683752872 ], [ -80.847004286400846, 35.226902369987734 ], [ -80.847012001008281, 35.226908552655701 ], [ -80.84769596130927, 35.227513272483286 ], [ -80.84769945811496, 35.227516517052223 ], [ -80.847769198093886, 35.227584446519558 ], [ -80.847775614683471, 35.22759134464625 ], [ -80.84778119344314, 35.227598716941209 ], [ -80.847785882703747, 35.227606495124292 ], [ -80.847789639034332, 35.227614607156021 ], [ -80.847792427644507, 35.227622977904979 ], [ -80.847794222706611, 35.227631529843492 ], [ -80.847795007594925, 35.227640183765722 ], [ -80.847794775039674, 35.227648859521317 ], [ -80.84779352719444, 35.227657476757649 ], [ -80.847791275616089, 35.22766595566403 ], [ -80.847788041157912, 35.227674217710998 ], [ -80.84778385377632, 35.227682186377493 ], [ -80.847778752253589, 35.227689787859681 ], [ -80.847772783838494, 35.227696951754503 ], [ -80.847766003808871, 35.227703611711647 ], [ -80.847758474959562, 35.227709706048188 ], [ -80.8477502670208, 35.227715178319833 ], [ -80.8477414560125, 35.22771997784367 ], [ -80.847732123540098, 35.227724060167624 ], [ -80.847722356038688, 35.227727387482133 ], [ -80.846846615297423, 35.22798591776715 ], [ -80.846836438651707, 35.227988472631289 ], [ -80.846826008545136, 35.227990207793326 ], [ -80.846815422797491, 35.227991106979843 ], [ -80.846804780688274, 35.227991161757743 ], [ -80.846794182025562, 35.227990371613267 ], [ -80.846783726209992, 35.227988743956892 ], [ -80.846773511302459, 35.227986294053743 ], [ -80.846763633104473, 35.227983044880474 ], [ -80.846754184259623, 35.227979026909793 ], [ -80.846745253384753, 35.2279742778246 ], [ -80.846736924238854, 35.227968842164678 ], [ -80.846729274937445, 35.227962770908853 ], [ -80.846722377220061, 35.227956120996957 ], [ -80.84671629577737, 35.227948954795785 ], [ -80.846625095120316, 35.227829545229852 ], [ -80.8466195706484, 35.22782140560718 ], [ -80.846615099251039, 35.227812841688696 ], [ -80.846611728663348, 35.227803944900586 ], [ -80.846609494868517, 35.227794810222598 ], [ -80.846608421713512, 35.227785535174121 ], [ -80.846608520654669, 35.227776218773066 ], [ -80.846609790635327, 35.227766960478796 ], [ -80.846745252261115, 35.227094320359377 ], [ -80.846747267565831, 35.227086491031237 ], [ -80.846750120854608, 35.227078839138358 ], [ -80.846753789656532, 35.22707142494221 ], [ -80.846831569547433, 35.226932294931217 ] ] ] } },
{ "type": "Feature", "properties": { "centroid_id": 88, "tree_count": 6, "mean_dist_m": 26.196261809068687, "max_dist_m": 34.515391873664491, "center_x_m": 513925.0, "center_y_m": 3898125.0, "center_lon": -80.846978024655073, "center_lat": 35.226073949891905 }, "geometry": { "type": "Polygon", "coordinates": [ [ [ -80.847261634017414, 35.225981853844743 ], [ -80.847271608583853, 35.225978630316874 ], [ -80.847281918470784, 35.225976219635619 ], [ -80.847292465559477, 35.225974644743289 ], [ -80.847303149473817, 35.225973920628071 ], [ -80.847313868535494, 35.225974054181322 ], [ -80.847324520731746, 35.225975044132049 ], [ -80.847335004686144, 35.225976881058926 ], [ -80.847345220623382, 35.225979547480001 ], [ -80.847355071318844, 35.225983018019093 ], [ -80.847364463023865, 35.225987259647226 ], [ -80.847373306357966, 35.22599223199704 ], [ -80.847381517159377, 35.225997887746857 ], [ -80.847389017286147, 35.226004173071175 ], [ -80.847395735359669, 35.226011028152811 ], [ -80.847401607444112, 35.226018387752219 ], [ -80.847406577654795, 35.226026181828331 ], [ -80.847410598690118, 35.226034336205174 ], [ -80.847413632281729, 35.226042773277818 ], [ -80.847415649558727, 35.226051412750827 ], [ -80.847416631322375, 35.226060172402562 ], [ -80.847416568228923, 35.226068968867608 ], [ -80.847415460878508, 35.226077718430162 ], [ -80.847413319809419, 35.226086337820746 ], [ -80.847410165397889, 35.226094745008737 ], [ -80.847406027664078, 35.226102859983023 ], [ -80.847400945986507, 35.226110605513405 ], [ -80.84739496872723, 35.226117907885715 ], [ -80.847388152771572, 35.226124697603282 ], [ -80.847380562986814, 35.226130910048354 ], [ -80.847197372986514, 35.226266890507198 ], [ -80.847192166143586, 35.226270520477513 ], [ -80.846993125955848, 35.226400760398313 ], [ -80.846984188088285, 35.226406030342915 ], [ -80.84697465261695, 35.226410540242128 ], [ -80.846964615192221, 35.226414244857104 ], [ -80.846954176499679, 35.226417107026727 ], [ -80.846943441250048, 35.226419098040516 ], [ -80.846932517128863, 35.226420197926572 ], [ -80.846921513716211, 35.226420395651942 ], [ -80.846910541387658, 35.22641968923319 ], [ -80.846899710206856, 35.226418085756443 ], [ -80.846677620388846, 35.226375685803653 ], [ -80.846667105199487, 35.226373219843225 ], [ -80.846656940791831, 35.226369908477267 ], [ -80.846647227835433, 35.226365784501986 ], [ -80.846638062528584, 35.226360888761761 ], [ -80.846629535645548, 35.226355269744609 ], [ -80.846621731637484, 35.226348983102007 ], [ -80.846614727796108, 35.226342091097614 ], [ -80.846608593488043, 35.226334661990656 ], [ -80.846603389467987, 35.226326769359908 ], [ -80.846599167276878, 35.226318491374876 ], [ -80.846595968731464, 35.226309910021669 ], [ -80.846593825510141, 35.226301110290926 ], [ -80.846592758839279, 35.226292179336106 ], [ -80.846592779282915, 35.226283205610329 ], [ -80.846593886638246, 35.226274277990235 ], [ -80.846596069937533, 35.226265484895862 ], [ -80.846599307556858, 35.226256913414808 ], [ -80.846603567430222, 35.226248648439807 ], [ -80.846608807367133, 35.226240771827882 ], [ -80.846614975470587, 35.226233361589671 ], [ -80.846622010650918, 35.226226491116776 ], [ -80.846629843230943, 35.226220228454892 ], [ -80.84663839563602, 35.226214635629887 ], [ -80.846647583162365, 35.226209768033534 ], [ -80.846657314815957, 35.226205673874865 ], [ -80.847261634017414, 35.225981853844743 ] ] ] } },
{ "type": "Feature", "properties": { "centroid_id": 89, "tree_count": 14, "mean_dist_m": 52.191148010895517, "max_dist_m": 102.99304699390588, "center_x_m": 513950.0, "center_y_m": 3897000.0, "center_lon": -80.84672237421745, "center_lat": 35.215929387396805 }, "geometry": { "type": "Polygon", "coordinates": [ [ [ -80.846860430924863, 35.215758097439931 ], [ -80.846870767263397, 35.21575629070805 ], [ -80.84688126729715, 35.215755307273128 ], [ -80.846891833888975, 35.215755156233058 ], [ -80.846902369286013, 35.215755838985132 ], [ -80.846912776023942, 35.215757349213114 ], [ -80.846922957828696, 35.215759672945701 ], [ -80.846932820507092, 35.215762788685737 ], [ -80.846942272818168, 35.215766667609117 ], [ -80.846951227317291, 35.215771273831415 ], [ -80.846959601165139, 35.215776564739848 ], [ -80.846967316893981, 35.215782491387543 ], [ -80.847061789062877, 35.215862391264878 ], [ -80.847068893574416, 35.215869020507938 ], [ -80.847075174096446, 35.215876188129712 ], [ -80.847080570425035, 35.215883825422956 ], [ -80.847085030831806, 35.215891859178157 ], [ -80.847409580317901, 35.216561494354288 ], [ -80.847413196036342, 35.216570232089389 ], [ -80.847415704638593, 35.216579227331401 ], [ -80.847417079852121, 35.216588385874672 ], [ -80.847417307274156, 35.216597611803337 ], [ -80.84741638452256, 35.216606808495733 ], [ -80.847414321260757, 35.216615879636386 ], [ -80.847411139096621, 35.216624730224638 ], [ -80.847406871356085, 35.216633267569662 ], [ -80.847307230910914, 35.216806736902356 ], [ -80.847302144756739, 35.216814567615685 ], [ -80.847296145337282, 35.216821950152003 ], [ -80.847289290753196, 35.216828813015766 ], [ -80.847281647386964, 35.216835089744059 ], [ -80.847273289260045, 35.216840719550397 ], [ -80.847264297315945, 35.216845647913331 ], [ -80.847254758636424, 35.216849827104475 ], [ -80.847244765598091, 35.216853216650748 ], [ -80.847234414977777, 35.216855783726324 ], [ -80.847223807015396, 35.216857503470521 ], [ -80.847213044442995, 35.216858359228603 ], [ -80.847202231490016, 35.216858342713024 ], [ -80.847191472873817, 35.21685745408373 ], [ -80.847180872785486, 35.216855701946621 ], [ -80.847170533880885, 35.216853103270118 ], [ -80.847160556286411, 35.21684968322095 ], [ -80.847151036629313, 35.216845474920341 ], [ -80.847142067102041, 35.216840519123295 ], [ -80.847133734569184, 35.21683486382387 ], [ -80.847126119726425, 35.216828563790415 ], [ -80.84705684036328, 35.216765303666875 ], [ -80.847051032959541, 35.216759536501691 ], [ -80.846585102400056, 35.216255635809397 ], [ -80.846578937672788, 35.216248230867308 ], [ -80.846573699748532, 35.216240360004797 ], [ -80.846569440439325, 35.216232101078617 ], [ -80.846566201876968, 35.216223535784088 ], [ -80.846564016096181, 35.216214748847086 ], [ -80.846562904717842, 35.216205827185782 ], [ -80.846543519590867, 35.215900913228602 ], [ -80.846543483417804, 35.215892125345768 ], [ -80.846544489793018, 35.215883376307609 ], [ -80.846546529157422, 35.215874749213931 ], [ -80.846549582140497, 35.215866326006307 ], [ -80.846553619744213, 35.215858186689687 ], [ -80.846558603618504, 35.215850408572557 ], [ -80.846564486425478, 35.215843065532717 ], [ -80.84657121228912, 35.215836227315428 ], [ -80.846578717325983, 35.215829958871126 ], [ -80.846586930251945, 35.215824319738388 ], [ -80.84659577305932, 35.215819363478545 ], [ -80.846605161757751, 35.215815137166835 ], [ -80.846615007171977, 35.215811680945386 ], [ -80.846625215788833, 35.215809027641853 ], [ -80.846860430924863, 35.215758097439931 ] ] ] } },
{ "type": "Feature", "properties": { "centroid_id": 90, "tree_count": 3, "mean_dist_m": 97.092941798814238, "max_dist_m": 102.62669685736429, "center_x_m": 513950.0, "center_y_m": 3897375.0, "center_lon": -80.846716017290532, "center_lat": 35.219310794261709 }, "geometry": { "type": "Polygon", "coordinates": [ [ [ -80.847718248573017, 35.219142376486076 ], [ -80.847728783155063, 35.2191406087302 ], [ -80.847739477843646, 35.219139694393462 ], [ -80.847750230227021, 35.21913964223149 ], [ -80.847760937340965, 35.219140452743787 ], [ -80.84777149665473, 35.219142118168939 ], [ -80.847781807052897, 35.219144622558922 ], [ -80.847791769803649, 35.21914794193183 ], [ -80.847801289504133, 35.219152044501527 ], [ -80.847810274994146, 35.219156890982035 ], [ -80.847818640228965, 35.219162434963657 ], [ -80.847826305103382, 35.21916862335754 ], [ -80.847833196218758, 35.219175396903879 ], [ -80.847839247585839, 35.219182690739494 ], [ -80.847844401256808, 35.219190435018945 ], [ -80.847848607879996, 35.21919855558329 ], [ -80.847851827172676, 35.219206974670293 ], [ -80.847854028306685, 35.219215611659074 ], [ -80.847855190203717, 35.219224383842061 ], [ -80.847855301737141, 35.219233207217108 ], [ -80.847854361838557, 35.219241997291761 ], [ -80.847852379508097, 35.21925066989246 ], [ -80.847849373728181, 35.219259141970539 ], [ -80.8478453732818, 35.219267332397514 ], [ -80.847840416476899, 35.21927516274193 ], [ -80.84783455077951, 35.21928255802051 ], [ -80.847827832359286, 35.219289447416109 ], [ -80.847820325551581, 35.219295764955909 ], [ -80.847812102241406, 35.219301450143156 ], [ -80.847803241175029, 35.219306448536479 ], [ -80.847793827205933, 35.219310712271309 ], [ -80.847783950482253, 35.219314200518049 ], [ -80.847773705583478, 35.219316879873269 ], [ -80.845709902694267, 35.219766620701613 ], [ -80.845699394052033, 35.2197684644674 ], [ -80.845688716195383, 35.219769457054952 ], [ -80.845677971251831, 35.219769588970763 ], [ -80.845667261990528, 35.219768858953124 ], [ -80.84565669083932, 35.219767273984239 ], [ -80.845646358905171, 35.219764849223388 ], [ -80.845636365006968, 35.21976160786204 ], [ -80.845626804730472, 35.21975758090192 ], [ -80.845617769514121, 35.219752806858516 ], [ -80.845609345774335, 35.219747331392796 ], [ -80.845601614079129, 35.219741206874374 ], [ -80.845594648377443, 35.219734491880629 ], [ -80.845588515291894, 35.219727250636538 ], [ -80.845583273481594, 35.219719552400292 ], [ -80.845578973081047, 35.219711470800917 ], [ -80.845575655220756, 35.219703083134078 ], [ -80.845573351633732, 35.21969446962278 ], [ -80.845572084352071, 35.219685712650019 ], [ -80.845571865496211, 35.21967689597092 ], [ -80.845572697159028, 35.219668103911658 ], [ -80.845574571385868, 35.219659420562849 ], [ -80.845577470250547, 35.219650928975376 ], [ -80.84558136602692, 35.219642710366003 ], [ -80.845586221454042, 35.219634843340629 ], [ -80.845591990092487, 35.219627403142425 ], [ -80.845598616768626, 35.219620460932184 ], [ -80.845606038102289, 35.2196140831078 ], [ -80.845614183112914, 35.219608330669111 ], [ -80.845622973898514, 35.219603258634557 ], [ -80.845632326380738, 35.219598915514908 ], [ -80.845711936629712, 35.219566054719323 ], [ -80.845722775022224, 35.219562165828513 ], [ -80.845734060035966, 35.219559255582354 ], [ -80.847718248573017, 35.219142376486076 ] ] ] } },
{ "type": "Feature", "properties": { "centroid_id": 91, "tree_count": 36, "mean_dist_m": 36.332273075708677, "max_dist_m": 59.16776201888031, "center_x_m": 513975.0, "center_y_m": 3897800.0, "center_lon": -80.846434096979564, "center_lat": 35.223142704919582 }, "geometry": { "type": "Polygon", "coordinates": [ [ [ -80.846772549682683, 35.222718970395626 ], [ -80.846780879463651, 35.222713798524921 ], [ -80.846789770047451, 35.222709299040019 ], [ -80.846799141098558, 35.222705512598353 ], [ -80.846808907940016, 35.222702473414209 ], [ -80.846818982318482, 35.222700208949718 ], [ -80.846829273201777, 35.22269873966659 ], [ -80.846839687601388, 35.222698078841276 ], [ -80.846850131412722, 35.222698232445026 ], [ -80.846860510265387, 35.222699199089831 ], [ -80.846870730376025, 35.222700970041124 ], [ -80.846880699395598, 35.222703529296545 ], [ -80.846890327243926, 35.222706853730649 ], [ -80.846899526923636, 35.222710913303828 ], [ -80.846908215306229, 35.222715671333731 ], [ -80.847069144944456, 35.22281318129172 ], [ -80.847077292067013, 35.222818630510744 ], [ -80.847084767468274, 35.222824693537618 ], [ -80.847091502755291, 35.222831314901434 ], [ -80.847097436306399, 35.222838434023004 ], [ -80.847102513835011, 35.222845985769091 ], [ -80.847106688886299, 35.222853901048403 ], [ -80.847109923262224, 35.222862107443561 ], [ -80.84711218737101, 35.222870529873795 ], [ -80.847113460497852, 35.222879091281747 ], [ -80.847113730994536, 35.222887713338551 ], [ -80.847112996385945, 35.222896317160426 ], [ -80.847111263392748, 35.22290482403038 ], [ -80.847108547869922, 35.222913156118466 ], [ -80.84710487466171, 35.222921237193738 ], [ -80.847100277374267, 35.222928993321823 ], [ -80.847094798068355, 35.222936353541257 ], [ -80.847088486874313, 35.222943250512778 ], [ -80.847081401533629, 35.222949621135392 ], [ -80.846992892105277, 35.223021931147059 ], [ -80.846986739225187, 35.223026588687716 ], [ -80.846419448645975, 35.223424279180186 ], [ -80.846418993020521, 35.223424596831542 ], [ -80.846259402747677, 35.223535247163682 ], [ -80.846153419582208, 35.223608669964683 ], [ -80.846144906605559, 35.223614006744626 ], [ -80.846135800786911, 35.223618637936454 ], [ -80.846126188673324, 35.223622519522536 ], [ -80.846116161624124, 35.223625614609908 ], [ -80.846105814942433, 35.223627893780993 ], [ -80.846095246969398, 35.223629335373147 ], [ -80.846084558149457, 35.223629925684612 ], [ -80.846073850075669, 35.223629659104716 ], [ -80.846063224524116, 35.223628538167169 ], [ -80.846052782486481, 35.22362657352609 ], [ -80.846042623210252, 35.223623783854585 ], [ -80.84603284325533, 35.223620195667401 ], [ -80.846023535576293, 35.223615843068856 ], [ -80.846014788638868, 35.223610767428674 ], [ -80.846006685579141, 35.223605016988799 ], [ -80.845999303413294, 35.223598646404881 ], [ -80.845992712305687, 35.223591716226757 ], [ -80.845876032926824, 35.223455866178199 ], [ -80.845870291727906, 35.223448436754325 ], [ -80.845865460108939, 35.223440583609381 ], [ -80.845861584058397, 35.223432381491889 ], [ -80.845858700469392, 35.223423908472007 ], [ -80.8458568367884, 35.223415245198346 ], [ -80.845856010754162, 35.223406474130428 ], [ -80.845856230228762, 35.223397678753734 ], [ -80.84585749312285, 35.223388942785107 ], [ -80.84585978741552, 35.223380349375915 ], [ -80.84586309126874, 35.223371980320564 ], [ -80.845867373235251, 35.223363915277979 ], [ -80.845872592557853, 35.223356231013369 ], [ -80.845878699557417, 35.223349000667611 ], [ -80.845885636105692, 35.223342293061037 ], [ -80.845893336178619, 35.223336172038351 ], [ -80.845961736004426, 35.223286872562745 ], [ -80.845962522395283, 35.223286311166753 ], [ -80.846531152070739, 35.222884241242298 ], [ -80.846532489795706, 35.222883310509104 ], [ -80.846772549682683, 35.222718970395626 ] ] ] } },
{ "type": "Feature", "properties": { "centroid_id": 92, "tree_count": 63, "mean_dist_m": 40.156152089073267, "max_dist_m": 65.970802646541401, "center_x_m": 513975.0, "center_y_m": 3898000.0, "center_lon": -80.846430699467732, "center_lat": 35.224946119972351 }, "geometry": { "type": "Polygon", "coordinates": [ [ [ -80.845875637404902, 35.224435108993362 ], [ -80.845883341516853, 35.224428887825752 ], [ -80.845891753195133, 35.224423317832006 ], [ -80.84590079105412, 35.22441845290345 ], [ -80.845910367649807, 35.224414340109675 ], [ -80.845920390325801, 35.224411019243156 ], [ -80.845930762109745, 35.224408522434224 ], [ -80.84594138265166, 35.224406873840266 ], [ -80.845952149194744, 35.224406089411843 ], [ -80.845962957569611, 35.224406176738547 ], [ -80.846808637140612, 35.224447196846839 ], [ -80.846819560364352, 35.224448178263835 ], [ -80.846830309526027, 35.224450049960517 ], [ -80.846840777139505, 35.224452793220912 ], [ -80.846850858533983, 35.224456380613773 ], [ -80.846860452900586, 35.224460776267037 ], [ -80.84686946430044, 35.224465936226387 ], [ -80.846877802623993, 35.22447180889484 ], [ -80.846885384492055, 35.224478335548682 ], [ -80.847017164347392, 35.224603775678332 ], [ -80.847023784675599, 35.22461074003413 ], [ -80.847029542891505, 35.224618202466914 ], [ -80.847034383745694, 35.224626091375811 ], [ -80.847038260790569, 35.224634331067854 ], [ -80.847041136826192, 35.224642842484421 ], [ -80.847042984257058, 35.224651543959695 ], [ -80.84704378535703, 35.224660352004207 ], [ -80.847043532439301, 35.224669182105984 ], [ -80.847042227930245, 35.22467794954138 ], [ -80.847039884346117, 35.224686570187998 ], [ -80.847036524173006, 35.224694961331807 ], [ -80.847032179651009, 35.22470304246086 ], [ -80.847026892465038, 35.224710736037686 ], [ -80.847020713344747, 35.224717968243326 ], [ -80.847013701577836, 35.224724669685614 ], [ -80.847005924441234, 35.224730776064987 ], [ -80.846430834458886, 35.225139976491896 ], [ -80.84642401927195, 35.225144449371413 ], [ -80.84615843850024, 35.225304989183819 ], [ -80.846148875349584, 35.225310161591224 ], [ -80.846138708025435, 35.2253144891014 ], [ -80.84612804698483, 35.225317924700562 ], [ -80.846117008048566, 35.225320431064596 ], [ -80.846105711142897, 35.22532198096453 ], [ -80.846094278996674, 35.225322557562343 ], [ -80.846082835808005, 35.225322154593911 ], [ -80.845830705222269, 35.225302434739973 ], [ -80.845819762432996, 35.225301120128563 ], [ -80.845809036095758, 35.225298909627256 ], [ -80.84579863485618, 35.225295825625899 ], [ -80.845788664066944, 35.22529189936192 ], [ -80.845779224720729, 35.225287170603913 ], [ -80.845770412427285, 35.22528168724881 ], [ -80.845762316444919, 35.225275504836723 ], [ -80.845755018776543, 35.225268685988461 ], [ -80.845748593338939, 35.225261299771105 ], [ -80.845743105214197, 35.22525342099857 ], [ -80.845738609990391, 35.225245129473748 ], [ -80.84573515319866, 35.225236509180213 ], [ -80.845732769851963, 35.225227647431574 ], [ -80.845731484090507, 35.225218633987055 ], [ -80.845731308937161, 35.225209560142353 ], [ -80.845758129995588, 35.224571960173527 ], [ -80.845759077657263, 35.224562854995327 ], [ -80.845761143540727, 35.224553875282169 ], [ -80.845764306427554, 35.224545113262117 ], [ -80.845768533832285, 35.224536658927292 ], [ -80.845773782336181, 35.224528599109703 ], [ -80.845779998033137, 35.224521016589314 ], [ -80.845787117083319, 35.224513989243917 ], [ -80.845875637404902, 35.224435108993362 ] ] ] } },
{ "type": "Feature", "properties": { "centroid_id": 93, "tree_count": 3, "mean_dist_m": 53.40058627226864, "max_dist_m": 53.40058627226864, "center_x_m": 513975.0, "center_y_m": 3898075.0, "center_lon": -80.846429425322981, "center_lat": 35.225622400478265 }, "geometry": { "type": "Polygon", "coordinates": [ [ [ -80.845864883804893, 35.225317831282361 ], [ -80.845865429662155, 35.225308993678865 ], [ -80.845867028550757, 35.225300242533748 ], [ -80.845869665072172, 35.225291662125301 ], [ -80.845873313834971, 35.225283335087461 ], [ -80.845877939699321, 35.225275341614072 ], [ -80.845883498115384, 35.225267758686549 ], [ -80.845889935552421, 35.225260659332491 ], [ -80.845897190014298, 35.225254111922432 ], [ -80.845905191636547, 35.225248179511375 ], [ -80.845913863359215, 35.225242919231547 ], [ -80.845923121668974, 35.22523838174218 ], [ -80.845932877403385, 35.225234610741659 ], [ -80.845943036609626, 35.225231642546653 ], [ -80.845953501449259, 35.225229505742455 ], [ -80.845964171140466, 35.225228220907567 ], [ -80.845974942928592, 35.225227800415617 ], [ -80.845985713075791, 35.225228248316157 ], [ -80.84599637785999, 35.225229560295681 ], [ -80.846006834573828, 35.225231723719148 ], [ -80.846016982513717, 35.225234717751668 ], [ -80.84602672394972, 35.225238513559177 ], [ -80.846035965066704, 35.225243074586068 ], [ -80.846044616867815, 35.225248356907272 ], [ -80.846052596031583, 35.225254309651305 ], [ -80.84605982571432, 35.225260875490115 ], [ -80.846066236290213, 35.225267991191217 ], [ -80.84607176602178, 35.225275588226665 ], [ -80.846076361654553, 35.225283593432955 ], [ -80.846079978929836, 35.225291929715716 ], [ -80.846082583011011, 35.225300516792039 ], [ -80.846084148819088, 35.225309271963781 ], [ -80.846084661274119, 35.225318110913868 ], [ -80.846084115440561, 35.225326948518386 ], [ -80.846082516574725, 35.225335699666388 ], [ -80.846079880074257, 35.225344280079469 ], [ -80.846076231329775, 35.225352607123497 ], [ -80.846071605480432, 35.225360600604397 ], [ -80.846066047075482, 35.225368183540482 ], [ -80.846059609645209, 35.225375282903784 ], [ -80.84605235518552, 35.22538183032345 ], [ -80.846044353560785, 35.225387762744091 ], [ -80.846035681831054, 35.225393023033128 ], [ -80.84602642350994, 35.225397560530951 ], [ -80.846016667760296, 35.225401331538876 ], [ -80.846006508535538, 35.225404299739921 ], [ -80.845996043674816, 35.225406436548603 ], [ -80.845985373960772, 35.22540772138619 ], [ -80.845974602148914, 35.225408141879001 ], [ -80.845963831978011, 35.225407693977431 ], [ -80.845953167171047, 35.225406381995008 ], [ -80.845942710436276, 35.225404218566929 ], [ -80.845932562478055, 35.225401224528213 ], [ -80.84592282102706, 35.225397428713194 ], [ -80.845913579898962, 35.225392867677762 ], [ -80.845904928091073, 35.225387585347285 ], [ -80.845896948925116, 35.225381632593646 ], [ -80.845889719244866, 35.225375066745258 ], [ -80.845883308676022, 35.225367951034947 ], [ -80.845877778955824, 35.225360353991043 ], [ -80.845873183338284, 35.225352348777342 ], [ -80.845869566081518, 35.225344012488542 ], [ -80.845866962021418, 35.225335425407728 ], [ -80.845865396236192, 35.225326670233294 ], [ -80.845864883804893, 35.225317831282361 ] ] ] } },
{ "type": "Feature", "properties": { "centroid_id": 94, "tree_count": 33, "mean_dist_m": 38.812580097654774, "max_dist_m": 64.112991099030936, "center_x_m": 513975.0, "center_y_m": 3898175.0, "center_lon": -80.846427726397309, "center_lat": 35.226524107701671 }, "geometry": { "type": "Polygon", "coordinates": [ [ [ -80.845881808699488, 35.226082223294711 ], [ -80.845891892907716, 35.226078244153022 ], [ -80.845902417981009, 35.226075127118406 ], [ -80.845913274790959, 35.226072904509543 ], [ -80.845924350769693, 35.226071599371387 ], [ -80.845935531076805, 35.226071225236176 ], [ -80.845946699790289, 35.226071785983038 ], [ -80.845957741108293, 35.226073275797972 ], [ -80.845968540549862, 35.226075679233944 ], [ -80.84685377968421, 35.226312998735871 ], [ -80.846863718488933, 35.226316107493759 ], [ -80.846873244463538, 35.226319990128168 ], [ -80.846882268363601, 35.22632461026452 ], [ -80.846890705648278, 35.226329924618909 ], [ -80.846898477272489, 35.226335883403621 ], [ -80.846905510427305, 35.226342430793558 ], [ -80.846911739222193, 35.226349505449235 ], [ -80.846917105302154, 35.226357041091454 ], [ -80.846921558394641, 35.22636496712223 ], [ -80.84692505678035, 35.226373209286152 ], [ -80.846927567684205, 35.226381690366132 ], [ -80.846929067582337, 35.226390330906689 ], [ -80.846929542422558, 35.226399049958452 ], [ -80.846927353594836, 35.226877110056158 ], [ -80.846926766947007, 35.226886082249742 ], [ -80.846925095003741, 35.226894961993096 ], [ -80.846922354365759, 35.226903661117511 ], [ -80.846918572245045, 35.226912093247734 ], [ -80.84691378619469, 35.226920174659512 ], [ -80.846908043736036, 35.226927825110891 ], [ -80.846901401886868, 35.226934968639 ], [ -80.846893926595229, 35.226941534314307 ], [ -80.846885692084641, 35.226947456944849 ], [ -80.846876780117142, 35.226952677723609 ], [ -80.846867279181396, 35.226957144812353 ], [ -80.846857283614099, 35.226960813856451 ], [ -80.846846892663365, 35.226963648425155 ], [ -80.846836209503124, 35.226965620373434 ], [ -80.846825340208753, 35.226966710121374 ], [ -80.846814392703862, 35.226966906848638 ], [ -80.845871561460896, 35.226945276891897 ], [ -80.845860595931597, 35.226944573440946 ], [ -80.845849771028071, 35.226942974058211 ], [ -80.8458391951945, 35.226940494766303 ], [ -80.84582897437987, 35.226937160402862 ], [ -80.845819210976529, 35.226933004371638 ], [ -80.845810002794437, 35.22692806830787 ], [ -80.845801442081296, 35.226922401661149 ], [ -80.845793614598364, 35.226916061200072 ], [ -80.845786598761364, 35.226909110443515 ], [ -80.845780464854869, 35.226901619024268 ], [ -80.845775274328162, 35.226893661991525 ], [ -80.845771079179755, 35.226885319058901 ], [ -80.845767921436391, 35.226876673805982 ], [ -80.845765832731985, 35.226867812840986 ], [ -80.845764833990856, 35.226858824933082 ], [ -80.8457323243193, 35.226206364694086 ], [ -80.845732432136316, 35.226197249558815 ], [ -80.845733660949222, 35.22618818993233 ], [ -80.845735998199629, 35.226179278400629 ], [ -80.845739420001408, 35.226170606036135 ], [ -80.8457438913847, 35.226162261467103 ], [ -80.845749366653379, 35.226154329971813 ], [ -80.845755789852049, 35.226146892607076 ], [ -80.845763095337887, 35.226140025379813 ], [ -80.845771208451524, 35.226133798470364 ], [ -80.845780046279955, 35.2261282755153 ], [ -80.84578951850402, 35.22612351295701 ], [ -80.845881808699488, 35.226082223294711 ] ] ] } },
{ "type": "Feature", "properties": { "centroid_id": 95, "tree_count": 68, "mean_dist_m": 62.008075874121062, "max_dist_m": 116.20089140826707, "center_x_m": 514050.0, "center_y_m": 3897550.0, "center_lon": -80.845614222721352, "center_lat": 35.220887387192747 }, "geometry": { "type": "Polygon", "coordinates": [ [ [ -80.844939666449989, 35.220520284871682 ], [ -80.844945142198313, 35.220512742556828 ], [ -80.844951485809517, 35.220505672974419 ], [ -80.844958637147741, 35.22049914314217 ], [ -80.844966528420144, 35.22049321496101 ], [ -80.844975084819538, 35.22048794462841 ], [ -80.844984225233617, 35.220483382105627 ], [ -80.844993863013798, 35.220479570644052 ], [ -80.845003906796663, 35.220476546375231 ], [ -80.845014261370039, 35.220474337968362 ], [ -80.845024828575575, 35.220472966358486 ], [ -80.845035508239263, 35.220472444548065 ], [ -80.845046199121001, 35.220472777483735 ], [ -80.845056799874385, 35.220473962009322 ], [ -80.845067210007372, 35.22047598689592 ], [ -80.845077330834926, 35.220478832948153 ], [ -80.845087066414536, 35.220482473186294 ], [ -80.845789586167911, 35.220779852372871 ], [ -80.84580325059656, 35.220786714841303 ], [ -80.845927970750964, 35.220860114966136 ], [ -80.845935675977287, 35.220865091422553 ], [ -80.84594280991098, 35.220870611736956 ], [ -80.845949315744804, 35.220876631951398 ], [ -80.846049895779075, 35.220978521927925 ], [ -80.846050817459783, 35.220979468544158 ], [ -80.8462412581937, 35.221177778536585 ], [ -80.846241995512457, 35.22117855500067 ], [ -80.846347945673827, 35.221291395007832 ], [ -80.846351524052366, 35.221295432516229 ], [ -80.846446743986363, 35.221409372112397 ], [ -80.846452316061388, 35.221416783073664 ], [ -80.846456991014634, 35.221424600535897 ], [ -80.846460725246104, 35.221432751591614 ], [ -80.846463483929156, 35.22144116022212 ], [ -80.846465241335366, 35.221449748006457 ], [ -80.846465981074388, 35.22145843485287 ], [ -80.846465696246938, 35.221467139745691 ], [ -80.846464389509038, 35.221475781500899 ], [ -80.846462073047348, 35.221484279523274 ], [ -80.846458768465467, 35.22149255455809 ], [ -80.846454506582489, 35.221500529430223 ], [ -80.846449327145564, 35.221508129763926 ], [ -80.846356786524154, 35.221629740222546 ], [ -80.846350617781525, 35.221637023183007 ], [ -80.846343606957902, 35.221643773597393 ], [ -80.846335821883542, 35.221649926154676 ], [ -80.846327337879842, 35.221655421328158 ], [ -80.846318237030403, 35.221660205951359 ], [ -80.846308607386916, 35.221664233732497 ], [ -80.84629854211731, 35.221667465702289 ], [ -80.84628813860428, 35.221669870591008 ], [ -80.846277497503081, 35.221671425131113 ], [ -80.846266721767691, 35.221672114282178 ], [ -80.846255915654709, 35.221671931376605 ], [ -80.844653063389828, 35.221579930792856 ], [ -80.844643141968774, 35.221578987865392 ], [ -80.844633365866798, 35.221577309582763 ], [ -80.844623815850895, 35.221574909810414 ], [ -80.844614570820227, 35.221571808374478 ], [ -80.844605707154216, 35.221568030898041 ], [ -80.844597298081553, 35.221563608589385 ], [ -80.844433908466812, 35.221468818846844 ], [ -80.844425577906605, 35.221463474596355 ], [ -80.844417911900408, 35.221457498014409 ], [ -80.844410981437264, 35.221450944445714 ], [ -80.844404850694872, 35.221443874578028 ], [ -80.844399576445298, 35.221436353880136 ], [ -80.844395207529175, 35.221428451995628 ], [ -80.844391784403498, 35.221420242097935 ], [ -80.844389338767002, 35.221411800212778 ], [ -80.844387893266543, 35.221403204514075 ], [ -80.844387461287511, 35.221394534600101 ], [ -80.84438804682982, 35.22138587075635 ], [ -80.844389644470851, 35.221377293212086 ], [ -80.844392239415811, 35.221368881397353 ], [ -80.844395807634541, 35.221360713207559 ], [ -80.844400316084275, 35.221352864281997 ], [ -80.844939666449989, 35.220520284871682 ] ] ] } },
{ "type": "Feature", "properties": { "centroid_id": 96, "tree_count": 170, "mean_dist_m": 53.714777569878223, "max_dist_m": 129.76224942994835, "center_x_m": 514075.0, "center_y_m": 3897900.0, "center_lon": -80.845333528098323, "center_lat": 35.22404301356611 }, "geometry": { "type": "Polygon", "coordinates": [ [ [ -80.844357127935311, 35.223087568920405 ], [ -80.844361287866363, 35.223079295206674 ], [ -80.844366426864767, 35.223071400660736 ], [ -80.844372494299392, 35.223063963061875 ], [ -80.844379430391953, 35.223057055687399 ], [ -80.844387166805973, 35.223050746590623 ], [ -80.844395627319997, 35.223045097930481 ], [ -80.844404728578624, 35.223040165359137 ], [ -80.844414380913733, 35.223035997473559 ], [ -80.844424489227848, 35.223032635336914 ], [ -80.844434953931156, 35.223030112073808 ], [ -80.8444456719226, 35.223028452544135 ], [ -80.844456537605708, 35.223027673098017 ], [ -80.844467443928906, 35.223027781414757 ], [ -80.844478283440267, 35.223028776427164 ], [ -80.844488949346058, 35.223030648332177 ], [ -80.844499336562933, 35.223033378687241 ], [ -80.845831525370428, 35.223444407920113 ], [ -80.845840765620608, 35.223447662133864 ], [ -80.845849604675095, 35.223451595833815 ], [ -80.845857968520775, 35.223456176081456 ], [ -80.845865787123685, 35.223461364524482 ], [ -80.845872995015327, 35.223467117717959 ], [ -80.845879531840922, 35.223473387488006 ], [ -80.845885342864761, 35.223480121335236 ], [ -80.845987272753277, 35.223610501829988 ], [ -80.845992416510967, 35.223617813209998 ], [ -80.845996704438008, 35.223625487292367 ], [ -80.846000098947528, 35.223633456808471 ], [ -80.846002570284028, 35.223641651899975 ], [ -80.846004096784256, 35.223650000731212 ], [ -80.846004665067071, 35.223658430118874 ], [ -80.846012705883723, 35.224440650193969 ], [ -80.846012212499033, 35.224449979594588 ], [ -80.846010545915746, 35.224459217095607 ], [ -80.84600772400735, 35.224468263625923 ], [ -80.846003777038135, 35.224477022162574 ], [ -80.845998747338527, 35.224485398771222 ], [ -80.845992688851169, 35.224493303613684 ], [ -80.845985666552437, 35.224500651911349 ], [ -80.845906546977147, 35.22457515206969 ], [ -80.845899250197064, 35.224581391643866 ], [ -80.845891258566198, 35.224587028958538 ], [ -80.845882645587551, 35.224592012164415 ], [ -80.845873490479008, 35.224596295428405 ], [ -80.845863877444771, 35.224599839355093 ], [ -80.845853894900856, 35.224602611349169 ], [ -80.845843634661861, 35.224604585915138 ], [ -80.845833191096531, 35.224605744891896 ], [ -80.845822660259785, 35.224606077619768 ], [ -80.845812139009212, 35.224605581038439 ], [ -80.84580172411421, 35.224604259715257 ], [ -80.844846852454808, 35.224444309767215 ], [ -80.844836952562162, 35.224442254004202 ], [ -80.844827327985101, 35.224439453000386 ], [ -80.84481806184327, 35.224435930945759 ], [ -80.844809234160763, 35.224431718257463 ], [ -80.844637574200277, 35.224340787582008 ], [ -80.844628300369635, 35.224335293674102 ], [ -80.844619772731093, 35.22432903849819 ], [ -80.844612083677475, 35.224322089826202 ], [ -80.844605316515896, 35.224314522943764 ], [ -80.844599544565128, 35.224306419834527 ], [ -80.844594830361189, 35.224297868291842 ], [ -80.844591224979908, 35.22428896096762 ], [ -80.844271106413842, 35.223334650284592 ], [ -80.844268692941895, 35.223325699405258 ], [ -80.844267399481254, 35.223316593698549 ], [ -80.844267239400892, 35.223307427281803 ], [ -80.844268214355026, 35.22329829489987 ], [ -80.844270314266083, 35.223289290945743 ], [ -80.844273517428832, 35.223280508484976 ], [ -80.844357127935311, 35.223087568920405 ] ] ] } },
{ "type": "Feature", "properties": { "centroid_id": 97, "tree_count": 58, "mean_dist_m": 37.106318197907065, "max_dist_m": 64.571631034950443, "center_x_m": 514075.0, "center_y_m": 3898075.0, "center_lon": -80.845330533886965, "center_lat": 35.225621001449802 }, "geometry": { "type": "Polygon", "coordinates": [ [ [ -80.845682949190163, 35.225205553722951 ], [ -80.845693999313411, 35.22520467570498 ], [ -80.845705101007795, 35.225204717050744 ], [ -80.845716140963106, 35.225205677338259 ], [ -80.845727006499231, 35.225207546766271 ], [ -80.845737586716268, 35.225210306254326 ], [ -80.845747773626456, 35.225213927637512 ], [ -80.845757463256263, 35.225218373953886 ], [ -80.845766556707659, 35.225223599821845 ], [ -80.845774961167507, 35.225229551903098 ], [ -80.845782590854853, 35.225236169447292 ], [ -80.845905901662817, 35.225354569404082 ], [ -80.845912773386445, 35.225361897111028 ], [ -80.845918694501393, 35.225369763722803 ], [ -80.845923602750702, 35.225378086527073 ], [ -80.845927446526943, 35.225386778014865 ], [ -80.845930185414929, 35.225395746800757 ], [ -80.845931790616604, 35.225404898583605 ], [ -80.84593224525392, 35.225414137138216 ], [ -80.845923795766822, 35.226048237046321 ], [ -80.845923153280808, 35.226057037059192 ], [ -80.845921466614712, 35.226065743533397 ], [ -80.84591875189021, 35.226074273247953 ], [ -80.845915035055768, 35.226082544671392 ], [ -80.845910351638537, 35.226090478741085 ], [ -80.845904746404813, 35.226097999619029 ], [ -80.845898272932132, 35.22610503541668 ], [ -80.845890993097228, 35.226111518882107 ], [ -80.845882976484432, 35.226117388042908 ], [ -80.84587429972072, 35.226122586798454 ], [ -80.845865045743167, 35.226127065456268 ], [ -80.845855303006203, 35.226130781206905 ], [ -80.845845164636145, 35.226133698533204 ], [ -80.845834727541032, 35.226135789549758 ], [ -80.845824091484246, 35.226137034269513 ], [ -80.845813358131053, 35.226137420794764 ], [ -80.845802630076705, 35.226136945430859 ], [ -80.844995049119845, 35.226068545299668 ], [ -80.84498513971225, 35.226067329150176 ], [ -80.844975406492395, 35.226065377430281 ], [ -80.844740045824665, 35.2260087369052 ], [ -80.844729685853267, 35.226005775446986 ], [ -80.844719737365864, 35.226001981129457 ], [ -80.844710299515398, 35.225997391769191 ], [ -80.844701466365464, 35.225992053106722 ], [ -80.844693325952733, 35.225986018350561 ], [ -80.844685959409617, 35.225979347646927 ], [ -80.844679440155531, 35.225972107480317 ], [ -80.844673833165274, 35.225964370010786 ], [ -80.844669194321341, 35.225956212354809 ], [ -80.844665569857099, 35.225947715816737 ], [ -80.844662995895874, 35.225938965078335 ], [ -80.844661498091043, 35.225930047354922 ], [ -80.84466109137027, 35.225921051526001 ], [ -80.844661779786833, 35.225912067249553 ], [ -80.844663556479205, 35.225903184068358 ], [ -80.844803417755855, 35.225371534857679 ], [ -80.844806300630083, 35.225362750921569 ], [ -80.844810247409228, 35.225354250034059 ], [ -80.844815217923454, 35.22534611871545 ], [ -80.84482116158361, 35.225338439724595 ], [ -80.844828017896077, 35.225331291216676 ], [ -80.844835717078595, 35.225324745947653 ], [ -80.844844180770309, 35.225318870533869 ], [ -80.844853322829493, 35.225313724774011 ], [ -80.844863050210151, 35.225309361040487 ], [ -80.844873263909079, 35.225305823746403 ], [ -80.844883859973493, 35.225303148893559 ], [ -80.844894730558991, 35.225301363706002 ], [ -80.845682949190163, 35.225205553722951 ] ] ] } },
{ "type": "Feature", "properties": { "centroid_id": 98, "tree_count": 30, "mean_dist_m": 41.555960046797189, "max_dist_m": 63.422261425596488, "center_x_m": 514075.0, "center_y_m": 3898275.0, "center_lon": -80.845327111646142, "center_lat": 35.227424415669056 }, "geometry": { "type": "Polygon", "coordinates": [ [ [ -80.845703986228827, 35.22687096186651 ], [ -80.845714460846267, 35.226869220161653 ], [ -80.845725092117263, 35.226868321609622 ], [ -80.845735779484485, 35.22686827470946 ], [ -80.845746421860014, 35.226869079904802 ], [ -80.845756918581472, 35.226870729579609 ], [ -80.845767170364184, 35.226873208130165 ], [ -80.845777080240225, 35.226876492112787 ], [ -80.845786554475566, 35.226880550465467 ], [ -80.845795503456799, 35.226885344801708 ], [ -80.845803842538572, 35.226890829773581 ], [ -80.845811492844391, 35.226896953500699 ], [ -80.845818382012524, 35.226903658060898 ], [ -80.845824444880577, 35.226910880038112 ], [ -80.845829624101796, 35.226918551122161 ], [ -80.845833870687429, 35.226926598754936 ], [ -80.84583714447021, 35.226934946816648 ], [ -80.845839414484274, 35.226943516345834 ], [ -80.845840659257973, 35.226952226286201 ], [ -80.845840867017088, 35.226960994253361 ], [ -80.845840035796172, 35.226969737314008 ], [ -80.845838173457139, 35.226978372770439 ], [ -80.845835297614897, 35.226986818942677 ], [ -80.845831435470828, 35.226994995941112 ], [ -80.845826623555411, 35.227002826422144 ], [ -80.845820907382759, 35.227010236319742 ], [ -80.845814341020116, 35.227017155546008 ], [ -80.845155600678595, 35.227645676355749 ], [ -80.845144637912355, 35.22765474810469 ], [ -80.844930487998596, 35.227808468659461 ], [ -80.844922239926021, 35.227813839294178 ], [ -80.844913403288558, 35.227818537543754 ], [ -80.844904059214471, 35.227822520273996 ], [ -80.844894293490768, 35.227825750919855 ], [ -80.844884195775649, 35.227828199821026 ], [ -80.844873858775259, 35.227829844494408 ], [ -80.844863377392713, 35.227830669840387 ], [ -80.844852847856615, 35.22783066828152 ], [ -80.84484236683771, 35.227829839832133 ], [ -80.844832030561321, 35.227828192098166 ], [ -80.844821933923839, 35.227825740207273 ], [ -80.844812169621548, 35.227822506670094 ], [ -80.844802827299617, 35.227818521173397 ], [ -80.844793992728924, 35.227813820307695 ], [ -80.844669272538695, 35.227740260262436 ], [ -80.844661028791066, 35.227734888575839 ], [ -80.844653449263205, 35.227728894301727 ], [ -80.844646603507726, 35.227722332445893 ], [ -80.844640554343783, 35.227715263222535 ], [ -80.844635357280666, 35.227707751501605 ], [ -80.84463106000841, 35.227699866213598 ], [ -80.844627701960164, 35.227691679716962 ], [ -80.844625313950402, 35.227683267134111 ], [ -80.844623917892108, 35.227674705662132 ], [ -80.844623526595711, 35.227666073864327 ], [ -80.8446241436516, 35.227657450949316 ], [ -80.844625763397104, 35.227648916044188 ], [ -80.844628370968522, 35.227640547468368 ], [ -80.844631942437545, 35.227632422015006 ], [ -80.844636445030773, 35.227624614246203 ], [ -80.845012915697481, 35.227045304397492 ], [ -80.845018809977176, 35.227037270552749 ], [ -80.845025689207944, 35.227029782447197 ], [ -80.845033478990473, 35.227022921064886 ], [ -80.845042095077915, 35.227016760611775 ], [ -80.845051444286938, 35.227011367713274 ], [ -80.845061425505619, 35.227006800693673 ], [ -80.845071930786887, 35.22700310894529 ], [ -80.845082846515908, 35.227000332394475 ], [ -80.845703986228827, 35.22687096186651 ] ] ] } },
{ "type": "Feature", "properties": { "centroid_id": 99, "tree_count": 14, "mean_dist_m": 41.615499133157115, "max_dist_m": 62.259847883811872, "center_x_m": 514100.0, "center_y_m": 3898450.0, "center_lon": -80.845049382691244, "center_lat": 35.229002051309578 }, "geometry": { "type": "Polygon", "coordinates": [ [ [ -80.844804886317021, 35.228494692278062 ], [ -80.844815125382738, 35.22849391635507 ], [ -80.844825408011275, 35.228493929088536 ], [ -80.844835644176072, 35.228494730366975 ], [ -80.844845744257313, 35.228496313175008 ], [ -80.844855619826632, 35.228498663654847 ], [ -80.844865184421309, 35.22850176122752 ], [ -80.845367655309744, 35.228687227766166 ], [ -80.84537509228619, 35.228690254930044 ], [ -80.845382229538686, 35.228693734114842 ], [ -80.84552125938599, 35.228767474554473 ], [ -80.845529764039327, 35.228772471761211 ], [ -80.845537651113716, 35.228778109818634 ], [ -80.845544849148339, 35.228784337643155 ], [ -80.845551292925293, 35.22879109880764 ], [ -80.845556924060617, 35.228798332052662 ], [ -80.84556169153322, 35.228805971841417 ], [ -80.845565552147207, 35.228813948953679 ], [ -80.845742803066344, 35.229238008471867 ], [ -80.845745787707656, 35.229246477357215 ], [ -80.845747750191464, 35.229255144912699 ], [ -80.84574867175867, 35.22926392828797 ], [ -80.845748543599996, 35.229272743525456 ], [ -80.845747366940103, 35.229281506363115 ], [ -80.845745153025973, 35.22929013303969 ], [ -80.84574192301946, 35.229298541095446 ], [ -80.845737707794854, 35.229306650160346 ], [ -80.845732547643934, 35.229314382722272 ], [ -80.845726491890801, 35.229321664867996 ], [ -80.845719598420345, 35.22932842698966 ], [ -80.845711933125031, 35.229334604450102 ], [ -80.845703569275031, 35.229340138200804 ], [ -80.8456945868178, 35.22934497534623 ], [ -80.845464386207851, 35.229456125510751 ], [ -80.845454943841858, 35.229460192054887 ], [ -80.845445065571027, 35.229463488515727 ], [ -80.845434844414015, 35.229465983852187 ], [ -80.845424376618297, 35.229467654566939 ], [ -80.845413760753772, 35.229468484927686 ], [ -80.845403096784722, 35.229468467115346 ], [ -80.845392485128386, 35.229467601297664 ], [ -80.845382025709384, 35.229465895627591 ], [ -80.845371817018801, 35.229463366166584 ], [ -80.845361955186675, 35.229460036733293 ], [ -80.845352533076863, 35.229455938679301 ], [ -80.845343639412533, 35.229451110593914 ], [ -80.845335357940684, 35.22944559794076 ], [ -80.845327766643621, 35.229439452629677 ], [ -80.844670237394382, 35.22885284216126 ], [ -80.844669855392368, 35.228852499591085 ], [ -80.844473134430643, 35.228675169836734 ], [ -80.844466243687236, 35.228668306992155 ], [ -80.84446021023281, 35.228660920633196 ], [ -80.844455092739054, 35.228653082588018 ], [ -80.844450940970447, 35.228644869077215 ], [ -80.844447795300297, 35.228636359972477 ], [ -80.844445686318096, 35.228627638020015 ], [ -80.844444634532167, 35.22861878803581 ], [ -80.844444650170189, 35.228609896080833 ], [ -80.844445733079738, 35.228601048624192 ], [ -80.844447872729802, 35.228592331702238 ], [ -80.844451048313204, 35.228583830081931 ], [ -80.844455228948945, 35.228575626436516 ], [ -80.844460373982514, 35.228567800541569 ], [ -80.844466433381285, 35.228560428499286 ], [ -80.844473348220973, 35.228553581998355 ], [ -80.844481051258697, 35.228547327616873 ], [ -80.844489467586925, 35.228541726174953 ], [ -80.844498515361792, 35.22853683214322 ], [ -80.844508106599093, 35.228532693113166 ], [ -80.844518148029792, 35.228529349334345 ], [ -80.844528542007069, 35.228526833322945 ], [ -80.844539187455794, 35.228525169545669 ], [ -80.844804886317021, 35.228494692278062 ] ] ] } },
{ "type": "Feature", "properties": { "centroid_id": 100, "tree_count": 33, "mean_dist_m": 52.995429070822809, "max_dist_m": 108.28061188866101, "center_x_m": 514150.0, "center_y_m": 3897450.0, "center_lon": -80.844517114878784, "center_lat": 35.219984272944593 }, "geometry": { "type": "Polygon", "coordinates": [ [ [ -80.844103347330062, 35.219548240555739 ], [ -80.844107721762896, 35.219539976544397 ], [ -80.844113079350549, 35.219532112034003 ], [ -80.844119366601134, 35.219524725546023 ], [ -80.84412652074073, 35.219517890829181 ], [ -80.844134470340265, 35.219511676123183 ], [ -80.844143136028606, 35.219506143477332 ], [ -80.844152431285039, 35.21950134813104 ], [ -80.844162263303133, 35.219497337962352 ], [ -80.844172533917359, 35.219494153009848 ], [ -80.844183140583155, 35.219491825072936 ], [ -80.844193977400721, 35.219490377394365 ], [ -80.844204936172446, 35.219489824428116 ], [ -80.844215907483076, 35.21949017169517 ], [ -80.844226781792131, 35.219491415728314 ], [ -80.844237450527686, 35.21949354410679 ], [ -80.844247807170262, 35.219496535580326 ], [ -80.844257748316352, 35.219500360281238 ], [ -80.844267174710836, 35.21950498002272 ], [ -80.844275992237996, 35.219510348680018 ], [ -80.844284112861146, 35.219516412651018 ], [ -80.844456972307896, 35.219659083014292 ], [ -80.844465192681284, 35.219666679425082 ], [ -80.845071323342736, 35.220294768526109 ], [ -80.845077799862565, 35.220302229011857 ], [ -80.845083320618869, 35.220310190201317 ], [ -80.845087828640359, 35.22031856993965 ], [ -80.84509127740651, 35.22032728175278 ], [ -80.845093631327714, 35.220336235739815 ], [ -80.845094866112461, 35.220345339500696 ], [ -80.845094969018135, 35.220354499089794 ], [ -80.845088249004959, 35.220486999273255 ], [ -80.845087316453515, 35.220495552673022 ], [ -80.845085396589198, 35.220503994484666 ], [ -80.845082506824937, 35.220512248140942 ], [ -80.845078673370594, 35.220520238781127 ], [ -80.845073930995355, 35.22052789393004 ], [ -80.845068322712393, 35.220535144155384 ], [ -80.845061899388668, 35.220541923697539 ], [ -80.845054719283667, 35.220548171065928 ], [ -80.845046847520891, 35.220553829596824 ], [ -80.845038355497252, 35.220558847967197 ], [ -80.845029320235511, 35.220563180660356 ], [ -80.84501982368559, 35.220566788378662 ], [ -80.845009951981424, 35.220569638400001 ], [ -80.844999794659572, 35.220571704874637 ], [ -80.843718023662063, 35.220779865820198 ], [ -80.843707523771371, 35.220781142094083 ], [ -80.843696922807652, 35.220781581064948 ], [ -80.843686319690619, 35.220781178636635 ], [ -80.843675813360079, 35.220779938564327 ], [ -80.843665501852755, 35.22077787241934 ], [ -80.843655481387316, 35.220774999481335 ], [ -80.843645845466739, 35.220771346558244 ], [ -80.843636684005617, 35.220766947736216 ], [ -80.843628082491307, 35.220761844061549 ], [ -80.843620121186078, 35.220756083157596 ], [ -80.843612874378309, 35.220749718780503 ], [ -80.84360640968913, 35.220742810317475 ], [ -80.843600787441602, 35.220735422232686 ], [ -80.843596060097724, 35.220727623465727 ], [ -80.843592271768955, 35.220719486788362 ], [ -80.843589457804597, 35.220711088125363 ], [ -80.843587644461962, 35.220702505846191 ], [ -80.843586848661317, 35.220693820033588 ], [ -80.843587077828118, 35.22068511173638 ], [ -80.843588329823632, 35.220676462213156 ], [ -80.843590592964958, 35.220667952174082 ], [ -80.843593846134056, 35.220659661027717 ], [ -80.844103347330062, 35.219548240555739 ] ] ] } },
{ "type": "Feature", "properties": { "centroid_id": 101, "tree_count": 103, "mean_dist_m": 60.514988324825786, "max_dist_m": 132.33103458514722, "center_x_m": 514175.0, "center_y_m": 3897975.0, "center_lon": -80.844233365689547, "center_lat": 35.224717885181363 }, "geometry": { "type": "Polygon", "coordinates": [ [ [ -80.843183312739626, 35.223818219208752 ], [ -80.843182623882953, 35.223809242829887 ], [ -80.843183028221489, 35.2238002547927 ], [ -80.843184521732013, 35.223791344521089 ], [ -80.843187089554931, 35.223782600665196 ], [ -80.843190706142096, 35.223774110219445 ], [ -80.843195335511027, 35.223765957657015 ], [ -80.843200931602922, 35.223758224089373 ], [ -80.843207438740876, 35.223750986459315 ], [ -80.8432147921839, 35.223744316775431 ], [ -80.843222918770962, 35.223738281395669 ], [ -80.843231737648978, 35.223732940367192 ], [ -80.843241161077117, 35.223728346828878 ], [ -80.843251095299877, 35.223724546482686 ], [ -80.843261441479783, 35.223721577138974 ], [ -80.843272096680735, 35.223719468340299 ], [ -80.843282954892217, 35.223718241067459 ], [ -80.843293908083893, 35.223717907530848 ], [ -80.843304847280478, 35.223718471048848 ], [ -80.84331566364591, 35.223719926014937 ], [ -80.843326249566232, 35.223722257953391 ], [ -80.843336499720152, 35.223725443663319 ], [ -80.844699589451153, 35.224214173290335 ], [ -80.844710073194733, 35.224218492843754 ], [ -80.844719936031396, 35.224223704860961 ], [ -80.844729065556422, 35.224229749941735 ], [ -80.844737357722451, 35.22423655919161 ], [ -80.844872818192499, 35.224360358621759 ], [ -80.844879464148889, 35.224367051030271 ], [ -80.844885299703677, 35.224374234288987 ], [ -80.844890271366452, 35.22438184255433 ], [ -80.844894333565449, 35.22438980608699 ], [ -80.844897449065201, 35.224398051891129 ], [ -80.844899589307914, 35.224406504383573 ], [ -80.844900734675292, 35.224415086086509 ], [ -80.844900874668255, 35.224423718337732 ], [ -80.844900008003265, 35.224432322011737 ], [ -80.844898142624103, 35.224440818244851 ], [ -80.844895295629016, 35.224449129158252 ], [ -80.844891493114119, 35.224457178571789 ], [ -80.844886769933993, 35.224464892702279 ], [ -80.844881169382461, 35.22447220083977 ], [ -80.844847639111038, 35.224511630683111 ], [ -80.844841374334919, 35.224518309430067 ], [ -80.844834377006777, 35.224524479037775 ], [ -80.84482670825696, 35.224530085606958 ], [ -80.844769037640802, 35.224568435590975 ], [ -80.84476819288534, 35.224568991701886 ], [ -80.844529473166901, 35.224724562390918 ], [ -80.844521841827103, 35.22472911142161 ], [ -80.844513763182391, 35.224733106675828 ], [ -80.844505296755671, 35.224736518716767 ], [ -80.843836086193832, 35.224977538855065 ], [ -80.84382611730399, 35.224980664788362 ], [ -80.843815825898417, 35.224982982490246 ], [ -80.84380530904177, 35.22498447010102 ], [ -80.843794665925131, 35.224985113590108 ], [ -80.843783996930412, 35.224984906888352 ], [ -80.843773402683624, 35.224983851945289 ], [ -80.843762983105734, 35.224981958710757 ], [ -80.84375283647033, 35.22497924504102 ], [ -80.843743058476647, 35.224975736530389 ], [ -80.843733741347023, 35.224971466269864 ], [ -80.843724972957034, 35.224966474534909 ], [ -80.843716836006735, 35.224960808405704 ], [ -80.843709407240596, 35.224954521323014 ], [ -80.843702756723744, 35.224947672584214 ], [ -80.843696947181115, 35.224940326783972 ], [ -80.843692033405816, 35.224932553205051 ], [ -80.843228013978973, 35.224102122226292 ], [ -80.843223739196446, 35.224093264160331 ], [ -80.84322062726028, 35.224084085428757 ], [ -80.843218712910939, 35.224074688500565 ], [ -80.843183312739626, 35.223818219208752 ] ] ] } },
{ "type": "Feature", "properties": { "centroid_id": 102, "tree_count": 58, "mean_dist_m": 36.569202244650782, "max_dist_m": 63.748357177843246, "center_x_m": 514175.0, "center_y_m": 3898175.0, "center_lon": -80.844229919287784, "center_lat": 35.226521299576362 }, "geometry": { "type": "Polygon", "coordinates": [ [ [ -80.844541187916391, 35.225970501594638 ], [ -80.844549949032313, 35.225965039997945 ], [ -80.844559331822737, 35.225960324670524 ], [ -80.844569242225731, 35.225956402883206 ], [ -80.844579580890127, 35.225953313951656 ], [ -80.844590244171499, 35.22595108884218 ], [ -80.844601125171224, 35.22594974986135 ], [ -80.844612114808044, 35.225949310432341 ], [ -80.84462310291164, 35.225949774960426 ], [ -80.844633979327071, 35.225951138788716 ], [ -80.84464463501908, 35.225953388244953 ], [ -80.84465496316507, 35.225956500778473 ], [ -80.844664860226089, 35.225960445186388 ], [ -80.844674226984708, 35.225965181926242 ], [ -80.844682969539704, 35.225970663512562 ], [ -80.844691000247408, 35.2259768349928 ], [ -80.844698238600316, 35.225983634498256 ], [ -80.84481965885567, 35.226109934616815 ], [ -80.844825920259652, 35.226117150115925 ], [ -80.844831288686095, 35.226124834899188 ], [ -80.844835712330379, 35.226132914809718 ], [ -80.844839148504761, 35.22614131187779 ], [ -80.844841564050441, 35.226149945073054 ], [ -80.844842935657468, 35.226158731086592 ], [ -80.844843250089696, 35.226167585134775 ], [ -80.844842504312581, 35.226176421777431 ], [ -80.844743265865517, 35.226861671809473 ], [ -80.844741480552827, 35.226870355338441 ], [ -80.844738671472655, 35.22687885455916 ], [ -80.844734865417152, 35.226887088407672 ], [ -80.84473009868745, 35.226894978351098 ], [ -80.844724416747468, 35.226902449136631 ], [ -80.844717873790273, 35.226909429509291 ], [ -80.844710532221185, 35.226915852891544 ], [ -80.8447024620626, 35.22692165801832 ], [ -80.844693740286118, 35.226926789521372 ], [ -80.844684450078418, 35.226931198457265 ], [ -80.844674680047802, 35.226934842774376 ], [ -80.84466452337908, 35.226937687713836 ], [ -80.844654076944806, 35.226939706141081 ], [ -80.84464344038129, 35.22694087880469 ], [ -80.844632715138246, 35.226941194520037 ], [ -80.843759653440671, 35.22693188405124 ], [ -80.843749191490261, 35.226931362264665 ], [ -80.843738837709097, 35.226930025001579 ], [ -80.843728686286724, 35.226927884427248 ], [ -80.843718829571799, 35.226924960014706 ], [ -80.843709357231944, 35.226921278367683 ], [ -80.843700355438045, 35.226916872978521 ], [ -80.84353796558149, 35.226828523221613 ], [ -80.843529052806687, 35.226823124356642 ], [ -80.843520847778791, 35.226817016589983 ], [ -80.843513433885505, 35.226810261995013 ], [ -80.843506886474174, 35.22680292921882 ], [ -80.843501272085973, 35.226795092784506 ], [ -80.843496647779759, 35.226786832333886 ], [ -80.843493060552092, 35.226778231817967 ], [ -80.84349054685967, 35.226769378643908 ], [ -80.843489132248777, 35.226760362786528 ], [ -80.843488831095769, 35.226751275873987 ], [ -80.843489646460881, 35.22674221025656 ], [ -80.843491570057196, 35.22673325806808 ], [ -80.84349458233487, 35.226724510289543 ], [ -80.843498652679784, 35.226716055824511 ], [ -80.843503739724781, 35.226707980595606 ], [ -80.84350979177006, 35.22670036667121 ], [ -80.843516747308499, 35.226693291431474 ], [ -80.84357785698964, 35.226637171938712 ], [ -80.843589028173497, 35.226628271525307 ], [ -80.844541187916391, 35.225970501594638 ] ] ] } },
{ "type": "Feature", "properties": { "centroid_id": 103, "tree_count": 29, "mean_dist_m": 38.314462093748489, "max_dist_m": 59.307803196068349, "center_x_m": 514175.0, "center_y_m": 3898350.0, "center_lon": -80.844226903435114, "center_lat": 35.228099286730149 }, "geometry": { "type": "Polygon", "coordinates": [ [ [ -80.844636956414462, 35.227636821732929 ], [ -80.844647995713061, 35.227636807966704 ], [ -80.844658980994012, 35.227637703069959 ], [ -80.844669801400698, 35.227639498009879 ], [ -80.84468034774028, 35.227642174673043 ], [ -80.844690513585618, 35.2276457060482 ], [ -80.844700196349251, 35.227650056498938 ], [ -80.844709298318605, 35.2276551821232 ], [ -80.844717727642106, 35.227661031196313 ], [ -80.844725399256049, 35.22766754469302 ], [ -80.844732235743024, 35.227674656883117 ], [ -80.844738168113125, 35.227682295994711 ], [ -80.844743136500199, 35.227690384938519 ], [ -80.844747090766006, 35.227698842085807 ], [ -80.844749991006154, 35.227707582092101 ], [ -80.844751807952804, 35.227716516758505 ], [ -80.844752523270046, 35.227725555921673 ], [ -80.844765362194593, 35.228447385649837 ], [ -80.844764972003745, 35.228456406175674 ], [ -80.844763484683085, 35.22846534949884 ], [ -80.844760915135595, 35.228474126004947 ], [ -80.844757289108458, 35.228482647751122 ], [ -80.844752642935106, 35.228490829347216 ], [ -80.844747023171138, 35.228498588811441 ], [ -80.844740486127847, 35.228505848391841 ], [ -80.844733097307966, 35.22851253534548 ], [ -80.84472493074928, 35.228518582667213 ], [ -80.84471606828285, 35.228523929761209 ], [ -80.844706598712918, 35.22852852304807 ], [ -80.844514559903473, 35.228611323192972 ], [ -80.844504795926767, 35.228615044257722 ], [ -80.84449463506806, 35.228617963545034 ], [ -80.844484174843473, 35.228620053037794 ], [ -80.844473515642221, 35.228621292682668 ], [ -80.844462759763204, 35.228621670582477 ], [ -80.844452010433116, 35.228621183110434 ], [ -80.844441370815844, 35.228619834944936 ], [ -80.844430943022289, 35.228617639024627 ], [ -80.844420827130463, 35.228614616424295 ], [ -80.844411120224905, 35.22861079615253 ], [ -80.844401915464971, 35.228606214873388 ], [ -80.844393301190834, 35.228600916554448 ], [ -80.843913671402873, 35.228274616439826 ], [ -80.843906921562024, 35.228269623885261 ], [ -80.843900697522031, 35.228264190795187 ], [ -80.843895041844405, 35.228258354322584 ], [ -80.843569042124798, 35.227891783483898 ], [ -80.843563164410369, 35.227884449454834 ], [ -80.843558183595221, 35.227876681245334 ], [ -80.84355414687802, 35.227868552467996 ], [ -80.843551092510936, 35.227860140152259 ], [ -80.843549049437286, 35.227851524014355 ], [ -80.843548037017172, 35.227842785701895 ], [ -80.843548064844072, 35.227834008020295 ], [ -80.843549132653962, 35.227825274147918 ], [ -80.843551230327819, 35.227816666848028 ], [ -80.843554337987513, 35.227808267684409 ], [ -80.843558426184188, 35.227800156248534 ], [ -80.843563456177364, 35.227792409405282 ], [ -80.843569380301986, 35.22778510056456 ], [ -80.843576142420204, 35.227778298985768 ], [ -80.843583678453243, 35.227772069121357 ], [ -80.843591916988743, 35.227766470006195 ], [ -80.843600779957356, 35.227761554698048 ], [ -80.843610183372618, 35.227757369774864 ], [ -80.843808672306082, 35.227679040329988 ], [ -80.843818707363468, 35.227675571418082 ], [ -80.843829111552324, 35.227672934457743 ], [ -80.843839782715804, 35.227671155340836 ], [ -80.843850616075713, 35.227670251536146 ], [ -80.844636956414462, 35.227636821732929 ] ] ] } },
{ "type": "Feature", "properties": { "centroid_id": 104, "tree_count": 17, "mean_dist_m": 49.016991807166036, "max_dist_m": 85.283308886002331, "center_x_m": 514250.0, "center_y_m": 3897350.0, "center_lon": -80.84342003134239, "center_lat": 35.219081148682442 }, "geometry": { "type": "Polygon", "coordinates": [ [ [ -80.843215467236135, 35.218550626745568 ], [ -80.843225816060112, 35.218547568620771 ], [ -80.843236485604379, 35.218545374888237 ], [ -80.843247368953072, 35.218544067530622 ], [ -80.843258357047972, 35.218543659648468 ], [ -80.843269339781202, 35.218544155329042 ], [ -80.84328020709863, 35.218545549605267 ], [ -80.843290850102647, 35.218547828505649 ], [ -80.843301162143376, 35.218550969194077 ], [ -80.843311039887425, 35.2185549401988 ], [ -80.84332038435322, 35.218559701727784 ], [ -80.843329101903024, 35.218565206067346 ], [ -80.843337105181092, 35.218571398060412 ], [ -80.843390074232872, 35.218616697907549 ], [ -80.84339245078327, 35.218618796083071 ], [ -80.843486331360793, 35.218704366305417 ], [ -80.843490819019877, 35.218708726667778 ], [ -80.844147339119729, 35.219389186610996 ], [ -80.844153539324395, 35.219396295519914 ], [ -80.844158871514267, 35.219403863727237 ], [ -80.844163285569721, 35.219411820096319 ], [ -80.844166740001, 35.219420089842053 ], [ -80.844169202338193, 35.219428595233772 ], [ -80.844170649436464, 35.219437256325783 ], [ -80.844171067693637, 35.219445991708916 ], [ -80.844170453177995, 35.219454719275703 ], [ -80.844168811665313, 35.219463356992094 ], [ -80.844166158584528, 35.219471823668528 ], [ -80.844162518872736, 35.219480039723152 ], [ -80.844157926740891, 35.219487927929769 ], [ -80.844152425352135, 35.219495414143744 ], [ -80.844146066416116, 35.21950242799889 ], [ -80.844138909703076, 35.219508903568958 ], [ -80.844131022481875, 35.219514779987229 ], [ -80.844122478887826, 35.219520002018683 ], [ -80.844113359225815, 35.219524520579135 ], [ -80.844103749215506, 35.219528293196653 ], [ -80.844093739185581, 35.219531284410706 ], [ -80.844083423224731, 35.21953346610556 ], [ -80.844072898297256, 35.219534817774502 ], [ -80.842703896904254, 35.21965518728431 ], [ -80.842693260657782, 35.219655696112085 ], [ -80.842682614359603, 35.219655357225328 ], [ -80.842672058102664, 35.219654173810106 ], [ -80.842661691133301, 35.219652156992503 ], [ -80.842651610918267, 35.219649325733947 ], [ -80.84264191222826, 35.219645706652983 ], [ -80.842632686247043, 35.219641333774973 ], [ -80.842624019714037, 35.219636248212232 ], [ -80.842615994108897, 35.219630497777459 ], [ -80.842608684885477, 35.219624136534271 ], [ -80.84260216076234, 35.219617224288868 ], [ -80.842596483076846, 35.219609826027771 ], [ -80.842591705208363, 35.219602011306804 ], [ -80.842587872076422, 35.219593853597232 ], [ -80.842585019718484, 35.219585429594908 ], [ -80.842583174951102, 35.21957681849927 ], [ -80.84258235511777, 35.219568101268727 ], [ -80.84258256792593, 35.219559359859474 ], [ -80.842583811374524, 35.219550676455022 ], [ -80.842586073772765, 35.219542132693526 ], [ -80.842858164973279, 35.218711062977071 ], [ -80.842861596130717, 35.218702367939109 ], [ -80.842866082229818, 35.218694002594987 ], [ -80.842871577182279, 35.21868605288617 ], [ -80.842878024535366, 35.218678600484061 ], [ -80.842885358051916, 35.21867172195094 ], [ -80.842893502390822, 35.218665487953437 ], [ -80.842902373881046, 35.218659962536528 ], [ -80.842911881381212, 35.218655202465577 ], [ -80.842921927215954, 35.218651256643156 ], [ -80.843215467236135, 35.218550626745568 ] ] ] } },
{ "type": "Feature", "properties": { "centroid_id": 105, "tree_count": 136, "mean_dist_m": 59.779286712163007, "max_dist_m": 130.67640875307438, "center_x_m": 514250.0, "center_y_m": 3897700.0, "center_lon": -80.843413969709502, "center_lat": 35.222237126342236 }, "geometry": { "type": "Polygon", "coordinates": [ [ [ -80.844269036217042, 35.221448700564856 ], [ -80.844279234787152, 35.221447455910798 ], [ -80.844289530624835, 35.221447001159341 ], [ -80.844299833078821, 35.221447340314405 ], [ -80.844310051439592, 35.221448470389859 ], [ -80.844320095738013, 35.221450381435758 ], [ -80.844329877537533, 35.221453056626046 ], [ -80.844339310712741, 35.221456472406572 ], [ -80.844348312207757, 35.221460598702571 ], [ -80.844356802767436, 35.221465399183437 ], [ -80.844364707635194, 35.221470831582558 ], [ -80.844371957211266, 35.221476848069528 ], [ -80.844500796577492, 35.221594318488606 ], [ -80.844508008323118, 35.221601626869763 ], [ -80.844514253289034, 35.221609511855 ], [ -80.844519463551464, 35.221617887683138 ], [ -80.844523582440587, 35.22162666325432 ], [ -80.844526565156812, 35.221635743120828 ], [ -80.844528379258193, 35.221645028525259 ], [ -80.844529005013214, 35.221654418474607 ], [ -80.84453326744304, 35.22307495820467 ], [ -80.844532767779071, 35.223083772330362 ], [ -80.84453122068274, 35.223092504181714 ], [ -80.844528640968051, 35.223101070146221 ], [ -80.844525053336952, 35.223109388199788 ], [ -80.844520492142777, 35.223117378692208 ], [ -80.844515001061396, 35.223124965109854 ], [ -80.84450863267287, 35.223132074808298 ], [ -80.844501447958052, 35.223138639707997 ], [ -80.844493515714689, 35.223144596946121 ], [ -80.844484911898562, 35.22314988947857 ], [ -80.844475718896234, 35.223154466626191 ], [ -80.844466024736136, 35.22315828456005 ], [ -80.844455922245587, 35.223161306721167 ], [ -80.844445508161996, 35.223163504170479 ], [ -80.844434882206471, 35.223164855866123 ], [ -80.844424146128944, 35.223165348864768 ], [ -80.844413402733821, 35.223164978445702 ], [ -80.844402754895611, 35.223163748155876 ], [ -80.844392304573788, 35.223161669776076 ], [ -80.84397962377318, 35.223061820075586 ], [ -80.843970854491573, 35.223059364072149 ], [ -80.842935343522825, 35.222728723819564 ], [ -80.842925704615539, 35.22272519991634 ], [ -80.842916522061998, 35.222720933581229 ], [ -80.842907880541006, 35.222715964157167 ], [ -80.84289985974209, 35.222710337470758 ], [ -80.842892533630632, 35.222704105409676 ], [ -80.842746353484586, 35.222567164616152 ], [ -80.842739789151565, 35.222560384081881 ], [ -80.842734047730076, 35.222553118094872 ], [ -80.842729182174011, 35.222545433670582 ], [ -80.842725237358977, 35.222537401683788 ], [ -80.842722249668398, 35.22252909621487 ], [ -80.842720246657962, 35.22252059386657 ], [ -80.842719246801423, 35.222511973057394 ], [ -80.842677677520655, 35.22178441332786 ], [ -80.842677721891377, 35.221775251547172 ], [ -80.842678898965772, 35.221766140752777 ], [ -80.842681196591755, 35.221757175001478 ], [ -80.84268459104905, 35.221748446852615 ], [ -80.842689047294115, 35.221740046412627 ], [ -80.842694519321896, 35.221732060404733 ], [ -80.842700950640804, 35.221724571273676 ], [ -80.842708274855909, 35.22171765633464 ], [ -80.842716416354406, 35.221711386974974 ], [ -80.842725291086197, 35.221705827917312 ], [ -80.842734807431597, 35.221701036551366 ], [ -80.842744867147218, 35.221697062341477 ], [ -80.842755366380132, 35.221693946315945 ], [ -80.84276619674003, 35.221691720643463 ], [ -80.844269036217042, 35.221448700564856 ] ] ] } },
{ "type": "Feature", "properties": { "centroid_id": 106, "tree_count": 61, "mean_dist_m": 61.551625514157429, "max_dist_m": 120.22034731048274, "center_x_m": 514275.0, "center_y_m": 3898050.0, "center_lon": -80.843133185080362, "center_lat": 35.225392746675631 }, "geometry": { "type": "Polygon", "coordinates": [ [ [ -80.842106476872289, 35.224586245887615 ], [ -80.842110798105111, 35.224578021907057 ], [ -80.842116092214354, 35.224570190234786 ], [ -80.842122306975369, 35.224562828127198 ], [ -80.842129381081747, 35.224556008208616 ], [ -80.84213724475002, 35.22454979775484 ], [ -80.842145820408007, 35.22454425802956 ], [ -80.842155023460151, 35.224539443679959 ], [ -80.842164763121886, 35.22453540219766 ], [ -80.842174943315314, 35.224532173450307 ], [ -80.842185463616858, 35.224529789288155 ], [ -80.842196220247985, 35.224528273230014 ], [ -80.842207107098858, 35.224527640231194 ], [ -80.842218016775092, 35.224527896535967 ], [ -80.842228841657146, 35.22452903961598 ], [ -80.842239474961943, 35.22453105819524 ], [ -80.842249811796194, 35.224533932361261 ], [ -80.843590911508016, 35.224968861712739 ], [ -80.8436009601363, 35.224972609621297 ], [ -80.843610499863559, 35.224977165820128 ], [ -80.843619434437841, 35.224982484339151 ], [ -80.843627673712945, 35.224988511516742 ], [ -80.843635134557857, 35.224995186541186 ], [ -80.843641741695606, 35.225002442064273 ], [ -80.843647428462631, 35.225010204880775 ], [ -80.843652137481527, 35.225018396667068 ], [ -80.843655821239921, 35.225026934771364 ], [ -80.843658442569847, 35.225035733047662 ], [ -80.843659975022803, 35.225044702724887 ], [ -80.843660403136582, 35.225053753302561 ], [ -80.843659722591312, 35.225062793463927 ], [ -80.843657940253067, 35.225071731997325 ], [ -80.843655074104603, 35.225080478716407 ], [ -80.843527944056575, 35.22540289904078 ], [ -80.843524187768836, 35.225411055890262 ], [ -80.843519488887651, 35.225418876884447 ], [ -80.843513891354178, 35.2254262888856 ], [ -80.843507447513375, 35.225433222580605 ], [ -80.843500217624396, 35.225439613129232 ], [ -80.843492269297172, 35.225445400770447 ], [ -80.842769138830306, 35.225922720812441 ], [ -80.84276769334096, 35.225923658662168 ], [ -80.842712714215878, 35.225958718990235 ], [ -80.84270388543959, 35.225963799295286 ], [ -80.842694492360664, 35.225968145104275 ], [ -80.842684625426728, 35.225971714570662 ], [ -80.842674379648244, 35.225974473323376 ], [ -80.842663853683732, 35.225976394797854 ], [ -80.842653148889667, 35.225977460491855 ], [ -80.842642368344514, 35.225977660143649 ], [ -80.842631615856206, 35.225976991830713 ], [ -80.842620994962445, 35.225975461988391 ], [ -80.84261060793385, 35.225973085347789 ], [ -80.842600554789044, 35.225969884794061 ], [ -80.842590932331575, 35.225965891145918 ], [ -80.842581833217821, 35.225961142858935 ], [ -80.842573345064707, 35.225955685655244 ], [ -80.842565549606093, 35.225949572083266 ], [ -80.842558521905673, 35.225942861011674 ], [ -80.842552329634245, 35.225935617062582 ], [ -80.842547032418054, 35.225927909989231 ], [ -80.842542681264618, 35.225919814004378 ], [ -80.84202904149933, 35.224820993647718 ], [ -80.84202552812404, 35.22481213316884 ], [ -80.842023147812824, 35.22480302248524 ], [ -80.842021925982024, 35.224793758879855 ], [ -80.842021875677801, 35.22478444126849 ], [ -80.842022997436942, 35.224775169143605 ], [ -80.842025279280989, 35.22476604151192 ], [ -80.842028696844309, 35.22475715583721 ], [ -80.842106476872289, 35.224586245887615 ] ] ] } },
{ "type": "Feature", "properties": { "centroid_id": 107, "tree_count": 78, "mean_dist_m": 45.674222784456056, "max_dist_m": 68.680765257037294, "center_x_m": 514275.0, "center_y_m": 3898250.0, "center_lon": -80.843129714250068, "center_lat": 35.227196160774433 }, "geometry": { "type": "Polygon", "coordinates": [ [ [ -80.842585796882773, 35.226686283978815 ], [ -80.842592366135221, 35.226679267105155 ], [ -80.842599741886502, 35.226672812329518 ], [ -80.842607853113975, 35.22666698180614 ], [ -80.842616621712963, 35.226661831678229 ], [ -80.842625963248906, 35.226657411537296 ], [ -80.842635787770405, 35.226653763945713 ], [ -80.842646000675288, 35.226650924026735 ], [ -80.842656503621654, 35.226648919126511 ], [ -80.842667195474732, 35.226647768550535 ], [ -80.842677973280786, 35.226647483377938 ], [ -80.842688733258413, 35.226648066354706 ], [ -80.843520022344009, 35.226726866128438 ], [ -80.8435312270623, 35.226728413411855 ], [ -80.843542177177667, 35.226730901779227 ], [ -80.843552755625367, 35.226734304628103 ], [ -80.843738255666125, 35.226803254498535 ], [ -80.843747663572941, 35.226807209361361 ], [ -80.843756564865743, 35.226811887638299 ], [ -80.843764877181187, 35.226817246041442 ], [ -80.843772523605693, 35.22682323498978 ], [ -80.843779433387098, 35.226829799067801 ], [ -80.843785542589288, 35.226836877538389 ], [ -80.843790794683855, 35.226844404904739 ], [ -80.843795141073116, 35.226852311516424 ], [ -80.843798541539812, 35.226860524213819 ], [ -80.843800964619263, 35.226868967005124 ], [ -80.843802387890463, 35.226877561769442 ], [ -80.843802798183617, 35.226886228979644 ], [ -80.843794528855227, 35.227616539269313 ], [ -80.843793928781565, 35.227625148899065 ], [ -80.843792329112034, 35.227633672118273 ], [ -80.843789744477718, 35.227642030969207 ], [ -80.843786198518728, 35.227650148997533 ], [ -80.843781723667931, 35.227657951951564 ], [ -80.843776360854378, 35.22766536846143 ], [ -80.843770159128951, 35.227672330691874 ], [ -80.843763175215642, 35.227678774962669 ], [ -80.843755472992839, 35.227684642331162 ], [ -80.843609553229058, 35.227785581981664 ], [ -80.843601365562094, 35.227790726473458 ], [ -80.84359262624028, 35.227795218552593 ], [ -80.843583412224078, 35.227799018660747 ], [ -80.84357380465427, 35.227802093333274 ], [ -80.843563888137382, 35.227804415493843 ], [ -80.843553750000638, 35.227805964692969 ], [ -80.843543479522921, 35.227806727288026 ], [ -80.843533167148536, 35.227806696563427 ], [ -80.843522903690783, 35.227805872789716 ], [ -80.842630292913384, 35.227699332755122 ], [ -80.842620078807315, 35.227697705142077 ], [ -80.842610098087945, 35.227695292166395 ], [ -80.842600440231749, 35.227692115460243 ], [ -80.842591191820716, 35.227688203502595 ], [ -80.842582435766161, 35.227683591363864 ], [ -80.84257425056542, 35.227678320391561 ], [ -80.842566709598103, 35.227672437839601 ], [ -80.842442679021858, 35.227566067704849 ], [ -80.842435416616709, 35.227559173270841 ], [ -80.842429039370145, 35.227551712574616 ], [ -80.842423612416439, 35.22754376181657 ], [ -80.842419191183879, 35.227535402202356 ], [ -80.842415820828705, 35.22752671911347 ], [ -80.842413535773943, 35.227517801235209 ], [ -80.84241235935778, 35.227508739650922 ], [ -80.842412303595253, 35.227499626911644 ], [ -80.842446995001666, 35.226874867425998 ], [ -80.842447940055422, 35.226866483760389 ], [ -80.84244983394774, 35.226858208968459 ], [ -80.842452660166671, 35.226850115192924 ], [ -80.842456394071945, 35.226842272998375 ], [ -80.842461003109705, 35.226834750755934 ], [ -80.842466447096427, 35.226827614047288 ], [ -80.842585796882773, 35.226686283978815 ] ] ] } },
{ "type": "Feature", "properties": { "centroid_id": 108, "tree_count": 6, "mean_dist_m": 43.821097098286053, "max_dist_m": 68.742905179688137, "center_x_m": 514275.0, "center_y_m": 3898450.0, "center_lon": -80.84312624311147, "center_lat": 35.228999574334587 }, "geometry": { "type": "Polygon", "coordinates": [ [ [ -80.842501866637562, 35.22853593939729 ], [ -80.842503637216041, 35.228527150039348 ], [ -80.842506456155391, 35.22851854693603 ], [ -80.842510295940002, 35.228510214061153 ], [ -80.842515119089938, 35.228502232750813 ], [ -80.842520878526784, 35.228494680909556 ], [ -80.842527518033194, 35.228487632249831 ], [ -80.842534972801658, 35.228481155572688 ], [ -80.842543170067046, 35.228475314096023 ], [ -80.842552029816858, 35.228470164837688 ], [ -80.84256146557226, 35.228465758058846 ], [ -80.842571385232119, 35.228462136773409 ], [ -80.842581691972057, 35.228459336328214 ], [ -80.842592285189482, 35.228457384058004 ], [ -80.842603061485562, 35.228456299018582 ], [ -80.842613915674491, 35.228456091800879 ], [ -80.842624741810155, 35.228456764427484 ], [ -80.842635434220298, 35.228458310333011 ], [ -80.842645888537888, 35.228460714428124 ], [ -80.842656002719835, 35.228463953246774 ], [ -80.842665678043105, 35.228467995175357 ], [ -80.842674820068183, 35.228472800761189 ], [ -80.842683339561006, 35.228478323097647 ], [ -80.842691153363887, 35.228484508282008 ], [ -80.842698185207254, 35.228491295941545 ], [ -80.842704366454015, 35.228498619822865 ], [ -80.842957207324616, 35.228832289414399 ], [ -80.842962451098089, 35.228840033730698 ], [ -80.842966743375385, 35.228848162896057 ], [ -80.842970042722371, 35.228856598438689 ], [ -80.842972317289764, 35.228865258929318 ], [ -80.842973545120572, 35.228874060767176 ], [ -80.842973714362032, 35.22888291898709 ], [ -80.842972823380109, 35.228891748079505 ], [ -80.842970880775212, 35.228900462816043 ], [ -80.842967905299247, 35.22890897907223 ], [ -80.842915575198447, 35.229035019400541 ], [ -80.84291184010884, 35.229042810334853 ], [ -80.842907240484678, 35.229050283444295 ], [ -80.842901815976845, 35.229057374306841 ], [ -80.842895613347167, 35.229064021795637 ], [ -80.842888686065336, 35.229070168605901 ], [ -80.842881093847936, 35.229075761748931 ], [ -80.842588763999942, 35.229271791856512 ], [ -80.842580034630345, 35.229277078046955 ], [ -80.842570712544585, 35.229281632205186 ], [ -80.842560888601554, 35.229285409943486 ], [ -80.842550658551602, 35.229288374441609 ], [ -80.842540122103273, 35.229290496805653 ], [ -80.842529381951564, 35.229291756349724 ], [ -80.84251854277683, 35.229292140797469 ], [ -80.842507710224609, 35.229291646401848 ], [ -80.842496989875926, 35.229290277981526 ], [ -80.842486486218135, 35.229288048874039 ], [ -80.842476301626576, 35.229284980805659 ], [ -80.842466535366754, 35.229281103679767 ], [ -80.842457282626796, 35.229276455285294 ], [ -80.842448633589697, 35.229271080928434 ], [ -80.842440672554304, 35.229265032991108 ], [ -80.842433477113786, 35.229258370420297 ], [ -80.842427117399197, 35.229251158153637 ], [ -80.842421655396109, 35.229243466486416 ], [ -80.842417144340331, 35.229235370386377 ], [ -80.842413628199154, 35.229226948763184 ], [ -80.842411141242721, 35.229218283699176 ], [ -80.842409707710132, 35.229209459649411 ], [ -80.842409341573116, 35.229200562618487 ], [ -80.842410046399948, 35.229191679322248 ], [ -80.842501866637562, 35.22853593939729 ] ] ] } },
{ "type": "Feature", "properties": { "centroid_id": 109, "tree_count": 13, "mean_dist_m": 39.107529583919572, "max_dist_m": 59.698495929396962, "center_x_m": 514325.0, "center_y_m": 3897250.0, "center_lon": -80.842597669842192, "center_lat": 35.21817837185953 }, "geometry": { "type": "Polygon", "coordinates": [ [ [ -80.843095096378519, 35.217881230975465 ], [ -80.843104348413505, 35.217876338889234 ], [ -80.843114150409932, 35.217872230917386 ], [ -80.843124404020244, 35.217868948276887 ], [ -80.843135006365699, 35.217866523903822 ], [ -80.843145851068599, 35.217864982122954 ], [ -80.843156829319568, 35.217864338403579 ], [ -80.843167830969321, 35.217864599204404 ], [ -80.843178745633793, 35.217865761908698 ], [ -80.843189463801679, 35.217867814850592 ], [ -80.843199877933174, 35.217870737432058 ], [ -80.843209883538989, 35.217874500329657 ], [ -80.843219380228675, 35.217879065788658 ], [ -80.843228272717923, 35.217884388001934 ], [ -80.843236471784564, 35.217890413569513 ], [ -80.843243895163781, 35.217897082034334 ], [ -80.843250468373469, 35.217904326488899 ], [ -80.843256125461608, 35.217912074246506 ], [ -80.843260809667953, 35.217920247570632 ], [ -80.843264473993557, 35.217928764454797 ], [ -80.843267081672337, 35.217937539445415 ], [ -80.843268606539979, 35.217946484499208 ], [ -80.843269033296437, 35.217955509866513 ], [ -80.843268357659539, 35.217964524991856 ], [ -80.843193368197916, 35.218514005878298 ], [ -80.843191647469581, 35.218522726314077 ], [ -80.843188895175558, 35.218531266724362 ], [ -80.843185137732277, 35.218539545137581 ], [ -80.843180411203704, 35.218547482096845 ], [ -80.843174760955193, 35.218555001422516 ], [ -80.843168241218095, 35.218562030943438 ], [ -80.843160914569239, 35.218568503189609 ], [ -80.842964724321646, 35.218725623020148 ], [ -80.842956673258698, 35.218731467835433 ], [ -80.842947964792273, 35.21873663911316 ], [ -80.842938682264631, 35.218741087362815 ], [ -80.842928914511944, 35.218744770013458 ], [ -80.842918755014239, 35.218747651821118 ], [ -80.842908301000634, 35.218749705206115 ], [ -80.842897652518829, 35.218750910516995 ], [ -80.842886911477777, 35.218751256218603 ], [ -80.842876180672121, 35.218750739002466 ], [ -80.84286556279865, 35.218749363818532 ], [ -80.842855159473274, 35.218747143827635 ], [ -80.842845070258676, 35.218744100275735 ], [ -80.842835391711333, 35.21874026229041 ], [ -80.842826216457482, 35.218735666602257 ], [ -80.842817632306705, 35.218730357193223 ], [ -80.84280972141147, 35.218724384875799 ], [ -80.842734911900891, 35.218662094674087 ], [ -80.842425193380251, 35.218403884677954 ], [ -80.842418173917224, 35.218397442205607 ], [ -80.842411938251828, 35.218390477864162 ], [ -80.8424065436635, 35.218383055626731 ], [ -80.842402039705661, 35.218375243672561 ], [ -80.842398467750499, 35.218367113760713 ], [ -80.842395860609045, 35.218358740570977 ], [ -80.842394242229645, 35.218350201017799 ], [ -80.842393627478117, 35.218341573543768 ], [ -80.842394022001102, 35.218332937399076 ], [ -80.842395422174292, 35.218324371913567 ], [ -80.842397815135669, 35.21831595576797 ], [ -80.8424011789037, 35.21830776627116 ], [ -80.842405482579252, 35.2182998786501 ], [ -80.842410686629464, 35.218292365358742 ], [ -80.842416743250823, 35.218285295412521 ], [ -80.842423596808388, 35.218278733754346 ], [ -80.842431184346736, 35.218272740658122 ], [ -80.84243943616832, 35.218267371175081 ], [ -80.843095096378519, 35.217881230975465 ] ] ] } },
{ "type": "Feature", "properties": { "centroid_id": 110, "tree_count": 52, "mean_dist_m": 56.796858270154118, "max_dist_m": 97.536511403742423, "center_x_m": 514325.0, "center_y_m": 3897575.0, "center_lon": -80.84259201184166, "center_lat": 35.221108922920628 }, "geometry": { "type": "Polygon", "coordinates": [ [ [ -80.842524011951681, 35.220561382806224 ], [ -80.842534734861601, 35.220560426471202 ], [ -80.842545520368745, 35.220560337445526 ], [ -80.842556264551078, 35.220561116586971 ], [ -80.84359509304727, 35.220678846389909 ], [ -80.843605619942437, 35.220680471855196 ], [ -80.843615903956774, 35.220682930697045 ], [ -80.843625847363214, 35.220686199549576 ], [ -80.843635355671395, 35.220690247349452 ], [ -80.843644338525564, 35.220695035631245 ], [ -80.843652710563191, 35.220700518892741 ], [ -80.843660392226241, 35.220706645027562 ], [ -80.843667310517077, 35.220713355820109 ], [ -80.843673399692236, 35.220720587498938 ], [ -80.84367860188712, 35.220728271342686 ], [ -80.843682867665947, 35.220736334333118 ], [ -80.843686156491415, 35.220744699849014 ], [ -80.843688437110103, 35.220753288394292 ], [ -80.843689687849349, 35.220762018353398 ], [ -80.843689896823236, 35.220770806766986 ], [ -80.843689062045584, 35.220779570120122 ], [ -80.843687191448822, 35.220788225136047 ], [ -80.843684302808626, 35.220796689567486 ], [ -80.84368042357498, 35.2208048829782 ], [ -80.843675590611397, 35.220812727507415 ], [ -80.843043261988257, 35.221725628514271 ], [ -80.843037738652598, 35.22173279559874 ], [ -80.843031419277537, 35.22173950521298 ], [ -80.843024359752718, 35.221745698015809 ], [ -80.843016622513872, 35.221751319236759 ], [ -80.843008275990684, 35.221756319160598 ], [ -80.842999394001424, 35.221760653566911 ], [ -80.842990055100245, 35.221764284121328 ], [ -80.84298034188231, 35.22176717871443 ], [ -80.842970340253416, 35.221769311745803 ], [ -80.84296013867008, 35.221770664350473 ], [ -80.842752627975074, 35.221790014462734 ], [ -80.842750807651512, 35.221790171613875 ], [ -80.842092196806206, 35.221842481346314 ], [ -80.842081644320373, 35.221842900726628 ], [ -80.842071091528027, 35.221842486572491 ], [ -80.842060635978783, 35.221841242712379 ], [ -80.84205037432335, 35.221839180644452 ], [ -80.842040401420064, 35.221836319430395 ], [ -80.842030809458038, 35.221832685519168 ], [ -80.842021687104889, 35.221828312502502 ], [ -80.842013118687234, 35.221823240804376 ], [ -80.842005183411032, 35.22181751730735 ], [ -80.841997954629491, 35.221811194919191 ], [ -80.841991499164948, 35.221804332083728 ], [ -80.841985876691211, 35.221796992240705 ], [ -80.841856116732274, 35.221608002247301 ], [ -80.841851366003951, 35.221600228693674 ], [ -80.841847549908493, 35.221592115751207 ], [ -80.841844703939941, 35.221583738880064 ], [ -80.841842854568952, 35.221575175995298 ], [ -80.841842018996587, 35.221566506742079 ], [ -80.841842204994364, 35.221557811754856 ], [ -80.841843410831927, 35.221549171907505 ], [ -80.841845625293232, 35.221540667560902 ], [ -80.841848827780851, 35.221532377815656 ], [ -80.842250658788998, 35.220643497810862 ], [ -80.842254806056303, 35.220635522385734 ], [ -80.842259867673278, 35.220627910733434 ], [ -80.84226579683228, 35.22062073324291 ], [ -80.842272538703014, 35.220614056288177 ], [ -80.842280030939691, 35.22060794161456 ], [ -80.842288204257557, 35.220602445767589 ], [ -80.842296983073581, 35.220597619570228 ], [ -80.8423062862054, 35.220593507652822 ], [ -80.842316027622104, 35.22059014804038 ], [ -80.842326117239779, 35.220587571800969 ], [ -80.842336461754513, 35.2205858027584 ], [ -80.842524011951681, 35.220561382806224 ] ] ] } },
{ "type": "Feature", "properties": { "centroid_id": 111, "tree_count": 84, "mean_dist_m": 47.313617585066822, "max_dist_m": 102.6127523577558, "center_x_m": 514350.0, "center_y_m": 3897775.0, "center_lon": -80.842313815906763, "center_lat": 35.222911980736711 }, "geometry": { "type": "Polygon", "coordinates": [ [ [ -80.841760317423763, 35.222511107511501 ], [ -80.841766902505483, 35.222504251362231 ], [ -80.841774264654703, 35.222497949869606 ], [ -80.841782334869137, 35.222492262094732 ], [ -80.841791037510106, 35.222487241346606 ], [ -80.841800291011538, 35.222482934682432 ], [ -80.841810008644416, 35.222479382466652 ], [ -80.841820099329738, 35.222476617992584 ], [ -80.841830468491992, 35.222474667170417 ], [ -80.841841018945715, 35.222473548284306 ], [ -80.841851651806252, 35.222473271821073 ], [ -80.84274234102898, 35.222485512212415 ], [ -80.842753707247624, 35.222486153099069 ], [ -80.842764931507688, 35.222487756278703 ], [ -80.842775893150957, 35.222490304517464 ], [ -80.842786474342233, 35.22249377042241 ], [ -80.842796561336101, 35.222498116735842 ], [ -80.842806045699561, 35.222503296735887 ], [ -80.842814825477717, 35.222509254738689 ], [ -80.842970395607921, 35.222626484511885 ], [ -80.842977644440381, 35.222632484216817 ], [ -80.842984177157959, 35.222639014306431 ], [ -80.842989936410746, 35.222646017454068 ], [ -80.842994871638936, 35.222653432180145 ], [ -80.842998939516633, 35.222661193391879 ], [ -80.843002104332314, 35.222669232954722 ], [ -80.843004338302208, 35.222677480290486 ], [ -80.843193429374097, 35.223571459985436 ], [ -80.843194730856098, 35.223580033296322 ], [ -80.843195026470454, 35.223588669463375 ], [ -80.843194313503034, 35.223597289204854 ], [ -80.843192598498689, 35.223605813389774 ], [ -80.843189897201228, 35.223614163764374 ], [ -80.843186234408819, 35.223622263670471 ], [ -80.843181643746391, 35.223630038749228 ], [ -80.843176167356916, 35.223637417623749 ], [ -80.843169855514645, 35.223644332554365 ], [ -80.843162766163474, 35.223650720060512 ], [ -80.843154964384993, 35.223656521503493 ], [ -80.84314652180116, 35.223661683624726 ], [ -80.843137515916666, 35.223666159034821 ], [ -80.842925626047361, 35.223760379934284 ], [ -80.842915580314866, 35.223764320451522 ], [ -80.842905100193178, 35.22376740654002 ], [ -80.84289429328372, 35.223769606514303 ], [ -80.842883270543169, 35.223770897786814 ], [ -80.842872145144128, 35.223771267099792 ], [ -80.842861031313319, 35.223770710661427 ], [ -80.842850043158649, 35.2237692341848 ], [ -80.842839293497619, 35.223766852829158 ], [ -80.842828892699117, 35.223763591044381 ], [ -80.842818947550143, 35.223759482319849 ], [ -80.842809560159381, 35.223754568840612 ], [ -80.842800826908885, 35.223748901054321 ], [ -80.842792837464458, 35.223742537153221 ], [ -80.841807967514868, 35.22287428556421 ], [ -80.841807285492848, 35.222873678745088 ], [ -80.841663915040229, 35.222744939206635 ], [ -80.841657110341558, 35.22273819921466 ], [ -80.841651134023294, 35.222730949607481 ], [ -80.841646042393293, 35.222723258689967 ], [ -80.841641883424032, 35.22271519892498 ], [ -80.84163869630045, 35.222706846250539 ], [ -80.841636511050893, 35.222698279364415 ], [ -80.841635348264177, 35.222689578982624 ], [ -80.841635218895576, 35.222680827078939 ], [ -80.841636124163671, 35.222672106112547 ], [ -80.841638055538795, 35.222663498251123 ], [ -80.841640994823535, 35.222655084596632 ], [ -80.841644914324064, 35.22264694442125 ], [ -80.841649777111186, 35.222639154420449 ], [ -80.841655537368226, 35.222631787990359 ], [ -80.841760317423763, 35.222511107511501 ] ] ] } },
{ "type": "Feature", "properties": { "centroid_id": 112, "tree_count": 39, "mean_dist_m": 40.551508129999696, "max_dist_m": 87.114834244253672, "center_x_m": 514375.0, "center_y_m": 3897475.0, "center_lon": -80.842044343722847, "center_lat": 35.220206499472042 }, "geometry": { "type": "Polygon", "coordinates": [ [ [ -80.842575109613051, 35.219544648611155 ], [ -80.842585691761826, 35.219542366759796 ], [ -80.842596497985994, 35.219540959849965 ], [ -80.842607421140755, 35.219540441831327 ], [ -80.842618352921974, 35.219540817840063 ], [ -80.84262918493998, 35.219542084148038 ], [ -80.842639809794235, 35.219544228199652 ], [ -80.842650122138224, 35.219547228736452 ], [ -80.842660019724008, 35.219551056007795 ], [ -80.842669404415972, 35.219555672065916 ], [ -80.842678183163812, 35.219561031142121 ], [ -80.84268626892522, 35.219567080100596 ], [ -80.84269358152882, 35.219573758965296 ], [ -80.842700048469197, 35.219581001514527 ], [ -80.842705605625653, 35.219588735937613 ], [ -80.8427101978981, 35.219596885546871 ], [ -80.842713779753311, 35.219605369537987 ], [ -80.842716315676441, 35.219614103791145 ], [ -80.842717780523174, 35.219623001705166 ], [ -80.842718159769007, 35.219631975056103 ], [ -80.842717449653307, 35.219640934872025 ], [ -80.842588310941395, 35.220560344736441 ], [ -80.842586621844518, 35.220568808311199 ], [ -80.842583960538661, 35.220577101919169 ], [ -80.842580351098462, 35.220585150534006 ], [ -80.842575826175661, 35.220592881345702 ], [ -80.84257042670373, 35.220600224419087 ], [ -80.842564201527637, 35.220607113326651 ], [ -80.842557206961914, 35.220613485749304 ], [ -80.842549506281287, 35.220619284040254 ], [ -80.842541169148234, 35.220624455746481 ], [ -80.842532270982829, 35.220628954083161 ], [ -80.842522892280442, 35.220632738357047 ], [ -80.842513117883541, 35.220635774334426 ], [ -80.842503036214225, 35.220638034550973 ], [ -80.842492738474306, 35.220639498560047 ], [ -80.841368336477601, 35.220754469305163 ], [ -80.841357000492295, 35.220755142280424 ], [ -80.841345640434795, 35.220754850754581 ], [ -80.841334377842202, 35.220753597846603 ], [ -80.841323333208862, 35.220751396960857 ], [ -80.841312624697238, 35.220748271643835 ], [ -80.841302366873748, 35.220744255332121 ], [ -80.841292669482954, 35.220739390994801 ], [ -80.841139419547204, 35.220653280205198 ], [ -80.841130640362948, 35.220647796285263 ], [ -80.841122575599428, 35.220641617540906 ], [ -80.841115306566294, 35.220634806266908 ], [ -80.841108906550517, 35.220627431135213 ], [ -80.841103440077461, 35.220619566502698 ], [ -80.841098962260375, 35.220611291661378 ], [ -80.841095518244757, 35.220602690039001 ], [ -80.841093142753166, 35.220593848357957 ], [ -80.841091859735172, 35.220584855760841 ], [ -80.841091682125921, 35.220575802911846 ], [ -80.841092611715695, 35.220566781082546 ], [ -80.841094639131938, 35.220557881231777 ], [ -80.84109774393373, 35.220549193088523 ], [ -80.841101894817896, 35.2205408042473 ], [ -80.841107049934607, 35.220532799284982 ], [ -80.841566460954795, 35.219898679736062 ], [ -80.841572888367836, 35.219890785962349 ], [ -80.841580291530363, 35.219883490498752 ], [ -80.84158858837668, 35.219876874216894 ], [ -80.841736977743281, 35.219770414537741 ], [ -80.841745858842316, 35.219764676620969 ], [ -80.841755411270029, 35.219759717774082 ], [ -80.841765533944226, 35.219755590470676 ], [ -80.841776119748545, 35.219752338385149 ], [ -80.842575109613051, 35.219544648611155 ] ] ] } },
{ "type": "Feature", "properties": { "centroid_id": 113, "tree_count": 108, "mean_dist_m": 51.571204713990497, "max_dist_m": 119.82092210443803, "center_x_m": 514375.0, "center_y_m": 3898150.0, "center_lon": -80.842032549379837, "center_lat": 35.226293024802906 }, "geometry": { "type": "Polygon", "coordinates": [ [ [ -80.841091084440919, 35.225433723086866 ], [ -80.841094549566108, 35.225425231136114 ], [ -80.841099024139098, 35.225417063104935 ], [ -80.84110446402471, 35.225409299558528 ], [ -80.841110815566523, 35.225402017072497 ], [ -80.841118016115985, 35.225395287477454 ], [ -80.841125994650497, 35.225389177150582 ], [ -80.841134672473842, 35.225383746360912 ], [ -80.841143963992451, 35.225379048674888 ], [ -80.841153777559626, 35.225375130427956 ], [ -80.841164016379537, 35.225372030267636 ], [ -80.841174579461892, 35.22536977877224 ], [ -80.841185362618091, 35.225368398149328 ], [ -80.841196259488896, 35.225367902016593 ], [ -80.841207162593406, 35.225368295267657 ], [ -80.841217964389273, 35.225369574023681 ], [ -80.841228558333356, 35.225371725671693 ], [ -80.842524057356741, 35.225691625446423 ], [ -80.842534152969876, 35.225694565758943 ], [ -80.842543851705543, 35.225698298718875 ], [ -80.842553061391769, 35.225702788850036 ], [ -80.842561694504241, 35.225707993480491 ], [ -80.842569668998038, 35.22571386314803 ], [ -80.842576909087427, 35.225720342070254 ], [ -80.84258334596602, 35.225727368674718 ], [ -80.842588918460649, 35.225734876184028 ], [ -80.842593573612845, 35.225742793250511 ], [ -80.842597267182043, 35.225751044634244 ], [ -80.842599964066082, 35.225759551918081 ], [ -80.842601638634719, 35.225768234252911 ], [ -80.842602274973373, 35.225777009125991 ], [ -80.842613005449451, 35.226601938914683 ], [ -80.842612730932572, 35.226609343047059 ], [ -80.842611716695089, 35.226616703706256 ], [ -80.842609969581588, 35.226623971217599 ], [ -80.842557670632644, 35.226802541157817 ], [ -80.842554673041533, 35.226810953297857 ], [ -80.842550694334307, 35.226819086910766 ], [ -80.842545772098873, 35.226826865155573 ], [ -80.842539952837001, 35.226834214548553 ], [ -80.842533291525029, 35.226841065657482 ], [ -80.842525851094436, 35.226847353757556 ], [ -80.842517701837409, 35.22685301944292 ], [ -80.842508920742674, 35.226858009187865 ], [ -80.842499590768213, 35.226862275852518 ], [ -80.842489800057521, 35.226865779128197 ], [ -80.842479641106834, 35.226868485918224 ], [ -80.842469209891362, 35.226870370650595 ], [ -80.84245860495848, 35.226871415519554 ], [ -80.84244792649676, 35.226871610653888 ], [ -80.842437275389457, 35.226870954210064 ], [ -80.842426752261375, 35.226869452389742 ], [ -80.842416456528227, 35.226867119381161 ], [ -80.842406485457445, 35.226863977225086 ], [ -80.841488344650301, 35.226531777179297 ], [ -80.841479168460268, 35.226528028270494 ], [ -80.841470457907576, 35.226523594074962 ], [ -80.841462288785408, 35.226518513176032 ], [ -80.841454732175762, 35.226512829784191 ], [ -80.841447853830942, 35.22650659335244 ], [ -80.841441713601398, 35.2264998581459 ], [ -80.841436364914969, 35.226492682769695 ], [ -80.841431854311992, 35.22648512965894 ], [ -80.841022304499489, 35.225709749248907 ], [ -80.841018529962668, 35.225701526456682 ], [ -80.841015748686573, 35.225693041251105 ], [ -80.841013987080956, 35.225684374204917 ], [ -80.84101326187313, 35.225675607617596 ], [ -80.841013579949106, 35.225666824733757 ], [ -80.841014938288197, 35.225658108952743 ], [ -80.841017323991736, 35.22564954303671 ], [ -80.841091084440919, 35.225433723086866 ] ] ] } },
{ "type": "Feature", "properties": { "centroid_id": 114, "tree_count": 55, "mean_dist_m": 39.630933802855118, "max_dist_m": 78.475200268383801, "center_x_m": 514375.0, "center_y_m": 3898350.0, "center_lon": -80.842029054080598, "center_lat": 35.228096438537484 }, "geometry": { "type": "Polygon", "coordinates": [ [ [ -80.841375463328831, 35.227538061708159 ], [ -80.84137715157668, 35.227529220422682 ], [ -80.841379899569262, 35.227520559994808 ], [ -80.841383680238792, 35.227512165728868 ], [ -80.841388456345797, 35.227504120307472 ], [ -80.841394180845825, 35.227496502977147 ], [ -80.841400797353003, 35.227489388767708 ], [ -80.841408240695216, 35.227482847753301 ], [ -80.841416437556276, 35.227476944362159 ], [ -80.841425307197909, 35.227471736741968 ], [ -80.841434762255147, 35.227467276187127 ], [ -80.841444709596757, 35.227463606633563 ], [ -80.841455051242605, 35.227460764225945 ], [ -80.841465685328771, 35.227458776961591 ], [ -80.841476507110855, 35.227457664414821 ], [ -80.841487409995679, 35.227457437544075 ], [ -80.842431169268366, 35.2274762474959 ], [ -80.842442016441325, 35.227476905454793 ], [ -80.842452731214195, 35.227478440062256 ], [ -80.842463208620316, 35.227480836284613 ], [ -80.842473346018409, 35.227484070647421 ], [ -80.842483044098017, 35.227488111465426 ], [ -80.842492207852388, 35.227492919152994 ], [ -80.842652657954815, 35.227586588756616 ], [ -80.842661118976864, 35.227592059948208 ], [ -80.842668886496853, 35.227598184609107 ], [ -80.842675885871742, 35.227604903883673 ], [ -80.842682049839965, 35.227612153202216 ], [ -80.842687319167865, 35.227619862901513 ], [ -80.842691643218913, 35.227627958894203 ], [ -80.842694980440299, 35.227636363380817 ], [ -80.842697298762232, 35.227644995597295 ], [ -80.842698575906169, 35.227653772591204 ], [ -80.84269879959885, 35.22766261001879 ], [ -80.84269796769037, 35.227671422955545 ], [ -80.842581299159747, 35.228425132971296 ], [ -80.842579463150145, 35.22843367956964 ], [ -80.842576634339295, 35.228442041761646 ], [ -80.842572838929684, 35.228450142089741 ], [ -80.842568112077288, 35.228457905521914 ], [ -80.842562497565936, 35.228465260146741 ], [ -80.8425560474017, 35.22847213783951 ], [ -80.842548821331263, 35.228478474893237 ], [ -80.84254088628839, 35.228484212608741 ], [ -80.842532315774093, 35.228489297838465 ], [ -80.842523189175594, 35.228493683478703 ], [ -80.842513591031164, 35.228497328905895 ], [ -80.842503610246922, 35.228500200353025 ], [ -80.842493339273403, 35.228502271222261 ], [ -80.842482873249111, 35.228503522331465 ], [ -80.842472309119287, 35.228503942091784 ], [ -80.841516947490518, 35.228504132012084 ], [ -80.841506207603132, 35.228503702461246 ], [ -80.84149557028887, 35.228502413735946 ], [ -80.841485137388617, 35.228500278174351 ], [ -80.841475008786219, 35.22849731622221 ], [ -80.841465281452173, 35.228493556237012 ], [ -80.841456048515198, 35.228489034216587 ], [ -80.84144739837069, 35.228483793454465 ], [ -80.841439413834351, 35.228477884125269 ], [ -80.841432171349368, 35.22847136280447 ], [ -80.841304331352887, 35.228344283408077 ], [ -80.841297802587448, 35.228337093160057 ], [ -80.841292176397033, 35.228329406418489 ], [ -80.841287508413771, 35.22832129919076 ], [ -80.841283844794916, 35.228312851642031 ], [ -80.841281221766423, 35.228304147302573 ], [ -80.841279665264736, 35.228295272241816 ], [ -80.841279190680325, 35.228286314217264 ], [ -80.8412798027056, 35.22827736180674 ], [ -80.841375463328831, 35.227538061708159 ] ] ] } },
{ "type": "Feature", "properties": { "centroid_id": 115, "tree_count": 17, "mean_dist_m": 43.367786627936951, "max_dist_m": 92.463370024060893, "center_x_m": 514375.0, "center_y_m": 3898525.0, "center_lon": -80.842025995439059, "center_lat": 35.229674425113373 }, "geometry": { "type": "Polygon", "coordinates": [ [ [ -80.842391160794222, 35.229190873510035 ], [ -80.842401672472846, 35.229190708078121 ], [ -80.842412155312502, 35.229191367623621 ], [ -80.842422513365918, 35.229192846109825 ], [ -80.842432651827878, 35.229195130004477 ], [ -80.842442477903049, 35.229198198403544 ], [ -80.842451901655281, 35.229202023222541 ], [ -80.842460836830782, 35.229206569453702 ], [ -80.842469201647589, 35.229211795486265 ], [ -80.842476919544026, 35.229217653487368 ], [ -80.842483919879541, 35.229224089839846 ], [ -80.842490138581198, 35.229231045633 ], [ -80.842495518730246, 35.229238457201781 ], [ -80.842500011082919, 35.229246256709487 ], [ -80.842503574521274, 35.229254372768644 ], [ -80.842506176429538, 35.229262731094458 ], [ -80.842507792992606, 35.229271255184635 ], [ -80.842652594268898, 35.230382445148969 ], [ -80.84265321501897, 35.230391472053604 ], [ -80.842652730929913, 35.230400504586946 ], [ -80.842651146868235, 35.230409451938435 ], [ -80.842648478759315, 35.230418224153858 ], [ -80.842644753427223, 35.230426733039764 ], [ -80.842640008325162, 35.230434893050102 ], [ -80.842634291158788, 35.23044262214632 ], [ -80.842627659406702, 35.2304498426221 ], [ -80.842620179742639, 35.230456481884694 ], [ -80.842611927364956, 35.230462473184645 ], [ -80.842602985240816, 35.23046775628697 ], [ -80.842593443271923, 35.230472278076704 ], [ -80.842583397390754, 35.230475993092938 ], [ -80.842572948595986, 35.230478863985788 ], [ -80.842562201937199, 35.230480861892055 ], [ -80.842551265458582, 35.230481966725257 ], [ -80.842540249112787, 35.230482167377694 ], [ -80.842529263655422, 35.230481461832049 ], [ -80.842518419531558, 35.230479857181706 ], [ -80.842507825765296, 35.230477369559431 ], [ -80.842497588863722, 35.230474023975155 ], [ -80.842487811746011, 35.230469854064545 ], [ -80.841595241468127, 35.23004122354331 ], [ -80.841586439945729, 35.230036519561764 ], [ -80.8415782259693, 35.230031147584576 ], [ -80.841570674580765, 35.230025156689585 ], [ -80.841563854768651, 35.230018601608982 ], [ -80.841557828837892, 35.230011542229299 ], [ -80.84155265184053, 35.230004043044275 ], [ -80.84154837107279, 35.229996172565635 ], [ -80.841545025643043, 35.229988002697183 ], [ -80.841542646114448, 35.229979608077912 ], [ -80.841515275759136, 35.229856688620281 ], [ -80.841513993775195, 35.229849138327786 ], [ -80.841453625090608, 35.229335517550517 ], [ -80.841453118398221, 35.229326514291557 ], [ -80.841453709611017, 35.229317514502831 ], [ -80.841455392821999, 35.229308608097952 ], [ -80.841458151214511, 35.22929988405749 ], [ -80.841461957230109, 35.229291429540055 ], [ -80.841466772844072, 35.229283329011572 ], [ -80.841472549945081, 35.229275663401324 ], [ -80.841479230816091, 35.229268509293497 ], [ -80.841486748710878, 35.229261938162018 ], [ -80.841495028520868, 35.229256015656532 ], [ -80.841503987525556, 35.229250800946453 ], [ -80.841513536218955, 35.229246346129912 ], [ -80.841523579203709, 35.229242695713225 ], [ -80.841534016144294, 35.229239886166276 ], [ -80.841544742769358, 35.229237945558104 ], [ -80.84155565191341, 35.229236893276607 ], [ -80.842391160794222, 35.229190873510035 ] ] ] } },
{ "type": "Feature", "properties": { "centroid_id": 116, "tree_count": 70, "mean_dist_m": 44.22874907211753, "max_dist_m": 86.763166641995539, "center_x_m": 514450.0, "center_y_m": 3897700.0, "center_lon": -80.841216278501307, "center_lat": 35.222234263803337 }, "geometry": { "type": "Polygon", "coordinates": [ [ [ -80.841812270929111, 35.221554696396396 ], [ -80.841822588325314, 35.221552972238008 ], [ -80.84183305945291, 35.221552066327959 ], [ -80.841843588170065, 35.221551986983997 ], [ -80.841854077806175, 35.221552734934612 ], [ -80.841864432049462, 35.221554303312416 ], [ -80.841874555831254, 35.221556677717167 ], [ -80.841884356198904, 35.221559836348021 ], [ -80.841893743169123, 35.2215637502036 ], [ -80.841902630554316, 35.221568383348412 ], [ -80.84191093675382, 35.221573693242718 ], [ -80.841918585503151, 35.221579631133046 ], [ -80.841925506574242, 35.221586142499966 ], [ -80.84193163642027, 35.221593167558531 ], [ -80.841936918759032, 35.221600641807321 ], [ -80.841941305089833, 35.22160849662054 ], [ -80.841944755138755, 35.221616659878208 ], [ -80.84194723722841, 35.221625056628284 ], [ -80.84194872856888, 35.221633609774855 ], [ -80.841949215466869, 35.221642240786046 ], [ -80.84194869345157, 35.221650870414969 ], [ -80.841849253834653, 35.222484900432782 ], [ -80.841847676140802, 35.222493663993717 ], [ -80.841845058133785, 35.22250225822642 ], [ -80.841841425081597, 35.222510600181657 ], [ -80.841770815892346, 35.222650610517242 ], [ -80.841766169553551, 35.222658670774258 ], [ -80.841760575820345, 35.222666315061431 ], [ -80.84175408938944, 35.222673468630994 ], [ -80.841746773686594, 35.22268006153346 ], [ -80.841738700246495, 35.222686029301755 ], [ -80.841729948013167, 35.22269131358145 ], [ -80.841720602568159, 35.222695862701464 ], [ -80.841710755293633, 35.222699632179292 ], [ -80.841700502478844, 35.222702585155979 ], [ -80.841689944378501, 35.222704692756515 ], [ -80.841679184232561, 35.222705934372215 ], [ -80.841668327256642, 35.222706297862224 ], [ -80.840826965636225, 35.2227002981219 ], [ -80.840816313134752, 35.222699797011465 ], [ -80.840805770079712, 35.222698450468997 ], [ -80.840795435878036, 35.222696271190614 ], [ -80.840785407967402, 35.222693279723991 ], [ -80.840775780897559, 35.222689504274634 ], [ -80.840766645438819, 35.22268498044 ], [ -80.840758087726243, 35.222679750873795 ], [ -80.840750188447444, 35.222673864883781 ], [ -80.840597898751241, 35.222548794191361 ], [ -80.840590343625593, 35.222541916795691 ], [ -80.840583687812284, 35.222534439877613 ], [ -80.840578001493029, 35.222526442277179 ], [ -80.840573344626691, 35.222518008324741 ], [ -80.840569766317032, 35.222509226951729 ], [ -80.840567304295021, 35.222500190752889 ], [ -80.840565984520936, 35.222490995009935 ], [ -80.840565820910669, 35.222481736686859 ], [ -80.840566815189007, 35.222472513407489 ], [ -80.840673415624266, 35.221849953514713 ], [ -80.840675447494945, 35.221841230300548 ], [ -80.840678515241237, 35.221832713419069 ], [ -80.84068258910348, 35.221824485490082 ], [ -80.840687629562012, 35.221816626330366 ], [ -80.840693587720537, 35.221809212179366 ], [ -80.840700405780481, 35.221802314959582 ], [ -80.840708017601614, 35.221796001578909 ], [ -80.840716349343779, 35.221790333281589 ], [ -80.840725320183097, 35.22178536505406 ], [ -80.840734843096058, 35.221781145091605 ], [ -80.84074482570368, 35.221777714330798 ], [ -80.840755171167686, 35.221775106052405 ], [ -80.841812270929111, 35.221554696396396 ] ] ] } },
{ "type": "Feature", "properties": { "centroid_id": 117, "tree_count": 37, "mean_dist_m": 47.9888253913253, "max_dist_m": 122.31868617734187, "center_x_m": 514450.0, "center_y_m": 3897875.0, "center_lon": -80.841213204789341, "center_lat": 35.223812251848344 }, "geometry": { "type": "Polygon", "coordinates": [ [ [ -80.840670091888228, 35.223361272203874 ], [ -80.840670724392751, 35.223352585342447 ], [ -80.840672374430611, 35.223343988968523 ], [ -80.840675026632823, 35.223335563149547 ], [ -80.840678656296276, 35.223327386364403 ], [ -80.840683229613646, 35.223319534772401 ], [ -80.840688703988377, 35.223312081503998 ], [ -80.840695028431426, 35.223305095979576 ], [ -80.8407021440362, 35.223298643262886 ], [ -80.84070998452718, 35.223292783455079 ], [ -80.840718476877285, 35.223287571134868 ], [ -80.840727541987945, 35.223283054850206 ], [ -80.840737095425993, 35.223279276666119 ], [ -80.840747048209892, 35.223276271772896 ], [ -80.840757307638668, 35.223274068158346 ], [ -80.840767778155211, 35.223272686347094 ], [ -80.840778362236378, 35.223272139209413 ], [ -80.840788961301271, 35.223272431841401 ], [ -80.840799476629456, 35.223273561517466 ], [ -80.840809810280362, 35.223275517715713 ], [ -80.840819866005646, 35.223278282215965 ], [ -80.840829550145486, 35.223281829269482 ], [ -80.840838772501016, 35.22328612583874 ], [ -80.840847447174454, 35.223291131905164 ], [ -80.840855493369105, 35.223296800841837 ], [ -80.841005616829349, 35.223413355931775 ], [ -80.841009921715482, 35.223416888746968 ], [ -80.841100983262251, 35.223495878602492 ], [ -80.841101987354747, 35.223496761350255 ], [ -80.841729672537284, 35.22405604630525 ], [ -80.841735727676067, 35.224061926668981 ], [ -80.841741149484065, 35.224068209425923 ], [ -80.841745898440664, 35.224074848780027 ], [ -80.842118729601822, 35.224651108798824 ], [ -80.842123305037475, 35.224659103113019 ], [ -80.842126905424536, 35.224667426380385 ], [ -80.842129496221318, 35.22467599874922 ], [ -80.842131052571929, 35.224684737977981 ], [ -80.84213155954474, 35.224693560224296 ], [ -80.842131012275615, 35.224702380849273 ], [ -80.8421294160146, 35.224711115229589 ], [ -80.842126786075568, 35.224719679569262 ], [ -80.84212314768935, 35.224727991703695 ], [ -80.842118535761642, 35.224735971887796 ], [ -80.842112994538127, 35.224743543561161 ], [ -80.842106577180076, 35.224750634082547 ], [ -80.842099345254212, 35.224757175426745 ], [ -80.842091368142206, 35.224763104837272 ], [ -80.842082722374897, 35.22476836542841 ], [ -80.842073490898159, 35.224772906730934 ], [ -80.842063762277121, 35.224776685176387 ], [ -80.842053629846475, 35.224779664515005 ], [ -80.842043190814991, 35.224781816163507 ], [ -80.842032545332984, 35.224783119479355 ], [ -80.842021795531423, 35.224783561958745 ], [ -80.84201104454209, 35.224783139356603 ], [ -80.842000395508194, 35.224781855727308 ], [ -80.841989950594808, 35.224779723385794 ], [ -80.841979810008624, 35.224776762789368 ], [ -80.841970071036698, 35.224773002341507 ], [ -80.8407174689915, 35.224226321387576 ], [ -80.840708096167447, 35.224221726557218 ], [ -80.84069932527305, 35.224216391184065 ], [ -80.840691242893044, 35.22421036793807 ], [ -80.840683928815253, 35.224203716279774 ], [ -80.840677455242854, 35.224196501873273 ], [ -80.84067188608168, 35.224188795938005 ], [ -80.840667276309318, 35.224180674545664 ], [ -80.84066367143231, 35.224172217869267 ], [ -80.840661107037121, 35.224163509391687 ], [ -80.840659608438628, 35.224154635081426 ], [ -80.840659190430415, 35.224145682544126 ], [ -80.840670091888228, 35.223361272203874 ] ] ] } },
{ "type": "Feature", "properties": { "centroid_id": 118, "tree_count": 133, "mean_dist_m": 46.138705963149278, "max_dist_m": 117.29652672436306, "center_x_m": 514475.0, "center_y_m": 3898225.0, "center_lon": -80.84093232931491, "center_lat": 35.226967866015798 }, "geometry": { "type": "Polygon", "coordinates": [ [ [ -80.839890242712443, 35.22625928819037 ], [ -80.83988842583355, 35.226250633811375 ], [ -80.839887643537807, 35.226241875452693 ], [ -80.839887903245014, 35.226233096187897 ], [ -80.83988920249152, 35.226224379288865 ], [ -80.83989152895353, 35.226215807435892 ], [ -80.839894860564129, 35.226207461933456 ], [ -80.839899165722514, 35.226199421939114 ], [ -80.839904403593749, 35.226191763712592 ], [ -80.839910524496133, 35.226184559892538 ], [ -80.839917470372427, 35.226177878807498 ], [ -80.839925175340468, 35.226171783827837 ], [ -80.839933566318237, 35.226166332764706 ], [ -80.839942563716804, 35.226161577321619 ], [ -80.839952082195452, 35.226157562604143 ], [ -80.839962031471018, 35.226154326692011 ], [ -80.839972317174244, 35.226151900277955 ], [ -80.83998284174487, 35.226150306376574 ], [ -80.839993505357015, 35.226149560106101 ], [ -80.840004206865999, 35.226149668544934 ], [ -80.840014844767651, 35.226150630664506 ], [ -80.840025318161167, 35.226152437339096 ], [ -80.840035527706064, 35.226155071432345 ], [ -80.840045376564433, 35.226158507959795 ], [ -80.841415085840751, 35.22670249742378 ], [ -80.841424231918097, 35.226706579387468 ], [ -80.841432866158485, 35.226711353264349 ], [ -80.841440911058129, 35.226716776202608 ], [ -80.841448294403278, 35.22672279952419 ], [ -80.841454949918514, 35.226729369161816 ], [ -80.841460817861574, 35.226736426144278 ], [ -80.841465845559668, 35.226743907125794 ], [ -80.841469987882292, 35.226751744954612 ], [ -80.841473207646317, 35.226759869275774 ], [ -80.841475475949778, 35.226768207162635 ], [ -80.841476772431321, 35.226776683771526 ], [ -80.841545274027766, 35.227500884024103 ], [ -80.841545579101307, 35.227509763228511 ], [ -80.841544817995953, 35.227518623979577 ], [ -80.841542998097239, 35.22752738029051 ], [ -80.841540137065621, 35.227535947187945 ], [ -80.841536262664903, 35.227544241536613 ], [ -80.841531412492927, 35.227552182846097 ], [ -80.841525633616698, 35.227559694051941 ], [ -80.84151898211563, 35.227566702263509 ], [ -80.841511522537431, 35.227573139471332 ], [ -80.841503327271539, 35.227578943207064 ], [ -80.841494475846829, 35.227584057149748 ], [ -80.841485054159719, 35.227588431672373 ], [ -80.841475153640673, 35.227592024323386 ], [ -80.841328543378722, 35.227638283956949 ], [ -80.841318368255173, 35.227641035386725 ], [ -80.841307914969875, 35.227642960751602 ], [ -80.841297282874919, 35.227644041752157 ], [ -80.841286573021947, 35.227644268114155 ], [ -80.841275887201618, 35.227643637686143 ], [ -80.841265326976185, 35.227642156459957 ], [ -80.84043818519504, 35.227491757027657 ], [ -80.840426415688142, 35.227489045468211 ], [ -80.840415086047798, 35.227485278038451 ], [ -80.840287685863188, 35.227435977222839 ], [ -80.840278199914195, 35.22743182947783 ], [ -80.840269253179528, 35.227426941152785 ], [ -80.840260931254349, 35.227421359015324 ], [ -80.840253313756094, 35.227415136470903 ], [ -80.840246473562758, 35.227408333051876 ], [ -80.840240476115667, 35.227401013847924 ], [ -80.840235378793338, 35.227393248883324 ], [ -80.840231230362591, 35.227385112447024 ], [ -80.840228070511998, 35.227376682381895 ], [ -80.8399542814348, 35.22649485270378 ], [ -80.839953512057747, 35.226492208664183 ], [ -80.839890242712443, 35.22625928819037 ] ] ] } },
{ "type": "Feature", "properties": { "centroid_id": 119, "tree_count": 45, "mean_dist_m": 39.40910535000797, "max_dist_m": 69.085265775632394, "center_x_m": 514475.0, "center_y_m": 3898425.0, "center_lon": -80.84092880958363, "center_lat": 35.228771279452836 }, "geometry": { "type": "Polygon", "coordinates": [ [ [ -80.840192087254053, 35.22843131585293 ], [ -80.840191349703986, 35.228422540158462 ], [ -80.840191657775776, 35.228413747254386 ], [ -80.840193008537227, 35.228405020821221 ], [ -80.840195389133058, 35.228396443906796 ], [ -80.840198776907258, 35.228388098136008 ], [ -80.840203139618723, 35.228380062933951 ], [ -80.84020843574811, 35.228372414770099 ], [ -80.840214614892929, 35.228365226430547 ], [ -80.840221618247242, 35.228358566325262 ], [ -80.840229379161372, 35.228352497837164 ], [ -80.840237823776093, 35.228347078718777 ], [ -80.84024687172564, 35.22834236054279 ], [ -80.840256436902436, 35.228338388211071 ], [ -80.840266428276621, 35.228335199527493 ], [ -80.840276750762357, 35.228332824838091 ], [ -80.840287306122676, 35.228331286742275 ], [ -80.840297993904457, 35.228330599877793 ], [ -80.840308712394332, 35.228330770781376 ], [ -80.841151301681137, 35.22837801081652 ], [ -80.841166296868934, 35.228379708916101 ], [ -80.841402767309361, 35.228420269078519 ], [ -80.841412843319873, 35.228422410536908 ], [ -80.84142262722176, 35.228425324584855 ], [ -80.841432031244551, 35.228428985080697 ], [ -80.841440971025619, 35.228433359186496 ], [ -80.841449366366916, 35.228438407662544 ], [ -80.84145714195455, 35.228444085219451 ], [ -80.841464228034283, 35.228450340924354 ], [ -80.841470561037355, 35.228457118657907 ], [ -80.84147608415077, 35.228464357617632 ], [ -80.841480747826893, 35.228471992863447 ], [ -80.841484510228085, 35.228479955900184 ], [ -80.841487337601819, 35.228488175292092 ], [ -80.841489204583681, 35.228496577303623 ], [ -80.841490094424813, 35.228505086560958 ], [ -80.8415226153774, 35.229202906603767 ], [ -80.841522502980681, 35.229211689164899 ], [ -80.841521349774794, 35.229220421090659 ], [ -80.841519166700635, 35.229229019535559 ], [ -80.841515974470184, 35.229237402920525 ], [ -80.841511803369869, 35.229245491706813 ], [ -80.841506692973454, 35.229253209150762 ], [ -80.841500691766385, 35.229260482031854 ], [ -80.841493856685901, 35.229267241347387 ], [ -80.841486252580793, 35.229273422967218 ], [ -80.84147795159619, 35.229278968242141 ], [ -80.841469032488959, 35.229283824560405 ], [ -80.841459579880649, 35.229287945846821 ], [ -80.841449683454471, 35.229291292999974 ], [ -80.841439437104526, 35.229293834263103 ], [ -80.841428938044857, 35.229295545525574 ], [ -80.841418285887201, 35.229296410551427 ], [ -80.841407581695861, 35.22929642113359 ], [ -80.840435050078625, 35.229258470979353 ], [ -80.840424491021409, 35.229257638348066 ], [ -80.840414078992666, 35.229255974267431 ], [ -80.840403911005524, 35.229253494242379 ], [ -80.840394081799232, 35.229250221380298 ], [ -80.840384682956454, 35.229246186175793 ], [ -80.840375802049934, 35.229241426226459 ], [ -80.840367521826551, 35.229235985882696 ], [ -80.840359919436338, 35.229229915834352 ], [ -80.840353065713671, 35.229223272638514 ], [ -80.840347024517214, 35.229216118192447 ], [ -80.840341852134941, 35.229208519156977 ], [ -80.840337596759738, 35.229200546335278 ], [ -80.84033429804029, 35.229192274013251 ], [ -80.840279248401714, 35.229027743693628 ], [ -80.840277363343759, 35.229021148553834 ], [ -80.840276087012114, 35.229014455907858 ], [ -80.840192087254053, 35.22843131585293 ] ] ] } },
{ "type": "Feature", "properties": { "centroid_id": 120, "tree_count": 53, "mean_dist_m": 82.717434571630648, "max_dist_m": 223.52914907943202, "center_x_m": 514525.0, "center_y_m": 3897600.0, "center_lon": -80.840393909793647, "center_lat": 35.221331472462204 }, "geometry": { "type": "Polygon", "coordinates": [ [ [ -80.838736964881903, 35.219815420007599 ], [ -80.838747042629606, 35.219812384578944 ], [ -80.838757433227869, 35.219810170629515 ], [ -80.838768037500856, 35.219808799290966 ], [ -80.838778754233203, 35.219808283652391 ], [ -80.838789481136217, 35.219808628635434 ], [ -80.838800115824114, 35.219809830947327 ], [ -80.838810556791287, 35.219811879112278 ], [ -80.838820704381078, 35.219814753581026 ], [ -80.841133393948368, 35.220575492120069 ], [ -80.841143420701016, 35.220579280373975 ], [ -80.841152933702091, 35.220583875033768 ], [ -80.841161836951059, 35.220589229732433 ], [ -80.84117004060063, 35.220595290433025 ], [ -80.841177461863467, 35.220601995973929 ], [ -80.841184025847653, 35.220609278686148 ], [ -80.841189666312431, 35.220617065076141 ], [ -80.841194326336719, 35.220625276567432 ], [ -80.841197958893488, 35.220633830293636 ], [ -80.841200527324432, 35.220642639934674 ], [ -80.841202005709803, 35.220651616587865 ], [ -80.841202379130081, 35.220660669665079 ], [ -80.841201643816518, 35.220669707806955 ], [ -80.841170883663636, 35.220884628288125 ], [ -80.841169473079873, 35.220891903924958 ], [ -80.841167343426918, 35.220899060784291 ], [ -80.840838274078607, 35.221836851539877 ], [ -80.840834667947661, 35.221845465767338 ], [ -80.840830021195856, 35.221853737515566 ], [ -80.840824381235649, 35.221861582384463 ], [ -80.840817805613625, 35.221868920329527 ], [ -80.840810361423422, 35.221875676478568 ], [ -80.840802124621092, 35.221881781895739 ], [ -80.840793179250113, 35.221887174284824 ], [ -80.840783616583835, 35.221891798624952 ], [ -80.840773534194199, 35.221895607731987 ], [ -80.84076303495614, 35.221898562739945 ], [ -80.840752225997946, 35.22190063349759 ], [ -80.840741217608127, 35.221901798876083 ], [ -80.840730122110102, 35.221902046984553 ], [ -80.840719052716111, 35.221901375291431 ], [ -80.840708122372021, 35.221899790650319 ], [ -80.839930641728216, 35.221753500625979 ], [ -80.839920562564075, 35.221751184409946 ], [ -80.839910797685107, 35.221748091750186 ], [ -80.839901435692056, 35.221744250707644 ], [ -80.839892561530007, 35.221739696133703 ], [ -80.839884255717735, 35.221734469353819 ], [ -80.839876593617134, 35.221728617792714 ], [ -80.839869644749371, 35.221722194543915 ], [ -80.83986347216414, 35.221715257888164 ], [ -80.838496623174521, 35.220014646138019 ], [ -80.838491174651807, 35.220007090755551 ], [ -80.838486647299888, 35.219999136377574 ], [ -80.838483084035119, 35.219990858406931 ], [ -80.838480518634881, 35.219982335313908 ], [ -80.838478975417303, 35.219973647892431 ], [ -80.83847846901088, 35.219964878494082 ], [ -80.838479004215685, 35.219956110247558 ], [ -80.838480575957988, 35.219947426270565 ], [ -80.838483169338275, 35.219938908881986 ], [ -80.838486759772536, 35.219930638821523 ], [ -80.838491313225376, 35.219922694484303 ], [ -80.838496786532545, 35.219915151177823 ], [ -80.838503127810199, 35.219908080407997 ], [ -80.838510276946735, 35.219901549201346 ], [ -80.838518166172548, 35.21989561946971 ], [ -80.838526720702532, 35.219890347423245 ], [ -80.838535859444917, 35.219885783037675 ], [ -80.838545495770092, 35.219881969580555 ], [ -80.838736964881903, 35.219815420007599 ] ] ] } },
{ "type": "Feature", "properties": { "centroid_id": 121, "tree_count": 68, "mean_dist_m": 43.773643364964606, "max_dist_m": 68.783118799163049, "center_x_m": 514550.0, "center_y_m": 3897775.0, "center_lon": -80.840116106622105, "center_lat": 35.222909098178242 }, "geometry": { "type": "Polygon", "coordinates": [ [ [ -80.839696585328383, 35.222400347507531 ], [ -80.839705872340531, 35.222396292128522 ], [ -80.839715589382834, 35.222392984097802 ], [ -80.839725647392825, 35.2223904537354 ], [ -80.839735954182899, 35.222388724233596 ], [ -80.839746415285262, 35.222387811444271 ], [ -80.839756934817757, 35.222387723733682 ], [ -80.839767416362704, 35.222388461905744 ], [ -80.840584826622759, 35.222478541645152 ], [ -80.840595668975268, 35.22248019461712 ], [ -80.84060625482374, 35.222482731043634 ], [ -80.84061647754983, 35.222486125378381 ], [ -80.840626234192428, 35.222490343434366 ], [ -80.840635426484681, 35.222495342728251 ], [ -80.840643961843753, 35.22250107290823 ], [ -80.840651754303153, 35.222507476261171 ], [ -80.840658725378731, 35.222514488293861 ], [ -80.840664804859045, 35.2225220383826 ], [ -80.840669931512593, 35.222530050484451 ], [ -80.840674053704475, 35.222538443903154 ], [ -80.8406771299165, 35.222547134101902 ], [ -80.840679129165324, 35.222556033554753 ], [ -80.840680031314562, 35.222565052628148 ], [ -80.840679827277569, 35.222574100483712 ], [ -80.840678519108991, 35.222583085993172 ], [ -80.840676119984124, 35.222591918656114 ], [ -80.84067265406614, 35.222600509511608 ], [ -80.840668156262836, 35.222608772034079 ], [ -80.840662671874952, 35.222616623004839 ], [ -80.840080462152571, 35.223360823556007 ], [ -80.840074924571823, 35.223367264100666 ], [ -80.840068722713426, 35.223373283204289 ], [ -80.840061903967026, 35.223378834873536 ], [ -80.839871153706838, 35.223521115144294 ], [ -80.839862628629987, 35.223526859947114 ], [ -80.83985344458911, 35.223531874419479 ], [ -80.839843694139034, 35.223536108026536 ], [ -80.839833475542733, 35.223539518102854 ], [ -80.839822891781139, 35.223542070282377 ], [ -80.839812049515274, 35.223543738844732 ], [ -80.839801058011361, 35.223544506974477 ], [ -80.839790028039587, 35.223544366930554 ], [ -80.839779070757857, 35.2235433201243 ], [ -80.839768296591473, 35.223541377105228 ], [ -80.839757814120361, 35.223538557454702 ], [ -80.839747728984733, 35.223534889588592 ], [ -80.839738142820536, 35.223530410470921 ], [ -80.839503822891473, 35.223407750906944 ], [ -80.839495410696372, 35.223402877756236 ], [ -80.839487591322992, 35.22339737985461 ], [ -80.839480433434588, 35.223391305480121 ], [ -80.839473999885755, 35.223384707972997 ], [ -80.839468347170467, 35.223377645267142 ], [ -80.839463524926003, 35.223370179381455 ], [ -80.839459575497159, 35.223362375875197 ], [ -80.839456533564288, 35.223354303272359 ], [ -80.839454425838852, 35.223346032459823 ], [ -80.839453270828869, 35.223337636065033 ], [ -80.839453078676371, 35.223329187818102 ], [ -80.839479698913024, 35.222555027166827 ], [ -80.839480565069209, 35.222545990652094 ], [ -80.839482532449324, 35.222537071154477 ], [ -80.839485581172127, 35.222528358807828 ], [ -80.839489680429125, 35.222519941652706 ], [ -80.839494788795975, 35.222511904746653 ], [ -80.839500854651007, 35.222504329304648 ], [ -80.83950781669698, 35.222497291878433 ], [ -80.839515604580455, 35.222490863582991 ], [ -80.839524139602759, 35.222485109377807 ], [ -80.83953333551527, 35.22248008741056 ], [ -80.839696585328383, 35.222400347507531 ] ] ] } },
{ "type": "Feature", "properties": { "centroid_id": 122, "tree_count": 69, "mean_dist_m": 51.679491815489975, "max_dist_m": 106.44980350882615, "center_x_m": 514550.0, "center_y_m": 3897950.0, "center_lon": -80.840113011535962, "center_lat": 35.224487085962473 }, "geometry": { "type": "Polygon", "coordinates": [ [ [ -80.840546463107572, 35.224215390197905 ], [ -80.840557230147809, 35.224215825078701 ], [ -80.840567893450071, 35.224217123562489 ], [ -80.840578350392875, 35.224219273152904 ], [ -80.840588500340615, 35.224222253162736 ], [ -80.840598245612156, 35.224226034912931 ], [ -80.840607492420858, 35.224230582008694 ], [ -80.840616151777112, 35.224235850689617 ], [ -80.840624140344829, 35.224241790250943 ], [ -80.840631381243398, 35.224248343531478 ], [ -80.840637804787576, 35.224255447463655 ], [ -80.840643349158142, 35.22426303368055 ], [ -80.840647960996833, 35.224271029173813 ], [ -80.840651595919866, 35.224279356996234 ], [ -80.840978827415114, 35.225163466429578 ], [ -80.840981379701219, 35.225171757385091 ], [ -80.840982963376405, 35.225180209449128 ], [ -80.840983564197202, 35.225188746606058 ], [ -80.840983176759693, 35.225197292074917 ], [ -80.840981804548079, 35.22520576899997 ], [ -80.84097945990338, 35.225214101141916 ], [ -80.84097616391243, 35.22522221356359 ], [ -80.840971946218289, 35.225230033303873 ], [ -80.840966844753581, 35.225237490033948 ], [ -80.840960905399413, 35.225244516689855 ], [ -80.840954181572656, 35.225251050075528 ], [ -80.840946733745639, 35.225257031431276 ], [ -80.840769703738943, 35.225386302124662 ], [ -80.840761037419455, 35.225392012969522 ], [ -80.840751712381248, 35.225396976237541 ], [ -80.840741824026424, 35.225401141150748 ], [ -80.840731473520322, 35.225404465098912 ], [ -80.840720766756476, 35.225406914075485 ], [ -80.840709813273222, 35.225408463025573 ], [ -80.840698725133109, 35.225409096102219 ], [ -80.840687615776275, 35.225408806828611 ], [ -80.840676598859957, 35.225407598164175 ], [ -80.840665787095645, 35.225405482474521 ], [ -80.840655291095928, 35.225402481404771 ], [ -80.840645218242869, 35.225398625658123 ], [ -80.840635671589382, 35.225393954681863 ], [ -80.840626748804894, 35.2253885162636 ], [ -80.840618541176127, 35.225382366042467 ], [ -80.840263151328188, 35.225087665465047 ], [ -80.840262022908831, 35.225086715871058 ], [ -80.839420371946048, 35.224367934918384 ], [ -80.839413347245028, 35.224361319471292 ], [ -80.839407139379986, 35.224354175090994 ], [ -80.839401807133726, 35.224346569428413 ], [ -80.839397400997569, 35.224338574502418 ], [ -80.839393962693435, 35.224330266017802 ], [ -80.839391524778677, 35.224321722648469 ], [ -80.839390110337845, 35.224313025292474 ], [ -80.83938973276409, 35.224304256305906 ], [ -80.83939039563235, 35.224295498723137 ], [ -80.839392092665534, 35.224286835470537 ], [ -80.839394807793965, 35.224278348581208 ], [ -80.83939851530755, 35.224270118418247 ], [ -80.839403180099211, 35.224262222913737 ], [ -80.839408757997418, 35.224254736830865 ], [ -80.839415196184376, 35.224247731055911 ], [ -80.839422433696186, 35.224241271927127 ], [ -80.839430402000133, 35.224235420606433 ], [ -80.839439025643657, 35.224230232500403 ], [ -80.839448222968741, 35.224225756735613 ], [ -80.839457906885229, 35.224222035693344 ], [ -80.839467985695407, 35.224219104608423 ], [ -80.839478363962357, 35.224216991235458 ], [ -80.839488943413556, 35.224215715586134 ], [ -80.839499623871518, 35.224215289739632 ], [ -80.840546463107572, 35.224215390197905 ] ] ] } },
{ "type": "Feature", "properties": { "centroid_id": 123, "tree_count": 122, "mean_dist_m": 51.167911079438028, "max_dist_m": 130.89279201413189, "center_x_m": 514575.0, "center_y_m": 3898325.0, "center_lon": -80.839831648044893, "center_lat": 35.227868123777228 }, "geometry": { "type": "Polygon", "coordinates": [ [ [ -80.838639667993974, 35.227137785389573 ], [ -80.83863556952177, 35.22712940288995 ], [ -80.838632513586418, 35.227120726011215 ], [ -80.838630530847766, 35.227111841808465 ], [ -80.838629641198267, 35.227102839416851 ], [ -80.83862985356339, 35.227093809157324 ], [ -80.83863116581216, 35.227084841630393 ], [ -80.838633564778391, 35.22707602680709 ], [ -80.838637026392988, 35.227067453126416 ], [ -80.838641515925289, 35.227059206607919 ], [ -80.838646988331618, 35.227051369988736 ], [ -80.838653388707215, 35.22704402189347 ], [ -80.838660652837049, 35.227037236045319 ], [ -80.838668707840128, 35.227031080526508 ], [ -80.838677472900699, 35.22702561709513 ], [ -80.838686860079136, 35.22702090056562 ], [ -80.838696775194109, 35.227016978258725 ], [ -80.838707118767587, 35.227013889526781 ], [ -80.838717787022915, 35.227011665358944 ], [ -80.838728672925882, 35.227010328070179 ], [ -80.838739667258707, 35.227009891077444 ], [ -80.8387506597157, 35.227010358765078 ], [ -80.838761540010026, 35.227011726440793 ], [ -80.839047849947193, 35.227059866303037 ], [ -80.839051335261445, 35.227060500889174 ], [ -80.840298414112098, 35.227305060516265 ], [ -80.840307949750837, 35.227307308296716 ], [ -80.840317199460898, 35.227310252605378 ], [ -80.840326087848084, 35.227313869443286 ], [ -80.840334542463395, 35.227318129329724 ], [ -80.840342494393425, 35.227322997542466 ], [ -80.840349878822138, 35.227328434400825 ], [ -80.840450459529194, 35.227409504228028 ], [ -80.840458033556999, 35.227416264452387 ], [ -80.840464730381584, 35.227423621705853 ], [ -80.84047048054984, 35.227431499686212 ], [ -80.840475224426385, 35.227439816690818 ], [ -80.840478912812046, 35.227448486463821 ], [ -80.840481507454157, 35.227457419090804 ], [ -80.840482981443259, 35.227466521931241 ], [ -80.840483319492179, 35.227475700579291 ], [ -80.840463760671142, 35.228249770673067 ], [ -80.840463052887728, 35.228258287559818 ], [ -80.840461366709675, 35.22826671135865 ], [ -80.840458717249618, 35.228274966568513 ], [ -80.84045512825395, 35.228282979199371 ], [ -80.840450631889951, 35.228290677435353 ], [ -80.840355921846324, 35.228434887966564 ], [ -80.840350123883184, 35.228442732407061 ], [ -80.840343384497444, 35.228450052833942 ], [ -80.840335773453873, 35.228456773467371 ], [ -80.840327369540603, 35.22846282473639 ], [ -80.84031825975346, 35.22846814399923 ], [ -80.840308538395433, 35.2284726761917 ], [ -80.840298306100451, 35.228476374397225 ], [ -80.840287668791618, 35.228479200332558 ], [ -80.840276736584741, 35.228481124744015 ], [ -80.840265622648374, 35.228482127710407 ], [ -80.840254442032347, 35.228482198849157 ], [ -80.840243310476737, 35.228481337423858 ], [ -80.840232343213756, 35.228479552351843 ], [ -80.839333681815845, 35.228293842103668 ], [ -80.83932326410779, 35.228291232449386 ], [ -80.839313212425907, 35.228287789384922 ], [ -80.839303625522192, 35.228283546736414 ], [ -80.83929459758248, 35.228278546185486 ], [ -80.839286217301009, 35.228272836859702 ], [ -80.839278567009103, 35.228266474849903 ], [ -80.839271721866311, 35.228259522659201 ], [ -80.839265749122021, 35.228252048588857 ], [ -80.839260707454727, 35.228244126067288 ], [ -80.838639667993974, 35.227137785389573 ] ] ] } },
{ "type": "Feature", "properties": { "centroid_id": 124, "tree_count": 46, "mean_dist_m": 41.119246718635765, "max_dist_m": 109.02907853459631, "center_x_m": 514575.0, "center_y_m": 3898500.0, "center_lon": -80.839828546883368, "center_lat": 35.229446110244233 }, "geometry": { "type": "Polygon", "coordinates": [ [ [ -80.840241086360578, 35.228990046840615 ], [ -80.840249772449567, 35.22898473484058 ], [ -80.840259053748454, 35.228980150387741 ], [ -80.840268840062862, 35.228976338033149 ], [ -80.840279036290752, 35.228973334824701 ], [ -80.840289543346671, 35.228971169947158 ], [ -80.840300259124561, 35.228969864438447 ], [ -80.840311079490107, 35.228969430985316 ], [ -80.840321899292618, 35.228969873800018 ], [ -80.840332613386877, 35.228971188579322 ], [ -80.840343117654911, 35.228973362546434 ], [ -80.840353310017761, 35.228976374575012 ], [ -80.840363091427562, 35.228980195394648 ], [ -80.840372366829897, 35.22898478787517 ], [ -80.8403810460877, 35.228990107387524 ], [ -80.840389044857034, 35.228996102237431 ], [ -80.840396285406854, 35.229002714167812 ], [ -80.840402697374287, 35.229009878924806 ], [ -80.840408218448516, 35.229017526882323 ], [ -80.840412794976189, 35.229025583718546 ], [ -80.840416382482957, 35.229033971138158 ], [ -80.840418946105558, 35.229042607633303 ], [ -80.840457545940794, 35.229207647832261 ], [ -80.840458412170662, 35.229211897833864 ], [ -80.840635923951837, 35.230232097523462 ], [ -80.840636927597529, 35.230241005360341 ], [ -80.840636850567435, 35.230249950958324 ], [ -80.840635693619376, 35.230258846269642 ], [ -80.840633468140339, 35.23026760374141 ], [ -80.840630196034468, 35.230276137177434 ], [ -80.840625909507466, 35.230284362586609 ], [ -80.840620650749585, 35.230292199009554 ], [ -80.840614471520368, 35.230299569315498 ], [ -80.840607432639274, 35.230306400961474 ], [ -80.840599603386991, 35.230312626706286 ], [ -80.840591060823641, 35.230318185272409 ], [ -80.840581889030148, 35.230323021949019 ], [ -80.840572178280809, 35.23032708913064 ], [ -80.840562024154679, 35.230330346785578 ], [ -80.840551526594851, 35.230332762849983 ], [ -80.840540788924699, 35.23033431354348 ], [ -80.840529916830988, 35.230334983603193 ], [ -80.840519017323558, 35.23033476643397 ], [ -80.840508197682013, 35.23033366417333 ], [ -80.840497564399953, 35.2303316876704 ], [ -80.840487222136645, 35.230328856379153 ], [ -80.839170469754791, 35.229907735757969 ], [ -80.83916040178984, 35.229904027807841 ], [ -80.839150837818863, 35.229899510036134 ], [ -80.839141874286739, 35.229894228000916 ], [ -80.839133601583342, 35.229888234967262 ], [ -80.839126103132031, 35.229881591370074 ], [ -80.839119454548396, 35.229874364204647 ], [ -80.839113722877784, 35.229866626351047 ], [ -80.839108965919124, 35.229858455839235 ], [ -80.839105231642165, 35.229849935062113 ], [ -80.839102557703669, 35.229841149944704 ], [ -80.839100971067765, 35.229832189077669 ], [ -80.839100487734029, 35.229823142823932 ], [ -80.839101112576074, 35.229814102407431 ], [ -80.839102839292522, 35.229805158993216 ], [ -80.839105650470557, 35.22979640276813 ], [ -80.839109517761457, 35.229787922031292 ], [ -80.839114402166558, 35.229779802303831 ], [ -80.839120254430441, 35.229772125466241 ], [ -80.83912701553777, 35.22976496893294 ], [ -80.839134617308318, 35.229758404871461 ], [ -80.839214227551437, 35.229696235159743 ], [ -80.839217584680625, 35.229693719997179 ], [ -80.839475915356132, 35.229508069886791 ], [ -80.839478386384499, 35.229506346268877 ], [ -80.840241086360578, 35.228990046840615 ] ] ] } },
{ "type": "Feature", "properties": { "centroid_id": 125, "tree_count": 22, "mean_dist_m": 29.39910502960614, "max_dist_m": 62.963342451496359, "center_x_m": 514575.0, "center_y_m": 3898700.0, "center_lon": -80.8398250024036, "center_lat": 35.231249522844372 }, "geometry": { "type": "Polygon", "coordinates": [ [ [ -80.839299118388908, 35.230781768009621 ], [ -80.839301405422617, 35.230773211154535 ], [ -80.839304693630638, 35.230764876772795 ], [ -80.839308951977401, 35.230756843527274 ], [ -80.839314140270815, 35.230749187238629 ], [ -80.839320209541697, 35.230741980169618 ], [ -80.839327102505891, 35.230735290343084 ], [ -80.83933475410501, 35.230729180899949 ], [ -80.839343092120458, 35.230723709503238 ], [ -80.839352037855036, 35.230718927793916 ], [ -80.839361506875733, 35.230714880903378 ], [ -80.839371409810639, 35.230711607027558 ], [ -80.839381653192433, 35.230709137066412 ], [ -80.839392140340593, 35.230707494332265 ], [ -80.839402772273829, 35.230706694329818 ], [ -80.839413448644379, 35.230706744609755 ], [ -80.839424068685048, 35.23070764469751 ], [ -80.839434532160311, 35.230709386097779 ], [ -80.839444740312317, 35.230711952374598 ], [ -80.840020250396634, 35.230882131762549 ], [ -80.840029937592405, 35.230885432859786 ], [ -80.840039197087549, 35.230889476718247 ], [ -80.840047944524514, 35.230894226496837 ], [ -80.840056100210788, 35.230899638923276 ], [ -80.840063589844803, 35.230905664688315 ], [ -80.840070345193013, 35.230912248894938 ], [ -80.840076304711403, 35.230919331558496 ], [ -80.840081414106265, 35.23092684815321 ], [ -80.840085626828809, 35.230934730199969 ], [ -80.840088904499183, 35.230942905890238 ], [ -80.840091217256244, 35.230951300740294 ], [ -80.840202458545292, 35.231468831119699 ], [ -80.840203719323682, 35.231476715339909 ], [ -80.840204128642029, 35.231484660040266 ], [ -80.840203683316886, 35.231492603436685 ], [ -80.840202643046851, 35.231502053800874 ], [ -80.840201135104394, 35.231510868592984 ], [ -80.840198575287886, 35.231519518448515 ], [ -80.840194988541526, 35.231527919077578 ], [ -80.840190409816614, 35.231535988618973 ], [ -80.840184883730998, 35.231543648437714 ], [ -80.840178464134254, 35.231550823891467 ], [ -80.840171213582963, 35.231557445057845 ], [ -80.840163202731176, 35.231563447415752 ], [ -80.840154509641849, 35.231568772474212 ], [ -80.840145219026141, 35.231573368342261 ], [ -80.840135421418026, 35.231577190234667 ], [ -80.840125212291923, 35.231580200908326 ], [ -80.840114691132442, 35.231582371025205 ], [ -80.840103960464873, 35.231583679438224 ], [ -80.839418349376814, 35.231639069015039 ], [ -80.839408331404542, 35.231639500827761 ], [ -80.839398307179806, 35.231639181298078 ], [ -80.839388360231041, 35.231638113088501 ], [ -80.839378573442715, 35.231636305100047 ], [ -80.839369028364743, 35.231633772398091 ], [ -80.839359804532947, 35.231630536086719 ], [ -80.839216504217902, 35.231573776017925 ], [ -80.839206946607874, 35.231569499024459 ], [ -80.839197951640045, 35.231564467120869 ], [ -80.839189607585283, 35.231558729687066 ], [ -80.839181996326758, 35.231552343026614 ], [ -80.839175192556326, 35.231545369814164 ], [ -80.839169263041669, 35.231537878480403 ], [ -80.839164265971036, 35.231529942540483 ], [ -80.839160250382179, 35.231521639872653 ], [ -80.839157255681187, 35.231513051953932 ], [ -80.839155311255823, 35.231504263060643 ], [ -80.839154436187059, 35.231495359441233 ], [ -80.839154639061888, 35.231486428470042 ], [ -80.839155917889101, 35.231477557789752 ], [ -80.839299118388908, 35.230781768009621 ] ] ] } },
{ "type": "Feature", "properties": { "centroid_id": 126, "tree_count": 13, "mean_dist_m": 13.442240152214689, "max_dist_m": 31.447613841620147, "center_x_m": 514575.0, "center_y_m": 3898875.0, "center_lon": -80.839821900725525, "center_lat": 35.232827508427619 }, "geometry": { "type": "Polygon", "coordinates": [ [ [ -80.839991635254975, 35.23252604786812 ], [ -80.840001575282884, 35.232522584353134 ], [ -80.84001188162344, 35.232519938014342 ], [ -80.840022454757957, 35.232518134404927 ], [ -80.840033192591633, 35.232517190940683 ], [ -80.840043991439288, 35.232517116731735 ], [ -80.840054747026599, 35.232517912494643 ], [ -80.840065355497018, 35.232519570545499 ], [ -80.840075714414482, 35.232522074874062 ], [ -80.840085723752637, 35.232525401298375 ], [ -80.840095286860645, 35.232529517698275 ], [ -80.840104311396473, 35.232534384325554 ], [ -80.84011271021852, 35.23253995418775 ], [ -80.840120402227058, 35.232546173501902 ], [ -80.840127313147349, 35.232552982213875 ], [ -80.840133376246882, 35.232560314578272 ], [ -80.84013853297968, 35.232568099793269 ], [ -80.840142733551673, 35.232576262684191 ], [ -80.840145937401502, 35.232584724429564 ], [ -80.840148113592235, 35.232593403322056 ], [ -80.840149241110055, 35.23260221555757 ], [ -80.840149309067201, 35.232611076044378 ], [ -80.840148316807131, 35.232619899224815 ], [ -80.840146273910875, 35.232628599901425 ], [ -80.840143200104492, 35.232637094059605 ], [ -80.840139125068646, 35.232645299678957 ], [ -80.83995371520929, 35.232971750391663 ], [ -80.839946031717503, 35.232983073698541 ], [ -80.839923101813213, 35.233011793675736 ], [ -80.839916659379355, 35.23301904767235 ], [ -80.839909369907005, 35.233025740222082 ], [ -80.839901305621893, 35.233031805013425 ], [ -80.83989254642691, 35.233037181954863 ], [ -80.839883179110302, 35.23304181777025 ], [ -80.839873296485834, 35.233045666526714 ], [ -80.839862996473073, 35.23304869008976 ], [ -80.839852381127258, 35.23305085850113 ], [ -80.83984155562807, 35.233052150275604 ], [ -80.839830627237404, 35.233052552613948 ], [ -80.839819704236703, 35.23305206152969 ], [ -80.839808894853988, 35.233050681888642 ], [ -80.839798306191483, 35.233048427360636 ], [ -80.839788043164475, 35.233045320284141 ], [ -80.83977820746172, 35.233041391444893 ], [ -80.839457077403537, 35.232896470791523 ], [ -80.839447778026724, 35.232891765587695 ], [ -80.839439093998749, 35.232886326047804 ], [ -80.839431111143725, 35.232880205930833 ], [ -80.839423908356011, 35.232873465721859 ], [ -80.83941755682055, 35.232866172034385 ], [ -80.839412119309273, 35.232858396951833 ], [ -80.839407649560798, 35.232850217315288 ], [ -80.839404191749281, 35.232841713963992 ], [ -80.839401780047893, 35.232832970936428 ], [ -80.839400438291122, 35.232824074639808 ], [ -80.839400179739158, 35.232815112996008 ], [ -80.839401006946886, 35.23280617457273 ], [ -80.839402911738716, 35.232797347708171 ], [ -80.839405875289287, 35.232788719637981 ], [ -80.839409868309602, 35.232780375633048 ], [ -80.839414851336471, 35.232772398156868 ], [ -80.839420775122576, 35.23276486605053 ], [ -80.839427581123132, 35.232757853753519 ], [ -80.83943520207454, 35.232751430568037 ], [ -80.839443562659113, 35.2327456599741 ], [ -80.839452580249471, 35.232740599002241 ], [ -80.839462165725138, 35.232736297669753 ], [ -80.839991635254975, 35.23252604786812 ] ] ] } },
{ "type": "Feature", "properties": { "centroid_id": 127, "tree_count": 81, "mean_dist_m": 48.084962279353007, "max_dist_m": 115.9801333305916, "center_x_m": 514625.0, "center_y_m": 3897675.0, "center_lon": -80.839293743349685, "center_lat": 35.222006299478785 }, "geometry": { "type": "Polygon", "coordinates": [ [ [ -80.838277845786024, 35.221243109545178 ], [ -80.838282336925118, 35.22123536932915 ], [ -80.838287703513188, 35.221228014086329 ], [ -80.838293897041993, 35.221221110299979 ], [ -80.838300861528623, 35.221214720372771 ], [ -80.838308534021621, 35.221208902062578 ], [ -80.838316845170013, 35.221203707960512 ], [ -80.838325719850076, 35.2211991850155 ], [ -80.838335077844462, 35.221195374109968 ], [ -80.838344834567224, 35.221192309690274 ], [ -80.838354901828382, 35.221190019455349 ], [ -80.838365188631087, 35.221188524106388 ], [ -80.838375601994045, 35.221187837159668 ], [ -80.838386047792056, 35.221187964824452 ], [ -80.838396431606739, 35.221188905946775 ], [ -80.838406659579945, 35.221190652019942 ], [ -80.838416639262178, 35.221193187261392 ], [ -80.83992691831277, 35.221642446980084 ], [ -80.839936815933655, 35.221645848447082 ], [ -80.839946262062739, 35.221650025890789 ], [ -80.839955166619944, 35.221654939474341 ], [ -80.839963444689658, 35.221660542340913 ], [ -80.839971017330541, 35.221666781060534 ], [ -80.839977812328314, 35.221673596139588 ], [ -80.839983764884366, 35.221680922588185 ], [ -80.839988818233763, 35.221688690539921 ], [ -80.839992924186518, 35.221696825918073 ], [ -80.839996043587149, 35.221705251142112 ], [ -80.839998146688131, 35.221713885867352 ], [ -80.839999213433543, 35.221722647751335 ], [ -80.839999233650346, 35.221731453238917 ], [ -80.839998207145399, 35.221740218359145 ], [ -80.839996143707324, 35.221748859525931 ], [ -80.83978757457092, 35.222441199840532 ], [ -80.839784439878997, 35.222449759487191 ], [ -80.839780287922821, 35.222458022429173 ], [ -80.839775159494764, 35.222465907483596 ], [ -80.839769104981059, 35.222473337180318 ], [ -80.839762183866668, 35.222480238523033 ], [ -80.839754464150928, 35.222486543706445 ], [ -80.839746021679431, 35.222492190782503 ], [ -80.839736939398875, 35.222497124268962 ], [ -80.839727306542045, 35.222501295694613 ], [ -80.839717217751243, 35.222504664075394 ], [ -80.839530757100462, 35.22255824394967 ], [ -80.839519386832009, 35.222560956513938 ], [ -80.839507726887504, 35.222562649365571 ], [ -80.839495912660936, 35.222563302847398 ], [ -80.838769952075253, 35.222571283307744 ], [ -80.838758758069858, 35.222570937750383 ], [ -80.838747665102673, 35.222569658793986 ], [ -80.838736788454355, 35.222567459729753 ], [ -80.838726241157474, 35.222564363410861 ], [ -80.838716132821901, 35.22256040201497 ], [ -80.838706568495667, 35.222555616709784 ], [ -80.838697647573298, 35.22255005722527 ], [ -80.838689462762829, 35.222543781336832 ], [ -80.838682099122465, 35.222536854264881 ], [ -80.838675633176535, 35.222529347997039 ], [ -80.838670132120242, 35.222521340540069 ], [ -80.838665653121481, 35.222512915109142 ], [ -80.83819044377573, 35.221478004815843 ], [ -80.838187242390788, 35.22146988817709 ], [ -80.838184990094817, 35.221461559593308 ], [ -80.838183707048572, 35.221453093616425 ], [ -80.838183404736697, 35.22144456602819 ], [ -80.838184085864981, 35.221436053161767 ], [ -80.838185744336144, 35.221427631218589 ], [ -80.838188365304362, 35.221419375586152 ], [ -80.838191925308251, 35.221411360163238 ], [ -80.838277845786024, 35.221243109545178 ] ] ] } },
{ "type": "Feature", "properties": { "centroid_id": 128, "tree_count": 2, "mean_dist_m": 49.411593544451797, "max_dist_m": 93.64226986562295, "center_x_m": 514625.0, "center_y_m": 3898900.0, "center_lon": -80.839271961958602, "center_lat": 35.233052206513605 }, "geometry": { "type": "Polygon", "coordinates": [ [ [ -80.838420098763564, 35.233525673281854 ], [ -80.838410607128623, 35.233529875110875 ], [ -80.838400659233912, 35.23353329337823 ], [ -80.838390350883358, 35.233535895164039 ], [ -80.838379781352259, 35.233537655411631 ], [ -80.838369052431332, 35.233538557168764 ], [ -80.838358267446253, 35.233538591751035 ], [ -80.838347530262709, 35.233537758825378 ], [ -80.838336944285942, 35.233536066413357 ], [ -80.838326611465035, 35.233533530813865 ], [ -80.838316631310988, 35.233530176446209 ], [ -80.838307099938376, 35.233526035614851 ], [ -80.838298109139728, 35.233521148198413 ], [ -80.83828974550147, 35.233515561265484 ], [ -80.838282089570086, 35.233509328621444 ], [ -80.838275215076393, 35.233502510290172 ], [ -80.838269188225439, 35.233495171936099 ], [ -80.838264067058986, 35.233487384231665 ], [ -80.838259900896446, 35.233479222176896 ], [ -80.838256729860021, 35.233470764376897 ], [ -80.838254584488226, 35.233462092284988 ], [ -80.838253485441882, 35.233453289418222 ], [ -80.838253443305035, 35.233444440553029 ], [ -80.838254458483149, 35.233435630908836 ], [ -80.838256521199185, 35.233426945327302 ], [ -80.838259611587716, 35.233418467455266 ], [ -80.83826369988634, 35.233410278939189 ], [ -80.838268746722264, 35.233402458638864 ], [ -80.838274703491507, 35.233395081867933 ], [ -80.838281512826967, 35.233388219668626 ], [ -80.838289109151006, 35.233381938127529 ], [ -80.838297419306798, 35.233376297739163 ], [ -80.838306363263143, 35.23337135282344 ], [ -80.839187302494395, 35.232934272851232 ], [ -80.839196794020026, 35.232930070960599 ], [ -80.839206741807857, 35.232926652627192 ], [ -80.839217050055467, 35.23292405077131 ], [ -80.839227619489122, 35.232922290450169 ], [ -80.839238348319697, 35.232921388616596 ], [ -80.839249133223007, 35.232921353955689 ], [ -80.839259870334899, 35.232922186801268 ], [ -80.839270456251455, 35.232923879132585 ], [ -80.839280789024812, 35.232926414651629 ], [ -80.839290769145023, 35.232929768940053 ], [ -80.839300300498309, 35.232933909694289 ], [ -80.839309291292722, 35.232938797036752 ], [ -80.839317654942121, 35.232944383899813 ], [ -80.839325310900051, 35.232950616479002 ], [ -80.839332185435481, 35.232957434751356 ], [ -80.839338212342781, 35.232964773053318 ], [ -80.83934333357945, 35.232972560713151 ], [ -80.839347499824953, 35.23298072273154 ], [ -80.839350670955824, 35.232989180503907 ], [ -80.839352816432097, 35.232997852577341 ], [ -80.839353915591303, 35.233006655435105 ], [ -80.839353957847607, 35.233015504300852 ], [ -80.839352942793738, 35.233024313955205 ], [ -80.839350880204861, 35.233032999556343 ], [ -80.83934778994454, 35.233041477457142 ], [ -80.839343701773359, 35.233049666010672 ], [ -80.839338655062406, 35.233057486356614 ], [ -80.839332698414083, 35.23306486318063 ], [ -80.839325889194015, 35.23307172543975 ], [ -80.839318292978675, 35.233078007046522 ], [ -80.839309982923751, 35.233083647505524 ], [ -80.839301039059677, 35.233088592495896 ], [ -80.838420098763564, 35.233525673281854 ] ] ] } },
{ "type": "Feature", "properties": { "centroid_id": 129, "tree_count": 63, "mean_dist_m": 47.277837418378326, "max_dist_m": 70.931037864861196, "center_x_m": 514650.0, "center_y_m": 3897875.0, "center_lon": -80.839015471351033, "center_lat": 35.223809349245229 }, "geometry": { "type": "Polygon", "coordinates": [ [ [ -80.83849784076213, 35.223317447980357 ], [ -80.838496396229544, 35.223308746521312 ], [ -80.838495990054355, 35.223299971022463 ], [ -80.838496626088784, 35.223291204719409 ], [ -80.838498298299712, 35.2232825307605 ], [ -80.838500990825878, 35.223274031418207 ], [ -80.838504678128416, 35.22326578730874 ], [ -80.838509325232977, 35.223257876627386 ], [ -80.838514888061582, 35.223250374406845 ], [ -80.838521313850634, 35.223243351805564 ], [ -80.838528541651428, 35.223236875432818 ], [ -80.838536502908241, 35.22323100671683 ], [ -80.838545122108613, 35.223225801322258 ], [ -80.838554317499487, 35.223221308622136 ], [ -80.83856400186275, 35.223217571229625 ], [ -80.838574083342451, 35.223214624593766 ], [ -80.838584466315965, 35.223212496663315 ], [ -80.83859505230113, 35.223211207621659 ], [ -80.838605740890159, 35.223210769695285 ], [ -80.838616430702118, 35.223211187037954 ], [ -80.839506400374034, 35.223281697035752 ], [ -80.839517888331471, 35.223283113380731 ], [ -80.839529129877988, 35.223285517000136 ], [ -80.839539999376029, 35.223288881030633 ], [ -80.839679619671088, 35.223339160697854 ], [ -80.839689028491506, 35.223342999154013 ], [ -80.839697947520591, 35.223347557483571 ], [ -80.83970629520779, 35.223352794007802 ], [ -80.839713995226532, 35.223358660846955 ], [ -80.839720977172121, 35.223365104357995 ], [ -80.839727177205432, 35.223372065625156 ], [ -80.839732538636696, 35.223379480998538 ], [ -80.839796977969911, 35.223479181199785 ], [ -80.839801417874384, 35.223486915630417 ], [ -80.839804945143115, 35.22349496034763 ], [ -80.83980752806599, 35.223503243030095 ], [ -80.839809143422443, 35.223511689217176 ], [ -80.839809776690274, 35.223520222978316 ], [ -80.839809422176117, 35.22352876759571 ], [ -80.839808083066742, 35.223537246253841 ], [ -80.839805771400307, 35.223545582730218 ], [ -80.839802507958282, 35.223553702080466 ], [ -80.83948138959596, 35.224241192276153 ], [ -80.839477134400255, 35.224249135736777 ], [ -80.839471968456252, 35.224256706806244 ], [ -80.839465939600146, 35.224263835376725 ], [ -80.839459103658712, 35.224270455437946 ], [ -80.83945152393234, 35.224276505688351 ], [ -80.839443270608896, 35.224281930102819 ], [ -80.839434420113776, 35.224286678451456 ], [ -80.839425054402241, 35.224290706764663 ], [ -80.839415260200425, 35.224293977740395 ], [ -80.839405128202372, 35.22429646108948 ], [ -80.839394752230078, 35.224298133816191 ], [ -80.839384228364793, 35.224298980431108 ], [ -80.839373654057283, 35.224298993094592 ], [ -80.839363127225354, 35.224298171689398 ], [ -80.838780656306014, 35.224229381689533 ], [ -80.8387703378, 35.224227746433613 ], [ -80.838760256849156, 35.224225309821584 ], [ -80.838750505656463, 35.224222094139321 ], [ -80.838741173408792, 35.224218128798292 ], [ -80.838732345461253, 35.224213450066522 ], [ -80.838724102556384, 35.224208100736895 ], [ -80.838716520085782, 35.224202129735751 ], [ -80.838709667400508, 35.224195591675347 ], [ -80.838703607176726, 35.224188546354441 ], [ -80.838698394842552, 35.224181058211286 ], [ -80.838694078071057, 35.224173195734274 ], [ -80.838690696344173, 35.224165030835529 ], [ -80.838688280591725, 35.2241566381932 ], [ -80.83849784076213, 35.223317447980357 ] ] ] } },
{ "type": "Feature", "properties": { "centroid_id": 130, "tree_count": 34, "mean_dist_m": 52.466776885579186, "max_dist_m": 102.62815254622922, "center_x_m": 514675.0, "center_y_m": 3898400.0, "center_lon": -80.838731388521921, "center_lat": 35.228542944705445 }, "geometry": { "type": "Polygon", "coordinates": [ [ [ -80.837861646498595, 35.227912479742102 ], [ -80.837856943975908, 35.227904494836316 ], [ -80.837853220118845, 35.227896169512917 ], [ -80.837850510947348, 35.227887584301349 ], [ -80.837848842666446, 35.227878822244932 ], [ -80.837848231412792, 35.227869968097501 ], [ -80.837848683098613, 35.227861107503678 ], [ -80.837850193354456, 35.227852326170385 ], [ -80.837852747571588, 35.227843709037877 ], [ -80.837856321043191, 35.227835339458068 ], [ -80.837860879203433, 35.227827298388327 ], [ -80.837866377961831, 35.227819663608393 ], [ -80.837872764129713, 35.227812508968022 ], [ -80.837879975934712, 35.227805903672611 ], [ -80.837887943618256, 35.227799911613893 ], [ -80.837896590110418, 35.227794590751849 ], [ -80.837905831775302, 35.227789992554101 ], [ -80.837915579220066, 35.227786161498045 ], [ -80.837925738159683, 35.227783134640731 ], [ -80.837936210328749, 35.227780941260328 ], [ -80.837946894432164, 35.227779602572909 ], [ -80.837957687124785, 35.227779131527349 ], [ -80.837968484011228, 35.227779532679961 ], [ -80.837979180655424, 35.227780802150498 ], [ -80.837989673590968, 35.227782927659618 ], [ -80.837999861321876, 35.227785888647716 ], [ -80.838009645304311, 35.227789656473782 ], [ -80.83801893089975, 35.227794194692414 ], [ -80.838027628290462, 35.227799459406327 ], [ -80.838035653348228, 35.227805399691043 ], [ -80.838117462922355, 35.227872229754354 ], [ -80.838120114494018, 35.227874472199638 ], [ -80.83928615491098, 35.228895391215026 ], [ -80.839293131039852, 35.228902133297865 ], [ -80.839299268653548, 35.228909403714511 ], [ -80.83930450870578, 35.228917132520927 ], [ -80.839308800785076, 35.228925245363179 ], [ -80.839312103599781, 35.228933664192752 ], [ -80.839314385375289, 35.228942308017423 ], [ -80.839315624159738, 35.228951093680379 ], [ -80.839315808035224, 35.228959936660232 ], [ -80.839314935232423, 35.228968751884182 ], [ -80.839313014147749, 35.228977454546424 ], [ -80.839310063262388, 35.228985960924014 ], [ -80.839306110964714, 35.228994189182281 ], [ -80.839301195277073, 35.229002060162202 ], [ -80.839295363490024, 35.229009498141821 ], [ -80.839288671707436, 35.229016431564872 ], [ -80.839281184306728, 35.229022793729037 ], [ -80.839272973319481, 35.229028523427779 ], [ -80.83926411773858, 35.229033565539069 ], [ -80.839254702758168, 35.229037871555775 ], [ -80.839244818954128, 35.22904140005226 ], [ -80.839234561412596, 35.229044117082942 ], [ -80.839224028815295, 35.229045996508894 ], [ -80.83921332249011, 35.229047020249283 ], [ -80.839202545436265, 35.229047178455275 ], [ -80.839191801333456, 35.229046469604882 ], [ -80.839181193544334, 35.22904490051755 ], [ -80.839170824120174, 35.229042486288506 ], [ -80.839160792819058, 35.229039250143664 ], [ -80.839151196146133, 35.229035223216002 ], [ -80.83914212642523, 35.229030444246256 ], [ -80.839133670910641, 35.229024959210022 ], [ -80.838131240216526, 35.228306399183893 ], [ -80.838124219746064, 35.228300899691156 ], [ -80.838117818054855, 35.228294913356208 ], [ -80.838112085082471, 35.228288486878554 ], [ -80.838107065551753, 35.228281670391311 ], [ -80.837861646498595, 35.227912479742102 ] ] ] } },
{ "type": "Feature", "properties": { "centroid_id": 131, "tree_count": 33, "mean_dist_m": 39.968067509683593, "max_dist_m": 70.627389523426075, "center_x_m": 514675.0, "center_y_m": 3898600.0, "center_lon": -80.838727819882109, "center_lat": 35.230346357478048 }, "geometry": { "type": "Polygon", "coordinates": [ [ [ -80.839061320587803, 35.229813799086614 ], [ -80.839069844938678, 35.229808447711264 ], [ -80.839078964853229, 35.229803804166252 ], [ -80.83908859333755, 35.229799912745811 ], [ -80.839098638546631, 35.229796810569731 ], [ -80.839109004660386, 35.229794527229302 ], [ -80.839119592797687, 35.229793084505026 ], [ -80.839130301959557, 35.229792496158879 ], [ -80.839141029992646, 35.22979276780304 ], [ -80.839151674563524, 35.22979389684631 ], [ -80.839162134134952, 35.229795872518892 ], [ -80.839172308934295, 35.229798675975076 ], [ -80.839372269292468, 35.229862846008679 ], [ -80.839381841921181, 35.229866358782154 ], [ -80.839390962919424, 35.229870604198872 ], [ -80.839399549238053, 35.229875543603221 ], [ -80.839407522696362, 35.22988113202068 ], [ -80.83941481069381, 35.229887318567243 ], [ -80.83942134687112, 35.229894046912797 ], [ -80.839427071714482, 35.229901255793976 ], [ -80.839431933097472, 35.229908879572029 ], [ -80.839435886755638, 35.229916848830392 ], [ -80.839438896689558, 35.229925091006834 ], [ -80.839440935492718, 35.229933531054058 ], [ -80.839441984600924, 35.229942092123146 ], [ -80.839442034461456, 35.229950696263145 ], [ -80.839402405692937, 35.230706866307315 ], [ -80.839401383636556, 35.230715853222243 ], [ -80.839399271709652, 35.230724711275954 ], [ -80.839396091072786, 35.230733351713177 ], [ -80.839391873594721, 35.230741687959217 ], [ -80.839386661533112, 35.230749636487111 ], [ -80.83938050711113, 35.230757117654818 ], [ -80.839373471994165, 35.230764056503034 ], [ -80.839365626672006, 35.230770383506368 ], [ -80.839357049752522, 35.230776035269891 ], [ -80.839347827174095, 35.230780955164441 ], [ -80.839338051344413, 35.230785093893942 ], [ -80.839327820214692, 35.230788409989394 ], [ -80.839317236298214, 35.230790870224375 ], [ -80.839306405643029, 35.230792449947984 ], [ -80.839295436769589, 35.230793133331765 ], [ -80.838247594826271, 35.230815242861134 ], [ -80.838236952329339, 35.230815044191843 ], [ -80.838226383189081, 35.230814001584818 ], [ -80.838215986577083, 35.230812124822947 ], [ -80.838205860045989, 35.23080943151615 ], [ -80.83819609861429, 35.230805946936037 ], [ -80.838186793874627, 35.230801703778823 ], [ -80.838178033134398, 35.230796741858612 ], [ -80.838169898596604, 35.230791107733666 ], [ -80.838162466588386, 35.230784854269643 ], [ -80.838025696804806, 35.230658024375451 ], [ -80.838018894645757, 35.230651048714684 ], [ -80.838012967134361, 35.230643555008641 ], [ -80.838007972453809, 35.230635616814233 ], [ -80.838003959630754, 35.230627312051432 ], [ -80.838000968054047, 35.230618722238347 ], [ -80.837999027088159, 35.230609931691021 ], [ -80.837998155784902, 35.230601026695872 ], [ -80.837998362696482, 35.230592094662718 ], [ -80.837999645791555, 35.230583223266684 ], [ -80.838001992475142, 35.230574499587732 ], [ -80.8380053797123, 35.230566009255789 ], [ -80.838009774254289, 35.23055783561027 ], [ -80.838015132964856, 35.230550058882066 ], [ -80.838021403243729, 35.230542755405949 ], [ -80.838028523542889, 35.230535996871332 ], [ -80.838036423970763, 35.230529849618613 ], [ -80.838509093750105, 35.230196959920022 ], [ -80.838509710759283, 35.230196528605028 ], [ -80.839061320587803, 35.229813799086614 ] ] ] } },
{ "type": "Feature", "properties": { "centroid_id": 132, "tree_count": 19, "mean_dist_m": 37.5903777626501, "max_dist_m": 64.639783208025477, "center_x_m": 514675.0, "center_y_m": 3898775.0, "center_lon": -80.838724697062204, "center_lat": 35.231924343212171 }, "geometry": { "type": "Polygon", "coordinates": [ [ [ -80.838141555048594, 35.231483412118891 ], [ -80.838142868516925, 35.231474555380352 ], [ -80.838145242304478, 35.23146584850133 ], [ -80.838148653170677, 35.231457376725466 ], [ -80.838153067721521, 35.231449222994605 ], [ -80.838158442736656, 35.231441467136797 ], [ -80.838164725592407, 35.231434185084723 ], [ -80.83817185477713, 35.231427448132365 ], [ -80.838179760493276, 35.231421322236926 ], [ -80.838188365340912, 35.231415867373123 ], [ -80.838197585075335, 35.231411136946036 ], [ -80.838207329431967, 35.231407177268238 ], [ -80.838217503010043, 35.231404027106365 ], [ -80.838228006206577, 35.231401717301637 ], [ -80.838238736191542, 35.231400270467851 ], [ -80.838249587914618, 35.231399700770019 ], [ -80.838260455133621, 35.231400013785695 ], [ -80.839187094713736, 35.2314644739022 ], [ -80.839197188878586, 35.231465564395918 ], [ -80.839207116728645, 35.231467416686563 ], [ -80.839216793054689, 35.231470014876159 ], [ -80.839226134806353, 35.231473336664898 ], [ -80.8392350618048, 35.231477353542374 ], [ -80.839355281087876, 35.231537553473807 ], [ -80.839364358442694, 35.231542626497422 ], [ -80.839372773334674, 35.231548417597054 ], [ -80.839380441718205, 35.231554868932847 ], [ -80.839387287003461, 35.231561916070724 ], [ -80.839393240821494, 35.231569488625887 ], [ -80.839398243706952, 35.231577510965792 ], [ -80.83940224569217, 35.231585902965541 ], [ -80.839405206806092, 35.231594580808164 ], [ -80.839407097473568, 35.23160345782177 ], [ -80.839407898810819, 35.231612445345107 ], [ -80.839407602813907, 35.231621453613215 ], [ -80.839406212438803, 35.231630392653891 ], [ -80.839403741571886, 35.231639173186302 ], [ -80.839400214891171, 35.231647707512778 ], [ -80.839395667619911, 35.231655910394622 ], [ -80.83939014517486, 35.231663699903528 ], [ -80.839383702712496, 35.231670998239778 ], [ -80.839376404578374, 35.231677732509425 ], [ -80.839368323664246, 35.231683835452202 ], [ -80.839254223960083, 35.231761735390812 ], [ -80.839245702235402, 35.231767000804275 ], [ -80.838246541468806, 35.23232413151905 ], [ -80.8382374133312, 35.232328704984091 ], [ -80.838227786589087, 35.23233252875746 ], [ -80.838217752422068, 35.232335566622282 ], [ -80.838207405868687, 35.23233778980542 ], [ -80.838196844926259, 35.23233917725004 ], [ -80.838186169622745, 35.232339715814923 ], [ -80.838175481069257, 35.23233940039907 ], [ -80.838164880502433, 35.23233823398995 ], [ -80.838154468325513, 35.232336227635209 ], [ -80.838144343157367, 35.232333400338021 ], [ -80.838134600898513, 35.232329778877116 ], [ -80.838125333822632, 35.232325397553161 ], [ -80.838116629702711, 35.232320297863829 ], [ -80.838108570979642, 35.232314528110805 ], [ -80.838101233981376, 35.232308142942237 ], [ -80.838094688200087, 35.232301202835195 ], [ -80.838088995633825, 35.232293773522791 ], [ -80.838084210199384, 35.232285925371663 ], [ -80.838080377221644, 35.23227773271541 ], [ -80.838077533004324, 35.2322692731506 ], [ -80.838075704486016, 35.232260626801803 ], [ -80.838074908985163, 35.232251875562675 ], [ -80.838075154035991, 35.232243102320311 ], [ -80.838141555048594, 35.231483412118891 ] ] ] } },
{ "type": "Feature", "properties": { "centroid_id": 133, "tree_count": 76, "mean_dist_m": 67.780360414300546, "max_dist_m": 113.61828739388324, "center_x_m": 514700.0, "center_y_m": 3898100.0, "center_lon": -80.838462017396921, "center_lat": 35.225837458255072 }, "geometry": { "type": "Polygon", "coordinates": [ [ [ -80.837996492748943, 35.225235100424598 ], [ -80.837996442394839, 35.225226153241536 ], [ -80.837997472884112, 35.225217246009564 ], [ -80.837999574070466, 35.22520846642729 ], [ -80.838002725265738, 35.22519990093641 ], [ -80.838006895443698, 35.225191633870772 ], [ -80.838012043545461, 35.225183746625923 ], [ -80.838018118883767, 35.225176316857763 ], [ -80.838025061642071, 35.225169417718007 ], [ -80.838032803463506, 35.225163117133874 ], [ -80.838041268123817, 35.225157477139362 ], [ -80.838050372281941, 35.225152553264422 ], [ -80.838060026300539, 35.225148393988299 ], [ -80.838070135128518, 35.225145040262191 ], [ -80.838080599236903, 35.225142525106008 ], [ -80.838091315598732, 35.22514087328333 ], [ -80.838102178703451, 35.225140101057598 ], [ -80.838113081595736, 35.225140216031932 ], [ -80.83812391692851, 35.225141217074331 ], [ -80.83813457801989, 35.2251430943288 ], [ -80.838144959903488, 35.225145829312368 ], [ -80.838154960361891, 35.225149395097063 ], [ -80.838164480933131, 35.225153756575125 ], [ -80.83959255157211, 35.225886486439407 ], [ -80.839601689820526, 35.225891722074245 ], [ -80.839610134761998, 35.225897690320629 ], [ -80.839617799525982, 35.225904329785159 ], [ -80.83962460526736, 35.225911572169821 ], [ -80.839630481977451, 35.225919342974535 ], [ -80.839635369204103, 35.225927562263522 ], [ -80.839728099252625, 35.226105942147313 ], [ -80.839731893865817, 35.226114386360599 ], [ -80.839734643724313, 35.226123098904402 ], [ -80.83973632143335, 35.226131992983348 ], [ -80.839736910279058, 35.226140979993509 ], [ -80.839736404394884, 35.226149970405189 ], [ -80.839734808820182, 35.226158874654722 ], [ -80.839732139449907, 35.22616760403681 ], [ -80.839728422876362, 35.226176071588164 ], [ -80.839723696124238, 35.226184192953852 ], [ -80.839718006281814, 35.226191887227721 ], [ -80.839711410031853, 35.226199077758267 ], [ -80.839703973086969, 35.22620569291238 ], [ -80.839695769534885, 35.226211666788899 ], [ -80.838683938945707, 35.226877467390196 ], [ -80.838674601319852, 35.226882978465341 ], [ -80.838664612812934, 35.226887658478176 ], [ -80.838532222336653, 35.226942358637665 ], [ -80.838522694018138, 35.226945840696388 ], [ -80.838512806284953, 35.22694856579934 ], [ -80.838502648219006, 35.226950509395124 ], [ -80.838492311337788, 35.226951653973224 ], [ -80.838481888769834, 35.226951989221739 ], [ -80.838471474415613, 35.226951512120309 ], [ -80.838461162101638, 35.226950226967311 ], [ -80.838451044735081, 35.226948145341119 ], [ -80.838441213466751, 35.226945285995818 ], [ -80.838431756869866, 35.22694167469222 ], [ -80.838422760142095, 35.226937343965822 ], [ -80.838414304337903, 35.22693233283357 ], [ -80.8384064656384, 35.226926686442468 ], [ -80.838399314664954, 35.226920455662764 ], [ -80.838329394712318, 35.226853425269219 ], [ -80.838323229709601, 35.226846937935356 ], [ -80.838317810908705, 35.226840016562591 ], [ -80.838313183412438, 35.226832718760441 ], [ -80.83830938573719, 35.226825105271658 ], [ -80.838306449492379, 35.226817239466492 ], [ -80.838048930283122, 35.22599516936814 ], [ -80.838046752976851, 35.225986456939815 ], [ -80.838045632232124, 35.225977610887995 ], [ -80.837996492748943, 35.225235100424598 ] ] ] } },
{ "type": "Feature", "properties": { "centroid_id": 134, "tree_count": 54, "mean_dist_m": 43.528116905589904, "max_dist_m": 78.665526915862102, "center_x_m": 514750.0, "center_y_m": 3897775.0, "center_lon": -80.837918397651634, "center_lat": 35.222906175723217 }, "geometry": { "type": "Polygon", "coordinates": [ [ [ -80.837824466085237, 35.222205211628733 ], [ -80.837834340746568, 35.222201165444552 ], [ -80.837844660238602, 35.222197952553969 ], [ -80.837855320447687, 35.222195605371915 ], [ -80.83786621382275, 35.222194147579174 ], [ -80.837877230460293, 35.222193593883404 ], [ -80.837888259213258, 35.222193949870892 ], [ -80.837899188812315, 35.222195211950073 ], [ -80.837909908988564, 35.222197367387793 ], [ -80.837920311585862, 35.222200394437799 ], [ -80.838707969985009, 35.222466844911629 ], [ -80.838717727589113, 35.222470615486181 ], [ -80.838726987736678, 35.222475152851658 ], [ -80.83873566121828, 35.22248041329653 ], [ -80.838743664476212, 35.22248634614332 ], [ -80.838750920409439, 35.222492894236851 ], [ -80.838757359116343, 35.22249999449479 ], [ -80.838762918568193, 35.222507578515454 ], [ -80.838767545206679, 35.222515573236706 ], [ -80.838771194459881, 35.222523901639796 ], [ -80.838773831171665, 35.222532483491399 ], [ -80.838775429940426, 35.222541236116491 ], [ -80.838775975363745, 35.22255007519486 ], [ -80.838775462186859, 35.222558915573394 ], [ -80.838773895353199, 35.222567672086399 ], [ -80.838611755900715, 35.223241712787214 ], [ -80.83860904237973, 35.223250593196866 ], [ -80.838605245467221, 35.223259202043224 ], [ -80.838600404305055, 35.223267450578106 ], [ -80.838594568800261, 35.223275253767724 ], [ -80.838587799110499, 35.223282531169339 ], [ -80.838580165024069, 35.223289207760466 ], [ -80.838571745240245, 35.223295214712365 ], [ -80.838562626558158, 35.223300490099611 ], [ -80.838552902981888, 35.223304979538355 ], [ -80.838542674751437, 35.223308636747127 ], [ -80.838532047309258, 35.223311424023855 ], [ -80.838521130213365, 35.223313312634595 ], [ -80.837585858744191, 35.223434792858313 ], [ -80.837574600173895, 35.223435770625201 ], [ -80.837563278756932, 35.223435792624635 ], [ -80.837552014669683, 35.223434858623115 ], [ -80.837540927479949, 35.223432978535016 ], [ -80.837530134877795, 35.223430172317386 ], [ -80.8375197514262, 35.223426469758117 ], [ -80.837509887344993, 35.223421910159722 ], [ -80.837500647340832, 35.22341654192212 ], [ -80.837492129495828, 35.223410422028913 ], [ -80.83748442422629, 35.223403615442436 ], [ -80.83736975443118, 35.223291224887987 ], [ -80.837363534108647, 35.223284514142456 ], [ -80.837358104822655, 35.223277355980244 ], [ -80.837353514041723, 35.223269812985805 ], [ -80.837349801903173, 35.223261951108142 ], [ -80.837347000862295, 35.223253839084279 ], [ -80.837345135408526, 35.223245547838317 ], [ -80.837344221851382, 35.223237149861205 ], [ -80.837309202641606, 35.222557570272343 ], [ -80.837309301325419, 35.222548366642542 ], [ -80.83731054283443, 35.222539219213282 ], [ -80.837312914233152, 35.2225302232902 ], [ -80.837316390814038, 35.222521472600313 ], [ -80.8373209363548, 35.22251305831562 ], [ -80.837326503495902, 35.222505068103125 ], [ -80.837333034233978, 35.222497585211435 ], [ -80.837340460526164, 35.222490687603518 ], [ -80.837493350669106, 35.222362507157349 ], [ -80.837500933181786, 35.22235672228863 ], [ -80.837509145512698, 35.222351548697119 ], [ -80.837517914757939, 35.22234703231063 ], [ -80.837824466085237, 35.222205211628733 ] ] ] } },
{ "type": "Feature", "properties": { "centroid_id": 135, "tree_count": 23, "mean_dist_m": 48.669625944446935, "max_dist_m": 77.008415202178057, "center_x_m": 514750.0, "center_y_m": 3897950.0, "center_lon": -80.837915260021958, "center_lat": 35.224484163337642 }, "geometry": { "type": "Polygon", "coordinates": [ [ [ -80.838439839072279, 35.224266039839691 ], [ -80.838448372482588, 35.224260528032623 ], [ -80.838457527233359, 35.224255734315584 ], [ -80.838467213911542, 35.224251705508017 ], [ -80.838477337908841, 35.224248480958643 ], [ -80.838487800345803, 35.22424609216111 ], [ -80.838498499037513, 35.224244562446401 ], [ -80.838509329491615, 35.224243906755007 ], [ -80.838520185928857, 35.224244131490941 ], [ -80.838530962316256, 35.224245234459246 ], [ -80.838541553402578, 35.224247204887419 ], [ -80.838551855746445, 35.224250023530601 ], [ -80.838561768726521, 35.224253662859596 ], [ -80.838571195524295, 35.224258087329652 ], [ -80.838580044069701, 35.224263253727692 ], [ -80.838588227940249, 35.224269111594332 ], [ -80.838595667205254, 35.22427560371672 ], [ -80.838602289206392, 35.224282666687301 ], [ -80.838608029267348, 35.224290231523149 ], [ -80.838612831325605, 35.224298224339634 ], [ -80.838616648479857, 35.224306567072105 ], [ -80.838619443448209, 35.224315178238321 ], [ -80.838621188932294, 35.224323973734229 ], [ -80.838621867883845, 35.224332867655463 ], [ -80.838621473671324, 35.224341773136288 ], [ -80.838620010144567, 35.224350603198054 ], [ -80.838617491597319, 35.224359271598736 ], [ -80.838613942627575, 35.224367693675113 ], [ -80.838208924163695, 35.225194143543078 ], [ -80.838204471193563, 35.225202092366743 ], [ -80.838199100446118, 35.225209649687287 ], [ -80.838192862476163, 35.225216744367337 ], [ -80.838185816001712, 35.225223309624432 ], [ -80.838178027351347, 35.225229283659544 ], [ -80.838169569839806, 35.225234610238822 ], [ -80.838160523077903, 35.225239239222923 ], [ -80.838150972223133, 35.225243127039029 ], [ -80.838141007178095, 35.225246237090921 ], [ -80.838130721744179, 35.22524854010355 ], [ -80.838120212738701, 35.225250014398533 ], [ -80.838109579083451, 35.225250646098267 ], [ -80.838098920873549, 35.225250429256512 ], [ -80.83808833843527, 35.225249365914429 ], [ -80.838077931381648, 35.225247466081299 ], [ -80.838067797674796, 35.22524474764036 ], [ -80.838058032703756, 35.225241236180445 ], [ -80.838048728386596, 35.225236964755048 ], [ -80.838039972305268, 35.22523197357134 ], [ -80.838031846881009, 35.225226309611557 ], [ -80.838024428598686, 35.225220026190769 ], [ -80.838017787286702, 35.225213182455093 ], [ -80.838011985459787, 35.225205842824884 ], [ -80.838007077730538, 35.225198076388352 ], [ -80.83800311029529, 35.225189956251228 ], [ -80.838000120499373, 35.225181558848611 ], [ -80.83799813648551, 35.225172963225489 ], [ -80.837997176928951, 35.225164250292707 ], [ -80.837992346924423, 35.225069020707281 ], [ -80.837992504938711, 35.225059155161041 ], [ -80.838012354700638, 35.224819565553567 ], [ -80.838013195031166, 35.224812993041041 ], [ -80.838054515884252, 35.224574432297807 ], [ -80.838056488561264, 35.22456596903428 ], [ -80.838059436692447, 35.224557698919888 ], [ -80.838063333356345, 35.224549697474004 ], [ -80.838068142969959, 35.224542037762617 ], [ -80.838073821613548, 35.224534789731116 ], [ -80.83808031743186, 35.224528019565589 ], [ -80.838087571107522, 35.224521789088421 ], [ -80.838147921452276, 35.224474679347992 ], [ -80.838151510003954, 35.224471999433561 ], [ -80.838439839072279, 35.224266039839691 ] ] ] } },
{ "type": "Feature", "properties": { "centroid_id": 136, "tree_count": 47, "mean_dist_m": 49.988295350083369, "max_dist_m": 98.520829165038279, "center_x_m": 514775.0, "center_y_m": 3898125.0, "center_lon": -80.837637397913099, "center_lat": 35.226061782384775 }, "geometry": { "type": "Polygon", "coordinates": [ [ [ -80.837972541757082, 35.225985484300061 ], [ -80.837981478190557, 35.225980132534211 ], [ -80.837991025127195, 35.225975545202736 ], [ -80.838001085801025, 35.225971768801926 ], [ -80.838011558239018, 35.225968841608633 ], [ -80.838022336294614, 35.225966793292287 ], [ -80.838033310723603, 35.225965644614206 ], [ -80.838044370291385, 35.225965407217181 ], [ -80.838055402900437, 35.225966083507416 ], [ -80.838066296726467, 35.225967666630147 ], [ -80.838076941351829, 35.225970140539204 ], [ -80.838087228884746, 35.22597348015951 ], [ -80.838097055052813, 35.225977651641344 ], [ -80.83810632025984, 35.225982612703412 ], [ -80.838114930595395, 35.225988313061386 ], [ -80.838122798786699, 35.225994694937505 ], [ -80.838129845083074, 35.226001693646317 ], [ -80.838135998064388, 35.226009238250271 ], [ -80.838141195364926, 35.226017252278666 ], [ -80.83814538430552, 35.226025654502784 ], [ -80.838438944842096, 35.226711063713964 ], [ -80.838441988235147, 35.226719449842491 ], [ -80.838444026719415, 35.226728038531867 ], [ -80.838445041099234, 35.226736748906717 ], [ -80.838445021822338, 35.22674549894581 ], [ -80.838443969069928, 35.226754206254398 ], [ -80.838441892754915, 35.226762788840063 ], [ -80.83843881242862, 35.226771165884806 ], [ -80.838434757096664, 35.22677925850612 ], [ -80.838429764945872, 35.226786990499711 ], [ -80.838423882984628, 35.226794289057139 ], [ -80.838417166600308, 35.226801085451392 ], [ -80.83840967903771, 35.226807315684106 ], [ -80.838401490803435, 35.226812921088118 ], [ -80.838392679002112, 35.226817848880039 ], [ -80.83838332661017, 35.226822052657141 ], [ -80.838373521694635, 35.226825492834472 ], [ -80.838363356583699, 35.226828137017471 ], [ -80.838352926997459, 35.226829960307114 ], [ -80.838342331146407, 35.226830945534353 ], [ -80.838331668806731, 35.226831083421764 ], [ -80.83832104038072, 35.226830372670904 ], [ -80.838310545951245, 35.226828819974607 ], [ -80.837351014369645, 35.22664701008609 ], [ -80.837340635818379, 35.226644597682935 ], [ -80.837330595511659, 35.226641361961008 ], [ -80.837320990193135, 35.226637334098221 ], [ -80.837311912415032, 35.226632552905144 ], [ -80.837303449646441, 35.226627064451087 ], [ -80.837295683430483, 35.226620921620196 ], [ -80.837288688598477, 35.226614183601875 ], [ -80.837282532549153, 35.226606915320403 ], [ -80.837277274598947, 35.226599186809466 ], [ -80.837272965410662, 35.226591072537254 ], [ -80.837269646505291, 35.226582650688918 ], [ -80.837267349861847, 35.226574002413287 ], [ -80.837266097609316, 35.226565211040885 ], [ -80.837265901813453, 35.226556361280977 ], [ -80.837266764360507, 35.226547538405477 ], [ -80.837268676939061, 35.22653882742717 ], [ -80.837271621120152, 35.226530312280637 ], [ -80.837275568534821, 35.226522075013492 ], [ -80.837280481147502, 35.22651419499585 ], [ -80.837286311622506, 35.226506748155501 ], [ -80.837293003780175, 35.226499806246366 ], [ -80.837300493138102, 35.226493436157043 ], [ -80.837873863436755, 35.226051386267862 ], [ -80.837879941306994, 35.226047033771906 ], [ -80.837972541757082, 35.225985484300061 ] ] ] } },
{ "type": "Feature", "properties": { "centroid_id": 137, "tree_count": 16, "mean_dist_m": 34.530737038014905, "max_dist_m": 52.530007280915335, "center_x_m": 514775.0, "center_y_m": 3898500.0, "center_lon": -80.837630661679157, "center_lat": 35.229443182097384 }, "geometry": { "type": "Polygon", "coordinates": [ [ [ -80.837161079910217, 35.229084400861289 ], [ -80.837160268080652, 35.229075407878717 ], [ -80.837160555008438, 35.229066393333099 ], [ -80.837161937823581, 35.229057447380733 ], [ -80.837164402695919, 35.229048659491916 ], [ -80.837167924973443, 35.22904011755606 ], [ -80.837172469428836, 35.229031907002721 ], [ -80.837177990611806, 35.229024109947254 ], [ -80.837184433303733, 35.229016804369436 ], [ -80.837191733069773, 35.229010063333753 ], [ -80.837199816903421, 35.229003954258552 ], [ -80.837208603956654, 35.228998538241754 ], [ -80.837218006348436, 35.22899386944998 ], [ -80.837227930043682, 35.228989994576608 ], [ -80.83723827579368, 35.228986952374939 ], [ -80.83724894012876, 35.228984773270582 ], [ -80.837259816393043, 35.228983479057099 ], [ -80.837270795811094, 35.228983082678184 ], [ -80.837281768575863, 35.228983588098096 ], [ -80.837292624946841, 35.228984990262013 ], [ -80.837303256347568, 35.228987275146658 ], [ -80.83731355645152, 35.228990419900519 ], [ -80.837323422245532, 35.228994393072348 ], [ -80.83733275505999, 35.228999154925752 ], [ -80.837341461555638, 35.229004657836605 ], [ -80.837379011593626, 35.229030947628196 ], [ -80.837388861679429, 35.229038765615527 ], [ -80.83753504150377, 35.229170225536002 ], [ -80.837542991882557, 35.229178255953585 ], [ -80.837580541365952, 35.22922097589138 ], [ -80.837586445727396, 35.229228444518284 ], [ -80.837591423768245, 35.229236354464462 ], [ -80.837595426966971, 35.22924462863115 ], [ -80.837598416303791, 35.229253186369462 ], [ -80.837600362641126, 35.229261944266526 ], [ -80.837601247007527, 35.229270816958469 ], [ -80.83760106078266, 35.229279717962456 ], [ -80.837599805781323, 35.229288560519699 ], [ -80.83759749423578, 35.229297258441058 ], [ -80.83754117466259, 35.229468159244938 ], [ -80.837538074194114, 35.229476092933631 ], [ -80.837534094511099, 35.229483757946397 ], [ -80.837529269589353, 35.2294910888441 ], [ -80.837523640620901, 35.22949802304003 ], [ -80.837517255662178, 35.22950450133429 ], [ -80.837510169223947, 35.229510468419157 ], [ -80.837502441805697, 35.229515873351303 ], [ -80.837494139379359, 35.229520669986684 ], [ -80.83739355902847, 35.229573250076641 ], [ -80.837384412173179, 35.229577540377718 ], [ -80.837374806635637, 35.229581092246256 ], [ -80.837364830705965, 35.229583873034983 ], [ -80.837354576078823, 35.229585857183977 ], [ -80.837344137010561, 35.229587026455761 ], [ -80.837333609452855, 35.229587370102884 ], [ -80.837323090170727, 35.229586884966658 ], [ -80.837312675853184, 35.229585575506263 ], [ -80.837302462224372, 35.229583453757741 ], [ -80.837292543163798, 35.229580539223335 ], [ -80.837283009843404, 35.229576858692255 ], [ -80.837273949889507, 35.229572445994442 ], [ -80.837265446577405, 35.229567341689602 ], [ -80.83725757806593, 35.229561592694402 ], [ -80.837250416679069, 35.229555251851238 ], [ -80.83724402824113, 35.229548377442512 ], [ -80.837238471471736, 35.229541032654879 ], [ -80.837233797446203, 35.229533284998588 ], [ -80.837230049125893, 35.229525205686784 ], [ -80.837227260963502, 35.229516868981094 ], [ -80.837225458586346, 35.229508351508933 ], [ -80.837161079910217, 35.229084400861289 ] ] ] } },
{ "type": "Feature", "properties": { "centroid_id": 138, "tree_count": 18, "mean_dist_m": 42.248151821959567, "max_dist_m": 69.835103965435522, "center_x_m": 514775.0, "center_y_m": 3898675.0, "center_lon": -80.837627517719341, "center_lat": 35.231021167981837 }, "geometry": { "type": "Polygon", "coordinates": [ [ [ -80.837970104309349, 35.230582878242373 ], [ -80.83797862453477, 35.230577518320459 ], [ -80.837987741520436, 35.230572866137031 ], [ -80.837997368251891, 35.2305689660935 ], [ -80.838007412849521, 35.230565855412692 ], [ -80.838017779445622, 35.230563563783583 ], [ -80.838028369099248, 35.230562113077944 ], [ -80.838039080740614, 35.230561517141602 ], [ -80.838049812135608, 35.230561781662317 ], [ -80.838060460861655, 35.230562904115416 ], [ -80.838070925285137, 35.230564873788012 ], [ -80.838081105531444, 35.230567671881126 ], [ -80.838090904438204, 35.2305712716892 ], [ -80.838100228482588, 35.230575638854916 ], [ -80.838108988673895, 35.230580731697145 ], [ -80.838117101402915, 35.230586501608741 ], [ -80.838124489239917, 35.230592893520459 ], [ -80.838131081673652, 35.230599846426529 ], [ -80.838249482025645, 35.230738166968898 ], [ -80.838254898440994, 35.230745156535946 ], [ -80.838259510340166, 35.230752524416552 ], [ -80.838263278809094, 35.230760208442717 ], [ -80.838266172050311, 35.230768143778853 ], [ -80.838268165651186, 35.230776263468869 ], [ -80.83826924279002, 35.230784499001118 ], [ -80.838317123413333, 35.231428139301819 ], [ -80.838317246597938, 35.23143709349317 ], [ -80.838316286746036, 35.231446013555271 ], [ -80.838314253323588, 35.231454811515988 ], [ -80.838311166384429, 35.231463400607446 ], [ -80.838307056372486, 35.231471696121588 ], [ -80.838301963821564, 35.231479616245721 ], [ -80.838295938955568, 35.231487082869293 ], [ -80.838289041193235, 35.231494022354319 ], [ -80.838281338562098, 35.231500366261585 ], [ -80.838272907027587, 35.231506052025587 ], [ -80.838263829743852, 35.231511023571649 ], [ -80.838254196233663, 35.231515231868919 ], [ -80.838244101505495, 35.231518635413899 ], [ -80.838233645116588, 35.231521200639804 ], [ -80.838222930190923, 35.23152290224759 ], [ -80.838212062402377, 35.231523723455524 ], [ -80.83820114893237, 35.231523656164562 ], [ -80.838190297412851, 35.231522701038379 ], [ -80.837374796190559, 35.2314170905155 ], [ -80.837362485429395, 35.231414896389964 ], [ -80.837131834902053, 35.231362266372535 ], [ -80.83712146269491, 35.23135943668467 ], [ -80.837111484383982, 35.231355775580155 ], [ -80.837101998680993, 35.231351319276989 ], [ -80.837093099424379, 35.231346111859736 ], [ -80.837084874651111, 35.231340204843413 ], [ -80.837077405725594, 35.231333656663935 ], [ -80.83707076653495, 35.231326532100006 ], [ -80.837065022757969, 35.23131890163225 ], [ -80.837060231215361, 35.231310840745948 ], [ -80.837056439307759, 35.231302429184382 ], [ -80.837053684546717, 35.231293750159878 ], [ -80.837051994183682, 35.231284889530656 ], [ -80.837051384940395, 35.23127593495142 ], [ -80.837051862843524, 35.231266975006299 ], [ -80.837053423164974, 35.231258098332454 ], [ -80.837056050468789, 35.231249392743258 ], [ -80.837059718763769, 35.231240944359563 ], [ -80.837064391760649, 35.231232836757783 ], [ -80.837070023231135, 35.231225150143104 ], [ -80.83707655746511, 35.231217960556002 ], [ -80.837083929821915, 35.23121133912008 ], [ -80.837185630020301, 35.231128658927595 ], [ -80.837191934077353, 35.231123918137698 ], [ -80.837970104309349, 35.230582878242373 ] ] ] } },
{ "type": "Feature", "properties": { "centroid_id": 139, "tree_count": 11, "mean_dist_m": 29.844132211918517, "max_dist_m": 57.66589597823193, "center_x_m": 514775.0, "center_y_m": 3898850.0, "center_lon": -80.837624373515169, "center_lat": 35.232599153453862 }, "geometry": { "type": "Polygon", "coordinates": [ [ [ -80.838075087366278, 35.232233893067253 ], [ -80.838085684798983, 35.232234123267077 ], [ -80.838096205893862, 35.232235190179573 ], [ -80.838106552750617, 35.23223708387696 ], [ -80.838116629090123, 35.232239786738077 ], [ -80.838126341150513, 35.232243273612411 ], [ -80.83813559855956, 35.23224751205408 ], [ -80.838144315175569, 35.232252462623713 ], [ -80.838152409888977, 35.232258079255516 ], [ -80.838159807377082, 35.232264309685846 ], [ -80.838166438804919, 35.232271095939559 ], [ -80.838172242465788, 35.23227837486948 ], [ -80.838177164355471, 35.232286078743975 ], [ -80.838181158674686, 35.232294135877218 ], [ -80.83818418825534, 35.232302471296229 ], [ -80.838186224906408, 35.232311007438526 ], [ -80.838187249676139, 35.23231966487382 ], [ -80.838187253028579, 35.232328363043123 ], [ -80.838186234932195, 35.232337021008426 ], [ -80.838184204860227, 35.232345558205779 ], [ -80.838181181702581, 35.232353895194983 ], [ -80.838177193589971, 35.23236195439879 ], [ -80.83817227763231, 35.232369660824759 ], [ -80.838166479573246, 35.232376942763104 ], [ -80.838159853364644, 35.232383732453961 ], [ -80.838152460664503, 35.232389966717918 ], [ -80.838045169992085, 35.232472116831538 ], [ -80.838040882689953, 35.232475232063507 ], [ -80.837811453406999, 35.232633382206934 ], [ -80.837806811433808, 35.232636410527448 ], [ -80.837719840548118, 35.232690070666159 ], [ -80.837718679225446, 35.232690777424743 ], [ -80.83759902959487, 35.232762597491686 ], [ -80.837589919301521, 35.232767515881065 ], [ -80.837580259748023, 35.232771669214792 ], [ -80.837570146053238, 35.23277501659441 ], [ -80.837559677808159, 35.23277752505777 ], [ -80.837548958095056, 35.232779169903715 ], [ -80.837538092472485, 35.232779934935188 ], [ -80.837527187935819, 35.232779812618809 ], [ -80.837516351863627, 35.232778804159054 ], [ -80.837505690960256, 35.232776919486369 ], [ -80.837495310205156, 35.232774177159406 ], [ -80.837485311819094, 35.232770604182257 ], [ -80.83739028180436, 35.23273193455438 ], [ -80.837379455218397, 35.232726882610208 ], [ -80.837369394849333, 35.232720857994153 ], [ -80.837360229912676, 35.232713938086526 ], [ -80.836994689521532, 35.232404767779656 ], [ -80.836987674437637, 35.232398230265566 ], [ -80.836981460854361, 35.232391167904055 ], [ -80.836976106750853, 35.232383646594506 ], [ -80.836971662086384, 35.232375736518797 ], [ -80.836968168334138, 35.232367511486359 ], [ -80.836965658094243, 35.232359048245492 ], [ -80.836964154789626, 35.232350425767223 ], [ -80.836963672447354, 35.232341724508402 ], [ -80.836964215567875, 35.232333025660928 ], [ -80.836965779082973, 35.232324410394249 ], [ -80.83696834840309, 35.232315959097811 ], [ -80.83697189955349, 35.232307750631044 ], [ -80.836976399397912, 35.232299861587528 ], [ -80.836981805947886, 35.232292365580243 ], [ -80.836988068754422, 35.232285332554738 ], [ -80.836995129378863, 35.232278828136408 ], [ -80.837002921938094, 35.2322729130182 ], [ -80.837011373719349, 35.232267642394277 ], [ -80.837020405858681, 35.232263065444982 ], [ -80.837029934076867, 35.232259224877971 ], [ -80.837039869465784, 35.232256156529651 ], [ -80.837050119318036, 35.232253889030879 ], [ -80.837060587991999, 35.23225244353975 ], [ -80.837071177804177, 35.232251833544147 ], [ -80.838075087366278, 35.232233893067253 ] ] ] } },
{ "type": "Feature", "properties": { "centroid_id": 140, "tree_count": 29, "mean_dist_m": 46.048826873677044, "max_dist_m": 96.622628070718733, "center_x_m": 514775.0, "center_y_m": 3898875.0, "center_lon": -80.837623924323196, "center_lat": 35.232824579916198 }, "geometry": { "type": "Polygon", "coordinates": [ [ [ -80.837730350697015, 35.232712346758888 ], [ -80.837740354353571, 35.232708540304117 ], [ -80.837750772560426, 35.232705575537111 ], [ -80.837761500429906, 35.232703482306363 ], [ -80.837772429956772, 35.232702281685931 ], [ -80.837783451105537, 35.232701985763342 ], [ -80.837794452918331, 35.23270259751785 ], [ -80.83780532463193, 35.232704110790486 ], [ -80.837815956792937, 35.232706510346048 ], [ -80.837826242359625, 35.23270977202646 ], [ -80.837836077779698, 35.232713862994025 ], [ -80.837845364032759, 35.232718742061991 ], [ -80.8378540076272, 35.232724360109202 ], [ -80.837861921541503, 35.232730660574724 ], [ -80.838440981781829, 35.233240370175409 ], [ -80.838448060196569, 35.23324726128125 ], [ -80.83845426489269, 35.233254697692637 ], [ -80.838459533892262, 35.233262605128502 ], [ -80.838463814563781, 35.233270904602691 ], [ -80.838467064148006, 35.233279513213056 ], [ -80.838469250184986, 35.23328834496953 ], [ -80.838470350838392, 35.233297311653025 ], [ -80.838470355113586, 35.233306323696624 ], [ -80.838469262967536, 35.233315291080352 ], [ -80.838467085309134, 35.233324124230258 ], [ -80.838463843890381, 35.233332734913205 ], [ -80.838366944115791, 35.233550834770988 ], [ -80.838362875052312, 35.23355878857781 ], [ -80.838357898294461, 35.233566386973187 ], [ -80.838352059387191, 35.233573560419778 ], [ -80.838345411765602, 35.233580243269095 ], [ -80.838338016265823, 35.23358637436246 ], [ -80.838329940568272, 35.233591897590578 ], [ -80.838321258578361, 35.233596762407089 ], [ -80.838312049750087, 35.233600924291203 ], [ -80.838302398358863, 35.23360434515498 ], [ -80.838292392730338, 35.233606993692042 ], [ -80.838282124431984, 35.233608845664051 ], [ -80.83827168743521, 35.233609884122494 ], [ -80.83826117725522, 35.233610099563798 ], [ -80.838250690077047, 35.233609490016342 ], [ -80.838240321875162, 35.233608061058469 ], [ -80.838230167535215, 35.233605825767434 ], [ -80.838220319985695, 35.23360280459972 ], [ -80.837114759287488, 35.233213204842912 ], [ -80.837105121845269, 35.233209341116194 ], [ -80.837095989376323, 35.233204724937501 ], [ -80.837087448878052, 35.2331994002813 ], [ -80.837079581708551, 35.233193417871213 ], [ -80.837072462811648, 35.233186834696639 ], [ -80.837066160002934, 35.233179713470022 ], [ -80.837060733323796, 35.233172122029316 ], [ -80.837056234469372, 35.233164132691805 ], [ -80.837052706296205, 35.233155821565177 ], [ -80.837050182413904, 35.23314726782251 ], [ -80.837048686865046, 35.233138552948063 ], [ -80.837048233896127, 35.233129759961045 ], [ -80.837048827821832, 35.233120972624711 ], [ -80.837050462984024, 35.233112274648498 ], [ -80.837053123805589, 35.233103748890542 ], [ -80.837056784938852, 35.233095476568366 ], [ -80.837061411507094, 35.23308753648525 ], [ -80.837066959436697, 35.233080004279465 ], [ -80.837073375877154, 35.233072951703754 ], [ -80.837080599704422, 35.233066445941859 ], [ -80.837088562103261, 35.233060548968481 ], [ -80.837377251565528, 35.232866859142725 ], [ -80.837386139921804, 35.232861483609781 ], [ -80.837395640853757, 35.232856867022662 ], [ -80.837730350697015, 35.232712346758888 ] ] ] } },
{ "type": "Feature", "properties": { "centroid_id": 141, "tree_count": 24, "mean_dist_m": 69.05165099746398, "max_dist_m": 123.71253706555564, "center_x_m": 514825.0, "center_y_m": 3897675.0, "center_lon": -80.837096058807262, "center_lat": 35.222003362160088 }, "geometry": { "type": "Polygon", "coordinates": [ [ [ -80.83798798031701, 35.221325292070411 ], [ -80.837999021231795, 35.221325005530389 ], [ -80.838010041415259, 35.221325630098207 ], [ -80.838020929497731, 35.221327159462007 ], [ -80.838031575444504, 35.221329578166056 ], [ -80.838041871667826, 35.22133286176701 ], [ -80.838051714114286, 35.221336977080846 ], [ -80.838061003316227, 35.221341882518303 ], [ -80.838069645397056, 35.221347528505135 ], [ -80.838077553019914, 35.221353857983061 ], [ -80.838146193733095, 35.221414617342937 ], [ -80.83815325931009, 35.221421536283749 ], [ -80.838159446448643, 35.221429000274128 ], [ -80.838164693139419, 35.221436934508048 ], [ -80.838168946798433, 35.221445259466535 ], [ -80.838172164794102, 35.221453891714646 ], [ -80.83817431487445, 35.221462744737693 ], [ -80.838175375490451, 35.221471729808293 ], [ -80.838175336011957, 35.221480756875593 ], [ -80.838174196834274, 35.221489735467841 ], [ -80.838171969374201, 35.221498575599057 ], [ -80.838168675955629, 35.221507188670948 ], [ -80.83816434958581, 35.221515488360822 ], [ -80.838159033624549, 35.221523391486812 ], [ -80.837532533920239, 35.222353632500756 ], [ -80.837526573698796, 35.222360746004284 ], [ -80.837519811825729, 35.222367359203133 ], [ -80.837512310277219, 35.222373411483588 ], [ -80.837504137809077, 35.222378847373093 ], [ -80.837495369326447, 35.222383617048621 ], [ -80.837486085197398, 35.22238767679341 ], [ -80.836198623142735, 35.222887257057785 ], [ -80.83618875012003, 35.222890616243923 ], [ -80.836178526101847, 35.222893172458626 ], [ -80.836168047813103, 35.22289490151865 ], [ -80.836157414384303, 35.222895787066165 ], [ -80.836146726413673, 35.222895820723359 ], [ -80.836136085015468, 35.222895002171811 ], [ -80.836125590863276, 35.22289333915549 ], [ -80.836115343237708, 35.222890847407498 ], [ -80.836105439087021, 35.22288755050112 ], [ -80.836095972110016, 35.222883479626979 ], [ -80.836087031869525, 35.222878673297814 ], [ -80.836078702945102, 35.222873176984187 ], [ -80.836071064132895, 35.222867042684285 ], [ -80.836064187700131, 35.22286032843197 ], [ -80.836058138701489, 35.222853097747816 ], [ -80.836052974363582, 35.222845419038045 ], [ -80.836048743543628, 35.222837364947466 ], [ -80.83604548626721, 35.222829011672154 ], [ -80.836043233349614, 35.222820438238642 ], [ -80.83604200610435, 35.222811725756223 ], [ -80.83604181614146, 35.222802956649652 ], [ -80.836042665257793, 35.222794213879361 ], [ -80.836044545419909, 35.222785580156575 ], [ -80.83640530773836, 35.221494990105505 ], [ -80.836408197007273, 35.221486557080468 ], [ -80.836412069822885, 35.221478393912292 ], [ -80.836416889633782, 35.221470577643771 ], [ -80.836422610951047, 35.221463182043692 ], [ -80.836429179777525, 35.221456276910644 ], [ -80.836436534117411, 35.221449927414241 ], [ -80.836444604561379, 35.221444193480046 ], [ -80.836453314941721, 35.221439129224017 ], [ -80.836462583051102, 35.22143478244184 ], [ -80.83647232141854, 35.221431194157738 ], [ -80.836482438134794, 35.221428398237364 ], [ -80.836492837719931, 35.221426421068166 ], [ -80.836503422024307, 35.221425281310331 ], [ -80.83798798031701, 35.221325292070411 ] ] ] } },
{ "type": "Feature", "properties": { "centroid_id": 142, "tree_count": 72, "mean_dist_m": 57.098169825205709, "max_dist_m": 178.9754445829831, "center_x_m": 514850.0, "center_y_m": 3897875.0, "center_lon": -80.836817738229101, "center_lat": 35.223806406744224 }, "geometry": { "type": "Polygon", "coordinates": [ [ [ -80.835629075835627, 35.222699354948396 ], [ -80.835639025026538, 35.222699160124535 ], [ -80.83564895489404, 35.222699704751712 ], [ -80.83565878398916, 35.22270098436266 ], [ -80.835668431689484, 35.222702988461492 ], [ -80.835677818860503, 35.222705700609716 ], [ -80.83733654811536, 35.223255400925034 ], [ -80.837345498520264, 35.223258756930726 ], [ -80.837354047156353, 35.223262756540748 ], [ -80.837362125467266, 35.223267367680002 ], [ -80.837514435885254, 35.223362886971977 ], [ -80.837522753281235, 35.223368660856934 ], [ -80.837530333058339, 35.223375082195119 ], [ -80.837537100712524, 35.223382087869375 ], [ -80.83754298972228, 35.223389609018788 ], [ -80.837547942202548, 35.223397571715751 ], [ -80.837551909473589, 35.223405897692537 ], [ -80.837554852539611, 35.22341450511054 ], [ -80.837556742471975, 35.223423309364826 ], [ -80.837557560693597, 35.223432223915651 ], [ -80.837557299161574, 35.223441161139071 ], [ -80.837555960446224, 35.223450033188278 ], [ -80.837440870523039, 35.223991163656542 ], [ -80.837438514792538, 35.223999744487045 ], [ -80.837435151430583, 35.224008096153312 ], [ -80.837430812440516, 35.224016139186084 ], [ -80.837425539109205, 35.224023797052844 ], [ -80.837419381614168, 35.224030996886036 ], [ -80.837412398546135, 35.224037670176472 ], [ -80.837404656351538, 35.22404375342515 ], [ -80.837396228700214, 35.224049188747621 ], [ -80.837387195784473, 35.224053924424645 ], [ -80.837377643555982, 35.224057915394361 ], [ -80.837367662907923, 35.224061123681132 ], [ -80.837357348810116, 35.2240635187568 ], [ -80.837346799405267, 35.224065077831305 ], [ -80.837336115075203, 35.22406578606941 ], [ -80.836361803420303, 35.224091225811165 ], [ -80.836351265864423, 35.224091085997749 ], [ -80.836340793093839, 35.224090118486401 ], [ -80.836330481438722, 35.224088332176414 ], [ -80.836320425747246, 35.224085743498563 ], [ -80.836310718513147, 35.224082376263908 ], [ -80.836301449025029, 35.22407826144476 ], [ -80.836292702544938, 35.224073436889867 ], [ -80.836284559524216, 35.224067946976184 ], [ -80.836277094863448, 35.224061842200769 ], [ -80.836270377223499, 35.22405517871622 ], [ -80.835182617974851, 35.222864197611884 ], [ -80.835176620988733, 35.222856917471113 ], [ -80.835171516033114, 35.222849192901506 ], [ -80.835167351589135, 35.222841097262737 ], [ -80.835164167205903, 35.222832707438435 ], [ -80.835161993124942, 35.222824103106042 ], [ -80.835160849992974, 35.222815365980225 ], [ -80.835160748665928, 35.222806579036671 ], [ -80.835161690105707, 35.222797825724179 ], [ -80.835163665371255, 35.222789189172154 ], [ -80.835166655703333, 35.222780751401089 ], [ -80.835170632702741, 35.222772592543635 ], [ -80.835175558600028, 35.222764790083644 ], [ -80.835181386614224, 35.222757418120253 ], [ -80.835188061397062, 35.222750546664194 ], [ -80.835195519558653, 35.222744240972936 ], [ -80.835203690269523, 35.222738560930914 ], [ -80.83521249593322, 35.22273356048084 ], [ -80.835221852923283, 35.222729287111413 ], [ -80.835231672377404, 35.222725781406297 ], [ -80.835241861041368, 35.222723076658752 ], [ -80.835252322154602, 35.222721198555476 ], [ -80.835262956369206, 35.222720164932561 ], [ -80.835629075835627, 35.222699354948396 ] ] ] } },
{ "type": "Feature", "properties": { "centroid_id": 143, "tree_count": 33, "mean_dist_m": 40.429831091364527, "max_dist_m": 66.649523706996135, "center_x_m": 514850.0, "center_y_m": 3898050.0, "center_lon": -80.836814579187347, "center_lat": 35.225384394037206 }, "geometry": { "type": "Polygon", "coordinates": [ [ [ -80.836347166874077, 35.224812756945695 ], [ -80.836356386892533, 35.22480748613544 ], [ -80.836366214683864, 35.224803015517736 ], [ -80.836376547482544, 35.224799391840143 ], [ -80.836387277242352, 35.224796652994065 ], [ -80.836398291766258, 35.224794827618588 ], [ -80.83640947587962, 35.224793934800928 ], [ -80.83642071263445, 35.224793983876992 ], [ -80.837270971328522, 35.224833424192134 ], [ -80.837281747942072, 35.224834363239296 ], [ -80.837292359427209, 35.224836168752759 ], [ -80.837302702577347, 35.224838823172234 ], [ -80.837312676795676, 35.224842300681026 ], [ -80.837322185073589, 35.224846567457085 ], [ -80.837331134934061, 35.224851582002046 ], [ -80.837339439331231, 35.224857295544773 ], [ -80.83734701749691, 35.224863652515666 ], [ -80.837353795726116, 35.224870591087253 ], [ -80.83735970809397, 35.22487804377532 ], [ -80.837364697096874, 35.224885938095476 ], [ -80.837368714211735, 35.224894197267929 ], [ -80.837371720368012, 35.224902740964417 ], [ -80.837373686327652, 35.224911486089304 ], [ -80.837374592969468, 35.22492034758789 ], [ -80.837374431475155, 35.224929239273592 ], [ -80.837373203415041, 35.224938074666191 ], [ -80.837370920732866, 35.224946767832968 ], [ -80.837367605629581, 35.224955234224431 ], [ -80.837363290347511, 35.224963391496701 ], [ -80.837358016856655, 35.224971160312329 ], [ -80.837351836446629, 35.224978465111995 ], [ -80.83734480922773, 35.224985234849356 ], [ -80.837186558926291, 35.225123274447235 ], [ -80.83717893034364, 35.22512931621862 ], [ -80.836977761026077, 35.225273926500243 ], [ -80.836973261428199, 35.225276991280957 ], [ -80.836456940785297, 35.22561003157108 ], [ -80.836448351711567, 35.225615044145044 ], [ -80.836439216909909, 35.225619358455219 ], [ -80.836429620415146, 35.225622934812421 ], [ -80.836419650509399, 35.225625740316282 ], [ -80.836409398910035, 35.225627749157773 ], [ -80.836398959925859, 35.22562894285668 ], [ -80.836388429589491, 35.225629310431692 ], [ -80.836377904773997, 35.225628848501323 ], [ -80.836367482301611, 35.225627561315065 ], [ -80.83635725805307, 35.225625460714284 ], [ -80.836347326085559, 35.225622566023304 ], [ -80.836337777767412, 35.225618903871613 ], [ -80.836328700937599, 35.225614507948904 ], [ -80.836320179097569, 35.225609418695086 ], [ -80.836312290643235, 35.225603682928373 ], [ -80.836305108143605, 35.22559735341445 ], [ -80.836298697673328, 35.225590488381137 ], [ -80.83629311820475, 35.225583150982729 ], [ -80.836288421065476, 35.22557540871896 ], [ -80.836284649466137, 35.225567332814066 ], [ -80.83628183810292, 35.225558997561585 ], [ -80.836280012838401, 35.225550479640837 ], [ -80.836190153618205, 35.224968749503113 ], [ -80.836189336891763, 35.224960276544145 ], [ -80.83618949600627, 35.224951778125046 ], [ -80.83619062954773, 35.224943329752428 ], [ -80.836192727444583, 35.224935006488202 ], [ -80.836195771057177, 35.224926882282709 ], [ -80.836199733343435, 35.224919029317689 ], [ -80.836204579099117, 35.224911517364909 ], [ -80.836210265270509, 35.224904413166357 ], [ -80.836216741337154, 35.22489777984115 ], [ -80.836223949760537, 35.22489167632483 ], [ -80.83623182649535, 35.224886156845677 ], [ -80.836347166874077, 35.224812756945695 ] ] ] } },
{ "type": "Feature", "properties": { "centroid_id": 144, "tree_count": 63, "mean_dist_m": 41.694656567381912, "max_dist_m": 88.270321867535245, "center_x_m": 514850.0, "center_y_m": 3898225.0, "center_lon": -80.836811419900073, "center_lat": 35.226962380917797 }, "geometry": { "type": "Polygon", "coordinates": [ [ [ -80.837263012836132, 35.226532973682211 ], [ -80.837273487245085, 35.226531366917271 ], [ -80.837284102064359, 35.226530600146134 ], [ -80.837294757485097, 35.22653068057857 ], [ -80.83730535331668, 35.226531607458284 ], [ -80.83731578992878, 35.226533372070037 ], [ -80.8373259691882, 35.226535957821575 ], [ -80.837335795381478, 35.226539340399626 ], [ -80.837345176114994, 35.226543487998519 ], [ -80.837354023183622, 35.22654836161928 ], [ -80.83736225340013, 35.226553915436263 ], [ -80.837369789377405, 35.226560097228088 ], [ -80.837376560256004, 35.226566848868643 ], [ -80.837382502370573, 35.226574106873663 ], [ -80.837387559848381, 35.226581802997543 ], [ -80.837391685134691, 35.226589864875201 ], [ -80.837394839440009, 35.226598216702371 ], [ -80.837662210463634, 35.227450247053014 ], [ -80.837664403937083, 35.227459020691214 ], [ -80.837665525853907, 35.227467929601055 ], [ -80.837665565145201, 35.227476885889466 ], [ -80.837664521422965, 35.227485801195961 ], [ -80.837662404983959, 35.227494587564344 ], [ -80.83765923670812, 35.227503158310405 ], [ -80.837655047852536, 35.227511428877293 ], [ -80.837649879743196, 35.227519317669532 ], [ -80.837643783367142, 35.227526746858146 ], [ -80.837636818869584, 35.227533643148504 ], [ -80.837629054960431, 35.227539938503391 ], [ -80.837620568236474, 35.22754557081425 ], [ -80.837611442425697, 35.227550484514012 ], [ -80.837601767561182, 35.22755463112518 ], [ -80.837591639092906, 35.227557969738221 ], [ -80.837581156946115, 35.227560467415131 ], [ -80.837570424535286, 35.227562099514337 ], [ -80.837559547744064, 35.227562849933953 ], [ -80.837548633880459, 35.227562711270494 ], [ -80.837537790618313, 35.227561684891946 ], [ -80.836285549459248, 35.227391074624933 ], [ -80.836274920229357, 35.227389178612754 ], [ -80.836264571511222, 35.227386429635345 ], [ -80.836254604699675, 35.227382854626747 ], [ -80.836245117447689, 35.2273784886142 ], [ -80.836236202709543, 35.227373374375112 ], [ -80.83622794783011, 35.227367562017861 ], [ -80.836220433688979, 35.227361108490868 ], [ -80.836213733908153, 35.227354077024543 ], [ -80.836207914130568, 35.22734653651186 ], [ -80.836203031377039, 35.22733856083331 ], [ -80.83619913348754, 35.227330228133049 ], [ -80.836196258652521, 35.227321620053196 ], [ -80.836194435038692, 35.227312820933989 ], [ -80.836193680513134, 35.227303916987402 ], [ -80.836194002468147, 35.227294995452446 ], [ -80.836195397748952, 35.227286143740429 ], [ -80.836307577883801, 35.22677489367863 ], [ -80.836309960585538, 35.226766407739319 ], [ -80.836313329768714, 35.226758149969029 ], [ -80.83631765400952, 35.226750197385897 ], [ -80.836322892976639, 35.226742624161538 ], [ -80.836328997807357, 35.226735500929408 ], [ -80.836335911563324, 35.22672889412604 ], [ -80.836343569761638, 35.226722865371244 ], [ -80.836351900976197, 35.226717470893639 ], [ -80.836360827503896, 35.226712761005992 ], [ -80.836370266089418, 35.226708779636155 ], [ -80.836380128701606, 35.226705563917285 ], [ -80.836390323354564, 35.226703143841455 ], [ -80.837263012836132, 35.226532973682211 ] ] ] } },
{ "type": "Feature", "properties": { "centroid_id": 145, "tree_count": 10, "mean_dist_m": 27.865522896257083, "max_dist_m": 37.711917036569851, "center_x_m": 514850.0, "center_y_m": 3898400.0, "center_lon": -80.836808260367221, "center_lat": 35.228540367385961 }, "geometry": { "type": "Polygon", "coordinates": [ [ [ -80.836742799686775, 35.228750181433689 ], [ -80.836737011172332, 35.228742596445052 ], [ -80.836732167499022, 35.228734577996647 ], [ -80.836728316378696, 35.228726205073386 ], [ -80.836725495746066, 35.228717560151864 ], [ -80.836723733385156, 35.228708728387971 ], [ -80.83672304665555, 35.228699796777981 ], [ -80.836723442321443, 35.228690853301721 ], [ -80.836724916485053, 35.22868198605584 ], [ -80.836727454624935, 35.228673282386076 ], [ -80.836731031739106, 35.228664828026844 ], [ -80.836735612591369, 35.22865670625675 ], [ -80.836741152058337, 35.228648997078217 ], [ -80.836747595573968, 35.228641776429498 ], [ -80.836754879667026, 35.228635115436617 ], [ -80.836762932586396, 35.228629079712761 ], [ -80.836771675007753, 35.228623728711959 ], [ -80.836781020814996, 35.228619115143537 ], [ -80.836790877948502, 35.228615284452736 ], [ -80.836801149311952, 35.228612274373262 ], [ -80.836811733728752, 35.22861011455543 ], [ -80.836822526938647, 35.228608826274225 ], [ -80.836833422624736, 35.228608422219672 ], [ -80.836844313460659, 35.228608906371839 ], [ -80.836855092167866, 35.228610273961671 ], [ -80.8368656525723, 35.228612511517916 ], [ -80.836875890650219, 35.228615596999866 ], [ -80.83688570555293, 35.228619500014439 ], [ -80.836895000600066, 35.228624182115539 ], [ -80.836903684232013, 35.22862959718281 ], [ -80.836911670911761, 35.228635691875901 ], [ -80.837080650952004, 35.22877811150633 ], [ -80.837087893599218, 35.228784858305708 ], [ -80.837094281401079, 35.228792163383773 ], [ -80.837099750849887, 35.228799954113526 ], [ -80.837104247568107, 35.228808153039559 ], [ -80.837107726849126, 35.228816678648194 ], [ -80.83711015410158, 35.228825446177801 ], [ -80.837111505193405, 35.228834368461612 ], [ -80.837111766691635, 35.228843356794201 ], [ -80.837110935996137, 35.228852321813463 ], [ -80.837109021365322, 35.228861174389102 ], [ -80.837106041834119, 35.228869826508635 ], [ -80.83710202702477, 35.228878192152536 ], [ -80.837097016852283, 35.228886188149389 ], [ -80.837091061127637, 35.228893735002806 ], [ -80.837084219062561, 35.228900757681735 ], [ -80.837076558680835, 35.228907186366499 ], [ -80.837068156142081, 35.228912957142896 ], [ -80.837059094984482, 35.228918012637678 ], [ -80.837049465294285, 35.22892230258892 ], [ -80.83703936281016, 35.228925784345769 ], [ -80.837028887971371, 35.228928423292452 ], [ -80.83701814491917, 35.228930193192447 ], [ -80.837007240461418, 35.228931076449342 ], [ -80.836996283010706, 35.228931064281774 ], [ -80.83698538150648, 35.228930156810691 ], [ -80.836974644331946, 35.228928363058216 ], [ -80.836964178236542, 35.228925700857928 ], [ -80.836954087274606, 35.228922196677523 ], [ -80.836944471770821, 35.228917885355692 ], [ -80.836935427322814, 35.228912809755762 ], [ -80.836884466854841, 35.228881039658852 ], [ -80.836878135651574, 35.228876778212133 ], [ -80.836872208760013, 35.228872141759737 ], [ -80.836787719300801, 35.228800931821681 ], [ -80.836781743711853, 35.228795466926201 ], [ -80.836776329783888, 35.228789621243997 ], [ -80.836742799686775, 35.228750181433689 ] ] ] } },
{ "type": "Feature", "properties": { "centroid_id": 146, "tree_count": 9, "mean_dist_m": 24.104953927256574, "max_dist_m": 49.102429170390558, "center_x_m": 514850.0, "center_y_m": 3898750.0, "center_lon": -80.836801940564769, "center_lat": 35.231696339084991 }, "geometry": { "type": "Polygon", "coordinates": [ [ [ -80.837031529864319, 35.231251665060938 ], [ -80.837040595276193, 35.231246858107397 ], [ -80.837050191674948, 35.23124280401295 ], [ -80.837060226488816, 35.231239541885458 ], [ -80.837070602916882, 35.23123710319301 ], [ -80.837081220862899, 35.231235511460476 ], [ -80.837091977900812, 35.23123478204252 ], [ -80.83710277026286, 35.231234921975471 ], [ -80.837113493840477, 35.231235929909467 ], [ -80.837124045188673, 35.231237796121448 ], [ -80.837134322523823, 35.231240502609012 ], [ -80.83714422670559, 35.231244023264033 ], [ -80.837153662193145, 35.231248324124486 ], [ -80.837162537966961, 35.231253363702095 ], [ -80.837170768406693, 35.23125909338254 ], [ -80.837178274117207, 35.231265457894423 ], [ -80.837184982694396, 35.231272395842389 ], [ -80.837190829423662, 35.23127984029945 ], [ -80.837195757904226, 35.231287719452524 ], [ -80.837278099103145, 35.231436978789453 ], [ -80.837282004141031, 35.231445077406939 ], [ -80.837284938721496, 35.231453447362803 ], [ -80.837286875466859, 35.23146201057174 ], [ -80.837287796308445, 35.231470687145631 ], [ -80.837287692655181, 35.231479396138631 ], [ -80.837286565473775, 35.231488056302503 ], [ -80.83728442527962, 35.231496586844465 ], [ -80.83728129203881, 35.231504908180995 ], [ -80.837277194981809, 35.231512942680311 ], [ -80.837272172330842, 35.231520615386522 ], [ -80.837266270943203, 35.231527854719026 ], [ -80.837259545874261, 35.231534593140246 ], [ -80.837252059863687, 35.231540767785717 ], [ -80.837034418959348, 35.231703727920234 ], [ -80.837032613743986, 35.231705049993124 ], [ -80.836950914358439, 35.23176357041293 ], [ -80.83694951977894, 35.231764552596232 ], [ -80.83687996974578, 35.231812712817245 ], [ -80.836879278110644, 35.23181318776907 ], [ -80.836786298075126, 35.231876507365698 ], [ -80.836777799382247, 35.231881746768018 ], [ -80.836768723490479, 35.23188628793821 ], [ -80.836759155319399, 35.23189008838628 ], [ -80.836749184394691, 35.231893112552889 ], [ -80.836738904010488, 35.231895332142045 ], [ -80.8367284103564, 35.231896726385919 ], [ -80.83671780161761, 35.231897282239061 ], [ -80.836707177056056, 35.231896994500602 ], [ -80.836696636081768, 35.231895865862782 ], [ -80.836686277322656, 35.231893906885851 ], [ -80.836676197701706, 35.231891135899197 ], [ -80.836666491530067, 35.231887578829905 ], [ -80.83665724962465, 35.231883268960125 ], [ -80.836648558458336, 35.231878246615651 ], [ -80.836640499350978, 35.231872558788659 ], [ -80.836633147708355, 35.23186625869792 ], [ -80.836626572316803, 35.231859405290969 ], [ -80.836620834699488, 35.231852062692475 ], [ -80.8366159885408, 35.231844299604241 ], [ -80.836612079184121, 35.23183618866242 ], [ -80.836609143207411, 35.231827805757902 ], [ -80.836607208081148, 35.231819229326128 ], [ -80.836606291911224, 35.231810539613356 ], [ -80.836606403269528, 35.231801817925671 ], [ -80.836607541113807, 35.231793145868373 ], [ -80.836609694797374, 35.231784604582302 ], [ -80.836612844168812, 35.231776273984778 ], [ -80.836756704488124, 35.231452064234091 ], [ -80.836760430559835, 35.231444697961138 ], [ -80.836764935353585, 35.231437630647839 ], [ -80.836770183627237, 35.231430917583275 ], [ -80.836776134322264, 35.231424611285135 ], [ -80.836782740884999, 35.231418761088918 ], [ -80.83686922068739, 35.231348671654182 ], [ -80.836875563990134, 35.231343917848257 ], [ -80.836882340482035, 35.231339585124324 ], [ -80.837031529864319, 35.231251665060938 ] ] ] } },
{ "type": "Feature", "properties": { "centroid_id": 147, "tree_count": 11, "mean_dist_m": 43.287000411894283, "max_dist_m": 87.330838903461796, "center_x_m": 514850.0, "center_y_m": 3898975.0, "center_lon": -80.836797877315831, "center_lat": 35.233725177163194 }, "geometry": { "type": "Polygon", "coordinates": [ [ [ -80.836158100037707, 35.233145977517346 ], [ -80.836151081359802, 35.233139043493622 ], [ -80.836144941473648, 35.2331315691874 ], [ -80.836139741729582, 35.233123629282964 ], [ -80.836135534083851, 35.233115303116925 ], [ -80.836132360579512, 35.233106673885409 ], [ -80.836130252926296, 35.23309782781282 ], [ -80.836129232183779, 35.233088853290234 ], [ -80.836129308550994, 35.233079839992179 ], [ -80.836130481264519, 35.233070877980595 ], [ -80.836132738606068, 35.233062056804933 ], [ -80.836136058019733, 35.23305346460738 ], [ -80.836140406337194, 35.233045187242112 ], [ -80.83614574010933, 35.233037307417455 ], [ -80.836152006040237, 35.233029903869429 ], [ -80.836159141519886, 35.233023050575 ], [ -80.836167075249634, 35.233016816013013 ], [ -80.836175727954739, 35.233011262479792 ], [ -80.836185013176404, 35.233006445466742 ], [ -80.836194838135754, 35.233002413105893 ], [ -80.836205104660863, 35.232999205688998 ], [ -80.836215710167622, 35.232996855264822 ], [ -80.836226548684891, 35.232995385319036 ], [ -80.836237511913211, 35.232994810539445 ], [ -80.836248490307085, 35.232995136669317 ], [ -80.836259374169458, 35.232996360449896 ], [ -80.836270054747814, 35.232998469653111 ], [ -80.837015774522214, 35.233178519339063 ], [ -80.83702607782385, 35.2331814703874 ], [ -80.837035973613965, 35.23318524530351 ], [ -80.837045364315003, 35.233189806864843 ], [ -80.837054157329817, 35.233195110092076 ], [ -80.8370622659547, 35.233201102692711 ], [ -80.837069610234295, 35.233207725576641 ], [ -80.837076117750058, 35.233214913438829 ], [ -80.83708172433434, 35.233222595403277 ], [ -80.83708637470302, 35.233230695721829 ], [ -80.837090023000755, 35.233239134521128 ], [ -80.837092633253121, 35.233247828590194 ], [ -80.837094179721319, 35.23325669220096 ], [ -80.837094647156007, 35.233265637953515 ], [ -80.837094030947654, 35.233274577637957 ], [ -80.837092337172081, 35.233283423104226 ], [ -80.837089582530453, 35.233292087131268 ], [ -80.836951183649234, 35.233652967783904 ], [ -80.836947406590824, 35.233661343216141 ], [ -80.83694263831174, 35.233669371028718 ], [ -80.836936925582094, 35.233676972479557 ], [ -80.836930324435841, 35.233684073008639 ], [ -80.836922899621172, 35.233690602969261 ], [ -80.836914723965421, 35.233696498311254 ], [ -80.836905877660698, 35.233701701209164 ], [ -80.836896447477372, 35.233706160629517 ], [ -80.836886525912874, 35.233709832831323 ], [ -80.836876210284515, 35.233712681795147 ], [ -80.836865601774903, 35.233714679576472 ], [ -80.836854804439426, 35.233715806579681 ], [ -80.836843924185601, 35.233716051750392 ], [ -80.83683306773429, 35.2337154126838 ], [ -80.836822341572912, 35.233713895648293 ], [ -80.836811850910834, 35.233711515524007 ], [ -80.83680169864752, 35.233708295656754 ], [ -80.836791984363146, 35.233704267629193 ], [ -80.836782803341848, 35.233699470950903 ], [ -80.836774245637145, 35.233693952670905 ], [ -80.836766395188533, 35.233687766916198 ], [ -80.83670367482101, 35.233633196634983 ], [ -80.836702700783036, 35.233632338045716 ], [ -80.836158100037707, 35.233145977517346 ] ] ] } },
{ "type": "Feature", "properties": { "centroid_id": 149, "tree_count": 5, "mean_dist_m": 38.174597363847788, "max_dist_m": 52.517948888771237, "center_x_m": 514875.0, "center_y_m": 3898775.0, "center_lon": -80.836526745139921, "center_lat": 35.231921394843084 }, "geometry": { "type": "Polygon", "coordinates": [ [ [ -80.836595297309259, 35.231781520071316 ], [ -80.836603730149264, 35.23177627699463 ], [ -80.836612738406188, 35.23177172358853 ], [ -80.836622238582393, 35.231767902058529 ], [ -80.836632142620786, 35.231764847826398 ], [ -80.836642358720781, 35.231762589201793 ], [ -80.836652792189426, 35.231761147119897 ], [ -80.836663346318915, 35.231760534947341 ], [ -80.836673923283143, 35.231760758358391 ], [ -80.836684425044254, 35.231761815282212 ], [ -80.836694754261501, 35.231763695922197 ], [ -80.836704815193414, 35.231766382846708 ], [ -80.836714514585267, 35.231769851150659 ], [ -80.836723762533339, 35.231774068686342 ], [ -80.836732473318378, 35.231778996361442 ], [ -80.836740566200021, 35.231784588501348 ], [ -80.836747966165191, 35.231790793272495 ], [ -80.836754604623451, 35.231797553162842 ], [ -80.83676042004268, 35.23180480551494 ], [ -80.8367653585195, 35.231812483106701 ], [ -80.836769374278873, 35.231820514774412 ], [ -80.836956625369993, 35.232253264077741 ], [ -80.836959745412557, 35.232261787251545 ], [ -80.836961826287251, 35.232270521261761 ], [ -80.836962847724919, 35.232279381034509 ], [ -80.836962799775861, 35.232288280270836 ], [ -80.836961682906775, 35.232297132287378 ], [ -80.836959507996212, 35.232305850860712 ], [ -80.836956296228692, 35.232314351067153 ], [ -80.836952078888231, 35.232322550110034 ], [ -80.836946897053792, 35.232330368126171 ], [ -80.83694080119902, 35.232337728963728 ], [ -80.836933850700717, 35.232344560924062 ], [ -80.83692611326039, 35.232350797460079 ], [ -80.836917664244936, 35.232356377824374 ], [ -80.836908585952358, 35.232361247661082 ], [ -80.836898966810281, 35.23236535953523 ], [ -80.836888900514509, 35.232368673394838 ], [ -80.836878485116472, 35.232371156961023 ], [ -80.836867822068029, 35.23237278604244 ], [ -80.836857015233363, 35.232373544770908 ], [ -80.836846169877205, 35.232373425755966 ], [ -80.836098338240475, 35.232334875552503 ], [ -80.836087747010509, 35.232333904744557 ], [ -80.836077320182312, 35.232332096797883 ], [ -80.836067155806646, 35.232329468713864 ], [ -80.836057349466259, 35.232326045206221 ], [ -80.836047993376965, 35.232321858468588 ], [ -80.836039175520568, 35.23231694787178 ], [ -80.836030978817405, 35.232311359593616 ], [ -80.836023480346654, 35.232305146184494 ], [ -80.836016750621454, 35.232298366073437 ], [ -80.836010852925881, 35.232291083018545 ], [ -80.836005842719814, 35.232283365507364 ], [ -80.836001767117381, 35.23227528611298 ], [ -80.835998664443991, 35.232266920811441 ], [ -80.835996563875881, 35.232258348267401 ], [ -80.835995485165824, 35.232249649094278 ], [ -80.835995438457289, 35.232240905096297 ], [ -80.835996424189204, 35.232232198499126 ], [ -80.83599843309176, 35.232223611176742 ], [ -80.836001446273556, 35.232215223881461 ], [ -80.836005435399343, 35.232207115484584 ], [ -80.836010362956458, 35.232199362234709 ], [ -80.836016182607594, 35.232192037040768 ], [ -80.836022839626523, 35.232185208786348 ], [ -80.836030271412739, 35.232178941681987 ], [ -80.836105511927059, 35.232121362045895 ], [ -80.836108010629687, 35.23211950779266 ], [ -80.836213690016947, 35.232043467990771 ], [ -80.836215637133193, 35.232042099607987 ], [ -80.836595297309259, 35.231781520071316 ] ] ] } },
{ "type": "Feature", "properties": { "centroid_id": 150, "tree_count": 41, "mean_dist_m": 60.182288377040415, "max_dist_m": 181.09916228701175, "center_x_m": 514950.0, "center_y_m": 3897950.0, "center_lon": -80.835717508826477, "center_lat": 35.224481200813955 }, "geometry": { "type": "Polygon", "coordinates": [ [ [ -80.835051176803958, 35.222874523543311 ], [ -80.835056678762726, 35.222866856769812 ], [ -80.835063074711115, 35.222859672266949 ], [ -80.835070302376508, 35.222853039984678 ], [ -80.835078291388584, 35.222847024496353 ], [ -80.835086963964386, 35.222841684370074 ], [ -80.835096235665745, 35.222837071598462 ], [ -80.835106016221303, 35.222833231092466 ], [ -80.835116210405388, 35.222830200244076 ], [ -80.835126718965256, 35.222828008562246 ], [ -80.835137439587299, 35.222826677385704 ], [ -80.835148267893331, 35.222826219675007 ], [ -80.835159098456671, 35.222826639886577 ], [ -80.835169825828658, 35.222827933929125 ], [ -80.835180345565362, 35.222830089203562 ], [ -80.835190555244395, 35.222833084725714 ], [ -80.835200355462092, 35.222836891330523 ], [ -80.835209650801403, 35.222841471956066 ], [ -80.835218350760812, 35.222846782004424 ], [ -80.83522637063551, 35.222852769775784 ], [ -80.835233632342096, 35.222859376971911 ], [ -80.83524006517878, 35.222866539263677 ], [ -80.835245606513823, 35.222874186917423 ], [ -80.836201607360096, 35.224355346785742 ], [ -80.836204375369661, 35.224359947093738 ], [ -80.836443305929365, 35.224787247020096 ], [ -80.836447303605993, 35.224795429730698 ], [ -80.836450308408303, 35.224803893663804 ], [ -80.836452291614748, 35.224812557917417 ], [ -80.836453234268674, 35.224821339674797 ], [ -80.836453127359405, 35.224830154996027 ], [ -80.836451971908502, 35.224838919620325 ], [ -80.836449778959945, 35.224847549771489 ], [ -80.836446569474603, 35.224855962958642 ], [ -80.836442374129888, 35.224864078764696 ], [ -80.836437233026544, 35.224871819615068 ], [ -80.836431195305352, 35.224879111519172 ], [ -80.836424318677388, 35.224885884777599 ], [ -80.836416668872474, 35.224892074648359 ], [ -80.836408319010872, 35.224897621965845 ], [ -80.836399348904337, 35.224902473706116 ], [ -80.836389844293279, 35.224906583494004 ], [ -80.836379896027196, 35.224909912046208 ], [ -80.836369599196274, 35.224912427546819 ], [ -80.836359052222519, 35.224914105951513 ], [ -80.836348355918901, 35.224914931217299 ], [ -80.836168810304827, 35.224921542746486 ], [ -80.836163437043481, 35.224921632654642 ], [ -80.835366811783942, 35.224918970999703 ], [ -80.835356088428924, 35.224918504592395 ], [ -80.835345471753044, 35.224917181566205 ], [ -80.835335063139709, 35.224915014555322 ], [ -80.835324961985464, 35.224912024253527 ], [ -80.835315264750719, 35.224908239216532 ], [ -80.835306064038647, 35.224903695589347 ], [ -80.835297447710914, 35.224898436761137 ], [ -80.835289498048496, 35.22489251295076 ], [ -80.835282290966134, 35.224885980727308 ], [ -80.835275895287225, 35.224878902469875 ], [ -80.835270372086711, 35.224871345771859 ], [ -80.835265774107796, 35.224863382795448 ], [ -80.834675534441004, 35.223697052737307 ], [ -80.834671732225814, 35.223688287817531 ], [ -80.834669050867774, 35.22367924806219 ], [ -80.834667518911601, 35.223670029706462 ], [ -80.834667152665773, 35.223660730886849 ], [ -80.834671173497981, 35.223489830217474 ], [ -80.83467184168093, 35.223481491471709 ], [ -80.834673447763294, 35.223473239296787 ], [ -80.83467597795017, 35.223465144570653 ], [ -80.834679410509509, 35.223457276818863 ], [ -80.834683715958803, 35.22344970361754 ], [ -80.835051176803958, 35.222874523543311 ] ] ] } },
{ "type": "Feature", "properties": { "centroid_id": 151, "tree_count": 49, "mean_dist_m": 36.561655406688963, "max_dist_m": 61.157118833493506, "center_x_m": 514950.0, "center_y_m": 3898125.0, "center_lon": -80.835714328406098, "center_lat": 35.226059187843838 }, "geometry": { "type": "Polygon", "coordinates": [ [ [ -80.835249713230311, 35.225545099889352 ], [ -80.835257280834398, 35.225539132975776 ], [ -80.835265507627668, 35.225533785661639 ], [ -80.8352743185701, 35.225529106721972 ], [ -80.835283633293514, 35.225525138835245 ], [ -80.835293366834478, 35.225521918194147 ], [ -80.835303430409482, 35.225519474175435 ], [ -80.83531373222462, 35.225517829071961 ], [ -80.835324178312945, 35.225516997889358 ], [ -80.835334673391557, 35.225516988209201 ], [ -80.835345121730711, 35.225517800119768 ], [ -80.836165881521353, 35.225614210258982 ], [ -80.836176800254634, 35.225615959575073 ], [ -80.836187447488584, 35.225618605798573 ], [ -80.836197714099782, 35.225622121808371 ], [ -80.836207494865747, 35.225626471568887 ], [ -80.836216689543406, 35.225631610499477 ], [ -80.836225203896419, 35.225637485931273 ], [ -80.836232950661085, 35.22564403764698 ], [ -80.83623985044062, 35.225651198498085 ], [ -80.836245832518927, 35.225658895092998 ], [ -80.836250835585403, 35.22566704854929 ], [ -80.836254808363293, 35.225675575302134 ], [ -80.836311218248767, 35.225817855513561 ], [ -80.83631412818383, 35.22582669908828 ], [ -80.836315929654276, 35.22583573928523 ], [ -80.836316604068401, 35.225844882808886 ], [ -80.836316144465826, 35.225854035297296 ], [ -80.836314555589325, 35.225863102296017 ], [ -80.836311853835852, 35.225871990232818 ], [ -80.836164454715458, 35.22626965077486 ], [ -80.836160869134446, 35.226277871376176 ], [ -80.836156331421833, 35.226285768883123 ], [ -80.836150884123256, 35.226293269248117 ], [ -80.836144578312755, 35.226300302147159 ], [ -80.836137473113922, 35.22630680163924 ], [ -80.836129635145468, 35.226312706784604 ], [ -80.836121137896683, 35.226317962216108 ], [ -80.836112061038378, 35.226322518658407 ], [ -80.836102489675881, 35.226326333389878 ], [ -80.836092513551037, 35.226329370643299 ], [ -80.836082226200872, 35.226331601941069 ], [ -80.836071724080483, 35.226333006362381 ], [ -80.835270882635399, 35.226407655854359 ], [ -80.835260122935338, 35.226408221969201 ], [ -80.835249347414532, 35.226407920160753 ], [ -80.835238659802727, 35.226406753334359 ], [ -80.835228162983356, 35.226404732722393 ], [ -80.83521795800327, 35.226401877776091 ], [ -80.835208143099834, 35.226398215978406 ], [ -80.835198812755422, 35.226393782579315 ], [ -80.835190056787738, 35.226388620256579 ], [ -80.835181959485269, 35.226382778704902 ], [ -80.835174598795874, 35.226376314157456 ], [ -80.835168045576424, 35.226369288844658 ], [ -80.835162362910651, 35.226361770395073 ], [ -80.835157605502005, 35.226353831184362 ], [ -80.835153819146953, 35.226345547638573 ], [ -80.83515104029415, 35.226336999498479 ], [ -80.835149295693654, 35.226328269051869 ], [ -80.835068826362615, 35.225748739115623 ], [ -80.835068135235559, 35.225740034338088 ], [ -80.835068472405084, 35.225731315495153 ], [ -80.835069834715384, 35.225722664185248 ], [ -80.835072209416438, 35.225714161374739 ], [ -80.835075574283479, 35.225705886640164 ], [ -80.835079897824897, 35.225697917423503 ], [ -80.835085139577075, 35.225690328307486 ], [ -80.835091250483046, 35.225683190317426 ], [ -80.83509817335154, 35.22567657025666 ], [ -80.835249713230311, 35.225545099889352 ] ] ] } },
{ "type": "Feature", "properties": { "centroid_id": 152, "tree_count": 18, "mean_dist_m": 42.957708003465868, "max_dist_m": 57.033490313752488, "center_x_m": 514950.0, "center_y_m": 3898300.0, "center_lon": -80.835711147738522, "center_lat": 35.2276371744613 }, "geometry": { "type": "Polygon", "coordinates": [ [ [ -80.836148137214053, 35.227294135590277 ], [ -80.836158189028808, 35.22729055885884 ], [ -80.83616862493696, 35.227287821207874 ], [ -80.83617934120339, 35.22728594985017 ], [ -80.836190231306276, 35.227284963387412 ], [ -80.83620118699578, 35.227284871625258 ], [ -80.836212099370144, 35.227285675475812 ], [ -80.83622285995817, 35.227287366948644 ], [ -80.836233361797426, 35.227289929230189 ], [ -80.836243500497474, 35.227293336850856 ], [ -80.83625317527752, 35.227297555938172 ], [ -80.83626228996819, 35.227302544553567 ], [ -80.836270753967483, 35.22730825310915 ], [ -80.836278483141299, 35.227314624860711 ], [ -80.836285400659847, 35.227321596471683 ], [ -80.836291437761318, 35.227329098642755 ], [ -80.836296534435363, 35.227337056800742 ], [ -80.836300640019644, 35.227345391839812 ], [ -80.83630371370343, 35.227354020907811 ], [ -80.836305724933268, 35.227362858229874 ], [ -80.836306653716747, 35.227371815960986 ], [ -80.836306490821201, 35.227380805059262 ], [ -80.836305237865446, 35.227389736170934 ], [ -80.836302907303832, 35.227398520518619 ], [ -80.836299522302369, 35.227407070783812 ], [ -80.836295116508452, 35.227415301974773 ], [ -80.836289733716484, 35.22742313227144 ], [ -80.836283427432463, 35.227430483838688 ], [ -80.836276260342217, 35.227437283600104 ], [ -80.836268303688271, 35.22744346396432 ], [ -80.836168033503952, 35.227513913865188 ], [ -80.836167939178765, 35.227513980062319 ], [ -80.8360643000305, 35.227586630470419 ], [ -80.835443838359723, 35.228020707747575 ], [ -80.835440547335793, 35.228022921296947 ], [ -80.835349046792302, 35.228082071785543 ], [ -80.835340371567668, 35.228087140795452 ], [ -80.835331139085937, 35.22809149695042 ], [ -80.835321436060255, 35.228095099336613 ], [ -80.835311353623254, 35.228097914119722 ], [ -80.835300986471083, 35.22809991486276 ], [ -80.835290431974087, 35.228101082774373 ], [ -80.835279789262103, 35.228101406885287 ], [ -80.835269158293599, 35.228100884151409 ], [ -80.835258638916713, 35.228099519482349 ], [ -80.83524832993146, 35.228097325695352 ], [ -80.835238328161822, 35.22809432339487 ], [ -80.835228727546308, 35.228090540779135 ], [ -80.835219618255678, 35.228086013375162 ], [ -80.835211085846069, 35.228080783705195 ], [ -80.835203210455361, 35.2280749008873 ], [ -80.835196066050543, 35.228068420174004 ], [ -80.835189719732995, 35.228061402433362 ], [ -80.835184231108286, 35.228053913577263 ], [ -80.835069846950262, 35.227879195766633 ], [ -80.83506845260554, 35.2278769937964 ], [ -80.835046995149824, 35.227841937085401 ], [ -80.835042617980918, 35.227833810428812 ], [ -80.835039236770342, 35.227825369752388 ], [ -80.835036884346323, 35.227816697007512 ], [ -80.835035583548418, 35.227807876398728 ], [ -80.835035347005899, 35.227798993566203 ], [ -80.835036177014999, 35.227790134754187 ], [ -80.835038065516756, 35.227781385973671 ], [ -80.835040994175202, 35.227772832167368 ], [ -80.835044934555413, 35.227764556384876 ], [ -80.835049848399635, 35.227756638976473 ], [ -80.835055687998661, 35.227749156812877 ], [ -80.835062396655161, 35.227742182538982 ], [ -80.835069909234065, 35.227735783868575 ], [ -80.835078152795035, 35.227730022926764 ], [ -80.835087047300632, 35.227724955646941 ], [ -80.835096506393398, 35.227720631227676 ], [ -80.836148137214053, 35.227294135590277 ] ] ] } },
{ "type": "Feature", "properties": { "centroid_id": 153, "tree_count": 6, "mean_dist_m": 60.385503263946788, "max_dist_m": 74.718566954745967, "center_x_m": 514950.0, "center_y_m": 3898500.0, "center_lon": -80.835707512387117, "center_lat": 35.229440587233405 }, "geometry": { "type": "Polygon", "coordinates": [ [ [ -80.835152116119232, 35.228943516147858 ], [ -80.835145831743475, 35.228936277814505 ], [ -80.835140446290055, 35.228928567030287 ], [ -80.835136012073605, 35.228920458698589 ], [ -80.835132572168234, 35.228912031584528 ], [ -80.83513015998922, 35.228903367549925 ], [ -80.835128798968341, 35.228894550758007 ], [ -80.83512850232637, 35.228885666855923 ], [ -80.835129272944542, 35.228876802142651 ], [ -80.835131103336678, 35.228868042730795 ], [ -80.835133975721831, 35.228859473709974 ], [ -80.835137862197129, 35.228851178320348 ], [ -80.835142725008751, 35.228843237143963 ], [ -80.835148516918707, 35.228835727321986 ], [ -80.835155181663737, 35.228828721805336 ], [ -80.835162654501829, 35.2288222886461 ], [ -80.835170862841196, 35.228816490336399 ], [ -80.835179726945341, 35.228811383201368 ], [ -80.835189160707699, 35.228807016852052 ], [ -80.835199072488081, 35.228803433703419 ], [ -80.8352093660028, 35.228800668562371 ], [ -80.835219941260036, 35.228798748289684 ], [ -80.835230695531166, 35.228797691538958 ], [ -80.835241524348575, 35.228797508575539 ], [ -80.835252322520518, 35.228798201176744 ], [ -80.83526298515298, 35.228799762614621 ], [ -80.835273408668556, 35.228802177721278 ], [ -80.835283491812547, 35.228805423036214 ], [ -80.835293136636722, 35.228809467034274 ], [ -80.835302249450592, 35.228814270431776 ], [ -80.835310741731632, 35.228819786568302 ], [ -80.835318530985177, 35.228825961859691 ], [ -80.835566281615371, 35.22904274137435 ], [ -80.835573178737846, 35.229049394734417 ], [ -80.835579258953743, 35.229056564437784 ], [ -80.835584465209664, 35.229064183208123 ], [ -80.835588748652839, 35.229072179555295 ], [ -80.835592069089628, 35.229080478446207 ], [ -80.835594395362691, 35.229089002008813 ], [ -80.835595705643271, 35.229097670262867 ], [ -80.835595987636097, 35.229106401870411 ], [ -80.835595238694822, 35.229115114898974 ], [ -80.835593465846728, 35.229123727590377 ], [ -80.835590685726913, 35.22913215912795 ], [ -80.835586924422188, 35.229140330394827 ], [ -80.835582217226246, 35.229148164716364 ], [ -80.835576608308571, 35.229155588579609 ], [ -80.835570150299915, 35.229162532323087 ], [ -80.835562903798532, 35.229168930790514 ], [ -80.835554936801472, 35.229174723942137 ], [ -80.835546324066542, 35.229179857418146 ], [ -80.835537146410942, 35.229184283048802 ], [ -80.835527489952739, 35.229187959306358 ], [ -80.835517445302912, 35.22919085169476 ], [ -80.835507106715042, 35.229192933073428 ], [ -80.83549657120092, 35.229194183911773 ], [ -80.835485937620149, 35.229194592472638 ], [ -80.83547530575261, 35.229194154922268 ], [ -80.835464775362041, 35.229192875366437 ], [ -80.835454445260027, 35.229190765811794 ], [ -80.835444412378706, 35.229187846053293 ], [ -80.835434770861227, 35.229184143488354 ], [ -80.835425611178351, 35.229179692859887 ], [ -80.835417019279532, 35.229174535930177 ], [ -80.835409075786401, 35.229168721089088 ], [ -80.835234045582027, 35.229027521581941 ], [ -80.835224836491136, 35.229019096478105 ], [ -80.835152116119232, 35.228943516147858 ] ] ] } },
{ "type": "Feature", "properties": { "centroid_id": 154, "tree_count": 2, "mean_dist_m": 66.454717270869367, "max_dist_m": 77.454380296624521, "center_x_m": 514950.0, "center_y_m": 3898625.0, "center_lon": -80.835705240128519, "center_lat": 35.230567719942414 }, "geometry": { "type": "Polygon", "coordinates": [ [ [ -80.835288138650256, 35.231204937132539 ], [ -80.835279811792418, 35.231210560693668 ], [ -80.835270853240658, 35.231215487500613 ], [ -80.835261349270851, 35.231219670105411 ], [ -80.835251391411632, 35.23122306822718 ], [ -80.835241075562848, 35.231225649140043 ], [ -80.835230501072076, 35.231227387988334 ], [ -80.835219769777737, 35.23122826802593 ], [ -80.835208985028402, 35.23122828077755 ], [ -80.835198250687455, 35.231227426120419 ], [ -80.835187670132797, 35.231225712285351 ], [ -80.835177345261258, 35.231223155777577 ], [ -80.835167375507297, 35.231219781217767 ], [ -80.835157856885345, 35.231215621104852 ], [ -80.835148881065109, 35.231210715503089 ], [ -80.835140534488787, 35.231205111656273 ], [ -80.835132897538514, 35.231198863532626 ], [ -80.83512604376233, 35.231192031305142 ], [ -80.835120039165773, 35.231184680772046 ], [ -80.835114941576236, 35.231176882723098 ], [ -80.835110800086113, 35.231168712257919 ], [ -80.835107654579971, 35.231160248062622 ], [ -80.835105535350479, 35.231151571652127 ], [ -80.835104462806669, 35.231142766585052 ], [ -80.835104447277359, 35.231133917659044 ], [ -80.835105488911779, 35.231125110094105 ], [ -80.835107577678073, 35.231116428711857 ], [ -80.835110693459981, 35.231107957118709 ], [ -80.835114806250516, 35.231099776900656 ], [ -80.835119876441013, 35.23109196683756 ], [ -80.835125855202591, 35.231084602144499 ], [ -80.835132684956363, 35.231077753747357 ], [ -80.835140299928014, 35.231071487599813 ], [ -80.835325370892022, 35.230933457974395 ], [ -80.83533369771834, 35.230927834409783 ], [ -80.83534265623463, 35.230922907597851 ], [ -80.835352160165598, 35.230918724986367 ], [ -80.835362117983422, 35.230915326856021 ], [ -80.835372433789075, 35.230912745932592 ], [ -80.835383008236036, 35.230911007071704 ], [ -80.835393739486875, 35.23091012701947 ], [ -80.835404524194146, 35.230910114251266 ], [ -80.835415258495544, 35.230910968890043 ], [ -80.835425839014249, 35.23091268270521 ], [ -80.835436163854354, 35.23091523919183 ], [ -80.835446133582323, 35.230918613729607 ], [ -80.83545565218445, 35.230922773820019 ], [ -80.835464627991598, 35.230927679399201 ], [ -80.835472974561966, 35.230933283223919 ], [ -80.835480611513589, 35.230939531326378 ], [ -80.835487465298428, 35.230946363534095 ], [ -80.835493469910745, 35.230953714049313 ], [ -80.835498567522706, 35.230961512082665 ], [ -80.835502709041307, 35.230969682534948 ], [ -80.835505854581243, 35.230978146720332 ], [ -80.835507973848934, 35.230986823124169 ], [ -80.835509046434396, 35.230995628188005 ], [ -80.83550906200766, 35.231004477114276 ], [ -80.835508020418445, 35.231013284682987 ], [ -80.835505931697469, 35.231021966072426 ], [ -80.835502815959941, 35.23103043767599 ], [ -80.835498703211826, 35.231038617907437 ], [ -80.835493633060892, 35.231046427986563 ], [ -80.835487654335296, 35.231053792697935 ], [ -80.835480824613285, 35.231060641115221 ], [ -80.835473209668763, 35.231066907284287 ], [ -80.835288138650256, 35.231204937132539 ] ] ] } },
{ "type": "Feature", "properties": { "centroid_id": 155, "tree_count": 14, "mean_dist_m": 47.925352953402061, "max_dist_m": 82.753467549515761, "center_x_m": 514975.0, "center_y_m": 3898850.0, "center_lon": -80.835426403512386, "center_lat": 35.232596185055968 }, "geometry": { "type": "Polygon", "coordinates": [ [ [ -80.835673017972994, 35.232240371187835 ], [ -80.835681353338174, 35.232235344357548 ], [ -80.835690227833027, 35.232230982849984 ], [ -80.835699562825297, 35.232227325310134 ], [ -80.835709275602611, 35.232224404145484 ], [ -80.835719280105252, 35.232222245238901 ], [ -80.83572948768871, 35.232220867719278 ], [ -80.835739807909093, 35.232220283792103 ], [ -80.835750149324525, 35.2322204986312 ], [ -80.83576042030532, 35.232221510333034 ], [ -80.835996460363347, 35.232254069607436 ], [ -80.836007019333564, 35.232255968405376 ], [ -80.836017299875834, 35.232258709135252 ], [ -80.83602720252911, 35.232262265281364 ], [ -80.83603663148827, 35.232266602439118 ], [ -80.836045495530996, 35.232271678647876 ], [ -80.836053708900337, 35.232277444796885 ], [ -80.836061192134324, 35.232283845100433 ], [ -80.836067872834789, 35.232290817637555 ], [ -80.836073686367769, 35.232298294951072 ], [ -80.836078576488873, 35.23230620470023 ], [ -80.836082495887325, 35.232314470360571 ], [ -80.836085406643846, 35.232323011964311 ], [ -80.836275157042465, 35.233008152117918 ], [ -80.836277016981441, 35.233016795687632 ], [ -80.83627784387221, 35.233025546678292 ], [ -80.836277629879561, 35.233034322172941 ], [ -80.836276377030771, 35.233043039022448 ], [ -80.836274097196437, 35.233051614633297 ], [ -80.836270811978039, 35.233059967750222 ], [ -80.836266552503247, 35.233068019226074 ], [ -80.836261359131001, 35.233075692771827 ], [ -80.836255281069114, 35.233082915679319 ], [ -80.836248375908042, 35.233089619510295 ], [ -80.83624070907517, 35.233095740744815 ], [ -80.836232353214896, 35.233101221383102 ], [ -80.836223387500368, 35.233106009495145 ], [ -80.836213896883223, 35.233110059712743 ], [ -80.836203971288683, 35.23311333365934 ], [ -80.836193704763502, 35.233115800313719 ], [ -80.836183194584876, 35.233117436303864 ], [ -80.836172540338637, 35.233118226128511 ], [ -80.836161842975713, 35.233118162303874 ], [ -80.836151203855579, 35.233117245434734 ], [ -80.835181822693158, 35.232994315483097 ], [ -80.835171368637603, 35.232992559629196 ], [ -80.835161171405503, 35.232989980196031 ], [ -80.835151327134199, 35.232986601501992 ], [ -80.835141928633448, 35.232982455400709 ], [ -80.835133064510316, 35.232977580980759 ], [ -80.835124818333796, 35.232972024197174 ], [ -80.83498084869197, 35.232864994176111 ], [ -80.834973146994102, 35.23285867054809 ], [ -80.834966246320334, 35.23285175226988 ], [ -80.834960214499588, 35.232844307343655 ], [ -80.834955110820459, 35.232836408948152 ], [ -80.834950985448444, 35.232828134719384 ], [ -80.834947878932951, 35.232819565987533 ], [ -80.834945821808617, 35.232810786977559 ], [ -80.834944834295257, 35.232801883981239 ], [ -80.834944926099141, 35.232792944509086 ], [ -80.834946096317495, 35.232784056430042 ], [ -80.834948333447571, 35.232775307107943 ], [ -80.834951615499506, 35.23276678254264 ], [ -80.834955910212713, 35.232758566524787 ], [ -80.834961175372769, 35.232750739812225 ], [ -80.834967359226539, 35.2327433793361 ], [ -80.83497440099076, 35.232736557444817 ], [ -80.834982231449573, 35.232730341192827 ], [ -80.835530761481422, 35.23233615157406 ], [ -80.835532951098855, 35.232334619140467 ], [ -80.8356003612314, 35.232288678609713 ], [ -80.835601398386643, 35.232287980512595 ], [ -80.835673017972994, 35.232240371187835 ] ] ] } },
{ "type": "Feature", "properties": { "centroid_id": 156, "tree_count": 30, "mean_dist_m": 40.833768477668272, "max_dist_m": 66.899127314238186, "center_x_m": 515025.0, "center_y_m": 3898025.0, "center_lon": -80.834891982366429, "center_lat": 35.225156359759396 }, "geometry": { "type": "Polygon", "coordinates": [ [ [ -80.8342647705812, 35.224774075254217 ], [ -80.834268627246331, 35.224765731300934 ], [ -80.834273470135869, 35.224757741023218 ], [ -80.834279251816056, 35.224750182681497 ], [ -80.834285915658285, 35.22474313030559 ], [ -80.834293396393633, 35.224736652969646 ], [ -80.834301620752257, 35.224730814115624 ], [ -80.834310508180948, 35.224725670931825 ], [ -80.834319971632212, 35.224721273792902 ], [ -80.834329918416685, 35.224717665766377 ], [ -80.834340251111144, 35.224714882190845 ], [ -80.83435086851263, 35.224712950329888 ], [ -80.83436166662959, 35.224711889104974 ], [ -80.834372539700567, 35.22471170891022 ], [ -80.835237688930789, 35.224732519403432 ], [ -80.835248910149133, 35.224733262674022 ], [ -80.835259979807546, 35.224734944117081 ], [ -80.835270781725683, 35.224737546085265 ], [ -80.835281202533196, 35.224741041269908 ], [ -80.835291132859567, 35.224745392987664 ], [ -80.835300468482103, 35.224750555565564 ], [ -80.835309111419619, 35.224756474820339 ], [ -80.835316970960932, 35.22476308862705 ], [ -80.835323964616833, 35.224770327571179 ], [ -80.835330018985886, 35.224778115677118 ], [ -80.835419469123181, 35.224907335426693 ], [ -80.835424525164882, 35.224915599327751 ], [ -80.835428523219889, 35.224924244672529 ], [ -80.835431421243555, 35.224933180545023 ], [ -80.835433188759382, 35.224942312973901 ], [ -80.835433807179442, 35.22495154592086 ], [ -80.835433269999925, 35.22496078229041 ], [ -80.835362460556809, 35.225545862340958 ], [ -80.835360907577012, 35.225554457616177 ], [ -80.835358353578584, 35.225562890327751 ], [ -80.835354822277765, 35.225571082169147 ], [ -80.835350346466072, 35.225578957070589 ], [ -80.835344967705836, 35.225586441905392 ], [ -80.835338735944248, 35.225593467168991 ], [ -80.835331709049555, 35.225599967624476 ], [ -80.835323952273669, 35.225605882908226 ], [ -80.835315537646309, 35.225611158090608 ], [ -80.835306543306089, 35.225615744185987 ], [ -80.835297052774862, 35.225619598607608 ], [ -80.835079792348608, 35.225697378362902 ], [ -80.835068833038008, 35.225700744030675 ], [ -80.835057499709777, 35.22570313436573 ], [ -80.83504592087688, 35.225704522263122 ], [ -80.835034227836147, 35.225704891984961 ], [ -80.834401747563916, 35.225697232579456 ], [ -80.834390544748857, 35.225696626217257 ], [ -80.834379475802749, 35.225695085058291 ], [ -80.834368656266648, 35.225692625189659 ], [ -80.834358199078196, 35.22568927228825 ], [ -80.834348213392673, 35.225685061352657 ], [ -80.834338803443643, 35.225680036337906 ], [ -80.834330067454914, 35.225674249696667 ], [ -80.83432209661521, 35.225667761831602 ], [ -80.834314974126357, 35.225660640465023 ], [ -80.834308774334772, 35.22565295993185 ], [ -80.834303561955437, 35.225644800403757 ], [ -80.834299391396399, 35.225636247052279 ], [ -80.83426536128222, 35.225554586842961 ], [ -80.834262222259895, 35.225545537025127 ], [ -80.83426024960643, 35.225536268065575 ], [ -80.83418245029813, 35.225009898006157 ], [ -80.834181659183173, 35.225000147524646 ], [ -80.834182158574563, 35.22499038405298 ], [ -80.834183942606629, 35.224980722259893 ], [ -80.834186990326046, 35.224971275619971 ], [ -80.8342647705812, 35.224774075254217 ] ] ] } },
{ "type": "Feature", "properties": { "centroid_id": 157, "tree_count": 40, "mean_dist_m": 32.434633251808165, "max_dist_m": 58.120924808103098, "center_x_m": 515050.0, "center_y_m": 3898200.0, "center_lon": -80.834614059425107, "center_lat": 35.226733971525142 }, "geometry": { "type": "Polygon", "coordinates": [ [ [ -80.834147994278837, 35.226327070500382 ], [ -80.834155558413087, 35.226320564349713 ], [ -80.834163874635763, 35.226314708721873 ], [ -80.834172860248657, 35.2263095618463 ], [ -80.834182425897055, 35.22630517490451 ], [ -80.834192476458355, 35.226301591521015 ], [ -80.834202911987916, 35.226298847329623 ], [ -80.834213628712959, 35.226296969619071 ], [ -80.834224520064438, 35.226295977061646 ], [ -80.83423547773684, 35.226295879527527 ], [ -80.835124626514983, 35.226324369603731 ], [ -80.835135246914845, 35.226325134544716 ], [ -80.835145726998306, 35.226326740356178 ], [ -80.835155968123615, 35.226329171923744 ], [ -80.835165873898234, 35.226332406360733 ], [ -80.835175351085923, 35.22633641322367 ], [ -80.835184310484451, 35.226341154798739 ], [ -80.835192667765114, 35.226346586456764 ], [ -80.835200344266482, 35.226352657073328 ], [ -80.835207267734788, 35.226359309509895 ], [ -80.835213373004009, 35.226366481151658 ], [ -80.835218602609174, 35.226374104496877 ], [ -80.835222907327378, 35.226382107792183 ], [ -80.835226246640929, 35.226390415708039 ], [ -80.835228589118813, 35.226398950047617 ], [ -80.835229912712578, 35.22640763048296 ], [ -80.835230204963807, 35.226416375310968 ], [ -80.835229463121379, 35.226425102222407 ], [ -80.835227694167443, 35.22643372907666 ], [ -80.835224914751663, 35.226442174674887 ], [ -80.83522115103456, 35.226450359524236 ], [ -80.835216438441208, 35.226458206586095 ], [ -80.835210821327919, 35.226465642001202 ], [ -80.835204352564674, 35.226472595784848 ], [ -80.83519709303755, 35.226479002485561 ], [ -80.835128703016608, 35.226533771993559 ], [ -80.835126231801638, 35.226535690658153 ], [ -80.834819112071017, 35.226766851395759 ], [ -80.834815852866598, 35.226769208865313 ], [ -80.834303552718723, 35.227125249241247 ], [ -80.834294995264599, 35.227130627973672 ], [ -80.834285836747853, 35.227135292869292 ], [ -80.834276165294028, 35.227139199041304 ], [ -80.834266073964358, 35.227142308903474 ], [ -80.83425565986019, 35.2271445925319 ], [ -80.834245023188771, 35.227146027952934 ], [ -80.834234266298964, 35.227146601354541 ], [ -80.83422349269641, 35.227146307219314 ], [ -80.834212806047546, 35.227145148377502 ], [ -80.834202309182174, 35.227143135979773 ], [ -80.834192103103845, 35.227140289389972 ], [ -80.834182286018134, 35.227136635998733 ], [ -80.834172952387519, 35.227132210959944 ], [ -80.834164192022556, 35.227127056852467 ], [ -80.834156089217615, 35.227121223270458 ], [ -80.834148721939854, 35.227114766346162 ], [ -80.834142161078887, 35.22710774820974 ], [ -80.834136469764758, 35.22710023639145 ], [ -80.834131702760473, 35.227092303171908 ], [ -80.834127905935048, 35.227084024886501 ], [ -80.834125115822161, 35.227075481190909 ], [ -80.834123359268645, 35.227066754294647 ], [ -80.834040209639241, 35.226474083719282 ], [ -80.834039495638564, 35.22646478953552 ], [ -80.834039953684922, 35.226455484491879 ], [ -80.834041578892268, 35.22644626783854 ], [ -80.834044353925322, 35.226437237882919 ], [ -80.83404824918442, 35.226428490940975 ], [ -80.834053223121344, 35.226420120309953 ], [ -80.834059222682413, 35.226412215273264 ], [ -80.834066183874455, 35.226404860148094 ], [ -80.834147994278837, 35.226327070500382 ] ] ] } },
{ "type": "Feature", "properties": { "centroid_id": 158, "tree_count": 18, "mean_dist_m": 37.699835616763906, "max_dist_m": 59.936590680479512, "center_x_m": 515050.0, "center_y_m": 3898375.0, "center_lon": -80.834610857375807, "center_lat": 35.228311957878915 }, "geometry": { "type": "Polygon", "coordinates": [ [ [ -80.835160923289536, 35.227979729100483 ], [ -80.835171200394257, 35.227977276101363 ], [ -80.835181719574763, 35.227975655077053 ], [ -80.835192381046568, 35.227974881404542 ], [ -80.835203083675438, 35.227974962422849 ], [ -80.835213725936711, 35.227975897363415 ], [ -80.835224206878351, 35.227977677357458 ], [ -80.835234427078646, 35.227980285520033 ], [ -80.835244289589127, 35.227983697110218 ], [ -80.835253700854437, 35.227987879765827 ], [ -80.835262571599614, 35.227992793810344 ], [ -80.835270817676999, 35.227998392629324 ], [ -80.835278360864478, 35.228004623112611 ], [ -80.835285129607499, 35.228011426158048 ], [ -80.835291059697752, 35.228018737232162 ], [ -80.835296094882381, 35.228026486982337 ], [ -80.835300187397493, 35.228034601894663 ], [ -80.835303298421323, 35.228043004991292 ], [ -80.835305398442429, 35.228051616560627 ], [ -80.835306467539766, 35.228060354913509 ], [ -80.835306495571544, 35.228069137158052 ], [ -80.835305482271522, 35.228077879985989 ], [ -80.835303437251511, 35.228086500462972 ], [ -80.835113597782566, 35.228720370987979 ], [ -80.835110499454885, 35.228728882619244 ], [ -80.835106395470362, 35.228737102798775 ], [ -80.835101325658869, 35.228744951747665 ], [ -80.83509533922394, 35.228752353289899 ], [ -80.835088494265179, 35.228759235591653 ], [ -80.835080857214507, 35.228765531858407 ], [ -80.835072502191252, 35.228771180983294 ], [ -80.835063510282964, 35.228776128140069 ], [ -80.835053968758373, 35.228780325315284 ], [ -80.835043970220411, 35.228783731774243 ], [ -80.835033611707502, 35.228786314456379 ], [ -80.835022993751707, 35.22878804829606 ], [ -80.83501221940314, 35.228788916465916 ], [ -80.835001393229732, 35.228788910540132 ], [ -80.834990620302406, 35.228788030576212 ], [ -80.834980005175268, 35.228786285114438 ], [ -80.83496965087096, 35.228783691094989 ], [ -80.834959657880745, 35.228780273693509 ], [ -80.834950123189174, 35.228776066076819 ], [ -80.834941139332884, 35.228771109080895 ], [ -80.834293048570501, 35.228374118811701 ], [ -80.83428470166966, 35.228368459634801 ], [ -80.834277074013499, 35.228362153928103 ], [ -80.834270239651602, 35.228355262907783 ], [ -80.834264264932131, 35.2283478534723 ], [ -80.83425920785777, 35.228339997552844 ], [ -80.834255117522588, 35.228331771415114 ], [ -80.83425203363548, 35.22832325491887 ], [ -80.834249986134637, 35.228314530742665 ], [ -80.834248994896967, 35.228305683581198 ], [ -80.834249069545095, 35.228296799323068 ], [ -80.834250209353996, 35.22828796421701 ], [ -80.83425240325802, 35.228279264034548 ], [ -80.834255629958321, 35.228270783237321 ], [ -80.834259858129698, 35.228262604157166 ], [ -80.834265046724667, 35.228254806196809 ], [ -80.834271145371957, 35.228247465059034 ], [ -80.834278094865525, 35.228240652011763 ], [ -80.834285827739365, 35.228234433196178 ], [ -80.834294268922449, 35.228228868984658 ], [ -80.834303336467499, 35.228224013394609 ], [ -80.834312942346585, 35.228219913564232 ], [ -80.834322993305676, 35.228216609294648 ], [ -80.835160923289536, 35.227979729100483 ] ] ] } },
{ "type": "Feature", "properties": { "centroid_id": 159, "tree_count": 1, "mean_dist_m": 86.573634952200635, "max_dist_m": 86.573634952200635, "center_x_m": 515075.0, "center_y_m": 3898750.0, "center_lon": -80.834329251831107, "center_lat": 35.231692980105315 }, "geometry": { "type": "Polygon", "coordinates": [ [ [ -80.834983622897667, 35.231227892458733 ], [ -80.834984169976806, 35.231219054916245 ], [ -80.834985770151675, 35.231210303926886 ], [ -80.834988408011398, 35.231201723767434 ], [ -80.834992058151656, 35.231193397069426 ], [ -80.834996685419327, 35.231185404023464 ], [ -80.835002245251061, 35.231177821606813 ], [ -80.83500868410249, 35.231170722842172 ], [ -80.835015939963881, 35.231164176094389 ], [ -80.835023942957264, 35.2311582444121 ], [ -80.835032616009485, 35.231152984920499 ], [ -80.835041875594413, 35.231148448271242 ], [ -80.835051632537329, 35.2311446781546 ], [ -80.835061792873773, 35.231141710878774 ], [ -80.835072258754423, 35.231139575020144 ], [ -80.835082929387426, 35.231138291148149 ], [ -80.835093702009075, 35.231137871627134 ], [ -80.835104472873482, 35.231138320497301 ], [ -80.83511513825168, 35.231139633435802 ], [ -80.835125595430569, 35.231141797798344 ], [ -80.835135743702111, 35.231144792741048 ], [ -80.835145485333157, 35.231148589421025 ], [ -80.835154726506687, 35.231153151274285 ], [ -80.835163378225317, 35.231158434367828 ], [ -80.835171357168363, 35.23116438782268 ], [ -80.835178586494266, 35.231170954303984 ], [ -80.835184996580637, 35.23117807057308 ], [ -80.835190525694742, 35.231185668096494 ], [ -80.835195120588025, 35.231193673706066 ], [ -80.835198737008923, 35.231202010303541 ], [ -80.835201340129075, 35.231210597602953 ], [ -80.835202904878685, 35.231219352904034 ], [ -80.835203416188037, 35.231228191888455 ], [ -80.835202869132601, 35.231237029431988 ], [ -80.835201268980498, 35.231245780424246 ], [ -80.835198631141722, 35.231254360588331 ], [ -80.835194981019797, 35.231262687292528 ], [ -80.835190353767132, 35.231270680346007 ], [ -80.835184793946482, 35.23127826277122 ], [ -80.835178355101803, 35.231285361545119 ], [ -80.835171099242601, 35.231291908302516 ], [ -80.835163096246731, 35.23129783999439 ], [ -80.835154423187433, 35.231303099495193 ], [ -80.835145163591136, 35.23130763615292 ], [ -80.835135406632972, 35.231311406276951 ], [ -80.835125246277997, 35.231314373558824 ], [ -80.835114780376259, 35.231316509421916 ], [ -80.835104109720405, 35.231317793296618 ], [ -80.835093337075008, 35.231318212818486 ], [ -80.835082566186884, 35.231317763947267 ], [ -80.835071900785934, 35.231316451005881 ], [ -80.835061443586099, 35.231314286638685 ], [ -80.835051295296225, 35.231311291689806 ], [ -80.835041553650171, 35.231307495002312 ], [ -80.835032312465557, 35.231302933140498 ], [ -80.835023660740163, 35.231297650037696 ], [ -80.835015681794928, 35.23129169657323 ], [ -80.835008452471513, 35.23128513008232 ], [ -80.835002042392219, 35.231278013804044 ], [ -80.834996513289482, 35.231270416272153 ], [ -80.834991918411447, 35.231262410655184 ], [ -80.83498830200908, 35.23125407405167 ], [ -80.834985698910032, 35.231245486747781 ], [ -80.834984134183287, 35.231236731444007 ], [ -80.834983622897667, 35.231227892458733 ] ] ] } },
{ "type": "Feature", "properties": { "centroid_id": 160, "tree_count": 18, "mean_dist_m": 23.119787944008856, "max_dist_m": 40.183835620295909, "center_x_m": 515100.0, "center_y_m": 3898350.0, "center_lon": -80.834061852804965, "center_lat": 35.228085779329874 }, "geometry": { "type": "Polygon", "coordinates": [ [ [ -80.833939318350559, 35.227653664477288 ], [ -80.833948172889237, 35.227648893022014 ], [ -80.833957546186298, 35.22764484329462 ], [ -80.833967351141496, 35.22764155292672 ], [ -80.833977496643541, 35.227639052493601 ], [ -80.833987888416615, 35.227637365230208 ], [ -80.833998429896553, 35.227636506815244 ], [ -80.834009023128004, 35.227636485225382 ], [ -80.83401956967478, 35.227637300661286 ], [ -80.834029971534491, 35.227638945545593 ], [ -80.834040132049196, 35.227641404593442 ], [ -80.834049956803597, 35.227644654954467 ], [ -80.834059354502415, 35.22764866642509 ], [ -80.834068237818656, 35.227653401729228 ], [ -80.834076524205145, 35.227658816864675 ], [ -80.834084136661531, 35.227664861511968 ], [ -80.834091004449846, 35.227671479501964 ], [ -80.834097063751813, 35.227678609337779 ], [ -80.834341514231454, 35.227998029279604 ], [ -80.834346688903793, 35.228005572140177 ], [ -80.834350958320925, 35.22801348736791 ], [ -80.834354283140812, 35.228021702025714 ], [ -80.834356632725687, 35.228030140417317 ], [ -80.834397662365262, 35.228218790478948 ], [ -80.834399024782002, 35.228227474212346 ], [ -80.8343993543984, 35.228236225429299 ], [ -80.834398648106486, 35.228244961623247 ], [ -80.83439691256487, 35.228253600429248 ], [ -80.834394164135944, 35.228262060400503 ], [ -80.834390428731609, 35.228270261776252 ], [ -80.834385741569065, 35.228278127233757 ], [ -80.834380146838726, 35.228285582617303 ], [ -80.834373697287631, 35.228292557637324 ], [ -80.834366453722083, 35.228298986533154 ], [ -80.834358484434517, 35.22830480869294 ], [ -80.834349864559442, 35.228309969225172 ], [ -80.834340675365254, 35.228314419476192 ], [ -80.834331003487961, 35.228318117488833 ], [ -80.834320940114281, 35.228321028398135 ], [ -80.834310580122093, 35.22832312475991 ], [ -80.834300021185811, 35.228324386809575 ], [ -80.834289362855472, 35.228324802648487 ], [ -80.834278705618289, 35.228324368356084 ], [ -80.834268149951114, 35.228323088026912 ], [ -80.834257795373219, 35.228320973731954 ], [ -80.83424773950793, 35.228318045404883 ], [ -80.834238077162325, 35.228314330654051 ], [ -80.834228899433313, 35.2283098645023 ], [ -80.834220292848769, 35.228304689056657 ], [ -80.834212338551765, 35.228298853111426 ], [ -80.834052368794275, 35.228169482721441 ], [ -80.834043403099443, 35.228161287763946 ], [ -80.834035721756578, 35.228152257125323 ], [ -80.833801992094052, 35.227838207297197 ], [ -80.83379677545777, 35.227830345404108 ], [ -80.833792534539654, 35.227822097837546 ], [ -80.83378931113522, 35.227813545880309 ], [ -80.833787137011981, 35.227804773815095 ], [ -80.833786033596354, 35.227795868093764 ], [ -80.833786011762555, 35.227786916485421 ], [ -80.833787071725425, 35.227778007211363 ], [ -80.833789203038265, 35.227769228075616 ], [ -80.833792384695926, 35.227760665599654 ], [ -80.833796585341744, 35.227752404169664 ], [ -80.833801763576588, 35.227744525204862 ], [ -80.833807868366932, 35.227737106355143 ], [ -80.833814839547742, 35.227730220735793 ], [ -80.833822608415488, 35.227723936206885 ], [ -80.833831098405199, 35.227718314704589 ], [ -80.833939318350559, 35.227653664477288 ] ] ] } },
{ "type": "Feature", "properties": { "centroid_id": 161, "tree_count": 31, "mean_dist_m": 55.852218973049055, "max_dist_m": 156.00294560213385, "center_x_m": 515125.0, "center_y_m": 3897950.0, "center_lon": -80.833794476795134, "center_lat": 35.224478575876212 }, "geometry": { "type": "Polygon", "coordinates": [ [ [ -80.834292504183608, 35.223112157690551 ], [ -80.834298416295852, 35.223104886887576 ], [ -80.834305158516813, 35.223098119963844 ], [ -80.834312667493307, 35.223091920504459 ], [ -80.834320872667462, 35.223086346762301 ], [ -80.834329696939662, 35.223081451110758 ], [ -80.834339057392967, 35.223077279551589 ], [ -80.834348866072361, 35.223073871282601 ], [ -80.834359030811058, 35.223071258329405 ], [ -80.834369456096653, 35.223069465244464 ], [ -80.834380043968537, 35.223068508876416 ], [ -80.834390694938392, 35.223068398211701 ], [ -80.83440130892501, 35.223069134290192 ], [ -80.834411786194664, 35.223070710195351 ], [ -80.834422028298306, 35.223073111119291 ], [ -80.834431938996588, 35.223076314501867 ], [ -80.834441425164101, 35.223080290242656 ], [ -80.834450397664568, 35.223085000983865 ], [ -80.834458772188256, 35.223090402461224 ], [ -80.834466470044262, 35.223096443920056 ], [ -80.834764189794399, 35.223353903756681 ], [ -80.834771339268357, 35.223360740160579 ], [ -80.834777621770527, 35.223368127837745 ], [ -80.834782974593722, 35.223375993050304 ], [ -80.834787344310058, 35.223384257293944 ], [ -80.834790687304178, 35.223392838081558 ], [ -80.834792970208639, 35.223401649766494 ], [ -80.834794170236947, 35.223410604397465 ], [ -80.834794275410999, 35.223419612596366 ], [ -80.834786235509569, 35.223582851872003 ], [ -80.834785128019419, 35.223592484260834 ], [ -80.834782769199521, 35.223601963830625 ], [ -80.83441128053191, 35.224770914672973 ], [ -80.834406366329318, 35.224782876331496 ], [ -80.83431317751608, 35.224966186594237 ], [ -80.834308615230697, 35.224974065115148 ], [ -80.834303146588795, 35.224981545051122 ], [ -80.834296822764642, 35.224988556406331 ], [ -80.834289702935166, 35.224995033569847 ], [ -80.83428185372621, 35.225000915929584 ], [ -80.834273348589093, 35.225006148439505 ], [ -80.834264267113213, 35.225010682134744 ], [ -80.83425469428127, 35.225014474589827 ], [ -80.834244719674061, 35.225017490315608 ], [ -80.834234436632116, 35.225019701091497 ], [ -80.834223941382319, 35.225021086229432 ], [ -80.834213332137324, 35.225021632767536 ], [ -80.834202708176591, 35.225021335591407 ], [ -80.834192168917255, 35.225020197481982 ], [ -80.834181812983829, 35.225018229089464 ], [ -80.834171737285288, 35.22501544883373 ], [ -80.834162036108168, 35.225011882731927 ], [ -80.833536625287095, 35.224751482640315 ], [ -80.833526920972361, 35.22474691821597 ], [ -80.833517832405846, 35.224741567928262 ], [ -80.833509453755937, 35.224735487212605 ], [ -80.833501871835352, 35.22472873907256 ], [ -80.833495165201668, 35.224721393426918 ], [ -80.833489403343435, 35.224713526385401 ], [ -80.833484645960056, 35.224705219459921 ], [ -80.833480942343414, 35.224696558720161 ], [ -80.83347833086701, 35.224687633901652 ], [ -80.833476838588496, 35.224678537476088 ], [ -80.833439788541696, 35.224312617179727 ], [ -80.833439435239114, 35.224303265874603 ], [ -80.833440264658833, 35.224293934865067 ], [ -80.83344226787149, 35.224284724602995 ], [ -80.833445423311304, 35.224275734240408 ], [ -80.833449697008405, 35.224267060561914 ], [ -80.833455042954512, 35.224258796942941 ], [ -80.834292504183608, 35.223112157690551 ] ] ] } },
{ "type": "Feature", "properties": { "centroid_id": 162, "tree_count": 55, "mean_dist_m": 32.602919821680253, "max_dist_m": 70.501265678048881, "center_x_m": 515125.0, "center_y_m": 3898125.0, "center_lon": -80.833791259146309, "center_lat": 35.22605656275357 }, "geometry": { "type": "Polygon", "coordinates": [ [ [ -80.834225134025473, 35.225446279549693 ], [ -80.834235807925722, 35.225445840232901 ], [ -80.834246483353255, 35.225446253808251 ], [ -80.834257059333282, 35.225447516363843 ], [ -80.834267435831649, 35.225449615957686 ], [ -80.834277514700986, 35.225452532730507 ], [ -80.834287200609054, 35.225456239093667 ], [ -80.834296401940492, 35.225460699990073 ], [ -80.834305031663291, 35.225465873225801 ], [ -80.834313008151994, 35.225471709869147 ], [ -80.834320255959867, 35.2254781547135 ], [ -80.834326706532408, 35.225485146799464 ], [ -80.834332298855799, 35.225492619991485 ], [ -80.834336980034109, 35.225500503603385 ], [ -80.83437173968575, 35.225567083977374 ], [ -80.834375564221602, 35.22557556003165 ], [ -80.834378335448775, 35.2255843076776 ], [ -80.834380025523643, 35.225593239025173 ], [ -80.834380617465186, 35.225602264338612 ], [ -80.83438010532565, 35.225611292938034 ], [ -80.834293627003632, 35.226343193143947 ], [ -80.834292057916841, 35.226351960638489 ], [ -80.834289447621757, 35.226360559416875 ], [ -80.834285821328208, 35.226368906432384 ], [ -80.834281214058521, 35.226376921069793 ], [ -80.834275670309324, 35.226384525923919 ], [ -80.834269243621748, 35.226391647547295 ], [ -80.834261996064384, 35.226398217159392 ], [ -80.834253997633837, 35.226404171311053 ], [ -80.834146706960112, 35.226476481446866 ], [ -80.834138256270265, 35.226481640859745 ], [ -80.834129242398191, 35.226486112670784 ], [ -80.834119748160802, 35.226489855794178 ], [ -80.83410986078853, 35.22649283583911 ], [ -80.834099671123866, 35.226495025425763 ], [ -80.834089272786684, 35.226496404436773 ], [ -80.834078761314117, 35.226496960202184 ], [ -80.834068233282736, 35.226496687615764 ], [ -80.834057785421322, 35.226495589181958 ], [ -80.833387234212282, 35.226398089103483 ], [ -80.833377095673754, 35.226396205167092 ], [ -80.833367219443033, 35.22639354357068 ], [ -80.833357693898122, 35.226390128131662 ], [ -80.833348604278825, 35.226385989413316 ], [ -80.83334003192401, 35.226381164451162 ], [ -80.833332053543757, 35.226375696421627 ], [ -80.833324740532845, 35.226369634255647 ], [ -80.833318158331963, 35.226363032200801 ], [ -80.833312365842076, 35.22635594933589 ], [ -80.833307414897305, 35.226348449042241 ], [ -80.833303349801142, 35.226340598436551 ], [ -80.833300206930019, 35.226332467770263 ], [ -80.833298014407745, 35.226324129800922 ], [ -80.833185145891363, 35.225768599539883 ], [ -80.833183838803762, 35.225759056417665 ], [ -80.833183775970625, 35.225749453351924 ], [ -80.833184958104184, 35.225739899263317 ], [ -80.833212158052845, 35.22559654895894 ], [ -80.833214425778053, 35.225587605334127 ], [ -80.83321778465978, 35.225578895881462 ], [ -80.83322220022346, 35.225570509991215 ], [ -80.83322762714927, 35.225562533732734 ], [ -80.833234009737197, 35.225555048971046 ], [ -80.833241282478738, 35.225548132526605 ], [ -80.833249370729334, 35.225541855386936 ], [ -80.833258191474371, 35.225536281977931 ], [ -80.833267654181356, 35.22553146950272 ], [ -80.833277661728971, 35.225527467354489 ], [ -80.833288111403945, 35.225524316609594 ], [ -80.833298895955267, 35.225522049605942 ], [ -80.833309904694872, 35.225520689611052 ], [ -80.834225134025473, 35.225446279549693 ] ] ] } },
{ "type": "Feature", "properties": { "centroid_id": 163, "tree_count": 30, "mean_dist_m": 23.981798215883614, "max_dist_m": 46.040392487051882, "center_x_m": 515125.0, "center_y_m": 3898275.0, "center_lon": -80.833788500962541, "center_lat": 35.227409122605913 }, "geometry": { "type": "Polygon", "coordinates": [ [ [ -80.833393409226105, 35.227023386565641 ], [ -80.833400546742666, 35.227017183980045 ], [ -80.833408366650602, 35.227011562606009 ], [ -80.833416798959661, 35.227006572756224 ], [ -80.833425768198481, 35.227002259091087 ], [ -80.833435194090114, 35.226998660218968 ], [ -80.833444992270444, 35.226995808350622 ], [ -80.833455075043361, 35.226993729011021 ], [ -80.833465352165575, 35.226992440810704 ], [ -80.833475731654346, 35.226991955279416 ], [ -80.833486120610758, 35.226992276762765 ], [ -80.834137249882943, 35.227037806720269 ], [ -80.83414815782811, 35.227039023491223 ], [ -80.834158862683609, 35.227041129639112 ], [ -80.834169257027511, 35.227044104029034 ], [ -80.834179236553823, 35.227047916813348 ], [ -80.834188701119118, 35.227052529731196 ], [ -80.834197555747537, 35.227057896492525 ], [ -80.834205711583778, 35.2270639632425 ], [ -80.834213086784814, 35.227070669101991 ], [ -80.83421960734114, 35.227077946778479 ], [ -80.834225207819443, 35.227085723241238 ], [ -80.834229832019261, 35.227093920454323 ], [ -80.834233433536937, 35.227102456159571 ], [ -80.834235976231284, 35.22711124470203 ], [ -80.834237434586257, 35.227120197889526 ], [ -80.834237793967048, 35.227129225877725 ], [ -80.834237050766959, 35.227138238071561 ], [ -80.834235212443531, 35.227147144034475 ], [ -80.834180232773591, 35.227350904054248 ], [ -80.83417908737519, 35.227354747432493 ], [ -80.834074007766532, 35.227676567581597 ], [ -80.834070595558643, 35.227685238836827 ], [ -80.83406613422882, 35.22769358324382 ], [ -80.834060669335074, 35.227701515590979 ], [ -80.834054256683629, 35.227708954874558 ], [ -80.834046961759157, 35.227715825125912 ], [ -80.834038859055966, 35.227722056187176 ], [ -80.834030031317326, 35.227727584427782 ], [ -80.834020568690519, 35.227732353394273 ], [ -80.83401056780626, 35.227736314386739 ], [ -80.834000130791864, 35.22773942695617 ], [ -80.83398936422843, 35.227741659317495 ], [ -80.833978378062369, 35.227742988674194 ], [ -80.833967284482654, 35.227743401451107 ], [ -80.833956196775176, 35.227742893433017 ], [ -80.833794396304924, 35.227728723195483 ], [ -80.833783835581173, 35.227727369328704 ], [ -80.833773485111863, 35.227725179999169 ], [ -80.833763442821095, 35.227722175919737 ], [ -80.833753803717386, 35.227718385511565 ], [ -80.833744658994661, 35.227713844635083 ], [ -80.833736095169598, 35.2277085962508 ], [ -80.833728193263013, 35.227702690012791 ], [ -80.833721028033381, 35.227696181799033 ], [ -80.833714667269575, 35.227689133182615 ], [ -80.833315687547824, 35.227198822539826 ], [ -80.833310059585415, 35.227191097325026 ], [ -80.833305398206775, 35.227182950227956 ], [ -80.833301749851813, 35.227174462416244 ], [ -80.833299150867902, 35.227165718451928 ], [ -80.833297627147772, 35.227156805449013 ], [ -80.833297193871473, 35.227147812205565 ], [ -80.833297855355312, 35.227138828319056 ], [ -80.833299605008719, 35.227129943293662 ], [ -80.833302425399978, 35.227121245648654 ], [ -80.833306288429938, 35.227112822036425 ], [ -80.833311155611923, 35.227104756379234 ], [ -80.833316978455159, 35.227097129033083 ], [ -80.833323698948007, 35.227090015987194 ], [ -80.833393409226105, 35.227023386565641 ] ] ] } },
{ "type": "Feature", "properties": { "centroid_id": 165, "tree_count": 23, "mean_dist_m": 25.293137906012653, "max_dist_m": 49.254964159938183, "center_x_m": 515150.0, "center_y_m": 3898300.0, "center_lon": -80.833513311769011, "center_lat": 35.227634171689857 }, "geometry": { "type": "Polygon", "coordinates": [ [ [ -80.833061169403535, 35.227284512139128 ], [ -80.833062416674963, 35.22727554539474 ], [ -80.833064750064352, 35.227266725867707 ], [ -80.833068146196638, 35.227258141907534 ], [ -80.83307257105082, 35.227249879503923 ], [ -80.833077980300672, 35.227242021425376 ], [ -80.833084319758868, 35.227234646390002 ], [ -80.833091525919798, 35.227227828277066 ], [ -80.833099526595717, 35.227221635386847 ], [ -80.833108241639934, 35.227216129756435 ], [ -80.833117583749598, 35.227211366538327 ], [ -80.833127459340346, 35.227207393447891 ], [ -80.833137769483685, 35.22720425028546 ], [ -80.833148410898119, 35.227201968537514 ], [ -80.833159276983608, 35.22720057106141 ], [ -80.833170258889538, 35.227200071856309 ], [ -80.833181246605093, 35.227200475922984 ], [ -80.833192130061207, 35.227201779213715 ], [ -80.833202800233295, 35.227203968672825 ], [ -80.833387060504919, 35.22724992935494 ], [ -80.833397268223365, 35.227252934419333 ], [ -80.833407065258243, 35.227256750429959 ], [ -80.833416356196139, 35.22726134022269 ], [ -80.833425050552407, 35.227266659097452 ], [ -80.833534390633417, 35.227340708936374 ], [ -80.833542348738945, 35.227346659676932 ], [ -80.833923148785161, 35.227660769641922 ], [ -80.833930366631677, 35.227667338432177 ], [ -80.833936765478796, 35.227674455843015 ], [ -80.833942283763676, 35.227682053398588 ], [ -80.83394686839523, 35.227690058003652 ], [ -80.833950475264913, 35.227698392646694 ], [ -80.833953069671082, 35.227706977140947 ], [ -80.833954626652897, 35.227715728895831 ], [ -80.833955131230425, 35.227724563711547 ], [ -80.833954578548841, 35.22773339658913 ], [ -80.833952973925122, 35.22774214254823 ], [ -80.833950332796846, 35.227750717444714 ], [ -80.833946680573803, 35.227759038780235 ], [ -80.833942052393411, 35.22776702649584 ], [ -80.833936492782797, 35.227774603742361 ], [ -80.833930055230297, 35.227781697619633 ], [ -80.833922801670923, 35.227788239877988 ], [ -80.833836651669685, 35.227858669388297 ], [ -80.833829216148473, 35.227864215910323 ], [ -80.833821194241821, 35.227869181921967 ], [ -80.833812653027195, 35.227873525898431 ], [ -80.833803663924471, 35.227877211516279 ], [ -80.833794302098681, 35.227880207957085 ], [ -80.833784645831543, 35.2278824901652 ], [ -80.833309925292738, 35.227975630596688 ], [ -80.833299947520629, 35.227977192160175 ], [ -80.833289836651716, 35.227977991102762 ], [ -80.833279679071438, 35.227978020598414 ], [ -80.833269561564322, 35.227977280395137 ], [ -80.83325957057248, 35.227975776817097 ], [ -80.833249791457163, 35.227973522710585 ], [ -80.833240307769316, 35.227970537334272 ], [ -80.833084737132111, 35.227914667461889 ], [ -80.833074732768509, 35.22791056483414 ], [ -80.833065288423313, 35.227905649075147 ], [ -80.833056501921249, 35.227899971102495 ], [ -80.833048464272991, 35.227893589728772 ], [ -80.833041258732536, 35.227886571052444 ], [ -80.833034959934835, 35.227878987773117 ], [ -80.833029633122692, 35.227870918438541 ], [ -80.833025333471028, 35.22786244663105 ], [ -80.833022105515397, 35.227853660101751 ], [ -80.833019982690615, 35.227844649861609 ], [ -80.83301898698457, 35.22783550923878 ], [ -80.833019128710418, 35.22782633291186 ], [ -80.833061169403535, 35.227284512139128 ] ] ] } },
{ "type": "Feature", "properties": { "centroid_id": 166, "tree_count": 15, "mean_dist_m": 38.265353888122561, "max_dist_m": 61.050090169435059, "center_x_m": 515150.0, "center_y_m": 3898475.0, "center_lon": -80.833510088300784, "center_lat": 35.229212157720433 }, "geometry": { "type": "Polygon", "coordinates": [ [ [ -80.83396486927893, 35.22879865071819 ], [ -80.833974348191887, 35.228794307814098 ], [ -80.833984303093047, 35.228790753533403 ], [ -80.833994636825935, 35.228788022564636 ], [ -80.834005248536855, 35.228786141561116 ], [ -80.834016034659172, 35.228785128880787 ], [ -80.834026889924033, 35.228784994407086 ], [ -80.834037708387868, 35.228785739452398 ], [ -80.834048384466158, 35.228787356745357 ], [ -80.834058813964106, 35.228789830501739 ], [ -80.834068895093353, 35.228793136578552 ], [ -80.834078529465529, 35.228797242709589 ], [ -80.834087623052369, 35.228802108820446 ], [ -80.834096087103475, 35.228807687419518 ], [ -80.834103839012428, 35.228813924061598 ], [ -80.834110803123053, 35.228820757879156 ], [ -80.834116911467746, 35.228828122176388 ], [ -80.834122104430875, 35.228835945080228 ], [ -80.834126331330552, 35.22884415024172 ], [ -80.834129550913303, 35.228852657581164 ], [ -80.834131731756742, 35.22886138406966 ], [ -80.834132852576175, 35.228870244539472 ], [ -80.834132902432444, 35.228879152515269 ], [ -80.834131880838612, 35.228888021057976 ], [ -80.83412979776476, 35.228896763613378 ], [ -80.834126673540695, 35.228905294856851 ], [ -80.83412253865761, 35.228913531526025 ], [ -80.834117433470382, 35.228921393233541 ], [ -80.83411140780386, 35.228928803251449 ], [ -80.834104520466525, 35.22893568926019 ], [ -80.834096838676516, 35.228941984054337 ], [ -80.833770228597729, 35.229184394727639 ], [ -80.833762276386011, 35.229189763035777 ], [ -80.83375374668762, 35.229194497018227 ], [ -80.832993896223968, 35.229574897383969 ], [ -80.832984305022151, 35.229579177629191 ], [ -80.83297424353502, 35.229582655853356 ], [ -80.832963811073711, 35.229585297724896 ], [ -80.832953110611143, 35.229587077167416 ], [ -80.832942247765516, 35.229587976617026 ], [ -80.832931329757827, 35.229587987195792 ], [ -80.832920464353577, 35.229587108799265 ], [ -80.832909758799019, 35.229585350097615 ], [ -80.832899318762628, 35.229582728449998 ], [ -80.832889247292073, 35.229579269733208 ], [ -80.832879643797028, 35.229575008086286 ], [ -80.832870603068116, 35.229569985573519 ], [ -80.832862214341048, 35.229564251769254 ], [ -80.832854560416038, 35.229557863268603 ], [ -80.832847716840362, 35.229550883128773 ], [ -80.832841751162846, 35.229543380246703 ], [ -80.832836722266933, 35.229535428679 ], [ -80.832832679789675, 35.22952710691095 ], [ -80.832829663631685, 35.229518497081862 ], [ -80.832827703563339, 35.229509684174253 ], [ -80.832826818930982, 35.229500755175174 ], [ -80.832827018465949, 35.229491798217445 ], [ -80.832828300198386, 35.229482901709822 ], [ -80.832830651476726, 35.229474153464402 ], [ -80.832834049092583, 35.229465639829833 ], [ -80.83283845950983, 35.229457444839021 ], [ -80.832843839195661, 35.229449649379717 ], [ -80.83285013505018, 35.229442330396104 ], [ -80.832857284930682, 35.22943556012941 ], [ -80.832865218264914, 35.229429405404709 ], [ -80.833211947973481, 35.229186005309259 ], [ -80.833218363244015, 35.229181831190516 ], [ -80.833225139454456, 35.229178060560869 ], [ -80.83396486927893, 35.22879865071819 ] ] ] } },
{ "type": "Feature", "properties": { "centroid_id": 167, "tree_count": 10, "mean_dist_m": 22.788927078448214, "max_dist_m": 41.755669821242002, "center_x_m": 515200.0, "center_y_m": 3898175.0, "center_lon": -80.832966162749798, "center_lat": 35.226506281662004 }, "geometry": { "type": "Polygon", "coordinates": [ [ [ -80.83332878025432, 35.226189606279256 ], [ -80.833339301943809, 35.226189715799556 ], [ -80.833349762630618, 35.226190650583106 ], [ -80.833360066400473, 35.226192402058842 ], [ -80.833370118777879, 35.226194954167433 ], [ -80.833379827592267, 35.226198283508566 ], [ -80.833389103823222, 35.226202359555366 ], [ -80.833397862416675, 35.226207144934506 ], [ -80.833406023064711, 35.226212595768665 ], [ -80.833413510942009, 35.226218662078999 ], [ -80.833420257391793, 35.226225288243327 ], [ -80.833426200555451, 35.226232413506082 ], [ -80.833431285939682, 35.226239972535495 ], [ -80.833435466916143, 35.2262478960225 ], [ -80.833438705149035, 35.226256111316339 ], [ -80.833440970946555, 35.226264543090601 ], [ -80.833442243533199, 35.226273114033944 ], [ -80.833442511240236, 35.226281745558971 ], [ -80.833441771612726, 35.226290358522775 ], [ -80.833427021629078, 35.226392238665255 ], [ -80.833425103839204, 35.226401412677525 ], [ -80.833422043705141, 35.226410375586639 ], [ -80.833417873834335, 35.22641903188665 ], [ -80.833412638659297, 35.226427289338694 ], [ -80.833406393964154, 35.226435059953914 ], [ -80.833399206290181, 35.22644226093098 ], [ -80.833391152226852, 35.226448815538454 ], [ -80.833153772014171, 35.22662300561754 ], [ -80.833145415132591, 35.226628558710345 ], [ -80.833136436812367, 35.226633414995902 ], [ -80.833126923028274, 35.226637527971256 ], [ -80.833116964882578, 35.226640858251265 ], [ -80.833106657732756, 35.22664337394572 ], [ -80.833096100278311, 35.226645050964777 ], [ -80.833085393615633, 35.226645873249581 ], [ -80.833074640269942, 35.226645832926046 ], [ -80.833063943213475, 35.226644930380345 ], [ -80.833053404879436, 35.226643174255074 ], [ -80.833043126181153, 35.226640581366603 ], [ -80.833033205545647, 35.226637176543996 ], [ -80.833023737971189, 35.226632992391252 ], [ -80.83301481411759, 35.226628068975131 ], [ -80.83300651943803, 35.226622453441358 ], [ -80.8329434893148, 35.226575344151065 ], [ -80.83293604727146, 35.226569220979592 ], [ -80.832929354292261, 35.226562540994976 ], [ -80.832923471936397, 35.22655536563714 ], [ -80.83291845430729, 35.226547760902221 ], [ -80.832914347554862, 35.226539796735558 ], [ -80.832911189451124, 35.226531546388422 ], [ -80.83290900904278, 35.226523085744233 ], [ -80.83290782638403, 35.226514492620588 ], [ -80.832907652352162, 35.226505846053556 ], [ -80.832908488547574, 35.226497225570768 ], [ -80.83291032727891, 35.226488710459876 ], [ -80.832945198366204, 35.226362729994854 ], [ -80.832948070197631, 35.22635428098387 ], [ -80.832951928882252, 35.226346100907243 ], [ -80.832956737906358, 35.22633826717027 ], [ -80.832962451763493, 35.226330853900969 ], [ -80.832969016385164, 35.226323931248537 ], [ -80.832976369652414, 35.226317564719672 ], [ -80.833046108899197, 35.22626278501636 ], [ -80.833048355114499, 35.226261069301003 ], [ -80.833107355214992, 35.226217249176216 ], [ -80.833115862787764, 35.226211538851189 ], [ -80.833125022986593, 35.226206554451828 ], [ -80.833134744171886, 35.226202345842523 ], [ -80.833144929091986, 35.226198955126527 ], [ -80.833155475856003, 35.226196416224901 ], [ -80.833166278953186, 35.226194754537033 ], [ -80.833177230308436, 35.226193986686567 ], [ -80.83332878025432, 35.226189606279256 ] ] ] } },
{ "type": "Feature", "properties": { "centroid_id": 168, "tree_count": 32, "mean_dist_m": 28.991127456130879, "max_dist_m": 55.703695881373442, "center_x_m": 515200.0, "center_y_m": 3898200.0, "center_lon": -80.832965700775631, "center_lat": 35.226731708298857 }, "geometry": { "type": "Polygon", "coordinates": [ [ [ -80.832871185376277, 35.226564550107881 ], [ -80.832881894803791, 35.226564312321429 ], [ -80.832892581555669, 35.226564931361814 ], [ -80.832903144059827, 35.226566401345401 ], [ -80.83291348192509, 35.226568708300753 ], [ -80.832923496895305, 35.226571830301431 ], [ -80.832933093783282, 35.226575737674423 ], [ -80.832942181375401, 35.226580393282134 ], [ -80.833191081395753, 35.226722193258631 ], [ -80.833201255933503, 35.226728750508258 ], [ -80.833273725559366, 35.226781400411909 ], [ -80.83327781721971, 35.226784529016513 ], [ -80.833499417416832, 35.226962828480204 ], [ -80.833506594219443, 35.22696918613385 ], [ -80.833512994102705, 35.226976079732353 ], [ -80.833518557954719, 35.226983445603842 ], [ -80.833523234385453, 35.226991215714406 ], [ -80.83352698020137, 35.226999318296336 ], [ -80.833529760804367, 35.227007678511136 ], [ -80.833531550511481, 35.227016219140658 ], [ -80.833532332791947, 35.227024861300357 ], [ -80.833532100420015, 35.227033525167904 ], [ -80.833530855541625, 35.227042130720413 ], [ -80.833528609654664, 35.227050598473632 ], [ -80.833525383502717, 35.227058850216011 ], [ -80.833521206883503, 35.227066809731184 ], [ -80.833516118373723, 35.227074403501845 ], [ -80.833510164972651, 35.227081561388871 ], [ -80.833503401668082, 35.227088217279096 ], [ -80.833495890928518, 35.227094309695978 ], [ -80.833487702126064, 35.227099782367489 ], [ -80.833166642358279, 35.227294062906552 ], [ -80.833158033467825, 35.227298775504849 ], [ -80.833148922489897, 35.227302802707477 ], [ -80.833139390226023, 35.227306108798757 ], [ -80.83312952121392, 35.227308664458356 ], [ -80.833119402977871, 35.227310447021154 ], [ -80.833109125252378, 35.227311440678321 ], [ -80.833098779186486, 35.227311636617493 ], [ -80.833088456535265, 35.227311033100996 ], [ -80.833078248846149, 35.227309635481134 ], [ -80.833068246647002, 35.227307456152879 ], [ -80.8330585386433, 35.227304514443787 ], [ -80.83304921093135, 35.227300836442694 ], [ -80.832451639894373, 35.227036095732075 ], [ -80.832442300748738, 35.227031452254025 ], [ -80.832433569355004, 35.227026071148593 ], [ -80.83242553193061, 35.227020005551168 ], [ -80.832418267840453, 35.227013315356103 ], [ -80.832411848813109, 35.227006066625286 ], [ -80.832406338232602, 35.226998330935835 ], [ -80.832401790512463, 35.226990184673234 ], [ -80.832398250558555, 35.226981708277158 ], [ -80.832395753325542, 35.226972985447112 ], [ -80.832394323471817, 35.226964102315989 ], [ -80.83239397511602, 35.226955146599536 ], [ -80.832394711697575, 35.226946206730197 ], [ -80.832396525942855, 35.22693737098389 ], [ -80.832399399936875, 35.226928726608378 ], [ -80.832403305300346, 35.226920358961728 ], [ -80.832408203469839, 35.226912350669409 ], [ -80.832414046078611, 35.226904780808511 ], [ -80.832614805766809, 35.226671211046643 ], [ -80.832622856196366, 35.226662925237598 ], [ -80.832632035670713, 35.226655471604808 ], [ -80.832706696324209, 35.226601592198037 ], [ -80.832714758364446, 35.226596303840452 ], [ -80.832723389511344, 35.226591659467786 ], [ -80.832732513621636, 35.226587700052299 ], [ -80.832742050203194, 35.226584460523583 ], [ -80.832778920280461, 35.226573570259241 ], [ -80.832788353599355, 35.226571170979092 ], [ -80.832798011340728, 35.226569476341908 ], [ -80.83280781549928, 35.226568500035192 ], [ -80.832871185376277, 35.226564550107881 ] ] ] } },
{ "type": "Feature", "properties": { "centroid_id": 169, "tree_count": 30, "mean_dist_m": 29.645763459064987, "max_dist_m": 57.16716521730244, "center_x_m": 515225.0, "center_y_m": 3898175.0, "center_lon": -80.832691437085941, "center_lat": 35.226505902278618 }, "geometry": { "type": "Polygon", "coordinates": [ [ [ -80.832261194690403, 35.226119506912468 ], [ -80.832269378029622, 35.226114086853492 ], [ -80.832278155306582, 35.22610933349754 ], [ -80.832287446133577, 35.226105290378726 ], [ -80.832297165419519, 35.226101994526395 ], [ -80.832307224149247, 35.226099476125924 ], [ -80.832317530198864, 35.226097758242368 ], [ -80.832327989179319, 35.226096856609125 ], [ -80.83233850530101, 35.226096779483903 ], [ -80.83234898225092, 35.22609752757306 ], [ -80.832359324074886, 35.226099094025159 ], [ -80.832369436056211, 35.226101464493659 ], [ -80.832379225583267, 35.226104617268412 ], [ -80.832388602997611, 35.226108523474387 ], [ -80.832397482415146, 35.226113147336186 ], [ -80.83240578251268, 35.226118446505694 ], [ -80.832413427272769, 35.226124372449874 ], [ -80.832685887382809, 35.226356801558751 ], [ -80.832690423339272, 35.226360917363138 ], [ -80.832856244303926, 35.226521017262179 ], [ -80.832862172202823, 35.226527278936871 ], [ -80.832867406813989, 35.226533943707402 ], [ -80.83287190766238, 35.226540960040744 ], [ -80.832875639946579, 35.226548273685495 ], [ -80.832899559037259, 35.226601614355531 ], [ -80.832902769396924, 35.226610019434297 ], [ -80.832904965039077, 35.226618641429432 ], [ -80.832906125012357, 35.226627398068949 ], [ -80.832906238247858, 35.226636205796076 ], [ -80.832905303664717, 35.226644980566547 ], [ -80.8329033301805, 35.226653638650518 ], [ -80.832900336626111, 35.22666209743155 ], [ -80.832896351566063, 35.226670276194966 ], [ -80.832891413025976, 35.226678096898006 ], [ -80.832885568129782, 35.226685484914583 ], [ -80.832878872649957, 35.226692369747305 ], [ -80.832871390475432, 35.2266986857002 ], [ -80.832732840850809, 35.226804745111288 ], [ -80.83273168475597, 35.226805617501597 ], [ -80.832507914646669, 35.226972067944182 ], [ -80.832499795144088, 35.226977550407689 ], [ -80.83249107421311, 35.22698237099317 ], [ -80.832481831702864, 35.226986485563188 ], [ -80.83247215223804, 35.22698985644454 ], [ -80.832462124444191, 35.226992452773324 ], [ -80.832451840136187, 35.226994250777437 ], [ -80.832441393477581, 35.22699523399428 ], [ -80.832430880118437, 35.226995393421483 ], [ -80.83242039631952, 35.226994727599326 ], [ -80.832410038070961, 35.226993242624097 ], [ -80.832399900213304, 35.226990952092301 ], [ -80.832390075569208, 35.226987876976125 ], [ -80.83238065409347, 35.226984045431486 ], [ -80.832371722049444, 35.22697949254016 ], [ -80.83236336121918, 35.22697425998858 ], [ -80.832355648154646, 35.226968395686193 ], [ -80.832348653476785, 35.226961953326757 ], [ -80.832342441228931, 35.226954991896733 ], [ -80.832337068290386, 35.226947575135199 ], [ -80.831989098821794, 35.226410265190019 ], [ -80.831984638044105, 35.22640250769112 ], [ -80.831981095762771, 35.226394437491649 ], [ -80.831978504032193, 35.226386127620223 ], [ -80.831976886305085, 35.226377653274227 ], [ -80.831976257220205, 35.226369091139354 ], [ -80.831976622469952, 35.226360518695756 ], [ -80.831977978748796, 35.226352013516788 ], [ -80.831980313783262, 35.22634365256711 ], [ -80.831983606442961, 35.226335511506214 ], [ -80.831987826931865, 35.226327664003783 ], [ -80.83199293705789, 35.226320181072992 ], [ -80.831998890578546, 35.226313130427933 ], [ -80.832005633619389, 35.226306575870886 ], [ -80.832013105161522, 35.226300576714941 ], [ -80.832261194690403, 35.226119506912468 ] ] ] } },
{ "type": "Feature", "properties": { "centroid_id": 170, "tree_count": 11, "mean_dist_m": 37.887011153183124, "max_dist_m": 84.183578096072694, "center_x_m": 515225.0, "center_y_m": 3898350.0, "center_lon": -80.832688197840042, "center_lat": 35.228083888537761 }, "geometry": { "type": "Polygon", "coordinates": [ [ [ -80.832974351037137, 35.227826495110172 ], [ -80.83298311327664, 35.227821467924059 ], [ -80.832992429422021, 35.227817163214773 ], [ -80.833002211287578, 35.227813621730249 ], [ -80.833012366279235, 35.227810876993786 ], [ -80.833022798270974, 35.227808954986727 ], [ -80.833033408514709, 35.227807873902591 ], [ -80.833044096575108, 35.227807643974778 ], [ -80.833054761280209, 35.227808267379807 ], [ -80.833065301679127, 35.22780973821655 ], [ -80.833075617997665, 35.227812042562228 ], [ -80.833085612582693, 35.227815158604209 ], [ -80.83309519082654, 35.227819056846371 ], [ -80.833104262062591, 35.227823700388392 ], [ -80.833112740423388, 35.227829045275016 ], [ -80.833120545653571, 35.227835040912097 ], [ -80.833127603869528, 35.227841630545619 ], [ -80.833133848258726, 35.22784875179876 ], [ -80.83313921971218, 35.227856337262459 ], [ -80.833143667383993, 35.227864315133495 ], [ -80.833147149172675, 35.227872609894099 ], [ -80.833149632119614, 35.227881143026842 ], [ -80.833151092721167, 35.227889833757857 ], [ -80.83315151715108, 35.227898599821465 ], [ -80.833150901391377, 35.227907358238838 ], [ -80.833149251270498, 35.227916026103514 ], [ -80.833146582407977, 35.227924521366162 ], [ -80.833142920066791, 35.227932763611285 ], [ -80.833138298914093, 35.227940674818392 ], [ -80.833132762693111, 35.227948180100555 ], [ -80.8331263638091, 35.227955208413263 ], [ -80.832537613067117, 35.228540198712928 ], [ -80.832531032977784, 35.22854617213023 ], [ -80.832523829700989, 35.228551640089201 ], [ -80.832354860494604, 35.228668860196471 ], [ -80.832353915302761, 35.228669508489531 ], [ -80.832211754493713, 35.228765908779302 ], [ -80.832203075906691, 35.228771225646341 ], [ -80.832193801613499, 35.228775815714826 ], [ -80.832184021700087, 35.228779634399004 ], [ -80.832173831163857, 35.228782644606035 ], [ -80.832163328990802, 35.228784817096155 ], [ -80.832152617194055, 35.228786130766842 ], [ -80.832141799822907, 35.228786572857715 ], [ -80.832130981952218, 35.228786139074529 ], [ -80.832120268661697, 35.228784833630826 ], [ -80.832109764015158, 35.228782669207078 ], [ -80.832099570049749, 35.228779666827492 ], [ -80.832089785784802, 35.228775855655734 ], [ -80.832080506259928, 35.228771272711725 ], [ -80.832071821611933, 35.228765962512007 ], [ -80.832063816199224, 35.228759976637306 ], [ -80.832056567782345, 35.228753373231548 ], [ -80.832050146768736, 35.228746216437017 ], [ -80.832044615528815, 35.228738575771345 ], [ -80.832040027790043, 35.228730525452235 ], [ -80.832036428115231, 35.228722143676535 ], [ -80.83203385146949, 35.228713511860683 ], [ -80.83203232288075, 35.228704713849837 ], [ -80.832031857196654, 35.228695835103487 ], [ -80.832032458940247, 35.228686961865314 ], [ -80.832034122266165, 35.228678180325474 ], [ -80.832036831017362, 35.228669575783378 ], [ -80.832040558882085, 35.22866123181911 ], [ -80.83204526964947, 35.228653229481687 ], [ -80.83205091756129, 35.22864564650164 ], [ -80.832372778266517, 35.228257846285963 ], [ -80.832380626832673, 35.228249486717402 ], [ -80.832389611889994, 35.228241936766757 ], [ -80.832578712141853, 35.228100617017205 ], [ -80.83258052712479, 35.22809929046052 ], [ -80.832805827327945, 35.227938250827265 ], [ -80.832807152845788, 35.227937318465152 ], [ -80.832886282065232, 35.227882548093035 ], [ -80.832889860443743, 35.227880174673452 ], [ -80.832974351037137, 35.227826495110172 ] ] ] } },
{ "type": "Feature", "properties": { "centroid_id": 171, "tree_count": 3, "mean_dist_m": 58.565990128193711, "max_dist_m": 71.633689157477448, "center_x_m": 515225.0, "center_y_m": 3898875.0, "center_lon": -80.832678478591617, "center_lat": 35.232817844840568 }, "geometry": { "type": "Polygon", "coordinates": [ [ [ -80.832385332447572, 35.233084659630357 ], [ -80.832393603846825, 35.23307901916835 ], [ -80.832402507604613, 35.233074069084672 ], [ -80.832411958445434, 35.233069856788532 ], [ -80.832421865854201, 35.233066422623047 ], [ -80.832432134943062, 35.233063799478749 ], [ -80.832442667360283, 35.233062012478733 ], [ -80.832453362232059, 35.233061078737855 ], [ -80.832464117128794, 35.233061007199034 ], [ -80.832474829045921, 35.233061798547411 ], [ -80.832485395390563, 35.233063445203875 ], [ -80.832495714964011, 35.233065931397654 ], [ -80.832505688930993, 35.233069233317323 ], [ -80.832515221766229, 35.233073319338935 ], [ -80.832524222169326, 35.233078150328744 ], [ -80.832532603939171, 35.233083680018147 ], [ -80.832540286799571, 35.233089855446799 ], [ -80.832547197168054, 35.233096617469712 ], [ -80.832553268860593, 35.233103901323865 ], [ -80.832558443725517, 35.233111637248378 ], [ -80.832562672200453, 35.233119751152671 ], [ -80.832565913786993, 35.233128165326022 ], [ -80.832568137438642, 35.233136799181892 ], [ -80.83256932185806, 35.233145570029706 ], [ -80.832569455701176, 35.233154393866833 ], [ -80.832568537685773, 35.233163186183106 ], [ -80.832566576603767, 35.233171862770206 ], [ -80.832563591237104, 35.233180340528214 ], [ -80.832559610177796, 35.23318853826143 ], [ -80.832554671554135, 35.233196377456089 ], [ -80.832548822665501, 35.233203783032316 ], [ -80.832542119529435, 35.233210684063181 ], [ -80.832534626345023, 35.233217014454027 ], [ -80.832367245297675, 35.233345225346504 ], [ -80.832365040520045, 35.233346868848159 ], [ -80.832284310694902, 35.233405428142063 ], [ -80.832275941109017, 35.233410926436378 ], [ -80.832266958351752, 35.233415729407902 ], [ -80.832257447920711, 35.23341979134203 ], [ -80.832247500336024, 35.233423073577328 ], [ -80.83223721027862, 35.233425544873505 ], [ -80.832226675689128, 35.233427181708798 ], [ -80.832215996835657, 35.233427968503825 ], [ -80.832205275359414, 35.233427897769907 ], [ -80.832194613307308, 35.233426970180254 ], [ -80.832184112160661, 35.233425194563686 ], [ -80.83217387186923, 35.233422587820485 ], [ -80.83216398990001, 35.2334191747616 ], [ -80.832154560309377, 35.233414987872479 ], [ -80.832145672847972, 35.233410067003895 ], [ -80.832137412106448, 35.233404458992602 ], [ -80.83212985671021, 35.233398217215537 ], [ -80.832123078571243, 35.233391401081803 ], [ -80.832117142203515, 35.233384075467242 ], [ -80.832112104109001, 35.23337631009688 ], [ -80.8321080122399, 35.233368178881292 ], [ -80.832104905542181, 35.233359759213137 ], [ -80.83210281358501, 35.233351131230556 ], [ -80.832101756279229, 35.233342377054385 ], [ -80.8321017436879, 35.233333580006551 ], [ -80.832102775930537, 35.233324823816979 ], [ -80.832104843181966, 35.233316191826695 ], [ -80.83210792576584, 35.233307766194571 ], [ -80.832111994342, 35.23329962711535 ], [ -80.832117010185641, 35.233291852056361 ], [ -80.832122925556007, 35.233284515020202 ], [ -80.832129684150686, 35.233277685840335 ], [ -80.832137221641602, 35.233271429516456 ], [ -80.832385332447572, 35.233084659630357 ] ] ] } },
{ "type": "Feature", "properties": { "centroid_id": 173, "tree_count": 11, "mean_dist_m": 37.046130364138541, "max_dist_m": 62.609963285887126, "center_x_m": 515250.0, "center_y_m": 3898550.0, "center_lon": -80.832409758479599, "center_lat": 35.229886920846177 }, "geometry": { "type": "Polygon", "coordinates": [ [ [ -80.831844472916103, 35.229549859175037 ], [ -80.831837259323379, 35.229543054476082 ], [ -80.831830910241322, 35.229535692554975 ], [ -80.831825489183828, 35.229527847057973 ], [ -80.831821050381109, 35.229519596468869 ], [ -80.831817638237155, 35.229511023323816 ], [ -80.8318152868856, 35.229502213385686 ], [ -80.831814019848238, 35.229493254786135 ], [ -80.831813849799701, 35.229484237143922 ], [ -80.831814778440744, 35.229475250668457 ], [ -80.831816796481192, 35.229466385257325 ], [ -80.831819883732919, 35.22945772959698 ], [ -80.831824009311845, 35.229449370275582 ], [ -80.831829131946819, 35.229441390916804 ], [ -80.831835200392561, 35.229433871343289 ], [ -80.831842153942304, 35.229426886778128 ], [ -80.831849923035023, 35.229420507092343 ], [ -80.831858429951438, 35.229414796105985 ], [ -80.831867589591326, 35.229409810949633 ], [ -80.83187731032497, 35.229405601492978 ], [ -80.83188749490968, 35.229402209845794 ], [ -80.831898041462665, 35.229399669936889 ], [ -80.831908844480111, 35.229398007174559 ], [ -80.83191979589273, 35.229397238192448 ], [ -80.8319307861467, 35.229397370683145 ], [ -80.832881784955134, 35.229447940451479 ], [ -80.83289234799993, 35.229448924908425 ], [ -80.832902745689537, 35.229450742225268 ], [ -80.832912880720144, 35.229453375395146 ], [ -80.832922658245948, 35.229456799776287 ], [ -80.832931986766695, 35.229460983322596 ], [ -80.832940778983982, 35.229465886883538 ], [ -80.83294895261821, 35.229471464570537 ], [ -80.832956431178602, 35.229477664186341 ], [ -80.832963144678942, 35.229484427713587 ], [ -80.832969030292602, 35.229491691857653 ], [ -80.832974032940427, 35.229499388639042 ], [ -80.832978105806262, 35.229507446029508 ], [ -80.832981210774975, 35.229515788626109 ], [ -80.83298331878926, 35.229524338356867 ], [ -80.832984410121483, 35.229533015211388 ], [ -80.832984474558387, 35.229541737989557 ], [ -80.832983511496622, 35.22955042506149 ], [ -80.832981529948412, 35.229558995131434 ], [ -80.832978548457291, 35.229567367998534 ], [ -80.832974594924494, 35.229575465307377 ], [ -80.832969706347896, 35.229583211281295 ], [ -80.83296392847582, 35.229590533431455 ], [ -80.832957315378849, 35.229597363235271 ], [ -80.832949928943904, 35.229603636777647 ], [ -80.832879859803981, 35.2296576567785 ], [ -80.832877451586327, 35.229659458977856 ], [ -80.832807981326326, 35.229709919289959 ], [ -80.832805584620473, 35.229711610338789 ], [ -80.832665134412252, 35.22980785988409 ], [ -80.832664971561613, 35.229807971265643 ], [ -80.832590931668534, 35.229858511495564 ], [ -80.832582225316969, 35.229863878635626 ], [ -80.832572914324388, 35.229868512403719 ], [ -80.832563090118896, 35.229872367299109 ], [ -80.83255284916811, 35.229875405469059 ], [ -80.832542292031846, 35.229877597080623 ], [ -80.832531522374737, 35.229878920613523 ], [ -80.832316161415477, 35.229896490593219 ], [ -80.832305810210798, 35.229896932015038 ], [ -80.832295454363404, 35.229896571281138 ], [ -80.83228518599978, 35.229895411600644 ], [ -80.832275096468138, 35.229893463290139 ], [ -80.832265275525842, 35.229890743682006 ], [ -80.83225581054073, 35.229887276970061 ], [ -80.832246785714077, 35.229883093994495 ], [ -80.832238281331399, 35.229878231967376 ], [ -80.832230373048262, 35.229872734141715 ], [ -80.832160983402602, 35.229819684427085 ], [ -80.832156692960652, 35.229816219373006 ], [ -80.831844472916103, 35.229549859175037 ] ] ] } },
{ "type": "Feature", "properties": { "centroid_id": 175, "tree_count": 1, "mean_dist_m": 12.737353586967913, "max_dist_m": 12.737353586967913, "center_x_m": 515275.0, "center_y_m": 3898725.0, "center_lon": -80.832131771002963, "center_lat": 35.231464525499625 }, "geometry": { "type": "Polygon", "coordinates": [ [ [ -80.831898711890517, 35.231409790144284 ], [ -80.831899259305445, 35.231400952616923 ], [ -80.831900859815079, 35.23139220166955 ], [ -80.831903498005289, 35.231383621578502 ], [ -80.831907148468588, 35.23137529497469 ], [ -80.831911776048756, 35.231367302047744 ], [ -80.831917336179416, 35.231359719773849 ], [ -80.831923775313342, 35.23135262117431 ], [ -80.831931031438046, 35.231346074612375 ], [ -80.831939034673056, 35.231340143134901 ], [ -80.831947707942859, 35.231334883865095 ], [ -80.83195696771925, 35.231330347452491 ], [ -80.831966724825676, 35.231326577585087 ], [ -80.831976885296086, 35.231323610568658 ], [ -80.831987351279864, 35.231321474977108 ], [ -80.831998021984163, 35.231320191377293 ], [ -80.832008794644622, 35.231319772130938 ], [ -80.83201956551494, 35.231320221275602 ], [ -80.83203023086611, 35.231321534485808 ], [ -80.832040687985284, 35.23132369911464 ], [ -80.83205083616501, 35.231326694315605 ], [ -80.832060577673019, 35.231330491243398 ], [ -80.832069818693455, 35.231335053331613 ], [ -80.832078470230456, 35.231340336644976 ], [ -80.832086448965057, 35.231346290302419 ], [ -80.832093678057703, 35.231352856967135 ], [ -80.83210008788825, 35.231359973398639 ], [ -80.832105616726437, 35.231367571061988 ], [ -80.832110211326366, 35.23137557678762 ], [ -80.832113827439301, 35.231383913476137 ], [ -80.832116430239822, 35.231392500840755 ], [ -80.832117994661232, 35.23140125618054 ], [ -80.832118505636998, 35.231410095176791 ], [ -80.832117958245775, 35.231418932705182 ], [ -80.832116357758906, 35.231427683655461 ], [ -80.832113719589643, 35.231436263751156 ], [ -80.832110069144662, 35.231444590361171 ], [ -80.8321054415795, 35.231452583295628 ], [ -80.832099881459925, 35.231460165578078 ], [ -80.832093442332777, 35.231467264186882 ], [ -80.832086186210248, 35.231473810758416 ], [ -80.832078182972737, 35.23147974224549 ], [ -80.832069509695856, 35.231485001524497 ], [ -80.832060249908096, 35.231489537945563 ], [ -80.832050492786408, 35.231493307820372 ], [ -80.832040332297467, 35.23149627484284 ], [ -80.832029866292601, 35.231498410438853 ], [ -80.832019195565422, 35.231499694041361 ], [ -80.832008422881245, 35.231500113288561 ], [ -80.831997651987209, 35.231499664142845 ], [ -80.831986986613273, 35.231498350929769 ], [ -80.831976529473152, 35.23149618629629 ], [ -80.831966381275109, 35.231493191089122 ], [ -80.831956639752107, 35.231489394153812 ], [ -80.831947398720558, 35.231484832057042 ], [ -80.831938747176793, 35.231479548734413 ], [ -80.831930768440031, 35.231473595067357 ], [ -80.831923539349887, 35.231467028393062 ], [ -80.831917129526403, 35.231459911952349 ], [ -80.831911600699584, 35.231452314280553 ], [ -80.831907006114932, 35.231444308547523 ], [ -80.831903390020514, 35.23143597185296 ], [ -80.831900787241096, 35.231427384483872 ], [ -80.831899222842537, 35.231418629141402 ], [ -80.831898711890517, 35.231409790144284 ] ] ] } },
{ "type": "Feature", "properties": { "centroid_id": 176, "tree_count": 25, "mean_dist_m": 30.366379416314807, "max_dist_m": 53.450127490098723, "center_x_m": 515300.0, "center_y_m": 3898100.0, "center_lon": -80.831868655134571, "center_lat": 35.225828480464529 }, "geometry": { "type": "Polygon", "coordinates": [ [ [ -80.831973456037488, 35.22554462857093 ], [ -80.831983830368202, 35.225544190969252 ], [ -80.831994208702071, 35.225544559151693 ], [ -80.832004498295689, 35.22554572982807 ], [ -80.832014607198616, 35.225547692536928 ], [ -80.832024445075135, 35.225550429738995 ], [ -80.832033924011427, 35.225553916973944 ], [ -80.832042959301219, 35.225558123078947 ], [ -80.832051470202828, 35.225563010467148 ], [ -80.832059380660496, 35.225568535463637 ], [ -80.832066619984204, 35.225574648695556 ], [ -80.832164510241057, 35.225665538665623 ], [ -80.832170640870416, 35.225671767672246 ], [ -80.832176073942421, 35.22567841836787 ], [ -80.83218076661997, 35.225685438315274 ], [ -80.83218468190357, 35.225692772165843 ], [ -80.832370322309345, 35.22608729262712 ], [ -80.832373665663241, 35.226095567929995 ], [ -80.832376019459431, 35.2261040694912 ], [ -80.832377361694242, 35.226112717837658 ], [ -80.832377679820013, 35.226121432124174 ], [ -80.832376970862569, 35.226130130889068 ], [ -80.832375241448986, 35.226138732815755 ], [ -80.832372507745575, 35.226147157492875 ], [ -80.83236879530692, 35.226155326165973 ], [ -80.832364138836837, 35.226163162473718 ], [ -80.832358581864099, 35.226170593161733 ], [ -80.832352176335476, 35.226177548767375 ], [ -80.832344982130124, 35.226183964269111 ], [ -80.832337066499889, 35.226189779694323 ], [ -80.832069085908131, 35.226368280155313 ], [ -80.832060681770812, 35.226373354540115 ], [ -80.832051728991615, 35.226377752000815 ], [ -80.832042308286461, 35.226381432891024 ], [ -80.832032504590046, 35.22638436402476 ], [ -80.83202240628998, 35.226386518975637 ], [ -80.832012104430021, 35.226387878315172 ], [ -80.832001691889204, 35.226388429787889 ], [ -80.831991262544392, 35.226388168421849 ], [ -80.831980910423979, 35.226387096573468 ], [ -80.831970728860142, 35.226385223906263 ], [ -80.831960809647313, 35.226382567303737 ], [ -80.831951242214629, 35.226379150717143 ], [ -80.83194211281959, 35.226375004949602 ], [ -80.831367253254328, 35.226083874513122 ], [ -80.831358404613098, 35.226078887615436 ], [ -80.831350191167175, 35.226073216077793 ], [ -80.831342691294054, 35.226066914021402 ], [ -80.831335976561775, 35.226060041584205 ], [ -80.8313301110461, 35.22605266434708 ], [ -80.831325150718982, 35.226044852707957 ], [ -80.831321142914547, 35.226036681210097 ], [ -80.831318125877246, 35.226028227830696 ], [ -80.831316128397148, 35.22601957323679 ], [ -80.831315169535003, 35.226010800015544 ], [ -80.831315258440512, 35.226001991886079 ], [ -80.831316394264931, 35.225993232900578 ], [ -80.831318566169244, 35.225984606642285 ], [ -80.831321753427602, 35.225976195427833 ], [ -80.831325925625066, 35.22596807952177 ], [ -80.831404334748342, 35.225834219320191 ], [ -80.831409445723509, 35.225826484721843 ], [ -80.831415451017108, 35.225819195672457 ], [ -80.831422293453116, 35.225812421570325 ], [ -80.831429907885152, 35.225806226911061 ], [ -80.831734338640359, 35.2255816369561 ], [ -80.831743362151627, 35.225575655527159 ], [ -80.831753103792707, 35.225570487941965 ], [ -80.831763455011924, 35.225566191783102 ], [ -80.831774300465128, 35.225562814922903 ], [ -80.831785519300951, 35.225560394989813 ], [ -80.831796986507456, 35.225558958949264 ], [ -80.831973456037488, 35.22554462857093 ] ] ] } },
{ "type": "Feature", "properties": { "centroid_id": 177, "tree_count": 13, "mean_dist_m": 27.555381834183152, "max_dist_m": 47.482037948826353, "center_x_m": 515300.0, "center_y_m": 3898250.0, "center_lon": -80.831865865069403, "center_lat": 35.227181040235109 }, "geometry": { "type": "Polygon", "coordinates": [ [ [ -80.832204143582345, 35.22684788885347 ], [ -80.832212523008863, 35.226842523510982 ], [ -80.832221494930423, 35.22683784751078 ], [ -80.832230975415783, 35.226833904596219 ], [ -80.832240875776179, 35.226830731652747 ], [ -80.832251103395038, 35.22682835836283 ], [ -80.832261562594354, 35.22682680692828 ], [ -80.832272155529708, 35.226826091862549 ], [ -80.832282783105626, 35.226826219854978 ], [ -80.832293345902585, 35.226827189708239 ], [ -80.832303745107069, 35.226828992349461 ], [ -80.832313883435887, 35.226831610915191 ], [ -80.832323666046321, 35.226835020909107 ], [ -80.832333001423308, 35.22683919043115 ], [ -80.832341802235561, 35.226844080476013 ], [ -80.832349986152508, 35.226849645297946 ], [ -80.832357476614547, 35.22685583283878 ], [ -80.832364203549176, 35.226862585214832 ], [ -80.832370104026566, 35.22686983925847 ], [ -80.832423744048626, 35.226943239819086 ], [ -80.832429934885738, 35.226953021123748 ], [ -80.832434625138191, 35.226963349121093 ], [ -80.832461455241116, 35.227035659100011 ], [ -80.83246415846213, 35.227044539667183 ], [ -80.832465750536116, 35.227053599353582 ], [ -80.832466215056982, 35.227062744802573 ], [ -80.832465547237675, 35.227071881773746 ], [ -80.832463753959402, 35.227080916114041 ], [ -80.832460853700894, 35.227089754727878 ], [ -80.832456876347877, 35.227098306536632 ], [ -80.832451862885222, 35.227106483416961 ], [ -80.832445864974545, 35.227114201109096 ], [ -80.832438944421895, 35.227121380084952 ], [ -80.832431172540893, 35.22712794636773 ], [ -80.832349362712449, 35.227190386552564 ], [ -80.832345680987942, 35.227193072811218 ], [ -80.832180720763716, 35.227308102391255 ], [ -80.832180625548929, 35.22730816870957 ], [ -80.831900335111257, 35.227503169026576 ], [ -80.831891801353947, 35.227508539844415 ], [ -80.831882668640276, 35.227513200458723 ], [ -80.831873024445159, 35.227517106229151 ], [ -80.831862961142619, 35.227520219745458 ], [ -80.831852575121005, 35.227522511185725 ], [ -80.83184196585978, 35.227523958602063 ], [ -80.831831234976661, 35.227524548130837 ], [ -80.831820485254255, 35.227524274125386 ], [ -80.831809819655703, 35.227523139210213 ], [ -80.831799340338293, 35.227521154255776 ], [ -80.83178914767511, 35.227518338274365 ], [ -80.831779339293561, 35.227514718238041 ], [ -80.8317700091403, 35.227510328820273 ], [ -80.831761246581351, 35.227505212063789 ], [ -80.83175313554618, 35.227499416977913 ], [ -80.831745753723752, 35.227492999069163 ], [ -80.831630424308784, 35.227382348782818 ], [ -80.831623998850191, 35.227375552829258 ], [ -80.831618391765957, 35.227368285439198 ], [ -80.831613654075454, 35.227360612739623 ], [ -80.831609828887309, 35.227352604545423 ], [ -80.831606951007117, 35.22734433372419 ], [ -80.831605046620822, 35.227335875533164 ], [ -80.831604133056317, 35.227327306934477 ], [ -80.831604218625955, 35.227318705894838 ], [ -80.831605302550784, 35.227310150676132 ], [ -80.83160737496776, 35.227301719123254 ], [ -80.831610417019419, 35.227293487955876 ], [ -80.831614401025504, 35.227285532070276 ], [ -80.831619290734864, 35.227277923857926 ], [ -80.831625041655258, 35.227270732546721 ], [ -80.831631601458284, 35.227264023571131 ], [ -80.831638910455425, 35.227257857976824 ], [ -80.83179179016507, 35.227140638118662 ], [ -80.831794685151365, 35.227138496042357 ], [ -80.831965004970158, 35.227016895973279 ], [ -80.831965423381163, 35.227016598763072 ], [ -80.832204143582345, 35.22684788885347 ] ] ] } },
{ "type": "Feature", "properties": { "centroid_id": 179, "tree_count": 9, "mean_dist_m": 22.05785202948875, "max_dist_m": 39.492797859117694, "center_x_m": 515325.0, "center_y_m": 3898300.0, "center_lon": -80.831590205563955, "center_lat": 35.227631511531541 }, "geometry": { "type": "Polygon", "coordinates": [ [ [ -80.83117364516869, 35.227383417131094 ], [ -80.831173710440183, 35.227374699223098 ], [ -80.831174801430734, 35.227366027233884 ], [ -80.831176907941682, 35.22735748222744 ], [ -80.831180010281443, 35.227349144080719 ], [ -80.831184079449713, 35.227341090736992 ], [ -80.83118907740851, 35.227333397477217 ], [ -80.831194957437688, 35.227326136216334 ], [ -80.831201664571793, 35.227319374831026 ], [ -80.831209136113827, 35.227313176525278 ], [ -80.83121730222129, 35.22730759923946 ], [ -80.831226086559084, 35.227302695108797 ], [ -80.831235407013125, 35.227298509976016 ], [ -80.831245176457813, 35.227295082962783 ], [ -80.831255303570558, 35.227292446104045 ], [ -80.83126569368541, 35.227290624048536 ], [ -80.831276249677941, 35.227289633828441 ], [ -80.831286872873164, 35.227289484700094 ], [ -80.831297463967886, 35.227290178057515 ], [ -80.831733322661819, 35.227336198223206 ], [ -80.831744340327077, 35.227337833384091 ], [ -80.831755098033852, 35.227340379960346 ], [ -80.831765484108857, 35.227343811516548 ], [ -80.831775390736581, 35.227348092430489 ], [ -80.831784715078513, 35.227353178262995 ], [ -80.831793360340669, 35.227359016219189 ], [ -80.831801236778333, 35.227365545696557 ], [ -80.831808262627817, 35.227372698914067 ], [ -80.831814364955051, 35.227380401615719 ], [ -80.831819480412847, 35.227388573841445 ], [ -80.831823555898453, 35.227397130757126 ], [ -80.831826549104747, 35.227405983535206 ], [ -80.831848009250564, 35.227484853984315 ], [ -80.831849863877864, 35.227493737127176 ], [ -80.831850628541957, 35.227502727812364 ], [ -80.831850295603502, 35.227511736223242 ], [ -80.831848868388192, 35.227520672366076 ], [ -80.831846361153524, 35.227529446969037 ], [ -80.831842798946326, 35.227537972374066 ], [ -80.831838217352697, 35.227546163412548 ], [ -80.831832662142361, 35.227553938256179 ], [ -80.831826188811476, 35.22756121923436 ], [ -80.831818862028356, 35.227567933610224 ], [ -80.831810754987231, 35.227574014307244 ], [ -80.831479505754174, 35.227798594667959 ], [ -80.831470820606739, 35.227803914148005 ], [ -80.831461539109824, 35.22780850577584 ], [ -80.831451751540001, 35.227812324890877 ], [ -80.831441553096283, 35.227815334346403 ], [ -80.831431042974017, 35.227817504870892 ], [ -80.831420323400167, 35.227818815352677 ], [ -80.831409498638919, 35.227819253045318 ], [ -80.831398673977645, 35.227818813691606 ], [ -80.831387954702663, 35.227817501564893 ], [ -80.831377445075304, 35.227815329427642 ], [ -80.831367247317687, 35.227812318407203 ], [ -80.83135746061852, 35.227808497790313 ], [ -80.831348180168305, 35.22780390473833 ], [ -80.83133949623344, 35.227798583925662 ], [ -80.83133149327827, 35.227792587105277 ], [ -80.831324249143535, 35.227785972605368 ], [ -80.831210248774909, 35.227670942482995 ], [ -80.831204270205788, 35.227664312003384 ], [ -80.831199055013087, 35.227657261009099 ], [ -80.831194646831278, 35.227649848494693 ], [ -80.831191082542688, 35.227642136479467 ], [ -80.831188391968894, 35.227634189488583 ], [ -80.831186597621198, 35.227626074013202 ], [ -80.831185714512372, 35.227617857954144 ], [ -80.83117364516869, 35.227383417131094 ] ] ] } },
{ "type": "Feature", "properties": { "centroid_id": 181, "tree_count": 3, "mean_dist_m": 16.304520844073508, "max_dist_m": 18.772934060445507, "center_x_m": 515325.0, "center_y_m": 3898675.0, "center_lon": -80.831583218034126, "center_lat": 35.231012909332243 }, "geometry": { "type": "Polygon", "coordinates": [ [ [ -80.831354854366353, 35.23098230035653 ], [ -80.831347872024224, 35.230975632459717 ], [ -80.831341714213252, 35.23096843836943 ], [ -80.831336439463399, 35.23096078646568 ], [ -80.831332097910987, 35.230952749480004 ], [ -80.831328730822321, 35.230944403804095 ], [ -80.831326370201339, 35.230935828763791 ], [ -80.831325038485417, 35.230927105864943 ], [ -80.83132474833225, 35.230918318018844 ], [ -80.831325502499354, 35.230909548754006 ], [ -80.831327293818077, 35.230900881422393 ], [ -80.831330105261586, 35.230892398407001 ], [ -80.831333910106807, 35.230884180338869 ], [ -80.83133867218838, 35.230876305330746 ], [ -80.831344346242503, 35.230868848234515 ], [ -80.831350878337091, 35.230861879929847 ], [ -80.831358206384436, 35.230855466650361 ], [ -80.831366260731372, 35.230849669354228 ], [ -80.831374964821293, 35.230844543144663 ], [ -80.831384235921888, 35.230840136746181 ], [ -80.831393985911419, 35.230836492041526 ], [ -80.831404122116382, 35.230833643673556 ], [ -80.831414548192328, 35.230831618715946 ], [ -80.831425165039633, 35.230830436415872 ], [ -80.83143587174537, 35.230830108011055 ], [ -80.831446566542567, 35.230830636622997 ], [ -80.831457147777414, 35.230832017227243 ], [ -80.831467514875513, 35.230834236701206 ], [ -80.831477569297803, 35.230837273948787 ], [ -80.831487215477154, 35.230841100101053 ], [ -80.831496361726778, 35.230845678790487 ], [ -80.831504921111645, 35.230850966496739 ], [ -80.831512812274809, 35.23085691296022 ], [ -80.831786402284138, 35.231084222957882 ], [ -80.831793580680838, 35.231090802418144 ], [ -80.831799940296591, 35.231097926449031 ], [ -80.831805420137542, 35.231105526725628 ], [ -80.831809967647587, 35.231113530355444 ], [ -80.831813539212277, 35.231121860577467 ], [ -80.831816100577257, 35.231130437498429 ], [ -80.831817627176719, 35.231139178858989 ], [ -80.831818104369049, 35.231148000822657 ], [ -80.831817527577243, 35.231156818779901 ], [ -80.831815902332877, 35.231165548159566 ], [ -80.831813244222985, 35.231174105240008 ], [ -80.831809578740618, 35.231182407952026 ], [ -80.83180494104036, 35.231190376666028 ], [ -80.831799375601221, 35.231197934955659 ], [ -80.831792935799939, 35.231205010330868 ], [ -80.831785683399175, 35.231211534933138 ], [ -80.831777687955139, 35.23121744618625 ], [ -80.83176902615044, 35.231222687396517 ], [ -80.831759781058679, 35.231227208296481 ], [ -80.831750041347732, 35.231230965527033 ], [ -80.831739900429255, 35.231233923053303 ], [ -80.831729455562936, 35.231236052510184 ], [ -80.831718806923504, 35.231237333474454 ], [ -80.831708056640096, 35.231237753660615 ], [ -80.831697307816754, 35.231237309038747 ], [ -80.831686663543451, 35.231236003873143 ], [ -80.83167622590743, 35.231233850681399 ], [ -80.831666095014143, 35.231230870114366 ], [ -80.831656368027069, 35.231227090758139 ], [ -80.831647138235851, 35.231222548859812 ], [ -80.831638494161609, 35.231217287979867 ], [ -80.831588874354168, 35.231183877872937 ], [ -80.831578824554441, 35.23117620059535 ], [ -80.831354854366353, 35.23098230035653 ] ] ] } },
{ "type": "Feature", "properties": { "centroid_id": 182, "tree_count": 9, "mean_dist_m": 53.413993828059745, "max_dist_m": 84.93575411731652, "center_x_m": 515350.0, "center_y_m": 3898475.0, "center_lon": -80.831312210105111, "center_lat": 35.229209114868752 }, "geometry": { "type": "Polygon", "coordinates": [ [ [ -80.831994087827724, 35.228687990713667 ], [ -80.832002595186751, 35.228682615508241 ], [ -80.832011701237548, 35.228677947188963 ], [ -80.832021319048849, 35.228674030322033 ], [ -80.832031356803924, 35.228670902299939 ], [ -80.832041718677075, 35.228668592984398 ], [ -80.832052305748405, 35.228667124421364 ], [ -80.83206301694824, 35.228666510630497 ], [ -80.832073750021834, 35.228666757471387 ], [ -80.8320844025057, 35.228667862587542 ], [ -80.832094872705653, 35.228669815428944 ], [ -80.832105060667686, 35.228672597352762 ], [ -80.832114869132141, 35.228676181801276 ], [ -80.832124204462232, 35.228680534555494 ], [ -80.83213297753791, 35.228685614061703 ], [ -80.832141104606649, 35.22869137182829 ], [ -80.832148508083009, 35.228697752888543 ], [ -80.832155117289304, 35.228704696325487 ], [ -80.832160869130277, 35.228712135853343 ], [ -80.832165708695584, 35.228720000450416 ], [ -80.832169589783817, 35.228728215037002 ], [ -80.832172475343711, 35.228736701192254 ], [ -80.832174337827851, 35.228745377902619 ], [ -80.832175159455602, 35.228754162335562 ], [ -80.832174932382912, 35.228762970630008 ], [ -80.832173658777208, 35.228771718697111 ], [ -80.832171350796699, 35.228780323022946 ], [ -80.831952742272236, 35.229439943978839 ], [ -80.831949347657911, 35.229448482212504 ], [ -80.831944934735503, 35.229456701015934 ], [ -80.831939547282332, 35.229464518855934 ], [ -80.83193323874336, 35.229471858177021 ], [ -80.831926071701119, 35.229478646170797 ], [ -80.831918117254801, 35.229484815498097 ], [ -80.831909454314953, 35.22949030495721 ], [ -80.831900168820681, 35.229495060090862 ], [ -80.831890352887072, 35.229499033726555 ], [ -80.831880103891407, 35.229502186444478 ], [ -80.831869523507137, 35.229504486968644 ], [ -80.83185871669518, 35.229505912477045 ], [ -80.831847790662778, 35.229506448828189 ], [ -80.831836853799842, 35.229506090701285 ], [ -80.831826014603777, 35.22950484164906 ], [ -80.831815380603018, 35.229502714062562 ], [ -80.831805057290438, 35.229499729048122 ], [ -80.831795147076733, 35.229495916218127 ], [ -80.83178574827447, 35.229491313397105 ], [ -80.831776954122773, 35.2294859662466 ], [ -80.831768851862464, 35.229479927812065 ], [ -80.83162036117146, 35.229357647473144 ], [ -80.831613291468258, 35.229351238610462 ], [ -80.831607002169491, 35.229344303733946 ], [ -80.831601551074982, 35.229336906576684 ], [ -80.831596988281333, 35.229329115120244 ], [ -80.831593355721353, 35.229321000969819 ], [ -80.831590686778782, 35.22931263869625 ], [ -80.831536677523616, 35.229102848442025 ], [ -80.831534945689683, 35.229093936227287 ], [ -80.831534308257019, 35.229084926605118 ], [ -80.831534771610521, 35.229075909826037 ], [ -80.831536331108339, 35.229066976212223 ], [ -80.831538971128438, 35.229058215252749 ], [ -80.831542665225115, 35.229049714707138 ], [ -80.831547376393829, 35.229041559726333 ], [ -80.831553057442036, 35.229033831999672 ], [ -80.83155965146176, 35.229026608936607 ], [ -80.831567092399837, 35.229019962891293 ], [ -80.831813851941703, 35.22882058266746 ], [ -80.831815823635509, 35.22881902870617 ], [ -80.831907023873413, 35.228748919117365 ], [ -80.83191093811358, 35.228746050954342 ], [ -80.831994087827724, 35.228687990713667 ] ] ] } },
{ "type": "Feature", "properties": { "centroid_id": 183, "tree_count": 2, "mean_dist_m": 13.205715813977159, "max_dist_m": 15.282449941366542, "center_x_m": 515350.0, "center_y_m": 3898650.0, "center_lon": -80.831308943829654, "center_lat": 35.230787100310096 }, "geometry": { "type": "Polygon", "coordinates": [ [ [ -80.831086383909792, 35.230821761418845 ], [ -80.831077774730289, 35.230816431787247 ], [ -80.831069843680609, 35.230810435435572 ], [ -80.831062667141126, 35.230803830112102 ], [ -80.831056314225791, 35.230796679429851 ], [ -80.83105084611654, 35.230789052253932 ], [ -80.831046315474097, 35.230781022038329 ], [ -80.831042765930775, 35.230772666118511 ], [ -80.831040231670386, 35.230764064966642 ], [ -80.831038737098922, 35.2307553014166 ], [ -80.831038296609577, 35.230746459866182 ], [ -80.831038914444179, 35.230737625464357 ], [ -80.8310405846523, 35.230728883291228 ], [ -80.831043291148603, 35.230720317538662 ], [ -80.831047007867724, 35.230712010699492 ], [ -80.83105169901539, 35.230704042772985 ], [ -80.831057319413077, 35.230696490494573 ], [ -80.831063814933103, 35.230689426596641 ], [ -80.831071123019967, 35.230682919108304 ], [ -80.831079173292792, 35.230677030700072 ], [ -80.831087888223081, 35.230671818080395 ], [ -80.831097183881383, 35.230667331449524 ], [ -80.831106970745623, 35.230663614016052 ], [ -80.831117154563145, 35.230660701580781 ], [ -80.831127637258518, 35.23065862219196 ], [ -80.831138317877929, 35.230657395875198 ], [ -80.831149093561521, 35.230657034440554 ], [ -80.831159860533916, 35.230657541368814 ], [ -80.831170515103608, 35.230658911778022 ], [ -80.831180954661605, 35.230661132470409 ], [ -80.831191078669576, 35.230664182059584 ], [ -80.831200789628014, 35.230668031176421 ], [ -80.831209994015296, 35.230672642751898 ], [ -80.83143473394793, 35.230798062764002 ], [ -80.831443343148948, 35.230803392370284 ], [ -80.831451274225515, 35.230809388697566 ], [ -80.831458450797086, 35.230815993998078 ], [ -80.831464803749299, 35.230823144659318 ], [ -80.831470271899633, 35.230830771816606 ], [ -80.831474802586669, 35.2308388020164 ], [ -80.831478352177186, 35.230847157923591 ], [ -80.831480886486418, 35.230855759066309 ], [ -80.83148238110725, 35.230864522610879 ], [ -80.831482821645352, 35.230873364159642 ], [ -80.831482203857774, 35.230882198563677 ], [ -80.831480533693792, 35.230890940742796 ], [ -80.831477827237677, 35.230899506505004 ], [ -80.831474110553771, 35.230907813357256 ], [ -80.831469419435521, 35.230915781299935 ], [ -80.831463799060757, 35.230923333597289 ], [ -80.83145730355659, 35.230930397516438 ], [ -80.831449995478167, 35.230936905027853 ], [ -80.831441945206294, 35.2309427934605 ], [ -80.831433230269496, 35.230948006105407 ], [ -80.831423934597495, 35.230952492761837 ], [ -80.831414147712863, 35.230956210220711 ], [ -80.83140396386888, 35.230959122680751 ], [ -80.831393481141774, 35.230961202093312 ], [ -80.831382800486267, 35.23096242843242 ], [ -80.83137202476324, 35.230962789887741 ], [ -80.831361257749137, 35.230962282978254 ], [ -80.831350603136514, 35.230960912585786 ], [ -80.831340163535458, 35.230958691908008 ], [ -80.831330039485323, 35.230955642331345 ], [ -80.831320328486527, 35.230951793224953 ], [ -80.8313111240615, 35.23094718165796 ], [ -80.831086383909792, 35.230821761418845 ] ] ] } }
]
}
