OBJECTID,Tree_ID,Common,DBH,Active,Location,geometry,index_right,name,lat,lon,Deciduous
236556,98002,MAPLE SUGAR,3.0,1,228 EAST BV,POINT (513037.84873762156 3896439.4317748286),7,East/West,35.21194,-80.85917,1
245416,98009,OAK WILLOW,38.0,1,400 EAST BV,POINT (513230.57468866283 3896263.791517614),7,East/West,35.21194,-80.85917,1
253798,107941,MAGNOLIA SAUCER,6.0,1,2151 HAWKINS ST,POINT (512538.5197865716 3896270.4062035726),7,East/West,35.21194,-80.85917,1
254050,107817,PHOTINIA SPP,9.0,1,200 E TREMONT AV,POINT (512839.3028277545 3896206.8499914664),7,East/West,35.21194,-80.85917,1
254285,97973,ZELKOVA JAPANESE,4.0,1,125 WEST BV,POINT (512746.8757156153 3896676.3441029377),7,East/West,35.21194,-80.85917,1
254462,97949,OAK WILLOW,30.0,1,225 E WORTHINGTON AV,POINT (512929.69580939214 3896364.8722748044),7,East/West,35.21194,-80.85917,1
254773,97996,CRAPEMYRTLE SPP,4.0,1,208 EAST BV,POINT (512977.83538596577 3896494.1032236046),7,East/West,35.21194,-80.85917,1
254858,97392,MAGNOLIA CUCUMBER TREE,3.0,1,100 W WORTHINGTON AV,POINT (512751.8432843263 3896539.846045285),7,East/West,35.21194,-80.85917,1
255033,97396,MAGNOLIA CUCUMBER TREE,5.0,1,128 W WORTHINGTON AV,POINT (512684.90404769394 3896577.8401610083),7,East/West,35.21194,-80.85917,1
255146,96780,CRAPEMYRTLE SPP,4.0,1,1928 SOUTH BV,POINT (512761.39217566384 3896339.191249461),7,East/West,35.21194,-80.85917,1
255379,97979,OAK WATER,36.0,1,1800 CAMDEN RD,POINT (512820.9894505114 3896633.9538498754),6,Bland,35.21583,-80.85528,1
255379,97979,OAK WATER,36.0,1,1800 CAMDEN RD,POINT (512820.9894505114 3896633.9538498754),7,East/West,35.21194,-80.85917,1
255581,107305,MAPLE SILVER,17.0,1,1928 EUCLID AV,POINT (512967.1016364155 3896145.3070584964),7,East/West,35.21194,-80.85917,1
256162,97493,DOGWOOD FLOWERING,8.0,1,300 E WORTHINGTON AV,POINT (512967.2587385762 3896314.153189693),7,East/West,35.21194,-80.85917,1
256188,97950,DOGWOOD FLOWERING,8.0,1,225 E WORTHINGTON AV,POINT (512912.97573920834 3896380.3416231656),7,East/West,35.21194,-80.85917,1
256493,98006,OAK WILLOW,3.0,1,316 EAST BV,POINT (513105.62378225825 3896378.4317475553),7,East/West,35.21194,-80.85917,1
256605,97971,ELM CHINESE,4.0,1,205 WEST BV,POINT (512695.8621998533 3896704.3528931495),7,East/West,35.21194,-80.85917,1
257172,97926,OAK WILLOW,20.0,1,319 E WORTHINGTON AV,POINT (513024.6523270803 3896279.0372277917),7,East/West,35.21194,-80.85917,1
257411,96766,ELM CHINESE,15.0,1,1900 SOUTH BV,POINT (512836.6898166272 3896422.138254159),7,East/West,35.21194,-80.85917,1
257747,97925,OAK WILLOW,20.0,1,321 E WORTHINGTON AV,POINT (513033.7947553917 3896270.3002358605),7,East/West,35.21194,-80.85917,1
257795,97975,ELM CHINESE,4.0,1,121 WEST BV,POINT (512768.6792520051 3896663.7328939196),7,East/West,35.21194,-80.85917,1
257857,97397,MAGNOLIA CUCUMBER TREE,2.0,1,130 W WORTHINGTON AV,POINT (512676.5959350054 3896583.0945983194),7,East/West,35.21194,-80.85917,1
258445,97514,CRAPEMYRTLE SPP,7.0,1,1924 EUCLID AV,POINT (512983.1963776544 3896157.6283266824),7,East/West,35.21194,-80.85917,1
258454,101972,HORNBEAM EUROPEAN,10.0,1,2101 SOUTH BV,POINT (512729.70554918615 3896122.863739624),7,East/West,35.21194,-80.85917,1
258690,97389,MAGNOLIA CUCUMBER TREE,7.0,1,101 W WORTHINGTON AV,POINT (512739.7147183359 3896531.001656909),7,East/West,35.21194,-80.85917,1
259013,102006,HORNBEAM EUROPEAN,5.0,1,2041 SOUTH BV,POINT (512738.79701671 3896163.4111800566),7,East/West,35.21194,-80.85917,1
259342,96764,ELM CHINESE,15.0,1,1822 SOUTH BV,POINT (512868.15528052393 3896456.6799346018),7,East/West,35.21194,-80.85917,1
259499,97491,CRAPEMYRTLE SPP,8.0,1,216 E WORTHINGTON AV,POINT (512944.49214182515 3896335.3465154045),7,East/West,35.21194,-80.85917,1
259693,97516,CRAPEMYRTLE SPP,5.0,1, ,POINT (512988.7194617758 3896143.5308693773),7,East/West,35.21194,-80.85917,1
260013,97972,ELM CHINESE,4.0,1,201 WEST BV,POINT (512712.08824931365 3896696.0824052636),7,East/West,35.21194,-80.85917,1
260016,97980,OAK WILLOW,15.0,1,1800 CAMDEN RD,POINT (512828.3389249444 3896628.5507060206),6,Bland,35.21583,-80.85528,1
260016,97980,OAK WILLOW,15.0,1,1800 CAMDEN RD,POINT (512828.3389249444 3896628.5507060206),7,East/West,35.21194,-80.85917,1
260030,97398,CRAPEMYRTLE SPP,3.0,1,1930 HAWKINS ST,POINT (512626.0945816836 3896530.2441898547),7,East/West,35.21194,-80.85917,1
260435,97496,CRAPEMYRTLE SPP,6.0,1,308 E WORTHINGTON AV,POINT (512991.8655742998 3896292.088202855),7,East/West,35.21194,-80.85917,1
260840,96768,ELM CHINESE,9.0,1,1910 SOUTH BV,POINT (512804.86792705586 3896386.6908539166),7,East/West,35.21194,-80.85917,1
261277,96760,ELM CHINESE,15.0,1,1810 SOUTH BV,POINT (512909.1617636769 3896501.6006618943),7,East/West,35.21194,-80.85917,1
261283,96762,ELM CHINESE,14.0,1,1812 SOUTH BV,POINT (512893.9162088842 3896485.4310630425),7,East/West,35.21194,-80.85917,1
261324,97919,ASH GREEN,18.0,1,400 EAST BV,POINT (513152.4532828678 3896326.328170623),7,East/West,35.21194,-80.85917,1
261655,97495,CRAPEMYRTLE SPP,8.0,1,304 E WORTHINGTON AV,POINT (512977.7120959024 3896304.943844799),7,East/West,35.21194,-80.85917,1
262189,97471,CRAPEMYRTLE SPP,10.0,1,1950 ABBOTT ST,POINT (512404.87277207995 3896555.0739345113),7,East/West,35.21194,-80.85917,1
262428,97927,OAK WILLOW,22.0,1,315 E WORTHINGTON AV,POINT (513012.39101573115 3896291.0047565815),7,East/West,35.21194,-80.85917,1
262703,106665,MAPLE RED,7.0,1,1924 CLEVELAND AV,POINT (512860.33607008576 3896239.140015876),7,East/West,35.21194,-80.85917,1
262891,97498,CRAPEMYRTLE SPP,4.0,1,316 E WORTHINGTON AV,POINT (513008.7587404053 3896276.499349553),7,East/West,35.21194,-80.85917,1
263242,97941,PECAN,26.0,1,228 EAST BV,POINT (513031.52296737855 3896418.7862097253),7,East/West,35.21194,-80.85917,1
263367,97978,OAK WILLOW,15.0,1,1800 CAMDEN RD,POINT (512812.4701069428 3896637.523145299),7,East/West,35.21194,-80.85917,1
264149,97354,CRAPEMYRTLE SPP,5.0,1,1930 CAMDEN RD,POINT (512616.2380036379 3896485.719900726),7,East/West,35.21194,-80.85917,1
264287,97959,ELM CHINESE,14.0,1,1901 SOUTH BV,POINT (512841.3913567564 3896400.9092268283),7,East/West,35.21194,-80.85917,1
264669,97517,CRAPEMYRTLE SPP,7.0,1,1923 EUCLID AV,POINT (512995.13492153154 3896151.4122045888),7,East/West,35.21194,-80.85917,1
265422,97922,ELM CHINESE,3.0,1,329 E WORTHINGTON AV,POINT (513086.4662171225 3896269.038331845),7,East/West,35.21194,-80.85917,1
265628,107383,OAK SOUTHERN RED,14.0,1,2034 CLEVELAND AV,POINT (512840.7112704214 3896187.2001026473),7,East/West,35.21194,-80.85917,1
265929,107312,CRAPEMYRTLE SPP,4.0,1,2048 CLEVELAND AV,POINT (512821.4866187403 3896165.8475800743),7,East/West,35.21194,-80.85917,1
266029,97970,ELM CHINESE,4.0,1,1807 S TRYON ST,POINT (512683.8977926727 3896710.4382002903),7,East/West,35.21194,-80.85917,1
266395,97938,CRAPEMYRTLE SPP,7.0,1,300 EAST BV,POINT (513037.1524888217 3896406.562570045),7,East/West,35.21194,-80.85917,1
266416,98004,MAPLE RED,15.0,1,310 EAST BV,POINT (513076.9433628025 3896404.2961966256),7,East/West,35.21194,-80.85917,1
266532,97948,OAK WILLOW,20.0,1,229 E WORTHINGTON AV,POINT (512947.0884114663 3896349.6422613636),7,East/West,35.21194,-80.85917,1
266657,97990,ELM CHINESE,10.0,1,1801 SOUTH BV,POINT (512964.4255266918 3896506.3101925002),7,East/West,35.21194,-80.85917,1
266942,97384,MAGNOLIA CUCUMBER TREE,7.0,1,127 W WORTHINGTON AV,POINT (512692.0779244925 3896558.6507134046),7,East/West,35.21194,-80.85917,1
266997,107359,CRAPEMYRTLE SPP,1.0,1,2036 CLEVELAND AV,POINT (512838.7470085724 3896184.1824279893),7,East/West,35.21194,-80.85917,1
267701,106424,REDCEDAR EASTERN,20.0,1,325 E TREMONT AV,POINT (512953.23124552116 3896153.819898983),7,East/West,35.21194,-80.85917,0
267841,97497,CRAPEMYRTLE SPP,3.0,1,312 E WORTHINGTON AV,POINT (513001.57904872857 3896282.657164437),7,East/West,35.21194,-80.85917,1
268291,107962,ARBORVITAE AMERICAN,4.0,1,2127 HAWKINS ST,POINT (512550.53142692364 3896307.0243501705),7,East/West,35.21194,-80.85917,0
268517,107334,CRAPEMYRTLE SPP,3.0,1,2044 CLEVELAND AV,POINT (512829.8751266466 3896175.188872316),7,East/West,35.21194,-80.85917,1
268525,97399,CRAPEMYRTLE SPP,3.0,1,1930 HAWKINS ST,POINT (512619.559706041 3896519.450945356),7,East/West,35.21194,-80.85917,1
268563,96959,CHERRY/PLUM/PEACH SPP,7.0,1,1800 CAMDEN RD,POINT (512803.68880986987 3896573.4227454658),7,East/West,35.21194,-80.85917,1
268613,97488,CRAPEMYRTLE SPP,6.0,1,216 E WORTHINGTON AV,POINT (512911.3463183572 3896365.360305388),7,East/West,35.21194,-80.85917,1
268685,97952,CRAPEMYRTLE SPP,2.0,1,1933 SOUTH BV,POINT (512779.3769462387 3896332.199110836),7,East/West,35.21194,-80.85917,1
268692,107909,SWEETGUM AMERICAN,4.0,1,2000 CLEVELAND AV,POINT (512831.63833636785 3896204.230132269),7,East/West,35.21194,-80.85917,1
268796,105708,OAK WILLOW,24.0,1,1831 SOUTH BV,POINT (512877.0531717721 3896412.7193017663),7,East/West,35.21194,-80.85917,1
268814,97920,CRAPEMYRTLE SPP,6.0,1,330 EAST BV,POINT (513131.565045349 3896318.7920900187),7,East/West,35.21194,-80.85917,1
268832,106876,CRAPEMYRTLE SPP,4.0,1,200 E TREMONT AV,POINT (512783.04002758034 3896289.348324715),7,East/West,35.21194,-80.85917,1
269153,97395,MAGNOLIA CUCUMBER TREE,4.0,1,124 W WORTHINGTON AV,POINT (512717.66619527224 3896559.4544565976),7,East/West,35.21194,-80.85917,1
269243,97928,OAK WILLOW,19.0,1,315 E WORTHINGTON AV,POINT (513005.45883040555 3896295.9157430343),7,East/West,35.21194,-80.85917,1
269394,96958,CHERRY/PLUM/PEACH SPP,9.0,1,1800 CAMDEN RD,POINT (512807.5781921531 3896578.765453719),7,East/West,35.21194,-80.85917,1
269673,96963,CHERRY/PLUM/PEACH SPP,15.0,1,100 W WORTHINGTON AV,POINT (512788.28814248607 3896549.130171239),7,East/West,35.21194,-80.85917,1
269898,107163,CRAPEMYRTLE SPP,4.0,1,2004 ATHERTON HEIGHTS LN,POINT (512904.97875387245 3896182.389194512),7,East/West,35.21194,-80.85917,1
270807,96773,CRAPEMYRTLE SPP,5.0,1,1928 SOUTH BV,POINT (512745.3179601922 3896341.1915234136),7,East/West,35.21194,-80.85917,1
270904,96962,CHERRY/PLUM/PEACH SPP,9.0,1,100 W WORTHINGTON AV,POINT (512777.8791010636 3896534.4623252605),7,East/West,35.21194,-80.85917,1
271238,96770,ELM CHINESE,9.0,1,1910 SOUTH BV,POINT (512794.1751177768 3896374.84619957),7,East/West,35.21194,-80.85917,1
271292,97492,DOGWOOD FLOWERING,9.0,1,300 E WORTHINGTON AV,POINT (512960.24650040193 3896320.8884394374),7,East/West,35.21194,-80.85917,1
271395,97483,CRAPEMYRTLE SPP,4.0,1,1901 SOUTH BV,POINT (512859.934648253 3896412.177505339),7,East/West,35.21194,-80.85917,1
271622,97944,CRAPEMYRTLE SPP,3.0,1,229 E WORTHINGTON AV,POINT (512986.43471872405 3896369.2519488744),7,East/West,35.21194,-80.85917,1
271734,97929,OAK WILLOW,26.0,1,1829 CLEVELAND AV,POINT (512991.0067245951 3896309.4586212826),7,East/West,35.21194,-80.85917,1
271903,108067,OAK WILLOW,18.0,1,2041 SOUTH BV,POINT (512757.5774846662 3896139.4583235807),7,East/West,35.21194,-80.85917,1
272313,97967,ELM CHINESE,4.0,1,1807 S TRYON ST,POINT (512645.02060917235 3896731.8784792805),7,East/West,35.21194,-80.85917,1
272788,97490,CRAPEMYRTLE SPP,8.0,1,216 E WORTHINGTON AV,POINT (512936.1298089112 3896342.7709144168),7,East/West,35.21194,-80.85917,1
273094,97931,OAK WILLOW,8.0,1,1829 CLEVELAND AV,POINT (512973.4596189199 3896325.905239608),7,East/West,35.21194,-80.85917,1
273385,97917,CRAPEMYRTLE SPP,6.0,1,401 E WORTHINGTON AV,POINT (513089.8485434044 3896256.5192317283),7,East/West,35.21194,-80.85917,1
273398,107827,PHOTINIA SPP,11.0,1,200 E TREMONT AV,POINT (512848.7266050736 3896218.303501089),7,East/West,35.21194,-80.85917,1
273443,97445,CRAPEMYRTLE SPP,4.0,1,1930 HAWKINS ST,POINT (512555.40644811693 3896528.5829528878),7,East/West,35.21194,-80.85917,1
273476,97945,CRAPEMYRTLE SPP,5.0,1,229 E WORTHINGTON AV,POINT (512973.91723947093 3896355.451560072),7,East/West,35.21194,-80.85917,1
273515,97977,OAK WILLOW,14.0,1,1800 CAMDEN RD,POINT (512802.31212218996 3896644.5590876522),7,East/West,35.21194,-80.85917,1
273656,97932,CRAPEMYRTLE SPP,6.0,1,1829 CLEVELAND AV,POINT (512974.6589695991 3896337.089948847),7,East/West,35.21194,-80.85917,1
273704,97391,MAGNOLIA CUCUMBER TREE,7.0,1,101 W WORTHINGTON AV,POINT (512754.5410477203 3896522.707065741),7,East/West,35.21194,-80.85917,1
273793,97940,OAK NORTHERN RED,7.0,1,300 EAST BV,POINT (513047.6788090283 3896417.871306713),7,East/West,35.21194,-80.85917,1
273940,96771,ELM CHINESE,10.0,1,1910 SOUTH BV,POINT (512788.0149006996 3896368.9073754638),7,East/West,35.21194,-80.85917,1
274262,97501,CRAPEMYRTLE SPP,6.0,1,316 E WORTHINGTON AV,POINT (513015.11796021333 3896270.5711868773),7,East/West,35.21194,-80.85917,1
274378,97916,CRAPEMYRTLE SPP,2.0,1,401 E WORTHINGTON AV,POINT (513084.7563976942 3896251.34247726),7,East/West,35.21194,-80.85917,1
274662,97998,CRAPEMYRTLE SPP,4.0,1,208 EAST BV,POINT (512991.47182888875 3896482.0154121364),7,East/West,35.21194,-80.85917,1
274814,97359,CRAPEMYRTLE SPP,7.0,1,127 W WORTHINGTON AV,POINT (512649.4480937024 3896547.0188205764),7,East/West,35.21194,-80.85917,1
274887,102255,HORNBEAM EUROPEAN,8.0,1,2100 SOUTH BV,POINT (512713.1639900944 3896115.909804942),7,East/West,35.21194,-80.85917,1
275088,107134,SWEETGUM AMERICAN,24.0,1,2004 ATHERTON HEIGHTS LN,POINT (512891.79280820256 3896190.177874982),7,East/West,35.21194,-80.85917,1
275351,96761,ELM CHINESE,15.0,1,1812 SOUTH BV,POINT (512902.1833164833 3896494.0382601516),7,East/West,35.21194,-80.85917,1
275369,97936,CRAPEMYRTLE SPP,9.0,1,300 EAST BV,POINT (513007.5016001209 3896373.4501554403),7,East/West,35.21194,-80.85917,1
275373,97918,CRAPEMYRTLE SPP,6.0,1,401 E WORTHINGTON AV,POINT (513094.4156412106 3896262.2559687905),7,East/West,35.21194,-80.85917,1
275538,107151,CRAPEMYRTLE SPP,3.0,1,2004 ATHERTON HEIGHTS LN,POINT (512895.0816969765 3896191.547052107),7,East/West,35.21194,-80.85917,1
275566,106751,PEAR CALLERY,15.0,1,1933 SOUTH BV,POINT (512806.721023075 3896291.522041672),7,East/West,35.21194,-80.85917,1
276095,106669,MAPLE RED,7.0,1,231 E TREMONT AV,POINT (512853.6192462248 3896245.3425539914),7,East/West,35.21194,-80.85917,1
276459,97482,ELM CHINESE,16.0,1,1831 SOUTH BV,POINT (512873.43634448876 3896435.8795552156),7,East/West,35.21194,-80.85917,1
276865,97502,CRAPEMYRTLE SPP,8.0,1,320 E WORTHINGTON AV,POINT (513021.18917520135 3896265.279477905),7,East/West,35.21194,-80.85917,1
276953,106759,PEAR CALLERY,15.0,1,1933 SOUTH BV,POINT (512795.9310171854 3896301.3751589037),7,East/West,35.21194,-80.85917,1
277095,107895,CHERRY/PLUM/PEACH SPP,4.0,1,2151 HAWKINS ST,POINT (512503.5116490579 3896231.7313247365),7,East/West,35.21194,-80.85917,1
277528,97504,CRAPEMYRTLE SPP,8.0,1,320 E WORTHINGTON AV,POINT (513025.86041442555 3896261.1525810515),7,East/West,35.21194,-80.85917,1
277530,97489,CRAPEMYRTLE SPP,8.0,1,216 E WORTHINGTON AV,POINT (512923.03631259117 3896354.283905113),7,East/West,35.21194,-80.85917,1
277710,109214,CRAPEMYRTLE SPP,5.0,1,400 E TREMONT AV,POINT (512952.7254622447 3896105.665969476),7,East/West,35.21194,-80.85917,1
277752,97400,CRAPEMYRTLE SPP,3.0,1,1930 HAWKINS ST,POINT (512615.99630743143 3896514.0484099835),7,East/West,35.21194,-80.85917,1
277984,97444,CRAPEMYRTLE SPP,3.0,1,1930 HAWKINS ST,POINT (512568.9208155956 3896522.221395695),7,East/West,35.21194,-80.85917,1
278276,97974,ELM CHINESE,4.0,1,121 WEST BV,POINT (512760.2611072489 3896668.269662766),7,East/West,35.21194,-80.85917,1
278381,96961,CHERRY/PLUM/PEACH SPP,11.0,1,100 W WORTHINGTON AV,POINT (512793.39502825384 3896556.9351450372),7,East/West,35.21194,-80.85917,1
278634,107097,MAPLE RED,16.0,1,300 E TREMONT AV,POINT (512882.64513676864 3896198.6192808854),7,East/West,35.21194,-80.85917,1
279170,97981,ELM CHINESE,14.0,1,1821 EAST BV,POINT (512866.05884996103 3896599.792101024),6,Bland,35.21583,-80.85528,1
279170,97981,ELM CHINESE,14.0,1,1821 EAST BV,POINT (512866.05884996103 3896599.792101024),7,East/West,35.21194,-80.85917,1
279185,107805,PHOTINIA SPP,7.0,1,200 E TREMONT AV,POINT (512842.9038134813 3896211.1463589026),7,East/West,35.21194,-80.85917,1
279763,97515,CRAPEMYRTLE SPP,10.0,1,1928 EUCLID AV,POINT (512976.2351166679 3896150.1260681143),7,East/West,35.21194,-80.85917,1
280252,96781,CRAPEMYRTLE SPP,4.0,1,1928 SOUTH BV,POINT (512757.0692903557 3896335.22981314),7,East/West,35.21194,-80.85917,1
280512,107055,CRAPEMYRTLE SPP,4.0,1,300 E TREMONT AV,POINT (512868.5857253218 3896214.4937133505),7,East/West,35.21194,-80.85917,1
280600,102219,HORNBEAM EUROPEAN,10.0,1,2100 SOUTH BV,POINT (512722.920567385 3896158.7572908886),7,East/West,35.21194,-80.85917,1
280626,97362,CRAPEMYRTLE SPP,5.0,1,127 W WORTHINGTON AV,POINT (512661.02407342306 3896567.115111798),7,East/West,35.21194,-80.85917,1
281181,98003,MAPLE RED,15.0,1,300 EAST BV,POINT (513059.40615605726 3896419.7948788446),7,East/West,35.21194,-80.85917,1
281238,96772,CRAPEMYRTLE SPP,5.0,1,1928 SOUTH BV,POINT (512748.352843448 3896337.807404737),7,East/West,35.21194,-80.85917,1
281253,97984,ELM CHINESE,14.0,1,1821 EAST BV,POINT (512888.6560791248 3896579.416709201),7,East/West,35.21194,-80.85917,1
281490,97337,CHERRY/PLUM/PEACH SPP,12.0,1,101 W WORTHINGTON AV,POINT (512739.7395371372 3896476.5334477266),7,East/West,35.21194,-80.85917,1
281571,97969,ELM CHINESE,4.0,1,1807 S TRYON ST,POINT (512674.21004311036 3896716.245000482),7,East/West,35.21194,-80.85917,1
281785,96767,ELM CHINESE,10.0,1,1910 SOUTH BV,POINT (512809.4240365969 3896391.434436774),7,East/West,35.21194,-80.85917,1
281816,97935,CRAPEMYRTLE SPP,7.0,1,1829 CLEVELAND AV,POINT (512992.6082437714 3896356.5300046136),7,East/West,35.21194,-80.85917,1
281821,97446,CRAPEMYRTLE SPP,5.0,1,1930 HAWKINS ST,POINT (512540.6015260342 3896534.326247558),7,East/West,35.21194,-80.85917,1
282214,107932,MAGNOLIA SAUCER,5.0,1,2151 HAWKINS ST,POINT (512535.56701619603 3896265.3277507205),7,East/West,35.21194,-80.85917,1
282289,96765,ELM CHINESE,16.0,1,1900 SOUTH BV,POINT (512846.228103296 3896432.662834956),7,East/West,35.21194,-80.85917,1
282502,96960,CHERRY/PLUM/PEACH SPP,11.0,1,100 W WORTHINGTON AV,POINT (512783.1390393692 3896542.492467727),7,East/West,35.21194,-80.85917,1
282553,97318,MAPLE RED,3.0,1,1930 CAMDEN RD,POINT (512678.06769614294 3896410.364861468),7,East/West,35.21194,-80.85917,1
282747,108035,OAK WILLOW,17.0,1,2041 SOUTH BV,POINT (512776.1912631012 3896139.5555776833),7,East/West,35.21194,-80.85917,1
282982,97321,CHERRY/PLUM/PEACH SPP,8.0,1,1930 CAMDEN RD,POINT (512650.0122848161 3896413.0305719418),7,East/West,35.21194,-80.85917,1
283090,97957,ELM CHINESE,8.0,1,1909 SOUTH BV,POINT (512820.62938225537 3896378.7441808693),7,East/West,35.21194,-80.85917,1
283248,97388,MAGNOLIA CUCUMBER TREE,9.0,1,101 W WORTHINGTON AV,POINT (512729.88611842133 3896535.8585839476),7,East/West,35.21194,-80.85917,1
283313,97323,CHERRY/PLUM/PEACH SPP,10.0,1,1930 CAMDEN RD,POINT (512631.6566299777 3896415.353153015),7,East/West,35.21194,-80.85917,1
283458,97499,CRAPEMYRTLE SPP,6.0,1,316 E WORTHINGTON AV,POINT (513010.4430255253 3896274.8814968234),7,East/West,35.21194,-80.85917,1
283502,97477,ELM CHINESE,6.0,1,1900 ABBOTT ST,POINT (512486.3816311439 3896673.437893236),7,East/West,35.21194,-80.85917,1
283967,97983,ELM CHINESE,15.0,1,1821 EAST BV,POINT (512881.58397318836 3896585.877570593),7,East/West,35.21194,-80.85917,1
284416,107860,OAK WILLOW,9.0,1,2000 CLEVELAND AV,POINT (512833.7017646221 3896205.2441408862),7,East/West,35.21194,-80.85917,1
284469,97469,CRAPEMYRTLE SPP,10.0,1,1950 ABBOTT ST,POINT (512425.91568591254 3896551.9353579166),7,East/West,35.21194,-80.85917,1
284558,108053,OAK WILLOW,13.0,1,2041 SOUTH BV,POINT (512772.2060401632 3896137.391423651),7,East/West,35.21194,-80.85917,1
284611,97934,CRAPEMYRTLE SPP,6.0,1,1829 CLEVELAND AV,POINT (512988.01521971566 3896351.122222806),7,East/West,35.21194,-80.85917,1
284683,97386,MAGNOLIA CUCUMBER TREE,8.0,1,101 W WORTHINGTON AV,POINT (512722.8416950499 3896540.5187247605),7,East/West,35.21194,-80.85917,1
284722,97357,CRAPEMYRTLE SPP,9.0,1,127 W WORTHINGTON AV,POINT (512640.12405232136 3896529.910602999),7,East/West,35.21194,-80.85917,1
284844,97338,CHERRY/PLUM/PEACH SPP,13.0,1,1930 CAMDEN RD,POINT (512726.9726385095 3896458.4768217336),7,East/West,35.21194,-80.85917,1
284845,97345,CRAPEMYRTLE SPP,5.0,1,1930 CAMDEN RD,POINT (512587.64687325846 3896434.794649772),7,East/West,35.21194,-80.85917,1
284933,97500,CRAPEMYRTLE SPP,6.0,1,316 E WORTHINGTON AV,POINT (513013.6170902282 3896272.1926351185),7,East/West,35.21194,-80.85917,1
284947,102147,HORNBEAM EUROPEAN,9.0,1,2000 SOUTH BV,POINT (512729.9336422821 3896203.5843624887),7,East/West,35.21194,-80.85917,1
285007,107059,CRAPEMYRTLE SPP,6.0,1,300 E TREMONT AV,POINT (512874.73713381035 3896209.231818508),7,East/West,35.21194,-80.85917,1
285189,97982,ELM CHINESE,12.0,1,1821 EAST BV,POINT (512873.4553282017 3896594.3489068197),7,East/West,35.21194,-80.85917,1
285292,97478,ELM CHINESE,9.0,1,1900 ABBOTT ST,POINT (512492.7208796257 3896670.332238603),7,East/West,35.21194,-80.85917,1
285397,97385,MAGNOLIA CUCUMBER TREE,9.0,1,101 W WORTHINGTON AV,POINT (512714.018625266 3896545.6486944202),7,East/West,35.21194,-80.85917,1
285455,97349,CRAPEMYRTLE SPP,4.0,1,1930 CAMDEN RD,POINT (512601.55770859105 3896459.3071873197),7,East/West,35.21194,-80.85917,1
285532,97968,ELM CHINESE,4.0,1,1807 S TRYON ST,POINT (512656.3364235734 3896725.7801041813),7,East/West,35.21194,-80.85917,1
285612,107010,PHOTINIA SPP,11.0,1,200 E TREMONT AV,POINT (512843.2968022495 3896234.6695835367),7,East/West,35.21194,-80.85917,1
285644,97486,CRAPEMYRTLE SPP,9.0,1,216 E WORTHINGTON AV,POINT (512898.4909030371 3896377.459053483),7,East/West,35.21194,-80.85917,1
285749,107179,CRAPEMYRTLE SPP,7.0,1,2005 ATHERTON HEIGHTS LN,POINT (512916.18763353647 3896172.78409989),7,East/West,35.21194,-80.85917,1
285880,107999,SWEETGUM AMERICAN,19.0,1,2000 CLEVELAND AV,POINT (512820.3800802506 3896187.263032335),7,East/West,35.21194,-80.85917,1
285903,97960,CRAPEMYRTLE SPP,1.0,1,1901 SOUTH BV,POINT (512851.9256533142 3896412.27861963),7,East/West,35.21194,-80.85917,1
286171,97340,CHERRY/PLUM/PEACH SPP,13.0,1,1930 CAMDEN RD,POINT (512712.10054732225 3896436.2928565787),7,East/West,35.21194,-80.85917,1
286187,97342,CHERRY/PLUM/PEACH SPP,10.0,1,1930 CAMDEN RD,POINT (512696.5200914227 3896413.2608757904),7,East/West,35.21194,-80.85917,1
286204,97344,CRAPEMYRTLE SPP,5.0,1,1930 CAMDEN RD,POINT (512583.7209523822 3896429.1959231654),7,East/West,35.21194,-80.85917,1
286213,107028,PHOTINIA SPP,10.0,1,200 E TREMONT AV,POINT (512850.8241497287 3896227.892416134),7,East/West,35.21194,-80.85917,1
286542,97933,CRAPEMYRTLE SPP,7.0,1,1829 CLEVELAND AV,POINT (512980.6024265663 3896343.613165863),7,East/West,35.21194,-80.85917,1
286752,107968,SWEETGUM AMERICAN,11.0,1,2000 CLEVELAND AV,POINT (512825.26179833914 3896193.19619508),7,East/West,35.21194,-80.85917,1
286838,107924,CHERRY BLACK,5.0,1,2000 CLEVELAND AV,POINT (512830.9719440654 3896202.827499755),7,East/West,35.21194,-80.85917,1
287208,97947,OAK WILLOW,17.0,1,229 E WORTHINGTON AV,POINT (512954.88687876554 3896343.627505174),7,East/West,35.21194,-80.85917,1
287245,96785,CHERRY/PLUM/PEACH SPP,9.0,1,1800 CAMDEN RD,POINT (512815.7131980379 3896591.115135736),7,East/West,35.21194,-80.85917,1
287478,107925,MAGNOLIA SAUCER,4.0,1,2151 HAWKINS ST,POINT (512532.823751805 3896260.6899894634),7,East/West,35.21194,-80.85917,1
287794,102266,HORNBEAM EUROPEAN,10.0,1,2100 SOUTH BV,POINT (512707.7897501425 3896102.09835266),7,East/West,35.21194,-80.85917,1
287908,97470,CRAPEMYRTLE SPP,10.0,1,1950 ABBOTT ST,POINT (512413.0240894226 3896553.259005061),7,East/West,35.21194,-80.85917,1
287977,97356,CRAPEMYRTLE SPP,5.0,1,1930 CAMDEN RD,POINT (512621.5736291805 3896494.8471934516),7,East/West,35.21194,-80.85917,1
288251,96786,CHERRY/PLUM/PEACH SPP,10.0,1,1800 CAMDEN RD,POINT (512811.84747414663 3896584.6031833487),7,East/West,35.21194,-80.85917,1
288255,97346,CRAPEMYRTLE SPP,1.0,1,1930 CAMDEN RD,POINT (512590.63616386015 3896440.105223076),7,East/West,35.21194,-80.85917,1
288311,96789,CHERRY/PLUM/PEACH SPP,3.0,1,1800 CAMDEN RD,POINT (512830.42866714613 3896613.3106458676),6,Bland,35.21583,-80.85528,1
288311,96789,CHERRY/PLUM/PEACH SPP,3.0,1,1800 CAMDEN RD,POINT (512830.42866714613 3896613.3106458676),7,East/West,35.21194,-80.85917,1
289104,96777,OAK WILLOW,11.0,1,1928 SOUTH BV,POINT (512732.15229624236 3896358.152389715),7,East/West,35.21194,-80.85917,1
289128,97361,CRAPEMYRTLE SPP,9.0,1,127 W WORTHINGTON AV,POINT (512657.36281307094 3896561.050949248),7,East/West,35.21194,-80.85917,1
289185,97939,PECAN,26.0,1,300 EAST BV,POINT (513041.55523070117 3896411.1462736754),7,East/West,35.21194,-80.85917,1
289419,97988,CRAPEMYRTLE SPP,4.0,1,1801 SOUTH BV,POINT (512957.20920076716 3896512.231584735),7,East/West,35.21194,-80.85917,1
289576,97479,ELM CHINESE,11.0,1,1801 SOUTH BV,POINT (512911.03749460005 3896476.1780786444),7,East/West,35.21194,-80.85917,1
289594,97383,MAGNOLIA CUCUMBER TREE,7.0,1,127 W WORTHINGTON AV,POINT (512678.7752771684 3896565.4274088866),7,East/West,35.21194,-80.85917,1
289719,98008,CRAPEMYRTLE SPP,24.0,1,400 EAST BV,POINT (513186.08275283844 3896305.4670032803),7,East/West,35.21194,-80.85917,1
289915,107980,SWEETGUM AMERICAN,13.0,1,2000 CLEVELAND AV,POINT (512823.1787851684 3896193.1542259664),7,East/West,35.21194,-80.85917,1
289947,96774,OAK WILLOW,12.0,1,1928 SOUTH BV,POINT (512742.7459320964 3896345.350515947),7,East/West,35.21194,-80.85917,1
290581,97921,CRAPEMYRTLE SPP,8.0,1,1814 EUCLID AV,POINT (513111.29013743205 3896296.1355909677),7,East/West,35.21194,-80.85917,1
290734,97333,CHERRY/PLUM/PEACH SPP,9.0,1,101 W WORTHINGTON AV,POINT (512748.72247374046 3896490.5016050544),7,East/West,35.21194,-80.85917,1
290775,97352,CRAPEMYRTLE SPP,5.0,1,1930 CAMDEN RD,POINT (512609.7400543577 3896474.146053384),7,East/West,35.21194,-80.85917,1
290842,107642,CRAPEMYRTLE SPP,5.0,1,300 E TREMONT AV,POINT (512858.0564687338 3896207.9064989593),7,East/West,35.21194,-80.85917,1
291012,97484,CRAPEMYRTLE SPP,7.0,1,1901 SOUTH BV,POINT (512880.9764659886 3896392.691211403),7,East/West,35.21194,-80.85917,1
291109,96775,OAK WILLOW,10.0,1,1928 SOUTH BV,POINT (512738.72741809237 3896350.0546252844),7,East/West,35.21194,-80.85917,1
291168,98001,MAPLE RED,4.0,1,224 EAST BV,POINT (513028.3324566321 3896447.8450553454),7,East/West,35.21194,-80.85917,1
291194,97485,CRAPEMYRTLE SPP,5.0,1,1901 SOUTH BV,POINT (512886.8157691183 3896387.5150221298),7,East/West,35.21194,-80.85917,1
291313,106827,CRAPEMYRTLE SPP,4.0,1,1933 SOUTH BV,POINT (512784.93890362483 3896310.465055377),7,East/West,35.21194,-80.85917,1
291857,96776,OAK WILLOW,11.0,1,1928 SOUTH BV,POINT (512735.1988431567 3896354.194344987),7,East/West,35.21194,-80.85917,1
292066,97487,CRAPEMYRTLE SPP,5.0,1,216 E WORTHINGTON AV,POINT (512906.04346541944 3896370.9093788),7,East/West,35.21194,-80.85917,1
292085,97448,CRAPEMYRTLE SPP,4.0,1,1930 HAWKINS ST,POINT (512512.1336275993 3896542.0449021887),7,East/West,35.21194,-80.85917,1
292192,97480,ELM CHINESE,12.0,1,1801 SOUTH BV,POINT (512915.13517641556 3896480.58214758),7,East/West,35.21194,-80.85917,1
292571,97930,OAK WILLOW,33.0,1,1829 CLEVELAND AV,POINT (512978.50865911733 3896320.020174497),7,East/West,35.21194,-80.85917,1
292670,97360,CRAPEMYRTLE SPP,6.0,1,127 W WORTHINGTON AV,POINT (512653.4160363617 3896553.509633747),7,East/West,35.21194,-80.85917,1
292956,97347,CRAPEMYRTLE SPP,5.0,1,1930 CAMDEN RD,POINT (512593.22184770566 3896445.407564379),7,East/West,35.21194,-80.85917,1
293020,97505,CRAPEMYRTLE SPP,7.0,1,320 E WORTHINGTON AV,POINT (513027.82551334554 3896259.2651048526),7,East/West,35.21194,-80.85917,1
293049,97319,CHERRY/PLUM/PEACH SPP,8.0,1,1930 CAMDEN RD,POINT (512666.59948978806 3896411.6146955593),7,East/West,35.21194,-80.85917,1
293239,97507,CRAPEMYRTLE SPP,8.0,1,324 E WORTHINGTON AV,POINT (513034.1286908485 3896253.840478784),7,East/West,35.21194,-80.85917,1
293253,96769,ELM CHINESE,10.0,1,1910 SOUTH BV,POINT (512799.4193303323 3896380.0687150056),7,East/West,35.21194,-80.85917,1
293455,97441,CRAPEMYRTLE SPP,3.0,1,1930 HAWKINS ST,POINT (512582.44472690875 3896515.3861628585),7,East/West,35.21194,-80.85917,1
293706,107904,CHERRY/PLUM/PEACH SPP,4.0,1,2151 HAWKINS ST,POINT (512508.2489451404 3896234.881865967),7,East/West,35.21194,-80.85917,1
293875,98007,ASH GREEN,17.0,1,400 EAST BV,POINT (513163.43545394053 3896325.4937138464),7,East/West,35.21194,-80.85917,1
294317,102139,HORNBEAM EUROPEAN,2.0,1,2000 SOUTH BV,POINT (512728.50245611696 3896188.883521297),7,East/West,35.21194,-80.85917,1
294621,107659,CRAPEMYRTLE SPP,6.0,1,300 E TREMONT AV,POINT (512862.2397072319 3896213.0469414024),7,East/West,35.21194,-80.85917,1
294864,97449,CRAPEMYRTLE SPP,4.0,1,1930 HAWKINS ST,POINT (512499.19075436133 3896543.561103252),7,East/West,35.21194,-80.85917,1
295227,97997,CRAPEMYRTLE SPP,4.0,1,208 EAST BV,POINT (512984.9511993847 3896487.492952608),7,East/West,35.21194,-80.85917,1
295232,97390,MAGNOLIA CUCUMBER TREE,6.0,1,101 W WORTHINGTON AV,POINT (512747.77475610335 3896526.109096165),7,East/West,35.21194,-80.85917,1
295603,97953,ELM CHINESE,11.0,1,1933 SOUTH BV,POINT (512786.3094989086 3896341.002103062),7,East/West,35.21194,-80.85917,1
295905,97476,ELM CHINESE,8.0,1,1900 ABBOTT ST,POINT (512479.4491682988 3896677.672818104),7,East/West,35.21194,-80.85917,1
296100,97326,CRAPEMYRTLE SPP,4.0,1,1930 CAMDEN RD,POINT (512602.09651816636 3896419.200163835),7,East/West,35.21194,-80.85917,1
296144,96779,ELM CHINESE,11.0,1,1928 SOUTH BV,POINT (512768.9781982161 3896347.2689580475),7,East/West,35.21194,-80.85917,1
296506,96784,CHERRY/PLUM/PEACH SPP,11.0,1,1800 CAMDEN RD,POINT (512819.4056111725 3896596.5512688286),7,East/West,35.21194,-80.85917,1
296571,96755,OAK SCARLET,7.0,1,1800 SOUTH BV,POINT (512921.0565158242 3896514.6153567415),7,East/West,35.21194,-80.85917,1
296608,107908,CHERRY/PLUM/PEACH SPP,5.0,1,2151 HAWKINS ST,POINT (512512.96416986274 3896239.1228884794),7,East/West,35.21194,-80.85917,1
296674,97452,CRAPEMYRTLE SPP,10.0,1,1967 ABBOTT ST,POINT (512449.67874364526 3896549.1973643894),7,East/West,35.21194,-80.85917,1
296822,97503,CRAPEMYRTLE SPP,3.0,1,320 E WORTHINGTON AV,POINT (513023.14862796594 3896263.6672693053),7,East/West,35.21194,-80.85917,1
297172,97451,CRAPEMYRTLE SPP,4.0,1,1967 ABBOTT ST,POINT (512477.69110699097 3896546.4447943587),7,East/West,35.21194,-80.85917,1
297730,97327,CRAPEMYRTLE SPP,4.0,1,1930 CAMDEN RD,POINT (512594.9535525938 3896419.5947082164),7,East/West,35.21194,-80.85917,1
297740,106688,MAPLE RED,7.0,1,231 E TREMONT AV,POINT (512839.89630890405 3896257.152541381),7,East/West,35.21194,-80.85917,1
298098,97341,CHERRY/PLUM/PEACH SPP,11.0,1,1930 CAMDEN RD,POINT (512708.1376563077 3896430.2312162467),7,East/West,35.21194,-80.85917,1
298236,97989,CRAPEMYRTLE SPP,2.0,1,1801 SOUTH BV,POINT (512962.7983266456 3896507.5365218697),7,East/West,35.21194,-80.85917,1
298522,97334,CHERRY/PLUM/PEACH SPP,11.0,1,101 W WORTHINGTON AV,POINT (512734.34751964704 3896468.9841115717),7,East/West,35.21194,-80.85917,1
298617,97358,CRAPEMYRTLE SPP,7.0,1,127 W WORTHINGTON AV,POINT (512644.26188016305 3896538.4016036876),7,East/West,35.21194,-80.85917,1
298697,98005,MAPLE RED,4.0,1,310 EAST BV,POINT (513086.0389370766 3896396.0087302164),7,East/West,35.21194,-80.85917,1
298759,105750,CRAPEMYRTLE SPP,4.0,1,1831 SOUTH BV,POINT (512871.27094789373 3896417.7325521484),7,East/West,35.21194,-80.85917,1
299212,97447,CRAPEMYRTLE SPP,4.0,1,1930 HAWKINS ST,POINT (512525.94835226453 3896538.4140121276),7,East/West,35.21194,-80.85917,1
299541,97450,CRAPEMYRTLE SPP,4.0,1,1930 HAWKINS ST,POINT (512491.8228879663 3896544.715764009),7,East/West,35.21194,-80.85917,1
299694,97348,CRAPEMYRTLE SPP,3.0,1,1930 CAMDEN RD,POINT (512596.9888300868 3896452.2147065103),7,East/West,35.21194,-80.85917,1
300005,97351,CRAPEMYRTLE SPP,5.0,1,1930 CAMDEN RD,POINT (512606.73981905286 3896469.373722972),7,East/West,35.21194,-80.85917,1
300025,97322,CHERRY/PLUM/PEACH SPP,10.0,1,1930 CAMDEN RD,POINT (512643.53396632156 3896413.8423805516),7,East/West,35.21194,-80.85917,1
300076,97958,CRAPEMYRTLE SPP,4.0,1,1909 SOUTH BV,POINT (512832.6714986268 3896391.0057951896),7,East/West,35.21194,-80.85917,1
300362,107071,CRAPEMYRTLE SPP,5.0,1,300 E TREMONT AV,POINT (512878.7677285453 3896205.5757812206),7,East/West,35.21194,-80.85917,1
300556,97508,CRAPEMYRTLE SPP,9.0,1,328 E WORTHINGTON AV,POINT (513043.5611790474 3896245.6801923257),7,East/West,35.21194,-80.85917,1
300736,102240,HORNBEAM EUROPEAN,9.0,1,2100 SOUTH BV,POINT (512717.158131714 3896130.2072158605),7,East/West,35.21194,-80.85917,1
301209,107911,CHERRY/PLUM/PEACH SPP,5.0,1,2151 HAWKINS ST,POINT (512518.1245763773 3896242.9365102756),7,East/West,35.21194,-80.85917,1
301509,97332,CHERRY/PLUM/PEACH SPP,12.0,1,101 W WORTHINGTON AV,POINT (512753.5486991737 3896497.1641008127),7,East/West,35.21194,-80.85917,1
301519,97331,CHERRY/PLUM/PEACH SPP,11.0,1,101 W WORTHINGTON AV,POINT (512760.620581169 3896507.07682578),7,East/West,35.21194,-80.85917,1
301535,97350,CRAPEMYRTLE SPP,6.0,1,1930 CAMDEN RD,POINT (512604.2860607439 3896464.2086305805),7,East/West,35.21194,-80.85917,1
302164,96763,ELM CHINESE,14.0,1,1820 SOUTH BV,POINT (512878.6940997478 3896468.097815568),7,East/West,35.21194,-80.85917,1
302329,107902,SWEETGUM AMERICAN,15.0,1,2000 CLEVELAND AV,POINT (512832.3466977849 3896203.5497516016),7,East/West,35.21194,-80.85917,1
302406,97999,CRAPEMYRTLE SPP,3.0,1,208 EAST BV,POINT (513001.055057055 3896472.2496723216),7,East/West,35.21194,-80.85917,1
302439,107948,SWEETGUM AMERICAN,17.0,1,2000 CLEVELAND AV,POINT (512830.87507895316 3896200.7416893053),7,East/West,35.21194,-80.85917,1
302612,97440,CRAPEMYRTLE SPP,4.0,1,1930 HAWKINS ST,POINT (512595.3741323253 3896508.657443571),7,East/West,35.21194,-80.85917,1
302646,97355,CRAPEMYRTLE SPP,4.0,1,1930 CAMDEN RD,POINT (512618.977200548 3896490.0830990444),7,East/West,35.21194,-80.85917,1
302812,102038,HORNBEAM EUROPEAN,8.0,1,200 E TREMONT AV,POINT (512754.6827461837 3896236.737200893),7,East/West,35.21194,-80.85917,1
303189,96778,ELM CHINESE,11.0,1,1928 SOUTH BV,POINT (512773.1036843036 3896352.283145522),7,East/West,35.21194,-80.85917,1
303373,97353,CRAPEMYRTLE SPP,5.0,1,1930 CAMDEN RD,POINT (512613.1249216116 3896479.868369627),7,East/West,35.21194,-80.85917,1
303438,97951,OAK WILLOW,15.0,1,215 E WORTHINGTON AV,POINT (512901.6344512245 3896390.3495220137),7,East/West,35.21194,-80.85917,1
303667,97336,CHERRY/PLUM/PEACH SPP,2.0,1,101 W WORTHINGTON AV,POINT (512743.35112600756 3896481.9313545157),7,East/West,35.21194,-80.85917,1
303697,97328,CRAPEMYRTLE SPP,5.0,1,1930 CAMDEN RD,POINT (512588.8762302194 3896420.5492870454),7,East/West,35.21194,-80.85917,1
304704,222062,CRAPEMYRTLE SPP,3.0,1,300 EAST BV,POINT (513013.2069704674 3896379.546704109),7,East/West,35.21194,-80.85917,1
306987,224345,OAK WILLOW,6.0,1,125 W TREMONT AV,POINT (512572.27875393245 3896401.6558336494),7,East/West,35.21194,-80.85917,1
306988,224346,OAK WILLOW,6.0,1,125 W TREMONT AV,POINT (512569.46944647864 3896388.3255309775),7,East/West,35.21194,-80.85917,1
306989,224347,CHERRY/PLUM/PEACH SPP,6.0,1,125 W TREMONT AV,POINT (512567.3400623493 3896379.43352758),7,East/West,35.21194,-80.85917,1
306990,224348,CHERRY/PLUM/PEACH SPP,6.0,1,125 W TREMONT AV,POINT (512564.8571560484 3896368.9954057047),7,East/West,35.21194,-80.85917,1
306991,224349,CHERRY/PLUM/PEACH SPP,6.0,1,125 W TREMONT AV,POINT (512562.52781555237 3896360.484047469),7,East/West,35.21194,-80.85917,1
306992,224350,CHERRY/PLUM/PEACH SPP,6.0,1,125 W TREMONT AV,POINT (512559.36875853495 3896345.4154154956),7,East/West,35.21194,-80.85917,1
306993,224351,CHERRY/PLUM/PEACH SPP,6.0,1,125 W TREMONT AV,POINT (512556.17095843167 3896332.2696724795),7,East/West,35.21194,-80.85917,1
306994,224352,CHERRY/PLUM/PEACH SPP,6.0,1,125 W TREMONT AV,POINT (512553.86873677437 3896322.4123520697),7,East/West,35.21194,-80.85917,1
306995,224353,CHERRY/PLUM/PEACH SPP,6.0,1,2205 HAWKINS ST,POINT (512406.0509457959 3896173.423680308),7,East/West,35.21194,-80.85917,1
307121,224479,CRAPEMYRTLE SPP,4.0,1,1930 CAMDEN RD,POINT (512608.3002407298 3896418.6521043554),7,East/West,35.21194,-80.85917,1
307122,224480,STUMP,5.0,1,1930 CAMDEN RD,POINT (512703.3544628367 3896423.1898134793),7,East/West,35.21194,-80.85917,0
307123,224481,ELM CHINESE,8.0,1,1815 S TRYON ST,POINT (512455.9401564986 3896708.373133284),7,East/West,35.21194,-80.85917,1
307124,224482,ELM CHINESE,6.0,1,1815 S TRYON ST,POINT (512468.92003634904 3896701.119467715),7,East/West,35.21194,-80.85917,1
307125,224483,ELM CHINESE,6.0,1,1815 S TRYON ST,POINT (512475.46901389916 3896697.4359783456),7,East/West,35.21194,-80.85917,1
307126,224484,ELM CHINESE,6.0,1,1815 S TRYON ST,POINT (512485.1742090669 3896691.5325367623),7,East/West,35.21194,-80.85917,1
307127,224485,CHERRY/PLUM/PEACH SPP,6.0,1,125 W TREMONT AV,POINT (512683.6179462298 3896392.105235262),7,East/West,35.21194,-80.85917,1
307128,224486,OAK WILLOW,7.0,1,125 W TREMONT AV,POINT (512673.5958169326 3896395.539959345),7,East/West,35.21194,-80.85917,1
307129,224487,OAK WILLOW,7.0,1,125 W TREMONT AV,POINT (512661.11740658263 3896397.3938971935),7,East/West,35.21194,-80.85917,1
307131,224489,OAK WILLOW,7.0,1,125 W TREMONT AV,POINT (512633.8619219433 3896400.8744707527),7,East/West,35.21194,-80.85917,1
307132,224490,OAK WILLOW,7.0,1,125 W TREMONT AV,POINT (512617.60869016236 3896402.8414392136),7,East/West,35.21194,-80.85917,1
307133,224491,OAK WILLOW,7.0,1,125 W TREMONT AV,POINT (512607.7986825437 3896403.867400656),7,East/West,35.21194,-80.85917,1
307134,224492,OAK WILLOW,7.0,1,125 W TREMONT AV,POINT (512597.51766933996 3896405.4957305994),7,East/West,35.21194,-80.85917,1
307135,224493,OAK WILLOW,6.0,1,125 W TREMONT AV,POINT (512587.4080671094 3896406.2097764066),7,East/West,35.21194,-80.85917,1
307136,224494,CHERRY/PLUM/PEACH SPP,7.0,1,214 W TREMONT AV,POINT (512478.80626871344 3896434.1587822526),7,East/West,35.21194,-80.85917,1
307137,224495,CHERRY/PLUM/PEACH SPP,7.0,1,214 W TREMONT AV,POINT (512492.16939489986 3896432.365567602),7,East/West,35.21194,-80.85917,1
307138,224496,CHERRY/PLUM/PEACH SPP,8.0,1,214 W TREMONT AV,POINT (512502.50966482767 3896430.987314965),7,East/West,35.21194,-80.85917,1
307139,224497,CHERRY/PLUM/PEACH SPP,7.0,1,214 W TREMONT AV,POINT (512514.60089821526 3896429.3270629086),7,East/West,35.21194,-80.85917,1
307140,224498,CHERRY/PLUM/PEACH SPP,6.0,1,214 W TREMONT AV,POINT (512520.64002290415 3896428.814184532),7,East/West,35.21194,-80.85917,1
307141,224499,CHERRY/PLUM/PEACH SPP,9.0,1,214 W TREMONT AV,POINT (512536.857798676 3896427.078386332),7,East/West,35.21194,-80.85917,1
307142,224500,CHERRY HIGAN,2.0,1,200 W TREMONT AV,POINT (512549.07170606725 3896425.2453177697),7,East/West,35.21194,-80.85917,1
307143,224501,CHERRY HIGAN,2.0,1,200 W TREMONT AV,POINT (512554.87797664595 3896424.4480667016),7,East/West,35.21194,-80.85917,1
307144,224502,CHERRY HIGAN,3.0,1,200 W TREMONT AV,POINT (512558.5402368763 3896422.234210451),7,East/West,35.21194,-80.85917,1
307145,224503,MAPLE RED,10.0,1,2000 HAWKINS ST,POINT (512585.9993237056 3896498.093759685),7,East/West,35.21194,-80.85917,1
307146,224504,MULBERRY WHITE,1.0,1,2000 HAWKINS ST,POINT (512556.6714083316 3896514.9874635134),7,East/West,35.21194,-80.85917,1
307147,224505,CRAPEMYRTLE SPP,10.0,1,1967 ABBOTT ST,POINT (512462.85363159195 3896547.922822095),7,East/West,35.21194,-80.85917,1
307148,224506,HORNBEAM EUROPEAN,4.0,1,201 W WORTHINGTON AV,POINT (512637.95313213696 3896550.20698365),7,East/West,35.21194,-80.85917,1
307149,224507,HORNBEAM EUROPEAN,4.0,1,201 W WORTHINGTON AV,POINT (512642.501206447 3896559.657085739),7,East/West,35.21194,-80.85917,1
307150,224508,HORNBEAM EUROPEAN,4.0,1,201 W WORTHINGTON AV,POINT (512648.92415755853 3896570.3774801116),7,East/West,35.21194,-80.85917,1
307151,224509,ELM CHINESE,9.0,1,1905 ABBOTT ST,POINT (512534.994995827 3896647.7323868712),7,East/West,35.21194,-80.85917,1
307152,224510,ELM CHINESE,7.0,1,1905 ABBOTT ST,POINT (512518.5496312873 3896655.984556262),7,East/West,35.21194,-80.85917,1
307153,224511,ELM CHINESE,7.0,1,1905 ABBOTT ST,POINT (512511.05477730994 3896660.717215396),7,East/West,35.21194,-80.85917,1
307154,224512,ELM CHINESE,6.0,1,1910 ABBOTT ST,POINT (512474.1119683795 3896681.139939299),7,East/West,35.21194,-80.85917,1
307155,224513,ELM CHINESE,6.0,1,1910 ABBOTT ST,POINT (512465.53321367153 3896686.054945496),7,East/West,35.21194,-80.85917,1
307156,224514,ELM CHINESE,7.0,1,1910 ABBOTT ST,POINT (512457.2615547196 3896690.577066246),7,East/West,35.21194,-80.85917,1
307157,224515,ELM CHINESE,9.0,1,1910 ABBOTT ST,POINT (512447.1789713101 3896695.8608454717),7,East/West,35.21194,-80.85917,1
307158,224516,ELM CHINESE,7.0,1,1910 ABBOTT ST,POINT (512436.0709324248 3896702.520568561),7,East/West,35.21194,-80.85917,1
307159,224517,CRAPEMYRTLE SPP,10.0,1,1927 S TRYON ST,POINT (512310.33249206323 3896603.3967861193),7,East/West,35.21194,-80.85917,1
307160,224518,CRAPEMYRTLE SPP,10.0,1,1927 S TRYON ST,POINT (512315.59531139367 3896597.621223037),7,East/West,35.21194,-80.85917,1
307161,224519,CRAPEMYRTLE SPP,10.0,1,1927 S TRYON ST,POINT (512323.27981475194 3896590.2402653964),7,East/West,35.21194,-80.85917,1
307162,224520,CRAPEMYRTLE SPP,10.0,1,1927 S TRYON ST,POINT (512330.75839597004 3896583.9578838698),7,East/West,35.21194,-80.85917,1
307163,224521,CRAPEMYRTLE SPP,10.0,1,1927 S TRYON ST,POINT (512337.65252054075 3896579.318014131),7,East/West,35.21194,-80.85917,1
307164,224522,CRAPEMYRTLE SPP,10.0,1,1927 S TRYON ST,POINT (512345.2889019746 3896574.3254246493),7,East/West,35.21194,-80.85917,1
307165,224523,ELM CHINESE,10.0,1,1927 S TRYON ST,POINT (512353.82913995645 3896570.0862965384),7,East/West,35.21194,-80.85917,1
307166,224524,ELM CHINESE,10.0,1,1927 S TRYON ST,POINT (512362.5975112612 3896563.6462146207),7,East/West,35.21194,-80.85917,1
307175,224533,HORNBEAM EUROPEAN,4.0,1,2000 SOUTH BV,POINT (512732.6101677059 3896218.7058683564),7,East/West,35.21194,-80.85917,1
307176,224534,HORNBEAM EUROPEAN,3.0,1,2000 SOUTH BV,POINT (512736.70622757846 3896243.7069076654),7,East/West,35.21194,-80.85917,1
307179,224537,CRABAPPLE SPP,3.0,1,1820 SOUTH BV,POINT (512884.6748446554 3896474.621484115),7,East/West,35.21194,-80.85917,1
307180,224538,CRAPEMYRTLE SPP,2.0,1,1800 SOUTH BV,POINT (512928.345164812 3896522.489287966),7,East/West,35.21194,-80.85917,1
307181,224539,CRAPEMYRTLE SPP,2.0,1,1800 SOUTH BV,POINT (512930.49840215576 3896525.0311030447),7,East/West,35.21194,-80.85917,1
307182,224540,CRAPEMYRTLE SPP,2.0,1,1800 SOUTH BV,POINT (512932.50776946254 3896527.4230293273),7,East/West,35.21194,-80.85917,1
307188,224546,CRAPEMYRTLE SPP,3.0,1,330 EAST BV,POINT (513144.2777743644 3896359.7908733166),7,East/West,35.21194,-80.85917,1
307189,224547,CRAPEMYRTLE SPP,4.0,1,330 EAST BV,POINT (513150.3903854616 3896354.221317057),7,East/West,35.21194,-80.85917,1
307192,224550,OAK NORTHERN RED,9.0,1,400 EAST BV,POINT (513203.5956179588 3896289.8116398626),7,East/West,35.21194,-80.85917,1
307193,224551,OAK NORTHERN RED,10.0,1,400 EAST BV,POINT (513173.0334371919 3896317.020482882),7,East/West,35.21194,-80.85917,1
307194,224552,ELM CHINESE,7.0,1,1801 SOUTH BV,POINT (512935.73958635237 3896503.5499656782),7,East/West,35.21194,-80.85917,1
307195,224553,ELM CHINESE,11.0,1,1919 SOUTH BV,POINT (512806.4401580469 3896362.4553759373),7,East/West,35.21194,-80.85917,1
307196,224554,ELM CHINESE,13.0,1,1923 SOUTH BV,POINT (512795.59664973454 3896351.0280568847),7,East/West,35.21194,-80.85917,1
307197,224555,MAGNOLIA SAUCER,2.0,1,2109 SOUTH BV,POINT (512711.88394641085 3896075.6326440317),7,East/West,35.21194,-80.85917,1
307198,224556,MAGNOLIA SAUCER,2.0,1,2109 SOUTH BV,POINT (512708.89168440556 3896069.6754551274),7,East/West,35.21194,-80.85917,1
307199,224557,MAGNOLIA SAUCER,2.0,1,2109 SOUTH BV,POINT (512705.42144999444 3896063.0534803723),7,East/West,35.21194,-80.85917,1
307200,224558,MAGNOLIA SAUCER,2.0,1,2109 SOUTH BV,POINT (512700.64463693934 3896056.2412914853),7,East/West,35.21194,-80.85917,1
307201,224559,MAGNOLIA SAUCER,2.0,1,2109 SOUTH BV,POINT (512691.26462739287 3896042.129145171),7,East/West,35.21194,-80.85917,1
307202,224560,HORNBEAM AMERICAN,9.0,1,2137 SOUTH BV,POINT (512688.62982026336 3896034.639462885),7,East/West,35.21194,-80.85917,1
307203,224561,HORNBEAM AMERICAN,9.0,1,2137 SOUTH BV,POINT (512682.46122808766 3896026.575315216),7,East/West,35.21194,-80.85917,1
307204,224562,HORNBEAM AMERICAN,12.0,1,2137 SOUTH BV,POINT (512677.4434667124 3896019.6670779535),7,East/West,35.21194,-80.85917,1
307235,224593,MAPLE RED,25.0,1,405 E TREMONT AV,POINT (512993.63694222923 3896121.1674691862),7,East/West,35.21194,-80.85917,1
307236,224594,CRAPEMYRTLE SPP,2.0,1,409 E TREMONT AV,POINT (513008.7288619024 3896106.921929947),7,East/West,35.21194,-80.85917,1
307337,224695,OAK WILLOW,2.0,1,2125 EUCLID AV,POINT (512785.9041015237 3896017.727047295),7,East/West,35.21194,-80.85917,1
307338,224696,OAK WILLOW,2.0,1,2125 EUCLID AV,POINT (512778.18026003806 3896025.2143073906),7,East/West,35.21194,-80.85917,1
307339,224697,OAK WILLOW,8.0,1,108 SOUTHEND DR,POINT (512761.38791007944 3896040.1619348065),7,East/West,35.21194,-80.85917,1
307340,224698,OAK WILLOW,11.0,1,108 SOUTHEND DR,POINT (512755.52121293143 3896046.2412109813),7,East/West,35.21194,-80.85917,1
307341,224699,CHERRY/PLUM/PEACH SPP,5.0,1,2109 SOUTH BV,POINT (512750.05698873056 3896050.9953866657),7,East/West,35.21194,-80.85917,1
307358,224716,CRAPEMYRTLE SPP,1.0,1,2000 EUCLID AV,POINT (512943.3189389772 3896113.6343920473),7,East/West,35.21194,-80.85917,1
307359,224717,CRAPEMYRTLE SPP,1.0,1,2000 EUCLID AV,POINT (512950.282028447 3896120.7630126025),7,East/West,35.21194,-80.85917,1
307360,224718,MAPLE FREEMAN,5.0,1,301 E TREMONT AV,POINT (512883.9106794768 3896216.906042188),7,East/West,35.21194,-80.85917,1
307361,224719,MAPLE FREEMAN,5.0,1,301 E TREMONT AV,POINT (512889.8171921621 3896211.813501269),7,East/West,35.21194,-80.85917,1
307365,224723,CRAPEMYRTLE SPP,3.0,1,328 E WORTHINGTON AV,POINT (513041.3172170285 3896247.7454375266),7,East/West,35.21194,-80.85917,1
307366,224724,CRAPEMYRTLE SPP,4.0,1,324 E WORTHINGTON AV,POINT (513037.4992057362 3896250.5132186534),7,East/West,35.21194,-80.85917,1
307367,224725,REDBUD EASTERN,2.0,1,1913 CLEVELAND AV,POINT (512917.4660971586 3896275.026634844),7,East/West,35.21194,-80.85917,1
307368,224726,MAPLE FREEMAN,4.0,1,301 E TREMONT AV,POINT (512909.3264343078 3896266.6946878256),7,East/West,35.21194,-80.85917,1
307369,224727,MAPLE FREEMAN,5.0,1,301 E TREMONT AV,POINT (512900.73054170696 3896256.7478573686),7,East/West,35.21194,-80.85917,1
307371,224729,MAPLE FREEMAN,5.0,1,301 E TREMONT AV,POINT (512885.84966628684 3896239.972549392),7,East/West,35.21194,-80.85917,1
307372,224730,MAPLE FREEMAN,5.0,1,301 E TREMONT AV,POINT (512878.3112919483 3896232.979127619),7,East/West,35.21194,-80.85917,1
307373,224731,DOGWOOD FLOWERING,8.0,1,300 E TREMONT AV,POINT (512860.4360903383 3896209.8230176196),7,East/West,35.21194,-80.85917,1
307374,224732,MAGNOLIA SOUTHERN,11.0,1,2005 CLEVELAND AV,POINT (512851.79836428986 3896199.3717787443),7,East/West,35.21194,-80.85917,1
307375,224733,CYPRESS LEYLAND,9.0,1,2050 CLEVELAND AV,POINT (512816.0294165348 3896158.828695186),7,East/West,35.21194,-80.85917,0
307376,224734,CRAPEMYRTLE SPP,6.0,1,200 E TREMONT AV,POINT (512824.04656359606 3896252.98965655),7,East/West,35.21194,-80.85917,1
307377,224735,CRAPEMYRTLE SPP,3.0,1,200 E TREMONT AV,POINT (512819.4656195162 3896256.823692294),7,East/West,35.21194,-80.85917,1
307378,224736,CRAPEMYRTLE SPP,6.0,1,200 E TREMONT AV,POINT (512810.1648258739 3896265.64388677),7,East/West,35.21194,-80.85917,1
307379,224737,CRAPEMYRTLE SPP,3.0,1,200 E TREMONT AV,POINT (512802.5244590184 3896272.3032846744),7,East/West,35.21194,-80.85917,1
307380,224738,CRAPEMYRTLE SPP,7.0,1,200 E TREMONT AV,POINT (512789.79842439626 3896283.479501917),7,East/West,35.21194,-80.85917,1
307381,224739,MAPLE RED,4.0,1,217 E TREMONT AV,POINT (512824.0671943416 3896271.8667931063),7,East/West,35.21194,-80.85917,1
307382,224740,OAK WILLOW,1.0,1,1924 CLEVELAND AV,POINT (512866.0977053792 3896238.563049879),7,East/West,35.21194,-80.85917,1
307383,224741,CRAPEMYRTLE SPP,1.0,1,1924 CLEVELAND AV,POINT (512867.3062175196 3896239.918209158),7,East/West,35.21194,-80.85917,1
307384,224742,CRAPEMYRTLE SPP,5.0,1,1924 CLEVELAND AV,POINT (512868.99756130314 3896240.9029224217),7,East/West,35.21194,-80.85917,1
307385,224743,CRAPEMYRTLE SPP,1.0,1,1924 CLEVELAND AV,POINT (512874.3047655942 3896246.428386369),7,East/West,35.21194,-80.85917,1
307386,224744,CRAPEMYRTLE SPP,8.0,1,1924 CLEVELAND AV,POINT (512875.42205114174 3896247.5916204723),7,East/West,35.21194,-80.85917,1
307387,224745,WAXMYRTLE SOUTHERN,9.0,1,1920 CLEVELAND AV,POINT (512884.07763445505 3896257.4245613036),7,East/West,35.21194,-80.85917,0
307388,224746,CYPRESS ITALIAN,4.0,1,1920 CLEVELAND AV,POINT (512885.2052959588 3896258.9462801977),7,East/West,35.21194,-80.85917,0
307389,224747,ARBORVITAE AMERICAN,1.0,1,1920 CLEVELAND AV,POINT (512887.4579719966 3896262.126055431),7,East/West,35.21194,-80.85917,0
307390,224748,ARBORVITAE AMERICAN,1.0,1,1920 CLEVELAND AV,POINT (512889.1236141272 3896263.9992906437),7,East/West,35.21194,-80.85917,0
307391,224749,CYPRESS ITALIAN,6.0,1,1920 CLEVELAND AV,POINT (512891.8443008871 3896266.457345026),7,East/West,35.21194,-80.85917,0
307392,224750,OAK SCARLET,9.0,1,229 E WORTHINGTON AV,POINT (512966.56631612626 3896346.722932368),7,East/West,35.21194,-80.85917,1
307393,224751,OAK WHITE,3.0,1,228 EAST BV,POINT (513004.0721561028 3896386.9628385887),7,East/West,35.21194,-80.85917,1
307394,224752,REDBUD EASTERN,2.0,1,228 EAST BV,POINT (513015.6887325372 3896400.513291667),7,East/West,35.21194,-80.85917,1
307395,224753,OAK WHITE,3.0,1,228 EAST BV,POINT (513022.9867819347 3896409.2209556745),7,East/West,35.21194,-80.85917,1
307396,224754,OAK WILLOW,3.0,1,228 EAST BV,POINT (513041.6021592737 3896439.5917942743),7,East/West,35.21194,-80.85917,1
307397,224755,REDBUD EASTERN,2.0,1,300 EAST BV,POINT (513029.26960922044 3896398.1611011582),7,East/West,35.21194,-80.85917,1
307399,224757,HACKBERRY SUGAR,5.0,1,329 E WORTHINGTON AV,POINT (513080.96974927705 3896269.799628534),7,East/West,35.21194,-80.85917,1
307400,224758,MAPLE RED,4.0,1,1818 EUCLID AV,POINT (513102.27443463943 3896286.533077652),7,East/West,35.21194,-80.85917,1
307401,224759,ELM CHINESE,2.0,1,330 EAST BV,POINT (513123.36575450614 3896309.444309737),7,East/West,35.21194,-80.85917,1
307402,224760,JUNIPER ROCKY MOUNTAIN,2.0,1,330 EAST BV,POINT (513127.8771000181 3896319.635522181),7,East/West,35.21194,-80.85917,0
307403,224761,JUNIPER ROCKY MOUNTAIN,2.0,1,330 EAST BV,POINT (513130.6777503635 3896322.3432710813),7,East/West,35.21194,-80.85917,0
307404,224762,JUNIPER ROCKY MOUNTAIN,2.0,1,330 EAST BV,POINT (513131.97407068295 3896323.7969931182),7,East/West,35.21194,-80.85917,0
307405,224763,JUNIPER ROCKY MOUNTAIN,2.0,1,330 EAST BV,POINT (513133.67203740415 3896325.564686944),7,East/West,35.21194,-80.85917,0
307406,224764,JUNIPER ROCKY MOUNTAIN,2.0,1,330 EAST BV,POINT (513135.36990418134 3896327.332378752),7,East/West,35.21194,-80.85917,0
307407,224765,CRAPEMYRTLE SPP,2.0,1,400 EAST BV,POINT (513139.5496987425 3896311.7153566745),7,East/West,35.21194,-80.85917,1
307408,224766,CRAPEMYRTLE SPP,2.0,1,400 EAST BV,POINT (513134.7004591793 3896306.7508821464),7,East/West,35.21194,-80.85917,1
307409,224767,CRAPEMYRTLE SPP,2.0,1,400 EAST BV,POINT (513124.9478596276 3896295.418637579),7,East/West,35.21194,-80.85917,1
307410,224768,CRAPEMYRTLE SPP,2.0,1,400 EAST BV,POINT (513116.6315212293 3896286.088497738),7,East/West,35.21194,-80.85917,1
307411,224769,CRAPEMYRTLE SPP,2.0,1,401 E WORTHINGTON AV,POINT (513099.61653549375 3896267.8120888574),7,East/West,35.21194,-80.85917,1
307412,224770,ELM WINGED,2.0,1,401 E WORTHINGTON AV,POINT (513096.1124997362 3896259.6716347476),7,East/West,35.21194,-80.85917,1
307413,224771,ELM WINGED,2.0,1,401 E WORTHINGTON AV,POINT (513094.0802397117 3896257.3687413195),7,East/West,35.21194,-80.85917,1
307414,224772,PRIVET GLOSSY,2.0,1,401 E WORTHINGTON AV,POINT (513093.30182225193 3896256.5583113506),7,East/West,35.21194,-80.85917,1
307415,224773,ELM WINGED,2.0,1,401 E WORTHINGTON AV,POINT (513092.0480816529 3896255.0657499623),7,East/West,35.21194,-80.85917,1
307416,224774,OAK WILLOW,3.0,1,401 E WORTHINGTON AV,POINT (513090.58598051657 3896253.2940090797),7,East/West,35.21194,-80.85917,1
307417,224775,HOLLY CHINESE,2.0,1,401 E WORTHINGTON AV,POINT (513087.955024731 3896250.3675943706),7,East/West,35.21194,-80.85917,0
307419,224777,ELM WINGED,1.0,1,401 E WORTHINGTON AV,POINT (513087.6231203624 3896254.701513308),7,East/West,35.21194,-80.85917,1
307420,224778,OAK WILLOW,1.0,1,401 E WORTHINGTON AV,POINT (513085.0959354461 3896252.694327327),7,East/West,35.21194,-80.85917,1
310372,225329,CRAPE MYRTLE,2.0,1,400 EAST BV,POINT (513176.2059586875 3896280.70536457),7,East/West,35.21194,-80.85917,1
310465,225422,MAPLE PAINTED,2.0,1,2000 EUCLID AV #H,POINT (512942.12648490496 3896134.271766571),7,East/West,35.21194,-80.85917,1
310466,225423,MAPLE PAINTED,2.0,1,2000 EUCLID AV #H,POINT (512942.12648490496 3896134.271766571),7,East/West,35.21194,-80.85917,1
310467,225424,MAPLE PAINTED,2.0,1,2000 EUCLID AV #H,POINT (512942.12648490496 3896134.271766571),7,East/West,35.21194,-80.85917,1
311488,226445,MAPLE RED,3.0,1,1930 CAMDEN RD,POINT (512630.04188732296 3896421.182121163),7,East/West,35.21194,-80.85917,1
312840,227799,ELM CHINESE,3.0,1,201 W TREMONT AV,POINT (512543.2186667153 3896336.0449313973),7,East/West,35.21194,-80.85917,1
312841,227800,ELM CHINESE,3.0,1,201 W TREMONT AV,POINT (512543.2186667153 3896336.0449313973),7,East/West,35.21194,-80.85917,1
316919,230940,ELM CHINESE,3.0,1,1800 SOUTH BV,POINT (512904.2800827376 3896566.9916701373),7,East/West,35.21194,-80.85917,1
661129,10453512,TULIPTREE,4.0,1,244 W KINGSTON AV,POINT (512637.0857332802 3896926.093933924),6,Bland,35.21583,-80.85528,1
661129,10453512,TULIPTREE,4.0,1,244 W KINGSTON AV,POINT (512637.0857332802 3896926.093933924),7,East/West,35.21194,-80.85917,1
673929,10453833,TULIPTREE,3.0,1,1828 S TRYON ST,POINT (512406.2593983668 3896734.861076969),7,East/West,35.21194,-80.85917,1
673930,10453834,TULIPTREE,3.0,1,1825 WICKFORD PL,POINT (512386.7144586776 3896746.1348844613),7,East/West,35.21194,-80.85917,1
673931,10453835,TULIPTREE,3.0,1,1825 WICKFORD PL,POINT (512376.4529659808 3896752.317997345),7,East/West,35.21194,-80.85917,1
673932,10453836,Carolina Silverbell,3.0,1,1900 S TRYON ST,POINT (512395.1125545346 3896728.2357191565),7,East/West,35.21194,-80.85917,1
673933,10453837,Carolina Silverbell,3.0,1,1900 S TRYON ST,POINT (512374.8338941709 3896740.4807763556),7,East/West,35.21194,-80.85917,1
673934,10453838,Carolina Silverbell,3.0,1,1900 S TRYON ST,POINT (512384.240275452 3896734.7825001823),7,East/West,35.21194,-80.85917,1
673935,10453839,Carolina Silverbell,3.0,1,401 W WORTHINGTON AV,POINT (512363.5954495804 3896747.0270791315),7,East/West,35.21194,-80.85917,1
673936,10453840,Carolina Silverbell,3.0,1,401 W WORTHINGTON AV,POINT (512340.0179342706 3896761.6978999656),7,East/West,35.21194,-80.85917,1
673937,10453841,Carolina Silverbell,3.0,1,401 W WORTHINGTON AV,POINT (512352.35601519415 3896754.3024124387),7,East/West,35.21194,-80.85917,1
780089,10501070,MAPLE: RED,3.0,1,229 N CHURCH ST #200,POINT (514366.89038907085 3898515.0701269293),1,7th Street,35.22722,-80.83806,1
780090,10501071,MAPLE: RED,3.0,1,210 N CHURCH ST #3104,POINT (514359.70710970473 3898509.1327799787),1,7th Street,35.22722,-80.83806,1
802852,10501357,JAPANESE SNOWBELL,2.0,1,1800 SOUTH BV,POINT (512917.235950104 3896553.5699361586),7,East/West,35.21194,-80.85917,1
802853,10501358,JAPANESE SNOWBELL,2.0,1,1800 SOUTH BV,POINT (512910.3303943483 3896559.878863902),7,East/West,35.21194,-80.85917,1
810451,10501458,BLACKGUM: COMMON,2.0,1,335 E TREMONT AV,POINT (512961.0536085806 3896146.7828931655),7,East/West,35.21194,-80.85917,1
810452,10501459,BLACKGUM: COMMON,2.0,1,331 E TREMONT AV,POINT (512945.16515330225 3896160.4919184404),7,East/West,35.21194,-80.85917,1
810453,10501460,BLACKGUM: COMMON,2.0,1,323 E TREMONT AV,POINT (512935.6939816263 3896168.1949562114),7,East/West,35.21194,-80.85917,1
810454,10501461,HORNBEAM: AMERICAN,3.0,1,323 E TREMONT AV,POINT (512930.01016863855 3896173.594463801),7,East/West,35.21194,-80.85917,1
810455,10501462,HORNBEAM: AMERICAN,3.0,1,323 E TREMONT AV,POINT (512920.90325222653 3896182.573954625),7,East/West,35.21194,-80.85917,1
872894,110503634,MAPLE: RED,3.0,1,217 S BREVARD ST,POINT (514416.5179142337 3897732.8985749143),2,CTC/Arena,35.225,-80.84139,1
872894,110503634,MAPLE: RED,3.0,1,217 S BREVARD ST,POINT (514416.5179142337 3897732.8985749143),3,3rd St/Convention,35.22361,-80.84306,1
872894,110503634,MAPLE: RED,3.0,1,217 S BREVARD ST,POINT (514416.5179142337 3897732.8985749143),4,Brooklyn Village,35.22139,-80.84694,1
897694,110503785,MAPLE: RED,3.0,1,201 S BREVARD ST,POINT (514475.8229870478 3897838.067319324),2,CTC/Arena,35.225,-80.84139,1
897694,110503785,MAPLE: RED,3.0,1,201 S BREVARD ST,POINT (514475.8229870478 3897838.067319324),3,3rd St/Convention,35.22361,-80.84306,1
897695,110503786,MAPLE: RED,3.0,1,201 S BREVARD ST,POINT (514467.52209643926 3897846.814069794),2,CTC/Arena,35.225,-80.84139,1
897695,110503786,MAPLE: RED,3.0,1,201 S BREVARD ST,POINT (514467.52209643926 3897846.814069794),3,3rd St/Convention,35.22361,-80.84306,1
926895,110503953,CRAPEMYRTLE: SPP,2.0,1,229 E WORTHINGTON AV,POINT (512980.37642440165 3896362.4282381944),7,East/West,35.21194,-80.85917,1
947694,110504173,OAK: WILLOW,3.0,1,224 EAST BV,POINT (513014.6026190032 3896460.032178518),7,East/West,35.21194,-80.85917,1
948094,110504174,CRAPEMYRTLE: SPP,2.0,1,,POINT (513179.48360526934 3896310.682680108),7,East/West,35.21194,-80.85917,1
1198391,110508298,OAK: SHUMARD,3.0,1,525 E 6TH ST #419,POINT (514909.3149554631 3897988.777001001),1,7th Street,35.22722,-80.83806,1
1741953,10453738,DOGWOOD: FLOWERING,2.0,1,,POINT (512725.56165316794 3896074.7128069173),7,East/West,35.21194,-80.85917,1
1741954,10453739,DOGWOOD: FLOWERING,2.0,1,,POINT (512735.8283605983 3896065.4916024036),7,East/West,35.21194,-80.85917,1
1745895,110514206,,3.0,1,,POINT (512897.2280534092 3896204.7333070645),7,East/West,35.21194,-80.85917,0
1746885,110515502,,3.0,1,307 E KINGSTON AV,POINT (513198.52823388495 3896517.0376677313),7,East/West,35.21194,-80.85917,0
1747333,110516101,MAPLE: AMUR,2.0,1,,POINT (512916.2345132162 3897144.7909522923),6,Bland,35.21583,-80.85528,1
1747500,110516268,MAPLE: JAPANESE,4.0,1,,POINT (514248.5940567643 3898048.0057602767),2,CTC/Arena,35.225,-80.84139,1
1747500,110516268,MAPLE: JAPANESE,4.0,1,,POINT (514248.5940567643 3898048.0057602767),3,3rd St/Convention,35.22361,-80.84306,1
1747501,110516269,MAPLE: JAPANESE,5.0,1,,POINT (514253.47067054413 3898051.5123892454),2,CTC/Arena,35.225,-80.84139,1
1747501,110516269,MAPLE: JAPANESE,5.0,1,,POINT (514253.47067054413 3898051.5123892454),3,3rd St/Convention,35.22361,-80.84306,1
1747502,110516270,MAPLE: JAPANESE,6.0,1,,POINT (514258.0540360196 3898054.630335325),2,CTC/Arena,35.225,-80.84139,1
1747502,110516270,MAPLE: JAPANESE,6.0,1,,POINT (514258.0540360196 3898054.630335325),3,3rd St/Convention,35.22361,-80.84306,1
1747504,110516272,MAPLE: JAPANESE,1.0,1,601 N POPLAR ST,POINT (514583.35509357176 3898883.9424521853),0,9th Street,35.2297,-80.835,1
1747508,110516276,MAPLE: JAPANESE,3.0,1,,POINT (512937.5985116378 3897141.419063292),6,Bland,35.21583,-80.85528,1
1747539,110516307,MAPLE: NORWAY,3.0,1,,POINT (515089.1863646293 3898155.7625592197),0,9th Street,35.2297,-80.835,1
1747539,110516307,MAPLE: NORWAY,3.0,1,,POINT (515089.1863646293 3898155.7625592197),1,7th Street,35.22722,-80.83806,1
1747540,110516308,MAPLE: NORWAY,3.0,1,,POINT (515148.03417323844 3898095.621863273),0,9th Street,35.2297,-80.835,1
1747540,110516308,MAPLE: NORWAY,3.0,1,,POINT (515148.03417323844 3898095.621863273),1,7th Street,35.22722,-80.83806,1
1747542,110516310,MAPLE: NORWAY,8.0,1,,POINT (515115.3490568962 3898128.4703623764),0,9th Street,35.2297,-80.835,1
1747542,110516310,MAPLE: NORWAY,8.0,1,,POINT (515115.3490568962 3898128.4703623764),1,7th Street,35.22722,-80.83806,1
1747543,110516311,MAPLE: NORWAY,5.0,1,,POINT (515108.3797164467 3898135.8701354396),0,9th Street,35.2297,-80.835,1
1747543,110516311,MAPLE: NORWAY,5.0,1,,POINT (515108.3797164467 3898135.8701354396),1,7th Street,35.22722,-80.83806,1
1747544,110516312,MAPLE: NORWAY,5.0,1,,POINT (515101.4137592942 3898141.811674035),0,9th Street,35.2297,-80.835,1
1747544,110516312,MAPLE: NORWAY,5.0,1,,POINT (515101.4137592942 3898141.811674035),1,7th Street,35.22722,-80.83806,1
1747545,110516313,MAPLE: NORWAY,5.0,1,,POINT (515084.9053315411 3898161.465715095),0,9th Street,35.2297,-80.835,1
1747545,110516313,MAPLE: NORWAY,5.0,1,,POINT (515084.9053315411 3898161.465715095),1,7th Street,35.22722,-80.83806,1
1747546,110516314,MAPLE: NORWAY,7.0,1,,POINT (515079.64973120845 3898166.0737064905),0,9th Street,35.2297,-80.835,1
1747546,110516314,MAPLE: NORWAY,7.0,1,,POINT (515079.64973120845 3898166.0737064905),1,7th Street,35.22722,-80.83806,1
1747547,110516315,MAPLE: NORWAY,8.0,1,,POINT (515064.6127217818 3898181.96514782),0,9th Street,35.2297,-80.835,1
1747547,110516315,MAPLE: NORWAY,8.0,1,,POINT (515064.6127217818 3898181.96514782),1,7th Street,35.22722,-80.83806,1
1747548,110516316,MAPLE: NORWAY,5.0,1,,POINT (515057.89257372316 3898186.813612306),0,9th Street,35.2297,-80.835,1
1747548,110516316,MAPLE: NORWAY,5.0,1,,POINT (515057.89257372316 3898186.813612306),1,7th Street,35.22722,-80.83806,1
1747549,110516317,MAPLE: NORWAY,6.0,1,,POINT (515052.1429777176 3898194.5793385804),0,9th Street,35.2297,-80.835,1
1747549,110516317,MAPLE: NORWAY,6.0,1,,POINT (515052.1429777176 3898194.5793385804),1,7th Street,35.22722,-80.83806,1
1747553,110516321,MAPLE: NORWAY,5.0,1,,POINT (515167.90040286194 3898075.5943061714),0,9th Street,35.2297,-80.835,1
1747554,110516322,MAPLE: NORWAY,5.0,1,,POINT (515161.24824718677 3898082.13522815),0,9th Street,35.2297,-80.835,1
1747555,110516323,MAPLE: NORWAY,12.0,1,,POINT (512443.33987520734 3896868.7928602127),7,East/West,35.21194,-80.85917,1
1747562,110516330,MAPLE: RED,5.0,1,529 N POPLAR ST,POINT (514578.7569595628 3898871.1060572346),0,9th Street,35.2297,-80.835,1
1747642,110516410,MAPLE: RED,24.0,1,300 WESTWOOD AV,POINT (512742.98933122505 3897180.3892635666),6,Bland,35.21583,-80.85528,1
1747643,110516411,MAPLE: RED,21.0,1,,POINT (512772.44978320494 3897234.744411923),6,Bland,35.21583,-80.85528,1
1747767,110516535,MAPLE: RED,5.0,1,,POINT (514597.9823891707 3897736.092565475),2,CTC/Arena,35.225,-80.84139,1
1747767,110516535,MAPLE: RED,5.0,1,,POINT (514597.9823891707 3897736.092565475),3,3rd St/Convention,35.22361,-80.84306,1
1747768,110516536,MAPLE: RED,13.0,1,,POINT (514665.46264546487 3897665.572414436),2,CTC/Arena,35.225,-80.84139,1
1747768,110516536,MAPLE: RED,13.0,1,,POINT (514665.46264546487 3897665.572414436),3,3rd St/Convention,35.22361,-80.84306,1
1747769,110516537,MAPLE: RED,10.0,1,,POINT (514670.9754443914 3897660.189357601),2,CTC/Arena,35.225,-80.84139,1
1747769,110516537,MAPLE: RED,10.0,1,,POINT (514670.9754443914 3897660.189357601),3,3rd St/Convention,35.22361,-80.84306,1
1747770,110516538,MAPLE: RED,15.0,1,,POINT (514696.6245116459 3897633.71355804),2,CTC/Arena,35.225,-80.84139,1
1747770,110516538,MAPLE: RED,15.0,1,,POINT (514696.6245116459 3897633.71355804),3,3rd St/Convention,35.22361,-80.84306,1
1747771,110516539,MAPLE: RED,13.0,1,,POINT (514703.16392156173 3897626.6243014983),2,CTC/Arena,35.225,-80.84139,1
1747771,110516539,MAPLE: RED,13.0,1,,POINT (514703.16392156173 3897626.6243014983),3,3rd St/Convention,35.22361,-80.84306,1
1747772,110516540,MAPLE: RED,9.0,1,,POINT (514710.13364475325 3897619.026749747),2,CTC/Arena,35.225,-80.84139,1
1747773,110516541,MAPLE: RED,12.0,1,,POINT (514716.14880418737 3897613.033556123),2,CTC/Arena,35.225,-80.84139,1
1747779,110516547,MAPLE: RED,5.0,1,,POINT (514752.0530979186 3897616.4678944848),2,CTC/Arena,35.225,-80.84139,1
1747781,110516549,MAPLE: RED,6.0,1,,POINT (514743.11929782655 3897609.634036864),2,CTC/Arena,35.225,-80.84139,1
1747805,110516573,MAPLE: RED,17.0,1,,POINT (514513.6962570217 3897633.3370916266),3,3rd St/Convention,35.22361,-80.84306,1
1747806,110516574,MAPLE: RED,13.0,1,,POINT (514518.5123676735 3897628.1790818027),3,3rd St/Convention,35.22361,-80.84306,1
1747807,110516575,MAPLE: RED,11.0,1,,POINT (514624.61196982197 3897669.781493789),2,CTC/Arena,35.225,-80.84139,1
1747807,110516575,MAPLE: RED,11.0,1,,POINT (514624.61196982197 3897669.781493789),3,3rd St/Convention,35.22361,-80.84306,1
1747808,110516576,MAPLE: RED,11.0,1,,POINT (514617.8089503543 3897662.1028278894),2,CTC/Arena,35.225,-80.84139,1
1747808,110516576,MAPLE: RED,11.0,1,,POINT (514617.8089503543 3897662.1028278894),3,3rd St/Convention,35.22361,-80.84306,1
1747809,110516577,MAPLE: RED,13.0,1,,POINT (514564.1219646673 3897612.6775513105),2,CTC/Arena,35.225,-80.84139,1
1747809,110516577,MAPLE: RED,13.0,1,,POINT (514564.1219646673 3897612.6775513105),3,3rd St/Convention,35.22361,-80.84306,1
1747810,110516578,MAPLE: RED,16.0,1,,POINT (514557.7919638333 3897606.7829974093),2,CTC/Arena,35.225,-80.84139,1
1747810,110516578,MAPLE: RED,16.0,1,,POINT (514557.7919638333 3897606.7829974093),3,3rd St/Convention,35.22361,-80.84306,1
1747811,110516579,MAPLE: RED,10.0,1,,POINT (514557.88201711356 3897588.169559781),3,3rd St/Convention,35.22361,-80.84306,1
1747812,110516580,MAPLE: RED,7.0,1,,POINT (514562.9755273592 3897581.9883079757),3,3rd St/Convention,35.22361,-80.84306,1
1747813,110516581,MAPLE: RED,9.0,1,,POINT (514569.323821822 3897576.4934939146),3,3rd St/Convention,35.22361,-80.84306,1
1747814,110516582,MAPLE: RED,10.0,1,,POINT (514574.86725148634 3897570.1311200405),3,3rd St/Convention,35.22361,-80.84306,1
1747815,110516583,MAPLE: RED,11.0,1,,POINT (514582.08833133825 3897562.9964024043),3,3rd St/Convention,35.22361,-80.84306,1
1747816,110516584,MAPLE: RED,10.0,1,,POINT (514587.18457323813 3897556.8086059787),3,3rd St/Convention,35.22361,-80.84306,1
1747817,110516585,MAPLE: RED,12.0,1,,POINT (514593.6701314688 3897550.3424227852),3,3rd St/Convention,35.22361,-80.84306,1
1747818,110516586,MAPLE: RED,9.0,1,,POINT (514630.44481849734 3897513.2379157254),3,3rd St/Convention,35.22361,-80.84306,1
1747819,110516587,MAPLE: RED,4.0,1,,POINT (514369.91731125483 3897448.804837671),3,3rd St/Convention,35.22361,-80.84306,1
1747819,110516587,MAPLE: RED,4.0,1,,POINT (514369.91731125483 3897448.804837671),4,Brooklyn Village,35.22139,-80.84694,1
1747820,110516588,MAPLE: RED,5.0,1,,POINT (514334.07632603106 3897418.7049665013),4,Brooklyn Village,35.22139,-80.84694,1
1747821,110516589,MAPLE: RED,5.0,1,,POINT (514343.1893979918 3897426.9837380387),3,3rd St/Convention,35.22361,-80.84306,1
1747821,110516589,MAPLE: RED,5.0,1,,POINT (514343.1893979918 3897426.9837380387),4,Brooklyn Village,35.22139,-80.84694,1
1747822,110516590,MAPLE: RED,6.0,1,,POINT (514323.77822225186 3897411.0520747416),4,Brooklyn Village,35.22139,-80.84694,1
1747823,110516591,MAPLE: RED,4.0,1,,POINT (514316.1541084735 3897403.822535181),4,Brooklyn Village,35.22139,-80.84694,1
1747824,110516592,MAPLE: RED,4.0,1,,POINT (514287.6574264589 3897379.2861782187),4,Brooklyn Village,35.22139,-80.84694,1
1747825,110516593,MAPLE: RED,5.0,1,,POINT (514262.8662937325 3897360.0601313785),4,Brooklyn Village,35.22139,-80.84694,1
1747826,110516594,MAPLE: RED,14.0,1,,POINT (514260.77931783133 3897874.235756598),2,CTC/Arena,35.225,-80.84139,1
1747826,110516594,MAPLE: RED,14.0,1,,POINT (514260.77931783133 3897874.235756598),3,3rd St/Convention,35.22361,-80.84306,1
1747827,110516595,MAPLE: RED,11.0,1,,POINT (514255.474464137 3897879.5861044386),2,CTC/Arena,35.225,-80.84139,1
1747827,110516595,MAPLE: RED,11.0,1,,POINT (514255.474464137 3897879.5861044386),3,3rd St/Convention,35.22361,-80.84306,1
1747828,110516596,MAPLE: RED,3.0,1,,POINT (514250.70835962455 3897883.830482309),2,CTC/Arena,35.225,-80.84139,1
1747828,110516596,MAPLE: RED,3.0,1,,POINT (514250.70835962455 3897883.830482309),3,3rd St/Convention,35.22361,-80.84306,1
1747829,110516597,MAPLE: RED,9.0,1,,POINT (514246.795847444 3897888.0773599325),2,CTC/Arena,35.225,-80.84139,1
1747829,110516597,MAPLE: RED,9.0,1,,POINT (514246.795847444 3897888.0773599325),3,3rd St/Convention,35.22361,-80.84306,1
1747830,110516598,MAPLE: RED,8.0,1,,POINT (514243.47005862254 3897891.8992885714),2,CTC/Arena,35.225,-80.84139,1
1747830,110516598,MAPLE: RED,8.0,1,,POINT (514243.47005862254 3897891.8992885714),3,3rd St/Convention,35.22361,-80.84306,1
1747830,110516598,MAPLE: RED,8.0,1,,POINT (514243.47005862254 3897891.8992885714),4,Brooklyn Village,35.22139,-80.84694,1
1747831,110516599,MAPLE: RED,12.0,1,,POINT (514235.18220108026 3897900.6939974464),2,CTC/Arena,35.225,-80.84139,1
1747831,110516599,MAPLE: RED,12.0,1,,POINT (514235.18220108026 3897900.6939974464),3,3rd St/Convention,35.22361,-80.84306,1
1747831,110516599,MAPLE: RED,12.0,1,,POINT (514235.18220108026 3897900.6939974464),4,Brooklyn Village,35.22139,-80.84694,1
1747832,110516600,MAPLE: RED,99.0,1,,POINT (514223.619864072 3897911.4042967176),2,CTC/Arena,35.225,-80.84139,1
1747832,110516600,MAPLE: RED,99.0,1,,POINT (514223.619864072 3897911.4042967176),3,3rd St/Convention,35.22361,-80.84306,1
1747832,110516600,MAPLE: RED,99.0,1,,POINT (514223.619864072 3897911.4042967176),4,Brooklyn Village,35.22139,-80.84694,1
1747833,110516601,MAPLE: RED,99.0,1,,POINT (514218.1457369376 3897915.6720062224),2,CTC/Arena,35.225,-80.84139,1
1747833,110516601,MAPLE: RED,99.0,1,,POINT (514218.1457369376 3897915.6720062224),3,3rd St/Convention,35.22361,-80.84306,1
1747833,110516601,MAPLE: RED,99.0,1,,POINT (514218.1457369376 3897915.6720062224),4,Brooklyn Village,35.22139,-80.84694,1
1747834,110516602,MAPLE: RED,99.0,1,,POINT (514195.6610695558 3897964.782341636),2,CTC/Arena,35.225,-80.84139,1
1747834,110516602,MAPLE: RED,99.0,1,,POINT (514195.6610695558 3897964.782341636),3,3rd St/Convention,35.22361,-80.84306,1
1747834,110516602,MAPLE: RED,99.0,1,,POINT (514195.6610695558 3897964.782341636),4,Brooklyn Village,35.22139,-80.84694,1
1747835,110516603,MAPLE: RED,99.0,1,201 S COLLEGE ST,POINT (514205.3181189537 3897954.9561916227),2,CTC/Arena,35.225,-80.84139,1
1747835,110516603,MAPLE: RED,99.0,1,201 S COLLEGE ST,POINT (514205.3181189537 3897954.9561916227),3,3rd St/Convention,35.22361,-80.84306,1
1747835,110516603,MAPLE: RED,99.0,1,201 S COLLEGE ST,POINT (514205.3181189537 3897954.9561916227),4,Brooklyn Village,35.22139,-80.84694,1
1747836,110516604,MAPLE: RED,10.0,1,,POINT (514463.54557117855 3897888.421553042),2,CTC/Arena,35.225,-80.84139,1
1747836,110516604,MAPLE: RED,10.0,1,,POINT (514463.54557117855 3897888.421553042),3,3rd St/Convention,35.22361,-80.84306,1
1747837,110516605,MAPLE: RED,7.0,1,,POINT (514490.3579189924 3897912.156231652),2,CTC/Arena,35.225,-80.84139,1
1747837,110516605,MAPLE: RED,7.0,1,,POINT (514490.3579189924 3897912.156231652),3,3rd St/Convention,35.22361,-80.84306,1
1747838,110516606,MAPLE: RED,9.0,1,,POINT (514510.588533507 3897929.805296366),1,7th Street,35.22722,-80.83806,1
1747838,110516606,MAPLE: RED,9.0,1,,POINT (514510.588533507 3897929.805296366),2,CTC/Arena,35.225,-80.84139,1
1747838,110516606,MAPLE: RED,9.0,1,,POINT (514510.588533507 3897929.805296366),3,3rd St/Convention,35.22361,-80.84306,1
1747839,110516607,MAPLE: RED,11.0,1,,POINT (514518.6323750048 3897936.5010313652),1,7th Street,35.22722,-80.83806,1
1747839,110516607,MAPLE: RED,11.0,1,,POINT (514518.6323750048 3897936.5010313652),2,CTC/Arena,35.225,-80.84139,1
1747839,110516607,MAPLE: RED,11.0,1,,POINT (514518.6323750048 3897936.5010313652),3,3rd St/Convention,35.22361,-80.84306,1
1747840,110516608,MAPLE: RED,8.0,1,,POINT (514524.11437963275 3897942.705878155),1,7th Street,35.22722,-80.83806,1
1747840,110516608,MAPLE: RED,8.0,1,,POINT (514524.11437963275 3897942.705878155),2,CTC/Arena,35.225,-80.84139,1
1747840,110516608,MAPLE: RED,8.0,1,,POINT (514524.11437963275 3897942.705878155),3,3rd St/Convention,35.22361,-80.84306,1
1747841,110516609,MAPLE: RED,9.0,1,,POINT (514531.42874106584 3897948.063103862),1,7th Street,35.22722,-80.83806,1
1747841,110516609,MAPLE: RED,9.0,1,,POINT (514531.42874106584 3897948.063103862),2,CTC/Arena,35.225,-80.84139,1
1747841,110516609,MAPLE: RED,9.0,1,,POINT (514531.42874106584 3897948.063103862),3,3rd St/Convention,35.22361,-80.84306,1
1747842,110516610,MAPLE: RED,10.0,1,,POINT (514538.3755309836 3897953.906490431),1,7th Street,35.22722,-80.83806,1
1747842,110516610,MAPLE: RED,10.0,1,,POINT (514538.3755309836 3897953.906490431),2,CTC/Arena,35.225,-80.84139,1
1747842,110516610,MAPLE: RED,10.0,1,,POINT (514538.3755309836 3897953.906490431),3,3rd St/Convention,35.22361,-80.84306,1
1747843,110516611,MAPLE: RED,9.0,1,,POINT (514167.40379071794 3897483.5553764724),3,3rd St/Convention,35.22361,-80.84306,1
1747843,110516611,MAPLE: RED,9.0,1,,POINT (514167.40379071794 3897483.5553764724),4,Brooklyn Village,35.22139,-80.84694,1
1747844,110516612,MAPLE: RED,9.0,1,S CALDWELL ST,POINT (514181.3929615547 3897494.820400309),3,3rd St/Convention,35.22361,-80.84306,1
1747844,110516612,MAPLE: RED,9.0,1,S CALDWELL ST,POINT (514181.3929615547 3897494.820400309),4,Brooklyn Village,35.22139,-80.84694,1
1747845,110516613,MAPLE: RED,5.0,1,,POINT (514439.50225661567 3897710.328622735),2,CTC/Arena,35.225,-80.84139,1
1747845,110516613,MAPLE: RED,5.0,1,,POINT (514439.50225661567 3897710.328622735),3,3rd St/Convention,35.22361,-80.84306,1
1747846,110516614,MAPLE: RED,5.0,1,,POINT (514451.5278348278 3897709.59488701),2,CTC/Arena,35.225,-80.84139,1
1747846,110516614,MAPLE: RED,5.0,1,,POINT (514451.5278348278 3897709.59488701),3,3rd St/Convention,35.22361,-80.84306,1
1747847,110516615,MAPLE: RED,5.0,1,,POINT (514460.98073327687 3897720.293045199),2,CTC/Arena,35.225,-80.84139,1
1747847,110516615,MAPLE: RED,5.0,1,,POINT (514460.98073327687 3897720.293045199),3,3rd St/Convention,35.22361,-80.84306,1
1747848,110516616,MAPLE: RED,5.0,1,222 S CALDWELL ST,POINT (514465.41104039014 3897724.1439575334),2,CTC/Arena,35.225,-80.84139,1
1747848,110516616,MAPLE: RED,5.0,1,222 S CALDWELL ST,POINT (514465.41104039014 3897724.1439575334),3,3rd St/Convention,35.22361,-80.84306,1
1747849,110516617,MAPLE: RED,5.0,1,222 S CALDWELL ST,POINT (514478.156578784 3897735.826696429),2,CTC/Arena,35.225,-80.84139,1
1747849,110516617,MAPLE: RED,5.0,1,222 S CALDWELL ST,POINT (514478.156578784 3897735.826696429),3,3rd St/Convention,35.22361,-80.84306,1
1747850,110516618,MAPLE: RED,5.0,1,222 S CALDWELL ST #1501,POINT (514485.27544355934 3897741.7402448882),2,CTC/Arena,35.225,-80.84139,1
1747850,110516618,MAPLE: RED,5.0,1,222 S CALDWELL ST #1501,POINT (514485.27544355934 3897741.7402448882),3,3rd St/Convention,35.22361,-80.84306,1
1747851,110516619,MAPLE: RED,5.0,1,201 S BREVARD ST,POINT (514489.50538817205 3897825.163185019),2,CTC/Arena,35.225,-80.84139,1
1747851,110516619,MAPLE: RED,5.0,1,201 S BREVARD ST,POINT (514489.50538817205 3897825.163185019),3,3rd St/Convention,35.22361,-80.84306,1
1747852,110516620,MAPLE: RED,4.0,1,201 S BREVARD ST,POINT (514482.31568806915 3897832.8148994874),2,CTC/Arena,35.225,-80.84139,1
1747852,110516620,MAPLE: RED,4.0,1,201 S BREVARD ST,POINT (514482.31568806915 3897832.8148994874),3,3rd St/Convention,35.22361,-80.84306,1
1747853,110516621,MAPLE: RED,11.0,1,,POINT (514593.08140438853 3897815.2645055056),1,7th Street,35.22722,-80.83806,1
1747853,110516621,MAPLE: RED,11.0,1,,POINT (514593.08140438853 3897815.2645055056),2,CTC/Arena,35.225,-80.84139,1
1747853,110516621,MAPLE: RED,11.0,1,,POINT (514593.08140438853 3897815.2645055056),3,3rd St/Convention,35.22361,-80.84306,1
1747854,110516622,MAPLE: RED,10.0,1,,POINT (514587.10243029136 3897810.2210671473),1,7th Street,35.22722,-80.83806,1
1747854,110516622,MAPLE: RED,10.0,1,,POINT (514587.10243029136 3897810.2210671473),2,CTC/Arena,35.225,-80.84139,1
1747854,110516622,MAPLE: RED,10.0,1,,POINT (514587.10243029136 3897810.2210671473),3,3rd St/Convention,35.22361,-80.84306,1
1747855,110516623,MAPLE: RED,3.0,1,,POINT (514383.17798811814 3897625.531779452),2,CTC/Arena,35.225,-80.84139,1
1747855,110516623,MAPLE: RED,3.0,1,,POINT (514383.17798811814 3897625.531779452),3,3rd St/Convention,35.22361,-80.84306,1
1747855,110516623,MAPLE: RED,3.0,1,,POINT (514383.17798811814 3897625.531779452),4,Brooklyn Village,35.22139,-80.84694,1
1747856,110516624,MAPLE: RED,4.0,1,,POINT (514294.40817341214 3897724.2501455825),2,CTC/Arena,35.225,-80.84139,1
1747856,110516624,MAPLE: RED,4.0,1,,POINT (514294.40817341214 3897724.2501455825),3,3rd St/Convention,35.22361,-80.84306,1
1747856,110516624,MAPLE: RED,4.0,1,,POINT (514294.40817341214 3897724.2501455825),4,Brooklyn Village,35.22139,-80.84694,1
1747857,110516625,MAPLE: RED,4.0,1,,POINT (514199.8224544017 3897646.2187841823),3,3rd St/Convention,35.22361,-80.84306,1
1747857,110516625,MAPLE: RED,4.0,1,,POINT (514199.8224544017 3897646.2187841823),4,Brooklyn Village,35.22139,-80.84694,1
1747858,110516626,MAPLE: RED,3.0,1,,POINT (514178.6622400538 3897629.1634520222),3,3rd St/Convention,35.22361,-80.84306,1
1747858,110516626,MAPLE: RED,3.0,1,,POINT (514178.6622400538 3897629.1634520222),4,Brooklyn Village,35.22139,-80.84694,1
1747859,110516627,MAPLE: RED,4.0,1,,POINT (514170.3734208462 3897622.2490970357),3,3rd St/Convention,35.22361,-80.84306,1
1747859,110516627,MAPLE: RED,4.0,1,,POINT (514170.3734208462 3897622.2490970357),4,Brooklyn Village,35.22139,-80.84694,1
1747860,110516628,MAPLE: RED,4.0,1,,POINT (514151.55455354037 3897606.4739572564),3,3rd St/Convention,35.22361,-80.84306,1
1747860,110516628,MAPLE: RED,4.0,1,,POINT (514151.55455354037 3897606.4739572564),4,Brooklyn Village,35.22139,-80.84694,1
1747861,110516629,MAPLE: RED,4.0,1,,POINT (514142.5825347807 3897599.363349132),3,3rd St/Convention,35.22361,-80.84306,1
1747861,110516629,MAPLE: RED,4.0,1,,POINT (514142.5825347807 3897599.363349132),4,Brooklyn Village,35.22139,-80.84694,1
1747862,110516630,MAPLE: RED,4.0,1,,POINT (514132.63731875474 3897590.697535658),3,3rd St/Convention,35.22361,-80.84306,1
1747862,110516630,MAPLE: RED,4.0,1,,POINT (514132.63731875474 3897590.697535658),4,Brooklyn Village,35.22139,-80.84694,1
1747863,110516631,MAPLE: RED,4.0,1,,POINT (514122.787017731 3897583.0033694888),3,3rd St/Convention,35.22361,-80.84306,1
1747863,110516631,MAPLE: RED,4.0,1,,POINT (514122.787017731 3897583.0033694888),4,Brooklyn Village,35.22139,-80.84694,1
1747864,110516632,MAPLE: RED,4.0,1,,POINT (514114.1093438897 3897575.601712089),3,3rd St/Convention,35.22361,-80.84306,1
1747864,110516632,MAPLE: RED,4.0,1,,POINT (514114.1093438897 3897575.601712089),4,Brooklyn Village,35.22139,-80.84694,1
1747865,110516633,MAPLE: RED,4.0,1,,POINT (514104.55315889616 3897567.8114788956),3,3rd St/Convention,35.22361,-80.84306,1
1747865,110516633,MAPLE: RED,4.0,1,,POINT (514104.55315889616 3897567.8114788956),4,Brooklyn Village,35.22139,-80.84694,1
1747866,110516634,MAPLE: RED,4.0,1,,POINT (514093.7791942738 3897557.7215620982),3,3rd St/Convention,35.22361,-80.84306,1
1747866,110516634,MAPLE: RED,4.0,1,,POINT (514093.7791942738 3897557.7215620982),4,Brooklyn Village,35.22139,-80.84694,1
1747867,110516635,MAPLE: RED,4.0,1,,POINT (514087.19577144133 3897553.0945174284),3,3rd St/Convention,35.22361,-80.84306,1
1747867,110516635,MAPLE: RED,4.0,1,,POINT (514087.19577144133 3897553.0945174284),4,Brooklyn Village,35.22139,-80.84694,1
1747965,110516733,MAPLE: RED,11.0,1,,POINT (514327.7992088021 3898604.508133046),1,7th Street,35.22722,-80.83806,1
1747966,110516734,MAPLE: RED,12.0,1,,POINT (514333.5808820861 3898598.8625139557),1,7th Street,35.22722,-80.83806,1
1747967,110516735,MAPLE: RED,9.0,1,,POINT (514348.2725793463 3898582.501352744),1,7th Street,35.22722,-80.83806,1
1747968,110516736,MAPLE: RED,6.0,1,,POINT (514364.7092935925 3898564.6546535236),1,7th Street,35.22722,-80.83806,1
1747969,110516737,MAPLE: RED,4.0,1,N CHURCH ST,POINT (514369.1137423279 3898559.3572594766),1,7th Street,35.22722,-80.83806,1
1747970,110516738,MAPLE: RED,4.0,1,,POINT (514373.6744570882 3898554.815363588),1,7th Street,35.22722,-80.83806,1
1747971,110516739,MAPLE: RED,7.0,1,,POINT (514378.5530864172 3898549.467727747),1,7th Street,35.22722,-80.83806,1
1747984,110516752,MAPLE: RED,10.0,1,525 N POPLAR ST,POINT (514562.5471284567 3898858.3229787503),0,9th Street,35.2297,-80.835,1
1747985,110516753,MAPLE: RED,19.0,1,529 N POPLAR ST,POINT (514570.9592165568 3898863.5610348308),0,9th Street,35.2297,-80.835,1
1748032,110516800,MAPLE: RED,14.0,1,117 W SUMMIT AV,POINT (513032.43095983844 3897059.41567296),6,Bland,35.21583,-80.85528,1
1748200,110516968,MAPLE: RED,21.0,1,,POINT (514465.0691332332 3897684.1503501427),2,CTC/Arena,35.225,-80.84139,1
1748200,110516968,MAPLE: RED,21.0,1,,POINT (514465.0691332332 3897684.1503501427),3,3rd St/Convention,35.22361,-80.84306,1
1748201,110516969,MAPLE: RED,26.0,1,601 N POPLAR ST,POINT (514585.6483848582 3898880.9030663106),0,9th Street,35.2297,-80.835,1
1748202,110516970,MAPLE: RED,21.0,1,529 N POPLAR ST,POINT (514577.2709675987 3898875.1204452356),0,9th Street,35.2297,-80.835,1
1748208,110516976,MAPLE: RED,23.0,1,301 WESTWOOD AV,POINT (512722.29346190626 3897143.05766981),6,Bland,35.21583,-80.85528,1
1748419,110517187,MAPLE: RED,6.0,1,304 WESTWOOD AV,POINT (512715.889175029 3897183.7535688593),6,Bland,35.21583,-80.85528,1
1748420,110517188,MAPLE: RED,4.0,1,201 W PARK AV,POINT (512848.03365278506 3896953.6820412003),6,Bland,35.21583,-80.85528,1
1748420,110517188,MAPLE: RED,4.0,1,201 W PARK AV,POINT (512848.03365278506 3896953.6820412003),7,East/West,35.21194,-80.85917,1
1748589,110517357,MAPLE: RED,5.0,1,,POINT (514565.17960108374 3897770.727169034),1,7th Street,35.22722,-80.83806,1
1748589,110517357,MAPLE: RED,5.0,1,,POINT (514565.17960108374 3897770.727169034),2,CTC/Arena,35.225,-80.84139,1
1748589,110517357,MAPLE: RED,5.0,1,,POINT (514565.17960108374 3897770.727169034),3,3rd St/Convention,35.22361,-80.84306,1
1748590,110517358,MAPLE: RED,5.0,1,,POINT (514573.2803112365 3897761.9701850703),1,7th Street,35.22722,-80.83806,1
1748590,110517358,MAPLE: RED,5.0,1,,POINT (514573.2803112365 3897761.9701850703),2,CTC/Arena,35.225,-80.84139,1
1748590,110517358,MAPLE: RED,5.0,1,,POINT (514573.2803112365 3897761.9701850703),3,3rd St/Convention,35.22361,-80.84306,1
1748591,110517359,MAPLE: RED,5.0,1,,POINT (514581.1749900449 3897752.8779720077),2,CTC/Arena,35.225,-80.84139,1
1748591,110517359,MAPLE: RED,5.0,1,,POINT (514581.1749900449 3897752.8779720077),3,3rd St/Convention,35.22361,-80.84306,1
1748592,110517360,MAPLE: RED,6.0,1,,POINT (514589.94674292754 3897744.5235824594),2,CTC/Arena,35.225,-80.84139,1
1748592,110517360,MAPLE: RED,6.0,1,,POINT (514589.94674292754 3897744.5235824594),3,3rd St/Convention,35.22361,-80.84306,1
1748593,110517361,MAPLE: RED,6.0,1,,POINT (514606.6519979269 3897726.7431842997),2,CTC/Arena,35.225,-80.84139,1
1748593,110517361,MAPLE: RED,6.0,1,,POINT (514606.6519979269 3897726.7431842997),3,3rd St/Convention,35.22361,-80.84306,1
1748594,110517362,MAPLE: RED,6.0,1,,POINT (514615.3807663185 3897718.4874218456),2,CTC/Arena,35.225,-80.84139,1
1748594,110517362,MAPLE: RED,6.0,1,,POINT (514615.3807663185 3897718.4874218456),3,3rd St/Convention,35.22361,-80.84306,1
1748595,110517363,MAPLE: RED,6.0,1,,POINT (514624.1764651712 3897708.8998972266),2,CTC/Arena,35.225,-80.84139,1
1748595,110517363,MAPLE: RED,6.0,1,,POINT (514624.1764651712 3897708.8998972266),3,3rd St/Convention,35.22361,-80.84306,1
1748596,110517364,MAPLE: RED,5.0,1,,POINT (514644.7626565913 3897704.3852105327),2,CTC/Arena,35.225,-80.84139,1
1748596,110517364,MAPLE: RED,5.0,1,,POINT (514644.7626565913 3897704.3852105327),3,3rd St/Convention,35.22361,-80.84306,1
1748597,110517365,MAPLE: RED,5.0,1,,POINT (514654.36012506066 3897712.707241542),2,CTC/Arena,35.225,-80.84139,1
1748597,110517365,MAPLE: RED,5.0,1,,POINT (514654.36012506066 3897712.707241542),3,3rd St/Convention,35.22361,-80.84306,1
1748598,110517366,MAPLE: RED,5.0,1,,POINT (514663.1535421359 3897719.625065068),2,CTC/Arena,35.225,-80.84139,1
1748598,110517366,MAPLE: RED,5.0,1,,POINT (514663.1535421359 3897719.625065068),3,3rd St/Convention,35.22361,-80.84306,1
1748599,110517367,MAPLE: RED,5.0,1,,POINT (514672.71588264836 3897727.7352025476),2,CTC/Arena,35.225,-80.84139,1
1748599,110517367,MAPLE: RED,5.0,1,,POINT (514672.71588264836 3897727.7352025476),3,3rd St/Convention,35.22361,-80.84306,1
1748600,110517368,MAPLE: RED,5.0,1,,POINT (514682.02136424265 3897735.4123933865),2,CTC/Arena,35.225,-80.84139,1
1748600,110517368,MAPLE: RED,5.0,1,,POINT (514682.02136424265 3897735.4123933865),3,3rd St/Convention,35.22361,-80.84306,1
1748601,110517369,MAPLE: RED,5.0,1,,POINT (514691.6058185912 3897744.4498144514),2,CTC/Arena,35.225,-80.84139,1
1748601,110517369,MAPLE: RED,5.0,1,,POINT (514691.6058185912 3897744.4498144514),3,3rd St/Convention,35.22361,-80.84306,1
1748602,110517370,MAPLE: RED,5.0,1,,POINT (514700.88666979334 3897752.7191694337),2,CTC/Arena,35.225,-80.84139,1
1748603,110517371,MAPLE: RED,5.0,1,,POINT (514710.45111378026 3897760.571066804),1,7th Street,35.22722,-80.83806,1
1748603,110517371,MAPLE: RED,5.0,1,,POINT (514710.45111378026 3897760.571066804),2,CTC/Arena,35.225,-80.84139,1
1748604,110517372,MAPLE: RED,5.0,1,,POINT (514720.87135173957 3897769.929107596),1,7th Street,35.22722,-80.83806,1
1748604,110517372,MAPLE: RED,5.0,1,,POINT (514720.87135173957 3897769.929107596),2,CTC/Arena,35.225,-80.84139,1
1748605,110517373,MAPLE: RED,4.0,1,,POINT (514728.44125914574 3897758.067335286),1,7th Street,35.22722,-80.83806,1
1748605,110517373,MAPLE: RED,4.0,1,,POINT (514728.44125914574 3897758.067335286),2,CTC/Arena,35.225,-80.84139,1
1748606,110517374,MAPLE: RED,5.0,1,,POINT (514717.6220001696 3897749.56029728),1,7th Street,35.22722,-80.83806,1
1748606,110517374,MAPLE: RED,5.0,1,,POINT (514717.6220001696 3897749.56029728),2,CTC/Arena,35.225,-80.84139,1
1748607,110517375,MAPLE: RED,5.0,1,,POINT (514707.9853192188 3897741.889132265),2,CTC/Arena,35.225,-80.84139,1
1748608,110517376,MAPLE: RED,11.0,1,,POINT (514669.5566378337 3897709.5245637703),2,CTC/Arena,35.225,-80.84139,1
1748608,110517376,MAPLE: RED,11.0,1,,POINT (514669.5566378337 3897709.5245637703),3,3rd St/Convention,35.22361,-80.84306,1
1748609,110517377,MAPLE: RED,11.0,1,,POINT (514663.1288842776 3897705.087042112),2,CTC/Arena,35.225,-80.84139,1
1748609,110517377,MAPLE: RED,11.0,1,,POINT (514663.1288842776 3897705.087042112),3,3rd St/Convention,35.22361,-80.84306,1
1748610,110517378,MAPLE: RED,10.0,1,,POINT (514657.57122440916 3897698.949666699),2,CTC/Arena,35.225,-80.84139,1
1748610,110517378,MAPLE: RED,10.0,1,,POINT (514657.57122440916 3897698.949666699),3,3rd St/Convention,35.22361,-80.84306,1
1748611,110517379,MAPLE: RED,14.0,1,,POINT (514650.01181312924 3897681.85868998),2,CTC/Arena,35.225,-80.84139,1
1748611,110517379,MAPLE: RED,14.0,1,,POINT (514650.01181312924 3897681.85868998),3,3rd St/Convention,35.22361,-80.84306,1
1748612,110517380,MAPLE: RED,10.0,1,,POINT (514659.1969053471 3897672.3893034644),2,CTC/Arena,35.225,-80.84139,1
1748612,110517380,MAPLE: RED,10.0,1,,POINT (514659.1969053471 3897672.3893034644),3,3rd St/Convention,35.22361,-80.84306,1
1748613,110517381,MAPLE: RED,10.0,1,,POINT (514677.50571375753 3897653.5636859466),2,CTC/Arena,35.225,-80.84139,1
1748613,110517381,MAPLE: RED,10.0,1,,POINT (514677.50571375753 3897653.5636859466),3,3rd St/Convention,35.22361,-80.84306,1
1748614,110517382,MAPLE: RED,13.0,1,,POINT (514684.1275937531 3897646.078617782),2,CTC/Arena,35.225,-80.84139,1
1748614,110517382,MAPLE: RED,13.0,1,,POINT (514684.1275937531 3897646.078617782),3,3rd St/Convention,35.22361,-80.84306,1
1748615,110517383,MAPLE: RED,4.0,1,,POINT (514690.9914622306 3897639.749648189),2,CTC/Arena,35.225,-80.84139,1
1748615,110517383,MAPLE: RED,4.0,1,,POINT (514690.9914622306 3897639.749648189),3,3rd St/Convention,35.22361,-80.84306,1
1748629,110517397,MAPLE: RED,16.0,1,,POINT (514394.3771932814 3897491.1413603844),3,3rd St/Convention,35.22361,-80.84306,1
1748629,110517397,MAPLE: RED,16.0,1,,POINT (514394.3771932814 3897491.1413603844),4,Brooklyn Village,35.22139,-80.84694,1
1748630,110517398,MAPLE: RED,3.0,1,,POINT (514420.41429675085 3897511.0694682747),3,3rd St/Convention,35.22361,-80.84306,1
1748631,110517399,MAPLE: RED,6.0,1,,POINT (514464.30401280586 3897549.1807853407),3,3rd St/Convention,35.22361,-80.84306,1
1748632,110517400,MAPLE: RED,6.0,1,,POINT (514474.66704780824 3897558.15699754),3,3rd St/Convention,35.22361,-80.84306,1
1748633,110517401,MAPLE: RED,13.0,1,,POINT (514485.1610529057 3897566.072220002),3,3rd St/Convention,35.22361,-80.84306,1
1748634,110517402,MAPLE: RED,6.0,1,,POINT (514495.61573892133 3897574.6039088997),3,3rd St/Convention,35.22361,-80.84306,1
1748635,110517403,MAPLE: RED,14.0,1,,POINT (514477.0905579188 3897672.391969883),2,CTC/Arena,35.225,-80.84139,1
1748635,110517403,MAPLE: RED,14.0,1,,POINT (514477.0905579188 3897672.391969883),3,3rd St/Convention,35.22361,-80.84306,1
1748636,110517404,MAPLE: RED,11.0,1,,POINT (514482.8936482937 3897666.3483071798),3,3rd St/Convention,35.22361,-80.84306,1
1748637,110517405,MAPLE: RED,9.0,1,,POINT (514489.56630641007 3897658.83436478),3,3rd St/Convention,35.22361,-80.84306,1
1748638,110517406,MAPLE: RED,9.0,1,,POINT (514494.0846293834 3897653.2300845627),3,3rd St/Convention,35.22361,-80.84306,1
1748639,110517407,MAPLE: RED,14.0,1,,POINT (514500.2756463256 3897647.0051506287),3,3rd St/Convention,35.22361,-80.84306,1
1748640,110517408,MAPLE: RED,14.0,1,,POINT (514506.2022836862 3897640.536905752),3,3rd St/Convention,35.22361,-80.84306,1
1748641,110517409,MAPLE: RED,13.0,1,,POINT (514525.83152721624 3897621.6653991216),2,CTC/Arena,35.225,-80.84139,1
1748641,110517409,MAPLE: RED,13.0,1,,POINT (514525.83152721624 3897621.6653991216),3,3rd St/Convention,35.22361,-80.84306,1
1748642,110517410,MAPLE: RED,16.0,1,,POINT (514611.88579683757 3897657.41549081),2,CTC/Arena,35.225,-80.84139,1
1748642,110517410,MAPLE: RED,16.0,1,,POINT (514611.88579683757 3897657.41549081),3,3rd St/Convention,35.22361,-80.84306,1
1748643,110517411,MAPLE: RED,11.0,1,,POINT (514600.7462787406 3897543.8450419544),3,3rd St/Convention,35.22361,-80.84306,1
1748644,110517412,MAPLE: RED,13.0,1,,POINT (514605.45685305045 3897538.1879387237),3,3rd St/Convention,35.22361,-80.84306,1
1748645,110517413,MAPLE: RED,10.0,1,,POINT (514611.27437990526 3897532.2962561715),3,3rd St/Convention,35.22361,-80.84306,1
1748646,110517414,MAPLE: RED,10.0,1,,POINT (514617.0119931364 3897526.2913709353),3,3rd St/Convention,35.22361,-80.84306,1
1748647,110517415,MAPLE: RED,9.0,1,,POINT (514625.4295075159 3897519.3792461804),3,3rd St/Convention,35.22361,-80.84306,1
1748648,110517416,MAPLE: RED,9.0,1,,POINT (514638.84831174574 3897505.9199355682),3,3rd St/Convention,35.22361,-80.84306,1
1748649,110517417,MAPLE: RED,9.0,1,,POINT (514648.9686437013 3897493.864766925),3,3rd St/Convention,35.22361,-80.84306,1
1748650,110517418,MAPLE: RED,14.0,1,,POINT (514654.17608211364 3897487.711508515),3,3rd St/Convention,35.22361,-80.84306,1
1748651,110517419,MAPLE: RED,8.0,1,,POINT (514675.31882956775 3897464.11511331),3,3rd St/Convention,35.22361,-80.84306,1
1748652,110517420,MAPLE: RED,7.0,1,,POINT (514680.23151135683 3897458.427184307),3,3rd St/Convention,35.22361,-80.84306,1
1748653,110517421,MAPLE: RED,6.0,1,,POINT (514689.56182332383 3897448.723039008),3,3rd St/Convention,35.22361,-80.84306,1
1748668,110517436,MAPLE: RED,10.0,1,,POINT (514638.1608053642 3897479.2027729503),3,3rd St/Convention,35.22361,-80.84306,1
1748669,110517437,MAPLE: RED,18.0,1,,POINT (514525.9603905917 3897578.8080692543),3,3rd St/Convention,35.22361,-80.84306,1
1748670,110517438,MAPLE: RED,15.0,1,,POINT (514516.589579518 3897571.430342878),3,3rd St/Convention,35.22361,-80.84306,1
1748671,110517439,MAPLE: RED,11.0,1,,POINT (514498.87633264513 3897555.997757365),3,3rd St/Convention,35.22361,-80.84306,1
1748672,110517440,MAPLE: RED,8.0,1,,POINT (514486.9089363978 3897546.424457422),3,3rd St/Convention,35.22361,-80.84306,1
1748673,110517441,MAPLE: RED,8.0,1,,POINT (514474.5473450114 3897535.7504883953),3,3rd St/Convention,35.22361,-80.84306,1
1748674,110517442,MAPLE: RED,7.0,1,,POINT (514461.5427565447 3897525.341545347),3,3rd St/Convention,35.22361,-80.84306,1
1748675,110517443,MAPLE: RED,16.0,1,,POINT (514451.6383039456 3897516.4192700875),3,3rd St/Convention,35.22361,-80.84306,1
1748676,110517444,MAPLE: RED,7.0,1,,POINT (514425.5273176891 3897494.33171815),3,3rd St/Convention,35.22361,-80.84306,1
1748677,110517445,MAPLE: RED,6.0,1,,POINT (514413.09441043995 3897484.3684648634),3,3rd St/Convention,35.22361,-80.84306,1
1748678,110517446,MAPLE: RED,4.0,1,,POINT (514352.987417511 3897434.9154345444),3,3rd St/Convention,35.22361,-80.84306,1
1748678,110517446,MAPLE: RED,4.0,1,,POINT (514352.987417511 3897434.9154345444),4,Brooklyn Village,35.22139,-80.84694,1
1748679,110517447,MAPLE: RED,5.0,1,,POINT (514302.14936502074 3897391.459371479),4,Brooklyn Village,35.22139,-80.84694,1
1748680,110517448,MAPLE: RED,11.0,1,,POINT (514072.17413692543 3897564.3175779176),3,3rd St/Convention,35.22361,-80.84306,1
1748680,110517448,MAPLE: RED,11.0,1,,POINT (514072.17413692543 3897564.3175779176),4,Brooklyn Village,35.22139,-80.84694,1
1748681,110517449,MAPLE: RED,3.0,1,,POINT (514080.53151123814 3897570.588757148),3,3rd St/Convention,35.22361,-80.84306,1
1748681,110517449,MAPLE: RED,3.0,1,,POINT (514080.53151123814 3897570.588757148),4,Brooklyn Village,35.22139,-80.84694,1
1748682,110517450,MAPLE: RED,10.0,1,,POINT (514087.1655464784 3897576.5599313686),3,3rd St/Convention,35.22361,-80.84306,1
1748682,110517450,MAPLE: RED,10.0,1,,POINT (514087.1655464784 3897576.5599313686),4,Brooklyn Village,35.22139,-80.84694,1
1748683,110517451,MAPLE: RED,10.0,1,,POINT (514094.965821716 3897581.721259727),3,3rd St/Convention,35.22361,-80.84306,1
1748683,110517451,MAPLE: RED,10.0,1,,POINT (514094.965821716 3897581.721259727),4,Brooklyn Village,35.22139,-80.84694,1
1748684,110517452,MAPLE: RED,10.0,1,,POINT (514101.1141601236 3897588.1852141134),3,3rd St/Convention,35.22361,-80.84306,1
1748684,110517452,MAPLE: RED,10.0,1,,POINT (514101.1141601236 3897588.1852141134),4,Brooklyn Village,35.22139,-80.84694,1
1748685,110517453,MAPLE: RED,9.0,1,,POINT (514109.11316857865 3897594.2573857848),3,3rd St/Convention,35.22361,-80.84306,1
1748685,110517453,MAPLE: RED,9.0,1,,POINT (514109.11316857865 3897594.2573857848),4,Brooklyn Village,35.22139,-80.84694,1
1748686,110517454,MAPLE: RED,9.0,1,,POINT (514114.6199087634 3897599.4826952773),3,3rd St/Convention,35.22361,-80.84306,1
1748686,110517454,MAPLE: RED,9.0,1,,POINT (514114.6199087634 3897599.4826952773),4,Brooklyn Village,35.22139,-80.84694,1
1748687,110517455,MAPLE: RED,9.0,1,,POINT (514121.0934560736 3897604.575394832),3,3rd St/Convention,35.22361,-80.84306,1
1748687,110517455,MAPLE: RED,9.0,1,,POINT (514121.0934560736 3897604.575394832),4,Brooklyn Village,35.22139,-80.84694,1
1748688,110517456,MAPLE: RED,9.0,1,,POINT (514129.94473190425 3897611.4949827986),3,3rd St/Convention,35.22361,-80.84306,1
1748688,110517456,MAPLE: RED,9.0,1,,POINT (514129.94473190425 3897611.4949827986),4,Brooklyn Village,35.22139,-80.84694,1
1748689,110517457,MAPLE: RED,9.0,1,,POINT (514136.66880168364 3897616.9629052137),3,3rd St/Convention,35.22361,-80.84306,1
1748689,110517457,MAPLE: RED,9.0,1,,POINT (514136.66880168364 3897616.9629052137),4,Brooklyn Village,35.22139,-80.84694,1
1748690,110517458,MAPLE: RED,8.0,1,,POINT (514158.62797576434 3897635.2582528163),3,3rd St/Convention,35.22361,-80.84306,1
1748690,110517458,MAPLE: RED,8.0,1,,POINT (514158.62797576434 3897635.2582528163),4,Brooklyn Village,35.22139,-80.84694,1
1748691,110517459,MAPLE: RED,8.0,1,,POINT (514164.7858300289 3897640.1730032596),3,3rd St/Convention,35.22361,-80.84306,1
1748691,110517459,MAPLE: RED,8.0,1,,POINT (514164.7858300289 3897640.1730032596),4,Brooklyn Village,35.22139,-80.84694,1
1748692,110517460,MAPLE: RED,8.0,1,,POINT (514172.0678955971 3897646.676499842),3,3rd St/Convention,35.22361,-80.84306,1
1748692,110517460,MAPLE: RED,8.0,1,,POINT (514172.0678955971 3897646.676499842),4,Brooklyn Village,35.22139,-80.84694,1
1748693,110517461,MAPLE: RED,8.0,1,,POINT (514178.5548924053 3897651.205908426),3,3rd St/Convention,35.22361,-80.84306,1
1748693,110517461,MAPLE: RED,8.0,1,,POINT (514178.5548924053 3897651.205908426),4,Brooklyn Village,35.22139,-80.84694,1
1748694,110517462,MAPLE: RED,8.0,1,,POINT (514186.1163792616 3897658.848858863),3,3rd St/Convention,35.22361,-80.84306,1
1748694,110517462,MAPLE: RED,8.0,1,,POINT (514186.1163792616 3897658.848858863),4,Brooklyn Village,35.22139,-80.84694,1
1748695,110517463,MAPLE: RED,8.0,1,,POINT (514192.9717998628 3897664.0309473993),3,3rd St/Convention,35.22361,-80.84306,1
1748695,110517463,MAPLE: RED,8.0,1,,POINT (514192.9717998628 3897664.0309473993),4,Brooklyn Village,35.22139,-80.84694,1
1748696,110517464,MAPLE: RED,8.0,1,,POINT (514199.49859938695 3897669.3045080975),3,3rd St/Convention,35.22361,-80.84306,1
1748696,110517464,MAPLE: RED,8.0,1,,POINT (514199.49859938695 3897669.3045080975),4,Brooklyn Village,35.22139,-80.84694,1
1748697,110517465,MAPLE: RED,8.0,1,,POINT (514206.2515316514 3897675.4590662313),3,3rd St/Convention,35.22361,-80.84306,1
1748697,110517465,MAPLE: RED,8.0,1,,POINT (514206.2515316514 3897675.4590662313),4,Brooklyn Village,35.22139,-80.84694,1
1748698,110517466,MAPLE: RED,10.0,1,,POINT (514239.26530643227 3897896.1689759856),2,CTC/Arena,35.225,-80.84139,1
1748698,110517466,MAPLE: RED,10.0,1,,POINT (514239.26530643227 3897896.1689759856),3,3rd St/Convention,35.22361,-80.84306,1
1748698,110517466,MAPLE: RED,10.0,1,,POINT (514239.26530643227 3897896.1689759856),4,Brooklyn Village,35.22139,-80.84694,1
1748699,110517467,MAPLE: RED,8.0,1,,POINT (514214.0748815816 3897682.6166259376),2,CTC/Arena,35.225,-80.84139,1
1748699,110517467,MAPLE: RED,8.0,1,,POINT (514214.0748815816 3897682.6166259376),3,3rd St/Convention,35.22361,-80.84306,1
1748699,110517467,MAPLE: RED,8.0,1,,POINT (514214.0748815816 3897682.6166259376),4,Brooklyn Village,35.22139,-80.84694,1
1748700,110517468,MAPLE: RED,8.0,1,,POINT (514220.3099413847 3897687.6003276287),2,CTC/Arena,35.225,-80.84139,1
1748700,110517468,MAPLE: RED,8.0,1,,POINT (514220.3099413847 3897687.6003276287),3,3rd St/Convention,35.22361,-80.84306,1
1748700,110517468,MAPLE: RED,8.0,1,,POINT (514220.3099413847 3897687.6003276287),4,Brooklyn Village,35.22139,-80.84694,1
1748701,110517469,MAPLE: RED,99.0,1,201 S COLLEGE ST,POINT (514213.1590275035 3897920.13572405),2,CTC/Arena,35.225,-80.84139,1
1748701,110517469,MAPLE: RED,99.0,1,201 S COLLEGE ST,POINT (514213.1590275035 3897920.13572405),3,3rd St/Convention,35.22361,-80.84306,1
1748701,110517469,MAPLE: RED,99.0,1,201 S COLLEGE ST,POINT (514213.1590275035 3897920.13572405),4,Brooklyn Village,35.22139,-80.84694,1
1748702,110517470,MAPLE: RED,99.0,1,201 S COLLEGE ST,POINT (514207.7816469697 3897924.7928568264),2,CTC/Arena,35.225,-80.84139,1
1748702,110517470,MAPLE: RED,99.0,1,201 S COLLEGE ST,POINT (514207.7816469697 3897924.7928568264),3,3rd St/Convention,35.22361,-80.84306,1
1748702,110517470,MAPLE: RED,99.0,1,201 S COLLEGE ST,POINT (514207.7816469697 3897924.7928568264),4,Brooklyn Village,35.22139,-80.84694,1
1748703,110517471,MAPLE: RED,13.0,1,201 S COLLEGE ST,POINT (514203.03970749705 3897929.3168027136),2,CTC/Arena,35.225,-80.84139,1
1748703,110517471,MAPLE: RED,13.0,1,201 S COLLEGE ST,POINT (514203.03970749705 3897929.3168027136),3,3rd St/Convention,35.22361,-80.84306,1
1748703,110517471,MAPLE: RED,13.0,1,201 S COLLEGE ST,POINT (514203.03970749705 3897929.3168027136),4,Brooklyn Village,35.22139,-80.84694,1
1748704,110517472,MAPLE: RED,5.0,1,201 S COLLEGE ST,POINT (514214.24234690994 3897945.371758907),2,CTC/Arena,35.225,-80.84139,1
1748704,110517472,MAPLE: RED,5.0,1,201 S COLLEGE ST,POINT (514214.24234690994 3897945.371758907),3,3rd St/Convention,35.22361,-80.84306,1
1748704,110517472,MAPLE: RED,5.0,1,201 S COLLEGE ST,POINT (514214.24234690994 3897945.371758907),4,Brooklyn Village,35.22139,-80.84694,1
1748705,110517473,MAPLE: RED,4.0,1,,POINT (514307.7554079103 3897850.3875271673),2,CTC/Arena,35.225,-80.84139,1
1748705,110517473,MAPLE: RED,4.0,1,,POINT (514307.7554079103 3897850.3875271673),3,3rd St/Convention,35.22361,-80.84306,1
1748705,110517473,MAPLE: RED,4.0,1,,POINT (514307.7554079103 3897850.3875271673),4,Brooklyn Village,35.22139,-80.84694,1
1748706,110517474,MAPLE: RED,9.0,1,S CALDWELL ST,POINT (514190.4306313556 3897500.72231216),3,3rd St/Convention,35.22361,-80.84306,1
1748706,110517474,MAPLE: RED,9.0,1,S CALDWELL ST,POINT (514190.4306313556 3897500.72231216),4,Brooklyn Village,35.22139,-80.84694,1
1748707,110517475,MAPLE: RED,6.0,1,,POINT (514201.8486408912 3897509.229712695),3,3rd St/Convention,35.22361,-80.84306,1
1748707,110517475,MAPLE: RED,6.0,1,,POINT (514201.8486408912 3897509.229712695),4,Brooklyn Village,35.22139,-80.84694,1
1748708,110517476,MAPLE: RED,3.0,1,,POINT (514224.5407388331 3897528.5388598526),3,3rd St/Convention,35.22361,-80.84306,1
1748708,110517476,MAPLE: RED,3.0,1,,POINT (514224.5407388331 3897528.5388598526),4,Brooklyn Village,35.22139,-80.84694,1
1748709,110517477,MAPLE: RED,3.0,1,,POINT (514235.1414614669 3897537.0681908345),3,3rd St/Convention,35.22361,-80.84306,1
1748709,110517477,MAPLE: RED,3.0,1,,POINT (514235.1414614669 3897537.0681908345),4,Brooklyn Village,35.22139,-80.84694,1
1748710,110517478,MAPLE: RED,2.0,1,,POINT (514255.5243316247 3897555.378974664),3,3rd St/Convention,35.22361,-80.84306,1
1748710,110517478,MAPLE: RED,2.0,1,,POINT (514255.5243316247 3897555.378974664),4,Brooklyn Village,35.22139,-80.84694,1
1748711,110517479,MAPLE: RED,2.0,1,,POINT (514265.6590585673 3897563.2545599397),3,3rd St/Convention,35.22361,-80.84306,1
1748711,110517479,MAPLE: RED,2.0,1,,POINT (514265.6590585673 3897563.2545599397),4,Brooklyn Village,35.22139,-80.84694,1
1748712,110517480,MAPLE: RED,3.0,1,,POINT (514276.51910846663 3897570.000036361),3,3rd St/Convention,35.22361,-80.84306,1
1748712,110517480,MAPLE: RED,3.0,1,,POINT (514276.51910846663 3897570.000036361),4,Brooklyn Village,35.22139,-80.84694,1
1748713,110517481,MAPLE: RED,3.0,1,,POINT (514286.2062982361 3897577.725113987),3,3rd St/Convention,35.22361,-80.84306,1
1748713,110517481,MAPLE: RED,3.0,1,,POINT (514286.2062982361 3897577.725113987),4,Brooklyn Village,35.22139,-80.84694,1
1748714,110517482,MAPLE: RED,3.0,1,,POINT (514296.2393065548 3897546.8673500945),3,3rd St/Convention,35.22361,-80.84306,1
1748714,110517482,MAPLE: RED,3.0,1,,POINT (514296.2393065548 3897546.8673500945),4,Brooklyn Village,35.22139,-80.84694,1
1748715,110517483,MAPLE: RED,3.0,1,,POINT (514344.40541219845 3897625.337127073),3,3rd St/Convention,35.22361,-80.84306,1
1748715,110517483,MAPLE: RED,3.0,1,,POINT (514344.40541219845 3897625.337127073),4,Brooklyn Village,35.22139,-80.84694,1
1748716,110517484,MAPLE: RED,3.0,1,,POINT (514351.7660811467 3897631.0213627354),3,3rd St/Convention,35.22361,-80.84306,1
1748716,110517484,MAPLE: RED,3.0,1,,POINT (514351.7660811467 3897631.0213627354),4,Brooklyn Village,35.22139,-80.84694,1
1748717,110517485,MAPLE: RED,3.0,1,,POINT (514358.54233751044 3897636.728021026),3,3rd St/Convention,35.22361,-80.84306,1
1748717,110517485,MAPLE: RED,3.0,1,,POINT (514358.54233751044 3897636.728021026),4,Brooklyn Village,35.22139,-80.84694,1
1748718,110517486,MAPLE: RED,3.0,1,,POINT (514371.3358371671 3897646.4720556205),2,CTC/Arena,35.225,-80.84139,1
1748718,110517486,MAPLE: RED,3.0,1,,POINT (514371.3358371671 3897646.4720556205),3,3rd St/Convention,35.22361,-80.84306,1
1748718,110517486,MAPLE: RED,3.0,1,,POINT (514371.3358371671 3897646.4720556205),4,Brooklyn Village,35.22139,-80.84694,1
1748719,110517487,MAPLE: RED,6.0,1,,POINT (514425.8402580324 3897701.4658283032),2,CTC/Arena,35.225,-80.84139,1
1748719,110517487,MAPLE: RED,6.0,1,,POINT (514425.8402580324 3897701.4658283032),3,3rd St/Convention,35.22361,-80.84306,1
1748719,110517487,MAPLE: RED,6.0,1,,POINT (514425.8402580324 3897701.4658283032),4,Brooklyn Village,35.22139,-80.84694,1
1748720,110517488,MAPLE: RED,11.0,1,,POINT (514418.28653941525 3897710.787195834),2,CTC/Arena,35.225,-80.84139,1
1748720,110517488,MAPLE: RED,11.0,1,,POINT (514418.28653941525 3897710.787195834),3,3rd St/Convention,35.22361,-80.84306,1
1748720,110517488,MAPLE: RED,11.0,1,,POINT (514418.28653941525 3897710.787195834),4,Brooklyn Village,35.22139,-80.84694,1
1748721,110517489,MAPLE: RED,7.0,1,,POINT (514408.86921365024 3897720.0357165593),2,CTC/Arena,35.225,-80.84139,1
1748721,110517489,MAPLE: RED,7.0,1,,POINT (514408.86921365024 3897720.0357165593),3,3rd St/Convention,35.22361,-80.84306,1
1748721,110517489,MAPLE: RED,7.0,1,,POINT (514408.86921365024 3897720.0357165593),4,Brooklyn Village,35.22139,-80.84694,1
1748722,110517490,MAPLE: RED,9.0,1,,POINT (514402.3062454007 3897726.7458227584),2,CTC/Arena,35.225,-80.84139,1
1748722,110517490,MAPLE: RED,9.0,1,,POINT (514402.3062454007 3897726.7458227584),3,3rd St/Convention,35.22361,-80.84306,1
1748722,110517490,MAPLE: RED,9.0,1,,POINT (514402.3062454007 3897726.7458227584),4,Brooklyn Village,35.22139,-80.84694,1
1748723,110517491,MAPLE: RED,9.0,1,,POINT (514392.2876320942 3897736.4125993876),2,CTC/Arena,35.225,-80.84139,1
1748723,110517491,MAPLE: RED,9.0,1,,POINT (514392.2876320942 3897736.4125993876),3,3rd St/Convention,35.22361,-80.84306,1
1748723,110517491,MAPLE: RED,9.0,1,,POINT (514392.2876320942 3897736.4125993876),4,Brooklyn Village,35.22139,-80.84694,1
1748724,110517492,MAPLE: RED,10.0,1,,POINT (514384.4335662942 3897745.81670918),2,CTC/Arena,35.225,-80.84139,1
1748724,110517492,MAPLE: RED,10.0,1,,POINT (514384.4335662942 3897745.81670918),3,3rd St/Convention,35.22361,-80.84306,1
1748724,110517492,MAPLE: RED,10.0,1,,POINT (514384.4335662942 3897745.81670918),4,Brooklyn Village,35.22139,-80.84694,1
1748725,110517493,MAPLE: RED,12.0,1,,POINT (514374.4431550936 3897755.527950963),2,CTC/Arena,35.225,-80.84139,1
1748725,110517493,MAPLE: RED,12.0,1,,POINT (514374.4431550936 3897755.527950963),3,3rd St/Convention,35.22361,-80.84306,1
1748725,110517493,MAPLE: RED,12.0,1,,POINT (514374.4431550936 3897755.527950963),4,Brooklyn Village,35.22139,-80.84694,1
1748726,110517494,MAPLE: RED,11.0,1,,POINT (514363.7972844738 3897766.5544969323),2,CTC/Arena,35.225,-80.84139,1
1748726,110517494,MAPLE: RED,11.0,1,,POINT (514363.7972844738 3897766.5544969323),3,3rd St/Convention,35.22361,-80.84306,1
1748726,110517494,MAPLE: RED,11.0,1,,POINT (514363.7972844738 3897766.5544969323),4,Brooklyn Village,35.22139,-80.84694,1
1748727,110517495,MAPLE: RED,4.0,1,223 S BREVARD ST,POINT (514369.3051616057 3897784.0956038274),2,CTC/Arena,35.225,-80.84139,1
1748727,110517495,MAPLE: RED,4.0,1,223 S BREVARD ST,POINT (514369.3051616057 3897784.0956038274),3,3rd St/Convention,35.22361,-80.84306,1
1748727,110517495,MAPLE: RED,4.0,1,223 S BREVARD ST,POINT (514369.3051616057 3897784.0956038274),4,Brooklyn Village,35.22139,-80.84694,1
1748728,110517496,MAPLE: RED,10.0,1,,POINT (514388.7317187456 3897764.0677925465),2,CTC/Arena,35.225,-80.84139,1
1748728,110517496,MAPLE: RED,10.0,1,,POINT (514388.7317187456 3897764.0677925465),3,3rd St/Convention,35.22361,-80.84306,1
1748728,110517496,MAPLE: RED,10.0,1,,POINT (514388.7317187456 3897764.0677925465),4,Brooklyn Village,35.22139,-80.84694,1
1748729,110517497,MAPLE: RED,10.0,1,,POINT (514401.8017100176 3897749.811309128),2,CTC/Arena,35.225,-80.84139,1
1748729,110517497,MAPLE: RED,10.0,1,,POINT (514401.8017100176 3897749.811309128),3,3rd St/Convention,35.22361,-80.84306,1
1748729,110517497,MAPLE: RED,10.0,1,,POINT (514401.8017100176 3897749.811309128),4,Brooklyn Village,35.22139,-80.84694,1
1748730,110517498,MAPLE: RED,10.0,1,,POINT (514408.70723689016 3897742.283260383),2,CTC/Arena,35.225,-80.84139,1
1748730,110517498,MAPLE: RED,10.0,1,,POINT (514408.70723689016 3897742.283260383),3,3rd St/Convention,35.22361,-80.84306,1
1748730,110517498,MAPLE: RED,10.0,1,,POINT (514408.70723689016 3897742.283260383),4,Brooklyn Village,35.22139,-80.84694,1
1748731,110517499,MAPLE: RED,4.0,1,,POINT (514426.1995991985 3897724.3807320143),2,CTC/Arena,35.225,-80.84139,1
1748731,110517499,MAPLE: RED,4.0,1,,POINT (514426.1995991985 3897724.3807320143),3,3rd St/Convention,35.22361,-80.84306,1
1748731,110517499,MAPLE: RED,4.0,1,,POINT (514426.1995991985 3897724.3807320143),4,Brooklyn Village,35.22139,-80.84694,1
1748732,110517500,MAPLE: RED,4.0,1,,POINT (514433.50131034106 3897717.2392403195),2,CTC/Arena,35.225,-80.84139,1
1748732,110517500,MAPLE: RED,4.0,1,,POINT (514433.50131034106 3897717.2392403195),3,3rd St/Convention,35.22361,-80.84306,1
1748732,110517500,MAPLE: RED,4.0,1,,POINT (514433.50131034106 3897717.2392403195),4,Brooklyn Village,35.22139,-80.84694,1
1748733,110517501,MAPLE: RED,7.0,1,,POINT (514458.7984147782 3897856.8372153803),2,CTC/Arena,35.225,-80.84139,1
1748733,110517501,MAPLE: RED,7.0,1,,POINT (514458.7984147782 3897856.8372153803),3,3rd St/Convention,35.22361,-80.84306,1
1748734,110517502,MAPLE: RED,6.0,1,,POINT (514561.5869798718 3897819.712894792),1,7th Street,35.22722,-80.83806,1
1748734,110517502,MAPLE: RED,6.0,1,,POINT (514561.5869798718 3897819.712894792),2,CTC/Arena,35.225,-80.84139,1
1748734,110517502,MAPLE: RED,6.0,1,,POINT (514561.5869798718 3897819.712894792),3,3rd St/Convention,35.22361,-80.84306,1
1748735,110517503,MAPLE: RED,6.0,1,1016 N CALDWELL ST,POINT (514570.7280953616 3897827.731350929),1,7th Street,35.22722,-80.83806,1
1748735,110517503,MAPLE: RED,6.0,1,1016 N CALDWELL ST,POINT (514570.7280953616 3897827.731350929),2,CTC/Arena,35.225,-80.84139,1
1748735,110517503,MAPLE: RED,6.0,1,1016 N CALDWELL ST,POINT (514570.7280953616 3897827.731350929),3,3rd St/Convention,35.22361,-80.84306,1
1748736,110517504,MAPLE: RED,6.0,1,1016 N CALDWELL ST,POINT (514578.9204090138 3897835.519804168),1,7th Street,35.22722,-80.83806,1
1748736,110517504,MAPLE: RED,6.0,1,1016 N CALDWELL ST,POINT (514578.9204090138 3897835.519804168),2,CTC/Arena,35.225,-80.84139,1
1748736,110517504,MAPLE: RED,6.0,1,1016 N CALDWELL ST,POINT (514578.9204090138 3897835.519804168),3,3rd St/Convention,35.22361,-80.84306,1
1748737,110517505,MAPLE: RED,6.0,1,1016 N CALDWELL ST,POINT (514587.76671774435 3897842.9688581997),1,7th Street,35.22722,-80.83806,1
1748737,110517505,MAPLE: RED,6.0,1,1016 N CALDWELL ST,POINT (514587.76671774435 3897842.9688581997),2,CTC/Arena,35.225,-80.84139,1
1748737,110517505,MAPLE: RED,6.0,1,1016 N CALDWELL ST,POINT (514587.76671774435 3897842.9688581997),3,3rd St/Convention,35.22361,-80.84306,1
1748738,110517506,MAPLE: RED,6.0,1,1016 N CALDWELL ST,POINT (514600.0174525002 3897852.018204274),1,7th Street,35.22722,-80.83806,1
1748738,110517506,MAPLE: RED,6.0,1,1016 N CALDWELL ST,POINT (514600.0174525002 3897852.018204274),2,CTC/Arena,35.225,-80.84139,1
1748738,110517506,MAPLE: RED,6.0,1,1016 N CALDWELL ST,POINT (514600.0174525002 3897852.018204274),3,3rd St/Convention,35.22361,-80.84306,1
1748739,110517507,MAPLE: RED,6.0,1,,POINT (514609.7224699068 3897861.900698366),1,7th Street,35.22722,-80.83806,1
1748739,110517507,MAPLE: RED,6.0,1,,POINT (514609.7224699068 3897861.900698366),2,CTC/Arena,35.225,-80.84139,1
1748739,110517507,MAPLE: RED,6.0,1,,POINT (514609.7224699068 3897861.900698366),3,3rd St/Convention,35.22361,-80.84306,1
1748740,110517508,MAPLE: RED,2.0,1,,POINT (514629.34618805075 3897846.812227284),1,7th Street,35.22722,-80.83806,1
1748740,110517508,MAPLE: RED,2.0,1,,POINT (514629.34618805075 3897846.812227284),2,CTC/Arena,35.225,-80.84139,1
1748740,110517508,MAPLE: RED,2.0,1,,POINT (514629.34618805075 3897846.812227284),3,3rd St/Convention,35.22361,-80.84306,1
1748741,110517509,MAPLE: RED,2.0,1,,POINT (514612.64683774475 3897832.3293055925),1,7th Street,35.22722,-80.83806,1
1748741,110517509,MAPLE: RED,2.0,1,,POINT (514612.64683774475 3897832.3293055925),2,CTC/Arena,35.225,-80.84139,1
1748741,110517509,MAPLE: RED,2.0,1,,POINT (514612.64683774475 3897832.3293055925),3,3rd St/Convention,35.22361,-80.84306,1
1748742,110517510,MAPLE: RED,12.0,1,,POINT (514606.3636193634 3897826.365998277),1,7th Street,35.22722,-80.83806,1
1748742,110517510,MAPLE: RED,12.0,1,,POINT (514606.3636193634 3897826.365998277),2,CTC/Arena,35.225,-80.84139,1
1748742,110517510,MAPLE: RED,12.0,1,,POINT (514606.3636193634 3897826.365998277),3,3rd St/Convention,35.22361,-80.84306,1
1748743,110517511,MAPLE: RED,3.0,1,,POINT (514600.2661854676 3897821.9512307867),1,7th Street,35.22722,-80.83806,1
1748743,110517511,MAPLE: RED,3.0,1,,POINT (514600.2661854676 3897821.9512307867),2,CTC/Arena,35.225,-80.84139,1
1748743,110517511,MAPLE: RED,3.0,1,,POINT (514600.2661854676 3897821.9512307867),3,3rd St/Convention,35.22361,-80.84306,1
1748744,110517512,MAPLE: RED,10.0,1,,POINT (514580.339725413 3897805.2661307114),1,7th Street,35.22722,-80.83806,1
1748744,110517512,MAPLE: RED,10.0,1,,POINT (514580.339725413 3897805.2661307114),2,CTC/Arena,35.225,-80.84139,1
1748744,110517512,MAPLE: RED,10.0,1,,POINT (514580.339725413 3897805.2661307114),3,3rd St/Convention,35.22361,-80.84306,1
1748745,110517513,MAPLE: RED,10.0,1,,POINT (514576.18059508567 3897801.4799779803),1,7th Street,35.22722,-80.83806,1
1748745,110517513,MAPLE: RED,10.0,1,,POINT (514576.18059508567 3897801.4799779803),2,CTC/Arena,35.225,-80.84139,1
1748745,110517513,MAPLE: RED,10.0,1,,POINT (514576.18059508567 3897801.4799779803),3,3rd St/Convention,35.22361,-80.84306,1
1748746,110517514,MAPLE: RED,14.0,1,,POINT (514352.66960801353 3897772.699561948),2,CTC/Arena,35.225,-80.84139,1
1748746,110517514,MAPLE: RED,14.0,1,,POINT (514352.66960801353 3897772.699561948),3,3rd St/Convention,35.22361,-80.84306,1
1748746,110517514,MAPLE: RED,14.0,1,,POINT (514352.66960801353 3897772.699561948),4,Brooklyn Village,35.22139,-80.84694,1
1748747,110517515,MAPLE: RED,15.0,1,,POINT (514344.0160058788 3897765.2743900632),2,CTC/Arena,35.225,-80.84139,1
1748747,110517515,MAPLE: RED,15.0,1,,POINT (514344.0160058788 3897765.2743900632),3,3rd St/Convention,35.22361,-80.84306,1
1748747,110517515,MAPLE: RED,15.0,1,,POINT (514344.0160058788 3897765.2743900632),4,Brooklyn Village,35.22139,-80.84694,1
1748748,110517516,MAPLE: RED,12.0,1,,POINT (514336.58215600514 3897758.214771697),2,CTC/Arena,35.225,-80.84139,1
1748748,110517516,MAPLE: RED,12.0,1,,POINT (514336.58215600514 3897758.214771697),3,3rd St/Convention,35.22361,-80.84306,1
1748748,110517516,MAPLE: RED,12.0,1,,POINT (514336.58215600514 3897758.214771697),4,Brooklyn Village,35.22139,-80.84694,1
1748749,110517517,MAPLE: RED,3.0,1,,POINT (514421.52796376334 3897658.4128236533),2,CTC/Arena,35.225,-80.84139,1
1748749,110517517,MAPLE: RED,3.0,1,,POINT (514421.52796376334 3897658.4128236533),3,3rd St/Convention,35.22361,-80.84306,1
1748749,110517517,MAPLE: RED,3.0,1,,POINT (514421.52796376334 3897658.4128236533),4,Brooklyn Village,35.22139,-80.84694,1
1748750,110517518,MAPLE: RED,11.0,1,,POINT (514328.17173093697 3897751.76263461),2,CTC/Arena,35.225,-80.84139,1
1748750,110517518,MAPLE: RED,11.0,1,,POINT (514328.17173093697 3897751.76263461),3,3rd St/Convention,35.22361,-80.84306,1
1748750,110517518,MAPLE: RED,11.0,1,,POINT (514328.17173093697 3897751.76263461),4,Brooklyn Village,35.22139,-80.84694,1
1748751,110517519,MAPLE: RED,3.0,1,,POINT (514402.53647704097 3897641.6465708404),2,CTC/Arena,35.225,-80.84139,1
1748751,110517519,MAPLE: RED,3.0,1,,POINT (514402.53647704097 3897641.6465708404),3,3rd St/Convention,35.22361,-80.84306,1
1748751,110517519,MAPLE: RED,3.0,1,,POINT (514402.53647704097 3897641.6465708404),4,Brooklyn Village,35.22139,-80.84694,1
1748752,110517520,MAPLE: RED,10.0,1,,POINT (514320.00588143663 3897744.3381910142),2,CTC/Arena,35.225,-80.84139,1
1748752,110517520,MAPLE: RED,10.0,1,,POINT (514320.00588143663 3897744.3381910142),3,3rd St/Convention,35.22361,-80.84306,1
1748752,110517520,MAPLE: RED,10.0,1,,POINT (514320.00588143663 3897744.3381910142),4,Brooklyn Village,35.22139,-80.84694,1
1748753,110517521,MAPLE: RED,3.0,1,,POINT (514393.4039892509 3897634.237148765),2,CTC/Arena,35.225,-80.84139,1
1748753,110517521,MAPLE: RED,3.0,1,,POINT (514393.4039892509 3897634.237148765),3,3rd St/Convention,35.22361,-80.84306,1
1748753,110517521,MAPLE: RED,3.0,1,,POINT (514393.4039892509 3897634.237148765),4,Brooklyn Village,35.22139,-80.84694,1
1748754,110517522,MAPLE: RED,11.0,1,,POINT (514311.22911099833 3897737.6413885667),2,CTC/Arena,35.225,-80.84139,1
1748754,110517522,MAPLE: RED,11.0,1,,POINT (514311.22911099833 3897737.6413885667),3,3rd St/Convention,35.22361,-80.84306,1
1748754,110517522,MAPLE: RED,11.0,1,,POINT (514311.22911099833 3897737.6413885667),4,Brooklyn Village,35.22139,-80.84694,1
1748755,110517523,MAPLE: RED,10.0,1,,POINT (514303.18628564244 3897730.0962320855),2,CTC/Arena,35.225,-80.84139,1
1748755,110517523,MAPLE: RED,10.0,1,,POINT (514303.18628564244 3897730.0962320855),3,3rd St/Convention,35.22361,-80.84306,1
1748755,110517523,MAPLE: RED,10.0,1,,POINT (514303.18628564244 3897730.0962320855),4,Brooklyn Village,35.22139,-80.84694,1
1748756,110517524,MAPLE: RED,11.0,1,,POINT (514287.8289735857 3897717.0710566468),2,CTC/Arena,35.225,-80.84139,1
1748756,110517524,MAPLE: RED,11.0,1,,POINT (514287.8289735857 3897717.0710566468),3,3rd St/Convention,35.22361,-80.84306,1
1748756,110517524,MAPLE: RED,11.0,1,,POINT (514287.8289735857 3897717.0710566468),4,Brooklyn Village,35.22139,-80.84694,1
1748838,110517606,MAPLE: RED,12.0,1,,POINT (514603.3786757438 3898873.931604956),0,9th Street,35.2297,-80.835,1
1748839,110517607,MAPLE: RED,12.0,1,,POINT (514627.5361075462 3898895.4821441695),0,9th Street,35.2297,-80.835,1
1748846,110517614,MAPLE: RED,3.0,1,,POINT (514783.1940920319 3898860.0685790963),0,9th Street,35.2297,-80.835,1
1748847,110517615,MAPLE: RED,3.0,1,,POINT (514772.31987311965 3898852.0858934396),0,9th Street,35.2297,-80.835,1
1748848,110517616,MAPLE: RED,4.0,1,,POINT (514764.41587575176 3898846.122023865),0,9th Street,35.2297,-80.835,1
1748849,110517617,MAPLE: RED,3.0,1,,POINT (514750.0277452049 3898833.5412392486),0,9th Street,35.2297,-80.835,1
1748850,110517618,MAPLE: RED,3.0,1,,POINT (514743.56807242054 3898828.549008431),0,9th Street,35.2297,-80.835,1
1748851,110517619,MAPLE: RED,3.0,1,,POINT (514733.8202247652 3898819.422596278),0,9th Street,35.2297,-80.835,1
1748852,110517620,MAPLE: RED,3.0,1,,POINT (514724.0710591617 3898811.1457008),0,9th Street,35.2297,-80.835,1
1748853,110517621,MAPLE: RED,3.0,1,,POINT (514715.1752839593 3898803.476860819),0,9th Street,35.2297,-80.835,1
1748854,110517622,MAPLE: RED,3.0,1,,POINT (514690.2311908572 3898782.7954123407),0,9th Street,35.2297,-80.835,1
1748855,110517623,MAPLE: RED,3.0,1,,POINT (514699.71208475233 3898790.4663423873),0,9th Street,35.2297,-80.835,1
1748856,110517624,MAPLE: RED,8.0,1,,POINT (514673.97495651996 3898766.64292443),0,9th Street,35.2297,-80.835,1
1748857,110517625,MAPLE: RED,8.0,1,,POINT (514667.86892060185 3898761.2953435797),0,9th Street,35.2297,-80.835,1
1748858,110517626,MAPLE: RED,7.0,1,512 N CHURCH ST,POINT (514660.23629092425 3898755.1634538677),0,9th Street,35.2297,-80.835,1
1748859,110517627,MAPLE: RED,4.0,1,512 N CHURCH ST,POINT (514652.9871736107 3898749.2827752684),0,9th Street,35.2297,-80.835,1
1748860,110517628,MAPLE: RED,4.0,1,512 N CHURCH ST,POINT (514646.7862377079 3898744.6104370444),0,9th Street,35.2297,-80.835,1
1748861,110517629,MAPLE: RED,4.0,1,512 N CHURCH ST,POINT (514640.245624575 3898738.950520316),0,9th Street,35.2297,-80.835,1
1748862,110517630,MAPLE: RED,4.0,1,,POINT (514633.8359734916 3898733.89750193),0,9th Street,35.2297,-80.835,1
1748863,110517631,MAPLE: RED,4.0,1,,POINT (514625.97884796787 3898727.0366374813),0,9th Street,35.2297,-80.835,1
1748864,110517632,MAPLE: RED,4.0,1,,POINT (514619.21082971036 3898721.3231421397),0,9th Street,35.2297,-80.835,1
1748865,110517633,MAPLE: RED,4.0,1,,POINT (514574.09058078675 3898679.967423279),0,9th Street,35.2297,-80.835,1
1748866,110517634,MAPLE: RED,4.0,1,,POINT (514567.71171890054 3898674.9843208697),0,9th Street,35.2297,-80.835,1
1748867,110517635,MAPLE: RED,4.0,1,400 N CHURCH ST #201,POINT (514560.6744191562 3898668.640541869),0,9th Street,35.2297,-80.835,1
1748887,110517655,MAPLE: RED,6.0,1,,POINT (514411.6069448402 3898543.4740736927),1,7th Street,35.22722,-80.83806,1
1748888,110517656,MAPLE: RED,3.0,1,,POINT (514406.0272771524 3898538.721860359),1,7th Street,35.22722,-80.83806,1
1748889,110517657,MAPLE: RED,7.0,1,,POINT (514362.9914657493 3898499.8536826367),1,7th Street,35.22722,-80.83806,1
1748890,110517658,MAPLE: RED,4.0,1,210 N CHURCH ST #3104,POINT (514341.17084174266 3898481.297435505),1,7th Street,35.22722,-80.83806,1
1748891,110517659,MAPLE: RED,4.0,1,210 N CHURCH ST,POINT (514330.2013770431 3898472.533285636),1,7th Street,35.22722,-80.83806,1
1748893,110517661,MAPLE: RED,4.0,1,,POINT (514303.6347704248 3898450.7513225176),2,CTC/Arena,35.225,-80.84139,1
1748894,110517662,MAPLE: RED,4.0,1,,POINT (514313.0171612797 3898458.412766234),2,CTC/Arena,35.225,-80.84139,1
1748895,110517663,MAPLE: RED,4.0,1,,POINT (514409.0946080686 3898557.101936144),1,7th Street,35.22722,-80.83806,1
1748916,110517684,MAPLE: RED,4.0,1,501 N CHURCH ST,POINT (514580.2148615263 3898703.496054281),0,9th Street,35.2297,-80.835,1
1748917,110517685,MAPLE: RED,4.0,1,501 N CHURCH ST,POINT (514587.25978908746 3898710.1659652977),0,9th Street,35.2297,-80.835,1
1748918,110517686,MAPLE: RED,4.0,1,,POINT (514612.92920580116 3898733.310263087),0,9th Street,35.2297,-80.835,1
1748919,110517687,MAPLE: RED,4.0,1,,POINT (514622.8859352463 3898740.5560094784),0,9th Street,35.2297,-80.835,1
1748920,110517688,MAPLE: RED,4.0,1,,POINT (514633.25432116113 3898749.2119565504),0,9th Street,35.2297,-80.835,1
1748921,110517689,MAPLE: RED,6.0,1,701 N CHURCH ST #2,POINT (514791.09479021165 3898887.456349905),0,9th Street,35.2297,-80.835,1
1748922,110517690,MAPLE: RED,8.0,1,701 N CHURCH ST #4,POINT (514797.8930530741 3898893.420638668),0,9th Street,35.2297,-80.835,1
1748923,110517691,MAPLE: RED,7.0,1,W 10TH ST,POINT (514805.12792976917 3898900.653240605),0,9th Street,35.2297,-80.835,1
1748924,110517692,MAPLE: RED,7.0,1,701 N CHURCH ST #9,POINT (514817.328132454 3898908.9797226447),0,9th Street,35.2297,-80.835,1
1748925,110517693,MAPLE: RED,10.0,1,701 N CHURCH ST #9,POINT (514833.07991367107 3898923.9405269553),0,9th Street,35.2297,-80.835,1
1748926,110517694,MAPLE: RED,9.0,1,,POINT (514838.6127185281 3898929.157566385),0,9th Street,35.2297,-80.835,1
1748927,110517695,MAPLE: RED,9.0,1,,POINT (514842.661119606 3898932.9603890446),0,9th Street,35.2297,-80.835,1
1748928,110517696,MAPLE: RED,9.0,1,,POINT (514848.3087115951 3898938.103246467),0,9th Street,35.2297,-80.835,1
1748929,110517697,MAPLE: RED,8.0,1,,POINT (514855.74584764766 3898944.0320113935),0,9th Street,35.2297,-80.835,1
1748939,110517707,MAPLE: RED,4.0,1,224 W 10TH ST,POINT (514716.66044199286 3898952.0221517864),0,9th Street,35.2297,-80.835,1
1748963,110517731,MAPLE: RED,9.0,1,,POINT (512328.5611418178 3896766.4309259267),7,East/West,35.21194,-80.85917,1
1748964,110517732,MAPLE: RED,10.0,1,,POINT (512317.00279078045 3896772.1498385537),7,East/West,35.21194,-80.85917,1
1748965,110517733,MAPLE: RED,6.0,1,,POINT (512300.30898533517 3896781.5215244666),7,East/West,35.21194,-80.85917,1
1748966,110517734,MAPLE: RED,10.0,1,,POINT (512292.33243978 3896786.324872058),7,East/West,35.21194,-80.85917,1
1748967,110517735,MAPLE: RED,9.0,1,,POINT (512285.88169767946 3896790.1055337894),7,East/West,35.21194,-80.85917,1
1748980,110517748,MAPLE: RED,9.0,1,,POINT (512297.3013799124 3896798.6337603023),7,East/West,35.21194,-80.85917,1
1748981,110517749,MAPLE: RED,10.0,1,,POINT (512305.72129939724 3896793.7855497007),7,East/West,35.21194,-80.85917,1
1748982,110517750,MAPLE: RED,9.0,1,,POINT (512321.6782346689 3896784.7721916502),7,East/West,35.21194,-80.85917,1
1748987,110517755,MAPLE: RED,5.0,1,300 WESTWOOD AV,POINT (512750.90345823957 3897194.009011055),6,Bland,35.21583,-80.85528,1
1748988,110517756,MAPLE: RED,7.0,1,300 WESTWOOD AV,POINT (512756.62495681166 3897205.195841901),6,Bland,35.21583,-80.85528,1
1748989,110517757,MAPLE: RED,13.0,1,,POINT (512768.0708101907 3897224.1671915352),6,Bland,35.21583,-80.85528,1
1748990,110517758,MAPLE: RED,4.0,1,,POINT (512690.89090137364 3896895.04100501),6,Bland,35.21583,-80.85528,1
1748990,110517758,MAPLE: RED,4.0,1,,POINT (512690.89090137364 3896895.04100501),7,East/West,35.21194,-80.85917,1
1748991,110517759,MAPLE: RED,4.0,1,,POINT (512700.8195018345 3896889.801619879),6,Bland,35.21583,-80.85528,1
1748991,110517759,MAPLE: RED,4.0,1,,POINT (512700.8195018345 3896889.801619879),7,East/West,35.21194,-80.85917,1
1748992,110517760,MAPLE: RED,4.0,1,,POINT (512741.517739578 3897012.462678675),6,Bland,35.21583,-80.85528,1
1749406,110518174,MAPLE: RED,12.0,1,,POINT (514651.42847391375 3897693.846032507),2,CTC/Arena,35.225,-80.84139,1
1749406,110518174,MAPLE: RED,12.0,1,,POINT (514651.42847391375 3897693.846032507),3,3rd St/Convention,35.22361,-80.84306,1
1749419,110518187,MAPLE: RED,2.0,1,,POINT (514437.67636380513 3897525.9466991746),3,3rd St/Convention,35.22361,-80.84306,1
1749420,110518188,MAPLE: RED,13.0,1,,POINT (514471.16437155736 3897678.6095405254),2,CTC/Arena,35.225,-80.84139,1
1749420,110518188,MAPLE: RED,13.0,1,,POINT (514471.16437155736 3897678.6095405254),3,3rd St/Convention,35.22361,-80.84306,1
1749421,110518189,MAPLE: RED,5.0,1,,POINT (514294.1945598031 3897386.21563528),4,Brooklyn Village,35.22139,-80.84694,1
1749422,110518190,MAPLE: RED,6.0,1,,POINT (514279.00832086423 3897373.374796855),4,Brooklyn Village,35.22139,-80.84694,1
1749423,110518191,MAPLE: RED,3.0,1,,POINT (514235.53560685157 3897676.2857842413),2,CTC/Arena,35.225,-80.84139,1
1749423,110518191,MAPLE: RED,3.0,1,,POINT (514235.53560685157 3897676.2857842413),3,3rd St/Convention,35.22361,-80.84306,1
1749423,110518191,MAPLE: RED,3.0,1,,POINT (514235.53560685157 3897676.2857842413),4,Brooklyn Village,35.22139,-80.84694,1
1749424,110518192,MAPLE: RED,3.0,1,,POINT (514187.34045359463 3897636.1760467333),3,3rd St/Convention,35.22361,-80.84306,1
1749424,110518192,MAPLE: RED,3.0,1,,POINT (514187.34045359463 3897636.1760467333),4,Brooklyn Village,35.22139,-80.84694,1
1749476,110518244,MAPLE: RED,4.0,1,,POINT (515364.63537999254 3898645.600015319),0,9th Street,35.2297,-80.835,1
1749490,110518258,MAPLE: RED,4.0,1,,POINT (514309.02295820223 3897397.9579371624),4,Brooklyn Village,35.22139,-80.84694,1
1749491,110518259,MAPLE: RED,11.0,1,201 S COLLEGE ST,POINT (514198.3945609902 3897933.6224136204),2,CTC/Arena,35.225,-80.84139,1
1749491,110518259,MAPLE: RED,11.0,1,201 S COLLEGE ST,POINT (514198.3945609902 3897933.6224136204),3,3rd St/Convention,35.22361,-80.84306,1
1749491,110518259,MAPLE: RED,11.0,1,201 S COLLEGE ST,POINT (514198.3945609902 3897933.6224136204),4,Brooklyn Village,35.22139,-80.84694,1
1749492,110518260,MAPLE: RED,3.0,1,,POINT (514225.5407762659 3897668.0079444596),2,CTC/Arena,35.225,-80.84139,1
1749492,110518260,MAPLE: RED,3.0,1,,POINT (514225.5407762659 3897668.0079444596),3,3rd St/Convention,35.22361,-80.84306,1
1749492,110518260,MAPLE: RED,3.0,1,,POINT (514225.5407762659 3897668.0079444596),4,Brooklyn Village,35.22139,-80.84694,1
1749493,110518261,MAPLE: RED,3.0,1,,POINT (514216.5191050524 3897661.3120076377),3,3rd St/Convention,35.22361,-80.84306,1
1749493,110518261,MAPLE: RED,3.0,1,,POINT (514216.5191050524 3897661.3120076377),4,Brooklyn Village,35.22139,-80.84694,1
1749494,110518262,MAPLE: RED,3.0,1,,POINT (514206.89174802543 3897652.5479052016),3,3rd St/Convention,35.22361,-80.84306,1
1749494,110518262,MAPLE: RED,3.0,1,,POINT (514206.89174802543 3897652.5479052016),4,Brooklyn Village,35.22139,-80.84694,1
1749635,110518403,MAPLE: SUGAR,16.0,1,,POINT (514252.01363456156 3897907.2814096315),2,CTC/Arena,35.225,-80.84139,1
1749635,110518403,MAPLE: SUGAR,16.0,1,,POINT (514252.01363456156 3897907.2814096315),3,3rd St/Convention,35.22361,-80.84306,1
1749635,110518403,MAPLE: SUGAR,16.0,1,,POINT (514252.01363456156 3897907.2814096315),4,Brooklyn Village,35.22139,-80.84694,1
1749636,110518404,MAPLE: SUGAR,24.0,1,,POINT (514740.07373016846 3898907.3007295136),0,9th Street,35.2297,-80.835,1
1749662,110518430,MAPLE: SUGAR,5.0,1,,POINT (514985.41754578165 3898102.862144504),1,7th Street,35.22722,-80.83806,1
1749663,110518431,MAPLE: SUGAR,6.0,1,,POINT (514998.864096448 3898089.51978517),1,7th Street,35.22722,-80.83806,1
1749664,110518432,MAPLE: SUGAR,8.0,1,,POINT (515011.82354832976 3898075.8117350778),1,7th Street,35.22722,-80.83806,1
1749665,110518433,MAPLE: SUGAR,7.0,1,,POINT (515019.1581488269 3898068.1695384225),1,7th Street,35.22722,-80.83806,1
1749666,110518434,MAPLE: SUGAR,10.0,1,,POINT (514977.8844547978 3898082.559209323),1,7th Street,35.22722,-80.83806,1
1749667,110518435,MAPLE: SUGAR,7.0,1,,POINT (514972.13989811245 3898087.896199389),1,7th Street,35.22722,-80.83806,1
1749668,110518436,MAPLE: SUGAR,3.0,1,,POINT (514960.038254356 3898099.6605640263),0,9th Street,35.2297,-80.835,1
1749668,110518436,MAPLE: SUGAR,3.0,1,,POINT (514960.038254356 3898099.6605640263),1,7th Street,35.22722,-80.83806,1
1749669,110518437,MAPLE: SUGAR,2.0,1,,POINT (515066.6372777742 3898019.941267703),1,7th Street,35.22722,-80.83806,1
1749670,110518438,MAPLE: SUGAR,7.0,1,,POINT (515086.9426588921 3898000.162743177),1,7th Street,35.22722,-80.83806,1
1749671,110518439,MAPLE: SUGAR,11.0,1,,POINT (515091.895617284 3897994.907696489),1,7th Street,35.22722,-80.83806,1
1749672,110518440,MAPLE: SUGAR,6.0,1,,POINT (515107.66791455355 3897977.5602674787),1,7th Street,35.22722,-80.83806,1
1749678,110518446,MAPLE: SUGAR,5.0,1,704 E 7TH ST,POINT (515125.6958313411 3897925.5890019326),1,7th Street,35.22722,-80.83806,1
1749679,110518447,MAPLE: SUGAR,7.0,1,,POINT (515106.61214618053 3897952.043598418),1,7th Street,35.22722,-80.83806,1
1749680,110518448,MAPLE: SUGAR,12.0,1,,POINT (515095.6097581425 3897963.081962763),1,7th Street,35.22722,-80.83806,1
1749681,110518449,MAPLE: SUGAR,9.0,1,,POINT (515086.56330972724 3897972.300460818),1,7th Street,35.22722,-80.83806,1
1749682,110518450,MAPLE: SUGAR,9.0,1,704 E 7TH ST,POINT (515138.198521211 3897925.6721254815),1,7th Street,35.22722,-80.83806,1
1749683,110518451,MAPLE: SUGAR,4.0,1,,POINT (515078.49624185974 3897979.8194069136),1,7th Street,35.22722,-80.83806,1
1749684,110518452,MAPLE: SUGAR,4.0,1,,POINT (515072.6284749729 3897985.762774189),1,7th Street,35.22722,-80.83806,1
1749685,110518453,MAPLE: SUGAR,11.0,1,,POINT (515065.41539361596 3897993.0413441104),1,7th Street,35.22722,-80.83806,1
1749686,110518454,MAPLE: SUGAR,11.0,1,,POINT (515060.15919781255 3897997.892307495),1,7th Street,35.22722,-80.83806,1
1749687,110518455,MAPLE: SUGAR,5.0,1,,POINT (515052.8238697335 3898005.898165475),1,7th Street,35.22722,-80.83806,1
1749690,110518458,MAPLE: SUGAR,14.0,1,,POINT (514247.1223559951 3897912.9839673275),2,CTC/Arena,35.225,-80.84139,1
1749690,110518458,MAPLE: SUGAR,14.0,1,,POINT (514247.1223559951 3897912.9839673275),3,3rd St/Convention,35.22361,-80.84306,1
1749690,110518458,MAPLE: SUGAR,14.0,1,,POINT (514247.1223559951 3897912.9839673275),4,Brooklyn Village,35.22139,-80.84694,1
1749692,110518460,MAPLE: SUGAR,8.0,1,,POINT (514753.26500895934 3898879.4074040386),0,9th Street,35.2297,-80.835,1
1749693,110518461,MAPLE: SUGAR,6.0,1,,POINT (514746.3952681478 3898887.0350661343),0,9th Street,35.2297,-80.835,1
1749694,110518462,MAPLE: SUGAR,8.0,1,,POINT (514738.54827327013 3898895.3286916176),0,9th Street,35.2297,-80.835,1
1749695,110518463,MAPLE: SUGAR,6.0,1,,POINT (514732.295342073 3898902.517111957),0,9th Street,35.2297,-80.835,1
1749696,110518464,MAPLE: SUGAR,6.0,1,,POINT (514714.13717701595 3898921.3395591313),0,9th Street,35.2297,-80.835,1
1749702,110518470,MAPLE: SUGAR,2.0,1,,POINT (512705.1638860518 3897346.191159566),6,Bland,35.21583,-80.85528,1
1749703,110518471,MAPLE: SUGAR,2.0,1,,POINT (512696.2473981678 3897351.0393641),6,Bland,35.21583,-80.85528,1
1749770,110518538,MAPLE: SUGAR,20.0,1,,POINT (514257.51292054035 3897902.6732298573),2,CTC/Arena,35.225,-80.84139,1
1749770,110518538,MAPLE: SUGAR,20.0,1,,POINT (514257.51292054035 3897902.6732298573),3,3rd St/Convention,35.22361,-80.84306,1
1749771,110518539,MAPLE: SUGAR,21.0,1,,POINT (514749.56139806897 3898916.278109289),0,9th Street,35.2297,-80.835,1
1749772,110518540,MAPLE: SUGAR,20.0,1,,POINT (514743.5622106762 3898924.143397395),0,9th Street,35.2297,-80.835,1
1749794,110518562,MAPLE: SUGAR,25.0,1,,POINT (514298.9525749059 3897860.2149902913),2,CTC/Arena,35.225,-80.84139,1
1749794,110518562,MAPLE: SUGAR,25.0,1,,POINT (514298.9525749059 3897860.2149902913),3,3rd St/Convention,35.22361,-80.84306,1
1749794,110518562,MAPLE: SUGAR,25.0,1,,POINT (514298.9525749059 3897860.2149902913),4,Brooklyn Village,35.22139,-80.84694,1
1749796,110518564,MAPLE: SUGAR,4.0,1,201 W PARK AV,POINT (512859.88537135365 3896945.3137181243),6,Bland,35.21583,-80.85528,1
1749796,110518564,MAPLE: SUGAR,4.0,1,201 W PARK AV,POINT (512859.88537135365 3896945.3137181243),7,East/West,35.21194,-80.85917,1
1749825,110518593,MAPLE: SUGAR,6.0,1,,POINT (514961.23604135256 3898113.270089737),0,9th Street,35.2297,-80.835,1
1749825,110518593,MAPLE: SUGAR,6.0,1,,POINT (514961.23604135256 3898113.270089737),1,7th Street,35.22722,-80.83806,1
1749826,110518594,MAPLE: SUGAR,9.0,1,,POINT (514973.46101171814 3898100.6553670233),1,7th Street,35.22722,-80.83806,1
1749827,110518595,MAPLE: SUGAR,9.0,1,,POINT (514979.084311549 3898094.9543579775),1,7th Street,35.22722,-80.83806,1
1749828,110518596,MAPLE: SUGAR,7.0,1,,POINT (514985.44236471853 3898087.918243472),1,7th Street,35.22722,-80.83806,1
1749829,110518597,MAPLE: SUGAR,6.0,1,,POINT (514972.826555291 3898115.598183831),0,9th Street,35.2297,-80.835,1
1749829,110518597,MAPLE: SUGAR,6.0,1,,POINT (514972.826555291 3898115.598183831),1,7th Street,35.22722,-80.83806,1
1749830,110518598,MAPLE: SUGAR,10.0,1,,POINT (514980.0397212001 3898107.590864889),0,9th Street,35.2297,-80.835,1
1749830,110518598,MAPLE: SUGAR,10.0,1,,POINT (514980.0397212001 3898107.590864889),1,7th Street,35.22722,-80.83806,1
1749831,110518599,MAPLE: SUGAR,12.0,1,,POINT (515015.2923090612 3898044.715409053),1,7th Street,35.22722,-80.83806,1
1749832,110518600,MAPLE: SUGAR,8.0,1,,POINT (515010.64701019763 3898049.44538994),1,7th Street,35.22722,-80.83806,1
1749833,110518601,MAPLE: SUGAR,15.0,1,,POINT (515005.0246583777 3898054.5385588715),1,7th Street,35.22722,-80.83806,1
1749834,110518602,MAPLE: SUGAR,7.0,1,,POINT (514997.5681934572 3898061.573940488),1,7th Street,35.22722,-80.83806,1
1749835,110518603,MAPLE: SUGAR,4.0,1,,POINT (514992.0670404079 3898067.1531190407),1,7th Street,35.22722,-80.83806,1
1749836,110518604,MAPLE: SUGAR,13.0,1,,POINT (514985.09806812543 3898074.916774917),1,7th Street,35.22722,-80.83806,1
1749837,110518605,MAPLE: SUGAR,12.0,1,,POINT (514966.637169286 3898094.446881146),0,9th Street,35.2297,-80.835,1
1749837,110518605,MAPLE: SUGAR,12.0,1,,POINT (514966.637169286 3898094.446881146),1,7th Street,35.22722,-80.83806,1
1749838,110518606,MAPLE: SUGAR,11.0,1,,POINT (514953.31378718716 3898107.060870814),0,9th Street,35.2297,-80.835,1
1749838,110518606,MAPLE: SUGAR,11.0,1,,POINT (514953.31378718716 3898107.060870814),1,7th Street,35.22722,-80.83806,1
1749839,110518607,MAPLE: SUGAR,7.0,1,,POINT (515061.33493831067 3898025.231271923),1,7th Street,35.22722,-80.83806,1
1749840,110518608,MAPLE: SUGAR,7.0,1,,POINT (515079.6700932331 3898007.6442009425),1,7th Street,35.22722,-80.83806,1
1749841,110518609,MAPLE: SUGAR,9.0,1,,POINT (515099.3482722154 3897986.969597959),1,7th Street,35.22722,-80.83806,1
1749842,110518610,MAPLE: SUGAR,9.0,1,,POINT (515114.91911120934 3897970.906123703),1,7th Street,35.22722,-80.83806,1
1749843,110518611,MAPLE: SUGAR,10.0,1,,POINT (515142.5152426365 3897938.9818183472),1,7th Street,35.22722,-80.83806,1
1749844,110518612,MAPLE: SUGAR,8.0,1,,POINT (515147.34389580286 3897930.8043618924),1,7th Street,35.22722,-80.83806,1
1749864,110518632,MAPLE: SUGAR,9.0,1,704 E 7TH ST,POINT (515134.0161388278 3897912.603223516),1,7th Street,35.22722,-80.83806,1
1749865,110518633,MAPLE: SUGAR,7.0,1,704 E 7TH ST,POINT (515129.3656128345 3897920.371796519),1,7th Street,35.22722,-80.83806,1
1749872,110518640,MAPLE: SUGAR,10.0,1,,POINT (515101.11181904277 3897957.0160345943),1,7th Street,35.22722,-80.83806,1
1749876,110518644,MAPLE: SUGAR,6.0,1,704 E 7TH ST,POINT (515134.4100680995 3897933.3200773075),1,7th Street,35.22722,-80.83806,1
1749877,110518645,MAPLE: SUGAR,6.0,1,704 E 7TH ST,POINT (515128.87440053484 3897940.9497239697),1,7th Street,35.22722,-80.83806,1
1749878,110518646,MAPLE: SUGAR,8.0,1,,POINT (515124.4035571007 3897946.8277438246),1,7th Street,35.22722,-80.83806,1
1749879,110518647,MAPLE: SUGAR,6.0,1,,POINT (515108.4720483129 3897964.1514665666),1,7th Street,35.22722,-80.83806,1
1749880,110518648,MAPLE: SUGAR,6.0,1,,POINT (515101.9296445592 3897970.8333906676),1,7th Street,35.22722,-80.83806,1
1749881,110518649,MAPLE: SUGAR,5.0,1,,POINT (515086.2435960893 3897986.6793578905),1,7th Street,35.22722,-80.83806,1
1749889,110518657,MAPLE: SUGAR,14.0,1,,POINT (514317.2942338864 3897838.374340925),2,CTC/Arena,35.225,-80.84139,1
1749889,110518657,MAPLE: SUGAR,14.0,1,,POINT (514317.2942338864 3897838.374340925),3,3rd St/Convention,35.22361,-80.84306,1
1749889,110518657,MAPLE: SUGAR,14.0,1,,POINT (514317.2942338864 3897838.374340925),4,Brooklyn Village,35.22139,-80.84694,1
1749890,110518658,MAPLE: SUGAR,13.0,1,,POINT (514855.47152914 3898953.125476045),0,9th Street,35.2297,-80.835,1
1749891,110518659,MAPLE: SUGAR,9.0,1,,POINT (514851.3243799251 3898957.9405875676),0,9th Street,35.2297,-80.835,1
1749892,110518660,MAPLE: SUGAR,9.0,1,,POINT (514845.6074033257 3898963.9830844086),0,9th Street,35.2297,-80.835,1
1749903,110518671,MAPLE: SUGAR,12.0,1,,POINT (514719.7523360088 3898936.3847005107),0,9th Street,35.2297,-80.835,1
1749904,110518672,MAPLE: SUGAR,4.0,1,,POINT (514723.80947252724 3898925.3621905814),0,9th Street,35.2297,-80.835,1
1749905,110518673,MAPLE: SUGAR,4.0,1,701 N CHURCH ST #1,POINT (514756.88981904427 3898887.9604733535),0,9th Street,35.2297,-80.835,1
1749906,110518674,MAPLE: SUGAR,16.0,1,701 N CHURCH ST #1,POINT (514762.91421476443 3898903.121553379),0,9th Street,35.2297,-80.835,1
1749907,110518675,MAPLE: SUGAR,15.0,1,,POINT (514756.1750751128 3898908.8529739194),0,9th Street,35.2297,-80.835,1
1749908,110518676,MAPLE: SUGAR,4.0,1,701 N CHURCH ST #1,POINT (514767.9364310043 3898877.8787408113),0,9th Street,35.2297,-80.835,1
1749909,110518677,MAPLE: SUGAR,9.0,1,,POINT (514760.6648863584 3898871.379151138),0,9th Street,35.2297,-80.835,1
1749910,110518678,MAPLE: SUGAR,6.0,1,,POINT (514707.8827039841 3898927.820395603),0,9th Street,35.2297,-80.835,1
1749923,110518691,MAPLE: SUGAR,2.0,1,,POINT (512926.61937486 3897137.393206797),6,Bland,35.21583,-80.85528,1
1749924,110518692,MAPLE: SUGAR,2.0,1,,POINT (512916.75635184086 3897120.9757780423),6,Bland,35.21583,-80.85528,1
1750281,110519049,MAPLE: PAINTED,3.0,1,,POINT (512962.94487403514 3897340.7259154245),6,Bland,35.21583,-80.85528,1
1750352,110519120,MAPLE: FREEMAN,3.0,1,S BREVARD ST,POINT (514269.5043493264 3897727.9769835672),2,CTC/Arena,35.225,-80.84139,1
1750352,110519120,MAPLE: FREEMAN,3.0,1,S BREVARD ST,POINT (514269.5043493264 3897727.9769835672),3,3rd St/Convention,35.22361,-80.84306,1
1750352,110519120,MAPLE: FREEMAN,3.0,1,S BREVARD ST,POINT (514269.5043493264 3897727.9769835672),4,Brooklyn Village,35.22139,-80.84694,1
1750353,110519121,MAPLE: FREEMAN,3.0,1,,POINT (514275.9646360148 3897733.211706912),2,CTC/Arena,35.225,-80.84139,1
1750353,110519121,MAPLE: FREEMAN,3.0,1,,POINT (514275.9646360148 3897733.211706912),3,3rd St/Convention,35.22361,-80.84306,1
1750353,110519121,MAPLE: FREEMAN,3.0,1,,POINT (514275.9646360148 3897733.211706912),4,Brooklyn Village,35.22139,-80.84694,1
1750354,110519122,MAPLE: FREEMAN,3.0,1,,POINT (514283.27685910463 3897740.1489825244),2,CTC/Arena,35.225,-80.84139,1
1750354,110519122,MAPLE: FREEMAN,3.0,1,,POINT (514283.27685910463 3897740.1489825244),3,3rd St/Convention,35.22361,-80.84306,1
1750354,110519122,MAPLE: FREEMAN,3.0,1,,POINT (514283.27685910463 3897740.1489825244),4,Brooklyn Village,35.22139,-80.84694,1
1750355,110519123,MAPLE: FREEMAN,3.0,1,,POINT (514289.8592904866 3897745.2619753084),2,CTC/Arena,35.225,-80.84139,1
1750355,110519123,MAPLE: FREEMAN,3.0,1,,POINT (514289.8592904866 3897745.2619753084),3,3rd St/Convention,35.22361,-80.84306,1
1750355,110519123,MAPLE: FREEMAN,3.0,1,,POINT (514289.8592904866 3897745.2619753084),4,Brooklyn Village,35.22139,-80.84694,1
1750356,110519124,MAPLE: FREEMAN,3.0,1,,POINT (514297.0510470261 3897750.619829583),2,CTC/Arena,35.225,-80.84139,1
1750356,110519124,MAPLE: FREEMAN,3.0,1,,POINT (514297.0510470261 3897750.619829583),3,3rd St/Convention,35.22361,-80.84306,1
1750356,110519124,MAPLE: FREEMAN,3.0,1,,POINT (514297.0510470261 3897750.619829583),4,Brooklyn Village,35.22139,-80.84694,1
1750357,110519125,MAPLE: FREEMAN,3.0,1,,POINT (514303.3869235034 3897757.4336401825),2,CTC/Arena,35.225,-80.84139,1
1750357,110519125,MAPLE: FREEMAN,3.0,1,,POINT (514303.3869235034 3897757.4336401825),3,3rd St/Convention,35.22361,-80.84306,1
1750357,110519125,MAPLE: FREEMAN,3.0,1,,POINT (514303.3869235034 3897757.4336401825),4,Brooklyn Village,35.22139,-80.84694,1
1750358,110519126,MAPLE: FREEMAN,3.0,1,,POINT (514310.2129742097 3897762.6689337674),2,CTC/Arena,35.225,-80.84139,1
1750358,110519126,MAPLE: FREEMAN,3.0,1,,POINT (514310.2129742097 3897762.6689337674),3,3rd St/Convention,35.22361,-80.84306,1
1750358,110519126,MAPLE: FREEMAN,3.0,1,,POINT (514310.2129742097 3897762.6689337674),4,Brooklyn Village,35.22139,-80.84694,1
1750359,110519127,MAPLE: FREEMAN,3.0,1,,POINT (514317.8905653831 3897769.849755354),2,CTC/Arena,35.225,-80.84139,1
1750359,110519127,MAPLE: FREEMAN,3.0,1,,POINT (514317.8905653831 3897769.849755354),3,3rd St/Convention,35.22361,-80.84306,1
1750359,110519127,MAPLE: FREEMAN,3.0,1,,POINT (514317.8905653831 3897769.849755354),4,Brooklyn Village,35.22139,-80.84694,1
1750360,110519128,MAPLE: FREEMAN,3.0,1,,POINT (514325.0840315449 3897774.7207768545),2,CTC/Arena,35.225,-80.84139,1
1750360,110519128,MAPLE: FREEMAN,3.0,1,,POINT (514325.0840315449 3897774.7207768545),3,3rd St/Convention,35.22361,-80.84306,1
1750360,110519128,MAPLE: FREEMAN,3.0,1,,POINT (514325.0840315449 3897774.7207768545),4,Brooklyn Village,35.22139,-80.84694,1
1750361,110519129,MAPLE: FREEMAN,3.0,1,,POINT (514332.5197751737 3897780.56481498),2,CTC/Arena,35.225,-80.84139,1
1750361,110519129,MAPLE: FREEMAN,3.0,1,,POINT (514332.5197751737 3897780.56481498),3,3rd St/Convention,35.22361,-80.84306,1
1750361,110519129,MAPLE: FREEMAN,3.0,1,,POINT (514332.5197751737 3897780.56481498),4,Brooklyn Village,35.22139,-80.84694,1
1750419,110519187,MAPLE: FREEMAN,3.0,1,,POINT (514273.93846870447 3897225.090399725),4,Brooklyn Village,35.22139,-80.84694,1
1750420,110519188,MAPLE: FREEMAN,3.0,1,,POINT (514283.31979842164 3897233.7078529624),4,Brooklyn Village,35.22139,-80.84694,1
1750421,110519189,MAPLE: FREEMAN,3.0,1,,POINT (514292.32905808033 3897240.4193371288),4,Brooklyn Village,35.22139,-80.84694,1
1750422,110519190,MAPLE: FREEMAN,3.0,1,,POINT (514301.361322038 3897248.7533758976),4,Brooklyn Village,35.22139,-80.84694,1
1750423,110519191,MAPLE: FREEMAN,3.0,1,,POINT (514277.70555716066 3897713.0460401075),2,CTC/Arena,35.225,-80.84139,1
1750423,110519191,MAPLE: FREEMAN,3.0,1,,POINT (514277.70555716066 3897713.0460401075),3,3rd St/Convention,35.22361,-80.84306,1
1750423,110519191,MAPLE: FREEMAN,3.0,1,,POINT (514277.70555716066 3897713.0460401075),4,Brooklyn Village,35.22139,-80.84694,1
1750424,110519192,MAPLE: FREEMAN,5.0,1,1418 S CHURCH ST,POINT (512939.20485386776 3897298.5286073154),6,Bland,35.21583,-80.85528,1
1750425,110519193,MAPLE: FREEMAN,5.0,1,1414 S CHURCH ST,POINT (512945.2920504265 3897309.595215956),6,Bland,35.21583,-80.85528,1
1750426,110519194,MAPLE: FREEMAN,5.0,1,1410 S CHURCH ST,POINT (512952.7195577959 3897321.391282561),6,Bland,35.21583,-80.85528,1
1750527,110519295,SERVICEBERRY: DOWNY,2.0,1,,POINT (515314.8595332986 3898484.3543722886),0,9th Street,35.2297,-80.835,1
1750528,110519296,SERVICEBERRY: DOWNY,2.0,1,,POINT (515307.9015262825 3898490.462059812),0,9th Street,35.2297,-80.835,1
1750529,110519297,SERVICEBERRY: DOWNY,2.0,1,,POINT (515301.32444145693 3898497.892434743),0,9th Street,35.2297,-80.835,1
1750530,110519298,SERVICEBERRY: DOWNY,2.0,1,,POINT (515294.30623039836 3898505.7622915506),0,9th Street,35.2297,-80.835,1
1750531,110519299,SERVICEBERRY: DOWNY,2.0,1,,POINT (515286.79697411385 3898513.40276895),0,9th Street,35.2297,-80.835,1
1750532,110519300,SERVICEBERRY: DOWNY,2.0,1,,POINT (515279.6215970856 3898519.5245753396),0,9th Street,35.2297,-80.835,1
1750533,110519301,SERVICEBERRY: DOWNY,2.0,1,,POINT (515272.33959850325 3898527.900882865),0,9th Street,35.2297,-80.835,1
1750534,110519302,SERVICEBERRY: DOWNY,2.0,1,,POINT (515265.84547020675 3898535.253734364),0,9th Street,35.2297,-80.835,1
1750535,110519303,SERVICEBERRY: DOWNY,2.0,1,,POINT (515259.52135842026 3898541.126310456),0,9th Street,35.2297,-80.835,1
1750547,110519315,SERVICEBERRY SPP,7.0,1,,POINT (514813.6992691259 3897883.034317292),1,7th Street,35.22722,-80.83806,1
1750547,110519315,SERVICEBERRY SPP,7.0,1,,POINT (514813.6992691259 3897883.034317292),2,CTC/Arena,35.225,-80.84139,1
1750562,110519330,SERVICEBERRY SPP,7.0,1,,POINT (514803.1136968826 3897893.69340463),1,7th Street,35.22722,-80.83806,1
1750562,110519330,SERVICEBERRY SPP,7.0,1,,POINT (514803.1136968826 3897893.69340463),2,CTC/Arena,35.225,-80.84139,1
1750563,110519331,SERVICEBERRY SPP,5.0,1,,POINT (514819.7484441509 3897877.3727870453),1,7th Street,35.22722,-80.83806,1
1750563,110519331,SERVICEBERRY SPP,5.0,1,,POINT (514819.7484441509 3897877.3727870453),2,CTC/Arena,35.225,-80.84139,1
1750564,110519332,SERVICEBERRY SPP,7.0,1,,POINT (514824.9457111171 3897871.754187957),1,7th Street,35.22722,-80.83806,1
1750564,110519332,SERVICEBERRY SPP,7.0,1,,POINT (514824.9457111171 3897871.754187957),2,CTC/Arena,35.225,-80.84139,1
1750567,110519335,SERVICEBERRY SPP,7.0,1,,POINT (514792.7383703263 3897833.6646594466),1,7th Street,35.22722,-80.83806,1
1750567,110519335,SERVICEBERRY SPP,7.0,1,,POINT (514792.7383703263 3897833.6646594466),2,CTC/Arena,35.225,-80.84139,1
1750568,110519336,SERVICEBERRY SPP,7.0,1,,POINT (514798.6954505958 3897838.147094522),1,7th Street,35.22722,-80.83806,1
1750568,110519336,SERVICEBERRY SPP,7.0,1,,POINT (514798.6954505958 3897838.147094522),2,CTC/Arena,35.225,-80.84139,1
1750569,110519337,SERVICEBERRY SPP,6.0,1,,POINT (514803.51896998676 3897842.909269648),1,7th Street,35.22722,-80.83806,1
1750569,110519337,SERVICEBERRY SPP,6.0,1,,POINT (514803.51896998676 3897842.909269648),2,CTC/Arena,35.225,-80.84139,1
1750570,110519338,SERVICEBERRY SPP,7.0,1,,POINT (514809.7835969953 3897848.500027651),1,7th Street,35.22722,-80.83806,1
1750570,110519338,SERVICEBERRY SPP,7.0,1,,POINT (514809.7835969953 3897848.500027651),2,CTC/Arena,35.225,-80.84139,1
1750571,110519339,SERVICEBERRY SPP,7.0,1,,POINT (514815.5610804388 3897853.1119352425),1,7th Street,35.22722,-80.83806,1
1750571,110519339,SERVICEBERRY SPP,7.0,1,,POINT (514815.5610804388 3897853.1119352425),2,CTC/Arena,35.225,-80.84139,1
1750572,110519340,SERVICEBERRY SPP,5.0,1,,POINT (514821.85760596045 3897858.0872772275),1,7th Street,35.22722,-80.83806,1
1750572,110519340,SERVICEBERRY SPP,5.0,1,,POINT (514821.85760596045 3897858.0872772275),2,CTC/Arena,35.225,-80.84139,1
1750573,110519341,SERVICEBERRY SPP,5.0,1,,POINT (514825.9638715312 3897861.886764191),1,7th Street,35.22722,-80.83806,1
1750573,110519341,SERVICEBERRY SPP,5.0,1,,POINT (514825.9638715312 3897861.886764191),2,CTC/Arena,35.225,-80.84139,1
1750622,110519390,BIRCH: RIVER,9.0,1,,POINT (514672.14877386455 3897441.3143650093),3,3rd St/Convention,35.22361,-80.84306,1
1751949,110519517,HORNBEAM: EUROPEAN,2.0,1,,POINT (512776.34684306907 3897241.1899013994),6,Bland,35.21583,-80.85528,1
1751950,110519518,HORNBEAM: EUROPEAN,2.0,1,,POINT (512781.9475973023 3897250.796206403),6,Bland,35.21583,-80.85528,1
1751951,110519519,HORNBEAM: EUROPEAN,2.0,1,,POINT (512785.47802775336 3897257.120316568),6,Bland,35.21583,-80.85528,1
1751952,110519520,HORNBEAM: EUROPEAN,2.0,1,,POINT (512789.25056572555 3897264.6591230147),6,Bland,35.21583,-80.85528,1
1751953,110519521,HORNBEAM: EUROPEAN,2.0,1,,POINT (512792.2948558816 3897269.766019856),6,Bland,35.21583,-80.85528,1
1752008,110519576,HORNBEAM: AMERICAN,4.0,1,213 S POPLAR ST,POINT (513931.2859866135 3898300.667683405),3,3rd St/Convention,35.22361,-80.84306,1
1752009,110519577,HORNBEAM: AMERICAN,4.0,1,,POINT (513911.05331867683 3898284.1134032654),3,3rd St/Convention,35.22361,-80.84306,1
1752010,110519578,HORNBEAM: AMERICAN,4.0,1,,POINT (513904.83787061827 3898278.394645004),3,3rd St/Convention,35.22361,-80.84306,1
1752024,110519592,HORNBEAM: AMERICAN,4.0,1,,POINT (514071.53423788794 3898440.72201153),2,CTC/Arena,35.225,-80.84139,1
1752140,110519708,Pecan,18.0,1,401 W WORTHINGTON AV,POINT (512337.88790207123 3896760.0490919696),7,East/West,35.21194,-80.85917,1
1752473,110520041,REDBUD: EASTERN,2.0,1,130 W BLAND ST,POINT (513129.0033238804 3897293.456782199),6,Bland,35.21583,-80.85528,1
1752574,110520142,REDBUD: EASTERN,3.0,1,601 N POPLAR ST,POINT (514574.1323314353 3898889.956207484),0,9th Street,35.2297,-80.835,1
1752575,110520143,REDBUD: EASTERN,2.0,1,601 N POPLAR ST,POINT (514580.4643022241 3898884.4379684734),0,9th Street,35.2297,-80.835,1
1752576,110520144,REDBUD: EASTERN,2.0,1,601 N POPLAR ST,POINT (514577.1549797666 3898880.4501512903),0,9th Street,35.2297,-80.835,1
1752618,110520186,REDBUD: EASTERN,2.0,1,PENN ST,POINT (513140.0894484375 3897307.5673139556),6,Bland,35.21583,-80.85528,1
1752619,110520187,REDBUD: EASTERN,2.0,1,PENN ST,POINT (513134.36351533385 3897300.5112132817),6,Bland,35.21583,-80.85528,1
1752620,110520188,REDBUD: EASTERN,2.0,1,,POINT (512972.78517977876 3897372.0871775434),6,Bland,35.21583,-80.85528,1
1752621,110520189,REDBUD: EASTERN,2.0,1,,POINT (512965.6991671862 3897377.302641891),6,Bland,35.21583,-80.85528,1
1752622,110520190,REDBUD: EASTERN,2.0,1,,POINT (512956.4113877468 3897385.794319153),6,Bland,35.21583,-80.85528,1
1752623,110520191,REDBUD: EASTERN,2.0,1,,POINT (512951.88994257204 3897389.7968414715),6,Bland,35.21583,-80.85528,1
1752624,110520192,REDBUD: EASTERN,2.0,1,,POINT (512947.1226506172 3897394.407968821),6,Bland,35.21583,-80.85528,1
1752625,110520193,REDBUD: EASTERN,1.0,1,,POINT (512942.1126410763 3897398.896713672),6,Bland,35.21583,-80.85528,1
1752627,110520195,REDBUD: EASTERN,2.0,1,,POINT (512791.4255700394 3897280.2148967846),6,Bland,35.21583,-80.85528,1
1752933,110520501,DOGWOOD: FLOWERING,9.0,1,,POINT (512770.77893480763 3897207.6456782147),6,Bland,35.21583,-80.85528,1
1753047,110520615,DOGWOOD: FLOWERING,2.0,1,525 N POPLAR ST,POINT (514555.23840756295 3898850.5370265315),0,9th Street,35.2297,-80.835,1
1753572,110521140,GINKGO 'LAKEVIEW',6.0,1,,POINT (514356.7035571515 3897481.710273358),3,3rd St/Convention,35.22361,-80.84306,0
1753572,110521140,GINKGO 'LAKEVIEW',6.0,1,,POINT (514356.7035571515 3897481.710273358),4,Brooklyn Village,35.22139,-80.84694,0
1753586,110521154,GINKGO 'LAKEVIEW',11.0,1,,POINT (514396.455506647 3897434.2004593587),3,3rd St/Convention,35.22361,-80.84306,0
1753586,110521154,GINKGO 'LAKEVIEW',11.0,1,,POINT (514396.455506647 3897434.2004593587),4,Brooklyn Village,35.22139,-80.84694,0
1753587,110521155,GINKGO 'LAKEVIEW',12.0,1,,POINT (514385.4092507956 3897446.6470433),3,3rd St/Convention,35.22361,-80.84306,0
1753587,110521155,GINKGO 'LAKEVIEW',12.0,1,,POINT (514385.4092507956 3897446.6470433),4,Brooklyn Village,35.22139,-80.84694,0
1753588,110521156,GINKGO 'LAKEVIEW',3.0,1,,POINT (512968.0589943281 3897348.7524222927),6,Bland,35.21583,-80.85528,0
1753589,110521157,GINKGO 'LAKEVIEW',3.0,1,,POINT (512973.53909010085 3897357.2652707105),6,Bland,35.21583,-80.85528,0
1753600,110521168,GINKGO 'LAKEVIEW',19.0,1,,POINT (514409.9411700559 3897446.02840012),3,3rd St/Convention,35.22361,-80.84306,0
1753600,110521168,GINKGO 'LAKEVIEW',19.0,1,,POINT (514409.9411700559 3897446.02840012),4,Brooklyn Village,35.22139,-80.84694,0
1753601,110521169,GINKGO 'LAKEVIEW',17.0,1,,POINT (514402.0941656704 3897455.3947553597),3,3rd St/Convention,35.22361,-80.84306,0
1753601,110521169,GINKGO 'LAKEVIEW',17.0,1,,POINT (514402.0941656704 3897455.3947553597),4,Brooklyn Village,35.22139,-80.84694,0
1753602,110521170,GINKGO 'LAKEVIEW',15.0,1,,POINT (514360.5864130272 3897477.972463387),3,3rd St/Convention,35.22361,-80.84306,0
1753602,110521170,GINKGO 'LAKEVIEW',15.0,1,,POINT (514360.5864130272 3897477.972463387),4,Brooklyn Village,35.22139,-80.84694,0
1753603,110521171,GINKGO 'LAKEVIEW',11.0,1,,POINT (514352.5026570319 3897486.900477263),3,3rd St/Convention,35.22361,-80.84306,0
1753603,110521171,GINKGO 'LAKEVIEW',11.0,1,,POINT (514352.5026570319 3897486.900477263),4,Brooklyn Village,35.22139,-80.84694,0
1753604,110521172,GINKGO 'LAKEVIEW',12.0,1,520 E MARTIN LUTHER KING JR BV #702,POINT (514341.48959217535 3897503.1786724343),3,3rd St/Convention,35.22361,-80.84306,0
1753604,110521172,GINKGO 'LAKEVIEW',12.0,1,520 E MARTIN LUTHER KING JR BV #702,POINT (514341.48959217535 3897503.1786724343),4,Brooklyn Village,35.22139,-80.84694,0
1753605,110521173,GINKGO 'LAKEVIEW',12.0,1,520 E MARTIN LUTHER KING JR BV #702,POINT (514335.3692273782 3897513.0335861314),3,3rd St/Convention,35.22361,-80.84306,0
1753605,110521173,GINKGO 'LAKEVIEW',12.0,1,520 E MARTIN LUTHER KING JR BV #702,POINT (514335.3692273782 3897513.0335861314),4,Brooklyn Village,35.22139,-80.84694,0
1753606,110521174,GINKGO 'LAKEVIEW',9.0,1,520 E MARTIN LUTHER KING JR BV #702,POINT (514329.70188647 3897524.161242751),3,3rd St/Convention,35.22361,-80.84306,0
1753606,110521174,GINKGO 'LAKEVIEW',9.0,1,520 E MARTIN LUTHER KING JR BV #702,POINT (514329.70188647 3897524.161242751),4,Brooklyn Village,35.22139,-80.84694,0
1753607,110521175,GINKGO 'LAKEVIEW',6.0,1,,POINT (514320.78380422527 3897545.6641006954),3,3rd St/Convention,35.22361,-80.84306,0
1753607,110521175,GINKGO 'LAKEVIEW',6.0,1,,POINT (514320.78380422527 3897545.6641006954),4,Brooklyn Village,35.22139,-80.84694,0
1753608,110521176,GINKGO 'LAKEVIEW',10.0,1,,POINT (514317.021268245 3897552.184648164),3,3rd St/Convention,35.22361,-80.84306,0
1753608,110521176,GINKGO 'LAKEVIEW',10.0,1,,POINT (514317.021268245 3897552.184648164),4,Brooklyn Village,35.22139,-80.84694,0
1753609,110521177,GINKGO 'LAKEVIEW',11.0,1,,POINT (514334.36273290054 3897556.6447780477),3,3rd St/Convention,35.22361,-80.84306,0
1753609,110521177,GINKGO 'LAKEVIEW',11.0,1,,POINT (514334.36273290054 3897556.6447780477),4,Brooklyn Village,35.22139,-80.84694,0
1753610,110521178,GINKGO 'LAKEVIEW',10.0,1,,POINT (514340.42347026407 3897541.3224298917),3,3rd St/Convention,35.22361,-80.84306,0
1753610,110521178,GINKGO 'LAKEVIEW',10.0,1,,POINT (514340.42347026407 3897541.3224298917),4,Brooklyn Village,35.22139,-80.84694,0
1753611,110521179,GINKGO 'LAKEVIEW',14.0,1,,POINT (514346.76582595526 3897526.896496108),3,3rd St/Convention,35.22361,-80.84306,0
1753611,110521179,GINKGO 'LAKEVIEW',14.0,1,,POINT (514346.76582595526 3897526.896496108),4,Brooklyn Village,35.22139,-80.84694,0
1753612,110521180,GINKGO 'LAKEVIEW',15.0,1,,POINT (514355.51620547293 3897511.9055216676),3,3rd St/Convention,35.22361,-80.84306,0
1753612,110521180,GINKGO 'LAKEVIEW',15.0,1,,POINT (514355.51620547293 3897511.9055216676),4,Brooklyn Village,35.22139,-80.84694,0
1753613,110521181,GINKGO 'LAKEVIEW',16.0,1,,POINT (514362.7278402751 3897501.4380379873),3,3rd St/Convention,35.22361,-80.84306,0
1753613,110521181,GINKGO 'LAKEVIEW',16.0,1,,POINT (514362.7278402751 3897501.4380379873),4,Brooklyn Village,35.22139,-80.84694,0
1753614,110521182,GINKGO 'LAKEVIEW',17.0,1,,POINT (514372.23437822086 3897490.52602617),3,3rd St/Convention,35.22361,-80.84306,0
1753614,110521182,GINKGO 'LAKEVIEW',17.0,1,,POINT (514372.23437822086 3897490.52602617),4,Brooklyn Village,35.22139,-80.84694,0
1753616,110521184,GINKGO 'LAKEVIEW',9.0,1,,POINT (514565.8538974059 3897554.977617621),3,3rd St/Convention,35.22361,-80.84306,0
1753620,110521188,GINKGO 'LAKEVIEW',3.0,1,,POINT (514304.2118456923 3897606.45689596),3,3rd St/Convention,35.22361,-80.84306,0
1753620,110521188,GINKGO 'LAKEVIEW',3.0,1,,POINT (514304.2118456923 3897606.45689596),4,Brooklyn Village,35.22139,-80.84694,0
1753621,110521189,GINKGO 'LAKEVIEW',3.0,1,,POINT (514300.6765565918 3897616.612078373),3,3rd St/Convention,35.22361,-80.84306,0
1753621,110521189,GINKGO 'LAKEVIEW',3.0,1,,POINT (514300.6765565918 3897616.612078373),4,Brooklyn Village,35.22139,-80.84694,0
1753622,110521190,GINKGO 'LAKEVIEW',2.0,1,,POINT (514296.46708976384 3897627.8751017503),2,CTC/Arena,35.225,-80.84139,0
1753622,110521190,GINKGO 'LAKEVIEW',2.0,1,,POINT (514296.46708976384 3897627.8751017503),3,3rd St/Convention,35.22361,-80.84306,0
1753622,110521190,GINKGO 'LAKEVIEW',2.0,1,,POINT (514296.46708976384 3897627.8751017503),4,Brooklyn Village,35.22139,-80.84694,0
1753623,110521191,GINKGO 'LAKEVIEW',3.0,1,,POINT (514292.52717785735 3897638.400006174),2,CTC/Arena,35.225,-80.84139,0
1753623,110521191,GINKGO 'LAKEVIEW',3.0,1,,POINT (514292.52717785735 3897638.400006174),3,3rd St/Convention,35.22361,-80.84306,0
1753623,110521191,GINKGO 'LAKEVIEW',3.0,1,,POINT (514292.52717785735 3897638.400006174),4,Brooklyn Village,35.22139,-80.84694,0
1753624,110521192,GINKGO 'LAKEVIEW',2.0,1,,POINT (514274.7708333526 3897697.394456126),2,CTC/Arena,35.225,-80.84139,0
1753624,110521192,GINKGO 'LAKEVIEW',2.0,1,,POINT (514274.7708333526 3897697.394456126),3,3rd St/Convention,35.22361,-80.84306,0
1753624,110521192,GINKGO 'LAKEVIEW',2.0,1,,POINT (514274.7708333526 3897697.394456126),4,Brooklyn Village,35.22139,-80.84694,0
1753625,110521193,GINKGO 'LAKEVIEW',2.0,1,,POINT (514283.09779669746 3897687.611700968),2,CTC/Arena,35.225,-80.84139,0
1753625,110521193,GINKGO 'LAKEVIEW',2.0,1,,POINT (514283.09779669746 3897687.611700968),3,3rd St/Convention,35.22361,-80.84306,0
1753625,110521193,GINKGO 'LAKEVIEW',2.0,1,,POINT (514283.09779669746 3897687.611700968),4,Brooklyn Village,35.22139,-80.84694,0
1753626,110521194,GINKGO 'LAKEVIEW',2.0,1,,POINT (514291.9247970469 3897675.755960644),2,CTC/Arena,35.225,-80.84139,0
1753626,110521194,GINKGO 'LAKEVIEW',2.0,1,,POINT (514291.9247970469 3897675.755960644),3,3rd St/Convention,35.22361,-80.84306,0
1753626,110521194,GINKGO 'LAKEVIEW',2.0,1,,POINT (514291.9247970469 3897675.755960644),4,Brooklyn Village,35.22139,-80.84694,0
1753627,110521195,GINKGO 'LAKEVIEW',2.0,1,401 E MARTIN LUTHER KING JR BV,POINT (514300.6074428244 3897662.0324368807),2,CTC/Arena,35.225,-80.84139,0
1753627,110521195,GINKGO 'LAKEVIEW',2.0,1,401 E MARTIN LUTHER KING JR BV,POINT (514300.6074428244 3897662.0324368807),3,3rd St/Convention,35.22361,-80.84306,0
1753627,110521195,GINKGO 'LAKEVIEW',2.0,1,401 E MARTIN LUTHER KING JR BV,POINT (514300.6074428244 3897662.0324368807),4,Brooklyn Village,35.22139,-80.84694,0
1753628,110521196,GINKGO 'LAKEVIEW',2.0,1,401 E MARTIN LUTHER KING JR BV,POINT (514307.09703707823 3897649.415548859),2,CTC/Arena,35.225,-80.84139,0
1753628,110521196,GINKGO 'LAKEVIEW',2.0,1,401 E MARTIN LUTHER KING JR BV,POINT (514307.09703707823 3897649.415548859),3,3rd St/Convention,35.22361,-80.84306,0
1753628,110521196,GINKGO 'LAKEVIEW',2.0,1,401 E MARTIN LUTHER KING JR BV,POINT (514307.09703707823 3897649.415548859),4,Brooklyn Village,35.22139,-80.84694,0
1753629,110521197,GINKGO 'LAKEVIEW',2.0,1,,POINT (514311.40826802485 3897640.575813331),2,CTC/Arena,35.225,-80.84139,0
1753629,110521197,GINKGO 'LAKEVIEW',2.0,1,,POINT (514311.40826802485 3897640.575813331),3,3rd St/Convention,35.22361,-80.84306,0
1753629,110521197,GINKGO 'LAKEVIEW',2.0,1,,POINT (514311.40826802485 3897640.575813331),4,Brooklyn Village,35.22139,-80.84694,0
1753630,110521198,GINKGO 'LAKEVIEW',2.0,1,,POINT (514313.9318757311 3897634.2096912228),2,CTC/Arena,35.225,-80.84139,0
1753630,110521198,GINKGO 'LAKEVIEW',2.0,1,,POINT (514313.9318757311 3897634.2096912228),3,3rd St/Convention,35.22361,-80.84306,0
1753630,110521198,GINKGO 'LAKEVIEW',2.0,1,,POINT (514313.9318757311 3897634.2096912228),4,Brooklyn Village,35.22139,-80.84694,0
1753722,110521290,HOLLY: CHINESE,6.0,1,601 N POPLAR ST,POINT (514580.79843219474 3898876.4603352943),0,9th Street,35.2297,-80.835,1
1753904,110521472,HOLLY FOSTER'S,2.0,1,,POINT (513805.097485908 3897825.13684148),4,Brooklyn Village,35.22139,-80.84694,1
1753919,110521487,HOLLY FOSTER'S,7.0,1,,POINT (514558.2040617658 3897563.3870103722),3,3rd St/Convention,35.22361,-80.84306,1
1753920,110521488,HOLLY FOSTER'S,4.0,1,,POINT (513809.8352470215 3897819.6688755606),4,Brooklyn Village,35.22139,-80.84694,1
1753921,110521489,HOLLY FOSTER'S,4.0,1,525 S TRYON ST,POINT (513815.35270275426 3897813.761850059),4,Brooklyn Village,35.22139,-80.84694,1
1753922,110521490,HOLLY FOSTER'S,4.0,1,525 S TRYON ST,POINT (513819.53150986286 3897809.0527700935),4,Brooklyn Village,35.22139,-80.84694,1
1753923,110521491,HOLLY FOSTER'S,4.0,1,525 S TRYON ST,POINT (513824.37810361653 3897803.2900169333),4,Brooklyn Village,35.22139,-80.84694,1
1753924,110521492,HOLLY FOSTER'S,4.0,1,5301 N TRYON ST,POINT (513829.2958061272 3897797.9831659375),3,3rd St/Convention,35.22361,-80.84306,1
1753924,110521492,HOLLY FOSTER'S,4.0,1,5301 N TRYON ST,POINT (513829.2958061272 3897797.9831659375),4,Brooklyn Village,35.22139,-80.84694,1
1753925,110521493,HOLLY FOSTER'S,4.0,1,5301 N TRYON ST,POINT (513834.59242103394 3897793.116120442),3,3rd St/Convention,35.22361,-80.84306,1
1753925,110521493,HOLLY FOSTER'S,4.0,1,5301 N TRYON ST,POINT (513834.59242103394 3897793.116120442),4,Brooklyn Village,35.22139,-80.84694,1
1753926,110521494,HOLLY FOSTER'S,4.0,1,5301 N TRYON ST,POINT (513855.1207574244 3897771.2989350692),3,3rd St/Convention,35.22361,-80.84306,1
1753926,110521494,HOLLY FOSTER'S,4.0,1,5301 N TRYON ST,POINT (513855.1207574244 3897771.2989350692),4,Brooklyn Village,35.22139,-80.84694,1
1753927,110521495,HOLLY FOSTER'S,5.0,1,522 S COLLEGE ST,POINT (513860.1086774708 3897765.9612009283),3,3rd St/Convention,35.22361,-80.84306,1
1753927,110521495,HOLLY FOSTER'S,5.0,1,522 S COLLEGE ST,POINT (513860.1086774708 3897765.9612009283),4,Brooklyn Village,35.22139,-80.84694,1
1753928,110521496,HOLLY FOSTER'S,5.0,1,522 S COLLEGE ST,POINT (513864.95267133956 3897760.6897621914),3,3rd St/Convention,35.22361,-80.84306,1
1753928,110521496,HOLLY FOSTER'S,5.0,1,522 S COLLEGE ST,POINT (513864.95267133956 3897760.6897621914),4,Brooklyn Village,35.22139,-80.84694,1
1753929,110521497,HOLLY FOSTER'S,5.0,1,,POINT (513870.86059376324 3897754.2421407537),3,3rd St/Convention,35.22361,-80.84306,1
1753929,110521497,HOLLY FOSTER'S,5.0,1,,POINT (513870.86059376324 3897754.2421407537),4,Brooklyn Village,35.22139,-80.84694,1
1753938,110521506,HOLLY FOSTER'S,5.0,1,,POINT (514730.70229691133 3898921.918813944),0,9th Street,35.2297,-80.835,1
1753939,110521507,HOLLY FOSTER'S,4.0,1,,POINT (514733.3790304078 3898923.1985655697),0,9th Street,35.2297,-80.835,1
1753940,110521508,HOLLY FOSTER'S,6.0,1,,POINT (514733.6852384899 3898920.6761044734),0,9th Street,35.2297,-80.835,1
1753941,110521509,HOLLY FOSTER'S,6.0,1,,POINT (514749.3164760784 3898903.5507251173),0,9th Street,35.2297,-80.835,1
1753942,110521510,HOLLY FOSTER'S,7.0,1,,POINT (514751.4324656266 3898901.673288653),0,9th Street,35.2297,-80.835,1
1753943,110521511,HOLLY FOSTER'S,8.0,1,,POINT (514749.2600155495 3898900.283505902),0,9th Street,35.2297,-80.835,1
1754121,110521689,WALNUT: BLACK,15.0,1,401 W WORTHINGTON AV,POINT (512348.4168583156 3896753.653482994),7,East/West,35.21194,-80.85917,1
1754237,110521805,REDCEDAR: EASTERN,12.0,1,,POINT (514948.570177056 3898849.0941990437),0,9th Street,35.2297,-80.835,0
1754805,110522373,CRAPEMYRTLE: SPP,4.0,1,501 N CHURCH ST,POINT (514569.3458323221 3898696.536205862),0,9th Street,35.2297,-80.835,1
1754853,110522421,CRAPEMYRTLE: SPP,15.0,1,,POINT (513178.8679280004 3897353.3491068226),6,Bland,35.21583,-80.85528,1
1754854,110522422,CRAPEMYRTLE: SPP,6.0,1,,POINT (513186.0553703817 3897357.9631219795),6,Bland,35.21583,-80.85528,1
1754855,110522423,CRAPEMYRTLE: SPP,6.0,1,,POINT (513195.2744381099 3897363.591405851),6,Bland,35.21583,-80.85528,1
1754856,110522424,CRAPEMYRTLE: SPP,15.0,1,,POINT (513201.5791674893 3897370.6705679595),6,Bland,35.21583,-80.85528,1
1754857,110522425,CRAPEMYRTLE: SPP,8.0,1,,POINT (513207.3137951065 3897377.965128022),6,Bland,35.21583,-80.85528,1
1754858,110522426,CRAPEMYRTLE: SPP,15.0,1,,POINT (513213.099577297 3897384.542167316),6,Bland,35.21583,-80.85528,1
1754859,110522427,CRAPEMYRTLE: SPP,5.0,1,,POINT (513218.9136979608 3897391.6184439487),6,Bland,35.21583,-80.85528,1
1754860,110522428,CRAPEMYRTLE: SPP,8.0,1,,POINT (513226.1323667475 3897399.159090877),6,Bland,35.21583,-80.85528,1
1754861,110522429,CRAPEMYRTLE: SPP,8.0,1,,POINT (513231.11962775193 3897405.997922394),6,Bland,35.21583,-80.85528,1
1754862,110522430,CRAPEMYRTLE: SPP,10.0,1,,POINT (513236.9527312661 3897413.735037013),6,Bland,35.21583,-80.85528,1
1754873,110522441,CRAPEMYRTLE: SPP,2.0,1,,POINT (513242.23973565723 3897398.6103910278),6,Bland,35.21583,-80.85528,1
1754874,110522442,CRAPEMYRTLE: SPP,2.0,1,,POINT (513232.55895762396 3897386.343951668),6,Bland,35.21583,-80.85528,1
1754875,110522443,CRAPEMYRTLE: SPP,5.0,1,S CHURCH ST,POINT (513030.4237872833 3897436.0820706277),6,Bland,35.21583,-80.85528,1
1754876,110522444,CRAPEMYRTLE: SPP,5.0,1,S CHURCH ST,POINT (513033.5913980403 3897440.0957268127),6,Bland,35.21583,-80.85528,1
1754877,110522445,CRAPEMYRTLE: SPP,5.0,1,S CHURCH ST,POINT (513036.2722624584 3897442.7733653355),6,Bland,35.21583,-80.85528,1
1754886,110522454,CRAPEMYRTLE: SPP,6.0,1,336 WEST BV,POINT (512448.468274099 3896865.6193120773),7,East/West,35.21194,-80.85917,1
1754887,110522455,CRAPEMYRTLE: SPP,1.0,1,,POINT (512907.86924510146 3897105.0455810754),6,Bland,35.21583,-80.85528,1
1754890,110522458,CRAPEMYRTLE: SPP,7.0,1,,POINT (512633.75688566157 3897089.1057161577),6,Bland,35.21583,-80.85528,1
1754891,110522459,CRAPEMYRTLE: SPP,5.0,1,,POINT (512642.5519800547 3897084.0143815735),6,Bland,35.21583,-80.85528,1
1754892,110522460,CRAPEMYRTLE: SPP,5.0,1,,POINT (512650.9810527098 3897079.0444634184),6,Bland,35.21583,-80.85528,1
1754894,110522462,CRAPEMYRTLE: SPP,3.0,1,,POINT (512714.80598009814 3897172.9380746717),6,Bland,35.21583,-80.85528,1
1754909,110522477,CRAPEMYRTLE: SPP,6.0,1,,POINT (512783.07405016833 3897230.9932443993),6,Bland,35.21583,-80.85528,1
1754910,110522478,CRAPEMYRTLE: SPP,4.0,1,,POINT (512776.13565388595 3897217.37365758),6,Bland,35.21583,-80.85528,1
1754911,110522479,CRAPEMYRTLE: SPP,6.0,1,,POINT (512768.4653459232 3897203.876214581),6,Bland,35.21583,-80.85528,1
1754912,110522480,CRAPEMYRTLE: SPP,3.0,1,300 WESTWOOD AV,POINT (512762.256600663 3897192.9315493195),6,Bland,35.21583,-80.85528,1
1754913,110522481,CRAPEMYRTLE: SPP,3.0,1,300 WESTWOOD AV,POINT (512759.5800240369 3897186.4877525237),6,Bland,35.21583,-80.85528,1
1754914,110522482,CRAPEMYRTLE: SPP,3.0,1,301 WESTWOOD AV,POINT (512736.08038005553 3897146.4794438267),6,Bland,35.21583,-80.85528,1
1754915,110522483,CRAPEMYRTLE: SPP,3.0,1,301 WESTWOOD AV,POINT (512730.4815336472 3897135.4136764505),6,Bland,35.21583,-80.85528,1
1754916,110522484,CRAPEMYRTLE: SPP,7.0,1,,POINT (512715.25959473813 3897110.4840429695),6,Bland,35.21583,-80.85528,1
1754917,110522485,CRAPEMYRTLE: SPP,5.0,1,258 W PARK AV,POINT (512704.3036932717 3897089.8111819113),6,Bland,35.21583,-80.85528,1
1754918,110522486,CRAPEMYRTLE: SPP,6.0,1,258 W PARK AV,POINT (512692.3722452497 3897068.4094131878),6,Bland,35.21583,-80.85528,1
1754919,110522487,CRAPEMYRTLE: SPP,4.0,1,,POINT (512698.49739954376 3897052.7433953537),6,Bland,35.21583,-80.85528,1
1754920,110522488,CRAPEMYRTLE: SPP,4.0,1,,POINT (512706.6816935037 3897047.773244741),6,Bland,35.21583,-80.85528,1
1754921,110522489,CRAPEMYRTLE: SPP,4.0,1,,POINT (512717.0655101222 3897041.7126881215),6,Bland,35.21583,-80.85528,1
1754922,110522490,CRAPEMYRTLE: SPP,4.0,1,,POINT (512725.4925635759 3897037.5923714917),6,Bland,35.21583,-80.85528,1
1754923,110522491,CRAPEMYRTLE: SPP,4.0,1,,POINT (512734.5307291694 3897033.23118499),6,Bland,35.21583,-80.85528,1
1754925,110522493,CRAPEMYRTLE: SPP,4.0,1,,POINT (512740.76167064207 3897029.1089169835),6,Bland,35.21583,-80.85528,1
1754926,110522494,CRAPEMYRTLE: SPP,4.0,1,,POINT (512745.15942490206 3897026.441311921),6,Bland,35.21583,-80.85528,1
1754928,110522496,CRAPEMYRTLE: SPP,4.0,1,,POINT (512755.9104809399 3897019.4098207043),6,Bland,35.21583,-80.85528,1
1754930,110522498,CRAPEMYRTLE: SPP,4.0,1,,POINT (512765.43710886233 3897014.5625094688),6,Bland,35.21583,-80.85528,1
1754931,110522499,CRAPEMYRTLE: SPP,4.0,1,,POINT (512772.277808969 3897011.1697785575),6,Bland,35.21583,-80.85528,1
1754932,110522500,CRAPEMYRTLE: SPP,4.0,1,,POINT (512779.362468444 3897007.0487126857),6,Bland,35.21583,-80.85528,1
1754933,110522501,CRAPEMYRTLE: SPP,4.0,1,,POINT (512789.0129303585 3897001.593837731),6,Bland,35.21583,-80.85528,1
1754935,110522503,CRAPEMYRTLE: SPP,4.0,1,,POINT (512796.4641413785 3896996.9875906254),6,Bland,35.21583,-80.85528,1
1754936,110522504,CRAPEMYRTLE: SPP,4.0,1,,POINT (512801.9625518103 3896992.864362085),6,Bland,35.21583,-80.85528,1
1754937,110522505,CRAPEMYRTLE: SPP,4.0,1,,POINT (512813.07682025153 3896987.7764577297),6,Bland,35.21583,-80.85528,1
1754938,110522506,CRAPEMYRTLE: SPP,4.0,1,,POINT (512822.23887597845 3896982.6858166517),6,Bland,35.21583,-80.85528,1
1754938,110522506,CRAPEMYRTLE: SPP,4.0,1,,POINT (512822.23887597845 3896982.6858166517),7,East/West,35.21194,-80.85917,1
1754939,110522507,CRAPEMYRTLE: SPP,4.0,1,,POINT (512828.95816360414 3896978.3214048995),6,Bland,35.21583,-80.85528,1
1754939,110522507,CRAPEMYRTLE: SPP,4.0,1,,POINT (512828.95816360414 3896978.3214048995),7,East/West,35.21194,-80.85917,1
1754940,110522508,CRAPEMYRTLE: SPP,4.0,1,,POINT (512838.60836554924 3896972.9886162365),6,Bland,35.21583,-80.85528,1
1754940,110522508,CRAPEMYRTLE: SPP,4.0,1,,POINT (512838.60836554924 3896972.9886162365),7,East/West,35.21194,-80.85917,1
1754941,110522509,CRAPEMYRTLE: SPP,4.0,1,,POINT (512843.9827702135 3896969.7147314036),6,Bland,35.21583,-80.85528,1
1754941,110522509,CRAPEMYRTLE: SPP,4.0,1,,POINT (512843.9827702135 3896969.7147314036),7,East/West,35.21194,-80.85917,1
1754943,110522511,CRAPEMYRTLE: SPP,4.0,1,,POINT (512852.7770587723 3896965.3532304),6,Bland,35.21583,-80.85528,1
1754943,110522511,CRAPEMYRTLE: SPP,4.0,1,,POINT (512852.7770587723 3896965.3532304),7,East/West,35.21194,-80.85917,1
1754944,110522512,CRAPEMYRTLE: SPP,4.0,1,,POINT (512859.8620279969 3896961.7180376486),6,Bland,35.21583,-80.85528,1
1754944,110522512,CRAPEMYRTLE: SPP,4.0,1,,POINT (512859.8620279969 3896961.7180376486),7,East/West,35.21194,-80.85917,1
1754945,110522513,CRAPEMYRTLE: SPP,4.0,1,,POINT (512868.0463840778 3896956.8688795287),6,Bland,35.21583,-80.85528,1
1754945,110522513,CRAPEMYRTLE: SPP,4.0,1,,POINT (512868.0463840778 3896956.8688795287),7,East/West,35.21194,-80.85917,1
1754946,110522514,CRAPEMYRTLE: SPP,4.0,1,11550 N TRYON ST,POINT (512879.04082544765 3896950.3236589925),6,Bland,35.21583,-80.85528,1
1754946,110522514,CRAPEMYRTLE: SPP,4.0,1,11550 N TRYON ST,POINT (512879.04082544765 3896950.3236589925),7,East/West,35.21194,-80.85917,1
1754947,110522515,CRAPEMYRTLE: SPP,4.0,1,11550 N TRYON ST,POINT (512882.8282489958 3896948.141022765),6,Bland,35.21583,-80.85528,1
1754947,110522515,CRAPEMYRTLE: SPP,4.0,1,11550 N TRYON ST,POINT (512882.8282489958 3896948.141022765),7,East/West,35.21194,-80.85917,1
1754948,110522516,CRAPEMYRTLE: SPP,4.0,1,11550 N TRYON ST,POINT (512890.1578274553 3896943.4127327297),6,Bland,35.21583,-80.85528,1
1754948,110522516,CRAPEMYRTLE: SPP,4.0,1,11550 N TRYON ST,POINT (512890.1578274553 3896943.4127327297),7,East/West,35.21194,-80.85917,1
1754949,110522517,CRAPEMYRTLE: SPP,4.0,1,,POINT (512804.7918936897 3896977.557409074),6,Bland,35.21583,-80.85528,1
1754950,110522518,CRAPEMYRTLE: SPP,4.0,1,,POINT (512722.9504527699 3897022.8867438473),6,Bland,35.21583,-80.85528,1
1754951,110522519,CRAPEMYRTLE: SPP,4.0,1,,POINT (512671.1575127227 3897052.2192342854),6,Bland,35.21583,-80.85528,1
1755724,110523292,CRAPEMYRTLE: SPP,3.0,1,,POINT (513715.84780661686 3897375.8011078415),5,Carson,35.21889,-80.85083,1
1755725,110523293,CRAPEMYRTLE: SPP,5.0,1,,POINT (513827.4317111199 3897337.6759807523),4,Brooklyn Village,35.22139,-80.84694,1
1755726,110523294,CRAPEMYRTLE: SPP,5.0,1,,POINT (513838.18339215976 3897341.824646785),4,Brooklyn Village,35.22139,-80.84694,1
1755727,110523295,CRAPEMYRTLE: SPP,5.0,1,,POINT (513849.66134094715 3897346.0320431083),4,Brooklyn Village,35.22139,-80.84694,1
1755790,110523358,CRAPEMYRTLE: SPP,4.0,1,601 N DAVIDSON ST,POINT (515233.2093978331 3898201.214000613),0,9th Street,35.2297,-80.835,1
1755791,110523359,CRAPEMYRTLE: SPP,4.0,1,,POINT (515233.47567852703 3898198.176868892),0,9th Street,35.2297,-80.835,1
1755792,110523360,CRAPEMYRTLE: SPP,4.0,1,,POINT (515232.9177797723 3898193.315151661),0,9th Street,35.2297,-80.835,1
1755793,110523361,CRAPEMYRTLE: SPP,4.0,1,,POINT (515224.94395361515 3898184.9508366683),0,9th Street,35.2297,-80.835,1
1755794,110523362,CRAPEMYRTLE: SPP,3.0,1,,POINT (515221.46011356637 3898183.5698291883),0,9th Street,35.2297,-80.835,1
1755795,110523363,CRAPEMYRTLE: SPP,4.0,1,,POINT (515217.60873873497 3898183.139652388),0,9th Street,35.2297,-80.835,1
1755796,110523364,CRAPEMYRTLE: SPP,4.0,1,525 N DAVIDSON ST,POINT (515207.8578076378 3898191.4464158476),0,9th Street,35.2297,-80.835,1
1755797,110523365,CRAPEMYRTLE: SPP,4.0,1,,POINT (515209.2570327717 3898196.5124721914),0,9th Street,35.2297,-80.835,1
1755798,110523366,CRAPEMYRTLE: SPP,4.0,1,,POINT (515210.35674402164 3898200.076493568),0,9th Street,35.2297,-80.835,1
1755799,110523367,CRAPEMYRTLE: SPP,3.0,1,601 N DAVIDSON ST,POINT (515220.303562044 3898207.844104372),0,9th Street,35.2297,-80.835,1
1755800,110523368,CRAPEMYRTLE: SPP,3.0,1,601 N DAVIDSON ST,POINT (515223.74946819665 3898207.9862302043),0,9th Street,35.2297,-80.835,1
1755801,110523369,CRAPEMYRTLE: SPP,3.0,1,601 N DAVIDSON ST,POINT (515227.45923766715 3898206.506481155),0,9th Street,35.2297,-80.835,1
1755805,110523373,CRAPEMYRTLE: SPP,5.0,1,,POINT (514200.1176446623 3897382.976614694),4,Brooklyn Village,35.22139,-80.84694,1
1755806,110523374,CRAPEMYRTLE: SPP,6.0,1,,POINT (514191.58601369784 3897390.277112862),4,Brooklyn Village,35.22139,-80.84694,1
1755807,110523375,CRAPEMYRTLE: SPP,6.0,1,,POINT (514178.36642534495 3897405.209036414),4,Brooklyn Village,35.22139,-80.84694,1
1755808,110523376,CRAPEMYRTLE: SPP,6.0,1,,POINT (514170.8663167355 3897412.8771948125),4,Brooklyn Village,35.22139,-80.84694,1
1755809,110523377,CRAPEMYRTLE: SPP,5.0,1,,POINT (514162.6101650753 3897421.0065879924),4,Brooklyn Village,35.22139,-80.84694,1
1755810,110523378,CRAPEMYRTLE: SPP,7.0,1,,POINT (514550.8860210147 3897569.7310271855),3,3rd St/Convention,35.22361,-80.84306,1
1755811,110523379,CRAPEMYRTLE: SPP,6.0,1,,POINT (514400.0550737413 3897654.578103112),2,CTC/Arena,35.225,-80.84139,1
1755811,110523379,CRAPEMYRTLE: SPP,6.0,1,,POINT (514400.0550737413 3897654.578103112),3,3rd St/Convention,35.22361,-80.84306,1
1755811,110523379,CRAPEMYRTLE: SPP,6.0,1,,POINT (514400.0550737413 3897654.578103112),4,Brooklyn Village,35.22139,-80.84694,1
1755812,110523380,CRAPEMYRTLE: SPP,6.0,1,,POINT (514408.6533044874 3897661.3965996616),2,CTC/Arena,35.225,-80.84139,1
1755812,110523380,CRAPEMYRTLE: SPP,6.0,1,,POINT (514408.6533044874 3897661.3965996616),3,3rd St/Convention,35.22361,-80.84306,1
1755812,110523380,CRAPEMYRTLE: SPP,6.0,1,,POINT (514408.6533044874 3897661.3965996616),4,Brooklyn Village,35.22139,-80.84694,1
1755813,110523381,CRAPEMYRTLE: SPP,7.0,1,,POINT (514417.0553943634 3897667.9398624836),2,CTC/Arena,35.225,-80.84139,1
1755813,110523381,CRAPEMYRTLE: SPP,7.0,1,,POINT (514417.0553943634 3897667.9398624836),3,3rd St/Convention,35.22361,-80.84306,1
1755813,110523381,CRAPEMYRTLE: SPP,7.0,1,,POINT (514417.0553943634 3897667.9398624836),4,Brooklyn Village,35.22139,-80.84694,1
1755814,110523382,CRAPEMYRTLE: SPP,7.0,1,,POINT (514424.6446783697 3897673.379421367),2,CTC/Arena,35.225,-80.84139,1
1755814,110523382,CRAPEMYRTLE: SPP,7.0,1,,POINT (514424.6446783697 3897673.379421367),3,3rd St/Convention,35.22361,-80.84306,1
1755815,110523383,CRAPEMYRTLE: SPP,4.0,1,,POINT (514562.6724344423 3897801.800867121),1,7th Street,35.22722,-80.83806,1
1755815,110523383,CRAPEMYRTLE: SPP,4.0,1,,POINT (514562.6724344423 3897801.800867121),2,CTC/Arena,35.225,-80.84139,1
1755815,110523383,CRAPEMYRTLE: SPP,4.0,1,,POINT (514562.6724344423 3897801.800867121),3,3rd St/Convention,35.22361,-80.84306,1
1755816,110523384,CRAPEMYRTLE: SPP,4.0,1,,POINT (514570.5830258559 3897809.338260371),1,7th Street,35.22722,-80.83806,1
1755816,110523384,CRAPEMYRTLE: SPP,4.0,1,,POINT (514570.5830258559 3897809.338260371),2,CTC/Arena,35.225,-80.84139,1
1755816,110523384,CRAPEMYRTLE: SPP,4.0,1,,POINT (514570.5830258559 3897809.338260371),3,3rd St/Convention,35.22361,-80.84306,1
1755817,110523385,CRAPEMYRTLE: SPP,4.0,1,,POINT (514577.58398395265 3897816.101176457),1,7th Street,35.22722,-80.83806,1
1755817,110523385,CRAPEMYRTLE: SPP,4.0,1,,POINT (514577.58398395265 3897816.101176457),2,CTC/Arena,35.225,-80.84139,1
1755817,110523385,CRAPEMYRTLE: SPP,4.0,1,,POINT (514577.58398395265 3897816.101176457),3,3rd St/Convention,35.22361,-80.84306,1
1755818,110523386,CRAPEMYRTLE: SPP,4.0,1,,POINT (514586.870029724 3897823.929065727),1,7th Street,35.22722,-80.83806,1
1755818,110523386,CRAPEMYRTLE: SPP,4.0,1,,POINT (514586.870029724 3897823.929065727),2,CTC/Arena,35.225,-80.84139,1
1755818,110523386,CRAPEMYRTLE: SPP,4.0,1,,POINT (514586.870029724 3897823.929065727),3,3rd St/Convention,35.22361,-80.84306,1
1755819,110523387,CRAPEMYRTLE: SPP,4.0,1,1016 N CALDWELL ST,POINT (514593.6487275156 3897831.921520955),1,7th Street,35.22722,-80.83806,1
1755819,110523387,CRAPEMYRTLE: SPP,4.0,1,1016 N CALDWELL ST,POINT (514593.6487275156 3897831.921520955),2,CTC/Arena,35.225,-80.84139,1
1755819,110523387,CRAPEMYRTLE: SPP,4.0,1,1016 N CALDWELL ST,POINT (514593.6487275156 3897831.921520955),3,3rd St/Convention,35.22361,-80.84306,1
1755820,110523388,CRAPEMYRTLE: SPP,4.0,1,1016 N CALDWELL ST,POINT (514601.08842256665 3897839.147646666),1,7th Street,35.22722,-80.83806,1
1755820,110523388,CRAPEMYRTLE: SPP,4.0,1,1016 N CALDWELL ST,POINT (514601.08842256665 3897839.147646666),2,CTC/Arena,35.225,-80.84139,1
1755820,110523388,CRAPEMYRTLE: SPP,4.0,1,1016 N CALDWELL ST,POINT (514601.08842256665 3897839.147646666),3,3rd St/Convention,35.22361,-80.84306,1
1755821,110523389,CRAPEMYRTLE: SPP,4.0,1,,POINT (514609.34755257145 3897846.1311002932),1,7th Street,35.22722,-80.83806,1
1755821,110523389,CRAPEMYRTLE: SPP,4.0,1,,POINT (514609.34755257145 3897846.1311002932),2,CTC/Arena,35.225,-80.84139,1
1755821,110523389,CRAPEMYRTLE: SPP,4.0,1,,POINT (514609.34755257145 3897846.1311002932),3,3rd St/Convention,35.22361,-80.84306,1
1755822,110523390,CRAPEMYRTLE: SPP,4.0,1,,POINT (514616.38119654125 3897852.2941153767),1,7th Street,35.22722,-80.83806,1
1755822,110523390,CRAPEMYRTLE: SPP,4.0,1,,POINT (514616.38119654125 3897852.2941153767),2,CTC/Arena,35.225,-80.84139,1
1755822,110523390,CRAPEMYRTLE: SPP,4.0,1,,POINT (514616.38119654125 3897852.2941153767),3,3rd St/Convention,35.22361,-80.84306,1
1755823,110523391,CRAPEMYRTLE: SPP,4.0,1,,POINT (514624.5398619764 3897858.3481069785),1,7th Street,35.22722,-80.83806,1
1755823,110523391,CRAPEMYRTLE: SPP,4.0,1,,POINT (514624.5398619764 3897858.3481069785),2,CTC/Arena,35.225,-80.84139,1
1755823,110523391,CRAPEMYRTLE: SPP,4.0,1,,POINT (514624.5398619764 3897858.3481069785),3,3rd St/Convention,35.22361,-80.84306,1
1755824,110523392,CRAPEMYRTLE: SPP,5.0,1,,POINT (514168.7482472761 3897464.798627358),3,3rd St/Convention,35.22361,-80.84306,1
1755824,110523392,CRAPEMYRTLE: SPP,5.0,1,,POINT (514168.7482472761 3897464.798627358),4,Brooklyn Village,35.22139,-80.84694,1
1755825,110523393,CRAPEMYRTLE: SPP,6.0,1,,POINT (514179.5763536665 3897471.6803503963),3,3rd St/Convention,35.22361,-80.84306,1
1755825,110523393,CRAPEMYRTLE: SPP,6.0,1,,POINT (514179.5763536665 3897471.6803503963),4,Brooklyn Village,35.22139,-80.84694,1
1755826,110523394,CRAPEMYRTLE: SPP,5.0,1,,POINT (514189.4533667936 3897479.224964504),3,3rd St/Convention,35.22361,-80.84306,1
1755826,110523394,CRAPEMYRTLE: SPP,5.0,1,,POINT (514189.4533667936 3897479.224964504),4,Brooklyn Village,35.22139,-80.84694,1
1755827,110523395,CRAPEMYRTLE: SPP,5.0,1,,POINT (514036.82761794684 3897412.3763622288),4,Brooklyn Village,35.22139,-80.84694,1
1755828,110523396,CRAPEMYRTLE: SPP,3.0,1,,POINT (514044.0670726295 3897416.031890771),4,Brooklyn Village,35.22139,-80.84694,1
1755829,110523397,CRAPEMYRTLE: SPP,5.0,1,,POINT (514121.7744153857 3897475.0611190535),3,3rd St/Convention,35.22361,-80.84306,1
1755829,110523397,CRAPEMYRTLE: SPP,5.0,1,,POINT (514121.7744153857 3897475.0611190535),4,Brooklyn Village,35.22139,-80.84694,1
1755830,110523398,CRAPEMYRTLE: SPP,5.0,1,,POINT (514115.3429535954 3897481.4677950586),3,3rd St/Convention,35.22361,-80.84306,1
1755830,110523398,CRAPEMYRTLE: SPP,5.0,1,,POINT (514115.3429535954 3897481.4677950586),4,Brooklyn Village,35.22139,-80.84694,1
1755831,110523399,CRAPEMYRTLE: SPP,5.0,1,,POINT (514107.33926771476 3897490.5757092997),3,3rd St/Convention,35.22361,-80.84306,1
1755831,110523399,CRAPEMYRTLE: SPP,5.0,1,,POINT (514107.33926771476 3897490.5757092997),4,Brooklyn Village,35.22139,-80.84694,1
1755836,110523404,CRAPEMYRTLE: SPP,4.0,1,501 N CHURCH ST,POINT (514570.25253135955 3898697.4414155283),0,9th Street,35.2297,-80.835,1
1755837,110523405,CRAPEMYRTLE: SPP,4.0,1,501 N CHURCH ST,POINT (514567.7421395215 3898699.5733876107),0,9th Street,35.2297,-80.835,1
1755887,110523455,CRAPEMYRTLE: SPP,7.0,1,,POINT (512283.02650540817 3896688.9726661197),7,East/West,35.21194,-80.85917,1
1755931,110523499,CRAPEMYRTLE: SPP,4.0,1,,POINT (513544.78306478966 3897579.9586051744),4,Brooklyn Village,35.22139,-80.84694,1
1755931,110523499,CRAPEMYRTLE: SPP,4.0,1,,POINT (513544.78306478966 3897579.9586051744),5,Carson,35.21889,-80.85083,1
1755932,110523500,CRAPEMYRTLE: SPP,4.0,1,W BLAND ST,POINT (513007.65109590517 3897361.3788491576),6,Bland,35.21583,-80.85528,1
1755933,110523501,CRAPEMYRTLE: SPP,4.0,1,280 W BLAND ST,POINT (513002.3097988312 3897375.9822351234),6,Bland,35.21583,-80.85528,1
1755934,110523502,CRAPEMYRTLE: SPP,5.0,1,280 W BLAND ST,POINT (513009.080822985 3897386.097287612),6,Bland,35.21583,-80.85528,1
1755938,110523506,CRAPEMYRTLE: SPP,4.0,1,,POINT (513248.86393910804 3897406.8312136396),6,Bland,35.21583,-80.85528,1
1755939,110523507,CRAPEMYRTLE: SPP,2.0,1,,POINT (513067.99768776086 3897455.782354079),6,Bland,35.21583,-80.85528,1
1755948,110523516,CRAPEMYRTLE: SPP,5.0,1,LINCOLN ST,POINT (513168.37132375356 3897330.6946305335),6,Bland,35.21583,-80.85528,1
1755950,110523518,CRAPEMYRTLE: SPP,4.0,1,LINCOLN ST,POINT (513163.8597330543 3897327.771319587),6,Bland,35.21583,-80.85528,1
1755954,110523522,CRAPEMYRTLE: SPP,4.0,1,LINCOLN ST,POINT (513159.46916090103 3897325.4571060287),6,Bland,35.21583,-80.85528,1
1755957,110523525,CRAPEMYRTLE: SPP,4.0,1,LINCOLN ST,POINT (513155.07939871977 3897322.656041677),6,Bland,35.21583,-80.85528,1
1755959,110523527,CRAPEMYRTLE: SPP,4.0,1,PENN ST,POINT (513145.3299729111 3897313.0423404817),6,Bland,35.21583,-80.85528,1
1756015,110523583,CRAPEMYRTLE: SPP,9.0,1,,POINT (512472.3036164729 3896832.7080230196),7,East/West,35.21194,-80.85917,1
1756016,110523584,CRAPEMYRTLE: SPP,2.0,1,,POINT (512466.30046069325 3896835.9270419055),7,East/West,35.21194,-80.85917,1
1756017,110523585,CRAPEMYRTLE: SPP,3.0,1,,POINT (512443.53680180776 3896849.4210418807),7,East/West,35.21194,-80.85917,1
1756033,110523601,CRAPEMYRTLE: SPP,6.0,1,,POINT (512621.0529690881 3897096.74231578),6,Bland,35.21583,-80.85528,1
1756034,110523602,CRAPEMYRTLE: SPP,7.0,1,,POINT (512626.6723242284 3897093.2268835544),6,Bland,35.21583,-80.85528,1
1756035,110523603,CRAPEMYRTLE: SPP,5.0,1,,POINT (512660.63092270406 3897073.8323606113),6,Bland,35.21583,-80.85528,1
1756036,110523604,CRAPEMYRTLE: SPP,8.0,1,,POINT (512668.3274643327 3897068.8614820084),6,Bland,35.21583,-80.85528,1
1756042,110523610,CRAPEMYRTLE: SPP,4.0,1,255 W PARK AV,POINT (512672.76175144064 3897031.030694477),6,Bland,35.21583,-80.85528,1
1757420,110524988,CRAPEMYRTLE: SPP,7.0,1,,POINT (515286.2172731661 3898718.9655785663),0,9th Street,35.2297,-80.835,1
1757421,110524989,CRAPEMYRTLE: SPP,5.0,1,,POINT (515313.60120384954 3898689.916009224),0,9th Street,35.2297,-80.835,1
1757422,110524990,CRAPEMYRTLE: SPP,6.0,1,,POINT (515318.1226088995 3898686.218463264),0,9th Street,35.2297,-80.835,1
1757423,110524991,CRAPEMYRTLE: SPP,6.0,1,,POINT (515338.5391549753 3898664.749393312),0,9th Street,35.2297,-80.835,1
1757424,110524992,CRAPEMYRTLE: SPP,5.0,1,,POINT (515344.16157181014 3898659.474438102),0,9th Street,35.2297,-80.835,1
1757892,110525460,CRAPEMYRTLE: SPP,5.0,1,258 W PARK AV,POINT (512699.0694505511 3897079.597603828),6,Bland,35.21583,-80.85528,1
1758074,110525642,PRIVET SPP,1.0,1,117 W SUMMIT AV,POINT (513032.06356239633 3897060.508596055),6,Bland,35.21583,-80.85528,1
1758075,110525643,PRIVET SPP,3.0,1,1900 S TRYON ST,POINT (512373.2212415761 3896739.4565511183),7,East/West,35.21194,-80.85917,1
1758691,110526259,TULIPTREE,4.0,1,,POINT (512664.7954203113 3896909.564600581),6,Bland,35.21583,-80.85528,1
1758691,110526259,TULIPTREE,4.0,1,,POINT (512664.7954203113 3896909.564600581),7,East/West,35.21194,-80.85917,1
1758723,110526291,TULIPTREE,4.0,1,,POINT (512678.6600907119 3896901.93628869),6,Bland,35.21583,-80.85528,1
1758723,110526291,TULIPTREE,4.0,1,,POINT (512678.6600907119 3896901.93628869),7,East/West,35.21194,-80.85917,1
1758854,110526422,TULIPTREE,3.0,1,,POINT (512993.0814729595 3897093.0162131893),6,Bland,35.21583,-80.85528,1
1758855,110526423,TULIPTREE,3.0,1,,POINT (512984.03729590547 3897100.9015407143),6,Bland,35.21583,-80.85528,1
1758856,110526424,TULIPTREE,3.0,1,,POINT (512973.1612027921 3897109.9997732393),6,Bland,35.21583,-80.85528,1
1758857,110526425,TULIPTREE,2.0,1,1825 WICKFORD PL,POINT (512375.3551222438 3896755.0831883475),7,East/West,35.21194,-80.85917,1
1758858,110526426,TULIPTREE,3.0,1,,POINT (512965.828422473 3897117.035842582),6,Bland,35.21583,-80.85528,1
1758859,110526427,TULIPTREE,2.0,1,1825 WICKFORD PL,POINT (512384.8305783728 3896749.0931238476),7,East/West,35.21194,-80.85917,1
1758860,110526428,TULIPTREE,3.0,1,,POINT (512947.3743202622 3897133.534678262),6,Bland,35.21583,-80.85528,1
1758861,110526429,TULIPTREE,2.0,1,,POINT (512405.1227992271 3896736.6812511887),7,East/West,35.21194,-80.85917,1
1758862,110526430,TULIPTREE,2.0,1,,POINT (512783.4824788348 3897287.1294757877),6,Bland,35.21583,-80.85528,1
1758863,110526431,TULIPTREE,2.0,1,,POINT (512774.685265929 3897293.799860734),6,Bland,35.21583,-80.85528,1
1758864,110526432,TULIPTREE,2.0,1,,POINT (512761.1256365596 3897302.407651895),6,Bland,35.21583,-80.85528,1
1758867,110526435,TULIPTREE,4.0,1,248 W KINGSTON AV,POINT (512626.6232618656 3896930.8373949477),6,Bland,35.21583,-80.85528,1
1758867,110526435,TULIPTREE,4.0,1,248 W KINGSTON AV,POINT (512626.6232618656 3896930.8373949477),7,East/West,35.21194,-80.85917,1
1758868,110526436,TULIPTREE,4.0,1,,POINT (512652.03541508364 3896916.754200983),6,Bland,35.21583,-80.85528,1
1758868,110526436,TULIPTREE,4.0,1,,POINT (512652.03541508364 3896916.754200983),7,East/West,35.21194,-80.85917,1
1758869,110526437,TULIPTREE,4.0,1,235 W KINGSTON AV,POINT (512654.562541236 3896896.1934150816),6,Bland,35.21583,-80.85528,1
1758869,110526437,TULIPTREE,4.0,1,235 W KINGSTON AV,POINT (512654.562541236 3896896.1934150816),7,East/West,35.21194,-80.85917,1
1758946,110526514,TULIPTREE,3.0,1,117 W SUMMIT AV,POINT (513013.12310186087 3897075.7911146157),6,Bland,35.21583,-80.85528,1
1758981,110526549,MAGNOLIA: SOUTHERN,6.0,1,,POINT (515215.42216051003 3898189.0514980513),0,9th Street,35.2297,-80.835,1
1758982,110526550,MAGNOLIA: SOUTHERN,8.0,1,,POINT (515222.1534165466 3898194.4159753625),0,9th Street,35.2297,-80.835,1
1758983,110526551,MAGNOLIA: SOUTHERN,8.0,1,601 N DAVIDSON ST,POINT (515228.0102864977 3898200.834763383),0,9th Street,35.2297,-80.835,1
1758984,110526552,MAGNOLIA: SOUTHERN,3.0,1,601 N DAVIDSON ST,POINT (515224.21702984645 3898204.3339953767),0,9th Street,35.2297,-80.835,1
1758985,110526553,MAGNOLIA: SOUTHERN,6.0,1,,POINT (515223.7608415656 3898199.094252866),0,9th Street,35.2297,-80.835,1
1758986,110526554,MAGNOLIA: SOUTHERN,4.0,1,,POINT (515218.72971592017 3898197.2858959506),0,9th Street,35.2297,-80.835,1
1758987,110526555,MAGNOLIA: SOUTHERN,6.0,1,,POINT (515216.9768268697 3898193.1075539766),0,9th Street,35.2297,-80.835,1
1758988,110526556,MAGNOLIA: SOUTHERN,4.0,1,,POINT (515213.6237004945 3898191.894169188),0,9th Street,35.2297,-80.835,1
1759049,110526617,Sweetbay,4.0,1,W 3RD ST,POINT (514019.9537072447 3898134.843996367),2,CTC/Arena,35.225,-80.84139,1
1759049,110526617,Sweetbay,4.0,1,W 3RD ST,POINT (514019.9537072447 3898134.843996367),3,3rd St/Convention,35.22361,-80.84306,1
1759050,110526618,Sweetbay,4.0,1,W 3RD ST,POINT (514016.3728243983 3898139.013860882),2,CTC/Arena,35.225,-80.84139,1
1759050,110526618,Sweetbay,4.0,1,W 3RD ST,POINT (514016.3728243983 3898139.013860882),3,3rd St/Convention,35.22361,-80.84306,1
1759051,110526619,Sweetbay,4.0,1,W 3RD ST,POINT (514012.22339620173 3898142.4087211685),2,CTC/Arena,35.225,-80.84139,1
1759051,110526619,Sweetbay,4.0,1,W 3RD ST,POINT (514012.22339620173 3898142.4087211685),3,3rd St/Convention,35.22361,-80.84306,1
1759062,110526630,MAGNOLIA: SAUCER,3.0,1,,POINT (514909.4807475138 3897971.278112008),1,7th Street,35.22722,-80.83806,1
1759063,110526631,MAGNOLIA: SAUCER,3.0,1,,POINT (514903.61373082915 3897976.856718364),1,7th Street,35.22722,-80.83806,1
1759063,110526631,MAGNOLIA: SAUCER,3.0,1,,POINT (514903.61373082915 3897976.856718364),2,CTC/Arena,35.225,-80.84139,1
1759064,110526632,MAGNOLIA: SAUCER,3.0,1,,POINT (514892.97726527863 3897988.016846833),1,7th Street,35.22722,-80.83806,1
1759064,110526632,MAGNOLIA: SAUCER,3.0,1,,POINT (514892.97726527863 3897988.016846833),2,CTC/Arena,35.225,-80.84139,1
1759065,110526633,MAGNOLIA: SAUCER,3.0,1,,POINT (514886.49801178556 3897994.567051536),1,7th Street,35.22722,-80.83806,1
1759065,110526633,MAGNOLIA: SAUCER,3.0,1,,POINT (514886.49801178556 3897994.567051536),2,CTC/Arena,35.225,-80.84139,1
1759066,110526634,MAGNOLIA: SAUCER,3.0,1,228 N CALDWELL ST,POINT (514880.995517209 3898000.9969459884),1,7th Street,35.22722,-80.83806,1
1759066,110526634,MAGNOLIA: SAUCER,3.0,1,228 N CALDWELL ST,POINT (514880.995517209 3898000.9969459884),2,CTC/Arena,35.225,-80.84139,1
1759067,110526635,MAGNOLIA: SAUCER,3.0,1,228 N CALDWELL ST,POINT (514874.5167575828 3898007.304276829),1,7th Street,35.22722,-80.83806,1
1759067,110526635,MAGNOLIA: SAUCER,3.0,1,228 N CALDWELL ST,POINT (514874.5167575828 3898007.304276829),2,CTC/Arena,35.225,-80.84139,1
1759068,110526636,MAGNOLIA: SAUCER,3.0,1,228 N CALDWELL ST,POINT (514858.3794848085 3898024.408565912),1,7th Street,35.22722,-80.83806,1
1759068,110526636,MAGNOLIA: SAUCER,3.0,1,228 N CALDWELL ST,POINT (514858.3794848085 3898024.408565912),2,CTC/Arena,35.225,-80.84139,1
1759070,110526638,MAGNOLIA: SAUCER,4.0,1,,POINT (515071.34526890446 3897803.5140964068),1,7th Street,35.22722,-80.83806,1
1759071,110526639,MAGNOLIA: SAUCER,4.0,1,,POINT (515065.23137743 3897810.794515199),1,7th Street,35.22722,-80.83806,1
1759072,110526640,MAGNOLIA: SAUCER,2.0,1,,POINT (514965.8088998656 3897931.2772001103),1,7th Street,35.22722,-80.83806,1
1759073,110526641,MAGNOLIA: SAUCER,2.0,1,,POINT (514972.289199186 3897924.1192567595),1,7th Street,35.22722,-80.83806,1
1759074,110526642,MAGNOLIA: SAUCER,2.0,1,,POINT (514977.54610472993 3897918.78144031),1,7th Street,35.22722,-80.83806,1
1759075,110526643,MAGNOLIA: SAUCER,2.0,1,,POINT (514985.8573055117 3897911.140921825),1,7th Street,35.22722,-80.83806,1
1759076,110526644,MAGNOLIA: SAUCER,2.0,1,,POINT (514999.4278773015 3897896.7052338594),1,7th Street,35.22722,-80.83806,1
1759096,110526664,MAGNOLIA: SAUCER,3.0,1,,POINT (514914.98389399715 3897964.48335497),1,7th Street,35.22722,-80.83806,1
1759100,110526668,MAGNOLIA: SAUCER,2.0,1,,POINT (515028.7990457892 3897848.5199834844),1,7th Street,35.22722,-80.83806,1
1759101,110526669,MAGNOLIA: SAUCER,2.0,1,,POINT (515022.5651676745 3897854.0978981443),1,7th Street,35.22722,-80.83806,1
1759102,110526670,MAGNOLIA: SAUCER,2.0,1,,POINT (515018.0406899104 3897859.4368731347),1,7th Street,35.22722,-80.83806,1
1759105,110526673,MAGNOLIA: SAUCER,2.0,1,601 N POPLAR ST,POINT (514572.0510187573 3898886.7677816586),0,9th Street,35.2297,-80.835,1
1759149,110526717,MAGNOLIA: SAUCER,3.0,1,,POINT (514898.1113741989 3897983.1656237603),1,7th Street,35.22722,-80.83806,1
1759149,110526717,MAGNOLIA: SAUCER,3.0,1,,POINT (514898.1113741989 3897983.1656237603),2,CTC/Arena,35.225,-80.84139,1
1759150,110526718,MAGNOLIA: SAUCER,2.0,1,,POINT (515044.20426196145 3897832.0214009145),1,7th Street,35.22722,-80.83806,1
1759151,110526719,MAGNOLIA: SAUCER,2.0,1,,POINT (515035.40300722327 3897840.3907965),1,7th Street,35.22722,-80.83806,1
1759152,110526720,MAGNOLIA: SAUCER,2.0,1,,POINT (515008.2292479255 3897888.215948908),1,7th Street,35.22722,-80.83806,1
1759153,110526721,MAGNOLIA: SAUCER,2.0,1,,POINT (515012.8779981017 3897881.418875539),1,7th Street,35.22722,-80.83806,1
1759326,110526894,MULBERRY SPP,16.0,1,401 W WORTHINGTON AV,POINT (512341.60346828494 3896757.7752144267),7,East/West,35.21194,-80.85917,1
1759408,110526976,BLACKGUM: COMMON,4.0,1,W CATHERINE ST,POINT (513253.518994936 3897308.063280252),6,Bland,35.21583,-80.85528,1
1759409,110526977,BLACKGUM: COMMON,4.0,1,W CATHERINE ST,POINT (513240.73978822585 3897319.163530512),6,Bland,35.21583,-80.85528,1
1759425,110526993,BLACKGUM: COMMON,4.0,1,W CATHERINE ST,POINT (513231.5252897074 3897325.933801722),6,Bland,35.21583,-80.85528,1
1759426,110526994,BLACKGUM: COMMON,3.0,1,113 W CATHERINE ST,POINT (513225.38830580184 3897332.296012219),6,Bland,35.21583,-80.85528,1
1759467,110527035,HOPHORNBEAM,4.0,1,,POINT (514075.18078473327 3898424.1668019127),2,CTC/Arena,35.225,-80.84139,1
1759476,110527044,HOPHORNBEAM,99.0,1,212 S POPLAR ST,POINT (513931.37798333156 3898320.106530892),3,3rd St/Convention,35.22361,-80.84306,1
1759505,110527073,HOPHORNBEAM,99.0,1,213 S POPLAR ST,POINT (513948.3506790086 3898314.422416459),3,3rd St/Convention,35.22361,-80.84306,1
1759510,110527078,HOPHORNBEAM,4.0,1,300 W 3RD ST,POINT (513901.7599103235 3898295.76255614),3,3rd St/Convention,35.22361,-80.84306,1
1759511,110527079,HOPHORNBEAM,99.0,1,216 S POPLAR ST,POINT (513919.06847981695 3898309.5176032176),3,3rd St/Convention,35.22361,-80.84306,1
1759512,110527080,HOPHORNBEAM,99.0,1,300 W 3RD ST,POINT (513910.90341007913 3898302.33745779),3,3rd St/Convention,35.22361,-80.84306,1
1759513,110527081,HOPHORNBEAM,99.0,1,212 S POPLAR ST,POINT (513940.03115517943 3898327.652187223),3,3rd St/Convention,35.22361,-80.84306,1
1759862,110527430,SYCAMORE: AMERICAN,25.0,1,1816 WICKFORD PL,POINT (512366.1113152453 3896791.318368577),7,East/West,35.21194,-80.85917,1
1759899,110527467,CHERRYLAUREL: CAROLINA,5.0,1,401 E 7TH ST,POINT (514881.78164283064 3898208.9227807573),0,9th Street,35.2297,-80.835,0
1759899,110527467,CHERRYLAUREL: CAROLINA,5.0,1,401 E 7TH ST,POINT (514881.78164283064 3898208.9227807573),1,7th Street,35.22722,-80.83806,0
1759899,110527467,CHERRYLAUREL: CAROLINA,5.0,1,401 E 7TH ST,POINT (514881.78164283064 3898208.9227807573),2,CTC/Arena,35.225,-80.84139,0
1759900,110527468,CHERRYLAUREL: CAROLINA,6.0,1,401 E 7TH ST,POINT (514886.0387736174 3898206.0386552955),0,9th Street,35.2297,-80.835,0
1759900,110527468,CHERRYLAUREL: CAROLINA,6.0,1,401 E 7TH ST,POINT (514886.0387736174 3898206.0386552955),1,7th Street,35.22722,-80.83806,0
1759900,110527468,CHERRYLAUREL: CAROLINA,6.0,1,401 E 7TH ST,POINT (514886.0387736174 3898206.0386552955),2,CTC/Arena,35.225,-80.84139,0
1760030,110527598,CHERRY: BLACK,6.0,1,300 WESTWOOD AV,POINT (512755.1953456795 3897179.9207459097),6,Bland,35.21583,-80.85528,1
1760138,110527706,CHERRY: ORIENTAL 'SHIROTAE',5.0,1,,POINT (513912.9989283109 3897733.6184166395),3,3rd St/Convention,35.22361,-80.84306,1
1760138,110527706,CHERRY: ORIENTAL 'SHIROTAE',5.0,1,,POINT (513912.9989283109 3897733.6184166395),4,Brooklyn Village,35.22139,-80.84694,1
1760139,110527707,CHERRY: ORIENTAL 'SHIROTAE',7.0,1,,POINT (513912.030892658 3897728.1494784937),3,3rd St/Convention,35.22361,-80.84306,1
1760139,110527707,CHERRY: ORIENTAL 'SHIROTAE',7.0,1,,POINT (513912.030892658 3897728.1494784937),4,Brooklyn Village,35.22139,-80.84694,1
1760140,110527708,CHERRY: ORIENTAL 'SHIROTAE',13.0,1,,POINT (513911.5493434347 3897724.138645005),3,3rd St/Convention,35.22361,-80.84306,1
1760140,110527708,CHERRY: ORIENTAL 'SHIROTAE',13.0,1,,POINT (513911.5493434347 3897724.138645005),4,Brooklyn Village,35.22139,-80.84694,1
1760141,110527709,CHERRY: ORIENTAL 'SHIROTAE',10.0,1,,POINT (513912.1693211803 3897717.457786871),3,3rd St/Convention,35.22361,-80.84306,1
1760141,110527709,CHERRY: ORIENTAL 'SHIROTAE',10.0,1,,POINT (513912.1693211803 3897717.457786871),4,Brooklyn Village,35.22139,-80.84694,1
1760142,110527710,CHERRY: ORIENTAL 'SHIROTAE',13.0,1,,POINT (513914.73896063585 3897712.9658672507),3,3rd St/Convention,35.22361,-80.84306,1
1760142,110527710,CHERRY: ORIENTAL 'SHIROTAE',13.0,1,,POINT (513914.73896063585 3897712.9658672507),4,Brooklyn Village,35.22139,-80.84694,1
1760143,110527711,CHERRY: ORIENTAL 'SHIROTAE',11.0,1,,POINT (513917.6756595088 3897708.231560176),3,3rd St/Convention,35.22361,-80.84306,1
1760143,110527711,CHERRY: ORIENTAL 'SHIROTAE',11.0,1,,POINT (513917.6756595088 3897708.231560176),4,Brooklyn Village,35.22139,-80.84694,1
1760165,110527733,CHERRY: ORIENTAL 'SHIROTAE',7.0,1,,POINT (513959.67250738264 3897778.887946791),3,3rd St/Convention,35.22361,-80.84306,1
1760165,110527733,CHERRY: ORIENTAL 'SHIROTAE',7.0,1,,POINT (513959.67250738264 3897778.887946791),4,Brooklyn Village,35.22139,-80.84694,1
1760166,110527734,CHERRY: ORIENTAL 'SHIROTAE',6.0,1,,POINT (513917.9870003148 3897743.5882559633),3,3rd St/Convention,35.22361,-80.84306,1
1760166,110527734,CHERRY: ORIENTAL 'SHIROTAE',6.0,1,,POINT (513917.9870003148 3897743.5882559633),4,Brooklyn Village,35.22139,-80.84694,1
1760227,110527795,CHERRY: AUTUMNALIS,7.0,1,,POINT (514787.70215153083 3898481.227352105),0,9th Street,35.2297,-80.835,1
1760227,110527795,CHERRY: AUTUMNALIS,7.0,1,,POINT (514787.70215153083 3898481.227352105),1,7th Street,35.22722,-80.83806,1
1760228,110527796,CHERRY: AUTUMNALIS,9.0,1,E 8TH ST,POINT (514804.45251454075 3898461.9380656816),0,9th Street,35.2297,-80.835,1
1760228,110527796,CHERRY: AUTUMNALIS,9.0,1,E 8TH ST,POINT (514804.45251454075 3898461.9380656816),1,7th Street,35.22722,-80.83806,1
1760229,110527797,CHERRY: AUTUMNALIS,6.0,1,E 8TH ST,POINT (514807.8742219548 3898459.0281084315),0,9th Street,35.2297,-80.835,1
1760229,110527797,CHERRY: AUTUMNALIS,6.0,1,E 8TH ST,POINT (514807.8742219548 3898459.0281084315),1,7th Street,35.22722,-80.83806,1
1760230,110527798,CHERRY: AUTUMNALIS,10.0,1,,POINT (514832.3236598977 3898433.312589402),0,9th Street,35.2297,-80.835,1
1760230,110527798,CHERRY: AUTUMNALIS,10.0,1,,POINT (514832.3236598977 3898433.312589402),1,7th Street,35.22722,-80.83806,1
1760231,110527799,CHERRY: AUTUMNALIS,10.0,1,,POINT (514836.9666916067 3898429.7968825237),0,9th Street,35.2297,-80.835,1
1760231,110527799,CHERRY: AUTUMNALIS,10.0,1,,POINT (514836.9666916067 3898429.7968825237),1,7th Street,35.22722,-80.83806,1
1760232,110527800,CHERRY: AUTUMNALIS,12.0,1,,POINT (514839.5338847381 3898426.8855066597),0,9th Street,35.2297,-80.835,1
1760232,110527800,CHERRY: AUTUMNALIS,12.0,1,,POINT (514839.5338847381 3898426.8855066597),1,7th Street,35.22722,-80.83806,1
1760233,110527801,CHERRY: AUTUMNALIS,8.0,1,,POINT (514844.6679526912 3898421.9122916954),0,9th Street,35.2297,-80.835,1
1760233,110527801,CHERRY: AUTUMNALIS,8.0,1,,POINT (514844.6679526912 3898421.9122916954),1,7th Street,35.22722,-80.83806,1
1760234,110527802,CHERRY: AUTUMNALIS,10.0,1,,POINT (514847.72628200887 3898417.543409768),0,9th Street,35.2297,-80.835,1
1760234,110527802,CHERRY: AUTUMNALIS,10.0,1,,POINT (514847.72628200887 3898417.543409768),1,7th Street,35.22722,-80.83806,1
1760239,110527807,CHERRY: AUTUMNALIS,7.0,1,,POINT (514791.12677486474 3898476.4952755207),0,9th Street,35.2297,-80.835,1
1760239,110527807,CHERRY: AUTUMNALIS,7.0,1,,POINT (514791.12677486474 3898476.4952755207),1,7th Street,35.22722,-80.83806,1
1760240,110527808,CHERRY: AUTUMNALIS,6.0,1,,POINT (514797.3591568086 3898470.9172324566),0,9th Street,35.2297,-80.835,1
1760240,110527808,CHERRY: AUTUMNALIS,6.0,1,,POINT (514797.3591568086 3898470.9172324566),1,7th Street,35.22722,-80.83806,1
1760241,110527809,CHERRY: AUTUMNALIS,4.0,1,E 8TH ST,POINT (514800.78348610696 3898466.428033674),0,9th Street,35.2297,-80.835,1
1760241,110527809,CHERRY: AUTUMNALIS,4.0,1,E 8TH ST,POINT (514800.78348610696 3898466.428033674),1,7th Street,35.22722,-80.83806,1
1760380,110527948,CHERRY: YOSHINO,4.0,1,,POINT (514129.24672753725 3898135.5010231407),2,CTC/Arena,35.225,-80.84139,1
1760380,110527948,CHERRY: YOSHINO,4.0,1,,POINT (514129.24672753725 3898135.5010231407),3,3rd St/Convention,35.22361,-80.84306,1
1760381,110527949,CHERRY: YOSHINO,6.0,1,,POINT (514140.31787413557 3898121.511547629),2,CTC/Arena,35.225,-80.84139,1
1760381,110527949,CHERRY: YOSHINO,6.0,1,,POINT (514140.31787413557 3898121.511547629),3,3rd St/Convention,35.22361,-80.84306,1
1760382,110527950,CHERRY: YOSHINO,12.0,1,,POINT (514030.2790572569 3898051.8796274234),2,CTC/Arena,35.225,-80.84139,1
1760382,110527950,CHERRY: YOSHINO,12.0,1,,POINT (514030.2790572569 3898051.8796274234),3,3rd St/Convention,35.22361,-80.84306,1
1760382,110527950,CHERRY: YOSHINO,12.0,1,,POINT (514030.2790572569 3898051.8796274234),4,Brooklyn Village,35.22139,-80.84694,1
1760437,110528005,CHERRY: YOSHINO,10.0,1,,POINT (515103.37839936477 3898437.5432119654),0,9th Street,35.2297,-80.835,1
1760437,110528005,CHERRY: YOSHINO,10.0,1,,POINT (515103.37839936477 3898437.5432119654),1,7th Street,35.22722,-80.83806,1
1760438,110528006,CHERRY: YOSHINO,13.0,1,,POINT (515109.1787997528 3898441.767109076),0,9th Street,35.2297,-80.835,1
1760438,110528006,CHERRY: YOSHINO,13.0,1,,POINT (515109.1787997528 3898441.767109076),1,7th Street,35.22722,-80.83806,1
1760439,110528007,CHERRY: YOSHINO,10.0,1,,POINT (515122.86510288366 3898455.145797397),0,9th Street,35.2297,-80.835,1
1760439,110528007,CHERRY: YOSHINO,10.0,1,,POINT (515122.86510288366 3898455.145797397),1,7th Street,35.22722,-80.83806,1
1760440,110528008,CHERRY: YOSHINO,12.0,1,,POINT (515129.25990952627 3898460.8512730543),0,9th Street,35.2297,-80.835,1
1760440,110528008,CHERRY: YOSHINO,12.0,1,,POINT (515129.25990952627 3898460.8512730543),1,7th Street,35.22722,-80.83806,1
1760441,110528009,CHERRY: YOSHINO,10.0,1,,POINT (515133.053909619 3898464.476380877),0,9th Street,35.2297,-80.835,1
1760441,110528009,CHERRY: YOSHINO,10.0,1,,POINT (515133.053909619 3898464.476380877),1,7th Street,35.22722,-80.83806,1
1760442,110528010,CHERRY: YOSHINO,6.0,1,,POINT (514891.77368172054 3897896.660305191),1,7th Street,35.22722,-80.83806,1
1760442,110528010,CHERRY: YOSHINO,6.0,1,,POINT (514891.77368172054 3897896.660305191),2,CTC/Arena,35.225,-80.84139,1
1760446,110528014,CHERRY: YOSHINO,4.0,1,,POINT (514390.8012993084 3898122.4280602224),1,7th Street,35.22722,-80.83806,1
1760446,110528014,CHERRY: YOSHINO,4.0,1,,POINT (514390.8012993084 3898122.4280602224),2,CTC/Arena,35.225,-80.84139,1
1760446,110528014,CHERRY: YOSHINO,4.0,1,,POINT (514390.8012993084 3898122.4280602224),3,3rd St/Convention,35.22361,-80.84306,1
1760447,110528015,CHERRY: YOSHINO,4.0,1,,POINT (514367.0001777959 3898124.0914531406),1,7th Street,35.22722,-80.83806,1
1760447,110528015,CHERRY: YOSHINO,4.0,1,,POINT (514367.0001777959 3898124.0914531406),2,CTC/Arena,35.225,-80.84139,1
1760447,110528015,CHERRY: YOSHINO,4.0,1,,POINT (514367.0001777959 3898124.0914531406),3,3rd St/Convention,35.22361,-80.84306,1
1760448,110528016,CHERRY: YOSHINO,9.0,1,,POINT (514104.4406007351 3898114.731570743),2,CTC/Arena,35.225,-80.84139,1
1760448,110528016,CHERRY: YOSHINO,9.0,1,,POINT (514104.4406007351 3898114.731570743),3,3rd St/Convention,35.22361,-80.84306,1
1760449,110528017,CHERRY: YOSHINO,8.0,1,,POINT (514140.9281891054 3898145.5036347397),2,CTC/Arena,35.225,-80.84139,1
1760449,110528017,CHERRY: YOSHINO,8.0,1,,POINT (514140.9281891054 3898145.5036347397),3,3rd St/Convention,35.22361,-80.84306,1
1760450,110528018,CHERRY: YOSHINO,4.0,1,,POINT (514410.513207767 3898375.610585064),1,7th Street,35.22722,-80.83806,1
1760450,110528018,CHERRY: YOSHINO,4.0,1,,POINT (514410.513207767 3898375.610585064),2,CTC/Arena,35.225,-80.84139,1
1760451,110528019,CHERRY: YOSHINO,4.0,1,,POINT (514421.54677503003 3898385.287565185),1,7th Street,35.22722,-80.83806,1
1760451,110528019,CHERRY: YOSHINO,4.0,1,,POINT (514421.54677503003 3898385.287565185),2,CTC/Arena,35.225,-80.84139,1
1760452,110528020,CHERRY: YOSHINO,4.0,1,,POINT (514433.96390832245 3898395.7953688484),1,7th Street,35.22722,-80.83806,1
1760452,110528020,CHERRY: YOSHINO,4.0,1,,POINT (514433.96390832245 3898395.7953688484),2,CTC/Arena,35.225,-80.84139,1
1760453,110528021,CHERRY: YOSHINO,4.0,1,,POINT (514443.54564240767 3898403.965195363),1,7th Street,35.22722,-80.83806,1
1760453,110528021,CHERRY: YOSHINO,4.0,1,,POINT (514443.54564240767 3898403.965195363),2,CTC/Arena,35.225,-80.84139,1
1760454,110528022,CHERRY: YOSHINO,4.0,1,,POINT (514455.4893115067 3898391.3316094694),1,7th Street,35.22722,-80.83806,1
1760454,110528022,CHERRY: YOSHINO,4.0,1,,POINT (514455.4893115067 3898391.3316094694),2,CTC/Arena,35.225,-80.84139,1
1760455,110528023,CHERRY: YOSHINO,4.0,1,,POINT (514433.20239985915 3898371.2129717697),1,7th Street,35.22722,-80.83806,1
1760455,110528023,CHERRY: YOSHINO,4.0,1,,POINT (514433.20239985915 3898371.2129717697),2,CTC/Arena,35.225,-80.84139,1
1760456,110528024,CHERRY: YOSHINO,4.0,1,,POINT (514422.33391620143 3898362.4543565987),1,7th Street,35.22722,-80.83806,1
1760456,110528024,CHERRY: YOSHINO,4.0,1,,POINT (514422.33391620143 3898362.4543565987),2,CTC/Arena,35.225,-80.84139,1
1760457,110528025,CHERRY: YOSHINO,6.0,1,,POINT (514149.2168246272 3898130.17908082),2,CTC/Arena,35.225,-80.84139,1
1760457,110528025,CHERRY: YOSHINO,6.0,1,,POINT (514149.2168246272 3898130.17908082),3,3rd St/Convention,35.22361,-80.84306,1
1760458,110528026,CHERRY: YOSHINO,9.0,1,,POINT (514125.86826011655 3898108.4835606404),2,CTC/Arena,35.225,-80.84139,1
1760458,110528026,CHERRY: YOSHINO,9.0,1,,POINT (514125.86826011655 3898108.4835606404),3,3rd St/Convention,35.22361,-80.84306,1
1760459,110528027,CHERRY: YOSHINO,7.0,1,,POINT (514116.6857372089 3898101.279615275),2,CTC/Arena,35.225,-80.84139,1
1760459,110528027,CHERRY: YOSHINO,7.0,1,,POINT (514116.6857372089 3898101.279615275),3,3rd St/Convention,35.22361,-80.84306,1
1760460,110528028,CHERRY: YOSHINO,14.0,1,,POINT (513908.7195689907 3897738.593452854),3,3rd St/Convention,35.22361,-80.84306,1
1760460,110528028,CHERRY: YOSHINO,14.0,1,,POINT (513908.7195689907 3897738.593452854),4,Brooklyn Village,35.22139,-80.84694,1
1760461,110528029,CHERRY: YOSHINO,9.0,1,,POINT (514005.65802009177 3898031.7949599596),2,CTC/Arena,35.225,-80.84139,1
1760461,110528029,CHERRY: YOSHINO,9.0,1,,POINT (514005.65802009177 3898031.7949599596),3,3rd St/Convention,35.22361,-80.84306,1
1760461,110528029,CHERRY: YOSHINO,9.0,1,,POINT (514005.65802009177 3898031.7949599596),4,Brooklyn Village,35.22139,-80.84694,1
1760462,110528030,CHERRY: YOSHINO,10.0,1,,POINT (514016.42601649 3898041.3025975595),2,CTC/Arena,35.225,-80.84139,1
1760462,110528030,CHERRY: YOSHINO,10.0,1,,POINT (514016.42601649 3898041.3025975595),3,3rd St/Convention,35.22361,-80.84306,1
1760462,110528030,CHERRY: YOSHINO,10.0,1,,POINT (514016.42601649 3898041.3025975595),4,Brooklyn Village,35.22139,-80.84694,1
1760463,110528031,CHERRY: YOSHINO,2.0,1,,POINT (514037.86885115143 3898058.167240313),2,CTC/Arena,35.225,-80.84139,1
1760463,110528031,CHERRY: YOSHINO,2.0,1,,POINT (514037.86885115143 3898058.167240313),3,3rd St/Convention,35.22361,-80.84306,1
1760463,110528031,CHERRY: YOSHINO,2.0,1,,POINT (514037.86885115143 3898058.167240313),4,Brooklyn Village,35.22139,-80.84694,1
1760464,110528032,CHERRY: YOSHINO,8.0,1,,POINT (514050.17902689456 3898047.2937223725),2,CTC/Arena,35.225,-80.84139,1
1760464,110528032,CHERRY: YOSHINO,8.0,1,,POINT (514050.17902689456 3898047.2937223725),3,3rd St/Convention,35.22361,-80.84306,1
1760465,110528033,CHERRY: YOSHINO,12.0,1,,POINT (514028.605528375 3898029.643599554),2,CTC/Arena,35.225,-80.84139,1
1760465,110528033,CHERRY: YOSHINO,12.0,1,,POINT (514028.605528375 3898029.643599554),3,3rd St/Convention,35.22361,-80.84306,1
1760465,110528033,CHERRY: YOSHINO,12.0,1,,POINT (514028.605528375 3898029.643599554),4,Brooklyn Village,35.22139,-80.84694,1
1760466,110528034,CHERRY: YOSHINO,10.0,1,,POINT (514041.52083450474 3898038.766431601),2,CTC/Arena,35.225,-80.84139,1
1760466,110528034,CHERRY: YOSHINO,10.0,1,,POINT (514041.52083450474 3898038.766431601),3,3rd St/Convention,35.22361,-80.84306,1
1760466,110528034,CHERRY: YOSHINO,10.0,1,,POINT (514041.52083450474 3898038.766431601),4,Brooklyn Village,35.22139,-80.84694,1
1760467,110528035,CHERRY: YOSHINO,10.0,1,,POINT (514017.3376520235 3898019.685019632),2,CTC/Arena,35.225,-80.84139,1
1760467,110528035,CHERRY: YOSHINO,10.0,1,,POINT (514017.3376520235 3898019.685019632),3,3rd St/Convention,35.22361,-80.84306,1
1760467,110528035,CHERRY: YOSHINO,10.0,1,,POINT (514017.3376520235 3898019.685019632),4,Brooklyn Village,35.22139,-80.84694,1
1760468,110528036,CHERRY: YOSHINO,7.0,1,,POINT (513951.09432029125 3897963.5554814627),3,3rd St/Convention,35.22361,-80.84306,1
1760468,110528036,CHERRY: YOSHINO,7.0,1,,POINT (513951.09432029125 3897963.5554814627),4,Brooklyn Village,35.22139,-80.84694,1
1760469,110528037,CHERRY: YOSHINO,7.0,1,,POINT (513941.26714552665 3897954.5994649283),3,3rd St/Convention,35.22361,-80.84306,1
1760469,110528037,CHERRY: YOSHINO,7.0,1,,POINT (513941.26714552665 3897954.5994649283),4,Brooklyn Village,35.22139,-80.84694,1
1760470,110528038,CHERRY: YOSHINO,7.0,1,,POINT (513915.44816018594 3897934.4467646913),3,3rd St/Convention,35.22361,-80.84306,1
1760470,110528038,CHERRY: YOSHINO,7.0,1,,POINT (513915.44816018594 3897934.4467646913),4,Brooklyn Village,35.22139,-80.84694,1
1760471,110528039,CHERRY: YOSHINO,6.0,1,,POINT (513929.25350998726 3897968.492355002),3,3rd St/Convention,35.22361,-80.84306,1
1760471,110528039,CHERRY: YOSHINO,6.0,1,,POINT (513929.25350998726 3897968.492355002),4,Brooklyn Village,35.22139,-80.84694,1
1760472,110528040,CHERRY: YOSHINO,5.0,1,,POINT (513939.0309473561 3897976.646423258),3,3rd St/Convention,35.22361,-80.84306,1
1760472,110528040,CHERRY: YOSHINO,5.0,1,,POINT (513939.0309473561 3897976.646423258),4,Brooklyn Village,35.22139,-80.84694,1
1760477,110528045,CHERRY: YOSHINO,7.0,1,,POINT (514707.61598903936 3898944.0847333525),0,9th Street,35.2297,-80.835,1
1760478,110528046,CHERRY: YOSHINO,6.0,1,,POINT (514740.60948438785 3898913.554206961),0,9th Street,35.2297,-80.835,1
1760479,110528047,CHERRY: YOSHINO,7.0,1,701 N CHURCH ST #1,POINT (514767.2630203675 3898885.6828495082),0,9th Street,35.2297,-80.835,1
1760487,110528055,CHERRY: YOSHINO,13.0,1,1514 S CHURCH ST #103,POINT (512871.7137026009 3897210.3406270253),6,Bland,35.21583,-80.85528,1
1760488,110528056,CHERRY: YOSHINO,12.0,1,1514 S CHURCH ST #103,POINT (512868.16671222204 3897215.682094031),6,Bland,35.21583,-80.85528,1
1760489,110528057,CHERRY: YOSHINO,12.0,1,1514 S CHURCH ST #103,POINT (512863.03326301905 3897220.535526963),6,Bland,35.21583,-80.85528,1
1760490,110528058,CHERRY: YOSHINO,12.0,1,SOUTHWOOD AV,POINT (512858.14555655955 3897224.7805527383),6,Bland,35.21583,-80.85528,1
1760491,110528059,CHERRY: YOSHINO,14.0,1,SOUTHWOOD AV,POINT (512846.7785517798 3897235.578277632),6,Bland,35.21583,-80.85528,1
1760602,110528170,CHERRY: YOSHINO,12.0,1,,POINT (513920.0546089533 3897748.330299448),3,3rd St/Convention,35.22361,-80.84306,1
1760602,110528170,CHERRY: YOSHINO,12.0,1,,POINT (513920.0546089533 3897748.330299448),4,Brooklyn Village,35.22139,-80.84694,1
1760622,110528190,PEAR: CALLERY,21.0,1,,POINT (512644.40549829794 3897067.9774159663),6,Bland,35.21583,-80.85528,1
1760639,110528207,PEAR: CALLERY,19.0,1,,POINT (512651.49045361055 3897063.6133728726),6,Bland,35.21583,-80.85528,1
1760940,110528498,OAK: SAWTOOTH,8.0,1,,POINT (514266.44771912816 3898040.950686893),2,CTC/Arena,35.225,-80.84139,1
1760940,110528498,OAK: SAWTOOTH,8.0,1,,POINT (514266.44771912816 3898040.950686893),3,3rd St/Convention,35.22361,-80.84306,1
1760941,110528499,OAK: SAWTOOTH,5.0,1,,POINT (514257.6788705648 3898029.394269201),2,CTC/Arena,35.225,-80.84139,1
1760941,110528499,OAK: SAWTOOTH,5.0,1,,POINT (514257.6788705648 3898029.394269201),3,3rd St/Convention,35.22361,-80.84306,1
1760942,110528500,OAK: SAWTOOTH,5.0,1,201 S COLLEGE ST,POINT (514247.31930630654 3898020.752102926),2,CTC/Arena,35.225,-80.84139,1
1760942,110528500,OAK: SAWTOOTH,5.0,1,201 S COLLEGE ST,POINT (514247.31930630654 3898020.752102926),3,3rd St/Convention,35.22361,-80.84306,1
1760943,110528501,OAK: SAWTOOTH,5.0,1,201 S COLLEGE ST,POINT (514237.08139487996 3898012.2309799036),2,CTC/Arena,35.225,-80.84139,1
1760943,110528501,OAK: SAWTOOTH,5.0,1,201 S COLLEGE ST,POINT (514237.08139487996 3898012.2309799036),3,3rd St/Convention,35.22361,-80.84306,1
1760944,110528502,OAK: SAWTOOTH,7.0,1,,POINT (514215.14118095994 3897994.7018591007),2,CTC/Arena,35.225,-80.84139,1
1760944,110528502,OAK: SAWTOOTH,7.0,1,,POINT (514215.14118095994 3897994.7018591007),3,3rd St/Convention,35.22361,-80.84306,1
1760944,110528502,OAK: SAWTOOTH,7.0,1,,POINT (514215.14118095994 3897994.7018591007),4,Brooklyn Village,35.22139,-80.84694,1
1760945,110528503,OAK: SAWTOOTH,7.0,1,,POINT (514205.75475630857 3897987.5185039844),2,CTC/Arena,35.225,-80.84139,1
1760945,110528503,OAK: SAWTOOTH,7.0,1,,POINT (514205.75475630857 3897987.5185039844),3,3rd St/Convention,35.22361,-80.84306,1
1760945,110528503,OAK: SAWTOOTH,7.0,1,,POINT (514205.75475630857 3897987.5185039844),4,Brooklyn Village,35.22139,-80.84694,1
1760946,110528504,OAK: SAWTOOTH,11.0,1,,POINT (514197.22392961435 3897979.6078381157),2,CTC/Arena,35.225,-80.84139,1
1760946,110528504,OAK: SAWTOOTH,11.0,1,,POINT (514197.22392961435 3897979.6078381157),3,3rd St/Convention,35.22361,-80.84306,1
1760946,110528504,OAK: SAWTOOTH,11.0,1,,POINT (514197.22392961435 3897979.6078381157),4,Brooklyn Village,35.22139,-80.84694,1
1760949,110528507,OAK: SAWTOOTH,20.0,1,,POINT (514507.1457262342 3898249.6963862833),1,7th Street,35.22722,-80.83806,1
1760949,110528507,OAK: SAWTOOTH,20.0,1,,POINT (514507.1457262342 3898249.6963862833),2,CTC/Arena,35.225,-80.84139,1
1760949,110528507,OAK: SAWTOOTH,20.0,1,,POINT (514507.1457262342 3898249.6963862833),3,3rd St/Convention,35.22361,-80.84306,1
1760950,110528508,OAK: SAWTOOTH,25.0,1,,POINT (515005.5419736041 3898698.322269812),0,9th Street,35.2297,-80.835,1
1760951,110528509,OAK: SAWTOOTH,20.0,1,,POINT (513909.5401210869 3897760.7071998315),3,3rd St/Convention,35.22361,-80.84306,1
1760951,110528509,OAK: SAWTOOTH,20.0,1,,POINT (513909.5401210869 3897760.7071998315),4,Brooklyn Village,35.22139,-80.84694,1
1760952,110528510,OAK: SAWTOOTH,20.0,1,,POINT (513923.1924361619 3897771.420174075),3,3rd St/Convention,35.22361,-80.84306,1
1760952,110528510,OAK: SAWTOOTH,20.0,1,,POINT (513923.1924361619 3897771.420174075),4,Brooklyn Village,35.22139,-80.84694,1
1760955,110528513,OAK: SAWTOOTH,22.0,1,,POINT (514084.202815813 3897907.504095786),2,CTC/Arena,35.225,-80.84139,1
1760955,110528513,OAK: SAWTOOTH,22.0,1,,POINT (514084.202815813 3897907.504095786),3,3rd St/Convention,35.22361,-80.84306,1
1760955,110528513,OAK: SAWTOOTH,22.0,1,,POINT (514084.202815813 3897907.504095786),4,Brooklyn Village,35.22139,-80.84694,1
1760956,110528514,OAK: SAWTOOTH,20.0,1,,POINT (514094.6859414841 3897915.9045672244),2,CTC/Arena,35.225,-80.84139,1
1760956,110528514,OAK: SAWTOOTH,20.0,1,,POINT (514094.6859414841 3897915.9045672244),3,3rd St/Convention,35.22361,-80.84306,1
1760956,110528514,OAK: SAWTOOTH,20.0,1,,POINT (514094.6859414841 3897915.9045672244),4,Brooklyn Village,35.22139,-80.84694,1
1760957,110528515,OAK: SAWTOOTH,26.0,1,,POINT (514149.40915632725 3897963.130672585),2,CTC/Arena,35.225,-80.84139,1
1760957,110528515,OAK: SAWTOOTH,26.0,1,,POINT (514149.40915632725 3897963.130672585),3,3rd St/Convention,35.22361,-80.84306,1
1760957,110528515,OAK: SAWTOOTH,26.0,1,,POINT (514149.40915632725 3897963.130672585),4,Brooklyn Village,35.22139,-80.84694,1
1760961,110528519,OAK: SAWTOOTH,6.0,1,,POINT (514402.678766466 3898174.3253130843),1,7th Street,35.22722,-80.83806,1
1760961,110528519,OAK: SAWTOOTH,6.0,1,,POINT (514402.678766466 3898174.3253130843),2,CTC/Arena,35.225,-80.84139,1
1760961,110528519,OAK: SAWTOOTH,6.0,1,,POINT (514402.678766466 3898174.3253130843),3,3rd St/Convention,35.22361,-80.84306,1
1760962,110528520,OAK: SAWTOOTH,5.0,1,N COLLEGE ST,POINT (514435.4587791757 3898204.508211654),1,7th Street,35.22722,-80.83806,1
1760962,110528520,OAK: SAWTOOTH,5.0,1,N COLLEGE ST,POINT (514435.4587791757 3898204.508211654),2,CTC/Arena,35.225,-80.84139,1
1760962,110528520,OAK: SAWTOOTH,5.0,1,N COLLEGE ST,POINT (514435.4587791757 3898204.508211654),3,3rd St/Convention,35.22361,-80.84306,1
1760963,110528521,OAK: SAWTOOTH,5.0,1,,POINT (514448.2575279959 3898214.3688474176),1,7th Street,35.22722,-80.83806,1
1760963,110528521,OAK: SAWTOOTH,5.0,1,,POINT (514448.2575279959 3898214.3688474176),2,CTC/Arena,35.225,-80.84139,1
1760963,110528521,OAK: SAWTOOTH,5.0,1,,POINT (514448.2575279959 3898214.3688474176),3,3rd St/Convention,35.22361,-80.84306,1
1760964,110528522,OAK: SAWTOOTH,9.0,1,,POINT (514456.9104898958 3898221.9151001284),1,7th Street,35.22722,-80.83806,1
1760964,110528522,OAK: SAWTOOTH,9.0,1,,POINT (514456.9104898958 3898221.9151001284),2,CTC/Arena,35.225,-80.84139,1
1760964,110528522,OAK: SAWTOOTH,9.0,1,,POINT (514456.9104898958 3898221.9151001284),3,3rd St/Convention,35.22361,-80.84306,1
1760965,110528523,OAK: SAWTOOTH,7.0,1,,POINT (514494.4506186004 3898251.8630326632),1,7th Street,35.22722,-80.83806,1
1760965,110528523,OAK: SAWTOOTH,7.0,1,,POINT (514494.4506186004 3898251.8630326632),2,CTC/Arena,35.225,-80.84139,1
1760965,110528523,OAK: SAWTOOTH,7.0,1,,POINT (514494.4506186004 3898251.8630326632),3,3rd St/Convention,35.22361,-80.84306,1
1760966,110528524,OAK: SAWTOOTH,9.0,1,,POINT (514504.44273168733 3898261.2335474887),1,7th Street,35.22722,-80.83806,1
1760966,110528524,OAK: SAWTOOTH,9.0,1,,POINT (514504.44273168733 3898261.2335474887),2,CTC/Arena,35.225,-80.84139,1
1760966,110528524,OAK: SAWTOOTH,9.0,1,,POINT (514504.44273168733 3898261.2335474887),3,3rd St/Convention,35.22361,-80.84306,1
1760967,110528525,OAK: SAWTOOTH,9.0,1,,POINT (514511.51052183524 3898267.562840555),1,7th Street,35.22722,-80.83806,1
1760967,110528525,OAK: SAWTOOTH,9.0,1,,POINT (514511.51052183524 3898267.562840555),2,CTC/Arena,35.225,-80.84139,1
1760967,110528525,OAK: SAWTOOTH,9.0,1,,POINT (514511.51052183524 3898267.562840555),3,3rd St/Convention,35.22361,-80.84306,1
1760968,110528526,OAK: SAWTOOTH,6.0,1,,POINT (514517.72548130335 3898273.405181591),1,7th Street,35.22722,-80.83806,1
1760968,110528526,OAK: SAWTOOTH,6.0,1,,POINT (514517.72548130335 3898273.405181591),2,CTC/Arena,35.225,-80.84139,1
1760968,110528526,OAK: SAWTOOTH,6.0,1,,POINT (514517.72548130335 3898273.405181591),3,3rd St/Convention,35.22361,-80.84306,1
1760969,110528527,OAK: SAWTOOTH,5.0,1,,POINT (514525.7672106071 3898281.1933020176),1,7th Street,35.22722,-80.83806,1
1760969,110528527,OAK: SAWTOOTH,5.0,1,,POINT (514525.7672106071 3898281.1933020176),2,CTC/Arena,35.225,-80.84139,1
1760970,110528528,OAK: SAWTOOTH,5.0,1,,POINT (514534.6642420184 3898288.4970894195),1,7th Street,35.22722,-80.83806,1
1760970,110528528,OAK: SAWTOOTH,5.0,1,,POINT (514534.6642420184 3898288.4970894195),2,CTC/Arena,35.225,-80.84139,1
1760971,110528529,OAK: SAWTOOTH,6.0,1,,POINT (514561.2308238369 3898311.9876371715),0,9th Street,35.2297,-80.835,1
1760971,110528529,OAK: SAWTOOTH,6.0,1,,POINT (514561.2308238369 3898311.9876371715),1,7th Street,35.22722,-80.83806,1
1760971,110528529,OAK: SAWTOOTH,6.0,1,,POINT (514561.2308238369 3898311.9876371715),2,CTC/Arena,35.225,-80.84139,1
1760972,110528530,OAK: SAWTOOTH,5.0,1,,POINT (514564.3988660623 3898315.1511619026),0,9th Street,35.2297,-80.835,1
1760972,110528530,OAK: SAWTOOTH,5.0,1,,POINT (514564.3988660623 3898315.1511619026),1,7th Street,35.22722,-80.83806,1
1760972,110528530,OAK: SAWTOOTH,5.0,1,,POINT (514564.3988660623 3898315.1511619026),2,CTC/Arena,35.225,-80.84139,1
1760973,110528531,OAK: SAWTOOTH,16.0,1,,POINT (514558.21286254434 3898291.936367759),1,7th Street,35.22722,-80.83806,1
1760973,110528531,OAK: SAWTOOTH,16.0,1,,POINT (514558.21286254434 3898291.936367759),2,CTC/Arena,35.225,-80.84139,1
1760974,110528532,OAK: SAWTOOTH,13.0,1,,POINT (514551.99693484546 3898286.702866306),1,7th Street,35.22722,-80.83806,1
1760974,110528532,OAK: SAWTOOTH,13.0,1,,POINT (514551.99693484546 3898286.702866306),2,CTC/Arena,35.225,-80.84139,1
1760975,110528533,OAK: SAWTOOTH,12.0,1,,POINT (514540.54108424176 3898277.085973199),1,7th Street,35.22722,-80.83806,1
1760975,110528533,OAK: SAWTOOTH,12.0,1,,POINT (514540.54108424176 3898277.085973199),2,CTC/Arena,35.225,-80.84139,1
1760976,110528534,OAK: SAWTOOTH,16.0,1,,POINT (514534.93436394504 3898272.2173230075),1,7th Street,35.22722,-80.83806,1
1760976,110528534,OAK: SAWTOOTH,16.0,1,,POINT (514534.93436394504 3898272.2173230075),2,CTC/Arena,35.225,-80.84139,1
1760977,110528535,OAK: SAWTOOTH,12.0,1,,POINT (514529.3274992922 3898267.956329213),1,7th Street,35.22722,-80.83806,1
1760977,110528535,OAK: SAWTOOTH,12.0,1,,POINT (514529.3274992922 3898267.956329213),2,CTC/Arena,35.225,-80.84139,1
1760977,110528535,OAK: SAWTOOTH,12.0,1,,POINT (514529.3274992922 3898267.956329213),3,3rd St/Convention,35.22361,-80.84306,1
1760978,110528536,OAK: SAWTOOTH,11.0,1,,POINT (514523.9653317324 3898263.694666165),1,7th Street,35.22722,-80.83806,1
1760978,110528536,OAK: SAWTOOTH,11.0,1,,POINT (514523.9653317324 3898263.694666165),2,CTC/Arena,35.225,-80.84139,1
1760978,110528536,OAK: SAWTOOTH,11.0,1,,POINT (514523.9653317324 3898263.694666165),3,3rd St/Convention,35.22361,-80.84306,1
1760979,110528537,OAK: SAWTOOTH,13.0,1,,POINT (514517.870442697 3898259.0692630513),1,7th Street,35.22722,-80.83806,1
1760979,110528537,OAK: SAWTOOTH,13.0,1,,POINT (514517.870442697 3898259.0692630513),2,CTC/Arena,35.225,-80.84139,1
1760979,110528537,OAK: SAWTOOTH,13.0,1,,POINT (514517.870442697 3898259.0692630513),3,3rd St/Convention,35.22361,-80.84306,1
1760980,110528538,OAK: SAWTOOTH,15.0,1,,POINT (514513.1185443164 3898254.4448213726),1,7th Street,35.22722,-80.83806,1
1760980,110528538,OAK: SAWTOOTH,15.0,1,,POINT (514513.1185443164 3898254.4448213726),2,CTC/Arena,35.225,-80.84139,1
1760980,110528538,OAK: SAWTOOTH,15.0,1,,POINT (514513.1185443164 3898254.4448213726),3,3rd St/Convention,35.22361,-80.84306,1
1760981,110528539,OAK: SAWTOOTH,18.0,1,,POINT (514500.44164998963 3898244.705132518),1,7th Street,35.22722,-80.83806,1
1760981,110528539,OAK: SAWTOOTH,18.0,1,,POINT (514500.44164998963 3898244.705132518),2,CTC/Arena,35.225,-80.84139,1
1760981,110528539,OAK: SAWTOOTH,18.0,1,,POINT (514500.44164998963 3898244.705132518),3,3rd St/Convention,35.22361,-80.84306,1
1760982,110528540,OAK: SAWTOOTH,19.0,1,,POINT (514977.7604521906 3898673.0063552954),0,9th Street,35.2297,-80.835,1
1760983,110528541,OAK: SAWTOOTH,12.0,1,,POINT (514314.31570638256 3898101.044700349),1,7th Street,35.22722,-80.83806,1
1760983,110528541,OAK: SAWTOOTH,12.0,1,,POINT (514314.31570638256 3898101.044700349),2,CTC/Arena,35.225,-80.84139,1
1760983,110528541,OAK: SAWTOOTH,12.0,1,,POINT (514314.31570638256 3898101.044700349),3,3rd St/Convention,35.22361,-80.84306,1
1760984,110528542,OAK: SAWTOOTH,13.0,1,,POINT (514319.3126637263 3898104.940828291),1,7th Street,35.22722,-80.83806,1
1760984,110528542,OAK: SAWTOOTH,13.0,1,,POINT (514319.3126637263 3898104.940828291),2,CTC/Arena,35.225,-80.84139,1
1760984,110528542,OAK: SAWTOOTH,13.0,1,,POINT (514319.3126637263 3898104.940828291),3,3rd St/Convention,35.22361,-80.84306,1
1760986,110528544,OAK: SAWTOOTH,13.0,1,,POINT (514354.29354396014 3898133.425686871),1,7th Street,35.22722,-80.83806,1
1760986,110528544,OAK: SAWTOOTH,13.0,1,,POINT (514354.29354396014 3898133.425686871),2,CTC/Arena,35.225,-80.84139,1
1760986,110528544,OAK: SAWTOOTH,13.0,1,,POINT (514354.29354396014 3898133.425686871),3,3rd St/Convention,35.22361,-80.84306,1
1760987,110528545,OAK: SAWTOOTH,13.0,1,,POINT (513864.4873122686 3897692.7191574494),3,3rd St/Convention,35.22361,-80.84306,1
1760987,110528545,OAK: SAWTOOTH,13.0,1,,POINT (513864.4873122686 3897692.7191574494),4,Brooklyn Village,35.22139,-80.84694,1
1760988,110528546,OAK: SAWTOOTH,14.0,1,,POINT (513866.7904312663 3897702.928878528),3,3rd St/Convention,35.22361,-80.84306,1
1760988,110528546,OAK: SAWTOOTH,14.0,1,,POINT (513866.7904312663 3897702.928878528),4,Brooklyn Village,35.22139,-80.84694,1
1760989,110528547,OAK: SAWTOOTH,10.0,1,,POINT (513829.3823366073 3897663.5051571876),3,3rd St/Convention,35.22361,-80.84306,1
1760989,110528547,OAK: SAWTOOTH,10.0,1,,POINT (513829.3823366073 3897663.5051571876),4,Brooklyn Village,35.22139,-80.84694,1
1760990,110528548,OAK: SAWTOOTH,4.0,1,,POINT (513826.3238871405 3897668.1183189945),3,3rd St/Convention,35.22361,-80.84306,1
1760990,110528548,OAK: SAWTOOTH,4.0,1,,POINT (513826.3238871405 3897668.1183189945),4,Brooklyn Village,35.22139,-80.84694,1
1760991,110528549,OAK: SAWTOOTH,4.0,1,,POINT (513811.8174625635 3897656.917368089),4,Brooklyn Village,35.22139,-80.84694,1
1760992,110528550,OAK: SAWTOOTH,4.0,1,,POINT (513797.7976284716 3897646.5688647153),4,Brooklyn Village,35.22139,-80.84694,1
1760992,110528550,OAK: SAWTOOTH,4.0,1,,POINT (513797.7976284716 3897646.5688647153),5,Carson,35.21889,-80.85083,1
1760993,110528551,OAK: SAWTOOTH,12.0,1,,POINT (513931.2347580484 3897779.4517871165),3,3rd St/Convention,35.22361,-80.84306,1
1760993,110528551,OAK: SAWTOOTH,12.0,1,,POINT (513931.2347580484 3897779.4517871165),4,Brooklyn Village,35.22139,-80.84694,1
1760994,110528552,OAK: SAWTOOTH,16.0,1,,POINT (513941.22929924773 3897787.9722046363),3,3rd St/Convention,35.22361,-80.84306,1
1760994,110528552,OAK: SAWTOOTH,16.0,1,,POINT (513941.22929924773 3897787.9722046363),4,Brooklyn Village,35.22139,-80.84694,1
1760995,110528553,OAK: SAWTOOTH,10.0,1,,POINT (513962.92609799514 3897805.865093125),3,3rd St/Convention,35.22361,-80.84306,1
1760995,110528553,OAK: SAWTOOTH,10.0,1,,POINT (513962.92609799514 3897805.865093125),4,Brooklyn Village,35.22139,-80.84694,1
1760996,110528554,OAK: SAWTOOTH,16.0,1,,POINT (513976.6996015927 3897817.550944306),3,3rd St/Convention,35.22361,-80.84306,1
1760996,110528554,OAK: SAWTOOTH,16.0,1,,POINT (513976.6996015927 3897817.550944306),4,Brooklyn Village,35.22139,-80.84694,1
1760997,110528555,OAK: SAWTOOTH,8.0,1,,POINT (513982.79198800446 3897823.6354971984),3,3rd St/Convention,35.22361,-80.84306,1
1760997,110528555,OAK: SAWTOOTH,8.0,1,,POINT (513982.79198800446 3897823.6354971984),4,Brooklyn Village,35.22139,-80.84694,1
1760998,110528556,OAK: SAWTOOTH,13.0,1,,POINT (513991.5684913389 3897830.573777825),3,3rd St/Convention,35.22361,-80.84306,1
1760998,110528556,OAK: SAWTOOTH,13.0,1,,POINT (513991.5684913389 3897830.573777825),4,Brooklyn Village,35.22139,-80.84694,1
1760999,110528557,OAK: SAWTOOTH,9.0,1,,POINT (513997.29619568243 3897835.9291314157),3,3rd St/Convention,35.22361,-80.84306,1
1760999,110528557,OAK: SAWTOOTH,9.0,1,,POINT (513997.29619568243 3897835.9291314157),4,Brooklyn Village,35.22139,-80.84694,1
1761000,110528558,OAK: SAWTOOTH,14.0,1,,POINT (514023.990581504 3897857.354384864),2,CTC/Arena,35.225,-80.84139,1
1761000,110528558,OAK: SAWTOOTH,14.0,1,,POINT (514023.990581504 3897857.354384864),3,3rd St/Convention,35.22361,-80.84306,1
1761000,110528558,OAK: SAWTOOTH,14.0,1,,POINT (514023.990581504 3897857.354384864),4,Brooklyn Village,35.22139,-80.84694,1
1761001,110528559,OAK: SAWTOOTH,13.0,1,,POINT (514106.9958787227 3897926.3728102287),2,CTC/Arena,35.225,-80.84139,1
1761001,110528559,OAK: SAWTOOTH,13.0,1,,POINT (514106.9958787227 3897926.3728102287),3,3rd St/Convention,35.22361,-80.84306,1
1761001,110528559,OAK: SAWTOOTH,13.0,1,,POINT (514106.9958787227 3897926.3728102287),4,Brooklyn Village,35.22139,-80.84694,1
1761002,110528560,OAK: SAWTOOTH,16.0,1,,POINT (514111.9931598441 3897930.26774422),2,CTC/Arena,35.225,-80.84139,1
1761002,110528560,OAK: SAWTOOTH,16.0,1,,POINT (514111.9931598441 3897930.26774422),3,3rd St/Convention,35.22361,-80.84306,1
1761002,110528560,OAK: SAWTOOTH,16.0,1,,POINT (514111.9931598441 3897930.26774422),4,Brooklyn Village,35.22139,-80.84694,1
1761003,110528561,OAK: SAWTOOTH,16.0,1,,POINT (514124.30110527907 3897941.9514655746),2,CTC/Arena,35.225,-80.84139,1
1761003,110528561,OAK: SAWTOOTH,16.0,1,,POINT (514124.30110527907 3897941.9514655746),3,3rd St/Convention,35.22361,-80.84306,1
1761003,110528561,OAK: SAWTOOTH,16.0,1,,POINT (514124.30110527907 3897941.9514655746),4,Brooklyn Village,35.22139,-80.84694,1
1761004,110528562,OAK: SAWTOOTH,17.0,1,,POINT (514127.3455927659 3897946.329018245),2,CTC/Arena,35.225,-80.84139,1
1761004,110528562,OAK: SAWTOOTH,17.0,1,,POINT (514127.3455927659 3897946.329018245),3,3rd St/Convention,35.22361,-80.84306,1
1761004,110528562,OAK: SAWTOOTH,17.0,1,,POINT (514127.3455927659 3897946.329018245),4,Brooklyn Village,35.22139,-80.84694,1
1761005,110528563,OAK: SAWTOOTH,16.0,1,,POINT (514132.58707661775 3897950.5902483943),2,CTC/Arena,35.225,-80.84139,1
1761005,110528563,OAK: SAWTOOTH,16.0,1,,POINT (514132.58707661775 3897950.5902483943),3,3rd St/Convention,35.22361,-80.84306,1
1761005,110528563,OAK: SAWTOOTH,16.0,1,,POINT (514132.58707661775 3897950.5902483943),4,Brooklyn Village,35.22139,-80.84694,1
1761006,110528564,OAK: SAWTOOTH,11.0,1,,POINT (514167.2410676677 3897954.4106726185),2,CTC/Arena,35.225,-80.84139,1
1761006,110528564,OAK: SAWTOOTH,11.0,1,,POINT (514167.2410676677 3897954.4106726185),3,3rd St/Convention,35.22361,-80.84306,1
1761006,110528564,OAK: SAWTOOTH,11.0,1,,POINT (514167.2410676677 3897954.4106726185),4,Brooklyn Village,35.22139,-80.84694,1
1761007,110528565,OAK: SAWTOOTH,12.0,1,,POINT (514161.634191586 3897949.9070960064),2,CTC/Arena,35.225,-80.84139,1
1761007,110528565,OAK: SAWTOOTH,12.0,1,,POINT (514161.634191586 3897949.9070960064),3,3rd St/Convention,35.22361,-80.84306,1
1761007,110528565,OAK: SAWTOOTH,12.0,1,,POINT (514161.634191586 3897949.9070960064),4,Brooklyn Village,35.22139,-80.84694,1
1761008,110528566,OAK: SAWTOOTH,12.0,1,,POINT (514155.7844083308 3897944.7942657336),2,CTC/Arena,35.225,-80.84139,1
1761008,110528566,OAK: SAWTOOTH,12.0,1,,POINT (514155.7844083308 3897944.7942657336),3,3rd St/Convention,35.22361,-80.84306,1
1761008,110528566,OAK: SAWTOOTH,12.0,1,,POINT (514155.7844083308 3897944.7942657336),4,Brooklyn Village,35.22139,-80.84694,1
1761009,110528567,OAK: SAWTOOTH,9.0,1,,POINT (514150.7881174419 3897939.6839332413),2,CTC/Arena,35.225,-80.84139,1
1761009,110528567,OAK: SAWTOOTH,9.0,1,,POINT (514150.7881174419 3897939.6839332413),3,3rd St/Convention,35.22361,-80.84306,1
1761009,110528567,OAK: SAWTOOTH,9.0,1,,POINT (514150.7881174419 3897939.6839332413),4,Brooklyn Village,35.22139,-80.84694,1
1761010,110528568,OAK: SAWTOOTH,9.0,1,,POINT (514145.4241928627 3897935.787411409),2,CTC/Arena,35.225,-80.84139,1
1761010,110528568,OAK: SAWTOOTH,9.0,1,,POINT (514145.4241928627 3897935.787411409),3,3rd St/Convention,35.22361,-80.84306,1
1761010,110528568,OAK: SAWTOOTH,9.0,1,,POINT (514145.4241928627 3897935.787411409),4,Brooklyn Village,35.22139,-80.84694,1
1761011,110528569,OAK: SAWTOOTH,11.0,1,,POINT (514140.5486063157 3897932.135513211),2,CTC/Arena,35.225,-80.84139,1
1761011,110528569,OAK: SAWTOOTH,11.0,1,,POINT (514140.5486063157 3897932.135513211),3,3rd St/Convention,35.22361,-80.84306,1
1761011,110528569,OAK: SAWTOOTH,11.0,1,,POINT (514140.5486063157 3897932.135513211),4,Brooklyn Village,35.22139,-80.84694,1
1761012,110528570,OAK: SAWTOOTH,9.0,1,,POINT (514136.6497365999 3897928.2413122156),2,CTC/Arena,35.225,-80.84139,1
1761012,110528570,OAK: SAWTOOTH,9.0,1,,POINT (514136.6497365999 3897928.2413122156),3,3rd St/Convention,35.22361,-80.84306,1
1761012,110528570,OAK: SAWTOOTH,9.0,1,,POINT (514136.6497365999 3897928.2413122156),4,Brooklyn Village,35.22139,-80.84694,1
1761013,110528571,OAK: SAWTOOTH,9.0,1,,POINT (514132.8714059385 3897924.7120155953),2,CTC/Arena,35.225,-80.84139,1
1761013,110528571,OAK: SAWTOOTH,9.0,1,,POINT (514132.8714059385 3897924.7120155953),3,3rd St/Convention,35.22361,-80.84306,1
1761013,110528571,OAK: SAWTOOTH,9.0,1,,POINT (514132.8714059385 3897924.7120155953),4,Brooklyn Village,35.22139,-80.84694,1
1761014,110528572,OAK: SAWTOOTH,9.0,1,,POINT (514119.5846719339 3897914.485073801),2,CTC/Arena,35.225,-80.84139,1
1761014,110528572,OAK: SAWTOOTH,9.0,1,,POINT (514119.5846719339 3897914.485073801),3,3rd St/Convention,35.22361,-80.84306,1
1761014,110528572,OAK: SAWTOOTH,9.0,1,,POINT (514119.5846719339 3897914.485073801),4,Brooklyn Village,35.22139,-80.84694,1
1761015,110528573,OAK: SAWTOOTH,11.0,1,,POINT (514106.29970775236 3897903.0437493306),2,CTC/Arena,35.225,-80.84139,1
1761015,110528573,OAK: SAWTOOTH,11.0,1,,POINT (514106.29970775236 3897903.0437493306),3,3rd St/Convention,35.22361,-80.84306,1
1761015,110528573,OAK: SAWTOOTH,11.0,1,,POINT (514106.29970775236 3897903.0437493306),4,Brooklyn Village,35.22139,-80.84694,1
1761016,110528574,OAK: SAWTOOTH,19.0,1,,POINT (514070.58534628584 3897874.6796080554),2,CTC/Arena,35.225,-80.84139,1
1761016,110528574,OAK: SAWTOOTH,19.0,1,,POINT (514070.58534628584 3897874.6796080554),3,3rd St/Convention,35.22361,-80.84306,1
1761016,110528574,OAK: SAWTOOTH,19.0,1,,POINT (514070.58534628584 3897874.6796080554),4,Brooklyn Village,35.22139,-80.84694,1
1761017,110528575,OAK: SAWTOOTH,14.0,1,,POINT (514067.53861728514 3897871.758212557),2,CTC/Arena,35.225,-80.84139,1
1761017,110528575,OAK: SAWTOOTH,14.0,1,,POINT (514067.53861728514 3897871.758212557),3,3rd St/Convention,35.22361,-80.84306,1
1761017,110528575,OAK: SAWTOOTH,14.0,1,,POINT (514067.53861728514 3897871.758212557),4,Brooklyn Village,35.22139,-80.84694,1
1761018,110528576,OAK: SAWTOOTH,13.0,1,,POINT (514062.4197878732 3897867.0124866865),2,CTC/Arena,35.225,-80.84139,1
1761018,110528576,OAK: SAWTOOTH,13.0,1,,POINT (514062.4197878732 3897867.0124866865),3,3rd St/Convention,35.22361,-80.84306,1
1761018,110528576,OAK: SAWTOOTH,13.0,1,,POINT (514062.4197878732 3897867.0124866865),4,Brooklyn Village,35.22139,-80.84694,1
1761019,110528577,OAK: SAWTOOTH,14.0,1,,POINT (514059.37275449286 3897864.820836034),2,CTC/Arena,35.225,-80.84139,1
1761019,110528577,OAK: SAWTOOTH,14.0,1,,POINT (514059.37275449286 3897864.820836034),3,3rd St/Convention,35.22361,-80.84306,1
1761019,110528577,OAK: SAWTOOTH,14.0,1,,POINT (514059.37275449286 3897864.820836034),4,Brooklyn Village,35.22139,-80.84694,1
1761020,110528578,OAK: SAWTOOTH,13.0,1,,POINT (514055.959004014 3897862.0208368977),2,CTC/Arena,35.225,-80.84139,1
1761020,110528578,OAK: SAWTOOTH,13.0,1,,POINT (514055.959004014 3897862.0208368977),3,3rd St/Convention,35.22361,-80.84306,1
1761020,110528578,OAK: SAWTOOTH,13.0,1,,POINT (514055.959004014 3897862.0208368977),4,Brooklyn Village,35.22139,-80.84694,1
1761021,110528579,OAK: SAWTOOTH,14.0,1,,POINT (514047.6723565828 3897854.35357566),2,CTC/Arena,35.225,-80.84139,1
1761021,110528579,OAK: SAWTOOTH,14.0,1,,POINT (514047.6723565828 3897854.35357566),3,3rd St/Convention,35.22361,-80.84306,1
1761021,110528579,OAK: SAWTOOTH,14.0,1,,POINT (514047.6723565828 3897854.35357566),4,Brooklyn Village,35.22139,-80.84694,1
1761022,110528580,OAK: SAWTOOTH,12.0,1,,POINT (514044.1387988186 3897850.8248113864),2,CTC/Arena,35.225,-80.84139,1
1761022,110528580,OAK: SAWTOOTH,12.0,1,,POINT (514044.1387988186 3897850.8248113864),3,3rd St/Convention,35.22361,-80.84306,1
1761022,110528580,OAK: SAWTOOTH,12.0,1,,POINT (514044.1387988186 3897850.8248113864),4,Brooklyn Village,35.22139,-80.84694,1
1761023,110528581,OAK: SAWTOOTH,11.0,1,,POINT (514040.60306175414 3897848.024554259),2,CTC/Arena,35.225,-80.84139,1
1761023,110528581,OAK: SAWTOOTH,11.0,1,,POINT (514040.60306175414 3897848.024554259),3,3rd St/Convention,35.22361,-80.84306,1
1761023,110528581,OAK: SAWTOOTH,11.0,1,,POINT (514040.60306175414 3897848.024554259),4,Brooklyn Village,35.22139,-80.84694,1
1761024,110528582,OAK: SAWTOOTH,15.0,1,,POINT (514036.9460416143 3897845.467036965),2,CTC/Arena,35.225,-80.84139,1
1761024,110528582,OAK: SAWTOOTH,15.0,1,,POINT (514036.9460416143 3897845.467036965),3,3rd St/Convention,35.22361,-80.84306,1
1761024,110528582,OAK: SAWTOOTH,15.0,1,,POINT (514036.9460416143 3897845.467036965),4,Brooklyn Village,35.22139,-80.84694,1
1761025,110528583,OAK: SAWTOOTH,12.0,1,,POINT (514033.28892152786 3897842.9095176575),2,CTC/Arena,35.225,-80.84139,1
1761025,110528583,OAK: SAWTOOTH,12.0,1,,POINT (514033.28892152786 3897842.9095176575),3,3rd St/Convention,35.22361,-80.84306,1
1761025,110528583,OAK: SAWTOOTH,12.0,1,,POINT (514033.28892152786 3897842.9095176575),4,Brooklyn Village,35.22139,-80.84694,1
1761026,110528584,OAK: SAWTOOTH,18.0,1,,POINT (514017.5668554242 3897829.0347496457),2,CTC/Arena,35.225,-80.84139,1
1761026,110528584,OAK: SAWTOOTH,18.0,1,,POINT (514017.5668554242 3897829.0347496457),3,3rd St/Convention,35.22361,-80.84306,1
1761026,110528584,OAK: SAWTOOTH,18.0,1,,POINT (514017.5668554242 3897829.0347496457),4,Brooklyn Village,35.22139,-80.84694,1
1761027,110528585,OAK: SAWTOOTH,14.0,1,,POINT (514011.35073476506 3897823.557762608),3,3rd St/Convention,35.22361,-80.84306,1
1761027,110528585,OAK: SAWTOOTH,14.0,1,,POINT (514011.35073476506 3897823.557762608),4,Brooklyn Village,35.22139,-80.84694,1
1761028,110528586,OAK: SAWTOOTH,11.0,1,,POINT (513984.77744970645 3897802.6184171136),3,3rd St/Convention,35.22361,-80.84306,1
1761028,110528586,OAK: SAWTOOTH,11.0,1,,POINT (513984.77744970645 3897802.6184171136),4,Brooklyn Village,35.22139,-80.84694,1
1761029,110528587,OAK: SAWTOOTH,13.0,1,,POINT (513975.0252856988 3897795.0710179457),3,3rd St/Convention,35.22361,-80.84306,1
1761029,110528587,OAK: SAWTOOTH,13.0,1,,POINT (513975.0252856988 3897795.0710179457),4,Brooklyn Village,35.22139,-80.84694,1
1761030,110528588,OAK: SAWTOOTH,14.0,1,,POINT (513937.85429608927 3897760.6288367184),3,3rd St/Convention,35.22361,-80.84306,1
1761030,110528588,OAK: SAWTOOTH,14.0,1,,POINT (513937.85429608927 3897760.6288367184),4,Brooklyn Village,35.22139,-80.84694,1
1761031,110528589,OAK: SAWTOOTH,11.0,1,,POINT (513926.27279907104 3897752.5929095317),3,3rd St/Convention,35.22361,-80.84306,1
1761031,110528589,OAK: SAWTOOTH,11.0,1,,POINT (513926.27279907104 3897752.5929095317),4,Brooklyn Village,35.22139,-80.84694,1
1761041,110528599,OAK: SAWTOOTH,20.0,1,,POINT (513759.51757260534 3897618.8086898453),4,Brooklyn Village,35.22139,-80.84694,1
1761041,110528599,OAK: SAWTOOTH,20.0,1,,POINT (513759.51757260534 3897618.8086898453),5,Carson,35.21889,-80.85083,1
1761042,110528600,OAK: SAWTOOTH,26.0,1,,POINT (514143.67960575724 3897959.112591477),2,CTC/Arena,35.225,-80.84139,1
1761042,110528600,OAK: SAWTOOTH,26.0,1,,POINT (514143.67960575724 3897959.112591477),3,3rd St/Convention,35.22361,-80.84306,1
1761042,110528600,OAK: SAWTOOTH,26.0,1,,POINT (514143.67960575724 3897959.112591477),4,Brooklyn Village,35.22139,-80.84694,1
1761043,110528601,OAK: SAWTOOTH,23.0,1,,POINT (514154.28398841765 3897967.8770821597),2,CTC/Arena,35.225,-80.84139,1
1761043,110528601,OAK: SAWTOOTH,23.0,1,,POINT (514154.28398841765 3897967.8770821597),3,3rd St/Convention,35.22361,-80.84306,1
1761043,110528601,OAK: SAWTOOTH,23.0,1,,POINT (514154.28398841765 3897967.8770821597),4,Brooklyn Village,35.22139,-80.84694,1
1761057,110528615,OAK: SAWTOOTH,6.0,1,,POINT (514391.58808237326 3898164.952062712),1,7th Street,35.22722,-80.83806,1
1761057,110528615,OAK: SAWTOOTH,6.0,1,,POINT (514391.58808237326 3898164.952062712),2,CTC/Arena,35.225,-80.84139,1
1761057,110528615,OAK: SAWTOOTH,6.0,1,,POINT (514391.58808237326 3898164.952062712),3,3rd St/Convention,35.22361,-80.84306,1
1761058,110528616,OAK: SAWTOOTH,7.0,1,,POINT (514402.2964476433 3898150.967875327),1,7th Street,35.22722,-80.83806,1
1761058,110528616,OAK: SAWTOOTH,7.0,1,,POINT (514402.2964476433 3898150.967875327),2,CTC/Arena,35.225,-80.84139,1
1761058,110528616,OAK: SAWTOOTH,7.0,1,,POINT (514402.2964476433 3898150.967875327),3,3rd St/Convention,35.22361,-80.84306,1
1761059,110528617,OAK: SAWTOOTH,6.0,1,,POINT (514412.1300817908 3898159.4197577112),1,7th Street,35.22722,-80.83806,1
1761059,110528617,OAK: SAWTOOTH,6.0,1,,POINT (514412.1300817908 3898159.4197577112),2,CTC/Arena,35.225,-80.84139,1
1761059,110528617,OAK: SAWTOOTH,6.0,1,,POINT (514412.1300817908 3898159.4197577112),3,3rd St/Convention,35.22361,-80.84306,1
1761060,110528618,OAK: SAWTOOTH,7.0,1,N COLLEGE ST,POINT (514420.4602168129 3898167.4001760385),1,7th Street,35.22722,-80.83806,1
1761060,110528618,OAK: SAWTOOTH,7.0,1,N COLLEGE ST,POINT (514420.4602168129 3898167.4001760385),2,CTC/Arena,35.225,-80.84139,1
1761060,110528618,OAK: SAWTOOTH,7.0,1,N COLLEGE ST,POINT (514420.4602168129 3898167.4001760385),3,3rd St/Convention,35.22361,-80.84306,1
1761061,110528619,OAK: SAWTOOTH,6.0,1,,POINT (514461.8168414278 3898198.2090526726),1,7th Street,35.22722,-80.83806,1
1761061,110528619,OAK: SAWTOOTH,6.0,1,,POINT (514461.8168414278 3898198.2090526726),2,CTC/Arena,35.225,-80.84139,1
1761061,110528619,OAK: SAWTOOTH,6.0,1,,POINT (514461.8168414278 3898198.2090526726),3,3rd St/Convention,35.22361,-80.84306,1
1761062,110528620,OAK: SAWTOOTH,6.0,1,,POINT (514470.99990616454 3898206.5623329226),1,7th Street,35.22722,-80.83806,1
1761062,110528620,OAK: SAWTOOTH,6.0,1,,POINT (514470.99990616454 3898206.5623329226),2,CTC/Arena,35.225,-80.84139,1
1761062,110528620,OAK: SAWTOOTH,6.0,1,,POINT (514470.99990616454 3898206.5623329226),3,3rd St/Convention,35.22361,-80.84306,1
1761063,110528621,OAK: SAWTOOTH,6.0,1,,POINT (514480.2879370112 3898214.1129820924),1,7th Street,35.22722,-80.83806,1
1761063,110528621,OAK: SAWTOOTH,6.0,1,,POINT (514480.2879370112 3898214.1129820924),2,CTC/Arena,35.225,-80.84139,1
1761063,110528621,OAK: SAWTOOTH,6.0,1,,POINT (514480.2879370112 3898214.1129820924),3,3rd St/Convention,35.22361,-80.84306,1
1761064,110528622,OAK: SAWTOOTH,11.0,1,,POINT (514464.7106474075 3898228.3676420506),1,7th Street,35.22722,-80.83806,1
1761064,110528622,OAK: SAWTOOTH,11.0,1,,POINT (514464.7106474075 3898228.3676420506),2,CTC/Arena,35.225,-80.84139,1
1761064,110528622,OAK: SAWTOOTH,11.0,1,,POINT (514464.7106474075 3898228.3676420506),3,3rd St/Convention,35.22361,-80.84306,1
1761065,110528623,OAK: SAWTOOTH,12.0,1,,POINT (514490.9800058995 3898250.0886181565),1,7th Street,35.22722,-80.83806,1
1761065,110528623,OAK: SAWTOOTH,12.0,1,,POINT (514490.9800058995 3898250.0886181565),2,CTC/Arena,35.225,-80.84139,1
1761065,110528623,OAK: SAWTOOTH,12.0,1,,POINT (514490.9800058995 3898250.0886181565),3,3rd St/Convention,35.22361,-80.84306,1
1761066,110528624,OAK: SAWTOOTH,12.0,1,,POINT (514498.22680206917 3898256.000146156),1,7th Street,35.22722,-80.83806,1
1761066,110528624,OAK: SAWTOOTH,12.0,1,,POINT (514498.22680206917 3898256.000146156),2,CTC/Arena,35.225,-80.84139,1
1761066,110528624,OAK: SAWTOOTH,12.0,1,,POINT (514498.22680206917 3898256.000146156),3,3rd St/Convention,35.22361,-80.84306,1
1761067,110528625,OAK: SAWTOOTH,12.0,1,301 N COLLEGE ST,POINT (514587.25434661144 3898336.3811821477),0,9th Street,35.2297,-80.835,1
1761067,110528625,OAK: SAWTOOTH,12.0,1,301 N COLLEGE ST,POINT (514587.25434661144 3898336.3811821477),1,7th Street,35.22722,-80.83806,1
1761067,110528625,OAK: SAWTOOTH,12.0,1,301 N COLLEGE ST,POINT (514587.25434661144 3898336.3811821477),2,CTC/Arena,35.225,-80.84139,1
1761068,110528626,OAK: SAWTOOTH,13.0,1,301 N COLLEGE ST,POINT (514591.5612769403 3898340.906264562),0,9th Street,35.2297,-80.835,1
1761068,110528626,OAK: SAWTOOTH,13.0,1,301 N COLLEGE ST,POINT (514591.5612769403 3898340.906264562),1,7th Street,35.22722,-80.83806,1
1761068,110528626,OAK: SAWTOOTH,13.0,1,301 N COLLEGE ST,POINT (514591.5612769403 3898340.906264562),2,CTC/Arena,35.225,-80.84139,1
1761069,110528627,OAK: SAWTOOTH,9.0,1,301 N COLLEGE ST,POINT (514596.1497997667 3898344.5523799863),0,9th Street,35.2297,-80.835,1
1761069,110528627,OAK: SAWTOOTH,9.0,1,301 N COLLEGE ST,POINT (514596.1497997667 3898344.5523799863),1,7th Street,35.22722,-80.83806,1
1761069,110528627,OAK: SAWTOOTH,9.0,1,301 N COLLEGE ST,POINT (514596.1497997667 3898344.5523799863),2,CTC/Arena,35.225,-80.84139,1
1761070,110528628,OAK: SAWTOOTH,11.0,1,,POINT (514606.9936472337 3898353.838963711),0,9th Street,35.2297,-80.835,1
1761070,110528628,OAK: SAWTOOTH,11.0,1,,POINT (514606.9936472337 3898353.838963711),1,7th Street,35.22722,-80.83806,1
1761070,110528628,OAK: SAWTOOTH,11.0,1,,POINT (514606.9936472337 3898353.838963711),2,CTC/Arena,35.225,-80.84139,1
1761071,110528629,OAK: SAWTOOTH,16.0,1,,POINT (514611.1844520966 3898357.0207961686),0,9th Street,35.2297,-80.835,1
1761071,110528629,OAK: SAWTOOTH,16.0,1,,POINT (514611.1844520966 3898357.0207961686),1,7th Street,35.22722,-80.83806,1
1761071,110528629,OAK: SAWTOOTH,16.0,1,,POINT (514611.1844520966 3898357.0207961686),2,CTC/Arena,35.225,-80.84139,1
1761072,110528630,OAK: SAWTOOTH,19.0,1,,POINT (514617.8110017385 3898362.58434989),0,9th Street,35.2297,-80.835,1
1761072,110528630,OAK: SAWTOOTH,19.0,1,,POINT (514617.8110017385 3898362.58434989),1,7th Street,35.22722,-80.83806,1
1761072,110528630,OAK: SAWTOOTH,19.0,1,,POINT (514617.8110017385 3898362.58434989),2,CTC/Arena,35.225,-80.84139,1
1761073,110528631,OAK: SAWTOOTH,17.0,1,,POINT (514609.3008288977 3897508.9950511265),3,3rd St/Convention,35.22361,-80.84306,1
1761074,110528632,OAK: SAWTOOTH,5.0,1,,POINT (514359.8137669846 3898115.5750172124),1,7th Street,35.22722,-80.83806,1
1761074,110528632,OAK: SAWTOOTH,5.0,1,,POINT (514359.8137669846 3898115.5750172124),2,CTC/Arena,35.225,-80.84139,1
1761074,110528632,OAK: SAWTOOTH,5.0,1,,POINT (514359.8137669846 3898115.5750172124),3,3rd St/Convention,35.22361,-80.84306,1
1761075,110528633,OAK: SAWTOOTH,5.0,1,,POINT (514351.0392085125 3898107.7858311846),1,7th Street,35.22722,-80.83806,1
1761075,110528633,OAK: SAWTOOTH,5.0,1,,POINT (514351.0392085125 3898107.7858311846),2,CTC/Arena,35.225,-80.84139,1
1761075,110528633,OAK: SAWTOOTH,5.0,1,,POINT (514351.0392085125 3898107.7858311846),3,3rd St/Convention,35.22361,-80.84306,1
1761076,110528634,OAK: SAWTOOTH,11.0,1,,POINT (514341.5315508765 3898100.2372570336),1,7th Street,35.22722,-80.83806,1
1761076,110528634,OAK: SAWTOOTH,11.0,1,,POINT (514341.5315508765 3898100.2372570336),2,CTC/Arena,35.225,-80.84139,1
1761076,110528634,OAK: SAWTOOTH,11.0,1,,POINT (514341.5315508765 3898100.2372570336),3,3rd St/Convention,35.22361,-80.84306,1
1761077,110528635,OAK: SAWTOOTH,6.0,1,,POINT (514333.24499063723 3898092.813779796),1,7th Street,35.22722,-80.83806,1
1761077,110528635,OAK: SAWTOOTH,6.0,1,,POINT (514333.24499063723 3898092.813779796),2,CTC/Arena,35.225,-80.84139,1
1761077,110528635,OAK: SAWTOOTH,6.0,1,,POINT (514333.24499063723 3898092.813779796),3,3rd St/Convention,35.22361,-80.84306,1
1761078,110528636,OAK: SAWTOOTH,10.0,1,,POINT (514323.3728868274 3898084.4151191264),1,7th Street,35.22722,-80.83806,1
1761078,110528636,OAK: SAWTOOTH,10.0,1,,POINT (514323.3728868274 3898084.4151191264),2,CTC/Arena,35.225,-80.84139,1
1761078,110528636,OAK: SAWTOOTH,10.0,1,,POINT (514323.3728868274 3898084.4151191264),3,3rd St/Convention,35.22361,-80.84306,1
1761079,110528637,OAK: SAWTOOTH,9.0,1,,POINT (514311.79311490996 3898075.162006128),1,7th Street,35.22722,-80.83806,1
1761079,110528637,OAK: SAWTOOTH,9.0,1,,POINT (514311.79311490996 3898075.162006128),2,CTC/Arena,35.225,-80.84139,1
1761079,110528637,OAK: SAWTOOTH,9.0,1,,POINT (514311.79311490996 3898075.162006128),3,3rd St/Convention,35.22361,-80.84306,1
1761080,110528638,OAK: SAWTOOTH,9.0,1,,POINT (514301.3055163074 3898070.407798795),1,7th Street,35.22722,-80.83806,1
1761080,110528638,OAK: SAWTOOTH,9.0,1,,POINT (514301.3055163074 3898070.407798795),2,CTC/Arena,35.225,-80.84139,1
1761080,110528638,OAK: SAWTOOTH,9.0,1,,POINT (514301.3055163074 3898070.407798795),3,3rd St/Convention,35.22361,-80.84306,1
1761081,110528639,OAK: SAWTOOTH,14.0,1,,POINT (513876.7970446862 3897703.6739618653),3,3rd St/Convention,35.22361,-80.84306,1
1761081,110528639,OAK: SAWTOOTH,14.0,1,,POINT (513876.7970446862 3897703.6739618653),4,Brooklyn Village,35.22139,-80.84694,1
1761082,110528640,OAK: SAWTOOTH,8.0,1,,POINT (513871.1913871663 3897698.1967761978),3,3rd St/Convention,35.22361,-80.84306,1
1761082,110528640,OAK: SAWTOOTH,8.0,1,,POINT (513871.1913871663 3897698.1967761978),4,Brooklyn Village,35.22139,-80.84694,1
1761083,110528641,OAK: SAWTOOTH,13.0,1,,POINT (513860.0861003821 3897697.573146412),3,3rd St/Convention,35.22361,-80.84306,1
1761083,110528641,OAK: SAWTOOTH,13.0,1,,POINT (513860.0861003821 3897697.573146412),4,Brooklyn Village,35.22139,-80.84694,1
1761084,110528642,OAK: SAWTOOTH,15.0,1,,POINT (513857.2940934298 3897687.4835661836),3,3rd St/Convention,35.22361,-80.84306,1
1761084,110528642,OAK: SAWTOOTH,15.0,1,,POINT (513857.2940934298 3897687.4835661836),4,Brooklyn Village,35.22139,-80.84694,1
1761085,110528643,OAK: SAWTOOTH,12.0,1,,POINT (513852.8940854886 3897691.607828493),3,3rd St/Convention,35.22361,-80.84306,1
1761085,110528643,OAK: SAWTOOTH,12.0,1,,POINT (513852.8940854886 3897691.607828493),4,Brooklyn Village,35.22139,-80.84694,1
1761086,110528644,OAK: SAWTOOTH,11.0,1,,POINT (513839.36666481034 3897678.8302104017),3,3rd St/Convention,35.22361,-80.84306,1
1761086,110528644,OAK: SAWTOOTH,11.0,1,,POINT (513839.36666481034 3897678.8302104017),4,Brooklyn Village,35.22139,-80.84694,1
1761087,110528645,OAK: SAWTOOTH,15.0,1,,POINT (513756.3157556186 3897637.5150140375),4,Brooklyn Village,35.22139,-80.84694,1
1761087,110528645,OAK: SAWTOOTH,15.0,1,,POINT (513756.3157556186 3897637.5150140375),5,Carson,35.21889,-80.85083,1
1761088,110528646,OAK: SAWTOOTH,9.0,1,,POINT (514051.5378058096 3897879.752558069),2,CTC/Arena,35.225,-80.84139,1
1761088,110528646,OAK: SAWTOOTH,9.0,1,,POINT (514051.5378058096 3897879.752558069),3,3rd St/Convention,35.22361,-80.84306,1
1761088,110528646,OAK: SAWTOOTH,9.0,1,,POINT (514051.5378058096 3897879.752558069),4,Brooklyn Village,35.22139,-80.84694,1
1761089,110528647,OAK: SAWTOOTH,8.0,1,,POINT (514055.925191649 3897883.7683943585),2,CTC/Arena,35.225,-80.84139,1
1761089,110528647,OAK: SAWTOOTH,8.0,1,,POINT (514055.925191649 3897883.7683943585),3,3rd St/Convention,35.22361,-80.84306,1
1761089,110528647,OAK: SAWTOOTH,8.0,1,,POINT (514055.925191649 3897883.7683943585),4,Brooklyn Village,35.22139,-80.84694,1
1761090,110528648,OAK: SAWTOOTH,10.0,1,,POINT (514061.41136272275 3897887.5430874527),2,CTC/Arena,35.225,-80.84139,1
1761090,110528648,OAK: SAWTOOTH,10.0,1,,POINT (514061.41136272275 3897887.5430874527),3,3rd St/Convention,35.22361,-80.84306,1
1761090,110528648,OAK: SAWTOOTH,10.0,1,,POINT (514061.41136272275 3897887.5430874527),4,Brooklyn Village,35.22139,-80.84694,1
1761091,110528649,OAK: SAWTOOTH,13.0,1,,POINT (514065.18884932774 3897891.680026119),2,CTC/Arena,35.225,-80.84139,1
1761091,110528649,OAK: SAWTOOTH,13.0,1,,POINT (514065.18884932774 3897891.680026119),3,3rd St/Convention,35.22361,-80.84306,1
1761091,110528649,OAK: SAWTOOTH,13.0,1,,POINT (514065.18884932774 3897891.680026119),4,Brooklyn Village,35.22139,-80.84694,1
1761092,110528650,OAK: SAWTOOTH,5.0,1,,POINT (514089.5655003557 3897912.251235373),2,CTC/Arena,35.225,-80.84139,1
1761092,110528650,OAK: SAWTOOTH,5.0,1,,POINT (514089.5655003557 3897912.251235373),3,3rd St/Convention,35.22361,-80.84306,1
1761092,110528650,OAK: SAWTOOTH,5.0,1,,POINT (514089.5655003557 3897912.251235373),4,Brooklyn Village,35.22139,-80.84694,1
1761093,110528651,OAK: SAWTOOTH,15.0,1,,POINT (514138.4383577672 3897954.730474164),2,CTC/Arena,35.225,-80.84139,1
1761093,110528651,OAK: SAWTOOTH,15.0,1,,POINT (514138.4383577672 3897954.730474164),3,3rd St/Convention,35.22361,-80.84306,1
1761093,110528651,OAK: SAWTOOTH,15.0,1,,POINT (514138.4383577672 3897954.730474164),4,Brooklyn Village,35.22139,-80.84694,1
1761094,110528652,OAK: SAWTOOTH,8.0,1,,POINT (514123.9728796898 3897917.8943675216),2,CTC/Arena,35.225,-80.84139,1
1761094,110528652,OAK: SAWTOOTH,8.0,1,,POINT (514123.9728796898 3897917.8943675216),3,3rd St/Convention,35.22361,-80.84306,1
1761094,110528652,OAK: SAWTOOTH,8.0,1,,POINT (514123.9728796898 3897917.8943675216),4,Brooklyn Village,35.22139,-80.84694,1
1761095,110528653,OAK: SAWTOOTH,8.0,1,,POINT (514114.9526228586 3897910.9545748145),2,CTC/Arena,35.225,-80.84139,1
1761095,110528653,OAK: SAWTOOTH,8.0,1,,POINT (514114.9526228586 3897910.9545748145),3,3rd St/Convention,35.22361,-80.84306,1
1761095,110528653,OAK: SAWTOOTH,8.0,1,,POINT (514114.9526228586 3897910.9545748145),4,Brooklyn Village,35.22139,-80.84694,1
1761096,110528654,OAK: SAWTOOTH,9.0,1,,POINT (514110.44429622486 3897906.330742286),2,CTC/Arena,35.225,-80.84139,1
1761096,110528654,OAK: SAWTOOTH,9.0,1,,POINT (514110.44429622486 3897906.330742286),3,3rd St/Convention,35.22361,-80.84306,1
1761096,110528654,OAK: SAWTOOTH,9.0,1,,POINT (514110.44429622486 3897906.330742286),4,Brooklyn Village,35.22139,-80.84694,1
1761097,110528655,OAK: SAWTOOTH,4.0,1,,POINT (514082.49780669226 3898429.431588271),2,CTC/Arena,35.225,-80.84139,1
1761104,110528662,OAK: SAWTOOTH,4.0,1,,POINT (514531.4968518033 3898284.9687023363),1,7th Street,35.22722,-80.83806,1
1761104,110528662,OAK: SAWTOOTH,4.0,1,,POINT (514531.4968518033 3898284.9687023363),2,CTC/Arena,35.225,-80.84139,1
1761105,110528663,OAK: SAWTOOTH,5.0,1,,POINT (514558.18488190486 3898309.310040247),0,9th Street,35.2297,-80.835,1
1761105,110528663,OAK: SAWTOOTH,5.0,1,,POINT (514558.18488190486 3898309.310040247),1,7th Street,35.22722,-80.83806,1
1761105,110528663,OAK: SAWTOOTH,5.0,1,,POINT (514558.18488190486 3898309.310040247),2,CTC/Arena,35.225,-80.84139,1
1761106,110528664,OAK: SAWTOOTH,14.0,1,,POINT (514564.426982656 3898297.656600195),0,9th Street,35.2297,-80.835,1
1761106,110528664,OAK: SAWTOOTH,14.0,1,,POINT (514564.426982656 3898297.656600195),1,7th Street,35.22722,-80.83806,1
1761106,110528664,OAK: SAWTOOTH,14.0,1,,POINT (514564.426982656 3898297.656600195),2,CTC/Arena,35.225,-80.84139,1
1761107,110528665,OAK: SAWTOOTH,11.0,1,,POINT (514546.14700290945 3898281.954707253),1,7th Street,35.22722,-80.83806,1
1761107,110528665,OAK: SAWTOOTH,11.0,1,,POINT (514546.14700290945 3898281.954707253),2,CTC/Arena,35.225,-80.84139,1
1761108,110528666,OAK: SAWTOOTH,17.0,1,,POINT (514994.5755142191 3898688.3418591437),0,9th Street,35.2297,-80.835,1
1761109,110528667,OAK: SAWTOOTH,9.0,1,,POINT (514304.07697307266 3898092.5246602064),1,7th Street,35.22722,-80.83806,1
1761109,110528667,OAK: SAWTOOTH,9.0,1,,POINT (514304.07697307266 3898092.5246602064),2,CTC/Arena,35.225,-80.84139,1
1761109,110528667,OAK: SAWTOOTH,9.0,1,,POINT (514304.07697307266 3898092.5246602064),3,3rd St/Convention,35.22361,-80.84306,1
1761110,110528668,OAK: SAWTOOTH,4.0,1,,POINT (513805.23527642386 3897651.4399055773),4,Brooklyn Village,35.22139,-80.84694,1
1761111,110528669,OAK: SAWTOOTH,5.0,1,,POINT (514006.9253252021 3897844.084110801),2,CTC/Arena,35.225,-80.84139,1
1761111,110528669,OAK: SAWTOOTH,5.0,1,,POINT (514006.9253252021 3897844.084110801),3,3rd St/Convention,35.22361,-80.84306,1
1761111,110528669,OAK: SAWTOOTH,5.0,1,,POINT (514006.9253252021 3897844.084110801),4,Brooklyn Village,35.22139,-80.84694,1
1761112,110528670,OAK: SAWTOOTH,9.0,1,,POINT (514047.6382502777 3897876.344010802),2,CTC/Arena,35.225,-80.84139,1
1761112,110528670,OAK: SAWTOOTH,9.0,1,,POINT (514047.6382502777 3897876.344010802),3,3rd St/Convention,35.22361,-80.84306,1
1761112,110528670,OAK: SAWTOOTH,9.0,1,,POINT (514047.6382502777 3897876.344010802),4,Brooklyn Village,35.22139,-80.84694,1
1761113,110528671,OAK: SAWTOOTH,12.0,1,,POINT (514117.2342497385 3897934.7718500705),2,CTC/Arena,35.225,-80.84139,1
1761113,110528671,OAK: SAWTOOTH,12.0,1,,POINT (514117.2342497385 3897934.7718500705),3,3rd St/Convention,35.22361,-80.84306,1
1761113,110528671,OAK: SAWTOOTH,12.0,1,,POINT (514117.2342497385 3897934.7718500705),4,Brooklyn Village,35.22139,-80.84694,1
1761114,110528672,OAK: SAWTOOTH,11.0,1,,POINT (513952.11378448794 3897773.529698493),3,3rd St/Convention,35.22361,-80.84306,1
1761114,110528672,OAK: SAWTOOTH,11.0,1,,POINT (513952.11378448794 3897773.529698493),4,Brooklyn Village,35.22139,-80.84694,1
1761115,110528673,OAK: SAWTOOTH,10.0,1,,POINT (513944.4351765352 3897766.836124315),3,3rd St/Convention,35.22361,-80.84306,1
1761115,110528673,OAK: SAWTOOTH,10.0,1,,POINT (513944.4351765352 3897766.836124315),4,Brooklyn Village,35.22139,-80.84694,1
1761153,110528711,OAK: WHITE,5.0,1,,POINT (515261.6927549983 3898407.2991921944),0,9th Street,35.2297,-80.835,1
1761154,110528712,OAK: WHITE,7.0,1,,POINT (515274.61093076144 3898418.011880879),0,9th Street,35.2297,-80.835,1
1761155,110528713,OAK: WHITE,7.0,1,,POINT (515281.5554704588 3898424.706467928),0,9th Street,35.2297,-80.835,1
1761156,110528714,OAK: WHITE,9.0,1,,POINT (515289.11096334294 3898431.158182013),0,9th Street,35.2297,-80.835,1
1761157,110528715,OAK: WHITE,11.0,1,,POINT (515297.3967561447 3898438.9474225924),0,9th Street,35.2297,-80.835,1
1761158,110528716,OAK: WHITE,11.0,1,,POINT (515308.8486326294 3898450.2654250087),0,9th Street,35.2297,-80.835,1
1761159,110528717,OAK: WHITE,11.0,1,,POINT (515313.7201890043 3898456.469773937),0,9th Street,35.2297,-80.835,1
1761160,110528718,OAK: WHITE,9.0,1,,POINT (515319.8136462278 3898461.0968495975),0,9th Street,35.2297,-80.835,1
1761161,110528719,OAK: WHITE,10.0,1,,POINT (515239.9276948796 3898539.144726165),0,9th Street,35.2297,-80.835,1
1761162,110528720,OAK: WHITE,6.0,1,,POINT (515233.19981324224 3898533.5284326193),0,9th Street,35.2297,-80.835,1
1761163,110528721,OAK: WHITE,9.0,1,,POINT (515220.4373843871 3898522.8327806117),0,9th Street,35.2297,-80.835,1
1761164,110528722,OAK: WHITE,10.0,1,,POINT (515214.12528205017 3898517.2260645474),0,9th Street,35.2297,-80.835,1
1761165,110528723,OAK: WHITE,5.0,1,,POINT (515207.7593397918 3898511.2244899683),0,9th Street,35.2297,-80.835,1
1761166,110528724,OAK: WHITE,9.0,1,,POINT (515202.1267933881 3898506.7789896512),0,9th Street,35.2297,-80.835,1
1761167,110528725,OAK: WHITE,5.0,1,,POINT (515188.91090628144 3898496.2266910514),0,9th Street,35.2297,-80.835,1
1761168,110528726,OAK: WHITE,7.0,1,,POINT (515183.0266495893 3898490.5220028227),0,9th Street,35.2297,-80.835,1
1761169,110528727,OAK: WHITE,3.0,1,,POINT (515176.6714670616 3898485.6439702017),0,9th Street,35.2297,-80.835,1
1761170,110528728,OAK: WHITE,7.0,1,,POINT (515170.62098321185 3898479.732746294),0,9th Street,35.2297,-80.835,1
1761205,110528763,OAK: SWAMP WHITE,5.0,1,,POINT (514801.9389223097 3898506.0348670906),0,9th Street,35.2297,-80.835,1
1761205,110528763,OAK: SWAMP WHITE,5.0,1,,POINT (514801.9389223097 3898506.0348670906),1,7th Street,35.22722,-80.83806,1
1761206,110528764,OAK: SWAMP WHITE,5.0,1,,POINT (514792.7960348598 3898500.1887267996),0,9th Street,35.2297,-80.835,1
1761206,110528764,OAK: SWAMP WHITE,5.0,1,,POINT (514792.7960348598 3898500.1887267996),1,7th Street,35.22722,-80.83806,1
1761333,110528891,OAK: SOUTHERN RED,45.0,1,300 W PARK AV,POINT (512699.51966640865 3897107.059416277),6,Bland,35.21583,-80.85528,1
1761387,110528945,OAK: LAUREL,4.0,1,,POINT (514612.9554731108 3898282.01700478),0,9th Street,35.2297,-80.835,1
1761387,110528945,OAK: LAUREL,4.0,1,,POINT (514612.9554731108 3898282.01700478),1,7th Street,35.22722,-80.83806,1
1761387,110528945,OAK: LAUREL,4.0,1,,POINT (514612.9554731108 3898282.01700478),2,CTC/Arena,35.225,-80.84139,1
1761388,110528946,OAK: LAUREL,13.0,1,301 N COLLEGE ST,POINT (514551.82812807325 3898365.0008203704),1,7th Street,35.22722,-80.83806,1
1761388,110528946,OAK: LAUREL,13.0,1,301 N COLLEGE ST,POINT (514551.82812807325 3898365.0008203704),2,CTC/Arena,35.225,-80.84139,1
1761391,110528949,OAK: LAUREL,21.0,1,,POINT (514745.48718545027 3898325.407036336),0,9th Street,35.2297,-80.835,1
1761391,110528949,OAK: LAUREL,21.0,1,,POINT (514745.48718545027 3898325.407036336),1,7th Street,35.22722,-80.83806,1
1761391,110528949,OAK: LAUREL,21.0,1,,POINT (514745.48718545027 3898325.407036336),2,CTC/Arena,35.225,-80.84139,1
1761392,110528950,OAK: LAUREL,10.0,1,301 N COLLEGE ST,POINT (514558.498867093 3898338.0737405512),0,9th Street,35.2297,-80.835,1
1761392,110528950,OAK: LAUREL,10.0,1,301 N COLLEGE ST,POINT (514558.498867093 3898338.0737405512),1,7th Street,35.22722,-80.83806,1
1761392,110528950,OAK: LAUREL,10.0,1,301 N COLLEGE ST,POINT (514558.498867093 3898338.0737405512),2,CTC/Arena,35.225,-80.84139,1
1761393,110528951,OAK: LAUREL,11.0,1,300 N TRYON ST,POINT (514508.26270986605 3898412.1535097137),1,7th Street,35.22722,-80.83806,1
1761393,110528951,OAK: LAUREL,11.0,1,300 N TRYON ST,POINT (514508.26270986605 3898412.1535097137),2,CTC/Arena,35.225,-80.84139,1
1761394,110528952,OAK: LAUREL,10.0,1,,POINT (514526.5914842295 3898391.741705749),1,7th Street,35.22722,-80.83806,1
1761394,110528952,OAK: LAUREL,10.0,1,,POINT (514526.5914842295 3898391.741705749),2,CTC/Arena,35.225,-80.84139,1
1761395,110528953,OAK: LAUREL,13.0,1,,POINT (514532.17126244924 3898386.21560959),1,7th Street,35.22722,-80.83806,1
1761395,110528953,OAK: LAUREL,13.0,1,,POINT (514532.17126244924 3898386.21560959),2,CTC/Arena,35.225,-80.84139,1
1761396,110528954,OAK: LAUREL,16.0,1,,POINT (514536.0018377005 3898383.0478086583),1,7th Street,35.22722,-80.83806,1
1761396,110528954,OAK: LAUREL,16.0,1,,POINT (514536.0018377005 3898383.0478086583),2,CTC/Arena,35.225,-80.84139,1
1761397,110528955,OAK: LAUREL,14.0,1,,POINT (514538.5207943317 3898378.436175044),1,7th Street,35.22722,-80.83806,1
1761397,110528955,OAK: LAUREL,14.0,1,,POINT (514538.5207943317 3898378.436175044),2,CTC/Arena,35.225,-80.84139,1
1761398,110528956,OAK: LAUREL,22.0,1,,POINT (514545.72462056094 3898373.6268557208),1,7th Street,35.22722,-80.83806,1
1761398,110528956,OAK: LAUREL,22.0,1,,POINT (514545.72462056094 3898373.6268557208),2,CTC/Arena,35.225,-80.84139,1
1761399,110528957,OAK: LAUREL,99.0,1,,POINT (513673.8945238265 3897986.212549064),4,Brooklyn Village,35.22139,-80.84694,1
1761403,110528961,OAK: LAUREL,4.0,1,,POINT (514368.69269383675 3898364.5892317374),1,7th Street,35.22722,-80.83806,1
1761403,110528961,OAK: LAUREL,4.0,1,,POINT (514368.69269383675 3898364.5892317374),2,CTC/Arena,35.225,-80.84139,1
1761404,110528962,OAK: LAUREL,4.0,1,,POINT (514372.6052429767 3898360.221463248),1,7th Street,35.22722,-80.83806,1
1761404,110528962,OAK: LAUREL,4.0,1,,POINT (514372.6052429767 3898360.221463248),2,CTC/Arena,35.225,-80.84139,1
1761405,110528963,OAK: LAUREL,18.0,1,,POINT (514471.98178961774 3898240.088171223),1,7th Street,35.22722,-80.83806,1
1761405,110528963,OAK: LAUREL,18.0,1,,POINT (514471.98178961774 3898240.088171223),2,CTC/Arena,35.225,-80.84139,1
1761405,110528963,OAK: LAUREL,18.0,1,,POINT (514471.98178961774 3898240.088171223),3,3rd St/Convention,35.22361,-80.84306,1
1761406,110528964,OAK: LAUREL,8.0,1,115 E 5TH ST,POINT (514429.097062361 3898284.8124393),1,7th Street,35.22722,-80.83806,1
1761406,110528964,OAK: LAUREL,8.0,1,115 E 5TH ST,POINT (514429.097062361 3898284.8124393),2,CTC/Arena,35.225,-80.84139,1
1761407,110528965,OAK: LAUREL,13.0,1,115 E 5TH ST,POINT (514424.6284441896 3898289.210301067),1,7th Street,35.22722,-80.83806,1
1761407,110528965,OAK: LAUREL,13.0,1,115 E 5TH ST,POINT (514424.6284441896 3898289.210301067),2,CTC/Arena,35.225,-80.84139,1
1761408,110528966,OAK: LAUREL,4.0,1,200 N TRYON ST,POINT (514405.51530270185 3898309.603300793),1,7th Street,35.22722,-80.83806,1
1761408,110528966,OAK: LAUREL,4.0,1,200 N TRYON ST,POINT (514405.51530270185 3898309.603300793),2,CTC/Arena,35.225,-80.84139,1
1761409,110528967,OAK: LAUREL,3.0,1,,POINT (514472.46454879036 3898259.1306227734),1,7th Street,35.22722,-80.83806,1
1761409,110528967,OAK: LAUREL,3.0,1,,POINT (514472.46454879036 3898259.1306227734),2,CTC/Arena,35.225,-80.84139,1
1761409,110528967,OAK: LAUREL,3.0,1,,POINT (514472.46454879036 3898259.1306227734),3,3rd St/Convention,35.22361,-80.84306,1
1761410,110528968,OAK: LAUREL,4.0,1,,POINT (514478.70499161637 3898253.043276647),1,7th Street,35.22722,-80.83806,1
1761410,110528968,OAK: LAUREL,4.0,1,,POINT (514478.70499161637 3898253.043276647),2,CTC/Arena,35.225,-80.84139,1
1761410,110528968,OAK: LAUREL,4.0,1,,POINT (514478.70499161637 3898253.043276647),3,3rd St/Convention,35.22361,-80.84306,1
1761411,110528969,OAK: LAUREL,9.0,1,,POINT (514554.2758637181 3898149.7717598244),1,7th Street,35.22722,-80.83806,1
1761411,110528969,OAK: LAUREL,9.0,1,,POINT (514554.2758637181 3898149.7717598244),2,CTC/Arena,35.225,-80.84139,1
1761411,110528969,OAK: LAUREL,9.0,1,,POINT (514554.2758637181 3898149.7717598244),3,3rd St/Convention,35.22361,-80.84306,1
1761412,110528970,OAK: LAUREL,9.0,1,,POINT (514531.95259872224 3898169.0004550177),1,7th Street,35.22722,-80.83806,1
1761412,110528970,OAK: LAUREL,9.0,1,,POINT (514531.95259872224 3898169.0004550177),2,CTC/Arena,35.225,-80.84139,1
1761412,110528970,OAK: LAUREL,9.0,1,,POINT (514531.95259872224 3898169.0004550177),3,3rd St/Convention,35.22361,-80.84306,1
1761413,110528971,OAK: LAUREL,6.0,1,,POINT (514515.85547692893 3898188.379997426),1,7th Street,35.22722,-80.83806,1
1761413,110528971,OAK: LAUREL,6.0,1,,POINT (514515.85547692893 3898188.379997426),2,CTC/Arena,35.225,-80.84139,1
1761413,110528971,OAK: LAUREL,6.0,1,,POINT (514515.85547692893 3898188.379997426),3,3rd St/Convention,35.22361,-80.84306,1
1761414,110528972,OAK: LAUREL,19.0,1,,POINT (514640.83405558823 3898275.711884861),0,9th Street,35.2297,-80.835,1
1761414,110528972,OAK: LAUREL,19.0,1,,POINT (514640.83405558823 3898275.711884861),1,7th Street,35.22722,-80.83806,1
1761414,110528972,OAK: LAUREL,19.0,1,,POINT (514640.83405558823 3898275.711884861),2,CTC/Arena,35.225,-80.84139,1
1761415,110528973,OAK: LAUREL,15.0,1,,POINT (514646.3754691921 3898270.377702347),0,9th Street,35.2297,-80.835,1
1761415,110528973,OAK: LAUREL,15.0,1,,POINT (514646.3754691921 3898270.377702347),1,7th Street,35.22722,-80.83806,1
1761415,110528973,OAK: LAUREL,15.0,1,,POINT (514646.3754691921 3898270.377702347),2,CTC/Arena,35.225,-80.84139,1
1761416,110528974,OAK: LAUREL,18.0,1,,POINT (514663.3971947334 3898252.200909617),0,9th Street,35.2297,-80.835,1
1761416,110528974,OAK: LAUREL,18.0,1,,POINT (514663.3971947334 3898252.200909617),1,7th Street,35.22722,-80.83806,1
1761416,110528974,OAK: LAUREL,18.0,1,,POINT (514663.3971947334 3898252.200909617),2,CTC/Arena,35.225,-80.84139,1
1761417,110528975,OAK: LAUREL,13.0,1,,POINT (514669.2742933328 3898246.310528344),0,9th Street,35.2297,-80.835,1
1761417,110528975,OAK: LAUREL,13.0,1,,POINT (514669.2742933328 3898246.310528344),1,7th Street,35.22722,-80.83806,1
1761417,110528975,OAK: LAUREL,13.0,1,,POINT (514669.2742933328 3898246.310528344),2,CTC/Arena,35.225,-80.84139,1
1761418,110528976,OAK: LAUREL,15.0,1,,POINT (514674.52345818316 3898239.9822234144),0,9th Street,35.2297,-80.835,1
1761418,110528976,OAK: LAUREL,15.0,1,,POINT (514674.52345818316 3898239.9822234144),1,7th Street,35.22722,-80.83806,1
1761418,110528976,OAK: LAUREL,15.0,1,,POINT (514674.52345818316 3898239.9822234144),2,CTC/Arena,35.225,-80.84139,1
1761419,110528977,OAK: LAUREL,13.0,1,,POINT (514697.92401300016 3898213.599213878),0,9th Street,35.2297,-80.835,1
1761419,110528977,OAK: LAUREL,13.0,1,,POINT (514697.92401300016 3898213.599213878),1,7th Street,35.22722,-80.83806,1
1761419,110528977,OAK: LAUREL,13.0,1,,POINT (514697.92401300016 3898213.599213878),2,CTC/Arena,35.225,-80.84139,1
1761420,110528978,OAK: LAUREL,9.0,1,,POINT (514704.2987677818 3898206.1758629037),0,9th Street,35.2297,-80.835,1
1761420,110528978,OAK: LAUREL,9.0,1,,POINT (514704.2987677818 3898206.1758629037),1,7th Street,35.22722,-80.83806,1
1761420,110528978,OAK: LAUREL,9.0,1,,POINT (514704.2987677818 3898206.1758629037),2,CTC/Arena,35.225,-80.84139,1
1761421,110528979,OAK: LAUREL,9.0,1,,POINT (514711.37095482036 3898200.217567178),1,7th Street,35.22722,-80.83806,1
1761421,110528979,OAK: LAUREL,9.0,1,,POINT (514711.37095482036 3898200.217567178),2,CTC/Arena,35.225,-80.84139,1
1761422,110528980,OAK: LAUREL,7.0,1,,POINT (514834.3668899375 3898229.087619141),0,9th Street,35.2297,-80.835,1
1761422,110528980,OAK: LAUREL,7.0,1,,POINT (514834.3668899375 3898229.087619141),1,7th Street,35.22722,-80.83806,1
1761422,110528980,OAK: LAUREL,7.0,1,,POINT (514834.3668899375 3898229.087619141),2,CTC/Arena,35.225,-80.84139,1
1761423,110528981,OAK: LAUREL,10.0,1,,POINT (514826.06187976 3898233.2049967204),0,9th Street,35.2297,-80.835,1
1761423,110528981,OAK: LAUREL,10.0,1,,POINT (514826.06187976 3898233.2049967204),1,7th Street,35.22722,-80.83806,1
1761423,110528981,OAK: LAUREL,10.0,1,,POINT (514826.06187976 3898233.2049967204),2,CTC/Arena,35.225,-80.84139,1
1761424,110528982,OAK: LAUREL,14.0,1,,POINT (514800.1452910898 3898259.890788886),0,9th Street,35.2297,-80.835,1
1761424,110528982,OAK: LAUREL,14.0,1,,POINT (514800.1452910898 3898259.890788886),1,7th Street,35.22722,-80.83806,1
1761425,110528983,OAK: LAUREL,14.0,1,,POINT (514794.76735992933 3898265.349357652),0,9th Street,35.2297,-80.835,1
1761425,110528983,OAK: LAUREL,14.0,1,,POINT (514794.76735992933 3898265.349357652),1,7th Street,35.22722,-80.83806,1
1761426,110528984,OAK: LAUREL,13.0,1,,POINT (514788.1639951704 3898273.4786550594),0,9th Street,35.2297,-80.835,1
1761426,110528984,OAK: LAUREL,13.0,1,,POINT (514788.1639951704 3898273.4786550594),1,7th Street,35.22722,-80.83806,1
1761427,110528985,OAK: LAUREL,8.0,1,,POINT (514692.00252076105 3898201.3605142757),0,9th Street,35.2297,-80.835,1
1761427,110528985,OAK: LAUREL,8.0,1,,POINT (514692.00252076105 3898201.3605142757),1,7th Street,35.22722,-80.83806,1
1761427,110528985,OAK: LAUREL,8.0,1,,POINT (514692.00252076105 3898201.3605142757),2,CTC/Arena,35.225,-80.84139,1
1761428,110528986,OAK: LAUREL,15.0,1,,POINT (514782.17042584106 3898281.487047987),0,9th Street,35.2297,-80.835,1
1761428,110528986,OAK: LAUREL,15.0,1,,POINT (514782.17042584106 3898281.487047987),1,7th Street,35.22722,-80.83806,1
1761429,110528987,OAK: LAUREL,19.0,1,,POINT (514704.28883331723 3898369.441835536),0,9th Street,35.2297,-80.835,1
1761429,110528987,OAK: LAUREL,19.0,1,,POINT (514704.28883331723 3898369.441835536),1,7th Street,35.22722,-80.83806,1
1761429,110528987,OAK: LAUREL,19.0,1,,POINT (514704.28883331723 3898369.441835536),2,CTC/Arena,35.225,-80.84139,1
1761430,110528988,OAK: LAUREL,4.0,1,,POINT (514607.09226672753 3898287.163315595),0,9th Street,35.2297,-80.835,1
1761430,110528988,OAK: LAUREL,4.0,1,,POINT (514607.09226672753 3898287.163315595),1,7th Street,35.22722,-80.83806,1
1761430,110528988,OAK: LAUREL,4.0,1,,POINT (514607.09226672753 3898287.163315595),2,CTC/Arena,35.225,-80.84139,1
1761431,110528989,OAK: LAUREL,11.0,1,,POINT (514699.39795103413 3898374.901317967),0,9th Street,35.2297,-80.835,1
1761431,110528989,OAK: LAUREL,11.0,1,,POINT (514699.39795103413 3898374.901317967),1,7th Street,35.22722,-80.83806,1
1761431,110528989,OAK: LAUREL,11.0,1,,POINT (514699.39795103413 3898374.901317967),2,CTC/Arena,35.225,-80.84139,1
1761432,110528990,OAK: LAUREL,4.0,1,,POINT (514602.890601594 3898291.8653364833),0,9th Street,35.2297,-80.835,1
1761432,110528990,OAK: LAUREL,4.0,1,,POINT (514602.890601594 3898291.8653364833),1,7th Street,35.22722,-80.83806,1
1761432,110528990,OAK: LAUREL,4.0,1,,POINT (514602.890601594 3898291.8653364833),2,CTC/Arena,35.225,-80.84139,1
1761433,110528991,OAK: LAUREL,15.0,1,,POINT (514694.0199817722 3898380.4808774446),0,9th Street,35.2297,-80.835,1
1761433,110528991,OAK: LAUREL,15.0,1,,POINT (514694.0199817722 3898380.4808774446),1,7th Street,35.22722,-80.83806,1
1761433,110528991,OAK: LAUREL,15.0,1,,POINT (514694.0199817722 3898380.4808774446),2,CTC/Arena,35.225,-80.84139,1
1761434,110528992,OAK: LAUREL,16.0,1,,POINT (514688.8860120841 3898385.4541941187),0,9th Street,35.2297,-80.835,1
1761434,110528992,OAK: LAUREL,16.0,1,,POINT (514688.8860120841 3898385.4541941187),1,7th Street,35.22722,-80.83806,1
1761434,110528992,OAK: LAUREL,16.0,1,,POINT (514688.8860120841 3898385.4541941187),2,CTC/Arena,35.225,-80.84139,1
1761435,110528993,OAK: LAUREL,19.0,1,,POINT (514682.89472393703 3898392.733981268),0,9th Street,35.2297,-80.835,1
1761435,110528993,OAK: LAUREL,19.0,1,,POINT (514682.89472393703 3898392.733981268),1,7th Street,35.22722,-80.83806,1
1761435,110528993,OAK: LAUREL,19.0,1,,POINT (514682.89472393703 3898392.733981268),2,CTC/Arena,35.225,-80.84139,1
1761436,110528994,OAK: LAUREL,12.0,1,301 N COLLEGE ST,POINT (514559.155657194 3898356.865916361),1,7th Street,35.22722,-80.83806,1
1761436,110528994,OAK: LAUREL,12.0,1,301 N COLLEGE ST,POINT (514559.155657194 3898356.865916361),2,CTC/Arena,35.225,-80.84139,1
1761437,110528995,OAK: LAUREL,19.0,1,301 N COLLEGE ST,POINT (514562.6098694758 3898353.5089442367),1,7th Street,35.22722,-80.83806,1
1761437,110528995,OAK: LAUREL,19.0,1,301 N COLLEGE ST,POINT (514562.6098694758 3898353.5089442367),2,CTC/Arena,35.225,-80.84139,1
1761438,110528996,OAK: LAUREL,13.0,1,301 N COLLEGE ST,POINT (514568.696297045 3898347.5965828868),0,9th Street,35.2297,-80.835,1
1761438,110528996,OAK: LAUREL,13.0,1,301 N COLLEGE ST,POINT (514568.696297045 3898347.5965828868),1,7th Street,35.22722,-80.83806,1
1761438,110528996,OAK: LAUREL,13.0,1,301 N COLLEGE ST,POINT (514568.696297045 3898347.5965828868),2,CTC/Arena,35.225,-80.84139,1
1761439,110528997,OAK: LAUREL,9.0,1,301 N COLLEGE ST,POINT (514571.98953224777 3898344.755132496),0,9th Street,35.2297,-80.835,1
1761439,110528997,OAK: LAUREL,9.0,1,301 N COLLEGE ST,POINT (514571.98953224777 3898344.755132496),1,7th Street,35.22722,-80.83806,1
1761439,110528997,OAK: LAUREL,9.0,1,301 N COLLEGE ST,POINT (514571.98953224777 3898344.755132496),2,CTC/Arena,35.225,-80.84139,1
1761440,110528998,OAK: LAUREL,13.0,1,112 E 7TH ST,POINT (514634.8021058005 3898442.9983405205),0,9th Street,35.2297,-80.835,1
1761440,110528998,OAK: LAUREL,13.0,1,112 E 7TH ST,POINT (514634.8021058005 3898442.9983405205),1,7th Street,35.22722,-80.83806,1
1761448,110529006,OAK: LAUREL,4.0,1,,POINT (514367.371174571 3898351.5872745514),1,7th Street,35.22722,-80.83806,1
1761448,110529006,OAK: LAUREL,4.0,1,,POINT (514367.371174571 3898351.5872745514),2,CTC/Arena,35.225,-80.84139,1
1761449,110529007,OAK: LAUREL,4.0,1,,POINT (514360.0374085334 3898358.6223259787),1,7th Street,35.22722,-80.83806,1
1761449,110529007,OAK: LAUREL,4.0,1,,POINT (514360.0374085334 3898358.6223259787),2,CTC/Arena,35.225,-80.84139,1
1761450,110529008,OAK: LAUREL,4.0,1,,POINT (514352.2139240407 3898366.87082809),2,CTC/Arena,35.225,-80.84139,1
1761451,110529009,OAK: LAUREL,4.0,1,,POINT (514343.5634803864 3898375.561737075),2,CTC/Arena,35.225,-80.84139,1
1761452,110529010,OAK: LAUREL,4.0,1,127 N TRYON ST #1,POINT (514334.6114141516 3898385.12820954),2,CTC/Arena,35.225,-80.84139,1
1761453,110529011,OAK: LAUREL,4.0,1,127 N TRYON ST #1,POINT (514321.9613603674 3898399.7981244475),2,CTC/Arena,35.225,-80.84139,1
1761454,110529012,OAK: LAUREL,4.0,1,,POINT (514356.22424630035 3898377.6900115353),2,CTC/Arena,35.225,-80.84139,1
1761455,110529013,OAK: LAUREL,4.0,1,116 W 5TH ST,POINT (514351.2124596273 3898382.66378947),2,CTC/Arena,35.225,-80.84139,1
1761456,110529014,OAK: LAUREL,4.0,1,,POINT (514361.48077200004 3898372.232097584),2,CTC/Arena,35.225,-80.84139,1
1761457,110529015,OAK: LAUREL,11.0,1,,POINT (514661.8923746952 3898596.96261088),0,9th Street,35.2297,-80.835,1
1761458,110529016,OAK: LAUREL,6.0,1,,POINT (514036.5700416114 3897930.5151456874),3,3rd St/Convention,35.22361,-80.84306,1
1761458,110529016,OAK: LAUREL,6.0,1,,POINT (514036.5700416114 3897930.5151456874),4,Brooklyn Village,35.22139,-80.84694,1
1761459,110529017,OAK: LAUREL,6.0,1,,POINT (514010.7776251033 3897957.3264245875),3,3rd St/Convention,35.22361,-80.84306,1
1761459,110529017,OAK: LAUREL,6.0,1,,POINT (514010.7776251033 3897957.3264245875),4,Brooklyn Village,35.22139,-80.84694,1
1761460,110529018,OAK: LAUREL,99.0,1,,POINT (513732.7159469175 3897907.9359759386),4,Brooklyn Village,35.22139,-80.84694,1
1761461,110529019,OAK: LAUREL,99.0,1,,POINT (513759.41595844115 3897878.124289858),4,Brooklyn Village,35.22139,-80.84694,1
1761462,110529020,OAK: LAUREL,99.0,1,,POINT (513669.28446052724 3897968.1021747435),4,Brooklyn Village,35.22139,-80.84694,1
1761463,110529021,OAK: LAUREL,99.0,1,,POINT (513662.8047168539 3897975.6247007004),4,Brooklyn Village,35.22139,-80.84694,1
1761471,110529029,OAK: LAUREL,99.0,1,,POINT (513678.9099210146 3897978.200949235),4,Brooklyn Village,35.22139,-80.84694,1
1761472,110529030,OAK: LAUREL,99.0,1,,POINT (513684.53377492994 3897971.6485116477),4,Brooklyn Village,35.22139,-80.84694,1
1761473,110529031,OAK: LAUREL,99.0,1,,POINT (513689.18296784355 3897964.486975498),4,Brooklyn Village,35.22139,-80.84694,1
1761474,110529032,OAK: LAUREL,13.0,1,,POINT (514138.15864225256 3898211.509696481),2,CTC/Arena,35.225,-80.84139,1
1761474,110529032,OAK: LAUREL,13.0,1,,POINT (514138.15864225256 3898211.509696481),3,3rd St/Convention,35.22361,-80.84306,1
1761475,110529033,OAK: LAUREL,5.0,1,,POINT (514153.31700301054 3898195.4960150635),2,CTC/Arena,35.225,-80.84139,1
1761475,110529033,OAK: LAUREL,5.0,1,,POINT (514153.31700301054 3898195.4960150635),3,3rd St/Convention,35.22361,-80.84306,1
1761479,110529037,OAK: LAUREL,99.0,1,,POINT (513732.4586391762 3898077.300894475),4,Brooklyn Village,35.22139,-80.84694,1
1761480,110529038,OAK: LAUREL,99.0,1,,POINT (513739.7928992066 3898069.779687017),4,Brooklyn Village,35.22139,-80.84694,1
1761481,110529039,OAK: LAUREL,99.0,1,,POINT (513746.5162245326 3898062.5004528076),4,Brooklyn Village,35.22139,-80.84694,1
1761482,110529040,OAK: LAUREL,99.0,1,,POINT (513753.7280144853 3898054.734993913),4,Brooklyn Village,35.22139,-80.84694,1
1761483,110529041,OAK: LAUREL,99.0,1,,POINT (513760.5740163585 3898046.9701642585),4,Brooklyn Village,35.22139,-80.84694,1
1761484,110529042,OAK: LAUREL,4.0,1,,POINT (514103.6973729955 3898420.1567875072),2,CTC/Arena,35.225,-80.84139,1
1761485,110529043,OAK: LAUREL,4.0,1,,POINT (513936.1390106427 3898239.807262733),3,3rd St/Convention,35.22361,-80.84306,1
1761486,110529044,OAK: LAUREL,4.0,1,,POINT (513929.08491387684 3898224.366758972),3,3rd St/Convention,35.22361,-80.84306,1
1761487,110529045,OAK: LAUREL,4.0,1,,POINT (513904.5133383243 3898251.54401028),3,3rd St/Convention,35.22361,-80.84306,1
1761488,110529046,OAK: LAUREL,4.0,1,,POINT (513896.44542565336 3898260.400244924),3,3rd St/Convention,35.22361,-80.84306,1
1761489,110529047,OAK: LAUREL,4.0,1,225 S MINT ST,POINT (513860.38450704736 3898298.8585245004),3,3rd St/Convention,35.22361,-80.84306,1
1761492,110529050,OAK: LAUREL,4.0,1,,POINT (513826.7711231253 3898173.5468332106),3,3rd St/Convention,35.22361,-80.84306,1
1761493,110529051,OAK: LAUREL,4.0,1,224 E MARTIN LUTHER KING JR BV,POINT (513834.9612375605 3898165.1764283646),3,3rd St/Convention,35.22361,-80.84306,1
1761494,110529052,OAK: LAUREL,4.0,1,224 E MARTIN LUTHER KING JR BV,POINT (513849.38755967625 3898148.432547175),3,3rd St/Convention,35.22361,-80.84306,1
1761495,110529053,OAK: LAUREL,4.0,1,,POINT (513854.6802032046 3898119.2814549226),3,3rd St/Convention,35.22361,-80.84306,1
1761496,110529054,OAK: LAUREL,4.0,1,224 E MARTIN LUTHER KING JR BV,POINT (513833.7752547127 3898142.698342108),3,3rd St/Convention,35.22361,-80.84306,1
1761497,110529055,OAK: LAUREL,4.0,1,224 E MARTIN LUTHER KING JR BV,POINT (513826.5616429182 3898151.070323593),3,3rd St/Convention,35.22361,-80.84306,1
1761498,110529056,OAK: LAUREL,21.0,1,,POINT (514738.03058616654 3898332.8063894855),0,9th Street,35.2297,-80.835,1
1761498,110529056,OAK: LAUREL,21.0,1,,POINT (514738.03058616654 3898332.8063894855),1,7th Street,35.22722,-80.83806,1
1761498,110529056,OAK: LAUREL,21.0,1,,POINT (514738.03058616654 3898332.8063894855),2,CTC/Arena,35.225,-80.84139,1
1761499,110529057,OAK: LAUREL,22.0,1,,POINT (514723.23678826255 3898349.669163491),0,9th Street,35.2297,-80.835,1
1761499,110529057,OAK: LAUREL,22.0,1,,POINT (514723.23678826255 3898349.669163491),1,7th Street,35.22722,-80.83806,1
1761499,110529057,OAK: LAUREL,22.0,1,,POINT (514723.23678826255 3898349.669163491),2,CTC/Arena,35.225,-80.84139,1
1761500,110529058,OAK: LAUREL,4.0,1,,POINT (514591.79266439285 3898305.7798793516),0,9th Street,35.2297,-80.835,1
1761500,110529058,OAK: LAUREL,4.0,1,,POINT (514591.79266439285 3898305.7798793516),1,7th Street,35.22722,-80.83806,1
1761500,110529058,OAK: LAUREL,4.0,1,,POINT (514591.79266439285 3898305.7798793516),2,CTC/Arena,35.225,-80.84139,1
1761501,110529059,OAK: LAUREL,5.0,1,,POINT (514587.97572866885 3898308.8811597503),0,9th Street,35.2297,-80.835,1
1761501,110529059,OAK: LAUREL,5.0,1,,POINT (514587.97572866885 3898308.8811597503),1,7th Street,35.22722,-80.83806,1
1761501,110529059,OAK: LAUREL,5.0,1,,POINT (514587.97572866885 3898308.8811597503),2,CTC/Arena,35.225,-80.84139,1
1761502,110529060,OAK: LAUREL,9.0,1,301 N COLLEGE ST,POINT (514553.7574200577 3898343.4714379776),1,7th Street,35.22722,-80.83806,1
1761502,110529060,OAK: LAUREL,9.0,1,301 N COLLEGE ST,POINT (514553.7574200577 3898343.4714379776),2,CTC/Arena,35.225,-80.84139,1
1761503,110529061,OAK: LAUREL,9.0,1,,POINT (514527.4091549893 3898367.0409365757),1,7th Street,35.22722,-80.83806,1
1761503,110529061,OAK: LAUREL,9.0,1,,POINT (514527.4091549893 3898367.0409365757),2,CTC/Arena,35.225,-80.84139,1
1761504,110529062,OAK: LAUREL,7.0,1,300 N TRYON ST,POINT (514513.24232759053 3898408.5926886224),1,7th Street,35.22722,-80.83806,1
1761504,110529062,OAK: LAUREL,7.0,1,300 N TRYON ST,POINT (514513.24232759053 3898408.5926886224),2,CTC/Arena,35.225,-80.84139,1
1761505,110529063,OAK: LAUREL,18.0,1,300 N TRYON ST,POINT (514519.53506005916 3898401.647153789),1,7th Street,35.22722,-80.83806,1
1761505,110529063,OAK: LAUREL,18.0,1,300 N TRYON ST,POINT (514519.53506005916 3898401.647153789),2,CTC/Arena,35.225,-80.84139,1
1761506,110529064,OAK: LAUREL,10.0,1,300 N TRYON ST,POINT (514522.66433152626 3898395.4794224235),1,7th Street,35.22722,-80.83806,1
1761506,110529064,OAK: LAUREL,10.0,1,300 N TRYON ST,POINT (514522.66433152626 3898395.4794224235),2,CTC/Arena,35.225,-80.84139,1
1761508,110529066,OAK: LAUREL,22.0,1,,POINT (514406.92267594906 3898497.6822533086),1,7th Street,35.22722,-80.83806,1
1761509,110529067,OAK: LAUREL,25.0,1,,POINT (514396.1484361952 3898507.5263898475),1,7th Street,35.22722,-80.83806,1
1761513,110529071,OAK: LAUREL,22.0,1,,POINT (514511.2891373903 3898588.4773821887),1,7th Street,35.22722,-80.83806,1
1761514,110529072,OAK: LAUREL,22.0,1,,POINT (514516.8669025397 3898581.880017575),1,7th Street,35.22722,-80.83806,1
1761515,110529073,OAK: LAUREL,26.0,1,,POINT (514523.0208450012 3898574.5970089817),1,7th Street,35.22722,-80.83806,1
1761516,110529074,OAK: LAUREL,4.0,1,,POINT (514613.0733049261 3898649.8520529177),0,9th Street,35.2297,-80.835,1
1761518,110529076,OAK: LAUREL,20.0,1,,POINT (514700.6714636014 3898744.936420042),0,9th Street,35.2297,-80.835,1
1761519,110529077,OAK: LAUREL,20.0,1,,POINT (514683.3896427852 3898764.17069889),0,9th Street,35.2297,-80.835,1
1761520,110529078,OAK: LAUREL,26.0,1,,POINT (514815.82305825903 3898725.304174058),0,9th Street,35.2297,-80.835,1
1761521,110529079,OAK: LAUREL,16.0,1,,POINT (514932.9461383957 3898869.246822902),0,9th Street,35.2297,-80.835,1
1761522,110529080,OAK: LAUREL,20.0,1,,POINT (514926.53158445226 3898875.5386470156),0,9th Street,35.2297,-80.835,1
1761523,110529081,OAK: LAUREL,20.0,1,,POINT (514922.74264369824 3898881.637491042),0,9th Street,35.2297,-80.835,1
1761524,110529082,OAK: LAUREL,20.0,1,N TRYON ST,POINT (514914.0664496744 3898889.382945111),0,9th Street,35.2297,-80.835,1
1761525,110529083,OAK: LAUREL,21.0,1,120 W 11TH ST,POINT (514900.9674828955 3898904.0845138608),0,9th Street,35.2297,-80.835,1
1761526,110529084,OAK: LAUREL,22.0,1,,POINT (514886.4336832066 3898917.5716511924),0,9th Street,35.2297,-80.835,1
1761527,110529085,OAK: LAUREL,4.0,1,,POINT (514090.36723454605 3898241.52017605),2,CTC/Arena,35.225,-80.84139,1
1761527,110529085,OAK: LAUREL,4.0,1,,POINT (514090.36723454605 3898241.52017605),3,3rd St/Convention,35.22361,-80.84306,1
1761528,110529086,OAK: LAUREL,4.0,1,,POINT (514082.44832873624 3898249.7899532844),2,CTC/Arena,35.225,-80.84139,1
1761528,110529086,OAK: LAUREL,4.0,1,,POINT (514082.44832873624 3898249.7899532844),3,3rd St/Convention,35.22361,-80.84306,1
1761529,110529087,OAK: LAUREL,4.0,1,,POINT (514467.1204234248 3898244.7725999886),1,7th Street,35.22722,-80.83806,1
1761529,110529087,OAK: LAUREL,4.0,1,,POINT (514467.1204234248 3898244.7725999886),2,CTC/Arena,35.225,-80.84139,1
1761529,110529087,OAK: LAUREL,4.0,1,,POINT (514467.1204234248 3898244.7725999886),3,3rd St/Convention,35.22361,-80.84306,1
1761530,110529088,OAK: LAUREL,15.0,1,,POINT (514462.03703088895 3898249.394559058),1,7th Street,35.22722,-80.83806,1
1761530,110529088,OAK: LAUREL,15.0,1,,POINT (514462.03703088895 3898249.394559058),2,CTC/Arena,35.225,-80.84139,1
1761530,110529088,OAK: LAUREL,15.0,1,,POINT (514462.03703088895 3898249.394559058),3,3rd St/Convention,35.22361,-80.84306,1
1761531,110529089,OAK: LAUREL,12.0,1,,POINT (514458.74172315316 3898253.5646785954),1,7th Street,35.22722,-80.83806,1
1761531,110529089,OAK: LAUREL,12.0,1,,POINT (514458.74172315316 3898253.5646785954),2,CTC/Arena,35.225,-80.84139,1
1761531,110529089,OAK: LAUREL,12.0,1,,POINT (514458.74172315316 3898253.5646785954),3,3rd St/Convention,35.22361,-80.84306,1
1761532,110529090,OAK: LAUREL,12.0,1,,POINT (514454.75116858166 3898257.6649934584),1,7th Street,35.22722,-80.83806,1
1761532,110529090,OAK: LAUREL,12.0,1,,POINT (514454.75116858166 3898257.6649934584),2,CTC/Arena,35.225,-80.84139,1
1761533,110529091,OAK: LAUREL,4.0,1,130 N TRYON ST,POINT (514437.5066913071 3898275.4481224506),1,7th Street,35.22722,-80.83806,1
1761533,110529091,OAK: LAUREL,4.0,1,130 N TRYON ST,POINT (514437.5066913071 3898275.4481224506),2,CTC/Arena,35.225,-80.84139,1
1761534,110529092,OAK: LAUREL,11.0,1,130 N TRYON ST,POINT (514433.5347905692 3898279.853392695),1,7th Street,35.22722,-80.83806,1
1761534,110529092,OAK: LAUREL,11.0,1,130 N TRYON ST,POINT (514433.5347905692 3898279.853392695),2,CTC/Arena,35.225,-80.84139,1
1761535,110529093,OAK: LAUREL,13.0,1,115 E 5TH ST,POINT (514417.8387101724 3898296.207217698),1,7th Street,35.22722,-80.83806,1
1761535,110529093,OAK: LAUREL,13.0,1,115 E 5TH ST,POINT (514417.8387101724 3898296.207217698),2,CTC/Arena,35.225,-80.84139,1
1761536,110529094,OAK: LAUREL,4.0,1,200 N TRYON ST,POINT (514411.3719773982 3898304.473457752),1,7th Street,35.22722,-80.83806,1
1761536,110529094,OAK: LAUREL,4.0,1,200 N TRYON ST,POINT (514411.3719773982 3898304.473457752),2,CTC/Arena,35.225,-80.84139,1
1761537,110529095,OAK: LAUREL,11.0,1,,POINT (514475.3514258394 3898256.5911639985),1,7th Street,35.22722,-80.83806,1
1761537,110529095,OAK: LAUREL,11.0,1,,POINT (514475.3514258394 3898256.5911639985),2,CTC/Arena,35.225,-80.84139,1
1761537,110529095,OAK: LAUREL,11.0,1,,POINT (514475.3514258394 3898256.5911639985),3,3rd St/Convention,35.22361,-80.84306,1
1761538,110529096,OAK: LAUREL,7.0,1,,POINT (514481.67649987683 3898249.94616056),1,7th Street,35.22722,-80.83806,1
1761538,110529096,OAK: LAUREL,7.0,1,,POINT (514481.67649987683 3898249.94616056),2,CTC/Arena,35.225,-80.84139,1
1761538,110529096,OAK: LAUREL,7.0,1,,POINT (514481.67649987683 3898249.94616056),3,3rd St/Convention,35.22361,-80.84306,1
1761539,110529097,OAK: LAUREL,5.0,1,,POINT (514502.8708412178 3898223.437106164),1,7th Street,35.22722,-80.83806,1
1761539,110529097,OAK: LAUREL,5.0,1,,POINT (514502.8708412178 3898223.437106164),2,CTC/Arena,35.225,-80.84139,1
1761539,110529097,OAK: LAUREL,5.0,1,,POINT (514502.8708412178 3898223.437106164),3,3rd St/Convention,35.22361,-80.84306,1
1761540,110529098,OAK: LAUREL,5.0,1,,POINT (514508.5633463487 3898215.785223706),1,7th Street,35.22722,-80.83806,1
1761540,110529098,OAK: LAUREL,5.0,1,,POINT (514508.5633463487 3898215.785223706),2,CTC/Arena,35.225,-80.84139,1
1761540,110529098,OAK: LAUREL,5.0,1,,POINT (514508.5633463487 3898215.785223706),3,3rd St/Convention,35.22361,-80.84306,1
1761541,110529099,OAK: LAUREL,4.0,1,,POINT (514517.4151323774 3898208.282591176),1,7th Street,35.22722,-80.83806,1
1761541,110529099,OAK: LAUREL,4.0,1,,POINT (514517.4151323774 3898208.282591176),2,CTC/Arena,35.225,-80.84139,1
1761541,110529099,OAK: LAUREL,4.0,1,,POINT (514517.4151323774 3898208.282591176),3,3rd St/Convention,35.22361,-80.84306,1
1761542,110529100,OAK: LAUREL,4.0,1,,POINT (514526.0269072839 3898198.3197871647),1,7th Street,35.22722,-80.83806,1
1761542,110529100,OAK: LAUREL,4.0,1,,POINT (514526.0269072839 3898198.3197871647),2,CTC/Arena,35.225,-80.84139,1
1761542,110529100,OAK: LAUREL,4.0,1,,POINT (514526.0269072839 3898198.3197871647),3,3rd St/Convention,35.22361,-80.84306,1
1761543,110529101,OAK: LAUREL,4.0,1,,POINT (514532.9935667324 3898189.4500605687),1,7th Street,35.22722,-80.83806,1
1761543,110529101,OAK: LAUREL,4.0,1,,POINT (514532.9935667324 3898189.4500605687),2,CTC/Arena,35.225,-80.84139,1
1761543,110529101,OAK: LAUREL,4.0,1,,POINT (514532.9935667324 3898189.4500605687),3,3rd St/Convention,35.22361,-80.84306,1
1761544,110529102,OAK: LAUREL,4.0,1,,POINT (514542.755138699 3898179.7863049805),1,7th Street,35.22722,-80.83806,1
1761544,110529102,OAK: LAUREL,4.0,1,,POINT (514542.755138699 3898179.7863049805),2,CTC/Arena,35.225,-80.84139,1
1761544,110529102,OAK: LAUREL,4.0,1,,POINT (514542.755138699 3898179.7863049805),3,3rd St/Convention,35.22361,-80.84306,1
1761545,110529103,OAK: LAUREL,3.0,1,,POINT (514554.39950206067 3898170.2010825467),1,7th Street,35.22722,-80.83806,1
1761545,110529103,OAK: LAUREL,3.0,1,,POINT (514554.39950206067 3898170.2010825467),2,CTC/Arena,35.225,-80.84139,1
1761545,110529103,OAK: LAUREL,3.0,1,,POINT (514554.39950206067 3898170.2010825467),3,3rd St/Convention,35.22361,-80.84306,1
1761546,110529104,OAK: LAUREL,10.0,1,,POINT (514560.19862431753 3898144.379365401),1,7th Street,35.22722,-80.83806,1
1761546,110529104,OAK: LAUREL,10.0,1,,POINT (514560.19862431753 3898144.379365401),2,CTC/Arena,35.225,-80.84139,1
1761546,110529104,OAK: LAUREL,10.0,1,,POINT (514560.19862431753 3898144.379365401),3,3rd St/Convention,35.22361,-80.84306,1
1761547,110529105,OAK: LAUREL,7.0,1,,POINT (514508.0899322841 3898196.6362674176),1,7th Street,35.22722,-80.83806,1
1761547,110529105,OAK: LAUREL,7.0,1,,POINT (514508.0899322841 3898196.6362674176),2,CTC/Arena,35.225,-80.84139,1
1761547,110529105,OAK: LAUREL,7.0,1,,POINT (514508.0899322841 3898196.6362674176),3,3rd St/Convention,35.22361,-80.84306,1
1761548,110529106,OAK: LAUREL,5.0,1,,POINT (514501.70479069866 3898203.240163411),1,7th Street,35.22722,-80.83806,1
1761548,110529106,OAK: LAUREL,5.0,1,,POINT (514501.70479069866 3898203.240163411),2,CTC/Arena,35.225,-80.84139,1
1761548,110529106,OAK: LAUREL,5.0,1,,POINT (514501.70479069866 3898203.240163411),3,3rd St/Convention,35.22361,-80.84306,1
1761549,110529107,OAK: LAUREL,11.0,1,,POINT (514495.65882689436 3898210.0375808855),1,7th Street,35.22722,-80.83806,1
1761549,110529107,OAK: LAUREL,11.0,1,,POINT (514495.65882689436 3898210.0375808855),2,CTC/Arena,35.225,-80.84139,1
1761549,110529107,OAK: LAUREL,11.0,1,,POINT (514495.65882689436 3898210.0375808855),3,3rd St/Convention,35.22361,-80.84306,1
1761550,110529108,OAK: LAUREL,5.0,1,,POINT (514723.087800788 3898366.3140475447),0,9th Street,35.2297,-80.835,1
1761550,110529108,OAK: LAUREL,5.0,1,,POINT (514723.087800788 3898366.3140475447),1,7th Street,35.22722,-80.83806,1
1761550,110529108,OAK: LAUREL,5.0,1,,POINT (514723.087800788 3898366.3140475447),2,CTC/Arena,35.225,-80.84139,1
1761551,110529109,OAK: LAUREL,9.0,1,,POINT (514727.9023823694 3898184.3003428103),0,9th Street,35.2297,-80.835,1
1761551,110529109,OAK: LAUREL,9.0,1,,POINT (514727.9023823694 3898184.3003428103),1,7th Street,35.22722,-80.83806,1
1761551,110529109,OAK: LAUREL,9.0,1,,POINT (514727.9023823694 3898184.3003428103),2,CTC/Arena,35.225,-80.84139,1
1761552,110529110,OAK: LAUREL,10.0,1,,POINT (514734.0434727101 3898177.3623508424),0,9th Street,35.2297,-80.835,1
1761552,110529110,OAK: LAUREL,10.0,1,,POINT (514734.0434727101 3898177.3623508424),1,7th Street,35.22722,-80.83806,1
1761552,110529110,OAK: LAUREL,10.0,1,,POINT (514734.0434727101 3898177.3623508424),2,CTC/Arena,35.225,-80.84139,1
1761553,110529111,OAK: LAUREL,9.0,1,,POINT (514740.88574005914 3898170.676270779),0,9th Street,35.2297,-80.835,1
1761553,110529111,OAK: LAUREL,9.0,1,,POINT (514740.88574005914 3898170.676270779),1,7th Street,35.22722,-80.83806,1
1761553,110529111,OAK: LAUREL,9.0,1,,POINT (514740.88574005914 3898170.676270779),2,CTC/Arena,35.225,-80.84139,1
1761554,110529112,OAK: LAUREL,12.0,1,,POINT (514747.5819701067 3898162.5781425107),0,9th Street,35.2297,-80.835,1
1761554,110529112,OAK: LAUREL,12.0,1,,POINT (514747.5819701067 3898162.5781425107),1,7th Street,35.22722,-80.83806,1
1761554,110529112,OAK: LAUREL,12.0,1,,POINT (514747.5819701067 3898162.5781425107),2,CTC/Arena,35.225,-80.84139,1
1761555,110529113,OAK: LAUREL,10.0,1,,POINT (514754.05748064106 3898157.0424952013),0,9th Street,35.2297,-80.835,1
1761555,110529113,OAK: LAUREL,10.0,1,,POINT (514754.05748064106 3898157.0424952013),1,7th Street,35.22722,-80.83806,1
1761555,110529113,OAK: LAUREL,10.0,1,,POINT (514754.05748064106 3898157.0424952013),2,CTC/Arena,35.225,-80.84139,1
1761556,110529114,OAK: LAUREL,14.0,1,,POINT (514747.9447072798 3898142.724080401),0,9th Street,35.2297,-80.835,1
1761556,110529114,OAK: LAUREL,14.0,1,,POINT (514747.9447072798 3898142.724080401),1,7th Street,35.22722,-80.83806,1
1761556,110529114,OAK: LAUREL,14.0,1,,POINT (514747.9447072798 3898142.724080401),2,CTC/Arena,35.225,-80.84139,1
1761557,110529115,OAK: LAUREL,13.0,1,,POINT (514820.06988631724 3898240.241886579),0,9th Street,35.2297,-80.835,1
1761557,110529115,OAK: LAUREL,13.0,1,,POINT (514820.06988631724 3898240.241886579),1,7th Street,35.22722,-80.83806,1
1761557,110529115,OAK: LAUREL,13.0,1,,POINT (514820.06988631724 3898240.241886579),2,CTC/Arena,35.225,-80.84139,1
1761558,110529116,OAK: LAUREL,12.0,1,,POINT (514741.86365089373 3898148.5187586774),0,9th Street,35.2297,-80.835,1
1761558,110529116,OAK: LAUREL,12.0,1,,POINT (514741.86365089373 3898148.5187586774),1,7th Street,35.22722,-80.83806,1
1761558,110529116,OAK: LAUREL,12.0,1,,POINT (514741.86365089373 3898148.5187586774),2,CTC/Arena,35.225,-80.84139,1
1761559,110529117,OAK: LAUREL,14.0,1,,POINT (514812.73692346294 3898247.033572096),0,9th Street,35.2297,-80.835,1
1761559,110529117,OAK: LAUREL,14.0,1,,POINT (514812.73692346294 3898247.033572096),1,7th Street,35.22722,-80.83806,1
1761559,110529117,OAK: LAUREL,14.0,1,,POINT (514812.73692346294 3898247.033572096),2,CTC/Arena,35.225,-80.84139,1
1761560,110529118,OAK: LAUREL,11.0,1,,POINT (514725.4292608507 3898166.2849148833),0,9th Street,35.2297,-80.835,1
1761560,110529118,OAK: LAUREL,11.0,1,,POINT (514725.4292608507 3898166.2849148833),1,7th Street,35.22722,-80.83806,1
1761560,110529118,OAK: LAUREL,11.0,1,,POINT (514725.4292608507 3898166.2849148833),2,CTC/Arena,35.225,-80.84139,1
1761561,110529119,OAK: LAUREL,2.0,1,,POINT (514709.2771600078 3898182.814941784),1,7th Street,35.22722,-80.83806,1
1761561,110529119,OAK: LAUREL,2.0,1,,POINT (514709.2771600078 3898182.814941784),2,CTC/Arena,35.225,-80.84139,1
1761562,110529120,OAK: LAUREL,2.0,1,,POINT (514703.20076839864 3898188.616313438),1,7th Street,35.22722,-80.83806,1
1761562,110529120,OAK: LAUREL,2.0,1,,POINT (514703.20076839864 3898188.616313438),2,CTC/Arena,35.225,-80.84139,1
1761563,110529121,OAK: LAUREL,8.0,1,,POINT (514685.8864494866 3898207.513362776),0,9th Street,35.2297,-80.835,1
1761563,110529121,OAK: LAUREL,8.0,1,,POINT (514685.8864494866 3898207.513362776),1,7th Street,35.22722,-80.83806,1
1761563,110529121,OAK: LAUREL,8.0,1,,POINT (514685.8864494866 3898207.513362776),2,CTC/Arena,35.225,-80.84139,1
1761564,110529122,OAK: LAUREL,5.0,1,,POINT (514648.46087818046 3898245.2787040696),0,9th Street,35.2297,-80.835,1
1761564,110529122,OAK: LAUREL,5.0,1,,POINT (514648.46087818046 3898245.2787040696),1,7th Street,35.22722,-80.83806,1
1761564,110529122,OAK: LAUREL,5.0,1,,POINT (514648.46087818046 3898245.2787040696),2,CTC/Arena,35.225,-80.84139,1
1761565,110529123,OAK: LAUREL,5.0,1,,POINT (514639.307163761 3898254.3122505364),0,9th Street,35.2297,-80.835,1
1761565,110529123,OAK: LAUREL,5.0,1,,POINT (514639.307163761 3898254.3122505364),1,7th Street,35.22722,-80.83806,1
1761565,110529123,OAK: LAUREL,5.0,1,,POINT (514639.307163761 3898254.3122505364),2,CTC/Arena,35.225,-80.84139,1
1761566,110529124,OAK: LAUREL,5.0,1,,POINT (514620.6614209067 3898273.4878519843),0,9th Street,35.2297,-80.835,1
1761566,110529124,OAK: LAUREL,5.0,1,,POINT (514620.6614209067 3898273.4878519843),1,7th Street,35.22722,-80.83806,1
1761566,110529124,OAK: LAUREL,5.0,1,,POINT (514620.6614209067 3898273.4878519843),2,CTC/Arena,35.225,-80.84139,1
1761567,110529125,OAK: LAUREL,5.0,1,,POINT (514596.30766600743 3898299.7896585613),0,9th Street,35.2297,-80.835,1
1761567,110529125,OAK: LAUREL,5.0,1,,POINT (514596.30766600743 3898299.7896585613),1,7th Street,35.22722,-80.83806,1
1761567,110529125,OAK: LAUREL,5.0,1,,POINT (514596.30766600743 3898299.7896585613),2,CTC/Arena,35.225,-80.84139,1
1761568,110529126,OAK: LAUREL,11.0,1,301 N COLLEGE ST,POINT (514574.73408307176 3898341.875028596),0,9th Street,35.2297,-80.835,1
1761568,110529126,OAK: LAUREL,11.0,1,301 N COLLEGE ST,POINT (514574.73408307176 3898341.875028596),1,7th Street,35.22722,-80.83806,1
1761568,110529126,OAK: LAUREL,11.0,1,301 N COLLEGE ST,POINT (514574.73408307176 3898341.875028596),2,CTC/Arena,35.225,-80.84139,1
1761569,110529127,OAK: LAUREL,13.0,1,112 E 7TH ST,POINT (514637.500564477 3898439.8897231533),0,9th Street,35.2297,-80.835,1
1761569,110529127,OAK: LAUREL,13.0,1,112 E 7TH ST,POINT (514637.500564477 3898439.8897231533),1,7th Street,35.22722,-80.83806,1
1761569,110529127,OAK: LAUREL,13.0,1,112 E 7TH ST,POINT (514637.500564477 3898439.8897231533),2,CTC/Arena,35.225,-80.84139,1
1761570,110529128,OAK: LAUREL,17.0,1,112 E 7TH ST,POINT (514631.7399576198 3898445.85454636),0,9th Street,35.2297,-80.835,1
1761570,110529128,OAK: LAUREL,17.0,1,112 E 7TH ST,POINT (514631.7399576198 3898445.85454636),1,7th Street,35.22722,-80.83806,1
1761571,110529129,OAK: LAUREL,6.0,1,,POINT (514593.9298476189 3898133.526680369),1,7th Street,35.22722,-80.83806,1
1761571,110529129,OAK: LAUREL,6.0,1,,POINT (514593.9298476189 3898133.526680369),2,CTC/Arena,35.225,-80.84139,1
1761571,110529129,OAK: LAUREL,6.0,1,,POINT (514593.9298476189 3898133.526680369),3,3rd St/Convention,35.22361,-80.84306,1
1761572,110529130,OAK: LAUREL,5.0,1,,POINT (514600.90028416424 3898129.7051913934),1,7th Street,35.22722,-80.83806,1
1761572,110529130,OAK: LAUREL,5.0,1,,POINT (514600.90028416424 3898129.7051913934),2,CTC/Arena,35.225,-80.84139,1
1761572,110529130,OAK: LAUREL,5.0,1,,POINT (514600.90028416424 3898129.7051913934),3,3rd St/Convention,35.22361,-80.84306,1
1761573,110529131,OAK: LAUREL,5.0,1,,POINT (514611.42211608816 3898125.544586098),1,7th Street,35.22722,-80.83806,1
1761573,110529131,OAK: LAUREL,5.0,1,,POINT (514611.42211608816 3898125.544586098),2,CTC/Arena,35.225,-80.84139,1
1761573,110529131,OAK: LAUREL,5.0,1,,POINT (514611.42211608816 3898125.544586098),3,3rd St/Convention,35.22361,-80.84306,1
1761574,110529132,OAK: LAUREL,6.0,1,,POINT (514624.0258736455 3898124.2740382366),1,7th Street,35.22722,-80.83806,1
1761574,110529132,OAK: LAUREL,6.0,1,,POINT (514624.0258736455 3898124.2740382366),2,CTC/Arena,35.225,-80.84139,1
1761575,110529133,OAK: LAUREL,2.0,1,,POINT (514638.8989478319 3898124.3003304754),1,7th Street,35.22722,-80.83806,1
1761575,110529133,OAK: LAUREL,2.0,1,,POINT (514638.8989478319 3898124.3003304754),2,CTC/Arena,35.225,-80.84139,1
1761576,110529134,OAK: LAUREL,2.0,1,,POINT (514653.8005427517 3898124.702672212),1,7th Street,35.22722,-80.83806,1
1761576,110529134,OAK: LAUREL,2.0,1,,POINT (514653.8005427517 3898124.702672212),2,CTC/Arena,35.225,-80.84139,1
1761577,110529135,OAK: LAUREL,9.0,1,,POINT (514661.0797692831 3898124.652352749),1,7th Street,35.22722,-80.83806,1
1761577,110529135,OAK: LAUREL,9.0,1,,POINT (514661.0797692831 3898124.652352749),2,CTC/Arena,35.225,-80.84139,1
1761578,110529136,OAK: LAUREL,6.0,1,,POINT (514673.07896670635 3898122.4438856603),1,7th Street,35.22722,-80.83806,1
1761578,110529136,OAK: LAUREL,6.0,1,,POINT (514673.07896670635 3898122.4438856603),2,CTC/Arena,35.225,-80.84139,1
1761592,110529150,OAK: LAUREL,6.0,1,237 S TRYON ST,POINT (514113.232964031 3898049.5035184),2,CTC/Arena,35.225,-80.84139,1
1761592,110529150,OAK: LAUREL,6.0,1,237 S TRYON ST,POINT (514113.232964031 3898049.5035184),3,3rd St/Convention,35.22361,-80.84306,1
1761592,110529150,OAK: LAUREL,6.0,1,237 S TRYON ST,POINT (514113.232964031 3898049.5035184),4,Brooklyn Village,35.22139,-80.84694,1
1761593,110529151,OAK: LAUREL,5.0,1,,POINT (514097.8845377239 3898064.791619015),2,CTC/Arena,35.225,-80.84139,1
1761593,110529151,OAK: LAUREL,5.0,1,,POINT (514097.8845377239 3898064.791619015),3,3rd St/Convention,35.22361,-80.84306,1
1761594,110529152,OAK: LAUREL,4.0,1,,POINT (514307.6962864634 3898427.5462191706),2,CTC/Arena,35.225,-80.84139,1
1761595,110529153,OAK: LAUREL,4.0,1,,POINT (514298.8949988874 3898436.765852854),2,CTC/Arena,35.225,-80.84139,1
1761596,110529154,OAK: LAUREL,4.0,1,,POINT (514438.9503661066 3898463.715595474),1,7th Street,35.22722,-80.83806,1
1761597,110529155,OAK: LAUREL,4.0,1,,POINT (514430.8811116478 3898473.179263863),1,7th Street,35.22722,-80.83806,1
1761598,110529156,OAK: LAUREL,4.0,1,,POINT (514417.19116939063 3898486.522013982),1,7th Street,35.22722,-80.83806,1
1761600,110529158,OAK: LAUREL,4.0,1,,POINT (514548.7809122045 3898549.069190843),1,7th Street,35.22722,-80.83806,1
1761601,110529159,OAK: LAUREL,4.0,1,,POINT (514554.8333832298 3898542.693276685),1,7th Street,35.22722,-80.83806,1
1761602,110529160,OAK: LAUREL,4.0,1,,POINT (514561.49105237046 3898536.20626483),0,9th Street,35.2297,-80.835,1
1761602,110529160,OAK: LAUREL,4.0,1,,POINT (514561.49105237046 3898536.20626483),1,7th Street,35.22722,-80.83806,1
1761603,110529161,OAK: LAUREL,4.0,1,,POINT (514566.0359304251 3898529.7059805607),0,9th Street,35.2297,-80.835,1
1761603,110529161,OAK: LAUREL,4.0,1,,POINT (514566.0359304251 3898529.7059805607),1,7th Street,35.22722,-80.83806,1
1761604,110529162,OAK: LAUREL,4.0,1,,POINT (514571.9548126747 3898523.756745896),0,9th Street,35.2297,-80.835,1
1761604,110529162,OAK: LAUREL,4.0,1,,POINT (514571.9548126747 3898523.756745896),1,7th Street,35.22722,-80.83806,1
1761605,110529163,OAK: LAUREL,4.0,1,,POINT (514652.41171363794 3898606.3915419364),0,9th Street,35.2297,-80.835,1
1761606,110529164,OAK: LAUREL,4.0,1,,POINT (514647.1631671524 3898611.433544829),0,9th Street,35.2297,-80.835,1
1761607,110529165,OAK: LAUREL,4.0,1,,POINT (514637.1695011976 3898623.534359763),0,9th Street,35.2297,-80.835,1
1761608,110529166,OAK: LAUREL,4.0,1,,POINT (514623.54265374655 3898639.4676084393),0,9th Street,35.2297,-80.835,1
1761609,110529167,OAK: LAUREL,4.0,1,,POINT (514606.91829441744 3898657.753798713),0,9th Street,35.2297,-80.835,1
1761610,110529168,OAK: LAUREL,4.0,1,,POINT (514600.0624865066 3898664.0895280205),0,9th Street,35.2297,-80.835,1
1761611,110529169,OAK: LAUREL,4.0,1,,POINT (514595.53068911604 3898669.359958129),0,9th Street,35.2297,-80.835,1
1761612,110529170,OAK: LAUREL,4.0,1,,POINT (514588.93266643217 3898676.673216393),0,9th Street,35.2297,-80.835,1
1761613,110529171,OAK: LAUREL,17.0,1,,POINT (514584.4215137713 3898681.524490518),0,9th Street,35.2297,-80.835,1
1761614,110529172,OAK: LAUREL,10.0,1,,POINT (514060.5318488973 3897904.1868469487),2,CTC/Arena,35.225,-80.84139,1
1761614,110529172,OAK: LAUREL,10.0,1,,POINT (514060.5318488973 3897904.1868469487),3,3rd St/Convention,35.22361,-80.84306,1
1761614,110529172,OAK: LAUREL,10.0,1,,POINT (514060.5318488973 3897904.1868469487),4,Brooklyn Village,35.22139,-80.84694,1
1761615,110529173,OAK: LAUREL,11.0,1,,POINT (514054.6627658825 3897910.8606361006),2,CTC/Arena,35.225,-80.84139,1
1761615,110529173,OAK: LAUREL,11.0,1,,POINT (514054.6627658825 3897910.8606361006),3,3rd St/Convention,35.22361,-80.84306,1
1761615,110529173,OAK: LAUREL,11.0,1,,POINT (514054.6627658825 3897910.8606361006),4,Brooklyn Village,35.22139,-80.84694,1
1761616,110529174,OAK: LAUREL,9.0,1,,POINT (514049.1626342178 3897916.076557579),3,3rd St/Convention,35.22361,-80.84306,1
1761616,110529174,OAK: LAUREL,9.0,1,,POINT (514049.1626342178 3897916.076557579),4,Brooklyn Village,35.22139,-80.84694,1
1761617,110529175,OAK: LAUREL,9.0,1,,POINT (514042.9282928839 3897922.9926704126),3,3rd St/Convention,35.22361,-80.84306,1
1761617,110529175,OAK: LAUREL,9.0,1,,POINT (514042.9282928839 3897922.9926704126),4,Brooklyn Village,35.22139,-80.84694,1
1761618,110529176,OAK: LAUREL,3.0,1,,POINT (514023.1243728016 3897944.1018013507),3,3rd St/Convention,35.22361,-80.84306,1
1761618,110529176,OAK: LAUREL,3.0,1,,POINT (514023.1243728016 3897944.1018013507),4,Brooklyn Village,35.22139,-80.84694,1
1761619,110529177,OAK: LAUREL,3.0,1,,POINT (514018.23264036694 3897950.169324782),3,3rd St/Convention,35.22361,-80.84306,1
1761619,110529177,OAK: LAUREL,3.0,1,,POINT (514018.23264036694 3897950.169324782),4,Brooklyn Village,35.22139,-80.84694,1
1761620,110529178,OAK: LAUREL,2.0,1,,POINT (514002.58776516793 3897965.3318601525),3,3rd St/Convention,35.22361,-80.84306,1
1761620,110529178,OAK: LAUREL,2.0,1,,POINT (514002.58776516793 3897965.3318601525),4,Brooklyn Village,35.22139,-80.84694,1
1761621,110529179,OAK: LAUREL,8.0,1,,POINT (513996.59840508306 3897971.518558194),3,3rd St/Convention,35.22361,-80.84306,1
1761621,110529179,OAK: LAUREL,8.0,1,,POINT (513996.59840508306 3897971.518558194),4,Brooklyn Village,35.22139,-80.84694,1
1761622,110529180,OAK: LAUREL,11.0,1,,POINT (513991.34061267675 3897977.8284890917),3,3rd St/Convention,35.22361,-80.84306,1
1761622,110529180,OAK: LAUREL,11.0,1,,POINT (513991.34061267675 3897977.8284890917),4,Brooklyn Village,35.22139,-80.84694,1
1761623,110529181,OAK: LAUREL,10.0,1,,POINT (514002.682615932 3897982.8276956826),3,3rd St/Convention,35.22361,-80.84306,1
1761623,110529181,OAK: LAUREL,10.0,1,,POINT (514002.682615932 3897982.8276956826),4,Brooklyn Village,35.22139,-80.84694,1
1761624,110529182,OAK: LAUREL,12.0,1,,POINT (514007.81639190536 3897977.853976029),3,3rd St/Convention,35.22361,-80.84306,1
1761624,110529182,OAK: LAUREL,12.0,1,,POINT (514007.81639190536 3897977.853976029),4,Brooklyn Village,35.22139,-80.84694,1
1761625,110529183,OAK: LAUREL,5.0,1,,POINT (514011.2398959055 3897973.728237221),3,3rd St/Convention,35.22361,-80.84306,1
1761625,110529183,OAK: LAUREL,5.0,1,,POINT (514011.2398959055 3897973.728237221),4,Brooklyn Village,35.22139,-80.84694,1
1761626,110529184,OAK: LAUREL,8.0,1,,POINT (514015.76297301485 3897968.8756037555),3,3rd St/Convention,35.22361,-80.84306,1
1761626,110529184,OAK: LAUREL,8.0,1,,POINT (514015.76297301485 3897968.8756037555),4,Brooklyn Village,35.22139,-80.84694,1
1761627,110529185,OAK: LAUREL,6.0,1,,POINT (514021.14030810766 3897964.146275374),3,3rd St/Convention,35.22361,-80.84306,1
1761627,110529185,OAK: LAUREL,6.0,1,,POINT (514021.14030810766 3897964.146275374),4,Brooklyn Village,35.22139,-80.84694,1
1761628,110529186,OAK: LAUREL,6.0,1,,POINT (514026.27457796683 3897958.9296819274),3,3rd St/Convention,35.22361,-80.84306,1
1761628,110529186,OAK: LAUREL,6.0,1,,POINT (514026.27457796683 3897958.9296819274),4,Brooklyn Village,35.22139,-80.84694,1
1761629,110529187,OAK: LAUREL,99.0,1,,POINT (513710.340458588 3897935.3598618354),4,Brooklyn Village,35.22139,-80.84694,1
1761630,110529188,OAK: LAUREL,99.0,1,,POINT (513717.6767342562 3897926.0165174184),4,Brooklyn Village,35.22139,-80.84694,1
1761631,110529189,OAK: LAUREL,99.0,1,,POINT (513725.3782196995 3897917.6441666307),4,Brooklyn Village,35.22139,-80.84694,1
1761632,110529190,OAK: LAUREL,99.0,1,,POINT (513774.5742488601 3897861.4290541117),4,Brooklyn Village,35.22139,-80.84694,1
1761638,110529196,OAK: LAUREL,3.0,1,,POINT (513847.3540273535 3897936.1942437184),4,Brooklyn Village,35.22139,-80.84694,1
1761639,110529197,OAK: LAUREL,10.0,1,,POINT (513838.7571383549 3897947.3786632805),4,Brooklyn Village,35.22139,-80.84694,1
1761640,110529198,OAK: LAUREL,99.0,1,,POINT (513805.16421386146 3897986.419836028),4,Brooklyn Village,35.22139,-80.84694,1
1761641,110529199,OAK: LAUREL,99.0,1,,POINT (513797.61655179196 3897993.554769763),4,Brooklyn Village,35.22139,-80.84694,1
1761642,110529200,OAK: LAUREL,99.0,1,,POINT (513787.8174215885 3898004.943749905),4,Brooklyn Village,35.22139,-80.84694,1
1761643,110529201,OAK: LAUREL,99.0,1,,POINT (513799.070363216 3898011.7080431166),4,Brooklyn Village,35.22139,-80.84694,1
1761644,110529202,OAK: LAUREL,99.0,1,,POINT (513807.0527107009 3898002.934678595),4,Brooklyn Village,35.22139,-80.84694,1
1761645,110529203,OAK: LAUREL,5.0,1,,POINT (513813.5389171621 3897995.4288813397),4,Brooklyn Village,35.22139,-80.84694,1
1761646,110529204,OAK: LAUREL,5.0,1,,POINT (513820.93162883364 3897987.2944925223),4,Brooklyn Village,35.22139,-80.84694,1
1761647,110529205,OAK: LAUREL,6.0,1,,POINT (513849.10741069925 3897954.7350276117),4,Brooklyn Village,35.22139,-80.84694,1
1761648,110529206,OAK: LAUREL,9.0,1,,POINT (513858.55286783964 3897946.164730948),4,Brooklyn Village,35.22139,-80.84694,1
1761649,110529207,OAK: LAUREL,99.0,1,,POINT (513668.2685080979 3897994.222144958),4,Brooklyn Village,35.22139,-80.84694,1
1761650,110529208,OAK: LAUREL,12.0,1,,POINT (514149.8941864799 3898199.1360003813),2,CTC/Arena,35.225,-80.84139,1
1761650,110529208,OAK: LAUREL,12.0,1,,POINT (514149.8941864799 3898199.1360003813),3,3rd St/Convention,35.22361,-80.84306,1
1761651,110529209,OAK: LAUREL,10.0,1,,POINT (514157.2883623956 3898190.184595168),2,CTC/Arena,35.225,-80.84139,1
1761651,110529209,OAK: LAUREL,10.0,1,,POINT (514157.2883623956 3898190.184595168),3,3rd St/Convention,35.22361,-80.84306,1
1761652,110529210,OAK: LAUREL,12.0,1,,POINT (514162.36453237646 3898184.8193409867),2,CTC/Arena,35.225,-80.84139,1
1761652,110529210,OAK: LAUREL,12.0,1,,POINT (514162.36453237646 3898184.8193409867),3,3rd St/Convention,35.22361,-80.84306,1
1761653,110529211,OAK: LAUREL,14.0,1,,POINT (514167.4985428706 3898179.724834108),2,CTC/Arena,35.225,-80.84139,1
1761653,110529211,OAK: LAUREL,14.0,1,,POINT (514167.4985428706 3898179.724834108),3,3rd St/Convention,35.22361,-80.84306,1
1761654,110529212,OAK: LAUREL,99.0,1,,POINT (513769.0394898751 3898017.945897394),4,Brooklyn Village,35.22139,-80.84694,1
1761655,110529213,OAK: LAUREL,4.0,1,,POINT (514094.8257681068 3898237.6922733635),2,CTC/Arena,35.225,-80.84139,1
1761655,110529213,OAK: LAUREL,4.0,1,,POINT (514094.8257681068 3898237.6922733635),3,3rd St/Convention,35.22361,-80.84306,1
1761656,110529214,OAK: LAUREL,99.0,1,,POINT (513760.8482457583 3898027.652789651),4,Brooklyn Village,35.22139,-80.84694,1
1761657,110529215,OAK: LAUREL,99.0,1,,POINT (513750.4578196446 3898038.328902808),4,Brooklyn Village,35.22139,-80.84694,1
1761658,110529216,OAK: LAUREL,4.0,1,,POINT (514086.73197056906 3898246.647080524),2,CTC/Arena,35.225,-80.84139,1
1761658,110529216,OAK: LAUREL,4.0,1,,POINT (514086.73197056906 3898246.647080524),3,3rd St/Convention,35.22361,-80.84306,1
1761662,110529220,OAK: LAUREL,4.0,1,,POINT (513993.3158213811 3898177.934243608),3,3rd St/Convention,35.22361,-80.84306,1
1761663,110529221,OAK: LAUREL,4.0,1,,POINT (513997.9358245184 3898172.0924299518),3,3rd St/Convention,35.22361,-80.84306,1
1761664,110529222,OAK: LAUREL,4.0,1,,POINT (514001.5108343338 3898167.6929625836),3,3rd St/Convention,35.22361,-80.84306,1
1761665,110529223,OAK: LAUREL,4.0,1,,POINT (514007.7609220901 3898161.037550038),2,CTC/Arena,35.225,-80.84139,1
1761665,110529223,OAK: LAUREL,4.0,1,,POINT (514007.7609220901 3898161.037550038),3,3rd St/Convention,35.22361,-80.84306,1
1761666,110529224,OAK: LAUREL,4.0,1,W 3RD ST,POINT (514015.20212294575 3898152.734849252),2,CTC/Arena,35.225,-80.84139,1
1761666,110529224,OAK: LAUREL,4.0,1,W 3RD ST,POINT (514015.20212294575 3898152.734849252),3,3rd St/Convention,35.22361,-80.84306,1
1761668,110529226,OAK: LAUREL,4.0,1,W 3RD ST,POINT (514028.3450124295 3898139.43607398),2,CTC/Arena,35.225,-80.84139,1
1761668,110529226,OAK: LAUREL,4.0,1,W 3RD ST,POINT (514028.3450124295 3898139.43607398),3,3rd St/Convention,35.22361,-80.84306,1
1761669,110529227,OAK: LAUREL,2.0,1,,POINT (514052.04593292903 3898100.269482095),2,CTC/Arena,35.225,-80.84139,1
1761669,110529227,OAK: LAUREL,2.0,1,,POINT (514052.04593292903 3898100.269482095),3,3rd St/Convention,35.22361,-80.84306,1
1761670,110529228,OAK: LAUREL,2.0,1,,POINT (514046.8285066634 3898106.367540581),2,CTC/Arena,35.225,-80.84139,1
1761670,110529228,OAK: LAUREL,2.0,1,,POINT (514046.8285066634 3898106.367540581),3,3rd St/Convention,35.22361,-80.84306,1
1761671,110529229,OAK: LAUREL,4.0,1,,POINT (514037.7530753422 3898115.684643442),2,CTC/Arena,35.225,-80.84139,1
1761671,110529229,OAK: LAUREL,4.0,1,,POINT (514037.7530753422 3898115.684643442),3,3rd St/Convention,35.22361,-80.84306,1
1761672,110529230,OAK: LAUREL,4.0,1,W 3RD ST,POINT (514030.93889131246 3898122.202798744),2,CTC/Arena,35.225,-80.84139,1
1761672,110529230,OAK: LAUREL,4.0,1,W 3RD ST,POINT (514030.93889131246 3898122.202798744),3,3rd St/Convention,35.22361,-80.84306,1
1761673,110529231,OAK: LAUREL,99.0,1,,POINT (513769.0062735898 3898039.6935649957),4,Brooklyn Village,35.22139,-80.84694,1
1761674,110529232,OAK: LAUREL,99.0,1,,POINT (513776.83083003486 3898030.592743155),4,Brooklyn Village,35.22139,-80.84694,1
1761675,110529233,OAK: LAUREL,4.0,1,301 S CHURCH ST,POINT (514008.30711884797 3898147.4131713314),2,CTC/Arena,35.225,-80.84139,1
1761675,110529233,OAK: LAUREL,4.0,1,301 S CHURCH ST,POINT (514008.30711884797 3898147.4131713314),3,3rd St/Convention,35.22361,-80.84306,1
1761676,110529234,OAK: LAUREL,4.0,1,301 S CHURCH ST,POINT (514002.220526121 3898153.6663053865),2,CTC/Arena,35.225,-80.84139,1
1761676,110529234,OAK: LAUREL,4.0,1,301 S CHURCH ST,POINT (514002.220526121 3898153.6663053865),3,3rd St/Convention,35.22361,-80.84306,1
1761677,110529235,OAK: LAUREL,4.0,1,301 S CHURCH ST,POINT (513996.9701803281 3898158.6686739614),3,3rd St/Convention,35.22361,-80.84306,1
1761678,110529236,OAK: LAUREL,13.0,1,,POINT (514737.6139282006 3898706.6225852924),0,9th Street,35.2297,-80.835,1
1761679,110529237,OAK: LAUREL,14.0,1,,POINT (514692.92642391444 3898753.13270664),0,9th Street,35.2297,-80.835,1
1761680,110529238,OAK: LAUREL,3.0,1,,POINT (514689.0888184861 3898769.6218744772),0,9th Street,35.2297,-80.835,1
1761681,110529239,OAK: LAUREL,4.0,1,,POINT (513908.63562057225 3898269.287782546),3,3rd St/Convention,35.22361,-80.84306,1
1761682,110529240,OAK: LAUREL,4.0,1,225 S POPLAR ST,POINT (513917.9247612699 3898259.825596602),3,3rd St/Convention,35.22361,-80.84306,1
1761683,110529241,OAK: LAUREL,4.0,1,225 S POPLAR ST,POINT (513925.38303479116 3898250.9683775953),3,3rd St/Convention,35.22361,-80.84306,1
1761684,110529242,OAK: LAUREL,4.0,1,,POINT (513962.7000002954 3898189.064581566),3,3rd St/Convention,35.22361,-80.84306,1
1761685,110529243,OAK: LAUREL,4.0,1,228 S CHURCH ST,POINT (513955.4886676512 3898196.4648746336),3,3rd St/Convention,35.22361,-80.84306,1
1761686,110529244,OAK: LAUREL,4.0,1,228 S CHURCH ST,POINT (513947.4212051447 3898204.956343156),3,3rd St/Convention,35.22361,-80.84306,1
1761687,110529245,OAK: LAUREL,4.0,1,228 S CHURCH ST,POINT (513939.473785704 3898214.0556896757),3,3rd St/Convention,35.22361,-80.84306,1
1761688,110529246,OAK: LAUREL,4.0,1,,POINT (513921.01618914545 3898233.7099446673),3,3rd St/Convention,35.22361,-80.84306,1
1761689,110529247,OAK: LAUREL,4.0,1,,POINT (513912.7032416138 3898242.687833724),3,3rd St/Convention,35.22361,-80.84306,1
1761690,110529248,OAK: LAUREL,4.0,1,,POINT (513874.4432302858 3898283.207662956),3,3rd St/Convention,35.22361,-80.84306,1
1761691,110529249,OAK: LAUREL,4.0,1,,POINT (513866.74228354596 3898291.3348408765),3,3rd St/Convention,35.22361,-80.84306,1
1761693,110529251,OAK: LAUREL,16.0,1,N TRYON ST,POINT (514907.4419548784 3898897.791597314),0,9th Street,35.2297,-80.835,1
1761694,110529252,OAK: LAUREL,18.0,1,,POINT (514877.136222938 3898924.68722839),0,9th Street,35.2297,-80.835,1
1761697,110529255,OAK: LAUREL,4.0,1,224 E MARTIN LUTHER KING JR BV,POINT (513841.5638147426 3898157.046418152),3,3rd St/Convention,35.22361,-80.84306,1
1761698,110529256,OAK: LAUREL,4.0,1,224 E MARTIN LUTHER KING JR BV,POINT (513858.18904918915 3898138.96953497),3,3rd St/Convention,35.22361,-80.84306,1
1761699,110529257,OAK: LAUREL,4.0,1,,POINT (513866.5010986652 3898129.9915277963),3,3rd St/Convention,35.22361,-80.84306,1
1761700,110529258,OAK: LAUREL,7.0,1,,POINT (514845.2414511689 3898815.101261263),0,9th Street,35.2297,-80.835,1
1761701,110529259,OAK: LAUREL,4.0,1,,POINT (513875.4241807902 3898120.771649242),3,3rd St/Convention,35.22361,-80.84306,1
1761702,110529260,OAK: LAUREL,4.0,1,,POINT (514825.1659151054 3898821.5616005026),0,9th Street,35.2297,-80.835,1
1761703,110529261,OAK: LAUREL,4.0,1,,POINT (514816.39727794536 3898830.1730337553),0,9th Street,35.2297,-80.835,1
1761704,110529262,OAK: LAUREL,4.0,1,,POINT (514808.9806357966 3898837.3063089517),0,9th Street,35.2297,-80.835,1
1761705,110529263,OAK: LAUREL,4.0,1,,POINT (514798.63991096657 3898847.986825649),0,9th Street,35.2297,-80.835,1
1761706,110529264,OAK: LAUREL,4.0,1,,POINT (514791.84814273124 3898855.794247109),0,9th Street,35.2297,-80.835,1
1761707,110529265,OAK: LAUREL,4.0,1,,POINT (513848.6875593017 3898127.169571765),3,3rd St/Convention,35.22361,-80.84306,1
1761708,110529266,OAK: LAUREL,4.0,1,,POINT (513840.9880668686 3898134.3263444696),3,3rd St/Convention,35.22361,-80.84306,1
1761716,110529274,OAK: LAUREL,8.0,1,,POINT (514806.25956520194 3898252.6112793298),0,9th Street,35.2297,-80.835,1
1761716,110529274,OAK: LAUREL,8.0,1,,POINT (514806.25956520194 3898252.6112793298),1,7th Street,35.22722,-80.83806,1
1761719,110529277,OAK: LAUREL,99.0,1,,POINT (513767.8242505804 3897869.9725662037),4,Brooklyn Village,35.22139,-80.84694,1
1761746,110529304,OAK: OVERCUP,20.0,1,,POINT (515118.42587395 3898107.233578852),0,9th Street,35.2297,-80.835,1
1761746,110529304,OAK: OVERCUP,20.0,1,,POINT (515118.42587395 3898107.233578852),1,7th Street,35.22722,-80.83806,1
1761750,110529308,OAK: OVERCUP,21.0,1,,POINT (515304.3962665167 3898269.113492312),0,9th Street,35.2297,-80.835,1
1761751,110529309,OAK: OVERCUP,21.0,1,,POINT (515296.1105314048 3898261.2022616393),0,9th Street,35.2297,-80.835,1
1761752,110529310,OAK: OVERCUP,20.0,1,,POINT (515267.96171350044 3898236.4925087327),0,9th Street,35.2297,-80.835,1
1761753,110529311,OAK: OVERCUP,20.0,1,,POINT (515257.84572664177 3898228.699090655),0,9th Street,35.2297,-80.835,1
1761754,110529312,OAK: OVERCUP,21.0,1,525 N DAVIDSON ST,POINT (515184.97055086057 3898166.4929015655),0,9th Street,35.2297,-80.835,1
1761755,110529313,OAK: OVERCUP,21.0,1,,POINT (515149.3891199722 3898133.6298273983),0,9th Street,35.2297,-80.835,1
1761755,110529313,OAK: OVERCUP,21.0,1,,POINT (515149.3891199722 3898133.6298273983),1,7th Street,35.22722,-80.83806,1
1761760,110529318,OAK: OVERCUP,14.0,1,,POINT (515108.96572362183 3898099.411378731),0,9th Street,35.2297,-80.835,1
1761760,110529318,OAK: OVERCUP,14.0,1,,POINT (515108.96572362183 3898099.411378731),1,7th Street,35.22722,-80.83806,1
1761761,110529319,OAK: OVERCUP,17.0,1,,POINT (515099.9367779349 3898091.150796738),1,7th Street,35.22722,-80.83806,1
1761762,110529320,OAK: OVERCUP,15.0,1,,POINT (515090.4078664634 3898083.123424886),1,7th Street,35.22722,-80.83806,1
1761763,110529321,OAK: OVERCUP,17.0,1,,POINT (515081.45218825614 3898074.5813381593),1,7th Street,35.22722,-80.83806,1
1761765,110529323,OAK: OVERCUP,13.0,1,,POINT (515072.4928585558 3898066.007080055),1,7th Street,35.22722,-80.83806,1
1761768,110529326,OAK: OVERCUP,18.0,1,,POINT (515313.29148105136 3898277.147795904),0,9th Street,35.2297,-80.835,1
1761769,110529327,OAK: OVERCUP,11.0,1,,POINT (515008.472317414 3898012.5838335063),1,7th Street,35.22722,-80.83806,1
1761770,110529328,OAK: OVERCUP,10.0,1,,POINT (515000.24142117193 3898005.330565488),1,7th Street,35.22722,-80.83806,1
1761771,110529329,OAK: OVERCUP,11.0,1,,POINT (514990.87607126 3897997.8802514095),1,7th Street,35.22722,-80.83806,1
1761772,110529330,OAK: OVERCUP,17.0,1,601 N DAVIDSON ST,POINT (515248.34207879176 3898219.328516576),0,9th Street,35.2297,-80.835,1
1761773,110529331,OAK: OVERCUP,15.0,1,,POINT (514981.80944086815 3897988.6016788087),1,7th Street,35.22722,-80.83806,1
1761774,110529332,OAK: OVERCUP,18.0,1,525 N DAVIDSON ST,POINT (515195.32893710566 3898175.258238693),0,9th Street,35.2297,-80.835,1
1761775,110529333,OAK: OVERCUP,17.0,1,,POINT (514972.67990304757 3897981.6164853573),1,7th Street,35.22722,-80.83806,1
1761776,110529334,OAK: OVERCUP,8.0,1,,POINT (515175.4655193967 3898157.8510514246),0,9th Street,35.2297,-80.835,1
1761777,110529335,OAK: OVERCUP,11.0,1,,POINT (515166.6920676944 3898149.8182020574),0,9th Street,35.2297,-80.835,1
1761778,110529336,OAK: OVERCUP,15.0,1,,POINT (515158.6492301177 3898142.879001645),0,9th Street,35.2297,-80.835,1
1761779,110529337,OAK: OVERCUP,16.0,1,,POINT (514963.83159784536 3897972.4203066234),1,7th Street,35.22722,-80.83806,1
1761780,110529338,OAK: OVERCUP,15.0,1,,POINT (514954.5649676884 3897964.606406261),1,7th Street,35.22722,-80.83806,1
1761827,110529385,OAK: OVERCUP,4.0,1,,POINT (512779.26203392074 3896991.8596171243),6,Bland,35.21583,-80.85528,1
1761828,110529386,OAK: OVERCUP,14.0,1,,POINT (512626.57159048633 3897078.037782546),6,Bland,35.21583,-80.85528,1
1761919,110529477,OAK: WATER,5.0,1,,POINT (514049.6237549085 3897933.8158573247),3,3rd St/Convention,35.22361,-80.84306,1
1761919,110529477,OAK: WATER,5.0,1,,POINT (514049.6237549085 3897933.8158573247),4,Brooklyn Village,35.22139,-80.84694,1
1761920,110529478,OAK: WATER,6.0,1,,POINT (514062.94858098833 3897919.6213073204),2,CTC/Arena,35.225,-80.84139,1
1761920,110529478,OAK: WATER,6.0,1,,POINT (514062.94858098833 3897919.6213073204),3,3rd St/Convention,35.22361,-80.84306,1
1761920,110529478,OAK: WATER,6.0,1,,POINT (514062.94858098833 3897919.6213073204),4,Brooklyn Village,35.22139,-80.84694,1
1761921,110529479,OAK: WATER,6.0,1,,POINT (514068.32751395815 3897913.919376303),2,CTC/Arena,35.225,-80.84139,1
1761921,110529479,OAK: WATER,6.0,1,,POINT (514068.32751395815 3897913.919376303),3,3rd St/Convention,35.22361,-80.84306,1
1761921,110529479,OAK: WATER,6.0,1,,POINT (514068.32751395815 3897913.919376303),4,Brooklyn Village,35.22139,-80.84694,1
1761932,110529490,OAK: WATER,99.0,1,,POINT (513598.0793402929 3898084.7521279613),4,Brooklyn Village,35.22139,-80.84694,1
1761933,110529491,OAK: WATER,99.0,1,,POINT (513607.1327316944 3898070.42961962),4,Brooklyn Village,35.22139,-80.84694,1
1761938,110529496,OAK: WATER,4.0,1,,POINT (512622.6073163408 3896912.9423864563),6,Bland,35.21583,-80.85528,1
1761938,110529496,OAK: WATER,4.0,1,,POINT (512622.6073163408 3896912.9423864563),7,East/West,35.21194,-80.85917,1
1761988,110529546,OAK: WATER,5.0,1,,POINT (514030.31158277945 3897952.3750683735),3,3rd St/Convention,35.22361,-80.84306,1
1761988,110529546,OAK: WATER,5.0,1,,POINT (514030.31158277945 3897952.3750683735),4,Brooklyn Village,35.22139,-80.84694,1
1761993,110529551,OAK: WATER,4.0,1,,POINT (512632.3027626486 3896907.795797243),6,Bland,35.21583,-80.85528,1
1761993,110529551,OAK: WATER,4.0,1,,POINT (512632.3027626486 3896907.795797243),7,East/West,35.21194,-80.85917,1
1762082,110529640,OAK: PIN,6.0,1,525 E 6TH ST #101,POINT (514920.57455419033 3897978.585863806),1,7th Street,35.22722,-80.83806,1
1762083,110529641,OAK: PIN,8.0,1,525 E 6TH ST #101,POINT (514928.0325943846 3897970.578978962),1,7th Street,35.22722,-80.83806,1
1762091,110529649,OAK: PIN,4.0,1,,POINT (512757.63987473765 3897004.466279463),6,Bland,35.21583,-80.85528,1
1762156,110529714,OAK: WILLOW,2.0,1,KEE CT,POINT (512849.9908642786 3897122.4598582517),6,Bland,35.21583,-80.85528,1
1762176,110529734,OAK: WILLOW,5.0,1,,POINT (514097.680677124 3898108.601468997),2,CTC/Arena,35.225,-80.84139,1
1762176,110529734,OAK: WILLOW,5.0,1,,POINT (514097.680677124 3898108.601468997),3,3rd St/Convention,35.22361,-80.84306,1
1762237,110529795,OAK: WILLOW,15.0,1,,POINT (513899.8264798441 3897101.146147125),5,Carson,35.21889,-80.85083,1
1762307,110529865,OAK: WILLOW,12.0,1,,POINT (514561.9059638235 3898334.593627272),0,9th Street,35.2297,-80.835,1
1762307,110529865,OAK: WILLOW,12.0,1,,POINT (514561.9059638235 3898334.593627272),1,7th Street,35.22722,-80.83806,1
1762307,110529865,OAK: WILLOW,12.0,1,,POINT (514561.9059638235 3898334.593627272),2,CTC/Arena,35.225,-80.84139,1
1762309,110529867,OAK: WILLOW,20.0,1,,POINT (514332.1235598432 3898184.2973467875),1,7th Street,35.22722,-80.83806,1
1762309,110529867,OAK: WILLOW,20.0,1,,POINT (514332.1235598432 3898184.2973467875),2,CTC/Arena,35.225,-80.84139,1
1762309,110529867,OAK: WILLOW,20.0,1,,POINT (514332.1235598432 3898184.2973467875),3,3rd St/Convention,35.22361,-80.84306,1
1762310,110529868,OAK: WILLOW,23.0,1,,POINT (514316.35692142334 3898199.2151460703),1,7th Street,35.22722,-80.83806,1
1762310,110529868,OAK: WILLOW,23.0,1,,POINT (514316.35692142334 3898199.2151460703),2,CTC/Arena,35.225,-80.84139,1
1762310,110529868,OAK: WILLOW,23.0,1,,POINT (514316.35692142334 3898199.2151460703),3,3rd St/Convention,35.22361,-80.84306,1
1762311,110529869,OAK: WILLOW,23.0,1,,POINT (514309.02210999856 3898206.8579358296),1,7th Street,35.22722,-80.83806,1
1762311,110529869,OAK: WILLOW,23.0,1,,POINT (514309.02210999856 3898206.8579358296),2,CTC/Arena,35.225,-80.84139,1
1762311,110529869,OAK: WILLOW,23.0,1,,POINT (514309.02210999856 3898206.8579358296),3,3rd St/Convention,35.22361,-80.84306,1
1762312,110529870,OAK: WILLOW,24.0,1,1300 S TRYON ST,POINT (514296.30781652126 3898220.5673211734),2,CTC/Arena,35.225,-80.84139,1
1762312,110529870,OAK: WILLOW,24.0,1,1300 S TRYON ST,POINT (514296.30781652126 3898220.5673211734),3,3rd St/Convention,35.22361,-80.84306,1
1762313,110529871,OAK: WILLOW,4.0,1,1300 S TRYON ST,POINT (514290.3168834825 3898227.7253227243),2,CTC/Arena,35.225,-80.84139,1
1762313,110529871,OAK: WILLOW,4.0,1,1300 S TRYON ST,POINT (514290.3168834825 3898227.7253227243),3,3rd St/Convention,35.22361,-80.84306,1
1762314,110529872,OAK: WILLOW,4.0,1,,POINT (514309.2229033766 3898234.073256394),2,CTC/Arena,35.225,-80.84139,1
1762314,110529872,OAK: WILLOW,4.0,1,,POINT (514309.2229033766 3898234.073256394),3,3rd St/Convention,35.22361,-80.84306,1
1762315,110529873,OAK: WILLOW,4.0,1,108 S TRYON ST #A,POINT (514248.9064713463 3898237.1242653113),2,CTC/Arena,35.225,-80.84139,1
1762315,110529873,OAK: WILLOW,4.0,1,108 S TRYON ST #A,POINT (514248.9064713463 3898237.1242653113),3,3rd St/Convention,35.22361,-80.84306,1
1762316,110529874,OAK: WILLOW,4.0,1,108 S TRYON ST #A,POINT (514256.4854575073 3898263.347623853),2,CTC/Arena,35.225,-80.84139,1
1762316,110529874,OAK: WILLOW,4.0,1,108 S TRYON ST #A,POINT (514256.4854575073 3898263.347623853),3,3rd St/Convention,35.22361,-80.84306,1
1762317,110529875,OAK: WILLOW,4.0,1,,POINT (514369.8318262166 3898338.9563040165),1,7th Street,35.22722,-80.83806,1
1762317,110529875,OAK: WILLOW,4.0,1,,POINT (514369.8318262166 3898338.9563040165),2,CTC/Arena,35.225,-80.84139,1
1762330,110529888,OAK: WILLOW,27.0,1,300 W PARK AV,POINT (512702.07638652093 3897111.436937644),6,Bland,35.21583,-80.85528,1
1762575,110530133,OAK: WILLOW,26.0,1,,POINT (513947.1527101241 3897038.1621006466),5,Carson,35.21889,-80.85083,1
1762625,110530183,OAK: WILLOW,20.0,1,,POINT (514356.81653155084 3898158.3358548335),1,7th Street,35.22722,-80.83806,1
1762625,110530183,OAK: WILLOW,20.0,1,,POINT (514356.81653155084 3898158.3358548335),2,CTC/Arena,35.225,-80.84139,1
1762625,110530183,OAK: WILLOW,20.0,1,,POINT (514356.81653155084 3898158.3358548335),3,3rd St/Convention,35.22361,-80.84306,1
1762626,110530184,OAK: WILLOW,24.0,1,,POINT (514338.4815724865 3898176.895958075),1,7th Street,35.22722,-80.83806,1
1762626,110530184,OAK: WILLOW,24.0,1,,POINT (514338.4815724865 3898176.895958075),2,CTC/Arena,35.225,-80.84139,1
1762626,110530184,OAK: WILLOW,24.0,1,,POINT (514338.4815724865 3898176.895958075),3,3rd St/Convention,35.22361,-80.84306,1
1762627,110530185,OAK: WILLOW,22.0,1,,POINT (514302.54197275534 3898214.3800554713),2,CTC/Arena,35.225,-80.84139,1
1762627,110530185,OAK: WILLOW,22.0,1,,POINT (514302.54197275534 3898214.3800554713),3,3rd St/Convention,35.22361,-80.84306,1
1762628,110530186,OAK: WILLOW,4.0,1,,POINT (514362.8848502515 3898333.2959005665),1,7th Street,35.22722,-80.83806,1
1762628,110530186,OAK: WILLOW,4.0,1,,POINT (514362.8848502515 3898333.2959005665),2,CTC/Arena,35.225,-80.84139,1
1762629,110530187,OAK: WILLOW,25.0,1,,POINT (514490.94969871937 3898444.945751861),1,7th Street,35.22722,-80.83806,1
1762629,110530187,OAK: WILLOW,25.0,1,,POINT (514490.94969871937 3898444.945751861),2,CTC/Arena,35.225,-80.84139,1
1762630,110530188,OAK: WILLOW,25.0,1,,POINT (514498.9885227831 3898451.686984407),1,7th Street,35.22722,-80.83806,1
1762630,110530188,OAK: WILLOW,25.0,1,,POINT (514498.9885227831 3898451.686984407),2,CTC/Arena,35.225,-80.84139,1
1762631,110530189,OAK: WILLOW,25.0,1,,POINT (514505.606419307 3898457.550943736),1,7th Street,35.22722,-80.83806,1
1762632,110530190,OAK: WILLOW,25.0,1,,POINT (514512.2466791182 3898462.5432121037),1,7th Street,35.22722,-80.83806,1
1762633,110530191,OAK: WILLOW,28.0,1,,POINT (514519.38483215705 3898469.112307552),1,7th Street,35.22722,-80.83806,1
1762634,110530192,OAK: WILLOW,20.0,1,,POINT (514045.75855726947 3898064.6616826104),2,CTC/Arena,35.225,-80.84139,1
1762634,110530192,OAK: WILLOW,20.0,1,,POINT (514045.75855726947 3898064.6616826104),3,3rd St/Convention,35.22361,-80.84306,1
1762644,110530202,OAK: WILLOW,34.0,1,,POINT (512704.8777253173 3897115.9367797878),6,Bland,35.21583,-80.85528,1
1762767,110530325,OAK: WILLOW,11.0,1,115 E 5TH ST,POINT (514442.4301646739 3898289.9639583947),1,7th Street,35.22722,-80.83806,1
1762767,110530325,OAK: WILLOW,11.0,1,115 E 5TH ST,POINT (514442.4301646739 3898289.9639583947),2,CTC/Arena,35.225,-80.84139,1
1762768,110530326,OAK: WILLOW,7.0,1,321 N CALDWELL ST,POINT (514927.0025716904 3898119.8486428685),0,9th Street,35.2297,-80.835,1
1762768,110530326,OAK: WILLOW,7.0,1,321 N CALDWELL ST,POINT (514927.0025716904 3898119.8486428685),1,7th Street,35.22722,-80.83806,1
1762771,110530329,OAK: WILLOW,4.0,1,,POINT (514362.19422150805 3898153.4847413474),1,7th Street,35.22722,-80.83806,1
1762771,110530329,OAK: WILLOW,4.0,1,,POINT (514362.19422150805 3898153.4847413474),2,CTC/Arena,35.225,-80.84139,1
1762771,110530329,OAK: WILLOW,4.0,1,,POINT (514362.19422150805 3898153.4847413474),3,3rd St/Convention,35.22361,-80.84306,1
1762772,110530330,OAK: WILLOW,4.0,1,,POINT (514351.8052889442 3898163.4315358684),1,7th Street,35.22722,-80.83806,1
1762772,110530330,OAK: WILLOW,4.0,1,,POINT (514351.8052889442 3898163.4315358684),2,CTC/Arena,35.225,-80.84139,1
1762772,110530330,OAK: WILLOW,4.0,1,,POINT (514351.8052889442 3898163.4315358684),3,3rd St/Convention,35.22361,-80.84306,1
1762773,110530331,OAK: WILLOW,4.0,1,,POINT (514323.03667031915 3898219.63697434),1,7th Street,35.22722,-80.83806,1
1762773,110530331,OAK: WILLOW,4.0,1,,POINT (514323.03667031915 3898219.63697434),2,CTC/Arena,35.225,-80.84139,1
1762773,110530331,OAK: WILLOW,4.0,1,,POINT (514323.03667031915 3898219.63697434),3,3rd St/Convention,35.22361,-80.84306,1
1762774,110530332,OAK: WILLOW,4.0,1,,POINT (514363.8661162114 3898176.814265788),1,7th Street,35.22722,-80.83806,1
1762774,110530332,OAK: WILLOW,4.0,1,,POINT (514363.8661162114 3898176.814265788),2,CTC/Arena,35.225,-80.84139,1
1762774,110530332,OAK: WILLOW,4.0,1,,POINT (514363.8661162114 3898176.814265788),3,3rd St/Convention,35.22361,-80.84306,1
1762775,110530333,OAK: WILLOW,16.0,1,,POINT (514236.28683399776 3898226.6818781025),2,CTC/Arena,35.225,-80.84139,1
1762775,110530333,OAK: WILLOW,16.0,1,,POINT (514236.28683399776 3898226.6818781025),3,3rd St/Convention,35.22361,-80.84306,1
1762776,110530334,OAK: WILLOW,4.0,1,108 S TRYON ST #A,POINT (514243.4997158906 3898276.127301352),2,CTC/Arena,35.225,-80.84139,1
1762776,110530334,OAK: WILLOW,4.0,1,108 S TRYON ST #A,POINT (514243.4997158906 3898276.127301352),3,3rd St/Convention,35.22361,-80.84306,1
1762777,110530335,OAK: WILLOW,4.0,1,,POINT (514235.5459730327 3898285.0888306564),2,CTC/Arena,35.225,-80.84139,1
1762777,110530335,OAK: WILLOW,4.0,1,,POINT (514235.5459730327 3898285.0888306564),3,3rd St/Convention,35.22361,-80.84306,1
1762778,110530336,OAK: WILLOW,4.0,1,,POINT (514224.42903835943 3898296.447560129),2,CTC/Arena,35.225,-80.84139,1
1762778,110530336,OAK: WILLOW,4.0,1,,POINT (514224.42903835943 3898296.447560129),3,3rd St/Convention,35.22361,-80.84306,1
1762779,110530337,OAK: WILLOW,99.0,1,,POINT (514208.7830501711 3898312.459215955),2,CTC/Arena,35.225,-80.84139,1
1762779,110530337,OAK: WILLOW,99.0,1,,POINT (514208.7830501711 3898312.459215955),3,3rd St/Convention,35.22361,-80.84306,1
1762780,110530338,OAK: WILLOW,99.0,1,,POINT (514191.42524720397 3898330.899115219),2,CTC/Arena,35.225,-80.84139,1
1762781,110530339,OAK: WILLOW,4.0,1,,POINT (514237.6898609979 3898307.662715838),2,CTC/Arena,35.225,-80.84139,1
1762781,110530339,OAK: WILLOW,4.0,1,,POINT (514237.6898609979 3898307.662715838),3,3rd St/Convention,35.22361,-80.84306,1
1762782,110530340,OAK: WILLOW,4.0,1,,POINT (514290.41131362034 3898272.2144412305),2,CTC/Arena,35.225,-80.84139,1
1762782,110530340,OAK: WILLOW,4.0,1,,POINT (514290.41131362034 3898272.2144412305),3,3rd St/Convention,35.22361,-80.84306,1
1762783,110530341,OAK: WILLOW,4.0,1,,POINT (514306.2626368148 3898285.862632882),2,CTC/Arena,35.225,-80.84139,1
1762784,110530342,OAK: WILLOW,4.0,1,,POINT (514298.53724555095 3898277.55052233),2,CTC/Arena,35.225,-80.84139,1
1762784,110530342,OAK: WILLOW,4.0,1,,POINT (514298.53724555095 3898277.55052233),3,3rd St/Convention,35.22361,-80.84306,1
1762785,110530343,OAK: WILLOW,4.0,1,,POINT (514318.9345068196 3898295.975695178),2,CTC/Arena,35.225,-80.84139,1
1762786,110530344,OAK: WILLOW,4.0,1,,POINT (514311.81972815574 3898289.963634262),2,CTC/Arena,35.225,-80.84139,1
1762787,110530345,OAK: WILLOW,4.0,1,,POINT (514324.12724793336 3898301.524557765),2,CTC/Arena,35.225,-80.84139,1
1762788,110530346,OAK: WILLOW,4.0,1,,POINT (514332.4033174024 3898307.384329181),2,CTC/Arena,35.225,-80.84139,1
1762789,110530347,OAK: WILLOW,4.0,1,,POINT (514338.50865192135 3898313.5756376735),2,CTC/Arena,35.225,-80.84139,1
1762790,110530348,OAK: WILLOW,4.0,1,,POINT (514346.5711179524 3898320.4288383876),2,CTC/Arena,35.225,-80.84139,1
1762791,110530349,OAK: WILLOW,3.0,1,,POINT (514042.5345499468 3897940.3657691698),3,3rd St/Convention,35.22361,-80.84306,1
1762791,110530349,OAK: WILLOW,3.0,1,,POINT (514042.5345499468 3897940.3657691698),4,Brooklyn Village,35.22139,-80.84694,1
1762800,110530358,OAK: WILLOW,15.0,1,,POINT (513560.3433857805 3897598.669784937),4,Brooklyn Village,35.22139,-80.84694,1
1762800,110530358,OAK: WILLOW,15.0,1,,POINT (513560.3433857805 3897598.669784937),5,Carson,35.21889,-80.85083,1
1762801,110530359,OAK: WILLOW,12.0,1,,POINT (513566.2433964838 3897605.235127858),4,Brooklyn Village,35.22139,-80.84694,1
1762801,110530359,OAK: WILLOW,12.0,1,,POINT (513566.2433964838 3897605.235127858),5,Carson,35.21889,-80.85083,1
1762802,110530360,OAK: WILLOW,14.0,1,,POINT (513568.59689825686 3897608.2296491847),4,Brooklyn Village,35.22139,-80.84694,1
1762802,110530360,OAK: WILLOW,14.0,1,,POINT (513568.59689825686 3897608.2296491847),5,Carson,35.21889,-80.85083,1
1762810,110530368,OAK: WILLOW,2.0,1,,POINT (512880.66781259124 3897179.247955026),6,Bland,35.21583,-80.85528,1
1762811,110530369,OAK: WILLOW,2.0,1,,POINT (512875.91906201787 3897171.464894458),6,Bland,35.21583,-80.85528,1
1762812,110530370,OAK: WILLOW,9.0,1,,POINT (512814.03345450945 3897087.9010576387),6,Bland,35.21583,-80.85528,1
1762813,110530371,OAK: WILLOW,12.0,1,,POINT (512842.03489151824 3897138.3661697763),6,Bland,35.21583,-80.85528,1
1762887,110530445,OAK: WILLOW,14.0,1,,POINT (515244.85128929594 3898911.9919686946),0,9th Street,35.2297,-80.835,1
1762914,110530472,OAK: WILLOW,4.0,1,330 N TRYON ST,POINT (514573.9924468999 3898493.148154294),0,9th Street,35.2297,-80.835,1
1762914,110530472,OAK: WILLOW,4.0,1,330 N TRYON ST,POINT (514573.9924468999 3898493.148154294),1,7th Street,35.22722,-80.83806,1
1762957,110530515,OAK: WILLOW,17.0,1,,POINT (513726.34632459655 3897360.320894723),5,Carson,35.21889,-80.85083,1
1762958,110530516,OAK: WILLOW,20.0,1,,POINT (513734.7878346977 3897347.393861035),5,Carson,35.21889,-80.85083,1
1762964,110530522,OAK: WILLOW,22.0,1,,POINT (514736.8616471399 3897616.3620951734),2,CTC/Arena,35.225,-80.84139,1
1762965,110530523,OAK: WILLOW,24.0,1,,POINT (514744.1298537092 3897622.2284560367),2,CTC/Arena,35.225,-80.84139,1
1762966,110530524,OAK: WILLOW,21.0,1,,POINT (514750.0169730785 3897627.235245694),2,CTC/Arena,35.225,-80.84139,1
1762967,110530525,OAK: WILLOW,21.0,1,,POINT (514356.53372863383 3898182.8777105003),1,7th Street,35.22722,-80.83806,1
1762967,110530525,OAK: WILLOW,21.0,1,,POINT (514356.53372863383 3898182.8777105003),2,CTC/Arena,35.225,-80.84139,1
1762967,110530525,OAK: WILLOW,21.0,1,,POINT (514356.53372863383 3898182.8777105003),3,3rd St/Convention,35.22361,-80.84306,1
1762968,110530526,OAK: WILLOW,28.0,1,,POINT (514369.3678691639 3898170.019182557),1,7th Street,35.22722,-80.83806,1
1762968,110530526,OAK: WILLOW,28.0,1,,POINT (514369.3678691639 3898170.019182557),2,CTC/Arena,35.225,-80.84139,1
1762968,110530526,OAK: WILLOW,28.0,1,,POINT (514369.3678691639 3898170.019182557),3,3rd St/Convention,35.22361,-80.84306,1
1762969,110530527,OAK: WILLOW,20.0,1,,POINT (514469.57168516633 3898402.397630819),1,7th Street,35.22722,-80.83806,1
1762969,110530527,OAK: WILLOW,20.0,1,,POINT (514469.57168516633 3898402.397630819),2,CTC/Arena,35.225,-80.84139,1
1762970,110530528,OAK: WILLOW,20.0,1,,POINT (514478.6971423554 3898410.1608905992),1,7th Street,35.22722,-80.83806,1
1762970,110530528,OAK: WILLOW,20.0,1,,POINT (514478.6971423554 3898410.1608905992),2,CTC/Arena,35.225,-80.84139,1
1762971,110530529,OAK: WILLOW,22.0,1,,POINT (514083.0543191669 3898096.186679631),2,CTC/Arena,35.225,-80.84139,1
1762971,110530529,OAK: WILLOW,22.0,1,,POINT (514083.0543191669 3898096.186679631),3,3rd St/Convention,35.22361,-80.84306,1
1762972,110530530,OAK: WILLOW,20.0,1,,POINT (514090.52622984303 3898103.3125610775),2,CTC/Arena,35.225,-80.84139,1
1762972,110530530,OAK: WILLOW,20.0,1,,POINT (514090.52622984303 3898103.3125610775),3,3rd St/Convention,35.22361,-80.84306,1
1762973,110530531,OAK: WILLOW,18.0,1,,POINT (514146.3121816008 3898148.7714036074),2,CTC/Arena,35.225,-80.84139,1
1762973,110530531,OAK: WILLOW,18.0,1,,POINT (514146.3121816008 3898148.7714036074),3,3rd St/Convention,35.22361,-80.84306,1
1762974,110530532,OAK: WILLOW,23.0,1,,POINT (514157.64399409515 3898160.087781634),2,CTC/Arena,35.225,-80.84139,1
1762974,110530532,OAK: WILLOW,23.0,1,,POINT (514157.64399409515 3898160.087781634),3,3rd St/Convention,35.22361,-80.84306,1
1762975,110530533,OAK: WILLOW,4.0,1,,POINT (514241.6183557043 3898230.806932392),2,CTC/Arena,35.225,-80.84139,1
1762975,110530533,OAK: WILLOW,4.0,1,,POINT (514241.6183557043 3898230.806932392),3,3rd St/Convention,35.22361,-80.84306,1
1762976,110530534,OAK: WILLOW,4.0,1,,POINT (514182.74593583075 3898338.9036880783),2,CTC/Arena,35.225,-80.84139,1
1762977,110530535,OAK: WILLOW,4.0,1,,POINT (514196.2744269916 3898351.2559611686),2,CTC/Arena,35.225,-80.84139,1
1762978,110530536,OAK: WILLOW,4.0,1,,POINT (514263.6272575274 3898281.6264061593),2,CTC/Arena,35.225,-80.84139,1
1762978,110530536,OAK: WILLOW,4.0,1,,POINT (514263.6272575274 3898281.6264061593),3,3rd St/Convention,35.22361,-80.84306,1
1762979,110530537,OAK: WILLOW,4.0,1,,POINT (514450.70970280876 3898409.784462787),1,7th Street,35.22722,-80.83806,1
1762979,110530537,OAK: WILLOW,4.0,1,,POINT (514450.70970280876 3898409.784462787),2,CTC/Arena,35.225,-80.84139,1
1762980,110530538,OAK: WILLOW,4.0,1,,POINT (514458.2298429001 3898415.945982391),1,7th Street,35.22722,-80.83806,1
1762980,110530538,OAK: WILLOW,4.0,1,,POINT (514458.2298429001 3898415.945982391),2,CTC/Arena,35.225,-80.84139,1
1762981,110530539,OAK: WILLOW,26.0,1,237 N TRYON ST,POINT (514466.2721434513 3898423.398037207),1,7th Street,35.22722,-80.83806,1
1762981,110530539,OAK: WILLOW,26.0,1,237 N TRYON ST,POINT (514466.2721434513 3898423.398037207),2,CTC/Arena,35.225,-80.84139,1
1762982,110530540,OAK: WILLOW,27.0,1,,POINT (514548.7117567424 3898493.1572416625),0,9th Street,35.2297,-80.835,1
1762982,110530540,OAK: WILLOW,27.0,1,,POINT (514548.7117567424 3898493.1572416625),1,7th Street,35.22722,-80.83806,1
1762983,110530541,OAK: WILLOW,27.0,1,,POINT (514554.7345756615 3898500.6151034897),0,9th Street,35.2297,-80.835,1
1762983,110530541,OAK: WILLOW,27.0,1,,POINT (514554.7345756615 3898500.6151034897),1,7th Street,35.22722,-80.83806,1
1762984,110530542,OAK: WILLOW,22.0,1,,POINT (514563.0511640136 3898508.305069828),0,9th Street,35.2297,-80.835,1
1762984,110530542,OAK: WILLOW,22.0,1,,POINT (514563.0511640136 3898508.305069828),1,7th Street,35.22722,-80.83806,1
1762985,110530543,OAK: WILLOW,27.0,1,,POINT (514583.21703589347 3898523.9712681673),0,9th Street,35.2297,-80.835,1
1762985,110530543,OAK: WILLOW,27.0,1,,POINT (514583.21703589347 3898523.9712681673),1,7th Street,35.22722,-80.83806,1
1762986,110530544,OAK: WILLOW,24.0,1,,POINT (514590.50998888456 3898529.3140652883),0,9th Street,35.2297,-80.835,1
1762986,110530544,OAK: WILLOW,24.0,1,,POINT (514590.50998888456 3898529.3140652883),1,7th Street,35.22722,-80.83806,1
1762987,110530545,OAK: WILLOW,24.0,1,,POINT (514598.50638479536 3898536.8359910934),0,9th Street,35.2297,-80.835,1
1762987,110530545,OAK: WILLOW,24.0,1,,POINT (514598.50638479536 3898536.8359910934),1,7th Street,35.22722,-80.83806,1
1762988,110530546,OAK: WILLOW,20.0,1,,POINT (514671.06870398496 3898577.695205785),0,9th Street,35.2297,-80.835,1
1762989,110530547,OAK: WILLOW,22.0,1,,POINT (514664.8640597319 3898571.3161074654),0,9th Street,35.2297,-80.835,1
1762990,110530548,OAK: WILLOW,21.0,1,,POINT (514657.93235150655 3898566.0492842067),0,9th Street,35.2297,-80.835,1
1762991,110530549,OAK: WILLOW,26.0,1,,POINT (514650.73733954545 3898559.2748562363),0,9th Street,35.2297,-80.835,1
1762992,110530550,OAK: WILLOW,26.0,1,,POINT (514638.27928640204 3898548.515043419),0,9th Street,35.2297,-80.835,1
1762992,110530550,OAK: WILLOW,26.0,1,,POINT (514638.27928640204 3898548.515043419),1,7th Street,35.22722,-80.83806,1
1762993,110530551,OAK: WILLOW,24.0,1,,POINT (514631.1830841513 3898541.9680913584),0,9th Street,35.2297,-80.835,1
1762993,110530551,OAK: WILLOW,24.0,1,,POINT (514631.1830841513 3898541.9680913584),1,7th Street,35.22722,-80.83806,1
1762994,110530552,OAK: WILLOW,21.0,1,,POINT (514623.9500337499 3898535.0617058617),0,9th Street,35.2297,-80.835,1
1762994,110530552,OAK: WILLOW,21.0,1,,POINT (514623.9500337499 3898535.0617058617),1,7th Street,35.22722,-80.83806,1
1762995,110530553,OAK: WILLOW,24.0,1,,POINT (514615.5325196974 3898529.0705918907),0,9th Street,35.2297,-80.835,1
1762995,110530553,OAK: WILLOW,24.0,1,,POINT (514615.5325196974 3898529.0705918907),1,7th Street,35.22722,-80.83806,1
1762996,110530554,OAK: WILLOW,31.0,1,,POINT (514600.47623882943 3898514.434983889),0,9th Street,35.2297,-80.835,1
1762996,110530554,OAK: WILLOW,31.0,1,,POINT (514600.47623882943 3898514.434983889),1,7th Street,35.22722,-80.83806,1
1762997,110530555,OAK: WILLOW,20.0,1,300 N TRYON ST,POINT (514511.0299605541 3898437.655162101),1,7th Street,35.22722,-80.83806,1
1762997,110530555,OAK: WILLOW,20.0,1,300 N TRYON ST,POINT (514511.0299605541 3898437.655162101),2,CTC/Arena,35.225,-80.84139,1
1762998,110530556,OAK: WILLOW,20.0,1,300 N TRYON ST,POINT (514502.8193678482 3898431.379437223),1,7th Street,35.22722,-80.83806,1
1762998,110530556,OAK: WILLOW,20.0,1,300 N TRYON ST,POINT (514502.8193678482 3898431.379437223),2,CTC/Arena,35.225,-80.84139,1
1762999,110530557,OAK: WILLOW,4.0,1,,POINT (514462.1090793719 3898396.065481994),1,7th Street,35.22722,-80.83806,1
1762999,110530557,OAK: WILLOW,4.0,1,,POINT (514462.1090793719 3898396.065481994),2,CTC/Arena,35.225,-80.84139,1
1763000,110530558,OAK: WILLOW,4.0,1,,POINT (514366.8461664519 3898314.309394861),1,7th Street,35.22722,-80.83806,1
1763000,110530558,OAK: WILLOW,4.0,1,,POINT (514366.8461664519 3898314.309394861),2,CTC/Arena,35.225,-80.84139,1
1763001,110530559,OAK: WILLOW,4.0,1,1300 S TRYON ST,POINT (514270.66199236066 3898231.169942279),2,CTC/Arena,35.225,-80.84139,1
1763001,110530559,OAK: WILLOW,4.0,1,1300 S TRYON ST,POINT (514270.66199236066 3898231.169942279),3,3rd St/Convention,35.22361,-80.84306,1
1763002,110530560,OAK: WILLOW,24.0,1,,POINT (513944.87266796693 3897981.1668306957),3,3rd St/Convention,35.22361,-80.84306,1
1763002,110530560,OAK: WILLOW,24.0,1,,POINT (513944.87266796693 3897981.1668306957),4,Brooklyn Village,35.22139,-80.84694,1
1763003,110530561,OAK: WILLOW,22.0,1,,POINT (513953.8552464124 3897988.9493075195),3,3rd St/Convention,35.22361,-80.84306,1
1763003,110530561,OAK: WILLOW,22.0,1,,POINT (513953.8552464124 3897988.9493075195),4,Brooklyn Village,35.22139,-80.84694,1
1763004,110530562,OAK: WILLOW,21.0,1,,POINT (514958.9507812828 3898828.6579369316),0,9th Street,35.2297,-80.835,1
1763005,110530563,OAK: WILLOW,25.0,1,,POINT (514844.7585130028 3898726.322064345),0,9th Street,35.2297,-80.835,1
1763006,110530564,OAK: WILLOW,34.0,1,,POINT (514836.9021262376 3898718.5361762224),0,9th Street,35.2297,-80.835,1
1763007,110530565,OAK: WILLOW,24.0,1,,POINT (514823.34275506495 3898708.763504117),0,9th Street,35.2297,-80.835,1
1763008,110530566,OAK: WILLOW,24.0,1,,POINT (514817.378890655 3898703.2629982065),0,9th Street,35.2297,-80.835,1
1763009,110530567,OAK: WILLOW,18.0,1,,POINT (514808.1397779529 3898694.0785414046),0,9th Street,35.2297,-80.835,1
1763010,110530568,OAK: WILLOW,18.0,1,,POINT (514794.26296880137 3898682.4477972854),0,9th Street,35.2297,-80.835,1
1763011,110530569,OAK: WILLOW,20.0,1,,POINT (514710.0084374504 3898735.4229994933),0,9th Street,35.2297,-80.835,1
1763012,110530570,OAK: WILLOW,22.0,1,,POINT (514787.06734493416 3898701.1971495557),0,9th Street,35.2297,-80.835,1
1763013,110530571,OAK: WILLOW,27.0,1,,POINT (514796.38147636224 3898709.0653059934),0,9th Street,35.2297,-80.835,1
1763014,110530572,OAK: WILLOW,23.0,1,,POINT (514828.8875781574 3898737.2497295653),0,9th Street,35.2297,-80.835,1
1763015,110530573,OAK: WILLOW,22.0,1,,POINT (514835.59741788777 3898743.4090231825),0,9th Street,35.2297,-80.835,1
1763016,110530574,OAK: WILLOW,22.0,1,,POINT (514843.02090124437 3898749.911174055),0,9th Street,35.2297,-80.835,1
1763017,110530575,OAK: WILLOW,21.0,1,,POINT (514849.34074659523 3898755.2625632235),0,9th Street,35.2297,-80.835,1
1763018,110530576,OAK: WILLOW,28.0,1,,POINT (514857.78980255825 3898762.298644086),0,9th Street,35.2297,-80.835,1
1763019,110530577,OAK: WILLOW,22.0,1,,POINT (514862.3589009299 3898767.137089482),0,9th Street,35.2297,-80.835,1
1763020,110530578,OAK: WILLOW,22.0,1,,POINT (514896.85793590866 3898796.0924211377),0,9th Street,35.2297,-80.835,1
1763021,110530579,OAK: WILLOW,24.0,1,,POINT (514906.4601496867 3898804.5411443543),0,9th Street,35.2297,-80.835,1
1763022,110530580,OAK: WILLOW,20.0,1,,POINT (514913.29599290335 3898810.9380614366),0,9th Street,35.2297,-80.835,1
1763023,110530581,OAK: WILLOW,21.0,1,,POINT (514924.8331924369 3898821.837611628),0,9th Street,35.2297,-80.835,1
1763024,110530582,OAK: WILLOW,21.0,1,,POINT (514932.17028324556 3898827.7441618694),0,9th Street,35.2297,-80.835,1
1763025,110530583,OAK: WILLOW,31.0,1,,POINT (514941.239193292 3898835.6985720834),0,9th Street,35.2297,-80.835,1
1763026,110530584,OAK: WILLOW,29.0,1,,POINT (515008.79059429816 3898872.4566010577),0,9th Street,35.2297,-80.835,1
1763027,110530585,OAK: WILLOW,28.0,1,,POINT (514995.67073030653 3898884.3045399436),0,9th Street,35.2297,-80.835,1
1763060,110530618,OAK: WILLOW,55.0,1,268 W BLAND ST,POINT (513017.9769406715 3897352.498314939),6,Bland,35.21583,-80.85528,1
1763816,110531374,OAK: WILLOW,22.0,1,,POINT (513792.2377628801 3897255.4282640954),5,Carson,35.21889,-80.85083,1
1763820,110531378,OAK: WILLOW,21.0,1,,POINT (513807.76282039535 3897233.482569709),5,Carson,35.21889,-80.85083,1
1763822,110531380,OAK: WILLOW,22.0,1,,POINT (513815.5794126402 3897219.9579836293),5,Carson,35.21889,-80.85083,1
1763823,110531381,OAK: WILLOW,22.0,1,,POINT (513872.487873119 3897137.8833060456),5,Carson,35.21889,-80.85083,1
1763824,110531382,OAK: WILLOW,39.0,1,,POINT (513883.75208109827 3897122.569708765),5,Carson,35.21889,-80.85083,1
1763825,110531383,OAK: WILLOW,28.0,1,,POINT (513894.560607977 3897108.2889599637),5,Carson,35.21889,-80.85083,1
1763826,110531384,OAK: WILLOW,44.0,1,,POINT (513911.98974982806 3897085.960456904),5,Carson,35.21889,-80.85083,1
1763828,110531386,OAK: WILLOW,27.0,1,,POINT (513921.8648181696 3897072.7130292915),5,Carson,35.21889,-80.85083,1
1763829,110531387,OAK: WILLOW,29.0,1,,POINT (513934.4696480496 3897056.316917667),5,Carson,35.21889,-80.85083,1
1763830,110531388,OAK: WILLOW,30.0,1,,POINT (513941.3122984921 3897047.1649116445),5,Carson,35.21889,-80.85083,1
1763831,110531389,OAK: WILLOW,22.0,1,,POINT (513954.48059813026 3897030.143095723),5,Carson,35.21889,-80.85083,1
1763904,110531462,OAK: WILLOW,4.0,1,,POINT (514401.74276365293 3898369.3938754774),1,7th Street,35.22722,-80.83806,1
1763904,110531462,OAK: WILLOW,4.0,1,,POINT (514401.74276365293 3898369.3938754774),2,CTC/Arena,35.225,-80.84139,1
1763905,110531463,OAK: WILLOW,20.0,1,,POINT (514527.62363537477 3898475.362602733),1,7th Street,35.22722,-80.83806,1
1763906,110531464,OAK: WILLOW,30.0,1,330 N TRYON ST,POINT (514567.06278013333 3898488.2018510574),0,9th Street,35.2297,-80.835,1
1763906,110531464,OAK: WILLOW,30.0,1,330 N TRYON ST,POINT (514567.06278013333 3898488.2018510574),1,7th Street,35.22722,-80.83806,1
1763907,110531465,OAK: WILLOW,32.0,1,324 N TRYON ST,POINT (514560.0784975106 3898481.062994152),0,9th Street,35.2297,-80.835,1
1763907,110531465,OAK: WILLOW,32.0,1,324 N TRYON ST,POINT (514560.0784975106 3898481.062994152),1,7th Street,35.22722,-80.83806,1
1763908,110531466,OAK: WILLOW,33.0,1,,POINT (514531.16549514746 3898457.0651975814),1,7th Street,35.22722,-80.83806,1
1763909,110531467,OAK: WILLOW,22.0,1,,POINT (514524.423503623 3898450.8738595955),1,7th Street,35.22722,-80.83806,1
1763910,110531468,OAK: WILLOW,21.0,1,,POINT (514517.4891201903 3898444.886231254),1,7th Street,35.22722,-80.83806,1
1763911,110531469,OAK: WILLOW,4.0,1,,POINT (514414.92470678844 3898356.300871962),1,7th Street,35.22722,-80.83806,1
1763911,110531469,OAK: WILLOW,4.0,1,,POINT (514414.92470678844 3898356.300871962),2,CTC/Arena,35.225,-80.84139,1
1763912,110531470,OAK: WILLOW,4.0,1,204 N TRYON ST,POINT (514408.48634484265 3898349.5710887485),1,7th Street,35.22722,-80.83806,1
1763912,110531470,OAK: WILLOW,4.0,1,204 N TRYON ST,POINT (514408.48634484265 3898349.5710887485),2,CTC/Arena,35.225,-80.84139,1
1763913,110531471,OAK: WILLOW,17.0,1,,POINT (513989.81302612217 3898018.7706566406),3,3rd St/Convention,35.22361,-80.84306,1
1763913,110531471,OAK: WILLOW,17.0,1,,POINT (513989.81302612217 3898018.7706566406),4,Brooklyn Village,35.22139,-80.84694,1
1763914,110531472,OAK: WILLOW,21.0,1,,POINT (514060.78286094737 3898056.422877688),2,CTC/Arena,35.225,-80.84139,1
1763914,110531472,OAK: WILLOW,21.0,1,,POINT (514060.78286094737 3898056.422877688),3,3rd St/Convention,35.22361,-80.84306,1
1763915,110531473,OAK: WILLOW,21.0,1,,POINT (514068.1827197064 3898061.894018266),2,CTC/Arena,35.225,-80.84139,1
1763915,110531473,OAK: WILLOW,21.0,1,,POINT (514068.1827197064 3898061.894018266),3,3rd St/Convention,35.22361,-80.84306,1
1763916,110531474,OAK: WILLOW,27.0,1,,POINT (514010.9367430628 3898011.9996569785),2,CTC/Arena,35.225,-80.84139,1
1763916,110531474,OAK: WILLOW,27.0,1,,POINT (514010.9367430628 3898011.9996569785),3,3rd St/Convention,35.22361,-80.84306,1
1763916,110531474,OAK: WILLOW,27.0,1,,POINT (514010.9367430628 3898011.9996569785),4,Brooklyn Village,35.22139,-80.84694,1
1763917,110531475,OAK: WILLOW,21.0,1,,POINT (513995.82125102216 3898000.3127634455),3,3rd St/Convention,35.22361,-80.84306,1
1763917,110531475,OAK: WILLOW,21.0,1,,POINT (513995.82125102216 3898000.3127634455),4,Brooklyn Village,35.22139,-80.84694,1
1763918,110531476,OAK: WILLOW,23.0,1,,POINT (513911.743116877 3897931.1362302974),3,3rd St/Convention,35.22361,-80.84306,1
1763918,110531476,OAK: WILLOW,23.0,1,,POINT (513911.743116877 3897931.1362302974),4,Brooklyn Village,35.22139,-80.84694,1
1763919,110531477,OAK: WILLOW,4.0,1,,POINT (514197.1022969161 3898361.7806366826),2,CTC/Arena,35.225,-80.84139,1
1764013,110531571,OAK: WILLOW,3.0,1,,POINT (513703.1632948236 3897390.7424095348),4,Brooklyn Village,35.22139,-80.84694,1
1764013,110531571,OAK: WILLOW,3.0,1,,POINT (513703.1632948236 3897390.7424095348),5,Carson,35.21889,-80.85083,1
1764014,110531572,OAK: WILLOW,13.0,1,,POINT (513730.64670572034 3897354.749122291),5,Carson,35.21889,-80.85083,1
1764020,110531578,OAK: WILLOW,3.0,1,,POINT (514811.59198138036 3898275.4610997844),0,9th Street,35.2297,-80.835,1
1764020,110531578,OAK: WILLOW,3.0,1,,POINT (514811.59198138036 3898275.4610997844),1,7th Street,35.22722,-80.83806,1
1764021,110531579,OAK: WILLOW,3.0,1,,POINT (514820.39039149217 3898268.428959389),0,9th Street,35.2297,-80.835,1
1764021,110531579,OAK: WILLOW,3.0,1,,POINT (514820.39039149217 3898268.428959389),1,7th Street,35.22722,-80.83806,1
1764022,110531580,OAK: WILLOW,3.0,1,,POINT (514826.62352693616 3898262.4859554637),0,9th Street,35.2297,-80.835,1
1764022,110531580,OAK: WILLOW,3.0,1,,POINT (514826.62352693616 3898262.4859554637),1,7th Street,35.22722,-80.83806,1
1764023,110531581,OAK: WILLOW,3.0,1,,POINT (514833.3456823398 3898256.9075809373),0,9th Street,35.2297,-80.835,1
1764023,110531581,OAK: WILLOW,3.0,1,,POINT (514833.3456823398 3898256.9075809373),1,7th Street,35.22722,-80.83806,1
1764023,110531581,OAK: WILLOW,3.0,1,,POINT (514833.3456823398 3898256.9075809373),2,CTC/Arena,35.225,-80.84139,1
1764024,110531582,OAK: WILLOW,3.0,1,,POINT (514840.5568924835 3898249.994850137),0,9th Street,35.2297,-80.835,1
1764024,110531582,OAK: WILLOW,3.0,1,,POINT (514840.5568924835 3898249.994850137),1,7th Street,35.22722,-80.83806,1
1764024,110531582,OAK: WILLOW,3.0,1,,POINT (514840.5568924835 3898249.994850137),2,CTC/Arena,35.225,-80.84139,1
1764025,110531583,OAK: WILLOW,3.0,1,,POINT (514847.6449361407 3898243.8103887835),0,9th Street,35.2297,-80.835,1
1764025,110531583,OAK: WILLOW,3.0,1,,POINT (514847.6449361407 3898243.8103887835),1,7th Street,35.22722,-80.83806,1
1764025,110531583,OAK: WILLOW,3.0,1,,POINT (514847.6449361407 3898243.8103887835),2,CTC/Arena,35.225,-80.84139,1
1764026,110531584,OAK: WILLOW,2.0,1,,POINT (514629.9618150222 3898264.315870527),0,9th Street,35.2297,-80.835,1
1764026,110531584,OAK: WILLOW,2.0,1,,POINT (514629.9618150222 3898264.315870527),1,7th Street,35.22722,-80.83806,1
1764026,110531584,OAK: WILLOW,2.0,1,,POINT (514629.9618150222 3898264.315870527),2,CTC/Arena,35.225,-80.84139,1
1764027,110531585,OAK: WILLOW,9.0,1,321 N CALDWELL ST,POINT (514930.9066473033 3898123.613558586),0,9th Street,35.2297,-80.835,1
1764027,110531585,OAK: WILLOW,9.0,1,321 N CALDWELL ST,POINT (514930.9066473033 3898123.613558586),1,7th Street,35.22722,-80.83806,1
1764028,110531586,OAK: WILLOW,5.0,1,321 N CALDWELL ST,POINT (514923.3812739328 3898116.8183760406),0,9th Street,35.2297,-80.835,1
1764028,110531586,OAK: WILLOW,5.0,1,321 N CALDWELL ST,POINT (514923.3812739328 3898116.8183760406),1,7th Street,35.22722,-80.83806,1
1764029,110531587,OAK: WILLOW,12.0,1,321 N CALDWELL ST,POINT (514910.6328732146 3898106.3892921098),1,7th Street,35.22722,-80.83806,1
1764030,110531588,OAK: WILLOW,14.0,1,321 N CALDWELL ST,POINT (514908.1838647703 3898103.196857872),1,7th Street,35.22722,-80.83806,1
1764030,110531588,OAK: WILLOW,14.0,1,321 N CALDWELL ST,POINT (514908.1838647703 3898103.196857872),2,CTC/Arena,35.225,-80.84139,1
1764031,110531589,OAK: WILLOW,11.0,1,321 N CALDWELL ST,POINT (514905.2313767863 3898101.255694827),1,7th Street,35.22722,-80.83806,1
1764031,110531589,OAK: WILLOW,11.0,1,321 N CALDWELL ST,POINT (514905.2313767863 3898101.255694827),2,CTC/Arena,35.225,-80.84139,1
1764032,110531590,OAK: WILLOW,15.0,1,321 N CALDWELL ST,POINT (514924.30929704715 3898140.0448228433),0,9th Street,35.2297,-80.835,1
1764032,110531590,OAK: WILLOW,15.0,1,321 N CALDWELL ST,POINT (514924.30929704715 3898140.0448228433),1,7th Street,35.22722,-80.83806,1
1764033,110531591,OAK: WILLOW,17.0,1,418 E 7TH ST,POINT (514918.57200538507 3898145.378559288),0,9th Street,35.2297,-80.835,1
1764033,110531591,OAK: WILLOW,17.0,1,418 E 7TH ST,POINT (514918.57200538507 3898145.378559288),1,7th Street,35.22722,-80.83806,1
1764041,110531599,OAK: WILLOW,17.0,1,,POINT (515346.24064007687 3898278.053164628),0,9th Street,35.2297,-80.835,1
1764042,110531600,OAK: WILLOW,15.0,1,,POINT (515352.9627187183 3898272.1114114835),0,9th Street,35.2297,-80.835,1
1764088,110531646,OAK: WILLOW,10.0,1,703 E 9TH ST,POINT (515340.34199559805 3898119.881956443),0,9th Street,35.2297,-80.835,1
1764098,110531656,OAK: WILLOW,12.0,1,,POINT (515280.5895505847 3898088.5188345504),0,9th Street,35.2297,-80.835,1
1764099,110531657,OAK: WILLOW,13.0,1,,POINT (515287.2212072882 3898094.747147095),0,9th Street,35.2297,-80.835,1
1764100,110531658,OAK: WILLOW,11.0,1,702 E 9TH ST,POINT (515289.514658831 3898078.4541474483),0,9th Street,35.2297,-80.835,1
1764102,110531660,OAK: WILLOW,15.0,1,,POINT (514575.2127682372 3897546.0396971493),3,3rd St/Convention,35.22361,-80.84306,1
1764103,110531661,OAK: WILLOW,4.0,1,,POINT (514302.74465805886 3898240.3798956443),2,CTC/Arena,35.225,-80.84139,1
1764103,110531661,OAK: WILLOW,4.0,1,,POINT (514302.74465805886 3898240.3798956443),3,3rd St/Convention,35.22361,-80.84306,1
1764104,110531662,OAK: WILLOW,19.0,1,,POINT (514316.1894754969 3898227.4013814847),2,CTC/Arena,35.225,-80.84139,1
1764104,110531662,OAK: WILLOW,19.0,1,,POINT (514316.1894754969 3898227.4013814847),3,3rd St/Convention,35.22361,-80.84306,1
1764105,110531663,OAK: WILLOW,18.0,1,,POINT (514327.19282269105 3898214.9059387883),1,7th Street,35.22722,-80.83806,1
1764105,110531663,OAK: WILLOW,18.0,1,,POINT (514327.19282269105 3898214.9059387883),2,CTC/Arena,35.225,-80.84139,1
1764105,110531663,OAK: WILLOW,18.0,1,,POINT (514327.19282269105 3898214.9059387883),3,3rd St/Convention,35.22361,-80.84306,1
1764106,110531664,OAK: WILLOW,15.0,1,,POINT (514336.8513473509 3898204.108383743),1,7th Street,35.22722,-80.83806,1
1764106,110531664,OAK: WILLOW,15.0,1,,POINT (514336.8513473509 3898204.108383743),2,CTC/Arena,35.225,-80.84139,1
1764106,110531664,OAK: WILLOW,15.0,1,,POINT (514336.8513473509 3898204.108383743),3,3rd St/Convention,35.22361,-80.84306,1
1764107,110531665,OAK: WILLOW,15.0,1,,POINT (514348.8341573137 3898189.7901994353),1,7th Street,35.22722,-80.83806,1
1764107,110531665,OAK: WILLOW,15.0,1,,POINT (514348.8341573137 3898189.7901994353),2,CTC/Arena,35.225,-80.84139,1
1764107,110531665,OAK: WILLOW,15.0,1,,POINT (514348.8341573137 3898189.7901994353),3,3rd St/Convention,35.22361,-80.84306,1
1764108,110531666,OAK: WILLOW,18.0,1,,POINT (514376.70183255005 3898162.984234677),1,7th Street,35.22722,-80.83806,1
1764108,110531666,OAK: WILLOW,18.0,1,,POINT (514376.70183255005 3898162.984234677),2,CTC/Arena,35.225,-80.84139,1
1764108,110531666,OAK: WILLOW,18.0,1,,POINT (514376.70183255005 3898162.984234677),3,3rd St/Convention,35.22361,-80.84306,1
1764109,110531667,OAK: WILLOW,9.0,1,,POINT (514092.71416803927 3898070.4549550563),2,CTC/Arena,35.225,-80.84139,1
1764109,110531667,OAK: WILLOW,9.0,1,,POINT (514092.71416803927 3898070.4549550563),3,3rd St/Convention,35.22361,-80.84306,1
1764110,110531668,OAK: WILLOW,16.0,1,,POINT (514153.6625661111 3898155.5168621084),2,CTC/Arena,35.225,-80.84139,1
1764110,110531668,OAK: WILLOW,16.0,1,,POINT (514153.6625661111 3898155.5168621084),3,3rd St/Convention,35.22361,-80.84306,1
1764111,110531669,OAK: WILLOW,17.0,1,,POINT (514181.7539651394 3898180.073259746),2,CTC/Arena,35.225,-80.84139,1
1764111,110531669,OAK: WILLOW,17.0,1,,POINT (514181.7539651394 3898180.073259746),3,3rd St/Convention,35.22361,-80.84306,1
1764112,110531670,OAK: WILLOW,14.0,1,,POINT (514188.96765778714 3898185.7716343272),2,CTC/Arena,35.225,-80.84139,1
1764112,110531670,OAK: WILLOW,14.0,1,,POINT (514188.96765778714 3898185.7716343272),3,3rd St/Convention,35.22361,-80.84306,1
1764113,110531671,OAK: WILLOW,17.0,1,,POINT (514196.70973743324 3898193.4093258576),2,CTC/Arena,35.225,-80.84139,1
1764113,110531671,OAK: WILLOW,17.0,1,,POINT (514196.70973743324 3898193.4093258576),3,3rd St/Convention,35.22361,-80.84306,1
1764114,110531672,OAK: WILLOW,17.0,1,,POINT (514204.81304623577 3898198.7962473077),2,CTC/Arena,35.225,-80.84139,1
1764114,110531672,OAK: WILLOW,17.0,1,,POINT (514204.81304623577 3898198.7962473077),3,3rd St/Convention,35.22361,-80.84306,1
1764115,110531673,OAK: WILLOW,99.0,1,114 S TRYON ST,POINT (514213.1749858008 3898205.148515459),2,CTC/Arena,35.225,-80.84139,1
1764115,110531673,OAK: WILLOW,99.0,1,114 S TRYON ST,POINT (514213.1749858008 3898205.148515459),3,3rd St/Convention,35.22361,-80.84306,1
1764116,110531674,OAK: WILLOW,99.0,1,114 S TRYON ST,POINT (514217.60810416244 3898210.601777573),2,CTC/Arena,35.225,-80.84139,1
1764116,110531674,OAK: WILLOW,99.0,1,114 S TRYON ST,POINT (514217.60810416244 3898210.601777573),3,3rd St/Convention,35.22361,-80.84306,1
1764117,110531675,OAK: WILLOW,99.0,1,114 S TRYON ST,POINT (514223.8039032324 3898215.4545983016),2,CTC/Arena,35.225,-80.84139,1
1764117,110531675,OAK: WILLOW,99.0,1,114 S TRYON ST,POINT (514223.8039032324 3898215.4545983016),3,3rd St/Convention,35.22361,-80.84306,1
1764118,110531676,OAK: WILLOW,19.0,1,114 S TRYON ST,POINT (514229.0640789774 3898220.9469231833),2,CTC/Arena,35.225,-80.84139,1
1764118,110531676,OAK: WILLOW,19.0,1,114 S TRYON ST,POINT (514229.0640789774 3898220.9469231833),3,3rd St/Convention,35.22361,-80.84306,1
1764119,110531677,OAK: WILLOW,4.0,1,108 S TRYON ST #A,POINT (514255.26609392354 3898243.707371139),2,CTC/Arena,35.225,-80.84139,1
1764119,110531677,OAK: WILLOW,4.0,1,108 S TRYON ST #A,POINT (514255.26609392354 3898243.707371139),3,3rd St/Convention,35.22361,-80.84306,1
1764120,110531678,OAK: WILLOW,99.0,1,,POINT (514228.8300277963 3898291.594766538),2,CTC/Arena,35.225,-80.84139,1
1764120,110531678,OAK: WILLOW,99.0,1,,POINT (514228.8300277963 3898291.594766538),3,3rd St/Convention,35.22361,-80.84306,1
1764121,110531679,OAK: WILLOW,99.0,1,,POINT (514198.2729426905 3898322.161984032),2,CTC/Arena,35.225,-80.84139,1
1764122,110531680,OAK: WILLOW,4.0,1,,POINT (514204.0983741338 3898342.5824974063),2,CTC/Arena,35.225,-80.84139,1
1764123,110531681,OAK: WILLOW,99.0,1,,POINT (514215.9534130182 3898331.7273073373),2,CTC/Arena,35.225,-80.84139,1
1764124,110531682,OAK: WILLOW,99.0,1,,POINT (514222.0641671264 3898325.7837391044),2,CTC/Arena,35.225,-80.84139,1
1764124,110531682,OAK: WILLOW,99.0,1,,POINT (514222.0641671264 3898325.7837391044),3,3rd St/Convention,35.22361,-80.84306,1
1764125,110531683,OAK: WILLOW,99.0,1,,POINT (514226.8315261455 3898321.174411638),2,CTC/Arena,35.225,-80.84139,1
1764125,110531683,OAK: WILLOW,99.0,1,,POINT (514226.8315261455 3898321.174411638),3,3rd St/Convention,35.22361,-80.84306,1
1764126,110531684,OAK: WILLOW,4.0,1,N TRYON ST,POINT (514242.48029238975 3898303.4616258433),2,CTC/Arena,35.225,-80.84139,1
1764126,110531684,OAK: WILLOW,4.0,1,N TRYON ST,POINT (514242.48029238975 3898303.4616258433),3,3rd St/Convention,35.22361,-80.84306,1
1764127,110531685,OAK: WILLOW,4.0,1,,POINT (514248.4310229551 3898296.8646768196),2,CTC/Arena,35.225,-80.84139,1
1764127,110531685,OAK: WILLOW,4.0,1,,POINT (514248.4310229551 3898296.8646768196),3,3rd St/Convention,35.22361,-80.84306,1
1764128,110531686,OAK: WILLOW,11.0,1,,POINT (514541.36826855707 3898488.0496106623),1,7th Street,35.22722,-80.83806,1
1764129,110531687,OAK: WILLOW,19.0,1,,POINT (514606.14231074514 3898542.809257061),0,9th Street,35.2297,-80.835,1
1764129,110531687,OAK: WILLOW,19.0,1,,POINT (514606.14231074514 3898542.809257061),1,7th Street,35.22722,-80.83806,1
1764130,110531688,OAK: WILLOW,19.0,1,,POINT (514612.55376737076 3898548.4922691137),0,9th Street,35.2297,-80.835,1
1764130,110531688,OAK: WILLOW,19.0,1,,POINT (514612.55376737076 3898548.4922691137),1,7th Street,35.22722,-80.83806,1
1764131,110531689,OAK: WILLOW,19.0,1,,POINT (514620.0721993006 3898555.6020915196),0,9th Street,35.2297,-80.835,1
1764131,110531689,OAK: WILLOW,19.0,1,,POINT (514620.0721993006 3898555.6020915196),1,7th Street,35.22722,-80.83806,1
1764132,110531690,OAK: WILLOW,17.0,1,,POINT (514630.39758703293 3898563.99508897),0,9th Street,35.2297,-80.835,1
1764132,110531690,OAK: WILLOW,17.0,1,,POINT (514630.39758703293 3898563.99508897),1,7th Street,35.22722,-80.83806,1
1764133,110531691,OAK: WILLOW,17.0,1,,POINT (514637.442111689 3898569.305382559),0,9th Street,35.2297,-80.835,1
1764134,110531692,OAK: WILLOW,17.0,1,,POINT (514643.9833823899 3898575.155999305),0,9th Street,35.2297,-80.835,1
1764135,110531693,OAK: WILLOW,17.0,1,,POINT (514651.8870349342 3898582.0401992644),0,9th Street,35.2297,-80.835,1
1764136,110531694,OAK: WILLOW,17.0,1,,POINT (514659.08638190205 3898588.3910430046),0,9th Street,35.2297,-80.835,1
1764137,110531695,OAK: WILLOW,13.0,1,,POINT (514675.7182494851 3898604.2280198354),0,9th Street,35.2297,-80.835,1
1764138,110531696,OAK: WILLOW,14.0,1,,POINT (514681.32800254854 3898609.36301429),0,9th Street,35.2297,-80.835,1
1764139,110531697,OAK: WILLOW,19.0,1,,POINT (514687.6200521724 3898615.1212155316),0,9th Street,35.2297,-80.835,1
1764140,110531698,OAK: WILLOW,14.0,1,,POINT (514697.10870794446 3898622.6501108236),0,9th Street,35.2297,-80.835,1
1764141,110531699,OAK: WILLOW,12.0,1,,POINT (514704.8110562068 3898629.043887516),0,9th Street,35.2297,-80.835,1
1764142,110531700,OAK: WILLOW,18.0,1,,POINT (514712.01194044657 3898635.462357943),0,9th Street,35.2297,-80.835,1
1764143,110531701,OAK: WILLOW,16.0,1,,POINT (514718.8868470524 3898642.0743469247),0,9th Street,35.2297,-80.835,1
1764144,110531702,OAK: WILLOW,19.0,1,,POINT (514726.62966489914 3898649.283384654),0,9th Street,35.2297,-80.835,1
1764145,110531703,OAK: WILLOW,19.0,1,,POINT (514734.5430093297 3898654.0439223666),0,9th Street,35.2297,-80.835,1
1764146,110531704,OAK: WILLOW,16.0,1,,POINT (514742.3965726116 3898660.3570516426),0,9th Street,35.2297,-80.835,1
1764147,110531705,OAK: WILLOW,16.0,1,,POINT (514749.90846253774 3898668.535971349),0,9th Street,35.2297,-80.835,1
1764148,110531706,OAK: WILLOW,17.0,1,,POINT (514757.470113163 3898652.384521085),0,9th Street,35.2297,-80.835,1
1764149,110531707,OAK: WILLOW,15.0,1,,POINT (514751.2637071892 3898647.1499103564),0,9th Street,35.2297,-80.835,1
1764150,110531708,OAK: WILLOW,15.0,1,,POINT (514744.44454592763 3898640.997013881),0,9th Street,35.2297,-80.835,1
1764151,110531709,OAK: WILLOW,18.0,1,,POINT (514737.42849071295 3898633.961109029),0,9th Street,35.2297,-80.835,1
1764152,110531710,OAK: WILLOW,18.0,1,,POINT (514731.35512811446 3898628.029125889),0,9th Street,35.2297,-80.835,1
1764153,110531711,OAK: WILLOW,16.0,1,,POINT (514724.31077712815 3898622.6655390575),0,9th Street,35.2297,-80.835,1
1764154,110531712,OAK: WILLOW,16.0,1,,POINT (514715.47577341815 3898614.496657791),0,9th Street,35.2297,-80.835,1
1764155,110531713,OAK: WILLOW,12.0,1,,POINT (514710.35809611494 3898610.6167947655),0,9th Street,35.2297,-80.835,1
1764156,110531714,OAK: WILLOW,14.0,1,,POINT (514705.03040744667 3898605.542179898),0,9th Street,35.2297,-80.835,1
1764157,110531715,OAK: WILLOW,14.0,1,,POINT (514694.9127997279 3898597.566341003),0,9th Street,35.2297,-80.835,1
1764158,110531716,OAK: WILLOW,18.0,1,,POINT (514688.4045138551 3898591.0414338876),0,9th Street,35.2297,-80.835,1
1764159,110531717,OAK: WILLOW,18.0,1,,POINT (514609.62522416614 3898523.884105615),0,9th Street,35.2297,-80.835,1
1764159,110531717,OAK: WILLOW,18.0,1,,POINT (514609.62522416614 3898523.884105615),1,7th Street,35.22722,-80.83806,1
1764160,110531718,OAK: WILLOW,4.0,1,200 N TRYON ST,POINT (514401.8758022524 3898342.9997254815),1,7th Street,35.22722,-80.83806,1
1764160,110531718,OAK: WILLOW,4.0,1,200 N TRYON ST,POINT (514401.8758022524 3898342.9997254815),2,CTC/Arena,35.225,-80.84139,1
1764161,110531719,OAK: WILLOW,4.0,1,,POINT (514379.6525727983 3898325.636087032),1,7th Street,35.22722,-80.83806,1
1764161,110531719,OAK: WILLOW,4.0,1,,POINT (514379.6525727983 3898325.636087032),2,CTC/Arena,35.225,-80.84139,1
1764162,110531720,OAK: WILLOW,4.0,1,,POINT (514373.0909349392 3898319.778961437),1,7th Street,35.22722,-80.83806,1
1764162,110531720,OAK: WILLOW,4.0,1,,POINT (514373.0909349392 3898319.778961437),2,CTC/Arena,35.225,-80.84139,1
1764163,110531721,OAK: WILLOW,4.0,1,,POINT (514358.917825099 3898307.8068732545),2,CTC/Arena,35.225,-80.84139,1
1764165,110531723,OAK: WILLOW,14.0,1,,POINT (514346.1640050271 3898297.145696232),2,CTC/Arena,35.225,-80.84139,1
1764166,110531724,OAK: WILLOW,14.0,1,,POINT (514338.74442168133 3898291.159691647),2,CTC/Arena,35.225,-80.84139,1
1764167,110531725,OAK: WILLOW,14.0,1,,POINT (514330.23978975264 3898284.197088655),2,CTC/Arena,35.225,-80.84139,1
1764168,110531726,OAK: WILLOW,14.0,1,,POINT (514324.07334823627 3898277.5199815235),2,CTC/Arena,35.225,-80.84139,1
1764169,110531727,OAK: WILLOW,17.0,1,,POINT (514318.7063517712 3898273.4037116296),2,CTC/Arena,35.225,-80.84139,1
1764170,110531728,OAK: WILLOW,4.0,1,,POINT (514310.2591161679 3898266.996928008),2,CTC/Arena,35.225,-80.84139,1
1764170,110531728,OAK: WILLOW,4.0,1,,POINT (514310.2591161679 3898266.996928008),3,3rd St/Convention,35.22361,-80.84306,1
1764171,110531729,OAK: WILLOW,4.0,1,,POINT (514303.3431099389 3898261.859013852),2,CTC/Arena,35.225,-80.84139,1
1764171,110531729,OAK: WILLOW,4.0,1,,POINT (514303.3431099389 3898261.859013852),3,3rd St/Convention,35.22361,-80.84306,1
1764172,110531730,OAK: WILLOW,17.0,1,1300 S TRYON ST,POINT (514264.1027093862 3898226.5904788445),2,CTC/Arena,35.225,-80.84139,1
1764172,110531730,OAK: WILLOW,17.0,1,1300 S TRYON ST,POINT (514264.1027093862 3898226.5904788445),3,3rd St/Convention,35.22361,-80.84306,1
1764173,110531731,OAK: WILLOW,18.0,1,1300 S TRYON ST,POINT (514254.71317335166 3898218.6484109703),2,CTC/Arena,35.225,-80.84139,1
1764173,110531731,OAK: WILLOW,18.0,1,1300 S TRYON ST,POINT (514254.71317335166 3898218.6484109703),3,3rd St/Convention,35.22361,-80.84306,1
1764174,110531732,OAK: WILLOW,11.0,1,,POINT (514248.36041114473 3898214.097007127),2,CTC/Arena,35.225,-80.84139,1
1764174,110531732,OAK: WILLOW,11.0,1,,POINT (514248.36041114473 3898214.097007127),3,3rd St/Convention,35.22361,-80.84306,1
1764175,110531733,OAK: WILLOW,4.0,1,,POINT (514240.69631403923 3898207.8345945072),2,CTC/Arena,35.225,-80.84139,1
1764175,110531733,OAK: WILLOW,4.0,1,,POINT (514240.69631403923 3898207.8345945072),3,3rd St/Convention,35.22361,-80.84306,1
1764176,110531734,OAK: WILLOW,99.0,1,,POINT (514232.40087465 3898200.8270102623),2,CTC/Arena,35.225,-80.84139,1
1764176,110531734,OAK: WILLOW,99.0,1,,POINT (514232.40087465 3898200.8270102623),3,3rd St/Convention,35.22361,-80.84306,1
1764177,110531735,OAK: WILLOW,99.0,1,,POINT (514226.84973179194 3898194.594572059),2,CTC/Arena,35.225,-80.84139,1
1764177,110531735,OAK: WILLOW,99.0,1,,POINT (514226.84973179194 3898194.594572059),3,3rd St/Convention,35.22361,-80.84306,1
1764178,110531736,OAK: WILLOW,99.0,1,,POINT (514219.8682795133 3898190.5112687005),2,CTC/Arena,35.225,-80.84139,1
1764178,110531736,OAK: WILLOW,99.0,1,,POINT (514219.8682795133 3898190.5112687005),3,3rd St/Convention,35.22361,-80.84306,1
1764179,110531737,OAK: WILLOW,99.0,1,,POINT (514212.63386735343 3898184.6997841527),2,CTC/Arena,35.225,-80.84139,1
1764179,110531737,OAK: WILLOW,99.0,1,,POINT (514212.63386735343 3898184.6997841527),3,3rd St/Convention,35.22361,-80.84306,1
1764180,110531738,OAK: WILLOW,99.0,1,,POINT (514207.5287029496 3898178.3726389115),2,CTC/Arena,35.225,-80.84139,1
1764180,110531738,OAK: WILLOW,99.0,1,,POINT (514207.5287029496 3898178.3726389115),3,3rd St/Convention,35.22361,-80.84306,1
1764181,110531739,OAK: WILLOW,99.0,1,,POINT (514200.9528072008 3898173.3273722026),2,CTC/Arena,35.225,-80.84139,1
1764181,110531739,OAK: WILLOW,99.0,1,,POINT (514200.9528072008 3898173.3273722026),3,3rd St/Convention,35.22361,-80.84306,1
1764182,110531740,OAK: WILLOW,99.0,1,,POINT (514193.62421907694 3898167.773072812),2,CTC/Arena,35.225,-80.84139,1
1764182,110531740,OAK: WILLOW,99.0,1,,POINT (514193.62421907694 3898167.773072812),3,3rd St/Convention,35.22361,-80.84306,1
1764183,110531741,OAK: WILLOW,99.0,1,,POINT (514171.3463083219 3898148.716448698),2,CTC/Arena,35.225,-80.84139,1
1764183,110531741,OAK: WILLOW,99.0,1,,POINT (514171.3463083219 3898148.716448698),3,3rd St/Convention,35.22361,-80.84306,1
1764184,110531742,OAK: WILLOW,14.0,1,,POINT (514163.972229251 3898142.5464740996),2,CTC/Arena,35.225,-80.84139,1
1764184,110531742,OAK: WILLOW,14.0,1,,POINT (514163.972229251 3898142.5464740996),3,3rd St/Convention,35.22361,-80.84306,1
1764185,110531743,OAK: WILLOW,14.0,1,,POINT (514156.5951082625 3898136.0361610837),2,CTC/Arena,35.225,-80.84139,1
1764185,110531743,OAK: WILLOW,14.0,1,,POINT (514156.5951082625 3898136.0361610837),3,3rd St/Convention,35.22361,-80.84306,1
1764186,110531744,OAK: WILLOW,13.0,1,,POINT (514110.6788573941 3898095.9835314746),2,CTC/Arena,35.225,-80.84139,1
1764186,110531744,OAK: WILLOW,13.0,1,,POINT (514110.6788573941 3898095.9835314746),3,3rd St/Convention,35.22361,-80.84306,1
1764187,110531745,OAK: WILLOW,17.0,1,,POINT (514101.8820850266 3898089.9767787154),2,CTC/Arena,35.225,-80.84139,1
1764187,110531745,OAK: WILLOW,17.0,1,,POINT (514101.8820850266 3898089.9767787154),3,3rd St/Convention,35.22361,-80.84306,1
1764188,110531746,OAK: WILLOW,18.0,1,,POINT (513981.51744739653 3898013.953623473),3,3rd St/Convention,35.22361,-80.84306,1
1764188,110531746,OAK: WILLOW,18.0,1,,POINT (513981.51744739653 3898013.953623473),4,Brooklyn Village,35.22139,-80.84694,1
1764189,110531747,OAK: WILLOW,18.0,1,,POINT (513997.81611103954 3898024.9680032902),2,CTC/Arena,35.225,-80.84139,1
1764189,110531747,OAK: WILLOW,18.0,1,,POINT (513997.81611103954 3898024.9680032902),3,3rd St/Convention,35.22361,-80.84306,1
1764189,110531747,OAK: WILLOW,18.0,1,,POINT (513997.81611103954 3898024.9680032902),4,Brooklyn Village,35.22139,-80.84694,1
1764190,110531748,OAK: WILLOW,11.0,1,,POINT (514051.5987352189 3898070.052700796),2,CTC/Arena,35.225,-80.84139,1
1764190,110531748,OAK: WILLOW,11.0,1,,POINT (514051.5987352189 3898070.052700796),3,3rd St/Convention,35.22361,-80.84306,1
1764191,110531749,OAK: WILLOW,14.0,1,,POINT (514056.16009236756 3898051.0868867678),2,CTC/Arena,35.225,-80.84139,1
1764191,110531749,OAK: WILLOW,14.0,1,,POINT (514056.16009236756 3898051.0868867678),3,3rd St/Convention,35.22361,-80.84306,1
1764192,110531750,OAK: WILLOW,18.0,1,,POINT (514003.99726296094 3898006.5081946757),3,3rd St/Convention,35.22361,-80.84306,1
1764192,110531750,OAK: WILLOW,18.0,1,,POINT (514003.99726296094 3898006.5081946757),4,Brooklyn Village,35.22139,-80.84694,1
1764193,110531751,OAK: WILLOW,99.0,1,,POINT (513679.80319875426 3897952.5664743697),4,Brooklyn Village,35.22139,-80.84694,1
1764194,110531752,OAK: WILLOW,99.0,1,,POINT (513673.6903544504 3897959.96870155),4,Brooklyn Village,35.22139,-80.84694,1
1764195,110531753,OAK: WILLOW,4.0,1,,POINT (513975.99271664553 3897983.4129520585),3,3rd St/Convention,35.22361,-80.84306,1
1764195,110531753,OAK: WILLOW,4.0,1,,POINT (513975.99271664553 3897983.4129520585),4,Brooklyn Village,35.22139,-80.84694,1
1764196,110531754,OAK: WILLOW,4.0,1,,POINT (513966.51604533783 3897974.401001826),3,3rd St/Convention,35.22361,-80.84306,1
1764196,110531754,OAK: WILLOW,4.0,1,,POINT (513966.51604533783 3897974.401001826),4,Brooklyn Village,35.22139,-80.84694,1
1764197,110531755,OAK: WILLOW,15.0,1,,POINT (513904.62583599973 3897924.6131550088),3,3rd St/Convention,35.22361,-80.84306,1
1764197,110531755,OAK: WILLOW,15.0,1,,POINT (513904.62583599973 3897924.6131550088),4,Brooklyn Village,35.22139,-80.84694,1
1764198,110531756,OAK: WILLOW,19.0,1,,POINT (513897.3760837403 3897917.845926863),3,3rd St/Convention,35.22361,-80.84306,1
1764198,110531756,OAK: WILLOW,19.0,1,,POINT (513897.3760837403 3897917.845926863),4,Brooklyn Village,35.22139,-80.84694,1
1764199,110531757,OAK: WILLOW,6.0,1,,POINT (513870.7027909054 3897897.999192262),3,3rd St/Convention,35.22361,-80.84306,1
1764199,110531757,OAK: WILLOW,6.0,1,,POINT (513870.7027909054 3897897.999192262),4,Brooklyn Village,35.22139,-80.84694,1
1764200,110531758,OAK: WILLOW,10.0,1,,POINT (513863.6757350267 3897891.951003245),3,3rd St/Convention,35.22361,-80.84306,1
1764200,110531758,OAK: WILLOW,10.0,1,,POINT (513863.6757350267 3897891.951003245),4,Brooklyn Village,35.22139,-80.84694,1
1764201,110531759,OAK: WILLOW,13.0,1,,POINT (513856.94091398915 3897884.058926826),3,3rd St/Convention,35.22361,-80.84306,1
1764201,110531759,OAK: WILLOW,13.0,1,,POINT (513856.94091398915 3897884.058926826),4,Brooklyn Village,35.22139,-80.84694,1
1764202,110531760,OAK: WILLOW,12.0,1,,POINT (513848.75768874364 3897878.8517843983),3,3rd St/Convention,35.22361,-80.84306,1
1764202,110531760,OAK: WILLOW,12.0,1,,POINT (513848.75768874364 3897878.8517843983),4,Brooklyn Village,35.22139,-80.84694,1
1764203,110531761,OAK: WILLOW,10.0,1,,POINT (513842.5004410983 3897871.6591841383),3,3rd St/Convention,35.22361,-80.84306,1
1764203,110531761,OAK: WILLOW,10.0,1,,POINT (513842.5004410983 3897871.6591841383),4,Brooklyn Village,35.22139,-80.84694,1
1764204,110531762,OAK: WILLOW,10.0,1,,POINT (513832.9041203995 3897865.1612546006),3,3rd St/Convention,35.22361,-80.84306,1
1764204,110531762,OAK: WILLOW,10.0,1,,POINT (513832.9041203995 3897865.1612546006),4,Brooklyn Village,35.22139,-80.84694,1
1764205,110531763,OAK: WILLOW,12.0,1,,POINT (513825.1219409127 3897858.3921984285),3,3rd St/Convention,35.22361,-80.84306,1
1764205,110531763,OAK: WILLOW,12.0,1,,POINT (513825.1219409127 3897858.3921984285),4,Brooklyn Village,35.22139,-80.84694,1
1764206,110531764,OAK: WILLOW,99.0,1,,POINT (513794.55470738985 3897854.9673967184),3,3rd St/Convention,35.22361,-80.84306,1
1764206,110531764,OAK: WILLOW,99.0,1,,POINT (513794.55470738985 3897854.9673967184),4,Brooklyn Village,35.22139,-80.84694,1
1764207,110531765,OAK: WILLOW,8.0,1,,POINT (513807.78449235554 3897867.038065842),3,3rd St/Convention,35.22361,-80.84306,1
1764207,110531765,OAK: WILLOW,8.0,1,,POINT (513807.78449235554 3897867.038065842),4,Brooklyn Village,35.22139,-80.84694,1
1764208,110531766,OAK: WILLOW,10.0,1,,POINT (513816.2602807116 3897874.3105644244),3,3rd St/Convention,35.22361,-80.84306,1
1764208,110531766,OAK: WILLOW,10.0,1,,POINT (513816.2602807116 3897874.3105644244),4,Brooklyn Village,35.22139,-80.84694,1
1764209,110531767,OAK: WILLOW,10.0,1,,POINT (513836.201245927 3897890.6823752658),3,3rd St/Convention,35.22361,-80.84306,1
1764209,110531767,OAK: WILLOW,10.0,1,,POINT (513836.201245927 3897890.6823752658),4,Brooklyn Village,35.22139,-80.84694,1
1764210,110531768,OAK: WILLOW,8.0,1,,POINT (513843.86151458643 3897897.4523749785),3,3rd St/Convention,35.22361,-80.84306,1
1764210,110531768,OAK: WILLOW,8.0,1,,POINT (513843.86151458643 3897897.4523749785),4,Brooklyn Village,35.22139,-80.84694,1
1764211,110531769,OAK: WILLOW,7.0,1,,POINT (513852.7631026088 3897904.147792445),3,3rd St/Convention,35.22361,-80.84306,1
1764211,110531769,OAK: WILLOW,7.0,1,,POINT (513852.7631026088 3897904.147792445),4,Brooklyn Village,35.22139,-80.84694,1
1764212,110531770,OAK: WILLOW,5.0,1,,POINT (513860.2527841511 3897910.5504795928),3,3rd St/Convention,35.22361,-80.84306,1
1764212,110531770,OAK: WILLOW,5.0,1,,POINT (513860.2527841511 3897910.5504795928),4,Brooklyn Village,35.22139,-80.84694,1
1764213,110531771,OAK: WILLOW,3.0,1,,POINT (513835.0125458199 3897955.0383941587),4,Brooklyn Village,35.22139,-80.84694,1
1764214,110531772,OAK: WILLOW,9.0,1,,POINT (513890.6227000206 3897936.28940538),3,3rd St/Convention,35.22361,-80.84306,1
1764214,110531772,OAK: WILLOW,9.0,1,,POINT (513890.6227000206 3897936.28940538),4,Brooklyn Village,35.22139,-80.84694,1
1764215,110531773,OAK: WILLOW,10.0,1,,POINT (513897.7012960042 3897941.9185612793),3,3rd St/Convention,35.22361,-80.84306,1
1764215,110531773,OAK: WILLOW,10.0,1,,POINT (513897.7012960042 3897941.9185612793),4,Brooklyn Village,35.22139,-80.84694,1
1764216,110531774,OAK: WILLOW,10.0,1,,POINT (513903.63444779057 3897947.3651486654),3,3rd St/Convention,35.22361,-80.84306,1
1764216,110531774,OAK: WILLOW,10.0,1,,POINT (513903.63444779057 3897947.3651486654),4,Brooklyn Village,35.22139,-80.84694,1
1764217,110531775,OAK: WILLOW,10.0,1,,POINT (513909.9877134816 3897953.6086478312),3,3rd St/Convention,35.22361,-80.84306,1
1764217,110531775,OAK: WILLOW,10.0,1,,POINT (513909.9877134816 3897953.6086478312),4,Brooklyn Village,35.22139,-80.84694,1
1764218,110531776,OAK: WILLOW,19.0,1,,POINT (513960.22033254907 3897993.4051652085),3,3rd St/Convention,35.22361,-80.84306,1
1764218,110531776,OAK: WILLOW,19.0,1,,POINT (513960.22033254907 3897993.4051652085),4,Brooklyn Village,35.22139,-80.84694,1
1764222,110531780,OAK: WILLOW,2.0,1,,POINT (514059.92880520737 3898091.837689456),2,CTC/Arena,35.225,-80.84139,1
1764222,110531780,OAK: WILLOW,2.0,1,,POINT (514059.92880520737 3898091.837689456),3,3rd St/Convention,35.22361,-80.84306,1
1764223,110531781,OAK: WILLOW,2.0,1,,POINT (514055.1890856435 3898096.7576529616),2,CTC/Arena,35.225,-80.84139,1
1764223,110531781,OAK: WILLOW,2.0,1,,POINT (514055.1890856435 3898096.7576529616),3,3rd St/Convention,35.22361,-80.84306,1
1764224,110531782,OAK: WILLOW,17.0,1,,POINT (514952.82535770617 3898823.5529485974),0,9th Street,35.2297,-80.835,1
1764225,110531783,OAK: WILLOW,15.0,1,,POINT (514946.3172016235 3898818.262260509),0,9th Street,35.2297,-80.835,1
1764226,110531784,OAK: WILLOW,11.0,1,,POINT (514749.26394463616 3898693.7693963763),0,9th Street,35.2297,-80.835,1
1764227,110531785,OAK: WILLOW,13.0,1,,POINT (514743.1684664412 3898699.773569049),0,9th Street,35.2297,-80.835,1
1764228,110531786,OAK: WILLOW,16.0,1,,POINT (514728.4555290755 3898715.997713627),0,9th Street,35.2297,-80.835,1
1764229,110531787,OAK: WILLOW,16.0,1,,POINT (514722.15657692513 3898720.6563761453),0,9th Street,35.2297,-80.835,1
1764230,110531788,OAK: WILLOW,14.0,1,,POINT (514718.16631991894 3898726.8857545117),0,9th Street,35.2297,-80.835,1
1764231,110531789,OAK: WILLOW,4.0,1,,POINT (513861.77057261 3898111.2742654034),3,3rd St/Convention,35.22361,-80.84306,1
1764287,110531845,OAK: WILLOW,17.0,1,,POINT (513563.61367875163 3897568.0140470294),4,Brooklyn Village,35.22139,-80.84694,1
1764287,110531845,OAK: WILLOW,17.0,1,,POINT (513563.61367875163 3897568.0140470294),5,Carson,35.21889,-80.85083,1
1764288,110531846,OAK: WILLOW,11.0,1,,POINT (513559.26052787877 3897560.9542067572),4,Brooklyn Village,35.22139,-80.84694,1
1764288,110531846,OAK: WILLOW,11.0,1,,POINT (513559.26052787877 3897560.9542067572),5,Carson,35.21889,-80.85083,1
1764289,110531847,OAK: WILLOW,14.0,1,105 E MOREHEAD ST,POINT (513566.86621930724 3897544.3981770496),4,Brooklyn Village,35.22139,-80.84694,1
1764289,110531847,OAK: WILLOW,14.0,1,105 E MOREHEAD ST,POINT (513566.86621930724 3897544.3981770496),5,Carson,35.21889,-80.85083,1
1764290,110531848,OAK: WILLOW,19.0,1,105 E MOREHEAD ST,POINT (513574.26533839176 3897536.8935749237),4,Brooklyn Village,35.22139,-80.84694,1
1764290,110531848,OAK: WILLOW,19.0,1,105 E MOREHEAD ST,POINT (513574.26533839176 3897536.8935749237),5,Carson,35.21889,-80.85083,1
1764291,110531849,OAK: WILLOW,16.0,1,105 E MOREHEAD ST,POINT (513584.05125440116 3897527.1578170327),4,Brooklyn Village,35.22139,-80.84694,1
1764291,110531849,OAK: WILLOW,16.0,1,105 E MOREHEAD ST,POINT (513584.05125440116 3897527.1578170327),5,Carson,35.21889,-80.85083,1
1764292,110531850,OAK: WILLOW,19.0,1,,POINT (513549.86344687897 3897585.7042877264),4,Brooklyn Village,35.22139,-80.84694,1
1764292,110531850,OAK: WILLOW,19.0,1,,POINT (513549.86344687897 3897585.7042877264),5,Carson,35.21889,-80.85083,1
1764293,110531851,OAK: WILLOW,8.0,1,,POINT (513555.23946735647 3897592.166679123),4,Brooklyn Village,35.22139,-80.84694,1
1764293,110531851,OAK: WILLOW,8.0,1,,POINT (513555.23946735647 3897592.166679123),5,Carson,35.21889,-80.85083,1
1764294,110531852,OAK: WILLOW,16.0,1,204 W BLAND ST,POINT (513103.8376630708 3897287.7277823403),6,Bland,35.21583,-80.85528,1
1764295,110531853,OAK: WILLOW,12.0,1,W BLAND ST,POINT (513089.8625251155 3897288.913003875),6,Bland,35.21583,-80.85528,1
1764296,110531854,OAK: WILLOW,13.0,1,204 W BLAND ST,POINT (513110.8861896924 3897295.9956512675),6,Bland,35.21583,-80.85528,1
1764297,110531855,OAK: WILLOW,14.0,1,216 W BLAND ST,POINT (513081.119967496 3897297.26777722),6,Bland,35.21583,-80.85528,1
1764298,110531856,OAK: WILLOW,11.0,1,PENN ST,POINT (513124.6116754215 3897312.560800177),6,Bland,35.21583,-80.85528,1
1764299,110531857,OAK: WILLOW,12.0,1,PENN ST,POINT (513133.23442777444 3897322.211696386),6,Bland,35.21583,-80.85528,1
1764300,110531858,OAK: WILLOW,15.0,1,224 W BLAND ST,POINT (513071.6956492142 3897304.4615915115),6,Bland,35.21583,-80.85528,1
1764301,110531859,OAK: WILLOW,11.0,1,LINCOLN ST,POINT (513141.45565759204 3897330.028825845),6,Bland,35.21583,-80.85528,1
1764302,110531860,OAK: WILLOW,16.0,1,230 W BLAND ST,POINT (513062.08618846536 3897312.5812125835),6,Bland,35.21583,-80.85528,1
1764303,110531861,OAK: WILLOW,11.0,1,LINCOLN ST,POINT (513152.1181546001 3897338.802182213),6,Bland,35.21583,-80.85528,1
1764304,110531862,OAK: WILLOW,15.0,1,W BLAND ST,POINT (513052.3112146104 3897321.1784662427),6,Bland,35.21583,-80.85528,1
1764305,110531863,OAK: WILLOW,13.0,1,W BLAND ST,POINT (513044.5939572439 3897329.232019519),6,Bland,35.21583,-80.85528,1
1764306,110531864,OAK: WILLOW,12.0,1,254 W BLAND ST,POINT (513035.1884129338 3897336.7297913763),6,Bland,35.21583,-80.85528,1
1764307,110531865,OAK: WILLOW,4.0,1,264 W BLAND ST,POINT (513024.8509558875 3897345.4472027337),6,Bland,35.21583,-80.85528,1
1764308,110531866,OAK: WILLOW,13.0,1,PENN ST,POINT (513018.4576449354 3897401.0424205624),6,Bland,35.21583,-80.85528,1
1764309,110531867,OAK: WILLOW,13.0,1,PENN ST,POINT (513027.25236255775 3897410.06912414),6,Bland,35.21583,-80.85528,1
1764310,110531868,OAK: WILLOW,10.0,1,S CHURCH ST,POINT (513034.08945751167 3897419.108480802),6,Bland,35.21583,-80.85528,1
1764311,110531869,OAK: WILLOW,11.0,1,S CHURCH ST,POINT (513042.0128544339 3897428.3823106624),6,Bland,35.21583,-80.85528,1
1764315,110531873,OAK: WILLOW,3.0,1,,POINT (512954.83759300783 3897291.3823897084),6,Bland,35.21583,-80.85528,1
1764316,110531874,OAK: WILLOW,3.0,1,,POINT (512948.62759539287 3897281.532124423),6,Bland,35.21583,-80.85528,1
1764317,110531875,OAK: WILLOW,4.0,1,,POINT (512932.7927776553 3897258.787091301),6,Bland,35.21583,-80.85528,1
1764318,110531876,OAK: WILLOW,5.0,1,,POINT (512928.6549517788 3897250.276189773),6,Bland,35.21583,-80.85528,1
1764319,110531877,OAK: WILLOW,5.0,1,,POINT (512923.9065971593 3897242.250153355),6,Bland,35.21583,-80.85528,1
1764320,110531878,OAK: WILLOW,5.0,1,,POINT (512917.5735734564 3897232.5207011523),6,Bland,35.21583,-80.85528,1
1764321,110531879,OAK: WILLOW,5.0,1,,POINT (512911.6086129812 3897221.8191311876),6,Bland,35.21583,-80.85528,1
1764322,110531880,OAK: WILLOW,5.0,1,,POINT (512905.7642411696 3897212.0904253363),6,Bland,35.21583,-80.85528,1
1764325,110531883,OAK: WILLOW,13.0,1,,POINT (513453.9181766489 3897666.892116012),5,Carson,35.21889,-80.85083,1
1764326,110531884,OAK: WILLOW,13.0,1,,POINT (513461.2569722773 3897659.468293492),5,Carson,35.21889,-80.85083,1
1764327,110531885,OAK: WILLOW,18.0,1,,POINT (513469.6363623559 3897650.497843216),5,Carson,35.21889,-80.85083,1
1764328,110531886,OAK: WILLOW,15.0,1,,POINT (513475.92623990634 3897643.4605588373),5,Carson,35.21889,-80.85083,1
1764329,110531887,OAK: WILLOW,16.0,1,,POINT (513482.90777209686 3897636.4232112947),5,Carson,35.21889,-80.85083,1
1764330,110531888,OAK: WILLOW,17.0,1,,POINT (513492.03874461836 3897626.954838865),5,Carson,35.21889,-80.85083,1
1764333,110531891,OAK: WILLOW,3.0,1,,POINT (513437.7483053392 3897657.153248937),5,Carson,35.21889,-80.85083,1
1764334,110531892,OAK: WILLOW,3.0,1,,POINT (513429.30476179544 3897667.0496439603),5,Carson,35.21889,-80.85083,1
1764335,110531893,OAK: WILLOW,12.0,1,,POINT (512950.0299838566 3897409.964799981),6,Bland,35.21583,-80.85528,1
1764338,110531896,OAK: WILLOW,12.0,1,,POINT (512961.2740576857 3897399.0450062584),6,Bland,35.21583,-80.85528,1
1764339,110531897,OAK: WILLOW,15.0,1,W BLAND ST,POINT (512978.9916492153 3897384.976066683),6,Bland,35.21583,-80.85528,1
1764343,110531901,OAK: WILLOW,2.0,1,,POINT (512866.5454234021 3897153.95480073),6,Bland,35.21583,-80.85528,1
1764344,110531902,OAK: WILLOW,2.0,1,,POINT (512860.70235145825 3897143.2533871774),6,Bland,35.21583,-80.85528,1
1764345,110531903,OAK: WILLOW,2.0,1,,POINT (512855.22612299916 3897131.824014791),6,Bland,35.21583,-80.85528,1
1764346,110531904,OAK: WILLOW,14.0,1,,POINT (512817.80575260933 3897096.2905014255),6,Bland,35.21583,-80.85528,1
1764347,110531905,OAK: WILLOW,13.0,1,,POINT (512823.5302634494 3897104.6826819833),6,Bland,35.21583,-80.85528,1
1764348,110531906,OAK: WILLOW,12.0,1,,POINT (512829.0084195403 3897114.775683462),6,Bland,35.21583,-80.85528,1
1764349,110531907,OAK: WILLOW,18.0,1,,POINT (512835.21906673233 3897124.9907363644),6,Bland,35.21583,-80.85528,1
1764350,110531908,OAK: WILLOW,15.0,1,,POINT (512846.78126243054 3897147.850467155),6,Bland,35.21583,-80.85528,1
1764351,110531909,OAK: WILLOW,12.0,1,,POINT (512852.3808530674 3897158.308591009),6,Bland,35.21583,-80.85528,1
1764352,110531910,OAK: WILLOW,11.0,1,,POINT (512858.712603029 3897169.0094514564),6,Bland,35.21583,-80.85528,1
1764353,110531911,OAK: WILLOW,10.0,1,,POINT (512865.7728327008 3897182.021534428),6,Bland,35.21583,-80.85528,1
1764354,110531912,OAK: WILLOW,7.0,1,,POINT (512871.25297245197 3897190.6562748407),6,Bland,35.21583,-80.85528,1
1764357,110531915,OAK: WILLOW,4.0,1,301 W PARK AV,POINT (512646.7664397132 3897011.2972276774),6,Bland,35.21583,-80.85528,1
1764358,110531916,OAK: WILLOW,4.0,1,1700 S TRYON ST,POINT (512684.8792267128 3896878.3997977013),6,Bland,35.21583,-80.85528,1
1764358,110531916,OAK: WILLOW,4.0,1,1700 S TRYON ST,POINT (512684.8792267128 3896878.3997977013),7,East/West,35.21194,-80.85917,1
1764359,110531917,OAK: WILLOW,4.0,1,235 W KINGSTON AV,POINT (512669.5972244853 3896886.8433954166),6,Bland,35.21583,-80.85528,1
1764359,110531917,OAK: WILLOW,4.0,1,235 W KINGSTON AV,POINT (512669.5972244853 3896886.8433954166),7,East/West,35.21194,-80.85917,1
1764360,110531918,OAK: WILLOW,4.0,1,,POINT (512642.21223303035 3896902.5629263963),6,Bland,35.21583,-80.85528,1
1764360,110531918,OAK: WILLOW,4.0,1,,POINT (512642.21223303035 3896902.5629263963),7,East/West,35.21194,-80.85917,1
1764361,110531919,OAK: WILLOW,4.0,1,215 W PARK AV,POINT (512822.505386692 3896966.7686641044),6,Bland,35.21583,-80.85528,1
1764361,110531919,OAK: WILLOW,4.0,1,215 W PARK AV,POINT (512822.505386692 3896966.7686641044),7,East/West,35.21194,-80.85917,1
1764362,110531920,OAK: WILLOW,4.0,1,,POINT (512810.2894582277 3896974.0419223094),6,Bland,35.21583,-80.85528,1
1764362,110531920,OAK: WILLOW,4.0,1,,POINT (512810.2894582277 3896974.0419223094),7,East/West,35.21194,-80.85917,1
1764363,110531921,OAK: WILLOW,4.0,1,,POINT (512792.6990335069 3896984.102296295),6,Bland,35.21583,-80.85528,1
1764364,110531922,OAK: WILLOW,4.0,1,,POINT (512729.5461781882 3897019.493576842),6,Bland,35.21583,-80.85528,1
1764365,110531923,OAK: WILLOW,4.0,1,,POINT (512711.34406927467 3897030.403867294),6,Bland,35.21583,-80.85528,1
1764366,110531924,OAK: WILLOW,4.0,1,,POINT (512695.09789781057 3897039.9806598737),6,Bland,35.21583,-80.85528,1
1764367,110531925,OAK: WILLOW,4.0,1,,POINT (512684.47258572694 3897044.339565547),6,Bland,35.21583,-80.85528,1
1764368,110531926,OAK: WILLOW,11.0,1,,POINT (512657.96497822297 3897059.7342967754),6,Bland,35.21583,-80.85528,1
1764369,110531927,OAK: WILLOW,14.0,1,,POINT (512632.80068846134 3897074.5231365077),6,Bland,35.21583,-80.85528,1
1764839,110532397,OAK: WILLOW,13.0,1,,POINT (515260.0576462694 3898926.2363322866),0,9th Street,35.2297,-80.835,1
1764840,110532398,OAK: WILLOW,18.0,1,,POINT (515267.3924455502 3898932.7429972454),0,9th Street,35.2297,-80.835,1
1764886,110532444,OAK: WILLOW,18.0,1,,POINT (513799.9632431532 3897244.872342333),5,Carson,35.21889,-80.85083,1
1764891,110532449,OAK: WILLOW,19.0,1,435 E MOREHEAD ST,POINT (513821.51332136575 3897212.701939614),5,Carson,35.21889,-80.85083,1
1764892,110532450,OAK: WILLOW,14.0,1,,POINT (513850.94254761544 3897169.12306816),5,Carson,35.21889,-80.85083,1
1764893,110532451,OAK: WILLOW,9.0,1,,POINT (513878.0092162889 3897129.788205116),5,Carson,35.21889,-80.85083,1
1764895,110532453,OAK: WILLOW,13.0,1,,POINT (513905.6738081863 3897092.9663203037),5,Carson,35.21889,-80.85083,1
1765033,110532591,OAK: WILLOW,15.0,1,,POINT (514057.9478810494 3898074.7637204616),2,CTC/Arena,35.225,-80.84139,1
1765033,110532591,OAK: WILLOW,15.0,1,,POINT (514057.9478810494 3898074.7637204616),3,3rd St/Convention,35.22361,-80.84306,1
1765064,110532622,OAK: NORTHERN RED,12.0,1,,POINT (515092.33565169194 3898170.105059585),0,9th Street,35.2297,-80.835,1
1765064,110532622,OAK: NORTHERN RED,12.0,1,,POINT (515092.33565169194 3898170.105059585),1,7th Street,35.22722,-80.83806,1
1765065,110532623,OAK: NORTHERN RED,15.0,1,,POINT (515098.9363968317 3898163.798086428),0,9th Street,35.2297,-80.835,1
1765065,110532623,OAK: NORTHERN RED,15.0,1,,POINT (515098.9363968317 3898163.798086428),1,7th Street,35.22722,-80.83806,1
1765066,110532624,OAK: NORTHERN RED,19.0,1,,POINT (515010.20107172773 3898170.5749091),0,9th Street,35.2297,-80.835,1
1765066,110532624,OAK: NORTHERN RED,19.0,1,,POINT (515010.20107172773 3898170.5749091),1,7th Street,35.22722,-80.83806,1
1765073,110532631,OAK: NORTHERN RED,21.0,1,,POINT (515024.8246995972 3898183.7209981196),0,9th Street,35.2297,-80.835,1
1765073,110532631,OAK: NORTHERN RED,21.0,1,,POINT (515024.8246995972 3898183.7209981196),1,7th Street,35.22722,-80.83806,1
1765085,110532643,OAK: NORTHERN RED,12.0,1,,POINT (515060.7736863193 3898215.1258755983),0,9th Street,35.2297,-80.835,1
1765085,110532643,OAK: NORTHERN RED,12.0,1,,POINT (515060.7736863193 3898215.1258755983),1,7th Street,35.22722,-80.83806,1
1765086,110532644,OAK: NORTHERN RED,12.0,1,,POINT (515065.92967558035 3898197.154069885),0,9th Street,35.2297,-80.835,1
1765086,110532644,OAK: NORTHERN RED,12.0,1,,POINT (515065.92967558035 3898197.154069885),1,7th Street,35.22722,-80.83806,1
1765087,110532645,OAK: NORTHERN RED,14.0,1,,POINT (515072.5308146896 3898190.604221022),0,9th Street,35.2297,-80.835,1
1765087,110532645,OAK: NORTHERN RED,14.0,1,,POINT (515072.5308146896 3898190.604221022),1,7th Street,35.22722,-80.83806,1
1765088,110532646,OAK: NORTHERN RED,18.0,1,,POINT (515077.9100016582 3898185.0237849145),0,9th Street,35.2297,-80.835,1
1765088,110532646,OAK: NORTHERN RED,18.0,1,,POINT (515077.9100016582 3898185.0237849145),1,7th Street,35.22722,-80.83806,1
1765089,110532647,OAK: NORTHERN RED,12.0,1,,POINT (515087.4458355452 3898174.7126216),0,9th Street,35.2297,-80.835,1
1765089,110532647,OAK: NORTHERN RED,12.0,1,,POINT (515087.4458355452 3898174.7126216),1,7th Street,35.22722,-80.83806,1
1765090,110532648,OAK: NORTHERN RED,14.0,1,,POINT (515117.520031523 3898143.903576894),0,9th Street,35.2297,-80.835,1
1765090,110532648,OAK: NORTHERN RED,14.0,1,,POINT (515117.520031523 3898143.903576894),1,7th Street,35.22722,-80.83806,1
1765091,110532649,OAK: NORTHERN RED,16.0,1,,POINT (515038.1062067846 3898196.2571841665),0,9th Street,35.2297,-80.835,1
1765091,110532649,OAK: NORTHERN RED,16.0,1,,POINT (515038.1062067846 3898196.2571841665),1,7th Street,35.22722,-80.83806,1
1765092,110532650,OAK: NORTHERN RED,13.0,1,,POINT (515017.8790926421 3898176.905698887),0,9th Street,35.2297,-80.835,1
1765092,110532650,OAK: NORTHERN RED,13.0,1,,POINT (515017.8790926421 3898176.905698887),1,7th Street,35.22722,-80.83806,1
1765093,110532651,OAK: NORTHERN RED,17.0,1,,POINT (515003.98768603336 3898164.490615408),0,9th Street,35.2297,-80.835,1
1765093,110532651,OAK: NORTHERN RED,17.0,1,,POINT (515003.98768603336 3898164.490615408),1,7th Street,35.22722,-80.83806,1
1765095,110532653,OAK: NORTHERN RED,17.0,1,,POINT (514991.4346894172 3898153.7777873618),0,9th Street,35.2297,-80.835,1
1765095,110532653,OAK: NORTHERN RED,17.0,1,,POINT (514991.4346894172 3898153.7777873618),1,7th Street,35.22722,-80.83806,1
1765096,110532654,OAK: NORTHERN RED,12.0,1,,POINT (514984.73202363716 3898148.056410458),0,9th Street,35.2297,-80.835,1
1765096,110532654,OAK: NORTHERN RED,12.0,1,,POINT (514984.73202363716 3898148.056410458),1,7th Street,35.22722,-80.83806,1
1765097,110532655,OAK: NORTHERN RED,12.0,1,,POINT (514979.00510891905 3898142.7014705553),0,9th Street,35.2297,-80.835,1
1765097,110532655,OAK: NORTHERN RED,12.0,1,,POINT (514979.00510891905 3898142.7014705553),1,7th Street,35.22722,-80.83806,1
1765102,110532660,OAK: NORTHERN RED,7.0,1,649 E 5TH ST,POINT (514990.9814635137 3897764.7436617),1,7th Street,35.22722,-80.83806,1
1765103,110532661,OAK: NORTHERN RED,13.0,1,,POINT (515341.4247328232 3898310.8484363607),0,9th Street,35.2297,-80.835,1
1765138,110532696,OAK: SHUMARD,8.0,1,,POINT (513953.1633185787 3897647.1722428473),3,3rd St/Convention,35.22361,-80.84306,1
1765138,110532696,OAK: SHUMARD,8.0,1,,POINT (513953.1633185787 3897647.1722428473),4,Brooklyn Village,35.22139,-80.84694,1
1765166,110532724,OAK: SHUMARD,20.0,1,,POINT (513947.7506172737 3897674.7437228872),3,3rd St/Convention,35.22361,-80.84306,1
1765166,110532724,OAK: SHUMARD,20.0,1,,POINT (513947.7506172737 3897674.7437228872),4,Brooklyn Village,35.22139,-80.84694,1
1765173,110532731,OAK: SHUMARD,17.0,1,,POINT (515170.78614595125 3898328.1769905803),0,9th Street,35.2297,-80.835,1
1765174,110532732,OAK: SHUMARD,13.0,1,,POINT (515228.21381305624 3898359.2536921003),0,9th Street,35.2297,-80.835,1
1765175,110532733,OAK: SHUMARD,10.0,1,,POINT (515215.6622990265 3898348.5416921293),0,9th Street,35.2297,-80.835,1
1765180,110532738,OAK: SHUMARD,5.0,1,,POINT (515018.50069914915 3897876.6904889615),1,7th Street,35.22722,-80.83806,1
1765186,110532744,OAK: SHUMARD,9.0,1,,POINT (515084.627653681 3898067.2028168784),1,7th Street,35.22722,-80.83806,1
1765187,110532745,OAK: SHUMARD,11.0,1,,POINT (515136.5747548435 3898133.97329413),0,9th Street,35.2297,-80.835,1
1765187,110532745,OAK: SHUMARD,11.0,1,,POINT (515136.5747548435 3898133.97329413),1,7th Street,35.22722,-80.83806,1
1765188,110532746,OAK: SHUMARD,10.0,1,,POINT (515143.76572181657 3898139.3307348434),0,9th Street,35.2297,-80.835,1
1765188,110532746,OAK: SHUMARD,10.0,1,,POINT (515143.76572181657 3898139.3307348434),1,7th Street,35.22722,-80.83806,1
1765189,110532747,OAK: SHUMARD,15.0,1,,POINT (515150.7100454471 3898146.874759687),0,9th Street,35.2297,-80.835,1
1765189,110532747,OAK: SHUMARD,15.0,1,,POINT (515150.7100454471 3898146.874759687),1,7th Street,35.22722,-80.83806,1
1765190,110532748,OAK: SHUMARD,11.0,1,,POINT (515159.9744411975 3898153.087423103),0,9th Street,35.2297,-80.835,1
1765191,110532749,OAK: SHUMARD,5.0,1,,POINT (515168.0153671735 3898161.119012099),0,9th Street,35.2297,-80.835,1
1765192,110532750,OAK: SHUMARD,4.0,1,,POINT (514968.98631325463 3897988.094726323),1,7th Street,35.22722,-80.83806,1
1765193,110532751,OAK: SHUMARD,13.0,1,,POINT (515010.5591861 3898023.9680230916),1,7th Street,35.22722,-80.83806,1
1765194,110532752,OAK: SHUMARD,13.0,1,,POINT (515083.76962425443 3898088.9390754313),1,7th Street,35.22722,-80.83806,1
1765195,110532753,OAK: SHUMARD,7.0,1,,POINT (515192.1791776504 3898161.2816038495),0,9th Street,35.2297,-80.835,1
1765199,110532757,OAK: SHUMARD,10.0,1,,POINT (515154.67343317816 3898108.162607271),0,9th Street,35.2297,-80.835,1
1765199,110532757,OAK: SHUMARD,10.0,1,,POINT (515154.67343317816 3898108.162607271),1,7th Street,35.22722,-80.83806,1
1765200,110532758,OAK: SHUMARD,13.0,1,,POINT (515170.34891782043 3898091.4960820433),0,9th Street,35.2297,-80.835,1
1765212,110532770,OAK: SHUMARD,2.0,1,,POINT (514288.6462406984 3897277.102765169),4,Brooklyn Village,35.22139,-80.84694,1
1765213,110532771,OAK: SHUMARD,2.0,1,,POINT (514251.4531735941 3897314.9077914404),4,Brooklyn Village,35.22139,-80.84694,1
1765214,110532772,OAK: SHUMARD,5.0,1,,POINT (514263.9157238706 3897340.402397561),4,Brooklyn Village,35.22139,-80.84694,1
1765215,110532773,OAK: SHUMARD,5.0,1,,POINT (514277.52614666126 3897325.89921971),4,Brooklyn Village,35.22139,-80.84694,1
1765216,110532774,OAK: SHUMARD,8.0,1,,POINT (514284.1908843787 3897318.2820247626),4,Brooklyn Village,35.22139,-80.84694,1
1765217,110532775,OAK: SHUMARD,8.0,1,,POINT (514291.53758199565 3897311.617407192),4,Brooklyn Village,35.22139,-80.84694,1
1765218,110532776,OAK: SHUMARD,18.0,1,,POINT (513941.88272658776 3897681.1747524114),3,3rd St/Convention,35.22361,-80.84306,1
1765218,110532776,OAK: SHUMARD,18.0,1,,POINT (513941.88272658776 3897681.1747524114),4,Brooklyn Village,35.22139,-80.84694,1
1765219,110532777,OAK: SHUMARD,13.0,1,,POINT (513953.74176588736 3897668.0711932313),3,3rd St/Convention,35.22361,-80.84306,1
1765219,110532777,OAK: SHUMARD,13.0,1,,POINT (513953.74176588736 3897668.0711932313),4,Brooklyn Village,35.22139,-80.84694,1
1765220,110532778,OAK: SHUMARD,16.0,1,,POINT (514003.9839808297 3897615.6595973102),3,3rd St/Convention,35.22361,-80.84306,1
1765220,110532778,OAK: SHUMARD,16.0,1,,POINT (514003.9839808297 3897615.6595973102),4,Brooklyn Village,35.22139,-80.84694,1
1765221,110532779,OAK: SHUMARD,19.0,1,,POINT (514031.1247143232 3897586.1777643044),3,3rd St/Convention,35.22361,-80.84306,1
1765221,110532779,OAK: SHUMARD,19.0,1,,POINT (514031.1247143232 3897586.1777643044),4,Brooklyn Village,35.22139,-80.84694,1
1765222,110532780,OAK: SHUMARD,14.0,1,,POINT (514037.84840054513 3897579.019527535),3,3rd St/Convention,35.22361,-80.84306,1
1765222,110532780,OAK: SHUMARD,14.0,1,,POINT (514037.84840054513 3897579.019527535),4,Brooklyn Village,35.22139,-80.84694,1
1765223,110532781,OAK: SHUMARD,17.0,1,,POINT (514043.10545435 3897572.830572997),3,3rd St/Convention,35.22361,-80.84306,1
1765223,110532781,OAK: SHUMARD,17.0,1,,POINT (514043.10545435 3897572.830572997),4,Brooklyn Village,35.22139,-80.84694,1
1765224,110532782,OAK: SHUMARD,16.0,1,,POINT (514047.01875558746 3897568.097843993),3,3rd St/Convention,35.22361,-80.84306,1
1765224,110532782,OAK: SHUMARD,16.0,1,,POINT (514047.01875558746 3897568.097843993),4,Brooklyn Village,35.22139,-80.84694,1
1765243,110532801,OAK: SHUMARD,20.0,1,,POINT (515262.7406590337 3898220.567166632),0,9th Street,35.2297,-80.835,1
1765244,110532802,OAK: SHUMARD,20.0,1,,POINT (513990.7852907783 3897626.938885629),3,3rd St/Convention,35.22361,-80.84306,1
1765244,110532802,OAK: SHUMARD,20.0,1,,POINT (513990.7852907783 3897626.938885629),4,Brooklyn Village,35.22139,-80.84694,1
1765245,110532803,OAK: SHUMARD,20.0,1,,POINT (514009.97464384226 3897608.7431740193),3,3rd St/Convention,35.22361,-80.84306,1
1765245,110532803,OAK: SHUMARD,20.0,1,,POINT (514009.97464384226 3897608.7431740193),4,Brooklyn Village,35.22139,-80.84694,1
1765281,110532839,OAK: SHUMARD,27.0,1,,POINT (513925.0088407991 3897701.6819643658),3,3rd St/Convention,35.22361,-80.84306,1
1765281,110532839,OAK: SHUMARD,27.0,1,,POINT (513925.0088407991 3897701.6819643658),4,Brooklyn Village,35.22139,-80.84694,1
1765286,110532844,OAK: SHUMARD,7.0,1,502 E 9TH ST,POINT (515099.13088493 3898266.338456745),0,9th Street,35.2297,-80.835,1
1765286,110532844,OAK: SHUMARD,7.0,1,502 E 9TH ST,POINT (515099.13088493 3898266.338456745),1,7th Street,35.22722,-80.83806,1
1765287,110532845,OAK: SHUMARD,12.0,1,,POINT (515106.44016215566 3898274.3699031975),0,9th Street,35.2297,-80.835,1
1765287,110532845,OAK: SHUMARD,12.0,1,,POINT (515106.44016215566 3898274.3699031975),1,7th Street,35.22722,-80.83806,1
1765288,110532846,OAK: SHUMARD,7.0,1,,POINT (515113.99611672724 3898280.6994339325),0,9th Street,35.2297,-80.835,1
1765288,110532846,OAK: SHUMARD,7.0,1,,POINT (515113.99611672724 3898280.6994339325),1,7th Street,35.22722,-80.83806,1
1765289,110532847,OAK: SHUMARD,5.0,1,,POINT (515246.3389495773 3898394.273479617),0,9th Street,35.2297,-80.835,1
1765290,110532848,OAK: SHUMARD,5.0,1,,POINT (515254.3828230197 3898400.362258701),0,9th Street,35.2297,-80.835,1
1765291,110532849,OAK: SHUMARD,5.0,1,,POINT (514731.1254835321 3897987.8437383873),1,7th Street,35.22722,-80.83806,1
1765291,110532849,OAK: SHUMARD,5.0,1,,POINT (514731.1254835321 3897987.8437383873),2,CTC/Arena,35.225,-80.84139,1
1765292,110532850,OAK: SHUMARD,10.0,1,,POINT (514730.6601963031 3897997.4724182654),1,7th Street,35.22722,-80.83806,1
1765292,110532850,OAK: SHUMARD,10.0,1,,POINT (514730.6601963031 3897997.4724182654),2,CTC/Arena,35.225,-80.84139,1
1765293,110532851,OAK: SHUMARD,10.0,1,,POINT (514732.2555115477 3898006.9204314942),1,7th Street,35.22722,-80.83806,1
1765293,110532851,OAK: SHUMARD,10.0,1,,POINT (514732.2555115477 3898006.9204314942),2,CTC/Arena,35.225,-80.84139,1
1765294,110532852,OAK: SHUMARD,11.0,1,,POINT (514732.8885071695 3898014.4172845543),1,7th Street,35.22722,-80.83806,1
1765294,110532852,OAK: SHUMARD,11.0,1,,POINT (514732.8885071695 3898014.4172845543),2,CTC/Arena,35.225,-80.84139,1
1765295,110532853,OAK: SHUMARD,16.0,1,,POINT (514732.43174729066 3898024.9775739163),1,7th Street,35.22722,-80.83806,1
1765295,110532853,OAK: SHUMARD,16.0,1,,POINT (514732.43174729066 3898024.9775739163),2,CTC/Arena,35.225,-80.84139,1
1765296,110532854,OAK: SHUMARD,12.0,1,,POINT (514732.487463326 3898032.7085790983),1,7th Street,35.22722,-80.83806,1
1765296,110532854,OAK: SHUMARD,12.0,1,,POINT (514732.487463326 3898032.7085790983),2,CTC/Arena,35.225,-80.84139,1
1765297,110532855,OAK: SHUMARD,12.0,1,,POINT (515245.3950798889 3898374.9551494666),0,9th Street,35.2297,-80.835,1
1765298,110532856,OAK: SHUMARD,13.0,1,,POINT (514731.7882271996 3898040.687855326),1,7th Street,35.22722,-80.83806,1
1765298,110532856,OAK: SHUMARD,13.0,1,,POINT (514731.7882271996 3898040.687855326),2,CTC/Arena,35.225,-80.84139,1
1765299,110532857,OAK: SHUMARD,10.0,1,,POINT (515235.7684618687 3898366.3130483185),0,9th Street,35.2297,-80.835,1
1765300,110532858,OAK: SHUMARD,10.0,1,,POINT (514728.97198913735 3898048.3764932784),1,7th Street,35.22722,-80.83806,1
1765300,110532858,OAK: SHUMARD,10.0,1,,POINT (514728.97198913735 3898048.3764932784),2,CTC/Arena,35.225,-80.84139,1
1765301,110532859,OAK: SHUMARD,10.0,1,,POINT (515207.74204422376 3898341.359777179),0,9th Street,35.2297,-80.835,1
1765302,110532860,OAK: SHUMARD,11.0,1,,POINT (514725.28002710146 3898059.0468857214),1,7th Street,35.22722,-80.83806,1
1765302,110532860,OAK: SHUMARD,11.0,1,,POINT (514725.28002710146 3898059.0468857214),2,CTC/Arena,35.225,-80.84139,1
1765303,110532861,OAK: SHUMARD,11.0,1,,POINT (515200.55166152364 3898335.273596162),0,9th Street,35.2297,-80.835,1
1765304,110532862,OAK: SHUMARD,12.0,1,,POINT (515192.8731902367 3898329.307572103),0,9th Street,35.2297,-80.835,1
1765305,110532863,OAK: SHUMARD,9.0,1,,POINT (514721.5498869441 3898067.969425855),1,7th Street,35.22722,-80.83806,1
1765305,110532863,OAK: SHUMARD,9.0,1,,POINT (514721.5498869441 3898067.969425855),2,CTC/Arena,35.225,-80.84139,1
1765306,110532864,OAK: SHUMARD,13.0,1,,POINT (515184.9531713457 3898322.0047700913),0,9th Street,35.2297,-80.835,1
1765307,110532865,OAK: SHUMARD,12.0,1,,POINT (514717.09359053994 3898073.567156418),1,7th Street,35.22722,-80.83806,1
1765307,110532865,OAK: SHUMARD,12.0,1,,POINT (514717.09359053994 3898073.567156418),2,CTC/Arena,35.225,-80.84139,1
1765308,110532866,OAK: SHUMARD,15.0,1,503 E 9TH ST,POINT (515168.8672349103 3898308.005370832),0,9th Street,35.2297,-80.835,1
1765309,110532867,OAK: SHUMARD,12.0,1,,POINT (514696.0834793488 3898094.7093855734),1,7th Street,35.22722,-80.83806,1
1765309,110532867,OAK: SHUMARD,12.0,1,,POINT (514696.0834793488 3898094.7093855734),2,CTC/Arena,35.225,-80.84139,1
1765310,110532868,OAK: SHUMARD,12.0,1,503 E 9TH ST,POINT (515162.40744417487 3898303.013938427),0,9th Street,35.2297,-80.835,1
1765310,110532868,OAK: SHUMARD,12.0,1,503 E 9TH ST,POINT (515162.40744417487 3898303.013938427),1,7th Street,35.22722,-80.83806,1
1765311,110532869,OAK: SHUMARD,10.0,1,,POINT (514688.53357699874 3898098.342511134),1,7th Street,35.22722,-80.83806,1
1765311,110532869,OAK: SHUMARD,10.0,1,,POINT (514688.53357699874 3898098.342511134),2,CTC/Arena,35.225,-80.84139,1
1765312,110532870,OAK: SHUMARD,15.0,1,503 E 9TH ST,POINT (515156.55860859837 3898297.7795330896),0,9th Street,35.2297,-80.835,1
1765312,110532870,OAK: SHUMARD,15.0,1,503 E 9TH ST,POINT (515156.55860859837 3898297.7795330896),1,7th Street,35.22722,-80.83806,1
1765313,110532871,OAK: SHUMARD,10.0,1,,POINT (514681.38752714155 3898103.84264934),1,7th Street,35.22722,-80.83806,1
1765313,110532871,OAK: SHUMARD,10.0,1,,POINT (514681.38752714155 3898103.84264934),2,CTC/Arena,35.225,-80.84139,1
1765314,110532872,OAK: SHUMARD,11.0,1,,POINT (514674.4173625025 3898106.345432303),1,7th Street,35.22722,-80.83806,1
1765314,110532872,OAK: SHUMARD,11.0,1,,POINT (514674.4173625025 3898106.345432303),2,CTC/Arena,35.225,-80.84139,1
1765315,110532873,OAK: SHUMARD,13.0,1,,POINT (514664.95854527823 3898110.4223632603),1,7th Street,35.22722,-80.83806,1
1765315,110532873,OAK: SHUMARD,13.0,1,,POINT (514664.95854527823 3898110.4223632603),2,CTC/Arena,35.225,-80.84139,1
1765316,110532874,OAK: SHUMARD,10.0,1,,POINT (514657.3151116429 3898110.568537542),1,7th Street,35.22722,-80.83806,1
1765316,110532874,OAK: SHUMARD,10.0,1,,POINT (514657.3151116429 3898110.568537542),2,CTC/Arena,35.225,-80.84139,1
1765317,110532875,OAK: SHUMARD,8.0,1,502 E 9TH ST,POINT (515122.19453355105 3898267.470516439),0,9th Street,35.2297,-80.835,1
1765317,110532875,OAK: SHUMARD,8.0,1,502 E 9TH ST,POINT (515122.19453355105 3898267.470516439),1,7th Street,35.22722,-80.83806,1
1765318,110532876,OAK: SHUMARD,13.0,1,,POINT (514648.4933631716 3898110.1139088864),1,7th Street,35.22722,-80.83806,1
1765318,110532876,OAK: SHUMARD,13.0,1,,POINT (514648.4933631716 3898110.1139088864),2,CTC/Arena,35.225,-80.84139,1
1765319,110532877,OAK: SHUMARD,13.0,1,,POINT (514639.2279416143 3898109.4013574473),1,7th Street,35.22722,-80.83806,1
1765319,110532877,OAK: SHUMARD,13.0,1,,POINT (514639.2279416143 3898109.4013574473),2,CTC/Arena,35.225,-80.84139,1
1765320,110532878,OAK: SHUMARD,10.0,1,502 E 9TH ST,POINT (515116.2231573218 3898262.6008176855),0,9th Street,35.2297,-80.835,1
1765320,110532878,OAK: SHUMARD,10.0,1,502 E 9TH ST,POINT (515116.2231573218 3898262.6008176855),1,7th Street,35.22722,-80.83806,1
1765321,110532879,OAK: SHUMARD,11.0,1,,POINT (514627.27719303285 3898109.731326585),1,7th Street,35.22722,-80.83806,1
1765321,110532879,OAK: SHUMARD,11.0,1,,POINT (514627.27719303285 3898109.731326585),2,CTC/Arena,35.225,-80.84139,1
1765322,110532880,OAK: SHUMARD,4.0,1,502 E 9TH ST,POINT (515109.51953568304 3898257.0013128663),0,9th Street,35.2297,-80.835,1
1765322,110532880,OAK: SHUMARD,4.0,1,502 E 9TH ST,POINT (515109.51953568304 3898257.0013128663),1,7th Street,35.22722,-80.83806,1
1765323,110532881,OAK: SHUMARD,12.0,1,,POINT (514620.25223307713 3898110.144745252),1,7th Street,35.22722,-80.83806,1
1765323,110532881,OAK: SHUMARD,12.0,1,,POINT (514620.25223307713 3898110.144745252),2,CTC/Arena,35.225,-80.84139,1
1765324,110532882,OAK: SHUMARD,11.0,1,,POINT (515094.16551888094 3898243.7330138017),0,9th Street,35.2297,-80.835,1
1765324,110532882,OAK: SHUMARD,11.0,1,,POINT (515094.16551888094 3898243.7330138017),1,7th Street,35.22722,-80.83806,1
1765325,110532883,OAK: SHUMARD,11.0,1,,POINT (514611.4916849705 3898111.794108857),1,7th Street,35.22722,-80.83806,1
1765325,110532883,OAK: SHUMARD,11.0,1,,POINT (514611.4916849705 3898111.794108857),2,CTC/Arena,35.225,-80.84139,1
1765326,110532884,OAK: SHUMARD,11.0,1,,POINT (515084.6593041324 3898235.819891035),0,9th Street,35.2297,-80.835,1
1765326,110532884,OAK: SHUMARD,11.0,1,,POINT (515084.6593041324 3898235.819891035),1,7th Street,35.22722,-80.83806,1
1765327,110532885,OAK: SHUMARD,14.0,1,,POINT (514602.4002236384 3898113.7578834496),1,7th Street,35.22722,-80.83806,1
1765327,110532885,OAK: SHUMARD,14.0,1,,POINT (514602.4002236384 3898113.7578834496),2,CTC/Arena,35.225,-80.84139,1
1765327,110532885,OAK: SHUMARD,14.0,1,,POINT (514602.4002236384 3898113.7578834496),3,3rd St/Convention,35.22361,-80.84306,1
1765328,110532886,OAK: SHUMARD,14.0,1,,POINT (515077.59375589684 3898228.3966153073),0,9th Street,35.2297,-80.835,1
1765328,110532886,OAK: SHUMARD,14.0,1,,POINT (515077.59375589684 3898228.3966153073),1,7th Street,35.22722,-80.83806,1
1765329,110532887,OAK: SHUMARD,8.0,1,,POINT (514718.26545021 3898106.0762933637),1,7th Street,35.22722,-80.83806,1
1765329,110532887,OAK: SHUMARD,8.0,1,,POINT (514718.26545021 3898106.0762933637),2,CTC/Arena,35.225,-80.84139,1
1765330,110532888,OAK: SHUMARD,10.0,1,,POINT (514727.88146499416 3898115.046056555),1,7th Street,35.22722,-80.83806,1
1765330,110532888,OAK: SHUMARD,10.0,1,,POINT (514727.88146499416 3898115.046056555),2,CTC/Arena,35.225,-80.84139,1
1765331,110532889,OAK: SHUMARD,10.0,1,,POINT (514738.2086369304 3898124.248834101),0,9th Street,35.2297,-80.835,1
1765331,110532889,OAK: SHUMARD,10.0,1,,POINT (514738.2086369304 3898124.248834101),1,7th Street,35.22722,-80.83806,1
1765331,110532889,OAK: SHUMARD,10.0,1,,POINT (514738.2086369304 3898124.248834101),2,CTC/Arena,35.225,-80.84139,1
1765332,110532890,OAK: SHUMARD,10.0,1,,POINT (514746.6241547801 3898131.0884498493),0,9th Street,35.2297,-80.835,1
1765332,110532890,OAK: SHUMARD,10.0,1,,POINT (514746.6241547801 3898131.0884498493),1,7th Street,35.22722,-80.83806,1
1765332,110532890,OAK: SHUMARD,10.0,1,,POINT (514746.6241547801 3898131.0884498493),2,CTC/Arena,35.225,-80.84139,1
1765333,110532891,OAK: SHUMARD,9.0,1,,POINT (514771.249908279 3898156.5671562585),0,9th Street,35.2297,-80.835,1
1765333,110532891,OAK: SHUMARD,9.0,1,,POINT (514771.249908279 3898156.5671562585),1,7th Street,35.22722,-80.83806,1
1765333,110532891,OAK: SHUMARD,9.0,1,,POINT (514771.249908279 3898156.5671562585),2,CTC/Arena,35.225,-80.84139,1
1765334,110532892,OAK: SHUMARD,10.0,1,,POINT (514779.51732791157 3898163.809161059),0,9th Street,35.2297,-80.835,1
1765334,110532892,OAK: SHUMARD,10.0,1,,POINT (514779.51732791157 3898163.809161059),1,7th Street,35.22722,-80.83806,1
1765334,110532892,OAK: SHUMARD,10.0,1,,POINT (514779.51732791157 3898163.809161059),2,CTC/Arena,35.225,-80.84139,1
1765335,110532893,OAK: SHUMARD,13.0,1,,POINT (514785.924772157 3898169.8104702113),0,9th Street,35.2297,-80.835,1
1765335,110532893,OAK: SHUMARD,13.0,1,,POINT (514785.924772157 3898169.8104702113),1,7th Street,35.22722,-80.83806,1
1765335,110532893,OAK: SHUMARD,13.0,1,,POINT (514785.924772157 3898169.8104702113),2,CTC/Arena,35.225,-80.84139,1
1765336,110532894,OAK: SHUMARD,16.0,1,,POINT (514792.3133110117 3898175.181840588),0,9th Street,35.2297,-80.835,1
1765336,110532894,OAK: SHUMARD,16.0,1,,POINT (514792.3133110117 3898175.181840588),1,7th Street,35.22722,-80.83806,1
1765336,110532894,OAK: SHUMARD,16.0,1,,POINT (514792.3133110117 3898175.181840588),2,CTC/Arena,35.225,-80.84139,1
1765337,110532895,OAK: SHUMARD,11.0,1,,POINT (514798.72062000836 3898180.1973130214),0,9th Street,35.2297,-80.835,1
1765337,110532895,OAK: SHUMARD,11.0,1,,POINT (514798.72062000836 3898180.1973130214),1,7th Street,35.22722,-80.83806,1
1765337,110532895,OAK: SHUMARD,11.0,1,,POINT (514798.72062000836 3898180.1973130214),2,CTC/Arena,35.225,-80.84139,1
1765338,110532896,OAK: SHUMARD,11.0,1,,POINT (514806.6554839216 3898187.036243893),0,9th Street,35.2297,-80.835,1
1765338,110532896,OAK: SHUMARD,11.0,1,,POINT (514806.6554839216 3898187.036243893),1,7th Street,35.22722,-80.83806,1
1765338,110532896,OAK: SHUMARD,11.0,1,,POINT (514806.6554839216 3898187.036243893),2,CTC/Arena,35.225,-80.84139,1
1765339,110532897,OAK: SHUMARD,11.0,1,,POINT (514813.4684683413 3898192.6967476383),0,9th Street,35.2297,-80.835,1
1765339,110532897,OAK: SHUMARD,11.0,1,,POINT (514813.4684683413 3898192.6967476383),1,7th Street,35.22722,-80.83806,1
1765339,110532897,OAK: SHUMARD,11.0,1,,POINT (514813.4684683413 3898192.6967476383),2,CTC/Arena,35.225,-80.84139,1
1765340,110532898,OAK: SHUMARD,10.0,1,,POINT (514827.1643736276 3898204.641022741),0,9th Street,35.2297,-80.835,1
1765340,110532898,OAK: SHUMARD,10.0,1,,POINT (514827.1643736276 3898204.641022741),1,7th Street,35.22722,-80.83806,1
1765340,110532898,OAK: SHUMARD,10.0,1,,POINT (514827.1643736276 3898204.641022741),2,CTC/Arena,35.225,-80.84139,1
1765341,110532899,OAK: SHUMARD,2.0,1,,POINT (514980.7548497429 3898334.9753780034),0,9th Street,35.2297,-80.835,1
1765341,110532899,OAK: SHUMARD,2.0,1,,POINT (514980.7548497429 3898334.9753780034),1,7th Street,35.22722,-80.83806,1
1765342,110532900,OAK: SHUMARD,4.0,1,,POINT (514996.7333755115 3898347.521509459),0,9th Street,35.2297,-80.835,1
1765342,110532900,OAK: SHUMARD,4.0,1,,POINT (514996.7333755115 3898347.521509459),1,7th Street,35.22722,-80.83806,1
1765343,110532901,OAK: SHUMARD,4.0,1,,POINT (515009.3729737634 3898357.946102866),0,9th Street,35.2297,-80.835,1
1765343,110532901,OAK: SHUMARD,4.0,1,,POINT (515009.3729737634 3898357.946102866),1,7th Street,35.22722,-80.83806,1
1765344,110532902,OAK: SHUMARD,7.0,1,320 E 9TH ST,POINT (515016.69632665254 3898364.117657287),0,9th Street,35.2297,-80.835,1
1765344,110532902,OAK: SHUMARD,7.0,1,320 E 9TH ST,POINT (515016.69632665254 3898364.117657287),1,7th Street,35.22722,-80.83806,1
1765345,110532903,OAK: SHUMARD,7.0,1,,POINT (515027.007333409 3898372.28158036),0,9th Street,35.2297,-80.835,1
1765345,110532903,OAK: SHUMARD,7.0,1,,POINT (515027.007333409 3898372.28158036),1,7th Street,35.22722,-80.83806,1
1765346,110532904,OAK: SHUMARD,9.0,1,,POINT (515036.818712321 3898379.9522688524),0,9th Street,35.2297,-80.835,1
1765346,110532904,OAK: SHUMARD,9.0,1,,POINT (515036.818712321 3898379.9522688524),1,7th Street,35.22722,-80.83806,1
1765347,110532905,OAK: SHUMARD,14.0,1,,POINT (514934.5239238895 3898104.3571344507),0,9th Street,35.2297,-80.835,1
1765347,110532905,OAK: SHUMARD,14.0,1,,POINT (514934.5239238895 3898104.3571344507),1,7th Street,35.22722,-80.83806,1
1765348,110532906,OAK: SHUMARD,18.0,1,,POINT (514925.37931979535 3898099.360404091),0,9th Street,35.2297,-80.835,1
1765348,110532906,OAK: SHUMARD,18.0,1,,POINT (514925.37931979535 3898099.360404091),1,7th Street,35.22722,-80.83806,1
1765349,110532907,OAK: SHUMARD,16.0,1,,POINT (514916.97079922515 3898091.692084542),1,7th Street,35.22722,-80.83806,1
1765349,110532907,OAK: SHUMARD,16.0,1,,POINT (514916.97079922515 3898091.692084542),2,CTC/Arena,35.225,-80.84139,1
1765350,110532908,OAK: SHUMARD,16.0,1,,POINT (514910.3907081702 3898085.485210285),1,7th Street,35.22722,-80.83806,1
1765350,110532908,OAK: SHUMARD,16.0,1,,POINT (514910.3907081702 3898085.485210285),2,CTC/Arena,35.225,-80.84139,1
1765351,110532909,OAK: SHUMARD,13.0,1,,POINT (514888.69710128143 3898067.225103797),1,7th Street,35.22722,-80.83806,1
1765351,110532909,OAK: SHUMARD,13.0,1,,POINT (514888.69710128143 3898067.225103797),2,CTC/Arena,35.225,-80.84139,1
1765352,110532910,OAK: SHUMARD,9.0,1,,POINT (514880.04534496425 3898059.6784750856),1,7th Street,35.22722,-80.83806,1
1765352,110532910,OAK: SHUMARD,9.0,1,,POINT (514880.04534496425 3898059.6784750856),2,CTC/Arena,35.225,-80.84139,1
1765353,110532911,OAK: SHUMARD,12.0,1,,POINT (514872.73367227777 3898052.862700303),1,7th Street,35.22722,-80.83806,1
1765353,110532911,OAK: SHUMARD,12.0,1,,POINT (514872.73367227777 3898052.862700303),2,CTC/Arena,35.225,-80.84139,1
1765354,110532912,OAK: SHUMARD,11.0,1,,POINT (514865.6657390335 3898046.168228809),1,7th Street,35.22722,-80.83806,1
1765354,110532912,OAK: SHUMARD,11.0,1,,POINT (514865.6657390335 3898046.168228809),2,CTC/Arena,35.225,-80.84139,1
1765355,110532913,OAK: SHUMARD,6.0,1,,POINT (514864.33925996744 3898036.568642289),1,7th Street,35.22722,-80.83806,1
1765355,110532913,OAK: SHUMARD,6.0,1,,POINT (514864.33925996744 3898036.568642289),2,CTC/Arena,35.225,-80.84139,1
1765356,110532914,OAK: SHUMARD,16.0,1,,POINT (515072.9394808432 3898373.918511321),0,9th Street,35.2297,-80.835,1
1765356,110532914,OAK: SHUMARD,16.0,1,,POINT (515072.9394808432 3898373.918511321),1,7th Street,35.22722,-80.83806,1
1765357,110532915,OAK: SHUMARD,6.0,1,228 N CALDWELL ST,POINT (514873.5067828315 3898028.1996281454),1,7th Street,35.22722,-80.83806,1
1765357,110532915,OAK: SHUMARD,6.0,1,228 N CALDWELL ST,POINT (514873.5067828315 3898028.1996281454),2,CTC/Arena,35.225,-80.84139,1
1765358,110532916,OAK: SHUMARD,10.0,1,,POINT (515079.25898405584 3898366.473147586),0,9th Street,35.2297,-80.835,1
1765358,110532916,OAK: SHUMARD,10.0,1,,POINT (515079.25898405584 3898366.473147586),1,7th Street,35.22722,-80.83806,1
1765359,110532917,OAK: SHUMARD,13.0,1,505 E 6TH ST #401,POINT (514880.1097346876 3898020.557289114),1,7th Street,35.22722,-80.83806,1
1765360,110532918,OAK: SHUMARD,12.0,1,505 E 6TH ST #401,POINT (514888.7887314214 3898011.580771681),1,7th Street,35.22722,-80.83806,1
1765361,110532919,OAK: SHUMARD,11.0,1,,POINT (514896.98073910235 3898002.7244333043),1,7th Street,35.22722,-80.83806,1
1765362,110532920,OAK: SHUMARD,13.0,1,525 E 6TH ST #101,POINT (514914.9512547469 3897984.286872902),1,7th Street,35.22722,-80.83806,1
1765363,110532921,OAK: SHUMARD,16.0,1,,POINT (515085.976666266 3898359.255791949),0,9th Street,35.2297,-80.835,1
1765363,110532921,OAK: SHUMARD,16.0,1,,POINT (515085.976666266 3898359.255791949),1,7th Street,35.22722,-80.83806,1
1765364,110532922,OAK: SHUMARD,11.0,1,,POINT (515127.60482490744 3898317.7752754376),0,9th Street,35.2297,-80.835,1
1765364,110532922,OAK: SHUMARD,11.0,1,,POINT (515127.60482490744 3898317.7752754376),1,7th Street,35.22722,-80.83806,1
1765365,110532923,OAK: SHUMARD,16.0,1,,POINT (514809.1160141274 3897998.813916984),1,7th Street,35.22722,-80.83806,1
1765365,110532923,OAK: SHUMARD,16.0,1,,POINT (514809.1160141274 3897998.813916984),2,CTC/Arena,35.225,-80.84139,1
1765374,110532932,OAK: SHUMARD,13.0,1,,POINT (514860.3584977646 3897859.6620645),1,7th Street,35.22722,-80.83806,1
1765374,110532932,OAK: SHUMARD,13.0,1,,POINT (514860.3584977646 3897859.6620645),2,CTC/Arena,35.225,-80.84139,1
1765375,110532933,OAK: SHUMARD,11.0,1,,POINT (514866.59387547756 3897853.1114455564),1,7th Street,35.22722,-80.83806,1
1765375,110532933,OAK: SHUMARD,11.0,1,,POINT (514866.59387547756 3897853.1114455564),2,CTC/Arena,35.225,-80.84139,1
1765376,110532934,OAK: SHUMARD,11.0,1,,POINT (514875.39562183566 3897844.256093065),1,7th Street,35.22722,-80.83806,1
1765377,110532935,OAK: SHUMARD,11.0,1,,POINT (514882.7292330805 3897837.8291951614),1,7th Street,35.22722,-80.83806,1
1765378,110532936,OAK: SHUMARD,11.0,1,613 E 5TH ST,POINT (514890.3068639197 3897830.795054837),1,7th Street,35.22722,-80.83806,1
1765379,110532937,OAK: SHUMARD,13.0,1,613 E 5TH ST,POINT (514898.1324189826 3897822.423899575),1,7th Street,35.22722,-80.83806,1
1765380,110532938,OAK: SHUMARD,10.0,1,E 5TH ST,POINT (514905.5876692512 3897815.632376973),1,7th Street,35.22722,-80.83806,1
1765381,110532939,OAK: SHUMARD,9.0,1,E 5TH ST,POINT (514912.8024273201 3897807.3822059883),1,7th Street,35.22722,-80.83806,1
1765382,110532940,OAK: SHUMARD,13.0,1,E 5TH ST,POINT (514920.6237892299 3897800.956136),1,7th Street,35.22722,-80.83806,1
1765383,110532941,OAK: SHUMARD,9.0,1,,POINT (514927.83670182293 3897793.3136870996),1,7th Street,35.22722,-80.83806,1
1765384,110532942,OAK: SHUMARD,13.0,1,,POINT (514935.4160421703 3897785.7927135397),1,7th Street,35.22722,-80.83806,1
1765385,110532943,OAK: SHUMARD,13.0,1,,POINT (514942.62904434046 3897778.637133803),1,7th Street,35.22722,-80.83806,1
1765386,110532944,OAK: SHUMARD,13.0,1,,POINT (514950.4533058471 3897770.5088359285),1,7th Street,35.22722,-80.83806,1
1765387,110532945,OAK: SHUMARD,13.0,1,,POINT (514957.66700620984 3897762.3806352275),1,7th Street,35.22722,-80.83806,1
1765388,110532946,OAK: SHUMARD,14.0,1,649 E 5TH ST,POINT (515002.0688757934 3897776.5474832123),1,7th Street,35.22722,-80.83806,1
1765389,110532947,OAK: SHUMARD,11.0,1,,POINT (515027.54701309936 3897867.59278015),1,7th Street,35.22722,-80.83806,1
1765390,110532948,OAK: SHUMARD,13.0,1,,POINT (515035.7373709586 3897859.3443670203),1,7th Street,35.22722,-80.83806,1
1765391,110532949,OAK: SHUMARD,12.0,1,,POINT (515044.9058094513 3897850.1259269686),1,7th Street,35.22722,-80.83806,1
1765392,110532950,OAK: SHUMARD,11.0,1,,POINT (515052.7310911025 3897841.3911899636),1,7th Street,35.22722,-80.83806,1
1765393,110532951,OAK: SHUMARD,16.0,1,,POINT (515062.38843786175 3897832.0516093764),1,7th Street,35.22722,-80.83806,1
1765394,110532952,OAK: SHUMARD,17.0,1,,POINT (515070.21326746803 3897823.6817387743),1,7th Street,35.22722,-80.83806,1
1765411,110532969,OAK: SHUMARD,10.0,1,,POINT (515128.3759659383 3898104.957825797),0,9th Street,35.2297,-80.835,1
1765411,110532969,OAK: SHUMARD,10.0,1,,POINT (515128.3759659383 3898104.957825797),1,7th Street,35.22722,-80.83806,1
1765412,110532970,OAK: SHUMARD,12.0,1,,POINT (515120.7689406829 3898098.1059014257),0,9th Street,35.2297,-80.835,1
1765412,110532970,OAK: SHUMARD,12.0,1,,POINT (515120.7689406829 3898098.1059014257),1,7th Street,35.22722,-80.83806,1
1765413,110532971,OAK: SHUMARD,14.0,1,,POINT (515106.5360342352 3898086.3320939946),1,7th Street,35.22722,-80.83806,1
1765414,110532972,OAK: SHUMARD,8.0,1,,POINT (515099.07369690575 3898079.951753703),1,7th Street,35.22722,-80.83806,1
1765415,110532973,OAK: SHUMARD,9.0,1,,POINT (515069.9208414814 3898054.1951429714),1,7th Street,35.22722,-80.83806,1
1765416,110532974,OAK: SHUMARD,9.0,1,,POINT (514878.7495894234 3897885.9934832817),1,7th Street,35.22722,-80.83806,1
1765416,110532974,OAK: SHUMARD,9.0,1,,POINT (514878.7495894234 3897885.9934832817),2,CTC/Arena,35.225,-80.84139,1
1765417,110532975,OAK: SHUMARD,11.0,1,,POINT (514869.9227682382 3897879.070985963),1,7th Street,35.22722,-80.83806,1
1765417,110532975,OAK: SHUMARD,11.0,1,,POINT (514869.9227682382 3897879.070985963),2,CTC/Arena,35.225,-80.84139,1
1765418,110532976,OAK: SHUMARD,14.0,1,122 N DAVIDSON ST,POINT (514833.38089421135 3897843.965216395),1,7th Street,35.22722,-80.83806,1
1765418,110532976,OAK: SHUMARD,14.0,1,122 N DAVIDSON ST,POINT (514833.38089421135 3897843.965216395),2,CTC/Arena,35.225,-80.84139,1
1765419,110532977,OAK: SHUMARD,10.0,1,122 N DAVIDSON ST,POINT (514827.50147579465 3897839.856621131),1,7th Street,35.22722,-80.83806,1
1765419,110532977,OAK: SHUMARD,10.0,1,122 N DAVIDSON ST,POINT (514827.50147579465 3897839.856621131),2,CTC/Arena,35.225,-80.84139,1
1765420,110532978,OAK: SHUMARD,12.0,1,122 N DAVIDSON ST,POINT (514824.2716950458 3897835.514031708),1,7th Street,35.22722,-80.83806,1
1765420,110532978,OAK: SHUMARD,12.0,1,122 N DAVIDSON ST,POINT (514824.2716950458 3897835.514031708),2,CTC/Arena,35.225,-80.84139,1
1765421,110532979,OAK: SHUMARD,12.0,1,122 N DAVIDSON ST,POINT (514817.6678231482 3897830.9340702975),1,7th Street,35.22722,-80.83806,1
1765421,110532979,OAK: SHUMARD,12.0,1,122 N DAVIDSON ST,POINT (514817.6678231482 3897830.9340702975),2,CTC/Arena,35.225,-80.84139,1
1765422,110532980,OAK: SHUMARD,12.0,1,122 N DAVIDSON ST,POINT (514812.9307541613 3897827.2410655934),1,7th Street,35.22722,-80.83806,1
1765422,110532980,OAK: SHUMARD,12.0,1,122 N DAVIDSON ST,POINT (514812.9307541613 3897827.2410655934),2,CTC/Arena,35.225,-80.84139,1
1765423,110532981,OAK: SHUMARD,17.0,1,122 N DAVIDSON ST,POINT (514806.61643583776 3897823.0942097288),1,7th Street,35.22722,-80.83806,1
1765423,110532981,OAK: SHUMARD,17.0,1,122 N DAVIDSON ST,POINT (514806.61643583776 3897823.0942097288),2,CTC/Arena,35.225,-80.84139,1
1765424,110532982,OAK: SHUMARD,14.0,1,,POINT (514792.20161325857 3897811.3516372973),1,7th Street,35.22722,-80.83806,1
1765424,110532982,OAK: SHUMARD,14.0,1,,POINT (514792.20161325857 3897811.3516372973),2,CTC/Arena,35.225,-80.84139,1
1765425,110532983,OAK: SHUMARD,17.0,1,525 N DAVIDSON ST,POINT (515183.97922145907 3898175.3611341515),0,9th Street,35.2297,-80.835,1
1765426,110532984,OAK: SHUMARD,12.0,1,,POINT (514786.1013536649 3897806.496442187),1,7th Street,35.22722,-80.83806,1
1765426,110532984,OAK: SHUMARD,12.0,1,,POINT (514786.1013536649 3897806.496442187),2,CTC/Arena,35.225,-80.84139,1
1765427,110532985,OAK: SHUMARD,18.0,1,525 N DAVIDSON ST,POINT (515189.5844419602 3898180.473038524),0,9th Street,35.2297,-80.835,1
1765428,110532986,OAK: SHUMARD,14.0,1,,POINT (514779.79019160673 3897801.557703011),1,7th Street,35.22722,-80.83806,1
1765428,110532986,OAK: SHUMARD,14.0,1,,POINT (514779.79019160673 3897801.557703011),2,CTC/Arena,35.225,-80.84139,1
1765429,110532987,OAK: SHUMARD,15.0,1,,POINT (514773.54453308176 3897797.720310024),1,7th Street,35.22722,-80.83806,1
1765429,110532987,OAK: SHUMARD,15.0,1,,POINT (514773.54453308176 3897797.720310024),2,CTC/Arena,35.225,-80.84139,1
1765430,110532988,OAK: SHUMARD,14.0,1,,POINT (514769.7046103242 3897792.414090898),1,7th Street,35.22722,-80.83806,1
1765430,110532988,OAK: SHUMARD,14.0,1,,POINT (514769.7046103242 3897792.414090898),2,CTC/Arena,35.225,-80.84139,1
1765431,110532989,OAK: SHUMARD,14.0,1,601 N DAVIDSON ST,POINT (515241.9861565469 3898225.0280637913),0,9th Street,35.2297,-80.835,1
1765432,110532990,OAK: SHUMARD,14.0,1,,POINT (514763.66960269766 3897787.7297992487),1,7th Street,35.22722,-80.83806,1
1765432,110532990,OAK: SHUMARD,14.0,1,,POINT (514763.66960269766 3897787.7297992487),2,CTC/Arena,35.225,-80.84139,1
1765433,110532991,OAK: SHUMARD,14.0,1,,POINT (515255.390685515 3898236.7141865008),0,9th Street,35.2297,-80.835,1
1765434,110532992,OAK: SHUMARD,11.0,1,,POINT (514749.0304272868 3897795.1916206805),1,7th Street,35.22722,-80.83806,1
1765434,110532992,OAK: SHUMARD,11.0,1,,POINT (514749.0304272868 3897795.1916206805),2,CTC/Arena,35.225,-80.84139,1
1765435,110532993,OAK: SHUMARD,14.0,1,,POINT (514754.282274129 3897800.2041096827),1,7th Street,35.22722,-80.83806,1
1765435,110532993,OAK: SHUMARD,14.0,1,,POINT (514754.282274129 3897800.2041096827),2,CTC/Arena,35.225,-80.84139,1
1765436,110532994,OAK: SHUMARD,14.0,1,,POINT (515262.82360402995 3898243.6513976348),0,9th Street,35.2297,-80.835,1
1765437,110532995,OAK: SHUMARD,9.0,1,,POINT (515277.8132414314 3898256.4335874864),0,9th Street,35.2297,-80.835,1
1765438,110532996,OAK: SHUMARD,11.0,1,,POINT (514759.8936441478 3897804.0182233164),1,7th Street,35.22722,-80.83806,1
1765438,110532996,OAK: SHUMARD,11.0,1,,POINT (514759.8936441478 3897804.0182233164),2,CTC/Arena,35.225,-80.84139,1
1765439,110532997,OAK: SHUMARD,10.0,1,,POINT (514763.8010990835 3897808.0868860716),1,7th Street,35.22722,-80.83806,1
1765439,110532997,OAK: SHUMARD,10.0,1,,POINT (514763.8010990835 3897808.0868860716),2,CTC/Arena,35.225,-80.84139,1
1765440,110532998,OAK: SHUMARD,14.0,1,,POINT (515285.8572373274 3898262.5212686905),0,9th Street,35.2297,-80.835,1
1765441,110532999,OAK: SHUMARD,10.0,1,,POINT (514769.0476868456 3897812.948479253),1,7th Street,35.22722,-80.83806,1
1765441,110532999,OAK: SHUMARD,10.0,1,,POINT (514769.0476868456 3897812.948479253),2,CTC/Arena,35.225,-80.84139,1
1765442,110533000,OAK: SHUMARD,8.0,1,,POINT (515303.2827142575 3898278.102354475),0,9th Street,35.2297,-80.835,1
1765443,110533001,OAK: SHUMARD,8.0,1,,POINT (515311.32383045 3898285.8912642873),0,9th Street,35.2297,-80.835,1
1765444,110533002,OAK: SHUMARD,10.0,1,,POINT (514775.06105912145 3897818.046507327),1,7th Street,35.22722,-80.83806,1
1765444,110533002,OAK: SHUMARD,10.0,1,,POINT (514775.06105912145 3897818.046507327),2,CTC/Arena,35.225,-80.84139,1
1765445,110533003,OAK: SHUMARD,15.0,1,,POINT (514781.7459046162 3897823.798721803),1,7th Street,35.22722,-80.83806,1
1765445,110533003,OAK: SHUMARD,15.0,1,,POINT (514781.7459046162 3897823.798721803),2,CTC/Arena,35.225,-80.84139,1
1765446,110533004,OAK: SHUMARD,11.0,1,,POINT (515317.4182874278 3898290.5183596434),0,9th Street,35.2297,-80.835,1
1765447,110533005,OAK: SHUMARD,13.0,1,,POINT (515325.7047189118 3898297.4570693728),0,9th Street,35.2297,-80.835,1
1765451,110533009,OAK: SHUMARD,7.0,1,,POINT (514914.79844851006 3897940.664911173),1,7th Street,35.22722,-80.83806,1
1765453,110533011,OAK: SHUMARD,5.0,1,525 E 6TH ST #101,POINT (514953.0358985545 3897974.1136598047),1,7th Street,35.22722,-80.83806,1
1765455,110533013,OAK: SHUMARD,9.0,1,,POINT (514959.6691524304 3897980.108819197),1,7th Street,35.22722,-80.83806,1
1765458,110533016,OAK: SHUMARD,15.0,1,,POINT (514985.73082798556 3898002.256782044),1,7th Street,35.22722,-80.83806,1
1765460,110533018,OAK: SHUMARD,12.0,1,,POINT (514994.8030884367 3898009.78198536),1,7th Street,35.22722,-80.83806,1
1765461,110533019,OAK: SHUMARD,11.0,1,,POINT (515004.0584262874 3898018.225816338),1,7th Street,35.22722,-80.83806,1
1765462,110533020,OAK: SHUMARD,19.0,1,702 N DAVIDSON ST,POINT (515351.8202375091 3898298.109156584),0,9th Street,35.2297,-80.835,1
1765463,110533021,OAK: SHUMARD,15.0,1,,POINT (515345.483482875 3898292.5100436676),0,9th Street,35.2297,-80.835,1
1765464,110533022,OAK: SHUMARD,15.0,1,,POINT (515313.798319944 3898265.8489624513),0,9th Street,35.2297,-80.835,1
1765465,110533023,OAK: SHUMARD,18.0,1,624 N DAVIDSON ST,POINT (515299.90846763196 3898252.8256492685),0,9th Street,35.2297,-80.835,1
1765466,110533024,OAK: SHUMARD,18.0,1,,POINT (515049.11902398034 3898056.8754063104),1,7th Street,35.22722,-80.83806,1
1765467,110533025,OAK: SHUMARD,15.0,1,,POINT (515055.81741807814 3898063.538334063),1,7th Street,35.22722,-80.83806,1
1765468,110533026,OAK: SHUMARD,14.0,1,624 N DAVIDSON ST,POINT (515284.4323631094 3898239.313905673),0,9th Street,35.2297,-80.835,1
1765469,110533027,OAK: SHUMARD,17.0,1,,POINT (515062.4061065518 3898069.4426019667),1,7th Street,35.22722,-80.83806,1
1765470,110533028,OAK: SHUMARD,17.0,1,,POINT (515069.3809885412 3898075.0580710066),1,7th Street,35.22722,-80.83806,1
1765471,110533029,OAK: SHUMARD,13.0,1,,POINT (515185.84312928084 3898155.1958382996),0,9th Street,35.2297,-80.835,1
1765472,110533030,OAK: SHUMARD,14.0,1,,POINT (515087.2633593285 3898092.136660784),1,7th Street,35.22722,-80.83806,1
1765473,110533031,OAK: SHUMARD,4.0,1,,POINT (515180.4822917723 3898150.327142084),0,9th Street,35.2297,-80.835,1
1765474,110533032,OAK: SHUMARD,8.0,1,,POINT (515156.7159435487 3898131.2123248177),0,9th Street,35.2297,-80.835,1
1765474,110533032,OAK: SHUMARD,8.0,1,,POINT (515156.7159435487 3898131.2123248177),1,7th Street,35.22722,-80.83806,1
1765475,110533033,OAK: SHUMARD,4.0,1,,POINT (515151.1125568248 3898125.0069305752),0,9th Street,35.2297,-80.835,1
1765475,110533033,OAK: SHUMARD,4.0,1,,POINT (515151.1125568248 3898125.0069305752),1,7th Street,35.22722,-80.83806,1
1765476,110533034,OAK: SHUMARD,11.0,1,,POINT (515117.54487567634 3898117.0378718493),0,9th Street,35.2297,-80.835,1
1765476,110533034,OAK: SHUMARD,11.0,1,,POINT (515117.54487567634 3898117.0378718493),1,7th Street,35.22722,-80.83806,1
1765480,110533038,OAK: SHUMARD,9.0,1,,POINT (515136.9184796504 3897964.571734281),1,7th Street,35.22722,-80.83806,1
1765481,110533039,OAK: SHUMARD,10.0,1,,POINT (515143.90423766733 3897971.3794426424),1,7th Street,35.22722,-80.83806,1
1765500,110533058,OAK: SHUMARD,2.0,1,,POINT (514303.9071445094 3897261.795997824),4,Brooklyn Village,35.22139,-80.84694,1
1765501,110533059,OAK: SHUMARD,2.0,1,,POINT (514296.41745304485 3897269.627055883),4,Brooklyn Village,35.22139,-80.84694,1
1765502,110533060,OAK: SHUMARD,2.0,1,,POINT (514280.6670172893 3897286.0387849472),4,Brooklyn Village,35.22139,-80.84694,1
1765503,110533061,OAK: SHUMARD,2.0,1,,POINT (514264.8405954352 3897300.4153194255),4,Brooklyn Village,35.22139,-80.84694,1
1765504,110533062,OAK: SHUMARD,2.0,1,,POINT (514260.0120447576 3897305.4314879375),4,Brooklyn Village,35.22139,-80.84694,1
1765505,110533063,OAK: SHUMARD,7.0,1,,POINT (514298.49444786756 3897303.491632663),4,Brooklyn Village,35.22139,-80.84694,1
1765506,110533064,OAK: SHUMARD,13.0,1,,POINT (514319.05089768773 3897282.0060846466),4,Brooklyn Village,35.22139,-80.84694,1
1765507,110533065,OAK: SHUMARD,11.0,1,,POINT (514333.5416854173 3897268.0079115345),4,Brooklyn Village,35.22139,-80.84694,1
1765515,110533073,OAK: SHUMARD,8.0,1,,POINT (514130.7622318607 3897481.4918906777),3,3rd St/Convention,35.22361,-80.84306,1
1765515,110533073,OAK: SHUMARD,8.0,1,,POINT (514130.7622318607 3897481.4918906777),4,Brooklyn Village,35.22139,-80.84694,1
1765516,110533074,OAK: SHUMARD,9.0,1,,POINT (514123.4288293448 3897490.2460349123),3,3rd St/Convention,35.22361,-80.84306,1
1765516,110533074,OAK: SHUMARD,9.0,1,,POINT (514123.4288293448 3897490.2460349123),4,Brooklyn Village,35.22139,-80.84694,1
1765517,110533075,OAK: SHUMARD,9.0,1,,POINT (514116.0597808036 3897497.9554310446),3,3rd St/Convention,35.22361,-80.84306,1
1765517,110533075,OAK: SHUMARD,9.0,1,,POINT (514116.0597808036 3897497.9554310446),4,Brooklyn Village,35.22139,-80.84694,1
1765518,110533076,OAK: SHUMARD,8.0,1,401 E STONEWALL ST,POINT (514107.9279194467 3897505.270982985),3,3rd St/Convention,35.22361,-80.84306,1
1765518,110533076,OAK: SHUMARD,8.0,1,401 E STONEWALL ST,POINT (514107.9279194467 3897505.270982985),4,Brooklyn Village,35.22139,-80.84694,1
1765519,110533077,OAK: SHUMARD,8.0,1,401 E STONEWALL ST,POINT (514102.61490113754 3897514.0638351007),3,3rd St/Convention,35.22361,-80.84306,1
1765519,110533077,OAK: SHUMARD,8.0,1,401 E STONEWALL ST,POINT (514102.61490113754 3897514.0638351007),4,Brooklyn Village,35.22139,-80.84694,1
1765520,110533078,OAK: SHUMARD,9.0,1,401 E STONEWALL ST,POINT (514093.22351011116 3897523.047595403),3,3rd St/Convention,35.22361,-80.84306,1
1765520,110533078,OAK: SHUMARD,9.0,1,401 E STONEWALL ST,POINT (514093.22351011116 3897523.047595403),4,Brooklyn Village,35.22139,-80.84694,1
1765521,110533079,OAK: SHUMARD,10.0,1,401 E STONEWALL ST,POINT (514087.14848396124 3897529.1088766195),3,3rd St/Convention,35.22361,-80.84306,1
1765521,110533079,OAK: SHUMARD,10.0,1,401 E STONEWALL ST,POINT (514087.14848396124 3897529.1088766195),4,Brooklyn Village,35.22139,-80.84694,1
1765522,110533080,OAK: SHUMARD,17.0,1,,POINT (513930.265932743 3897695.372019175),3,3rd St/Convention,35.22361,-80.84306,1
1765522,110533080,OAK: SHUMARD,17.0,1,,POINT (513930.265932743 3897695.372019175),4,Brooklyn Village,35.22139,-80.84694,1
1765523,110533081,OAK: SHUMARD,14.0,1,,POINT (513960.09858681366 3897660.912464537),3,3rd St/Convention,35.22361,-80.84306,1
1765523,110533081,OAK: SHUMARD,14.0,1,,POINT (513960.09858681366 3897660.912464537),4,Brooklyn Village,35.22139,-80.84694,1
1765524,110533082,OAK: SHUMARD,17.0,1,,POINT (513965.47911885503 3897654.237831042),3,3rd St/Convention,35.22361,-80.84306,1
1765524,110533082,OAK: SHUMARD,17.0,1,,POINT (513965.47911885503 3897654.237831042),4,Brooklyn Village,35.22139,-80.84694,1
1765525,110533083,OAK: SHUMARD,3.0,1,,POINT (514038.6299718838 3897546.9438324026),3,3rd St/Convention,35.22361,-80.84306,1
1765525,110533083,OAK: SHUMARD,3.0,1,,POINT (514038.6299718838 3897546.9438324026),4,Brooklyn Village,35.22139,-80.84694,1
1765526,110533084,OAK: SHUMARD,3.0,1,,POINT (514027.2670679464 3897555.06632437),3,3rd St/Convention,35.22361,-80.84306,1
1765526,110533084,OAK: SHUMARD,3.0,1,,POINT (514027.2670679464 3897555.06632437),4,Brooklyn Village,35.22139,-80.84694,1
1765527,110533085,OAK: SHUMARD,3.0,1,,POINT (514018.09618319286 3897566.3517727223),3,3rd St/Convention,35.22361,-80.84306,1
1765527,110533085,OAK: SHUMARD,3.0,1,,POINT (514018.09618319286 3897566.3517727223),4,Brooklyn Village,35.22139,-80.84694,1
1765528,110533086,OAK: SHUMARD,3.0,1,,POINT (514000.73094033165 3897588.317586895),3,3rd St/Convention,35.22361,-80.84306,1
1765528,110533086,OAK: SHUMARD,3.0,1,,POINT (514000.73094033165 3897588.317586895),4,Brooklyn Village,35.22139,-80.84694,1
1765529,110533087,OAK: SHUMARD,3.0,1,,POINT (513991.0695337691 3897600.8166694487),3,3rd St/Convention,35.22361,-80.84306,1
1765529,110533087,OAK: SHUMARD,3.0,1,,POINT (513991.0695337691 3897600.8166694487),4,Brooklyn Village,35.22139,-80.84694,1
1765530,110533088,OAK: SHUMARD,3.0,1,,POINT (513982.3844736925 3897613.439216984),3,3rd St/Convention,35.22361,-80.84306,1
1765530,110533088,OAK: SHUMARD,3.0,1,,POINT (513982.3844736925 3897613.439216984),4,Brooklyn Village,35.22139,-80.84694,1
1765531,110533089,OAK: SHUMARD,7.0,1,,POINT (513958.54410858697 3897640.375622755),3,3rd St/Convention,35.22361,-80.84306,1
1765531,110533089,OAK: SHUMARD,7.0,1,,POINT (513958.54410858697 3897640.375622755),4,Brooklyn Village,35.22139,-80.84694,1
1765532,110533090,OAK: SHUMARD,9.0,1,,POINT (513947.29708590615 3897652.508579443),3,3rd St/Convention,35.22361,-80.84306,1
1765532,110533090,OAK: SHUMARD,9.0,1,,POINT (513947.29708590615 3897652.508579443),4,Brooklyn Village,35.22139,-80.84694,1
1765533,110533091,OAK: SHUMARD,12.0,1,,POINT (513941.5521297906 3897658.3320269817),3,3rd St/Convention,35.22361,-80.84306,1
1765533,110533091,OAK: SHUMARD,12.0,1,,POINT (513941.5521297906 3897658.3320269817),4,Brooklyn Village,35.22139,-80.84694,1
1765534,110533092,OAK: SHUMARD,11.0,1,,POINT (513935.19509520405 3897665.0050839796),3,3rd St/Convention,35.22361,-80.84306,1
1765534,110533092,OAK: SHUMARD,11.0,1,,POINT (513935.19509520405 3897665.0050839796),4,Brooklyn Village,35.22139,-80.84694,1
1765535,110533093,OAK: SHUMARD,14.0,1,,POINT (513929.33073217154 3897669.1270398493),3,3rd St/Convention,35.22361,-80.84306,1
1765535,110533093,OAK: SHUMARD,14.0,1,,POINT (513929.33073217154 3897669.1270398493),4,Brooklyn Village,35.22139,-80.84694,1
1765536,110533094,OAK: SHUMARD,12.0,1,,POINT (513923.21793079004 3897675.678526277),3,3rd St/Convention,35.22361,-80.84306,1
1765536,110533094,OAK: SHUMARD,12.0,1,,POINT (513923.21793079004 3897675.678526277),4,Brooklyn Village,35.22139,-80.84694,1
1765537,110533095,OAK: SHUMARD,13.0,1,,POINT (513917.22657780856 3897683.0808026395),3,3rd St/Convention,35.22361,-80.84306,1
1765537,110533095,OAK: SHUMARD,13.0,1,,POINT (513917.22657780856 3897683.0808026395),4,Brooklyn Village,35.22139,-80.84694,1
1765538,110533096,OAK: SHUMARD,11.0,1,,POINT (513911.9695322505 3897688.782989618),3,3rd St/Convention,35.22361,-80.84306,1
1765538,110533096,OAK: SHUMARD,11.0,1,,POINT (513911.9695322505 3897688.782989618),4,Brooklyn Village,35.22139,-80.84694,1
1765539,110533097,OAK: SHUMARD,11.0,1,,POINT (513906.34430112725 3897696.0638514585),3,3rd St/Convention,35.22361,-80.84306,1
1765539,110533097,OAK: SHUMARD,11.0,1,,POINT (513906.34430112725 3897696.0638514585),4,Brooklyn Village,35.22139,-80.84694,1
1765540,110533098,OAK: SHUMARD,10.0,1,,POINT (513900.11138076725 3897701.4007990602),3,3rd St/Convention,35.22361,-80.84306,1
1765540,110533098,OAK: SHUMARD,10.0,1,,POINT (513900.11138076725 3897701.4007990602),4,Brooklyn Village,35.22139,-80.84694,1
1765541,110533099,OAK: SHUMARD,10.0,1,,POINT (513894.0012707872 3897706.7368213427),3,3rd St/Convention,35.22361,-80.84306,1
1765541,110533099,OAK: SHUMARD,10.0,1,,POINT (513894.0012707872 3897706.7368213427),4,Brooklyn Village,35.22139,-80.84694,1
1765788,110533346,OAK: SHUMARD,4.0,1,,POINT (514305.31366800657 3897296.5944020594),4,Brooklyn Village,35.22139,-80.84694,1
1765793,110533351,OAK: SHUMARD,5.0,1,,POINT (514270.53883073654 3897332.613175384),4,Brooklyn Village,35.22139,-80.84694,1
1765794,110533352,OAK: SHUMARD,3.0,1,,POINT (514325.720119522 3897275.0199374775),4,Brooklyn Village,35.22139,-80.84694,1
1765856,110533414,OAK: NUTALL,20.0,1,,POINT (515110.18244118866 3898152.761132305),0,9th Street,35.2297,-80.835,1
1765856,110533414,OAK: NUTALL,20.0,1,,POINT (515110.18244118866 3898152.761132305),1,7th Street,35.22722,-80.83806,1
1765857,110533415,OAK: NUTALL,15.0,1,,POINT (515126.56706667953 3898134.199423417),0,9th Street,35.2297,-80.835,1
1765857,110533415,OAK: NUTALL,15.0,1,,POINT (515126.56706667953 3898134.199423417),1,7th Street,35.22722,-80.83806,1
1765858,110533416,OAK: NUTALL,2.0,1,,POINT (514896.15358855494 3898262.753377855),0,9th Street,35.2297,-80.835,1
1765858,110533416,OAK: NUTALL,2.0,1,,POINT (514896.15358855494 3898262.753377855),1,7th Street,35.22722,-80.83806,1
1765859,110533417,OAK: NUTALL,2.0,1,,POINT (514905.8517232256 3898270.8484553625),0,9th Street,35.2297,-80.835,1
1765859,110533417,OAK: NUTALL,2.0,1,,POINT (514905.8517232256 3898270.8484553625),1,7th Street,35.22722,-80.83806,1
1765860,110533418,OAK: NUTALL,2.0,1,,POINT (514914.9632792754 3898278.6764311357),0,9th Street,35.2297,-80.835,1
1765860,110533418,OAK: NUTALL,2.0,1,,POINT (514914.9632792754 3898278.6764311357),1,7th Street,35.22722,-80.83806,1
1765861,110533419,OAK: NUTALL,2.0,1,,POINT (514924.38098710694 3898286.748959613),0,9th Street,35.2297,-80.835,1
1765861,110533419,OAK: NUTALL,2.0,1,,POINT (514924.38098710694 3898286.748959613),1,7th Street,35.22722,-80.83806,1
1765862,110533420,OAK: NUTALL,1.0,1,,POINT (514695.72353877785 3897933.263941979),1,7th Street,35.22722,-80.83806,1
1765862,110533420,OAK: NUTALL,1.0,1,,POINT (514695.72353877785 3897933.263941979),2,CTC/Arena,35.225,-80.84139,1
1765862,110533420,OAK: NUTALL,1.0,1,,POINT (514695.72353877785 3897933.263941979),3,3rd St/Convention,35.22361,-80.84306,1
1765863,110533421,OAK: NUTALL,15.0,1,,POINT (514702.54587501637 3897940.5645234426),1,7th Street,35.22722,-80.83806,1
1765863,110533421,OAK: NUTALL,15.0,1,,POINT (514702.54587501637 3897940.5645234426),2,CTC/Arena,35.225,-80.84139,1
1765864,110533422,OAK: NUTALL,2.0,1,,POINT (514715.2209614974 3897951.0342258806),1,7th Street,35.22722,-80.83806,1
1765864,110533422,OAK: NUTALL,2.0,1,,POINT (514715.2209614974 3897951.0342258806),2,CTC/Arena,35.225,-80.84139,1
1765865,110533423,OAK: NUTALL,13.0,1,,POINT (514721.9248766334 3897956.1476676716),1,7th Street,35.22722,-80.83806,1
1765865,110533423,OAK: NUTALL,13.0,1,,POINT (514721.9248766334 3897956.1476676716),2,CTC/Arena,35.225,-80.84139,1
1765866,110533424,OAK: NUTALL,13.0,1,,POINT (514727.4083554724 3897961.38110961),1,7th Street,35.22722,-80.83806,1
1765866,110533424,OAK: NUTALL,13.0,1,,POINT (514727.4083554724 3897961.38110961),2,CTC/Arena,35.225,-80.84139,1
1765867,110533425,OAK: NUTALL,5.0,1,,POINT (514848.764915377 3897711.049298552),2,CTC/Arena,35.225,-80.84139,1
1765868,110533426,OAK: NUTALL,4.0,1,,POINT (514868.265683606 3897726.8769786796),2,CTC/Arena,35.225,-80.84139,1
1765869,110533427,OAK: NUTALL,3.0,1,,POINT (514891.42166769074 3897746.8406347013),1,7th Street,35.22722,-80.83806,1
1765869,110533427,OAK: NUTALL,3.0,1,,POINT (514891.42166769074 3897746.8406347013),2,CTC/Arena,35.225,-80.84139,1
1765870,110533428,OAK: NUTALL,3.0,1,,POINT (514910.79888564756 3897764.1253283042),1,7th Street,35.22722,-80.83806,1
1765871,110533429,OAK: NUTALL,16.0,1,,POINT (514905.0197923258 3897790.2385329767),1,7th Street,35.22722,-80.83806,1
1765872,110533430,OAK: NUTALL,14.0,1,,POINT (514901.4731195979 3897794.849459197),1,7th Street,35.22722,-80.83806,1
1765873,110533431,OAK: NUTALL,18.0,1,,POINT (514857.4655666689 3897838.030519282),1,7th Street,35.22722,-80.83806,1
1765873,110533431,OAK: NUTALL,18.0,1,,POINT (514857.4655666689 3897838.030519282),2,CTC/Arena,35.225,-80.84139,1
1765893,110533451,OAK: NUTALL,17.0,1,,POINT (515068.9387818302 3898222.4290152728),0,9th Street,35.2297,-80.835,1
1765893,110533451,OAK: NUTALL,17.0,1,,POINT (515068.9387818302 3898222.4290152728),1,7th Street,35.22722,-80.83806,1
1765894,110533452,OAK: NUTALL,17.0,1,,POINT (515060.18241896754 3898204.0692001362),0,9th Street,35.2297,-80.835,1
1765894,110533452,OAK: NUTALL,17.0,1,,POINT (515060.18241896754 3898204.0692001362),1,7th Street,35.22722,-80.83806,1
1765895,110533453,OAK: NUTALL,5.0,1,,POINT (514819.8034974747 3898199.001777436),0,9th Street,35.2297,-80.835,1
1765895,110533453,OAK: NUTALL,5.0,1,,POINT (514819.8034974747 3898199.001777436),1,7th Street,35.22722,-80.83806,1
1765895,110533453,OAK: NUTALL,5.0,1,,POINT (514819.8034974747 3898199.001777436),2,CTC/Arena,35.225,-80.84139,1
1765896,110533454,OAK: NUTALL,6.0,1,,POINT (514834.4564388772 3898210.544063879),0,9th Street,35.2297,-80.835,1
1765896,110533454,OAK: NUTALL,6.0,1,,POINT (514834.4564388772 3898210.544063879),1,7th Street,35.22722,-80.83806,1
1765896,110533454,OAK: NUTALL,6.0,1,,POINT (514834.4564388772 3898210.544063879),2,CTC/Arena,35.225,-80.84139,1
1765897,110533455,OAK: NUTALL,4.0,1,,POINT (514868.10616315546 3898238.828018362),0,9th Street,35.2297,-80.835,1
1765897,110533455,OAK: NUTALL,4.0,1,,POINT (514868.10616315546 3898238.828018362),1,7th Street,35.22722,-80.83806,1
1765897,110533455,OAK: NUTALL,4.0,1,,POINT (514868.10616315546 3898238.828018362),2,CTC/Arena,35.225,-80.84139,1
1765898,110533456,OAK: NUTALL,3.0,1,,POINT (514933.72101386864 3898294.5230428115),0,9th Street,35.2297,-80.835,1
1765898,110533456,OAK: NUTALL,3.0,1,,POINT (514933.72101386864 3898294.5230428115),1,7th Street,35.22722,-80.83806,1
1765899,110533457,OAK: NUTALL,3.0,1,,POINT (514971.87518061994 3898326.273832802),0,9th Street,35.2297,-80.835,1
1765899,110533457,OAK: NUTALL,3.0,1,,POINT (514971.87518061994 3898326.273832802),1,7th Street,35.22722,-80.83806,1
1765900,110533458,OAK: NUTALL,4.0,1,,POINT (514989.0703346234 3898341.548997055),0,9th Street,35.2297,-80.835,1
1765900,110533458,OAK: NUTALL,4.0,1,,POINT (514989.0703346234 3898341.548997055),1,7th Street,35.22722,-80.83806,1
1765901,110533459,OAK: NUTALL,11.0,1,,POINT (514841.7722252405 3898030.2135404344),1,7th Street,35.22722,-80.83806,1
1765901,110533459,OAK: NUTALL,11.0,1,,POINT (514841.7722252405 3898030.2135404344),2,CTC/Arena,35.225,-80.84139,1
1765902,110533460,OAK: NUTALL,11.0,1,,POINT (514830.0727854811 3898019.8672882845),1,7th Street,35.22722,-80.83806,1
1765902,110533460,OAK: NUTALL,11.0,1,,POINT (514830.0727854811 3898019.8672882845),2,CTC/Arena,35.225,-80.84139,1
1765903,110533461,OAK: NUTALL,11.0,1,,POINT (514823.4919066843 3898014.146166021),1,7th Street,35.22722,-80.83806,1
1765903,110533461,OAK: NUTALL,11.0,1,,POINT (514823.4919066843 3898014.146166021),2,CTC/Arena,35.225,-80.84139,1
1765904,110533462,OAK: NUTALL,12.0,1,,POINT (514818.1315981451 3898008.184254442),1,7th Street,35.22722,-80.83806,1
1765904,110533462,OAK: NUTALL,12.0,1,,POINT (514818.1315981451 3898008.184254442),2,CTC/Arena,35.225,-80.84139,1
1765905,110533463,OAK: NUTALL,8.0,1,,POINT (514650.99423117144 3897895.5271724802),1,7th Street,35.22722,-80.83806,1
1765905,110533463,OAK: NUTALL,8.0,1,,POINT (514650.99423117144 3897895.5271724802),2,CTC/Arena,35.225,-80.84139,1
1765905,110533463,OAK: NUTALL,8.0,1,,POINT (514650.99423117144 3897895.5271724802),3,3rd St/Convention,35.22361,-80.84306,1
1765906,110533464,OAK: NUTALL,5.0,1,,POINT (514669.88466011174 3897911.7160308147),1,7th Street,35.22722,-80.83806,1
1765906,110533464,OAK: NUTALL,5.0,1,,POINT (514669.88466011174 3897911.7160308147),2,CTC/Arena,35.225,-80.84139,1
1765906,110533464,OAK: NUTALL,5.0,1,,POINT (514669.88466011174 3897911.7160308147),3,3rd St/Convention,35.22361,-80.84306,1
1765907,110533465,OAK: NUTALL,2.0,1,,POINT (514709.73708874173 3897946.043659783),1,7th Street,35.22722,-80.83806,1
1765907,110533465,OAK: NUTALL,2.0,1,,POINT (514709.73708874173 3897946.043659783),2,CTC/Arena,35.225,-80.84139,1
1765908,110533466,OAK: NUTALL,3.0,1,,POINT (514858.7799560637 3897719.9123078845),2,CTC/Arena,35.225,-80.84139,1
1765909,110533467,OAK: NUTALL,3.0,1,701 E TRADE ST,POINT (514876.85381108365 3897735.15977473),2,CTC/Arena,35.225,-80.84139,1
1765910,110533468,OAK: NUTALL,2.0,1,,POINT (514900.4637192053 3897756.2721005795),1,7th Street,35.22722,-80.83806,1
1765910,110533468,OAK: NUTALL,2.0,1,,POINT (514900.4637192053 3897756.2721005795),2,CTC/Arena,35.225,-80.84139,1
1765911,110533469,OAK: NUTALL,16.0,1,,POINT (514896.7053049406 3897799.3374876673),1,7th Street,35.22722,-80.83806,1
1765912,110533470,OAK: NUTALL,18.0,1,,POINT (514891.6938847464 3897804.1888831723),1,7th Street,35.22722,-80.83806,1
1765913,110533471,OAK: NUTALL,3.0,1,,POINT (514886.43778757495 3897809.0399484453),1,7th Street,35.22722,-80.83806,1
1765914,110533472,OAK: NUTALL,18.0,1,,POINT (514880.9372990359 3897814.134572926),1,7th Street,35.22722,-80.83806,1
1765915,110533473,OAK: NUTALL,14.0,1,,POINT (514875.800471067 3897820.564935773),1,7th Street,35.22722,-80.83806,1
1765916,110533474,OAK: NUTALL,14.0,1,,POINT (514871.3994179507 3897825.0536543457),1,7th Street,35.22722,-80.83806,1
1765917,110533475,OAK: NUTALL,13.0,1,,POINT (514867.36578032566 3897829.178100685),1,7th Street,35.22722,-80.83806,1
1765918,110533476,OAK: NUTALL,13.0,1,,POINT (514861.98848432564 3897833.543156232),1,7th Street,35.22722,-80.83806,1
1765918,110533476,OAK: NUTALL,13.0,1,,POINT (514861.98848432564 3897833.543156232),2,CTC/Arena,35.225,-80.84139,1
1765919,110533477,OAK: NUTALL,13.0,1,,POINT (514851.7189751714 3897844.461095291),1,7th Street,35.22722,-80.83806,1
1765919,110533477,OAK: NUTALL,13.0,1,,POINT (514851.7189751714 3897844.461095291),2,CTC/Arena,35.225,-80.84139,1
1765920,110533478,OAK: NUTALL,13.0,1,525 E 6TH ST #101,POINT (514946.01201036875 3897968.8708788445),1,7th Street,35.22722,-80.83806,1
1766150,110533708,OAK: LIVE,9.0,1,,POINT (514589.69291809824 3897720.773759482),2,CTC/Arena,35.225,-80.84139,0
1766150,110533708,OAK: LIVE,9.0,1,,POINT (514589.69291809824 3897720.773759482),3,3rd St/Convention,35.22361,-80.84306,0
1766173,110533731,OAK: LIVE,6.0,1,,POINT (514708.3599608744 3897594.3617623),2,CTC/Arena,35.225,-80.84139,0
1766174,110533732,OAK: LIVE,9.0,1,,POINT (514702.40552101826 3897600.502669531),2,CTC/Arena,35.225,-80.84139,0
1766174,110533732,OAK: LIVE,9.0,1,,POINT (514702.40552101826 3897600.502669531),3,3rd St/Convention,35.22361,-80.84306,0
1766175,110533733,OAK: LIVE,8.0,1,,POINT (514695.97659575584 3897606.2424427704),2,CTC/Arena,35.225,-80.84139,0
1766175,110533733,OAK: LIVE,8.0,1,,POINT (514695.97659575584 3897606.2424427704),3,3rd St/Convention,35.22361,-80.84306,0
1766176,110533734,OAK: LIVE,6.0,1,,POINT (514645.259841782 3897658.6471931934),2,CTC/Arena,35.225,-80.84139,0
1766176,110533734,OAK: LIVE,6.0,1,,POINT (514645.259841782 3897658.6471931934),3,3rd St/Convention,35.22361,-80.84306,0
1766177,110533735,OAK: LIVE,8.0,1,,POINT (514639.05941521033 3897664.9917298895),2,CTC/Arena,35.225,-80.84139,0
1766177,110533735,OAK: LIVE,8.0,1,,POINT (514639.05941521033 3897664.9917298895),3,3rd St/Convention,35.22361,-80.84306,0
1766178,110533736,OAK: LIVE,8.0,1,,POINT (514613.81370674004 3897693.726304857),2,CTC/Arena,35.225,-80.84139,0
1766178,110533736,OAK: LIVE,8.0,1,,POINT (514613.81370674004 3897693.726304857),3,3rd St/Convention,35.22361,-80.84306,0
1766179,110533737,OAK: LIVE,8.0,1,,POINT (514608.1866308288 3897701.1731205327),2,CTC/Arena,35.225,-80.84139,0
1766179,110533737,OAK: LIVE,8.0,1,,POINT (514608.1866308288 3897701.1731205327),3,3rd St/Convention,35.22361,-80.84306,0
1766180,110533738,OAK: LIVE,7.0,1,,POINT (514602.0160972033 3897706.555123897),2,CTC/Arena,35.225,-80.84139,0
1766180,110533738,OAK: LIVE,7.0,1,,POINT (514602.0160972033 3897706.555123897),3,3rd St/Convention,35.22361,-80.84306,0
1766181,110533739,OAK: LIVE,9.0,1,,POINT (514596.35388837225 3897713.2443823535),2,CTC/Arena,35.225,-80.84139,0
1766181,110533739,OAK: LIVE,9.0,1,,POINT (514596.35388837225 3897713.2443823535),3,3rd St/Convention,35.22361,-80.84306,0
1766182,110533740,OAK: LIVE,7.0,1,,POINT (514583.140257088 3897727.2253912273),2,CTC/Arena,35.225,-80.84139,0
1766182,110533740,OAK: LIVE,7.0,1,,POINT (514583.140257088 3897727.2253912273),3,3rd St/Convention,35.22361,-80.84306,0
1766183,110533741,OAK: LIVE,7.0,1,,POINT (514579.0584792466 3897731.8433340513),2,CTC/Arena,35.225,-80.84139,0
1766183,110533741,OAK: LIVE,7.0,1,,POINT (514579.0584792466 3897731.8433340513),3,3rd St/Convention,35.22361,-80.84306,0
1766184,110533742,OAK: LIVE,7.0,1,,POINT (514573.1045813121 3897737.18810499),2,CTC/Arena,35.225,-80.84139,0
1766184,110533742,OAK: LIVE,7.0,1,,POINT (514573.1045813121 3897737.18810499),3,3rd St/Convention,35.22361,-80.84306,0
1766185,110533743,OAK: LIVE,9.0,1,,POINT (514566.0517882173 3897744.481702585),2,CTC/Arena,35.225,-80.84139,0
1766185,110533743,OAK: LIVE,9.0,1,,POINT (514566.0517882173 3897744.481702585),3,3rd St/Convention,35.22361,-80.84306,0
1766186,110533744,OAK: LIVE,7.0,1,,POINT (514560.532650262 3897751.1024483475),2,CTC/Arena,35.225,-80.84139,0
1766186,110533744,OAK: LIVE,7.0,1,,POINT (514560.532650262 3897751.1024483475),3,3rd St/Convention,35.22361,-80.84306,0
1766187,110533745,OAK: LIVE,8.0,1,,POINT (514554.8038102656 3897756.8257287513),1,7th Street,35.22722,-80.83806,0
1766187,110533745,OAK: LIVE,8.0,1,,POINT (514554.8038102656 3897756.8257287513),2,CTC/Arena,35.225,-80.84139,0
1766187,110533745,OAK: LIVE,8.0,1,,POINT (514554.8038102656 3897756.8257287513),3,3rd St/Convention,35.22361,-80.84306,0
1766188,110533746,OAK: LIVE,9.0,1,,POINT (514549.30770892516 3897762.7100880123),1,7th Street,35.22722,-80.83806,0
1766188,110533746,OAK: LIVE,9.0,1,,POINT (514549.30770892516 3897762.7100880123),2,CTC/Arena,35.225,-80.84139,0
1766188,110533746,OAK: LIVE,9.0,1,,POINT (514549.30770892516 3897762.7100880123),3,3rd St/Convention,35.22361,-80.84306,0
1766189,110533747,OAK: LIVE,7.0,1,,POINT (514559.0029353789 3897631.867316856),2,CTC/Arena,35.225,-80.84139,0
1766189,110533747,OAK: LIVE,7.0,1,,POINT (514559.0029353789 3897631.867316856),3,3rd St/Convention,35.22361,-80.84306,0
1766190,110533748,OAK: LIVE,5.0,1,,POINT (514564.8651973749 3897637.1201889347),2,CTC/Arena,35.225,-80.84139,0
1766190,110533748,OAK: LIVE,5.0,1,,POINT (514564.8651973749 3897637.1201889347),3,3rd St/Convention,35.22361,-80.84306,0
1766191,110533749,OAK: LIVE,6.0,1,,POINT (514570.83592823864 3897643.9623401505),2,CTC/Arena,35.225,-80.84139,0
1766191,110533749,OAK: LIVE,6.0,1,,POINT (514570.83592823864 3897643.9623401505),3,3rd St/Convention,35.22361,-80.84306,0
1766192,110533750,OAK: LIVE,4.0,1,,POINT (514580.309779147 3897651.7695143702),2,CTC/Arena,35.225,-80.84139,0
1766192,110533750,OAK: LIVE,4.0,1,,POINT (514580.309779147 3897651.7695143702),3,3rd St/Convention,35.22361,-80.84306,0
1766193,110533751,OAK: LIVE,5.0,1,,POINT (514586.3924614223 3897658.5442259912),2,CTC/Arena,35.225,-80.84139,0
1766193,110533751,OAK: LIVE,5.0,1,,POINT (514586.3924614223 3897658.5442259912),3,3rd St/Convention,35.22361,-80.84306,0
1766194,110533752,OAK: LIVE,5.0,1,,POINT (514593.0656135555 3897663.2638733056),2,CTC/Arena,35.225,-80.84139,0
1766194,110533752,OAK: LIVE,5.0,1,,POINT (514593.0656135555 3897663.2638733056),3,3rd St/Convention,35.22361,-80.84306,0
1766195,110533753,OAK: LIVE,6.0,1,,POINT (514599.96624916425 3897669.0307342317),2,CTC/Arena,35.225,-80.84139,0
1766195,110533753,OAK: LIVE,6.0,1,,POINT (514599.96624916425 3897669.0307342317),3,3rd St/Convention,35.22361,-80.84306,0
1766196,110533754,OAK: LIVE,6.0,1,,POINT (514605.9248683735 3897676.05712921),2,CTC/Arena,35.225,-80.84139,0
1766196,110533754,OAK: LIVE,6.0,1,,POINT (514605.9248683735 3897676.05712921),3,3rd St/Convention,35.22361,-80.84306,0
1766197,110533755,OAK: LIVE,7.0,1,,POINT (514611.9871000871 3897681.4200234753),2,CTC/Arena,35.225,-80.84139,0
1766197,110533755,OAK: LIVE,7.0,1,,POINT (514611.9871000871 3897681.4200234753),3,3rd St/Convention,35.22361,-80.84306,0
1766198,110533756,OAK: LIVE,12.0,1,,POINT (514583.1335016079 3897537.326783206),3,3rd St/Convention,35.22361,-80.84306,0
1766199,110533757,OAK: LIVE,6.0,1,,POINT (514518.69694351143 3897746.1699904255),2,CTC/Arena,35.225,-80.84139,0
1766199,110533757,OAK: LIVE,6.0,1,,POINT (514518.69694351143 3897746.1699904255),3,3rd St/Convention,35.22361,-80.84306,0
1766200,110533758,OAK: LIVE,6.0,1,,POINT (514508.73646013445 3897737.095595262),2,CTC/Arena,35.225,-80.84139,0
1766200,110533758,OAK: LIVE,6.0,1,,POINT (514508.73646013445 3897737.095595262),3,3rd St/Convention,35.22361,-80.84306,0
1766201,110533759,OAK: LIVE,6.0,1,,POINT (514499.15665303555 3897727.8920794413),2,CTC/Arena,35.225,-80.84139,0
1766201,110533759,OAK: LIVE,6.0,1,,POINT (514499.15665303555 3897727.8920794413),3,3rd St/Convention,35.22361,-80.84306,0
1766202,110533760,OAK: LIVE,6.0,1,,POINT (514490.5016618701 3897719.7070304123),2,CTC/Arena,35.225,-80.84139,0
1766202,110533760,OAK: LIVE,6.0,1,,POINT (514490.5016618701 3897719.7070304123),3,3rd St/Convention,35.22361,-80.84306,0
1766203,110533761,OAK: LIVE,6.0,1,,POINT (514481.711670399 3897711.6415531537),2,CTC/Arena,35.225,-80.84139,0
1766203,110533761,OAK: LIVE,6.0,1,,POINT (514481.711670399 3897711.6415531537),3,3rd St/Convention,35.22361,-80.84306,0
1766204,110533762,OAK: LIVE,99.0,1,,POINT (513572.86059872794 3898055.434240187),4,Brooklyn Village,35.22139,-80.84694,0
1766205,110533763,OAK: LIVE,99.0,1,,POINT (513570.07184886816 3898043.64464034),4,Brooklyn Village,35.22139,-80.84694,0
1766343,110533901,BALDCYPRESS: COMMON,22.0,1,,POINT (514437.9304824446 3897879.632797446),2,CTC/Arena,35.225,-80.84139,0
1766343,110533901,BALDCYPRESS: COMMON,22.0,1,,POINT (514437.9304824446 3897879.632797446),3,3rd St/Convention,35.22361,-80.84306,0
1766348,110533906,BALDCYPRESS: COMMON,5.0,1,,POINT (514993.8946710477 3897987.9397407714),1,7th Street,35.22722,-80.83806,0
1766349,110533907,BALDCYPRESS: COMMON,10.0,1,,POINT (514981.63482634776 3897977.575697425),1,7th Street,35.22722,-80.83806,0
1766350,110533908,BALDCYPRESS: COMMON,2.0,1,,POINT (514975.61008026486 3897972.8734130133),1,7th Street,35.22722,-80.83806,0
1766352,110533910,BALDCYPRESS: COMMON,3.0,1,,POINT (514321.97952421533 3897808.25007105),2,CTC/Arena,35.225,-80.84139,0
1766352,110533910,BALDCYPRESS: COMMON,3.0,1,,POINT (514321.97952421533 3897808.25007105),3,3rd St/Convention,35.22361,-80.84306,0
1766352,110533910,BALDCYPRESS: COMMON,3.0,1,,POINT (514321.97952421533 3897808.25007105),4,Brooklyn Village,35.22139,-80.84694,0
1766353,110533911,BALDCYPRESS: COMMON,6.0,1,,POINT (514279.6865323648 3897849.7353821225),2,CTC/Arena,35.225,-80.84139,0
1766353,110533911,BALDCYPRESS: COMMON,6.0,1,,POINT (514279.6865323648 3897849.7353821225),3,3rd St/Convention,35.22361,-80.84306,0
1766353,110533911,BALDCYPRESS: COMMON,6.0,1,,POINT (514279.6865323648 3897849.7353821225),4,Brooklyn Village,35.22139,-80.84694,0
1766354,110533912,BALDCYPRESS: COMMON,2.0,1,,POINT (514301.8200606726 3898053.520599872),2,CTC/Arena,35.225,-80.84139,0
1766354,110533912,BALDCYPRESS: COMMON,2.0,1,,POINT (514301.8200606726 3898053.520599872),3,3rd St/Convention,35.22361,-80.84306,0
1766355,110533913,BALDCYPRESS: COMMON,1.0,1,,POINT (514308.66513753135 3898046.605692794),2,CTC/Arena,35.225,-80.84139,0
1766355,110533913,BALDCYPRESS: COMMON,1.0,1,,POINT (514308.66513753135 3898046.605692794),3,3rd St/Convention,35.22361,-80.84306,0
1766356,110533914,BALDCYPRESS: COMMON,8.0,1,,POINT (514314.41280035296 3898039.690172721),2,CTC/Arena,35.225,-80.84139,0
1766356,110533914,BALDCYPRESS: COMMON,8.0,1,,POINT (514314.41280035296 3898039.690172721),3,3rd St/Convention,35.22361,-80.84306,0
1766357,110533915,BALDCYPRESS: COMMON,8.0,1,201 S COLLEGE ST,POINT (514328.7148988438 3898024.526078661),2,CTC/Arena,35.225,-80.84139,0
1766357,110533915,BALDCYPRESS: COMMON,8.0,1,201 S COLLEGE ST,POINT (514328.7148988438 3898024.526078661),3,3rd St/Convention,35.22361,-80.84306,0
1766358,110533916,BALDCYPRESS: COMMON,9.0,1,,POINT (514342.89626822027 3898009.239759946),2,CTC/Arena,35.225,-80.84139,0
1766358,110533916,BALDCYPRESS: COMMON,9.0,1,,POINT (514342.89626822027 3898009.239759946),3,3rd St/Convention,35.22361,-80.84306,0
1766359,110533917,BALDCYPRESS: COMMON,10.0,1,,POINT (514349.86590693565 3898001.353627739),2,CTC/Arena,35.225,-80.84139,0
1766359,110533917,BALDCYPRESS: COMMON,10.0,1,,POINT (514349.86590693565 3898001.353627739),3,3rd St/Convention,35.22361,-80.84306,0
1766360,110533918,BALDCYPRESS: COMMON,3.0,1,,POINT (514358.0570539276 3897992.132998502),2,CTC/Arena,35.225,-80.84139,0
1766360,110533918,BALDCYPRESS: COMMON,3.0,1,,POINT (514358.0570539276 3897992.132998502),3,3rd St/Convention,35.22361,-80.84306,0
1766361,110533919,BALDCYPRESS: COMMON,3.0,1,,POINT (514366.2478049453 3897983.155344933),1,7th Street,35.22722,-80.83806,0
1766361,110533919,BALDCYPRESS: COMMON,3.0,1,,POINT (514366.2478049453 3897983.155344933),2,CTC/Arena,35.225,-80.84139,0
1766361,110533919,BALDCYPRESS: COMMON,3.0,1,,POINT (514366.2478049453 3897983.155344933),3,3rd St/Convention,35.22361,-80.84306,0
1766362,110533920,BALDCYPRESS: COMMON,3.0,1,,POINT (514376.2719965441 3897972.6013410036),1,7th Street,35.22722,-80.83806,0
1766362,110533920,BALDCYPRESS: COMMON,3.0,1,,POINT (514376.2719965441 3897972.6013410036),2,CTC/Arena,35.225,-80.84139,0
1766362,110533920,BALDCYPRESS: COMMON,3.0,1,,POINT (514376.2719965441 3897972.6013410036),3,3rd St/Convention,35.22361,-80.84306,0
1766363,110533921,BALDCYPRESS: COMMON,15.0,1,,POINT (514424.97187748115 3897893.2195699895),2,CTC/Arena,35.225,-80.84139,0
1766363,110533921,BALDCYPRESS: COMMON,15.0,1,,POINT (514424.97187748115 3897893.2195699895),3,3rd St/Convention,35.22361,-80.84306,0
1766364,110533922,BALDCYPRESS: COMMON,17.0,1,,POINT (514353.08712598385 3897970.498405256),1,7th Street,35.22722,-80.83806,0
1766364,110533922,BALDCYPRESS: COMMON,17.0,1,,POINT (514353.08712598385 3897970.498405256),2,CTC/Arena,35.225,-80.84139,0
1766364,110533922,BALDCYPRESS: COMMON,17.0,1,,POINT (514353.08712598385 3897970.498405256),3,3rd St/Convention,35.22361,-80.84306,0
1766365,110533923,BALDCYPRESS: COMMON,16.0,1,,POINT (514359.1998287531 3897964.190099795),1,7th Street,35.22722,-80.83806,0
1766365,110533923,BALDCYPRESS: COMMON,16.0,1,,POINT (514359.1998287531 3897964.190099795),2,CTC/Arena,35.225,-80.84139,0
1766365,110533923,BALDCYPRESS: COMMON,16.0,1,,POINT (514359.1998287531 3897964.190099795),3,3rd St/Convention,35.22361,-80.84306,0
1766366,110533924,BALDCYPRESS: COMMON,16.0,1,,POINT (514348.1958027762 3897976.8086214536),2,CTC/Arena,35.225,-80.84139,0
1766366,110533924,BALDCYPRESS: COMMON,16.0,1,,POINT (514348.1958027762 3897976.8086214536),3,3rd St/Convention,35.22361,-80.84306,0
1766386,110533944,BALDCYPRESS: COMMON,7.0,1,,POINT (515026.47413188184 3898404.035015007),0,9th Street,35.2297,-80.835,0
1766386,110533944,BALDCYPRESS: COMMON,7.0,1,,POINT (515026.47413188184 3898404.035015007),1,7th Street,35.22722,-80.83806,0
1766387,110533945,BALDCYPRESS: COMMON,7.0,1,,POINT (515019.99118457 3898410.7337349667),0,9th Street,35.2297,-80.835,0
1766387,110533945,BALDCYPRESS: COMMON,7.0,1,,POINT (515019.99118457 3898410.7337349667),1,7th Street,35.22722,-80.83806,0
1766388,110533946,BALDCYPRESS: COMMON,8.0,1,,POINT (515013.8916634455 3898417.8467533174),0,9th Street,35.2297,-80.835,0
1766388,110533946,BALDCYPRESS: COMMON,8.0,1,,POINT (515013.8916634455 3898417.8467533174),1,7th Street,35.22722,-80.83806,0
1766389,110533947,BALDCYPRESS: COMMON,2.0,1,,POINT (514992.7919950833 3898438.7486945926),0,9th Street,35.2297,-80.835,0
1766389,110533947,BALDCYPRESS: COMMON,2.0,1,,POINT (514992.7919950833 3898438.7486945926),1,7th Street,35.22722,-80.83806,0
1766390,110533948,BALDCYPRESS: COMMON,2.0,1,,POINT (514986.1607624804 3898447.1196146784),0,9th Street,35.2297,-80.835,0
1766390,110533948,BALDCYPRESS: COMMON,2.0,1,,POINT (514986.1607624804 3898447.1196146784),1,7th Street,35.22722,-80.83806,0
1766391,110533949,BALDCYPRESS: COMMON,2.0,1,,POINT (514970.20762648305 3898462.7523112767),0,9th Street,35.2297,-80.835,0
1766391,110533949,BALDCYPRESS: COMMON,2.0,1,,POINT (514970.20762648305 3898462.7523112767),1,7th Street,35.22722,-80.83806,0
1766392,110533950,BALDCYPRESS: COMMON,16.0,1,,POINT (515026.64796528453 3898017.5236432804),1,7th Street,35.22722,-80.83806,0
1766393,110533951,BALDCYPRESS: COMMON,17.0,1,,POINT (515017.0180526625 3898008.2907172935),1,7th Street,35.22722,-80.83806,0
1766394,110533952,BALDCYPRESS: COMMON,17.0,1,,POINT (514969.9694340246 3897967.604106149),1,7th Street,35.22722,-80.83806,0
1766395,110533953,BALDCYPRESS: COMMON,5.0,1,,POINT (514963.74503250216 3897961.4709943878),1,7th Street,35.22722,-80.83806,0
1766396,110533954,BALDCYPRESS: COMMON,14.0,1,,POINT (514957.711993221 3897956.8031406314),1,7th Street,35.22722,-80.83806,0
1766397,110533955,BALDCYPRESS: COMMON,12.0,1,S BREVARD ST,POINT (514233.64658870845 3897709.6428808393),2,CTC/Arena,35.225,-80.84139,0
1766397,110533955,BALDCYPRESS: COMMON,12.0,1,S BREVARD ST,POINT (514233.64658870845 3897709.6428808393),3,3rd St/Convention,35.22361,-80.84306,0
1766397,110533955,BALDCYPRESS: COMMON,12.0,1,S BREVARD ST,POINT (514233.64658870845 3897709.6428808393),4,Brooklyn Village,35.22139,-80.84694,0
1766398,110533956,BALDCYPRESS: COMMON,14.0,1,S BREVARD ST,POINT (514227.3716094952 3897716.164002212),2,CTC/Arena,35.225,-80.84139,0
1766398,110533956,BALDCYPRESS: COMMON,14.0,1,S BREVARD ST,POINT (514227.3716094952 3897716.164002212),3,3rd St/Convention,35.22361,-80.84306,0
1766398,110533956,BALDCYPRESS: COMMON,14.0,1,S BREVARD ST,POINT (514227.3716094952 3897716.164002212),4,Brooklyn Village,35.22139,-80.84694,0
1766399,110533957,BALDCYPRESS: COMMON,13.0,1,,POINT (514220.9165179491 3897723.16276222),2,CTC/Arena,35.225,-80.84139,0
1766399,110533957,BALDCYPRESS: COMMON,13.0,1,,POINT (514220.9165179491 3897723.16276222),3,3rd St/Convention,35.22361,-80.84306,0
1766399,110533957,BALDCYPRESS: COMMON,13.0,1,,POINT (514220.9165179491 3897723.16276222),4,Brooklyn Village,35.22139,-80.84694,0
1766400,110533958,BALDCYPRESS: COMMON,14.0,1,,POINT (514215.0348475561 3897729.5779158217),2,CTC/Arena,35.225,-80.84139,0
1766400,110533958,BALDCYPRESS: COMMON,14.0,1,,POINT (514215.0348475561 3897729.5779158217),3,3rd St/Convention,35.22361,-80.84306,0
1766400,110533958,BALDCYPRESS: COMMON,14.0,1,,POINT (514215.0348475561 3897729.5779158217),4,Brooklyn Village,35.22139,-80.84694,0
1766401,110533959,BALDCYPRESS: COMMON,10.0,1,,POINT (514209.0633473607 3897737.0022915537),2,CTC/Arena,35.225,-80.84139,0
1766401,110533959,BALDCYPRESS: COMMON,10.0,1,,POINT (514209.0633473607 3897737.0022915537),3,3rd St/Convention,35.22361,-80.84306,0
1766401,110533959,BALDCYPRESS: COMMON,10.0,1,,POINT (514209.0633473607 3897737.0022915537),4,Brooklyn Village,35.22139,-80.84694,0
1766402,110533960,BALDCYPRESS: COMMON,10.0,1,,POINT (514203.95005373773 3897742.6368803144),2,CTC/Arena,35.225,-80.84139,0
1766402,110533960,BALDCYPRESS: COMMON,10.0,1,,POINT (514203.95005373773 3897742.6368803144),3,3rd St/Convention,35.22361,-80.84306,0
1766402,110533960,BALDCYPRESS: COMMON,10.0,1,,POINT (514203.95005373773 3897742.6368803144),4,Brooklyn Village,35.22139,-80.84694,0
1766403,110533961,BALDCYPRESS: COMMON,13.0,1,,POINT (514197.68422837806 3897749.6813508514),2,CTC/Arena,35.225,-80.84139,0
1766403,110533961,BALDCYPRESS: COMMON,13.0,1,,POINT (514197.68422837806 3897749.6813508514),3,3rd St/Convention,35.22361,-80.84306,0
1766403,110533961,BALDCYPRESS: COMMON,13.0,1,,POINT (514197.68422837806 3897749.6813508514),4,Brooklyn Village,35.22139,-80.84694,0
1766404,110533962,BALDCYPRESS: COMMON,11.0,1,,POINT (514190.68628720165 3897755.9052243275),2,CTC/Arena,35.225,-80.84139,0
1766404,110533962,BALDCYPRESS: COMMON,11.0,1,,POINT (514190.68628720165 3897755.9052243275),3,3rd St/Convention,35.22361,-80.84306,0
1766404,110533962,BALDCYPRESS: COMMON,11.0,1,,POINT (514190.68628720165 3897755.9052243275),4,Brooklyn Village,35.22139,-80.84694,0
1766405,110533963,BALDCYPRESS: COMMON,11.0,1,,POINT (514184.10616066435 3897762.0277235503),2,CTC/Arena,35.225,-80.84139,0
1766405,110533963,BALDCYPRESS: COMMON,11.0,1,,POINT (514184.10616066435 3897762.0277235503),3,3rd St/Convention,35.22361,-80.84306,0
1766405,110533963,BALDCYPRESS: COMMON,11.0,1,,POINT (514184.10616066435 3897762.0277235503),4,Brooklyn Village,35.22139,-80.84694,0
1766406,110533964,BALDCYPRESS: COMMON,14.0,1,,POINT (514163.1730201898 3897787.831487458),2,CTC/Arena,35.225,-80.84139,0
1766406,110533964,BALDCYPRESS: COMMON,14.0,1,,POINT (514163.1730201898 3897787.831487458),3,3rd St/Convention,35.22361,-80.84306,0
1766406,110533964,BALDCYPRESS: COMMON,14.0,1,,POINT (514163.1730201898 3897787.831487458),4,Brooklyn Village,35.22139,-80.84694,0
1766407,110533965,BALDCYPRESS: COMMON,11.0,1,,POINT (514157.9935312421 3897792.7960872026),2,CTC/Arena,35.225,-80.84139,0
1766407,110533965,BALDCYPRESS: COMMON,11.0,1,,POINT (514157.9935312421 3897792.7960872026),3,3rd St/Convention,35.22361,-80.84306,0
1766407,110533965,BALDCYPRESS: COMMON,11.0,1,,POINT (514157.9935312421 3897792.7960872026),4,Brooklyn Village,35.22139,-80.84694,0
1766408,110533966,BALDCYPRESS: COMMON,12.0,1,,POINT (514154.59347018215 3897797.5151589387),2,CTC/Arena,35.225,-80.84139,0
1766408,110533966,BALDCYPRESS: COMMON,12.0,1,,POINT (514154.59347018215 3897797.5151589387),3,3rd St/Convention,35.22361,-80.84306,0
1766408,110533966,BALDCYPRESS: COMMON,12.0,1,,POINT (514154.59347018215 3897797.5151589387),4,Brooklyn Village,35.22139,-80.84694,0
1766409,110533967,BALDCYPRESS: COMMON,9.0,1,,POINT (514148.8272160401 3897802.3658429654),2,CTC/Arena,35.225,-80.84139,0
1766409,110533967,BALDCYPRESS: COMMON,9.0,1,,POINT (514148.8272160401 3897802.3658429654),3,3rd St/Convention,35.22361,-80.84306,0
1766409,110533967,BALDCYPRESS: COMMON,9.0,1,,POINT (514148.8272160401 3897802.3658429654),4,Brooklyn Village,35.22139,-80.84694,0
1766410,110533968,BALDCYPRESS: COMMON,13.0,1,,POINT (514145.14994302567 3897806.3469784083),2,CTC/Arena,35.225,-80.84139,0
1766410,110533968,BALDCYPRESS: COMMON,13.0,1,,POINT (514145.14994302567 3897806.3469784083),3,3rd St/Convention,35.22361,-80.84306,0
1766410,110533968,BALDCYPRESS: COMMON,13.0,1,,POINT (514145.14994302567 3897806.3469784083),4,Brooklyn Village,35.22139,-80.84694,0
1766411,110533969,BALDCYPRESS: COMMON,11.0,1,,POINT (514138.02029944514 3897813.003168787),2,CTC/Arena,35.225,-80.84139,0
1766411,110533969,BALDCYPRESS: COMMON,11.0,1,,POINT (514138.02029944514 3897813.003168787),3,3rd St/Convention,35.22361,-80.84306,0
1766411,110533969,BALDCYPRESS: COMMON,11.0,1,,POINT (514138.02029944514 3897813.003168787),4,Brooklyn Village,35.22139,-80.84694,0
1766412,110533970,BALDCYPRESS: COMMON,13.0,1,,POINT (514133.2980761091 3897818.85132301),2,CTC/Arena,35.225,-80.84139,0
1766412,110533970,BALDCYPRESS: COMMON,13.0,1,,POINT (514133.2980761091 3897818.85132301),3,3rd St/Convention,35.22361,-80.84306,0
1766412,110533970,BALDCYPRESS: COMMON,13.0,1,,POINT (514133.2980761091 3897818.85132301),4,Brooklyn Village,35.22139,-80.84694,0
1766413,110533971,BALDCYPRESS: COMMON,5.0,1,,POINT (514126.41707981995 3897827.147013457),2,CTC/Arena,35.225,-80.84139,0
1766413,110533971,BALDCYPRESS: COMMON,5.0,1,,POINT (514126.41707981995 3897827.147013457),3,3rd St/Convention,35.22361,-80.84306,0
1766413,110533971,BALDCYPRESS: COMMON,5.0,1,,POINT (514126.41707981995 3897827.147013457),4,Brooklyn Village,35.22139,-80.84694,0
1766414,110533972,BALDCYPRESS: COMMON,18.0,1,,POINT (514120.19532342005 3897834.6097435253),2,CTC/Arena,35.225,-80.84139,0
1766414,110533972,BALDCYPRESS: COMMON,18.0,1,,POINT (514120.19532342005 3897834.6097435253),3,3rd St/Convention,35.22361,-80.84306,0
1766414,110533972,BALDCYPRESS: COMMON,18.0,1,,POINT (514120.19532342005 3897834.6097435253),4,Brooklyn Village,35.22139,-80.84694,0
1766415,110533973,BALDCYPRESS: COMMON,17.0,1,,POINT (514113.03764484904 3897842.974954071),2,CTC/Arena,35.225,-80.84139,0
1766415,110533973,BALDCYPRESS: COMMON,17.0,1,,POINT (514113.03764484904 3897842.974954071),3,3rd St/Convention,35.22361,-80.84306,0
1766415,110533973,BALDCYPRESS: COMMON,17.0,1,,POINT (514113.03764484904 3897842.974954071),4,Brooklyn Village,35.22139,-80.84694,0
1766416,110533974,BALDCYPRESS: COMMON,12.0,1,,POINT (514103.03611971444 3897853.6646047714),2,CTC/Arena,35.225,-80.84139,0
1766416,110533974,BALDCYPRESS: COMMON,12.0,1,,POINT (514103.03611971444 3897853.6646047714),3,3rd St/Convention,35.22361,-80.84306,0
1766416,110533974,BALDCYPRESS: COMMON,12.0,1,,POINT (514103.03611971444 3897853.6646047714),4,Brooklyn Village,35.22139,-80.84694,0
1766417,110533975,BALDCYPRESS: COMMON,11.0,1,,POINT (514095.3049465287 3897863.282075149),2,CTC/Arena,35.225,-80.84139,0
1766417,110533975,BALDCYPRESS: COMMON,11.0,1,,POINT (514095.3049465287 3897863.282075149),3,3rd St/Convention,35.22361,-80.84306,0
1766417,110533975,BALDCYPRESS: COMMON,11.0,1,,POINT (514095.3049465287 3897863.282075149),4,Brooklyn Village,35.22139,-80.84694,0
1766418,110533976,BALDCYPRESS: COMMON,19.0,1,,POINT (514088.79953876033 3897870.063435252),2,CTC/Arena,35.225,-80.84139,0
1766418,110533976,BALDCYPRESS: COMMON,19.0,1,,POINT (514088.79953876033 3897870.063435252),3,3rd St/Convention,35.22361,-80.84306,0
1766418,110533976,BALDCYPRESS: COMMON,19.0,1,,POINT (514088.79953876033 3897870.063435252),4,Brooklyn Village,35.22139,-80.84694,0
1766419,110533977,BALDCYPRESS: COMMON,14.0,1,,POINT (514100.74399553967 3897886.7204978243),2,CTC/Arena,35.225,-80.84139,0
1766419,110533977,BALDCYPRESS: COMMON,14.0,1,,POINT (514100.74399553967 3897886.7204978243),3,3rd St/Convention,35.22361,-80.84306,0
1766419,110533977,BALDCYPRESS: COMMON,14.0,1,,POINT (514100.74399553967 3897886.7204978243),4,Brooklyn Village,35.22139,-80.84694,0
1766420,110533978,BALDCYPRESS: COMMON,10.0,1,,POINT (514104.826389737 3897882.096768913),2,CTC/Arena,35.225,-80.84139,0
1766420,110533978,BALDCYPRESS: COMMON,10.0,1,,POINT (514104.826389737 3897882.096768913),3,3rd St/Convention,35.22361,-80.84306,0
1766420,110533978,BALDCYPRESS: COMMON,10.0,1,,POINT (514104.826389737 3897882.096768913),4,Brooklyn Village,35.22139,-80.84694,0
1766421,110533979,BALDCYPRESS: COMMON,8.0,1,,POINT (514108.7893586643 3897877.5094311195),2,CTC/Arena,35.225,-80.84139,0
1766421,110533979,BALDCYPRESS: COMMON,8.0,1,,POINT (514108.7893586643 3897877.5094311195),3,3rd St/Convention,35.22361,-80.84306,0
1766421,110533979,BALDCYPRESS: COMMON,8.0,1,,POINT (514108.7893586643 3897877.5094311195),4,Brooklyn Village,35.22139,-80.84694,0
1766422,110533980,BALDCYPRESS: COMMON,11.0,1,,POINT (514113.3709575956 3897873.6828076425),2,CTC/Arena,35.225,-80.84139,0
1766422,110533980,BALDCYPRESS: COMMON,11.0,1,,POINT (514113.3709575956 3897873.6828076425),3,3rd St/Convention,35.22361,-80.84306,0
1766422,110533980,BALDCYPRESS: COMMON,11.0,1,,POINT (514113.3709575956 3897873.6828076425),4,Brooklyn Village,35.22139,-80.84694,0
1766423,110533981,BALDCYPRESS: COMMON,6.0,1,,POINT (514123.4195146023 3897863.760653086),2,CTC/Arena,35.225,-80.84139,0
1766423,110533981,BALDCYPRESS: COMMON,6.0,1,,POINT (514123.4195146023 3897863.760653086),3,3rd St/Convention,35.22361,-80.84306,0
1766423,110533981,BALDCYPRESS: COMMON,6.0,1,,POINT (514123.4195146023 3897863.760653086),4,Brooklyn Village,35.22139,-80.84694,0
1766424,110533982,BALDCYPRESS: COMMON,16.0,1,,POINT (514149.70498996315 3897833.446042712),2,CTC/Arena,35.225,-80.84139,0
1766424,110533982,BALDCYPRESS: COMMON,16.0,1,,POINT (514149.70498996315 3897833.446042712),3,3rd St/Convention,35.22361,-80.84306,0
1766424,110533982,BALDCYPRESS: COMMON,16.0,1,,POINT (514149.70498996315 3897833.446042712),4,Brooklyn Village,35.22139,-80.84694,0
1766425,110533983,BALDCYPRESS: COMMON,13.0,1,,POINT (514153.0601409235 3897828.8566573663),2,CTC/Arena,35.225,-80.84139,0
1766425,110533983,BALDCYPRESS: COMMON,13.0,1,,POINT (514153.0601409235 3897828.8566573663),3,3rd St/Convention,35.22361,-80.84306,0
1766425,110533983,BALDCYPRESS: COMMON,13.0,1,,POINT (514153.0601409235 3897828.8566573663),4,Brooklyn Village,35.22139,-80.84694,0
1766426,110533984,BALDCYPRESS: COMMON,12.0,1,,POINT (514157.7274616622 3897824.3835044727),2,CTC/Arena,35.225,-80.84139,0
1766426,110533984,BALDCYPRESS: COMMON,12.0,1,,POINT (514157.7274616622 3897824.3835044727),3,3rd St/Convention,35.22361,-80.84306,0
1766426,110533984,BALDCYPRESS: COMMON,12.0,1,,POINT (514157.7274616622 3897824.3835044727),4,Brooklyn Village,35.22139,-80.84694,0
1766427,110533985,BALDCYPRESS: COMMON,11.0,1,,POINT (514162.168769302 3897818.924163617),2,CTC/Arena,35.225,-80.84139,0
1766427,110533985,BALDCYPRESS: COMMON,11.0,1,,POINT (514162.168769302 3897818.924163617),3,3rd St/Convention,35.22361,-80.84306,0
1766427,110533985,BALDCYPRESS: COMMON,11.0,1,,POINT (514162.168769302 3897818.924163617),4,Brooklyn Village,35.22139,-80.84694,0
1766428,110533986,BALDCYPRESS: COMMON,17.0,1,,POINT (514195.56624979456 3897781.7816180084),2,CTC/Arena,35.225,-80.84139,0
1766428,110533986,BALDCYPRESS: COMMON,17.0,1,,POINT (514195.56624979456 3897781.7816180084),3,3rd St/Convention,35.22361,-80.84306,0
1766428,110533986,BALDCYPRESS: COMMON,17.0,1,,POINT (514195.56624979456 3897781.7816180084),4,Brooklyn Village,35.22139,-80.84694,0
1766429,110533987,BALDCYPRESS: COMMON,14.0,1,,POINT (514201.45492246485 3897776.0561593217),2,CTC/Arena,35.225,-80.84139,0
1766429,110533987,BALDCYPRESS: COMMON,14.0,1,,POINT (514201.45492246485 3897776.0561593217),3,3rd St/Convention,35.22361,-80.84306,0
1766429,110533987,BALDCYPRESS: COMMON,14.0,1,,POINT (514201.45492246485 3897776.0561593217),4,Brooklyn Village,35.22139,-80.84694,0
1766430,110533988,BALDCYPRESS: COMMON,16.0,1,,POINT (514212.7411531767 3897765.1535090995),2,CTC/Arena,35.225,-80.84139,0
1766430,110533988,BALDCYPRESS: COMMON,16.0,1,,POINT (514212.7411531767 3897765.1535090995),3,3rd St/Convention,35.22361,-80.84306,0
1766430,110533988,BALDCYPRESS: COMMON,16.0,1,,POINT (514212.7411531767 3897765.1535090995),4,Brooklyn Village,35.22139,-80.84694,0
1766431,110533989,BALDCYPRESS: COMMON,16.0,1,,POINT (514222.2529276061 3897752.9493908756),2,CTC/Arena,35.225,-80.84139,0
1766431,110533989,BALDCYPRESS: COMMON,16.0,1,,POINT (514222.2529276061 3897752.9493908756),3,3rd St/Convention,35.22361,-80.84306,0
1766431,110533989,BALDCYPRESS: COMMON,16.0,1,,POINT (514222.2529276061 3897752.9493908756),4,Brooklyn Village,35.22139,-80.84694,0
1766432,110533990,BALDCYPRESS: COMMON,16.0,1,S BREVARD ST,POINT (514239.1557977944 3897735.1575783077),2,CTC/Arena,35.225,-80.84139,0
1766432,110533990,BALDCYPRESS: COMMON,16.0,1,S BREVARD ST,POINT (514239.1557977944 3897735.1575783077),3,3rd St/Convention,35.22361,-80.84306,0
1766432,110533990,BALDCYPRESS: COMMON,16.0,1,S BREVARD ST,POINT (514239.1557977944 3897735.1575783077),4,Brooklyn Village,35.22139,-80.84694,0
1766433,110533991,BALDCYPRESS: COMMON,11.0,1,S BREVARD ST,POINT (514242.8430124011 3897731.874096122),2,CTC/Arena,35.225,-80.84139,0
1766433,110533991,BALDCYPRESS: COMMON,11.0,1,S BREVARD ST,POINT (514242.8430124011 3897731.874096122),3,3rd St/Convention,35.22361,-80.84306,0
1766433,110533991,BALDCYPRESS: COMMON,11.0,1,S BREVARD ST,POINT (514242.8430124011 3897731.874096122),4,Brooklyn Village,35.22139,-80.84694,0
1766434,110533992,BALDCYPRESS: COMMON,14.0,1,S BREVARD ST,POINT (514247.8619085273 3897726.69627448),2,CTC/Arena,35.225,-80.84139,0
1766434,110533992,BALDCYPRESS: COMMON,14.0,1,S BREVARD ST,POINT (514247.8619085273 3897726.69627448),3,3rd St/Convention,35.22361,-80.84306,0
1766434,110533992,BALDCYPRESS: COMMON,14.0,1,S BREVARD ST,POINT (514247.8619085273 3897726.69627448),4,Brooklyn Village,35.22139,-80.84694,0
1766435,110533993,BALDCYPRESS: COMMON,18.0,1,S BREVARD ST,POINT (514251.167484256 3897723.589690377),2,CTC/Arena,35.225,-80.84139,0
1766435,110533993,BALDCYPRESS: COMMON,18.0,1,S BREVARD ST,POINT (514251.167484256 3897723.589690377),3,3rd St/Convention,35.22361,-80.84306,0
1766435,110533993,BALDCYPRESS: COMMON,18.0,1,S BREVARD ST,POINT (514251.167484256 3897723.589690377),4,Brooklyn Village,35.22139,-80.84694,0
1766436,110533994,BALDCYPRESS: COMMON,16.0,1,,POINT (514445.8383330071 3897895.196997268),2,CTC/Arena,35.225,-80.84139,0
1766436,110533994,BALDCYPRESS: COMMON,16.0,1,,POINT (514445.8383330071 3897895.196997268),3,3rd St/Convention,35.22361,-80.84306,0
1766437,110533995,BALDCYPRESS: COMMON,16.0,1,,POINT (514450.85038066737 3897890.3442156),2,CTC/Arena,35.225,-80.84139,0
1766437,110533995,BALDCYPRESS: COMMON,16.0,1,,POINT (514450.85038066737 3897890.3442156),3,3rd St/Convention,35.22361,-80.84306,0
1766438,110533996,BALDCYPRESS: COMMON,18.0,1,,POINT (514418.37024239654 3897900.2556749354),2,CTC/Arena,35.225,-80.84139,0
1766438,110533996,BALDCYPRESS: COMMON,18.0,1,,POINT (514418.37024239654 3897900.2556749354),3,3rd St/Convention,35.22361,-80.84306,0
1766439,110533997,BALDCYPRESS: COMMON,19.0,1,,POINT (514410.3020661524 3897908.747831331),2,CTC/Arena,35.225,-80.84139,0
1766439,110533997,BALDCYPRESS: COMMON,19.0,1,,POINT (514410.3020661524 3897908.747831331),3,3rd St/Convention,35.22361,-80.84306,0
1766572,110534130,BALDCYPRESS: COMMON,20.0,1,,POINT (514293.98864714865 3897835.299938997),2,CTC/Arena,35.225,-80.84139,0
1766572,110534130,BALDCYPRESS: COMMON,20.0,1,,POINT (514293.98864714865 3897835.299938997),3,3rd St/Convention,35.22361,-80.84306,0
1766572,110534130,BALDCYPRESS: COMMON,20.0,1,,POINT (514293.98864714865 3897835.299938997),4,Brooklyn Village,35.22139,-80.84694,0
1766573,110534131,BALDCYPRESS: COMMON,3.0,1,,POINT (514329.5593195275 3897800.120849536),2,CTC/Arena,35.225,-80.84139,0
1766573,110534131,BALDCYPRESS: COMMON,3.0,1,,POINT (514329.5593195275 3897800.120849536),3,3rd St/Convention,35.22361,-80.84306,0
1766573,110534131,BALDCYPRESS: COMMON,3.0,1,,POINT (514329.5593195275 3897800.120849536),4,Brooklyn Village,35.22139,-80.84694,0
1766574,110534132,BALDCYPRESS: COMMON,3.0,1,,POINT (514314.64510409406 3897815.4070020868),2,CTC/Arena,35.225,-80.84139,0
1766574,110534132,BALDCYPRESS: COMMON,3.0,1,,POINT (514314.64510409406 3897815.4070020868),3,3rd St/Convention,35.22361,-80.84306,0
1766574,110534132,BALDCYPRESS: COMMON,3.0,1,,POINT (514314.64510409406 3897815.4070020868),4,Brooklyn Village,35.22139,-80.84694,0
1766575,110534133,BALDCYPRESS: COMMON,15.0,1,,POINT (514285.79862908367 3897843.184180754),2,CTC/Arena,35.225,-80.84139,0
1766575,110534133,BALDCYPRESS: COMMON,15.0,1,,POINT (514285.79862908367 3897843.184180754),3,3rd St/Convention,35.22361,-80.84306,0
1766575,110534133,BALDCYPRESS: COMMON,15.0,1,,POINT (514285.79862908367 3897843.184180754),4,Brooklyn Village,35.22139,-80.84694,0
1766576,110534134,BALDCYPRESS: COMMON,6.0,1,201 S COLLEGE ST,POINT (514321.3802597731 3898032.5325478874),2,CTC/Arena,35.225,-80.84139,0
1766576,110534134,BALDCYPRESS: COMMON,6.0,1,201 S COLLEGE ST,POINT (514321.3802597731 3898032.5325478874),3,3rd St/Convention,35.22361,-80.84306,0
1766577,110534135,BALDCYPRESS: COMMON,13.0,1,,POINT (514399.8694558094 3897945.9095214815),2,CTC/Arena,35.225,-80.84139,0
1766577,110534135,BALDCYPRESS: COMMON,13.0,1,,POINT (514399.8694558094 3897945.9095214815),3,3rd St/Convention,35.22361,-80.84306,0
1766578,110534136,BALDCYPRESS: COMMON,12.0,1,,POINT (514403.17142738274 3897941.6617412725),2,CTC/Arena,35.225,-80.84139,0
1766578,110534136,BALDCYPRESS: COMMON,12.0,1,,POINT (514403.17142738274 3897941.6617412725),3,3rd St/Convention,35.22361,-80.84306,0
1766579,110534137,BALDCYPRESS: COMMON,12.0,1,,POINT (514422.8543442603 3897920.5532686417),2,CTC/Arena,35.225,-80.84139,0
1766579,110534137,BALDCYPRESS: COMMON,12.0,1,,POINT (514422.8543442603 3897920.5532686417),3,3rd St/Convention,35.22361,-80.84306,0
1766580,110534138,BALDCYPRESS: COMMON,14.0,1,,POINT (514431.5739286364 3897885.9394897586),2,CTC/Arena,35.225,-80.84139,0
1766580,110534138,BALDCYPRESS: COMMON,14.0,1,,POINT (514431.5739286364 3897885.9394897586),3,3rd St/Convention,35.22361,-80.84306,0
1766581,110534139,BALDCYPRESS: COMMON,13.0,1,,POINT (514340.1279843874 3897985.1787928143),2,CTC/Arena,35.225,-80.84139,0
1766581,110534139,BALDCYPRESS: COMMON,13.0,1,,POINT (514340.1279843874 3897985.1787928143),3,3rd St/Convention,35.22361,-80.84306,0
1766749,110534307,ELM: AMERICAN,15.0,1,401 W WORTHINGTON AV,POINT (512355.0680888251 3896749.11341243),7,East/West,35.21194,-80.85917,1
1766750,110534308,ELM: AMERICAN,2.0,1,KEE CT,POINT (512888.5959613492 3897097.362545769),6,Bland,35.21583,-80.85528,1
1766751,110534309,ELM: AMERICAN,2.0,1,,POINT (512894.0726178346 3897108.428251386),6,Bland,35.21583,-80.85528,1
1766752,110534310,ELM: AMERICAN,2.0,1,,POINT (512900.52590261766 3897119.4942360087),6,Bland,35.21583,-80.85528,1
1766753,110534311,ELM: AMERICAN,2.0,1,,POINT (512906.61562544765 3897128.2518510693),6,Bland,35.21583,-80.85528,1
1766875,110534433,ELM: CHINESE,17.0,1,,POINT (512459.39063995396 3896859.7876919406),7,East/West,35.21194,-80.85917,1
1766906,110534464,ELM: CHINESE,15.0,1,,POINT (515322.6267928987 3898097.4742891598),0,9th Street,35.2297,-80.835,1
1766907,110534465,ELM: CHINESE,10.0,1,703 E 9TH ST,POINT (515333.23194470326 3898105.0246797027),0,9th Street,35.2297,-80.835,1
1766909,110534467,ELM: CHINESE,13.0,1,,POINT (515177.12714240485 3898228.3602258973),0,9th Street,35.2297,-80.835,1
1766913,110534471,ELM: CHINESE,99.0,1,,POINT (513652.5248827814 3897913.159865935),4,Brooklyn Village,35.22139,-80.84694,1
1766914,110534472,ELM: CHINESE,99.0,1,,POINT (513666.0536371834 3897925.5734361415),4,Brooklyn Village,35.22139,-80.84694,1
1766929,110534487,ELM: CHINESE,11.0,1,,POINT (512486.2131924301 3896845.17365407),7,East/West,35.21194,-80.85917,1
1766987,110534545,ELM: CHINESE,15.0,1,,POINT (512515.9786450265 3896829.041017912),7,East/West,35.21194,-80.85917,1
1767022,110534580,ELM: CHINESE,5.0,1,,POINT (513859.20209414925 3897332.741882831),4,Brooklyn Village,35.22139,-80.84694,1
1767023,110534581,ELM: CHINESE,12.0,1,,POINT (513780.8195498719 3897335.616388945),4,Brooklyn Village,35.22139,-80.84694,1
1767024,110534582,ELM: CHINESE,7.0,1,,POINT (513846.95895787433 3897329.593496833),4,Brooklyn Village,35.22139,-80.84694,1
1767025,110534583,ELM: CHINESE,6.0,1,,POINT (513810.58016455924 3897348.6626841202),4,Brooklyn Village,35.22139,-80.84694,1
1767026,110534584,ELM: CHINESE,5.0,1,,POINT (513835.01468205126 3897324.4460674203),4,Brooklyn Village,35.22139,-80.84694,1
1767027,110534585,ELM: CHINESE,6.0,1,,POINT (513821.8026581165 3897352.6900451854),4,Brooklyn Village,35.22139,-80.84694,1
1767028,110534586,ELM: CHINESE,6.0,1,,POINT (513833.26892902114 3897356.717718339),4,Brooklyn Village,35.22139,-80.84694,1
1767029,110534587,ELM: CHINESE,5.0,1,,POINT (513844.247311582 3897360.865552523),4,Brooklyn Village,35.22139,-80.84694,1
1767030,110534588,ELM: CHINESE,6.0,1,,POINT (513856.3227456129 3897365.8657348445),4,Brooklyn Village,35.22139,-80.84694,1
1767031,110534589,ELM: CHINESE,4.0,1,,POINT (515093.8398197084 3898352.1502102357),0,9th Street,35.2297,-80.835,1
1767031,110534589,ELM: CHINESE,4.0,1,,POINT (515093.8398197084 3898352.1502102357),1,7th Street,35.22722,-80.83806,1
1767032,110534590,ELM: CHINESE,11.0,1,,POINT (515127.41632299835 3898304.2971770605),0,9th Street,35.2297,-80.835,1
1767032,110534590,ELM: CHINESE,11.0,1,,POINT (515127.41632299835 3898304.2971770605),1,7th Street,35.22722,-80.83806,1
1767033,110534591,ELM: CHINESE,12.0,1,,POINT (515123.35955614294 3898300.497586383),0,9th Street,35.2297,-80.835,1
1767033,110534591,ELM: CHINESE,12.0,1,,POINT (515123.35955614294 3898300.497586383),1,7th Street,35.22722,-80.83806,1
1767034,110534592,ELM: CHINESE,12.0,1,,POINT (515119.7783977685 3898309.9514942816),0,9th Street,35.2297,-80.835,1
1767034,110534592,ELM: CHINESE,12.0,1,,POINT (515119.7783977685 3898309.9514942816),1,7th Street,35.22722,-80.83806,1
1767035,110534593,ELM: CHINESE,14.0,1,,POINT (515115.16697409475 3898317.3574789213),0,9th Street,35.2297,-80.835,1
1767035,110534593,ELM: CHINESE,14.0,1,,POINT (515115.16697409475 3898317.3574789213),1,7th Street,35.22722,-80.83806,1
1767036,110534594,ELM: CHINESE,13.0,1,,POINT (515108.6333700516 3898302.0444484907),0,9th Street,35.2297,-80.835,1
1767036,110534594,ELM: CHINESE,13.0,1,,POINT (515108.6333700516 3898302.0444484907),1,7th Street,35.22722,-80.83806,1
1767037,110534595,ELM: CHINESE,12.0,1,,POINT (515105.33113412163 3898310.171265276),0,9th Street,35.2297,-80.835,1
1767037,110534595,ELM: CHINESE,12.0,1,,POINT (515105.33113412163 3898310.171265276),1,7th Street,35.22722,-80.83806,1
1767038,110534596,ELM: CHINESE,4.0,1,,POINT (515101.29426355957 3898318.470967518),0,9th Street,35.2297,-80.835,1
1767038,110534596,ELM: CHINESE,4.0,1,,POINT (515101.29426355957 3898318.470967518),1,7th Street,35.22722,-80.83806,1
1767039,110534597,ELM: CHINESE,7.0,1,,POINT (515090.63045156054 3898335.7127387254),0,9th Street,35.2297,-80.835,1
1767039,110534597,ELM: CHINESE,7.0,1,,POINT (515090.63045156054 3898335.7127387254),1,7th Street,35.22722,-80.83806,1
1767040,110534598,ELM: CHINESE,5.0,1,,POINT (515086.5814452259 3898341.468366261),0,9th Street,35.2297,-80.835,1
1767040,110534598,ELM: CHINESE,5.0,1,,POINT (515086.5814452259 3898341.468366261),1,7th Street,35.22722,-80.83806,1
1767041,110534599,ELM: CHINESE,10.0,1,,POINT (515083.0274762453 3898345.557980124),0,9th Street,35.2297,-80.835,1
1767041,110534599,ELM: CHINESE,10.0,1,,POINT (515083.0274762453 3898345.557980124),1,7th Street,35.22722,-80.83806,1
1767042,110534600,ELM: CHINESE,14.0,1,,POINT (515314.2189706916 3898089.5627990444),0,9th Street,35.2297,-80.835,1
1767050,110534608,ELM: CHINESE,5.0,1,,POINT (515303.4148536011 3898137.6687859716),0,9th Street,35.2297,-80.835,1
1767051,110534609,ELM: CHINESE,7.0,1,,POINT (515308.63488319464 3898131.6202734103),0,9th Street,35.2297,-80.835,1
1767052,110534610,ELM: CHINESE,9.0,1,,POINT (515314.28627750516 3898125.011290235),0,9th Street,35.2297,-80.835,1
1767053,110534611,ELM: CHINESE,12.0,1,,POINT (515297.27415273327 3898112.9596991497),0,9th Street,35.2297,-80.835,1
1767054,110534612,ELM: CHINESE,11.0,1,,POINT (515305.6918108366 3898119.3606882934),0,9th Street,35.2297,-80.835,1
1767055,110534613,ELM: CHINESE,11.0,1,,POINT (515296.81459351466 3898128.567097641),0,9th Street,35.2297,-80.835,1
1767056,110534614,ELM: CHINESE,12.0,1,,POINT (515290.40435935033 3898120.049099433),0,9th Street,35.2297,-80.835,1
1767057,110534615,ELM: CHINESE,12.0,1,,POINT (515281.7570916163 3898127.8329371326),0,9th Street,35.2297,-80.835,1
1767058,110534616,ELM: CHINESE,10.0,1,,POINT (515288.4356004273 3898137.5026642377),0,9th Street,35.2297,-80.835,1
1767059,110534617,ELM: CHINESE,10.0,1,,POINT (515281.3376021289 3898145.049635569),0,9th Street,35.2297,-80.835,1
1767060,110534618,ELM: CHINESE,12.0,1,,POINT (515273.4922990664 3898138.152712458),0,9th Street,35.2297,-80.835,1
1767061,110534619,ELM: CHINESE,11.0,1,,POINT (515264.66848555155 3898146.9766232297),0,9th Street,35.2297,-80.835,1
1767062,110534620,ELM: CHINESE,11.0,1,,POINT (515273.1253384974 3898153.8789687655),0,9th Street,35.2297,-80.835,1
1767063,110534621,ELM: CHINESE,11.0,1,,POINT (515263.883519079 3898162.9328413038),0,9th Street,35.2297,-80.835,1
1767064,110534622,ELM: CHINESE,10.0,1,,POINT (515256.70240711095 3898155.6123299324),0,9th Street,35.2297,-80.835,1
1767065,110534623,ELM: CHINESE,11.0,1,,POINT (515248.7437715329 3898164.057299281),0,9th Street,35.2297,-80.835,1
1767067,110534625,ELM: CHINESE,9.0,1,,POINT (515256.42038143537 3898170.646743775),0,9th Street,35.2297,-80.835,1
1767068,110534626,ELM: CHINESE,9.0,1,,POINT (515247.440912513 3898180.119074656),0,9th Street,35.2297,-80.835,1
1767069,110534627,ELM: CHINESE,9.0,1,,POINT (515240.7674303769 3898172.2594280234),0,9th Street,35.2297,-80.835,1
1767070,110534628,ELM: CHINESE,9.0,1,,POINT (515236.1690135282 3898177.818898531),0,9th Street,35.2297,-80.835,1
1767071,110534629,ELM: CHINESE,8.0,1,,POINT (515242.58897604427 3898184.8763902592),0,9th Street,35.2297,-80.835,1
1767078,110534636,ELM: CHINESE,10.0,1,567 E 9TH ST,POINT (515206.8224724104 3898217.257930822),0,9th Street,35.2297,-80.835,1
1767079,110534637,ELM: CHINESE,11.0,1,,POINT (515199.0846716308 3898209.2290493557),0,9th Street,35.2297,-80.835,1
1767080,110534638,ELM: CHINESE,10.0,1,,POINT (515194.80002074887 3898212.1440186547),0,9th Street,35.2297,-80.835,1
1767081,110534639,ELM: CHINESE,10.0,1,563 E 9TH ST,POINT (515203.86879863817 3898220.9636666602),0,9th Street,35.2297,-80.835,1
1767083,110534641,ELM: CHINESE,12.0,1,551 E 9TH ST,POINT (515196.3275383475 3898230.23229083),0,9th Street,35.2297,-80.835,1
1767084,110534642,ELM: CHINESE,12.0,1,,POINT (515186.43684208207 3898219.937379558),0,9th Street,35.2297,-80.835,1
1767085,110534643,ELM: CHINESE,12.0,1,541 E 9TH ST,POINT (515189.63147142483 3898237.508378699),0,9th Street,35.2297,-80.835,1
1767087,110534645,ELM: CHINESE,12.0,1,533 E 9TH ST,POINT (515180.8987959776 3898247.48144861),0,9th Street,35.2297,-80.835,1
1767089,110534647,ELM: CHINESE,15.0,1,,POINT (515169.0784263918 3898236.9037730643),0,9th Street,35.2297,-80.835,1
1767091,110534649,ELM: CHINESE,13.0,1,,POINT (515159.7572767115 3898246.1827314077),0,9th Street,35.2297,-80.835,1
1767094,110534652,ELM: CHINESE,13.0,1,,POINT (515151.21390930546 3898256.7006793646),0,9th Street,35.2297,-80.835,1
1767096,110534654,ELM: CHINESE,12.0,1,515 E 9TH ST,POINT (515164.45251502877 3898266.979052567),0,9th Street,35.2297,-80.835,1
1767097,110534655,ELM: CHINESE,14.0,1,,POINT (515143.5963458099 3898267.051593468),0,9th Street,35.2297,-80.835,1
1767097,110534655,ELM: CHINESE,14.0,1,,POINT (515143.5963458099 3898267.051593468),1,7th Street,35.22722,-80.83806,1
1767098,110534656,ELM: CHINESE,10.0,1,507 E 9TH ST,POINT (515154.4889402299 3898275.1745382003),0,9th Street,35.2297,-80.835,1
1767098,110534656,ELM: CHINESE,10.0,1,507 E 9TH ST,POINT (515154.4889402299 3898275.1745382003),1,7th Street,35.22722,-80.83806,1
1767100,110534658,ELM: CHINESE,12.0,1,526 N DAVIDSON ST,POINT (515257.56558397884 3898139.675186582),0,9th Street,35.2297,-80.835,1
1767102,110534660,ELM: CHINESE,12.0,1,526 N DAVIDSON ST,POINT (515251.3700730361 3898146.232209044),0,9th Street,35.2297,-80.835,1
1767103,110534661,ELM: CHINESE,10.0,1,,POINT (515245.33827512705 3898152.8972231047),0,9th Street,35.2297,-80.835,1
1767104,110534662,ELM: CHINESE,12.0,1,,POINT (515238.61145086837 3898159.4467400066),0,9th Street,35.2297,-80.835,1
1767105,110534663,ELM: CHINESE,10.0,1,,POINT (515232.7282855169 3898165.4098958047),0,9th Street,35.2297,-80.835,1
1767107,110534665,ELM: CHINESE,13.0,1,562 E 9TH ST,POINT (515185.1816143581 3898207.1340413224),0,9th Street,35.2297,-80.835,1
1767109,110534667,ELM: CHINESE,11.0,1,554 E 9TH ST,POINT (515178.57712395873 3898212.961871156),0,9th Street,35.2297,-80.835,1
1767110,110534668,ELM: CHINESE,13.0,1,550 E 9TH ST,POINT (515172.2903912125 3898219.7783378116),0,9th Street,35.2297,-80.835,1
1767112,110534670,ELM: CHINESE,11.0,1,538 E 9TH ST,POINT (515165.3819906854 3898226.069212856),0,9th Street,35.2297,-80.835,1
1767113,110534671,ELM: CHINESE,12.0,1,534 E 9TH ST,POINT (515158.37851602107 3898232.7015493163),0,9th Street,35.2297,-80.835,1
1767114,110534672,ELM: CHINESE,12.0,1,526 E 9TH ST,POINT (515153.4261077989 3898238.782851737),0,9th Street,35.2297,-80.835,1
1767115,110534673,ELM: CHINESE,11.0,1,518 E 9TH ST,POINT (515145.9402497595 3898246.0065285703),0,9th Street,35.2297,-80.835,1
1767116,110534674,ELM: CHINESE,12.0,1,702 E 9TH ST,POINT (515305.5708164457 3898080.070571743),0,9th Street,35.2297,-80.835,1
1767117,110534675,ELM: CHINESE,11.0,1,510 E 9TH ST,POINT (515141.33812153037 3898252.742745391),0,9th Street,35.2297,-80.835,1
1767117,110534675,ELM: CHINESE,11.0,1,510 E 9TH ST,POINT (515141.33812153037 3898252.742745391),1,7th Street,35.22722,-80.83806,1
1767118,110534676,ELM: CHINESE,11.0,1,506 E 9TH ST,POINT (515136.1022983357 3898260.7066111933),0,9th Street,35.2297,-80.835,1
1767118,110534676,ELM: CHINESE,11.0,1,506 E 9TH ST,POINT (515136.1022983357 3898260.7066111933),1,7th Street,35.22722,-80.83806,1
1767119,110534677,ELM: CHINESE,11.0,1,502 E 9TH ST,POINT (515129.8838906821 3898268.6034822464),0,9th Street,35.2297,-80.835,1
1767119,110534677,ELM: CHINESE,11.0,1,502 E 9TH ST,POINT (515129.8838906821 3898268.6034822464),1,7th Street,35.22722,-80.83806,1
1767120,110534678,ELM: CHINESE,13.0,1,503 E 9TH ST,POINT (515156.746095716 3898288.012863021),0,9th Street,35.2297,-80.835,1
1767120,110534678,ELM: CHINESE,13.0,1,503 E 9TH ST,POINT (515156.746095716 3898288.012863021),1,7th Street,35.22722,-80.83806,1
1767121,110534679,ELM: CHINESE,10.0,1,507 E 9TH ST,POINT (515163.31013185496 3898281.3342750324),0,9th Street,35.2297,-80.835,1
1767121,110534679,ELM: CHINESE,10.0,1,507 E 9TH ST,POINT (515163.31013185496 3898281.3342750324),1,7th Street,35.22722,-80.83806,1
1767122,110534680,ELM: CHINESE,10.0,1,511 E 9TH ST,POINT (515169.86509228096 3898275.1259727376),0,9th Street,35.2297,-80.835,1
1767123,110534681,ELM: CHINESE,11.0,1,519 E 9TH ST,POINT (515173.4866702937 3898270.385564425),0,9th Street,35.2297,-80.835,1
1767124,110534682,ELM: CHINESE,10.0,1,525 E 9TH ST,POINT (515181.2285344465 3898261.910129675),0,9th Street,35.2297,-80.835,1
1767125,110534683,ELM: CHINESE,10.0,1,533 E 9TH ST,POINT (515187.55842967425 3898254.2963860203),0,9th Street,35.2297,-80.835,1
1767126,110534684,ELM: CHINESE,12.0,1,541 E 9TH ST,POINT (515193.6592997289 3898247.131297501),0,9th Street,35.2297,-80.835,1
1767127,110534685,ELM: CHINESE,10.0,1,551 E 9TH ST,POINT (515199.7317142148 3898241.6663220823),0,9th Street,35.2297,-80.835,1
1767128,110534686,ELM: CHINESE,11.0,1,559 E 9TH ST,POINT (515209.1149766448 3898231.2053940347),0,9th Street,35.2297,-80.835,1
1767129,110534687,ELM: CHINESE,10.0,1,563 E 9TH ST,POINT (515211.89455702895 3898227.117775693),0,9th Street,35.2297,-80.835,1
1767130,110534688,ELM: CHINESE,16.0,1,,POINT (515286.61443843954 3898103.73022125),0,9th Street,35.2297,-80.835,1
1767131,110534689,ELM: CHINESE,11.0,1,,POINT (515253.4127808511 3898186.334093507),0,9th Street,35.2297,-80.835,1
1767132,110534690,ELM: CHINESE,10.0,1,,POINT (515260.9407113719 3898180.104197636),0,9th Street,35.2297,-80.835,1
1767133,110534691,ELM: CHINESE,10.0,1,,POINT (515267.954515309 3898172.8798084008),0,9th Street,35.2297,-80.835,1
1767134,110534692,ELM: CHINESE,10.0,1,,POINT (515273.8457209657 3898166.4729441386),0,9th Street,35.2297,-80.835,1
1767135,110534693,ELM: CHINESE,15.0,1,,POINT (515281.1104451488 3898110.889537793),0,9th Street,35.2297,-80.835,1
1767136,110534694,ELM: CHINESE,7.0,1,,POINT (515280.10778286855 3898159.7940707854),0,9th Street,35.2297,-80.835,1
1767137,110534695,ELM: CHINESE,14.0,1,,POINT (515275.72869653057 3898117.927125661),0,9th Street,35.2297,-80.835,1
1767138,110534696,ELM: CHINESE,12.0,1,,POINT (515269.36995295546 3898125.2059109095),0,9th Street,35.2297,-80.835,1
1767139,110534697,ELM: CHINESE,9.0,1,,POINT (515287.9751007266 3898152.0798124904),0,9th Street,35.2297,-80.835,1
1767140,110534698,ELM: CHINESE,12.0,1,526 N DAVIDSON ST,POINT (515263.62234227225 3898132.2428266243),0,9th Street,35.2297,-80.835,1
1767148,110534706,ELM: CHINESE,4.0,1,,POINT (514878.20385529805 3897620.9442207804),2,CTC/Arena,35.225,-80.84139,1
1767149,110534707,ELM: CHINESE,4.0,1,,POINT (514868.3004030875 3897631.6199527327),2,CTC/Arena,35.225,-80.84139,1
1767150,110534708,ELM: CHINESE,4.0,1,,POINT (514857.4183022976 3897643.63137554),2,CTC/Arena,35.225,-80.84139,1
1767151,110534709,ELM: CHINESE,5.0,1,,POINT (514838.3478505702 3897662.6750329784),2,CTC/Arena,35.225,-80.84139,1
1767152,110534710,ELM: CHINESE,5.0,1,,POINT (514831.5011944724 3897670.075278078),2,CTC/Arena,35.225,-80.84139,1
1767153,110534711,ELM: CHINESE,5.0,1,,POINT (514807.66064069985 3897695.0654198704),2,CTC/Arena,35.225,-80.84139,1
1767154,110534712,ELM: CHINESE,4.0,1,,POINT (514793.7257785498 3897708.529231975),2,CTC/Arena,35.225,-80.84139,1
1767155,110534713,ELM: CHINESE,4.0,1,,POINT (514781.6215277356 3897721.753146733),2,CTC/Arena,35.225,-80.84139,1
1767156,110534714,ELM: CHINESE,4.0,1,,POINT (514764.8731567037 3897738.9786146614),2,CTC/Arena,35.225,-80.84139,1
1767157,110534715,ELM: CHINESE,5.0,1,,POINT (514751.42440935574 3897753.5368482554),1,7th Street,35.22722,-80.83806,1
1767157,110534715,ELM: CHINESE,5.0,1,,POINT (514751.42440935574 3897753.5368482554),2,CTC/Arena,35.225,-80.84139,1
1767158,110534716,ELM: CHINESE,5.0,1,,POINT (514795.51190213824 3897735.9911839264),2,CTC/Arena,35.225,-80.84139,1
1767166,110534724,ELM: CHINESE,3.0,1,,POINT (514625.8113806591 3897493.671963829),3,3rd St/Convention,35.22361,-80.84306,1
1767167,110534725,ELM: CHINESE,9.0,1,,POINT (514480.65282528946 3898027.8057212345),1,7th Street,35.22722,-80.83806,1
1767167,110534725,ELM: CHINESE,9.0,1,,POINT (514480.65282528946 3898027.8057212345),2,CTC/Arena,35.225,-80.84139,1
1767167,110534725,ELM: CHINESE,9.0,1,,POINT (514480.65282528946 3898027.8057212345),3,3rd St/Convention,35.22361,-80.84306,1
1767168,110534726,ELM: CHINESE,6.0,1,,POINT (514585.8308291071 3897947.972114595),1,7th Street,35.22722,-80.83806,1
1767168,110534726,ELM: CHINESE,6.0,1,,POINT (514585.8308291071 3897947.972114595),2,CTC/Arena,35.225,-80.84139,1
1767168,110534726,ELM: CHINESE,6.0,1,,POINT (514585.8308291071 3897947.972114595),3,3rd St/Convention,35.22361,-80.84306,1
1767169,110534727,ELM: CHINESE,6.0,1,,POINT (514592.9104747572 3897942.5716315806),1,7th Street,35.22722,-80.83806,1
1767169,110534727,ELM: CHINESE,6.0,1,,POINT (514592.9104747572 3897942.5716315806),2,CTC/Arena,35.225,-80.84139,1
1767169,110534727,ELM: CHINESE,6.0,1,,POINT (514592.9104747572 3897942.5716315806),3,3rd St/Convention,35.22361,-80.84306,1
1767170,110534728,ELM: CHINESE,6.0,1,,POINT (514598.9099638961 3897936.567123801),1,7th Street,35.22722,-80.83806,1
1767170,110534728,ELM: CHINESE,6.0,1,,POINT (514598.9099638961 3897936.567123801),2,CTC/Arena,35.225,-80.84139,1
1767170,110534728,ELM: CHINESE,6.0,1,,POINT (514598.9099638961 3897936.567123801),3,3rd St/Convention,35.22361,-80.84306,1
1767171,110534729,ELM: CHINESE,6.0,1,435 E TRADE ST,POINT (514616.8662202254 3897919.2590025114),1,7th Street,35.22722,-80.83806,1
1767171,110534729,ELM: CHINESE,6.0,1,435 E TRADE ST,POINT (514616.8662202254 3897919.2590025114),2,CTC/Arena,35.225,-80.84139,1
1767171,110534729,ELM: CHINESE,6.0,1,435 E TRADE ST,POINT (514616.8662202254 3897919.2590025114),3,3rd St/Convention,35.22361,-80.84306,1
1767172,110534730,ELM: CHINESE,6.0,1,435 E TRADE ST,POINT (514627.3292252997 3897910.027950737),1,7th Street,35.22722,-80.83806,1
1767172,110534730,ELM: CHINESE,6.0,1,435 E TRADE ST,POINT (514627.3292252997 3897910.027950737),2,CTC/Arena,35.225,-80.84139,1
1767172,110534730,ELM: CHINESE,6.0,1,435 E TRADE ST,POINT (514627.3292252997 3897910.027950737),3,3rd St/Convention,35.22361,-80.84306,1
1767173,110534731,ELM: CHINESE,6.0,1,435 E TRADE ST,POINT (514633.8564775286 3897903.4776138207),1,7th Street,35.22722,-80.83806,1
1767173,110534731,ELM: CHINESE,6.0,1,435 E TRADE ST,POINT (514633.8564775286 3897903.4776138207),2,CTC/Arena,35.225,-80.84139,1
1767173,110534731,ELM: CHINESE,6.0,1,435 E TRADE ST,POINT (514633.8564775286 3897903.4776138207),3,3rd St/Convention,35.22361,-80.84306,1
1767174,110534732,ELM: CHINESE,6.0,1,435 E TRADE ST,POINT (514640.31330288603 3897896.6310776076),1,7th Street,35.22722,-80.83806,1
1767174,110534732,ELM: CHINESE,6.0,1,435 E TRADE ST,POINT (514640.31330288603 3897896.6310776076),2,CTC/Arena,35.225,-80.84139,1
1767174,110534732,ELM: CHINESE,6.0,1,435 E TRADE ST,POINT (514640.31330288603 3897896.6310776076),3,3rd St/Convention,35.22361,-80.84306,1
1767175,110534733,ELM: CHINESE,5.0,1,,POINT (514496.7397517347 3898042.1677115317),1,7th Street,35.22722,-80.83806,1
1767175,110534733,ELM: CHINESE,5.0,1,,POINT (514496.7397517347 3898042.1677115317),2,CTC/Arena,35.225,-80.84139,1
1767175,110534733,ELM: CHINESE,5.0,1,,POINT (514496.7397517347 3898042.1677115317),3,3rd St/Convention,35.22361,-80.84306,1
1767176,110534734,ELM: CHINESE,5.0,1,,POINT (514509.089452819 3898027.4864429743),1,7th Street,35.22722,-80.83806,1
1767176,110534734,ELM: CHINESE,5.0,1,,POINT (514509.089452819 3898027.4864429743),2,CTC/Arena,35.225,-80.84139,1
1767176,110534734,ELM: CHINESE,5.0,1,,POINT (514509.089452819 3898027.4864429743),3,3rd St/Convention,35.22361,-80.84306,1
1767177,110534735,ELM: CHINESE,4.0,1,,POINT (514515.6879127653 3898022.3945437083),1,7th Street,35.22722,-80.83806,1
1767177,110534735,ELM: CHINESE,4.0,1,,POINT (514515.6879127653 3898022.3945437083),2,CTC/Arena,35.225,-80.84139,1
1767177,110534735,ELM: CHINESE,4.0,1,,POINT (514515.6879127653 3898022.3945437083),3,3rd St/Convention,35.22361,-80.84306,1
1767178,110534736,ELM: CHINESE,5.0,1,,POINT (514540.13865006936 3897996.068292023),1,7th Street,35.22722,-80.83806,1
1767178,110534736,ELM: CHINESE,5.0,1,,POINT (514540.13865006936 3897996.068292023),2,CTC/Arena,35.225,-80.84139,1
1767178,110534736,ELM: CHINESE,5.0,1,,POINT (514540.13865006936 3897996.068292023),3,3rd St/Convention,35.22361,-80.84306,1
1767186,110534744,ELM: CHINESE,99.0,1,,POINT (513774.8037577174 3897999.2435063752),4,Brooklyn Village,35.22139,-80.84694,1
1767187,110534745,ELM: CHINESE,99.0,1,,POINT (513765.9063648357 3897991.575638655),4,Brooklyn Village,35.22139,-80.84694,1
1767188,110534746,ELM: CHINESE,99.0,1,,POINT (513742.8659162586 3897974.6526093916),4,Brooklyn Village,35.22139,-80.84694,1
1767189,110534747,ELM: CHINESE,99.0,1,,POINT (513680.92421049747 3897937.6242686785),4,Brooklyn Village,35.22139,-80.84694,1
1767191,110534749,ELM: CHINESE,4.0,1,,POINT (513886.65457607975 3898117.2356812377),3,3rd St/Convention,35.22361,-80.84306,1
1767192,110534750,ELM: CHINESE,4.0,1,,POINT (513895.0792314987 3898123.8548944076),3,3rd St/Convention,35.22361,-80.84306,1
1767193,110534751,ELM: CHINESE,4.0,1,321 S CHURCH ST,POINT (513902.55370400706 3898130.526057779),3,3rd St/Convention,35.22361,-80.84306,1
1767194,110534752,ELM: CHINESE,4.0,1,321 S CHURCH ST,POINT (513911.7263255577 3898138.960820625),3,3rd St/Convention,35.22361,-80.84306,1
1767195,110534753,ELM: CHINESE,4.0,1,,POINT (513921.22467475175 3898146.1673295433),3,3rd St/Convention,35.22361,-80.84306,1
1767196,110534754,ELM: CHINESE,4.0,1,,POINT (513929.8167054209 3898153.432372099),3,3rd St/Convention,35.22361,-80.84306,1
1767197,110534755,ELM: CHINESE,4.0,1,,POINT (513939.35630382074 3898161.038285438),3,3rd St/Convention,35.22361,-80.84306,1
1767198,110534756,ELM: CHINESE,4.0,1,,POINT (513949.14637093304 3898169.111414408),3,3rd St/Convention,35.22361,-80.84306,1
1767199,110534757,ELM: CHINESE,4.0,1,,POINT (513957.1273104572 3898176.0306667415),3,3rd St/Convention,35.22361,-80.84306,1
1767200,110534758,ELM: CHINESE,2.0,1,301 S CHURCH ST,POINT (513974.60784035025 3898171.668195589),3,3rd St/Convention,35.22361,-80.84306,1
1767201,110534759,ELM: CHINESE,2.0,1,301 S CHURCH ST,POINT (513968.83771367796 3898165.068470025),3,3rd St/Convention,35.22361,-80.84306,1
1767202,110534760,ELM: CHINESE,2.0,1,301 S CHURCH ST,POINT (513959.18752859544 3898157.735209951),3,3rd St/Convention,35.22361,-80.84306,1
1767203,110534761,ELM: CHINESE,2.0,1,301 S CHURCH ST,POINT (513950.0340681254 3898148.7613692638),3,3rd St/Convention,35.22361,-80.84306,1
1767204,110534762,ELM: CHINESE,4.0,1,,POINT (514127.1771362617 3898426.7254696204),2,CTC/Arena,35.225,-80.84139,1
1767205,110534763,ELM: CHINESE,4.0,1,,POINT (514175.81995211064 3898372.6476634215),2,CTC/Arena,35.225,-80.84139,1
1767210,110534768,ELM: CHINESE,4.0,1,,POINT (514107.6992319672 3898300.181580436),2,CTC/Arena,35.225,-80.84139,1
1767210,110534768,ELM: CHINESE,4.0,1,,POINT (514107.6992319672 3898300.181580436),3,3rd St/Convention,35.22361,-80.84306,1
1767211,110534769,ELM: CHINESE,99.0,1,,POINT (514117.62166980444 3898310.1316516004),2,CTC/Arena,35.225,-80.84139,1
1767211,110534769,ELM: CHINESE,99.0,1,,POINT (514117.62166980444 3898310.1316516004),3,3rd St/Convention,35.22361,-80.84306,1
1767232,110534790,ELM: CHINESE,14.0,1,,POINT (512534.80753731966 3896818.4916327274),7,East/West,35.21194,-80.85917,1
1767233,110534791,ELM: CHINESE,8.0,1,,POINT (512545.5133645366 3896811.977795226),7,East/West,35.21194,-80.85917,1
1767234,110534792,ELM: CHINESE,12.0,1,,POINT (512561.9607722949 3896802.5175494147),7,East/West,35.21194,-80.85917,1
1767235,110534793,ELM: CHINESE,9.0,1,317 WEST BV,POINT (512492.9573201198 3896820.1072468827),7,East/West,35.21194,-80.85917,1
1767236,110534794,ELM: CHINESE,11.0,1,317 WEST BV,POINT (512483.2405793419 3896826.176744291),7,East/West,35.21194,-80.85917,1
1767240,110534798,ELM: CHINESE,15.0,1,,POINT (512402.7117545406 3896872.111782869),7,East/West,35.21194,-80.85917,1
1768058,110535616,ELM:  CHINESE,99.0,1,,POINT (514137.23321780737 3898308.6396285254),2,CTC/Arena,35.225,-80.84139,1
1768058,110535616,ELM:  CHINESE,99.0,1,,POINT (514137.23321780737 3898308.6396285254),3,3rd St/Convention,35.22361,-80.84306,1
1768063,110535621,ZELKOVA: JAPANESE,4.0,1,,POINT (514153.4004362892 3898397.8990102927),2,CTC/Arena,35.225,-80.84139,1
1768064,110535622,ZELKOVA: JAPANESE,17.0,1,,POINT (512476.44230091764 3896850.9480802724),7,East/West,35.21194,-80.85917,1
1768068,110535626,ZELKOVA: JAPANESE,4.0,1,,POINT (514145.10894217365 3898407.0875180042),2,CTC/Arena,35.225,-80.84139,1
1768079,110535637,ZELKOVA: JAPANESE,9.0,1,,POINT (514443.197502083 3898096.7549710376),1,7th Street,35.22722,-80.83806,1
1768079,110535637,ZELKOVA: JAPANESE,9.0,1,,POINT (514443.197502083 3898096.7549710376),2,CTC/Arena,35.225,-80.84139,1
1768079,110535637,ZELKOVA: JAPANESE,9.0,1,,POINT (514443.197502083 3898096.7549710376),3,3rd St/Convention,35.22361,-80.84306,1
1768080,110535638,ZELKOVA: JAPANESE,9.0,1,,POINT (514529.13308762305 3898009.537226615),1,7th Street,35.22722,-80.83806,1
1768080,110535638,ZELKOVA: JAPANESE,9.0,1,,POINT (514529.13308762305 3898009.537226615),2,CTC/Arena,35.225,-80.84139,1
1768080,110535638,ZELKOVA: JAPANESE,9.0,1,,POINT (514529.13308762305 3898009.537226615),3,3rd St/Convention,35.22361,-80.84306,1
1768081,110535639,ZELKOVA: JAPANESE,15.0,1,,POINT (513879.2562685752 3898089.310581627),3,3rd St/Convention,35.22361,-80.84306,1
1768082,110535640,ZELKOVA: JAPANESE,13.0,1,,POINT (513871.21343732404 3898081.7658246406),3,3rd St/Convention,35.22361,-80.84306,1
1768083,110535641,ZELKOVA: JAPANESE,12.0,1,,POINT (513859.0235387435 3898071.9057593644),3,3rd St/Convention,35.22361,-80.84306,1
1768084,110535642,ZELKOVA: JAPANESE,12.0,1,,POINT (513849.27139128244 3898065.0871106884),3,3rd St/Convention,35.22361,-80.84306,1
1768085,110535643,ZELKOVA: JAPANESE,99.0,1,,POINT (513638.99637602014 3897901.1111762626),4,Brooklyn Village,35.22139,-80.84694,1
1768086,110535644,ZELKOVA: JAPANESE,99.0,1,,POINT (513644.9677202858 3897907.317281642),4,Brooklyn Village,35.22139,-80.84694,1
1768087,110535645,ZELKOVA: JAPANESE,99.0,1,,POINT (513659.10626012855 3897919.1240798864),4,Brooklyn Village,35.22139,-80.84694,1
1768088,110535646,ZELKOVA: JAPANESE,99.0,1,,POINT (513749.0562894011 3897997.1393331364),4,Brooklyn Village,35.22139,-80.84694,1
1768090,110535648,ZELKOVA: JAPANESE,15.0,1,501 N CHURCH ST,POINT (514555.4599609809 3898713.0024987017),0,9th Street,35.2297,-80.835,1
1768091,110535649,ZELKOVA: JAPANESE,16.0,1,208 W 8TH ST,POINT (514550.45971569855 3898726.0186706632),0,9th Street,35.2297,-80.835,1
1768092,110535650,ZELKOVA: JAPANESE,4.0,1,,POINT (514134.87411590444 3898416.596745518),2,CTC/Arena,35.225,-80.84139,1
1768093,110535651,ZELKOVA: JAPANESE,4.0,1,,POINT (514098.16100341827 3898293.053561758),2,CTC/Arena,35.225,-80.84139,1
1768093,110535651,ZELKOVA: JAPANESE,4.0,1,,POINT (514098.16100341827 3898293.053561758),3,3rd St/Convention,35.22361,-80.84306,1
1768107,110535665,ZELKOVA: JAPANESE,13.0,1,,POINT (512491.1156014741 3896842.2038383596),7,East/West,35.21194,-80.85917,1
1768132,110535690,ZELKOVA: JAPANESE,21.0,1,,POINT (514814.2211078483 3897713.4224841045),2,CTC/Arena,35.225,-80.84139,1
1768136,110535694,ZELKOVA: JAPANESE,16.0,1,340 WEST BV,POINT (512434.44142632367 3896873.5349358753),7,East/West,35.21194,-80.85917,1
1768138,110535696,ZELKOVA: JAPANESE,15.0,1,,POINT (512456.7864236008 3896841.504357028),7,East/West,35.21194,-80.85917,1
1768139,110535697,ZELKOVA: JAPANESE,22.0,1,,POINT (512428.57306305005 3896856.853020259),7,East/West,35.21194,-80.85917,1
1768140,110535698,ZELKOVA: JAPANESE,99.0,1,129 W TRADE ST,POINT (514158.0476723375 3898327.6095708096),2,CTC/Arena,35.225,-80.84139,1
1768141,110535699,ZELKOVA: JAPANESE,4.0,1,,POINT (514114.7633495021 3898290.3557835273),2,CTC/Arena,35.225,-80.84139,1
1768141,110535699,ZELKOVA: JAPANESE,4.0,1,,POINT (514114.7633495021 3898290.3557835273),3,3rd St/Convention,35.22361,-80.84306,1
1768142,110535700,ZELKOVA: JAPANESE,4.0,1,,POINT (514099.21064713656 3898277.0033899476),2,CTC/Arena,35.225,-80.84139,1
1768142,110535700,ZELKOVA: JAPANESE,4.0,1,,POINT (514099.21064713656 3898277.0033899476),3,3rd St/Convention,35.22361,-80.84306,1
1768150,110535708,ZELKOVA: JAPANESE,11.0,1,,POINT (514713.03757190926 3897792.961614775),1,7th Street,35.22722,-80.83806,1
1768150,110535708,ZELKOVA: JAPANESE,11.0,1,,POINT (514713.03757190926 3897792.961614775),2,CTC/Arena,35.225,-80.84139,1
1768151,110535709,ZELKOVA: JAPANESE,11.0,1,,POINT (514704.2363761314 3897801.452202271),1,7th Street,35.22722,-80.83806,1
1768151,110535709,ZELKOVA: JAPANESE,11.0,1,,POINT (514704.2363761314 3897801.452202271),2,CTC/Arena,35.225,-80.84139,1
1768151,110535709,ZELKOVA: JAPANESE,11.0,1,,POINT (514704.2363761314 3897801.452202271),3,3rd St/Convention,35.22361,-80.84306,1
1768152,110535710,ZELKOVA: JAPANESE,12.0,1,,POINT (514696.6552625236 3897810.1877579438),1,7th Street,35.22722,-80.83806,1
1768152,110535710,ZELKOVA: JAPANESE,12.0,1,,POINT (514696.6552625236 3897810.1877579438),2,CTC/Arena,35.225,-80.84139,1
1768152,110535710,ZELKOVA: JAPANESE,12.0,1,,POINT (514696.6552625236 3897810.1877579438),3,3rd St/Convention,35.22361,-80.84306,1
1768153,110535711,ZELKOVA: JAPANESE,6.0,1,,POINT (514687.36641400994 3897818.6776191853),1,7th Street,35.22722,-80.83806,1
1768153,110535711,ZELKOVA: JAPANESE,6.0,1,,POINT (514687.36641400994 3897818.6776191853),2,CTC/Arena,35.225,-80.84139,1
1768153,110535711,ZELKOVA: JAPANESE,6.0,1,,POINT (514687.36641400994 3897818.6776191853),3,3rd St/Convention,35.22361,-80.84306,1
1768154,110535712,ZELKOVA: JAPANESE,12.0,1,,POINT (514679.29720011837 3897827.0475640274),1,7th Street,35.22722,-80.83806,1
1768154,110535712,ZELKOVA: JAPANESE,12.0,1,,POINT (514679.29720011837 3897827.0475640274),2,CTC/Arena,35.225,-80.84139,1
1768154,110535712,ZELKOVA: JAPANESE,12.0,1,,POINT (514679.29720011837 3897827.0475640274),3,3rd St/Convention,35.22361,-80.84306,1
1768155,110535713,ZELKOVA: JAPANESE,11.0,1,,POINT (514669.64209370187 3897835.7797288345),1,7th Street,35.22722,-80.83806,1
1768155,110535713,ZELKOVA: JAPANESE,11.0,1,,POINT (514669.64209370187 3897835.7797288345),2,CTC/Arena,35.225,-80.84139,1
1768155,110535713,ZELKOVA: JAPANESE,11.0,1,,POINT (514669.64209370187 3897835.7797288345),3,3rd St/Convention,35.22361,-80.84306,1
1768156,110535714,ZELKOVA: JAPANESE,11.0,1,,POINT (514661.6951180838 3897844.514612234),1,7th Street,35.22722,-80.83806,1
1768156,110535714,ZELKOVA: JAPANESE,11.0,1,,POINT (514661.6951180838 3897844.514612234),2,CTC/Arena,35.225,-80.84139,1
1768156,110535714,ZELKOVA: JAPANESE,11.0,1,,POINT (514661.6951180838 3897844.514612234),3,3rd St/Convention,35.22361,-80.84306,1
1768157,110535715,ZELKOVA: JAPANESE,9.0,1,,POINT (514819.7234075251 3897707.2354692365),2,CTC/Arena,35.225,-80.84139,1
1768158,110535716,ZELKOVA: JAPANESE,12.0,1,,POINT (514825.5915829903 3897701.5347941653),2,CTC/Arena,35.225,-80.84139,1
1768159,110535717,ZELKOVA: JAPANESE,9.0,1,,POINT (514538.10737858026 3897968.9719775463),1,7th Street,35.22722,-80.83806,1
1768159,110535717,ZELKOVA: JAPANESE,9.0,1,,POINT (514538.10737858026 3897968.9719775463),2,CTC/Arena,35.225,-80.84139,1
1768159,110535717,ZELKOVA: JAPANESE,9.0,1,,POINT (514538.10737858026 3897968.9719775463),3,3rd St/Convention,35.22361,-80.84306,1
1768160,110535718,ZELKOVA: JAPANESE,12.0,1,,POINT (514534.9269237453 3897973.4616903304),1,7th Street,35.22722,-80.83806,1
1768160,110535718,ZELKOVA: JAPANESE,12.0,1,,POINT (514534.9269237453 3897973.4616903304),2,CTC/Arena,35.225,-80.84139,1
1768160,110535718,ZELKOVA: JAPANESE,12.0,1,,POINT (514534.9269237453 3897973.4616903304),3,3rd St/Convention,35.22361,-80.84306,1
1768161,110535719,ZELKOVA: JAPANESE,11.0,1,,POINT (514507.9134059385 3897999.90469407),1,7th Street,35.22722,-80.83806,1
1768161,110535719,ZELKOVA: JAPANESE,11.0,1,,POINT (514507.9134059385 3897999.90469407),2,CTC/Arena,35.225,-80.84139,1
1768161,110535719,ZELKOVA: JAPANESE,11.0,1,,POINT (514507.9134059385 3897999.90469407),3,3rd St/Convention,35.22361,-80.84306,1
1768162,110535720,ZELKOVA: JAPANESE,12.0,1,,POINT (514503.02297481825 3898004.999410078),1,7th Street,35.22722,-80.83806,1
1768162,110535720,ZELKOVA: JAPANESE,12.0,1,,POINT (514503.02297481825 3898004.999410078),2,CTC/Arena,35.225,-80.84139,1
1768162,110535720,ZELKOVA: JAPANESE,12.0,1,,POINT (514503.02297481825 3898004.999410078),3,3rd St/Convention,35.22361,-80.84306,1
1768163,110535721,ZELKOVA: JAPANESE,12.0,1,,POINT (514485.66421930003 3898023.317902043),1,7th Street,35.22722,-80.83806,1
1768163,110535721,ZELKOVA: JAPANESE,12.0,1,,POINT (514485.66421930003 3898023.317902043),2,CTC/Arena,35.225,-80.84139,1
1768163,110535721,ZELKOVA: JAPANESE,12.0,1,,POINT (514485.66421930003 3898023.317902043),3,3rd St/Convention,35.22361,-80.84306,1
1768164,110535722,ZELKOVA: JAPANESE,8.0,1,,POINT (514451.19276598084 3898057.5244063125),1,7th Street,35.22722,-80.83806,1
1768164,110535722,ZELKOVA: JAPANESE,8.0,1,,POINT (514451.19276598084 3898057.5244063125),2,CTC/Arena,35.225,-80.84139,1
1768164,110535722,ZELKOVA: JAPANESE,8.0,1,,POINT (514451.19276598084 3898057.5244063125),3,3rd St/Convention,35.22361,-80.84306,1
1768165,110535723,ZELKOVA: JAPANESE,9.0,1,,POINT (514443.12469105935 3898066.0164645333),1,7th Street,35.22722,-80.83806,1
1768165,110535723,ZELKOVA: JAPANESE,9.0,1,,POINT (514443.12469105935 3898066.0164645333),2,CTC/Arena,35.225,-80.84139,1
1768165,110535723,ZELKOVA: JAPANESE,9.0,1,,POINT (514443.12469105935 3898066.0164645333),3,3rd St/Convention,35.22361,-80.84306,1
1768166,110535724,ZELKOVA: JAPANESE,6.0,1,,POINT (514434.81008315785 3898076.208241088),1,7th Street,35.22722,-80.83806,1
1768166,110535724,ZELKOVA: JAPANESE,6.0,1,,POINT (514434.81008315785 3898076.208241088),2,CTC/Arena,35.225,-80.84139,1
1768166,110535724,ZELKOVA: JAPANESE,6.0,1,,POINT (514434.81008315785 3898076.208241088),3,3rd St/Convention,35.22361,-80.84306,1
1768167,110535725,ZELKOVA: JAPANESE,8.0,1,,POINT (514426.25469592627 3898083.8489368903),1,7th Street,35.22722,-80.83806,1
1768167,110535725,ZELKOVA: JAPANESE,8.0,1,,POINT (514426.25469592627 3898083.8489368903),2,CTC/Arena,35.225,-80.84139,1
1768167,110535725,ZELKOVA: JAPANESE,8.0,1,,POINT (514426.25469592627 3898083.8489368903),3,3rd St/Convention,35.22361,-80.84306,1
1768168,110535726,ZELKOVA: JAPANESE,8.0,1,,POINT (514418.4284664016 3898093.677878539),1,7th Street,35.22722,-80.83806,1
1768168,110535726,ZELKOVA: JAPANESE,8.0,1,,POINT (514418.4284664016 3898093.677878539),2,CTC/Arena,35.225,-80.84139,1
1768168,110535726,ZELKOVA: JAPANESE,8.0,1,,POINT (514418.4284664016 3898093.677878539),3,3rd St/Convention,35.22361,-80.84306,1
1768169,110535727,ZELKOVA: JAPANESE,8.0,1,,POINT (514399.4809970835 3898113.2082753894),1,7th Street,35.22722,-80.83806,1
1768169,110535727,ZELKOVA: JAPANESE,8.0,1,,POINT (514399.4809970835 3898113.2082753894),2,CTC/Arena,35.225,-80.84139,1
1768169,110535727,ZELKOVA: JAPANESE,8.0,1,,POINT (514399.4809970835 3898113.2082753894),3,3rd St/Convention,35.22361,-80.84306,1
1768170,110535728,ZELKOVA: JAPANESE,10.0,1,,POINT (514579.110593501 3897955.733181552),1,7th Street,35.22722,-80.83806,1
1768170,110535728,ZELKOVA: JAPANESE,10.0,1,,POINT (514579.110593501 3897955.733181552),2,CTC/Arena,35.225,-80.84139,1
1768170,110535728,ZELKOVA: JAPANESE,10.0,1,,POINT (514579.110593501 3897955.733181552),3,3rd St/Convention,35.22361,-80.84306,1
1768171,110535729,ZELKOVA: JAPANESE,11.0,1,,POINT (514399.5622808463 3898138.7223025537),1,7th Street,35.22722,-80.83806,1
1768171,110535729,ZELKOVA: JAPANESE,11.0,1,,POINT (514399.5622808463 3898138.7223025537),2,CTC/Arena,35.225,-80.84139,1
1768171,110535729,ZELKOVA: JAPANESE,11.0,1,,POINT (514399.5622808463 3898138.7223025537),3,3rd St/Convention,35.22361,-80.84306,1
1768172,110535730,ZELKOVA: JAPANESE,11.0,1,,POINT (514405.9174195659 3898133.265025303),1,7th Street,35.22722,-80.83806,1
1768172,110535730,ZELKOVA: JAPANESE,11.0,1,,POINT (514405.9174195659 3898133.265025303),2,CTC/Arena,35.225,-80.84139,1
1768172,110535730,ZELKOVA: JAPANESE,11.0,1,,POINT (514405.9174195659 3898133.265025303),3,3rd St/Convention,35.22361,-80.84306,1
1768173,110535731,ZELKOVA: JAPANESE,10.0,1,,POINT (514425.3542756276 3898112.6418629647),1,7th Street,35.22722,-80.83806,1
1768173,110535731,ZELKOVA: JAPANESE,10.0,1,,POINT (514425.3542756276 3898112.6418629647),2,CTC/Arena,35.225,-80.84139,1
1768173,110535731,ZELKOVA: JAPANESE,10.0,1,,POINT (514425.3542756276 3898112.6418629647),3,3rd St/Convention,35.22361,-80.84306,1
1768174,110535732,ZELKOVA: JAPANESE,9.0,1,,POINT (514605.8531829356 3897929.9475733954),1,7th Street,35.22722,-80.83806,1
1768174,110535732,ZELKOVA: JAPANESE,9.0,1,,POINT (514605.8531829356 3897929.9475733954),2,CTC/Arena,35.225,-80.84139,1
1768174,110535732,ZELKOVA: JAPANESE,9.0,1,,POINT (514605.8531829356 3897929.9475733954),3,3rd St/Convention,35.22361,-80.84306,1
1768175,110535733,ZELKOVA: JAPANESE,11.0,1,,POINT (514430.6099789759 3898107.790491236),1,7th Street,35.22722,-80.83806,1
1768175,110535733,ZELKOVA: JAPANESE,11.0,1,,POINT (514430.6099789759 3898107.790491236),2,CTC/Arena,35.225,-80.84139,1
1768175,110535733,ZELKOVA: JAPANESE,11.0,1,,POINT (514430.6099789759 3898107.790491236),3,3rd St/Convention,35.22361,-80.84306,1
1768176,110535734,ZELKOVA: JAPANESE,9.0,1,,POINT (514449.3101053885 3898090.446663535),1,7th Street,35.22722,-80.83806,1
1768176,110535734,ZELKOVA: JAPANESE,9.0,1,,POINT (514449.3101053885 3898090.446663535),2,CTC/Arena,35.225,-80.84139,1
1768176,110535734,ZELKOVA: JAPANESE,9.0,1,,POINT (514449.3101053885 3898090.446663535),3,3rd St/Convention,35.22361,-80.84306,1
1768177,110535735,ZELKOVA: JAPANESE,9.0,1,,POINT (514457.8667189171 3898081.4696819554),1,7th Street,35.22722,-80.83806,1
1768177,110535735,ZELKOVA: JAPANESE,9.0,1,,POINT (514457.8667189171 3898081.4696819554),2,CTC/Arena,35.225,-80.84139,1
1768177,110535735,ZELKOVA: JAPANESE,9.0,1,,POINT (514457.8667189171 3898081.4696819554),3,3rd St/Convention,35.22361,-80.84306,1
1768178,110535736,ZELKOVA: JAPANESE,9.0,1,,POINT (514552.7294864476 3897983.210759737),1,7th Street,35.22722,-80.83806,1
1768178,110535736,ZELKOVA: JAPANESE,9.0,1,,POINT (514552.7294864476 3897983.210759737),2,CTC/Arena,35.225,-80.84139,1
1768178,110535736,ZELKOVA: JAPANESE,9.0,1,,POINT (514552.7294864476 3897983.210759737),3,3rd St/Convention,35.22361,-80.84306,1
1768179,110535737,ZELKOVA: JAPANESE,11.0,1,,POINT (514566.78658182983 3897969.6258212677),1,7th Street,35.22722,-80.83806,1
1768179,110535737,ZELKOVA: JAPANESE,11.0,1,,POINT (514566.78658182983 3897969.6258212677),2,CTC/Arena,35.225,-80.84139,1
1768179,110535737,ZELKOVA: JAPANESE,11.0,1,,POINT (514566.78658182983 3897969.6258212677),3,3rd St/Convention,35.22361,-80.84306,1
1768180,110535738,ZELKOVA: JAPANESE,99.0,1,,POINT (513796.7397655929 3898020.0531199183),4,Brooklyn Village,35.22139,-80.84694,1
1768181,110535739,ZELKOVA: JAPANESE,99.0,1,,POINT (513721.901481384 3897956.8832692476),4,Brooklyn Village,35.22139,-80.84694,1
1768182,110535740,ZELKOVA: JAPANESE,4.0,1,312 W TRADE ST,POINT (514067.2426576086 3898491.6875132015),2,CTC/Arena,35.225,-80.84139,1
1768183,110535741,ZELKOVA: JAPANESE,4.0,1,,POINT (514074.48623568466 3898451.2133906516),2,CTC/Arena,35.225,-80.84139,1
1768184,110535742,ZELKOVA: JAPANESE,4.0,1,,POINT (514065.50614221086 3898459.724267981),2,CTC/Arena,35.225,-80.84139,1
1768185,110535743,ZELKOVA: JAPANESE,4.0,1,,POINT (514057.985575275 3898467.6929915133),2,CTC/Arena,35.225,-80.84139,1
1768186,110535744,ZELKOVA: JAPANESE,4.0,1,,POINT (514046.3144036876 3898479.328332997),2,CTC/Arena,35.225,-80.84139,1
1768187,110535745,ZELKOVA: JAPANESE,99.0,1,,POINT (513730.6535789606 3897979.9805707596),4,Brooklyn Village,35.22139,-80.84694,1
1768188,110535746,ZELKOVA: JAPANESE,99.0,1,,POINT (513721.99872353533 3897973.163633084),4,Brooklyn Village,35.22139,-80.84694,1
1768189,110535747,ZELKOVA: JAPANESE,99.0,1,,POINT (513707.6174005702 3897960.1409240793),4,Brooklyn Village,35.22139,-80.84694,1
1768190,110535748,ZELKOVA: JAPANESE,99.0,1,,POINT (513737.1132839634 3897985.700649722),4,Brooklyn Village,35.22139,-80.84694,1
1768191,110535749,ZELKOVA: JAPANESE,99.0,1,,POINT (513743.81631219474 3897991.7860071235),4,Brooklyn Village,35.22139,-80.84694,1
1768192,110535750,ZELKOVA: JAPANESE,99.0,1,,POINT (513763.0762745886 3898007.1229659542),4,Brooklyn Village,35.22139,-80.84694,1
1768193,110535751,ZELKOVA: JAPANESE,4.0,1,,POINT (514063.2391051049 3898244.6641279967),2,CTC/Arena,35.225,-80.84139,1
1768193,110535751,ZELKOVA: JAPANESE,4.0,1,,POINT (514063.2391051049 3898244.6641279967),3,3rd St/Convention,35.22361,-80.84306,1
1768194,110535752,ZELKOVA: JAPANESE,4.0,1,,POINT (514057.2987842764 3898239.35498597),2,CTC/Arena,35.225,-80.84139,1
1768194,110535752,ZELKOVA: JAPANESE,4.0,1,,POINT (514057.2987842764 3898239.35498597),3,3rd St/Convention,35.22361,-80.84306,1
1768195,110535753,ZELKOVA: JAPANESE,4.0,1,,POINT (514051.1844736265 3898235.306453364),2,CTC/Arena,35.225,-80.84139,1
1768195,110535753,ZELKOVA: JAPANESE,4.0,1,,POINT (514051.1844736265 3898235.306453364),3,3rd St/Convention,35.22361,-80.84306,1
1768196,110535754,ZELKOVA: JAPANESE,4.0,1,,POINT (514047.28287426423 3898230.897631522),2,CTC/Arena,35.225,-80.84139,1
1768196,110535754,ZELKOVA: JAPANESE,4.0,1,,POINT (514047.28287426423 3898230.897631522),3,3rd St/Convention,35.22361,-80.84306,1
1768197,110535755,ZELKOVA: JAPANESE,13.0,1,,POINT (514038.32493527007 3898223.2570405817),2,CTC/Arena,35.225,-80.84139,1
1768197,110535755,ZELKOVA: JAPANESE,13.0,1,,POINT (514038.32493527007 3898223.2570405817),3,3rd St/Convention,35.22361,-80.84306,1
1768198,110535756,ZELKOVA: JAPANESE,16.0,1,,POINT (514025.2742821749 3898211.789637813),2,CTC/Arena,35.225,-80.84139,1
1768198,110535756,ZELKOVA: JAPANESE,16.0,1,,POINT (514025.2742821749 3898211.789637813),3,3rd St/Convention,35.22361,-80.84306,1
1768199,110535757,ZELKOVA: JAPANESE,12.0,1,,POINT (513994.0771256544 3898184.0604724106),3,3rd St/Convention,35.22361,-80.84306,1
1768200,110535758,ZELKOVA: JAPANESE,99.0,1,,POINT (513786.5970881053 3898028.7855561827),4,Brooklyn Village,35.22139,-80.84694,1
1768201,110535759,ZELKOVA: JAPANESE,99.0,1,,POINT (513793.908123637 3898035.965291592),4,Brooklyn Village,35.22139,-80.84694,1
1768203,110535761,ZELKOVA: JAPANESE,8.0,1,,POINT (513819.0165907513 3898057.1435062895),3,3rd St/Convention,35.22361,-80.84306,1
1768204,110535762,ZELKOVA: JAPANESE,9.0,1,,POINT (513837.3002167664 3898072.237408931),3,3rd St/Convention,35.22361,-80.84306,1
1768205,110535763,ZELKOVA: JAPANESE,8.0,1,,POINT (513844.7375645122 3898077.1084450283),3,3rd St/Convention,35.22361,-80.84306,1
1768206,110535764,ZELKOVA: JAPANESE,7.0,1,,POINT (513853.02427295456 3898084.6535160877),3,3rd St/Convention,35.22361,-80.84306,1
1768207,110535765,ZELKOVA: JAPANESE,7.0,1,,POINT (513861.31129297835 3898092.684360799),3,3rd St/Convention,35.22361,-80.84306,1
1768208,110535766,ZELKOVA: JAPANESE,7.0,1,,POINT (513866.6718973699 3898098.160009631),3,3rd St/Convention,35.22361,-80.84306,1
1768209,110535767,ZELKOVA: JAPANESE,19.0,1,208 W 8TH ST,POINT (514550.55268783524 3898727.0668739006),0,9th Street,35.2297,-80.835,1
1768210,110535768,ZELKOVA: JAPANESE,16.0,1,501 N CHURCH ST,POINT (514564.84865114227 3898702.3267985666),0,9th Street,35.2297,-80.835,1
1768211,110535769,ZELKOVA: JAPANESE,19.0,1,501 N CHURCH ST,POINT (514560.08820176317 3898707.75441061),0,9th Street,35.2297,-80.835,1
1768212,110535770,ZELKOVA: JAPANESE,4.0,1,,POINT (514169.37384951324 3898378.3366911924),2,CTC/Arena,35.225,-80.84139,1
1768213,110535771,ZELKOVA: JAPANESE,99.0,1,129 W TRADE ST,POINT (514149.6763365699 3898320.9147359906),2,CTC/Arena,35.225,-80.84139,1
1768214,110535772,ZELKOVA: JAPANESE,99.0,1,129 W TRADE ST,POINT (514142.00445973536 3898314.9739448386),2,CTC/Arena,35.225,-80.84139,1
1768215,110535773,ZELKOVA: JAPANESE,4.0,1,,POINT (514128.98373183096 3898301.991545971),2,CTC/Arena,35.225,-80.84139,1
1768215,110535773,ZELKOVA: JAPANESE,4.0,1,,POINT (514128.98373183096 3898301.991545971),3,3rd St/Convention,35.22361,-80.84306,1
1768217,110535775,ZELKOVA: JAPANESE,4.0,1,,POINT (514062.5167458879 3898432.324970562),2,CTC/Arena,35.225,-80.84139,1
1768261,110535819,ZELKOVA: JAPANESE,12.0,1,,POINT (512505.73060274054 3896835.5788779533),7,East/West,35.21194,-80.85917,1
1768262,110535820,ZELKOVA: JAPANESE,10.0,1,,POINT (512438.9577008647 3896851.5407297798),7,East/West,35.21194,-80.85917,1
1769370,110537732,BLACKGUM: COMMON,3.0,1,,POINT (514753.74973018863 3897705.9795876103),2,CTC/Arena,35.225,-80.84139,1
1773213,110538191,MAPLE: HEDGE,6.0,1,,POINT (513235.0823368282 3897180.618787895),6,Bland,35.21583,-80.85528,1
1773214,110538192,MAPLE: HEDGE,6.0,1,,POINT (513240.07726909616 3897186.942908264),6,Bland,35.21583,-80.85528,1
1773215,110538193,MAPLE: HEDGE,6.0,1,,POINT (513246.751033811 3897195.2300244337),6,Bland,35.21583,-80.85528,1
1773216,110538194,MAPLE: HEDGE,6.0,1,,POINT (513254.0748443433 3897204.004006124),6,Bland,35.21583,-80.85528,1
1773217,110538195,MAPLE: HEDGE,9.0,1,,POINT (513258.58231224865 3897209.841637057),6,Bland,35.21583,-80.85528,1
1773218,110538196,MAPLE: HEDGE,9.0,1,,POINT (513264.67529274966 3897216.4425644195),6,Bland,35.21583,-80.85528,1
1773219,110538197,MAPLE: HEDGE,11.0,1,,POINT (513268.0863413513 3897220.8208011626),6,Bland,35.21583,-80.85528,1
1773220,110538198,MAPLE: HEDGE,5.0,1,,POINT (513274.7890694852 3897227.7547924486),6,Bland,35.21583,-80.85528,1
1773221,110538199,MAPLE: HEDGE,6.0,1,,POINT (513278.4991077328 3897231.740480334),6,Bland,35.21583,-80.85528,1
1773222,110538200,MAPLE: HEDGE,7.0,1,,POINT (513285.1042438444 3897240.4510852657),6,Bland,35.21583,-80.85528,1
1773223,110538201,MAPLE: HEDGE,8.0,1,,POINT (513292.9032933613 3897248.8443689155),6,Bland,35.21583,-80.85528,1
1773224,110538202,OAK: WILLOW,14.0,1,,POINT (513313.3582199422 3897273.568665314),6,Bland,35.21583,-80.85528,1
1773225,110538203,OAK: WILLOW,15.0,1,,POINT (513316.8910112151 3897278.0684471047),6,Bland,35.21583,-80.85528,1
1773226,110538204,OAK: WILLOW,17.0,1,,POINT (513320.7892262249 3897283.1762511297),6,Bland,35.21583,-80.85528,1
1773227,110538205,OAK: WILLOW,15.0,1,,POINT (513324.9305825612 3897288.891613452),6,Bland,35.21583,-80.85528,1
1773228,110538206,OAK: WILLOW,16.0,1,,POINT (513331.7284631693 3897295.6291355947),6,Bland,35.21583,-80.85528,1
1773229,110538207,OAK: WILLOW,17.0,1,,POINT (513337.8195169269 3897303.4125446756),6,Bland,35.21583,-80.85528,1
1773230,110538208,OAK: WILLOW,12.0,1,,POINT (513343.79223537364 3897308.766333286),6,Bland,35.21583,-80.85528,1
1773231,110538209,OAK: WILLOW,15.0,1,,POINT (513349.0307509345 3897315.333645894),6,Bland,35.21583,-80.85528,1
1773232,110538210,OAK: WILLOW,17.0,1,,POINT (513355.28414360964 3897323.3776086033),6,Bland,35.21583,-80.85528,1
1773233,110538211,OAK: WILLOW,13.0,1,,POINT (513359.91296029947 3897329.5796605055),6,Bland,35.21583,-80.85528,1
1773234,110538212,OAK: WILLOW,16.0,1,,POINT (513366.9289907712 3897335.5199323255),6,Bland,35.21583,-80.85528,1
1773235,110538213,OAK: WILLOW,16.0,1,,POINT (513372.2867774313 3897343.909625384),6,Bland,35.21583,-80.85528,1
1773236,110538214,OAK: WILLOW,16.0,1,,POINT (513377.4008828819 3897352.0560247274),6,Bland,35.21583,-80.85528,1
1773237,110538215,OAK: WILLOW,16.0,1,,POINT (513384.8342107672 3897360.0843642824),5,Carson,35.21889,-80.85083,1
1773237,110538215,OAK: WILLOW,16.0,1,,POINT (513384.8342107672 3897360.0843642824),6,Bland,35.21583,-80.85528,1
1773238,110538216,OAK: WILLOW,16.0,1,,POINT (513389.4665808062 3897363.856951803),5,Carson,35.21889,-80.85083,1
1773238,110538216,OAK: WILLOW,16.0,1,,POINT (513389.4665808062 3897363.856951803),6,Bland,35.21583,-80.85528,1
1773239,110538217,MAPLE: JAPANESE,7.0,1,,POINT (513538.1332549839 3897534.805154481),4,Brooklyn Village,35.22139,-80.84694,1
1773239,110538217,MAPLE: JAPANESE,7.0,1,,POINT (513538.1332549839 3897534.805154481),5,Carson,35.21889,-80.85083,1
1773240,110538218,CRAPEMYRTLE: SPP,4.0,1,,POINT (513535.2709368244 3897530.974436963),4,Brooklyn Village,35.22139,-80.84694,1
1773240,110538218,CRAPEMYRTLE: SPP,4.0,1,,POINT (513535.2709368244 3897530.974436963),5,Carson,35.21889,-80.85083,1
1773241,110538219,CRAPEMYRTLE: SPP,4.0,1,108 E MOREHEAD ST,POINT (513529.90117529366 3897526.126963019),4,Brooklyn Village,35.22139,-80.84694,1
1773241,110538219,CRAPEMYRTLE: SPP,4.0,1,108 E MOREHEAD ST,POINT (513529.90117529366 3897526.126963019),5,Carson,35.21889,-80.85083,1
1773242,110538220,CRAPEMYRTLE: SPP,8.0,1,108 E MOREHEAD ST,POINT (513525.10279660503 3897520.151878455),4,Brooklyn Village,35.22139,-80.84694,1
1773242,110538220,CRAPEMYRTLE: SPP,8.0,1,108 E MOREHEAD ST,POINT (513525.10279660503 3897520.151878455),5,Carson,35.21889,-80.85083,1
1773243,110538221,MAPLE: JAPANESE,5.0,1,108 E MOREHEAD ST,POINT (513519.7406186438 3897514.79899142),5,Carson,35.21889,-80.85083,1
1773244,110538222,OAK: WILLOW,13.0,1,,POINT (513507.8052497864 3897506.8423302127),5,Carson,35.21889,-80.85083,1
1773245,110538223,OAK: WILLOW,10.0,1,,POINT (513500.01499249466 3897492.861299103),5,Carson,35.21889,-80.85083,1
1773246,110538224,OAK: WILLOW,15.0,1,,POINT (513435.74781102367 3897416.2415832635),5,Carson,35.21889,-80.85083,1
1773246,110538224,OAK: WILLOW,15.0,1,,POINT (513435.74781102367 3897416.2415832635),6,Bland,35.21583,-80.85528,1
1773247,110538225,OAK: WILLOW,11.0,1,1117 S TRYON ST,POINT (513438.76955262484 3897394.9837048776),5,Carson,35.21889,-80.85083,1
1773247,110538225,OAK: WILLOW,11.0,1,1117 S TRYON ST,POINT (513438.76955262484 3897394.9837048776),6,Bland,35.21583,-80.85528,1
1773248,110538226,OAK: WILLOW,12.0,1,1117 S TRYON ST,POINT (513444.19725916506 3897388.2952239886),5,Carson,35.21889,-80.85083,1
1773248,110538226,OAK: WILLOW,12.0,1,1117 S TRYON ST,POINT (513444.19725916506 3897388.2952239886),6,Bland,35.21583,-80.85528,1
1773249,110538227,OAK: WILLOW,13.0,1,1117 S TRYON ST,POINT (513458.5001361996 3897372.873766243),5,Carson,35.21889,-80.85083,1
1773250,110538228,MAGNOLIA: SOUTHERN,5.0,1,,POINT (513469.76884215145 3897359.689319135),5,Carson,35.21889,-80.85083,1
1773251,110538229,OAK: WILLOW,4.0,1,,POINT (513070.98341107933 3897005.6060377723),6,Bland,35.21583,-80.85528,1
1773251,110538229,OAK: WILLOW,4.0,1,,POINT (513070.98341107933 3897005.6060377723),7,East/West,35.21194,-80.85917,1
1773252,110538230,OAK: WILLOW,4.0,1,,POINT (513058.1765259888 3896999.3306049835),6,Bland,35.21583,-80.85528,1
1773252,110538230,OAK: WILLOW,4.0,1,,POINT (513058.1765259888 3896999.3306049835),7,East/West,35.21194,-80.85917,1
1773253,110538231,OAK: WILLOW,4.0,1,,POINT (513048.52697451605 3896994.903967086),6,Bland,35.21583,-80.85528,1
1773253,110538231,OAK: WILLOW,4.0,1,,POINT (513048.52697451605 3896994.903967086),7,East/West,35.21194,-80.85917,1
1773254,110538232,OAK: WILLOW,4.0,1,,POINT (513036.22029806994 3896989.7331388164),6,Bland,35.21583,-80.85528,1
1773254,110538232,OAK: WILLOW,4.0,1,,POINT (513036.22029806994 3896989.7331388164),7,East/West,35.21194,-80.85917,1
1773255,110538233,OAK: WILLOW,4.0,1,,POINT (513026.0012852069 3896985.1278384714),6,Bland,35.21583,-80.85528,1
1773256,110538234,OAK: WILLOW,4.0,1,,POINT (513014.4878548986 3896980.0959846596),6,Bland,35.21583,-80.85528,1
1773257,110538235,OAK: WILLOW,4.0,1,,POINT (513003.4489442259 3896975.0714918775),6,Bland,35.21583,-80.85528,1
1773258,110538236,OAK: WILLOW,4.0,1,,POINT (512987.7348905584 3896967.523866262),6,Bland,35.21583,-80.85528,1
1773259,110538237,OAK: WILLOW,4.0,1,,POINT (512977.08874421567 3896962.8422645004),6,Bland,35.21583,-80.85528,1
1773260,110538238,OAK: WILLOW,4.0,1,,POINT (512967.32362770266 3896958.548289177),6,Bland,35.21583,-80.85528,1
1773260,110538238,OAK: WILLOW,4.0,1,,POINT (512967.32362770266 3896958.548289177),7,East/West,35.21194,-80.85917,1
1773261,110538239,OAK: WILLOW,4.0,1,,POINT (512957.0442506893 3896953.450105986),6,Bland,35.21583,-80.85528,1
1773261,110538239,OAK: WILLOW,4.0,1,,POINT (512957.0442506893 3896953.450105986),7,East/West,35.21194,-80.85917,1
1773262,110538240,OAK: WILLOW,4.0,1,,POINT (512946.2226686959 3896948.205107394),6,Bland,35.21583,-80.85528,1
1773262,110538240,OAK: WILLOW,4.0,1,,POINT (512946.2226686959 3896948.205107394),7,East/West,35.21194,-80.85917,1
1773263,110538241,OAK: WILLOW,4.0,1,,POINT (512930.55500309565 3896941.2931736903),6,Bland,35.21583,-80.85528,1
1773263,110538241,OAK: WILLOW,4.0,1,,POINT (512930.55500309565 3896941.2931736903),7,East/West,35.21194,-80.85917,1
1773264,110538242,OAK: WILLOW,4.0,1,,POINT (512923.11436579615 3896937.8807767443),6,Bland,35.21583,-80.85528,1
1773264,110538242,OAK: WILLOW,4.0,1,,POINT (512923.11436579615 3896937.8807767443),7,East/West,35.21194,-80.85917,1
1773265,110538243,OAK: WILLOW,4.0,1,127 W PARK AV,POINT (512891.4853622574 3896920.83071037),6,Bland,35.21583,-80.85528,1
1773265,110538243,OAK: WILLOW,4.0,1,127 W PARK AV,POINT (512891.4853622574 3896920.83071037),7,East/West,35.21194,-80.85917,1
1773266,110538244,OAK: WILLOW,4.0,1,127 W PARK AV,POINT (512878.657265923 3896914.972822436),6,Bland,35.21583,-80.85528,1
1773266,110538244,OAK: WILLOW,4.0,1,127 W PARK AV,POINT (512878.657265923 3896914.972822436),7,East/West,35.21194,-80.85917,1
1773267,110538245,OAK: WILLOW,4.0,1,1611 S TRYON ST,POINT (512865.0575491665 3896908.210347718),6,Bland,35.21583,-80.85528,1
1773267,110538245,OAK: WILLOW,4.0,1,1611 S TRYON ST,POINT (512865.0575491665 3896908.210347718),7,East/West,35.21194,-80.85917,1
1773268,110538246,OAK: SWAMP WHITE,4.0,1,,POINT (512820.7366165066 3896889.4475572044),6,Bland,35.21583,-80.85528,1
1773268,110538246,OAK: SWAMP WHITE,4.0,1,,POINT (512820.7366165066 3896889.4475572044),7,East/West,35.21194,-80.85917,1
1773269,110538247,OAK: SWAMP WHITE,4.0,1,,POINT (512811.6484873466 3896885.911272094),6,Bland,35.21583,-80.85528,1
1773269,110538247,OAK: SWAMP WHITE,4.0,1,,POINT (512811.6484873466 3896885.911272094),7,East/West,35.21194,-80.85917,1
1773270,110538248,OAK: SWAMP WHITE,4.0,1,1629 S TRYON ST,POINT (512798.1643285755 3896878.7981497776),6,Bland,35.21583,-80.85528,1
1773270,110538248,OAK: SWAMP WHITE,4.0,1,1629 S TRYON ST,POINT (512798.1643285755 3896878.7981497776),7,East/West,35.21194,-80.85917,1
1773271,110538249,OAK: SWAMP WHITE,4.0,1,,POINT (512788.4337711749 3896873.8659143755),6,Bland,35.21583,-80.85528,1
1773271,110538249,OAK: SWAMP WHITE,4.0,1,,POINT (512788.4337711749 3896873.8659143755),7,East/West,35.21194,-80.85917,1
1773272,110538250,OAK: SWAMP WHITE,4.0,1,,POINT (512775.5317558179 3896867.498071781),6,Bland,35.21583,-80.85528,1
1773272,110538250,OAK: SWAMP WHITE,4.0,1,,POINT (512775.5317558179 3896867.498071781),7,East/West,35.21194,-80.85917,1
1773273,110538251,OAK: SWAMP WHITE,4.0,1,,POINT (512762.7239972316 3896861.6481934143),6,Bland,35.21583,-80.85528,1
1773273,110538251,OAK: SWAMP WHITE,4.0,1,,POINT (512762.7239972316 3896861.6481934143),7,East/West,35.21194,-80.85917,1
1773274,110538252,OAK NUTALL,4.0,1,209 W KINGSTON AV,POINT (512725.68129513814 3896841.0331844664),6,Bland,35.21583,-80.85528,1
1773274,110538252,OAK NUTALL,4.0,1,209 W KINGSTON AV,POINT (512725.68129513814 3896841.0331844664),7,East/West,35.21194,-80.85917,1
1773275,110538253,OAK NUTALL,4.0,1,209 W KINGSTON AV,POINT (512715.00747833546 3896836.5835100175),6,Bland,35.21583,-80.85528,1
1773275,110538253,OAK NUTALL,4.0,1,209 W KINGSTON AV,POINT (512715.00747833546 3896836.5835100175),7,East/West,35.21194,-80.85917,1
1773276,110538254,ZELKOVA: JAPANESE,15.0,1,,POINT (512867.5851498895 3896642.521962548),6,Bland,35.21583,-80.85528,1
1773276,110538254,ZELKOVA: JAPANESE,15.0,1,,POINT (512867.5851498895 3896642.521962548),7,East/West,35.21194,-80.85917,1
1773277,110538255,ZELKOVA: JAPANESE,4.0,1,,POINT (512886.3423612766 3896670.736606073),6,Bland,35.21583,-80.85528,1
1773277,110538255,ZELKOVA: JAPANESE,4.0,1,,POINT (512886.3423612766 3896670.736606073),7,East/West,35.21194,-80.85917,1
1773278,110538256,ZELKOVA: JAPANESE,4.0,1,,POINT (512891.45847606147 3896678.0339006893),6,Bland,35.21583,-80.85528,1
1773278,110538256,ZELKOVA: JAPANESE,4.0,1,,POINT (512891.45847606147 3896678.0339006893),7,East/West,35.21194,-80.85917,1
1773279,110538257,HACKBERRY: SUGAR,4.0,1,,POINT (513491.6732275782 3897371.319007058),5,Carson,35.21889,-80.85083,1
1773280,110538258,OAK: WILLOW,7.0,1,,POINT (513493.9275535761 3897373.7518675593),5,Carson,35.21889,-80.85083,1
1773281,110538259,HACKBERRY: SUGAR,10.0,1,,POINT (513495.57410632714 3897374.4831961975),5,Carson,35.21889,-80.85083,1
1773282,110538260,ASH: WHITE,10.0,1,,POINT (513496.3661951777 3897375.334699331),5,Carson,35.21889,-80.85083,1
1773283,110538261,OAK: WILLOW,17.0,1,,POINT (513497.6462903161 3897376.308327529),5,Carson,35.21889,-80.85083,1
1773284,110538262,OAK: WILLOW,10.0,1,,POINT (513500.51115106576 3897378.499206599),5,Carson,35.21889,-80.85083,1
1773285,110538263,OAK: WILLOW,18.0,1,,POINT (513501.5451204482 3897380.8694812194),5,Carson,35.21889,-80.85083,1
1773286,110538264,OAK: SWAMP WHITE,12.0,1,,POINT (513504.2885615336 3897382.634942379),5,Carson,35.21889,-80.85083,1
1773287,110538265,HACKBERRY: SUGAR,5.0,1,,POINT (513508.67729658086 3897386.042845393),5,Carson,35.21889,-80.85083,1
1773288,110538266,ASH: GREEN,8.0,1,,POINT (513509.2727699269 3897386.880887651),5,Carson,35.21889,-80.85083,1
1773289,110538267,FIG: COMMOM,5.0,1,,POINT (513533.83924151136 3897409.2765910407),5,Carson,35.21889,-80.85083,1
1773292,110538270,OAK: WILLOW,10.0,1,,POINT (513558.1972872445 3897489.242615055),4,Brooklyn Village,35.22139,-80.84694,1
1773292,110538270,OAK: WILLOW,10.0,1,,POINT (513558.1972872445 3897489.242615055),5,Carson,35.21889,-80.85083,1
1773293,110538271,OAK: WILLOW,8.0,1,,POINT (512853.3649295327 3896647.3450017706),6,Bland,35.21583,-80.85528,1
1773293,110538271,OAK: WILLOW,8.0,1,,POINT (512853.3649295327 3896647.3450017706),7,East/West,35.21194,-80.85917,1
1773294,110538272,OAK: WILLOW,4.0,1,,POINT (512860.1549881953 3896660.1680517527),6,Bland,35.21583,-80.85528,1
1773294,110538272,OAK: WILLOW,4.0,1,,POINT (512860.1549881953 3896660.1680517527),7,East/West,35.21194,-80.85917,1
1773295,110538273,OAK: WILLOW,4.0,1,,POINT (512866.8567140278 3896668.318038289),6,Bland,35.21583,-80.85528,1
1773295,110538273,OAK: WILLOW,4.0,1,,POINT (512866.8567140278 3896668.318038289),7,East/West,35.21194,-80.85917,1
1773296,110538274,OAK: WILLOW,4.0,1,,POINT (512871.6046877334 3896677.072716238),6,Bland,35.21583,-80.85528,1
1773296,110538274,OAK: WILLOW,4.0,1,,POINT (512871.6046877334 3896677.072716238),7,East/West,35.21194,-80.85917,1
1773297,110538275,OAK: WILLOW,4.0,1,,POINT (512876.9642876917 3896684.8562841015),6,Bland,35.21583,-80.85528,1
1773297,110538275,OAK: WILLOW,4.0,1,,POINT (512876.9642876917 3896684.8562841015),7,East/West,35.21194,-80.85917,1
1773298,110538276,OAK: WILLOW,4.0,1,,POINT (512883.41950500925 3896694.640293034),6,Bland,35.21583,-80.85528,1
1773298,110538276,OAK: WILLOW,4.0,1,,POINT (512883.41950500925 3896694.640293034),7,East/West,35.21194,-80.85917,1
1773299,110538277,HORNBEAM: AMERICAN,4.0,1,,POINT (512911.21678560413 3896707.883005988),6,Bland,35.21583,-80.85528,1
1773299,110538277,HORNBEAM: AMERICAN,4.0,1,,POINT (512911.21678560413 3896707.883005988),7,East/West,35.21194,-80.85917,1
1773300,110538278,HORNBEAM: AMERICAN,4.0,1,,POINT (512916.091248714 3896713.357354882),6,Bland,35.21583,-80.85528,1
1773300,110538278,HORNBEAM: AMERICAN,4.0,1,,POINT (512916.091248714 3896713.357354882),7,East/West,35.21194,-80.85917,1
1773301,110538279,CHERRY YOSHINO,4.0,1,1700 CAMDEN RD #101,POINT (512909.05363996344 3896731.595014198),6,Bland,35.21583,-80.85528,1
1773301,110538279,CHERRY YOSHINO,4.0,1,1700 CAMDEN RD #101,POINT (512909.05363996344 3896731.595014198),7,East/West,35.21194,-80.85917,1
1773302,110538280,CHERRY YOSHINO,4.0,1,1700 CAMDEN RD #101,POINT (512913.6837300365 3896737.31202265),6,Bland,35.21583,-80.85528,1
1773302,110538280,CHERRY YOSHINO,4.0,1,1700 CAMDEN RD #101,POINT (512913.6837300365 3896737.31202265),7,East/West,35.21194,-80.85917,1
1773303,110538281,CHERRY YOSHINO,4.0,1,,POINT (512917.82388444553 3896744.2433768315),6,Bland,35.21583,-80.85528,1
1773303,110538281,CHERRY YOSHINO,4.0,1,,POINT (512917.82388444553 3896744.2433768315),7,East/West,35.21194,-80.85917,1
1773304,110538282,HORNBEAM: AMERICAN,4.0,1,,POINT (512926.9556261566 3896731.6745301755),6,Bland,35.21583,-80.85528,1
1773304,110538282,HORNBEAM: AMERICAN,4.0,1,,POINT (512926.9556261566 3896731.6745301755),7,East/West,35.21194,-80.85917,1
1773305,110538283,HORNBEAM: AMERICAN,4.0,1,,POINT (512935.3609887979 3896743.350506379),6,Bland,35.21583,-80.85528,1
1773305,110538283,HORNBEAM: AMERICAN,4.0,1,,POINT (512935.3609887979 3896743.350506379),7,East/West,35.21194,-80.85917,1
1773306,110538284,OAK: WILLOW,24.0,1,,POINT (513655.68006202235 3897422.500886129),4,Brooklyn Village,35.22139,-80.84694,1
1773306,110538284,OAK: WILLOW,24.0,1,,POINT (513655.68006202235 3897422.500886129),5,Carson,35.21889,-80.85083,1
1773307,110538285,OAK: WILLOW,19.0,1,,POINT (513646.2686531828 3897431.4757421277),4,Brooklyn Village,35.22139,-80.84694,1
1773307,110538285,OAK: WILLOW,19.0,1,,POINT (513646.2686531828 3897431.4757421277),5,Carson,35.21889,-80.85083,1
1773308,110538286,OAK: WILLOW,19.0,1,,POINT (513637.87532072875 3897439.7287608967),4,Brooklyn Village,35.22139,-80.84694,1
1773308,110538286,OAK: WILLOW,19.0,1,,POINT (513637.87532072875 3897439.7287608967),5,Carson,35.21889,-80.85083,1
1773309,110538287,OAK: WILLOW,21.0,1,,POINT (513630.54137694585 3897447.006091981),4,Brooklyn Village,35.22139,-80.84694,1
1773309,110538287,OAK: WILLOW,21.0,1,,POINT (513630.54137694585 3897447.006091981),5,Carson,35.21889,-80.85083,1
1773310,110538288,OAK: WILLOW,19.0,1,,POINT (513626.01682778104 3897452.775533805),4,Brooklyn Village,35.22139,-80.84694,1
1773310,110538288,OAK: WILLOW,19.0,1,,POINT (513626.01682778104 3897452.775533805),5,Carson,35.21889,-80.85083,1
1773311,110538289,OAK: WILLOW,18.0,1,,POINT (513619.79576627567 3897459.4892273475),4,Brooklyn Village,35.22139,-80.84694,1
1773311,110538289,OAK: WILLOW,18.0,1,,POINT (513619.79576627567 3897459.4892273475),5,Carson,35.21889,-80.85083,1
1773312,110538290,OAK: WILLOW,24.0,1,,POINT (513613.5782846399 3897463.796955099),4,Brooklyn Village,35.22139,-80.84694,1
1773312,110538290,OAK: WILLOW,24.0,1,,POINT (513613.5782846399 3897463.796955099),5,Carson,35.21889,-80.85083,1
1773313,110538291,OAK: WILLOW,22.0,1,,POINT (513602.24020414497 3897464.454248905),4,Brooklyn Village,35.22139,-80.84694,1
1773313,110538291,OAK: WILLOW,22.0,1,,POINT (513602.24020414497 3897464.454248905),5,Carson,35.21889,-80.85083,1
1773314,110538292,OAK: WILLOW,23.0,1,,POINT (513593.46604317444 3897455.573448295),5,Carson,35.21889,-80.85083,1
1773315,110538293,OAK: WILLOW,19.0,1,,POINT (513586.2767958503 3897447.788409845),5,Carson,35.21889,-80.85083,1
1773316,110538294,OAK: WILLOW,17.0,1,MOREHEAD SQUARE DR,POINT (513579.1509860876 3897442.820159865),5,Carson,35.21889,-80.85083,1
1773317,110538295,OAK: WILLOW,17.0,1,MOREHEAD SQUARE DR,POINT (513573.5470043284 3897436.0091988677),5,Carson,35.21889,-80.85083,1
1773318,110538296,OAK: WILLOW,13.0,1,MOREHEAD SQUARE DR,POINT (513567.08702500706 3897430.1687241807),5,Carson,35.21889,-80.85083,1
1773319,110538297,OAK: WILLOW,15.0,1,,POINT (513545.2140057582 3897411.3693509256),5,Carson,35.21889,-80.85083,1
1773320,110538298,OAK: WILLOW,12.0,1,,POINT (513539.8540012144 3897404.5587061765),5,Carson,35.21889,-80.85083,1
1773321,110538299,OAK: WILLOW,12.0,1,,POINT (513533.8978559215 3897397.325277743),5,Carson,35.21889,-80.85083,1
1773322,110538300,OAK: WATER,12.0,1,,POINT (513526.70579524257 3897391.362260072),5,Carson,35.21889,-80.85083,1
1773323,110538301,OAK: WILLOW,13.0,1,,POINT (513516.6176635707 3897381.397556531),5,Carson,35.21889,-80.85083,1
1773324,110538302,OAK: WILLOW,13.0,1,,POINT (513509.3043522293 3897374.827036691),5,Carson,35.21889,-80.85083,1
1773325,110538303,OAK: WILLOW,16.0,1,,POINT (513501.1529745548 3897366.510747601),5,Carson,35.21889,-80.85083,1
1773326,110538304,OAK: WILLOW,16.0,1,,POINT (513494.8160676921 3897359.9417022234),5,Carson,35.21889,-80.85083,1
1773327,110538305,MAPLE: FREEMAN,11.0,1,,POINT (513504.14518014673 3897324.331584256),5,Carson,35.21889,-80.85083,1
1773328,110538306,OAK: SCARLET,5.0,1,210 E CARSON BV,POINT (513484.0145882535 3897319.013912878),5,Carson,35.21889,-80.85083,1
1773329,110538307,OAK: SCARLET,5.0,1,206 E CARSON BV,POINT (513475.2752000778 3897327.504142294),5,Carson,35.21889,-80.85083,1
1773330,110538308,OAK: SCARLET,5.0,1,E PALMER ST,POINT (513468.8681008081 3897336.1955535635),5,Carson,35.21889,-80.85083,1
1773331,110538309,OAK: SCARLET,5.0,1,132 E CARSON BV,POINT (513459.77986341564 3897346.753914129),5,Carson,35.21889,-80.85083,1
1773332,110538310,OAK: SCARLET,3.0,1,120 E CARSON BV,POINT (513448.44420215336 3897359.3656506944),5,Carson,35.21889,-80.85083,1
1773333,110538311,OAK: SCARLET,3.0,1,116 E CARSON BV,POINT (513441.737530249 3897364.3792734984),5,Carson,35.21889,-80.85083,1
1773333,110538311,OAK: SCARLET,3.0,1,116 E CARSON BV,POINT (513441.737530249 3897364.3792734984),6,Bland,35.21583,-80.85528,1
1773334,110538312,OAK: SCARLET,6.0,1,108 E CARSON BV,POINT (513433.4588248541 3897377.8117520763),5,Carson,35.21889,-80.85083,1
1773334,110538312,OAK: SCARLET,6.0,1,108 E CARSON BV,POINT (513433.4588248541 3897377.8117520763),6,Bland,35.21583,-80.85528,1
1773335,110538313,OAK: SCARLET,5.0,1,104 E CARSON BV,POINT (513428.9359036185 3897382.542596359),5,Carson,35.21889,-80.85083,1
1773335,110538313,OAK: SCARLET,5.0,1,104 E CARSON BV,POINT (513428.9359036185 3897382.542596359),6,Bland,35.21583,-80.85528,1
1773336,110538314,MAPLE: RED,3.0,1,104 E CARSON BV,POINT (513425.310020654 3897385.8988086293),5,Carson,35.21889,-80.85083,1
1773336,110538314,MAPLE: RED,3.0,1,104 E CARSON BV,POINT (513425.310020654 3897385.8988086293),6,Bland,35.21583,-80.85528,1
1773337,110538315,MAPLE: TRIDENT,5.0,1,E CARSON BV,POINT (513418.8371290105 3897388.7438882547),5,Carson,35.21889,-80.85083,1
1773337,110538315,MAPLE: TRIDENT,5.0,1,E CARSON BV,POINT (513418.8371290105 3897388.7438882547),6,Bland,35.21583,-80.85528,1
1773338,110538316,MAPLE: TRIDENT,5.0,1,E CARSON BV,POINT (513410.47044629045 3897388.3591259145),5,Carson,35.21889,-80.85083,1
1773338,110538316,MAPLE: TRIDENT,5.0,1,E CARSON BV,POINT (513410.47044629045 3897388.3591259145),6,Bland,35.21583,-80.85528,1
1773339,110538317,MAPLE: TRIDENT,6.0,1,E CARSON BV,POINT (513405.3519726256 3897383.1888376437),5,Carson,35.21889,-80.85083,1
1773339,110538317,MAPLE: TRIDENT,6.0,1,E CARSON BV,POINT (513405.3519726256 3897383.1888376437),6,Bland,35.21583,-80.85528,1
1773340,110538318,MAPLE: TRIDENT,6.0,1,E CARSON BV,POINT (513403.2128811024 3897376.203006268),5,Carson,35.21889,-80.85083,1
1773340,110538318,MAPLE: TRIDENT,6.0,1,E CARSON BV,POINT (513403.2128811024 3897376.203006268),6,Bland,35.21583,-80.85528,1
1773341,110538319,OAK: WILLOW,16.0,1,E CARSON BV,POINT (513398.1007013075 3897366.7203357527),5,Carson,35.21889,-80.85083,1
1773341,110538319,OAK: WILLOW,16.0,1,E CARSON BV,POINT (513398.1007013075 3897366.7203357527),6,Bland,35.21583,-80.85528,1
1773342,110538320,OAK: WILLOW,21.0,1,108 E CARSON BV,POINT (513404.3937199251 3897357.1697839964),5,Carson,35.21889,-80.85083,1
1773342,110538320,OAK: WILLOW,21.0,1,108 E CARSON BV,POINT (513404.3937199251 3897357.1697839964),6,Bland,35.21583,-80.85528,1
1773343,110538321,OAK: WILLOW,14.0,1,116 E CARSON BV,POINT (513413.49563488085 3897346.503306588),6,Bland,35.21583,-80.85528,1
1773344,110538322,OAK: WILLOW,16.0,1,120 E CARSON BV,POINT (513419.97610596195 3897338.617019651),6,Bland,35.21583,-80.85528,1
1773345,110538323,OAK: WILLOW,16.0,1,128 E CARSON BV,POINT (513429.63218699535 3897329.156327214),6,Bland,35.21583,-80.85528,1
1773346,110538324,ARBORVITAE SPP,3.0,1,104 E CARSON BV,POINT (513411.41877095687 3897366.2008292316),5,Carson,35.21889,-80.85083,0
1773346,110538324,ARBORVITAE SPP,3.0,1,104 E CARSON BV,POINT (513411.41877095687 3897366.2008292316),6,Bland,35.21583,-80.85528,0
1773347,110538325,ARBORVITAE SPP,3.0,1,108 E CARSON BV,POINT (513415.6168839465 3897360.965274137),5,Carson,35.21889,-80.85083,0
1773347,110538325,ARBORVITAE SPP,3.0,1,108 E CARSON BV,POINT (513415.6168839465 3897360.965274137),6,Bland,35.21583,-80.85528,0
1773348,110538326,ARBORVITAE SPP,3.0,1,112 E CARSON BV,POINT (513420.9942689953 3897356.114255365),6,Bland,35.21583,-80.85528,0
1773349,110538327,ARBORVITAE SPP,3.0,1,116 E CARSON BV,POINT (513425.76175913855 3897351.140955473),6,Bland,35.21583,-80.85528,0
1773350,110538328,ARBORVITAE SPP,3.0,1,120 E CARSON BV,POINT (513431.2764767589 3897345.1513806973),6,Bland,35.21583,-80.85528,0
1773351,110538329,ARBORVITAE SPP,3.0,1,124 E CARSON BV,POINT (513435.92108852824 3897340.663772026),6,Bland,35.21583,-80.85528,0
1773352,110538330,ARBORVITAE SPP,3.0,1,128 E CARSON BV,POINT (513440.8127428345 3897334.2327722996),6,Bland,35.21583,-80.85528,0
1773353,110538331,MAPLE: AMUR,4.0,1,132 E CARSON BV,POINT (513447.2637572787 3897327.8977870843),6,Bland,35.21583,-80.85528,1
1773354,110538332,MAPLE: AMUR,4.0,1,E PALMER ST,POINT (513451.54314519506 3897322.8021601285),6,Bland,35.21583,-80.85528,1
1773355,110538333,ARBORVITAE SPP,3.0,1,206 E CARSON BV,POINT (513458.9021615769 3897312.300252069),6,Bland,35.21583,-80.85528,0
1773370,110538348,OAK: WILLOW,25.0,1,210 E CARSON BV,POINT (513455.1162410088 3897300.209681482),6,Bland,35.21583,-80.85528,1
1773371,110538349,OAK: WILLOW,27.0,1,202 E CARSON BV,POINT (513447.9026048471 3897308.702154476),6,Bland,35.21583,-80.85528,1
1773372,110538350,HOPHORNBEAM,7.0,1,,POINT (513432.0507685548 3897316.8711901098),6,Bland,35.21583,-80.85528,1
1773373,110538351,HOPHORNBEAM,3.0,1,,POINT (513430.85245657514 3897301.927852161),6,Bland,35.21583,-80.85528,1
1773374,110538352,HOPHORNBEAM,5.0,1,,POINT (513423.51712379674 3897310.1773892757),6,Bland,35.21583,-80.85528,1
1773375,110538353,HOPHORNBEAM,4.0,1,,POINT (513417.5466786797 3897303.365844704),6,Bland,35.21583,-80.85528,1
1773376,110538354,HOPHORNBEAM,6.0,1,,POINT (513424.516783558 3897294.508489286),6,Bland,35.21583,-80.85528,1
1773377,110538355,HOPHORNBEAM,6.0,1,,POINT (513413.7987322219 3897297.589113543),6,Bland,35.21583,-80.85528,1
1773378,110538356,HOPHORNBEAM,7.0,1,,POINT (513419.3055121531 3897287.8793297494),6,Bland,35.21583,-80.85528,1
1773379,110538357,HOPHORNBEAM,5.0,1,,POINT (513412.9698411507 3897280.4598669815),6,Bland,35.21583,-80.85528,1
1773380,110538358,HOPHORNBEAM,5.0,1,,POINT (513400.6689910683 3897280.925374407),6,Bland,35.21583,-80.85528,1
1773381,110538359,HOPHORNBEAM,6.0,1,,POINT (513407.1489180334 3897273.403551875),6,Bland,35.21583,-80.85528,1
1773382,110538360,HOPHORNBEAM,6.0,1,,POINT (513396.28370946326 3897275.0880051507),6,Bland,35.21583,-80.85528,1
1773383,110538361,HOPHORNBEAM,6.0,1,,POINT (513401.6652454096 3897267.564450249),6,Bland,35.21583,-80.85528,1
1773384,110538362,HOPHORNBEAM,7.0,1,,POINT (513397.1035729454 3897261.8066213857),6,Bland,35.21583,-80.85528,1
1773385,110538363,HOPHORNBEAM,6.0,1,,POINT (513391.8383463177 3897254.91239266),6,Bland,35.21583,-80.85528,1
1773386,110538364,MAPLE: SUGAR,5.0,1,,POINT (513377.564338845 3897241.5510741738),6,Bland,35.21583,-80.85528,1
1773387,110538365,MAPLE: RED,10.0,1,,POINT (513368.43235091784 3897226.7174663898),6,Bland,35.21583,-80.85528,1
1773388,110538366,MAPLE: RED,8.0,1,,POINT (513361.12017357827 3897219.29662747),6,Bland,35.21583,-80.85528,1
1773389,110538367,MAPLE: RED,8.0,1,,POINT (513354.5395357366 3897212.3626961745),6,Bland,35.21583,-80.85528,1
1773390,110538368,OAK: WILLOW,17.0,1,,POINT (513334.1645080982 3897234.6557366983),6,Bland,35.21583,-80.85528,1
1773391,110538369,OAK: WILLOW,17.0,1,,POINT (513329.88457457337 3897240.1159278844),6,Bland,35.21583,-80.85528,1
1773392,110538370,OAK: WILLOW,18.0,1,,POINT (513322.06602696603 3897244.9633576344),6,Bland,35.21583,-80.85528,1
1773393,110538371,OAK: WILLOW,18.0,1,,POINT (513315.34503046895 3897250.4199618073),6,Bland,35.21583,-80.85528,1
1773394,110538372,JAPANESE SNOWBELL,5.0,1,,POINT (513316.22127182665 3897235.6010182165),6,Bland,35.21583,-80.85528,1
1773395,110538373,JAPANESE SNOWBELL,6.0,1,,POINT (513324.40613303054 3897230.6325778156),6,Bland,35.21583,-80.85528,1
1773396,110538374,JAPANESE SNOWBELL,6.0,1,,POINT (513330.1781608111 3897224.9145695968),6,Bland,35.21583,-80.85528,1
1773397,110538375,MAPLE: RED,3.0,1,,POINT (513335.5050260098 3897217.6080985796),6,Bland,35.21583,-80.85528,1
1773398,110538376,MAPLE: RED,8.0,1,201 EAST BV,POINT (513344.588075264 3897201.366717311),6,Bland,35.21583,-80.85528,1
1773399,110538377,MAPLE: RED,3.0,1,,POINT (513337.7446983665 3897207.065939281),6,Bland,35.21583,-80.85528,1
1773400,110538378,MAPLE: RED,2.0,1,,POINT (513330.2561006935 3897199.6814431716),6,Bland,35.21583,-80.85528,1
1773401,110538379,MAPLE: RED,2.0,1,,POINT (513334.785292101 3897190.698912203),6,Bland,35.21583,-80.85528,1
1773402,110538380,MAPLE: RED,2.0,1,,POINT (513328.814205187 3897184.2517305724),6,Bland,35.21583,-80.85528,1
1773403,110538381,MAPLE: RED,2.0,1,,POINT (513323.1882964957 3897192.0179448742),6,Bland,35.21583,-80.85528,1
1773404,110538382,MAPLE: RED,2.0,1,,POINT (513317.25726940844 3897185.9299462107),6,Bland,35.21583,-80.85528,1
1773405,110538383,MAPLE: RED,7.0,1,,POINT (513321.2980646408 3897177.067966013),6,Bland,35.21583,-80.85528,1
1773406,110538384,MAPLE: RED,5.0,1,,POINT (513303.0006205247 3897169.8857592484),6,Bland,35.21583,-80.85528,1
1773407,110538385,MAPLE: RED,8.0,1,,POINT (513296.8790084808 3897164.313785563),6,Bland,35.21583,-80.85528,1
1773408,110538386,MAPLE: RED,6.0,1,,POINT (513290.78583107487 3897157.866543945),6,Bland,35.21583,-80.85528,1
1773409,110538387,MAPLE: RED,5.0,1,,POINT (513283.23184630484 3897148.744647829),6,Bland,35.21583,-80.85528,1
1773410,110538388,MAPLE: RED,8.0,1,,POINT (513275.90739024174 3897140.3451279677),6,Bland,35.21583,-80.85528,1
1773411,110538389,MAPLE: RED,10.0,1,,POINT (513268.8384003985 3897133.4104568413),6,Bland,35.21583,-80.85528,1
1773412,110538390,OAK: WILLOW,16.0,1,,POINT (513256.91720524547 3897133.8571159374),6,Bland,35.21583,-80.85528,1
1773413,110538391,OAK: WILLOW,14.0,1,,POINT (513250.070267414 3897141.9862019653),6,Bland,35.21583,-80.85528,1
1773414,110538392,OAK: WILLOW,16.0,1,,POINT (513243.4652351652 3897151.5732638673),6,Bland,35.21583,-80.85528,1
1773415,110538393,OAK: WILLOW,18.0,1,,POINT (513232.3421692046 3897162.611389821),6,Bland,35.21583,-80.85528,1
1773416,110538394,OAK: WILLOW,28.0,1,,POINT (513154.68809712946 3897088.4629771644),6,Bland,35.21583,-80.85528,1
1773417,110538395,OAK: WILLOW,23.0,1,,POINT (513149.08748732496 3897078.9784663576),6,Bland,35.21583,-80.85528,1
1773418,110538396,OAK: WILLOW,23.0,1,,POINT (513142.75081130833 3897071.9215599084),6,Bland,35.21583,-80.85528,1
1773419,110538397,OAK: WILLOW,18.0,1,,POINT (513136.5066465264 3897064.91341428),6,Bland,35.21583,-80.85528,1
1773420,110538398,OAK: WILLOW,4.0,1,,POINT (513129.83455782646 3897057.079101904),6,Bland,35.21583,-80.85528,1
1773421,110538399,BUCKEYE: RED,4.0,1,,POINT (513116.9213158795 3897042.082215149),6,Bland,35.21583,-80.85528,1
1773421,110538399,BUCKEYE: RED,4.0,1,,POINT (513116.9213158795 3897042.082215149),7,East/West,35.21194,-80.85917,1
1773422,110538400,ZELKOVA: JAPANESE,4.0,1,1700 CAMDEN RD #101,POINT (512907.8924395047 3896756.4726325492),6,Bland,35.21583,-80.85528,1
1773422,110538400,ZELKOVA: JAPANESE,4.0,1,1700 CAMDEN RD #101,POINT (512907.8924395047 3896756.4726325492),7,East/West,35.21194,-80.85917,1
1773423,110538401,ZELKOVA: JAPANESE,4.0,1,1700 CAMDEN RD #101,POINT (512900.2493246987 3896761.8092640974),6,Bland,35.21583,-80.85528,1
1773423,110538401,ZELKOVA: JAPANESE,4.0,1,1700 CAMDEN RD #101,POINT (512900.2493246987 3896761.8092640974),7,East/West,35.21194,-80.85917,1
1773424,110538402,CRAPEMYRTLE: SPP,4.0,1,,POINT (512884.4918222071 3896770.1700875526),6,Bland,35.21583,-80.85528,1
1773424,110538402,CRAPEMYRTLE: SPP,4.0,1,,POINT (512884.4918222071 3896770.1700875526),7,East/West,35.21194,-80.85917,1
1773425,110538403,OAK: OVERCUP,4.0,1,,POINT (512870.5659813971 3896777.926159485),6,Bland,35.21583,-80.85528,1
1773425,110538403,OAK: OVERCUP,4.0,1,,POINT (512870.5659813971 3896777.926159485),7,East/West,35.21194,-80.85917,1
1773426,110538404,OAK: OVERCUP,4.0,1,,POINT (512861.4048858458 3896782.6515452364),6,Bland,35.21583,-80.85528,1
1773426,110538404,OAK: OVERCUP,4.0,1,,POINT (512861.4048858458 3896782.6515452364),7,East/West,35.21194,-80.85917,1
1773427,110538405,OAK: OVERCUP,4.0,1,,POINT (512850.7773504768 3896788.5898003513),6,Bland,35.21583,-80.85528,1
1773427,110538405,OAK: OVERCUP,4.0,1,,POINT (512850.7773504768 3896788.5898003513),7,East/West,35.21194,-80.85917,1
1773428,110538406,CRAPEMYRTLE: SPP,4.0,1,,POINT (512844.1538639491 3896792.214392917),6,Bland,35.21583,-80.85528,1
1773428,110538406,CRAPEMYRTLE: SPP,4.0,1,,POINT (512844.1538639491 3896792.214392917),7,East/West,35.21194,-80.85917,1
1773429,110538407,CRAPEMYRTLE: SPP,4.0,1,,POINT (512834.9913827706 3896797.911784846),6,Bland,35.21583,-80.85528,1
1773429,110538407,CRAPEMYRTLE: SPP,4.0,1,,POINT (512834.9913827706 3896797.911784846),7,East/West,35.21194,-80.85917,1
1773430,110538408,CRAPEMYRTLE: SPP,4.0,1,,POINT (512824.9748798338 3896803.364984877),6,Bland,35.21583,-80.85528,1
1773430,110538408,CRAPEMYRTLE: SPP,4.0,1,,POINT (512824.9748798338 3896803.364984877),7,East/West,35.21194,-80.85917,1
1773431,110538409,OAK: OVERCUP,4.0,1,,POINT (512819.23236244585 3896807.3951012976),6,Bland,35.21583,-80.85528,1
1773431,110538409,OAK: OVERCUP,4.0,1,,POINT (512819.23236244585 3896807.3951012976),7,East/West,35.21194,-80.85917,1
1773432,110538410,OAK: OVERCUP,4.0,1,,POINT (512811.65914946754 3896811.2723398386),6,Bland,35.21583,-80.85528,1
1773432,110538410,OAK: OVERCUP,4.0,1,,POINT (512811.65914946754 3896811.2723398386),7,East/West,35.21194,-80.85917,1
1773433,110538411,OAK: WILLOW,4.0,1,201 W KINGSTON AV,POINT (512794.9451721133 3896805.6598359956),6,Bland,35.21583,-80.85528,1
1773433,110538411,OAK: WILLOW,4.0,1,201 W KINGSTON AV,POINT (512794.9451721133 3896805.6598359956),7,East/West,35.21194,-80.85917,1
1773434,110538412,OAK: WILLOW,4.0,1,201 W KINGSTON AV,POINT (512789.4669432208 3896795.4463421553),6,Bland,35.21583,-80.85528,1
1773434,110538412,OAK: WILLOW,4.0,1,201 W KINGSTON AV,POINT (512789.4669432208 3896795.4463421553),7,East/West,35.21194,-80.85917,1
1773435,110538413,OAK: WILLOW,4.0,1,201 W KINGSTON AV,POINT (512784.43143937294 3896788.6445381795),6,Bland,35.21583,-80.85528,1
1773435,110538413,OAK: WILLOW,4.0,1,201 W KINGSTON AV,POINT (512784.43143937294 3896788.6445381795),7,East/West,35.21194,-80.85917,1
1773436,110538414,OAK: WILLOW,4.0,1,,POINT (512779.1971395606 3896778.5528512876),6,Bland,35.21583,-80.85528,1
1773436,110538414,OAK: WILLOW,4.0,1,,POINT (512779.1971395606 3896778.5528512876),7,East/West,35.21194,-80.85917,1
1773437,110538415,OAK: WILLOW,4.0,1,,POINT (512772.1339454328 3896767.12210324),6,Bland,35.21583,-80.85528,1
1773437,110538415,OAK: WILLOW,4.0,1,,POINT (512772.1339454328 3896767.12210324),7,East/West,35.21194,-80.85917,1
1773438,110538416,OAK: WILLOW,4.0,1,,POINT (512765.45170635503 3896754.7592945336),7,East/West,35.21194,-80.85917,1
1773439,110538417,OAK: WILLOW,4.0,1,200 WEST BV #1,POINT (512758.8772602079 3896742.843127656),7,East/West,35.21194,-80.85917,1
1773440,110538418,OAK: WILLOW,4.0,1,200 WEST BV #1,POINT (512751.6947968553 3896729.3467164305),7,East/West,35.21194,-80.85917,1
1773441,110538419,OAK: WILLOW,4.0,1,200 WEST BV #1,POINT (512746.3365809333 3896720.5912424056),7,East/West,35.21194,-80.85917,1
1773442,110538420,OAK: WILLOW,4.0,1,,POINT (512741.4662691957 3896711.9579913174),7,East/West,35.21194,-80.85917,1
1773443,110538421,CHERRY YOSHINO,4.0,1,,POINT (512730.60137959954 3896713.03619282),7,East/West,35.21194,-80.85917,1
1773444,110538422,CHERRY YOSHINO,4.0,1,200 WEST BV #1,POINT (512740.09797397314 3896730.1808861094),7,East/West,35.21194,-80.85917,1
1773445,110538423,CHERRY YOSHINO,4.0,1,200 WEST BV #1,POINT (512745.93999304186 3896742.0958946976),7,East/West,35.21194,-80.85917,1
1773446,110538424,CHERRY YOSHINO,4.0,1,200 WEST BV #1,POINT (512752.1514888016 3896751.7031045267),7,East/West,35.21194,-80.85917,1
1773447,110538425,CHERRY YOSHINO,4.0,1,1712 HAWKINS ST,POINT (512755.68081238907 3896759.119417485),7,East/West,35.21194,-80.85917,1
1773448,110538426,MAPLE: TRIDENT,4.0,1,,POINT (512770.8049144285 3896834.2601771746),6,Bland,35.21583,-80.85528,1
1773448,110538426,MAPLE: TRIDENT,4.0,1,,POINT (512770.8049144285 3896834.2601771746),7,East/West,35.21194,-80.85917,1
1773449,110538427,MAPLE: TRIDENT,4.0,1,,POINT (512753.68338607537 3896843.470557332),6,Bland,35.21583,-80.85528,1
1773449,110538427,MAPLE: TRIDENT,4.0,1,,POINT (512753.68338607537 3896843.470557332),7,East/West,35.21194,-80.85917,1
1773450,110538428,OAK: SWAMP WHITE,4.0,1,,POINT (512772.7415897057 3896850.537898699),6,Bland,35.21583,-80.85528,1
1773450,110538428,OAK: SWAMP WHITE,4.0,1,,POINT (512772.7415897057 3896850.537898699),7,East/West,35.21194,-80.85917,1
1773451,110538429,OAK: SWAMP WHITE,4.0,1,,POINT (512780.29610403796 3896845.4447658653),6,Bland,35.21583,-80.85528,1
1773451,110538429,OAK: SWAMP WHITE,4.0,1,,POINT (512780.29610403796 3896845.4447658653),7,East/West,35.21194,-80.85917,1
1773452,110538430,OAK: SWAMP WHITE,4.0,1,,POINT (512787.5987870719 3896841.024013111),6,Bland,35.21583,-80.85528,1
1773452,110538430,OAK: SWAMP WHITE,4.0,1,,POINT (512787.5987870719 3896841.024013111),7,East/West,35.21194,-80.85917,1
1773453,110538431,CRAPEMYRTLE: SPP,4.0,1,,POINT (512841.73831505945 3896809.9273209837),6,Bland,35.21583,-80.85528,1
1773453,110538431,CRAPEMYRTLE: SPP,4.0,1,,POINT (512841.73831505945 3896809.9273209837),7,East/West,35.21194,-80.85917,1
1773454,110538432,CRAPEMYRTLE: SPP,4.0,1,,POINT (512853.8933631823 3896802.7922260785),6,Bland,35.21583,-80.85528,1
1773454,110538432,CRAPEMYRTLE: SPP,4.0,1,,POINT (512853.8933631823 3896802.7922260785),7,East/West,35.21194,-80.85917,1
1773455,110538433,CRAPEMYRTLE: SPP,4.0,1,,POINT (512858.62672956835 3896800.2171768863),6,Bland,35.21583,-80.85528,1
1773455,110538433,CRAPEMYRTLE: SPP,4.0,1,,POINT (512858.62672956835 3896800.2171768863),7,East/West,35.21194,-80.85917,1
1773456,110538434,CRAPEMYRTLE: SPP,4.0,1,,POINT (512867.2999300667 3896795.294673525),6,Bland,35.21583,-80.85528,1
1773456,110538434,CRAPEMYRTLE: SPP,4.0,1,,POINT (512867.2999300667 3896795.294673525),7,East/West,35.21194,-80.85917,1
1773457,110538435,CRAPEMYRTLE: SPP,4.0,1,,POINT (512873.56415902136 3896791.540150742),6,Bland,35.21583,-80.85528,1
1773457,110538435,CRAPEMYRTLE: SPP,4.0,1,,POINT (512873.56415902136 3896791.540150742),7,East/West,35.21194,-80.85917,1
1773458,110538436,CRAPEMYRTLE: SPP,4.0,1,,POINT (512882.0063047093 3896786.9784671906),6,Bland,35.21583,-80.85528,1
1773458,110538436,CRAPEMYRTLE: SPP,4.0,1,,POINT (512882.0063047093 3896786.9784671906),7,East/West,35.21194,-80.85917,1
1773459,110538437,CRAPEMYRTLE: SPP,4.0,1,,POINT (512896.1723455081 3896779.539213786),6,Bland,35.21583,-80.85528,1
1773459,110538437,CRAPEMYRTLE: SPP,4.0,1,,POINT (512896.1723455081 3896779.539213786),7,East/West,35.21194,-80.85917,1
1773460,110538438,CRAPEMYRTLE: SPP,4.0,1,,POINT (512902.3345040679 3896776.1111121327),6,Bland,35.21583,-80.85528,1
1773460,110538438,CRAPEMYRTLE: SPP,4.0,1,,POINT (512902.3345040679 3896776.1111121327),7,East/West,35.21194,-80.85917,1
1773461,110538439,CRAPEMYRTLE: SPP,4.0,1,,POINT (512909.72506474756 3896771.899615546),6,Bland,35.21583,-80.85528,1
1773461,110538439,CRAPEMYRTLE: SPP,4.0,1,,POINT (512909.72506474756 3896771.899615546),7,East/West,35.21194,-80.85917,1
1773462,110538440,CRAPEMYRTLE: SPP,4.0,1,,POINT (512916.6101200259 3896767.9531151685),6,Bland,35.21583,-80.85528,1
1773462,110538440,CRAPEMYRTLE: SPP,4.0,1,,POINT (512916.6101200259 3896767.9531151685),7,East/West,35.21194,-80.85917,1
1773463,110538441,CRAPEMYRTLE: SPP,4.0,1,,POINT (512925.03874903946 3896763.317864088),6,Bland,35.21583,-80.85528,1
1773463,110538441,CRAPEMYRTLE: SPP,4.0,1,,POINT (512925.03874903946 3896763.317864088),7,East/West,35.21194,-80.85917,1
1773464,110538442,OAK: OVERCUP,4.0,1,,POINT (512934.7550457781 3896768.7345790206),6,Bland,35.21583,-80.85528,1
1773464,110538442,OAK: OVERCUP,4.0,1,,POINT (512934.7550457781 3896768.7345790206),7,East/West,35.21194,-80.85917,1
1773465,110538443,OAK: OVERCUP,4.0,1,,POINT (512941.5149956276 3896778.828607684),6,Bland,35.21583,-80.85528,1
1773465,110538443,OAK: OVERCUP,4.0,1,,POINT (512941.5149956276 3896778.828607684),7,East/West,35.21194,-80.85917,1
1773466,110538444,OAK: OVERCUP,4.0,1,,POINT (512948.8117896971 3896788.000516093),6,Bland,35.21583,-80.85528,1
1773466,110538444,OAK: OVERCUP,4.0,1,,POINT (512948.8117896971 3896788.000516093),7,East/West,35.21194,-80.85917,1
1773467,110538445,OAK: OVERCUP,4.0,1,,POINT (512954.442071923 3896796.0421211184),6,Bland,35.21583,-80.85528,1
1773467,110538445,OAK: OVERCUP,4.0,1,,POINT (512954.442071923 3896796.0421211184),7,East/West,35.21194,-80.85917,1
1773468,110538446,OAK: OVERCUP,4.0,1,1612 CAMDEN RD,POINT (512960.4722389844 3896804.251872406),6,Bland,35.21583,-80.85528,1
1773468,110538446,OAK: OVERCUP,4.0,1,1612 CAMDEN RD,POINT (512960.4722389844 3896804.251872406),7,East/West,35.21194,-80.85917,1
1773469,110538447,HORNBEAM: AMERICAN,4.0,1,,POINT (512948.138571439 3896760.9016844598),6,Bland,35.21583,-80.85528,1
1773469,110538447,HORNBEAM: AMERICAN,4.0,1,,POINT (512948.138571439 3896760.9016844598),7,East/West,35.21194,-80.85917,1
1773470,110538448,HORNBEAM: AMERICAN,4.0,1,,POINT (512951.1219321841 3896765.8266653446),6,Bland,35.21583,-80.85528,1
1773470,110538448,HORNBEAM: AMERICAN,4.0,1,,POINT (512951.1219321841 3896765.8266653446),7,East/West,35.21194,-80.85917,1
1773471,110538449,HORNBEAM: AMERICAN,4.0,1,,POINT (512960.67245911446 3896778.140773406),6,Bland,35.21583,-80.85528,1
1773471,110538449,HORNBEAM: AMERICAN,4.0,1,,POINT (512960.67245911446 3896778.140773406),7,East/West,35.21194,-80.85917,1
1773472,110538450,HORNBEAM: AMERICAN,4.0,1,,POINT (512963.7168151387 3896783.0657833773),6,Bland,35.21583,-80.85528,1
1773472,110538450,HORNBEAM: AMERICAN,4.0,1,,POINT (512963.7168151387 3896783.0657833773),7,East/West,35.21194,-80.85917,1
1773473,110538451,ZELKOVA: JAPANESE,4.0,1,,POINT (512976.26452139026 3896800.095465128),6,Bland,35.21583,-80.85528,1
1773473,110538451,ZELKOVA: JAPANESE,4.0,1,,POINT (512976.26452139026 3896800.095465128),7,East/West,35.21194,-80.85917,1
1773474,110538452,ZELKOVA: JAPANESE,4.0,1,,POINT (512982.0936172233 3896806.607179797),6,Bland,35.21583,-80.85528,1
1773474,110538452,ZELKOVA: JAPANESE,4.0,1,,POINT (512982.0936172233 3896806.607179797),7,East/West,35.21194,-80.85917,1
1773475,110538453,ZELKOVA: JAPANESE,4.0,1,,POINT (512992.1453383881 3896819.257364366),6,Bland,35.21583,-80.85528,1
1773475,110538453,ZELKOVA: JAPANESE,4.0,1,,POINT (512992.1453383881 3896819.257364366),7,East/West,35.21194,-80.85917,1
1773476,110538454,ELM: CHINESE,4.0,1,1600 CAMDEN RD,POINT (512995.3120088096 3896847.5412590206),6,Bland,35.21583,-80.85528,1
1773476,110538454,ELM: CHINESE,4.0,1,1600 CAMDEN RD,POINT (512995.3120088096 3896847.5412590206),7,East/West,35.21194,-80.85917,1
1773477,110538455,CHERRY/PLUM/PEACH SPP,4.0,1,1600 CAMDEN RD,POINT (512998.2350680598 3896851.9801579067),6,Bland,35.21583,-80.85528,1
1773477,110538455,CHERRY/PLUM/PEACH SPP,4.0,1,1600 CAMDEN RD,POINT (512998.2350680598 3896851.9801579067),7,East/West,35.21194,-80.85917,1
1773478,110538456,CRAPEMYRTLE: SPP,4.0,1,1600 CAMDEN RD,POINT (513000.54763872223 3896856.5396474055),6,Bland,35.21583,-80.85528,1
1773478,110538456,CRAPEMYRTLE: SPP,4.0,1,1600 CAMDEN RD,POINT (513000.54763872223 3896856.5396474055),7,East/West,35.21194,-80.85917,1
1773479,110538457,CRAPEMYRTLE: SPP,4.0,1,1600 CAMDEN RD,POINT (512999.88967917085 3896866.0982431197),6,Bland,35.21583,-80.85528,1
1773479,110538457,CRAPEMYRTLE: SPP,4.0,1,1600 CAMDEN RD,POINT (512999.88967917085 3896866.0982431197),7,East/West,35.21194,-80.85917,1
1773480,110538458,CHERRY/PLUM/PEACH SPP,4.0,1,1600 CAMDEN RD,POINT (512995.0022532443 3896869.6147244684),6,Bland,35.21583,-80.85528,1
1773480,110538458,CHERRY/PLUM/PEACH SPP,4.0,1,1600 CAMDEN RD,POINT (512995.0022532443 3896869.6147244684),7,East/West,35.21194,-80.85917,1
1773481,110538459,ELM: CHINESE,4.0,1,1600 CAMDEN RD,POINT (512989.84457557707 3896872.5044026827),6,Bland,35.21583,-80.85528,1
1773481,110538459,ELM: CHINESE,4.0,1,1600 CAMDEN RD,POINT (512989.84457557707 3896872.5044026827),7,East/West,35.21194,-80.85917,1
1773482,110538460,ELM: CHINESE,4.0,1,1600 CAMDEN RD,POINT (512981.904485725 3896876.9276120085),6,Bland,35.21583,-80.85528,1
1773482,110538460,ELM: CHINESE,4.0,1,1600 CAMDEN RD,POINT (512981.904485725 3896876.9276120085),7,East/West,35.21194,-80.85917,1
1773483,110538461,CHERRY/PLUM/PEACH SPP,4.0,1,,POINT (512974.3309803652 3896881.0476284297),6,Bland,35.21583,-80.85528,1
1773483,110538461,CHERRY/PLUM/PEACH SPP,4.0,1,,POINT (512974.3309803652 3896881.0476284297),7,East/West,35.21194,-80.85917,1
1773484,110538462,ELM: CHINESE,4.0,1,,POINT (512968.77286638354 3896884.1985201985),6,Bland,35.21583,-80.85528,1
1773484,110538462,ELM: CHINESE,4.0,1,,POINT (512968.77286638354 3896884.1985201985),7,East/West,35.21194,-80.85917,1
1773485,110538463,ELM: CHINESE,4.0,1,,POINT (512959.03241618176 3896890.9632940767),6,Bland,35.21583,-80.85528,1
1773485,110538463,ELM: CHINESE,4.0,1,,POINT (512959.03241618176 3896890.9632940767),7,East/West,35.21194,-80.85917,1
1773486,110538464,SERVICEBERRY: DOWNY,4.0,1,,POINT (512944.9853838968 3896898.2329567894),6,Bland,35.21583,-80.85528,1
1773486,110538464,SERVICEBERRY: DOWNY,4.0,1,,POINT (512944.9853838968 3896898.2329567894),7,East/West,35.21194,-80.85917,1
1773487,110538465,ELM: CHINESE,4.0,1,,POINT (512937.85888168396 3896902.8277480225),6,Bland,35.21583,-80.85528,1
1773487,110538465,ELM: CHINESE,4.0,1,,POINT (512937.85888168396 3896902.8277480225),7,East/West,35.21194,-80.85917,1
1773488,110538466,ELM: CHINESE,4.0,1,,POINT (512929.063976276 3896907.492816401),6,Bland,35.21583,-80.85528,1
1773488,110538466,ELM: CHINESE,4.0,1,,POINT (512929.063976276 3896907.492816401),7,East/West,35.21194,-80.85917,1
1773489,110538467,ELM: CHINESE,4.0,1,127 W PARK AV,POINT (512904.849512019 3896921.5327485823),6,Bland,35.21583,-80.85528,1
1773489,110538467,ELM: CHINESE,4.0,1,127 W PARK AV,POINT (512904.849512019 3896921.5327485823),7,East/West,35.21194,-80.85917,1
1773490,110538468,SERVICEBERRY: DOWNY,4.0,1,,POINT (512924.41020499857 3896923.234178617),6,Bland,35.21583,-80.85528,1
1773490,110538468,SERVICEBERRY: DOWNY,4.0,1,,POINT (512924.41020499857 3896923.234178617),7,East/West,35.21194,-80.85917,1
1773491,110538469,SERVICEBERRY: DOWNY,4.0,1,,POINT (512929.173931795 3896920.7503350666),6,Bland,35.21583,-80.85528,1
1773491,110538469,SERVICEBERRY: DOWNY,4.0,1,,POINT (512929.173931795 3896920.7503350666),7,East/West,35.21194,-80.85917,1
1773492,110538470,SERVICEBERRY: DOWNY,4.0,1,,POINT (512934.81296767294 3896917.895853923),6,Bland,35.21583,-80.85528,1
1773492,110538470,SERVICEBERRY: DOWNY,4.0,1,,POINT (512934.81296767294 3896917.895853923),7,East/West,35.21194,-80.85917,1
1773493,110538471,SERVICEBERRY: DOWNY,4.0,1,,POINT (512941.10395469645 3896914.381554124),6,Bland,35.21583,-80.85528,1
1773493,110538471,SERVICEBERRY: DOWNY,4.0,1,,POINT (512941.10395469645 3896914.381554124),7,East/West,35.21194,-80.85917,1
1773494,110538472,SERVICEBERRY: DOWNY,4.0,1,,POINT (512947.12445934606 3896910.326340723),6,Bland,35.21583,-80.85528,1
1773494,110538472,SERVICEBERRY: DOWNY,4.0,1,,POINT (512947.12445934606 3896910.326340723),7,East/West,35.21194,-80.85917,1
1773495,110538473,SERVICEBERRY: DOWNY,4.0,1,,POINT (512951.7270040932 3896906.8049195167),6,Bland,35.21583,-80.85528,1
1773495,110538473,SERVICEBERRY: DOWNY,4.0,1,,POINT (512951.7270040932 3896906.8049195167),7,East/West,35.21194,-80.85917,1
1773496,110538474,SERVICEBERRY: DOWNY,4.0,1,,POINT (512956.284373718 3896904.026837748),6,Bland,35.21583,-80.85528,1
1773496,110538474,SERVICEBERRY: DOWNY,4.0,1,,POINT (512956.284373718 3896904.026837748),7,East/West,35.21194,-80.85917,1
1773497,110538475,SERVICEBERRY: DOWNY,4.0,1,,POINT (512961.2140328608 3896901.7691223375),6,Bland,35.21583,-80.85528,1
1773497,110538475,SERVICEBERRY: DOWNY,4.0,1,,POINT (512961.2140328608 3896901.7691223375),7,East/West,35.21194,-80.85917,1
1773498,110538476,SERVICEBERRY: DOWNY,4.0,1,,POINT (512967.11871590925 3896898.132246791),6,Bland,35.21583,-80.85528,1
1773498,110538476,SERVICEBERRY: DOWNY,4.0,1,,POINT (512967.11871590925 3896898.132246791),7,East/West,35.21194,-80.85917,1
1773499,110538477,SERVICEBERRY: DOWNY,4.0,1,,POINT (512973.5247988044 3896894.7120597064),6,Bland,35.21583,-80.85528,1
1773499,110538477,SERVICEBERRY: DOWNY,4.0,1,,POINT (512973.5247988044 3896894.7120597064),7,East/West,35.21194,-80.85917,1
1773500,110538478,SERVICEBERRY: DOWNY,4.0,1,,POINT (512999.65098194196 3896881.235509587),6,Bland,35.21583,-80.85528,1
1773500,110538478,SERVICEBERRY: DOWNY,4.0,1,,POINT (512999.65098194196 3896881.235509587),7,East/West,35.21194,-80.85917,1
1773501,110538479,SERVICEBERRY: DOWNY,4.0,1,,POINT (513008.283361038 3896876.3340820926),6,Bland,35.21583,-80.85528,1
1773501,110538479,SERVICEBERRY: DOWNY,4.0,1,,POINT (513008.283361038 3896876.3340820926),7,East/West,35.21194,-80.85917,1
1773502,110538480,CRAPEMYRTLE: SPP,4.0,1,1600 SOUTH BV,POINT (513111.0359469525 3896768.549715675),6,Bland,35.21583,-80.85528,1
1773502,110538480,CRAPEMYRTLE: SPP,4.0,1,1600 SOUTH BV,POINT (513111.0359469525 3896768.549715675),7,East/West,35.21194,-80.85917,1
1773503,110538481,CRAPEMYRTLE: SPP,4.0,1,1600 SOUTH BV,POINT (513114.7036042798 3896764.4848930105),6,Bland,35.21583,-80.85528,1
1773503,110538481,CRAPEMYRTLE: SPP,4.0,1,1600 SOUTH BV,POINT (513114.7036042798 3896764.4848930105),7,East/West,35.21194,-80.85917,1
1773504,110538482,OAK: WILLOW,4.0,1,,POINT (513126.7021800884 3896771.8255654387),6,Bland,35.21583,-80.85528,1
1773504,110538482,OAK: WILLOW,4.0,1,,POINT (513126.7021800884 3896771.8255654387),7,East/West,35.21194,-80.85917,1
1773505,110538483,OAK: WILLOW,4.0,1,,POINT (513120.7397282867 3896777.833317141),6,Bland,35.21583,-80.85528,1
1773505,110538483,OAK: WILLOW,4.0,1,,POINT (513120.7397282867 3896777.833317141),7,East/West,35.21194,-80.85917,1
1773506,110538484,OAK: WILLOW,4.0,1,,POINT (513115.17906599375 3896782.624347054),6,Bland,35.21583,-80.85528,1
1773506,110538484,OAK: WILLOW,4.0,1,,POINT (513115.17906599375 3896782.624347054),7,East/West,35.21194,-80.85917,1
1773507,110538485,OAK: WILLOW,4.0,1,115 E PARK AV #A,POINT (513097.27398609597 3896798.8473665407),6,Bland,35.21583,-80.85528,1
1773507,110538485,OAK: WILLOW,4.0,1,115 E PARK AV #A,POINT (513097.27398609597 3896798.8473665407),7,East/West,35.21194,-80.85917,1
1773508,110538486,OAK: WILLOW,4.0,1,115 E PARK AV #A,POINT (513091.6510908254 3896804.488884892),6,Bland,35.21583,-80.85528,1
1773508,110538486,OAK: WILLOW,4.0,1,115 E PARK AV #A,POINT (513091.6510908254 3896804.488884892),7,East/West,35.21194,-80.85917,1
1773509,110538487,OAK: WILLOW,4.0,1,115 E PARK AV #A,POINT (513086.152065597 3896808.9155813176),6,Bland,35.21583,-80.85528,1
1773509,110538487,OAK: WILLOW,4.0,1,115 E PARK AV #A,POINT (513086.152065597 3896808.9155813176),7,East/West,35.21194,-80.85917,1
1773510,110538488,OAK: WILLOW,4.0,1,115 E PARK AV #103,POINT (513076.5714604646 3896817.6180455796),6,Bland,35.21583,-80.85528,1
1773510,110538488,OAK: WILLOW,4.0,1,115 E PARK AV #103,POINT (513076.5714604646 3896817.6180455796),7,East/West,35.21194,-80.85917,1
1773511,110538489,OAK: WILLOW,4.0,1,115 E PARK AV #103,POINT (513072.1099347405 3896822.046247274),6,Bland,35.21583,-80.85528,1
1773511,110538489,OAK: WILLOW,4.0,1,115 E PARK AV #103,POINT (513072.1099347405 3896822.046247274),7,East/West,35.21194,-80.85917,1
1773512,110538490,OAK: WILLOW,4.0,1,115 E PARK AV #103,POINT (513064.89962371794 3896828.1107508107),6,Bland,35.21583,-80.85528,1
1773512,110538490,OAK: WILLOW,4.0,1,115 E PARK AV #103,POINT (513064.89962371794 3896828.1107508107),7,East/West,35.21194,-80.85917,1
1773513,110538491,OAK: WILLOW,4.0,1,115 E PARK AV #103,POINT (513058.02175078494 3896834.1176567758),6,Bland,35.21583,-80.85528,1
1773513,110538491,OAK: WILLOW,4.0,1,115 E PARK AV #103,POINT (513058.02175078494 3896834.1176567758),7,East/West,35.21194,-80.85917,1
1773514,110538492,OAK: WILLOW,4.0,1,,POINT (513050.6895281401 3896840.242699664),6,Bland,35.21583,-80.85528,1
1773514,110538492,OAK: WILLOW,4.0,1,,POINT (513050.6895281401 3896840.242699664),7,East/West,35.21194,-80.85917,1
1773515,110538493,OAK: WILLOW,4.0,1,,POINT (513044.8853075641 3896844.7297422523),6,Bland,35.21583,-80.85528,1
1773515,110538493,OAK: WILLOW,4.0,1,,POINT (513044.8853075641 3896844.7297422523),7,East/West,35.21194,-80.85917,1
1773516,110538494,DOGWOOD: KOUSA,4.0,1,,POINT (513027.1038627038 3896859.9332211586),6,Bland,35.21583,-80.85528,1
1773516,110538494,DOGWOOD: KOUSA,4.0,1,,POINT (513027.1038627038 3896859.9332211586),7,East/West,35.21194,-80.85917,1
1773517,110538495,ELM: CHINESE,4.0,1,,POINT (513028.36822314374 3896871.965784069),6,Bland,35.21583,-80.85528,1
1773517,110538495,ELM: CHINESE,4.0,1,,POINT (513028.36822314374 3896871.965784069),7,East/West,35.21194,-80.85917,1
1773518,110538496,ELM: AMERICAN,4.0,1,,POINT (513020.3517802575 3896882.2678574002),6,Bland,35.21583,-80.85528,1
1773518,110538496,ELM: AMERICAN,4.0,1,,POINT (513020.3517802575 3896882.2678574002),7,East/West,35.21194,-80.85917,1
1773519,110538497,ELM: AMERICAN,4.0,1,,POINT (513027.2209068078 3896891.68773212),6,Bland,35.21583,-80.85528,1
1773519,110538497,ELM: AMERICAN,4.0,1,,POINT (513027.2209068078 3896891.68773212),7,East/West,35.21194,-80.85917,1
1773520,110538498,ELM: AMERICAN,4.0,1,,POINT (513036.0941995178 3896903.1323535894),6,Bland,35.21583,-80.85528,1
1773520,110538498,ELM: AMERICAN,4.0,1,,POINT (513036.0941995178 3896903.1323535894),7,East/West,35.21194,-80.85917,1
1773521,110538499,ELM: AMERICAN,4.0,1,,POINT (513042.8888591138 3896912.47143338),6,Bland,35.21583,-80.85528,1
1773521,110538499,ELM: AMERICAN,4.0,1,,POINT (513042.8888591138 3896912.47143338),7,East/West,35.21194,-80.85917,1
1773522,110538500,ELM: AMERICAN,4.0,1,,POINT (513050.3801852414 3896923.060466416),6,Bland,35.21583,-80.85528,1
1773522,110538500,ELM: AMERICAN,4.0,1,,POINT (513050.3801852414 3896923.060466416),7,East/West,35.21194,-80.85917,1
1773523,110538501,ELM: AMERICAN,4.0,1,,POINT (513060.1328178816 3896935.9344100025),6,Bland,35.21583,-80.85528,1
1773523,110538501,ELM: AMERICAN,4.0,1,,POINT (513060.1328178816 3896935.9344100025),7,East/West,35.21194,-80.85917,1
1773524,110538502,ELM: AMERICAN,4.0,1,,POINT (513065.85287787067 3896947.4507897333),6,Bland,35.21583,-80.85528,1
1773524,110538502,ELM: AMERICAN,4.0,1,,POINT (513065.85287787067 3896947.4507897333),7,East/West,35.21194,-80.85917,1
1773525,110538503,ELM: AMERICAN,4.0,1,,POINT (513068.555394087 3896954.319380668),6,Bland,35.21583,-80.85528,1
1773525,110538503,ELM: AMERICAN,4.0,1,,POINT (513068.555394087 3896954.319380668),7,East/West,35.21194,-80.85917,1
1773526,110538504,ELM: AMERICAN,4.0,1,,POINT (513071.8502753837 3896964.0711127776),6,Bland,35.21583,-80.85528,1
1773526,110538504,ELM: AMERICAN,4.0,1,,POINT (513071.8502753837 3896964.0711127776),7,East/West,35.21194,-80.85917,1
1773527,110538505,ELM: AMERICAN,4.0,1,,POINT (513076.81103071687 3896980.1659832406),6,Bland,35.21583,-80.85528,1
1773527,110538505,ELM: AMERICAN,4.0,1,,POINT (513076.81103071687 3896980.1659832406),7,East/West,35.21194,-80.85917,1
1773528,110538506,ELM: AMERICAN,4.0,1,1425 CAMDEN RD,POINT (513079.74557379674 3896992.972948135),6,Bland,35.21583,-80.85528,1
1773528,110538506,ELM: AMERICAN,4.0,1,1425 CAMDEN RD,POINT (513079.74557379674 3896992.972948135),7,East/West,35.21194,-80.85917,1
1773529,110538507,ELM: AMERICAN,4.0,1,1425 CAMDEN RD,POINT (513080.9167866612 3896999.0329382746),6,Bland,35.21583,-80.85528,1
1773529,110538507,ELM: AMERICAN,4.0,1,1425 CAMDEN RD,POINT (513080.9167866612 3896999.0329382746),7,East/West,35.21194,-80.85917,1
1773530,110538508,CAROLINA SILVERBELL,4.0,1,1425 CAMDEN RD,POINT (513089.7794901518 3896977.806855306),6,Bland,35.21583,-80.85528,1
1773530,110538508,CAROLINA SILVERBELL,4.0,1,1425 CAMDEN RD,POINT (513089.7794901518 3896977.806855306),7,East/West,35.21194,-80.85917,1
1773531,110538509,CAROLINA SILVERBELL,4.0,1,1425 CAMDEN RD,POINT (513090.8407358738 3896982.4859229727),6,Bland,35.21583,-80.85528,1
1773531,110538509,CAROLINA SILVERBELL,4.0,1,1425 CAMDEN RD,POINT (513090.8407358738 3896982.4859229727),7,East/West,35.21194,-80.85917,1
1773532,110538510,CAROLINA SILVERBELL,4.0,1,1425 CAMDEN RD,POINT (513091.8996541132 3896988.7445369754),6,Bland,35.21583,-80.85528,1
1773532,110538510,CAROLINA SILVERBELL,4.0,1,1425 CAMDEN RD,POINT (513091.8996541132 3896988.7445369754),7,East/West,35.21194,-80.85917,1
1773554,110538532,OAK: WILLOW,5.0,1,,POINT (513838.36783111125 3897148.709164099),5,Carson,35.21889,-80.85083,1
1773555,110538533,OAK: WILLOW,30.0,1,,POINT (513853.2259506624 3897130.0827068067),5,Carson,35.21889,-80.85083,1
1773556,110538534,OAK: WILLOW,5.0,1,,POINT (513861.6561884451 3897120.1369442446),5,Carson,35.21889,-80.85083,1
1773557,110538535,OAK: WILLOW,33.0,1,,POINT (513896.6350353515 3897073.7145867483),5,Carson,35.21889,-80.85083,1
1773558,110538536,OAK: WILLOW,21.0,1,,POINT (513903.4833524907 3897065.159754879),5,Carson,35.21889,-80.85083,1
1773559,110538537,OAK: WILLOW,43.0,1,,POINT (513919.4169574158 3897043.989438859),5,Carson,35.21889,-80.85083,1
1773560,110538538,OAK: WILLOW,26.0,1,,POINT (513956.2970866098 3896996.3307733177),5,Carson,35.21889,-80.85083,1
1773577,110538555,OAK: WILLOW,27.0,1,,POINT (513757.7752032776 3897266.568797467),5,Carson,35.21889,-80.85083,1
1773578,110538556,OAK: WILLOW,4.0,1,,POINT (513775.65001595294 3897243.664615244),5,Carson,35.21889,-80.85083,1
1773579,110538557,OAK: WILLOW,4.0,1,,POINT (513780.7891517441 3897235.2287362623),5,Carson,35.21889,-80.85083,1
1773580,110538558,OAK: WILLOW,2.0,1,,POINT (513785.37876902166 3897226.9742723205),5,Carson,35.21889,-80.85083,1
1773581,110538559,OAK: WILLOW,19.0,1,,POINT (513790.49842737557 3897217.8822450107),5,Carson,35.21889,-80.85083,1
1773582,110538560,OAK: WILLOW,4.0,1,,POINT (513796.10977818666 3897206.610272004),5,Carson,35.21889,-80.85083,1
1773583,110538561,OAK: WILLOW,4.0,1,,POINT (513800.75930093793 3897199.08486598),5,Carson,35.21889,-80.85083,1
1773584,110538562,OAK: WILLOW,4.0,1,,POINT (513806.96561329527 3897188.9344057785),5,Carson,35.21889,-80.85083,1
1773585,110538563,OAK: WILLOW,4.0,1,,POINT (513812.8412813039 3897177.705355743),5,Carson,35.21889,-80.85083,1
1774260,110539238,MAPLE: TRIDENT,4.0,1,618 E MOREHEAD ST,POINT (513926.28680270404 3896999.497259773),5,Carson,35.21889,-80.85083,1
1774261,110539239,MAPLE: TRIDENT,2.0,1,,POINT (513943.49378065596 3896996.9197499827),5,Carson,35.21889,-80.85083,1
1774262,110539240,CHERRY YOSHINO,3.0,1,700 E MOREHEAD ST,POINT (513934.8985017467 3896990.6495791413),5,Carson,35.21889,-80.85083,1
1774334,110539312,ELM: CHINESE,12.0,1,,POINT (513452.99530566536 3897025.8198548458),6,Bland,35.21583,-80.85528,1
1774335,110539313,ELM: CHINESE,15.0,1,,POINT (513445.68910917593 3897018.8416070677),6,Bland,35.21583,-80.85528,1
1774336,110539314,ELM: CHINESE,19.0,1,,POINT (513429.4514122907 3897003.4614580823),6,Bland,35.21583,-80.85528,1
1774337,110539315,ELM: CHINESE,19.0,1,,POINT (513421.2817292486 3896993.4581154604),6,Bland,35.21583,-80.85528,1
1774338,110539316,ELM: CHINESE,21.0,1,,POINT (513411.5985162856 3896984.384412786),6,Bland,35.21583,-80.85528,1
1774339,110539317,ELM: CHINESE,17.0,1,,POINT (513402.5356146205 3896977.660450737),6,Bland,35.21583,-80.85528,1
1774340,110539318,ELM: CHINESE,4.0,1,,POINT (513394.77549697267 3896970.337380034),6,Bland,35.21583,-80.85528,1
1774341,110539319,ELM: CHINESE,4.0,1,,POINT (513380.851520236 3896958.5366109665),6,Bland,35.21583,-80.85528,1
1774342,110539320,ELM: CHINESE,4.0,1,,POINT (513356.6082517551 3896941.112389835),6,Bland,35.21583,-80.85528,1
1774343,110539321,ELM: CHINESE,4.0,1,,POINT (513344.36422190664 3896930.3409021557),6,Bland,35.21583,-80.85528,1
1774344,110539322,ELM: CHINESE,4.0,1,,POINT (513330.6321480564 3896921.5914942147),6,Bland,35.21583,-80.85528,1
1774345,110539323,ELM: CHINESE,4.0,1,,POINT (513318.48929362156 3896911.123624856),6,Bland,35.21583,-80.85528,1
1774346,110539324,ELM: CHINESE,4.0,1,,POINT (513309.44862597564 3896903.0778004704),6,Bland,35.21583,-80.85528,1
1774347,110539325,ELM: CHINESE,4.0,1,,POINT (513271.3809088141 3896870.2828584085),6,Bland,35.21583,-80.85528,1
1774348,110539326,ELM: CHINESE,4.0,1,,POINT (513264.24993562116 3896863.8339063493),6,Bland,35.21583,-80.85528,1
1774349,110539327,ELM: CHINESE,4.0,1,,POINT (513242.1096387662 3896873.352240721),6,Bland,35.21583,-80.85528,1
1774350,110539328,ELM: CHINESE,4.0,1,,POINT (513247.2877012548 3896879.798342198),6,Bland,35.21583,-80.85528,1
1774351,110539329,ELM: CHINESE,4.0,1,,POINT (513256.38183194364 3896888.4612019775),6,Bland,35.21583,-80.85528,1
1774352,110539330,ELM: CHINESE,4.0,1,,POINT (513262.476564163 3896893.997535692),6,Bland,35.21583,-80.85528,1
1774353,110539331,ELM: CHINESE,4.0,1,,POINT (513268.11711485905 3896899.4749217313),6,Bland,35.21583,-80.85528,1
1774354,110539332,ELM: CHINESE,4.0,1,,POINT (513273.9077394546 3896904.3426729343),6,Bland,35.21583,-80.85528,1
1774355,110539333,ELM: CHINESE,4.0,1,,POINT (513282.38620573323 3896912.0231936797),6,Bland,35.21583,-80.85528,1
1774356,110539334,ELM: CHINESE,4.0,1,,POINT (513288.9067307534 3896918.481544857),6,Bland,35.21583,-80.85528,1
1774357,110539335,ELM: CHINESE,4.0,1,,POINT (513302.4137379023 3896928.1630547214),6,Bland,35.21583,-80.85528,1
1774358,110539336,ELM: CHINESE,4.0,1,,POINT (513308.99496783095 3896934.8542134413),6,Bland,35.21583,-80.85528,1
1774359,110539337,ELM: CHINESE,4.0,1,,POINT (513312.8353221152 3896937.83619452),6,Bland,35.21583,-80.85528,1
1774360,110539338,ELM: CHINESE,4.0,1,,POINT (513322.8812215629 3896944.7852483313),6,Bland,35.21583,-80.85528,1
1774361,110539339,ELM: CHINESE,4.0,1,,POINT (513329.58658850077 3896950.0796027877),6,Bland,35.21583,-80.85528,1
1774362,110539340,ELM: CHINESE,4.0,1,,POINT (513337.5925065429 3896956.3099999353),6,Bland,35.21583,-80.85528,1
1774363,110539341,CHERRY YOSHINO,4.0,1,,POINT (513350.958599377 3896964.811550351),6,Bland,35.21583,-80.85528,1
1774364,110539342,CHERRY YOSHINO,4.0,1,,POINT (513355.2862221369 3896968.5230006264),6,Bland,35.21583,-80.85528,1
1774365,110539343,CHERRY YOSHINO,4.0,1,,POINT (513358.8219499828 3896971.140068239),6,Bland,35.21583,-80.85528,1
1774366,110539344,CHERRY YOSHINO,4.0,1,,POINT (513359.25524185173 3896989.9729276164),6,Bland,35.21583,-80.85528,1
1774367,110539345,CHERRY YOSHINO,4.0,1,,POINT (513358.09345726535 3896991.4897154626),6,Bland,35.21583,-80.85528,1
1774368,110539346,MAPLE: AMUR,4.0,1,,POINT (513354.63687407895 3896994.9347333238),6,Bland,35.21583,-80.85528,1
1774369,110539347,MAPLE: AMUR,4.0,1,,POINT (513349.0322367975 3897001.9678260125),6,Bland,35.21583,-80.85528,1
1774370,110539348,MAPLE: AMUR,4.0,1,,POINT (513344.7198950572 3897006.4310317202),6,Bland,35.21583,-80.85528,1
1774371,110539349,MAPLE: AMUR,4.0,1,,POINT (513335.3644667389 3897018.7020928944),6,Bland,35.21583,-80.85528,1
1774372,110539350,MAPLE: AMUR,4.0,1,,POINT (513331.00768552657 3897025.6190374494),6,Bland,35.21583,-80.85528,1
1774373,110539351,MAPLE: AMUR,4.0,1,,POINT (513322.0866440345 3897037.6659664833),6,Bland,35.21583,-80.85528,1
1774374,110539352,MAPLE: AMUR,4.0,1,,POINT (513310.01226100296 3897054.569228192),6,Bland,35.21583,-80.85528,1
1774375,110539353,MAPLE: AMUR,12.0,1,,POINT (513306.3834131417 3897059.884048583),6,Bland,35.21583,-80.85528,1
1774376,110539354,MAPLE: AMUR,14.0,1,,POINT (513298.25401304796 3897068.4969607666),6,Bland,35.21583,-80.85528,1
1774377,110539355,MAPLE: AMUR,4.0,1,,POINT (513328.6334313539 3897030.8803413846),6,Bland,35.21583,-80.85528,1
1774378,110539356,REDBUD: EASTERN,4.0,1,,POINT (513334.8314597581 3897039.8458254444),6,Bland,35.21583,-80.85528,1
1774379,110539357,REDBUD: EASTERN,4.0,1,,POINT (513354.89299337013 3897014.3722819095),6,Bland,35.21583,-80.85528,1
1774380,110539358,REDBUD: EASTERN,4.0,1,,POINT (513360.3341441514 3897007.8204625007),6,Bland,35.21583,-80.85528,1
1774381,110539359,REDBUD: EASTERN,4.0,1,,POINT (513368.3966401969 3896998.597543051),6,Bland,35.21583,-80.85528,1
1774382,110539360,CRAPEMYRTLE: SPP,4.0,1,,POINT (513384.7866869271 3896993.612236236),6,Bland,35.21583,-80.85528,1
1774383,110539361,OAK: WILLOW,4.0,1,,POINT (513396.4273133491 3897004.2717734147),6,Bland,35.21583,-80.85528,1
1774384,110539362,OAK: WILLOW,40.0,1,,POINT (513402.0356191687 3897008.4710964155),6,Bland,35.21583,-80.85528,1
1774385,110539363,OAK: WILLOW,29.0,1,,POINT (513444.7193931667 3897050.845907974),6,Bland,35.21583,-80.85528,1
1774386,110539364,JAPANESE SNOWBELL,3.0,1,,POINT (513444.6934466313 3897059.1610241095),6,Bland,35.21583,-80.85528,1
1774387,110539365,JAPANESE SNOWBELL,3.0,1,,POINT (513440.0448054149 3897066.260575681),6,Bland,35.21583,-80.85528,1
1774388,110539366,JAPANESE SNOWBELL,3.0,1,,POINT (513434.6651915329 3897072.448059781),6,Bland,35.21583,-80.85528,1
1774389,110539367,JAPANESE SNOWBELL,4.0,1,,POINT (513430.6292334283 3897077.9086673693),6,Bland,35.21583,-80.85528,1
1774390,110539368,JAPANESE SNOWBELL,2.0,1,,POINT (513426.9665430248 3897083.225705928),6,Bland,35.21583,-80.85528,1
1774391,110539369,JAPANESE SNOWBELL,2.0,1,,POINT (513421.89214950637 3897089.292048299),6,Bland,35.21583,-80.85528,1
1774392,110539370,MAGNOLIA: SOUTHERN,2.0,1,,POINT (513402.63541705935 3897107.0704281507),6,Bland,35.21583,-80.85528,1
1774393,110539371,MAGNOLIA: SOUTHERN,2.0,1,,POINT (513397.3768079345 3897113.9868011484),6,Bland,35.21583,-80.85528,1
1774394,110539372,MAPLE: RED,2.0,1,,POINT (513396.0955668492 3897122.941080057),6,Bland,35.21583,-80.85528,1
1774395,110539373,ELM: CHINESE,2.0,1,,POINT (513417.9926131303 3897112.5428043096),6,Bland,35.21583,-80.85528,1
1774396,110539374,ELM: CHINESE,2.0,1,,POINT (513421.11019489967 3897109.0245605567),6,Bland,35.21583,-80.85528,1
1774397,110539375,ELM: CHINESE,2.0,1,,POINT (513424.3435185926 3897105.2209682288),6,Bland,35.21583,-80.85528,1
1774398,110539376,ELM: CHINESE,2.0,1,,POINT (513426.85152843647 3897101.276570424),6,Bland,35.21583,-80.85528,1
1774399,110539377,ELM: CHINESE,2.0,1,,POINT (513430.27548924094 3897096.969253385),6,Bland,35.21583,-80.85528,1
1774400,110539378,ELM: CHINESE,2.0,1,325 ARLINGTON AV,POINT (513433.20967754716 3897093.664699829),6,Bland,35.21583,-80.85528,1
1774401,110539379,ELM: CHINESE,17.0,1,,POINT (513447.00473541894 3897073.4765303438),6,Bland,35.21583,-80.85528,1
1774402,110539380,ELM: CHINESE,11.0,1,,POINT (513451.64890680055 3897069.3531878917),6,Bland,35.21583,-80.85528,1
1774403,110539381,ELM: CHINESE,8.0,1,,POINT (513460.4798787767 3897067.880829963),6,Bland,35.21583,-80.85528,1
1774412,110539390,BLACKGUM: COMMON,3.0,1,,POINT (513579.78034406673 3897222.471892925),5,Carson,35.21889,-80.85083,1
1774413,110539391,BLACKGUM: COMMON,4.0,1,,POINT (513575.25653323485 3897227.6885869843),5,Carson,35.21889,-80.85083,1
1774414,110539392,OAK: WILLOW,3.0,1,,POINT (513560.2116469312 3897240.2345884),5,Carson,35.21889,-80.85083,1
1774415,110539393,OAK: WILLOW,4.0,1,,POINT (513554.3448240196 3897245.8136964166),5,Carson,35.21889,-80.85083,1
1774416,110539394,OAK: WILLOW,3.0,1,,POINT (513546.4009781314 3897252.7259627287),5,Carson,35.21889,-80.85083,1
1774417,110539395,MAPLE: TRIDENT,6.0,1,,POINT (513549.8912600186 3897276.516787651),5,Carson,35.21889,-80.85083,1
1774418,110539396,MAPLE: TRIDENT,5.0,1,,POINT (513555.51223024854 3897272.152043921),5,Carson,35.21889,-80.85083,1
1774419,110539397,MAPLE: TRIDENT,5.0,1,,POINT (513561.25637277256 3897267.0587311937),5,Carson,35.21889,-80.85083,1
1774420,110539398,MAPLE: TRIDENT,5.0,1,,POINT (513572.04914752045 3897259.3861217466),5,Carson,35.21889,-80.85083,1
1774421,110539399,MAPLE: TRIDENT,5.0,1,,POINT (513579.1369459481 3897253.5659324895),5,Carson,35.21889,-80.85083,1
1774422,110539400,MAPLE: TRIDENT,5.0,1,,POINT (513584.2711456176 3897248.2286458462),5,Carson,35.21889,-80.85083,1
1774423,110539401,MAPLE: TRIDENT,5.0,1,,POINT (513589.77299061936 3897241.9201326603),5,Carson,35.21889,-80.85083,1
1774424,110539402,MAPLE: TRIDENT,5.0,1,,POINT (513594.82802180917 3897235.1671461673),5,Carson,35.21889,-80.85083,1
1774425,110539403,ELM: CHINESE,2.0,1,,POINT (513617.288933791 3897233.096370571),5,Carson,35.21889,-80.85083,1
1774426,110539404,ELM: CHINESE,16.0,1,,POINT (513625.3359506978 3897238.696439621),5,Carson,35.21889,-80.85083,1
1774427,110539405,ELM: CHINESE,16.0,1,,POINT (513632.6504923 3897244.4168412937),5,Carson,35.21889,-80.85083,1
1774435,110539413,ELM: CHINESE,8.0,1,,POINT (513717.79385049536 3897303.8913638326),5,Carson,35.21889,-80.85083,1
1774436,110539414,ELM: CHINESE,7.0,1,,POINT (513733.61575392785 3897270.855498643),5,Carson,35.21889,-80.85083,1
1774437,110539415,ELM: CHINESE,6.0,1,,POINT (513721.55652948766 3897264.073163485),5,Carson,35.21889,-80.85083,1
1774438,110539416,ELM: CHINESE,6.0,1,,POINT (513711.6801735149 3897257.498498933),5,Carson,35.21889,-80.85083,1
1774439,110539417,ELM: CHINESE,6.0,1,,POINT (513701.45288152655 3897249.8945324356),5,Carson,35.21889,-80.85083,1
1774440,110539418,ELM: CHINESE,6.0,1,,POINT (513674.61602632917 3897231.1680346616),5,Carson,35.21889,-80.85083,1
1774441,110539419,ELM: CHINESE,8.0,1,,POINT (513662.9673284074 3897221.7775475658),5,Carson,35.21889,-80.85083,1
1774442,110539420,ELM: CHINESE,19.0,1,1101 SOUTH BV,POINT (513608.91073697293 3897180.3249078086),5,Carson,35.21889,-80.85083,1
1774443,110539421,ELM: CHINESE,18.0,1,1101 SOUTH BV,POINT (513599.4529816711 3897171.7488133768),5,Carson,35.21889,-80.85083,1
1774444,110539422,ELM: CHINESE,2.0,1,,POINT (513587.99501599383 3897161.6464179414),5,Carson,35.21889,-80.85083,1
1774445,110539423,ELM: CHINESE,2.0,1,,POINT (513578.9421758995 3897151.470190498),5,Carson,35.21889,-80.85083,1
1774446,110539424,ELM: CHINESE,2.0,1,,POINT (513571.05895609304 3897142.058279265),5,Carson,35.21889,-80.85083,1
1774447,110539425,ELM: CHINESE,2.0,1,,POINT (513561.4288055782 3897134.023474832),5,Carson,35.21889,-80.85083,1
1774448,110539426,ELM: CHINESE,2.0,1,,POINT (513548.91322729824 3897121.7813131963),5,Carson,35.21889,-80.85083,1
1774449,110539427,ELM: CHINESE,2.0,1,,POINT (513541.8095307234 3897112.976068518),5,Carson,35.21889,-80.85083,1
1774461,110539439,HAWTHORN SPP,2.0,1,,POINT (513665.9530733029 3897040.850802852),5,Carson,35.21889,-80.85083,1
1774462,110539440,HAWTHORN SPP,2.0,1,,POINT (513670.8300090634 3897044.381134269),5,Carson,35.21889,-80.85083,1
1774463,110539441,HAWTHORN SPP,3.0,1,,POINT (513674.7295046773 3897048.51722963),5,Carson,35.21889,-80.85083,1
1774464,110539442,CHERRY YOSHINO,14.0,1,,POINT (513701.61679629097 3897070.130147189),5,Carson,35.21889,-80.85083,1
1774465,110539443,CHERRY YOSHINO,3.0,1,,POINT (513724.08733060275 3897088.7730683284),5,Carson,35.21889,-80.85083,1
1774466,110539444,CHERRY YOSHINO,3.0,1,,POINT (513728.47359287215 3897093.8819065457),5,Carson,35.21889,-80.85083,1
1774467,110539445,CHERRY YOSHINO,3.0,1,,POINT (513733.8380412145 3897097.777236814),5,Carson,35.21889,-80.85083,1
1774468,110539446,CHERRY YOSHINO,3.0,1,,POINT (513739.5667257247 3897103.0095163262),5,Carson,35.21889,-80.85083,1
1774469,110539447,CHERRY YOSHINO,3.0,1,,POINT (513746.82475151937 3897110.2445768956),5,Carson,35.21889,-80.85083,1
1774470,110539448,CHERRY YOSHINO,3.0,1,,POINT (513751.21348518727 3897113.6525795595),5,Carson,35.21889,-80.85083,1
1774471,110539449,CHERRY YOSHINO,4.0,1,,POINT (513758.0397690451 3897119.372542719),5,Carson,35.21889,-80.85083,1
1774472,110539450,CHERRY YOSHINO,4.0,1,,POINT (513763.83636651246 3897124.5046974905),5,Carson,35.21889,-80.85083,1
1774473,110539451,CHERRY YOSHINO,3.0,1,,POINT (513768.1036534526 3897127.5481776115),5,Carson,35.21889,-80.85083,1
1774474,110539452,CHERRY YOSHINO,2.0,1,,POINT (513773.10312181857 3897130.714202823),5,Carson,35.21889,-80.85083,1
1774475,110539453,CHERRY YOSHINO,3.0,1,,POINT (513778.95166956494 3897137.282907668),5,Carson,35.21889,-80.85083,1
1774476,110539454,CHERRY YOSHINO,4.0,1,,POINT (513786.03728153463 3897141.938568037),5,Carson,35.21889,-80.85083,1
1774477,110539455,CHERRY YOSHINO,3.0,1,,POINT (513790.2609965146 3897146.8170466484),5,Carson,35.21889,-80.85083,1
1774478,110539456,CHERRY YOSHINO,3.0,1,,POINT (513795.2588731725 3897151.009970679),5,Carson,35.21889,-80.85083,1
1774479,110539457,CHERRY YOSHINO,2.0,1,,POINT (513808.2072818957 3897161.765354757),5,Carson,35.21889,-80.85083,1
1774480,110539458,CHERRY YOSHINO,3.0,1,,POINT (513814.66755214054 3897167.3631512374),5,Carson,35.21889,-80.85083,1
1774481,110539459,OAK: SCARLET,5.0,1,,POINT (513818.2118224222 3897155.461869121),5,Carson,35.21889,-80.85083,1
1774482,110539460,OAK: SCARLET,5.0,1,,POINT (513812.6617667228 3897148.768487123),5,Carson,35.21889,-80.85083,1
1774483,110539461,OAK: SCARLET,7.0,1,,POINT (513803.0303476505 3897141.704791284),5,Carson,35.21889,-80.85083,1
1774484,110539462,OAK: SCARLET,8.0,1,,POINT (513793.27973881376 3897132.7005245313),5,Carson,35.21889,-80.85083,1
1774485,110539463,OAK: SCARLET,8.0,1,,POINT (513776.0230224649 3897119.076522191),5,Carson,35.21889,-80.85083,1
1774486,110539464,OAK: SCARLET,7.0,1,,POINT (513769.4396260209 3897114.085904023),5,Carson,35.21889,-80.85083,1
1774487,110539465,CHERRY YOSHINO,8.0,1,,POINT (513764.68813775317 3897108.369147421),5,Carson,35.21889,-80.85083,1
1774488,110539466,OAK: OVERCUP,18.0,1,,POINT (513738.2907183961 3897085.872559521),5,Carson,35.21889,-80.85083,1
1774489,110539467,CRAPEMYRTLE: SPP,4.0,1,,POINT (513730.0186475745 3897067.645506802),5,Carson,35.21889,-80.85083,1
1774490,110539468,CRAPEMYRTLE: SPP,6.0,1,,POINT (513734.7923676857 3897058.7847933886),5,Carson,35.21889,-80.85083,1
1774491,110539469,CRAPEMYRTLE: SPP,5.0,1,1031 S CALDWELL ST,POINT (513742.37039755355 3897051.750463209),5,Carson,35.21889,-80.85083,1
1774492,110539470,OAK: OVERCUP,21.0,1,,POINT (513763.4174439057 3897025.5733207134),5,Carson,35.21889,-80.85083,1
1774493,110539471,OAK: SCARLET,3.0,1,,POINT (513769.8965367638 3897018.901822582),5,Carson,35.21889,-80.85083,1
1774508,110539486,CRAPEMYRTLE: SPP,3.0,1,,POINT (513757.87463485147 3897014.0289119817),5,Carson,35.21889,-80.85083,1
1774509,110539487,CRAPEMYRTLE: SPP,3.0,1,,POINT (513751.88285654224 3897021.308488404),5,Carson,35.21889,-80.85083,1
1774510,110539488,DOGWOOD: KOUSA,3.0,1,,POINT (513741.19052224734 3897033.956487816),5,Carson,35.21889,-80.85083,1
1774511,110539489,DOGWOOD: KOUSA,3.0,1,,POINT (513730.55415599985 3897045.5239876923),5,Carson,35.21889,-80.85083,1
1774512,110539490,DOGWOOD: KOUSA,3.0,1,,POINT (513724.3171128232 3897053.532172852),5,Carson,35.21889,-80.85083,1
1774513,110539491,DOGWOOD: KOUSA,8.0,1,,POINT (513716.85944203025 3897061.6599545074),5,Carson,35.21889,-80.85083,1
1774514,110539492,MAPLE: SUGAR,3.0,1,,POINT (513708.6832260967 3897060.6756715653),5,Carson,35.21889,-80.85083,1
1774515,110539493,MAPLE: SUGAR,3.0,1,,POINT (513699.5396911926 3897053.6161067276),5,Carson,35.21889,-80.85083,1
1774516,110539494,MAPLE: SUGAR,3.0,1,,POINT (513691.0080806373 3897045.585537526),5,Carson,35.21889,-80.85083,1
1774517,110539495,MAPLE: SUGAR,3.0,1,,POINT (513681.6347191512 3897037.9920777823),5,Carson,35.21889,-80.85083,1
1774518,110539496,MAPLE: SUGAR,3.0,1,,POINT (513673.22306977515 3897031.2980357846),5,Carson,35.21889,-80.85083,1
1774542,110539520,MAPLE: TATARIAN,4.0,1,,POINT (513191.7999909303 3896897.6525689233),6,Bland,35.21583,-80.85528,1
1774543,110539521,MAPLE: TATARIAN,4.0,1,1500 SOUTH BV #101,POINT (513209.1505202066 3896880.3967448473),6,Bland,35.21583,-80.85528,1
1774544,110539522,MAPLE: TATARIAN,4.0,1,1500 SOUTH BV #101,POINT (513217.03380198934 3896873.180079082),6,Bland,35.21583,-80.85528,1
1774560,110539538,OAK: WILLOW,4.0,1,315 RENSSELAER AV,POINT (513284.71080655896 3896815.9846208943),6,Bland,35.21583,-80.85528,1
1774561,110539539,OAK: WILLOW,4.0,1,315 RENSSELAER AV,POINT (513288.74775371084 3896809.794982609),6,Bland,35.21583,-80.85528,1
1774569,110539547,MAPLE: RED,22.0,1,324 E KINGSTON AV #A,POINT (513225.4685634064 3896474.9451528047),7,East/West,35.21194,-80.85917,1
1774570,110539548,MAPLE: RED,11.0,1,322 E KINGSTON AV,POINT (513218.1698698011 3896481.0289751487),7,East/West,35.21194,-80.85917,1
1774571,110539549,MAGNOLIA: SOUTHERN,2.0,1,,POINT (513205.4706927404 3896493.4428514284),7,East/West,35.21194,-80.85917,1
1774572,110539550,MAPLE: TRIDENT,2.0,1,,POINT (513196.5678147707 3896502.097076069),7,East/West,35.21194,-80.85917,1
1774574,110539552,MAPLE: RED,13.0,1,,POINT (513179.0361010862 3896517.5364734507),7,East/West,35.21194,-80.85917,1
1774575,110539553,CRAPEMYRTLE: SPP,12.0,1,300 E KINGSTON AV,POINT (513164.56674696336 3896530.287658065),7,East/West,35.21194,-80.85917,1
1774576,110539554,CRAPEMYRTLE: SPP,9.0,1,,POINT (513159.79879691807 3896535.383140712),7,East/West,35.21194,-80.85917,1
1774577,110539555,CRAPEMYRTLE: SPP,11.0,1,300 E KINGSTON AV,POINT (513146.8968483215 3896528.8481121846),7,East/West,35.21194,-80.85917,1
1774578,110539556,CRAPEMYRTLE: SPP,10.0,1,300 E KINGSTON AV,POINT (513143.36272304447 3896524.9554638583),7,East/West,35.21194,-80.85917,1
1774579,110539557,CRAPEMYRTLE: SPP,13.0,1,300 E KINGSTON AV,POINT (513136.7204228135 3896517.960296566),7,East/West,35.21194,-80.85917,1
1774580,110539558,CRAPEMYRTLE: SPP,10.0,1,,POINT (513119.1493581947 3896499.8683685306),7,East/West,35.21194,-80.85917,1
1774581,110539559,CRAPEMYRTLE: SPP,10.0,1,,POINT (513115.1875782553 3896496.218086767),7,East/West,35.21194,-80.85917,1
1774582,110539560,CRAPEMYRTLE: SPP,6.0,1,,POINT (513113.29870102863 3896494.0892704586),7,East/West,35.21194,-80.85917,1
1774583,110539561,CRAPEMYRTLE: SPP,10.0,1,,POINT (513110.8091522704 3896490.0205820277),7,East/West,35.21194,-80.85917,1
1774584,110539562,CRAPEMYRTLE: SPP,10.0,1,,POINT (513107.33644115686 3896485.824291805),7,East/West,35.21194,-80.85917,1
1774585,110539563,OAK: WHITE,16.0,1,301 EAST BV,POINT (513094.03763104026 3896472.2414436988),7,East/West,35.21194,-80.85917,1
1774586,110539564,OAK: SWAMP WHITE,11.0,1,301 EAST BV,POINT (513087.6406415101 3896464.396277071),7,East/West,35.21194,-80.85917,1
1774587,110539565,OAK: WHITE,18.0,1,301 EAST BV,POINT (513080.14503427176 3896456.6102696764),7,East/West,35.21194,-80.85917,1
1774588,110539566,CRAPEMYRTLE: SPP,8.0,1,227 EAST BV,POINT (513069.39453126624 3896462.7905322104),7,East/West,35.21194,-80.85917,1
1774589,110539567,CRAPEMYRTLE: SPP,8.0,1,227 EAST BV,POINT (513075.7331675421 3896468.7526504034),7,East/West,35.21194,-80.85917,1
1774590,110539568,CRAPEMYRTLE: SPP,8.0,1,227 EAST BV,POINT (513082.22497480287 3896476.676022275),7,East/West,35.21194,-80.85917,1
1774591,110539569,CRAPEMYRTLE: SPP,8.0,1,227 EAST BV,POINT (513088.68572663364 3896482.577405217),7,East/West,35.21194,-80.85917,1
1774592,110539570,OAK: WHITE,13.0,1,,POINT (513099.59229738434 3896495.1032219674),7,East/West,35.21194,-80.85917,1
1774593,110539571,CRAPEMYRTLE: SPP,3.0,1,,POINT (513108.66188933904 3896507.05846283),7,East/West,35.21194,-80.85917,1
1774594,110539572,CRAPEMYRTLE: SPP,3.0,1,,POINT (513110.91801977967 3896508.458828461),7,East/West,35.21194,-80.85917,1
1774595,110539573,REDBUD: EASTERN,8.0,1,228 E KINGSTON AV,POINT (513118.4751891265 3896515.819705299),7,East/West,35.21194,-80.85917,1
1774596,110539574,OAK: SHUMARD,6.0,1,228 E KINGSTON AV,POINT (513131.70444367605 3896530.537075471),7,East/West,35.21194,-80.85917,1
1774597,110539575,OAK: WILLOW,27.0,1,228 E KINGSTON AV,POINT (513143.6752770625 3896543.215026876),7,East/West,35.21194,-80.85917,1
1774598,110539576,MAPLE: RED,14.0,1,228 E KINGSTON AV,POINT (513140.73343356245 3896551.653978879),7,East/West,35.21194,-80.85917,1
1774599,110539577,DOGWOOD: KOUSA,3.0,1,228 E KINGSTON AV,POINT (513134.0106206342 3896558.143777229),7,East/West,35.21194,-80.85917,1
1774600,110539578,DOGWOOD: KOUSA,4.0,1,,POINT (513127.5523728416 3896564.5550117833),7,East/West,35.21194,-80.85917,1
1774601,110539579,DOGWOOD: KOUSA,4.0,1,,POINT (513121.2777654889 3896570.5963716228),7,East/West,35.21194,-80.85917,1
1774602,110539580,MAPLE: RED,16.0,1,,POINT (513092.411307675 3896597.927271878),6,Bland,35.21583,-80.85528,1
1774602,110539580,MAPLE: RED,16.0,1,,POINT (513092.411307675 3896597.927271878),7,East/West,35.21194,-80.85917,1
1774603,110539581,MAPLE: RED,14.0,1,,POINT (513083.3548941609 3896605.0155081116),6,Bland,35.21583,-80.85528,1
1774603,110539581,MAPLE: RED,14.0,1,,POINT (513083.3548941609 3896605.0155081116),7,East/West,35.21194,-80.85917,1
1774604,110539582,MAPLE: RED,11.0,1,,POINT (513070.7196148135 3896615.717086674),6,Bland,35.21583,-80.85528,1
1774604,110539582,MAPLE: RED,11.0,1,,POINT (513070.7196148135 3896615.717086674),7,East/West,35.21194,-80.85917,1
1774605,110539583,MAPLE: RED,10.0,1,,POINT (513061.3071675641 3896625.239984122),6,Bland,35.21583,-80.85528,1
1774605,110539583,MAPLE: RED,10.0,1,,POINT (513061.3071675641 3896625.239984122),7,East/West,35.21194,-80.85917,1
1774606,110539584,ELM: CHINESE,18.0,1,,POINT (513042.3051792768 3896626.0178462486),6,Bland,35.21583,-80.85528,1
1774606,110539584,ELM: CHINESE,18.0,1,,POINT (513042.3051792768 3896626.0178462486),7,East/West,35.21194,-80.85917,1
1774607,110539585,ELM: CHINESE,18.0,1,,POINT (513035.8559543687 3896616.854515909),6,Bland,35.21583,-80.85528,1
1774607,110539585,ELM: CHINESE,18.0,1,,POINT (513035.8559543687 3896616.854515909),7,East/West,35.21194,-80.85917,1
1774608,110539586,ELM: CHINESE,19.0,1,,POINT (513020.4041771137 3896600.9348436124),7,East/West,35.21194,-80.85917,1
1774609,110539587,ELM: CHINESE,17.0,1,,POINT (513003.60479875177 3896583.7443036605),7,East/West,35.21194,-80.85917,1
1774610,110539588,ELM: CHINESE,11.0,1,,POINT (512992.9583425872 3896569.5047439444),7,East/West,35.21194,-80.85917,1
1774611,110539589,CRAPEMYRTLE: SPP,3.0,1,201 EAST BV,POINT (512979.9458873571 3896554.9058344085),7,East/West,35.21194,-80.85917,1
1774612,110539590,CRAPEMYRTLE: SPP,3.0,1,201 EAST BV,POINT (512976.47221181786 3896551.377779553),7,East/West,35.21194,-80.85917,1
1774613,110539591,CRAPEMYRTLE: SPP,2.0,1,201 EAST BV,POINT (512973.7321240229 3896546.939667896),7,East/West,35.21194,-80.85917,1
1774614,110539592,ELM: CHINESE,19.0,1,,POINT (512960.89360526373 3896562.2891362803),7,East/West,35.21194,-80.85917,1
1774615,110539593,ELM: CHINESE,19.0,1,,POINT (512968.3868467134 3896571.7756810696),7,East/West,35.21194,-80.85917,1
1774616,110539594,ELM: CHINESE,19.0,1,,POINT (512985.40549009875 3896592.1980202436),7,East/West,35.21194,-80.85917,1
1774617,110539595,ELM: CHINESE,18.0,1,,POINT (512992.47110189125 3896601.866136278),7,East/West,35.21194,-80.85917,1
1774618,110539596,ELM: CHINESE,12.0,1,,POINT (513000.837774271 3896612.2961168457),7,East/West,35.21194,-80.85917,1
1774619,110539597,ELM: CHINESE,19.0,1,,POINT (513006.2015645134 3896617.102470666),7,East/West,35.21194,-80.85917,1
1774620,110539598,ELM: CHINESE,19.0,1,,POINT (513010.10158216354 3896621.1778792944),7,East/West,35.21194,-80.85917,1
1774621,110539599,CRAPEMYRTLE: SPP,4.0,1,1700 SOUTH BV,POINT (513016.74736489827 3896630.392266726),6,Bland,35.21583,-80.85528,1
1774621,110539599,CRAPEMYRTLE: SPP,4.0,1,1700 SOUTH BV,POINT (513016.74736489827 3896630.392266726),7,East/West,35.21194,-80.85917,1
1774622,110539600,CRAPEMYRTLE: SPP,4.0,1,1700 SOUTH BV,POINT (513028.1856392202 3896655.0700756055),6,Bland,35.21583,-80.85528,1
1774622,110539600,CRAPEMYRTLE: SPP,4.0,1,1700 SOUTH BV,POINT (513028.1856392202 3896655.0700756055),7,East/West,35.21194,-80.85917,1
1774623,110539601,CRAPEMYRTLE: SPP,4.0,1,,POINT (512998.98823519616 3896700.6973678754),6,Bland,35.21583,-80.85528,1
1774623,110539601,CRAPEMYRTLE: SPP,4.0,1,,POINT (512998.98823519616 3896700.6973678754),7,East/West,35.21194,-80.85917,1
1774624,110539602,MAPLE: RED,4.0,1,,POINT (513009.3801249734 3896689.049950102),6,Bland,35.21583,-80.85528,1
1774624,110539602,MAPLE: RED,4.0,1,,POINT (513009.3801249734 3896689.049950102),7,East/West,35.21194,-80.85917,1
1774625,110539603,MAPLE: RED,4.0,1,1620 SOUTH BV,POINT (513022.91685453063 3896678.5215243436),6,Bland,35.21583,-80.85528,1
1774625,110539603,MAPLE: RED,4.0,1,1620 SOUTH BV,POINT (513022.91685453063 3896678.5215243436),7,East/West,35.21194,-80.85917,1
1774626,110539604,ELM: CHINESE,4.0,1,,POINT (513034.2851024971 3896666.996971485),6,Bland,35.21583,-80.85528,1
1774626,110539604,ELM: CHINESE,4.0,1,,POINT (513034.2851024971 3896666.996971485),7,East/West,35.21194,-80.85917,1
1774627,110539605,ELM: CHINESE,18.0,1,,POINT (513049.6927426446 3896666.3526753327),6,Bland,35.21583,-80.85528,1
1774627,110539605,ELM: CHINESE,18.0,1,,POINT (513049.6927426446 3896666.3526753327),7,East/West,35.21194,-80.85917,1
1774628,110539606,ELM: CHINESE,16.0,1,,POINT (513058.64829378773 3896677.322685535),6,Bland,35.21583,-80.85528,1
1774628,110539606,ELM: CHINESE,16.0,1,,POINT (513058.64829378773 3896677.322685535),7,East/West,35.21194,-80.85917,1
1774629,110539607,ELM: CHINESE,11.0,1,,POINT (513064.92556966556 3896683.466655596),6,Bland,35.21583,-80.85528,1
1774629,110539607,ELM: CHINESE,11.0,1,,POINT (513064.92556966556 3896683.466655596),7,East/West,35.21194,-80.85917,1
1774630,110539608,ELM: CHINESE,14.0,1,,POINT (513070.8621571293 3896690.7476839875),6,Bland,35.21583,-80.85528,1
1774630,110539608,ELM: CHINESE,14.0,1,,POINT (513070.8621571293 3896690.7476839875),7,East/West,35.21194,-80.85917,1
1774631,110539609,ELM: CHINESE,13.0,1,,POINT (513076.46649061306 3896697.9233246925),6,Bland,35.21583,-80.85528,1
1774631,110539609,ELM: CHINESE,13.0,1,,POINT (513076.46649061306 3896697.9233246925),7,East/West,35.21194,-80.85917,1
1774632,110539610,ELM: CHINESE,14.0,1,,POINT (513087.3748530685 3896708.985477556),6,Bland,35.21583,-80.85528,1
1774632,110539610,ELM: CHINESE,14.0,1,,POINT (513087.3748530685 3896708.985477556),7,East/West,35.21194,-80.85917,1
1774633,110539611,ELM: CHINESE,14.0,1,,POINT (513092.1268192292 3896714.762837886),6,Bland,35.21583,-80.85528,1
1774633,110539611,ELM: CHINESE,14.0,1,,POINT (513092.1268192292 3896714.762837886),7,East/West,35.21194,-80.85917,1
1774634,110539612,ELM: CHINESE,14.0,1,,POINT (513099.7580421076 3896722.4284869167),6,Bland,35.21583,-80.85528,1
1774634,110539612,ELM: CHINESE,14.0,1,,POINT (513099.7580421076 3896722.4284869167),7,East/West,35.21194,-80.85917,1
1774635,110539613,ELM: CHINESE,19.0,1,,POINT (513104.2689923043 3896726.0188387637),6,Bland,35.21583,-80.85528,1
1774635,110539613,ELM: CHINESE,19.0,1,,POINT (513104.2689923043 3896726.0188387637),7,East/West,35.21194,-80.85917,1
1774636,110539614,ELM: CHINESE,4.0,1,,POINT (513147.9067869779 3896771.71934087),6,Bland,35.21583,-80.85528,1
1774636,110539614,ELM: CHINESE,4.0,1,,POINT (513147.9067869779 3896771.71934087),7,East/West,35.21194,-80.85917,1
1774637,110539615,ELM: CHINESE,4.0,1,,POINT (513152.4770779939 3896776.4638105235),6,Bland,35.21583,-80.85528,1
1774637,110539615,ELM: CHINESE,4.0,1,,POINT (513152.4770779939 3896776.4638105235),7,East/West,35.21194,-80.85917,1
1774638,110539616,ELM: CHINESE,4.0,1,,POINT (513157.5339666099 3896782.3631069683),6,Bland,35.21583,-80.85528,1
1774638,110539616,ELM: CHINESE,4.0,1,,POINT (513157.5339666099 3896782.3631069683),7,East/West,35.21194,-80.85917,1
1774639,110539617,ELM: CHINESE,4.0,1,,POINT (513181.6338204067 3896810.2749273703),6,Bland,35.21583,-80.85528,1
1774639,110539617,ELM: CHINESE,4.0,1,,POINT (513181.6338204067 3896810.2749273703),7,East/West,35.21194,-80.85917,1
1774640,110539618,ELM: CHINESE,4.0,1,,POINT (513186.7500727968 3896817.2676462033),6,Bland,35.21583,-80.85528,1
1774640,110539618,ELM: CHINESE,4.0,1,,POINT (513186.7500727968 3896817.2676462033),7,East/West,35.21194,-80.85917,1
1774641,110539619,ELM: CHINESE,4.0,1,,POINT (513192.4983886128 3896823.3518624105),6,Bland,35.21583,-80.85528,1
1774642,110539620,ELM: CHINESE,4.0,1,,POINT (513196.58002962853 3896828.3386696437),6,Bland,35.21583,-80.85528,1
1774643,110539621,ELM: CHINESE,4.0,1,,POINT (513201.4026468663 3896832.093390668),6,Bland,35.21583,-80.85528,1
1774644,110539622,ELM: CHINESE,4.0,1,,POINT (513205.24075867276 3896836.715215518),6,Bland,35.21583,-80.85528,1
1774645,110539623,ELM: CHINESE,4.0,1,,POINT (513211.94595443626 3896842.1917537944),6,Bland,35.21583,-80.85528,1
1774646,110539624,CRAPEMYRTLE: SPP,4.0,1,,POINT (513237.7738513804 3896838.199550409),6,Bland,35.21583,-80.85528,1
1774647,110539625,ELM: CHINESE,4.0,1,,POINT (513234.42182030185 3896835.036121405),6,Bland,35.21583,-80.85528,1
1774648,110539626,ELM: CHINESE,4.0,1,,POINT (513223.33323458675 3896822.233753725),6,Bland,35.21583,-80.85528,1
1774649,110539627,ELM: CHINESE,4.0,1,,POINT (513213.00244256255 3896810.6152755218),6,Bland,35.21583,-80.85528,1
1774650,110539628,ELM: CHINESE,4.0,1,,POINT (513183.70852181426 3896777.9797148625),6,Bland,35.21583,-80.85528,1
1774650,110539628,ELM: CHINESE,4.0,1,,POINT (513183.70852181426 3896777.9797148625),7,East/West,35.21194,-80.85917,1
1774651,110539629,ELM: CHINESE,4.0,1,1533 SOUTH BV,POINT (513177.74532472994 3896770.456066264),6,Bland,35.21583,-80.85528,1
1774651,110539629,ELM: CHINESE,4.0,1,1533 SOUTH BV,POINT (513177.74532472994 3896770.456066264),7,East/West,35.21194,-80.85917,1
1774652,110539630,ELM: CHINESE,4.0,1,,POINT (513171.71175681567 3896764.7376777222),6,Bland,35.21583,-80.85528,1
1774652,110539630,ELM: CHINESE,4.0,1,,POINT (513171.71175681567 3896764.7376777222),7,East/West,35.21194,-80.85917,1
1774653,110539631,ELM: CHINESE,4.0,1,,POINT (513164.40332934994 3896758.9620049307),6,Bland,35.21583,-80.85528,1
1774653,110539631,ELM: CHINESE,4.0,1,,POINT (513164.40332934994 3896758.9620049307),7,East/West,35.21194,-80.85917,1
1774654,110539632,ELM: CHINESE,4.0,1,,POINT (513137.18643911724 3896729.360191886),6,Bland,35.21583,-80.85528,1
1774654,110539632,ELM: CHINESE,4.0,1,,POINT (513137.18643911724 3896729.360191886),7,East/West,35.21194,-80.85917,1
1774655,110539633,ELM: CHINESE,13.0,1,,POINT (513131.8267264611 3896721.820404667),6,Bland,35.21583,-80.85528,1
1774655,110539633,ELM: CHINESE,13.0,1,,POINT (513131.8267264611 3896721.820404667),7,East/West,35.21194,-80.85917,1
1774656,110539634,ELM: CHINESE,18.0,1,,POINT (513125.62387566897 3896715.863521419),6,Bland,35.21583,-80.85528,1
1774656,110539634,ELM: CHINESE,18.0,1,,POINT (513125.62387566897 3896715.863521419),7,East/West,35.21194,-80.85917,1
1774657,110539635,ELM: CHINESE,17.0,1,,POINT (513113.7417117832 3896703.032966139),6,Bland,35.21583,-80.85528,1
1774657,110539635,ELM: CHINESE,17.0,1,,POINT (513113.7417117832 3896703.032966139),7,East/West,35.21194,-80.85917,1
1774658,110539636,ELM: CHINESE,19.0,1,,POINT (513103.7234340228 3896690.7328319526),6,Bland,35.21583,-80.85528,1
1774658,110539636,ELM: CHINESE,19.0,1,,POINT (513103.7234340228 3896690.7328319526),7,East/West,35.21194,-80.85917,1
1774659,110539637,ELM: CHINESE,4.0,1,,POINT (513090.52335325826 3896676.845492629),6,Bland,35.21583,-80.85528,1
1774659,110539637,ELM: CHINESE,4.0,1,,POINT (513090.52335325826 3896676.845492629),7,East/West,35.21194,-80.85917,1
1774660,110539638,ELM: CHINESE,4.0,1,,POINT (513085.65978169383 3896671.1481781425),6,Bland,35.21583,-80.85528,1
1774660,110539638,ELM: CHINESE,4.0,1,,POINT (513085.65978169383 3896671.1481781425),7,East/West,35.21194,-80.85917,1
1774661,110539639,ELM: CHINESE,4.0,1,,POINT (513077.31059718697 3896662.872603806),6,Bland,35.21583,-80.85528,1
1774661,110539639,ELM: CHINESE,4.0,1,,POINT (513077.31059718697 3896662.872603806),7,East/West,35.21194,-80.85917,1
1774662,110539640,ELM: CHINESE,4.0,1,,POINT (513071.76581652067 3896656.607301594),6,Bland,35.21583,-80.85528,1
1774662,110539640,ELM: CHINESE,4.0,1,,POINT (513071.76581652067 3896656.607301594),7,East/West,35.21194,-80.85917,1
1774663,110539641,CRAPEMYRTLE: SPP,4.0,1,,POINT (513060.5474815662 3896650.5473647853),6,Bland,35.21583,-80.85528,1
1774663,110539641,CRAPEMYRTLE: SPP,4.0,1,,POINT (513060.5474815662 3896650.5473647853),7,East/West,35.21194,-80.85917,1
1774664,110539642,CRAPEMYRTLE: SPP,12.0,1,1625 SOUTH BV,POINT (513073.0695682379 3896631.935040646),6,Bland,35.21583,-80.85528,1
1774664,110539642,CRAPEMYRTLE: SPP,12.0,1,1625 SOUTH BV,POINT (513073.0695682379 3896631.935040646),7,East/West,35.21194,-80.85917,1
1774665,110539643,CRAPEMYRTLE: SPP,8.0,1,1625 SOUTH BV,POINT (513079.01677348634 3896627.229893565),6,Bland,35.21583,-80.85528,1
1774665,110539643,CRAPEMYRTLE: SPP,8.0,1,1625 SOUTH BV,POINT (513079.01677348634 3896627.229893565),7,East/West,35.21194,-80.85917,1
1774666,110539644,CRAPEMYRTLE: SPP,10.0,1,1625 SOUTH BV,POINT (513085.4950136294 3896620.982750975),6,Bland,35.21583,-80.85528,1
1774666,110539644,CRAPEMYRTLE: SPP,10.0,1,1625 SOUTH BV,POINT (513085.4950136294 3896620.982750975),7,East/West,35.21194,-80.85917,1
1774667,110539645,MAPLE: RED,14.0,1,215 E KINGSTON AV,POINT (513106.88519434683 3896600.5791374743),6,Bland,35.21583,-80.85528,1
1774667,110539645,MAPLE: RED,14.0,1,215 E KINGSTON AV,POINT (513106.88519434683 3896600.5791374743),7,East/West,35.21194,-80.85917,1
1774668,110539646,MAPLE: RED,16.0,1,,POINT (513120.22194978944 3896587.881328249),7,East/West,35.21194,-80.85917,1
1774669,110539647,MAPLE: RED,12.0,1,225 E KINGSTON AV,POINT (513132.5867649337 3896576.677633548),7,East/West,35.21194,-80.85917,1
1774670,110539648,MAPLE: RED,13.0,1,229 E KINGSTON AV,POINT (513152.38376511954 3896560.8988045533),7,East/West,35.21194,-80.85917,1
1774671,110539649,CRAPEMYRTLE: SPP,3.0,1,229 E KINGSTON AV,POINT (513165.31527586 3896570.3587311404),7,East/West,35.21194,-80.85917,1
1774672,110539650,MAPLE: AMUR,4.0,1,229 E KINGSTON AV,POINT (513174.45877134113 3896578.025651585),7,East/West,35.21194,-80.85917,1
1774673,110539651,MAPLE: AMUR,4.0,1,229 E KINGSTON AV,POINT (513180.6734439042 3896585.202290267),7,East/West,35.21194,-80.85917,1
1774674,110539652,CRAPEMYRTLE: SPP,3.0,1,,POINT (513189.01481647056 3896594.193158735),7,East/West,35.21194,-80.85917,1
1774675,110539653,REDBUD: EASTERN,3.0,1,1616 CLEVELAND AV,POINT (513196.08311303833 3896601.8570648297),7,East/West,35.21194,-80.85917,1
1774676,110539654,REDBUD: EASTERN,3.0,1,,POINT (513202.38114219665 3896607.7005733442),7,East/West,35.21194,-80.85917,1
1774679,110539657,MAPLE: AMUR,4.0,1,228 E PARK AV,POINT (513228.6967106932 3896637.083238767),6,Bland,35.21583,-80.85528,1
1774680,110539658,MAPLE: AMUR,7.0,1,228 E PARK AV,POINT (513235.59547296254 3896644.734529843),6,Bland,35.21583,-80.85528,1
1774681,110539659,MAPLE: HEDGE,4.0,1,,POINT (513256.1087593095 3896667.67911651),6,Bland,35.21583,-80.85528,1
1774682,110539660,MAPLE: HEDGE,8.0,1,,POINT (513262.20245608833 3896674.065871317),6,Bland,35.21583,-80.85528,1
1774683,110539661,MAPLE: HEDGE,6.0,1,,POINT (513271.9721057664 3896684.6263136347),6,Bland,35.21583,-80.85528,1
1774684,110539662,MAPLE: HEDGE,7.0,1,,POINT (513275.56779322145 3896688.093831513),6,Bland,35.21583,-80.85528,1
1774685,110539663,MAPLE: HEDGE,8.0,1,,POINT (513279.64992836304 3896692.8377649556),6,Bland,35.21583,-80.85528,1
1774697,110539675,OAK: WILLOW,30.0,1,301 E PARK AV,POINT (513282.3076973714 3896679.227237919),6,Bland,35.21583,-80.85528,1
1774698,110539676,CRAPEMYRTLE: SPP,15.0,1,301 E PARK AV,POINT (513274.0527496825 3896671.599618272),6,Bland,35.21583,-80.85528,1
1774699,110539677,OAK: WILLOW,25.0,1,301 E PARK AV,POINT (513269.58671790315 3896665.0850691055),6,Bland,35.21583,-80.85528,1
1774700,110539678,OAK: WILLOW,27.0,1,,POINT (513262.97354625573 3896656.8873694106),6,Bland,35.21583,-80.85528,1
1774701,110539679,MAPLE: RED,17.0,1,,POINT (513241.31242671504 3896635.1641717306),6,Bland,35.21583,-80.85528,1
1774702,110539680,MAPLE: RED,14.0,1,,POINT (513235.3160008945 3896627.195383969),6,Bland,35.21583,-80.85528,1
1774704,110539682,MAPLE: RED,29.0,1,,POINT (513216.37493967405 3896604.8100398807),7,East/West,35.21194,-80.85917,1
1774705,110539683,CRAPEMYRTLE: SPP,10.0,1,,POINT (513206.4223400766 3896594.0343261994),7,East/West,35.21194,-80.85917,1
1774706,110539684,Pecan,25.0,1,1621 CLEVELAND AV,POINT (513192.66526394716 3896578.7490583416),7,East/West,35.21194,-80.85917,1
1774707,110539685,Pecan,25.0,1,1621 CLEVELAND AV,POINT (513183.82980373816 3896569.138876074),7,East/West,35.21194,-80.85917,1
1774708,110539686,Pecan,34.0,1,301 E KINGSTON AV,POINT (513177.9718724624 3896563.76050408),7,East/West,35.21194,-80.85917,1
1774709,110539687,MAPLE: TRIDENT,10.0,1,301 E KINGSTON AV,POINT (513168.95580165315 3896552.4491976784),7,East/West,35.21194,-80.85917,1
1774710,110539688,MAPLE: RED,15.0,1,301 E KINGSTON AV,POINT (513170.5017260006 3896543.2019728795),7,East/West,35.21194,-80.85917,1
1774711,110539689,MAPLE: SUGAR,4.0,1,301 E KINGSTON AV,POINT (513178.3380033466 3896535.940962529),7,East/West,35.21194,-80.85917,1
1774712,110539690,MAPLE: SUGAR,4.0,1,301 E KINGSTON AV,POINT (513185.6706340797 3896529.7559310542),7,East/West,35.21194,-80.85917,1
1774713,110539691,MAPLE: RED,10.0,1,307 E KINGSTON AV,POINT (513195.6822106227 3896518.8349997085),7,East/West,35.21194,-80.85917,1
1774714,110539692,MAPLE: RED,18.0,1,315 E KINGSTON AV,POINT (513203.54495826503 3896511.9326983476),7,East/West,35.21194,-80.85917,1
1774715,110539693,MAPLE: RED,15.0,1,317 E KINGSTON AV,POINT (513214.51779408363 3896502.092462884),7,East/West,35.21194,-80.85917,1
1774716,110539694,MAPLE: RED,24.0,1,321 E KINGSTON AV,POINT (513230.38659869053 3896487.810479864),7,East/West,35.21194,-80.85917,1
1774780,110539758,CRAPEMYRTLE: SPP,4.0,1,,POINT (513219.53456407756 3896400.9935848257),7,East/West,35.21194,-80.85917,1
1774781,110539759,CRAPEMYRTLE: SPP,12.0,1,401 EAST BV,POINT (513190.054908481 3896369.228728149),7,East/West,35.21194,-80.85917,1
1774782,110539760,ELM: CHINESE,10.0,1,401 EAST BV,POINT (513183.8398687243 3896362.2340703662),7,East/West,35.21194,-80.85917,1
1774783,110539761,OAK: NORTHERN RED,19.0,1,331 EAST BV,POINT (513180.1220399839 3896372.63525394),7,East/West,35.21194,-80.85917,1
1774784,110539762,PRIVET SPP,2.0,1,331 EAST BV,POINT (513192.8362069876 3896384.917009336),7,East/West,35.21194,-80.85917,1
1774785,110539763,OAK: NORTHERN RED,19.0,1,331 EAST BV,POINT (513192.66835921333 3896386.041551206),7,East/West,35.21194,-80.85917,1
1774786,110539764,CRAPEMYRTLE: SPP,7.0,1,1712 EUCLID AV,POINT (513202.9245337213 3896398.1028939113),7,East/West,35.21194,-80.85917,1
1774787,110539765,CRAPEMYRTLE: SPP,10.0,1,1712 EUCLID AV,POINT (513207.31139350723 3896403.21184214),7,East/West,35.21194,-80.85917,1
1774788,110539766,ELM: CHINESE,11.0,1,1712 EUCLID AV,POINT (513214.258343627 3896410.511227214),7,East/West,35.21194,-80.85917,1
1774789,110539767,CRAPEMYRTLE: SPP,10.0,1,1708 EUCLID AV,POINT (513222.5234762989 3896420.690478537),7,East/West,35.21194,-80.85917,1
1774790,110539768,CRAPEMYRTLE: SPP,3.0,1,1708 EUCLID AV,POINT (513226.484856603 3896424.5839357544),7,East/West,35.21194,-80.85917,1
1774872,110539850,MAPLE: RED,14.0,1,407 EAST BV,POINT (513188.8427345846 3896337.900922111),7,East/West,35.21194,-80.85917,1
1774873,110539851,MAPLE: RED,15.0,1,331 EAST BV,POINT (513155.3708774263 3896367.411179996),7,East/West,35.21194,-80.85917,1
1774874,110539852,MAPLE: RED,11.0,1,321 EAST BV,POINT (513142.2917637292 3896379.9075950542),7,East/West,35.21194,-80.85917,1
1774875,110539853,OAK: WILLOW,20.0,1,317 EAST BV,POINT (513127.0171939027 3896391.30744648),7,East/West,35.21194,-80.85917,1
1774876,110539854,OAK: WILLOW,48.0,1,311 EAST BV,POINT (513109.414473131 3896408.9013672634),7,East/West,35.21194,-80.85917,1
1774877,110539855,MAPLE: RED,11.0,1,,POINT (513098.2936336185 3896417.8787786253),7,East/West,35.21194,-80.85917,1
1774878,110539856,OAK: WILLOW,14.0,1,301 EAST BV,POINT (513083.24327162426 3896431.952466481),7,East/West,35.21194,-80.85917,1
1774879,110539857,OAK: WILLOW,16.0,1,301 EAST BV,POINT (513074.45991391677 3896439.4737757174),7,East/West,35.21194,-80.85917,1
1774880,110539858,OAK: WILLOW,10.0,1,,POINT (513053.8462224395 3896457.2947104317),7,East/West,35.21194,-80.85917,1
1774881,110539859,OAK: WATER,35.0,1,223 EAST BV,POINT (513041.4824430038 3896472.412361075),7,East/West,35.21194,-80.85917,1
1774882,110539860,CRAPEMYRTLE: SPP,3.0,1,223 EAST BV,POINT (513032.1957106557 3896479.3236685144),7,East/West,35.21194,-80.85917,1
1774883,110539861,MAPLE: RED,15.0,1,219 EAST BV,POINT (513020.4757102039 3896490.0728865536),7,East/West,35.21194,-80.85917,1
1774884,110539862,MAPLE: RED,15.0,1,211 EAST BV,POINT (513008.49869599496 3896500.3819555477),7,East/West,35.21194,-80.85917,1
1774885,110539863,MAPLE: RED,12.0,1,211 EAST BV,POINT (512998.7205485996 3896509.479313002),7,East/West,35.21194,-80.85917,1
1774886,110539864,CRAPEMYRTLE: SPP,2.0,1,201 EAST BV,POINT (512975.2138965622 3896530.360147327),7,East/West,35.21194,-80.85917,1
1774887,110539865,CRAPEMYRTLE: SPP,2.0,1,,POINT (512970.2034510756 3896534.483509146),7,East/West,35.21194,-80.85917,1
1774888,110539866,CRAPEMYRTLE: SPP,4.0,1,,POINT (512944.9574317767 3896557.924422),7,East/West,35.21194,-80.85917,1
1774889,110539867,CRAPEMYRTLE: SPP,8.0,1,,POINT (512940.13742231985 3896561.5242564008),7,East/West,35.21194,-80.85917,1
1774890,110539868,CRAPEMYRTLE: SPP,4.0,1,,POINT (512898.0094506881 3896601.679770103),7,East/West,35.21194,-80.85917,1
1774891,110539869,CRAPEMYRTLE: SPP,1.0,1,,POINT (512895.0767231767 3896603.9838203797),7,East/West,35.21194,-80.85917,1
1774892,110539870,OAK: WILLOW,10.0,1,,POINT (512841.27020235994 3896645.3522306522),6,Bland,35.21583,-80.85528,1
1774892,110539870,OAK: WILLOW,10.0,1,,POINT (512841.27020235994 3896645.3522306522),7,East/West,35.21194,-80.85917,1
1774893,110539871,OAK: WILLOW,4.0,1,,POINT (512831.12890622095 3896652.6268931944),6,Bland,35.21583,-80.85528,1
1774893,110539871,OAK: WILLOW,4.0,1,,POINT (512831.12890622095 3896652.6268931944),7,East/West,35.21194,-80.85917,1
1774894,110539872,OAK: WILLOW,4.0,1,,POINT (512819.1586617637 3896658.441101668),7,East/West,35.21194,-80.85917,1
1774895,110539873,ELM EMERALD,4.0,1,,POINT (512765.4109277667 3896687.531925922),7,East/West,35.21194,-80.85917,1
1774896,110539874,ELM EMERALD,4.0,1,,POINT (512758.08120838465 3896691.895038032),7,East/West,35.21194,-80.85917,1
1774897,110539875,ELM EMERALD,4.0,1,,POINT (512750.87253783457 3896696.865748061),7,East/West,35.21194,-80.85917,1
1774898,110539876,REDBUD: EASTERN,4.0,1,,POINT (512743.78936684586 3896699.5283432067),7,East/West,35.21194,-80.85917,1
1774899,110539877,REDBUD: EASTERN,4.0,1,,POINT (512719.7801892435 3896712.054714366),7,East/West,35.21194,-80.85917,1
1774900,110539878,REDBUD: EASTERN,4.0,1,,POINT (512710.12739314133 3896719.2086277027),7,East/West,35.21194,-80.85917,1
1774901,110539879,REDBUD: EASTERN,4.0,1,,POINT (512691.07125654235 3896729.7510358193),7,East/West,35.21194,-80.85917,1
1774902,110539880,REDBUD: EASTERN,4.0,1,,POINT (512701.2098373636 3896724.298495778),7,East/West,35.21194,-80.85917,1
1774905,110539883,CRAPEMYRTLE: SPP,7.0,1,,POINT (513145.15384681354 3896361.039941376),7,East/West,35.21194,-80.85917,1
1774906,110539884,CRAPEMYRTLE: SPP,6.0,1,,POINT (513151.99828289554 3896354.9753646157),7,East/West,35.21194,-80.85917,1
1915261,110590754,CRAPEMYRTLE: SPP,7.0,1,,POINT (513047.08978954627 3896258.8492010683),7,East/West,35.21194,-80.85917,1
1928063,110590830,BANANA,99.0,1,,POINT (514999.5112241846 3898322.189976141),0,9th Street,35.2297,-80.835,0
1928063,110590830,BANANA,99.0,1,,POINT (514999.5112241846 3898322.189976141),1,7th Street,35.22722,-80.83806,0
1928064,110590831,BANANA,99.0,1,,POINT (515001.4702678515 3898318.3054107204),0,9th Street,35.2297,-80.835,0
1928064,110590831,BANANA,99.0,1,,POINT (515001.4702678515 3898318.3054107204),1,7th Street,35.22722,-80.83806,0
2119334,110652921,ELM: CHINESE,10.0,1,375 DOGGETT ST,POINT (512310.5536353654 3896585.6319480017),7,East/West,35.21194,-80.85917,1
2119335,110652922,ELM: CHINESE,10.0,1,369 DOGGETT ST,POINT (512318.7416895633 3896578.2914340757),7,East/West,35.21194,-80.85917,1
2119336,110652923,ELM: CHINESE,10.0,1,363 DOGGETT ST,POINT (512327.2347159945 3896571.1944487114),7,East/West,35.21194,-80.85917,1
2119337,110652924,ELM: CHINESE,10.0,1,355 DOGGETT ST,POINT (512337.8023260552 3896564.4039449757),7,East/West,35.21194,-80.85917,1
2183735,110653279,HAWTHORN SPP,99.0,1,765 S CHURCH ST,POINT (513582.4842181018 3897837.4620369715),4,Brooklyn Village,35.22139,-80.84694,1
2183736,110653282,HAWTHORN SPP,5.0,1,723 S CHURCH ST,POINT (513611.0647844387 3897863.323396332),4,Brooklyn Village,35.22139,-80.84694,1
2183737,110653284,HAWTHORN SPP,5.0,1,697 S CHURCH ST,POINT (513629.7143413341 3897878.7817457914),4,Brooklyn Village,35.22139,-80.84694,1
2183738,110653285,HAWTHORN SPP,5.0,1,685 S CHURCH ST,POINT (513638.916858316 3897886.5714529343),4,Brooklyn Village,35.22139,-80.84694,1
2183739,110653287,ELM: CHINESE,99.0,1,126 S CHURCH ST,POINT (514149.9947666725 3898336.5001063044),2,CTC/Arena,35.225,-80.84139,1
2183740,110653289,ELM: CHINESE,4.0,1,116 S CHURCH ST,POINT (514160.5069909391 3898345.203245748),2,CTC/Arena,35.225,-80.84139,1
2183741,110653290,ELM: CHINESE,4.0,1,219 W TRADE ST,POINT (514158.82828268956 3898365.0948843407),2,CTC/Arena,35.225,-80.84139,1
2183742,110653293,ELM: CHINESE,4.0,1,239 W TRADE ST,POINT (514141.65424721007 3898382.8360328367),2,CTC/Arena,35.225,-80.84139,1
2183743,110653294,ELM: CHINESE,4.0,1,245 E TRADE ST,POINT (514135.9397902684 3898388.6890923297),2,CTC/Arena,35.225,-80.84139,1
2184135,110653280,HAWTHORN SPP,5.0,1,753 S CHURCH ST,POINT (513590.5881458091 3897845.4930909383),4,Brooklyn Village,35.22139,-80.84694,1
2184136,110653281,HAWTHORN SPP,5.0,1,737 S CHURCH ST,POINT (513601.313317986 3897855.2898443644),4,Brooklyn Village,35.22139,-80.84694,1
2184137,110653283,HAWTHORN SPP,5.0,1,711 S CHURCH ST,POINT (513620.3284945758 3897871.11323642),4,Brooklyn Village,35.22139,-80.84694,1
2184138,110653286,HAWTHORN SPP,5.0,1,671 S CHURCH ST,POINT (513648.2413158652 3897894.4828090444),4,Brooklyn Village,35.22139,-80.84694,1
2184139,110653288,ELM: CHINESE,4.0,1,122 S CHURCH ST,POINT (514155.20555233135 3898340.547933067),2,CTC/Arena,35.225,-80.84139,1
2184140,110653291,ELM: CHINESE,99.0,1,225 N TRADE ST,POINT (514153.11367975763 3898371.069332815),2,CTC/Arena,35.225,-80.84139,1
2184141,110653292,ELM: CHINESE,99.0,1,231 W TRADE ST,POINT (514147.4600576044 3898377.074307985),2,CTC/Arena,35.225,-80.84139,1
2184142,110653295,ELM: CHINESE,99.0,1,259 S TRADE ST,POINT (514120.9363333005 3898403.669763529),2,CTC/Arena,35.225,-80.84139,1
