OBJECTID,Tree_ID,Common,DBH,Active,Location,lat,lon,Deciduous,index_right,centroid_id,x_snap,y_snap,dist_m
236556,98002,MAPLE SUGAR,3.0,1,228 EAST BV,35.21088696487548,-80.85675361762397,1,4,1,512750.0,3896350.0,301.42156033911573
245416,98009,OAK WILLOW,38.0,1,400 EAST BV,35.20930067553772,-80.85463897327034,1,8,3,513650.0,3896350.0,428.19326943816725
253798,107941,MAGNOLIA SAUCER,6.0,1,2151 HAWKINS ST,35.20936921024813,-80.86224228715311,1,4,1,512750.0,3896350.0,225.96246644023768
254050,107817,PHOTINIA SPP,9.0,1,200 E TREMONT AV,35.20879231247276,-80.85893865594892,1,4,1,512750.0,3896350.0,168.72133711574892
254285,97973,ZELKOVA JAPANESE,4.0,1,125 WEST BV,35.21302696675267,-80.85994685061317,1,4,1,512750.0,3896350.0,326.3591640101521
254462,97949,OAK WILLOW,30.0,1,225 E WORTHINGTON AV,35.210216054399005,-80.85794305781869,1,4,1,512750.0,3896350.0,180.310209366176
254773,97996,CRAPEMYRTLE SPP,4.0,1,208 EAST BV,35.21138072103182,-80.85741211845338,1,4,1,512750.0,3896350.0,269.58251556903593
254858,97392,MAGNOLIA CUCUMBER TREE,3.0,1,100 W WORTHINGTON AV,35.21179608723311,-80.85989438543186,1,4,1,512750.0,3896350.0,189.85509973729108
255033,97396,MAGNOLIA CUCUMBER TREE,5.0,1,128 W WORTHINGTON AV,35.21213953275549,-80.86062926522511,1,4,1,512750.0,3896350.0,236.95710653212132
255146,96780,CRAPEMYRTLE SPP,4.0,1,1928 SOUTH BV,35.20998664136535,-80.859792581819,1,4,1,512750.0,3896350.0,15.703772134414764
255379,97979,OAK WATER,36.0,1,1800 CAMDEN RD,35.21264378504106,-80.85913320671483,1,4,1,512750.0,3896350.0,292.69327152357863
255379,97979,OAK WATER,36.0,1,1800 CAMDEN RD,35.21264378504106,-80.85913320671483,1,4,1,512750.0,3896350.0,292.69327152357863
255581,107305,MAPLE SILVER,17.0,1,1928 EUCLID AV,35.20823572959572,-80.85753554417803,1,4,1,512750.0,3896350.0,298.3827698909537
256162,97493,DOGWOOD FLOWERING,8.0,1,300 E WORTHINGTON AV,35.209758230393895,-80.85753115868337,1,4,1,512750.0,3896350.0,220.19615268913392
256188,97950,DOGWOOD FLOWERING,8.0,1,225 E WORTHINGTON AV,35.21035575845743,-80.85812651597415,1,4,1,512750.0,3896350.0,165.77609020236358
256493,98006,OAK WILLOW,3.0,1,316 EAST BV,35.2103360383107,-80.8560099488318,1,4,1,512750.0,3896350.0,356.75852443845736
256605,97971,ELM CHINESE,4.0,1,205 WEST BV,35.21328017179188,-80.86050691552008,1,4,1,512750.0,3896350.0,358.4647116485092
257172,97926,OAK WILLOW,20.0,1,319 E WORTHINGTON AV,35.20944084261129,-80.85690114340358,1,4,1,512750.0,3896350.0,283.6716424176511
257411,96766,ELM CHINESE,15.0,1,1900 SOUTH BV,35.210733622066506,-80.85896400722737,1,4,1,512750.0,3896350.0,112.77884250419979
257747,97925,OAK WILLOW,20.0,1,321 E WORTHINGTON AV,35.209361941516356,-80.85680083625209,1,4,1,512750.0,3896350.0,294.7736396600222
257795,97975,ELM CHINESE,4.0,1,121 WEST BV,35.212912972908015,-80.85970748591413,1,4,1,512750.0,3896350.0,314.28857720298754
257857,97397,MAGNOLIA CUCUMBER TREE,2.0,1,130 W WORTHINGTON AV,35.21218701757583,-80.86072046640888,1,4,1,512750.0,3896350.0,244.37941402781885
258445,97514,CRAPEMYRTLE SPP,7.0,1,1924 EUCLID AV,35.20834662356143,-80.8573585237582,1,4,1,512750.0,3896350.0,302.3034409178655
258454,101972,HORNBEAM EUROPEAN,10.0,1,2101 SOUTH BV,35.208036396507524,-80.86014406183546,1,4,1,512750.0,3896350.0,228.04099919758337
258690,97389,MAGNOLIA CUCUMBER TREE,7.0,1,101 W WORTHINGTON AV,35.21171649063358,-80.86002777957147,1,4,1,512750.0,3896350.0,181.29375399034072
259013,102006,HORNBEAM EUROPEAN,5.0,1,2041 SOUTH BV,35.208401901598705,-80.8600435505756,1,4,1,512750.0,3896350.0,186.92473075722805
259342,96764,ELM CHINESE,15.0,1,1822 SOUTH BV,35.21104468466257,-80.85861775891695,1,4,1,512750.0,3896350.0,159.1895140548025
259499,97491,CRAPEMYRTLE SPP,8.0,1,216 E WORTHINGTON AV,35.20994962681306,-80.85778095708604,1,4,1,512750.0,3896350.0,195.04336621746768
259693,97516,CRAPEMYRTLE SPP,5.0,1, ,35.20821943383423,-80.85729806629334,1,4,1,512750.0,3896350.0,315.6207209345726
260013,97972,ELM CHINESE,4.0,1,201 WEST BV,35.21320539046867,-80.86032876345654,1,4,1,512750.0,3896350.0,348.1528479357452
260016,97980,OAK WILLOW,15.0,1,1800 CAMDEN RD,35.212594970390114,-80.8590525409842,1,4,1,512750.0,3896350.0,289.35711860857606
260016,97980,OAK WILLOW,15.0,1,1800 CAMDEN RD,35.212594970390114,-80.8590525409842,1,4,1,512750.0,3896350.0,289.35711860857606
260030,97398,CRAPEMYRTLE SPP,3.0,1,1930 HAWKINS ST,35.21171109720869,-80.86127614105298,1,4,1,512750.0,3896350.0,218.72484754205107
260435,97496,CRAPEMYRTLE SPP,6.0,1,308 E WORTHINGTON AV,35.20955894976621,-80.85726115695192,1,4,1,512750.0,3896350.0,248.70207067148755
260840,96768,ELM CHINESE,9.0,1,1910 SOUTH BV,35.21041439604153,-80.85931418298757,1,4,1,512750.0,3896350.0,66.00542370990605
261277,96760,ELM CHINESE,15.0,1,1810 SOUTH BV,35.21144921238638,-80.85816651804006,1,4,1,512750.0,3896350.0,219.80732438599904
261283,96762,ELM CHINESE,14.0,1,1812 SOUTH BV,35.211303605614496,-80.85833427438556,1,4,1,512750.0,3896350.0,197.6195251905541
261324,97919,ASH GREEN,18.0,1,400 EAST BV,35.20986560219834,-80.85549627214324,1,4,1,512750.0,3896350.0,403.1488500739759
261655,97495,CRAPEMYRTLE SPP,8.0,1,304 E WORTHINGTON AV,35.209675053608244,-80.8574164550998,1,4,1,512750.0,3896350.0,232.12678894989108
262189,97471,CRAPEMYRTLE SPP,10.0,1,1950 ABBOTT ST,35.211937749940475,-80.8637063414976,1,4,1,512750.0,3896350.0,401.4575514730895
262428,97927,OAK WILLOW,22.0,1,315 E WORTHINGTON AV,35.209548914165026,-80.85703566607492,1,4,1,512750.0,3896350.0,268.9413901311428
262703,106665,MAPLE RED,7.0,1,1924 CLEVELAND AV,35.20908320550471,-80.85870706661592,1,4,1,512750.0,3896350.0,156.40959337859792
262891,97498,CRAPEMYRTLE SPP,4.0,1,316 E WORTHINGTON AV,35.20941816455297,-80.85707580220006,1,4,1,512750.0,3896350.0,268.9951964588958
263242,97941,PECAN,26.0,1,228 EAST BV,35.210700883970844,-80.85682344527125,1,4,1,512750.0,3896350.0,289.80465553062845
263367,97978,OAK WILLOW,15.0,1,1800 CAMDEN RD,35.21267607859353,-80.85922675464823,1,4,1,512750.0,3896350.0,294.2314299214302
264149,97354,CRAPEMYRTLE SPP,5.0,1,1930 CAMDEN RD,35.21130974127182,-80.86138511813986,1,4,1,512750.0,3896350.0,190.55758170213366
264287,97959,ELM CHINESE,14.0,1,1901 SOUTH BV,35.210542137616144,-80.858912682966,1,4,1,512750.0,3896350.0,104.61424500000545
264669,97517,CRAPEMYRTLE SPP,7.0,1,1923 EUCLID AV,35.20829041755784,-80.85722745796365,1,4,1,512750.0,3896350.0,315.48090285207047
265422,97922,ELM CHINESE,3.0,1,329 E WORTHINGTON AV,35.20934987701732,-80.8562221692662,1,4,1,512750.0,3896350.0,346.0697758346585
265628,107383,OAK SOUTHERN RED,14.0,1,2034 CLEVELAND AV,35.20861510936839,-80.85892348835694,1,4,1,512750.0,3896350.0,186.36605538461873
265929,107312,CRAPEMYRTLE SPP,4.0,1,2048 CLEVELAND AV,35.20842281736939,-80.85913503500701,1,4,1,512750.0,3896350.0,197.54091053518073
266029,97970,ELM CHINESE,4.0,1,1807 S TRYON ST,35.213335194979074,-80.86063827777728,1,4,1,512750.0,3896350.0,366.4495525238568
266395,97938,CRAPEMYRTLE SPP,7.0,1,300 EAST BV,35.21059058904053,-80.85676178781854,1,4,1,512750.0,3896350.0,292.67027202820975
266416,98004,MAPLE RED,15.0,1,310 EAST BV,35.210569634947454,-80.856324645708,1,4,1,512750.0,3896350.0,331.421259010821
266532,97948,OAK WILLOW,20.0,1,229 E WORTHINGTON AV,35.210078499487366,-80.85775220753742,1,4,1,512750.0,3896350.0,197.088735871623
266657,97990,ELM CHINESE,10.0,1,1801 SOUTH BV,35.21149096589373,-80.85755926033737,1,4,1,512750.0,3896350.0,265.3511181773617
266942,97384,MAGNOLIA CUCUMBER TREE,7.0,1,127 W WORTHINGTON AV,35.21196640885409,-80.8605507409721,1,4,1,512750.0,3896350.0,216.54129242099188
266997,107359,CRAPEMYRTLE SPP,1.0,1,2036 CLEVELAND AV,35.208587923826435,-80.85894511603229,1,4,1,512750.0,3896350.0,188.0730270872767
267701,106424,REDCEDAR EASTERN,20.0,1,325 E TREMONT AV,35.20831266996139,-80.85768779836451,0,4,1,512750.0,3896350.0,282.4704047009229
267841,97497,CRAPEMYRTLE SPP,3.0,1,312 E WORTHINGTON AV,35.2094737832808,-80.8571545863294,1,4,1,512750.0,3896350.0,260.4362895880736
268291,107962,ARBORVITAE AMERICAN,4.0,1,2127 HAWKINS ST,35.20969924963799,-80.8621097602302,0,4,1,512750.0,3896350.0,204.04560527189935
268517,107334,CRAPEMYRTLE SPP,3.0,1,2044 CLEVELAND AV,35.208506941515466,-80.85904272822823,1,4,1,512750.0,3896350.0,192.19502884288883
268525,97399,CRAPEMYRTLE SPP,3.0,1,1930 HAWKINS ST,35.21161385568878,-80.86134810550688,1,4,1,512750.0,3896350.0,213.84183208257193
268563,96959,CHERRY/PLUM/PEACH SPP,7.0,1,1800 CAMDEN RD,35.21209819115338,-80.85932423337727,1,4,1,512750.0,3896350.0,229.78306922765165
268613,97488,CRAPEMYRTLE SPP,6.0,1,216 E WORTHINGTON AV,35.210220691383974,-80.85814465316483,1,4,1,512750.0,3896350.0,162.0758361568823
268685,97952,CRAPEMYRTLE SPP,2.0,1,1933 SOUTH BV,35.209923363568684,-80.85959509502977,1,4,1,512750.0,3896350.0,34.34927719322869
268692,107909,SWEETGUM AMERICAN,4.0,1,2000 CLEVELAND AV,35.208768787005226,-80.85902290388866,1,4,1,512750.0,3896350.0,167.07376023187788
268796,105708,OAK WILLOW,24.0,1,1831 SOUTH BV,35.21064817305153,-80.85852068584192,1,4,1,512750.0,3896350.0,141.6906227080982
268814,97920,CRAPEMYRTLE SPP,6.0,1,330 EAST BV,35.2097979222789,-80.85572588715443,1,4,1,512750.0,3896350.0,382.83914481179113
268832,106876,CRAPEMYRTLE SPP,4.0,1,200 E TREMONT AV,35.209536926986225,-80.85955551484169,1,4,1,512750.0,3896350.0,69.06704179173173
269153,97395,MAGNOLIA CUCUMBER TREE,4.0,1,124 W WORTHINGTON AV,35.21197333215785,-80.86026958814656,1,4,1,512750.0,3896350.0,211.93557693783416
269243,97928,OAK WILLOW,19.0,1,315 E WORTHINGTON AV,35.209593286930826,-80.85711175070668,1,4,1,512750.0,3896350.0,261.1212541525427
269394,96958,CHERRY/PLUM/PEACH SPP,9.0,1,1800 CAMDEN RD,35.21214631722071,-80.85928141722233,1,4,1,512750.0,3896350.0,235.90025342749308
269673,96963,CHERRY/PLUM/PEACH SPP,15.0,1,100 W WORTHINGTON AV,35.21187933909878,-80.85949381943112,1,4,1,512750.0,3896350.0,202.7778321381611
269898,107163,CRAPEMYRTLE SPP,4.0,1,2004 ATHERTON HEIGHTS LN,35.208570904172554,-80.85821748078409,1,4,1,512750.0,3896350.0,228.28000499025907
270807,96773,CRAPEMYRTLE SPP,5.0,1,1928 SOUTH BV,35.210004882414125,-80.85996915526985,1,4,1,512750.0,3896350.0,9.975414173019521
270904,96962,CHERRY/PLUM/PEACH SPP,9.0,1,100 W WORTHINGTON AV,35.21174721034481,-80.85960841197738,1,4,1,512750.0,3896350.0,186.55731789162718
271238,96770,ELM CHINESE,9.0,1,1910 SOUTH BV,35.21030772804523,-80.85943184759648,1,4,1,512750.0,3896350.0,50.68313260030899
271292,97492,DOGWOOD FLOWERING,9.0,1,300 E WORTHINGTON AV,35.209819053448705,-80.85760809458496,1,4,1,512750.0,3896350.0,212.25236790693043
271395,97483,CRAPEMYRTLE SPP,4.0,1,1901 SOUTH BV,35.210643507242104,-80.85870877385891,1,4,1,512750.0,3896350.0,126.29996926472394
271622,97944,CRAPEMYRTLE SPP,3.0,1,229 E WORTHINGTON AV,35.210254813368614,-80.85731960718277,1,4,1,512750.0,3896350.0,237.21723758107166
271734,97929,OAK WILLOW,26.0,1,1829 CLEVELAND AV,35.20971559171035,-80.85727031881397,1,4,1,512750.0,3896350.0,244.39279050517277
271903,108067,OAK WILLOW,18.0,1,2041 SOUTH BV,35.208185677523154,-80.85983758823798,1,4,1,512750.0,3896350.0,210.67788470546105
272313,97967,ELM CHINESE,4.0,1,1807 S TRYON ST,35.21352901497216,-80.8610651023435,1,4,1,512750.0,3896350.0,396.0453591367881
272788,97490,CRAPEMYRTLE SPP,8.0,1,216 E WORTHINGTON AV,35.21001668124923,-80.85787271576844,1,4,1,512750.0,3896350.0,186.27013685321995
273094,97931,OAK WILLOW,8.0,1,1829 CLEVELAND AV,35.20986411963326,-80.85746284575953,1,4,1,512750.0,3896350.0,224.75487452180198
273385,97917,CRAPEMYRTLE SPP,6.0,1,401 E WORTHINGTON AV,35.20923694689131,-80.85618520762604,1,4,1,512750.0,3896350.0,352.47080248535957
273398,107827,PHOTINIA SPP,11.0,1,200 E TREMONT AV,35.20889546928381,-80.85883494142618,1,4,1,512750.0,3896350.0,164.59308130605606
273443,97445,CRAPEMYRTLE SPP,4.0,1,1930 HAWKINS ST,35.2116970050282,-80.86205282026724,1,4,1,512750.0,3896350.0,264.1184571773315
273476,97945,CRAPEMYRTLE SPP,5.0,1,229 E WORTHINGTON AV,35.210130535862014,-80.85745735233239,1,4,1,512750.0,3896350.0,223.9835948561693
273515,97977,OAK WILLOW,14.0,1,1800 CAMDEN RD,35.212739652084565,-80.85933825278447,1,4,1,512750.0,3896350.0,299.1683084005784
273656,97932,CRAPEMYRTLE SPP,6.0,1,1829 CLEVELAND AV,35.209964957771454,-80.85744949245979,1,4,1,512750.0,3896350.0,225.02959643260849
273704,97391,MAGNOLIA CUCUMBER TREE,7.0,1,101 W WORTHINGTON AV,35.211641509053734,-80.85986501051073,1,4,1,512750.0,3896350.0,172.76686118188698
273793,97940,OAK NORTHERN RED,7.0,1,300 EAST BV,35.21069242417058,-80.85664595701158,1,4,1,512750.0,3896350.0,305.31819791881355
273940,96771,ELM CHINESE,10.0,1,1910 SOUTH BV,35.210254255624456,-80.85949962127702,1,4,1,512750.0,3896350.0,42.45733775458606
274262,97501,CRAPEMYRTLE SPP,6.0,1,316 E WORTHINGTON AV,35.20936462721698,-80.85700602884945,1,4,1,512750.0,3896350.0,276.76064078641525
274378,97916,CRAPEMYRTLE SPP,2.0,1,401 E WORTHINGTON AV,35.209190334008674,-80.85624123584006,1,4,1,512750.0,3896350.0,348.9915924584389
274662,97998,CRAPEMYRTLE SPP,4.0,1,208 EAST BV,35.21127154750952,-80.85726248561542,1,4,1,512750.0,3896350.0,275.20309077149443
274814,97359,CRAPEMYRTLE SPP,7.0,1,127 W WORTHINGTON AV,35.211862061466796,-80.86101929714086,1,4,1,512750.0,3896350.0,221.19480858772752
274887,102255,HORNBEAM EUROPEAN,8.0,1,2100 SOUTH BV,35.20797390192529,-80.86032590390865,1,4,1,512750.0,3896350.0,236.97059180060526
275088,107134,SWEETGUM AMERICAN,24.0,1,2004 ATHERTON HEIGHTS LN,35.20864130505776,-80.85836222783246,1,4,1,512750.0,3896350.0,213.65457675392707
275351,96761,ELM CHINESE,15.0,1,1812 SOUTH BV,35.21138111125358,-80.85824330884343,1,4,1,512750.0,3896350.0,209.5395255056445
275369,97936,CRAPEMYRTLE SPP,9.0,1,300 EAST BV,35.21029239604434,-80.85708808220191,1,4,1,512750.0,3896350.0,258.56718429616967
275373,97918,CRAPEMYRTLE SPP,6.0,1,401 E WORTHINGTON AV,35.209288616021425,-80.85613493899423,1,4,1,512750.0,3896350.0,355.4168401390973
275538,107151,CRAPEMYRTLE SPP,3.0,1,2004 ATHERTON HEIGHTS LN,35.20865360879534,-80.8583260725756,1,4,1,512750.0,3896350.0,214.83947926012155
275566,106751,PEAR CALLERY,15.0,1,1933 SOUTH BV,35.20955622554737,-80.85929530376887,1,4,1,512750.0,3896350.0,81.46737783560907
276095,106669,MAPLE RED,7.0,1,231 E TREMONT AV,35.209139220518914,-80.85878076545079,1,4,1,512750.0,3896350.0,147.27561566578171
276459,97482,ELM CHINESE,16.0,1,1831 SOUTH BV,35.210857057800276,-80.85856006138448,1,4,1,512750.0,3896350.0,150.37236232939242
276865,97502,CRAPEMYRTLE SPP,8.0,1,320 E WORTHINGTON AV,35.209316832546854,-80.85693940975274,1,4,1,512750.0,3896350.0,284.1146205200582
276953,106759,PEAR CALLERY,15.0,1,1933 SOUTH BV,35.20964520981428,-80.85941369778118,1,4,1,512750.0,3896350.0,66.88813935434136
277095,107895,CHERRY/PLUM/PEACH SPP,4.0,1,2151 HAWKINS ST,35.20902091183772,-80.86262749957162,1,4,1,512750.0,3896350.0,273.3934191506539
277528,97504,CRAPEMYRTLE SPP,8.0,1,320 E WORTHINGTON AV,35.20927955924985,-80.85688815344041,1,4,1,512750.0,3896350.0,289.8151362634011
277530,97489,CRAPEMYRTLE SPP,8.0,1,216 E WORTHINGTON AV,35.21012066382471,-80.85801639088992,1,4,1,512750.0,3896350.0,173.08933590168937
277710,109214,CRAPEMYRTLE SPP,5.0,1,400 E TREMONT AV,35.20787846751863,-80.85769411278118,1,4,1,512750.0,3896350.0,317.4849282054345
277752,97400,CRAPEMYRTLE SPP,3.0,1,1930 HAWKINS ST,35.21156518531554,-80.86138733948935,1,4,1,512750.0,3896350.0,211.82281575037717
277984,97444,CRAPEMYRTLE SPP,3.0,1,1930 HAWKINS ST,35.21163947296844,-80.86190443443051,1,4,1,512750.0,3896350.0,249.89981339198215
278276,97974,ELM CHINESE,4.0,1,121 WEST BV,35.21295398853101,-80.8597999074938,1,4,1,512750.0,3896350.0,318.43513641309147
278381,96961,CHERRY/PLUM/PEACH SPP,11.0,1,100 W WORTHINGTON AV,35.21194965219064,-80.85943758842028,1,4,1,512750.0,3896350.0,211.43634181043086
278634,107097,MAPLE RED,16.0,1,300 E TREMONT AV,35.20871753960774,-80.85846259784478,1,4,1,512750.0,3896350.0,201.27300436251858
279170,97981,ELM CHINESE,14.0,1,1821 EAST BV,35.2123351680806,-80.85863855545651,1,4,1,512750.0,3896350.0,275.4374763595206
279170,97981,ELM CHINESE,14.0,1,1821 EAST BV,35.2123351680806,-80.85863855545651,1,4,1,512750.0,3896350.0,275.4374763595206
279185,107805,PHOTINIA SPP,7.0,1,200 E TREMONT AV,35.208831007163106,-80.85889902614663,1,4,1,512750.0,3896350.0,167.0671204238633
279763,97515,CRAPEMYRTLE SPP,10.0,1,1928 EUCLID AV,35.2082790649957,-80.85743512253848,1,4,1,512750.0,3896350.0,301.8805628297785
280252,96781,CRAPEMYRTLE SPP,4.0,1,1928 SOUTH BV,35.209950975679696,-80.8598401379444,1,4,1,512750.0,3896350.0,16.374680170072434
280512,107055,CRAPEMYRTLE SPP,4.0,1,300 E TREMONT AV,35.20886086146321,-80.85861681544246,1,4,1,512750.0,3896350.0,180.0680404719566
280600,102219,HORNBEAM EUROPEAN,10.0,1,2100 SOUTH BV,35.208360138487876,-80.86021805070713,1,4,1,512750.0,3896350.0,193.15027538078897
280626,97362,CRAPEMYRTLE SPP,5.0,1,127 W WORTHINGTON AV,35.212043125656926,-80.86089180196731,1,4,1,512750.0,3896350.0,234.63958184816622
281181,98003,MAPLE RED,15.0,1,300 EAST BV,35.21070961659091,-80.85651707921616,1,4,1,512750.0,3896350.0,317.1805625922499
281238,96772,CRAPEMYRTLE SPP,5.0,1,1928 SOUTH BV,35.20997432890461,-80.85993586396948,1,4,1,512750.0,3896350.0,12.303248222023937
281253,97984,ELM CHINESE,14.0,1,1821 EAST BV,35.21215115105064,-80.8583905957998,1,4,1,512750.0,3896350.0,268.06264828473843
281490,97337,CHERRY/PLUM/PEACH SPP,12.0,1,101 W WORTHINGTON AV,35.21122534505514,-80.8600283498597,1,4,1,512750.0,3896350.0,126.94887689814695
281571,97969,ELM CHINESE,4.0,1,1807 S TRYON ST,35.213387677931635,-80.86074463024147,1,4,1,512750.0,3896350.0,374.00480702974335
281785,96767,ELM CHINESE,10.0,1,1910 SOUTH BV,35.21045711123245,-80.8592640517857,1,4,1,512750.0,3896350.0,72.44333965897697
281816,97935,CRAPEMYRTLE SPP,7.0,1,1829 CLEVELAND AV,35.21014001837321,-80.85725198038038,1,4,1,512750.0,3896350.0,242.69611092363496
281821,97446,CRAPEMYRTLE SPP,5.0,1,1930 HAWKINS ST,35.21174897810795,-80.86221539512529,1,4,1,512750.0,3896350.0,278.9693990102953
282214,107932,MAGNOLIA SAUCER,5.0,1,2151 HAWKINS ST,35.20932345421815,-80.86227480577897,1,4,1,512750.0,3896350.0,230.5447383957896
282289,96765,ELM CHINESE,16.0,1,1900 SOUTH BV,35.21082840114969,-80.85885904664953,1,4,1,512750.0,3896350.0,126.85822667693573
282502,96960,CHERRY/PLUM/PEACH SPP,11.0,1,100 W WORTHINGTON AV,35.21181955190936,-80.85955049606238,1,4,1,512750.0,3896350.0,195.3243121264093
282553,97318,MAPLE RED,3.0,1,1930 CAMDEN RD,35.21062947768373,-80.86070695629695,1,4,1,512750.0,3896350.0,93.90519505601117
282747,108035,OAK WILLOW,17.0,1,2041 SOUTH BV,35.20818631757389,-80.85963308512056,1,4,1,512750.0,3896350.0,212.06789593416232
282982,97321,CHERRY/PLUM/PEACH SPP,8.0,1,1930 CAMDEN RD,35.210653868884584,-80.86101515736864,1,4,1,512750.0,3896350.0,118.19648715896992
283090,97957,ELM CHINESE,8.0,1,1909 SOUTH BV,35.21034253875458,-80.85914113766472,1,4,1,512750.0,3896350.0,76.25446650306642
283248,97388,MAGNOLIA CUCUMBER TREE,9.0,1,101 W WORTHINGTON AV,35.21176041081789,-80.86013569175347,1,4,1,512750.0,3896350.0,186.9438977455421
283313,97323,CHERRY/PLUM/PEACH SPP,10.0,1,1930 CAMDEN RD,35.21067504316214,-80.86121679356008,1,4,1,512750.0,3896350.0,135.18950300385887
283458,97499,CRAPEMYRTLE SPP,6.0,1,316 E WORTHINGTON AV,35.2094035543662,-80.85705732297163,1,4,1,512750.0,3896350.0,271.05966702242483
283502,97477,ELM CHINESE,6.0,1,1900 ABBOTT ST,35.213004038077315,-80.86280900174903,1,4,1,512750.0,3896350.0,417.2610500106802
283967,97983,ELM CHINESE,15.0,1,1821 EAST BV,35.21220950012442,-80.85846819666335,1,4,1,512750.0,3896350.0,270.0974275119483
284416,107860,OAK WILLOW,9.0,1,2000 CLEVELAND AV,35.208777904028146,-80.85900021791828,1,4,1,512750.0,3896350.0,167.21307789394098
284469,97469,CRAPEMYRTLE SPP,10.0,1,1950 ABBOTT ST,35.211909188602746,-80.8634751887242,1,4,1,512750.0,3896350.0,381.8488893697418
284558,108053,OAK WILLOW,13.0,1,2041 SOUTH BV,35.20816685392069,-80.859676902631,1,4,1,512750.0,3896350.0,213.7649873970564
284611,97934,CRAPEMYRTLE SPP,6.0,1,1829 CLEVELAND AV,35.21009131534447,-80.85730252849012,1,4,1,512750.0,3896350.0,238.01786572594048
284683,97386,MAGNOLIA CUCUMBER TREE,8.0,1,101 W WORTHINGTON AV,35.21180252115197,-80.86021301718087,1,4,1,512750.0,3896350.0,192.4447932465632
284722,97357,CRAPEMYRTLE SPP,9.0,1,127 W WORTHINGTON AV,35.21170791251616,-80.8611220037202,1,4,1,512750.0,3896350.0,210.80936209111007
284844,97338,CHERRY/PLUM/PEACH SPP,13.0,1,1930 CAMDEN RD,35.21106268872884,-80.86016889870258,1,4,1,512750.0,3896350.0,110.89410829460292
284845,97345,CRAPEMYRTLE SPP,5.0,1,1930 CAMDEN RD,35.21085090237596,-80.86170002741378,1,4,1,512750.0,3896350.0,183.1630104845669
284933,97500,CRAPEMYRTLE SPP,6.0,1,316 E WORTHINGTON AV,35.20937926745318,-80.85702249287029,1,4,1,512750.0,3896350.0,274.85985472824524
284947,102147,HORNBEAM EUROPEAN,9.0,1,2000 SOUTH BV,35.20876425987656,-80.86014030776194,1,4,1,512750.0,3896350.0,147.78418911490215
285007,107059,CRAPEMYRTLE SPP,6.0,1,300 E TREMONT AV,35.20881333548191,-80.85854931428453,1,4,1,512750.0,3896350.0,188.08243826076813
285189,97982,ELM CHINESE,12.0,1,1821 EAST BV,35.2122859913578,-80.85855737451747,1,4,1,512750.0,3896350.0,273.7656993925307
285292,97478,ELM CHINESE,9.0,1,1900 ABBOTT ST,35.2129759551425,-80.86273939815423,1,4,1,512750.0,3896350.0,410.8592908599819
285397,97385,MAGNOLIA CUCUMBER TREE,9.0,1,101 W WORTHINGTON AV,35.21184889047771,-80.86030987753475,1,4,1,512750.0,3896350.0,198.9299185166132
285455,97349,CRAPEMYRTLE SPP,4.0,1,1930 CAMDEN RD,35.2110717597268,-80.86154681477716,1,4,1,512750.0,3896350.0,184.34532349784172
285532,97968,ELM CHINESE,4.0,1,1807 S TRYON ST,35.213473882598436,-80.86094086595931,1,4,1,512750.0,3896350.0,387.2772030605892
285612,107010,PHOTINIA SPP,11.0,1,200 E TREMONT AV,35.209043113467835,-80.85889434154433,1,4,1,512750.0,3896350.0,148.34208365981786
285644,97486,CRAPEMYRTLE SPP,9.0,1,216 E WORTHINGTON AV,35.21032995240676,-80.85828570405238,1,4,1,512750.0,3896350.0,151.00845575387618
285749,107179,CRAPEMYRTLE SPP,7.0,1,2005 ATHERTON HEIGHTS LN,35.208484149779,-80.85809448374219,1,4,1,512750.0,3896350.0,242.94807503457704
285880,107999,SWEETGUM AMERICAN,19.0,1,2000 CLEVELAND AV,35.208615936863616,-80.85914685862208,1,4,1,512750.0,3896350.0,177.30381213357245
285903,97960,CRAPEMYRTLE SPP,1.0,1,1901 SOUTH BV,35.21064452165141,-80.85879676632425,1,4,1,512750.0,3896350.0,119.44655067697998
286171,97340,CHERRY/PLUM/PEACH SPP,13.0,1,1930 CAMDEN RD,35.21086284228453,-80.86033264033932,1,4,1,512750.0,3896350.0,94.24884045805146
286187,97342,CHERRY/PLUM/PEACH SPP,10.0,1,1930 CAMDEN RD,35.21065535793456,-80.86050417698812,1,4,1,512750.0,3896350.0,82.83750635748468
286204,97344,CRAPEMYRTLE SPP,5.0,1,1930 CAMDEN RD,35.21080046735319,-80.861743246822,1,4,1,512750.0,3896350.0,184.17582021601595
286213,107028,PHOTINIA SPP,10.0,1,200 E TREMONT AV,35.20898190664712,-80.8588117467246,1,4,1,512750.0,3896350.0,158.3532294578177
286542,97933,CRAPEMYRTLE SPP,7.0,1,1829 CLEVELAND AV,35.21002370137944,-80.85738408996927,1,4,1,512750.0,3896350.0,230.6908524422626
286752,107968,SWEETGUM AMERICAN,11.0,1,2000 CLEVELAND AV,35.20866937440212,-80.85909313256782,1,4,1,512750.0,3896350.0,173.93026832911923
286838,107924,CHERRY BLACK,5.0,1,2000 CLEVELAND AV,35.208756147847346,-80.85903024716778,1,4,1,512750.0,3896350.0,167.97669276264446
287208,97947,OAK WILLOW,17.0,1,229 E WORTHINGTON AV,35.21002416313475,-80.85766662179,1,4,1,512750.0,3896350.0,204.98595171212858
287245,96785,CHERRY/PLUM/PEACH SPP,9.0,1,1800 CAMDEN RD,35.2122575716018,-80.85919184478392,1,4,1,512750.0,3896350.0,249.90955211279348
287478,107925,MAGNOLIA SAUCER,4.0,1,2151 HAWKINS ST,35.20928166932318,-80.86230501587588,1,4,1,512750.0,3896350.0,234.82287333130205
287794,102266,HORNBEAM EUROPEAN,10.0,1,2100 SOUTH BV,35.207849430706034,-80.86038516140724,1,4,1,512750.0,3896350.0,251.4694401858493
287908,97470,CRAPEMYRTLE SPP,10.0,1,1950 ABBOTT ST,35.211921283691645,-80.86361680970042,1,4,1,512750.0,3896350.0,393.5314861979977
287977,97356,CRAPEMYRTLE SPP,5.0,1,1930 CAMDEN RD,35.2113919758572,-80.86132635571171,1,4,1,512750.0,3896350.0,193.5822123272377
288251,96786,CHERRY/PLUM/PEACH SPP,10.0,1,1800 CAMDEN RD,35.21219890207602,-80.85923441931162,1,4,1,512750.0,3896350.0,242.61865854452637
288255,97346,CRAPEMYRTLE SPP,1.0,1,1930 CAMDEN RD,35.210898750832996,-80.86166710305831,1,4,1,512750.0,3896350.0,183.07321660549619
288311,96789,CHERRY/PLUM/PEACH SPP,3.0,1,1800 CAMDEN RD,35.2124575225499,-80.85902981819449,1,4,1,512750.0,3896350.0,275.3203998885226
288311,96789,CHERRY/PLUM/PEACH SPP,3.0,1,1800 CAMDEN RD,35.2124575225499,-80.85902981819449,1,4,1,512750.0,3896350.0,275.3203998885226
289104,96777,OAK WILLOW,11.0,1,1928 SOUTH BV,35.21015798747196,-80.86011354168777,1,4,1,512750.0,3896350.0,19.621511664435204
289128,97361,CRAPEMYRTLE SPP,9.0,1,127 W WORTHINGTON AV,35.21198849071328,-80.86093212181798,1,4,1,512750.0,3896350.0,230.4868681351819
289185,97939,PECAN,26.0,1,300 EAST BV,35.210631863517186,-80.85671334274294,1,4,1,512750.0,3896350.0,297.89819111264893
289419,97988,CRAPEMYRTLE SPP,4.0,1,1801 SOUTH BV,35.21154445292039,-80.85763845301773,1,4,1,512750.0,3896350.0,263.1630186165558
289576,97479,ELM CHINESE,11.0,1,1801 SOUTH BV,35.211219950293064,-80.85814630810337,1,4,1,512750.0,3896350.0,204.5825235742113
289594,97383,MAGNOLIA CUCUMBER TREE,7.0,1,127 W WORTHINGTON AV,35.21202768323561,-80.86069679385972,1,4,1,512750.0,3896350.0,226.89639787843507
289719,98008,CRAPEMYRTLE SPP,24.0,1,400 EAST BV,35.209677053440295,-80.85512712616719,1,4,1,512750.0,3896350.0,438.3507107405681
289915,107980,SWEETGUM AMERICAN,13.0,1,2000 CLEVELAND AV,35.20866902259257,-80.85911601852985,1,4,1,512750.0,3896350.0,173.07714504517844
289947,96774,OAK WILLOW,12.0,1,1928 SOUTH BV,35.21004241715073,-80.85999734929419,1,4,1,512750.0,3896350.0,8.616160250604164
290581,97921,CRAPEMYRTLE SPP,8.0,1,1814 EUCLID AV,35.209593891570904,-80.85594900408333,1,4,1,512750.0,3896350.0,365.28335095355425
290734,97333,CHERRY/PLUM/PEACH SPP,9.0,1,101 W WORTHINGTON AV,35.21135118318646,-80.85992943817703,1,4,1,512750.0,3896350.0,140.50751906138947
290775,97352,CRAPEMYRTLE SPP,5.0,1,1930 CAMDEN RD,35.21120546044107,-80.86145668835654,1,4,1,512750.0,3896350.0,187.31022739786118
290842,107642,CRAPEMYRTLE SPP,5.0,1,300 E TREMONT AV,35.20880159889544,-80.85873259970573,1,4,1,512750.0,3896350.0,178.51255783423315
291012,97484,CRAPEMYRTLE SPP,7.0,1,1901 SOUTH BV,35.210467527376856,-80.85847789437584,1,4,1,512750.0,3896350.0,137.75842339143588
291109,96775,OAK WILLOW,10.0,1,1928 SOUTH BV,35.21008488562554,-80.86004142719943,1,4,1,512750.0,3896350.0,11.272714844089336
291168,98001,MAPLE RED,4.0,1,224 EAST BV,35.21096295191215,-80.85685803922203,1,4,1,512750.0,3896350.0,295.02988322379184
291194,97485,CRAPEMYRTLE SPP,5.0,1,1901 SOUTH BV,35.21042077815341,-80.85841381969259,1,4,1,512750.0,3896350.0,141.86592087900797
291313,106827,CRAPEMYRTLE SPP,4.0,1,1933 SOUTH BV,35.20972731450139,-80.85953432441725,1,4,1,512750.0,3896350.0,52.76106934362599
291857,96776,OAK WILLOW,11.0,1,1928 SOUTH BV,35.21012225870509,-80.86008013100276,1,4,1,512750.0,3896350.0,15.384006822903658
292066,97487,CRAPEMYRTLE SPP,5.0,1,216 E WORTHINGTON AV,35.2102707961822,-80.85820282779213,1,4,1,512750.0,3896350.0,157.43814543225233
292085,97448,CRAPEMYRTLE SPP,4.0,1,1930 HAWKINS ST,35.211818933523844,-80.86252805610425,1,4,1,512750.0,3896350.0,305.71505746947383
292192,97480,ELM CHINESE,12.0,1,1801 SOUTH BV,35.211259609464435,-80.85810121786028,1,4,1,512750.0,3896350.0,210.52636757631734
292571,97930,OAK WILLOW,33.0,1,1829 CLEVELAND AV,35.20981098809089,-80.8574074657615,1,4,1,512750.0,3896350.0,230.46689748077125
292670,97360,CRAPEMYRTLE SPP,6.0,1,127 W WORTHINGTON AV,35.21192053972291,-80.86097560131142,1,4,1,512750.0,3896350.0,225.26579026112876
292956,97347,CRAPEMYRTLE SPP,5.0,1,1930 CAMDEN RD,35.210946530119294,-80.86163861319505,1,4,1,512750.0,3896350.0,183.52659928739405
293020,97505,CRAPEMYRTLE SPP,7.0,1,320 E WORTHINGTON AV,35.20926251416493,-80.85686659332237,1,4,1,512750.0,3896350.0,292.26668946199055
293049,97319,CHERRY/PLUM/PEACH SPP,8.0,1,1930 CAMDEN RD,35.21064089245331,-80.86083293711646,1,4,1,512750.0,3896350.0,103.69199052754
293239,97507,CRAPEMYRTLE SPP,8.0,1,324 E WORTHINGTON AV,35.20921351787663,-80.85679742799061,1,4,1,512750.0,3896350.0,299.95957400481325
293253,96769,ELM CHINESE,10.0,1,1910 SOUTH BV,35.21035475308898,-80.85937414898181,1,4,1,512750.0,3896350.0,57.84811325118061
293455,97441,CRAPEMYRTLE SPP,3.0,1,1930 HAWKINS ST,35.21157766942637,-80.86175595118559,1,4,1,512750.0,3896350.0,235.43021795494755
293706,107904,CHERRY/PLUM/PEACH SPP,4.0,1,2151 HAWKINS ST,35.20904926153477,-80.86257540452257,1,4,1,512750.0,3896350.0,267.7605887966069
293875,98007,ASH GREEN,17.0,1,400 EAST BV,35.20985793375651,-80.85537562661534,1,4,1,512750.0,3896350.0,414.1611128247456
294317,102139,HORNBEAM EUROPEAN,2.0,1,2000 SOUTH BV,35.208631719028375,-80.86015625898781,1,4,1,512750.0,3896350.0,162.54423987236453
294621,107659,CRAPEMYRTLE SPP,6.0,1,300 E TREMONT AV,35.20884789716349,-80.85868655960144,1,4,1,512750.0,3896350.0,177.070220704375
294864,97449,CRAPEMYRTLE SPP,4.0,1,1930 HAWKINS ST,35.21183276663705,-80.86267023723663,1,4,1,512750.0,3896350.0,316.81417187584304
295227,97997,CRAPEMYRTLE SPP,4.0,1,208 EAST BV,35.21132102346986,-80.85733404127738,1,4,1,512750.0,3896350.0,272.22492034017637
295232,97390,MAGNOLIA CUCUMBER TREE,6.0,1,101 W WORTHINGTON AV,35.21167227151981,-80.85993929932326,1,4,1,512750.0,3896350.0,176.12326035052996
295603,97953,ELM CHINESE,11.0,1,1933 SOUTH BV,35.21000265269646,-80.85951879169497,1,4,1,512750.0,3896350.0,37.40775248247546
295905,97476,ELM CHINESE,8.0,1,1900 ABBOTT ST,35.21304231109422,-80.86288510605077,1,4,1,512750.0,3896350.0,424.9321096774854
296100,97326,CRAPEMYRTLE SPP,4.0,1,1930 CAMDEN RD,35.210710103876806,-80.86154150888707,1,4,1,512750.0,3896350.0,163.2915102479183
296144,96779,ELM CHINESE,11.0,1,1928 SOUTH BV,35.210059382342365,-80.859709110307,1,4,1,512750.0,3896350.0,19.17368028002805
296506,96784,CHERRY/PLUM/PEACH SPP,11.0,1,1800 CAMDEN RD,35.21230654255917,-80.85915119113696,1,4,1,512750.0,3896350.0,256.13418228920546
296571,96755,OAK SCARLET,7.0,1,1800 SOUTH BV,35.211566414012474,-80.85803562598643,1,4,1,512750.0,3896350.0,237.39962550777273
296608,107908,CHERRY/PLUM/PEACH SPP,5.0,1,2151 HAWKINS ST,35.20908744446768,-80.86252353535421,1,4,1,512750.0,3896350.0,261.6862532332219
296674,97452,CRAPEMYRTLE SPP,10.0,1,1967 ABBOTT ST,35.211884205161255,-80.86321414364164,1,4,1,512750.0,3896350.0,360.37825865611757
296822,97503,CRAPEMYRTLE SPP,3.0,1,320 E WORTHINGTON AV,35.20930226966031,-80.85691790729238,1,4,1,512750.0,3896350.0,286.4672668727335
297172,97451,CRAPEMYRTLE SPP,4.0,1,1967 ABBOTT ST,35.211859036864915,-80.86290641153255,1,4,1,512750.0,3896350.0,335.7718454075731
297730,97327,CRAPEMYRTLE SPP,4.0,1,1930 CAMDEN RD,35.210713751242274,-80.86161998198814,1,4,1,512750.0,3896350.0,169.94951913816752
297740,106688,MAPLE RED,7.0,1,231 E TREMONT AV,35.20924588813798,-80.85893135104786,1,4,1,512750.0,3896350.0,129.2361296648595
298098,97341,CHERRY/PLUM/PEACH SPP,11.0,1,1930 CAMDEN RD,35.21080823408065,-80.86037627393226,1,4,1,512750.0,3896350.0,90.4959717998171
298236,97989,CRAPEMYRTLE SPP,2.0,1,1801 SOUTH BV,35.211502044857724,-80.85757711909842,1,4,1,512750.0,3896350.0,264.76577752376096
298522,97334,CHERRY/PLUM/PEACH SPP,11.0,1,101 W WORTHINGTON AV,35.211157340408406,-80.86008770864012,1,4,1,512750.0,3896350.0,120.00935046848652
298617,97358,CRAPEMYRTLE SPP,7.0,1,127 W WORTHINGTON AV,35.211784424559355,-80.86107641078526,1,4,1,512750.0,3896350.0,216.04572260431723
298697,98005,MAPLE RED,4.0,1,310 EAST BV,35.210494787415335,-80.85622484536538,1,4,1,512750.0,3896350.0,339.17396746128844
298759,105750,CRAPEMYRTLE SPP,4.0,1,1831 SOUTH BV,35.21069345224847,-80.85858413618794,1,4,1,512750.0,3896350.0,138.9041244182737
299212,97447,CRAPEMYRTLE SPP,4.0,1,1930 HAWKINS ST,35.21178602099394,-80.86237632811554,1,4,1,512750.0,3896350.0,292.74395097896695
299541,97450,CRAPEMYRTLE SPP,4.0,1,1930 HAWKINS ST,35.21184327011932,-80.86275117093548,1,4,1,512750.0,3896350.0,323.37237248815444
299694,97348,CRAPEMYRTLE SPP,3.0,1,1930 CAMDEN RD,35.211007863503944,-80.86159712140204,1,4,1,512750.0,3896350.0,184.01164652767898
300005,97351,CRAPEMYRTLE SPP,5.0,1,1930 CAMDEN RD,35.21116246557209,-80.86148972496585,1,4,1,512750.0,3896350.0,186.4767828280269
300025,97322,CHERRY/PLUM/PEACH SPP,10.0,1,1930 CAMDEN RD,35.210661270726966,-80.86108632156774,1,4,1,512750.0,3896350.0,124.14056325307794
300076,97958,CRAPEMYRTLE SPP,4.0,1,1909 SOUTH BV,35.210452948974975,-80.85900864145651,1,4,1,512750.0,3896350.0,92.28250438008358
300362,107071,CRAPEMYRTLE SPP,5.0,1,300 E TREMONT AV,35.2087803168769,-80.85850508872102,1,4,1,512750.0,3896350.0,193.4927704567847
300556,97508,CRAPEMYRTLE SPP,9.0,1,328 E WORTHINGTON AV,35.209139813133895,-80.85669392528106,1,4,1,512750.0,3896350.0,311.54576860803434
300736,102240,HORNBEAM EUROPEAN,9.0,1,2100 SOUTH BV,35.208102772549594,-80.8602818012555,1,4,1,512750.0,3896350.0,222.2327825408186
301209,107911,CHERRY/PLUM/PEACH SPP,5.0,1,2151 HAWKINS ST,35.20912176790575,-80.86246678155759,1,4,1,512750.0,3896350.0,255.399256506596
301509,97332,CHERRY/PLUM/PEACH SPP,12.0,1,101 W WORTHINGTON AV,35.211411198219025,-80.85987630922463,1,4,1,512750.0,3896350.0,147.20698714367316
301519,97331,CHERRY/PLUM/PEACH SPP,11.0,1,101 W WORTHINGTON AV,35.21150049229974,-80.85979845674903,1,4,1,512750.0,3896350.0,157.4355718209877
301535,97350,CRAPEMYRTLE SPP,6.0,1,1930 CAMDEN RD,35.21111592225233,-80.86151676342907,1,4,1,512750.0,3896350.0,185.138293309104
302164,96763,ELM CHINESE,14.0,1,1820 SOUTH BV,35.21114750556896,-80.85850179074045,1,4,1,512750.0,3896350.0,174.66908826789262
302329,107902,SWEETGUM AMERICAN,15.0,1,2000 CLEVELAND AV,35.20876264288096,-80.85901513197487,1,4,1,512750.0,3896350.0,168.01375777875126
302406,97999,CRAPEMYRTLE SPP,3.0,1,208 EAST BV,35.21118336469675,-80.85715734905845,1,4,1,512750.0,3896350.0,279.23762275784685
302439,107948,SWEETGUM AMERICAN,17.0,1,2000 CLEVELAND AV,35.20873734111827,-80.85903134389814,1,4,1,512750.0,3896350.0,169.76097909102123
302612,97440,CRAPEMYRTLE SPP,4.0,1,1930 HAWKINS ST,35.21151683361123,-80.8616139983852,1,4,1,512750.0,3896350.0,221.54317196834668
302646,97355,CRAPEMYRTLE SPP,4.0,1,1930 CAMDEN RD,35.21134905021006,-80.86135495571598,1,4,1,512750.0,3896350.0,191.8079204844402
302812,102038,HORNBEAM EUROPEAN,8.0,1,200 E TREMONT AV,35.20906288805954,-80.85986788440498,1,4,1,512750.0,3896350.0,113.35945367420673
303189,96778,ELM CHINESE,11.0,1,1928 SOUTH BV,35.210104543253294,-80.85966370651812,1,4,1,512750.0,3896350.0,23.216232751500364
303373,97353,CRAPEMYRTLE SPP,5.0,1,1930 CAMDEN RD,35.21125701658146,-80.86141941121079,1,4,1,512750.0,3896350.0,188.6812340759906
303438,97951,OAK WILLOW,15.0,1,215 E WORTHINGTON AV,35.21044614662755,-80.85825096430659,1,4,1,512750.0,3896350.0,156.91111900130545
303667,97336,CHERRY/PLUM/PEACH SPP,2.0,1,101 W WORTHINGTON AV,35.21127397264057,-80.85998858583777,1,4,1,512750.0,3896350.0,132.0988941227507
303697,97328,CRAPEMYRTLE SPP,5.0,1,1930 CAMDEN RD,35.210722435070096,-80.86168673840237,1,4,1,512750.0,3896350.0,175.89225703429162
304704,222062,CRAPEMYRTLE SPP,3.0,1,300 EAST BV,35.21034729523039,-80.85702530175786,1,4,1,512750.0,3896350.0,264.86019568640194
306987,224345,OAK WILLOW,6.0,1,125 W TREMONT AV,35.21055227905841,-80.86186938199877,1,4,1,512750.0,3896350.0,185.07613957576325
306988,224346,OAK WILLOW,6.0,1,125 W TREMONT AV,35.21043211357198,-80.86190045109295,1,4,1,512750.0,3896350.0,184.55388166420676
306989,224347,CHERRY/PLUM/PEACH SPP,6.0,1,125 W TREMONT AV,35.210351960153396,-80.86192398211757,1,4,1,512750.0,3896350.0,185.01619291195604
306990,224348,CHERRY/PLUM/PEACH SPP,6.0,1,125 W TREMONT AV,35.21025786964946,-80.86195142079058,1,4,1,512750.0,3896350.0,186.11475535512835
306991,224349,CHERRY/PLUM/PEACH SPP,6.0,1,125 W TREMONT AV,35.21018115103907,-80.86197714279437,1,4,1,512750.0,3896350.0,187.7651124236223
306992,224350,CHERRY/PLUM/PEACH SPP,6.0,1,125 W TREMONT AV,35.21004531520292,-80.86201208074434,1,4,1,512750.0,3896350.0,190.6863594776297
306993,224351,CHERRY/PLUM/PEACH SPP,6.0,1,125 W TREMONT AV,35.209926818725386,-80.86204741491149,1,4,1,512750.0,3896350.0,194.6382750984801
306994,224352,CHERRY/PLUM/PEACH SPP,6.0,1,125 W TREMONT AV,35.20983796307135,-80.86207285929554,1,4,1,512750.0,3896350.0,198.06197238555902
306995,224353,CHERRY/PLUM/PEACH SPP,6.0,1,2205 HAWKINS ST,35.208496355795,-80.86369914833023,1,4,1,512750.0,3896350.0,386.62657841906673
307121,224479,CRAPEMYRTLE SPP,4.0,1,1930 CAMDEN RD,35.210705084006214,-80.8614733575247,1,4,1,512750.0,3896350.0,157.45458963868683
307122,224480,STUMP,5.0,1,1930 CAMDEN RD,35.21074480163327,-80.86042893518173,0,4,1,512750.0,3896350.0,86.79038237482796
307123,224481,ELM CHINESE,8.0,1,1815 S TRYON ST,35.21331943109217,-80.86314294032232,1,4,1,512750.0,3896350.0,463.57585173879585
307124,224482,ELM CHINESE,6.0,1,1815 S TRYON ST,35.213253862791824,-80.86300043683096,1,4,1,512750.0,3896350.0,449.7676079136522
307125,224483,ELM CHINESE,6.0,1,1815 S TRYON ST,35.213220566966335,-80.86292853736886,1,4,1,512750.0,3896350.0,442.8081922795124
307126,224484,ELM CHINESE,6.0,1,1815 S TRYON ST,35.21316721428588,-80.86282199349694,1,4,1,512750.0,3896350.0,432.1773313435493
307127,224485,CHERRY/PLUM/PEACH SPP,6.0,1,125 W TREMONT AV,35.21046475861851,-80.86064625758388,1,4,1,512750.0,3896350.0,78.60939411907327
307128,224486,OAK WILLOW,7.0,1,125 W TREMONT AV,35.21049585655487,-80.86075631662727,1,4,1,512750.0,3896350.0,88.9465950002154
307129,224487,OAK WILLOW,7.0,1,125 W TREMONT AV,35.210512731289725,-80.86089338695123,1,4,1,512750.0,3896350.0,100.72887854957767
307131,224489,OAK WILLOW,7.0,1,125 W TREMONT AV,35.2105444596434,-80.86119278642775,1,4,1,512750.0,3896350.0,126.79225434314489
307132,224490,OAK WILLOW,7.0,1,125 W TREMONT AV,35.21056240058499,-80.86137132874953,1,4,1,512750.0,3896350.0,142.54714255510308
307133,224491,OAK WILLOW,7.0,1,125 W TREMONT AV,35.21057177513944,-80.86147909453567,1,4,1,512750.0,3896350.0,152.0622339398849
307134,224492,OAK WILLOW,7.0,1,125 W TREMONT AV,35.210586587131566,-80.86159202601783,1,4,1,512750.0,3896350.0,162.2672150382659
307135,224493,OAK WILLOW,6.0,1,125 W TREMONT AV,35.2105931526745,-80.86170308824657,1,4,1,512750.0,3896350.0,172.03397209714956
307136,224494,CHERRY/PLUM/PEACH SPP,7.0,1,214 W TREMONT AV,35.2108465287019,-80.86289586135906,1,4,1,512750.0,3896350.0,283.9520354145414
307137,224495,CHERRY/PLUM/PEACH SPP,7.0,1,214 W TREMONT AV,35.210830192761684,-80.86274906882059,1,4,1,512750.0,3896350.0,270.6671852425589
307138,224496,CHERRY/PLUM/PEACH SPP,8.0,1,214 W TREMONT AV,35.21081763608192,-80.86263548194,1,4,1,512750.0,3896350.0,260.40435558807
307139,224497,CHERRY/PLUM/PEACH SPP,7.0,1,214 W TREMONT AV,35.210802514633365,-80.8625026616764,1,4,1,512750.0,3896350.0,248.4059920719081
307140,224498,CHERRY/PLUM/PEACH SPP,6.0,1,214 W TREMONT AV,35.21079781458978,-80.86243631806516,1,4,1,512750.0,3896350.0,242.52358964338865
307141,224499,CHERRY/PLUM/PEACH SPP,9.0,1,214 W TREMONT AV,35.21078196014646,-80.86225816102036,1,4,1,512750.0,3896350.0,226.65103575991998
307142,224500,CHERRY HIGAN,2.0,1,200 W TREMONT AV,35.21076527844546,-80.86212399571116,1,4,1,512750.0,3896350.0,214.55547801142154
307143,224501,CHERRY HIGAN,2.0,1,200 W TREMONT AV,35.21075801689173,-80.86206021483915,1,4,1,512750.0,3896350.0,208.8423674900515
307144,224502,CHERRY HIGAN,3.0,1,200 W TREMONT AV,35.210738008478494,-80.86202001165621,1,4,1,512750.0,3896350.0,204.63293334710167
307145,224503,MAPLE RED,10.0,1,2000 HAWKINS ST,35.21142169749741,-80.86171716112148,1,4,1,512750.0,3896350.0,220.97062006772995
307146,224504,MULBERRY WHITE,1.0,1,2000 HAWKINS ST,35.21157439730481,-80.86203912947943,1,4,1,512750.0,3896350.0,254.1590889827046
307147,224505,CRAPEMYRTLE SPP,10.0,1,1967 ABBOTT ST,35.211872548864875,-80.86306940950466,1,4,1,512750.0,3896350.0,348.749942563613
307148,224506,HORNBEAM EUROPEAN,4.0,1,201 W WORTHINGTON AV,35.21189095435569,-80.86114554411068,1,4,1,512750.0,3896350.0,229.4283753229042
307149,224507,HORNBEAM EUROPEAN,4.0,1,201 W WORTHINGTON AV,35.21197610954669,-80.86109542895291,1,4,1,512750.0,3896350.0,235.61012016490363
307150,224508,HORNBEAM EUROPEAN,4.0,1,201 W WORTHINGTON AV,35.212072695423885,-80.86102469472209,1,4,1,512750.0,3896350.0,242.45124550752325
307151,224509,ELM CHINESE,9.0,1,1905 ABBOTT ST,35.21277164260068,-80.86227526738583,1,4,1,512750.0,3896350.0,367.2489472086275
307152,224510,ELM CHINESE,7.0,1,1905 ABBOTT ST,35.212846258624836,-80.8624558302353,1,4,1,512750.0,3896350.0,383.6611614643444
307153,224511,ELM CHINESE,7.0,1,1905 ABBOTT ST,35.21288902699842,-80.8625381057653,1,4,1,512750.0,3896350.0,391.96948014342865
307154,224512,ELM CHINESE,6.0,1,1910 ABBOTT ST,35.21307364086225,-80.86294369453545,1,4,1,512750.0,3896350.0,431.0080459842355
307155,224513,ELM CHINESE,6.0,1,1910 ABBOTT ST,35.21311806661752,-80.86303787686444,1,4,1,512750.0,3896350.0,440.28893953068086
307156,224514,ELM CHINESE,7.0,1,1910 ABBOTT ST,35.213158945798476,-80.86312869110648,1,4,1,512750.0,3896350.0,449.097548107057
307157,224515,ELM CHINESE,9.0,1,1910 ABBOTT ST,35.21320671533697,-80.86323939099901,1,4,1,512750.0,3896350.0,459.69595744225666
307158,224516,ELM CHINESE,7.0,1,1910 ABBOTT ST,35.213266904510796,-80.86336133717445,1,4,1,512750.0,3896350.0,472.04055502020407
307159,224517,CRAPEMYRTLE SPP,10.0,1,1927 S TRYON ST,35.21237464675251,-80.86474434035561,1,4,1,512750.0,3896350.0,507.4618237717594
307160,224518,CRAPEMYRTLE SPP,10.0,1,1927 S TRYON ST,35.212322503313736,-80.86468660344546,1,4,1,512750.0,3896350.0,500.02375562618255
307161,224519,CRAPEMYRTLE SPP,10.0,1,1927 S TRYON ST,35.212255854092064,-80.8646022833008,1,4,1,512750.0,3896350.0,489.69945135432863
307162,224520,CRAPEMYRTLE SPP,10.0,1,1927 S TRYON ST,35.21219911331376,-80.864520209327,1,4,1,512750.0,3896350.0,480.1040133984469
307163,224521,CRAPEMYRTLE SPP,10.0,1,1927 S TRYON ST,35.21215719036248,-80.86444453233628,1,4,1,512750.0,3896350.0,471.82331877865397
307164,224522,CRAPEMYRTLE SPP,10.0,1,1927 S TRYON ST,35.21211207771862,-80.8643607054608,1,4,1,512750.0,3896350.0,462.7234775433374
307165,224523,ELM CHINESE,10.0,1,1927 S TRYON ST,35.212073747920826,-80.86426693661106,1,4,1,512750.0,3896350.0,453.1990457091625
307166,224524,ELM CHINESE,10.0,1,1927 S TRYON ST,35.2120155690173,-80.86417069438322,1,4,1,512750.0,3896350.0,442.4086783680436
307175,224533,HORNBEAM EUROPEAN,4.0,1,2000 SOUTH BV,35.20890057808984,-80.86011066784918,1,4,1,512750.0,3896350.0,132.4406561893181
307176,224534,HORNBEAM EUROPEAN,3.0,1,2000 SOUTH BV,35.2091259630408,-80.86006527901127,1,4,1,512750.0,3896350.0,107.12106846336633
307179,224537,CRABAPPLE SPP,3.0,1,1820 SOUTH BV,35.21120625332591,-80.85843597836572,1,4,1,512750.0,3896350.0,183.48802280769812
307180,224538,CRAPEMYRTLE SPP,2.0,1,1800 SOUTH BV,35.211637320104266,-80.85795542174422,1,4,1,512750.0,3896350.0,248.11204899152983
307181,224539,CRAPEMYRTLE SPP,2.0,1,1800 SOUTH BV,35.211660212144174,-80.8579317241211,1,4,1,512750.0,3896350.0,251.42712131631458
307182,224540,CRAPEMYRTLE SPP,2.0,1,1800 SOUTH BV,35.21168175447231,-80.85790960954566,1,4,1,512750.0,3896350.0,254.53497770660053
307188,224546,CRAPEMYRTLE SPP,3.0,1,330 EAST BV,35.210167445899664,-80.85558556049625,1,4,1,512750.0,3896350.0,394.3993237560959
307189,224547,CRAPEMYRTLE SPP,4.0,1,330 EAST BV,35.21011714453534,-80.85551849120704,1,4,1,512750.0,3896350.0,400.41263856945864
307192,224550,OAK NORTHERN RED,9.0,1,400 EAST BV,35.20953565708577,-80.85493496743089,1,8,3,513650.0,3896350.0,450.4436682798684
307193,224551,OAK NORTHERN RED,10.0,1,400 EAST BV,35.209781403782046,-80.85527031112834,1,4,1,512750.0,3896350.0,424.317016477405
307194,224552,ELM CHINESE,7.0,1,1801 SOUTH BV,35.2114664470292,-80.85787447659496,1,4,1,512750.0,3896350.0,240.99132444538614
307195,224553,ELM CHINESE,11.0,1,1919 SOUTH BV,35.210195842216855,-80.85929728610847,1,4,1,512750.0,3896350.0,57.79818738862767
307196,224554,ELM CHINESE,13.0,1,1923 SOUTH BV,35.21009293930949,-80.8594165996407,1,4,1,512750.0,3896350.0,45.60824026183815
307197,224555,MAGNOLIA SAUCER,2.0,1,2109 SOUTH BV,35.207610734752556,-80.86034058903515,1,4,1,512750.0,3896350.0,277.0022045879042
307198,224556,MAGNOLIA SAUCER,2.0,1,2109 SOUTH BV,35.20755705606552,-80.86037355546009,1,4,1,512750.0,3896350.0,283.3225804420462
307199,224557,MAGNOLIA SAUCER,2.0,1,2109 SOUTH BV,35.207497388978545,-80.86041178333458,1,4,1,512750.0,3896350.0,290.3885179584847
307200,224558,MAGNOLIA SAUCER,2.0,1,2109 SOUTH BV,35.20743602324095,-80.86046436877582,1,4,1,512750.0,3896350.0,297.8759277984887
307201,224559,MAGNOLIA SAUCER,2.0,1,2109 SOUTH BV,35.207308891237794,-80.86056763950887,1,4,1,512750.0,3896350.0,313.4234227464248
307202,224560,HORNBEAM AMERICAN,9.0,1,2137 SOUTH BV,35.207241389309004,-80.86059670212047,1,4,1,512750.0,3896350.0,321.2763614374871
307203,224561,HORNBEAM AMERICAN,9.0,1,2137 SOUTH BV,35.20716875203903,-80.86066459723477,1,4,1,512750.0,3896350.0,330.4011861621311
307204,224562,HORNBEAM AMERICAN,12.0,1,2137 SOUTH BV,35.20710652315398,-80.86071983091344,1,4,1,512750.0,3896350.0,338.207362166497
307235,224593,MAPLE RED,25.0,1,405 E TREMONT AV,35.208017717056414,-80.85724439297103,1,4,1,512750.0,3896350.0,334.25026280287784
307236,224594,CRAPEMYRTLE SPP,2.0,1,409 E TREMONT AV,35.20788906795256,-80.85707880996206,1,4,1,512750.0,3896350.0,355.0035499869868
307337,224695,OAK WILLOW,2.0,1,2125 EUCLID AV,35.20708765316329,-80.85952826627235,1,4,1,512750.0,3896350.0,334.2070452459081
307338,224696,OAK WILLOW,2.0,1,2125 EUCLID AV,35.20715526499508,-80.8596130074657,1,4,1,512750.0,3896350.0,326.0058346955231
307339,224697,OAK WILLOW,8.0,1,108 SOUTHEND DR,35.207290263091124,-80.85979726380867,1,4,1,512750.0,3896350.0,310.0471663941549
307340,224698,OAK WILLOW,11.0,1,108 SOUTHEND DR,35.20734515518108,-80.85986162380654,1,4,1,512750.0,3896350.0,303.80885642032257
307341,224699,CHERRY/PLUM/PEACH SPP,5.0,1,2109 SOUTH BV,35.20738809355019,-80.85992158265606,1,4,1,512750.0,3896350.0,299.0045126633245
307358,224716,CRAPEMYRTLE SPP,1.0,1,2000 EUCLID AV,35.20795044102847,-80.8577973325525,1,4,1,512750.0,3896350.0,305.3536680722423
307359,224717,CRAPEMYRTLE SPP,1.0,1,2000 EUCLID AV,35.20801463067211,-80.85772072016944,1,4,1,512750.0,3896350.0,304.40505685142614
307360,224718,MAPLE FREEMAN,5.0,1,301 E TREMONT AV,35.20888241696224,-80.85844840760042,1,4,1,512750.0,3896350.0,188.80159803729535
307361,224719,MAPLE FREEMAN,5.0,1,301 E TREMONT AV,35.2088364211161,-80.85838359445816,1,4,1,512750.0,3896350.0,196.58160216874668
307365,224723,CRAPEMYRTLE SPP,3.0,1,328 E WORTHINGTON AV,35.20915846483649,-80.85671854629999,1,4,1,512750.0,3896350.0,308.7421168921321
307366,224724,CRAPEMYRTLE SPP,4.0,1,324 E WORTHINGTON AV,35.209183471831636,-80.85676044981751,1,4,1,512750.0,3896350.0,304.22588944555224
307367,224725,REDBUD EASTERN,2.0,1,1913 CLEVELAND AV,35.209406064738076,-80.85807883353499,1,4,1,512750.0,3896350.0,183.48265107826026
307368,224726,MAPLE FREEMAN,4.0,1,301 E TREMONT AV,35.209331039510396,-80.858168392507,1,4,1,512750.0,3896350.0,179.79062824583698
307369,224727,MAPLE FREEMAN,5.0,1,301 E TREMONT AV,35.20924145851391,-80.85826298908619,1,4,1,512750.0,3896350.0,177.24457255025655
307371,224729,MAPLE FREEMAN,5.0,1,301 E TREMONT AV,35.209090385118195,-80.85842674356505,1,4,1,512750.0,3896350.0,174.8174715230802
307372,224730,MAPLE FREEMAN,5.0,1,301 E TREMONT AV,35.20902742152762,-80.85850967476574,1,4,1,512750.0,3896350.0,173.6595731989974
307373,224731,DOGWOOD FLOWERING,8.0,1,300 E TREMONT AV,35.20881884983606,-80.85870642568848,1,4,1,512750.0,3896350.0,178.45359810548194
307374,224732,MAGNOLIA SOUTHERN,11.0,1,2005 CLEVELAND AV,35.20872472064208,-80.85880148856542,1,4,1,512750.0,3896350.0,181.80136421907733
307375,224733,CYPRESS LEYLAND,9.0,1,2050 CLEVELAND AV,35.20835959709302,-80.85919510038357,0,4,1,512750.0,3896350.0,202.25308663951867
307376,224734,CRAPEMYRTLE SPP,6.0,1,200 E TREMONT AV,35.20920855373648,-80.85910555251287,1,4,1,512750.0,3896350.0,122.04048393811101
307377,224735,CRAPEMYRTLE SPP,3.0,1,200 E TREMONT AV,35.20924318418489,-80.85915582231073,1,4,1,512750.0,3896350.0,116.2208106584604
307378,224736,CRAPEMYRTLE SPP,6.0,1,200 E TREMONT AV,35.20932283560378,-80.8592578702232,1,4,1,512750.0,3896350.0,103.6134267456737
307379,224737,CRAPEMYRTLE SPP,3.0,1,200 E TREMONT AV,35.20938298162118,-80.85934170926828,1,4,1,512750.0,3896350.0,93.78476353964422
307380,224738,CRAPEMYRTLE SPP,7.0,1,200 E TREMONT AV,35.20948392106025,-80.85948135317864,1,4,1,512750.0,3896350.0,77.51694735914947
307381,224739,MAPLE RED,4.0,1,217 E TREMONT AV,35.20937877054643,-80.85910503179586,1,4,1,512750.0,3896350.0,107.66025592523076
307382,224740,OAK WILLOW,1.0,1,1924 CLEVELAND AV,35.20907792905841,-80.85864377432075,1,4,1,512750.0,3896350.0,160.92497439075493
307383,224741,CRAPEMYRTLE SPP,1.0,1,1924 CLEVELAND AV,35.20909013316697,-80.85863047559049,1,4,1,512750.0,3896350.0,160.86866061175445
307384,224742,CRAPEMYRTLE SPP,5.0,1,1924 CLEVELAND AV,35.209098990730034,-80.85861187792317,1,4,1,512750.0,3896350.0,161.43905588208244
307385,224743,CRAPEMYRTLE SPP,1.0,1,1924 CLEVELAND AV,35.209148746302624,-80.85855348288577,1,4,1,512750.0,3896350.0,161.79842985360582
307386,224744,CRAPEMYRTLE SPP,8.0,1,1924 CLEVELAND AV,35.209159220963066,-80.85854118941147,1,4,1,512750.0,3896350.0,161.92018206599437
307387,224745,WAXMYRTLE SOUTHERN,9.0,1,1920 CLEVELAND AV,35.20924777445796,-80.85844593921038,0,4,1,512750.0,3896350.0,162.93251439406419
307388,224746,CYPRESS ITALIAN,4.0,1,1920 CLEVELAND AV,35.209261481467955,-80.85843352609886,0,4,1,512750.0,3896350.0,163.00684833371176
307389,224747,ARBORVITAE AMERICAN,1.0,1,1920 CLEVELAND AV,35.20929012488669,-80.85840872681055,0,4,1,512750.0,3896350.0,163.14565741118997
307390,224748,ARBORVITAE AMERICAN,1.0,1,1920 CLEVELAND AV,35.20930699463863,-80.85839039753957,0,4,1,512750.0,3896350.0,163.55880822474575
307391,224749,CYPRESS ITALIAN,6.0,1,1920 CLEVELAND AV,35.2093291242028,-80.85836046761861,0,4,1,512750.0,3896350.0,164.6182345481674
307392,224750,OAK SCARLET,9.0,1,229 E WORTHINGTON AV,35.21005192400081,-80.85753825317958,1,4,1,512750.0,3896350.0,216.59110721977652
307393,224751,OAK WHITE,3.0,1,228 EAST BV,35.21041428572754,-80.85712554754745,1,4,1,512750.0,3896350.0,256.74680085891214
307394,224752,REDBUD EASTERN,2.0,1,228 EAST BV,35.21053632084388,-80.85699770348215,1,4,1,512750.0,3896350.0,270.44797265676846
307395,224753,OAK WHITE,3.0,1,228 EAST BV,35.21061474398997,-80.8569173828853,1,4,1,512750.0,3896350.0,279.33656622572937
307396,224754,OAK WILLOW,3.0,1,228 EAST BV,35.2108883589907,-80.85671237649285,1,4,1,512750.0,3896350.0,305.0549587625265
307397,224755,REDBUD EASTERN,2.0,1,300 EAST BV,35.21051493458655,-80.85684852915584,1,4,1,512750.0,3896350.0,283.3919837953677
307399,224757,HACKBERRY SUGAR,5.0,1,329 E WORTHINGTON AV,35.20935681339989,-80.85628254535983,1,4,1,512750.0,3896350.0,340.54817200104
307400,224758,MAPLE RED,4.0,1,1818 EUCLID AV,35.209507422544895,-80.85604821026857,1,4,1,512750.0,3896350.0,357.9459652154318
307401,224759,ELM CHINESE,2.0,1,330 EAST BV,35.20971373971221,-80.85581612002925,1,4,1,512750.0,3896350.0,375.5619016765394
307402,224760,JUNIPER ROCKY MOUNTAIN,2.0,1,330 EAST BV,35.209805575865055,-80.8557663923737,0,4,1,512750.0,3896350.0,379.0951038110288
307403,224761,JUNIPER ROCKY MOUNTAIN,2.0,1,330 EAST BV,35.20982995525038,-80.85573557903378,0,4,1,512750.0,3896350.0,381.6810688946915
307404,224762,JUNIPER ROCKY MOUNTAIN,2.0,1,330 EAST BV,35.20984304663735,-80.85572131344394,0,4,1,512750.0,3896350.0,382.87175741804003
307405,224763,JUNIPER ROCKY MOUNTAIN,2.0,1,330 EAST BV,35.2098589638788,-80.85570263003397,0,4,1,512750.0,3896350.0,384.4493615152969
307406,224764,JUNIPER ROCKY MOUNTAIN,2.0,1,330 EAST BV,35.20987488110041,-80.85568394771481,0,4,1,512750.0,3896350.0,386.0359817895652
307407,224765,CRAPEMYRTLE SPP,2.0,1,400 EAST BV,35.209734006101854,-80.8556382744203,1,4,1,512750.0,3896350.0,391.4264599189167
307408,224766,CRAPEMYRTLE SPP,2.0,1,400 EAST BV,35.209689304446556,-80.85569163114717,1,4,1,512750.0,3896350.0,387.12390814157703
307409,224767,CRAPEMYRTLE SPP,2.0,1,400 EAST BV,35.209587248115284,-80.85579896140615,1,4,1,512750.0,3896350.0,378.89973730061155
307410,224768,CRAPEMYRTLE SPP,2.0,1,400 EAST BV,35.20950322608664,-80.85589047966272,1,4,1,512750.0,3896350.0,372.1603671338192
307411,224769,CRAPEMYRTLE SPP,2.0,1,401 E WORTHINGTON AV,35.20933864821162,-80.85607770982485,1,4,1,512750.0,3896350.0,359.1469854217261
307412,224770,ELM WINGED,2.0,1,401 E WORTHINGTON AV,35.20926529066717,-80.85611633719812,1,4,1,512750.0,3896350.0,357.7052653022854
307413,224771,ELM WINGED,2.0,1,401 E WORTHINGTON AV,35.20924455177462,-80.85613870168821,1,4,1,512750.0,3896350.0,356.33094412131106
307414,224772,PRIVET GLOSSY,2.0,1,401 E WORTHINGTON AV,35.20923725420646,-80.85614726682626,1,4,1,512750.0,3896350.0,355.79132994062417
307415,224773,ELM WINGED,2.0,1,401 E WORTHINGTON AV,35.20922381199345,-80.8561610650482,1,4,1,512750.0,3896350.0,354.97800185075084
307416,224774,OAK WILLOW,3.0,1,401 E WORTHINGTON AV,35.209207855108225,-80.85617715690115,1,4,1,512750.0,3896350.0,354.04920312506164
307417,224775,HOLLY CHINESE,2.0,1,401 E WORTHINGTON AV,35.20918150166126,-80.85620610896612,0,4,1,512750.0,3896350.0,352.3353428216365
307419,224777,ELM WINGED,1.0,1,401 E WORTHINGTON AV,35.20922058537839,-80.85620968660369,1,4,1,512750.0,3896350.0,350.81498357062986
307420,224778,OAK WILLOW,1.0,1,401 E WORTHINGTON AV,35.209202519348715,-80.8562374839523,1,4,1,512750.0,3896350.0,348.9379016240899
310372,225329,CRAPE MYRTLE,2.0,1,400 EAST BV,35.20945390504474,-80.85523603654941,1,4,1,512750.0,3896350.0,431.80232856469735
310465,225422,MAPLE PAINTED,2.0,1,2000 EUCLID AV #H,35.208136545761654,-80.85781010908349,1,4,1,512750.0,3896350.0,288.8792327159228
310466,225423,MAPLE PAINTED,2.0,1,2000 EUCLID AV #H,35.208136545761654,-80.85781010908349,1,4,1,512750.0,3896350.0,288.8792327159228
310467,225424,MAPLE PAINTED,2.0,1,2000 EUCLID AV #H,35.208136545761654,-80.85781010908349,1,4,1,512750.0,3896350.0,288.8792327159228
311488,226445,MAPLE RED,3.0,1,1930 CAMDEN RD,35.21072762389135,-80.86123444515694,1,4,1,512750.0,3896350.0,139.48784281333965
312840,227799,ELM CHINESE,3.0,1,201 W TREMONT AV,35.20996102267384,-80.8621896617216,1,4,1,512750.0,3896350.0,207.25168467734395
312841,227800,ELM CHINESE,3.0,1,201 W TREMONT AV,35.20996102267384,-80.8621896617216,1,4,1,512750.0,3896350.0,207.25168467734395
316919,230940,ELM CHINESE,3.0,1,1800 SOUTH BV,35.212038912361,-80.8582191280155,1,4,1,512750.0,3896350.0,266.24758189782534
661129,10453512,TULIPTREE,4.0,1,244 W KINGSTON AV,35.215280374302026,-80.86114930316859,1,7,2,512750.0,3897450.0,535.9357111875704
661129,10453512,TULIPTREE,4.0,1,244 W KINGSTON AV,35.215280374302026,-80.86114930316859,1,7,2,512750.0,3897450.0,535.9357111875704
673929,10453833,TULIPTREE,3.0,1,1828 S TRYON ST,35.213558891254685,-80.86368839672575,1,4,1,512750.0,3896350.0,516.019119316089
673930,10453834,TULIPTREE,3.0,1,1825 WICKFORD PL,35.21366078986113,-80.86390297312788,1,4,1,512750.0,3896350.0,537.4935491143821
673931,10453835,TULIPTREE,3.0,1,1825 WICKFORD PL,35.21371667027757,-80.86401562636672,1,4,1,512750.0,3896350.0,548.9965783544637
673932,10453836,Carolina Silverbell,3.0,1,1900 S TRYON ST,35.213499287579886,-80.86381097018605,1,4,1,512750.0,3896350.0,518.6592701509993
673933,10453837,Carolina Silverbell,3.0,1,1900 S TRYON ST,35.213609952877206,-80.86403359359447,1,4,1,512750.0,3896350.0,541.5024714496561
673934,10453838,Carolina Silverbell,3.0,1,1900 S TRYON ST,35.213558454856255,-80.86393032855837,1,4,1,512750.0,3896350.0,530.8840082892132
673935,10453839,Carolina Silverbell,3.0,1,401 W WORTHINGTON AV,35.213669120135314,-80.86415697547274,1,4,1,512750.0,3896350.0,554.0208141031986
673936,10453840,Carolina Silverbell,3.0,1,401 W WORTHINGTON AV,35.21380169873811,-80.86441580904648,1,4,1,512750.0,3896350.0,581.0168177287738
673937,10453841,Carolina Silverbell,3.0,1,401 W WORTHINGTON AV,35.213734861019304,-80.86428035746461,1,4,1,512750.0,3896350.0,567.0813567853459
780089,10501070,MAPLE: RED,3.0,1,229 N CHURCH ST #200,35.229585004030454,-80.84211528913558,1,3,7,514550.0,3898550.0,186.4114220239595
780090,10501071,MAPLE: RED,3.0,1,210 N CHURCH ST #3104,35.229531569520994,-80.84219433306764,1,3,7,514550.0,3898550.0,194.63171664341564
802852,10501357,JAPANESE SNOWBELL,2.0,1,1800 SOUTH BV,35.21191772049761,-80.85807699135634,1,4,1,512750.0,3896350.0,263.4551671407179
802853,10501358,JAPANESE SNOWBELL,2.0,1,1800 SOUTH BV,35.21197469762917,-80.85815276425582,1,4,1,512750.0,3896350.0,264.1117516934951
810451,10501458,BLACKGUM: COMMON,2.0,1,335 E TREMONT AV,35.208249115512515,-80.85760196806939,1,4,1,512750.0,3896350.0,292.9859639150512
810452,10501459,BLACKGUM: COMMON,2.0,1,331 E TREMONT AV,35.208372936374715,-80.85777631228622,1,4,1,512750.0,3896350.0,272.03439083528843
810453,10501460,BLACKGUM: COMMON,2.0,1,323 E TREMONT AV,35.20844251764177,-80.85788024719089,1,4,1,512750.0,3896350.0,259.87552819211226
810454,10501461,HORNBEAM: AMERICAN,3.0,1,323 E TREMONT AV,35.20849127883855,-80.85794260820006,1,4,1,512750.0,3896350.0,252.03677619508662
810455,10501462,HORNBEAM: AMERICAN,3.0,1,323 E TREMONT AV,35.20857236517912,-80.85804252142992,1,4,1,512750.0,3896350.0,239.2475010082166
872894,110503634,MAPLE: RED,3.0,1,217 S BREVARD ST,35.22253139569869,-80.84158361843053,1,0,6,514550.0,3897450.0,312.80845733095845
872894,110503634,MAPLE: RED,3.0,1,217 S BREVARD ST,35.22253139569869,-80.84158361843053,1,0,6,514550.0,3897450.0,312.80845733095845
872894,110503634,MAPLE: RED,3.0,1,217 S BREVARD ST,35.22253139569869,-80.84158361843053,1,0,6,514550.0,3897450.0,312.80845733095845
897694,110503785,MAPLE: RED,3.0,1,201 S BREVARD ST,35.22347885558324,-80.84093009442742,1,0,6,514550.0,3897450.0,395.09309784087003
897694,110503785,MAPLE: RED,3.0,1,201 S BREVARD ST,35.22347885558324,-80.84093009442742,1,0,6,514550.0,3897450.0,395.09309784087003
897695,110503786,MAPLE: RED,3.0,1,201 S BREVARD ST,35.223557845497986,-80.84102115596559,1,0,6,514550.0,3897450.0,405.29507127973244
897695,110503786,MAPLE: RED,3.0,1,201 S BREVARD ST,35.223557845497986,-80.84102115596559,1,0,6,514550.0,3897450.0,405.29507127973244
926895,110503953,CRAPEMYRTLE: SPP,2.0,1,229 E WORTHINGTON AV,35.210193361702814,-80.85738627634345,1,4,1,512750.0,3896350.0,230.71142284139512
947694,110504173,OAK: WILLOW,3.0,1,224 EAST BV,35.211073022652535,-80.85700869550575,1,4,1,512750.0,3896350.0,286.5687519700133
948094,110504174,CRAPEMYRTLE: SPP,2.0,1,,35.2097241704501,-80.85519954598641,1,4,1,512750.0,3896350.0,431.27950384100717
1198391,110508298,OAK: SHUMARD,3.0,1,525 E 6TH ST #419,35.22483146258268,-80.8361638840382,1,0,6,514550.0,3897450.0,647.6017358933742
1741953,10453738,DOGWOOD: FLOWERING,2.0,1,,35.207602267067045,-80.86019033320454,1,4,1,512750.0,3896350.0,276.36970358191354
1741954,10453739,DOGWOOD: FLOWERING,2.0,1,,35.20751898820186,-80.86007768073387,1,4,1,512750.0,3896350.0,284.86102452726675
1745895,110514206,,3.0,1,,35.20877248302013,-80.85830228477234,0,4,1,512750.0,3896350.0,206.82959396487578
1746885,110515502,,3.0,1,307 E KINGSTON AV,35.21158464334308,-80.85498699839096,0,4,1,512750.0,3896350.0,478.62218337341955
1747333,110516101,MAPLE: AMUR,2.0,1,,35.2172488289463,-80.85807871603977,1,7,2,512750.0,3897450.0,347.54339496960125
1747500,110516268,MAPLE: JAPANESE,4.0,1,,35.22537514109038,-80.84342339142071,1,3,7,514550.0,3898550.0,585.5285243455926
1747500,110516268,MAPLE: JAPANESE,4.0,1,,35.22537514109038,-80.84342339142071,1,3,7,514550.0,3898550.0,585.5285243455926
1747501,110516269,MAPLE: JAPANESE,5.0,1,,35.22540669129196,-80.84336974213788,1,3,7,514550.0,3898550.0,580.0167545304861
1747501,110516269,MAPLE: JAPANESE,5.0,1,,35.22540669129196,-80.84336974213788,1,3,7,514550.0,3898550.0,580.0167545304861
1747502,110516270,MAPLE: JAPANESE,6.0,1,,35.22543474085876,-80.84331932202338,1,3,7,514550.0,3898550.0,574.9986482225348
1747502,110516270,MAPLE: JAPANESE,6.0,1,,35.22543474085876,-80.84331932202338,1,3,7,514550.0,3898550.0,574.9986482225348
1747504,110516272,MAPLE: JAPANESE,1.0,1,601 N POPLAR ST,35.232908022464365,-80.8397299206334,1,3,7,514550.0,3898550.0,335.60422304811493
1747508,110516276,MAPLE: JAPANESE,3.0,1,,35.21721814891729,-80.85784402588396,1,7,2,512750.0,3897450.0,361.1306280958268
1747539,110516307,MAPLE: NORWAY,3.0,1,,35.22633449146708,-80.83418424968507,1,2,9,515475.0,3898575.0,569.7474037340578
1747539,110516307,MAPLE: NORWAY,3.0,1,,35.22633449146708,-80.83418424968507,1,2,9,515475.0,3898575.0,569.7474037340578
1747540,110516308,MAPLE: NORWAY,3.0,1,,35.22579131129041,-80.83353867839277,1,2,9,515475.0,3898575.0,580.2671351515847
1747540,110516308,MAPLE: NORWAY,3.0,1,,35.22579131129041,-80.83353867839277,1,2,9,515475.0,3898575.0,580.2671351515847
1747542,110516310,MAPLE: NORWAY,8.0,1,,35.22608800176472,-80.83389724926613,1,2,9,515475.0,3898575.0,573.3562796607081
1747542,110516310,MAPLE: NORWAY,8.0,1,,35.22608800176472,-80.83389724926613,1,2,9,515475.0,3898575.0,573.3562796607081
1747543,110516311,MAPLE: NORWAY,5.0,1,,35.226154831072655,-80.8339736992323,1,2,9,515475.0,3898575.0,572.0536488020028
1747543,110516311,MAPLE: NORWAY,5.0,1,,35.226154831072655,-80.8339736992323,1,2,9,515475.0,3898575.0,572.0536488020028
1747544,110516312,MAPLE: NORWAY,5.0,1,,35.226208511283666,-80.83405013891615,1,2,9,515475.0,3898575.0,572.030342818437
1747544,110516312,MAPLE: NORWAY,5.0,1,,35.226208511283666,-80.83405013891615,1,2,9,515475.0,3898575.0,572.030342818437
1747545,110516313,MAPLE: NORWAY,5.0,1,,35.22638598163247,-80.83423118938653,1,2,9,515475.0,3898575.0,568.4930671832593
1747545,110516313,MAPLE: NORWAY,5.0,1,,35.22638598163247,-80.83423118938653,1,2,9,515475.0,3898575.0,568.4930671832593
1747546,110516314,MAPLE: NORWAY,7.0,1,,35.226427611269266,-80.83428885876144,1,2,9,515475.0,3898575.0,568.7903496177486
1747546,110516314,MAPLE: NORWAY,7.0,1,,35.226427611269266,-80.83428885876144,1,2,9,515475.0,3898575.0,568.7903496177486
1747547,110516315,MAPLE: NORWAY,8.0,1,,35.22657113153533,-80.8344538096713,1,2,9,515475.0,3898575.0,568.2376525608759
1747547,110516315,MAPLE: NORWAY,8.0,1,,35.22657113153533,-80.8344538096713,1,2,9,515475.0,3898575.0,568.2376525608759
1747548,110516316,MAPLE: NORWAY,5.0,1,,35.226614951427536,-80.83452756886511,1,2,9,515475.0,3898575.0,569.7957478889945
1747548,110516316,MAPLE: NORWAY,5.0,1,,35.226614951427536,-80.83452756886511,1,2,9,515475.0,3898575.0,569.7957478889945
1747549,110516317,MAPLE: NORWAY,6.0,1,,35.22668506184437,-80.83459060931136,1,2,9,515475.0,3898575.0,568.7950951303854
1747549,110516317,MAPLE: NORWAY,6.0,1,,35.22668506184437,-80.83459060931136,1,2,9,515475.0,3898575.0,568.7950951303854
1747553,110516321,MAPLE: NORWAY,5.0,1,,35.22561042107792,-80.8333207390664,1,2,9,515475.0,3898575.0,586.2730623478792
1747554,110516322,MAPLE: NORWAY,5.0,1,,35.22566950163787,-80.83339371842497,1,2,9,515475.0,3898575.0,584.2565713418988
1747555,110516323,MAPLE: NORWAY,12.0,1,,35.214766107728835,-80.86327895767917,1,4,1,512750.0,3896350.0,602.6496279684677
1747562,110516330,MAPLE: RED,5.0,1,529 N POPLAR ST,35.23279234282823,-80.83978068121546,1,3,7,514550.0,3898550.0,322.39126985847497
1747642,110516410,MAPLE: RED,24.0,1,300 WESTWOOD AV,35.21757203862981,-80.85998174690587,1,7,2,512750.0,3897450.0,269.7017639080897
1747643,110516411,MAPLE: RED,21.0,1,,35.218061789082896,-80.85965719663763,1,7,2,512750.0,3897450.0,216.42300079971704
1747767,110516535,MAPLE: RED,5.0,1,,35.22255757041456,-80.83958954031813,1,0,6,514550.0,3897450.0,290.08848030867273
1747767,110516535,MAPLE: RED,5.0,1,,35.22255757041456,-80.83958954031813,1,0,6,514550.0,3897450.0,290.08848030867273
1747768,110516536,MAPLE: RED,13.0,1,,35.221920700149646,-80.83884929071766,1,0,6,514550.0,3897450.0,244.54679327584586
1747768,110516536,MAPLE: RED,13.0,1,,35.221920700149646,-80.83884929071766,1,0,6,514550.0,3897450.0,244.54679327584586
1747769,110516537,MAPLE: RED,10.0,1,,35.221872080069815,-80.83878880980232,1,0,6,514550.0,3897450.0,242.51735770667153
1747769,110516537,MAPLE: RED,10.0,1,,35.221872080069815,-80.83878880980232,1,0,6,514550.0,3897450.0,242.51735770667153
1747770,110516538,MAPLE: RED,15.0,1,,35.22163297015139,-80.83850744039233,1,0,6,514550.0,3897450.0,235.05203209909044
1747770,110516538,MAPLE: RED,15.0,1,,35.22163297015139,-80.83850744039233,1,0,6,514550.0,3897450.0,235.05203209909044
1747771,110516539,MAPLE: RED,13.0,1,,35.22156894991374,-80.83843570960755,1,0,6,514550.0,3897450.0,233.78487592742331
1747771,110516539,MAPLE: RED,13.0,1,,35.22156894991374,-80.83843570960755,1,0,6,514550.0,3897450.0,233.78487592742331
1747772,110516540,MAPLE: RED,9.0,1,,35.22150033998366,-80.83835925958796,1,0,6,514550.0,3897450.0,232.8365567578309
1747773,110516541,MAPLE: RED,12.0,1,,35.22144621063447,-80.83829327007757,1,0,6,514550.0,3897450.0,232.77757652513282
1747779,110516547,MAPLE: RED,5.0,1,,35.221476650695635,-80.83789867965044,1,0,6,514550.0,3897450.0,261.7958165701142
1747781,110516549,MAPLE: RED,6.0,1,,35.22141516069148,-80.83799696984076,1,0,6,514550.0,3897450.0,250.55562809602765
1747805,110516573,MAPLE: RED,17.0,1,,35.22163224021677,-80.84051753101531,1,0,6,514550.0,3897450.0,186.8970032945203
1747806,110516574,MAPLE: RED,13.0,1,,35.22158566032063,-80.84046470081041,1,0,6,514550.0,3897450.0,180.9400287553379
1747807,110516575,MAPLE: RED,11.0,1,,35.221959250432604,-80.83929809994964,1,0,6,514550.0,3897450.0,232.10105060267685
1747807,110516575,MAPLE: RED,11.0,1,,35.221959250432604,-80.83929809994964,1,0,6,514550.0,3897450.0,232.10105060267685
1747808,110516576,MAPLE: RED,11.0,1,,35.221890110532215,-80.83937299079318,1,0,6,514550.0,3897450.0,222.67848651378898
1747808,110516576,MAPLE: RED,11.0,1,,35.221890110532215,-80.83937299079318,1,0,6,514550.0,3897450.0,222.67848651378898
1747809,110516577,MAPLE: RED,13.0,1,,35.22144522035471,-80.83996380020805,1,0,6,514550.0,3897450.0,163.28946724505653
1747809,110516577,MAPLE: RED,13.0,1,,35.22144522035471,-80.83996380020805,1,0,6,514550.0,3897450.0,163.28946724505653
1747810,110516578,MAPLE: RED,16.0,1,,35.221392160640306,-80.84003346075814,1,0,6,514550.0,3897450.0,156.97661053138827
1747810,110516578,MAPLE: RED,16.0,1,,35.221392160640306,-80.84003346075814,1,0,6,514550.0,3897450.0,156.97661053138827
1747811,110516579,MAPLE: RED,10.0,1,,35.22122432054018,-80.84003280056264,1,0,6,514550.0,3897450.0,138.39430179615968
1747812,110516580,MAPLE: RED,7.0,1,,35.22116850975026,-80.83997694085679,1,0,6,514550.0,3897450.0,132.62468007655295
1747813,110516581,MAPLE: RED,9.0,1,,35.22111887036383,-80.83990728112265,1,0,6,514550.0,3897450.0,127.96109150089858
1747814,110516582,MAPLE: RED,10.0,1,,35.221061419783744,-80.8398464809353,1,0,6,514550.0,3897450.0,122.67800003641422
1747815,110516583,MAPLE: RED,11.0,1,,35.22099698049214,-80.83976726001721,1,0,6,514550.0,3897450.0,117.4643432834431
1747816,110516584,MAPLE: RED,10.0,1,,35.22094111052541,-80.83971137074863,1,0,6,514550.0,3897450.0,113.09639013897181
1747817,110516585,MAPLE: RED,12.0,1,,35.220882710077085,-80.83964022030776,1,0,6,514550.0,3897450.0,109.43355739378435
1747818,110516586,MAPLE: RED,9.0,1,,35.22054759994536,-80.83923678980958,1,0,6,514550.0,3897450.0,102.32505176053942
1747819,110516587,MAPLE: RED,4.0,1,,35.21997036942815,-80.84210065071053,1,0,6,514550.0,3897450.0,180.08665406763896
1747819,110516587,MAPLE: RED,4.0,1,,35.21997036942815,-80.84210065071053,1,0,6,514550.0,3897450.0,180.08665406763896
1747820,110516588,MAPLE: RED,5.0,1,,35.2196994694957,-80.8424950012111,1,0,6,514550.0,3897450.0,218.17975500365426
1747821,110516589,MAPLE: RED,5.0,1,,35.219773989523524,-80.84239472142448,1,0,6,514550.0,3897450.0,208.0874060698324
1747821,110516589,MAPLE: RED,5.0,1,,35.219773989523524,-80.84239472142448,1,0,6,514550.0,3897450.0,208.0874060698324
1747822,110516590,MAPLE: RED,6.0,1,,35.219630609920664,-80.84260829117255,1,0,6,514550.0,3897450.0,229.55004983271195
1747823,110516591,MAPLE: RED,4.0,1,,35.2195655294647,-80.84269219151875,1,0,6,514550.0,3897450.0,238.36159396282574
1747824,110516592,MAPLE: RED,4.0,1,,35.21934468961257,-80.84300574185092,1,0,6,514550.0,3897450.0,271.70582532454324
1747825,110516593,MAPLE: RED,5.0,1,,35.21917167973208,-80.84327848172691,1,0,6,514550.0,3897450.0,300.89022283573496
1747826,110516594,MAPLE: RED,14.0,1,,35.22380807099824,-80.84329250142575,1,0,6,514550.0,3897450.0,513.4439309836162
1747826,110516594,MAPLE: RED,14.0,1,,35.22380807099824,-80.84329250142575,1,0,6,514550.0,3897450.0,513.4439309836162
1747827,110516595,MAPLE: RED,11.0,1,,35.223856390927075,-80.84335070199212,1,0,6,514550.0,3897450.0,520.8546857170275
1747827,110516595,MAPLE: RED,11.0,1,,35.223856390927075,-80.84335070199212,1,0,6,514550.0,3897450.0,520.8546857170275
1747828,110516596,MAPLE: RED,3.0,1,,35.22389473055652,-80.84340300164251,1,0,6,514550.0,3897450.0,527.0526211976946
1747828,110516596,MAPLE: RED,3.0,1,,35.22389473055652,-80.84340300164251,1,0,6,514550.0,3897450.0,527.0526211976946
1747829,110516597,MAPLE: RED,9.0,1,,35.22393308057398,-80.84344592144119,1,0,6,514550.0,3897450.0,532.77070532035
1747829,110516597,MAPLE: RED,9.0,1,,35.22393308057398,-80.84344592144119,1,0,6,514550.0,3897450.0,532.77070532035
1747830,110516598,MAPLE: RED,8.0,1,,35.223967590444,-80.84348240131625,1,0,6,514550.0,3897450.0,537.8063592491076
1747830,110516598,MAPLE: RED,8.0,1,,35.223967590444,-80.84348240131625,1,0,6,514550.0,3897450.0,537.8063592491076
1747830,110516598,MAPLE: RED,8.0,1,,35.223967590444,-80.84348240131625,1,0,6,514550.0,3897450.0,537.8063592491076
1747831,110516599,MAPLE: RED,12.0,1,,35.22404701069982,-80.84357332183293,1,0,6,514550.0,3897450.0,549.7594215346298
1747831,110516599,MAPLE: RED,12.0,1,,35.22404701069982,-80.84357332183293,1,0,6,514550.0,3897450.0,549.7594215346298
1747831,110516599,MAPLE: RED,12.0,1,,35.22404701069982,-80.84357332183293,1,0,6,514550.0,3897450.0,549.7594215346298
1747832,110516600,MAPLE: RED,99.0,1,,35.2241437503695,-80.8437001917171,1,0,6,514550.0,3897450.0,565.1707849386548
1747832,110516600,MAPLE: RED,99.0,1,,35.2241437503695,-80.8437001917171,1,0,6,514550.0,3897450.0,565.1707849386548
1747832,110516600,MAPLE: RED,99.0,1,,35.2241437503695,-80.8437001917171,1,0,6,514550.0,3897450.0,565.1707849386548
1747833,110516601,MAPLE: RED,99.0,1,,35.2241823102717,-80.84376027157482,1,0,6,514550.0,3897450.0,571.8196990229624
1747833,110516601,MAPLE: RED,99.0,1,,35.2241823102717,-80.84376027157482,1,0,6,514550.0,3897450.0,571.8196990229624
1747833,110516601,MAPLE: RED,99.0,1,,35.2241823102717,-80.84376027157482,1,0,6,514550.0,3897450.0,571.8196990229624
1747834,110516602,MAPLE: RED,99.0,1,,35.2246254604151,-80.84400650182063,1,0,6,514550.0,3897450.0,624.9456346068276
1747834,110516602,MAPLE: RED,99.0,1,,35.2246254604151,-80.84400650182063,1,0,6,514550.0,3897450.0,624.9456346068276
1747834,110516602,MAPLE: RED,99.0,1,,35.2246254604151,-80.84400650182063,1,0,6,514550.0,3897450.0,624.9456346068276
1747835,110516603,MAPLE: RED,99.0,1,201 S COLLEGE ST,35.22453672050901,-80.84390055231638,1,0,6,514550.0,3897450.0,611.3807829975565
1747835,110516603,MAPLE: RED,99.0,1,201 S COLLEGE ST,35.22453672050901,-80.84390055231638,1,0,6,514550.0,3897450.0,611.3807829975565
1747835,110516603,MAPLE: RED,99.0,1,201 S COLLEGE ST,35.22453672050901,-80.84390055231638,1,0,6,514550.0,3897450.0,611.3807829975565
1747836,110516604,MAPLE: RED,10.0,1,,35.223933080604205,-80.84106412103691,1,0,6,514550.0,3897450.0,446.86454268434466
1747836,110516604,MAPLE: RED,10.0,1,,35.223933080604205,-80.84106412103691,1,0,6,514550.0,3897450.0,446.86454268434466
1747837,110516605,MAPLE: RED,7.0,1,,35.224146710753715,-80.8407690705546,1,0,6,514550.0,3897450.0,465.98890372117125
1747837,110516605,MAPLE: RED,7.0,1,,35.224146710753715,-80.8407690705546,1,0,6,514550.0,3897450.0,465.98890372117125
1747838,110516606,MAPLE: RED,9.0,1,,35.224305561037546,-80.84054645083543,1,0,6,514550.0,3897450.0,481.42132063652383
1747838,110516606,MAPLE: RED,9.0,1,,35.224305561037546,-80.84054645083543,1,0,6,514550.0,3897450.0,481.42132063652383
1747838,110516606,MAPLE: RED,9.0,1,,35.224305561037546,-80.84054645083543,1,0,6,514550.0,3897450.0,481.42132063652383
1747839,110516607,MAPLE: RED,11.0,1,,35.224365820505255,-80.8404579410296,1,0,6,514550.0,3897450.0,487.5113174984246
1747839,110516607,MAPLE: RED,11.0,1,,35.224365820505255,-80.8404579410296,1,0,6,514550.0,3897450.0,487.5113174984246
1747839,110516607,MAPLE: RED,11.0,1,,35.224365820505255,-80.8404579410296,1,0,6,514550.0,3897450.0,487.5113174984246
1747840,110516608,MAPLE: RED,8.0,1,,35.224421690650864,-80.84039759114542,1,0,6,514550.0,3897450.0,493.38550069752705
1747840,110516608,MAPLE: RED,8.0,1,,35.224421690650864,-80.84039759114542,1,0,6,514550.0,3897450.0,493.38550069752705
1747840,110516608,MAPLE: RED,8.0,1,,35.224421690650864,-80.84039759114542,1,0,6,514550.0,3897450.0,493.38550069752705
1747841,110516609,MAPLE: RED,9.0,1,,35.224469891147265,-80.8403171208271,1,0,6,514550.0,3897450.0,498.4093225563756
1747841,110516609,MAPLE: RED,9.0,1,,35.224469891147265,-80.8403171208271,1,0,6,514550.0,3897450.0,498.4093225563756
1747841,110516609,MAPLE: RED,9.0,1,,35.224469891147265,-80.8403171208271,1,0,6,514550.0,3897450.0,498.4093225563756
1747842,110516610,MAPLE: RED,10.0,1,,35.2245224806675,-80.84024068097803,1,0,6,514550.0,3897450.0,504.04065941419503
1747842,110516610,MAPLE: RED,10.0,1,,35.2245224806675,-80.84024068097803,1,0,6,514550.0,3897450.0,504.04065941419503
1747842,110516610,MAPLE: RED,10.0,1,,35.2245224806675,-80.84024068097803,1,0,6,514550.0,3897450.0,504.04065941419503
1747843,110516611,MAPLE: RED,9.0,1,,35.220286599668235,-80.84432530159037,1,0,6,514550.0,3897450.0,384.0648771086934
1747843,110516611,MAPLE: RED,9.0,1,,35.220286599668235,-80.84432530159037,1,0,6,514550.0,3897450.0,384.0648771086934
1747844,110516612,MAPLE: RED,9.0,1,S CALDWELL ST,35.220387979529086,-80.84417139170668,1,0,6,514550.0,3897450.0,371.3219986016024
1747844,110516612,MAPLE: RED,9.0,1,S CALDWELL ST,35.220387979529086,-80.84417139170668,1,0,6,514550.0,3897450.0,371.3219986016024
1747845,110516613,MAPLE: RED,5.0,1,,35.22232754997648,-80.84133145121008,1,0,6,514550.0,3897450.0,282.80876645250885
1747845,110516613,MAPLE: RED,5.0,1,,35.22232754997648,-80.84133145121008,1,0,6,514550.0,3897450.0,282.80876645250885
1747846,110516614,MAPLE: RED,5.0,1,,35.22232076056133,-80.84119932141878,1,0,6,514550.0,3897450.0,277.64424681809544
1747846,110516614,MAPLE: RED,5.0,1,,35.22232076056133,-80.84119932141878,1,0,6,514550.0,3897450.0,277.64424681809544
1747847,110516615,MAPLE: RED,5.0,1,,35.222417090362434,-80.84109526051736,1,0,6,514550.0,3897450.0,284.5748012684747
1747847,110516615,MAPLE: RED,5.0,1,,35.222417090362434,-80.84109526051736,1,0,6,514550.0,3897450.0,284.5748012684747
1747848,110516616,MAPLE: RED,5.0,1,222 S CALDWELL ST,35.22245175041885,-80.84104651046917,1,0,6,514550.0,3897450.0,286.89764680500514
1747848,110516616,MAPLE: RED,5.0,1,222 S CALDWELL ST,35.22245175041885,-80.84104651046917,1,0,6,514550.0,3897450.0,286.89764680500514
1747849,110516617,MAPLE: RED,5.0,1,222 S CALDWELL ST,35.2225569105812,-80.84090625072784,1,0,6,514550.0,3897450.0,294.7175567290255
1747849,110516617,MAPLE: RED,5.0,1,222 S CALDWELL ST,35.2225569105812,-80.84090625072784,1,0,6,514550.0,3897450.0,294.7175567290255
1747850,110516618,MAPLE: RED,5.0,1,222 S CALDWELL ST #1501,35.222610130664776,-80.84082792097522,1,0,6,514550.0,3897450.0,298.8339014052382
1747850,110516618,MAPLE: RED,5.0,1,222 S CALDWELL ST #1501,35.222610130664776,-80.84082792097522,1,0,6,514550.0,3897450.0,298.8339014052382
1747851,110516619,MAPLE: RED,5.0,1,201 S BREVARD ST,35.223362300400886,-80.84077997095528,1,0,6,514550.0,3897450.0,380.00933290567366
1747851,110516619,MAPLE: RED,5.0,1,201 S BREVARD ST,35.223362300400886,-80.84077997095528,1,0,6,514550.0,3897450.0,380.00933290567366
1747852,110516620,MAPLE: RED,4.0,1,201 S BREVARD ST,35.223431400358095,-80.84085884104672,1,0,6,514550.0,3897450.0,388.7524850330809
1747852,110516620,MAPLE: RED,4.0,1,201 S BREVARD ST,35.223431400358095,-80.84085884104672,1,0,6,514550.0,3897450.0,388.7524850330809
1747853,110516621,MAPLE: RED,11.0,1,,35.22327154100502,-80.83964199043646,1,0,6,514550.0,3897450.0,367.79647076883487
1747853,110516621,MAPLE: RED,11.0,1,,35.22327154100502,-80.83964199043646,1,0,6,514550.0,3897450.0,367.79647076883487
1747853,110516621,MAPLE: RED,11.0,1,,35.22327154100502,-80.83964199043646,1,0,6,514550.0,3897450.0,367.79647076883487
1747854,110516622,MAPLE: RED,10.0,1,,35.223226150960755,-80.83970778038172,1,0,6,514550.0,3897450.0,362.1268893704251
1747854,110516622,MAPLE: RED,10.0,1,,35.223226150960755,-80.83970778038172,1,0,6,514550.0,3897450.0,362.1268893704251
1747854,110516622,MAPLE: RED,10.0,1,,35.223226150960755,-80.83970778038172,1,0,6,514550.0,3897450.0,362.1268893704251
1747855,110516623,MAPLE: RED,3.0,1,,35.22156373995674,-80.84195185105033,1,0,6,514550.0,3897450.0,242.1590934272514
1747855,110516623,MAPLE: RED,3.0,1,,35.22156373995674,-80.84195185105033,1,0,6,514550.0,3897450.0,242.1590934272514
1747855,110516623,MAPLE: RED,3.0,1,,35.22156373995674,-80.84195185105033,1,0,6,514550.0,3897450.0,242.1590934272514
1747856,110516624,MAPLE: RED,4.0,1,,35.222455160557324,-80.84292557108947,1,0,6,514550.0,3897450.0,374.8871595866168
1747856,110516624,MAPLE: RED,4.0,1,,35.222455160557324,-80.84292557108947,1,0,6,514550.0,3897450.0,374.8871595866168
1747856,110516624,MAPLE: RED,4.0,1,,35.222455160557324,-80.84292557108947,1,0,6,514550.0,3897450.0,374.8871595866168
1747857,110516625,MAPLE: RED,4.0,1,,35.22175288983612,-80.84396627172657,1,0,6,514550.0,3897450.0,401.4052396398493
1747857,110516625,MAPLE: RED,4.0,1,,35.22175288983612,-80.84396627172657,1,0,6,514550.0,3897450.0,401.4052396398493
1747858,110516626,MAPLE: RED,3.0,1,,35.22159940003986,-80.84419908237126,1,0,6,514550.0,3897450.0,412.3000273921171
1747858,110516626,MAPLE: RED,3.0,1,,35.22159940003986,-80.84419908237126,1,0,6,514550.0,3897450.0,412.3000273921171
1747859,110516627,MAPLE: RED,4.0,1,,35.22153716994316,-80.8442902820799,1,0,6,514550.0,3897450.0,416.876633608938
1747859,110516627,MAPLE: RED,4.0,1,,35.22153716994316,-80.8442902820799,1,0,6,514550.0,3897450.0,416.876633608938
1747860,110516628,MAPLE: RED,4.0,1,,35.22139519006643,-80.84449734195725,1,0,6,514550.0,3897450.0,428.06881033023427
1747860,110516628,MAPLE: RED,4.0,1,,35.22139519006643,-80.84449734195725,1,0,6,514550.0,3897450.0,428.06881033023427
1747861,110516629,MAPLE: RED,4.0,1,,35.221331199748796,-80.84459605180935,1,0,6,514550.0,3897450.0,433.93367326718516
1747861,110516629,MAPLE: RED,4.0,1,,35.221331199748796,-80.84459605180935,1,0,6,514550.0,3897450.0,433.93367326718516
1747862,110516630,MAPLE: RED,4.0,1,,35.221253199658655,-80.84470548202962,1,0,6,514550.0,3897450.0,440.4400460497739
1747862,110516630,MAPLE: RED,4.0,1,,35.221253199658655,-80.84470548202962,1,0,6,514550.0,3897450.0,440.4400460497739
1747863,110516631,MAPLE: RED,4.0,1,,35.221183959551496,-80.8448138524066,1,0,6,514550.0,3897450.0,447.43810388820106
1747863,110516631,MAPLE: RED,4.0,1,,35.221183959551496,-80.8448138524066,1,0,6,514550.0,3897450.0,447.43810388820106
1747864,110516632,MAPLE: RED,4.0,1,,35.22111734041452,-80.84490933239522,1,0,6,514550.0,3897450.0,453.62592616661107
1747864,110516632,MAPLE: RED,4.0,1,,35.22111734041452,-80.84490933239522,1,0,6,514550.0,3897450.0,453.62592616661107
1747865,110516633,MAPLE: RED,4.0,1,,35.22104722974108,-80.84501447223114,1,0,6,514550.0,3897450.0,460.7629085370629
1747865,110516633,MAPLE: RED,4.0,1,,35.22104722974108,-80.84501447223114,1,0,6,514550.0,3897450.0,460.7629085370629
1747866,110516634,MAPLE: RED,4.0,1,,35.22095639966406,-80.84513303259153,1,1,4,513650.0,3897450.0,456.666104508637
1747866,110516634,MAPLE: RED,4.0,1,,35.22095639966406,-80.84513303259153,1,1,4,513650.0,3897450.0,456.666104508637
1747867,110516635,MAPLE: RED,4.0,1,,35.220914769753094,-80.84520545233971,1,1,4,513650.0,3897450.0,449.1866470685573
1747867,110516635,MAPLE: RED,4.0,1,,35.220914769753094,-80.84520545233971,1,1,4,513650.0,3897450.0,449.1866470685573
1747965,110516733,MAPLE: RED,11.0,1,,35.23039203186853,-80.84254332144087,1,3,7,514550.0,3898550.0,228.78885415020432
1747966,110516734,MAPLE: RED,12.0,1,,35.230341042294334,-80.84247988181647,1,3,7,514550.0,3898550.0,221.866604687237
1747967,110516735,MAPLE: RED,9.0,1,,35.230193302445535,-80.84231871213912,1,3,7,514550.0,3898550.0,204.3288944446541
1747968,110516736,MAPLE: RED,6.0,1,,35.23003214218093,-80.8421383921133,1,3,7,514550.0,3898550.0,185.8693301514231
1747969,110516737,MAPLE: RED,4.0,1,N CHURCH ST,35.22998431210516,-80.84209008194767,1,3,7,514550.0,3898550.0,181.12812739697122
1747970,110516738,MAPLE: RED,4.0,1,,35.22994329214471,-80.84204004135012,1,3,7,514550.0,3898550.0,176.39128623479232
1747971,110516739,MAPLE: RED,7.0,1,,35.229895002193686,-80.84198652117101,1,3,7,514550.0,3898550.0,171.4477395732041
1747984,110516752,MAPLE: RED,10.0,1,525 N POPLAR ST,35.23267731271437,-80.83995905166323,1,3,7,514550.0,3898550.0,308.5782803633478
1747985,110516753,MAPLE: RED,19.0,1,529 N POPLAR ST,35.2327244223125,-80.839866511155,1,3,7,514550.0,3898550.0,314.2608437066362
1748032,110516800,MAPLE: RED,14.0,1,117 W SUMMIT AV,35.21647748897337,-80.85680332573807,1,7,2,512750.0,3897450.0,481.99925380481517
1748200,110516968,MAPLE: RED,21.0,1,,35.222091129970714,-80.84105097066762,1,0,6,514550.0,3897450.0,249.0776752649098
1748200,110516968,MAPLE: RED,21.0,1,,35.222091129970714,-80.84105097066762,1,0,6,514550.0,3897450.0,249.0776752649098
1748201,110516969,MAPLE: RED,26.0,1,601 N POPLAR ST,35.23288058276951,-80.83970477151749,1,3,7,514550.0,3898550.0,332.81784339295945
1748202,110516970,MAPLE: RED,21.0,1,529 N POPLAR ST,35.232828562417836,-80.83979694092162,1,3,7,514550.0,3898550.0,326.2622849811066
1748208,110516976,MAPLE: RED,23.0,1,301 WESTWOOD AV,35.21723567904434,-80.86020972686899,1,7,2,512750.0,3897450.0,308.1901704708663
1748419,110517187,MAPLE: RED,6.0,1,304 WESTWOOD AV,35.217602718889076,-80.86027946700294,1,7,2,512750.0,3897450.0,268.4225288098893
1748420,110517188,MAPLE: RED,4.0,1,201 W PARK AV,35.21552645849375,-80.85883107646279,1,7,2,512750.0,3897450.0,505.9071139605883
1748420,110517188,MAPLE: RED,4.0,1,201 W PARK AV,35.21552645849375,-80.85883107646279,1,7,2,512750.0,3897450.0,505.9071139605883
1748589,110517357,MAPLE: RED,5.0,1,,35.22287035029203,-80.83994938052868,1,0,6,514550.0,3897450.0,321.08628952461436
1748589,110517357,MAPLE: RED,5.0,1,,35.22287035029203,-80.83994938052868,1,0,6,514550.0,3897450.0,321.08628952461436
1748589,110517357,MAPLE: RED,5.0,1,,35.22287035029203,-80.83994938052868,1,0,6,514550.0,3897450.0,321.08628952461436
1748590,110517358,MAPLE: RED,5.0,1,,35.22279127020052,-80.83986052066773,1,0,6,514550.0,3897450.0,312.83771428449074
1748590,110517358,MAPLE: RED,5.0,1,,35.22279127020052,-80.83986052066773,1,0,6,514550.0,3897450.0,312.83771428449074
1748590,110517358,MAPLE: RED,5.0,1,,35.22279127020052,-80.83986052066773,1,0,6,514550.0,3897450.0,312.83771428449074
1748591,110517359,MAPLE: RED,5.0,1,,35.22270917025392,-80.83977393089982,1,0,6,514550.0,3897450.0,304.4782590186883
1748591,110517359,MAPLE: RED,5.0,1,,35.22270917025392,-80.83977393089982,1,0,6,514550.0,3897450.0,304.4782590186883
1748592,110517360,MAPLE: RED,6.0,1,,35.222633710491316,-80.83967769048687,1,0,6,514550.0,3897450.0,297.2203650551742
1748592,110517360,MAPLE: RED,6.0,1,,35.222633710491316,-80.83967769048687,1,0,6,514550.0,3897450.0,297.2203650551742
1748593,110517361,MAPLE: RED,6.0,1,,35.2224731400788,-80.83949444032942,1,0,6,514550.0,3897450.0,282.4823846835513
1748593,110517361,MAPLE: RED,6.0,1,,35.2224731400788,-80.83949444032942,1,0,6,514550.0,3897450.0,282.4823846835513
1748594,110517362,MAPLE: RED,6.0,1,,35.22239857004698,-80.83939867103584,1,0,6,514550.0,3897450.0,276.3334892331647
1748594,110517362,MAPLE: RED,6.0,1,,35.22239857004698,-80.83939867103584,1,0,6,514550.0,3897450.0,276.3334892331647
1748595,110517363,MAPLE: RED,6.0,1,,35.222311990363686,-80.83930219012667,1,0,6,514550.0,3897450.0,269.31646758166494
1748595,110517363,MAPLE: RED,6.0,1,,35.222311990363686,-80.83930219012667,1,0,6,514550.0,3897450.0,269.31646758166494
1748596,110517364,MAPLE: RED,5.0,1,,35.22227098061093,-80.83907605985246,1,0,6,514550.0,3897450.0,271.46242907971697
1748596,110517364,MAPLE: RED,5.0,1,,35.22227098061093,-80.83907605985246,1,0,6,514550.0,3897450.0,271.46242907971697
1748597,110517365,MAPLE: RED,5.0,1,,35.22234588075218,-80.83897045023272,1,0,6,514550.0,3897450.0,282.676822901759
1748597,110517365,MAPLE: RED,5.0,1,,35.22234588075218,-80.83897045023272,1,0,6,514550.0,3897450.0,282.676822901759
1748598,110517366,MAPLE: RED,5.0,1,,35.22240813071615,-80.83887370074765,1,0,6,514550.0,3897450.0,292.40632179017723
1748598,110517366,MAPLE: RED,5.0,1,,35.22240813071615,-80.83887370074765,1,0,6,514550.0,3897450.0,292.40632179017723
1748599,110517367,MAPLE: RED,5.0,1,,35.22248112053259,-80.83876848054659,1,0,6,514550.0,3897450.0,303.63808970528964
1748599,110517367,MAPLE: RED,5.0,1,,35.22248112053259,-80.83876848054659,1,0,6,514550.0,3897450.0,303.63808970528964
1748600,110517368,MAPLE: RED,5.0,1,,35.22255021010572,-80.8386660903769,1,0,6,514550.0,3897450.0,314.46770179928114
1748600,110517368,MAPLE: RED,5.0,1,,35.22255021010572,-80.8386660903769,1,0,6,514550.0,3897450.0,314.46770179928114
1748601,110517369,MAPLE: RED,5.0,1,,35.222631560799634,-80.83856061024989,1,0,6,514550.0,3897450.0,326.7307202669253
1748601,110517369,MAPLE: RED,5.0,1,,35.222631560799634,-80.83856061024989,1,0,6,514550.0,3897450.0,326.7307202669253
1748602,110517370,MAPLE: RED,5.0,1,,35.22270599014317,-80.8384584797855,1,0,6,514550.0,3897450.0,338.2391859231275
1748603,110517371,MAPLE: RED,5.0,1,,35.222776650992145,-80.83835324033194,1,0,6,514550.0,3897450.0,349.569754620113
1748603,110517371,MAPLE: RED,5.0,1,,35.222776650992145,-80.83835324033194,1,0,6,514550.0,3897450.0,349.569754620113
1748604,110517372,MAPLE: RED,5.0,1,,35.22286088018901,-80.83823856982325,1,0,6,514550.0,3897450.0,362.70059362116814
1748604,110517372,MAPLE: RED,5.0,1,,35.22286088018901,-80.83823856982325,1,0,6,514550.0,3897450.0,362.70059362116814
1748605,110517373,MAPLE: RED,4.0,1,,35.22275381053901,-80.8381555999606,1,0,6,514550.0,3897450.0,356.0152123105563
1748605,110517373,MAPLE: RED,4.0,1,,35.22275381053901,-80.8381555999606,1,0,6,514550.0,3897450.0,356.0152123105563
1748606,110517374,MAPLE: RED,5.0,1,,35.22267726083152,-80.83827463982739,1,0,6,514550.0,3897450.0,343.26894733537466
1748606,110517374,MAPLE: RED,5.0,1,,35.22267726083152,-80.83827463982739,1,0,6,514550.0,3897450.0,343.26894733537466
1748607,110517375,MAPLE: RED,5.0,1,,35.22260823078628,-80.83838066976531,1,0,6,514550.0,3897450.0,331.9016248124672
1748608,110517376,MAPLE: RED,11.0,1,,35.22231696007728,-80.83880352057075,1,0,6,514550.0,3897450.0,285.7391186330754
1748608,110517376,MAPLE: RED,11.0,1,,35.22231696007728,-80.83880352057075,1,0,6,514550.0,3897450.0,285.7391186330754
1748609,110517377,MAPLE: RED,11.0,1,,35.22227704064031,-80.83887423080431,1,0,6,514550.0,3897450.0,279.04766194573193
1748609,110517377,MAPLE: RED,11.0,1,,35.22227704064031,-80.83887423080431,1,0,6,514550.0,3897450.0,279.04766194573193
1748610,110517378,MAPLE: RED,10.0,1,,35.22222178073333,-80.83893541026792,1,0,6,514550.0,3897450.0,271.1965296508707
1748610,110517378,MAPLE: RED,10.0,1,,35.22222178073333,-80.83893541026792,1,0,6,514550.0,3897450.0,271.1965296508707
1748611,110517379,MAPLE: RED,14.0,1,,35.22206778060235,-80.83901878082783,1,0,6,514550.0,3897450.0,252.5091366317388
1748611,110517379,MAPLE: RED,14.0,1,,35.22206778060235,-80.83901878082783,1,0,6,514550.0,3897450.0,252.5091366317388
1748612,110517380,MAPLE: RED,10.0,1,,35.22198226018062,-80.83891801979071,1,0,6,514550.0,3897450.0,247.75191950568595
1748612,110517380,MAPLE: RED,10.0,1,,35.22198226018062,-80.83891801979071,1,0,6,514550.0,3897450.0,247.75191950568595
1748613,110517381,MAPLE: RED,10.0,1,,35.22181224031389,-80.83871717075611,1,0,6,514550.0,3897450.0,240.19975950022487
1748613,110517381,MAPLE: RED,10.0,1,,35.22181224031389,-80.83871717075611,1,0,6,514550.0,3897450.0,240.19975950022487
1748614,110517382,MAPLE: RED,13.0,1,,35.22174464993051,-80.83864454049996,1,0,6,514550.0,3897450.0,237.56489082857578
1748614,110517382,MAPLE: RED,13.0,1,,35.22174464993051,-80.83864454049996,1,0,6,514550.0,3897450.0,237.56489082857578
1748615,110517383,MAPLE: RED,4.0,1,,35.22168748058539,-80.83856923066001,1,0,6,514550.0,3897450.0,236.39704241569942
1748615,110517383,MAPLE: RED,4.0,1,,35.22168748058539,-80.83856923066001,1,0,6,514550.0,3897450.0,236.39704241569942
1748629,110517397,MAPLE: RED,16.0,1,,35.220351770359756,-80.84183114121092,1,0,6,514550.0,3897450.0,160.969184199954
1748629,110517397,MAPLE: RED,16.0,1,,35.220351770359756,-80.84183114121092,1,0,6,514550.0,3897450.0,160.969184199954
1748630,110517398,MAPLE: RED,3.0,1,,35.220531089548096,-80.84154469100736,1,0,6,514550.0,3897450.0,143.25483386018524
1748631,110517399,MAPLE: RED,6.0,1,,35.22087411008101,-80.84106175092565,1,0,6,514550.0,3897450.0,131.07498413868115
1748632,110517400,MAPLE: RED,6.0,1,,35.22095489973227,-80.84094772116876,1,0,6,514550.0,3897450.0,131.80672506203354
1748633,110517401,MAPLE: RED,13.0,1,,35.2210261203558,-80.84083227072695,1,0,6,514550.0,3897450.0,132.9544055810248
1748634,110517402,MAPLE: RED,6.0,1,,35.22110290016177,-80.84071724127273,1,0,6,514550.0,3897450.0,135.9551706348192
1748635,110517403,MAPLE: RED,14.0,1,,35.221984930253825,-80.84091908091595,1,0,6,514550.0,3897450.0,234.0385058680253
1748635,110517403,MAPLE: RED,14.0,1,,35.221984930253825,-80.84091908091595,1,0,6,514550.0,3897450.0,234.0385058680253
1748636,110517404,MAPLE: RED,11.0,1,,35.22193035027857,-80.84085542050042,1,0,6,514550.0,3897450.0,226.51688323455855
1748637,110517405,MAPLE: RED,9.0,1,,35.221862500079354,-80.84078223089944,1,0,6,514550.0,3897450.0,217.40300726984714
1748638,110517406,MAPLE: RED,9.0,1,,35.221811900550506,-80.84073268046562,1,0,6,514550.0,3897450.0,210.781970500314
1748639,110517407,MAPLE: RED,14.0,1,,35.221755680329615,-80.840664760816,1,0,6,514550.0,3897450.0,203.1836178081557
1748640,110517408,MAPLE: RED,14.0,1,,35.22169726994218,-80.84059975065398,1,0,6,514550.0,3897450.0,195.5059918708071
1748641,110517409,MAPLE: RED,13.0,1,,35.221526819935235,-80.8403843901951,1,0,6,514550.0,3897450.0,173.35847476528747
1748641,110517409,MAPLE: RED,13.0,1,,35.221526819935235,-80.8403843901951,1,0,6,514550.0,3897450.0,173.35847476528747
1748642,110517410,MAPLE: RED,16.0,1,,35.22184793079978,-80.83943816006645,1,0,6,514550.0,3897450.0,216.45110693500948
1748642,110517410,MAPLE: RED,16.0,1,,35.22184793079978,-80.83943816006645,1,0,6,514550.0,3897450.0,216.45110693500948
1748643,110517411,MAPLE: RED,11.0,1,,35.22082401967515,-80.83956258097395,1,0,6,514550.0,3897450.0,106.68690930090337
1748644,110517412,MAPLE: RED,13.0,1,,35.22077294053247,-80.83951092035825,1,0,6,514550.0,3897450.0,104.17578315404887
1748645,110517413,MAPLE: RED,10.0,1,,35.22071973001721,-80.83944710050112,1,0,6,514550.0,3897450.0,102.60234339521878
1748646,110517414,MAPLE: RED,10.0,1,,35.22066549987572,-80.83938416084864,1,0,6,514550.0,3897450.0,101.54307797841764
1748647,110517415,MAPLE: RED,9.0,1,,35.2206030499655,-80.83929179002138,1,0,6,514550.0,3897450.0,102.48465796651186
1748648,110517416,MAPLE: RED,9.0,1,,35.22048149049726,-80.83914458051686,1,0,6,514550.0,3897450.0,104.98130094906944
1748649,110517417,MAPLE: RED,9.0,1,,35.22037264030146,-80.8390335907304,1,0,6,514550.0,3897450.0,108.25395839450123
1748650,110517418,MAPLE: RED,14.0,1,,35.22031707979958,-80.83897647992812,1,0,6,514550.0,3897450.0,110.79179548415448
1748651,110517419,MAPLE: RED,8.0,1,,35.22010400004657,-80.83874458013719,1,0,6,514550.0,3897450.0,126.11125423141208
1748652,110517420,MAPLE: RED,7.0,1,,35.22005263963394,-80.83869070025054,1,0,6,514550.0,3897450.0,130.50389171746866
1748653,110517421,MAPLE: RED,6.0,1,,35.21996499995251,-80.83858835053579,1,0,6,514550.0,3897450.0,139.5676641111398
1748668,110517436,MAPLE: RED,10.0,1,,35.220240589805705,-80.839152610297,1,0,6,514550.0,3897450.0,92.87160887274462
1748669,110517437,MAPLE: RED,18.0,1,,35.2211403702377,-80.84038373084113,1,0,6,514550.0,3897450.0,131.0322436225944
1748670,110517438,MAPLE: RED,15.0,1,,35.22107398042716,-80.84048683036163,1,0,6,514550.0,3897450.0,125.94288446494286
1748671,110517439,MAPLE: RED,11.0,1,,35.22093507991031,-80.84068174075533,1,0,6,514550.0,3897450.0,117.68252392041914
1748672,110517440,MAPLE: RED,8.0,1,,35.22084892970536,-80.84081341041295,1,0,6,514550.0,3897450.0,115.23098008648287
1748673,110517441,MAPLE: RED,8.0,1,,35.22075286022717,-80.84094943067282,1,0,6,514550.0,3897450.0,114.22025922477776
1748674,110517442,MAPLE: RED,7.0,1,,35.22065918962794,-80.84109251136205,1,0,6,514550.0,3897450.0,116.19401180891047
1748675,110517443,MAPLE: RED,16.0,1,,35.22057887957896,-80.841201500604,1,0,6,514550.0,3897450.0,118.68680129947828
1748676,110517444,MAPLE: RED,7.0,1,,35.220380090392766,-80.8414888014265,1,0,6,514550.0,3897450.0,132.13159843461554
1748677,110517445,MAPLE: RED,6.0,1,,35.2202904297491,-80.84162559129199,1,0,6,514550.0,3897450.0,141.1536012506581
1748678,110517446,MAPLE: RED,4.0,1,,35.21984537005925,-80.84228692121303,1,0,6,514550.0,3897450.0,197.58921681903703
1748678,110517446,MAPLE: RED,4.0,1,,35.21984537005925,-80.84228692121303,1,0,6,514550.0,3897450.0,197.58921681903703
1748679,110517447,MAPLE: RED,5.0,1,,35.219454249677796,-80.84284629187823,1,0,6,514550.0,3897450.0,254.67023787804595
1748680,110517448,MAPLE: RED,11.0,1,,35.221016179920525,-80.84537032231034,1,1,4,513650.0,3897450.0,437.37802266336536
1748680,110517448,MAPLE: RED,11.0,1,,35.221016179920525,-80.84537032231034,1,1,4,513650.0,3897450.0,437.37802266336536
1748681,110517449,MAPLE: RED,3.0,1,,35.221072610310394,-80.84527838171012,1,1,4,513650.0,3897450.0,447.100722487262
1748681,110517449,MAPLE: RED,3.0,1,,35.221072610310394,-80.84527838171012,1,1,4,513650.0,3897450.0,447.100722487262
1748682,110517450,MAPLE: RED,10.0,1,,35.22112635967501,-80.84520538270041,1,1,4,513650.0,3897450.0,455.11664224804264
1748682,110517450,MAPLE: RED,10.0,1,,35.22112635967501,-80.84520538270041,1,1,4,513650.0,3897450.0,455.11664224804264
1748683,110517451,MAPLE: RED,10.0,1,,35.22117279015673,-80.8451195824552,1,1,4,513650.0,3897450.0,464.05290716606413
1748683,110517451,MAPLE: RED,10.0,1,,35.22117279015673,-80.8451195824552,1,1,4,513650.0,3897450.0,464.05290716606413
1748684,110517452,MAPLE: RED,10.0,1,,35.22123098969278,-80.84505191179863,1,0,6,514550.0,3897450.0,469.6740146532784
1748684,110517452,MAPLE: RED,10.0,1,,35.22123098969278,-80.84505191179863,1,0,6,514550.0,3897450.0,469.6740146532784
1748685,110517453,MAPLE: RED,9.0,1,,35.22128563041376,-80.84496391199089,1,0,6,514550.0,3897450.0,463.8872946756755
1748685,110517453,MAPLE: RED,9.0,1,,35.22128563041376,-80.84496391199089,1,0,6,514550.0,3897450.0,463.8872946756755
1748686,110517454,MAPLE: RED,9.0,1,,35.221332669935,-80.84490331247609,1,0,6,514550.0,3897450.0,460.3269835972167
1748686,110517454,MAPLE: RED,9.0,1,,35.221332669935,-80.84490331247609,1,0,6,514550.0,3897450.0,460.3269835972167
1748687,110517455,MAPLE: RED,9.0,1,,35.22137850005517,-80.84483209156002,1,0,6,514550.0,3897450.0,455.91052739083426
1748687,110517455,MAPLE: RED,9.0,1,,35.22137850005517,-80.84483209156002,1,0,6,514550.0,3897450.0,455.91052739083426
1748688,110517456,MAPLE: RED,9.0,1,,35.221440769822976,-80.84473471188119,1,0,6,514550.0,3897450.0,450.0301012897549
1748688,110517456,MAPLE: RED,9.0,1,,35.221440769822976,-80.84473471188119,1,0,6,514550.0,3897450.0,450.0301012897549
1748689,110517457,MAPLE: RED,9.0,1,,35.22148997972432,-80.84466073149883,1,0,6,514550.0,3897450.0,445.77945973439205
1748689,110517457,MAPLE: RED,9.0,1,,35.22148997972432,-80.84466073149883,1,0,6,514550.0,3897450.0,445.77945973439205
1748690,110517458,MAPLE: RED,8.0,1,,35.22165464044794,-80.8444191214231,1,0,6,514550.0,3897450.0,433.0042967142601
1748690,110517458,MAPLE: RED,8.0,1,,35.22165464044794,-80.8444191214231,1,0,6,514550.0,3897450.0,433.0042967142601
1748691,110517459,MAPLE: RED,8.0,1,,35.221698870158455,-80.84435137197427,1,0,6,514550.0,3897450.0,429.59954415802736
1748691,110517459,MAPLE: RED,8.0,1,,35.221698870158455,-80.84435137197427,1,0,6,514550.0,3897450.0,429.59954415802736
1748692,110517460,MAPLE: RED,8.0,1,,35.221757409787934,-80.84427124181256,1,0,6,514550.0,3897450.0,426.04502453646074
1748692,110517460,MAPLE: RED,8.0,1,,35.221757409787934,-80.84427124181256,1,0,6,514550.0,3897450.0,426.04502453646074
1748693,110517461,MAPLE: RED,8.0,1,,35.22179816010252,-80.84419988208938,1,0,6,514550.0,3897450.0,422.4397333424724
1748693,110517461,MAPLE: RED,8.0,1,,35.22179816010252,-80.84419988208938,1,0,6,514550.0,3897450.0,422.4397333424724
1748694,110517462,MAPLE: RED,8.0,1,,35.221866970220496,-80.84411666168003,1,0,6,514550.0,3897450.0,419.55831498862983
1748694,110517462,MAPLE: RED,8.0,1,,35.221866970220496,-80.84411666168003,1,0,6,514550.0,3897450.0,419.55831498862983
1748695,110517463,MAPLE: RED,8.0,1,,35.221913600493124,-80.84404124213194,1,0,6,514550.0,3897450.0,416.26725504453947
1748695,110517463,MAPLE: RED,8.0,1,,35.221913600493124,-80.84404124213194,1,0,6,514550.0,3897450.0,416.26725504453947
1748696,110517464,MAPLE: RED,8.0,1,,35.221961060183894,-80.84396943194528,1,0,6,514550.0,3897450.0,413.4558570224945
1748696,110517464,MAPLE: RED,8.0,1,,35.221961060183894,-80.84396943194528,1,0,6,514550.0,3897450.0,413.4558570224945
1748697,110517465,MAPLE: RED,8.0,1,,35.222016460649286,-80.84389512162001,1,0,6,514550.0,3897450.0,411.089829534441
1748697,110517465,MAPLE: RED,8.0,1,,35.222016460649286,-80.84389512162001,1,0,6,514550.0,3897450.0,411.089829534441
1748698,110517466,MAPLE: RED,10.0,1,,35.224006150261374,-80.84352853213224,1,0,6,514550.0,3897450.0,543.7121478053258
1748698,110517466,MAPLE: RED,10.0,1,,35.224006150261374,-80.84352853213224,1,0,6,514550.0,3897450.0,543.7121478053258
1748698,110517466,MAPLE: RED,10.0,1,,35.224006150261374,-80.84352853213224,1,0,6,514550.0,3897450.0,543.7121478053258
1748699,110517467,MAPLE: RED,8.0,1,,35.22208089003599,-80.84380903165075,1,0,6,514550.0,3897450.0,408.6027768790102
1748699,110517467,MAPLE: RED,8.0,1,,35.22208089003599,-80.84380903165075,1,0,6,514550.0,3897450.0,408.6027768790102
1748699,110517467,MAPLE: RED,8.0,1,,35.22208089003599,-80.84380903165075,1,0,6,514550.0,3897450.0,408.6027768790102
1748700,110517468,MAPLE: RED,8.0,1,,35.222125740043836,-80.84374043195676,1,0,6,514550.0,3897450.0,406.38590148069574
1748700,110517468,MAPLE: RED,8.0,1,,35.222125740043836,-80.84374043195676,1,0,6,514550.0,3897450.0,406.38590148069574
1748700,110517468,MAPLE: RED,8.0,1,,35.222125740043836,-80.84374043195676,1,0,6,514550.0,3897450.0,406.38590148069574
1748701,110517469,MAPLE: RED,99.0,1,201 S COLLEGE ST,35.22422263065537,-80.84381499200416,1,0,6,514550.0,3897450.0,578.3507064279241
1748701,110517469,MAPLE: RED,99.0,1,201 S COLLEGE ST,35.22422263065537,-80.84381499200416,1,0,6,514550.0,3897450.0,578.3507064279241
1748701,110517469,MAPLE: RED,99.0,1,201 S COLLEGE ST,35.22422263065537,-80.84381499200416,1,0,6,514550.0,3897450.0,578.3507064279241
1748702,110517470,MAPLE: RED,99.0,1,201 S COLLEGE ST,35.22426470058769,-80.84387400212651,1,0,6,514550.0,3897450.0,585.2706714664902
1748702,110517470,MAPLE: RED,99.0,1,201 S COLLEGE ST,35.22426470058769,-80.84387400212651,1,0,6,514550.0,3897450.0,585.2706714664902
1748702,110517470,MAPLE: RED,99.0,1,201 S COLLEGE ST,35.22426470058769,-80.84387400212651,1,0,6,514550.0,3897450.0,585.2706714664902
1748703,110517471,MAPLE: RED,13.0,1,201 S COLLEGE ST,35.22430556053288,-80.84392603191517,1,0,6,514550.0,3897450.0,591.7145796183391
1748703,110517471,MAPLE: RED,13.0,1,201 S COLLEGE ST,35.22430556053288,-80.84392603191517,1,0,6,514550.0,3897450.0,591.7145796183391
1748703,110517471,MAPLE: RED,13.0,1,201 S COLLEGE ST,35.22430556053288,-80.84392603191517,1,0,6,514550.0,3897450.0,591.7145796183391
1748704,110517472,MAPLE: RED,5.0,1,201 S COLLEGE ST,35.22445017048265,-80.84380265166156,1,0,6,514550.0,3897450.0,598.4367020271443
1748704,110517472,MAPLE: RED,5.0,1,201 S COLLEGE ST,35.22445017048265,-80.84380265166156,1,0,6,514550.0,3897450.0,598.4367020271443
1748704,110517472,MAPLE: RED,5.0,1,201 S COLLEGE ST,35.22445017048265,-80.84380265166156,1,0,6,514550.0,3897450.0,598.4367020271443
1748705,110517473,MAPLE: RED,4.0,1,,35.22359236043026,-80.84277671151479,1,0,6,514550.0,3897450.0,467.9665579207391
1748705,110517473,MAPLE: RED,4.0,1,,35.22359236043026,-80.84277671151479,1,0,6,514550.0,3897450.0,467.9665579207391
1748705,110517473,MAPLE: RED,4.0,1,,35.22359236043026,-80.84277671151479,1,0,6,514550.0,3897450.0,467.9665579207391
1748706,110517474,MAPLE: RED,9.0,1,S CALDWELL ST,35.22044106967289,-80.84407198212527,1,0,6,514550.0,3897450.0,363.12930842836823
1748706,110517474,MAPLE: RED,9.0,1,S CALDWELL ST,35.22044106967289,-80.84407198212527,1,0,6,514550.0,3897450.0,363.12930842836823
1748707,110517475,MAPLE: RED,6.0,1,,35.22051761992048,-80.84394637174123,1,0,6,514550.0,3897450.0,353.1537063954647
1748707,110517475,MAPLE: RED,6.0,1,,35.22051761992048,-80.84394637174123,1,0,6,514550.0,3897450.0,353.1537063954647
1748708,110517476,MAPLE: RED,3.0,1,,35.22069141036186,-80.84369669204216,1,0,6,514550.0,3897450.0,334.8015828914779
1748708,110517476,MAPLE: RED,3.0,1,,35.22069141036186,-80.84369669204216,1,0,6,514550.0,3897450.0,334.8015828914779
1748709,110517477,MAPLE: RED,3.0,1,,35.22076816956719,-80.84358006110122,1,0,6,514550.0,3897450.0,326.6753551640825
1748709,110517477,MAPLE: RED,3.0,1,,35.22076816956719,-80.84358006110122,1,0,6,514550.0,3897450.0,326.6753551640825
1748710,110517478,MAPLE: RED,2.0,1,,35.220932989756065,-80.84335577159888,1,0,6,514550.0,3897450.0,312.76296132869123
1748710,110517478,MAPLE: RED,2.0,1,,35.220932989756065,-80.84335577159888,1,0,6,514550.0,3897450.0,312.76296132869123
1748711,110517479,MAPLE: RED,2.0,1,,35.221003860382105,-80.84324427182295,1,0,6,514550.0,3897450.0,306.06599027790236
1748711,110517479,MAPLE: RED,2.0,1,,35.221003860382105,-80.84324427182295,1,0,6,514550.0,3897450.0,306.06599027790236
1748712,110517480,MAPLE: RED,3.0,1,,35.22106453029662,-80.8431248213962,1,0,6,514550.0,3897450.0,298.65001636262036
1748712,110517480,MAPLE: RED,3.0,1,,35.22106453029662,-80.8431248213962,1,0,6,514550.0,3897450.0,298.65001636262036
1748713,110517481,MAPLE: RED,3.0,1,,35.22113404994501,-80.84301824152963,1,0,6,514550.0,3897450.0,293.08846614035144
1748713,110517481,MAPLE: RED,3.0,1,,35.22113404994501,-80.84301824152963,1,0,6,514550.0,3897450.0,293.08846614035144
1748714,110517482,MAPLE: RED,3.0,1,,35.22085566006619,-80.84290853191234,1,0,6,514550.0,3897450.0,271.62067972075545
1748714,110517482,MAPLE: RED,3.0,1,,35.22085566006619,-80.84290853191234,1,0,6,514550.0,3897450.0,271.62067972075545
1748715,110517483,MAPLE: RED,3.0,1,,35.221562540220845,-80.84237790167664,1,0,6,514550.0,3897450.0,270.2078457622136
1748715,110517483,MAPLE: RED,3.0,1,,35.221562540220845,-80.84237790167664,1,0,6,514550.0,3897450.0,270.2078457622136
1748716,110517484,MAPLE: RED,3.0,1,,35.22161369007805,-80.84229692080474,1,0,6,514550.0,3897450.0,268.45010486948564
1748716,110517484,MAPLE: RED,3.0,1,,35.22161369007805,-80.84229692080474,1,0,6,514550.0,3897450.0,268.45010486948564
1748717,110517485,MAPLE: RED,3.0,1,,35.22166505043645,-80.84222236118698,1,0,6,514550.0,3897450.0,267.43864721889946
1748717,110517485,MAPLE: RED,3.0,1,,35.22166505043645,-80.84222236118698,1,0,6,514550.0,3897450.0,267.43864721889946
1748718,110517486,MAPLE: RED,3.0,1,,35.22175272984931,-80.84208161116155,1,0,6,514550.0,3897450.0,265.5601503436804
1748718,110517486,MAPLE: RED,3.0,1,,35.22175272984931,-80.84208161116155,1,0,6,514550.0,3897450.0,265.5601503436804
1748718,110517486,MAPLE: RED,3.0,1,,35.22175272984931,-80.84208161116155,1,0,6,514550.0,3897450.0,265.5601503436804
1748719,110517487,MAPLE: RED,6.0,1,,35.222247830154856,-80.84148173104452,1,0,6,514550.0,3897450.0,280.44742417183846
1748719,110517487,MAPLE: RED,6.0,1,,35.222247830154856,-80.84148173104452,1,0,6,514550.0,3897450.0,280.44742417183846
1748719,110517487,MAPLE: RED,6.0,1,,35.222247830154856,-80.84148173104452,1,0,6,514550.0,3897450.0,280.44742417183846
1748720,110517488,MAPLE: RED,11.0,1,,35.222331990289376,-80.84156457140281,1,0,6,514550.0,3897450.0,292.1616891106462
1748720,110517488,MAPLE: RED,11.0,1,,35.222331990289376,-80.84156457140281,1,0,6,514550.0,3897450.0,292.1616891106462
1748720,110517488,MAPLE: RED,11.0,1,,35.222331990289376,-80.84156457140281,1,0,6,514550.0,3897450.0,292.1616891106462
1748721,110517489,MAPLE: RED,7.0,1,,35.22241552028594,-80.84166789141774,1,0,6,514550.0,3897450.0,304.6920484895764
1748721,110517489,MAPLE: RED,7.0,1,,35.22241552028594,-80.84166789141774,1,0,6,514550.0,3897450.0,304.6920484895764
1748721,110517489,MAPLE: RED,7.0,1,,35.22241552028594,-80.84166789141774,1,0,6,514550.0,3897450.0,304.6920484895764
1748722,110517490,MAPLE: RED,9.0,1,,35.22247612011931,-80.84173989099843,1,0,6,514550.0,3897450.0,313.69053910909275
1748722,110517490,MAPLE: RED,9.0,1,,35.22247612011931,-80.84173989099843,1,0,6,514550.0,3897450.0,313.69053910909275
1748722,110517490,MAPLE: RED,9.0,1,,35.22247612011931,-80.84173989099843,1,0,6,514550.0,3897450.0,313.69053910909275
1748723,110517491,MAPLE: RED,9.0,1,,35.22256343004194,-80.84184981130674,1,0,6,514550.0,3897450.0,326.96395657092876
1748723,110517491,MAPLE: RED,9.0,1,,35.22256343004194,-80.84184981130674,1,0,6,514550.0,3897450.0,326.96395657092876
1748723,110517491,MAPLE: RED,9.0,1,,35.22256343004194,-80.84184981130674,1,0,6,514550.0,3897450.0,326.96395657092876
1748724,110517492,MAPLE: RED,10.0,1,,35.22264834032449,-80.84193595128723,1,0,6,514550.0,3897450.0,338.99827759997595
1748724,110517492,MAPLE: RED,10.0,1,,35.22264834032449,-80.84193595128723,1,0,6,514550.0,3897450.0,338.99827759997595
1748724,110517492,MAPLE: RED,10.0,1,,35.22264834032449,-80.84193595128723,1,0,6,514550.0,3897450.0,338.99827759997595
1748725,110517493,MAPLE: RED,12.0,1,,35.22273605060909,-80.84204556136135,1,0,6,514550.0,3897450.0,352.3742321626991
1748725,110517493,MAPLE: RED,12.0,1,,35.22273605060909,-80.84204556136135,1,0,6,514550.0,3897450.0,352.3742321626991
1748725,110517493,MAPLE: RED,12.0,1,,35.22273605060909,-80.84204556136135,1,0,6,514550.0,3897450.0,352.3742321626991
1748726,110517494,MAPLE: RED,11.0,1,,35.22283563038143,-80.8421623512462,1,0,6,514550.0,3897450.0,367.25776781134954
1748726,110517494,MAPLE: RED,11.0,1,,35.22283563038143,-80.8421623512462,1,0,6,514550.0,3897450.0,367.25776781134954
1748726,110517494,MAPLE: RED,11.0,1,,35.22283563038143,-80.8421623512462,1,0,6,514550.0,3897450.0,367.25776781134954
1748727,110517495,MAPLE: RED,4.0,1,223 S BREVARD ST,35.22299372093427,-80.84210152136455,1,0,6,514550.0,3897450.0,379.8296566385764
1748727,110517495,MAPLE: RED,4.0,1,223 S BREVARD ST,35.22299372093427,-80.84210152136455,1,0,6,514550.0,3897450.0,379.8296566385764
1748727,110517495,MAPLE: RED,4.0,1,223 S BREVARD ST,35.22299372093427,-80.84210152136455,1,0,6,514550.0,3897450.0,379.8296566385764
1748728,110517496,MAPLE: RED,10.0,1,,35.22281285004114,-80.84188840179033,1,0,6,514550.0,3897450.0,353.052550682343
1748728,110517496,MAPLE: RED,10.0,1,,35.22281285004114,-80.84188840179033,1,0,6,514550.0,3897450.0,353.052550682343
1748728,110517496,MAPLE: RED,10.0,1,,35.22281285004114,-80.84188840179033,1,0,6,514550.0,3897450.0,353.052550682343
1748729,110517497,MAPLE: RED,10.0,1,,35.22268411059739,-80.84174503131584,1,0,6,514550.0,3897450.0,334.43925890268656
1748729,110517497,MAPLE: RED,10.0,1,,35.22268411059739,-80.84174503131584,1,0,6,514550.0,3897450.0,334.43925890268656
1748729,110517497,MAPLE: RED,10.0,1,,35.22268411059739,-80.84174503131584,1,0,6,514550.0,3897450.0,334.43925890268656
1748730,110517498,MAPLE: RED,10.0,1,,35.22261613039609,-80.84166928166512,1,0,6,514550.0,3897450.0,324.64320610209677
1748730,110517498,MAPLE: RED,10.0,1,,35.22261613039609,-80.84166928166512,1,0,6,514550.0,3897450.0,324.64320610209677
1748730,110517498,MAPLE: RED,10.0,1,,35.22261613039609,-80.84166928166512,1,0,6,514550.0,3897450.0,324.64320610209677
1748731,110517499,MAPLE: RED,4.0,1,,35.222454450404996,-80.84147738063677,1,0,6,514550.0,3897450.0,301.01724800793215
1748731,110517499,MAPLE: RED,4.0,1,,35.222454450404996,-80.84147738063677,1,0,6,514550.0,3897450.0,301.01724800793215
1748731,110517499,MAPLE: RED,4.0,1,,35.222454450404996,-80.84147738063677,1,0,6,514550.0,3897450.0,301.01724800793215
1748732,110517500,MAPLE: RED,4.0,1,,35.22238994994553,-80.84139727117973,1,0,6,514550.0,3897450.0,291.5284085668008
1748732,110517500,MAPLE: RED,4.0,1,,35.22238994994553,-80.84139727117973,1,0,6,514550.0,3897450.0,291.5284085668008
1748732,110517500,MAPLE: RED,4.0,1,,35.22238994994553,-80.84139727117973,1,0,6,514550.0,3897450.0,291.5284085668008
1748733,110517501,MAPLE: RED,7.0,1,,35.223648350789915,-80.84111684114768,1,0,6,514550.0,3897450.0,416.9344496867762
1748733,110517501,MAPLE: RED,7.0,1,,35.223648350789915,-80.84111684114768,1,0,6,514550.0,3897450.0,416.9344496867762
1748734,110517502,MAPLE: RED,6.0,1,,35.22331211038731,-80.83998799115611,1,0,6,514550.0,3897450.0,369.89452706339966
1748734,110517502,MAPLE: RED,6.0,1,,35.22331211038731,-80.83998799115611,1,0,6,514550.0,3897450.0,369.89452706339966
1748734,110517502,MAPLE: RED,6.0,1,,35.22331211038731,-80.83998799115611,1,0,6,514550.0,3897450.0,369.89452706339966
1748735,110517503,MAPLE: RED,6.0,1,1016 N CALDWELL ST,35.22338428058541,-80.83988740108003,1,0,6,514550.0,3897450.0,378.29975890263273
1748735,110517503,MAPLE: RED,6.0,1,1016 N CALDWELL ST,35.22338428058541,-80.83988740108003,1,0,6,514550.0,3897450.0,378.29975890263273
1748735,110517503,MAPLE: RED,6.0,1,1016 N CALDWELL ST,35.22338428058541,-80.83988740108003,1,0,6,514550.0,3897450.0,378.29975890263273
1748736,110517504,MAPLE: RED,6.0,1,1016 N CALDWELL ST,35.22345439054324,-80.83979724092399,1,0,6,514550.0,3897450.0,386.6031444393556
1748736,110517504,MAPLE: RED,6.0,1,1016 N CALDWELL ST,35.22345439054324,-80.83979724092399,1,0,6,514550.0,3897450.0,386.6031444393556
1748736,110517504,MAPLE: RED,6.0,1,1016 N CALDWELL ST,35.22345439054324,-80.83979724092399,1,0,6,514550.0,3897450.0,386.6031444393556
1748737,110517505,MAPLE: RED,6.0,1,1016 N CALDWELL ST,35.22352143052944,-80.8396999001222,1,0,6,514550.0,3897450.0,394.77959912964224
1748737,110517505,MAPLE: RED,6.0,1,1016 N CALDWELL ST,35.22352143052944,-80.8396999001222,1,0,6,514550.0,3897450.0,394.77959912964224
1748737,110517505,MAPLE: RED,6.0,1,1016 N CALDWELL ST,35.22352143052944,-80.8396999001222,1,0,6,514550.0,3897450.0,394.77959912964224
1748738,110517506,MAPLE: RED,6.0,1,1016 N CALDWELL ST,35.223602850814174,-80.8395651207586,1,0,6,514550.0,3897450.0,405.1178439005748
1748738,110517506,MAPLE: RED,6.0,1,1016 N CALDWELL ST,35.223602850814174,-80.8395651207586,1,0,6,514550.0,3897450.0,405.1178439005748
1748738,110517506,MAPLE: RED,6.0,1,1016 N CALDWELL ST,35.223602850814174,-80.8395651207586,1,0,6,514550.0,3897450.0,405.1178439005748
1748739,110517507,MAPLE: RED,6.0,1,,35.22369182060409,-80.83945830032671,1,0,6,514550.0,3897450.0,416.2079361898039
1748739,110517507,MAPLE: RED,6.0,1,,35.22369182060409,-80.83945830032671,1,0,6,514550.0,3897450.0,416.2079361898039
1748739,110517507,MAPLE: RED,6.0,1,,35.22369182060409,-80.83945830032671,1,0,6,514550.0,3897450.0,416.2079361898039
1748740,110517508,MAPLE: RED,2.0,1,,35.2235554806031,-80.83924293045425,1,0,6,514550.0,3897450.0,404.66757406091614
1748740,110517508,MAPLE: RED,2.0,1,,35.2235554806031,-80.83924293045425,1,0,6,514550.0,3897450.0,404.66757406091614
1748740,110517508,MAPLE: RED,2.0,1,,35.2235554806031,-80.83924293045425,1,0,6,514550.0,3897450.0,404.66757406091614
1748741,110517509,MAPLE: RED,2.0,1,,35.22342513057833,-80.83942669072377,1,0,6,514550.0,3897450.0,387.4279356715605
1748741,110517509,MAPLE: RED,2.0,1,,35.22342513057833,-80.83942669072377,1,0,6,514550.0,3897450.0,387.4279356715605
1748741,110517509,MAPLE: RED,2.0,1,,35.22342513057833,-80.83942669072377,1,0,6,514550.0,3897450.0,387.4279356715605
1748742,110517510,MAPLE: RED,12.0,1,,35.223371450559654,-80.83949584046591,1,0,6,514550.0,3897450.0,380.5631381599194
1748742,110517510,MAPLE: RED,12.0,1,,35.223371450559654,-80.83949584046591,1,0,6,514550.0,3897450.0,380.5631381599194
1748742,110517510,MAPLE: RED,12.0,1,,35.223371450559654,-80.83949584046591,1,0,6,514550.0,3897450.0,380.5631381599194
1748743,110517511,MAPLE: RED,3.0,1,,35.22333173109244,-80.8395629211236,1,0,6,514550.0,3897450.0,375.3325011610251
1748743,110517511,MAPLE: RED,3.0,1,,35.22333173109244,-80.8395629211236,1,0,6,514550.0,3897450.0,375.3325011610251
1748743,110517511,MAPLE: RED,3.0,1,,35.22333173109244,-80.8395629211236,1,0,6,514550.0,3897450.0,375.3325011610251
1748744,110517512,MAPLE: RED,10.0,1,,35.223181570306586,-80.83978218077529,1,0,6,514550.0,3897450.0,356.55938912373495
1748744,110517512,MAPLE: RED,10.0,1,,35.223181570306586,-80.83978218077529,1,0,6,514550.0,3897450.0,356.55938912373495
1748744,110517512,MAPLE: RED,10.0,1,,35.223181570306586,-80.83978218077529,1,0,6,514550.0,3897450.0,356.55938912373495
1748745,110517513,MAPLE: RED,10.0,1,,35.22314749076566,-80.8398279508022,1,0,6,514550.0,3897450.0,352.453788576409
1748745,110517513,MAPLE: RED,10.0,1,,35.22314749076566,-80.8398279508022,1,0,6,514550.0,3897450.0,352.453788576409
1748745,110517513,MAPLE: RED,10.0,1,,35.22314749076566,-80.8398279508022,1,0,6,514550.0,3897450.0,352.453788576409
1748746,110517514,MAPLE: RED,14.0,1,,35.222891200257024,-80.84228452092479,1,0,6,514550.0,3897450.0,378.2517143528507
1748746,110517514,MAPLE: RED,14.0,1,,35.222891200257024,-80.84228452092479,1,0,6,514550.0,3897450.0,378.2517143528507
1748746,110517514,MAPLE: RED,14.0,1,,35.222891200257024,-80.84228452092479,1,0,6,514550.0,3897450.0,378.2517143528507
1748747,110517515,MAPLE: RED,15.0,1,,35.222824370768095,-80.84237974087486,1,0,6,514550.0,3897450.0,376.5998059162749
1748747,110517515,MAPLE: RED,15.0,1,,35.222824370768095,-80.84237974087486,1,0,6,514550.0,3897450.0,376.5998059162749
1748747,110517515,MAPLE: RED,15.0,1,,35.222824370768095,-80.84237974087486,1,0,6,514550.0,3897450.0,376.5998059162749
1748748,110517516,MAPLE: RED,12.0,1,,35.22276081998556,-80.84246155101876,1,0,6,514550.0,3897450.0,374.89143372745457
1748748,110517516,MAPLE: RED,12.0,1,,35.22276081998556,-80.84246155101876,1,0,6,514550.0,3897450.0,374.89143372745457
1748748,110517516,MAPLE: RED,12.0,1,,35.22276081998556,-80.84246155101876,1,0,6,514550.0,3897450.0,374.89143372745457
1748749,110517517,MAPLE: RED,3.0,1,,35.22185967997191,-80.84152987116568,1,0,6,514550.0,3897450.0,244.8285388083533
1748749,110517517,MAPLE: RED,3.0,1,,35.22185967997191,-80.84152987116568,1,0,6,514550.0,3897450.0,244.8285388083533
1748749,110517517,MAPLE: RED,3.0,1,,35.22185967997191,-80.84152987116568,1,0,6,514550.0,3897450.0,244.8285388083533
1748750,110517518,MAPLE: RED,11.0,1,,35.222702760808254,-80.84255408156987,1,0,6,514550.0,3897450.0,374.52440866829136
1748750,110517518,MAPLE: RED,11.0,1,,35.222702760808254,-80.84255408156987,1,0,6,514550.0,3897450.0,374.52440866829136
1748750,110517518,MAPLE: RED,11.0,1,,35.222702760808254,-80.84255408156987,1,0,6,514550.0,3897450.0,374.52440866829136
1748751,110517519,MAPLE: RED,3.0,1,,35.22170877037623,-80.84173885081202,1,0,6,514550.0,3897450.0,241.81385282832966
1748751,110517519,MAPLE: RED,3.0,1,,35.22170877037623,-80.84173885081202,1,0,6,514550.0,3897450.0,241.81385282832966
1748751,110517519,MAPLE: RED,3.0,1,,35.22170877037623,-80.84173885081202,1,0,6,514550.0,3897450.0,241.81385282832966
1748752,110517520,MAPLE: RED,10.0,1,,35.22263593070466,-80.84264394139161,1,0,6,514550.0,3897450.0,373.5402625897611
1748752,110517520,MAPLE: RED,10.0,1,,35.22263593070466,-80.84264394139161,1,0,6,514550.0,3897450.0,373.5402625897611
1748752,110517520,MAPLE: RED,10.0,1,,35.22263593070466,-80.84264394139161,1,0,6,514550.0,3897450.0,373.5402625897611
1748753,110517521,MAPLE: RED,3.0,1,,35.221642090193036,-80.84183933172281,1,0,6,514550.0,3897450.0,241.79676734251484
1748753,110517521,MAPLE: RED,3.0,1,,35.221642090193036,-80.84183933172281,1,0,6,514550.0,3897450.0,241.79676734251484
1748753,110517521,MAPLE: RED,3.0,1,,35.221642090193036,-80.84183933172281,1,0,6,514550.0,3897450.0,241.79676734251484
1748754,110517522,MAPLE: RED,11.0,1,,35.22257567044925,-80.84274050151419,1,0,6,514550.0,3897450.0,373.83039863192886
1748754,110517522,MAPLE: RED,11.0,1,,35.22257567044925,-80.84274050151419,1,0,6,514550.0,3897450.0,373.83039863192886
1748754,110517522,MAPLE: RED,11.0,1,,35.22257567044925,-80.84274050151419,1,0,6,514550.0,3897450.0,373.83039863192886
1748755,110517523,MAPLE: RED,10.0,1,,35.222507749972785,-80.84282901129178,1,0,6,514550.0,3897450.0,373.324213406264
1748755,110517523,MAPLE: RED,10.0,1,,35.222507749972785,-80.84282901129178,1,0,6,514550.0,3897450.0,373.324213406264
1748755,110517523,MAPLE: RED,10.0,1,,35.222507749972785,-80.84282901129178,1,0,6,514550.0,3897450.0,373.324213406264
1748756,110517524,MAPLE: RED,11.0,1,,35.222390519945684,-80.84299799120966,1,0,6,514550.0,3897450.0,374.2467810397411
1748756,110517524,MAPLE: RED,11.0,1,,35.222390519945684,-80.84299799120966,1,0,6,514550.0,3897450.0,374.2467810397411
1748756,110517524,MAPLE: RED,11.0,1,,35.222390519945684,-80.84299799120966,1,0,6,514550.0,3897450.0,374.2467810397411
1748838,110517606,MAPLE: RED,12.0,1,,35.23281746249683,-80.83951004138088,1,3,7,514550.0,3898550.0,328.30022308073796
1748839,110517607,MAPLE: RED,12.0,1,,35.23301143268727,-80.83924417072328,1,3,7,514550.0,3898550.0,354.0760274933056
1748846,110517614,MAPLE: RED,3.0,1,,35.23268982254572,-80.83753414065669,1,3,7,514550.0,3898550.0,387.9717439325547
1748847,110517615,MAPLE: RED,3.0,1,,35.23261800254193,-80.83765379023708,1,3,7,514550.0,3898550.0,375.0760950725169
1748848,110517616,MAPLE: RED,4.0,1,,35.23256434244994,-80.83774076108897,1,3,7,514550.0,3898550.0,365.5988014533178
1748849,110517617,MAPLE: RED,3.0,1,,35.23245111263115,-80.83789911009455,1,3,7,514550.0,3898550.0,346.9968204012172
1748850,110517618,MAPLE: RED,3.0,1,,35.23240619243855,-80.83797019031367,1,3,7,514550.0,3898550.0,339.20231110924493
1748851,110517619,MAPLE: RED,3.0,1,,35.23232404239045,-80.83807748097433,1,3,7,514550.0,3898550.0,326.1571210091335
1748852,110517620,MAPLE: RED,3.0,1,,35.23224955240732,-80.83818477069184,1,3,7,514550.0,3898550.0,313.84369691979543
1748853,110517621,MAPLE: RED,3.0,1,,35.23218053267087,-80.83828267074779,1,3,7,514550.0,3898550.0,302.5449506871094
1748854,110517622,MAPLE: RED,3.0,1,,35.231994412738466,-80.83855717066717,1,3,7,514550.0,3898550.0,271.76927768807735
1748855,110517623,MAPLE: RED,3.0,1,,35.232063442964844,-80.83845284070456,1,3,7,514550.0,3898550.0,283.26281289286004
1748856,110517624,MAPLE: RED,8.0,1,,35.231849002923866,-80.83873611116795,1,3,7,514550.0,3898550.0,249.60767720882043
1748857,110517625,MAPLE: RED,8.0,1,,35.23180087284456,-80.83880331036063,1,3,7,514550.0,3898550.0,241.94803057596548
1748858,110517626,MAPLE: RED,7.0,1,512 N CHURCH ST,35.231745692897924,-80.83888730032052,1,3,7,514550.0,3898550.0,232.9036843328803
1748859,110517627,MAPLE: RED,4.0,1,512 N CHURCH ST,35.2316927724712,-80.83896707099363,1,3,7,514550.0,3898550.0,224.32125342259135
1748860,110517628,MAPLE: RED,4.0,1,512 N CHURCH ST,35.23165073235233,-80.83903530081912,1,3,7,514550.0,3898550.0,217.34957859457188
1748861,110517629,MAPLE: RED,4.0,1,512 N CHURCH ST,35.2315997921009,-80.83910728111297,1,3,7,514550.0,3898550.0,209.39582608210114
1748862,110517630,MAPLE: RED,4.0,1,,35.23155432233317,-80.83917781128217,1,3,7,514550.0,3898550.0,202.1059145440765
1748863,110517631,MAPLE: RED,4.0,1,,35.231492572189474,-80.8392642808426,1,3,7,514550.0,3898550.0,192.65200211886557
1748864,110517632,MAPLE: RED,4.0,1,,35.231441151995156,-80.83933876091933,1,3,7,514550.0,3898550.0,184.77498299556694
1748865,110517633,MAPLE: RED,4.0,1,,35.231068902043624,-80.83983535163699,1,3,7,514550.0,3898550.0,132.18137078658935
1748866,110517634,MAPLE: RED,4.0,1,,35.23102406183457,-80.8399055413403,1,3,7,514550.0,3898550.0,126.23316513289808
1748867,110517635,MAPLE: RED,4.0,1,400 N CHURCH ST #201,35.230966961844565,-80.83998299104877,1,3,7,514550.0,3898550.0,119.11988324236387
1748887,110517655,MAPLE: RED,6.0,1,,35.229840482318636,-80.84162338120706,1,3,7,514550.0,3898550.0,138.5468298701322
1748888,110517656,MAPLE: RED,3.0,1,,35.22979771151385,-80.841684782101,1,3,7,514550.0,3898550.0,144.41377699651096
1748889,110517657,MAPLE: RED,7.0,1,,35.2294478522365,-80.84215840188428,1,3,7,514550.0,3898550.0,193.61517092380282
1748890,110517658,MAPLE: RED,4.0,1,210 N CHURCH ST #3104,35.229280841779115,-80.84239852163847,1,3,7,514550.0,3898550.0,219.84004447560713
1748891,110517659,MAPLE: RED,4.0,1,210 N CHURCH ST,35.229201971749475,-80.8425192222437,1,3,7,514550.0,3898550.0,233.05044534966686
1748893,110517661,MAPLE: RED,4.0,1,,35.22900594180736,-80.8428115520072,1,3,7,514550.0,3898550.0,265.6051680512958
1748894,110517662,MAPLE: RED,4.0,1,,35.229074891621956,-80.8427083121219,1,3,7,514550.0,3898550.0,254.06508581765604
1748895,110517663,MAPLE: RED,4.0,1,,35.22996340175255,-80.84165075172017,1,3,7,514550.0,3898550.0,141.08426029221562
1748916,110517684,MAPLE: RED,4.0,1,501 N CHURCH ST,35.23128097209058,-80.839767630812,1,3,7,514550.0,3898550.0,156.44171156592327
1748917,110517685,MAPLE: RED,4.0,1,501 N CHURCH ST,35.23134101258004,-80.83969009104163,1,3,7,514550.0,3898550.0,164.44288466927318
1748918,110517686,MAPLE: RED,4.0,1,,35.2315493322022,-80.83940758104856,1,3,7,514550.0,3898550.0,193.8111875015687
1748919,110517687,MAPLE: RED,4.0,1,,35.231614522320896,-80.83929803063606,1,3,7,514550.0,3898550.0,204.0195891251545
1748920,110517688,MAPLE: RED,4.0,1,,35.231692422194214,-80.83918393096228,1,3,7,514550.0,3898550.0,215.90907322823958
1748921,110517689,MAPLE: RED,6.0,1,701 N CHURCH ST #2,35.2329366631009,-80.8374468204332,1,3,7,514550.0,3898550.0,414.73311606435857
1748922,110517690,MAPLE: RED,8.0,1,701 N CHURCH ST #4,35.23299034308372,-80.83737200089814,1,3,7,514550.0,3898550.0,423.54311904712785
1748923,110517691,MAPLE: RED,7.0,1,W 10TH ST,35.23305545302302,-80.83729236008205,1,3,7,514550.0,3898550.0,433.64505081450994
1748924,110517692,MAPLE: RED,7.0,1,701 N CHURCH ST #9,35.23313035309012,-80.83715813088767,1,3,7,514550.0,3898550.0,447.58334177861144
1748925,110517693,MAPLE: RED,10.0,1,701 N CHURCH ST #9,35.23326502251288,-80.83698475016449,1,3,7,514550.0,3898550.0,469.0051540919916
1748926,110517694,MAPLE: RED,9.0,1,,35.233311982952735,-80.83692385082537,1,3,7,514550.0,3898550.0,476.5058676342615
1748927,110517695,MAPLE: RED,9.0,1,,35.23334621327324,-80.83687929047102,1,3,7,514550.0,3898550.0,481.98472149991215
1748928,110517696,MAPLE: RED,9.0,1,,35.23339250305503,-80.8368171308443,1,3,7,514550.0,3898550.0,489.50209363823876
1748929,110517697,MAPLE: RED,8.0,1,,35.2334458528519,-80.8367352899243,1,3,7,514550.0,3898550.0,498.7402459788797
1748939,110517707,MAPLE: RED,4.0,1,224 W 10TH ST,35.233519952453655,-80.8382636906723,1,3,7,514550.0,3898550.0,435.19834417633496
1748963,110517731,MAPLE: RED,9.0,1,,35.21384451779607,-80.86454161771537,1,4,1,512750.0,3896350.0,592.4740633046187
1748964,110517732,MAPLE: RED,10.0,1,,35.21389622780692,-80.86466852762219,1,4,1,512750.0,3896350.0,604.7289963541647
1748965,110517733,MAPLE: RED,6.0,1,,35.213980938095446,-80.86485180813762,1,4,1,512750.0,3896350.0,623.2438739283208
1748966,110517734,MAPLE: RED,10.0,1,,35.214024348147,-80.86493937753578,1,4,1,512750.0,3896350.0,632.3283026360178
1748967,110517735,MAPLE: RED,9.0,1,,35.214058517786654,-80.8650101977313,1,9,0,511825.0,3896350.0,637.2636137954163
1748980,110517748,MAPLE: RED,9.0,1,,35.21413527767711,-80.8648845980936,1,4,1,512750.0,3896350.0,637.3447942720245
1748981,110517749,MAPLE: RED,10.0,1,,35.21409145761225,-80.86479215776332,1,4,1,512750.0,3896350.0,627.9564253791928
1748982,110517750,MAPLE: RED,9.0,1,,35.21400998736524,-80.86461696795423,1,4,1,512750.0,3896350.0,610.316709271735
1748987,110517755,MAPLE: RED,5.0,1,300 WESTWOOD AV,35.217694748521005,-80.85989457674007,1,7,2,512750.0,3897450.0,255.99247708915627
1748988,110517756,MAPLE: RED,7.0,1,300 WESTWOOD AV,35.21779554841374,-80.85983153634078,1,7,2,512750.0,3897450.0,244.89367880149948
1748989,110517757,MAPLE: RED,13.0,1,,35.21796646910526,-80.85970547647928,1,7,2,512750.0,3897450.0,226.5545488974587
1748990,110517758,MAPLE: RED,4.0,1,,35.21499968767227,-80.86055859621781,1,4,1,512750.0,3896350.0,548.2368998559164
1748990,110517758,MAPLE: RED,4.0,1,,35.21499968767227,-80.86055859621781,1,4,1,512750.0,3896350.0,548.2368998559164
1748991,110517759,MAPLE: RED,4.0,1,,35.214952317950726,-80.8604495866737,1,4,1,512750.0,3896350.0,542.0374754498773
1748991,110517759,MAPLE: RED,4.0,1,,35.214952317950726,-80.8604495866737,1,4,1,512750.0,3896350.0,542.0374754498773
1748992,110517760,MAPLE: RED,4.0,1,,35.21605784794129,-80.86000051646555,1,7,2,512750.0,3897450.0,437.6194276244506
1749406,110518174,MAPLE: RED,12.0,1,,35.222175850666915,-80.83900300047569,1,0,6,514550.0,3897450.0,264.09974371683757
1749406,110518174,MAPLE: RED,12.0,1,,35.222175850666915,-80.83900300047569,1,0,6,514550.0,3897450.0,264.09974371683757
1749419,110518187,MAPLE: RED,2.0,1,,35.22066499029084,-80.84135475046607,1,0,6,514550.0,3897450.0,135.58951471672714
1749420,110518188,MAPLE: RED,13.0,1,,35.22204108011311,-80.84098409098935,1,0,6,514550.0,3897450.0,241.82106373794633
1749420,110518188,MAPLE: RED,13.0,1,,35.22204108011311,-80.84098409098935,1,0,6,514550.0,3897450.0,241.82106373794633
1749421,110518189,MAPLE: RED,5.0,1,,35.21940707991743,-80.84293379101807,1,0,6,514550.0,3897450.0,263.6377342472684
1749422,110518190,MAPLE: RED,6.0,1,,35.2192915094124,-80.84310088138129,1,0,6,514550.0,3897450.0,281.6165756782021
1749423,110518191,MAPLE: RED,3.0,1,,35.22202349986954,-80.84357332138696,1,0,6,514550.0,3897450.0,387.41858343019527
1749423,110518191,MAPLE: RED,3.0,1,,35.22202349986954,-80.84357332138696,1,0,6,514550.0,3897450.0,387.41858343019527
1749423,110518191,MAPLE: RED,3.0,1,,35.22202349986954,-80.84357332138696,1,0,6,514550.0,3897450.0,387.41858343019527
1749424,110518192,MAPLE: RED,3.0,1,,35.22166251039222,-80.84410360201672,1,0,6,514550.0,3897450.0,407.6561131016788
1749424,110518192,MAPLE: RED,3.0,1,,35.22166251039222,-80.84410360201672,1,0,6,514550.0,3897450.0,407.6561131016788
1749476,110518244,MAPLE: RED,4.0,1,,35.230747202101774,-80.83114818901916,1,2,9,515475.0,3898575.0,131.01422258091284
1749490,110518258,MAPLE: RED,4.0,1,,35.21951274970261,-80.84277065126889,1,0,6,514550.0,3897450.0,246.5325535702384
1749491,110518259,MAPLE: RED,11.0,1,201 S COLLEGE ST,35.22434445034211,-80.84397700189145,1,0,6,514550.0,3897450.0,597.9273588046206
1749491,110518259,MAPLE: RED,11.0,1,201 S COLLEGE ST,35.22434445034211,-80.84397700189145,1,0,6,514550.0,3897450.0,597.9273588046206
1749491,110518259,MAPLE: RED,11.0,1,201 S COLLEGE ST,35.22434445034211,-80.84397700189145,1,0,6,514550.0,3897450.0,597.9273588046206
1749492,110518260,MAPLE: RED,3.0,1,,35.221948999810444,-80.84368329199141,1,0,6,514550.0,3897450.0,390.8980660447411
1749492,110518260,MAPLE: RED,3.0,1,,35.221948999810444,-80.84368329199141,1,0,6,514550.0,3897450.0,390.8980660447411
1749492,110518260,MAPLE: RED,3.0,1,,35.221948999810444,-80.84368329199141,1,0,6,514550.0,3897450.0,390.8980660447411
1749493,110518261,MAPLE: RED,3.0,1,,35.22188874999306,-80.84378254158845,1,0,6,514550.0,3897450.0,394.7940181549588
1749493,110518261,MAPLE: RED,3.0,1,,35.22188874999306,-80.84378254158845,1,0,6,514550.0,3897450.0,394.7940181549588
1749494,110518262,MAPLE: RED,3.0,1,,35.221809859866326,-80.84388848227027,1,0,6,514550.0,3897450.0,398.4331430990897
1749494,110518262,MAPLE: RED,3.0,1,,35.221809859866326,-80.84388848227027,1,0,6,514550.0,3897450.0,398.4331430990897
1749635,110518403,MAPLE: SUGAR,16.0,1,,35.22410617074952,-80.84338825212387,1,0,6,514550.0,3897450.0,545.8042311050984
1749635,110518403,MAPLE: SUGAR,16.0,1,,35.22410617074952,-80.84338825212387,1,0,6,514550.0,3897450.0,545.8042311050984
1749635,110518403,MAPLE: SUGAR,16.0,1,,35.22410617074952,-80.84338825212387,1,0,6,514550.0,3897450.0,545.8042311050984
1749636,110518404,MAPLE: SUGAR,24.0,1,,35.23311635272,-80.83800718087925,1,3,7,514550.0,3898550.0,404.7121323047568
1749662,110518430,MAPLE: SUGAR,5.0,1,,35.22585904144698,-80.83532552943262,1,3,7,514550.0,3898550.0,624.1158594427797
1749663,110518431,MAPLE: SUGAR,6.0,1,,35.22573853139417,-80.835178009366,1,3,7,514550.0,3898550.0,643.055913206274
1749664,110518432,MAPLE: SUGAR,8.0,1,,35.22561473099624,-80.83503584909295,1,3,7,514550.0,3898550.0,661.9179704837793
1749665,110518433,MAPLE: SUGAR,7.0,1,,35.22554571092985,-80.83495538937854,1,3,7,514550.0,3898550.0,672.5101188532952
1749666,110518434,MAPLE: SUGAR,10.0,1,,35.22567608108244,-80.83540867980241,1,3,7,514550.0,3898550.0,633.7080559324036
1749667,110518435,MAPLE: SUGAR,7.0,1,,35.22572429089676,-80.83547170911469,1,3,7,514550.0,3898550.0,625.8928965538706
1749668,110518436,MAPLE: SUGAR,3.0,1,,35.22583055163852,-80.83560447918966,1,3,7,514550.0,3898550.0,609.0458783762385
1749668,110518436,MAPLE: SUGAR,3.0,1,,35.22583055163852,-80.83560447918966,1,3,7,514550.0,3898550.0,609.0458783762385
1749669,110518437,MAPLE: SUGAR,2.0,1,,35.225110120876046,-80.83443452940325,1,2,9,515475.0,3898575.0,689.0937464878244
1749670,110518438,MAPLE: SUGAR,7.0,1,,35.22493147119056,-80.83421175957561,1,6,8,515475.0,3897450.0,673.2515583442569
1749671,110518439,MAPLE: SUGAR,11.0,1,,35.224884011523855,-80.83415742884111,1,6,8,515475.0,3897450.0,666.1032063258048
1749672,110518440,MAPLE: SUGAR,6.0,1,,35.22472735100338,-80.83398442867292,1,6,8,515475.0,3897450.0,642.8474226940999
1749678,110518446,MAPLE: SUGAR,5.0,1,704 E 7TH ST,35.22425845067596,-80.83378727931,1,6,8,515475.0,3897450.0,590.0833856414549
1749679,110518447,MAPLE: SUGAR,7.0,1,,35.224497281348924,-80.8339964988655,1,6,8,515475.0,3897450.0,622.7017682502241
1749680,110518448,MAPLE: SUGAR,12.0,1,,35.224596980773036,-80.8341171988718,1,6,8,515475.0,3897450.0,638.1145391712624
1749681,110518449,MAPLE: SUGAR,9.0,1,,35.22468024078374,-80.83421643915159,1,6,8,515475.0,3897450.0,650.9077850596279
1749682,110518450,MAPLE: SUGAR,9.0,1,704 E 7TH ST,35.22425901149454,-80.83364988917185,1,6,8,515475.0,3897450.0,582.8372912726309
1749683,110518451,MAPLE: SUGAR,4.0,1,,35.22474816100535,-80.8343049485766,1,6,8,515475.0,3897450.0,661.7582237416099
1749684,110518452,MAPLE: SUGAR,4.0,1,,35.224801840995454,-80.83436931933997,1,6,8,515475.0,3897450.0,670.0333634598729
1749685,110518453,MAPLE: SUGAR,11.0,1,,35.22486758078307,-80.83444844913383,1,6,8,515475.0,3897450.0,680.1864204302433
1749686,110518454,MAPLE: SUGAR,11.0,1,,35.224911401228226,-80.83450611964433,1,6,8,515475.0,3897450.0,687.2255729669163
1749687,110518455,MAPLE: SUGAR,5.0,1,,35.224983700767744,-80.83458657969395,1,6,8,515475.0,3897450.0,698.0369427273273
1749690,110518458,MAPLE: SUGAR,14.0,1,,35.22415766065563,-80.84344190220028,1,0,6,514550.0,3897450.0,553.2532146877531
1749690,110518458,MAPLE: SUGAR,14.0,1,,35.22415766065563,-80.84344190220028,1,0,6,514550.0,3897450.0,553.2532146877531
1749690,110518458,MAPLE: SUGAR,14.0,1,,35.22415766065563,-80.84344190220028,1,0,6,514550.0,3897450.0,553.2532146877531
1749692,110518460,MAPLE: SUGAR,8.0,1,,35.23286464288178,-80.83786271021901,1,3,7,514550.0,3898550.0,387.07359972083435
1749693,110518461,MAPLE: SUGAR,6.0,1,,35.23293352305966,-80.83793807110541,1,3,7,514550.0,3898550.0,390.08179741502335
1749694,110518462,MAPLE: SUGAR,8.0,1,,35.233008422592846,-80.83802416011245,1,3,7,514550.0,3898550.0,393.4493994013828
1749695,110518463,MAPLE: SUGAR,6.0,1,,35.233073332933984,-80.83809275045212,1,3,7,514550.0,3898550.0,396.8626724359793
1749696,110518464,MAPLE: SUGAR,6.0,1,,35.2332433227922,-80.83829197033437,1,3,7,514550.0,3898550.0,405.99773381483146
1749702,110518470,MAPLE: SUGAR,2.0,1,,35.21906756911682,-80.86039480678937,1,7,2,512750.0,3897450.0,113.07754171186919
1749703,110518471,MAPLE: SUGAR,2.0,1,,35.21911139874353,-80.86049270669298,1,7,2,512750.0,3897450.0,112.61673350297926
1749770,110518538,MAPLE: SUGAR,20.0,1,,35.22406454025943,-80.84332790193643,1,0,6,514550.0,3897450.0,538.9451185515508
1749770,110518538,MAPLE: SUGAR,20.0,1,,35.22406454025943,-80.84332790193643,1,0,6,514550.0,3897450.0,538.9451185515508
1749771,110518539,MAPLE: SUGAR,21.0,1,,35.23319716268755,-80.83790275113253,1,3,7,514550.0,3898550.0,417.11447190262237
1749772,110518540,MAPLE: SUGAR,20.0,1,,35.23326817271858,-80.837968540768,1,3,7,514550.0,3898550.0,421.2477781711079
1749794,110518562,MAPLE: SUGAR,25.0,1,,35.22368110098491,-80.84287327185949,1,0,6,514550.0,3897450.0,480.93787022742083
1749794,110518562,MAPLE: SUGAR,25.0,1,,35.22368110098491,-80.84287327185949,1,0,6,514550.0,3897450.0,480.93787022742083
1749794,110518562,MAPLE: SUGAR,25.0,1,,35.22368110098491,-80.84287327185949,1,0,6,514550.0,3897450.0,480.93787022742083
1749796,110518564,MAPLE: SUGAR,4.0,1,201 W PARK AV,35.215450848638184,-80.85870098575218,1,7,2,512750.0,3897450.0,516.5103395148124
1749796,110518564,MAPLE: SUGAR,4.0,1,201 W PARK AV,35.215450848638184,-80.85870098575218,1,7,2,512750.0,3897450.0,516.5103395148124
1749825,110518593,MAPLE: SUGAR,6.0,1,,35.22595325177858,-80.8355910692531,1,3,7,514550.0,3898550.0,599.8733228378475
1749825,110518593,MAPLE: SUGAR,6.0,1,,35.22595325177858,-80.8355910692531,1,3,7,514550.0,3898550.0,599.8733228378475
1749826,110518594,MAPLE: SUGAR,9.0,1,,35.22583932144531,-80.8354569592468,1,3,7,514550.0,3898550.0,617.4380391406971
1749827,110518595,MAPLE: SUGAR,9.0,1,,35.22578783105202,-80.83539526896655,1,3,7,514550.0,3898550.0,625.4436713870581
1749828,110518596,MAPLE: SUGAR,7.0,1,,35.22572429090738,-80.83532552893757,1,3,7,514550.0,3898550.0,634.9248022803722
1749829,110518597,MAPLE: SUGAR,6.0,1,,35.225974071312116,-80.83546365925783,1,3,7,514550.0,3898550.0,606.2071770202606
1749829,110518597,MAPLE: SUGAR,6.0,1,,35.225974071312116,-80.83546365925783,1,3,7,514550.0,3898550.0,606.2071770202606
1749830,110518598,MAPLE: SUGAR,10.0,1,,35.22590176101447,-80.83538453991397,1,3,7,514550.0,3898550.0,616.9764263405882
1749830,110518598,MAPLE: SUGAR,10.0,1,,35.22590176101447,-80.83538453991397,1,3,7,514550.0,3898550.0,616.9764263405882
1749831,110518599,MAPLE: SUGAR,12.0,1,,35.22533428135692,-80.83499829881504,1,3,7,514550.0,3898550.0,686.883791764908
1749832,110518600,MAPLE: SUGAR,8.0,1,,35.22537700148406,-80.83504925908848,1,3,7,514550.0,3898550.0,680.257656575205
1749833,110518601,MAPLE: SUGAR,15.0,1,,35.22542301110573,-80.8351109495095,1,3,7,514550.0,3898550.0,672.7030356198965
1749834,110518602,MAPLE: SUGAR,7.0,1,,35.22548656120073,-80.8351927594536,1,3,7,514550.0,3898550.0,662.4780748470478
1749835,110518603,MAPLE: SUGAR,4.0,1,,35.225536951318254,-80.8352531093402,1,3,7,514550.0,3898550.0,654.6482078960099
1749836,110518604,MAPLE: SUGAR,13.0,1,,35.22560706092825,-80.835329549232,1,3,7,514550.0,3898550.0,644.2160342037541
1749837,110518605,MAPLE: SUGAR,12.0,1,,35.22578344100808,-80.83553205898978,1,3,7,514550.0,3898550.0,617.3451855811923
1749837,110518605,MAPLE: SUGAR,12.0,1,,35.22578344100808,-80.83553205898978,1,3,7,514550.0,3898550.0,617.3451855811923
1749838,110518606,MAPLE: SUGAR,11.0,1,,35.22589738103433,-80.8356782394104,1,3,7,514550.0,3898550.0,599.046733577503
1749838,110518606,MAPLE: SUGAR,11.0,1,,35.22589738103433,-80.8356782394104,1,3,7,514550.0,3898550.0,599.046733577503
1749839,110518607,MAPLE: SUGAR,7.0,1,,35.22515790088102,-80.83449269910442,1,2,9,515475.0,3898575.0,688.0147680126822
1749840,110518608,MAPLE: SUGAR,7.0,1,,35.224999041428106,-80.83429153931073,1,6,8,515475.0,3897450.0,683.5590014510424
1749841,110518609,MAPLE: SUGAR,9.0,1,,35.22481232092373,-80.83407567874646,1,6,8,515475.0,3897450.0,655.3248688713013
1749842,110518610,MAPLE: SUGAR,9.0,1,,35.22466724083122,-80.83390486907658,1,6,8,515475.0,3897450.0,633.2468292961291
1749843,110518611,MAPLE: SUGAR,10.0,1,,35.224378960724486,-80.83360220891981,1,6,8,515475.0,3897450.0,591.3116237670846
1749844,110518612,MAPLE: SUGAR,8.0,1,,35.224305151089,-80.83354929867525,1,6,8,515475.0,3897450.0,581.834563380901
1749864,110518632,MAPLE: SUGAR,9.0,1,704 E 7TH ST,35.22414123144338,-80.83369608864072,1,6,8,515475.0,3897450.0,574.6928172837336
1749865,110518633,MAPLE: SUGAR,7.0,1,704 E 7TH ST,35.22421135139818,-80.8337470490431,1,6,8,515475.0,3897450.0,583.7061387814466
1749872,110518640,MAPLE: SUGAR,10.0,1,,35.22454220101666,-80.83405684934233,1,6,8,515475.0,3897450.0,629.96645853507
1749876,110518644,MAPLE: SUGAR,6.0,1,704 E 7TH ST,35.224328030804344,-80.83369137873753,1,6,8,515475.0,3897450.0,591.2697366590572
1749877,110518645,MAPLE: SUGAR,6.0,1,704 E 7TH ST,35.22439691140868,-80.83375206840005,1,6,8,515475.0,3897450.0,600.6951525847572
1749878,110518646,MAPLE: SUGAR,8.0,1,,35.22444998137848,-80.83380108928053,1,6,8,515475.0,3897450.0,608.0754709121954
1749879,110518647,MAPLE: SUGAR,6.0,1,,35.22460643080392,-80.8339758384831,1,6,8,515475.0,3897450.0,631.4226628324833
1749880,110518648,MAPLE: SUGAR,6.0,1,,35.2246667807501,-80.83404760879408,1,6,8,515475.0,3897450.0,640.6629547272247
1749881,110518649,MAPLE: SUGAR,5.0,1,,35.22480990109979,-80.83421968872051,1,6,8,515475.0,3897450.0,662.6887570728624
1749889,110518657,MAPLE: SUGAR,14.0,1,,35.22348390045946,-80.8426721018664,1,0,6,514550.0,3897450.0,452.75455242802155
1749889,110518657,MAPLE: SUGAR,14.0,1,,35.22348390045946,-80.8426721018664,1,0,6,514550.0,3897450.0,452.75455242802155
1749889,110518657,MAPLE: SUGAR,14.0,1,,35.22348390045946,-80.8426721018664,1,0,6,514550.0,3897450.0,452.75455242802155
1749890,110518658,MAPLE: SUGAR,13.0,1,,35.233527853206695,-80.83673814039035,1,3,7,514550.0,3898550.0,505.78957095222376
1749891,110518659,MAPLE: SUGAR,9.0,1,,35.23357133280578,-80.83678363049214,1,3,7,514550.0,3898550.0,507.1607156299233
1749892,110518660,MAPLE: SUGAR,9.0,1,,35.23362590304613,-80.83684635086593,1,3,7,514550.0,3898550.0,508.6902976451346
1749903,110518671,MAPLE: SUGAR,12.0,1,,35.23337890324612,-80.83822999076159,1,3,7,514550.0,3898550.0,422.02970792449
1749904,110518672,MAPLE: SUGAR,4.0,1,,35.233279453039295,-80.83818560037734,1,3,7,514550.0,3898550.0,413.6503191334849
1749905,110518673,MAPLE: SUGAR,4.0,1,701 N CHURCH ST #1,35.23294171304024,-80.83782272047486,1,3,7,514550.0,3898550.0,396.25843901140456
1749906,110518674,MAPLE: SUGAR,16.0,1,701 N CHURCH ST #1,35.23307833265652,-80.83775624079522,1,3,7,514550.0,3898550.0,412.3437513073378
1749907,110518675,MAPLE: SUGAR,15.0,1,,35.23313011245561,-80.83783020051969,1,3,7,514550.0,3898550.0,413.86434328086165
1749908,110518676,MAPLE: SUGAR,4.0,1,701 N CHURCH ST #1,35.23285064275579,-80.83770150040672,1,3,7,514550.0,3898550.0,393.7014429831457
1749909,110518677,MAPLE: SUGAR,9.0,1,,35.232792142698166,-80.83778153051459,1,3,7,514550.0,3898550.0,384.2711559888353
1749910,110518678,MAPLE: SUGAR,6.0,1,,35.23330185267806,-80.83836059068588,1,3,7,514550.0,3898550.0,409.48172088126006
1749923,110518691,MAPLE: SUGAR,2.0,1,,35.217181988994405,-80.85796472554506,1,7,2,512750.0,3897450.0,359.0506153188276
1749924,110518692,MAPLE: SUGAR,2.0,1,,35.217034078647906,-80.85807335598518,1,7,2,512750.0,3897450.0,368.86928532857394
1750281,110519049,MAPLE: PAINTED,3.0,1,,35.21901498914297,-80.85756238581048,1,7,2,512750.0,3897450.0,239.3456114380842
1750352,110519120,MAPLE: FREEMAN,3.0,1,S BREVARD ST,35.22248912049307,-80.8431991617738,1,0,6,514550.0,3897450.0,394.9038775280073
1750352,110519120,MAPLE: FREEMAN,3.0,1,S BREVARD ST,35.22248912049307,-80.8431991617738,1,0,6,514550.0,3897450.0,394.9038775280073
1750352,110519120,MAPLE: FREEMAN,3.0,1,S BREVARD ST,35.22248912049307,-80.8431991617738,1,0,6,514550.0,3897450.0,394.9038775280073
1750353,110519121,MAPLE: FREEMAN,3.0,1,,35.222536230424915,-80.84312808214057,1,0,6,514550.0,3897450.0,394.08668057070776
1750353,110519121,MAPLE: FREEMAN,3.0,1,,35.222536230424915,-80.84312808214057,1,0,6,514550.0,3897450.0,394.08668057070776
1750353,110519121,MAPLE: FREEMAN,3.0,1,,35.222536230424915,-80.84312808214057,1,0,6,514550.0,3897450.0,394.08668057070776
1750354,110519122,MAPLE: FREEMAN,3.0,1,,35.22259868022101,-80.8430476113612,1,0,6,514550.0,3897450.0,394.11638836392063
1750354,110519122,MAPLE: FREEMAN,3.0,1,,35.22259868022101,-80.8430476113612,1,0,6,514550.0,3897450.0,394.11638836392063
1750354,110519122,MAPLE: FREEMAN,3.0,1,,35.22259868022101,-80.8430476113612,1,0,6,514550.0,3897450.0,394.11638836392063
1750355,110519123,MAPLE: FREEMAN,3.0,1,,35.22264469066792,-80.84297519147093,1,0,6,514550.0,3897450.0,393.513513772292
1750355,110519123,MAPLE: FREEMAN,3.0,1,,35.22264469066792,-80.84297519147093,1,0,6,514550.0,3897450.0,393.513513772292
1750355,110519123,MAPLE: FREEMAN,3.0,1,,35.22264469066792,-80.84297519147093,1,0,6,514550.0,3897450.0,393.513513772292
1750356,110519124,MAPLE: FREEMAN,3.0,1,,35.2226929003167,-80.84289607166352,1,0,6,514550.0,3897450.0,392.88104891651903
1750356,110519124,MAPLE: FREEMAN,3.0,1,,35.2226929003167,-80.84289607166352,1,0,6,514550.0,3897450.0,392.88104891651903
1750356,110519124,MAPLE: FREEMAN,3.0,1,,35.2226929003167,-80.84289607166352,1,0,6,514550.0,3897450.0,392.88104891651903
1750357,110519125,MAPLE: FREEMAN,3.0,1,,35.22275425059224,-80.84282633130888,1,0,6,514550.0,3897450.0,394.12373426314304
1750357,110519125,MAPLE: FREEMAN,3.0,1,,35.22275425059224,-80.84282633130888,1,0,6,514550.0,3897450.0,394.12373426314304
1750357,110519125,MAPLE: FREEMAN,3.0,1,,35.22275425059224,-80.84282633130888,1,0,6,514550.0,3897450.0,394.12373426314304
1750358,110519126,MAPLE: FREEMAN,3.0,1,,35.222801360223244,-80.84275123200955,1,0,6,514550.0,3897450.0,394.0301337264093
1750358,110519126,MAPLE: FREEMAN,3.0,1,,35.222801360223244,-80.84275123200955,1,0,6,514550.0,3897450.0,394.0301337264093
1750358,110519126,MAPLE: FREEMAN,3.0,1,,35.222801360223244,-80.84275123200955,1,0,6,514550.0,3897450.0,394.0301337264093
1750359,110519127,MAPLE: FREEMAN,3.0,1,,35.222866000619334,-80.84266674157931,1,0,6,514550.0,3897450.0,395.19453888743055
1750359,110519127,MAPLE: FREEMAN,3.0,1,,35.222866000619334,-80.84266674157931,1,0,6,514550.0,3897450.0,395.19453888743055
1750359,110519127,MAPLE: FREEMAN,3.0,1,,35.222866000619334,-80.84266674157931,1,0,6,514550.0,3897450.0,395.19453888743055
1750360,110519128,MAPLE: FREEMAN,3.0,1,,35.22290982023149,-80.8425876110655,1,0,6,514550.0,3897450.0,395.0073983451586
1750360,110519128,MAPLE: FREEMAN,3.0,1,,35.22290982023149,-80.8425876110655,1,0,6,514550.0,3897450.0,395.0073983451586
1750360,110519128,MAPLE: FREEMAN,3.0,1,,35.22290982023149,-80.8425876110655,1,0,6,514550.0,3897450.0,395.0073983451586
1750361,110519129,MAPLE: FREEMAN,3.0,1,,35.222962410092,-80.84250580123681,1,0,6,514550.0,3897450.0,395.6903022481834
1750361,110519129,MAPLE: FREEMAN,3.0,1,,35.222962410092,-80.84250580123681,1,0,6,514550.0,3897450.0,395.6903022481834
1750361,110519129,MAPLE: FREEMAN,3.0,1,,35.222962410092,-80.84250580123681,1,0,6,514550.0,3897450.0,395.6903022481834
1750419,110519187,MAPLE: FREEMAN,3.0,1,,35.217954489034426,-80.84315916140564,1,0,6,514550.0,3897450.0,356.08180193068347
1750420,110519188,MAPLE: FREEMAN,3.0,1,,35.21803205974103,-80.84305593091125,1,0,6,514550.0,3897450.0,343.3665343608095
1750421,110519189,MAPLE: FREEMAN,3.0,1,,35.21809244938063,-80.84295682159244,1,0,6,514550.0,3897450.0,332.14202401559345
1750422,110519190,MAPLE: FREEMAN,3.0,1,,35.21816746931873,-80.84285743115913,1,0,6,514550.0,3897450.0,319.8770907979145
1750423,110519191,MAPLE: FREEMAN,3.0,1,,35.22235437027962,-80.84310930199183,1,0,6,514550.0,3897450.0,378.59944359898793
1750423,110519191,MAPLE: FREEMAN,3.0,1,,35.22235437027962,-80.84310930199183,1,0,6,514550.0,3897450.0,378.59944359898793
1750423,110519191,MAPLE: FREEMAN,3.0,1,,35.22235437027962,-80.84310930199183,1,0,6,514550.0,3897450.0,378.59944359898793
1750424,110519192,MAPLE: FREEMAN,5.0,1,1418 S CHURCH ST,35.218634798938496,-80.85782390538638,1,7,2,512750.0,3897450.0,242.3675459994541
1750425,110519193,MAPLE: FREEMAN,5.0,1,1414 S CHURCH ST,35.21873450895432,-80.85775684530465,1,7,2,512750.0,3897450.0,240.5253801878477
1750426,110519194,MAPLE: FREEMAN,5.0,1,1410 S CHURCH ST,35.21884077920485,-80.85767504623396,1,7,2,512750.0,3897450.0,240.07372615389468
1750527,110519295,SERVICEBERRY: DOWNY,2.0,1,,35.229294002296925,-80.83169820821996,1,2,9,515475.0,3898575.0,184.01516155741632
1750528,110519296,SERVICEBERRY: DOWNY,2.0,1,,35.229349181974555,-80.83177455887504,1,2,9,515475.0,3898575.0,187.2659748373366
1750529,110519297,SERVICEBERRY: DOWNY,2.0,1,,35.229416282541635,-80.83184669891261,1,2,9,515475.0,3898575.0,190.02305101111727
1750530,110519298,SERVICEBERRY: DOWNY,2.0,1,,35.22948735263115,-80.83192367862097,1,2,9,515475.0,3898575.0,193.5047388990977
1750531,110519299,SERVICEBERRY: DOWNY,2.0,1,,35.22955636183236,-80.83200605903794,1,2,9,515475.0,3898575.0,198.02672744139016
1750532,110519300,SERVICEBERRY: DOWNY,2.0,1,,35.229611671939,-80.83208479866074,1,2,9,515475.0,3898575.0,203.10152959213863
1750533,110519301,SERVICEBERRY: DOWNY,2.0,1,,35.229687312591984,-80.83216466823755,1,2,9,515475.0,3898575.0,208.06142171274772
1750534,110519302,SERVICEBERRY: DOWNY,2.0,1,,35.22975371262765,-80.83223589868662,1,2,9,515475.0,3898575.0,212.89756823967735
1750535,110519303,SERVICEBERRY: DOWNY,2.0,1,,35.22980676229987,-80.83230528832523,1,2,9,515475.0,3898575.0,218.12488318728433
1750547,110519315,SERVICEBERRY SPP,7.0,1,,35.22387939075338,-80.8372164901244,1,0,6,514550.0,3897450.0,507.00701806201965
1750547,110519315,SERVICEBERRY SPP,7.0,1,,35.22387939075338,-80.8372164901244,1,0,6,514550.0,3897450.0,507.00701806201965
1750562,110519330,SERVICEBERRY SPP,7.0,1,,35.22397566086314,-80.83733261973606,1,0,6,514550.0,3897450.0,510.81354230295744
1750562,110519330,SERVICEBERRY SPP,7.0,1,,35.22397566086314,-80.83733261973606,1,0,6,514550.0,3897450.0,510.81354230295744
1750563,110519331,SERVICEBERRY SPP,5.0,1,,35.22382825092897,-80.83715011969512,1,0,6,514550.0,3897450.0,505.382837954994
1750563,110519331,SERVICEBERRY SPP,5.0,1,,35.22382825092897,-80.83715011969512,1,0,6,514550.0,3897450.0,505.382837954994
1750564,110519332,SERVICEBERRY SPP,7.0,1,,35.22377751077905,-80.83709310990436,1,0,6,514550.0,3897450.0,503.45985798129334
1750564,110519332,SERVICEBERRY SPP,7.0,1,,35.22377751077905,-80.83709310990436,1,0,6,514550.0,3897450.0,503.45985798129334
1750567,110519335,SERVICEBERRY SPP,7.0,1,,35.22343453049829,-80.83744771035515,1,0,6,514550.0,3897450.0,454.00503161929544
1750567,110519335,SERVICEBERRY SPP,7.0,1,,35.22343453049829,-80.83744771035515,1,0,6,514550.0,3897450.0,454.00503161929544
1750568,110519336,SERVICEBERRY SPP,7.0,1,,35.22347486102499,-80.83738216966219,1,0,6,514550.0,3897450.0,460.9855491023142
1750568,110519336,SERVICEBERRY SPP,7.0,1,,35.22347486102499,-80.83738216966219,1,0,6,514550.0,3897450.0,460.9855491023142
1750569,110519337,SERVICEBERRY SPP,6.0,1,,35.22351773069047,-80.83732908014709,1,0,6,514550.0,3897450.0,467.59987775642537
1750569,110519337,SERVICEBERRY SPP,6.0,1,,35.22351773069047,-80.83732908014709,1,0,6,514550.0,3897450.0,467.59987775642537
1750570,110519338,SERVICEBERRY SPP,7.0,1,,35.22356805043664,-80.83726013985894,1,0,6,514550.0,3897450.0,475.69935237557576
1750570,110519338,SERVICEBERRY SPP,7.0,1,,35.22356805043664,-80.83726013985894,1,0,6,514550.0,3897450.0,475.69935237557576
1750571,110519339,SERVICEBERRY SPP,7.0,1,,35.22360955097741,-80.83719657015887,1,0,6,514550.0,3897450.0,482.7235288450236
1750571,110519339,SERVICEBERRY SPP,7.0,1,,35.22360955097741,-80.83719657015887,1,0,6,514550.0,3897450.0,482.7235288450236
1750572,110519340,SERVICEBERRY SPP,5.0,1,,35.22365432092493,-80.83712729027762,1,0,6,514550.0,3897450.0,490.3487231869873
1750572,110519340,SERVICEBERRY SPP,5.0,1,,35.22365432092493,-80.83712729027762,1,0,6,514550.0,3897450.0,490.3487231869873
1750573,110519341,SERVICEBERRY SPP,5.0,1,,35.223688520455624,-80.83708209951226,1,0,6,514550.0,3897450.0,495.7891207847638
1750573,110519341,SERVICEBERRY SPP,5.0,1,,35.223688520455624,-80.83708209951226,1,0,6,514550.0,3897450.0,495.7891207847638
1750622,110519390,BIRCH: RIVER,9.0,1,,35.21989845031313,-80.83877981980817,1,0,6,514550.0,3897450.0,122.45718169519141
1751949,110519517,HORNBEAM: EUROPEAN,2.0,1,,35.218119858992736,-80.85961427605275,1,7,2,512750.0,3897450.0,210.4656007412379
1751950,110519518,HORNBEAM: EUROPEAN,2.0,1,,35.218206408527315,-80.85955258625656,1,7,2,512750.0,3897450.0,201.7492455339602
1751951,110519519,HORNBEAM: EUROPEAN,2.0,1,,35.218263388584994,-80.85951369590482,1,7,2,512750.0,3897450.0,196.11532778232578
1751952,110519520,HORNBEAM: EUROPEAN,2.0,1,,35.21833131856622,-80.85947212635786,1,7,2,512750.0,3897450.0,189.45133477593274
1751953,110519521,HORNBEAM: EUROPEAN,2.0,1,,35.21837732907767,-80.8594385964957,1,7,2,512750.0,3897450.0,185.12996562673902
1752008,110519576,HORNBEAM: AMERICAN,4.0,1,213 S POPLAR ST,35.22765787153027,-80.84690597285474,1,5,5,513650.0,3898550.0,375.88343591314396
1752009,110519577,HORNBEAM: AMERICAN,4.0,1,,35.22750888140921,-80.84712859345541,1,5,5,513650.0,3898550.0,372.6183852592439
1752010,110519578,HORNBEAM: AMERICAN,4.0,1,,35.227457401199175,-80.8471969927438,1,5,5,513650.0,3898550.0,372.44026563950075
1752024,110519592,HORNBEAM: AMERICAN,4.0,1,,35.228918792038016,-80.84536236221442,1,5,5,513650.0,3898550.0,435.4684480113873
1752140,110519708,Pecan,18.0,1,401 W WORTHINGTON AV,35.21378685748117,-80.8644392371294,1,4,1,512750.0,3896350.0,581.3576576963758
1752473,110520041,REDBUD: EASTERN,2.0,1,130 W BLAND ST,35.218586598753966,-80.85573848492372,1,7,2,512750.0,3897450.0,410.0600751992227
1752574,110520142,REDBUD: EASTERN,3.0,1,601 N POPLAR ST,35.23296238301101,-80.83983117122301,1,3,7,514550.0,3898550.0,340.811772971302
1752575,110520143,REDBUD: EASTERN,2.0,1,601 N POPLAR ST,35.23291253262425,-80.83976168133667,1,3,7,514550.0,3898550.0,335.82272028841106
1752576,110520144,REDBUD: EASTERN,2.0,1,601 N POPLAR ST,35.23287662238014,-80.83979812113351,1,3,7,514550.0,3898550.0,331.5641198348688
1752618,110520186,REDBUD: EASTERN,2.0,1,PENN ST,35.21871368943444,-80.85561644558588,1,7,2,512750.0,3897450.0,415.2792043306828
1752619,110520187,REDBUD: EASTERN,2.0,1,PENN ST,35.218650138977935,-80.8556794746966,1,7,2,512750.0,3897450.0,412.4102053675225
1752620,110520188,REDBUD: EASTERN,2.0,1,,35.2192976491127,-80.85745376581363,1,7,2,512750.0,3897450.0,236.01615975181522
1752621,110520189,REDBUD: EASTERN,2.0,1,,35.21934476905905,-80.85753154521946,1,7,2,512750.0,3897450.0,227.62034430291658
1752622,110520190,REDBUD: EASTERN,2.0,1,,35.219421459303604,-80.85763346631994,1,7,2,512750.0,3897450.0,216.16664124676427
1752623,110520191,REDBUD: EASTERN,2.0,1,,35.21945760880765,-80.85768308534034,1,7,2,512750.0,3897450.0,210.67500184422954
1752624,110520192,REDBUD: EASTERN,2.0,1,,35.219499249309976,-80.85773539621621,1,7,2,512750.0,3897450.0,204.81162440116663
1752625,110520193,REDBUD: EASTERN,1.0,1,,35.2195397893888,-80.85779037607567,1,7,2,512750.0,3897450.0,198.79336473116402
1752627,110520195,REDBUD: EASTERN,2.0,1,,35.218471558619385,-80.85944798573732,1,7,2,512750.0,3897450.0,174.76562329400278
1752933,110520501,DOGWOOD: FLOWERING,9.0,1,,35.21781745865,-80.85967597630386,1,7,2,512750.0,3897450.0,243.24335546755174
1753047,110520615,DOGWOOD: FLOWERING,2.0,1,525 N POPLAR ST,35.2326072124897,-80.84003951131622,1,3,7,514550.0,3898550.0,300.58278232821124
1753572,110521140,GINKGO 'LAKEVIEW',6.0,1,,35.220267269636054,-80.84224527129153,1,0,6,514550.0,3897450.0,195.8802261972491
1753572,110521140,GINKGO 'LAKEVIEW',6.0,1,,35.220267269636054,-80.84224527129153,1,0,6,514550.0,3897450.0,195.8802261972491
1753586,110521154,GINKGO 'LAKEVIEW',11.0,1,,35.2198382999087,-80.84180930054842,1,0,6,514550.0,3897450.0,154.3552188759161
1753586,110521154,GINKGO 'LAKEVIEW',11.0,1,,35.2198382999087,-80.84180930054842,1,0,6,514550.0,3897450.0,154.3552188759161
1753587,110521155,GINKGO 'LAKEVIEW',12.0,1,,35.21995069028457,-80.84193046067139,1,0,6,514550.0,3897450.0,164.62489591945797
1753587,110521155,GINKGO 'LAKEVIEW',12.0,1,,35.21995069028457,-80.84193046067139,1,0,6,514550.0,3897450.0,164.62489591945797
1753588,110521156,GINKGO 'LAKEVIEW',3.0,1,,35.21908729872865,-80.8575060652101,1,7,2,512750.0,3897450.0,240.4179183814043
1753589,110521157,GINKGO 'LAKEVIEW',3.0,1,,35.21916398893604,-80.8574457154853,1,7,2,512750.0,3897450.0,242.0112292960968
1753600,110521168,GINKGO 'LAKEVIEW',19.0,1,,35.21994475967521,-80.84166091115202,1,0,6,514550.0,3897450.0,140.11512634262093
1753600,110521168,GINKGO 'LAKEVIEW',19.0,1,,35.21994475967521,-80.84166091115202,1,0,6,514550.0,3897450.0,140.11512634262093
1753601,110521169,GINKGO 'LAKEVIEW',17.0,1,,35.220029329583916,-80.84174697124783,1,0,6,514550.0,3897450.0,148.00419042187596
1753601,110521169,GINKGO 'LAKEVIEW',17.0,1,,35.220029329583916,-80.84174697124783,1,0,6,514550.0,3897450.0,148.00419042187596
1753602,110521170,GINKGO 'LAKEVIEW',15.0,1,,35.220233509904276,-80.84220267096684,1,0,6,514550.0,3897450.0,191.4679388430237
1753602,110521170,GINKGO 'LAKEVIEW',15.0,1,,35.220233509904276,-80.84220267096684,1,0,6,514550.0,3897450.0,191.4679388430237
1753603,110521171,GINKGO 'LAKEVIEW',11.0,1,,35.22031413025629,-80.84229134104933,1,0,6,514550.0,3897450.0,200.91504066340596
1753603,110521171,GINKGO 'LAKEVIEW',11.0,1,,35.22031413025629,-80.84229134104933,1,0,6,514550.0,3897450.0,200.91504066340596
1753604,110521172,GINKGO 'LAKEVIEW',12.0,1,520 E MARTIN LUTHER KING JR BV #702,35.22046106961059,-80.8424120710488,1,0,6,514550.0,3897450.0,215.1849732043891
1753604,110521172,GINKGO 'LAKEVIEW',12.0,1,520 E MARTIN LUTHER KING JR BV #702,35.22046106961059,-80.8424120710488,1,0,6,514550.0,3897450.0,215.1849732043891
1753605,110521173,GINKGO 'LAKEVIEW',12.0,1,520 E MARTIN LUTHER KING JR BV #702,35.22055001966703,-80.84247915124683,1,0,6,514550.0,3897450.0,223.69536193060088
1753605,110521173,GINKGO 'LAKEVIEW',12.0,1,520 E MARTIN LUTHER KING JR BV #702,35.22055001966703,-80.84247915124683,1,0,6,514550.0,3897450.0,223.69536193060088
1753606,110521174,GINKGO 'LAKEVIEW',9.0,1,520 E MARTIN LUTHER KING JR BV #702,35.2206504396341,-80.84254123148955,1,0,6,514550.0,3897450.0,232.44604648479446
1753606,110521174,GINKGO 'LAKEVIEW',9.0,1,520 E MARTIN LUTHER KING JR BV #702,35.2206504396341,-80.84254123148955,1,0,6,514550.0,3897450.0,232.44604648479446
1753607,110521175,GINKGO 'LAKEVIEW',6.0,1,,35.220844460007584,-80.84263885128163,1,0,6,514550.0,3897450.0,248.37814901470026
1753607,110521175,GINKGO 'LAKEVIEW',6.0,1,,35.220844460007584,-80.84263885128163,1,0,6,514550.0,3897450.0,248.37814901470026
1753608,110521176,GINKGO 'LAKEVIEW',10.0,1,,35.22090331002783,-80.84268008157662,1,0,6,514550.0,3897450.0,254.4028566976575
1753608,110521176,GINKGO 'LAKEVIEW',10.0,1,,35.22090331002783,-80.84268008157662,1,0,6,514550.0,3897450.0,254.4028566976575
1753609,110521177,GINKGO 'LAKEVIEW',11.0,1,,35.220943279597435,-80.84248945106368,1,0,6,514550.0,3897450.0,240.56716799326028
1753609,110521177,GINKGO 'LAKEVIEW',11.0,1,,35.220943279597435,-80.84248945106368,1,0,6,514550.0,3897450.0,240.56716799326028
1753610,110521178,GINKGO 'LAKEVIEW',10.0,1,,35.22080503011956,-80.8424231210267,1,0,6,514550.0,3897450.0,228.60911493956877
1753610,110521178,GINKGO 'LAKEVIEW',10.0,1,,35.22080503011956,-80.8424231210267,1,0,6,514550.0,3897450.0,228.60911493956877
1753611,110521179,GINKGO 'LAKEVIEW',14.0,1,,35.22067485961206,-80.84235368109245,1,0,6,514550.0,3897450.0,217.2952299671265
1753611,110521179,GINKGO 'LAKEVIEW',14.0,1,,35.22067485961206,-80.84235368109245,1,0,6,514550.0,3897450.0,217.2952299671265
1753612,110521180,GINKGO 'LAKEVIEW',15.0,1,,35.220539559572906,-80.84225779132255,1,0,6,514550.0,3897450.0,204.09863575372256
1753612,110521180,GINKGO 'LAKEVIEW',15.0,1,,35.220539559572906,-80.84225779132255,1,0,6,514550.0,3897450.0,204.09863575372256
1753613,110521181,GINKGO 'LAKEVIEW',16.0,1,,35.22044507017125,-80.84217873095812,1,0,6,514550.0,3897450.0,194.20799290215572
1753613,110521181,GINKGO 'LAKEVIEW',16.0,1,,35.22044507017125,-80.84217873095812,1,0,6,514550.0,3897450.0,194.20799290215572
1753614,110521182,GINKGO 'LAKEVIEW',17.0,1,,35.220346539479465,-80.8420744616825,1,0,6,514550.0,3897450.0,182.32658531668335
1753614,110521182,GINKGO 'LAKEVIEW',17.0,1,,35.220346539479465,-80.8420744616825,1,0,6,514550.0,3897450.0,182.32658531668335
1753616,110521184,GINKGO 'LAKEVIEW',9.0,1,,35.220924910466096,-80.83994579060645,1,0,6,514550.0,3897450.0,106.1681145323085
1753620,110521188,GINKGO 'LAKEVIEW',3.0,1,,35.221392869946854,-80.84281989151891,1,0,6,514550.0,3897450.0,291.3599326236254
1753620,110521188,GINKGO 'LAKEVIEW',3.0,1,,35.221392869946854,-80.84281989151891,1,0,6,514550.0,3897450.0,291.3599326236254
1753621,110521189,GINKGO 'LAKEVIEW',3.0,1,,35.221484490445214,-80.8428585619778,1,0,6,514550.0,3897450.0,299.8696375023737
1753621,110521189,GINKGO 'LAKEVIEW',3.0,1,,35.221484490445214,-80.8428585619778,1,0,6,514550.0,3897450.0,299.8696375023737
1753622,110521190,GINKGO 'LAKEVIEW',2.0,1,,35.221586110031105,-80.84290462138577,1,0,6,514550.0,3897450.0,309.7071619927529
1753622,110521190,GINKGO 'LAKEVIEW',2.0,1,,35.221586110031105,-80.84290462138577,1,0,6,514550.0,3897450.0,309.7071619927529
1753622,110521190,GINKGO 'LAKEVIEW',2.0,1,,35.221586110031105,-80.84290462138577,1,0,6,514550.0,3897450.0,309.7071619927529
1753623,110521191,GINKGO 'LAKEVIEW',3.0,1,,35.22168107007991,-80.8429477317578,1,0,6,514550.0,3897450.0,319.0405248509828
1753623,110521191,GINKGO 'LAKEVIEW',3.0,1,,35.22168107007991,-80.8429477317578,1,0,6,514550.0,3897450.0,319.0405248509828
1753623,110521191,GINKGO 'LAKEVIEW',3.0,1,,35.22168107007991,-80.8429477317578,1,0,6,514550.0,3897450.0,319.0405248509828
1753624,110521192,GINKGO 'LAKEVIEW',2.0,1,,35.222213280537815,-80.84314182168555,1,0,6,514550.0,3897450.0,370.07453796343685
1753624,110521192,GINKGO 'LAKEVIEW',2.0,1,,35.222213280537815,-80.84314182168555,1,0,6,514550.0,3897450.0,370.07453796343685
1753624,110521192,GINKGO 'LAKEVIEW',2.0,1,,35.222213280537815,-80.84314182168555,1,0,6,514550.0,3897450.0,370.07453796343685
1753625,110521193,GINKGO 'LAKEVIEW',2.0,1,,35.22212495009409,-80.84305049106987,1,0,6,514550.0,3897450.0,357.3459906599292
1753625,110521193,GINKGO 'LAKEVIEW',2.0,1,,35.22212495009409,-80.84305049106987,1,0,6,514550.0,3897450.0,357.3459906599292
1753625,110521193,GINKGO 'LAKEVIEW',2.0,1,,35.22212495009409,-80.84305049106987,1,0,6,514550.0,3897450.0,357.3459906599292
1753626,110521194,GINKGO 'LAKEVIEW',2.0,1,,35.222017920186524,-80.84295370204062,1,0,6,514550.0,3897450.0,342.8827964538193
1753626,110521194,GINKGO 'LAKEVIEW',2.0,1,,35.222017920186524,-80.84295370204062,1,0,6,514550.0,3897450.0,342.8827964538193
1753626,110521194,GINKGO 'LAKEVIEW',2.0,1,,35.222017920186524,-80.84295370204062,1,0,6,514550.0,3897450.0,342.8827964538193
1753627,110521195,GINKGO 'LAKEVIEW',2.0,1,401 E MARTIN LUTHER KING JR BV,35.22189405031235,-80.84285853195776,1,0,6,514550.0,3897450.0,327.34453853431745
1753627,110521195,GINKGO 'LAKEVIEW',2.0,1,401 E MARTIN LUTHER KING JR BV,35.22189405031235,-80.84285853195776,1,0,6,514550.0,3897450.0,327.34453853431745
1753627,110521195,GINKGO 'LAKEVIEW',2.0,1,401 E MARTIN LUTHER KING JR BV,35.22189405031235,-80.84285853195776,1,0,6,514550.0,3897450.0,327.34453853431745
1753628,110521196,GINKGO 'LAKEVIEW',2.0,1,401 E MARTIN LUTHER KING JR BV,35.221780190277876,-80.84278744103325,1,0,6,514550.0,3897450.0,314.27448653698275
1753628,110521196,GINKGO 'LAKEVIEW',2.0,1,401 E MARTIN LUTHER KING JR BV,35.221780190277876,-80.84278744103325,1,0,6,514550.0,3897450.0,314.27448653698275
1753628,110521196,GINKGO 'LAKEVIEW',2.0,1,401 E MARTIN LUTHER KING JR BV,35.221780190277876,-80.84278744103325,1,0,6,514550.0,3897450.0,314.27448653698275
1753629,110521197,GINKGO 'LAKEVIEW',2.0,1,,35.2217004201718,-80.84274022128808,1,0,6,514550.0,3897450.0,305.3607631666351
1753629,110521197,GINKGO 'LAKEVIEW',2.0,1,,35.2217004201718,-80.84274022128808,1,0,6,514550.0,3897450.0,305.3607631666351
1753629,110521197,GINKGO 'LAKEVIEW',2.0,1,,35.2217004201718,-80.84274022128808,1,0,6,514550.0,3897450.0,305.3607631666351
1753630,110521198,GINKGO 'LAKEVIEW',2.0,1,,35.22164298033224,-80.84271260167202,1,0,6,514550.0,3897450.0,299.435149527501
1753630,110521198,GINKGO 'LAKEVIEW',2.0,1,,35.22164298033224,-80.84271260167202,1,0,6,514550.0,3897450.0,299.435149527501
1753630,110521198,GINKGO 'LAKEVIEW',2.0,1,,35.22164298033224,-80.84271260167202,1,0,6,514550.0,3897450.0,299.435149527501
1753722,110521290,HOLLY: CHINESE,6.0,1,601 N POPLAR ST,35.23284059297255,-80.83975815074028,1,3,7,514550.0,3898550.0,327.90999260069793
1753904,110521472,HOLLY FOSTER'S,2.0,1,,35.22337172061535,-80.84830066272701,1,1,4,513650.0,3897450.0,405.93467402288354
1753919,110521487,HOLLY FOSTER'S,7.0,1,,35.22100084971105,-80.84002970033401,1,0,6,514550.0,3897450.0,113.68352922017645
1753920,110521488,HOLLY FOSTER'S,4.0,1,,35.223322350296094,-80.84824869309358,1,1,4,513650.0,3897450.0,402.7436680950986
1753921,110521489,HOLLY FOSTER'S,4.0,1,525 S TRYON ST,35.223269010176296,-80.84818816314467,1,1,4,513650.0,3897450.0,399.5801259495424
1753922,110521490,HOLLY FOSTER'S,4.0,1,525 S TRYON ST,35.223226490446315,-80.84814232301446,1,1,4,513650.0,3897450.0,397.0641015437008
1753923,110521491,HOLLY FOSTER'S,4.0,1,525 S TRYON ST,35.223174460438365,-80.84808916260613,1,1,4,513650.0,3897450.0,393.9817686744888
1753924,110521492,HOLLY FOSTER'S,4.0,1,5301 N TRYON ST,35.22312654033101,-80.84803521321791,1,1,4,513650.0,3897450.0,391.4579718259016
1753924,110521492,HOLLY FOSTER'S,4.0,1,5301 N TRYON ST,35.22312654033101,-80.84803521321791,1,1,4,513650.0,3897450.0,391.4579718259016
1753925,110521493,HOLLY FOSTER'S,4.0,1,5301 N TRYON ST,35.22308258073105,-80.84797709279091,1,1,4,513650.0,3897450.0,389.6191817814175
1753925,110521493,HOLLY FOSTER'S,4.0,1,5301 N TRYON ST,35.22308258073105,-80.84797709279091,1,1,4,513650.0,3897450.0,389.6191817814175
1753926,110521494,HOLLY FOSTER'S,4.0,1,5301 N TRYON ST,35.22288556999995,-80.84775188308888,1,1,4,513650.0,3897450.0,381.19233855119785
1753926,110521494,HOLLY FOSTER'S,4.0,1,5301 N TRYON ST,35.22288556999995,-80.84775188308888,1,1,4,513650.0,3897450.0,381.19233855119785
1753927,110521495,HOLLY FOSTER'S,5.0,1,522 S COLLEGE ST,35.22283737029456,-80.84769716302213,1,1,4,513650.0,3897450.0,379.44328149919903
1753927,110521495,HOLLY FOSTER'S,5.0,1,522 S COLLEGE ST,35.22283737029456,-80.84769716302213,1,1,4,513650.0,3897450.0,379.44328149919903
1753928,110521496,HOLLY FOSTER'S,5.0,1,522 S COLLEGE ST,35.22278977034541,-80.84764402344042,1,1,4,513650.0,3897450.0,377.80000683056727
1753928,110521496,HOLLY FOSTER'S,5.0,1,522 S COLLEGE ST,35.22278977034541,-80.84764402344042,1,1,4,513650.0,3897450.0,377.80000683056727
1753929,110521497,HOLLY FOSTER'S,5.0,1,,35.222731549922955,-80.84757921274337,1,1,4,513650.0,3897450.0,375.95577749534095
1753929,110521497,HOLLY FOSTER'S,5.0,1,,35.222731549922955,-80.84757921274337,1,1,4,513650.0,3897450.0,375.95577749534095
1753938,110521506,HOLLY FOSTER'S,5.0,1,,35.23324830262317,-80.838109910317,1,3,7,514550.0,3898550.0,413.49365557714265
1753939,110521507,HOLLY FOSTER'S,4.0,1,,35.233259802870485,-80.83808047025018,1,3,7,514550.0,3898550.0,415.8186110990081
1753940,110521508,HOLLY FOSTER'S,6.0,1,,35.233237053191104,-80.8380771502389,1,3,7,514550.0,3898550.0,413.69205930314354
1753941,110521509,HOLLY FOSTER'S,6.0,1,,35.233082402731064,-80.83790567109732,1,3,7,514550.0,3898550.0,405.8635828607336
1753942,110521510,HOLLY FOSTER'S,7.0,1,,35.23306544263452,-80.83788245022961,1,3,7,514550.0,3898550.0,405.27671384730525
1753943,110521511,HOLLY FOSTER'S,8.0,1,,35.233052942856546,-80.83790635019689,1,3,7,514550.0,3898550.0,402.9927575484854
1754121,110521689,WALNUT: BLACK,15.0,1,401 W WORTHINGTON AV,35.21372905806751,-80.86432364798239,1,4,1,512750.0,3896350.0,569.3902350209171
1754237,110521805,REDCEDAR: EASTERN,12.0,1,,35.23258841291329,-80.83571687974917,0,3,7,514550.0,3898550.0,498.31274253340337
1754805,110522373,CRAPEMYRTLE: SPP,4.0,1,501 N CHURCH ST,35.231218372762605,-80.83988720120522,1,3,7,514550.0,3898550.0,147.80782104385008
1754853,110522421,CRAPEMYRTLE: SPP,15.0,1,,35.21912599890931,-80.85518961488953,1,7,2,512750.0,3897450.0,439.6237871679179
1754854,110522422,CRAPEMYRTLE: SPP,6.0,1,,35.219167509390374,-80.85511056502249,1,7,2,512750.0,3897450.0,445.6624881650153
1754855,110522423,CRAPEMYRTLE: SPP,6.0,1,,35.21921813883442,-80.85500917520018,1,7,2,512750.0,3897450.0,453.58103131960456
1754856,110522424,CRAPEMYRTLE: SPP,15.0,1,,35.21928188926041,-80.85493978490683,1,1,4,513650.0,3897450.0,455.38377775762496
1754857,110522425,CRAPEMYRTLE: SPP,8.0,1,,35.21934758941681,-80.85487665536738,1,1,4,513650.0,3897450.0,448.5087329792668
1754858,110522426,CRAPEMYRTLE: SPP,15.0,1,,35.21940681891905,-80.85481297515723,1,1,4,513650.0,3897450.0,441.776746091983
1754859,110522427,CRAPEMYRTLE: SPP,5.0,1,,35.21947054967916,-80.85474897544867,1,1,4,513650.0,3897450.0,435.02160126116524
1754860,110522428,CRAPEMYRTLE: SPP,8.0,1,,35.21953844914552,-80.85466953486313,1,1,4,513650.0,3897450.0,426.90579502980506
1754861,110522429,CRAPEMYRTLE: SPP,8.0,1,,35.21960004967617,-80.85461462437978,1,1,4,513650.0,3897450.0,421.18516095604855
1754862,110522430,CRAPEMYRTLE: SPP,10.0,1,,35.21966973891044,-80.85455040514769,1,1,4,513650.0,3897450.0,414.6362093588322
1754873,110522441,CRAPEMYRTLE: SPP,2.0,1,,35.219533288879475,-80.85449255433383,1,1,4,513650.0,3897450.0,410.98578349975105
1754874,110522442,CRAPEMYRTLE: SPP,2.0,1,,35.21942280915019,-80.85459912493407,1,1,4,513650.0,3897450.0,422.26662536712087
1754875,110522443,CRAPEMYRTLE: SPP,5.0,1,S CHURCH ST,35.219873949212214,-80.85681941548985,1,7,2,512750.0,3897450.0,280.76895526101816
1754876,110522444,CRAPEMYRTLE: SPP,5.0,1,S CHURCH ST,35.219910099524526,-80.85678454574726,1,7,2,512750.0,3897450.0,283.76429219920396
1754877,110522445,CRAPEMYRTLE: SPP,5.0,1,S CHURCH ST,35.21993420916934,-80.8567550455847,1,7,2,512750.0,3897450.0,286.3634594829593
1754886,110522454,CRAPEMYRTLE: SPP,6.0,1,336 WEST BV,35.21473742789697,-80.863222657603,1,4,1,512750.0,3896350.0,597.3146291375215
1754887,110522455,CRAPEMYRTLE: SPP,1.0,1,,35.21689054905132,-80.85817125527112,1,7,2,512750.0,3897450.0,379.3628559174174
1754890,110522458,CRAPEMYRTLE: SPP,7.0,1,,35.216750308674555,-80.8611833765618,1,7,2,512750.0,3897450.0,379.1530946231586
1754891,110522459,CRAPEMYRTLE: SPP,5.0,1,,35.21670428879932,-80.86108681668841,1,7,2,512750.0,3897450.0,381.43213318171547
1754892,110522460,CRAPEMYRTLE: SPP,5.0,1,,35.216659368287715,-80.86099427679974,1,7,2,512750.0,3897450.0,383.9435939376432
1754894,110522462,CRAPEMYRTLE: SPP,3.0,1,,35.21750520833371,-80.86029153608389,1,7,2,512750.0,3897450.0,279.28814995452666
1754909,110522477,CRAPEMYRTLE: SPP,6.0,1,,35.218027829088825,-80.85954051650319,1,7,2,512750.0,3897450.0,221.4899666054255
1754910,110522478,CRAPEMYRTLE: SPP,4.0,1,,35.21790510847894,-80.85961696634313,1,7,2,512750.0,3897450.0,234.08980801285307
1754911,110522479,CRAPEMYRTLE: SPP,6.0,1,,35.217783498519395,-80.85970145620364,1,7,2,512750.0,3897450.0,246.81538547941304
1754912,110522480,CRAPEMYRTLE: SPP,3.0,1,300 WESTWOOD AV,35.21768488852475,-80.85976984679259,1,7,2,512750.0,3897450.0,257.36036608886593
1754913,110522481,CRAPEMYRTLE: SPP,3.0,1,300 WESTWOOD AV,35.21762681828885,-80.85979935653161,1,7,2,512750.0,3897450.0,263.6862254676316
1754914,110522482,CRAPEMYRTLE: SPP,3.0,1,301 WESTWOOD AV,35.21726635848388,-80.86005818613658,1,7,2,512750.0,3897450.0,303.8394632407719
1754915,110522483,CRAPEMYRTLE: SPP,3.0,1,301 WESTWOOD AV,35.21716664854596,-80.8601198762967,1,7,2,512750.0,3897450.0,315.19114633608785
1754916,110522484,CRAPEMYRTLE: SPP,7.0,1,,35.216942048892264,-80.86028751682623,1,7,2,512750.0,3897450.0,341.2886004278949
1754917,110522485,CRAPEMYRTLE: SPP,5.0,1,258 W PARK AV,35.21675577866759,-80.86040821668674,1,7,2,512750.0,3897450.0,363.0758332446644
1754918,110522486,CRAPEMYRTLE: SPP,6.0,1,258 W PARK AV,35.21656294803574,-80.86053964625079,1,7,2,512750.0,3897450.0,385.91741743784064
1754919,110522487,CRAPEMYRTLE: SPP,4.0,1,,35.216421608565284,-80.86047258661847,1,7,2,512750.0,3897450.0,400.58113221185886
1754920,110522488,CRAPEMYRTLE: SPP,4.0,1,,35.21637668858912,-80.86038273694255,1,7,2,512750.0,3897450.0,404.55253424399905
1754921,110522489,CRAPEMYRTLE: SPP,4.0,1,,35.21632190836421,-80.86026873658776,1,7,2,512750.0,3897450.0,409.6133823698299
1754922,110522490,CRAPEMYRTLE: SPP,4.0,1,,35.2162846481876,-80.8601762066343,1,7,2,512750.0,3897450.0,413.13506141146325
1754923,110522491,CRAPEMYRTLE: SPP,4.0,1,,35.21624520823423,-80.86007696580167,1,7,2,512750.0,3897450.0,417.055697784602
1754925,110522493,CRAPEMYRTLE: SPP,4.0,1,,35.21620795821886,-80.86000856616876,1,7,2,512750.0,3897450.0,420.9923528591237
1754926,110522494,CRAPEMYRTLE: SPP,4.0,1,,35.21618384829506,-80.85996028648543,1,7,2,512750.0,3897450.0,423.5862409500803
1754928,110522496,CRAPEMYRTLE: SPP,4.0,1,,35.216120307993656,-80.85984226663895,1,7,2,512750.0,3897450.0,430.63063628079396
1754930,110522498,CRAPEMYRTLE: SPP,4.0,1,,35.216076478116904,-80.859737666663,1,7,2,512750.0,3897450.0,435.7109363727542
1754931,110522499,CRAPEMYRTLE: SPP,4.0,1,,35.21604579844724,-80.85966255620299,1,7,2,512750.0,3897450.0,439.39523311632104
1754932,110522500,CRAPEMYRTLE: SPP,4.0,1,,35.21600854815834,-80.85958477657488,1,7,2,512750.0,3897450.0,443.92330809873073
1754933,110522501,CRAPEMYRTLE: SPP,4.0,1,,35.215959238021455,-80.85947882568186,1,7,2,512750.0,3897450.0,450.09998880703023
1754935,110522503,CRAPEMYRTLE: SPP,4.0,1,,35.21591760801306,-80.85939702623772,1,7,2,512750.0,3897450.0,455.38891436844426
1754936,110522504,CRAPEMYRTLE: SPP,4.0,1,,35.2158803583032,-80.85933667596996,1,7,2,512750.0,3897450.0,460.0793423052714
1754937,110522505,CRAPEMYRTLE: SPP,4.0,1,,35.21583433825519,-80.85921463595815,1,7,2,512750.0,3897450.0,466.50743849685796
1754938,110522506,CRAPEMYRTLE: SPP,4.0,1,,35.215788318369476,-80.85911404625078,1,7,2,512750.0,3897450.0,472.86457043355756
1754938,110522506,CRAPEMYRTLE: SPP,4.0,1,,35.215788318369476,-80.85911404625078,1,7,2,512750.0,3897450.0,472.86457043355756
1754939,110522507,CRAPEMYRTLE: SPP,4.0,1,,35.21574887812952,-80.85904028546922,1,7,2,512750.0,3897450.0,478.24155879548414
1754939,110522507,CRAPEMYRTLE: SPP,4.0,1,,35.21574887812952,-80.85904028546922,1,7,2,512750.0,3897450.0,478.24155879548414
1754940,110522508,CRAPEMYRTLE: SPP,4.0,1,,35.215700668382325,-80.85893433619592,1,7,2,512750.0,3897450.0,485.17131143130126
1754940,110522508,CRAPEMYRTLE: SPP,4.0,1,,35.215700668382325,-80.85893433619592,1,7,2,512750.0,3897450.0,485.17131143130126
1754941,110522509,CRAPEMYRTLE: SPP,4.0,1,,35.21567107864065,-80.85887533556856,1,7,2,512750.0,3897450.0,489.3941135546114
1754941,110522509,CRAPEMYRTLE: SPP,4.0,1,,35.21567107864065,-80.85887533556856,1,7,2,512750.0,3897450.0,489.3941135546114
1754943,110522511,CRAPEMYRTLE: SPP,4.0,1,,35.215631637909915,-80.85877877573654,1,7,2,512750.0,3897450.0,495.42457773150545
1754943,110522511,CRAPEMYRTLE: SPP,4.0,1,,35.215631637909915,-80.85877877573654,1,7,2,512750.0,3897450.0,495.42457773150545
1754944,110522512,CRAPEMYRTLE: SPP,4.0,1,,35.21559876821167,-80.85870098591313,1,7,2,512750.0,3897450.0,500.4885975809864
1754944,110522512,CRAPEMYRTLE: SPP,4.0,1,,35.21559876821167,-80.85870098591313,1,7,2,512750.0,3897450.0,500.4885975809864
1754945,110522513,CRAPEMYRTLE: SPP,4.0,1,,35.21555493791881,-80.85861113554857,1,7,2,512750.0,3897450.0,507.0632565040599
1754945,110522513,CRAPEMYRTLE: SPP,4.0,1,,35.21555493791881,-80.85861113554857,1,7,2,512750.0,3897450.0,507.0632565040599
1754946,110522514,CRAPEMYRTLE: SPP,4.0,1,11550 N TRYON ST,35.21549577792252,-80.85849043584727,1,7,2,512750.0,3897450.0,516.0696409686849
1754946,110522514,CRAPEMYRTLE: SPP,4.0,1,11550 N TRYON ST,35.21549577792252,-80.85849043584727,1,7,2,512750.0,3897450.0,516.0696409686849
1754947,110522515,CRAPEMYRTLE: SPP,4.0,1,11550 N TRYON ST,35.21547604824218,-80.85844885548528,1,7,2,512750.0,3897450.0,519.1393553117995
1754947,110522515,CRAPEMYRTLE: SPP,4.0,1,11550 N TRYON ST,35.21547604824218,-80.85844885548528,1,7,2,512750.0,3897450.0,519.1393553117995
1754948,110522516,CRAPEMYRTLE: SPP,4.0,1,11550 N TRYON ST,35.215433318627895,-80.85836839540829,1,7,2,512750.0,3897450.0,525.6184627881989
1754948,110522516,CRAPEMYRTLE: SPP,4.0,1,11550 N TRYON ST,35.215433318627895,-80.85836839540829,1,7,2,512750.0,3897450.0,525.6184627881989
1754949,110522517,CRAPEMYRTLE: SPP,4.0,1,,35.21574229796537,-80.85930582642801,1,7,2,512750.0,3897450.0,475.60913895658894
1754950,110522518,CRAPEMYRTLE: SPP,4.0,1,,35.21615207843795,-80.86020436583483,1,7,2,512750.0,3897450.0,427.9688317412363
1754951,110522519,CRAPEMYRTLE: SPP,4.0,1,,35.216417227982745,-80.86077299666024,1,7,2,512750.0,3897450.0,405.51891566232626
1755724,110523292,CRAPEMYRTLE: SPP,3.0,1,,35.219321249116646,-80.84928888345299,1,1,4,513650.0,3897450.0,99.20379768782801
1755725,110523293,CRAPEMYRTLE: SPP,5.0,1,,35.21897593913736,-80.84806343275903,1,1,4,513650.0,3897450.0,209.9968417472556
1755726,110523294,CRAPEMYRTLE: SPP,5.0,1,,35.21901319968364,-80.84794522330836,1,1,4,513650.0,3897450.0,217.05960734252034
1755727,110523295,CRAPEMYRTLE: SPP,5.0,1,,35.21905097965892,-80.84781903251002,1,1,4,513650.0,3897450.0,225.1087848848311
1755790,110523358,CRAPEMYRTLE: SPP,4.0,1,601 N DAVIDSON ST,35.22674215187459,-80.8326007383291,1,2,9,515475.0,3898575.0,445.17253882995277
1755791,110523359,CRAPEMYRTLE: SPP,4.0,1,,35.22671476181354,-80.832597868402,1,2,9,515475.0,3898575.0,447.5819366910842
1755792,110523360,CRAPEMYRTLE: SPP,4.0,1,,35.22667093187018,-80.83260408921626,1,2,9,515475.0,3898575.0,451.98124277584486
1755793,110523361,CRAPEMYRTLE: SPP,4.0,1,,35.226595631432396,-80.83269186879778,1,2,9,515475.0,3898575.0,463.32093994835617
1755794,110523362,CRAPEMYRTLE: SPP,3.0,1,,35.22658323170342,-80.83273017840601,1,2,9,515475.0,3898575.0,466.368920048365
1755795,110523363,CRAPEMYRTLE: SPP,4.0,1,,35.22657941124417,-80.83277250926461,1,2,9,515475.0,3898575.0,468.83335020840985
1755796,110523364,CRAPEMYRTLE: SPP,4.0,1,525 N DAVIDSON ST,35.226654461850174,-80.83287950902209,1,2,9,515475.0,3898575.0,467.4165395908053
1755797,110523365,CRAPEMYRTLE: SPP,4.0,1,,35.22670012158292,-80.83286403919915,1,2,9,515475.0,3898575.0,462.4630288354276
1755798,110523366,CRAPEMYRTLE: SPP,4.0,1,,35.22673224191065,-80.83285188850961,1,2,9,515475.0,3898575.0,458.9156884093508
1755799,110523367,CRAPEMYRTLE: SPP,3.0,1,601 N DAVIDSON ST,35.22680213198771,-80.83274243862903,1,2,9,515475.0,3898575.0,446.84857536692505
1755800,110523368,CRAPEMYRTLE: SPP,3.0,1,601 N DAVIDSON ST,35.22680336121949,-80.83270456870702,1,2,9,515475.0,3898575.0,444.77618988119184
1755801,110523369,CRAPEMYRTLE: SPP,3.0,1,601 N DAVIDSON ST,35.22678996187993,-80.8326638291973,1,2,9,515475.0,3898575.0,443.91871358052765
1755805,110523373,CRAPEMYRTLE: SPP,5.0,1,,35.219379210110844,-80.84396757115869,1,0,6,514550.0,3897450.0,356.2439930488744
1755806,110523374,CRAPEMYRTLE: SPP,6.0,1,,35.21944516008159,-80.84406119142248,1,0,6,514550.0,3897450.0,363.35574332147354
1755807,110523375,CRAPEMYRTLE: SPP,6.0,1,,35.21957998945977,-80.84420619203787,1,0,6,514550.0,3897450.0,374.323035332736
1755808,110523376,CRAPEMYRTLE: SPP,6.0,1,,35.21964923988931,-80.84428847191447,1,0,6,514550.0,3897450.0,380.9467740118861
1755809,110523377,CRAPEMYRTLE: SPP,5.0,1,,35.21972265993279,-80.8443790514822,1,0,6,514550.0,3897450.0,388.4732887201331
1755810,110523378,CRAPEMYRTLE: SPP,7.0,1,,35.22105816042838,-80.84011000088267,1,0,6,514550.0,3897450.0,119.73441158266692
1755811,110523379,CRAPEMYRTLE: SPP,6.0,1,,35.22182541063588,-80.84176589109485,1,0,6,514550.0,3897450.0,253.6448789755709
1755811,110523379,CRAPEMYRTLE: SPP,6.0,1,,35.22182541063588,-80.84176589109485,1,0,6,514550.0,3897450.0,253.6448789755709
1755811,110523379,CRAPEMYRTLE: SPP,6.0,1,,35.22182541063588,-80.84176589109485,1,0,6,514550.0,3897450.0,253.6448789755709
1755812,110523380,CRAPEMYRTLE: SPP,6.0,1,,35.221886770012645,-80.84167129088158,1,0,6,514550.0,3897450.0,254.29796612012325
1755812,110523380,CRAPEMYRTLE: SPP,6.0,1,,35.221886770012645,-80.84167129088158,1,0,6,514550.0,3897450.0,254.29796612012325
1755812,110523380,CRAPEMYRTLE: SPP,6.0,1,,35.221886770012645,-80.84167129088158,1,0,6,514550.0,3897450.0,254.29796612012325
1755813,110523381,CRAPEMYRTLE: SPP,7.0,1,,35.2219456503314,-80.84157885062659,1,0,6,514550.0,3897450.0,255.288264726775
1755813,110523381,CRAPEMYRTLE: SPP,7.0,1,,35.2219456503314,-80.84157885062659,1,0,6,514550.0,3897450.0,255.288264726775
1755813,110523381,CRAPEMYRTLE: SPP,7.0,1,,35.2219456503314,-80.84157885062659,1,0,6,514550.0,3897450.0,255.288264726775
1755814,110523382,CRAPEMYRTLE: SPP,7.0,1,,35.22199459009031,-80.84149536104461,1,0,6,514550.0,3897450.0,256.1491166976562
1755814,110523382,CRAPEMYRTLE: SPP,7.0,1,,35.22199459009031,-80.84149536104461,1,0,6,514550.0,3897450.0,256.1491166976562
1755815,110523383,CRAPEMYRTLE: SPP,4.0,1,,35.223150580547816,-80.83997638059458,1,0,6,514550.0,3897450.0,352.02913994824416
1755815,110523383,CRAPEMYRTLE: SPP,4.0,1,,35.223150580547816,-80.83997638059458,1,0,6,514550.0,3897450.0,352.02913994824416
1755815,110523383,CRAPEMYRTLE: SPP,4.0,1,,35.223150580547816,-80.83997638059458,1,0,6,514550.0,3897450.0,352.02913994824416
1755816,110523384,CRAPEMYRTLE: SPP,4.0,1,,35.223218430843474,-80.83988932095002,1,0,6,514550.0,3897450.0,359.92738516272146
1755816,110523384,CRAPEMYRTLE: SPP,4.0,1,,35.223218430843474,-80.83988932095002,1,0,6,514550.0,3897450.0,359.92738516272146
1755816,110523384,CRAPEMYRTLE: SPP,4.0,1,,35.223218430843474,-80.83988932095002,1,0,6,514550.0,3897450.0,359.92738516272146
1755817,110523385,CRAPEMYRTLE: SPP,4.0,1,,35.22327931078452,-80.83981227047713,1,0,6,514550.0,3897450.0,367.13897270288766
1755817,110523385,CRAPEMYRTLE: SPP,4.0,1,,35.22327931078452,-80.83981227047713,1,0,6,514550.0,3897450.0,367.13897270288766
1755817,110523385,CRAPEMYRTLE: SPP,4.0,1,,35.22327931078452,-80.83981227047713,1,0,6,514550.0,3897450.0,367.13897270288766
1755818,110523386,CRAPEMYRTLE: SPP,4.0,1,,35.223349760372635,-80.8397100910839,1,0,6,514550.0,3897450.0,375.74249779863595
1755818,110523386,CRAPEMYRTLE: SPP,4.0,1,,35.223349760372635,-80.8397100910839,1,0,6,514550.0,3897450.0,375.74249779863595
1755818,110523386,CRAPEMYRTLE: SPP,4.0,1,,35.223349760372635,-80.8397100910839,1,0,6,514550.0,3897450.0,375.74249779863595
1755819,110523387,CRAPEMYRTLE: SPP,4.0,1,1016 N CALDWELL ST,35.223421730277444,-80.83963546087475,1,0,6,514550.0,3897450.0,384.4077791124529
1755819,110523387,CRAPEMYRTLE: SPP,4.0,1,1016 N CALDWELL ST,35.223421730277444,-80.83963546087475,1,0,6,514550.0,3897450.0,384.4077791124529
1755819,110523387,CRAPEMYRTLE: SPP,4.0,1,1016 N CALDWELL ST,35.223421730277444,-80.83963546087475,1,0,6,514550.0,3897450.0,384.4077791124529
1755820,110523388,CRAPEMYRTLE: SPP,4.0,1,1016 N CALDWELL ST,35.22348678045934,-80.8395535806842,1,0,6,514550.0,3897450.0,392.4869429912425
1755820,110523388,CRAPEMYRTLE: SPP,4.0,1,1016 N CALDWELL ST,35.22348678045934,-80.8395535806842,1,0,6,514550.0,3897450.0,392.4869429912425
1755820,110523388,CRAPEMYRTLE: SPP,4.0,1,1016 N CALDWELL ST,35.22348678045934,-80.8395535806842,1,0,6,514550.0,3897450.0,392.4869429912425
1755821,110523389,CRAPEMYRTLE: SPP,4.0,1,,35.22354963045239,-80.8394627002033,1,0,6,514550.0,3897450.0,400.55219970689404
1755821,110523389,CRAPEMYRTLE: SPP,4.0,1,,35.22354963045239,-80.8394627002033,1,0,6,514550.0,3897450.0,400.55219970689404
1755821,110523389,CRAPEMYRTLE: SPP,4.0,1,,35.22354963045239,-80.8394627002033,1,0,6,514550.0,3897450.0,400.55219970689404
1755822,110523390,CRAPEMYRTLE: SPP,4.0,1,,35.22360510028931,-80.83938530058387,1,0,6,514550.0,3897450.0,407.73410931819717
1755822,110523390,CRAPEMYRTLE: SPP,4.0,1,,35.22360510028931,-80.83938530058387,1,0,6,514550.0,3897450.0,407.73410931819717
1755822,110523390,CRAPEMYRTLE: SPP,4.0,1,,35.22360510028931,-80.83938530058387,1,0,6,514550.0,3897450.0,407.73410931819717
1755823,110523391,CRAPEMYRTLE: SPP,4.0,1,,35.22365957059292,-80.83929554033405,1,0,6,514550.0,3897450.0,415.0957168666307
1755823,110523391,CRAPEMYRTLE: SPP,4.0,1,,35.22365957059292,-80.83929554033405,1,0,6,514550.0,3897450.0,415.0957168666307
1755823,110523391,CRAPEMYRTLE: SPP,4.0,1,,35.22365957059292,-80.83929554033405,1,0,6,514550.0,3897450.0,415.0957168666307
1755824,110523392,CRAPEMYRTLE: SPP,5.0,1,,35.22011744956168,-80.84431085142809,1,0,6,514550.0,3897450.0,381.5388597858582
1755824,110523392,CRAPEMYRTLE: SPP,5.0,1,,35.22011744956168,-80.84431085142809,1,0,6,514550.0,3897450.0,381.5388597858582
1755825,110523393,CRAPEMYRTLE: SPP,6.0,1,,35.220179349541276,-80.84419175174543,1,0,6,514550.0,3897450.0,371.0575696779761
1755825,110523393,CRAPEMYRTLE: SPP,6.0,1,,35.220179349541276,-80.84419175174543,1,0,6,514550.0,3897450.0,371.0575696779761
1755826,110523394,CRAPEMYRTLE: SPP,5.0,1,,35.22024724020427,-80.84408309124233,1,0,6,514550.0,3897450.0,361.7291521645264
1755826,110523394,CRAPEMYRTLE: SPP,5.0,1,,35.22024724020427,-80.84408309124233,1,0,6,514550.0,3897450.0,361.7291521645264
1755827,110523395,CRAPEMYRTLE: SPP,5.0,1,,35.21964660920835,-80.84576131228701,1,1,4,513650.0,3897450.0,388.65297642084437
1755828,110523396,CRAPEMYRTLE: SPP,3.0,1,,35.2196794700358,-80.84568170197903,1,1,4,513650.0,3897450.0,395.5283591669141
1755829,110523397,CRAPEMYRTLE: SPP,5.0,1,,35.220210649952186,-80.84482683182902,1,0,6,514550.0,3897450.0,428.9582921353988
1755829,110523397,CRAPEMYRTLE: SPP,5.0,1,,35.220210649952186,-80.84482683182902,1,0,6,514550.0,3897450.0,428.9582921353988
1755830,110523398,CRAPEMYRTLE: SPP,5.0,1,,35.220268510024304,-80.8448973920112,1,0,6,514550.0,3897450.0,435.7946498766858
1755830,110523398,CRAPEMYRTLE: SPP,5.0,1,,35.220268510024304,-80.8448973920112,1,0,6,514550.0,3897450.0,435.7946498766858
1755831,110523399,CRAPEMYRTLE: SPP,5.0,1,,35.220350749458646,-80.84498518189291,1,0,6,514550.0,3897450.0,444.516502250455
1755831,110523399,CRAPEMYRTLE: SPP,5.0,1,,35.220350749458646,-80.84498518189291,1,0,6,514550.0,3897450.0,444.516502250455
1755836,110523404,CRAPEMYRTLE: SPP,4.0,1,501 N CHURCH ST,35.2312265219136,-80.83987722084784,1,3,7,514550.0,3898550.0,148.82596324778393
1755837,110523405,CRAPEMYRTLE: SPP,4.0,1,501 N CHURCH ST,35.231245782528305,-80.83990477145151,1,3,7,514550.0,3898550.0,150.62208850643967
1755887,110523455,CRAPEMYRTLE: SPP,7.0,1,,35.213146627755954,-80.86504307799532,1,9,0,511825.0,3896350.0,569.8164791479371
1755931,110523499,CRAPEMYRTLE: SPP,4.0,1,,35.221164479552144,-80.85116519363305,1,1,4,513650.0,3897450.0,167.21205134163412
1755931,110523499,CRAPEMYRTLE: SPP,4.0,1,,35.221164479552144,-80.85116519363305,1,1,4,513650.0,3897450.0,167.21205134163412
1755932,110523500,CRAPEMYRTLE: SPP,4.0,1,W BLAND ST,35.21920063949683,-80.85707082604894,1,7,2,512750.0,3897450.0,272.4661020230211
1755933,110523501,CRAPEMYRTLE: SPP,4.0,1,280 W BLAND ST,35.21933238877029,-80.8571292857569,1,7,2,512750.0,3897450.0,262.9426712379475
1755934,110523502,CRAPEMYRTLE: SPP,5.0,1,280 W BLAND ST,35.21942350925063,-80.857054725338,1,7,2,512750.0,3897450.0,266.8453032924824
1755938,110523506,CRAPEMYRTLE: SPP,4.0,1,,35.219607329233206,-80.85441963457104,1,1,4,513650.0,3897450.0,403.4521958787983
1755939,110523507,CRAPEMYRTLE: SPP,2.0,1,,35.220051099358585,-80.85640623514999,1,7,2,512750.0,3897450.0,318.050257383766
1755948,110523516,CRAPEMYRTLE: SPP,5.0,1,LINCOLN ST,35.218921859442254,-80.85530531457505,1,7,2,512750.0,3897450.0,435.0497791526628
1755950,110523518,CRAPEMYRTLE: SPP,4.0,1,LINCOLN ST,35.2188955589328,-80.85535493477155,1,7,2,512750.0,3897450.0,431.53180990236876
1755954,110523522,CRAPEMYRTLE: SPP,4.0,1,LINCOLN ST,35.21887474909856,-80.85540321544245,1,7,2,512750.0,3897450.0,427.9905368994546
1755957,110523525,CRAPEMYRTLE: SPP,4.0,1,LINCOLN ST,35.21884954925847,-80.85545149497196,1,7,2,512750.0,3897450.0,424.62427615746515
1755959,110523527,CRAPEMYRTLE: SPP,4.0,1,PENN ST,35.21876298953781,-80.85555877530271,1,7,2,512750.0,3897450.0,418.3815947880185
1756015,110523583,CRAPEMYRTLE: SPP,9.0,1,,35.21444036750049,-80.86296126656678,1,4,1,512750.0,3896350.0,556.886361292348
1756016,110523584,CRAPEMYRTLE: SPP,2.0,1,,35.214469468342685,-80.86302717697811,1,4,1,512750.0,3896350.0,562.681634517927
1756017,110523585,CRAPEMYRTLE: SPP,3.0,1,,35.21459142774027,-80.86327708683842,1,4,1,512750.0,3896350.0,585.9532190816893
1756033,110523601,CRAPEMYRTLE: SPP,6.0,1,,35.21681932856484,-80.86132284660155,1,7,2,512750.0,3897450.0,376.05618368164994
1756034,110523602,CRAPEMYRTLE: SPP,7.0,1,,35.21678755884942,-80.86126115655136,1,7,2,512750.0,3897450.0,377.4873461813298
1756035,110523603,CRAPEMYRTLE: SPP,5.0,1,,35.21661224849196,-80.86088832697473,1,7,2,512750.0,3897450.0,386.6378733090919
1756036,110523604,CRAPEMYRTLE: SPP,8.0,1,,35.21656732842217,-80.86080383614713,1,7,2,512750.0,3897450.0,389.79083121472576
1756042,110523610,CRAPEMYRTLE: SPP,4.0,1,255 W PARK AV,35.21622614868626,-80.86075569607384,1,7,2,512750.0,3897450.0,426.02926789330814
1757420,110524988,CRAPEMYRTLE: SPP,7.0,1,,35.23140994271042,-80.83200860876335,1,2,9,515475.0,3898575.0,237.41321858120165
1757421,110524989,CRAPEMYRTLE: SPP,5.0,1,,35.23114758303703,-80.83170820887264,1,2,9,515475.0,3898575.0,198.12946524162754
1757422,110524990,CRAPEMYRTLE: SPP,6.0,1,,35.23111417295831,-80.83165858907881,1,2,9,515475.0,3898575.0,192.3020697919231
1757423,110524991,CRAPEMYRTLE: SPP,6.0,1,,35.230920272865035,-80.83143461887019,1,2,9,515475.0,3898575.0,163.32952856183678
1757424,110524992,CRAPEMYRTLE: SPP,5.0,1,,35.23087262222738,-80.83137292906133,1,2,9,515475.0,3898575.0,155.73902188832724
1757892,110525460,CRAPEMYRTLE: SPP,5.0,1,258 W PARK AV,35.21666374819315,-80.8604658867201,1,7,2,512750.0,3897450.0,373.88738592151805
1758074,110525642,PRIVET SPP,1.0,1,117 W SUMMIT AV,35.21648734873469,-80.85680734527934,1,7,2,512750.0,3897450.0,480.8984552628839
1758075,110525643,PRIVET SPP,3.0,1,1900 S TRYON ST,35.21360073723483,-80.86405132769619,1,4,1,512750.0,3896350.0,541.8844163759114
1758691,110526259,TULIPTREE,4.0,1,,35.21513097819225,-80.86084509656506,1,7,2,512750.0,3897450.0,547.1107078632016
1758691,110526259,TULIPTREE,4.0,1,,35.21513097819225,-80.86084509656506,1,7,2,512750.0,3897450.0,547.1107078632016
1758723,110526291,TULIPTREE,4.0,1,,35.215062017797194,-80.86069287590604,1,7,2,512750.0,3897450.0,552.6871610661619
1758723,110526291,TULIPTREE,4.0,1,,35.215062017797194,-80.86069287590604,1,7,2,512750.0,3897450.0,552.6871610661619
1758854,110526422,TULIPTREE,3.0,1,,35.216780978699525,-80.85723515510826,1,7,2,512750.0,3897450.0,431.8865021535441
1758855,110526423,TULIPTREE,3.0,1,,35.21685219855339,-80.85733440565993,1,7,2,512750.0,3897450.0,420.2893241880994
1758856,110526424,TULIPTREE,3.0,1,,35.21693437890046,-80.857453765896,1,7,2,512750.0,3897450.0,406.6952230322923
1758857,110526425,TULIPTREE,2.0,1,1825 WICKFORD PL,35.213741617822166,-80.86402764714981,1,4,1,512750.0,3896350.0,551.7710212846149
1758858,110526426,TULIPTREE,3.0,1,,35.216997918610225,-80.85753422579134,1,7,2,512750.0,3897450.0,396.7958762054151
1758859,110526427,TULIPTREE,2.0,1,1825 WICKFORD PL,35.21368748786009,-80.86392362739444,1,4,1,512750.0,3896350.0,540.9474214214089
1758860,110526428,TULIPTREE,3.0,1,,35.217146928535925,-80.85773673542127,1,7,2,512750.0,3897450.0,372.9703137883652
1758861,110526429,TULIPTREE,2.0,1,,35.21357531800278,-80.86370085744562,1,4,1,512750.0,3896350.0,518.1339168053407
1758862,110526430,TULIPTREE,2.0,1,,35.21853400928642,-80.85953515666672,1,7,2,512750.0,3897450.0,166.27642488694124
1758863,110526431,TULIPTREE,2.0,1,,35.21859426885255,-80.85963171658787,1,7,2,512750.0,3897450.0,158.1385870202381
1758864,110526432,TULIPTREE,2.0,1,,35.218672058724216,-80.85978057595356,1,7,2,512750.0,3897450.0,148.01097824482972
1758867,110526435,TULIPTREE,4.0,1,248 W KINGSTON AV,35.21532327832043,-80.86126418709321,1,7,2,512750.0,3897450.0,533.6211388543452
1758867,110526435,TULIPTREE,4.0,1,248 W KINGSTON AV,35.21532327832043,-80.86126418709321,1,7,2,512750.0,3897450.0,533.6211388543452
1758868,110526436,TULIPTREE,4.0,1,,35.21519596855711,-80.86098518669867,1,7,2,512750.0,3897450.0,542.169741785424
1758868,110526436,TULIPTREE,4.0,1,,35.21519596855711,-80.86098518669867,1,7,2,512750.0,3897450.0,542.169741785424
1758869,110526437,TULIPTREE,4.0,1,235 W KINGSTON AV,35.215010538123295,-80.86095773599484,1,4,1,512750.0,3896350.0,554.4688189114237
1758869,110526437,TULIPTREE,4.0,1,235 W KINGSTON AV,35.215010538123295,-80.86095773599484,1,4,1,512750.0,3896350.0,554.4688189114237
1758946,110526514,TULIPTREE,3.0,1,117 W SUMMIT AV,35.216625398552324,-80.85701521550851,1,7,2,512750.0,3897450.0,457.4559838676901
1758981,110526549,MAGNOLIA: SOUTHERN,6.0,1,,35.22663275193415,-80.83279642829679,1,2,9,515475.0,3898575.0,465.12021997209746
1758982,110526550,MAGNOLIA: SOUTHERN,8.0,1,,35.226681021584625,-80.83272235895615,1,2,9,515475.0,3898575.0,456.91959229982587
1758983,110526551,MAGNOLIA: SOUTHERN,8.0,1,601 N DAVIDSON ST,35.22673881126063,-80.83265787868741,1,2,9,515475.0,3898575.0,448.33409806191287
1758984,110526552,MAGNOLIA: SOUTHERN,3.0,1,601 N DAVIDSON ST,35.226770421679454,-80.83269949823854,1,2,9,515475.0,3898575.0,447.5324641422348
1758985,110526553,MAGNOLIA: SOUTHERN,6.0,1,,35.22672318150791,-80.8327046082969,1,2,9,515475.0,3898575.0,452.1351188589798
1758986,110526554,MAGNOLIA: SOUTHERN,4.0,1,,35.226706951829144,-80.83275992907512,1,2,9,515475.0,3898575.0,456.44531190901955
1758987,110526555,MAGNOLIA: SOUTHERN,6.0,1,,35.22666930205703,-80.83277926896481,1,2,9,515475.0,3898575.0,460.88796597313075
1758988,110526556,MAGNOLIA: SOUTHERN,4.0,1,,35.22665841178158,-80.83281613907556,1,2,9,515475.0,3898575.0,463.77534029505796
1759049,110526617,Sweetbay,4.0,1,W 3RD ST,35.226161391396055,-80.84593441290721,1,5,5,513650.0,3898550.0,556.0756825056586
1759049,110526617,Sweetbay,4.0,1,W 3RD ST,35.226161391396055,-80.84593441290721,1,5,5,513650.0,3898550.0,556.0756825056586
1759050,110526618,Sweetbay,4.0,1,W 3RD ST,35.22619904143827,-80.84597369212985,1,5,5,513650.0,3898550.0,550.5802082421927
1759050,110526618,Sweetbay,4.0,1,W 3RD ST,35.22619904143827,-80.84597369212985,1,5,5,513650.0,3898550.0,550.5802082421927
1759051,110526619,Sweetbay,4.0,1,W 3RD ST,35.22622971114601,-80.846019232334,1,5,5,513650.0,3898550.0,545.2855699167941
1759051,110526619,Sweetbay,4.0,1,W 3RD ST,35.22622971114601,-80.846019232334,1,5,5,513650.0,3898550.0,545.2855699167941
1759062,110526630,MAGNOLIA: SAUCER,3.0,1,,35.22467367141499,-80.8361623793339,1,0,6,514550.0,3897450.0,633.2119617329199
1759063,110526631,MAGNOLIA: SAUCER,3.0,1,,35.224724061335465,-80.83622674963043,1,0,6,514550.0,3897450.0,634.524061082527
1759063,110526631,MAGNOLIA: SAUCER,3.0,1,,35.224724061335465,-80.83622674963043,1,0,6,514550.0,3897450.0,634.524061082527
1759064,110526632,MAGNOLIA: SAUCER,3.0,1,,35.22482485106017,-80.8363434294542,1,0,6,514550.0,3897450.0,638.040473732203
1759064,110526632,MAGNOLIA: SAUCER,3.0,1,,35.22482485106017,-80.8363434294542,1,0,6,514550.0,3897450.0,638.040473732203
1759065,110526633,MAGNOLIA: SAUCER,3.0,1,,35.22488401094514,-80.83641451015288,1,0,6,514550.0,3897450.0,640.1439690363482
1759065,110526633,MAGNOLIA: SAUCER,3.0,1,,35.22488401094514,-80.83641451015288,1,0,6,514550.0,3897450.0,640.1439690363482
1759066,110526634,MAGNOLIA: SAUCER,3.0,1,228 N CALDWELL ST,35.22494207144382,-80.83647485970526,1,3,7,514550.0,3898550.0,641.0633893294157
1759066,110526634,MAGNOLIA: SAUCER,3.0,1,228 N CALDWELL ST,35.22494207144382,-80.83647485970526,1,3,7,514550.0,3898550.0,641.0633893294157
1759067,110526635,MAGNOLIA: SAUCER,3.0,1,228 N CALDWELL ST,35.224999041233175,-80.83654593956611,1,3,7,514550.0,3898550.0,632.3208510332137
1759067,110526635,MAGNOLIA: SAUCER,3.0,1,228 N CALDWELL ST,35.224999041233175,-80.83654593956611,1,3,7,514550.0,3898550.0,632.3208510332137
1759068,110526636,MAGNOLIA: SAUCER,3.0,1,228 N CALDWELL ST,35.22515351110091,-80.83672296029827,1,3,7,514550.0,3898550.0,609.3801363859225
1759068,110526636,MAGNOLIA: SAUCER,3.0,1,228 N CALDWELL ST,35.22515351110091,-80.83672296029827,1,3,7,514550.0,3898550.0,609.3801363859225
1759070,110526638,MAGNOLIA: SAUCER,4.0,1,,35.223158511191016,-80.8343867590601,1,6,8,515475.0,3897450.0,536.5719275145219
1759071,110526639,MAGNOLIA: SAUCER,4.0,1,,35.223224251135655,-80.83445380870289,1,6,8,515475.0,3897450.0,545.969855294369
1759072,110526640,MAGNOLIA: SAUCER,2.0,1,,35.22431214110162,-80.83554412930641,1,0,6,514550.0,3897450.0,636.022709220589
1759073,110526641,MAGNOLIA: SAUCER,2.0,1,,35.22424750066544,-80.83547304930705,1,0,6,514550.0,3897450.0,634.9152210716372
1759074,110526642,MAGNOLIA: SAUCER,2.0,1,,35.2241992906771,-80.8354153798078,1,0,6,514550.0,3897450.0,634.4697076185106
1759075,110526643,MAGNOLIA: SAUCER,2.0,1,,35.22413027138423,-80.8353241895577,1,0,6,514550.0,3897450.0,634.5255222302619
1759076,110526644,MAGNOLIA: SAUCER,2.0,1,,35.22399990082716,-80.83517532971594,1,0,6,514550.0,3897450.0,633.6647990843694
1759096,110526664,MAGNOLIA: SAUCER,3.0,1,,35.224612320757956,-80.83610202965423,1,0,6,514550.0,3897450.0,630.7982835775467
1759100,110526668,MAGNOLIA: SAUCER,2.0,1,,35.22356497115989,-80.83485345931601,1,6,8,515475.0,3897450.0,598.258767958727
1759101,110526669,MAGNOLIA: SAUCER,2.0,1,,35.2236153610411,-80.83492185924791,1,6,8,515475.0,3897450.0,606.6238328933964
1759102,110526670,MAGNOLIA: SAUCER,2.0,1,,35.22366357074257,-80.83497147963296,1,6,8,515475.0,3897450.0,613.5555811354799
1759105,110526673,MAGNOLIA: SAUCER,2.0,1,601 N POPLAR ST,35.23293366305104,-80.83985410114566,1,3,7,514550.0,3898550.0,337.48904824019587
1759149,110526717,MAGNOLIA: SAUCER,3.0,1,,35.22478103095982,-80.83628709960601,1,0,6,514550.0,3897450.0,636.7473787333041
1759149,110526717,MAGNOLIA: SAUCER,3.0,1,,35.22478103095982,-80.83628709960601,1,0,6,514550.0,3897450.0,636.7473787333041
1759150,110526718,MAGNOLIA: SAUCER,2.0,1,,35.22341597122095,-80.83468447878356,1,6,8,515475.0,3897450.0,575.7824240351234
1759151,110526719,MAGNOLIA: SAUCER,2.0,1,,35.22349157068616,-80.83478103938934,1,6,8,515475.0,3897450.0,587.9205498930081
1759152,110526720,MAGNOLIA: SAUCER,2.0,1,,35.22392322062755,-80.83507876905672,1,0,6,514550.0,3897450.0,634.0404990792589
1759153,110526721,MAGNOLIA: SAUCER,2.0,1,,35.223861861334676,-80.83502780947057,1,6,8,515475.0,3897450.0,632.2017735345013
1759326,110526894,MULBERRY SPP,16.0,1,401 W WORTHINGTON AV,35.21376630798936,-80.8643984470792,1,4,1,512750.0,3896350.0,577.1208185571072
1759408,110526976,BLACKGUM: COMMON,4.0,1,W CATHERINE ST,35.21871666878266,-80.8543700751386,1,1,4,513650.0,3897450.0,421.1213479764334
1759409,110526977,BLACKGUM: COMMON,4.0,1,W CATHERINE ST,35.218816929524934,-80.85451031429527,1,1,4,513650.0,3897450.0,429.6650730275467
1759425,110526993,BLACKGUM: COMMON,4.0,1,W CATHERINE ST,35.21887809927728,-80.85461145435477,1,1,4,513650.0,3897450.0,436.47849710824283
1759426,110526994,BLACKGUM: COMMON,3.0,1,113 W CATHERINE ST,35.21893554884035,-80.85467878533859,1,1,4,513650.0,3897450.0,440.62375635986865
1759467,110527035,HOPHORNBEAM,4.0,1,,35.228769461394954,-80.84532257231902,1,5,5,513650.0,3898550.0,443.41026901711587
1759476,110527044,HOPHORNBEAM,99.0,1,212 S POPLAR ST,35.22783315169904,-80.84690463263755,1,5,5,513650.0,3898550.0,363.3517961959241
1759505,110527073,HOPHORNBEAM,99.0,1,213 S POPLAR ST,35.227781661611964,-80.84671821246283,1,5,5,513650.0,3898550.0,380.14454550761326
1759510,110527078,HOPHORNBEAM,4.0,1,300 W 3RD ST,35.227614051567166,-80.84723052340712,1,5,5,513650.0,3898550.0,357.798373808209
1759511,110527079,HOPHORNBEAM,99.0,1,216 S POPLAR ST,35.2277378415999,-80.84704008358786,1,5,5,513650.0,3898550.0,360.8733557675135
1759512,110527080,HOPHORNBEAM,99.0,1,300 W 3RD ST,35.2276732110697,-80.84712993261026,1,5,5,513650.0,3898550.0,359.73222206597467
1759513,110527081,HOPHORNBEAM,99.0,1,212 S POPLAR ST,35.227901071108896,-80.84680941320325,1,5,5,513650.0,3898550.0,365.4539281193348
1759862,110527430,SYCAMORE: AMERICAN,25.0,1,1816 WICKFORD PL,35.214068467993265,-80.86412866742448,1,4,1,512750.0,3896350.0,584.9209505880046
1759899,110527467,CHERRYLAUREL: CAROLINA,5.0,1,401 E 7TH ST,35.22681694120104,-80.83646245943531,0,3,7,514550.0,3898550.0,475.8283887611774
1759899,110527467,CHERRYLAUREL: CAROLINA,5.0,1,401 E 7TH ST,35.22681694120104,-80.83646245943531,0,3,7,514550.0,3898550.0,475.8283887611774
1759899,110527467,CHERRYLAUREL: CAROLINA,5.0,1,401 E 7TH ST,35.22681694120104,-80.83646245943531,0,3,7,514550.0,3898550.0,475.8283887611774
1759900,110527468,CHERRYLAUREL: CAROLINA,6.0,1,401 E 7TH ST,35.22679087164048,-80.83641572972041,0,3,7,514550.0,3898550.0,480.86525239127565
1759900,110527468,CHERRYLAUREL: CAROLINA,6.0,1,401 E 7TH ST,35.22679087164048,-80.83641572972041,0,3,7,514550.0,3898550.0,480.86525239127565
1759900,110527468,CHERRYLAUREL: CAROLINA,6.0,1,401 E 7TH ST,35.22679087164048,-80.83641572972041,0,3,7,514550.0,3898550.0,480.86525239127565
1760030,110527598,CHERRY: BLACK,6.0,1,300 WESTWOOD AV,35.21756765877929,-80.85984763647956,1,7,2,512750.0,3897450.0,270.1291131757659
1760138,110527706,CHERRY: ORIENTAL 'SHIROTAE',5.0,1,,35.22254500032948,-80.84711652334947,1,1,4,513650.0,3897450.0,386.7918079675284
1760138,110527706,CHERRY: ORIENTAL 'SHIROTAE',5.0,1,,35.22254500032948,-80.84711652334947,1,1,4,513650.0,3897450.0,386.7918079675284
1760139,110527707,CHERRY: ORIENTAL 'SHIROTAE',7.0,1,,35.222495699921495,-80.84712725308783,1,1,4,513650.0,3897450.0,382.1352903008457
1760139,110527707,CHERRY: ORIENTAL 'SHIROTAE',7.0,1,,35.222495699921495,-80.84712725308783,1,1,4,513650.0,3897450.0,382.1352903008457
1760140,110527708,CHERRY: ORIENTAL 'SHIROTAE',13.0,1,,35.22245954060535,-80.84713261240807,1,1,4,513650.0,3897450.0,378.8932750588761
1760140,110527708,CHERRY: ORIENTAL 'SHIROTAE',13.0,1,,35.22245954060535,-80.84713261240807,1,1,4,513650.0,3897450.0,378.8932750588761
1760141,110527709,CHERRY: ORIENTAL 'SHIROTAE',10.0,1,,35.22239929018399,-80.84712591276184,1,1,4,513650.0,3897450.0,374.5216648693781
1760141,110527709,CHERRY: ORIENTAL 'SHIROTAE',10.0,1,,35.22239929018399,-80.84712591276184,1,1,4,513650.0,3897450.0,374.5216648693781
1760142,110527710,CHERRY: ORIENTAL 'SHIROTAE',13.0,1,,35.22235875053442,-80.84709775230004,1,1,4,513650.0,3897450.0,373.14584332877416
1760142,110527710,CHERRY: ORIENTAL 'SHIROTAE',13.0,1,,35.22235875053442,-80.84709775230004,1,1,4,513650.0,3897450.0,373.14584332877416
1760143,110527711,CHERRY: ORIENTAL 'SHIROTAE',11.0,1,,35.22231602015624,-80.84706556254525,1,1,4,513650.0,3897450.0,371.932590849461
1760143,110527711,CHERRY: ORIENTAL 'SHIROTAE',11.0,1,,35.22231602015624,-80.84706556254525,1,1,4,513650.0,3897450.0,371.932590849461
1760165,110527733,CHERRY: ORIENTAL 'SHIROTAE',7.0,1,,35.222952550405715,-80.8466028825966,1,1,4,513650.0,3897450.0,451.7348925374354
1760165,110527733,CHERRY: ORIENTAL 'SHIROTAE',7.0,1,,35.222952550405715,-80.8466028825966,1,1,4,513650.0,3897450.0,451.7348925374354
1760166,110527734,CHERRY: ORIENTAL 'SHIROTAE',6.0,1,,35.22263482991348,-80.84706154325895,1,1,4,513650.0,3897450.0,397.5061743586418
1760166,110527734,CHERRY: ORIENTAL 'SHIROTAE',6.0,1,,35.22263482991348,-80.84706154325895,1,1,4,513650.0,3897450.0,397.5061743586418
1760227,110527795,CHERRY: AUTUMNALIS,7.0,1,,35.229273721580924,-80.83749140986944,1,3,7,514550.0,3898550.0,247.45095534954626
1760227,110527795,CHERRY: AUTUMNALIS,7.0,1,,35.229273721580924,-80.83749140986944,1,3,7,514550.0,3898550.0,247.45095534954626
1760228,110527796,CHERRY: AUTUMNALIS,9.0,1,E 8TH ST,35.229099541598785,-80.83730768060705,1,3,7,514550.0,3898550.0,269.2600373186391
1760228,110527796,CHERRY: AUTUMNALIS,9.0,1,E 8TH ST,35.229099541598785,-80.83730768060705,1,3,7,514550.0,3898550.0,269.2600373186391
1760229,110527797,CHERRY: AUTUMNALIS,6.0,1,E 8TH ST,35.22907325178534,-80.83727013056064,1,3,7,514550.0,3898550.0,273.45014180089834
1760229,110527797,CHERRY: AUTUMNALIS,6.0,1,E 8TH ST,35.22907325178534,-80.83727013056064,1,3,7,514550.0,3898550.0,273.45014180089834
1760230,110527798,CHERRY: AUTUMNALIS,10.0,1,,35.22884101181703,-80.83700191027236,1,3,7,514550.0,3898550.0,305.4874398627335
1760230,110527798,CHERRY: AUTUMNALIS,10.0,1,,35.22884101181703,-80.83700191027236,1,3,7,514550.0,3898550.0,305.4874398627335
1760231,110527799,CHERRY: AUTUMNALIS,10.0,1,,35.228809241747776,-80.83695094982313,1,3,7,514550.0,3898550.0,311.1248077206792
1760231,110527799,CHERRY: AUTUMNALIS,10.0,1,,35.228809241747776,-80.83695094982313,1,3,7,514550.0,3898550.0,311.1248077206792
1760232,110527800,CHERRY: AUTUMNALIS,12.0,1,,35.22878295168239,-80.83692279059562,1,3,7,514550.0,3898550.0,314.6220314918222
1760232,110527800,CHERRY: AUTUMNALIS,12.0,1,,35.22878295168239,-80.83692279059562,1,3,7,514550.0,3898550.0,314.6220314918222
1760233,110527801,CHERRY: AUTUMNALIS,8.0,1,,35.22873803186394,-80.8368664603599,1,3,7,514550.0,3898550.0,321.30302850032115
1760233,110527801,CHERRY: AUTUMNALIS,8.0,1,,35.22873803186394,-80.8368664603599,1,3,7,514550.0,3898550.0,321.30302850032115
1760234,110527802,CHERRY: AUTUMNALIS,10.0,1,,35.22869859207819,-80.83683293024019,1,3,7,514550.0,3898550.0,325.86141092270793
1760234,110527802,CHERRY: AUTUMNALIS,10.0,1,,35.22869859207819,-80.83683293024019,1,3,7,514550.0,3898550.0,325.86141092270793
1760239,110527807,CHERRY: AUTUMNALIS,7.0,1,,35.229231001615915,-80.83745386040869,1,3,7,514550.0,3898550.0,252.08143611651042
1760239,110527807,CHERRY: AUTUMNALIS,7.0,1,,35.229231001615915,-80.83745386040869,1,3,7,514550.0,3898550.0,252.08143611651042
1760240,110527808,CHERRY: AUTUMNALIS,6.0,1,,35.22918061205937,-80.83738547065121,1,3,7,514550.0,3898550.0,259.69331865017915
1760240,110527808,CHERRY: AUTUMNALIS,6.0,1,,35.22918061205937,-80.83738547065121,1,3,7,514550.0,3898550.0,259.69331865017915
1760241,110527809,CHERRY: AUTUMNALIS,4.0,1,E 8TH ST,35.22914008211004,-80.8373479201493,1,3,7,514550.0,3898550.0,264.3418481403341
1760241,110527809,CHERRY: AUTUMNALIS,4.0,1,E 8TH ST,35.22914008211004,-80.8373479201493,1,3,7,514550.0,3898550.0,264.3418481403341
1760380,110527948,CHERRY: YOSHINO,4.0,1,,35.22616578137493,-80.84473338207144,1,3,7,514550.0,3898550.0,590.6290123118218
1760380,110527948,CHERRY: YOSHINO,4.0,1,,35.22616578137493,-80.84473338207144,1,3,7,514550.0,3898550.0,590.6290123118218
1760381,110527949,CHERRY: YOSHINO,6.0,1,,35.226039481171135,-80.84461196186724,1,3,7,514550.0,3898550.0,592.825191077401
1760381,110527949,CHERRY: YOSHINO,6.0,1,,35.226039481171135,-80.84461196186724,1,3,7,514550.0,3898550.0,592.825191077401
1760382,110527950,CHERRY: YOSHINO,12.0,1,,35.22541315121568,-80.84582236282742,1,5,5,513650.0,3898550.0,626.6864935283185
1760382,110527950,CHERRY: YOSHINO,12.0,1,,35.22541315121568,-80.84582236282742,1,5,5,513650.0,3898550.0,626.6864935283185
1760382,110527950,CHERRY: YOSHINO,12.0,1,,35.22541315121568,-80.84582236282742,1,5,5,513650.0,3898550.0,626.6864935283185
1760437,110528005,CHERRY: YOSHINO,10.0,1,,35.22887511206245,-80.83402311918942,1,2,9,515475.0,3898575.0,396.2284107904346
1760437,110528005,CHERRY: YOSHINO,10.0,1,,35.22887511206245,-80.83402311918942,1,2,9,515475.0,3898575.0,396.2284107904346
1760438,110528006,CHERRY: YOSHINO,13.0,1,,35.228913111790796,-80.83395929898347,1,2,9,515475.0,3898575.0,389.3277867708115
1760438,110528006,CHERRY: YOSHINO,13.0,1,,35.228913111790796,-80.83395929898347,1,2,9,515475.0,3898575.0,389.3277867708115
1760439,110528007,CHERRY: YOSHINO,10.0,1,,35.229033541862194,-80.833808649387,1,2,9,515475.0,3898575.0,371.9731042214523
1760439,110528007,CHERRY: YOSHINO,10.0,1,,35.229033541862194,-80.833808649387,1,2,9,515475.0,3898575.0,371.9731042214523
1760440,110528008,CHERRY: YOSHINO,12.0,1,,35.22908489199008,-80.83373826955119,1,2,9,515475.0,3898575.0,364.09630298805365
1760440,110528008,CHERRY: YOSHINO,12.0,1,,35.22908489199008,-80.83373826955119,1,2,9,515475.0,3898575.0,364.09630298805365
1760441,110528009,CHERRY: YOSHINO,10.0,1,,35.22911752253965,-80.833696509161,1,2,9,515475.0,3898575.0,359.3641269035175
1760441,110528009,CHERRY: YOSHINO,10.0,1,,35.22911752253965,-80.833696509161,1,2,9,515475.0,3898575.0,359.3641269035175
1760442,110528010,CHERRY: YOSHINO,6.0,1,,35.22400110058008,-80.83635830915753,1,0,6,514550.0,3897450.0,562.4186807914331
1760442,110528010,CHERRY: YOSHINO,6.0,1,,35.22400110058008,-80.83635830915753,1,0,6,514550.0,3897450.0,562.4186807914331
1760446,110528014,CHERRY: YOSHINO,4.0,1,,35.22604418093378,-80.84185939122284,1,3,7,514550.0,3898550.0,456.2476293100686
1760446,110528014,CHERRY: YOSHINO,4.0,1,,35.22604418093378,-80.84185939122284,1,3,7,514550.0,3898550.0,456.2476293100686
1760446,110528014,CHERRY: YOSHINO,4.0,1,,35.22604418093378,-80.84185939122284,1,3,7,514550.0,3898550.0,456.2476293100686
1760447,110528015,CHERRY: YOSHINO,4.0,1,,35.226059521256985,-80.84212091196406,1,3,7,514550.0,3898550.0,463.558987439799
1760447,110528015,CHERRY: YOSHINO,4.0,1,,35.226059521256985,-80.84212091196406,1,3,7,514550.0,3898550.0,463.558987439799
1760447,110528015,CHERRY: YOSHINO,4.0,1,,35.226059521256985,-80.84212091196406,1,3,7,514550.0,3898550.0,463.558987439799
1760448,110528016,CHERRY: YOSHINO,9.0,1,,35.22597885105935,-80.84500633240745,1,3,7,514550.0,3898550.0,622.8817636237441
1760448,110528016,CHERRY: YOSHINO,9.0,1,,35.22597885105935,-80.84500633240745,1,3,7,514550.0,3898550.0,622.8817636237441
1760449,110528017,CHERRY: YOSHINO,8.0,1,,35.22625581092338,-80.84460484268548,1,3,7,514550.0,3898550.0,575.2885972948477
1760449,110528017,CHERRY: YOSHINO,8.0,1,,35.22625581092338,-80.84460484268548,1,3,7,514550.0,3898550.0,575.2885972948477
1760450,110528018,CHERRY: YOSHINO,4.0,1,,35.22832686194139,-80.8416383419966,1,3,7,514550.0,3898550.0,223.31188112559005
1760450,110528018,CHERRY: YOSHINO,4.0,1,,35.22832686194139,-80.8416383419966,1,3,7,514550.0,3898550.0,223.31188112559005
1760451,110528019,CHERRY: YOSHINO,4.0,1,,35.228413961234224,-80.8415169213945,1,3,7,514550.0,3898550.0,208.87886978591527
1760451,110528019,CHERRY: YOSHINO,4.0,1,,35.228413961234224,-80.8415169213945,1,3,7,514550.0,3898550.0,208.87886978591527
1760452,110528020,CHERRY: YOSHINO,4.0,1,,35.22850853207237,-80.84138028153015,1,3,7,514550.0,3898550.0,192.98551791190238
1760452,110528020,CHERRY: YOSHINO,4.0,1,,35.22850853207237,-80.84138028153015,1,3,7,514550.0,3898550.0,192.98551791190238
1760453,110528021,CHERRY: YOSHINO,4.0,1,,35.22858206191941,-80.84127484149812,1,3,7,514550.0,3898550.0,180.7170811842785
1760453,110528021,CHERRY: YOSHINO,4.0,1,,35.22858206191941,-80.84127484149812,1,3,7,514550.0,3898550.0,180.7170811842785
1760454,110528022,CHERRY: YOSHINO,4.0,1,,35.22846797186596,-80.84114381084517,1,3,7,514550.0,3898550.0,184.68322805703932
1760454,110528022,CHERRY: YOSHINO,4.0,1,,35.22846797186596,-80.84114381084517,1,3,7,514550.0,3898550.0,184.68322805703932
1760455,110528023,CHERRY: YOSHINO,4.0,1,,35.228286881926024,-80.84138908135522,1,3,7,514550.0,3898550.0,213.55665039414686
1760455,110528023,CHERRY: YOSHINO,4.0,1,,35.228286881926024,-80.84138908135522,1,3,7,514550.0,3898550.0,213.55665039414686
1760456,110528024,CHERRY: YOSHINO,4.0,1,,35.22820806134247,-80.84150867165351,1,3,7,514550.0,3898550.0,226.87432097719716
1760456,110528024,CHERRY: YOSHINO,4.0,1,,35.22820806134247,-80.84150867165351,1,3,7,514550.0,3898550.0,226.87432097719716
1760457,110528025,CHERRY: YOSHINO,6.0,1,,35.22611751137293,-80.84451402247662,1,3,7,514550.0,3898550.0,580.4107759075109
1760457,110528025,CHERRY: YOSHINO,6.0,1,,35.22611751137293,-80.84451402247662,1,3,7,514550.0,3898550.0,580.4107759075109
1760458,110528026,CHERRY: YOSHINO,9.0,1,,35.22592221059418,-80.84477097196762,1,3,7,514550.0,3898550.0,612.2290464724701
1760458,110528026,CHERRY: YOSHINO,9.0,1,,35.22592221059418,-80.84477097196762,1,3,7,514550.0,3898550.0,612.2290464724701
1760459,110528027,CHERRY: YOSHINO,7.0,1,,35.22585738145065,-80.84487200192191,1,3,7,514550.0,3898550.0,623.7877353885383
1760459,110528027,CHERRY: YOSHINO,7.0,1,,35.22585738145065,-80.84487200192191,1,3,7,514550.0,3898550.0,623.7877353885383
1760460,110528028,CHERRY: YOSHINO,14.0,1,,35.222589919993446,-80.84716346298366,1,1,4,513650.0,3897450.0,387.58490376346094
1760460,110528028,CHERRY: YOSHINO,14.0,1,,35.222589919993446,-80.84716346298366,1,1,4,513650.0,3897450.0,387.58490376346094
1760461,110528029,CHERRY: YOSHINO,9.0,1,,35.22523239057871,-80.8460932625651,1,5,5,513650.0,3898550.0,628.5133099041348
1760461,110528029,CHERRY: YOSHINO,9.0,1,,35.22523239057871,-80.8460932625651,1,5,5,513650.0,3898550.0,628.5133099041348
1760461,110528029,CHERRY: YOSHINO,9.0,1,,35.22523239057871,-80.8460932625651,1,5,5,513650.0,3898550.0,628.5133099041348
1760462,110528030,CHERRY: YOSHINO,10.0,1,,35.22531797114798,-80.84597477253914,1,5,5,513650.0,3898550.0,626.9297925395449
1760462,110528030,CHERRY: YOSHINO,10.0,1,,35.22531797114798,-80.84597477253914,1,5,5,513650.0,3898550.0,626.9297925395449
1760462,110528030,CHERRY: YOSHINO,10.0,1,,35.22531797114798,-80.84597477253914,1,5,5,513650.0,3898550.0,626.9297925395449
1760463,110528031,CHERRY: YOSHINO,2.0,1,,35.225469740828125,-80.84573885214706,1,5,5,513650.0,3898550.0,626.3717783678717
1760463,110528031,CHERRY: YOSHINO,2.0,1,,35.225469740828125,-80.84573885214706,1,5,5,513650.0,3898550.0,626.3717783678717
1760463,110528031,CHERRY: YOSHINO,2.0,1,,35.225469740828125,-80.84573885214706,1,5,5,513650.0,3898550.0,626.3717783678717
1760464,110528032,CHERRY: YOSHINO,8.0,1,,35.22537152106912,-80.84560376265452,1,5,5,513650.0,3898550.0,642.5392971352098
1760464,110528032,CHERRY: YOSHINO,8.0,1,,35.22537152106912,-80.84560376265452,1,5,5,513650.0,3898550.0,642.5392971352098
1760465,110528033,CHERRY: YOSHINO,12.0,1,,35.22521267074688,-80.84584113225435,1,5,5,513650.0,3898550.0,643.5159819987423
1760465,110528033,CHERRY: YOSHINO,12.0,1,,35.22521267074688,-80.84584113225435,1,5,5,513650.0,3898550.0,643.5159819987423
1760465,110528033,CHERRY: YOSHINO,12.0,1,,35.22521267074688,-80.84584113225435,1,5,5,513650.0,3898550.0,643.5159819987423
1760466,110528034,CHERRY: YOSHINO,10.0,1,,35.22529475117502,-80.84569905205284,1,5,5,513650.0,3898550.0,643.9318416815437
1760466,110528034,CHERRY: YOSHINO,10.0,1,,35.22529475117502,-80.84569905205284,1,5,5,513650.0,3898550.0,643.9318416815437
1760466,110528034,CHERRY: YOSHINO,10.0,1,,35.22529475117502,-80.84569905205284,1,5,5,513650.0,3898550.0,643.9318416815437
1760467,110528035,CHERRY: YOSHINO,10.0,1,,35.22512303111649,-80.84596512305536,1,5,5,513650.0,3898550.0,645.1130260449312
1760467,110528035,CHERRY: YOSHINO,10.0,1,,35.22512303111649,-80.84596512305536,1,5,5,513650.0,3898550.0,645.1130260449312
1760467,110528035,CHERRY: YOSHINO,10.0,1,,35.22512303111649,-80.84596512305536,1,5,5,513650.0,3898550.0,645.1130260449312
1760468,110528036,CHERRY: YOSHINO,7.0,1,,35.224617830960476,-80.8466940128323,1,1,4,513650.0,3897450.0,595.3126331744558
1760468,110528036,CHERRY: YOSHINO,7.0,1,,35.224617830960476,-80.8466940128323,1,1,4,513650.0,3897450.0,595.3126331744558
1760469,110528037,CHERRY: YOSHINO,7.0,1,,35.22453721059833,-80.84680215326634,1,1,4,513650.0,3897450.0,582.6296226022944
1760469,110528037,CHERRY: YOSHINO,7.0,1,,35.22453721059833,-80.84680215326634,1,1,4,513650.0,3897450.0,582.6296226022944
1760470,110528038,CHERRY: YOSHINO,7.0,1,,35.22435585090166,-80.84708621301817,1,1,4,513650.0,3897450.0,552.4051921876724
1760470,110528038,CHERRY: YOSHINO,7.0,1,,35.22435585090166,-80.84708621301817,1,1,4,513650.0,3897450.0,552.4051921876724
1760471,110528039,CHERRY: YOSHINO,6.0,1,,35.224662650817265,-80.84693393308807,1,1,4,513650.0,3897450.0,588.9116699910915
1760471,110528039,CHERRY: YOSHINO,6.0,1,,35.224662650817265,-80.84693393308807,1,1,4,513650.0,3897450.0,588.9116699910915
1760472,110528040,CHERRY: YOSHINO,5.0,1,,35.22473604075964,-80.8468263527597,1,1,4,513650.0,3897450.0,600.7457493853574
1760472,110528040,CHERRY: YOSHINO,5.0,1,,35.22473604075964,-80.8468263527597,1,1,4,513650.0,3897450.0,600.7457493853574
1760477,110528045,CHERRY: YOSHINO,7.0,1,,35.23344851306635,-80.83836323095959,1,3,7,514550.0,3898550.0,424.43569677957106
1760478,110528046,CHERRY: YOSHINO,6.0,1,,35.233172732809116,-80.83800118088148,1,3,7,514550.0,3898550.0,410.4920390067499
1760479,110528047,CHERRY: YOSHINO,7.0,1,701 N CHURCH ST #1,35.23292102278135,-80.83770876096253,1,3,7,514550.0,3898550.0,399.8578081050048
1760487,110528055,CHERRY: YOSHINO,13.0,1,1514 S CHURCH ST #103,35.21784046870887,-80.85856687615566,1,7,2,512750.0,3897450.0,268.7950698454725
1760488,110528056,CHERRY: YOSHINO,12.0,1,1514 S CHURCH ST #103,35.2178886787181,-80.85860576650481,1,7,2,512750.0,3897450.0,262.4275198724167
1760489,110528057,CHERRY: YOSHINO,12.0,1,1514 S CHURCH ST #103,35.21793250841937,-80.85866209635532,1,7,2,512750.0,3897450.0,255.7936946385866
1760490,110528058,CHERRY: YOSHINO,12.0,1,SOUTHWOOD AV,35.217970848881514,-80.85871573557866,1,7,2,512750.0,3897450.0,249.83837377842102
1760491,110528059,CHERRY: YOSHINO,14.0,1,SOUTHWOOD AV,35.21806835862241,-80.85884046640237,1,7,2,512750.0,3897450.0,235.25032961796776
1760602,110528170,CHERRY: YOSHINO,12.0,1,,35.22267756058283,-80.84703874308244,1,1,4,513650.0,3897450.0,402.4059177830479
1760602,110528170,CHERRY: YOSHINO,12.0,1,,35.22267756058283,-80.84703874308244,1,1,4,513650.0,3897450.0,402.4059177830479
1760622,110528190,PEAR: CALLERY,21.0,1,,35.21655965863222,-80.86106669714952,1,7,2,512750.0,3897450.0,396.3475399658634
1760639,110528207,PEAR: CALLERY,19.0,1,,35.21652021829416,-80.86098891687219,1,7,2,512750.0,3897450.0,398.7463784927688
1760940,110528498,OAK: SAWTOOTH,8.0,1,,35.22531127106945,-80.84322732202727,1,3,7,514550.0,3898550.0,582.6945950939338
1760940,110528498,OAK: SAWTOOTH,8.0,1,,35.22531127106945,-80.84322732202727,1,3,7,514550.0,3898550.0,582.6945950939338
1760941,110528499,OAK: SAWTOOTH,5.0,1,,35.225207190768536,-80.84332388207261,1,3,7,514550.0,3898550.0,597.0610179807142
1760941,110528499,OAK: SAWTOOTH,5.0,1,,35.225207190768536,-80.84332388207261,1,3,7,514550.0,3898550.0,597.0610179807142
1760942,110528500,OAK: SAWTOOTH,5.0,1,201 S COLLEGE ST,35.2251294110123,-80.84343787152308,1,3,7,514550.0,3898550.0,609.6874827301548
1760942,110528500,OAK: SAWTOOTH,5.0,1,201 S COLLEGE ST,35.2251294110123,-80.84343787152308,1,3,7,514550.0,3898550.0,609.6874827301548
1760943,110528501,OAK: SAWTOOTH,5.0,1,201 S COLLEGE ST,35.2250527208753,-80.84355052183817,1,3,7,514550.0,3898550.0,622.1844246718597
1760943,110528501,OAK: SAWTOOTH,5.0,1,201 S COLLEGE ST,35.2250527208753,-80.84355052183817,1,3,7,514550.0,3898550.0,622.1844246718597
1760944,110528502,OAK: SAWTOOTH,7.0,1,,35.22489497086258,-80.84379192216994,1,0,6,514550.0,3897450.0,639.3986703699929
1760944,110528502,OAK: SAWTOOTH,7.0,1,,35.22489497086258,-80.84379192216994,1,0,6,514550.0,3897450.0,639.3986703699929
1760944,110528502,OAK: SAWTOOTH,7.0,1,,35.22489497086258,-80.84379192216994,1,0,6,514550.0,3897450.0,639.3986703699929
1760945,110528503,OAK: SAWTOOTH,7.0,1,,35.22483033107697,-80.84389519190466,1,0,6,514550.0,3897450.0,638.3032540103751
1760945,110528503,OAK: SAWTOOTH,7.0,1,,35.22483033107697,-80.84389519190466,1,0,6,514550.0,3897450.0,638.3032540103751
1760945,110528503,OAK: SAWTOOTH,7.0,1,,35.22483033107697,-80.84389519190466,1,0,6,514550.0,3897450.0,638.3032540103751
1760946,110528504,OAK: SAWTOOTH,11.0,1,,35.22475912087158,-80.84398907203479,1,0,6,514550.0,3897450.0,636.345449030478
1760946,110528504,OAK: SAWTOOTH,11.0,1,,35.22475912087158,-80.84398907203479,1,0,6,514550.0,3897450.0,636.345449030478
1760946,110528504,OAK: SAWTOOTH,11.0,1,,35.22475912087158,-80.84398907203479,1,0,6,514550.0,3897450.0,636.345449030478
1760949,110528507,OAK: SAWTOOTH,20.0,1,,35.22719009127653,-80.8405786413633,1,3,7,514550.0,3898550.0,303.3458182535152
1760949,110528507,OAK: SAWTOOTH,20.0,1,,35.22719009127653,-80.8405786413633,1,3,7,514550.0,3898550.0,303.3458182535152
1760949,110528507,OAK: SAWTOOTH,20.0,1,,35.22719009127653,-80.8405786413633,1,3,7,514550.0,3898550.0,303.3458182535152
1760950,110528508,OAK: SAWTOOTH,25.0,1,,35.23122804222348,-80.83509351954244,1,3,7,514550.0,3898550.0,479.0803866265583
1760951,110528509,OAK: SAWTOOTH,20.0,1,,35.22278930998211,-80.84715407246775,1,1,4,513650.0,3897450.0,404.8457785270986
1760951,110528509,OAK: SAWTOOTH,20.0,1,,35.22278930998211,-80.84715407246775,1,1,4,513650.0,3897450.0,404.8457785270986
1760952,110528510,OAK: SAWTOOTH,20.0,1,,35.22288572019847,-80.84700387224929,1,1,4,513650.0,3897450.0,421.8353987766608
1760952,110528510,OAK: SAWTOOTH,20.0,1,,35.22288572019847,-80.84700387224929,1,1,4,513650.0,3897450.0,421.8353987766608
1760955,110528513,OAK: SAWTOOTH,22.0,1,,35.22411055027168,-80.84523227263145,1,1,4,513650.0,3897450.0,630.7473186360126
1760955,110528513,OAK: SAWTOOTH,22.0,1,,35.22411055027168,-80.84523227263145,1,1,4,513650.0,3897450.0,630.7473186360126
1760955,110528513,OAK: SAWTOOTH,22.0,1,,35.22411055027168,-80.84523227263145,1,1,4,513650.0,3897450.0,630.7473186360126
1760956,110528514,OAK: SAWTOOTH,20.0,1,,35.22418615062127,-80.8451169326744,1,1,4,513650.0,3897450.0,644.0595866385696
1760956,110528514,OAK: SAWTOOTH,20.0,1,,35.22418615062127,-80.8451169326744,1,1,4,513650.0,3897450.0,644.0595866385696
1760956,110528514,OAK: SAWTOOTH,20.0,1,,35.22418615062127,-80.8451169326744,1,1,4,513650.0,3897450.0,644.0595866385696
1760957,110528515,OAK: SAWTOOTH,26.0,1,,35.224611221054055,-80.84451478229401,1,0,6,514550.0,3897450.0,650.9809675899883
1760957,110528515,OAK: SAWTOOTH,26.0,1,,35.224611221054055,-80.84451478229401,1,0,6,514550.0,3897450.0,650.9809675899883
1760957,110528515,OAK: SAWTOOTH,26.0,1,,35.224611221054055,-80.84451478229401,1,0,6,514550.0,3897450.0,650.9809675899883
1760961,110528519,OAK: SAWTOOTH,6.0,1,,35.22651197151476,-80.841727961415,1,3,7,514550.0,3898550.0,403.52811118635566
1760961,110528519,OAK: SAWTOOTH,6.0,1,,35.22651197151476,-80.841727961415,1,3,7,514550.0,3898550.0,403.52811118635566
1760961,110528519,OAK: SAWTOOTH,6.0,1,,35.22651197151476,-80.841727961415,1,3,7,514550.0,3898550.0,403.52811118635566
1760962,110528520,OAK: SAWTOOTH,5.0,1,N COLLEGE ST,35.22678366129712,-80.84136721110814,1,3,7,514550.0,3898550.0,363.98378227877856
1760962,110528520,OAK: SAWTOOTH,5.0,1,N COLLEGE ST,35.22678366129712,-80.84136721110814,1,3,7,514550.0,3898550.0,363.98378227877856
1760962,110528520,OAK: SAWTOOTH,5.0,1,N COLLEGE ST,35.22678366129712,-80.84136721110814,1,3,7,514550.0,3898550.0,363.98378227877856
1760963,110528521,OAK: SAWTOOTH,5.0,1,,35.22687239094082,-80.84122639157493,1,3,7,514550.0,3898550.0,350.7131733544211
1760963,110528521,OAK: SAWTOOTH,5.0,1,,35.22687239094082,-80.84122639157493,1,3,7,514550.0,3898550.0,350.7131733544211
1760963,110528521,OAK: SAWTOOTH,5.0,1,,35.22687239094082,-80.84122639157493,1,3,7,514550.0,3898550.0,350.7131733544211
1760964,110528522,OAK: SAWTOOTH,9.0,1,,35.22694031126619,-80.8411311708484,1,3,7,514550.0,3898550.0,341.03561219640073
1760964,110528522,OAK: SAWTOOTH,9.0,1,,35.22694031126619,-80.8411311708484,1,3,7,514550.0,3898550.0,341.03561219640073
1760964,110528522,OAK: SAWTOOTH,9.0,1,,35.22694031126619,-80.8411311708484,1,3,7,514550.0,3898550.0,341.03561219640073
1760965,110528523,OAK: SAWTOOTH,7.0,1,,35.22720981171859,-80.84071811128348,1,3,7,514550.0,3898550.0,303.26773944580583
1760965,110528523,OAK: SAWTOOTH,7.0,1,,35.22720981171859,-80.84071811128348,1,3,7,514550.0,3898550.0,303.26773944580583
1760965,110528523,OAK: SAWTOOTH,7.0,1,,35.22720981171859,-80.84071811128348,1,3,7,514550.0,3898550.0,303.26773944580583
1760966,110528524,OAK: SAWTOOTH,9.0,1,,35.22729416175772,-80.8406081414577,1,3,7,514550.0,3898550.0,292.3379337355106
1760966,110528524,OAK: SAWTOOTH,9.0,1,,35.22729416175772,-80.8406081414577,1,3,7,514550.0,3898550.0,292.3379337355106
1760966,110528524,OAK: SAWTOOTH,9.0,1,,35.22729416175772,-80.8406081414577,1,3,7,514550.0,3898550.0,292.3379337355106
1760967,110528525,OAK: SAWTOOTH,9.0,1,,35.227351131130774,-80.84053036087818,1,3,7,514550.0,3898550.0,285.04759079181264
1760967,110528525,OAK: SAWTOOTH,9.0,1,,35.227351131130774,-80.84053036087818,1,3,7,514550.0,3898550.0,285.04759079181264
1760967,110528525,OAK: SAWTOOTH,9.0,1,,35.227351131130774,-80.84053036087818,1,3,7,514550.0,3898550.0,285.04759079181264
1760968,110528526,OAK: SAWTOOTH,6.0,1,,35.2274037219253,-80.84046196067102,1,3,7,514550.0,3898550.0,278.47132602648526
1760968,110528526,OAK: SAWTOOTH,6.0,1,,35.2274037219253,-80.84046196067102,1,3,7,514550.0,3898550.0,278.47132602648526
1760968,110528526,OAK: SAWTOOTH,6.0,1,,35.2274037219253,-80.84046196067102,1,3,7,514550.0,3898550.0,278.47132602648526
1760969,110528527,OAK: SAWTOOTH,5.0,1,,35.22747383143502,-80.84037345134927,1,3,7,514550.0,3898550.0,269.8966689387698
1760969,110528527,OAK: SAWTOOTH,5.0,1,,35.22747383143502,-80.84037345134927,1,3,7,514550.0,3898550.0,269.8966689387698
1760970,110528528,OAK: SAWTOOTH,5.0,1,,35.227539561214,-80.84027555137311,1,3,7,514550.0,3898550.0,261.9520990691632
1760970,110528528,OAK: SAWTOOTH,5.0,1,,35.227539561214,-80.84027555137311,1,3,7,514550.0,3898550.0,261.9520990691632
1760971,110528529,OAK: SAWTOOTH,6.0,1,,35.22775099149965,-80.8399831908323,1,3,7,514550.0,3898550.0,238.27707765720066
1760971,110528529,OAK: SAWTOOTH,6.0,1,,35.22775099149965,-80.8399831908323,1,3,7,514550.0,3898550.0,238.27707765720066
1760971,110528529,OAK: SAWTOOTH,6.0,1,,35.22775099149965,-80.8399831908323,1,3,7,514550.0,3898550.0,238.27707765720066
1760972,110528530,OAK: SAWTOOTH,5.0,1,,35.22777947118878,-80.83994832057066,1,3,7,514550.0,3898550.0,235.28972405243482
1760972,110528530,OAK: SAWTOOTH,5.0,1,,35.22777947118878,-80.83994832057066,1,3,7,514550.0,3898550.0,235.28972405243482
1760972,110528530,OAK: SAWTOOTH,5.0,1,,35.22777947118878,-80.83994832057066,1,3,7,514550.0,3898550.0,235.28972405243482
1760973,110528531,OAK: SAWTOOTH,16.0,1,,35.22757023169334,-80.84001671070786,1,3,7,514550.0,3898550.0,258.1941800554005
1760973,110528531,OAK: SAWTOOTH,16.0,1,,35.22757023169334,-80.84001671070786,1,3,7,514550.0,3898550.0,258.1941800554005
1760974,110528532,OAK: SAWTOOTH,13.0,1,,35.22752313111455,-80.84008511120996,1,3,7,514550.0,3898550.0,263.3046001656699
1760974,110528532,OAK: SAWTOOTH,13.0,1,,35.22752313111455,-80.84008511120996,1,3,7,514550.0,3898550.0,263.3046001656699
1760975,110528533,OAK: SAWTOOTH,12.0,1,,35.22743658117977,-80.84021117148092,1,3,7,514550.0,3898550.0,273.0777896129112
1760975,110528533,OAK: SAWTOOTH,12.0,1,,35.22743658117977,-80.84021117148092,1,3,7,514550.0,3898550.0,273.0777896129112
1760976,110528534,OAK: SAWTOOTH,16.0,1,,35.22739276154469,-80.84027287063992,1,3,7,514550.0,3898550.0,278.19081591917836
1760976,110528534,OAK: SAWTOOTH,16.0,1,,35.22739276154469,-80.84027287063992,1,3,7,514550.0,3898550.0,278.19081591917836
1760977,110528535,OAK: SAWTOOTH,12.0,1,,35.22735442115862,-80.84033456058515,1,3,7,514550.0,3898550.0,282.80014966204845
1760977,110528535,OAK: SAWTOOTH,12.0,1,,35.22735442115862,-80.84033456058515,1,3,7,514550.0,3898550.0,282.80014966204845
1760977,110528535,OAK: SAWTOOTH,12.0,1,,35.22735442115862,-80.84033456058515,1,3,7,514550.0,3898550.0,282.80014966204845
1760978,110528536,OAK: SAWTOOTH,11.0,1,,35.22731607116066,-80.84039356147362,1,3,7,514550.0,3898550.0,287.48649944436045
1760978,110528536,OAK: SAWTOOTH,11.0,1,,35.22731607116066,-80.84039356147362,1,3,7,514550.0,3898550.0,287.48649944436045
1760978,110528536,OAK: SAWTOOTH,11.0,1,,35.22731607116066,-80.84039356147362,1,3,7,514550.0,3898550.0,287.48649944436045
1760979,110528537,OAK: SAWTOOTH,13.0,1,,35.22727445187683,-80.84046062070176,1,3,7,514550.0,3898550.0,292.6994028037645
1760979,110528537,OAK: SAWTOOTH,13.0,1,,35.22727445187683,-80.84046062070176,1,3,7,514550.0,3898550.0,292.6994028037645
1760979,110528537,OAK: SAWTOOTH,13.0,1,,35.22727445187683,-80.84046062070176,1,3,7,514550.0,3898550.0,292.6994028037645
1760980,110528538,OAK: SAWTOOTH,15.0,1,,35.227232821781705,-80.84051292154732,1,3,7,514550.0,3898550.0,297.8473479051125
1760980,110528538,OAK: SAWTOOTH,15.0,1,,35.227232821781705,-80.84051292154732,1,3,7,514550.0,3898550.0,297.8473479051125
1760980,110528538,OAK: SAWTOOTH,15.0,1,,35.227232821781705,-80.84051292154732,1,3,7,514550.0,3898550.0,297.8473479051125
1760981,110528539,OAK: SAWTOOTH,18.0,1,,35.22714518180082,-80.84065240127279,1,3,7,514550.0,3898550.0,309.29099787767666
1760981,110528539,OAK: SAWTOOTH,18.0,1,,35.22714518180082,-80.84065240127279,1,3,7,514550.0,3898550.0,309.29099787767666
1760981,110528539,OAK: SAWTOOTH,18.0,1,,35.22714518180082,-80.84065240127279,1,3,7,514550.0,3898550.0,309.29099787767666
1760982,110528540,OAK: SAWTOOTH,19.0,1,,35.23100018265211,-80.83539929021988,1,3,7,514550.0,3898550.0,445.09503922692215
1760983,110528541,OAK: SAWTOOTH,12.0,1,,35.22585246072705,-80.84270026117703,1,3,7,514550.0,3898550.0,507.05803620418993
1760983,110528541,OAK: SAWTOOTH,12.0,1,,35.22585246072705,-80.84270026117703,1,3,7,514550.0,3898550.0,507.05803620418993
1760983,110528541,OAK: SAWTOOTH,12.0,1,,35.22585246072705,-80.84270026117703,1,3,7,514550.0,3898550.0,507.05803620418993
1760984,110528542,OAK: SAWTOOTH,13.0,1,,35.225887521024966,-80.84264528207119,1,3,7,514550.0,3898550.0,501.2925483214375
1760984,110528542,OAK: SAWTOOTH,13.0,1,,35.225887521024966,-80.84264528207119,1,3,7,514550.0,3898550.0,501.2925483214375
1760984,110528542,OAK: SAWTOOTH,13.0,1,,35.225887521024966,-80.84264528207119,1,3,7,514550.0,3898550.0,501.2925483214375
1760986,110528544,OAK: SAWTOOTH,13.0,1,,35.226143870726446,-80.84226038191476,1,3,7,514550.0,3898550.0,460.25545830312007
1760986,110528544,OAK: SAWTOOTH,13.0,1,,35.226143870726446,-80.84226038191476,1,3,7,514550.0,3898550.0,460.25545830312007
1760986,110528544,OAK: SAWTOOTH,13.0,1,,35.226143870726446,-80.84226038191476,1,3,7,514550.0,3898550.0,460.25545830312007
1760987,110528545,OAK: SAWTOOTH,13.0,1,,35.2221768805289,-80.84765028248991,1,1,4,513650.0,3897450.0,323.9096293764707
1760987,110528545,OAK: SAWTOOTH,13.0,1,,35.2221768805289,-80.84765028248991,1,1,4,513650.0,3897450.0,323.9096293764707
1760988,110528546,OAK: SAWTOOTH,14.0,1,,35.222268910534055,-80.84762480270007,1,1,4,513650.0,3897450.0,333.12334402682694
1760988,110528546,OAK: SAWTOOTH,14.0,1,,35.222268910534055,-80.84762480270007,1,1,4,513650.0,3897450.0,333.12334402682694
1760989,110528547,OAK: SAWTOOTH,10.0,1,,35.221913940414545,-80.84803652285068,1,1,4,513650.0,3897450.0,278.85931959115976
1760989,110528547,OAK: SAWTOOTH,10.0,1,,35.221913940414545,-80.84803652285068,1,1,4,513650.0,3897450.0,278.85931959115976
1760990,110528548,OAK: SAWTOOTH,4.0,1,,35.221955579840824,-80.84807005284009,1,1,4,513650.0,3897450.0,280.4741708746374
1760990,110528548,OAK: SAWTOOTH,4.0,1,,35.221955579840824,-80.84807005284009,1,1,4,513650.0,3897450.0,280.4741708746374
1760991,110528549,OAK: SAWTOOTH,4.0,1,,35.22185477992136,-80.84822964358051,1,1,4,513650.0,3897450.0,262.6780011762451
1760992,110528550,OAK: SAWTOOTH,4.0,1,,35.22176165967984,-80.84838387278272,1,1,4,513650.0,3897450.0,245.93393270944713
1760992,110528550,OAK: SAWTOOTH,4.0,1,,35.22176165967984,-80.84838387278272,1,1,4,513650.0,3897450.0,245.93393270944713
1760993,110528551,OAK: SAWTOOTH,12.0,1,,35.22295803015421,-80.84691536282196,1,1,4,513650.0,3897450.0,433.16456348018653
1760993,110528551,OAK: SAWTOOTH,12.0,1,,35.22295803015421,-80.84691536282196,1,1,4,513650.0,3897450.0,433.16456348018653
1760994,110528552,OAK: SAWTOOTH,16.0,1,,35.22303472048709,-80.84680539286471,1,1,4,513650.0,3897450.0,446.1387536857216
1760994,110528552,OAK: SAWTOOTH,16.0,1,,35.22303472048709,-80.84680539286471,1,1,4,513650.0,3897450.0,446.1387536857216
1760995,110528553,OAK: SAWTOOTH,10.0,1,,35.223195760097745,-80.8465666724795,1,1,4,513650.0,3897450.0,473.8805575238177
1760995,110528553,OAK: SAWTOOTH,10.0,1,,35.223195760097745,-80.8465666724795,1,1,4,513650.0,3897450.0,473.8805575238177
1760996,110528554,OAK: SAWTOOTH,16.0,1,,35.22330094039132,-80.84641512259788,1,1,4,513650.0,3897450.0,491.7584816825497
1760996,110528554,OAK: SAWTOOTH,16.0,1,,35.22330094039132,-80.84641512259788,1,1,4,513650.0,3897450.0,491.7584816825497
1760997,110528555,OAK: SAWTOOTH,8.0,1,,35.22335572031705,-80.84634807237418,1,1,4,513650.0,3897450.0,500.3539460257995
1760997,110528555,OAK: SAWTOOTH,8.0,1,,35.22335572031705,-80.84634807237418,1,1,4,513650.0,3897450.0,500.3539460257995
1760998,110528556,OAK: SAWTOOTH,13.0,1,,35.223418160877486,-80.84625151280946,1,1,4,513650.0,3897450.0,511.3760997286354
1760998,110528556,OAK: SAWTOOTH,13.0,1,,35.223418160877486,-80.84625151280946,1,1,4,513650.0,3897450.0,511.3760997286354
1760999,110528557,OAK: SAWTOOTH,9.0,1,,35.223466370557055,-80.84618848214062,1,1,4,513650.0,3897450.0,519.1878502769382
1760999,110528557,OAK: SAWTOOTH,9.0,1,,35.223466370557055,-80.84618848214062,1,1,4,513650.0,3897450.0,519.1878502769382
1761000,110528558,OAK: SAWTOOTH,14.0,1,,35.22365919064032,-80.84589478234568,1,1,4,513650.0,3897450.0,552.9978628618563
1761000,110528558,OAK: SAWTOOTH,14.0,1,,35.22365919064032,-80.84589478234568,1,1,4,513650.0,3897450.0,552.9978628618563
1761000,110528558,OAK: SAWTOOTH,14.0,1,,35.22365919064032,-80.84589478234568,1,1,4,513650.0,3897450.0,552.9978628618563
1761001,110528559,OAK: SAWTOOTH,13.0,1,,35.22428037040527,-80.84498148270491,1,0,6,514550.0,3897450.0,650.5257927089033
1761001,110528559,OAK: SAWTOOTH,13.0,1,,35.22428037040527,-80.84498148270491,1,0,6,514550.0,3897450.0,650.5257927089033
1761001,110528559,OAK: SAWTOOTH,13.0,1,,35.22428037040527,-80.84498148270491,1,0,6,514550.0,3897450.0,650.5257927089033
1761002,110528560,OAK: SAWTOOTH,16.0,1,,35.22431542098312,-80.84492650210184,1,0,6,514550.0,3897450.0,650.0055385696845
1761002,110528560,OAK: SAWTOOTH,16.0,1,,35.22431542098312,-80.84492650210184,1,0,6,514550.0,3897450.0,650.0055385696845
1761002,110528560,OAK: SAWTOOTH,16.0,1,,35.22431542098312,-80.84492650210184,1,0,6,514550.0,3897450.0,650.0055385696845
1761003,110528561,OAK: SAWTOOTH,16.0,1,,35.22442060063721,-80.84479105271613,1,0,6,514550.0,3897450.0,650.5658290572618
1761003,110528561,OAK: SAWTOOTH,16.0,1,,35.22442060063721,-80.84479105271613,1,0,6,514550.0,3897450.0,650.5658290572618
1761003,110528561,OAK: SAWTOOTH,16.0,1,,35.22442060063721,-80.84479105271613,1,0,6,514550.0,3897450.0,650.5658290572618
1761004,110528562,OAK: SAWTOOTH,17.0,1,,35.22446003045587,-80.84475752242254,1,0,6,514550.0,3897450.0,651.9044007566927
1761004,110528562,OAK: SAWTOOTH,17.0,1,,35.22446003045587,-80.84475752242254,1,0,6,514550.0,3897450.0,651.9044007566927
1761004,110528562,OAK: SAWTOOTH,17.0,1,,35.22446003045587,-80.84475752242254,1,0,6,514550.0,3897450.0,651.9044007566927
1761005,110528563,OAK: SAWTOOTH,16.0,1,,35.22449838040743,-80.84469985182365,1,0,6,514550.0,3897450.0,651.7854338018732
1761005,110528563,OAK: SAWTOOTH,16.0,1,,35.22449838040743,-80.84469985182365,1,0,6,514550.0,3897450.0,651.7854338018732
1761005,110528563,OAK: SAWTOOTH,16.0,1,,35.22449838040743,-80.84469985182365,1,0,6,514550.0,3897450.0,651.7854338018732
1761006,110528564,OAK: SAWTOOTH,11.0,1,,35.22453234033707,-80.84431898156357,1,0,6,514550.0,3897450.0,633.1939940177886
1761006,110528564,OAK: SAWTOOTH,11.0,1,,35.22453234033707,-80.84431898156357,1,0,6,514550.0,3897450.0,633.1939940177886
1761006,110528564,OAK: SAWTOOTH,11.0,1,,35.22453234033707,-80.84431898156357,1,0,6,514550.0,3897450.0,633.1939940177886
1761007,110528565,OAK: SAWTOOTH,12.0,1,,35.22449181047335,-80.84438067174507,1,0,6,514550.0,3897450.0,633.0365012814763
1761007,110528565,OAK: SAWTOOTH,12.0,1,,35.22449181047335,-80.84438067174507,1,0,6,514550.0,3897450.0,633.0365012814763
1761007,110528565,OAK: SAWTOOTH,12.0,1,,35.22449181047335,-80.84438067174507,1,0,6,514550.0,3897450.0,633.0365012814763
1761008,110528566,OAK: SAWTOOTH,12.0,1,,35.224445790322484,-80.84444504159671,1,0,6,514550.0,3897450.0,632.6352845099033
1761008,110528566,OAK: SAWTOOTH,12.0,1,,35.224445790322484,-80.84444504159671,1,0,6,514550.0,3897450.0,632.6352845099033
1761008,110528566,OAK: SAWTOOTH,12.0,1,,35.224445790322484,-80.84444504159671,1,0,6,514550.0,3897450.0,632.6352845099033
1761009,110528567,OAK: SAWTOOTH,9.0,1,,35.22439978061271,-80.84450003251942,1,0,6,514550.0,3897450.0,631.7915682049293
1761009,110528567,OAK: SAWTOOTH,9.0,1,,35.22439978061271,-80.84450003251942,1,0,6,514550.0,3897450.0,631.7915682049293
1761009,110528567,OAK: SAWTOOTH,9.0,1,,35.22439978061271,-80.84450003251942,1,0,6,514550.0,3897450.0,631.7915682049293
1761010,110528568,OAK: SAWTOOTH,9.0,1,,35.22436472108527,-80.84455904234063,1,0,6,514550.0,3897450.0,632.1954571039992
1761010,110528568,OAK: SAWTOOTH,9.0,1,,35.22436472108527,-80.84455904234063,1,0,6,514550.0,3897450.0,632.1954571039992
1761010,110528568,OAK: SAWTOOTH,9.0,1,,35.22436472108527,-80.84455904234063,1,0,6,514550.0,3897450.0,632.1954571039992
1761011,110528569,OAK: SAWTOOTH,11.0,1,,35.22433186043034,-80.84461268168687,1,0,6,514550.0,3897450.0,632.5386939095409
1761011,110528569,OAK: SAWTOOTH,11.0,1,,35.22433186043034,-80.84461268168687,1,0,6,514550.0,3897450.0,632.5386939095409
1761011,110528569,OAK: SAWTOOTH,11.0,1,,35.22433186043034,-80.84461268168687,1,0,6,514550.0,3897450.0,632.5386939095409
1761012,110528570,OAK: SAWTOOTH,9.0,1,,35.22429680111687,-80.84465559227085,1,0,6,514550.0,3897450.0,632.1181017338237
1761012,110528570,OAK: SAWTOOTH,9.0,1,,35.22429680111687,-80.84465559227085,1,0,6,514550.0,3897450.0,632.1181017338237
1761012,110528570,OAK: SAWTOOTH,9.0,1,,35.22429680111687,-80.84465559227085,1,0,6,514550.0,3897450.0,632.1181017338237
1761013,110528571,OAK: SAWTOOTH,9.0,1,,35.22426503045848,-80.84469717197783,1,0,6,514550.0,3897450.0,631.9397618148366
1761013,110528571,OAK: SAWTOOTH,9.0,1,,35.22426503045848,-80.84469717197783,1,0,6,514550.0,3897450.0,631.9397618148366
1761013,110528571,OAK: SAWTOOTH,9.0,1,,35.22426503045848,-80.84469717197783,1,0,6,514550.0,3897450.0,631.9397618148366
1761014,110528572,OAK: SAWTOOTH,9.0,1,,35.22417300058168,-80.84484335185203,1,0,6,514550.0,3897450.0,633.2486376438424
1761014,110528572,OAK: SAWTOOTH,9.0,1,,35.22417300058168,-80.84484335185203,1,0,6,514550.0,3897450.0,633.2486376438424
1761014,110528572,OAK: SAWTOOTH,9.0,1,,35.22417300058168,-80.84484335185203,1,0,6,514550.0,3897450.0,633.2486376438424
1761015,110528573,OAK: SAWTOOTH,11.0,1,,35.22407002032202,-80.84498953277163,1,0,6,514550.0,3897450.0,634.1282870059536
1761015,110528573,OAK: SAWTOOTH,11.0,1,,35.22407002032202,-80.84498953277163,1,0,6,514550.0,3897450.0,634.1282870059536
1761015,110528573,OAK: SAWTOOTH,11.0,1,,35.22407002032202,-80.84498953277163,1,0,6,514550.0,3897450.0,634.1282870059536
1761016,110528574,OAK: SAWTOOTH,19.0,1,,35.22381476061928,-80.8453824724794,1,1,4,513650.0,3897450.0,597.6996679662353
1761016,110528574,OAK: SAWTOOTH,19.0,1,,35.22381476061928,-80.8453824724794,1,1,4,513650.0,3897450.0,597.6996679662353
1761016,110528574,OAK: SAWTOOTH,19.0,1,,35.22381476061928,-80.8453824724794,1,1,4,513650.0,3897450.0,597.6996679662353
1761017,110528575,OAK: SAWTOOTH,14.0,1,,35.223788460932056,-80.84541600193594,1,1,4,513650.0,3897450.0,593.4800554712725
1761017,110528575,OAK: SAWTOOTH,14.0,1,,35.223788460932056,-80.84541600193594,1,1,4,513650.0,3897450.0,593.4800554712725
1761017,110528575,OAK: SAWTOOTH,14.0,1,,35.223788460932056,-80.84541600193594,1,1,4,513650.0,3897450.0,593.4800554712725
1761018,110528576,OAK: SAWTOOTH,13.0,1,,35.223745740177854,-80.84547233216927,1,1,4,513650.0,3897450.0,586.5062522556426
1761018,110528576,OAK: SAWTOOTH,13.0,1,,35.223745740177854,-80.84547233216927,1,1,4,513650.0,3897450.0,586.5062522556426
1761018,110528576,OAK: SAWTOOTH,13.0,1,,35.223745740177854,-80.84547233216927,1,1,4,513650.0,3897450.0,586.5062522556426
1761019,110528577,OAK: SAWTOOTH,14.0,1,,35.22372602063384,-80.84550585244193,1,1,4,513650.0,3897450.0,582.8056846987164
1761019,110528577,OAK: SAWTOOTH,14.0,1,,35.22372602063384,-80.84550585244193,1,1,4,513650.0,3897450.0,582.8056846987164
1761019,110528577,OAK: SAWTOOTH,14.0,1,,35.22372602063384,-80.84550585244193,1,1,4,513650.0,3897450.0,582.8056846987164
1761020,110528578,OAK: SAWTOOTH,13.0,1,,35.22370082069779,-80.84554341282048,1,1,4,513650.0,3897450.0,578.4150502641392
1761020,110528578,OAK: SAWTOOTH,13.0,1,,35.22370082069779,-80.84554341282048,1,1,4,513650.0,3897450.0,578.4150502641392
1761020,110528578,OAK: SAWTOOTH,13.0,1,,35.22370082069779,-80.84554341282048,1,1,4,513650.0,3897450.0,578.4150502641392
1761021,110528579,OAK: SAWTOOTH,14.0,1,,35.223631800570416,-80.84563460285531,1,1,4,513650.0,3897450.0,567.1377285164264
1761021,110528579,OAK: SAWTOOTH,14.0,1,,35.223631800570416,-80.84563460285531,1,1,4,513650.0,3897450.0,567.1377285164264
1761021,110528579,OAK: SAWTOOTH,14.0,1,,35.223631800570416,-80.84563460285531,1,1,4,513650.0,3897450.0,567.1377285164264
1761022,110528580,OAK: SAWTOOTH,12.0,1,,35.223600030941796,-80.84567349211105,1,1,4,513650.0,3897450.0,562.1441160213394
1761022,110528580,OAK: SAWTOOTH,12.0,1,,35.223600030941796,-80.84567349211105,1,1,4,513650.0,3897450.0,562.1441160213394
1761022,110528580,OAK: SAWTOOTH,12.0,1,,35.223600030941796,-80.84567349211105,1,1,4,513650.0,3897450.0,562.1441160213394
1761023,110528581,OAK: SAWTOOTH,11.0,1,,35.223574830335004,-80.84571239285064,1,1,4,513650.0,3897450.0,557.6687027882701
1761023,110528581,OAK: SAWTOOTH,11.0,1,,35.223574830335004,-80.84571239285064,1,1,4,513650.0,3897450.0,557.6687027882701
1761023,110528581,OAK: SAWTOOTH,11.0,1,,35.223574830335004,-80.84571239285064,1,1,4,513650.0,3897450.0,557.6687027882701
1761024,110528582,OAK: SAWTOOTH,15.0,1,,35.223551820217125,-80.8457526221599,1,1,4,513650.0,3897450.0,553.2824778813623
1761024,110528582,OAK: SAWTOOTH,15.0,1,,35.223551820217125,-80.8457526221599,1,1,4,513650.0,3897450.0,553.2824778813623
1761024,110528582,OAK: SAWTOOTH,15.0,1,,35.223551820217125,-80.8457526221599,1,1,4,513650.0,3897450.0,553.2824778813623
1761025,110528583,OAK: SAWTOOTH,12.0,1,,35.22352881006896,-80.8457928525448,1,1,4,513650.0,3897450.0,548.89741279427
1761025,110528583,OAK: SAWTOOTH,12.0,1,,35.22352881006896,-80.8457928525448,1,1,4,513650.0,3897450.0,548.89741279427
1761025,110528583,OAK: SAWTOOTH,12.0,1,,35.22352881006896,-80.8457928525448,1,1,4,513650.0,3897450.0,548.89741279427
1761026,110528584,OAK: SAWTOOTH,18.0,1,,35.22340392017824,-80.84596585295678,1,1,4,513650.0,3897450.0,527.9894080783687
1761026,110528584,OAK: SAWTOOTH,18.0,1,,35.22340392017824,-80.84596585295678,1,1,4,513650.0,3897450.0,527.9894080783687
1761026,110528584,OAK: SAWTOOTH,18.0,1,,35.22340392017824,-80.84596585295678,1,1,4,513650.0,3897450.0,527.9894080783687
1761027,110528585,OAK: SAWTOOTH,14.0,1,,35.223354620662256,-80.84603425279587,1,1,4,513650.0,3897450.0,519.7305405273866
1761027,110528585,OAK: SAWTOOTH,14.0,1,,35.223354620662256,-80.84603425279587,1,1,4,513650.0,3897450.0,519.7305405273866
1761028,110528586,OAK: SAWTOOTH,11.0,1,,35.223166180007226,-80.84632661217651,1,1,4,513650.0,3897450.0,486.22604179038376
1761028,110528586,OAK: SAWTOOTH,11.0,1,,35.223166180007226,-80.84632661217651,1,1,4,513650.0,3897450.0,486.22604179038376
1761029,110528587,OAK: SAWTOOTH,13.0,1,,35.22309826051513,-80.84643390285237,1,1,4,513650.0,3897450.0,474.041682728476
1761029,110528587,OAK: SAWTOOTH,13.0,1,,35.22309826051513,-80.84643390285237,1,1,4,513650.0,3897450.0,474.041682728476
1761030,110528588,OAK: SAWTOOTH,14.0,1,,35.222788210154704,-80.8468429425466,1,1,4,513650.0,3897450.0,423.49785816144
1761030,110528588,OAK: SAWTOOTH,14.0,1,,35.222788210154704,-80.8468429425466,1,1,4,513650.0,3897450.0,423.49785816144
1761031,110528589,OAK: SAWTOOTH,11.0,1,,35.22271591051509,-80.84697034223406,1,1,4,513650.0,3897450.0,409.7428371436344
1761031,110528589,OAK: SAWTOOTH,11.0,1,,35.22271591051509,-80.84697034223406,1,1,4,513650.0,3897450.0,409.7428371436344
1761041,110528599,OAK: SAWTOOTH,20.0,1,,35.22151187003377,-80.84880497342522,1,1,4,513650.0,3897450.0,201.22253425168017
1761041,110528599,OAK: SAWTOOTH,20.0,1,,35.22151187003377,-80.84880497342522,1,1,4,513650.0,3897450.0,201.22253425168017
1761042,110528600,OAK: SAWTOOTH,26.0,1,,35.22457507057045,-80.84457781213322,1,0,6,514550.0,3897450.0,651.377004281942
1761042,110528600,OAK: SAWTOOTH,26.0,1,,35.22457507057045,-80.84457781213322,1,0,6,514550.0,3897450.0,651.377004281942
1761042,110528600,OAK: SAWTOOTH,26.0,1,,35.22457507057045,-80.84457781213322,1,0,6,514550.0,3897450.0,651.377004281942
1761043,110528601,OAK: SAWTOOTH,23.0,1,,35.22465395096373,-80.8444611321826,1,0,6,514550.0,3897450.0,651.7575807291188
1761043,110528601,OAK: SAWTOOTH,23.0,1,,35.22465395096373,-80.8444611321826,1,0,6,514550.0,3897450.0,651.7575807291188
1761043,110528601,OAK: SAWTOOTH,23.0,1,,35.22465395096373,-80.8444611321826,1,0,6,514550.0,3897450.0,651.7575807291188
1761057,110528615,OAK: SAWTOOTH,6.0,1,,35.2264276115471,-80.84185000129496,1,3,7,514550.0,3898550.0,416.360622472461
1761057,110528615,OAK: SAWTOOTH,6.0,1,,35.2264276115471,-80.84185000129496,1,3,7,514550.0,3898550.0,416.360622472461
1761057,110528615,OAK: SAWTOOTH,6.0,1,,35.2264276115471,-80.84185000129496,1,3,7,514550.0,3898550.0,416.360622472461
1761058,110528616,OAK: SAWTOOTH,7.0,1,,35.226301361362935,-80.8417325716943,1,3,7,514550.0,3898550.0,425.49135269694835
1761058,110528616,OAK: SAWTOOTH,7.0,1,,35.226301361362935,-80.8417325716943,1,3,7,514550.0,3898550.0,425.49135269694835
1761058,110528616,OAK: SAWTOOTH,7.0,1,,35.226301361362935,-80.8417325716943,1,3,7,514550.0,3898550.0,425.49135269694835
1761059,110528617,OAK: SAWTOOTH,6.0,1,,35.226377431248,-80.84162436176692,1,3,7,514550.0,3898550.0,414.1991756698659
1761059,110528617,OAK: SAWTOOTH,6.0,1,,35.226377431248,-80.84162436176692,1,3,7,514550.0,3898550.0,414.1991756698659
1761059,110528617,OAK: SAWTOOTH,6.0,1,,35.226377431248,-80.84162436176692,1,3,7,514550.0,3898550.0,414.1991756698659
1761060,110528618,OAK: SAWTOOTH,7.0,1,N COLLEGE ST,35.22644927143991,-80.84153268189125,1,3,7,514550.0,3898550.0,403.9345238135442
1761060,110528618,OAK: SAWTOOTH,7.0,1,N COLLEGE ST,35.22644927143991,-80.84153268189125,1,3,7,514550.0,3898550.0,403.9345238135442
1761060,110528618,OAK: SAWTOOTH,7.0,1,N COLLEGE ST,35.22644927143991,-80.84153268189125,1,3,7,514550.0,3898550.0,403.9345238135442
1761061,110528619,OAK: SAWTOOTH,6.0,1,,35.226726481434845,-80.84107767130504,1,3,7,514550.0,3898550.0,362.674875632386
1761061,110528619,OAK: SAWTOOTH,6.0,1,,35.226726481434845,-80.84107767130504,1,3,7,514550.0,3898550.0,362.674875632386
1761061,110528619,OAK: SAWTOOTH,6.0,1,,35.226726481434845,-80.84107767130504,1,3,7,514550.0,3898550.0,362.674875632386
1761062,110528620,OAK: SAWTOOTH,6.0,1,,35.2268016710155,-80.84097661109091,1,3,7,514550.0,3898550.0,352.4065452054887
1761062,110528620,OAK: SAWTOOTH,6.0,1,,35.2268016710155,-80.84097661109091,1,3,7,514550.0,3898550.0,352.4065452054887
1761062,110528620,OAK: SAWTOOTH,6.0,1,,35.2268016710155,-80.84097661109091,1,3,7,514550.0,3898550.0,352.4065452054887
1761063,110528621,OAK: SAWTOOTH,6.0,1,,35.22686962161461,-80.840874411339,1,3,7,514550.0,3898550.0,343.04487933091735
1761063,110528621,OAK: SAWTOOTH,6.0,1,,35.22686962161461,-80.840874411339,1,3,7,514550.0,3898550.0,343.04487933091735
1761063,110528621,OAK: SAWTOOTH,6.0,1,,35.22686962161461,-80.840874411339,1,3,7,514550.0,3898550.0,343.04487933091735
1761064,110528622,OAK: SAWTOOTH,11.0,1,,35.22699838175637,-80.8410453407482,1,3,7,514550.0,3898550.0,332.7485222880344
1761064,110528622,OAK: SAWTOOTH,11.0,1,,35.22699838175637,-80.8410453407482,1,3,7,514550.0,3898550.0,332.7485222880344
1761064,110528622,OAK: SAWTOOTH,11.0,1,,35.22699838175637,-80.8410453407482,1,3,7,514550.0,3898550.0,332.7485222880344
1761065,110528623,OAK: SAWTOOTH,12.0,1,,35.22719386187916,-80.8407562815437,1,3,7,514550.0,3898550.0,305.663430930429
1761065,110528623,OAK: SAWTOOTH,12.0,1,,35.22719386187916,-80.8407562815437,1,3,7,514550.0,3898550.0,305.663430930429
1761065,110528623,OAK: SAWTOOTH,12.0,1,,35.22719386187916,-80.8407562815437,1,3,7,514550.0,3898550.0,305.663430930429
1761066,110528624,OAK: SAWTOOTH,12.0,1,,35.227247061743874,-80.84067654140634,1,3,7,514550.0,3898550.0,298.52355967948813
1761066,110528624,OAK: SAWTOOTH,12.0,1,,35.227247061743874,-80.84067654140634,1,3,7,514550.0,3898550.0,298.52355967948813
1761066,110528624,OAK: SAWTOOTH,12.0,1,,35.227247061743874,-80.84067654140634,1,3,7,514550.0,3898550.0,298.52355967948813
1761067,110528625,OAK: SAWTOOTH,12.0,1,301 N COLLEGE ST,35.227970571356714,-80.83969678055934,1,3,7,514550.0,3898550.0,216.8428931962819
1761067,110528625,OAK: SAWTOOTH,12.0,1,301 N COLLEGE ST,35.227970571356714,-80.83969678055934,1,3,7,514550.0,3898550.0,216.8428931962819
1761067,110528625,OAK: SAWTOOTH,12.0,1,301 N COLLEGE ST,35.227970571356714,-80.83969678055934,1,3,7,514550.0,3898550.0,216.8428931962819
1761068,110528626,OAK: SAWTOOTH,13.0,1,301 N COLLEGE ST,35.22801131164006,-80.83964937044385,1,3,7,514550.0,3898550.0,213.1841587637155
1761068,110528626,OAK: SAWTOOTH,13.0,1,301 N COLLEGE ST,35.22801131164006,-80.83964937044385,1,3,7,514550.0,3898550.0,213.1841587637155
1761068,110528626,OAK: SAWTOOTH,13.0,1,301 N COLLEGE ST,35.22801131164006,-80.83964937044385,1,3,7,514550.0,3898550.0,213.1841587637155
1761069,110528627,OAK: SAWTOOTH,9.0,1,301 N COLLEGE ST,35.22804412210046,-80.83959888139204,1,3,7,514550.0,3898550.0,210.5670557523628
1761069,110528627,OAK: SAWTOOTH,9.0,1,301 N COLLEGE ST,35.22804412210046,-80.83959888139204,1,3,7,514550.0,3898550.0,210.5670557523628
1761069,110528627,OAK: SAWTOOTH,9.0,1,301 N COLLEGE ST,35.22804412210046,-80.83959888139204,1,3,7,514550.0,3898550.0,210.5670557523628
1761070,110528628,OAK: SAWTOOTH,11.0,1,,35.228127701881526,-80.83947955085225,1,3,7,514550.0,3898550.0,204.27282328613862
1761070,110528628,OAK: SAWTOOTH,11.0,1,,35.228127701881526,-80.83947955085225,1,3,7,514550.0,3898550.0,204.27282328613862
1761070,110528628,OAK: SAWTOOTH,11.0,1,,35.228127701881526,-80.83947955085225,1,3,7,514550.0,3898550.0,204.27282328613862
1761071,110528629,OAK: SAWTOOTH,16.0,1,,35.228156331597255,-80.83943344053124,1,3,7,514550.0,3898550.0,202.44621338653528
1761071,110528629,OAK: SAWTOOTH,16.0,1,,35.228156331597255,-80.83943344053124,1,3,7,514550.0,3898550.0,202.44621338653528
1761071,110528629,OAK: SAWTOOTH,16.0,1,,35.228156331597255,-80.83943344053124,1,3,7,514550.0,3898550.0,202.44621338653528
1761072,110528630,OAK: SAWTOOTH,19.0,1,,35.22820640191552,-80.83936052082436,1,3,7,514550.0,3898550.0,199.3060913969628
1761072,110528630,OAK: SAWTOOTH,19.0,1,,35.22820640191552,-80.83936052082436,1,3,7,514550.0,3898550.0,199.3060913969628
1761072,110528630,OAK: SAWTOOTH,19.0,1,,35.22820640191552,-80.83936052082436,1,3,7,514550.0,3898550.0,199.3060913969628
1761073,110528631,OAK: SAWTOOTH,17.0,1,,35.22050965000611,-80.83946920010003,1,0,6,514550.0,3897450.0,83.6481731883347
1761074,110528632,OAK: SAWTOOTH,5.0,1,,35.22598283092133,-80.84220003189888,1,3,7,514550.0,3898550.0,474.2317753089718
1761074,110528632,OAK: SAWTOOTH,5.0,1,,35.22598283092133,-80.84220003189888,1,3,7,514550.0,3898550.0,474.2317753089718
1761074,110528632,OAK: SAWTOOTH,5.0,1,,35.22598283092133,-80.84220003189888,1,3,7,514550.0,3898550.0,474.2317753089718
1761075,110528633,OAK: SAWTOOTH,5.0,1,,35.22591272093301,-80.8422965910735,1,3,7,514550.0,3898550.0,484.91099576320335
1761075,110528633,OAK: SAWTOOTH,5.0,1,,35.22591272093301,-80.8422965910735,1,3,7,514550.0,3898550.0,484.91099576320335
1761075,110528633,OAK: SAWTOOTH,5.0,1,,35.22591272093301,-80.8422965910735,1,3,7,514550.0,3898550.0,484.91099576320335
1761076,110528634,OAK: SAWTOOTH,11.0,1,,35.22584479096885,-80.84240120187154,1,3,7,514550.0,3898550.0,495.7272675605556
1761076,110528634,OAK: SAWTOOTH,11.0,1,,35.22584479096885,-80.84240120187154,1,3,7,514550.0,3898550.0,495.7272675605556
1761076,110528634,OAK: SAWTOOTH,11.0,1,,35.22584479096885,-80.84240120187154,1,3,7,514550.0,3898550.0,495.7272675605556
1761077,110528635,OAK: SAWTOOTH,6.0,1,,35.22577797146253,-80.84249239175747,1,3,7,514550.0,3898550.0,505.96628051180096
1761077,110528635,OAK: SAWTOOTH,6.0,1,,35.22577797146253,-80.84249239175747,1,3,7,514550.0,3898550.0,505.96628051180096
1761077,110528635,OAK: SAWTOOTH,6.0,1,,35.22577797146253,-80.84249239175747,1,3,7,514550.0,3898550.0,505.96628051180096
1761078,110528636,OAK: SAWTOOTH,10.0,1,,35.22570238124343,-80.8426010218932,1,3,7,514550.0,3898550.0,517.8117717167206
1761078,110528636,OAK: SAWTOOTH,10.0,1,,35.22570238124343,-80.8426010218932,1,3,7,514550.0,3898550.0,517.8117717167206
1761078,110528636,OAK: SAWTOOTH,10.0,1,,35.22570238124343,-80.8426010218932,1,3,7,514550.0,3898550.0,517.8117717167206
1761079,110528637,OAK: SAWTOOTH,9.0,1,,35.22561911064854,-80.8427284321105,1,3,7,514550.0,3898550.0,531.2377431738922
1761079,110528637,OAK: SAWTOOTH,9.0,1,,35.22561911064854,-80.8427284321105,1,3,7,514550.0,3898550.0,531.2377431738922
1761079,110528637,OAK: SAWTOOTH,9.0,1,,35.22561911064854,-80.8427284321105,1,3,7,514550.0,3898550.0,531.2377431738922
1761080,110528638,OAK: SAWTOOTH,9.0,1,,35.225576391291455,-80.84284376206732,1,3,7,514550.0,3898550.0,540.2383954441809
1761080,110528638,OAK: SAWTOOTH,9.0,1,,35.225576391291455,-80.84284376206732,1,3,7,514550.0,3898550.0,540.2383954441809
1761080,110528638,OAK: SAWTOOTH,9.0,1,,35.225576391291455,-80.84284376206732,1,3,7,514550.0,3898550.0,540.2383954441809
1761081,110528639,OAK: SAWTOOTH,14.0,1,,35.222275490559895,-80.8475148328292,1,1,4,513650.0,3897450.0,340.2755239746686
1761081,110528639,OAK: SAWTOOTH,14.0,1,,35.222275490559895,-80.8475148328292,1,1,4,513650.0,3897450.0,340.2755239746686
1761082,110528640,OAK: SAWTOOTH,8.0,1,,35.22222617991799,-80.84757652274051,1,1,4,513650.0,3897450.0,332.45649658182526
1761082,110528640,OAK: SAWTOOTH,8.0,1,,35.22222617991799,-80.84757652274051,1,1,4,513650.0,3897450.0,332.45649658182526
1761083,110528641,OAK: SAWTOOTH,13.0,1,,35.222220710180814,-80.8476985632187,1,1,4,513650.0,3897450.0,324.6978363277557
1761083,110528641,OAK: SAWTOOTH,13.0,1,,35.222220710180814,-80.8476985632187,1,1,4,513650.0,3897450.0,324.6978363277557
1761084,110528642,OAK: SAWTOOTH,15.0,1,,35.22212977023579,-80.84772941300466,1,1,4,513650.0,3897450.0,315.2290211168791
1761084,110528642,OAK: SAWTOOTH,15.0,1,,35.22212977023579,-80.84772941300466,1,1,4,513650.0,3897450.0,315.2290211168791
1761085,110528643,OAK: SAWTOOTH,12.0,1,,35.222167019837265,-80.84777769280564,1,1,4,513650.0,3897450.0,315.50024400536125
1761085,110528643,OAK: SAWTOOTH,12.0,1,,35.222167019837265,-80.84777769280564,1,1,4,513650.0,3897450.0,315.50024400536125
1761086,110528644,OAK: SAWTOOTH,11.0,1,,35.22205198986336,-80.8479265531204,1,1,4,513650.0,3897450.0,297.02364800768936
1761086,110528644,OAK: SAWTOOTH,11.0,1,,35.22205198986336,-80.8479265531204,1,1,4,513650.0,3897450.0,297.02364800768936
1761087,110528645,OAK: SAWTOOTH,15.0,1,,35.221680590388836,-80.84883984338438,1,1,4,513650.0,3897450.0,215.5573245498645
1761087,110528645,OAK: SAWTOOTH,15.0,1,,35.221680590388836,-80.84883984338438,1,1,4,513650.0,3897450.0,215.5573245498645
1761088,110528646,OAK: SAWTOOTH,9.0,1,,35.22386077093905,-80.8455916929789,1,1,4,513650.0,3897450.0,588.1496083659221
1761088,110528646,OAK: SAWTOOTH,9.0,1,,35.22386077093905,-80.8455916929789,1,1,4,513650.0,3897450.0,588.1496083659221
1761088,110528646,OAK: SAWTOOTH,9.0,1,,35.22386077093905,-80.8455916929789,1,1,4,513650.0,3897450.0,588.1496083659221
1761089,110528647,OAK: SAWTOOTH,8.0,1,,35.22389692053404,-80.84554341280018,1,1,4,513650.0,3897450.0,594.0794333834318
1761089,110528647,OAK: SAWTOOTH,8.0,1,,35.22389692053404,-80.84554341280018,1,1,4,513650.0,3897450.0,594.0794333834318
1761089,110528647,OAK: SAWTOOTH,8.0,1,,35.22389692053404,-80.84554341280018,1,1,4,513650.0,3897450.0,594.0794333834318
1761090,110528648,OAK: SAWTOOTH,10.0,1,,35.223930880292535,-80.8454830624939,1,1,4,513650.0,3897450.0,600.585843627846
1761090,110528648,OAK: SAWTOOTH,10.0,1,,35.223930880292535,-80.8454830624939,1,1,4,513650.0,3897450.0,600.585843627846
1761090,110528648,OAK: SAWTOOTH,10.0,1,,35.223930880292535,-80.8454830624939,1,1,4,513650.0,3897450.0,600.585843627846
1761091,110528649,OAK: SAWTOOTH,13.0,1,,35.223968130389565,-80.84544148214928,1,1,4,513650.0,3897450.0,606.1873635827393
1761091,110528649,OAK: SAWTOOTH,13.0,1,,35.223968130389565,-80.84544148214928,1,1,4,513650.0,3897450.0,606.1873635827393
1761091,110528649,OAK: SAWTOOTH,13.0,1,,35.223968130389565,-80.84544148214928,1,1,4,513650.0,3897450.0,606.1873635827393
1761092,110528650,OAK: SAWTOOTH,5.0,1,,35.22415328023112,-80.84517326234091,1,1,4,513650.0,3897450.0,637.8825375873412
1761092,110528650,OAK: SAWTOOTH,5.0,1,,35.22415328023112,-80.84517326234091,1,1,4,513650.0,3897450.0,637.8825375873412
1761092,110528650,OAK: SAWTOOTH,5.0,1,,35.22415328023112,-80.84517326234091,1,1,4,513650.0,3897450.0,637.8825375873412
1761093,110528651,OAK: SAWTOOTH,15.0,1,,35.224535630626,-80.84463548232951,1,0,6,514550.0,3897450.0,651.2572027300198
1761093,110528651,OAK: SAWTOOTH,15.0,1,,35.224535630626,-80.84463548232951,1,0,6,514550.0,3897450.0,651.2572027300198
1761093,110528651,OAK: SAWTOOTH,15.0,1,,35.224535630626,-80.84463548232951,1,0,6,514550.0,3897450.0,651.2572027300198
1761094,110528652,OAK: SAWTOOTH,8.0,1,,35.22420368062404,-80.84479507253891,1,0,6,514550.0,3897450.0,632.7909179042371
1761094,110528652,OAK: SAWTOOTH,8.0,1,,35.22420368062404,-80.84479507253891,1,0,6,514550.0,3897450.0,632.7909179042371
1761094,110528652,OAK: SAWTOOTH,8.0,1,,35.22420368062404,-80.84479507253891,1,0,6,514550.0,3897450.0,632.7909179042371
1761095,110528653,OAK: SAWTOOTH,8.0,1,,35.22414123103605,-80.84489431271109,1,0,6,514550.0,3897450.0,633.8339201334617
1761095,110528653,OAK: SAWTOOTH,8.0,1,,35.22414123103605,-80.84489431271109,1,0,6,514550.0,3897450.0,633.8339201334617
1761095,110528653,OAK: SAWTOOTH,8.0,1,,35.22414123103605,-80.84489431271109,1,0,6,514550.0,3897450.0,633.8339201334617
1761096,110528654,OAK: SAWTOOTH,9.0,1,,35.22409960105726,-80.84494393273356,1,0,6,514550.0,3897450.0,633.598500634107
1761096,110528654,OAK: SAWTOOTH,9.0,1,,35.22409960105726,-80.84494393273356,1,0,6,514550.0,3897450.0,633.598500634107
1761096,110528654,OAK: SAWTOOTH,9.0,1,,35.22409960105726,-80.84494393273356,1,0,6,514550.0,3897450.0,633.598500634107
1761097,110528655,OAK: SAWTOOTH,4.0,1,,35.228816831557715,-80.84524207294338,1,5,5,513650.0,3898550.0,448.98894088779844
1761104,110528662,OAK: SAWTOOTH,4.0,1,,35.22750779143099,-80.84031042069878,1,3,7,514550.0,3898550.0,265.67630488586536
1761104,110528662,OAK: SAWTOOTH,4.0,1,,35.22750779143099,-80.84031042069878,1,3,7,514550.0,3898550.0,265.67630488586536
1761105,110528663,OAK: SAWTOOTH,5.0,1,,35.22772689167056,-80.84001671068492,1,3,7,514550.0,3898550.0,240.82898065498287
1761105,110528663,OAK: SAWTOOTH,5.0,1,,35.22772689167056,-80.84001671068492,1,3,7,514550.0,3898550.0,240.82898065498287
1761105,110528663,OAK: SAWTOOTH,5.0,1,,35.22772689167056,-80.84001671068492,1,3,7,514550.0,3898550.0,240.82898065498287
1761106,110528664,OAK: SAWTOOTH,14.0,1,,35.22762172114513,-80.83994832137202,1,3,7,514550.0,3898550.0,252.7553672717052
1761106,110528664,OAK: SAWTOOTH,14.0,1,,35.22762172114513,-80.83994832137202,1,3,7,514550.0,3898550.0,252.7553672717052
1761106,110528664,OAK: SAWTOOTH,14.0,1,,35.22762172114513,-80.83994832137202,1,3,7,514550.0,3898550.0,252.7553672717052
1761107,110528665,OAK: SAWTOOTH,11.0,1,,35.227480401550714,-80.84014948106336,1,3,7,514550.0,3898550.0,268.07287750201544
1761107,110528665,OAK: SAWTOOTH,11.0,1,,35.227480401550714,-80.84014948106336,1,3,7,514550.0,3898550.0,268.07287750201544
1761108,110528666,OAK: SAWTOOTH,17.0,1,,35.23113821238895,-80.83521421922863,1,3,7,514550.0,3898550.0,465.60271383455176
1761109,110528667,OAK: SAWTOOTH,9.0,1,,35.225775781066154,-80.84281292219818,1,3,7,514550.0,3898550.0,519.3859110744067
1761109,110528667,OAK: SAWTOOTH,9.0,1,,35.225775781066154,-80.84281292219818,1,3,7,514550.0,3898550.0,519.3859110744067
1761109,110528667,OAK: SAWTOOTH,9.0,1,,35.225775781066154,-80.84281292219818,1,3,7,514550.0,3898550.0,519.3859110744067
1761110,110528668,OAK: SAWTOOTH,4.0,1,,35.22180547985997,-80.84830206323436,1,1,4,513650.0,3897450.0,254.314901919715
1761111,110528669,OAK: SAWTOOTH,5.0,1,,35.2235397701416,-80.84608253241164,1,1,4,513650.0,3897450.0,531.6935750516283
1761111,110528669,OAK: SAWTOOTH,5.0,1,,35.2235397701416,-80.84608253241164,1,1,4,513650.0,3897450.0,531.6935750516283
1761111,110528669,OAK: SAWTOOTH,5.0,1,,35.2235397701416,-80.84608253241164,1,1,4,513650.0,3897450.0,531.6935750516283
1761112,110528670,OAK: SAWTOOTH,9.0,1,,35.22383009045993,-80.84563460213772,1,1,4,513650.0,3897450.0,582.996984612141
1761112,110528670,OAK: SAWTOOTH,9.0,1,,35.22383009045993,-80.84563460213772,1,1,4,513650.0,3897450.0,582.996984612141
1761112,110528670,OAK: SAWTOOTH,9.0,1,,35.22383009045993,-80.84563460213772,1,1,4,513650.0,3897450.0,582.996984612141
1761113,110528671,OAK: SAWTOOTH,12.0,1,,35.22435596105032,-80.8448688318459,1,0,6,514550.0,3897450.0,649.8384754584503
1761113,110528671,OAK: SAWTOOTH,12.0,1,,35.22435596105032,-80.8448688318459,1,0,6,514550.0,3897450.0,649.8384754584503
1761113,110528671,OAK: SAWTOOTH,12.0,1,,35.22435596105032,-80.8448688318459,1,0,6,514550.0,3897450.0,649.8384754584503
1761114,110528672,OAK: SAWTOOTH,11.0,1,,35.2229043398853,-80.8466860329079,1,1,4,513650.0,3897450.0,442.65593095566095
1761114,110528672,OAK: SAWTOOTH,11.0,1,,35.2229043398853,-80.8466860329079,1,1,4,513650.0,3897450.0,442.65593095566095
1761115,110528673,OAK: SAWTOOTH,10.0,1,,35.22284409023805,-80.84677052311592,1,1,4,513650.0,3897450.0,432.5242999624726
1761115,110528673,OAK: SAWTOOTH,10.0,1,,35.22284409023805,-80.84677052311592,1,1,4,513650.0,3897450.0,432.5242999624726
1761153,110528711,OAK: WHITE,5.0,1,,35.228600001910806,-80.83228390916508,1,2,9,515475.0,3898575.0,271.33651826579796
1761154,110528712,OAK: WHITE,7.0,1,,35.228696402119574,-80.83214174839514,1,2,9,515475.0,3898575.0,254.56043550274137
1761155,110528713,OAK: WHITE,7.0,1,,35.2287566617769,-80.8320653082303,1,2,9,515475.0,3898575.0,244.96714049023038
1761156,110528714,OAK: WHITE,9.0,1,,35.228814722065785,-80.83198215849642,1,2,9,515475.0,3898575.0,235.0429153318975
1761157,110528715,OAK: WHITE,11.0,1,,35.22888483171041,-80.83189095824903,1,2,9,515475.0,3898575.0,223.7256963230508
1761158,110528716,OAK: WHITE,11.0,1,,35.228986711997166,-80.83176489894116,1,2,9,515475.0,3898575.0,207.76179780317372
1761159,110528717,OAK: WHITE,11.0,1,,35.229042582577556,-80.8317112481311,1,2,9,515475.0,3898575.0,200.15135970159744
1761160,110528718,OAK: WHITE,9.0,1,,35.22908421208929,-80.83164419869996,1,2,9,515475.0,3898575.0,192.50118938597578
1761161,110528719,OAK: WHITE,10.0,1,,35.22978919233861,-80.83252064904957,1,2,9,515475.0,3898575.0,237.79104634955542
1761162,110528720,OAK: WHITE,6.0,1,,35.22973865215105,-80.83259468892291,1,2,9,515475.0,3898575.0,245.33082246946284
1761163,110528721,OAK: WHITE,9.0,1,,35.229642402686274,-80.8327351390944,1,2,9,515475.0,3898575.0,259.85290649596135
1761164,110528722,OAK: WHITE,10.0,1,,35.229591942415375,-80.8328046093416,1,2,9,515475.0,3898575.0,267.19549745830346
1761165,110528723,OAK: WHITE,5.0,1,,35.229537922457475,-80.83287467847452,1,2,9,515475.0,3898575.0,274.7451048778144
1761166,110528724,OAK: WHITE,9.0,1,,35.229497922552206,-80.83293665915082,1,2,9,515475.0,3898575.0,281.271894619408
1761167,110528725,OAK: WHITE,5.0,1,,35.22940297218257,-80.83308208909844,1,2,9,515475.0,3898575.0,296.7358877397568
1761168,110528726,OAK: WHITE,7.0,1,,35.22935162180767,-80.83314685896416,1,2,9,515475.0,3898575.0,303.948929052937
1761169,110528727,OAK: WHITE,3.0,1,,35.229307732532426,-80.83321678868798,1,2,9,515475.0,3898575.0,311.4231762523549
1761170,110528728,OAK: WHITE,7.0,1,,35.229254522255104,-80.8332833889392,1,2,9,515475.0,3898575.0,318.9395167057751
1761205,110528763,OAK: SWAMP WHITE,5.0,1,,35.22949720237727,-80.83733450979571,1,3,7,514550.0,3898550.0,255.74624945940224
1761205,110528763,OAK: SWAMP WHITE,5.0,1,,35.22949720237727,-80.83733450979571,1,3,7,514550.0,3898550.0,255.74624945940224
1761206,110528764,OAK: SWAMP WHITE,5.0,1,,35.229444622335556,-80.83743509009045,1,3,7,514550.0,3898550.0,247.85291377759125
1761206,110528764,OAK: SWAMP WHITE,5.0,1,,35.229444622335556,-80.83743509009045,1,3,7,514550.0,3898550.0,247.85291377759125
1761333,110528891,OAK: SOUTHERN RED,45.0,1,300 W PARK AV,35.21691136817446,-80.8604605160969,1,7,2,512750.0,3897450.0,346.63588283203217
1761387,110528945,OAK: LAUREL,4.0,1,,35.22747999159882,-80.8394153108764,1,3,7,514550.0,3898550.0,275.2784416289863
1761387,110528945,OAK: LAUREL,4.0,1,,35.22747999159882,-80.8394153108764,1,3,7,514550.0,3898550.0,275.2784416289863
1761387,110528945,OAK: LAUREL,4.0,1,,35.22747999159882,-80.8394153108764,1,3,7,514550.0,3898550.0,275.2784416289863
1761388,110528946,OAK: LAUREL,13.0,1,301 N COLLEGE ST,35.228229151447565,-80.84008558100305,1,3,7,514550.0,3898550.0,185.00810588717587
1761388,110528946,OAK: LAUREL,13.0,1,301 N COLLEGE ST,35.228229151447565,-80.84008558100305,1,3,7,514550.0,3898550.0,185.00810588717587
1761391,110528949,OAK: LAUREL,21.0,1,,35.22786930160492,-80.83795812068921,1,3,7,514550.0,3898550.0,297.7535747810691
1761391,110528949,OAK: LAUREL,21.0,1,,35.22786930160492,-80.83795812068921,1,3,7,514550.0,3898550.0,297.7535747810691
1761391,110528949,OAK: LAUREL,21.0,1,,35.22786930160492,-80.83795812068921,1,3,7,514550.0,3898550.0,297.7535747810691
1761392,110528950,OAK: LAUREL,10.0,1,301 N COLLEGE ST,35.22798625131752,-80.84001275111827,1,3,7,514550.0,3898550.0,212.096499727694
1761392,110528950,OAK: LAUREL,10.0,1,301 N COLLEGE ST,35.22798625131752,-80.84001275111827,1,3,7,514550.0,3898550.0,212.096499727694
1761392,110528950,OAK: LAUREL,10.0,1,301 N COLLEGE ST,35.22798625131752,-80.84001275111827,1,3,7,514550.0,3898550.0,212.096499727694
1761393,110528951,OAK: LAUREL,11.0,1,300 N TRYON ST,35.22865496186864,-80.84056350108834,1,3,7,514550.0,3898550.0,144.02648026156365
1761393,110528951,OAK: LAUREL,11.0,1,300 N TRYON ST,35.22865496186864,-80.84056350108834,1,3,7,514550.0,3898550.0,144.02648026156365
1761394,110528952,OAK: LAUREL,10.0,1,,35.22847064182951,-80.84036244082624,1,3,7,514550.0,3898550.0,159.9800384998031
1761394,110528952,OAK: LAUREL,10.0,1,,35.22847064182951,-80.84036244082624,1,3,7,514550.0,3898550.0,159.9800384998031
1761395,110528953,OAK: LAUREL,13.0,1,,35.22842073177692,-80.84030122063307,1,3,7,514550.0,3898550.0,164.7518001701026
1761395,110528953,OAK: LAUREL,13.0,1,,35.22842073177692,-80.84030122063307,1,3,7,514550.0,3898550.0,164.7518001701026
1761396,110528954,OAK: LAUREL,16.0,1,,35.228392111964745,-80.84025918132086,1,3,7,514550.0,3898550.0,167.53789811012328
1761396,110528954,OAK: LAUREL,16.0,1,,35.228392111964745,-80.84025918132086,1,3,7,514550.0,3898550.0,167.53789811012328
1761397,110528955,OAK: LAUREL,14.0,1,,35.22835049202765,-80.84023158130547,1,3,7,514550.0,3898550.0,171.94732268536495
1761397,110528955,OAK: LAUREL,14.0,1,,35.22835049202765,-80.84023158130547,1,3,7,514550.0,3898550.0,171.94732268536495
1761398,110528956,OAK: LAUREL,22.0,1,,35.22830702156703,-80.84015250150026,1,3,7,514550.0,3898550.0,176.42484930505884
1761398,110528956,OAK: LAUREL,22.0,1,,35.22830702156703,-80.84015250150026,1,3,7,514550.0,3898550.0,176.42484930505884
1761399,110528957,OAK: LAUREL,99.0,1,,35.22482595065533,-80.84973972393719,1,1,4,513650.0,3897450.0,536.7447809337614
1761403,110528961,OAK: LAUREL,4.0,1,,35.22822808200987,-80.84209811174985,1,3,7,514550.0,3898550.0,259.32499479417163
1761403,110528961,OAK: LAUREL,4.0,1,,35.22822808200987,-80.84209811174985,1,3,7,514550.0,3898550.0,259.32499479417163
1761404,110528962,OAK: LAUREL,4.0,1,,35.22818864145594,-80.84205519203972,1,3,7,514550.0,3898550.0,259.7782757908829
1761404,110528962,OAK: LAUREL,4.0,1,,35.22818864145594,-80.84205519203972,1,3,7,514550.0,3898550.0,259.7782757908829
1761405,110528963,OAK: LAUREL,18.0,1,,35.22710396162354,-80.84096523124401,1,3,7,514550.0,3898550.0,319.5811586952737
1761405,110528963,OAK: LAUREL,18.0,1,,35.22710396162354,-80.84096523124401,1,3,7,514550.0,3898550.0,319.5811586952737
1761405,110528963,OAK: LAUREL,18.0,1,,35.22710396162354,-80.84096523124401,1,3,7,514550.0,3898550.0,319.5811586952737
1761406,110528964,OAK: LAUREL,8.0,1,115 E 5TH ST,35.22750786160831,-80.84143571173645,1,3,7,514550.0,3898550.0,291.4479480206732
1761406,110528964,OAK: LAUREL,8.0,1,115 E 5TH ST,35.22750786160831,-80.84143571173645,1,3,7,514550.0,3898550.0,291.4479480206732
1761407,110528965,OAK: LAUREL,13.0,1,115 E 5TH ST,35.22754758173966,-80.84148474099904,1,3,7,514550.0,3898550.0,289.3600503469424
1761407,110528965,OAK: LAUREL,13.0,1,115 E 5TH ST,35.22754758173966,-80.84148474099904,1,3,7,514550.0,3898550.0,289.3600503469424
1761408,110528966,OAK: LAUREL,4.0,1,200 N TRYON ST,35.22773174165691,-80.84169442143157,1,3,7,514550.0,3898550.0,280.4752212497782
1761408,110528966,OAK: LAUREL,4.0,1,200 N TRYON ST,35.22773174165691,-80.84169442143157,1,3,7,514550.0,3898550.0,280.4752212497782
1761409,110528967,OAK: LAUREL,3.0,1,,35.22727566173842,-80.84095959109794,1,3,7,514550.0,3898550.0,301.02604384101704
1761409,110528967,OAK: LAUREL,3.0,1,,35.22727566173842,-80.84095959109794,1,3,7,514550.0,3898550.0,301.02604384101704
1761409,110528967,OAK: LAUREL,3.0,1,,35.22727566173842,-80.84095959109794,1,3,7,514550.0,3898550.0,301.02604384101704
1761410,110528968,OAK: LAUREL,4.0,1,,35.22722068160793,-80.84089112118414,1,3,7,514550.0,3898550.0,305.3951714420832
1761410,110528968,OAK: LAUREL,4.0,1,,35.22722068160793,-80.84089112118414,1,3,7,514550.0,3898550.0,305.3951714420832
1761410,110528968,OAK: LAUREL,4.0,1,,35.22722068160793,-80.84089112118414,1,3,7,514550.0,3898550.0,305.3951714420832
1761411,110528969,OAK: LAUREL,9.0,1,,35.22628838089718,-80.8400624905648,1,3,7,514550.0,3898550.0,400.25097412352125
1761411,110528969,OAK: LAUREL,9.0,1,,35.22628838089718,-80.8400624905648,1,3,7,514550.0,3898550.0,400.25097412352125
1761411,110528969,OAK: LAUREL,9.0,1,,35.22628838089718,-80.8400624905648,1,3,7,514550.0,3898550.0,400.25097412352125
1761412,110528970,OAK: LAUREL,9.0,1,,35.226462091225386,-80.84030746124637,1,3,7,514550.0,3898550.0,381.4266392046479
1761412,110528970,OAK: LAUREL,9.0,1,,35.226462091225386,-80.84030746124637,1,3,7,514550.0,3898550.0,381.4266392046479
1761412,110528970,OAK: LAUREL,9.0,1,,35.226462091225386,-80.84030746124637,1,3,7,514550.0,3898550.0,381.4266392046479
1761413,110528971,OAK: LAUREL,6.0,1,,35.22663707111721,-80.8404840109225,1,3,7,514550.0,3898550.0,363.22830005378756
1761413,110528971,OAK: LAUREL,6.0,1,,35.22663707111721,-80.8404840109225,1,3,7,514550.0,3898550.0,363.22830005378756
1761413,110528971,OAK: LAUREL,6.0,1,,35.22663707111721,-80.8404840109225,1,3,7,514550.0,3898550.0,363.22830005378756
1761414,110528972,OAK: LAUREL,19.0,1,,35.22742273111451,-80.8391090608652,1,3,7,514550.0,3898550.0,288.9372553376129
1761414,110528972,OAK: LAUREL,19.0,1,,35.22742273111451,-80.8391090608652,1,3,7,514550.0,3898550.0,288.9372553376129
1761414,110528972,OAK: LAUREL,19.0,1,,35.22742273111451,-80.8391090608652,1,3,7,514550.0,3898550.0,288.9372553376129
1761415,110528973,OAK: LAUREL,15.0,1,,35.22737455148231,-80.83904826040373,1,3,7,514550.0,3898550.0,295.76477314604836
1761415,110528973,OAK: LAUREL,15.0,1,,35.22737455148231,-80.83904826040373,1,3,7,514550.0,3898550.0,295.76477314604836
1761415,110528973,OAK: LAUREL,15.0,1,,35.22737455148231,-80.83904826040373,1,3,7,514550.0,3898550.0,295.76477314604836
1761416,110528974,OAK: LAUREL,18.0,1,,35.22721040127196,-80.83886153020084,1,3,7,514550.0,3898550.0,318.6583731413665
1761416,110528974,OAK: LAUREL,18.0,1,,35.22721040127196,-80.83886153020084,1,3,7,514550.0,3898550.0,318.6583731413665
1761416,110528974,OAK: LAUREL,18.0,1,,35.22721040127196,-80.83886153020084,1,3,7,514550.0,3898550.0,318.6583731413665
1761417,110528975,OAK: LAUREL,13.0,1,,35.22715720132063,-80.83879705108133,1,3,7,514550.0,3898550.0,326.2722601743127
1761417,110528975,OAK: LAUREL,13.0,1,,35.22715720132063,-80.83879705108133,1,3,7,514550.0,3898550.0,326.2722601743127
1761417,110528975,OAK: LAUREL,13.0,1,,35.22715720132063,-80.83879705108133,1,3,7,514550.0,3898550.0,326.2722601743127
1761418,110528976,OAK: LAUREL,15.0,1,,35.2271000617401,-80.83873948029209,1,3,7,514550.0,3898550.0,334.091376135612
1761418,110528976,OAK: LAUREL,15.0,1,,35.2271000617401,-80.83873948029209,1,3,7,514550.0,3898550.0,334.091376135612
1761418,110528976,OAK: LAUREL,15.0,1,,35.2271000617401,-80.83873948029209,1,3,7,514550.0,3898550.0,334.091376135612
1761419,110528977,OAK: LAUREL,13.0,1,,35.22686182153036,-80.83848280046121,1,3,7,514550.0,3898550.0,367.4873209954617
1761419,110528977,OAK: LAUREL,13.0,1,,35.22686182153036,-80.83848280046121,1,3,7,514550.0,3898550.0,367.4873209954617
1761419,110528977,OAK: LAUREL,13.0,1,,35.22686182153036,-80.83848280046121,1,3,7,514550.0,3898550.0,367.4873209954617
1761420,110528978,OAK: LAUREL,9.0,1,,35.22679479118434,-80.83841288048986,1,3,7,514550.0,3898550.0,376.8594883761404
1761420,110528978,OAK: LAUREL,9.0,1,,35.22679479118434,-80.83841288048986,1,3,7,514550.0,3898550.0,376.8594883761404
1761420,110528978,OAK: LAUREL,9.0,1,,35.22679479118434,-80.83841288048986,1,3,7,514550.0,3898550.0,376.8594883761404
1761421,110528979,OAK: LAUREL,9.0,1,,35.226740961064934,-80.83833527030632,1,3,7,514550.0,3898550.0,385.21196904567387
1761421,110528979,OAK: LAUREL,9.0,1,,35.226740961064934,-80.83833527030632,1,3,7,514550.0,3898550.0,385.21196904567387
1761422,110528980,OAK: LAUREL,7.0,1,,35.226999471676066,-80.83698313983857,1,3,7,514550.0,3898550.0,428.77641739442083
1761422,110528980,OAK: LAUREL,7.0,1,,35.226999471676066,-80.83698313983857,1,3,7,514550.0,3898550.0,428.77641739442083
1761422,110528980,OAK: LAUREL,7.0,1,,35.226999471676066,-80.83698313983857,1,3,7,514550.0,3898550.0,428.77641739442083
1761423,110528981,OAK: LAUREL,10.0,1,,35.227036721210936,-80.83707433017322,1,3,7,514550.0,3898550.0,420.20134253392337
1761423,110528981,OAK: LAUREL,10.0,1,,35.227036721210936,-80.83707433017322,1,3,7,514550.0,3898550.0,420.20134253392337
1761423,110528981,OAK: LAUREL,10.0,1,,35.227036721210936,-80.83707433017322,1,3,7,514550.0,3898550.0,420.20134253392337
1761424,110528982,OAK: LAUREL,14.0,1,,35.22727773175265,-80.83735865000573,1,3,7,514550.0,3898550.0,383.0612998003863
1761424,110528982,OAK: LAUREL,14.0,1,,35.22727773175265,-80.83735865000573,1,3,7,514550.0,3898550.0,383.0612998003863
1761425,110528983,OAK: LAUREL,14.0,1,,35.22732703141764,-80.83741765062429,1,3,7,514550.0,3898550.0,375.41575381367926
1761425,110528983,OAK: LAUREL,14.0,1,,35.22732703141764,-80.83741765062429,1,3,7,514550.0,3898550.0,375.41575381367926
1761426,110528984,OAK: LAUREL,13.0,1,,35.22740043127005,-80.83749006976657,1,3,7,514550.0,3898550.0,364.9466866073124
1761426,110528984,OAK: LAUREL,13.0,1,,35.22740043127005,-80.83749006976657,1,3,7,514550.0,3898550.0,364.9466866073124
1761427,110528985,OAK: LAUREL,8.0,1,,35.22675155115192,-80.83854809080144,1,3,7,514550.0,3898550.0,376.44937624934346
1761427,110528985,OAK: LAUREL,8.0,1,,35.22675155115192,-80.83854809080144,1,3,7,514550.0,3898550.0,376.44937624934346
1761427,110528985,OAK: LAUREL,8.0,1,,35.22675155115192,-80.83854809080144,1,3,7,514550.0,3898550.0,376.44937624934346
1761428,110528986,OAK: LAUREL,15.0,1,,35.22747273188268,-80.83755579007273,1,3,7,514550.0,3898550.0,354.9679633403504
1761428,110528986,OAK: LAUREL,15.0,1,,35.22747273188268,-80.83755579007273,1,3,7,514550.0,3898550.0,354.9679633403504
1761429,110528987,OAK: LAUREL,19.0,1,,35.22826697147522,-80.83841007093403,1,3,7,514550.0,3898550.0,237.5000136581128
1761429,110528987,OAK: LAUREL,19.0,1,,35.22826697147522,-80.83841007093403,1,3,7,514550.0,3898550.0,237.5000136581128
1761429,110528987,OAK: LAUREL,19.0,1,,35.22826697147522,-80.83841007093403,1,3,7,514550.0,3898550.0,237.5000136581128
1761430,110528988,OAK: LAUREL,4.0,1,,35.22752648168411,-80.83947965120532,1,3,7,514550.0,3898550.0,268.96578553165597
1761430,110528988,OAK: LAUREL,4.0,1,,35.22752648168411,-80.83947965120532,1,3,7,514550.0,3898550.0,268.96578553165597
1761430,110528988,OAK: LAUREL,4.0,1,,35.22752648168411,-80.83947965120532,1,3,7,514550.0,3898550.0,268.96578553165597
1761431,110528989,OAK: LAUREL,11.0,1,,35.2283162717197,-80.83846372057461,1,3,7,514550.0,3898550.0,230.17223774546866
1761431,110528989,OAK: LAUREL,11.0,1,,35.2283162717197,-80.83846372057461,1,3,7,514550.0,3898550.0,230.17223774546866
1761431,110528989,OAK: LAUREL,11.0,1,,35.2283162717197,-80.83846372057461,1,3,7,514550.0,3898550.0,230.17223774546866
1761432,110528990,OAK: LAUREL,4.0,1,,35.2275689413394,-80.8395257405295,1,3,7,514550.0,3898550.0,263.49737274074715
1761432,110528990,OAK: LAUREL,4.0,1,,35.2275689413394,-80.8395257405295,1,3,7,514550.0,3898550.0,263.49737274074715
1761432,110528990,OAK: LAUREL,4.0,1,,35.2275689413394,-80.8395257405295,1,3,7,514550.0,3898550.0,263.49737274074715
1761433,110528991,OAK: LAUREL,15.0,1,,35.228366661823124,-80.83852272087024,1,3,7,514550.0,3898550.0,222.43752393298374
1761433,110528991,OAK: LAUREL,15.0,1,,35.228366661823124,-80.83852272087024,1,3,7,514550.0,3898550.0,222.43752393298374
1761433,110528991,OAK: LAUREL,15.0,1,,35.228366661823124,-80.83852272087024,1,3,7,514550.0,3898550.0,222.43752393298374
1761434,110528992,OAK: LAUREL,16.0,1,,35.22841158179107,-80.83857905068437,1,3,7,514550.0,3898550.0,215.32443343431038
1761434,110528992,OAK: LAUREL,16.0,1,,35.22841158179107,-80.83857905068437,1,3,7,514550.0,3898550.0,215.32443343431038
1761434,110528992,OAK: LAUREL,16.0,1,,35.22841158179107,-80.83857905068437,1,3,7,514550.0,3898550.0,215.32443343431038
1761435,110528993,OAK: LAUREL,19.0,1,,35.228477311885904,-80.83864476070916,1,3,7,514550.0,3898550.0,205.89700068810689
1761435,110528993,OAK: LAUREL,19.0,1,,35.228477311885904,-80.83864476070916,1,3,7,514550.0,3898550.0,205.89700068810689
1761435,110528993,OAK: LAUREL,19.0,1,,35.228477311885904,-80.83864476070916,1,3,7,514550.0,3898550.0,205.89700068810689
1761436,110528994,OAK: LAUREL,12.0,1,301 N COLLEGE ST,35.22815569207679,-80.84000520085768,1,3,7,514550.0,3898550.0,193.3508710154855
1761436,110528994,OAK: LAUREL,12.0,1,301 N COLLEGE ST,35.22815569207679,-80.84000520085768,1,3,7,514550.0,3898550.0,193.3508710154855
1761437,110528995,OAK: LAUREL,19.0,1,301 N COLLEGE ST,35.22812537185984,-80.83996730108191,1,3,7,514550.0,3898550.0,196.8951550700312
1761437,110528995,OAK: LAUREL,19.0,1,301 N COLLEGE ST,35.22812537185984,-80.83996730108191,1,3,7,514550.0,3898550.0,196.8951550700312
1761438,110528996,OAK: LAUREL,13.0,1,301 N COLLEGE ST,35.22807197126351,-80.8399005205395,1,3,7,514550.0,3898550.0,203.26497930997772
1761438,110528996,OAK: LAUREL,13.0,1,301 N COLLEGE ST,35.22807197126351,-80.8399005205395,1,3,7,514550.0,3898550.0,203.26497930997772
1761438,110528996,OAK: LAUREL,13.0,1,301 N COLLEGE ST,35.22807197126351,-80.8399005205395,1,3,7,514550.0,3898550.0,203.26497930997772
1761439,110528997,OAK: LAUREL,9.0,1,301 N COLLEGE ST,35.22804630184748,-80.83986438072361,1,3,7,514550.0,3898550.0,206.4193585698051
1761439,110528997,OAK: LAUREL,9.0,1,301 N COLLEGE ST,35.22804630184748,-80.83986438072361,1,3,7,514550.0,3898550.0,206.4193585698051
1761439,110528997,OAK: LAUREL,9.0,1,301 N COLLEGE ST,35.22804630184748,-80.83986438072361,1,3,7,514550.0,3898550.0,206.4193585698051
1761440,110528998,OAK: LAUREL,13.0,1,112 E 7TH ST,35.22893125219996,-80.83917237032469,1,3,7,514550.0,3898550.0,136.53105709573882
1761440,110528998,OAK: LAUREL,13.0,1,112 E 7TH ST,35.22893125219996,-80.83917237032469,1,3,7,514550.0,3898550.0,136.53105709573882
1761448,110529006,OAK: LAUREL,4.0,1,,35.22811086142992,-80.84211286139264,1,3,7,514550.0,3898550.0,269.66804669351654
1761448,110529006,OAK: LAUREL,4.0,1,,35.22811086142992,-80.84211286139264,1,3,7,514550.0,3898550.0,269.66804669351654
1761449,110529007,OAK: LAUREL,4.0,1,,35.22817440205124,-80.84219333114072,1,3,7,514550.0,3898550.0,269.65006893193726
1761449,110529007,OAK: LAUREL,4.0,1,,35.22817440205124,-80.84219333114072,1,3,7,514550.0,3898550.0,269.65006893193726
1761450,110529008,OAK: LAUREL,4.0,1,,35.228248891397044,-80.84227916148592,1,3,7,514550.0,3898550.0,269.5470025881296
1761451,110529009,OAK: LAUREL,4.0,1,,35.22832738172765,-80.84237407195586,1,3,7,514550.0,3898550.0,270.2678434539137
1761452,110529010,OAK: LAUREL,4.0,1,127 N TRYON ST #1,35.22841377131137,-80.84247228196628,1,3,7,514550.0,3898550.0,271.24696355472753
1761453,110529011,OAK: LAUREL,4.0,1,127 N TRYON ST #1,35.22854623174056,-80.84261104161514,1,3,7,514550.0,3898550.0,273.0607857901971
1761454,110529012,OAK: LAUREL,4.0,1,,35.2283463912722,-80.84223490214046,1,3,7,514550.0,3898550.0,259.306263516696
1761455,110529013,OAK: LAUREL,4.0,1,116 W 5TH ST,35.22839131192815,-80.84228989128127,1,3,7,514550.0,3898550.0,259.8419867362974
1761456,110529014,OAK: LAUREL,4.0,1,,35.22829710159772,-80.84217723200962,1,3,7,514550.0,3898550.0,259.1155895515669
1761457,110529015,OAK: LAUREL,11.0,1,,35.230319161933224,-80.83887192090484,1,3,7,514550.0,3898550.0,121.34826033827893
1761458,110529016,OAK: LAUREL,6.0,1,,35.22431871066835,-80.84575530276963,1,1,4,513650.0,3897450.0,616.7100649761422
1761458,110529016,OAK: LAUREL,6.0,1,,35.22431871066835,-80.84575530276963,1,1,4,513650.0,3897450.0,616.7100649761422
1761459,110529017,OAK: LAUREL,6.0,1,,35.22456083075962,-80.84603827226285,1,1,4,513650.0,3897450.0,622.5276728720972
1761459,110529017,OAK: LAUREL,6.0,1,,35.22456083075962,-80.84603827226285,1,1,4,513650.0,3897450.0,622.5276728720972
1761460,110529018,OAK: LAUREL,99.0,1,,35.22411932083742,-80.84909465326544,1,1,4,513650.0,3897450.0,465.34651940664935
1761461,110529019,OAK: LAUREL,99.0,1,,35.22385014049654,-80.84880175310585,1,1,4,513650.0,3897450.0,441.8849967871707
1761462,110529020,OAK: LAUREL,99.0,1,,35.22466271090954,-80.84979068397391,1,1,4,513650.0,3897450.0,518.4610533723805
1761463,110529021,OAK: LAUREL,99.0,1,,35.2247306304259,-80.84986176355895,1,1,4,513650.0,3897450.0,525.7807511976955
1761471,110529029,OAK: LAUREL,99.0,1,,35.22475364103388,-80.84968474391417,1,1,4,513650.0,3897450.0,528.9916241478605
1761472,110529030,OAK: LAUREL,99.0,1,,35.22469448045779,-80.84962305351247,1,1,4,513650.0,3897450.0,522.7904571028901
1761473,110529031,OAK: LAUREL,99.0,1,,35.224629840871344,-80.84957208367456,1,1,4,513650.0,3897450.0,515.9769976742359
1761474,110529032,OAK: LAUREL,13.0,1,,35.22685103131639,-80.8446341427206,1,3,7,514550.0,3898550.0,533.0937232226984
1761474,110529032,OAK: LAUREL,13.0,1,,35.22685103131639,-80.8446341427206,1,3,7,514550.0,3898550.0,533.0937232226984
1761475,110529033,OAK: LAUREL,5.0,1,,35.226706420919434,-80.84446784183226,1,3,7,514550.0,3898550.0,532.006015235649
1761475,110529033,OAK: LAUREL,5.0,1,,35.226706420919434,-80.84446784183226,1,3,7,514550.0,3898550.0,532.006015235649
1761479,110529037,OAK: LAUREL,99.0,1,,35.22564650055675,-80.84909465346608,1,5,5,513650.0,3898550.0,479.8372340557701
1761480,110529038,OAK: LAUREL,99.0,1,,35.22557858077743,-80.84901418350059,1,5,5,513650.0,3898550.0,488.5429477532733
1761481,110529039,OAK: LAUREL,99.0,1,,35.22551285121251,-80.84894042312654,1,5,5,513650.0,3898550.0,496.96185629861463
1761482,110529040,OAK: LAUREL,99.0,1,,35.22544273057674,-80.84886130331576,1,5,5,513650.0,3898550.0,506.01069366047085
1761483,110529041,OAK: LAUREL,99.0,1,,35.225372620583705,-80.84878620323269,1,5,5,513650.0,3898550.0,515.0393401935278
1761484,110529042,OAK: LAUREL,4.0,1,,35.22873290198917,-80.84500926264514,1,3,7,514550.0,3898550.0,464.80669875464207
1761485,110529043,OAK: LAUREL,4.0,1,,35.227109021370644,-80.84685367321919,1,5,5,513650.0,3898550.0,422.0130350772944
1761486,110529044,OAK: LAUREL,4.0,1,,35.226969891295994,-80.84693145297595,1,5,5,513650.0,3898550.0,428.8651625500576
1761487,110529045,OAK: LAUREL,4.0,1,,35.22721529162986,-80.84720101298167,1,5,5,513650.0,3898550.0,392.24093844359305
1761488,110529046,OAK: LAUREL,4.0,1,,35.227295260801775,-80.84728952269842,1,5,5,513650.0,3898550.0,380.2674117695419
1761489,110529047,OAK: LAUREL,4.0,1,225 S MINT ST,35.22764254108736,-80.84768515314883,1,5,5,513650.0,3898550.0,327.6181133239796
1761492,110529050,OAK: LAUREL,4.0,1,,35.226513060829575,-80.84805664341539,1,5,5,513650.0,3898550.0,415.8905346607072
1761493,110529051,OAK: LAUREL,4.0,1,224 E MARTIN LUTHER KING JR BV,35.22643747128436,-80.84796678274087,1,5,5,513650.0,3898550.0,426.965758545501
1761494,110529052,OAK: LAUREL,4.0,1,224 E MARTIN LUTHER KING JR BV,35.2262862912923,-80.84780853343449,1,5,5,513650.0,3898550.0,448.34332029255245
1761495,110529053,OAK: LAUREL,4.0,1,,35.226023360640866,-80.84775086354206,1,5,5,513650.0,3898550.0,476.8777193339295
1761496,110529054,OAK: LAUREL,4.0,1,224 E MARTIN LUTHER KING JR BV,35.22623480111824,-80.84798019356825,1,5,5,513650.0,3898550.0,446.842140223782
1761497,110529055,OAK: LAUREL,4.0,1,224 E MARTIN LUTHER KING JR BV,35.22631039140409,-80.84805932321036,1,5,5,513650.0,3898550.0,436.2554478259595
1761498,110529056,OAK: LAUREL,21.0,1,,35.22793613171993,-80.83803993026348,1,3,7,514550.0,3898550.0,287.2777743695614
1761498,110529056,OAK: LAUREL,21.0,1,,35.22793613171993,-80.83803993026348,1,3,7,514550.0,3898550.0,287.2777743695614
1761498,110529056,OAK: LAUREL,21.0,1,,35.22793613171993,-80.83803993026348,1,3,7,514550.0,3898550.0,287.2777743695614
1761499,110529057,OAK: LAUREL,22.0,1,,35.22808840186324,-80.83820220074378,1,3,7,514550.0,3898550.0,264.84596713966306
1761499,110529057,OAK: LAUREL,22.0,1,,35.22808840186324,-80.83820220074378,1,3,7,514550.0,3898550.0,264.84596713966306
1761499,110529057,OAK: LAUREL,22.0,1,,35.22808840186324,-80.83820220074378,1,3,7,514550.0,3898550.0,264.84596713966306
1761500,110529058,OAK: LAUREL,4.0,1,,35.22769457131534,-80.83964745083763,1,3,7,514550.0,3898550.0,247.7701400024841
1761500,110529058,OAK: LAUREL,4.0,1,,35.22769457131534,-80.83964745083763,1,3,7,514550.0,3898550.0,247.7701400024841
1761500,110529058,OAK: LAUREL,4.0,1,,35.22769457131534,-80.83964745083763,1,3,7,514550.0,3898550.0,247.7701400024841
1761501,110529059,OAK: LAUREL,5.0,1,,35.22772259132313,-80.83968934086775,1,3,7,514550.0,3898550.0,244.09096644828145
1761501,110529059,OAK: LAUREL,5.0,1,,35.22772259132313,-80.83968934086775,1,3,7,514550.0,3898550.0,244.09096644828145
1761501,110529059,OAK: LAUREL,5.0,1,,35.22772259132313,-80.83968934086775,1,3,7,514550.0,3898550.0,244.09096644828145
1761502,110529060,OAK: LAUREL,9.0,1,301 N COLLEGE ST,35.228034991566915,-80.84006476046095,1,3,7,514550.0,3898550.0,206.5626328608788
1761502,110529060,OAK: LAUREL,9.0,1,301 N COLLEGE ST,35.228034991566915,-80.84006476046095,1,3,7,514550.0,3898550.0,206.5626328608788
1761503,110529061,OAK: LAUREL,9.0,1,,35.22824790150852,-80.84035389148536,1,3,7,514550.0,3898550.0,184.34838304753936
1761503,110529061,OAK: LAUREL,9.0,1,,35.22824790150852,-80.84035389148536,1,3,7,514550.0,3898550.0,184.34838304753936
1761504,110529062,OAK: LAUREL,7.0,1,300 N TRYON ST,35.228622781623194,-80.84050884130676,1,3,7,514550.0,3898550.0,146.10655077676077
1761504,110529062,OAK: LAUREL,7.0,1,300 N TRYON ST,35.228622781623194,-80.84050884130676,1,3,7,514550.0,3898550.0,146.10655077676077
1761505,110529063,OAK: LAUREL,18.0,1,300 N TRYON ST,35.22856006214625,-80.84043981109282,1,3,7,514550.0,3898550.0,151.44849968580132
1761505,110529063,OAK: LAUREL,18.0,1,300 N TRYON ST,35.22856006214625,-80.84043981109282,1,3,7,514550.0,3898550.0,151.44849968580132
1761506,110529064,OAK: LAUREL,10.0,1,300 N TRYON ST,35.22850440197278,-80.8404055314707,1,3,7,514550.0,3898550.0,156.91977207535814
1761506,110529064,OAK: LAUREL,10.0,1,300 N TRYON ST,35.22850440197278,-80.8404055314707,1,3,7,514550.0,3898550.0,156.91977207535814
1761508,110529066,OAK: LAUREL,22.0,1,,35.22942764184364,-80.84167566104502,1,3,7,514550.0,3898550.0,152.34256198668822
1761509,110529067,OAK: LAUREL,25.0,1,,35.22951656186757,-80.84179389143505,1,3,7,514550.0,3898550.0,159.60671117554045
1761513,110529071,OAK: LAUREL,22.0,1,,35.230244841817154,-80.84052713162144,1,3,7,514550.0,3898550.0,54.58065589986327
1761514,110529072,OAK: LAUREL,22.0,1,,35.23018527219215,-80.84046595103085,1,3,7,514550.0,3898550.0,45.97982645524777
1761515,110529073,OAK: LAUREL,26.0,1,,35.23011951169219,-80.84039845072607,1,3,7,514550.0,3898550.0,36.50880552936562
1761516,110529074,OAK: LAUREL,4.0,1,,35.230796782280486,-80.83940748044459,1,3,7,514550.0,3898550.0,118.10459539559403
1761518,110529076,OAK: LAUREL,20.0,1,,35.231652882845715,-80.83844311126039,1,3,7,514550.0,3898550.0,246.37804115235934
1761519,110529077,OAK: LAUREL,20.0,1,,35.23182657283251,-80.83863269026035,1,3,7,514550.0,3898550.0,252.31315960759417
1761520,110529078,OAK: LAUREL,26.0,1,,35.231474162100234,-80.83717798081095,1,3,7,514550.0,3898550.0,318.42344278769457
1761521,110529079,OAK: LAUREL,16.0,1,,35.23277036320351,-80.83588821959908,1,3,7,514550.0,3898550.0,498.56428528044785
1761522,110529080,OAK: LAUREL,20.0,1,,35.232827192499734,-80.83595860052274,1,3,7,514550.0,3898550.0,497.74643528636835
1761523,110529081,OAK: LAUREL,20.0,1,,35.232882242550865,-80.8360001298509,1,3,7,514550.0,3898550.0,498.91940655796014
1761524,110529082,OAK: LAUREL,20.0,1,N TRYON ST,35.23295221290466,-80.83609533977355,1,3,7,514550.0,3898550.0,497.720036969641
1761525,110529083,OAK: LAUREL,21.0,1,120 W 11TH ST,35.2330849726364,-80.83623902966855,1,3,7,514550.0,3898550.0,498.5519954029248
1761526,110529084,OAK: LAUREL,22.0,1,,35.233206802912015,-80.83639851073553,1,3,7,514550.0,3898550.0,498.29370850485424
1761527,110529085,OAK: LAUREL,4.0,1,,35.22712231082265,-80.84515881221789,1,5,5,513650.0,3898550.0,537.6644283341898
1761527,110529085,OAK: LAUREL,4.0,1,,35.22712231082265,-80.84515881221789,1,5,5,513650.0,3898550.0,537.6644283341898
1761528,110529086,OAK: LAUREL,4.0,1,,35.227196991262744,-80.84524569240988,1,5,5,513650.0,3898550.0,526.4385675285038
1761528,110529086,OAK: LAUREL,4.0,1,,35.227196991262744,-80.84524569240988,1,5,5,513650.0,3898550.0,526.4385675285038
1761529,110529087,OAK: LAUREL,4.0,1,,35.22714627160933,-80.84101857094807,1,3,7,514550.0,3898550.0,316.27950479256356
1761529,110529087,OAK: LAUREL,4.0,1,,35.22714627160933,-80.84101857094807,1,3,7,514550.0,3898550.0,316.27950479256356
1761529,110529087,OAK: LAUREL,4.0,1,,35.22714627160933,-80.84101857094807,1,3,7,514550.0,3898550.0,316.27950479256356
1761530,110529088,OAK: LAUREL,15.0,1,,35.227188021481155,-80.84107435168067,1,3,7,514550.0,3898550.0,313.21087347323714
1761530,110529088,OAK: LAUREL,15.0,1,,35.227188021481155,-80.84107435168067,1,3,7,514550.0,3898550.0,313.21087347323714
1761530,110529088,OAK: LAUREL,15.0,1,,35.227188021481155,-80.84107435168067,1,3,7,514550.0,3898550.0,313.21087347323714
1761531,110529089,OAK: LAUREL,12.0,1,,35.22722567126988,-80.84111049091909,1,3,7,514550.0,3898550.0,310.1643273456784
1761531,110529089,OAK: LAUREL,12.0,1,,35.22722567126988,-80.84111049091909,1,3,7,514550.0,3898550.0,310.1643273456784
1761531,110529089,OAK: LAUREL,12.0,1,,35.22722567126988,-80.84111049091909,1,3,7,514550.0,3898550.0,310.1643273456784
1761532,110529090,OAK: LAUREL,12.0,1,,35.22726270163974,-80.84115427157768,1,3,7,514550.0,3898550.0,307.4606216984324
1761532,110529090,OAK: LAUREL,12.0,1,,35.22726270163974,-80.84115427157768,1,3,7,514550.0,3898550.0,307.4606216984324
1761533,110529091,OAK: LAUREL,4.0,1,130 N TRYON ST,35.227423301840126,-80.84134346129477,1,3,7,514550.0,3898550.0,296.70426303508384
1761533,110529091,OAK: LAUREL,4.0,1,130 N TRYON ST,35.227423301840126,-80.84134346129477,1,3,7,514550.0,3898550.0,296.70426303508384
1761534,110529092,OAK: LAUREL,11.0,1,130 N TRYON ST,35.22746308165988,-80.84138703182406,1,3,7,514550.0,3898550.0,294.1823875068863
1761534,110529092,OAK: LAUREL,11.0,1,130 N TRYON ST,35.22746308165988,-80.84138703182406,1,3,7,514550.0,3898550.0,294.1823875068863
1761535,110529093,OAK: LAUREL,13.0,1,115 E 5TH ST,35.22761077109286,-80.84155923190386,1,3,7,514550.0,3898550.0,286.1421482831844
1761535,110529093,OAK: LAUREL,13.0,1,115 E 5TH ST,35.22761077109286,-80.84155923190386,1,3,7,514550.0,3898550.0,286.1421482831844
1761536,110529094,OAK: LAUREL,4.0,1,200 N TRYON ST,35.22768540133152,-80.84163015116255,1,3,7,514550.0,3898550.0,281.95914509277424
1761536,110529094,OAK: LAUREL,4.0,1,200 N TRYON ST,35.22768540133152,-80.84163015116255,1,3,7,514550.0,3898550.0,281.95914509277424
1761537,110529095,OAK: LAUREL,11.0,1,,35.22725272158224,-80.84092791150785,1,3,7,514550.0,3898550.0,302.7558296657411
1761537,110529095,OAK: LAUREL,11.0,1,,35.22725272158224,-80.84092791150785,1,3,7,514550.0,3898550.0,302.7558296657411
1761537,110529095,OAK: LAUREL,11.0,1,,35.22725272158224,-80.84092791150785,1,3,7,514550.0,3898550.0,302.7558296657411
1761538,110529096,OAK: LAUREL,7.0,1,,35.227192711777114,-80.84085852143002,1,3,7,514550.0,3898550.0,307.73420925942827
1761538,110529096,OAK: LAUREL,7.0,1,,35.227192711777114,-80.84085852143002,1,3,7,514550.0,3898550.0,307.73420925942827
1761538,110529096,OAK: LAUREL,7.0,1,,35.227192711777114,-80.84085852143002,1,3,7,514550.0,3898550.0,307.73420925942827
1761539,110529097,OAK: LAUREL,5.0,1,,35.226953371413025,-80.84062608160038,1,3,7,514550.0,3898550.0,329.94607426783745
1761539,110529097,OAK: LAUREL,5.0,1,,35.226953371413025,-80.84062608160038,1,3,7,514550.0,3898550.0,329.94607426783745
1761539,110529097,OAK: LAUREL,5.0,1,,35.226953371413025,-80.84062608160038,1,3,7,514550.0,3898550.0,329.94607426783745
1761540,110529098,OAK: LAUREL,5.0,1,,35.22688429149166,-80.84056366111162,1,3,7,514550.0,3898550.0,336.7735767859435
1761540,110529098,OAK: LAUREL,5.0,1,,35.22688429149166,-80.84056366111162,1,3,7,514550.0,3898550.0,336.7735767859435
1761540,110529098,OAK: LAUREL,5.0,1,,35.22688429149166,-80.84056366111162,1,3,7,514550.0,3898550.0,336.7735767859435
1761541,110529099,OAK: LAUREL,4.0,1,,35.226816511586364,-80.84046652052781,1,3,7,514550.0,3898550.0,343.2673718242756
1761541,110529099,OAK: LAUREL,4.0,1,,35.226816511586364,-80.84046652052781,1,3,7,514550.0,3898550.0,343.2673718242756
1761541,110529099,OAK: LAUREL,4.0,1,,35.226816511586364,-80.84046652052781,1,3,7,514550.0,3898550.0,343.2673718242756
1761542,110529100,OAK: LAUREL,4.0,1,,35.22672655154562,-80.840372061049,1,3,7,514550.0,3898550.0,352.49625051385766
1761542,110529100,OAK: LAUREL,4.0,1,,35.22672655154562,-80.840372061049,1,3,7,514550.0,3898550.0,352.49625051385766
1761542,110529100,OAK: LAUREL,4.0,1,,35.22672655154562,-80.840372061049,1,3,7,514550.0,3898550.0,352.49625051385766
1761543,110529101,OAK: LAUREL,4.0,1,,35.226646471636116,-80.84029566071914,1,3,7,514550.0,3898550.0,360.95069062758114
1761543,110529101,OAK: LAUREL,4.0,1,,35.226646471636116,-80.84029566071914,1,3,7,514550.0,3898550.0,360.95069062758114
1761543,110529101,OAK: LAUREL,4.0,1,,35.226646471636116,-80.84029566071914,1,3,7,514550.0,3898550.0,360.95069062758114
1761544,110529102,OAK: LAUREL,4.0,1,,35.22655919132104,-80.84018856117572,1,3,7,514550.0,3898550.0,370.2844709276609
1761544,110529102,OAK: LAUREL,4.0,1,,35.22655919132104,-80.84018856117572,1,3,7,514550.0,3898550.0,370.2844709276609
1761544,110529102,OAK: LAUREL,4.0,1,,35.22655919132104,-80.84018856117572,1,3,7,514550.0,3898550.0,370.2844709276609
1761545,110529103,OAK: LAUREL,3.0,1,,35.22647259171526,-80.84006077042868,1,3,7,514550.0,3898550.0,379.82429187212637
1761545,110529103,OAK: LAUREL,3.0,1,,35.22647259171526,-80.84006077042868,1,3,7,514550.0,3898550.0,379.82429187212637
1761545,110529103,OAK: LAUREL,3.0,1,,35.22647259171526,-80.84006077042868,1,3,7,514550.0,3898550.0,379.82429187212637
1761546,110529104,OAK: LAUREL,10.0,1,,35.22623967129595,-80.83999750079167,1,3,7,514550.0,3898550.0,405.7487215585758
1761546,110529104,OAK: LAUREL,10.0,1,,35.22623967129595,-80.83999750079167,1,3,7,514550.0,3898550.0,405.7487215585758
1761546,110529104,OAK: LAUREL,10.0,1,,35.22623967129595,-80.83999750079167,1,3,7,514550.0,3898550.0,405.7487215585758
1761547,110529105,OAK: LAUREL,7.0,1,,35.22671163089046,-80.84056920124594,1,3,7,514550.0,3898550.0,355.84028197645097
1761547,110529105,OAK: LAUREL,7.0,1,,35.22671163089046,-80.84056920124594,1,3,7,514550.0,3898550.0,355.84028197645097
1761547,110529105,OAK: LAUREL,7.0,1,,35.22671163089046,-80.84056920124594,1,3,7,514550.0,3898550.0,355.84028197645097
1761548,110529106,OAK: LAUREL,5.0,1,,35.22677127106487,-80.84063925151294,1,3,7,514550.0,3898550.0,350.10675216671007
1761548,110529106,OAK: LAUREL,5.0,1,,35.22677127106487,-80.84063925151294,1,3,7,514550.0,3898550.0,350.10675216671007
1761548,110529106,OAK: LAUREL,5.0,1,,35.22677127106487,-80.84063925151294,1,3,7,514550.0,3898550.0,350.10675216671007
1761549,110529107,OAK: LAUREL,11.0,1,,35.226832651290316,-80.84070557122207,1,3,7,514550.0,3898550.0,344.27799428365046
1761549,110529107,OAK: LAUREL,11.0,1,,35.226832651290316,-80.84070557122207,1,3,7,514550.0,3898550.0,344.27799428365046
1761549,110529107,OAK: LAUREL,11.0,1,,35.226832651290316,-80.84070557122207,1,3,7,514550.0,3898550.0,344.27799428365046
1761550,110529108,OAK: LAUREL,5.0,1,,35.228238492062005,-80.83820354005094,1,3,7,514550.0,3898550.0,252.38834539422191
1761550,110529108,OAK: LAUREL,5.0,1,,35.228238492062005,-80.83820354005094,1,3,7,514550.0,3898550.0,252.38834539422191
1761550,110529108,OAK: LAUREL,5.0,1,,35.228238492062005,-80.83820354005094,1,3,7,514550.0,3898550.0,252.38834539422191
1761551,110529109,OAK: LAUREL,9.0,1,,35.226597191630184,-80.83815389043643,1,3,7,514550.0,3898550.0,406.6760618280815
1761551,110529109,OAK: LAUREL,9.0,1,,35.226597191630184,-80.83815389043643,1,3,7,514550.0,3898550.0,406.6760618280815
1761551,110529109,OAK: LAUREL,9.0,1,,35.226597191630184,-80.83815389043643,1,3,7,514550.0,3898550.0,406.6760618280815
1761552,110529110,OAK: LAUREL,10.0,1,,35.226534541042156,-80.83808653001469,1,3,7,514550.0,3898550.0,415.60887657368716
1761552,110529110,OAK: LAUREL,10.0,1,,35.226534541042156,-80.83808653001469,1,3,7,514550.0,3898550.0,415.60887657368716
1761552,110529110,OAK: LAUREL,10.0,1,,35.226534541042156,-80.83808653001469,1,3,7,514550.0,3898550.0,415.60887657368716
1761553,110529111,OAK: LAUREL,9.0,1,,35.226474151612585,-80.83801145993048,1,3,7,514550.0,3898550.0,424.64547184466124
1761553,110529111,OAK: LAUREL,9.0,1,,35.226474151612585,-80.83801145993048,1,3,7,514550.0,3898550.0,424.64547184466124
1761553,110529111,OAK: LAUREL,9.0,1,,35.226474151612585,-80.83801145993048,1,3,7,514550.0,3898550.0,424.64547184466124
1761554,110529112,OAK: LAUREL,12.0,1,,35.22640103174985,-80.8379380200802,1,3,7,514550.0,3898550.0,434.8956751929403
1761554,110529112,OAK: LAUREL,12.0,1,,35.22640103174985,-80.8379380200802,1,3,7,514550.0,3898550.0,434.8956751929403
1761554,110529112,OAK: LAUREL,12.0,1,,35.22640103174985,-80.8379380200802,1,3,7,514550.0,3898550.0,434.8956751929403
1761555,110529113,OAK: LAUREL,10.0,1,,35.22635102115594,-80.83786695988735,1,3,7,514550.0,3898550.0,442.78095322281706
1761555,110529113,OAK: LAUREL,10.0,1,,35.22635102115594,-80.83786695988735,1,3,7,514550.0,3898550.0,442.78095322281706
1761555,110529113,OAK: LAUREL,10.0,1,,35.22635102115594,-80.83786695988735,1,3,7,514550.0,3898550.0,442.78095322281706
1761556,110529114,OAK: LAUREL,14.0,1,,35.22622200098157,-80.83793438992184,1,3,7,514550.0,3898550.0,452.8307579453869
1761556,110529114,OAK: LAUREL,14.0,1,,35.22622200098157,-80.83793438992184,1,3,7,514550.0,3898550.0,452.8307579453869
1761556,110529114,OAK: LAUREL,14.0,1,,35.22622200098157,-80.83793438992184,1,3,7,514550.0,3898550.0,452.8307579453869
1761557,110529115,OAK: LAUREL,13.0,1,,35.227100261920626,-80.83714005000418,1,3,7,514550.0,3898550.0,410.95956799607666
1761557,110529115,OAK: LAUREL,13.0,1,,35.227100261920626,-80.83714005000418,1,3,7,514550.0,3898550.0,410.95956799607666
1761557,110529115,OAK: LAUREL,13.0,1,,35.227100261920626,-80.83714005000418,1,3,7,514550.0,3898550.0,410.95956799607666
1761558,110529116,OAK: LAUREL,12.0,1,,35.22627434143605,-80.83800111074599,1,3,7,514550.0,3898550.0,444.9705185899567
1761558,110529116,OAK: LAUREL,12.0,1,,35.22627434143605,-80.83800111074599,1,3,7,514550.0,3898550.0,444.9705185899567
1761558,110529116,OAK: LAUREL,12.0,1,,35.22627434143605,-80.83800111074599,1,3,7,514550.0,3898550.0,444.9705185899567
1761559,110529117,OAK: LAUREL,14.0,1,,35.22716161138665,-80.837220510424,1,3,7,514550.0,3898550.0,401.0227961504692
1761559,110529117,OAK: LAUREL,14.0,1,,35.22716161138665,-80.837220510424,1,3,7,514550.0,3898550.0,401.0227961504692
1761559,110529117,OAK: LAUREL,14.0,1,,35.22716161138665,-80.837220510424,1,3,7,514550.0,3898550.0,401.0227961504692
1761560,110529118,OAK: LAUREL,11.0,1,,35.226434781623645,-80.83818139018312,1,3,7,514550.0,3898550.0,421.9154069594459
1761560,110529118,OAK: LAUREL,11.0,1,,35.226434781623645,-80.83818139018312,1,3,7,514550.0,3898550.0,421.9154069594459
1761560,110529118,OAK: LAUREL,11.0,1,,35.226434781623645,-80.83818139018312,1,3,7,514550.0,3898550.0,421.9154069594459
1761561,110529119,OAK: LAUREL,2.0,1,,35.226584071136415,-80.83835859034694,1,3,7,514550.0,3898550.0,400.24242991930606
1761561,110529119,OAK: LAUREL,2.0,1,,35.226584071136415,-80.83835859034694,1,3,7,514550.0,3898550.0,400.24242991930606
1761562,110529120,OAK: LAUREL,2.0,1,,35.22663647164169,-80.8384252603588,1,3,7,514550.0,3898550.0,392.51569091437284
1761562,110529120,OAK: LAUREL,2.0,1,,35.22663647164169,-80.8384252603588,1,3,7,514550.0,3898550.0,392.51569091437284
1761563,110529121,OAK: LAUREL,8.0,1,,35.22680712142393,-80.83861519083942,1,3,7,514550.0,3898550.0,368.45915799103176
1761563,110529121,OAK: LAUREL,8.0,1,,35.22680712142393,-80.83861519083942,1,3,7,514550.0,3898550.0,368.45915799103176
1761563,110529121,OAK: LAUREL,8.0,1,,35.22680712142393,-80.83861519083942,1,3,7,514550.0,3898550.0,368.45915799103176
1761564,110529122,OAK: LAUREL,5.0,1,,35.22714820165463,-80.83902579052611,1,3,7,514550.0,3898550.0,320.23358353932144
1761564,110529122,OAK: LAUREL,5.0,1,,35.22714820165463,-80.83902579052611,1,3,7,514550.0,3898550.0,320.23358353932144
1761564,110529122,OAK: LAUREL,5.0,1,,35.22714820165463,-80.83902579052611,1,3,7,514550.0,3898550.0,320.23358353932144
1761565,110529123,OAK: LAUREL,5.0,1,,35.22722979147368,-80.83912622098352,1,3,7,514550.0,3898550.0,308.8801578283889
1761565,110529123,OAK: LAUREL,5.0,1,,35.22722979147368,-80.83912622098352,1,3,7,514550.0,3898550.0,308.8801578283889
1761565,110529123,OAK: LAUREL,5.0,1,,35.22722979147368,-80.83912622098352,1,3,7,514550.0,3898550.0,308.8801578283889
1761566,110529124,OAK: LAUREL,5.0,1,,35.22740297129035,-80.83933078058081,1,3,7,514550.0,3898550.0,285.3978726213397
1761566,110529124,OAK: LAUREL,5.0,1,,35.22740297129035,-80.83933078058081,1,3,7,514550.0,3898550.0,285.3978726213397
1761566,110529124,OAK: LAUREL,5.0,1,,35.22740297129035,-80.83933078058081,1,3,7,514550.0,3898550.0,285.3978726213397
1761567,110529125,OAK: LAUREL,5.0,1,,35.22764049135966,-80.83959794092692,1,3,7,514550.0,3898550.0,254.45935190534752
1761567,110529125,OAK: LAUREL,5.0,1,,35.22764049135966,-80.83959794092692,1,3,7,514550.0,3898550.0,254.45935190534752
1761567,110529125,OAK: LAUREL,5.0,1,,35.22764049135966,-80.83959794092692,1,3,7,514550.0,3898550.0,254.45935190534752
1761568,110529126,OAK: LAUREL,11.0,1,301 N COLLEGE ST,35.228020291857305,-80.8398342712368,1,3,7,514550.0,3898550.0,209.5894424900033
1761568,110529126,OAK: LAUREL,11.0,1,301 N COLLEGE ST,35.228020291857305,-80.8398342712368,1,3,7,514550.0,3898550.0,209.5894424900033
1761568,110529126,OAK: LAUREL,11.0,1,301 N COLLEGE ST,35.228020291857305,-80.8398342712368,1,3,7,514550.0,3898550.0,209.5894424900033
1761569,110529127,OAK: LAUREL,13.0,1,112 E 7TH ST,35.22890318219354,-80.8391427713234,1,3,7,514550.0,3898550.0,140.64351553784107
1761569,110529127,OAK: LAUREL,13.0,1,112 E 7TH ST,35.22890318219354,-80.8391427713234,1,3,7,514550.0,3898550.0,140.64351553784107
1761569,110529127,OAK: LAUREL,13.0,1,112 E 7TH ST,35.22890318219354,-80.8391427713234,1,3,7,514550.0,3898550.0,140.64351553784107
1761570,110529128,OAK: LAUREL,17.0,1,112 E 7TH ST,35.22895705149696,-80.83920597055202,1,3,7,514550.0,3898550.0,132.3921223644627
1761570,110529128,OAK: LAUREL,17.0,1,112 E 7TH ST,35.22895705149696,-80.83920597055202,1,3,7,514550.0,3898550.0,132.3921223644627
1761571,110529129,OAK: LAUREL,6.0,1,,35.22614132138868,-80.83962702111234,1,3,7,514550.0,3898550.0,418.7836781249428
1761571,110529129,OAK: LAUREL,6.0,1,,35.22614132138868,-80.83962702111234,1,3,7,514550.0,3898550.0,418.7836781249428
1761571,110529129,OAK: LAUREL,6.0,1,,35.22614132138868,-80.83962702111234,1,3,7,514550.0,3898550.0,418.7836781249428
1761572,110529130,OAK: LAUREL,5.0,1,,35.22610676125778,-80.83955049094918,1,3,7,514550.0,3898550.0,423.3656526517768
1761572,110529130,OAK: LAUREL,5.0,1,,35.22610676125778,-80.83955049094918,1,3,7,514550.0,3898550.0,423.3656526517768
1761572,110529130,OAK: LAUREL,5.0,1,,35.22610676125778,-80.83955049094918,1,3,7,514550.0,3898550.0,423.3656526517768
1761573,110529131,OAK: LAUREL,5.0,1,,35.22606909148609,-80.83943494069143,1,3,7,514550.0,3898550.0,428.8764211592292
1761573,110529131,OAK: LAUREL,5.0,1,,35.22606909148609,-80.83943494069143,1,3,7,514550.0,3898550.0,428.8764211592292
1761573,110529131,OAK: LAUREL,5.0,1,,35.22606909148609,-80.83943494069143,1,3,7,514550.0,3898550.0,428.8764211592292
1761574,110529132,OAK: LAUREL,6.0,1,,35.22605745108293,-80.83929646095048,1,3,7,514550.0,3898550.0,432.1137976368694
1761574,110529132,OAK: LAUREL,6.0,1,,35.22605745108293,-80.83929646095048,1,3,7,514550.0,3898550.0,432.1137976368694
1761575,110529133,OAK: LAUREL,2.0,1,,35.226057471082235,-80.83913302072294,1,3,7,514550.0,3898550.0,434.8829051383024
1761575,110529133,OAK: LAUREL,2.0,1,,35.226057471082235,-80.83913302072294,1,3,7,514550.0,3898550.0,434.8829051383024
1761576,110529134,OAK: LAUREL,2.0,1,,35.22606088130825,-80.8389692603836,1,3,7,514550.0,3898550.0,437.78108616571257
1761576,110529134,OAK: LAUREL,2.0,1,,35.22606088130825,-80.8389692603836,1,3,7,514550.0,3898550.0,437.78108616571257
1761577,110529135,OAK: LAUREL,9.0,1,,35.226060321141745,-80.83888927007932,1,3,7,514550.0,3898550.0,439.6126088503078
1761577,110529135,OAK: LAUREL,9.0,1,,35.226060321141745,-80.83888927007932,1,3,7,514550.0,3898550.0,439.6126088503078
1761578,110529136,OAK: LAUREL,6.0,1,,35.226040231681395,-80.83875745065622,1,3,7,514550.0,3898550.0,444.91861298155123
1761578,110529136,OAK: LAUREL,6.0,1,,35.226040231681395,-80.83875745065622,1,3,7,514550.0,3898550.0,444.91861298155123
1761592,110529150,OAK: LAUREL,6.0,1,237 S TRYON ST,35.225390561259346,-80.84491083257723,1,3,7,514550.0,3898550.0,664.2755946384694
1761592,110529150,OAK: LAUREL,6.0,1,237 S TRYON ST,35.225390561259346,-80.84491083257723,1,3,7,514550.0,3898550.0,664.2755946384694
1761592,110529150,OAK: LAUREL,6.0,1,237 S TRYON ST,35.225390561259346,-80.84491083257723,1,3,7,514550.0,3898550.0,664.2755946384694
1761593,110529151,OAK: LAUREL,5.0,1,,35.22552863113256,-80.84507923262495,1,5,5,513650.0,3898550.0,660.3238819293838
1761593,110529151,OAK: LAUREL,5.0,1,,35.22552863113256,-80.84507923262495,1,5,5,513650.0,3898550.0,660.3238819293838
1761594,110529152,OAK: LAUREL,4.0,1,,35.22879664188252,-80.84276732218771,1,3,7,514550.0,3898550.0,271.4884750340756
1761595,110529153,OAK: LAUREL,4.0,1,,35.22887990152378,-80.84286388224986,1,3,7,514550.0,3898550.0,275.4553859800272
1761596,110529154,OAK: LAUREL,4.0,1,,35.22912090141876,-80.84132429146027,1,3,7,514550.0,3898550.0,140.63072691690027
1761597,110529155,OAK: LAUREL,4.0,1,,35.229206352141816,-80.84141280154363,1,3,7,514550.0,3898550.0,141.74173264824992
1761598,110529156,OAK: LAUREL,4.0,1,,35.22932686159337,-80.84156301183907,1,3,7,514550.0,3898550.0,147.1992756175568
1761600,110529158,OAK: LAUREL,4.0,1,,35.22988895215065,-80.84011581160114,1,3,7,514550.0,3898550.0,1.5337481369481523
1761601,110529159,OAK: LAUREL,4.0,1,,35.22983137225556,-80.84004941088901,1,3,7,514550.0,3898550.0,8.760607694366097
1761602,110529160,OAK: LAUREL,4.0,1,,35.22977278175677,-80.83997636143053,1,3,7,514550.0,3898550.0,17.95295197135264
1761602,110529160,OAK: LAUREL,4.0,1,,35.22977278175677,-80.83997636143053,1,3,7,514550.0,3898550.0,17.95295197135264
1761603,110529161,OAK: LAUREL,4.0,1,,35.22971410224106,-80.83992653075165,1,3,7,514550.0,3898550.0,25.864917918477303
1761603,110529161,OAK: LAUREL,4.0,1,,35.22971410224106,-80.83992653075165,1,3,7,514550.0,3898550.0,25.864917918477303
1761604,110529162,OAK: LAUREL,4.0,1,,35.22966037157965,-80.83986159082355,1,3,7,514550.0,3898550.0,34.21573630739961
1761604,110529162,OAK: LAUREL,4.0,1,,35.22966037157965,-80.83986159082355,1,3,7,514550.0,3898550.0,34.21573630739961
1761605,110529163,OAK: LAUREL,4.0,1,,35.23040432183434,-80.83897594105633,1,3,7,514550.0,3898550.0,116.91097915536616
1761606,110529164,OAK: LAUREL,4.0,1,,35.230449862602974,-80.83903353045051,1,3,7,514550.0,3898550.0,114.95553273854533
1761607,110529165,OAK: LAUREL,4.0,1,,35.23055912239975,-80.83914314108799,1,3,7,514550.0,3898550.0,114.0431479800684
1761608,110529166,OAK: LAUREL,4.0,1,,35.23070299240466,-80.83929261105182,1,3,7,514550.0,3898550.0,115.81448035997327
1761609,110529167,OAK: LAUREL,4.0,1,,35.23086812253236,-80.83947498125399,1,3,7,514550.0,3898550.0,121.86302245669866
1761610,110529168,OAK: LAUREL,4.0,1,,35.230925352086906,-80.83955021148633,1,3,7,514550.0,3898550.0,124.5901166669081
1761611,110529169,OAK: LAUREL,4.0,1,,35.230972941885355,-80.83959992070643,1,3,7,514550.0,3898550.0,127.74924104446225
1761612,110529170,OAK: LAUREL,4.0,1,,35.23103898204865,-80.83967230081507,1,3,7,514550.0,3898550.0,132.52125547197232
1761613,110529171,OAK: LAUREL,17.0,1,,35.231082791940615,-80.83972179073093,1,3,7,514550.0,3898550.0,135.9542574985849
1761614,110529172,OAK: LAUREL,10.0,1,,35.22408097065433,-80.8454924427286,1,1,4,513650.0,3897450.0,612.2272349740545
1761614,110529172,OAK: LAUREL,10.0,1,,35.22408097065433,-80.8454924427286,1,1,4,513650.0,3897450.0,612.2272349740545
1761614,110529172,OAK: LAUREL,10.0,1,,35.22408097065433,-80.8454924427286,1,1,4,513650.0,3897450.0,612.2272349740545
1761615,110529173,OAK: LAUREL,11.0,1,,35.22414123100659,-80.8455568223411,1,1,4,513650.0,3897450.0,613.3062675042657
1761615,110529173,OAK: LAUREL,11.0,1,,35.22414123100659,-80.8455568223411,1,1,4,513650.0,3897450.0,613.3062675042657
1761615,110529173,OAK: LAUREL,11.0,1,,35.22414123100659,-80.8455568223411,1,1,4,513650.0,3897450.0,613.3062675042657
1761616,110529174,OAK: LAUREL,9.0,1,,35.224188340452244,-80.84561717264187,1,1,4,513650.0,3897450.0,613.643434699713
1761616,110529174,OAK: LAUREL,9.0,1,,35.224188340452244,-80.84561717264187,1,1,4,513650.0,3897450.0,613.643434699713
1761617,110529175,OAK: LAUREL,9.0,1,,35.2242507909047,-80.84568556201951,1,1,4,513650.0,3897450.0,614.9104080692566
1761617,110529175,OAK: LAUREL,9.0,1,,35.2242507909047,-80.84568556201951,1,1,4,513650.0,3897450.0,614.9104080692566
1761618,110529176,OAK: LAUREL,3.0,1,,35.22444141071991,-80.8459028221079,1,1,4,513650.0,3897450.0,619.1595048932232
1761618,110529176,OAK: LAUREL,3.0,1,,35.22444141071991,-80.8459028221079,1,1,4,513650.0,3897450.0,619.1595048932232
1761619,110529177,OAK: LAUREL,3.0,1,,35.22449619044296,-80.84595647276505,1,1,4,513650.0,3897450.0,621.0996192212903
1761619,110529177,OAK: LAUREL,3.0,1,,35.22449619044296,-80.84595647276505,1,1,4,513650.0,3897450.0,621.0996192212903
1761620,110529178,OAK: LAUREL,2.0,1,,35.22463313079137,-80.84612813249693,1,1,4,513650.0,3897450.0,624.407853544427
1761620,110529178,OAK: LAUREL,2.0,1,,35.22463313079137,-80.84612813249693,1,1,4,513650.0,3897450.0,624.407853544427
1761621,110529179,OAK: LAUREL,8.0,1,,35.22468900034494,-80.84619384300213,1,1,4,513650.0,3897450.0,626.1886070458787
1761621,110529179,OAK: LAUREL,8.0,1,,35.22468900034494,-80.84619384300213,1,1,4,513650.0,3897450.0,626.1886070458787
1761622,110529180,OAK: LAUREL,11.0,1,,35.22474597085268,-80.84625151245324,1,1,4,513650.0,3897450.0,628.5828821621831
1761622,110529180,OAK: LAUREL,11.0,1,,35.22474597085268,-80.84625151245324,1,1,4,513650.0,3897450.0,628.5828821621831
1761623,110529181,OAK: LAUREL,10.0,1,,35.224790890712626,-80.84612679239257,1,1,4,513650.0,3897450.0,638.9761293776575
1761623,110529181,OAK: LAUREL,10.0,1,,35.224790890712626,-80.84612679239257,1,1,4,513650.0,3897450.0,638.9761293776575
1761624,110529182,OAK: LAUREL,12.0,1,,35.22474597059467,-80.84607046303528,1,1,4,513650.0,3897450.0,637.7009505383656
1761624,110529182,OAK: LAUREL,12.0,1,,35.22474597059467,-80.84607046303528,1,1,4,513650.0,3897450.0,637.7009505383656
1761625,110529183,OAK: LAUREL,5.0,1,,35.224708720660786,-80.84603291311724,1,1,4,513650.0,3897450.0,636.227663632214
1761625,110529183,OAK: LAUREL,5.0,1,,35.224708720660786,-80.84603291311724,1,1,4,513650.0,3897450.0,636.227663632214
1761626,110529184,OAK: LAUREL,8.0,1,,35.224664900880065,-80.84598329264414,1,1,4,513650.0,3897450.0,634.8342734024665
1761626,110529184,OAK: LAUREL,8.0,1,,35.224664900880065,-80.84598329264414,1,1,4,513650.0,3897450.0,634.8342734024665
1761627,110529185,OAK: LAUREL,6.0,1,,35.22462218098267,-80.84592428287013,1,1,4,513650.0,3897450.0,634.1069545922793
1761627,110529185,OAK: LAUREL,6.0,1,,35.22462218098267,-80.84592428287013,1,1,4,513650.0,3897450.0,634.1069545922793
1761628,110529186,OAK: LAUREL,6.0,1,,35.22457507075187,-80.84586795245492,1,1,4,513650.0,3897450.0,632.9234449297668
1761628,110529186,OAK: LAUREL,6.0,1,,35.22457507075187,-80.84586795245492,1,1,4,513650.0,3897450.0,632.9234449297668
1761629,110529187,OAK: LAUREL,99.0,1,,35.22436691035488,-80.84934007405043,1,1,4,513650.0,3897450.0,489.09638052216127
1761630,110529188,OAK: LAUREL,99.0,1,,35.22428256035179,-80.84925961337386,1,1,4,513650.0,3897450.0,480.80345906147375
1761631,110529189,OAK: LAUREL,99.0,1,,35.2242069608181,-80.8491751234739,1,1,4,513650.0,3897450.0,473.6803160799751
1761632,110529190,OAK: LAUREL,99.0,1,,35.223699390123116,-80.84863546308905,1,1,4,513650.0,3897450.0,429.8752113798706
1761638,110529196,OAK: LAUREL,3.0,1,,35.22437255091013,-80.84783445263685,1,1,4,513650.0,3897450.0,524.7223626931597
1761639,110529197,OAK: LAUREL,10.0,1,,35.224473520371006,-80.84792873352778,1,1,4,513650.0,3897450.0,531.9914449634432
1761640,110529198,OAK: LAUREL,99.0,1,,35.22482602071062,-80.848297222964,1,1,4,513650.0,3897450.0,558.4105009645104
1761641,110529199,OAK: LAUREL,99.0,1,,35.224890460849636,-80.8483800431046,1,1,4,513650.0,3897450.0,563.2428867290228
1761642,110529200,OAK: LAUREL,99.0,1,,35.2249932909538,-80.84848753306608,1,5,5,513650.0,3898550.0,562.2097844595822
1761643,110529201,OAK: LAUREL,99.0,1,,35.22505413026136,-80.84836376292525,1,5,5,513650.0,3898550.0,558.5517789342442
1761644,110529202,OAK: LAUREL,99.0,1,,35.224974910273225,-80.84827619344719,1,5,5,513650.0,3898550.0,569.1624580695917
1761645,110529203,OAK: LAUREL,5.0,1,,35.224907140586346,-80.84820504367522,1,1,4,513650.0,3897450.0,569.4187894502521
1761646,110529204,OAK: LAUREL,5.0,1,,35.22483369030304,-80.84812394316887,1,1,4,513650.0,3897450.0,563.8289700379742
1761647,110529205,OAK: LAUREL,6.0,1,,35.224539710333296,-80.84781487301925,1,1,4,513650.0,3897450.0,542.5876115432376
1761648,110529206,OAK: LAUREL,9.0,1,,35.22446230079781,-80.84771122344691,1,1,4,513650.0,3897450.0,538.2135674681465
1761649,110529207,OAK: LAUREL,99.0,1,,35.224898250506946,-80.84980141406743,1,1,4,513650.0,3897450.0,544.5287843329356
1761650,110529208,OAK: LAUREL,12.0,1,,35.22673929124385,-80.8445053927515,1,3,7,514550.0,3898550.0,532.1561179049877
1761650,110529208,OAK: LAUREL,12.0,1,,35.22673929124385,-80.8445053927515,1,3,7,514550.0,3898550.0,532.1561179049877
1761651,110529209,OAK: LAUREL,10.0,1,,35.226658471393065,-80.84442429174312,1,3,7,514550.0,3898550.0,532.6250834743271
1761651,110529209,OAK: LAUREL,10.0,1,,35.226658471393065,-80.84442429174312,1,3,7,514550.0,3898550.0,532.6250834743271
1761652,110529210,OAK: LAUREL,12.0,1,,35.22661002081525,-80.84436860181665,1,3,7,514550.0,3898550.0,532.558064457366
1761652,110529210,OAK: LAUREL,12.0,1,,35.22661002081525,-80.84436860181665,1,3,7,514550.0,3898550.0,532.558064457366
1761653,110529211,OAK: LAUREL,14.0,1,,35.22656401074168,-80.84431227168136,1,3,7,514550.0,3898550.0,532.363583128872
1761653,110529211,OAK: LAUREL,14.0,1,,35.22656401074168,-80.84431227168136,1,3,7,514550.0,3898550.0,532.363583128872
1761654,110529212,OAK: LAUREL,99.0,1,,35.2251107903731,-80.84869366295476,1,5,5,513650.0,3898550.0,545.208084398797
1761655,110529213,OAK: LAUREL,4.0,1,,35.22708773167541,-80.84510988246831,1,5,5,513650.0,3898550.0,543.5126619724601
1761655,110529213,OAK: LAUREL,4.0,1,,35.22708773167541,-80.84510988246831,1,5,5,513650.0,3898550.0,543.5126619724601
1761656,110529214,OAK: LAUREL,99.0,1,,35.22519843061547,-80.84878351290429,1,5,5,513650.0,3898550.0,533.9792419690691
1761657,110529215,OAK: LAUREL,99.0,1,,35.225294840494335,-80.8488975133723,1,5,5,513650.0,3898550.0,521.4393316604095
1761658,110529216,OAK: LAUREL,4.0,1,,35.22716859157138,-80.84519867275324,1,5,5,513650.0,3898550.0,531.7496999630613
1761658,110529216,OAK: LAUREL,4.0,1,,35.22716859157138,-80.84519867275324,1,5,5,513650.0,3898550.0,531.7496999630613
1761662,110529220,OAK: LAUREL,4.0,1,,35.22655031143715,-80.84622640325438,1,5,5,513650.0,3898550.0,506.25942090902134
1761663,110529221,OAK: LAUREL,4.0,1,,35.226497570884,-80.84617573326958,1,5,5,513650.0,3898550.0,513.6860804137051
1761664,110529222,OAK: LAUREL,4.0,1,,35.22645785064528,-80.8461365222572,1,5,5,513650.0,3898550.0,519.3442560627726
1761665,110529223,OAK: LAUREL,4.0,1,,35.22639775099792,-80.8460679532104,1,5,5,513650.0,3898550.0,528.4738236032543
1761665,110529223,OAK: LAUREL,4.0,1,,35.22639775099792,-80.8460679532104,1,5,5,513650.0,3898550.0,528.4738236032543
1761666,110529224,OAK: LAUREL,4.0,1,W 3RD ST,35.22632278094315,-80.84598632317689,1,5,5,513650.0,3898550.0,539.6221884046748
1761666,110529224,OAK: LAUREL,4.0,1,W 3RD ST,35.22632278094315,-80.84598632317689,1,5,5,513650.0,3898550.0,539.6221884046748
1761668,110529226,OAK: LAUREL,4.0,1,W 3RD ST,35.22620268109775,-80.84584212264843,1,5,5,513650.0,3898550.0,558.30779913051
1761668,110529226,OAK: LAUREL,4.0,1,W 3RD ST,35.22620268109775,-80.84584212264843,1,5,5,513650.0,3898550.0,558.30779913051
1761669,110529227,OAK: LAUREL,2.0,1,,35.225849181171874,-80.84558234248719,1,5,5,513650.0,3898550.0,603.2398987083782
1761669,110529227,OAK: LAUREL,2.0,1,,35.225849181171874,-80.84558234248719,1,5,5,513650.0,3898550.0,603.2398987083782
1761670,110529228,OAK: LAUREL,2.0,1,,35.22590424092655,-80.84563957236395,1,5,5,513650.0,3898550.0,595.2163711784162
1761670,110529228,OAK: LAUREL,2.0,1,,35.22590424092655,-80.84563957236395,1,5,5,513650.0,3898550.0,595.2163711784162
1761671,110529229,OAK: LAUREL,4.0,1,,35.225988381040814,-80.84573914284596,1,5,5,513650.0,3898550.0,582.2217654190902
1761671,110529229,OAK: LAUREL,4.0,1,,35.225988381040814,-80.84573914284596,1,5,5,513650.0,3898550.0,582.2217654190902
1761672,110529230,OAK: LAUREL,4.0,1,W 3RD ST,35.226047251114046,-80.84581391248567,1,5,5,513650.0,3898550.0,572.8217815780263
1761672,110529230,OAK: LAUREL,4.0,1,W 3RD ST,35.226047251114046,-80.84581391248567,1,5,5,513650.0,3898550.0,572.8217815780263
1761673,110529231,OAK: LAUREL,99.0,1,,35.22530689116775,-80.84869366394835,1,5,5,513650.0,3898550.0,523.9990862796616
1761674,110529232,OAK: LAUREL,99.0,1,,35.225224720881535,-80.84860783330635,1,5,5,513650.0,3898550.0,534.6679788788441
1761675,110529233,OAK: LAUREL,4.0,1,301 S CHURCH ST,35.226274891366,-80.84606218306654,1,5,5,513650.0,3898550.0,538.9434669072298
1761675,110529233,OAK: LAUREL,4.0,1,301 S CHURCH ST,35.226274891366,-80.84606218306654,1,5,5,513650.0,3898550.0,538.9434669072298
1761676,110529234,OAK: LAUREL,4.0,1,301 S CHURCH ST,35.226331361359925,-80.84612896220524,1,5,5,513650.0,3898550.0,530.226001175593
1761676,110529234,OAK: LAUREL,4.0,1,301 S CHURCH ST,35.226331361359925,-80.84612896220524,1,5,5,513650.0,3898550.0,530.226001175593
1761677,110529235,OAK: LAUREL,4.0,1,301 S CHURCH ST,35.22637654139878,-80.84618657318732,1,5,5,513650.0,3898550.0,522.9994547366321
1761678,110529236,OAK: LAUREL,13.0,1,,35.23130686214328,-80.83803781041614,1,3,7,514550.0,3898550.0,244.3965087673576
1761679,110529237,OAK: LAUREL,14.0,1,,35.23172690282795,-80.83852808066361,1,3,7,514550.0,3898550.0,248.37653323237348
1761680,110529238,OAK: LAUREL,3.0,1,,35.231875642899595,-80.83856996038911,1,3,7,514550.0,3898550.0,259.9606004352691
1761681,110529239,OAK: LAUREL,4.0,1,,35.22737523129089,-80.84715541264663,1,5,5,513650.0,3898550.0,381.6957867576663
1761682,110529240,OAK: LAUREL,4.0,1,225 S POPLAR ST,35.227289781161176,-80.84705349298204,1,5,5,513650.0,3898550.0,394.94911121814647
1761683,110529241,OAK: LAUREL,4.0,1,225 S POPLAR ST,35.22720981141026,-80.84697168292341,1,5,5,513650.0,3898550.0,406.51649847223973
1761684,110529242,OAK: LAUREL,4.0,1,,35.226651101393905,-80.84656265279769,1,5,5,513650.0,3898550.0,477.5516619171192
1761685,110529243,OAK: LAUREL,4.0,1,228 S CHURCH ST,35.22671793078328,-80.84664177296438,1,5,5,513650.0,3898550.0,467.2369161764528
1761686,110529244,OAK: LAUREL,4.0,1,228 S CHURCH ST,35.226794611239505,-80.84673028283082,1,5,5,513650.0,3898550.0,455.5375122967465
1761687,110529245,OAK: LAUREL,4.0,1,228 S CHURCH ST,35.22687677124041,-80.84681746339898,1,5,5,513650.0,3898550.0,443.4564024721225
1761688,110529246,OAK: LAUREL,4.0,1,,35.22705425155039,-80.84701996284433,1,5,5,513650.0,3898550.0,416.52023564226533
1761689,110529247,OAK: LAUREL,4.0,1,,35.22713532122329,-80.84711116286815,1,5,5,513650.0,3898550.0,404.29407047420125
1761690,110529248,OAK: LAUREL,4.0,1,,35.22750122167598,-80.84753092320318,1,5,5,513650.0,3898550.0,348.64431453689554
1761691,110529249,OAK: LAUREL,4.0,1,,35.22757461157232,-80.84761541319061,1,5,5,513650.0,3898550.0,337.46826084765405
1761693,110529251,OAK: LAUREL,16.0,1,N TRYON ST,35.23302813276271,-80.8361679898528,1,3,7,514550.0,3898550.0,498.7221872407173
1761694,110529252,OAK: LAUREL,18.0,1,,35.23327110253749,-80.83650056045535,1,3,7,514550.0,3898550.0,497.4019571424767
1761697,110529255,OAK: LAUREL,4.0,1,224 E MARTIN LUTHER KING JR BV,35.226364071249186,-80.84789436365878,1,5,5,513650.0,3898550.0,437.16030145080896
1761698,110529256,OAK: LAUREL,4.0,1,224 E MARTIN LUTHER KING JR BV,35.22620084098984,-80.84771197325003,1,5,5,513650.0,3898550.0,460.7479094948837
1761699,110529257,OAK: LAUREL,4.0,1,,35.22611977070555,-80.84762078353972,1,5,5,513650.0,3898550.0,472.5248705177598
1761700,110529258,OAK: LAUREL,7.0,1,,35.23228343246458,-80.8368530604864,1,3,7,514550.0,3898550.0,396.7949715441732
1761701,110529259,OAK: LAUREL,4.0,1,,35.2260365109228,-80.84752288347038,1,5,5,513650.0,3898550.0,484.8225935666077
1761702,110529260,OAK: LAUREL,4.0,1,,35.23234198288394,-80.83707357030201,1,3,7,514550.0,3898550.0,386.60320912941273
1761703,110529261,OAK: LAUREL,4.0,1,,35.23241976235224,-80.83716978085134,1,3,7,514550.0,3898550.0,386.6063863621641
1761704,110529262,OAK: LAUREL,4.0,1,,35.23248419312942,-80.83725115999952,1,3,7,514550.0,3898550.0,386.80220505308273
1761705,110529263,OAK: LAUREL,4.0,1,,35.23258065271659,-80.83736461065129,1,3,7,514550.0,3898550.0,388.09537076192805
1761706,110529264,OAK: LAUREL,4.0,1,,35.23265115295587,-80.83743911071271,1,3,7,514550.0,3898550.0,389.87268509950525
1761707,110529265,OAK: LAUREL,4.0,1,,35.22609457116897,-80.84781658372124,1,5,5,513650.0,3898550.0,467.18543157833693
1761708,110529266,OAK: LAUREL,4.0,1,,35.2261592106455,-80.84790107286032,1,5,5,513650.0,3898550.0,457.450479642102
1761716,110529274,OAK: LAUREL,8.0,1,,35.22721200163858,-80.83729159047117,1,3,7,514550.0,3898550.0,392.5671315452057
1761716,110529274,OAK: LAUREL,8.0,1,,35.22721200163858,-80.83729159047117,1,3,7,514550.0,3898550.0,392.5671315452057
1761719,110529277,OAK: LAUREL,99.0,1,,35.22377652034567,-80.84870949352285,1,1,4,513650.0,3897450.0,436.18757377485514
1761746,110529304,OAK: OVERCUP,20.0,1,,35.22589646187106,-80.83386382852916,1,2,9,515475.0,3898575.0,588.1755119759919
1761746,110529304,OAK: OVERCUP,20.0,1,,35.22589646187106,-80.83386382852916,1,2,9,515475.0,3898575.0,588.1755119759919
1761750,110529308,OAK: OVERCUP,21.0,1,,35.22735332166528,-80.83181719834649,1,2,9,515475.0,3898575.0,350.2458059152934
1761751,110529309,OAK: OVERCUP,21.0,1,,35.227282112060536,-80.8319083985725,1,2,9,515475.0,3898575.0,361.2068603893552
1761752,110529310,OAK: OVERCUP,20.0,1,,35.227059731762196,-80.8322181882785,1,2,9,515475.0,3898575.0,396.80234613489966
1761753,110529311,OAK: OVERCUP,20.0,1,,35.226989612033385,-80.83232949844404,1,2,9,515475.0,3898575.0,408.7544798233221
1761754,110529312,OAK: OVERCUP,21.0,1,525 N DAVIDSON ST,35.22642980132976,-80.83313147881272,1,2,9,515475.0,3898575.0,500.99405602611694
1761755,110529313,OAK: OVERCUP,21.0,1,,35.2261340111634,-80.83352308899045,1,2,9,515475.0,3898575.0,548.4796995510937
1761755,110529313,OAK: OVERCUP,21.0,1,,35.2261340111634,-80.83352308899045,1,2,9,515475.0,3898575.0,548.4796995510937
1761760,110529318,OAK: OVERCUP,14.0,1,,35.22582607119331,-80.83396792927574,1,2,9,515475.0,3898575.0,600.1379235397525
1761760,110529318,OAK: OVERCUP,14.0,1,,35.22582607119331,-80.83396792927574,1,2,9,515475.0,3898575.0,600.1379235397525
1761761,110529319,OAK: OVERCUP,17.0,1,,35.22575172101092,-80.8340672994139,1,2,9,515475.0,3898575.0,612.1947152642944
1761762,110529320,OAK: OVERCUP,15.0,1,,35.22567948114324,-80.83417215917441,1,2,9,515475.0,3898575.0,624.3825509874624
1761763,110529321,OAK: OVERCUP,17.0,1,,35.22560259134094,-80.83427072897935,1,2,9,515475.0,3898575.0,636.6306708668762
1761765,110529323,OAK: OVERCUP,13.0,1,,35.22552541142028,-80.83436933931371,1,2,9,515475.0,3898575.0,648.9111522317767
1761768,110529326,OAK: OVERCUP,18.0,1,,35.22742563164595,-80.83171929800919,1,2,9,515475.0,3898575.0,338.91815735712
1761769,110529327,OAK: OVERCUP,11.0,1,,35.225044650863296,-80.83507382905078,1,3,7,514550.0,3898550.0,706.4084425411022
1761770,110529328,OAK: OVERCUP,10.0,1,,35.22497937083696,-80.83516440923799,1,3,7,514550.0,3898550.0,706.6696643708284
1761771,110529329,OAK: OVERCUP,11.0,1,,35.22491233092837,-80.83526745917054,1,0,6,514550.0,3897450.0,703.2386481980487
1761772,110529330,OAK: OVERCUP,17.0,1,601 N DAVIDSON ST,35.22690526156873,-80.83243410861193,1,2,9,515475.0,3898575.0,421.7534136272569
1761773,110529331,OAK: OVERCUP,15.0,1,,35.22482880093305,-80.83536725965988,1,0,6,514550.0,3897450.0,690.3269340639717
1761774,110529332,OAK: OVERCUP,18.0,1,525 N DAVIDSON ST,35.226508681990104,-80.83301748841302,1,2,9,515475.0,3898575.0,487.8619623886068
1761775,110529333,OAK: OVERCUP,17.0,1,,35.22476595135225,-80.83546770947956,1,0,6,514550.0,3897450.0,679.1719228004476
1761776,110529334,OAK: OVERCUP,8.0,1,,35.226352021132755,-80.83323608919301,1,2,9,515475.0,3898575.0,513.5504472479541
1761777,110529335,OAK: OVERCUP,11.0,1,,35.22627972117588,-80.83333264881809,1,2,9,515475.0,3898575.0,525.198297998864
1761778,110529336,OAK: OVERCUP,15.0,1,,35.22621727159809,-80.83342115940894,1,2,9,515475.0,3898575.0,535.5429722711895
1761779,110529337,OAK: OVERCUP,16.0,1,,35.224683160881234,-80.83556510895782,1,0,6,514550.0,3897450.0,666.4680629785147
1761780,110529338,OAK: OVERCUP,15.0,1,,35.22461284067088,-80.83566707998727,1,0,6,514550.0,3897450.0,654.5935193780925
1761827,110529385,OAK: OVERCUP,4.0,1,,35.21587158795571,-80.859586115966,1,7,2,512750.0,3897450.0,459.07382828238815
1761828,110529386,OAK: OVERCUP,14.0,1,,35.21665059859405,-80.8612624964318,1,7,2,512750.0,3897450.0,391.9060915079809
1761919,110529477,OAK: WATER,5.0,1,,35.22434829057901,-80.84561180255538,1,1,4,513650.0,3897450.0,627.5165590822763
1761919,110529477,OAK: WATER,5.0,1,,35.22434829057901,-80.84561180255538,1,1,4,513650.0,3897450.0,627.5165590822763
1761920,110529478,OAK: WATER,6.0,1,,35.22422011043899,-80.84546562212387,1,1,4,513650.0,3897450.0,625.3565402635766
1761920,110529478,OAK: WATER,6.0,1,,35.22422011043899,-80.84546562212387,1,1,4,513650.0,3897450.0,625.3565402635766
1761920,110529478,OAK: WATER,6.0,1,,35.22422011043899,-80.84546562212387,1,1,4,513650.0,3897450.0,625.3565402635766
1761921,110529479,OAK: WATER,6.0,1,,35.22416862023465,-80.8454066120172,1,1,4,513650.0,3897450.0,624.6752716846345
1761921,110529479,OAK: WATER,6.0,1,,35.22416862023465,-80.8454066120172,1,1,4,513650.0,3897450.0,624.6752716846345
1761921,110529479,OAK: WATER,6.0,1,,35.22416862023465,-80.8454066120172,1,1,4,513650.0,3897450.0,624.6752716846345
1761932,110529490,OAK: WATER,99.0,1,,35.22571552067033,-80.85057121363624,1,5,5,513650.0,3898550.0,468.135918929922
1761933,110529491,OAK: WATER,99.0,1,,35.22558625069952,-80.85047196347627,1,5,5,513650.0,3898550.0,481.4823471714955
1761938,110529496,OAK: WATER,4.0,1,,35.2151619678949,-80.86130858688628,1,7,2,512750.0,3897450.0,551.9598374452602
1761938,110529496,OAK: WATER,4.0,1,,35.2151619678949,-80.86130858688628,1,7,2,512750.0,3897450.0,551.9598374452602
1761988,110529546,OAK: WATER,5.0,1,,35.22451591082478,-80.84582370251482,1,1,4,513650.0,3897450.0,630.0934183896388
1761988,110529546,OAK: WATER,5.0,1,,35.22451591082478,-80.84582370251482,1,1,4,513650.0,3897450.0,630.0934183896388
1761993,110529551,OAK: WATER,4.0,1,,35.21511543853481,-80.86120213704584,1,7,2,512750.0,3897450.0,554.8314357636898
1761993,110529551,OAK: WATER,4.0,1,,35.21511543853481,-80.86120213704584,1,7,2,512750.0,3897450.0,554.8314357636898
1762082,110529640,OAK: PIN,6.0,1,525 E 6TH ST #101,35.22473940087345,-80.83604033937355,1,0,6,514550.0,3897450.0,645.5452174470176
1762083,110529641,OAK: PIN,8.0,1,525 E 6TH ST #101,35.22466709120785,-80.83595852983298,1,0,6,514550.0,3897450.0,643.3593289863061
1762091,110529649,OAK: PIN,4.0,1,,35.21598553869917,-80.85982349633139,1,7,2,512750.0,3897450.0,445.599112726403
1762156,110529714,OAK: WILLOW,2.0,1,KEE CT,35.217048318498364,-80.858806936175,1,7,2,512750.0,3897450.0,342.46262258152865
1762176,110529734,OAK: WILLOW,5.0,1,,35.225923670578894,-80.84508072201119,1,5,5,513650.0,3898550.0,628.6895562014734
1762176,110529734,OAK: WILLOW,5.0,1,,35.225923670578894,-80.84508072201119,1,5,5,513650.0,3898550.0,628.6895562014734
1762237,110529795,OAK: WILLOW,15.0,1,,35.216842128650775,-80.84727195287932,1,1,4,513650.0,3897450.0,429.08298337199665
1762307,110529865,OAK: WILLOW,12.0,1,,35.22795482141472,-80.83997537136182,1,3,7,514550.0,3898550.0,215.7350496742739
1762307,110529865,OAK: WILLOW,12.0,1,,35.22795482141472,-80.83997537136182,1,3,7,514550.0,3898550.0,215.7350496742739
1762307,110529865,OAK: WILLOW,12.0,1,,35.22795482141472,-80.83997537136182,1,3,7,514550.0,3898550.0,215.7350496742739
1762309,110529867,OAK: WILLOW,20.0,1,,35.2266029012579,-80.84250312112148,1,3,7,514550.0,3898550.0,425.68591255505964
1762309,110529867,OAK: WILLOW,20.0,1,,35.2266029012579,-80.84250312112148,1,3,7,514550.0,3898550.0,425.68591255505964
1762309,110529867,OAK: WILLOW,20.0,1,,35.2266029012579,-80.84250312112148,1,3,7,514550.0,3898550.0,425.68591255505964
1762310,110529868,OAK: WILLOW,23.0,1,,35.22673764138857,-80.84267612177905,1,3,7,514550.0,3898550.0,421.4724516348814
1762310,110529868,OAK: WILLOW,23.0,1,,35.22673764138857,-80.84267612177905,1,3,7,514550.0,3898550.0,421.4724516348814
1762310,110529868,OAK: WILLOW,23.0,1,,35.22673764138857,-80.84267612177905,1,3,7,514550.0,3898550.0,421.4724516348814
1762311,110529869,OAK: WILLOW,23.0,1,,35.226806661681216,-80.84275659153174,1,3,7,514550.0,3898550.0,419.30507613316234
1762311,110529869,OAK: WILLOW,23.0,1,,35.226806661681216,-80.84275659153174,1,3,7,514550.0,3898550.0,419.30507613316234
1762311,110529869,OAK: WILLOW,23.0,1,,35.226806661681216,-80.84275659153174,1,3,7,514550.0,3898550.0,419.30507613316234
1762312,110529870,OAK: WILLOW,24.0,1,1300 S TRYON ST,35.226930461568216,-80.84289607154837,1,3,7,514550.0,3898550.0,415.795074461665
1762312,110529870,OAK: WILLOW,24.0,1,1300 S TRYON ST,35.226930461568216,-80.84289607154837,1,3,7,514550.0,3898550.0,415.795074461665
1762313,110529871,OAK: WILLOW,4.0,1,1300 S TRYON ST,35.22699509118756,-80.84296178208794,1,3,7,514550.0,3898550.0,413.87947550964765
1762313,110529871,OAK: WILLOW,4.0,1,1300 S TRYON ST,35.22699509118756,-80.84296178208794,1,3,7,514550.0,3898550.0,413.87947550964765
1762314,110529872,OAK: WILLOW,4.0,1,,35.22705206124885,-80.84275391155286,1,3,7,514550.0,3898550.0,397.2193985168839
1762314,110529872,OAK: WILLOW,4.0,1,,35.22705206124885,-80.84275391155286,1,3,7,514550.0,3898550.0,397.2193985168839
1762315,110529873,OAK: WILLOW,4.0,1,108 S TRYON ST #A,35.2270804315838,-80.8434166823532,1,3,7,514550.0,3898550.0,434.2216853011666
1762315,110529873,OAK: WILLOW,4.0,1,108 S TRYON ST #A,35.2270804315838,-80.8434166823532,1,3,7,514550.0,3898550.0,434.2216853011666
1762316,110529874,OAK: WILLOW,4.0,1,108 S TRYON ST #A,35.22731678166387,-80.8433329415286,1,3,7,514550.0,3898550.0,410.26858349397025
1762316,110529874,OAK: WILLOW,4.0,1,108 S TRYON ST #A,35.22731678166387,-80.8433329415286,1,3,7,514550.0,3898550.0,410.26858349397025
1762317,110529875,OAK: WILLOW,4.0,1,,35.22799693184526,-80.8420860413566,1,3,7,514550.0,3898550.0,277.4886802871608
1762317,110529875,OAK: WILLOW,4.0,1,,35.22799693184526,-80.8420860413566,1,3,7,514550.0,3898550.0,277.4886802871608
1762330,110529888,OAK: WILLOW,27.0,1,300 W PARK AV,35.21695080830369,-80.8604323559356,1,7,2,512750.0,3897450.0,341.9379301446847
1762575,110530133,OAK: WILLOW,26.0,1,,35.216273538948194,-80.84675301238666,1,1,4,513650.0,3897450.0,507.8485020425254
1762625,110530183,OAK: WILLOW,20.0,1,,35.22636845132876,-80.84223222207571,1,3,7,514550.0,3898550.0,436.71566491501187
1762625,110530183,OAK: WILLOW,20.0,1,,35.22636845132876,-80.84223222207571,1,3,7,514550.0,3898550.0,436.71566491501187
1762625,110530183,OAK: WILLOW,20.0,1,,35.22636845132876,-80.84223222207571,1,3,7,514550.0,3898550.0,436.71566491501187
1762626,110530184,OAK: WILLOW,24.0,1,,35.2265360714977,-80.84243338165312,1,3,7,514550.0,3898550.0,428.88995338241944
1762626,110530184,OAK: WILLOW,24.0,1,,35.2265360714977,-80.84243338165312,1,3,7,514550.0,3898550.0,428.88995338241944
1762626,110530184,OAK: WILLOW,24.0,1,,35.2265360714977,-80.84243338165312,1,3,7,514550.0,3898550.0,428.88995338241944
1762627,110530185,OAK: WILLOW,22.0,1,,35.22687458163518,-80.84282767143439,1,3,7,514550.0,3898550.0,416.98459349079394
1762627,110530185,OAK: WILLOW,22.0,1,,35.22687458163518,-80.84282767143439,1,3,7,514550.0,3898550.0,416.98459349079394
1762628,110530186,OAK: WILLOW,4.0,1,,35.227945991169285,-80.84216248213606,1,3,7,514550.0,3898550.0,286.3087494379232
1762628,110530186,OAK: WILLOW,4.0,1,,35.227945991169285,-80.84216248213606,1,3,7,514550.0,3898550.0,286.3087494379232
1762629,110530187,OAK: WILLOW,25.0,1,,35.22895090210943,-80.84075318155644,1,3,7,514550.0,3898550.0,120.51269991863646
1762629,110530187,OAK: WILLOW,25.0,1,,35.22895090210943,-80.84075318155644,1,3,7,514550.0,3898550.0,120.51269991863646
1762630,110530188,OAK: WILLOW,25.0,1,,35.22901157199591,-80.84066472118104,1,3,7,514550.0,3898550.0,110.75919366391835
1762630,110530188,OAK: WILLOW,25.0,1,,35.22901157199591,-80.84066472118104,1,3,7,514550.0,3898550.0,110.75919366391835
1762631,110530189,OAK: WILLOW,25.0,1,,35.22906435195099,-80.84059189125456,1,3,7,514550.0,3898550.0,102.55534307123986
1762632,110530190,OAK: WILLOW,25.0,1,,35.22910927144354,-80.84051883085606,1,3,7,514550.0,3898550.0,95.25746389303275
1762633,110530191,OAK: WILLOW,28.0,1,,35.22916840203178,-80.84044027099844,1,3,7,514550.0,3898550.0,86.4875142761592
1762634,110530192,OAK: WILLOW,20.0,1,,35.22552819117593,-80.84565204211339,1,5,5,513650.0,3898550.0,626.2411794959963
1762634,110530192,OAK: WILLOW,20.0,1,,35.22552819117593,-80.84565204211339,1,5,5,513650.0,3898550.0,626.2411794959963
1762644,110530202,OAK: WILLOW,34.0,1,,35.21699134830453,-80.86040150604767,1,7,2,512750.0,3897450.0,337.0966981091678
1762767,110530325,OAK: WILLOW,11.0,1,115 E 5TH ST,35.22755412119509,-80.84128910160388,1,3,7,514550.0,3898550.0,281.40710229763494
1762767,110530325,OAK: WILLOW,11.0,1,115 E 5TH ST,35.22755412119509,-80.84128910160388,1,3,7,514550.0,3898550.0,281.40710229763494
1762768,110530326,OAK: WILLOW,7.0,1,321 N CALDWELL ST,35.226013081367014,-80.83596713988827,1,3,7,514550.0,3898550.0,571.9799277353242
1762768,110530326,OAK: WILLOW,7.0,1,321 N CALDWELL ST,35.226013081367014,-80.83596713988827,1,3,7,514550.0,3898550.0,571.9799277353242
1762771,110530329,OAK: WILLOW,4.0,1,,35.226324631466944,-80.84217321127169,1,3,7,514550.0,3898550.0,438.74283656727937
1762771,110530329,OAK: WILLOW,4.0,1,,35.226324631466944,-80.84217321127169,1,3,7,514550.0,3898550.0,438.74283656727937
1762771,110530329,OAK: WILLOW,4.0,1,,35.226324631466944,-80.84217321127169,1,3,7,514550.0,3898550.0,438.74283656727937
1762772,110530330,OAK: WILLOW,4.0,1,,35.22641447119812,-80.84228720177916,1,3,7,514550.0,3898550.0,434.4148235558545
1762772,110530330,OAK: WILLOW,4.0,1,,35.22641447119812,-80.84228720177916,1,3,7,514550.0,3898550.0,434.4148235558545
1762772,110530330,OAK: WILLOW,4.0,1,,35.22641447119812,-80.84228720177916,1,3,7,514550.0,3898550.0,434.4148235558545
1762773,110530331,OAK: WILLOW,4.0,1,,35.22692169101357,-80.8426023619914,1,3,7,514550.0,3898550.0,400.8141859395901
1762773,110530331,OAK: WILLOW,4.0,1,,35.22692169101357,-80.8426023619914,1,3,7,514550.0,3898550.0,400.8141859395901
1762773,110530331,OAK: WILLOW,4.0,1,,35.22692169101357,-80.8426023619914,1,3,7,514550.0,3898550.0,400.8141859395901
1762774,110530332,OAK: WILLOW,4.0,1,,35.22653497146416,-80.84215443142159,1,3,7,514550.0,3898550.0,417.0291785062902
1762774,110530332,OAK: WILLOW,4.0,1,,35.22653497146416,-80.84215443142159,1,3,7,514550.0,3898550.0,417.0291785062902
1762774,110530332,OAK: WILLOW,4.0,1,,35.22653497146416,-80.84215443142159,1,3,7,514550.0,3898550.0,417.0291785062902
1762775,110530333,OAK: WILLOW,16.0,1,,35.22698645115296,-80.84355554166746,1,3,7,514550.0,3898550.0,450.5002662452803
1762775,110530333,OAK: WILLOW,16.0,1,,35.22698645115296,-80.84355554166746,1,3,7,514550.0,3898550.0,450.5002662452803
1762776,110530334,OAK: WILLOW,4.0,1,108 S TRYON ST #A,35.22743220149827,-80.84347542237938,1,3,7,514550.0,3898550.0,411.0336009806129
1762776,110530334,OAK: WILLOW,4.0,1,108 S TRYON ST #A,35.22743220149827,-80.84347542237938,1,3,7,514550.0,3898550.0,411.0336009806129
1762777,110530335,OAK: WILLOW,4.0,1,,35.227513121210336,-80.84356267221135,1,3,7,514550.0,3898550.0,411.1681000928328
1762777,110530335,OAK: WILLOW,4.0,1,,35.227513121210336,-80.84356267221135,1,3,7,514550.0,3898550.0,411.1681000928328
1762778,110530336,OAK: WILLOW,4.0,1,,35.22761570146916,-80.84368464164129,1,3,7,514550.0,3898550.0,412.65631832721476
1762778,110530336,OAK: WILLOW,4.0,1,,35.22761570146916,-80.84368464164129,1,3,7,514550.0,3898550.0,412.65631832721476
1762779,110530337,OAK: WILLOW,99.0,1,,35.22776030156872,-80.84385630165612,1,3,7,514550.0,3898550.0,415.7578388485535
1762779,110530337,OAK: WILLOW,99.0,1,,35.22776030156872,-80.84385630165612,1,3,7,514550.0,3898550.0,415.7578388485535
1762780,110530338,OAK: WILLOW,99.0,1,,35.22792682129678,-80.84404673189457,1,3,7,514550.0,3898550.0,420.2154264183056
1762781,110530339,OAK: WILLOW,4.0,1,,35.227716641035535,-80.84353872191387,1,3,7,514550.0,3898550.0,395.3035932358948
1762781,110530339,OAK: WILLOW,4.0,1,,35.227716641035535,-80.84353872191387,1,3,7,514550.0,3898550.0,395.3035932358948
1762782,110530340,OAK: WILLOW,4.0,1,,35.22739625129607,-80.84295997144716,1,3,7,514550.0,3898550.0,380.19868993746223
1762782,110530340,OAK: WILLOW,4.0,1,,35.22739625129607,-80.84295997144716,1,3,7,514550.0,3898550.0,380.19868993746223
1762783,110530341,OAK: WILLOW,4.0,1,,35.22751909187526,-80.84278554146171,1,3,7,514550.0,3898550.0,359.41117802360293
1762784,110530342,OAK: WILLOW,4.0,1,,35.227444251229954,-80.8428705815846,1,3,7,514550.0,3898550.0,370.75892027382156
1762784,110530342,OAK: WILLOW,4.0,1,,35.227444251229954,-80.8428705815846,1,3,7,514550.0,3898550.0,370.75892027382156
1762785,110530343,OAK: WILLOW,4.0,1,,35.22761010111851,-80.84264611209215,1,3,7,514550.0,3898550.0,343.3941695655319
1762786,110530344,OAK: WILLOW,4.0,1,,35.227555991560095,-80.84272440229107,1,3,7,514550.0,3898550.0,352.63110787378946
1762787,110530345,OAK: WILLOW,4.0,1,,35.227660061401856,-80.84258895148797,1,3,7,514550.0,3898550.0,335.795313859009
1762788,110530346,OAK: WILLOW,4.0,1,,35.22771278106294,-80.84249790210214,1,3,7,514550.0,3898550.0,325.8997215974797
1762789,110530347,OAK: WILLOW,4.0,1,,35.2277685212,-80.84243070146304,1,3,7,514550.0,3898550.0,317.2144688694143
1762790,110530348,OAK: WILLOW,4.0,1,,35.22783020161709,-80.84234198185884,1,3,7,514550.0,3898550.0,306.73470555900457
1762791,110530349,OAK: WILLOW,3.0,1,,35.22440745094616,-80.84568959219722,1,1,4,513650.0,3897450.0,628.1258349273555
1762791,110530349,OAK: WILLOW,3.0,1,,35.22440745094616,-80.84568959219722,1,1,4,513650.0,3897450.0,628.1258349273555
1762800,110530358,OAK: WILLOW,15.0,1,,35.22133298945622,-80.85099390352305,1,1,4,513650.0,3897450.0,173.611765140383
1762800,110530358,OAK: WILLOW,15.0,1,,35.22133298945622,-80.85099390352305,1,1,4,513650.0,3897450.0,173.611765140383
1762801,110530359,OAK: WILLOW,12.0,1,,35.22139210987317,-80.85092896395372,1,1,4,513650.0,3897450.0,176.3891904714296
1762801,110530359,OAK: WILLOW,12.0,1,,35.22139210987317,-80.85092896395372,1,1,4,513650.0,3897450.0,176.3891904714296
1762802,110530360,OAK: WILLOW,14.0,1,,35.221419079867765,-80.85090305347627,1,1,4,513650.0,3897450.0,177.94133991665097
1762802,110530360,OAK: WILLOW,14.0,1,,35.221419079867765,-80.85090305347627,1,1,4,513650.0,3897450.0,177.94133991665097
1762810,110530368,OAK: WILLOW,2.0,1,,35.21755998832224,-80.85846897621923,1,7,2,512750.0,3897450.0,300.6338131724843
1762811,110530369,OAK: WILLOW,2.0,1,,35.217489868751684,-80.85852127648006,1,7,2,512750.0,3897450.0,305.67524607810924
1762812,110530370,OAK: WILLOW,9.0,1,,35.21673715876308,-80.85920256586401,1,7,2,512750.0,3897450.0,367.7170794162552
1762813,110530371,OAK: WILLOW,12.0,1,,35.217191849068776,-80.85889410631697,1,7,2,512750.0,3897450.0,324.9399932963991
1762887,110530445,OAK: WILLOW,14.0,1,,35.233151102677176,-80.83245962954777,1,2,9,515475.0,3898575.0,408.0834321358539
1762914,110530472,OAK: WILLOW,4.0,1,330 N TRYON ST,35.22938434231764,-80.83983974073058,1,3,7,514550.0,3898550.0,61.70703198117755
1762914,110530472,OAK: WILLOW,4.0,1,330 N TRYON ST,35.22938434231764,-80.83983974073058,1,3,7,514550.0,3898550.0,61.70703198117755
1762957,110530515,OAK: WILLOW,17.0,1,,35.219181519080024,-80.84917378326733,1,1,4,513650.0,3897450.0,117.77556689469395
1762958,110530516,OAK: WILLOW,20.0,1,,35.219064839342586,-80.84908124332178,1,1,4,513650.0,3897450.0,133.10512715901896
1762964,110530522,OAK: WILLOW,22.0,1,,35.221475920096395,-80.83806561054514,1,0,6,514550.0,3897450.0,250.18724420581276
1762965,110530523,OAK: WILLOW,24.0,1,,35.221528710659086,-80.8379856398113,1,0,6,514550.0,3897450.0,259.51700848826255
1762966,110530524,OAK: WILLOW,21.0,1,,35.22157377066854,-80.8379208602748,1,0,6,514550.0,3897450.0,267.2436330804508
1762967,110530525,OAK: WILLOW,21.0,1,,35.22658975100525,-80.8422349014611,1,3,7,514550.0,3898550.0,414.97939190259456
1762967,110530525,OAK: WILLOW,21.0,1,,35.22658975100525,-80.8422349014611,1,3,7,514550.0,3898550.0,414.97939190259456
1762967,110530525,OAK: WILLOW,21.0,1,,35.22658975100525,-80.8422349014611,1,3,7,514550.0,3898550.0,414.97939190259456
1762968,110530526,OAK: WILLOW,28.0,1,,35.226473620876256,-80.84209409116667,1,3,7,514550.0,3898550.0,420.7294946689729
1762968,110530526,OAK: WILLOW,28.0,1,,35.226473620876256,-80.84209409116667,1,3,7,514550.0,3898550.0,420.7294946689729
1762968,110530526,OAK: WILLOW,28.0,1,,35.226473620876256,-80.84209409116667,1,3,7,514550.0,3898550.0,420.7294946689729
1762969,110530527,OAK: WILLOW,20.0,1,,35.228567551729626,-80.8409888607984,1,3,7,514550.0,3898550.0,168.09265865729043
1762969,110530527,OAK: WILLOW,20.0,1,,35.228567551729626,-80.8409888607984,1,3,7,514550.0,3898550.0,168.09265865729043
1762970,110530528,OAK: WILLOW,20.0,1,,35.228637421785564,-80.84088844166743,1,3,7,514550.0,3898550.0,156.96829091376893
1762970,110530528,OAK: WILLOW,20.0,1,,35.228637421785564,-80.84088844166743,1,3,7,514550.0,3898550.0,156.96829091376893
1762971,110530529,OAK: WILLOW,22.0,1,,35.225811931111785,-80.84524166294308,1,5,5,513650.0,3898550.0,627.2818160089807
1762971,110530529,OAK: WILLOW,22.0,1,,35.225811931111785,-80.84524166294308,1,5,5,513650.0,3898550.0,627.2818160089807
1762972,110530530,OAK: WILLOW,20.0,1,,35.22587608070267,-80.84515943250477,1,5,5,513650.0,3898550.0,627.3698529457647
1762972,110530530,OAK: WILLOW,20.0,1,,35.22587608070267,-80.84515943250477,1,5,5,513650.0,3898550.0,627.3698529457647
1762973,110530531,OAK: WILLOW,18.0,1,,35.22628520066529,-80.84454562179837,1,3,7,514550.0,3898550.0,569.1644368545539
1762973,110530531,OAK: WILLOW,18.0,1,,35.22628520066529,-80.84454562179837,1,3,7,514550.0,3898550.0,569.1644368545539
1762974,110530532,OAK: WILLOW,23.0,1,,35.22638708127476,-80.84442090170398,1,3,7,514550.0,3898550.0,553.149790467192
1762974,110530532,OAK: WILLOW,23.0,1,,35.22638708127476,-80.84442090170398,1,3,7,514550.0,3898550.0,553.149790467192
1762975,110530533,OAK: WILLOW,4.0,1,,35.22702357132338,-80.84349688163567,1,3,7,514550.0,3898550.0,443.82810325464555
1762975,110530533,OAK: WILLOW,4.0,1,,35.22702357132338,-80.84349688163567,1,3,7,514550.0,3898550.0,443.82810325464555
1762976,110530534,OAK: WILLOW,4.0,1,,35.22799912191784,-80.8441419727672,1,3,7,514550.0,3898550.0,423.60023111625634
1762977,110530535,OAK: WILLOW,4.0,1,,35.228110311702935,-80.84399309181347,1,3,7,514550.0,3898550.0,405.7350512798195
1762978,110530536,OAK: WILLOW,4.0,1,,35.22748150110661,-80.84325414230005,1,3,7,514550.0,3898550.0,392.4712429934076
1762978,110530536,OAK: WILLOW,4.0,1,,35.22748150110661,-80.84325414230005,1,3,7,514550.0,3898550.0,392.4712429934076
1762979,110530537,OAK: WILLOW,4.0,1,,35.22863443138383,-80.84119601116684,1,3,7,514550.0,3898550.0,171.81073960295873
1762979,110530537,OAK: WILLOW,4.0,1,,35.22863443138383,-80.84119601116684,1,3,7,514550.0,3898550.0,171.81073960295873
1762980,110530538,OAK: WILLOW,4.0,1,,35.22868988177068,-80.84111326164239,1,3,7,514550.0,3898550.0,162.4568032697689
1762980,110530538,OAK: WILLOW,4.0,1,,35.22868988177068,-80.84111326164239,1,3,7,514550.0,3898550.0,162.4568032697689
1762981,110530539,OAK: WILLOW,26.0,1,237 N TRYON ST,35.228756961405466,-80.84102475111129,1,3,7,514550.0,3898550.0,151.78400470233433
1762981,110530539,OAK: WILLOW,26.0,1,237 N TRYON ST,35.228756961405466,-80.84102475111129,1,3,7,514550.0,3898550.0,151.78400470233433
1762982,110530540,OAK: WILLOW,27.0,1,,35.2293847915197,-80.84011756065617,1,3,7,514550.0,3898550.0,56.8572482589359
1762982,110530540,OAK: WILLOW,27.0,1,,35.2293847915197,-80.84011756065617,1,3,7,514550.0,3898550.0,56.8572482589359
1762983,110530541,OAK: WILLOW,27.0,1,,35.22945195210316,-80.84005124139608,1,3,7,514550.0,3898550.0,49.61122580340092
1762983,110530541,OAK: WILLOW,27.0,1,,35.22945195210316,-80.84005124139608,1,3,7,514550.0,3898550.0,49.61122580340092
1762984,110530542,OAK: WILLOW,22.0,1,,35.22952117222682,-80.83995971068263,1,3,7,514550.0,3898550.0,43.68971539137896
1762984,110530542,OAK: WILLOW,22.0,1,,35.22952117222682,-80.83995971068263,1,3,7,514550.0,3898550.0,43.68971539137896
1762985,110530543,OAK: WILLOW,27.0,1,,35.22966214214671,-80.8397378213168,1,3,7,514550.0,3898550.0,42.20024672506725
1762985,110530543,OAK: WILLOW,27.0,1,,35.22966214214671,-80.8397378213168,1,3,7,514550.0,3898550.0,42.20024672506725
1762986,110530544,OAK: WILLOW,24.0,1,,35.22971021235606,-80.83965758094693,1,3,7,514550.0,3898550.0,45.48585160936268
1762986,110530544,OAK: WILLOW,24.0,1,,35.22971021235606,-80.83965758094693,1,3,7,514550.0,3898550.0,45.48585160936268
1762987,110530545,OAK: WILLOW,24.0,1,,35.229777921608765,-80.83956957133793,1,3,7,514550.0,3898550.0,50.26089627287089
1762987,110530545,OAK: WILLOW,24.0,1,,35.229777921608765,-80.83956957133793,1,3,7,514550.0,3898550.0,50.26089627287089
1762988,110530546,OAK: WILLOW,20.0,1,,35.23014529225878,-80.83877142094386,1,3,7,514550.0,3898550.0,124.1960601949054
1762989,110530547,OAK: WILLOW,22.0,1,,35.23008786232728,-80.83883972075803,1,3,7,514550.0,3898550.0,116.82522485449591
1762990,110530548,OAK: WILLOW,21.0,1,,35.23004047244367,-80.83891599072513,1,3,7,514550.0,3898550.0,109.11908822490884
1762991,110530549,OAK: WILLOW,26.0,1,,35.22997949219316,-80.83899518103678,1,3,7,514550.0,3898550.0,101.1634147786982
1762992,110530550,OAK: WILLOW,26.0,1,,35.229882652299366,-80.83913228030472,1,3,7,514550.0,3898550.0,88.2917729710037
1762992,110530550,OAK: WILLOW,26.0,1,,35.229882652299366,-80.83913228030472,1,3,7,514550.0,3898550.0,88.2917729710037
1762993,110530551,OAK: WILLOW,24.0,1,,35.22982372162733,-80.83921038038737,1,3,7,514550.0,3898550.0,81.57942749706898
1762993,110530551,OAK: WILLOW,24.0,1,,35.22982372162733,-80.83921038038737,1,3,7,514550.0,3898550.0,81.57942749706898
1762994,110530552,OAK: WILLOW,21.0,1,,35.22976155186648,-80.8392899906369,1,3,7,514550.0,3898550.0,75.44373360594236
1762994,110530552,OAK: WILLOW,21.0,1,,35.22976155186648,-80.8392899906369,1,3,7,514550.0,3898550.0,75.44373360594236
1762995,110530553,OAK: WILLOW,24.0,1,,35.229707652386004,-80.83938260111637,1,3,7,514550.0,3898550.0,68.7935084745907
1762995,110530553,OAK: WILLOW,24.0,1,,35.229707652386004,-80.83938260111637,1,3,7,514550.0,3898550.0,68.7935084745907
1762996,110530554,OAK: WILLOW,31.0,1,,35.22957590160377,-80.83954832136372,1,3,7,514550.0,3898550.0,61.74717401942258
1762996,110530554,OAK: WILLOW,31.0,1,,35.22957590160377,-80.83954832136372,1,3,7,514550.0,3898550.0,61.74717401942258
1762997,110530555,OAK: WILLOW,20.0,1,300 N TRYON ST,35.228884871885924,-80.84053264095171,1,3,7,514550.0,3898550.0,118.91174346779185
1762997,110530555,OAK: WILLOW,20.0,1,300 N TRYON ST,35.228884871885924,-80.84053264095171,1,3,7,514550.0,3898550.0,118.91174346779185
1762998,110530556,OAK: WILLOW,20.0,1,300 N TRYON ST,35.22882840209306,-80.8406229807033,1,3,7,514550.0,3898550.0,127.65901766083039
1762998,110530556,OAK: WILLOW,20.0,1,300 N TRYON ST,35.22882840209306,-80.8406229807033,1,3,7,514550.0,3898550.0,127.65901766083039
1762999,110530557,OAK: WILLOW,4.0,1,,35.2285105620215,-80.84107098102116,1,3,7,514550.0,3898550.0,177.2586164313743
1762999,110530557,OAK: WILLOW,4.0,1,,35.2285105620215,-80.84107098102116,1,3,7,514550.0,3898550.0,177.2586164313743
1763000,110530558,OAK: WILLOW,4.0,1,,35.22777473179383,-80.84211928197824,1,3,7,514550.0,3898550.0,298.48842203858516
1763000,110530558,OAK: WILLOW,4.0,1,,35.22777473179383,-80.84211928197824,1,3,7,514550.0,3898550.0,298.48842203858516
1763001,110530559,OAK: WILLOW,4.0,1,1300 S TRYON ST,35.22702643156215,-80.84317771185172,1,3,7,514550.0,3898550.0,423.88944382152687
1763001,110530559,OAK: WILLOW,4.0,1,1300 S TRYON ST,35.22702643156215,-80.84317771185172,1,3,7,514550.0,3898550.0,423.88944382152687
1763002,110530560,OAK: WILLOW,24.0,1,,35.224776720368816,-80.84676208265915,1,1,4,513650.0,3897450.0,607.5262998834164
1763002,110530560,OAK: WILLOW,24.0,1,,35.224776720368816,-80.84676208265915,1,1,4,513650.0,3897450.0,607.5262998834164
1763003,110530561,OAK: WILLOW,22.0,1,,35.224846770552695,-80.84666324288311,1,1,4,513650.0,3897450.0,618.7038719794833
1763003,110530561,OAK: WILLOW,22.0,1,,35.224846770552695,-80.84666324288311,1,1,4,513650.0,3897450.0,618.7038719794833
1763004,110530562,OAK: WILLOW,21.0,1,,35.23240398306992,-80.8356031702435,1,3,7,514550.0,3898550.0,494.864674853741
1763005,110530563,OAK: WILLOW,25.0,1,,35.23148291232683,-80.83685997050605,1,3,7,514550.0,3898550.0,343.4706519431481
1763006,110530564,OAK: WILLOW,34.0,1,,35.231412822837655,-80.83694645031055,1,3,7,514550.0,3898550.0,332.7421050421142
1763007,110530565,OAK: WILLOW,24.0,1,,35.2313249026965,-80.83709563975837,1,3,7,514550.0,3898550.0,316.1046435055847
1763008,110530566,OAK: WILLOW,24.0,1,,35.231275392488854,-80.83716127982,1,3,7,514550.0,3898550.0,308.1899581099913
1763009,110530567,OAK: WILLOW,18.0,1,,35.231192712232264,-80.83726298002036,1,3,7,514550.0,3898550.0,295.6261179248259
1763010,110530568,OAK: WILLOW,18.0,1,,35.231088042033065,-80.83741569068246,1,3,7,514550.0,3898550.0,277.86119738268746
1763011,110530569,OAK: WILLOW,20.0,1,,35.23156696276355,-80.8383406706714,1,3,7,514550.0,3898550.0,244.9171862788427
1763012,110530570,OAK: WILLOW,22.0,1,,35.23125721226718,-80.83749443091638,1,3,7,514550.0,3898550.0,281.17883299962443
1763013,110530571,OAK: WILLOW,27.0,1,,35.23132802245033,-80.83739193012093,1,3,7,514550.0,3898550.0,293.26717714980305
1763014,110530572,OAK: WILLOW,23.0,1,,35.231581682681714,-80.8370341902681,1,3,7,514550.0,3898550.0,335.917820573615
1763015,110530573,OAK: WILLOW,22.0,1,,35.23163712210346,-80.83696033993745,1,3,7,514550.0,3898550.0,344.9245951880739
1763016,110530574,OAK: WILLOW,22.0,1,,35.23169564247517,-80.83687864056849,1,3,7,514550.0,3898550.0,354.71928122144453
1763017,110530575,OAK: WILLOW,21.0,1,,35.23174380265604,-80.83680909055259,1,3,7,514550.0,3898550.0,362.9568100481634
1763018,110530576,OAK: WILLOW,28.0,1,,35.231807122199555,-80.83671611054214,1,3,7,514550.0,3898550.0,373.90549856795855
1763019,110530577,OAK: WILLOW,22.0,1,,35.23185068300451,-80.83666580987722,1,3,7,514550.0,3898550.0,380.4164095630905
1763020,110530578,OAK: WILLOW,22.0,1,,35.2321112627591,-80.83628614960263,1,3,7,514550.0,3898550.0,425.2904415003134
1763021,110530579,OAK: WILLOW,24.0,1,,35.23218730262333,-80.83618047019455,1,3,7,514550.0,3898550.0,438.0126555967487
1763022,110530580,OAK: WILLOW,20.0,1,,35.232244882305345,-80.83610522967193,1,3,7,514550.0,3898550.0,447.29487556011924
1763023,110530581,OAK: WILLOW,21.0,1,,35.2323429924457,-80.83597824031004,1,3,7,514550.0,3898550.0,463.02879704918405
1763024,110530582,OAK: WILLOW,21.0,1,,35.23239614286547,-80.83589749978282,1,3,7,514550.0,3898550.0,472.436243052312
1763025,110530583,OAK: WILLOW,31.0,1,,35.2324677330864,-80.8357976895432,1,3,7,514550.0,3898550.0,484.4500397826345
1763026,110530584,OAK: WILLOW,29.0,1,,35.23279817301211,-80.83505464010265,1,2,9,515475.0,3898575.0,553.0205264747349
1763027,110530585,OAK: WILLOW,28.0,1,,35.232905202946526,-80.83519860972406,1,3,7,514550.0,3898550.0,557.1193733643786
1763060,110530618,OAK: WILLOW,55.0,1,268 W BLAND ST,35.21912042894446,-80.85695750559907,1,7,2,512750.0,3897450.0,285.1634594209487
1763816,110531374,OAK: WILLOW,22.0,1,,35.218234789249564,-80.8484515231056,1,1,4,513650.0,3897450.0,241.01804970697853
1763820,110531378,OAK: WILLOW,21.0,1,,35.2180366894036,-80.84828130325214,1,1,4,513650.0,3897450.0,267.8971055108484
1763822,110531380,OAK: WILLOW,22.0,1,,35.21791462939757,-80.84819564243257,1,1,4,513650.0,3897450.0,283.4357463995431
1763823,110531381,OAK: WILLOW,22.0,1,,35.217173769347305,-80.84757172287564,1,1,4,513650.0,3897450.0,383.29834079085686
1763824,110531382,OAK: WILLOW,39.0,1,,35.21703552943231,-80.84744821262967,1,1,4,513650.0,3897450.0,402.30655165852164
1763825,110531383,OAK: WILLOW,28.0,1,,35.21690660898698,-80.84732969226873,1,1,4,513650.0,3897450.0,420.2097729656664
1763826,110531384,OAK: WILLOW,44.0,1,,35.21670502930169,-80.84713856284547,1,1,4,513650.0,3897450.0,448.51236398821675
1763828,110531386,OAK: WILLOW,27.0,1,,35.216585439054796,-80.84703028253166,1,1,4,513650.0,3897450.0,465.0331789340357
1763829,110531387,OAK: WILLOW,29.0,1,,35.21643741882535,-80.84689206210011,1,1,4,513650.0,3897450.0,485.7049169812954
1763830,110531388,OAK: WILLOW,30.0,1,,35.2163547992884,-80.8468170323047,1,1,4,513650.0,3897450.0,497.1306449236108
1763831,110531389,OAK: WILLOW,22.0,1,,35.21620112894112,-80.84667263205397,1,1,4,513650.0,3897450.0,518.6406902209172
1763904,110531462,OAK: WILLOW,4.0,1,,35.22827093150311,-80.8417348316898,1,3,7,514550.0,3898550.0,233.66373708623473
1763904,110531462,OAK: WILLOW,4.0,1,,35.22827093150311,-80.8417348316898,1,3,7,514550.0,3898550.0,233.66373708623473
1763905,110531463,OAK: WILLOW,20.0,1,,35.22922464197371,-80.84034962117563,1,3,7,514550.0,3898550.0,77.91936167566274
1763906,110531464,OAK: WILLOW,30.0,1,330 N TRYON ST,35.22933984191516,-80.83991598134723,1,3,7,514550.0,3898550.0,64.11034672697782
1763906,110531464,OAK: WILLOW,30.0,1,330 N TRYON ST,35.22933984191516,-80.83991598134723,1,3,7,514550.0,3898550.0,64.11034672697782
1763907,110531465,OAK: WILLOW,32.0,1,324 N TRYON ST,35.22927557185928,-80.83999286089205,1,3,7,514550.0,3898550.0,69.66973698698145
1763907,110531465,OAK: WILLOW,32.0,1,324 N TRYON ST,35.22927557185928,-80.83999286089205,1,3,7,514550.0,3898550.0,69.66973698698145
1763908,110531466,OAK: WILLOW,33.0,1,,35.22905960174136,-80.84031102155117,1,3,7,514550.0,3898550.0,94.8240283278756
1763909,110531467,OAK: WILLOW,22.0,1,,35.22900387175919,-80.84038522116167,1,3,7,514550.0,3898550.0,102.37249552481735
1763910,110531468,OAK: WILLOW,21.0,1,,35.228949981380424,-80.84046153133892,1,3,7,514550.0,3898550.0,110.02653942312487
1763911,110531469,OAK: WILLOW,4.0,1,,35.2281526815355,-80.84159020123336,1,3,7,514550.0,3898550.0,236.14539153235145
1763911,110531469,OAK: WILLOW,4.0,1,,35.2281526815355,-80.84159020123336,1,3,7,514550.0,3898550.0,236.14539153235145
1763912,110531470,OAK: WILLOW,4.0,1,204 N TRYON ST,35.22809209119525,-80.8416610719165,1,3,7,514550.0,3898550.0,245.3524414720472
1763912,110531470,OAK: WILLOW,4.0,1,204 N TRYON ST,35.22809209119525,-80.8416610719165,1,3,7,514550.0,3898550.0,245.3524414720472
1763913,110531471,OAK: WILLOW,17.0,1,,35.22511517072017,-80.84626760251591,1,5,5,513650.0,3898550.0,630.6166784612134
1763913,110531471,OAK: WILLOW,17.0,1,,35.22511517072017,-80.84626760251591,1,5,5,513650.0,3898550.0,630.6166784612134
1763914,110531472,OAK: WILLOW,21.0,1,,35.2254536906557,-80.8454870823453,1,5,5,513650.0,3898550.0,642.1532758487934
1763914,110531472,OAK: WILLOW,21.0,1,,35.2254536906557,-80.8454870823453,1,5,5,513650.0,3898550.0,642.1532758487934
1763915,110531473,OAK: WILLOW,21.0,1,,35.22550292051105,-80.84540567253279,1,5,5,513650.0,3898550.0,642.7473319999423
1763915,110531473,OAK: WILLOW,21.0,1,,35.22550292051105,-80.84540567253279,1,5,5,513650.0,3898550.0,642.7473319999423
1763916,110531474,OAK: WILLOW,27.0,1,,35.22505382111583,-80.84603559256388,1,5,5,513650.0,3898550.0,647.8576906451132
1763916,110531474,OAK: WILLOW,27.0,1,,35.22505382111583,-80.84603559256388,1,5,5,513650.0,3898550.0,647.8576906451132
1763916,110531474,OAK: WILLOW,27.0,1,,35.22505382111583,-80.84603559256388,1,5,5,513650.0,3898550.0,647.8576906451132
1763917,110531475,OAK: WILLOW,21.0,1,,35.224948650674676,-80.84620189309324,1,5,5,513650.0,3898550.0,649.4214956071194
1763917,110531475,OAK: WILLOW,21.0,1,,35.224948650674676,-80.84620189309324,1,5,5,513650.0,3898550.0,649.4214956071194
1763918,110531476,OAK: WILLOW,23.0,1,,35.22432605098484,-80.84712698277603,1,1,4,513650.0,3897450.0,547.7240486102219
1763918,110531476,OAK: WILLOW,23.0,1,,35.22432605098484,-80.84712698277603,1,1,4,513650.0,3897450.0,547.7240486102219
1763919,110531477,OAK: WILLOW,4.0,1,,35.22820520169358,-80.84398381247802,1,3,7,514550.0,3898550.0,399.95409445234253
1764013,110531571,OAK: WILLOW,3.0,1,,35.21945614950884,-80.84942801289479,1,1,4,513650.0,3897450.0,79.61020888804585
1764013,110531571,OAK: WILLOW,3.0,1,,35.21945614950884,-80.84942801289479,1,1,4,513650.0,3897450.0,79.61020888804585
1764014,110531572,OAK: WILLOW,13.0,1,,35.21913121906402,-80.84912662344692,1,1,4,513650.0,3897450.0,124.8062523257706
1764020,110531578,OAK: WILLOW,3.0,1,,35.22741796120975,-80.83723258042197,1,3,7,514550.0,3898550.0,379.21222835462993
1764020,110531578,OAK: WILLOW,3.0,1,,35.22741796120975,-80.83723258042197,1,3,7,514550.0,3898550.0,379.21222835462993
1764021,110531579,OAK: WILLOW,3.0,1,,35.227354421891036,-80.83713602006293,1,3,7,514550.0,3898550.0,390.3756587019955
1764021,110531579,OAK: WILLOW,3.0,1,,35.227354421891036,-80.83713602006293,1,3,7,514550.0,3898550.0,390.3756587019955
1764022,110531580,OAK: WILLOW,3.0,1,,35.22730074125665,-80.83706763037102,1,3,7,514550.0,3898550.0,398.9797493398161
1764022,110531580,OAK: WILLOW,3.0,1,,35.22730074125665,-80.83706763037102,1,3,7,514550.0,3898550.0,398.9797493398161
1764023,110531581,OAK: WILLOW,3.0,1,,35.22725034123472,-80.83699386029029,1,3,7,514550.0,3898550.0,407.6614766573298
1764023,110531581,OAK: WILLOW,3.0,1,,35.22725034123472,-80.83699386029029,1,3,7,514550.0,3898550.0,407.6614766573298
1764023,110531581,OAK: WILLOW,3.0,1,,35.22725034123472,-80.83699386029029,1,3,7,514550.0,3898550.0,407.6614766573298
1764024,110531582,OAK: WILLOW,3.0,1,,35.227187901948355,-80.83691474009358,1,3,7,514550.0,3898550.0,417.64378839272854
1764024,110531582,OAK: WILLOW,3.0,1,,35.227187901948355,-80.83691474009358,1,3,7,514550.0,3898550.0,417.64378839272854
1764024,110531582,OAK: WILLOW,3.0,1,,35.227187901948355,-80.83691474009358,1,3,7,514550.0,3898550.0,417.64378839272854
1764025,110531583,OAK: WILLOW,3.0,1,,35.22713203128827,-80.8368369603624,1,3,7,514550.0,3898550.0,427.0181740652537
1764025,110531583,OAK: WILLOW,3.0,1,,35.22713203128827,-80.8368369603624,1,3,7,514550.0,3898550.0,427.0181740652537
1764025,110531583,OAK: WILLOW,3.0,1,,35.22713203128827,-80.8368369603624,1,3,7,514550.0,3898550.0,427.0181740652537
1764026,110531584,OAK: WILLOW,2.0,1,,35.22732013122391,-80.83922874028382,1,3,7,514550.0,3898550.0,296.66353506501446
1764026,110531584,OAK: WILLOW,2.0,1,,35.22732013122391,-80.83922874028382,1,3,7,514550.0,3898550.0,296.66353506501446
1764026,110531584,OAK: WILLOW,2.0,1,,35.22732013122391,-80.83922874028382,1,3,7,514550.0,3898550.0,296.66353506501446
1764027,110531585,OAK: WILLOW,9.0,1,321 N CALDWELL ST,35.22604697172661,-80.83592416981232,1,3,7,514550.0,3898550.0,571.7474799320737
1764027,110531585,OAK: WILLOW,9.0,1,321 N CALDWELL ST,35.22604697172661,-80.83592416981232,1,3,7,514550.0,3898550.0,571.7474799320737
1764028,110531586,OAK: WILLOW,5.0,1,321 N CALDWELL ST,35.22598581116113,-80.83600698916663,1,3,7,514550.0,3898550.0,571.8914259269942
1764028,110531586,OAK: WILLOW,5.0,1,321 N CALDWELL ST,35.22598581116113,-80.83600698916663,1,3,7,514550.0,3898550.0,571.8914259269942
1764029,110531587,OAK: WILLOW,12.0,1,321 N CALDWELL ST,35.22589196110258,-80.83614726985313,1,3,7,514550.0,3898550.0,571.7048497027083
1764030,110531588,OAK: WILLOW,14.0,1,321 N CALDWELL ST,35.22586321112908,-80.83617423973193,1,3,7,514550.0,3898550.0,572.6505338299281
1764030,110531588,OAK: WILLOW,14.0,1,321 N CALDWELL ST,35.22586321112908,-80.83617423973193,1,3,7,514550.0,3898550.0,572.6505338299281
1764031,110531589,OAK: WILLOW,11.0,1,321 N CALDWELL ST,35.22584575143304,-80.83620671962416,1,3,7,514550.0,3898550.0,572.3291772791929
1764031,110531589,OAK: WILLOW,11.0,1,321 N CALDWELL ST,35.22584575143304,-80.83620671962416,1,3,7,514550.0,3898550.0,572.3291772791929
1764032,110531590,OAK: WILLOW,15.0,1,321 N CALDWELL ST,35.22619523178754,-80.83599636975428,1,3,7,514550.0,3898550.0,555.1311647265467
1764032,110531590,OAK: WILLOW,15.0,1,321 N CALDWELL ST,35.22619523178754,-80.83599636975428,1,3,7,514550.0,3898550.0,555.1311647265467
1764033,110531591,OAK: WILLOW,17.0,1,418 E 7TH ST,35.226243411847534,-80.83605932003933,1,3,7,514550.0,3898550.0,547.3241703849757
1764033,110531591,OAK: WILLOW,17.0,1,418 E 7TH ST,35.226243411847534,-80.83605932003933,1,3,7,514550.0,3898550.0,547.3241703849757
1764041,110531599,OAK: WILLOW,17.0,1,,35.227433291527305,-80.8313571978739,1,2,9,515475.0,3898575.0,323.6608298695822
1764042,110531600,OAK: WILLOW,15.0,1,,35.227379611429114,-80.83128343884533,1,2,9,515475.0,3898575.0,326.5494308676564
1764088,110531646,OAK: WILLOW,10.0,1,703 E 9TH ST,35.226007141810264,-80.83142496880924,1,2,9,515475.0,3898575.0,474.62102264314274
1764098,110531656,OAK: WILLOW,12.0,1,,35.22572525105026,-80.83208216857147,1,2,9,515475.0,3898575.0,523.8885797050314
1764099,110531657,OAK: WILLOW,13.0,1,,35.22578131105049,-80.83200917807268,1,2,9,515475.0,3898575.0,515.6583906066422
1764100,110531658,OAK: WILLOW,11.0,1,702 E 9TH ST,35.22563436101458,-80.83198427833526,1,2,9,515475.0,3898575.0,530.0589496513891
1764102,110531660,OAK: WILLOW,15.0,1,,35.22084418054516,-80.83984311106131,1,0,6,514550.0,3897450.0,99.29414630955783
1764103,110531661,OAK: WILLOW,4.0,1,,35.227109021104454,-80.8428249920114,1,3,7,514550.0,3898550.0,396.2319364385942
1764103,110531661,OAK: WILLOW,4.0,1,,35.227109021104454,-80.8428249920114,1,3,7,514550.0,3898550.0,396.2319364385942
1764104,110531662,OAK: WILLOW,19.0,1,,35.226991801022095,-80.84267747127954,1,3,7,514550.0,3898550.0,398.41832487162674
1764104,110531662,OAK: WILLOW,19.0,1,,35.226991801022095,-80.84267747127954,1,3,7,514550.0,3898550.0,398.41832487162674
1764105,110531663,OAK: WILLOW,18.0,1,,35.22687897154512,-80.84255677207344,1,3,7,514550.0,3898550.0,402.4065071827023
1764105,110531663,OAK: WILLOW,18.0,1,,35.22687897154512,-80.84255677207344,1,3,7,514550.0,3898550.0,402.4065071827023
1764105,110531663,OAK: WILLOW,18.0,1,,35.22687897154512,-80.84255677207344,1,3,7,514550.0,3898550.0,402.4065071827023
1764106,110531664,OAK: WILLOW,15.0,1,,35.226781471152,-80.84245082195233,1,3,7,514550.0,3898550.0,406.2921177338709
1764106,110531664,OAK: WILLOW,15.0,1,,35.226781471152,-80.84245082195233,1,3,7,514550.0,3898550.0,406.2921177338709
1764106,110531664,OAK: WILLOW,15.0,1,,35.226781471152,-80.84245082195233,1,3,7,514550.0,3898550.0,406.2921177338709
1764107,110531665,OAK: WILLOW,15.0,1,,35.22665219163935,-80.8423193917986,1,3,7,514550.0,3898550.0,412.57571457340373
1764107,110531665,OAK: WILLOW,15.0,1,,35.22665219163935,-80.8423193917986,1,3,7,514550.0,3898550.0,412.57571457340373
1764107,110531665,OAK: WILLOW,15.0,1,,35.22665219163935,-80.8423193917986,1,3,7,514550.0,3898550.0,412.57571457340373
1764108,110531666,OAK: WILLOW,18.0,1,,35.226410081106586,-80.84201362099975,1,3,7,514550.0,3898550.0,424.0440723852005
1764108,110531666,OAK: WILLOW,18.0,1,,35.226410081106586,-80.84201362099975,1,3,7,514550.0,3898550.0,424.0440723852005
1764108,110531666,OAK: WILLOW,18.0,1,,35.226410081106586,-80.84201362099975,1,3,7,514550.0,3898550.0,424.0440723852005
1764109,110531667,OAK: WILLOW,9.0,1,,35.225579770541266,-80.84513595228388,1,5,5,513650.0,3898550.0,652.6554855764375
1764109,110531667,OAK: WILLOW,9.0,1,,35.225579770541266,-80.84513595228388,1,5,5,513650.0,3898550.0,652.6554855764375
1764110,110531668,OAK: WILLOW,16.0,1,,35.226345921190834,-80.84446473233346,1,3,7,514550.0,3898550.0,559.1960514043026
1764110,110531668,OAK: WILLOW,16.0,1,,35.226345921190834,-80.84446473233346,1,3,7,514550.0,3898550.0,559.1960514043026
1764111,110531669,OAK: WILLOW,17.0,1,,35.22656695094814,-80.84415561226103,1,3,7,514550.0,3898550.0,521.9682527472761
1764111,110531669,OAK: WILLOW,17.0,1,,35.22656695094814,-80.84415561226103,1,3,7,514550.0,3898550.0,521.9682527472761
1764112,110531670,OAK: WILLOW,14.0,1,,35.22661823151413,-80.84407624240175,1,3,7,514550.0,3898550.0,512.841668767222
1764112,110531670,OAK: WILLOW,14.0,1,,35.22661823151413,-80.84407624240175,1,3,7,514550.0,3898550.0,512.841668767222
1764113,110531671,OAK: WILLOW,17.0,1,,35.22668699150168,-80.84399103249784,1,3,7,514550.0,3898550.0,501.96697388388475
1764113,110531671,OAK: WILLOW,17.0,1,,35.22668699150168,-80.84399103249784,1,3,7,514550.0,3898550.0,501.96697388388475
1764114,110531672,OAK: WILLOW,17.0,1,,35.226735450957776,-80.84390189174806,1,3,7,514550.0,3898550.0,492.44089437805104
1764114,110531672,OAK: WILLOW,17.0,1,,35.226735450957776,-80.84390189174806,1,3,7,514550.0,3898550.0,492.44089437805104
1764115,110531673,OAK: WILLOW,99.0,1,114 S TRYON ST,35.226792611279386,-80.84380989210025,1,3,7,514550.0,3898550.0,482.05141160438336
1764115,110531673,OAK: WILLOW,99.0,1,114 S TRYON ST,35.226792611279386,-80.84380989210025,1,3,7,514550.0,3898550.0,482.05141160438336
1764116,110531674,OAK: WILLOW,99.0,1,114 S TRYON ST,35.22684172086028,-80.84376108198857,1,3,7,514550.0,3898550.0,475.0531063074157
1764116,110531674,OAK: WILLOW,99.0,1,114 S TRYON ST,35.22684172086028,-80.84376108198857,1,3,7,514550.0,3898550.0,475.0531063074157
1764117,110531675,OAK: WILLOW,99.0,1,114 S TRYON ST,35.226885391189434,-80.84369291195418,1,3,7,514550.0,3898550.0,467.2520180589355
1764117,110531675,OAK: WILLOW,99.0,1,114 S TRYON ST,35.226885391189434,-80.84369291195418,1,3,7,514550.0,3898550.0,467.2520180589355
1764118,110531676,OAK: WILLOW,19.0,1,114 S TRYON ST,35.22693484121446,-80.8436350124325,1,3,7,514550.0,3898550.0,459.6473898169094
1764118,110531676,OAK: WILLOW,19.0,1,114 S TRYON ST,35.22693484121446,-80.8436350124325,1,3,7,514550.0,3898550.0,459.6473898169094
1764119,110531677,OAK: WILLOW,4.0,1,108 S TRYON ST #A,35.22713970148733,-80.84334668167205,1,3,7,514550.0,3898550.0,425.0684473276042
1764119,110531677,OAK: WILLOW,4.0,1,108 S TRYON ST #A,35.22713970148733,-80.84334668167205,1,3,7,514550.0,3898550.0,425.0684473276042
1764120,110531678,OAK: WILLOW,99.0,1,,35.227571881034756,-80.84363636231633,1,3,7,514550.0,3898550.0,412.21761355128587
1764120,110531678,OAK: WILLOW,99.0,1,,35.227571881034756,-80.84363636231633,1,3,7,514550.0,3898550.0,412.21761355128587
1764121,110531679,OAK: WILLOW,99.0,1,,35.22784794101693,-80.84397163185619,1,3,7,514550.0,3898550.0,419.0728290568772
1764122,110531680,OAK: WILLOW,4.0,1,,35.228031991652216,-80.84390726229724,1,3,7,514550.0,3898550.0,403.32358123759997
1764123,110531681,OAK: WILLOW,99.0,1,,35.22793394160413,-80.84377717206941,1,3,7,514550.0,3898550.0,399.03639477364993
1764124,110531682,OAK: WILLOW,99.0,1,,35.22788026136203,-80.84371012238893,1,3,7,514550.0,3898550.0,397.2591025860586
1764124,110531682,OAK: WILLOW,99.0,1,,35.22788026136203,-80.84371012238893,1,3,7,514550.0,3898550.0,397.2591025860586
1764125,110531683,OAK: WILLOW,99.0,1,,35.227838631090236,-80.8436578125699,1,3,7,514550.0,3898550.0,395.9784891361502
1764125,110531683,OAK: WILLOW,99.0,1,,35.227838631090236,-80.8436578125699,1,3,7,514550.0,3898550.0,395.9784891361502
1764126,110531684,OAK: WILLOW,4.0,1,N TRYON ST,35.22767869146652,-80.84348615167174,1,3,7,514550.0,3898550.0,394.14399426363224
1764126,110531684,OAK: WILLOW,4.0,1,N TRYON ST,35.22767869146652,-80.84348615167174,1,3,7,514550.0,3898550.0,394.14399426363224
1764127,110531685,OAK: WILLOW,4.0,1,,35.22761912175721,-80.8434208722394,1,3,7,514550.0,3898550.0,393.72742610825526
1764127,110531685,OAK: WILLOW,4.0,1,,35.22761912175721,-80.8434208722394,1,3,7,514550.0,3898550.0,393.72742610825526
1764128,110531686,OAK: WILLOW,11.0,1,,35.22933884224252,-80.84019835162897,1,3,7,514550.0,3898550.0,62.54873601533663
1764129,110531687,OAK: WILLOW,19.0,1,,35.22983167168498,-80.83948555046426,1,3,7,514550.0,3898550.0,56.60092140917731
1764129,110531687,OAK: WILLOW,19.0,1,,35.22983167168498,-80.83948555046426,1,3,7,514550.0,3898550.0,56.60092140917731
1764130,110531688,OAK: WILLOW,19.0,1,,35.229882822315986,-80.83941499092525,1,3,7,514550.0,3898550.0,62.571932483009455
1764130,110531688,OAK: WILLOW,19.0,1,,35.229882822315986,-80.83941499092525,1,3,7,514550.0,3898550.0,62.571932483009455
1764131,110531689,OAK: WILLOW,19.0,1,,35.22994682239867,-80.83933224083691,1,3,7,514550.0,3898550.0,70.29578737215388
1764131,110531689,OAK: WILLOW,19.0,1,,35.22994682239867,-80.83933224083691,1,3,7,514550.0,3898550.0,70.29578737215388
1764132,110531690,OAK: WILLOW,17.0,1,,35.23002235192632,-80.83921862074342,1,3,7,514550.0,3898550.0,81.60660190239645
1764132,110531690,OAK: WILLOW,17.0,1,,35.23002235192632,-80.83921862074342,1,3,7,514550.0,3898550.0,81.60660190239645
1764133,110531691,OAK: WILLOW,17.0,1,,35.230070132328464,-80.83914111039749,1,3,7,514550.0,3898550.0,89.5478909670632
1764134,110531692,OAK: WILLOW,17.0,1,,35.230122792161055,-80.83906912085762,1,3,7,514550.0,3898550.0,97.29185881552999
1764135,110531693,OAK: WILLOW,17.0,1,,35.23018475192047,-80.83898214088177,1,3,7,514550.0,3898550.0,106.806128297778
1764136,110531694,OAK: WILLOW,17.0,1,,35.230241912610815,-80.83890291027083,1,3,7,514550.0,3898550.0,115.64479682140275
1764137,110531695,OAK: WILLOW,13.0,1,,35.23038447223789,-80.83871985119566,1,3,7,514550.0,3898550.0,136.91518498947872
1764138,110531696,OAK: WILLOW,14.0,1,,35.230430692649804,-80.83865811085,1,3,7,514550.0,3898550.0,144.121560843754
1764139,110531697,OAK: WILLOW,19.0,1,,35.230482522526046,-80.83858886116171,1,3,7,514550.0,3898550.0,152.2500091121409
1764140,110531698,OAK: WILLOW,14.0,1,,35.23055027195226,-80.8384844504051,1,3,7,514550.0,3898550.0,164.070186063325
1764141,110531699,OAK: WILLOW,12.0,1,,35.23060781206114,-80.83839969054804,1,3,7,514550.0,3898550.0,173.82294449414272
1764142,110531700,OAK: WILLOW,18.0,1,,35.2306655821355,-80.8383204410138,1,3,7,514550.0,3898550.0,183.17123570284681
1764143,110531701,OAK: WILLOW,16.0,1,,35.230725101912995,-80.83824477026695,1,3,7,514550.0,3898550.0,192.35506748711146
1764144,110531702,OAK: WILLOW,19.0,1,,35.23078999251581,-80.83815955071519,1,3,7,514550.0,3898550.0,202.620951628432
1764145,110531703,OAK: WILLOW,19.0,1,,35.23083280227553,-80.83807250087547,1,3,7,514550.0,3898550.0,211.85202885929405
1764146,110531704,OAK: WILLOW,16.0,1,,35.230889612664804,-80.83798608008406,1,3,7,514550.0,3898550.0,221.79978222819904
1764147,110531705,OAK: WILLOW,16.0,1,,35.23096325196633,-80.83790338057126,1,3,7,514550.0,3898550.0,232.40954160621718
1764148,110531706,OAK: WILLOW,17.0,1,,35.23081750204125,-80.83782057066003,1,3,7,514550.0,3898550.0,231.35786071697996
1764149,110531707,OAK: WILLOW,15.0,1,,35.23077039259689,-80.83788887053922,1,3,7,514550.0,3898550.0,223.48423994808778
1764150,110531708,OAK: WILLOW,15.0,1,,35.23071501188851,-80.83796392073752,1,3,7,514550.0,3898550.0,214.68385421909983
1764151,110531709,OAK: WILLOW,18.0,1,,35.23065167188686,-80.83804115044124,1,3,7,514550.0,3898550.0,205.37508308999543
1764152,110531710,OAK: WILLOW,18.0,1,,35.23059827211047,-80.83810800045481,1,3,7,514550.0,3898550.0,197.4290847768685
1764153,110531711,OAK: WILLOW,16.0,1,,35.230550011825976,-80.83818551095298,1,3,7,514550.0,3898550.0,188.8505837626291
1764154,110531712,OAK: WILLOW,16.0,1,,35.23047648226849,-80.83828275005594,1,3,7,514550.0,3898550.0,177.60085619089216
1764155,110531713,OAK: WILLOW,12.0,1,,35.23044157242537,-80.83833906050242,1,3,7,514550.0,3898550.0,171.43257461662841
1764156,110531714,OAK: WILLOW,14.0,1,,35.23039589248505,-80.83839770019512,1,3,7,514550.0,3898550.0,164.67960634729698
1764157,110531715,OAK: WILLOW,14.0,1,,35.230324122234535,-80.83850903070706,1,3,7,514550.0,3898550.0,152.51979017795426
1764158,110531716,OAK: WILLOW,18.0,1,,35.23026538213642,-80.83858067034085,1,3,7,514550.0,3898550.0,144.36141257758047
1764159,110531717,OAK: WILLOW,18.0,1,,35.229660971628334,-80.83944761124765,1,3,7,514550.0,3898550.0,65.0937918922553
1764159,110531717,OAK: WILLOW,18.0,1,,35.229660971628334,-80.83944761124765,1,3,7,514550.0,3898550.0,65.0937918922553
1764160,110531718,OAK: WILLOW,4.0,1,200 N TRYON ST,35.228032931769725,-80.84173383185426,1,3,7,514550.0,3898550.0,254.53849942781292
1764160,110531718,OAK: WILLOW,4.0,1,200 N TRYON ST,35.228032931769725,-80.84173383185426,1,3,7,514550.0,3898550.0,254.53849942781292
1764161,110531719,OAK: WILLOW,4.0,1,,35.22787668171546,-80.84197835176293,1,3,7,514550.0,3898550.0,281.7043907999171
1764161,110531719,OAK: WILLOW,4.0,1,,35.22787668171546,-80.84197835176293,1,3,7,514550.0,3898550.0,281.7043907999171
1764162,110531720,OAK: WILLOW,4.0,1,,35.22782396172428,-80.84205056137283,1,3,7,514550.0,3898550.0,290.3420311544384
1764162,110531720,OAK: WILLOW,4.0,1,,35.22782396172428,-80.84205056137283,1,3,7,514550.0,3898550.0,290.3420311544384
1764163,110531721,OAK: WILLOW,4.0,1,,35.22771621171577,-80.84220652164569,1,3,7,514550.0,3898550.0,308.49612124876995
1764165,110531723,OAK: WILLOW,14.0,1,,35.22762026176719,-80.84234686181048,1,3,7,514550.0,3898550.0,324.7835558302898
1764166,110531724,OAK: WILLOW,14.0,1,,35.227566391714745,-80.84242850131477,1,3,7,514550.0,3898550.0,334.10652445907044
1764167,110531725,OAK: WILLOW,14.0,1,,35.227503731064,-80.8425220815065,1,3,7,514550.0,3898550.0,344.8850262013384
1764168,110531726,OAK: WILLOW,14.0,1,,35.2274436112666,-80.84258996183887,1,3,7,514550.0,3898550.0,353.9606682107289
1764169,110531727,OAK: WILLOW,17.0,1,,35.22740657125634,-80.84264901226966,1,3,7,514550.0,3898550.0,360.55817806928087
1764170,110531728,OAK: WILLOW,4.0,1,,35.22734892147465,-80.84274195170191,1,3,7,514550.0,3898550.0,370.8994069825183
1764170,110531728,OAK: WILLOW,4.0,1,,35.22734892147465,-80.84274195170191,1,3,7,514550.0,3898550.0,370.8994069825183
1764171,110531729,OAK: WILLOW,4.0,1,,35.2273026912564,-80.84281804204716,1,3,7,514550.0,3898550.0,379.29512017179854
1764171,110531729,OAK: WILLOW,4.0,1,,35.2273026912564,-80.84281804204716,1,3,7,514550.0,3898550.0,379.29512017179854
1764172,110531730,OAK: WILLOW,17.0,1,1300 S TRYON ST,35.22698523157916,-80.84324987189858,1,3,7,514550.0,3898550.0,431.66064280454776
1764172,110531730,OAK: WILLOW,17.0,1,1300 S TRYON ST,35.22698523157916,-80.84324987189858,1,3,7,514550.0,3898550.0,431.66064280454776
1764173,110531731,OAK: WILLOW,18.0,1,1300 S TRYON ST,35.22691375096479,-80.84335319205593,1,3,7,514550.0,3898550.0,443.83343187810715
1764173,110531731,OAK: WILLOW,18.0,1,1300 S TRYON ST,35.22691375096479,-80.84335319205593,1,3,7,514550.0,3898550.0,443.83343187810715
1764174,110531732,OAK: WILLOW,11.0,1,,35.22687280095578,-80.84342308195485,1,3,7,514550.0,3898550.0,451.4611732243725
1764174,110531732,OAK: WILLOW,11.0,1,,35.22687280095578,-80.84342308195485,1,3,7,514550.0,3898550.0,451.4611732243725
1764175,110531733,OAK: WILLOW,4.0,1,,35.22681644125009,-80.84350741176537,1,3,7,514550.0,3898550.0,461.24382085945666
1764175,110531733,OAK: WILLOW,4.0,1,,35.22681644125009,-80.84350741176537,1,3,7,514550.0,3898550.0,461.24382085945666
1764176,110531734,OAK: WILLOW,99.0,1,,35.22675337118396,-80.8435986922153,1,3,7,514550.0,3898550.0,472.0073168027046
1764176,110531734,OAK: WILLOW,99.0,1,,35.22675337118396,-80.8435986922153,1,3,7,514550.0,3898550.0,472.0073168027046
1764177,110531735,OAK: WILLOW,99.0,1,,35.22669725165036,-80.84365980188538,1,3,7,514550.0,3898550.0,480.3530354440805
1764177,110531735,OAK: WILLOW,99.0,1,,35.22669725165036,-80.84365980188538,1,3,7,514550.0,3898550.0,480.3530354440805
1764178,110531736,OAK: WILLOW,99.0,1,,35.22666053127523,-80.84373659206096,1,3,7,514550.0,3898550.0,488.0768633567519
1764178,110531736,OAK: WILLOW,99.0,1,,35.22666053127523,-80.84373659206096,1,3,7,514550.0,3898550.0,488.0768633567519
1764179,110531737,OAK: WILLOW,99.0,1,,35.226608231306194,-80.84381619181643,1,3,7,514550.0,3898550.0,497.25252906798676
1764179,110531737,OAK: WILLOW,99.0,1,,35.226608231306194,-80.84381619181643,1,3,7,514550.0,3898550.0,497.25252906798676
1764180,110531738,OAK: WILLOW,99.0,1,,35.226551251360064,-80.84387240198926,1,3,7,514550.0,3898550.0,505.3646267602722
1764180,110531738,OAK: WILLOW,99.0,1,,35.226551251360064,-80.84387240198926,1,3,7,514550.0,3898550.0,505.3646267602722
1764181,110531739,OAK: WILLOW,99.0,1,,35.226505851012064,-80.84394475186504,1,3,7,514550.0,3898550.0,513.5329896218685
1764181,110531739,OAK: WILLOW,99.0,1,,35.226505851012064,-80.84394475186504,1,3,7,514550.0,3898550.0,513.5329896218685
1764182,110531740,OAK: WILLOW,99.0,1,,35.22645587129424,-80.84402538180026,1,3,7,514550.0,3898550.0,522.5907002762592
1764182,110531740,OAK: WILLOW,99.0,1,,35.22645587129424,-80.84402538180026,1,3,7,514550.0,3898550.0,522.5907002762592
1764183,110531741,OAK: WILLOW,99.0,1,,35.22628435154777,-80.84427052265092,1,3,7,514550.0,3898550.0,551.730932289527
1764183,110531741,OAK: WILLOW,99.0,1,,35.22628435154777,-80.84427052265092,1,3,7,514550.0,3898550.0,551.730932289527
1764184,110531742,OAK: WILLOW,14.0,1,,35.22622882066566,-80.84435166266881,1,3,7,514550.0,3898550.0,561.2804371500538
1764184,110531742,OAK: WILLOW,14.0,1,,35.22622882066566,-80.84435166266881,1,3,7,514550.0,3898550.0,561.2804371500538
1764185,110531743,OAK: WILLOW,14.0,1,,35.226170220915584,-80.84443284186106,1,3,7,514550.0,3898550.0,571.0808882823158
1764185,110531743,OAK: WILLOW,14.0,1,,35.226170220915584,-80.84443284186106,1,3,7,514550.0,3898550.0,571.0808882823158
1764186,110531744,OAK: WILLOW,13.0,1,,35.225809710852005,-80.84493810204664,1,3,7,514550.0,3898550.0,631.7704675954063
1764186,110531744,OAK: WILLOW,13.0,1,,35.225809710852005,-80.84493810204664,1,3,7,514550.0,3898550.0,631.7704675954063
1764187,110531745,OAK: WILLOW,17.0,1,,35.225755671312875,-80.84503487221913,1,3,7,514550.0,3898550.0,642.2078575199075
1764187,110531745,OAK: WILLOW,17.0,1,,35.225755671312875,-80.84503487221913,1,3,7,514550.0,3898550.0,642.2078575199075
1764188,110531746,OAK: WILLOW,18.0,1,,35.22507185090708,-80.84635884322756,1,5,5,513650.0,3898550.0,630.2772579438694
1764188,110531746,OAK: WILLOW,18.0,1,,35.22507185090708,-80.84635884322756,1,5,5,513650.0,3898550.0,630.2772579438694
1764189,110531747,OAK: WILLOW,18.0,1,,35.22517094093613,-80.84617955239092,1,5,5,513650.0,3898550.0,629.7892767958496
1764189,110531747,OAK: WILLOW,18.0,1,,35.22517094093613,-80.84617955239092,1,5,5,513650.0,3898550.0,629.7892767958496
1764189,110531747,OAK: WILLOW,18.0,1,,35.22517094093613,-80.84617955239092,1,5,5,513650.0,3898550.0,629.7892767958496
1764190,110531748,OAK: WILLOW,11.0,1,,35.22557672053518,-80.84558777288345,1,5,5,513650.0,3898550.0,625.8041644184293
1764190,110531748,OAK: WILLOW,11.0,1,,35.22557672053518,-80.84558777288345,1,5,5,513650.0,3898550.0,625.8041644184293
1764191,110531749,OAK: WILLOW,14.0,1,,35.225405640464814,-80.84553797262586,1,5,5,513650.0,3898550.0,643.3352230543609
1764191,110531749,OAK: WILLOW,14.0,1,,35.225405640464814,-80.84553797262586,1,5,5,513650.0,3898550.0,643.3352230543609
1764192,110531750,OAK: WILLOW,18.0,1,,35.225004401157655,-80.84611194287052,1,5,5,513650.0,3898550.0,648.6118170512269
1764192,110531750,OAK: WILLOW,18.0,1,,35.225004401157655,-80.84611194287052,1,5,5,513650.0,3898550.0,648.6118170512269
1764193,110531751,OAK: WILLOW,99.0,1,,35.224522480843774,-80.84967535414557,1,1,4,513650.0,3897450.0,503.4494994433806
1764194,110531752,OAK: WILLOW,99.0,1,,35.224589310681495,-80.84974240373654,1,1,4,513650.0,3897450.0,510.5187731135352
1764195,110531753,OAK: WILLOW,4.0,1,,35.224796540451194,-80.84642007248365,1,1,4,513650.0,3897450.0,625.1405777146682
1764195,110531753,OAK: WILLOW,4.0,1,,35.224796540451194,-80.84642007248365,1,1,4,513650.0,3897450.0,625.1405777146682
1764196,110531754,OAK: WILLOW,4.0,1,,35.22471541109615,-80.8465243627653,1,1,4,513650.0,3897450.0,612.5185131382503
1764196,110531754,OAK: WILLOW,4.0,1,,35.22471541109615,-80.8465243627653,1,1,4,513650.0,3897450.0,612.5185131382503
1764197,110531755,OAK: WILLOW,15.0,1,,35.22426733066306,-80.84720530298215,1,1,4,513650.0,3897450.0,538.6019531812544
1764197,110531755,OAK: WILLOW,15.0,1,,35.22426733066306,-80.84720530298215,1,1,4,513650.0,3897450.0,538.6019531812544
1764198,110531756,OAK: WILLOW,19.0,1,,35.2242064105814,-80.84728508289155,1,1,4,513650.0,3897450.0,529.2209721450178
1764198,110531756,OAK: WILLOW,19.0,1,,35.2242064105814,-80.84728508289155,1,1,4,513650.0,3897450.0,529.2209721450178
1764199,110531757,OAK: WILLOW,6.0,1,,35.224027820471484,-80.84757852298756,1,1,4,513650.0,3897450.0,499.4127483759603
1764199,110531757,OAK: WILLOW,6.0,1,,35.224027820471484,-80.84757852298756,1,1,4,513650.0,3897450.0,499.4127483759603
1764200,110531758,OAK: WILLOW,10.0,1,,35.223973380691014,-80.84765584312451,1,1,4,513650.0,3897450.0,490.89520550334544
1764200,110531758,OAK: WILLOW,10.0,1,,35.223973380691014,-80.84765584312451,1,1,4,513650.0,3897450.0,490.89520550334544
1764201,110531759,OAK: WILLOW,13.0,1,,35.22390231034836,-80.84772998293973,1,1,4,513650.0,3897450.0,480.86566309412115
1764201,110531759,OAK: WILLOW,13.0,1,,35.22390231034836,-80.84772998293973,1,1,4,513650.0,3897450.0,480.86566309412115
1764202,110531760,OAK: WILLOW,12.0,1,,35.2238554702221,-80.84781999346922,1,1,4,513650.0,3897450.0,472.67172838598026
1764202,110531760,OAK: WILLOW,12.0,1,,35.2238554702221,-80.84781999346922,1,1,4,513650.0,3897450.0,472.67172838598026
1764203,110531761,OAK: WILLOW,10.0,1,,35.22379070041289,-80.84788887336916,1,1,4,513650.0,3897450.0,463.5223585387217
1764203,110531761,OAK: WILLOW,10.0,1,,35.22379070041289,-80.84788887336916,1,1,4,513650.0,3897450.0,463.5223585387217
1764204,110531762,OAK: WILLOW,10.0,1,,35.22373224053958,-80.84799443341707,1,1,4,513650.0,3897450.0,453.6660365028092
1764204,110531762,OAK: WILLOW,10.0,1,,35.22373224053958,-80.84799443341707,1,1,4,513650.0,3897450.0,453.6660365028092
1764205,110531763,OAK: WILLOW,12.0,1,,35.22367131078847,-80.848080062902,1,1,4,513650.0,3897450.0,444.3556780172478
1764205,110531763,OAK: WILLOW,12.0,1,,35.22367131078847,-80.848080062902,1,1,4,513650.0,3897450.0,444.3556780172478
1764206,110531764,OAK: WILLOW,99.0,1,,35.223640850142324,-80.84841601304102,1,1,4,513650.0,3897450.0,429.9938857372753
1764206,110531764,OAK: WILLOW,99.0,1,,35.223640850142324,-80.84841601304102,1,1,4,513650.0,3897450.0,429.9938857372753
1764207,110531765,OAK: WILLOW,8.0,1,,35.22374951016863,-80.84827043298911,1,1,4,513650.0,3897450.0,445.8887561784521
1764207,110531765,OAK: WILLOW,8.0,1,,35.22374951016863,-80.84827043298911,1,1,4,513650.0,3897450.0,445.8887561784521
1764208,110531766,OAK: WILLOW,10.0,1,,35.22381497007394,-80.84817717326868,1,1,4,513650.0,3897450.0,455.72143472312695
1764208,110531766,OAK: WILLOW,10.0,1,,35.22381497007394,-80.84817717326868,1,1,4,513650.0,3897450.0,455.72143472312695
1764209,110531767,OAK: WILLOW,10.0,1,,35.22396232093116,-80.84795777319184,1,1,4,513650.0,3897450.0,478.4056368468135
1764209,110531767,OAK: WILLOW,10.0,1,,35.22396232093116,-80.84795777319184,1,1,4,513650.0,3897450.0,478.4056368468135
1764210,110531768,OAK: WILLOW,8.0,1,,35.22402326078327,-80.84787348293493,1,1,4,513650.0,3897450.0,487.64332217524503
1764210,110531768,OAK: WILLOW,8.0,1,,35.22402326078327,-80.84787348293493,1,1,4,513650.0,3897450.0,487.64332217524503
1764211,110531769,OAK: WILLOW,7.0,1,,35.22408351091057,-80.84777555331185,1,1,4,513650.0,3897450.0,497.3561998516774
1764211,110531769,OAK: WILLOW,7.0,1,,35.22408351091057,-80.84777555331185,1,1,4,513650.0,3897450.0,497.3561998516774
1764212,110531770,OAK: WILLOW,5.0,1,,35.22414114090713,-80.84769314351549,1,1,4,513650.0,3897450.0,506.27371571369656
1764212,110531770,OAK: WILLOW,5.0,1,,35.22414114090713,-80.84769314351549,1,1,4,513650.0,3897450.0,506.27371571369656
1764213,110531771,OAK: WILLOW,3.0,1,,35.22454264042353,-80.84796975313915,1,1,4,513650.0,3897450.0,537.8601387507161
1764214,110531772,OAK: WILLOW,9.0,1,,35.22437281041015,-80.84735898254164,1,1,4,513650.0,3897450.0,542.5649940190293
1764214,110531772,OAK: WILLOW,9.0,1,,35.22437281041015,-80.84735898254164,1,1,4,513650.0,3897450.0,542.5649940190293
1764215,110531773,OAK: WILLOW,10.0,1,,35.22442347082842,-80.84728110254481,1,1,4,513650.0,3897450.0,550.7630228631011
1764215,110531773,OAK: WILLOW,10.0,1,,35.22442347082842,-80.84728110254481,1,1,4,513650.0,3897450.0,550.7630228631011
1764216,110531774,OAK: WILLOW,10.0,1,,35.224472500848314,-80.84721581254865,1,1,4,513650.0,3897450.0,558.3033492169096
1764216,110531774,OAK: WILLOW,10.0,1,,35.224472500848314,-80.84721581254865,1,1,4,513650.0,3897450.0,558.3033492169096
1764217,110531775,OAK: WILLOW,10.0,1,,35.22452871081661,-80.84714589246536,1,1,4,513650.0,3897450.0,566.7586683874413
1764217,110531775,OAK: WILLOW,10.0,1,,35.22452871081661,-80.84714589246536,1,1,4,513650.0,3897450.0,566.7586683874413
1764218,110531776,OAK: WILLOW,19.0,1,,35.22488686073636,-80.84659322254205,1,1,4,513650.0,3897450.0,625.7203397707772
1764218,110531776,OAK: WILLOW,19.0,1,,35.22488686073636,-80.84659322254205,1,1,4,513650.0,3897450.0,625.7203397707772
1764222,110531780,OAK: WILLOW,2.0,1,,35.2257730405604,-80.8454958621571,1,5,5,513650.0,3898550.0,614.7798230458602
1764222,110531780,OAK: WILLOW,2.0,1,,35.2257730405604,-80.8454958621571,1,5,5,513650.0,3898550.0,614.7798230458602
1764223,110531781,OAK: WILLOW,2.0,1,,35.22581747069125,-80.84554786256032,1,5,5,513650.0,3898550.0,607.9528962033472
1764223,110531781,OAK: WILLOW,2.0,1,,35.22581747069125,-80.84554786256032,1,5,5,513650.0,3898550.0,607.9528962033472
1764224,110531782,OAK: WILLOW,17.0,1,,35.23235804250064,-80.83567058039415,1,3,7,514550.0,3898550.0,486.92868318193194
1764225,110531783,OAK: WILLOW,15.0,1,,35.23231043313556,-80.835742200002,1,3,7,514550.0,3898550.0,478.5729010322863
1764226,110531784,OAK: WILLOW,11.0,1,,35.231190792785306,-80.83791001102486,1,3,7,514550.0,3898550.0,245.71485395732125
1764227,110531785,OAK: WILLOW,13.0,1,,35.23124502245694,-80.83797689062355,1,3,7,514550.0,3898550.0,244.43037899800797
1764228,110531786,OAK: WILLOW,16.0,1,,35.23139153287027,-80.83813829035515,1,3,7,514550.0,3898550.0,243.72454123035567
1764229,110531787,OAK: WILLOW,16.0,1,,35.231433632857,-80.83820743047502,1,3,7,514550.0,3898550.0,242.40775956743246
1764230,110531788,OAK: WILLOW,14.0,1,,35.23148986214383,-80.8382511706883,1,3,7,514550.0,3898550.0,244.0666278461535
1764231,110531789,OAK: WILLOW,4.0,1,,35.22595106121118,-80.84767308262272,1,5,5,513650.0,3898550.0,487.16214185811936
1764287,110531845,OAK: WILLOW,17.0,1,,35.221056519937136,-80.85095847380116,1,1,4,513650.0,3897450.0,146.25298922175367
1764287,110531845,OAK: WILLOW,17.0,1,,35.221056519937136,-80.85095847380116,1,1,4,513650.0,3897450.0,146.25298922175367
1764288,110531846,OAK: WILLOW,11.0,1,,35.22099291965975,-80.85100642388011,1,1,4,513650.0,3897450.0,143.33356676538082
1764288,110531846,OAK: WILLOW,11.0,1,,35.22099291965975,-80.85100642388011,1,1,4,513650.0,3897450.0,143.33356676538082
1764289,110531847,OAK: WILLOW,14.0,1,105 E MOREHEAD ST,35.22084352970196,-80.85092312330526,1,1,4,513650.0,3897450.0,125.78657071083603
1764289,110531847,OAK: WILLOW,14.0,1,105 E MOREHEAD ST,35.22084352970196,-80.85092312330526,1,1,4,513650.0,3897450.0,125.78657071083603
1764290,110531848,OAK: WILLOW,19.0,1,105 E MOREHEAD ST,35.22077575994565,-80.85084194357582,1,1,4,513650.0,3897450.0,115.2660001324076
1764290,110531848,OAK: WILLOW,19.0,1,105 E MOREHEAD ST,35.22077575994565,-80.85084194357582,1,1,4,513650.0,3897450.0,115.2660001324076
1764291,110531849,OAK: WILLOW,16.0,1,105 E MOREHEAD ST,35.22068783928644,-80.85073457408488,1,1,4,513650.0,3897450.0,101.5016362518053
1764291,110531849,OAK: WILLOW,16.0,1,105 E MOREHEAD ST,35.22068783928644,-80.85073457408488,1,1,4,513650.0,3897450.0,101.5016362518053
1764292,110531850,OAK: WILLOW,19.0,1,,35.221216220195856,-80.85110927416574,1,1,4,513650.0,3897450.0,168.6505612106076
1764292,110531850,OAK: WILLOW,19.0,1,,35.221216220195856,-80.85110927416574,1,1,4,513650.0,3897450.0,168.6505612106076
1764293,110531851,OAK: WILLOW,8.0,1,,35.221274419438224,-80.85105009424741,1,1,4,513650.0,3897450.0,170.853602212417
1764293,110531851,OAK: WILLOW,8.0,1,,35.221274419438224,-80.85105009424741,1,1,4,513650.0,3897450.0,170.853602212417
1764294,110531852,OAK: WILLOW,16.0,1,204 W BLAND ST,35.218535269042796,-80.85601509570773,1,7,2,512750.0,3897450.0,389.272821990191
1764295,110531853,OAK: WILLOW,12.0,1,W BLAND ST,35.21854613881867,-80.85616863517068,1,7,2,512750.0,3897450.0,376.10573255507
1764296,110531854,OAK: WILLOW,13.0,1,204 W BLAND ST,35.21860972900404,-80.8559375150186,1,7,2,512750.0,3897450.0,392.3724615743033
1764297,110531855,OAK: WILLOW,14.0,1,216 W BLAND ST,35.21862158862826,-80.85626456528132,1,7,2,512750.0,3897450.0,364.64713393449426
1764298,110531856,OAK: WILLOW,11.0,1,PENN ST,35.21875891883913,-80.85578643552759,1,7,2,512750.0,3897450.0,399.02808395606024
1764299,110531857,OAK: WILLOW,12.0,1,PENN ST,35.21884582891005,-80.85569153474411,1,7,2,512750.0,3897450.0,403.9782791126743
1764300,110531858,OAK: WILLOW,15.0,1,224 W BLAND ST,35.21868657877984,-80.85636800518854,1,7,2,512750.0,3897450.0,353.08566684757
1764301,110531859,OAK: WILLOW,11.0,1,LINCOLN ST,35.21891620893345,-80.85560107498073,1,7,2,512750.0,3897450.0,409.42714732835486
1764302,110531860,OAK: WILLOW,16.0,1,230 W BLAND ST,35.21875991933503,-80.85647346490904,1,7,2,512750.0,3897450.0,341.00100139895574
1764303,110531861,OAK: WILLOW,11.0,1,LINCOLN ST,35.21899517925126,-80.8554837750731,1,7,2,512750.0,3897450.0,417.20970899655936
1764304,110531862,OAK: WILLOW,15.0,1,W BLAND ST,35.21883756880705,-80.85658073590199,1,7,2,512750.0,3897450.0,328.613801679308
1764305,110531863,OAK: WILLOW,13.0,1,W BLAND ST,35.21891028882288,-80.8566654054972,1,7,2,512750.0,3897450.0,318.3873098597933
1764306,110531864,OAK: WILLOW,12.0,1,254 W BLAND ST,35.218978019198275,-80.85676863498671,1,7,2,512750.0,3897450.0,306.85916468595246
1764307,110531865,OAK: WILLOW,4.0,1,264 W BLAND ST,35.21905675918623,-80.85688208523086,1,7,2,512750.0,3897450.0,294.0651511805696
1764308,110531866,OAK: WILLOW,13.0,1,PENN ST,35.21955814910709,-80.85695145557595,1,7,2,512750.0,3897450.0,272.8852163079419
1764309,110531867,OAK: WILLOW,13.0,1,PENN ST,35.21963942944762,-80.85685467540605,1,7,2,512750.0,3897450.0,280.1130823010399
1764310,110531868,OAK: WILLOW,10.0,1,S CHURCH ST,35.21972084925224,-80.85677940544406,1,7,2,512750.0,3897450.0,285.76406217471856
1764311,110531869,OAK: WILLOW,11.0,1,S CHURCH ST,35.21980436914468,-80.85669219518216,1,7,2,512750.0,3897450.0,292.81193113845455
1764315,110531873,OAK: WILLOW,3.0,1,,35.21857015902123,-80.85765224569032,1,7,2,512750.0,3897450.0,259.071326297584
1764316,110531874,OAK: WILLOW,3.0,1,,35.21848141852167,-80.85772063595661,1,7,2,512750.0,3897450.0,260.4502082334312
1764317,110531875,OAK: WILLOW,4.0,1,,35.218276528900525,-80.85789498573422,1,7,2,512750.0,3897450.0,264.52889333037166
1764318,110531876,OAK: WILLOW,5.0,1,,35.21819983870546,-80.85794058559262,1,7,2,512750.0,3897450.0,267.96856112600585
1764319,110531877,OAK: WILLOW,5.0,1,,35.218127528432696,-80.85799288618475,1,7,2,512750.0,3897450.0,270.9307276767301
1764320,110531878,OAK: WILLOW,5.0,1,,35.21803987869962,-80.85806262560963,1,7,2,512750.0,3897450.0,274.5507271278074
1764321,110531879,OAK: WILLOW,5.0,1,,35.217943458513105,-80.85812833590012,1,7,2,512750.0,3897450.0,279.61366960429825
1764322,110531880,OAK: WILLOW,5.0,1,,35.217855809139614,-80.85819270576457,1,7,2,512750.0,3897450.0,284.3649310804388
1764325,110531883,OAK: WILLOW,13.0,1,,35.22194958947198,-80.85216222423634,1,1,4,513650.0,3897450.0,292.3872731538049
1764326,110531884,OAK: WILLOW,13.0,1,,35.221882549759854,-80.85208170391314,1,1,4,513650.0,3897450.0,281.95911225053226
1764327,110531885,OAK: WILLOW,18.0,1,,35.22180154994691,-80.85198977457031,1,1,4,513650.0,3897450.0,269.6858718990372
1764328,110531886,OAK: WILLOW,15.0,1,,35.221738009663554,-80.8519207741285,1,1,4,513650.0,3897450.0,260.2473878204746
1764329,110531887,OAK: WILLOW,16.0,1,,35.221674459470094,-80.85184417362758,1,1,4,513650.0,3897450.0,250.34669146824626
1764330,110531888,OAK: WILLOW,17.0,1,,35.22158895955718,-80.8517439942513,1,1,4,513650.0,3897450.0,237.20204632823302
1764333,110531891,OAK: WILLOW,3.0,1,,35.22186199016954,-80.85234006467816,1,1,4,513650.0,3897450.0,296.5860658084961
1764334,110531892,OAK: WILLOW,3.0,1,,35.221951339894694,-80.8524326842695,1,1,4,513650.0,3897450.0,309.5431831132925
1764335,110531893,OAK: WILLOW,12.0,1,,35.2196394890586,-80.85770320532639,1,7,2,512750.0,3897450.0,203.99706653895223
1764338,110531896,OAK: WILLOW,12.0,1,,35.21954087905275,-80.85757982617037,1,7,2,512750.0,3897450.0,217.33183842505616
1764339,110531897,OAK: WILLOW,15.0,1,W BLAND ST,35.21941378902751,-80.85738536540855,1,7,2,512750.0,3897450.0,238.04468799105268
1764343,110531901,OAK: WILLOW,2.0,1,,35.217332098974225,-80.85862454614804,1,7,2,512750.0,3897450.0,318.1596028375051
1764344,110531902,OAK: WILLOW,2.0,1,,35.217235678315696,-80.85868891591365,1,7,2,512750.0,3897450.0,326.1110700012974
1764345,110531903,OAK: WILLOW,2.0,1,,35.21713268884766,-80.85874926610369,1,7,2,512750.0,3897450.0,335.1244947508408
1764346,110531904,OAK: WILLOW,14.0,1,,35.216812758933386,-80.85916098622742,1,7,2,512750.0,3897450.0,360.14990544112817
1764347,110531905,OAK: WILLOW,13.0,1,,35.21688835880367,-80.85909795605754,1,7,2,512750.0,3897450.0,353.0590268859883
1764348,110531906,OAK: WILLOW,12.0,1,,35.21697929824851,-80.85903760614173,1,7,2,512750.0,3897450.0,344.4090614338592
1764349,110531907,OAK: WILLOW,18.0,1,,35.21707132883514,-80.85896920574503,1,7,2,512750.0,3897450.0,335.9958955002179
1764350,110531908,OAK: WILLOW,15.0,1,,35.21727730904168,-80.8588418061576,1,7,2,512750.0,3897450.0,317.27100216538787
1764351,110531909,OAK: WILLOW,12.0,1,,35.21737153913666,-80.85878011566523,1,7,2,512750.0,3897450.0,309.1369522249561
1764352,110531910,OAK: WILLOW,11.0,1,,35.21746794858788,-80.8587103764012,1,7,2,512750.0,3897450.0,301.2873359033565
1764353,110531911,OAK: WILLOW,10.0,1,,35.21758518915202,-80.85863259642319,1,7,2,512750.0,3897450.0,291.91736829046056
1764354,110531912,OAK: WILLOW,7.0,1,,35.21766297905564,-80.85857224648312,1,7,2,512750.0,3897450.0,286.28900790598453
1764357,110531915,OAK: WILLOW,4.0,1,301 W PARK AV,35.21604853834836,-80.86104162684536,1,7,2,512750.0,3897450.0,450.6852530511688
1764358,110531916,OAK: WILLOW,4.0,1,1700 S TRYON ST,35.2148497083886,-80.8606249059139,1,4,1,512750.0,3896350.0,532.3975708767678
1764358,110531916,OAK: WILLOW,4.0,1,1700 S TRYON ST,35.2148497083886,-80.8606249059139,1,4,1,512750.0,3896350.0,532.3975708767678
1764359,110531917,OAK: WILLOW,4.0,1,235 W KINGSTON AV,35.21492603828644,-80.8607926864729,1,4,1,512750.0,3896350.0,542.8310524083055
1764359,110531917,OAK: WILLOW,4.0,1,235 W KINGSTON AV,35.21492603828644,-80.8607926864729,1,4,1,512750.0,3896350.0,542.8310524083055
1764360,110531918,OAK: WILLOW,4.0,1,,35.215068128373446,-80.86109333706302,1,7,2,512750.0,3897450.0,557.947520914402
1764360,110531918,OAK: WILLOW,4.0,1,,35.215068128373446,-80.86109333706302,1,7,2,512750.0,3897450.0,557.947520914402
1764361,110531919,OAK: WILLOW,4.0,1,215 W PARK AV,35.215644788519676,-80.85911136593184,1,7,2,512750.0,3897450.0,488.64041229029345
1764361,110531919,OAK: WILLOW,4.0,1,215 W PARK AV,35.215644788519676,-80.85911136593184,1,7,2,512750.0,3897450.0,488.64041229029345
1764362,110531920,OAK: WILLOW,4.0,1,,35.215710528284255,-80.85924547616614,1,7,2,512750.0,3897450.0,479.761200463372
1764362,110531920,OAK: WILLOW,4.0,1,,35.215710528284255,-80.85924547616614,1,7,2,512750.0,3897450.0,479.761200463372
1764363,110531921,OAK: WILLOW,4.0,1,,35.21580146815554,-80.85943859607696,1,7,2,512750.0,3897450.0,467.85016714345113
1764364,110531922,OAK: WILLOW,4.0,1,,35.21612139823495,-80.86013194682934,1,7,2,512750.0,3897450.0,430.9919347747198
1764365,110531923,OAK: WILLOW,4.0,1,,35.21622000821966,-80.86033177655165,1,7,2,512750.0,3897450.0,421.37288298398806
1764366,110531924,OAK: WILLOW,4.0,1,,35.21630656884143,-80.86051013613775,1,7,2,512750.0,3897450.0,413.67863504291404
1764367,110531925,OAK: WILLOW,4.0,1,,35.21634600795024,-80.86062681633496,1,7,2,512750.0,3897450.0,410.91865863571843
1764368,110531926,OAK: WILLOW,11.0,1,,35.21648515860354,-80.86091783643408,1,7,2,512750.0,3897450.0,400.9709235490481
1764369,110531927,OAK: WILLOW,14.0,1,,35.21661882825551,-80.86119410684412,1,7,2,512750.0,3897450.0,393.34269278771643
1764839,110532397,OAK: WILLOW,13.0,1,,35.2332793134674,-80.83229224851867,1,2,9,515475.0,3898575.0,411.7854430970838
1764840,110532398,OAK: WILLOW,18.0,1,,35.23333787271343,-80.83221151870855,1,2,9,515475.0,3898575.0,413.6194201506674
1764886,110532444,OAK: WILLOW,18.0,1,,35.21813949931891,-80.84836681316906,1,1,4,513650.0,3897450.0,254.098970241552
1764891,110532449,OAK: WILLOW,19.0,1,435 E MOREHEAD ST,35.21784911925883,-80.84813056324697,1,1,4,513650.0,3897450.0,292.7919713352857
1764892,110532450,OAK: WILLOW,14.0,1,,35.217455758788645,-80.84780793229751,1,1,4,513650.0,3897450.0,345.3544536246505
1764893,110532451,OAK: WILLOW,9.0,1,,35.2171006987292,-80.84751119210594,1,1,4,513650.0,3897450.0,393.09506267615046
1764895,110532453,OAK: WILLOW,13.0,1,,35.216768289379125,-80.84720784222117,1,1,4,513650.0,3897450.0,439.13786994022377
1765033,110532591,OAK: WILLOW,15.0,1,,35.225619111126555,-80.8455179221934,1,5,5,513650.0,3898550.0,626.3153312043904
1765033,110532591,OAK: WILLOW,15.0,1,,35.225619111126555,-80.8455179221934,1,5,5,513650.0,3898550.0,626.3153312043904
1765064,110532622,OAK: NORTHERN RED,12.0,1,,35.226463771335695,-80.83414937900196,1,2,9,515475.0,3898575.0,557.1102497306923
1765064,110532622,OAK: NORTHERN RED,12.0,1,,35.226463771335695,-80.83414937900196,1,2,9,515475.0,3898575.0,557.1102497306923
1765065,110532623,OAK: NORTHERN RED,15.0,1,,35.226406801542,-80.83407695904171,1,2,9,515475.0,3898575.0,557.2349236440996
1765065,110532623,OAK: NORTHERN RED,15.0,1,,35.226406801542,-80.83407695904171,1,2,9,515475.0,3898575.0,557.2349236440996
1765066,110532624,OAK: NORTHERN RED,19.0,1,,35.226469241207695,-80.8350519491278,1,3,7,514550.0,3898550.0,596.446431297324
1765066,110532624,OAK: NORTHERN RED,19.0,1,,35.226469241207695,-80.8350519491278,1,3,7,514550.0,3898550.0,596.446431297324
1765073,110532631,OAK: NORTHERN RED,21.0,1,,35.22658756129275,-80.83489100962278,1,2,9,515475.0,3898575.0,596.4536657785383
1765073,110532631,OAK: NORTHERN RED,21.0,1,,35.22658756129275,-80.83489100962278,1,2,9,515475.0,3898575.0,596.4536657785383
1765085,110532643,OAK: NORTHERN RED,12.0,1,,35.226870201692165,-80.83449538980489,1,2,9,515475.0,3898575.0,548.7191886886416
1765085,110532643,OAK: NORTHERN RED,12.0,1,,35.226870201692165,-80.83449538980489,1,2,9,515475.0,3898575.0,548.7191886886416
1765086,110532644,OAK: NORTHERN RED,12.0,1,,35.22670807125802,-80.8344390594181,1,2,9,515475.0,3898575.0,556.8716163402513
1765086,110532644,OAK: NORTHERN RED,12.0,1,,35.22670807125802,-80.8344390594181,1,2,9,515475.0,3898575.0,556.8716163402513
1765087,110532645,OAK: NORTHERN RED,14.0,1,,35.226648911606546,-80.8343666391594,1,2,9,515475.0,3898575.0,556.5442286912731
1765087,110532645,OAK: NORTHERN RED,14.0,1,,35.226648911606546,-80.8343666391594,1,2,9,515475.0,3898575.0,556.5442286912731
1765088,110532646,OAK: NORTHERN RED,18.0,1,,35.22659851155064,-80.83430762931532,1,2,9,515475.0,3898575.0,556.5625143686601
1765088,110532646,OAK: NORTHERN RED,18.0,1,,35.22659851155064,-80.83430762931532,1,2,9,515475.0,3898575.0,556.5625143686601
1765089,110532647,OAK: NORTHERN RED,12.0,1,,35.226505391634014,-80.8342030287853,1,2,9,515475.0,3898575.0,557.1607764253536
1765089,110532647,OAK: NORTHERN RED,12.0,1,,35.226505391634014,-80.8342030287853,1,2,9,515475.0,3898575.0,557.1607764253536
1765090,110532648,OAK: NORTHERN RED,14.0,1,,35.22622713135083,-80.8338731088535,1,2,9,515475.0,3898575.0,560.0321083898485
1765090,110532648,OAK: NORTHERN RED,14.0,1,,35.22622713135083,-80.8338731088535,1,2,9,515475.0,3898575.0,560.0321083898485
1765091,110532649,OAK: NORTHERN RED,16.0,1,,35.22670040175949,-80.83474482943845,1,2,9,515475.0,3898575.0,578.2060417968613
1765091,110532649,OAK: NORTHERN RED,16.0,1,,35.22670040175949,-80.83474482943845,1,2,9,515475.0,3898575.0,578.2060417968613
1765092,110532650,OAK: NORTHERN RED,13.0,1,,35.22652621136431,-80.83496745959688,1,3,7,514550.0,3898550.0,598.423030623026
1765092,110532650,OAK: NORTHERN RED,13.0,1,,35.22652621136431,-80.83496745959688,1,3,7,514550.0,3898550.0,598.423030623026
1765093,110532651,OAK: NORTHERN RED,17.0,1,,35.226414471742444,-80.83512033914582,1,3,7,514550.0,3898550.0,595.5856133009225
1765093,110532651,OAK: NORTHERN RED,17.0,1,,35.226414471742444,-80.83512033914582,1,3,7,514550.0,3898550.0,595.5856133009225
1765095,110532653,OAK: NORTHERN RED,17.0,1,,35.226318061260926,-80.83525847946385,1,3,7,514550.0,3898550.0,593.1749679729737
1765095,110532653,OAK: NORTHERN RED,17.0,1,,35.226318061260926,-80.83525847946385,1,3,7,514550.0,3898550.0,593.1749679729737
1765096,110532654,OAK: NORTHERN RED,12.0,1,,35.2262665714358,-80.83533223930158,1,3,7,514550.0,3898550.0,592.073049679871
1765096,110532654,OAK: NORTHERN RED,12.0,1,,35.2262665714358,-80.83533223930158,1,3,7,514550.0,3898550.0,592.073049679871
1765097,110532655,OAK: NORTHERN RED,12.0,1,,35.22621837117266,-80.83539526985592,1,3,7,514550.0,3898550.0,591.5550600223097
1765097,110532655,OAK: NORTHERN RED,12.0,1,,35.22621837117266,-80.83539526985592,1,3,7,514550.0,3898550.0,591.5550600223097
1765102,110532660,OAK: NORTHERN RED,7.0,1,649 E 5TH ST,35.22281012025365,-80.83527054933937,1,0,6,514550.0,3897450.0,541.7825121562298
1765103,110532661,OAK: NORTHERN RED,13.0,1,,35.22772908228553,-80.83140950891442,1,2,9,515475.0,3898575.0,296.0039603163513
1765138,110532696,OAK: SHUMARD,8.0,1,,35.221764950256095,-80.84667664302195,1,1,4,513650.0,3897450.0,361.6419954674647
1765138,110532696,OAK: SHUMARD,8.0,1,,35.221764950256095,-80.84667664302195,1,1,4,513650.0,3897450.0,361.6419954674647
1765166,110532724,OAK: SHUMARD,20.0,1,,35.22201363977101,-80.84673565251201,1,1,4,513650.0,3897450.0,373.04854740541634
1765166,110532724,OAK: SHUMARD,20.0,1,,35.22201363977101,-80.84673565251201,1,1,4,513650.0,3897450.0,373.04854740541634
1765173,110532731,OAK: SHUMARD,17.0,1,,35.227887932002616,-80.83328436938027,1,2,9,515475.0,3898575.0,391.7494283712877
1765174,110532732,OAK: SHUMARD,13.0,1,,35.22816728180148,-80.83265270914981,1,2,9,515475.0,3898575.0,327.7954326732181
1765175,110532733,OAK: SHUMARD,10.0,1,,35.228070881624504,-80.83279083904672,1,2,9,515475.0,3898575.0,344.29545498044104
1765180,110532738,OAK: SHUMARD,5.0,1,,35.223819140925094,-80.83496610977762,1,6,8,515475.0,3897450.0,624.8651660097327
1765186,110532744,OAK: SHUMARD,9.0,1,,35.22553601093852,-80.83423596939531,1,2,9,515475.0,3898575.0,640.5063935914861
1765187,110532745,OAK: SHUMARD,11.0,1,,35.226137301796754,-80.83366389943168,1,2,9,515475.0,3898575.0,555.9101620667003
1765187,110532745,OAK: SHUMARD,11.0,1,,35.226137301796754,-80.83366389943168,1,2,9,515475.0,3898575.0,555.9101620667003
1765188,110532746,OAK: SHUMARD,10.0,1,,35.226185501590614,-80.83358477942757,1,2,9,515475.0,3898575.0,547.287642123187
1765188,110532746,OAK: SHUMARD,10.0,1,,35.226185501590614,-80.83358477942757,1,2,9,515475.0,3898575.0,547.287642123187
1765189,110532747,OAK: SHUMARD,15.0,1,,35.22625342163385,-80.8335083294172,1,2,9,515475.0,3898575.0,537.0801664478703
1765189,110532747,OAK: SHUMARD,15.0,1,,35.22625342163385,-80.8335083294172,1,2,9,515475.0,3898575.0,537.0801664478703
1765190,110532748,OAK: SHUMARD,11.0,1,,35.226309301570254,-80.83340640853932,1,2,9,515475.0,3898575.0,526.5465181110172
1765191,110532749,OAK: SHUMARD,5.0,1,,35.22638160130487,-80.83331789870007,1,2,9,515475.0,3898575.0,515.3027742333816
1765192,110532750,OAK: SHUMARD,4.0,1,,35.224824421257836,-80.83550817969362,1,0,6,514550.0,3897450.0,681.9791634223498
1765193,110532751,OAK: SHUMARD,13.0,1,,35.22514727163822,-80.83505068907333,1,3,7,514550.0,3898550.0,699.1597048565703
1765194,110532752,OAK: SHUMARD,13.0,1,,35.22573202116035,-80.83424499961905,1,2,9,515475.0,3898575.0,623.9521826129103
1765195,110532753,OAK: SHUMARD,7.0,1,,35.22638270149422,-80.83305235934347,1,2,9,515475.0,3898575.0,501.14912061625483
1765199,110532757,OAK: SHUMARD,10.0,1,,35.22590429167206,-80.83346548898616,1,2,9,515475.0,3898575.0,566.1679623736575
1765199,110532757,OAK: SHUMARD,10.0,1,,35.22590429167206,-80.83346548898616,1,2,9,515475.0,3898575.0,566.1679623736575
1765200,110532758,OAK: SHUMARD,13.0,1,,35.22575377140689,-80.83329353930387,1,2,9,515475.0,3898575.0,571.4789742142458
1765212,110532770,OAK: SHUMARD,2.0,1,,35.21842327935952,-80.84299665104791,1,0,6,514550.0,3897450.0,313.3675232981679
1765213,110532771,OAK: SHUMARD,2.0,1,,35.21876469967822,-80.84340467159453,1,0,6,514550.0,3897450.0,327.6890046134109
1765214,110532772,OAK: SHUMARD,5.0,1,,35.21899440941993,-80.84326729130018,1,0,6,514550.0,3897450.0,306.35897945373523
1765215,110532773,OAK: SHUMARD,5.0,1,,35.21886343938102,-80.84311799135111,1,0,6,514550.0,3897450.0,299.4043722536859
1765216,110532774,OAK: SHUMARD,8.0,1,,35.21879465959368,-80.84304489142673,1,0,6,514550.0,3897450.0,296.6548213548297
1765217,110532775,OAK: SHUMARD,8.0,1,,35.21873445951034,-80.84296428171747,1,0,6,514550.0,3897450.0,293.17662625523946
1765218,110532776,OAK: SHUMARD,18.0,1,,35.22207171048177,-80.84680002243104,1,1,4,513650.0,3897450.0,372.34035673875246
1765218,110532776,OAK: SHUMARD,18.0,1,,35.22207171048177,-80.84680002243104,1,1,4,513650.0,3897450.0,372.34035673875246
1765219,110532777,OAK: SHUMARD,13.0,1,,35.221953389684685,-80.84666993237055,1,1,4,513650.0,3897450.0,373.91730623534426
1765219,110532777,OAK: SHUMARD,13.0,1,,35.221953389684685,-80.84666993237055,1,1,4,513650.0,3897450.0,373.91730623534426
1765220,110532778,OAK: SHUMARD,16.0,1,,35.22148008970847,-80.84611874189675,1,1,4,513650.0,3897450.0,390.8296252499417
1765220,110532778,OAK: SHUMARD,16.0,1,,35.22148008970847,-80.84611874189675,1,1,4,513650.0,3897450.0,390.8296252499417
1765221,110532779,OAK: SHUMARD,19.0,1,,35.221213870243126,-80.84582101262181,1,1,4,513650.0,3897450.0,404.72269543993247
1765221,110532779,OAK: SHUMARD,19.0,1,,35.221213870243126,-80.84582101262181,1,1,4,513650.0,3897450.0,404.72269543993247
1765222,110532780,OAK: SHUMARD,14.0,1,,35.22114922974029,-80.84574725273585,1,1,4,513650.0,3897450.0,408.74496647173214
1765222,110532780,OAK: SHUMARD,14.0,1,,35.22114922974029,-80.84574725273585,1,1,4,513650.0,3897450.0,408.74496647173214
1765223,110532781,OAK: SHUMARD,17.0,1,,35.221093349829644,-80.84568959222412,1,1,4,513650.0,3897450.0,411.8486055738377
1765223,110532781,OAK: SHUMARD,17.0,1,,35.221093349829644,-80.84568959222412,1,1,4,513650.0,3897450.0,411.8486055738377
1765224,110532782,OAK: SHUMARD,16.0,1,,35.22105061961921,-80.8456466724812,1,1,4,513650.0,3897450.0,414.2113205229922
1765224,110532782,OAK: SHUMARD,16.0,1,,35.22105061961921,-80.8456466724812,1,1,4,513650.0,3897450.0,414.2113205229922
1765243,110532801,OAK: SHUMARD,20.0,1,,35.226916211431735,-80.83227585847668,1,2,9,515475.0,3898575.0,413.13022885770783
1765244,110532802,OAK: SHUMARD,20.0,1,,35.2215819802034,-80.84626358200455,1,1,4,513650.0,3897450.0,383.9817979568556
1765244,110532802,OAK: SHUMARD,20.0,1,,35.2215819802034,-80.84626358200455,1,1,4,513650.0,3897450.0,383.9817979568556
1765245,110532803,OAK: SHUMARD,20.0,1,,35.22141764008277,-80.84605303213007,1,1,4,513650.0,3897450.0,393.4223851609687
1765245,110532803,OAK: SHUMARD,20.0,1,,35.22141764008277,-80.84605303213007,1,1,4,513650.0,3897450.0,393.4223851609687
1765281,110532839,OAK: SHUMARD,27.0,1,,35.222256860116495,-80.84698509296169,1,1,4,513650.0,3897450.0,372.79180125589215
1765281,110532839,OAK: SHUMARD,27.0,1,,35.222256860116495,-80.84698509296169,1,1,4,513650.0,3897450.0,372.79180125589215
1765286,110532844,OAK: SHUMARD,7.0,1,502 E 9TH ST,35.22733141185932,-80.8340729395203,1,2,9,515475.0,3898575.0,486.363520927134
1765286,110532844,OAK: SHUMARD,7.0,1,502 E 9TH ST,35.22733141185932,-80.8340729395203,1,2,9,515475.0,3898575.0,486.363520927134
1765287,110532845,OAK: SHUMARD,12.0,1,,35.22740372180854,-80.8339924693558,1,2,9,515475.0,3898575.0,475.6203795246657
1765287,110532845,OAK: SHUMARD,12.0,1,,35.22740372180854,-80.8339924693558,1,2,9,515475.0,3898575.0,475.6203795246657
1765288,110532846,OAK: SHUMARD,7.0,1,,35.227460681699675,-80.83390931954519,1,2,9,515475.0,3898575.0,465.76449468882527
1765288,110532846,OAK: SHUMARD,7.0,1,,35.227460681699675,-80.83390931954519,1,2,9,515475.0,3898575.0,465.76449468882527
1765289,110532847,OAK: SHUMARD,5.0,1,,35.22848278190113,-80.83245287832993,1,2,9,515475.0,3898575.0,291.45825228275606
1765290,110532848,OAK: SHUMARD,5.0,1,,35.228537562420726,-80.83236436892179,1,2,9,515475.0,3898575.0,281.3720711609164
1765291,110532849,OAK: SHUMARD,5.0,1,,35.224825681481484,-80.8381219898171,1,0,6,514550.0,3897450.0,567.5230760463146
1765291,110532849,OAK: SHUMARD,5.0,1,,35.224825681481484,-80.8381219898171,1,0,6,514550.0,3897450.0,567.5230760463146
1765292,110532850,OAK: SHUMARD,10.0,1,,35.22491251080295,-80.83812693034754,1,0,6,514550.0,3897450.0,576.5104261589155
1765292,110532850,OAK: SHUMARD,10.0,1,,35.22491251080295,-80.83812693034754,1,0,6,514550.0,3897450.0,576.5104261589155
1765293,110532851,OAK: SHUMARD,10.0,1,,35.22499768075978,-80.83810923052094,1,3,7,514550.0,3898550.0,572.8458552793185
1765293,110532851,OAK: SHUMARD,10.0,1,,35.22499768075978,-80.83810923052094,1,3,7,514550.0,3898550.0,572.8458552793185
1765294,110532852,OAK: SHUMARD,11.0,1,,35.22506527110754,-80.8381021403758,1,3,7,514550.0,3898550.0,565.947822172546
1765294,110532852,OAK: SHUMARD,11.0,1,,35.22506527110754,-80.8381021403758,1,3,7,514550.0,3898550.0,565.947822172546
1765295,110532853,OAK: SHUMARD,16.0,1,,35.22516050068898,-80.83810697050842,1,3,7,514550.0,3898550.0,555.8145183733109
1765295,110532853,OAK: SHUMARD,16.0,1,,35.22516050068898,-80.83810697050842,1,3,7,514550.0,3898550.0,555.8145183733109
1765296,110532854,OAK: SHUMARD,12.0,1,,35.22523021088451,-80.83810621979612,1,3,7,514550.0,3898550.0,548.5362144629278
1765296,110532854,OAK: SHUMARD,12.0,1,,35.22523021088451,-80.83810621979612,1,3,7,514550.0,3898550.0,548.5362144629278
1765297,110532855,OAK: SHUMARD,12.0,1,,35.228308601665,-80.83246360887063,1,2,9,515475.0,3898575.0,304.52638496099274
1765298,110532856,OAK: SHUMARD,13.0,1,,35.225302170851016,-80.83811376070489,1,3,7,514550.0,3898550.0,540.7824998280926
1765298,110532856,OAK: SHUMARD,13.0,1,,35.225302170851016,-80.83811376070489,1,3,7,514550.0,3898550.0,540.7824998280926
1765299,110532857,OAK: SHUMARD,10.0,1,,35.228230821662535,-80.83256955845556,1,2,9,515475.0,3898575.0,317.46169592459967
1765300,110532858,OAK: SHUMARD,10.0,1,,35.225371541216674,-80.83814457030428,1,3,7,514550.0,3898550.0,532.5946008767916
1765300,110532858,OAK: SHUMARD,10.0,1,,35.225371541216674,-80.83814457030428,1,3,7,514550.0,3898550.0,532.5946008767916
1765301,110532859,OAK: SHUMARD,10.0,1,,35.228006242035825,-80.83287800939941,1,2,9,515475.0,3898575.0,354.98523785247875
1765302,110532860,OAK: SHUMARD,11.0,1,,35.22546781112519,-80.83818494981091,1,3,7,514550.0,3898550.0,521.3040802432774
1765302,110532860,OAK: SHUMARD,11.0,1,,35.22546781112519,-80.83818494981091,1,3,7,514550.0,3898550.0,521.3040802432774
1765303,110532861,OAK: SHUMARD,11.0,1,,35.22795147161807,-80.83295713863855,1,2,9,515475.0,3898575.0,364.4044296464809
1765304,110532862,OAK: SHUMARD,12.0,1,,35.22789779200856,-80.83304162926193,1,2,9,515475.0,3898575.0,374.1126218199824
1765305,110532863,OAK: SHUMARD,9.0,1,,35.22554832107396,-80.83822578022838,1,3,7,514550.0,3898550.0,511.647081271535
1765305,110532863,OAK: SHUMARD,9.0,1,,35.22554832107396,-80.83822578022838,1,3,7,514550.0,3898550.0,511.647081271535
1765306,110532864,OAK: SHUMARD,13.0,1,,35.227832062186444,-80.83312879887008,1,2,9,515475.0,3898575.0,384.8814044767265
1765307,110532865,OAK: SHUMARD,12.0,1,,35.22559886163026,-80.83827464987702,1,3,7,514550.0,3898550.0,504.8845623350087
1765307,110532865,OAK: SHUMARD,12.0,1,,35.22559886163026,-80.83827464987702,1,3,7,514550.0,3898550.0,504.8845623350087
1765308,110532866,OAK: SHUMARD,15.0,1,503 E 9TH ST,35.22770607225885,-80.83330582871149,1,2,9,515475.0,3898575.0,406.20603791745873
1765309,110532867,OAK: SHUMARD,12.0,1,,35.22578981079892,-80.83850515032472,1,3,7,514550.0,3898550.0,478.1525173592339
1765309,110532867,OAK: SHUMARD,12.0,1,,35.22578981079892,-80.83850515032472,1,3,7,514550.0,3898550.0,478.1525173592339
1765310,110532868,OAK: SHUMARD,12.0,1,503 E 9TH ST,35.22766116192486,-80.83337690858366,1,2,9,515475.0,3898575.0,414.3554826026579
1765310,110532868,OAK: SHUMARD,12.0,1,503 E 9TH ST,35.22766116192486,-80.83337690858366,1,2,9,515475.0,3898575.0,414.3554826026579
1765311,110532869,OAK: SHUMARD,10.0,1,,35.22582268159524,-80.83858805082217,1,3,7,514550.0,3898550.0,472.4255955266536
1765311,110532869,OAK: SHUMARD,10.0,1,,35.22582268159524,-80.83858805082217,1,3,7,514550.0,3898550.0,472.4255955266536
1765312,110532870,OAK: SHUMARD,15.0,1,503 E 9TH ST,35.2276140514085,-80.83344127896073,1,2,9,515475.0,3898575.0,422.2037994111407
1765312,110532870,OAK: SHUMARD,15.0,1,503 E 9TH ST,35.2276140514085,-80.83344127896073,1,2,9,515475.0,3898575.0,422.2037994111407
1765313,110532871,OAK: SHUMARD,10.0,1,,35.22587238140253,-80.83866648015291,1,3,7,514550.0,3898550.0,465.10103107750797
1765313,110532871,OAK: SHUMARD,10.0,1,,35.22587238140253,-80.83866648015291,1,3,7,514550.0,3898550.0,465.10103107750797
1765314,110532872,OAK: SHUMARD,11.0,1,,35.225895051224754,-80.83874303025628,1,3,7,514550.0,3898550.0,460.7699657483483
1765314,110532872,OAK: SHUMARD,11.0,1,,35.225895051224754,-80.83874303025628,1,3,7,514550.0,3898550.0,460.7699657483483
1765315,110532873,OAK: SHUMARD,13.0,1,,35.225931951609056,-80.83884690001884,1,3,7,514550.0,3898550.0,454.36094960624075
1765315,110532873,OAK: SHUMARD,13.0,1,,35.225931951609056,-80.83884690001884,1,3,7,514550.0,3898550.0,454.36094960624075
1765316,110532874,OAK: SHUMARD,10.0,1,,35.22593338145798,-80.83893089074334,1,3,7,514550.0,3898550.0,452.3454985848438
1765316,110532874,OAK: SHUMARD,10.0,1,,35.22593338145798,-80.83893089074334,1,3,7,514550.0,3898550.0,452.3454985848438
1765317,110532875,OAK: SHUMARD,8.0,1,502 E 9TH ST,35.227341272048754,-80.83381946907994,1,2,9,515475.0,3898575.0,468.02351991356636
1765317,110532875,OAK: SHUMARD,8.0,1,502 E 9TH ST,35.227341272048754,-80.83381946907994,1,2,9,515475.0,3898575.0,468.02351991356636
1765318,110532876,OAK: SHUMARD,13.0,1,,35.22592941098566,-80.83902784061634,1,3,7,514550.0,3898550.0,450.77779709398135
1765318,110532876,OAK: SHUMARD,13.0,1,,35.22592941098566,-80.83902784061634,1,3,7,514550.0,3898550.0,450.77779709398135
1765319,110532877,OAK: SHUMARD,13.0,1,,35.22592312120717,-80.83912967057248,1,3,7,514550.0,3898550.0,449.54276308663236
1765319,110532877,OAK: SHUMARD,13.0,1,,35.22592312120717,-80.83912967057248,1,3,7,514550.0,3898550.0,449.54276308663236
1765320,110532878,OAK: SHUMARD,10.0,1,502 E 9TH ST,35.22729745172398,-80.83388517886186,1,2,9,515475.0,3898575.0,475.7247162993625
1765320,110532878,OAK: SHUMARD,10.0,1,502 E 9TH ST,35.22729745172398,-80.83388517886186,1,2,9,515475.0,3898575.0,475.7247162993625
1765321,110532879,OAK: SHUMARD,11.0,1,,35.225926271009136,-80.83926099090118,1,3,7,514550.0,3898550.0,446.9990781706274
1765321,110532879,OAK: SHUMARD,11.0,1,,35.225926271009136,-80.83926099090118,1,3,7,514550.0,3898550.0,446.9990781706274
1765322,110532880,OAK: SHUMARD,4.0,1,502 E 9TH ST,35.22724706169173,-80.83395894871789,1,2,9,515475.0,3898575.0,484.45749800514716
1765322,110532880,OAK: SHUMARD,4.0,1,502 E 9TH ST,35.22724706169173,-80.83395894871789,1,2,9,515475.0,3898575.0,484.45749800514716
1765323,110532881,OAK: SHUMARD,12.0,1,,35.22593010131215,-80.83933818050068,1,3,7,514550.0,3898550.0,445.4300483825112
1765323,110532881,OAK: SHUMARD,12.0,1,,35.22593010131215,-80.83933818050068,1,3,7,514550.0,3898550.0,445.4300483825112
1765324,110532882,OAK: SHUMARD,11.0,1,,35.2271276518883,-80.83412791944492,1,2,9,515475.0,3898575.0,504.75008459340705
1765324,110532882,OAK: SHUMARD,11.0,1,,35.2271276518883,-80.83412791944492,1,2,9,515475.0,3898575.0,504.75008459340705
1765325,110532883,OAK: SHUMARD,11.0,1,,35.225945101465804,-80.83943442045033,1,3,7,514550.0,3898550.0,442.499194717586
1765325,110532883,OAK: SHUMARD,11.0,1,,35.225945101465804,-80.83943442045033,1,3,7,514550.0,3898550.0,442.499194717586
1765326,110532884,OAK: SHUMARD,11.0,1,,35.22705644183926,-80.83423252941527,1,2,9,515475.0,3898575.0,517.1159765780288
1765326,110532884,OAK: SHUMARD,11.0,1,,35.22705644183926,-80.83423252941527,1,2,9,515475.0,3898575.0,517.1159765780288
1765327,110532885,OAK: SHUMARD,14.0,1,,35.22596294142899,-80.8395342912454,1,3,7,514550.0,3898550.0,439.3778272507262
1765327,110532885,OAK: SHUMARD,14.0,1,,35.22596294142899,-80.8395342912454,1,3,7,514550.0,3898550.0,439.3778272507262
1765327,110532885,OAK: SHUMARD,14.0,1,,35.22596294142899,-80.8395342912454,1,3,7,514550.0,3898550.0,439.3778272507262
1765328,110532886,OAK: SHUMARD,14.0,1,,35.22698961197413,-80.83431030951499,1,2,9,515475.0,3898575.0,527.3192160573568
1765328,110532886,OAK: SHUMARD,14.0,1,,35.22698961197413,-80.83431030951499,1,2,9,515475.0,3898575.0,527.3192160573568
1765329,110532887,OAK: SHUMARD,8.0,1,,35.22589198156262,-80.83826119074863,1,3,7,514550.0,3898550.0,474.74353580497683
1765329,110532887,OAK: SHUMARD,8.0,1,,35.22589198156262,-80.83826119074863,1,3,7,514550.0,3898550.0,474.74353580497683
1765330,110532888,OAK: SHUMARD,10.0,1,,35.225972721306654,-80.83815536027626,1,3,7,514550.0,3898550.0,469.92196815016996
1765330,110532888,OAK: SHUMARD,10.0,1,,35.225972721306654,-80.83815536027626,1,3,7,514550.0,3898550.0,469.92196815016996
1765331,110532889,OAK: SHUMARD,10.0,1,,35.226055551607786,-80.83804171053589,1,3,7,514550.0,3898550.0,465.4959246596258
1765331,110532889,OAK: SHUMARD,10.0,1,,35.226055551607786,-80.83804171053589,1,3,7,514550.0,3898550.0,465.4959246596258
1765331,110532889,OAK: SHUMARD,10.0,1,,35.226055551607786,-80.83804171053589,1,3,7,514550.0,3898550.0,465.4959246596258
1765332,110532890,OAK: SHUMARD,10.0,1,,35.22611710113175,-80.837949110058,1,3,7,514550.0,3898550.0,462.7611221128129
1765332,110532890,OAK: SHUMARD,10.0,1,,35.22611710113175,-80.837949110058,1,3,7,514550.0,3898550.0,462.7611221128129
1765332,110532890,OAK: SHUMARD,10.0,1,,35.22611710113175,-80.837949110058,1,3,7,514550.0,3898550.0,462.7611221128129
1765333,110532891,OAK: SHUMARD,9.0,1,,35.22634648180799,-80.83767804069213,1,3,7,514550.0,3898550.0,451.3766065020075
1765333,110532891,OAK: SHUMARD,9.0,1,,35.22634648180799,-80.83767804069213,1,3,7,514550.0,3898550.0,451.3766065020075
1765333,110532891,OAK: SHUMARD,9.0,1,,35.22634648180799,-80.83767804069213,1,3,7,514550.0,3898550.0,451.3766065020075
1765334,110532892,OAK: SHUMARD,10.0,1,,35.22641166160206,-80.83758705983306,1,3,7,514550.0,3898550.0,449.24546283602643
1765334,110532892,OAK: SHUMARD,10.0,1,,35.22641166160206,-80.83758705983306,1,3,7,514550.0,3898550.0,449.24546283602643
1765334,110532892,OAK: SHUMARD,10.0,1,,35.22641166160206,-80.83758705983306,1,3,7,514550.0,3898550.0,449.24546283602643
1765335,110532893,OAK: SHUMARD,13.0,1,,35.226465681325884,-80.83751654044697,1,3,7,514550.0,3898550.0,447.4421704943589
1765335,110532893,OAK: SHUMARD,13.0,1,,35.226465681325884,-80.83751654044697,1,3,7,514550.0,3898550.0,447.4421704943589
1765335,110532893,OAK: SHUMARD,13.0,1,,35.226465681325884,-80.83751654044697,1,3,7,514550.0,3898550.0,447.4421704943589
1765336,110532894,OAK: SHUMARD,16.0,1,,35.22651402108631,-80.83744624004771,1,3,7,514550.0,3898550.0,446.32310461712916
1765336,110532894,OAK: SHUMARD,16.0,1,,35.22651402108631,-80.83744624004771,1,3,7,514550.0,3898550.0,446.32310461712916
1765336,110532894,OAK: SHUMARD,16.0,1,,35.22651402108631,-80.83744624004771,1,3,7,514550.0,3898550.0,446.32310461712916
1765337,110532895,OAK: SHUMARD,11.0,1,,35.226559151372385,-80.83737573970231,1,3,7,514550.0,3898550.0,445.6634330696501
1765337,110532895,OAK: SHUMARD,11.0,1,,35.226559151372385,-80.83737573970231,1,3,7,514550.0,3898550.0,445.6634330696501
1765337,110532895,OAK: SHUMARD,11.0,1,,35.226559151372385,-80.83737573970231,1,3,7,514550.0,3898550.0,445.6634330696501
1765338,110532896,OAK: SHUMARD,11.0,1,,35.22662070130296,-80.83728842008972,1,3,7,514550.0,3898550.0,444.53869188787485
1765338,110532896,OAK: SHUMARD,11.0,1,,35.22662070130296,-80.83728842008972,1,3,7,514550.0,3898550.0,444.53869188787485
1765338,110532896,OAK: SHUMARD,11.0,1,,35.22662070130296,-80.83728842008972,1,3,7,514550.0,3898550.0,444.53869188787485
1765339,110532897,OAK: SHUMARD,11.0,1,,35.22667164179189,-80.83721344996064,1,3,7,514550.0,3898550.0,443.9382525416144
1765339,110532897,OAK: SHUMARD,11.0,1,,35.22667164179189,-80.83721344996064,1,3,7,514550.0,3898550.0,443.9382525416144
1765339,110532897,OAK: SHUMARD,11.0,1,,35.22667164179189,-80.83721344996064,1,3,7,514550.0,3898550.0,443.9382525416144
1765340,110532898,OAK: SHUMARD,10.0,1,,35.226779141639845,-80.83706272965046,1,3,7,514550.0,3898550.0,442.8237119069328
1765340,110532898,OAK: SHUMARD,10.0,1,,35.226779141639845,-80.83706272965046,1,3,7,514550.0,3898550.0,442.8237119069328
1765340,110532898,OAK: SHUMARD,10.0,1,,35.226779141639845,-80.83706272965046,1,3,7,514550.0,3898550.0,442.8237119069328
1765341,110532899,OAK: SHUMARD,2.0,1,,35.22795209151622,-80.83537254011794,1,3,7,514550.0,3898550.0,481.4408405267217
1765341,110532899,OAK: SHUMARD,2.0,1,,35.22795209151622,-80.83537254011794,1,3,7,514550.0,3898550.0,481.4408405267217
1765342,110532900,OAK: SHUMARD,4.0,1,,35.22806498186615,-80.8351967197823,1,3,7,514550.0,3898550.0,490.4775273875795
1765342,110532900,OAK: SHUMARD,4.0,1,,35.22806498186615,-80.8351967197823,1,3,7,514550.0,3898550.0,490.4775273875795
1765343,110532901,OAK: SHUMARD,4.0,1,,35.228158791914026,-80.835057629995,1,3,7,514550.0,3898550.0,497.9037935028847
1765343,110532901,OAK: SHUMARD,4.0,1,,35.228158791914026,-80.835057629995,1,3,7,514550.0,3898550.0,497.9037935028847
1765344,110532902,OAK: SHUMARD,7.0,1,320 E 9TH ST,35.22821433153174,-80.83497703915754,1,3,7,514550.0,3898550.0,502.352134570734
1765344,110532902,OAK: SHUMARD,7.0,1,320 E 9TH ST,35.22821433153174,-80.83497703915754,1,3,7,514550.0,3898550.0,502.352134570734
1765345,110532903,OAK: SHUMARD,7.0,1,,35.22828779162606,-80.83486357968783,1,2,9,515475.0,3898575.0,491.7236459860685
1765345,110532903,OAK: SHUMARD,7.0,1,,35.22828779162606,-80.83486357968783,1,2,9,515475.0,3898575.0,491.7236459860685
1765346,110532904,OAK: SHUMARD,9.0,1,,35.22835681158008,-80.83475561958032,1,2,9,515475.0,3898575.0,479.63154292171714
1765346,110532904,OAK: SHUMARD,9.0,1,,35.22835681158008,-80.83475561958032,1,2,9,515475.0,3898575.0,479.63154292171714
1765347,110532905,OAK: SHUMARD,14.0,1,,35.225873281361906,-80.8358847692942,1,3,7,514550.0,3898550.0,588.6052301822042
1765347,110532905,OAK: SHUMARD,14.0,1,,35.225873281361906,-80.8358847692942,1,3,7,514550.0,3898550.0,588.6052301822042
1765348,110532906,OAK: SHUMARD,18.0,1,,35.22582836169627,-80.83598534948987,1,3,7,514550.0,3898550.0,586.502841776799
1765348,110532906,OAK: SHUMARD,18.0,1,,35.22582836169627,-80.83598534948987,1,3,7,514550.0,3898550.0,586.502841776799
1765349,110532907,OAK: SHUMARD,16.0,1,,35.22575934109187,-80.83607788925089,1,3,7,514550.0,3898550.0,587.1231689441971
1765349,110532907,OAK: SHUMARD,16.0,1,,35.22575934109187,-80.83607788925089,1,3,7,514550.0,3898550.0,587.1231689441971
1765350,110532908,OAK: SHUMARD,16.0,1,,35.22570347117403,-80.83615030990218,1,3,7,514550.0,3898550.0,587.9246156940816
1765350,110532908,OAK: SHUMARD,16.0,1,,35.22570347117403,-80.83615030990218,1,3,7,514550.0,3898550.0,587.9246156940816
1765351,110532909,OAK: SHUMARD,13.0,1,,35.2255391409683,-80.83638902971985,1,3,7,514550.0,3898550.0,589.7348762682806
1765351,110532909,OAK: SHUMARD,13.0,1,,35.2255391409683,-80.83638902971985,1,3,7,514550.0,3898550.0,589.7348762682806
1765352,110532910,OAK: SHUMARD,9.0,1,,35.22547122095525,-80.83648423950027,1,3,7,514550.0,3898550.0,591.0541628254306
1765352,110532910,OAK: SHUMARD,9.0,1,,35.22547122095525,-80.83648423950027,1,3,7,514550.0,3898550.0,591.0541628254306
1765353,110532911,OAK: SHUMARD,12.0,1,,35.22540987114606,-80.83656470989007,1,3,7,514550.0,3898550.0,592.7076955740025
1765353,110532911,OAK: SHUMARD,12.0,1,,35.22540987114606,-80.83656470989007,1,3,7,514550.0,3898550.0,592.7076955740025
1765354,110532912,OAK: SHUMARD,11.0,1,,35.225349611468225,-80.83664249954498,1,3,7,514550.0,3898550.0,594.5512639476007
1765354,110532912,OAK: SHUMARD,11.0,1,,35.225349611468225,-80.83664249954498,1,3,7,514550.0,3898550.0,594.5512639476007
1765355,110532913,OAK: SHUMARD,6.0,1,,35.22526307100224,-80.83665724951659,1,3,7,514550.0,3898550.0,602.0139702709707
1765355,110532913,OAK: SHUMARD,6.0,1,,35.22526307100224,-80.83665724951659,1,3,7,514550.0,3898550.0,602.0139702709707
1765356,110532914,OAK: SHUMARD,16.0,1,,35.22830186230264,-80.83435878902397,1,2,9,515475.0,3898575.0,449.54019123443027
1765356,110532914,OAK: SHUMARD,16.0,1,,35.22830186230264,-80.83435878902397,1,2,9,515475.0,3898575.0,449.54019123443027
1765357,110532915,OAK: SHUMARD,6.0,1,228 N CALDWELL ST,35.22518747105068,-80.83655666020007,1,3,7,514550.0,3898550.0,613.948007401681
1765357,110532915,OAK: SHUMARD,6.0,1,228 N CALDWELL ST,35.22518747105068,-80.83655666020007,1,3,7,514550.0,3898550.0,613.948007401681
1765358,110532916,OAK: SHUMARD,10.0,1,,35.22823463193716,-80.83428947880087,1,2,9,515475.0,3898575.0,447.3190759159387
1765358,110532916,OAK: SHUMARD,10.0,1,,35.22823463193716,-80.83428947880087,1,2,9,515475.0,3898575.0,447.3190759159387
1765359,110532917,OAK: SHUMARD,13.0,1,505 E 6TH ST #401,35.225118461564186,-80.83648423958762,1,3,7,514550.0,3898550.0,623.9246017025421
1765360,110532918,OAK: SHUMARD,12.0,1,505 E 6TH ST #401,35.22503739082419,-80.83638902993661,1,3,7,514550.0,3898550.0,636.139100841235
1765361,110532919,OAK: SHUMARD,11.0,1,,35.22495741090832,-80.83629916973345,1,3,7,514550.0,3898550.0,648.0015918079395
1765362,110532920,OAK: SHUMARD,13.0,1,525 E 6TH ST #101,35.224790890946345,-80.83610202926756,1,0,6,514550.0,3897450.0,647.033224995624
1765363,110532921,OAK: SHUMARD,16.0,1,,35.22816945150263,-80.8342157888209,1,2,9,515475.0,3898575.0,444.84229988073093
1765363,110532921,OAK: SHUMARD,16.0,1,,35.22816945150263,-80.8342157888209,1,2,9,515475.0,3898575.0,444.84229988073093
1765364,110532922,OAK: SHUMARD,11.0,1,,35.22779479166867,-80.83375908943664,1,2,9,515475.0,3898575.0,432.25907978694164
1765364,110532922,OAK: SHUMARD,11.0,1,,35.22779479166867,-80.83375908943664,1,2,9,515475.0,3898575.0,432.25907978694164
1765365,110532923,OAK: SHUMARD,16.0,1,,35.2249234513058,-80.83726476978269,1,0,6,514550.0,3897450.0,606.9085109852472
1765365,110532923,OAK: SHUMARD,16.0,1,,35.2249234513058,-80.83726476978269,1,0,6,514550.0,3897450.0,606.9085109852472
1765374,110532932,OAK: SHUMARD,13.0,1,,35.22366795095435,-80.83670418922534,1,0,6,514550.0,3897450.0,513.950864509782
1765374,110532932,OAK: SHUMARD,13.0,1,,35.22366795095435,-80.83670418922534,1,0,6,514550.0,3897450.0,513.950864509782
1765375,110532933,OAK: SHUMARD,11.0,1,,35.223608791111054,-80.83663578924275,1,0,6,514550.0,3897450.0,512.5725363716416
1765375,110532933,OAK: SHUMARD,11.0,1,,35.223608791111054,-80.83663578924275,1,0,6,514550.0,3897450.0,512.5725363716416
1765376,110532934,OAK: SHUMARD,11.0,1,,35.22352881120607,-80.83653923015707,1,0,6,514550.0,3897450.0,511.1949346977742
1765377,110532935,OAK: SHUMARD,11.0,1,,35.22347075056798,-80.83645876010266,1,0,6,514550.0,3897450.0,510.99932429757536
1765378,110532936,OAK: SHUMARD,11.0,1,613 E 5TH ST,35.223407210703435,-80.83637561971726,1,0,6,514550.0,3897450.0,510.69924240438945
1765379,110532937,OAK: SHUMARD,13.0,1,613 E 5TH ST,35.223331611137546,-80.83628977933292,1,0,6,514550.0,3897450.0,509.79978532432847
1765380,110532938,OAK: SHUMARD,10.0,1,E 5TH ST,35.22327026067715,-80.83620797961555,1,0,6,514550.0,3897450.0,510.02911991889187
1765381,110532939,OAK: SHUMARD,9.0,1,E 5TH ST,35.22319576100095,-80.83612884913065,1,0,6,514550.0,3897450.0,509.2619347894203
1765382,110532940,OAK: SHUMARD,13.0,1,E 5TH ST,35.223137700295204,-80.83604301999803,1,0,6,514550.0,3897450.0,510.42362501438896
1765383,110532941,OAK: SHUMARD,9.0,1,,35.22306868041165,-80.83596389904457,1,0,6,514550.0,3897450.0,510.5143815836441
1765384,110532942,OAK: SHUMARD,13.0,1,,35.2230007503693,-80.83588074950806,1,0,6,514550.0,3897450.0,511.17740877465087
1765385,110532943,OAK: SHUMARD,13.0,1,,35.22293612051197,-80.83580161899765,1,0,6,514550.0,3897450.0,512.0156265839428
1765386,110532944,OAK: SHUMARD,13.0,1,,35.2228627104179,-80.83571578944263,1,0,6,514550.0,3897450.0,512.9218576325966
1765387,110532945,OAK: SHUMARD,13.0,1,,35.22278931024793,-80.83563666920804,1,0,6,514550.0,3897450.0,513.5894425090547
1765388,110532946,OAK: SHUMARD,14.0,1,649 E 5TH ST,35.22291639031913,-80.83514849973892,1,0,6,514550.0,3897450.0,557.6733779659235
1765389,110532947,OAK: SHUMARD,11.0,1,,35.223736970685025,-80.83486686904551,1,6,8,515475.0,3897450.0,612.0441113455798
1765390,110532948,OAK: SHUMARD,13.0,1,,35.22366247135975,-80.83477701878735,1,6,8,515475.0,3897450.0,600.4286427573359
1765391,110532949,OAK: SHUMARD,12.0,1,,35.2235792104888,-80.83467643866267,1,6,8,515475.0,3897450.0,587.4366818463052
1765392,110532950,OAK: SHUMARD,11.0,1,,35.22350033128579,-80.83459060933555,1,6,8,515475.0,3897450.0,575.7587846910135
1765393,110532951,OAK: SHUMARD,16.0,1,,35.223415970580824,-80.83448465939644,1,6,8,515475.0,3897450.0,562.3271419734348
1765394,110532952,OAK: SHUMARD,17.0,1,,35.223340381273765,-80.8343988287103,1,6,8,515475.0,3897450.0,550.8996461354014
1765411,110532969,OAK: SHUMARD,10.0,1,,35.2258757911452,-80.83375452937042,1,2,9,515475.0,3898575.0,584.0271969702711
1765411,110532969,OAK: SHUMARD,10.0,1,,35.2258757911452,-80.83375452937042,1,2,9,515475.0,3898575.0,584.0271969702711
1765412,110532970,OAK: SHUMARD,12.0,1,,35.225814121653116,-80.8338382484824,1,2,9,515475.0,3898575.0,594.0602018899363
1765412,110532970,OAK: SHUMARD,12.0,1,,35.225814121653116,-80.8338382484824,1,2,9,515475.0,3898575.0,594.0602018899363
1765413,110532971,OAK: SHUMARD,14.0,1,,35.22570817102024,-80.8339948691712,1,2,9,515475.0,3898575.0,612.0146344306582
1765414,110532972,OAK: SHUMARD,8.0,1,,35.22565075148547,-80.83407698931043,1,2,9,515475.0,3898575.0,621.6053784344023
1765415,110532973,OAK: SHUMARD,9.0,1,,35.22541894104956,-80.83439781933205,1,2,9,515475.0,3898575.0,659.7929321285332
1765416,110532974,OAK: SHUMARD,9.0,1,,35.22390511046451,-80.83650161980209,1,0,6,514550.0,3897450.0,546.0464288895117
1765416,110532974,OAK: SHUMARD,9.0,1,,35.22390511046451,-80.83650161980209,1,0,6,514550.0,3897450.0,546.0464288895117
1765417,110532975,OAK: SHUMARD,11.0,1,,35.22384282077294,-80.83659874002349,1,0,6,514550.0,3897450.0,535.2126490065535
1765417,110532975,OAK: SHUMARD,11.0,1,,35.22384282077294,-80.83659874002349,1,0,6,514550.0,3897450.0,535.2126490065535
1765418,110532976,OAK: SHUMARD,14.0,1,122 N DAVIDSON ST,35.223526810860406,-80.83700091958917,1,0,6,514550.0,3897450.0,485.29723521832915
1765418,110532976,OAK: SHUMARD,14.0,1,122 N DAVIDSON ST,35.223526810860406,-80.83700091958917,1,0,6,514550.0,3897450.0,485.29723521832915
1765419,110532977,OAK: SHUMARD,10.0,1,122 N DAVIDSON ST,35.223489850333,-80.83706560037723,1,0,6,514550.0,3897450.0,478.53457222669107
1765419,110532977,OAK: SHUMARD,10.0,1,122 N DAVIDSON ST,35.223489850333,-80.83706560037723,1,0,6,514550.0,3897450.0,478.53457222669107
1765420,110532978,OAK: SHUMARD,12.0,1,122 N DAVIDSON ST,35.22345074065335,-80.83710116946878,1,0,6,514550.0,3897450.0,473.1237820400634
1765420,110532978,OAK: SHUMARD,12.0,1,122 N DAVIDSON ST,35.22345074065335,-80.83710116946878,1,0,6,514550.0,3897450.0,473.1237820400634
1765421,110532979,OAK: SHUMARD,12.0,1,122 N DAVIDSON ST,35.223409540436585,-80.8371738193793,1,0,6,514550.0,3897450.0,465.57159522174624
1765421,110532979,OAK: SHUMARD,12.0,1,122 N DAVIDSON ST,35.223409540436585,-80.8371738193793,1,0,6,514550.0,3897450.0,465.57159522174624
1765422,110532980,OAK: SHUMARD,12.0,1,122 N DAVIDSON ST,35.2233763103481,-80.8372259396847,1,0,6,514550.0,3897450.0,459.8298414465547
1765422,110532980,OAK: SHUMARD,12.0,1,122 N DAVIDSON ST,35.2233763103481,-80.8372259396847,1,0,6,514550.0,3897450.0,459.8298414465547
1765423,110532981,OAK: SHUMARD,17.0,1,122 N DAVIDSON ST,35.22333901112334,-80.83729539988217,1,0,6,514550.0,3897450.0,452.82597499137734
1765423,110532981,OAK: SHUMARD,17.0,1,122 N DAVIDSON ST,35.22333901112334,-80.83729539988217,1,0,6,514550.0,3897450.0,452.82597499137734
1765424,110532982,OAK: SHUMARD,14.0,1,,35.223233340281446,-80.83745400976655,1,0,6,514550.0,3897450.0,435.01345255527804
1765424,110532982,OAK: SHUMARD,14.0,1,,35.223233340281446,-80.83745400976655,1,0,6,514550.0,3897450.0,435.01345255527804
1765425,110532983,OAK: SHUMARD,17.0,1,525 N DAVIDSON ST,35.22650978178232,-80.83314220884596,1,2,9,515475.0,3898575.0,494.37256381714445
1765426,110532984,OAK: SHUMARD,12.0,1,,35.22318965062094,-80.8375211302668,1,0,6,514550.0,3897450.0,427.59050284916293
1765426,110532984,OAK: SHUMARD,12.0,1,,35.22318965062094,-80.8375211302668,1,0,6,514550.0,3897450.0,427.59050284916293
1765427,110532985,OAK: SHUMARD,18.0,1,525 N DAVIDSON ST,35.22655579124237,-80.8330805185278,1,2,9,515475.0,3898575.0,486.94299502347127
1765428,110532986,OAK: SHUMARD,14.0,1,,35.2231452107089,-80.83759056971383,1,0,6,514550.0,3897450.0,419.99574437121305
1765428,110532986,OAK: SHUMARD,14.0,1,,35.2231452107089,-80.83759056971383,1,0,6,514550.0,3897450.0,419.99574437121305
1765429,110532987,OAK: SHUMARD,15.0,1,,35.22311070071011,-80.83765926951772,1,0,6,514550.0,3897450.0,413.37833282091975
1765429,110532987,OAK: SHUMARD,15.0,1,,35.22311070071011,-80.83765926951772,1,0,6,514550.0,3897450.0,413.37833282091975
1765430,110532988,OAK: SHUMARD,14.0,1,,35.223062910721694,-80.83770156004461,1,0,6,514550.0,3897450.0,406.83854056453316
1765430,110532988,OAK: SHUMARD,14.0,1,,35.223062910721694,-80.83770156004461,1,0,6,514550.0,3897450.0,406.83854056453316
1765431,110532989,OAK: SHUMARD,14.0,1,601 N DAVIDSON ST,35.226956751417056,-80.83250384873679,1,2,9,515475.0,3898575.0,420.4470634017213
1765432,110532990,OAK: SHUMARD,14.0,1,,35.223020761010076,-80.83776796018,1,0,6,514550.0,3897450.0,399.6450776249284
1765432,110532990,OAK: SHUMARD,14.0,1,,35.223020761010076,-80.83776796018,1,0,6,514550.0,3897450.0,399.6450776249284
1765433,110532991,OAK: SHUMARD,14.0,1,,35.22706192203507,-80.83235632846215,1,2,9,515475.0,3898575.0,403.3180765238177
1765434,110532992,OAK: SHUMARD,11.0,1,,35.22308826026438,-80.83792868985746,1,0,6,514550.0,3897450.0,398.4600848410771
1765434,110532992,OAK: SHUMARD,11.0,1,,35.22308826026438,-80.83792868985746,1,0,6,514550.0,3897450.0,398.4600848410771
1765435,110532993,OAK: SHUMARD,14.0,1,,35.22313338096885,-80.83787088968423,1,0,6,514550.0,3897450.0,405.43093155708056
1765435,110532993,OAK: SHUMARD,14.0,1,,35.22313338096885,-80.83787088968423,1,0,6,514550.0,3897450.0,405.43093155708056
1765436,110532994,OAK: SHUMARD,14.0,1,,35.22712436217003,-80.83227451864306,1,2,9,515475.0,3898575.0,393.4598441964174
1765437,110532995,OAK: SHUMARD,9.0,1,,35.227239391654514,-80.83210955845827,1,2,9,515475.0,3898575.0,374.6559880023268
1765438,110532996,OAK: SHUMARD,11.0,1,,35.22316769051439,-80.83780916029748,1,0,6,514550.0,3897450.0,411.5632629410536
1765438,110532996,OAK: SHUMARD,11.0,1,,35.22316769051439,-80.83780916029748,1,0,6,514550.0,3897450.0,411.5632629410536
1765439,110532997,OAK: SHUMARD,10.0,1,,35.223204320409295,-80.83776614990457,1,0,6,514550.0,3897450.0,417.0577944594138
1765439,110532997,OAK: SHUMARD,10.0,1,,35.223204320409295,-80.83776614990457,1,0,6,514550.0,3897450.0,417.0577944594138
1765440,110532998,OAK: SHUMARD,14.0,1,,35.22729416203596,-80.8320210488489,1,2,9,515475.0,3898575.0,365.2641179925269
1765441,110532999,OAK: SHUMARD,10.0,1,,35.2232480804737,-80.83770841005789,1,0,6,514550.0,3897450.0,423.92636708359936
1765441,110532999,OAK: SHUMARD,10.0,1,,35.2232480804737,-80.83770841005789,1,0,6,514550.0,3897450.0,423.92636708359936
1765442,110533000,OAK: SHUMARD,8.0,1,,35.22743439180936,-80.83182926808846,1,2,9,515475.0,3898575.0,342.9795549964078
1765443,110533001,OAK: SHUMARD,8.0,1,,35.22750450211353,-80.83174075805624,1,2,9,515475.0,3898575.0,332.22535755177165
1765444,110533002,OAK: SHUMARD,10.0,1,,35.223293961160714,-80.83764224001784,1,0,6,514550.0,3897450.0,431.4055979877571
1765444,110533002,OAK: SHUMARD,10.0,1,,35.223293961160714,-80.83764224001784,1,0,6,514550.0,3897450.0,431.4055979877571
1765445,110533003,OAK: SHUMARD,15.0,1,,35.223345730757266,-80.83756867959703,1,0,6,514550.0,3897450.0,439.80874028775594
1765445,110533003,OAK: SHUMARD,15.0,1,,35.223345730757266,-80.83756867959703,1,0,6,514550.0,3897450.0,439.80874028775594
1765446,110533004,OAK: SHUMARD,11.0,1,,35.22754613181811,-80.83167369892189,1,2,9,515475.0,3898575.0,325.2103003828078
1765447,110533005,OAK: SHUMARD,13.0,1,,35.22760857194795,-80.8315825086633,1,2,9,515475.0,3898575.0,315.1493303266094
1765451,110533009,OAK: SHUMARD,7.0,1,,35.22439755094047,-80.83610449930944,1,0,6,514550.0,3897450.0,611.416443338061
1765453,110533011,OAK: SHUMARD,5.0,1,525 E 6TH ST #101,35.22469859104618,-80.83568370976766,1,0,6,514550.0,3897450.0,661.1604760606172
1765455,110533013,OAK: SHUMARD,9.0,1,,35.22475255085478,-80.83561070934816,1,0,6,514550.0,3897450.0,669.9584219196873
1765458,110533016,OAK: SHUMARD,15.0,1,,35.22495187133293,-80.83532391955997,1,3,7,514550.0,3898550.0,699.9170457517939
1765460,110533018,OAK: SHUMARD,12.0,1,,35.22501959095444,-80.83522408896795,1,3,7,514550.0,3898550.0,699.7750896405146
1765461,110533019,OAK: SHUMARD,11.0,1,,35.225095591081164,-80.83512222964733,1,3,7,514550.0,3898550.0,699.2515455389193
1765462,110533020,OAK: SHUMARD,19.0,1,702 N DAVIDSON ST,35.227614052242245,-80.83129550850437,1,2,9,515475.0,3898575.0,303.0540121785518
1765463,110533021,OAK: SHUMARD,15.0,1,,35.22756366171371,-80.8313652486717,1,2,9,515475.0,3898575.0,310.76525496283693
1765464,110533022,OAK: SHUMARD,15.0,1,,35.22732374160142,-80.83171393864238,1,2,9,515475.0,3898575.0,348.65495847792107
1765465,110533023,OAK: SHUMARD,18.0,1,624 N DAVIDSON ST,35.22720652164983,-80.83186681836847,1,2,9,515475.0,3898575.0,366.67872670123927
1765466,110533024,OAK: SHUMARD,18.0,1,,35.22544342165394,-80.83462635899406,1,2,9,515475.0,3898575.0,670.6918744164657
1765467,110533025,OAK: SHUMARD,15.0,1,,35.225503401148856,-80.83455262916735,1,2,9,515475.0,3898575.0,661.2918903267923
1765468,110533026,OAK: SHUMARD,14.0,1,624 N DAVIDSON ST,35.227084921480724,-80.83203713822265,1,2,9,515475.0,3898575.0,386.00661513478906
1765469,110533027,OAK: SHUMARD,17.0,1,,35.22555654135907,-80.83448011866793,1,2,9,515475.0,3898575.0,652.5503017930911
1765470,110533028,OAK: SHUMARD,17.0,1,,35.225607071601026,-80.8344033695201,1,2,9,515475.0,3898575.0,643.7923646376829
1765471,110533029,OAK: SHUMARD,13.0,1,,35.2263279217477,-80.83312209859528,1,2,9,515475.0,3898575.0,509.7520387416909
1765472,110533030,OAK: SHUMARD,14.0,1,,35.22576080142827,-80.83420654858612,1,2,9,515475.0,3898575.0,619.2710266478928
1765473,110533031,OAK: SHUMARD,4.0,1,,35.2262841015875,-80.8331810987048,1,2,9,515475.0,3898575.0,516.8052114797777
1765474,110533032,OAK: SHUMARD,8.0,1,,35.226112101631045,-80.83344261924118,1,2,9,515475.0,3898575.0,546.12466258611
1765474,110533032,OAK: SHUMARD,8.0,1,,35.226112101631045,-80.83344261924118,1,2,9,515475.0,3898575.0,546.12466258611
1765475,110533033,OAK: SHUMARD,4.0,1,,35.22605623188294,-80.83350430900856,1,2,9,515475.0,3898575.0,554.4337137214613
1765475,110533033,OAK: SHUMARD,4.0,1,,35.22605623188294,-80.83350430900856,1,2,9,515475.0,3898575.0,554.4337137214613
1765476,110533034,OAK: SHUMARD,11.0,1,,35.22598488112303,-80.8338733295863,1,2,9,515475.0,3898575.0,580.9504105965199
1765476,110533034,OAK: SHUMARD,11.0,1,,35.22598488112303,-80.8338733295863,1,2,9,515475.0,3898575.0,580.9504105965199
1765480,110533038,OAK: SHUMARD,9.0,1,,35.22460979128107,-80.83366323943098,1,6,8,515475.0,3897450.0,615.6974040912299
1765481,110533039,OAK: SHUMARD,10.0,1,,35.224671071353654,-80.83358634921055,1,6,8,515475.0,3897450.0,617.6253215111373
1765500,110533058,OAK: SHUMARD,2.0,1,,35.21828503940356,-80.84282923118417,1,0,6,514550.0,3897450.0,309.8102646011422
1765501,110533059,OAK: SHUMARD,2.0,1,,35.21835575950839,-80.84291139129195,1,0,6,514550.0,3897450.0,311.1887993591977
1765502,110533060,OAK: SHUMARD,2.0,1,,35.21850396985224,-80.84308417121785,1,0,6,514550.0,3897450.0,315.31492330634796
1765503,110533061,OAK: SHUMARD,2.0,1,,35.21863382951208,-80.84325782198572,1,0,6,514550.0,3897450.0,322.01153856687915
1765504,110533062,OAK: SHUMARD,2.0,1,,35.21867912939344,-80.84331079103373,1,0,6,514550.0,3897450.0,324.02629249346336
1765505,110533063,OAK: SHUMARD,7.0,1,,35.21866108956012,-80.84288798097862,1,0,6,514550.0,3897450.0,291.0665102634311
1765506,110533064,OAK: SHUMARD,13.0,1,,35.21846705928124,-80.84266248110448,1,0,6,514550.0,3897450.0,285.58607780385955
1765507,110533065,OAK: SHUMARD,11.0,1,,35.218340629575565,-80.84250350090704,1,0,6,514550.0,3897450.0,282.79901630498006
1765515,110533073,OAK: SHUMARD,8.0,1,,35.220268510111,-80.84472796160446,1,0,6,514550.0,3897450.0,420.4189008141218
1765515,110533073,OAK: SHUMARD,8.0,1,,35.220268510111,-80.84472796160446,1,0,6,514550.0,3897450.0,420.4189008141218
1765516,110533074,OAK: SHUMARD,9.0,1,,35.22034755025407,-80.84480839217731,1,0,6,514550.0,3897450.0,428.4655360333525
1765516,110533074,OAK: SHUMARD,9.0,1,,35.22034755025407,-80.84480839217731,1,0,6,514550.0,3897450.0,428.4655360333525
1765517,110533075,OAK: SHUMARD,9.0,1,,35.220417170267694,-80.84488923251584,1,0,6,514550.0,3897450.0,436.5820054107331
1765517,110533075,OAK: SHUMARD,9.0,1,,35.220417170267694,-80.84488923251584,1,0,6,514550.0,3897450.0,436.5820054107331
1765518,110533076,OAK: SHUMARD,8.0,1,401 E STONEWALL ST,35.22048324963565,-80.84497846170166,1,0,6,514550.0,3897450.0,445.51388055166285
1765518,110533076,OAK: SHUMARD,8.0,1,401 E STONEWALL ST,35.22048324963565,-80.84497846170166,1,0,6,514550.0,3897450.0,445.51388055166285
1765519,110533077,OAK: SHUMARD,8.0,1,401 E STONEWALL ST,35.22056261022787,-80.8450366916154,1,0,6,514550.0,3897450.0,451.9486865989016
1765519,110533077,OAK: SHUMARD,8.0,1,401 E STONEWALL ST,35.22056261022787,-80.8450366916154,1,0,6,514550.0,3897450.0,451.9486865989016
1765520,110533078,OAK: SHUMARD,9.0,1,401 E STONEWALL ST,35.220643749558626,-80.84513973252162,1,1,4,513650.0,3897450.0,449.2026786937167
1765520,110533078,OAK: SHUMARD,9.0,1,401 E STONEWALL ST,35.220643749558626,-80.84513973252162,1,1,4,513650.0,3897450.0,449.2026786937167
1765521,110533079,OAK: SHUMARD,10.0,1,401 E STONEWALL ST,35.22069848998563,-80.84520638260956,1,1,4,513650.0,3897450.0,444.24883580393043
1765521,110533079,OAK: SHUMARD,10.0,1,401 E STONEWALL ST,35.22069848998563,-80.84520638260956,1,1,4,513650.0,3897450.0,444.24883580393043
1765522,110533080,OAK: SHUMARD,17.0,1,,35.222199889818796,-80.84692743244815,1,1,4,513650.0,3897450.0,372.50029918016145
1765522,110533080,OAK: SHUMARD,17.0,1,,35.222199889818796,-80.84692743244815,1,1,4,513650.0,3897450.0,372.50029918016145
1765523,110533081,OAK: SHUMARD,14.0,1,,35.22188875037599,-80.84660020241779,1,1,4,513650.0,3897450.0,375.0269936435341
1765523,110533081,OAK: SHUMARD,14.0,1,,35.22188875037599,-80.84660020241779,1,1,4,513650.0,3897450.0,375.0269936435341
1765524,110533082,OAK: SHUMARD,17.0,1,,35.221828489750344,-80.84654119221396,1,1,4,513650.0,3897450.0,375.81938396615084
1765524,110533082,OAK: SHUMARD,17.0,1,,35.221828489750344,-80.84654119221396,1,1,4,513650.0,3897450.0,375.81938396615084
1765525,110533083,OAK: SHUMARD,3.0,1,,35.22085998970412,-80.84573921187335,1,1,4,513650.0,3897450.0,400.5388647862444
1765525,110533083,OAK: SHUMARD,3.0,1,,35.22085998970412,-80.84573921187335,1,1,4,513650.0,3897450.0,400.5388647862444
1765526,110533084,OAK: SHUMARD,3.0,1,,35.2209333898942,-80.8458639320817,1,1,4,513650.0,3897450.0,391.62404843974747
1765526,110533084,OAK: SHUMARD,3.0,1,,35.2209333898942,-80.8458639320817,1,1,4,513650.0,3897450.0,391.62404843974747
1765527,110533085,OAK: SHUMARD,3.0,1,,35.221035279940615,-80.84596451207875,1,1,4,513650.0,3897450.0,386.04735426688137
1765527,110533085,OAK: SHUMARD,3.0,1,,35.221035279940615,-80.84596451207875,1,1,4,513650.0,3897450.0,386.04735426688137
1765528,110533086,OAK: SHUMARD,3.0,1,,35.22123359006679,-80.84615495273206,1,1,4,513650.0,3897450.0,377.0198624144401
1765528,110533086,OAK: SHUMARD,3.0,1,,35.22123359006679,-80.84615495273206,1,1,4,513650.0,3897450.0,377.0198624144401
1765529,110533087,OAK: SHUMARD,3.0,1,,35.22134643014897,-80.8462609028439,1,1,4,513650.0,3897450.0,372.9264359206007
1765529,110533087,OAK: SHUMARD,3.0,1,,35.22134643014897,-80.8462609028439,1,1,4,513650.0,3897450.0,372.9264359206007
1765530,110533088,OAK: SHUMARD,3.0,1,,35.22146036981527,-80.84635612271026,1,1,4,513650.0,3897450.0,370.39418278417395
1765530,110533088,OAK: SHUMARD,3.0,1,,35.22146036981527,-80.84635612271026,1,1,4,513650.0,3897450.0,370.39418278417395
1765531,110533089,OAK: SHUMARD,7.0,1,,35.221703589700205,-80.84661763208567,1,1,4,513650.0,3897450.0,362.549838014072
1765531,110533089,OAK: SHUMARD,7.0,1,,35.221703589700205,-80.84661763208567,1,1,4,513650.0,3897450.0,362.549838014072
1765532,110533090,OAK: SHUMARD,9.0,1,,35.22181315004461,-80.84674101304147,1,1,4,513650.0,3897450.0,359.7156168068513
1765532,110533090,OAK: SHUMARD,9.0,1,,35.22181315004461,-80.84674101304147,1,1,4,513650.0,3897450.0,359.7156168068513
1765533,110533091,OAK: SHUMARD,12.0,1,,35.22186574043006,-80.84680404224672,1,1,4,513650.0,3897450.0,358.3363252965941
1765533,110533091,OAK: SHUMARD,12.0,1,,35.22186574043006,-80.84680404224672,1,1,4,513650.0,3897450.0,358.3363252965941
1765534,110533092,OAK: SHUMARD,11.0,1,,35.22192600028507,-80.84687378291575,1,1,4,513650.0,3897450.0,357.1602918279387
1765534,110533092,OAK: SHUMARD,11.0,1,,35.22192600028507,-80.84687378291575,1,1,4,513650.0,3897450.0,357.1602918279387
1765535,110533093,OAK: SHUMARD,14.0,1,,35.2219632497757,-80.84693815319449,1,1,4,513650.0,3897450.0,355.0244554913644
1765535,110533093,OAK: SHUMARD,14.0,1,,35.2219632497757,-80.84693815319449,1,1,4,513650.0,3897450.0,355.0244554913644
1765536,110533094,OAK: SHUMARD,12.0,1,,35.22202240994995,-80.84700521236397,1,1,4,513650.0,3897450.0,354.3711088501506
1765536,110533094,OAK: SHUMARD,12.0,1,,35.22202240994995,-80.84700521236397,1,1,4,513650.0,3897450.0,354.3711088501506
1765537,110533095,OAK: SHUMARD,13.0,1,,35.2220892400405,-80.84707092271087,1,1,4,513650.0,3897450.0,354.59378714032516
1765537,110533095,OAK: SHUMARD,13.0,1,,35.2220892400405,-80.84707092271087,1,1,4,513650.0,3897450.0,354.59378714032516
1765538,110533096,OAK: SHUMARD,11.0,1,,35.222140730066876,-80.84712859301406,1,1,4,513650.0,3897450.0,354.4649525714515
1765538,110533096,OAK: SHUMARD,11.0,1,,35.222140730066876,-80.84712859301406,1,1,4,513650.0,3897450.0,354.4649525714515
1765539,110533097,OAK: SHUMARD,11.0,1,,35.22220646020729,-80.84719028249611,1,1,4,513650.0,3897450.0,355.3306515135183
1765539,110533097,OAK: SHUMARD,11.0,1,,35.22220646020729,-80.84719028249611,1,1,4,513650.0,3897450.0,355.3306515135183
1765540,110533098,OAK: SHUMARD,10.0,1,,35.22225467031414,-80.84725868249109,1,1,4,513650.0,3897450.0,354.62391047493054
1765540,110533098,OAK: SHUMARD,10.0,1,,35.22225467031414,-80.84725868249109,1,1,4,513650.0,3897450.0,354.62391047493054
1765541,110533099,OAK: SHUMARD,10.0,1,,35.22230287033663,-80.84732573308474,1,1,4,513650.0,3897450.0,354.18987850630674
1765541,110533099,OAK: SHUMARD,10.0,1,,35.22230287033663,-80.84732573308474,1,1,4,513650.0,3897450.0,354.18987850630674
1765788,110533346,OAK: SHUMARD,4.0,1,,35.218598799406124,-80.84281317146595,1,0,6,514550.0,3897450.0,288.7986253820928
1765793,110533351,OAK: SHUMARD,5.0,1,,35.218924079132506,-80.8431946515561,1,0,6,514550.0,3897450.0,303.11414821565955
1765794,110533352,OAK: SHUMARD,3.0,1,,35.2184039693618,-80.8425893216624,1,0,6,514550.0,3897450.0,284.4634422286759
1765856,110533414,OAK: NUTALL,20.0,1,,35.226307111143775,-80.8339535788486,1,2,9,515475.0,3898575.0,558.0120276838843
1765856,110533414,OAK: NUTALL,20.0,1,,35.226307111143775,-80.8339535788486,1,2,9,515475.0,3898575.0,558.0120276838843
1765857,110533415,OAK: NUTALL,15.0,1,,35.22613949187963,-80.83377386953181,1,2,9,515475.0,3898575.0,561.8812720013873
1765857,110533415,OAK: NUTALL,15.0,1,,35.22613949187963,-80.83377386953181,1,2,9,515475.0,3898575.0,561.8812720013873
1765858,110533416,OAK: NUTALL,2.0,1,,35.22730212180294,-80.83630355024117,1,3,7,514550.0,3898550.0,449.81425918981483
1765858,110533416,OAK: NUTALL,2.0,1,,35.22730212180294,-80.83630355024117,1,3,7,514550.0,3898550.0,449.81425918981483
1765859,110533417,OAK: NUTALL,2.0,1,,35.22737497148695,-80.83619682942349,1,3,7,514550.0,3898550.0,452.27864694337535
1765859,110533417,OAK: NUTALL,2.0,1,,35.22737497148695,-80.83619682942349,1,3,7,514550.0,3898550.0,452.27864694337535
1765860,110533418,OAK: NUTALL,2.0,1,,35.2274454213295,-80.83609655926213,1,3,7,514550.0,3898550.0,454.768750670492
1765860,110533418,OAK: NUTALL,2.0,1,,35.2274454213295,-80.83609655926213,1,3,7,514550.0,3898550.0,454.768750670492
1765861,110533419,OAK: NUTALL,2.0,1,,35.22751807167736,-80.83599292013791,1,3,7,514550.0,3898550.0,457.6703812021284
1765861,110533419,OAK: NUTALL,2.0,1,,35.22751807167736,-80.83599292013791,1,3,7,514550.0,3898550.0,457.6703812021284
1765862,110533420,OAK: NUTALL,1.0,1,,35.22433405115985,-80.83851198983612,1,0,6,514550.0,3897450.0,504.75686219077846
1765862,110533420,OAK: NUTALL,1.0,1,,35.22433405115985,-80.83851198983612,1,0,6,514550.0,3897450.0,504.75686219077846
1765862,110533420,OAK: NUTALL,1.0,1,,35.22433405115985,-80.83851198983612,1,0,6,514550.0,3897450.0,504.75686219077846
1765863,110533421,OAK: NUTALL,15.0,1,,35.22439978099407,-80.83843689050097,1,0,6,514550.0,3897450.0,513.7352428549223
1765863,110533421,OAK: NUTALL,15.0,1,,35.22439978099407,-80.83843689050097,1,0,6,514550.0,3897450.0,513.7352428549223
1765864,110533422,OAK: NUTALL,2.0,1,,35.224494001079165,-80.83829741992083,1,0,6,514550.0,3897450.0,527.5730925161295
1765864,110533422,OAK: NUTALL,2.0,1,,35.224494001079165,-80.83829741992083,1,0,6,514550.0,3897450.0,527.5730925161295
1765865,110533423,OAK: NUTALL,13.0,1,,35.2245400109231,-80.83822366070815,1,0,6,514550.0,3897450.0,534.5500276916351
1765865,110533423,OAK: NUTALL,13.0,1,,35.2245400109231,-80.83822366070815,1,0,6,514550.0,3897450.0,534.5500276916351
1765866,110533424,OAK: NUTALL,13.0,1,,35.22458712070076,-80.83816331035851,1,0,6,514550.0,3897450.0,541.2804008805822
1765866,110533424,OAK: NUTALL,13.0,1,,35.22458712070076,-80.83816331035851,1,0,6,514550.0,3897450.0,541.2804008805822
1765867,110533425,OAK: NUTALL,5.0,1,,35.22232807062788,-80.83683426927361,1,0,6,514550.0,3897450.0,396.7458459712764
1765868,110533426,OAK: NUTALL,4.0,1,,35.222470500981764,-80.83661969971892,1,0,6,514550.0,3897450.0,421.8459024357108
1765869,110533427,OAK: NUTALL,3.0,1,,35.22265017106244,-80.8363648891998,1,0,6,514550.0,3897450.0,452.4192530491681
1765869,110533427,OAK: NUTALL,3.0,1,,35.22265017106244,-80.8363648891998,1,0,6,514550.0,3897450.0,452.4192530491681
1765870,110533428,OAK: NUTALL,3.0,1,,35.222805740406066,-80.83615164920701,1,0,6,514550.0,3897450.0,478.3833445922368
1765871,110533429,OAK: NUTALL,16.0,1,,35.22304129099704,-80.83621467985049,1,0,6,514550.0,3897450.0,491.7330418282314
1765872,110533430,OAK: NUTALL,14.0,1,,35.22308292077315,-80.83625356916426,1,0,6,514550.0,3897450.0,492.3967673015347
1765873,110533431,OAK: NUTALL,18.0,1,,35.223472940635595,-80.83673636928337,1,0,6,514550.0,3897450.0,495.0786209225559
1765873,110533431,OAK: NUTALL,18.0,1,,35.223472940635595,-80.83673636928337,1,0,6,514550.0,3897450.0,495.0786209225559
1765893,110533451,OAK: NUTALL,17.0,1,,35.22693593187537,-80.83440552915262,1,2,9,515475.0,3898575.0,537.7656900526302
1765893,110533451,OAK: NUTALL,17.0,1,,35.22693593187537,-80.83440552915262,1,2,9,515475.0,3898575.0,537.7656900526302
1765894,110533452,OAK: NUTALL,17.0,1,,35.22677051180427,-80.83450208972565,1,2,9,515475.0,3898575.0,556.4739033868896
1765894,110533452,OAK: NUTALL,17.0,1,,35.22677051180427,-80.83450208972565,1,2,9,515475.0,3898575.0,556.4739033868896
1765895,110533453,OAK: NUTALL,5.0,1,,35.22672840103452,-80.83714372040401,1,3,7,514550.0,3898550.0,442.71164988168874
1765895,110533453,OAK: NUTALL,5.0,1,,35.22672840103452,-80.83714372040401,1,3,7,514550.0,3898550.0,442.71164988168874
1765895,110533453,OAK: NUTALL,5.0,1,,35.22672840103452,-80.83714372040401,1,3,7,514550.0,3898550.0,442.71164988168874
1765896,110533454,OAK: NUTALL,6.0,1,,35.22683226187331,-80.83698249020667,1,3,7,514550.0,3898550.0,442.88342267739966
1765896,110533454,OAK: NUTALL,6.0,1,,35.22683226187331,-80.83698249020667,1,3,7,514550.0,3898550.0,442.88342267739966
1765896,110533454,OAK: NUTALL,6.0,1,,35.22683226187331,-80.83698249020667,1,3,7,514550.0,3898550.0,442.88342267739966
1765897,110533455,OAK: NUTALL,4.0,1,,35.227086801648674,-80.83661219968575,1,3,7,514550.0,3898550.0,444.99378320162134
1765897,110533455,OAK: NUTALL,4.0,1,,35.227086801648674,-80.83661219968575,1,3,7,514550.0,3898550.0,444.99378320162134
1765897,110533455,OAK: NUTALL,4.0,1,,35.227086801648674,-80.83661219968575,1,3,7,514550.0,3898550.0,444.99378320162134
1765898,110533456,OAK: NUTALL,3.0,1,,35.22758803199184,-80.83589013989847,1,3,7,514550.0,3898550.0,460.98832723221335
1765898,110533456,OAK: NUTALL,3.0,1,,35.22758803199184,-80.83589013989847,1,3,7,514550.0,3898550.0,460.98832723221335
1765899,110533457,OAK: NUTALL,3.0,1,,35.227873761787194,-80.83547027917425,1,3,7,514550.0,3898550.0,477.52698180454973
1765899,110533457,OAK: NUTALL,3.0,1,,35.227873761787194,-80.83547027917425,1,3,7,514550.0,3898550.0,477.52698180454973
1765900,110533458,OAK: NUTALL,4.0,1,,35.2280112419542,-80.83528103960504,1,3,7,514550.0,3898550.0,486.039643500287
1765900,110533458,OAK: NUTALL,4.0,1,,35.2280112419542,-80.83528103960504,1,3,7,514550.0,3898550.0,486.039643500287
1765901,110533459,OAK: NUTALL,11.0,1,,35.225206100963455,-80.83690535018884,1,3,7,514550.0,3898550.0,596.077918220161
1765901,110533459,OAK: NUTALL,11.0,1,,35.225206100963455,-80.83690535018884,1,3,7,514550.0,3898550.0,596.077918220161
1765902,110533460,OAK: NUTALL,11.0,1,,35.22511298122842,-80.8370341001412,1,3,7,514550.0,3898550.0,599.5676314002734
1765902,110533460,OAK: NUTALL,11.0,1,,35.22511298122842,-80.8370341001412,1,3,7,514550.0,3898550.0,599.5676314002734
1765903,110533461,OAK: NUTALL,11.0,1,,35.225061490800435,-80.8371065194665,1,3,7,514550.0,3898550.0,601.6120349726372
1765903,110533461,OAK: NUTALL,11.0,1,,35.225061490800435,-80.8371065194665,1,3,7,514550.0,3898550.0,601.6120349726372
1765904,110533462,OAK: NUTALL,12.0,1,,35.22500781107373,-80.83716553040205,1,3,7,514550.0,3898550.0,604.5318362216825
1765904,110533462,OAK: NUTALL,12.0,1,,35.22500781107373,-80.83716553040205,1,3,7,514550.0,3898550.0,604.5318362216825
1765905,110533463,OAK: NUTALL,8.0,1,,35.22399443067078,-80.83900418050389,1,0,6,514550.0,3897450.0,456.8308119007533
1765905,110533463,OAK: NUTALL,8.0,1,,35.22399443067078,-80.83900418050389,1,0,6,514550.0,3897450.0,456.8308119007533
1765905,110533463,OAK: NUTALL,8.0,1,,35.22399443067078,-80.83900418050389,1,0,6,514550.0,3897450.0,456.8308119007533
1765906,110533464,OAK: NUTALL,5.0,1,,35.224140130530756,-80.8387963107284,1,0,6,514550.0,3897450.0,477.0263334739053
1765906,110533464,OAK: NUTALL,5.0,1,,35.224140130530756,-80.8387963107284,1,0,6,514550.0,3897450.0,477.0263334739053
1765906,110533464,OAK: NUTALL,5.0,1,,35.224140130530756,-80.8387963107284,1,0,6,514550.0,3897450.0,477.0263334739053
1765907,110533465,OAK: NUTALL,2.0,1,,35.22444908126804,-80.83835777010987,1,0,6,514550.0,3897450.0,521.1289237785935
1765907,110533465,OAK: NUTALL,2.0,1,,35.22444908126804,-80.83835777010987,1,0,6,514550.0,3897450.0,521.1289237785935
1765908,110533466,OAK: NUTALL,3.0,1,,35.222407840659834,-80.83672405927541,1,0,6,514550.0,3897450.0,410.11921736874194
1765909,110533467,OAK: NUTALL,3.0,1,701 E TRADE ST,35.22254506016383,-80.83652517943925,1,0,6,514550.0,3897450.0,433.7621138582201
1765910,110533468,OAK: NUTALL,2.0,1,,35.22273508093547,-80.83626535972215,1,0,6,514550.0,3897450.0,465.43257623865685
1765910,110533468,OAK: NUTALL,2.0,1,,35.22273508093547,-80.83626535972215,1,0,6,514550.0,3897450.0,465.43257623865685
1765911,110533469,OAK: NUTALL,16.0,1,,35.22312346050372,-80.83630587934981,1,0,6,514550.0,3897450.0,492.18017316609576
1765912,110533470,OAK: NUTALL,18.0,1,,35.22316728033675,-80.83636085988849,1,0,6,514550.0,3897450.0,492.1428156138752
1765913,110533471,OAK: NUTALL,3.0,1,,35.2232111008,-80.83641852914586,1,0,6,514550.0,3897450.0,492.03673200641424
1765914,110533472,OAK: NUTALL,18.0,1,,35.22325712105404,-80.83647887957635,1,0,6,514550.0,3897450.0,492.0503636117372
1765915,110533473,OAK: NUTALL,14.0,1,,35.22331518033108,-80.83653520980293,1,0,6,514550.0,3897450.0,493.4211154538926
1765916,110533474,OAK: NUTALL,14.0,1,,35.22335572072164,-80.83658349006782,1,0,6,514550.0,3897450.0,493.92601576957827
1765917,110533475,OAK: NUTALL,13.0,1,,35.22339297097543,-80.83662773957843,1,0,6,514550.0,3897450.0,494.46653172380417
1765918,110533476,OAK: NUTALL,13.0,1,,35.223432410722715,-80.83668674972608,1,0,6,514550.0,3897450.0,494.4110116132926
1765918,110533476,OAK: NUTALL,13.0,1,,35.223432410722715,-80.83668674972608,1,0,6,514550.0,3897450.0,494.4110116132926
1765919,110533477,OAK: NUTALL,13.0,1,,35.22353101074686,-80.8367994003029,1,0,6,514550.0,3897450.0,496.6225723391618
1765919,110533477,OAK: NUTALL,13.0,1,,35.22353101074686,-80.8367994003029,1,0,6,514550.0,3897450.0,496.6225723391618
1765920,110533478,OAK: NUTALL,13.0,1,525 E 6TH ST #101,35.22465142126536,-80.83576098901442,1,0,6,514550.0,3897450.0,652.7270573078891
1766150,110533708,OAK: LIVE,9.0,1,,35.22241956025925,-80.83968090080897,0,0,6,514550.0,3897450.0,273.66770733621047
1766150,110533708,OAK: LIVE,9.0,1,,35.22241956025925,-80.83968090080897,0,0,6,514550.0,3897450.0,273.66770733621047
1766173,110533731,OAK: LIVE,6.0,1,,35.22127795994499,-80.8383791903835,0,0,6,514550.0,3897450.0,214.2853850314549
1766174,110533732,OAK: LIVE,9.0,1,,35.22133342030309,-80.83844450996894,0,0,6,514550.0,3897450.0,214.19273632104728
1766174,110533732,OAK: LIVE,9.0,1,,35.22133342030309,-80.83844450996894,0,0,6,514550.0,3897450.0,214.19273632104728
1766175,110533733,OAK: LIVE,8.0,1,,35.22138527052487,-80.83851505061506,0,0,6,514550.0,3897450.0,213.82446205037107
1766175,110533733,OAK: LIVE,8.0,1,,35.22138527052487,-80.83851505061506,0,0,6,514550.0,3897450.0,213.82446205037107
1766176,110533734,OAK: LIVE,6.0,1,,35.22185855021453,-80.83907141071597,0,0,6,514550.0,3897450.0,229.3646288231727
1766176,110533734,OAK: LIVE,6.0,1,,35.22185855021453,-80.83907141071597,0,0,6,514550.0,3897450.0,229.3646288231727
1766177,110533735,OAK: LIVE,8.0,1,,35.22191584993017,-80.83913943061744,0,0,6,514550.0,3897450.0,232.70811970692088
1766177,110533735,OAK: LIVE,8.0,1,,35.22191584993017,-80.83913943061744,0,0,6,514550.0,3897450.0,232.70811970692088
1766178,110533736,OAK: LIVE,8.0,1,,35.22217532004425,-80.83941633045345,0,0,6,514550.0,3897450.0,251.94196270178037
1766178,110533736,OAK: LIVE,8.0,1,,35.22217532004425,-80.83941633045345,0,0,6,514550.0,3897450.0,251.94196270178037
1766179,110533737,OAK: LIVE,8.0,1,,35.22224255054295,-80.83947803105242,0,0,6,514550.0,3897450.0,257.82488977884464
1766179,110533737,OAK: LIVE,8.0,1,,35.22224255054295,-80.83947803105242,0,0,6,514550.0,3897450.0,257.82488977884464
1766180,110533738,OAK: LIVE,7.0,1,,35.2222911703576,-80.83954574016563,0,0,6,514550.0,3897450.0,261.77520969956635
1766180,110533738,OAK: LIVE,7.0,1,,35.2222911703576,-80.83954574016563,0,0,6,514550.0,3897450.0,261.77520969956635
1766181,110533739,OAK: LIVE,9.0,1,,35.22235157035093,-80.8396078404561,0,0,6,514550.0,3897450.0,267.29448867618964
1766181,110533739,OAK: LIVE,9.0,1,,35.22235157035093,-80.8396078404561,0,0,6,514550.0,3897450.0,267.29448867618964
1766182,110533740,OAK: LIVE,7.0,1,,35.222477830437015,-80.83975279023204,0,0,6,514550.0,3897450.0,279.1993069819554
1766182,110533740,OAK: LIVE,7.0,1,,35.222477830437015,-80.83975279023204,0,0,6,514550.0,3897450.0,279.1993069819554
1766183,110533741,OAK: LIVE,7.0,1,,35.22251953013503,-80.83979756096396,0,0,6,514550.0,3897450.0,283.3374666070703
1766183,110533741,OAK: LIVE,7.0,1,,35.22251953013503,-80.83979756096396,0,0,6,514550.0,3897450.0,283.3374666070703
1766184,110533742,OAK: LIVE,7.0,1,,35.222567810893445,-80.83986289065616,0,0,6,514550.0,3897450.0,288.1161055538996
1766184,110533742,OAK: LIVE,7.0,1,,35.222567810893445,-80.83986289065616,0,0,6,514550.0,3897450.0,288.1161055538996
1766185,110533743,OAK: LIVE,9.0,1,,35.22263368029749,-80.83994026113837,0,0,6,514550.0,3897450.0,294.9189644053923
1766185,110533743,OAK: LIVE,9.0,1,,35.22263368029749,-80.83994026113837,0,0,6,514550.0,3897450.0,294.9189644053923
1766186,110533744,OAK: LIVE,7.0,1,,35.222693460224626,-80.8400007910577,0,0,6,514550.0,3897450.0,301.2867156571822
1766186,110533744,OAK: LIVE,7.0,1,,35.222693460224626,-80.8400007910577,0,0,6,514550.0,3897450.0,301.2867156571822
1766187,110533745,OAK: LIVE,8.0,1,,35.222745150653516,-80.84006364125908,0,0,6,514550.0,3897450.0,306.86343793785926
1766187,110533745,OAK: LIVE,8.0,1,,35.222745150653516,-80.84006364125908,0,0,6,514550.0,3897450.0,306.86343793785926
1766187,110533745,OAK: LIVE,8.0,1,,35.222745150653516,-80.84006364125908,0,0,6,514550.0,3897450.0,306.86343793785926
1766188,110533746,OAK: LIVE,9.0,1,,35.22279829013214,-80.84012393123571,0,0,6,514550.0,3897450.0,312.71096045249516
1766188,110533746,OAK: LIVE,9.0,1,,35.22279829013214,-80.84012393123571,0,0,6,514550.0,3897450.0,312.71096045249516
1766188,110533746,OAK: LIVE,9.0,1,,35.22279829013214,-80.84012393123571,0,0,6,514550.0,3897450.0,312.71096045249516
1766189,110533747,OAK: LIVE,7.0,1,,35.22161833027886,-80.8400197103167,0,0,6,514550.0,3897450.0,182.09012160603672
1766189,110533747,OAK: LIVE,7.0,1,,35.22161833027886,-80.8400197103167,0,0,6,514550.0,3897450.0,182.09012160603672
1766190,110533748,OAK: LIVE,5.0,1,,35.22166561068387,-80.83995520061472,0,0,6,514550.0,3897450.0,187.70982636717162
1766190,110533748,OAK: LIVE,5.0,1,,35.22166561068387,-80.83995520061472,0,0,6,514550.0,3897450.0,187.70982636717162
1766191,110533749,OAK: LIVE,6.0,1,,35.22172722012822,-80.83988947079452,0,0,6,514550.0,3897450.0,195.07835981522945
1766191,110533749,OAK: LIVE,6.0,1,,35.22172722012822,-80.83988947079452,0,0,6,514550.0,3897450.0,195.07835981522945
1766192,110533750,OAK: LIVE,4.0,1,,35.22179748028468,-80.83978523010846,0,0,6,514550.0,3897450.0,204.03348368120794
1766192,110533750,OAK: LIVE,4.0,1,,35.22179748028468,-80.83978523010846,0,0,6,514550.0,3897450.0,204.03348368120794
1766193,110533751,OAK: LIVE,5.0,1,,35.221858479898174,-80.83971827108174,0,0,6,514550.0,3897450.0,211.69588966722463
1766193,110533751,OAK: LIVE,5.0,1,,35.221858479898174,-80.83971827108174,0,0,6,514550.0,3897450.0,211.69588966722463
1766194,110533752,OAK: LIVE,5.0,1,,35.221900940209586,-80.83964486007937,0,0,6,514550.0,3897450.0,217.56877530630786
1766194,110533752,OAK: LIVE,5.0,1,,35.221900940209586,-80.83964486007937,0,0,6,514550.0,3897450.0,217.56877530630786
1766195,110533753,OAK: LIVE,6.0,1,,35.221952839967564,-80.83956893073452,0,0,6,514550.0,3897450.0,224.65781775051582
1766195,110533753,OAK: LIVE,6.0,1,,35.221952839967564,-80.83956893073452,0,0,6,514550.0,3897450.0,224.65781775051582
1766196,110533754,OAK: LIVE,6.0,1,,35.222016110714186,-80.83950333020793,0,0,6,514550.0,3897450.0,232.87220646237324
1766196,110533754,OAK: LIVE,6.0,1,,35.222016110714186,-80.83950333020793,0,0,6,514550.0,3897450.0,232.87220646237324
1766197,110533755,OAK: LIVE,7.0,1,,35.222064380003275,-80.83943662058437,0,0,6,514550.0,3897450.0,239.5781228590804
1766197,110533755,OAK: LIVE,7.0,1,,35.222064380003275,-80.83943662058437,0,0,6,514550.0,3897450.0,239.5781228590804
1766198,110533756,OAK: LIVE,12.0,1,,35.22076550035573,-80.83975623035448,0,0,6,514550.0,3897450.0,93.40136253691412
1766199,110533757,OAK: LIVE,6.0,1,,35.22264959058685,-80.84046059046338,0,0,6,514550.0,3897450.0,297.81975663774494
1766199,110533757,OAK: LIVE,6.0,1,,35.22264959058685,-80.84046059046338,0,0,6,514550.0,3897450.0,297.81975663774494
1766200,110533758,OAK: LIVE,6.0,1,,35.22256791027618,-80.84057020137128,0,0,6,514550.0,3897450.0,290.0458954818942
1766200,110533758,OAK: LIVE,6.0,1,,35.22256791027618,-80.84057020137128,0,0,6,514550.0,3897450.0,290.0458954818942
1766201,110533759,OAK: LIVE,6.0,1,,35.22248506006881,-80.84067563127805,0,0,6,514550.0,3897450.0,282.50506675028583
1766201,110533759,OAK: LIVE,6.0,1,,35.22248506006881,-80.84067563127805,0,0,6,514550.0,3897450.0,282.50506675028583
1766202,110533760,OAK: LIVE,6.0,1,,35.222411379993765,-80.8407708807133,0,0,6,514550.0,3897450.0,276.19194729408696
1766202,110533760,OAK: LIVE,6.0,1,,35.222411379993765,-80.8407708807133,0,0,6,514550.0,3897450.0,276.19194729408696
1766203,110533761,OAK: LIVE,6.0,1,,35.22233877998008,-80.84086761131836,0,0,6,514550.0,3897450.0,270.4064604293293
1766203,110533761,OAK: LIVE,6.0,1,,35.22233877998008,-80.84086761131836,0,0,6,514550.0,3897450.0,270.4064604293293
1766204,110533762,OAK: LIVE,99.0,1,,35.2254515008447,-80.85084882435385,0,5,5,513650.0,3898550.0,500.54537560347103
1766205,110533763,OAK: LIVE,99.0,1,,35.225345230891016,-80.85087966411679,0,5,5,513650.0,3898550.0,512.6247673786389
1766343,110533901,BALDCYPRESS: COMMON,22.0,1,,35.223854200968496,-80.84134575140389,0,0,6,514550.0,3897450.0,444.009018623524
1766343,110533901,BALDCYPRESS: COMMON,22.0,1,,35.223854200968496,-80.84134575140389,0,0,6,514550.0,3897450.0,444.009018623524
1766348,110533906,BALDCYPRESS: COMMON,5.0,1,,35.224822651513996,-80.83523446952583,0,0,6,514550.0,3897450.0,697.4394294847019
1766349,110533907,BALDCYPRESS: COMMON,10.0,1,,35.22472938150408,-80.83536937926772,0,0,6,514550.0,3897450.0,681.6486277723094
1766350,110533908,BALDCYPRESS: COMMON,2.0,1,,35.224687070695005,-80.83543566953051,0,0,6,514550.0,3897450.0,674.1963047781197
1766352,110533910,BALDCYPRESS: COMMON,3.0,1,,35.223212200748286,-80.84262114139597,0,0,6,514550.0,3897450.0,424.66048422576324
1766352,110533910,BALDCYPRESS: COMMON,3.0,1,,35.223212200748286,-80.84262114139597,0,0,6,514550.0,3897450.0,424.66048422576324
1766352,110533910,BALDCYPRESS: COMMON,3.0,1,,35.223212200748286,-80.84262114139597,0,0,6,514550.0,3897450.0,424.66048422576324
1766353,110533911,BALDCYPRESS: COMMON,6.0,1,,35.22358688017548,-80.84308516158252,0,0,6,514550.0,3897450.0,482.55344926430917
1766353,110533911,BALDCYPRESS: COMMON,6.0,1,,35.22358688017548,-80.84308516158252,0,0,6,514550.0,3897450.0,482.55344926430917
1766353,110533911,BALDCYPRESS: COMMON,6.0,1,,35.22358688017548,-80.84308516158252,0,0,6,514550.0,3897450.0,482.55344926430917
1766354,110533912,BALDCYPRESS: COMMON,2.0,1,,35.22542411086988,-80.84283840138944,0,3,7,514550.0,3898550.0,555.0540259180076
1766354,110533912,BALDCYPRESS: COMMON,2.0,1,,35.22542411086988,-80.84283840138944,0,3,7,514550.0,3898550.0,555.0540259180076
1766355,110533913,BALDCYPRESS: COMMON,1.0,1,,35.22536166097969,-80.84276330189947,0,3,7,514550.0,3898550.0,558.2546350491067
1766355,110533913,BALDCYPRESS: COMMON,1.0,1,,35.22536166097969,-80.84276330189947,0,3,7,514550.0,3898550.0,558.2546350491067
1766356,110533914,BALDCYPRESS: COMMON,8.0,1,,35.22529922118553,-80.84270026187455,0,3,7,514550.0,3898550.0,562.0652454731774
1766356,110533914,BALDCYPRESS: COMMON,8.0,1,,35.22529922118553,-80.84270026187455,0,3,7,514550.0,3898550.0,562.0652454731774
1766357,110533915,BALDCYPRESS: COMMON,8.0,1,201 S COLLEGE ST,35.22516228114123,-80.8425433621218,0,3,7,514550.0,3898550.0,570.1664901548146
1766357,110533915,BALDCYPRESS: COMMON,8.0,1,201 S COLLEGE ST,35.22516228114123,-80.8425433621218,0,3,7,514550.0,3898550.0,570.1664901548146
1766358,110533916,BALDCYPRESS: COMMON,9.0,1,,35.22502424051061,-80.84238779169917,0,3,7,514550.0,3898550.0,579.0625857249563
1766358,110533916,BALDCYPRESS: COMMON,9.0,1,,35.22502424051061,-80.84238779169917,0,3,7,514550.0,3898550.0,579.0625857249563
1766359,110533917,BALDCYPRESS: COMMON,10.0,1,,35.224953030948605,-80.84231134107654,0,3,7,514550.0,3898550.0,584.0088874093906
1766359,110533917,BALDCYPRESS: COMMON,10.0,1,,35.224953030948605,-80.84231134107654,0,3,7,514550.0,3898550.0,584.0088874093906
1766360,110533918,BALDCYPRESS: COMMON,3.0,1,,35.2248697705879,-80.84222149095396,0,0,6,514550.0,3897450.0,575.1090311572776
1766360,110533918,BALDCYPRESS: COMMON,3.0,1,,35.2248697705879,-80.84222149095396,0,0,6,514550.0,3897450.0,575.1090311572776
1766361,110533919,BALDCYPRESS: COMMON,3.0,1,,35.22478870109467,-80.84213164112286,0,0,6,514550.0,3897450.0,563.932269175569
1766361,110533919,BALDCYPRESS: COMMON,3.0,1,,35.22478870109467,-80.84213164112286,0,0,6,514550.0,3897450.0,563.932269175569
1766361,110533919,BALDCYPRESS: COMMON,3.0,1,,35.22478870109467,-80.84213164112286,0,0,6,514550.0,3897450.0,563.932269175569
1766362,110533920,BALDCYPRESS: COMMON,3.0,1,,35.22469339117859,-80.84202167172668,0,0,6,514550.0,3897450.0,550.7210652956371
1766362,110533920,BALDCYPRESS: COMMON,3.0,1,,35.22469339117859,-80.84202167172668,0,0,6,514550.0,3897450.0,550.7210652956371
1766362,110533920,BALDCYPRESS: COMMON,3.0,1,,35.22469339117859,-80.84202167172668,0,0,6,514550.0,3897450.0,550.7210652956371
1766363,110533921,BALDCYPRESS: COMMON,15.0,1,,35.22397690042925,-80.84148791104997,0,0,6,514550.0,3897450.0,460.51678877103376
1766363,110533921,BALDCYPRESS: COMMON,15.0,1,,35.22397690042925,-80.84148791104997,0,0,6,514550.0,3897450.0,460.51678877103376
1766364,110533922,BALDCYPRESS: COMMON,17.0,1,,35.224674761061934,-80.84227648202877,0,0,6,514550.0,3897450.0,556.5010155810351
1766364,110533922,BALDCYPRESS: COMMON,17.0,1,,35.224674761061934,-80.84227648202877,0,0,6,514550.0,3897450.0,556.5010155810351
1766364,110533922,BALDCYPRESS: COMMON,17.0,1,,35.224674761061934,-80.84227648202877,0,0,6,514550.0,3897450.0,556.5010155810351
1766365,110533923,BALDCYPRESS: COMMON,16.0,1,,35.22461779107934,-80.84220942096563,0,0,6,514550.0,3897450.0,548.4489705072575
1766365,110533923,BALDCYPRESS: COMMON,16.0,1,,35.22461779107934,-80.84220942096563,0,0,6,514550.0,3897450.0,548.4489705072575
1766365,110533923,BALDCYPRESS: COMMON,16.0,1,,35.22461779107934,-80.84220942096563,0,0,6,514550.0,3897450.0,548.4489705072575
1766366,110533924,BALDCYPRESS: COMMON,16.0,1,,35.224731730756446,-80.84233012166571,0,0,6,514550.0,3897450.0,564.1386084201473
1766366,110533924,BALDCYPRESS: COMMON,16.0,1,,35.224731730756446,-80.84233012166571,0,0,6,514550.0,3897450.0,564.1386084201473
1766386,110533944,BALDCYPRESS: COMMON,7.0,1,,35.22857412236032,-80.83486885905846,0,2,9,515475.0,3898575.0,480.00462940023294
1766386,110533944,BALDCYPRESS: COMMON,7.0,1,,35.22857412236032,-80.83486885905846,0,2,9,515475.0,3898575.0,480.00462940023294
1766387,110533945,BALDCYPRESS: COMMON,7.0,1,,35.22863462230728,-80.83493997982238,0,2,9,515475.0,3898575.0,483.7524089355232
1766387,110533945,BALDCYPRESS: COMMON,7.0,1,,35.22863462230728,-80.83493997982238,0,2,9,515475.0,3898575.0,483.7524089355232
1766388,110533946,BALDCYPRESS: COMMON,8.0,1,,35.2286988522239,-80.83500687953484,0,3,7,514550.0,3898550.0,482.34834704098023
1766388,110533946,BALDCYPRESS: COMMON,8.0,1,,35.2286988522239,-80.83500687953484,0,3,7,514550.0,3898550.0,482.34834704098023
1766389,110533947,BALDCYPRESS: COMMON,2.0,1,,35.228887642168466,-80.83523836959456,0,3,7,514550.0,3898550.0,456.55402766322345
1766389,110533947,BALDCYPRESS: COMMON,2.0,1,,35.228887642168466,-80.83523836959456,0,3,7,514550.0,3898550.0,456.55402766322345
1766390,110533948,BALDCYPRESS: COMMON,2.0,1,,35.22896322244767,-80.83531108999702,0,3,7,514550.0,3898550.0,448.13007319350567
1766390,110533948,BALDCYPRESS: COMMON,2.0,1,,35.22896322244767,-80.83531108999702,0,3,7,514550.0,3898550.0,448.13007319350567
1766391,110533949,BALDCYPRESS: COMMON,2.0,1,,35.22910442184491,-80.8354861201977,0,3,7,514550.0,3898550.0,429.169651713917
1766391,110533949,BALDCYPRESS: COMMON,2.0,1,,35.22910442184491,-80.8354861201977,0,3,7,514550.0,3898550.0,429.169651713917
1766392,110533950,BALDCYPRESS: COMMON,16.0,1,,35.22508892119482,-80.83487400969877,0,3,7,514550.0,3898550.0,714.6497325059779
1766393,110533951,BALDCYPRESS: COMMON,17.0,1,,35.22500581156452,-80.83497999978374,0,3,7,514550.0,3898550.0,715.2305176790389
1766394,110533952,BALDCYPRESS: COMMON,17.0,1,,35.224639641232784,-80.83549774925541,0,0,6,514550.0,3897450.0,666.5496575789355
1766395,110533953,BALDCYPRESS: COMMON,5.0,1,,35.224584431462574,-80.83556625937318,0,0,6,514550.0,3897450.0,657.8659730675249
1766396,110533954,BALDCYPRESS: COMMON,14.0,1,,35.22454243113143,-80.835632639922,0,0,6,514550.0,3897450.0,650.4449248645766
1766397,110533955,BALDCYPRESS: COMMON,12.0,1,S BREVARD ST,35.222324310192135,-80.84359350163703,0,0,6,514550.0,3897450.0,409.26026140678755
1766397,110533955,BALDCYPRESS: COMMON,12.0,1,S BREVARD ST,35.222324310192135,-80.84359350163703,0,0,6,514550.0,3897450.0,409.26026140678755
1766397,110533955,BALDCYPRESS: COMMON,12.0,1,S BREVARD ST,35.222324310192135,-80.84359350163703,0,0,6,514550.0,3897450.0,409.26026140678755
1766398,110533956,BALDCYPRESS: COMMON,14.0,1,S BREVARD ST,35.2223832007074,-80.84366234128055,0,0,6,514550.0,3897450.0,418.24922113360964
1766398,110533956,BALDCYPRESS: COMMON,14.0,1,S BREVARD ST,35.2223832007074,-80.84366234128055,0,0,6,514550.0,3897450.0,418.24922113360964
1766398,110533956,BALDCYPRESS: COMMON,14.0,1,S BREVARD ST,35.2223832007074,-80.84366234128055,0,0,6,514550.0,3897450.0,418.24922113360964
1766399,110533957,BALDCYPRESS: COMMON,13.0,1,,35.222446400642056,-80.84373315192907,0,0,6,514550.0,3897450.0,427.68433552645615
1766399,110533957,BALDCYPRESS: COMMON,13.0,1,,35.222446400642056,-80.84373315192907,0,0,6,514550.0,3897450.0,427.68433552645615
1766399,110533957,BALDCYPRESS: COMMON,13.0,1,,35.222446400642056,-80.84373315192907,0,0,6,514550.0,3897450.0,427.68433552645615
1766400,110533958,BALDCYPRESS: COMMON,14.0,1,,35.222504329981426,-80.84379767173618,0,0,6,514550.0,3897450.0,436.30897740284723
1766400,110533958,BALDCYPRESS: COMMON,14.0,1,,35.222504329981426,-80.84379767173618,0,0,6,514550.0,3897450.0,436.30897740284723
1766400,110533958,BALDCYPRESS: COMMON,14.0,1,,35.222504329981426,-80.84379767173618,0,0,6,514550.0,3897450.0,436.30897740284723
1766401,110533959,BALDCYPRESS: COMMON,10.0,1,,35.222571360792195,-80.84386316129974,0,0,6,514550.0,3897450.0,445.6547738340113
1766401,110533959,BALDCYPRESS: COMMON,10.0,1,,35.222571360792195,-80.84386316129974,0,0,6,514550.0,3897450.0,445.6547738340113
1766401,110533959,BALDCYPRESS: COMMON,10.0,1,,35.222571360792195,-80.84386316129974,0,0,6,514550.0,3897450.0,445.6547738340113
1766402,110533960,BALDCYPRESS: COMMON,10.0,1,,35.222622240763364,-80.84391925145847,0,0,6,514550.0,3897450.0,453.19639362721364
1766402,110533960,BALDCYPRESS: COMMON,10.0,1,,35.222622240763364,-80.84391925145847,0,0,6,514550.0,3897450.0,453.19639362721364
1766402,110533960,BALDCYPRESS: COMMON,10.0,1,,35.222622240763364,-80.84391925145847,0,0,6,514550.0,3897450.0,453.19639362721364
1766403,110533961,BALDCYPRESS: COMMON,13.0,1,,35.22268585004145,-80.84398798197003,0,0,6,514550.0,3897450.0,462.531489356464
1766403,110533961,BALDCYPRESS: COMMON,13.0,1,,35.22268585004145,-80.84398798197003,0,0,6,514550.0,3897450.0,462.531489356464
1766403,110533961,BALDCYPRESS: COMMON,13.0,1,,35.22268585004145,-80.84398798197003,0,0,6,514550.0,3897450.0,462.531489356464
1766404,110533962,BALDCYPRESS: COMMON,11.0,1,,35.222742070256594,-80.84406477161686,0,0,6,514550.0,3897450.0,471.8944961137927
1766404,110533962,BALDCYPRESS: COMMON,11.0,1,,35.222742070256594,-80.84406477161686,0,0,6,514550.0,3897450.0,471.8944961137927
1766404,110533962,BALDCYPRESS: COMMON,11.0,1,,35.222742070256594,-80.84406477161686,0,0,6,514550.0,3897450.0,471.8944961137927
1766405,110533963,BALDCYPRESS: COMMON,11.0,1,,35.222797370412465,-80.8441369719475,0,0,6,514550.0,3897450.0,480.8738589439631
1766405,110533963,BALDCYPRESS: COMMON,11.0,1,,35.222797370412465,-80.8441369719475,0,0,6,514550.0,3897450.0,480.8738589439631
1766405,110533963,BALDCYPRESS: COMMON,11.0,1,,35.222797370412465,-80.8441369719475,0,0,6,514550.0,3897450.0,480.8738589439631
1766406,110533964,BALDCYPRESS: COMMON,14.0,1,,35.22303034084813,-80.84436655222756,0,0,6,514550.0,3897450.0,513.5808582828042
1766406,110533964,BALDCYPRESS: COMMON,14.0,1,,35.22303034084813,-80.84436655222756,0,0,6,514550.0,3897450.0,513.5808582828042
1766406,110533964,BALDCYPRESS: COMMON,14.0,1,,35.22303034084813,-80.84436655222756,0,0,6,514550.0,3897450.0,513.5808582828042
1766407,110533965,BALDCYPRESS: COMMON,11.0,1,,35.22307518017685,-80.84442338193809,0,0,6,514550.0,3897450.0,520.7478293494619
1766407,110533965,BALDCYPRESS: COMMON,11.0,1,,35.22307518017685,-80.84442338193809,0,0,6,514550.0,3897450.0,520.7478293494619
1766407,110533965,BALDCYPRESS: COMMON,11.0,1,,35.22307518017685,-80.84442338193809,0,0,6,514550.0,3897450.0,520.7478293494619
1766408,110533966,BALDCYPRESS: COMMON,12.0,1,,35.223117780413205,-80.84446066255622,0,0,6,514550.0,3897450.0,526.4154094819052
1766408,110533966,BALDCYPRESS: COMMON,12.0,1,,35.223117780413205,-80.84446066255622,0,0,6,514550.0,3897450.0,526.4154094819052
1766408,110533966,BALDCYPRESS: COMMON,12.0,1,,35.223117780413205,-80.84446066255622,0,0,6,514550.0,3897450.0,526.4154094819052
1766409,110533967,BALDCYPRESS: COMMON,9.0,1,,35.22316160079162,-80.84452394205613,0,0,6,514550.0,3897450.0,533.9488409335278
1766409,110533967,BALDCYPRESS: COMMON,9.0,1,,35.22316160079162,-80.84452394205613,0,0,6,514550.0,3897450.0,533.9488409335278
1766409,110533967,BALDCYPRESS: COMMON,9.0,1,,35.22316160079162,-80.84452394205613,0,0,6,514550.0,3897450.0,533.9488409335278
1766410,110533968,BALDCYPRESS: COMMON,13.0,1,,35.22319755088039,-80.84456428162201,0,0,6,514550.0,3897450.0,539.3392377284015
1766410,110533968,BALDCYPRESS: COMMON,13.0,1,,35.22319755088039,-80.84456428162201,0,0,6,514550.0,3897450.0,539.3392377284015
1766410,110533968,BALDCYPRESS: COMMON,13.0,1,,35.22319755088039,-80.84456428162201,0,0,6,514550.0,3897450.0,539.3392377284015
1766411,110533969,BALDCYPRESS: COMMON,11.0,1,,35.22325767081896,-80.84464251194328,0,0,6,514550.0,3897450.0,549.0889284382223
1766411,110533969,BALDCYPRESS: COMMON,11.0,1,,35.22325767081896,-80.84464251194328,0,0,6,514550.0,3897450.0,549.0889284382223
1766411,110533969,BALDCYPRESS: COMMON,11.0,1,,35.22325767081896,-80.84464251194328,0,0,6,514550.0,3897450.0,549.0889284382223
1766412,110533970,BALDCYPRESS: COMMON,13.0,1,,35.22331047064877,-80.84469430207581,0,0,6,514550.0,3897450.0,556.4996587757059
1766412,110533970,BALDCYPRESS: COMMON,13.0,1,,35.22331047064877,-80.84469430207581,0,0,6,514550.0,3897450.0,556.4996587757059
1766412,110533970,BALDCYPRESS: COMMON,13.0,1,,35.22331047064877,-80.84469430207581,0,0,6,514550.0,3897450.0,556.4996587757059
1766413,110533971,BALDCYPRESS: COMMON,5.0,1,,35.22338537049525,-80.84476977216121,0,0,6,514550.0,3897450.0,567.1529248338926
1766413,110533971,BALDCYPRESS: COMMON,5.0,1,,35.22338537049525,-80.84476977216121,0,0,6,514550.0,3897450.0,567.1529248338926
1766413,110533971,BALDCYPRESS: COMMON,5.0,1,,35.22338537049525,-80.84476977216121,0,0,6,514550.0,3897450.0,567.1529248338926
1766414,110533972,BALDCYPRESS: COMMON,18.0,1,,35.22345275014288,-80.84483801254353,0,0,6,514550.0,3897450.0,576.7640735413307
1766414,110533972,BALDCYPRESS: COMMON,18.0,1,,35.22345275014288,-80.84483801254353,0,0,6,514550.0,3897450.0,576.7640735413307
1766414,110533972,BALDCYPRESS: COMMON,18.0,1,,35.22345275014288,-80.84483801254353,0,0,6,514550.0,3897450.0,576.7640735413307
1766415,110533973,BALDCYPRESS: COMMON,17.0,1,,35.223528280661554,-80.8449165220596,0,0,6,514550.0,3897450.0,587.6780562745204
1766415,110533973,BALDCYPRESS: COMMON,17.0,1,,35.223528280661554,-80.8449165220596,0,0,6,514550.0,3897450.0,587.6780562745204
1766415,110533973,BALDCYPRESS: COMMON,17.0,1,,35.223528280661554,-80.8449165220596,0,0,6,514550.0,3897450.0,587.6780562745204
1766416,110533974,BALDCYPRESS: COMMON,12.0,1,,35.22362481078931,-80.84502624188504,0,0,6,514550.0,3897450.0,602.2639862851687
1766416,110533974,BALDCYPRESS: COMMON,12.0,1,,35.22362481078931,-80.84502624188504,0,0,6,514550.0,3897450.0,602.2639862851687
1766416,110533974,BALDCYPRESS: COMMON,12.0,1,,35.22362481078931,-80.84502624188504,0,0,6,514550.0,3897450.0,602.2639862851687
1766417,110533975,BALDCYPRESS: COMMON,11.0,1,,35.22371164096889,-80.8451110322199,0,1,4,513650.0,3897450.0,607.5349016299316
1766417,110533975,BALDCYPRESS: COMMON,11.0,1,,35.22371164096889,-80.8451110322199,0,1,4,513650.0,3897450.0,607.5349016299316
1766417,110533975,BALDCYPRESS: COMMON,11.0,1,,35.22371164096889,-80.8451110322199,0,1,4,513650.0,3897450.0,607.5349016299316
1766418,110533976,BALDCYPRESS: COMMON,19.0,1,,35.223772880443974,-80.8451824017761,0,1,4,513650.0,3897450.0,607.4523964463637
1766418,110533976,BALDCYPRESS: COMMON,19.0,1,,35.223772880443974,-80.8451824017761,0,1,4,513650.0,3897450.0,607.4523964463637
1766418,110533976,BALDCYPRESS: COMMON,19.0,1,,35.223772880443974,-80.8451824017761,0,1,4,513650.0,3897450.0,607.4523964463637
1766419,110533977,BALDCYPRESS: COMMON,14.0,1,,35.223922910499724,-80.84505086263928,0,0,6,514550.0,3897450.0,626.5427707118231
1766419,110533977,BALDCYPRESS: COMMON,14.0,1,,35.223922910499724,-80.84505086263928,0,0,6,514550.0,3897450.0,626.5427707118231
1766419,110533977,BALDCYPRESS: COMMON,14.0,1,,35.223922910499724,-80.84505086263928,0,0,6,514550.0,3897450.0,626.5427707118231
1766420,110533978,BALDCYPRESS: COMMON,10.0,1,,35.22388116056293,-80.8450060817708,0,0,6,514550.0,3897450.0,620.3928213372811
1766420,110533978,BALDCYPRESS: COMMON,10.0,1,,35.22388116056293,-80.8450060817708,0,0,6,514550.0,3897450.0,620.3928213372811
1766420,110533978,BALDCYPRESS: COMMON,10.0,1,,35.22388116056293,-80.8450060817708,0,0,6,514550.0,3897450.0,620.3928213372811
1766421,110533979,BALDCYPRESS: COMMON,8.0,1,,35.22383974043151,-80.8449626126494,0,0,6,514550.0,3897450.0,614.3543232830269
1766421,110533979,BALDCYPRESS: COMMON,8.0,1,,35.22383974043151,-80.8449626126494,0,0,6,514550.0,3897450.0,614.3543232830269
1766421,110533979,BALDCYPRESS: COMMON,8.0,1,,35.22383974043151,-80.8449626126494,0,0,6,514550.0,3897450.0,614.3543232830269
1766422,110533980,BALDCYPRESS: COMMON,11.0,1,,35.223805170993764,-80.84491233260191,0,0,6,514550.0,3897450.0,608.4012920453532
1766422,110533980,BALDCYPRESS: COMMON,11.0,1,,35.223805170993764,-80.84491233260191,0,0,6,514550.0,3897450.0,608.4012920453532
1766422,110533980,BALDCYPRESS: COMMON,11.0,1,,35.223805170993764,-80.84491233260191,0,0,6,514550.0,3897450.0,608.4012920453532
1766423,110533981,BALDCYPRESS: COMMON,6.0,1,,35.22371556067317,-80.84480208267661,0,0,6,514550.0,3897450.0,594.2801329813493
1766423,110533981,BALDCYPRESS: COMMON,6.0,1,,35.22371556067317,-80.84480208267661,0,0,6,514550.0,3897450.0,594.2801329813493
1766423,110533981,BALDCYPRESS: COMMON,6.0,1,,35.22371556067317,-80.84480208267661,0,0,6,514550.0,3897450.0,594.2801329813493
1766424,110533982,BALDCYPRESS: COMMON,16.0,1,,35.223441840913026,-80.84451376200786,0,0,6,514550.0,3897450.0,554.3167363373805
1766424,110533982,BALDCYPRESS: COMMON,16.0,1,,35.223441840913026,-80.84451376200786,0,0,6,514550.0,3897450.0,554.3167363373805
1766424,110533982,BALDCYPRESS: COMMON,16.0,1,,35.223441840913026,-80.84451376200786,0,0,6,514550.0,3897450.0,554.3167363373805
1766425,110533983,BALDCYPRESS: COMMON,13.0,1,,35.22340041072082,-80.84447697248306,0,0,6,514550.0,3897450.0,548.7200552496487
1766425,110533983,BALDCYPRESS: COMMON,13.0,1,,35.22340041072082,-80.84447697248306,0,0,6,514550.0,3897450.0,548.7200552496487
1766425,110533983,BALDCYPRESS: COMMON,13.0,1,,35.22340041072082,-80.84447697248306,0,0,6,514550.0,3897450.0,548.7200552496487
1766426,110533984,BALDCYPRESS: COMMON,12.0,1,,35.22336001006505,-80.84442576207529,0,0,6,514550.0,3897450.0,542.2553201977034
1766426,110533984,BALDCYPRESS: COMMON,12.0,1,,35.22336001006505,-80.84442576207529,0,0,6,514550.0,3897450.0,542.2553201977034
1766426,110533984,BALDCYPRESS: COMMON,12.0,1,,35.22336001006505,-80.84442576207529,0,0,6,514550.0,3897450.0,542.2553201977034
1766427,110533985,BALDCYPRESS: COMMON,11.0,1,,35.22331072004887,-80.84437705226324,0,0,6,514550.0,3897450.0,535.273930219903
1766427,110533985,BALDCYPRESS: COMMON,11.0,1,,35.22331072004887,-80.84437705226324,0,0,6,514550.0,3897450.0,535.273930219903
1766427,110533985,BALDCYPRESS: COMMON,11.0,1,,35.22331072004887,-80.84437705226324,0,0,6,514550.0,3897450.0,535.273930219903
1766428,110533986,BALDCYPRESS: COMMON,17.0,1,,35.222975330581896,-80.84401070153645,0,0,6,514550.0,3897450.0,485.49191117122314
1766428,110533986,BALDCYPRESS: COMMON,17.0,1,,35.222975330581896,-80.84401070153645,0,0,6,514550.0,3897450.0,485.49191117122314
1766428,110533986,BALDCYPRESS: COMMON,17.0,1,,35.222975330581896,-80.84401070153645,0,0,6,514550.0,3897450.0,485.49191117122314
1766429,110533987,BALDCYPRESS: COMMON,14.0,1,,35.222923620291425,-80.84394609235572,0,0,6,514550.0,3897450.0,477.2801686310671
1766429,110533987,BALDCYPRESS: COMMON,14.0,1,,35.222923620291425,-80.84394609235572,0,0,6,514550.0,3897450.0,477.2801686310671
1766429,110533987,BALDCYPRESS: COMMON,14.0,1,,35.222923620291425,-80.84394609235572,0,0,6,514550.0,3897450.0,477.2801686310671
1766430,110533988,BALDCYPRESS: COMMON,16.0,1,,35.2228251503351,-80.84382226139921,0,0,6,514550.0,3897450.0,461.59000314706617
1766430,110533988,BALDCYPRESS: COMMON,16.0,1,,35.2228251503351,-80.84382226139921,0,0,6,514550.0,3897450.0,461.59000314706617
1766430,110533988,BALDCYPRESS: COMMON,16.0,1,,35.2228251503351,-80.84382226139921,0,0,6,514550.0,3897450.0,461.59000314706617
1766431,110533989,BALDCYPRESS: COMMON,16.0,1,,35.22271496998847,-80.84371795189395,0,0,6,514550.0,3897450.0,446.314397313406
1766431,110533989,BALDCYPRESS: COMMON,16.0,1,,35.22271496998847,-80.84371795189395,0,0,6,514550.0,3897450.0,446.314397313406
1766431,110533989,BALDCYPRESS: COMMON,16.0,1,,35.22271496998847,-80.84371795189395,0,0,6,514550.0,3897450.0,446.314397313406
1766432,110533990,BALDCYPRESS: COMMON,16.0,1,S BREVARD ST,35.222554299941386,-80.84353252227552,0,0,6,514550.0,3897450.0,421.82819143151823
1766432,110533990,BALDCYPRESS: COMMON,16.0,1,S BREVARD ST,35.222554299941386,-80.84353252227552,0,0,6,514550.0,3897450.0,421.82819143151823
1766432,110533990,BALDCYPRESS: COMMON,16.0,1,S BREVARD ST,35.222554299941386,-80.84353252227552,0,0,6,514550.0,3897450.0,421.82819143151823
1766433,110533991,BALDCYPRESS: COMMON,11.0,1,S BREVARD ST,35.22252464015843,-80.8434920621624,0,0,6,514550.0,3897450.0,416.8914498685903
1766433,110533991,BALDCYPRESS: COMMON,11.0,1,S BREVARD ST,35.22252464015843,-80.8434920621624,0,0,6,514550.0,3897450.0,416.8914498685903
1766433,110533991,BALDCYPRESS: COMMON,11.0,1,S BREVARD ST,35.22252464015843,-80.8434920621624,0,0,6,514550.0,3897450.0,416.8914498685903
1766434,110533992,BALDCYPRESS: COMMON,14.0,1,S BREVARD ST,35.22247788003482,-80.84343700171357,0,0,6,514550.0,3897450.0,409.6929501553181
1766434,110533992,BALDCYPRESS: COMMON,14.0,1,S BREVARD ST,35.22247788003482,-80.84343700171357,0,0,6,514550.0,3897450.0,409.6929501553181
1766434,110533992,BALDCYPRESS: COMMON,14.0,1,S BREVARD ST,35.22247788003482,-80.84343700171357,0,0,6,514550.0,3897450.0,409.6929501553181
1766435,110533993,BALDCYPRESS: COMMON,18.0,1,S BREVARD ST,35.22244982074804,-80.84340073224213,0,0,6,514550.0,3897450.0,405.1570674004576
1766435,110533993,BALDCYPRESS: COMMON,18.0,1,S BREVARD ST,35.22244982074804,-80.84340073224213,0,0,6,514550.0,3897450.0,405.1570674004576
1766435,110533993,BALDCYPRESS: COMMON,18.0,1,S BREVARD ST,35.22244982074804,-80.84340073224213,0,0,6,514550.0,3897450.0,405.1570674004576
1766436,110533994,BALDCYPRESS: COMMON,16.0,1,,35.22399443058371,-80.84125858131056,0,0,6,514550.0,3897450.0,457.21998399364605
1766436,110533994,BALDCYPRESS: COMMON,16.0,1,,35.22399443058371,-80.84125858131056,0,0,6,514550.0,3897450.0,457.21998399364605
1766437,110533995,BALDCYPRESS: COMMON,16.0,1,,35.223950600464356,-80.84120359070343,0,0,6,514550.0,3897450.0,451.3687724136469
1766437,110533995,BALDCYPRESS: COMMON,16.0,1,,35.223950600464356,-80.84120359070343,0,0,6,514550.0,3897450.0,451.3687724136469
1766438,110533996,BALDCYPRESS: COMMON,18.0,1,,35.22404044046795,-80.84156033105556,0,0,6,514550.0,3897450.0,469.1019734469033
1766438,110533996,BALDCYPRESS: COMMON,18.0,1,,35.22404044046795,-80.84156033105556,0,0,6,514550.0,3897450.0,469.1019734469033
1766439,110533997,BALDCYPRESS: COMMON,19.0,1,,35.22411713086621,-80.84164884106063,0,0,6,514550.0,3897450.0,479.54685159016566
1766439,110533997,BALDCYPRESS: COMMON,19.0,1,,35.22411713086621,-80.84164884106063,0,0,6,514550.0,3897450.0,479.54685159016566
1766572,110534130,BALDCYPRESS: COMMON,20.0,1,,35.223456510897776,-80.84292825162677,0,0,6,514550.0,3897450.0,462.5991111142016
1766572,110534130,BALDCYPRESS: COMMON,20.0,1,,35.223456510897776,-80.84292825162677,0,0,6,514550.0,3897450.0,462.5991111142016
1766572,110534130,BALDCYPRESS: COMMON,20.0,1,,35.223456510897776,-80.84292825162677,0,0,6,514550.0,3897450.0,462.5991111142016
1766573,110534131,BALDCYPRESS: COMMON,3.0,1,,35.22313879064107,-80.84253799174282,0,0,6,514550.0,3897450.0,413.7375704938736
1766573,110534131,BALDCYPRESS: COMMON,3.0,1,,35.22313879064107,-80.84253799174282,0,0,6,514550.0,3897450.0,413.7375704938736
1766573,110534131,BALDCYPRESS: COMMON,3.0,1,,35.22313879064107,-80.84253799174282,0,0,6,514550.0,3897450.0,413.7375704938736
1766574,110534132,BALDCYPRESS: COMMON,3.0,1,,35.22327684007849,-80.84270161178719,0,0,6,514550.0,3897450.0,434.64270590821167
1766574,110534132,BALDCYPRESS: COMMON,3.0,1,,35.22327684007849,-80.84270161178719,0,0,6,514550.0,3897450.0,434.64270590821167
1766574,110534132,BALDCYPRESS: COMMON,3.0,1,,35.22327684007849,-80.84270161178719,0,0,6,514550.0,3897450.0,434.64270590821167
1766575,110534133,BALDCYPRESS: COMMON,15.0,1,,35.22352772042958,-80.84301811172202,0,0,6,514550.0,3897450.0,473.70481092014023
1766575,110534133,BALDCYPRESS: COMMON,15.0,1,,35.22352772042958,-80.84301811172202,0,0,6,514550.0,3897450.0,473.70481092014023
1766575,110534133,BALDCYPRESS: COMMON,15.0,1,,35.22352772042958,-80.84301811172202,0,0,6,514550.0,3897450.0,473.70481092014023
1766576,110534134,BALDCYPRESS: COMMON,6.0,1,201 S COLLEGE ST,35.22523458085718,-80.84262382198614,0,3,7,514550.0,3898550.0,565.7202840731426
1766576,110534134,BALDCYPRESS: COMMON,6.0,1,201 S COLLEGE ST,35.22523458085718,-80.84262382198614,0,3,7,514550.0,3898550.0,565.7202840731426
1766577,110534135,BALDCYPRESS: COMMON,13.0,1,,35.22445237043772,-80.84176283149694,0,0,6,514550.0,3897450.0,518.1366027240736
1766577,110534135,BALDCYPRESS: COMMON,13.0,1,,35.22445237043772,-80.84176283149694,0,0,6,514550.0,3897450.0,518.1366027240736
1766578,110534136,BALDCYPRESS: COMMON,12.0,1,,35.22441402046126,-80.84172662131347,0,0,6,514550.0,3897450.0,513.1179220746475
1766578,110534136,BALDCYPRESS: COMMON,12.0,1,,35.22441402046126,-80.84172662131347,0,0,6,514550.0,3897450.0,513.1179220746475
1766579,110534137,BALDCYPRESS: COMMON,12.0,1,,35.22422340085282,-80.8415107007523,0,0,6,514550.0,3897450.0,487.4284524974935
1766579,110534137,BALDCYPRESS: COMMON,12.0,1,,35.22422340085282,-80.8415107007523,0,0,6,514550.0,3897450.0,487.4284524974935
1766580,110534138,BALDCYPRESS: COMMON,14.0,1,,35.22391116039786,-80.8414154908651,0,0,6,514550.0,3897450.0,451.7389352958476
1766580,110534138,BALDCYPRESS: COMMON,14.0,1,,35.22391116039786,-80.8414154908651,0,0,6,514550.0,3897450.0,451.7389352958476
1766581,110534139,BALDCYPRESS: COMMON,13.0,1,,35.22480732063398,-80.84241863133936,0,0,6,514550.0,3897450.0,574.8588668965974
1766581,110534139,BALDCYPRESS: COMMON,13.0,1,,35.22480732063398,-80.84241863133936,0,0,6,514550.0,3897450.0,574.8588668965974
1766749,110534307,ELM: AMERICAN,15.0,1,401 W WORTHINGTON AV,35.213688037892176,-80.86425063693142,1,4,1,512750.0,3896350.0,561.4826935896076
1766750,110534308,ELM: AMERICAN,2.0,1,KEE CT,35.216821518320266,-80.85838314550007,1,7,2,512750.0,3897450.0,378.8956845435689
1766751,110534309,ELM: AMERICAN,2.0,1,,35.21692122838879,-80.85832279607483,1,7,2,512750.0,3897450.0,370.71297002666523
1766752,110534310,ELM: AMERICAN,2.0,1,,35.21702092837766,-80.85825171553877,1,7,2,512750.0,3897450.0,363.16943321788614
1766753,110534311,ELM: AMERICAN,2.0,1,,35.2170998182251,-80.85818466576872,1,7,2,512750.0,3897450.0,357.8411060309011
1766875,110534433,ELM: CHINESE,17.0,1,,35.21468470798382,-80.86310273687162,1,4,1,512750.0,3896350.0,586.8026919097962
1766906,110534464,ELM: CHINESE,15.0,1,,35.22580536132919,-80.83162005783414,1,2,9,515475.0,3898575.0,501.24674304924736
1766907,110534465,ELM: CHINESE,10.0,1,703 E 9TH ST,35.22587328154505,-80.83150337780796,1,2,9,515475.0,3898575.0,490.8919264495379
1766909,110534467,ELM: CHINESE,13.0,1,,35.226987781822764,-80.83321652862843,1,2,9,515475.0,3898575.0,457.041900429851
1766913,110534471,ELM: CHINESE,99.0,1,,35.224167520301094,-80.8499757632218,1,1,4,513650.0,3897450.0,463.1668541230152
1766914,110534472,ELM: CHINESE,99.0,1,,35.22427927008634,-80.84982689330663,1,1,4,513650.0,3897450.0,475.84442139839
1766929,110534487,ELM: CHINESE,11.0,1,,35.214552598212975,-80.86280824716191,1,4,1,512750.0,3896350.0,561.0530569016903
1766987,110534545,ELM: CHINESE,15.0,1,,35.21440675765583,-80.8624814466427,1,4,1,512750.0,3896350.0,533.1476278897161
1767022,110534580,ELM: CHINESE,5.0,1,,35.218931009353376,-80.84771442227218,1,1,4,513650.0,3897450.0,239.82276230462907
1767023,110534581,ELM: CHINESE,12.0,1,,35.21895800931601,-80.84857564260432,1,1,4,513650.0,3897450.0,173.7738208413481
1767024,110534582,ELM: CHINESE,7.0,1,,35.218902789237575,-80.84784900299857,1,1,4,513650.0,3897450.0,230.8474204023824
1767025,110534583,ELM: CHINESE,6.0,1,,35.2190752393976,-80.84824841348927,1,1,4,513650.0,3897450.0,189.8821195032992
1767026,110534584,ELM: CHINESE,5.0,1,,35.21885653930669,-80.84798033336205,1,1,4,513650.0,3897450.0,223.59381897633398
1767027,110534585,ELM: CHINESE,6.0,1,,35.21911139981702,-80.84812503271002,1,1,4,513650.0,3897450.0,197.44710674602695
1767028,110534586,ELM: CHINESE,6.0,1,,35.21914755956126,-80.84799897318057,1,1,4,513650.0,3897450.0,205.64305140257815
1767029,110534587,ELM: CHINESE,5.0,1,,35.219184809412,-80.8478782724584,1,1,4,513650.0,3897450.0,213.72166206594503
1767030,110534588,ELM: CHINESE,6.0,1,,35.2192297296765,-80.84774550281404,1,1,4,513650.0,3897450.0,222.81748594361747
1767031,110534589,ELM: CHINESE,4.0,1,,35.228105261647755,-80.83412950904614,1,2,9,515475.0,3898575.0,441.525836837047
1767031,110534589,ELM: CHINESE,4.0,1,,35.228105261647755,-80.83412950904614,1,2,9,515475.0,3898575.0,441.525836837047
1767032,110534590,ELM: CHINESE,11.0,1,,35.22767326163538,-80.8337614088076,1,2,9,515475.0,3898575.0,440.5614298359053
1767032,110534590,ELM: CHINESE,11.0,1,,35.22767326163538,-80.8337614088076,1,2,9,515475.0,3898575.0,440.5614298359053
1767033,110534591,ELM: CHINESE,12.0,1,,35.22763906169478,-80.83380605922895,1,2,9,515475.0,3898575.0,446.09698342991214
1767033,110534591,ELM: CHINESE,12.0,1,,35.22763906169478,-80.83380605922895,1,2,9,515475.0,3898575.0,446.09698342991214
1767034,110534592,ELM: CHINESE,12.0,1,,35.227724362212804,-80.83384523943693,1,2,9,515475.0,3898575.0,443.2076723950801
1767034,110534592,ELM: CHINESE,12.0,1,,35.227724362212804,-80.83384523943693,1,2,9,515475.0,3898575.0,443.2076723950801
1767035,110534593,ELM: CHINESE,14.0,1,,35.22779121199763,-80.83389577915551,1,2,9,515475.0,3898575.0,442.5600756594643
1767035,110534593,ELM: CHINESE,14.0,1,,35.22779121199763,-80.83389577915551,1,2,9,515475.0,3898575.0,442.5600756594643
1767036,110534594,ELM: CHINESE,13.0,1,,35.227653231916456,-80.83396785952334,1,2,9,515475.0,3898575.0,456.8688901183187
1767036,110534594,ELM: CHINESE,13.0,1,,35.227653231916456,-80.83396785952334,1,2,9,515475.0,3898575.0,456.8688901183187
1767037,110534595,ELM: CHINESE,12.0,1,,35.22772656171343,-80.83400399914683,1,2,9,515475.0,3898575.0,454.74088553741046
1767037,110534595,ELM: CHINESE,12.0,1,,35.22772656171343,-80.83400399914683,1,2,9,515475.0,3898575.0,454.74088553741046
1767038,110534596,ELM: CHINESE,4.0,1,,35.22780146148578,-80.83404820870905,1,2,9,515475.0,3898575.0,453.28034102709483
1767038,110534596,ELM: CHINESE,4.0,1,,35.22780146148578,-80.83404820870905,1,2,9,515475.0,3898575.0,453.28034102709483
1767039,110534597,ELM: CHINESE,7.0,1,,35.22795709223759,-80.83416507915521,1,2,9,515475.0,3898575.0,452.76737122308185
1767039,110534597,ELM: CHINESE,7.0,1,,35.22795709223759,-80.83416507915521,1,2,9,515475.0,3898575.0,452.76737122308185
1767040,110534598,ELM: CHINESE,5.0,1,,35.22800905204734,-80.83420946901703,1,2,9,515475.0,3898575.0,453.21732992033617
1767040,110534598,ELM: CHINESE,5.0,1,,35.22800905204734,-80.83420946901703,1,2,9,515475.0,3898575.0,453.21732992033617
1767041,110534599,ELM: CHINESE,10.0,1,,35.22804598184004,-80.83424844940401,1,2,9,515475.0,3898575.0,454.1872424702144
1767041,110534599,ELM: CHINESE,10.0,1,,35.22804598184004,-80.83424844940401,1,2,9,515475.0,3898575.0,454.1872424702144
1767042,110534600,ELM: CHINESE,14.0,1,,35.22573415137598,-80.83171259810447,1,2,9,515475.0,3898575.0,511.37042585657986
1767050,110534608,ELM: CHINESE,5.0,1,,35.22616809122202,-80.83183042873578,1,2,9,515475.0,3898575.0,469.78714374104277
1767051,110534609,ELM: CHINESE,7.0,1,,35.22611347168552,-80.83177317849933,1,2,9,515475.0,3898575.0,473.5639766203663
1767052,110534610,ELM: CHINESE,9.0,1,,35.22605379173161,-80.83171119852202,1,2,9,515475.0,3898575.0,477.8270021905655
1767053,110534611,ELM: CHINESE,12.0,1,,35.22594538148392,-80.8318983682853,1,2,9,515475.0,3898575.0,495.0430469660578
1767054,110534612,ELM: CHINESE,11.0,1,,35.22600297113953,-80.83180574795554,1,2,9,515475.0,3898575.0,486.07854159647064
1767055,110534613,ELM: CHINESE,11.0,1,,35.22608612143696,-80.83190312812181,1,2,9,515475.0,3898575.0,480.6789787977987
1767056,110534614,ELM: CHINESE,12.0,1,,35.22600941188067,-80.83197372832467,1,2,9,515475.0,3898575.0,490.97431290388755
1767057,110534615,ELM: CHINESE,12.0,1,,35.22607973111578,-80.83206860818967,1,2,9,515475.0,3898575.0,487.13561650267866
1767058,110534616,ELM: CHINESE,10.0,1,,35.22616682185036,-80.83199503854414,1,2,9,515475.0,3898575.0,475.61549717121903
1767059,110534617,ELM: CHINESE,10.0,1,,35.22623498161228,-80.83207289810451,1,2,9,515475.0,3898575.0,471.55312424952723
1767060,110534618,ELM: CHINESE,12.0,1,,35.226172911165264,-80.83215923811996,1,2,9,515475.0,3898575.0,481.0829590328749
1767061,110534619,ELM: CHINESE,11.0,1,,35.2262526113496,-80.83225603909442,1,2,9,515475.0,3898575.0,476.91012382824334
1767062,110534620,ELM: CHINESE,11.0,1,,35.22631472144197,-80.83216297864513,1,2,9,515475.0,3898575.0,467.0077221485926
1767063,110534621,ELM: CHINESE,11.0,1,,35.22639650156709,-80.83226436899538,1,2,9,515475.0,3898575.0,463.00045826961565
1767064,110534622,ELM: CHINESE,10.0,1,,35.22633060135378,-80.83234341809573,1,2,9,515475.0,3898575.0,472.7999237290108
1767065,110534623,ELM: CHINESE,11.0,1,,35.2264068712899,-80.8324307190104,1,2,9,515475.0,3898575.0,469.1116039918555
1767067,110534625,ELM: CHINESE,9.0,1,,35.22646617194062,-80.83234623842797,1,2,9,515475.0,3898575.0,459.65043204134184
1767068,110534626,ELM: CHINESE,9.0,1,,35.22655172118709,-80.83244473841572,1,2,9,515475.0,3898575.0,455.75651362783134
1767069,110534627,ELM: CHINESE,9.0,1,,35.22648095172212,-80.83251821915488,1,2,9,515475.0,3898575.0,465.902113685391
1767070,110534628,ELM: CHINESE,9.0,1,,35.22653115173317,-80.83256864828628,1,2,9,515475.0,3898575.0,463.4576390490377
1767071,110534629,ELM: CHINESE,8.0,1,,35.226594691999935,-80.83249796834691,1,2,9,515475.0,3898575.0,454.1048691206491
1767078,110534636,ELM: CHINESE,10.0,1,567 E 9TH ST,35.22688722167025,-80.83289040918135,1,2,9,515475.0,3898575.0,447.10009893654046
1767079,110534637,ELM: CHINESE,11.0,1,,35.22681494207482,-80.83297558883592,1,2,9,515475.0,3898575.0,458.1676321678192
1767080,110534638,ELM: CHINESE,10.0,1,,35.22684129149826,-80.83302261930933,1,2,9,515475.0,3898575.0,458.4500131877478
1767081,110534639,ELM: CHINESE,10.0,1,563 E 9TH ST,35.22692068133384,-80.83292279883622,1,2,9,515475.0,3898575.0,445.93023957574076
1767083,110534641,ELM: CHINESE,12.0,1,551 E 9TH ST,35.22700437146984,-80.83300549913184,1,2,9,515475.0,3898575.0,443.30919348765116
1767084,110534642,ELM: CHINESE,12.0,1,,35.22691169147438,-80.83311437899434,1,2,9,515475.0,3898575.0,457.53479126704514
1767085,110534643,ELM: CHINESE,12.0,1,541 E 9TH ST,35.2270700819129,-80.83307894847412,1,2,9,515475.0,3898575.0,441.9680078433625
1767087,110534645,ELM: CHINESE,12.0,1,533 E 9TH ST,35.22716014201762,-80.83317472867712,1,2,9,515475.0,3898575.0,440.1861540724226
1767089,110534647,ELM: CHINESE,15.0,1,,35.22706494137088,-80.83330481914923,1,2,9,515475.0,3898575.0,455.9572306133279
1767091,110534649,ELM: CHINESE,13.0,1,,35.22714875134831,-80.83340707920003,1,2,9,515475.0,3898575.0,455.52025307720453
1767094,110534652,ELM: CHINESE,13.0,1,,35.22724372153283,-80.83350076949213,1,2,9,515475.0,3898575.0,454.0394504126131
1767096,110534654,ELM: CHINESE,12.0,1,515 E 9TH ST,35.22733620210472,-80.83335509928564,1,2,9,515475.0,3898575.0,437.39750701882366
1767097,110534655,ELM: CHINESE,14.0,1,,35.22733717150313,-80.83358428928962,1,2,9,515475.0,3898575.0,452.3942282799925
1767097,110534655,ELM: CHINESE,14.0,1,,35.22733717150313,-80.83358428928962,1,2,9,515475.0,3898575.0,452.3942282799925
1767098,110534656,ELM: CHINESE,10.0,1,507 E 9TH ST,35.22741025200605,-80.83346443939587,1,2,9,515475.0,3898575.0,438.88789387028345
1767098,110534656,ELM: CHINESE,10.0,1,507 E 9TH ST,35.22741025200605,-80.83346443939587,1,2,9,515475.0,3898575.0,438.88789387028345
1767100,110534658,ELM: CHINESE,12.0,1,526 N DAVIDSON ST,35.22618688194743,-80.83233422825491,1,2,9,515475.0,3898575.0,486.60592482899057
1767102,110534660,ELM: CHINESE,12.0,1,526 N DAVIDSON ST,35.22624610132776,-80.83240218904689,1,2,9,515475.0,3898575.0,483.58253878394214
1767103,110534661,ELM: CHINESE,10.0,1,,35.22630629194724,-80.8324683488937,1,2,9,515475.0,3898575.0,480.5363384499783
1767104,110534662,ELM: CHINESE,12.0,1,,35.22636545165029,-80.83254214862768,1,2,9,515475.0,3898575.0,478.0836431844458
1767105,110534663,ELM: CHINESE,10.0,1,,35.2264193112321,-80.8326066883466,1,2,9,515475.0,3898575.0,475.87766304927936
1767107,110534665,ELM: CHINESE,13.0,1,562 E 9TH ST,35.22679626195412,-80.83312840915853,1,2,9,515475.0,3898575.0,468.3161135064076
1767109,110534667,ELM: CHINESE,11.0,1,554 E 9TH ST,35.226848911900845,-80.833200878797,1,2,9,515475.0,3898575.0,467.9081655365758
1767110,110534668,ELM: CHINESE,13.0,1,550 E 9TH ST,35.2269104715973,-80.83326983842889,1,2,9,515475.0,3898575.0,466.70704000139824
1767112,110534670,ELM: CHINESE,11.0,1,538 E 9TH ST,35.226967301365505,-80.83334563941834,1,2,9,515475.0,3898575.0,466.49322812972
1767113,110534671,ELM: CHINESE,12.0,1,534 E 9TH ST,35.22702721150349,-80.83342247899971,1,2,9,515475.0,3898575.0,466.28030287410365
1767114,110534672,ELM: CHINESE,12.0,1,526 E 9TH ST,35.22708212187933,-80.8334767894606,1,2,9,515475.0,3898575.0,465.24366477756774
1767115,110534673,ELM: CHINESE,11.0,1,518 E 9TH ST,35.22714737137663,-80.83355891932312,1,2,9,515475.0,3898575.0,465.31382280118254
1767116,110534674,ELM: CHINESE,12.0,1,702 E 9TH ST,35.22564869140795,-80.83180780861272,1,2,9,515475.0,3898575.0,523.1264494985292
1767117,110534675,ELM: CHINESE,11.0,1,510 E 9TH ST,35.22720818180551,-80.83360936863096,1,2,9,515475.0,3898575.0,463.87489578469996
1767117,110534675,ELM: CHINESE,11.0,1,510 E 9TH ST,35.22720818180551,-80.83360936863096,1,2,9,515475.0,3898575.0,463.87489578469996
1767118,110534676,ELM: CHINESE,11.0,1,506 E 9TH ST,35.227280071572046,-80.83366675917922,1,2,9,515475.0,3898575.0,462.2033316412271
1767118,110534676,ELM: CHINESE,11.0,1,506 E 9TH ST,35.227280071572046,-80.83366675917922,1,2,9,515475.0,3898575.0,462.2033316412271
1767119,110534677,ELM: CHINESE,11.0,1,502 E 9TH ST,35.22735137204585,-80.83373494882017,1,2,9,515475.0,3898575.0,461.5017768317765
1767119,110534677,ELM: CHINESE,11.0,1,502 E 9TH ST,35.22735137204585,-80.83373494882017,1,2,9,515475.0,3898575.0,461.5017768317765
1767120,110534678,ELM: CHINESE,13.0,1,503 E 9TH ST,35.227525981881925,-80.83343939860458,1,2,9,515475.0,3898575.0,428.54066728325944
1767120,110534678,ELM: CHINESE,13.0,1,503 E 9TH ST,35.227525981881925,-80.83343939860458,1,2,9,515475.0,3898575.0,428.54066728325944
1767121,110534679,ELM: CHINESE,10.0,1,507 E 9TH ST,35.22746566135267,-80.8333673884533,1,2,9,515475.0,3898575.0,428.24066789409244
1767121,110534679,ELM: CHINESE,10.0,1,507 E 9TH ST,35.22746566135267,-80.8333673884533,1,2,9,515475.0,3898575.0,428.24066789409244
1767122,110534680,ELM: CHINESE,10.0,1,511 E 9TH ST,35.22740958151403,-80.83329546946945,1,2,9,515475.0,3898575.0,427.82201968741293
1767123,110534681,ELM: CHINESE,11.0,1,519 E 9TH ST,35.22736678213372,-80.83325575885881,1,2,9,515475.0,3898575.0,428.6025871812838
1767124,110534682,ELM: CHINESE,10.0,1,525 E 9TH ST,35.22729024137413,-80.83317083883739,1,2,9,515475.0,3898575.0,429.33305773199817
1767125,110534683,ELM: CHINESE,10.0,1,533 E 9TH ST,35.22722149187227,-80.83310141936374,1,2,9,515475.0,3898575.0,430.6662238224654
1767126,110534684,ELM: CHINESE,12.0,1,541 E 9TH ST,35.22715679135389,-80.8330345085034,1,2,9,515475.0,3898575.0,432.03056159890775
1767127,110534685,ELM: CHINESE,10.0,1,551 E 9TH ST,35.227107421259504,-80.83296787903396,1,2,9,515475.0,3898575.0,432.3007046971925
1767128,110534686,ELM: CHINESE,11.0,1,559 E 9TH ST,35.22701295207205,-80.8328649587801,1,2,9,515475.0,3898575.0,434.61420110341106
1767129,110534687,ELM: CHINESE,10.0,1,563 E 9TH ST,35.22697605157605,-80.83283448930295,1,2,9,515475.0,3898575.0,436.17249146061124
1767130,110534688,ELM: CHINESE,16.0,1,,35.225862321277766,-80.83201567887481,1,2,9,515475.0,3898575.0,507.52756000336956
1767131,110534689,ELM: CHINESE,11.0,1,,35.22660767156649,-80.83237899811019,1,2,9,515475.0,3898575.0,447.3946804485426
1767132,110534690,ELM: CHINESE,10.0,1,,35.22655138161427,-80.83229638896421,1,2,9,515475.0,3898575.0,449.1814666512614
1767133,110534691,ELM: CHINESE,10.0,1,,35.22648613202446,-80.8322194481414,1,2,9,515475.0,3898575.0,452.2923787760548
1767134,110534692,ELM: CHINESE,10.0,1,,35.226428271166625,-80.83215482851048,1,2,9,515475.0,3898575.0,455.36503232006487
1767135,110534693,ELM: CHINESE,15.0,1,,35.225926961223365,-80.83207602892514,1,2,9,515475.0,3898575.0,502.9826857102433
1767136,110534694,ELM: CHINESE,7.0,1,,35.22636795189744,-80.83208613868196,1,2,9,515475.0,3898575.0,458.67074448785246
1767137,110534695,ELM: CHINESE,14.0,1,,35.225990501640155,-80.83213503799024,1,2,9,515475.0,3898575.0,498.62267081756164
1767138,110534696,ELM: CHINESE,12.0,1,,35.22605623180237,-80.8322047788336,1,2,9,515475.0,3898575.0,494.56884595019994
1767139,110534697,ELM: CHINESE,9.0,1,,35.22629827197542,-80.83199982804175,1,2,9,515475.0,3898575.0,462.42805733246314
1767140,110534698,ELM: CHINESE,12.0,1,526 N DAVIDSON ST,35.22611977166546,-80.83226780855374,1,2,9,515475.0,3898575.0,490.62647178252655
1767148,110534706,ELM: CHINESE,4.0,1,,35.221515150035735,-80.83651240992165,1,0,6,514550.0,3897450.0,370.05368999801686
1767149,110534707,ELM: CHINESE,4.0,1,,35.22161156081775,-80.83662103965504,1,0,6,514550.0,3897450.0,366.47099794484603
1767150,110534708,ELM: CHINESE,4.0,1,,35.221720030027996,-80.83674039928957,1,0,6,514550.0,3897450.0,363.3168909233671
1767151,110534709,ELM: CHINESE,5.0,1,,35.221892030519605,-80.83694960927585,1,0,6,514550.0,3897450.0,358.29484740314564
1767152,110534710,ELM: CHINESE,5.0,1,,35.22195886038397,-80.83702470971585,1,0,6,514550.0,3897450.0,357.3179217129531
1767153,110534711,ELM: CHINESE,5.0,1,,35.22218455073226,-80.83728622986611,1,0,6,514550.0,3897450.0,355.5926289414641
1767154,110534712,ELM: CHINESE,4.0,1,,35.22230616063181,-80.83743911025809,1,0,6,514550.0,3897450.0,355.30222874362335
1767155,110534713,ELM: CHINESE,4.0,1,,35.22242558017743,-80.83757187978146,1,0,6,514550.0,3897450.0,357.06912848112194
1767156,110534714,ELM: CHINESE,4.0,1,,35.22258115027908,-80.83775560977335,1,0,6,514550.0,3897450.0,360.1099478034568
1767157,110534715,ELM: CHINESE,5.0,1,,35.22271262090862,-80.83790313030558,1,0,6,514550.0,3897450.0,364.28899973651573
1767157,110534715,ELM: CHINESE,5.0,1,,35.22271262090862,-80.83790313030558,1,0,6,514550.0,3897450.0,364.28899973651573
1767158,110534716,ELM: CHINESE,5.0,1,,35.22255376072143,-80.8374189896429,1,0,6,514550.0,3897450.0,376.9179115395193
1767166,110534724,ELM: CHINESE,3.0,1,,35.22037123983845,-80.83928805087079,1,0,6,514550.0,3897450.0,87.4906573260097
1767167,110534725,ELM: CHINESE,9.0,1,,35.22518967074854,-80.84087368129319,1,3,7,514550.0,3898550.0,526.7786865302706
1767167,110534725,ELM: CHINESE,9.0,1,,35.22518967074854,-80.84087368129319,1,3,7,514550.0,3898550.0,526.7786865302706
1767167,110534725,ELM: CHINESE,9.0,1,,35.22518967074854,-80.84087368129319,1,3,7,514550.0,3898550.0,526.7786865302706
1767168,110534726,ELM: CHINESE,6.0,1,,35.22446828066473,-80.83971931117243,1,0,6,514550.0,3897450.0,499.2596327825912
1767168,110534726,ELM: CHINESE,6.0,1,,35.22446828066473,-80.83971931117243,1,0,6,514550.0,3897450.0,499.2596327825912
1767168,110534726,ELM: CHINESE,6.0,1,,35.22446828066473,-80.83971931117243,1,0,6,514550.0,3897450.0,499.2596327825912
1767169,110534727,ELM: CHINESE,6.0,1,,35.22441948109448,-80.83964161047602,1,0,6,514550.0,3897450.0,494.43728179748985
1767169,110534727,ELM: CHINESE,6.0,1,,35.22441948109448,-80.83964161047602,1,0,6,514550.0,3897450.0,494.43728179748985
1767169,110534727,ELM: CHINESE,6.0,1,,35.22441948109448,-80.83964161047602,1,0,6,514550.0,3897450.0,494.43728179748985
1767170,110534728,ELM: CHINESE,6.0,1,,35.224365250669436,-80.83957579015353,1,0,6,514550.0,3897450.0,489.0192775390747
1767170,110534728,ELM: CHINESE,6.0,1,,35.224365250669436,-80.83957579015353,1,0,6,514550.0,3897450.0,489.0192775390747
1767170,110534728,ELM: CHINESE,6.0,1,,35.224365250669436,-80.83957579015353,1,0,6,514550.0,3897450.0,489.0192775390747
1767171,110534729,ELM: CHINESE,6.0,1,435 E TRADE ST,35.224208920454636,-80.83937878102378,1,0,6,514550.0,3897450.0,473.9991586923205
1767171,110534729,ELM: CHINESE,6.0,1,435 E TRADE ST,35.224208920454636,-80.83937878102378,1,0,6,514550.0,3897450.0,473.9991586923205
1767171,110534729,ELM: CHINESE,6.0,1,435 E TRADE ST,35.224208920454636,-80.83937878102378,1,0,6,514550.0,3897450.0,473.9991586923205
1767172,110534730,ELM: CHINESE,6.0,1,435 E TRADE ST,35.224125530791945,-80.83926397012,1,0,6,514550.0,3897450.0,466.4821777736524
1767172,110534730,ELM: CHINESE,6.0,1,435 E TRADE ST,35.224125530791945,-80.83926397012,1,0,6,514550.0,3897450.0,466.4821777736524
1767172,110534730,ELM: CHINESE,6.0,1,435 E TRADE ST,35.224125530791945,-80.83926397012,1,0,6,514550.0,3897450.0,466.4821777736524
1767173,110534731,ELM: CHINESE,6.0,1,435 E TRADE ST,35.22406637067606,-80.83919236056438,1,0,6,514550.0,3897450.0,461.16586094594476
1767173,110534731,ELM: CHINESE,6.0,1,435 E TRADE ST,35.22406637067606,-80.83919236056438,1,0,6,514550.0,3897450.0,461.16586094594476
1767173,110534731,ELM: CHINESE,6.0,1,435 E TRADE ST,35.22406637067606,-80.83919236056438,1,0,6,514550.0,3897450.0,461.16586094594476
1767174,110534732,ELM: CHINESE,6.0,1,435 E TRADE ST,35.224004540695574,-80.83912153028322,1,0,6,514550.0,3897450.0,455.6708317986838
1767174,110534732,ELM: CHINESE,6.0,1,435 E TRADE ST,35.224004540695574,-80.83912153028322,1,0,6,514550.0,3897450.0,455.6708317986838
1767174,110534732,ELM: CHINESE,6.0,1,435 E TRADE ST,35.224004540695574,-80.83912153028322,1,0,6,514550.0,3897450.0,455.6708317986838
1767175,110534733,ELM: CHINESE,5.0,1,,35.225318941336624,-80.84069665131777,1,3,7,514550.0,3898550.0,510.6174492392845
1767175,110534733,ELM: CHINESE,5.0,1,,35.225318941336624,-80.84069665131777,1,3,7,514550.0,3898550.0,510.6174492392845
1767175,110534733,ELM: CHINESE,5.0,1,,35.225318941336624,-80.84069665131777,1,3,7,514550.0,3898550.0,510.6174492392845
1767176,110534734,ELM: CHINESE,5.0,1,,35.225186380635385,-80.84056120099423,1,3,7,514550.0,3898550.0,524.1125635212976
1767176,110534734,ELM: CHINESE,5.0,1,,35.225186380635385,-80.84056120099423,1,3,7,514550.0,3898550.0,524.1125635212976
1767176,110534734,ELM: CHINESE,5.0,1,,35.225186380635385,-80.84056120099423,1,3,7,514550.0,3898550.0,524.1125635212976
1767177,110534735,ELM: CHINESE,4.0,1,,35.22514037109719,-80.84048878133936,1,3,7,514550.0,3898550.0,528.7198926197744
1767177,110534735,ELM: CHINESE,4.0,1,,35.22514037109719,-80.84048878133936,1,3,7,514550.0,3898550.0,528.7198926197744
1767177,110534735,ELM: CHINESE,4.0,1,,35.22514037109719,-80.84048878133936,1,3,7,514550.0,3898550.0,528.7198926197744
1767178,110534736,ELM: CHINESE,5.0,1,,35.22490263108069,-80.84022056126572,1,0,6,514550.0,3897450.0,546.1574330620267
1767178,110534736,ELM: CHINESE,5.0,1,,35.22490263108069,-80.84022056126572,1,0,6,514550.0,3897450.0,546.1574330620267
1767178,110534736,ELM: CHINESE,5.0,1,,35.22490263108069,-80.84022056126572,1,0,6,514550.0,3897450.0,546.1574330620267
1767186,110534744,ELM: CHINESE,99.0,1,,35.22494207032875,-80.8486306334698,1,1,4,513650.0,3897450.0,563.2446393915093
1767187,110534745,ELM: CHINESE,99.0,1,,35.224873050804824,-80.84872853367074,1,1,4,513650.0,3897450.0,553.8398439394206
1767188,110534746,ELM: CHINESE,99.0,1,,35.224720770691285,-80.84898200361334,1,1,4,513650.0,3897450.0,532.8081740138762
1767189,110534747,ELM: CHINESE,99.0,1,,35.224387730542105,-80.84966328410276,1,1,4,513650.0,3897450.0,488.60396815749436
1767191,110534749,ELM: CHINESE,4.0,1,,35.22600447133608,-80.84739953267479,1,5,5,513650.0,3898550.0,493.244616873847
1767192,110534750,ELM: CHINESE,4.0,1,,35.226064040524456,-80.84730684260461,1,5,5,513650.0,3898550.0,491.5927076736078
1767193,110534751,ELM: CHINESE,4.0,1,321 S CHURCH ST,35.226124091257645,-80.84722459306462,1,5,5,513650.0,3898550.0,489.6342232012081
1767194,110534752,ELM: CHINESE,4.0,1,321 S CHURCH ST,35.22620002087332,-80.84712365263246,1,5,5,513650.0,3898550.0,487.2923036332223
1767195,110534753,ELM: CHINESE,4.0,1,,35.22626487062571,-80.84701915337722,1,5,5,513650.0,3898550.0,486.4602390314731
1767196,110534754,ELM: CHINESE,4.0,1,,35.22633026068315,-80.84692461250825,1,5,5,513650.0,3898550.0,485.3485221042561
1767197,110534755,ELM: CHINESE,4.0,1,,35.2263987111463,-80.84681965287122,1,5,5,513650.0,3898550.0,484.7867606953531
1767198,110534756,ELM: CHINESE,4.0,1,,35.226471370948836,-80.84671193272702,1,5,5,513650.0,3898550.0,484.31868122070136
1767199,110534757,ELM: CHINESE,4.0,1,,35.226533651256105,-80.84662411254355,1,5,5,513650.0,3898550.0,483.92165441954745
1767200,110534758,ELM: CHINESE,2.0,1,301 S CHURCH ST,35.226494071006805,-80.84643209245748,1,5,5,513650.0,3898550.0,498.50288252635494
1767201,110534759,ELM: CHINESE,2.0,1,301 S CHURCH ST,35.226434641229986,-80.84649561264288,1,5,5,513650.0,3898550.0,499.8296596573965
1767202,110534760,ELM: CHINESE,2.0,1,301 S CHURCH ST,35.22636865112301,-80.84660178320908,1,5,5,513650.0,3898550.0,499.46822725526516
1767203,110534761,ELM: CHINESE,2.0,1,301 S CHURCH ST,35.226287860776004,-80.84670252291623,1,5,5,513650.0,3898550.0,501.0117719323476
1767204,110534762,ELM: CHINESE,4.0,1,,35.228791801594596,-80.84475112287376,1,3,7,514550.0,3898550.0,440.4267905525532
1767205,110534763,ELM: CHINESE,4.0,1,,35.22830349161551,-80.84421750244047,1,3,7,514550.0,3898550.0,414.0827476941892
1767210,110534768,ELM: CHINESE,4.0,1,,35.227651021018914,-80.8449673427416,1,3,7,514550.0,3898550.0,507.9755497993767
1767210,110534768,ELM: CHINESE,4.0,1,,35.227651021018914,-80.8449673427416,1,3,7,514550.0,3898550.0,507.9755497993767
1767211,110534769,ELM: CHINESE,99.0,1,,35.22774060180281,-80.84485813242912,1,3,7,514550.0,3898550.0,494.457070062029
1767211,110534769,ELM: CHINESE,99.0,1,,35.22774060180281,-80.84485813242912,1,3,7,514550.0,3898550.0,494.457070062029
1767232,110534790,ELM: CHINESE,14.0,1,,35.21431139767761,-80.86227472653013,1,4,1,512750.0,3896350.0,515.5504877173846
1767233,110534791,ELM: CHINESE,8.0,1,,35.21425252791384,-80.8621571966338,1,4,1,512750.0,3896350.0,505.21120874238994
1767234,110534792,ELM: CHINESE,12.0,1,,35.21416701808821,-80.86197662693826,1,4,1,512750.0,3896350.0,490.0316109669179
1767235,110534793,ELM: CHINESE,9.0,1,317 WEST BV,35.214326488021094,-80.86273452700559,1,4,1,512750.0,3896350.0,535.790875861703
1767236,110534794,ELM: CHINESE,11.0,1,317 WEST BV,35.21438133825665,-80.86284119666988,1,4,1,512750.0,3896350.0,545.806725321854
1767240,110534798,ELM: CHINESE,15.0,1,,35.21479653804686,-80.86372530750994,1,4,1,512750.0,3896350.0,627.0645501867524
1768058,110535616,ELM:  CHINESE,99.0,1,,35.22772687173131,-80.84464264286163,1,3,7,514550.0,3898550.0,478.15394406845013
1768058,110535616,ELM:  CHINESE,99.0,1,,35.22772687173131,-80.84464264286163,1,3,7,514550.0,3898550.0,478.15394406845013
1768063,110535621,ZELKOVA: JAPANESE,4.0,1,,35.228531501533695,-80.84446344214044,1,3,7,514550.0,3898550.0,424.76569162151463
1768064,110535622,ZELKOVA: JAPANESE,17.0,1,,35.21460478837063,-80.86291551662207,1,4,1,512750.0,3896350.0,570.7739484325023
1768068,110535626,ZELKOVA: JAPANESE,4.0,1,,35.22861447197045,-80.8445544018807,1,3,7,514550.0,3898550.0,429.37246761135265
1768079,110535637,ZELKOVA: JAPANESE,9.0,1,,35.225811931347494,-80.84128406175057,1,3,7,514550.0,3898550.0,465.65838728211605
1768079,110535637,ZELKOVA: JAPANESE,9.0,1,,35.225811931347494,-80.84128406175057,1,3,7,514550.0,3898550.0,465.65838728211605
1768079,110535637,ZELKOVA: JAPANESE,9.0,1,,35.225811931347494,-80.84128406175057,1,3,7,514550.0,3898550.0,465.65838728211605
1768080,110535638,ZELKOVA: JAPANESE,9.0,1,,35.22502424098541,-80.84034126146216,1,3,7,514550.0,3898550.0,540.8653462064532
1768080,110535638,ZELKOVA: JAPANESE,9.0,1,,35.22502424098541,-80.84034126146216,1,3,7,514550.0,3898550.0,540.8653462064532
1768080,110535638,ZELKOVA: JAPANESE,9.0,1,,35.22502424098541,-80.84034126146216,1,3,7,514550.0,3898550.0,540.8653462064532
1768081,110535639,ZELKOVA: JAPANESE,15.0,1,,35.22575277113284,-80.847481303602,1,5,5,513650.0,3898550.0,514.5804884148139
1768082,110535640,ZELKOVA: JAPANESE,13.0,1,,35.225684850826966,-80.84756981296047,1,5,5,513650.0,3898550.0,517.8595643629008
1768083,110535641,ZELKOVA: JAPANESE,12.0,1,,35.225596110490905,-80.84770393294843,1,5,5,513650.0,3898550.0,521.7900355143809
1768084,110535642,ZELKOVA: JAPANESE,12.0,1,,35.22553476100726,-80.84781121323627,1,5,5,513650.0,3898550.0,524.2609032184275
1768085,110535643,ZELKOVA: JAPANESE,99.0,1,,35.22405906048209,-80.85012462395825,1,1,4,513650.0,3897450.0,451.24546407172943
1768086,110535644,ZELKOVA: JAPANESE,99.0,1,,35.224114940155744,-80.85005890367557,1,1,4,513650.0,3897450.0,457.3450743143142
1768087,110535645,ZELKOVA: JAPANESE,99.0,1,,35.22422121042767,-80.84990334327841,1,1,4,513650.0,3897450.0,469.2125593792616
1768088,110535646,ZELKOVA: JAPANESE,99.0,1,,35.224923450289864,-80.8489136030422,1,1,4,513650.0,3897450.0,556.0339148474981
1768090,110535648,ZELKOVA: JAPANESE,15.0,1,501 N CHURCH ST,35.23136705209354,-80.84003951084723,1,3,7,514550.0,3898550.0,163.09402306754308
1768091,110535649,ZELKOVA: JAPANESE,16.0,1,208 W 8TH ST,35.23148449232033,-80.84009423167109,1,3,7,514550.0,3898550.0,176.01937713758545
1768092,110535650,ZELKOVA: JAPANESE,4.0,1,,35.22870036169607,-80.84466671220954,1,3,7,514550.0,3898550.0,436.03428729591917
1768093,110535651,ZELKOVA: JAPANESE,4.0,1,,35.227586881374215,-80.84507228230005,1,5,5,513650.0,3898550.0,516.5943306863933
1768093,110535651,ZELKOVA: JAPANESE,4.0,1,,35.227586881374215,-80.84507228230005,1,5,5,513650.0,3898550.0,516.5943306863933
1768107,110535665,ZELKOVA: JAPANESE,13.0,1,,35.21452575805153,-80.86275442735413,1,4,1,512750.0,3896350.0,556.1347451760846
1768132,110535690,ZELKOVA: JAPANESE,21.0,1,,35.22234998082313,-80.83721380998507,1,0,6,514550.0,3897450.0,373.10086415718405
1768136,110535694,ZELKOVA: JAPANESE,16.0,1,340 WEST BV,35.21480897784839,-80.8633766573848,1,4,1,512750.0,3896350.0,611.2823845443327
1768138,110535696,ZELKOVA: JAPANESE,15.0,1,,35.21451987774728,-80.86313162728403,1,4,1,512750.0,3896350.0,572.3205733802898
1768139,110535697,ZELKOVA: JAPANESE,22.0,1,,35.2146586281576,-80.86344138773534,1,4,1,512750.0,3896350.0,600.1794461286743
1768140,110535698,ZELKOVA: JAPANESE,99.0,1,129 W TRADE ST,35.227897631236374,-80.84441358217613,1,3,7,514550.0,3898550.0,450.64851381900485
1768141,110535699,ZELKOVA: JAPANESE,4.0,1,,35.227562321683266,-80.84488988244497,1,3,7,514550.0,3898550.0,506.79976917454894
1768141,110535699,ZELKOVA: JAPANESE,4.0,1,,35.227562321683266,-80.84488988244497,1,3,7,514550.0,3898550.0,506.79976917454894
1768142,110535700,ZELKOVA: JAPANESE,4.0,1,,35.22744214109645,-80.84506102270107,1,5,5,513650.0,3898550.0,525.6589165809464
1768142,110535700,ZELKOVA: JAPANESE,4.0,1,,35.22744214109645,-80.84506102270107,1,5,5,513650.0,3898550.0,525.6589165809464
1768150,110535708,ZELKOVA: JAPANESE,11.0,1,,35.22306868098808,-80.83832423970448,1,0,6,514550.0,3897450.0,379.7420069378656
1768150,110535708,ZELKOVA: JAPANESE,11.0,1,,35.22306868098808,-80.83832423970448,1,0,6,514550.0,3897450.0,379.7420069378656
1768151,110535709,ZELKOVA: JAPANESE,11.0,1,,35.22314537035791,-80.83842080047341,1,0,6,514550.0,3897450.0,383.80670236127736
1768151,110535709,ZELKOVA: JAPANESE,11.0,1,,35.22314537035791,-80.83842080047341,1,0,6,514550.0,3897450.0,383.80670236127736
1768151,110535709,ZELKOVA: JAPANESE,11.0,1,,35.22314537035791,-80.83842080047341,1,0,6,514550.0,3897450.0,383.80670236127736
1768152,110535710,ZELKOVA: JAPANESE,12.0,1,,35.22322425066179,-80.8385039500689,1,0,6,514550.0,3897450.0,388.8998115567395
1768152,110535710,ZELKOVA: JAPANESE,12.0,1,,35.22322425066179,-80.8385039500689,1,0,6,514550.0,3897450.0,388.8998115567395
1768152,110535710,ZELKOVA: JAPANESE,12.0,1,,35.22322425066179,-80.8385039500689,1,0,6,514550.0,3897450.0,388.8998115567395
1768153,110535711,ZELKOVA: JAPANESE,6.0,1,,35.22330094048268,-80.83860586982385,1,0,6,514550.0,3897450.0,393.4371573959047
1768153,110535711,ZELKOVA: JAPANESE,6.0,1,,35.22330094048268,-80.83860586982385,1,0,6,514550.0,3897450.0,393.4371573959047
1768153,110535711,ZELKOVA: JAPANESE,6.0,1,,35.22330094048268,-80.83860586982385,1,0,6,514550.0,3897450.0,393.4371573959047
1768154,110535712,ZELKOVA: JAPANESE,12.0,1,,35.223376531065554,-80.83869438982349,1,0,6,514550.0,3897450.0,398.6009426854363
1768154,110535712,ZELKOVA: JAPANESE,12.0,1,,35.223376531065554,-80.83869438982349,1,0,6,514550.0,3897450.0,398.6009426854363
1768154,110535712,ZELKOVA: JAPANESE,12.0,1,,35.223376531065554,-80.83869438982349,1,0,6,514550.0,3897450.0,398.6009426854363
1768155,110535713,ZELKOVA: JAPANESE,11.0,1,,35.223455410953285,-80.83880033029573,1,0,6,514550.0,3897450.0,403.90631541442065
1768155,110535713,ZELKOVA: JAPANESE,11.0,1,,35.223455410953285,-80.83880033029573,1,0,6,514550.0,3897450.0,403.90631541442065
1768155,110535713,ZELKOVA: JAPANESE,11.0,1,,35.223455410953285,-80.83880033029573,1,0,6,514550.0,3897450.0,403.90631541442065
1768156,110535714,ZELKOVA: JAPANESE,11.0,1,,35.223534290282856,-80.83888750090854,1,0,6,514550.0,3897450.0,410.0215389367507
1768156,110535714,ZELKOVA: JAPANESE,11.0,1,,35.223534290282856,-80.83888750090854,1,0,6,514550.0,3897450.0,410.0215389367507
1768156,110535714,ZELKOVA: JAPANESE,11.0,1,,35.223534290282856,-80.83888750090854,1,0,6,514550.0,3897450.0,410.0215389367507
1768157,110535715,ZELKOVA: JAPANESE,9.0,1,,35.222294110737714,-80.83715345958315,1,0,6,514550.0,3897450.0,372.72088451862834
1768158,110535716,ZELKOVA: JAPANESE,12.0,1,,35.22224262057365,-80.837089080091,1,0,6,514550.0,3897450.0,373.12266968920187
1768159,110535717,ZELKOVA: JAPANESE,9.0,1,,35.22465833113485,-80.84024336139605,1,0,6,514550.0,3897450.0,519.1083298158266
1768159,110535717,ZELKOVA: JAPANESE,9.0,1,,35.22465833113485,-80.84024336139605,1,0,6,514550.0,3897450.0,519.1083298158266
1768159,110535717,ZELKOVA: JAPANESE,9.0,1,,35.22465833113485,-80.84024336139605,1,0,6,514550.0,3897450.0,519.1083298158266
1768160,110535718,ZELKOVA: JAPANESE,12.0,1,,35.22469886131342,-80.84027823139184,1,0,6,514550.0,3897450.0,523.6787660264005
1768160,110535718,ZELKOVA: JAPANESE,12.0,1,,35.22469886131342,-80.84027823139184,1,0,6,514550.0,3897450.0,523.6787660264005
1768160,110535718,ZELKOVA: JAPANESE,12.0,1,,35.22469886131342,-80.84027823139184,1,0,6,514550.0,3897450.0,523.6787660264005
1768161,110535719,ZELKOVA: JAPANESE,11.0,1,,35.22493769106135,-80.84057461083853,1,0,6,514550.0,3897450.0,551.5129832509742
1768161,110535719,ZELKOVA: JAPANESE,11.0,1,,35.22493769106135,-80.84057461083853,1,0,6,514550.0,3897450.0,551.5129832509742
1768161,110535719,ZELKOVA: JAPANESE,11.0,1,,35.22493769106135,-80.84057461083853,1,0,6,514550.0,3897450.0,551.5129832509742
1768162,110535720,ZELKOVA: JAPANESE,12.0,1,,35.22498370123994,-80.8406282610819,1,3,7,514550.0,3898550.0,547.0213599409174
1768162,110535720,ZELKOVA: JAPANESE,12.0,1,,35.22498370123994,-80.8406282610819,1,3,7,514550.0,3898550.0,547.0213599409174
1768162,110535720,ZELKOVA: JAPANESE,12.0,1,,35.22498370123994,-80.8406282610819,1,3,7,514550.0,3898550.0,547.0213599409174
1768163,110535721,ZELKOVA: JAPANESE,12.0,1,,35.225149131363516,-80.84081869084602,1,3,7,514550.0,3898550.0,530.5968462025526
1768163,110535721,ZELKOVA: JAPANESE,12.0,1,,35.225149131363516,-80.84081869084602,1,3,7,514550.0,3898550.0,530.5968462025526
1768163,110535721,ZELKOVA: JAPANESE,12.0,1,,35.225149131363516,-80.84081869084602,1,3,7,514550.0,3898550.0,530.5968462025526
1768164,110535722,ZELKOVA: JAPANESE,8.0,1,,35.22545807135021,-80.84119689148865,1,3,7,514550.0,3898550.0,502.28973247591614
1768164,110535722,ZELKOVA: JAPANESE,8.0,1,,35.22545807135021,-80.84119689148865,1,3,7,514550.0,3898550.0,502.28973247591614
1768164,110535722,ZELKOVA: JAPANESE,8.0,1,,35.22545807135021,-80.84119689148865,1,3,7,514550.0,3898550.0,502.28973247591614
1768165,110535723,ZELKOVA: JAPANESE,9.0,1,,35.22553476111265,-80.84128540157316,1,3,7,514550.0,3898550.0,495.6433108055122
1768165,110535723,ZELKOVA: JAPANESE,9.0,1,,35.22553476111265,-80.84128540157316,1,3,7,514550.0,3898550.0,495.6433108055122
1768165,110535723,ZELKOVA: JAPANESE,9.0,1,,35.22553476111265,-80.84128540157316,1,3,7,514550.0,3898550.0,495.6433108055122
1768166,110535724,ZELKOVA: JAPANESE,6.0,1,,35.2256267808402,-80.84137659112666,1,3,7,514550.0,3898550.0,487.59332153055465
1768166,110535724,ZELKOVA: JAPANESE,6.0,1,,35.2256267808402,-80.84137659112666,1,3,7,514550.0,3898550.0,487.59332153055465
1768166,110535724,ZELKOVA: JAPANESE,6.0,1,,35.2256267808402,-80.84137659112666,1,3,7,514550.0,3898550.0,487.59332153055465
1768167,110535725,ZELKOVA: JAPANESE,8.0,1,,35.22569580068778,-80.84147047153161,1,3,7,514550.0,3898550.0,482.29619010350467
1768167,110535725,ZELKOVA: JAPANESE,8.0,1,,35.22569580068778,-80.84147047153161,1,3,7,514550.0,3898550.0,482.29619010350467
1768167,110535725,ZELKOVA: JAPANESE,8.0,1,,35.22569580068778,-80.84147047153161,1,3,7,514550.0,3898550.0,482.29619010350467
1768168,110535726,ZELKOVA: JAPANESE,8.0,1,,35.22578454154237,-80.84155630107585,1,3,7,514550.0,3898550.0,474.91141294582343
1768168,110535726,ZELKOVA: JAPANESE,8.0,1,,35.22578454154237,-80.84155630107585,1,3,7,514550.0,3898550.0,474.91141294582343
1768168,110535726,ZELKOVA: JAPANESE,8.0,1,,35.22578454154237,-80.84155630107585,1,3,7,514550.0,3898550.0,474.91141294582343
1768169,110535727,ZELKOVA: JAPANESE,8.0,1,,35.225960920847314,-80.84176417168598,1,3,7,514550.0,3898550.0,461.9987967881278
1768169,110535727,ZELKOVA: JAPANESE,8.0,1,,35.225960920847314,-80.84176417168598,1,3,7,514550.0,3898550.0,461.9987967881278
1768169,110535727,ZELKOVA: JAPANESE,8.0,1,,35.225960920847314,-80.84176417168598,1,3,7,514550.0,3898550.0,461.9987967881278
1768170,110535728,ZELKOVA: JAPANESE,10.0,1,,35.22453836051292,-80.83979302065543,1,0,6,514550.0,3897450.0,506.5704145739654
1768170,110535728,ZELKOVA: JAPANESE,10.0,1,,35.22453836051292,-80.83979302065543,1,0,6,514550.0,3897450.0,506.5704145739654
1768170,110535728,ZELKOVA: JAPANESE,10.0,1,,35.22453836051292,-80.83979302065543,1,0,6,514550.0,3897450.0,506.5704145739654
1768171,110535729,ZELKOVA: JAPANESE,11.0,1,,35.22619098145446,-80.84176283182906,1,3,7,514550.0,3898550.0,437.9278073856069
1768171,110535729,ZELKOVA: JAPANESE,11.0,1,,35.22619098145446,-80.84176283182906,1,3,7,514550.0,3898550.0,437.9278073856069
1768171,110535729,ZELKOVA: JAPANESE,11.0,1,,35.22619098145446,-80.84176283182906,1,3,7,514550.0,3898550.0,437.9278073856069
1768172,110535730,ZELKOVA: JAPANESE,11.0,1,,35.226141681496394,-80.84169309085442,1,3,7,514550.0,3898550.0,440.93961115067896
1768172,110535730,ZELKOVA: JAPANESE,11.0,1,,35.226141681496394,-80.84169309085442,1,3,7,514550.0,3898550.0,440.93961115067896
1768172,110535730,ZELKOVA: JAPANESE,11.0,1,,35.226141681496394,-80.84169309085442,1,3,7,514550.0,3898550.0,440.93961115067896
1768173,110535731,ZELKOVA: JAPANESE,10.0,1,,35.22595544148859,-80.841479861252,1,3,7,514550.0,3898550.0,454.7731344499345
1768173,110535731,ZELKOVA: JAPANESE,10.0,1,,35.22595544148859,-80.841479861252,1,3,7,514550.0,3898550.0,454.7731344499345
1768173,110535731,ZELKOVA: JAPANESE,10.0,1,,35.22595544148859,-80.841479861252,1,3,7,514550.0,3898550.0,454.7731344499345
1768174,110535732,ZELKOVA: JAPANESE,9.0,1,,35.224305460576076,-80.83949961044134,1,0,6,514550.0,3897450.0,483.1866648807448
1768174,110535732,ZELKOVA: JAPANESE,9.0,1,,35.224305460576076,-80.83949961044134,1,0,6,514550.0,3897450.0,483.1866648807448
1768174,110535732,ZELKOVA: JAPANESE,9.0,1,,35.224305460576076,-80.83949961044134,1,0,6,514550.0,3897450.0,483.1866648807448
1768175,110535733,ZELKOVA: JAPANESE,11.0,1,,35.22591162068628,-80.84142219166145,1,3,7,514550.0,3898550.0,458.0427195280135
1768175,110535733,ZELKOVA: JAPANESE,11.0,1,,35.22591162068628,-80.84142219166145,1,3,7,514550.0,3898550.0,458.0427195280135
1768175,110535733,ZELKOVA: JAPANESE,11.0,1,,35.22591162068628,-80.84142219166145,1,3,7,514550.0,3898550.0,458.0427195280135
1768176,110535734,ZELKOVA: JAPANESE,9.0,1,,35.22575496080823,-80.84121700154378,1,3,7,514550.0,3898550.0,470.4547017512143
1768176,110535734,ZELKOVA: JAPANESE,9.0,1,,35.22575496080823,-80.84121700154378,1,3,7,514550.0,3898550.0,470.4547017512143
1768176,110535734,ZELKOVA: JAPANESE,9.0,1,,35.22575496080823,-80.84121700154378,1,3,7,514550.0,3898550.0,470.4547017512143
1768177,110535735,ZELKOVA: JAPANESE,9.0,1,,35.22567389136434,-80.84112313129708,1,3,7,514550.0,3898550.0,477.50298529888175
1768177,110535735,ZELKOVA: JAPANESE,9.0,1,,35.22567389136434,-80.84112313129708,1,3,7,514550.0,3898550.0,477.50298529888175
1768177,110535735,ZELKOVA: JAPANESE,9.0,1,,35.22567389136434,-80.84112313129708,1,3,7,514550.0,3898550.0,477.50298529888175
1768178,110535736,ZELKOVA: JAPANESE,9.0,1,,35.2247865111014,-80.84008243035827,1,0,6,514550.0,3897450.0,533.2178518933841
1768178,110535736,ZELKOVA: JAPANESE,9.0,1,,35.2247865111014,-80.84008243035827,1,0,6,514550.0,3897450.0,533.2178518933841
1768178,110535736,ZELKOVA: JAPANESE,9.0,1,,35.2247865111014,-80.84008243035827,1,0,6,514550.0,3897450.0,533.2178518933841
1768179,110535737,ZELKOVA: JAPANESE,11.0,1,,35.22466381058574,-80.83992820032286,1,0,6,514550.0,3897450.0,519.8970030241471
1768179,110535737,ZELKOVA: JAPANESE,11.0,1,,35.22466381058574,-80.83992820032286,1,0,6,514550.0,3897450.0,519.8970030241471
1768179,110535737,ZELKOVA: JAPANESE,11.0,1,,35.22466381058574,-80.83992820032286,1,0,6,514550.0,3897450.0,519.8970030241471
1768180,110535738,ZELKOVA: JAPANESE,99.0,1,,35.22512941051787,-80.84838923352616,1,5,5,513650.0,3898550.0,549.8873902920388
1768181,110535739,ZELKOVA: JAPANESE,99.0,1,,35.22456083037847,-80.84921267388098,1,1,4,513650.0,3897450.0,511.95759516902797
1768182,110535740,ZELKOVA: JAPANESE,4.0,1,312 W TRADE ST,35.22937841162981,-80.84540865221608,1,5,5,513650.0,3898550.0,421.29772014817837
1768183,110535741,ZELKOVA: JAPANESE,4.0,1,,35.22901335206551,-80.8453297421168,1,5,5,513650.0,3898550.0,435.82948206446656
1768184,110535742,ZELKOVA: JAPANESE,4.0,1,,35.229090221272585,-80.84542828214794,1,5,5,513650.0,3898550.0,425.20000326779507
1768185,110535743,ZELKOVA: JAPANESE,4.0,1,,35.22916218129289,-80.84551079232233,1,5,5,513650.0,3898550.0,416.20506453367017
1768186,110535744,ZELKOVA: JAPANESE,4.0,1,,35.22926726156948,-80.84563885268173,1,5,5,513650.0,3898550.0,402.5662380580416
1768187,110535745,ZELKOVA: JAPANESE,99.0,1,,35.22476898065753,-80.8491161135491,1,1,4,513650.0,3897450.0,536.0825660914378
1768188,110535746,ZELKOVA: JAPANESE,99.0,1,,35.22470763031816,-80.84921133374438,1,1,4,513650.0,3897450.0,528.0947966145978
1768189,110535747,ZELKOVA: JAPANESE,99.0,1,,35.22459040030893,-80.84936958412176,1,1,4,513650.0,3897450.0,513.384490948531
1768190,110535748,ZELKOVA: JAPANESE,99.0,1,,35.22482047054545,-80.84904503361642,1,1,4,513650.0,3897450.0,542.7375277733327
1768191,110535749,ZELKOVA: JAPANESE,99.0,1,,35.2248752507983,-80.84897127365728,1,1,4,513650.0,3897450.0,549.8487909770535
1768192,110535750,ZELKOVA: JAPANESE,99.0,1,,35.22501328107683,-80.84875937289105,1,5,5,513650.0,3898550.0,554.5282704396232
1768193,110535751,ZELKOVA: JAPANESE,4.0,1,,35.2271510410113,-80.84545687263669,1,5,5,513650.0,3898550.0,513.8058853705953
1768193,110535751,ZELKOVA: JAPANESE,4.0,1,,35.2271510410113,-80.84545687263669,1,5,5,513650.0,3898550.0,513.8058853705953
1768194,110535752,ZELKOVA: JAPANESE,4.0,1,,35.227103251425,-80.84552224227146,1,5,5,513650.0,3898550.0,512.2426753108101
1768194,110535752,ZELKOVA: JAPANESE,4.0,1,,35.227103251425,-80.84552224227146,1,5,5,513650.0,3898550.0,512.2426753108101
1768195,110535753,ZELKOVA: JAPANESE,4.0,1,,35.22706683124557,-80.84558950228785,1,5,5,513650.0,3898550.0,509.88326439555067
1768195,110535753,ZELKOVA: JAPANESE,4.0,1,,35.22706683124557,-80.84558950228785,1,5,5,513650.0,3898550.0,509.88326439555067
1768196,110535754,ZELKOVA: JAPANESE,4.0,1,,35.22702713127018,-80.84563245268238,1,5,5,513650.0,3898550.0,509.56838201875354
1768196,110535754,ZELKOVA: JAPANESE,4.0,1,,35.22702713127018,-80.84563245268238,1,5,5,513650.0,3898550.0,509.56838201875354
1768197,110535755,ZELKOVA: JAPANESE,13.0,1,,35.22695836101219,-80.84573102280542,1,5,5,513650.0,3898550.0,507.5008842000114
1768197,110535755,ZELKOVA: JAPANESE,13.0,1,,35.22695836101219,-80.84573102280542,1,5,5,513650.0,3898550.0,507.5008842000114
1768198,110535756,ZELKOVA: JAPANESE,16.0,1,,35.226855141309926,-80.84587463319768,1,5,5,513650.0,3898550.0,505.19002771403075
1768198,110535756,ZELKOVA: JAPANESE,16.0,1,,35.226855141309926,-80.84587463319768,1,5,5,513650.0,3898550.0,505.19002771403075
1768199,110535757,ZELKOVA: JAPANESE,12.0,1,,35.226605541452194,-80.84621793302674,1,5,5,513650.0,3898550.0,502.2954593849093
1768200,110535758,ZELKOVA: JAPANESE,99.0,1,,35.22520829108154,-80.84850054352972,1,5,5,513650.0,3898550.0,538.8164346634637
1768201,110535759,ZELKOVA: JAPANESE,99.0,1,,35.22527293071932,-80.84842008319143,1,5,5,513650.0,3898550.0,533.798763919715
1768203,110535761,ZELKOVA: JAPANESE,8.0,1,,35.225463550452,-80.84814381377299,1,5,5,513650.0,3898550.0,521.0316945236863
1768204,110535762,ZELKOVA: JAPANESE,9.0,1,,35.22559940108264,-80.84794264304163,1,5,5,513650.0,3898550.0,513.1650447788999
1768205,110535763,ZELKOVA: JAPANESE,8.0,1,,35.22564322088762,-80.84786083269678,1,5,5,513650.0,3898550.0,511.41865568877125
1768206,110535764,ZELKOVA: JAPANESE,7.0,1,,35.225711140869436,-80.8477696436713,1,5,5,513650.0,3898550.0,507.70671325886104
1768207,110535765,ZELKOVA: JAPANESE,7.0,1,,35.22578344103367,-80.84767844288426,1,5,5,513650.0,3898550.0,503.7757033550951
1768208,110535766,ZELKOVA: JAPANESE,7.0,1,,35.22583274122376,-80.84761944323505,1,5,5,513650.0,3898550.0,501.104771542027
1768209,110535767,ZELKOVA: JAPANESE,19.0,1,208 W 8TH ST,35.23149394268355,-80.84009319138848,1,3,7,514550.0,3898550.0,177.06784260920728
1768210,110535768,ZELKOVA: JAPANESE,16.0,1,501 N CHURCH ST,35.23127065225655,-80.83993652116739,1,3,7,514550.0,3898550.0,153.04890831747042
1768211,110535769,ZELKOVA: JAPANESE,19.0,1,501 N CHURCH ST,35.23131966253569,-80.83998874085268,1,3,7,514550.0,3898550.0,158.07675151750195
1768212,110535770,ZELKOVA: JAPANESE,4.0,1,,35.228354881106384,-80.84428824242767,1,3,7,514550.0,3898550.0,417.5458317883646
1768213,110535771,ZELKOVA: JAPANESE,99.0,1,129 W TRADE ST,35.22783738165398,-80.8445056918027,1,3,7,514550.0,3898550.0,461.23643082483994
1768214,110535772,ZELKOVA: JAPANESE,99.0,1,129 W TRADE ST,35.22778392139644,-80.84459010183126,1,3,7,514550.0,3898550.0,470.8477011230955
1768215,110535773,ZELKOVA: JAPANESE,4.0,1,,35.22766704182289,-80.84473341229254,1,3,7,514550.0,3898550.0,488.63364471984227
1768215,110535773,ZELKOVA: JAPANESE,4.0,1,,35.22766704182289,-80.84473341229254,1,3,7,514550.0,3898550.0,488.63364471984227
1768217,110535775,ZELKOVA: JAPANESE,4.0,1,,35.228843201902365,-80.845461602241,1,5,5,513650.0,3898550.0,428.97255523833473
1768261,110535819,ZELKOVA: JAPANESE,12.0,1,,35.21446583800964,-80.86259394675629,1,4,1,512750.0,3896350.0,543.5572538736791
1768262,110535820,ZELKOVA: JAPANESE,10.0,1,,35.21461059797544,-80.86332736738228,1,4,1,512750.0,3896350.0,590.1614372038865
1769370,110537732,BLACKGUM: COMMON,3.0,1,,35.222283759361275,-80.83787843131134,1,0,6,514550.0,3897450.0,327.169002391262
1773213,110538191,MAPLE: HEDGE,6.0,1,,35.2175677341675,-80.85457470666465,1,1,4,513650.0,3897450.0,494.6947013397571
1773214,110538192,MAPLE: HEDGE,6.0,1,,35.217624693381175,-80.85451972143304,1,1,4,513650.0,3897450.0,487.06839668820936
1773215,110538193,MAPLE: HEDGE,6.0,1,,35.217699330898995,-80.85444625776917,1,1,4,513650.0,3897450.0,476.9878564156476
1773216,110538194,MAPLE: HEDGE,6.0,1,,35.21777834988842,-80.85436564351616,1,1,4,513650.0,3897450.0,466.1230585710732
1773217,110538195,MAPLE: HEDGE,9.0,1,,35.21783092873187,-80.85431602202907,1,1,4,513650.0,3897450.0,459.2208560830589
1773218,110538196,MAPLE: HEDGE,9.0,1,,35.21789036929318,-80.85424896675913,1,1,4,513650.0,3897450.0,450.5820194125316
1773219,110538197,MAPLE: HEDGE,11.0,1,,35.2179298031101,-80.85421141598654,1,1,4,513650.0,3897450.0,445.3999318110942
1773220,110538198,MAPLE: HEDGE,5.0,1,,35.217992238806886,-80.85413765534635,1,1,4,513650.0,3897450.0,436.09187970172275
1773221,110538199,MAPLE: HEDGE,6.0,1,,35.21802812898188,-80.85409682554021,1,1,4,513650.0,3897450.0,430.87130864103244
1773222,110538200,MAPLE: HEDGE,7.0,1,,35.21810658578063,-80.85402410837298,1,1,4,513650.0,3897450.0,420.7845245540429
1773223,110538201,MAPLE: HEDGE,8.0,1,,35.21818216539444,-80.85393827757137,1,1,4,513650.0,3897450.0,409.85558818611736
1773224,110538202,OAK: WILLOW,14.0,1,,35.218404835155795,-80.85371312055825,1,1,4,513650.0,3897450.0,380.07323839212637
1773225,110538203,OAK: WILLOW,15.0,1,,35.2184453631674,-80.8536742296198,1,1,4,513650.0,3897450.0,374.86266931705364
1773226,110538204,OAK: WILLOW,17.0,1,,35.218491368900935,-80.85363131353995,1,1,4,513650.0,3897450.0,369.0662019164311
1773227,110538205,OAK: WILLOW,15.0,1,,35.21854284979347,-80.85358571594548,1,1,4,513650.0,3897450.0,362.8029826552626
1773228,110538206,OAK: WILLOW,16.0,1,,35.21860351225589,-80.85351091192149,1,1,4,513650.0,3897450.0,353.7330946006869
1773229,110538207,OAK: WILLOW,17.0,1,,35.21867361492588,-80.85344385743323,1,1,4,513650.0,3897450.0,344.88332085427646
1773230,110538208,OAK: WILLOW,12.0,1,,35.21872181103551,-80.85337814249576,1,1,4,513650.0,3897450.0,337.2093026583316
1773231,110538209,OAK: WILLOW,15.0,1,,35.21878095933356,-80.85332047521158,1,1,4,513650.0,3897450.0,329.7233496017691
1773232,110538210,OAK: WILLOW,17.0,1,,35.218853409167515,-80.85325163240374,1,1,4,513650.0,3897450.0,320.76570761069206
1773233,110538211,OAK: WILLOW,13.0,1,,35.21890927194,-80.85320067024442,1,1,4,513650.0,3897450.0,314.08840037469247
1773234,110538212,OAK: WILLOW,16.0,1,,35.21896274237683,-80.85312348151307,1,1,4,513650.0,3897450.0,305.3438355430457
1773235,110538213,OAK: WILLOW,16.0,1,,35.21903832152008,-80.85306447370398,1,1,4,513650.0,3897450.0,297.28736787678343
1773236,110538214,OAK: WILLOW,16.0,1,,35.219111710084164,-80.85300814731966,1,1,4,513650.0,3897450.0,289.66062935343524
1773237,110538215,OAK: WILLOW,16.0,1,,35.219184003110165,-80.85292633902142,1,1,4,513650.0,3897450.0,279.99588975646066
1773237,110538215,OAK: WILLOW,16.0,1,,35.219184003110165,-80.85292633902142,1,1,4,513650.0,3897450.0,279.99588975646066
1773238,110538216,OAK: WILLOW,16.0,1,,35.21921795900704,-80.85287537691994,1,1,4,513650.0,3897450.0,274.40530064872644
1773238,110538216,OAK: WILLOW,16.0,1,,35.21921795900704,-80.85287537691994,1,1,4,513650.0,3897450.0,274.40530064872644
1773239,110538217,MAPLE: JAPANESE,7.0,1,,35.22075741700111,-80.85123900680186,1,1,4,513650.0,3897450.0,140.37842029080664
1773239,110538217,MAPLE: JAPANESE,7.0,1,,35.22075741700111,-80.85123900680186,1,1,4,513650.0,3897450.0,140.37842029080664
1773240,110538218,CRAPEMYRTLE: SPP,4.0,1,,35.22072291374987,-80.85127052171866,1,1,4,513650.0,3897450.0,140.42661636072424
1773240,110538218,CRAPEMYRTLE: SPP,4.0,1,,35.22072291374987,-80.85127052171866,1,1,4,513650.0,3897450.0,140.42661636072424
1773241,110538219,CRAPEMYRTLE: SPP,4.0,1,108 E MOREHEAD ST,35.220679276152225,-80.851329605748,1,1,4,513650.0,3897450.0,142.1937353401222
1773241,110538219,CRAPEMYRTLE: SPP,4.0,1,108 E MOREHEAD ST,35.220679276152225,-80.851329605748,1,1,4,513650.0,3897450.0,142.1937353401222
1773242,110538220,CRAPEMYRTLE: SPP,8.0,1,108 E MOREHEAD ST,35.220625463060074,-80.85138242975502,1,1,4,513650.0,3897450.0,143.25017408306493
1773242,110538220,CRAPEMYRTLE: SPP,8.0,1,108 E MOREHEAD ST,35.220625463060074,-80.85138242975502,1,1,4,513650.0,3897450.0,143.25017408306493
1773243,110538221,MAPLE: JAPANESE,5.0,1,108 E MOREHEAD ST,35.220577267953,-80.85144143862843,1,1,4,513650.0,3897450.0,145.486870518159
1773244,110538222,OAK: WILLOW,13.0,1,,35.220505682944186,-80.85157271791604,1,1,4,513650.0,3897450.0,153.1352656250793
1773245,110538223,OAK: WILLOW,10.0,1,,35.220379719747655,-80.85165854842714,1,1,4,513650.0,3897450.0,155.98911037826014
1773246,110538224,OAK: WILLOW,15.0,1,,35.21968969658998,-80.85236598088277,1,1,4,513650.0,3897450.0,216.89542191558775
1773246,110538224,OAK: WILLOW,15.0,1,,35.21968969658998,-80.85236598088277,1,1,4,513650.0,3897450.0,216.89542191558775
1773247,110538225,OAK: WILLOW,11.0,1,1117 S TRYON ST,35.219497972012775,-80.85233312481643,1,1,4,513650.0,3897450.0,218.2775365932888
1773247,110538225,OAK: WILLOW,11.0,1,1117 S TRYON ST,35.219497972012775,-80.85233312481643,1,1,4,513650.0,3897450.0,218.2775365932888
1773248,110538226,OAK: WILLOW,12.0,1,1117 S TRYON ST,35.21943758865585,-80.85227359395755,1,1,4,513650.0,3897450.0,214.85398402507647
1773248,110538226,OAK: WILLOW,12.0,1,1117 S TRYON ST,35.21943758865585,-80.85227359395755,1,1,4,513650.0,3897450.0,214.85398402507647
1773249,110538227,OAK: WILLOW,13.0,1,1117 S TRYON ST,35.219298340193546,-80.85211668497658,1,1,4,513650.0,3897450.0,206.4476626840403
1773250,110538228,MAGNOLIA: SOUTHERN,5.0,1,,35.21917930360405,-80.85199307952517,1,1,4,513650.0,3897450.0,201.59184059902665
1773251,110538229,OAK: WILLOW,4.0,1,,35.21599178083566,-80.85638057809929,1,7,2,512750.0,3897450.0,548.1936240898289
1773251,110538229,OAK: WILLOW,4.0,1,,35.21599178083566,-80.85638057809929,1,7,2,512750.0,3897450.0,548.1936240898289
1773252,110538230,OAK: WILLOW,4.0,1,,35.21593536152759,-80.85652139487857,1,7,2,512750.0,3897450.0,545.9629832547228
1773252,110538230,OAK: WILLOW,4.0,1,,35.21593536152759,-80.85652139487857,1,7,2,512750.0,3897450.0,545.9629832547228
1773253,110538231,OAK: WILLOW,4.0,1,,35.21589557173076,-80.8566274906112,1,7,2,512750.0,3897450.0,544.2707571230069
1773253,110538231,OAK: WILLOW,4.0,1,,35.21589557173076,-80.8566274906112,1,7,2,512750.0,3897450.0,544.2707571230069
1773254,110538232,OAK: WILLOW,4.0,1,,35.21584910595188,-80.85676279346417,1,7,2,512750.0,3897450.0,542.0032701053927
1773254,110538232,OAK: WILLOW,4.0,1,,35.21584910595188,-80.85676279346417,1,7,2,512750.0,3897450.0,542.0032701053927
1773255,110538233,OAK: WILLOW,4.0,1,,35.2158077123236,-80.8568751488076,1,7,2,512750.0,3897450.0,540.631794571848
1773256,110538234,OAK: WILLOW,4.0,1,,35.21576248911795,-80.85700173331276,1,7,2,512750.0,3897450.0,539.2249152768759
1773257,110538235,OAK: WILLOW,4.0,1,,35.21571732600159,-80.85712310373674,1,7,2,512750.0,3897450.0,538.3245808287702
1773258,110538236,OAK: WILLOW,4.0,1,,35.21564947199942,-80.85729588234706,1,7,2,512750.0,3897450.0,537.8670796627223
1773259,110538237,OAK: WILLOW,4.0,1,,35.21560739538416,-80.85741293150848,1,7,2,512750.0,3897450.0,537.48660781748
1773260,110538238,OAK: WILLOW,4.0,1,,35.215568802526874,-80.85752029406967,1,7,2,512750.0,3897450.0,537.3585757163188
1773260,110538238,OAK: WILLOW,4.0,1,,35.215568802526874,-80.85752029406967,1,7,2,512750.0,3897450.0,537.3585757163188
1773261,110538239,OAK: WILLOW,4.0,1,,35.2155229646016,-80.85763331965872,1,7,2,512750.0,3897450.0,537.9860719162044
1773261,110538239,OAK: WILLOW,4.0,1,,35.2155229646016,-80.85763331965872,1,7,2,512750.0,3897450.0,537.9860719162044
1773262,110538240,OAK: WILLOW,4.0,1,,35.215475809721745,-80.85775230493637,1,7,2,512750.0,3897450.0,538.796198419641
1773262,110538240,OAK: WILLOW,4.0,1,,35.215475809721745,-80.85775230493637,1,7,2,512750.0,3897450.0,538.796198419641
1773263,110538241,OAK: WILLOW,4.0,1,,35.215413686311344,-80.85792456283534,1,7,2,512750.0,3897450.0,539.7986997837526
1773263,110538241,OAK: WILLOW,4.0,1,,35.215413686311344,-80.85792456283534,1,7,2,512750.0,3897450.0,539.7986997837526
1773264,110538242,OAK: WILLOW,4.0,1,,35.21538301232093,-80.85800637075108,1,7,2,512750.0,3897450.0,540.5872489817344
1773264,110538242,OAK: WILLOW,4.0,1,,35.21538301232093,-80.85800637075108,1,7,2,512750.0,3897450.0,540.5872489817344
1773265,110538243,OAK: WILLOW,4.0,1,127 W PARK AV,35.215229677365286,-80.85835416277605,1,7,2,512750.0,3897450.0,547.7573664444445
1773265,110538243,OAK: WILLOW,4.0,1,127 W PARK AV,35.215229677365286,-80.85835416277605,1,7,2,512750.0,3897450.0,547.7573664444445
1773266,110538244,OAK: WILLOW,4.0,1,127 W PARK AV,35.215177021061635,-80.8584952034049,1,7,2,512750.0,3897450.0,550.2787105090042
1773266,110538244,OAK: WILLOW,4.0,1,127 W PARK AV,35.215177021061635,-80.8584952034049,1,7,2,512750.0,3897450.0,550.2787105090042
1773267,110538245,OAK: WILLOW,4.0,1,1611 S TRYON ST,35.215116217748,-80.85864473617595,1,7,2,512750.0,3897450.0,553.8719634901265
1773267,110538245,OAK: WILLOW,4.0,1,1611 S TRYON ST,35.215116217748,-80.85864473617595,1,7,2,512750.0,3897450.0,553.8719634901265
1773268,110538246,OAK: SWAMP WHITE,4.0,1,,35.21494759948557,-80.85913200491896,1,4,1,512750.0,3896350.0,544.0656673289044
1773268,110538246,OAK: SWAMP WHITE,4.0,1,,35.21494759948557,-80.85913200491896,1,4,1,512750.0,3896350.0,544.0656673289044
1773269,110538247,OAK: SWAMP WHITE,4.0,1,,35.2149158286114,-80.85923191562446,1,4,1,512750.0,3896350.0,539.4455869481994
1773269,110538247,OAK: SWAMP WHITE,4.0,1,,35.2149158286114,-80.85923191562446,1,4,1,512750.0,3896350.0,539.4455869481994
1773270,110538248,OAK: SWAMP WHITE,4.0,1,1629 S TRYON ST,35.21485186108572,-80.85938018313237,1,4,1,512750.0,3896350.0,530.9871919126787
1773270,110538248,OAK: SWAMP WHITE,4.0,1,1629 S TRYON ST,35.21485186108572,-80.85938018313237,1,4,1,512750.0,3896350.0,530.9871919126787
1773271,110538249,OAK: SWAMP WHITE,4.0,1,,35.214807510782556,-80.85948717397288,1,4,1,512750.0,3896350.0,525.273987730512
1773271,110538249,OAK: SWAMP WHITE,4.0,1,,35.214807510782556,-80.85948717397288,1,4,1,512750.0,3896350.0,525.273987730512
1773272,110538250,OAK: SWAMP WHITE,4.0,1,,35.2147502557842,-80.85962903324128,1,4,1,512750.0,3896350.0,518.1276239273118
1773272,110538250,OAK: SWAMP WHITE,4.0,1,,35.2147502557842,-80.85962903324128,1,4,1,512750.0,3896350.0,518.1276239273118
1773273,110538251,OAK: SWAMP WHITE,4.0,1,,35.214697669951576,-80.85976984863753,1,4,1,512750.0,3896350.0,511.8064893238093
1773273,110538251,OAK: SWAMP WHITE,4.0,1,,35.214697669951576,-80.85976984863753,1,4,1,512750.0,3896350.0,511.8064893238093
1773274,110538252,OAK NUTALL,4.0,1,209 W KINGSTON AV,35.21451225318134,-80.86017717218161,1,4,1,512750.0,3896350.0,491.63512066138253
1773274,110538252,OAK NUTALL,4.0,1,209 W KINGSTON AV,35.21451225318134,-80.86017717218161,1,4,1,512750.0,3896350.0,491.63512066138253
1773275,110538253,OAK NUTALL,4.0,1,209 W KINGSTON AV,35.214472265426785,-80.86029451867542,1,4,1,512750.0,3896350.0,487.8402321097165
1773275,110538253,OAK NUTALL,4.0,1,209 W KINGSTON AV,35.214472265426785,-80.86029451867542,1,4,1,512750.0,3896350.0,487.8402321097165
1773276,110538254,ZELKOVA: JAPANESE,15.0,1,,35.212720447823564,-80.85862111782383,1,4,1,512750.0,3896350.0,315.2704047492255
1773276,110538254,ZELKOVA: JAPANESE,15.0,1,,35.212720447823564,-80.85862111782383,1,4,1,512750.0,3896350.0,315.2704047492255
1773277,110538255,ZELKOVA: JAPANESE,4.0,1,,35.21297462117303,-80.85841458721427,1,4,1,512750.0,3896350.0,348.5129524165281
1773277,110538255,ZELKOVA: JAPANESE,4.0,1,,35.21297462117303,-80.85841458721427,1,4,1,512750.0,3896350.0,348.5129524165281
1773278,110538256,ZELKOVA: JAPANESE,4.0,1,,35.213040355836114,-80.85835826106606,1,4,1,512750.0,3896350.0,357.2349507643913
1773278,110538256,ZELKOVA: JAPANESE,4.0,1,,35.213040355836114,-80.85835826106606,1,4,1,512750.0,3896350.0,357.2349507643913
1773279,110538257,HACKBERRY: SUGAR,4.0,1,,35.21928387499843,-80.85175220238317,1,1,4,513650.0,3897450.0,176.79945938699097
1773280,110538258,OAK: WILLOW,7.0,1,,35.219305781972494,-80.85172739181068,1,1,4,513650.0,3897450.0,173.70195759703432
1773281,110538259,HACKBERRY: SUGAR,10.0,1,,35.219312354264964,-80.85170928738594,1,1,4,513650.0,3897450.0,171.90150752040918
1773282,110538260,ASH: WHITE,10.0,1,,35.219320021679614,-80.85170056989442,1,1,4,513650.0,3897450.0,170.816384703716
1773283,110538261,OAK: WILLOW,17.0,1,,35.21932878373665,-80.85168648815126,1,1,4,513650.0,3897450.0,169.23977023029911
1773284,110538262,OAK: WILLOW,10.0,1,,35.219348500509945,-80.85165497291784,1,1,4,513650.0,3897450.0,165.70837111863634
1773285,110538263,OAK: WILLOW,18.0,1,,35.21936985955441,-80.85164357269608,1,1,4,513650.0,3897450.0,163.76161100471467
1773286,110538264,OAK: SWAMP WHITE,12.0,1,,35.219385741922416,-80.85161339858685,1,1,4,513650.0,3897450.0,160.52993493912223
1773287,110538265,HACKBERRY: SUGAR,5.0,1,,35.21941641215519,-80.85156511888225,1,1,4,513650.0,3897450.0,155.12127698486364
1773288,110538266,ASH: GREEN,8.0,1,,35.21942396083038,-80.85155856201429,1,1,4,513650.0,3897450.0,154.23411507091123
1773289,110538267,FIG: COMMOM,5.0,1,,35.219625573490674,-80.8512882552605,1,1,4,513650.0,3897450.0,123.09227930126245
1773292,110538270,OAK: WILLOW,10.0,1,,35.22034630471986,-80.8510192887555,1,1,4,513650.0,3897450.0,99.8385158569079
1773292,110538270,OAK: WILLOW,10.0,1,,35.22034630471986,-80.8510192887555,1,1,4,513650.0,3897450.0,99.8385158569079
1773293,110538271,OAK: WILLOW,8.0,1,,35.212764119976285,-80.8587772826587,1,4,1,512750.0,3896350.0,314.7990181429399
1773293,110538271,OAK: WILLOW,8.0,1,,35.212764119976285,-80.8587772826587,1,4,1,512750.0,3896350.0,314.7990181429399
1773294,110538272,OAK: WILLOW,4.0,1,,35.21287965962089,-80.85870247866441,1,4,1,512750.0,3896350.0,329.14800251791434
1773294,110538272,OAK: WILLOW,4.0,1,,35.21287965962089,-80.85870247866441,1,4,1,512750.0,3896350.0,329.14800251791434
1773295,110538273,OAK: WILLOW,4.0,1,,35.21295306288465,-80.85862871803928,1,4,1,512750.0,3896350.0,339.0898592584465
1773295,110538273,OAK: WILLOW,4.0,1,,35.21295306288465,-80.85862871803928,1,4,1,512750.0,3896350.0,339.0898592584465
1773296,110538274,OAK: WILLOW,4.0,1,,35.21303194373912,-80.85857641413578,1,4,1,512750.0,3896350.0,348.94746192140667
1773296,110538274,OAK: WILLOW,4.0,1,,35.21303194373912,-80.85857641413578,1,4,1,512750.0,3896350.0,348.94746192140667
1773297,110538275,OAK: WILLOW,4.0,1,,35.21310206012377,-80.85851740524231,1,4,1,512750.0,3896350.0,358.1183217836829
1773297,110538275,OAK: WILLOW,4.0,1,,35.21310206012377,-80.85851740524231,1,4,1,512750.0,3896350.0,358.1183217836829
1773298,110538276,OAK: WILLOW,4.0,1,,35.21319020057519,-80.8584463271219,1,4,1,512750.0,3896350.0,369.5642961943054
1773298,110538276,OAK: WILLOW,4.0,1,,35.21319020057519,-80.8584463271219,1,4,1,512750.0,3896350.0,369.5642961943054
1773299,110538277,HORNBEAM: AMERICAN,4.0,1,,35.21330925393166,-80.85814070386189,1,4,1,512750.0,3896350.0,392.51901083108754
1773299,110538277,HORNBEAM: AMERICAN,4.0,1,,35.21330925393166,-80.85814070386189,1,4,1,512750.0,3896350.0,392.51901083108754
1773300,110538278,HORNBEAM: AMERICAN,4.0,1,,35.21335855389827,-80.85808706095933,1,4,1,512750.0,3896350.0,399.5183942396548
1773300,110538278,HORNBEAM: AMERICAN,4.0,1,,35.21335855389827,-80.85808706095933,1,4,1,512750.0,3896350.0,399.5183942396548
1773301,110538279,CHERRY YOSHINO,4.0,1,1700 CAMDEN RD #101,35.213523095228425,-80.85816409901756,1,4,1,512750.0,3896350.0,413.4161295928191
1773301,110538279,CHERRY YOSHINO,4.0,1,1700 CAMDEN RD #101,35.213523095228425,-80.85816409901756,1,4,1,512750.0,3896350.0,413.4161295928191
1773302,110538280,CHERRY YOSHINO,4.0,1,1700 CAMDEN RD #101,35.213574586434376,-80.85811313717983,1,4,1,512750.0,3896350.0,420.4795459261804
1773302,110538280,CHERRY YOSHINO,4.0,1,1700 CAMDEN RD #101,35.213574586434376,-80.85811313717983,1,4,1,512750.0,3896350.0,420.4795459261804
1773303,110538281,CHERRY YOSHINO,4.0,1,,35.2136370338003,-80.85806753929114,1,4,1,512750.0,3896350.0,428.47728062362313
1773303,110538281,CHERRY YOSHINO,4.0,1,,35.2136370338003,-80.85806753929114,1,4,1,512750.0,3896350.0,428.47728062362313
1773304,110538282,HORNBEAM: AMERICAN,4.0,1,,35.213523581648765,-80.85796740345863,1,4,1,512750.0,3896350.0,420.7003940907053
1773304,110538282,HORNBEAM: AMERICAN,4.0,1,,35.213523581648765,-80.85796740345863,1,4,1,512750.0,3896350.0,420.7003940907053
1773305,110538283,HORNBEAM: AMERICAN,4.0,1,,35.21362875666806,-80.85787486780725,1,4,1,512750.0,3896350.0,434.83721148310025
1773305,110538283,HORNBEAM: AMERICAN,4.0,1,,35.21362875666806,-80.85787486780725,1,4,1,512750.0,3896350.0,434.83721148310025
1773306,110538284,OAK: WILLOW,24.0,1,,35.21974316612831,-80.84994923564858,1,1,4,513650.0,3897450.0,28.079503749679
1773306,110538284,OAK: WILLOW,24.0,1,,35.21974316612831,-80.84994923564858,1,1,4,513650.0,3897450.0,28.079503749679
1773307,110538285,OAK: WILLOW,19.0,1,,35.21982422128015,-80.85005250053314,1,1,4,513650.0,3897450.0,18.8962204583628
1773307,110538285,OAK: WILLOW,19.0,1,,35.21982422128015,-80.85005250053314,1,1,4,513650.0,3897450.0,18.8962204583628
1773308,110538286,OAK: WILLOW,19.0,1,,35.21989875363054,-80.85014459081512,1,1,4,513650.0,3897450.0,15.890375133730481
1773308,110538286,OAK: WILLOW,19.0,1,,35.21989875363054,-80.85014459081512,1,1,4,513650.0,3897450.0,15.890375133730481
1773309,110538287,OAK: WILLOW,21.0,1,,35.219964473652844,-80.85022505670116,1,1,4,513650.0,3897450.0,19.687581462484367
1773309,110538287,OAK: WILLOW,21.0,1,,35.219964473652844,-80.85022505670116,1,1,4,513650.0,3897450.0,19.687581462484367
1773310,110538288,OAK: WILLOW,19.0,1,,35.220016558684556,-80.850274677602,1,1,4,513650.0,3897450.0,24.14325434292255
1773310,110538288,OAK: WILLOW,19.0,1,,35.220016558684556,-80.850274677602,1,1,4,513650.0,3897450.0,24.14325434292255
1773311,110538289,OAK: WILLOW,18.0,1,,35.22007718113727,-80.8503429244992,1,1,4,513650.0,3897450.0,31.65980399692341
1773311,110538289,OAK: WILLOW,18.0,1,,35.22007718113727,-80.8503429244992,1,1,4,513650.0,3897450.0,31.65980399692341
1773312,110538290,OAK: WILLOW,24.0,1,,35.22011610870987,-80.85041117196842,1,1,4,513650.0,3897450.0,38.94740368228672
1773312,110538290,OAK: WILLOW,24.0,1,,35.22011610870987,-80.85041117196842,1,1,4,513650.0,3897450.0,38.94740368228672
1773313,110538291,OAK: WILLOW,22.0,1,,35.22012218945706,-80.85053574591025,1,1,4,513650.0,3897450.0,49.89916318447687
1773313,110538291,OAK: WILLOW,22.0,1,,35.22012218945706,-80.85053574591025,1,1,4,513650.0,3897450.0,49.89916318447687
1773314,110538292,OAK: WILLOW,23.0,1,,35.22004222953181,-80.85063230464607,1,1,4,513650.0,3897450.0,56.80803456916955
1773315,110538293,OAK: WILLOW,19.0,1,,35.21997212863248,-80.85071142982443,1,1,4,513650.0,3897450.0,63.76156693630285
1773316,110538294,OAK: WILLOW,17.0,1,MOREHEAD SQUARE DR,35.21992742603727,-80.85078981131998,1,1,4,513650.0,3897450.0,71.21187656091372
1773317,110538295,OAK: WILLOW,17.0,1,MOREHEAD SQUARE DR,35.219866086912006,-80.8508515010632,1,1,4,513650.0,3897450.0,77.72258426811197
1773318,110538296,OAK: WILLOW,13.0,1,MOREHEAD SQUARE DR,35.21981351029306,-80.85092258052678,1,1,4,513650.0,3897450.0,85.25160834819106
1773319,110538297,OAK: WILLOW,15.0,1,,35.21964429048816,-80.85116323366321,1,1,4,513650.0,3897450.0,111.68000471586332
1773320,110538298,OAK: WILLOW,12.0,1,,35.21958295072567,-80.85122224205917,1,1,4,513650.0,3897450.0,119.15134327523235
1773321,110538299,OAK: WILLOW,12.0,1,,35.21951780670408,-80.85128780777116,1,1,4,513650.0,3897450.0,127.49244315483868
1773322,110538300,OAK: WATER,12.0,1,,35.219464134720255,-80.85136693283816,1,1,4,513650.0,3897450.0,136.5277738892027
1773323,110538301,OAK: WILLOW,13.0,1,,35.21937441818854,-80.85147794579476,1,1,4,513650.0,3897450.0,149.9904276295271
1773324,110538302,OAK: WILLOW,13.0,1,,35.21931526981377,-80.85155841288183,1,1,4,513650.0,3897450.0,159.51872548319707
1773325,110538303,OAK: WILLOW,16.0,1,,35.21924039092014,-80.85164811721872,1,1,4,513650.0,3897450.0,170.66304389584766
1773326,110538304,OAK: WILLOW,16.0,1,,35.21918124258547,-80.85171785524548,1,1,4,513650.0,3897450.0,179.42277099988246
1773327,110538305,MAPLE: FREEMAN,11.0,1,,35.21886001753115,-80.85161593090211,1,1,4,513650.0,3897450.0,192.52571916284472
1773328,110538306,OAK: SCARLET,5.0,1,210 E CARSON BV,35.218812338538825,-80.85183721310295,1,1,4,513650.0,3897450.0,211.44380850603434
1773329,110538307,OAK: SCARLET,5.0,1,206 E CARSON BV,35.2188890131445,-80.85193310246098,1,1,4,513650.0,3897450.0,213.3868901539324
1773330,110538308,OAK: SCARLET,5.0,1,E PALMER ST,35.21896747042245,-80.85200336146859,1,1,4,513650.0,3897450.0,213.91632197201375
1773331,110538309,OAK: SCARLET,5.0,1,132 E CARSON BV,35.21906279809266,-80.8521030505023,1,1,4,513650.0,3897450.0,216.43343716739878
1773332,110538310,OAK: SCARLET,3.0,1,120 E CARSON BV,35.21917667129054,-80.85222740100707,1,1,4,513650.0,3897450.0,220.99616673732965
1773333,110538311,OAK: SCARLET,3.0,1,116 E CARSON BV,35.21922196948045,-80.85230101234573,1,1,4,513650.0,3897450.0,225.17581346895165
1773333,110538311,OAK: SCARLET,3.0,1,116 E CARSON BV,35.21922196948045,-80.85230101234573,1,1,4,513650.0,3897450.0,225.17581346895165
1773334,110538312,OAK: SCARLET,6.0,1,108 E CARSON BV,35.21934320222387,-80.85239175992456,1,1,4,513650.0,3897450.0,228.25689120374093
1773334,110538312,OAK: SCARLET,6.0,1,108 E CARSON BV,35.21934320222387,-80.85239175992456,1,1,4,513650.0,3897450.0,228.25689120374093
1773335,110538313,OAK: SCARLET,5.0,1,104 E CARSON BV,35.21938592123154,-80.85244138089836,1,1,4,513650.0,3897450.0,231.1272846934823
1773335,110538313,OAK: SCARLET,5.0,1,104 E CARSON BV,35.21938592123154,-80.85244138089836,1,1,4,513650.0,3897450.0,231.1272846934823
1773336,110538314,MAPLE: RED,3.0,1,104 E CARSON BV,35.21941623303538,-80.85248116762129,1,1,4,513650.0,3897450.0,233.6547366980371
1773336,110538314,MAPLE: RED,3.0,1,104 E CARSON BV,35.21941623303538,-80.85248116762129,1,1,4,513650.0,3897450.0,233.6547366980371
1773337,110538315,MAPLE: TRIDENT,5.0,1,E CARSON BV,35.21944197400412,-80.85255224588362,1,1,4,513650.0,3897450.0,239.14132052556164
1773337,110538315,MAPLE: TRIDENT,5.0,1,E CARSON BV,35.21944197400412,-80.85255224588362,1,1,4,513650.0,3897450.0,239.14132052556164
1773338,110538316,MAPLE: TRIDENT,5.0,1,E CARSON BV,35.21943861650238,-80.85264418597325,1,1,4,513650.0,3897450.0,247.3337652047265
1773338,110538316,MAPLE: TRIDENT,5.0,1,E CARSON BV,35.21943861650238,-80.85264418597325,1,1,4,513650.0,3897450.0,247.3337652047265
1773339,110538317,MAPLE: TRIDENT,6.0,1,E CARSON BV,35.21939206401734,-80.85270051242482,1,1,4,513650.0,3897450.0,253.60673210496714
1773339,110538317,MAPLE: TRIDENT,6.0,1,E CARSON BV,35.21939206401734,-80.85270051242482,1,1,4,513650.0,3897450.0,253.60673210496714
1773340,110538318,MAPLE: TRIDENT,6.0,1,E CARSON BV,35.21932910077847,-80.85272413072002,1,1,4,513650.0,3897450.0,257.5846709542778
1773340,110538318,MAPLE: TRIDENT,6.0,1,E CARSON BV,35.21932910077847,-80.85272413072002,1,1,4,513650.0,3897450.0,257.5846709542778
1773341,110538319,OAK: WILLOW,16.0,1,E CARSON BV,35.219243663053604,-80.85278045810898,1,1,4,513650.0,3897450.0,265.30876638367994
1773341,110538319,OAK: WILLOW,16.0,1,E CARSON BV,35.219243663053604,-80.85278045810898,1,1,4,513650.0,3897450.0,265.30876638367994
1773342,110538320,OAK: WILLOW,21.0,1,108 E CARSON BV,35.21915746080991,-80.8527114656339,1,1,4,513650.0,3897450.0,262.5640381862786
1773342,110538320,OAK: WILLOW,21.0,1,108 E CARSON BV,35.21915746080991,-80.8527114656339,1,1,4,513650.0,3897450.0,262.5640381862786
1773343,110538321,OAK: WILLOW,14.0,1,116 E CARSON BV,35.21906115855842,-80.85261162724454,1,1,4,513650.0,3897450.0,258.1585914429627
1773344,110538322,OAK: WILLOW,16.0,1,120 E CARSON BV,35.218989960525874,-80.85254054822812,1,1,4,513650.0,3897450.0,255.57217480236812
1773345,110538323,OAK: WILLOW,16.0,1,128 E CARSON BV,35.21890452337604,-80.8524346013837,1,1,4,513650.0,3897450.0,251.32676070090216
1773346,110538324,ARBORVITAE SPP,3.0,1,104 E CARSON BV,35.21923880057732,-80.85263412685354,0,1,4,513650.0,3897450.0,252.87009732664137
1773346,110538324,ARBORVITAE SPP,3.0,1,104 E CARSON BV,35.21923880057732,-80.85263412685354,0,1,4,513650.0,3897450.0,252.87009732664137
1773347,110538325,ARBORVITAE SPP,3.0,1,108 E CARSON BV,35.21919153497301,-80.85258808310614,0,1,4,513650.0,3897450.0,250.7241684349168
1773347,110538325,ARBORVITAE SPP,3.0,1,108 E CARSON BV,35.21919153497301,-80.85258808310614,0,1,4,513650.0,3897450.0,250.7241684349168
1773348,110538326,ARBORVITAE SPP,3.0,1,112 E CARSON BV,35.219147720964315,-80.85252907524625,0,1,4,513650.0,3897450.0,247.50381408236458
1773349,110538327,ARBORVITAE SPP,3.0,1,116 E CARSON BV,35.21910281247368,-80.85247677099402,0,1,4,513650.0,3897450.0,245.06300904078665
1773350,110538328,ARBORVITAE SPP,3.0,1,120 E CARSON BV,35.21904873011438,-80.85241627282755,0,1,4,513650.0,3897450.0,242.55554078855758
1773351,110538329,ARBORVITAE SPP,3.0,1,124 E CARSON BV,35.21900820274023,-80.85236531096119,0,1,4,513650.0,3897450.0,240.3833769416675
1773352,110538330,ARBORVITAE SPP,3.0,1,128 E CARSON BV,35.2189501483102,-80.85231166638059,0,1,4,513650.0,3897450.0,239.0843680160021
1773353,110538331,MAPLE: AMUR,4.0,1,132 E CARSON BV,35.21889293871623,-80.85224088604173,1,1,4,513650.0,3897450.0,236.66623888016596
1773354,110538332,MAPLE: AMUR,4.0,1,E PALMER ST,35.218846933614365,-80.85219394738078,1,1,4,513650.0,3897450.0,235.72099337858796
1773355,110538333,ARBORVITAE SPP,3.0,1,206 E CARSON BV,35.21875213826452,-80.85211325824594,0,1,4,513650.0,3897450.0,235.54102664338149
1773370,110538348,OAK: WILLOW,25.0,1,210 E CARSON BV,35.218643167362565,-80.85215505560572,1,1,4,513650.0,3897450.0,245.798265406472
1773371,110538349,OAK: WILLOW,27.0,1,202 E CARSON BV,35.2187198414884,-80.85223418008484,1,1,4,513650.0,3897450.0,246.59360964445486
1773372,110538350,HOPHORNBEAM,7.0,1,,35.21879371484928,-80.85240822651507,1,1,4,513650.0,3897450.0,255.39208931772964
1773373,110538351,HOPHORNBEAM,3.0,1,,35.21865898554173,-80.85242163746658,1,1,4,513650.0,3897450.0,264.48246701772064
1773374,110538352,HOPHORNBEAM,5.0,1,,35.2187334705493,-80.85250210337648,1,1,4,513650.0,3897450.0,266.1669138717942
1773375,110538353,HOPHORNBEAM,4.0,1,,35.21867213017557,-80.85256781762985,1,1,4,513650.0,3897450.0,274.83829974007676
1773376,110538354,HOPHORNBEAM,6.0,1,,35.21859216935074,-80.85249137474959,1,1,4,513650.0,3897450.0,273.8982618266356
1773377,110538355,HOPHORNBEAM,6.0,1,,35.21862009103851,-80.85260909416108,1,1,4,513650.0,3897450.0,281.1051136087705
1773378,110538356,HOPHORNBEAM,7.0,1,,35.21853246340324,-80.85254874415061,1,1,4,513650.0,3897450.0,281.96280618281565
1773379,110538357,HOPHORNBEAM,5.0,1,,35.21846564623633,-80.85261848120061,1,1,4,513650.0,3897450.0,291.4225745530741
1773380,110538358,HOPHORNBEAM,5.0,1,,35.218470008220685,-80.8527536347852,1,1,4,513650.0,3897450.0,301.25096711183267
1773381,110538359,HOPHORNBEAM,6.0,1,,35.21840209667977,-80.85268255619853,1,1,4,513650.0,3897450.0,300.2714039954544
1773382,110538360,HOPHORNBEAM,6.0,1,,35.21841743075378,-80.85280191508716,1,1,4,513650.0,3897450.0,308.1657426435612
1773383,110538361,HOPHORNBEAM,6.0,1,,35.218349518300236,-80.85274290558603,1,1,4,513650.0,3897450.0,308.1441894080526
1773384,110538362,HOPHORNBEAM,7.0,1,,35.21829766041567,-80.8527931226988,1,1,4,513650.0,3897450.0,315.2353258523006
1773385,110538363,HOPHORNBEAM,6.0,1,,35.21823556488997,-80.85285108884091,1,1,4,513650.0,3897450.0,323.5839498519434
1773386,110538364,MAPLE: SUGAR,5.0,1,,35.218115275250774,-80.85300814773663,1,1,4,513650.0,3897450.0,343.03367173686803
1773387,110538365,MAPLE: RED,10.0,1,,35.21798164110536,-80.85310873014177,1,1,4,513650.0,3897450.0,359.35411988243607
1773388,110538366,MAPLE: RED,8.0,1,,35.21791482421034,-80.8531891960173,1,1,4,513650.0,3897450.0,369.69656650784583
1773389,110538367,MAPLE: RED,8.0,1,,35.21785238800723,-80.8532616157981,1,1,4,513650.0,3897450.0,379.167936037135
1773390,110538368,OAK: WILLOW,17.0,1,,35.218053677440146,-80.85348513274172,1,1,4,513650.0,3897450.0,382.2632130126152
1773391,110538369,OAK: WILLOW,17.0,1,,35.21810296936276,-80.85353207176763,1,1,4,513650.0,3897450.0,382.7860562044427
1773392,110538370,OAK: WILLOW,18.0,1,,35.218146782961995,-80.8536179027485,1,1,4,513650.0,3897450.0,386.75660551925915
1773393,110538371,OAK: WILLOW,18.0,1,,35.21819607490553,-80.85369166416456,1,1,4,513650.0,3897450.0,389.64868531408064
1773394,110538372,JAPANESE SNOWBELL,5.0,1,,35.21806243956486,-80.8536822758979,1,1,4,513650.0,3897450.0,396.70532806446295
1773395,110538373,JAPANESE SNOWBELL,6.0,1,,35.2180175299798,-80.85359242191552,1,1,4,513650.0,3897450.0,392.59824962978183
1773396,110538374,JAPANESE SNOWBELL,6.0,1,,35.21796589348727,-80.85352909211592,1,1,4,513650.0,3897450.0,391.08747368922434
1773397,110538375,MAPLE: RED,3.0,1,,35.21789993957382,-80.85347067953077,1,1,4,513650.0,3897450.0,391.0409636252667
1773398,110538376,MAPLE: RED,8.0,1,201 EAST BV,35.21775336878518,-80.85337113947466,1,1,4,513650.0,3897450.0,393.82089876710995
1773399,110538377,MAPLE: RED,3.0,1,,35.21780485021472,-80.85344624115282,1,1,4,513650.0,3897450.0,395.626439637839
1773400,110538378,MAPLE: RED,2.0,1,,35.21773836314385,-80.85352864446999,1,1,4,513650.0,3897450.0,406.07325442094907
1773401,110538379,MAPLE: RED,2.0,1,,35.21765730665623,-80.85347902392418,1,1,4,513650.0,3897450.0,408.1633388978718
1773402,110538380,MAPLE: RED,2.0,1,,35.21759925123854,-80.85354473772458,1,1,4,513650.0,3897450.0,416.8721640235997
1773403,110538381,MAPLE: RED,2.0,1,,35.21766935463796,-80.85360642855568,1,1,4,513650.0,3897450.0,416.3659155211175
1773404,110538382,MAPLE: RED,2.0,1,,35.217614537403406,-80.85367169629181,1,1,4,513650.0,3897450.0,424.79484704027254
1773405,110538383,MAPLE: RED,7.0,1,,35.21753457447764,-80.85362744014023,1,1,4,513650.0,3897450.0,427.24325577592793
1773406,110538384,MAPLE: RED,5.0,1,,35.21747005478971,-80.85382860541783,1,1,4,513650.0,3897450.0,445.9512280811281
1773407,110538385,MAPLE: RED,8.0,1,,35.21741989300274,-80.8538959586188,1,1,4,513650.0,3897450.0,454.2146928363986
1773408,110538386,MAPLE: RED,6.0,1,,35.21736183843256,-80.85396301343867,1,1,4,513650.0,3897450.0,463.0083296808104
1773409,110538387,MAPLE: RED,5.0,1,,35.21727968557954,-80.85404616239066,1,1,4,513650.0,3897450.0,474.6299631201942
1773410,110538388,MAPLE: RED,8.0,1,,35.21720404335992,-80.85412677750976,1,1,4,513650.0,3897450.0,485.62470569674355
1773411,110538389,MAPLE: RED,10.0,1,,35.217141606376146,-80.85420456185544,1,1,4,513650.0,3897450.0,495.4927211484058
1773412,110538390,OAK: WILLOW,16.0,1,,35.217145791609674,-80.854335542077,1,1,4,513650.0,3897450.0,504.4406205241658
1773413,110538391,OAK: WILLOW,14.0,1,,35.217219182793194,-80.85441064381168,1,1,4,513650.0,3897450.0,504.79325022372444
1773414,110538392,OAK: WILLOW,16.0,1,,35.21730571743253,-80.8544830642091,1,1,4,513650.0,3897450.0,504.31038912411526
1773415,110538393,OAK: WILLOW,18.0,1,,35.217405396029015,-80.85460510472134,1,1,4,513650.0,3897450.0,506.98147495776493
1773416,110538394,OAK: WILLOW,28.0,1,,35.216737814850234,-80.85545953828836,1,7,2,512750.0,3897450.0,542.6614027629533
1773417,110538395,OAK: WILLOW,23.0,1,,35.21665236561528,-80.85552122777236,1,7,2,512750.0,3897450.0,544.9107469710177
1773418,110538396,OAK: WILLOW,23.0,1,,35.216588815921796,-80.85559096603171,1,7,2,512750.0,3897450.0,545.1572491925049
1773419,110538397,OAK: WILLOW,18.0,1,,35.21652570465606,-80.85565968691894,1,7,2,512750.0,3897450.0,545.5996559079913
1773420,110538398,OAK: WILLOW,4.0,1,,35.21645514933305,-80.85573312277373,1,7,2,512750.0,3897450.0,546.4988929846227
1773421,110538399,BUCKEYE: RED,4.0,1,,35.21632009003588,-80.85587524842109,1,7,2,512750.0,3897450.0,548.6602633850894
1773421,110538399,BUCKEYE: RED,4.0,1,,35.21632009003588,-80.85587524842109,1,7,2,512750.0,3897450.0,548.6602633850894
1773422,110538400,ZELKOVA: JAPANESE,4.0,1,1700 CAMDEN RD #101,35.2137474340364,-80.85817646732335,1,4,1,512750.0,3896350.0,436.06204799930174
1773422,110538400,ZELKOVA: JAPANESE,4.0,1,1700 CAMDEN RD #101,35.2137474340364,-80.85817646732335,1,4,1,512750.0,3896350.0,436.06204799930174
1773423,110538401,ZELKOVA: JAPANESE,4.0,1,1700 CAMDEN RD #101,35.21379565329241,-80.85826036103028,1,4,1,512750.0,3896350.0,438.36265459588344
1773423,110538401,ZELKOVA: JAPANESE,4.0,1,1700 CAMDEN RD #101,35.21379565329241,-80.85826036103028,1,4,1,512750.0,3896350.0,438.36265459588344
1773424,110538402,CRAPEMYRTLE: SPP,4.0,1,,35.21387124619549,-80.85843336297657,1,4,1,512750.0,3896350.0,441.1700826954854
1773424,110538402,CRAPEMYRTLE: SPP,4.0,1,,35.21387124619549,-80.85843336297657,1,4,1,512750.0,3896350.0,441.1700826954854
1773425,110538403,OAK: OVERCUP,4.0,1,,35.21394136224472,-80.85858624959815,1,4,1,512750.0,3896350.0,444.58637478199313
1773425,110538403,OAK: OVERCUP,4.0,1,,35.21394136224472,-80.85858624959815,1,4,1,512750.0,3896350.0,444.58637478199313
1773426,110538404,OAK: OVERCUP,4.0,1,,35.21398408902256,-80.85868683188914,1,4,1,512750.0,3896350.0,446.76447933024957
1773426,110538404,OAK: OVERCUP,4.0,1,,35.21398408902256,-80.85868683188914,1,4,1,512750.0,3896350.0,446.76447933024957
1773427,110538405,OAK: OVERCUP,4.0,1,,35.21403777106663,-80.85880350764818,1,4,1,512750.0,3896350.0,450.0190889375688
1773427,110538405,OAK: OVERCUP,4.0,1,,35.21403777106663,-80.85880350764818,1,4,1,512750.0,3896350.0,450.0190889375688
1773428,110538406,CRAPEMYRTLE: SPP,4.0,1,,35.21407053921115,-80.85887622571325,1,4,1,512750.0,3896350.0,452.12676677668406
1773428,110538406,CRAPEMYRTLE: SPP,4.0,1,,35.21407053921115,-80.85887622571325,1,4,1,512750.0,3896350.0,452.12676677668406
1773429,110538407,CRAPEMYRTLE: SPP,4.0,1,,35.214122030437856,-80.85897680838289,1,4,1,512750.0,3896350.0,455.9041535197473
1773429,110538407,CRAPEMYRTLE: SPP,4.0,1,,35.214122030437856,-80.85897680838289,1,4,1,512750.0,3896350.0,455.9041535197473
1773430,110538408,CRAPEMYRTLE: SPP,4.0,1,,35.21417133060072,-80.85908677844456,1,4,1,512750.0,3896350.0,459.5227288441478
1773430,110538408,CRAPEMYRTLE: SPP,4.0,1,,35.21417133060072,-80.85908677844456,1,4,1,512750.0,3896350.0,459.5227288441478
1773431,110538409,OAK: OVERCUP,4.0,1,,35.21420774396183,-80.85914981088236,1,4,1,512750.0,3896350.0,462.6051186085486
1773431,110538409,OAK: OVERCUP,4.0,1,,35.21420774396183,-80.85914981088236,1,4,1,512750.0,3896350.0,462.6051186085486
1773432,110538410,OAK: OVERCUP,4.0,1,,35.214242802163724,-80.85923296031805,1,4,1,512750.0,3896350.0,465.3752465482903
1773432,110538410,OAK: OVERCUP,4.0,1,,35.214242802163724,-80.85923296031805,1,4,1,512750.0,3896350.0,465.3752465482903
1773433,110538411,OAK: WILLOW,4.0,1,201 W KINGSTON AV,35.21419240705734,-80.8594166905118,1,4,1,512750.0,3896350.0,457.87121697224626
1773433,110538411,OAK: WILLOW,4.0,1,201 W KINGSTON AV,35.21419240705734,-80.8594166905118,1,4,1,512750.0,3896350.0,457.87121697224626
1773434,110538412,OAK: WILLOW,4.0,1,201 W KINGSTON AV,35.21410038088562,-80.85947704060426,1,4,1,512750.0,3896350.0,447.19143314357643
1773434,110538412,OAK: WILLOW,4.0,1,201 W KINGSTON AV,35.21410038088562,-80.85947704060426,1,4,1,512750.0,3896350.0,447.19143314357643
1773435,110538413,OAK: WILLOW,4.0,1,201 W KINGSTON AV,35.21403911257202,-80.85953247318996,1,4,1,512750.0,3896350.0,439.99391811593614
1773435,110538413,OAK: WILLOW,4.0,1,201 W KINGSTON AV,35.21403911257202,-80.85953247318996,1,4,1,512750.0,3896350.0,439.99391811593614
1773436,110538414,OAK: WILLOW,4.0,1,,35.21394818157643,-80.85959014101309,1,4,1,512750.0,3896350.0,429.54640058055804
1773436,110538414,OAK: WILLOW,4.0,1,,35.21394818157643,-80.85959014101309,1,4,1,512750.0,3896350.0,429.54640058055804
1773437,110538415,OAK: WILLOW,4.0,1,,35.21384519940159,-80.85966792416197,1,4,1,512750.0,3896350.0,417.7090483501216
1773437,110538415,OAK: WILLOW,4.0,1,,35.21384519940159,-80.85966792416197,1,4,1,512750.0,3896350.0,417.7090483501216
1773438,110538416,OAK: WILLOW,4.0,1,,35.213733807845244,-80.85974153589473,1,4,1,512750.0,3896350.0,405.05422802212763
1773439,110538417,OAK: WILLOW,4.0,1,200 WEST BV #1,35.21362644228269,-80.85981395614876,1,4,1,512750.0,3896350.0,392.9435227423237
1773440,110538418,OAK: WILLOW,4.0,1,200 WEST BV #1,35.21350483518958,-80.85989308115515,1,4,1,512750.0,3896350.0,379.35060842044487
1773441,110538419,OAK: WILLOW,4.0,1,200 WEST BV #1,35.21342595434774,-80.85995208900486,1,4,1,512750.0,3896350.0,370.60945513609084
1773442,110538420,OAK: WILLOW,4.0,1,,35.21334816937357,-80.86000573411471,1,4,1,512750.0,3896350.0,362.05868151134484
1773443,110538421,CHERRY YOSHINO,4.0,1,,35.21335802959158,-80.86012509288341,1,4,1,512750.0,3896350.0,363.5542061629196
1773444,110538422,CHERRY YOSHINO,4.0,1,200 WEST BV #1,35.21351250435836,-80.8600204858793,1,4,1,512750.0,3896350.0,380.3099222572398
1773445,110538423,CHERRY YOSHINO,4.0,1,200 WEST BV #1,35.21361986891147,-80.85995611341518,1,4,1,512750.0,3896350.0,392.1170201717608
1773446,110538424,CHERRY YOSHINO,4.0,1,200 WEST BV #1,35.213706419086975,-80.85988771697846,1,4,1,512750.0,3896350.0,401.70897219465604
1773447,110538425,CHERRY YOSHINO,4.0,1,1712 HAWKINS ST,35.213773247811815,-80.85984882425268,1,4,1,512750.0,3896350.0,409.15896203943163
1773448,110538426,MAPLE: TRIDENT,4.0,1,,35.2144506067434,-80.85968148494052,1,4,1,512750.0,3896350.0,484.7069902874638
1773448,110538426,MAPLE: TRIDENT,4.0,1,,35.2144506067434,-80.85968148494052,1,4,1,512750.0,3896350.0,484.7069902874638
1773449,110538427,MAPLE: TRIDENT,4.0,1,,35.21453387549453,-80.8598694635672,1,4,1,512750.0,3896350.0,493.48441010212764
1773449,110538427,MAPLE: TRIDENT,4.0,1,,35.21453387549453,-80.8598694635672,1,4,1,512750.0,3896350.0,493.48441010212764
1773450,110538428,OAK: SWAMP WHITE,4.0,1,,35.21459735983855,-80.85965995327285,1,4,1,512750.0,3896350.0,501.0543624822879
1773450,110538428,OAK: SWAMP WHITE,4.0,1,,35.21459735983855,-80.85965995327285,1,4,1,512750.0,3896350.0,501.0543624822879
1773451,110538429,OAK: SWAMP WHITE,4.0,1,,35.21455133833493,-80.85957702762211,1,4,1,512750.0,3896350.0,496.3703003668113
1773451,110538429,OAK: SWAMP WHITE,4.0,1,,35.21455133833493,-80.85957702762211,1,4,1,512750.0,3896350.0,496.3703003668113
1773452,110538430,OAK: SWAMP WHITE,4.0,1,,35.21451138290035,-80.85949685859532,1,4,1,512750.0,3896350.0,492.4615258516358
1773452,110538430,OAK: SWAMP WHITE,4.0,1,,35.21451138290035,-80.85949685859532,1,4,1,512750.0,3896350.0,492.4615258516358
1773453,110538431,CRAPEMYRTLE: SPP,4.0,1,,35.214230289300694,-80.85890248986385,1,4,1,512750.0,3896350.0,468.98737363913426
1773453,110538431,CRAPEMYRTLE: SPP,4.0,1,,35.214230289300694,-80.85890248986385,1,4,1,512750.0,3896350.0,468.98737363913426
1773454,110538432,CRAPEMYRTLE: SPP,4.0,1,,35.21416579575835,-80.85876904909524,1,4,1,512750.0,3896350.0,464.5586367624361
1773454,110538432,CRAPEMYRTLE: SPP,4.0,1,,35.21416579575835,-80.85876904909524,1,4,1,512750.0,3896350.0,464.5586367624361
1773455,110538433,CRAPEMYRTLE: SPP,4.0,1,,35.214142515617944,-80.85871708204542,1,4,1,512750.0,3896350.0,463.13644671306156
1773455,110538433,CRAPEMYRTLE: SPP,4.0,1,,35.214142515617944,-80.85871708204542,1,4,1,512750.0,3896350.0,463.13644671306156
1773456,110538434,CRAPEMYRTLE: SPP,4.0,1,,35.21409801769746,-80.85862186330735,1,4,1,512750.0,3896350.0,460.4853030778641
1773456,110538434,CRAPEMYRTLE: SPP,4.0,1,,35.21409801769746,-80.85862186330735,1,4,1,512750.0,3896350.0,460.4853030778641
1773457,110538435,CRAPEMYRTLE: SPP,4.0,1,,35.21406408241895,-80.8585530946462,1,4,1,512750.0,3896350.0,458.50398013866663
1773457,110538435,CRAPEMYRTLE: SPP,4.0,1,,35.21406408241895,-80.8585530946462,1,4,1,512750.0,3896350.0,458.50398013866663
1773458,110538436,CRAPEMYRTLE: SPP,4.0,1,,35.21402284088372,-80.8584604091239,1,4,1,512750.0,3896350.0,456.4821332667521
1773458,110538436,CRAPEMYRTLE: SPP,4.0,1,,35.21402284088372,-80.8584604091239,1,4,1,512750.0,3896350.0,456.4821332667521
1773459,110538437,CRAPEMYRTLE: SPP,4.0,1,,35.213955578370616,-80.85830487833371,1,4,1,512750.0,3896350.0,453.7294148608958
1773459,110538437,CRAPEMYRTLE: SPP,4.0,1,,35.213955578370616,-80.85830487833371,1,4,1,512750.0,3896350.0,453.7294148608958
1773460,110538438,CRAPEMYRTLE: SPP,4.0,1,,35.21392458759537,-80.8582372262906,1,4,1,512750.0,3896350.0,452.5224540534888
1773460,110538438,CRAPEMYRTLE: SPP,4.0,1,,35.21392458759537,-80.8582372262906,1,4,1,512750.0,3896350.0,452.5224540534888
1773461,110538439,CRAPEMYRTLE: SPP,4.0,1,,35.21388651702412,-80.85815608971492,1,4,1,512750.0,3896350.0,451.1224572364318
1773461,110538439,CRAPEMYRTLE: SPP,4.0,1,,35.21388651702412,-80.85815608971492,1,4,1,512750.0,3896350.0,451.1224572364318
1773462,110538440,CRAPEMYRTLE: SPP,4.0,1,,35.21385084240502,-80.85808050321302,1,4,1,512750.0,3896350.0,449.9375815060785
1773462,110538440,CRAPEMYRTLE: SPP,4.0,1,,35.21385084240502,-80.85808050321302,1,4,1,512750.0,3896350.0,449.9375815060785
1773463,110538441,CRAPEMYRTLE: SPP,4.0,1,,35.213808937316486,-80.85798796784039,1,4,1,512750.0,3896350.0,448.8544398046781
1773463,110538441,CRAPEMYRTLE: SPP,4.0,1,,35.213808937316486,-80.85798796784039,1,4,1,512750.0,3896350.0,448.8544398046781
1773464,110538442,OAK: OVERCUP,4.0,1,,35.21385765508523,-80.85788112657418,1,4,1,512750.0,3896350.0,457.6823827149179
1773464,110538442,OAK: OVERCUP,4.0,1,,35.21385765508523,-80.85788112657418,1,4,1,512750.0,3896350.0,457.6823827149179
1773465,110538443,OAK: OVERCUP,4.0,1,,35.21394858669409,-80.85780669402935,1,4,1,512750.0,3896350.0,469.6509973394887
1773465,110538443,OAK: OVERCUP,4.0,1,,35.21394858669409,-80.85780669402935,1,4,1,512750.0,3896350.0,469.6509973394887
1773466,110538444,OAK: OVERCUP,4.0,1,,35.21403119647843,-80.85772637732518,1,4,1,512750.0,3896350.0,481.01005472527623
1773466,110538444,OAK: OVERCUP,4.0,1,,35.21403119647843,-80.85772637732518,1,4,1,512750.0,3896350.0,481.01005472527623
1773467,110538445,OAK: OVERCUP,4.0,1,,35.21410363568296,-80.85766438882926,1,4,1,512750.0,3896350.0,490.66305059343676
1773467,110538445,OAK: OVERCUP,4.0,1,,35.21410363568296,-80.85766438882926,1,4,1,512750.0,3896350.0,490.66305059343676
1773468,110538446,OAK: OVERCUP,4.0,1,1612 CAMDEN RD,35.21417758587775,-80.85759800388969,1,4,1,512750.0,3896350.0,500.64300988080294
1773468,110538446,OAK: OVERCUP,4.0,1,1612 CAMDEN RD,35.21417758587775,-80.85759800388969,1,4,1,512750.0,3896350.0,500.64300988080294
1773469,110538447,HORNBEAM: AMERICAN,4.0,1,,35.21378685243119,-80.8577342005202,1,4,1,512750.0,3896350.0,456.1788848241885
1773469,110538447,HORNBEAM: AMERICAN,4.0,1,,35.21378685243119,-80.8577342005202,1,4,1,512750.0,3896350.0,456.1788848241885
1773470,110538448,HORNBEAM: AMERICAN,4.0,1,,35.21383122293135,-80.85770134387084,1,4,1,512750.0,3896350.0,461.9111770013036
1773470,110538448,HORNBEAM: AMERICAN,4.0,1,,35.21383122293135,-80.85770134387084,1,4,1,512750.0,3896350.0,461.9111770013036
1773471,110538449,HORNBEAM: AMERICAN,4.0,1,,35.213942137037456,-80.8575962151626,1,4,1,512750.0,3896350.0,477.16611123827613
1773471,110538449,HORNBEAM: AMERICAN,4.0,1,,35.213942137037456,-80.8575962151626,1,4,1,512750.0,3896350.0,477.16611123827613
1773472,110538450,HORNBEAM: AMERICAN,4.0,1,,35.21398650697255,-80.85756268819836,1,4,1,512750.0,3896350.0,482.92954111713806
1773472,110538450,HORNBEAM: AMERICAN,4.0,1,,35.21398650697255,-80.85756268819836,1,4,1,512750.0,3896350.0,482.92954111713806
1773473,110538451,ZELKOVA: JAPANESE,4.0,1,,35.21413990295335,-80.85742455364728,1,4,1,512750.0,3896350.0,503.7674630809094
1773473,110538451,ZELKOVA: JAPANESE,4.0,1,,35.21413990295335,-80.85742455364728,1,4,1,512750.0,3896350.0,503.7674630809094
1773474,110538452,ZELKOVA: JAPANESE,4.0,1,,35.21419854426189,-80.85736040449062,1,4,1,512750.0,3896350.0,512.2086104977193
1773474,110538452,ZELKOVA: JAPANESE,4.0,1,,35.21419854426189,-80.85736040449062,1,4,1,512750.0,3896350.0,512.2086104977193
1773475,110538453,ZELKOVA: JAPANESE,4.0,1,,35.214312482003876,-80.8572497627201,1,4,1,512750.0,3896350.0,528.0501287466217
1773475,110538453,ZELKOVA: JAPANESE,4.0,1,,35.214312482003876,-80.8572497627201,1,4,1,512750.0,3896350.0,528.0501287466217
1773476,110538454,ELM: CHINESE,4.0,1,1600 CAMDEN RD,35.214567479512745,-80.85721452267845,1,4,1,512750.0,3896350.0,554.7300169021598
1773476,110538454,ELM: CHINESE,4.0,1,1600 CAMDEN RD,35.214567479512745,-80.85721452267845,1,4,1,512750.0,3896350.0,554.7300169021598
1773477,110538455,CHERRY/PLUM/PEACH SPP,4.0,1,1600 CAMDEN RD,35.21460746759932,-80.85718233566624,1,4,1,512750.0,3896350.0,560.0043164522725
1773477,110538455,CHERRY/PLUM/PEACH SPP,4.0,1,1600 CAMDEN RD,35.21460746759932,-80.85718233566624,1,4,1,512750.0,3896350.0,560.0043164522725
1773478,110538456,CRAPEMYRTLE: SPP,4.0,1,1600 CAMDEN RD,35.214648550967915,-80.85715685442486,1,4,1,512750.0,3896350.0,565.1164845690206
1773478,110538456,CRAPEMYRTLE: SPP,4.0,1,1600 CAMDEN RD,35.214648550967915,-80.85715685442486,1,4,1,512750.0,3896350.0,565.1164845690206
1773479,110538457,CRAPEMYRTLE: SPP,4.0,1,1600 CAMDEN RD,35.214734750249164,-80.85716393273887,1,4,1,512750.0,3896350.0,573.4129034141463
1773479,110538457,CRAPEMYRTLE: SPP,4.0,1,1600 CAMDEN RD,35.214734750249164,-80.85716393273887,1,4,1,512750.0,3896350.0,573.4129034141463
1773480,110538458,CHERRY/PLUM/PEACH SPP,4.0,1,1600 CAMDEN RD,35.21476652203185,-80.85721757757781,1,4,1,512750.0,3896350.0,574.4786125023609
1773480,110538458,CHERRY/PLUM/PEACH SPP,4.0,1,1600 CAMDEN RD,35.21476652203185,-80.85721757757781,1,4,1,512750.0,3896350.0,574.4786125023609
1773481,110538459,ELM: CHINESE,4.0,1,1600 CAMDEN RD,35.2147926453487,-80.85727420173187,1,4,1,512750.0,3896350.0,574.922935804007
1773481,110538459,ELM: CHINESE,4.0,1,1600 CAMDEN RD,35.2147926453487,-80.85727420173187,1,4,1,512750.0,3896350.0,574.922935804007
1773482,110538460,ELM: CHINESE,4.0,1,1600 CAMDEN RD,35.21483263265358,-80.85736137338736,1,4,1,512750.0,3896350.0,575.7017548989514
1773482,110538460,ELM: CHINESE,4.0,1,1600 CAMDEN RD,35.21483263265358,-80.85736137338736,1,4,1,512750.0,3896350.0,575.7017548989514
1773483,110538461,CHERRY/PLUM/PEACH SPP,4.0,1,,35.21486988123439,-80.85744452207146,1,4,1,512750.0,3896350.0,576.485979954253
1773483,110538461,CHERRY/PLUM/PEACH SPP,4.0,1,,35.21486988123439,-80.85744452207146,1,4,1,512750.0,3896350.0,576.485979954253
1773484,110538462,ELM: CHINESE,4.0,1,,35.21489836501038,-80.85750554203803,1,4,1,512750.0,3896350.0,577.2605472308485
1773484,110538462,ELM: CHINESE,4.0,1,,35.21489836501038,-80.85750554203803,1,4,1,512750.0,3896350.0,577.2605472308485
1773485,110538463,ELM: CHINESE,4.0,1,,35.214959489520446,-80.85761245847507,1,4,1,512750.0,3896350.0,579.9447830044631
1773485,110538463,ELM: CHINESE,4.0,1,,35.214959489520446,-80.85761245847507,1,4,1,512750.0,3896350.0,579.9447830044631
1773486,110538464,SERVICEBERRY: DOWNY,4.0,1,,35.2150252221638,-80.85776668566515,1,4,1,512750.0,3896350.0,581.8752367709812
1773486,110538464,SERVICEBERRY: DOWNY,4.0,1,,35.2150252221638,-80.85776668566515,1,4,1,512750.0,3896350.0,581.8752367709812
1773487,110538465,ELM: CHINESE,4.0,1,,35.21506674578815,-80.85784491582226,1,7,2,512750.0,3897450.0,578.522529041343
1773487,110538465,ELM: CHINESE,4.0,1,,35.21506674578815,-80.85784491582226,1,7,2,512750.0,3897450.0,578.522529041343
1773488,110538466,ELM: CHINESE,4.0,1,,35.21510892456802,-80.8579414765408,1,7,2,512750.0,3897450.0,571.2948771804492
1773488,110538466,ELM: CHINESE,4.0,1,,35.21510892456802,-80.8579414765408,1,7,2,512750.0,3897450.0,571.2948771804492
1773489,110538467,ELM: CHINESE,4.0,1,127 W PARK AV,35.21523583582865,-80.85820731290745,1,7,2,512750.0,3897450.0,550.6867485374178
1773489,110538467,ELM: CHINESE,4.0,1,127 W PARK AV,35.21523583582865,-80.85820731290745,1,7,2,512750.0,3897450.0,550.6867485374178
1773490,110538468,SERVICEBERRY: DOWNY,4.0,1,,35.21525092588417,-80.85799236267201,1,7,2,512750.0,3897450.0,554.8883116126382
1773490,110538468,SERVICEBERRY: DOWNY,4.0,1,,35.21525092588417,-80.85799236267201,1,7,2,512750.0,3897450.0,554.8883116126382
1773491,110538469,SERVICEBERRY: DOWNY,4.0,1,,35.215228467431814,-80.85794006013622,1,7,2,512750.0,3897450.0,558.7561125551327
1773491,110538469,SERVICEBERRY: DOWNY,4.0,1,,35.215228467431814,-80.85794006013622,1,7,2,512750.0,3897450.0,558.7561125551327
1773492,110538470,SERVICEBERRY: DOWNY,4.0,1,,35.215202655593934,-80.85787814598139,1,7,2,512750.0,3897450.0,563.2854891942516
1773492,110538470,SERVICEBERRY: DOWNY,4.0,1,,35.215202655593934,-80.85787814598139,1,7,2,512750.0,3897450.0,563.2854891942516
1773493,110538471,SERVICEBERRY: DOWNY,4.0,1,,35.21517088566546,-80.85780907891942,1,7,2,512750.0,3897450.0,568.6894823729517
1773493,110538471,SERVICEBERRY: DOWNY,4.0,1,,35.21517088566546,-80.85780907891942,1,7,2,512750.0,3897450.0,568.6894823729517
1773494,110538472,SERVICEBERRY: DOWNY,4.0,1,,35.21513424172119,-80.85774299234767,1,7,2,512750.0,3897450.0,574.5481671952022
1773494,110538472,SERVICEBERRY: DOWNY,4.0,1,,35.21513424172119,-80.85774299234767,1,7,2,512750.0,3897450.0,574.5481671952022
1773495,110538473,SERVICEBERRY: DOWNY,4.0,1,,35.215102429308224,-80.85769247727215,1,7,2,512750.0,3897450.0,579.4433227939735
1773495,110538473,SERVICEBERRY: DOWNY,4.0,1,,35.215102429308224,-80.85769247727215,1,7,2,512750.0,3897450.0,579.4433227939735
1773496,110538474,SERVICEBERRY: DOWNY,4.0,1,,35.21507732021871,-80.85764244689581,1,7,2,512750.0,3897450.0,583.6435734587992
1773496,110538474,SERVICEBERRY: DOWNY,4.0,1,,35.21507732021871,-80.85764244689581,1,7,2,512750.0,3897450.0,583.6435734587992
1773497,110538475,SERVICEBERRY: DOWNY,4.0,1,,35.21505689848907,-80.857588317826,1,7,2,512750.0,3897450.0,587.510294818445
1773497,110538475,SERVICEBERRY: DOWNY,4.0,1,,35.21505689848907,-80.857588317826,1,7,2,512750.0,3897450.0,587.510294818445
1773498,110538476,SERVICEBERRY: DOWNY,4.0,1,,35.21502402811307,-80.85752349744382,1,4,1,512750.0,3896350.0,589.5673100417972
1773498,110538476,SERVICEBERRY: DOWNY,4.0,1,,35.21502402811307,-80.85752349744382,1,4,1,512750.0,3896350.0,589.5673100417972
1773499,110538477,SERVICEBERRY: DOWNY,4.0,1,,35.21499310511625,-80.85745316457384,1,4,1,512750.0,3896350.0,588.7908620581488
1773499,110538477,SERVICEBERRY: DOWNY,4.0,1,,35.21499310511625,-80.85745316457384,1,4,1,512750.0,3896350.0,588.7908620581488
1773500,110538478,SERVICEBERRY: DOWNY,4.0,1,,35.214871247489405,-80.85716631632374,1,4,1,512750.0,3896350.0,586.9726502485503
1773500,110538478,SERVICEBERRY: DOWNY,4.0,1,,35.214871247489405,-80.85716631632374,1,4,1,512750.0,3896350.0,586.9726502485503
1773501,110538479,SERVICEBERRY: DOWNY,4.0,1,,35.214826938927196,-80.8570715457773,1,4,1,512750.0,3896350.0,586.2917125693482
1773501,110538479,SERVICEBERRY: DOWNY,4.0,1,,35.214826938927196,-80.8570715457773,1,4,1,512750.0,3896350.0,586.2917125693482
1773502,110538480,CRAPEMYRTLE: SPP,4.0,1,1600 SOUTH BV,35.21385369914104,-80.85594427234882,1,4,1,512750.0,3896350.0,552.7485036243908
1773502,110538480,CRAPEMYRTLE: SPP,4.0,1,1600 SOUTH BV,35.21385369914104,-80.85594427234882,1,4,1,512750.0,3896350.0,552.7485036243908
1773503,110538481,CRAPEMYRTLE: SPP,4.0,1,1600 SOUTH BV,35.21381699829774,-80.85590403934334,1,4,1,512750.0,3896350.0,552.0928666643133
1773503,110538481,CRAPEMYRTLE: SPP,4.0,1,1600 SOUTH BV,35.21381699829774,-80.85590403934334,1,4,1,512750.0,3896350.0,552.0928666643133
1773504,110538482,OAK: WILLOW,4.0,1,,35.21388303286146,-80.85577208997962,1,4,1,512750.0,3896350.0,565.5452498343743
1773504,110538482,OAK: WILLOW,4.0,1,,35.21388303286146,-80.85577208997962,1,4,1,512750.0,3896350.0,565.5452498343743
1773505,110538483,OAK: WILLOW,4.0,1,,35.21393728334692,-80.8558375056775,1,4,1,512750.0,3896350.0,566.1178182412758
1773505,110538483,OAK: WILLOW,4.0,1,,35.21393728334692,-80.8558375056775,1,4,1,512750.0,3896350.0,566.1178182412758
1773506,110538484,OAK: WILLOW,4.0,1,,35.213980557247645,-80.85589852624757,1,4,1,512750.0,3896350.0,566.1445642821268
1773506,110538484,OAK: WILLOW,4.0,1,,35.213980557247645,-80.85589852624757,1,4,1,512750.0,3896350.0,566.1445642821268
1773507,110538485,OAK: WILLOW,4.0,1,115 E PARK AV #A,35.214127075728385,-80.85609499748193,1,4,1,512750.0,3896350.0,567.5061894621151
1773507,110538485,OAK: WILLOW,4.0,1,115 E PARK AV #A,35.214127075728385,-80.85609499748193,1,4,1,512750.0,3896350.0,567.5061894621151
1773508,110538486,OAK: WILLOW,4.0,1,115 E PARK AV #A,35.21417801924519,-80.85615668857997,1,4,1,512750.0,3896350.0,568.5821934939842
1773508,110538486,OAK: WILLOW,4.0,1,115 E PARK AV #A,35.21417801924519,-80.85615668857997,1,4,1,512750.0,3896350.0,568.5821934939842
1773509,110538487,OAK: WILLOW,4.0,1,115 E PARK AV #A,35.21421800695063,-80.85621703806234,1,4,1,512750.0,3896350.0,568.8601052342002
1773509,110538487,OAK: WILLOW,4.0,1,115 E PARK AV #A,35.21421800695063,-80.85621703806234,1,4,1,512750.0,3896350.0,568.8601052342002
1773510,110538488,OAK: WILLOW,4.0,1,115 E PARK AV #103,35.21429660285291,-80.85632216557329,1,4,1,512750.0,3896350.0,570.364492704443
1773510,110538488,OAK: WILLOW,4.0,1,115 E PARK AV #103,35.21429660285291,-80.85632216557329,1,4,1,512750.0,3896350.0,570.364492704443
1773511,110538489,OAK: WILLOW,4.0,1,115 E PARK AV #103,35.214336590526045,-80.85637111578012,1,4,1,512750.0,3896350.0,571.4740324463272
1773511,110538489,OAK: WILLOW,4.0,1,115 E PARK AV #103,35.214336590526045,-80.85637111578012,1,4,1,512750.0,3896350.0,571.4740324463272
1773512,110538490,OAK: WILLOW,4.0,1,115 E PARK AV #103,35.214391368679074,-80.85645024207543,1,4,1,512750.0,3896350.0,572.4960825036582
1773512,110538490,OAK: WILLOW,4.0,1,115 E PARK AV #103,35.214391368679074,-80.85645024207543,1,4,1,512750.0,3896350.0,572.4960825036582
1773513,110538491,OAK: WILLOW,4.0,1,115 E PARK AV #103,35.214445623089034,-80.85652571675617,1,4,1,512750.0,3896350.0,573.8008428519303
1773513,110538491,OAK: WILLOW,4.0,1,115 E PARK AV #103,35.214445623089034,-80.85652571675617,1,4,1,512750.0,3896350.0,573.8008428519303
1773514,110538492,OAK: WILLOW,4.0,1,,35.21450094861598,-80.85660618179558,1,4,1,512750.0,3896350.0,575.1105988477009
1773514,110538492,OAK: WILLOW,4.0,1,,35.21450094861598,-80.85660618179558,1,4,1,512750.0,3896350.0,575.1105988477009
1773515,110538493,OAK: WILLOW,4.0,1,,35.21454148421314,-80.85666988409251,1,4,1,512750.0,3896350.0,575.947017911014
1773515,110538493,OAK: WILLOW,4.0,1,,35.21454148421314,-80.85666988409251,1,4,1,512750.0,3896350.0,575.947017911014
1773516,110538494,DOGWOOD: KOUSA,4.0,1,,35.214678806536384,-80.85686501576923,1,4,1,512750.0,3896350.0,580.3607058961294
1773516,110538494,DOGWOOD: KOUSA,4.0,1,,35.214678806536384,-80.85686501576923,1,4,1,512750.0,3896350.0,580.3607058961294
1773517,110538495,ELM: CHINESE,4.0,1,,35.21478728885585,-80.85685093320778,1,4,1,512750.0,3896350.0,591.5549493764206
1773517,110538495,ELM: CHINESE,4.0,1,,35.21478728885585,-80.85685093320778,1,4,1,512750.0,3896350.0,591.5549493764206
1773518,110538496,ELM: AMERICAN,4.0,1,,35.21488028772138,-80.85693885057182,1,4,1,512750.0,3896350.0,596.9918508949664
1773518,110538496,ELM: AMERICAN,4.0,1,,35.21488028772138,-80.85693885057182,1,4,1,512750.0,3896350.0,596.9918508949664
1773519,110538497,ELM: AMERICAN,4.0,1,,35.21496513840377,-80.85686322713426,1,4,1,512750.0,3896350.0,608.5040223560952
1773519,110538497,ELM: AMERICAN,4.0,1,,35.21496513840377,-80.85686322713426,1,4,1,512750.0,3896350.0,608.5040223560952
1773520,110538498,ELM: AMERICAN,4.0,1,,35.21506822031721,-80.8567655507032,1,7,2,512750.0,3897450.0,617.1823049858361
1773520,110538498,ELM: AMERICAN,4.0,1,,35.21506822031721,-80.8567655507032,1,7,2,512750.0,3897450.0,617.1823049858361
1773521,110538499,ELM: AMERICAN,4.0,1,,35.215152343321016,-80.85669074639742,1,7,2,512750.0,3897450.0,612.1443699023159
1773521,110538499,ELM: AMERICAN,4.0,1,,35.215152343321016,-80.85669074639742,1,7,2,512750.0,3897450.0,612.1443699023159
1773522,110538500,ELM: AMERICAN,4.0,1,,35.2152477281556,-80.85660826747953,1,7,2,512750.0,3897450.0,606.542179789375
1773522,110538500,ELM: AMERICAN,4.0,1,,35.2152477281556,-80.85660826747953,1,7,2,512750.0,3897450.0,606.542179789375
1773523,110538501,ELM: AMERICAN,4.0,1,,35.21536368673534,-80.85650090592709,1,7,2,512750.0,3897450.0,600.3712904535986
1773523,110538501,ELM: AMERICAN,4.0,1,,35.21536368673534,-80.85650090592709,1,7,2,512750.0,3897450.0,600.3712904535986
1773524,110538502,ELM: AMERICAN,4.0,1,,35.21546745648558,-80.8564378737257,1,7,2,512750.0,3897450.0,593.564354133057
1773524,110538502,ELM: AMERICAN,4.0,1,,35.21546745648558,-80.8564378737257,1,7,2,512750.0,3897450.0,593.564354133057
1773525,110538503,ELM: AMERICAN,4.0,1,,35.21552935598889,-80.85640807062435,1,7,2,512750.0,3897450.0,589.2170315246392
1773525,110538503,ELM: AMERICAN,4.0,1,,35.21552935598889,-80.85640807062435,1,7,2,512750.0,3897450.0,589.2170315246392
1773526,110538504,ELM: AMERICAN,4.0,1,,35.21561724531204,-80.85637171303294,1,7,2,512750.0,3897450.0,582.8502209191122
1773526,110538504,ELM: AMERICAN,4.0,1,,35.21561724531204,-80.85637171303294,1,7,2,512750.0,3897450.0,582.8502209191122
1773527,110538505,ELM: AMERICAN,4.0,1,,35.215762309561995,-80.85631695064595,1,7,2,512750.0,3897450.0,572.3192757031255
1773527,110538505,ELM: AMERICAN,4.0,1,,35.215762309561995,-80.85631695064595,1,7,2,512750.0,3897450.0,572.3192757031255
1773528,110538506,ELM: AMERICAN,4.0,1,1425 CAMDEN RD,35.21587775286732,-80.8562845035482,1,7,2,512750.0,3897450.0,563.5652336086489
1773528,110538506,ELM: AMERICAN,4.0,1,1425 CAMDEN RD,35.21587775286732,-80.8562845035482,1,7,2,512750.0,3897450.0,563.5652336086489
1773529,110538507,ELM: AMERICAN,4.0,1,1425 CAMDEN RD,35.2159323810761,-80.85627153840271,1,7,2,512750.0,3897450.0,559.3541943143634
1773529,110538507,ELM: AMERICAN,4.0,1,1425 CAMDEN RD,35.2159323810761,-80.85627153840271,1,7,2,512750.0,3897450.0,559.3541943143634
1773530,110538508,CAROLINA SILVERBELL,4.0,1,1425 CAMDEN RD,35.215740867900415,-80.8561744960444,1,7,2,512750.0,3897450.0,581.7356509282366
1773530,110538508,CAROLINA SILVERBELL,4.0,1,1425 CAMDEN RD,35.215740867900415,-80.8561744960444,1,7,2,512750.0,3897450.0,581.7356509282366
1773531,110538509,CAROLINA SILVERBELL,4.0,1,1425 CAMDEN RD,35.215783045629614,-80.8561627610872,1,7,2,512750.0,3897450.0,578.5686823353873
1773531,110538509,CAROLINA SILVERBELL,4.0,1,1425 CAMDEN RD,35.215783045629614,-80.8561627610872,1,7,2,512750.0,3897450.0,578.5686823353873
1773532,110538510,CAROLINA SILVERBELL,4.0,1,1425 CAMDEN RD,35.21583946630159,-80.85615102656435,1,7,2,512750.0,3897450.0,574.1531831405937
1773532,110538510,CAROLINA SILVERBELL,4.0,1,1425 CAMDEN RD,35.21583946630159,-80.85615102656435,1,7,2,512750.0,3897450.0,574.1531831405937
1773554,110538532,OAK: WILLOW,5.0,1,,35.21727185847224,-80.8479464442315,1,1,4,513650.0,3897450.0,355.3287824275254
1773555,110538533,OAK: WILLOW,30.0,1,,35.217103696953515,-80.84778349989057,1,1,4,513650.0,3897450.0,379.008962397551
1773556,110538534,OAK: WILLOW,5.0,1,,35.21701389865914,-80.84769103792685,1,1,4,513650.0,3897450.0,391.92844706494003
1773557,110538535,OAK: WILLOW,33.0,1,,35.21659482012754,-80.84730748283019,1,1,4,513650.0,3897450.0,449.9105166482572
1773558,110538536,OAK: WILLOW,21.0,1,,35.216517585541375,-80.84723238011587,1,1,4,513650.0,3897450.0,460.82072711554196
1773559,110538537,OAK: WILLOW,43.0,1,,35.21632646992528,-80.84705766470528,1,1,4,513650.0,3897450.0,487.2678795996281
1773560,110538538,OAK: WILLOW,26.0,1,,35.215896215000235,-80.84665324651765,1,1,4,513650.0,3897450.0,547.3879576436249
1773577,110538555,OAK: WILLOW,27.0,1,,35.21833571780259,-80.84883000870124,1,1,4,513650.0,3897450.0,212.7497627644389
1773578,110538556,OAK: WILLOW,4.0,1,,35.218128943445286,-80.8486339848707,1,1,4,513650.0,3897450.0,241.58264362205784
1773579,110538557,OAK: WILLOW,4.0,1,,35.21805280579365,-80.84857765780285,1,1,4,513650.0,3897450.0,251.4606377513359
1773580,110538558,OAK: WILLOW,2.0,1,,35.21797831150455,-80.8485273658473,1,1,4,513650.0,3897450.0,260.8981390382787
1773581,110538559,OAK: WILLOW,19.0,1,,35.21789625752435,-80.84847126399427,1,1,4,513650.0,3897450.0,271.3271291080803
1773582,110538560,OAK: WILLOW,4.0,1,,35.217794539996184,-80.84840979615112,1,1,4,513650.0,3897450.0,283.877747096833
1773583,110538561,OAK: WILLOW,4.0,1,,35.21772661878811,-80.84835883404855,1,1,4,513650.0,3897450.0,292.7229373023659
1773584,110538562,OAK: WILLOW,4.0,1,,35.21763500578598,-80.84829081031532,1,1,4,513650.0,3897450.0,304.6200794619193
1773585,110538563,OAK: WILLOW,4.0,1,,35.21753367156217,-80.84822643790173,1,1,4,513650.0,3897450.0,317.272120381528
1774260,110539238,MAPLE: TRIDENT,4.0,1,618 E MOREHEAD ST,35.2159251846832,-80.846982934052,1,1,4,513650.0,3897450.0,528.4761306307021
1774261,110539239,MAPLE: TRIDENT,2.0,1,,35.21590170395329,-80.84679391419415,1,1,4,513650.0,3897450.0,539.8335076999152
1774262,110539240,CHERRY YOSHINO,3.0,1,700 E MOREHEAD ST,35.21584528474517,-80.8468884618881,1,1,4,513650.0,3897450.0,540.5273979259118
1774334,110539312,ELM: CHINESE,12.0,1,,35.21616899872806,-80.85218284603212,1,1,4,513650.0,3897450.0,467.696007184025
1774335,110539313,ELM: CHINESE,15.0,1,,35.21610617322961,-80.85226323792354,1,1,4,513650.0,3897450.0,477.11676603175505
1774336,110539314,ELM: CHINESE,19.0,1,,35.21596770662538,-80.85244190278462,1,1,4,513650.0,3897450.0,498.03439060054706
1774337,110539315,ELM: CHINESE,19.0,1,,35.21587761495613,-80.85253183126287,1,1,4,513650.0,3897450.0,510.629457489309
1774338,110539316,ELM: CHINESE,21.0,1,,35.21579592610791,-80.85263837444246,1,1,4,513650.0,3897450.0,523.0994587182282
1774339,110539317,ELM: CHINESE,17.0,1,,35.215735416697754,-80.85273806342151,1,1,4,513650.0,3897450.0,533.2383816068977
1774340,110539318,ELM: CHINESE,4.0,1,,35.21566948758754,-80.8528234475636,1,1,4,513650.0,3897450.0,543.3375324561785
1774341,110539319,ELM: CHINESE,4.0,1,,35.21556326486636,-80.85297663018729,1,1,4,513650.0,3897450.0,560.336561946754
1774342,110539320,ELM: CHINESE,4.0,1,,35.21540647226112,-80.85324328738868,1,1,4,513650.0,3897450.0,587.4054900660208
1774343,110539321,ELM: CHINESE,4.0,1,,35.21530950777327,-80.85337799382147,1,1,4,513650.0,3897450.0,602.8753574164298
1774344,110539322,ELM: CHINESE,4.0,1,,35.21523079619196,-80.85352901708805,1,1,4,513650.0,3897450.0,617.4230816415562
1774345,110539323,ELM: CHINESE,4.0,1,,35.21513656779239,-80.85366260631262,1,1,4,513650.0,3897450.0,632.6823703995043
1774346,110539324,ELM: CHINESE,4.0,1,,35.215064137879494,-80.85376207080692,1,1,4,513650.0,3897450.0,644.2817820367716
1774347,110539325,ELM: CHINESE,4.0,1,,35.214768927354456,-80.8541808684969,1,8,3,513650.0,3896350.0,643.464668368101
1774348,110539326,ELM: CHINESE,4.0,1,,35.21471087089858,-80.85425932368246,1,8,3,513650.0,3896350.0,642.5173185133868
1774349,110539327,ELM: CHINESE,4.0,1,,35.2147969911851,-80.85450243590127,1,8,3,513650.0,3896350.0,663.5301242485416
1774350,110539328,ELM: CHINESE,4.0,1,,35.21485504789238,-80.85444543839397,1,8,3,513650.0,3896350.0,665.4799707382189
1774351,110539329,ELM: CHINESE,4.0,1,,35.21493304152957,-80.85434537739793,1,8,3,513650.0,3896350.0,666.9901368034361
1774352,110539330,ELM: CHINESE,4.0,1,,35.21498288257943,-80.85427832244824,1,8,3,513650.0,3896350.0,667.9130539752348
1774353,110539331,ELM: CHINESE,4.0,1,,35.21503219806389,-80.85421625868246,1,8,3,513650.0,3896350.0,669.1467284870486
1774354,110539332,ELM: CHINESE,4.0,1,,35.21507601439631,-80.85415255573727,1,1,4,513650.0,3897450.0,662.711997229477
1774355,110539333,ELM: CHINESE,4.0,1,,35.215145158100434,-80.854059274661,1,1,4,513650.0,3897450.0,651.5817920655345
1774356,110539334,ELM: CHINESE,4.0,1,,35.21520330726305,-80.85398752607072,1,1,4,513650.0,3897450.0,642.5730343709699
1774357,110539335,ELM: CHINESE,4.0,1,,35.215290427251546,-80.85383896115607,1,1,4,513650.0,3897450.0,627.0007147981569
1774358,110539336,ELM: CHINESE,4.0,1,,35.21535067472276,-80.853766541519,1,1,4,513650.0,3897450.0,617.7859694855134
1774359,110539337,ELM: CHINESE,4.0,1,,35.21537751254538,-80.85372429726011,1,1,4,513650.0,3897450.0,613.181600349923
1774360,110539338,ELM: CHINESE,4.0,1,,35.21544003938838,-80.85361380507169,1,1,4,513650.0,3897450.0,601.8708610116391
1774361,110539339,ELM: CHINESE,4.0,1,,35.21548768996165,-80.85354004379627,1,1,4,513650.0,3897450.0,593.7887265392892
1774362,110539340,ELM: CHINESE,4.0,1,,35.21554376357536,-80.85345197738363,1,1,4,513650.0,3897450.0,584.2329615829092
1774363,110539341,CHERRY YOSHINO,4.0,1,,35.215620244973486,-80.85330497872526,1,1,4,513650.0,3897450.0,569.9416531814425
1774364,110539342,CHERRY YOSHINO,4.0,1,,35.215653653833996,-80.85325736843932,1,1,4,513650.0,3897450.0,564.5141359126144
1774365,110539343,CHERRY YOSHINO,4.0,1,,35.21567720507698,-80.85321847688618,1,1,4,513650.0,3897450.0,560.4385688639512
1774366,110539344,CHERRY YOSHINO,4.0,1,,35.215847016901115,-80.8532134103545,1,1,4,513650.0,3897450.0,544.2033848900078
1774367,110539345,CHERRY YOSHINO,4.0,1,,35.21586070939001,-80.85322615096034,1,1,4,513650.0,3897450.0,543.5448587280342
1774368,110539346,MAPLE: AMUR,4.0,1,,35.215891819463664,-80.85326407462014,1,1,4,513650.0,3897450.0,542.5160610996938
1774369,110539347,MAPLE: AMUR,4.0,1,,35.215955312115284,-80.8533255420922,1,1,4,513650.0,3897450.0,539.7354244178308
1774370,110539348,MAPLE: AMUR,4.0,1,,35.21599561463703,-80.85337285207333,1,1,4,513650.0,3897450.0,538.4693844590837
1774371,110539349,MAPLE: AMUR,4.0,1,,35.21610638835013,-80.8534754471353,1,1,4,513650.0,3897450.0,533.8663802609578
1774372,110539350,MAPLE: AMUR,4.0,1,,35.21616881698736,-80.85352320581633,1,1,4,513650.0,3897450.0,530.9003748786972
1774373,110539351,MAPLE: AMUR,4.0,1,,35.216277563780714,-80.85362103203394,1,1,4,513650.0,3897450.0,526.8267616142558
1774374,110539352,MAPLE: AMUR,4.0,1,,35.216430142338815,-80.85375342785743,1,1,4,513650.0,3897450.0,521.4950374521794
1774375,110539353,MAPLE: AMUR,12.0,1,,35.21647811470825,-80.85379321454039,1,1,4,513650.0,3897450.0,519.8679943671355
1774376,110539354,MAPLE: AMUR,14.0,1,,35.21655588594481,-80.85388239866003,1,1,4,513650.0,3897450.0,518.9120613008071
1774377,110539355,MAPLE: AMUR,4.0,1,,35.216216290197124,-80.85354920806627,1,1,4,513650.0,3897450.0,528.1455015209651
1774378,110539356,REDBUD: EASTERN,4.0,1,,35.2162970503746,-80.8534809610271,1,1,4,513650.0,3897450.0,517.2596723706301
1774379,110539357,REDBUD: EASTERN,4.0,1,,35.21606708618034,-80.85326094506256,1,1,4,513650.0,3897450.0,526.1744593944491
1774380,110539358,REDBUD: EASTERN,4.0,1,,35.21600793535958,-80.85320126607184,1,1,4,513650.0,3897450.0,528.6104024929226
1774381,110539359,REDBUD: EASTERN,4.0,1,,35.215924664018644,-80.8531128282256,1,1,4,513650.0,3897450.0,532.038095093175
1774382,110539360,CRAPEMYRTLE: SPP,4.0,1,,35.215879492435654,-80.8529328218478,1,1,4,513650.0,3897450.0,527.8520583675147
1774383,110539361,OAK: WILLOW,4.0,1,,35.215975455008476,-80.85280474573187,1,1,4,513650.0,3897450.0,512.8086044789252
1774384,110539362,OAK: WILLOW,40.0,1,,35.216013245747085,-80.85274305542733,1,1,4,513650.0,3897450.0,506.393140939126
1774385,110539363,OAK: WILLOW,29.0,1,,35.2163947718707,-80.8522733699646,1,1,4,513650.0,3897450.0,448.8474485162416
1774386,110539364,JAPANESE SNOWBELL,3.0,1,,35.21646975036123,-80.8522735192142,1,1,4,513650.0,3897450.0,441.4813733457228
1774387,110539365,JAPANESE SNOWBELL,3.0,1,,35.216533829962444,-80.85232448107084,1,1,4,513650.0,3897450.0,437.4209049614992
1774388,110539366,JAPANESE SNOWBELL,3.0,1,,35.21658969514138,-80.85238348960613,1,1,4,513650.0,3897450.0,434.64291919046576
1774389,110539367,JAPANESE SNOWBELL,4.0,1,,35.21663898798655,-80.85242774638769,1,1,4,513650.0,3897450.0,431.94376266721207
1774390,110539368,JAPANESE SNOWBELL,2.0,1,,35.21668698124288,-80.85246790420652,1,1,4,513650.0,3897450.0,429.2635879166159
1774391,110539369,JAPANESE SNOWBELL,2.0,1,,35.216741749920175,-80.85252356125034,1,1,4,513650.0,3897450.0,426.78254574757585
1774392,110539370,MAGNOLIA: SOUTHERN,2.0,1,,35.216902316700306,-80.85273485931262,1,1,4,513650.0,3897450.0,422.8354944848438
1774393,110539371,MAGNOLIA: SOUTHERN,2.0,1,,35.21696475251623,-80.8527925269594,1,1,4,513650.0,3897450.0,420.38467585606304
1774394,110539372,MAPLE: RED,2.0,1,,35.21704551115731,-80.85280645915772,1,1,4,513650.0,3897450.0,414.0470129231795
1774395,110539373,ELM: CHINESE,2.0,1,,35.21695145623092,-80.85256602917082,1,1,4,513650.0,3897450.0,409.51766127653116
1774396,110539374,ELM: CHINESE,2.0,1,,35.2169196901963,-80.85253183134206,1,1,4,513650.0,3897450.0,410.6759316649444
1774397,110539375,ELM: CHINESE,2.0,1,,35.21688534958918,-80.85249636645246,1,1,4,513650.0,3897450.0,412.0598927434887
1774398,110539376,ELM: CHINESE,2.0,1,,35.216849749027794,-80.85246887344677,1,1,4,513650.0,3897450.0,414.00869159524046
1774399,110539377,ELM: CHINESE,2.0,1,,35.2168108637185,-80.8524313221654,1,1,4,513650.0,3897450.0,415.82387352119264
1774400,110539378,ELM: CHINESE,2.0,1,325 ARLINGTON AV,35.216781026965485,-80.85239913603702,1,1,4,513650.0,3897450.0,417.1004848493411
1774401,110539379,ELM: CHINESE,17.0,1,,35.21659880356351,-80.85224788959219,1,1,4,513650.0,3897450.0,427.7580165972836
1774402,110539380,ELM: CHINESE,11.0,1,,35.21656156073281,-80.8521969282214,1,1,4,513650.0,3897450.0,429.2261303599101
1774403,110539381,ELM: CHINESE,8.0,1,,35.21654816585416,-80.85209992026495,1,1,4,513650.0,3897450.0,426.5358781930471
1774412,110539390,BLACKGUM: COMMON,3.0,1,,35.217940518525964,-80.85078653224575,1,1,4,513650.0,3897450.0,238.11717978240335
1774413,110539391,BLACKGUM: COMMON,4.0,1,,35.2179876191586,-80.85083615328492,1,1,4,513650.0,3897450.0,234.53976850211635
1774414,110539392,OAK: WILLOW,3.0,1,,35.218100951096424,-80.8510012580704,1,1,4,513650.0,3897450.0,228.1741259271566
1774415,110539393,OAK: WILLOW,4.0,1,,35.21815133771266,-80.85106563025708,1,1,4,513650.0,3897450.0,225.48152017488965
1774416,110539394,OAK: WILLOW,3.0,1,,35.21821377355844,-80.85115280273294,1,1,4,513650.0,3897450.0,222.82226383140377
1774417,110539395,MAPLE: TRIDENT,6.0,1,,35.21842825031004,-80.85111406005628,1,1,4,513650.0,3897450.0,200.29515216763343
1774418,110539396,MAPLE: TRIDENT,5.0,1,,35.21838881707153,-80.85105236903193,1,1,4,513650.0,3897450.0,201.38966304647045
1774419,110539397,MAPLE: TRIDENT,5.0,1,,35.218342812566654,-80.85098933666475,1,1,4,513650.0,3897450.0,203.32953644590953
1774420,110539398,MAPLE: TRIDENT,5.0,1,,35.21827348196963,-80.85087087289396,1,1,4,513650.0,3897450.0,205.9367513115412
1774421,110539399,MAPLE: TRIDENT,5.0,1,,35.21822090486719,-80.8507930887293,1,1,4,513650.0,3897450.0,208.8249832450009
1774422,110539400,MAPLE: TRIDENT,5.0,1,,35.218172708556025,-80.85073676266492,1,1,4,513650.0,3897450.0,212.2072544497094
1774423,110539401,MAPLE: TRIDENT,5.0,1,,35.218115749602894,-80.85067641305398,1,1,4,513650.0,3897450.0,216.62058927151426
1774424,110539402,MAPLE: TRIDENT,5.0,1,,35.21805478882306,-80.85062098041458,1,1,4,513650.0,3897450.0,221.80409526264575
1774425,110539403,ELM: CHINESE,2.0,1,,35.21803581169857,-80.85037421650003,1,1,4,513650.0,3897450.0,219.35622234465797
1774426,110539404,ELM: CHINESE,16.0,1,,35.2180861986926,-80.85028570400645,1,1,4,513650.0,3897450.0,212.73801990620058
1774427,110539405,ELM: CHINESE,16.0,1,,35.218137680629205,-80.8502052377811,1,1,4,513650.0,3897450.0,206.31383116678526
1774435,110539413,ELM: CHINESE,8.0,1,,35.21867280629425,-80.84926869898315,1,1,4,513650.0,3897450.0,161.07050849556364
1774436,110539414,ELM: CHINESE,7.0,1,,35.2183747025285,-80.84909539959014,1,1,4,513650.0,3897450.0,197.69751803449043
1774437,110539415,ELM: CHINESE,6.0,1,,35.21831371072651,-80.84922801870925,1,1,4,513650.0,3897450.0,199.2211986115328
1774438,110539416,ELM: CHINESE,6.0,1,,35.2182545615154,-80.84933664897966,1,1,4,513650.0,3897450.0,202.14161088607426
1774439,110539417,ELM: CHINESE,6.0,1,,35.21818613569765,-80.84944915228594,1,1,4,513650.0,3897450.0,206.61450744787297
1774440,110539418,ELM: CHINESE,6.0,1,,35.21801764360001,-80.8497443445323,1,1,4,513650.0,3897450.0,220.2120145622302
1774441,110539419,ELM: CHINESE,8.0,1,,35.21793312755757,-80.84987249507324,1,1,4,513650.0,3897450.0,228.59044372159727
1774442,110539420,ELM: CHINESE,19.0,1,1101 SOUTH BV,35.21756008060535,-80.8504671479462,1,1,4,513650.0,3897450.0,272.78732678560425
1774443,110539421,ELM: CHINESE,18.0,1,1101 SOUTH BV,35.217482877526564,-80.85057120988101,1,1,4,513650.0,3897450.0,282.80499442265415
1774444,110539422,ELM: CHINESE,2.0,1,,35.21739193867333,-80.85069727475098,1,1,4,513650.0,3897450.0,294.9446475804867
1774445,110539423,ELM: CHINESE,2.0,1,,35.21730030137174,-80.85079691353049,1,1,4,513650.0,3897450.0,306.8700020823332
1774446,110539424,ELM: CHINESE,2.0,1,,35.217215540064124,-80.8508836879478,1,1,4,513650.0,3897450.0,317.89892487454154
1774447,110539425,ELM: CHINESE,2.0,1,,35.2171432198115,-80.85098963436808,1,1,4,513650.0,3897450.0,328.1553807102029
1774448,110539426,ELM: CHINESE,2.0,1,,35.21703300034567,-80.85112735427094,1,1,4,513650.0,3897450.0,343.43263143858707
1774449,110539427,ELM: CHINESE,2.0,1,,35.216953698635145,-80.85120555287244,1,1,4,513650.0,3897450.0,353.9636090350088
1774461,110539439,HAWTHORN SPP,2.0,1,,35.21630165466864,-80.84984269257693,1,1,4,513650.0,3897450.0,409.45998490312735
1774462,110539440,HAWTHORN SPP,2.0,1,,35.21633342150635,-80.8497890478201,1,1,4,513650.0,3897450.0,406.1532560805768
1774463,110539441,HAWTHORN SPP,3.0,1,,35.21637066387595,-80.84974613274447,1,1,4,513650.0,3897450.0,402.24355568801445
1774464,110539442,CHERRY YOSHINO,14.0,1,,35.21656518245008,-80.8494503442411,1,1,4,513650.0,3897450.0,383.36055887875267
1774465,110539443,CHERRY YOSHINO,3.0,1,,35.21673298003062,-80.84920313395618,1,1,4,513650.0,3897450.0,368.7461891922857
1774466,110539444,CHERRY YOSHINO,3.0,1,,35.21677898683235,-80.84915485371835,1,1,4,513650.0,3897450.0,364.6616591716821
1774467,110539445,CHERRY YOSHINO,3.0,1,,35.21681403791121,-80.84909584563283,1,1,4,513650.0,3897450.0,362.06300183018345
1774468,110539446,CHERRY YOSHINO,3.0,1,,35.216861139358365,-80.84903281304568,1,1,4,513650.0,3897450.0,358.363670675177
1774469,110539447,CHERRY YOSHINO,3.0,1,,35.21692627905945,-80.84895294292397,1,1,4,513650.0,3897450.0,353.282759149159
1774470,110539448,CHERRY YOSHINO,3.0,1,,35.216956949143466,-80.84890466369582,1,1,4,513650.0,3897450.0,351.2459044891812
1774471,110539449,CHERRY YOSHINO,4.0,1,,35.21700843291711,-80.84882956258274,1,1,4,513650.0,3897450.0,347.8319091397456
1774472,110539450,CHERRY YOSHINO,4.0,1,,35.21705463045777,-80.84876578515482,1,1,4,513650.0,3897450.0,344.8272628383573
1774473,110539451,CHERRY YOSHINO,3.0,1,,35.21708201520222,-80.8487188463071,1,1,4,513650.0,3897450.0,343.4000324201297
1774474,110539452,CHERRY YOSHINO,2.0,1,,35.21711049487194,-80.84866386033694,1,1,4,513650.0,3897450.0,342.19545744722257
1774475,110539453,CHERRY YOSHINO,3.0,1,,35.21716964510644,-80.84859948786448,1,1,4,513650.0,3897450.0,338.2609148727451
1774476,110539454,CHERRY YOSHINO,4.0,1,,35.21721152821273,-80.8485215547513,1,1,4,513650.0,3897450.0,336.7609277032671
1774477,110539455,CHERRY YOSHINO,3.0,1,,35.21725545980024,-80.84847506374096,1,1,4,513650.0,3897450.0,334.05536364227856
1774478,110539456,CHERRY YOSHINO,3.0,1,,35.217293199014975,-80.84842007784381,1,1,4,513650.0,3897450.0,332.4080540374265
1774479,110539457,CHERRY YOSHINO,2.0,1,,35.21739000302515,-80.8482776229413,1,1,4,513650.0,3897450.0,328.79886490806234
1774480,110539458,CHERRY YOSHINO,3.0,1,,35.2174403898591,-80.84820654477377,1,1,4,513650.0,3897450.0,327.10691065002715
1774481,110539459,OAK: SCARLET,5.0,1,,35.2173330261423,-80.84816780083544,1,1,4,513650.0,3897450.0,339.18706521090485
1774482,110539460,OAK: SCARLET,5.0,1,,35.21727274780397,-80.84822889607427,1,1,4,513650.0,3897450.0,342.3437026527975
1774483,110539461,OAK: SCARLET,7.0,1,,35.21720918646878,-80.84833484256552,1,1,4,513650.0,3897450.0,344.1862251225471
1774484,110539462,OAK: SCARLET,8.0,1,,35.2171281283836,-80.84844213104769,1,1,4,513650.0,3897450.0,348.149354907676
1774485,110539463,OAK: SCARLET,8.0,1,,35.217005516789456,-80.84863197195835,1,1,4,513650.0,3897450.0,354.1074414690256
1774486,110539464,OAK: SCARLET,7.0,1,,35.216960606370705,-80.84870439220418,1,1,4,513650.0,3897450.0,356.5165253223417
1774487,110539465,CHERRY YOSHINO,8.0,1,,35.216909123111236,-80.84875669598063,1,1,4,513650.0,3897450.0,360.3677785965173
1774488,110539466,OAK: OVERCUP,18.0,1,,35.2167066314065,-80.84904711955811,1,1,4,513650.0,3897450.0,374.678484264147
1774489,110539467,CRAPEMYRTLE: SPP,4.0,1,,35.21654238976926,-80.84913831480372,1,1,4,513650.0,3897450.0,390.6377622144588
1774490,110539468,CRAPEMYRTLE: SPP,6.0,1,,35.216462426569386,-80.84908601051603,1,1,4,513650.0,3897450.0,400.29863909348387
1774491,110539469,CRAPEMYRTLE: SPP,5.0,1,1031 S CALDWELL ST,35.21639889357855,-80.8490028630009,1,1,4,513650.0,3897450.0,408.82135384769794
1774492,110539470,OAK: OVERCUP,21.0,1,,35.21616256334216,-80.8487720427285,1,1,4,513650.0,3897450.0,439.3192831836569
1774493,110539471,OAK: SCARLET,3.0,1,,35.21610231691256,-80.8487009644087,1,1,4,513650.0,3897450.0,447.4603072788401
1774508,110539486,CRAPEMYRTLE: SPP,3.0,1,,35.21605854244877,-80.848833138113,1,1,4,513650.0,3897450.0,449.1187302795327
1774509,110539487,CRAPEMYRTLE: SPP,3.0,1,,35.21612426521443,-80.8488988518974,1,1,4,513650.0,3897450.0,440.63186173102974
1774510,110539488,DOGWOOD: KOUSA,3.0,1,,35.216238459906684,-80.84901612419067,1,1,4,513650.0,3897450.0,425.91997730352597
1774511,110539489,DOGWOOD: KOUSA,3.0,1,,35.21634291075845,-80.84913279988116,1,1,4,513650.0,3897450.0,412.4193626945457
1774512,110539490,DOGWOOD: KOUSA,3.0,1,,35.21641520664519,-80.84920119687582,1,1,4,513650.0,3897450.0,403.3728883626839
1774513,110539491,DOGWOOD: KOUSA,8.0,1,,35.2164885976017,-80.84928300386996,1,1,4,513650.0,3897450.0,394.0534145149193
1774514,110539492,MAPLE: SUGAR,3.0,1,,35.21647983403944,-80.84937285795186,1,1,4,513650.0,3897450.0,393.7220734206839
1774515,110539493,MAPLE: SUGAR,3.0,1,,35.21641630227475,-80.84947344174081,1,1,4,513650.0,3897450.0,399.4675052064745
1774516,110539494,MAPLE: SUGAR,3.0,1,,35.21634400643947,-80.8495673179059,1,1,4,513650.0,3897450.0,406.48817239840184
1774517,110539495,MAPLE: SUGAR,3.0,1,,35.216275663469105,-80.84967043550748,1,1,4,513650.0,3897450.0,413.2205173741344
1774518,110539496,MAPLE: SUGAR,3.0,1,,35.21621541742683,-80.84976297103951,1,1,4,513650.0,3897450.0,419.34539098688253
1774542,110539520,MAPLE: TATARIAN,4.0,1,,35.2150167725212,-80.85505482164669,1,4,1,512750.0,3896350.0,703.6410195532055
1774543,110539521,MAPLE: TATARIAN,4.0,1,1500 SOUTH BV #101,35.214860946783254,-80.8548644598335,1,8,3,513650.0,3896350.0,689.6876709125654
1774544,110539522,MAPLE: TATARIAN,4.0,1,1500 SOUTH BV #101,35.214795769577265,-80.85477795841504,1,8,3,513650.0,3896350.0,679.1003128132423
1774560,110539538,OAK: WILLOW,4.0,1,315 RENSSELAER AV,35.2142791386319,-80.85403528325764,1,8,3,513650.0,3896350.0,592.0962427699832
1774561,110539539,OAK: WILLOW,4.0,1,315 RENSSELAER AV,35.21422327260512,-80.85399102768137,1,8,3,513650.0,3896350.0,584.7347339723581
1774569,110539547,MAPLE: RED,22.0,1,324 E KINGSTON AV #A,35.211204736159,-80.8546916805385,1,8,3,513650.0,3896350.0,442.5361662534161
1774570,110539548,MAPLE: RED,11.0,1,322 E KINGSTON AV,35.21125969079224,-80.85477177341825,1,8,3,513650.0,3896350.0,451.271405635898
1774571,110539549,MAGNOLIA: SOUTHERN,2.0,1,,35.211371795203576,-80.85491109992027,1,8,3,513650.0,3896350.0,467.0997614465744
1774572,110539550,MAPLE: TRIDENT,2.0,1,,35.2114499483669,-80.85500877708806,1,4,1,512750.0,3896350.0,471.75880060842854
1774574,110539552,MAPLE: RED,13.0,1,,35.21158939743154,-80.85520115099868,1,4,1,512750.0,3896350.0,460.5871051862593
1774575,110539553,CRAPEMYRTLE: SPP,12.0,1,300 E KINGSTON AV,35.211704566123124,-80.85535992227153,1,4,1,512750.0,3896350.0,452.0721906276664
1774576,110539554,CRAPEMYRTLE: SPP,9.0,1,,35.21175057515534,-80.855412226485,1,4,1,512750.0,3896350.0,449.7799485287525
1774577,110539555,CRAPEMYRTLE: SPP,11.0,1,300 E KINGSTON AV,35.21169181736395,-80.85555408520882,1,4,1,512750.0,3896350.0,435.3318198079242
1774578,110539556,CRAPEMYRTLE: SPP,10.0,1,300 E KINGSTON AV,35.2116567632923,-80.85559297694486,1,4,1,512750.0,3896350.0,430.5156016764873
1774579,110539557,CRAPEMYRTLE: SPP,13.0,1,300 E KINGSTON AV,35.2115937742055,-80.85566606777907,1,4,1,512750.0,3896350.0,421.6199499927069
1774580,110539558,CRAPEMYRTLE: SPP,10.0,1,,35.21143086750248,-80.85585940990954,1,4,1,512750.0,3896350.0,398.4116066251426
1774581,110539559,CRAPEMYRTLE: SPP,10.0,1,,35.21139800436572,-80.85590299617104,1,4,1,512750.0,3896350.0,393.37225014918187
1774582,110539560,CRAPEMYRTLE: SPP,6.0,1,,35.21137883331729,-80.85592378318218,1,4,1,512750.0,3896350.0,390.82949550431323
1774583,110539561,CRAPEMYRTLE: SPP,10.0,1,,35.21134217809982,-80.85595120065663,1,4,1,512750.0,3896350.0,387.02588726903247
1774584,110539562,CRAPEMYRTLE: SPP,10.0,1,,35.211304385126425,-80.85598942213318,1,4,1,512750.0,3896350.0,382.2794778638753
1774585,110539563,OAK: WHITE,16.0,1,301 EAST BV,35.211182080949996,-80.85613575208376,1,4,1,512750.0,3896350.0,365.10941924529516
1774586,110539564,OAK: SWAMP WHITE,11.0,1,301 EAST BV,35.211111423799935,-80.85620616036705,1,4,1,512750.0,3896350.0,356.49366787547024
1774587,110539565,OAK: WHITE,18.0,1,301 EAST BV,35.21104131437986,-80.85628863805103,1,4,1,512750.0,3896350.0,346.9315722616762
1774588,110539566,CRAPEMYRTLE: SPP,8.0,1,227 EAST BV,35.211097182554404,-80.85640665521825,1,4,1,512750.0,3896350.0,338.72495427645123
1774589,110539567,CRAPEMYRTLE: SPP,8.0,1,227 EAST BV,35.21115086094908,-80.85633691815717,1,4,1,512750.0,3896350.0,346.70493733095253
1774590,110539568,CRAPEMYRTLE: SPP,8.0,1,227 EAST BV,35.2112222221226,-80.85626546694947,1,4,1,512750.0,3896350.0,355.55628997002464
1774591,110539569,CRAPEMYRTLE: SPP,8.0,1,227 EAST BV,35.211275351185115,-80.85619438897231,1,4,1,512750.0,3896350.0,363.7097989963323
1774592,110539570,OAK: WHITE,13.0,1,,35.21138815532118,-80.85607435930253,1,4,1,512750.0,3896350.0,378.5099076102711
1774593,110539571,CRAPEMYRTLE: SPP,3.0,1,,35.21149583840665,-80.85597452130283,1,4,1,512750.0,3896350.0,391.54277530046045
1774594,110539572,CRAPEMYRTLE: SPP,3.0,1,,35.21150843615178,-80.8559497108582,1,4,1,512750.0,3896350.0,394.17134712580287
1774595,110539573,REDBUD: EASTERN,8.0,1,228 E KINGSTON AV,35.211574711084744,-80.85586656280043,1,4,1,512750.0,3896350.0,404.0670424625303
1774596,110539574,OAK: SHUMARD,6.0,1,228 E KINGSTON AV,35.211707245931976,-80.85572097785192,1,4,1,512750.0,3896350.0,422.2463217135711
1774597,110539575,OAK: WILLOW,27.0,1,228 E KINGSTON AV,35.211821407454494,-80.85558925134542,1,4,1,512750.0,3896350.0,438.53427611603473
1774598,110539576,MAPLE: RED,14.0,1,228 E KINGSTON AV,35.21189754085216,-80.85562143883622,1,4,1,512750.0,3896350.0,439.70101892093885
1774599,110539577,DOGWOOD: KOUSA,3.0,1,228 E KINGSTON AV,35.21195614805135,-80.85569519930041,1,4,1,512750.0,3896350.0,436.7928947182129
1774600,110539578,DOGWOOD: KOUSA,4.0,1,,35.21201404332519,-80.8557660543238,1,4,1,512750.0,3896350.0,434.25763412804656
1774601,110539579,DOGWOOD: KOUSA,4.0,1,,35.212068600958645,-80.8558348976691,1,4,1,512750.0,3896350.0,431.8680181271283
1774602,110539580,MAPLE: RED,16.0,1,,35.212315423559,-80.85615162141224,1,4,1,512750.0,3896350.0,422.74518132187075
1774602,110539580,MAPLE: RED,16.0,1,,35.212315423559,-80.85615162141224,1,4,1,512750.0,3896350.0,422.74518132187075
1774603,110539581,MAPLE: RED,14.0,1,,35.21237945704882,-80.85625101270618,1,4,1,512750.0,3896350.0,419.71234066846785
1774603,110539581,MAPLE: RED,14.0,1,,35.21237945704882,-80.85625101270618,1,4,1,512750.0,3896350.0,419.71234066846785
1774604,110539582,MAPLE: RED,11.0,1,,35.21247611896002,-80.85638966829164,1,4,1,512750.0,3896350.0,416.49333466615803
1774604,110539582,MAPLE: RED,11.0,1,,35.21247611896002,-80.85638966829164,1,4,1,512750.0,3896350.0,416.49333466615803
1774605,110539583,MAPLE: RED,10.0,1,,35.21256211046547,-80.85649293313399,1,4,1,512750.0,3896350.0,415.53490804505856
1774605,110539583,MAPLE: RED,10.0,1,,35.21256211046547,-80.85649293313399,1,4,1,512750.0,3896350.0,415.53490804505856
1774606,110539584,ELM: CHINESE,18.0,1,,35.21256937180087,-80.8567016986877,1,4,1,512750.0,3896350.0,402.03013296831165
1774606,110539584,ELM: CHINESE,18.0,1,,35.21256937180087,-80.8567016986877,1,4,1,512750.0,3896350.0,402.03013296831165
1774607,110539585,ELM: CHINESE,18.0,1,,35.212486829008846,-80.85677270247751,1,4,1,512750.0,3896350.0,391.0562822670534
1774607,110539585,ELM: CHINESE,18.0,1,,35.212486829008846,-80.85677270247751,1,4,1,512750.0,3896350.0,391.0562822670534
1774608,110539586,ELM: CHINESE,19.0,1,,35.21234348049331,-80.85694272528546,1,4,1,512750.0,3896350.0,368.8994008590544
1774609,110539587,ELM: CHINESE,17.0,1,,35.212188689669475,-80.8571275738153,1,4,1,512750.0,3896350.0,344.89395908577603
1774610,110539588,ELM: CHINESE,11.0,1,,35.212060428146486,-80.8572447723612,1,4,1,512750.0,3896350.0,327.43111549695624
1774611,110539589,CRAPEMYRTLE: SPP,3.0,1,201 EAST BV,35.21192895683588,-80.85738797161407,1,4,1,512750.0,3896350.0,307.9960316947783
1774612,110539590,CRAPEMYRTLE: SPP,3.0,1,201 EAST BV,35.21189718896784,-80.85742619276428,1,4,1,512750.0,3896350.0,303.05563107642865
1774613,110539591,CRAPEMYRTLE: SPP,2.0,1,201 EAST BV,35.211857205527465,-80.85745636825102,1,4,1,512750.0,3896350.0,298.062640854209
1774614,110539592,ELM: CHINESE,19.0,1,,35.2119957791715,-80.85759718420832,1,4,1,512750.0,3896350.0,299.2370885202144
1774615,110539593,ELM: CHINESE,19.0,1,,35.21208122341459,-80.85751470587968,1,4,1,512750.0,3896350.0,311.2512081350352
1774616,110539594,ELM: CHINESE,19.0,1,,35.212265153443845,-80.85732739825346,1,4,1,512750.0,3896350.0,337.7509099082707
1774617,110539595,ELM: CHINESE,18.0,1,,35.21235224028318,-80.85724961492667,1,4,1,512750.0,3896350.0,349.61241292683616
1774618,110539596,ELM: CHINESE,12.0,1,,35.21244618001327,-80.85715752446124,1,4,1,512750.0,3896350.0,362.9309817890236
1774619,110539597,ELM: CHINESE,19.0,1,,35.212489449829626,-80.85709851577933,1,4,1,512750.0,3896350.0,370.112183186482
1774620,110539598,ELM: CHINESE,19.0,1,,35.2125261476018,-80.85705560128557,1,4,1,512750.0,3896350.0,375.7530209783863
1774621,110539599,CRAPEMYRTLE: SPP,4.0,1,1700 SOUTH BV,35.212609148395586,-80.85698243732624,1,4,1,512750.0,3896350.0,387.00651078088765
1774621,110539599,CRAPEMYRTLE: SPP,4.0,1,1700 SOUTH BV,35.212609148395586,-80.85698243732624,1,4,1,512750.0,3896350.0,387.00651078088765
1774622,110539600,CRAPEMYRTLE: SPP,4.0,1,1700 SOUTH BV,35.21283152206312,-80.8568563725105,1,4,1,512750.0,3896350.0,412.8620418510544
1774622,110539600,CRAPEMYRTLE: SPP,4.0,1,1700 SOUTH BV,35.21283152206312,-80.8568563725105,1,4,1,512750.0,3896350.0,412.8620418510544
1774623,110539601,CRAPEMYRTLE: SPP,4.0,1,,35.213243326585335,-80.85717644954246,1,4,1,512750.0,3896350.0,430.09749998376236
1774623,110539601,CRAPEMYRTLE: SPP,4.0,1,,35.213243326585335,-80.85717644954246,1,4,1,512750.0,3896350.0,430.09749998376236
1774624,110539602,MAPLE: RED,4.0,1,,35.213138165961254,-80.8570624553257,1,4,1,512750.0,3896350.0,426.88756108930676
1774624,110539602,MAPLE: RED,4.0,1,,35.213138165961254,-80.8570624553257,1,4,1,512750.0,3896350.0,426.88756108930676
1774625,110539603,MAPLE: RED,4.0,1,1620 SOUTH BV,35.213043054457366,-80.85691389064188,1,4,1,512750.0,3896350.0,427.0949205092308
1774625,110539603,MAPLE: RED,4.0,1,1620 SOUTH BV,35.213043054457366,-80.85691389064188,1,4,1,512750.0,3896350.0,427.0949205092308
1774626,110539604,ELM: CHINESE,4.0,1,,35.212938988780586,-80.85678916764522,1,4,1,512750.0,3896350.0,425.79944418267405
1774626,110539604,ELM: CHINESE,4.0,1,,35.212938988780586,-80.85678916764522,1,4,1,512750.0,3896350.0,425.79944418267405
1774627,110539605,ELM: CHINESE,18.0,1,,35.21293297874499,-80.85661989087528,1,4,1,512750.0,3896350.0,435.7692305322664
1774627,110539605,ELM: CHINESE,18.0,1,,35.21293297874499,-80.85661989087528,1,4,1,512750.0,3896350.0,435.7692305322664
1774628,110539606,ELM: CHINESE,16.0,1,,35.213031779815545,-80.85652132031852,1,4,1,512750.0,3896350.0,449.89329751084443
1774628,110539606,ELM: CHINESE,16.0,1,,35.213031779815545,-80.85652132031852,1,4,1,512750.0,3896350.0,449.89329751084443
1774629,110539607,ELM: CHINESE,11.0,1,,35.213087098830336,-80.8564522529681,1,4,1,512750.0,3896350.0,458.67002904869184
1774629,110539607,ELM: CHINESE,11.0,1,,35.213087098830336,-80.8564522529681,1,4,1,512750.0,3896350.0,458.67002904869184
1774630,110539608,ELM: CHINESE,14.0,1,,35.21315267520875,-80.8563869106921,1,4,1,512750.0,3896350.0,468.0401481596733
1774630,110539608,ELM: CHINESE,14.0,1,,35.21315267520875,-80.8563869106921,1,4,1,512750.0,3896350.0,468.0401481596733
1774631,110539609,ELM: CHINESE,13.0,1,,35.213217305592146,-80.85632522054206,1,4,1,512750.0,3896350.0,477.1069933982084
1774631,110539609,ELM: CHINESE,13.0,1,,35.213217305592146,-80.85632522054206,1,4,1,512750.0,3896350.0,477.1069933982084
1774632,110539610,ELM: CHINESE,14.0,1,,35.21331691179516,-80.85620519177152,1,4,1,512750.0,3896350.0,492.6382452834913
1774632,110539610,ELM: CHINESE,14.0,1,,35.21331691179516,-80.85620519177152,1,4,1,512750.0,3896350.0,492.6382452834913
1774633,110539611,ELM: CHINESE,14.0,1,,35.213368944783376,-80.85615288878391,1,4,1,512750.0,3896350.0,500.10275514210696
1774633,110539611,ELM: CHINESE,14.0,1,,35.213368944783376,-80.85615288878391,1,4,1,512750.0,3896350.0,500.10275514210696
1774634,110539612,ELM: CHINESE,14.0,1,,35.21343796702391,-80.85606892049115,1,4,1,512750.0,3896350.0,510.9146160316029
1774634,110539612,ELM: CHINESE,14.0,1,,35.21343796702391,-80.85606892049115,1,4,1,512750.0,3896350.0,510.9146160316029
1774635,110539613,ELM: CHINESE,19.0,1,,35.21347028263778,-80.85601930026883,1,4,1,512750.0,3896350.0,516.6205239461683
1774635,110539613,ELM: CHINESE,19.0,1,,35.21347028263778,-80.85601930026883,1,4,1,512750.0,3896350.0,516.6205239461683
1774636,110539614,ELM: CHINESE,4.0,1,,35.21388179726273,-80.85553910951197,1,4,1,512750.0,3896350.0,579.8078155997456
1774636,110539614,ELM: CHINESE,4.0,1,,35.21388179726273,-80.85553910951197,1,4,1,512750.0,3896350.0,579.8078155997456
1774637,110539615,ELM: CHINESE,4.0,1,,35.213924518666566,-80.85548881836941,1,4,1,512750.0,3896350.0,586.3951487225366
1774637,110539615,ELM: CHINESE,4.0,1,,35.213924518666566,-80.85548881836941,1,4,1,512750.0,3896350.0,586.3951487225366
1774638,110539616,ELM: CHINESE,4.0,1,,35.21397764684713,-80.8554331622958,1,4,1,512750.0,3896350.0,594.1564456507407
1774638,110539616,ELM: CHINESE,4.0,1,,35.21397764684713,-80.8554331622958,1,4,1,512750.0,3896350.0,594.1564456507407
1774639,110539617,ELM: CHINESE,4.0,1,,35.214229013883006,-80.8551679217575,1,4,1,512750.0,3896350.0,630.9998900985008
1774639,110539617,ELM: CHINESE,4.0,1,,35.214229013883006,-80.8551679217575,1,4,1,512750.0,3896350.0,630.9998900985008
1774640,110539618,ELM: CHINESE,4.0,1,,35.2142920006236,-80.85511159549536,1,4,1,512750.0,3896350.0,639.60126514841
1774640,110539618,ELM: CHINESE,4.0,1,,35.2142920006236,-80.85511159549536,1,4,1,512750.0,3896350.0,639.60126514841
1774641,110539619,ELM: CHINESE,4.0,1,,35.214346786970005,-80.85504833897429,1,4,1,512750.0,3896350.0,647.9713805155658
1774642,110539620,ELM: CHINESE,4.0,1,,35.21439169977596,-80.85500341239761,1,4,1,512750.0,3896350.0,654.4017933903284
1774643,110539621,ELM: CHINESE,4.0,1,,35.21442549297529,-80.854950364123,1,8,3,513650.0,3896350.0,658.5238985359313
1774644,110539622,ELM: CHINESE,4.0,1,,35.21446711787059,-80.85490811906158,1,8,3,513650.0,3896350.0,659.3197912402338
1774645,110539623,ELM: CHINESE,4.0,1,,35.214516412014724,-80.85483435837807,1,8,3,513650.0,3896350.0,658.8961783615148
1774646,110539624,CRAPEMYRTLE: SPP,4.0,1,,35.214480073360484,-80.8545506405851,1,8,3,513650.0,3896350.0,638.9595466802784
1774647,110539625,ELM: CHINESE,4.0,1,,35.21445159266706,-80.85458752161573,1,8,3,513650.0,3896350.0,638.7216651306583
1774648,110539626,ELM: CHINESE,4.0,1,,35.21433629879243,-80.85470956217526,1,8,3,513650.0,3896350.0,636.4348726681757
1774649,110539627,ELM: CHINESE,4.0,1,,35.21423167005023,-80.85482325721495,1,8,3,513650.0,3896350.0,634.927866036125
1774650,110539628,ELM: CHINESE,4.0,1,,35.21393777765441,-80.85514564351676,1,4,1,512750.0,3896350.0,609.3191355886765
1774650,110539628,ELM: CHINESE,4.0,1,,35.21393777765441,-80.85514564351676,1,4,1,512750.0,3896350.0,609.3191355886765
1774651,110539629,ELM: CHINESE,4.0,1,1533 SOUTH BV,35.213870014578745,-80.85521128367319,1,4,1,512750.0,3896350.0,599.7911767078476
1774651,110539629,ELM: CHINESE,4.0,1,1533 SOUTH BV,35.213870014578745,-80.85521128367319,1,4,1,512750.0,3896350.0,599.7911767078476
1774652,110539630,ELM: CHINESE,4.0,1,,35.21381853059061,-80.85527766801806,1,4,1,512750.0,3896350.0,591.4796996649545
1774652,110539630,ELM: CHINESE,4.0,1,,35.21381853059061,-80.85527766801806,1,4,1,512750.0,3896350.0,591.4796996649545
1774653,110539631,ELM: CHINESE,4.0,1,,35.213766546762685,-80.8553580604869,1,4,1,512750.0,3896350.0,582.2199993007418
1774653,110539631,ELM: CHINESE,4.0,1,,35.213766546762685,-80.8553580604869,1,4,1,512750.0,3896350.0,582.2199993007418
1774654,110539632,ELM: CHINESE,4.0,1,,35.21349998129654,-80.85565757368067,1,4,1,512750.0,3896350.0,542.0586446851022
1774654,110539632,ELM: CHINESE,4.0,1,,35.21349998129654,-80.85565757368067,1,4,1,512750.0,3896350.0,542.0586446851022
1774655,110539633,ELM: CHINESE,13.0,1,,35.21343206451157,-80.85571658266622,1,4,1,512750.0,3896350.0,532.9560406083166
1774655,110539633,ELM: CHINESE,13.0,1,,35.21343206451157,-80.85571658266622,1,4,1,512750.0,3896350.0,532.9560406083166
1774656,110539634,ELM: CHINESE,18.0,1,,35.21337843192705,-80.85578483009535,1,4,1,512750.0,3896350.0,524.356262352824
1774656,110539634,ELM: CHINESE,18.0,1,,35.21337843192705,-80.85578483009535,1,4,1,512750.0,3896350.0,524.356262352824
1774657,110539635,ELM: CHINESE,17.0,1,,35.21326289302348,-80.85591558704867,1,4,1,512750.0,3896350.0,506.89287126717585
1774657,110539635,ELM: CHINESE,17.0,1,,35.21326289302348,-80.85591558704867,1,4,1,512750.0,3896350.0,506.89287126717585
1774658,110539636,ELM: CHINESE,19.0,1,,35.21315211248275,-80.85602585622628,1,4,1,512750.0,3896350.0,491.1407158933381
1774658,110539636,ELM: CHINESE,19.0,1,,35.21315211248275,-80.85602585622628,1,4,1,512750.0,3896350.0,491.1407158933381
1774659,110539637,ELM: CHINESE,4.0,1,,35.21302706139242,-80.85617110952896,1,4,1,512750.0,3896350.0,472.0002113149372
1774659,110539637,ELM: CHINESE,4.0,1,,35.21302706139242,-80.85617110952896,1,4,1,512750.0,3896350.0,472.0002113149372
1774660,110539638,ELM: CHINESE,4.0,1,,35.21297575163004,-80.85622463724495,1,4,1,512750.0,3896350.0,464.546778568611
1774660,110539638,ELM: CHINESE,4.0,1,,35.21297575163004,-80.85622463724495,1,4,1,512750.0,3896350.0,464.546778568611
1774661,110539639,ELM: CHINESE,4.0,1,,35.212901238881436,-80.85631650301147,1,4,1,512750.0,3896350.0,452.79306487189723
1774661,110539639,ELM: CHINESE,4.0,1,,35.212901238881436,-80.85631650301147,1,4,1,512750.0,3896350.0,452.79306487189723
1774662,110539640,ELM: CHINESE,4.0,1,,35.212844816332016,-80.85637752415295,1,4,1,512750.0,3896350.0,444.4562330481976
1774662,110539640,ELM: CHINESE,4.0,1,,35.212844816332016,-80.85637752415295,1,4,1,512750.0,3896350.0,444.4562330481976
1774663,110539641,CRAPEMYRTLE: SPP,4.0,1,,35.21279031944815,-80.85650087837064,1,4,1,512750.0,3896350.0,432.1672367551123
1774663,110539641,CRAPEMYRTLE: SPP,4.0,1,,35.21279031944815,-80.85650087837064,1,4,1,512750.0,3896350.0,432.1672367551123
1774664,110539642,CRAPEMYRTLE: SPP,12.0,1,1625 SOUTH BV,35.21262232718832,-80.85636359142879,1,4,1,512750.0,3896350.0,428.79059324121107
1774664,110539642,CRAPEMYRTLE: SPP,12.0,1,1625 SOUTH BV,35.21262232718832,-80.85636359142879,1,4,1,512750.0,3896350.0,428.79059324121107
1774665,110539643,CRAPEMYRTLE: SPP,8.0,1,1625 SOUTH BV,35.21257982288727,-80.85629832325027,1,4,1,512750.0,3896350.0,430.2423850675922
1774665,110539643,CRAPEMYRTLE: SPP,8.0,1,1625 SOUTH BV,35.21257982288727,-80.85629832325027,1,4,1,512750.0,3896350.0,430.2423850675922
1774666,110539644,CRAPEMYRTLE: SPP,10.0,1,1625 SOUTH BV,35.21252340730048,-80.8562272450901,1,4,1,512750.0,3896350.0,431.2639713167101
1774666,110539644,CRAPEMYRTLE: SPP,10.0,1,1625 SOUTH BV,35.21252340730048,-80.8562272450901,1,4,1,512750.0,3896350.0,431.2639713167101
1774667,110539645,MAPLE: RED,14.0,1,215 E KINGSTON AV,35.21233914664655,-80.85599255276793,1,4,1,512750.0,3896350.0,436.06994761044024
1774667,110539645,MAPLE: RED,14.0,1,215 E KINGSTON AV,35.21233914664655,-80.85599255276793,1,4,1,512750.0,3896350.0,436.06994761044024
1774668,110539646,MAPLE: RED,16.0,1,,35.21222447489904,-80.85584622250614,1,4,1,512750.0,3896350.0,440.0589379443468
1774669,110539647,MAPLE: RED,12.0,1,225 E KINGSTON AV,35.212123288275556,-80.85571054762214,1,4,1,512750.0,3896350.0,444.6970095509743
1774670,110539648,MAPLE: RED,13.0,1,229 E KINGSTON AV,35.21198074963699,-80.8554932881182,1,4,1,512750.0,3896350.0,454.30281189147473
1774671,110539649,CRAPEMYRTLE: SPP,3.0,1,229 E KINGSTON AV,35.21206588105399,-80.85535105726511,1,4,1,512750.0,3896350.0,470.154012486342
1774672,110539650,MAPLE: AMUR,4.0,1,229 E KINGSTON AV,35.21213489435634,-80.85525047412854,1,4,1,512750.0,3896350.0,481.83087767436666
1774673,110539651,MAPLE: AMUR,4.0,1,229 E KINGSTON AV,35.21219952514949,-80.85518207797408,1,4,1,512750.0,3896350.0,490.7135442224714
1774674,110539652,CRAPEMYRTLE: SPP,3.0,1,,35.21228048702427,-80.85509028633653,1,4,1,512750.0,3896350.0,502.3587956966303
1774675,110539653,REDBUD: EASTERN,3.0,1,1616 CLEVELAND AV,35.212349500231184,-80.8550125032437,1,4,1,512750.0,3896350.0,512.2715863946569
1774676,110539654,REDBUD: EASTERN,3.0,1,,35.21240210882659,-80.85494321225237,1,8,3,513650.0,3896350.0,516.5000310909854
1774679,110539657,MAPLE: AMUR,4.0,1,228 E PARK AV,35.21266670839156,-80.8546536072749,1,8,3,513650.0,3896350.0,509.8169363095376
1774680,110539658,MAPLE: AMUR,7.0,1,228 E PARK AV,35.21273560979819,-80.854577686351,1,8,3,513650.0,3896350.0,508.52690953363197
1774681,110539659,MAPLE: HEDGE,4.0,1,,35.212942232406824,-80.85435193362336,1,8,3,513650.0,3896350.0,506.0339890119807
1774682,110539660,MAPLE: HEDGE,8.0,1,,35.21299974182214,-80.85428487799342,1,8,3,513650.0,3896350.0,505.3767830499508
1774683,110539661,MAPLE: HEDGE,6.0,1,,35.21309483709851,-80.85417736644901,1,8,3,513650.0,3896350.0,504.8563455733364
1774684,110539662,MAPLE: HEDGE,7.0,1,,35.21312605644756,-80.85413780387672,1,8,3,513650.0,3896350.0,504.4868563060831
1774685,110539663,MAPLE: HEDGE,8.0,1,,35.213168778902634,-80.8540928759641,1,8,3,513650.0,3896350.0,504.67512466251964
1774697,110539675,OAK: WILLOW,30.0,1,301 E PARK AV,35.21304601629669,-80.85406389404883,1,8,3,513650.0,3896350.0,493.54662750645673
1774698,110539676,CRAPEMYRTLE: SPP,15.0,1,301 E PARK AV,35.21297734661512,-80.85415471601377,1,8,3,513650.0,3896350.0,494.7349975485383
1774699,110539677,OAK: WILLOW,25.0,1,301 E PARK AV,35.21291866340437,-80.85420389028526,1,8,3,513650.0,3896350.0,493.9564078876596
1774700,110539678,OAK: WILLOW,27.0,1,,35.212844831440236,-80.85427668265898,1,8,3,513650.0,3896350.0,493.9325850613863
1774701,110539679,MAPLE: RED,17.0,1,,35.21264923750429,-80.85451502709529,1,8,3,513650.0,3896350.0,498.34144717594063
1774702,110539680,MAPLE: RED,14.0,1,,35.212577461330866,-80.8545810389805,1,8,3,513650.0,3896350.0,498.7987158107584
1774704,110539682,MAPLE: RED,29.0,1,,35.212375860306466,-80.85478950689023,1,8,3,513650.0,3896350.0,502.95019982566237
1774705,110539683,CRAPEMYRTLE: SPP,10.0,1,,35.21227882575757,-80.85489903031858,1,8,3,513650.0,3896350.0,506.2745743164569
1774706,110539684,Pecan,25.0,1,1621 CLEVELAND AV,35.212141178071455,-80.85505042595487,1,4,1,512750.0,3896350.0,498.2757430167202
1774707,110539685,Pecan,25.0,1,1621 CLEVELAND AV,35.21205463830704,-80.85514765597979,1,4,1,512750.0,3896350.0,486.0351757451353
1774708,110539686,Pecan,34.0,1,301 E KINGSTON AV,35.21200621798935,-80.85521210370496,1,4,1,512750.0,3896350.0,478.38637316060937
1774709,110539687,MAPLE: TRIDENT,10.0,1,301 E KINGSTON AV,35.2119043412624,-80.85531134499402,1,4,1,512750.0,3896350.0,465.3060114409537
1774710,110539688,MAPLE: RED,15.0,1,301 E KINGSTON AV,35.211820937839846,-80.85529450777035,1,4,1,512750.0,3896350.0,462.7620823214188
1774711,110539689,MAPLE: SUGAR,4.0,1,301 E KINGSTON AV,35.21175536167346,-80.85520852637308,1,4,1,512750.0,3896350.0,466.95559323765735
1774712,110539690,MAPLE: SUGAR,4.0,1,301 E KINGSTON AV,35.21169949427303,-80.8551280614649,1,4,1,512750.0,3896350.0,471.2972885910934
1774713,110539691,MAPLE: RED,10.0,1,307 E KINGSTON AV,35.211600887507466,-80.85501823891387,1,4,1,512750.0,3896350.0,476.58989263048943
1774714,110539692,MAPLE: RED,18.0,1,315 E KINGSTON AV,35.21153854530906,-80.85493196138746,1,8,3,513650.0,3896350.0,474.9150845302209
1774715,110539693,MAPLE: RED,15.0,1,317 E KINGSTON AV,35.21144967044019,-80.85481156057868,1,8,3,513650.0,3896350.0,461.2774666896976
1774716,110539694,MAPLE: RED,24.0,1,321 E KINGSTON AV,35.21132067921032,-80.85463743942825,1,8,3,513650.0,3896350.0,441.6640852788211
1774780,110539758,CRAPEMYRTLE: SPP,4.0,1,,35.21053798582398,-80.85475806482069,1,8,3,513650.0,3896350.0,433.4753142924796
1774781,110539759,CRAPEMYRTLE: SPP,12.0,1,401 EAST BV,35.21025194705425,-80.85508246339684,1,4,1,512750.0,3896350.0,440.4748238908948
1774782,110539760,ELM: CHINESE,10.0,1,401 EAST BV,35.210188957237506,-80.85515085911105,1,4,1,512750.0,3896350.0,434.01233473977663
1774783,110539761,OAK: NORTHERN RED,19.0,1,331 EAST BV,35.210282794603685,-80.85519153977015,1,4,1,512750.0,3896350.0,430.717225964422
1774784,110539762,PRIVET SPP,2.0,1,331 EAST BV,35.21039337326552,-80.8550516542742,1,4,1,512750.0,3896350.0,444.2106607301259
1774785,110539763,OAK: NORTHERN RED,19.0,1,331 EAST BV,35.210403515578754,-80.85505348037364,1,4,1,512750.0,3896350.0,444.13317512528175
1774786,110539764,CRAPEMYRTLE: SPP,7.0,1,1712 EUCLID AV,35.210512138952254,-80.85494060369423,1,8,3,513650.0,3896350.0,449.6558364166541
1774787,110539765,CRAPEMYRTLE: SPP,10.0,1,1712 EUCLID AV,35.21055814909025,-80.8548923238142,1,8,3,513650.0,3896350.0,445.8752222523895
1774788,110539766,ELM: CHINESE,11.0,1,1712 EUCLID AV,35.21062387686983,-80.85481588127467,1,8,3,513650.0,3896350.0,439.9231894569554
1774789,110539767,CRAPEMYRTLE: SPP,10.0,1,1708 EUCLID AV,35.21071555526189,-80.8547249096062,1,8,3,513650.0,3896350.0,433.28205263374497
1774790,110539768,CRAPEMYRTLE: SPP,3.0,1,1708 EUCLID AV,35.210750610720275,-80.85468132372084,1,8,3,513650.0,3896350.0,430.0323895337891
1774872,110539850,MAPLE: RED,14.0,1,407 EAST BV,35.20996947704563,-80.85509628326754,1,4,1,512750.0,3896350.0,439.0094882263145
1774873,110539851,MAPLE: RED,15.0,1,331 EAST BV,35.210236013535685,-80.85546356061168,1,4,1,512750.0,3896350.0,405.74462546151585
1774874,110539852,MAPLE: RED,11.0,1,321 EAST BV,35.210348866406555,-80.85560705931695,1,4,1,512750.0,3896350.0,393.430169689848
1774875,110539853,OAK: WILLOW,20.0,1,317 EAST BV,35.21045186001779,-80.85577469711014,1,4,1,512750.0,3896350.0,379.2733557012686
1774876,110539854,OAK: WILLOW,48.0,1,311 EAST BV,35.21061073636539,-80.85596781582339,1,4,1,512750.0,3896350.0,364.2089331822079
1774877,110539855,MAPLE: RED,11.0,1,,35.21069183185914,-80.85608985649283,1,4,1,512750.0,3896350.0,354.84644307355086
1774878,110539856,OAK: WILLOW,14.0,1,301 EAST BV,35.210818932122635,-80.85625498975187,1,4,1,512750.0,3896350.0,343.1724088398361
1774879,110539857,OAK: WILLOW,16.0,1,301 EAST BV,35.2108868670422,-80.85635137238339,1,4,1,512750.0,3896350.0,336.5706630433169
1774880,110539858,OAK: WILLOW,10.0,1,,35.21104782866171,-80.85657757105109,1,4,1,512750.0,3896350.0,322.23392823184133
1774881,110539859,OAK: WATER,35.0,1,223 EAST BV,35.21118430684346,-80.85671317184273,1,4,1,512750.0,3896350.0,316.14368040485215
1774882,110539860,CRAPEMYRTLE: SPP,3.0,1,223 EAST BV,35.211246747490264,-80.85681509551394,1,4,1,512750.0,3896350.0,310.41755387705194
1774883,110539861,MAPLE: RED,15.0,1,219 EAST BV,35.211343826459235,-80.85694369293046,1,4,1,512750.0,3896350.0,304.59407913630315
1774884,110539862,MAPLE: RED,15.0,1,211 EAST BV,35.211436939756936,-80.85707512142126,1,4,1,512750.0,3896350.0,299.05909158970553
1774885,110539863,MAPLE: RED,12.0,1,211 EAST BV,35.211519098294616,-80.85718241035099,1,4,1,512750.0,3896350.0,295.45828196289233
1774886,110539864,CRAPEMYRTLE: SPP,2.0,1,201 EAST BV,35.2117076871969,-80.85744034925827,1,4,1,512750.0,3896350.0,288.5327021197248
1774887,110539865,CRAPEMYRTLE: SPP,2.0,1,,35.21174493276012,-80.85749533427779,1,4,1,512750.0,3896350.0,287.2694973922166
1774888,110539866,CRAPEMYRTLE: SPP,4.0,1,,35.21195662792144,-80.85777234492286,1,4,1,512750.0,3896350.0,285.02808557631704
1774889,110539867,CRAPEMYRTLE: SPP,8.0,1,,35.21198915017822,-80.8578252461554,1,4,1,512750.0,3896350.0,284.4201034998355
1774890,110539868,CRAPEMYRTLE: SPP,4.0,1,,35.2123517790076,-80.8582874804769,1,4,1,512750.0,3896350.0,291.9752687506694
1774891,110539869,CRAPEMYRTLE: SPP,1.0,1,,35.21237259256367,-80.85831966664665,1,4,1,512750.0,3896350.0,292.49801794506885
1774892,110539870,OAK: WILLOW,10.0,1,,35.21274630589231,-80.85891020078779,1,4,1,512750.0,3896350.0,309.13306626285464
1774892,110539870,OAK: WILLOW,10.0,1,,35.21274630589231,-80.85891020078779,1,4,1,512750.0,3896350.0,309.13306626285464
1774893,110539871,OAK: WILLOW,4.0,1,,35.212812032023415,-80.85902151168973,1,4,1,512750.0,3896350.0,313.3129427935186
1774893,110539871,OAK: WILLOW,4.0,1,,35.212812032023415,-80.85902151168973,1,4,1,512750.0,3896350.0,313.3129427935186
1774894,110539872,OAK: WILLOW,4.0,1,,35.21286461237398,-80.85915294054348,1,4,1,512750.0,3896350.0,316.0995082941291
1774895,110539873,ELM EMERALD,4.0,1,,35.21312761269466,-80.85974302657912,1,4,1,512750.0,3896350.0,337.8836624359018
1774896,110539874,ELM EMERALD,4.0,1,,35.21316704856514,-80.85982349231739,1,4,1,512750.0,3896350.0,341.99063659230376
1774897,110539875,ELM EMERALD,4.0,1,,35.2132119616124,-80.85990261872759,1,4,1,512750.0,3896350.0,346.8669516005345
1774898,110539876,REDBUD: EASTERN,4.0,1,,35.213236060517715,-80.85998040206525,1,4,1,512750.0,3896350.0,349.5836221096365
1774899,110539877,REDBUD: EASTERN,4.0,1,,35.213349316804255,-80.86024400337556,1,4,1,512750.0,3896350.0,363.3138175164276
1774900,110539878,REDBUD: EASTERN,4.0,1,,35.21341394670907,-80.8603499507579,1,4,1,512750.0,3896350.0,371.35550879001033
1774901,110539879,REDBUD: EASTERN,4.0,1,,35.21350924993999,-80.86055916324332,1,4,1,512750.0,3896350.0,384.2961444140538
1774902,110539880,REDBUD: EASTERN,4.0,1,,35.21345995551427,-80.86044785186397,1,4,1,512750.0,3896350.0,377.46512865957976
1774905,110539883,CRAPEMYRTLE: SPP,7.0,1,,35.21017869739021,-80.85557591528647,1,4,1,512750.0,3896350.0,395.3080384247271
1774906,110539884,CRAPEMYRTLE: SPP,6.0,1,,35.21012392277598,-80.85550081346494,1,4,1,512750.0,3896350.0,402.02907196140484
1915261,110590754,CRAPEMYRTLE: SPP,7.0,1,,35.20925851353361,-80.85665494879812,1,4,1,512750.0,3896350.0,310.7584139059996
1928063,110590830,BANANA,99.0,1,,35.227836524233396,-80.83516665529862,1,3,7,514550.0,3898550.0,503.9421585917095
1928063,110590830,BANANA,99.0,1,,35.227836524233396,-80.83516665529862,1,3,7,514550.0,3898550.0,503.9421585917095
1928064,110590831,BANANA,99.0,1,,35.227801467539486,-80.83514519781117,1,3,7,514550.0,3898550.0,507.4522009000212
1928064,110590831,BANANA,99.0,1,,35.227801467539486,-80.83514519781117,1,3,7,514550.0,3898550.0,507.4522009000212
2119334,110652921,ELM: CHINESE,10.0,1,375 DOGGETT ST,35.21221445671491,-80.86474217630845,1,4,1,512750.0,3896350.0,498.63370561360745
2119335,110652922,ELM: CHINESE,10.0,1,369 DOGGETT ST,35.212148166031376,-80.86465232305716,1,4,1,512750.0,3896350.0,487.95569235178266
2119336,110652923,ELM: CHINESE,10.0,1,363 DOGGETT ST,35.212084067453986,-80.86455911554492,1,4,1,512750.0,3896350.0,477.13469429508785
2119337,110652924,ELM: CHINESE,10.0,1,355 DOGGETT ST,35.21202270686257,-80.86444310994798,1,4,1,512750.0,3896350.0,464.6246007073844
2183735,110653279,HAWTHORN SPP,99.0,1,765 S CHURCH ST,35.223485898486636,-80.85074667031176,1,1,4,513650.0,3897450.0,393.30051252441376
2183736,110653282,HAWTHORN SPP,5.0,1,723 S CHURCH ST,35.22371870475951,-80.85043218120587,1,1,4,513650.0,3897450.0,415.153307471744
2183737,110653284,HAWTHORN SPP,5.0,1,697 S CHURCH ST,35.22385784052272,-80.85022699145648,1,1,4,513650.0,3897450.0,429.26144072060043
2183738,110653285,HAWTHORN SPP,5.0,1,685 S CHURCH ST,35.223927955760765,-80.8501257388088,1,1,4,513650.0,3897450.0,436.7122189906105
2183739,110653287,ELM: CHINESE,99.0,1,126 S CHURCH ST,35.2279779115135,-80.84450192438298,1,3,7,514550.0,3898550.0,453.4163054387169
2183740,110653289,ELM: CHINESE,4.0,1,116 S CHURCH ST,35.22805623986998,-80.84438625328232,1,3,7,514550.0,3898550.0,440.0528050651845
2183741,110653290,ELM: CHINESE,4.0,1,219 W TRADE ST,35.22823562784657,-80.84440435858879,1,3,7,514550.0,3898550.0,432.67213341027633
2183742,110653293,ELM: CHINESE,4.0,1,239 W TRADE ST,35.22839584342938,-80.84459278359743,1,3,7,514550.0,3898550.0,441.23690951331537
2183743,110653294,ELM: CHINESE,4.0,1,245 E TRADE ST,35.228448701468466,-80.84465548081312,1,3,7,514550.0,3898550.0,444.3726274621949
2184135,110653280,HAWTHORN SPP,5.0,1,753 S CHURCH ST,35.22355820530197,-80.85065748658585,1,1,4,513650.0,3897450.0,399.93079070602045
2184136,110653281,HAWTHORN SPP,5.0,1,737 S CHURCH ST,35.22364639794129,-80.85053946957582,1,1,4,513650.0,3897450.0,408.20379344725194
2184137,110653283,HAWTHORN SPP,5.0,1,711 S CHURCH ST,35.2237888205391,-80.85033025647378,1,1,4,513650.0,3897450.0,422.15737055446715
2184138,110653286,HAWTHORN SPP,5.0,1,671 S CHURCH ST,35.223999166170906,-80.85002314400082,1,1,4,513650.0,3897450.0,444.4863944527138
2184139,110653288,ELM: CHINESE,4.0,1,122 S CHURCH ST,35.228014337474754,-80.8444445921912,1,3,7,514550.0,3898550.0,446.9147344310225
2184140,110653291,ELM: CHINESE,99.0,1,225 N TRADE ST,35.22828958055879,-80.84446705507455,1,3,7,514550.0,3898550.0,435.35605765108687
2184141,110653292,ELM: CHINESE,99.0,1,231 W TRADE ST,35.22834380763889,-80.84452908098332,1,3,7,514550.0,3898550.0,438.111473869579
2184142,110653295,ELM: CHINESE,99.0,1,259 S TRADE ST,35.22858399467065,-80.84482010102762,1,3,7,514550.0,3898550.0,453.3300532615899
